:Product:20151201_Fujian_Huangmeishan_220kV_GIC.txt
:Export:2016/08/06 231751  LocalTime
# Prepared by the NCEPU 
# 
# Units GIC_DATA = A
# The positive and negative features of current data represent current direction
#
#       Real-Time GIC Data
#       福建省宁德市寿宁县黄眉山 N27.3675E119.5335
# 

# UT Date           Time
# YR  MO   DA       HHMMSS            GIC_DATA
#-------------------------------------------------------------------------------------------
2015  12  14       000000      0.06385
2015  12  14       000100      0.044219
2015  12  14       000200      0.027819
2015  12  14       000300      0.048296
2015  12  14       000400      0.033475
2015  12  14       000500      0.042067
2015  12  14       000600      0.03313
2015  12  14       000700      0.049268
2015  12  14       000800      0.034099
2015  12  14       000900      0.047765
2015  12  14       001000      0.022182
2015  12  14       001100      0.048868
2015  12  14       001200      0.044166
2015  12  14       001300      0.057184
2015  12  14       001400      0.062811
2015  12  14       001500      0.0742
2015  12  14       001600      0.048667
2015  12  14       001700      0.033451
2015  12  14       001800      0.028223
2015  12  14       001900      0.014495
2015  12  14       002000      0.007413
2015  12  14       002100      0.021266
2015  12  14       002200      0.0093079
2015  12  14       002300      0.023304
2015  12  14       002400      -0.0018623
2015  12  14       002500      0.012322
2015  12  14       002600      -0.011924
2015  12  14       002700      0.018939
2015  12  14       002800      0.0050225
2015  12  14       002900      0.013846
2015  12  14       003000      0.024411
2015  12  14       003100      0.037845
2015  12  14       003200      0.015898
2015  12  14       003300      0.026571
2015  12  14       003400      0.0096414
2015  12  14       003500      0.031418
2015  12  14       003600      0.0034909
2015  12  14       003700      0.0082314
2015  12  14       003800      -0.019561
2015  12  14       003900      -0.016916
2015  12  14       004000      -0.02301
2015  12  14       004100      -0.008759
2015  12  14       004200      -0.0042027
2015  12  14       004300      -0.013342
2015  12  14       004400      -0.015061
2015  12  14       004500      -0.020092
2015  12  14       004600      -0.007259
2015  12  14       004700      0.001109
2015  12  14       004800      0.003218
2015  12  14       004900      0.00053643
2015  12  14       005000      -0.016427
2015  12  14       005100      -0.0079061
2015  12  14       005200      -0.013715
2015  12  14       005300      -0.0058773
2015  12  14       005400      -0.013169
2015  12  14       005500      -0.0043002
2015  12  14       005600      -0.014446
2015  12  14       005700      -0.01247
2015  12  14       005800      -0.014408
2015  12  14       005900      -0.047748
2015  12  14       010000      -0.071863
2015  12  14       010100      -0.082644
2015  12  14       010200      -0.085886
2015  12  14       010300      -0.076313
2015  12  14       010400      -0.094684
2015  12  14       010500      -0.085144
2015  12  14       010600      -0.088362
2015  12  14       010700      -0.0901
2015  12  14       010800      -0.10682
2015  12  14       010900      -0.10511
2015  12  14       011000      -0.13149
2015  12  14       011100      -0.12197
2015  12  14       011200      -0.12404
2015  12  14       011300      -0.12161
2015  12  14       011400      -0.14107
2015  12  14       011500      -0.12667
2015  12  14       011600      -0.14157
2015  12  14       011700      -0.12997
2015  12  14       011800      -0.1561
2015  12  14       011900      -0.14343
2015  12  14       012000      -0.14694
2015  12  14       012100      -0.13361
2015  12  14       012200      -0.13882
2015  12  14       012300      -0.11143
2015  12  14       012400      -0.1141
2015  12  14       012500      -0.10002
2015  12  14       012600      -0.11229
2015  12  14       012700      -0.075285
2015  12  14       012800      -0.080855
2015  12  14       012900      -0.057203
2015  12  14       013000      -0.068377
2015  12  14       013100      -0.071465
2015  12  14       013200      -0.093457
2015  12  14       013300      -0.066542
2015  12  14       013400      -0.083845
2015  12  14       013500      -0.097743
2015  12  14       013600      -0.10656
2015  12  14       013700      -0.099529
2015  12  14       013800      -0.1081
2015  12  14       013900      -0.11361
2015  12  14       014000      -0.10925
2015  12  14       014100      -0.093195
2015  12  14       014200      -0.10464
2015  12  14       014300      -0.092185
2015  12  14       014400      -0.10327
2015  12  14       014500      -0.081156
2015  12  14       014600      -0.064016
2015  12  14       014700      -0.057643
2015  12  14       014800      -0.04932
2015  12  14       014900      -0.034807
2015  12  14       015000      -0.055256
2015  12  14       015100      -0.036537
2015  12  14       015200      -0.039504
2015  12  14       015300      -0.037509
2015  12  14       015400      -0.039848
2015  12  14       015500      -0.01634
2015  12  14       015600      -0.0020047
2015  12  14       015700      -0.00072176
2015  12  14       015800      -0.0096375
2015  12  14       015900      0.013185
2015  12  14       020000      -0.026108
2015  12  14       020100      -0.0033094
2015  12  14       020200      0.0038204
2015  12  14       020300      0.041881
2015  12  14       020400      0.0062474
2015  12  14       020500      0.020329
2015  12  14       020600      -0.014209
2015  12  14       020700      0.022527
2015  12  14       020800      0.012671
2015  12  14       020900      0.014263
2015  12  14       021000      0.00105
2015  12  14       021100      0.033237
2015  12  14       021200      0.0067496
2015  12  14       021300      0.0057422
2015  12  14       021400      0.01025
2015  12  14       021500      0.033186
2015  12  14       021600      0.024695
2015  12  14       021700      0.034292
2015  12  14       021800      0.02092
2015  12  14       021900      0.0052034
2015  12  14       022000      -0.026887
2015  12  14       022100      -0.015911
2015  12  14       022200      -0.04491
2015  12  14       022300      -0.04404
2015  12  14       022400      -0.048918
2015  12  14       022500      -0.050132
2015  12  14       022600      -0.053106
2015  12  14       022700      -0.069879
2015  12  14       022800      -0.077634
2015  12  14       022900      -0.079537
2015  12  14       023000      -0.084119
2015  12  14       023100      -0.075082
2015  12  14       023200      -0.11068
2015  12  14       023300      -0.10111
2015  12  14       023400      -0.096113
2015  12  14       023500      -0.085334
2015  12  14       023600      -0.084584
2015  12  14       023700      -0.078384
2015  12  14       023800      -0.090525
2015  12  14       023900      -0.07671
2015  12  14       024000      -0.10209
2015  12  14       024100      -0.11338
2015  12  14       024200      -0.10262
2015  12  14       024300      -0.098132
2015  12  14       024400      -0.12091
2015  12  14       024500      -0.098855
2015  12  14       024600      -0.13824
2015  12  14       024700      -0.11497
2015  12  14       024800      -0.12572
2015  12  14       024900      -0.084899
2015  12  14       025000      -0.13259
2015  12  14       025100      -0.10386
2015  12  14       025200      -0.15385
2015  12  14       025300      -0.12907
2015  12  14       025400      -0.12928
2015  12  14       025500      -0.13868
2015  12  14       025600      -0.13407
2015  12  14       025700      -0.11673
2015  12  14       025800      -0.13508
2015  12  14       025900      -0.076981
2015  12  14       030000      -0.091699
2015  12  14       030100      -0.084201
2015  12  14       030200      -0.10474
2015  12  14       030300      -0.097983
2015  12  14       030400      -0.082573
2015  12  14       030500      -0.050516
2015  12  14       030600      -0.045818
2015  12  14       030700      -0.014335
2015  12  14       030800      -0.038701
2015  12  14       030900      -0.0025941
2015  12  14       031000      -0.008472
2015  12  14       031100      0.016522
2015  12  14       031200      0.014645
2015  12  14       031300      0.010901
2015  12  14       031400      0.0092297
2015  12  14       031500      0.020766
2015  12  14       031600      0.018687
2015  12  14       031700      0.044667
2015  12  14       031800      0.045175
2015  12  14       031900      0.071956
2015  12  14       032000      0.079949
2015  12  14       032100      0.07171
2015  12  14       032200      0.068267
2015  12  14       032300      0.087706
2015  12  14       032400      0.069095
2015  12  14       032500      0.09966
2015  12  14       032600      0.083477
2015  12  14       032700      0.09319
2015  12  14       032800      0.094456
2015  12  14       032900      0.095209
2015  12  14       033000      0.079025
2015  12  14       033100      0.10249
2015  12  14       033200      0.06881
2015  12  14       033300      0.073759
2015  12  14       033400      0.087852
2015  12  14       033500      0.091582
2015  12  14       033600      0.078383
2015  12  14       033700      0.086396
2015  12  14       033800      0.072211
2015  12  14       033900      0.059258
2015  12  14       034000      0.039336
2015  12  14       034100      0.056353
2015  12  14       034200      0.024893
2015  12  14       034300      0.045224
2015  12  14       034400      0.035925
2015  12  14       034500      0.050333
2015  12  14       034600      0.058765
2015  12  14       034700      0.084484
2015  12  14       034800      0.075306
2015  12  14       034900      0.05381
2015  12  14       035000      0.060855
2015  12  14       035100      0.055406
2015  12  14       035200      0.044396
2015  12  14       035300      0.059066
2015  12  14       035400      0.036477
2015  12  14       035500      0.069231
2015  12  14       035600      0.066617
2015  12  14       035700      0.086139
2015  12  14       035800      0.095781
2015  12  14       035900      0.099687
2015  12  14       040000      0.078561
2015  12  14       040100      0.078904
2015  12  14       040200      0.095266
2015  12  14       040300      0.10501
2015  12  14       040400      0.098941
2015  12  14       040500      0.12846
2015  12  14       040600      0.10405
2015  12  14       040700      0.12219
2015  12  14       040800      0.12461
2015  12  14       040900      0.13528
2015  12  14       041000      0.13106
2015  12  14       041100      0.16656
2015  12  14       041200      0.16698
2015  12  14       041300      0.17658
2015  12  14       041400      0.16155
2015  12  14       041500      0.16754
2015  12  14       041600      0.16355
2015  12  14       041700      0.16828
2015  12  14       041800      0.16188
2015  12  14       041900      0.17914
2015  12  14       042000      0.1737
2015  12  14       042100      0.18213
2015  12  14       042200      0.15037
2015  12  14       042300      0.14136
2015  12  14       042400      0.15065
2015  12  14       042500      0.15047
2015  12  14       042600      0.15503
2015  12  14       042700      0.15194
2015  12  14       042800      0.1501
2015  12  14       042900      0.15492
2015  12  14       043000      0.1363
2015  12  14       043100      0.12896
2015  12  14       043200      0.13505
2015  12  14       043300      0.13868
2015  12  14       043400      0.12076
2015  12  14       043500      0.12635
2015  12  14       043600      0.13667
2015  12  14       043700      0.13695
2015  12  14       043800      0.12168
2015  12  14       043900      0.12313
2015  12  14       044000      0.12279
2015  12  14       044100      0.1309
2015  12  14       044200      0.11254
2015  12  14       044300      0.10003
2015  12  14       044400      0.086302
2015  12  14       044500      0.098301
2015  12  14       044600      0.081593
2015  12  14       044700      0.098188
2015  12  14       044800      0.097642
2015  12  14       044900      0.11454
2015  12  14       045000      0.1259
2015  12  14       045100      0.1381
2015  12  14       045200      0.13171
2015  12  14       045300      0.14175
2015  12  14       045400      0.13683
2015  12  14       045500      0.14614
2015  12  14       045600      0.14075
2015  12  14       045700      0.13645
2015  12  14       045800      0.10303
2015  12  14       045900      0.09823
2015  12  14       050000      0.08293
2015  12  14       050100      0.059361
2015  12  14       050200      0.027094
2015  12  14       050300      0.030263
2015  12  14       050400      0.021854
2015  12  14       050500      0.033767
2015  12  14       050600      0.028499
2015  12  14       050700      0.053851
2015  12  14       050800      0.060811
2015  12  14       050900      0.072135
2015  12  14       051000      0.071117
2015  12  14       051100      0.074172
2015  12  14       051200      0.093129
2015  12  14       051300      0.11423
2015  12  14       051400      0.10437
2015  12  14       051500      0.10602
2015  12  14       051600      0.094215
2015  12  14       051700      0.10665
2015  12  14       051800      0.10617
2015  12  14       051900      0.1194
2015  12  14       052000      0.11821
2015  12  14       052100      0.14264
2015  12  14       052200      0.11976
2015  12  14       052300      0.14858
2015  12  14       052400      0.14226
2015  12  14       052500      0.16948
2015  12  14       052600      0.13315
2015  12  14       052700      0.13544
2015  12  14       052800      0.1185
2015  12  14       052900      0.1092
2015  12  14       053000      0.096957
2015  12  14       053100      0.10163
2015  12  14       053200      0.080092
2015  12  14       053300      0.092342
2015  12  14       053400      0.065465
2015  12  14       053500      0.057416
2015  12  14       053600      0.040488
2015  12  14       053700      0.056518
2015  12  14       053800      0.012873
2015  12  14       053900      0.028059
2015  12  14       054000      0.022982
2015  12  14       054100      0.028085
2015  12  14       054200      0.039043
2015  12  14       054300      0.0363
2015  12  14       054400      0.026961
2015  12  14       054500      0.028745
2015  12  14       054600      0.022173
2015  12  14       054700      0.031425
2015  12  14       054800      0.0097195
2015  12  14       054900      0.018569
2015  12  14       055000      9.77E-05
2015  12  14       055100      0.020839
2015  12  14       055200      0.0042858
2015  12  14       055300      0.017368
2015  12  14       055400      -0.0065985
2015  12  14       055500      0.0028645
2015  12  14       055600      -0.0027146
2015  12  14       055700      0.01877
2015  12  14       055800      -0.0059132
2015  12  14       055900      0.025633
2015  12  14       060000      0.0053463
2015  12  14       060100      0.055535
2015  12  14       060200      0.024484
2015  12  14       060300      0.059142
2015  12  14       060400      0.031627
2015  12  14       060500      0.049245
2015  12  14       060600      0.024903
2015  12  14       060700      0.069673
2015  12  14       060800      0.033153
2015  12  14       060900      0.060346
2015  12  14       061000      0.037027
2015  12  14       061100      0.065394
2015  12  14       061200      0.048842
2015  12  14       061300      0.067072
2015  12  14       061400      0.055527
2015  12  14       061500      0.082929
2015  12  14       061600      0.08871
2015  12  14       061700      0.098054
2015  12  14       061800      0.082604
2015  12  14       061900      0.067442
2015  12  14       062000      0.073234
2015  12  14       062100      0.075283
2015  12  14       062200      0.050906
2015  12  14       062300      0.052593
2015  12  14       062400      0.044052
2015  12  14       062500      0.04317
2015  12  14       062600      0.041385
2015  12  14       062700      0.059435
2015  12  14       062800      0.033046
2015  12  14       062900      0.05192
2015  12  14       063000      0.042221
2015  12  14       063100      0.079116
2015  12  14       063200      0.059598
2015  12  14       063300      0.081026
2015  12  14       063400      0.083482
2015  12  14       063500      0.098932
2015  12  14       063600      0.08449
2015  12  14       063700      0.088077
2015  12  14       063800      0.091692
2015  12  14       063900      0.12134
2015  12  14       064000      0.11161
2015  12  14       064100      0.10658
2015  12  14       064200      0.093086
2015  12  14       064300      0.095407
2015  12  14       064400      0.08719
2015  12  14       064500      0.086314
2015  12  14       064600      0.064891
2015  12  14       064700      0.054544
2015  12  14       064800      0.047944
2015  12  14       064900      0.064805
2015  12  14       065000      0.048457
2015  12  14       065100      0.044909
2015  12  14       065200      0.042979
2015  12  14       065300      0.042844
2015  12  14       065400      0.034884
2015  12  14       065500      0.040248
2015  12  14       065600      0.043516
2015  12  14       065700      0.015541
2015  12  14       065800      0.0042481
2015  12  14       065900      -9.02E-05
2015  12  14       070000      -0.01984
2015  12  14       070100      -0.024654
2015  12  14       070200      -0.023353
2015  12  14       070300      -0.020068
2015  12  14       070400      -0.036803
2015  12  14       070500      -0.049716
2015  12  14       070600      -0.05907
2015  12  14       070700      -0.04703
2015  12  14       070800      -0.078176
2015  12  14       070900      -0.068432
2015  12  14       071000      -0.070693
2015  12  14       071100      -0.068328
2015  12  14       071200      -0.083296
2015  12  14       071300      -0.077704
2015  12  14       071400      -0.087451
2015  12  14       071500      -0.084984
2015  12  14       071600      -0.096055
2015  12  14       071700      -0.08098
2015  12  14       071800      -0.089923
2015  12  14       071900      -0.071549
2015  12  14       072000      -0.083287
2015  12  14       072100      -0.091733
2015  12  14       072200      -0.097529
2015  12  14       072300      -0.088057
2015  12  14       072400      -0.11393
2015  12  14       072500      -0.08712
2015  12  14       072600      -0.089484
2015  12  14       072700      -0.074068
2015  12  14       072800      -0.088096
2015  12  14       072900      -0.092965
2015  12  14       073000      -0.10076
2015  12  14       073100      -0.090152
2015  12  14       073200      -0.096972
2015  12  14       073300      -0.085749
2015  12  14       073400      -0.068848
2015  12  14       073500      -0.081828
2015  12  14       073600      -0.097135
2015  12  14       073700      -0.085976
2015  12  14       073800      -0.080927
2015  12  14       073900      -0.071995
2015  12  14       074000      -0.053532
2015  12  14       074100      -0.049786
2015  12  14       074200      -0.02797
2015  12  14       074300      -0.010382
2015  12  14       074400      -0.024886
2015  12  14       074500      -0.019716
2015  12  14       074600      -0.043461
2015  12  14       074700      -0.051186
2015  12  14       074800      -0.041395
2015  12  14       074900      -0.023102
2015  12  14       075000      -0.039517
2015  12  14       075100      -0.048407
2015  12  14       075200      -0.066492
2015  12  14       075300      -0.037442
2015  12  14       075400      -0.081866
2015  12  14       075500      -0.069435
2015  12  14       075600      -0.11499
2015  12  14       075700      -0.09764
2015  12  14       075800      -0.10572
2015  12  14       075900      -0.077329
2015  12  14       080000      -0.091219
2015  12  14       080100      -0.087817
2015  12  14       080200      -0.08035
2015  12  14       080300      -0.075819
2015  12  14       080400      -0.068733
2015  12  14       080500      -0.064905
2015  12  14       080600      -0.075267
2015  12  14       080700      -0.088821
2015  12  14       080800      -0.10418
2015  12  14       080900      -0.10931
2015  12  14       081000      -0.11867
2015  12  14       081100      -0.1062
2015  12  14       081200      -0.083744
2015  12  14       081300      -0.073287
2015  12  14       081400      -0.066267
2015  12  14       081500      -0.054322
2015  12  14       081600      -0.068789
2015  12  14       081700      -0.074133
2015  12  14       081800      -0.073358
2015  12  14       081900      -0.077217
2015  12  14       082000      -0.083089
2015  12  14       082100      -0.062098
2015  12  14       082200      -0.068673
2015  12  14       082300      -0.050347
2015  12  14       082400      -0.065813
2015  12  14       082500      -0.04494
2015  12  14       082600      -0.049493
2015  12  14       082700      -0.04941
2015  12  14       082800      -0.066804
2015  12  14       082900      -0.056572
2015  12  14       083000      -0.077768
2015  12  14       083100      -0.073807
2015  12  14       083200      -0.091857
2015  12  14       083300      -0.058382
2015  12  14       083400      -0.086867
2015  12  14       083500      -0.08702
2015  12  14       083600      -0.093227
2015  12  14       083700      -0.087912
2015  12  14       083800      -0.10286
2015  12  14       083900      -0.10694
2015  12  14       084000      -0.10687
2015  12  14       084100      -0.11009
2015  12  14       084200      -0.12621
2015  12  14       084300      -0.13874
2015  12  14       084400      -0.13625
2015  12  14       084500      -0.1388
2015  12  14       084600      -0.15176
2015  12  14       084700      -0.14925
2015  12  14       084800      -0.15301
2015  12  14       084900      -0.14899
2015  12  14       085000      -0.14453
2015  12  14       085100      -0.16185
2015  12  14       085200      -0.16491
2015  12  14       085300      -0.1695
2015  12  14       085400      -0.18768
2015  12  14       085500      -0.1532
2015  12  14       085600      -0.17247
2015  12  14       085700      -0.1315
2015  12  14       085800      -0.15054
2015  12  14       085900      -0.12478
2015  12  14       090000      -0.14345
2015  12  14       090100      -0.14919
2015  12  14       090200      -0.16594
2015  12  14       090300      -0.14889
2015  12  14       090400      -0.14271
2015  12  14       090500      -0.15734
2015  12  14       090600      -0.1547
2015  12  14       090700      -0.14282
2015  12  14       090800      -0.15561
2015  12  14       090900      -0.13967
2015  12  14       091000      -0.15455
2015  12  14       091100      -0.16224
2015  12  14       091200      -0.17146
2015  12  14       091300      -0.18367
2015  12  14       091400      -0.18289
2015  12  14       091500      -0.18612
2015  12  14       091600      -0.17912
2015  12  14       091700      -0.1462
2015  12  14       091800      -0.14135
2015  12  14       091900      -0.10199
2015  12  14       092000      -0.088584
2015  12  14       092100      -0.074388
2015  12  14       092200      -0.07542
2015  12  14       092300      -0.077168
2015  12  14       092400      -0.068502
2015  12  14       092500      -0.038408
2015  12  14       092600      -0.01593
2015  12  14       092700      0.0086909
2015  12  14       092800      0.001901
2015  12  14       092900      0.020794
2015  12  14       093000      0.02574
2015  12  14       093100      0.03535
2015  12  14       093200      0.03252
2015  12  14       093300      0.033981
2015  12  14       093400      0.028587
2015  12  14       093500      0.044194
2015  12  14       093600      0.039308
2015  12  14       093700      0.035513
2015  12  14       093800      0.018058
2015  12  14       093900      0.026634
2015  12  14       094000      0.0022393
2015  12  14       094100      -0.012091
2015  12  14       094200      -0.017968
2015  12  14       094300      -0.0024214
2015  12  14       094400      -0.029355
2015  12  14       094500      -0.037039
2015  12  14       094600      -0.06242
2015  12  14       094700      -0.072442
2015  12  14       094800      -0.075908
2015  12  14       094900      -0.065836
2015  12  14       095000      -0.08331
2015  12  14       095100      -0.08146
2015  12  14       095200      -0.098569
2015  12  14       095300      -0.091043
2015  12  14       095400      -0.088781
2015  12  14       095500      -0.085129
2015  12  14       095600      -0.09279
2015  12  14       095700      -0.083036
2015  12  14       095800      -0.077979
2015  12  14       095900      -0.069409
2015  12  14       100000      -0.083736
2015  12  14       100100      -0.0848
2015  12  14       100200      -0.102
2015  12  14       100300      -0.092836
2015  12  14       100400      -0.078201
2015  12  14       100500      -0.083207
2015  12  14       100600      -0.076429
2015  12  14       100700      -0.070103
2015  12  14       100800      -0.070935
2015  12  14       100900      -0.07305
2015  12  14       101000      -0.065738
2015  12  14       101100      -0.047644
2015  12  14       101200      -0.053475
2015  12  14       101300      -0.056613
2015  12  14       101400      -0.046721
2015  12  14       101500      -0.041222
2015  12  14       101600      -0.052445
2015  12  14       101700      -0.040972
2015  12  14       101800      -0.05542
2015  12  14       101900      -0.039717
2015  12  14       102000      -0.05903
2015  12  14       102100      -0.034589
2015  12  14       102200      -0.031896
2015  12  14       102300      -0.017097
2015  12  14       102400      -0.0031343
2015  12  14       102500      0.003725
2015  12  14       102600      0.015311
2015  12  14       102700      0.016558
2015  12  14       102800      0.016437
2015  12  14       102900      0.016571
2015  12  14       103000      0.003219
2015  12  14       103100      -0.0031791
2015  12  14       103200      -0.0166
2015  12  14       103300      -0.0092992
2015  12  14       103400      -0.021426
2015  12  14       103500      0.0077055
2015  12  14       103600      -0.0064568
2015  12  14       103700      0.016454
2015  12  14       103800      -0.010491
2015  12  14       103900      0.0012052
2015  12  14       104000      -0.034617
2015  12  14       104100      -0.017934
2015  12  14       104200      -0.028074
2015  12  14       104300      -0.0090342
2015  12  14       104400      -0.019461
2015  12  14       104500      -0.00046357
2015  12  14       104600      -0.011841
2015  12  14       104700      -0.010671
2015  12  14       104800      -0.001185
2015  12  14       104900      -0.013693
2015  12  14       105000      0.0012874
2015  12  14       105100      -0.012608
2015  12  14       105200      0.0061965
2015  12  14       105300      -0.020775
2015  12  14       105400      0.0038447
2015  12  14       105500      -0.006735
2015  12  14       105600      -0.0046417
2015  12  14       105700      -0.017157
2015  12  14       105800      -0.03029
2015  12  14       105900      -0.035199
2015  12  14       110000      -0.039734
2015  12  14       110100      -0.024062
2015  12  14       110200      -0.04611
2015  12  14       110300      -0.0082788
2015  12  14       110400      -0.03289
2015  12  14       110500      0.020109
2015  12  14       110600      -0.012662
2015  12  14       110700      0.011867
2015  12  14       110800      -2.66E-05
2015  12  14       110900      -0.0020684
2015  12  14       111000      -0.0048759
2015  12  14       111100      -0.0032804
2015  12  14       111200      -0.0077447
2015  12  14       111300      0.014197
2015  12  14       111400      0.0051493
2015  12  14       111500      0.0088722
2015  12  14       111600      -0.028139
2015  12  14       111700      -0.024854
2015  12  14       111800      -0.04446
2015  12  14       111900      -0.019325
2015  12  14       112000      -0.0031263
2015  12  14       112100      0.0034622
2015  12  14       112200      0.020418
2015  12  14       112300      0.030353
2015  12  14       112400      0.046604
2015  12  14       112500      0.025819
2015  12  14       112600      0.042666
2015  12  14       112700      0.060926
2015  12  14       112800      0.0634
2015  12  14       112900      0.057558
2015  12  14       113000      0.017485
2015  12  14       113100      0.053139
2015  12  14       113200      0.06964
2015  12  14       113300      0.087864
2015  12  14       113400      0.048535
2015  12  14       113500      0.051262
2015  12  14       113600      0.041551
2015  12  14       113700      0.070577
2015  12  14       113800      0.053181
2015  12  14       113900      0.047945
2015  12  14       114000      0.050384
2015  12  14       114100      0.054071
2015  12  14       114200      0.041964
2015  12  14       114300      0.028969
2015  12  14       114400      0.0031044
2015  12  14       114500      0.018646
2015  12  14       114600      0.024695
2015  12  14       114700      0.04543
2015  12  14       114800      0.021125
2015  12  14       114900      0.041359
2015  12  14       115000      0.0017658
2015  12  14       115100      0.034663
2015  12  14       115200      -0.00093521
2015  12  14       115300      0.015666
2015  12  14       115400      0.018732
2015  12  14       115500      0.032285
2015  12  14       115600      -0.0032818
2015  12  14       115700      0.015508
2015  12  14       115800      -0.0033137
2015  12  14       115900      0.012757
2015  12  14       120000      -0.0032894
2015  12  14       120100      0.039875
2015  12  14       120200      0.037815
2015  12  14       120300      0.065482
2015  12  14       120400      0.059911
2015  12  14       120500      0.087595
2015  12  14       120600      0.10159
2015  12  14       120700      0.12074
2015  12  14       120800      0.071833
2015  12  14       120900      0.074706
2015  12  14       121000      0.098888
2015  12  14       121100      0.14597
2015  12  14       121200      0.13926
2015  12  14       121300      0.15602
2015  12  14       121400      0.15365
2015  12  14       121500      0.15171
2015  12  14       121600      0.10498
2015  12  14       121700      0.10655
2015  12  14       121800      0.048149
2015  12  14       121900      0.037848
2015  12  14       122000      0.032801
2015  12  14       122100      0.054229
2015  12  14       122200      0.046516
2015  12  14       122300      0.039716
2015  12  14       122400      0.026465
2015  12  14       122500      0.035239
2015  12  14       122600      0.016267
2015  12  14       122700      0.023997
2015  12  14       122800      0.01553
2015  12  14       122900      0.035858
2015  12  14       123000      0.00061345
2015  12  14       123100      0.0064119
2015  12  14       123200      -0.030829
2015  12  14       123300      -0.016172
2015  12  14       123400      -0.054095
2015  12  14       123500      -0.021282
2015  12  14       123600      -0.050963
2015  12  14       123700      -0.0070531
2015  12  14       123800      -0.016415
2015  12  14       123900      -0.0044896
2015  12  14       124000      0.004096
2015  12  14       124100      0.012013
2015  12  14       124200      -0.00047558
2015  12  14       124300      0.026392
2015  12  14       124400      -0.010368
2015  12  14       124500      0.02235
2015  12  14       124600      0.015824
2015  12  14       124700      0.02889
2015  12  14       124800      0.034031
2015  12  14       124900      0.058983
2015  12  14       125000      0.044237
2015  12  14       125100      0.076256
2015  12  14       125200      0.034462
2015  12  14       125300      0.039145
2015  12  14       125400      -0.010006
2015  12  14       125500      0.0082457
2015  12  14       125600      0.038978
2015  12  14       125700      0.068512
2015  12  14       125800      0.075903
2015  12  14       125900      0.093039
2015  12  14       130000      0.07929
2015  12  14       130100      0.10907
2015  12  14       130200      0.08238
2015  12  14       130300      0.084448
2015  12  14       130400      0.040802
2015  12  14       130500      0.030061
2015  12  14       130600      0.02373
2015  12  14       130700      -0.024618
2015  12  14       130800      -0.038273
2015  12  14       130900      -0.052043
2015  12  14       131000      -0.085278
2015  12  14       131100      -0.092953
2015  12  14       131200      -0.11409
2015  12  14       131300      -0.091688
2015  12  14       131400      -0.10865
2015  12  14       131500      -0.049757
2015  12  14       131600      -0.041669
2015  12  14       131700      0.025255
2015  12  14       131800      0.03271
2015  12  14       131900      0.071034
2015  12  14       132000      0.076343
2015  12  14       132100      0.21281
2015  12  14       132200      0.46556
2015  12  14       132300      0.68492
2015  12  14       132400      0.79378
2015  12  14       132500      0.81244
2015  12  14       132600      0.69017
2015  12  14       132700      0.56194
2015  12  14       132800      0.45823
2015  12  14       132900      0.37654
2015  12  14       133000      0.29569
2015  12  14       133100      0.20317
2015  12  14       133200      0.15453
2015  12  14       133300      0.14749
2015  12  14       133400      0.10036
2015  12  14       133500      0.078826
2015  12  14       133600      0.025909
2015  12  14       133700      -0.043939
2015  12  14       133800      -0.088557
2015  12  14       133900      -0.11277
2015  12  14       134000      -0.16348
2015  12  14       134100      -0.17663
2015  12  14       134200      -0.20432
2015  12  14       134300      -0.21495
2015  12  14       134400      -0.25768
2015  12  14       134500      -0.26443
2015  12  14       134600      -0.25539
2015  12  14       134700      -0.21896
2015  12  14       134800      -0.21716
2015  12  14       134900      -0.20996
2015  12  14       135000      -0.18522
2015  12  14       135100      -0.13847
2015  12  14       135200      -0.1723
2015  12  14       135300      -0.15756
2015  12  14       135400      -0.12608
2015  12  14       135500      -0.16568
2015  12  14       135600      -0.19713
2015  12  14       135700      -0.15105
2015  12  14       135800      -0.14762
2015  12  14       135900      -0.13345
2015  12  14       140000      -0.14667
2015  12  14       140100      -0.053494
2015  12  14       140200      -0.060335
2015  12  14       140300      -0.077907
2015  12  14       140400      -0.11704
2015  12  14       140500      -0.1215
2015  12  14       140600      -0.13907
2015  12  14       140700      -0.1667
2015  12  14       140800      -0.20465
2015  12  14       140900      -0.16758
2015  12  14       141000      -0.16483
2015  12  14       141100      -0.1562
2015  12  14       141200      -0.18185
2015  12  14       141300      -0.16852
2015  12  14       141400      -0.17159
2015  12  14       141500      -0.13723
2015  12  14       141600      -0.11839
2015  12  14       141700      -0.099571
2015  12  14       141800      -0.088447
2015  12  14       141900      -0.050993
2015  12  14       142000      -0.049802
2015  12  14       142100      -0.022258
2015  12  14       142200      -0.019621
2015  12  14       142300      -0.018477
2015  12  14       142400      -0.022253
2015  12  14       142500      -0.020261
2015  12  14       142600      0.0057832
2015  12  14       142700      0.090233
2015  12  14       142800      0.19985
2015  12  14       142900      0.31326
2015  12  14       143000      0.41419
2015  12  14       143100      0.35079
2015  12  14       143200      0.27577
2015  12  14       143300      0.22521
2015  12  14       143400      0.14071
2015  12  14       143500      0.0087595
2015  12  14       143600      -0.066111
2015  12  14       143700      -0.059657
2015  12  14       143800      0.023984
2015  12  14       143900      0.12005
2015  12  14       144000      0.12339
2015  12  14       144100      0.18541
2015  12  14       144200      0.2777
2015  12  14       144300      0.30289
2015  12  14       144400      0.27407
2015  12  14       144500      0.33126
2015  12  14       144600      0.34647
2015  12  14       144700      0.3227
2015  12  14       144800      0.26376
2015  12  14       144900      0.23959
2015  12  14       145000      0.1527
2015  12  14       145100      0.15704
2015  12  14       145200      0.18814
2015  12  14       145300      0.18225
2015  12  14       145400      0.15214
2015  12  14       145500      0.1167
2015  12  14       145600      0.047834
2015  12  14       145700      0.064411
2015  12  14       145800      0.060853
2015  12  14       145900      0.10644
2015  12  14       150000      0.23311
2015  12  14       150100      0.40907
2015  12  14       150200      0.46975
2015  12  14       150300      0.51459
2015  12  14       150400      0.49874
2015  12  14       150500      0.48468
2015  12  14       150600      0.44095
2015  12  14       150700      0.46265
2015  12  14       150800      0.44818
2015  12  14       150900      0.56809
2015  12  14       151000      0.65016
2015  12  14       151100      0.57789
2015  12  14       151200      0.42226
2015  12  14       151300      0.34917
2015  12  14       151400      0.25882
2015  12  14       151500      0.17005
2015  12  14       151600      0.1423
2015  12  14       151700      0.20605
2015  12  14       151800      0.20369
2015  12  14       151900      0.21114
2015  12  14       152000      0.30589
2015  12  14       152100      0.51024
2015  12  14       152200      0.52195
2015  12  14       152300      0.49832
2015  12  14       152400      0.49145
2015  12  14       152500      0.45449
2015  12  14       152600      0.31302
2015  12  14       152700      0.064093
2015  12  14       152800      -0.13007
2015  12  14       152900      -0.35139
2015  12  14       153000      -0.48131
2015  12  14       153100      -0.36995
2015  12  14       153200      -0.29035
2015  12  14       153300      -0.28714
2015  12  14       153400      -0.36733
2015  12  14       153500      -0.28382
2015  12  14       153600      -0.13288
2015  12  14       153700      0.044056
2015  12  14       153800      0.15521
2015  12  14       153900      0.22394
2015  12  14       154000      0.19424
2015  12  14       154100      0.23118
2015  12  14       154200      0.21747
2015  12  14       154300      0.11258
2015  12  14       154400      0.046914
2015  12  14       154500      0.066308
2015  12  14       154600      0.050212
2015  12  14       154700      -0.051206
2015  12  14       154800      -0.1529
2015  12  14       154900      -0.18167
2015  12  14       155000      -0.21081
2015  12  14       155100      -0.2289
2015  12  14       155200      -0.15496
2015  12  14       155300      -0.24928
2015  12  14       155400      -0.37281
2015  12  14       155500      -0.28562
2015  12  14       155600      -0.27776
2015  12  14       155700      -0.17792
2015  12  14       155800      -0.19627
2015  12  14       155900      -0.30712
2015  12  14       160000      -0.35797
2015  12  14       160100      -0.1984
2015  12  14       160200      -0.14435
2015  12  14       160300      -0.14158
2015  12  14       160400      -0.17541
2015  12  14       160500      -0.14763
2015  12  14       160600      -0.041223
2015  12  14       160700      -0.021392
2015  12  14       160800      -0.14283
2015  12  14       160900      -0.287
2015  12  14       161000      -0.3998
2015  12  14       161100      -0.39831
2015  12  14       161200      -0.32261
2015  12  14       161300      -0.20624
2015  12  14       161400      -0.11728
2015  12  14       161500      -0.028644
2015  12  14       161600      0.021583
2015  12  14       161700      0.086067
2015  12  14       161800      0.22671
2015  12  14       161900      0.33475
2015  12  14       162000      0.30172
2015  12  14       162100      0.121
2015  12  14       162200      -0.15921
2015  12  14       162300      -0.40089
2015  12  14       162400      -0.70553
2015  12  14       162500      -0.77321
2015  12  14       162600      -0.67372
2015  12  14       162700      -0.5433
2015  12  14       162800      -0.50152
2015  12  14       162900      -0.45093
2015  12  14       163000      -0.38006
2015  12  14       163100      -0.36583
2015  12  14       163200      -0.44316
2015  12  14       163300      -0.54798
2015  12  14       163400      -0.68233
2015  12  14       163500      -0.80023
2015  12  14       163600      -0.74098
2015  12  14       163700      -0.57417
2015  12  14       163800      -0.57916
2015  12  14       163900      -0.55916
2015  12  14       164000      -0.53735
2015  12  14       164100      -0.54988
2015  12  14       164200      -0.64541
2015  12  14       164300      -0.68311
2015  12  14       164400      -0.7307
2015  12  14       164500      -0.79503
2015  12  14       164600      -0.86515
2015  12  14       164700      -0.89539
2015  12  14       164800      -0.89845
2015  12  14       164900      -0.85528
2015  12  14       165000      -0.80934
2015  12  14       165100      -0.87969
2015  12  14       165200      -0.86184
2015  12  14       165300      -0.68357
2015  12  14       165400      -0.52155
2015  12  14       165500      -0.36612
2015  12  14       165600      -0.33852
2015  12  14       165700      -0.45391
2015  12  14       165800      -0.79777
2015  12  14       165900      -1.1503
2015  12  14       170000      -1.4051
2015  12  14       170100      -1.4824
2015  12  14       170200      -1.3511
2015  12  14       170300      -1.2648
2015  12  14       170400      -1.1621
2015  12  14       170500      -1.1645
2015  12  14       170600      -1.1452
2015  12  14       170700      -1.0485
2015  12  14       170800      -1.015
2015  12  14       170900      -0.99479
2015  12  14       171000      -0.97283
2015  12  14       171100      -1.0024
2015  12  14       171200      -0.96998
2015  12  14       171300      -1.039
2015  12  14       171400      -1.1885
2015  12  14       171500      -1.2352
2015  12  14       171600      -1.2116
2015  12  14       171700      -1.2087
2015  12  14       171800      -1.1329
2015  12  14       171900      -1.0555
2015  12  14       172000      -1.0578
2015  12  14       172100      -0.93865
2015  12  14       172200      -0.72931
2015  12  14       172300      -0.6021
2015  12  14       172400      -0.5498
2015  12  14       172500      -0.493
2015  12  14       172600      -0.52912
2015  12  14       172700      -0.5934
2015  12  14       172800      -0.65366
2015  12  14       172900      -0.66253
2015  12  14       173000      -0.6667
2015  12  14       173100      -0.63392
2015  12  14       173200      -0.62177
2015  12  14       173300      -0.55501
2015  12  14       173400      -0.47008
2015  12  14       173500      -0.38258
2015  12  14       173600      -0.32757
2015  12  14       173700      -0.25518
2015  12  14       173800      -0.23062
2015  12  14       173900      -0.17162
2015  12  14       174000      -0.18636
2015  12  14       174100      -0.1929
2015  12  14       174200      -0.18575
2015  12  14       174300      -0.09313
2015  12  14       174400      -0.048963
2015  12  14       174500      -0.040446
2015  12  14       174600      -0.1166
2015  12  14       174700      -0.14276
2015  12  14       174800      -0.19904
2015  12  14       174900      0.077671
2015  12  14       175000      0.20856
2015  12  14       175100      0.098206
2015  12  14       175200      0.058754
2015  12  14       175300      -0.038127
2015  12  14       175400      -0.30631
2015  12  14       175500      -0.45695
2015  12  14       175600      -0.35266
2015  12  14       175700      -0.35294
2015  12  14       175800      -0.38001
2015  12  14       175900      -0.38329
2015  12  14       180000      -0.36806
2015  12  14       180100      -0.48004
2015  12  14       180200      -0.50032
2015  12  14       180300      -0.4823
2015  12  14       180400      -0.34834
2015  12  14       180500      -0.16353
2015  12  14       180600      0.041976
2015  12  14       180700      0.26912
2015  12  14       180800      0.43298
2015  12  14       180900      0.4847
2015  12  14       181000      0.38148
2015  12  14       181100      0.17756
2015  12  14       181200      -0.16671
2015  12  14       181300      -0.62325
2015  12  14       181400      -1.1067
2015  12  14       181500      -1.2594
2015  12  14       181600      -1.2365
2015  12  14       181700      -1.1458
2015  12  14       181800      -1.0578
2015  12  14       181900      -0.99163
2015  12  14       182000      -0.9736
2015  12  14       182100      -0.7881
2015  12  14       182200      -0.75647
2015  12  14       182300      -1.0033
2015  12  14       182400      -1.0078
2015  12  14       182500      -0.79721
2015  12  14       182600      -0.62641
2015  12  14       182700      -0.43337
2015  12  14       182800      -0.29679
2015  12  14       182900      -0.11191
2015  12  14       183000      0.12135
2015  12  14       183100      0.40731
2015  12  14       183200      0.47265
2015  12  14       183300      0.42217
2015  12  14       183400      0.22004
2015  12  14       183500      -0.057537
2015  12  14       183600      -0.18011
2015  12  14       183700      -0.14933
2015  12  14       183800      -0.15197
2015  12  14       183900      -0.20786
2015  12  14       184000      -0.056934
2015  12  14       184100      0.10633
2015  12  14       184200      0.098282
2015  12  14       184300      0.00056734
2015  12  14       184400      0.038691
2015  12  14       184500      0.046023
2015  12  14       184600      0.058071
2015  12  14       184700      0.04383
2015  12  14       184800      -0.098174
2015  12  14       184900      0.0092593
2015  12  14       185000      0.15452
2015  12  14       185100      -0.050838
2015  12  14       185200      -0.35098
2015  12  14       185300      -0.088951
2015  12  14       185400      0.1296
2015  12  14       185500      0.28045
2015  12  14       185600      0.3441
2015  12  14       185700      0.3907
2015  12  14       185800      0.31813
2015  12  14       185900      0.17282
2015  12  14       190000      -0.044213
2015  12  14       190100      -0.3957
2015  12  14       190200      -0.96488
2015  12  14       190300      -1.2679
2015  12  14       190400      -1.178
2015  12  14       190500      -0.84883
2015  12  14       190600      -0.60741
2015  12  14       190700      -0.35133
2015  12  14       190800      -0.30886
2015  12  14       190900      -0.28242
2015  12  14       191000      -0.27284
2015  12  14       191100      -0.24944
2015  12  14       191200      -0.29314
2015  12  14       191300      -0.33091
2015  12  14       191400      -0.34441
2015  12  14       191500      -0.35492
2015  12  14       191600      -0.34135
2015  12  14       191700      -0.35415
2015  12  14       191800      -0.40519
2015  12  14       191900      -0.2973
2015  12  14       192000      -0.099792
2015  12  14       192100      0.0084013
2015  12  14       192200      0.046275
2015  12  14       192300      0.051347
2015  12  14       192400      0.080788
2015  12  14       192500      0.11927
2015  12  14       192600      0.12603
2015  12  14       192700      0.058347
2015  12  14       192800      0.025034
2015  12  14       192900      0.023015
2015  12  14       193000      0.063873
2015  12  14       193100      0.11763
2015  12  14       193200      0.15992
2015  12  14       193300      0.20524
2015  12  14       193400      0.23809
2015  12  14       193500      0.29301
2015  12  14       193600      0.2641
2015  12  14       193700      0.29564
2015  12  14       193800      0.31386
2015  12  14       193900      0.39123
2015  12  14       194000      0.45607
2015  12  14       194100      0.52671
2015  12  14       194200      0.54925
2015  12  14       194300      0.55476
2015  12  14       194400      0.52628
2015  12  14       194500      0.50041
2015  12  14       194600      0.44562
2015  12  14       194700      0.37072
2015  12  14       194800      0.28359
2015  12  14       194900      0.30778
2015  12  14       195000      0.36365
2015  12  14       195100      0.44438
2015  12  14       195200      0.46431
2015  12  14       195300      0.36079
2015  12  14       195400      0.22675
2015  12  14       195500      0.052893
2015  12  14       195600      -0.065613
2015  12  14       195700      -0.041377
2015  12  14       195800      0.031633
2015  12  14       195900      0.05958
2015  12  14       200000      -0.010025
2015  12  14       200100      -0.085231
2015  12  14       200200      -0.16263
2015  12  14       200300      -0.17134
2015  12  14       200400      -0.12386
2015  12  14       200500      -0.063572
2015  12  14       200600      -0.013482
2015  12  14       200700      0.038139
2015  12  14       200800      0.096107
2015  12  14       200900      0.11628
2015  12  14       201000      0.11992
2015  12  14       201100      0.13084
2015  12  14       201200      0.14031
2015  12  14       201300      0.13512
2015  12  14       201400      0.12813
2015  12  14       201500      0.11185
2015  12  14       201600      0.10728
2015  12  14       201700      0.13708
2015  12  14       201800      0.10451
2015  12  14       201900      0.069786
2015  12  14       202000      0.072851
2015  12  14       202100      0.051969
2015  12  14       202200      0.01225
2015  12  14       202300      -0.0014754
2015  12  14       202400      -0.035692
2015  12  14       202500      -0.057715
2015  12  14       202600      -0.070902
2015  12  14       202700      -7.84E-05
2015  12  14       202800      0.071542
2015  12  14       202900      0.15738
2015  12  14       203000      0.15817
2015  12  14       203100      0.14839
2015  12  14       203200      0.13871
2015  12  14       203300      0.12958
2015  12  14       203400      0.049827
2015  12  14       203500      -0.03944
2015  12  14       203600      -0.085015
2015  12  14       203700      -0.058518
2015  12  14       203800      -0.0082439
2015  12  14       203900      0.02854
2015  12  14       204000      0.070316
2015  12  14       204100      0.089825
2015  12  14       204200      0.14261
2015  12  14       204300      0.17473
2015  12  14       204400      0.11268
2015  12  14       204500      0.070881
2015  12  14       204600      0.022705
2015  12  14       204700      -0.015187
2015  12  14       204800      -0.033352
2015  12  14       204900      -0.048121
2015  12  14       205000      -0.073772
2015  12  14       205100      -0.082205
2015  12  14       205200      -0.1005
2015  12  14       205300      -0.15989
2015  12  14       205400      -0.16592
2015  12  14       205500      -0.13145
2015  12  14       205600      -0.15296
2015  12  14       205700      -0.17337
2015  12  14       205800      -0.19976
2015  12  14       205900      -0.23697
2015  12  14       210000      -0.27361
2015  12  14       210100      -0.26972
2015  12  14       210200      -0.29996
2015  12  14       210300      -0.30969
2015  12  14       210400      -0.34665
2015  12  14       210500      -0.357
2015  12  14       210600      -0.36814
2015  12  14       210700      -0.39123
2015  12  14       210800      -0.4056
2015  12  14       210900      -0.4141
2015  12  14       211000      -0.37476
2015  12  14       211100      -0.35158
2015  12  14       211200      -0.30102
2015  12  14       211300      -0.25136
2015  12  14       211400      -0.29562
2015  12  14       211500      -0.32513
2015  12  14       211600      -0.30986
2015  12  14       211700      -0.34739
2015  12  14       211800      -0.31462
2015  12  14       211900      -0.20314
2015  12  14       212000      -0.11191
2015  12  14       212100      0.016312
2015  12  14       212200      0.091072
2015  12  14       212300      0.1021
2015  12  14       212400      0.091505
2015  12  14       212500      0.12481
2015  12  14       212600      0.18376
2015  12  14       212700      0.17215
2015  12  14       212800      0.11259
2015  12  14       212900      0.14807
2015  12  14       213000      0.090067
2015  12  14       213100      0.089398
2015  12  14       213200      0.057077
2015  12  14       213300      0.054034
2015  12  14       213400      0.03005
2015  12  14       213500      0.027735
2015  12  14       213600      0.0089279
2015  12  14       213700      0.0075359
2015  12  14       213800      -0.0075048
2015  12  14       213900      -0.0082574
2015  12  14       214000      -0.02027
2015  12  14       214100      -0.020818
2015  12  14       214200      -0.030116
2015  12  14       214300      -0.03104
2015  12  14       214400      -0.037649
2015  12  14       214500      -0.044246
2015  12  14       214600      -0.038449
2015  12  14       214700      0.0089224
2015  12  14       214800      0.048331
2015  12  14       214900      0.062983
2015  12  14       215000      0.084068
2015  12  14       215100      0.1372
2015  12  14       215200      0.11677
2015  12  14       215300      0.23321
2015  12  14       215400      0.28847
2015  12  14       215500      0.38608
2015  12  14       215600      0.46575
2015  12  14       215700      0.58377
2015  12  14       215800      0.6926
2015  12  14       215900      0.78178
2015  12  14       220000      0.81813
2015  12  14       220100      0.91833
2015  12  14       220200      0.98227
2015  12  14       220300      1.0106
2015  12  14       220400      1.0823
2015  12  14       220500      1.0944
2015  12  14       220600      1.0046
2015  12  14       220700      1.027
2015  12  14       220800      1.0312
2015  12  14       220900      1.043
2015  12  14       221000      0.99903
2015  12  14       221100      0.97485
2015  12  14       221200      0.93
2015  12  14       221300      0.92027
2015  12  14       221400      0.78553
2015  12  14       221500      0.7123
2015  12  14       221600      0.63402
2015  12  14       221700      0.54188
2015  12  14       221800      0.47029
2015  12  14       221900      0.38331
2015  12  14       222000      0.25449
2015  12  14       222100      0.16171
2015  12  14       222200      0.096647
2015  12  14       222300      0.094911
2015  12  14       222400      0.053974
2015  12  14       222500      0.079761
2015  12  14       222600      0.09378
2015  12  14       222700      0.10679
2015  12  14       222800      0.17038
2015  12  14       222900      0.17542
2015  12  14       223000      0.18212
2015  12  14       223100      0.25167
2015  12  14       223200      0.19675
2015  12  14       223300      0.17286
2015  12  14       223400      0.15941
2015  12  14       223500      0.16118
2015  12  14       223600      0.095206
2015  12  14       223700      0.10241
2015  12  14       223800      0.0074837
2015  12  14       223900      -0.087287
2015  12  14       224000      -0.1959
2015  12  14       224100      -0.26696
2015  12  14       224200      -0.29329
2015  12  14       224300      -0.30771
2015  12  14       224400      -0.31863
2015  12  14       224500      -0.33611
2015  12  14       224600      -0.40722
2015  12  14       224700      -0.4611
2015  12  14       224800      -0.5101
2015  12  14       224900      -0.5672
2015  12  14       225000      -0.64613
2015  12  14       225100      -0.64581
2015  12  14       225200      -0.63144
2015  12  14       225300      -0.58719
2015  12  14       225400      -0.54013
2015  12  14       225500      -0.46641
2015  12  14       225600      -0.42805
2015  12  14       225700      -0.35459
2015  12  14       225800      -0.2969
2015  12  14       225900      -0.27766
2015  12  14       230000      -0.2619
2015  12  14       230100      -0.19615
2015  12  14       230200      -0.1659
2015  12  14       230300      -0.078504
2015  12  14       230400      0.011533
2015  12  14       230500      0.037338
2015  12  14       230600      0.051016
2015  12  14       230700      0.064562
2015  12  14       230800      0.059371
2015  12  14       230900      0.1209
2015  12  14       231000      0.14454
2015  12  14       231100      0.16072
2015  12  14       231200      0.20104
2015  12  14       231300      0.24738
2015  12  14       231400      0.25125
2015  12  14       231500      0.25041
2015  12  14       231600      0.18909
2015  12  14       231700      0.17066
2015  12  14       231800      0.11979
2015  12  14       231900      0.10927
2015  12  14       232000      0.1167
2015  12  14       232100      0.13171
2015  12  14       232200      0.14214
2015  12  14       232300      0.15492
2015  12  14       232400      0.14557
2015  12  14       232500      0.13995
2015  12  14       232600      0.12266
2015  12  14       232700      0.15642
2015  12  14       232800      0.14738
2015  12  14       232900      0.15192
2015  12  14       233000      0.13499
2015  12  14       233100      0.10754
2015  12  14       233200      0.087867
2015  12  14       233300      0.10865
2015  12  14       233400      0.094588
2015  12  14       233500      0.11673
2015  12  14       233600      0.087665
2015  12  14       233700      0.081117
2015  12  14       233800      0.083495
2015  12  14       233900      0.1141
2015  12  14       234000      0.10685
2015  12  14       234100      0.12125
2015  12  14       234200      0.18489
2015  12  14       234300      0.2138
2015  12  14       234400      0.18033
2015  12  14       234500      0.17554
2015  12  14       234600      0.19649
2015  12  14       234700      0.20081
2015  12  14       234800      0.13487
2015  12  14       234900      0.19691
2015  12  14       235000      0.20631
2015  12  14       235100      0.21518
2015  12  14       235200      0.2323
2015  12  14       235300      0.20582
2015  12  14       235400      0.20662
2015  12  14       235500      0.21662
2015  12  14       235600      0.23939
2015  12  14       235700      0.19455
2015  12  14       235800      0.17442
2015  12  14       235900      0.18223
2015  12  15       000000      0.20288
2015  12  15       000100      0.24517
2015  12  15       000200      0.24423
2015  12  15       000300      0.24227
2015  12  15       000400      0.17656
2015  12  15       000500      0.15806
2015  12  15       000600      0.11764
2015  12  15       000700      0.10718
2015  12  15       000800      0.1318
2015  12  15       000900      0.12884
2015  12  15       001000      0.15075
2015  12  15       001100      0.16572
2015  12  15       001200      0.15529
2015  12  15       001300      0.21995
2015  12  15       001400      0.26345
2015  12  15       001500      0.26523
2015  12  15       001600      0.19232
2015  12  15       001700      0.27564
2015  12  15       001800      0.30794
2015  12  15       001900      0.24072
2015  12  15       002000      0.22965
2015  12  15       002100      0.29148
2015  12  15       002200      0.25791
2015  12  15       002300      0.32325
2015  12  15       002400      0.31619
2015  12  15       002500      0.3345
2015  12  15       002600      0.33747
2015  12  15       002700      0.37506
2015  12  15       002800      0.32786
2015  12  15       002900      0.36607
2015  12  15       003000      0.33606
2015  12  15       003100      0.28727
2015  12  15       003200      0.29348
2015  12  15       003300      0.35428
2015  12  15       003400      0.28289
2015  12  15       003500      0.26468
2015  12  15       003600      0.26606
2015  12  15       003700      0.22381
2015  12  15       003800      0.18431
2015  12  15       003900      0.14681
2015  12  15       004000      0.052882
2015  12  15       004100      0.023094
2015  12  15       004200      -0.037773
2015  12  15       004300      -0.035291
2015  12  15       004400      0.0048461
2015  12  15       004500      0.043704
2015  12  15       004600      -0.010339
2015  12  15       004700      -0.059341
2015  12  15       004800      -0.045362
2015  12  15       004900      -0.070494
2015  12  15       005000      -0.054358
2015  12  15       005100      -0.013549
2015  12  15       005200      -0.012812
2015  12  15       005300      -0.050373
2015  12  15       005400      -0.045485
2015  12  15       005500      0.06095
2015  12  15       005600      -0.0073391
2015  12  15       005700      -0.0059063
2015  12  15       005800      -0.079988
2015  12  15       005900      -0.088043
2015  12  15       010000      -0.098333
2015  12  15       010100      -0.066029
2015  12  15       010200      -0.098585
2015  12  15       010300      -0.088304
2015  12  15       010400      -0.14035
2015  12  15       010500      -0.1706
2015  12  15       010600      -0.13548
2015  12  15       010700      -0.17445
2015  12  15       010800      -0.20133
2015  12  15       010900      -0.10658
2015  12  15       011000      -0.12787
2015  12  15       011100      -0.13386
2015  12  15       011200      -0.18017
2015  12  15       011300      -0.21531
2015  12  15       011400      -0.17562
2015  12  15       011500      -0.11026
2015  12  15       011600      -0.19313
2015  12  15       011700      -0.10316
2015  12  15       011800      -0.10964
2015  12  15       011900      -0.097458
2015  12  15       012000      -0.038402
2015  12  15       012100      0.1337
2015  12  15       012200      0.23462
2015  12  15       012300      0.19935
2015  12  15       012400      0.20196
2015  12  15       012500      0.2569
2015  12  15       012600      0.2753
2015  12  15       012700      0.32551
2015  12  15       012800      0.38817
2015  12  15       012900      0.46112
2015  12  15       013000      0.53232
2015  12  15       013100      0.59823
2015  12  15       013200      0.66021
2015  12  15       013300      0.76289
2015  12  15       013400      0.69119
2015  12  15       013500      0.6969
2015  12  15       013600      0.58385
2015  12  15       013700      0.54217
2015  12  15       013800      0.47762
2015  12  15       013900      0.52104
2015  12  15       014000      0.53611
2015  12  15       014100      0.50571
2015  12  15       014200      0.43018
2015  12  15       014300      0.38246
2015  12  15       014400      0.27416
2015  12  15       014500      0.19558
2015  12  15       014600      0.11395
2015  12  15       014700      0.098245
2015  12  15       014800      0.042416
2015  12  15       014900      0.012835
2015  12  15       015000      -0.056289
2015  12  15       015100      -0.094232
2015  12  15       015200      -0.071197
2015  12  15       015300      -0.15597
2015  12  15       015400      -0.22676
2015  12  15       015500      -0.28017
2015  12  15       015600      -0.30551
2015  12  15       015700      -0.26762
2015  12  15       015800      -0.28325
2015  12  15       015900      -0.24792
2015  12  15       020000      -0.22915
2015  12  15       020100      -0.27365
2015  12  15       020200      -0.27993
2015  12  15       020300      -0.30852
2015  12  15       020400      -0.39305
2015  12  15       020500      -0.41408
2015  12  15       020600      -0.41815
2015  12  15       020700      -0.42518
2015  12  15       020800      -0.46998
2015  12  15       020900      -0.44913
2015  12  15       021000      -0.42205
2015  12  15       021100      -0.34201
2015  12  15       021200      -0.36225
2015  12  15       021300      -0.29028
2015  12  15       021400      -0.15525
2015  12  15       021500      -0.067178
2015  12  15       021600      -0.066032
2015  12  15       021700      -0.067978
2015  12  15       021800      -0.0056559
2015  12  15       021900      0.050837
2015  12  15       022000      0.0034195
2015  12  15       022100      0.031683
2015  12  15       022200      0.11008
2015  12  15       022300      0.20931
2015  12  15       022400      0.29084
2015  12  15       022500      0.29893
2015  12  15       022600      0.33837
2015  12  15       022700      0.33302
2015  12  15       022800      0.24238
2015  12  15       022900      0.24491
2015  12  15       023000      0.27357
2015  12  15       023100      0.29729
2015  12  15       023200      0.27788
2015  12  15       023300      0.26462
2015  12  15       023400      0.23037
2015  12  15       023500      0.18743
2015  12  15       023600      0.15142
2015  12  15       023700      0.12839
2015  12  15       023800      0.064238
2015  12  15       023900      0.13982
2015  12  15       024000      0.057355
2015  12  15       024100      -0.023414
2015  12  15       024200      -0.069795
2015  12  15       024300      -0.13188
2015  12  15       024400      -0.18753
2015  12  15       024500      -0.20804
2015  12  15       024600      -0.25428
2015  12  15       024700      -0.22314
2015  12  15       024800      -0.24947
2015  12  15       024900      -0.2491
2015  12  15       025000      -0.23236
2015  12  15       025100      -0.27023
2015  12  15       025200      -0.28517
2015  12  15       025300      -0.24142
2015  12  15       025400      -0.22798
2015  12  15       025500      -0.1639
2015  12  15       025600      -0.21243
2015  12  15       025700      -0.21824
2015  12  15       025800      -0.30329
2015  12  15       025900      -0.28411
2015  12  15       030000      -0.26689
2015  12  15       030100      -0.2813
2015  12  15       030200      -0.32182
2015  12  15       030300      -0.32759
2015  12  15       030400      -0.30582
2015  12  15       030500      -0.25979
2015  12  15       030600      -0.27213
2015  12  15       030700      -0.22751
2015  12  15       030800      -0.26045
2015  12  15       030900      -0.26053
2015  12  15       031000      -0.27897
2015  12  15       031100      -0.28547
2015  12  15       031200      -0.34522
2015  12  15       031300      -0.39472
2015  12  15       031400      -0.48798
2015  12  15       031500      -0.50879
2015  12  15       031600      -0.5294
2015  12  15       031700      -0.5376
2015  12  15       031800      -0.62134
2015  12  15       031900      -0.6416
2015  12  15       032000      -0.71643
2015  12  15       032100      -0.70408
2015  12  15       032200      -0.66189
2015  12  15       032300      -0.63002
2015  12  15       032400      -0.64555
2015  12  15       032500      -0.70592
2015  12  15       032600      -0.65514
2015  12  15       032700      -0.64331
2015  12  15       032800      -0.57153
2015  12  15       032900      -0.54792
2015  12  15       033000      -0.46702
2015  12  15       033100      -0.43528
2015  12  15       033200      -0.51176
2015  12  15       033300      -0.6002
2015  12  15       033400      -0.68969
2015  12  15       033500      -0.64506
2015  12  15       033600      -0.61901
2015  12  15       033700      -0.55632
2015  12  15       033800      -0.53024
2015  12  15       033900      -0.52064
2015  12  15       034000      -0.53741
2015  12  15       034100      -0.56154
2015  12  15       034200      -0.61174
2015  12  15       034300      -0.56767
2015  12  15       034400      -0.49223
2015  12  15       034500      -0.26609
2015  12  15       034600      -0.20551
2015  12  15       034700      -0.27296
2015  12  15       034800      -0.3433
2015  12  15       034900      -0.36011
2015  12  15       035000      -0.40152
2015  12  15       035100      -0.35575
2015  12  15       035200      -0.31583
2015  12  15       035300      -0.28963
2015  12  15       035400      -0.27564
2015  12  15       035500      -0.22683
2015  12  15       035600      -0.1952
2015  12  15       035700      -0.19146
2015  12  15       035800      -0.22583
2015  12  15       035900      -0.27265
2015  12  15       040000      -0.26524
2015  12  15       040100      -0.23282
2015  12  15       040200      -0.20872
2015  12  15       040300      -0.24718
2015  12  15       040400      -0.26637
2015  12  15       040500      -0.20357
2015  12  15       040600      -0.22317
2015  12  15       040700      -0.19618
2015  12  15       040800      -0.16062
2015  12  15       040900      -0.12003
2015  12  15       041000      -0.045615
2015  12  15       041100      0.041218
2015  12  15       041200      0.069525
2015  12  15       041300      0.082451
2015  12  15       041400      0.065107
2015  12  15       041500      0.026858
2015  12  15       041600      0.050686
2015  12  15       041700      -0.0031444
2015  12  15       041800      -0.028425
2015  12  15       041900      0.01722
2015  12  15       042000      -0.042271
2015  12  15       042100      -0.055826
2015  12  15       042200      -0.17861
2015  12  15       042300      -0.16239
2015  12  15       042400      -0.15245
2015  12  15       042500      -0.11444
2015  12  15       042600      -0.1165
2015  12  15       042700      -0.069261
2015  12  15       042800      -0.10871
2015  12  15       042900      -0.0073031
2015  12  15       043000      -0.052531
2015  12  15       043100      -0.038813
2015  12  15       043200      -0.028175
2015  12  15       043300      0.064097
2015  12  15       043400      0.081855
2015  12  15       043500      0.073146
2015  12  15       043600      0.16648
2015  12  15       043700      0.19035
2015  12  15       043800      0.11274
2015  12  15       043900      0.25063
2015  12  15       044000      0.27747
2015  12  15       044100      0.30502
2015  12  15       044200      0.22313
2015  12  15       044300      0.23304
2015  12  15       044400      0.1659
2015  12  15       044500      0.20934
2015  12  15       044600      0.16865
2015  12  15       044700      0.20118
2015  12  15       044800      0.21742
2015  12  15       044900      0.26387
2015  12  15       045000      0.26898
2015  12  15       045100      0.21651
2015  12  15       045200      0.24311
2015  12  15       045300      0.25444
2015  12  15       045400      0.23341
2015  12  15       045500      0.26834
2015  12  15       045600      0.29069
2015  12  15       045700      0.34069
2015  12  15       045800      0.35366
2015  12  15       045900      0.35807
2015  12  15       050000      0.30543
2015  12  15       050100      0.32759
2015  12  15       050200      0.23469
2015  12  15       050300      0.18395
2015  12  15       050400      0.14457
2015  12  15       050500      0.14267
2015  12  15       050600      0.12264
2015  12  15       050700      0.077046
2015  12  15       050800      0.057908
2015  12  15       050900      0.035869
2015  12  15       051000      0.071225
2015  12  15       051100      0.051981
2015  12  15       051200      0.036293
2015  12  15       051300      0.015797
2015  12  15       051400      0.030943
2015  12  15       051500      0.023995
2015  12  15       051600      0.0040244
2015  12  15       051700      0.046709
2015  12  15       051800      0.0073651
2015  12  15       051900      0.022812
2015  12  15       052000      0.046219
2015  12  15       052100      0.046251
2015  12  15       052200      -0.003362
2015  12  15       052300      -0.013588
2015  12  15       052400      0.0075363
2015  12  15       052500      -0.003522
2015  12  15       052600      -0.024422
2015  12  15       052700      0.00059391
2015  12  15       052800      -0.088983
2015  12  15       052900      -0.067535
2015  12  15       053000      -0.090683
2015  12  15       053100      -0.1283
2015  12  15       053200      -0.134
2015  12  15       053300      -0.14935
2015  12  15       053400      -0.19983
2015  12  15       053500      -0.12257
2015  12  15       053600      -0.18456
2015  12  15       053700      -0.16346
2015  12  15       053800      -0.094598
2015  12  15       053900      -0.10936
2015  12  15       054000      -0.10854
2015  12  15       054100      -0.12469
2015  12  15       054200      -0.13529
2015  12  15       054300      -0.080125
2015  12  15       054400      -0.17393
2015  12  15       054500      -0.16948
2015  12  15       054600      -0.15788
2015  12  15       054700      -0.17429
2015  12  15       054800      -0.14851
2015  12  15       054900      -0.14567
2015  12  15       055000      -0.23469
2015  12  15       055100      -0.28115
2015  12  15       055200      -0.31684
2015  12  15       055300      -0.28914
2015  12  15       055400      -0.29475
2015  12  15       055500      -0.29372
2015  12  15       055600      -0.29878
2015  12  15       055700      -0.21314
2015  12  15       055800      -0.21011
2015  12  15       055900      -0.20215
2015  12  15       060000      -0.1214
2015  12  15       060100      -0.10976
2015  12  15       060200      -0.085414
2015  12  15       060300      -0.04746
2015  12  15       060400      -0.058759
2015  12  15       060500      0.023299
2015  12  15       060600      0.098151
2015  12  15       060700      0.068734
2015  12  15       060800      0.13085
2015  12  15       060900      0.12073
2015  12  15       061000      0.13755
2015  12  15       061100      0.16404
2015  12  15       061200      0.17868
2015  12  15       061300      0.22958
2015  12  15       061400      0.23211
2015  12  15       061500      0.23668
2015  12  15       061600      0.24825
2015  12  15       061700      0.21573
2015  12  15       061800      0.1427
2015  12  15       061900      0.14711
2015  12  15       062000      0.070025
2015  12  15       062100      0.032825
2015  12  15       062200      0.041306
2015  12  15       062300      -0.0078183
2015  12  15       062400      -0.020489
2015  12  15       062500      0.024021
2015  12  15       062600      0.046684
2015  12  15       062700      0.12928
2015  12  15       062800      0.11609
2015  12  15       062900      0.12814
2015  12  15       063000      0.20832
2015  12  15       063100      0.15444
2015  12  15       063200      0.13366
2015  12  15       063300      0.076102
2015  12  15       063400      0.05942
2015  12  15       063500      0.060318
2015  12  15       063600      0.032118
2015  12  15       063700      0.050896
2015  12  15       063800      0.024703
2015  12  15       063900      0.043361
2015  12  15       064000      0.04946
2015  12  15       064100      0.10492
2015  12  15       064200      0.070524
2015  12  15       064300      0.035653
2015  12  15       064400      0.039188
2015  12  15       064500      0.059015
2015  12  15       064600      0.045646
2015  12  15       064700      0.063236
2015  12  15       064800      0.087784
2015  12  15       064900      0.1097
2015  12  15       065000      0.067593
2015  12  15       065100      0.032908
2015  12  15       065200      0.044874
2015  12  15       065300      0.034187
2015  12  15       065400      0.02575
2015  12  15       065500      0.056491
2015  12  15       065600      0.053426
2015  12  15       065700      0.090787
2015  12  15       065800      0.073827
2015  12  15       065900      0.10511
2015  12  15       070000      0.062384
2015  12  15       070100      0.080658
2015  12  15       070200      0.069166
2015  12  15       070300      0.054091
2015  12  15       070400      0.0088307
2015  12  15       070500      0.043961
2015  12  15       070600      -0.032176
2015  12  15       070700      -0.014092
2015  12  15       070800      -0.047684
2015  12  15       070900      -0.061898
2015  12  15       071000      -0.076418
2015  12  15       071100      -0.056919
2015  12  15       071200      -0.060599
2015  12  15       071300      -0.01139
2015  12  15       071400      -0.040417
2015  12  15       071500      -0.0016123
2015  12  15       071600      -0.04072
2015  12  15       071700      -0.0734
2015  12  15       071800      -0.079049
2015  12  15       071900      -0.10824
2015  12  15       072000      -0.092978
2015  12  15       072100      -0.048681
2015  12  15       072200      0.0097432
2015  12  15       072300      0.030487
2015  12  15       072400      0.030211
2015  12  15       072500      0.040504
2015  12  15       072600      0.022667
2015  12  15       072700      0.020432
2015  12  15       072800      0.035824
2015  12  15       072900      0.048069
2015  12  15       073000      0.076427
2015  12  15       073100      0.060675
2015  12  15       073200      0.10951
2015  12  15       073300      0.10789
2015  12  15       073400      0.12323
2015  12  15       073500      0.15283
2015  12  15       073600      0.10164
2015  12  15       073700      0.04327
2015  12  15       073800      -0.011923
2015  12  15       073900      -0.068345
2015  12  15       074000      -0.11733
2015  12  15       074100      -0.15544
2015  12  15       074200      -0.21016
2015  12  15       074300      -0.17249
2015  12  15       074400      -0.17024
2015  12  15       074500      -0.17175
2015  12  15       074600      -0.14316
2015  12  15       074700      -0.10771
2015  12  15       074800      -0.11518
2015  12  15       074900      -0.1157
2015  12  15       075000      -0.096226
2015  12  15       075100      -0.033542
2015  12  15       075200      -0.016231
2015  12  15       075300      -0.016473
2015  12  15       075400      -0.028523
2015  12  15       075500      0.0066147
2015  12  15       075600      -0.023374
2015  12  15       075700      0.018366
2015  12  15       075800      0.011193
2015  12  15       075900      0.0249
2015  12  15       080000      0.068515
2015  12  15       080100      0.11068
2015  12  15       080200      0.081485
2015  12  15       080300      0.083149
2015  12  15       080400      0.064592
2015  12  15       080500      0.047117
2015  12  15       080600      0.034556
2015  12  15       080700      0.041119
2015  12  15       080800      0.032977
2015  12  15       080900      0.029313
2015  12  15       081000      -0.0073537
2015  12  15       081100      -0.038579
2015  12  15       081200      -0.046902
2015  12  15       081300      -0.014143
2015  12  15       081400      0.05565
2015  12  15       081500      0.045195
2015  12  15       081600      0.011464
2015  12  15       081700      -0.0029913
2015  12  15       081800      -0.057987
2015  12  15       081900      -0.055214
2015  12  15       082000      -0.090841
2015  12  15       082100      -0.049078
2015  12  15       082200      -0.04061
2015  12  15       082300      -0.079334
2015  12  15       082400      -0.079372
2015  12  15       082500      -0.068467
2015  12  15       082600      -0.090666
2015  12  15       082700      -0.096823
2015  12  15       082800      -0.10638
2015  12  15       082900      -0.11678
2015  12  15       083000      -0.14325
2015  12  15       083100      -0.15601
2015  12  15       083200      -0.1314
2015  12  15       083300      -0.10352
2015  12  15       083400      -0.097893
2015  12  15       083500      -0.082872
2015  12  15       083600      -0.058872
2015  12  15       083700      -0.040922
2015  12  15       083800      -0.02539
2015  12  15       083900      -0.0057648
2015  12  15       084000      -0.0046633
2015  12  15       084100      -0.0014008
2015  12  15       084200      -0.015965
2015  12  15       084300      -0.028707
2015  12  15       084400      -0.011173
2015  12  15       084500      -0.036429
2015  12  15       084600      -0.042504
2015  12  15       084700      -0.059932
2015  12  15       084800      -0.082856
2015  12  15       084900      -0.07237
2015  12  15       085000      -0.037827
2015  12  15       085100      -0.032819
2015  12  15       085200      -0.058042
2015  12  15       085300      -0.061526
2015  12  15       085400      -0.10477
2015  12  15       085500      -0.12687
2015  12  15       085600      -0.14409
2015  12  15       085700      -0.13676
2015  12  15       085800      -0.19049
2015  12  15       085900      -0.2027
2015  12  15       090000      -0.20168
2015  12  15       090100      -0.20798
2015  12  15       090200      -0.23646
2015  12  15       090300      -0.23717
2015  12  15       090400      -0.23443
2015  12  15       090500      -0.21869
2015  12  15       090600      -0.23596
2015  12  15       090700      -0.22064
2015  12  15       090800      -0.23427
2015  12  15       090900      -0.21899
2015  12  15       091000      -0.21831
2015  12  15       091100      -0.18587
2015  12  15       091200      -0.17189
2015  12  15       091300      -0.15792
2015  12  15       091400      -0.14308
2015  12  15       091500      -0.12237
2015  12  15       091600      -0.11469
2015  12  15       091700      -0.093586
2015  12  15       091800      -0.099358
2015  12  15       091900      -0.056051
2015  12  15       092000      -0.082209
2015  12  15       092100      -0.078081
2015  12  15       092200      -0.078896
2015  12  15       092300      -0.078645
2015  12  15       092400      -0.074864
2015  12  15       092500      -0.04701
2015  12  15       092600      -0.087466
2015  12  15       092700      -0.072188
2015  12  15       092800      -0.10523
2015  12  15       092900      -0.098999
2015  12  15       093000      -0.093933
2015  12  15       093100      -0.077057
2015  12  15       093200      -0.085378
2015  12  15       093300      -0.062332
2015  12  15       093400      -0.077694
2015  12  15       093500      0.0077363
2015  12  15       093600      -0.012459
2015  12  15       093700      -0.014645
2015  12  15       093800      0.0012934
2015  12  15       093900      0.0069446
2015  12  15       094000      -0.0072377
2015  12  15       094100      -0.0071856
2015  12  15       094200      -0.025122
2015  12  15       094300      -0.026604
2015  12  15       094400      -0.024236
2015  12  15       094500      -0.052218
2015  12  15       094600      -0.053774
2015  12  15       094700      -0.036182
2015  12  15       094800      -0.046831
2015  12  15       094900      -0.020543
2015  12  15       095000      -0.046222
2015  12  15       095100      -0.049372
2015  12  15       095200      -0.034932
2015  12  15       095300      -0.029921
2015  12  15       095400      -0.039665
2015  12  15       095500      -0.02924
2015  12  15       095600      -0.095324
2015  12  15       095700      -0.058863
2015  12  15       095800      -0.068633
2015  12  15       095900      -0.036882
2015  12  15       100000      -0.069444
2015  12  15       100100      -0.074704
2015  12  15       100200      -0.051431
2015  12  15       100300      -0.00098081
2015  12  15       100400      0.01982
2015  12  15       100500      0.045976
2015  12  15       100600      0.038019
2015  12  15       100700      0.062869
2015  12  15       100800      0.058004
2015  12  15       100900      0.068043
2015  12  15       101000      0.040896
2015  12  15       101100      0.020015
2015  12  15       101200      -0.0039363
2015  12  15       101300      -0.016556
2015  12  15       101400      -0.014672
2015  12  15       101500      0.0036749
2015  12  15       101600      -0.0091604
2015  12  15       101700      0.026764
2015  12  15       101800      0.016342
2015  12  15       101900      0.024642
2015  12  15       102000      -0.017088
2015  12  15       102100      -0.028115
2015  12  15       102200      -0.034093
2015  12  15       102300      -0.020298
2015  12  15       102400      -0.049558
2015  12  15       102500      -0.058197
2015  12  15       102600      -0.063818
2015  12  15       102700      -0.03553
2015  12  15       102800      -0.051058
2015  12  15       102900      -0.01182
2015  12  15       103000      0.00021677
2015  12  15       103100      0.018864
2015  12  15       103200      0.015706
2015  12  15       103300      0.037355
2015  12  15       103400      -0.0069812
2015  12  15       103500      -0.015326
2015  12  15       103600      -0.034561
2015  12  15       103700      -0.046721
2015  12  15       103800      -0.045993
2015  12  15       103900      -0.066715
2015  12  15       104000      -0.068555
2015  12  15       104100      -0.059332
2015  12  15       104200      -0.053211
2015  12  15       104300      -0.078825
2015  12  15       104400      -0.0872
2015  12  15       104500      -0.093141
2015  12  15       104600      -0.12706
2015  12  15       104700      -0.1082
2015  12  15       104800      -0.11266
2015  12  15       104900      -0.091109
2015  12  15       105000      -0.10403
2015  12  15       105100      -0.085897
2015  12  15       105200      -0.10439
2015  12  15       105300      -0.087845
2015  12  15       105400      -0.13887
2015  12  15       105500      -0.16737
2015  12  15       105600      -0.1988
2015  12  15       105700      -0.22672
2015  12  15       105800      -0.25934
2015  12  15       105900      -0.26656
2015  12  15       110000      -0.26079
2015  12  15       110100      -0.21956
2015  12  15       110200      -0.23978
2015  12  15       110300      -0.21414
2015  12  15       110400      -0.22176
2015  12  15       110500      -0.20321
2015  12  15       110600      -0.20644
2015  12  15       110700      -0.1985
2015  12  15       110800      -0.18814
2015  12  15       110900      -0.15512
2015  12  15       111000      -0.1544
2015  12  15       111100      -0.15642
2015  12  15       111200      -0.15539
2015  12  15       111300      -0.14111
2015  12  15       111400      -0.13352
2015  12  15       111500      -0.12591
2015  12  15       111600      -0.13658
2015  12  15       111700      -0.091795
2015  12  15       111800      -0.061002
2015  12  15       111900      -0.021238
2015  12  15       112000      0.0077312
2015  12  15       112100      0.05688
2015  12  15       112200      0.085882
2015  12  15       112300      0.088184
2015  12  15       112400      0.05308
2015  12  15       112500      0.049637
2015  12  15       112600      0.019845
2015  12  15       112700      -0.024494
2015  12  15       112800      -0.043427
2015  12  15       112900      -0.05688
2015  12  15       113000      -0.070536
2015  12  15       113100      -0.063319
2015  12  15       113200      -0.077713
2015  12  15       113300      -0.069551
2015  12  15       113400      -0.085344
2015  12  15       113500      -0.086903
2015  12  15       113600      -0.10029
2015  12  15       113700      -0.056557
2015  12  15       113800      -0.087084
2015  12  15       113900      -0.071912
2015  12  15       114000      -0.069504
2015  12  15       114100      -0.093728
2015  12  15       114200      -0.10138
2015  12  15       114300      -0.084592
2015  12  15       114400      -0.088743
2015  12  15       114500      -0.089677
2015  12  15       114600      -0.098599
2015  12  15       114700      -0.089783
2015  12  15       114800      -0.091367
2015  12  15       114900      -0.08656
2015  12  15       115000      -0.091493
2015  12  15       115100      -0.031539
2015  12  15       115200      -0.054022
2015  12  15       115300      -0.040053
2015  12  15       115400      -0.036843
2015  12  15       115500      -0.0064197
2015  12  15       115600      -0.012375
2015  12  15       115700      0.025814
2015  12  15       115800      0.038925
2015  12  15       115900      0.055415
2015  12  15       120000      0.042166
2015  12  15       120100      0.026711
2015  12  15       120200      -0.016667
2015  12  15       120300      0.010333
2015  12  15       120400      0.025231
2015  12  15       120500      0.018013
2015  12  15       120600      0.014939
2015  12  15       120700      0.09843
2015  12  15       120800      0.12971
2015  12  15       120900      0.13411
2015  12  15       121000      0.088399
2015  12  15       121100      0.029606
2015  12  15       121200      -0.019316
2015  12  15       121300      0.022918
2015  12  15       121400      0.027202
2015  12  15       121500      0.10617
2015  12  15       121600      0.13817
2015  12  15       121700      0.13091
2015  12  15       121800      0.10466
2015  12  15       121900      0.088156
2015  12  15       122000      0.048048
2015  12  15       122100      0.016097
2015  12  15       122200      -0.00090901
2015  12  15       122300      -0.00024712
2015  12  15       122400      -0.028952
2015  12  15       122500      -0.050875
2015  12  15       122600      -0.0646
2015  12  15       122700      -0.045699
2015  12  15       122800      -0.06351
2015  12  15       122900      -0.039904
2015  12  15       123000      -0.029722
2015  12  15       123100      -0.04357
2015  12  15       123200      -0.054696
2015  12  15       123300      -0.027344
2015  12  15       123400      -0.050748
2015  12  15       123500      -0.06742
2015  12  15       123600      -0.11122
2015  12  15       123700      -0.088029
2015  12  15       123800      -0.11861
2015  12  15       123900      -0.10737
2015  12  15       124000      -0.025995
2015  12  15       124100      0.052803
2015  12  15       124200      0.088456
2015  12  15       124300      0.12592
2015  12  15       124400      0.1158
2015  12  15       124500      0.066895
2015  12  15       124600      0.029446
2015  12  15       124700      0.022772
2015  12  15       124800      0.019529
2015  12  15       124900      0.01751
2015  12  15       125000      -0.022093
2015  12  15       125100      -0.033086
2015  12  15       125200      -0.075053
2015  12  15       125300      -0.099703
2015  12  15       125400      -0.14794
2015  12  15       125500      -0.15089
2015  12  15       125600      -0.15976
2015  12  15       125700      -0.15763
2015  12  15       125800      -0.15757
2015  12  15       125900      -0.14534
2015  12  15       130000      -0.15798
2015  12  15       130100      -0.14836
2015  12  15       130200      -0.18565
2015  12  15       130300      -0.14545
2015  12  15       130400      -0.15367
2015  12  15       130500      -0.1315
2015  12  15       130600      -0.12634
2015  12  15       130700      -0.1055
2015  12  15       130800      -0.088622
2015  12  15       130900      -0.087043
2015  12  15       131000      -0.097185
2015  12  15       131100      -0.085181
2015  12  15       131200      -0.095819
2015  12  15       131300      -0.099299
2015  12  15       131400      -0.1063
2015  12  15       131500      -0.074344
2015  12  15       131600      -0.053878
2015  12  15       131700      -0.039207
2015  12  15       131800      -0.01147
2015  12  15       131900      0.040237
2015  12  15       132000      0.041599
2015  12  15       132100      0.058018
2015  12  15       132200      0.020024
2015  12  15       132300      0.033742
2015  12  15       132400      0.023242
2015  12  15       132500      0.027992
2015  12  15       132600      -0.0046762
2015  12  15       132700      -0.0074985
2015  12  15       132800      -0.040581
2015  12  15       132900      -0.043014
2015  12  15       133000      -0.073169
2015  12  15       133100      -0.081602
2015  12  15       133200      -0.084269
2015  12  15       133300      -0.13054
2015  12  15       133400      -0.12704
2015  12  15       133500      -0.13158
2015  12  15       133600      -0.1448
2015  12  15       133700      -0.16391
2015  12  15       133800      -0.13886
2015  12  15       133900      -0.14366
2015  12  15       134000      -0.13056
2015  12  15       134100      -0.1035
2015  12  15       134200      -0.10113
2015  12  15       134300      -0.078331
2015  12  15       134400      -0.070103
2015  12  15       134500      -0.049962
2015  12  15       134600      -0.052707
2015  12  15       134700      -0.052052
2015  12  15       134800      -0.069258
2015  12  15       134900      -0.065731
2015  12  15       135000      -0.061848
2015  12  15       135100      -0.035829
2015  12  15       135200      -0.066064
2015  12  15       135300      -0.070993
2015  12  15       135400      -0.089945
2015  12  15       135500      -0.10489
2015  12  15       135600      -0.090945
2015  12  15       135700      -0.032118
2015  12  15       135800      -0.058855
2015  12  15       135900      -0.032156
2015  12  15       140000      -0.038679
2015  12  15       140100      -0.03941
2015  12  15       140200      -0.090245
2015  12  15       140300      -0.12548
2015  12  15       140400      -0.075719
2015  12  15       140500      -0.096177
2015  12  15       140600      -0.062028
2015  12  15       140700      -0.057002
2015  12  15       140800      -0.032795
2015  12  15       140900      -0.010722
2015  12  15       141000      -0.0055088
2015  12  15       141100      0.013225
2015  12  15       141200      0.018266
2015  12  15       141300      0.013677
2015  12  15       141400      0.030912
2015  12  15       141500      0.046782
2015  12  15       141600      0.047357
2015  12  15       141700      0.045212
2015  12  15       141800      0.045034
2015  12  15       141900      0.075295
2015  12  15       142000      0.047203
2015  12  15       142100      0.02121
2015  12  15       142200      -0.046893
2015  12  15       142300      -0.067363
2015  12  15       142400      -0.091569
2015  12  15       142500      -0.090142
2015  12  15       142600      -0.10598
2015  12  15       142700      -0.087605
2015  12  15       142800      -0.10641
2015  12  15       142900      -0.11783
2015  12  15       143000      -0.17443
2015  12  15       143100      -0.18029
2015  12  15       143200      -0.21205
2015  12  15       143300      -0.23066
2015  12  15       143400      -0.25607
2015  12  15       143500      -0.2121
2015  12  15       143600      -0.23193
2015  12  15       143700      -0.19571
2015  12  15       143800      -0.21153
2015  12  15       143900      -0.18944
2015  12  15       144000      -0.1803
2015  12  15       144100      -0.1317
2015  12  15       144200      -0.11993
2015  12  15       144300      -0.040118
2015  12  15       144400      0.011322
2015  12  15       144500      0.10686
2015  12  15       144600      0.12645
2015  12  15       144700      0.169
2015  12  15       144800      0.15438
2015  12  15       144900      0.21796
2015  12  15       145000      0.26692
2015  12  15       145100      0.34428
2015  12  15       145200      0.37766
2015  12  15       145300      0.48896
2015  12  15       145400      0.59857
2015  12  15       145500      0.65092
2015  12  15       145600      0.61658
2015  12  15       145700      0.62574
2015  12  15       145800      0.64473
2015  12  15       145900      0.69795
2015  12  15       150000      0.7369
2015  12  15       150100      0.78356
2015  12  15       150200      0.77902
2015  12  15       150300      0.82574
2015  12  15       150400      0.82337
2015  12  15       150500      0.81896
2015  12  15       150600      0.74242
2015  12  15       150700      0.67636
2015  12  15       150800      0.57759
2015  12  15       150900      0.53008
2015  12  15       151000      0.46731
2015  12  15       151100      0.41054
2015  12  15       151200      0.33589
2015  12  15       151300      0.27327
2015  12  15       151400      0.23026
2015  12  15       151500      0.16994
2015  12  15       151600      0.11615
2015  12  15       151700      0.058745
2015  12  15       151800      -0.021513
2015  12  15       151900      -0.054974
2015  12  15       152000      -0.12636
2015  12  15       152100      -0.13865
2015  12  15       152200      -0.1562
2015  12  15       152300      -0.18665
2015  12  15       152400      -0.19577
2015  12  15       152500      -0.19377
2015  12  15       152600      -0.19872
2015  12  15       152700      -0.20555
2015  12  15       152800      -0.21903
2015  12  15       152900      -0.20495
2015  12  15       153000      -0.22814
2015  12  15       153100      -0.23545
2015  12  15       153200      -0.25563
2015  12  15       153300      -0.2332
2015  12  15       153400      -0.25055
2015  12  15       153500      -0.21521
2015  12  15       153600      -0.24053
2015  12  15       153700      -0.2404
2015  12  15       153800      -0.29062
2015  12  15       153900      -0.3172
2015  12  15       154000      -0.3397
2015  12  15       154100      -0.33667
2015  12  15       154200      -0.34929
2015  12  15       154300      -0.32172
2015  12  15       154400      -0.34246
2015  12  15       154500      -0.35104
2015  12  15       154600      -0.3806
2015  12  15       154700      -0.38582
2015  12  15       154800      -0.38741
2015  12  15       154900      -0.38517
2015  12  15       155000      -0.40169
2015  12  15       155100      -0.38479
2015  12  15       155200      -0.37741
2015  12  15       155300      -0.3545
2015  12  15       155400      -0.35746
2015  12  15       155500      -0.32259
2015  12  15       155600      -0.32019
2015  12  15       155700      -0.32239
2015  12  15       155800      -0.37623
2015  12  15       155900      -0.37308
2015  12  15       160000      -0.36729
2015  12  15       160100      -0.32303
2015  12  15       160200      -0.31626
2015  12  15       160300      -0.27334
2015  12  15       160400      -0.25753
2015  12  15       160500      -0.2261
2015  12  15       160600      -0.21767
2015  12  15       160700      -0.1843
2015  12  15       160800      -0.18648
2015  12  15       160900      -0.18585
2015  12  15       161000      -0.18443
2015  12  15       161100      -0.14927
2015  12  15       161200      -0.15696
2015  12  15       161300      -0.12707
2015  12  15       161400      -0.1439
2015  12  15       161500      -0.11101
2015  12  15       161600      -0.11464
2015  12  15       161700      -0.10257
2015  12  15       161800      -0.08782
2015  12  15       161900      -0.048796
2015  12  15       162000      -0.018298
2015  12  15       162100      0.031046
2015  12  15       162200      0.027431
2015  12  15       162300      0.049642
2015  12  15       162400      0.018428
2015  12  15       162500      0.021571
2015  12  15       162600      -0.0096708
2015  12  15       162700      -0.018261
2015  12  15       162800      -0.051551
2015  12  15       162900      -0.070637
2015  12  15       163000      -0.11013
2015  12  15       163100      -0.12518
2015  12  15       163200      -0.10379
2015  12  15       163300      -0.075386
2015  12  15       163400      -0.041592
2015  12  15       163500      -0.056035
2015  12  15       163600      -0.083322
2015  12  15       163700      -0.054736
2015  12  15       163800      -0.030365
2015  12  15       163900      -0.0076068
2015  12  15       164000      0.014535
2015  12  15       164100      0.058256
2015  12  15       164200      0.10892
2015  12  15       164300      0.11748
2015  12  15       164400      0.12755
2015  12  15       164500      0.13441
2015  12  15       164600      0.10449
2015  12  15       164700      0.11769
2015  12  15       164800      0.10989
2015  12  15       164900      0.13714
2015  12  15       165000      0.14996
2015  12  15       165100      0.20447
2015  12  15       165200      0.22593
2015  12  15       165300      0.23933
2015  12  15       165400      0.25178
2015  12  15       165500      0.26468
2015  12  15       165600      0.24652
2015  12  15       165700      0.23206
2015  12  15       165800      0.20925
2015  12  15       165900      0.17499
2015  12  15       170000      0.15803
2015  12  15       170100      0.14732
2015  12  15       170200      0.1465
2015  12  15       170300      0.13702
2015  12  15       170400      0.12577
2015  12  15       170500      0.10992
2015  12  15       170600      0.12258
2015  12  15       170700      0.12805
2015  12  15       170800      0.12671
2015  12  15       170900      0.13798
2015  12  15       171000      0.14105
2015  12  15       171100      0.14925
2015  12  15       171200      0.17515
2015  12  15       171300      0.18059
2015  12  15       171400      0.19188
2015  12  15       171500      0.21773
2015  12  15       171600      0.19561
2015  12  15       171700      0.21509
2015  12  15       171800      0.1891
2015  12  15       171900      0.19328
2015  12  15       172000      0.1465
2015  12  15       172100      0.14898
2015  12  15       172200      0.12232
2015  12  15       172300      0.1246
2015  12  15       172400      0.084776
2015  12  15       172500      0.074183
2015  12  15       172600      0.037318
2015  12  15       172700      0.051491
2015  12  15       172800      0.018663
2015  12  15       172900      0.029778
2015  12  15       173000      0.0039305
2015  12  15       173100      0.0095942
2015  12  15       173200      -0.010581
2015  12  15       173300      -0.0068247
2015  12  15       173400      -0.034249
2015  12  15       173500      -0.026395
2015  12  15       173600      -0.030344
2015  12  15       173700      -0.017534
2015  12  15       173800      -0.031203
2015  12  15       173900      -0.0027292
2015  12  15       174000      -0.022605
2015  12  15       174100      -0.027399
2015  12  15       174200      -0.014024
2015  12  15       174300      0.023004
2015  12  15       174400      0.031358
2015  12  15       174500      0.070768
2015  12  15       174600      0.083383
2015  12  15       174700      0.12749
2015  12  15       174800      0.1415
2015  12  15       174900      0.16639
2015  12  15       175000      0.15308
2015  12  15       175100      0.17613
2015  12  15       175200      0.15037
2015  12  15       175300      0.15178
2015  12  15       175400      0.12935
2015  12  15       175500      0.15346
2015  12  15       175600      0.16534
2015  12  15       175700      0.22099
2015  12  15       175800      0.22137
2015  12  15       175900      0.28732
2015  12  15       180000      0.29945
2015  12  15       180100      0.31159
2015  12  15       180200      0.27769
2015  12  15       180300      0.27889
2015  12  15       180400      0.28502
2015  12  15       180500      0.29379
2015  12  15       180600      0.27971
2015  12  15       180700      0.30801
2015  12  15       180800      0.28867
2015  12  15       180900      0.23136
2015  12  15       181000      0.18174
2015  12  15       181100      0.14348
2015  12  15       181200      0.1239
2015  12  15       181300      0.11169
2015  12  15       181400      0.12361
2015  12  15       181500      0.1224
2015  12  15       181600      0.098817
2015  12  15       181700      0.092799
2015  12  15       181800      0.080912
2015  12  15       181900      0.11114
2015  12  15       182000      0.10458
2015  12  15       182100      0.12766
2015  12  15       182200      0.12358
2015  12  15       182300      0.14196
2015  12  15       182400      0.13174
2015  12  15       182500      0.14032
2015  12  15       182600      0.11469
2015  12  15       182700      0.13383
2015  12  15       182800      0.12297
2015  12  15       182900      0.1271
2015  12  15       183000      0.094997
2015  12  15       183100      0.081454
2015  12  15       183200      0.077991
2015  12  15       183300      0.10828
2015  12  15       183400      0.12642
2015  12  15       183500      0.12881
2015  12  15       183600      0.10197
2015  12  15       183700      0.087703
2015  12  15       183800      0.082189
2015  12  15       183900      0.088577
2015  12  15       184000      0.085577
2015  12  15       184100      0.06458
2015  12  15       184200      0.059247
2015  12  15       184300      0.076323
2015  12  15       184400      0.07384
2015  12  15       184500      0.087499
2015  12  15       184600      0.090761
2015  12  15       184700      0.075014
2015  12  15       184800      0.073828
2015  12  15       184900      0.072959
2015  12  15       185000      0.093891
2015  12  15       185100      0.13561
2015  12  15       185200      0.10898
2015  12  15       185300      0.11292
2015  12  15       185400      0.092102
2015  12  15       185500      0.091279
2015  12  15       185600      0.07694
2015  12  15       185700      0.077335
2015  12  15       185800      0.075525
2015  12  15       185900      0.080853
2015  12  15       190000      0.10461
2015  12  15       190100      0.12318
2015  12  15       190200      0.11826
2015  12  15       190300      0.11227
2015  12  15       190400      0.11354
2015  12  15       190500      0.10534
2015  12  15       190600      0.10833
2015  12  15       190700      0.12104
2015  12  15       190800      0.13182
2015  12  15       190900      0.14526
2015  12  15       191000      0.149
2015  12  15       191100      0.12462
2015  12  15       191200      0.076356
2015  12  15       191300      0.086404
2015  12  15       191400      0.070463
2015  12  15       191500      0.037958
2015  12  15       191600      0.0099256
2015  12  15       191700      -0.019944
2015  12  15       191800      -0.016023
2015  12  15       191900      -0.040892
2015  12  15       192000      -0.052788
2015  12  15       192100      0.020136
2015  12  15       192200      0.047359
2015  12  15       192300      0.089158
2015  12  15       192400      0.095955
2015  12  15       192500      0.13427
2015  12  15       192600      0.17217
2015  12  15       192700      0.17681
2015  12  15       192800      0.14218
2015  12  15       192900      0.16094
2015  12  15       193000      0.15951
2015  12  15       193100      0.15201
2015  12  15       193200      0.12392
2015  12  15       193300      0.13039
2015  12  15       193400      0.11838
2015  12  15       193500      0.095466
2015  12  15       193600      0.08973
2015  12  15       193700      0.091107
2015  12  15       193800      0.056687
2015  12  15       193900      0.056931
2015  12  15       194000      0.061364
2015  12  15       194100      0.058198
2015  12  15       194200      0.051131
2015  12  15       194300      0.068613
2015  12  15       194400      0.067664
2015  12  15       194500      0.12244
2015  12  15       194600      0.10127
2015  12  15       194700      0.09532
2015  12  15       194800      0.11209
2015  12  15       194900      0.12923
2015  12  15       195000      0.027567
2015  12  15       195100      -0.039099
2015  12  15       195200      -0.079234
2015  12  15       195300      -0.027854
2015  12  15       195400      -0.0031076
2015  12  15       195500      0.011912
2015  12  15       195600      0.016453
2015  12  15       195700      0.032515
2015  12  15       195800      0.049977
2015  12  15       195900      0.055832
2015  12  15       200000      0.071729
2015  12  15       200100      0.080844
2015  12  15       200200      0.061679
2015  12  15       200300      0.026571
2015  12  15       200400      -0.015342
2015  12  15       200500      -0.070135
2015  12  15       200600      -0.094134
2015  12  15       200700      -0.085045
2015  12  15       200800      -0.09399
2015  12  15       200900      -0.058343
2015  12  15       201000      -0.01964
2015  12  15       201100      -0.038403
2015  12  15       201200      -0.10269
2015  12  15       201300      -0.10595
2015  12  15       201400      -0.11889
2015  12  15       201500      -0.18542
2015  12  15       201600      -0.22638
2015  12  15       201700      -0.14527
2015  12  15       201800      -0.14889
2015  12  15       201900      -0.13743
2015  12  15       202000      -0.11215
2015  12  15       202100      -0.093414
2015  12  15       202200      -0.064317
2015  12  15       202300      -0.030517
2015  12  15       202400      -0.021632
2015  12  15       202500      -0.015766
2015  12  15       202600      -0.06374
2015  12  15       202700      -0.13671
2015  12  15       202800      -0.18331
2015  12  15       202900      -0.15423
2015  12  15       203000      -0.19563
2015  12  15       203100      -0.19552
2015  12  15       203200      -0.19138
2015  12  15       203300      -0.17064
2015  12  15       203400      -0.16736
2015  12  15       203500      -0.12924
2015  12  15       203600      -0.077008
2015  12  15       203700      -0.020478
2015  12  15       203800      -0.043522
2015  12  15       203900      -0.1351
2015  12  15       204000      -0.2391
2015  12  15       204100      -0.21405
2015  12  15       204200      -0.18461
2015  12  15       204300      -0.10958
2015  12  15       204400      -0.082489
2015  12  15       204500      -0.04188
2015  12  15       204600      -0.025767
2015  12  15       204700      0.022825
2015  12  15       204800      0.037464
2015  12  15       204900      0.058632
2015  12  15       205000      0.056747
2015  12  15       205100      0.07944
2015  12  15       205200      0.05579
2015  12  15       205300      0.059462
2015  12  15       205400      0.061199
2015  12  15       205500      0.048391
2015  12  15       205600      0.027474
2015  12  15       205700      0.022037
2015  12  15       205800      0.0045391
2015  12  15       205900      0.0028991
2015  12  15       210000      0.0066669
2015  12  15       210100      0.060423
2015  12  15       210200      0.084122
2015  12  15       210300      0.068919
2015  12  15       210400      0.055692
2015  12  15       210500      0.057864
2015  12  15       210600      0.069799
2015  12  15       210700      0.074591
2015  12  15       210800      0.065287
2015  12  15       210900      0.05499
2015  12  15       211000      0.071757
2015  12  15       211100      0.11283
2015  12  15       211200      0.095914
2015  12  15       211300      0.098239
2015  12  15       211400      0.095262
2015  12  15       211500      0.10624
2015  12  15       211600      0.067775
2015  12  15       211700      0.045842
2015  12  15       211800      0.020975
2015  12  15       211900      0.047998
2015  12  15       212000      0.034154
2015  12  15       212100      0.043994
2015  12  15       212200      0.053094
2015  12  15       212300      0.043271
2015  12  15       212400      0.0618
2015  12  15       212500      0.082003
2015  12  15       212600      0.030015
2015  12  15       212700      0.07144
2015  12  15       212800      0.07411
2015  12  15       212900      0.11732
2015  12  15       213000      0.13431
2015  12  15       213100      0.14634
2015  12  15       213200      0.17407
2015  12  15       213300      0.20139
2015  12  15       213400      0.22556
2015  12  15       213500      0.25234
2015  12  15       213600      0.27189
2015  12  15       213700      0.29955
2015  12  15       213800      0.27732
2015  12  15       213900      0.26801
2015  12  15       214000      0.21714
2015  12  15       214100      0.22034
2015  12  15       214200      0.18313
2015  12  15       214300      0.18844
2015  12  15       214400      0.14794
2015  12  15       214500      0.15606
2015  12  15       214600      0.16418
2015  12  15       214700      0.18019
2015  12  15       214800      0.1864
2015  12  15       214900      0.25236
2015  12  15       215000      0.21459
2015  12  15       215100      0.22219
2015  12  15       215200      0.16276
2015  12  15       215300      0.15499
2015  12  15       215400      0.14187
2015  12  15       215500      0.14226
2015  12  15       215600      0.11158
2015  12  15       215700      0.10866
2015  12  15       215800      0.10394
2015  12  15       215900      0.14354
2015  12  15       220000      0.11712
2015  12  15       220100      0.16559
2015  12  15       220200      0.19182
2015  12  15       220300      0.24357
2015  12  15       220400      0.26017
2015  12  15       220500      0.32655
2015  12  15       220600      0.29772
2015  12  15       220700      0.30916
2015  12  15       220800      0.2311
2015  12  15       220900      0.14529
2015  12  15       221000      0.04289
2015  12  15       221100      0.057903
2015  12  15       221200      0.039573
2015  12  15       221300      0.047652
2015  12  15       221400      0.0172
2015  12  15       221500      0.019373
2015  12  15       221600      -0.051579
2015  12  15       221700      -0.090698
2015  12  15       221800      -0.12426
2015  12  15       221900      -0.12783
2015  12  15       222000      -0.1657
2015  12  15       222100      -0.18465
2015  12  15       222200      -0.1933
2015  12  15       222300      -0.15042
2015  12  15       222400      -0.14351
2015  12  15       222500      -0.10155
2015  12  15       222600      -0.090499
2015  12  15       222700      -0.021874
2015  12  15       222800      0.0084993
2015  12  15       222900      0.055441
2015  12  15       223000      0.057824
2015  12  15       223100      0.065648
2015  12  15       223200      0.03861
2015  12  15       223300      0.053908
2015  12  15       223400      0.033612
2015  12  15       223500      0.060026
2015  12  15       223600      0.032153
2015  12  15       223700      0.029241
2015  12  15       223800      0.031597
2015  12  15       223900      0.04082
2015  12  15       224000      0.013856
2015  12  15       224100      0.021581
2015  12  15       224200      0.01517
2015  12  15       224300      0.008827
2015  12  15       224400      -0.010463
2015  12  15       224500      -0.0035818
2015  12  15       224600      -0.035742
2015  12  15       224700      -0.002761
2015  12  15       224800      -0.0025259
2015  12  15       224900      0.043582
2015  12  15       225000      0.034271
2015  12  15       225100      0.086678
2015  12  15       225200      0.074037
2015  12  15       225300      0.094887
2015  12  15       225400      0.1213
2015  12  15       225500      0.14413
2015  12  15       225600      0.10999
2015  12  15       225700      0.088811
2015  12  15       225800      0.068054
2015  12  15       225900      0.052686
2015  12  15       230000      0.019143
2015  12  15       230100      0.025306
2015  12  15       230200      0.014232
2015  12  15       230300      0.059363
2015  12  15       230400      0.062422
2015  12  15       230500      0.097882
2015  12  15       230600      0.11612
2015  12  15       230700      0.12243
2015  12  15       230800      0.08675
2015  12  15       230900      0.072177
2015  12  15       231000      0.050213
2015  12  15       231100      0.037643
2015  12  15       231200      0.0229
2015  12  15       231300      0.0088816
2015  12  15       231400      0.00586
2015  12  15       231500      0.035488
2015  12  15       231600      0.052464
2015  12  15       231700      0.1041
2015  12  15       231800      0.12198
2015  12  15       231900      0.13444
2015  12  15       232000      0.12127
2015  12  15       232100      0.14904
2015  12  15       232200      0.13933
2015  12  15       232300      0.13694
2015  12  15       232400      0.11906
2015  12  15       232500      0.10851
2015  12  15       232600      0.083212
2015  12  15       232700      0.093295
2015  12  15       232800      0.10351
2015  12  15       232900      0.099166
2015  12  15       233000      0.056524
2015  12  15       233100      0.048267
2015  12  15       233200      0.018856
2015  12  15       233300      0.020394
2015  12  15       233400      0.010954
2015  12  15       233500      -0.0018408
2015  12  15       233600      -0.028085
2015  12  15       233700      -0.0071435
2015  12  15       233800      -0.0082744
2015  12  15       233900      0.0086191
2015  12  15       234000      0.0070054
2015  12  15       234100      0.059286
2015  12  15       234200      0.081445
2015  12  15       234300      0.11432
2015  12  15       234400      0.050428
2015  12  15       234500      0.065428
2015  12  15       234600      0.027889
2015  12  15       234700      0.018599
2015  12  15       234800      -0.0066999
2015  12  15       234900      -0.00062209
2015  12  15       235000      -0.018191
2015  12  15       235100      0.014073
2015  12  15       235200      0.01711
2015  12  15       235300      0.022735
2015  12  15       235400      0.005048
2015  12  15       235500      0.015594
2015  12  15       235600      0.020155
2015  12  15       235700      0.050299
2015  12  15       235800      0.072329
2015  12  15       235900      0.091671