:Product:20160301_Fujian_Huangmeishan_220kV_GIC.txt
:Export:2016/08/06 230820  LocalTime
# Prepared by the NCEPU 
# 
# Units GIC_DATA = A
# The positive and negative features of current data represent current direction
#
#       Real-Time GIC Data
#       福建省宁德市寿宁县黄眉山 N27.3675E119.5335
# 

# UT Date           Time
# YR  MO   DA       HHMMSS            GIC_DATA
#-------------------------------------------------------------------------------------------
2016  03  06       000000      0.059144
2016  03  06       000100      0.040675
2016  03  06       000200      0.061363
2016  03  06       000300      0.082826
2016  03  06       000400      0.091159
2016  03  06       000500      0.077427
2016  03  06       000600      0.088045
2016  03  06       000700      0.063608
2016  03  06       000800      0.076987
2016  03  06       000900      0.065933
2016  03  06       001000      0.055782
2016  03  06       001100      0.049732
2016  03  06       001200      0.063565
2016  03  06       001300      0.044386
2016  03  06       001400      0.059892
2016  03  06       001500      0.021096
2016  03  06       001600      0.050841
2016  03  06       001700      0.057462
2016  03  06       001800      0.04286
2016  03  06       001900      0.029091
2016  03  06       002000      0.029871
2016  03  06       002100      0.030487
2016  03  06       002200      0.043534
2016  03  06       002300      0.04403
2016  03  06       002400      0.040524
2016  03  06       002500      0.024493
2016  03  06       002600      0.016913
2016  03  06       002700      0.0062914
2016  03  06       002800      0.033802
2016  03  06       002900      0.033739
2016  03  06       003000      0.033286
2016  03  06       003100      0.032702
2016  03  06       003200      0.043359
2016  03  06       003300      0.046381
2016  03  06       003400      0.037531
2016  03  06       003500      0.02378
2016  03  06       003600      0.032382
2016  03  06       003700      0.010819
2016  03  06       003800      0.030544
2016  03  06       003900      0.037716
2016  03  06       004000      0.039171
2016  03  06       004100      0.023335
2016  03  06       004200      0.028449
2016  03  06       004300      0.020919
2016  03  06       004400      0.030527
2016  03  06       004500      0.0043885
2016  03  06       004600      0.023681
2016  03  06       004700      0.0068833
2016  03  06       004800      0.017883
2016  03  06       004900      0.024264
2016  03  06       005000      0.039007
2016  03  06       005100      -0.001794
2016  03  06       005200      0.037868
2016  03  06       005300      0.027364
2016  03  06       005400      0.041011
2016  03  06       005500      0.015736
2016  03  06       005600      0.041726
2016  03  06       005700      0.024474
2016  03  06       005800      0.04668
2016  03  06       005900      0.032617
2016  03  06       010000      0.041446
2016  03  06       010100      0.031335
2016  03  06       010200      0.042928
2016  03  06       010300      0.03173
2016  03  06       010400      0.037674
2016  03  06       010500      0.033281
2016  03  06       010600      0.048202
2016  03  06       010700      0.027093
2016  03  06       010800      0.054656
2016  03  06       010900      0.043649
2016  03  06       011000      0.039999
2016  03  06       011100      0.022912
2016  03  06       011200      0.038929
2016  03  06       011300      0.034286
2016  03  06       011400      0.036907
2016  03  06       011500      0.017428
2016  03  06       011600      0.058008
2016  03  06       011700      0.031782
2016  03  06       011800      0.061614
2016  03  06       011900      0.038715
2016  03  06       012000      0.042475
2016  03  06       012100      0.041046
2016  03  06       012200      0.073548
2016  03  06       012300      0.046869
2016  03  06       012400      0.051774
2016  03  06       012500      0.057748
2016  03  06       012600      0.08339
2016  03  06       012700      0.060204
2016  03  06       012800      0.089487
2016  03  06       012900      0.096791
2016  03  06       013000      0.10343
2016  03  06       013100      0.11125
2016  03  06       013200      0.12323
2016  03  06       013300      0.12687
2016  03  06       013400      0.12426
2016  03  06       013500      0.12585
2016  03  06       013600      0.14948
2016  03  06       013700      0.14427
2016  03  06       013800      0.16788
2016  03  06       013900      0.15792
2016  03  06       014000      0.17064
2016  03  06       014100      0.14574
2016  03  06       014200      0.16578
2016  03  06       014300      0.13778
2016  03  06       014400      0.17146
2016  03  06       014500      0.15742
2016  03  06       014600      0.18282
2016  03  06       014700      0.16711
2016  03  06       014800      0.18466
2016  03  06       014900      0.18871
2016  03  06       015000      0.20116
2016  03  06       015100      0.18859
2016  03  06       015200      0.19652
2016  03  06       015300      0.20391
2016  03  06       015400      0.19616
2016  03  06       015500      0.20208
2016  03  06       015600      0.21852
2016  03  06       015700      0.20834
2016  03  06       015800      0.22192
2016  03  06       015900      0.19132
2016  03  06       020000      0.17795
2016  03  06       020100      0.18249
2016  03  06       020200      0.17801
2016  03  06       020300      0.18716
2016  03  06       020400      0.196
2016  03  06       020500      0.1887
2016  03  06       020600      0.18517
2016  03  06       020700      0.18888
2016  03  06       020800      0.19408
2016  03  06       020900      0.18683
2016  03  06       021000      0.19207
2016  03  06       021100      0.18699
2016  03  06       021200      0.21434
2016  03  06       021300      0.1975
2016  03  06       021400      0.19739
2016  03  06       021500      0.22155
2016  03  06       021600      0.22792
2016  03  06       021700      0.218
2016  03  06       021800      0.234
2016  03  06       021900      0.23671
2016  03  06       022000      0.22721
2016  03  06       022100      0.22542
2016  03  06       022200      0.2254
2016  03  06       022300      0.2201
2016  03  06       022400      0.21152
2016  03  06       022500      0.19791
2016  03  06       022600      0.19596
2016  03  06       022700      0.20328
2016  03  06       022800      0.19938
2016  03  06       022900      0.22042
2016  03  06       023000      0.22076
2016  03  06       023100      0.21129
2016  03  06       023200      0.22512
2016  03  06       023300      0.20824
2016  03  06       023400      0.19446
2016  03  06       023500      0.19793
2016  03  06       023600      0.17288
2016  03  06       023700      0.17117
2016  03  06       023800      0.16528
2016  03  06       023900      0.15933
2016  03  06       024000      0.18435
2016  03  06       024100      0.17443
2016  03  06       024200      0.17941
2016  03  06       024300      0.17455
2016  03  06       024400      0.18975
2016  03  06       024500      0.18622
2016  03  06       024600      0.18788
2016  03  06       024700      0.18056
2016  03  06       024800      0.18184
2016  03  06       024900      0.20052
2016  03  06       025000      0.21038
2016  03  06       025100      0.19232
2016  03  06       025200      0.20458
2016  03  06       025300      0.20154
2016  03  06       025400      0.21811
2016  03  06       025500      0.21093
2016  03  06       025600      0.2039
2016  03  06       025700      0.22727
2016  03  06       025800      0.24592
2016  03  06       025900      0.25295
2016  03  06       030000      0.25088
2016  03  06       030100      0.24336
2016  03  06       030200      0.25419
2016  03  06       030300      0.25969
2016  03  06       030400      0.24774
2016  03  06       030500      0.23683
2016  03  06       030600      0.23211
2016  03  06       030700      0.22367
2016  03  06       030800      0.23128
2016  03  06       030900      0.22704
2016  03  06       031000      0.23651
2016  03  06       031100      0.23072
2016  03  06       031200      0.24311
2016  03  06       031300      0.19885
2016  03  06       031400      0.20944
2016  03  06       031500      0.20687
2016  03  06       031600      0.20527
2016  03  06       031700      0.19332
2016  03  06       031800      0.19335
2016  03  06       031900      0.19043
2016  03  06       032000      0.20163
2016  03  06       032100      0.19474
2016  03  06       032200      0.21005
2016  03  06       032300      0.22308
2016  03  06       032400      0.21466
2016  03  06       032500      0.21581
2016  03  06       032600      0.21861
2016  03  06       032700      0.2152
2016  03  06       032800      0.22085
2016  03  06       032900      0.21442
2016  03  06       033000      0.22533
2016  03  06       033100      0.23422
2016  03  06       033200      0.23401
2016  03  06       033300      0.25356
2016  03  06       033400      0.25086
2016  03  06       033500      0.25615
2016  03  06       033600      0.26585
2016  03  06       033700      0.27237
2016  03  06       033800      0.27329
2016  03  06       033900      0.27749
2016  03  06       034000      0.26595
2016  03  06       034100      0.24839
2016  03  06       034200      0.25239
2016  03  06       034300      0.24873
2016  03  06       034400      0.24241
2016  03  06       034500      0.24445
2016  03  06       034600      0.23734
2016  03  06       034700      0.26521
2016  03  06       034800      0.26849
2016  03  06       034900      0.28623
2016  03  06       035000      0.2888
2016  03  06       035100      0.31723
2016  03  06       035200      0.31855
2016  03  06       035300      0.30691
2016  03  06       035400      0.32549
2016  03  06       035500      0.32567
2016  03  06       035600      0.31134
2016  03  06       035700      0.32293
2016  03  06       035800      0.31086
2016  03  06       035900      0.31057
2016  03  06       040000      0.31031
2016  03  06       040100      0.30487
2016  03  06       040200      0.29682
2016  03  06       040300      0.29025
2016  03  06       040400      0.29449
2016  03  06       040500      0.27219
2016  03  06       040600      0.29042
2016  03  06       040700      0.26834
2016  03  06       040800      0.27342
2016  03  06       040900      0.24365
2016  03  06       041000      0.26297
2016  03  06       041100      0.2505
2016  03  06       041200      0.26903
2016  03  06       041300      0.272
2016  03  06       041400      0.25281
2016  03  06       041500      0.23546
2016  03  06       041600      0.23839
2016  03  06       041700      0.19827
2016  03  06       041800      0.17822
2016  03  06       041900      0.1643
2016  03  06       042000      0.13155
2016  03  06       042100      0.11786
2016  03  06       042200      0.079394
2016  03  06       042300      0.072159
2016  03  06       042400      0.059361
2016  03  06       042500      0.094723
2016  03  06       042600      0.097747
2016  03  06       042700      0.088606
2016  03  06       042800      0.075468
2016  03  06       042900      0.072184
2016  03  06       043000      0.1003
2016  03  06       043100      0.13445
2016  03  06       043200      0.15352
2016  03  06       043300      0.12162
2016  03  06       043400      0.15156
2016  03  06       043500      0.13713
2016  03  06       043600      0.15573
2016  03  06       043700      0.15452
2016  03  06       043800      0.1943
2016  03  06       043900      0.2198
2016  03  06       044000      0.24776
2016  03  06       044100      0.2621
2016  03  06       044200      0.27823
2016  03  06       044300      0.30676
2016  03  06       044400      0.31255
2016  03  06       044500      0.29249
2016  03  06       044600      0.2694
2016  03  06       044700      0.25182
2016  03  06       044800      0.23657
2016  03  06       044900      0.22048
2016  03  06       045000      0.23732
2016  03  06       045100      0.20848
2016  03  06       045200      0.2089
2016  03  06       045300      0.21114
2016  03  06       045400      0.19579
2016  03  06       045500      0.22526
2016  03  06       045600      0.23323
2016  03  06       045700      0.24664
2016  03  06       045800      0.25311
2016  03  06       045900      0.24332
2016  03  06       050000      0.24698
2016  03  06       050100      0.23069
2016  03  06       050200      0.25634
2016  03  06       050300      0.26055
2016  03  06       050400      0.26909
2016  03  06       050500      0.27066
2016  03  06       050600      0.29998
2016  03  06       050700      0.28657
2016  03  06       050800      0.28599
2016  03  06       050900      0.2883
2016  03  06       051000      0.29896
2016  03  06       051100      0.2778
2016  03  06       051200      0.28121
2016  03  06       051300      0.24424
2016  03  06       051400      0.23991
2016  03  06       051500      0.20112
2016  03  06       051600      0.18358
2016  03  06       051700      0.15524
2016  03  06       051800      0.13189
2016  03  06       051900      0.14471
2016  03  06       052000      0.17192
2016  03  06       052100      0.19383
2016  03  06       052200      0.26147
2016  03  06       052300      0.3327
2016  03  06       052400      0.3924
2016  03  06       052500      0.37169
2016  03  06       052600      0.34307
2016  03  06       052700      0.31861
2016  03  06       052800      0.25394
2016  03  06       052900      0.17128
2016  03  06       053000      0.12205
2016  03  06       053100      0.1298
2016  03  06       053200      0.12152
2016  03  06       053300      0.069623
2016  03  06       053400      0.051541
2016  03  06       053500      0.03938
2016  03  06       053600      0.035534
2016  03  06       053700      -0.029456
2016  03  06       053800      -0.074935
2016  03  06       053900      -0.032622
2016  03  06       054000      0.0013975
2016  03  06       054100      0.0087913
2016  03  06       054200      -0.0034055
2016  03  06       054300      -0.056398
2016  03  06       054400      -0.024663
2016  03  06       054500      0.032159
2016  03  06       054600      0.056469
2016  03  06       054700      -0.014588
2016  03  06       054800      -0.068724
2016  03  06       054900      -0.064763
2016  03  06       055000      -0.023448
2016  03  06       055100      -0.011162
2016  03  06       055200      0.038218
2016  03  06       055300      0.053882
2016  03  06       055400      0.10301
2016  03  06       055500      0.12007
2016  03  06       055600      0.12551
2016  03  06       055700      0.15495
2016  03  06       055800      0.15787
2016  03  06       055900      0.14996
2016  03  06       060000      0.14579
2016  03  06       060100      0.12454
2016  03  06       060200      0.1136
2016  03  06       060300      0.091642
2016  03  06       060400      0.064967
2016  03  06       060500      0.045542
2016  03  06       060600      0.055213
2016  03  06       060700      0.0048651
2016  03  06       060800      0.037761
2016  03  06       060900      0.030627
2016  03  06       061000      0.01653
2016  03  06       061100      0.0090347
2016  03  06       061200      -0.0001235
2016  03  06       061300      0.024397
2016  03  06       061400      0.020703
2016  03  06       061500      0.029113
2016  03  06       061600      0.017275
2016  03  06       061700      0.031557
2016  03  06       061800      0.029966
2016  03  06       061900      -0.013232
2016  03  06       062000      -0.03912
2016  03  06       062100      -0.079833
2016  03  06       062200      -0.06602
2016  03  06       062300      -0.078754
2016  03  06       062400      -0.064513
2016  03  06       062500      -0.085642
2016  03  06       062600      -0.097361
2016  03  06       062700      -0.10751
2016  03  06       062800      -0.10793
2016  03  06       062900      -0.13789
2016  03  06       063000      -0.11072
2016  03  06       063100      -0.096755
2016  03  06       063200      -0.091244
2016  03  06       063300      -0.076625
2016  03  06       063400      -0.083101
2016  03  06       063500      -0.11707
2016  03  06       063600      -0.12765
2016  03  06       063700      -0.13635
2016  03  06       063800      -0.16142
2016  03  06       063900      -0.17212
2016  03  06       064000      -0.16655
2016  03  06       064100      -0.083819
2016  03  06       064200      -0.097943
2016  03  06       064300      -0.083881
2016  03  06       064400      -0.099755
2016  03  06       064500      -0.047953
2016  03  06       064600      -0.015358
2016  03  06       064700      -0.021631
2016  03  06       064800      -0.0094618
2016  03  06       064900      -0.0063121
2016  03  06       065000      0.10465
2016  03  06       065100      0.097389
2016  03  06       065200      0.19326
2016  03  06       065300      0.19927
2016  03  06       065400      0.20871
2016  03  06       065500      0.15156
2016  03  06       065600      0.22341
2016  03  06       065700      0.20339
2016  03  06       065800      0.19946
2016  03  06       065900      0.13457
2016  03  06       070000      0.093996
2016  03  06       070100      0.011568
2016  03  06       070200      -0.006406
2016  03  06       070300      -0.07046
2016  03  06       070400      -0.056327
2016  03  06       070500      -0.12965
2016  03  06       070600      -0.21077
2016  03  06       070700      -0.25358
2016  03  06       070800      -0.19961
2016  03  06       070900      -0.17089
2016  03  06       071000      -0.059768
2016  03  06       071100      0.24675
2016  03  06       071200      0.36324
2016  03  06       071300      0.48645
2016  03  06       071400      0.47313
2016  03  06       071500      0.29383
2016  03  06       071600      -0.023854
2016  03  06       071700      -0.19961
2016  03  06       071800      -0.31235
2016  03  06       071900      -0.34546
2016  03  06       072000      -0.36015
2016  03  06       072100      -0.3231
2016  03  06       072200      -0.27019
2016  03  06       072300      -0.2158
2016  03  06       072400      -0.14071
2016  03  06       072500      -0.088333
2016  03  06       072600      -0.015094
2016  03  06       072700      0.0081656
2016  03  06       072800      0.0056011
2016  03  06       072900      0.004069
2016  03  06       073000      0.005004
2016  03  06       073100      -0.0036856
2016  03  06       073200      -0.0082308
2016  03  06       073300      0.070961
2016  03  06       073400      0.025961
2016  03  06       073500      0.051243
2016  03  06       073600      0.04148
2016  03  06       073700      -0.048977
2016  03  06       073800      -0.053569
2016  03  06       073900      -0.059238
2016  03  06       074000      -0.033356
2016  03  06       074100      -0.063143
2016  03  06       074200      -0.039726
2016  03  06       074300      -0.029679
2016  03  06       074400      -0.016918
2016  03  06       074500      -0.0064544
2016  03  06       074600      0.025509
2016  03  06       074700      0.062919
2016  03  06       074800      0.05869
2016  03  06       074900      0.11887
2016  03  06       075000      0.14369
2016  03  06       075100      0.11699
2016  03  06       075200      0.066795
2016  03  06       075300      0.014197
2016  03  06       075400      0.022868
2016  03  06       075500      -0.010848
2016  03  06       075600      0.0021038
2016  03  06       075700      -0.0089051
2016  03  06       075800      0.0020286
2016  03  06       075900      -0.011273
2016  03  06       080000      -0.039935
2016  03  06       080100      -0.12985
2016  03  06       080200      -0.124
2016  03  06       080300      -0.15045
2016  03  06       080400      -0.2934
2016  03  06       080500      -0.49336
2016  03  06       080600      -0.54239
2016  03  06       080700      -0.63539
2016  03  06       080800      -0.6167
2016  03  06       080900      -0.6255
2016  03  06       081000      -0.56409
2016  03  06       081100      -0.49702
2016  03  06       081200      -0.33279
2016  03  06       081300      -0.12812
2016  03  06       081400      -0.049674
2016  03  06       081500      0.008137
2016  03  06       081600      0.015687
2016  03  06       081700      0.03926
2016  03  06       081800      0.051056
2016  03  06       081900      0.071851
2016  03  06       082000      0.063436
2016  03  06       082100      0.050536
2016  03  06       082200      -0.00086326
2016  03  06       082300      -0.040677
2016  03  06       082400      -0.063932
2016  03  06       082500      -0.059604
2016  03  06       082600      -0.068799
2016  03  06       082700      -0.091604
2016  03  06       082800      -0.11088
2016  03  06       082900      -0.10926
2016  03  06       083000      -0.13527
2016  03  06       083100      -0.15111
2016  03  06       083200      -0.16471
2016  03  06       083300      -0.15993
2016  03  06       083400      -0.18142
2016  03  06       083500      -0.18267
2016  03  06       083600      -0.17635
2016  03  06       083700      -0.16881
2016  03  06       083800      -0.17707
2016  03  06       083900      -0.15903
2016  03  06       084000      -0.13956
2016  03  06       084100      -0.10134
2016  03  06       084200      -0.049739
2016  03  06       084300      -0.034422
2016  03  06       084400      0.0029457
2016  03  06       084500      0.045102
2016  03  06       084600      0.099446
2016  03  06       084700      0.1064
2016  03  06       084800      0.12358
2016  03  06       084900      0.10719
2016  03  06       085000      0.14216
2016  03  06       085100      0.14033
2016  03  06       085200      0.25239
2016  03  06       085300      0.26766
2016  03  06       085400      0.27045
2016  03  06       085500      0.23139
2016  03  06       085600      0.22548
2016  03  06       085700      0.21362
2016  03  06       085800      0.21387
2016  03  06       085900      0.1932
2016  03  06       090000      0.21423
2016  03  06       090100      0.18901
2016  03  06       090200      0.205
2016  03  06       090300      0.18247
2016  03  06       090400      0.096347
2016  03  06       090500      0.074224
2016  03  06       090600      0.0070349
2016  03  06       090700      -0.039129
2016  03  06       090800      -0.049146
2016  03  06       090900      -0.048054
2016  03  06       091000      -0.066483
2016  03  06       091100      -0.095606
2016  03  06       091200      -0.1262
2016  03  06       091300      -0.10139
2016  03  06       091400      -0.063395
2016  03  06       091500      -0.046485
2016  03  06       091600      -0.011261
2016  03  06       091700      -0.022532
2016  03  06       091800      0.041866
2016  03  06       091900      0.049946
2016  03  06       092000      0.10607
2016  03  06       092100      0.15945
2016  03  06       092200      0.17234
2016  03  06       092300      0.098416
2016  03  06       092400      0.00058692
2016  03  06       092500      -0.15206
2016  03  06       092600      -0.36209
2016  03  06       092700      -0.45104
2016  03  06       092800      -0.48713
2016  03  06       092900      -0.48082
2016  03  06       093000      -0.46151
2016  03  06       093100      -0.38044
2016  03  06       093200      -0.3448
2016  03  06       093300      -0.24861
2016  03  06       093400      -0.26225
2016  03  06       093500      -0.19168
2016  03  06       093600      -0.14985
2016  03  06       093700      -0.095669
2016  03  06       093800      -0.078253
2016  03  06       093900      -0.056578
2016  03  06       094000      -0.029795
2016  03  06       094100      -0.015115
2016  03  06       094200      -0.02522
2016  03  06       094300      0.00069094
2016  03  06       094400      -0.010839
2016  03  06       094500      -0.0070981
2016  03  06       094600      -0.00157
2016  03  06       094700      -0.026598
2016  03  06       094800      -0.020867
2016  03  06       094900      -0.026562
2016  03  06       095000      -0.019845
2016  03  06       095100      0.049093
2016  03  06       095200      0.057505
2016  03  06       095300      0.091666
2016  03  06       095400      0.08815
2016  03  06       095500      0.099986
2016  03  06       095600      0.092208
2016  03  06       095700      0.10296
2016  03  06       095800      0.089417
2016  03  06       095900      0.083801
2016  03  06       100000      0.061411
2016  03  06       100100      0.053681
2016  03  06       100200      0.050682
2016  03  06       100300      0.044024
2016  03  06       100400      0.039744
2016  03  06       100500      0.049722
2016  03  06       100600      0.02651
2016  03  06       100700      0.028339
2016  03  06       100800      0.044861
2016  03  06       100900      0.047294
2016  03  06       101000      0.054303
2016  03  06       101100      0.044587
2016  03  06       101200      0.028324
2016  03  06       101300      0.029188
2016  03  06       101400      0.036766
2016  03  06       101500      0.034119
2016  03  06       101600      0.049664
2016  03  06       101700      0.058759
2016  03  06       101800      0.070647
2016  03  06       101900      0.08683
2016  03  06       102000      0.10377
2016  03  06       102100      0.16734
2016  03  06       102200      0.16326
2016  03  06       102300      0.17211
2016  03  06       102400      0.19529
2016  03  06       102500      0.14409
2016  03  06       102600      0.14655
2016  03  06       102700      0.11494
2016  03  06       102800      0.087389
2016  03  06       102900      0.076195
2016  03  06       103000      0.074813
2016  03  06       103100      0.066193
2016  03  06       103200      0.090049
2016  03  06       103300      0.064275
2016  03  06       103400      0.062431
2016  03  06       103500      0.0010273
2016  03  06       103600      -0.096321
2016  03  06       103700      -0.1641
2016  03  06       103800      -0.19155
2016  03  06       103900      -0.17247
2016  03  06       104000      -0.17908
2016  03  06       104100      -0.15786
2016  03  06       104200      -0.15397
2016  03  06       104300      -0.16968
2016  03  06       104400      -0.16687
2016  03  06       104500      -0.17153
2016  03  06       104600      -0.1167
2016  03  06       104700      -0.10305
2016  03  06       104800      -0.077957
2016  03  06       104900      -0.083284
2016  03  06       105000      -0.089772
2016  03  06       105100      -0.10236
2016  03  06       105200      -0.048655
2016  03  06       105300      0.048858
2016  03  06       105400      0.12763
2016  03  06       105500      0.076428
2016  03  06       105600      0.056504
2016  03  06       105700      0.076153
2016  03  06       105800      0.10854
2016  03  06       105900      0.12079
2016  03  06       110000      0.18864
2016  03  06       110100      0.23468
2016  03  06       110200      0.22922
2016  03  06       110300      0.19603
2016  03  06       110400      0.17286
2016  03  06       110500      0.14088
2016  03  06       110600      0.11138
2016  03  06       110700      0.043032
2016  03  06       110800      0.016915
2016  03  06       110900      -0.071594
2016  03  06       111000      -0.079944
2016  03  06       111100      -0.070783
2016  03  06       111200      -0.10828
2016  03  06       111300      -0.065833
2016  03  06       111400      -0.063601
2016  03  06       111500      -0.054384
2016  03  06       111600      -0.047855
2016  03  06       111700      -0.080128
2016  03  06       111800      -0.052865
2016  03  06       111900      -0.066745
2016  03  06       112000      -0.053499
2016  03  06       112100      -0.12704
2016  03  06       112200      -0.13482
2016  03  06       112300      -0.15416
2016  03  06       112400      -0.12491
2016  03  06       112500      -0.099501
2016  03  06       112600      -0.080631
2016  03  06       112700      -0.067446
2016  03  06       112800      -0.047381
2016  03  06       112900      -0.15982
2016  03  06       113000      -0.32237
2016  03  06       113100      -0.45649
2016  03  06       113200      -0.51467
2016  03  06       113300      -0.53765
2016  03  06       113400      -0.4738
2016  03  06       113500      -0.39543
2016  03  06       113600      -0.24934
2016  03  06       113700      -0.14941
2016  03  06       113800      -0.078646
2016  03  06       113900      -0.040729
2016  03  06       114000      -0.017878
2016  03  06       114100      -0.018867
2016  03  06       114200      -0.03088
2016  03  06       114300      -0.048943
2016  03  06       114400      -0.038059
2016  03  06       114500      -0.071538
2016  03  06       114600      -0.057204
2016  03  06       114700      -0.04642
2016  03  06       114800      -0.011511
2016  03  06       114900      -0.022588
2016  03  06       115000      -0.039348
2016  03  06       115100      -0.039001
2016  03  06       115200      -0.032275
2016  03  06       115300      -0.045265
2016  03  06       115400      -0.057164
2016  03  06       115500      -0.058908
2016  03  06       115600      -0.071783
2016  03  06       115700      -0.081916
2016  03  06       115800      -0.090483
2016  03  06       115900      -0.11079
2016  03  06       120000      -0.072588
2016  03  06       120100      -0.06015
2016  03  06       120200      -0.023584
2016  03  06       120300      -0.025103
2016  03  06       120400      0.0039972
2016  03  06       120500      0.015866
2016  03  06       120600      0.015279
2016  03  06       120700      -0.01507
2016  03  06       120800      -0.011454
2016  03  06       120900      -0.037404
2016  03  06       121000      -0.039932
2016  03  06       121100      -0.048806
2016  03  06       121200      -0.022097
2016  03  06       121300      -0.035256
2016  03  06       121400      -0.0090726
2016  03  06       121500      -0.028578
2016  03  06       121600      -0.019492
2016  03  06       121700      -0.038109
2016  03  06       121800      -0.021071
2016  03  06       121900      -0.045647
2016  03  06       122000      -0.044523
2016  03  06       122100      -0.066071
2016  03  06       122200      -0.049924
2016  03  06       122300      -0.063663
2016  03  06       122400      -0.052033
2016  03  06       122500      -0.064791
2016  03  06       122600      -0.031954
2016  03  06       122700      0.0014478
2016  03  06       122800      0.00030764
2016  03  06       122900      0.0020335
2016  03  06       123000      0.012612
2016  03  06       123100      -0.018662
2016  03  06       123200      -0.0010102
2016  03  06       123300      -0.011829
2016  03  06       123400      -0.0032126
2016  03  06       123500      0.052091
2016  03  06       123600      0.06158
2016  03  06       123700      0.0711
2016  03  06       123800      0.071029
2016  03  06       123900      0.04003
2016  03  06       124000      0.051072
2016  03  06       124100      0.014088
2016  03  06       124200      -0.0051041
2016  03  06       124300      -0.057225
2016  03  06       124400      -0.11039
2016  03  06       124500      -0.12954
2016  03  06       124600      -0.078606
2016  03  06       124700      -0.037314
2016  03  06       124800      0.019424
2016  03  06       124900      0.18241
2016  03  06       125000      0.27428
2016  03  06       125100      0.30184
2016  03  06       125200      0.27595
2016  03  06       125300      0.15829
2016  03  06       125400      0.10412
2016  03  06       125500      -0.01087
2016  03  06       125600      -0.013544
2016  03  06       125700      -0.089964
2016  03  06       125800      -0.19724
2016  03  06       125900      -0.28259
2016  03  06       130000      -0.29795
2016  03  06       130100      -0.29758
2016  03  06       130200      -0.20663
2016  03  06       130300      -0.13828
2016  03  06       130400      -0.069515
2016  03  06       130500      -0.056163
2016  03  06       130600      -0.012871
2016  03  06       130700      -0.0095506
2016  03  06       130800      0.038398
2016  03  06       130900      -0.01097
2016  03  06       131000      0.009286
2016  03  06       131100      0.097707
2016  03  06       131200      0.10809
2016  03  06       131300      0.076547
2016  03  06       131400      0.12791
2016  03  06       131500      0.17591
2016  03  06       131600      0.21649
2016  03  06       131700      0.20012
2016  03  06       131800      0.20143
2016  03  06       131900      0.19513
2016  03  06       132000      0.22136
2016  03  06       132100      0.20462
2016  03  06       132200      0.21024
2016  03  06       132300      0.16156
2016  03  06       132400      0.21313
2016  03  06       132500      0.16788
2016  03  06       132600      0.099728
2016  03  06       132700      0.04178
2016  03  06       132800      0.052794
2016  03  06       132900      0.026948
2016  03  06       133000      0.041762
2016  03  06       133100      0.04823
2016  03  06       133200      0.032949
2016  03  06       133300      0.0016327
2016  03  06       133400      -0.0050702
2016  03  06       133500      -0.05054
2016  03  06       133600      -0.00374
2016  03  06       133700      -0.0086454
2016  03  06       133800      -0.019654
2016  03  06       133900      -0.041723
2016  03  06       134000      -0.068391
2016  03  06       134100      -0.10929
2016  03  06       134200      -0.097417
2016  03  06       134300      -0.090869
2016  03  06       134400      -0.10436
2016  03  06       134500      -0.13676
2016  03  06       134600      -0.16583
2016  03  06       134700      -0.25269
2016  03  06       134800      -0.27524
2016  03  06       134900      -0.30836
2016  03  06       135000      -0.32417
2016  03  06       135100      -0.37167
2016  03  06       135200      -0.35888
2016  03  06       135300      -0.33539
2016  03  06       135400      -0.28468
2016  03  06       135500      -0.25585
2016  03  06       135600      -0.22866
2016  03  06       135700      -0.19249
2016  03  06       135800      -0.17163
2016  03  06       135900      -0.15203
2016  03  06       140000      -0.10784
2016  03  06       140100      -0.12531
2016  03  06       140200      -0.086761
2016  03  06       140300      -0.10132
2016  03  06       140400      -0.09523
2016  03  06       140500      -0.12109
2016  03  06       140600      -0.12372
2016  03  06       140700      -0.10713
2016  03  06       140800      -0.12603
2016  03  06       140900      -0.073735
2016  03  06       141000      -0.043182
2016  03  06       141100      -0.00024897
2016  03  06       141200      0.04515
2016  03  06       141300      0.058336
2016  03  06       141400      0.096888
2016  03  06       141500      0.041337
2016  03  06       141600      0.016521
2016  03  06       141700      0.060197
2016  03  06       141800      0.22576
2016  03  06       141900      0.29548
2016  03  06       142000      0.25963
2016  03  06       142100      0.21417
2016  03  06       142200      0.11017
2016  03  06       142300      0.010898
2016  03  06       142400      -0.037357
2016  03  06       142500      -0.026491
2016  03  06       142600      -0.041187
2016  03  06       142700      -0.076905
2016  03  06       142800      -0.036838
2016  03  06       142900      0.023395
2016  03  06       143000      0.063237
2016  03  06       143100      0.04794
2016  03  06       143200      0.053754
2016  03  06       143300      0.039508
2016  03  06       143400      0.046153
2016  03  06       143500      0.027749
2016  03  06       143600      0.031287
2016  03  06       143700      0.016607
2016  03  06       143800      0.0087271
2016  03  06       143900      -0.031799
2016  03  06       144000      -0.065659
2016  03  06       144100      -0.067294
2016  03  06       144200      -0.095148
2016  03  06       144300      -0.13302
2016  03  06       144400      -0.11507
2016  03  06       144500      -0.10357
2016  03  06       144600      -0.11043
2016  03  06       144700      -0.11508
2016  03  06       144800      -0.1118
2016  03  06       144900      -0.092582
2016  03  06       145000      -0.10937
2016  03  06       145100      -0.12889
2016  03  06       145200      -0.13373
2016  03  06       145300      -0.20912
2016  03  06       145400      -0.27671
2016  03  06       145500      -0.31313
2016  03  06       145600      -0.28224
2016  03  06       145700      -0.29004
2016  03  06       145800      -0.27426
2016  03  06       145900      -0.29796
2016  03  06       150000      -0.282
2016  03  06       150100      -0.28714
2016  03  06       150200      -0.24646
2016  03  06       150300      -0.2683
2016  03  06       150400      -0.2581
2016  03  06       150500      -0.27569
2016  03  06       150600      -0.28737
2016  03  06       150700      -0.29777
2016  03  06       150800      -0.2815
2016  03  06       150900      -0.32309
2016  03  06       151000      -0.34612
2016  03  06       151100      -0.41053
2016  03  06       151200      -0.44786
2016  03  06       151300      -0.46086
2016  03  06       151400      -0.40104
2016  03  06       151500      -0.32379
2016  03  06       151600      -0.20415
2016  03  06       151700      -0.17792
2016  03  06       151800      -0.15694
2016  03  06       151900      -0.13028
2016  03  06       152000      -0.13688
2016  03  06       152100      -0.20069
2016  03  06       152200      -0.15499
2016  03  06       152300      -0.17018
2016  03  06       152400      -0.19948
2016  03  06       152500      -0.24922
2016  03  06       152600      -0.23635
2016  03  06       152700      -0.23563
2016  03  06       152800      -0.1467
2016  03  06       152900      -0.11693
2016  03  06       153000      -0.16176
2016  03  06       153100      -0.3307
2016  03  06       153200      -0.42369
2016  03  06       153300      -0.45666
2016  03  06       153400      -0.36268
2016  03  06       153500      -0.26703
2016  03  06       153600      -0.24758
2016  03  06       153700      -0.38094
2016  03  06       153800      -0.51759
2016  03  06       153900      -0.58953
2016  03  06       154000      -0.54166
2016  03  06       154100      -0.47217
2016  03  06       154200      -0.3402
2016  03  06       154300      -0.34021
2016  03  06       154400      -0.34773
2016  03  06       154500      -0.39996
2016  03  06       154600      -0.40623
2016  03  06       154700      -0.43622
2016  03  06       154800      -0.43658
2016  03  06       154900      -0.48175
2016  03  06       155000      -0.46629
2016  03  06       155100      -0.45932
2016  03  06       155200      -0.44666
2016  03  06       155300      -0.42582
2016  03  06       155400      -0.43059
2016  03  06       155500      -0.47336
2016  03  06       155600      -0.43969
2016  03  06       155700      -0.42714
2016  03  06       155800      -0.39635
2016  03  06       155900      -0.39113
2016  03  06       160000      -0.3187
2016  03  06       160100      -0.27296
2016  03  06       160200      -0.21991
2016  03  06       160300      -0.23503
2016  03  06       160400      -0.24359
2016  03  06       160500      -0.39258
2016  03  06       160600      -0.46295
2016  03  06       160700      -0.50858
2016  03  06       160800      -0.56025
2016  03  06       160900      -0.64513
2016  03  06       161000      -0.69106
2016  03  06       161100      -0.72256
2016  03  06       161200      -0.69385
2016  03  06       161300      -0.73944
2016  03  06       161400      -0.81505
2016  03  06       161500      -0.866
2016  03  06       161600      -0.85864
2016  03  06       161700      -0.85267
2016  03  06       161800      -0.81625
2016  03  06       161900      -0.79484
2016  03  06       162000      -0.7182
2016  03  06       162100      -0.68572
2016  03  06       162200      -0.61659
2016  03  06       162300      -0.62155
2016  03  06       162400      -0.6264
2016  03  06       162500      -0.57962
2016  03  06       162600      -0.47056
2016  03  06       162700      -0.43563
2016  03  06       162800      -0.38221
2016  03  06       162900      -0.35311
2016  03  06       163000      -0.30503
2016  03  06       163100      -0.28969
2016  03  06       163200      -0.24733
2016  03  06       163300      -0.29115
2016  03  06       163400      -0.23517
2016  03  06       163500      -0.12677
2016  03  06       163600      -0.12005
2016  03  06       163700      -0.067845
2016  03  06       163800      -0.091961
2016  03  06       163900      -0.17723
2016  03  06       164000      -0.20663
2016  03  06       164100      -0.23791
2016  03  06       164200      -0.26958
2016  03  06       164300      -0.35586
2016  03  06       164400      -0.35759
2016  03  06       164500      -0.41549
2016  03  06       164600      -0.42287
2016  03  06       164700      -0.46885
2016  03  06       164800      -0.44973
2016  03  06       164900      -0.49708
2016  03  06       165000      -0.49971
2016  03  06       165100      -0.51334
2016  03  06       165200      -0.52123
2016  03  06       165300      -0.52625
2016  03  06       165400      -0.56903
2016  03  06       165500      -0.6866
2016  03  06       165600      -0.76525
2016  03  06       165700      -0.89075
2016  03  06       165800      -0.96391
2016  03  06       165900      -1.0143
2016  03  06       170000      -1.0291
2016  03  06       170100      -1.0499
2016  03  06       170200      -1.0606
2016  03  06       170300      -1.0834
2016  03  06       170400      -1.0536
2016  03  06       170500      -1.1136
2016  03  06       170600      -1.098
2016  03  06       170700      -1.1402
2016  03  06       170800      -1.1324
2016  03  06       170900      -1.1751
2016  03  06       171000      -1.158
2016  03  06       171100      -1.1488
2016  03  06       171200      -1.1075
2016  03  06       171300      -1.1346
2016  03  06       171400      -1.1112
2016  03  06       171500      -1.0976
2016  03  06       171600      -1.0541
2016  03  06       171700      -1.03
2016  03  06       171800      -0.99816
2016  03  06       171900      -0.97633
2016  03  06       172000      -0.93793
2016  03  06       172100      -0.82004
2016  03  06       172200      -0.75406
2016  03  06       172300      -0.80174
2016  03  06       172400      -0.86273
2016  03  06       172500      -0.87642
2016  03  06       172600      -0.84058
2016  03  06       172700      -0.76506
2016  03  06       172800      -0.69684
2016  03  06       172900      -0.64891
2016  03  06       173000      -0.5494
2016  03  06       173100      -0.47894
2016  03  06       173200      -0.4376
2016  03  06       173300      -0.46424
2016  03  06       173400      -0.53572
2016  03  06       173500      -0.62845
2016  03  06       173600      -0.84647
2016  03  06       173700      -1.0343
2016  03  06       173800      -1.1736
2016  03  06       173900      -1.1568
2016  03  06       174000      -1.1412
2016  03  06       174100      -1.0825
2016  03  06       174200      -0.98624
2016  03  06       174300      -0.91583
2016  03  06       174400      -0.86707
2016  03  06       174500      -0.82936
2016  03  06       174600      -0.7923
2016  03  06       174700      -0.77251
2016  03  06       174800      -0.71498
2016  03  06       174900      -0.72486
2016  03  06       175000      -0.68352
2016  03  06       175100      -0.63792
2016  03  06       175200      -0.5309
2016  03  06       175300      -0.46943
2016  03  06       175400      -0.39631
2016  03  06       175500      -0.38455
2016  03  06       175600      -0.3491
2016  03  06       175700      -0.34477
2016  03  06       175800      -0.33738
2016  03  06       175900      -0.36352
2016  03  06       180000      -0.34439
2016  03  06       180100      -0.32672
2016  03  06       180200      -0.27698
2016  03  06       180300      -0.27099
2016  03  06       180400      -0.21716
2016  03  06       180500      -0.14565
2016  03  06       180600      -0.12051
2016  03  06       180700      -0.1281
2016  03  06       180800      -0.15343
2016  03  06       180900      -0.14056
2016  03  06       181000      -0.1353
2016  03  06       181100      -0.1092
2016  03  06       181200      -0.05791
2016  03  06       181300      -0.062265
2016  03  06       181400      -0.0078254
2016  03  06       181500      -0.015569
2016  03  06       181600      0.013593
2016  03  06       181700      0.06327
2016  03  06       181800      0.079483
2016  03  06       181900      0.15378
2016  03  06       182000      0.16501
2016  03  06       182100      0.189
2016  03  06       182200      0.27066
2016  03  06       182300      0.24952
2016  03  06       182400      0.26395
2016  03  06       182500      0.16387
2016  03  06       182600      0.095236
2016  03  06       182700      -0.041917
2016  03  06       182800      -0.17025
2016  03  06       182900      -0.29583
2016  03  06       183000      -0.40464
2016  03  06       183100      -0.55796
2016  03  06       183200      -0.71021
2016  03  06       183300      -0.85481
2016  03  06       183400      -0.89352
2016  03  06       183500      -0.91438
2016  03  06       183600      -0.85943
2016  03  06       183700      -0.84326
2016  03  06       183800      -0.79345
2016  03  06       183900      -0.75189
2016  03  06       184000      -0.68498
2016  03  06       184100      -0.65296
2016  03  06       184200      -0.61535
2016  03  06       184300      -0.58513
2016  03  06       184400      -0.53006
2016  03  06       184500      -0.50406
2016  03  06       184600      -0.42215
2016  03  06       184700      -0.38852
2016  03  06       184800      -0.37223
2016  03  06       184900      -0.3287
2016  03  06       185000      -0.32676
2016  03  06       185100      -0.35719
2016  03  06       185200      -0.33203
2016  03  06       185300      -0.28414
2016  03  06       185400      -0.25961
2016  03  06       185500      -0.24671
2016  03  06       185600      -0.23795
2016  03  06       185700      -0.27051
2016  03  06       185800      -0.31003
2016  03  06       185900      -0.31467
2016  03  06       190000      -0.263
2016  03  06       190100      -0.21354
2016  03  06       190200      -0.13423
2016  03  06       190300      -0.1806
2016  03  06       190400      -0.22252
2016  03  06       190500      -0.26403
2016  03  06       190600      -0.27494
2016  03  06       190700      -0.33084
2016  03  06       190800      -0.35288
2016  03  06       190900      -0.38717
2016  03  06       191000      -0.39037
2016  03  06       191100      -0.4467
2016  03  06       191200      -0.45089
2016  03  06       191300      -0.47805
2016  03  06       191400      -0.49764
2016  03  06       191500      -0.53635
2016  03  06       191600      -0.57813
2016  03  06       191700      -0.6182
2016  03  06       191800      -0.60821
2016  03  06       191900      -0.66234
2016  03  06       192000      -0.65704
2016  03  06       192100      -0.7347
2016  03  06       192200      -0.78202
2016  03  06       192300      -0.81198
2016  03  06       192400      -0.83053
2016  03  06       192500      -0.86685
2016  03  06       192600      -0.87957
2016  03  06       192700      -0.85924
2016  03  06       192800      -0.8318
2016  03  06       192900      -0.8032
2016  03  06       193000      -0.75419
2016  03  06       193100      -0.75651
2016  03  06       193200      -0.73659
2016  03  06       193300      -0.77813
2016  03  06       193400      -0.771
2016  03  06       193500      -0.78838
2016  03  06       193600      -0.72447
2016  03  06       193700      -0.72316
2016  03  06       193800      -0.66232
2016  03  06       193900      -0.65572
2016  03  06       194000      -0.61793
2016  03  06       194100      -0.62559
2016  03  06       194200      -0.61631
2016  03  06       194300      -0.60307
2016  03  06       194400      -0.54172
2016  03  06       194500      -0.5182
2016  03  06       194600      -0.41321
2016  03  06       194700      -0.36094
2016  03  06       194800      -0.28773
2016  03  06       194900      -0.3219
2016  03  06       195000      -0.19258
2016  03  06       195100      -0.12071
2016  03  06       195200      -0.043256
2016  03  06       195300      -0.034266
2016  03  06       195400      0.03125
2016  03  06       195500      0.050764
2016  03  06       195600      0.044643
2016  03  06       195700      0.058648
2016  03  06       195800      0.071368
2016  03  06       195900      0.045699
2016  03  06       200000      0.054553
2016  03  06       200100      0.061962
2016  03  06       200200      0.10074
2016  03  06       200300      0.12865
2016  03  06       200400      0.18225
2016  03  06       200500      0.19706
2016  03  06       200600      0.21566
2016  03  06       200700      0.12221
2016  03  06       200800      0.097476
2016  03  06       200900      0.05277
2016  03  06       201000      -0.020659
2016  03  06       201100      -0.065998
2016  03  06       201200      -0.10643
2016  03  06       201300      -0.2467
2016  03  06       201400      -0.23228
2016  03  06       201500      -0.33475
2016  03  06       201600      -0.4046
2016  03  06       201700      -0.49591
2016  03  06       201800      -0.46038
2016  03  06       201900      -0.48076
2016  03  06       202000      -0.39938
2016  03  06       202100      -0.20872
2016  03  06       202200      0.17866
2016  03  06       202300      0.42984
2016  03  06       202400      0.5517
2016  03  06       202500      0.63637
2016  03  06       202600      0.7342
2016  03  06       202700      0.71398
2016  03  06       202800      0.82433
2016  03  06       202900      0.80795
2016  03  06       203000      0.81761
2016  03  06       203100      0.8172
2016  03  06       203200      0.75496
2016  03  06       203300      0.68803
2016  03  06       203400      0.65687
2016  03  06       203500      0.59274
2016  03  06       203600      0.5662
2016  03  06       203700      0.47685
2016  03  06       203800      0.48135
2016  03  06       203900      0.37852
2016  03  06       204000      0.34845
2016  03  06       204100      0.24391
2016  03  06       204200      0.22733
2016  03  06       204300      0.25726
2016  03  06       204400      0.22939
2016  03  06       204500      0.16947
2016  03  06       204600      0.19192
2016  03  06       204700      0.23551
2016  03  06       204800      0.14227
2016  03  06       204900      0.045165
2016  03  06       205000      -0.050626
2016  03  06       205100      -0.15255
2016  03  06       205200      -0.17248
2016  03  06       205300      -0.26583
2016  03  06       205400      -0.36498
2016  03  06       205500      -0.45466
2016  03  06       205600      -0.43715
2016  03  06       205700      -0.51209
2016  03  06       205800      -0.56731
2016  03  06       205900      -0.58465
2016  03  06       210000      -0.59248
2016  03  06       210100      -0.64284
2016  03  06       210200      -0.65725
2016  03  06       210300      -0.7162
2016  03  06       210400      -0.72919
2016  03  06       210500      -0.78971
2016  03  06       210600      -0.80349
2016  03  06       210700      -0.88771
2016  03  06       210800      -0.86139
2016  03  06       210900      -0.79129
2016  03  06       211000      -0.4743
2016  03  06       211100      -0.1262
2016  03  06       211200      0.063142
2016  03  06       211300      0.047472
2016  03  06       211400      -0.11526
2016  03  06       211500      -0.30894
2016  03  06       211600      -0.38319
2016  03  06       211700      -0.45725
2016  03  06       211800      -0.52305
2016  03  06       211900      -0.59513
2016  03  06       212000      -0.61309
2016  03  06       212100      -0.72922
2016  03  06       212200      -0.74408
2016  03  06       212300      -0.77865
2016  03  06       212400      -0.82074
2016  03  06       212500      -0.79299
2016  03  06       212600      -0.70697
2016  03  06       212700      -0.71153
2016  03  06       212800      -0.70755
2016  03  06       212900      -0.78482
2016  03  06       213000      -0.69775
2016  03  06       213100      -0.62517
2016  03  06       213200      -0.51107
2016  03  06       213300      -0.36341
2016  03  06       213400      -0.14745
2016  03  06       213500      0.044151
2016  03  06       213600      0.16149
2016  03  06       213700      0.28211
2016  03  06       213800      0.26619
2016  03  06       213900      0.39178
2016  03  06       214000      0.45202
2016  03  06       214100      0.40384
2016  03  06       214200      0.3411
2016  03  06       214300      0.33013
2016  03  06       214400      0.32638
2016  03  06       214500      0.25996
2016  03  06       214600      0.28294
2016  03  06       214700      0.24259
2016  03  06       214800      0.18073
2016  03  06       214900      0.093009
2016  03  06       215000      0.092942
2016  03  06       215100      0.038448
2016  03  06       215200      -0.079322
2016  03  06       215300      -0.1251
2016  03  06       215400      -0.085731
2016  03  06       215500      -0.17562
2016  03  06       215600      -0.19705
2016  03  06       215700      -0.20108
2016  03  06       215800      -0.31638
2016  03  06       215900      -0.28414
2016  03  06       220000      -0.11555
2016  03  06       220100      -0.030708
2016  03  06       220200      0.10002
2016  03  06       220300      0.14774
2016  03  06       220400      0.18368
2016  03  06       220500      0.20381
2016  03  06       220600      0.19395
2016  03  06       220700      0.18469
2016  03  06       220800      0.20281
2016  03  06       220900      0.25147
2016  03  06       221000      0.26517
2016  03  06       221100      0.19859
2016  03  06       221200      0.10562
2016  03  06       221300      0.11033
2016  03  06       221400      0.085692
2016  03  06       221500      0.0052977
2016  03  06       221600      0.03134
2016  03  06       221700      -0.0084567
2016  03  06       221800      -0.12859
2016  03  06       221900      -0.11274
2016  03  06       222000      -0.042
2016  03  06       222100      0.013845
2016  03  06       222200      0.064598
2016  03  06       222300      0.017557
2016  03  06       222400      0.015094
2016  03  06       222500      0.044071
2016  03  06       222600      0.02789
2016  03  06       222700      0.01362
2016  03  06       222800      -0.042704
2016  03  06       222900      -0.054859
2016  03  06       223000      -0.10116
2016  03  06       223100      -0.17438
2016  03  06       223200      -0.22558
2016  03  06       223300      -0.27738
2016  03  06       223400      -0.29755
2016  03  06       223500      -0.31689
2016  03  06       223600      -0.37509
2016  03  06       223700      -0.4098
2016  03  06       223800      -0.38932
2016  03  06       223900      -0.33212
2016  03  06       224000      -0.29069
2016  03  06       224100      -0.22962
2016  03  06       224200      -0.24257
2016  03  06       224300      -0.23387
2016  03  06       224400      -0.21518
2016  03  06       224500      -0.22503
2016  03  06       224600      -0.20387
2016  03  06       224700      -0.21599
2016  03  06       224800      -0.20238
2016  03  06       224900      -0.20141
2016  03  06       225000      -0.19336
2016  03  06       225100      -0.20303
2016  03  06       225200      -0.14023
2016  03  06       225300      -0.11525
2016  03  06       225400      -0.058121
2016  03  06       225500      -0.076222
2016  03  06       225600      -0.15187
2016  03  06       225700      -0.15753
2016  03  06       225800      -0.20126
2016  03  06       225900      -0.18498
2016  03  06       230000      -0.08205
2016  03  06       230100      -0.077181
2016  03  06       230200      -0.058887
2016  03  06       230300      -0.10548
2016  03  06       230400      -0.19159
2016  03  06       230500      -0.23266
2016  03  06       230600      -0.2499
2016  03  06       230700      -0.24226
2016  03  06       230800      -0.11702
2016  03  06       230900      0.093978
2016  03  06       231000      0.18402
2016  03  06       231100      0.14045
2016  03  06       231200      0.14258
2016  03  06       231300      0.14815
2016  03  06       231400      0.18742
2016  03  06       231500      0.18625
2016  03  06       231600      0.1167
2016  03  06       231700      0.09768
2016  03  06       231800      0.020156
2016  03  06       231900      0.12239
2016  03  06       232000      0.10216
2016  03  06       232100      0.12021
2016  03  06       232200      0.10122
2016  03  06       232300      0.044467
2016  03  06       232400      0.098141
2016  03  06       232500      0.1343
2016  03  06       232600      0.092178
2016  03  06       232700      0.02792
2016  03  06       232800      0.016803
2016  03  06       232900      0.069433
2016  03  06       233000      0.07012
2016  03  06       233100      0.068614
2016  03  06       233200      0.077607
2016  03  06       233300      0.034571
2016  03  06       233400      -0.0054599
2016  03  06       233500      0.016751
2016  03  06       233600      -0.041621
2016  03  06       233700      -0.077033
2016  03  06       233800      -0.11529
2016  03  06       233900      -0.11433
2016  03  06       234000      -0.14654
2016  03  06       234100      -0.22157
2016  03  06       234200      -0.2536
2016  03  06       234300      -0.28892
2016  03  06       234400      -0.41728
2016  03  06       234500      -0.59233
2016  03  06       234600      -0.65643
2016  03  06       234700      -0.68077
2016  03  06       234800      -0.69296
2016  03  06       234900      -0.63543
2016  03  06       235000      -0.66401
2016  03  06       235100      -0.63776
2016  03  06       235200      -0.51632
2016  03  06       235300      -0.35888
2016  03  06       235400      -0.41122
2016  03  06       235500      -0.38658
2016  03  06       235600      -0.38082
2016  03  06       235700      -0.42001
2016  03  06       235800      -0.46519
2016  03  06       235900      -0.47608
2016  03  07       000000      -0.50373
2016  03  07       000100      -0.46244
2016  03  07       000200      -0.45294
2016  03  07       000300      -0.43263
2016  03  07       000400      -0.40074
2016  03  07       000500      -0.4408
2016  03  07       000600      -0.43327
2016  03  07       000700      -0.46716
2016  03  07       000800      -0.41487
2016  03  07       000900      -0.37185
2016  03  07       001000      -0.36489
2016  03  07       001100      -0.33548
2016  03  07       001200      -0.22986
2016  03  07       001300      -0.28001
2016  03  07       001400      -0.2454
2016  03  07       001500      -0.25464
2016  03  07       001600      -0.29404
2016  03  07       001700      -0.31417
2016  03  07       001800      -0.36284
2016  03  07       001900      -0.29456
2016  03  07       002000      -0.42488
2016  03  07       002100      -0.35933
2016  03  07       002200      -0.3402
2016  03  07       002300      -0.33209
2016  03  07       002400      -0.27651
2016  03  07       002500      -0.27207
2016  03  07       002600      -0.25497
2016  03  07       002700      -0.2107
2016  03  07       002800      -0.32898
2016  03  07       002900      -0.236
2016  03  07       003000      -0.081312
2016  03  07       003100      -0.15312
2016  03  07       003200      -0.015506
2016  03  07       003300      -0.082812
2016  03  07       003400      -0.14472
2016  03  07       003500      -0.17787
2016  03  07       003600      -0.068322
2016  03  07       003700      0.11893
2016  03  07       003800      0.22804
2016  03  07       003900      0.20528
2016  03  07       004000      -0.02375
2016  03  07       004100      -0.15692
2016  03  07       004200      -0.10393
2016  03  07       004300      -0.10199
2016  03  07       004400      -0.031894
2016  03  07       004500      -0.049804
2016  03  07       004600      -0.16093
2016  03  07       004700      -0.12607
2016  03  07       004800      -0.12794
2016  03  07       004900      -0.14502
2016  03  07       005000      -0.15693
2016  03  07       005100      -0.13479
2016  03  07       005200      -0.17106
2016  03  07       005300      -0.21938
2016  03  07       005400      -0.17526
2016  03  07       005500      -0.13929
2016  03  07       005600      -0.084823
2016  03  07       005700      -0.23257
2016  03  07       005800      -0.16849
2016  03  07       005900      -0.097826
2016  03  07       010000      -0.093332
2016  03  07       010100      -0.15329
2016  03  07       010200      -0.24623
2016  03  07       010300      -0.23365
2016  03  07       010400      -0.083105
2016  03  07       010500      -0.11738
2016  03  07       010600      -0.14277
2016  03  07       010700      -0.26018
2016  03  07       010800      -0.17603
2016  03  07       010900      -0.10051
2016  03  07       011000      -0.14112
2016  03  07       011100      -0.19941
2016  03  07       011200      -0.15527
2016  03  07       011300      -0.085637
2016  03  07       011400      -0.055903
2016  03  07       011500      -0.073149
2016  03  07       011600      0.0019341
2016  03  07       011700      0.10122
2016  03  07       011800      0.00044437
2016  03  07       011900      0.033603
2016  03  07       012000      0.1567
2016  03  07       012100      0.23389
2016  03  07       012200      0.21144
2016  03  07       012300      0.29172
2016  03  07       012400      0.27302
2016  03  07       012500      0.22852
2016  03  07       012600      0.21214
2016  03  07       012700      0.22321
2016  03  07       012800      0.20398
2016  03  07       012900      0.14052
2016  03  07       013000      0.12358
2016  03  07       013100      0.12628
2016  03  07       013200      0.08093
2016  03  07       013300      0.1107
2016  03  07       013400      0.14124
2016  03  07       013500      0.091047
2016  03  07       013600      0.13604
2016  03  07       013700      0.17702
2016  03  07       013800      0.22305
2016  03  07       013900      0.19505
2016  03  07       014000      0.25618
2016  03  07       014100      0.2524
2016  03  07       014200      0.25878
2016  03  07       014300      0.27026
2016  03  07       014400      0.30269
2016  03  07       014500      0.30048
2016  03  07       014600      0.36261
2016  03  07       014700      0.44888
2016  03  07       014800      0.4971
2016  03  07       014900      0.53937
2016  03  07       015000      0.59391
2016  03  07       015100      0.61039
2016  03  07       015200      0.55343
2016  03  07       015300      0.51376
2016  03  07       015400      0.42935
2016  03  07       015500      0.34019
2016  03  07       015600      0.28049
2016  03  07       015700      0.23279
2016  03  07       015800      0.19747
2016  03  07       015900      0.15324
2016  03  07       020000      0.19238
2016  03  07       020100      0.22587
2016  03  07       020200      0.19202
2016  03  07       020300      0.16624
2016  03  07       020400      0.17278
2016  03  07       020500      0.12651
2016  03  07       020600      0.10047
2016  03  07       020700      0.10099
2016  03  07       020800      0.081995
2016  03  07       020900      0.098276
2016  03  07       021000      0.16303
2016  03  07       021100      0.16588
2016  03  07       021200      0.14047
2016  03  07       021300      0.018288
2016  03  07       021400      0.038901
2016  03  07       021500      0.13198
2016  03  07       021600      0.10353
2016  03  07       021700      -0.0091404
2016  03  07       021800      -0.039733
2016  03  07       021900      0.015199
2016  03  07       022000      0.07868
2016  03  07       022100      0.12226
2016  03  07       022200      0.1785
2016  03  07       022300      0.097763
2016  03  07       022400      0.13981
2016  03  07       022500      0.23639
2016  03  07       022600      0.3299
2016  03  07       022700      0.31253
2016  03  07       022800      0.23118
2016  03  07       022900      0.15446
2016  03  07       023000      0.19424
2016  03  07       023100      0.25598
2016  03  07       023200      0.34385
2016  03  07       023300      0.37248
2016  03  07       023400      0.35387
2016  03  07       023500      0.32205
2016  03  07       023600      0.33993
2016  03  07       023700      0.37797
2016  03  07       023800      0.41866
2016  03  07       023900      0.35851
2016  03  07       024000      0.36621
2016  03  07       024100      0.34251
2016  03  07       024200      0.38854
2016  03  07       024300      0.39803
2016  03  07       024400      0.4762
2016  03  07       024500      0.4581
2016  03  07       024600      0.46862
2016  03  07       024700      0.46134
2016  03  07       024800      0.42259
2016  03  07       024900      0.40924
2016  03  07       025000      0.29367
2016  03  07       025100      0.2571
2016  03  07       025200      0.2639
2016  03  07       025300      0.24177
2016  03  07       025400      0.23005
2016  03  07       025500      0.22571
2016  03  07       025600      0.20723
2016  03  07       025700      0.17054
2016  03  07       025800      0.079564
2016  03  07       025900      0.16946
2016  03  07       030000      0.18685
2016  03  07       030100      0.28336
2016  03  07       030200      0.3854
2016  03  07       030300      0.43525
2016  03  07       030400      0.40851
2016  03  07       030500      0.39092
2016  03  07       030600      0.272
2016  03  07       030700      0.20362
2016  03  07       030800      0.1402
2016  03  07       030900      0.08088
2016  03  07       031000      0.15205
2016  03  07       031100      0.058913
2016  03  07       031200      0.055807
2016  03  07       031300      0.041637
2016  03  07       031400      0.081099
2016  03  07       031500      0.079396
2016  03  07       031600      0.078895
2016  03  07       031700      0.034683
2016  03  07       031800      -0.046604
2016  03  07       031900      -0.015011
2016  03  07       032000      0.091609
2016  03  07       032100      0.12898
2016  03  07       032200      0.14418
2016  03  07       032300      0.088273
2016  03  07       032400      0.050707
2016  03  07       032500      0.048895
2016  03  07       032600      0.032214
2016  03  07       032700      0.067483
2016  03  07       032800      0.11284
2016  03  07       032900      0.14003
2016  03  07       033000      0.13382
2016  03  07       033100      0.11562
2016  03  07       033200      0.1079
2016  03  07       033300      0.15763
2016  03  07       033400      0.061002
2016  03  07       033500      0.055412
2016  03  07       033600      0.029173
2016  03  07       033700      0.015198
2016  03  07       033800      -0.1047
2016  03  07       033900      -0.20203
2016  03  07       034000      -0.21541
2016  03  07       034100      -0.25674
2016  03  07       034200      -0.21825
2016  03  07       034300      -0.028868
2016  03  07       034400      0.13444
2016  03  07       034500      0.32212
2016  03  07       034600      0.46957
2016  03  07       034700      0.35176
2016  03  07       034800      0.24644
2016  03  07       034900      0.21269
2016  03  07       035000      0.19724
2016  03  07       035100      0.056528
2016  03  07       035200      0.043093
2016  03  07       035300      0.057239
2016  03  07       035400      0.0018251
2016  03  07       035500      -0.05524
2016  03  07       035600      -0.086844
2016  03  07       035700      -0.10806
2016  03  07       035800      -0.092594
2016  03  07       035900      -0.075439
2016  03  07       040000      -0.064266
2016  03  07       040100      -0.029187
2016  03  07       040200      0.016677
2016  03  07       040300      0.07619
2016  03  07       040400      0.18056
2016  03  07       040500      0.24038
2016  03  07       040600      0.067109
2016  03  07       040700      0.19095
2016  03  07       040800      0.33764
2016  03  07       040900      0.37137
2016  03  07       041000      0.45297
2016  03  07       041100      0.46086
2016  03  07       041200      0.46237
2016  03  07       041300      0.4513
2016  03  07       041400      0.56045
2016  03  07       041500      0.54363
2016  03  07       041600      0.62032
2016  03  07       041700      0.60128
2016  03  07       041800      0.57455
2016  03  07       041900      0.57131
2016  03  07       042000      0.4992
2016  03  07       042100      0.47806
2016  03  07       042200      0.51951
2016  03  07       042300      0.51566
2016  03  07       042400      0.5127
2016  03  07       042500      0.51317
2016  03  07       042600      0.52358
2016  03  07       042700      0.48071
2016  03  07       042800      0.46889
2016  03  07       042900      0.46926
2016  03  07       043000      0.40068
2016  03  07       043100      0.35627
2016  03  07       043200      0.37898
2016  03  07       043300      0.25882
2016  03  07       043400      0.33057
2016  03  07       043500      0.4048
2016  03  07       043600      0.38535
2016  03  07       043700      0.34781
2016  03  07       043800      0.37922
2016  03  07       043900      0.36811
2016  03  07       044000      0.25757
2016  03  07       044100      0.19268
2016  03  07       044200      0.064061
2016  03  07       044300      -0.22729
2016  03  07       044400      -0.3835
2016  03  07       044500      -0.52386
2016  03  07       044600      -0.68061
2016  03  07       044700      -0.79952
2016  03  07       044800      -0.91102
2016  03  07       044900      -1.0314
2016  03  07       045000      -1.0222
2016  03  07       045100      -1.0069
2016  03  07       045200      -1.0657
2016  03  07       045300      -1.0088
2016  03  07       045400      -0.94462
2016  03  07       045500      -0.90184
2016  03  07       045600      -0.63033
2016  03  07       045700      -0.56254
2016  03  07       045800      -0.59139
2016  03  07       045900      -0.50471
2016  03  07       050000      -0.42049
2016  03  07       050100      -0.37824
2016  03  07       050200      -0.35689
2016  03  07       050300      -0.35311
2016  03  07       050400      -0.38178
2016  03  07       050500      -0.42129
2016  03  07       050600      -0.32549
2016  03  07       050700      -0.23234
2016  03  07       050800      -0.12392
2016  03  07       050900      -0.068952
2016  03  07       051000      0.023643
2016  03  07       051100      0.12884
2016  03  07       051200      0.13749
2016  03  07       051300      0.16607
2016  03  07       051400      0.19214
2016  03  07       051500      0.20652
2016  03  07       051600      0.2147
2016  03  07       051700      0.20235
2016  03  07       051800      0.23476
2016  03  07       051900      0.24917
2016  03  07       052000      0.29329
2016  03  07       052100      0.35466
2016  03  07       052200      0.39004
2016  03  07       052300      0.39001
2016  03  07       052400      0.39986
2016  03  07       052500      0.36938
2016  03  07       052600      0.32318
2016  03  07       052700      0.25106
2016  03  07       052800      0.22501
2016  03  07       052900      0.20366
2016  03  07       053000      0.15983
2016  03  07       053100      0.13376
2016  03  07       053200      0.08708
2016  03  07       053300      0.083765
2016  03  07       053400      0.065485
2016  03  07       053500      0.054172
2016  03  07       053600      0.057963
2016  03  07       053700      0.045247
2016  03  07       053800      0.056635
2016  03  07       053900      0.035114
2016  03  07       054000      0.067426
2016  03  07       054100      0.10035
2016  03  07       054200      0.091932
2016  03  07       054300      0.1025
2016  03  07       054400      0.099132
2016  03  07       054500      0.078468
2016  03  07       054600      0.076585
2016  03  07       054700      0.042787
2016  03  07       054800      0.046281
2016  03  07       054900      0.043992
2016  03  07       055000      0.0063107
2016  03  07       055100      -0.074352
2016  03  07       055200      -0.11174
2016  03  07       055300      -0.15495
2016  03  07       055400      -0.11019
2016  03  07       055500      -0.10225
2016  03  07       055600      -0.12384
2016  03  07       055700      -0.12873
2016  03  07       055800      -0.19594
2016  03  07       055900      -0.20589
2016  03  07       060000      -0.22744
2016  03  07       060100      -0.17831
2016  03  07       060200      -0.2011
2016  03  07       060300      -0.1939
2016  03  07       060400      -0.21554
2016  03  07       060500      -0.17276
2016  03  07       060600      -0.1533
2016  03  07       060700      -0.16094
2016  03  07       060800      -0.23038
2016  03  07       060900      -0.20537
2016  03  07       061000      -0.18393
2016  03  07       061100      -0.15527
2016  03  07       061200      -0.13756
2016  03  07       061300      -0.15472
2016  03  07       061400      -0.12687
2016  03  07       061500      -0.071545
2016  03  07       061600      -0.087681
2016  03  07       061700      -0.04711
2016  03  07       061800      0.033963
2016  03  07       061900      0.03312
2016  03  07       062000      -0.032462
2016  03  07       062100      -0.0075795
2016  03  07       062200      0.039015
2016  03  07       062300      0.040831
2016  03  07       062400      0.034908
2016  03  07       062500      0.036337
2016  03  07       062600      0.019536
2016  03  07       062700      -0.0065858
2016  03  07       062800      0.011468
2016  03  07       062900      0.00026092
2016  03  07       063000      -0.01579
2016  03  07       063100      -0.033936
2016  03  07       063200      -0.085026
2016  03  07       063300      -0.096343
2016  03  07       063400      -0.070401
2016  03  07       063500      -0.082308
2016  03  07       063600      -0.079513
2016  03  07       063700      -0.074431
2016  03  07       063800      -0.035665
2016  03  07       063900      -0.0061118
2016  03  07       064000      -0.047175
2016  03  07       064100      -0.088445
2016  03  07       064200      -0.081515
2016  03  07       064300      -0.0736
2016  03  07       064400      -0.07469
2016  03  07       064500      -0.10651
2016  03  07       064600      -0.059099
2016  03  07       064700      -0.070251
2016  03  07       064800      -0.062135
2016  03  07       064900      -0.060202
2016  03  07       065000      -0.043183
2016  03  07       065100      -0.02079
2016  03  07       065200      9.01E-05
2016  03  07       065300      -5.4E-05
2016  03  07       065400      -0.01272
2016  03  07       065500      -0.033278
2016  03  07       065600      0.014898
2016  03  07       065700      -0.012352
2016  03  07       065800      -0.031483
2016  03  07       065900      -0.035161
2016  03  07       070000      -0.090666
2016  03  07       070100      -0.094794
2016  03  07       070200      -0.11345
2016  03  07       070300      -0.13579
2016  03  07       070400      -0.15252
2016  03  07       070500      -0.15556
2016  03  07       070600      -0.19913
2016  03  07       070700      -0.21102
2016  03  07       070800      -0.22809
2016  03  07       070900      -0.25996
2016  03  07       071000      -0.31726
2016  03  07       071100      -0.38272
2016  03  07       071200      -0.41299
2016  03  07       071300      -0.47666
2016  03  07       071400      -0.52729
2016  03  07       071500      -0.55466
2016  03  07       071600      -0.46812
2016  03  07       071700      -0.44525
2016  03  07       071800      -0.38006
2016  03  07       071900      -0.38013
2016  03  07       072000      -0.37618
2016  03  07       072100      -0.40744
2016  03  07       072200      -0.39767
2016  03  07       072300      -0.41645
2016  03  07       072400      -0.39815
2016  03  07       072500      -0.41216
2016  03  07       072600      -0.41598
2016  03  07       072700      -0.40464
2016  03  07       072800      -0.4042
2016  03  07       072900      -0.37279
2016  03  07       073000      -0.35838
2016  03  07       073100      -0.3306
2016  03  07       073200      -0.32394
2016  03  07       073300      -0.30301
2016  03  07       073400      -0.25742
2016  03  07       073500      -0.25987
2016  03  07       073600      -0.26948
2016  03  07       073700      -0.29218
2016  03  07       073800      -0.30403
2016  03  07       073900      -0.32832
2016  03  07       074000      -0.2966
2016  03  07       074100      -0.30143
2016  03  07       074200      -0.28173
2016  03  07       074300      -0.30913
2016  03  07       074400      -0.28818
2016  03  07       074500      -0.3279
2016  03  07       074600      -0.33734
2016  03  07       074700      -0.37635
2016  03  07       074800      -0.45437
2016  03  07       074900      -0.44065
2016  03  07       075000      -0.43692
2016  03  07       075100      -0.44102
2016  03  07       075200      -0.42899
2016  03  07       075300      -0.43242
2016  03  07       075400      -0.42093
2016  03  07       075500      -0.42509
2016  03  07       075600      -0.43045
2016  03  07       075700      -0.42265
2016  03  07       075800      -0.42935
2016  03  07       075900      -0.45884
2016  03  07       080000      -0.47516
2016  03  07       080100      -0.4962
2016  03  07       080200      -0.52063
2016  03  07       080300      -0.5232
2016  03  07       080400      -0.48449
2016  03  07       080500      -0.49292
2016  03  07       080600      -0.47597
2016  03  07       080700      -0.46735
2016  03  07       080800      -0.50117
2016  03  07       080900      -0.53053
2016  03  07       081000      -0.55958
2016  03  07       081100      -0.58054
2016  03  07       081200      -0.58173
2016  03  07       081300      -0.56229
2016  03  07       081400      -0.5104
2016  03  07       081500      -0.48987
2016  03  07       081600      -0.47585
2016  03  07       081700      -0.45677
2016  03  07       081800      -0.48907
2016  03  07       081900      -0.46058
2016  03  07       082000      -0.37732
2016  03  07       082100      -0.37265
2016  03  07       082200      -0.34774
2016  03  07       082300      -0.29425
2016  03  07       082400      -0.3497
2016  03  07       082500      -0.35194
2016  03  07       082600      -0.21789
2016  03  07       082700      -0.37613
2016  03  07       082800      -0.25717
2016  03  07       082900      -0.27183
2016  03  07       083000      -0.2633
2016  03  07       083100      -0.20451
2016  03  07       083200      -0.20138
2016  03  07       083300      -0.22926
2016  03  07       083400      -0.21545
2016  03  07       083500      -0.064535
2016  03  07       083600      -0.066461
2016  03  07       083700      -0.034146
2016  03  07       083800      0.00028318
2016  03  07       083900      0.018561
2016  03  07       084000      -0.08606
2016  03  07       084100      -0.10006
2016  03  07       084200      -0.11383
2016  03  07       084300      -0.16586
2016  03  07       084400      -0.16995
2016  03  07       084500      -0.14349
2016  03  07       084600      -0.12782
2016  03  07       084700      -0.12633
2016  03  07       084800      -0.097873
2016  03  07       084900      -0.098293
2016  03  07       085000      -0.048264
2016  03  07       085100      -0.064703
2016  03  07       085200      -0.092567
2016  03  07       085300      -0.16142
2016  03  07       085400      -0.18243
2016  03  07       085500      -0.17997
2016  03  07       085600      -0.18509
2016  03  07       085700      -0.21696
2016  03  07       085800      -0.21796
2016  03  07       085900      -0.19803
2016  03  07       090000      -0.24447
2016  03  07       090100      -0.212
2016  03  07       090200      -0.22798
2016  03  07       090300      -0.25316
2016  03  07       090400      -0.24787
2016  03  07       090500      -0.21775
2016  03  07       090600      -0.22083
2016  03  07       090700      -0.22377
2016  03  07       090800      -0.21281
2016  03  07       090900      -0.19818
2016  03  07       091000      -0.1992
2016  03  07       091100      -0.21946
2016  03  07       091200      -0.20686
2016  03  07       091300      -0.18789
2016  03  07       091400      -0.20382
2016  03  07       091500      -0.18833
2016  03  07       091600      -0.20612
2016  03  07       091700      -0.2296
2016  03  07       091800      -0.19147
2016  03  07       091900      -0.18539
2016  03  07       092000      -0.18581
2016  03  07       092100      -0.18438
2016  03  07       092200      -0.16723
2016  03  07       092300      -0.11675
2016  03  07       092400      -0.10439
2016  03  07       092500      -0.083536
2016  03  07       092600      -0.03168
2016  03  07       092700      -0.028591
2016  03  07       092800      -0.024688
2016  03  07       092900      -0.059313
2016  03  07       093000      -0.062146
2016  03  07       093100      -0.042996
2016  03  07       093200      -0.019938
2016  03  07       093300      -0.019031
2016  03  07       093400      -0.0022147
2016  03  07       093500      -0.0028352
2016  03  07       093600      0.0039371
2016  03  07       093700      0.0083675
2016  03  07       093800      0.010849
2016  03  07       093900      0.026793
2016  03  07       094000      0.054106
2016  03  07       094100      0.033624
2016  03  07       094200      0.022849
2016  03  07       094300      0.0035303
2016  03  07       094400      0.0089607
2016  03  07       094500      0.0057633
2016  03  07       094600      0.03463
2016  03  07       094700      0.060755
2016  03  07       094800      0.043059
2016  03  07       094900      0.05541
2016  03  07       095000      0.073983
2016  03  07       095100      0.099564
2016  03  07       095200      0.094479
2016  03  07       095300      0.10967
2016  03  07       095400      0.10661
2016  03  07       095500      0.11169
2016  03  07       095600      0.10704
2016  03  07       095700      0.072279
2016  03  07       095800      0.032493
2016  03  07       095900      0.024964
2016  03  07       100000      0.020351
2016  03  07       100100      0.020002
2016  03  07       100200      -0.03024
2016  03  07       100300      -0.031955
2016  03  07       100400      -0.0379
2016  03  07       100500      -0.036894
2016  03  07       100600      -0.01738
2016  03  07       100700      0.00055571
2016  03  07       100800      0.023804
2016  03  07       100900      0.028593
2016  03  07       101000      0.057506
2016  03  07       101100      0.074104
2016  03  07       101200      0.047391
2016  03  07       101300      0.024489
2016  03  07       101400      -0.0022676
2016  03  07       101500      -0.020038
2016  03  07       101600      -0.048624
2016  03  07       101700      -0.066768
2016  03  07       101800      -0.049559
2016  03  07       101900      -0.067819
2016  03  07       102000      -0.030198
2016  03  07       102100      -0.025023
2016  03  07       102200      -0.03693
2016  03  07       102300      -0.04132
2016  03  07       102400      0.0053807
2016  03  07       102500      0.0036333
2016  03  07       102600      -0.0025641
2016  03  07       102700      -0.02618
2016  03  07       102800      -0.054806
2016  03  07       102900      -0.046379
2016  03  07       103000      -0.033761
2016  03  07       103100      -0.039149
2016  03  07       103200      -0.024197
2016  03  07       103300      -0.03898
2016  03  07       103400      -0.016182
2016  03  07       103500      -0.034949
2016  03  07       103600      -0.010853
2016  03  07       103700      -0.015285
2016  03  07       103800      -0.02364
2016  03  07       103900      -0.03868
2016  03  07       104000      -0.048865
2016  03  07       104100      -0.070689
2016  03  07       104200      -0.076536
2016  03  07       104300      -0.093244
2016  03  07       104400      -0.075735
2016  03  07       104500      -0.09423
2016  03  07       104600      -0.095363
2016  03  07       104700      -0.094269
2016  03  07       104800      -0.067425
2016  03  07       104900      -0.049721
2016  03  07       105000      -0.016563
2016  03  07       105100      -0.03021
2016  03  07       105200      -0.03213
2016  03  07       105300      -0.031971
2016  03  07       105400      -0.071502
2016  03  07       105500      -0.055208
2016  03  07       105600      -0.068562
2016  03  07       105700      -0.06627
2016  03  07       105800      -0.077007
2016  03  07       105900      -0.09911
2016  03  07       110000      -0.10048
2016  03  07       110100      -0.12448
2016  03  07       110200      -0.12812
2016  03  07       110300      -0.14629
2016  03  07       110400      -0.11664
2016  03  07       110500      -0.076541
2016  03  07       110600      -0.044925
2016  03  07       110700      -0.038891
2016  03  07       110800      -0.027361
2016  03  07       110900      -0.063469
2016  03  07       111000      -0.090137
2016  03  07       111100      -0.12578
2016  03  07       111200      -0.11242
2016  03  07       111300      -0.11354
2016  03  07       111400      -0.11539
2016  03  07       111500      -0.14072
2016  03  07       111600      -0.13524
2016  03  07       111700      -0.17509
2016  03  07       111800      -0.1871
2016  03  07       111900      -0.17212
2016  03  07       112000      -0.16432
2016  03  07       112100      -0.22742
2016  03  07       112200      -0.24256
2016  03  07       112300      -0.26838
2016  03  07       112400      -0.26856
2016  03  07       112500      -0.25316
2016  03  07       112600      -0.21364
2016  03  07       112700      -0.20455
2016  03  07       112800      -0.18958
2016  03  07       112900      -0.1724
2016  03  07       113000      -0.16677
2016  03  07       113100      -0.19002
2016  03  07       113200      -0.17592
2016  03  07       113300      -0.16386
2016  03  07       113400      -0.1335
2016  03  07       113500      -0.11717
2016  03  07       113600      -0.11421
2016  03  07       113700      -0.078866
2016  03  07       113800      -0.092324
2016  03  07       113900      -0.10211
2016  03  07       114000      -0.082188
2016  03  07       114100      -0.093807
2016  03  07       114200      -0.04355
2016  03  07       114300      -0.012155
2016  03  07       114400      0.0028021
2016  03  07       114500      -0.0090778
2016  03  07       114600      -0.032884
2016  03  07       114700      -0.02544
2016  03  07       114800      -0.042435
2016  03  07       114900      -0.044415
2016  03  07       115000      -0.007528
2016  03  07       115100      0.020999
2016  03  07       115200      0.046147
2016  03  07       115300      0.10334
2016  03  07       115400      0.12721
2016  03  07       115500      0.14076
2016  03  07       115600      0.17461
2016  03  07       115700      0.23891
2016  03  07       115800      0.29422
2016  03  07       115900      0.34609
2016  03  07       120000      0.31312
2016  03  07       120100      0.18755
2016  03  07       120200      0.20047
2016  03  07       120300      0.1579
2016  03  07       120400      0.14047
2016  03  07       120500      0.099535
2016  03  07       120600      0.13531
2016  03  07       120700      0.10126
2016  03  07       120800      0.16821
2016  03  07       120900      0.17957
2016  03  07       121000      0.20043
2016  03  07       121100      0.19709
2016  03  07       121200      0.21496
2016  03  07       121300      0.1802
2016  03  07       121400      0.20507
2016  03  07       121500      0.2022
2016  03  07       121600      0.19225
2016  03  07       121700      0.211
2016  03  07       121800      0.22972
2016  03  07       121900      0.22332
2016  03  07       122000      0.24454
2016  03  07       122100      0.26681
2016  03  07       122200      0.28245
2016  03  07       122300      0.26708
2016  03  07       122400      0.24028
2016  03  07       122500      0.19444
2016  03  07       122600      0.21697
2016  03  07       122700      0.19192
2016  03  07       122800      0.18661
2016  03  07       122900      0.1848
2016  03  07       123000      0.15611
2016  03  07       123100      0.10188
2016  03  07       123200      0.08047
2016  03  07       123300      0.026481
2016  03  07       123400      0.0084387
2016  03  07       123500      -0.032954
2016  03  07       123600      -0.06707
2016  03  07       123700      -0.10237
2016  03  07       123800      -0.12713
2016  03  07       123900      -0.14641
2016  03  07       124000      -0.18896
2016  03  07       124100      -0.21426
2016  03  07       124200      -0.21208
2016  03  07       124300      -0.21882
2016  03  07       124400      -0.17725
2016  03  07       124500      -0.16249
2016  03  07       124600      -0.15937
2016  03  07       124700      -0.16817
2016  03  07       124800      -0.10743
2016  03  07       124900      -0.085865
2016  03  07       125000      -0.07098
2016  03  07       125100      -0.012955
2016  03  07       125200      0.03174
2016  03  07       125300      0.039027
2016  03  07       125400      0.012074
2016  03  07       125500      0.018091
2016  03  07       125600      0.037136
2016  03  07       125700      0.076036
2016  03  07       125800      0.11018
2016  03  07       125900      0.068958
2016  03  07       130000      0.11259
2016  03  07       130100      0.12159
2016  03  07       130200      0.11891
2016  03  07       130300      0.16802
2016  03  07       130400      0.20736
2016  03  07       130500      0.21627
2016  03  07       130600      0.2912
2016  03  07       130700      0.34298
2016  03  07       130800      0.36833
2016  03  07       130900      0.41081
2016  03  07       131000      0.40783
2016  03  07       131100      0.40111
2016  03  07       131200      0.39912
2016  03  07       131300      0.40732
2016  03  07       131400      0.37406
2016  03  07       131500      0.36333
2016  03  07       131600      0.36035
2016  03  07       131700      0.34114
2016  03  07       131800      0.30507
2016  03  07       131900      0.28362
2016  03  07       132000      0.24762
2016  03  07       132100      0.2068
2016  03  07       132200      0.17007
2016  03  07       132300      0.14719
2016  03  07       132400      0.12641
2016  03  07       132500      0.097718
2016  03  07       132600      0.081871
2016  03  07       132700      0.032992
2016  03  07       132800      0.013849
2016  03  07       132900      -0.015599
2016  03  07       133000      -0.058647
2016  03  07       133100      -0.035319
2016  03  07       133200      -0.063576
2016  03  07       133300      -0.078638
2016  03  07       133400      -0.080491
2016  03  07       133500      -0.11224
2016  03  07       133600      -0.1146
2016  03  07       133700      -0.16079
2016  03  07       133800      -0.1692
2016  03  07       133900      -0.21292
2016  03  07       134000      -0.24535
2016  03  07       134100      -0.29986
2016  03  07       134200      -0.31987
2016  03  07       134300      -0.34859
2016  03  07       134400      -0.3189
2016  03  07       134500      -0.33681
2016  03  07       134600      -0.33223
2016  03  07       134700      -0.33346
2016  03  07       134800      -0.29822
2016  03  07       134900      -0.2572
2016  03  07       135000      -0.25687
2016  03  07       135100      -0.24325
2016  03  07       135200      -0.21304
2016  03  07       135300      -0.20978
2016  03  07       135400      -0.21172
2016  03  07       135500      -0.19267
2016  03  07       135600      -0.14617
2016  03  07       135700      -0.116
2016  03  07       135800      -0.10404
2016  03  07       135900      -0.070707
2016  03  07       140000      -0.063238
2016  03  07       140100      -0.11343
2016  03  07       140200      -0.10902
2016  03  07       140300      -0.13278
2016  03  07       140400      -0.11295
2016  03  07       140500      -0.10837
2016  03  07       140600      -0.12745
2016  03  07       140700      -0.13348
2016  03  07       140800      -0.13938
2016  03  07       140900      -0.13284
2016  03  07       141000      -0.11817
2016  03  07       141100      -0.13194
2016  03  07       141200      -0.10478
2016  03  07       141300      -0.11032
2016  03  07       141400      -0.08738
2016  03  07       141500      -0.074971
2016  03  07       141600      -0.058613
2016  03  07       141700      -0.060157
2016  03  07       141800      -0.067049
2016  03  07       141900      -0.076964
2016  03  07       142000      -0.069957
2016  03  07       142100      -0.074446
2016  03  07       142200      -0.072482
2016  03  07       142300      -0.082405
2016  03  07       142400      -0.052853
2016  03  07       142500      -0.053207
2016  03  07       142600      -0.044924
2016  03  07       142700      -0.054261
2016  03  07       142800      -0.068518
2016  03  07       142900      -0.082312
2016  03  07       143000      -0.086054
2016  03  07       143100      -0.12401
2016  03  07       143200      -0.14363
2016  03  07       143300      -0.16837
2016  03  07       143400      -0.15489
2016  03  07       143500      -0.19998
2016  03  07       143600      -0.18333
2016  03  07       143700      -0.16998
2016  03  07       143800      -0.15604
2016  03  07       143900      -0.15307
2016  03  07       144000      -0.14197
2016  03  07       144100      -0.14843
2016  03  07       144200      -0.1214
2016  03  07       144300      -0.12008
2016  03  07       144400      -0.11651
2016  03  07       144500      -0.15137
2016  03  07       144600      -0.1196
2016  03  07       144700      -0.10928
2016  03  07       144800      -0.1104
2016  03  07       144900      -0.11007
2016  03  07       145000      -0.10298
2016  03  07       145100      -0.099513
2016  03  07       145200      -0.094885
2016  03  07       145300      -0.11155
2016  03  07       145400      -0.10498
2016  03  07       145500      -0.13245
2016  03  07       145600      -0.14337
2016  03  07       145700      -0.20623
2016  03  07       145800      -0.23441
2016  03  07       145900      -0.24089
2016  03  07       150000      -0.26137
2016  03  07       150100      -0.28863
2016  03  07       150200      -0.27145
2016  03  07       150300      -0.29981
2016  03  07       150400      -0.28901
2016  03  07       150500      -0.31107
2016  03  07       150600      -0.31723
2016  03  07       150700      -0.33534
2016  03  07       150800      -0.32812
2016  03  07       150900      -0.3023
2016  03  07       151000      -0.242
2016  03  07       151100      -0.25227
2016  03  07       151200      -0.21995
2016  03  07       151300      -0.24071
2016  03  07       151400      -0.21109
2016  03  07       151500      -0.17761
2016  03  07       151600      -0.1467
2016  03  07       151700      -0.16719
2016  03  07       151800      -0.17995
2016  03  07       151900      -0.2014
2016  03  07       152000      -0.18724
2016  03  07       152100      -0.18675
2016  03  07       152200      -0.15692
2016  03  07       152300      -0.15434
2016  03  07       152400      -0.10515
2016  03  07       152500      -0.10491
2016  03  07       152600      -0.076884
2016  03  07       152700      -0.13033
2016  03  07       152800      -0.11296
2016  03  07       152900      -0.088446
2016  03  07       153000      -0.050252
2016  03  07       153100      -0.026547
2016  03  07       153200      -0.028373
2016  03  07       153300      -0.036399
2016  03  07       153400      -0.020728
2016  03  07       153500      0.00060699
2016  03  07       153600      0.0090146
2016  03  07       153700      0.023323
2016  03  07       153800      -0.0082382
2016  03  07       153900      -0.028359
2016  03  07       154000      -0.026182
2016  03  07       154100      -0.026501
2016  03  07       154200      0.023507
2016  03  07       154300      0.0052219
2016  03  07       154400      0.020586
2016  03  07       154500      0.004984
2016  03  07       154600      -0.0026022
2016  03  07       154700      0.0027958
2016  03  07       154800      0.0023234
2016  03  07       154900      -0.01049
2016  03  07       155000      -0.030598
2016  03  07       155100      -0.063522
2016  03  07       155200      -0.062811
2016  03  07       155300      -0.098328
2016  03  07       155400      -0.056718
2016  03  07       155500      -0.066196
2016  03  07       155600      -0.053344
2016  03  07       155700      -0.049909
2016  03  07       155800      -0.019694
2016  03  07       155900      -0.0070015
2016  03  07       160000      -0.018418
2016  03  07       160100      -0.035255
2016  03  07       160200      -0.022569
2016  03  07       160300      -0.073069
2016  03  07       160400      -0.072837
2016  03  07       160500      -0.10899
2016  03  07       160600      -0.092739
2016  03  07       160700      -0.11182
2016  03  07       160800      -0.10975
2016  03  07       160900      -0.14344
2016  03  07       161000      -0.14208
2016  03  07       161100      -0.11499
2016  03  07       161200      -0.11561
2016  03  07       161300      -0.098236
2016  03  07       161400      -0.072661
2016  03  07       161500      -0.084879
2016  03  07       161600      -0.075299
2016  03  07       161700      -0.075786
2016  03  07       161800      -0.083345
2016  03  07       161900      -0.073937
2016  03  07       162000      -0.056023
2016  03  07       162100      -0.038083
2016  03  07       162200      -0.037023
2016  03  07       162300      -0.036927
2016  03  07       162400      -0.030095
2016  03  07       162500      -0.058981
2016  03  07       162600      -0.037539
2016  03  07       162700      -0.050677
2016  03  07       162800      -0.045686
2016  03  07       162900      -0.038242
2016  03  07       163000      -0.02956
2016  03  07       163100      -0.057396
2016  03  07       163200      -0.10427
2016  03  07       163300      -0.15458
2016  03  07       163400      -0.14801
2016  03  07       163500      -0.17406
2016  03  07       163600      -0.18961
2016  03  07       163700      -0.17425
2016  03  07       163800      -0.17766
2016  03  07       163900      -0.19066
2016  03  07       164000      -0.208
2016  03  07       164100      -0.19427
2016  03  07       164200      -0.11618
2016  03  07       164300      -0.11853
2016  03  07       164400      -0.035253
2016  03  07       164500      0.016332
2016  03  07       164600      0.068317
2016  03  07       164700      0.022524
2016  03  07       164800      0.078578
2016  03  07       164900      0.05388
2016  03  07       165000      0.050374
2016  03  07       165100      0.039148
2016  03  07       165200      0.048987
2016  03  07       165300      0.043407
2016  03  07       165400      0.033587
2016  03  07       165500      -0.0064023
2016  03  07       165600      -0.034203
2016  03  07       165700      -0.051036
2016  03  07       165800      -0.050452
2016  03  07       165900      -0.043311
2016  03  07       170000      -0.0069203
2016  03  07       170100      0.011111
2016  03  07       170200      0.0194
2016  03  07       170300      0.0081242
2016  03  07       170400      0.041018
2016  03  07       170500      0.040267
2016  03  07       170600      0.076906
2016  03  07       170700      0.10954
2016  03  07       170800      0.13163
2016  03  07       170900      0.074935
2016  03  07       171000      0.064733
2016  03  07       171100      -0.0020375
2016  03  07       171200      0.018278
2016  03  07       171300      0.033907
2016  03  07       171400      0.074032
2016  03  07       171500      0.052005
2016  03  07       171600      0.033224
2016  03  07       171700      0.024879
2016  03  07       171800      0.029106
2016  03  07       171900      -0.012551
2016  03  07       172000      -0.04179
2016  03  07       172100      -0.074513
2016  03  07       172200      -0.059887
2016  03  07       172300      -0.055476
2016  03  07       172400      -0.035106
2016  03  07       172500      -0.032176
2016  03  07       172600      -0.0088344
2016  03  07       172700      0.02237
2016  03  07       172800      0.01401
2016  03  07       172900      0.027273
2016  03  07       173000      0.030679
2016  03  07       173100      -0.00090199
2016  03  07       173200      -0.02665
2016  03  07       173300      -0.071242
2016  03  07       173400      -0.094325
2016  03  07       173500      -0.11617
2016  03  07       173600      -0.083063
2016  03  07       173700      -0.068701
2016  03  07       173800      0.0043689
2016  03  07       173900      0.035754
2016  03  07       174000      0.073147
2016  03  07       174100      0.041922
2016  03  07       174200      0.034938
2016  03  07       174300      -0.0011085
2016  03  07       174400      0.019082
2016  03  07       174500      -0.0079222
2016  03  07       174600      0.010679
2016  03  07       174700      -0.017946
2016  03  07       174800      -0.015814
2016  03  07       174900      -0.034768
2016  03  07       175000      -0.011949
2016  03  07       175100      -0.024539
2016  03  07       175200      -0.017276
2016  03  07       175300      -0.0010538
2016  03  07       175400      0.028329
2016  03  07       175500      0.013146
2016  03  07       175600      0.04169
2016  03  07       175700      0.025916
2016  03  07       175800      0.023088
2016  03  07       175900      0.0097164
2016  03  07       180000      0.032779
2016  03  07       180100      0.035372
2016  03  07       180200      0.048269
2016  03  07       180300      0.047965
2016  03  07       180400      0.043152
2016  03  07       180500      -0.0084712
2016  03  07       180600      -0.018982
2016  03  07       180700      -0.070345
2016  03  07       180800      -0.052795
2016  03  07       180900      -0.036567
2016  03  07       181000      -0.0097261
2016  03  07       181100      0.016305
2016  03  07       181200      0.025858
2016  03  07       181300      0.042843
2016  03  07       181400      0.058487
2016  03  07       181500      0.059199
2016  03  07       181600      0.053386
2016  03  07       181700      0.00069522
2016  03  07       181800      0.022147
2016  03  07       181900      -0.001946
2016  03  07       182000      -0.0076052
2016  03  07       182100      -0.023197
2016  03  07       182200      -0.013585
2016  03  07       182300      -0.033008
2016  03  07       182400      -0.03363
2016  03  07       182500      -0.027269
2016  03  07       182600      -0.016837
2016  03  07       182700      0.0090628
2016  03  07       182800      0.0011828
2016  03  07       182900      -0.03068
2016  03  07       183000      -0.019793
2016  03  07       183100      -0.047491
2016  03  07       183200      -0.041331
2016  03  07       183300      -0.04829
2016  03  07       183400      -0.032722
2016  03  07       183500      -0.048942
2016  03  07       183600      -0.051398
2016  03  07       183700      -0.086391
2016  03  07       183800      -0.081634
2016  03  07       183900      -0.082914
2016  03  07       184000      -0.075923
2016  03  07       184100      -0.063371
2016  03  07       184200      -0.049575
2016  03  07       184300      -0.013183
2016  03  07       184400      0.036749
2016  03  07       184500      0.071248
2016  03  07       184600      0.12902
2016  03  07       184700      0.13904
2016  03  07       184800      0.17746
2016  03  07       184900      0.1834
2016  03  07       185000      0.21263
2016  03  07       185100      0.22265
2016  03  07       185200      0.26671
2016  03  07       185300      0.22997
2016  03  07       185400      0.25062
2016  03  07       185500      0.23199
2016  03  07       185600      0.2818
2016  03  07       185700      0.26821
2016  03  07       185800      0.2837
2016  03  07       185900      0.25885
2016  03  07       190000      0.2342
2016  03  07       190100      0.19472
2016  03  07       190200      0.16546
2016  03  07       190300      0.12983
2016  03  07       190400      0.22399
2016  03  07       190500      0.22839
2016  03  07       190600      0.31009
2016  03  07       190700      0.35655
2016  03  07       190800      0.38666
2016  03  07       190900      0.38528
2016  03  07       191000      0.408
2016  03  07       191100      0.38329
2016  03  07       191200      0.37991
2016  03  07       191300      0.35196
2016  03  07       191400      0.35512
2016  03  07       191500      0.33611
2016  03  07       191600      0.33216
2016  03  07       191700      0.32706
2016  03  07       191800      0.36329
2016  03  07       191900      0.33576
2016  03  07       192000      0.31124
2016  03  07       192100      0.26617
2016  03  07       192200      0.26189
2016  03  07       192300      0.21157
2016  03  07       192400      0.20097
2016  03  07       192500      0.16601
2016  03  07       192600      0.1769
2016  03  07       192700      0.13672
2016  03  07       192800      0.12811
2016  03  07       192900      0.086444
2016  03  07       193000      0.10819
2016  03  07       193100      0.10004
2016  03  07       193200      0.12637
2016  03  07       193300      0.11164
2016  03  07       193400      0.10949
2016  03  07       193500      0.075919
2016  03  07       193600      0.070826
2016  03  07       193700      0.047932
2016  03  07       193800      0.0411
2016  03  07       193900      0.009684
2016  03  07       194000      0.021652
2016  03  07       194100      0.013209
2016  03  07       194200      0.010337
2016  03  07       194300      0.021536
2016  03  07       194400      0.054142
2016  03  07       194500      0.038768
2016  03  07       194600      0.09412
2016  03  07       194700      0.14254
2016  03  07       194800      0.23174
2016  03  07       194900      0.32383
2016  03  07       195000      0.42124
2016  03  07       195100      0.45602
2016  03  07       195200      0.50542
2016  03  07       195300      0.56028
2016  03  07       195400      0.58411
2016  03  07       195500      0.60635
2016  03  07       195600      0.64294
2016  03  07       195700      0.6356
2016  03  07       195800      0.65434
2016  03  07       195900      0.62204
2016  03  07       200000      0.60151
2016  03  07       200100      0.52119
2016  03  07       200200      0.48344
2016  03  07       200300      0.46126
2016  03  07       200400      0.42683
2016  03  07       200500      0.36809
2016  03  07       200600      0.33207
2016  03  07       200700      0.27758
2016  03  07       200800      0.22833
2016  03  07       200900      0.18001
2016  03  07       201000      0.18287
2016  03  07       201100      0.17005
2016  03  07       201200      0.20335
2016  03  07       201300      0.15944
2016  03  07       201400      0.14856
2016  03  07       201500      0.17939
2016  03  07       201600      0.31691
2016  03  07       201700      0.30322
2016  03  07       201800      0.3409
2016  03  07       201900      0.32138
2016  03  07       202000      0.34395
2016  03  07       202100      0.30853
2016  03  07       202200      0.33759
2016  03  07       202300      0.33962
2016  03  07       202400      0.38517
2016  03  07       202500      0.36881
2016  03  07       202600      0.3628
2016  03  07       202700      0.32323
2016  03  07       202800      0.32657
2016  03  07       202900      0.30401
2016  03  07       203000      0.32456
2016  03  07       203100      0.30048
2016  03  07       203200      0.29987
2016  03  07       203300      0.25045
2016  03  07       203400      0.22435
2016  03  07       203500      0.20696
2016  03  07       203600      0.19054
2016  03  07       203700      0.1597
2016  03  07       203800      0.13351
2016  03  07       203900      0.098962
2016  03  07       204000      0.067084
2016  03  07       204100      0.03875
2016  03  07       204200      0.043484
2016  03  07       204300      0.022365
2016  03  07       204400      0.055714
2016  03  07       204500      0.03838
2016  03  07       204600      0.070946
2016  03  07       204700      0.04478
2016  03  07       204800      0.052288
2016  03  07       204900      -0.020852
2016  03  07       205000      -0.043398
2016  03  07       205100      -0.084711
2016  03  07       205200      -0.076819
2016  03  07       205300      -0.078813
2016  03  07       205400      -0.046772
2016  03  07       205500      -0.074693
2016  03  07       205600      -0.072944
2016  03  07       205700      -0.08964
2016  03  07       205800      -0.089052
2016  03  07       205900      -0.1352
2016  03  07       210000      -0.15
2016  03  07       210100      -0.21513
2016  03  07       210200      -0.22476
2016  03  07       210300      -0.24189
2016  03  07       210400      -0.24943
2016  03  07       210500      -0.26748
2016  03  07       210600      -0.26054
2016  03  07       210700      -0.27737
2016  03  07       210800      -0.26469
2016  03  07       210900      -0.29971
2016  03  07       211000      -0.27503
2016  03  07       211100      -0.34297
2016  03  07       211200      -0.34608
2016  03  07       211300      -0.3941
2016  03  07       211400      -0.39839
2016  03  07       211500      -0.45833
2016  03  07       211600      -0.43638
2016  03  07       211700      -0.46569
2016  03  07       211800      -0.42952
2016  03  07       211900      -0.42703
2016  03  07       212000      -0.40339
2016  03  07       212100      -0.41369
2016  03  07       212200      -0.4096
2016  03  07       212300      -0.39786
2016  03  07       212400      -0.37921
2016  03  07       212500      -0.40649
2016  03  07       212600      -0.3824
2016  03  07       212700      -0.41752
2016  03  07       212800      -0.41363
2016  03  07       212900      -0.41458
2016  03  07       213000      -0.38173
2016  03  07       213100      -0.36786
2016  03  07       213200      -0.34327
2016  03  07       213300      -0.35328
2016  03  07       213400      -0.29834
2016  03  07       213500      -0.26634
2016  03  07       213600      -0.21949
2016  03  07       213700      -0.18813
2016  03  07       213800      -0.14403
2016  03  07       213900      -0.12758
2016  03  07       214000      -0.074875
2016  03  07       214100      -0.054827
2016  03  07       214200      -0.036927
2016  03  07       214300      -0.040179
2016  03  07       214400      0.0077287
2016  03  07       214500      -0.025161
2016  03  07       214600      0.00752
2016  03  07       214700      -0.060593
2016  03  07       214800      -0.027489
2016  03  07       214900      -0.0021083
2016  03  07       215000      0.073794
2016  03  07       215100      0.089207
2016  03  07       215200      0.11433
2016  03  07       215300      0.13399
2016  03  07       215400      0.14941
2016  03  07       215500      0.18302
2016  03  07       215600      0.25525
2016  03  07       215700      0.34806
2016  03  07       215800      0.39791
2016  03  07       215900      0.40715
2016  03  07       220000      0.44533
2016  03  07       220100      0.44927
2016  03  07       220200      0.47073
2016  03  07       220300      0.48441
2016  03  07       220400      0.45501
2016  03  07       220500      0.45666
2016  03  07       220600      0.4919
2016  03  07       220700      0.48861
2016  03  07       220800      0.54769
2016  03  07       220900      0.57664
2016  03  07       221000      0.63793
2016  03  07       221100      0.69302
2016  03  07       221200      0.78174
2016  03  07       221300      0.81882
2016  03  07       221400      0.86196
2016  03  07       221500      0.87551
2016  03  07       221600      0.90734
2016  03  07       221700      0.86663
2016  03  07       221800      0.85851
2016  03  07       221900      0.81986
2016  03  07       222000      0.80815
2016  03  07       222100      0.79527
2016  03  07       222200      0.74607
2016  03  07       222300      0.66449
2016  03  07       222400      0.61461
2016  03  07       222500      0.51766
2016  03  07       222600      0.45905
2016  03  07       222700      0.3807
2016  03  07       222800      0.25807
2016  03  07       222900      0.17692
2016  03  07       223000      0.1657
2016  03  07       223100      0.11033
2016  03  07       223200      0.10698
2016  03  07       223300      0.024466
2016  03  07       223400      0.018824
2016  03  07       223500      -0.04539
2016  03  07       223600      -0.083871
2016  03  07       223700      -0.1256
2016  03  07       223800      -0.13751
2016  03  07       223900      -0.23836
2016  03  07       224000      -0.26116
2016  03  07       224100      -0.32074
2016  03  07       224200      -0.37637
2016  03  07       224300      -0.42967
2016  03  07       224400      -0.46339
2016  03  07       224500      -0.50722
2016  03  07       224600      -0.51875
2016  03  07       224700      -0.53866
2016  03  07       224800      -0.55822
2016  03  07       224900      -0.56656
2016  03  07       225000      -0.52936
2016  03  07       225100      -0.50212
2016  03  07       225200      -0.49926
2016  03  07       225300      -0.49461
2016  03  07       225400      -0.48181
2016  03  07       225500      -0.4339
2016  03  07       225600      -0.3856
2016  03  07       225700      -0.32325
2016  03  07       225800      -0.2879
2016  03  07       225900      -0.26956
2016  03  07       230000      -0.24886
2016  03  07       230100      -0.2303
2016  03  07       230200      -0.20228
2016  03  07       230300      -0.20401
2016  03  07       230400      -0.1455
2016  03  07       230500      -0.1495
2016  03  07       230600      -0.13386
2016  03  07       230700      -0.15147
2016  03  07       230800      -0.15238
2016  03  07       230900      -0.17469
2016  03  07       231000      -0.14874
2016  03  07       231100      -0.16347
2016  03  07       231200      -0.15732
2016  03  07       231300      -0.16731
2016  03  07       231400      -0.14569
2016  03  07       231500      -0.096609
2016  03  07       231600      -0.092208
2016  03  07       231700      -0.07495
2016  03  07       231800      -0.040659
2016  03  07       231900      -0.052583
2016  03  07       232000      -0.067135
2016  03  07       232100      -0.045386
2016  03  07       232200      -0.013373
2016  03  07       232300      -0.048041
2016  03  07       232400      -0.066385
2016  03  07       232500      -0.065413
2016  03  07       232600      -0.076025
2016  03  07       232700      -0.10849
2016  03  07       232800      -0.061623
2016  03  07       232900      -0.06733
2016  03  07       233000      -0.054446
2016  03  07       233100      -0.042289
2016  03  07       233200      -0.034221
2016  03  07       233300      -0.033043
2016  03  07       233400      -0.038722
2016  03  07       233500      -0.049173
2016  03  07       233600      -0.072467
2016  03  07       233700      -0.070831
2016  03  07       233800      -0.067995
2016  03  07       233900      -0.073217
2016  03  07       234000      -0.058175
2016  03  07       234100      -0.080676
2016  03  07       234200      -0.085669
2016  03  07       234300      -0.12077
2016  03  07       234400      -0.12893
2016  03  07       234500      -0.1541
2016  03  07       234600      -0.14054
2016  03  07       234700      -0.13741
2016  03  07       234800      -0.14455
2016  03  07       234900      -0.13922
2016  03  07       235000      -0.14049
2016  03  07       235100      -0.14272
2016  03  07       235200      -0.14684
2016  03  07       235300      -0.13595
2016  03  07       235400      -0.10378
2016  03  07       235500      -0.12056
2016  03  07       235600      -0.11603
2016  03  07       235700      -0.11131
2016  03  07       235800      -0.11114
2016  03  07       235900      -0.13564
2016  03  08       000000      -0.12318
2016  03  08       000100      -0.14019
2016  03  08       000200      -0.14079
2016  03  08       000300      -0.116
2016  03  08       000400      -0.1164
2016  03  08       000500      -0.098577
2016  03  08       000600      -0.12141
2016  03  08       000700      -0.1496
2016  03  08       000800      -0.094562
2016  03  08       000900      -0.10692
2016  03  08       001000      -0.1218
2016  03  08       001100      -0.093706
2016  03  08       001200      -0.083078
2016  03  08       001300      -0.11496
2016  03  08       001400      -0.093389
2016  03  08       001500      -0.11687
2016  03  08       001600      -0.10445
2016  03  08       001700      -0.13315
2016  03  08       001800      -0.1415
2016  03  08       001900      -0.1409
2016  03  08       002000      -0.16428
2016  03  08       002100      -0.1864
2016  03  08       002200      -0.15043
2016  03  08       002300      -0.15309
2016  03  08       002400      -0.12657
2016  03  08       002500      -0.13292
2016  03  08       002600      -0.13046
2016  03  08       002700      -0.11348
2016  03  08       002800      -0.13036
2016  03  08       002900      -0.1324
2016  03  08       003000      -0.15261
2016  03  08       003100      -0.12438
2016  03  08       003200      -0.13683
2016  03  08       003300      -0.19157
2016  03  08       003400      -0.21589
2016  03  08       003500      -0.23969
2016  03  08       003600      -0.27281
2016  03  08       003700      -0.27228
2016  03  08       003800      -0.28934
2016  03  08       003900      -0.32302
2016  03  08       004000      -0.29507
2016  03  08       004100      -0.33273
2016  03  08       004200      -0.3438
2016  03  08       004300      -0.32296
2016  03  08       004400      -0.31303
2016  03  08       004500      -0.26119
2016  03  08       004600      -0.26644
2016  03  08       004700      -0.2598
2016  03  08       004800      -0.24889
2016  03  08       004900      -0.26418
2016  03  08       005000      -0.29844
2016  03  08       005100      -0.26191
2016  03  08       005200      -0.24317
2016  03  08       005300      -0.22557
2016  03  08       005400      -0.22929
2016  03  08       005500      -0.21892
2016  03  08       005600      -0.23744
2016  03  08       005700      -0.24046
2016  03  08       005800      -0.25458
2016  03  08       005900      -0.25818
2016  03  08       010000      -0.23317
2016  03  08       010100      -0.21568
2016  03  08       010200      -0.26834
2016  03  08       010300      -0.32404
2016  03  08       010400      -0.30489
2016  03  08       010500      -0.26299
2016  03  08       010600      -0.2372
2016  03  08       010700      -0.21927
2016  03  08       010800      -0.24196
2016  03  08       010900      -0.24947
2016  03  08       011000      -0.1989
2016  03  08       011100      -0.22158
2016  03  08       011200      -0.18676
2016  03  08       011300      -0.19215
2016  03  08       011400      -0.18906
2016  03  08       011500      -0.19341
2016  03  08       011600      -0.17443
2016  03  08       011700      -0.1307
2016  03  08       011800      -0.12981
2016  03  08       011900      -0.092728
2016  03  08       012000      -0.061961
2016  03  08       012100      -0.075698
2016  03  08       012200      -0.077136
2016  03  08       012300      -0.064178
2016  03  08       012400      -0.028721
2016  03  08       012500      -0.033447
2016  03  08       012600      -0.00096915
2016  03  08       012700      -0.034268
2016  03  08       012800      0.0020905
2016  03  08       012900      -0.011482
2016  03  08       013000      0.03942
2016  03  08       013100      0.1171
2016  03  08       013200      0.16203
2016  03  08       013300      0.11083
2016  03  08       013400      0.028482
2016  03  08       013500      -0.017737
2016  03  08       013600      -0.025455
2016  03  08       013700      -0.038465
2016  03  08       013800      -0.054098
2016  03  08       013900      -0.081157
2016  03  08       014000      -0.094333
2016  03  08       014100      -0.11775
2016  03  08       014200      -0.10997
2016  03  08       014300      -0.13479
2016  03  08       014400      -0.13864
2016  03  08       014500      -0.14358
2016  03  08       014600      -0.10314
2016  03  08       014700      -0.11767
2016  03  08       014800      -0.082586
2016  03  08       014900      -0.070084
2016  03  08       015000      -0.093512
2016  03  08       015100      -0.090308
2016  03  08       015200      -0.026351
2016  03  08       015300      0.026358
2016  03  08       015400      0.043001
2016  03  08       015500      0.02978
2016  03  08       015600      0.0046941
2016  03  08       015700      -0.034154
2016  03  08       015800      -0.024857
2016  03  08       015900      -0.042573
2016  03  08       020000      -0.069916
2016  03  08       020100      -0.082844
2016  03  08       020200      -0.079631
2016  03  08       020300      -0.076672
2016  03  08       020400      -0.054738
2016  03  08       020500      -0.056831
2016  03  08       020600      -0.01936
2016  03  08       020700      -0.013215
2016  03  08       020800      0.025951
2016  03  08       020900      0.065343
2016  03  08       021000      0.095099
2016  03  08       021100      0.054578
2016  03  08       021200      0.060331
2016  03  08       021300      0.029343
2016  03  08       021400      0.018295
2016  03  08       021500      -0.015288
2016  03  08       021600      -0.022049
2016  03  08       021700      -0.078123
2016  03  08       021800      -0.073804
2016  03  08       021900      -0.08147
2016  03  08       022000      -0.080708
2016  03  08       022100      -0.074723
2016  03  08       022200      -0.036962
2016  03  08       022300      0.032894
2016  03  08       022400      0.063026
2016  03  08       022500      0.081002
2016  03  08       022600      0.1181
2016  03  08       022700      0.14403
2016  03  08       022800      0.15978
2016  03  08       022900      0.16431
2016  03  08       023000      0.18031
2016  03  08       023100      0.19581
2016  03  08       023200      0.22319
2016  03  08       023300      0.23953
2016  03  08       023400      0.25272
2016  03  08       023500      0.26867
2016  03  08       023600      0.29398
2016  03  08       023700      0.31289
2016  03  08       023800      0.3142
2016  03  08       023900      0.29718
2016  03  08       024000      0.30291
2016  03  08       024100      0.27987
2016  03  08       024200      0.25317
2016  03  08       024300      0.24088
2016  03  08       024400      0.23701
2016  03  08       024500      0.22445
2016  03  08       024600      0.21995
2016  03  08       024700      0.18516
2016  03  08       024800      0.1997
2016  03  08       024900      0.19476
2016  03  08       025000      0.20631
2016  03  08       025100      0.18442
2016  03  08       025200      0.20973
2016  03  08       025300      0.19743
2016  03  08       025400      0.21394
2016  03  08       025500      0.23343
2016  03  08       025600      0.27247
2016  03  08       025700      0.26213
2016  03  08       025800      0.25016
2016  03  08       025900      0.27154
2016  03  08       030000      0.24061
2016  03  08       030100      0.16754
2016  03  08       030200      0.14236
2016  03  08       030300      0.098608
2016  03  08       030400      0.075561
2016  03  08       030500      0.071929
2016  03  08       030600      0.14718
2016  03  08       030700      0.22889
2016  03  08       030800      0.3678
2016  03  08       030900      0.36994
2016  03  08       031000      0.38116
2016  03  08       031100      0.35984
2016  03  08       031200      0.37014
2016  03  08       031300      0.35091
2016  03  08       031400      0.34415
2016  03  08       031500      0.33083
2016  03  08       031600      0.31245
2016  03  08       031700      0.30481
2016  03  08       031800      0.34959
2016  03  08       031900      0.37316
2016  03  08       032000      0.37345
2016  03  08       032100      0.33827
2016  03  08       032200      0.37321
2016  03  08       032300      0.37405
2016  03  08       032400      0.40122
2016  03  08       032500      0.38609
2016  03  08       032600      0.37804
2016  03  08       032700      0.28622
2016  03  08       032800      0.23555
2016  03  08       032900      0.17745
2016  03  08       033000      0.1767
2016  03  08       033100      0.18365
2016  03  08       033200      0.20373
2016  03  08       033300      0.18279
2016  03  08       033400      0.21276
2016  03  08       033500      0.23524
2016  03  08       033600      0.22768
2016  03  08       033700      0.27343
2016  03  08       033800      0.24522
2016  03  08       033900      0.26917
2016  03  08       034000      0.27323
2016  03  08       034100      0.27672
2016  03  08       034200      0.28876
2016  03  08       034300      0.26458
2016  03  08       034400      0.26323
2016  03  08       034500      0.27911
2016  03  08       034600      0.28284
2016  03  08       034700      0.27929
2016  03  08       034800      0.31859
2016  03  08       034900      0.36535
2016  03  08       035000      0.40951
2016  03  08       035100      0.41042
2016  03  08       035200      0.44162
2016  03  08       035300      0.45874
2016  03  08       035400      0.46061
2016  03  08       035500      0.43291
2016  03  08       035600      0.40555
2016  03  08       035700      0.35125
2016  03  08       035800      0.33501
2016  03  08       035900      0.35405
2016  03  08       040000      0.44603
2016  03  08       040100      0.43138
2016  03  08       040200      0.42375
2016  03  08       040300      0.39476
2016  03  08       040400      0.39564
2016  03  08       040500      0.41441
2016  03  08       040600      0.44557
2016  03  08       040700      0.40956
2016  03  08       040800      0.38171
2016  03  08       040900      0.37461
2016  03  08       041000      0.39445
2016  03  08       041100      0.39261
2016  03  08       041200      0.42958
2016  03  08       041300      0.44812
2016  03  08       041400      0.45088
2016  03  08       041500      0.45932
2016  03  08       041600      0.46368
2016  03  08       041700      0.44322
2016  03  08       041800      0.42191
2016  03  08       041900      0.44366
2016  03  08       042000      0.47679
2016  03  08       042100      0.47101
2016  03  08       042200      0.46109
2016  03  08       042300      0.42191
2016  03  08       042400      0.40842
2016  03  08       042500      0.38496
2016  03  08       042600      0.39661
2016  03  08       042700      0.39661
2016  03  08       042800      0.39548
2016  03  08       042900      0.36692
2016  03  08       043000      0.35206
2016  03  08       043100      0.34061
2016  03  08       043200      0.33437
2016  03  08       043300      0.33101
2016  03  08       043400      0.30969
2016  03  08       043500      0.32356
2016  03  08       043600      0.31476
2016  03  08       043700      0.30246
2016  03  08       043800      0.2929
2016  03  08       043900      0.2884
2016  03  08       044000      0.30313
2016  03  08       044100      0.28679
2016  03  08       044200      0.29931
2016  03  08       044300      0.29288
2016  03  08       044400      0.29933
2016  03  08       044500      0.2846
2016  03  08       044600      0.29298
2016  03  08       044700      0.28401
2016  03  08       044800      0.29585
2016  03  08       044900      0.29612
2016  03  08       045000      0.32002
2016  03  08       045100      0.30054
2016  03  08       045200      0.33576
2016  03  08       045300      0.3634
2016  03  08       045400      0.39875
2016  03  08       045500      0.40282
2016  03  08       045600      0.40118
2016  03  08       045700      0.41121
2016  03  08       045800      0.39257
2016  03  08       045900      0.40235
2016  03  08       050000      0.42469
2016  03  08       050100      0.3913
2016  03  08       050200      0.35382
2016  03  08       050300      0.27212
2016  03  08       050400      0.2672
2016  03  08       050500      0.38223
2016  03  08       050600      0.37529
2016  03  08       050700      0.33177
2016  03  08       050800      0.26842
2016  03  08       050900      0.24149
2016  03  08       051000      0.2306
2016  03  08       051100      0.22021
2016  03  08       051200      0.19259
2016  03  08       051300      0.14442
2016  03  08       051400      0.15528
2016  03  08       051500      0.22947
2016  03  08       051600      0.31217
2016  03  08       051700      0.31251
2016  03  08       051800      0.37061
2016  03  08       051900      0.35056
2016  03  08       052000      0.35621
2016  03  08       052100      0.38838
2016  03  08       052200      0.44131
2016  03  08       052300      0.47792
2016  03  08       052400      0.47256
2016  03  08       052500      0.40649
2016  03  08       052600      0.41749
2016  03  08       052700      0.42441
2016  03  08       052800      0.37207
2016  03  08       052900      0.35853
2016  03  08       053000      0.35093
2016  03  08       053100      0.36273
2016  03  08       053200      0.32121
2016  03  08       053300      0.28466
2016  03  08       053400      0.26552
2016  03  08       053500      0.25393
2016  03  08       053600      0.20857
2016  03  08       053700      0.17497
2016  03  08       053800      0.14732
2016  03  08       053900      0.17203
2016  03  08       054000      0.22978
2016  03  08       054100      0.26154
2016  03  08       054200      0.25392
2016  03  08       054300      0.2419
2016  03  08       054400      0.17785
2016  03  08       054500      0.15763
2016  03  08       054600      0.17971
2016  03  08       054700      0.14977
2016  03  08       054800      0.12653
2016  03  08       054900      0.13143
2016  03  08       055000      0.141
2016  03  08       055100      0.11732
2016  03  08       055200      0.17732
2016  03  08       055300      0.16019
2016  03  08       055400      0.10227
2016  03  08       055500      0.08528
2016  03  08       055600      0.10447
2016  03  08       055700      0.12306
2016  03  08       055800      0.13601
2016  03  08       055900      0.13504
2016  03  08       060000      0.092815
2016  03  08       060100      0.036382
2016  03  08       060200      0.049524
2016  03  08       060300      0.021015
2016  03  08       060400      0.015336
2016  03  08       060500      0.02523
2016  03  08       060600      0.058653
2016  03  08       060700      0.057269
2016  03  08       060800      0.082559
2016  03  08       060900      0.065678
2016  03  08       061000      0.0741
2016  03  08       061100      0.073288
2016  03  08       061200      0.066562
2016  03  08       061300      0.01861
2016  03  08       061400      0.036718
2016  03  08       061500      0.0013651
2016  03  08       061600      -0.01099
2016  03  08       061700      -0.021233
2016  03  08       061800      0.0091295
2016  03  08       061900      0.04659
2016  03  08       062000      0.085369
2016  03  08       062100      0.090325
2016  03  08       062200      0.087964
2016  03  08       062300      0.076801
2016  03  08       062400      0.064475
2016  03  08       062500      0.069928
2016  03  08       062600      0.043139
2016  03  08       062700      0.069347
2016  03  08       062800      0.077106
2016  03  08       062900      0.056538
2016  03  08       063000      0.062519
2016  03  08       063100      0.061832
2016  03  08       063200      0.050118
2016  03  08       063300      0.067424
2016  03  08       063400      0.055684
2016  03  08       063500      0.018937
2016  03  08       063600      -0.034656
2016  03  08       063700      -0.0082574
2016  03  08       063800      -0.024108
2016  03  08       063900      0.02583
2016  03  08       064000      0.053011
2016  03  08       064100      0.06926
2016  03  08       064200      0.10119
2016  03  08       064300      0.11544
2016  03  08       064400      0.10384
2016  03  08       064500      0.11188
2016  03  08       064600      0.12012
2016  03  08       064700      0.094934
2016  03  08       064800      0.073345
2016  03  08       064900      0.12052
2016  03  08       065000      0.087802
2016  03  08       065100      0.033762
2016  03  08       065200      0.07778
2016  03  08       065300      0.11683
2016  03  08       065400      0.10308
2016  03  08       065500      0.13106
2016  03  08       065600      0.16547
2016  03  08       065700      0.14552
2016  03  08       065800      0.17036
2016  03  08       065900      0.17335
2016  03  08       070000      0.20683
2016  03  08       070100      0.20234
2016  03  08       070200      0.18363
2016  03  08       070300      0.14971
2016  03  08       070400      0.11753
2016  03  08       070500      0.029097
2016  03  08       070600      -0.023186
2016  03  08       070700      -0.069821
2016  03  08       070800      -0.081522
2016  03  08       070900      -0.13518
2016  03  08       071000      -0.16093
2016  03  08       071100      -0.17238
2016  03  08       071200      -0.17728
2016  03  08       071300      -0.13866
2016  03  08       071400      -0.090884
2016  03  08       071500      -0.073311
2016  03  08       071600      -0.011406
2016  03  08       071700      0.024263
2016  03  08       071800      0.050272
2016  03  08       071900      0.047396
2016  03  08       072000      0.035742
2016  03  08       072100      0.013235
2016  03  08       072200      0.0034564
2016  03  08       072300      -0.031839
2016  03  08       072400      -0.0014475
2016  03  08       072500      0.0024409
2016  03  08       072600      -0.02195
2016  03  08       072700      -0.0088019
2016  03  08       072800      -0.035337
2016  03  08       072900      -0.062928
2016  03  08       073000      -0.058226
2016  03  08       073100      -0.071022
2016  03  08       073200      -0.069227
2016  03  08       073300      -0.089145
2016  03  08       073400      -0.05767
2016  03  08       073500      -0.073212
2016  03  08       073600      -0.045527
2016  03  08       073700      -0.067595
2016  03  08       073800      -0.0492
2016  03  08       073900      -0.057323
2016  03  08       074000      -0.034279
2016  03  08       074100      -0.023391
2016  03  08       074200      -0.02907
2016  03  08       074300      -0.061079
2016  03  08       074400      -0.068225
2016  03  08       074500      -0.10656
2016  03  08       074600      -0.10745
2016  03  08       074700      -0.12076
2016  03  08       074800      -0.09149
2016  03  08       074900      -0.090427
2016  03  08       075000      -0.10222
2016  03  08       075100      -0.093379
2016  03  08       075200      -0.11958
2016  03  08       075300      -0.11092
2016  03  08       075400      -0.090842
2016  03  08       075500      -0.10394
2016  03  08       075600      -0.091686
2016  03  08       075700      -0.064481
2016  03  08       075800      -0.047719
2016  03  08       075900      -0.04635
2016  03  08       080000      -0.0068109
2016  03  08       080100      0.0011453
2016  03  08       080200      0.0037513
2016  03  08       080300      0.020963
2016  03  08       080400      0.040228
2016  03  08       080500      0.035931
2016  03  08       080600      0.038893
2016  03  08       080700      0.03719
2016  03  08       080800      0.029552
2016  03  08       080900      0.011407
2016  03  08       081000      -0.028414
2016  03  08       081100      -0.015972
2016  03  08       081200      -0.036135
2016  03  08       081300      -0.049129
2016  03  08       081400      -0.054087
2016  03  08       081500      -0.096544
2016  03  08       081600      -0.098262
2016  03  08       081700      -0.073062
2016  03  08       081800      -0.088837
2016  03  08       081900      -0.093795
2016  03  08       082000      -0.092443
2016  03  08       082100      -0.088406
2016  03  08       082200      -0.088946
2016  03  08       082300      -0.092512
2016  03  08       082400      -0.1183
2016  03  08       082500      -0.12182
2016  03  08       082600      -0.10281
2016  03  08       082700      -0.13823
2016  03  08       082800      -0.14445
2016  03  08       082900      -0.17239
2016  03  08       083000      -0.18443
2016  03  08       083100      -0.2322
2016  03  08       083200      -0.26179
2016  03  08       083300      -0.27713
2016  03  08       083400      -0.26918
2016  03  08       083500      -0.28469
2016  03  08       083600      -0.2687
2016  03  08       083700      -0.24859
2016  03  08       083800      -0.20627
2016  03  08       083900      -0.18172
2016  03  08       084000      -0.14776
2016  03  08       084100      -0.089242
2016  03  08       084200      -0.081782
2016  03  08       084300      -0.053383
2016  03  08       084400      -0.042441
2016  03  08       084500      -0.040321
2016  03  08       084600      -0.03244
2016  03  08       084700      -0.041589
2016  03  08       084800      -0.052307
2016  03  08       084900      -0.066273
2016  03  08       085000      -0.056343
2016  03  08       085100      -0.053109
2016  03  08       085200      -0.040951
2016  03  08       085300      -0.06583
2016  03  08       085400      -0.052549
2016  03  08       085500      -0.06307
2016  03  08       085600      -0.058684
2016  03  08       085700      -0.061493
2016  03  08       085800      -0.072072
2016  03  08       085900      -0.054211
2016  03  08       090000      -0.0175
2016  03  08       090100      0.013528
2016  03  08       090200      0.010965
2016  03  08       090300      0.02328
2016  03  08       090400      -0.024652
2016  03  08       090500      -0.047799
2016  03  08       090600      -0.088714
2016  03  08       090700      -0.088079
2016  03  08       090800      -0.095636
2016  03  08       090900      -0.1182
2016  03  08       091000      -0.1451
2016  03  08       091100      -0.21685
2016  03  08       091200      -0.25445
2016  03  08       091300      -0.27693
2016  03  08       091400      -0.28444
2016  03  08       091500      -0.26759
2016  03  08       091600      -0.22235
2016  03  08       091700      -0.18608
2016  03  08       091800      -0.13434
2016  03  08       091900      -0.10819
2016  03  08       092000      -0.079541
2016  03  08       092100      -0.09876
2016  03  08       092200      -0.12064
2016  03  08       092300      -0.16158
2016  03  08       092400      -0.18065
2016  03  08       092500      -0.20373
2016  03  08       092600      -0.17731
2016  03  08       092700      -0.11018
2016  03  08       092800      -0.11728
2016  03  08       092900      -0.1116
2016  03  08       093000      -0.053993
2016  03  08       093100      -0.03573
2016  03  08       093200      -0.043925
2016  03  08       093300      -0.053732
2016  03  08       093400      -0.050998
2016  03  08       093500      -0.1144
2016  03  08       093600      -0.13316
2016  03  08       093700      -0.17557
2016  03  08       093800      -0.16769
2016  03  08       093900      -0.15058
2016  03  08       094000      -0.1423
2016  03  08       094100      -0.14909
2016  03  08       094200      -0.14633
2016  03  08       094300      -0.14253
2016  03  08       094400      -0.13177
2016  03  08       094500      -0.13511
2016  03  08       094600      -0.10148
2016  03  08       094700      -0.060491
2016  03  08       094800      -0.0099564
2016  03  08       094900      0.042283
2016  03  08       095000      0.057197
2016  03  08       095100      0.085681
2016  03  08       095200      0.073419
2016  03  08       095300      0.061528
2016  03  08       095400      0.051224
2016  03  08       095500      0.048332
2016  03  08       095600      0.067394
2016  03  08       095700      0.080315
2016  03  08       095800      0.076929
2016  03  08       095900      0.047694
2016  03  08       100000      0.012733
2016  03  08       100100      0.0010123
2016  03  08       100200      -0.021041
2016  03  08       100300      -0.0074812
2016  03  08       100400      -0.014078
2016  03  08       100500      0.010581
2016  03  08       100600      0.01755
2016  03  08       100700      -0.003427
2016  03  08       100800      -0.00092636
2016  03  08       100900      -0.027912
2016  03  08       101000      -0.016033
2016  03  08       101100      -0.022089
2016  03  08       101200      -0.015269
2016  03  08       101300      -0.02215
2016  03  08       101400      -0.039365
2016  03  08       101500      -0.069859
2016  03  08       101600      -0.077845
2016  03  08       101700      -0.076435
2016  03  08       101800      -0.064247
2016  03  08       101900      -0.06827
2016  03  08       102000      -0.054435
2016  03  08       102100      -0.041794
2016  03  08       102200      -0.038764
2016  03  08       102300      -0.04562
2016  03  08       102400      -0.052477
2016  03  08       102500      -0.03509
2016  03  08       102600      -0.024964
2016  03  08       102700      -0.04299
2016  03  08       102800      -0.033614
2016  03  08       102900      -0.050865
2016  03  08       103000      -0.035035
2016  03  08       103100      -0.031448
2016  03  08       103200      -0.03336
2016  03  08       103300      -0.044208
2016  03  08       103400      -0.02046
2016  03  08       103500      -0.03182
2016  03  08       103600      0.0036039
2016  03  08       103700      -0.016523
2016  03  08       103800      -0.010421
2016  03  08       103900      -0.016409
2016  03  08       104000      -0.031123
2016  03  08       104100      -0.031961
2016  03  08       104200      -0.065265
2016  03  08       104300      -0.045547
2016  03  08       104400      -0.040639
2016  03  08       104500      -0.032607
2016  03  08       104600      -0.0288
2016  03  08       104700      -0.025713
2016  03  08       104800      -0.0047392
2016  03  08       104900      -0.019065
2016  03  08       105000      -0.019888
2016  03  08       105100      -0.031429
2016  03  08       105200      -0.041428
2016  03  08       105300      -0.050798
2016  03  08       105400      -0.051752
2016  03  08       105500      -0.081443
2016  03  08       105600      -0.021466
2016  03  08       105700      -0.041794
2016  03  08       105800      -0.063205
2016  03  08       105900      -0.047177
2016  03  08       110000      -0.059096
2016  03  08       110100      -0.062438
2016  03  08       110200      -0.054406
2016  03  08       110300      -0.043374
2016  03  08       110400      0.0012813
2016  03  08       110500      0.015064
2016  03  08       110600      0.053639
2016  03  08       110700      0.052484
2016  03  08       110800      0.026234
2016  03  08       110900      -0.019876
2016  03  08       111000      -0.068068
2016  03  08       111100      -0.076693
2016  03  08       111200      -0.053236
2016  03  08       111300      -0.046838
2016  03  08       111400      -0.045392
2016  03  08       111500      -0.093819
2016  03  08       111600      -0.11302
2016  03  08       111700      -0.14908
2016  03  08       111800      -0.16191
2016  03  08       111900      -0.14804
2016  03  08       112000      -0.15006
2016  03  08       112100      -0.13861
2016  03  08       112200      -0.13681
2016  03  08       112300      -0.1157
2016  03  08       112400      -0.10428
2016  03  08       112500      -0.12066
2016  03  08       112600      -0.1163
2016  03  08       112700      -0.14822
2016  03  08       112800      -0.13664
2016  03  08       112900      -0.17352
2016  03  08       113000      -0.17617
2016  03  08       113100      -0.20178
2016  03  08       113200      -0.21396
2016  03  08       113300      -0.21967
2016  03  08       113400      -0.21648
2016  03  08       113500      -0.23009
2016  03  08       113600      -0.22548
2016  03  08       113700      -0.27576
2016  03  08       113800      -0.26002
2016  03  08       113900      -0.17109
2016  03  08       114000      -0.097513
2016  03  08       114100      -0.0332
2016  03  08       114200      -0.01892
2016  03  08       114300      -0.073658
2016  03  08       114400      -0.12136
2016  03  08       114500      -0.16953
2016  03  08       114600      -0.14737
2016  03  08       114700      -0.15009
2016  03  08       114800      -0.1305
2016  03  08       114900      -0.12931
2016  03  08       115000      -0.11273
2016  03  08       115100      -0.12577
2016  03  08       115200      -0.12342
2016  03  08       115300      -0.13629
2016  03  08       115400      -0.13201
2016  03  08       115500      -0.15547
2016  03  08       115600      -0.15644
2016  03  08       115700      -0.1645
2016  03  08       115800      -0.13303
2016  03  08       115900      -0.14316
2016  03  08       120000      -0.1455
2016  03  08       120100      -0.14171
2016  03  08       120200      -0.15385
2016  03  08       120300      -0.13996
2016  03  08       120400      -0.1156
2016  03  08       120500      -0.12366
2016  03  08       120600      -0.10725
2016  03  08       120700      -0.11253
2016  03  08       120800      -0.067709
2016  03  08       120900      -0.052122
2016  03  08       121000      -0.031869
2016  03  08       121100      -0.058913
2016  03  08       121200      -0.092148
2016  03  08       121300      -0.10043
2016  03  08       121400      -0.08049
2016  03  08       121500      -0.085871
2016  03  08       121600      -0.041151
2016  03  08       121700      -0.029911
2016  03  08       121800      -0.041243
2016  03  08       121900      -0.011859
2016  03  08       122000      -0.032053
2016  03  08       122100      -0.06433
2016  03  08       122200      -0.050869
2016  03  08       122300      -0.076991
2016  03  08       122400      -0.069824
2016  03  08       122500      -0.074933
2016  03  08       122600      -0.051205
2016  03  08       122700      -0.056223
2016  03  08       122800      -0.047847
2016  03  08       122900      -0.043085
2016  03  08       123000      -0.017502
2016  03  08       123100      -0.028405
2016  03  08       123200      -0.0070105
2016  03  08       123300      -0.026262
2016  03  08       123400      0.0024083
2016  03  08       123500      0.020272
2016  03  08       123600      0.0081057
2016  03  08       123700      0.031344
2016  03  08       123800      0.026594
2016  03  08       123900      0.012597
2016  03  08       124000      0.018014
2016  03  08       124100      -0.0087722
2016  03  08       124200      -0.0010184
2016  03  08       124300      -0.038034
2016  03  08       124400      -0.018058
2016  03  08       124500      -0.043282
2016  03  08       124600      -0.038834
2016  03  08       124700      -0.031807
2016  03  08       124800      -0.035743
2016  03  08       124900      -0.061845
2016  03  08       125000      -0.06685
2016  03  08       125100      -0.041947
2016  03  08       125200      -0.013304
2016  03  08       125300      -0.019345
2016  03  08       125400      -0.02178
2016  03  08       125500      -0.056699
2016  03  08       125600      -0.048
2016  03  08       125700      -0.071201
2016  03  08       125800      -0.021065
2016  03  08       125900      -0.029464
2016  03  08       130000      -0.016518
2016  03  08       130100      0.012513
2016  03  08       130200      0.0023575
2016  03  08       130300      0.011076
2016  03  08       130400      0.041493
2016  03  08       130500      0.03938
2016  03  08       130600      0.02272
2016  03  08       130700      0.025758
2016  03  08       130800      0.018733
2016  03  08       130900      0.0095555
2016  03  08       131000      -0.0123
2016  03  08       131100      -0.023311
2016  03  08       131200      -0.011376
2016  03  08       131300      -0.027709
2016  03  08       131400      -0.053131
2016  03  08       131500      -0.098249
2016  03  08       131600      -0.087549
2016  03  08       131700      -0.088857
2016  03  08       131800      -0.075384
2016  03  08       131900      -0.050047
2016  03  08       132000      -0.039165
2016  03  08       132100      -0.037661
2016  03  08       132200      -0.0148
2016  03  08       132300      -0.029306
2016  03  08       132400      -0.014145
2016  03  08       132500      -0.035993
2016  03  08       132600      -0.019177
2016  03  08       132700      -0.053831
2016  03  08       132800      -0.03168
2016  03  08       132900      -0.064303
2016  03  08       133000      -0.091199
2016  03  08       133100      -0.10991
2016  03  08       133200      -0.12194
2016  03  08       133300      -0.15116
2016  03  08       133400      -0.1546
2016  03  08       133500      -0.14807
2016  03  08       133600      -0.1473
2016  03  08       133700      -0.19492
2016  03  08       133800      -0.20301
2016  03  08       133900      -0.23517
2016  03  08       134000      -0.22294
2016  03  08       134100      -0.22785
2016  03  08       134200      -0.21222
2016  03  08       134300      -0.21956
2016  03  08       134400      -0.2115
2016  03  08       134500      -0.20822
2016  03  08       134600      -0.19073
2016  03  08       134700      -0.2271
2016  03  08       134800      -0.22865
2016  03  08       134900      -0.24397
2016  03  08       135000      -0.25834
2016  03  08       135100      -0.28847
2016  03  08       135200      -0.29304
2016  03  08       135300      -0.25966
2016  03  08       135400      -0.25545
2016  03  08       135500      -0.26571
2016  03  08       135600      -0.25525
2016  03  08       135700      -0.25043
2016  03  08       135800      -0.22458
2016  03  08       135900      -0.23273
2016  03  08       140000      -0.22466
2016  03  08       140100      -0.22708
2016  03  08       140200      -0.19387
2016  03  08       140300      -0.19175
2016  03  08       140400      -0.15999
2016  03  08       140500      -0.14692
2016  03  08       140600      -0.14734
2016  03  08       140700      -0.15507
2016  03  08       140800      -0.15154
2016  03  08       140900      -0.14188
2016  03  08       141000      -0.15501
2016  03  08       141100      -0.17524
2016  03  08       141200      -0.17742
2016  03  08       141300      -0.18424
2016  03  08       141400      -0.15898
2016  03  08       141500      -0.16574
2016  03  08       141600      -0.14385
2016  03  08       141700      -0.16219
2016  03  08       141800      -0.14476
2016  03  08       141900      -0.14302
2016  03  08       142000      -0.14994
2016  03  08       142100      -0.14211
2016  03  08       142200      -0.13974
2016  03  08       142300      -0.14131
2016  03  08       142400      -0.11978
2016  03  08       142500      -0.070461
2016  03  08       142600      -0.061252
2016  03  08       142700      -0.063139
2016  03  08       142800      -0.070645
2016  03  08       142900      -0.12579
2016  03  08       143000      -0.15988
2016  03  08       143100      -0.19131
2016  03  08       143200      -0.21268
2016  03  08       143300      -0.2397
2016  03  08       143400      -0.24427
2016  03  08       143500      -0.24724
2016  03  08       143600      -0.23543
2016  03  08       143700      -0.24545
2016  03  08       143800      -0.22729
2016  03  08       143900      -0.24466
2016  03  08       144000      -0.20604
2016  03  08       144100      -0.19834
2016  03  08       144200      -0.19681
2016  03  08       144300      -0.16796
2016  03  08       144400      -0.16053
2016  03  08       144500      -0.17384
2016  03  08       144600      -0.15473
2016  03  08       144700      -0.18106
2016  03  08       144800      -0.1442
2016  03  08       144900      -0.13583
2016  03  08       145000      -0.12422
2016  03  08       145100      -0.1202
2016  03  08       145200      -0.13187
2016  03  08       145300      -0.11808
2016  03  08       145400      -0.11131
2016  03  08       145500      -0.090848
2016  03  08       145600      -0.089443
2016  03  08       145700      -0.091314
2016  03  08       145800      -0.06342
2016  03  08       145900      -0.073389
2016  03  08       150000      -0.041725
2016  03  08       150100      -0.050156
2016  03  08       150200      -0.027427
2016  03  08       150300      -0.057438
2016  03  08       150400      -0.029107
2016  03  08       150500      -0.014791
2016  03  08       150600      0.0073705
2016  03  08       150700      0.0073517
2016  03  08       150800      0.032836
2016  03  08       150900      0.044762
2016  03  08       151000      0.078155
2016  03  08       151100      0.089683
2016  03  08       151200      0.13712
2016  03  08       151300      0.13693
2016  03  08       151400      0.14611
2016  03  08       151500      0.13218
2016  03  08       151600      0.11239
2016  03  08       151700      0.087368
2016  03  08       151800      0.1112
2016  03  08       151900      0.081724
2016  03  08       152000      0.086724
2016  03  08       152100      0.074965
2016  03  08       152200      0.084644
2016  03  08       152300      0.068862
2016  03  08       152400      0.0548
2016  03  08       152500      0.038165
2016  03  08       152600      0.037547
2016  03  08       152700      0.039184
2016  03  08       152800      0.037851
2016  03  08       152900      0.046175
2016  03  08       153000      0.034355
2016  03  08       153100      0.019404
2016  03  08       153200      0.0014713
2016  03  08       153300      -9.72E-05
2016  03  08       153400      0.049545
2016  03  08       153500      0.046834
2016  03  08       153600      0.039441
2016  03  08       153700      0.051515
2016  03  08       153800      0.081345
2016  03  08       153900      0.083771
2016  03  08       154000      0.1175
2016  03  08       154100      0.12635
2016  03  08       154200      0.15075
2016  03  08       154300      0.12177
2016  03  08       154400      0.16282
2016  03  08       154500      0.14515
2016  03  08       154600      0.16544
2016  03  08       154700      0.15736
2016  03  08       154800      0.18237
2016  03  08       154900      0.16177
2016  03  08       155000      0.17437
2016  03  08       155100      0.15329
2016  03  08       155200      0.13185
2016  03  08       155300      0.10977
2016  03  08       155400      0.10986
2016  03  08       155500      0.10275
2016  03  08       155600      0.088338
2016  03  08       155700      0.086306
2016  03  08       155800      0.096041
2016  03  08       155900      0.091435
2016  03  08       160000      0.099493
2016  03  08       160100      0.08895
2016  03  08       160200      0.095135
2016  03  08       160300      0.081391
2016  03  08       160400      0.086238
2016  03  08       160500      0.075784
2016  03  08       160600      0.084569
2016  03  08       160700      0.073423
2016  03  08       160800      0.093611
2016  03  08       160900      0.071083
2016  03  08       161000      0.073572
2016  03  08       161100      0.058033
2016  03  08       161200      0.060676
2016  03  08       161300      0.047736
2016  03  08       161400      0.043599
2016  03  08       161500      0.022365
2016  03  08       161600      0.016662
2016  03  08       161700      -0.0017161
2016  03  08       161800      0.013251
2016  03  08       161900      0.0080446
2016  03  08       162000      0.0083809
2016  03  08       162100      0.026373
2016  03  08       162200      0.045746
2016  03  08       162300      0.011763
2016  03  08       162400      -0.0023777
2016  03  08       162500      -0.032283
2016  03  08       162600      -0.021158
2016  03  08       162700      -0.051938
2016  03  08       162800      -0.039358
2016  03  08       162900      -0.047702
2016  03  08       163000      -0.021365
2016  03  08       163100      -0.033935
2016  03  08       163200      -0.024629
2016  03  08       163300      -0.038526
2016  03  08       163400      -0.020519
2016  03  08       163500      -0.025314
2016  03  08       163600      -0.020986
2016  03  08       163700      -0.028066
2016  03  08       163800      -0.017804
2016  03  08       163900      -0.028828
2016  03  08       164000      -0.033546
2016  03  08       164100      -0.040032
2016  03  08       164200      -0.013565
2016  03  08       164300      -0.021046
2016  03  08       164400      -0.0016838
2016  03  08       164500      0.0073713
2016  03  08       164600      0.026128
2016  03  08       164700      0.013406
2016  03  08       164800      0.015799
2016  03  08       164900      0.0063777
2016  03  08       165000      0.018766
2016  03  08       165100      -0.00090938
2016  03  08       165200      0.014239
2016  03  08       165300      -0.0013853
2016  03  08       165400      0.012738
2016  03  08       165500      -0.0030727
2016  03  08       165600      0.01821
2016  03  08       165700      0.0060285
2016  03  08       165800      0.019582
2016  03  08       165900      0.015666
2016  03  08       170000      0.021681
2016  03  08       170100      0.012566
2016  03  08       170200      0.020387
2016  03  08       170300      -0.00041387
2016  03  08       170400      -0.010939
2016  03  08       170500      -0.027989
2016  03  08       170600      -0.02671
2016  03  08       170700      -0.048366
2016  03  08       170800      -0.019574
2016  03  08       170900      -0.031652
2016  03  08       171000      0.017224
2016  03  08       171100      0.0073467
2016  03  08       171200      0.038503
2016  03  08       171300      0.018986
2016  03  08       171400      0.035738
2016  03  08       171500      0.018058
2016  03  08       171600      0.027774
2016  03  08       171700      0.051388
2016  03  08       171800      0.067319
2016  03  08       171900      0.051472
2016  03  08       172000      0.083747
2016  03  08       172100      0.075714
2016  03  08       172200      0.084227
2016  03  08       172300      0.06911
2016  03  08       172400      0.094343
2016  03  08       172500      0.07905
2016  03  08       172600      0.097993
2016  03  08       172700      0.07324
2016  03  08       172800      0.10444
2016  03  08       172900      0.10592
2016  03  08       173000      0.11707
2016  03  08       173100      0.11704
2016  03  08       173200      0.13045
2016  03  08       173300      0.13032
2016  03  08       173400      0.14996
2016  03  08       173500      0.11756
2016  03  08       173600      0.10203
2016  03  08       173700      0.097278
2016  03  08       173800      0.10701
2016  03  08       173900      0.083183
2016  03  08       174000      0.095757
2016  03  08       174100      0.06689
2016  03  08       174200      0.046142
2016  03  08       174300      0.030539
2016  03  08       174400      0.026779
2016  03  08       174500      0.036176
2016  03  08       174600      0.065012
2016  03  08       174700      0.095277
2016  03  08       174800      0.094514
2016  03  08       174900      0.10172
2016  03  08       175000      0.11359
2016  03  08       175100      0.10327
2016  03  08       175200      0.12724
2016  03  08       175300      0.11953
2016  03  08       175400      0.10789
2016  03  08       175500      0.10058
2016  03  08       175600      0.11259
2016  03  08       175700      0.098178
2016  03  08       175800      0.10291
2016  03  08       175900      0.097282
2016  03  08       180000      0.1216
2016  03  08       180100      0.090251
2016  03  08       180200      0.12273
2016  03  08       180300      0.090461
2016  03  08       180400      0.099123
2016  03  08       180500      0.10657
2016  03  08       180600      0.12446
2016  03  08       180700      0.108
2016  03  08       180800      0.14375
2016  03  08       180900      0.13336
2016  03  08       181000      0.16401
2016  03  08       181100      0.14787
2016  03  08       181200      0.16028
2016  03  08       181300      0.1356
2016  03  08       181400      0.13317
2016  03  08       181500      0.12148
2016  03  08       181600      0.11338
2016  03  08       181700      0.14501
2016  03  08       181800      0.14442
2016  03  08       181900      0.16572
2016  03  08       182000      0.16286
2016  03  08       182100      0.16333
2016  03  08       182200      0.19764
2016  03  08       182300      0.18502
2016  03  08       182400      0.19725
2016  03  08       182500      0.1744
2016  03  08       182600      0.20709
2016  03  08       182700      0.20532
2016  03  08       182800      0.23013
2016  03  08       182900      0.25476
2016  03  08       183000      0.29196
2016  03  08       183100      0.30052
2016  03  08       183200      0.29874
2016  03  08       183300      0.30649
2016  03  08       183400      0.31826
2016  03  08       183500      0.30214
2016  03  08       183600      0.3126
2016  03  08       183700      0.28549
2016  03  08       183800      0.2775
2016  03  08       183900      0.26267
2016  03  08       184000      0.25174
2016  03  08       184100      0.22531
2016  03  08       184200      0.22809
2016  03  08       184300      0.20328
2016  03  08       184400      0.20573
2016  03  08       184500      0.16949
2016  03  08       184600      0.13892
2016  03  08       184700      0.1146
2016  03  08       184800      0.11765
2016  03  08       184900      0.13377
2016  03  08       185000      0.1358
2016  03  08       185100      0.1146
2016  03  08       185200      0.10118
2016  03  08       185300      0.081341
2016  03  08       185400      0.087619
2016  03  08       185500      0.084766
2016  03  08       185600      0.092616
2016  03  08       185700      0.10719
2016  03  08       185800      0.10098
2016  03  08       185900      0.09891
2016  03  08       190000      0.11761
2016  03  08       190100      0.10042
2016  03  08       190200      0.081956
2016  03  08       190300      0.096247
2016  03  08       190400      0.098424
2016  03  08       190500      0.080497
2016  03  08       190600      0.095149
2016  03  08       190700      0.062024
2016  03  08       190800      0.075237
2016  03  08       190900      0.088448
2016  03  08       191000      0.11371
2016  03  08       191100      0.11661
2016  03  08       191200      0.14107
2016  03  08       191300      0.14157
2016  03  08       191400      0.14143
2016  03  08       191500      0.13436
2016  03  08       191600      0.11612
2016  03  08       191700      0.09013
2016  03  08       191800      0.06783
2016  03  08       191900      0.042958
2016  03  08       192000      0.050639
2016  03  08       192100      0.026828
2016  03  08       192200      0.03135
2016  03  08       192300      0.0028194
2016  03  08       192400      -0.0058041
2016  03  08       192500      -0.024768
2016  03  08       192600      -0.023109
2016  03  08       192700      -0.031757
2016  03  08       192800      -0.0095341
2016  03  08       192900      -0.024377
2016  03  08       193000      -0.0037454
2016  03  08       193100      -3.11E-05
2016  03  08       193200      0.0090383
2016  03  08       193300      0.0081501
2016  03  08       193400      0.02446
2016  03  08       193500      0.0033531
2016  03  08       193600      0.045505
2016  03  08       193700      0.025403
2016  03  08       193800      0.022888
2016  03  08       193900      -0.002003
2016  03  08       194000      -0.0054258
2016  03  08       194100      -0.021722
2016  03  08       194200      -0.022562
2016  03  08       194300      -0.03496
2016  03  08       194400      -0.023002
2016  03  08       194500      -0.054424
2016  03  08       194600      -0.042663
2016  03  08       194700      -0.067347
2016  03  08       194800      -0.046281
2016  03  08       194900      -0.034541
2016  03  08       195000      -0.010147
2016  03  08       195100      -0.022125
2016  03  08       195200      -0.018987
2016  03  08       195300      -0.0092247
2016  03  08       195400      0.0042985
2016  03  08       195500      -0.00072198
2016  03  08       195600      0.0067329
2016  03  08       195700      0.0072123
2016  03  08       195800      0.031587
2016  03  08       195900      0.028263
2016  03  08       200000      0.050656
2016  03  08       200100      0.029526
2016  03  08       200200      0.034036
2016  03  08       200300      0.02281
2016  03  08       200400      0.004898
2016  03  08       200500      0.016311
2016  03  08       200600      0.014427
2016  03  08       200700      0.02035
2016  03  08       200800      0.038634
2016  03  08       200900      0.038444
2016  03  08       201000      0.045947
2016  03  08       201100      0.043449
2016  03  08       201200      0.028039
2016  03  08       201300      0.0012083
2016  03  08       201400      -0.0058795
2016  03  08       201500      -0.0002824
2016  03  08       201600      -0.0033232
2016  03  08       201700      -0.024954
2016  03  08       201800      -0.0030475
2016  03  08       201900      -0.01496
2016  03  08       202000      -0.015893
2016  03  08       202100      -0.021178
2016  03  08       202200      0.011848
2016  03  08       202300      -0.0034346
2016  03  08       202400      0.022222
2016  03  08       202500      0.0034121
2016  03  08       202600      0.0064319
2016  03  08       202700      0.0047933
2016  03  08       202800      0.011326
2016  03  08       202900      0.00051137
2016  03  08       203000      0.025708
2016  03  08       203100      -0.0053144
2016  03  08       203200      0.0080971
2016  03  08       203300      -0.014502
2016  03  08       203400      0.010884
2016  03  08       203500      -0.00023977
2016  03  08       203600      0.022626
2016  03  08       203700      0.019261
2016  03  08       203800      0.033085
2016  03  08       203900      0.021776
2016  03  08       204000      0.021363
2016  03  08       204100      -0.0038953
2016  03  08       204200      0.010558
2016  03  08       204300      0.00095001
2016  03  08       204400      0.017164
2016  03  08       204500      0.0087683
2016  03  08       204600      0.022315
2016  03  08       204700      0.0070059
2016  03  08       204800      -0.0020304
2016  03  08       204900      0.00080066
2016  03  08       205000      0.028093
2016  03  08       205100      0.009046
2016  03  08       205200      0.019826
2016  03  08       205300      0.0053088
2016  03  08       205400      0.021626
2016  03  08       205500      0.0081159
2016  03  08       205600      0.025119
2016  03  08       205700      0.033136
2016  03  08       205800      0.05745
2016  03  08       205900      0.042726
2016  03  08       210000      0.044495
2016  03  08       210100      0.033292
2016  03  08       210200      0.068234
2016  03  08       210300      0.05336
2016  03  08       210400      0.07735
2016  03  08       210500      0.063571
2016  03  08       210600      0.089476
2016  03  08       210700      0.091893
2016  03  08       210800      0.10389
2016  03  08       210900      0.11332
2016  03  08       211000      0.12383
2016  03  08       211100      0.10543
2016  03  08       211200      0.10604
2016  03  08       211300      0.094855
2016  03  08       211400      0.10401
2016  03  08       211500      0.084401
2016  03  08       211600      0.10023
2016  03  08       211700      0.076001
2016  03  08       211800      0.088067
2016  03  08       211900      0.078476
2016  03  08       212000      0.092786
2016  03  08       212100      0.081231
2016  03  08       212200      0.094697
2016  03  08       212300      0.078752
2016  03  08       212400      0.095503
2016  03  08       212500      0.083029
2016  03  08       212600      0.095518
2016  03  08       212700      0.063715
2016  03  08       212800      0.077398
2016  03  08       212900      0.064845
2016  03  08       213000      0.08388
2016  03  08       213100      0.073202
2016  03  08       213200      0.10315
2016  03  08       213300      0.069114
2016  03  08       213400      0.096529
2016  03  08       213500      0.088942
2016  03  08       213600      0.11113
2016  03  08       213700      0.10181
2016  03  08       213800      0.11741
2016  03  08       213900      0.11762
2016  03  08       214000      0.13961
2016  03  08       214100      0.12598
2016  03  08       214200      0.12606
2016  03  08       214300      0.10228
2016  03  08       214400      0.11579
2016  03  08       214500      0.10793
2016  03  08       214600      0.11658
2016  03  08       214700      0.10545
2016  03  08       214800      0.11031
2016  03  08       214900      0.098555
2016  03  08       215000      0.10471
2016  03  08       215100      0.09435
2016  03  08       215200      0.099403
2016  03  08       215300      0.093601
2016  03  08       215400      0.11621
2016  03  08       215500      0.10972
2016  03  08       215600      0.1441
2016  03  08       215700      0.10946
2016  03  08       215800      0.12216
2016  03  08       215900      0.10075
2016  03  08       220000      0.11333
2016  03  08       220100      0.10159
2016  03  08       220200      0.092655
2016  03  08       220300      0.088677
2016  03  08       220400      0.091699
2016  03  08       220500      0.089551
2016  03  08       220600      0.099371
2016  03  08       220700      0.085514
2016  03  08       220800      0.08102
2016  03  08       220900      0.082498
2016  03  08       221000      0.10596
2016  03  08       221100      0.083879
2016  03  08       221200      0.084485
2016  03  08       221300      0.078499
2016  03  08       221400      0.083087
2016  03  08       221500      0.076094
2016  03  08       221600      0.079521
2016  03  08       221700      0.063555
2016  03  08       221800      0.076074
2016  03  08       221900      0.062878
2016  03  08       222000      0.048131
2016  03  08       222100      0.047888
2016  03  08       222200      0.05847
2016  03  08       222300      0.041139
2016  03  08       222400      0.035882
2016  03  08       222500      0.031877
2016  03  08       222600      0.037702
2016  03  08       222700      0.037594
2016  03  08       222800      0.03216
2016  03  08       222900      0.031657
2016  03  08       223000      0.054049
2016  03  08       223100      0.05942
2016  03  08       223200      0.066362
2016  03  08       223300      0.060788
2016  03  08       223400      0.063114
2016  03  08       223500      0.069309
2016  03  08       223600      0.07527
2016  03  08       223700      0.052199
2016  03  08       223800      0.067781
2016  03  08       223900      0.050623
2016  03  08       224000      0.065921
2016  03  08       224100      0.053107
2016  03  08       224200      0.077353
2016  03  08       224300      0.053115
2016  03  08       224400      0.059666
2016  03  08       224500      0.034712
2016  03  08       224600      0.039843
2016  03  08       224700      0.039186
2016  03  08       224800      0.021983
2016  03  08       224900      0.0084636
2016  03  08       225000      0.014479
2016  03  08       225100      0.017457
2016  03  08       225200      0.01453
2016  03  08       225300      0.0080135
2016  03  08       225400      0.027902
2016  03  08       225500      0.025456
2016  03  08       225600      0.035516
2016  03  08       225700      0.034569
2016  03  08       225800      0.029658
2016  03  08       225900      0.013141
2016  03  08       230000      0.022719
2016  03  08       230100      0.0077235
2016  03  08       230200      0.0052285
2016  03  08       230300      0.0092719
2016  03  08       230400      0.0069552
2016  03  08       230500      0.015943
2016  03  08       230600      0.0062812
2016  03  08       230700      0.0044901
2016  03  08       230800      -0.0087413
2016  03  08       230900      -0.0033756
2016  03  08       231000      -0.0089144
2016  03  08       231100      0.0040642
2016  03  08       231200      -0.0051127
2016  03  08       231300      0.013286
2016  03  08       231400      0.020985
2016  03  08       231500      0.014864
2016  03  08       231600      0.01993
2016  03  08       231700      0.014004
2016  03  08       231800      0.0095348
2016  03  08       231900      0.0010154
2016  03  08       232000      0.013295
2016  03  08       232100      0.014312
2016  03  08       232200      0.0064121
2016  03  08       232300      -0.00051394
2016  03  08       232400      -0.0034919
2016  03  08       232500      -0.025735
2016  03  08       232600      -0.025292
2016  03  08       232700      -0.046824
2016  03  08       232800      -0.044942
2016  03  08       232900      -0.048473
2016  03  08       233000      -0.041539
2016  03  08       233100      -0.055528
2016  03  08       233200      -0.052194
2016  03  08       233300      -0.057337
2016  03  08       233400      -0.054161
2016  03  08       233500      -0.076519
2016  03  08       233600      -0.080688
2016  03  08       233700      -0.093986
2016  03  08       233800      -0.087065
2016  03  08       233900      -0.091394
2016  03  08       234000      -0.090842
2016  03  08       234100      -0.097576
2016  03  08       234200      -0.093649
2016  03  08       234300      -0.093345
2016  03  08       234400      -0.11123
2016  03  08       234500      -0.10275
2016  03  08       234600      -0.099575
2016  03  08       234700      -0.092367
2016  03  08       234800      -0.094735
2016  03  08       234900      -0.10058
2016  03  08       235000      -0.093553
2016  03  08       235100      -0.082207
2016  03  08       235200      -0.077288
2016  03  08       235300      -0.11184
2016  03  08       235400      -0.097676
2016  03  08       235500      -0.11144
2016  03  08       235600      -0.11425
2016  03  08       235700      -0.10589
2016  03  08       235800      -0.10256
2016  03  08       235900      -0.098892
