GICDeviceID,SampleDateTime,GICMeasured
10591,6/1/2025 12:00:00 AM,3.10
10591,6/1/2025 12:01:00 AM,3.00
10591,6/1/2025 12:02:00 AM,3.08
10591,6/1/2025 12:03:00 AM,3.10
10591,6/1/2025 12:04:00 AM,3.00
10591,6/1/2025 12:05:00 AM,3.00
10591,6/1/2025 12:06:00 AM,3.00
10591,6/1/2025 12:07:00 AM,3.00
10591,6/1/2025 12:08:00 AM,3.00
10591,6/1/2025 12:09:00 AM,3.00
10591,6/1/2025 12:10:00 AM,3.10
10591,6/1/2025 12:11:00 AM,3.00
10591,6/1/2025 12:12:00 AM,3.10
10591,6/1/2025 12:13:00 AM,3.10
10591,6/1/2025 12:14:00 AM,3.10
10591,6/1/2025 12:15:00 AM,3.00
10591,6/1/2025 12:16:00 AM,3.00
10591,6/1/2025 12:17:00 AM,2.90
10591,6/1/2025 12:18:00 AM,3.00
10591,6/1/2025 12:19:00 AM,3.00
10591,6/1/2025 12:20:00 AM,3.00
10591,6/1/2025 12:21:00 AM,3.00
10591,6/1/2025 12:22:00 AM,3.10
10591,6/1/2025 12:23:00 AM,3.04
10591,6/1/2025 12:24:00 AM,3.00
10591,6/1/2025 12:25:00 AM,2.99
10591,6/1/2025 12:26:00 AM,3.20
10591,6/1/2025 12:27:00 AM,3.20
10591,6/1/2025 12:28:00 AM,3.10
10591,6/1/2025 12:29:00 AM,3.10
10591,6/1/2025 12:30:00 AM,3.00
10591,6/1/2025 12:31:00 AM,3.00
10591,6/1/2025 12:32:00 AM,3.00
10591,6/1/2025 12:33:00 AM,2.90
10591,6/1/2025 12:34:00 AM,3.00
10591,6/1/2025 12:35:00 AM,2.90
10591,6/1/2025 12:36:00 AM,2.98
10591,6/1/2025 12:37:00 AM,2.90
10591,6/1/2025 12:38:00 AM,2.90
10591,6/1/2025 12:39:00 AM,2.80
10591,6/1/2025 12:40:00 AM,2.80
10591,6/1/2025 12:41:00 AM,2.90
10591,6/1/2025 12:42:00 AM,2.90
10591,6/1/2025 12:43:00 AM,2.80
10591,6/1/2025 12:44:00 AM,2.90
10591,6/1/2025 12:45:00 AM,2.90
10591,6/1/2025 12:46:00 AM,3.10
10591,6/1/2025 12:47:00 AM,3.10
10591,6/1/2025 12:48:00 AM,3.10
10591,6/1/2025 12:49:00 AM,3.00
10591,6/1/2025 12:50:00 AM,3.00
10591,6/1/2025 12:51:00 AM,3.00
10591,6/1/2025 12:52:00 AM,3.00
10591,6/1/2025 12:53:00 AM,3.08
10591,6/1/2025 12:54:00 AM,3.10
10591,6/1/2025 12:55:00 AM,3.10
10591,6/1/2025 12:56:00 AM,3.10
10591,6/1/2025 12:57:00 AM,3.05
10591,6/1/2025 12:58:00 AM,3.00
10591,6/1/2025 12:59:00 AM,3.00
10591,6/1/2025 1:00:00 AM,3.00
10591,6/1/2025 1:01:00 AM,3.10
10591,6/1/2025 1:02:00 AM,3.13
10591,6/1/2025 1:03:00 AM,3.20
10591,6/1/2025 1:04:00 AM,3.20
10591,6/1/2025 1:05:00 AM,3.20
10591,6/1/2025 1:06:00 AM,3.10
10591,6/1/2025 1:07:00 AM,3.10
10591,6/1/2025 1:08:00 AM,3.10
10591,6/1/2025 1:09:00 AM,3.10
10591,6/1/2025 1:10:00 AM,3.00
10591,6/1/2025 1:11:00 AM,3.10
10591,6/1/2025 1:12:00 AM,3.10
10591,6/1/2025 1:13:00 AM,3.10
10591,6/1/2025 1:14:00 AM,3.20
10591,6/1/2025 1:15:00 AM,3.20
10591,6/1/2025 1:16:00 AM,3.20
10591,6/1/2025 1:17:00 AM,3.20
10591,6/1/2025 1:18:00 AM,3.20
10591,6/1/2025 1:19:00 AM,3.20
10591,6/1/2025 1:20:00 AM,3.10
10591,6/1/2025 1:21:00 AM,3.10
10591,6/1/2025 1:22:00 AM,3.00
10591,6/1/2025 1:23:00 AM,3.10
10591,6/1/2025 1:24:00 AM,3.10
10591,6/1/2025 1:25:00 AM,3.14
10591,6/1/2025 1:26:00 AM,3.20
10591,6/1/2025 1:27:00 AM,3.20
10591,6/1/2025 1:28:00 AM,3.20
10591,6/1/2025 1:29:00 AM,3.20
10591,6/1/2025 1:30:00 AM,3.20
10591,6/1/2025 1:31:00 AM,3.20
10591,6/1/2025 1:32:00 AM,3.20
10591,6/1/2025 1:33:00 AM,3.20
10591,6/1/2025 1:34:00 AM,3.20
10591,6/1/2025 1:35:00 AM,3.20
10591,6/1/2025 1:36:00 AM,3.20
10591,6/1/2025 1:37:00 AM,3.20
10591,6/1/2025 1:38:00 AM,3.20
10591,6/1/2025 1:39:00 AM,3.20
10591,6/1/2025 1:40:00 AM,3.30
10591,6/1/2025 1:41:00 AM,3.28
10591,6/1/2025 1:42:00 AM,3.20
10591,6/1/2025 1:43:00 AM,3.20
10591,6/1/2025 1:44:00 AM,3.20
10591,6/1/2025 1:45:00 AM,3.20
10591,6/1/2025 1:46:00 AM,3.10
10591,6/1/2025 1:47:00 AM,3.20
10591,6/1/2025 1:48:00 AM,3.20
10591,6/1/2025 1:49:00 AM,3.10
10591,6/1/2025 1:50:00 AM,3.10
10591,6/1/2025 1:51:00 AM,3.10
10591,6/1/2025 1:52:00 AM,3.10
10591,6/1/2025 1:53:00 AM,3.10
10591,6/1/2025 1:54:00 AM,3.10
10591,6/1/2025 1:55:00 AM,3.00
10591,6/1/2025 1:56:00 AM,3.10
10591,6/1/2025 1:57:00 AM,3.10
10591,6/1/2025 1:58:00 AM,3.02
10591,6/1/2025 1:59:00 AM,3.05
10591,6/1/2025 2:00:00 AM,3.00
10591,6/1/2025 2:01:00 AM,3.10
10591,6/1/2025 2:02:00 AM,3.10
10591,6/1/2025 2:03:00 AM,3.10
10591,6/1/2025 2:04:00 AM,3.10
10591,6/1/2025 2:05:00 AM,3.20
10591,6/1/2025 2:06:00 AM,3.10
10591,6/1/2025 2:07:00 AM,3.10
10591,6/1/2025 2:08:00 AM,3.10
10591,6/1/2025 2:09:00 AM,3.10
10591,6/1/2025 2:10:00 AM,3.10
10591,6/1/2025 2:11:00 AM,3.10
10591,6/1/2025 2:12:00 AM,3.20
10591,6/1/2025 2:13:00 AM,3.20
10591,6/1/2025 2:14:00 AM,3.20
10591,6/1/2025 2:15:00 AM,3.17
10591,6/1/2025 2:16:00 AM,3.10
10591,6/1/2025 2:17:00 AM,3.10
10591,6/1/2025 2:18:00 AM,3.10
10591,6/1/2025 2:19:00 AM,3.10
10591,6/1/2025 2:20:00 AM,3.01
10591,6/1/2025 2:21:00 AM,3.10
10591,6/1/2025 2:22:00 AM,3.10
10591,6/1/2025 2:23:00 AM,3.20
10591,6/1/2025 2:24:00 AM,3.10
10591,6/1/2025 2:25:00 AM,3.10
10591,6/1/2025 2:26:00 AM,3.20
10591,6/1/2025 2:27:00 AM,3.10
10591,6/1/2025 2:28:00 AM,3.10
10591,6/1/2025 2:29:00 AM,3.10
10591,6/1/2025 2:30:00 AM,3.10
10591,6/1/2025 2:31:00 AM,3.10
10591,6/1/2025 2:32:00 AM,3.10
10591,6/1/2025 2:33:00 AM,3.10
10591,6/1/2025 2:34:00 AM,3.10
10591,6/1/2025 2:35:00 AM,3.00
10591,6/1/2025 2:36:00 AM,3.10
10591,6/1/2025 2:37:00 AM,3.10
10591,6/1/2025 2:38:00 AM,3.10
10591,6/1/2025 2:39:00 AM,3.10
10591,6/1/2025 2:40:00 AM,3.02
10591,6/1/2025 2:41:00 AM,3.00
10591,6/1/2025 2:42:00 AM,3.10
10591,6/1/2025 2:43:00 AM,3.10
10591,6/1/2025 2:44:00 AM,3.06
10591,6/1/2025 2:45:00 AM,3.03
10591,6/1/2025 2:46:00 AM,3.01
10591,6/1/2025 2:47:00 AM,3.00
10591,6/1/2025 2:48:00 AM,3.00
10591,6/1/2025 2:49:00 AM,3.00
10591,6/1/2025 2:50:00 AM,3.10
10591,6/1/2025 2:51:00 AM,3.10
10591,6/1/2025 2:52:00 AM,3.10
10591,6/1/2025 2:53:00 AM,3.10
10591,6/1/2025 2:54:00 AM,3.10
10591,6/1/2025 2:55:00 AM,3.10
10591,6/1/2025 2:56:00 AM,3.10
10591,6/1/2025 2:57:00 AM,3.10
10591,6/1/2025 2:58:00 AM,3.00
10591,6/1/2025 2:59:00 AM,3.10
10591,6/1/2025 3:00:00 AM,3.10
10591,6/1/2025 3:01:00 AM,3.10
10591,6/1/2025 3:02:00 AM,3.10
10591,6/1/2025 3:03:00 AM,3.10
10591,6/1/2025 3:04:00 AM,3.00
10591,6/1/2025 3:05:00 AM,3.10
10591,6/1/2025 3:06:00 AM,3.10
10591,6/1/2025 3:07:00 AM,3.10
10591,6/1/2025 3:08:00 AM,3.10
10591,6/1/2025 3:09:00 AM,3.10
10591,6/1/2025 3:10:00 AM,3.10
10591,6/1/2025 3:11:00 AM,3.02
10591,6/1/2025 3:12:00 AM,3.10
10591,6/1/2025 3:13:00 AM,3.10
10591,6/1/2025 3:14:00 AM,3.02
10591,6/1/2025 3:15:00 AM,3.10
10591,6/1/2025 3:16:00 AM,3.00
10591,6/1/2025 3:17:00 AM,2.90
10591,6/1/2025 3:18:00 AM,2.90
10591,6/1/2025 3:19:00 AM,2.90
10591,6/1/2025 3:20:00 AM,2.90
10591,6/1/2025 3:21:00 AM,2.90
10591,6/1/2025 3:22:00 AM,2.90
10591,6/1/2025 3:23:00 AM,2.90
10591,6/1/2025 3:24:00 AM,2.90
10591,6/1/2025 3:25:00 AM,2.90
10591,6/1/2025 3:26:00 AM,2.90
10591,6/1/2025 3:27:00 AM,2.90
10591,6/1/2025 3:28:00 AM,2.98
10591,6/1/2025 3:29:00 AM,3.04
10591,6/1/2025 3:30:00 AM,3.00
10591,6/1/2025 3:31:00 AM,2.99
10591,6/1/2025 3:32:00 AM,3.07
10591,6/1/2025 3:33:00 AM,3.00
10591,6/1/2025 3:34:00 AM,3.00
10591,6/1/2025 3:35:00 AM,3.00
10591,6/1/2025 3:36:00 AM,3.00
10591,6/1/2025 3:37:00 AM,3.00
10591,6/1/2025 3:38:00 AM,2.90
10591,6/1/2025 3:39:00 AM,2.90
10591,6/1/2025 3:40:00 AM,2.80
10591,6/1/2025 3:41:00 AM,2.70
10591,6/1/2025 3:42:00 AM,2.60
10591,6/1/2025 3:43:00 AM,2.50
10591,6/1/2025 3:44:00 AM,2.50
10591,6/1/2025 3:45:00 AM,2.50
10591,6/1/2025 3:46:00 AM,2.50
10591,6/1/2025 3:47:00 AM,2.50
10591,6/1/2025 3:48:00 AM,2.59
10591,6/1/2025 3:49:00 AM,2.60
10591,6/1/2025 3:50:00 AM,2.70
10591,6/1/2025 3:51:00 AM,2.70
10591,6/1/2025 3:52:00 AM,2.80
10591,6/1/2025 3:53:00 AM,2.90
10591,6/1/2025 3:54:00 AM,2.90
10591,6/1/2025 3:55:00 AM,2.90
10591,6/1/2025 3:56:00 AM,2.90
10591,6/1/2025 3:57:00 AM,2.94
10591,6/1/2025 3:58:00 AM,3.00
10591,6/1/2025 3:59:00 AM,3.00
10591,6/1/2025 4:00:00 AM,3.10
10591,6/1/2025 4:01:00 AM,3.10
10591,6/1/2025 4:02:00 AM,3.10
10591,6/1/2025 4:03:00 AM,3.20
10591,6/1/2025 4:04:00 AM,3.10
10591,6/1/2025 4:05:00 AM,3.10
10591,6/1/2025 4:06:00 AM,3.10
10591,6/1/2025 4:07:00 AM,3.10
10591,6/1/2025 4:08:00 AM,3.00
10591,6/1/2025 4:09:00 AM,3.00
10591,6/1/2025 4:10:00 AM,2.90
10591,6/1/2025 4:11:00 AM,2.90
10591,6/1/2025 4:12:00 AM,3.00
10591,6/1/2025 4:13:00 AM,3.00
10591,6/1/2025 4:14:00 AM,3.00
10591,6/1/2025 4:15:00 AM,3.00
10591,6/1/2025 4:16:00 AM,3.10
10591,6/1/2025 4:17:00 AM,3.10
10591,6/1/2025 4:18:00 AM,3.09
10591,6/1/2025 4:19:00 AM,3.00
10591,6/1/2025 4:20:00 AM,2.94
10591,6/1/2025 4:21:00 AM,2.42
10591,6/1/2025 4:22:00 AM,2.03
10591,6/1/2025 4:23:00 AM,3.00
10591,6/1/2025 4:24:00 AM,3.00
10591,6/1/2025 4:25:00 AM,2.90
10591,6/1/2025 4:26:00 AM,3.07
10591,6/1/2025 4:27:00 AM,3.20
10591,6/1/2025 4:28:00 AM,3.20
10591,6/1/2025 4:29:00 AM,3.20
10591,6/1/2025 4:30:00 AM,3.10
10591,6/1/2025 4:31:00 AM,3.10
10591,6/1/2025 4:32:00 AM,3.20
10591,6/1/2025 4:33:00 AM,3.10
10591,6/1/2025 4:34:00 AM,3.10
10591,6/1/2025 4:35:00 AM,3.10
10591,6/1/2025 4:36:00 AM,3.20
10591,6/1/2025 4:37:00 AM,3.00
10591,6/1/2025 4:38:00 AM,3.20
10591,6/1/2025 4:39:00 AM,3.15
10591,6/1/2025 4:40:00 AM,3.10
10591,6/1/2025 4:41:00 AM,3.17
10591,6/1/2025 4:42:00 AM,3.20
10591,6/1/2025 4:43:00 AM,3.15
10591,6/1/2025 4:44:00 AM,3.10
10591,6/1/2025 4:45:00 AM,3.30
10591,6/1/2025 4:46:00 AM,3.28
10591,6/1/2025 4:47:00 AM,3.30
10591,6/1/2025 4:48:00 AM,3.20
10591,6/1/2025 4:49:00 AM,3.20
10591,6/1/2025 4:50:00 AM,3.20
10591,6/1/2025 4:51:00 AM,3.10
10591,6/1/2025 4:52:00 AM,3.20
10591,6/1/2025 4:53:00 AM,3.10
10591,6/1/2025 4:54:00 AM,3.11
10591,6/1/2025 4:55:00 AM,3.10
10591,6/1/2025 4:56:00 AM,3.10
10591,6/1/2025 4:57:00 AM,3.10
10591,6/1/2025 4:58:00 AM,3.10
10591,6/1/2025 4:59:00 AM,3.10
10591,6/1/2025 5:00:00 AM,3.10
10591,6/1/2025 5:01:00 AM,3.10
10591,6/1/2025 5:02:00 AM,3.18
10591,6/1/2025 5:03:00 AM,3.10
10591,6/1/2025 5:04:00 AM,3.10
10591,6/1/2025 5:05:00 AM,3.20
10591,6/1/2025 5:06:00 AM,3.20
10591,6/1/2025 5:07:00 AM,3.20
10591,6/1/2025 5:08:00 AM,3.10
10591,6/1/2025 5:09:00 AM,3.10
10591,6/1/2025 5:10:00 AM,3.17
10591,6/1/2025 5:11:00 AM,3.10
10591,6/1/2025 5:12:00 AM,3.17
10591,6/1/2025 5:13:00 AM,3.10
10591,6/1/2025 5:14:00 AM,3.20
10591,6/1/2025 5:15:00 AM,3.20
10591,6/1/2025 5:16:00 AM,3.18
10591,6/1/2025 5:17:00 AM,3.20
10591,6/1/2025 5:18:00 AM,3.20
10591,6/1/2025 5:19:00 AM,3.22
10591,6/1/2025 5:20:00 AM,3.20
10591,6/1/2025 5:21:00 AM,3.20
10591,6/1/2025 5:22:00 AM,3.20
10591,6/1/2025 5:23:00 AM,3.20
10591,6/1/2025 5:24:00 AM,3.20
10591,6/1/2025 5:25:00 AM,3.20
10591,6/1/2025 5:26:00 AM,3.14
10591,6/1/2025 5:27:00 AM,3.10
10591,6/1/2025 5:28:00 AM,3.10
10591,6/1/2025 5:29:00 AM,3.10
10591,6/1/2025 5:30:00 AM,3.20
10591,6/1/2025 5:31:00 AM,3.16
10591,6/1/2025 5:32:00 AM,3.20
10591,6/1/2025 5:33:00 AM,3.10
10591,6/1/2025 5:34:00 AM,3.20
10591,6/1/2025 5:35:00 AM,3.20
10591,6/1/2025 5:36:00 AM,3.20
10591,6/1/2025 5:37:00 AM,3.15
10591,6/1/2025 5:38:00 AM,3.18
10591,6/1/2025 5:39:00 AM,3.10
10591,6/1/2025 5:40:00 AM,3.10
10591,6/1/2025 5:41:00 AM,3.10
10591,6/1/2025 5:42:00 AM,3.14
10591,6/1/2025 5:43:00 AM,3.10
10591,6/1/2025 5:44:00 AM,3.10
10591,6/1/2025 5:45:00 AM,3.10
10591,6/1/2025 5:46:00 AM,3.09
10591,6/1/2025 5:47:00 AM,3.07
10591,6/1/2025 5:48:00 AM,3.00
10591,6/1/2025 5:49:00 AM,3.00
10591,6/1/2025 5:50:00 AM,3.10
10591,6/1/2025 5:51:00 AM,3.10
10591,6/1/2025 5:52:00 AM,3.10
10591,6/1/2025 5:53:00 AM,3.10
10591,6/1/2025 5:54:00 AM,3.10
10591,6/1/2025 5:55:00 AM,3.10
10591,6/1/2025 5:56:00 AM,3.10
10591,6/1/2025 5:57:00 AM,3.10
10591,6/1/2025 5:58:00 AM,3.10
10591,6/1/2025 5:59:00 AM,3.10
10591,6/1/2025 6:00:00 AM,3.03
10591,6/1/2025 6:01:00 AM,3.10
10591,6/1/2025 6:02:00 AM,3.10
10591,6/1/2025 6:03:00 AM,3.00
10591,6/1/2025 6:04:00 AM,3.00
10591,6/1/2025 6:05:00 AM,3.10
10591,6/1/2025 6:06:00 AM,3.10
10591,6/1/2025 6:07:00 AM,3.00
10591,6/1/2025 6:08:00 AM,3.03
10591,6/1/2025 6:09:00 AM,3.02
10591,6/1/2025 6:10:00 AM,3.10
10591,6/1/2025 6:11:00 AM,3.10
10591,6/1/2025 6:12:00 AM,3.10
10591,6/1/2025 6:13:00 AM,3.00
10591,6/1/2025 6:14:00 AM,2.90
10591,6/1/2025 6:15:00 AM,2.87
10591,6/1/2025 6:16:00 AM,2.80
10591,6/1/2025 6:17:00 AM,2.92
10591,6/1/2025 6:18:00 AM,3.00
10591,6/1/2025 6:19:00 AM,2.79
10591,6/1/2025 6:20:00 AM,3.02
10591,6/1/2025 6:21:00 AM,2.96
10591,6/1/2025 6:22:00 AM,2.90
10591,6/1/2025 6:23:00 AM,2.88
10591,6/1/2025 6:24:00 AM,3.09
10591,6/1/2025 6:25:00 AM,3.10
10591,6/1/2025 6:26:00 AM,3.17
10591,6/1/2025 6:27:00 AM,3.00
10591,6/1/2025 6:28:00 AM,3.17
10591,6/1/2025 6:29:00 AM,3.19
10591,6/1/2025 6:30:00 AM,3.10
10591,6/1/2025 6:31:00 AM,3.30
10591,6/1/2025 6:32:00 AM,3.40
10591,6/1/2025 6:33:00 AM,3.46
10591,6/1/2025 6:34:00 AM,3.52
10591,6/1/2025 6:35:00 AM,3.50
10591,6/1/2025 6:36:00 AM,3.50
10591,6/1/2025 6:37:00 AM,3.48
10591,6/1/2025 6:38:00 AM,3.30
10591,6/1/2025 6:39:00 AM,3.30
10591,6/1/2025 6:40:00 AM,3.21
10591,6/1/2025 6:41:00 AM,3.20
10591,6/1/2025 6:42:00 AM,3.20
10591,6/1/2025 6:43:00 AM,3.20
10591,6/1/2025 6:44:00 AM,3.20
10591,6/1/2025 6:45:00 AM,3.23
10591,6/1/2025 6:46:00 AM,3.10
10591,6/1/2025 6:47:00 AM,3.20
10591,6/1/2025 6:48:00 AM,3.29
10591,6/1/2025 6:49:00 AM,3.24
10591,6/1/2025 6:50:00 AM,3.16
10591,6/1/2025 6:51:00 AM,3.20
10591,6/1/2025 6:52:00 AM,3.20
10591,6/1/2025 6:53:00 AM,3.20
10591,6/1/2025 6:54:00 AM,3.20
10591,6/1/2025 6:55:00 AM,3.10
10591,6/1/2025 6:56:00 AM,3.00
10591,6/1/2025 6:57:00 AM,2.99
10591,6/1/2025 6:58:00 AM,3.10
10591,6/1/2025 6:59:00 AM,3.20
10591,6/1/2025 7:00:00 AM,3.20
10591,6/1/2025 7:01:00 AM,3.30
10591,6/1/2025 7:02:00 AM,3.30
10591,6/1/2025 7:03:00 AM,3.30
10591,6/1/2025 7:04:00 AM,3.40
10591,6/1/2025 7:05:00 AM,3.40
10591,6/1/2025 7:06:00 AM,3.50
10591,6/1/2025 7:07:00 AM,3.40
10591,6/1/2025 7:08:00 AM,3.60
10591,6/1/2025 7:09:00 AM,3.60
10591,6/1/2025 7:10:00 AM,3.60
10591,6/1/2025 7:11:00 AM,3.60
10591,6/1/2025 7:12:00 AM,3.60
10591,6/1/2025 7:13:00 AM,3.50
10591,6/1/2025 7:14:00 AM,3.50
10591,6/1/2025 7:15:00 AM,3.43
10591,6/1/2025 7:16:00 AM,3.40
10591,6/1/2025 7:17:00 AM,3.30
10591,6/1/2025 7:18:00 AM,3.30
10591,6/1/2025 7:19:00 AM,3.30
10591,6/1/2025 7:20:00 AM,3.30
10591,6/1/2025 7:21:00 AM,3.20
10591,6/1/2025 7:22:00 AM,3.20
10591,6/1/2025 7:23:00 AM,3.20
10591,6/1/2025 7:24:00 AM,3.20
10591,6/1/2025 7:25:00 AM,3.20
10591,6/1/2025 7:26:00 AM,3.20
10591,6/1/2025 7:27:00 AM,3.20
10591,6/1/2025 7:28:00 AM,3.20
10591,6/1/2025 7:29:00 AM,3.20
10591,6/1/2025 7:30:00 AM,3.20
10591,6/1/2025 7:31:00 AM,3.20
10591,6/1/2025 7:32:00 AM,3.20
10591,6/1/2025 7:33:00 AM,3.20
10591,6/1/2025 7:34:00 AM,3.24
10591,6/1/2025 7:35:00 AM,3.16
10591,6/1/2025 7:36:00 AM,3.04
10591,6/1/2025 7:37:00 AM,3.00
10591,6/1/2025 7:38:00 AM,3.00
10591,6/1/2025 7:39:00 AM,2.86
10591,6/1/2025 7:40:00 AM,2.66
10591,6/1/2025 7:41:00 AM,2.50
10591,6/1/2025 7:42:00 AM,2.30
10591,6/1/2025 7:43:00 AM,2.20
10591,6/1/2025 7:44:00 AM,2.10
10591,6/1/2025 7:45:00 AM,2.10
10591,6/1/2025 7:46:00 AM,2.15
10591,6/1/2025 7:47:00 AM,2.20
10591,6/1/2025 7:48:00 AM,2.30
10591,6/1/2025 7:49:00 AM,2.40
10591,6/1/2025 7:50:00 AM,2.60
10591,6/1/2025 7:51:00 AM,2.70
10591,6/1/2025 7:52:00 AM,2.90
10591,6/1/2025 7:53:00 AM,3.10
10591,6/1/2025 7:54:00 AM,3.10
10591,6/1/2025 7:55:00 AM,3.20
10591,6/1/2025 7:56:00 AM,3.38
10591,6/1/2025 7:57:00 AM,3.40
10591,6/1/2025 7:58:00 AM,3.47
10591,6/1/2025 7:59:00 AM,3.50
10591,6/1/2025 8:00:00 AM,3.50
10591,6/1/2025 8:01:00 AM,3.60
10591,6/1/2025 8:02:00 AM,3.60
10591,6/1/2025 8:03:00 AM,3.60
10591,6/1/2025 8:04:00 AM,3.70
10591,6/1/2025 8:05:00 AM,3.70
10591,6/1/2025 8:06:00 AM,3.70
10591,6/1/2025 8:07:00 AM,3.80
10591,6/1/2025 8:08:00 AM,3.70
10591,6/1/2025 8:09:00 AM,3.80
10591,6/1/2025 8:10:00 AM,3.70
10591,6/1/2025 8:11:00 AM,3.80
10591,6/1/2025 8:12:00 AM,3.70
10591,6/1/2025 8:13:00 AM,3.70
10591,6/1/2025 8:14:00 AM,3.70
10591,6/1/2025 8:15:00 AM,3.70
10591,6/1/2025 8:16:00 AM,3.70
10591,6/1/2025 8:17:00 AM,3.68
10591,6/1/2025 8:18:00 AM,3.60
10591,6/1/2025 8:19:00 AM,3.60
10591,6/1/2025 8:20:00 AM,3.47
10591,6/1/2025 8:21:00 AM,3.40
10591,6/1/2025 8:22:00 AM,3.30
10591,6/1/2025 8:23:00 AM,3.29
10591,6/1/2025 8:24:00 AM,3.20
10591,6/1/2025 8:25:00 AM,3.10
10591,6/1/2025 8:26:00 AM,3.10
10591,6/1/2025 8:27:00 AM,3.00
10591,6/1/2025 8:28:00 AM,3.00
10591,6/1/2025 8:29:00 AM,3.00
10591,6/1/2025 8:30:00 AM,3.00
10591,6/1/2025 8:31:00 AM,3.00
10591,6/1/2025 8:32:00 AM,3.00
10591,6/1/2025 8:33:00 AM,3.00
10591,6/1/2025 8:34:00 AM,3.10
10591,6/1/2025 8:35:00 AM,3.10
10591,6/1/2025 8:36:00 AM,3.20
10591,6/1/2025 8:37:00 AM,3.20
10591,6/1/2025 8:38:00 AM,3.30
10591,6/1/2025 8:39:00 AM,3.30
10591,6/1/2025 8:40:00 AM,3.30
10591,6/1/2025 8:41:00 AM,3.30
10591,6/1/2025 8:42:00 AM,3.30
10591,6/1/2025 8:43:00 AM,3.30
10591,6/1/2025 8:44:00 AM,3.30
10591,6/1/2025 8:45:00 AM,3.38
10591,6/1/2025 8:46:00 AM,3.40
10591,6/1/2025 8:47:00 AM,3.40
10591,6/1/2025 8:48:00 AM,3.40
10591,6/1/2025 8:49:00 AM,3.40
10591,6/1/2025 8:50:00 AM,3.40
10591,6/1/2025 8:51:00 AM,3.41
10591,6/1/2025 8:52:00 AM,3.40
10591,6/1/2025 8:53:00 AM,3.40
10591,6/1/2025 8:54:00 AM,3.50
10591,6/1/2025 8:55:00 AM,3.50
10591,6/1/2025 8:56:00 AM,3.50
10591,6/1/2025 8:57:00 AM,3.40
10591,6/1/2025 8:58:00 AM,3.30
10591,6/1/2025 8:59:00 AM,3.30
10591,6/1/2025 9:00:00 AM,3.20
10591,6/1/2025 9:01:00 AM,3.20
10591,6/1/2025 9:02:00 AM,3.20
10591,6/1/2025 9:03:00 AM,3.20
10591,6/1/2025 9:04:00 AM,3.20
10591,6/1/2025 9:05:00 AM,3.20
10591,6/1/2025 9:06:00 AM,3.20
10591,6/1/2025 9:07:00 AM,3.20
10591,6/1/2025 9:08:00 AM,3.20
10591,6/1/2025 9:09:00 AM,3.20
10591,6/1/2025 9:10:00 AM,3.10
10591,6/1/2025 9:11:00 AM,3.10
10591,6/1/2025 9:12:00 AM,3.10
10591,6/1/2025 9:13:00 AM,3.10
10591,6/1/2025 9:14:00 AM,3.10
10591,6/1/2025 9:15:00 AM,3.00
10591,6/1/2025 9:16:00 AM,3.10
10591,6/1/2025 9:17:00 AM,3.00
10591,6/1/2025 9:18:00 AM,3.00
10591,6/1/2025 9:19:00 AM,3.00
10591,6/1/2025 9:20:00 AM,3.00
10591,6/1/2025 9:21:00 AM,3.00
10591,6/1/2025 9:22:00 AM,3.00
10591,6/1/2025 9:23:00 AM,3.00
10591,6/1/2025 9:24:00 AM,3.00
10591,6/1/2025 9:25:00 AM,3.00
10591,6/1/2025 9:26:00 AM,3.00
10591,6/1/2025 9:27:00 AM,3.01
10591,6/1/2025 9:28:00 AM,3.10
10591,6/1/2025 9:29:00 AM,3.10
10591,6/1/2025 9:30:00 AM,3.10
10591,6/1/2025 9:31:00 AM,3.10
10591,6/1/2025 9:32:00 AM,3.17
10591,6/1/2025 9:33:00 AM,3.20
10591,6/1/2025 9:34:00 AM,3.20
10591,6/1/2025 9:35:00 AM,3.20
10591,6/1/2025 9:36:00 AM,3.28
10591,6/1/2025 9:37:00 AM,3.30
10591,6/1/2025 9:38:00 AM,3.30
10591,6/1/2025 9:39:00 AM,3.20
10591,6/1/2025 9:40:00 AM,3.20
10591,6/1/2025 9:41:00 AM,3.20
10591,6/1/2025 9:42:00 AM,3.20
10591,6/1/2025 9:43:00 AM,3.20
10591,6/1/2025 9:44:00 AM,3.20
10591,6/1/2025 9:45:00 AM,3.20
10591,6/1/2025 9:46:00 AM,3.30
10591,6/1/2025 9:47:00 AM,3.30
10591,6/1/2025 9:48:00 AM,3.30
10591,6/1/2025 9:49:00 AM,3.20
10591,6/1/2025 9:50:00 AM,3.20
10591,6/1/2025 9:51:00 AM,3.20
10591,6/1/2025 9:52:00 AM,3.20
10591,6/1/2025 9:53:00 AM,3.20
10591,6/1/2025 9:54:00 AM,3.20
10591,6/1/2025 9:55:00 AM,3.20
10591,6/1/2025 9:56:00 AM,3.20
10591,6/1/2025 9:57:00 AM,3.30
10591,6/1/2025 9:58:00 AM,3.22
10591,6/1/2025 9:59:00 AM,3.30
10591,6/1/2025 10:00:00 AM,3.30
10591,6/1/2025 10:01:00 AM,3.30
10591,6/1/2025 10:02:00 AM,3.30
10591,6/1/2025 10:03:00 AM,3.30
10591,6/1/2025 10:04:00 AM,3.30
10591,6/1/2025 10:05:00 AM,3.20
10591,6/1/2025 10:06:00 AM,3.30
10591,6/1/2025 10:07:00 AM,3.20
10591,6/1/2025 10:08:00 AM,3.20
10591,6/1/2025 10:09:00 AM,3.20
10591,6/1/2025 10:10:00 AM,3.11
10591,6/1/2025 10:11:00 AM,3.10
10591,6/1/2025 10:12:00 AM,3.10
10591,6/1/2025 10:13:00 AM,3.00
10591,6/1/2025 10:14:00 AM,2.80
10591,6/1/2025 10:15:00 AM,2.80
10591,6/1/2025 10:16:00 AM,2.70
10591,6/1/2025 10:17:00 AM,2.60
10591,6/1/2025 10:18:00 AM,2.72
10591,6/1/2025 10:19:00 AM,3.00
10591,6/1/2025 10:20:00 AM,3.20
10591,6/1/2025 10:21:00 AM,3.20
10591,6/1/2025 10:22:00 AM,3.10
10591,6/1/2025 10:23:00 AM,3.00
10591,6/1/2025 10:24:00 AM,2.90
10591,6/1/2025 10:25:00 AM,2.90
10591,6/1/2025 10:26:00 AM,2.93
10591,6/1/2025 10:27:00 AM,2.90
10591,6/1/2025 10:28:00 AM,2.90
10591,6/1/2025 10:29:00 AM,2.99
10591,6/1/2025 10:30:00 AM,3.00
10591,6/1/2025 10:31:00 AM,3.05
10591,6/1/2025 10:32:00 AM,3.10
10591,6/1/2025 10:33:00 AM,3.30
10591,6/1/2025 10:34:00 AM,3.30
10591,6/1/2025 10:35:00 AM,3.20
10591,6/1/2025 10:36:00 AM,3.50
10591,6/1/2025 10:37:00 AM,3.66
10591,6/1/2025 10:38:00 AM,3.60
10591,6/1/2025 10:39:00 AM,3.70
10591,6/1/2025 10:40:00 AM,3.70
10591,6/1/2025 10:41:00 AM,3.63
10591,6/1/2025 10:42:00 AM,3.70
10591,6/1/2025 10:43:00 AM,3.70
10591,6/1/2025 10:44:00 AM,3.70
10591,6/1/2025 10:45:00 AM,3.60
10591,6/1/2025 10:46:00 AM,3.50
10591,6/1/2025 10:47:00 AM,3.47
10591,6/1/2025 10:48:00 AM,3.44
10591,6/1/2025 10:49:00 AM,3.50
10591,6/1/2025 10:50:00 AM,3.50
10591,6/1/2025 10:51:00 AM,3.50
10591,6/1/2025 10:52:00 AM,3.50
10591,6/1/2025 10:53:00 AM,3.60
10591,6/1/2025 10:54:00 AM,3.60
10591,6/1/2025 10:55:00 AM,3.51
10591,6/1/2025 10:56:00 AM,3.57
10591,6/1/2025 10:57:00 AM,3.50
10591,6/1/2025 10:58:00 AM,3.50
10591,6/1/2025 10:59:00 AM,3.50
10591,6/1/2025 11:00:00 AM,3.50
10591,6/1/2025 11:01:00 AM,3.40
10591,6/1/2025 11:02:00 AM,3.40
10591,6/1/2025 11:03:00 AM,3.39
10591,6/1/2025 11:04:00 AM,3.30
10591,6/1/2025 11:05:00 AM,3.24
10591,6/1/2025 11:06:00 AM,3.30
10591,6/1/2025 11:07:00 AM,3.20
10591,6/1/2025 11:08:00 AM,3.20
10591,6/1/2025 11:09:00 AM,3.20
10591,6/1/2025 11:10:00 AM,3.20
10591,6/1/2025 11:11:00 AM,3.20
10591,6/1/2025 11:12:00 AM,3.29
10591,6/1/2025 11:13:00 AM,3.20
10591,6/1/2025 11:14:00 AM,3.20
10591,6/1/2025 11:15:00 AM,3.20
10591,6/1/2025 11:16:00 AM,3.20
10591,6/1/2025 11:17:00 AM,3.20
10591,6/1/2025 11:18:00 AM,3.10
10591,6/1/2025 11:19:00 AM,3.10
10591,6/1/2025 11:20:00 AM,3.10
10591,6/1/2025 11:21:00 AM,3.10
10591,6/1/2025 11:22:00 AM,3.16
10591,6/1/2025 11:23:00 AM,3.20
10591,6/1/2025 11:24:00 AM,3.20
10591,6/1/2025 11:25:00 AM,3.10
10591,6/1/2025 11:26:00 AM,3.10
10591,6/1/2025 11:27:00 AM,3.10
10591,6/1/2025 11:28:00 AM,3.00
10591,6/1/2025 11:29:00 AM,2.90
10591,6/1/2025 11:30:00 AM,2.90
10591,6/1/2025 11:31:00 AM,2.80
10591,6/1/2025 11:32:00 AM,2.83
10591,6/1/2025 11:33:00 AM,2.80
10591,6/1/2025 11:34:00 AM,2.80
10591,6/1/2025 11:35:00 AM,2.90
10591,6/1/2025 11:36:00 AM,3.00
10591,6/1/2025 11:37:00 AM,3.00
10591,6/1/2025 11:38:00 AM,3.10
10591,6/1/2025 11:39:00 AM,3.30
10591,6/1/2025 11:40:00 AM,3.40
10591,6/1/2025 11:41:00 AM,3.50
10591,6/1/2025 11:42:00 AM,3.50
10591,6/1/2025 11:43:00 AM,3.40
10591,6/1/2025 11:44:00 AM,3.50
10591,6/1/2025 11:45:00 AM,3.40
10591,6/1/2025 11:46:00 AM,3.30
10591,6/1/2025 11:47:00 AM,3.20
10591,6/1/2025 11:48:00 AM,3.10
10591,6/1/2025 11:49:00 AM,2.96
10591,6/1/2025 11:50:00 AM,2.90
10591,6/1/2025 11:51:00 AM,3.00
10591,6/1/2025 11:52:00 AM,2.90
10591,6/1/2025 11:53:00 AM,2.95
10591,6/1/2025 11:54:00 AM,3.00
10591,6/1/2025 11:55:00 AM,3.20
10591,6/1/2025 11:56:00 AM,3.10
10591,6/1/2025 11:57:00 AM,3.20
10591,6/1/2025 11:58:00 AM,3.20
10591,6/1/2025 11:59:00 AM,3.20
10591,6/1/2025 12:00:00 PM,3.20
10591,6/1/2025 12:01:00 PM,3.15
10591,6/1/2025 12:02:00 PM,3.20
10591,6/1/2025 12:03:00 PM,3.20
10591,6/1/2025 12:04:00 PM,3.30
10591,6/1/2025 12:05:00 PM,3.20
10591,6/1/2025 12:06:00 PM,3.30
10591,6/1/2025 12:07:00 PM,3.36
10591,6/1/2025 12:08:00 PM,3.40
10591,6/1/2025 12:09:00 PM,3.40
10591,6/1/2025 12:10:00 PM,3.59
10591,6/1/2025 12:11:00 PM,3.60
10591,6/1/2025 12:12:00 PM,3.60
10591,6/1/2025 12:13:00 PM,3.70
10591,6/1/2025 12:14:00 PM,3.60
10591,6/1/2025 12:15:00 PM,3.50
10591,6/1/2025 12:16:00 PM,3.50
10591,6/1/2025 12:17:00 PM,3.46
10591,6/1/2025 12:18:00 PM,3.40
10591,6/1/2025 12:19:00 PM,3.40
10591,6/1/2025 12:20:00 PM,3.40
10591,6/1/2025 12:21:00 PM,3.40
10591,6/1/2025 12:22:00 PM,3.42
10591,6/1/2025 12:23:00 PM,3.54
10591,6/1/2025 12:24:00 PM,3.53
10591,6/1/2025 12:25:00 PM,3.50
10591,6/1/2025 12:26:00 PM,3.40
10591,6/1/2025 12:27:00 PM,3.50
10591,6/1/2025 12:28:00 PM,3.40
10591,6/1/2025 12:29:00 PM,3.40
10591,6/1/2025 12:30:00 PM,3.40
10591,6/1/2025 12:31:00 PM,3.40
10591,6/1/2025 12:32:00 PM,3.41
10591,6/1/2025 12:33:00 PM,3.30
10591,6/1/2025 12:34:00 PM,3.30
10591,6/1/2025 12:35:00 PM,3.20
10591,6/1/2025 12:36:00 PM,3.10
10591,6/1/2025 12:37:00 PM,3.20
10591,6/1/2025 12:38:00 PM,3.20
10591,6/1/2025 12:39:00 PM,3.20
10591,6/1/2025 12:40:00 PM,3.15
10591,6/1/2025 12:41:00 PM,3.20
10591,6/1/2025 12:42:00 PM,3.10
10591,6/1/2025 12:43:00 PM,3.06
10591,6/1/2025 12:44:00 PM,2.90
10591,6/1/2025 12:45:00 PM,2.83
10591,6/1/2025 12:46:00 PM,2.90
10591,6/1/2025 12:47:00 PM,2.90
10591,6/1/2025 12:48:00 PM,2.90
10591,6/1/2025 12:49:00 PM,2.90
10591,6/1/2025 12:50:00 PM,2.90
10591,6/1/2025 12:51:00 PM,3.00
10591,6/1/2025 12:52:00 PM,3.03
10591,6/1/2025 12:53:00 PM,3.19
10591,6/1/2025 12:54:00 PM,3.30
10591,6/1/2025 12:55:00 PM,3.40
10591,6/1/2025 12:56:00 PM,3.30
10591,6/1/2025 12:57:00 PM,3.40
10591,6/1/2025 12:58:00 PM,3.50
10591,6/1/2025 12:59:00 PM,3.50
10591,6/1/2025 1:00:00 PM,3.40
10591,6/1/2025 1:01:00 PM,3.40
10591,6/1/2025 1:02:00 PM,3.54
10591,6/1/2025 1:03:00 PM,3.50
10591,6/1/2025 1:04:00 PM,3.50
10591,6/1/2025 1:05:00 PM,3.50
10591,6/1/2025 1:06:00 PM,3.41
10591,6/1/2025 1:07:00 PM,3.50
10591,6/1/2025 1:08:00 PM,3.50
10591,6/1/2025 1:09:00 PM,3.48
10591,6/1/2025 1:10:00 PM,3.40
10591,6/1/2025 1:11:00 PM,3.60
10591,6/1/2025 1:12:00 PM,3.60
10591,6/1/2025 1:13:00 PM,3.80
10591,6/1/2025 1:14:00 PM,3.80
10591,6/1/2025 1:15:00 PM,4.00
10591,6/1/2025 1:16:00 PM,4.00
10591,6/1/2025 1:17:00 PM,4.10
10591,6/1/2025 1:18:00 PM,4.10
10591,6/1/2025 1:19:00 PM,4.15
10591,6/1/2025 1:20:00 PM,4.08
10591,6/1/2025 1:21:00 PM,4.00
10591,6/1/2025 1:22:00 PM,3.90
10591,6/1/2025 1:23:00 PM,3.90
10591,6/1/2025 1:24:00 PM,3.80
10591,6/1/2025 1:25:00 PM,3.80
10591,6/1/2025 1:26:00 PM,3.80
10591,6/1/2025 1:27:00 PM,3.73
10591,6/1/2025 1:28:00 PM,3.80
10591,6/1/2025 1:29:00 PM,3.70
10591,6/1/2025 1:30:00 PM,3.65
10591,6/1/2025 1:31:00 PM,3.46
10591,6/1/2025 1:32:00 PM,3.40
10591,6/1/2025 1:33:00 PM,3.40
10591,6/1/2025 1:34:00 PM,3.31
10591,6/1/2025 1:35:00 PM,3.30
10591,6/1/2025 1:36:00 PM,3.30
10591,6/1/2025 1:37:00 PM,3.15
10591,6/1/2025 1:38:00 PM,3.40
10591,6/1/2025 1:39:00 PM,3.50
10591,6/1/2025 1:40:00 PM,3.40
10591,6/1/2025 1:41:00 PM,3.50
10591,6/1/2025 1:42:00 PM,3.50
10591,6/1/2025 1:43:00 PM,3.51
10591,6/1/2025 1:44:00 PM,3.60
10591,6/1/2025 1:45:00 PM,3.50
10591,6/1/2025 1:46:00 PM,3.50
10591,6/1/2025 1:47:00 PM,3.50
10591,6/1/2025 1:48:00 PM,3.40
10591,6/1/2025 1:49:00 PM,3.40
10591,6/1/2025 1:50:00 PM,3.40
10591,6/1/2025 1:51:00 PM,3.40
10591,6/1/2025 1:52:00 PM,3.30
10591,6/1/2025 1:53:00 PM,3.23
10591,6/1/2025 1:54:00 PM,3.20
10591,6/1/2025 1:55:00 PM,3.20
10591,6/1/2025 1:56:00 PM,3.19
10591,6/1/2025 1:57:00 PM,3.10
10591,6/1/2025 1:58:00 PM,2.90
10591,6/1/2025 1:59:00 PM,2.98
10591,6/1/2025 2:00:00 PM,2.90
10591,6/1/2025 2:01:00 PM,3.00
10591,6/1/2025 2:02:00 PM,3.00
10591,6/1/2025 2:03:00 PM,2.96
10591,6/1/2025 2:04:00 PM,2.90
10591,6/1/2025 2:05:00 PM,2.90
10591,6/1/2025 2:06:00 PM,2.90
10591,6/1/2025 2:07:00 PM,2.90
10591,6/1/2025 2:08:00 PM,2.83
10591,6/1/2025 2:09:00 PM,2.90
10591,6/1/2025 2:10:00 PM,3.00
10591,6/1/2025 2:11:00 PM,3.20
10591,6/1/2025 2:12:00 PM,3.40
10591,6/1/2025 2:13:00 PM,3.40
10591,6/1/2025 2:14:00 PM,3.36
10591,6/1/2025 2:15:00 PM,3.34
10591,6/1/2025 2:16:00 PM,3.40
10591,6/1/2025 2:17:00 PM,3.40
10591,6/1/2025 2:18:00 PM,3.50
10591,6/1/2025 2:19:00 PM,3.50
10591,6/1/2025 2:20:00 PM,3.60
10591,6/1/2025 2:21:00 PM,3.77
10591,6/1/2025 2:22:00 PM,3.80
10591,6/1/2025 2:23:00 PM,3.80
10591,6/1/2025 2:24:00 PM,3.99
10591,6/1/2025 2:25:00 PM,4.00
10591,6/1/2025 2:26:00 PM,4.00
10591,6/1/2025 2:27:00 PM,4.00
10591,6/1/2025 2:28:00 PM,4.00
10591,6/1/2025 2:29:00 PM,4.00
10591,6/1/2025 2:30:00 PM,4.00
10591,6/1/2025 2:31:00 PM,4.10
10591,6/1/2025 2:32:00 PM,4.00
10591,6/1/2025 2:33:00 PM,4.00
10591,6/1/2025 2:34:00 PM,3.90
10591,6/1/2025 2:35:00 PM,3.90
10591,6/1/2025 2:36:00 PM,3.93
10591,6/1/2025 2:37:00 PM,3.80
10591,6/1/2025 2:38:00 PM,3.70
10591,6/1/2025 2:39:00 PM,3.70
10591,6/1/2025 2:40:00 PM,3.80
10591,6/1/2025 2:41:00 PM,3.80
10591,6/1/2025 2:42:00 PM,3.80
10591,6/1/2025 2:43:00 PM,3.87
10591,6/1/2025 2:44:00 PM,3.90
10591,6/1/2025 2:45:00 PM,3.90
10591,6/1/2025 2:46:00 PM,3.89
10591,6/1/2025 2:47:00 PM,3.90
10591,6/1/2025 2:48:00 PM,3.90
10591,6/1/2025 2:49:00 PM,3.90
10591,6/1/2025 2:50:00 PM,3.80
10591,6/1/2025 2:51:00 PM,3.70
10591,6/1/2025 2:52:00 PM,3.70
10591,6/1/2025 2:53:00 PM,3.66
10591,6/1/2025 2:54:00 PM,3.64
10591,6/1/2025 2:55:00 PM,3.50
10591,6/1/2025 2:56:00 PM,3.60
10591,6/1/2025 2:57:00 PM,3.60
10591,6/1/2025 2:58:00 PM,3.40
10591,6/1/2025 2:59:00 PM,3.45
10591,6/1/2025 3:00:00 PM,3.44
10591,6/1/2025 3:01:00 PM,3.40
10591,6/1/2025 3:02:00 PM,3.40
10591,6/1/2025 3:03:00 PM,3.31
10591,6/1/2025 3:04:00 PM,3.47
10591,6/1/2025 3:05:00 PM,3.56
10591,6/1/2025 3:06:00 PM,3.50
10591,6/1/2025 3:07:00 PM,3.40
10591,6/1/2025 3:08:00 PM,3.30
10591,6/1/2025 3:09:00 PM,3.60
10591,6/1/2025 3:10:00 PM,3.50
10591,6/1/2025 3:11:00 PM,3.30
10591,6/1/2025 3:12:00 PM,3.21
10591,6/1/2025 3:13:00 PM,3.20
10591,6/1/2025 3:14:00 PM,3.00
10591,6/1/2025 3:15:00 PM,3.03
10591,6/1/2025 3:16:00 PM,3.05
10591,6/1/2025 3:17:00 PM,3.27
10591,6/1/2025 3:18:00 PM,3.30
10591,6/1/2025 3:19:00 PM,3.40
10591,6/1/2025 3:20:00 PM,3.41
10591,6/1/2025 3:21:00 PM,3.47
10591,6/1/2025 3:22:00 PM,3.56
10591,6/1/2025 3:23:00 PM,3.60
10591,6/1/2025 3:24:00 PM,3.60
10591,6/1/2025 3:25:00 PM,3.60
10591,6/1/2025 3:26:00 PM,3.62
10591,6/1/2025 3:27:00 PM,3.60
10591,6/1/2025 3:28:00 PM,3.50
10591,6/1/2025 3:29:00 PM,3.40
10591,6/1/2025 3:30:00 PM,3.44
10591,6/1/2025 3:31:00 PM,3.40
10591,6/1/2025 3:32:00 PM,3.30
10591,6/1/2025 3:33:00 PM,3.35
10591,6/1/2025 3:34:00 PM,3.47
10591,6/1/2025 3:35:00 PM,3.40
10591,6/1/2025 3:36:00 PM,3.50
10591,6/1/2025 3:37:00 PM,3.49
10591,6/1/2025 3:38:00 PM,3.50
10591,6/1/2025 3:39:00 PM,3.50
10591,6/1/2025 3:40:00 PM,3.50
10591,6/1/2025 3:41:00 PM,3.60
10591,6/1/2025 3:42:00 PM,3.60
10591,6/1/2025 3:43:00 PM,3.60
10591,6/1/2025 3:44:00 PM,3.65
10591,6/1/2025 3:45:00 PM,3.70
10591,6/1/2025 3:46:00 PM,3.69
10591,6/1/2025 3:47:00 PM,3.70
10591,6/1/2025 3:48:00 PM,3.60
10591,6/1/2025 3:49:00 PM,3.60
10591,6/1/2025 3:50:00 PM,3.54
10591,6/1/2025 3:51:00 PM,3.42
10591,6/1/2025 3:52:00 PM,3.40
10591,6/1/2025 3:53:00 PM,3.30
10591,6/1/2025 3:54:00 PM,3.20
10591,6/1/2025 3:55:00 PM,3.20
10591,6/1/2025 3:56:00 PM,3.20
10591,6/1/2025 3:57:00 PM,3.19
10591,6/1/2025 3:58:00 PM,3.20
10591,6/1/2025 3:59:00 PM,3.21
10591,6/1/2025 4:00:00 PM,3.30
10591,6/1/2025 4:01:00 PM,3.35
10591,6/1/2025 4:02:00 PM,3.32
10591,6/1/2025 4:03:00 PM,3.50
10591,6/1/2025 4:04:00 PM,3.40
10591,6/1/2025 4:05:00 PM,3.50
10591,6/1/2025 4:06:00 PM,3.54
10591,6/1/2025 4:07:00 PM,3.60
10591,6/1/2025 4:08:00 PM,3.62
10591,6/1/2025 4:09:00 PM,3.69
10591,6/1/2025 4:10:00 PM,3.50
10591,6/1/2025 4:11:00 PM,3.60
10591,6/1/2025 4:12:00 PM,3.50
10591,6/1/2025 4:13:00 PM,3.50
10591,6/1/2025 4:14:00 PM,3.40
10591,6/1/2025 4:15:00 PM,3.40
10591,6/1/2025 4:16:00 PM,3.40
10591,6/1/2025 4:17:00 PM,3.40
10591,6/1/2025 4:18:00 PM,3.34
10591,6/1/2025 4:19:00 PM,3.30
10591,6/1/2025 4:20:00 PM,3.30
10591,6/1/2025 4:21:00 PM,3.24
10591,6/1/2025 4:22:00 PM,3.28
10591,6/1/2025 4:23:00 PM,3.30
10591,6/1/2025 4:24:00 PM,3.20
10591,6/1/2025 4:25:00 PM,3.20
10591,6/1/2025 4:26:00 PM,3.20
10591,6/1/2025 4:27:00 PM,3.20
10591,6/1/2025 4:28:00 PM,3.10
10591,6/1/2025 4:29:00 PM,3.10
10591,6/1/2025 4:30:00 PM,3.00
10591,6/1/2025 4:31:00 PM,3.00
10591,6/1/2025 4:32:00 PM,3.00
10591,6/1/2025 4:33:00 PM,2.90
10591,6/1/2025 4:34:00 PM,3.00
10591,6/1/2025 4:35:00 PM,2.96
10591,6/1/2025 4:36:00 PM,3.10
10591,6/1/2025 4:37:00 PM,3.20
10591,6/1/2025 4:38:00 PM,3.00
10591,6/1/2025 4:39:00 PM,3.25
10591,6/1/2025 4:40:00 PM,3.25
10591,6/1/2025 4:41:00 PM,3.30
10591,6/1/2025 4:42:00 PM,3.20
10591,6/1/2025 4:43:00 PM,3.27
10591,6/1/2025 4:44:00 PM,3.40
10591,6/1/2025 4:45:00 PM,3.44
10591,6/1/2025 4:46:00 PM,3.60
10591,6/1/2025 4:47:00 PM,3.69
10591,6/1/2025 4:48:00 PM,3.70
10591,6/1/2025 4:49:00 PM,3.70
10591,6/1/2025 4:50:00 PM,3.70
10591,6/1/2025 4:51:00 PM,3.76
10591,6/1/2025 4:52:00 PM,3.80
10591,6/1/2025 4:53:00 PM,3.90
10591,6/1/2025 4:54:00 PM,3.90
10591,6/1/2025 4:55:00 PM,3.93
10591,6/1/2025 4:56:00 PM,3.90
10591,6/1/2025 4:57:00 PM,3.90
10591,6/1/2025 4:58:00 PM,3.90
10591,6/1/2025 4:59:00 PM,3.83
10591,6/1/2025 5:00:00 PM,3.81
10591,6/1/2025 5:01:00 PM,3.86
10591,6/1/2025 5:02:00 PM,3.80
10591,6/1/2025 5:03:00 PM,3.70
10591,6/1/2025 5:04:00 PM,3.60
10591,6/1/2025 5:05:00 PM,3.60
10591,6/1/2025 5:06:00 PM,3.50
10591,6/1/2025 5:07:00 PM,3.46
10591,6/1/2025 5:08:00 PM,3.50
10591,6/1/2025 5:09:00 PM,3.40
10591,6/1/2025 5:10:00 PM,3.40
10591,6/1/2025 5:11:00 PM,3.40
10591,6/1/2025 5:12:00 PM,3.37
10591,6/1/2025 5:13:00 PM,3.30
10591,6/1/2025 5:14:00 PM,3.20
10591,6/1/2025 5:15:00 PM,3.30
10591,6/1/2025 5:16:00 PM,3.30
10591,6/1/2025 5:17:00 PM,3.40
10591,6/1/2025 5:18:00 PM,3.40
10591,6/1/2025 5:19:00 PM,3.40
10591,6/1/2025 5:20:00 PM,3.40
10591,6/1/2025 5:21:00 PM,3.30
10591,6/1/2025 5:22:00 PM,3.30
10591,6/1/2025 5:23:00 PM,3.30
10591,6/1/2025 5:24:00 PM,3.40
10591,6/1/2025 5:25:00 PM,3.40
10591,6/1/2025 5:26:00 PM,3.30
10591,6/1/2025 5:27:00 PM,3.40
10591,6/1/2025 5:28:00 PM,3.40
10591,6/1/2025 5:29:00 PM,3.50
10591,6/1/2025 5:30:00 PM,3.50
10591,6/1/2025 5:31:00 PM,3.50
10591,6/1/2025 5:32:00 PM,3.50
10591,6/1/2025 5:33:00 PM,3.50
10591,6/1/2025 5:34:00 PM,3.40
10591,6/1/2025 5:35:00 PM,3.40
10591,6/1/2025 5:36:00 PM,3.30
10591,6/1/2025 5:37:00 PM,3.40
10591,6/1/2025 5:38:00 PM,3.20
10591,6/1/2025 5:39:00 PM,3.25
10591,6/1/2025 5:40:00 PM,3.30
10591,6/1/2025 5:41:00 PM,3.20
10591,6/1/2025 5:42:00 PM,3.00
10591,6/1/2025 5:43:00 PM,2.98
10591,6/1/2025 5:44:00 PM,2.84
10591,6/1/2025 5:45:00 PM,2.94
10591,6/1/2025 5:46:00 PM,2.90
10591,6/1/2025 5:47:00 PM,2.90
10591,6/1/2025 5:48:00 PM,2.90
10591,6/1/2025 5:49:00 PM,2.82
10591,6/1/2025 5:50:00 PM,3.00
10591,6/1/2025 5:51:00 PM,3.00
10591,6/1/2025 5:52:00 PM,3.10
10591,6/1/2025 5:53:00 PM,3.10
10591,6/1/2025 5:54:00 PM,3.20
10591,6/1/2025 5:55:00 PM,3.13
10591,6/1/2025 5:56:00 PM,3.10
10591,6/1/2025 5:57:00 PM,3.00
10591,6/1/2025 5:58:00 PM,2.90
10591,6/1/2025 5:59:00 PM,3.10
10591,6/1/2025 6:00:00 PM,3.08
10591,6/1/2025 6:01:00 PM,2.94
10591,6/1/2025 6:02:00 PM,2.96
10591,6/1/2025 6:03:00 PM,2.98
10591,6/1/2025 6:04:00 PM,3.10
10591,6/1/2025 6:05:00 PM,3.10
10591,6/1/2025 6:06:00 PM,3.00
10591,6/1/2025 6:07:00 PM,2.95
10591,6/1/2025 6:08:00 PM,3.00
10591,6/1/2025 6:09:00 PM,3.00
10591,6/1/2025 6:10:00 PM,3.10
10591,6/1/2025 6:11:00 PM,3.20
10591,6/1/2025 6:12:00 PM,3.00
10591,6/1/2025 6:13:00 PM,3.05
10591,6/1/2025 6:14:00 PM,2.92
10591,6/1/2025 6:15:00 PM,3.10
10591,6/1/2025 6:16:00 PM,3.10
10591,6/1/2025 6:17:00 PM,3.18
10591,6/1/2025 6:18:00 PM,3.18
10591,6/1/2025 6:19:00 PM,3.20
10591,6/1/2025 6:20:00 PM,3.02
10591,6/1/2025 6:21:00 PM,2.90
10591,6/1/2025 6:22:00 PM,3.00
10591,6/1/2025 6:23:00 PM,3.18
10591,6/1/2025 6:24:00 PM,3.30
10591,6/1/2025 6:25:00 PM,3.30
10591,6/1/2025 6:26:00 PM,3.30
10591,6/1/2025 6:27:00 PM,3.30
10591,6/1/2025 6:28:00 PM,3.30
10591,6/1/2025 6:29:00 PM,3.30
10591,6/1/2025 6:30:00 PM,3.20
10591,6/1/2025 6:31:00 PM,3.12
10591,6/1/2025 6:32:00 PM,3.20
10591,6/1/2025 6:33:00 PM,3.20
10591,6/1/2025 6:34:00 PM,3.30
10591,6/1/2025 6:35:00 PM,3.36
10591,6/1/2025 6:36:00 PM,3.30
10591,6/1/2025 6:37:00 PM,3.38
10591,6/1/2025 6:38:00 PM,3.40
10591,6/1/2025 6:39:00 PM,3.30
10591,6/1/2025 6:40:00 PM,3.40
10591,6/1/2025 6:41:00 PM,3.40
10591,6/1/2025 6:42:00 PM,3.40
10591,6/1/2025 6:43:00 PM,3.31
10591,6/1/2025 6:44:00 PM,3.40
10591,6/1/2025 6:45:00 PM,3.31
10591,6/1/2025 6:46:00 PM,3.37
10591,6/1/2025 6:47:00 PM,3.30
10591,6/1/2025 6:48:00 PM,3.30
10591,6/1/2025 6:49:00 PM,3.40
10591,6/1/2025 6:50:00 PM,3.30
10591,6/1/2025 6:51:00 PM,3.32
10591,6/1/2025 6:52:00 PM,3.40
10591,6/1/2025 6:53:00 PM,3.40
10591,6/1/2025 6:54:00 PM,3.30
10591,6/1/2025 6:55:00 PM,3.30
10591,6/1/2025 6:56:00 PM,3.30
10591,6/1/2025 6:57:00 PM,3.30
10591,6/1/2025 6:58:00 PM,3.35
10591,6/1/2025 6:59:00 PM,3.30
10591,6/1/2025 7:00:00 PM,3.30
10591,6/1/2025 7:01:00 PM,3.20
10591,6/1/2025 7:02:00 PM,3.21
10591,6/1/2025 7:03:00 PM,3.33
10591,6/1/2025 7:04:00 PM,3.20
10591,6/1/2025 7:05:00 PM,3.30
10591,6/1/2025 7:06:00 PM,3.30
10591,6/1/2025 7:07:00 PM,3.30
10591,6/1/2025 7:08:00 PM,3.20
10591,6/1/2025 7:09:00 PM,3.16
10591,6/1/2025 7:10:00 PM,3.10
10591,6/1/2025 7:11:00 PM,3.20
10591,6/1/2025 7:12:00 PM,3.20
10591,6/1/2025 7:13:00 PM,3.20
10591,6/1/2025 7:14:00 PM,3.23
10591,6/1/2025 7:15:00 PM,3.25
10591,6/1/2025 7:16:00 PM,3.23
10591,6/1/2025 7:17:00 PM,3.50
10591,6/1/2025 7:18:00 PM,3.47
10591,6/1/2025 7:19:00 PM,3.50
10591,6/1/2025 7:20:00 PM,3.40
10591,6/1/2025 7:21:00 PM,3.30
10591,6/1/2025 7:22:00 PM,3.30
10591,6/1/2025 7:23:00 PM,3.40
10591,6/1/2025 7:24:00 PM,3.40
10591,6/1/2025 7:25:00 PM,3.30
10591,6/1/2025 7:26:00 PM,3.30
10591,6/1/2025 7:27:00 PM,3.40
10591,6/1/2025 7:28:00 PM,3.40
10591,6/1/2025 7:29:00 PM,3.30
10591,6/1/2025 7:30:00 PM,3.40
10591,6/1/2025 7:31:00 PM,3.37
10591,6/1/2025 7:32:00 PM,3.40
10591,6/1/2025 7:33:00 PM,3.30
10591,6/1/2025 7:34:00 PM,3.30
10591,6/1/2025 7:35:00 PM,3.30
10591,6/1/2025 7:36:00 PM,3.30
10591,6/1/2025 7:37:00 PM,3.30
10591,6/1/2025 7:38:00 PM,3.30
10591,6/1/2025 7:39:00 PM,3.30
10591,6/1/2025 7:40:00 PM,3.30
10591,6/1/2025 7:41:00 PM,3.30
10591,6/1/2025 7:42:00 PM,3.33
10591,6/1/2025 7:43:00 PM,3.30
10591,6/1/2025 7:44:00 PM,3.40
10591,6/1/2025 7:45:00 PM,3.31
10591,6/1/2025 7:46:00 PM,3.40
10591,6/1/2025 7:47:00 PM,3.40
10591,6/1/2025 7:48:00 PM,3.37
10591,6/1/2025 7:49:00 PM,3.40
10591,6/1/2025 7:50:00 PM,3.40
10591,6/1/2025 7:51:00 PM,3.40
10591,6/1/2025 7:52:00 PM,3.33
10591,6/1/2025 7:53:00 PM,3.42
10591,6/1/2025 7:54:00 PM,3.50
10591,6/1/2025 7:55:00 PM,3.50
10591,6/1/2025 7:56:00 PM,3.50
10591,6/1/2025 7:57:00 PM,3.50
10591,6/1/2025 7:58:00 PM,3.50
10591,6/1/2025 7:59:00 PM,3.50
10591,6/1/2025 8:00:00 PM,3.50
10591,6/1/2025 8:01:00 PM,3.40
10591,6/1/2025 8:02:00 PM,3.40
10591,6/1/2025 8:03:00 PM,3.40
10591,6/1/2025 8:04:00 PM,3.38
10591,6/1/2025 8:05:00 PM,3.30
10591,6/1/2025 8:06:00 PM,3.36
10591,6/1/2025 8:07:00 PM,3.30
10591,6/1/2025 8:08:00 PM,3.40
10591,6/1/2025 8:09:00 PM,3.40
10591,6/1/2025 8:10:00 PM,3.40
10591,6/1/2025 8:11:00 PM,3.40
10591,6/1/2025 8:12:00 PM,3.40
10591,6/1/2025 8:13:00 PM,3.49
10591,6/1/2025 8:14:00 PM,3.40
10591,6/1/2025 8:15:00 PM,3.40
10591,6/1/2025 8:16:00 PM,3.50
10591,6/1/2025 8:17:00 PM,3.44
10591,6/1/2025 8:18:00 PM,3.40
10591,6/1/2025 8:19:00 PM,3.50
10591,6/1/2025 8:20:00 PM,3.50
10591,6/1/2025 8:21:00 PM,3.52
10591,6/1/2025 8:22:00 PM,3.54
10591,6/1/2025 8:23:00 PM,3.60
10591,6/1/2025 8:24:00 PM,3.60
10591,6/1/2025 8:25:00 PM,3.50
10591,6/1/2025 8:26:00 PM,3.40
10591,6/1/2025 8:27:00 PM,3.50
10591,6/1/2025 8:28:00 PM,3.50
10591,6/1/2025 8:29:00 PM,3.47
10591,6/1/2025 8:30:00 PM,3.50
10591,6/1/2025 8:31:00 PM,3.50
10591,6/1/2025 8:32:00 PM,3.50
10591,6/1/2025 8:33:00 PM,3.47
10591,6/1/2025 8:34:00 PM,3.40
10591,6/1/2025 8:35:00 PM,3.40
10591,6/1/2025 8:36:00 PM,3.40
10591,6/1/2025 8:37:00 PM,3.50
10591,6/1/2025 8:38:00 PM,3.50
10591,6/1/2025 8:39:00 PM,3.54
10591,6/1/2025 8:40:00 PM,3.50
10591,6/1/2025 8:41:00 PM,3.50
10591,6/1/2025 8:42:00 PM,3.70
10591,6/1/2025 8:43:00 PM,3.60
10591,6/1/2025 8:44:00 PM,3.63
10591,6/1/2025 8:45:00 PM,3.70
10591,6/1/2025 8:46:00 PM,3.70
10591,6/1/2025 8:47:00 PM,3.70
10591,6/1/2025 8:48:00 PM,3.60
10591,6/1/2025 8:49:00 PM,3.70
10591,6/1/2025 8:50:00 PM,3.70
10591,6/1/2025 8:51:00 PM,3.60
10591,6/1/2025 8:52:00 PM,3.60
10591,6/1/2025 8:53:00 PM,3.60
10591,6/1/2025 8:54:00 PM,3.60
10591,6/1/2025 8:55:00 PM,3.60
10591,6/1/2025 8:56:00 PM,3.60
10591,6/1/2025 8:57:00 PM,3.60
10591,6/1/2025 8:58:00 PM,3.60
10591,6/1/2025 8:59:00 PM,3.60
10591,6/1/2025 9:00:00 PM,3.60
10591,6/1/2025 9:01:00 PM,3.60
10591,6/1/2025 9:02:00 PM,3.60
10591,6/1/2025 9:03:00 PM,3.63
10591,6/1/2025 9:04:00 PM,3.70
10591,6/1/2025 9:05:00 PM,3.70
10591,6/1/2025 9:06:00 PM,3.69
10591,6/1/2025 9:07:00 PM,3.70
10591,6/1/2025 9:08:00 PM,3.70
10591,6/1/2025 9:09:00 PM,3.60
10591,6/1/2025 9:10:00 PM,3.69
10591,6/1/2025 9:11:00 PM,3.60
10591,6/1/2025 9:12:00 PM,3.58
10591,6/1/2025 9:13:00 PM,3.50
10591,6/1/2025 9:14:00 PM,3.60
10591,6/1/2025 9:15:00 PM,3.51
10591,6/1/2025 9:16:00 PM,3.50
10591,6/1/2025 9:17:00 PM,3.50
10591,6/1/2025 9:18:00 PM,3.50
10591,6/1/2025 9:19:00 PM,3.50
10591,6/1/2025 9:20:00 PM,3.40
10591,6/1/2025 9:21:00 PM,3.40
10591,6/1/2025 9:22:00 PM,3.40
10591,6/1/2025 9:23:00 PM,3.40
10591,6/1/2025 9:24:00 PM,3.40
10591,6/1/2025 9:25:00 PM,3.40
10591,6/1/2025 9:26:00 PM,3.40
10591,6/1/2025 9:27:00 PM,3.40
10591,6/1/2025 9:28:00 PM,3.40
10591,6/1/2025 9:29:00 PM,3.40
10591,6/1/2025 9:30:00 PM,3.40
10591,6/1/2025 9:31:00 PM,3.40
10591,6/1/2025 9:32:00 PM,3.40
10591,6/1/2025 9:33:00 PM,3.40
10591,6/1/2025 9:34:00 PM,3.40
10591,6/1/2025 9:35:00 PM,3.40
10591,6/1/2025 9:36:00 PM,3.40
10591,6/1/2025 9:37:00 PM,3.40
10591,6/1/2025 9:38:00 PM,3.40
10591,6/1/2025 9:39:00 PM,3.40
10591,6/1/2025 9:40:00 PM,3.40
10591,6/1/2025 9:41:00 PM,3.40
10591,6/1/2025 9:42:00 PM,3.40
10591,6/1/2025 9:43:00 PM,3.40
10591,6/1/2025 9:44:00 PM,3.40
10591,6/1/2025 9:45:00 PM,3.40
10591,6/1/2025 9:46:00 PM,3.37
10591,6/1/2025 9:47:00 PM,3.30
10591,6/1/2025 9:48:00 PM,3.30
10591,6/1/2025 9:49:00 PM,3.25
10591,6/1/2025 9:50:00 PM,3.27
10591,6/1/2025 9:51:00 PM,3.30
10591,6/1/2025 9:52:00 PM,3.20
10591,6/1/2025 9:53:00 PM,3.20
10591,6/1/2025 9:54:00 PM,3.20
10591,6/1/2025 9:55:00 PM,3.14
10591,6/1/2025 9:56:00 PM,3.12
10591,6/1/2025 9:57:00 PM,3.10
10591,6/1/2025 9:58:00 PM,3.10
10591,6/1/2025 9:59:00 PM,3.10
10591,6/1/2025 10:00:00 PM,3.10
10591,6/1/2025 10:01:00 PM,3.10
10591,6/1/2025 10:02:00 PM,3.20
10591,6/1/2025 10:03:00 PM,3.20
10591,6/1/2025 10:04:00 PM,3.20
10591,6/1/2025 10:05:00 PM,3.14
10591,6/1/2025 10:06:00 PM,3.20
10591,6/1/2025 10:07:00 PM,3.28
10591,6/1/2025 10:08:00 PM,3.30
10591,6/1/2025 10:09:00 PM,3.30
10591,6/1/2025 10:10:00 PM,3.30
10591,6/1/2025 10:11:00 PM,3.20
10591,6/1/2025 10:12:00 PM,3.27
10591,6/1/2025 10:13:00 PM,3.20
10591,6/1/2025 10:14:00 PM,3.27
10591,6/1/2025 10:15:00 PM,3.20
10591,6/1/2025 10:16:00 PM,3.20
10591,6/1/2025 10:17:00 PM,2.94
10591,6/1/2025 10:18:00 PM,2.92
10591,6/1/2025 10:19:00 PM,2.90
10591,6/1/2025 10:20:00 PM,3.00
10591,6/1/2025 10:21:00 PM,3.00
10591,6/1/2025 10:22:00 PM,2.95
10591,6/1/2025 10:23:00 PM,3.00
10591,6/1/2025 10:24:00 PM,3.10
10591,6/1/2025 10:25:00 PM,3.20
10591,6/1/2025 10:26:00 PM,3.20
10591,6/1/2025 10:27:00 PM,3.20
10591,6/1/2025 10:28:00 PM,3.20
10591,6/1/2025 10:29:00 PM,3.20
10591,6/1/2025 10:30:00 PM,3.20
10591,6/1/2025 10:31:00 PM,3.10
10591,6/1/2025 10:32:00 PM,3.10
10591,6/1/2025 10:33:00 PM,3.10
10591,6/1/2025 10:34:00 PM,3.00
10591,6/1/2025 10:35:00 PM,3.09
10591,6/1/2025 10:36:00 PM,3.00
10591,6/1/2025 10:37:00 PM,3.00
10591,6/1/2025 10:38:00 PM,3.00
10591,6/1/2025 10:39:00 PM,3.10
10591,6/1/2025 10:40:00 PM,3.10
10591,6/1/2025 10:41:00 PM,3.10
10591,6/1/2025 10:42:00 PM,3.01
10591,6/1/2025 10:43:00 PM,3.10
10591,6/1/2025 10:44:00 PM,3.10
10591,6/1/2025 10:45:00 PM,3.10
10591,6/1/2025 10:46:00 PM,3.10
10591,6/1/2025 10:47:00 PM,3.10
10591,6/1/2025 10:48:00 PM,3.10
10591,6/1/2025 10:49:00 PM,3.10
10591,6/1/2025 10:50:00 PM,3.15
10591,6/1/2025 10:51:00 PM,3.20
10591,6/1/2025 10:52:00 PM,3.20
10591,6/1/2025 10:53:00 PM,3.20
10591,6/1/2025 10:54:00 PM,3.18
10591,6/1/2025 10:55:00 PM,3.20
10591,6/1/2025 10:56:00 PM,3.26
10591,6/1/2025 10:57:00 PM,3.21
10591,6/1/2025 10:58:00 PM,3.20
10591,6/1/2025 10:59:00 PM,3.20
10591,6/1/2025 11:00:00 PM,3.20
10591,6/1/2025 11:01:00 PM,3.20
10591,6/1/2025 11:02:00 PM,3.20
10591,6/1/2025 11:03:00 PM,3.19
10591,6/1/2025 11:04:00 PM,3.20
10591,6/1/2025 11:05:00 PM,3.10
10591,6/1/2025 11:06:00 PM,3.10
10591,6/1/2025 11:07:00 PM,3.10
10591,6/1/2025 11:08:00 PM,3.10
10591,6/1/2025 11:09:00 PM,3.10
10591,6/1/2025 11:10:00 PM,3.10
10591,6/1/2025 11:11:00 PM,3.10
10591,6/1/2025 11:12:00 PM,3.10
10591,6/1/2025 11:13:00 PM,3.10
10591,6/1/2025 11:14:00 PM,3.10
10591,6/1/2025 11:15:00 PM,3.10
10591,6/1/2025 11:16:00 PM,3.10
10591,6/1/2025 11:17:00 PM,3.10
10591,6/1/2025 11:18:00 PM,3.10
10591,6/1/2025 11:19:00 PM,3.10
10591,6/1/2025 11:20:00 PM,3.05
10591,6/1/2025 11:21:00 PM,3.00
10591,6/1/2025 11:22:00 PM,3.10
10591,6/1/2025 11:23:00 PM,3.10
10591,6/1/2025 11:24:00 PM,3.04
10591,6/1/2025 11:25:00 PM,3.00
10591,6/1/2025 11:26:00 PM,3.10
10591,6/1/2025 11:27:00 PM,3.00
10591,6/1/2025 11:28:00 PM,3.10
10591,6/1/2025 11:29:00 PM,3.10
10591,6/1/2025 11:30:00 PM,3.10
10591,6/1/2025 11:31:00 PM,3.00
10591,6/1/2025 11:32:00 PM,3.00
10591,6/1/2025 11:33:00 PM,3.00
10591,6/1/2025 11:34:00 PM,3.00
10591,6/1/2025 11:35:00 PM,3.00
10591,6/1/2025 11:36:00 PM,3.00
10591,6/1/2025 11:37:00 PM,2.90
10591,6/1/2025 11:38:00 PM,2.80
10591,6/1/2025 11:39:00 PM,2.92
10591,6/1/2025 11:40:00 PM,3.10
10591,6/1/2025 11:41:00 PM,3.20
10591,6/1/2025 11:42:00 PM,3.10
10591,6/1/2025 11:43:00 PM,3.00
10591,6/1/2025 11:44:00 PM,3.20
10591,6/1/2025 11:45:00 PM,3.10
10591,6/1/2025 11:46:00 PM,3.10
10591,6/1/2025 11:47:00 PM,3.02
10591,6/1/2025 11:48:00 PM,3.10
10591,6/1/2025 11:49:00 PM,3.04
10591,6/1/2025 11:50:00 PM,3.10
10591,6/1/2025 11:51:00 PM,3.10
10591,6/1/2025 11:52:00 PM,3.10
10591,6/1/2025 11:53:00 PM,3.10
10591,6/1/2025 11:54:00 PM,3.20
10591,6/1/2025 11:55:00 PM,3.21
10591,6/1/2025 11:56:00 PM,3.30
10591,6/1/2025 11:57:00 PM,3.30
10591,6/1/2025 11:58:00 PM,3.30
10591,6/1/2025 11:59:00 PM,3.40
10591,6/2/2025 12:00:00 AM,3.20
10591,6/2/2025 12:01:00 AM,3.38
10591,6/2/2025 12:02:00 AM,3.26
10591,6/2/2025 12:03:00 AM,3.30
10591,6/2/2025 12:04:00 AM,3.30
10591,6/2/2025 12:05:00 AM,3.20
10591,6/2/2025 12:06:00 AM,3.20
10591,6/2/2025 12:07:00 AM,3.20
10591,6/2/2025 12:08:00 AM,3.20
10591,6/2/2025 12:09:00 AM,3.20
10591,6/2/2025 12:10:00 AM,3.30
10591,6/2/2025 12:11:00 AM,3.30
10591,6/2/2025 12:12:00 AM,3.30
10591,6/2/2025 12:13:00 AM,3.30
10591,6/2/2025 12:14:00 AM,3.30
10591,6/2/2025 12:15:00 AM,3.10
10591,6/2/2025 12:16:00 AM,3.10
10591,6/2/2025 12:17:00 AM,3.10
10591,6/2/2025 12:18:00 AM,3.18
10591,6/2/2025 12:19:00 AM,3.10
10591,6/2/2025 12:20:00 AM,3.07
10591,6/2/2025 12:21:00 AM,3.00
10591,6/2/2025 12:22:00 AM,3.00
10591,6/2/2025 12:23:00 AM,3.09
10591,6/2/2025 12:24:00 AM,3.10
10591,6/2/2025 12:25:00 AM,3.10
10591,6/2/2025 12:26:00 AM,3.00
10591,6/2/2025 12:27:00 AM,3.00
10591,6/2/2025 12:28:00 AM,2.90
10591,6/2/2025 12:29:00 AM,3.00
10591,6/2/2025 12:30:00 AM,3.00
10591,6/2/2025 12:31:00 AM,3.04
10591,6/2/2025 12:32:00 AM,3.10
10591,6/2/2025 12:33:00 AM,3.10
10591,6/2/2025 12:34:00 AM,3.10
10591,6/2/2025 12:35:00 AM,3.20
10591,6/2/2025 12:36:00 AM,3.20
10591,6/2/2025 12:37:00 AM,3.20
10591,6/2/2025 12:38:00 AM,3.20
10591,6/2/2025 12:39:00 AM,3.20
10591,6/2/2025 12:40:00 AM,3.30
10591,6/2/2025 12:41:00 AM,3.20
10591,6/2/2025 12:42:00 AM,3.20
10591,6/2/2025 12:43:00 AM,3.12
10591,6/2/2025 12:44:00 AM,3.10
10591,6/2/2025 12:45:00 AM,3.10
10591,6/2/2025 12:46:00 AM,3.20
10591,6/2/2025 12:47:00 AM,3.24
10591,6/2/2025 12:48:00 AM,3.40
10591,6/2/2025 12:49:00 AM,3.30
10591,6/2/2025 12:50:00 AM,3.40
10591,6/2/2025 12:51:00 AM,3.50
10591,6/2/2025 12:52:00 AM,3.63
10591,6/2/2025 12:53:00 AM,3.60
10591,6/2/2025 12:54:00 AM,3.70
10591,6/2/2025 12:55:00 AM,3.80
10591,6/2/2025 12:56:00 AM,3.70
10591,6/2/2025 12:57:00 AM,3.60
10591,6/2/2025 12:58:00 AM,3.60
10591,6/2/2025 12:59:00 AM,3.60
10591,6/2/2025 1:00:00 AM,3.70
10591,6/2/2025 1:01:00 AM,3.70
10591,6/2/2025 1:02:00 AM,3.60
10591,6/2/2025 1:03:00 AM,3.60
10591,6/2/2025 1:04:00 AM,3.50
10591,6/2/2025 1:05:00 AM,3.57
10591,6/2/2025 1:06:00 AM,3.70
10591,6/2/2025 1:07:00 AM,3.80
10591,6/2/2025 1:08:00 AM,3.90
10591,6/2/2025 1:09:00 AM,3.83
10591,6/2/2025 1:10:00 AM,3.70
10591,6/2/2025 1:11:00 AM,3.50
10591,6/2/2025 1:12:00 AM,3.60
10591,6/2/2025 1:13:00 AM,3.50
10591,6/2/2025 1:14:00 AM,3.60
10591,6/2/2025 1:15:00 AM,3.70
10591,6/2/2025 1:16:00 AM,3.80
10591,6/2/2025 1:17:00 AM,3.71
10591,6/2/2025 1:18:00 AM,3.70
10591,6/2/2025 1:19:00 AM,3.50
10591,6/2/2025 1:20:00 AM,3.50
10591,6/2/2025 1:21:00 AM,3.50
10591,6/2/2025 1:22:00 AM,3.60
10591,6/2/2025 1:23:00 AM,3.70
10591,6/2/2025 1:24:00 AM,3.70
10591,6/2/2025 1:25:00 AM,3.70
10591,6/2/2025 1:26:00 AM,3.67
10591,6/2/2025 1:27:00 AM,3.50
10591,6/2/2025 1:28:00 AM,3.40
10591,6/2/2025 1:29:00 AM,3.40
10591,6/2/2025 1:30:00 AM,3.36
10591,6/2/2025 1:31:00 AM,3.30
10591,6/2/2025 1:32:00 AM,3.20
10591,6/2/2025 1:33:00 AM,3.10
10591,6/2/2025 1:34:00 AM,3.10
10591,6/2/2025 1:35:00 AM,3.10
10591,6/2/2025 1:36:00 AM,3.20
10591,6/2/2025 1:37:00 AM,3.20
10591,6/2/2025 1:38:00 AM,3.30
10591,6/2/2025 1:39:00 AM,3.30
10591,6/2/2025 1:40:00 AM,3.30
10591,6/2/2025 1:41:00 AM,3.30
10591,6/2/2025 1:42:00 AM,3.30
10591,6/2/2025 1:43:00 AM,3.20
10591,6/2/2025 1:44:00 AM,3.10
10591,6/2/2025 1:45:00 AM,3.10
10591,6/2/2025 1:46:00 AM,2.90
10591,6/2/2025 1:47:00 AM,2.90
10591,6/2/2025 1:48:00 AM,2.83
10591,6/2/2025 1:49:00 AM,2.90
10591,6/2/2025 1:50:00 AM,3.00
10591,6/2/2025 1:51:00 AM,3.00
10591,6/2/2025 1:52:00 AM,3.00
10591,6/2/2025 1:53:00 AM,3.10
10591,6/2/2025 1:54:00 AM,3.20
10591,6/2/2025 1:55:00 AM,3.30
10591,6/2/2025 1:56:00 AM,3.20
10591,6/2/2025 1:57:00 AM,3.20
10591,6/2/2025 1:58:00 AM,3.30
10591,6/2/2025 1:59:00 AM,3.20
10591,6/2/2025 2:00:00 AM,3.20
10591,6/2/2025 2:01:00 AM,3.26
10591,6/2/2025 2:02:00 AM,3.31
10591,6/2/2025 2:03:00 AM,3.20
10591,6/2/2025 2:04:00 AM,3.21
10591,6/2/2025 2:05:00 AM,3.30
10591,6/2/2025 2:06:00 AM,3.30
10591,6/2/2025 2:07:00 AM,3.30
10591,6/2/2025 2:08:00 AM,3.30
10591,6/2/2025 2:09:00 AM,3.00
10591,6/2/2025 2:10:00 AM,3.11
10591,6/2/2025 2:11:00 AM,3.20
10591,6/2/2025 2:12:00 AM,3.30
10591,6/2/2025 2:13:00 AM,3.22
10591,6/2/2025 2:14:00 AM,3.23
10591,6/2/2025 2:15:00 AM,3.20
10591,6/2/2025 2:16:00 AM,3.20
10591,6/2/2025 2:17:00 AM,3.20
10591,6/2/2025 2:18:00 AM,3.20
10591,6/2/2025 2:19:00 AM,3.20
10591,6/2/2025 2:20:00 AM,3.30
10591,6/2/2025 2:21:00 AM,3.30
10591,6/2/2025 2:22:00 AM,3.20
10591,6/2/2025 2:23:00 AM,3.30
10591,6/2/2025 2:24:00 AM,3.30
10591,6/2/2025 2:25:00 AM,3.20
10591,6/2/2025 2:26:00 AM,3.20
10591,6/2/2025 2:27:00 AM,3.19
10591,6/2/2025 2:28:00 AM,3.10
10591,6/2/2025 2:29:00 AM,3.10
10591,6/2/2025 2:30:00 AM,3.10
10591,6/2/2025 2:31:00 AM,3.20
10591,6/2/2025 2:32:00 AM,3.20
10591,6/2/2025 2:33:00 AM,3.20
10591,6/2/2025 2:34:00 AM,3.30
10591,6/2/2025 2:35:00 AM,3.30
10591,6/2/2025 2:36:00 AM,3.20
10591,6/2/2025 2:37:00 AM,3.20
10591,6/2/2025 2:38:00 AM,3.20
10591,6/2/2025 2:39:00 AM,3.20
10591,6/2/2025 2:40:00 AM,3.20
10591,6/2/2025 2:41:00 AM,3.20
10591,6/2/2025 2:42:00 AM,3.20
10591,6/2/2025 2:43:00 AM,3.20
10591,6/2/2025 2:44:00 AM,3.20
10591,6/2/2025 2:45:00 AM,3.20
10591,6/2/2025 2:46:00 AM,3.20
10591,6/2/2025 2:47:00 AM,3.10
10591,6/2/2025 2:48:00 AM,3.02
10591,6/2/2025 2:49:00 AM,3.00
10591,6/2/2025 2:50:00 AM,2.90
10591,6/2/2025 2:51:00 AM,2.90
10591,6/2/2025 2:52:00 AM,2.90
10591,6/2/2025 2:53:00 AM,2.90
10591,6/2/2025 2:54:00 AM,3.00
10591,6/2/2025 2:55:00 AM,3.00
10591,6/2/2025 2:56:00 AM,3.00
10591,6/2/2025 2:57:00 AM,3.10
10591,6/2/2025 2:58:00 AM,3.10
10591,6/2/2025 2:59:00 AM,3.20
10591,6/2/2025 3:00:00 AM,3.20
10591,6/2/2025 3:01:00 AM,3.20
10591,6/2/2025 3:02:00 AM,3.30
10591,6/2/2025 3:03:00 AM,3.20
10591,6/2/2025 3:04:00 AM,3.20
10591,6/2/2025 3:05:00 AM,3.20
10591,6/2/2025 3:06:00 AM,3.39
10591,6/2/2025 3:07:00 AM,3.30
10591,6/2/2025 3:08:00 AM,3.30
10591,6/2/2025 3:09:00 AM,3.30
10591,6/2/2025 3:10:00 AM,3.30
10591,6/2/2025 3:11:00 AM,3.30
10591,6/2/2025 3:12:00 AM,3.30
10591,6/2/2025 3:13:00 AM,3.30
10591,6/2/2025 3:14:00 AM,3.40
10591,6/2/2025 3:15:00 AM,3.30
10591,6/2/2025 3:16:00 AM,3.31
10591,6/2/2025 3:17:00 AM,3.30
10591,6/2/2025 3:18:00 AM,3.07
10591,6/2/2025 3:19:00 AM,3.30
10591,6/2/2025 3:20:00 AM,3.20
10591,6/2/2025 3:21:00 AM,3.20
10591,6/2/2025 3:22:00 AM,3.30
10591,6/2/2025 3:23:00 AM,3.30
10591,6/2/2025 3:24:00 AM,3.20
10591,6/2/2025 3:25:00 AM,3.30
10591,6/2/2025 3:26:00 AM,3.40
10591,6/2/2025 3:27:00 AM,3.40
10591,6/2/2025 3:28:00 AM,3.40
10591,6/2/2025 3:29:00 AM,3.40
10591,6/2/2025 3:30:00 AM,3.30
10591,6/2/2025 3:31:00 AM,3.34
10591,6/2/2025 3:32:00 AM,3.31
10591,6/2/2025 3:33:00 AM,3.30
10591,6/2/2025 3:34:00 AM,3.30
10591,6/2/2025 3:35:00 AM,3.30
10591,6/2/2025 3:36:00 AM,3.30
10591,6/2/2025 3:37:00 AM,3.30
10591,6/2/2025 3:38:00 AM,3.40
10591,6/2/2025 3:39:00 AM,3.30
10591,6/2/2025 3:40:00 AM,3.13
10591,6/2/2025 3:41:00 AM,3.00
10591,6/2/2025 3:42:00 AM,3.10
10591,6/2/2025 3:43:00 AM,3.31
10591,6/2/2025 3:44:00 AM,3.60
10591,6/2/2025 3:45:00 AM,3.58
10591,6/2/2025 3:46:00 AM,3.36
10591,6/2/2025 3:47:00 AM,3.30
10591,6/2/2025 3:48:00 AM,3.31
10591,6/2/2025 3:49:00 AM,3.20
10591,6/2/2025 3:50:00 AM,3.10
10591,6/2/2025 3:51:00 AM,2.97
10591,6/2/2025 3:52:00 AM,2.75
10591,6/2/2025 3:53:00 AM,2.50
10591,6/2/2025 3:54:00 AM,2.60
10591,6/2/2025 3:55:00 AM,2.70
10591,6/2/2025 3:56:00 AM,2.80
10591,6/2/2025 3:57:00 AM,2.90
10591,6/2/2025 3:58:00 AM,3.00
10591,6/2/2025 3:59:00 AM,3.00
10591,6/2/2025 4:00:00 AM,3.09
10591,6/2/2025 4:01:00 AM,3.10
10591,6/2/2025 4:02:00 AM,3.10
10591,6/2/2025 4:03:00 AM,3.00
10591,6/2/2025 4:04:00 AM,2.90
10591,6/2/2025 4:05:00 AM,3.00
10591,6/2/2025 4:06:00 AM,3.10
10591,6/2/2025 4:07:00 AM,3.50
10591,6/2/2025 4:08:00 AM,3.70
10591,6/2/2025 4:09:00 AM,3.65
10591,6/2/2025 4:10:00 AM,3.60
10591,6/2/2025 4:11:00 AM,3.60
10591,6/2/2025 4:12:00 AM,3.53
10591,6/2/2025 4:13:00 AM,3.70
10591,6/2/2025 4:14:00 AM,3.70
10591,6/2/2025 4:15:00 AM,3.70
10591,6/2/2025 4:16:00 AM,3.62
10591,6/2/2025 4:17:00 AM,3.60
10591,6/2/2025 4:18:00 AM,3.60
10591,6/2/2025 4:19:00 AM,3.68
10591,6/2/2025 4:20:00 AM,3.64
10591,6/2/2025 4:21:00 AM,3.70
10591,6/2/2025 4:22:00 AM,3.60
10591,6/2/2025 4:23:00 AM,3.60
10591,6/2/2025 4:24:00 AM,3.70
10591,6/2/2025 4:25:00 AM,3.60
10591,6/2/2025 4:26:00 AM,3.60
10591,6/2/2025 4:27:00 AM,3.50
10591,6/2/2025 4:28:00 AM,3.50
10591,6/2/2025 4:29:00 AM,3.30
10591,6/2/2025 4:30:00 AM,3.50
10591,6/2/2025 4:31:00 AM,3.50
10591,6/2/2025 4:32:00 AM,3.50
10591,6/2/2025 4:33:00 AM,3.50
10591,6/2/2025 4:34:00 AM,3.50
10591,6/2/2025 4:35:00 AM,3.40
10591,6/2/2025 4:36:00 AM,3.28
10591,6/2/2025 4:37:00 AM,3.10
10591,6/2/2025 4:38:00 AM,3.03
10591,6/2/2025 4:39:00 AM,3.00
10591,6/2/2025 4:40:00 AM,3.00
10591,6/2/2025 4:41:00 AM,3.00
10591,6/2/2025 4:42:00 AM,3.00
10591,6/2/2025 4:43:00 AM,3.10
10591,6/2/2025 4:44:00 AM,3.10
10591,6/2/2025 4:45:00 AM,3.10
10591,6/2/2025 4:46:00 AM,3.10
10591,6/2/2025 4:47:00 AM,3.10
10591,6/2/2025 4:48:00 AM,3.10
10591,6/2/2025 4:49:00 AM,3.20
10591,6/2/2025 4:50:00 AM,3.20
10591,6/2/2025 4:51:00 AM,3.20
10591,6/2/2025 4:52:00 AM,3.30
10591,6/2/2025 4:53:00 AM,3.30
10591,6/2/2025 4:54:00 AM,3.30
10591,6/2/2025 4:55:00 AM,3.30
10591,6/2/2025 4:56:00 AM,3.30
10591,6/2/2025 4:57:00 AM,3.30
10591,6/2/2025 4:58:00 AM,3.30
10591,6/2/2025 4:59:00 AM,3.33
10591,6/2/2025 5:00:00 AM,3.30
10591,6/2/2025 5:01:00 AM,3.20
10591,6/2/2025 5:02:00 AM,3.20
10591,6/2/2025 5:03:00 AM,3.20
10591,6/2/2025 5:04:00 AM,3.20
10591,6/2/2025 5:05:00 AM,3.20
10591,6/2/2025 5:06:00 AM,3.20
10591,6/2/2025 5:07:00 AM,3.20
10591,6/2/2025 5:08:00 AM,3.20
10591,6/2/2025 5:09:00 AM,3.20
10591,6/2/2025 5:10:00 AM,3.20
10591,6/2/2025 5:11:00 AM,3.20
10591,6/2/2025 5:12:00 AM,3.30
10591,6/2/2025 5:13:00 AM,3.30
10591,6/2/2025 5:14:00 AM,3.20
10591,6/2/2025 5:15:00 AM,3.20
10591,6/2/2025 5:16:00 AM,3.20
10591,6/2/2025 5:17:00 AM,3.20
10591,6/2/2025 5:18:00 AM,3.20
10591,6/2/2025 5:19:00 AM,3.10
10591,6/2/2025 5:20:00 AM,3.20
10591,6/2/2025 5:21:00 AM,3.20
10591,6/2/2025 5:22:00 AM,3.10
10591,6/2/2025 5:23:00 AM,3.10
10591,6/2/2025 5:24:00 AM,3.10
10591,6/2/2025 5:25:00 AM,3.10
10591,6/2/2025 5:26:00 AM,3.19
10591,6/2/2025 5:27:00 AM,3.10
10591,6/2/2025 5:28:00 AM,3.10
10591,6/2/2025 5:29:00 AM,3.20
10591,6/2/2025 5:30:00 AM,3.20
10591,6/2/2025 5:31:00 AM,3.20
10591,6/2/2025 5:32:00 AM,3.20
10591,6/2/2025 5:33:00 AM,3.24
10591,6/2/2025 5:34:00 AM,3.30
10591,6/2/2025 5:35:00 AM,3.28
10591,6/2/2025 5:36:00 AM,3.30
10591,6/2/2025 5:37:00 AM,3.30
10591,6/2/2025 5:38:00 AM,3.30
10591,6/2/2025 5:39:00 AM,3.30
10591,6/2/2025 5:40:00 AM,3.30
10591,6/2/2025 5:41:00 AM,3.30
10591,6/2/2025 5:42:00 AM,3.20
10591,6/2/2025 5:43:00 AM,3.20
10591,6/2/2025 5:44:00 AM,3.10
10591,6/2/2025 5:45:00 AM,3.10
10591,6/2/2025 5:46:00 AM,3.10
10591,6/2/2025 5:47:00 AM,3.20
10591,6/2/2025 5:48:00 AM,3.26
10591,6/2/2025 5:49:00 AM,3.30
10591,6/2/2025 5:50:00 AM,3.40
10591,6/2/2025 5:51:00 AM,3.40
10591,6/2/2025 5:52:00 AM,3.40
10591,6/2/2025 5:53:00 AM,3.40
10591,6/2/2025 5:54:00 AM,3.40
10591,6/2/2025 5:55:00 AM,3.40
10591,6/2/2025 5:56:00 AM,3.40
10591,6/2/2025 5:57:00 AM,3.30
10591,6/2/2025 5:58:00 AM,3.30
10591,6/2/2025 5:59:00 AM,3.27
10591,6/2/2025 6:00:00 AM,3.20
10591,6/2/2025 6:01:00 AM,3.20
10591,6/2/2025 6:02:00 AM,3.20
10591,6/2/2025 6:03:00 AM,3.20
10591,6/2/2025 6:04:00 AM,3.20
10591,6/2/2025 6:05:00 AM,3.20
10591,6/2/2025 6:06:00 AM,3.20
10591,6/2/2025 6:07:00 AM,3.20
10591,6/2/2025 6:08:00 AM,3.20
10591,6/2/2025 6:09:00 AM,3.20
10591,6/2/2025 6:10:00 AM,3.25
10591,6/2/2025 6:11:00 AM,3.20
10591,6/2/2025 6:12:00 AM,3.30
10591,6/2/2025 6:13:00 AM,3.35
10591,6/2/2025 6:14:00 AM,3.40
10591,6/2/2025 6:15:00 AM,3.40
10591,6/2/2025 6:16:00 AM,3.30
10591,6/2/2025 6:17:00 AM,3.03
10591,6/2/2025 6:18:00 AM,2.96
10591,6/2/2025 6:19:00 AM,2.80
10591,6/2/2025 6:20:00 AM,2.97
10591,6/2/2025 6:21:00 AM,2.70
10591,6/2/2025 6:22:00 AM,2.90
10591,6/2/2025 6:23:00 AM,2.90
10591,6/2/2025 6:24:00 AM,2.85
10591,6/2/2025 6:25:00 AM,2.90
10591,6/2/2025 6:26:00 AM,2.90
10591,6/2/2025 6:27:00 AM,2.90
10591,6/2/2025 6:28:00 AM,2.90
10591,6/2/2025 6:29:00 AM,2.93
10591,6/2/2025 6:30:00 AM,2.94
10591,6/2/2025 6:31:00 AM,3.08
10591,6/2/2025 6:32:00 AM,2.90
10591,6/2/2025 6:33:00 AM,3.00
10591,6/2/2025 6:34:00 AM,3.12
10591,6/2/2025 6:35:00 AM,3.30
10591,6/2/2025 6:36:00 AM,3.30
10591,6/2/2025 6:37:00 AM,3.40
10591,6/2/2025 6:38:00 AM,3.50
10591,6/2/2025 6:39:00 AM,3.50
10591,6/2/2025 6:40:00 AM,3.43
10591,6/2/2025 6:41:00 AM,3.60
10591,6/2/2025 6:42:00 AM,3.70
10591,6/2/2025 6:43:00 AM,3.70
10591,6/2/2025 6:44:00 AM,3.70
10591,6/2/2025 6:45:00 AM,3.69
10591,6/2/2025 6:46:00 AM,3.50
10591,6/2/2025 6:47:00 AM,3.40
10591,6/2/2025 6:48:00 AM,3.30
10591,6/2/2025 6:49:00 AM,3.20
10591,6/2/2025 6:50:00 AM,3.10
10591,6/2/2025 6:51:00 AM,3.20
10591,6/2/2025 6:52:00 AM,3.30
10591,6/2/2025 6:53:00 AM,3.40
10591,6/2/2025 6:54:00 AM,3.50
10591,6/2/2025 6:55:00 AM,3.50
10591,6/2/2025 6:56:00 AM,3.70
10591,6/2/2025 6:57:00 AM,3.80
10591,6/2/2025 6:58:00 AM,4.00
10591,6/2/2025 6:59:00 AM,4.08
10591,6/2/2025 7:00:00 AM,4.10
10591,6/2/2025 7:01:00 AM,4.10
10591,6/2/2025 7:02:00 AM,4.10
10591,6/2/2025 7:03:00 AM,4.00
10591,6/2/2025 7:04:00 AM,4.00
10591,6/2/2025 7:05:00 AM,3.90
10591,6/2/2025 7:06:00 AM,3.88
10591,6/2/2025 7:07:00 AM,3.80
10591,6/2/2025 7:08:00 AM,3.80
10591,6/2/2025 7:09:00 AM,3.60
10591,6/2/2025 7:10:00 AM,3.50
10591,6/2/2025 7:11:00 AM,3.40
10591,6/2/2025 7:12:00 AM,3.40
10591,6/2/2025 7:13:00 AM,3.40
10591,6/2/2025 7:14:00 AM,3.30
10591,6/2/2025 7:15:00 AM,3.40
10591,6/2/2025 7:16:00 AM,3.40
10591,6/2/2025 7:17:00 AM,3.40
10591,6/2/2025 7:18:00 AM,3.30
10591,6/2/2025 7:19:00 AM,3.20
10591,6/2/2025 7:20:00 AM,3.20
10591,6/2/2025 7:21:00 AM,3.10
10591,6/2/2025 7:22:00 AM,3.10
10591,6/2/2025 7:23:00 AM,3.10
10591,6/2/2025 7:24:00 AM,3.10
10591,6/2/2025 7:25:00 AM,3.20
10591,6/2/2025 7:26:00 AM,3.20
10591,6/2/2025 7:27:00 AM,3.30
10591,6/2/2025 7:28:00 AM,3.40
10591,6/2/2025 7:29:00 AM,3.60
10591,6/2/2025 7:30:00 AM,3.80
10591,6/2/2025 7:31:00 AM,4.00
10591,6/2/2025 7:32:00 AM,4.10
10591,6/2/2025 7:33:00 AM,4.20
10591,6/2/2025 7:34:00 AM,4.20
10591,6/2/2025 7:35:00 AM,4.20
10591,6/2/2025 7:36:00 AM,4.20
10591,6/2/2025 7:37:00 AM,4.10
10591,6/2/2025 7:38:00 AM,4.00
10591,6/2/2025 7:39:00 AM,4.00
10591,6/2/2025 7:40:00 AM,3.80
10591,6/2/2025 7:41:00 AM,3.70
10591,6/2/2025 7:42:00 AM,3.50
10591,6/2/2025 7:43:00 AM,3.40
10591,6/2/2025 7:44:00 AM,3.23
10591,6/2/2025 7:45:00 AM,3.20
10591,6/2/2025 7:46:00 AM,3.10
10591,6/2/2025 7:47:00 AM,3.00
10591,6/2/2025 7:48:00 AM,3.00
10591,6/2/2025 7:49:00 AM,3.00
10591,6/2/2025 7:50:00 AM,3.10
10591,6/2/2025 7:51:00 AM,3.20
10591,6/2/2025 7:52:00 AM,3.30
10591,6/2/2025 7:53:00 AM,3.40
10591,6/2/2025 7:54:00 AM,3.44
10591,6/2/2025 7:55:00 AM,3.50
10591,6/2/2025 7:56:00 AM,3.59
10591,6/2/2025 7:57:00 AM,3.60
10591,6/2/2025 7:58:00 AM,3.61
10591,6/2/2025 7:59:00 AM,3.70
10591,6/2/2025 8:00:00 AM,3.80
10591,6/2/2025 8:01:00 AM,3.80
10591,6/2/2025 8:02:00 AM,3.80
10591,6/2/2025 8:03:00 AM,3.90
10591,6/2/2025 8:04:00 AM,3.90
10591,6/2/2025 8:05:00 AM,3.80
10591,6/2/2025 8:06:00 AM,3.80
10591,6/2/2025 8:07:00 AM,3.80
10591,6/2/2025 8:08:00 AM,3.80
10591,6/2/2025 8:09:00 AM,3.80
10591,6/2/2025 8:10:00 AM,3.80
10591,6/2/2025 8:11:00 AM,3.60
10591,6/2/2025 8:12:00 AM,3.60
10591,6/2/2025 8:13:00 AM,3.60
10591,6/2/2025 8:14:00 AM,3.60
10591,6/2/2025 8:15:00 AM,3.70
10591,6/2/2025 8:16:00 AM,3.70
10591,6/2/2025 8:17:00 AM,3.80
10591,6/2/2025 8:18:00 AM,3.52
10591,6/2/2025 8:19:00 AM,3.00
10591,6/2/2025 8:20:00 AM,2.40
10591,6/2/2025 8:21:00 AM,2.08
10591,6/2/2025 8:22:00 AM,1.84
10591,6/2/2025 8:23:00 AM,1.56
10591,6/2/2025 8:24:00 AM,1.50
10591,6/2/2025 8:25:00 AM,1.40
10591,6/2/2025 8:26:00 AM,1.40
10591,6/2/2025 8:27:00 AM,1.43
10591,6/2/2025 8:28:00 AM,1.55
10591,6/2/2025 8:29:00 AM,1.87
10591,6/2/2025 8:30:00 AM,2.20
10591,6/2/2025 8:31:00 AM,2.50
10591,6/2/2025 8:32:00 AM,2.81
10591,6/2/2025 8:33:00 AM,3.10
10591,6/2/2025 8:34:00 AM,3.36
10591,6/2/2025 8:35:00 AM,3.52
10591,6/2/2025 8:36:00 AM,3.90
10591,6/2/2025 8:37:00 AM,4.00
10591,6/2/2025 8:38:00 AM,4.08
10591,6/2/2025 8:39:00 AM,3.89
10591,6/2/2025 8:40:00 AM,4.07
10591,6/2/2025 8:41:00 AM,3.81
10591,6/2/2025 8:42:00 AM,3.75
10591,6/2/2025 8:43:00 AM,3.69
10591,6/2/2025 8:44:00 AM,3.43
10591,6/2/2025 8:45:00 AM,3.40
10591,6/2/2025 8:46:00 AM,3.28
10591,6/2/2025 8:47:00 AM,3.10
10591,6/2/2025 8:48:00 AM,2.86
10591,6/2/2025 8:49:00 AM,2.78
10591,6/2/2025 8:50:00 AM,2.70
10591,6/2/2025 8:51:00 AM,2.60
10591,6/2/2025 8:52:00 AM,2.60
10591,6/2/2025 8:53:00 AM,2.70
10591,6/2/2025 8:54:00 AM,2.80
10591,6/2/2025 8:55:00 AM,2.90
10591,6/2/2025 8:56:00 AM,3.05
10591,6/2/2025 8:57:00 AM,3.30
10591,6/2/2025 8:58:00 AM,3.40
10591,6/2/2025 8:59:00 AM,3.50
10591,6/2/2025 9:00:00 AM,3.50
10591,6/2/2025 9:01:00 AM,3.50
10591,6/2/2025 9:02:00 AM,3.34
10591,6/2/2025 9:03:00 AM,3.30
10591,6/2/2025 9:04:00 AM,3.30
10591,6/2/2025 9:05:00 AM,3.30
10591,6/2/2025 9:06:00 AM,3.40
10591,6/2/2025 9:07:00 AM,3.40
10591,6/2/2025 9:08:00 AM,3.40
10591,6/2/2025 9:09:00 AM,3.41
10591,6/2/2025 9:10:00 AM,3.50
10591,6/2/2025 9:11:00 AM,3.60
10591,6/2/2025 9:12:00 AM,3.70
10591,6/2/2025 9:13:00 AM,3.76
10591,6/2/2025 9:14:00 AM,3.88
10591,6/2/2025 9:15:00 AM,4.00
10591,6/2/2025 9:16:00 AM,4.10
10591,6/2/2025 9:17:00 AM,4.22
10591,6/2/2025 9:18:00 AM,4.34
10591,6/2/2025 9:19:00 AM,4.40
10591,6/2/2025 9:20:00 AM,4.50
10591,6/2/2025 9:21:00 AM,4.60
10591,6/2/2025 9:22:00 AM,4.60
10591,6/2/2025 9:23:00 AM,4.70
10591,6/2/2025 9:24:00 AM,4.70
10591,6/2/2025 9:25:00 AM,4.60
10591,6/2/2025 9:26:00 AM,4.60
10591,6/2/2025 9:27:00 AM,4.60
10591,6/2/2025 9:28:00 AM,4.60
10591,6/2/2025 9:29:00 AM,4.50
10591,6/2/2025 9:30:00 AM,4.40
10591,6/2/2025 9:31:00 AM,4.30
10591,6/2/2025 9:32:00 AM,4.10
10591,6/2/2025 9:33:00 AM,4.00
10591,6/2/2025 9:34:00 AM,3.87
10591,6/2/2025 9:35:00 AM,3.75
10591,6/2/2025 9:36:00 AM,3.70
10591,6/2/2025 9:37:00 AM,3.60
10591,6/2/2025 9:38:00 AM,3.60
10591,6/2/2025 9:39:00 AM,3.50
10591,6/2/2025 9:40:00 AM,3.50
10591,6/2/2025 9:41:00 AM,3.40
10591,6/2/2025 9:42:00 AM,3.40
10591,6/2/2025 9:43:00 AM,3.40
10591,6/2/2025 9:44:00 AM,3.30
10591,6/2/2025 9:45:00 AM,3.30
10591,6/2/2025 9:46:00 AM,3.30
10591,6/2/2025 9:47:00 AM,3.30
10591,6/2/2025 9:48:00 AM,3.30
10591,6/2/2025 9:49:00 AM,3.40
10591,6/2/2025 9:50:00 AM,3.40
10591,6/2/2025 9:51:00 AM,3.30
10591,6/2/2025 9:52:00 AM,3.30
10591,6/2/2025 9:53:00 AM,3.40
10591,6/2/2025 9:54:00 AM,3.40
10591,6/2/2025 9:55:00 AM,3.40
10591,6/2/2025 9:56:00 AM,3.40
10591,6/2/2025 9:57:00 AM,3.40
10591,6/2/2025 9:58:00 AM,3.30
10591,6/2/2025 9:59:00 AM,3.30
10591,6/2/2025 10:00:00 AM,3.30
10591,6/2/2025 10:01:00 AM,3.30
10591,6/2/2025 10:02:00 AM,3.30
10591,6/2/2025 10:03:00 AM,3.40
10591,6/2/2025 10:04:00 AM,3.40
10591,6/2/2025 10:05:00 AM,3.70
10591,6/2/2025 10:06:00 AM,3.80
10591,6/2/2025 10:07:00 AM,3.80
10591,6/2/2025 10:08:00 AM,3.80
10591,6/2/2025 10:09:00 AM,3.90
10591,6/2/2025 10:10:00 AM,3.90
10591,6/2/2025 10:11:00 AM,4.00
10591,6/2/2025 10:12:00 AM,4.00
10591,6/2/2025 10:13:00 AM,4.10
10591,6/2/2025 10:14:00 AM,4.10
10591,6/2/2025 10:15:00 AM,4.10
10591,6/2/2025 10:16:00 AM,4.10
10591,6/2/2025 10:17:00 AM,4.15
10591,6/2/2025 10:18:00 AM,4.19
10591,6/2/2025 10:19:00 AM,4.10
10591,6/2/2025 10:20:00 AM,4.10
10591,6/2/2025 10:21:00 AM,4.10
10591,6/2/2025 10:22:00 AM,4.10
10591,6/2/2025 10:23:00 AM,4.10
10591,6/2/2025 10:24:00 AM,4.10
10591,6/2/2025 10:25:00 AM,4.10
10591,6/2/2025 10:26:00 AM,4.10
10591,6/2/2025 10:27:00 AM,4.00
10591,6/2/2025 10:28:00 AM,4.00
10591,6/2/2025 10:29:00 AM,4.00
10591,6/2/2025 10:30:00 AM,4.00
10591,6/2/2025 10:31:00 AM,4.10
10591,6/2/2025 10:32:00 AM,4.10
10591,6/2/2025 10:33:00 AM,4.10
10591,6/2/2025 10:34:00 AM,4.10
10591,6/2/2025 10:35:00 AM,4.00
10591,6/2/2025 10:36:00 AM,4.00
10591,6/2/2025 10:37:00 AM,4.00
10591,6/2/2025 10:38:00 AM,3.90
10591,6/2/2025 10:39:00 AM,3.60
10591,6/2/2025 10:40:00 AM,3.60
10591,6/2/2025 10:41:00 AM,3.57
10591,6/2/2025 10:42:00 AM,3.50
10591,6/2/2025 10:43:00 AM,3.60
10591,6/2/2025 10:44:00 AM,3.70
10591,6/2/2025 10:45:00 AM,3.86
10591,6/2/2025 10:46:00 AM,4.00
10591,6/2/2025 10:47:00 AM,4.00
10591,6/2/2025 10:48:00 AM,4.06
10591,6/2/2025 10:49:00 AM,3.98
10591,6/2/2025 10:50:00 AM,3.90
10591,6/2/2025 10:51:00 AM,4.00
10591,6/2/2025 10:52:00 AM,4.10
10591,6/2/2025 10:53:00 AM,4.15
10591,6/2/2025 10:54:00 AM,4.20
10591,6/2/2025 10:55:00 AM,4.30
10591,6/2/2025 10:56:00 AM,4.40
10591,6/2/2025 10:57:00 AM,4.40
10591,6/2/2025 10:58:00 AM,4.40
10591,6/2/2025 10:59:00 AM,4.34
10591,6/2/2025 11:00:00 AM,4.40
10591,6/2/2025 11:01:00 AM,4.40
10591,6/2/2025 11:02:00 AM,4.40
10591,6/2/2025 11:03:00 AM,4.32
10591,6/2/2025 11:04:00 AM,4.30
10591,6/2/2025 11:05:00 AM,4.30
10591,6/2/2025 11:06:00 AM,4.20
10591,6/2/2025 11:07:00 AM,4.10
10591,6/2/2025 11:08:00 AM,4.09
10591,6/2/2025 11:09:00 AM,4.00
10591,6/2/2025 11:10:00 AM,4.00
10591,6/2/2025 11:11:00 AM,3.90
10591,6/2/2025 11:12:00 AM,3.80
10591,6/2/2025 11:13:00 AM,3.70
10591,6/2/2025 11:14:00 AM,3.70
10591,6/2/2025 11:15:00 AM,3.70
10591,6/2/2025 11:16:00 AM,3.70
10591,6/2/2025 11:17:00 AM,3.70
10591,6/2/2025 11:18:00 AM,3.70
10591,6/2/2025 11:19:00 AM,3.60
10591,6/2/2025 11:20:00 AM,3.60
10591,6/2/2025 11:21:00 AM,3.60
10591,6/2/2025 11:22:00 AM,3.65
10591,6/2/2025 11:23:00 AM,3.70
10591,6/2/2025 11:24:00 AM,3.60
10591,6/2/2025 11:25:00 AM,3.70
10591,6/2/2025 11:26:00 AM,3.70
10591,6/2/2025 11:27:00 AM,3.70
10591,6/2/2025 11:28:00 AM,3.60
10591,6/2/2025 11:29:00 AM,3.60
10591,6/2/2025 11:30:00 AM,3.60
10591,6/2/2025 11:31:00 AM,3.50
10591,6/2/2025 11:32:00 AM,3.50
10591,6/2/2025 11:33:00 AM,3.50
10591,6/2/2025 11:34:00 AM,3.50
10591,6/2/2025 11:35:00 AM,3.50
10591,6/2/2025 11:36:00 AM,3.50
10591,6/2/2025 11:37:00 AM,3.42
10591,6/2/2025 11:38:00 AM,3.50
10591,6/2/2025 11:39:00 AM,3.50
10591,6/2/2025 11:40:00 AM,3.50
10591,6/2/2025 11:41:00 AM,3.50
10591,6/2/2025 11:42:00 AM,3.50
10591,6/2/2025 11:43:00 AM,3.50
10591,6/2/2025 11:44:00 AM,3.50
10591,6/2/2025 11:45:00 AM,3.50
10591,6/2/2025 11:46:00 AM,3.54
10591,6/2/2025 11:47:00 AM,3.53
10591,6/2/2025 11:48:00 AM,3.50
10591,6/2/2025 11:49:00 AM,3.50
10591,6/2/2025 11:50:00 AM,3.60
10591,6/2/2025 11:51:00 AM,3.60
10591,6/2/2025 11:52:00 AM,3.70
10591,6/2/2025 11:53:00 AM,3.60
10591,6/2/2025 11:54:00 AM,3.80
10591,6/2/2025 11:55:00 AM,3.80
10591,6/2/2025 11:56:00 AM,3.90
10591,6/2/2025 11:57:00 AM,4.10
10591,6/2/2025 11:58:00 AM,4.19
10591,6/2/2025 11:59:00 AM,4.20
10591,6/2/2025 12:00:00 PM,4.30
10591,6/2/2025 12:01:00 PM,4.30
10591,6/2/2025 12:02:00 PM,4.40
10591,6/2/2025 12:03:00 PM,4.40
10591,6/2/2025 12:04:00 PM,4.40
10591,6/2/2025 12:05:00 PM,4.30
10591,6/2/2025 12:06:00 PM,4.30
10591,6/2/2025 12:07:00 PM,4.20
10591,6/2/2025 12:08:00 PM,4.20
10591,6/2/2025 12:09:00 PM,4.10
10591,6/2/2025 12:10:00 PM,4.00
10591,6/2/2025 12:11:00 PM,3.90
10591,6/2/2025 12:12:00 PM,3.80
10591,6/2/2025 12:13:00 PM,3.70
10591,6/2/2025 12:14:00 PM,3.60
10591,6/2/2025 12:15:00 PM,3.50
10591,6/2/2025 12:16:00 PM,3.50
10591,6/2/2025 12:17:00 PM,3.40
10591,6/2/2025 12:18:00 PM,3.40
10591,6/2/2025 12:19:00 PM,3.40
10591,6/2/2025 12:20:00 PM,3.40
10591,6/2/2025 12:21:00 PM,3.40
10591,6/2/2025 12:22:00 PM,3.40
10591,6/2/2025 12:23:00 PM,3.40
10591,6/2/2025 12:24:00 PM,3.40
10591,6/2/2025 12:25:00 PM,3.40
10591,6/2/2025 12:26:00 PM,3.40
10591,6/2/2025 12:27:00 PM,3.50
10591,6/2/2025 12:28:00 PM,3.50
10591,6/2/2025 12:29:00 PM,3.57
10591,6/2/2025 12:30:00 PM,3.60
10591,6/2/2025 12:31:00 PM,3.60
10591,6/2/2025 12:32:00 PM,3.60
10591,6/2/2025 12:33:00 PM,3.70
10591,6/2/2025 12:34:00 PM,3.70
10591,6/2/2025 12:35:00 PM,3.80
10591,6/2/2025 12:36:00 PM,3.80
10591,6/2/2025 12:37:00 PM,3.86
10591,6/2/2025 12:38:00 PM,3.90
10591,6/2/2025 12:39:00 PM,3.90
10591,6/2/2025 12:40:00 PM,3.90
10591,6/2/2025 12:41:00 PM,4.00
10591,6/2/2025 12:42:00 PM,4.00
10591,6/2/2025 12:43:00 PM,4.00
10591,6/2/2025 12:44:00 PM,4.00
10591,6/2/2025 12:45:00 PM,4.00
10591,6/2/2025 12:46:00 PM,4.00
10591,6/2/2025 12:47:00 PM,3.90
10591,6/2/2025 12:48:00 PM,3.90
10591,6/2/2025 12:49:00 PM,3.80
10591,6/2/2025 12:50:00 PM,3.70
10591,6/2/2025 12:51:00 PM,3.60
10591,6/2/2025 12:52:00 PM,3.50
10591,6/2/2025 12:53:00 PM,3.40
10591,6/2/2025 12:54:00 PM,3.40
10591,6/2/2025 12:55:00 PM,3.30
10591,6/2/2025 12:56:00 PM,3.20
10591,6/2/2025 12:57:00 PM,3.20
10591,6/2/2025 12:58:00 PM,3.20
10591,6/2/2025 12:59:00 PM,3.25
10591,6/2/2025 1:00:00 PM,3.30
10591,6/2/2025 1:01:00 PM,3.30
10591,6/2/2025 1:02:00 PM,3.30
10591,6/2/2025 1:03:00 PM,3.30
10591,6/2/2025 1:04:00 PM,3.40
10591,6/2/2025 1:05:00 PM,3.40
10591,6/2/2025 1:06:00 PM,3.50
10591,6/2/2025 1:07:00 PM,3.60
10591,6/2/2025 1:08:00 PM,3.60
10591,6/2/2025 1:09:00 PM,3.50
10591,6/2/2025 1:10:00 PM,3.55
10591,6/2/2025 1:11:00 PM,3.50
10591,6/2/2025 1:12:00 PM,3.50
10591,6/2/2025 1:13:00 PM,3.50
10591,6/2/2025 1:14:00 PM,3.50
10591,6/2/2025 1:15:00 PM,3.50
10591,6/2/2025 1:16:00 PM,3.56
10591,6/2/2025 1:17:00 PM,3.60
10591,6/2/2025 1:18:00 PM,3.60
10591,6/2/2025 1:19:00 PM,3.60
10591,6/2/2025 1:20:00 PM,3.50
10591,6/2/2025 1:21:00 PM,3.50
10591,6/2/2025 1:22:00 PM,3.50
10591,6/2/2025 1:23:00 PM,3.50
10591,6/2/2025 1:24:00 PM,3.50
10591,6/2/2025 1:25:00 PM,3.50
10591,6/2/2025 1:26:00 PM,3.50
10591,6/2/2025 1:27:00 PM,3.50
10591,6/2/2025 1:28:00 PM,3.50
10591,6/2/2025 1:29:00 PM,3.60
10591,6/2/2025 1:30:00 PM,3.60
10591,6/2/2025 1:31:00 PM,3.70
10591,6/2/2025 1:32:00 PM,3.76
10591,6/2/2025 1:33:00 PM,3.80
10591,6/2/2025 1:34:00 PM,3.79
10591,6/2/2025 1:35:00 PM,3.80
10591,6/2/2025 1:36:00 PM,3.80
10591,6/2/2025 1:37:00 PM,3.80
10591,6/2/2025 1:38:00 PM,3.90
10591,6/2/2025 1:39:00 PM,4.00
10591,6/2/2025 1:40:00 PM,4.00
10591,6/2/2025 1:41:00 PM,4.10
10591,6/2/2025 1:42:00 PM,4.10
10591,6/2/2025 1:43:00 PM,4.04
10591,6/2/2025 1:44:00 PM,4.00
10591,6/2/2025 1:45:00 PM,3.90
10591,6/2/2025 1:46:00 PM,3.80
10591,6/2/2025 1:47:00 PM,3.80
10591,6/2/2025 1:48:00 PM,3.83
10591,6/2/2025 1:49:00 PM,3.90
10591,6/2/2025 1:50:00 PM,4.00
10591,6/2/2025 1:51:00 PM,4.00
10591,6/2/2025 1:52:00 PM,4.00
10591,6/2/2025 1:53:00 PM,4.00
10591,6/2/2025 1:54:00 PM,4.00
10591,6/2/2025 1:55:00 PM,4.00
10591,6/2/2025 1:56:00 PM,4.09
10591,6/2/2025 1:57:00 PM,4.00
10591,6/2/2025 1:58:00 PM,4.10
10591,6/2/2025 1:59:00 PM,4.00
10591,6/2/2025 2:00:00 PM,4.00
10591,6/2/2025 2:01:00 PM,4.07
10591,6/2/2025 2:02:00 PM,4.00
10591,6/2/2025 2:03:00 PM,4.10
10591,6/2/2025 2:04:00 PM,4.10
10591,6/2/2025 2:05:00 PM,4.06
10591,6/2/2025 2:06:00 PM,4.04
10591,6/2/2025 2:07:00 PM,4.00
10591,6/2/2025 2:08:00 PM,4.00
10591,6/2/2025 2:09:00 PM,4.00
10591,6/2/2025 2:10:00 PM,3.98
10591,6/2/2025 2:11:00 PM,3.94
10591,6/2/2025 2:12:00 PM,3.93
10591,6/2/2025 2:13:00 PM,3.90
10591,6/2/2025 2:14:00 PM,3.90
10591,6/2/2025 2:15:00 PM,3.90
10591,6/2/2025 2:16:00 PM,3.90
10591,6/2/2025 2:17:00 PM,3.90
10591,6/2/2025 2:18:00 PM,3.98
10591,6/2/2025 2:19:00 PM,4.00
10591,6/2/2025 2:20:00 PM,3.90
10591,6/2/2025 2:21:00 PM,3.88
10591,6/2/2025 2:22:00 PM,3.80
10591,6/2/2025 2:23:00 PM,3.80
10591,6/2/2025 2:24:00 PM,3.90
10591,6/2/2025 2:25:00 PM,4.00
10591,6/2/2025 2:26:00 PM,4.10
10591,6/2/2025 2:27:00 PM,4.10
10591,6/2/2025 2:28:00 PM,4.00
10591,6/2/2025 2:29:00 PM,3.90
10591,6/2/2025 2:30:00 PM,3.80
10591,6/2/2025 2:31:00 PM,3.60
10591,6/2/2025 2:32:00 PM,3.50
10591,6/2/2025 2:33:00 PM,3.46
10591,6/2/2025 2:34:00 PM,3.40
10591,6/2/2025 2:35:00 PM,3.40
10591,6/2/2025 2:36:00 PM,3.60
10591,6/2/2025 2:37:00 PM,3.80
10591,6/2/2025 2:38:00 PM,3.90
10591,6/2/2025 2:39:00 PM,3.90
10591,6/2/2025 2:40:00 PM,3.90
10591,6/2/2025 2:41:00 PM,3.90
10591,6/2/2025 2:42:00 PM,3.80
10591,6/2/2025 2:43:00 PM,3.80
10591,6/2/2025 2:44:00 PM,3.73
10591,6/2/2025 2:45:00 PM,3.70
10591,6/2/2025 2:46:00 PM,3.62
10591,6/2/2025 2:47:00 PM,3.60
10591,6/2/2025 2:48:00 PM,3.60
10591,6/2/2025 2:49:00 PM,3.60
10591,6/2/2025 2:50:00 PM,3.60
10591,6/2/2025 2:51:00 PM,3.53
10591,6/2/2025 2:52:00 PM,3.59
10591,6/2/2025 2:53:00 PM,3.60
10591,6/2/2025 2:54:00 PM,3.69
10591,6/2/2025 2:55:00 PM,3.67
10591,6/2/2025 2:56:00 PM,3.70
10591,6/2/2025 2:57:00 PM,3.78
10591,6/2/2025 2:58:00 PM,3.80
10591,6/2/2025 2:59:00 PM,3.80
10591,6/2/2025 3:00:00 PM,3.80
10591,6/2/2025 3:01:00 PM,3.74
10591,6/2/2025 3:02:00 PM,3.70
10591,6/2/2025 3:03:00 PM,3.60
10591,6/2/2025 3:04:00 PM,3.60
10591,6/2/2025 3:05:00 PM,3.60
10591,6/2/2025 3:06:00 PM,3.60
10591,6/2/2025 3:07:00 PM,3.65
10591,6/2/2025 3:08:00 PM,3.70
10591,6/2/2025 3:09:00 PM,3.70
10591,6/2/2025 3:10:00 PM,3.70
10591,6/2/2025 3:11:00 PM,3.70
10591,6/2/2025 3:12:00 PM,3.70
10591,6/2/2025 3:13:00 PM,3.70
10591,6/2/2025 3:14:00 PM,3.70
10591,6/2/2025 3:15:00 PM,3.70
10591,6/2/2025 3:16:00 PM,3.71
10591,6/2/2025 3:17:00 PM,3.83
10591,6/2/2025 3:18:00 PM,3.90
10591,6/2/2025 3:19:00 PM,3.90
10591,6/2/2025 3:20:00 PM,4.00
10591,6/2/2025 3:21:00 PM,3.90
10591,6/2/2025 3:22:00 PM,4.01
10591,6/2/2025 3:23:00 PM,4.10
10591,6/2/2025 3:24:00 PM,4.10
10591,6/2/2025 3:25:00 PM,4.00
10591,6/2/2025 3:26:00 PM,3.96
10591,6/2/2025 3:27:00 PM,3.97
10591,6/2/2025 3:28:00 PM,3.90
10591,6/2/2025 3:29:00 PM,3.90
10591,6/2/2025 3:30:00 PM,3.90
10591,6/2/2025 3:31:00 PM,3.80
10591,6/2/2025 3:32:00 PM,3.70
10591,6/2/2025 3:33:00 PM,3.70
10591,6/2/2025 3:34:00 PM,3.70
10591,6/2/2025 3:35:00 PM,3.70
10591,6/2/2025 3:36:00 PM,3.62
10591,6/2/2025 3:37:00 PM,3.60
10591,6/2/2025 3:38:00 PM,3.70
10591,6/2/2025 3:39:00 PM,3.70
10591,6/2/2025 3:40:00 PM,3.60
10591,6/2/2025 3:41:00 PM,3.60
10591,6/2/2025 3:42:00 PM,3.70
10591,6/2/2025 3:43:00 PM,3.70
10591,6/2/2025 3:44:00 PM,3.80
10591,6/2/2025 3:45:00 PM,3.80
10591,6/2/2025 3:46:00 PM,3.73
10591,6/2/2025 3:47:00 PM,3.71
10591,6/2/2025 3:48:00 PM,3.70
10591,6/2/2025 3:49:00 PM,3.70
10591,6/2/2025 3:50:00 PM,3.71
10591,6/2/2025 3:51:00 PM,3.73
10591,6/2/2025 3:52:00 PM,3.70
10591,6/2/2025 3:53:00 PM,3.73
10591,6/2/2025 3:54:00 PM,3.75
10591,6/2/2025 3:55:00 PM,3.80
10591,6/2/2025 3:56:00 PM,3.80
10591,6/2/2025 3:57:00 PM,3.70
10591,6/2/2025 3:58:00 PM,3.60
10591,6/2/2025 3:59:00 PM,3.60
10591,6/2/2025 4:00:00 PM,3.63
10591,6/2/2025 4:01:00 PM,3.69
10591,6/2/2025 4:02:00 PM,3.60
10591,6/2/2025 4:03:00 PM,3.69
10591,6/2/2025 4:04:00 PM,3.63
10591,6/2/2025 4:05:00 PM,3.70
10591,6/2/2025 4:06:00 PM,3.62
10591,6/2/2025 4:07:00 PM,3.60
10591,6/2/2025 4:08:00 PM,3.70
10591,6/2/2025 4:09:00 PM,3.72
10591,6/2/2025 4:10:00 PM,3.74
10591,6/2/2025 4:11:00 PM,3.80
10591,6/2/2025 4:12:00 PM,3.88
10591,6/2/2025 4:13:00 PM,3.90
10591,6/2/2025 4:14:00 PM,3.90
10591,6/2/2025 4:15:00 PM,4.00
10591,6/2/2025 4:16:00 PM,4.10
10591,6/2/2025 4:17:00 PM,4.10
10591,6/2/2025 4:18:00 PM,4.20
10591,6/2/2025 4:19:00 PM,4.20
10591,6/2/2025 4:20:00 PM,4.20
10591,6/2/2025 4:21:00 PM,4.20
10591,6/2/2025 4:22:00 PM,4.16
10591,6/2/2025 4:23:00 PM,4.18
10591,6/2/2025 4:24:00 PM,4.20
10591,6/2/2025 4:25:00 PM,4.10
10591,6/2/2025 4:26:00 PM,3.92
10591,6/2/2025 4:27:00 PM,4.10
10591,6/2/2025 4:28:00 PM,4.10
10591,6/2/2025 4:29:00 PM,4.10
10591,6/2/2025 4:30:00 PM,4.10
10591,6/2/2025 4:31:00 PM,4.01
10591,6/2/2025 4:32:00 PM,4.00
10591,6/2/2025 4:33:00 PM,3.94
10591,6/2/2025 4:34:00 PM,3.92
10591,6/2/2025 4:35:00 PM,4.00
10591,6/2/2025 4:36:00 PM,4.00
10591,6/2/2025 4:37:00 PM,4.02
10591,6/2/2025 4:38:00 PM,4.10
10591,6/2/2025 4:39:00 PM,4.10
10591,6/2/2025 4:40:00 PM,4.00
10591,6/2/2025 4:41:00 PM,3.90
10591,6/2/2025 4:42:00 PM,3.80
10591,6/2/2025 4:43:00 PM,3.80
10591,6/2/2025 4:44:00 PM,3.86
10591,6/2/2025 4:45:00 PM,3.90
10591,6/2/2025 4:46:00 PM,3.90
10591,6/2/2025 4:47:00 PM,3.90
10591,6/2/2025 4:48:00 PM,3.92
10591,6/2/2025 4:49:00 PM,4.00
10591,6/2/2025 4:50:00 PM,3.97
10591,6/2/2025 4:51:00 PM,4.00
10591,6/2/2025 4:52:00 PM,3.90
10591,6/2/2025 4:53:00 PM,3.90
10591,6/2/2025 4:54:00 PM,3.90
10591,6/2/2025 4:55:00 PM,3.80
10591,6/2/2025 4:56:00 PM,3.80
10591,6/2/2025 4:57:00 PM,3.70
10591,6/2/2025 4:58:00 PM,3.60
10591,6/2/2025 4:59:00 PM,3.68
10591,6/2/2025 5:00:00 PM,3.66
10591,6/2/2025 5:01:00 PM,3.70
10591,6/2/2025 5:02:00 PM,3.61
10591,6/2/2025 5:03:00 PM,3.60
10591,6/2/2025 5:04:00 PM,3.60
10591,6/2/2025 5:05:00 PM,3.53
10591,6/2/2025 5:06:00 PM,3.60
10591,6/2/2025 5:07:00 PM,3.60
10591,6/2/2025 5:08:00 PM,3.50
10591,6/2/2025 5:09:00 PM,3.50
10591,6/2/2025 5:10:00 PM,3.58
10591,6/2/2025 5:11:00 PM,3.50
10591,6/2/2025 5:12:00 PM,3.50
10591,6/2/2025 5:13:00 PM,3.58
10591,6/2/2025 5:14:00 PM,3.60
10591,6/2/2025 5:15:00 PM,3.60
10591,6/2/2025 5:16:00 PM,3.60
10591,6/2/2025 5:17:00 PM,3.60
10591,6/2/2025 5:18:00 PM,3.60
10591,6/2/2025 5:19:00 PM,3.70
10591,6/2/2025 5:20:00 PM,3.67
10591,6/2/2025 5:21:00 PM,3.60
10591,6/2/2025 5:22:00 PM,3.60
10591,6/2/2025 5:23:00 PM,3.60
10591,6/2/2025 5:24:00 PM,3.50
10591,6/2/2025 5:25:00 PM,3.60
10591,6/2/2025 5:26:00 PM,3.60
10591,6/2/2025 5:27:00 PM,3.52
10591,6/2/2025 5:28:00 PM,3.50
10591,6/2/2025 5:29:00 PM,3.60
10591,6/2/2025 5:30:00 PM,3.50
10591,6/2/2025 5:31:00 PM,3.50
10591,6/2/2025 5:32:00 PM,3.50
10591,6/2/2025 5:33:00 PM,3.60
10591,6/2/2025 5:34:00 PM,3.60
10591,6/2/2025 5:35:00 PM,3.52
10591,6/2/2025 5:36:00 PM,3.60
10591,6/2/2025 5:37:00 PM,3.50
10591,6/2/2025 5:38:00 PM,3.60
10591,6/2/2025 5:39:00 PM,3.60
10591,6/2/2025 5:40:00 PM,3.53
10591,6/2/2025 5:41:00 PM,3.51
10591,6/2/2025 5:42:00 PM,3.50
10591,6/2/2025 5:43:00 PM,3.50
10591,6/2/2025 5:44:00 PM,3.43
10591,6/2/2025 5:45:00 PM,3.50
10591,6/2/2025 5:46:00 PM,3.50
10591,6/2/2025 5:47:00 PM,3.60
10591,6/2/2025 5:48:00 PM,3.60
10591,6/2/2025 5:49:00 PM,3.70
10591,6/2/2025 5:50:00 PM,3.70
10591,6/2/2025 5:51:00 PM,3.64
10591,6/2/2025 5:52:00 PM,3.70
10591,6/2/2025 5:53:00 PM,3.70
10591,6/2/2025 5:54:00 PM,3.70
10591,6/2/2025 5:55:00 PM,3.70
10591,6/2/2025 5:56:00 PM,3.70
10591,6/2/2025 5:57:00 PM,3.70
10591,6/2/2025 5:58:00 PM,3.70
10591,6/2/2025 5:59:00 PM,3.70
10591,6/2/2025 6:00:00 PM,3.70
10591,6/2/2025 6:01:00 PM,3.70
10591,6/2/2025 6:02:00 PM,3.70
10591,6/2/2025 6:03:00 PM,3.70
10591,6/2/2025 6:04:00 PM,3.70
10591,6/2/2025 6:05:00 PM,3.80
10591,6/2/2025 6:06:00 PM,3.80
10591,6/2/2025 6:07:00 PM,3.80
10591,6/2/2025 6:08:00 PM,3.77
10591,6/2/2025 6:09:00 PM,3.80
10591,6/2/2025 6:10:00 PM,3.80
10591,6/2/2025 6:11:00 PM,3.80
10591,6/2/2025 6:12:00 PM,3.76
10591,6/2/2025 6:13:00 PM,3.70
10591,6/2/2025 6:14:00 PM,3.70
10591,6/2/2025 6:15:00 PM,3.70
10591,6/2/2025 6:16:00 PM,3.60
10591,6/2/2025 6:17:00 PM,3.70
10591,6/2/2025 6:18:00 PM,3.66
10591,6/2/2025 6:19:00 PM,3.60
10591,6/2/2025 6:20:00 PM,3.69
10591,6/2/2025 6:21:00 PM,3.70
10591,6/2/2025 6:22:00 PM,3.71
10591,6/2/2025 6:23:00 PM,3.70
10591,6/2/2025 6:24:00 PM,3.70
10591,6/2/2025 6:25:00 PM,3.70
10591,6/2/2025 6:26:00 PM,3.70
10591,6/2/2025 6:27:00 PM,3.70
10591,6/2/2025 6:28:00 PM,3.72
10591,6/2/2025 6:29:00 PM,3.80
10591,6/2/2025 6:30:00 PM,3.80
10591,6/2/2025 6:31:00 PM,3.80
10591,6/2/2025 6:32:00 PM,3.80
10591,6/2/2025 6:33:00 PM,3.80
10591,6/2/2025 6:34:00 PM,3.77
10591,6/2/2025 6:35:00 PM,3.70
10591,6/2/2025 6:36:00 PM,3.70
10591,6/2/2025 6:37:00 PM,3.70
10591,6/2/2025 6:38:00 PM,3.70
10591,6/2/2025 6:39:00 PM,3.70
10591,6/2/2025 6:40:00 PM,3.70
10591,6/2/2025 6:41:00 PM,3.60
10591,6/2/2025 6:42:00 PM,3.60
10591,6/2/2025 6:43:00 PM,3.60
10591,6/2/2025 6:44:00 PM,3.67
10591,6/2/2025 6:45:00 PM,3.70
10591,6/2/2025 6:46:00 PM,3.60
10591,6/2/2025 6:47:00 PM,3.60
10591,6/2/2025 6:48:00 PM,3.70
10591,6/2/2025 6:49:00 PM,3.70
10591,6/2/2025 6:50:00 PM,3.70
10591,6/2/2025 6:51:00 PM,3.70
10591,6/2/2025 6:52:00 PM,3.70
10591,6/2/2025 6:53:00 PM,3.78
10591,6/2/2025 6:54:00 PM,3.70
10591,6/2/2025 6:55:00 PM,3.70
10591,6/2/2025 6:56:00 PM,3.73
10591,6/2/2025 6:57:00 PM,3.70
10591,6/2/2025 6:58:00 PM,3.70
10591,6/2/2025 6:59:00 PM,3.70
10591,6/2/2025 7:00:00 PM,3.77
10591,6/2/2025 7:01:00 PM,3.71
10591,6/2/2025 7:02:00 PM,3.70
10591,6/2/2025 7:03:00 PM,3.70
10591,6/2/2025 7:04:00 PM,3.88
10591,6/2/2025 7:05:00 PM,3.80
10591,6/2/2025 7:06:00 PM,3.90
10591,6/2/2025 7:07:00 PM,3.80
10591,6/2/2025 7:08:00 PM,3.90
10591,6/2/2025 7:09:00 PM,3.90
10591,6/2/2025 7:10:00 PM,3.80
10591,6/2/2025 7:11:00 PM,3.85
10591,6/2/2025 7:12:00 PM,3.86
10591,6/2/2025 7:13:00 PM,3.80
10591,6/2/2025 7:14:00 PM,3.70
10591,6/2/2025 7:15:00 PM,3.77
10591,6/2/2025 7:16:00 PM,3.70
10591,6/2/2025 7:17:00 PM,3.70
10591,6/2/2025 7:18:00 PM,3.70
10591,6/2/2025 7:19:00 PM,3.70
10591,6/2/2025 7:20:00 PM,3.70
10591,6/2/2025 7:21:00 PM,3.70
10591,6/2/2025 7:22:00 PM,3.70
10591,6/2/2025 7:23:00 PM,3.70
10591,6/2/2025 7:24:00 PM,3.76
10591,6/2/2025 7:25:00 PM,3.80
10591,6/2/2025 7:26:00 PM,3.76
10591,6/2/2025 7:27:00 PM,3.70
10591,6/2/2025 7:28:00 PM,3.70
10591,6/2/2025 7:29:00 PM,3.70
10591,6/2/2025 7:30:00 PM,3.70
10591,6/2/2025 7:31:00 PM,3.70
10591,6/2/2025 7:32:00 PM,3.70
10591,6/2/2025 7:33:00 PM,3.70
10591,6/2/2025 7:34:00 PM,3.70
10591,6/2/2025 7:35:00 PM,3.68
10591,6/2/2025 7:36:00 PM,3.70
10591,6/2/2025 7:37:00 PM,3.60
10591,6/2/2025 7:38:00 PM,3.64
10591,6/2/2025 7:39:00 PM,3.60
10591,6/2/2025 7:40:00 PM,3.60
10591,6/2/2025 7:41:00 PM,3.60
10591,6/2/2025 7:42:00 PM,3.60
10591,6/2/2025 7:43:00 PM,3.60
10591,6/2/2025 7:44:00 PM,3.60
10591,6/2/2025 7:45:00 PM,3.60
10591,6/2/2025 7:46:00 PM,3.60
10591,6/2/2025 7:47:00 PM,3.60
10591,6/2/2025 7:48:00 PM,3.60
10591,6/2/2025 7:49:00 PM,3.60
10591,6/2/2025 7:50:00 PM,3.60
10591,6/2/2025 7:51:00 PM,3.60
10591,6/2/2025 7:52:00 PM,3.60
10591,6/2/2025 7:53:00 PM,3.60
10591,6/2/2025 7:54:00 PM,3.60
10591,6/2/2025 7:55:00 PM,3.60
10591,6/2/2025 7:56:00 PM,3.60
10591,6/2/2025 7:57:00 PM,3.60
10591,6/2/2025 7:58:00 PM,3.60
10591,6/2/2025 7:59:00 PM,3.50
10591,6/2/2025 8:00:00 PM,3.60
10591,6/2/2025 8:01:00 PM,3.60
10591,6/2/2025 8:02:00 PM,3.60
10591,6/2/2025 8:03:00 PM,3.60
10591,6/2/2025 8:04:00 PM,3.60
10591,6/2/2025 8:05:00 PM,3.60
10591,6/2/2025 8:06:00 PM,3.60
10591,6/2/2025 8:07:00 PM,3.60
10591,6/2/2025 8:08:00 PM,3.60
10591,6/2/2025 8:09:00 PM,3.60
10591,6/2/2025 8:10:00 PM,3.63
10591,6/2/2025 8:11:00 PM,3.60
10591,6/2/2025 8:12:00 PM,3.53
10591,6/2/2025 8:13:00 PM,3.60
10591,6/2/2025 8:14:00 PM,3.50
10591,6/2/2025 8:15:00 PM,3.59
10591,6/2/2025 8:16:00 PM,3.60
10591,6/2/2025 8:17:00 PM,3.60
10591,6/2/2025 8:18:00 PM,3.70
10591,6/2/2025 8:19:00 PM,3.70
10591,6/2/2025 8:20:00 PM,3.70
10591,6/2/2025 8:21:00 PM,3.70
10591,6/2/2025 8:22:00 PM,3.64
10591,6/2/2025 8:23:00 PM,3.60
10591,6/2/2025 8:24:00 PM,3.60
10591,6/2/2025 8:25:00 PM,3.75
10591,6/2/2025 8:26:00 PM,3.80
10591,6/2/2025 8:27:00 PM,3.80
10591,6/2/2025 8:28:00 PM,3.80
10591,6/2/2025 8:29:00 PM,3.80
10591,6/2/2025 8:30:00 PM,3.80
10591,6/2/2025 8:31:00 PM,3.80
10591,6/2/2025 8:32:00 PM,3.80
10591,6/2/2025 8:33:00 PM,3.80
10591,6/2/2025 8:34:00 PM,3.80
10591,6/2/2025 8:35:00 PM,3.80
10591,6/2/2025 8:36:00 PM,3.87
10591,6/2/2025 8:37:00 PM,3.89
10591,6/2/2025 8:38:00 PM,3.90
10591,6/2/2025 8:39:00 PM,3.80
10591,6/2/2025 8:40:00 PM,3.80
10591,6/2/2025 8:41:00 PM,3.80
10591,6/2/2025 8:42:00 PM,3.80
10591,6/2/2025 8:43:00 PM,3.90
10591,6/2/2025 8:44:00 PM,3.80
10591,6/2/2025 8:45:00 PM,3.80
10591,6/2/2025 8:46:00 PM,3.80
10591,6/2/2025 8:47:00 PM,3.80
10591,6/2/2025 8:48:00 PM,3.80
10591,6/2/2025 8:49:00 PM,3.80
10591,6/2/2025 8:50:00 PM,3.80
10591,6/2/2025 8:51:00 PM,3.80
10591,6/2/2025 8:52:00 PM,3.80
10591,6/2/2025 8:53:00 PM,3.80
10591,6/2/2025 8:54:00 PM,3.80
10591,6/2/2025 8:55:00 PM,3.80
10591,6/2/2025 8:56:00 PM,3.90
10591,6/2/2025 8:57:00 PM,3.70
10591,6/2/2025 8:58:00 PM,3.80
10591,6/2/2025 8:59:00 PM,3.70
10591,6/2/2025 9:00:00 PM,3.80
10591,6/2/2025 9:01:00 PM,3.80
10591,6/2/2025 9:02:00 PM,3.80
10591,6/2/2025 9:03:00 PM,3.70
10591,6/2/2025 9:04:00 PM,3.70
10591,6/2/2025 9:05:00 PM,3.60
10591,6/2/2025 9:06:00 PM,3.70
10591,6/2/2025 9:07:00 PM,3.70
10591,6/2/2025 9:08:00 PM,3.70
10591,6/2/2025 9:09:00 PM,3.90
10591,6/2/2025 9:10:00 PM,3.80
10591,6/2/2025 9:11:00 PM,3.80
10591,6/2/2025 9:12:00 PM,3.86
10591,6/2/2025 9:13:00 PM,3.80
10591,6/2/2025 9:14:00 PM,3.82
10591,6/2/2025 9:15:00 PM,3.90
10591,6/2/2025 9:16:00 PM,3.90
10591,6/2/2025 9:17:00 PM,4.00
10591,6/2/2025 9:18:00 PM,4.00
10591,6/2/2025 9:19:00 PM,3.90
10591,6/2/2025 9:20:00 PM,3.80
10591,6/2/2025 9:21:00 PM,3.80
10591,6/2/2025 9:22:00 PM,3.79
10591,6/2/2025 9:23:00 PM,3.70
10591,6/2/2025 9:24:00 PM,3.70
10591,6/2/2025 9:25:00 PM,3.70
10591,6/2/2025 9:26:00 PM,3.70
10591,6/2/2025 9:27:00 PM,3.70
10591,6/2/2025 9:28:00 PM,3.70
10591,6/2/2025 9:29:00 PM,3.76
10591,6/2/2025 9:30:00 PM,3.74
10591,6/2/2025 9:31:00 PM,3.78
10591,6/2/2025 9:32:00 PM,3.70
10591,6/2/2025 9:33:00 PM,3.70
10591,6/2/2025 9:34:00 PM,3.70
10591,6/2/2025 9:35:00 PM,3.70
10591,6/2/2025 9:36:00 PM,3.70
10591,6/2/2025 9:37:00 PM,3.71
10591,6/2/2025 9:38:00 PM,3.70
10591,6/2/2025 9:39:00 PM,3.80
10591,6/2/2025 9:40:00 PM,3.70
10591,6/2/2025 9:41:00 PM,3.70
10591,6/2/2025 9:42:00 PM,3.72
10591,6/2/2025 9:43:00 PM,3.80
10591,6/2/2025 9:44:00 PM,3.80
10591,6/2/2025 9:45:00 PM,3.80
10591,6/2/2025 9:46:00 PM,3.70
10591,6/2/2025 9:47:00 PM,3.74
10591,6/2/2025 9:48:00 PM,3.80
10591,6/2/2025 9:49:00 PM,3.80
10591,6/2/2025 9:50:00 PM,3.80
10591,6/2/2025 9:51:00 PM,3.80
10591,6/2/2025 9:52:00 PM,3.80
10591,6/2/2025 9:53:00 PM,3.80
10591,6/2/2025 9:54:00 PM,3.79
10591,6/2/2025 9:55:00 PM,3.80
10591,6/2/2025 9:56:00 PM,3.80
10591,6/2/2025 9:57:00 PM,3.70
10591,6/2/2025 9:58:00 PM,3.80
10591,6/2/2025 9:59:00 PM,3.70
10591,6/2/2025 10:00:00 PM,3.70
10591,6/2/2025 10:01:00 PM,3.70
10591,6/2/2025 10:02:00 PM,3.70
10591,6/2/2025 10:03:00 PM,3.70
10591,6/2/2025 10:04:00 PM,3.70
10591,6/2/2025 10:05:00 PM,3.70
10591,6/2/2025 10:06:00 PM,3.70
10591,6/2/2025 10:07:00 PM,3.70
10591,6/2/2025 10:08:00 PM,3.70
10591,6/2/2025 10:09:00 PM,3.70
10591,6/2/2025 10:10:00 PM,3.70
10591,6/2/2025 10:11:00 PM,3.70
10591,6/2/2025 10:12:00 PM,3.70
10591,6/2/2025 10:13:00 PM,3.70
10591,6/2/2025 10:14:00 PM,3.70
10591,6/2/2025 10:15:00 PM,3.70
10591,6/2/2025 10:16:00 PM,3.70
10591,6/2/2025 10:17:00 PM,3.67
10591,6/2/2025 10:18:00 PM,3.60
10591,6/2/2025 10:19:00 PM,3.60
10591,6/2/2025 10:20:00 PM,3.60
10591,6/2/2025 10:21:00 PM,3.60
10591,6/2/2025 10:22:00 PM,3.69
10591,6/2/2025 10:23:00 PM,3.60
10591,6/2/2025 10:24:00 PM,3.60
10591,6/2/2025 10:25:00 PM,3.70
10591,6/2/2025 10:26:00 PM,3.70
10591,6/2/2025 10:27:00 PM,3.62
10591,6/2/2025 10:28:00 PM,3.60
10591,6/2/2025 10:29:00 PM,3.70
10591,6/2/2025 10:30:00 PM,3.60
10591,6/2/2025 10:31:00 PM,3.50
10591,6/2/2025 10:32:00 PM,3.46
10591,6/2/2025 10:33:00 PM,3.40
10591,6/2/2025 10:34:00 PM,3.40
10591,6/2/2025 10:35:00 PM,3.50
10591,6/2/2025 10:36:00 PM,3.50
10591,6/2/2025 10:37:00 PM,3.50
10591,6/2/2025 10:38:00 PM,3.50
10591,6/2/2025 10:39:00 PM,3.50
10591,6/2/2025 10:40:00 PM,3.50
10591,6/2/2025 10:41:00 PM,3.50
10591,6/2/2025 10:42:00 PM,3.50
10591,6/2/2025 10:43:00 PM,3.50
10591,6/2/2025 10:44:00 PM,3.50
10591,6/2/2025 10:45:00 PM,3.50
10591,6/2/2025 10:46:00 PM,3.50
10591,6/2/2025 10:47:00 PM,3.50
10591,6/2/2025 10:48:00 PM,3.50
10591,6/2/2025 10:49:00 PM,3.50
10591,6/2/2025 10:50:00 PM,3.60
10591,6/2/2025 10:51:00 PM,3.60
10591,6/2/2025 10:52:00 PM,3.60
10591,6/2/2025 10:53:00 PM,3.50
10591,6/2/2025 10:54:00 PM,3.50
10591,6/2/2025 10:55:00 PM,3.50
10591,6/2/2025 10:56:00 PM,3.50
10591,6/2/2025 10:57:00 PM,3.50
10591,6/2/2025 10:58:00 PM,3.50
10591,6/2/2025 10:59:00 PM,3.50
10591,6/2/2025 11:00:00 PM,3.50
10591,6/2/2025 11:01:00 PM,3.40
10591,6/2/2025 11:02:00 PM,3.50
10591,6/2/2025 11:03:00 PM,3.40
10591,6/2/2025 11:04:00 PM,3.40
10591,6/2/2025 11:05:00 PM,3.40
10591,6/2/2025 11:06:00 PM,3.40
10591,6/2/2025 11:07:00 PM,3.40
10591,6/2/2025 11:08:00 PM,3.45
10591,6/2/2025 11:09:00 PM,3.49
10591,6/2/2025 11:10:00 PM,3.43
10591,6/2/2025 11:11:00 PM,3.45
10591,6/2/2025 11:12:00 PM,3.48
10591,6/2/2025 11:13:00 PM,3.50
10591,6/2/2025 11:14:00 PM,3.50
10591,6/2/2025 11:15:00 PM,3.42
10591,6/2/2025 11:16:00 PM,3.40
10591,6/2/2025 11:17:00 PM,3.44
10591,6/2/2025 11:18:00 PM,3.40
10591,6/2/2025 11:19:00 PM,3.40
10591,6/2/2025 11:20:00 PM,3.40
10591,6/2/2025 11:21:00 PM,3.43
10591,6/2/2025 11:22:00 PM,3.40
10591,6/2/2025 11:23:00 PM,3.40
10591,6/2/2025 11:24:00 PM,3.40
10591,6/2/2025 11:25:00 PM,3.50
10591,6/2/2025 11:26:00 PM,3.50
10591,6/2/2025 11:27:00 PM,3.47
10591,6/2/2025 11:28:00 PM,3.40
10591,6/2/2025 11:29:00 PM,3.40
10591,6/2/2025 11:30:00 PM,3.50
10591,6/2/2025 11:31:00 PM,3.40
10591,6/2/2025 11:32:00 PM,3.48
10591,6/2/2025 11:33:00 PM,3.40
10591,6/2/2025 11:34:00 PM,3.30
10591,6/2/2025 11:35:00 PM,3.30
10591,6/2/2025 11:36:00 PM,3.33
10591,6/2/2025 11:37:00 PM,3.49
10591,6/2/2025 11:38:00 PM,3.50
10591,6/2/2025 11:39:00 PM,3.50
10591,6/2/2025 11:40:00 PM,3.47
10591,6/2/2025 11:41:00 PM,3.50
10591,6/2/2025 11:42:00 PM,3.50
10591,6/2/2025 11:43:00 PM,3.50
10591,6/2/2025 11:44:00 PM,3.50
10591,6/2/2025 11:45:00 PM,3.50
10591,6/2/2025 11:46:00 PM,3.50
10591,6/2/2025 11:47:00 PM,3.50
10591,6/2/2025 11:48:00 PM,3.50
10591,6/2/2025 11:49:00 PM,3.50
10591,6/2/2025 11:50:00 PM,3.44
10591,6/2/2025 11:51:00 PM,3.43
10591,6/2/2025 11:52:00 PM,3.50
10591,6/2/2025 11:53:00 PM,3.50
10591,6/2/2025 11:54:00 PM,3.51
10591,6/2/2025 11:55:00 PM,3.57
10591,6/2/2025 11:56:00 PM,3.50
10591,6/2/2025 11:57:00 PM,3.50
10591,6/2/2025 11:58:00 PM,3.50
10591,6/2/2025 11:59:00 PM,3.50
10591,6/3/2025 12:00:00 AM,3.50
10591,6/3/2025 12:01:00 AM,3.60
10591,6/3/2025 12:02:00 AM,3.50
10591,6/3/2025 12:03:00 AM,3.50
10591,6/3/2025 12:04:00 AM,3.50
10591,6/3/2025 12:05:00 AM,3.50
10591,6/3/2025 12:06:00 AM,3.50
10591,6/3/2025 12:07:00 AM,3.50
10591,6/3/2025 12:08:00 AM,3.52
10591,6/3/2025 12:09:00 AM,3.60
10591,6/3/2025 12:10:00 AM,3.60
10591,6/3/2025 12:11:00 AM,3.60
10591,6/3/2025 12:12:00 AM,3.54
10591,6/3/2025 12:13:00 AM,3.59
10591,6/3/2025 12:14:00 AM,3.57
10591,6/3/2025 12:15:00 AM,3.56
10591,6/3/2025 12:16:00 AM,3.60
10591,6/3/2025 12:17:00 AM,3.60
10591,6/3/2025 12:18:00 AM,3.60
10591,6/3/2025 12:19:00 AM,3.58
10591,6/3/2025 12:20:00 AM,3.60
10591,6/3/2025 12:21:00 AM,3.60
10591,6/3/2025 12:22:00 AM,3.60
10591,6/3/2025 12:23:00 AM,3.60
10591,6/3/2025 12:24:00 AM,3.60
10591,6/3/2025 12:25:00 AM,3.68
10591,6/3/2025 12:26:00 AM,3.60
10591,6/3/2025 12:27:00 AM,3.60
10591,6/3/2025 12:28:00 AM,3.60
10591,6/3/2025 12:29:00 AM,3.60
10591,6/3/2025 12:30:00 AM,3.60
10591,6/3/2025 12:31:00 AM,3.60
10591,6/3/2025 12:32:00 AM,3.60
10591,6/3/2025 12:33:00 AM,3.50
10591,6/3/2025 12:34:00 AM,3.60
10591,6/3/2025 12:35:00 AM,3.60
10591,6/3/2025 12:36:00 AM,3.62
10591,6/3/2025 12:37:00 AM,3.75
10591,6/3/2025 12:38:00 AM,3.73
10591,6/3/2025 12:39:00 AM,3.70
10591,6/3/2025 12:40:00 AM,3.65
10591,6/3/2025 12:41:00 AM,3.70
10591,6/3/2025 12:42:00 AM,3.63
10591,6/3/2025 12:43:00 AM,3.65
10591,6/3/2025 12:44:00 AM,3.60
10591,6/3/2025 12:45:00 AM,3.70
10591,6/3/2025 12:46:00 AM,3.70
10591,6/3/2025 12:47:00 AM,3.68
10591,6/3/2025 12:48:00 AM,3.60
10591,6/3/2025 12:49:00 AM,3.60
10591,6/3/2025 12:50:00 AM,3.59
10591,6/3/2025 12:51:00 AM,3.50
10591,6/3/2025 12:52:00 AM,3.50
10591,6/3/2025 12:53:00 AM,3.50
10591,6/3/2025 12:54:00 AM,3.50
10591,6/3/2025 12:55:00 AM,3.57
10591,6/3/2025 12:56:00 AM,3.60
10591,6/3/2025 12:57:00 AM,3.60
10591,6/3/2025 12:58:00 AM,3.60
10591,6/3/2025 12:59:00 AM,3.60
10591,6/3/2025 1:00:00 AM,3.60
10591,6/3/2025 1:01:00 AM,3.60
10591,6/3/2025 1:02:00 AM,3.60
10591,6/3/2025 1:03:00 AM,3.60
10591,6/3/2025 1:04:00 AM,3.50
10591,6/3/2025 1:05:00 AM,3.55
10591,6/3/2025 1:06:00 AM,3.60
10591,6/3/2025 1:07:00 AM,3.60
10591,6/3/2025 1:08:00 AM,3.60
10591,6/3/2025 1:09:00 AM,3.60
10591,6/3/2025 1:10:00 AM,3.60
10591,6/3/2025 1:11:00 AM,3.60
10591,6/3/2025 1:12:00 AM,3.60
10591,6/3/2025 1:13:00 AM,3.60
10591,6/3/2025 1:14:00 AM,3.60
10591,6/3/2025 1:15:00 AM,3.60
10591,6/3/2025 1:16:00 AM,3.60
10591,6/3/2025 1:17:00 AM,3.57
10591,6/3/2025 1:18:00 AM,3.59
10591,6/3/2025 1:19:00 AM,3.60
10591,6/3/2025 1:20:00 AM,3.50
10591,6/3/2025 1:21:00 AM,3.57
10591,6/3/2025 1:22:00 AM,3.55
10591,6/3/2025 1:23:00 AM,3.50
10591,6/3/2025 1:24:00 AM,3.60
10591,6/3/2025 1:25:00 AM,3.50
10591,6/3/2025 1:26:00 AM,3.50
10591,6/3/2025 1:27:00 AM,3.50
10591,6/3/2025 1:28:00 AM,3.50
10591,6/3/2025 1:29:00 AM,3.50
10591,6/3/2025 1:30:00 AM,3.50
10591,6/3/2025 1:31:00 AM,3.50
10591,6/3/2025 1:32:00 AM,3.50
10591,6/3/2025 1:33:00 AM,3.50
10591,6/3/2025 1:34:00 AM,3.50
10591,6/3/2025 1:35:00 AM,3.50
10591,6/3/2025 1:36:00 AM,3.50
10591,6/3/2025 1:37:00 AM,3.50
10591,6/3/2025 1:38:00 AM,3.50
10591,6/3/2025 1:39:00 AM,3.50
10591,6/3/2025 1:40:00 AM,3.42
10591,6/3/2025 1:41:00 AM,3.50
10591,6/3/2025 1:42:00 AM,3.50
10591,6/3/2025 1:43:00 AM,3.50
10591,6/3/2025 1:44:00 AM,3.50
10591,6/3/2025 1:45:00 AM,3.47
10591,6/3/2025 1:46:00 AM,3.50
10591,6/3/2025 1:47:00 AM,3.50
10591,6/3/2025 1:48:00 AM,3.50
10591,6/3/2025 1:49:00 AM,3.50
10591,6/3/2025 1:50:00 AM,3.50
10591,6/3/2025 1:51:00 AM,3.50
10591,6/3/2025 1:52:00 AM,3.50
10591,6/3/2025 1:53:00 AM,3.60
10591,6/3/2025 1:54:00 AM,3.51
10591,6/3/2025 1:55:00 AM,3.51
10591,6/3/2025 1:56:00 AM,3.50
10591,6/3/2025 1:57:00 AM,3.50
10591,6/3/2025 1:58:00 AM,3.50
10591,6/3/2025 1:59:00 AM,3.50
10591,6/3/2025 2:00:00 AM,3.50
10591,6/3/2025 2:01:00 AM,3.40
10591,6/3/2025 2:02:00 AM,3.40
10591,6/3/2025 2:03:00 AM,3.40
10591,6/3/2025 2:04:00 AM,3.40
10591,6/3/2025 2:05:00 AM,3.56
10591,6/3/2025 2:06:00 AM,3.50
10591,6/3/2025 2:07:00 AM,3.50
10591,6/3/2025 2:08:00 AM,3.50
10591,6/3/2025 2:09:00 AM,3.50
10591,6/3/2025 2:10:00 AM,3.50
10591,6/3/2025 2:11:00 AM,3.60
10591,6/3/2025 2:12:00 AM,3.51
10591,6/3/2025 2:13:00 AM,3.50
10591,6/3/2025 2:14:00 AM,3.50
10591,6/3/2025 2:15:00 AM,3.54
10591,6/3/2025 2:16:00 AM,3.56
10591,6/3/2025 2:17:00 AM,3.50
10591,6/3/2025 2:18:00 AM,3.50
10591,6/3/2025 2:19:00 AM,3.50
10591,6/3/2025 2:20:00 AM,3.50
10591,6/3/2025 2:21:00 AM,3.40
10591,6/3/2025 2:22:00 AM,3.40
10591,6/3/2025 2:23:00 AM,3.50
10591,6/3/2025 2:24:00 AM,3.40
10591,6/3/2025 2:25:00 AM,3.41
10591,6/3/2025 2:26:00 AM,3.43
10591,6/3/2025 2:27:00 AM,3.50
10591,6/3/2025 2:28:00 AM,3.40
10591,6/3/2025 2:29:00 AM,3.40
10591,6/3/2025 2:30:00 AM,3.40
10591,6/3/2025 2:31:00 AM,3.50
10591,6/3/2025 2:32:00 AM,3.50
10591,6/3/2025 2:33:00 AM,3.50
10591,6/3/2025 2:34:00 AM,3.50
10591,6/3/2025 2:35:00 AM,3.50
10591,6/3/2025 2:36:00 AM,3.50
10591,6/3/2025 2:37:00 AM,3.50
10591,6/3/2025 2:38:00 AM,3.50
10591,6/3/2025 2:39:00 AM,3.40
10591,6/3/2025 2:40:00 AM,3.30
10591,6/3/2025 2:41:00 AM,3.32
10591,6/3/2025 2:42:00 AM,3.20
10591,6/3/2025 2:43:00 AM,3.30
10591,6/3/2025 2:44:00 AM,3.30
10591,6/3/2025 2:45:00 AM,3.30
10591,6/3/2025 2:46:00 AM,3.30
10591,6/3/2025 2:47:00 AM,3.40
10591,6/3/2025 2:48:00 AM,3.50
10591,6/3/2025 2:49:00 AM,3.50
10591,6/3/2025 2:50:00 AM,3.48
10591,6/3/2025 2:51:00 AM,3.50
10591,6/3/2025 2:52:00 AM,3.50
10591,6/3/2025 2:53:00 AM,3.50
10591,6/3/2025 2:54:00 AM,3.50
10591,6/3/2025 2:55:00 AM,3.50
10591,6/3/2025 2:56:00 AM,3.50
10591,6/3/2025 2:57:00 AM,3.50
10591,6/3/2025 2:58:00 AM,3.50
10591,6/3/2025 2:59:00 AM,3.50
10591,6/3/2025 3:00:00 AM,3.50
10591,6/3/2025 3:01:00 AM,3.50
10591,6/3/2025 3:02:00 AM,3.50
10591,6/3/2025 3:03:00 AM,3.50
10591,6/3/2025 3:04:00 AM,3.40
10591,6/3/2025 3:05:00 AM,3.50
10591,6/3/2025 3:06:00 AM,3.50
10591,6/3/2025 3:07:00 AM,3.50
10591,6/3/2025 3:08:00 AM,3.50
10591,6/3/2025 3:09:00 AM,3.48
10591,6/3/2025 3:10:00 AM,3.50
10591,6/3/2025 3:11:00 AM,3.50
10591,6/3/2025 3:12:00 AM,3.40
10591,6/3/2025 3:13:00 AM,3.49
10591,6/3/2025 3:14:00 AM,3.40
10591,6/3/2025 3:15:00 AM,3.50
10591,6/3/2025 3:16:00 AM,3.50
10591,6/3/2025 3:17:00 AM,3.50
10591,6/3/2025 3:18:00 AM,3.50
10591,6/3/2025 3:19:00 AM,3.50
10591,6/3/2025 3:20:00 AM,3.50
10591,6/3/2025 3:21:00 AM,3.50
10591,6/3/2025 3:22:00 AM,3.50
10591,6/3/2025 3:23:00 AM,3.50
10591,6/3/2025 3:24:00 AM,3.50
10591,6/3/2025 3:25:00 AM,3.50
10591,6/3/2025 3:26:00 AM,3.50
10591,6/3/2025 3:27:00 AM,3.50
10591,6/3/2025 3:28:00 AM,3.50
10591,6/3/2025 3:29:00 AM,3.50
10591,6/3/2025 3:30:00 AM,3.50
10591,6/3/2025 3:31:00 AM,3.50
10591,6/3/2025 3:32:00 AM,3.50
10591,6/3/2025 3:33:00 AM,3.50
10591,6/3/2025 3:34:00 AM,3.50
10591,6/3/2025 3:35:00 AM,3.50
10591,6/3/2025 3:36:00 AM,3.50
10591,6/3/2025 3:37:00 AM,3.40
10591,6/3/2025 3:38:00 AM,3.40
10591,6/3/2025 3:39:00 AM,3.40
10591,6/3/2025 3:40:00 AM,3.40
10591,6/3/2025 3:41:00 AM,3.40
10591,6/3/2025 3:42:00 AM,3.40
10591,6/3/2025 3:43:00 AM,3.40
10591,6/3/2025 3:44:00 AM,3.42
10591,6/3/2025 3:45:00 AM,3.50
10591,6/3/2025 3:46:00 AM,3.50
10591,6/3/2025 3:47:00 AM,3.49
10591,6/3/2025 3:48:00 AM,3.50
10591,6/3/2025 3:49:00 AM,3.50
10591,6/3/2025 3:50:00 AM,3.40
10591,6/3/2025 3:51:00 AM,3.45
10591,6/3/2025 3:52:00 AM,3.50
10591,6/3/2025 3:53:00 AM,3.50
10591,6/3/2025 3:54:00 AM,3.50
10591,6/3/2025 3:55:00 AM,3.50
10591,6/3/2025 3:56:00 AM,3.50
10591,6/3/2025 3:57:00 AM,3.50
10591,6/3/2025 3:58:00 AM,3.50
10591,6/3/2025 3:59:00 AM,3.50
10591,6/3/2025 4:00:00 AM,3.50
10591,6/3/2025 4:01:00 AM,3.43
10591,6/3/2025 4:02:00 AM,3.40
10591,6/3/2025 4:03:00 AM,3.50
10591,6/3/2025 4:04:00 AM,3.50
10591,6/3/2025 4:05:00 AM,3.50
10591,6/3/2025 4:06:00 AM,3.50
10591,6/3/2025 4:07:00 AM,3.50
10591,6/3/2025 4:08:00 AM,3.50
10591,6/3/2025 4:09:00 AM,3.50
10591,6/3/2025 4:10:00 AM,3.50
10591,6/3/2025 4:11:00 AM,3.50
10591,6/3/2025 4:12:00 AM,3.50
10591,6/3/2025 4:13:00 AM,3.50
10591,6/3/2025 4:14:00 AM,3.50
10591,6/3/2025 4:15:00 AM,3.50
10591,6/3/2025 4:16:00 AM,3.50
10591,6/3/2025 4:17:00 AM,3.40
10591,6/3/2025 4:18:00 AM,3.40
10591,6/3/2025 4:19:00 AM,3.40
10591,6/3/2025 4:20:00 AM,3.40
10591,6/3/2025 4:21:00 AM,3.50
10591,6/3/2025 4:22:00 AM,3.50
10591,6/3/2025 4:23:00 AM,3.50
10591,6/3/2025 4:24:00 AM,3.60
10591,6/3/2025 4:25:00 AM,3.60
10591,6/3/2025 4:26:00 AM,3.50
10591,6/3/2025 4:27:00 AM,3.50
10591,6/3/2025 4:28:00 AM,3.50
10591,6/3/2025 4:29:00 AM,3.50
10591,6/3/2025 4:30:00 AM,3.50
10591,6/3/2025 4:31:00 AM,3.50
10591,6/3/2025 4:32:00 AM,3.50
10591,6/3/2025 4:33:00 AM,3.40
10591,6/3/2025 4:34:00 AM,3.41
10591,6/3/2025 4:35:00 AM,3.50
10591,6/3/2025 4:36:00 AM,3.50
10591,6/3/2025 4:37:00 AM,3.60
10591,6/3/2025 4:38:00 AM,3.60
10591,6/3/2025 4:39:00 AM,3.60
10591,6/3/2025 4:40:00 AM,3.60
10591,6/3/2025 4:41:00 AM,3.50
10591,6/3/2025 4:42:00 AM,3.50
10591,6/3/2025 4:43:00 AM,3.51
10591,6/3/2025 4:44:00 AM,3.50
10591,6/3/2025 4:45:00 AM,3.50
10591,6/3/2025 4:46:00 AM,3.57
10591,6/3/2025 4:47:00 AM,3.60
10591,6/3/2025 4:48:00 AM,3.60
10591,6/3/2025 4:49:00 AM,3.60
10591,6/3/2025 4:50:00 AM,3.50
10591,6/3/2025 4:51:00 AM,3.52
10591,6/3/2025 4:52:00 AM,3.60
10591,6/3/2025 4:53:00 AM,3.60
10591,6/3/2025 4:54:00 AM,3.60
10591,6/3/2025 4:55:00 AM,3.60
10591,6/3/2025 4:56:00 AM,3.51
10591,6/3/2025 4:57:00 AM,3.50
10591,6/3/2025 4:58:00 AM,3.50
10591,6/3/2025 4:59:00 AM,3.52
10591,6/3/2025 5:00:00 AM,3.60
10591,6/3/2025 5:01:00 AM,3.50
10591,6/3/2025 5:02:00 AM,3.50
10591,6/3/2025 5:03:00 AM,3.50
10591,6/3/2025 5:04:00 AM,3.56
10591,6/3/2025 5:05:00 AM,3.50
10591,6/3/2025 5:06:00 AM,3.50
10591,6/3/2025 5:07:00 AM,3.50
10591,6/3/2025 5:08:00 AM,3.60
10591,6/3/2025 5:09:00 AM,3.60
10591,6/3/2025 5:10:00 AM,3.60
10591,6/3/2025 5:11:00 AM,3.60
10591,6/3/2025 5:12:00 AM,3.60
10591,6/3/2025 5:13:00 AM,3.60
10591,6/3/2025 5:14:00 AM,3.60
10591,6/3/2025 5:15:00 AM,3.60
10591,6/3/2025 5:16:00 AM,3.60
10591,6/3/2025 5:17:00 AM,3.60
10591,6/3/2025 5:18:00 AM,3.60
10591,6/3/2025 5:19:00 AM,3.60
10591,6/3/2025 5:20:00 AM,3.60
10591,6/3/2025 5:21:00 AM,3.60
10591,6/3/2025 5:22:00 AM,3.60
10591,6/3/2025 5:23:00 AM,3.60
10591,6/3/2025 5:24:00 AM,3.60
10591,6/3/2025 5:25:00 AM,3.60
10591,6/3/2025 5:26:00 AM,3.60
10591,6/3/2025 5:27:00 AM,3.53
10591,6/3/2025 5:28:00 AM,3.60
10591,6/3/2025 5:29:00 AM,3.60
10591,6/3/2025 5:30:00 AM,3.60
10591,6/3/2025 5:31:00 AM,3.60
10591,6/3/2025 5:32:00 AM,3.60
10591,6/3/2025 5:33:00 AM,3.60
10591,6/3/2025 5:34:00 AM,3.60
10591,6/3/2025 5:35:00 AM,3.60
10591,6/3/2025 5:36:00 AM,3.68
10591,6/3/2025 5:37:00 AM,3.70
10591,6/3/2025 5:38:00 AM,3.60
10591,6/3/2025 5:39:00 AM,3.60
10591,6/3/2025 5:40:00 AM,3.60
10591,6/3/2025 5:41:00 AM,3.60
10591,6/3/2025 5:42:00 AM,3.60
10591,6/3/2025 5:43:00 AM,3.60
10591,6/3/2025 5:44:00 AM,3.60
10591,6/3/2025 5:45:00 AM,3.60
10591,6/3/2025 5:46:00 AM,3.60
10591,6/3/2025 5:47:00 AM,3.60
10591,6/3/2025 5:48:00 AM,3.60
10591,6/3/2025 5:49:00 AM,3.60
10591,6/3/2025 5:50:00 AM,3.60
10591,6/3/2025 5:51:00 AM,3.60
10591,6/3/2025 5:52:00 AM,3.60
10591,6/3/2025 5:53:00 AM,3.60
10591,6/3/2025 5:54:00 AM,3.60
10591,6/3/2025 5:55:00 AM,3.60
10591,6/3/2025 5:56:00 AM,3.60
10591,6/3/2025 5:57:00 AM,3.60
10591,6/3/2025 5:58:00 AM,3.60
10591,6/3/2025 5:59:00 AM,3.70
10591,6/3/2025 6:00:00 AM,3.70
10591,6/3/2025 6:01:00 AM,3.60
10591,6/3/2025 6:02:00 AM,3.60
10591,6/3/2025 6:03:00 AM,3.60
10591,6/3/2025 6:04:00 AM,3.60
10591,6/3/2025 6:05:00 AM,3.60
10591,6/3/2025 6:06:00 AM,3.60
10591,6/3/2025 6:07:00 AM,3.60
10591,6/3/2025 6:08:00 AM,3.60
10591,6/3/2025 6:09:00 AM,3.60
10591,6/3/2025 6:10:00 AM,3.60
10591,6/3/2025 6:11:00 AM,3.50
10591,6/3/2025 6:12:00 AM,3.50
10591,6/3/2025 6:13:00 AM,3.50
10591,6/3/2025 6:14:00 AM,3.50
10591,6/3/2025 6:15:00 AM,3.50
10591,6/3/2025 6:16:00 AM,3.50
10591,6/3/2025 6:17:00 AM,3.50
10591,6/3/2025 6:18:00 AM,3.50
10591,6/3/2025 6:19:00 AM,3.50
10591,6/3/2025 6:20:00 AM,3.50
10591,6/3/2025 6:21:00 AM,3.60
10591,6/3/2025 6:22:00 AM,3.60
10591,6/3/2025 6:23:00 AM,3.60
10591,6/3/2025 6:24:00 AM,3.60
10591,6/3/2025 6:25:00 AM,3.60
10591,6/3/2025 6:26:00 AM,3.60
10591,6/3/2025 6:27:00 AM,3.60
10591,6/3/2025 6:28:00 AM,3.60
10591,6/3/2025 6:29:00 AM,3.60
10591,6/3/2025 6:30:00 AM,3.60
10591,6/3/2025 6:31:00 AM,3.60
10591,6/3/2025 6:32:00 AM,3.60
10591,6/3/2025 6:33:00 AM,3.60
10591,6/3/2025 6:34:00 AM,3.60
10591,6/3/2025 6:35:00 AM,3.60
10591,6/3/2025 6:36:00 AM,3.60
10591,6/3/2025 6:37:00 AM,3.60
10591,6/3/2025 6:38:00 AM,3.60
10591,6/3/2025 6:39:00 AM,3.60
10591,6/3/2025 6:40:00 AM,3.60
10591,6/3/2025 6:41:00 AM,3.52
10591,6/3/2025 6:42:00 AM,3.50
10591,6/3/2025 6:43:00 AM,3.60
10591,6/3/2025 6:44:00 AM,3.70
10591,6/3/2025 6:45:00 AM,3.70
10591,6/3/2025 6:46:00 AM,3.70
10591,6/3/2025 6:47:00 AM,3.70
10591,6/3/2025 6:48:00 AM,3.70
10591,6/3/2025 6:49:00 AM,3.60
10591,6/3/2025 6:50:00 AM,3.60
10591,6/3/2025 6:51:00 AM,3.60
10591,6/3/2025 6:52:00 AM,3.60
10591,6/3/2025 6:53:00 AM,3.60
10591,6/3/2025 6:54:00 AM,3.60
10591,6/3/2025 6:55:00 AM,3.60
10591,6/3/2025 6:56:00 AM,3.54
10591,6/3/2025 6:57:00 AM,3.64
10591,6/3/2025 6:58:00 AM,3.50
10591,6/3/2025 6:59:00 AM,3.50
10591,6/3/2025 7:00:00 AM,3.50
10591,6/3/2025 7:01:00 AM,3.42
10591,6/3/2025 7:02:00 AM,3.50
10591,6/3/2025 7:03:00 AM,3.50
10591,6/3/2025 7:04:00 AM,3.50
10591,6/3/2025 7:05:00 AM,3.50
10591,6/3/2025 7:06:00 AM,3.40
10591,6/3/2025 7:07:00 AM,3.53
10591,6/3/2025 7:08:00 AM,3.50
10591,6/3/2025 7:09:00 AM,3.40
10591,6/3/2025 7:10:00 AM,3.50
10591,6/3/2025 7:11:00 AM,3.50
10591,6/3/2025 7:12:00 AM,3.50
10591,6/3/2025 7:13:00 AM,3.53
10591,6/3/2025 7:14:00 AM,3.60
10591,6/3/2025 7:15:00 AM,3.60
10591,6/3/2025 7:16:00 AM,3.40
10591,6/3/2025 7:17:00 AM,3.37
10591,6/3/2025 7:18:00 AM,3.30
10591,6/3/2025 7:19:00 AM,3.20
10591,6/3/2025 7:20:00 AM,3.20
10591,6/3/2025 7:21:00 AM,3.11
10591,6/3/2025 7:22:00 AM,3.30
10591,6/3/2025 7:23:00 AM,3.19
10591,6/3/2025 7:24:00 AM,3.13
10591,6/3/2025 7:25:00 AM,3.10
10591,6/3/2025 7:26:00 AM,3.25
10591,6/3/2025 7:27:00 AM,3.20
10591,6/3/2025 7:28:00 AM,3.20
10591,6/3/2025 7:29:00 AM,3.31
10591,6/3/2025 7:30:00 AM,3.40
10591,6/3/2025 7:31:00 AM,3.50
10591,6/3/2025 7:32:00 AM,3.50
10591,6/3/2025 7:33:00 AM,3.50
10591,6/3/2025 7:34:00 AM,3.60
10591,6/3/2025 7:35:00 AM,3.60
10591,6/3/2025 7:36:00 AM,3.60
10591,6/3/2025 7:37:00 AM,3.57
10591,6/3/2025 7:38:00 AM,3.60
10591,6/3/2025 7:39:00 AM,3.60
10591,6/3/2025 7:40:00 AM,3.70
10591,6/3/2025 7:41:00 AM,3.80
10591,6/3/2025 7:42:00 AM,3.80
10591,6/3/2025 7:43:00 AM,3.88
10591,6/3/2025 7:44:00 AM,3.90
10591,6/3/2025 7:45:00 AM,4.00
10591,6/3/2025 7:46:00 AM,3.92
10591,6/3/2025 7:47:00 AM,3.90
10591,6/3/2025 7:48:00 AM,3.90
10591,6/3/2025 7:49:00 AM,3.98
10591,6/3/2025 7:50:00 AM,4.00
10591,6/3/2025 7:51:00 AM,4.00
10591,6/3/2025 7:52:00 AM,4.00
10591,6/3/2025 7:53:00 AM,4.00
10591,6/3/2025 7:54:00 AM,4.00
10591,6/3/2025 7:55:00 AM,4.00
10591,6/3/2025 7:56:00 AM,4.00
10591,6/3/2025 7:57:00 AM,3.91
10591,6/3/2025 7:58:00 AM,3.93
10591,6/3/2025 7:59:00 AM,3.90
10591,6/3/2025 8:00:00 AM,3.90
10591,6/3/2025 8:01:00 AM,3.98
10591,6/3/2025 8:02:00 AM,3.90
10591,6/3/2025 8:03:00 AM,3.90
10591,6/3/2025 8:04:00 AM,3.90
10591,6/3/2025 8:05:00 AM,3.74
10591,6/3/2025 8:06:00 AM,3.80
10591,6/3/2025 8:07:00 AM,3.80
10591,6/3/2025 8:08:00 AM,3.69
10591,6/3/2025 8:09:00 AM,3.70
10591,6/3/2025 8:10:00 AM,3.80
10591,6/3/2025 8:11:00 AM,3.80
10591,6/3/2025 8:12:00 AM,3.70
10591,6/3/2025 8:13:00 AM,3.70
10591,6/3/2025 8:14:00 AM,3.70
10591,6/3/2025 8:15:00 AM,3.70
10591,6/3/2025 8:16:00 AM,3.70
10591,6/3/2025 8:17:00 AM,3.70
10591,6/3/2025 8:18:00 AM,3.71
10591,6/3/2025 8:19:00 AM,3.70
10591,6/3/2025 8:20:00 AM,3.70
10591,6/3/2025 8:21:00 AM,3.80
10591,6/3/2025 8:22:00 AM,3.70
10591,6/3/2025 8:23:00 AM,3.70
10591,6/3/2025 8:24:00 AM,3.70
10591,6/3/2025 8:25:00 AM,3.80
10591,6/3/2025 8:26:00 AM,3.80
10591,6/3/2025 8:27:00 AM,3.80
10591,6/3/2025 8:28:00 AM,3.72
10591,6/3/2025 8:29:00 AM,3.70
10591,6/3/2025 8:30:00 AM,3.70
10591,6/3/2025 8:31:00 AM,3.70
10591,6/3/2025 8:32:00 AM,3.60
10591,6/3/2025 8:33:00 AM,3.54
10591,6/3/2025 8:34:00 AM,3.50
10591,6/3/2025 8:35:00 AM,3.51
10591,6/3/2025 8:36:00 AM,3.60
10591,6/3/2025 8:37:00 AM,3.50
10591,6/3/2025 8:38:00 AM,3.40
10591,6/3/2025 8:39:00 AM,3.40
10591,6/3/2025 8:40:00 AM,3.50
10591,6/3/2025 8:41:00 AM,3.50
10591,6/3/2025 8:42:00 AM,3.50
10591,6/3/2025 8:43:00 AM,3.60
10591,6/3/2025 8:44:00 AM,3.60
10591,6/3/2025 8:45:00 AM,3.60
10591,6/3/2025 8:46:00 AM,3.60
10591,6/3/2025 8:47:00 AM,3.70
10591,6/3/2025 8:48:00 AM,3.80
10591,6/3/2025 8:49:00 AM,3.80
10591,6/3/2025 8:50:00 AM,3.80
10591,6/3/2025 8:51:00 AM,3.80
10591,6/3/2025 8:52:00 AM,3.80
10591,6/3/2025 8:53:00 AM,3.80
10591,6/3/2025 8:54:00 AM,3.80
10591,6/3/2025 8:55:00 AM,3.90
10591,6/3/2025 8:56:00 AM,3.90
10591,6/3/2025 8:57:00 AM,4.00
10591,6/3/2025 8:58:00 AM,4.00
10591,6/3/2025 8:59:00 AM,4.00
10591,6/3/2025 9:00:00 AM,4.00
10591,6/3/2025 9:01:00 AM,4.10
10591,6/3/2025 9:02:00 AM,4.20
10591,6/3/2025 9:03:00 AM,4.10
10591,6/3/2025 9:04:00 AM,4.10
10591,6/3/2025 9:05:00 AM,4.10
10591,6/3/2025 9:06:00 AM,4.06
10591,6/3/2025 9:07:00 AM,4.00
10591,6/3/2025 9:08:00 AM,4.00
10591,6/3/2025 9:09:00 AM,4.00
10591,6/3/2025 9:10:00 AM,4.00
10591,6/3/2025 9:11:00 AM,4.00
10591,6/3/2025 9:12:00 AM,4.10
10591,6/3/2025 9:13:00 AM,4.07
10591,6/3/2025 9:14:00 AM,4.00
10591,6/3/2025 9:15:00 AM,4.00
10591,6/3/2025 9:16:00 AM,4.00
10591,6/3/2025 9:17:00 AM,4.00
10591,6/3/2025 9:18:00 AM,4.00
10591,6/3/2025 9:19:00 AM,4.00
10591,6/3/2025 9:20:00 AM,4.09
10591,6/3/2025 9:21:00 AM,4.10
10591,6/3/2025 9:22:00 AM,4.10
10591,6/3/2025 9:23:00 AM,4.10
10591,6/3/2025 9:24:00 AM,4.10
10591,6/3/2025 9:25:00 AM,4.20
10591,6/3/2025 9:26:00 AM,4.20
10591,6/3/2025 9:27:00 AM,4.20
10591,6/3/2025 9:28:00 AM,4.10
10591,6/3/2025 9:29:00 AM,4.10
10591,6/3/2025 9:30:00 AM,4.20
10591,6/3/2025 9:31:00 AM,4.20
10591,6/3/2025 9:32:00 AM,4.20
10591,6/3/2025 9:33:00 AM,4.20
10591,6/3/2025 9:34:00 AM,4.10
10591,6/3/2025 9:35:00 AM,4.10
10591,6/3/2025 9:36:00 AM,4.10
10591,6/3/2025 9:37:00 AM,4.10
10591,6/3/2025 9:38:00 AM,4.10
10591,6/3/2025 9:39:00 AM,4.10
10591,6/3/2025 9:40:00 AM,4.10
10591,6/3/2025 9:41:00 AM,4.00
10591,6/3/2025 9:42:00 AM,4.03
10591,6/3/2025 9:43:00 AM,3.90
10591,6/3/2025 9:44:00 AM,3.90
10591,6/3/2025 9:45:00 AM,3.90
10591,6/3/2025 9:46:00 AM,3.90
10591,6/3/2025 9:47:00 AM,3.80
10591,6/3/2025 9:48:00 AM,3.80
10591,6/3/2025 9:49:00 AM,3.80
10591,6/3/2025 9:50:00 AM,3.80
10591,6/3/2025 9:51:00 AM,3.80
10591,6/3/2025 9:52:00 AM,3.80
10591,6/3/2025 9:53:00 AM,3.80
10591,6/3/2025 9:54:00 AM,3.80
10591,6/3/2025 9:55:00 AM,3.80
10591,6/3/2025 9:56:00 AM,3.80
10591,6/3/2025 9:57:00 AM,3.80
10591,6/3/2025 9:58:00 AM,3.80
10591,6/3/2025 9:59:00 AM,3.80
10591,6/3/2025 10:00:00 AM,3.80
10591,6/3/2025 10:01:00 AM,3.80
10591,6/3/2025 10:02:00 AM,3.80
10591,6/3/2025 10:03:00 AM,3.80
10591,6/3/2025 10:04:00 AM,3.80
10591,6/3/2025 10:05:00 AM,3.80
10591,6/3/2025 10:06:00 AM,3.80
10591,6/3/2025 10:07:00 AM,3.80
10591,6/3/2025 10:08:00 AM,3.80
10591,6/3/2025 10:09:00 AM,3.70
10591,6/3/2025 10:10:00 AM,3.70
10591,6/3/2025 10:11:00 AM,3.70
10591,6/3/2025 10:12:00 AM,3.70
10591,6/3/2025 10:13:00 AM,3.70
10591,6/3/2025 10:14:00 AM,3.70
10591,6/3/2025 10:15:00 AM,3.70
10591,6/3/2025 10:16:00 AM,3.70
10591,6/3/2025 10:17:00 AM,3.80
10591,6/3/2025 10:18:00 AM,3.80
10591,6/3/2025 10:19:00 AM,3.80
10591,6/3/2025 10:20:00 AM,3.80
10591,6/3/2025 10:21:00 AM,3.78
10591,6/3/2025 10:22:00 AM,3.80
10591,6/3/2025 10:23:00 AM,3.80
10591,6/3/2025 10:24:00 AM,3.80
10591,6/3/2025 10:25:00 AM,3.80
10591,6/3/2025 10:26:00 AM,3.73
10591,6/3/2025 10:27:00 AM,3.70
10591,6/3/2025 10:28:00 AM,3.70
10591,6/3/2025 10:29:00 AM,3.60
10591,6/3/2025 10:30:00 AM,3.60
10591,6/3/2025 10:31:00 AM,3.60
10591,6/3/2025 10:32:00 AM,3.70
10591,6/3/2025 10:33:00 AM,3.70
10591,6/3/2025 10:34:00 AM,3.70
10591,6/3/2025 10:35:00 AM,3.78
10591,6/3/2025 10:36:00 AM,3.80
10591,6/3/2025 10:37:00 AM,3.80
10591,6/3/2025 10:38:00 AM,3.80
10591,6/3/2025 10:39:00 AM,3.80
10591,6/3/2025 10:40:00 AM,3.80
10591,6/3/2025 10:41:00 AM,3.80
10591,6/3/2025 10:42:00 AM,3.80
10591,6/3/2025 10:43:00 AM,3.80
10591,6/3/2025 10:44:00 AM,3.80
10591,6/3/2025 10:45:00 AM,3.80
10591,6/3/2025 10:46:00 AM,3.80
10591,6/3/2025 10:47:00 AM,3.80
10591,6/3/2025 10:48:00 AM,3.70
10591,6/3/2025 10:49:00 AM,3.70
10591,6/3/2025 10:50:00 AM,3.70
10591,6/3/2025 10:51:00 AM,3.60
10591,6/3/2025 10:52:00 AM,3.60
10591,6/3/2025 10:53:00 AM,3.60
10591,6/3/2025 10:54:00 AM,3.60
10591,6/3/2025 10:55:00 AM,3.60
10591,6/3/2025 10:56:00 AM,3.70
10591,6/3/2025 10:57:00 AM,3.70
10591,6/3/2025 10:58:00 AM,3.70
10591,6/3/2025 10:59:00 AM,3.70
10591,6/3/2025 11:00:00 AM,3.70
10591,6/3/2025 11:01:00 AM,3.70
10591,6/3/2025 11:02:00 AM,3.70
10591,6/3/2025 11:03:00 AM,3.70
10591,6/3/2025 11:04:00 AM,3.70
10591,6/3/2025 11:05:00 AM,3.70
10591,6/3/2025 11:06:00 AM,3.70
10591,6/3/2025 11:07:00 AM,3.70
10591,6/3/2025 11:08:00 AM,3.70
10591,6/3/2025 11:09:00 AM,3.72
10591,6/3/2025 11:10:00 AM,3.80
10591,6/3/2025 11:11:00 AM,3.80
10591,6/3/2025 11:12:00 AM,3.80
10591,6/3/2025 11:13:00 AM,3.80
10591,6/3/2025 11:14:00 AM,3.80
10591,6/3/2025 11:15:00 AM,3.80
10591,6/3/2025 11:16:00 AM,3.80
10591,6/3/2025 11:17:00 AM,3.70
10591,6/3/2025 11:18:00 AM,3.70
10591,6/3/2025 11:19:00 AM,3.75
10591,6/3/2025 11:20:00 AM,3.71
10591,6/3/2025 11:21:00 AM,3.73
10591,6/3/2025 11:22:00 AM,3.80
10591,6/3/2025 11:23:00 AM,3.80
10591,6/3/2025 11:24:00 AM,3.70
10591,6/3/2025 11:25:00 AM,3.70
10591,6/3/2025 11:26:00 AM,3.70
10591,6/3/2025 11:27:00 AM,3.70
10591,6/3/2025 11:28:00 AM,3.70
10591,6/3/2025 11:29:00 AM,3.70
10591,6/3/2025 11:30:00 AM,3.70
10591,6/3/2025 11:31:00 AM,3.70
10591,6/3/2025 11:32:00 AM,3.70
10591,6/3/2025 11:33:00 AM,3.70
10591,6/3/2025 11:34:00 AM,3.70
10591,6/3/2025 11:35:00 AM,3.70
10591,6/3/2025 11:36:00 AM,3.70
10591,6/3/2025 11:37:00 AM,3.71
10591,6/3/2025 11:38:00 AM,3.70
10591,6/3/2025 11:39:00 AM,3.70
10591,6/3/2025 11:40:00 AM,3.70
10591,6/3/2025 11:41:00 AM,3.70
10591,6/3/2025 11:42:00 AM,3.72
10591,6/3/2025 11:43:00 AM,3.80
10591,6/3/2025 11:44:00 AM,3.80
10591,6/3/2025 11:45:00 AM,3.80
10591,6/3/2025 11:46:00 AM,3.80
10591,6/3/2025 11:47:00 AM,3.70
10591,6/3/2025 11:48:00 AM,3.70
10591,6/3/2025 11:49:00 AM,3.70
10591,6/3/2025 11:50:00 AM,3.70
10591,6/3/2025 11:51:00 AM,3.70
10591,6/3/2025 11:52:00 AM,3.70
10591,6/3/2025 11:53:00 AM,3.70
10591,6/3/2025 11:54:00 AM,3.70
10591,6/3/2025 11:55:00 AM,3.70
10591,6/3/2025 11:56:00 AM,3.70
10591,6/3/2025 11:57:00 AM,3.70
10591,6/3/2025 11:58:00 AM,3.70
10591,6/3/2025 11:59:00 AM,3.70
10591,6/3/2025 12:00:00 PM,3.70
10591,6/3/2025 12:01:00 PM,3.70
10591,6/3/2025 12:02:00 PM,3.70
10591,6/3/2025 12:03:00 PM,3.70
10591,6/3/2025 12:04:00 PM,3.80
10591,6/3/2025 12:05:00 PM,3.79
10591,6/3/2025 12:06:00 PM,3.70
10591,6/3/2025 12:07:00 PM,3.75
10591,6/3/2025 12:08:00 PM,3.72
10591,6/3/2025 12:09:00 PM,3.80
10591,6/3/2025 12:10:00 PM,3.71
10591,6/3/2025 12:11:00 PM,3.90
10591,6/3/2025 12:12:00 PM,3.90
10591,6/3/2025 12:13:00 PM,3.90
10591,6/3/2025 12:14:00 PM,3.90
10591,6/3/2025 12:15:00 PM,3.90
10591,6/3/2025 12:16:00 PM,3.90
10591,6/3/2025 12:17:00 PM,3.90
10591,6/3/2025 12:18:00 PM,3.90
10591,6/3/2025 12:19:00 PM,3.83
10591,6/3/2025 12:20:00 PM,3.90
10591,6/3/2025 12:21:00 PM,3.90
10591,6/3/2025 12:22:00 PM,3.90
10591,6/3/2025 12:23:00 PM,3.90
10591,6/3/2025 12:24:00 PM,3.90
10591,6/3/2025 12:25:00 PM,3.90
10591,6/3/2025 12:26:00 PM,3.90
10591,6/3/2025 12:27:00 PM,3.90
10591,6/3/2025 12:28:00 PM,3.90
10591,6/3/2025 12:29:00 PM,3.96
10591,6/3/2025 12:30:00 PM,3.90
10591,6/3/2025 12:31:00 PM,3.90
10591,6/3/2025 12:32:00 PM,3.90
10591,6/3/2025 12:33:00 PM,3.80
10591,6/3/2025 12:34:00 PM,3.80
10591,6/3/2025 12:35:00 PM,3.80
10591,6/3/2025 12:36:00 PM,3.80
10591,6/3/2025 12:37:00 PM,3.80
10591,6/3/2025 12:38:00 PM,3.80
10591,6/3/2025 12:39:00 PM,3.80
10591,6/3/2025 12:40:00 PM,3.70
10591,6/3/2025 12:41:00 PM,3.80
10591,6/3/2025 12:42:00 PM,3.80
10591,6/3/2025 12:43:00 PM,3.80
10591,6/3/2025 12:44:00 PM,3.70
10591,6/3/2025 12:45:00 PM,3.70
10591,6/3/2025 12:46:00 PM,3.80
10591,6/3/2025 12:47:00 PM,3.80
10591,6/3/2025 12:48:00 PM,3.80
10591,6/3/2025 12:49:00 PM,3.80
10591,6/3/2025 12:50:00 PM,3.80
10591,6/3/2025 12:51:00 PM,3.80
10591,6/3/2025 12:52:00 PM,3.80
10591,6/3/2025 12:53:00 PM,3.80
10591,6/3/2025 12:54:00 PM,3.80
10591,6/3/2025 12:55:00 PM,3.90
10591,6/3/2025 12:56:00 PM,3.80
10591,6/3/2025 12:57:00 PM,3.80
10591,6/3/2025 12:58:00 PM,3.70
10591,6/3/2025 12:59:00 PM,3.70
10591,6/3/2025 1:00:00 PM,3.60
10591,6/3/2025 1:01:00 PM,3.60
10591,6/3/2025 1:02:00 PM,3.60
10591,6/3/2025 1:03:00 PM,3.60
10591,6/3/2025 1:04:00 PM,3.60
10591,6/3/2025 1:05:00 PM,3.60
10591,6/3/2025 1:06:00 PM,3.70
10591,6/3/2025 1:07:00 PM,3.70
10591,6/3/2025 1:08:00 PM,3.70
10591,6/3/2025 1:09:00 PM,3.80
10591,6/3/2025 1:10:00 PM,3.80
10591,6/3/2025 1:11:00 PM,3.80
10591,6/3/2025 1:12:00 PM,3.80
10591,6/3/2025 1:13:00 PM,3.70
10591,6/3/2025 1:14:00 PM,3.70
10591,6/3/2025 1:15:00 PM,3.70
10591,6/3/2025 1:16:00 PM,3.70
10591,6/3/2025 1:17:00 PM,3.80
10591,6/3/2025 1:18:00 PM,3.80
10591,6/3/2025 1:19:00 PM,3.80
10591,6/3/2025 1:20:00 PM,3.90
10591,6/3/2025 1:21:00 PM,3.90
10591,6/3/2025 1:22:00 PM,3.90
10591,6/3/2025 1:23:00 PM,3.90
10591,6/3/2025 1:24:00 PM,3.90
10591,6/3/2025 1:25:00 PM,3.80
10591,6/3/2025 1:26:00 PM,3.80
10591,6/3/2025 1:27:00 PM,3.70
10591,6/3/2025 1:28:00 PM,3.70
10591,6/3/2025 1:29:00 PM,3.70
10591,6/3/2025 1:30:00 PM,3.70
10591,6/3/2025 1:31:00 PM,3.70
10591,6/3/2025 1:32:00 PM,3.70
10591,6/3/2025 1:33:00 PM,3.70
10591,6/3/2025 1:34:00 PM,3.66
10591,6/3/2025 1:35:00 PM,3.60
10591,6/3/2025 1:36:00 PM,3.70
10591,6/3/2025 1:37:00 PM,3.60
10591,6/3/2025 1:38:00 PM,3.60
10591,6/3/2025 1:39:00 PM,3.60
10591,6/3/2025 1:40:00 PM,3.60
10591,6/3/2025 1:41:00 PM,3.60
10591,6/3/2025 1:42:00 PM,3.60
10591,6/3/2025 1:43:00 PM,3.60
10591,6/3/2025 1:44:00 PM,3.60
10591,6/3/2025 1:45:00 PM,3.60
10591,6/3/2025 1:46:00 PM,3.60
10591,6/3/2025 1:47:00 PM,3.60
10591,6/3/2025 1:48:00 PM,3.60
10591,6/3/2025 1:49:00 PM,3.58
10591,6/3/2025 1:50:00 PM,3.56
10591,6/3/2025 1:51:00 PM,3.50
10591,6/3/2025 1:52:00 PM,3.50
10591,6/3/2025 1:53:00 PM,3.40
10591,6/3/2025 1:54:00 PM,3.40
10591,6/3/2025 1:55:00 PM,3.40
10591,6/3/2025 1:56:00 PM,3.40
10591,6/3/2025 1:57:00 PM,3.40
10591,6/3/2025 1:58:00 PM,3.40
10591,6/3/2025 1:59:00 PM,3.50
10591,6/3/2025 2:00:00 PM,3.50
10591,6/3/2025 2:01:00 PM,3.50
10591,6/3/2025 2:02:00 PM,3.50
10591,6/3/2025 2:03:00 PM,3.50
10591,6/3/2025 2:04:00 PM,3.50
10591,6/3/2025 2:05:00 PM,3.60
10591,6/3/2025 2:06:00 PM,3.60
10591,6/3/2025 2:07:00 PM,3.60
10591,6/3/2025 2:08:00 PM,3.60
10591,6/3/2025 2:09:00 PM,3.60
10591,6/3/2025 2:10:00 PM,3.60
10591,6/3/2025 2:11:00 PM,3.60
10591,6/3/2025 2:12:00 PM,3.60
10591,6/3/2025 2:13:00 PM,3.60
10591,6/3/2025 2:14:00 PM,3.70
10591,6/3/2025 2:15:00 PM,3.70
10591,6/3/2025 2:16:00 PM,3.70
10591,6/3/2025 2:17:00 PM,3.70
10591,6/3/2025 2:18:00 PM,3.70
10591,6/3/2025 2:19:00 PM,3.70
10591,6/3/2025 2:20:00 PM,3.70
10591,6/3/2025 2:21:00 PM,3.75
10591,6/3/2025 2:22:00 PM,3.70
10591,6/3/2025 2:23:00 PM,3.70
10591,6/3/2025 2:24:00 PM,3.70
10591,6/3/2025 2:25:00 PM,3.70
10591,6/3/2025 2:26:00 PM,3.70
10591,6/3/2025 2:27:00 PM,3.77
10591,6/3/2025 2:28:00 PM,3.80
10591,6/3/2025 2:29:00 PM,3.80
10591,6/3/2025 2:30:00 PM,3.80
10591,6/3/2025 2:31:00 PM,3.80
10591,6/3/2025 2:32:00 PM,3.80
10591,6/3/2025 2:33:00 PM,3.80
10591,6/3/2025 2:34:00 PM,3.80
10591,6/3/2025 2:35:00 PM,3.80
10591,6/3/2025 2:36:00 PM,3.80
10591,6/3/2025 2:37:00 PM,3.80
10591,6/3/2025 2:38:00 PM,3.90
10591,6/3/2025 2:39:00 PM,3.90
10591,6/3/2025 2:40:00 PM,3.90
10591,6/3/2025 2:41:00 PM,4.00
10591,6/3/2025 2:42:00 PM,4.00
10591,6/3/2025 2:43:00 PM,4.00
10591,6/3/2025 2:44:00 PM,4.00
10591,6/3/2025 2:45:00 PM,4.00
10591,6/3/2025 2:46:00 PM,4.00
10591,6/3/2025 2:47:00 PM,4.00
10591,6/3/2025 2:48:00 PM,3.97
10591,6/3/2025 2:49:00 PM,4.00
10591,6/3/2025 2:50:00 PM,3.90
10591,6/3/2025 2:51:00 PM,3.91
10591,6/3/2025 2:52:00 PM,3.97
10591,6/3/2025 2:53:00 PM,3.90
10591,6/3/2025 2:54:00 PM,3.90
10591,6/3/2025 2:55:00 PM,3.90
10591,6/3/2025 2:56:00 PM,3.91
10591,6/3/2025 2:57:00 PM,3.90
10591,6/3/2025 2:58:00 PM,3.84
10591,6/3/2025 2:59:00 PM,3.86
10591,6/3/2025 3:00:00 PM,3.80
10591,6/3/2025 3:01:00 PM,3.80
10591,6/3/2025 3:02:00 PM,3.81
10591,6/3/2025 3:03:00 PM,3.90
10591,6/3/2025 3:04:00 PM,4.00
10591,6/3/2025 3:05:00 PM,4.00
10591,6/3/2025 3:06:00 PM,4.00
10591,6/3/2025 3:07:00 PM,3.93
10591,6/3/2025 3:08:00 PM,3.90
10591,6/3/2025 3:09:00 PM,3.90
10591,6/3/2025 3:10:00 PM,3.90
10591,6/3/2025 3:11:00 PM,3.90
10591,6/3/2025 3:12:00 PM,3.90
10591,6/3/2025 3:13:00 PM,3.90
10591,6/3/2025 3:14:00 PM,3.90
10591,6/3/2025 3:15:00 PM,3.90
10591,6/3/2025 3:16:00 PM,3.90
10591,6/3/2025 3:17:00 PM,3.90
10591,6/3/2025 3:18:00 PM,3.90
10591,6/3/2025 3:19:00 PM,3.90
10591,6/3/2025 3:20:00 PM,3.80
10591,6/3/2025 3:21:00 PM,3.85
10591,6/3/2025 3:22:00 PM,3.80
10591,6/3/2025 3:23:00 PM,3.71
10591,6/3/2025 3:24:00 PM,3.70
10591,6/3/2025 3:25:00 PM,3.60
10591,6/3/2025 3:26:00 PM,3.50
10591,6/3/2025 3:27:00 PM,3.50
10591,6/3/2025 3:28:00 PM,3.50
10591,6/3/2025 3:29:00 PM,3.50
10591,6/3/2025 3:30:00 PM,3.50
10591,6/3/2025 3:31:00 PM,3.52
10591,6/3/2025 3:32:00 PM,3.56
10591,6/3/2025 3:33:00 PM,3.50
10591,6/3/2025 3:34:00 PM,3.50
10591,6/3/2025 3:35:00 PM,3.50
10591,6/3/2025 3:36:00 PM,3.50
10591,6/3/2025 3:37:00 PM,3.53
10591,6/3/2025 3:38:00 PM,3.50
10591,6/3/2025 3:39:00 PM,3.50
10591,6/3/2025 3:40:00 PM,3.50
10591,6/3/2025 3:41:00 PM,3.50
10591,6/3/2025 3:42:00 PM,3.50
10591,6/3/2025 3:43:00 PM,3.50
10591,6/3/2025 3:44:00 PM,3.50
10591,6/3/2025 3:45:00 PM,3.50
10591,6/3/2025 3:46:00 PM,3.60
10591,6/3/2025 3:47:00 PM,3.50
10591,6/3/2025 3:48:00 PM,3.50
10591,6/3/2025 3:49:00 PM,3.50
10591,6/3/2025 3:50:00 PM,3.50
10591,6/3/2025 3:51:00 PM,3.51
10591,6/3/2025 3:52:00 PM,3.60
10591,6/3/2025 3:53:00 PM,3.60
10591,6/3/2025 3:54:00 PM,3.60
10591,6/3/2025 3:55:00 PM,3.70
10591,6/3/2025 3:56:00 PM,3.80
10591,6/3/2025 3:57:00 PM,3.79
10591,6/3/2025 3:58:00 PM,3.70
10591,6/3/2025 3:59:00 PM,3.80
10591,6/3/2025 4:00:00 PM,3.80
10591,6/3/2025 4:01:00 PM,3.80
10591,6/3/2025 4:02:00 PM,3.80
10591,6/3/2025 4:03:00 PM,3.80
10591,6/3/2025 4:04:00 PM,3.80
10591,6/3/2025 4:05:00 PM,3.90
10591,6/3/2025 4:06:00 PM,3.80
10591,6/3/2025 4:07:00 PM,3.74
10591,6/3/2025 4:08:00 PM,3.80
10591,6/3/2025 4:09:00 PM,3.80
10591,6/3/2025 4:10:00 PM,3.90
10591,6/3/2025 4:11:00 PM,3.90
10591,6/3/2025 4:12:00 PM,3.85
10591,6/3/2025 4:13:00 PM,3.90
10591,6/3/2025 4:14:00 PM,3.90
10591,6/3/2025 4:15:00 PM,3.90
10591,6/3/2025 4:16:00 PM,3.90
10591,6/3/2025 4:17:00 PM,3.90
10591,6/3/2025 4:18:00 PM,3.90
10591,6/3/2025 4:19:00 PM,3.80
10591,6/3/2025 4:20:00 PM,3.80
10591,6/3/2025 4:21:00 PM,3.80
10591,6/3/2025 4:22:00 PM,3.80
10591,6/3/2025 4:23:00 PM,3.80
10591,6/3/2025 4:24:00 PM,3.80
10591,6/3/2025 4:25:00 PM,3.80
10591,6/3/2025 4:26:00 PM,3.80
10591,6/3/2025 4:27:00 PM,3.80
10591,6/3/2025 4:28:00 PM,3.80
10591,6/3/2025 4:29:00 PM,3.80
10591,6/3/2025 4:30:00 PM,3.80
10591,6/3/2025 4:31:00 PM,3.70
10591,6/3/2025 4:32:00 PM,3.70
10591,6/3/2025 4:33:00 PM,3.70
10591,6/3/2025 4:34:00 PM,3.70
10591,6/3/2025 4:35:00 PM,3.70
10591,6/3/2025 4:36:00 PM,3.70
10591,6/3/2025 4:37:00 PM,3.70
10591,6/3/2025 4:38:00 PM,3.70
10591,6/3/2025 4:39:00 PM,3.70
10591,6/3/2025 4:40:00 PM,3.66
10591,6/3/2025 4:41:00 PM,3.60
10591,6/3/2025 4:42:00 PM,3.60
10591,6/3/2025 4:43:00 PM,3.60
10591,6/3/2025 4:44:00 PM,3.60
10591,6/3/2025 4:45:00 PM,3.70
10591,6/3/2025 4:46:00 PM,3.70
10591,6/3/2025 4:47:00 PM,3.70
10591,6/3/2025 4:48:00 PM,3.70
10591,6/3/2025 4:49:00 PM,3.70
10591,6/3/2025 4:50:00 PM,3.70
10591,6/3/2025 4:51:00 PM,3.70
10591,6/3/2025 4:52:00 PM,3.70
10591,6/3/2025 4:53:00 PM,3.70
10591,6/3/2025 4:54:00 PM,3.70
10591,6/3/2025 4:55:00 PM,3.70
10591,6/3/2025 4:56:00 PM,3.72
10591,6/3/2025 4:57:00 PM,3.76
10591,6/3/2025 4:58:00 PM,3.80
10591,6/3/2025 4:59:00 PM,3.70
10591,6/3/2025 5:00:00 PM,3.80
10591,6/3/2025 5:01:00 PM,3.80
10591,6/3/2025 5:02:00 PM,3.80
10591,6/3/2025 5:03:00 PM,3.80
10591,6/3/2025 5:04:00 PM,3.77
10591,6/3/2025 5:05:00 PM,3.70
10591,6/3/2025 5:06:00 PM,3.70
10591,6/3/2025 5:07:00 PM,3.80
10591,6/3/2025 5:08:00 PM,3.70
10591,6/3/2025 5:09:00 PM,3.70
10591,6/3/2025 5:10:00 PM,3.70
10591,6/3/2025 5:11:00 PM,3.70
10591,6/3/2025 5:12:00 PM,3.70
10591,6/3/2025 5:13:00 PM,3.70
10591,6/3/2025 5:14:00 PM,3.50
10591,6/3/2025 5:15:00 PM,3.50
10591,6/3/2025 5:16:00 PM,3.69
10591,6/3/2025 5:17:00 PM,3.80
10591,6/3/2025 5:18:00 PM,3.80
10591,6/3/2025 5:19:00 PM,3.53
10591,6/3/2025 5:20:00 PM,3.40
10591,6/3/2025 5:21:00 PM,3.40
10591,6/3/2025 5:22:00 PM,3.40
10591,6/3/2025 5:23:00 PM,3.40
10591,6/3/2025 5:24:00 PM,3.30
10591,6/3/2025 5:25:00 PM,3.30
10591,6/3/2025 5:26:00 PM,3.30
10591,6/3/2025 5:27:00 PM,3.30
10591,6/3/2025 5:28:00 PM,3.27
10591,6/3/2025 5:29:00 PM,3.30
10591,6/3/2025 5:30:00 PM,3.30
10591,6/3/2025 5:31:00 PM,3.30
10591,6/3/2025 5:32:00 PM,3.20
10591,6/3/2025 5:33:00 PM,3.19
10591,6/3/2025 5:34:00 PM,3.20
10591,6/3/2025 5:35:00 PM,3.40
10591,6/3/2025 5:36:00 PM,3.40
10591,6/3/2025 5:37:00 PM,3.55
10591,6/3/2025 5:38:00 PM,3.70
10591,6/3/2025 5:39:00 PM,3.89
10591,6/3/2025 5:40:00 PM,4.00
10591,6/3/2025 5:41:00 PM,3.99
10591,6/3/2025 5:42:00 PM,3.80
10591,6/3/2025 5:43:00 PM,3.90
10591,6/3/2025 5:44:00 PM,3.98
10591,6/3/2025 5:45:00 PM,3.90
10591,6/3/2025 5:46:00 PM,3.90
10591,6/3/2025 5:47:00 PM,3.88
10591,6/3/2025 5:48:00 PM,3.86
10591,6/3/2025 5:49:00 PM,3.90
10591,6/3/2025 5:50:00 PM,3.90
10591,6/3/2025 5:51:00 PM,3.70
10591,6/3/2025 5:52:00 PM,3.71
10591,6/3/2025 5:53:00 PM,3.77
10591,6/3/2025 5:54:00 PM,3.85
10591,6/3/2025 5:55:00 PM,3.90
10591,6/3/2025 5:56:00 PM,3.80
10591,6/3/2025 5:57:00 PM,3.80
10591,6/3/2025 5:58:00 PM,3.80
10591,6/3/2025 5:59:00 PM,3.86
10591,6/3/2025 6:00:00 PM,3.74
10591,6/3/2025 6:01:00 PM,3.70
10591,6/3/2025 6:02:00 PM,3.70
10591,6/3/2025 6:03:00 PM,3.79
10591,6/3/2025 6:04:00 PM,3.80
10591,6/3/2025 6:05:00 PM,3.90
10591,6/3/2025 6:06:00 PM,3.90
10591,6/3/2025 6:07:00 PM,4.00
10591,6/3/2025 6:08:00 PM,3.90
10591,6/3/2025 6:09:00 PM,3.96
10591,6/3/2025 6:10:00 PM,3.90
10591,6/3/2025 6:11:00 PM,3.99
10591,6/3/2025 6:12:00 PM,3.93
10591,6/3/2025 6:13:00 PM,3.89
10591,6/3/2025 6:14:00 PM,3.90
10591,6/3/2025 6:15:00 PM,3.90
10591,6/3/2025 6:16:00 PM,3.73
10591,6/3/2025 6:17:00 PM,3.90
10591,6/3/2025 6:18:00 PM,3.80
10591,6/3/2025 6:19:00 PM,3.90
10591,6/3/2025 6:20:00 PM,3.86
10591,6/3/2025 6:21:00 PM,3.90
10591,6/3/2025 6:22:00 PM,3.88
10591,6/3/2025 6:23:00 PM,3.90
10591,6/3/2025 6:24:00 PM,3.80
10591,6/3/2025 6:25:00 PM,3.80
10591,6/3/2025 6:26:00 PM,3.90
10591,6/3/2025 6:27:00 PM,3.90
10591,6/3/2025 6:28:00 PM,3.90
10591,6/3/2025 6:29:00 PM,3.90
10591,6/3/2025 6:30:00 PM,4.00
10591,6/3/2025 6:31:00 PM,4.00
10591,6/3/2025 6:32:00 PM,4.10
10591,6/3/2025 6:33:00 PM,4.10
10591,6/3/2025 6:34:00 PM,4.01
10591,6/3/2025 6:35:00 PM,4.10
10591,6/3/2025 6:36:00 PM,4.19
10591,6/3/2025 6:37:00 PM,4.26
10591,6/3/2025 6:38:00 PM,4.24
10591,6/3/2025 6:39:00 PM,4.00
10591,6/3/2025 6:40:00 PM,4.00
10591,6/3/2025 6:41:00 PM,4.10
10591,6/3/2025 6:42:00 PM,4.00
10591,6/3/2025 6:43:00 PM,3.96
10591,6/3/2025 6:44:00 PM,4.00
10591,6/3/2025 6:45:00 PM,3.93
10591,6/3/2025 6:46:00 PM,4.00
10591,6/3/2025 6:47:00 PM,3.97
10591,6/3/2025 6:48:00 PM,3.80
10591,6/3/2025 6:49:00 PM,3.80
10591,6/3/2025 6:50:00 PM,3.79
10591,6/3/2025 6:51:00 PM,3.80
10591,6/3/2025 6:52:00 PM,3.84
10591,6/3/2025 6:53:00 PM,3.82
10591,6/3/2025 6:54:00 PM,3.80
10591,6/3/2025 6:55:00 PM,3.90
10591,6/3/2025 6:56:00 PM,3.88
10591,6/3/2025 6:57:00 PM,3.86
10591,6/3/2025 6:58:00 PM,3.90
10591,6/3/2025 6:59:00 PM,3.90
10591,6/3/2025 7:00:00 PM,3.82
10591,6/3/2025 7:01:00 PM,4.00
10591,6/3/2025 7:02:00 PM,3.97
10591,6/3/2025 7:03:00 PM,3.85
10591,6/3/2025 7:04:00 PM,3.87
10591,6/3/2025 7:05:00 PM,3.82
10591,6/3/2025 7:06:00 PM,3.80
10591,6/3/2025 7:07:00 PM,3.71
10591,6/3/2025 7:08:00 PM,3.87
10591,6/3/2025 7:09:00 PM,3.90
10591,6/3/2025 7:10:00 PM,3.90
10591,6/3/2025 7:11:00 PM,3.90
10591,6/3/2025 7:12:00 PM,3.60
10591,6/3/2025 7:13:00 PM,3.60
10591,6/3/2025 7:14:00 PM,3.60
10591,6/3/2025 7:15:00 PM,3.66
10591,6/3/2025 7:16:00 PM,3.78
10591,6/3/2025 7:17:00 PM,3.70
10591,6/3/2025 7:18:00 PM,3.70
10591,6/3/2025 7:19:00 PM,3.80
10591,6/3/2025 7:20:00 PM,3.85
10591,6/3/2025 7:21:00 PM,3.90
10591,6/3/2025 7:22:00 PM,3.89
10591,6/3/2025 7:23:00 PM,3.80
10591,6/3/2025 7:24:00 PM,3.90
10591,6/3/2025 7:25:00 PM,3.80
10591,6/3/2025 7:26:00 PM,3.75
10591,6/3/2025 7:27:00 PM,3.70
10591,6/3/2025 7:28:00 PM,3.60
10591,6/3/2025 7:29:00 PM,3.60
10591,6/3/2025 7:30:00 PM,3.62
10591,6/3/2025 7:31:00 PM,3.66
10591,6/3/2025 7:32:00 PM,3.76
10591,6/3/2025 7:33:00 PM,3.97
10591,6/3/2025 7:34:00 PM,3.99
10591,6/3/2025 7:35:00 PM,4.00
10591,6/3/2025 7:36:00 PM,3.90
10591,6/3/2025 7:37:00 PM,3.85
10591,6/3/2025 7:38:00 PM,3.90
10591,6/3/2025 7:39:00 PM,3.81
10591,6/3/2025 7:40:00 PM,3.80
10591,6/3/2025 7:41:00 PM,3.89
10591,6/3/2025 7:42:00 PM,3.90
10591,6/3/2025 7:43:00 PM,3.90
10591,6/3/2025 7:44:00 PM,3.82
10591,6/3/2025 7:45:00 PM,3.70
10591,6/3/2025 7:46:00 PM,3.70
10591,6/3/2025 7:47:00 PM,3.78
10591,6/3/2025 7:48:00 PM,3.80
10591,6/3/2025 7:49:00 PM,3.80
10591,6/3/2025 7:50:00 PM,3.80
10591,6/3/2025 7:51:00 PM,3.90
10591,6/3/2025 7:52:00 PM,4.00
10591,6/3/2025 7:53:00 PM,4.00
10591,6/3/2025 7:54:00 PM,3.90
10591,6/3/2025 7:55:00 PM,4.00
10591,6/3/2025 7:56:00 PM,3.81
10591,6/3/2025 7:57:00 PM,3.80
10591,6/3/2025 7:58:00 PM,4.00
10591,6/3/2025 7:59:00 PM,3.90
10591,6/3/2025 8:00:00 PM,3.80
10591,6/3/2025 8:01:00 PM,3.90
10591,6/3/2025 8:02:00 PM,3.80
10591,6/3/2025 8:03:00 PM,3.70
10591,6/3/2025 8:04:00 PM,3.70
10591,6/3/2025 8:05:00 PM,3.70
10591,6/3/2025 8:06:00 PM,3.60
10591,6/3/2025 8:07:00 PM,3.69
10591,6/3/2025 8:08:00 PM,3.72
10591,6/3/2025 8:09:00 PM,3.70
10591,6/3/2025 8:10:00 PM,3.73
10591,6/3/2025 8:11:00 PM,3.65
10591,6/3/2025 8:12:00 PM,3.57
10591,6/3/2025 8:13:00 PM,3.79
10591,6/3/2025 8:14:00 PM,3.80
10591,6/3/2025 8:15:00 PM,3.81
10591,6/3/2025 8:16:00 PM,3.93
10591,6/3/2025 8:17:00 PM,3.74
10591,6/3/2025 8:18:00 PM,3.70
10591,6/3/2025 8:19:00 PM,3.70
10591,6/3/2025 8:20:00 PM,3.60
10591,6/3/2025 8:21:00 PM,3.70
10591,6/3/2025 8:22:00 PM,3.70
10591,6/3/2025 8:23:00 PM,3.66
10591,6/3/2025 8:24:00 PM,3.60
10591,6/3/2025 8:25:00 PM,3.60
10591,6/3/2025 8:26:00 PM,3.60
10591,6/3/2025 8:27:00 PM,3.50
10591,6/3/2025 8:28:00 PM,3.60
10591,6/3/2025 8:29:00 PM,3.40
10591,6/3/2025 8:30:00 PM,3.50
10591,6/3/2025 8:31:00 PM,3.52
10591,6/3/2025 8:32:00 PM,3.69
10591,6/3/2025 8:33:00 PM,3.30
10591,6/3/2025 8:34:00 PM,3.42
10591,6/3/2025 8:35:00 PM,3.78
10591,6/3/2025 8:36:00 PM,3.80
10591,6/3/2025 8:37:00 PM,3.60
10591,6/3/2025 8:38:00 PM,3.40
10591,6/3/2025 8:39:00 PM,3.59
10591,6/3/2025 8:40:00 PM,3.43
10591,6/3/2025 8:41:00 PM,3.50
10591,6/3/2025 8:42:00 PM,3.25
10591,6/3/2025 8:43:00 PM,3.49
10591,6/3/2025 8:44:00 PM,3.53
10591,6/3/2025 8:45:00 PM,3.80
10591,6/3/2025 8:46:00 PM,3.45
10591,6/3/2025 8:47:00 PM,3.60
10591,6/3/2025 8:48:00 PM,3.39
10591,6/3/2025 8:49:00 PM,3.20
10591,6/3/2025 8:50:00 PM,3.36
10591,6/3/2025 8:51:00 PM,3.56
10591,6/3/2025 8:52:00 PM,3.60
10591,6/3/2025 8:53:00 PM,3.60
10591,6/3/2025 8:54:00 PM,3.50
10591,6/3/2025 8:55:00 PM,3.60
10591,6/3/2025 8:56:00 PM,3.70
10591,6/3/2025 8:57:00 PM,3.77
10591,6/3/2025 8:58:00 PM,3.89
10591,6/3/2025 8:59:00 PM,3.74
10591,6/3/2025 9:00:00 PM,3.70
10591,6/3/2025 9:01:00 PM,3.97
10591,6/3/2025 9:02:00 PM,3.73
10591,6/3/2025 9:03:00 PM,3.46
10591,6/3/2025 9:04:00 PM,3.70
10591,6/3/2025 9:05:00 PM,3.60
10591,6/3/2025 9:06:00 PM,3.68
10591,6/3/2025 9:07:00 PM,3.36
10591,6/3/2025 9:08:00 PM,3.36
10591,6/3/2025 9:09:00 PM,3.41
10591,6/3/2025 9:10:00 PM,3.47
10591,6/3/2025 9:11:00 PM,3.60
10591,6/3/2025 9:12:00 PM,3.77
10591,6/3/2025 9:13:00 PM,3.65
10591,6/3/2025 9:14:00 PM,3.43
10591,6/3/2025 9:15:00 PM,3.30
10591,6/3/2025 9:16:00 PM,3.68
10591,6/3/2025 9:17:00 PM,3.88
10591,6/3/2025 9:18:00 PM,3.90
10591,6/3/2025 9:19:00 PM,3.90
10591,6/3/2025 9:20:00 PM,3.73
10591,6/3/2025 9:21:00 PM,3.61
10591,6/3/2025 9:22:00 PM,3.60
10591,6/3/2025 9:23:00 PM,3.65
10591,6/3/2025 9:24:00 PM,3.45
10591,6/3/2025 9:25:00 PM,3.39
10591,6/3/2025 9:26:00 PM,3.51
10591,6/3/2025 9:27:00 PM,3.50
10591,6/3/2025 9:28:00 PM,3.76
10591,6/3/2025 9:29:00 PM,3.63
10591,6/3/2025 9:30:00 PM,3.68
10591,6/3/2025 9:31:00 PM,3.71
10591,6/3/2025 9:32:00 PM,3.60
10591,6/3/2025 9:33:00 PM,3.56
10591,6/3/2025 9:34:00 PM,3.70
10591,6/3/2025 9:35:00 PM,3.53
10591,6/3/2025 9:36:00 PM,3.70
10591,6/3/2025 9:37:00 PM,3.39
10591,6/3/2025 9:38:00 PM,3.60
10591,6/3/2025 9:39:00 PM,3.98
10591,6/3/2025 9:40:00 PM,3.84
10591,6/3/2025 9:41:00 PM,3.80
10591,6/3/2025 9:42:00 PM,3.97
10591,6/3/2025 9:43:00 PM,3.88
10591,6/3/2025 9:44:00 PM,3.73
10591,6/3/2025 9:45:00 PM,3.97
10591,6/3/2025 9:46:00 PM,3.87
10591,6/3/2025 9:47:00 PM,3.74
10591,6/3/2025 9:48:00 PM,3.67
10591,6/3/2025 9:49:00 PM,3.80
10591,6/3/2025 9:50:00 PM,3.80
10591,6/3/2025 9:51:00 PM,3.72
10591,6/3/2025 9:52:00 PM,3.56
10591,6/3/2025 9:53:00 PM,3.53
10591,6/3/2025 9:54:00 PM,3.78
10591,6/3/2025 9:55:00 PM,3.80
10591,6/3/2025 9:56:00 PM,3.56
10591,6/3/2025 9:57:00 PM,3.80
10591,6/3/2025 9:58:00 PM,3.66
10591,6/3/2025 9:59:00 PM,3.70
10591,6/3/2025 10:00:00 PM,3.70
10591,6/3/2025 10:01:00 PM,3.80
10591,6/3/2025 10:02:00 PM,3.68
10591,6/3/2025 10:03:00 PM,3.64
10591,6/3/2025 10:04:00 PM,3.51
10591,6/3/2025 10:05:00 PM,3.73
10591,6/3/2025 10:06:00 PM,4.00
10591,6/3/2025 10:07:00 PM,3.71
10591,6/3/2025 10:08:00 PM,3.91
10591,6/3/2025 10:09:00 PM,3.85
10591,6/3/2025 10:10:00 PM,3.73
10591,6/3/2025 10:11:00 PM,3.70
10591,6/3/2025 10:12:00 PM,3.80
10591,6/3/2025 10:13:00 PM,3.88
10591,6/3/2025 10:14:00 PM,3.80
10591,6/3/2025 10:15:00 PM,3.82
10591,6/3/2025 10:16:00 PM,3.63
10591,6/3/2025 10:17:00 PM,3.80
10591,6/3/2025 10:18:00 PM,3.80
10591,6/3/2025 10:19:00 PM,3.78
10591,6/3/2025 10:20:00 PM,3.70
10591,6/3/2025 10:21:00 PM,3.70
10591,6/3/2025 10:22:00 PM,3.80
10591,6/3/2025 10:23:00 PM,3.80
10591,6/3/2025 10:24:00 PM,3.78
10591,6/3/2025 10:25:00 PM,3.63
10591,6/3/2025 10:26:00 PM,3.70
10591,6/3/2025 10:27:00 PM,3.70
10591,6/3/2025 10:28:00 PM,3.80
10591,6/3/2025 10:29:00 PM,3.80
10591,6/3/2025 10:30:00 PM,3.62
10591,6/3/2025 10:31:00 PM,3.70
10591,6/3/2025 10:32:00 PM,3.67
10591,6/3/2025 10:33:00 PM,3.52
10591,6/3/2025 10:34:00 PM,3.60
10591,6/3/2025 10:35:00 PM,3.69
10591,6/3/2025 10:36:00 PM,3.50
10591,6/3/2025 10:37:00 PM,3.60
10591,6/3/2025 10:38:00 PM,3.60
10591,6/3/2025 10:39:00 PM,3.60
10591,6/3/2025 10:40:00 PM,3.58
10591,6/3/2025 10:41:00 PM,3.60
10591,6/3/2025 10:42:00 PM,3.60
10591,6/3/2025 10:43:00 PM,3.54
10591,6/3/2025 10:44:00 PM,3.42
10591,6/3/2025 10:45:00 PM,3.70
10591,6/3/2025 10:46:00 PM,3.70
10591,6/3/2025 10:47:00 PM,3.77
10591,6/3/2025 10:48:00 PM,3.50
10591,6/3/2025 10:49:00 PM,3.57
10591,6/3/2025 10:50:00 PM,3.69
10591,6/3/2025 10:51:00 PM,3.60
10591,6/3/2025 10:52:00 PM,3.52
10591,6/3/2025 10:53:00 PM,3.60
10591,6/3/2025 10:54:00 PM,3.62
10591,6/3/2025 10:55:00 PM,3.54
10591,6/3/2025 10:56:00 PM,3.50
10591,6/3/2025 10:57:00 PM,3.50
10591,6/3/2025 10:58:00 PM,3.58
10591,6/3/2025 10:59:00 PM,3.46
10591,6/3/2025 11:00:00 PM,3.50
10591,6/3/2025 11:01:00 PM,3.59
10591,6/3/2025 11:02:00 PM,3.40
10591,6/3/2025 11:03:00 PM,3.50
10591,6/3/2025 11:04:00 PM,3.50
10591,6/3/2025 11:05:00 PM,3.45
10591,6/3/2025 11:06:00 PM,3.57
10591,6/3/2025 11:07:00 PM,3.70
10591,6/3/2025 11:08:00 PM,3.70
10591,6/3/2025 11:09:00 PM,3.46
10591,6/3/2025 11:10:00 PM,3.46
10591,6/3/2025 11:11:00 PM,3.70
10591,6/3/2025 11:12:00 PM,3.47
10591,6/3/2025 11:13:00 PM,3.70
10591,6/3/2025 11:14:00 PM,3.52
10591,6/3/2025 11:15:00 PM,3.68
10591,6/3/2025 11:16:00 PM,3.63
10591,6/3/2025 11:17:00 PM,3.67
10591,6/3/2025 11:18:00 PM,3.59
10591,6/3/2025 11:19:00 PM,3.40
10591,6/3/2025 11:20:00 PM,3.68
10591,6/3/2025 11:21:00 PM,3.57
10591,6/3/2025 11:22:00 PM,3.65
10591,6/3/2025 11:23:00 PM,3.58
10591,6/3/2025 11:24:00 PM,3.70
10591,6/3/2025 11:25:00 PM,3.60
10591,6/3/2025 11:26:00 PM,3.64
10591,6/3/2025 11:27:00 PM,3.54
10591,6/3/2025 11:28:00 PM,3.67
10591,6/3/2025 11:29:00 PM,3.71
10591,6/3/2025 11:30:00 PM,3.70
10591,6/3/2025 11:31:00 PM,3.50
10591,6/3/2025 11:32:00 PM,3.53
10591,6/3/2025 11:33:00 PM,3.45
10591,6/3/2025 11:34:00 PM,3.65
10591,6/3/2025 11:35:00 PM,3.50
10591,6/3/2025 11:36:00 PM,3.52
10591,6/3/2025 11:37:00 PM,3.48
10591,6/3/2025 11:38:00 PM,3.54
10591,6/3/2025 11:39:00 PM,3.70
10591,6/3/2025 11:40:00 PM,3.58
10591,6/3/2025 11:41:00 PM,3.70
10591,6/3/2025 11:42:00 PM,3.60
10591,6/3/2025 11:43:00 PM,3.72
10591,6/3/2025 11:44:00 PM,3.79
10591,6/3/2025 11:45:00 PM,3.73
10591,6/3/2025 11:46:00 PM,3.69
10591,6/3/2025 11:47:00 PM,3.80
10591,6/3/2025 11:48:00 PM,3.68
10591,6/3/2025 11:49:00 PM,3.74
10591,6/3/2025 11:50:00 PM,3.66
10591,6/3/2025 11:51:00 PM,3.71
10591,6/3/2025 11:52:00 PM,3.80
10591,6/3/2025 11:53:00 PM,3.69
10591,6/3/2025 11:54:00 PM,3.62
10591,6/3/2025 11:55:00 PM,3.76
10591,6/3/2025 11:56:00 PM,3.70
10591,6/3/2025 11:57:00 PM,3.87
10591,6/3/2025 11:58:00 PM,3.80
10591,6/3/2025 11:59:00 PM,3.60
