MagnetometerDeviceID,SampleDateTime,GeoBfieldMeasureNorth,GeoBfieldMeasureEast,GeoBfieldMeasureVertical
50112,3/23/2023 12:00:00 AM,17517.00,4529.00,50799.00
50112,3/23/2023 12:01:00 AM,17516.00,4529.00,50799.00
50112,3/23/2023 12:02:00 AM,17517.00,4529.00,50799.00
50112,3/23/2023 12:03:00 AM,17517.00,4529.00,50799.00
50112,3/23/2023 12:04:00 AM,17517.00,4529.00,50800.00
50112,3/23/2023 12:05:00 AM,17518.00,4529.00,50800.00
50112,3/23/2023 12:06:00 AM,17518.00,4529.00,50800.00
50112,3/23/2023 12:07:00 AM,17518.00,4529.00,50800.00
50112,3/23/2023 12:08:00 AM,17518.00,4530.00,50800.00
50112,3/23/2023 12:09:00 AM,17518.00,4530.00,50800.00
50112,3/23/2023 12:10:00 AM,17518.00,4530.00,50800.00
50112,3/23/2023 12:11:00 AM,17518.00,4530.00,50800.00
50112,3/23/2023 12:12:00 AM,17518.00,4530.00,50800.00
50112,3/23/2023 12:13:00 AM,17518.00,4530.00,50800.00
50112,3/23/2023 12:14:00 AM,17519.00,4530.00,50800.00
50112,3/23/2023 12:15:00 AM,17519.00,4531.00,50800.00
50112,3/23/2023 12:16:00 AM,17519.00,4530.00,50800.00
50112,3/23/2023 12:17:00 AM,17519.00,4531.00,50800.00
50112,3/23/2023 12:18:00 AM,17519.00,4531.00,50800.00
50112,3/23/2023 12:19:00 AM,17519.00,4531.00,50800.00
50112,3/23/2023 12:20:00 AM,17519.00,4531.00,50800.00
50112,3/23/2023 12:21:00 AM,17519.00,4531.00,50800.00
50112,3/23/2023 12:22:00 AM,17519.00,4531.00,50800.00
50112,3/23/2023 12:23:00 AM,17519.00,4531.00,50800.00
50112,3/23/2023 12:24:00 AM,17519.00,4531.00,50800.00
50112,3/23/2023 12:25:00 AM,17519.00,4531.00,50800.00
50112,3/23/2023 12:26:00 AM,17518.00,4532.00,50800.00
50112,3/23/2023 12:27:00 AM,17518.00,4531.00,50800.00
50112,3/23/2023 12:28:00 AM,17519.00,4532.00,50800.00
50112,3/23/2023 12:29:00 AM,17519.00,4532.00,50800.00
50112,3/23/2023 12:30:00 AM,17520.00,4532.00,50800.00
50112,3/23/2023 12:31:00 AM,17519.00,4532.00,50800.00
50112,3/23/2023 12:32:00 AM,17519.00,4532.00,50800.00
50112,3/23/2023 12:33:00 AM,17518.00,4532.00,50800.00
50112,3/23/2023 12:34:00 AM,17518.00,4532.00,50800.00
50112,3/23/2023 12:35:00 AM,17519.00,4532.00,50800.00
50112,3/23/2023 12:36:00 AM,17519.00,4532.00,50800.00
50112,3/23/2023 12:37:00 AM,17520.00,4532.00,50800.00
50112,3/23/2023 12:38:00 AM,17520.00,4532.00,50800.00
50112,3/23/2023 12:39:00 AM,17521.00,4531.00,50800.00
50112,3/23/2023 12:40:00 AM,17520.00,4531.00,50800.00
50112,3/23/2023 12:41:00 AM,17520.00,4532.00,50800.00
50112,3/23/2023 12:42:00 AM,17520.00,4532.00,50800.00
50112,3/23/2023 12:43:00 AM,17520.00,4532.00,50800.00
50112,3/23/2023 12:44:00 AM,17520.00,4532.00,50800.00
50112,3/23/2023 12:45:00 AM,17520.00,4532.00,50800.00
50112,3/23/2023 12:46:00 AM,17520.00,4532.00,50800.00
50112,3/23/2023 12:47:00 AM,17520.00,4533.00,50801.00
50112,3/23/2023 12:48:00 AM,17520.00,4533.00,50801.00
50112,3/23/2023 12:49:00 AM,17520.00,4533.00,50801.00
50112,3/23/2023 12:50:00 AM,17520.00,4533.00,50801.00
50112,3/23/2023 12:51:00 AM,17520.00,4534.00,50801.00
50112,3/23/2023 12:52:00 AM,17519.00,4534.00,50801.00
50112,3/23/2023 12:53:00 AM,17519.00,4533.00,50801.00
50112,3/23/2023 12:54:00 AM,17519.00,4533.00,50801.00
50112,3/23/2023 12:55:00 AM,17519.00,4533.00,50801.00
50112,3/23/2023 12:56:00 AM,17519.00,4534.00,50801.00
50112,3/23/2023 12:57:00 AM,17519.00,4534.00,50801.00
50112,3/23/2023 12:58:00 AM,17519.00,4534.00,50801.00
50112,3/23/2023 12:59:00 AM,17518.00,4534.00,50801.00
50112,3/23/2023 1:00:00 AM,17518.00,4534.00,50801.00
50112,3/23/2023 1:01:00 AM,17518.00,4534.00,50801.00
50112,3/23/2023 1:02:00 AM,17519.00,4534.00,50801.00
50112,3/23/2023 1:03:00 AM,17519.00,4534.00,50801.00
50112,3/23/2023 1:04:00 AM,17519.00,4534.00,50801.00
50112,3/23/2023 1:05:00 AM,17519.00,4534.00,50801.00
50112,3/23/2023 1:06:00 AM,17519.00,4534.00,50801.00
50112,3/23/2023 1:07:00 AM,17518.00,4534.00,50801.00
50112,3/23/2023 1:08:00 AM,17519.00,4534.00,50801.00
50112,3/23/2023 1:09:00 AM,17519.00,4534.00,50801.00
50112,3/23/2023 1:10:00 AM,17518.00,4534.00,50801.00
50112,3/23/2023 1:11:00 AM,17518.00,4534.00,50801.00
50112,3/23/2023 1:12:00 AM,17518.00,4534.00,50801.00
50112,3/23/2023 1:13:00 AM,17518.00,4534.00,50801.00
50112,3/23/2023 1:14:00 AM,17517.00,4534.00,50801.00
50112,3/23/2023 1:15:00 AM,17518.00,4534.00,50801.00
50112,3/23/2023 1:16:00 AM,17518.00,4534.00,50801.00
50112,3/23/2023 1:17:00 AM,17519.00,4534.00,50801.00
50112,3/23/2023 1:18:00 AM,17519.00,4535.00,50801.00
50112,3/23/2023 1:19:00 AM,17518.00,4535.00,50801.00
50112,3/23/2023 1:20:00 AM,17517.00,4535.00,50801.00
50112,3/23/2023 1:21:00 AM,17518.00,4535.00,50801.00
50112,3/23/2023 1:22:00 AM,17519.00,4535.00,50801.00
50112,3/23/2023 1:23:00 AM,17518.00,4535.00,50801.00
50112,3/23/2023 1:24:00 AM,17519.00,4535.00,50801.00
50112,3/23/2023 1:25:00 AM,17520.00,4535.00,50801.00
50112,3/23/2023 1:26:00 AM,17521.00,4535.00,50801.00
50112,3/23/2023 1:27:00 AM,17522.00,4535.00,50801.00
50112,3/23/2023 1:28:00 AM,17522.00,4535.00,50801.00
50112,3/23/2023 1:29:00 AM,17523.00,4535.00,50801.00
50112,3/23/2023 1:30:00 AM,17524.00,4536.00,50801.00
50112,3/23/2023 1:31:00 AM,17524.00,4536.00,50802.00
50112,3/23/2023 1:32:00 AM,17525.00,4536.00,50802.00
50112,3/23/2023 1:33:00 AM,17525.00,4537.00,50802.00
50112,3/23/2023 1:34:00 AM,17525.00,4537.00,50802.00
50112,3/23/2023 1:35:00 AM,17524.00,4538.00,50802.00
50112,3/23/2023 1:36:00 AM,17524.00,4538.00,50802.00
50112,3/23/2023 1:37:00 AM,17523.00,4537.00,50802.00
50112,3/23/2023 1:38:00 AM,17522.00,4537.00,50802.00
50112,3/23/2023 1:39:00 AM,17522.00,4537.00,50802.00
50112,3/23/2023 1:40:00 AM,17522.00,4536.00,50802.00
50112,3/23/2023 1:41:00 AM,17521.00,4536.00,50802.00
50112,3/23/2023 1:42:00 AM,17521.00,4536.00,50802.00
50112,3/23/2023 1:43:00 AM,17520.00,4536.00,50802.00
50112,3/23/2023 1:44:00 AM,17519.00,4536.00,50802.00
50112,3/23/2023 1:45:00 AM,17519.00,4535.00,50802.00
50112,3/23/2023 1:46:00 AM,17519.00,4535.00,50802.00
50112,3/23/2023 1:47:00 AM,17519.00,4535.00,50802.00
50112,3/23/2023 1:48:00 AM,17518.00,4535.00,50802.00
50112,3/23/2023 1:49:00 AM,17518.00,4535.00,50802.00
50112,3/23/2023 1:50:00 AM,17518.00,4534.00,50801.00
50112,3/23/2023 1:51:00 AM,17518.00,4534.00,50802.00
50112,3/23/2023 1:52:00 AM,17518.00,4534.00,50802.00
50112,3/23/2023 1:53:00 AM,17518.00,4534.00,50801.00
50112,3/23/2023 1:54:00 AM,17518.00,4534.00,50801.00
50112,3/23/2023 1:55:00 AM,17518.00,4534.00,50801.00
50112,3/23/2023 1:56:00 AM,17518.00,4534.00,50801.00
50112,3/23/2023 1:57:00 AM,17518.00,4534.00,50801.00
50112,3/23/2023 1:58:00 AM,17518.00,4534.00,50801.00
50112,3/23/2023 1:59:00 AM,17518.00,4534.00,50801.00
50112,3/23/2023 2:00:00 AM,17518.00,4534.00,50801.00
50112,3/23/2023 2:01:00 AM,17519.00,4534.00,50801.00
50112,3/23/2023 2:02:00 AM,17519.00,4534.00,50801.00
50112,3/23/2023 2:03:00 AM,17519.00,4534.00,50801.00
50112,3/23/2023 2:04:00 AM,17519.00,4534.00,50801.00
50112,3/23/2023 2:05:00 AM,17519.00,4534.00,50801.00
50112,3/23/2023 2:06:00 AM,17519.00,4535.00,50801.00
50112,3/23/2023 2:07:00 AM,17519.00,4535.00,50801.00
50112,3/23/2023 2:08:00 AM,17520.00,4535.00,50802.00
50112,3/23/2023 2:09:00 AM,17520.00,4535.00,50802.00
50112,3/23/2023 2:10:00 AM,17520.00,4535.00,50802.00
50112,3/23/2023 2:11:00 AM,17520.00,4535.00,50802.00
50112,3/23/2023 2:12:00 AM,17520.00,4536.00,50802.00
50112,3/23/2023 2:13:00 AM,17520.00,4535.00,50802.00
50112,3/23/2023 2:14:00 AM,17520.00,4535.00,50802.00
50112,3/23/2023 2:15:00 AM,17520.00,4535.00,50802.00
50112,3/23/2023 2:16:00 AM,17521.00,4535.00,50802.00
50112,3/23/2023 2:17:00 AM,17521.00,4536.00,50802.00
50112,3/23/2023 2:18:00 AM,17521.00,4536.00,50802.00
50112,3/23/2023 2:19:00 AM,17521.00,4536.00,50802.00
50112,3/23/2023 2:20:00 AM,17521.00,4536.00,50802.00
50112,3/23/2023 2:21:00 AM,17521.00,4536.00,50802.00
50112,3/23/2023 2:22:00 AM,17521.00,4536.00,50802.00
50112,3/23/2023 2:23:00 AM,17522.00,4536.00,50802.00
50112,3/23/2023 2:24:00 AM,17522.00,4537.00,50802.00
50112,3/23/2023 2:25:00 AM,17522.00,4537.00,50802.00
50112,3/23/2023 2:26:00 AM,17522.00,4537.00,50802.00
50112,3/23/2023 2:27:00 AM,17522.00,4537.00,50802.00
50112,3/23/2023 2:28:00 AM,17521.00,4536.00,50802.00
50112,3/23/2023 2:29:00 AM,17521.00,4536.00,50802.00
50112,3/23/2023 2:30:00 AM,17521.00,4536.00,50802.00
50112,3/23/2023 2:31:00 AM,17520.00,4536.00,50802.00
50112,3/23/2023 2:32:00 AM,17520.00,4536.00,50802.00
50112,3/23/2023 2:33:00 AM,17520.00,4536.00,50802.00
50112,3/23/2023 2:34:00 AM,17520.00,4536.00,50802.00
50112,3/23/2023 2:35:00 AM,17520.00,4536.00,50802.00
50112,3/23/2023 2:36:00 AM,17520.00,4535.00,50802.00
50112,3/23/2023 2:37:00 AM,17520.00,4536.00,50802.00
50112,3/23/2023 2:38:00 AM,17520.00,4536.00,50802.00
50112,3/23/2023 2:39:00 AM,17520.00,4536.00,50802.00
50112,3/23/2023 2:40:00 AM,17520.00,4536.00,50802.00
50112,3/23/2023 2:41:00 AM,17520.00,4537.00,50802.00
50112,3/23/2023 2:42:00 AM,17521.00,4537.00,50802.00
50112,3/23/2023 2:43:00 AM,17521.00,4537.00,50802.00
50112,3/23/2023 2:44:00 AM,17522.00,4537.00,50802.00
50112,3/23/2023 2:45:00 AM,17522.00,4538.00,50802.00
50112,3/23/2023 2:46:00 AM,17522.00,4538.00,50802.00
50112,3/23/2023 2:47:00 AM,17521.00,4538.00,50802.00
50112,3/23/2023 2:48:00 AM,17521.00,4538.00,50802.00
50112,3/23/2023 2:49:00 AM,17521.00,4539.00,50802.00
50112,3/23/2023 2:50:00 AM,17521.00,4539.00,50802.00
50112,3/23/2023 2:51:00 AM,17521.00,4539.00,50802.00
50112,3/23/2023 2:52:00 AM,17521.00,4539.00,50802.00
50112,3/23/2023 2:53:00 AM,17521.00,4539.00,50802.00
50112,3/23/2023 2:54:00 AM,17521.00,4538.00,50802.00
50112,3/23/2023 2:55:00 AM,17521.00,4539.00,50802.00
50112,3/23/2023 2:56:00 AM,17521.00,4538.00,50802.00
50112,3/23/2023 2:57:00 AM,17520.00,4538.00,50802.00
50112,3/23/2023 2:58:00 AM,17521.00,4538.00,50802.00
50112,3/23/2023 2:59:00 AM,17521.00,4538.00,50802.00
50112,3/23/2023 3:00:00 AM,17521.00,4538.00,50802.00
50112,3/23/2023 3:01:00 AM,17522.00,4538.00,50802.00
50112,3/23/2023 3:02:00 AM,17522.00,4538.00,50802.00
50112,3/23/2023 3:03:00 AM,17522.00,4538.00,50802.00
50112,3/23/2023 3:04:00 AM,17521.00,4538.00,50802.00
50112,3/23/2023 3:05:00 AM,17521.00,4538.00,50802.00
50112,3/23/2023 3:06:00 AM,17521.00,4538.00,50802.00
50112,3/23/2023 3:07:00 AM,17521.00,4538.00,50802.00
50112,3/23/2023 3:08:00 AM,17522.00,4537.00,50802.00
50112,3/23/2023 3:09:00 AM,17522.00,4538.00,50802.00
50112,3/23/2023 3:10:00 AM,17522.00,4538.00,50802.00
50112,3/23/2023 3:11:00 AM,17522.00,4538.00,50802.00
50112,3/23/2023 3:12:00 AM,17522.00,4538.00,50802.00
50112,3/23/2023 3:13:00 AM,17522.00,4539.00,50802.00
50112,3/23/2023 3:14:00 AM,17522.00,4539.00,50802.00
50112,3/23/2023 3:15:00 AM,17522.00,4538.00,50803.00
50112,3/23/2023 3:16:00 AM,17522.00,4538.00,50802.00
50112,3/23/2023 3:17:00 AM,17522.00,4539.00,50803.00
50112,3/23/2023 3:18:00 AM,17522.00,4538.00,50803.00
50112,3/23/2023 3:19:00 AM,17522.00,4539.00,50803.00
50112,3/23/2023 3:20:00 AM,17523.00,4539.00,50803.00
50112,3/23/2023 3:21:00 AM,17523.00,4539.00,50803.00
50112,3/23/2023 3:22:00 AM,17523.00,4539.00,50803.00
50112,3/23/2023 3:23:00 AM,17522.00,4539.00,50803.00
50112,3/23/2023 3:24:00 AM,17522.00,4539.00,50803.00
50112,3/23/2023 3:25:00 AM,17522.00,4539.00,50803.00
50112,3/23/2023 3:26:00 AM,17521.00,4539.00,50803.00
50112,3/23/2023 3:27:00 AM,17521.00,4539.00,50803.00
50112,3/23/2023 3:28:00 AM,17521.00,4539.00,50803.00
50112,3/23/2023 3:29:00 AM,17521.00,4539.00,50803.00
50112,3/23/2023 3:30:00 AM,17521.00,4539.00,50803.00
50112,3/23/2023 3:31:00 AM,17521.00,4539.00,50803.00
50112,3/23/2023 3:32:00 AM,17521.00,4539.00,50803.00
50112,3/23/2023 3:33:00 AM,17522.00,4539.00,50803.00
50112,3/23/2023 3:34:00 AM,17521.00,4539.00,50803.00
50112,3/23/2023 3:35:00 AM,17521.00,4539.00,50803.00
50112,3/23/2023 3:36:00 AM,17521.00,4539.00,50803.00
50112,3/23/2023 3:37:00 AM,17521.00,4539.00,50803.00
50112,3/23/2023 3:38:00 AM,17521.00,4539.00,50803.00
50112,3/23/2023 3:39:00 AM,17521.00,4540.00,50803.00
50112,3/23/2023 3:40:00 AM,17521.00,4539.00,50803.00
50112,3/23/2023 3:41:00 AM,17521.00,4539.00,50803.00
50112,3/23/2023 3:42:00 AM,17520.00,4539.00,50803.00
50112,3/23/2023 3:43:00 AM,17520.00,4539.00,50803.00
50112,3/23/2023 3:44:00 AM,17520.00,4539.00,50803.00
50112,3/23/2023 3:45:00 AM,17520.00,4539.00,50803.00
50112,3/23/2023 3:46:00 AM,17521.00,4539.00,50803.00
50112,3/23/2023 3:47:00 AM,17521.00,4538.00,50803.00
50112,3/23/2023 3:48:00 AM,17521.00,4539.00,50803.00
50112,3/23/2023 3:49:00 AM,17520.00,4539.00,50803.00
50112,3/23/2023 3:50:00 AM,17520.00,4539.00,50803.00
50112,3/23/2023 3:51:00 AM,17520.00,4539.00,50803.00
50112,3/23/2023 3:52:00 AM,17519.00,4539.00,50803.00
50112,3/23/2023 3:53:00 AM,17519.00,4539.00,50803.00
50112,3/23/2023 3:54:00 AM,17519.00,4539.00,50803.00
50112,3/23/2023 3:55:00 AM,17518.00,4539.00,50803.00
50112,3/23/2023 3:56:00 AM,17518.00,4538.00,50803.00
50112,3/23/2023 3:57:00 AM,17519.00,4538.00,50803.00
50112,3/23/2023 3:58:00 AM,17518.00,4538.00,50803.00
50112,3/23/2023 3:59:00 AM,17519.00,4538.00,50803.00
50112,3/23/2023 4:00:00 AM,17519.00,4538.00,50803.00
50112,3/23/2023 4:01:00 AM,17519.00,4538.00,50803.00
50112,3/23/2023 4:02:00 AM,17519.00,4538.00,50803.00
50112,3/23/2023 4:03:00 AM,17519.00,4538.00,50803.00
50112,3/23/2023 4:04:00 AM,17519.00,4538.00,50803.00
50112,3/23/2023 4:05:00 AM,17519.00,4537.00,50803.00
50112,3/23/2023 4:06:00 AM,17519.00,4537.00,50803.00
50112,3/23/2023 4:07:00 AM,17518.00,4537.00,50803.00
50112,3/23/2023 4:08:00 AM,17517.00,4537.00,50803.00
50112,3/23/2023 4:09:00 AM,17517.00,4537.00,50803.00
50112,3/23/2023 4:10:00 AM,17517.00,4537.00,50803.00
50112,3/23/2023 4:11:00 AM,17516.00,4537.00,50803.00
50112,3/23/2023 4:12:00 AM,17516.00,4537.00,50803.00
50112,3/23/2023 4:13:00 AM,17516.00,4537.00,50803.00
50112,3/23/2023 4:14:00 AM,17516.00,4536.00,50803.00
50112,3/23/2023 4:15:00 AM,17516.00,4536.00,50803.00
50112,3/23/2023 4:16:00 AM,17516.00,4536.00,50803.00
50112,3/23/2023 4:17:00 AM,17516.00,4536.00,50803.00
50112,3/23/2023 4:18:00 AM,17516.00,4536.00,50803.00
50112,3/23/2023 4:19:00 AM,17516.00,4536.00,50803.00
50112,3/23/2023 4:20:00 AM,17516.00,4536.00,50803.00
50112,3/23/2023 4:21:00 AM,17516.00,4536.00,50803.00
50112,3/23/2023 4:22:00 AM,17515.00,4536.00,50803.00
50112,3/23/2023 4:23:00 AM,17515.00,4536.00,50803.00
50112,3/23/2023 4:24:00 AM,17516.00,4536.00,50803.00
50112,3/23/2023 4:25:00 AM,17516.00,4535.00,50803.00
50112,3/23/2023 4:26:00 AM,17517.00,4535.00,50803.00
50112,3/23/2023 4:27:00 AM,17517.00,4535.00,50803.00
50112,3/23/2023 4:28:00 AM,17517.00,4535.00,50803.00
50112,3/23/2023 4:29:00 AM,17518.00,4535.00,50803.00
50112,3/23/2023 4:30:00 AM,17518.00,4535.00,50803.00
50112,3/23/2023 4:31:00 AM,17517.00,4536.00,50803.00
50112,3/23/2023 4:32:00 AM,17517.00,4536.00,50803.00
50112,3/23/2023 4:33:00 AM,17517.00,4535.00,50803.00
50112,3/23/2023 4:34:00 AM,17517.00,4536.00,50803.00
50112,3/23/2023 4:35:00 AM,17517.00,4536.00,50803.00
50112,3/23/2023 4:36:00 AM,17517.00,4536.00,50803.00
50112,3/23/2023 4:37:00 AM,17517.00,4536.00,50803.00
50112,3/23/2023 4:38:00 AM,17517.00,4536.00,50803.00
50112,3/23/2023 4:39:00 AM,17517.00,4536.00,50803.00
50112,3/23/2023 4:40:00 AM,17516.00,4536.00,50803.00
50112,3/23/2023 4:41:00 AM,17516.00,4536.00,50803.00
50112,3/23/2023 4:42:00 AM,17516.00,4536.00,50803.00
50112,3/23/2023 4:43:00 AM,17517.00,4535.00,50803.00
50112,3/23/2023 4:44:00 AM,17517.00,4535.00,50803.00
50112,3/23/2023 4:45:00 AM,17517.00,4535.00,50803.00
50112,3/23/2023 4:46:00 AM,17517.00,4535.00,50803.00
50112,3/23/2023 4:47:00 AM,17518.00,4535.00,50803.00
50112,3/23/2023 4:48:00 AM,17518.00,4535.00,50803.00
50112,3/23/2023 4:49:00 AM,17518.00,4535.00,50803.00
50112,3/23/2023 4:50:00 AM,17518.00,4535.00,50803.00
50112,3/23/2023 4:51:00 AM,17518.00,4536.00,50803.00
50112,3/23/2023 4:52:00 AM,17518.00,4536.00,50803.00
50112,3/23/2023 4:53:00 AM,17518.00,4536.00,50803.00
50112,3/23/2023 4:54:00 AM,17518.00,4536.00,50803.00
50112,3/23/2023 4:55:00 AM,17518.00,4536.00,50803.00
50112,3/23/2023 4:56:00 AM,17519.00,4536.00,50803.00
50112,3/23/2023 4:57:00 AM,17519.00,4536.00,50803.00
50112,3/23/2023 4:58:00 AM,17519.00,4536.00,50803.00
50112,3/23/2023 4:59:00 AM,17519.00,4535.00,50803.00
50112,3/23/2023 5:00:00 AM,17519.00,4535.00,50803.00
50112,3/23/2023 5:01:00 AM,17520.00,4537.00,50803.00
50112,3/23/2023 5:02:00 AM,17520.00,4537.00,50803.00
50112,3/23/2023 5:03:00 AM,17519.00,4538.00,50803.00
50112,3/23/2023 5:04:00 AM,17521.00,4539.00,50803.00
50112,3/23/2023 5:05:00 AM,17520.00,4541.00,50803.00
50112,3/23/2023 5:06:00 AM,17520.00,4543.00,50803.00
50112,3/23/2023 5:07:00 AM,17521.00,4543.00,50803.00
50112,3/23/2023 5:08:00 AM,17521.00,4543.00,50803.00
50112,3/23/2023 5:09:00 AM,17521.00,4543.00,50803.00
50112,3/23/2023 5:10:00 AM,17521.00,4543.00,50803.00
50112,3/23/2023 5:11:00 AM,17521.00,4542.00,50803.00
50112,3/23/2023 5:12:00 AM,17522.00,4543.00,50803.00
50112,3/23/2023 5:13:00 AM,17521.00,4542.00,50803.00
50112,3/23/2023 5:14:00 AM,17520.00,4542.00,50803.00
50112,3/23/2023 5:15:00 AM,17521.00,4542.00,50803.00
50112,3/23/2023 5:16:00 AM,17521.00,4543.00,50803.00
50112,3/23/2023 5:17:00 AM,17520.00,4542.00,50803.00
50112,3/23/2023 5:18:00 AM,17520.00,4544.00,50803.00
50112,3/23/2023 5:19:00 AM,17520.00,4544.00,50803.00
50112,3/23/2023 5:20:00 AM,17520.00,4544.00,50803.00
50112,3/23/2023 5:21:00 AM,17519.00,4544.00,50803.00
50112,3/23/2023 5:22:00 AM,17519.00,4544.00,50803.00
50112,3/23/2023 5:23:00 AM,17518.00,4545.00,50803.00
50112,3/23/2023 5:24:00 AM,17519.00,4546.00,50803.00
50112,3/23/2023 5:25:00 AM,17519.00,4546.00,50803.00
50112,3/23/2023 5:26:00 AM,17519.00,4547.00,50803.00
50112,3/23/2023 5:27:00 AM,17519.00,4547.00,50803.00
50112,3/23/2023 5:28:00 AM,17519.00,4546.00,50803.00
50112,3/23/2023 5:29:00 AM,17519.00,4546.00,50803.00
50112,3/23/2023 5:30:00 AM,17519.00,4546.00,50803.00
50112,3/23/2023 5:31:00 AM,17519.00,4545.00,50803.00
50112,3/23/2023 5:32:00 AM,17519.00,4544.00,50803.00
50112,3/23/2023 5:33:00 AM,17518.00,4544.00,50803.00
50112,3/23/2023 5:34:00 AM,17517.00,4544.00,50803.00
50112,3/23/2023 5:35:00 AM,17516.00,4544.00,50803.00
50112,3/23/2023 5:36:00 AM,17516.00,4544.00,50803.00
50112,3/23/2023 5:37:00 AM,17517.00,4544.00,50803.00
50112,3/23/2023 5:38:00 AM,17517.00,4543.00,50803.00
50112,3/23/2023 5:39:00 AM,17516.00,4543.00,50803.00
50112,3/23/2023 5:40:00 AM,17516.00,4543.00,50803.00
50112,3/23/2023 5:41:00 AM,17516.00,4543.00,50803.00
50112,3/23/2023 5:42:00 AM,17516.00,4543.00,50803.00
50112,3/23/2023 5:43:00 AM,17516.00,4543.00,50803.00
50112,3/23/2023 5:44:00 AM,17515.00,4543.00,50803.00
50112,3/23/2023 5:45:00 AM,17514.00,4543.00,50803.00
50112,3/23/2023 5:46:00 AM,17515.00,4542.00,50804.00
50112,3/23/2023 5:47:00 AM,17516.00,4542.00,50804.00
50112,3/23/2023 5:48:00 AM,17517.00,4541.00,50804.00
50112,3/23/2023 5:49:00 AM,17518.00,4541.00,50804.00
50112,3/23/2023 5:50:00 AM,17518.00,4540.00,50804.00
50112,3/23/2023 5:51:00 AM,17518.00,4540.00,50804.00
50112,3/23/2023 5:52:00 AM,17518.00,4540.00,50804.00
50112,3/23/2023 5:53:00 AM,17517.00,4540.00,50804.00
50112,3/23/2023 5:54:00 AM,17517.00,4540.00,50804.00
50112,3/23/2023 5:55:00 AM,17517.00,4540.00,50804.00
50112,3/23/2023 5:56:00 AM,17517.00,4540.00,50804.00
50112,3/23/2023 5:57:00 AM,17517.00,4539.00,50804.00
50112,3/23/2023 5:58:00 AM,17518.00,4539.00,50804.00
50112,3/23/2023 5:59:00 AM,17519.00,4539.00,50804.00
50112,3/23/2023 6:00:00 AM,17519.00,4538.00,50804.00
50112,3/23/2023 6:01:00 AM,17520.00,4538.00,50804.00
50112,3/23/2023 6:02:00 AM,17520.00,4538.00,50804.00
50112,3/23/2023 6:03:00 AM,17520.00,4538.00,50804.00
50112,3/23/2023 6:04:00 AM,17519.00,4538.00,50804.00
50112,3/23/2023 6:05:00 AM,17519.00,4538.00,50804.00
50112,3/23/2023 6:06:00 AM,17519.00,4539.00,50804.00
50112,3/23/2023 6:07:00 AM,17519.00,4539.00,50804.00
50112,3/23/2023 6:08:00 AM,17519.00,4539.00,50804.00
50112,3/23/2023 6:09:00 AM,17520.00,4538.00,50804.00
50112,3/23/2023 6:10:00 AM,17520.00,4538.00,50804.00
50112,3/23/2023 6:11:00 AM,17521.00,4538.00,50804.00
50112,3/23/2023 6:12:00 AM,17521.00,4538.00,50804.00
50112,3/23/2023 6:13:00 AM,17522.00,4538.00,50804.00
50112,3/23/2023 6:14:00 AM,17523.00,4538.00,50804.00
50112,3/23/2023 6:15:00 AM,17524.00,4538.00,50804.00
50112,3/23/2023 6:16:00 AM,17525.00,4538.00,50804.00
50112,3/23/2023 6:17:00 AM,17525.00,4538.00,50804.00
50112,3/23/2023 6:18:00 AM,17524.00,4538.00,50804.00
50112,3/23/2023 6:19:00 AM,17524.00,4538.00,50804.00
50112,3/23/2023 6:20:00 AM,17524.00,4538.00,50804.00
50112,3/23/2023 6:21:00 AM,17524.00,4538.00,50804.00
50112,3/23/2023 6:22:00 AM,17524.00,4538.00,50804.00
50112,3/23/2023 6:23:00 AM,17522.00,4538.00,50804.00
50112,3/23/2023 6:24:00 AM,17522.00,4538.00,50804.00
50112,3/23/2023 6:25:00 AM,17522.00,4537.00,50804.00
50112,3/23/2023 6:26:00 AM,17522.00,4538.00,50804.00
50112,3/23/2023 6:27:00 AM,17523.00,4537.00,50804.00
50112,3/23/2023 6:28:00 AM,17523.00,4538.00,50804.00
50112,3/23/2023 6:29:00 AM,17524.00,4538.00,50804.00
50112,3/23/2023 6:30:00 AM,17525.00,4538.00,50804.00
50112,3/23/2023 6:31:00 AM,17526.00,4539.00,50804.00
50112,3/23/2023 6:32:00 AM,17526.00,4539.00,50804.00
50112,3/23/2023 6:33:00 AM,17526.00,4539.00,50804.00
50112,3/23/2023 6:34:00 AM,17526.00,4539.00,50804.00
50112,3/23/2023 6:35:00 AM,17525.00,4539.00,50804.00
50112,3/23/2023 6:36:00 AM,17525.00,4539.00,50804.00
50112,3/23/2023 6:37:00 AM,17524.00,4539.00,50804.00
50112,3/23/2023 6:38:00 AM,17524.00,4540.00,50804.00
50112,3/23/2023 6:39:00 AM,17522.00,4540.00,50804.00
50112,3/23/2023 6:40:00 AM,17521.00,4541.00,50804.00
50112,3/23/2023 6:41:00 AM,17521.00,4541.00,50804.00
50112,3/23/2023 6:42:00 AM,17522.00,4541.00,50804.00
50112,3/23/2023 6:43:00 AM,17522.00,4541.00,50804.00
50112,3/23/2023 6:44:00 AM,17523.00,4541.00,50804.00
50112,3/23/2023 6:45:00 AM,17523.00,4541.00,50804.00
50112,3/23/2023 6:46:00 AM,17523.00,4541.00,50804.00
50112,3/23/2023 6:47:00 AM,17522.00,4540.00,50804.00
50112,3/23/2023 6:48:00 AM,17522.00,4540.00,50804.00
50112,3/23/2023 6:49:00 AM,17522.00,4539.00,50804.00
50112,3/23/2023 6:50:00 AM,17523.00,4538.00,50804.00
50112,3/23/2023 6:51:00 AM,17524.00,4538.00,50804.00
50112,3/23/2023 6:52:00 AM,17523.00,4538.00,50804.00
50112,3/23/2023 6:53:00 AM,17524.00,4537.00,50804.00
50112,3/23/2023 6:54:00 AM,17524.00,4537.00,50804.00
50112,3/23/2023 6:55:00 AM,17525.00,4537.00,50804.00
50112,3/23/2023 6:56:00 AM,17524.00,4537.00,50804.00
50112,3/23/2023 6:57:00 AM,17523.00,4538.00,50804.00
50112,3/23/2023 6:58:00 AM,17522.00,4539.00,50804.00
50112,3/23/2023 6:59:00 AM,17521.00,4539.00,50804.00
50112,3/23/2023 7:00:00 AM,17521.00,4539.00,50804.00
50112,3/23/2023 7:01:00 AM,17522.00,4539.00,50804.00
50112,3/23/2023 7:02:00 AM,17522.00,4539.00,50804.00
50112,3/23/2023 7:03:00 AM,17524.00,4540.00,50804.00
50112,3/23/2023 7:04:00 AM,17524.00,4539.00,50804.00
50112,3/23/2023 7:05:00 AM,17525.00,4540.00,50804.00
50112,3/23/2023 7:06:00 AM,17525.00,4540.00,50804.00
50112,3/23/2023 7:07:00 AM,17526.00,4540.00,50804.00
50112,3/23/2023 7:08:00 AM,17526.00,4540.00,50804.00
50112,3/23/2023 7:09:00 AM,17527.00,4540.00,50804.00
50112,3/23/2023 7:10:00 AM,17526.00,4541.00,50804.00
50112,3/23/2023 7:11:00 AM,17527.00,4541.00,50804.00
50112,3/23/2023 7:12:00 AM,17527.00,4541.00,50804.00
50112,3/23/2023 7:13:00 AM,17528.00,4541.00,50804.00
50112,3/23/2023 7:14:00 AM,17527.00,4540.00,50804.00
50112,3/23/2023 7:15:00 AM,17527.00,4541.00,50804.00
50112,3/23/2023 7:16:00 AM,17525.00,4542.00,50804.00
50112,3/23/2023 7:17:00 AM,17524.00,4542.00,50804.00
50112,3/23/2023 7:18:00 AM,17524.00,4542.00,50804.00
50112,3/23/2023 7:19:00 AM,17525.00,4541.00,50804.00
50112,3/23/2023 7:20:00 AM,17526.00,4541.00,50804.00
50112,3/23/2023 7:21:00 AM,17527.00,4540.00,50804.00
50112,3/23/2023 7:22:00 AM,17527.00,4540.00,50803.00
50112,3/23/2023 7:23:00 AM,17528.00,4540.00,50803.00
50112,3/23/2023 7:24:00 AM,17529.00,4540.00,50803.00
50112,3/23/2023 7:25:00 AM,17530.00,4540.00,50803.00
50112,3/23/2023 7:26:00 AM,17531.00,4540.00,50803.00
50112,3/23/2023 7:27:00 AM,17531.00,4540.00,50803.00
50112,3/23/2023 7:28:00 AM,17531.00,4541.00,50803.00
50112,3/23/2023 7:29:00 AM,17530.00,4540.00,50803.00
50112,3/23/2023 7:30:00 AM,17529.00,4540.00,50803.00
50112,3/23/2023 7:31:00 AM,17527.00,4539.00,50803.00
50112,3/23/2023 7:32:00 AM,17526.00,4540.00,50803.00
50112,3/23/2023 7:33:00 AM,17526.00,4540.00,50803.00
50112,3/23/2023 7:34:00 AM,17524.00,4540.00,50803.00
50112,3/23/2023 7:35:00 AM,17523.00,4540.00,50803.00
50112,3/23/2023 7:36:00 AM,17524.00,4540.00,50803.00
50112,3/23/2023 7:37:00 AM,17524.00,4539.00,50804.00
50112,3/23/2023 7:38:00 AM,17528.00,4537.00,50803.00
50112,3/23/2023 7:39:00 AM,17527.00,4536.00,50803.00
50112,3/23/2023 7:40:00 AM,17529.00,4533.00,50803.00
50112,3/23/2023 7:41:00 AM,17530.00,4535.00,50802.00
50112,3/23/2023 7:42:00 AM,17531.00,4535.00,50802.00
50112,3/23/2023 7:43:00 AM,17530.00,4537.00,50802.00
50112,3/23/2023 7:44:00 AM,17531.00,4537.00,50802.00
50112,3/23/2023 7:45:00 AM,17531.00,4538.00,50802.00
50112,3/23/2023 7:46:00 AM,17531.00,4538.00,50802.00
50112,3/23/2023 7:47:00 AM,17531.00,4539.00,50802.00
50112,3/23/2023 7:48:00 AM,17530.00,4539.00,50802.00
50112,3/23/2023 7:49:00 AM,17532.00,4536.00,50802.00
50112,3/23/2023 7:50:00 AM,17531.00,4534.00,50801.00
50112,3/23/2023 7:51:00 AM,17531.00,4532.00,50801.00
50112,3/23/2023 7:52:00 AM,17530.00,4531.00,50800.00
50112,3/23/2023 7:53:00 AM,17530.00,4528.00,50800.00
50112,3/23/2023 7:54:00 AM,17529.00,4530.00,50800.00
50112,3/23/2023 7:55:00 AM,17528.00,4526.00,50800.00
50112,3/23/2023 7:56:00 AM,17528.00,4527.00,50799.00
50112,3/23/2023 7:57:00 AM,17527.00,4526.00,50799.00
50112,3/23/2023 7:58:00 AM,17526.00,4526.00,50799.00
50112,3/23/2023 7:59:00 AM,17526.00,4525.00,50799.00
50112,3/23/2023 8:00:00 AM,17527.00,4529.00,50798.00
50112,3/23/2023 8:01:00 AM,17529.00,4522.00,50798.00
50112,3/23/2023 8:02:00 AM,17530.00,4521.00,50797.00
50112,3/23/2023 8:03:00 AM,17531.00,4519.00,50796.00
50112,3/23/2023 8:04:00 AM,17531.00,4516.00,50796.00
50112,3/23/2023 8:05:00 AM,17530.00,4516.00,50795.00
50112,3/23/2023 8:06:00 AM,17529.00,4514.00,50794.00
50112,3/23/2023 8:07:00 AM,17528.00,4515.00,50793.00
50112,3/23/2023 8:08:00 AM,17527.00,4515.00,50792.00
50112,3/23/2023 8:09:00 AM,17527.00,4514.00,50792.00
50112,3/23/2023 8:10:00 AM,17526.00,4515.00,50791.00
50112,3/23/2023 8:11:00 AM,17526.00,4515.00,50790.00
50112,3/23/2023 8:12:00 AM,17528.00,4513.00,50790.00
50112,3/23/2023 8:13:00 AM,17525.00,4511.00,50789.00
50112,3/23/2023 8:14:00 AM,17525.00,4509.00,50788.00
50112,3/23/2023 8:15:00 AM,17522.00,4509.00,50786.00
50112,3/23/2023 8:16:00 AM,17521.00,4508.00,50786.00
50112,3/23/2023 8:17:00 AM,17521.00,4507.00,50785.00
50112,3/23/2023 8:18:00 AM,17521.00,4507.00,50784.00
50112,3/23/2023 8:19:00 AM,17521.00,4505.00,50783.00
50112,3/23/2023 8:20:00 AM,17523.00,4504.00,50782.00
50112,3/23/2023 8:21:00 AM,17525.00,4504.00,50781.00
50112,3/23/2023 8:22:00 AM,17526.00,4503.00,50780.00
50112,3/23/2023 8:23:00 AM,17528.00,4504.00,50779.00
50112,3/23/2023 8:24:00 AM,17530.00,4503.00,50778.00
50112,3/23/2023 8:25:00 AM,17532.00,4501.00,50777.00
50112,3/23/2023 8:26:00 AM,17533.00,4503.00,50775.00
50112,3/23/2023 8:27:00 AM,17534.00,4501.00,50774.00
50112,3/23/2023 8:28:00 AM,17533.00,4500.00,50772.00
50112,3/23/2023 8:29:00 AM,17531.00,4497.00,50771.00
50112,3/23/2023 8:30:00 AM,17529.00,4495.00,50769.00
50112,3/23/2023 8:31:00 AM,17528.00,4495.00,50768.00
50112,3/23/2023 8:32:00 AM,17528.00,4494.00,50766.00
50112,3/23/2023 8:33:00 AM,17527.00,4494.00,50765.00
50112,3/23/2023 8:34:00 AM,17525.00,4492.00,50764.00
50112,3/23/2023 8:35:00 AM,17524.00,4494.00,50762.00
50112,3/23/2023 8:36:00 AM,17524.00,4494.00,50761.00
50112,3/23/2023 8:37:00 AM,17524.00,4494.00,50760.00
50112,3/23/2023 8:38:00 AM,17521.00,4495.00,50759.00
50112,3/23/2023 8:39:00 AM,17521.00,4494.00,50758.00
50112,3/23/2023 8:40:00 AM,17521.00,4495.00,50757.00
50112,3/23/2023 8:41:00 AM,17520.00,4494.00,50756.00
50112,3/23/2023 8:42:00 AM,17520.00,4495.00,50756.00
50112,3/23/2023 8:43:00 AM,17520.00,4494.00,50755.00
50112,3/23/2023 8:44:00 AM,17517.00,4495.00,50754.00
50112,3/23/2023 8:45:00 AM,17516.00,4496.00,50754.00
50112,3/23/2023 8:46:00 AM,17515.00,4496.00,50753.00
50112,3/23/2023 8:47:00 AM,17514.00,4498.00,50753.00
50112,3/23/2023 8:48:00 AM,17515.00,4497.00,50753.00
50112,3/23/2023 8:49:00 AM,17514.00,4499.00,50753.00
50112,3/23/2023 8:50:00 AM,17513.00,4501.00,50752.00
50112,3/23/2023 8:51:00 AM,17512.00,4502.00,50752.00
50112,3/23/2023 8:52:00 AM,17511.00,4502.00,50752.00
50112,3/23/2023 8:53:00 AM,17508.00,4504.00,50752.00
50112,3/23/2023 8:54:00 AM,17509.00,4500.00,50752.00
50112,3/23/2023 8:55:00 AM,17507.00,4503.00,50751.00
50112,3/23/2023 8:56:00 AM,17504.00,4502.00,50751.00
50112,3/23/2023 8:57:00 AM,17502.00,4503.00,50750.00
50112,3/23/2023 8:58:00 AM,17499.00,4505.00,50750.00
50112,3/23/2023 8:59:00 AM,17498.00,4505.00,50750.00
50112,3/23/2023 9:00:00 AM,17498.00,4507.00,50750.00
50112,3/23/2023 9:01:00 AM,17500.00,4507.00,50750.00
50112,3/23/2023 9:02:00 AM,17500.00,4507.00,50750.00
50112,3/23/2023 9:03:00 AM,17498.00,4507.00,50750.00
50112,3/23/2023 9:04:00 AM,17495.00,4509.00,50749.00
50112,3/23/2023 9:05:00 AM,17495.00,4511.00,50750.00
50112,3/23/2023 9:06:00 AM,17495.00,4512.00,50750.00
50112,3/23/2023 9:07:00 AM,17493.00,4513.00,50750.00
50112,3/23/2023 9:08:00 AM,17490.00,4515.00,50750.00
50112,3/23/2023 9:09:00 AM,17490.00,4518.00,50750.00
50112,3/23/2023 9:10:00 AM,17490.00,4522.00,50750.00
50112,3/23/2023 9:11:00 AM,17492.00,4524.00,50751.00
50112,3/23/2023 9:12:00 AM,17491.00,4528.00,50751.00
50112,3/23/2023 9:13:00 AM,17488.00,4532.00,50750.00
50112,3/23/2023 9:14:00 AM,17489.00,4536.00,50751.00
50112,3/23/2023 9:15:00 AM,17492.00,4541.00,50751.00
50112,3/23/2023 9:16:00 AM,17499.00,4547.00,50753.00
50112,3/23/2023 9:17:00 AM,17501.00,4549.00,50753.00
50112,3/23/2023 9:18:00 AM,17502.00,4551.00,50753.00
50112,3/23/2023 9:19:00 AM,17502.00,4555.00,50753.00
50112,3/23/2023 9:20:00 AM,17502.00,4559.00,50753.00
50112,3/23/2023 9:21:00 AM,17503.00,4561.00,50754.00
50112,3/23/2023 9:22:00 AM,17504.00,4564.00,50754.00
50112,3/23/2023 9:23:00 AM,17503.00,4566.00,50754.00
50112,3/23/2023 9:24:00 AM,17505.00,4567.00,50754.00
50112,3/23/2023 9:25:00 AM,17506.00,4568.00,50754.00
50112,3/23/2023 9:26:00 AM,17506.00,4568.00,50753.00
50112,3/23/2023 9:27:00 AM,17505.00,4568.00,50752.00
50112,3/23/2023 9:28:00 AM,17503.00,4569.00,50752.00
50112,3/23/2023 9:29:00 AM,17503.00,4569.00,50752.00
50112,3/23/2023 9:30:00 AM,17502.00,4570.00,50751.00
50112,3/23/2023 9:31:00 AM,17501.00,4571.00,50751.00
50112,3/23/2023 9:32:00 AM,17504.00,4574.00,50751.00
50112,3/23/2023 9:33:00 AM,17508.00,4577.00,50752.00
50112,3/23/2023 9:34:00 AM,17510.00,4577.00,50753.00
50112,3/23/2023 9:35:00 AM,17510.00,4578.00,50753.00
50112,3/23/2023 9:36:00 AM,17509.00,4581.00,50753.00
50112,3/23/2023 9:37:00 AM,17509.00,4583.00,50753.00
50112,3/23/2023 9:38:00 AM,17509.00,4585.00,50753.00
50112,3/23/2023 9:39:00 AM,17507.00,4588.00,50753.00
50112,3/23/2023 9:40:00 AM,17506.00,4590.00,50753.00
50112,3/23/2023 9:41:00 AM,17505.00,4593.00,50754.00
50112,3/23/2023 9:42:00 AM,17506.00,4594.00,50754.00
50112,3/23/2023 9:43:00 AM,17505.00,4596.00,50755.00
50112,3/23/2023 9:44:00 AM,17505.00,4598.00,50755.00
50112,3/23/2023 9:45:00 AM,17505.00,4600.00,50755.00
50112,3/23/2023 9:46:00 AM,17504.00,4601.00,50755.00
50112,3/23/2023 9:47:00 AM,17501.00,4601.00,50755.00
50112,3/23/2023 9:48:00 AM,17496.00,4601.00,50755.00
50112,3/23/2023 9:49:00 AM,17493.00,4607.00,50754.00
50112,3/23/2023 9:50:00 AM,17494.00,4609.00,50755.00
50112,3/23/2023 9:51:00 AM,17494.00,4609.00,50756.00
50112,3/23/2023 9:52:00 AM,17495.00,4608.00,50756.00
50112,3/23/2023 9:53:00 AM,17494.00,4608.00,50756.00
50112,3/23/2023 9:54:00 AM,17494.00,4607.00,50755.00
50112,3/23/2023 9:55:00 AM,17493.00,4607.00,50755.00
50112,3/23/2023 9:56:00 AM,17491.00,4606.00,50754.00
50112,3/23/2023 9:57:00 AM,17492.00,4606.00,50754.00
50112,3/23/2023 9:58:00 AM,17496.00,4606.00,50754.00
50112,3/23/2023 9:59:00 AM,17498.00,4608.00,50753.00
50112,3/23/2023 10:00:00 AM,17500.00,4611.00,50753.00
50112,3/23/2023 10:01:00 AM,17504.00,4611.00,50753.00
50112,3/23/2023 10:02:00 AM,17506.00,4610.00,50753.00
50112,3/23/2023 10:03:00 AM,17506.00,4608.00,50753.00
50112,3/23/2023 10:04:00 AM,17508.00,4607.00,50752.00
50112,3/23/2023 10:05:00 AM,17510.00,4605.00,50752.00
50112,3/23/2023 10:06:00 AM,17510.00,4602.00,50751.00
50112,3/23/2023 10:07:00 AM,17509.00,4600.00,50750.00
50112,3/23/2023 10:08:00 AM,17508.00,4598.00,50749.00
50112,3/23/2023 10:09:00 AM,17508.00,4596.00,50748.00
50112,3/23/2023 10:10:00 AM,17509.00,4595.00,50747.00
50112,3/23/2023 10:11:00 AM,17508.00,4593.00,50746.00
50112,3/23/2023 10:12:00 AM,17508.00,4592.00,50745.00
50112,3/23/2023 10:13:00 AM,17507.00,4591.00,50744.00
50112,3/23/2023 10:14:00 AM,17505.00,4590.00,50743.00
50112,3/23/2023 10:15:00 AM,17504.00,4588.00,50742.00
50112,3/23/2023 10:16:00 AM,17503.00,4588.00,50741.00
50112,3/23/2023 10:17:00 AM,17503.00,4586.00,50740.00
50112,3/23/2023 10:18:00 AM,17501.00,4587.00,50739.00
50112,3/23/2023 10:19:00 AM,17499.00,4587.00,50738.00
50112,3/23/2023 10:20:00 AM,17498.00,4587.00,50737.00
50112,3/23/2023 10:21:00 AM,17495.00,4588.00,50737.00
50112,3/23/2023 10:22:00 AM,17493.00,4588.00,50736.00
50112,3/23/2023 10:23:00 AM,17489.00,4589.00,50735.00
50112,3/23/2023 10:24:00 AM,17487.00,4589.00,50735.00
50112,3/23/2023 10:25:00 AM,17487.00,4587.00,50734.00
50112,3/23/2023 10:26:00 AM,17487.00,4588.00,50734.00
50112,3/23/2023 10:27:00 AM,17488.00,4588.00,50733.00
50112,3/23/2023 10:28:00 AM,17486.00,4588.00,50732.00
50112,3/23/2023 10:29:00 AM,17483.00,4591.00,50731.00
50112,3/23/2023 10:30:00 AM,17481.00,4593.00,50731.00
50112,3/23/2023 10:31:00 AM,17483.00,4594.00,50731.00
50112,3/23/2023 10:32:00 AM,17485.00,4594.00,50731.00
50112,3/23/2023 10:33:00 AM,17482.00,4596.00,50730.00
50112,3/23/2023 10:34:00 AM,17479.00,4598.00,50729.00
50112,3/23/2023 10:35:00 AM,17480.00,4597.00,50729.00
50112,3/23/2023 10:36:00 AM,17479.00,4599.00,50728.00
50112,3/23/2023 10:37:00 AM,17473.00,4604.00,50727.00
50112,3/23/2023 10:38:00 AM,17474.00,4609.00,50727.00
50112,3/23/2023 10:39:00 AM,17476.00,4612.00,50727.00
50112,3/23/2023 10:40:00 AM,17476.00,4613.00,50727.00
50112,3/23/2023 10:41:00 AM,17476.00,4615.00,50726.00
50112,3/23/2023 10:42:00 AM,17476.00,4618.00,50725.00
50112,3/23/2023 10:43:00 AM,17477.00,4620.00,50725.00
50112,3/23/2023 10:44:00 AM,17478.00,4624.00,50724.00
50112,3/23/2023 10:45:00 AM,17478.00,4623.00,50724.00
50112,3/23/2023 10:46:00 AM,17476.00,4621.00,50723.00
50112,3/23/2023 10:47:00 AM,17474.00,4621.00,50722.00
50112,3/23/2023 10:48:00 AM,17475.00,4624.00,50721.00
50112,3/23/2023 10:49:00 AM,17475.00,4628.00,50720.00
50112,3/23/2023 10:50:00 AM,17477.00,4630.00,50720.00
50112,3/23/2023 10:51:00 AM,17478.00,4631.00,50720.00
50112,3/23/2023 10:52:00 AM,17478.00,4630.00,50719.00
50112,3/23/2023 10:53:00 AM,17478.00,4630.00,50718.00
50112,3/23/2023 10:54:00 AM,17478.00,4628.00,50717.00
50112,3/23/2023 10:55:00 AM,17475.00,4627.00,50716.00
50112,3/23/2023 10:56:00 AM,17473.00,4627.00,50714.00
50112,3/23/2023 10:57:00 AM,17471.00,4628.00,50713.00
50112,3/23/2023 10:58:00 AM,17472.00,4628.00,50712.00
50112,3/23/2023 10:59:00 AM,17472.00,4626.00,50711.00
50112,3/23/2023 11:00:00 AM,17469.00,4625.00,50709.00
50112,3/23/2023 11:01:00 AM,17464.00,4625.00,50706.00
50112,3/23/2023 11:02:00 AM,17462.00,4627.00,50705.00
50112,3/23/2023 11:03:00 AM,17462.00,4629.00,50704.00
50112,3/23/2023 11:04:00 AM,17460.00,4629.00,50703.00
50112,3/23/2023 11:05:00 AM,17456.00,4629.00,50701.00
50112,3/23/2023 11:06:00 AM,17452.00,4629.00,50699.00
50112,3/23/2023 11:07:00 AM,17450.00,4630.00,50698.00
50112,3/23/2023 11:08:00 AM,17448.00,4631.00,50697.00
50112,3/23/2023 11:09:00 AM,17446.00,4629.00,50695.00
50112,3/23/2023 11:10:00 AM,17445.00,4628.00,50694.00
50112,3/23/2023 11:11:00 AM,17442.00,4626.00,50693.00
50112,3/23/2023 11:12:00 AM,17443.00,4627.00,50693.00
50112,3/23/2023 11:13:00 AM,17445.00,4626.00,50693.00
50112,3/23/2023 11:14:00 AM,17447.00,4623.00,50694.00
50112,3/23/2023 11:15:00 AM,17447.00,4622.00,50694.00
50112,3/23/2023 11:16:00 AM,17449.00,4622.00,50694.00
50112,3/23/2023 11:17:00 AM,17451.00,4619.00,50695.00
50112,3/23/2023 11:18:00 AM,17451.00,4619.00,50695.00
50112,3/23/2023 11:19:00 AM,17453.00,4619.00,50696.00
50112,3/23/2023 11:20:00 AM,17455.00,4620.00,50697.00
50112,3/23/2023 11:21:00 AM,17460.00,4620.00,50699.00
50112,3/23/2023 11:22:00 AM,17463.00,4620.00,50700.00
50112,3/23/2023 11:23:00 AM,17468.00,4617.00,50701.00
50112,3/23/2023 11:24:00 AM,17470.00,4616.00,50702.00
50112,3/23/2023 11:25:00 AM,17473.00,4615.00,50703.00
50112,3/23/2023 11:26:00 AM,17475.00,4614.00,50703.00
50112,3/23/2023 11:27:00 AM,17476.00,4614.00,50704.00
50112,3/23/2023 11:28:00 AM,17478.00,4615.00,50704.00
50112,3/23/2023 11:29:00 AM,17482.00,4615.00,50705.00
50112,3/23/2023 11:30:00 AM,17487.00,4612.00,50705.00
50112,3/23/2023 11:31:00 AM,17490.00,4608.00,50704.00
50112,3/23/2023 11:32:00 AM,17493.00,4606.00,50703.00
50112,3/23/2023 11:33:00 AM,17497.00,4606.00,50702.00
50112,3/23/2023 11:34:00 AM,17502.00,4605.00,50702.00
50112,3/23/2023 11:35:00 AM,17507.00,4603.00,50701.00
50112,3/23/2023 11:36:00 AM,17513.00,4601.00,50701.00
50112,3/23/2023 11:37:00 AM,17517.00,4599.00,50701.00
50112,3/23/2023 11:38:00 AM,17521.00,4599.00,50700.00
50112,3/23/2023 11:39:00 AM,17523.00,4597.00,50700.00
50112,3/23/2023 11:40:00 AM,17526.00,4598.00,50700.00
50112,3/23/2023 11:41:00 AM,17529.00,4597.00,50700.00
50112,3/23/2023 11:42:00 AM,17532.00,4594.00,50699.00
50112,3/23/2023 11:43:00 AM,17530.00,4589.00,50697.00
50112,3/23/2023 11:44:00 AM,17526.00,4587.00,50695.00
50112,3/23/2023 11:45:00 AM,17519.00,4587.00,50692.00
50112,3/23/2023 11:46:00 AM,17515.00,4586.00,50690.00
50112,3/23/2023 11:47:00 AM,17508.00,4587.00,50688.00
50112,3/23/2023 11:48:00 AM,17502.00,4588.00,50687.00
50112,3/23/2023 11:49:00 AM,17503.00,4591.00,50686.00
50112,3/23/2023 11:50:00 AM,17506.00,4592.00,50685.00
50112,3/23/2023 11:51:00 AM,17505.00,4593.00,50685.00
50112,3/23/2023 11:52:00 AM,17504.00,4596.00,50684.00
50112,3/23/2023 11:53:00 AM,17508.00,4595.00,50684.00
50112,3/23/2023 11:54:00 AM,17510.00,4587.00,50683.00
50112,3/23/2023 11:55:00 AM,17509.00,4587.00,50682.00
50112,3/23/2023 11:56:00 AM,17514.00,4583.00,50682.00
50112,3/23/2023 11:57:00 AM,17514.00,4579.00,50680.00
50112,3/23/2023 11:58:00 AM,17511.00,4574.00,50678.00
50112,3/23/2023 11:59:00 AM,17506.00,4567.00,50675.00
50112,3/23/2023 12:00:00 PM,17501.00,4565.00,50672.00
50112,3/23/2023 12:01:00 PM,17499.00,4564.00,50670.00
50112,3/23/2023 12:02:00 PM,17498.00,4565.00,50669.00
50112,3/23/2023 12:03:00 PM,17498.00,4568.00,50667.00
50112,3/23/2023 12:04:00 PM,17500.00,4569.00,50666.00
50112,3/23/2023 12:05:00 PM,17502.00,4568.00,50663.00
50112,3/23/2023 12:06:00 PM,17502.00,4570.00,50661.00
50112,3/23/2023 12:07:00 PM,17500.00,4576.00,50658.00
50112,3/23/2023 12:08:00 PM,17500.00,4580.00,50656.00
50112,3/23/2023 12:09:00 PM,17498.00,4584.00,50653.00
50112,3/23/2023 12:10:00 PM,17494.00,4588.00,50650.00
50112,3/23/2023 12:11:00 PM,17493.00,4589.00,50648.00
50112,3/23/2023 12:12:00 PM,17484.00,4591.00,50644.00
50112,3/23/2023 12:13:00 PM,17477.00,4597.00,50640.00
50112,3/23/2023 12:14:00 PM,17468.00,4602.00,50636.00
50112,3/23/2023 12:15:00 PM,17463.00,4607.00,50632.00
50112,3/23/2023 12:16:00 PM,17459.00,4611.00,50629.00
50112,3/23/2023 12:17:00 PM,17454.00,4613.00,50625.00
50112,3/23/2023 12:18:00 PM,17450.00,4613.00,50621.00
50112,3/23/2023 12:19:00 PM,17444.00,4613.00,50617.00
50112,3/23/2023 12:20:00 PM,17443.00,4611.00,50615.00
50112,3/23/2023 12:21:00 PM,17441.00,4607.00,50612.00
50112,3/23/2023 12:22:00 PM,17437.00,4606.00,50608.00
50112,3/23/2023 12:23:00 PM,17431.00,4602.00,50605.00
50112,3/23/2023 12:24:00 PM,17433.00,4593.00,50602.00
50112,3/23/2023 12:25:00 PM,17431.00,4581.00,50598.00
50112,3/23/2023 12:26:00 PM,17436.00,4572.00,50596.00
50112,3/23/2023 12:27:00 PM,17447.00,4560.00,50596.00
50112,3/23/2023 12:28:00 PM,17462.00,4543.00,50596.00
50112,3/23/2023 12:29:00 PM,17471.00,4530.00,50594.00
50112,3/23/2023 12:30:00 PM,17479.00,4523.00,50593.00
50112,3/23/2023 12:31:00 PM,17484.00,4519.00,50592.00
50112,3/23/2023 12:32:00 PM,17482.00,4515.00,50590.00
50112,3/23/2023 12:33:00 PM,17480.00,4523.00,50590.00
50112,3/23/2023 12:34:00 PM,17477.00,4528.00,50592.00
50112,3/23/2023 12:35:00 PM,17470.00,4537.00,50594.00
50112,3/23/2023 12:36:00 PM,17470.00,4544.00,50597.00
50112,3/23/2023 12:37:00 PM,17468.00,4553.00,50600.00
50112,3/23/2023 12:38:00 PM,17464.00,4555.00,50605.00
50112,3/23/2023 12:39:00 PM,17455.00,4549.00,50609.00
50112,3/23/2023 12:40:00 PM,17455.00,4544.00,50613.00
50112,3/23/2023 12:41:00 PM,17454.00,4537.00,50616.00
50112,3/23/2023 12:42:00 PM,17450.00,4529.00,50618.00
50112,3/23/2023 12:43:00 PM,17448.00,4516.00,50618.00
50112,3/23/2023 12:44:00 PM,17447.00,4502.00,50617.00
50112,3/23/2023 12:45:00 PM,17452.00,4492.00,50615.00
50112,3/23/2023 12:46:00 PM,17457.00,4483.00,50613.00
50112,3/23/2023 12:47:00 PM,17464.00,4480.00,50610.00
50112,3/23/2023 12:48:00 PM,17475.00,4480.00,50607.00
50112,3/23/2023 12:49:00 PM,17492.00,4481.00,50605.00
50112,3/23/2023 12:50:00 PM,17501.00,4482.00,50603.00
50112,3/23/2023 12:51:00 PM,17504.00,4487.00,50601.00
50112,3/23/2023 12:52:00 PM,17504.00,4493.00,50600.00
50112,3/23/2023 12:53:00 PM,17505.00,4494.00,50600.00
50112,3/23/2023 12:54:00 PM,17504.00,4494.00,50599.00
50112,3/23/2023 12:55:00 PM,17499.00,4498.00,50600.00
50112,3/23/2023 12:56:00 PM,17501.00,4504.00,50601.00
50112,3/23/2023 12:57:00 PM,17502.00,4499.00,50601.00
50112,3/23/2023 12:58:00 PM,17502.00,4496.00,50601.00
50112,3/23/2023 12:59:00 PM,17504.00,4495.00,50601.00
50112,3/23/2023 1:00:00 PM,17504.00,4495.00,50601.00
50112,3/23/2023 1:01:00 PM,17505.00,4498.00,50602.00
50112,3/23/2023 1:02:00 PM,17507.00,4498.00,50602.00
50112,3/23/2023 1:03:00 PM,17510.00,4499.00,50602.00
50112,3/23/2023 1:04:00 PM,17509.00,4502.00,50602.00
50112,3/23/2023 1:05:00 PM,17509.00,4509.00,50604.00
50112,3/23/2023 1:06:00 PM,17509.00,4516.00,50607.00
50112,3/23/2023 1:07:00 PM,17510.00,4523.00,50610.00
50112,3/23/2023 1:08:00 PM,17506.00,4524.00,50612.00
50112,3/23/2023 1:09:00 PM,17505.00,4529.00,50614.00
50112,3/23/2023 1:10:00 PM,17506.00,4533.00,50616.00
50112,3/23/2023 1:11:00 PM,17503.00,4540.00,50617.00
50112,3/23/2023 1:12:00 PM,17501.00,4544.00,50619.00
50112,3/23/2023 1:13:00 PM,17496.00,4551.00,50620.00
50112,3/23/2023 1:14:00 PM,17491.00,4557.00,50622.00
50112,3/23/2023 1:15:00 PM,17490.00,4564.00,50624.00
50112,3/23/2023 1:16:00 PM,17493.00,4565.00,50627.00
50112,3/23/2023 1:17:00 PM,17492.00,4565.00,50629.00
50112,3/23/2023 1:18:00 PM,17491.00,4564.00,50631.00
50112,3/23/2023 1:19:00 PM,17490.00,4565.00,50632.00
50112,3/23/2023 1:20:00 PM,17489.00,4568.00,50634.00
50112,3/23/2023 1:21:00 PM,17485.00,4575.00,50635.00
50112,3/23/2023 1:22:00 PM,17485.00,4581.00,50638.00
50112,3/23/2023 1:23:00 PM,17491.00,4584.00,50641.00
50112,3/23/2023 1:24:00 PM,17500.00,4580.00,50645.00
50112,3/23/2023 1:25:00 PM,17499.00,4580.00,50646.00
50112,3/23/2023 1:26:00 PM,17503.00,4581.00,50648.00
50112,3/23/2023 1:27:00 PM,17498.00,4584.00,50649.00
50112,3/23/2023 1:28:00 PM,17505.00,4587.00,50650.00
50112,3/23/2023 1:29:00 PM,17507.00,4580.00,50651.00
50112,3/23/2023 1:30:00 PM,17509.00,4579.00,50650.00
50112,3/23/2023 1:31:00 PM,17508.00,4575.00,50649.00
50112,3/23/2023 1:32:00 PM,17502.00,4572.00,50648.00
50112,3/23/2023 1:33:00 PM,17495.00,4576.00,50647.00
50112,3/23/2023 1:34:00 PM,17498.00,4583.00,50648.00
50112,3/23/2023 1:35:00 PM,17504.00,4583.00,50649.00
50112,3/23/2023 1:36:00 PM,17509.00,4581.00,50650.00
50112,3/23/2023 1:37:00 PM,17508.00,4582.00,50650.00
50112,3/23/2023 1:38:00 PM,17507.00,4584.00,50650.00
50112,3/23/2023 1:39:00 PM,17504.00,4587.00,50651.00
50112,3/23/2023 1:40:00 PM,17504.00,4594.00,50652.00
50112,3/23/2023 1:41:00 PM,17510.00,4599.00,50655.00
50112,3/23/2023 1:42:00 PM,17511.00,4595.00,50658.00
50112,3/23/2023 1:43:00 PM,17507.00,4591.00,50659.00
50112,3/23/2023 1:44:00 PM,17502.00,4592.00,50660.00
50112,3/23/2023 1:45:00 PM,17500.00,4595.00,50662.00
50112,3/23/2023 1:46:00 PM,17499.00,4589.00,50664.00
50112,3/23/2023 1:47:00 PM,17499.00,4592.00,50665.00
50112,3/23/2023 1:48:00 PM,17499.00,4590.00,50667.00
50112,3/23/2023 1:49:00 PM,17501.00,4585.00,50668.00
50112,3/23/2023 1:50:00 PM,17498.00,4582.00,50669.00
50112,3/23/2023 1:51:00 PM,17496.00,4573.00,50670.00
50112,3/23/2023 1:52:00 PM,17491.00,4565.00,50670.00
50112,3/23/2023 1:53:00 PM,17482.00,4559.00,50669.00
50112,3/23/2023 1:54:00 PM,17477.00,4559.00,50668.00
50112,3/23/2023 1:55:00 PM,17474.00,4546.00,50667.00
50112,3/23/2023 1:56:00 PM,17472.00,4538.00,50666.00
50112,3/23/2023 1:57:00 PM,17466.00,4532.00,50664.00
50112,3/23/2023 1:58:00 PM,17456.00,4532.00,50663.00
50112,3/23/2023 1:59:00 PM,17454.00,4529.00,50662.00
50112,3/23/2023 2:00:00 PM,17452.00,4523.00,50661.00
50112,3/23/2023 2:01:00 PM,17447.00,4516.00,50661.00
50112,3/23/2023 2:02:00 PM,17439.00,4512.00,50660.00
50112,3/23/2023 2:03:00 PM,17437.00,4512.00,50661.00
50112,3/23/2023 2:04:00 PM,17435.00,4507.00,50662.00
50112,3/23/2023 2:05:00 PM,17434.00,4501.00,50662.00
50112,3/23/2023 2:06:00 PM,17433.00,4499.00,50662.00
50112,3/23/2023 2:07:00 PM,17432.00,4499.00,50662.00
50112,3/23/2023 2:08:00 PM,17436.00,4495.00,50664.00
50112,3/23/2023 2:09:00 PM,17440.00,4487.00,50665.00
50112,3/23/2023 2:10:00 PM,17441.00,4474.00,50666.00
50112,3/23/2023 2:11:00 PM,17438.00,4470.00,50665.00
50112,3/23/2023 2:12:00 PM,17441.00,4467.00,50667.00
50112,3/23/2023 2:13:00 PM,17444.00,4446.00,50667.00
50112,3/23/2023 2:14:00 PM,17447.00,4429.00,50666.00
50112,3/23/2023 2:15:00 PM,17448.00,4417.00,50663.00
50112,3/23/2023 2:16:00 PM,17453.00,4414.00,50662.00
50112,3/23/2023 2:17:00 PM,17462.00,4409.00,50662.00
50112,3/23/2023 2:18:00 PM,17473.00,4403.00,50662.00
50112,3/23/2023 2:19:00 PM,17482.00,4397.00,50663.00
50112,3/23/2023 2:20:00 PM,17484.00,4387.00,50662.00
50112,3/23/2023 2:21:00 PM,17487.00,4397.00,50660.00
50112,3/23/2023 2:22:00 PM,17501.00,4388.00,50661.00
50112,3/23/2023 2:23:00 PM,17500.00,4395.00,50659.00
50112,3/23/2023 2:24:00 PM,17510.00,4405.00,50659.00
50112,3/23/2023 2:25:00 PM,17509.00,4406.00,50659.00
50112,3/23/2023 2:26:00 PM,17520.00,4417.00,50658.00
50112,3/23/2023 2:27:00 PM,17524.00,4423.00,50659.00
50112,3/23/2023 2:28:00 PM,17529.00,4439.00,50659.00
50112,3/23/2023 2:29:00 PM,17532.00,4440.00,50661.00
50112,3/23/2023 2:30:00 PM,17537.00,4443.00,50660.00
50112,3/23/2023 2:31:00 PM,17531.00,4440.00,50659.00
50112,3/23/2023 2:32:00 PM,17504.00,4450.00,50657.00
50112,3/23/2023 2:33:00 PM,17526.00,4471.00,50658.00
50112,3/23/2023 2:34:00 PM,17528.00,4463.00,50661.00
50112,3/23/2023 2:35:00 PM,17529.00,4474.00,50660.00
50112,3/23/2023 2:36:00 PM,17537.00,4484.00,50661.00
50112,3/23/2023 2:37:00 PM,17538.00,4471.00,50663.00
50112,3/23/2023 2:38:00 PM,17525.00,4448.00,50663.00
50112,3/23/2023 2:39:00 PM,17514.00,4474.00,50659.00
50112,3/23/2023 2:40:00 PM,17530.00,4484.00,50661.00
50112,3/23/2023 2:41:00 PM,17514.00,4461.00,50663.00
50112,3/23/2023 2:42:00 PM,17513.00,4462.00,50661.00
50112,3/23/2023 2:43:00 PM,17522.00,4482.00,50661.00
50112,3/23/2023 2:44:00 PM,17517.00,4487.00,50664.00
50112,3/23/2023 2:45:00 PM,17524.00,4483.00,50666.00
50112,3/23/2023 2:46:00 PM,17517.00,4485.00,50666.00
50112,3/23/2023 2:47:00 PM,17502.00,4499.00,50667.00
50112,3/23/2023 2:48:00 PM,17495.00,4512.00,50671.00
50112,3/23/2023 2:49:00 PM,17499.00,4518.00,50675.00
50112,3/23/2023 2:50:00 PM,17501.00,4522.00,50678.00
50112,3/23/2023 2:51:00 PM,17503.00,4522.00,50681.00
50112,3/23/2023 2:52:00 PM,17497.00,4524.00,50683.00
50112,3/23/2023 2:53:00 PM,17496.00,4529.00,50685.00
50112,3/23/2023 2:54:00 PM,17500.00,4533.00,50688.00
50112,3/23/2023 2:55:00 PM,17500.00,4533.00,50690.00
50112,3/23/2023 2:56:00 PM,17500.00,4533.00,50693.00
50112,3/23/2023 2:57:00 PM,17501.00,4535.00,50694.00
50112,3/23/2023 2:58:00 PM,17502.00,4537.00,50697.00
50112,3/23/2023 2:59:00 PM,17506.00,4538.00,50699.00
50112,3/23/2023 3:00:00 PM,17508.00,4538.00,50701.00
50112,3/23/2023 3:01:00 PM,17507.00,4537.00,50702.00
50112,3/23/2023 3:02:00 PM,17507.00,4539.00,50704.00
50112,3/23/2023 3:03:00 PM,17508.00,4543.00,50705.00
50112,3/23/2023 3:04:00 PM,17510.00,4544.00,50707.00
50112,3/23/2023 3:05:00 PM,17511.00,4544.00,50709.00
50112,3/23/2023 3:06:00 PM,17512.00,4543.00,50710.00
50112,3/23/2023 3:07:00 PM,17512.00,4545.00,50712.00
50112,3/23/2023 3:08:00 PM,17510.00,4547.00,50714.00
50112,3/23/2023 3:09:00 PM,17509.00,4550.00,50715.00
50112,3/23/2023 3:10:00 PM,17509.00,4554.00,50717.00
50112,3/23/2023 3:11:00 PM,17512.00,4556.00,50719.00
50112,3/23/2023 3:12:00 PM,17514.00,4553.00,50721.00
50112,3/23/2023 3:13:00 PM,17512.00,4554.00,50722.00
50112,3/23/2023 3:14:00 PM,17513.00,4555.00,50723.00
50112,3/23/2023 3:15:00 PM,17513.00,4556.00,50725.00
50112,3/23/2023 3:16:00 PM,17512.00,4554.00,50727.00
50112,3/23/2023 3:17:00 PM,17513.00,4554.00,50728.00
50112,3/23/2023 3:18:00 PM,17509.00,4555.00,50729.00
50112,3/23/2023 3:19:00 PM,17507.00,4556.00,50731.00
50112,3/23/2023 3:20:00 PM,17504.00,4557.00,50732.00
50112,3/23/2023 3:21:00 PM,17502.00,4559.00,50734.00
50112,3/23/2023 3:22:00 PM,17500.00,4562.00,50735.00
50112,3/23/2023 3:23:00 PM,17503.00,4565.00,50737.00
50112,3/23/2023 3:24:00 PM,17501.00,4566.00,50739.00
50112,3/23/2023 3:25:00 PM,17499.00,4567.00,50740.00
50112,3/23/2023 3:26:00 PM,17495.00,4569.00,50742.00
50112,3/23/2023 3:27:00 PM,17495.00,4572.00,50743.00
50112,3/23/2023 3:28:00 PM,17495.00,4573.00,50745.00
50112,3/23/2023 3:29:00 PM,17494.00,4574.00,50746.00
50112,3/23/2023 3:30:00 PM,17498.00,4572.00,50747.00
50112,3/23/2023 3:31:00 PM,17496.00,4571.00,50749.00
50112,3/23/2023 3:32:00 PM,17499.00,4572.00,50750.00
50112,3/23/2023 3:33:00 PM,17497.00,4570.00,50751.00
50112,3/23/2023 3:34:00 PM,17490.00,4571.00,50752.00
50112,3/23/2023 3:35:00 PM,17500.00,4567.00,50752.00
50112,3/23/2023 3:36:00 PM,17500.00,4561.00,50753.00
50112,3/23/2023 3:37:00 PM,17497.00,4558.00,50753.00
50112,3/23/2023 3:38:00 PM,17513.00,4548.00,50754.00
50112,3/23/2023 3:39:00 PM,17514.00,4548.00,50753.00
50112,3/23/2023 3:40:00 PM,17513.00,4545.00,50754.00
50112,3/23/2023 3:41:00 PM,17508.00,4543.00,50754.00
50112,3/23/2023 3:42:00 PM,17505.00,4547.00,50754.00
50112,3/23/2023 3:43:00 PM,17506.00,4550.00,50755.00
50112,3/23/2023 3:44:00 PM,17509.00,4551.00,50757.00
50112,3/23/2023 3:45:00 PM,17508.00,4551.00,50758.00
50112,3/23/2023 3:46:00 PM,17506.00,4550.00,50759.00
50112,3/23/2023 3:47:00 PM,17504.00,4552.00,50759.00
50112,3/23/2023 3:48:00 PM,17504.00,4552.00,50760.00
50112,3/23/2023 3:49:00 PM,17507.00,4551.00,50761.00
50112,3/23/2023 3:50:00 PM,17508.00,4551.00,50762.00
50112,3/23/2023 3:51:00 PM,17508.00,4551.00,50763.00
50112,3/23/2023 3:52:00 PM,17508.00,4553.00,50763.00
50112,3/23/2023 3:53:00 PM,17507.00,4554.00,50764.00
50112,3/23/2023 3:54:00 PM,17507.00,4552.00,50765.00
50112,3/23/2023 3:55:00 PM,17508.00,4551.00,50766.00
50112,3/23/2023 3:56:00 PM,17510.00,4549.00,50766.00
50112,3/23/2023 3:57:00 PM,17513.00,4546.00,50767.00
50112,3/23/2023 3:58:00 PM,17511.00,4544.00,50767.00
50112,3/23/2023 3:59:00 PM,17508.00,4543.00,50767.00
50112,3/23/2023 4:00:00 PM,17509.00,4541.00,50768.00
50112,3/23/2023 4:01:00 PM,17509.00,4541.00,50769.00
50112,3/23/2023 4:02:00 PM,17509.00,4541.00,50770.00
50112,3/23/2023 4:03:00 PM,17506.00,4541.00,50771.00
50112,3/23/2023 4:04:00 PM,17503.00,4544.00,50771.00
50112,3/23/2023 4:05:00 PM,17504.00,4542.00,50772.00
50112,3/23/2023 4:06:00 PM,17503.00,4543.00,50773.00
50112,3/23/2023 4:07:00 PM,17499.00,4546.00,50773.00
50112,3/23/2023 4:08:00 PM,17499.00,4546.00,50774.00
50112,3/23/2023 4:09:00 PM,17500.00,4547.00,50775.00
50112,3/23/2023 4:10:00 PM,17497.00,4549.00,50776.00
50112,3/23/2023 4:11:00 PM,17496.00,4552.00,50776.00
50112,3/23/2023 4:12:00 PM,17496.00,4554.00,50777.00
50112,3/23/2023 4:13:00 PM,17498.00,4552.00,50778.00
50112,3/23/2023 4:14:00 PM,17496.00,4554.00,50778.00
50112,3/23/2023 4:15:00 PM,17487.00,4562.00,50778.00
50112,3/23/2023 4:16:00 PM,17491.00,4561.00,50779.00
50112,3/23/2023 4:17:00 PM,17499.00,4555.00,50780.00
50112,3/23/2023 4:18:00 PM,17497.00,4554.00,50780.00
50112,3/23/2023 4:19:00 PM,17492.00,4558.00,50780.00
50112,3/23/2023 4:20:00 PM,17495.00,4557.00,50780.00
50112,3/23/2023 4:21:00 PM,17498.00,4553.00,50781.00
50112,3/23/2023 4:22:00 PM,17498.00,4552.00,50781.00
50112,3/23/2023 4:23:00 PM,17494.00,4553.00,50782.00
50112,3/23/2023 4:24:00 PM,17492.00,4555.00,50783.00
50112,3/23/2023 4:25:00 PM,17487.00,4561.00,50784.00
50112,3/23/2023 4:26:00 PM,17483.00,4569.00,50785.00
50112,3/23/2023 4:27:00 PM,17484.00,4571.00,50786.00
50112,3/23/2023 4:28:00 PM,17484.00,4570.00,50787.00
50112,3/23/2023 4:29:00 PM,17484.00,4571.00,50787.00
50112,3/23/2023 4:30:00 PM,17484.00,4573.00,50787.00
50112,3/23/2023 4:31:00 PM,17484.00,4574.00,50788.00
50112,3/23/2023 4:32:00 PM,17483.00,4575.00,50788.00
50112,3/23/2023 4:33:00 PM,17484.00,4575.00,50788.00
50112,3/23/2023 4:34:00 PM,17483.00,4575.00,50788.00
50112,3/23/2023 4:35:00 PM,17482.00,4575.00,50789.00
50112,3/23/2023 4:36:00 PM,17481.00,4575.00,50789.00
50112,3/23/2023 4:37:00 PM,17481.00,4576.00,50789.00
50112,3/23/2023 4:38:00 PM,17482.00,4576.00,50790.00
50112,3/23/2023 4:39:00 PM,17483.00,4575.00,50791.00
50112,3/23/2023 4:40:00 PM,17483.00,4574.00,50791.00
50112,3/23/2023 4:41:00 PM,17483.00,4574.00,50791.00
50112,3/23/2023 4:42:00 PM,17483.00,4573.00,50791.00
50112,3/23/2023 4:43:00 PM,17484.00,4572.00,50791.00
50112,3/23/2023 4:44:00 PM,17482.00,4573.00,50791.00
50112,3/23/2023 4:45:00 PM,17479.00,4574.00,50791.00
50112,3/23/2023 4:46:00 PM,17481.00,4573.00,50792.00
50112,3/23/2023 4:47:00 PM,17480.00,4574.00,50792.00
50112,3/23/2023 4:48:00 PM,17478.00,4575.00,50792.00
50112,3/23/2023 4:49:00 PM,17479.00,4573.00,50793.00
50112,3/23/2023 4:50:00 PM,17477.00,4575.00,50793.00
50112,3/23/2023 4:51:00 PM,17475.00,4577.00,50793.00
50112,3/23/2023 4:52:00 PM,17476.00,4577.00,50793.00
50112,3/23/2023 4:53:00 PM,17479.00,4575.00,50794.00
50112,3/23/2023 4:54:00 PM,17476.00,4575.00,50794.00
50112,3/23/2023 4:55:00 PM,17476.00,4576.00,50794.00
50112,3/23/2023 4:56:00 PM,17476.00,4575.00,50794.00
50112,3/23/2023 4:57:00 PM,17476.00,4575.00,50794.00
50112,3/23/2023 4:58:00 PM,17472.00,4576.00,50794.00
50112,3/23/2023 4:59:00 PM,17464.00,4581.00,50793.00
50112,3/23/2023 5:00:00 PM,17466.00,4577.00,50793.00
50112,3/23/2023 5:01:00 PM,17471.00,4570.00,50794.00
50112,3/23/2023 5:02:00 PM,17475.00,4565.00,50794.00
50112,3/23/2023 5:03:00 PM,17473.00,4566.00,50793.00
50112,3/23/2023 5:04:00 PM,17472.00,4567.00,50793.00
50112,3/23/2023 5:05:00 PM,17473.00,4566.00,50793.00
50112,3/23/2023 5:06:00 PM,17473.00,4566.00,50793.00
50112,3/23/2023 5:07:00 PM,17473.00,4566.00,50793.00
50112,3/23/2023 5:08:00 PM,17476.00,4565.00,50793.00
50112,3/23/2023 5:09:00 PM,17478.00,4563.00,50793.00
50112,3/23/2023 5:10:00 PM,17481.00,4562.00,50793.00
50112,3/23/2023 5:11:00 PM,17481.00,4560.00,50793.00
50112,3/23/2023 5:12:00 PM,17480.00,4560.00,50793.00
50112,3/23/2023 5:13:00 PM,17479.00,4560.00,50793.00
50112,3/23/2023 5:14:00 PM,17479.00,4560.00,50794.00
50112,3/23/2023 5:15:00 PM,17479.00,4560.00,50794.00
50112,3/23/2023 5:16:00 PM,17478.00,4560.00,50794.00
50112,3/23/2023 5:17:00 PM,17477.00,4560.00,50794.00
50112,3/23/2023 5:18:00 PM,17478.00,4559.00,50795.00
50112,3/23/2023 5:19:00 PM,17478.00,4558.00,50795.00
50112,3/23/2023 5:20:00 PM,17478.00,4557.00,50796.00
50112,3/23/2023 5:21:00 PM,17477.00,4556.00,50796.00
50112,3/23/2023 5:22:00 PM,17477.00,4557.00,50796.00
50112,3/23/2023 5:23:00 PM,17479.00,4554.00,50796.00
50112,3/23/2023 5:24:00 PM,17475.00,4559.00,50797.00
50112,3/23/2023 5:25:00 PM,17471.00,4565.00,50797.00
50112,3/23/2023 5:26:00 PM,17470.00,4570.00,50797.00
50112,3/23/2023 5:27:00 PM,17470.00,4570.00,50798.00
50112,3/23/2023 5:28:00 PM,17471.00,4567.00,50798.00
50112,3/23/2023 5:29:00 PM,17470.00,4566.00,50798.00
50112,3/23/2023 5:30:00 PM,17469.00,4566.00,50798.00
50112,3/23/2023 5:31:00 PM,17466.00,4567.00,50798.00
50112,3/23/2023 5:32:00 PM,17466.00,4568.00,50798.00
50112,3/23/2023 5:33:00 PM,17466.00,4567.00,50798.00
50112,3/23/2023 5:34:00 PM,17468.00,4565.00,50799.00
50112,3/23/2023 5:35:00 PM,17468.00,4564.00,50799.00
50112,3/23/2023 5:36:00 PM,17468.00,4563.00,50799.00
50112,3/23/2023 5:37:00 PM,17468.00,4562.00,50799.00
50112,3/23/2023 5:38:00 PM,17470.00,4560.00,50799.00
50112,3/23/2023 5:39:00 PM,17472.00,4556.00,50799.00
50112,3/23/2023 5:40:00 PM,17471.00,4557.00,50799.00
50112,3/23/2023 5:41:00 PM,17475.00,4554.00,50799.00
50112,3/23/2023 5:42:00 PM,17469.00,4556.00,50799.00
50112,3/23/2023 5:43:00 PM,17463.00,4567.00,50799.00
50112,3/23/2023 5:44:00 PM,17462.00,4572.00,50799.00
50112,3/23/2023 5:45:00 PM,17462.00,4569.00,50800.00
50112,3/23/2023 5:46:00 PM,17464.00,4566.00,50800.00
50112,3/23/2023 5:47:00 PM,17465.00,4565.00,50800.00
50112,3/23/2023 5:48:00 PM,17464.00,4566.00,50800.00
50112,3/23/2023 5:49:00 PM,17465.00,4565.00,50800.00
50112,3/23/2023 5:50:00 PM,17459.00,4566.00,50800.00
50112,3/23/2023 5:51:00 PM,17456.00,4569.00,50800.00
50112,3/23/2023 5:52:00 PM,17453.00,4570.00,50800.00
50112,3/23/2023 5:53:00 PM,17449.00,4571.00,50799.00
50112,3/23/2023 5:54:00 PM,17446.00,4573.00,50799.00
50112,3/23/2023 5:55:00 PM,17442.00,4575.00,50799.00
50112,3/23/2023 5:56:00 PM,17446.00,4574.00,50799.00
50112,3/23/2023 5:57:00 PM,17447.00,4571.00,50799.00
50112,3/23/2023 5:58:00 PM,17445.00,4569.00,50799.00
50112,3/23/2023 5:59:00 PM,17442.00,4573.00,50799.00
50112,3/23/2023 6:00:00 PM,17443.00,4570.00,50799.00
50112,3/23/2023 6:01:00 PM,17438.00,4570.00,50799.00
50112,3/23/2023 6:02:00 PM,17430.00,4572.00,50798.00
50112,3/23/2023 6:03:00 PM,17427.00,4573.00,50798.00
50112,3/23/2023 6:04:00 PM,17430.00,4570.00,50798.00
50112,3/23/2023 6:05:00 PM,17429.00,4568.00,50798.00
50112,3/23/2023 6:06:00 PM,17434.00,4564.00,50798.00
50112,3/23/2023 6:07:00 PM,17432.00,4561.00,50798.00
50112,3/23/2023 6:08:00 PM,17427.00,4564.00,50797.00
50112,3/23/2023 6:09:00 PM,17425.00,4566.00,50797.00
50112,3/23/2023 6:10:00 PM,17424.00,4563.00,50797.00
50112,3/23/2023 6:11:00 PM,17420.00,4560.00,50797.00
50112,3/23/2023 6:12:00 PM,17418.00,4559.00,50797.00
50112,3/23/2023 6:13:00 PM,17417.00,4557.00,50797.00
50112,3/23/2023 6:14:00 PM,17418.00,4557.00,50797.00
50112,3/23/2023 6:15:00 PM,17420.00,4555.00,50797.00
50112,3/23/2023 6:16:00 PM,17420.00,4553.00,50797.00
50112,3/23/2023 6:17:00 PM,17424.00,4547.00,50797.00
50112,3/23/2023 6:18:00 PM,17423.00,4545.00,50797.00
50112,3/23/2023 6:19:00 PM,17424.00,4540.00,50797.00
50112,3/23/2023 6:20:00 PM,17423.00,4545.00,50796.00
50112,3/23/2023 6:21:00 PM,17425.00,4542.00,50797.00
50112,3/23/2023 6:22:00 PM,17424.00,4543.00,50797.00
50112,3/23/2023 6:23:00 PM,17425.00,4542.00,50797.00
50112,3/23/2023 6:24:00 PM,17430.00,4537.00,50798.00
50112,3/23/2023 6:25:00 PM,17428.00,4537.00,50798.00
50112,3/23/2023 6:26:00 PM,17428.00,4537.00,50798.00
50112,3/23/2023 6:27:00 PM,17426.00,4539.00,50798.00
50112,3/23/2023 6:28:00 PM,17425.00,4541.00,50798.00
50112,3/23/2023 6:29:00 PM,17420.00,4542.00,50798.00
50112,3/23/2023 6:30:00 PM,17416.00,4544.00,50799.00
50112,3/23/2023 6:31:00 PM,17413.00,4542.00,50799.00
50112,3/23/2023 6:32:00 PM,17411.00,4541.00,50799.00
50112,3/23/2023 6:33:00 PM,17408.00,4543.00,50799.00
50112,3/23/2023 6:34:00 PM,17406.00,4545.00,50800.00
50112,3/23/2023 6:35:00 PM,17402.00,4545.00,50800.00
50112,3/23/2023 7:53:00 PM,17401.00,4502.00,50807.00
50112,3/23/2023 7:54:00 PM,17403.00,4498.00,50808.00
50112,3/23/2023 7:55:00 PM,17404.00,4497.00,50808.00
50112,3/23/2023 7:56:00 PM,17404.00,4502.00,50809.00
50112,3/23/2023 7:57:00 PM,17408.00,4502.00,50810.00
50112,3/23/2023 7:58:00 PM,17408.00,4505.00,50810.00
50112,3/23/2023 7:59:00 PM,17404.00,4507.00,50810.00
50112,3/23/2023 8:00:00 PM,17407.00,4506.00,50812.00
50112,3/23/2023 8:01:00 PM,17405.00,4507.00,50811.00
50112,3/23/2023 8:02:00 PM,17407.00,4508.00,50812.00
50112,3/23/2023 8:03:00 PM,17406.00,4509.00,50813.00
50112,3/23/2023 8:04:00 PM,17409.00,4506.00,50813.00
50112,3/23/2023 8:05:00 PM,17409.00,4504.00,50813.00
50112,3/23/2023 8:06:00 PM,17408.00,4502.00,50813.00
50112,3/23/2023 8:07:00 PM,17409.00,4496.00,50813.00
50112,3/23/2023 8:08:00 PM,17408.00,4496.00,50814.00
50112,3/23/2023 8:09:00 PM,17409.00,4496.00,50814.00
50112,3/23/2023 8:10:00 PM,17410.00,4494.00,50815.00
50112,3/23/2023 8:11:00 PM,17410.00,4495.00,50815.00
50112,3/23/2023 8:12:00 PM,17409.00,4496.00,50815.00
50112,3/23/2023 8:13:00 PM,17408.00,4494.00,50816.00
50112,3/23/2023 8:14:00 PM,17407.00,4496.00,50816.00
50112,3/23/2023 8:15:00 PM,17410.00,4498.00,50816.00
50112,3/23/2023 8:16:00 PM,17408.00,4497.00,50817.00
50112,3/23/2023 8:17:00 PM,17408.00,4499.00,50818.00
50112,3/23/2023 8:18:00 PM,17412.00,4498.00,50818.00
50112,3/23/2023 8:19:00 PM,17411.00,4498.00,50819.00
50112,3/23/2023 8:20:00 PM,17412.00,4500.00,50820.00
50112,3/23/2023 8:21:00 PM,17410.00,4500.00,50821.00
50112,3/23/2023 8:22:00 PM,17410.00,4501.00,50822.00
50112,3/23/2023 8:23:00 PM,17410.00,4503.00,50822.00
50112,3/23/2023 8:24:00 PM,17410.00,4501.00,50823.00
50112,3/23/2023 8:25:00 PM,17408.00,4499.00,50823.00
50112,3/23/2023 8:26:00 PM,17408.00,4501.00,50823.00
50112,3/23/2023 8:27:00 PM,17407.00,4501.00,50823.00
50112,3/23/2023 8:28:00 PM,17408.00,4501.00,50824.00
50112,3/23/2023 8:29:00 PM,17406.00,4502.00,50824.00
50112,3/23/2023 8:30:00 PM,17405.00,4503.00,50824.00
50112,3/23/2023 8:31:00 PM,17403.00,4505.00,50824.00
50112,3/23/2023 8:32:00 PM,17404.00,4503.00,50824.00
50112,3/23/2023 8:33:00 PM,17401.00,4504.00,50824.00
50112,3/23/2023 8:34:00 PM,17402.00,4504.00,50824.00
50112,3/23/2023 8:35:00 PM,17401.00,4504.00,50824.00
50112,3/23/2023 8:36:00 PM,17404.00,4502.00,50825.00
50112,3/23/2023 8:37:00 PM,17402.00,4504.00,50825.00
50112,3/23/2023 8:38:00 PM,17407.00,4505.00,50826.00
50112,3/23/2023 8:39:00 PM,17403.00,4503.00,50826.00
50112,3/23/2023 8:40:00 PM,17404.00,4505.00,50827.00
50112,3/23/2023 8:41:00 PM,17407.00,4506.00,50827.00
50112,3/23/2023 8:42:00 PM,17408.00,4505.00,50828.00
50112,3/23/2023 8:43:00 PM,17407.00,4505.00,50828.00
50112,3/23/2023 8:44:00 PM,17409.00,4506.00,50829.00
50112,3/23/2023 8:45:00 PM,17409.00,4506.00,50829.00
50112,3/23/2023 8:46:00 PM,17409.00,4507.00,50830.00
50112,3/23/2023 8:47:00 PM,17411.00,4508.00,50831.00
50112,3/23/2023 8:48:00 PM,17411.00,4507.00,50831.00
50112,3/23/2023 8:49:00 PM,17412.00,4507.00,50832.00
50112,3/23/2023 8:50:00 PM,17416.00,4508.00,50833.00
50112,3/23/2023 8:51:00 PM,17415.00,4509.00,50834.00
50112,3/23/2023 8:52:00 PM,17416.00,4512.00,50834.00
50112,3/23/2023 8:53:00 PM,17412.00,4512.00,50835.00
50112,3/23/2023 8:54:00 PM,17414.00,4514.00,50835.00
50112,3/23/2023 8:55:00 PM,17414.00,4514.00,50836.00
50112,3/23/2023 8:56:00 PM,17417.00,4511.00,50837.00
50112,3/23/2023 8:57:00 PM,17418.00,4510.00,50837.00
50112,3/23/2023 8:58:00 PM,17421.00,4510.00,50838.00
50112,3/23/2023 8:59:00 PM,17421.00,4509.00,50839.00
50112,3/23/2023 9:00:00 PM,17422.00,4508.00,50839.00
50112,3/23/2023 9:01:00 PM,17423.00,4510.00,50839.00
50112,3/23/2023 9:02:00 PM,17422.00,4511.00,50840.00
50112,3/23/2023 9:03:00 PM,17425.00,4514.00,50840.00
50112,3/23/2023 9:04:00 PM,17428.00,4515.00,50841.00
50112,3/23/2023 9:05:00 PM,17430.00,4517.00,50842.00
50112,3/23/2023 9:06:00 PM,17435.00,4518.00,50843.00
50112,3/23/2023 9:07:00 PM,17437.00,4518.00,50844.00
50112,3/23/2023 9:08:00 PM,17439.00,4518.00,50845.00
50112,3/23/2023 9:09:00 PM,17440.00,4518.00,50845.00
50112,3/23/2023 9:10:00 PM,17437.00,4520.00,50845.00
50112,3/23/2023 9:11:00 PM,17438.00,4522.00,50847.00
50112,3/23/2023 9:12:00 PM,17440.00,4523.00,50847.00
50112,3/23/2023 9:13:00 PM,17437.00,4521.00,50848.00
50112,3/23/2023 9:14:00 PM,17437.00,4521.00,50849.00
50112,3/23/2023 9:15:00 PM,17435.00,4520.00,50850.00
50112,3/23/2023 9:16:00 PM,17434.00,4521.00,50850.00
50112,3/23/2023 9:17:00 PM,17434.00,4519.00,50852.00
50112,3/23/2023 9:18:00 PM,17433.00,4518.00,50853.00
50112,3/23/2023 9:19:00 PM,17433.00,4518.00,50854.00
50112,3/23/2023 9:20:00 PM,17432.00,4515.00,50855.00
50112,3/23/2023 9:21:00 PM,17434.00,4515.00,50855.00
50112,3/23/2023 9:22:00 PM,17430.00,4512.00,50857.00
50112,3/23/2023 9:23:00 PM,17426.00,4511.00,50857.00
50112,3/23/2023 9:24:00 PM,17424.00,4509.00,50858.00
50112,3/23/2023 9:25:00 PM,17424.00,4508.00,50859.00
50112,3/23/2023 9:26:00 PM,17424.00,4507.00,50860.00
50112,3/23/2023 9:27:00 PM,17418.00,4507.00,50861.00
50112,3/23/2023 9:28:00 PM,17416.00,4506.00,50862.00
50112,3/23/2023 9:29:00 PM,17412.00,4504.00,50863.00
50112,3/23/2023 9:30:00 PM,17410.00,4504.00,50864.00
50112,3/23/2023 9:31:00 PM,17412.00,4504.00,50866.00
50112,3/23/2023 9:32:00 PM,17412.00,4505.00,50867.00
50112,3/23/2023 9:33:00 PM,17411.00,4506.00,50869.00
50112,3/23/2023 9:34:00 PM,17409.00,4507.00,50870.00
50112,3/23/2023 9:35:00 PM,17409.00,4506.00,50871.00
50112,3/23/2023 9:36:00 PM,17404.00,4509.00,50873.00
50112,3/23/2023 9:37:00 PM,17406.00,4511.00,50873.00
50112,3/23/2023 9:38:00 PM,17401.00,4515.00,50874.00
50112,3/23/2023 9:39:00 PM,17400.00,4516.00,50876.00
50112,3/23/2023 9:40:00 PM,17403.00,4515.00,50876.00
50112,3/23/2023 9:41:00 PM,17407.00,4514.00,50878.00
50112,3/23/2023 9:42:00 PM,17410.00,4515.00,50879.00
50112,3/23/2023 9:43:00 PM,17411.00,4515.00,50880.00
50112,3/23/2023 9:44:00 PM,17412.00,4514.00,50881.00
50112,3/23/2023 9:45:00 PM,17420.00,4515.00,50882.00
50112,3/23/2023 9:46:00 PM,17417.00,4515.00,50882.00
50112,3/23/2023 9:47:00 PM,17422.00,4517.00,50882.00
50112,3/23/2023 9:48:00 PM,17417.00,4519.00,50882.00
50112,3/23/2023 9:49:00 PM,17420.00,4520.00,50882.00
50112,3/23/2023 9:50:00 PM,17424.00,4519.00,50883.00
50112,3/23/2023 9:51:00 PM,17428.00,4519.00,50882.00
50112,3/23/2023 9:52:00 PM,17427.00,4518.00,50882.00
50112,3/23/2023 9:53:00 PM,17433.00,4517.00,50882.00
50112,3/23/2023 9:54:00 PM,17432.00,4516.00,50882.00
50112,3/23/2023 9:55:00 PM,17436.00,4514.00,50882.00
50112,3/23/2023 9:56:00 PM,17434.00,4512.00,50881.00
50112,3/23/2023 9:57:00 PM,17436.00,4511.00,50881.00
50112,3/23/2023 9:58:00 PM,17434.00,4509.00,50881.00
50112,3/23/2023 9:59:00 PM,17438.00,4510.00,50881.00
50112,3/23/2023 10:00:00 PM,17437.00,4510.00,50881.00
50112,3/23/2023 10:01:00 PM,17439.00,4510.00,50881.00
50112,3/23/2023 10:02:00 PM,17440.00,4509.00,50881.00
50112,3/23/2023 10:03:00 PM,17441.00,4507.00,50881.00
50112,3/23/2023 10:04:00 PM,17439.00,4506.00,50881.00
50112,3/23/2023 10:05:00 PM,17440.00,4507.00,50881.00
50112,3/23/2023 10:06:00 PM,17440.00,4506.00,50881.00
50112,3/23/2023 10:07:00 PM,17441.00,4507.00,50881.00
50112,3/23/2023 10:08:00 PM,17443.00,4505.00,50882.00
50112,3/23/2023 10:09:00 PM,17444.00,4503.00,50882.00
50112,3/23/2023 10:10:00 PM,17444.00,4504.00,50882.00
50112,3/23/2023 10:11:00 PM,17448.00,4504.00,50883.00
50112,3/23/2023 10:12:00 PM,17451.00,4507.00,50883.00
50112,3/23/2023 10:13:00 PM,17451.00,4509.00,50884.00
50112,3/23/2023 10:14:00 PM,17453.00,4510.00,50885.00
50112,3/23/2023 10:15:00 PM,17453.00,4511.00,50885.00
50112,3/23/2023 10:16:00 PM,17451.00,4513.00,50885.00
50112,3/23/2023 10:17:00 PM,17449.00,4515.00,50885.00
50112,3/23/2023 10:18:00 PM,17448.00,4516.00,50886.00
50112,3/23/2023 10:19:00 PM,17444.00,4519.00,50886.00
50112,3/23/2023 10:20:00 PM,17444.00,4520.00,50887.00
50112,3/23/2023 10:21:00 PM,17449.00,4520.00,50888.00
50112,3/23/2023 10:22:00 PM,17449.00,4521.00,50889.00
50112,3/23/2023 10:23:00 PM,17454.00,4520.00,50890.00
50112,3/23/2023 10:24:00 PM,17456.00,4520.00,50891.00
50112,3/23/2023 10:25:00 PM,17458.00,4522.00,50892.00
50112,3/23/2023 10:26:00 PM,17460.00,4522.00,50893.00
50112,3/23/2023 10:27:00 PM,17461.00,4523.00,50893.00
50112,3/23/2023 10:28:00 PM,17459.00,4524.00,50894.00
50112,3/23/2023 10:29:00 PM,17462.00,4524.00,50895.00
50112,3/23/2023 10:30:00 PM,17461.00,4526.00,50895.00
50112,3/23/2023 10:31:00 PM,17461.00,4526.00,50896.00
50112,3/23/2023 10:32:00 PM,17461.00,4527.00,50897.00
50112,3/23/2023 10:33:00 PM,17463.00,4529.00,50897.00
50112,3/23/2023 10:34:00 PM,17463.00,4530.00,50898.00
50112,3/23/2023 10:35:00 PM,17465.00,4530.00,50898.00
50112,3/23/2023 10:36:00 PM,17464.00,4530.00,50898.00
50112,3/23/2023 10:37:00 PM,17465.00,4530.00,50898.00
50112,3/23/2023 10:38:00 PM,17463.00,4533.00,50898.00
50112,3/23/2023 10:39:00 PM,17463.00,4533.00,50898.00
50112,3/23/2023 10:40:00 PM,17463.00,4534.00,50898.00
50112,3/23/2023 10:41:00 PM,17464.00,4535.00,50898.00
50112,3/23/2023 10:42:00 PM,17464.00,4534.00,50899.00
50112,3/23/2023 10:43:00 PM,17465.00,4534.00,50899.00
50112,3/23/2023 10:44:00 PM,17463.00,4535.00,50899.00
50112,3/23/2023 10:45:00 PM,17462.00,4536.00,50900.00
50112,3/23/2023 10:46:00 PM,17464.00,4536.00,50900.00
50112,3/23/2023 10:47:00 PM,17464.00,4537.00,50901.00
50112,3/23/2023 10:48:00 PM,17464.00,4537.00,50901.00
50112,3/23/2023 10:49:00 PM,17465.00,4538.00,50902.00
50112,3/23/2023 10:50:00 PM,17465.00,4539.00,50902.00
50112,3/23/2023 10:51:00 PM,17464.00,4540.00,50902.00
50112,3/23/2023 10:52:00 PM,17466.00,4538.00,50902.00
50112,3/23/2023 10:53:00 PM,17464.00,4538.00,50902.00
50112,3/23/2023 10:54:00 PM,17464.00,4536.00,50903.00
50112,3/23/2023 10:55:00 PM,17462.00,4536.00,50903.00
50112,3/23/2023 10:56:00 PM,17464.00,4536.00,50904.00
50112,3/23/2023 10:57:00 PM,17464.00,4536.00,50904.00
50112,3/23/2023 10:58:00 PM,17464.00,4536.00,50905.00
50112,3/23/2023 10:59:00 PM,17463.00,4537.00,50905.00
50112,3/23/2023 11:00:00 PM,17465.00,4537.00,50906.00
50112,3/23/2023 11:01:00 PM,17467.00,4539.00,50907.00
50112,3/23/2023 11:02:00 PM,17470.00,4539.00,50908.00
50112,3/23/2023 11:03:00 PM,17471.00,4540.00,50909.00
50112,3/23/2023 11:04:00 PM,17470.00,4541.00,50909.00
50112,3/23/2023 11:05:00 PM,17470.00,4541.00,50910.00
50112,3/23/2023 11:06:00 PM,17470.00,4542.00,50910.00
50112,3/23/2023 11:07:00 PM,17470.00,4542.00,50911.00
50112,3/23/2023 11:08:00 PM,17474.00,4542.00,50912.00
50112,3/23/2023 11:09:00 PM,17476.00,4543.00,50912.00
50112,3/23/2023 11:10:00 PM,17476.00,4544.00,50912.00
50112,3/23/2023 11:11:00 PM,17478.00,4544.00,50912.00
50112,3/23/2023 11:12:00 PM,17480.00,4543.00,50913.00
50112,3/23/2023 11:13:00 PM,17484.00,4541.00,50913.00
50112,3/23/2023 11:14:00 PM,17485.00,4540.00,50913.00
50112,3/23/2023 11:15:00 PM,17487.00,4540.00,50914.00
50112,3/23/2023 11:16:00 PM,17490.00,4539.00,50914.00
50112,3/23/2023 11:17:00 PM,17491.00,4539.00,50915.00
50112,3/23/2023 11:18:00 PM,17491.00,4540.00,50915.00
50112,3/23/2023 11:19:00 PM,17491.00,4542.00,50916.00
50112,3/23/2023 11:20:00 PM,17489.00,4545.00,50916.00
50112,3/23/2023 11:21:00 PM,17491.00,4546.00,50916.00
50112,3/23/2023 11:22:00 PM,17493.00,4547.00,50916.00
50112,3/23/2023 11:23:00 PM,17494.00,4547.00,50916.00
50112,3/23/2023 11:24:00 PM,17497.00,4546.00,50916.00
50112,3/23/2023 11:25:00 PM,17498.00,4545.00,50915.00
50112,3/23/2023 11:26:00 PM,17498.00,4545.00,50914.00
50112,3/23/2023 11:27:00 PM,17497.00,4545.00,50913.00
50112,3/23/2023 11:28:00 PM,17497.00,4542.00,50912.00
50112,3/23/2023 11:29:00 PM,17498.00,4541.00,50911.00
50112,3/23/2023 11:30:00 PM,17498.00,4541.00,50910.00
50112,3/23/2023 11:31:00 PM,17499.00,4537.00,50909.00
50112,3/23/2023 11:32:00 PM,17503.00,4534.00,50908.00
50112,3/23/2023 11:33:00 PM,17506.00,4530.00,50907.00
50112,3/23/2023 11:34:00 PM,17506.00,4528.00,50906.00
50112,3/23/2023 11:35:00 PM,17510.00,4525.00,50906.00
50112,3/23/2023 11:36:00 PM,17516.00,4522.00,50907.00
50112,3/23/2023 11:37:00 PM,17517.00,4521.00,50907.00
50112,3/23/2023 11:38:00 PM,17517.00,4524.00,50908.00
50112,3/23/2023 11:39:00 PM,17522.00,4523.00,50909.00
50112,3/23/2023 11:40:00 PM,17522.00,4524.00,50910.00
50112,3/23/2023 11:41:00 PM,17522.00,4525.00,50911.00
50112,3/23/2023 11:42:00 PM,17522.00,4525.00,50912.00
50112,3/23/2023 11:43:00 PM,17524.00,4527.00,50913.00
50112,3/23/2023 11:44:00 PM,17522.00,4523.00,50915.00
50112,3/23/2023 11:45:00 PM,17518.00,4523.00,50917.00
50112,3/23/2023 11:46:00 PM,17514.00,4524.00,50919.00
50112,3/23/2023 11:47:00 PM,17514.00,4523.00,50921.00
50112,3/23/2023 11:48:00 PM,17518.00,4521.00,50924.00
50112,3/23/2023 11:49:00 PM,17522.00,4518.00,50928.00
50112,3/23/2023 11:50:00 PM,17532.00,4519.00,50932.00
50112,3/23/2023 11:51:00 PM,17548.00,4518.00,50938.00
50112,3/23/2023 11:52:00 PM,17551.00,4518.00,50945.00
50112,3/23/2023 11:53:00 PM,17562.00,4524.00,50951.00
50112,3/23/2023 11:54:00 PM,17567.00,4528.00,50954.00
50112,3/23/2023 11:55:00 PM,17574.00,4525.00,50957.00
50112,3/23/2023 11:56:00 PM,17575.00,4521.00,50959.00
50112,3/23/2023 11:57:00 PM,17578.00,4517.00,50960.00
50112,3/23/2023 11:58:00 PM,17587.00,4510.00,50960.00
50112,3/23/2023 11:59:00 PM,17591.00,4493.00,50961.00
50112,3/24/2023 12:00:00 AM,17598.00,4479.00,50963.00
50112,3/24/2023 12:01:00 AM,17612.00,4471.00,50969.00
50112,3/24/2023 12:02:00 AM,17627.00,4453.00,50982.00
50112,3/24/2023 12:03:00 AM,17621.00,4469.00,50995.00
50112,3/24/2023 12:04:00 AM,17619.00,4492.00,51010.00
50112,3/24/2023 12:05:00 AM,17624.00,4511.00,51020.00
50112,3/24/2023 12:06:00 AM,17626.00,4519.00,51021.00
50112,3/24/2023 12:07:00 AM,17627.00,4528.00,51021.00
50112,3/24/2023 12:08:00 AM,17616.00,4532.00,51017.00
50112,3/24/2023 12:09:00 AM,17608.00,4524.00,51014.00
50112,3/24/2023 12:10:00 AM,17591.00,4519.00,51012.00
50112,3/24/2023 12:11:00 AM,17585.00,4518.00,51012.00
50112,3/24/2023 12:12:00 AM,17585.00,4513.00,51012.00
50112,3/24/2023 12:13:00 AM,17584.00,4513.00,51008.00
50112,3/24/2023 12:14:00 AM,17588.00,4501.00,51004.00
50112,3/24/2023 12:15:00 AM,17579.00,4494.00,51003.00
50112,3/24/2023 12:16:00 AM,17566.00,4492.00,51006.00
50112,3/24/2023 12:17:00 AM,17555.00,4494.00,51015.00
50112,3/24/2023 12:18:00 AM,17549.00,4502.00,51021.00
50112,3/24/2023 12:19:00 AM,17559.00,4514.00,51025.00
50112,3/24/2023 12:20:00 AM,17567.00,4516.00,51027.00
50112,3/24/2023 12:21:00 AM,17567.00,4532.00,51021.00
50112,3/24/2023 12:22:00 AM,17576.00,4542.00,51013.00
50112,3/24/2023 12:23:00 AM,17587.00,4535.00,51003.00
50112,3/24/2023 12:24:00 AM,17589.00,4528.00,50992.00
50112,3/24/2023 12:25:00 AM,17589.00,4514.00,50984.00
50112,3/24/2023 12:26:00 AM,17593.00,4502.00,50982.00
50112,3/24/2023 12:27:00 AM,17600.00,4493.00,50986.00
50112,3/24/2023 12:28:00 AM,17600.00,4481.00,50994.00
50112,3/24/2023 12:29:00 AM,17591.00,4475.00,51006.00
50112,3/24/2023 12:30:00 AM,17584.00,4476.00,51023.00
50112,3/24/2023 12:31:00 AM,17580.00,4485.00,51045.00
50112,3/24/2023 12:32:00 AM,17576.00,4502.00,51067.00
50112,3/24/2023 12:33:00 AM,17564.00,4524.00,51081.00
50112,3/24/2023 12:34:00 AM,17547.00,4551.00,51081.00
50112,3/24/2023 12:35:00 AM,17545.00,4567.00,51068.00
50112,3/24/2023 12:36:00 AM,17554.00,4570.00,51053.00
50112,3/24/2023 12:37:00 AM,17564.00,4563.00,51038.00
50112,3/24/2023 12:38:00 AM,17572.00,4552.00,51027.00
50112,3/24/2023 12:39:00 AM,17577.00,4538.00,51023.00
50112,3/24/2023 12:40:00 AM,17584.00,4528.00,51027.00
50112,3/24/2023 12:41:00 AM,17592.00,4522.00,51040.00
50112,3/24/2023 12:42:00 AM,17597.00,4520.00,51059.00
50112,3/24/2023 12:43:00 AM,17602.00,4526.00,51076.00
50112,3/24/2023 12:44:00 AM,17604.00,4543.00,51084.00
50112,3/24/2023 12:45:00 AM,17601.00,4558.00,51079.00
50112,3/24/2023 12:46:00 AM,17608.00,4567.00,51068.00
50112,3/24/2023 12:47:00 AM,17613.00,4560.00,51059.00
50112,3/24/2023 12:48:00 AM,17616.00,4549.00,51058.00
50112,3/24/2023 12:49:00 AM,17615.00,4541.00,51065.00
50112,3/24/2023 12:50:00 AM,17610.00,4543.00,51076.00
50112,3/24/2023 12:51:00 AM,17609.00,4558.00,51081.00
50112,3/24/2023 12:52:00 AM,17617.00,4565.00,51075.00
50112,3/24/2023 12:53:00 AM,17629.00,4555.00,51070.00
50112,3/24/2023 12:54:00 AM,17648.00,4542.00,51073.00
50112,3/24/2023 12:55:00 AM,17656.00,4532.00,51080.00
50112,3/24/2023 12:56:00 AM,17662.00,4530.00,51093.00
50112,3/24/2023 12:57:00 AM,17665.00,4532.00,51107.00
50112,3/24/2023 12:58:00 AM,17666.00,4549.00,51116.00
50112,3/24/2023 12:59:00 AM,17669.00,4570.00,51105.00
50112,3/24/2023 1:00:00 AM,17680.00,4572.00,51074.00
50112,3/24/2023 1:01:00 AM,17692.00,4550.00,51036.00
50112,3/24/2023 1:02:00 AM,17706.00,4517.00,51006.00
50112,3/24/2023 1:03:00 AM,17713.00,4483.00,50990.00
50112,3/24/2023 1:04:00 AM,17716.00,4456.00,50995.00
50112,3/24/2023 1:05:00 AM,17720.00,4438.00,51020.00
50112,3/24/2023 1:06:00 AM,17715.00,4437.00,51062.00
50112,3/24/2023 1:07:00 AM,17712.00,4464.00,51103.00
50112,3/24/2023 1:08:00 AM,17709.00,4503.00,51107.00
50112,3/24/2023 1:09:00 AM,17713.00,4520.00,51081.00
50112,3/24/2023 1:10:00 AM,17728.00,4510.00,51050.00
50112,3/24/2023 1:11:00 AM,17746.00,4479.00,51033.00
50112,3/24/2023 1:12:00 AM,17765.00,4452.00,51041.00
50112,3/24/2023 1:13:00 AM,17767.00,4444.00,51085.00
50112,3/24/2023 1:14:00 AM,17756.00,4464.00,51136.00
50112,3/24/2023 1:15:00 AM,17733.00,4506.00,51166.00
50112,3/24/2023 1:16:00 AM,17697.00,4540.00,51163.00
50112,3/24/2023 1:17:00 AM,17675.00,4558.00,51140.00
50112,3/24/2023 1:18:00 AM,17668.00,4562.00,51108.00
50112,3/24/2023 1:19:00 AM,17673.00,4549.00,51072.00
50112,3/24/2023 1:20:00 AM,17678.00,4526.00,51041.00
50112,3/24/2023 1:21:00 AM,17690.00,4495.00,51026.00
50112,3/24/2023 1:22:00 AM,17699.00,4461.00,51027.00
50112,3/24/2023 1:23:00 AM,17711.00,4445.00,51045.00
50112,3/24/2023 1:24:00 AM,17730.00,4455.00,51061.00
50112,3/24/2023 1:25:00 AM,17753.00,4473.00,51066.00
50112,3/24/2023 1:26:00 AM,17778.00,4471.00,51063.00
50112,3/24/2023 1:27:00 AM,17798.00,4451.00,51071.00
50112,3/24/2023 1:28:00 AM,17789.00,4452.00,51095.00
50112,3/24/2023 1:29:00 AM,17768.00,4466.00,51114.00
50112,3/24/2023 1:30:00 AM,17748.00,4487.00,51137.00
50112,3/24/2023 1:31:00 AM,17733.00,4519.00,51154.00
50112,3/24/2023 1:32:00 AM,17719.00,4551.00,51160.00
50112,3/24/2023 1:33:00 AM,17698.00,4571.00,51155.00
50112,3/24/2023 1:34:00 AM,17670.00,4585.00,51144.00
50112,3/24/2023 1:35:00 AM,17639.00,4590.00,51125.00
50112,3/24/2023 1:36:00 AM,17608.00,4590.00,51102.00
50112,3/24/2023 1:37:00 AM,17583.00,4584.00,51080.00
50112,3/24/2023 1:38:00 AM,17566.00,4578.00,51065.00
50112,3/24/2023 1:39:00 AM,17560.00,4572.00,51052.00
50112,3/24/2023 1:40:00 AM,17563.00,4564.00,51038.00
50112,3/24/2023 1:41:00 AM,17567.00,4549.00,51024.00
50112,3/24/2023 1:42:00 AM,17575.00,4528.00,51019.00
50112,3/24/2023 1:43:00 AM,17583.00,4510.00,51023.00
50112,3/24/2023 1:44:00 AM,17586.00,4501.00,51035.00
50112,3/24/2023 1:45:00 AM,17586.00,4506.00,51055.00
50112,3/24/2023 1:46:00 AM,17589.00,4523.00,51069.00
50112,3/24/2023 1:47:00 AM,17591.00,4539.00,51075.00
50112,3/24/2023 1:48:00 AM,17582.00,4556.00,51072.00
50112,3/24/2023 1:49:00 AM,17575.00,4565.00,51058.00
50112,3/24/2023 1:50:00 AM,17572.00,4559.00,51042.00
50112,3/24/2023 1:51:00 AM,17569.00,4543.00,51032.00
50112,3/24/2023 1:52:00 AM,17565.00,4529.00,51032.00
50112,3/24/2023 1:53:00 AM,17563.00,4521.00,51042.00
50112,3/24/2023 1:54:00 AM,17555.00,4524.00,51060.00
50112,3/24/2023 1:55:00 AM,17542.00,4541.00,51081.00
50112,3/24/2023 1:56:00 AM,17526.00,4565.00,51096.00
50112,3/24/2023 1:57:00 AM,17510.00,4589.00,51095.00
50112,3/24/2023 1:58:00 AM,17505.00,4601.00,51079.00
50112,3/24/2023 1:59:00 AM,17512.00,4597.00,51060.00
50112,3/24/2023 2:00:00 AM,17522.00,4584.00,51042.00
50112,3/24/2023 2:01:00 AM,17530.00,4569.00,51028.00
50112,3/24/2023 2:02:00 AM,17536.00,4551.00,51019.00
50112,3/24/2023 2:03:00 AM,17541.00,4536.00,51018.00
50112,3/24/2023 2:04:00 AM,17548.00,4527.00,51024.00
50112,3/24/2023 2:05:00 AM,17553.00,4517.00,51031.00
50112,3/24/2023 2:06:00 AM,17553.00,4510.00,51038.00
50112,3/24/2023 2:07:00 AM,17555.00,4509.00,51044.00
50112,3/24/2023 2:08:00 AM,17566.00,4510.00,51047.00
50112,3/24/2023 2:09:00 AM,17581.00,4507.00,51049.00
50112,3/24/2023 2:10:00 AM,17592.00,4507.00,51055.00
50112,3/24/2023 2:11:00 AM,17599.00,4515.00,51066.00
50112,3/24/2023 2:12:00 AM,17599.00,4526.00,51067.00
50112,3/24/2023 2:13:00 AM,17578.00,4525.00,51049.00
50112,3/24/2023 2:14:00 AM,17557.00,4510.00,51023.00
50112,3/24/2023 2:15:00 AM,17545.00,4486.00,51002.00
50112,3/24/2023 2:16:00 AM,17540.00,4465.00,50991.00
50112,3/24/2023 2:17:00 AM,17539.00,4448.00,50989.00
50112,3/24/2023 2:18:00 AM,17537.00,4441.00,50999.00
50112,3/24/2023 2:19:00 AM,17548.00,4448.00,51023.00
50112,3/24/2023 2:20:00 AM,17563.00,4459.00,51053.00
50112,3/24/2023 2:21:00 AM,17569.00,4474.00,51078.00
50112,3/24/2023 2:22:00 AM,17579.00,4500.00,51096.00
50112,3/24/2023 2:23:00 AM,17599.00,4527.00,51115.00
50112,3/24/2023 2:24:00 AM,17611.00,4530.00,51125.00
50112,3/24/2023 2:25:00 AM,17602.00,4533.00,51123.00
50112,3/24/2023 2:26:00 AM,17592.00,4542.00,51114.00
50112,3/24/2023 2:27:00 AM,17588.00,4538.00,51093.00
50112,3/24/2023 2:28:00 AM,17585.00,4515.00,51061.00
50112,3/24/2023 2:29:00 AM,17575.00,4486.00,51032.00
50112,3/24/2023 2:30:00 AM,17568.00,4460.00,51015.00
50112,3/24/2023 2:31:00 AM,17560.00,4446.00,51013.00
50112,3/24/2023 2:32:00 AM,17561.00,4446.00,51024.00
50112,3/24/2023 2:33:00 AM,17565.00,4447.00,51038.00
50112,3/24/2023 2:34:00 AM,17569.00,4450.00,51052.00
50112,3/24/2023 2:35:00 AM,17566.00,4453.00,51058.00
50112,3/24/2023 2:36:00 AM,17566.00,4458.00,51060.00
50112,3/24/2023 2:37:00 AM,17571.00,4464.00,51061.00
50112,3/24/2023 2:38:00 AM,17580.00,4464.00,51061.00
50112,3/24/2023 2:39:00 AM,17586.00,4461.00,51057.00
50112,3/24/2023 2:40:00 AM,17592.00,4455.00,51055.00
50112,3/24/2023 2:41:00 AM,17597.00,4450.00,51056.00
50112,3/24/2023 2:42:00 AM,17596.00,4455.00,51064.00
50112,3/24/2023 2:43:00 AM,17607.00,4461.00,51069.00
50112,3/24/2023 2:44:00 AM,17625.00,4468.00,51076.00
50112,3/24/2023 2:45:00 AM,17638.00,4475.00,51085.00
50112,3/24/2023 2:46:00 AM,17637.00,4481.00,51093.00
50112,3/24/2023 2:47:00 AM,17623.00,4497.00,51102.00
50112,3/24/2023 2:48:00 AM,17628.00,4513.00,51108.00
50112,3/24/2023 2:49:00 AM,17649.00,4523.00,51116.00
50112,3/24/2023 2:50:00 AM,17647.00,4515.00,51117.00
50112,3/24/2023 2:51:00 AM,17622.00,4505.00,51108.00
50112,3/24/2023 2:52:00 AM,17606.00,4498.00,51105.00
50112,3/24/2023 2:53:00 AM,17600.00,4500.00,51106.00
50112,3/24/2023 2:54:00 AM,17607.00,4505.00,51110.00
50112,3/24/2023 2:55:00 AM,17622.00,4517.00,51117.00
50112,3/24/2023 2:56:00 AM,17617.00,4526.00,51122.00
50112,3/24/2023 2:57:00 AM,17656.00,4549.00,51134.00
50112,3/24/2023 2:58:00 AM,17727.00,4570.00,51153.00
50112,3/24/2023 2:59:00 AM,17757.00,4581.00,51157.00
50112,3/24/2023 3:00:00 AM,17810.00,4597.00,51160.00
50112,3/24/2023 3:01:00 AM,17847.00,4619.00,51169.00
50112,3/24/2023 3:02:00 AM,17877.00,4648.00,51164.00
50112,3/24/2023 3:03:00 AM,17900.00,4664.00,51162.00
50112,3/24/2023 3:04:00 AM,17907.00,4680.00,51173.00
50112,3/24/2023 3:05:00 AM,17851.00,4714.00,51173.00
50112,3/24/2023 3:06:00 AM,17824.00,4748.00,51170.00
50112,3/24/2023 3:07:00 AM,17804.00,4766.00,51174.00
50112,3/24/2023 3:08:00 AM,17754.00,4750.00,51158.00
50112,3/24/2023 3:09:00 AM,17694.00,4718.00,51138.00
50112,3/24/2023 3:10:00 AM,17607.00,4712.00,51133.00
50112,3/24/2023 3:11:00 AM,17553.00,4746.00,51131.00
50112,3/24/2023 3:12:00 AM,17526.00,4772.00,51125.00
50112,3/24/2023 3:13:00 AM,17526.00,4780.00,51098.00
50112,3/24/2023 3:14:00 AM,17519.00,4755.00,51063.00
50112,3/24/2023 3:15:00 AM,17546.00,4743.00,51046.00
50112,3/24/2023 3:16:00 AM,17562.00,4722.00,51029.00
50112,3/24/2023 3:17:00 AM,17572.00,4690.00,50963.00
50112,3/24/2023 3:18:00 AM,17597.00,4579.00,50876.00
50112,3/24/2023 3:19:00 AM,17593.00,4472.00,50831.00
50112,3/24/2023 3:20:00 AM,17574.00,4421.00,50838.00
50112,3/24/2023 3:21:00 AM,17518.00,4398.00,50848.00
50112,3/24/2023 3:22:00 AM,17460.00,4404.00,50850.00
50112,3/24/2023 3:23:00 AM,17418.00,4405.00,50833.00
50112,3/24/2023 3:24:00 AM,17423.00,4385.00,50819.00
50112,3/24/2023 3:25:00 AM,17440.00,4379.00,50816.00
50112,3/24/2023 3:26:00 AM,17456.00,4369.00,50813.00
50112,3/24/2023 3:27:00 AM,17473.00,4357.00,50805.00
50112,3/24/2023 3:28:00 AM,17508.00,4360.00,50801.00
50112,3/24/2023 3:29:00 AM,17555.00,4368.00,50803.00
50112,3/24/2023 3:30:00 AM,17576.00,4324.00,50776.00
50112,3/24/2023 3:31:00 AM,17572.00,4268.00,50732.00
50112,3/24/2023 3:32:00 AM,17546.00,4186.00,50704.00
50112,3/24/2023 3:33:00 AM,17480.00,4137.00,50710.00
50112,3/24/2023 3:34:00 AM,17452.00,4150.00,50751.00
50112,3/24/2023 3:35:00 AM,17408.00,4208.00,50830.00
50112,3/24/2023 3:36:00 AM,17435.00,4333.00,50915.00
50112,3/24/2023 3:37:00 AM,17431.00,4453.00,50925.00
50112,3/24/2023 3:38:00 AM,17469.00,4515.00,50908.00
50112,3/24/2023 3:39:00 AM,17522.00,4541.00,50896.00
50112,3/24/2023 3:40:00 AM,17527.00,4531.00,50849.00
50112,3/24/2023 3:41:00 AM,17519.00,4519.00,50814.00
50112,3/24/2023 3:42:00 AM,17505.00,4478.00,50796.00
50112,3/24/2023 3:43:00 AM,17526.00,4453.00,50801.00
50112,3/24/2023 3:44:00 AM,17554.00,4442.00,50783.00
50112,3/24/2023 3:45:00 AM,17557.00,4420.00,50776.00
50112,3/24/2023 3:46:00 AM,17510.00,4389.00,50802.00
50112,3/24/2023 3:47:00 AM,17505.00,4423.00,50846.00
50112,3/24/2023 3:48:00 AM,17533.00,4485.00,50882.00
50112,3/24/2023 3:49:00 AM,17543.00,4536.00,50896.00
50112,3/24/2023 3:50:00 AM,17574.00,4560.00,50894.00
50112,3/24/2023 3:51:00 AM,17591.00,4549.00,50881.00
50112,3/24/2023 3:52:00 AM,17563.00,4538.00,50889.00
50112,3/24/2023 3:53:00 AM,17525.00,4547.00,50881.00
50112,3/24/2023 3:54:00 AM,17508.00,4561.00,50874.00
50112,3/24/2023 3:55:00 AM,17490.00,4584.00,50883.00
50112,3/24/2023 3:56:00 AM,17486.00,4594.00,50879.00
50112,3/24/2023 3:57:00 AM,17510.00,4584.00,50853.00
50112,3/24/2023 3:58:00 AM,17520.00,4554.00,50855.00
50112,3/24/2023 3:59:00 AM,17515.00,4534.00,50870.00
50112,3/24/2023 4:00:00 AM,17526.00,4546.00,50883.00
50112,3/24/2023 4:01:00 AM,17523.00,4553.00,50878.00
50112,3/24/2023 4:02:00 AM,17538.00,4546.00,50866.00
50112,3/24/2023 4:03:00 AM,17548.00,4521.00,50857.00
50112,3/24/2023 4:04:00 AM,17557.00,4500.00,50854.00
50112,3/24/2023 4:05:00 AM,17571.00,4486.00,50862.00
50112,3/24/2023 4:06:00 AM,17581.00,4486.00,50877.00
50112,3/24/2023 4:07:00 AM,17575.00,4491.00,50883.00
50112,3/24/2023 4:08:00 AM,17551.00,4501.00,50902.00
50112,3/24/2023 4:09:00 AM,17531.00,4508.00,50910.00
50112,3/24/2023 4:10:00 AM,17516.00,4504.00,50909.00
50112,3/24/2023 4:11:00 AM,17503.00,4510.00,50920.00
50112,3/24/2023 4:12:00 AM,17508.00,4520.00,50923.00
50112,3/24/2023 4:13:00 AM,17516.00,4519.00,50915.00
50112,3/24/2023 4:14:00 AM,17516.00,4510.00,50910.00
50112,3/24/2023 4:15:00 AM,17511.00,4502.00,50913.00
50112,3/24/2023 4:16:00 AM,17513.00,4504.00,50919.00
50112,3/24/2023 4:17:00 AM,17521.00,4516.00,50928.00
50112,3/24/2023 4:18:00 AM,17527.00,4525.00,50934.00
50112,3/24/2023 4:19:00 AM,17533.00,4528.00,50939.00
50112,3/24/2023 4:20:00 AM,17532.00,4534.00,50943.00
50112,3/24/2023 4:21:00 AM,17530.00,4536.00,50948.00
50112,3/24/2023 4:22:00 AM,17527.00,4534.00,50949.00
50112,3/24/2023 4:23:00 AM,17522.00,4527.00,50951.00
50112,3/24/2023 4:24:00 AM,17513.00,4526.00,50953.00
50112,3/24/2023 4:25:00 AM,17501.00,4530.00,50954.00
50112,3/24/2023 4:26:00 AM,17488.00,4536.00,50955.00
50112,3/24/2023 4:27:00 AM,17481.00,4539.00,50956.00
50112,3/24/2023 4:28:00 AM,17483.00,4544.00,50956.00
50112,3/24/2023 4:29:00 AM,17486.00,4544.00,50954.00
50112,3/24/2023 4:30:00 AM,17493.00,4540.00,50952.00
50112,3/24/2023 4:31:00 AM,17503.00,4538.00,50952.00
50112,3/24/2023 4:32:00 AM,17509.00,4536.00,50954.00
50112,3/24/2023 4:33:00 AM,17509.00,4534.00,50956.00
50112,3/24/2023 4:34:00 AM,17508.00,4535.00,50958.00
50112,3/24/2023 4:35:00 AM,17507.00,4534.00,50962.00
50112,3/24/2023 4:36:00 AM,17508.00,4536.00,50966.00
50112,3/24/2023 4:37:00 AM,17510.00,4537.00,50971.00
50112,3/24/2023 4:38:00 AM,17507.00,4537.00,50972.00
50112,3/24/2023 4:39:00 AM,17500.00,4543.00,50972.00
50112,3/24/2023 4:40:00 AM,17490.00,4550.00,50971.00
50112,3/24/2023 4:41:00 AM,17482.00,4556.00,50970.00
50112,3/24/2023 4:42:00 AM,17480.00,4558.00,50969.00
50112,3/24/2023 4:43:00 AM,17483.00,4555.00,50966.00
50112,3/24/2023 4:44:00 AM,17483.00,4553.00,50966.00
50112,3/24/2023 4:45:00 AM,17484.00,4554.00,50970.00
50112,3/24/2023 4:46:00 AM,17489.00,4555.00,50971.00
50112,3/24/2023 4:47:00 AM,17497.00,4549.00,50972.00
50112,3/24/2023 4:48:00 AM,17500.00,4544.00,50974.00
50112,3/24/2023 4:49:00 AM,17496.00,4543.00,50975.00
50112,3/24/2023 4:50:00 AM,17491.00,4538.00,50972.00
50112,3/24/2023 4:51:00 AM,17481.00,4526.00,50966.00
50112,3/24/2023 4:52:00 AM,17469.00,4514.00,50962.00
50112,3/24/2023 4:53:00 AM,17464.00,4507.00,50961.00
50112,3/24/2023 4:54:00 AM,17460.00,4509.00,50964.00
50112,3/24/2023 4:55:00 AM,17457.00,4512.00,50966.00
50112,3/24/2023 4:56:00 AM,17450.00,4514.00,50965.00
50112,3/24/2023 4:57:00 AM,17446.00,4512.00,50965.00
50112,3/24/2023 4:58:00 AM,17452.00,4516.00,50973.00
50112,3/24/2023 4:59:00 AM,17457.00,4522.00,50981.00
50112,3/24/2023 5:00:00 AM,17466.00,4529.00,50987.00
50112,3/24/2023 5:01:00 AM,17474.00,4532.00,50991.00
50112,3/24/2023 5:02:00 AM,17482.00,4534.00,50994.00
50112,3/24/2023 5:03:00 AM,17486.00,4534.00,50996.00
50112,3/24/2023 5:04:00 AM,17495.00,4537.00,50999.00
50112,3/24/2023 5:05:00 AM,17498.00,4538.00,51000.00
50112,3/24/2023 5:06:00 AM,17488.00,4537.00,50998.00
50112,3/24/2023 5:07:00 AM,17476.00,4537.00,50993.00
50112,3/24/2023 5:08:00 AM,17472.00,4542.00,50991.00
50112,3/24/2023 5:09:00 AM,17467.00,4550.00,50990.00
50112,3/24/2023 5:10:00 AM,17463.00,4557.00,50990.00
50112,3/24/2023 5:11:00 AM,17455.00,4562.00,50986.00
50112,3/24/2023 5:12:00 AM,17445.00,4558.00,50980.00
50112,3/24/2023 5:13:00 AM,17448.00,4555.00,50978.00
50112,3/24/2023 5:14:00 AM,17457.00,4554.00,50980.00
50112,3/24/2023 5:15:00 AM,17463.00,4551.00,50982.00
50112,3/24/2023 5:16:00 AM,17464.00,4547.00,50983.00
50112,3/24/2023 5:17:00 AM,17464.00,4548.00,50987.00
50112,3/24/2023 5:18:00 AM,17467.00,4556.00,50992.00
50112,3/24/2023 5:19:00 AM,17476.00,4564.00,50997.00
50112,3/24/2023 5:20:00 AM,17486.00,4567.00,51002.00
50112,3/24/2023 5:21:00 AM,17490.00,4569.00,51005.00
50112,3/24/2023 5:22:00 AM,17490.00,4567.00,51005.00
50112,3/24/2023 5:23:00 AM,17492.00,4563.00,51003.00
50112,3/24/2023 5:24:00 AM,17495.00,4560.00,51003.00
50112,3/24/2023 5:25:00 AM,17496.00,4557.00,51002.00
50112,3/24/2023 5:26:00 AM,17492.00,4551.00,50998.00
50112,3/24/2023 5:27:00 AM,17490.00,4551.00,50995.00
50112,3/24/2023 5:28:00 AM,17480.00,4555.00,50993.00
50112,3/24/2023 5:29:00 AM,17469.00,4563.00,50990.00
50112,3/24/2023 5:30:00 AM,17463.00,4571.00,50985.00
50112,3/24/2023 5:31:00 AM,17456.00,4576.00,50981.00
50112,3/24/2023 5:32:00 AM,17448.00,4579.00,50977.00
50112,3/24/2023 5:33:00 AM,17444.00,4583.00,50974.00
50112,3/24/2023 5:34:00 AM,17447.00,4587.00,50974.00
50112,3/24/2023 5:35:00 AM,17454.00,4592.00,50975.00
50112,3/24/2023 5:36:00 AM,17461.00,4595.00,50975.00
50112,3/24/2023 5:37:00 AM,17461.00,4596.00,50974.00
50112,3/24/2023 5:38:00 AM,17456.00,4596.00,50971.00
50112,3/24/2023 5:39:00 AM,17455.00,4596.00,50968.00
50112,3/24/2023 5:40:00 AM,17460.00,4597.00,50967.00
50112,3/24/2023 5:41:00 AM,17462.00,4595.00,50966.00
50112,3/24/2023 5:42:00 AM,17460.00,4593.00,50964.00
50112,3/24/2023 5:43:00 AM,17456.00,4589.00,50960.00
50112,3/24/2023 5:44:00 AM,17455.00,4585.00,50956.00
50112,3/24/2023 5:45:00 AM,17456.00,4582.00,50955.00
50112,3/24/2023 5:46:00 AM,17454.00,4581.00,50955.00
50112,3/24/2023 5:47:00 AM,17452.00,4579.00,50955.00
50112,3/24/2023 5:48:00 AM,17449.00,4578.00,50953.00
50112,3/24/2023 5:49:00 AM,17444.00,4578.00,50952.00
50112,3/24/2023 5:50:00 AM,17445.00,4581.00,50952.00
50112,3/24/2023 5:51:00 AM,17443.00,4582.00,50952.00
50112,3/24/2023 5:52:00 AM,17440.00,4582.00,50950.00
50112,3/24/2023 5:53:00 AM,17435.00,4581.00,50946.00
50112,3/24/2023 5:54:00 AM,17434.00,4580.00,50944.00
50112,3/24/2023 5:55:00 AM,17435.00,4579.00,50943.00
50112,3/24/2023 5:56:00 AM,17440.00,4580.00,50943.00
50112,3/24/2023 5:57:00 AM,17450.00,4582.00,50947.00
50112,3/24/2023 5:58:00 AM,17453.00,4586.00,50948.00
50112,3/24/2023 5:59:00 AM,17458.00,4591.00,50947.00
50112,3/24/2023 6:00:00 AM,17451.00,4601.00,50946.00
50112,3/24/2023 6:01:00 AM,17453.00,4613.00,50949.00
50112,3/24/2023 6:02:00 AM,17475.00,4648.00,50962.00
50112,3/24/2023 6:03:00 AM,17510.00,4676.00,50980.00
50112,3/24/2023 6:04:00 AM,17510.00,4680.00,50989.00
50112,3/24/2023 6:05:00 AM,17519.00,4692.00,50993.00
50112,3/24/2023 6:06:00 AM,17512.00,4697.00,50986.00
50112,3/24/2023 6:07:00 AM,17505.00,4694.00,50974.00
50112,3/24/2023 6:08:00 AM,17478.00,4737.00,50979.00
50112,3/24/2023 6:09:00 AM,17452.00,4789.00,50986.00
50112,3/24/2023 6:10:00 AM,17414.00,4813.00,50966.00
50112,3/24/2023 6:11:00 AM,17388.00,4791.00,50930.00
50112,3/24/2023 6:12:00 AM,17389.00,4759.00,50896.00
50112,3/24/2023 6:13:00 AM,17416.00,4716.00,50866.00
50112,3/24/2023 6:14:00 AM,17474.00,4741.00,50841.00
50112,3/24/2023 6:15:00 AM,17511.00,4694.00,50833.00
50112,3/24/2023 6:16:00 AM,17547.00,4652.00,50810.00
50112,3/24/2023 6:17:00 AM,17530.00,4603.00,50764.00
50112,3/24/2023 6:18:00 AM,17487.00,4557.00,50724.00
50112,3/24/2023 6:19:00 AM,17481.00,4505.00,50703.00
50112,3/24/2023 6:20:00 AM,17482.00,4466.00,50706.00
50112,3/24/2023 6:21:00 AM,17496.00,4430.00,50701.00
50112,3/24/2023 6:22:00 AM,17476.00,4392.00,50703.00
50112,3/24/2023 6:23:00 AM,17421.00,4420.00,50703.00
50112,3/24/2023 6:24:00 AM,17391.00,4427.00,50681.00
50112,3/24/2023 6:25:00 AM,17380.00,4410.00,50656.00
50112,3/24/2023 6:26:00 AM,17376.00,4402.00,50632.00
50112,3/24/2023 6:27:00 AM,17365.00,4394.00,50606.00
50112,3/24/2023 6:28:00 AM,17368.00,4381.00,50556.00
50112,3/24/2023 6:29:00 AM,17411.00,4330.00,50500.00
50112,3/24/2023 6:30:00 AM,17445.00,4250.00,50463.00
50112,3/24/2023 6:31:00 AM,17451.00,4157.00,50454.00
50112,3/24/2023 6:32:00 AM,17456.00,4094.00,50474.00
50112,3/24/2023 6:33:00 AM,17460.00,4074.00,50503.00
50112,3/24/2023 6:34:00 AM,17489.00,4084.00,50582.00
50112,3/24/2023 6:35:00 AM,17465.00,4151.00,50718.00
50112,3/24/2023 6:36:00 AM,17429.00,4291.00,50807.00
50112,3/24/2023 6:37:00 AM,17378.00,4372.00,50812.00
50112,3/24/2023 6:38:00 AM,17377.00,4402.00,50793.00
50112,3/24/2023 6:39:00 AM,17370.00,4430.00,50791.00
50112,3/24/2023 6:40:00 AM,17329.00,4442.00,50773.00
50112,3/24/2023 6:41:00 AM,17256.00,4432.00,50738.00
50112,3/24/2023 6:42:00 AM,17229.00,4435.00,50725.00
50112,3/24/2023 6:43:00 AM,17215.00,4415.00,50716.00
50112,3/24/2023 6:44:00 AM,17244.00,4401.00,50715.00
50112,3/24/2023 6:45:00 AM,17239.00,4383.00,50705.00
50112,3/24/2023 6:46:00 AM,17211.00,4372.00,50701.00
50112,3/24/2023 6:47:00 AM,17203.00,4367.00,50690.00
50112,3/24/2023 6:48:00 AM,17265.00,4389.00,50687.00
50112,3/24/2023 6:49:00 AM,17284.00,4387.00,50676.00
50112,3/24/2023 6:50:00 AM,17285.00,4388.00,50652.00
50112,3/24/2023 6:51:00 AM,17292.00,4382.00,50623.00
50112,3/24/2023 6:52:00 AM,17264.00,4360.00,50593.00
50112,3/24/2023 6:53:00 AM,17228.00,4332.00,50575.00
50112,3/24/2023 6:54:00 AM,17220.00,4316.00,50567.00
50112,3/24/2023 6:55:00 AM,17210.00,4314.00,50573.00
50112,3/24/2023 6:56:00 AM,17229.00,4310.00,50596.00
50112,3/24/2023 6:57:00 AM,17222.00,4307.00,50632.00
50112,3/24/2023 6:58:00 AM,17235.00,4327.00,50685.00
50112,3/24/2023 6:59:00 AM,17265.00,4376.00,50725.00
50112,3/24/2023 7:00:00 AM,17299.00,4419.00,50735.00
50112,3/24/2023 7:01:00 AM,17316.00,4437.00,50725.00
50112,3/24/2023 7:02:00 AM,17301.00,4426.00,50713.00
50112,3/24/2023 7:03:00 AM,17299.00,4415.00,50716.00
50112,3/24/2023 7:04:00 AM,17301.00,4428.00,50712.00
50112,3/24/2023 7:05:00 AM,17316.00,4429.00,50706.00
50112,3/24/2023 7:06:00 AM,17327.00,4422.00,50698.00
50112,3/24/2023 7:07:00 AM,17335.00,4422.00,50700.00
50112,3/24/2023 7:08:00 AM,17346.00,4427.00,50704.00
50112,3/24/2023 7:09:00 AM,17323.00,4426.00,50710.00
50112,3/24/2023 7:10:00 AM,17340.00,4445.00,50716.00
50112,3/24/2023 7:11:00 AM,17379.00,4463.00,50733.00
50112,3/24/2023 7:12:00 AM,17391.00,4474.00,50745.00
50112,3/24/2023 7:13:00 AM,17386.00,4473.00,50747.00
50112,3/24/2023 7:14:00 AM,17394.00,4467.00,50754.00
50112,3/24/2023 7:15:00 AM,17394.00,4465.00,50768.00
50112,3/24/2023 7:16:00 AM,17393.00,4465.00,50783.00
50112,3/24/2023 7:17:00 AM,17390.00,4472.00,50803.00
50112,3/24/2023 7:18:00 AM,17391.00,4491.00,50826.00
50112,3/24/2023 7:19:00 AM,17396.00,4511.00,50834.00
50112,3/24/2023 7:20:00 AM,17413.00,4530.00,50835.00
50112,3/24/2023 7:21:00 AM,17426.00,4544.00,50837.00
50112,3/24/2023 7:22:00 AM,17432.00,4557.00,50835.00
50112,3/24/2023 7:23:00 AM,17443.00,4562.00,50833.00
50112,3/24/2023 7:24:00 AM,17448.00,4566.00,50831.00
50112,3/24/2023 7:25:00 AM,17447.00,4570.00,50829.00
50112,3/24/2023 7:26:00 AM,17438.00,4570.00,50829.00
50112,3/24/2023 7:27:00 AM,17435.00,4574.00,50830.00
50112,3/24/2023 7:28:00 AM,17440.00,4582.00,50834.00
50112,3/24/2023 7:29:00 AM,17440.00,4587.00,50831.00
50112,3/24/2023 7:30:00 AM,17439.00,4588.00,50823.00
50112,3/24/2023 7:31:00 AM,17440.00,4588.00,50818.00
50112,3/24/2023 7:32:00 AM,17446.00,4586.00,50816.00
50112,3/24/2023 7:33:00 AM,17454.00,4588.00,50814.00
50112,3/24/2023 7:34:00 AM,17459.00,4583.00,50810.00
50112,3/24/2023 7:35:00 AM,17462.00,4576.00,50810.00
50112,3/24/2023 7:36:00 AM,17457.00,4575.00,50808.00
50112,3/24/2023 7:37:00 AM,17448.00,4573.00,50801.00
50112,3/24/2023 7:38:00 AM,17439.00,4568.00,50787.00
50112,3/24/2023 7:39:00 AM,17425.00,4555.00,50772.00
50112,3/24/2023 7:40:00 AM,17417.00,4543.00,50763.00
50112,3/24/2023 7:41:00 AM,17410.00,4536.00,50760.00
50112,3/24/2023 7:42:00 AM,17400.00,4532.00,50760.00
50112,3/24/2023 7:43:00 AM,17392.00,4530.00,50767.00
50112,3/24/2023 7:44:00 AM,17384.00,4529.00,50776.00
50112,3/24/2023 7:45:00 AM,17380.00,4537.00,50786.00
50112,3/24/2023 7:46:00 AM,17375.00,4550.00,50790.00
50112,3/24/2023 7:47:00 AM,17378.00,4560.00,50789.00
50112,3/24/2023 7:48:00 AM,17385.00,4568.00,50789.00
50112,3/24/2023 7:49:00 AM,17395.00,4570.00,50787.00
50112,3/24/2023 7:50:00 AM,17399.00,4566.00,50786.00
50112,3/24/2023 7:51:00 AM,17402.00,4566.00,50786.00
50112,3/24/2023 7:52:00 AM,17405.00,4570.00,50781.00
50112,3/24/2023 7:53:00 AM,17396.00,4569.00,50773.00
50112,3/24/2023 7:54:00 AM,17390.00,4569.00,50768.00
50112,3/24/2023 7:55:00 AM,17388.00,4567.00,50768.00
50112,3/24/2023 7:56:00 AM,17392.00,4569.00,50773.00
50112,3/24/2023 7:57:00 AM,17393.00,4572.00,50779.00
50112,3/24/2023 7:58:00 AM,17392.00,4576.00,50780.00
50112,3/24/2023 7:59:00 AM,17394.00,4580.00,50778.00
50112,3/24/2023 8:00:00 AM,17384.00,4577.00,50772.00
50112,3/24/2023 8:01:00 AM,17379.00,4578.00,50765.00
50112,3/24/2023 8:02:00 AM,17377.00,4578.00,50763.00
50112,3/24/2023 8:03:00 AM,17383.00,4579.00,50764.00
50112,3/24/2023 8:04:00 AM,17379.00,4575.00,50765.00
50112,3/24/2023 8:05:00 AM,17371.00,4575.00,50769.00
50112,3/24/2023 8:06:00 AM,17366.00,4579.00,50774.00
50112,3/24/2023 8:07:00 AM,17369.00,4587.00,50778.00
50112,3/24/2023 8:08:00 AM,17375.00,4593.00,50781.00
50112,3/24/2023 8:09:00 AM,17376.00,4598.00,50786.00
50112,3/24/2023 8:10:00 AM,17380.00,4604.00,50791.00
50112,3/24/2023 8:11:00 AM,17379.00,4608.00,50792.00
50112,3/24/2023 8:12:00 AM,17376.00,4609.00,50789.00
50112,3/24/2023 8:13:00 AM,17380.00,4609.00,50788.00
50112,3/24/2023 8:14:00 AM,17381.00,4608.00,50788.00
50112,3/24/2023 8:15:00 AM,17380.00,4606.00,50786.00
50112,3/24/2023 8:16:00 AM,17384.00,4603.00,50786.00
50112,3/24/2023 8:17:00 AM,17393.00,4607.00,50790.00
50112,3/24/2023 8:18:00 AM,17398.00,4612.00,50791.00
50112,3/24/2023 8:19:00 AM,17399.00,4616.00,50788.00
50112,3/24/2023 8:20:00 AM,17394.00,4617.00,50780.00
50112,3/24/2023 8:21:00 AM,17385.00,4613.00,50764.00
50112,3/24/2023 8:22:00 AM,17377.00,4600.00,50746.00
50112,3/24/2023 8:23:00 AM,17372.00,4587.00,50737.00
50112,3/24/2023 8:24:00 AM,17362.00,4574.00,50730.00
50112,3/24/2023 8:25:00 AM,17356.00,4566.00,50725.00
50112,3/24/2023 8:26:00 AM,17348.00,4562.00,50722.00
50112,3/24/2023 8:27:00 AM,17342.00,4559.00,50722.00
50112,3/24/2023 8:28:00 AM,17339.00,4554.00,50724.00
50112,3/24/2023 8:29:00 AM,17336.00,4549.00,50729.00
50112,3/24/2023 8:30:00 AM,17337.00,4551.00,50734.00
50112,3/24/2023 8:31:00 AM,17350.00,4558.00,50737.00
50112,3/24/2023 8:32:00 AM,17364.00,4564.00,50739.00
50112,3/24/2023 8:33:00 AM,17376.00,4566.00,50737.00
50112,3/24/2023 8:34:00 AM,17389.00,4565.00,50739.00
50112,3/24/2023 8:35:00 AM,17393.00,4560.00,50745.00
50112,3/24/2023 8:36:00 AM,17396.00,4560.00,50751.00
50112,3/24/2023 8:37:00 AM,17406.00,4563.00,50760.00
50112,3/24/2023 8:38:00 AM,17417.00,4569.00,50769.00
50112,3/24/2023 8:39:00 AM,17425.00,4571.00,50776.00
50112,3/24/2023 8:40:00 AM,17421.00,4571.00,50782.00
50112,3/24/2023 8:41:00 AM,17418.00,4572.00,50786.00
50112,3/24/2023 8:42:00 AM,17419.00,4574.00,50790.00
50112,3/24/2023 8:43:00 AM,17415.00,4576.00,50794.00
50112,3/24/2023 8:44:00 AM,17412.00,4579.00,50798.00
50112,3/24/2023 8:45:00 AM,17411.00,4575.00,50800.00
50112,3/24/2023 8:46:00 AM,17423.00,4575.00,50803.00
50112,3/24/2023 8:47:00 AM,17432.00,4570.00,50805.00
50112,3/24/2023 8:48:00 AM,17432.00,4567.00,50802.00
50112,3/24/2023 8:49:00 AM,17422.00,4561.00,50795.00
50112,3/24/2023 8:50:00 AM,17412.00,4555.00,50788.00
50112,3/24/2023 8:51:00 AM,17401.00,4548.00,50781.00
50112,3/24/2023 8:52:00 AM,17401.00,4544.00,50778.00
50112,3/24/2023 8:53:00 AM,17405.00,4541.00,50779.00
50112,3/24/2023 8:54:00 AM,17410.00,4540.00,50783.00
50112,3/24/2023 8:55:00 AM,17408.00,4539.00,50786.00
50112,3/24/2023 8:56:00 AM,17411.00,4541.00,50789.00
50112,3/24/2023 8:57:00 AM,17411.00,4541.00,50791.00
50112,3/24/2023 8:58:00 AM,17401.00,4536.00,50791.00
50112,3/24/2023 8:59:00 AM,17390.00,4532.00,50789.00
50112,3/24/2023 9:00:00 AM,17392.00,4531.00,50789.00
50112,3/24/2023 9:01:00 AM,17392.00,4530.00,50791.00
50112,3/24/2023 9:02:00 AM,17393.00,4529.00,50792.00
50112,3/24/2023 9:03:00 AM,17392.00,4528.00,50794.00
50112,3/24/2023 9:04:00 AM,17392.00,4528.00,50795.00
50112,3/24/2023 9:05:00 AM,17395.00,4529.00,50797.00
50112,3/24/2023 9:06:00 AM,17399.00,4529.00,50800.00
50112,3/24/2023 9:07:00 AM,17406.00,4531.00,50803.00
50112,3/24/2023 9:08:00 AM,17410.00,4533.00,50807.00
50112,3/24/2023 9:09:00 AM,17418.00,4536.00,50812.00
50112,3/24/2023 9:10:00 AM,17421.00,4539.00,50816.00
50112,3/24/2023 9:11:00 AM,17423.00,4541.00,50820.00
50112,3/24/2023 9:12:00 AM,17426.00,4544.00,50823.00
50112,3/24/2023 9:13:00 AM,17429.00,4545.00,50826.00
50112,3/24/2023 9:14:00 AM,17431.00,4546.00,50829.00
50112,3/24/2023 9:15:00 AM,17403.00,4528.00,50821.00
50112,3/24/2023 9:16:00 AM,17396.00,4517.00,50814.00
50112,3/24/2023 9:17:00 AM,17390.00,4498.00,50803.00
50112,3/24/2023 9:18:00 AM,17385.00,4484.00,50792.00
50112,3/24/2023 9:19:00 AM,17372.00,4466.00,50779.00
50112,3/24/2023 9:20:00 AM,17361.00,4454.00,50767.00
50112,3/24/2023 9:21:00 AM,17354.00,4448.00,50759.00
50112,3/24/2023 9:22:00 AM,17342.00,4442.00,50749.00
50112,3/24/2023 9:23:00 AM,17334.00,4440.00,50740.00
50112,3/24/2023 9:24:00 AM,17322.00,4439.00,50731.00
50112,3/24/2023 9:25:00 AM,17310.00,4440.00,50720.00
50112,3/24/2023 9:26:00 AM,17310.00,4445.00,50714.00
50112,3/24/2023 9:27:00 AM,17309.00,4451.00,50710.00
50112,3/24/2023 9:28:00 AM,17302.00,4462.00,50706.00
50112,3/24/2023 9:29:00 AM,17305.00,4472.00,50702.00
50112,3/24/2023 9:30:00 AM,17318.00,4484.00,50705.00
50112,3/24/2023 9:31:00 AM,17334.00,4493.00,50710.00
50112,3/24/2023 9:32:00 AM,17352.00,4504.00,50716.00
50112,3/24/2023 9:33:00 AM,17371.00,4509.00,50720.00
50112,3/24/2023 9:34:00 AM,17388.00,4513.00,50726.00
50112,3/24/2023 9:35:00 AM,17402.00,4517.00,50732.00
50112,3/24/2023 9:36:00 AM,17408.00,4519.00,50736.00
50112,3/24/2023 9:37:00 AM,17413.00,4520.00,50738.00
50112,3/24/2023 9:38:00 AM,17415.00,4521.00,50741.00
50112,3/24/2023 9:39:00 AM,17427.00,4516.00,50748.00
50112,3/24/2023 9:40:00 AM,17433.00,4516.00,50752.00
50112,3/24/2023 9:41:00 AM,17426.00,4512.00,50751.00
50112,3/24/2023 9:42:00 AM,17420.00,4510.00,50751.00
50112,3/24/2023 9:43:00 AM,17417.00,4508.00,50751.00
50112,3/24/2023 9:44:00 AM,17411.00,4506.00,50752.00
50112,3/24/2023 9:45:00 AM,17414.00,4504.00,50756.00
50112,3/24/2023 9:46:00 AM,17416.00,4505.00,50759.00
50112,3/24/2023 9:47:00 AM,17415.00,4503.00,50760.00
50112,3/24/2023 9:48:00 AM,17414.00,4504.00,50763.00
50112,3/24/2023 9:49:00 AM,17411.00,4507.00,50766.00
50112,3/24/2023 9:50:00 AM,17416.00,4509.00,50768.00
50112,3/24/2023 9:51:00 AM,17418.00,4509.00,50771.00
50112,3/24/2023 9:52:00 AM,17418.00,4508.00,50773.00
50112,3/24/2023 9:53:00 AM,17419.00,4512.00,50775.00
50112,3/24/2023 9:54:00 AM,17418.00,4513.00,50777.00
50112,3/24/2023 9:55:00 AM,17420.00,4518.00,50778.00
50112,3/24/2023 9:56:00 AM,17423.00,4518.00,50778.00
50112,3/24/2023 9:57:00 AM,17425.00,4516.00,50776.00
50112,3/24/2023 9:58:00 AM,17424.00,4514.00,50774.00
50112,3/24/2023 9:59:00 AM,17424.00,4514.00,50776.00
50112,3/24/2023 10:00:00 AM,17427.00,4515.00,50777.00
50112,3/24/2023 10:01:00 AM,17425.00,4512.00,50775.00
50112,3/24/2023 10:02:00 AM,17422.00,4509.00,50773.00
50112,3/24/2023 10:03:00 AM,17415.00,4508.00,50772.00
50112,3/24/2023 10:04:00 AM,17414.00,4508.00,50771.00
50112,3/24/2023 10:05:00 AM,17415.00,4508.00,50771.00
50112,3/24/2023 10:06:00 AM,17414.00,4509.00,50773.00
50112,3/24/2023 10:07:00 AM,17418.00,4514.00,50776.00
50112,3/24/2023 10:08:00 AM,17421.00,4512.00,50773.00
50112,3/24/2023 10:09:00 AM,17417.00,4506.00,50774.00
50112,3/24/2023 10:10:00 AM,17416.00,4511.00,50779.00
50112,3/24/2023 10:11:00 AM,17420.00,4513.00,50778.00
50112,3/24/2023 10:12:00 AM,17418.00,4507.00,50776.00
50112,3/24/2023 10:13:00 AM,17416.00,4506.00,50777.00
50112,3/24/2023 10:14:00 AM,17417.00,4511.00,50781.00
50112,3/24/2023 10:15:00 AM,17416.00,4506.00,50777.00
50112,3/24/2023 10:16:00 AM,17412.00,4503.00,50775.00
50112,3/24/2023 10:17:00 AM,17411.00,4502.00,50775.00
50112,3/24/2023 10:18:00 AM,17415.00,4504.00,50779.00
50112,3/24/2023 10:19:00 AM,17415.00,4505.00,50780.00
50112,3/24/2023 10:20:00 AM,17417.00,4503.00,50780.00
50112,3/24/2023 10:21:00 AM,17419.00,4498.00,50777.00
50112,3/24/2023 10:22:00 AM,17418.00,4494.00,50775.00
50112,3/24/2023 10:23:00 AM,17417.00,4493.00,50775.00
50112,3/24/2023 10:24:00 AM,17419.00,4490.00,50774.00
50112,3/24/2023 10:25:00 AM,17420.00,4490.00,50774.00
50112,3/24/2023 10:26:00 AM,17422.00,4490.00,50775.00
50112,3/24/2023 10:27:00 AM,17426.00,4491.00,50774.00
50112,3/24/2023 10:28:00 AM,17425.00,4484.00,50771.00
50112,3/24/2023 10:29:00 AM,17423.00,4483.00,50771.00
50112,3/24/2023 10:30:00 AM,17426.00,4488.00,50771.00
50112,3/24/2023 10:31:00 AM,17428.00,4491.00,50770.00
50112,3/24/2023 10:32:00 AM,17431.00,4489.00,50768.00
50112,3/24/2023 10:33:00 AM,17433.00,4484.00,50766.00
50112,3/24/2023 10:34:00 AM,17432.00,4479.00,50764.00
50112,3/24/2023 10:35:00 AM,17431.00,4475.00,50764.00
50112,3/24/2023 10:36:00 AM,17430.00,4475.00,50766.00
50112,3/24/2023 10:37:00 AM,17430.00,4478.00,50768.00
50112,3/24/2023 10:38:00 AM,17431.00,4480.00,50767.00
50112,3/24/2023 10:39:00 AM,17431.00,4478.00,50764.00
50112,3/24/2023 10:40:00 AM,17429.00,4477.00,50761.00
50112,3/24/2023 10:41:00 AM,17431.00,4477.00,50760.00
50112,3/24/2023 10:42:00 AM,17433.00,4477.00,50758.00
50112,3/24/2023 10:43:00 AM,17432.00,4475.00,50754.00
50112,3/24/2023 10:44:00 AM,17428.00,4472.00,50751.00
50112,3/24/2023 10:45:00 AM,17424.00,4470.00,50749.00
50112,3/24/2023 10:46:00 AM,17424.00,4472.00,50748.00
50112,3/24/2023 10:47:00 AM,17424.00,4473.00,50748.00
50112,3/24/2023 10:48:00 AM,17422.00,4475.00,50748.00
50112,3/24/2023 10:49:00 AM,17418.00,4477.00,50746.00
50112,3/24/2023 10:50:00 AM,17420.00,4481.00,50746.00
50112,3/24/2023 10:51:00 AM,17424.00,4486.00,50746.00
50112,3/24/2023 10:52:00 AM,17425.00,4489.00,50744.00
50112,3/24/2023 10:53:00 AM,17426.00,4491.00,50742.00
50112,3/24/2023 10:54:00 AM,17426.00,4492.00,50741.00
50112,3/24/2023 10:55:00 AM,17427.00,4494.00,50740.00
50112,3/24/2023 10:56:00 AM,17428.00,4496.00,50740.00
50112,3/24/2023 10:57:00 AM,17430.00,4498.00,50740.00
50112,3/24/2023 10:58:00 AM,17434.00,4499.00,50742.00
50112,3/24/2023 10:59:00 AM,17439.00,4501.00,50744.00
50112,3/24/2023 11:00:00 AM,17441.00,4503.00,50744.00
50112,3/24/2023 11:01:00 AM,17444.00,4503.00,50745.00
50112,3/24/2023 11:02:00 AM,17446.00,4502.00,50745.00
50112,3/24/2023 11:03:00 AM,17447.00,4502.00,50744.00
50112,3/24/2023 11:04:00 AM,17450.00,4503.00,50746.00
50112,3/24/2023 11:05:00 AM,17453.00,4503.00,50748.00
50112,3/24/2023 11:06:00 AM,17452.00,4505.00,50749.00
50112,3/24/2023 11:07:00 AM,17451.00,4508.00,50750.00
50112,3/24/2023 11:08:00 AM,17452.00,4510.00,50751.00
50112,3/24/2023 11:09:00 AM,17453.00,4514.00,50753.00
50112,3/24/2023 11:10:00 AM,17453.00,4517.00,50754.00
50112,3/24/2023 11:11:00 AM,17454.00,4520.00,50755.00
50112,3/24/2023 11:12:00 AM,17455.00,4522.00,50756.00
50112,3/24/2023 11:13:00 AM,17456.00,4524.00,50756.00
50112,3/24/2023 11:14:00 AM,17456.00,4525.00,50756.00
50112,3/24/2023 11:15:00 AM,17455.00,4525.00,50756.00
50112,3/24/2023 11:16:00 AM,17453.00,4526.00,50756.00
50112,3/24/2023 11:17:00 AM,17452.00,4527.00,50755.00
50112,3/24/2023 11:18:00 AM,17452.00,4526.00,50755.00
50112,3/24/2023 11:19:00 AM,17455.00,4528.00,50755.00
50112,3/24/2023 11:20:00 AM,17461.00,4530.00,50757.00
50112,3/24/2023 11:21:00 AM,17464.00,4531.00,50759.00
50112,3/24/2023 11:22:00 AM,17466.00,4532.00,50760.00
50112,3/24/2023 11:23:00 AM,17467.00,4531.00,50760.00
50112,3/24/2023 11:24:00 AM,17466.00,4529.00,50759.00
50112,3/24/2023 11:25:00 AM,17464.00,4529.00,50759.00
50112,3/24/2023 11:26:00 AM,17463.00,4530.00,50759.00
50112,3/24/2023 11:27:00 AM,17464.00,4530.00,50759.00
50112,3/24/2023 11:28:00 AM,17465.00,4529.00,50760.00
50112,3/24/2023 11:29:00 AM,17465.00,4529.00,50760.00
50112,3/24/2023 11:30:00 AM,17466.00,4528.00,50760.00
50112,3/24/2023 11:31:00 AM,17467.00,4529.00,50761.00
50112,3/24/2023 11:32:00 AM,17469.00,4528.00,50762.00
50112,3/24/2023 11:33:00 AM,17467.00,4527.00,50763.00
50112,3/24/2023 11:34:00 AM,17464.00,4529.00,50764.00
50112,3/24/2023 11:35:00 AM,17465.00,4531.00,50765.00
50112,3/24/2023 11:36:00 AM,17466.00,4532.00,50765.00
50112,3/24/2023 11:37:00 AM,17467.00,4532.00,50766.00
50112,3/24/2023 11:38:00 AM,17467.00,4532.00,50767.00
50112,3/24/2023 11:39:00 AM,17466.00,4532.00,50767.00
50112,3/24/2023 11:40:00 AM,17466.00,4531.00,50767.00
50112,3/24/2023 11:41:00 AM,17465.00,4529.00,50767.00
50112,3/24/2023 11:42:00 AM,17463.00,4529.00,50767.00
50112,3/24/2023 11:43:00 AM,17463.00,4528.00,50767.00
50112,3/24/2023 11:44:00 AM,17459.00,4526.00,50767.00
50112,3/24/2023 11:45:00 AM,17458.00,4526.00,50767.00
50112,3/24/2023 11:46:00 AM,17457.00,4525.00,50767.00
50112,3/24/2023 11:47:00 AM,17454.00,4526.00,50768.00
50112,3/24/2023 11:48:00 AM,17453.00,4527.00,50768.00
50112,3/24/2023 11:49:00 AM,17454.00,4528.00,50768.00
50112,3/24/2023 11:50:00 AM,17454.00,4528.00,50769.00
50112,3/24/2023 11:51:00 AM,17453.00,4529.00,50769.00
50112,3/24/2023 11:52:00 AM,17454.00,4530.00,50769.00
50112,3/24/2023 11:53:00 AM,17453.00,4531.00,50769.00
50112,3/24/2023 11:54:00 AM,17454.00,4533.00,50770.00
50112,3/24/2023 11:55:00 AM,17454.00,4535.00,50770.00
50112,3/24/2023 11:56:00 AM,17454.00,4536.00,50771.00
50112,3/24/2023 11:57:00 AM,17454.00,4537.00,50772.00
50112,3/24/2023 11:58:00 AM,17453.00,4536.00,50771.00
50112,3/24/2023 11:59:00 AM,17453.00,4537.00,50772.00
50112,3/24/2023 12:00:00 PM,17454.00,4537.00,50772.00
50112,3/24/2023 12:01:00 PM,17455.00,4538.00,50772.00
50112,3/24/2023 12:02:00 PM,17455.00,4538.00,50773.00
50112,3/24/2023 12:03:00 PM,17455.00,4538.00,50773.00
50112,3/24/2023 12:04:00 PM,17455.00,4540.00,50773.00
50112,3/24/2023 12:05:00 PM,17455.00,4540.00,50774.00
50112,3/24/2023 12:06:00 PM,17456.00,4542.00,50775.00
50112,3/24/2023 12:07:00 PM,17457.00,4543.00,50776.00
50112,3/24/2023 12:08:00 PM,17457.00,4546.00,50776.00
50112,3/24/2023 12:09:00 PM,17460.00,4548.00,50776.00
50112,3/24/2023 12:10:00 PM,17462.00,4548.00,50777.00
50112,3/24/2023 12:11:00 PM,17463.00,4549.00,50777.00
50112,3/24/2023 12:12:00 PM,17464.00,4550.00,50778.00
50112,3/24/2023 12:13:00 PM,17466.00,4552.00,50779.00
50112,3/24/2023 12:14:00 PM,17468.00,4552.00,50779.00
50112,3/24/2023 12:15:00 PM,17470.00,4552.00,50779.00
50112,3/24/2023 12:16:00 PM,17470.00,4550.00,50779.00
50112,3/24/2023 12:17:00 PM,17470.00,4550.00,50779.00
50112,3/24/2023 12:18:00 PM,17471.00,4551.00,50780.00
50112,3/24/2023 12:19:00 PM,17473.00,4551.00,50780.00
50112,3/24/2023 12:20:00 PM,17474.00,4550.00,50780.00
50112,3/24/2023 12:21:00 PM,17475.00,4550.00,50781.00
50112,3/24/2023 12:22:00 PM,17476.00,4548.00,50781.00
50112,3/24/2023 12:23:00 PM,17476.00,4547.00,50781.00
50112,3/24/2023 12:24:00 PM,17475.00,4546.00,50781.00
50112,3/24/2023 12:25:00 PM,17474.00,4546.00,50780.00
50112,3/24/2023 12:26:00 PM,17474.00,4547.00,50781.00
50112,3/24/2023 12:27:00 PM,17474.00,4546.00,50781.00
50112,3/24/2023 12:28:00 PM,17475.00,4545.00,50781.00
50112,3/24/2023 12:29:00 PM,17475.00,4543.00,50781.00
50112,3/24/2023 12:30:00 PM,17475.00,4542.00,50781.00
50112,3/24/2023 12:31:00 PM,17475.00,4540.00,50781.00
50112,3/24/2023 12:32:00 PM,17475.00,4537.00,50780.00
50112,3/24/2023 12:33:00 PM,17473.00,4536.00,50780.00
50112,3/24/2023 12:34:00 PM,17472.00,4537.00,50780.00
50112,3/24/2023 12:35:00 PM,17472.00,4537.00,50780.00
50112,3/24/2023 12:36:00 PM,17473.00,4537.00,50780.00
50112,3/24/2023 12:37:00 PM,17473.00,4538.00,50781.00
50112,3/24/2023 12:38:00 PM,17473.00,4540.00,50781.00
50112,3/24/2023 12:39:00 PM,17473.00,4542.00,50781.00
50112,3/24/2023 12:40:00 PM,17474.00,4542.00,50781.00
50112,3/24/2023 12:41:00 PM,17473.00,4543.00,50781.00
50112,3/24/2023 12:42:00 PM,17473.00,4544.00,50781.00
50112,3/24/2023 12:43:00 PM,17471.00,4544.00,50781.00
50112,3/24/2023 12:44:00 PM,17470.00,4546.00,50781.00
50112,3/24/2023 12:45:00 PM,17471.00,4547.00,50781.00
50112,3/24/2023 12:46:00 PM,17471.00,4547.00,50782.00
50112,3/24/2023 12:47:00 PM,17470.00,4546.00,50782.00
50112,3/24/2023 12:48:00 PM,17468.00,4547.00,50782.00
50112,3/24/2023 12:49:00 PM,17468.00,4548.00,50782.00
50112,3/24/2023 12:50:00 PM,17468.00,4549.00,50783.00
50112,3/24/2023 12:51:00 PM,17468.00,4551.00,50783.00
50112,3/24/2023 12:52:00 PM,17469.00,4553.00,50783.00
50112,3/24/2023 12:53:00 PM,17469.00,4552.00,50783.00
50112,3/24/2023 12:54:00 PM,17469.00,4553.00,50783.00
50112,3/24/2023 12:55:00 PM,17470.00,4552.00,50783.00
50112,3/24/2023 12:56:00 PM,17470.00,4550.00,50783.00
50112,3/24/2023 12:57:00 PM,17468.00,4548.00,50782.00
50112,3/24/2023 12:58:00 PM,17466.00,4549.00,50782.00
50112,3/24/2023 12:59:00 PM,17466.00,4550.00,50783.00
50112,3/24/2023 1:00:00 PM,17466.00,4550.00,50783.00
50112,3/24/2023 1:01:00 PM,17465.00,4550.00,50783.00
50112,3/24/2023 1:02:00 PM,17465.00,4550.00,50783.00
50112,3/24/2023 1:03:00 PM,17465.00,4551.00,50783.00
50112,3/24/2023 1:04:00 PM,17464.00,4552.00,50783.00
50112,3/24/2023 1:05:00 PM,17464.00,4553.00,50784.00
50112,3/24/2023 1:06:00 PM,17465.00,4554.00,50784.00
50112,3/24/2023 1:07:00 PM,17467.00,4555.00,50785.00
50112,3/24/2023 1:08:00 PM,17469.00,4553.00,50785.00
50112,3/24/2023 1:09:00 PM,17469.00,4552.00,50786.00
50112,3/24/2023 1:10:00 PM,17469.00,4550.00,50786.00
50112,3/24/2023 1:11:00 PM,17469.00,4549.00,50786.00
50112,3/24/2023 1:12:00 PM,17469.00,4549.00,50786.00
50112,3/24/2023 1:13:00 PM,17470.00,4547.00,50786.00
50112,3/24/2023 1:14:00 PM,17469.00,4547.00,50787.00
50112,3/24/2023 1:15:00 PM,17469.00,4548.00,50787.00
50112,3/24/2023 1:16:00 PM,17470.00,4547.00,50787.00
50112,3/24/2023 1:17:00 PM,17471.00,4548.00,50787.00
50112,3/24/2023 1:18:00 PM,17471.00,4548.00,50787.00
50112,3/24/2023 1:19:00 PM,17470.00,4546.00,50788.00
50112,3/24/2023 1:20:00 PM,17469.00,4547.00,50788.00
50112,3/24/2023 1:21:00 PM,17468.00,4549.00,50788.00
50112,3/24/2023 1:22:00 PM,17470.00,4550.00,50789.00
50112,3/24/2023 1:23:00 PM,17471.00,4549.00,50789.00
50112,3/24/2023 1:24:00 PM,17471.00,4549.00,50789.00
50112,3/24/2023 1:25:00 PM,17471.00,4549.00,50789.00
50112,3/24/2023 1:26:00 PM,17471.00,4550.00,50790.00
50112,3/24/2023 1:27:00 PM,17472.00,4550.00,50789.00
50112,3/24/2023 1:28:00 PM,17471.00,4549.00,50790.00
50112,3/24/2023 1:29:00 PM,17471.00,4550.00,50790.00
50112,3/24/2023 1:30:00 PM,17471.00,4550.00,50790.00
50112,3/24/2023 1:31:00 PM,17470.00,4551.00,50790.00
50112,3/24/2023 1:32:00 PM,17471.00,4551.00,50790.00
50112,3/24/2023 1:33:00 PM,17472.00,4551.00,50790.00
50112,3/24/2023 1:34:00 PM,17472.00,4551.00,50790.00
50112,3/24/2023 1:35:00 PM,17473.00,4550.00,50790.00
50112,3/24/2023 1:36:00 PM,17473.00,4549.00,50790.00
50112,3/24/2023 1:37:00 PM,17473.00,4549.00,50790.00
50112,3/24/2023 1:38:00 PM,17473.00,4550.00,50791.00
50112,3/24/2023 1:39:00 PM,17473.00,4551.00,50791.00
50112,3/24/2023 1:40:00 PM,17473.00,4551.00,50791.00
50112,3/24/2023 1:41:00 PM,17474.00,4552.00,50792.00
50112,3/24/2023 1:42:00 PM,17475.00,4551.00,50792.00
50112,3/24/2023 1:43:00 PM,17475.00,4551.00,50792.00
50112,3/24/2023 1:44:00 PM,17475.00,4551.00,50792.00
50112,3/24/2023 1:45:00 PM,17475.00,4550.00,50792.00
50112,3/24/2023 1:46:00 PM,17476.00,4548.00,50792.00
50112,3/24/2023 1:47:00 PM,17475.00,4547.00,50792.00
50112,3/24/2023 1:48:00 PM,17474.00,4548.00,50792.00
50112,3/24/2023 1:49:00 PM,17474.00,4548.00,50792.00
50112,3/24/2023 1:50:00 PM,17473.00,4548.00,50792.00
50112,3/24/2023 1:51:00 PM,17474.00,4549.00,50792.00
50112,3/24/2023 1:52:00 PM,17474.00,4549.00,50792.00
50112,3/24/2023 1:53:00 PM,17473.00,4550.00,50793.00
50112,3/24/2023 1:54:00 PM,17473.00,4551.00,50793.00
50112,3/24/2023 1:55:00 PM,17474.00,4552.00,50794.00
50112,3/24/2023 1:56:00 PM,17475.00,4553.00,50794.00
50112,3/24/2023 1:57:00 PM,17475.00,4552.00,50794.00
50112,3/24/2023 1:58:00 PM,17475.00,4552.00,50794.00
50112,3/24/2023 1:59:00 PM,17473.00,4552.00,50794.00
50112,3/24/2023 2:00:00 PM,17473.00,4553.00,50795.00
50112,3/24/2023 2:01:00 PM,17473.00,4553.00,50795.00
50112,3/24/2023 2:02:00 PM,17473.00,4553.00,50795.00
50112,3/24/2023 2:03:00 PM,17473.00,4553.00,50795.00
50112,3/24/2023 2:04:00 PM,17473.00,4554.00,50796.00
50112,3/24/2023 2:05:00 PM,17473.00,4553.00,50796.00
50112,3/24/2023 2:06:00 PM,17472.00,4552.00,50796.00
50112,3/24/2023 2:07:00 PM,17471.00,4552.00,50796.00
50112,3/24/2023 2:08:00 PM,17470.00,4552.00,50796.00
50112,3/24/2023 2:09:00 PM,17469.00,4552.00,50796.00
50112,3/24/2023 2:10:00 PM,17469.00,4552.00,50796.00
50112,3/24/2023 2:11:00 PM,17468.00,4552.00,50796.00
50112,3/24/2023 2:12:00 PM,17469.00,4552.00,50796.00
50112,3/24/2023 2:13:00 PM,17468.00,4552.00,50796.00
50112,3/24/2023 2:14:00 PM,17468.00,4552.00,50797.00
50112,3/24/2023 2:15:00 PM,17469.00,4552.00,50796.00
50112,3/24/2023 2:16:00 PM,17469.00,4552.00,50797.00
50112,3/24/2023 2:17:00 PM,17468.00,4552.00,50796.00
50112,3/24/2023 2:18:00 PM,17468.00,4552.00,50797.00
50112,3/24/2023 2:19:00 PM,17467.00,4553.00,50797.00
50112,3/24/2023 2:20:00 PM,17467.00,4554.00,50797.00
50112,3/24/2023 2:21:00 PM,17469.00,4554.00,50797.00
50112,3/24/2023 2:22:00 PM,17465.00,4553.00,50797.00
50112,3/24/2023 2:23:00 PM,17465.00,4554.00,50797.00
50112,3/24/2023 2:24:00 PM,17465.00,4556.00,50798.00
50112,3/24/2023 2:25:00 PM,17466.00,4556.00,50798.00
50112,3/24/2023 2:26:00 PM,17466.00,4555.00,50798.00
50112,3/24/2023 2:27:00 PM,17464.00,4555.00,50798.00
50112,3/24/2023 2:28:00 PM,17464.00,4556.00,50798.00
50112,3/24/2023 2:29:00 PM,17463.00,4558.00,50799.00
50112,3/24/2023 2:30:00 PM,17464.00,4558.00,50799.00
50112,3/24/2023 2:31:00 PM,17466.00,4557.00,50800.00
50112,3/24/2023 2:32:00 PM,17466.00,4556.00,50800.00
50112,3/24/2023 2:33:00 PM,17465.00,4555.00,50799.00
50112,3/24/2023 2:34:00 PM,17463.00,4557.00,50799.00
50112,3/24/2023 2:35:00 PM,17463.00,4558.00,50799.00
50112,3/24/2023 2:36:00 PM,17463.00,4559.00,50799.00
50112,3/24/2023 2:37:00 PM,17464.00,4560.00,50800.00
50112,3/24/2023 2:38:00 PM,17463.00,4560.00,50799.00
50112,3/24/2023 2:39:00 PM,17463.00,4562.00,50799.00
50112,3/24/2023 2:40:00 PM,17464.00,4563.00,50800.00
50112,3/24/2023 2:41:00 PM,17465.00,4562.00,50800.00
50112,3/24/2023 2:42:00 PM,17465.00,4561.00,50799.00
50112,3/24/2023 2:43:00 PM,17463.00,4561.00,50799.00
50112,3/24/2023 2:44:00 PM,17463.00,4561.00,50798.00
50112,3/24/2023 2:45:00 PM,17463.00,4560.00,50798.00
50112,3/24/2023 2:46:00 PM,17463.00,4560.00,50798.00
50112,3/24/2023 2:47:00 PM,17463.00,4560.00,50798.00
50112,3/24/2023 2:48:00 PM,17462.00,4560.00,50798.00
50112,3/24/2023 2:49:00 PM,17462.00,4560.00,50798.00
50112,3/24/2023 2:50:00 PM,17462.00,4561.00,50798.00
50112,3/24/2023 2:51:00 PM,17462.00,4561.00,50798.00
50112,3/24/2023 2:52:00 PM,17461.00,4562.00,50798.00
50112,3/24/2023 2:53:00 PM,17461.00,4564.00,50797.00
50112,3/24/2023 2:54:00 PM,17460.00,4565.00,50797.00
50112,3/24/2023 2:55:00 PM,17460.00,4566.00,50797.00
50112,3/24/2023 2:56:00 PM,17460.00,4567.00,50798.00
50112,3/24/2023 2:57:00 PM,17460.00,4567.00,50798.00
50112,3/24/2023 2:58:00 PM,17459.00,4568.00,50797.00
50112,3/24/2023 2:59:00 PM,17459.00,4570.00,50797.00
50112,3/24/2023 3:00:00 PM,17459.00,4571.00,50798.00
50112,3/24/2023 3:01:00 PM,17460.00,4571.00,50798.00
50112,3/24/2023 3:02:00 PM,17459.00,4571.00,50798.00
50112,3/24/2023 3:03:00 PM,17457.00,4571.00,50798.00
50112,3/24/2023 3:04:00 PM,17459.00,4572.00,50798.00
50112,3/24/2023 3:05:00 PM,17459.00,4572.00,50798.00
50112,3/24/2023 3:06:00 PM,17461.00,4572.00,50798.00
50112,3/24/2023 3:07:00 PM,17461.00,4571.00,50798.00
50112,3/24/2023 3:08:00 PM,17462.00,4569.00,50798.00
50112,3/24/2023 3:09:00 PM,17462.00,4569.00,50798.00
50112,3/24/2023 3:10:00 PM,17458.00,4571.00,50798.00
50112,3/24/2023 3:11:00 PM,17456.00,4576.00,50798.00
50112,3/24/2023 3:12:00 PM,17455.00,4578.00,50799.00
50112,3/24/2023 3:13:00 PM,17454.00,4578.00,50799.00
50112,3/24/2023 3:14:00 PM,17453.00,4579.00,50800.00
50112,3/24/2023 3:15:00 PM,17454.00,4579.00,50800.00
50112,3/24/2023 3:16:00 PM,17454.00,4578.00,50800.00
50112,3/24/2023 3:17:00 PM,17456.00,4577.00,50801.00
50112,3/24/2023 3:18:00 PM,17460.00,4574.00,50801.00
50112,3/24/2023 3:19:00 PM,17464.00,4571.00,50801.00
50112,3/24/2023 3:20:00 PM,17463.00,4569.00,50801.00
50112,3/24/2023 3:21:00 PM,17461.00,4569.00,50801.00
50112,3/24/2023 3:22:00 PM,17460.00,4571.00,50801.00
50112,3/24/2023 3:23:00 PM,17459.00,4573.00,50802.00
50112,3/24/2023 3:24:00 PM,17458.00,4573.00,50802.00
50112,3/24/2023 3:25:00 PM,17457.00,4573.00,50802.00
50112,3/24/2023 3:26:00 PM,17455.00,4574.00,50802.00
50112,3/24/2023 3:27:00 PM,17455.00,4576.00,50802.00
50112,3/24/2023 3:28:00 PM,17455.00,4576.00,50803.00
50112,3/24/2023 3:29:00 PM,17454.00,4575.00,50803.00
50112,3/24/2023 3:30:00 PM,17456.00,4574.00,50803.00
50112,3/24/2023 3:31:00 PM,17457.00,4572.00,50803.00
50112,3/24/2023 3:32:00 PM,17461.00,4569.00,50803.00
50112,3/24/2023 3:33:00 PM,17460.00,4567.00,50803.00
50112,3/24/2023 3:34:00 PM,17464.00,4565.00,50803.00
50112,3/24/2023 3:35:00 PM,17468.00,4563.00,50803.00
50112,3/24/2023 3:36:00 PM,17461.00,4562.00,50802.00
50112,3/24/2023 3:37:00 PM,17457.00,4567.00,50802.00
50112,3/24/2023 3:38:00 PM,17454.00,4572.00,50803.00
50112,3/24/2023 3:39:00 PM,17450.00,4573.00,50804.00
50112,3/24/2023 3:40:00 PM,17449.00,4573.00,50804.00
50112,3/24/2023 3:41:00 PM,17449.00,4573.00,50804.00
50112,3/24/2023 3:42:00 PM,17450.00,4574.00,50804.00
50112,3/24/2023 3:43:00 PM,17451.00,4575.00,50804.00
50112,3/24/2023 3:44:00 PM,17452.00,4575.00,50805.00
50112,3/24/2023 3:45:00 PM,17454.00,4575.00,50805.00
50112,3/24/2023 3:46:00 PM,17455.00,4576.00,50804.00
50112,3/24/2023 3:47:00 PM,17455.00,4575.00,50805.00
50112,3/24/2023 3:48:00 PM,17456.00,4574.00,50805.00
50112,3/24/2023 3:49:00 PM,17457.00,4574.00,50805.00
50112,3/24/2023 3:50:00 PM,17458.00,4573.00,50804.00
50112,3/24/2023 3:51:00 PM,17458.00,4573.00,50805.00
50112,3/24/2023 3:52:00 PM,17460.00,4573.00,50804.00
50112,3/24/2023 3:53:00 PM,17461.00,4572.00,50805.00
50112,3/24/2023 3:54:00 PM,17461.00,4572.00,50805.00
50112,3/24/2023 3:55:00 PM,17463.00,4571.00,50805.00
50112,3/24/2023 3:56:00 PM,17461.00,4572.00,50805.00
50112,3/24/2023 3:57:00 PM,17460.00,4574.00,50805.00
50112,3/24/2023 3:58:00 PM,17461.00,4575.00,50805.00
50112,3/24/2023 3:59:00 PM,17462.00,4575.00,50805.00
50112,3/24/2023 4:00:00 PM,17464.00,4575.00,50805.00
50112,3/24/2023 4:01:00 PM,17464.00,4573.00,50805.00
50112,3/24/2023 4:02:00 PM,17463.00,4574.00,50805.00
50112,3/24/2023 4:03:00 PM,17463.00,4576.00,50805.00
50112,3/24/2023 4:04:00 PM,17462.00,4577.00,50804.00
50112,3/24/2023 4:05:00 PM,17461.00,4578.00,50804.00
50112,3/24/2023 4:06:00 PM,17463.00,4579.00,50804.00
50112,3/24/2023 4:07:00 PM,17466.00,4579.00,50804.00
50112,3/24/2023 4:08:00 PM,17467.00,4578.00,50804.00
50112,3/24/2023 4:09:00 PM,17469.00,4578.00,50804.00
50112,3/24/2023 4:10:00 PM,17472.00,4577.00,50803.00
50112,3/24/2023 4:11:00 PM,17473.00,4578.00,50803.00
50112,3/24/2023 4:12:00 PM,17475.00,4576.00,50804.00
50112,3/24/2023 4:13:00 PM,17478.00,4573.00,50804.00
50112,3/24/2023 4:14:00 PM,17478.00,4571.00,50804.00
50112,3/24/2023 4:15:00 PM,17478.00,4570.00,50804.00
50112,3/24/2023 4:16:00 PM,17477.00,4570.00,50803.00
50112,3/24/2023 4:17:00 PM,17474.00,4571.00,50803.00
50112,3/24/2023 4:18:00 PM,17471.00,4572.00,50803.00
50112,3/24/2023 4:19:00 PM,17468.00,4574.00,50804.00
50112,3/24/2023 4:20:00 PM,17466.00,4575.00,50803.00
50112,3/24/2023 4:21:00 PM,17465.00,4576.00,50803.00
50112,3/24/2023 4:22:00 PM,17463.00,4575.00,50804.00
50112,3/24/2023 4:23:00 PM,17461.00,4576.00,50804.00
50112,3/24/2023 4:24:00 PM,17460.00,4577.00,50803.00
50112,3/24/2023 4:25:00 PM,17458.00,4579.00,50803.00
50112,3/24/2023 4:26:00 PM,17457.00,4581.00,50803.00
50112,3/24/2023 4:27:00 PM,17457.00,4581.00,50803.00
50112,3/24/2023 4:28:00 PM,17457.00,4582.00,50803.00
50112,3/24/2023 4:29:00 PM,17457.00,4581.00,50803.00
50112,3/24/2023 4:30:00 PM,17457.00,4581.00,50803.00
50112,3/24/2023 4:31:00 PM,17456.00,4581.00,50803.00
50112,3/24/2023 4:32:00 PM,17454.00,4580.00,50803.00
50112,3/24/2023 4:33:00 PM,17453.00,4579.00,50803.00
50112,3/24/2023 4:34:00 PM,17451.00,4579.00,50803.00
50112,3/24/2023 4:35:00 PM,17449.00,4580.00,50803.00
50112,3/24/2023 4:36:00 PM,17447.00,4581.00,50803.00
50112,3/24/2023 4:37:00 PM,17446.00,4583.00,50803.00
50112,3/24/2023 4:38:00 PM,17446.00,4583.00,50803.00
50112,3/24/2023 4:39:00 PM,17446.00,4583.00,50803.00
50112,3/24/2023 4:40:00 PM,17446.00,4583.00,50803.00
50112,3/24/2023 4:41:00 PM,17445.00,4582.00,50803.00
50112,3/24/2023 4:42:00 PM,17444.00,4583.00,50803.00
50112,3/24/2023 4:43:00 PM,17443.00,4584.00,50804.00
50112,3/24/2023 4:44:00 PM,17442.00,4585.00,50804.00
50112,3/24/2023 4:45:00 PM,17441.00,4586.00,50803.00
50112,3/24/2023 4:46:00 PM,17441.00,4586.00,50803.00
50112,3/24/2023 4:47:00 PM,17440.00,4587.00,50803.00
50112,3/24/2023 4:48:00 PM,17440.00,4586.00,50804.00
50112,3/24/2023 4:49:00 PM,17439.00,4586.00,50804.00
50112,3/24/2023 4:50:00 PM,17438.00,4586.00,50803.00
50112,3/24/2023 4:51:00 PM,17438.00,4585.00,50803.00
50112,3/24/2023 4:52:00 PM,17438.00,4585.00,50803.00
50112,3/24/2023 4:53:00 PM,17438.00,4584.00,50803.00
50112,3/24/2023 4:54:00 PM,17439.00,4583.00,50803.00
50112,3/24/2023 4:55:00 PM,17439.00,4583.00,50803.00
50112,3/24/2023 4:56:00 PM,17438.00,4583.00,50803.00
50112,3/24/2023 4:57:00 PM,17437.00,4584.00,50803.00
50112,3/24/2023 4:58:00 PM,17435.00,4584.00,50803.00
50112,3/24/2023 4:59:00 PM,17435.00,4583.00,50803.00
50112,3/24/2023 5:00:00 PM,17434.00,4582.00,50803.00
50112,3/24/2023 5:01:00 PM,17434.00,4581.00,50803.00
50112,3/24/2023 5:02:00 PM,17433.00,4580.00,50803.00
50112,3/24/2023 5:03:00 PM,17432.00,4579.00,50803.00
50112,3/24/2023 5:04:00 PM,17432.00,4576.00,50803.00
50112,3/24/2023 5:05:00 PM,17431.00,4575.00,50803.00
50112,3/24/2023 5:06:00 PM,17430.00,4575.00,50802.00
50112,3/24/2023 5:07:00 PM,17430.00,4576.00,50802.00
50112,3/24/2023 5:08:00 PM,17430.00,4576.00,50802.00
50112,3/24/2023 5:09:00 PM,17429.00,4575.00,50802.00
50112,3/24/2023 5:10:00 PM,17426.00,4575.00,50801.00
50112,3/24/2023 5:11:00 PM,17425.00,4574.00,50801.00
50112,3/24/2023 5:12:00 PM,17427.00,4571.00,50801.00
50112,3/24/2023 5:13:00 PM,17429.00,4566.00,50802.00
50112,3/24/2023 5:14:00 PM,17430.00,4563.00,50802.00
50112,3/24/2023 5:15:00 PM,17432.00,4561.00,50801.00
50112,3/24/2023 5:16:00 PM,17431.00,4561.00,50801.00
50112,3/24/2023 5:17:00 PM,17431.00,4561.00,50801.00
50112,3/24/2023 5:18:00 PM,17431.00,4561.00,50801.00
50112,3/24/2023 5:19:00 PM,17431.00,4560.00,50801.00
50112,3/24/2023 5:20:00 PM,17430.00,4559.00,50801.00
50112,3/24/2023 5:21:00 PM,17431.00,4558.00,50801.00
50112,3/24/2023 5:22:00 PM,17432.00,4557.00,50801.00
50112,3/24/2023 5:23:00 PM,17433.00,4557.00,50801.00
50112,3/24/2023 5:24:00 PM,17432.00,4557.00,50801.00
50112,3/24/2023 5:25:00 PM,17432.00,4558.00,50801.00
50112,3/24/2023 5:26:00 PM,17432.00,4558.00,50801.00
50112,3/24/2023 5:27:00 PM,17430.00,4558.00,50801.00
50112,3/24/2023 5:28:00 PM,17428.00,4559.00,50801.00
50112,3/24/2023 5:29:00 PM,17428.00,4560.00,50801.00
50112,3/24/2023 5:30:00 PM,17428.00,4560.00,50801.00
50112,3/24/2023 5:31:00 PM,17427.00,4561.00,50801.00
50112,3/24/2023 5:32:00 PM,17426.00,4561.00,50801.00
50112,3/24/2023 5:33:00 PM,17425.00,4562.00,50801.00
50112,3/24/2023 5:34:00 PM,17424.00,4562.00,50801.00
50112,3/24/2023 5:35:00 PM,17423.00,4562.00,50801.00
50112,3/24/2023 5:36:00 PM,17422.00,4562.00,50801.00
50112,3/24/2023 5:37:00 PM,17422.00,4563.00,50801.00
50112,3/24/2023 5:38:00 PM,17420.00,4564.00,50801.00
50112,3/24/2023 5:39:00 PM,17418.00,4564.00,50800.00
50112,3/24/2023 5:40:00 PM,17418.00,4563.00,50800.00
50112,3/24/2023 5:41:00 PM,17417.00,4563.00,50800.00
50112,3/24/2023 5:42:00 PM,17417.00,4561.00,50800.00
50112,3/24/2023 5:43:00 PM,17416.00,4560.00,50800.00
50112,3/24/2023 5:44:00 PM,17416.00,4559.00,50800.00
50112,3/24/2023 5:45:00 PM,17415.00,4558.00,50800.00
50112,3/24/2023 5:46:00 PM,17415.00,4557.00,50800.00
50112,3/24/2023 5:47:00 PM,17415.00,4554.00,50800.00
50112,3/24/2023 5:48:00 PM,17415.00,4554.00,50800.00
50112,3/24/2023 5:49:00 PM,17415.00,4554.00,50800.00
50112,3/24/2023 5:50:00 PM,17414.00,4555.00,50800.00
50112,3/24/2023 5:51:00 PM,17414.00,4556.00,50800.00
50112,3/24/2023 5:52:00 PM,17413.00,4555.00,50800.00
50112,3/24/2023 5:53:00 PM,17412.00,4555.00,50800.00
50112,3/24/2023 5:54:00 PM,17412.00,4554.00,50800.00
50112,3/24/2023 5:55:00 PM,17411.00,4552.00,50800.00
50112,3/24/2023 5:56:00 PM,17408.00,4554.00,50800.00
50112,3/24/2023 5:57:00 PM,17406.00,4558.00,50799.00
50112,3/24/2023 5:58:00 PM,17405.00,4560.00,50799.00
50112,3/24/2023 5:59:00 PM,17403.00,4560.00,50799.00
50112,3/24/2023 6:00:00 PM,17401.00,4561.00,50799.00
50112,3/24/2023 6:01:00 PM,17399.00,4561.00,50798.00
50112,3/24/2023 6:02:00 PM,17398.00,4559.00,50798.00
50112,3/24/2023 6:03:00 PM,17397.00,4556.00,50798.00
50112,3/24/2023 6:04:00 PM,17397.00,4554.00,50797.00
50112,3/24/2023 6:05:00 PM,17396.00,4552.00,50797.00
50112,3/24/2023 6:06:00 PM,17395.00,4550.00,50797.00
50112,3/24/2023 6:07:00 PM,17396.00,4547.00,50797.00
50112,3/24/2023 6:08:00 PM,17397.00,4543.00,50797.00
50112,3/24/2023 6:09:00 PM,17399.00,4539.00,50797.00
50112,3/24/2023 6:10:00 PM,17400.00,4538.00,50796.00
50112,3/24/2023 6:11:00 PM,17400.00,4537.00,50796.00
50112,3/24/2023 6:12:00 PM,17402.00,4536.00,50796.00
50112,3/24/2023 6:13:00 PM,17404.00,4534.00,50796.00
50112,3/24/2023 6:14:00 PM,17406.00,4531.00,50797.00
50112,3/24/2023 6:15:00 PM,17405.00,4529.00,50797.00
50112,3/24/2023 6:16:00 PM,17402.00,4530.00,50797.00
50112,3/24/2023 6:17:00 PM,17406.00,4529.00,50797.00
50112,3/24/2023 6:18:00 PM,17413.00,4527.00,50798.00
50112,3/24/2023 6:19:00 PM,17416.00,4524.00,50798.00
50112,3/24/2023 6:20:00 PM,17412.00,4525.00,50798.00
50112,3/24/2023 6:21:00 PM,17410.00,4529.00,50798.00
50112,3/24/2023 6:22:00 PM,17413.00,4528.00,50798.00
50112,3/24/2023 6:23:00 PM,17411.00,4527.00,50799.00
50112,3/24/2023 6:24:00 PM,17416.00,4526.00,50799.00
50112,3/24/2023 6:25:00 PM,17415.00,4523.00,50799.00
50112,3/24/2023 6:26:00 PM,17410.00,4525.00,50798.00
50112,3/24/2023 6:27:00 PM,17410.00,4527.00,50798.00
50112,3/24/2023 6:28:00 PM,17410.00,4527.00,50798.00
50112,3/24/2023 6:29:00 PM,17409.00,4526.00,50798.00
50112,3/24/2023 6:30:00 PM,17408.00,4527.00,50798.00
50112,3/24/2023 6:31:00 PM,17407.00,4527.00,50798.00
50112,3/24/2023 6:32:00 PM,17407.00,4526.00,50798.00
50112,3/24/2023 6:33:00 PM,17411.00,4522.00,50798.00
50112,3/24/2023 6:34:00 PM,17415.00,4519.00,50799.00
50112,3/24/2023 6:35:00 PM,17417.00,4518.00,50799.00
50112,3/24/2023 6:36:00 PM,17419.00,4518.00,50799.00
50112,3/24/2023 6:37:00 PM,17419.00,4518.00,50799.00
50112,3/24/2023 6:38:00 PM,17422.00,4518.00,50799.00
50112,3/24/2023 6:39:00 PM,17423.00,4519.00,50799.00
50112,3/24/2023 6:40:00 PM,17422.00,4520.00,50799.00
50112,3/24/2023 6:41:00 PM,17421.00,4522.00,50799.00
50112,3/24/2023 6:42:00 PM,17420.00,4523.00,50800.00
50112,3/24/2023 6:43:00 PM,17422.00,4522.00,50800.00
50112,3/24/2023 6:44:00 PM,17424.00,4524.00,50800.00
50112,3/24/2023 6:45:00 PM,17422.00,4528.00,50800.00
50112,3/24/2023 6:46:00 PM,17421.00,4530.00,50800.00
50112,3/24/2023 6:47:00 PM,17420.00,4532.00,50800.00
50112,3/24/2023 6:48:00 PM,17420.00,4534.00,50800.00
50112,3/24/2023 6:49:00 PM,17420.00,4535.00,50800.00
50112,3/24/2023 6:50:00 PM,17421.00,4536.00,50800.00
50112,3/24/2023 6:51:00 PM,17421.00,4536.00,50800.00
50112,3/24/2023 6:52:00 PM,17421.00,4537.00,50801.00
50112,3/24/2023 6:53:00 PM,17421.00,4537.00,50801.00
50112,3/24/2023 6:54:00 PM,17421.00,4537.00,50801.00
50112,3/24/2023 6:55:00 PM,17421.00,4538.00,50801.00
50112,3/24/2023 6:56:00 PM,17421.00,4537.00,50802.00
50112,3/24/2023 6:57:00 PM,17419.00,4537.00,50802.00
50112,3/24/2023 6:58:00 PM,17418.00,4536.00,50802.00
50112,3/24/2023 6:59:00 PM,17417.00,4536.00,50802.00
50112,3/24/2023 7:00:00 PM,17415.00,4533.00,50802.00
50112,3/24/2023 7:01:00 PM,17413.00,4531.00,50802.00
50112,3/24/2023 7:02:00 PM,17412.00,4528.00,50803.00
50112,3/24/2023 7:03:00 PM,17412.00,4527.00,50803.00
50112,3/24/2023 7:04:00 PM,17413.00,4526.00,50803.00
50112,3/24/2023 7:05:00 PM,17412.00,4526.00,50803.00
50112,3/24/2023 7:06:00 PM,17413.00,4527.00,50803.00
50112,3/24/2023 7:07:00 PM,17414.00,4527.00,50803.00
50112,3/24/2023 7:08:00 PM,17414.00,4525.00,50804.00
50112,3/24/2023 7:09:00 PM,17414.00,4525.00,50804.00
50112,3/24/2023 7:10:00 PM,17414.00,4526.00,50804.00
50112,3/24/2023 7:11:00 PM,17416.00,4525.00,50804.00
50112,3/24/2023 7:12:00 PM,17417.00,4527.00,50804.00
50112,3/24/2023 7:13:00 PM,17418.00,4522.00,50805.00
50112,3/24/2023 7:14:00 PM,17417.00,4520.00,50805.00
50112,3/24/2023 7:15:00 PM,17417.00,4517.00,50805.00
50112,3/24/2023 7:16:00 PM,17416.00,4516.00,50805.00
50112,3/24/2023 7:17:00 PM,17416.00,4517.00,50805.00
50112,3/24/2023 7:18:00 PM,17416.00,4517.00,50806.00
50112,3/24/2023 7:19:00 PM,17417.00,4517.00,50806.00
50112,3/24/2023 7:20:00 PM,17418.00,4517.00,50806.00
50112,3/24/2023 7:21:00 PM,17420.00,4517.00,50807.00
50112,3/24/2023 7:22:00 PM,17421.00,4517.00,50807.00
50112,3/24/2023 7:23:00 PM,17419.00,4516.00,50807.00
50112,3/24/2023 7:24:00 PM,17419.00,4517.00,50807.00
50112,3/24/2023 7:25:00 PM,17418.00,4518.00,50807.00
50112,3/24/2023 7:26:00 PM,17418.00,4518.00,50807.00
50112,3/24/2023 7:27:00 PM,17416.00,4518.00,50808.00
50112,3/24/2023 7:28:00 PM,17417.00,4520.00,50808.00
50112,3/24/2023 7:29:00 PM,17416.00,4520.00,50808.00
50112,3/24/2023 7:30:00 PM,17414.00,4521.00,50808.00
50112,3/24/2023 7:31:00 PM,17412.00,4521.00,50809.00
50112,3/24/2023 7:32:00 PM,17410.00,4520.00,50809.00
50112,3/24/2023 7:33:00 PM,17408.00,4519.00,50809.00
50112,3/24/2023 7:34:00 PM,17409.00,4518.00,50810.00
50112,3/24/2023 7:35:00 PM,17411.00,4519.00,50810.00
50112,3/24/2023 7:36:00 PM,17414.00,4518.00,50811.00
50112,3/24/2023 7:37:00 PM,17415.00,4518.00,50812.00
50112,3/24/2023 7:38:00 PM,17413.00,4518.00,50812.00
50112,3/24/2023 7:39:00 PM,17413.00,4519.00,50813.00
50112,3/24/2023 7:40:00 PM,17415.00,4518.00,50814.00
50112,3/24/2023 7:41:00 PM,17419.00,4515.00,50815.00
50112,3/24/2023 7:42:00 PM,17421.00,4514.00,50816.00
50112,3/24/2023 7:43:00 PM,17422.00,4514.00,50817.00
50112,3/24/2023 7:44:00 PM,17422.00,4514.00,50817.00
50112,3/24/2023 7:45:00 PM,17420.00,4515.00,50817.00
50112,3/24/2023 7:46:00 PM,17419.00,4515.00,50817.00
50112,3/24/2023 7:47:00 PM,17418.00,4515.00,50818.00
50112,3/24/2023 7:48:00 PM,17417.00,4515.00,50818.00
50112,3/24/2023 7:49:00 PM,17418.00,4513.00,50817.00
50112,3/24/2023 7:50:00 PM,17417.00,4512.00,50817.00
50112,3/24/2023 7:51:00 PM,17417.00,4511.00,50817.00
50112,3/24/2023 7:52:00 PM,17417.00,4510.00,50817.00
50112,3/24/2023 7:53:00 PM,17417.00,4509.00,50816.00
50112,3/24/2023 7:54:00 PM,17415.00,4509.00,50816.00
50112,3/24/2023 7:55:00 PM,17413.00,4508.00,50815.00
50112,3/24/2023 7:56:00 PM,17412.00,4507.00,50815.00
50112,3/24/2023 7:57:00 PM,17411.00,4507.00,50814.00
50112,3/24/2023 7:58:00 PM,17411.00,4506.00,50814.00
50112,3/24/2023 7:59:00 PM,17412.00,4505.00,50814.00
50112,3/24/2023 8:00:00 PM,17413.00,4504.00,50813.00
50112,3/24/2023 8:01:00 PM,17414.00,4504.00,50813.00
50112,3/24/2023 8:02:00 PM,17417.00,4503.00,50812.00
50112,3/24/2023 8:03:00 PM,17419.00,4502.00,50812.00
50112,3/24/2023 8:04:00 PM,17423.00,4501.00,50812.00
50112,3/24/2023 8:05:00 PM,17425.00,4501.00,50811.00
50112,3/24/2023 8:06:00 PM,17427.00,4501.00,50811.00
50112,3/24/2023 8:07:00 PM,17430.00,4501.00,50810.00
50112,3/24/2023 8:08:00 PM,17432.00,4501.00,50810.00
50112,3/24/2023 8:09:00 PM,17434.00,4500.00,50810.00
50112,3/24/2023 8:10:00 PM,17436.00,4499.00,50810.00
50112,3/24/2023 8:11:00 PM,17437.00,4499.00,50810.00
50112,3/24/2023 8:12:00 PM,17438.00,4498.00,50810.00
50112,3/24/2023 8:13:00 PM,17439.00,4498.00,50810.00
50112,3/24/2023 8:14:00 PM,17441.00,4498.00,50810.00
50112,3/24/2023 8:15:00 PM,17443.00,4498.00,50810.00
50112,3/24/2023 8:16:00 PM,17444.00,4499.00,50810.00
50112,3/24/2023 8:17:00 PM,17444.00,4500.00,50810.00
50112,3/24/2023 8:18:00 PM,17443.00,4500.00,50810.00
50112,3/24/2023 8:19:00 PM,17445.00,4500.00,50810.00
50112,3/24/2023 8:20:00 PM,17446.00,4499.00,50810.00
50112,3/24/2023 8:21:00 PM,17447.00,4499.00,50809.00
50112,3/24/2023 8:22:00 PM,17448.00,4499.00,50809.00
50112,3/24/2023 8:23:00 PM,17449.00,4499.00,50809.00
50112,3/24/2023 8:24:00 PM,17449.00,4499.00,50809.00
50112,3/24/2023 8:25:00 PM,17450.00,4499.00,50808.00
50112,3/24/2023 8:26:00 PM,17452.00,4499.00,50808.00
50112,3/24/2023 8:27:00 PM,17453.00,4499.00,50808.00
50112,3/24/2023 8:28:00 PM,17453.00,4500.00,50808.00
50112,3/24/2023 8:29:00 PM,17454.00,4500.00,50809.00
50112,3/24/2023 8:30:00 PM,17455.00,4500.00,50809.00
50112,3/24/2023 8:31:00 PM,17456.00,4501.00,50809.00
50112,3/24/2023 8:32:00 PM,17457.00,4502.00,50809.00
50112,3/24/2023 8:33:00 PM,17459.00,4502.00,50809.00
50112,3/24/2023 8:34:00 PM,17457.00,4502.00,50809.00
50112,3/24/2023 8:35:00 PM,17460.00,4503.00,50809.00
50112,3/24/2023 8:36:00 PM,17464.00,4502.00,50810.00
50112,3/24/2023 8:37:00 PM,17464.00,4500.00,50810.00
50112,3/24/2023 8:38:00 PM,17460.00,4502.00,50809.00
50112,3/24/2023 8:39:00 PM,17459.00,4504.00,50809.00
50112,3/24/2023 8:40:00 PM,17461.00,4503.00,50809.00
50112,3/24/2023 8:41:00 PM,17463.00,4502.00,50809.00
50112,3/24/2023 8:42:00 PM,17464.00,4501.00,50809.00
50112,3/24/2023 8:43:00 PM,17465.00,4502.00,50809.00
50112,3/24/2023 8:44:00 PM,17465.00,4501.00,50809.00
50112,3/24/2023 8:45:00 PM,17465.00,4500.00,50809.00
50112,3/24/2023 8:46:00 PM,17465.00,4500.00,50809.00
50112,3/24/2023 8:47:00 PM,17465.00,4499.00,50809.00
50112,3/24/2023 8:48:00 PM,17465.00,4498.00,50809.00
50112,3/24/2023 8:49:00 PM,17465.00,4498.00,50809.00
50112,3/24/2023 8:50:00 PM,17464.00,4499.00,50809.00
50112,3/24/2023 8:51:00 PM,17463.00,4499.00,50810.00
50112,3/24/2023 8:52:00 PM,17464.00,4499.00,50810.00
50112,3/24/2023 8:53:00 PM,17466.00,4497.00,50810.00
50112,3/24/2023 8:54:00 PM,17467.00,4496.00,50810.00
50112,3/24/2023 8:55:00 PM,17467.00,4496.00,50810.00
50112,3/24/2023 8:56:00 PM,17466.00,4496.00,50810.00
50112,3/24/2023 8:57:00 PM,17465.00,4495.00,50811.00
50112,3/24/2023 8:58:00 PM,17465.00,4496.00,50811.00
50112,3/24/2023 8:59:00 PM,17464.00,4497.00,50811.00
50112,3/24/2023 9:00:00 PM,17464.00,4497.00,50811.00
50112,3/24/2023 9:01:00 PM,17465.00,4497.00,50812.00
50112,3/24/2023 9:02:00 PM,17465.00,4496.00,50812.00
50112,3/24/2023 9:03:00 PM,17463.00,4496.00,50812.00
50112,3/24/2023 9:04:00 PM,17461.00,4497.00,50812.00
50112,3/24/2023 9:05:00 PM,17461.00,4497.00,50813.00
50112,3/24/2023 9:06:00 PM,17460.00,4497.00,50813.00
50112,3/24/2023 9:07:00 PM,17460.00,4498.00,50813.00
50112,3/24/2023 9:08:00 PM,17459.00,4498.00,50814.00
50112,3/24/2023 9:09:00 PM,17460.00,4498.00,50814.00
50112,3/24/2023 9:10:00 PM,17462.00,4497.00,50815.00
50112,3/24/2023 9:11:00 PM,17464.00,4496.00,50815.00
50112,3/24/2023 9:12:00 PM,17465.00,4497.00,50815.00
50112,3/24/2023 9:13:00 PM,17466.00,4496.00,50816.00
50112,3/24/2023 9:14:00 PM,17468.00,4495.00,50816.00
50112,3/24/2023 9:15:00 PM,17469.00,4495.00,50817.00
50112,3/24/2023 9:16:00 PM,17471.00,4494.00,50817.00
50112,3/24/2023 9:17:00 PM,17473.00,4494.00,50817.00
50112,3/24/2023 9:18:00 PM,17473.00,4492.00,50817.00
50112,3/24/2023 9:19:00 PM,17473.00,4492.00,50818.00
50112,3/24/2023 9:20:00 PM,17474.00,4491.00,50818.00
50112,3/24/2023 9:21:00 PM,17471.00,4493.00,50818.00
50112,3/24/2023 9:22:00 PM,17469.00,4495.00,50819.00
50112,3/24/2023 9:23:00 PM,17468.00,4495.00,50819.00
50112,3/24/2023 9:24:00 PM,17468.00,4495.00,50819.00
50112,3/24/2023 9:25:00 PM,17470.00,4493.00,50820.00
50112,3/24/2023 9:26:00 PM,17472.00,4492.00,50820.00
50112,3/24/2023 9:27:00 PM,17473.00,4490.00,50821.00
50112,3/24/2023 9:28:00 PM,17471.00,4490.00,50820.00
50112,3/24/2023 9:29:00 PM,17464.00,4494.00,50820.00
50112,3/24/2023 9:30:00 PM,17462.00,4496.00,50820.00
50112,3/24/2023 9:31:00 PM,17461.00,4496.00,50820.00
50112,3/24/2023 9:32:00 PM,17461.00,4494.00,50820.00
50112,3/24/2023 9:33:00 PM,17464.00,4492.00,50820.00
50112,3/24/2023 9:34:00 PM,17466.00,4492.00,50820.00
50112,3/24/2023 9:35:00 PM,17466.00,4492.00,50819.00
50112,3/24/2023 9:36:00 PM,17464.00,4492.00,50819.00
50112,3/24/2023 9:37:00 PM,17462.00,4492.00,50819.00
50112,3/24/2023 9:38:00 PM,17462.00,4493.00,50819.00
50112,3/24/2023 9:39:00 PM,17462.00,4492.00,50819.00
50112,3/24/2023 9:40:00 PM,17462.00,4493.00,50819.00
50112,3/24/2023 9:41:00 PM,17461.00,4493.00,50818.00
50112,3/24/2023 9:42:00 PM,17459.00,4494.00,50818.00
50112,3/24/2023 9:43:00 PM,17459.00,4495.00,50818.00
50112,3/24/2023 9:44:00 PM,17459.00,4495.00,50818.00
50112,3/24/2023 9:45:00 PM,17460.00,4495.00,50818.00
50112,3/24/2023 9:46:00 PM,17460.00,4495.00,50818.00
50112,3/24/2023 9:47:00 PM,17461.00,4495.00,50818.00
50112,3/24/2023 9:48:00 PM,17462.00,4495.00,50818.00
50112,3/24/2023 9:49:00 PM,17462.00,4494.00,50818.00
50112,3/24/2023 9:50:00 PM,17462.00,4496.00,50818.00
50112,3/24/2023 9:51:00 PM,17462.00,4497.00,50818.00
50112,3/24/2023 9:52:00 PM,17466.00,4496.00,50818.00
50112,3/24/2023 9:53:00 PM,17466.00,4494.00,50817.00
50112,3/24/2023 9:54:00 PM,17465.00,4494.00,50817.00
50112,3/24/2023 9:55:00 PM,17464.00,4495.00,50817.00
50112,3/24/2023 9:56:00 PM,17464.00,4495.00,50816.00
50112,3/24/2023 9:57:00 PM,17463.00,4494.00,50816.00
50112,3/24/2023 9:58:00 PM,17463.00,4495.00,50816.00
50112,3/24/2023 9:59:00 PM,17463.00,4495.00,50816.00
50112,3/24/2023 10:00:00 PM,17462.00,4495.00,50816.00
50112,3/24/2023 10:01:00 PM,17463.00,4496.00,50816.00
50112,3/24/2023 10:02:00 PM,17467.00,4495.00,50817.00
50112,3/24/2023 10:03:00 PM,17468.00,4495.00,50817.00
50112,3/24/2023 10:04:00 PM,17468.00,4495.00,50817.00
50112,3/24/2023 10:05:00 PM,17470.00,4495.00,50817.00
50112,3/24/2023 10:06:00 PM,17471.00,4495.00,50817.00
50112,3/24/2023 10:07:00 PM,17472.00,4495.00,50818.00
50112,3/24/2023 10:08:00 PM,17474.00,4496.00,50818.00
50112,3/24/2023 10:09:00 PM,17476.00,4496.00,50818.00
50112,3/24/2023 10:10:00 PM,17477.00,4496.00,50817.00
50112,3/24/2023 10:11:00 PM,17479.00,4495.00,50818.00
50112,3/24/2023 10:12:00 PM,17481.00,4494.00,50818.00
50112,3/24/2023 10:13:00 PM,17482.00,4493.00,50818.00
50112,3/24/2023 10:14:00 PM,17482.00,4493.00,50818.00
50112,3/24/2023 10:15:00 PM,17484.00,4492.00,50818.00
50112,3/24/2023 10:16:00 PM,17485.00,4492.00,50818.00
50112,3/24/2023 10:17:00 PM,17486.00,4491.00,50819.00
50112,3/24/2023 10:18:00 PM,17485.00,4490.00,50819.00
50112,3/24/2023 10:19:00 PM,17486.00,4488.00,50819.00
50112,3/24/2023 10:20:00 PM,17486.00,4487.00,50819.00
50112,3/24/2023 10:21:00 PM,17485.00,4487.00,50819.00
50112,3/24/2023 10:22:00 PM,17483.00,4489.00,50820.00
50112,3/24/2023 10:23:00 PM,17484.00,4489.00,50820.00
50112,3/24/2023 10:24:00 PM,17484.00,4489.00,50821.00
50112,3/24/2023 10:25:00 PM,17483.00,4489.00,50821.00
50112,3/24/2023 10:26:00 PM,17483.00,4488.00,50821.00
50112,3/24/2023 10:27:00 PM,17483.00,4488.00,50821.00
50112,3/24/2023 10:28:00 PM,17485.00,4488.00,50822.00
50112,3/24/2023 10:29:00 PM,17483.00,4489.00,50822.00
50112,3/24/2023 10:30:00 PM,17482.00,4490.00,50822.00
50112,3/24/2023 10:31:00 PM,17484.00,4489.00,50822.00
50112,3/24/2023 10:32:00 PM,17484.00,4488.00,50823.00
50112,3/24/2023 10:33:00 PM,17480.00,4490.00,50823.00
50112,3/24/2023 10:34:00 PM,17479.00,4491.00,50823.00
50112,3/24/2023 10:35:00 PM,17477.00,4493.00,50824.00
50112,3/24/2023 10:36:00 PM,17474.00,4494.00,50824.00
50112,3/24/2023 10:37:00 PM,17473.00,4496.00,50824.00
50112,3/24/2023 10:38:00 PM,17472.00,4497.00,50825.00
50112,3/24/2023 10:39:00 PM,17470.00,4498.00,50825.00
50112,3/24/2023 10:40:00 PM,17470.00,4499.00,50825.00
50112,3/24/2023 10:41:00 PM,17471.00,4500.00,50825.00
50112,3/24/2023 10:42:00 PM,17473.00,4500.00,50826.00
50112,3/24/2023 10:43:00 PM,17472.00,4501.00,50826.00
50112,3/24/2023 10:44:00 PM,17473.00,4500.00,50826.00
50112,3/24/2023 10:45:00 PM,17476.00,4499.00,50826.00
50112,3/24/2023 10:46:00 PM,17479.00,4498.00,50826.00
50112,3/24/2023 10:47:00 PM,17480.00,4498.00,50826.00
50112,3/24/2023 10:48:00 PM,17481.00,4497.00,50826.00
50112,3/24/2023 10:49:00 PM,17482.00,4496.00,50825.00
50112,3/24/2023 10:50:00 PM,17484.00,4495.00,50826.00
50112,3/24/2023 10:51:00 PM,17488.00,4494.00,50826.00
50112,3/24/2023 10:52:00 PM,17489.00,4494.00,50826.00
50112,3/24/2023 10:53:00 PM,17491.00,4493.00,50827.00
50112,3/24/2023 10:54:00 PM,17491.00,4493.00,50827.00
50112,3/24/2023 10:55:00 PM,17492.00,4493.00,50827.00
50112,3/24/2023 10:56:00 PM,17491.00,4493.00,50827.00
50112,3/24/2023 10:57:00 PM,17491.00,4493.00,50827.00
50112,3/24/2023 10:58:00 PM,17491.00,4493.00,50827.00
50112,3/24/2023 10:59:00 PM,17492.00,4493.00,50828.00
50112,3/24/2023 11:00:00 PM,17493.00,4493.00,50828.00
50112,3/24/2023 11:01:00 PM,17494.00,4493.00,50828.00
50112,3/24/2023 11:02:00 PM,17493.00,4494.00,50828.00
50112,3/24/2023 11:03:00 PM,17492.00,4494.00,50829.00
50112,3/24/2023 11:04:00 PM,17492.00,4495.00,50829.00
50112,3/24/2023 11:05:00 PM,17493.00,4495.00,50830.00
50112,3/24/2023 11:06:00 PM,17496.00,4494.00,50830.00
50112,3/24/2023 11:07:00 PM,17496.00,4493.00,50830.00
50112,3/24/2023 11:08:00 PM,17496.00,4492.00,50831.00
50112,3/24/2023 11:09:00 PM,17493.00,4493.00,50831.00
50112,3/24/2023 11:10:00 PM,17493.00,4495.00,50832.00
50112,3/24/2023 11:11:00 PM,17492.00,4497.00,50832.00
50112,3/24/2023 11:12:00 PM,17497.00,4496.00,50833.00
50112,3/24/2023 11:13:00 PM,17499.00,4496.00,50834.00
50112,3/24/2023 11:14:00 PM,17502.00,4496.00,50835.00
50112,3/24/2023 11:15:00 PM,17507.00,4495.00,50836.00
50112,3/24/2023 11:16:00 PM,17508.00,4495.00,50836.00
50112,3/24/2023 11:17:00 PM,17507.00,4496.00,50837.00
50112,3/24/2023 11:18:00 PM,17512.00,4493.00,50838.00
50112,3/24/2023 11:19:00 PM,17513.00,4492.00,50838.00
50112,3/24/2023 11:20:00 PM,17516.00,4489.00,50839.00
50112,3/24/2023 11:21:00 PM,17518.00,4487.00,50839.00
50112,3/24/2023 11:22:00 PM,17518.00,4485.00,50839.00
50112,3/24/2023 11:23:00 PM,17516.00,4485.00,50840.00
50112,3/24/2023 11:24:00 PM,17518.00,4483.00,50841.00
50112,3/24/2023 11:25:00 PM,17515.00,4484.00,50841.00
50112,3/24/2023 11:26:00 PM,17511.00,4484.00,50842.00
50112,3/24/2023 11:27:00 PM,17510.00,4485.00,50843.00
50112,3/24/2023 11:28:00 PM,17507.00,4486.00,50843.00
50112,3/24/2023 11:29:00 PM,17505.00,4487.00,50844.00
50112,3/24/2023 11:30:00 PM,17508.00,4487.00,50845.00
50112,3/24/2023 11:31:00 PM,17508.00,4488.00,50845.00
50112,3/24/2023 11:32:00 PM,17509.00,4488.00,50846.00
50112,3/24/2023 11:33:00 PM,17511.00,4487.00,50846.00
50112,3/24/2023 11:34:00 PM,17511.00,4486.00,50847.00
50112,3/24/2023 11:35:00 PM,17514.00,4485.00,50847.00
50112,3/24/2023 11:36:00 PM,17516.00,4482.00,50848.00
50112,3/24/2023 11:37:00 PM,17513.00,4482.00,50847.00
50112,3/24/2023 11:38:00 PM,17509.00,4483.00,50847.00
50112,3/24/2023 11:39:00 PM,17508.00,4484.00,50848.00
50112,3/24/2023 11:40:00 PM,17508.00,4483.00,50848.00
50112,3/24/2023 11:41:00 PM,17507.00,4482.00,50849.00
50112,3/24/2023 11:42:00 PM,17504.00,4482.00,50848.00
50112,3/24/2023 11:43:00 PM,17502.00,4482.00,50848.00
50112,3/24/2023 11:44:00 PM,17502.00,4482.00,50849.00
50112,3/24/2023 11:45:00 PM,17500.00,4484.00,50849.00
50112,3/24/2023 11:46:00 PM,17499.00,4487.00,50849.00
50112,3/24/2023 11:47:00 PM,17499.00,4487.00,50850.00
50112,3/24/2023 11:48:00 PM,17499.00,4487.00,50850.00
50112,3/24/2023 11:49:00 PM,17500.00,4488.00,50850.00
50112,3/24/2023 11:50:00 PM,17502.00,4489.00,50851.00
50112,3/24/2023 11:51:00 PM,17506.00,4489.00,50851.00
50112,3/24/2023 11:52:00 PM,17508.00,4488.00,50852.00
50112,3/24/2023 11:53:00 PM,17511.00,4489.00,50853.00
50112,3/24/2023 11:54:00 PM,17513.00,4489.00,50853.00
50112,3/24/2023 11:55:00 PM,17514.00,4490.00,50853.00
50112,3/24/2023 11:56:00 PM,17511.00,4491.00,50853.00
50112,3/24/2023 11:57:00 PM,17510.00,4493.00,50852.00
50112,3/24/2023 11:58:00 PM,17508.00,4494.00,50852.00
50112,3/24/2023 11:59:00 PM,17506.00,4494.00,50851.00
