MagnetometerDeviceID,SampleDateTime,GeoBfieldMeasureNorth,GeoBfieldMeasureEast,GeoBfieldMeasureVertical
50127,5/10/2024 12:00:00 AM,22680.63,5208.37,41425.18
50127,5/10/2024 12:01:00 AM,22680.15,5208.80,41425.34
50127,5/10/2024 12:02:00 AM,22679.66,5209.06,41425.46
50127,5/10/2024 12:03:00 AM,22679.74,5209.28,41425.67
50127,5/10/2024 12:04:00 AM,22679.25,5209.57,41425.78
50127,5/10/2024 12:05:00 AM,22679.24,5209.76,41425.99
50127,5/10/2024 12:06:00 AM,22678.97,5210.07,41426.15
50127,5/10/2024 12:07:00 AM,22678.74,5210.35,41426.31
50127,5/10/2024 12:08:00 AM,22678.23,5210.60,41426.43
50127,5/10/2024 12:09:00 AM,22677.72,5210.80,41426.56
50127,5/10/2024 12:10:00 AM,22677.46,5210.86,41426.73
50127,5/10/2024 12:11:00 AM,22677.03,5211.09,41426.88
50127,5/10/2024 12:12:00 AM,22676.98,5211.34,41427.08
50127,5/10/2024 12:13:00 AM,22677.13,5211.46,41427.26
50127,5/10/2024 12:14:00 AM,22677.25,5211.59,41427.43
50127,5/10/2024 12:15:00 AM,22677.03,5211.74,41427.56
50127,5/10/2024 12:16:00 AM,22676.30,5212.01,41427.63
50127,5/10/2024 12:17:00 AM,22676.24,5212.26,41427.84
50127,5/10/2024 12:18:00 AM,22676.48,5212.27,41428.00
50127,5/10/2024 12:19:00 AM,22676.28,5212.44,41428.14
50127,5/10/2024 12:20:00 AM,22676.03,5212.64,41428.33
50127,5/10/2024 12:21:00 AM,22675.38,5213.04,41428.47
50127,5/10/2024 12:22:00 AM,22675.06,5213.25,41428.66
50127,5/10/2024 12:23:00 AM,22674.69,5213.47,41428.80
50127,5/10/2024 12:24:00 AM,22674.52,5213.58,41428.97
50127,5/10/2024 12:25:00 AM,22674.05,5213.75,41429.14
50127,5/10/2024 12:26:00 AM,22673.55,5213.98,41429.28
50127,5/10/2024 12:27:00 AM,22673.42,5214.14,41429.46
50127,5/10/2024 12:28:00 AM,22673.12,5214.34,41429.59
50127,5/10/2024 12:29:00 AM,22673.06,5214.43,41429.78
50127,5/10/2024 12:30:00 AM,22672.51,5214.59,41429.89
50127,5/10/2024 12:31:00 AM,22672.38,5214.69,41430.06
50127,5/10/2024 12:32:00 AM,22671.93,5214.87,41430.18
50127,5/10/2024 12:33:00 AM,22671.35,5215.16,41430.31
50127,5/10/2024 12:34:00 AM,22670.84,5215.40,41430.43
50127,5/10/2024 12:35:00 AM,22670.03,5215.65,41430.50
50127,5/10/2024 12:36:00 AM,22669.87,5215.88,41430.66
50127,5/10/2024 12:37:00 AM,22669.56,5216.19,41430.78
50127,5/10/2024 12:38:00 AM,22669.68,5216.36,41430.93
50127,5/10/2024 12:39:00 AM,22670.54,5216.44,41431.19
50127,5/10/2024 12:40:00 AM,22672.95,5216.11,41431.60
50127,5/10/2024 12:41:00 AM,22676.01,5215.68,41432.06
50127,5/10/2024 12:42:00 AM,22677.50,5215.62,41432.35
50127,5/10/2024 12:43:00 AM,22678.24,5215.65,41432.58
50127,5/10/2024 12:44:00 AM,22678.00,5215.71,41432.76
50127,5/10/2024 12:45:00 AM,22676.85,5215.89,41432.89
50127,5/10/2024 12:46:00 AM,22675.98,5216.07,41433.12
50127,5/10/2024 12:47:00 AM,22675.82,5216.30,41433.44
50127,5/10/2024 12:48:00 AM,22676.05,5216.54,41433.76
50127,5/10/2024 12:49:00 AM,22676.43,5216.83,41434.09
50127,5/10/2024 12:50:00 AM,22676.37,5217.11,41434.31
50127,5/10/2024 12:51:00 AM,22675.89,5217.21,41434.48
50127,5/10/2024 12:52:00 AM,22675.25,5217.33,41434.66
50127,5/10/2024 12:53:00 AM,22674.67,5217.38,41434.87
50127,5/10/2024 12:54:00 AM,22674.64,5217.40,41435.13
50127,5/10/2024 12:55:00 AM,22674.71,5217.66,41435.42
50127,5/10/2024 12:56:00 AM,22674.99,5217.85,41435.68
50127,5/10/2024 12:57:00 AM,22674.78,5218.06,41435.90
50127,5/10/2024 12:58:00 AM,22674.55,5218.20,41436.11
50127,5/10/2024 12:59:00 AM,22674.03,5218.40,41436.30
50127,5/10/2024 1:00:00 AM,22674.04,5218.46,41436.59
50127,5/10/2024 1:01:00 AM,22673.65,5218.65,41436.81
50127,5/10/2024 1:02:00 AM,22673.65,5218.81,41437.09
50127,5/10/2024 1:03:00 AM,22673.42,5218.99,41437.30
50127,5/10/2024 1:04:00 AM,22673.46,5219.19,41437.58
50127,5/10/2024 1:05:00 AM,22673.39,5219.41,41437.84
50127,5/10/2024 1:06:00 AM,22673.12,5219.61,41438.06
50127,5/10/2024 1:07:00 AM,22672.62,5219.74,41438.25
50127,5/10/2024 1:08:00 AM,22671.98,5219.98,41438.47
50127,5/10/2024 1:09:00 AM,22671.82,5220.00,41438.71
50127,5/10/2024 1:10:00 AM,22671.55,5220.24,41438.96
50127,5/10/2024 1:11:00 AM,22672.10,5220.47,41439.33
50127,5/10/2024 1:12:00 AM,22671.33,5221.11,41439.52
50127,5/10/2024 1:13:00 AM,22671.18,5221.30,41439.79
50127,5/10/2024 1:14:00 AM,22671.60,5221.87,41440.22
50127,5/10/2024 1:15:00 AM,22671.79,5222.63,41440.54
50127,5/10/2024 1:16:00 AM,22671.57,5222.81,41440.73
50127,5/10/2024 1:17:00 AM,22670.88,5222.94,41440.96
50127,5/10/2024 1:18:00 AM,22671.24,5223.73,41441.45
50127,5/10/2024 1:19:00 AM,22670.66,5224.25,41441.61
50127,5/10/2024 1:20:00 AM,22670.49,5224.32,41441.84
50127,5/10/2024 1:21:00 AM,22669.50,5224.92,41442.04
50127,5/10/2024 1:22:00 AM,22669.00,5225.66,41442.32
50127,5/10/2024 1:23:00 AM,22668.99,5226.16,41442.60
50127,5/10/2024 1:24:00 AM,22668.47,5226.48,41442.76
50127,5/10/2024 1:25:00 AM,22667.59,5227.97,41443.10
50127,5/10/2024 1:26:00 AM,22668.60,5228.40,41443.47
50127,5/10/2024 1:27:00 AM,22668.81,5228.25,41443.56
50127,5/10/2024 1:28:00 AM,22668.32,5229.05,41443.82
50127,5/10/2024 1:29:00 AM,22667.36,5230.23,41444.04
50127,5/10/2024 1:30:00 AM,22667.52,5230.68,41444.31
50127,5/10/2024 1:31:00 AM,22667.49,5230.81,41444.49
50127,5/10/2024 1:32:00 AM,22667.60,5231.63,41444.85
50127,5/10/2024 1:33:00 AM,22667.53,5232.39,41445.08
50127,5/10/2024 1:34:00 AM,22667.89,5232.36,41445.26
50127,5/10/2024 1:35:00 AM,22668.46,5232.30,41445.48
50127,5/10/2024 1:36:00 AM,22668.81,5232.55,41445.73
50127,5/10/2024 1:37:00 AM,22668.98,5232.88,41445.93
50127,5/10/2024 1:38:00 AM,22668.71,5233.30,41446.10
50127,5/10/2024 1:39:00 AM,22668.92,5233.56,41446.31
50127,5/10/2024 1:40:00 AM,22669.06,5233.86,41446.56
50127,5/10/2024 1:41:00 AM,22669.03,5234.27,41446.79
50127,5/10/2024 1:42:00 AM,22669.42,5233.97,41446.96
50127,5/10/2024 1:43:00 AM,22668.88,5234.07,41447.08
50127,5/10/2024 1:44:00 AM,22668.34,5234.48,41447.25
50127,5/10/2024 1:45:00 AM,22668.25,5234.49,41447.40
50127,5/10/2024 1:46:00 AM,22668.11,5234.18,41447.47
50127,5/10/2024 1:47:00 AM,22667.80,5233.94,41447.56
50127,5/10/2024 1:48:00 AM,22667.88,5233.41,41447.65
50127,5/10/2024 1:49:00 AM,22667.69,5233.23,41447.75
50127,5/10/2024 1:50:00 AM,22668.23,5232.70,41447.87
50127,5/10/2024 1:51:00 AM,22668.38,5232.23,41447.92
50127,5/10/2024 1:52:00 AM,22668.54,5231.67,41447.97
50127,5/10/2024 1:53:00 AM,22668.81,5231.30,41448.06
50127,5/10/2024 1:54:00 AM,22669.24,5230.99,41448.12
50127,5/10/2024 1:55:00 AM,22669.15,5230.75,41448.12
50127,5/10/2024 1:56:00 AM,22669.39,5230.67,41448.20
50127,5/10/2024 1:57:00 AM,22669.87,5229.97,41448.17
50127,5/10/2024 1:58:00 AM,22669.79,5229.08,41448.06
50127,5/10/2024 1:59:00 AM,22668.93,5228.52,41447.91
50127,5/10/2024 2:00:00 AM,22667.60,5228.24,41447.77
50127,5/10/2024 2:01:00 AM,22666.72,5227.70,41447.67
50127,5/10/2024 2:02:00 AM,22665.92,5227.10,41447.54
50127,5/10/2024 2:03:00 AM,22664.69,5226.34,41447.27
50127,5/10/2024 2:04:00 AM,22664.11,5225.90,41447.18
50127,5/10/2024 2:05:00 AM,22663.55,5225.60,41447.02
50127,5/10/2024 2:06:00 AM,22662.95,5224.94,41446.84
50127,5/10/2024 2:07:00 AM,22662.18,5224.80,41446.74
50127,5/10/2024 2:08:00 AM,22661.20,5225.19,41446.66
50127,5/10/2024 2:09:00 AM,22659.98,5225.45,41446.44
50127,5/10/2024 2:10:00 AM,22659.37,5225.55,41446.35
50127,5/10/2024 2:11:00 AM,22658.49,5225.73,41446.19
50127,5/10/2024 2:12:00 AM,22658.44,5225.67,41446.11
50127,5/10/2024 2:13:00 AM,22659.04,5225.49,41446.11
50127,5/10/2024 2:14:00 AM,22659.67,5225.48,41446.13
50127,5/10/2024 2:15:00 AM,22659.94,5225.72,41446.11
50127,5/10/2024 2:16:00 AM,22659.95,5225.86,41446.09
50127,5/10/2024 2:17:00 AM,22660.08,5225.97,41446.10
50127,5/10/2024 2:18:00 AM,22660.12,5226.09,41446.08
50127,5/10/2024 2:19:00 AM,22659.89,5226.13,41445.98
50127,5/10/2024 2:20:00 AM,22659.58,5225.76,41445.79
50127,5/10/2024 2:21:00 AM,22659.71,5225.70,41445.74
50127,5/10/2024 2:22:00 AM,22660.17,5225.83,41445.75
50127,5/10/2024 2:23:00 AM,22660.93,5225.93,41445.80
50127,5/10/2024 2:24:00 AM,22660.78,5226.47,41445.81
50127,5/10/2024 2:25:00 AM,22659.72,5226.02,41445.52
50127,5/10/2024 2:26:00 AM,22659.43,5225.72,41445.46
50127,5/10/2024 2:27:00 AM,22659.02,5225.55,41445.34
50127,5/10/2024 2:28:00 AM,22659.21,5225.58,41445.34
50127,5/10/2024 2:29:00 AM,22659.14,5225.87,41445.32
50127,5/10/2024 2:30:00 AM,22659.08,5226.19,41445.34
50127,5/10/2024 2:31:00 AM,22658.98,5226.19,41445.25
50127,5/10/2024 2:32:00 AM,22660.85,5225.90,41445.36
50127,5/10/2024 2:33:00 AM,22661.19,5226.71,41445.42
50127,5/10/2024 2:34:00 AM,22661.56,5227.03,41445.44
50127,5/10/2024 2:35:00 AM,22662.92,5226.96,41445.49
50127,5/10/2024 2:36:00 AM,22662.96,5226.88,41445.35
50127,5/10/2024 2:37:00 AM,22662.42,5226.95,41445.25
50127,5/10/2024 2:38:00 AM,22662.34,5226.77,41445.19
50127,5/10/2024 2:39:00 AM,22662.33,5226.34,41445.08
50127,5/10/2024 2:40:00 AM,22662.69,5226.62,41445.17
50127,5/10/2024 2:41:00 AM,22662.68,5226.81,41445.17
50127,5/10/2024 2:42:00 AM,22663.67,5226.88,41445.27
50127,5/10/2024 2:43:00 AM,22663.55,5227.04,41445.19
50127,5/10/2024 2:44:00 AM,22664.33,5226.80,41445.22
50127,5/10/2024 2:45:00 AM,22664.78,5226.94,41445.22
50127,5/10/2024 2:46:00 AM,22665.42,5226.95,41445.30
50127,5/10/2024 2:47:00 AM,22666.09,5227.05,41445.37
50127,5/10/2024 2:48:00 AM,22666.68,5226.71,41445.35
50127,5/10/2024 2:49:00 AM,22666.10,5226.58,41445.23
50127,5/10/2024 2:50:00 AM,22665.31,5226.28,41445.10
50127,5/10/2024 2:51:00 AM,22665.05,5226.07,41445.11
50127,5/10/2024 2:52:00 AM,22664.41,5226.05,41445.06
50127,5/10/2024 2:53:00 AM,22664.21,5225.82,41445.02
50127,5/10/2024 2:54:00 AM,22663.67,5225.96,41444.97
50127,5/10/2024 2:55:00 AM,22663.39,5226.14,41444.96
50127,5/10/2024 2:56:00 AM,22663.47,5226.22,41444.98
50127,5/10/2024 2:57:00 AM,22663.39,5226.33,41444.97
50127,5/10/2024 2:58:00 AM,22663.63,5226.27,41444.96
50127,5/10/2024 2:59:00 AM,22663.93,5226.32,41444.96
50127,5/10/2024 3:00:00 AM,22664.55,5226.09,41444.96
50127,5/10/2024 3:01:00 AM,22664.75,5226.70,41445.07
50127,5/10/2024 3:02:00 AM,22664.75,5226.75,41445.01
50127,5/10/2024 3:03:00 AM,22665.14,5226.73,41445.03
50127,5/10/2024 3:04:00 AM,22665.15,5226.77,41444.98
50127,5/10/2024 3:05:00 AM,22665.48,5226.61,41444.98
50127,5/10/2024 3:06:00 AM,22665.88,5226.72,41445.03
50127,5/10/2024 3:07:00 AM,22665.77,5226.93,41445.00
50127,5/10/2024 3:08:00 AM,22666.35,5226.73,41444.99
50127,5/10/2024 3:09:00 AM,22668.51,5226.68,41445.19
50127,5/10/2024 3:10:00 AM,22670.36,5227.67,41445.49
50127,5/10/2024 3:11:00 AM,22674.08,5229.93,41446.13
50127,5/10/2024 3:12:00 AM,22675.75,5229.94,41445.97
50127,5/10/2024 3:13:00 AM,22676.87,5229.84,41445.97
50127,5/10/2024 3:14:00 AM,22676.45,5229.29,41445.73
50127,5/10/2024 3:15:00 AM,22678.78,5226.59,41445.63
50127,5/10/2024 3:16:00 AM,22683.37,5228.40,41446.63
50127,5/10/2024 3:17:00 AM,22684.08,5228.47,41446.40
50127,5/10/2024 3:18:00 AM,22685.82,5228.36,41446.48
50127,5/10/2024 3:19:00 AM,22684.78,5227.84,41446.14
50127,5/10/2024 3:20:00 AM,22683.07,5228.07,41446.10
50127,5/10/2024 3:21:00 AM,22682.10,5229.06,41446.34
50127,5/10/2024 3:22:00 AM,22679.93,5230.12,41446.34
50127,5/10/2024 3:23:00 AM,22678.50,5230.65,41446.40
50127,5/10/2024 3:24:00 AM,22676.30,5231.68,41446.44
50127,5/10/2024 3:25:00 AM,22675.71,5232.23,41446.61
50127,5/10/2024 3:26:00 AM,22674.33,5232.69,41446.47
50127,5/10/2024 3:27:00 AM,22676.35,5230.45,41446.54
50127,5/10/2024 3:28:00 AM,22682.77,5230.23,41447.43
50127,5/10/2024 3:29:00 AM,22686.35,5232.40,41447.88
50127,5/10/2024 3:30:00 AM,22687.12,5234.59,41447.93
50127,5/10/2024 3:31:00 AM,22686.01,5234.13,41447.48
50127,5/10/2024 3:32:00 AM,22685.44,5233.66,41447.48
50127,5/10/2024 3:33:00 AM,22684.22,5233.05,41447.36
50127,5/10/2024 3:34:00 AM,22683.24,5231.55,41447.24
50127,5/10/2024 3:35:00 AM,22681.80,5230.44,41447.10
50127,5/10/2024 3:36:00 AM,22680.61,5229.42,41447.09
50127,5/10/2024 3:37:00 AM,22679.75,5229.26,41447.16
50127,5/10/2024 3:38:00 AM,22678.23,5229.56,41447.15
50127,5/10/2024 3:39:00 AM,22677.72,5229.04,41447.10
50127,5/10/2024 3:40:00 AM,22677.96,5228.98,41447.22
50127,5/10/2024 3:41:00 AM,22677.52,5229.51,41447.28
50127,5/10/2024 3:42:00 AM,22677.39,5229.85,41447.31
50127,5/10/2024 3:43:00 AM,22677.09,5229.73,41447.24
50127,5/10/2024 3:44:00 AM,22676.44,5230.10,41447.25
50127,5/10/2024 3:45:00 AM,22675.56,5230.65,41447.27
50127,5/10/2024 3:46:00 AM,22674.55,5231.12,41447.25
50127,5/10/2024 3:47:00 AM,22673.96,5231.34,41447.26
50127,5/10/2024 3:48:00 AM,22673.90,5231.77,41447.40
50127,5/10/2024 3:49:00 AM,22674.09,5232.62,41447.56
50127,5/10/2024 3:50:00 AM,22674.45,5233.39,41447.67
50127,5/10/2024 3:51:00 AM,22674.24,5233.83,41447.64
50127,5/10/2024 3:52:00 AM,22674.63,5233.99,41447.72
50127,5/10/2024 3:53:00 AM,22674.65,5234.41,41447.78
50127,5/10/2024 3:54:00 AM,22674.72,5234.14,41447.76
50127,5/10/2024 3:55:00 AM,22675.19,5234.17,41447.87
50127,5/10/2024 3:56:00 AM,22675.06,5234.55,41447.89
50127,5/10/2024 3:57:00 AM,22675.35,5234.74,41447.98
50127,5/10/2024 3:58:00 AM,22675.47,5234.78,41448.00
50127,5/10/2024 3:59:00 AM,22675.51,5234.98,41448.06
50127,5/10/2024 4:00:00 AM,22675.33,5235.05,41448.08
50127,5/10/2024 4:01:00 AM,22675.29,5235.19,41448.14
50127,5/10/2024 4:02:00 AM,22675.22,5234.93,41448.13
50127,5/10/2024 4:03:00 AM,22675.19,5235.01,41448.19
50127,5/10/2024 4:04:00 AM,22674.98,5235.09,41448.20
50127,5/10/2024 4:05:00 AM,22674.96,5235.07,41448.25
50127,5/10/2024 4:06:00 AM,22674.72,5234.93,41448.21
50127,5/10/2024 4:07:00 AM,22674.99,5234.87,41448.32
50127,5/10/2024 4:08:00 AM,22674.83,5235.33,41448.38
50127,5/10/2024 4:09:00 AM,22674.94,5234.54,41448.28
50127,5/10/2024 4:10:00 AM,22675.39,5234.40,41448.38
50127,5/10/2024 4:11:00 AM,22675.54,5234.04,41448.36
50127,5/10/2024 4:12:00 AM,22675.22,5234.61,41448.42
50127,5/10/2024 4:13:00 AM,22674.64,5234.30,41448.30
50127,5/10/2024 4:14:00 AM,22674.89,5234.19,41448.41
50127,5/10/2024 4:15:00 AM,22674.93,5234.35,41448.43
50127,5/10/2024 4:16:00 AM,22675.38,5234.32,41448.51
50127,5/10/2024 4:17:00 AM,22674.53,5234.75,41448.43
50127,5/10/2024 4:18:00 AM,22673.12,5234.23,41448.21
50127,5/10/2024 4:19:00 AM,22672.39,5233.82,41448.21
50127,5/10/2024 4:20:00 AM,22672.17,5233.39,41448.20
50127,5/10/2024 4:21:00 AM,22672.47,5233.58,41448.37
50127,5/10/2024 4:22:00 AM,22673.02,5233.87,41448.42
50127,5/10/2024 4:23:00 AM,22672.79,5233.35,41448.25
50127,5/10/2024 4:24:00 AM,22672.34,5233.31,41448.22
50127,5/10/2024 4:25:00 AM,22672.11,5233.06,41448.17
50127,5/10/2024 4:26:00 AM,22672.12,5233.03,41448.19
50127,5/10/2024 4:27:00 AM,22671.52,5232.94,41448.10
50127,5/10/2024 4:28:00 AM,22671.21,5232.35,41448.00
50127,5/10/2024 4:29:00 AM,22671.25,5231.83,41447.94
50127,5/10/2024 4:30:00 AM,22670.97,5231.85,41447.92
50127,5/10/2024 4:31:00 AM,22670.53,5232.37,41447.94
50127,5/10/2024 4:32:00 AM,22670.18,5233.05,41447.96
50127,5/10/2024 4:33:00 AM,22670.19,5233.53,41448.02
50127,5/10/2024 4:34:00 AM,22670.36,5233.60,41447.97
50127,5/10/2024 4:35:00 AM,22670.06,5233.76,41447.92
50127,5/10/2024 4:36:00 AM,22669.44,5233.71,41447.82
50127,5/10/2024 4:37:00 AM,22668.85,5233.62,41447.77
50127,5/10/2024 4:38:00 AM,22668.69,5233.08,41447.70
50127,5/10/2024 4:39:00 AM,22668.50,5233.01,41447.69
50127,5/10/2024 4:40:00 AM,22668.54,5232.42,41447.62
50127,5/10/2024 4:41:00 AM,22668.77,5232.31,41447.66
50127,5/10/2024 4:42:00 AM,22668.60,5232.06,41447.58
50127,5/10/2024 4:43:00 AM,22668.36,5231.48,41447.46
50127,5/10/2024 4:44:00 AM,22668.26,5231.17,41447.42
50127,5/10/2024 4:45:00 AM,22668.23,5231.01,41447.42
50127,5/10/2024 4:46:00 AM,22668.31,5231.09,41447.42
50127,5/10/2024 4:47:00 AM,22668.28,5231.19,41447.40
50127,5/10/2024 4:48:00 AM,22667.91,5231.27,41447.34
50127,5/10/2024 4:49:00 AM,22667.90,5231.51,41447.38
50127,5/10/2024 4:50:00 AM,22667.47,5232.02,41447.39
50127,5/10/2024 4:51:00 AM,22666.55,5231.82,41447.22
50127,5/10/2024 4:52:00 AM,22666.15,5231.78,41447.26
50127,5/10/2024 4:53:00 AM,22665.97,5231.66,41447.26
50127,5/10/2024 4:54:00 AM,22666.10,5231.40,41447.29
50127,5/10/2024 4:55:00 AM,22666.18,5231.57,41447.35
50127,5/10/2024 4:56:00 AM,22666.07,5231.51,41447.33
50127,5/10/2024 4:57:00 AM,22665.95,5231.62,41447.30
50127,5/10/2024 4:58:00 AM,22665.54,5231.89,41447.31
50127,5/10/2024 4:59:00 AM,22665.52,5231.90,41447.32
50127,5/10/2024 5:00:00 AM,22665.34,5231.99,41447.32
50127,5/10/2024 5:01:00 AM,22665.35,5232.16,41447.38
50127,5/10/2024 5:02:00 AM,22665.34,5232.40,41447.43
50127,5/10/2024 5:03:00 AM,22665.21,5232.49,41447.40
50127,5/10/2024 5:04:00 AM,22664.74,5232.28,41447.35
50127,5/10/2024 5:05:00 AM,22664.42,5232.60,41447.41
50127,5/10/2024 5:06:00 AM,22664.09,5232.71,41447.45
50127,5/10/2024 5:07:00 AM,22663.62,5233.02,41447.46
50127,5/10/2024 5:08:00 AM,22663.44,5233.10,41447.47
50127,5/10/2024 5:09:00 AM,22663.34,5233.39,41447.55
50127,5/10/2024 5:10:00 AM,22663.51,5233.64,41447.60
50127,5/10/2024 5:11:00 AM,22664.08,5233.74,41447.69
50127,5/10/2024 5:12:00 AM,22664.76,5233.57,41447.72
50127,5/10/2024 5:13:00 AM,22665.56,5233.65,41447.79
50127,5/10/2024 5:14:00 AM,22665.88,5233.81,41447.80
50127,5/10/2024 5:15:00 AM,22666.13,5233.69,41447.81
50127,5/10/2024 5:16:00 AM,22665.95,5233.60,41447.76
50127,5/10/2024 5:17:00 AM,22665.72,5233.26,41447.72
50127,5/10/2024 5:18:00 AM,22665.47,5232.91,41447.68
50127,5/10/2024 5:19:00 AM,22665.22,5232.64,41447.68
50127,5/10/2024 5:20:00 AM,22665.03,5232.48,41447.70
50127,5/10/2024 5:21:00 AM,22664.54,5232.43,41447.68
50127,5/10/2024 5:22:00 AM,22664.22,5232.03,41447.66
50127,5/10/2024 5:23:00 AM,22664.08,5231.79,41447.66
50127,5/10/2024 5:24:00 AM,22663.73,5231.82,41447.68
50127,5/10/2024 5:25:00 AM,22663.42,5231.98,41447.72
50127,5/10/2024 5:26:00 AM,22663.09,5231.97,41447.71
50127,5/10/2024 5:27:00 AM,22662.55,5231.88,41447.68
50127,5/10/2024 5:28:00 AM,22662.17,5231.73,41447.66
50127,5/10/2024 5:29:00 AM,22662.11,5231.70,41447.74
50127,5/10/2024 5:30:00 AM,22661.90,5231.78,41447.74
50127,5/10/2024 5:31:00 AM,22661.46,5231.89,41447.72
50127,5/10/2024 5:32:00 AM,22661.12,5232.15,41447.75
50127,5/10/2024 5:33:00 AM,22660.54,5231.74,41447.62
50127,5/10/2024 5:34:00 AM,22660.07,5231.39,41447.59
50127,5/10/2024 5:35:00 AM,22659.67,5231.30,41447.58
50127,5/10/2024 5:36:00 AM,22659.46,5231.68,41447.64
50127,5/10/2024 5:37:00 AM,22659.36,5232.33,41447.71
50127,5/10/2024 5:38:00 AM,22659.30,5232.62,41447.71
50127,5/10/2024 5:39:00 AM,22659.36,5232.73,41447.71
50127,5/10/2024 5:40:00 AM,22659.60,5232.85,41447.74
50127,5/10/2024 5:41:00 AM,22660.03,5233.06,41447.78
50127,5/10/2024 5:42:00 AM,22659.85,5232.93,41447.68
50127,5/10/2024 5:43:00 AM,22660.83,5232.73,41447.80
50127,5/10/2024 5:44:00 AM,22661.27,5232.31,41447.74
50127,5/10/2024 5:45:00 AM,22661.04,5232.58,41447.76
50127,5/10/2024 5:46:00 AM,22661.07,5232.97,41447.82
50127,5/10/2024 5:47:00 AM,22661.59,5232.52,41447.80
50127,5/10/2024 5:48:00 AM,22662.55,5232.25,41447.89
50127,5/10/2024 5:49:00 AM,22662.61,5233.00,41447.97
50127,5/10/2024 5:50:00 AM,22662.70,5234.14,41448.10
50127,5/10/2024 5:51:00 AM,22662.55,5234.51,41448.03
50127,5/10/2024 5:52:00 AM,22663.14,5233.77,41448.02
50127,5/10/2024 5:53:00 AM,22662.95,5233.50,41447.93
50127,5/10/2024 5:54:00 AM,22663.51,5234.31,41448.21
50127,5/10/2024 5:55:00 AM,22663.78,5234.87,41448.28
50127,5/10/2024 5:56:00 AM,22664.16,5235.00,41448.28
50127,5/10/2024 5:57:00 AM,22664.61,5234.86,41448.30
50127,5/10/2024 5:58:00 AM,22664.85,5234.07,41448.19
50127,5/10/2024 5:59:00 AM,22664.95,5233.47,41448.16
50127,5/10/2024 6:00:00 AM,22664.82,5233.15,41448.17
50127,5/10/2024 6:01:00 AM,22665.03,5232.68,41448.18
50127,5/10/2024 6:02:00 AM,22665.50,5231.72,41448.16
50127,5/10/2024 6:03:00 AM,22665.97,5231.06,41448.12
50127,5/10/2024 6:04:00 AM,22666.16,5230.57,41448.11
50127,5/10/2024 6:05:00 AM,22666.55,5230.05,41448.12
50127,5/10/2024 6:06:00 AM,22666.22,5229.94,41448.06
50127,5/10/2024 6:07:00 AM,22666.30,5229.93,41448.10
50127,5/10/2024 6:08:00 AM,22666.22,5229.99,41448.09
50127,5/10/2024 6:09:00 AM,22666.24,5230.17,41448.14
50127,5/10/2024 6:10:00 AM,22666.12,5230.33,41448.13
50127,5/10/2024 6:11:00 AM,22666.12,5230.60,41448.19
50127,5/10/2024 6:12:00 AM,22666.08,5230.70,41448.19
50127,5/10/2024 6:13:00 AM,22666.10,5230.54,41448.18
50127,5/10/2024 6:14:00 AM,22666.17,5230.42,41448.20
50127,5/10/2024 6:15:00 AM,22665.86,5230.47,41448.21
50127,5/10/2024 6:16:00 AM,22665.35,5230.50,41448.19
50127,5/10/2024 6:17:00 AM,22664.91,5230.49,41448.18
50127,5/10/2024 6:18:00 AM,22664.66,5230.39,41448.17
50127,5/10/2024 6:19:00 AM,22664.41,5230.11,41448.12
50127,5/10/2024 6:20:00 AM,22664.38,5229.96,41448.16
50127,5/10/2024 6:21:00 AM,22664.49,5229.91,41448.21
50127,5/10/2024 6:22:00 AM,22664.58,5229.95,41448.24
50127,5/10/2024 6:23:00 AM,22664.31,5230.08,41448.21
50127,5/10/2024 6:24:00 AM,22663.68,5230.17,41448.16
50127,5/10/2024 6:25:00 AM,22663.01,5230.26,41448.14
50127,5/10/2024 6:26:00 AM,22662.57,5230.38,41448.15
50127,5/10/2024 6:27:00 AM,22662.32,5230.60,41448.17
50127,5/10/2024 6:28:00 AM,22662.19,5231.07,41448.25
50127,5/10/2024 6:29:00 AM,22662.12,5231.70,41448.32
50127,5/10/2024 6:30:00 AM,22662.14,5232.22,41448.37
50127,5/10/2024 6:31:00 AM,22662.36,5232.45,41448.40
50127,5/10/2024 6:32:00 AM,22662.69,5232.45,41448.41
50127,5/10/2024 6:33:00 AM,22663.26,5232.45,41448.46
50127,5/10/2024 6:34:00 AM,22663.93,5232.39,41448.51
50127,5/10/2024 6:35:00 AM,22664.33,5232.43,41448.53
50127,5/10/2024 6:36:00 AM,22664.58,5232.63,41448.57
50127,5/10/2024 6:37:00 AM,22664.87,5232.86,41448.61
50127,5/10/2024 6:38:00 AM,22665.34,5233.00,41448.66
50127,5/10/2024 6:39:00 AM,22665.66,5233.07,41448.69
50127,5/10/2024 6:40:00 AM,22665.69,5233.14,41448.69
50127,5/10/2024 6:41:00 AM,22665.81,5233.38,41448.75
50127,5/10/2024 6:42:00 AM,22666.02,5233.47,41448.76
50127,5/10/2024 6:43:00 AM,22666.50,5233.60,41448.84
50127,5/10/2024 6:44:00 AM,22666.88,5233.72,41448.88
50127,5/10/2024 6:45:00 AM,22667.16,5233.81,41448.88
50127,5/10/2024 6:46:00 AM,22667.33,5233.67,41448.86
50127,5/10/2024 6:47:00 AM,22667.55,5233.38,41448.86
50127,5/10/2024 6:48:00 AM,22667.71,5233.11,41448.85
50127,5/10/2024 6:49:00 AM,22667.91,5233.16,41448.92
50127,5/10/2024 6:50:00 AM,22668.31,5233.55,41449.03
50127,5/10/2024 6:51:00 AM,22668.44,5233.77,41449.03
50127,5/10/2024 6:52:00 AM,22668.78,5233.56,41449.01
50127,5/10/2024 6:53:00 AM,22669.02,5233.49,41449.02
50127,5/10/2024 6:54:00 AM,22669.09,5233.77,41449.07
50127,5/10/2024 6:55:00 AM,22669.49,5234.29,41449.21
50127,5/10/2024 6:56:00 AM,22669.43,5234.79,41449.21
50127,5/10/2024 6:57:00 AM,22668.94,5235.16,41449.18
50127,5/10/2024 6:58:00 AM,22668.86,5235.34,41449.20
50127,5/10/2024 6:59:00 AM,22669.12,5235.43,41449.27
50127,5/10/2024 7:00:00 AM,22669.95,5234.95,41449.27
50127,5/10/2024 7:01:00 AM,22670.01,5234.52,41449.18
50127,5/10/2024 7:02:00 AM,22670.17,5234.33,41449.22
50127,5/10/2024 7:03:00 AM,22670.63,5234.05,41449.25
50127,5/10/2024 7:04:00 AM,22671.13,5233.81,41449.26
50127,5/10/2024 7:05:00 AM,22671.63,5233.49,41449.26
50127,5/10/2024 7:06:00 AM,22672.48,5233.28,41449.32
50127,5/10/2024 7:07:00 AM,22673.00,5233.11,41449.28
50127,5/10/2024 7:08:00 AM,22673.59,5233.05,41449.33
50127,5/10/2024 7:09:00 AM,22674.05,5233.00,41449.33
50127,5/10/2024 7:10:00 AM,22674.55,5232.79,41449.34
50127,5/10/2024 7:11:00 AM,22675.05,5232.58,41449.28
50127,5/10/2024 7:12:00 AM,22675.89,5232.35,41449.32
50127,5/10/2024 7:13:00 AM,22676.88,5231.58,41449.25
50127,5/10/2024 7:14:00 AM,22676.65,5231.28,41449.14
50127,5/10/2024 7:15:00 AM,22676.51,5231.43,41449.10
50127,5/10/2024 7:16:00 AM,22676.26,5231.82,41449.12
50127,5/10/2024 7:17:00 AM,22675.71,5231.98,41449.07
50127,5/10/2024 7:18:00 AM,22676.32,5231.93,41449.10
50127,5/10/2024 7:19:00 AM,22677.41,5231.80,41449.18
50127,5/10/2024 7:20:00 AM,22679.06,5231.61,41449.24
50127,5/10/2024 7:21:00 AM,22681.02,5231.57,41449.33
50127,5/10/2024 7:22:00 AM,22682.89,5231.55,41449.36
50127,5/10/2024 7:23:00 AM,22684.70,5231.82,41449.48
50127,5/10/2024 7:24:00 AM,22685.24,5231.45,41449.28
50127,5/10/2024 7:25:00 AM,22686.42,5231.16,41449.26
50127,5/10/2024 7:26:00 AM,22687.26,5231.21,41449.34
50127,5/10/2024 7:27:00 AM,22687.59,5230.73,41449.16
50127,5/10/2024 7:28:00 AM,22687.52,5230.62,41449.16
50127,5/10/2024 7:29:00 AM,22687.39,5230.59,41449.14
50127,5/10/2024 7:30:00 AM,22686.45,5230.66,41449.04
50127,5/10/2024 7:31:00 AM,22685.45,5230.41,41448.87
50127,5/10/2024 7:32:00 AM,22684.40,5230.17,41448.78
50127,5/10/2024 7:33:00 AM,22683.88,5230.11,41448.82
50127,5/10/2024 7:34:00 AM,22684.98,5228.87,41448.74
50127,5/10/2024 7:35:00 AM,22684.47,5229.09,41448.78
50127,5/10/2024 7:36:00 AM,22684.90,5228.33,41448.62
50127,5/10/2024 7:37:00 AM,22684.94,5228.70,41448.67
50127,5/10/2024 7:38:00 AM,22684.48,5228.54,41448.50
50127,5/10/2024 7:39:00 AM,22684.24,5228.65,41448.46
50127,5/10/2024 7:40:00 AM,22683.68,5228.79,41448.40
50127,5/10/2024 7:41:00 AM,22683.65,5228.64,41448.31
50127,5/10/2024 7:42:00 AM,22683.47,5228.94,41448.31
50127,5/10/2024 7:43:00 AM,22683.19,5229.02,41448.25
50127,5/10/2024 7:44:00 AM,22683.26,5229.22,41448.24
50127,5/10/2024 7:45:00 AM,22683.35,5229.38,41448.20
50127,5/10/2024 7:46:00 AM,22683.61,5229.62,41448.19
50127,5/10/2024 7:47:00 AM,22683.87,5229.52,41448.12
50127,5/10/2024 7:48:00 AM,22683.47,5229.98,41448.09
50127,5/10/2024 7:49:00 AM,22682.83,5230.04,41447.96
50127,5/10/2024 7:50:00 AM,22682.46,5230.27,41447.94
50127,5/10/2024 7:51:00 AM,22681.83,5230.38,41447.88
50127,5/10/2024 7:52:00 AM,22681.58,5230.30,41447.84
50127,5/10/2024 7:53:00 AM,22681.21,5230.63,41447.86
50127,5/10/2024 7:54:00 AM,22680.68,5230.85,41447.80
50127,5/10/2024 7:55:00 AM,22680.13,5230.97,41447.73
50127,5/10/2024 7:56:00 AM,22679.24,5231.09,41447.66
50127,5/10/2024 7:57:00 AM,22678.72,5231.23,41447.66
50127,5/10/2024 7:58:00 AM,22678.30,5230.93,41447.54
50127,5/10/2024 7:59:00 AM,22678.12,5230.61,41447.47
50127,5/10/2024 8:00:00 AM,22676.91,5230.78,41447.42
50127,5/10/2024 8:01:00 AM,22676.83,5230.90,41447.43
50127,5/10/2024 8:02:00 AM,22676.54,5231.34,41447.46
50127,5/10/2024 8:03:00 AM,22676.52,5230.87,41447.31
50127,5/10/2024 8:04:00 AM,22675.99,5231.47,41447.37
50127,5/10/2024 8:05:00 AM,22675.41,5231.44,41447.25
50127,5/10/2024 8:06:00 AM,22675.15,5231.84,41447.26
50127,5/10/2024 8:07:00 AM,22675.51,5231.07,41447.12
50127,5/10/2024 8:08:00 AM,22674.56,5231.38,41447.10
50127,5/10/2024 8:09:00 AM,22673.85,5231.22,41446.95
50127,5/10/2024 8:10:00 AM,22674.31,5230.30,41446.84
50127,5/10/2024 8:11:00 AM,22674.01,5230.75,41446.90
50127,5/10/2024 8:12:00 AM,22674.23,5230.49,41446.82
50127,5/10/2024 8:13:00 AM,22674.64,5230.54,41446.83
50127,5/10/2024 8:14:00 AM,22674.74,5230.35,41446.74
50127,5/10/2024 8:15:00 AM,22675.61,5230.19,41446.73
50127,5/10/2024 8:16:00 AM,22676.31,5229.98,41446.68
50127,5/10/2024 8:17:00 AM,22676.70,5229.96,41446.64
50127,5/10/2024 8:18:00 AM,22677.35,5230.12,41446.67
50127,5/10/2024 8:19:00 AM,22677.67,5230.60,41446.68
50127,5/10/2024 8:20:00 AM,22678.15,5230.86,41446.70
50127,5/10/2024 8:21:00 AM,22678.65,5231.05,41446.68
50127,5/10/2024 8:22:00 AM,22678.96,5231.32,41446.69
50127,5/10/2024 8:23:00 AM,22679.26,5231.27,41446.65
50127,5/10/2024 8:24:00 AM,22679.49,5231.17,41446.63
50127,5/10/2024 8:25:00 AM,22680.38,5229.91,41446.48
50127,5/10/2024 8:26:00 AM,22679.85,5229.39,41446.36
50127,5/10/2024 8:27:00 AM,22679.57,5229.24,41446.34
50127,5/10/2024 8:28:00 AM,22679.01,5229.30,41446.29
50127,5/10/2024 8:29:00 AM,22678.62,5229.93,41446.35
50127,5/10/2024 8:30:00 AM,22678.31,5230.08,41446.30
50127,5/10/2024 8:31:00 AM,22677.58,5230.60,41446.27
50127,5/10/2024 8:32:00 AM,22676.61,5231.16,41446.24
50127,5/10/2024 8:33:00 AM,22676.10,5231.73,41446.27
50127,5/10/2024 8:34:00 AM,22676.33,5231.95,41446.33
50127,5/10/2024 8:35:00 AM,22677.02,5232.14,41446.40
50127,5/10/2024 8:36:00 AM,22677.07,5232.52,41446.38
50127,5/10/2024 8:37:00 AM,22676.73,5233.08,41446.39
50127,5/10/2024 8:38:00 AM,22676.24,5233.63,41446.38
50127,5/10/2024 8:39:00 AM,22675.46,5234.27,41446.38
50127,5/10/2024 8:40:00 AM,22674.85,5234.95,41446.41
50127,5/10/2024 8:41:00 AM,22674.50,5235.66,41446.48
50127,5/10/2024 8:42:00 AM,22674.47,5236.07,41446.51
50127,5/10/2024 8:43:00 AM,22674.13,5236.56,41446.53
50127,5/10/2024 8:44:00 AM,22673.90,5237.03,41446.56
50127,5/10/2024 8:45:00 AM,22673.74,5237.69,41446.63
50127,5/10/2024 8:46:00 AM,22673.67,5238.32,41446.69
50127,5/10/2024 8:47:00 AM,22673.33,5238.88,41446.71
50127,5/10/2024 8:48:00 AM,22673.16,5239.09,41446.72
50127,5/10/2024 8:49:00 AM,22673.19,5239.06,41446.74
50127,5/10/2024 8:50:00 AM,22673.00,5239.38,41446.78
50127,5/10/2024 8:51:00 AM,22673.05,5239.71,41446.83
50127,5/10/2024 8:52:00 AM,22673.38,5239.35,41446.82
50127,5/10/2024 8:53:00 AM,22673.19,5239.46,41446.83
50127,5/10/2024 8:54:00 AM,22672.83,5239.98,41446.88
50127,5/10/2024 8:55:00 AM,22672.42,5240.41,41446.92
50127,5/10/2024 8:56:00 AM,22672.07,5240.78,41446.92
50127,5/10/2024 8:57:00 AM,22671.67,5241.11,41446.96
50127,5/10/2024 8:58:00 AM,22671.53,5241.42,41447.00
50127,5/10/2024 8:59:00 AM,22671.10,5241.80,41447.02
50127,5/10/2024 9:00:00 AM,22670.73,5242.20,41447.06
50127,5/10/2024 9:01:00 AM,22670.20,5242.66,41447.10
50127,5/10/2024 9:02:00 AM,22669.92,5243.03,41447.12
50127,5/10/2024 9:03:00 AM,22669.82,5243.31,41447.17
50127,5/10/2024 9:04:00 AM,22671.37,5243.21,41447.36
50127,5/10/2024 9:05:00 AM,22673.72,5242.72,41447.46
50127,5/10/2024 9:06:00 AM,22674.19,5242.25,41447.33
50127,5/10/2024 9:07:00 AM,22674.08,5241.80,41447.24
50127,5/10/2024 9:08:00 AM,22673.11,5241.76,41447.16
50127,5/10/2024 9:09:00 AM,22672.56,5241.96,41447.21
50127,5/10/2024 9:10:00 AM,22672.50,5242.64,41447.36
50127,5/10/2024 9:11:00 AM,22672.43,5243.21,41447.41
50127,5/10/2024 9:12:00 AM,22672.05,5243.46,41447.36
50127,5/10/2024 9:13:00 AM,22671.28,5243.29,41447.25
50127,5/10/2024 9:14:00 AM,22670.81,5243.32,41447.26
50127,5/10/2024 9:15:00 AM,22670.85,5243.26,41447.30
50127,5/10/2024 9:16:00 AM,22671.21,5243.12,41447.33
50127,5/10/2024 9:17:00 AM,22671.69,5242.85,41447.32
50127,5/10/2024 9:18:00 AM,22672.06,5242.65,41447.31
50127,5/10/2024 9:19:00 AM,22672.76,5242.36,41447.32
50127,5/10/2024 9:20:00 AM,22673.83,5241.77,41447.32
50127,5/10/2024 9:21:00 AM,22674.41,5241.16,41447.25
50127,5/10/2024 9:22:00 AM,22674.38,5240.79,41447.17
50127,5/10/2024 9:23:00 AM,22673.85,5240.60,41447.09
50127,5/10/2024 9:24:00 AM,22673.29,5240.55,41447.07
50127,5/10/2024 9:25:00 AM,22673.05,5240.85,41447.14
50127,5/10/2024 9:26:00 AM,22673.17,5241.16,41447.21
50127,5/10/2024 9:27:00 AM,22673.04,5241.14,41447.16
50127,5/10/2024 9:28:00 AM,22672.15,5241.07,41447.06
50127,5/10/2024 9:29:00 AM,22671.24,5241.17,41447.01
50127,5/10/2024 9:30:00 AM,22670.27,5241.38,41446.99
50127,5/10/2024 9:31:00 AM,22669.67,5241.72,41447.04
50127,5/10/2024 9:32:00 AM,22669.23,5242.09,41447.06
50127,5/10/2024 9:33:00 AM,22669.19,5242.50,41447.12
50127,5/10/2024 9:34:00 AM,22669.57,5242.75,41447.18
50127,5/10/2024 9:35:00 AM,22670.41,5242.81,41447.24
50127,5/10/2024 9:36:00 AM,22671.33,5242.73,41447.26
50127,5/10/2024 9:37:00 AM,22671.86,5242.44,41447.21
50127,5/10/2024 9:38:00 AM,22672.17,5242.04,41447.14
50127,5/10/2024 9:39:00 AM,22672.23,5241.66,41447.08
50127,5/10/2024 9:40:00 AM,22672.47,5241.51,41447.10
50127,5/10/2024 9:41:00 AM,22672.91,5241.44,41447.15
50127,5/10/2024 9:42:00 AM,22673.44,5241.38,41447.18
50127,5/10/2024 9:43:00 AM,22674.25,5241.25,41447.23
50127,5/10/2024 9:44:00 AM,22674.59,5240.97,41447.17
50127,5/10/2024 9:45:00 AM,22674.60,5240.76,41447.11
50127,5/10/2024 9:46:00 AM,22674.61,5240.75,41447.12
50127,5/10/2024 9:47:00 AM,22674.81,5240.80,41447.16
50127,5/10/2024 9:48:00 AM,22675.03,5240.85,41447.19
50127,5/10/2024 9:49:00 AM,22674.91,5240.56,41447.10
50127,5/10/2024 9:50:00 AM,22674.07,5240.76,41447.06
50127,5/10/2024 9:51:00 AM,22673.58,5240.96,41447.08
50127,5/10/2024 9:52:00 AM,22673.25,5240.61,41447.01
50127,5/10/2024 9:53:00 AM,22672.44,5240.80,41447.01
50127,5/10/2024 9:54:00 AM,22671.81,5241.19,41447.05
50127,5/10/2024 9:55:00 AM,22671.41,5241.50,41447.07
50127,5/10/2024 9:56:00 AM,22671.40,5241.43,41447.05
50127,5/10/2024 9:57:00 AM,22671.47,5240.92,41446.97
50127,5/10/2024 9:58:00 AM,22671.04,5240.49,41446.87
50127,5/10/2024 9:59:00 AM,22670.28,5240.59,41446.84
50127,5/10/2024 10:00:00 AM,22669.55,5241.40,41446.92
50127,5/10/2024 10:01:00 AM,22669.56,5242.25,41447.04
50127,5/10/2024 10:02:00 AM,22669.73,5242.32,41446.98
50127,5/10/2024 10:03:00 AM,22670.01,5241.65,41446.86
50127,5/10/2024 10:04:00 AM,22669.91,5241.18,41446.80
50127,5/10/2024 10:05:00 AM,22669.79,5240.66,41446.72
50127,5/10/2024 10:06:00 AM,22669.59,5240.31,41446.69
50127,5/10/2024 10:07:00 AM,22669.58,5239.89,41446.64
50127,5/10/2024 10:08:00 AM,22669.54,5239.22,41446.54
50127,5/10/2024 10:09:00 AM,22669.15,5238.94,41446.49
50127,5/10/2024 10:10:00 AM,22668.75,5238.90,41446.47
50127,5/10/2024 10:11:00 AM,22668.35,5239.01,41446.45
50127,5/10/2024 10:12:00 AM,22668.13,5239.09,41446.42
50127,5/10/2024 10:13:00 AM,22667.79,5239.29,41446.40
50127,5/10/2024 10:14:00 AM,22667.65,5239.47,41446.39
50127,5/10/2024 10:15:00 AM,22667.52,5239.75,41446.38
50127,5/10/2024 10:16:00 AM,22667.57,5239.95,41446.38
50127,5/10/2024 10:17:00 AM,22667.95,5240.04,41446.40
50127,5/10/2024 10:18:00 AM,22668.39,5240.11,41446.41
50127,5/10/2024 10:19:00 AM,22669.08,5239.93,41446.39
50127,5/10/2024 10:20:00 AM,22669.60,5239.52,41446.32
50127,5/10/2024 10:21:00 AM,22670.03,5239.17,41446.28
50127,5/10/2024 10:22:00 AM,22670.33,5238.67,41446.21
50127,5/10/2024 10:23:00 AM,22670.43,5238.18,41446.14
50127,5/10/2024 10:24:00 AM,22670.23,5238.08,41446.11
50127,5/10/2024 10:25:00 AM,22670.23,5237.94,41446.10
50127,5/10/2024 10:26:00 AM,22669.90,5238.01,41446.07
50127,5/10/2024 10:27:00 AM,22669.99,5238.13,41446.08
50127,5/10/2024 10:28:00 AM,22669.86,5238.28,41446.08
50127,5/10/2024 10:29:00 AM,22669.82,5238.36,41446.06
50127,5/10/2024 10:30:00 AM,22669.62,5238.13,41445.94
50127,5/10/2024 10:31:00 AM,22668.90,5238.10,41445.87
50127,5/10/2024 10:32:00 AM,22668.49,5238.49,41445.92
50127,5/10/2024 10:33:00 AM,22668.62,5238.69,41445.94
50127,5/10/2024 10:34:00 AM,22668.22,5239.28,41445.95
50127,5/10/2024 10:35:00 AM,22668.48,5239.43,41445.93
50127,5/10/2024 10:36:00 AM,22669.03,5239.38,41445.96
50127,5/10/2024 10:37:00 AM,22669.63,5239.30,41445.96
50127,5/10/2024 10:38:00 AM,22670.14,5238.94,41445.90
50127,5/10/2024 10:39:00 AM,22670.40,5238.68,41445.86
50127,5/10/2024 10:40:00 AM,22670.71,5238.45,41445.82
50127,5/10/2024 10:41:00 AM,22670.61,5238.58,41445.83
50127,5/10/2024 10:42:00 AM,22670.76,5238.64,41445.81
50127,5/10/2024 10:43:00 AM,22670.79,5238.93,41445.83
50127,5/10/2024 10:44:00 AM,22670.88,5239.07,41445.83
50127,5/10/2024 10:45:00 AM,22670.80,5239.53,41445.87
50127,5/10/2024 10:46:00 AM,22671.50,5239.46,41445.90
50127,5/10/2024 10:47:00 AM,22671.60,5239.34,41445.81
50127,5/10/2024 10:48:00 AM,22671.72,5239.22,41445.77
50127,5/10/2024 10:49:00 AM,22671.50,5239.09,41445.72
50127,5/10/2024 10:50:00 AM,22671.12,5238.96,41445.67
50127,5/10/2024 10:51:00 AM,22670.89,5238.92,41445.66
50127,5/10/2024 10:52:00 AM,22670.31,5239.34,41445.66
50127,5/10/2024 10:53:00 AM,22669.64,5240.38,41445.71
50127,5/10/2024 10:54:00 AM,22669.21,5241.10,41445.72
50127,5/10/2024 10:55:00 AM,22668.41,5241.50,41445.65
50127,5/10/2024 10:56:00 AM,22667.83,5241.85,41445.64
50127,5/10/2024 10:57:00 AM,22667.50,5242.18,41445.65
50127,5/10/2024 10:58:00 AM,22667.17,5242.18,41445.59
50127,5/10/2024 10:59:00 AM,22666.58,5242.27,41445.54
50127,5/10/2024 11:00:00 AM,22666.18,5242.46,41445.54
50127,5/10/2024 11:01:00 AM,22665.67,5242.63,41445.50
50127,5/10/2024 11:02:00 AM,22665.47,5242.62,41445.46
50127,5/10/2024 11:03:00 AM,22665.06,5242.77,41445.44
50127,5/10/2024 11:04:00 AM,22664.92,5242.90,41445.42
50127,5/10/2024 11:05:00 AM,22664.74,5243.11,41445.42
50127,5/10/2024 11:06:00 AM,22665.00,5243.23,41445.44
50127,5/10/2024 11:07:00 AM,22665.69,5242.58,41445.36
50127,5/10/2024 11:08:00 AM,22666.22,5241.74,41445.26
50127,5/10/2024 11:09:00 AM,22666.07,5241.47,41445.19
50127,5/10/2024 11:10:00 AM,22665.94,5241.52,41445.18
50127,5/10/2024 11:11:00 AM,22665.69,5241.50,41445.12
50127,5/10/2024 11:12:00 AM,22665.26,5242.03,41445.14
50127,5/10/2024 11:13:00 AM,22665.04,5242.45,41445.14
50127,5/10/2024 11:14:00 AM,22664.93,5242.88,41445.16
50127,5/10/2024 11:15:00 AM,22664.76,5243.17,41445.14
50127,5/10/2024 11:16:00 AM,22664.80,5243.10,41445.10
50127,5/10/2024 11:17:00 AM,22664.81,5242.97,41445.06
50127,5/10/2024 11:18:00 AM,22665.00,5242.62,41445.00
50127,5/10/2024 11:19:00 AM,22665.07,5242.51,41444.99
50127,5/10/2024 11:20:00 AM,22665.35,5242.11,41444.94
50127,5/10/2024 11:21:00 AM,22665.42,5242.07,41444.95
50127,5/10/2024 11:22:00 AM,22665.52,5242.17,41444.93
50127,5/10/2024 11:23:00 AM,22665.58,5242.10,41444.92
50127,5/10/2024 11:24:00 AM,22665.43,5242.26,41444.89
50127,5/10/2024 11:25:00 AM,22665.58,5242.15,41444.88
50127,5/10/2024 11:26:00 AM,22665.47,5242.38,41444.89
50127,5/10/2024 11:27:00 AM,22665.54,5242.59,41444.89
50127,5/10/2024 11:28:00 AM,22665.40,5242.67,41444.85
50127,5/10/2024 11:29:00 AM,22665.13,5242.97,41444.85
50127,5/10/2024 11:30:00 AM,22664.88,5243.00,41444.80
50127,5/10/2024 11:31:00 AM,22664.68,5243.30,41444.84
50127,5/10/2024 11:32:00 AM,22664.65,5243.57,41444.85
50127,5/10/2024 11:33:00 AM,22664.52,5244.10,41444.89
50127,5/10/2024 11:34:00 AM,22664.22,5244.45,41444.87
50127,5/10/2024 11:35:00 AM,22664.09,5244.81,41444.89
50127,5/10/2024 11:36:00 AM,22664.16,5244.65,41444.84
50127,5/10/2024 11:37:00 AM,22663.96,5244.59,41444.80
50127,5/10/2024 11:38:00 AM,22663.94,5244.52,41444.78
50127,5/10/2024 11:39:00 AM,22663.72,5244.47,41444.74
50127,5/10/2024 11:40:00 AM,22663.66,5244.45,41444.72
50127,5/10/2024 11:41:00 AM,22663.66,5244.56,41444.72
50127,5/10/2024 11:42:00 AM,22663.58,5244.50,41444.66
50127,5/10/2024 11:43:00 AM,22663.45,5244.56,41444.64
50127,5/10/2024 11:44:00 AM,22663.43,5244.57,41444.62
50127,5/10/2024 11:45:00 AM,22663.44,5244.72,41444.64
50127,5/10/2024 11:46:00 AM,22663.70,5244.88,41444.66
50127,5/10/2024 11:47:00 AM,22663.82,5244.51,41444.55
50127,5/10/2024 11:48:00 AM,22664.26,5244.09,41444.52
50127,5/10/2024 11:49:00 AM,22664.92,5243.43,41444.45
50127,5/10/2024 11:50:00 AM,22665.45,5243.10,41444.43
50127,5/10/2024 11:51:00 AM,22666.05,5242.74,41444.38
50127,5/10/2024 11:52:00 AM,22666.65,5242.46,41444.34
50127,5/10/2024 11:53:00 AM,22666.75,5242.11,41444.25
50127,5/10/2024 11:54:00 AM,22666.79,5241.90,41444.21
50127,5/10/2024 11:55:00 AM,22667.10,5242.03,41444.25
50127,5/10/2024 11:56:00 AM,22667.26,5241.92,41444.18
50127,5/10/2024 11:57:00 AM,22667.78,5242.23,41444.24
50127,5/10/2024 11:58:00 AM,22668.07,5242.46,41444.21
50127,5/10/2024 11:59:00 AM,22668.49,5242.69,41444.20
50127,5/10/2024 12:00:00 PM,22668.75,5242.47,41444.09
50127,5/10/2024 12:01:00 PM,22668.95,5242.38,41444.05
50127,5/10/2024 12:02:00 PM,22668.80,5242.10,41443.97
50127,5/10/2024 12:03:00 PM,22668.81,5242.16,41443.98
50127,5/10/2024 12:04:00 PM,22668.94,5242.34,41444.00
50127,5/10/2024 12:05:00 PM,22669.00,5242.44,41443.98
50127,5/10/2024 12:06:00 PM,22669.18,5242.44,41443.94
50127,5/10/2024 12:07:00 PM,22669.37,5242.63,41443.94
50127,5/10/2024 12:08:00 PM,22669.67,5242.49,41443.91
50127,5/10/2024 12:09:00 PM,22669.91,5242.30,41443.85
50127,5/10/2024 12:10:00 PM,22669.90,5242.46,41443.83
50127,5/10/2024 12:11:00 PM,22669.33,5242.56,41443.73
50127,5/10/2024 12:12:00 PM,22668.94,5242.61,41443.69
50127,5/10/2024 12:13:00 PM,22668.77,5242.86,41443.71
50127,5/10/2024 12:14:00 PM,22668.50,5243.19,41443.70
50127,5/10/2024 12:15:00 PM,22668.44,5243.46,41443.66
50127,5/10/2024 12:16:00 PM,22668.12,5243.47,41443.56
50127,5/10/2024 12:17:00 PM,22667.88,5243.36,41443.49
50127,5/10/2024 12:18:00 PM,22667.92,5243.31,41443.48
50127,5/10/2024 12:19:00 PM,22667.69,5243.13,41443.40
50127,5/10/2024 12:20:00 PM,22667.68,5243.00,41443.33
50127,5/10/2024 12:21:00 PM,22667.57,5242.88,41443.28
50127,5/10/2024 12:22:00 PM,22667.61,5242.61,41443.22
50127,5/10/2024 12:23:00 PM,22667.69,5242.64,41443.20
50127,5/10/2024 12:24:00 PM,22667.72,5242.61,41443.12
50127,5/10/2024 12:25:00 PM,22668.05,5242.45,41443.08
50127,5/10/2024 12:26:00 PM,22668.47,5241.87,41442.96
50127,5/10/2024 12:27:00 PM,22668.58,5241.33,41442.85
50127,5/10/2024 12:28:00 PM,22668.32,5241.00,41442.74
50127,5/10/2024 12:29:00 PM,22668.40,5240.77,41442.72
50127,5/10/2024 12:30:00 PM,22668.23,5240.78,41442.65
50127,5/10/2024 12:31:00 PM,22667.94,5241.05,41442.62
50127,5/10/2024 12:32:00 PM,22667.93,5241.28,41442.60
50127,5/10/2024 12:33:00 PM,22667.66,5241.42,41442.54
50127,5/10/2024 12:34:00 PM,22667.67,5241.38,41442.50
50127,5/10/2024 12:35:00 PM,22667.78,5241.02,41442.38
50127,5/10/2024 12:36:00 PM,22667.94,5240.74,41442.31
50127,5/10/2024 12:37:00 PM,22667.89,5240.53,41442.21
50127,5/10/2024 12:38:00 PM,22667.66,5240.38,41442.14
50127,5/10/2024 12:39:00 PM,22667.51,5240.37,41442.11
50127,5/10/2024 12:40:00 PM,22667.36,5240.39,41442.07
50127,5/10/2024 12:41:00 PM,22667.32,5240.31,41442.00
50127,5/10/2024 12:42:00 PM,22667.20,5240.11,41441.92
50127,5/10/2024 12:43:00 PM,22667.14,5239.96,41441.90
50127,5/10/2024 12:44:00 PM,22666.75,5240.10,41441.83
50127,5/10/2024 12:45:00 PM,22666.67,5240.20,41441.82
50127,5/10/2024 12:46:00 PM,22666.45,5240.31,41441.76
50127,5/10/2024 12:47:00 PM,22666.20,5240.40,41441.73
50127,5/10/2024 12:48:00 PM,22666.07,5240.73,41441.74
50127,5/10/2024 12:49:00 PM,22666.08,5241.33,41441.73
50127,5/10/2024 12:50:00 PM,22666.11,5241.44,41441.65
50127,5/10/2024 12:51:00 PM,22666.14,5241.28,41441.57
50127,5/10/2024 12:52:00 PM,22666.14,5241.28,41441.54
50127,5/10/2024 12:53:00 PM,22666.08,5241.40,41441.50
50127,5/10/2024 12:54:00 PM,22665.90,5241.59,41441.47
50127,5/10/2024 12:55:00 PM,22665.74,5241.72,41441.44
50127,5/10/2024 12:56:00 PM,22665.75,5241.77,41441.42
50127,5/10/2024 12:57:00 PM,22665.60,5241.88,41441.40
50127,5/10/2024 12:58:00 PM,22665.56,5242.09,41441.43
50127,5/10/2024 12:59:00 PM,22665.51,5242.16,41441.40
50127,5/10/2024 1:00:00 PM,22665.53,5242.54,41441.46
50127,5/10/2024 1:01:00 PM,22665.55,5242.60,41441.47
50127,5/10/2024 1:02:00 PM,22665.72,5242.73,41441.50
50127,5/10/2024 1:03:00 PM,22666.01,5242.53,41441.48
50127,5/10/2024 1:04:00 PM,22666.32,5242.31,41441.50
50127,5/10/2024 1:05:00 PM,22666.63,5242.40,41441.60
50127,5/10/2024 1:06:00 PM,22667.15,5242.33,41441.65
50127,5/10/2024 1:07:00 PM,22667.35,5242.70,41441.72
50127,5/10/2024 1:08:00 PM,22667.47,5243.13,41441.81
50127,5/10/2024 1:09:00 PM,22667.74,5243.15,41441.81
50127,5/10/2024 1:10:00 PM,22667.63,5243.57,41441.87
50127,5/10/2024 1:11:00 PM,22667.84,5243.38,41441.90
50127,5/10/2024 1:12:00 PM,22668.03,5243.15,41441.94
50127,5/10/2024 1:13:00 PM,22667.98,5243.72,41442.14
50127,5/10/2024 1:14:00 PM,22668.02,5244.57,41442.38
50127,5/10/2024 1:15:00 PM,22667.83,5245.97,41442.68
50127,5/10/2024 1:16:00 PM,22667.92,5247.61,41442.99
50127,5/10/2024 1:17:00 PM,22667.92,5249.00,41443.18
50127,5/10/2024 1:18:00 PM,22667.82,5249.60,41443.17
50127,5/10/2024 1:19:00 PM,22668.15,5249.06,41443.07
50127,5/10/2024 1:20:00 PM,22668.34,5248.57,41443.06
50127,5/10/2024 1:21:00 PM,22668.29,5248.35,41443.08
50127,5/10/2024 1:22:00 PM,22668.27,5248.47,41443.15
50127,5/10/2024 1:23:00 PM,22668.35,5248.58,41443.18
50127,5/10/2024 1:24:00 PM,22668.40,5248.39,41443.16
50127,5/10/2024 1:25:00 PM,22668.40,5248.33,41443.21
50127,5/10/2024 1:26:00 PM,22668.37,5248.45,41443.28
50127,5/10/2024 1:27:00 PM,22668.30,5248.57,41443.35
50127,5/10/2024 1:28:00 PM,22668.66,5248.52,41443.40
50127,5/10/2024 1:29:00 PM,22668.78,5248.58,41443.44
50127,5/10/2024 1:30:00 PM,22669.11,5248.27,41443.43
50127,5/10/2024 1:31:00 PM,22669.26,5248.13,41443.46
50127,5/10/2024 1:32:00 PM,22669.31,5248.23,41443.54
50127,5/10/2024 1:33:00 PM,22669.21,5248.58,41443.64
50127,5/10/2024 1:34:00 PM,22669.48,5248.80,41443.76
50127,5/10/2024 1:35:00 PM,22669.69,5249.15,41443.89
50127,5/10/2024 1:36:00 PM,22669.73,5249.63,41444.02
50127,5/10/2024 1:37:00 PM,22670.00,5250.20,41444.18
50127,5/10/2024 1:38:00 PM,22670.38,5250.29,41444.23
50127,5/10/2024 1:39:00 PM,22670.78,5250.13,41444.25
50127,5/10/2024 1:40:00 PM,22671.00,5250.03,41444.29
50127,5/10/2024 1:41:00 PM,22671.24,5250.14,41444.41
50127,5/10/2024 1:42:00 PM,22671.15,5250.56,41444.50
50127,5/10/2024 1:43:00 PM,22671.36,5250.94,41444.59
50127,5/10/2024 1:44:00 PM,22671.71,5251.11,41444.69
50127,5/10/2024 1:45:00 PM,22671.88,5251.32,41444.77
50127,5/10/2024 1:46:00 PM,22672.05,5251.24,41444.80
50127,5/10/2024 1:47:00 PM,22672.63,5251.07,41444.90
50127,5/10/2024 1:48:00 PM,22672.83,5250.60,41444.88
50127,5/10/2024 1:49:00 PM,22673.08,5251.10,41445.04
50127,5/10/2024 1:50:00 PM,22673.70,5251.22,41445.13
50127,5/10/2024 1:51:00 PM,22674.38,5251.13,41445.16
50127,5/10/2024 1:52:00 PM,22674.98,5251.10,41445.26
50127,5/10/2024 1:53:00 PM,22675.32,5251.82,41445.45
50127,5/10/2024 1:54:00 PM,22675.01,5253.34,41445.76
50127,5/10/2024 1:55:00 PM,22674.75,5254.87,41446.05
50127,5/10/2024 1:56:00 PM,22675.07,5256.14,41446.32
50127,5/10/2024 1:57:00 PM,22675.29,5257.35,41446.58
50127,5/10/2024 1:58:00 PM,22675.65,5257.54,41446.63
50127,5/10/2024 1:59:00 PM,22676.12,5257.40,41446.72
50127,5/10/2024 2:00:00 PM,22676.63,5256.74,41446.77
50127,5/10/2024 2:01:00 PM,22676.90,5256.95,41446.96
50127,5/10/2024 2:02:00 PM,22677.19,5257.81,41447.18
50127,5/10/2024 2:03:00 PM,22677.62,5257.98,41447.26
50127,5/10/2024 2:04:00 PM,22677.58,5258.49,41447.38
50127,5/10/2024 2:05:00 PM,22677.72,5258.73,41447.48
50127,5/10/2024 2:06:00 PM,22677.90,5259.07,41447.59
50127,5/10/2024 2:07:00 PM,22677.94,5259.43,41447.68
50127,5/10/2024 2:08:00 PM,22678.09,5259.77,41447.76
50127,5/10/2024 2:09:00 PM,22678.17,5260.14,41447.81
50127,5/10/2024 2:10:00 PM,22678.51,5260.32,41447.86
50127,5/10/2024 2:11:00 PM,22678.91,5260.01,41447.84
50127,5/10/2024 2:12:00 PM,22679.26,5259.74,41447.85
50127,5/10/2024 2:13:00 PM,22678.97,5259.72,41447.84
50127,5/10/2024 2:14:00 PM,22679.47,5259.51,41447.91
50127,5/10/2024 2:15:00 PM,22679.67,5259.95,41448.04
50127,5/10/2024 2:16:00 PM,22679.51,5260.61,41448.12
50127,5/10/2024 2:17:00 PM,22679.94,5260.99,41448.20
50127,5/10/2024 2:18:00 PM,22679.93,5261.02,41448.16
50127,5/10/2024 2:19:00 PM,22679.87,5261.88,41448.33
50127,5/10/2024 2:20:00 PM,22679.82,5262.37,41448.37
50127,5/10/2024 2:21:00 PM,22680.05,5262.71,41448.45
50127,5/10/2024 2:22:00 PM,22680.17,5262.88,41448.52
50127,5/10/2024 2:23:00 PM,22679.27,5263.77,41448.57
50127,5/10/2024 2:24:00 PM,22678.90,5265.54,41448.82
50127,5/10/2024 2:25:00 PM,22678.83,5265.80,41448.81
50127,5/10/2024 2:26:00 PM,22678.53,5266.14,41448.86
50127,5/10/2024 2:27:00 PM,22678.23,5267.11,41449.06
50127,5/10/2024 2:28:00 PM,22677.40,5268.64,41449.20
50127,5/10/2024 2:29:00 PM,22678.19,5269.39,41449.37
50127,5/10/2024 2:30:00 PM,22679.42,5267.85,41449.16
50127,5/10/2024 2:31:00 PM,22680.51,5266.37,41449.11
50127,5/10/2024 2:32:00 PM,22680.39,5266.90,41449.18
50127,5/10/2024 2:33:00 PM,22679.41,5268.11,41449.28
50127,5/10/2024 2:34:00 PM,22680.08,5269.10,41449.48
50127,5/10/2024 2:35:00 PM,22680.90,5269.35,41449.48
50127,5/10/2024 2:36:00 PM,22681.20,5269.31,41449.42
50127,5/10/2024 2:37:00 PM,22682.16,5266.87,41449.12
50127,5/10/2024 2:38:00 PM,22681.80,5264.83,41448.92
50127,5/10/2024 2:39:00 PM,22682.59,5264.30,41449.11
50127,5/10/2024 2:40:00 PM,22682.23,5263.94,41449.04
50127,5/10/2024 2:41:00 PM,22681.30,5264.74,41449.09
50127,5/10/2024 2:42:00 PM,22681.89,5264.32,41449.07
50127,5/10/2024 2:43:00 PM,22682.19,5263.38,41448.90
50127,5/10/2024 2:44:00 PM,22683.26,5261.73,41448.78
50127,5/10/2024 2:45:00 PM,22683.57,5260.74,41448.72
50127,5/10/2024 2:46:00 PM,22683.66,5260.78,41448.78
50127,5/10/2024 2:47:00 PM,22683.94,5260.90,41448.78
50127,5/10/2024 2:48:00 PM,22683.38,5261.27,41448.74
50127,5/10/2024 2:49:00 PM,22682.42,5261.89,41448.73
50127,5/10/2024 2:50:00 PM,22681.60,5262.33,41448.74
50127,5/10/2024 2:51:00 PM,22681.05,5263.73,41448.92
50127,5/10/2024 2:52:00 PM,22683.23,5264.73,41449.29
50127,5/10/2024 2:53:00 PM,22685.05,5263.88,41449.15
50127,5/10/2024 2:54:00 PM,22685.33,5262.84,41449.02
50127,5/10/2024 2:55:00 PM,22687.31,5263.05,41449.37
50127,5/10/2024 2:56:00 PM,22688.53,5263.16,41449.44
50127,5/10/2024 2:57:00 PM,22688.35,5263.74,41449.47
50127,5/10/2024 2:58:00 PM,22685.62,5267.80,41449.78
50127,5/10/2024 2:59:00 PM,22683.79,5272.52,41450.23
50127,5/10/2024 3:00:00 PM,22681.57,5277.72,41450.57
50127,5/10/2024 3:01:00 PM,22680.48,5280.18,41450.68
50127,5/10/2024 3:02:00 PM,22680.54,5281.79,41450.84
50127,5/10/2024 3:03:00 PM,22681.54,5281.37,41450.78
50127,5/10/2024 3:04:00 PM,22680.09,5282.75,41450.88
50127,5/10/2024 3:05:00 PM,22681.90,5281.04,41450.88
50127,5/10/2024 3:06:00 PM,22682.61,5280.06,41450.88
50127,5/10/2024 3:07:00 PM,22681.95,5281.48,41451.09
50127,5/10/2024 3:08:00 PM,22680.76,5282.57,41451.08
50127,5/10/2024 3:09:00 PM,22680.30,5283.59,41451.18
50127,5/10/2024 3:10:00 PM,22680.70,5283.53,41451.16
50127,5/10/2024 3:11:00 PM,22680.99,5283.12,41451.12
50127,5/10/2024 3:12:00 PM,22681.31,5282.23,41451.04
50127,5/10/2024 3:13:00 PM,22681.95,5281.51,41451.04
50127,5/10/2024 3:14:00 PM,22682.85,5279.25,41450.81
50127,5/10/2024 3:15:00 PM,22683.48,5277.15,41450.66
50127,5/10/2024 3:16:00 PM,22685.26,5274.93,41450.63
50127,5/10/2024 3:17:00 PM,22686.01,5273.26,41450.45
50127,5/10/2024 3:18:00 PM,22682.28,5274.73,41450.33
50127,5/10/2024 3:19:00 PM,22681.01,5276.25,41450.47
50127,5/10/2024 3:20:00 PM,22681.88,5277.83,41450.71
50127,5/10/2024 3:21:00 PM,22683.26,5278.65,41450.76
50127,5/10/2024 3:22:00 PM,22682.88,5278.02,41450.38
50127,5/10/2024 3:23:00 PM,22681.30,5278.63,41450.30
50127,5/10/2024 3:24:00 PM,22679.62,5278.58,41450.12
50127,5/10/2024 3:25:00 PM,22676.84,5280.13,41450.12
50127,5/10/2024 3:26:00 PM,22675.68,5280.88,41450.13
50127,5/10/2024 3:27:00 PM,22676.80,5280.36,41450.19
50127,5/10/2024 3:28:00 PM,22679.17,5276.35,41449.76
50127,5/10/2024 3:29:00 PM,22680.73,5272.64,41449.46
50127,5/10/2024 3:30:00 PM,22681.20,5270.61,41449.36
50127,5/10/2024 3:31:00 PM,22681.91,5270.79,41449.54
50127,5/10/2024 3:32:00 PM,22682.16,5272.38,41449.70
50127,5/10/2024 3:33:00 PM,22679.01,5277.33,41449.80
50127,5/10/2024 3:34:00 PM,22677.11,5279.14,41449.58
50127,5/10/2024 3:35:00 PM,22675.93,5279.44,41449.40
50127,5/10/2024 3:36:00 PM,22674.82,5277.77,41449.04
50127,5/10/2024 3:37:00 PM,22676.19,5274.96,41448.96
50127,5/10/2024 3:38:00 PM,22673.73,5275.39,41448.90
50127,5/10/2024 3:39:00 PM,22671.04,5277.97,41449.10
50127,5/10/2024 3:40:00 PM,22673.79,5278.85,41449.46
50127,5/10/2024 3:41:00 PM,22673.76,5279.58,41449.32
50127,5/10/2024 3:42:00 PM,22672.96,5280.66,41449.22
50127,5/10/2024 3:43:00 PM,22669.79,5281.33,41448.83
50127,5/10/2024 3:44:00 PM,22668.29,5284.46,41449.23
50127,5/10/2024 3:45:00 PM,22668.76,5287.55,41449.59
50127,5/10/2024 3:46:00 PM,22669.97,5287.70,41449.44
50127,5/10/2024 3:47:00 PM,22670.31,5285.92,41449.11
50127,5/10/2024 3:48:00 PM,22669.64,5284.11,41448.83
50127,5/10/2024 3:49:00 PM,22667.50,5284.22,41448.84
50127,5/10/2024 3:50:00 PM,22664.92,5286.05,41448.94
50127,5/10/2024 3:51:00 PM,22665.12,5288.99,41449.38
50127,5/10/2024 3:52:00 PM,22665.12,5291.61,41449.48
50127,5/10/2024 3:53:00 PM,22665.72,5293.31,41449.44
50127,5/10/2024 3:54:00 PM,22666.41,5291.28,41449.02
50127,5/10/2024 3:55:00 PM,22667.28,5289.08,41448.91
50127,5/10/2024 3:56:00 PM,22667.83,5288.88,41449.06
50127,5/10/2024 3:57:00 PM,22666.68,5291.20,41449.23
50127,5/10/2024 3:58:00 PM,22666.22,5293.42,41449.33
50127,5/10/2024 3:59:00 PM,22666.06,5293.10,41449.06
50127,5/10/2024 4:00:00 PM,22666.65,5291.91,41448.96
50127,5/10/2024 4:01:00 PM,22668.14,5289.67,41448.90
50127,5/10/2024 4:02:00 PM,22670.31,5287.83,41448.96
50127,5/10/2024 4:03:00 PM,22671.04,5288.03,41449.03
50127,5/10/2024 4:04:00 PM,22670.33,5289.36,41449.02
50127,5/10/2024 4:05:00 PM,22669.71,5289.69,41448.91
50127,5/10/2024 4:06:00 PM,22669.25,5289.49,41448.78
50127,5/10/2024 4:07:00 PM,22671.53,5287.71,41448.84
50127,5/10/2024 4:08:00 PM,22670.27,5288.24,41448.72
50127,5/10/2024 4:09:00 PM,22670.53,5286.25,41448.56
50127,5/10/2024 4:10:00 PM,22671.89,5285.06,41448.63
50127,5/10/2024 4:11:00 PM,22672.26,5284.78,41448.62
50127,5/10/2024 4:12:00 PM,22671.39,5285.92,41448.66
50127,5/10/2024 4:13:00 PM,22670.67,5286.71,41448.61
50127,5/10/2024 4:14:00 PM,22670.05,5286.29,41448.47
50127,5/10/2024 4:15:00 PM,22670.03,5284.56,41448.27
50127,5/10/2024 4:16:00 PM,22669.29,5283.37,41448.19
50127,5/10/2024 4:17:00 PM,22668.57,5282.96,41448.22
50127,5/10/2024 4:18:00 PM,22669.14,5281.39,41448.19
50127,5/10/2024 4:19:00 PM,22668.13,5280.90,41448.11
50127,5/10/2024 4:20:00 PM,22668.35,5280.47,41448.25
50127,5/10/2024 4:21:00 PM,22668.16,5281.14,41448.29
50127,5/10/2024 4:22:00 PM,22667.96,5282.00,41448.33
50127,5/10/2024 4:23:00 PM,22665.66,5283.73,41448.14
50127,5/10/2024 4:24:00 PM,22666.62,5282.19,41448.04
50127,5/10/2024 4:25:00 PM,22666.61,5281.96,41448.01
50127,5/10/2024 4:26:00 PM,22667.11,5281.65,41448.04
50127,5/10/2024 4:27:00 PM,22665.42,5282.40,41447.93
50127,5/10/2024 4:28:00 PM,22664.72,5283.60,41447.97
50127,5/10/2024 4:29:00 PM,22664.96,5282.77,41447.75
50127,5/10/2024 4:30:00 PM,22664.63,5281.96,41447.62
50127,5/10/2024 4:31:00 PM,22664.49,5281.10,41447.51
50127,5/10/2024 4:32:00 PM,22663.10,5281.81,41447.50
50127,5/10/2024 4:33:00 PM,22662.03,5283.02,41447.50
50127,5/10/2024 4:34:00 PM,22660.33,5284.84,41447.42
50127,5/10/2024 4:35:00 PM,22659.62,5286.46,41447.39
50127,5/10/2024 4:36:00 PM,22659.18,5287.96,41447.27
50127,5/10/2024 4:37:00 PM,22659.83,5288.15,41447.12
50127,5/10/2024 4:38:00 PM,22661.27,5287.91,41446.92
50127,5/10/2024 4:39:00 PM,22662.00,5287.57,41446.69
50127,5/10/2024 4:40:00 PM,22661.55,5288.14,41446.50
50127,5/10/2024 4:41:00 PM,22660.54,5289.12,41446.32
50127,5/10/2024 4:42:00 PM,22660.39,5289.45,41446.19
50127,5/10/2024 4:43:00 PM,22659.92,5290.54,41446.07
50127,5/10/2024 4:44:00 PM,22659.04,5291.67,41445.82
50127,5/10/2024 4:45:00 PM,22657.79,5292.59,41445.60
50127,5/10/2024 4:46:00 PM,22658.33,5293.48,41445.62
50127,5/10/2024 4:47:00 PM,22659.40,5294.43,41445.53
50127,5/10/2024 4:48:00 PM,22658.41,5293.68,41444.96
50127,5/10/2024 4:49:00 PM,22657.60,5291.55,41444.48
50127,5/10/2024 4:50:00 PM,22658.02,5288.91,41444.23
50127,5/10/2024 4:51:00 PM,22658.65,5287.29,41444.17
50127,5/10/2024 4:52:00 PM,22660.01,5286.56,41444.24
50127,5/10/2024 4:53:00 PM,22660.54,5286.77,41444.14
50127,5/10/2024 4:54:00 PM,22660.61,5285.51,41443.79
50127,5/10/2024 4:55:00 PM,22656.56,5286.74,41443.37
50127,5/10/2024 4:56:00 PM,22652.78,5288.20,41443.20
50127,5/10/2024 4:57:00 PM,22653.34,5289.03,41443.38
50127,5/10/2024 4:58:00 PM,22654.44,5290.59,41443.44
50127,5/10/2024 4:59:00 PM,22656.46,5290.02,41443.14
50127,5/10/2024 5:00:00 PM,22658.39,5287.82,41442.73
50127,5/10/2024 5:01:00 PM,22657.19,5286.24,41442.19
50127,5/10/2024 5:02:00 PM,22654.05,5284.59,41441.67
50127,5/10/2024 5:03:00 PM,22655.92,5282.97,41441.88
50127,5/10/2024 5:04:00 PM,22654.99,5283.53,41441.65
50127,5/10/2024 5:05:00 PM,22654.88,5282.68,41441.44
50127,5/10/2024 5:06:00 PM,22693.83,5272.48,41445.29
50127,5/10/2024 5:07:00 PM,22659.36,5309.95,41442.59
50127,5/10/2024 5:08:00 PM,22621.41,5329.36,41439.65
50127,5/10/2024 5:09:00 PM,22637.99,5325.84,41441.72
50127,5/10/2024 5:10:00 PM,22667.04,5327.30,41443.94
50127,5/10/2024 5:11:00 PM,22670.63,5327.82,41441.44
50127,5/10/2024 5:12:00 PM,22665.06,5324.15,41439.24
50127,5/10/2024 5:13:00 PM,22659.80,5322.26,41438.53
50127,5/10/2024 5:14:00 PM,22661.69,5318.09,41438.37
50127,5/10/2024 5:15:00 PM,22686.24,5314.19,41440.68
50127,5/10/2024 5:16:00 PM,22653.30,5318.63,41434.90
50127,5/10/2024 5:17:00 PM,22659.16,5309.72,41436.70
50127,5/10/2024 5:18:00 PM,22666.09,5308.95,41436.73
50127,5/10/2024 5:19:00 PM,22653.41,5308.38,41434.68
50127,5/10/2024 5:20:00 PM,22644.25,5309.70,41434.33
50127,5/10/2024 5:21:00 PM,22628.22,5315.78,41432.97
50127,5/10/2024 5:22:00 PM,22604.58,5326.88,41431.67
50127,5/10/2024 5:23:00 PM,22584.65,5333.24,41430.04
50127,5/10/2024 5:24:00 PM,22580.87,5339.20,41430.70
50127,5/10/2024 5:25:00 PM,22580.01,5342.23,41429.75
50127,5/10/2024 5:26:00 PM,22569.86,5344.67,41427.74
50127,5/10/2024 5:27:00 PM,22560.01,5350.14,41426.50
50127,5/10/2024 5:28:00 PM,22550.74,5351.87,41424.65
50127,5/10/2024 5:29:00 PM,22541.43,5354.33,41423.27
50127,5/10/2024 5:30:00 PM,22538.55,5348.79,41421.52
50127,5/10/2024 5:31:00 PM,22536.24,5349.51,41420.96
50127,5/10/2024 5:32:00 PM,22531.06,5356.86,41420.23
50127,5/10/2024 5:33:00 PM,22518.76,5357.25,41417.42
50127,5/10/2024 5:34:00 PM,22505.68,5359.60,41415.67
50127,5/10/2024 5:35:00 PM,22492.45,5365.23,41414.39
50127,5/10/2024 5:36:00 PM,22483.59,5369.53,41413.38
50127,5/10/2024 5:37:00 PM,22480.49,5372.56,41412.38
50127,5/10/2024 5:38:00 PM,22469.90,5385.40,41411.38
50127,5/10/2024 5:39:00 PM,22472.29,5400.61,41411.41
50127,5/10/2024 5:40:00 PM,22463.84,5405.47,41408.00
50127,5/10/2024 5:41:00 PM,22474.20,5403.64,41408.06
50127,5/10/2024 5:42:00 PM,22488.88,5398.47,41406.75
50127,5/10/2024 5:43:00 PM,22500.90,5391.64,41406.25
50127,5/10/2024 5:44:00 PM,22490.29,5389.65,41402.19
50127,5/10/2024 5:45:00 PM,22482.55,5394.38,41401.49
50127,5/10/2024 5:46:00 PM,22478.01,5386.73,41399.63
50127,5/10/2024 5:47:00 PM,22502.07,5377.93,41401.52
50127,5/10/2024 5:48:00 PM,22507.10,5376.93,41400.43
50127,5/10/2024 5:49:00 PM,22511.17,5376.96,41400.02
50127,5/10/2024 5:50:00 PM,22499.66,5380.57,41397.63
50127,5/10/2024 5:51:00 PM,22486.17,5384.69,41396.40
50127,5/10/2024 5:52:00 PM,22489.35,5385.94,41396.71
50127,5/10/2024 5:53:00 PM,22475.65,5384.73,41393.82
50127,5/10/2024 5:54:00 PM,22474.76,5370.00,41392.63
50127,5/10/2024 5:55:00 PM,22476.51,5366.40,41392.78
50127,5/10/2024 5:56:00 PM,22468.29,5366.78,41391.50
50127,5/10/2024 5:57:00 PM,22468.91,5366.52,41391.38
50127,5/10/2024 5:58:00 PM,22476.71,5363.36,41391.74
50127,5/10/2024 5:59:00 PM,22487.46,5361.07,41391.67
50127,5/10/2024 6:00:00 PM,22495.43,5362.81,41391.68
50127,5/10/2024 6:01:00 PM,22489.16,5372.31,41390.36
50127,5/10/2024 6:02:00 PM,22486.41,5379.54,41389.98
50127,5/10/2024 6:03:00 PM,22482.22,5389.28,41389.01
50127,5/10/2024 6:04:00 PM,22476.81,5387.91,41386.86
50127,5/10/2024 6:05:00 PM,22472.46,5383.98,41385.09
50127,5/10/2024 6:06:00 PM,22477.39,5371.50,41384.22
50127,5/10/2024 6:07:00 PM,22470.52,5371.29,41382.87
50127,5/10/2024 6:08:00 PM,22460.46,5363.82,41380.64
50127,5/10/2024 6:09:00 PM,22456.85,5355.39,41379.56
50127,5/10/2024 6:10:00 PM,22457.00,5359.17,41380.70
50127,5/10/2024 6:11:00 PM,22443.43,5368.22,41378.90
50127,5/10/2024 6:12:00 PM,22431.49,5374.93,41377.61
50127,5/10/2024 6:13:00 PM,22425.90,5370.56,41376.10
50127,5/10/2024 6:14:00 PM,22419.19,5369.02,41374.81
50127,5/10/2024 6:15:00 PM,22409.64,5363.05,41373.26
50127,5/10/2024 6:16:00 PM,22410.32,5355.07,41372.60
50127,5/10/2024 6:17:00 PM,22409.58,5347.61,41372.08
50127,5/10/2024 6:18:00 PM,22407.48,5340.94,41371.17
50127,5/10/2024 6:19:00 PM,22409.76,5337.60,41371.63
50127,5/10/2024 6:20:00 PM,22416.66,5338.49,41372.42
50127,5/10/2024 6:21:00 PM,22429.30,5339.06,41373.30
50127,5/10/2024 6:22:00 PM,22442.87,5339.34,41373.58
50127,5/10/2024 6:23:00 PM,22457.10,5342.70,41374.31
50127,5/10/2024 6:24:00 PM,22469.09,5343.45,41373.98
50127,5/10/2024 6:25:00 PM,22481.23,5341.68,41373.78
50127,5/10/2024 6:26:00 PM,22495.47,5337.41,41373.87
50127,5/10/2024 6:27:00 PM,22510.04,5355.01,41376.42
50127,5/10/2024 6:28:00 PM,22509.07,5373.95,41375.23
50127,5/10/2024 6:29:00 PM,22517.78,5373.75,41373.72
50127,5/10/2024 6:30:00 PM,22530.20,5366.59,41372.46
50127,5/10/2024 6:31:00 PM,22537.55,5344.34,41369.41
50127,5/10/2024 6:32:00 PM,22535.46,5331.37,41368.33
50127,5/10/2024 6:33:00 PM,22522.06,5323.20,41366.99
50127,5/10/2024 6:34:00 PM,22516.08,5310.69,41366.71
50127,5/10/2024 6:35:00 PM,22501.91,5306.24,41365.92
50127,5/10/2024 6:36:00 PM,22498.28,5297.78,41365.98
50127,5/10/2024 6:37:00 PM,22491.35,5292.33,41365.50
50127,5/10/2024 6:38:00 PM,22477.80,5295.80,41365.26
50127,5/10/2024 6:39:00 PM,22463.58,5301.43,41364.93
50127,5/10/2024 6:40:00 PM,22458.33,5307.05,41365.46
50127,5/10/2024 6:41:00 PM,22455.21,5312.26,41365.21
50127,5/10/2024 6:42:00 PM,22452.90,5312.41,41364.20
50127,5/10/2024 6:43:00 PM,22452.42,5313.42,41363.83
50127,5/10/2024 6:44:00 PM,22447.51,5317.50,41363.02
50127,5/10/2024 6:45:00 PM,22445.91,5322.16,41362.59
50127,5/10/2024 6:46:00 PM,22444.45,5328.29,41362.26
50127,5/10/2024 6:47:00 PM,22448.11,5329.51,41361.80
50127,5/10/2024 6:48:00 PM,22447.81,5328.42,41360.42
50127,5/10/2024 6:49:00 PM,22445.69,5324.49,41359.05
50127,5/10/2024 6:50:00 PM,22444.75,5324.42,41358.35
50127,5/10/2024 6:51:00 PM,22431.51,5336.30,41357.52
50127,5/10/2024 6:52:00 PM,22424.20,5344.56,41356.36
50127,5/10/2024 6:53:00 PM,22414.29,5350.14,41354.58
50127,5/10/2024 6:54:00 PM,22408.54,5349.99,41353.29
50127,5/10/2024 6:55:00 PM,22404.48,5350.56,41352.14
50127,5/10/2024 6:56:00 PM,22398.93,5350.40,41351.13
50127,5/10/2024 6:57:00 PM,22397.92,5345.52,41349.96
50127,5/10/2024 6:58:00 PM,22396.59,5332.90,41348.24
50127,5/10/2024 6:59:00 PM,22423.64,5299.75,41348.53
50127,5/10/2024 7:00:00 PM,22423.83,5286.17,41348.16
50127,5/10/2024 7:01:00 PM,22423.31,5276.86,41348.01
50127,5/10/2024 7:02:00 PM,22420.06,5269.28,41347.40
50127,5/10/2024 7:03:00 PM,22422.52,5259.51,41347.30
50127,5/10/2024 7:04:00 PM,22418.38,5253.13,41346.73
50127,5/10/2024 7:05:00 PM,22429.82,5235.21,41347.20
50127,5/10/2024 7:06:00 PM,22441.43,5225.11,41348.25
50127,5/10/2024 7:07:00 PM,22447.74,5217.47,41348.32
50127,5/10/2024 7:08:00 PM,22451.94,5212.81,41348.58
50127,5/10/2024 7:09:00 PM,22455.14,5210.33,41348.86
50127,5/10/2024 7:10:00 PM,22453.44,5213.31,41349.15
50127,5/10/2024 7:11:00 PM,22460.46,5209.82,41349.51
50127,5/10/2024 7:12:00 PM,22460.41,5208.13,41349.26
50127,5/10/2024 7:13:00 PM,22461.49,5204.64,41349.16
50127,5/10/2024 7:14:00 PM,22463.17,5203.24,41349.88
50127,5/10/2024 7:15:00 PM,22460.69,5203.11,41350.08
50127,5/10/2024 7:16:00 PM,22465.77,5194.10,41350.02
50127,5/10/2024 7:17:00 PM,22476.40,5183.12,41350.80
50127,5/10/2024 7:18:00 PM,22485.54,5174.38,41351.59
50127,5/10/2024 7:19:00 PM,22491.21,5166.61,41352.08
50127,5/10/2024 7:20:00 PM,22493.21,5159.75,41352.44
50127,5/10/2024 7:21:00 PM,22496.93,5154.46,41353.81
50127,5/10/2024 7:22:00 PM,22506.99,5149.24,41354.99
50127,5/10/2024 7:23:00 PM,22513.18,5147.51,41356.54
50127,5/10/2024 7:24:00 PM,22501.88,5154.07,41355.97
50127,5/10/2024 7:25:00 PM,22498.65,5152.62,41356.57
50127,5/10/2024 7:26:00 PM,22499.44,5149.30,41357.72
50127,5/10/2024 7:27:00 PM,22509.19,5143.83,41359.50
50127,5/10/2024 7:28:00 PM,22517.04,5139.02,41360.54
50127,5/10/2024 7:29:00 PM,22521.76,5134.41,41361.23
50127,5/10/2024 7:30:00 PM,22527.49,5131.83,41362.64
50127,5/10/2024 7:31:00 PM,22530.23,5130.57,41363.42
50127,5/10/2024 7:32:00 PM,22532.54,5128.99,41364.22
50127,5/10/2024 7:33:00 PM,22529.73,5129.84,41365.00
50127,5/10/2024 7:34:00 PM,22531.98,5130.36,41366.36
50127,5/10/2024 7:35:00 PM,22529.38,5133.25,41367.25
50127,5/10/2024 7:36:00 PM,22539.57,5125.61,41368.38
50127,5/10/2024 7:37:00 PM,22548.65,5119.40,41369.27
50127,5/10/2024 7:38:00 PM,22562.74,5120.10,41371.86
50127,5/10/2024 7:39:00 PM,22578.12,5116.11,41371.67
50127,5/10/2024 7:40:00 PM,22574.08,5132.54,41372.58
50127,5/10/2024 7:41:00 PM,22560.81,5142.18,41371.68
50127,5/10/2024 7:42:00 PM,22555.10,5146.33,41371.96
50127,5/10/2024 7:43:00 PM,22557.43,5149.23,41373.04
50127,5/10/2024 7:44:00 PM,22560.83,5147.68,41373.61
50127,5/10/2024 7:45:00 PM,22569.88,5143.98,41374.66
50127,5/10/2024 7:46:00 PM,22580.60,5137.55,41375.23
50127,5/10/2024 7:47:00 PM,22617.01,5120.24,41377.42
50127,5/10/2024 7:48:00 PM,22639.45,5133.52,41379.96
50127,5/10/2024 7:49:00 PM,22612.82,5150.48,41376.50
50127,5/10/2024 7:50:00 PM,22588.04,5156.87,41375.07
50127,5/10/2024 7:51:00 PM,22595.38,5166.06,41378.84
50127,5/10/2024 7:52:00 PM,22592.77,5173.65,41378.40
50127,5/10/2024 7:53:00 PM,22582.63,5166.27,41376.31
50127,5/10/2024 7:54:00 PM,22590.63,5159.12,41377.60
50127,5/10/2024 7:55:00 PM,22604.91,5159.84,41379.42
50127,5/10/2024 7:56:00 PM,22604.54,5154.76,41377.91
50127,5/10/2024 7:57:00 PM,22600.36,5160.88,41378.31
50127,5/10/2024 7:58:00 PM,22585.03,5170.63,41377.51
50127,5/10/2024 7:59:00 PM,22581.44,5155.16,41375.80
50127,5/10/2024 8:00:00 PM,22578.20,5142.13,41375.78
50127,5/10/2024 8:01:00 PM,22569.14,5134.15,41375.30
50127,5/10/2024 8:02:00 PM,22564.22,5130.40,41376.28
50127,5/10/2024 8:03:00 PM,22547.72,5133.25,41375.54
50127,5/10/2024 8:04:00 PM,22530.18,5133.36,41375.12
50127,5/10/2024 8:05:00 PM,22533.59,5139.29,41377.85
50127,5/10/2024 8:06:00 PM,22531.47,5142.11,41377.55
50127,5/10/2024 8:07:00 PM,22527.80,5145.31,41377.62
50127,5/10/2024 8:08:00 PM,22524.19,5149.63,41377.38
50127,5/10/2024 8:09:00 PM,22527.91,5153.44,41377.90
50127,5/10/2024 8:10:00 PM,22521.26,5162.37,41377.05
50127,5/10/2024 8:11:00 PM,22512.94,5168.43,41376.34
50127,5/10/2024 8:12:00 PM,22512.03,5170.72,41376.37
50127,5/10/2024 8:13:00 PM,22507.10,5183.48,41376.59
50127,5/10/2024 8:14:00 PM,22507.54,5184.74,41375.27
50127,5/10/2024 8:15:00 PM,22501.55,5186.90,41373.62
50127,5/10/2024 8:16:00 PM,22499.90,5191.25,41373.60
50127,5/10/2024 8:17:00 PM,22490.49,5193.82,41372.28
50127,5/10/2024 8:18:00 PM,22479.16,5199.32,41371.74
50127,5/10/2024 8:19:00 PM,22475.12,5195.70,41371.33
50127,5/10/2024 8:20:00 PM,22472.35,5189.42,41370.64
50127,5/10/2024 8:21:00 PM,22472.58,5177.49,41370.34
50127,5/10/2024 8:22:00 PM,22476.33,5174.57,41371.65
50127,5/10/2024 8:23:00 PM,22475.94,5175.97,41370.98
50127,5/10/2024 8:24:00 PM,22469.37,5175.66,41369.76
50127,5/10/2024 8:25:00 PM,22464.69,5176.45,41370.18
50127,5/10/2024 8:26:00 PM,22455.02,5176.56,41369.37
50127,5/10/2024 8:27:00 PM,22460.12,5167.94,41370.22
50127,5/10/2024 8:28:00 PM,22464.36,5168.10,41371.12
50127,5/10/2024 8:29:00 PM,22459.92,5169.93,41371.13
50127,5/10/2024 8:30:00 PM,22457.99,5171.59,41371.92
50127,5/10/2024 8:31:00 PM,22469.26,5176.71,41373.01
50127,5/10/2024 8:32:00 PM,22480.73,5161.61,41370.55
50127,5/10/2024 8:33:00 PM,22474.71,5158.93,41369.61
50127,5/10/2024 8:34:00 PM,22474.40,5158.75,41370.25
50127,5/10/2024 8:35:00 PM,22476.23,5152.96,41370.16
50127,5/10/2024 8:36:00 PM,22477.19,5151.16,41370.76
50127,5/10/2024 8:37:00 PM,22468.47,5149.96,41370.05
50127,5/10/2024 8:38:00 PM,22465.69,5143.76,41370.90
50127,5/10/2024 8:39:00 PM,22462.05,5146.97,41371.68
50127,5/10/2024 8:40:00 PM,22462.40,5145.10,41371.77
50127,5/10/2024 8:41:00 PM,22463.35,5145.47,41372.38
50127,5/10/2024 8:42:00 PM,22464.49,5143.31,41372.30
50127,5/10/2024 8:43:00 PM,22471.93,5139.85,41373.00
50127,5/10/2024 8:44:00 PM,22479.44,5138.00,41373.42
50127,5/10/2024 8:45:00 PM,22482.08,5140.21,41373.83
50127,5/10/2024 8:46:00 PM,22483.15,5140.40,41373.89
50127,5/10/2024 8:47:00 PM,22492.52,5135.57,41374.49
50127,5/10/2024 8:48:00 PM,22496.81,5139.33,41374.25
50127,5/10/2024 8:49:00 PM,22490.68,5135.17,41372.84
50127,5/10/2024 8:50:00 PM,22490.87,5132.78,41373.08
50127,5/10/2024 8:51:00 PM,22492.63,5131.08,41373.20
50127,5/10/2024 8:52:00 PM,22493.94,5130.55,41373.62
50127,5/10/2024 8:53:00 PM,22497.80,5128.35,41374.24
50127,5/10/2024 8:54:00 PM,22500.88,5129.12,41374.91
50127,5/10/2024 8:55:00 PM,22500.25,5129.94,41374.54
50127,5/10/2024 8:56:00 PM,22504.93,5124.81,41375.19
50127,5/10/2024 8:57:00 PM,22503.23,5126.76,41376.02
50127,5/10/2024 8:58:00 PM,22498.51,5123.78,41376.51
50127,5/10/2024 8:59:00 PM,22493.14,5122.04,41377.25
50127,5/10/2024 9:00:00 PM,22492.42,5117.57,41379.04
50127,5/10/2024 9:01:00 PM,22495.97,5117.33,41379.82
50127,5/10/2024 9:02:00 PM,22504.29,5108.55,41380.52
50127,5/10/2024 9:03:00 PM,22520.57,5105.08,41381.95
50127,5/10/2024 9:04:00 PM,22517.05,5106.40,41381.18
50127,5/10/2024 9:05:00 PM,22509.77,5111.99,41381.72
50127,5/10/2024 9:06:00 PM,22503.10,5112.35,41381.88
50127,5/10/2024 9:07:00 PM,22506.99,5115.85,41383.70
50127,5/10/2024 9:08:00 PM,22507.45,5114.18,41383.68
50127,5/10/2024 9:09:00 PM,22503.85,5115.19,41383.93
50127,5/10/2024 9:10:00 PM,22510.29,5111.20,41384.87
50127,5/10/2024 9:11:00 PM,22518.07,5106.01,41385.51
50127,5/10/2024 9:12:00 PM,22511.96,5101.82,41385.50
50127,5/10/2024 9:13:00 PM,22512.58,5105.84,41387.48
50127,5/10/2024 9:14:00 PM,22511.13,5102.81,41387.12
50127,5/10/2024 9:15:00 PM,22508.30,5102.52,41387.92
50127,5/10/2024 9:16:00 PM,22502.91,5108.10,41388.88
50127,5/10/2024 9:17:00 PM,22501.11,5110.44,41389.56
50127,5/10/2024 9:18:00 PM,22488.72,5111.49,41388.81
50127,5/10/2024 9:19:00 PM,22479.34,5111.37,41389.28
50127,5/10/2024 9:20:00 PM,22474.62,5117.64,41390.14
50127,5/10/2024 9:21:00 PM,22476.56,5121.09,41390.86
50127,5/10/2024 9:22:00 PM,22469.28,5119.95,41389.02
50127,5/10/2024 9:23:00 PM,22458.05,5119.70,41388.06
50127,5/10/2024 9:24:00 PM,22441.08,5121.43,41387.72
50127,5/10/2024 9:25:00 PM,22436.65,5126.93,41390.15
50127,5/10/2024 9:26:00 PM,22444.70,5130.72,41392.03
50127,5/10/2024 9:27:00 PM,22452.55,5135.47,41393.11
50127,5/10/2024 9:28:00 PM,22465.26,5134.24,41393.79
50127,5/10/2024 9:29:00 PM,22474.61,5131.34,41393.82
50127,5/10/2024 9:30:00 PM,22483.56,5129.45,41394.48
50127,5/10/2024 9:31:00 PM,22487.57,5129.41,41394.95
50127,5/10/2024 9:32:00 PM,22492.98,5125.57,41395.31
50127,5/10/2024 9:33:00 PM,22497.09,5122.86,41396.34
50127,5/10/2024 9:34:00 PM,22500.66,5119.97,41397.32
50127,5/10/2024 9:35:00 PM,22493.03,5120.74,41398.18
50127,5/10/2024 9:36:00 PM,22497.72,5124.33,41400.67
50127,5/10/2024 9:37:00 PM,22503.62,5127.87,41402.20
50127,5/10/2024 9:38:00 PM,22510.39,5131.14,41404.00
50127,5/10/2024 9:39:00 PM,22512.47,5132.47,41404.36
50127,5/10/2024 9:40:00 PM,22518.63,5128.58,41405.37
50127,5/10/2024 9:41:00 PM,22533.47,5127.41,41407.54
50127,5/10/2024 9:42:00 PM,22504.52,5119.47,41401.86
50127,5/10/2024 9:43:00 PM,22462.75,5102.05,41400.78
50127,5/10/2024 9:44:00 PM,22468.15,5099.79,41405.84
50127,5/10/2024 9:45:00 PM,22479.07,5090.25,41408.08
50127,5/10/2024 9:46:00 PM,22467.27,5085.82,41408.74
50127,5/10/2024 9:47:00 PM,22455.07,5088.53,41411.17
50127,5/10/2024 9:48:00 PM,22451.68,5090.77,41414.15
50127,5/10/2024 9:49:00 PM,22448.15,5090.25,41417.05
50127,5/10/2024 9:50:00 PM,22444.01,5097.25,41420.90
50127,5/10/2024 9:51:00 PM,22445.78,5105.80,41424.71
50127,5/10/2024 9:52:00 PM,22446.12,5114.13,41427.62
50127,5/10/2024 9:53:00 PM,22444.95,5122.84,41430.13
50127,5/10/2024 9:54:00 PM,22445.57,5132.13,41432.70
50127,5/10/2024 9:55:00 PM,22449.07,5139.17,41434.90
50127,5/10/2024 9:56:00 PM,22447.50,5146.58,41436.53
50127,5/10/2024 9:57:00 PM,22445.11,5151.73,41438.08
50127,5/10/2024 9:58:00 PM,22441.28,5154.90,41439.34
50127,5/10/2024 9:59:00 PM,22433.35,5157.30,41440.62
50127,5/10/2024 10:00:00 PM,22431.38,5159.30,41442.80
50127,5/10/2024 10:01:00 PM,22439.45,5156.83,41445.82
50127,5/10/2024 10:02:00 PM,22450.88,5157.02,41448.76
50127,5/10/2024 10:03:00 PM,22464.76,5150.54,41450.98
50127,5/10/2024 10:04:00 PM,22518.99,5140.46,41457.91
50127,5/10/2024 10:05:00 PM,22528.73,5140.74,41456.97
50127,5/10/2024 10:06:00 PM,22533.87,5140.98,41459.10
50127,5/10/2024 10:07:00 PM,22534.77,5140.33,41460.43
50127,5/10/2024 10:08:00 PM,22556.75,5134.32,41464.57
50127,5/10/2024 10:09:00 PM,22552.94,5137.34,41464.86
50127,5/10/2024 10:10:00 PM,22539.01,5133.15,41464.34
50127,5/10/2024 10:11:00 PM,22527.44,5129.69,41465.02
50127,5/10/2024 10:12:00 PM,22521.04,5125.47,41466.69
50127,5/10/2024 10:13:00 PM,22514.50,5121.93,41467.36
50127,5/10/2024 10:14:00 PM,22533.19,5110.11,41470.30
50127,5/10/2024 10:15:00 PM,22532.96,5101.65,41469.68
50127,5/10/2024 10:16:00 PM,22518.27,5096.55,41468.96
50127,5/10/2024 10:17:00 PM,22486.05,5093.19,41468.28
50127,5/10/2024 10:18:00 PM,22482.83,5089.18,41471.11
50127,5/10/2024 10:19:00 PM,22486.80,5086.97,41473.55
50127,5/10/2024 10:20:00 PM,22483.40,5088.74,41474.48
50127,5/10/2024 10:21:00 PM,22477.36,5094.86,41475.33
50127,5/10/2024 10:22:00 PM,22456.72,5099.26,41474.05
50127,5/10/2024 10:23:00 PM,22465.94,5097.57,41477.21
50127,5/10/2024 10:24:00 PM,22460.25,5103.39,41476.92
50127,5/10/2024 10:25:00 PM,22478.02,5096.05,41479.49
50127,5/10/2024 10:26:00 PM,22511.90,5088.11,41481.57
50127,5/10/2024 10:27:00 PM,22506.14,5088.49,41479.76
50127,5/10/2024 10:28:00 PM,22497.31,5088.22,41479.21
50127,5/10/2024 10:29:00 PM,22481.37,5094.78,41479.00
50127,5/10/2024 10:30:00 PM,22479.37,5097.88,41480.85
50127,5/10/2024 10:31:00 PM,22507.58,5091.20,41483.85
50127,5/10/2024 10:32:00 PM,22535.61,5087.81,41485.87
50127,5/10/2024 10:33:00 PM,22542.72,5088.53,41484.41
50127,5/10/2024 10:34:00 PM,22590.13,5055.35,41484.39
50127,5/10/2024 10:35:00 PM,22691.88,5023.46,41487.89
50127,5/10/2024 10:36:00 PM,22663.88,5020.96,41478.34
50127,5/10/2024 10:37:00 PM,22505.00,5061.01,41467.66
50127,5/10/2024 10:38:00 PM,22475.08,5053.97,41471.93
50127,5/10/2024 10:39:00 PM,22491.77,5053.48,41476.94
50127,5/10/2024 10:40:00 PM,22491.65,5048.94,41476.55
50127,5/10/2024 10:41:00 PM,22464.17,5064.22,41475.04
50127,5/10/2024 10:42:00 PM,22434.92,5078.21,41472.81
50127,5/10/2024 10:43:00 PM,22408.37,5092.52,41471.29
50127,5/10/2024 10:44:00 PM,22368.33,5115.19,41469.15
50127,5/10/2024 10:45:00 PM,22338.34,5128.16,41467.19
50127,5/10/2024 10:46:00 PM,22329.08,5136.88,41467.42
50127,5/10/2024 10:47:00 PM,22328.44,5138.39,41467.25
50127,5/10/2024 10:48:00 PM,22305.83,5141.56,41464.64
50127,5/10/2024 10:49:00 PM,22302.82,5138.00,41465.92
50127,5/10/2024 10:50:00 PM,22316.75,5131.51,41466.76
50127,5/10/2024 10:51:00 PM,22327.26,5124.38,41467.05
50127,5/10/2024 10:52:00 PM,22330.72,5123.42,41467.54
50127,5/10/2024 10:53:00 PM,22314.40,5131.88,41467.61
50127,5/10/2024 10:54:00 PM,22305.36,5123.90,41466.49
50127,5/10/2024 10:55:00 PM,22314.34,5117.72,41468.19
50127,5/10/2024 10:56:00 PM,22319.32,5119.86,41469.08
50127,5/10/2024 10:57:00 PM,22327.10,5120.40,41469.93
50127,5/10/2024 10:58:00 PM,22346.28,5114.36,41471.16
50127,5/10/2024 10:59:00 PM,22358.93,5109.14,41471.70
50127,5/10/2024 11:00:00 PM,22368.18,5102.64,41471.67
50127,5/10/2024 11:01:00 PM,22362.27,5105.90,41471.76
50127,5/10/2024 11:02:00 PM,22365.69,5111.12,41473.43
50127,5/10/2024 11:03:00 PM,22376.60,5111.67,41474.97
50127,5/10/2024 11:04:00 PM,22383.15,5110.53,41475.89
50127,5/10/2024 11:05:00 PM,22391.42,5110.20,41477.29
50127,5/10/2024 11:06:00 PM,22406.63,5112.28,41479.57
50127,5/10/2024 11:07:00 PM,22427.61,5104.03,41480.69
50127,5/10/2024 11:08:00 PM,22440.52,5094.52,41480.99
50127,5/10/2024 11:09:00 PM,22446.43,5090.19,41481.77
50127,5/10/2024 11:10:00 PM,22434.60,5094.57,41482.02
50127,5/10/2024 11:11:00 PM,22399.99,5107.66,41482.07
50127,5/10/2024 11:12:00 PM,22371.57,5111.35,41481.79
50127,5/10/2024 11:13:00 PM,22373.37,5107.14,41483.28
50127,5/10/2024 11:14:00 PM,22384.08,5098.78,41484.75
50127,5/10/2024 11:15:00 PM,22385.69,5099.84,41485.94
50127,5/10/2024 11:16:00 PM,22372.96,5106.20,41485.69
50127,5/10/2024 11:17:00 PM,22357.56,5114.99,41486.19
50127,5/10/2024 11:18:00 PM,22344.90,5124.24,41487.14
50127,5/10/2024 11:19:00 PM,22342.03,5130.21,41488.39
50127,5/10/2024 11:20:00 PM,22350.24,5130.89,41489.76
50127,5/10/2024 11:21:00 PM,22360.90,5129.90,41491.22
50127,5/10/2024 11:22:00 PM,22375.95,5125.50,41492.61
50127,5/10/2024 11:23:00 PM,22384.54,5122.93,41493.50
50127,5/10/2024 11:24:00 PM,22394.20,5118.15,41494.29
50127,5/10/2024 11:25:00 PM,22406.74,5115.11,41495.86
50127,5/10/2024 11:26:00 PM,22423.67,5111.63,41497.46
50127,5/10/2024 11:27:00 PM,22440.78,5109.92,41499.19
50127,5/10/2024 11:28:00 PM,22448.38,5108.85,41500.00
50127,5/10/2024 11:29:00 PM,22453.66,5111.72,41501.66
50127,5/10/2024 11:30:00 PM,22459.19,5114.79,41503.34
50127,5/10/2024 11:31:00 PM,22453.95,5115.83,41503.61
50127,5/10/2024 11:32:00 PM,22443.14,5119.34,41504.16
50127,5/10/2024 11:33:00 PM,22433.78,5125.08,41505.41
50127,5/10/2024 11:34:00 PM,22436.42,5127.28,41507.31
50127,5/10/2024 11:35:00 PM,22443.46,5127.81,41509.16
50127,5/10/2024 11:36:00 PM,22444.60,5128.09,41509.90
50127,5/10/2024 11:37:00 PM,22445.34,5128.35,41510.75
50127,5/10/2024 11:38:00 PM,22450.50,5126.97,41511.77
50127,5/10/2024 11:39:00 PM,22458.91,5123.60,41512.41
50127,5/10/2024 11:40:00 PM,22464.49,5123.40,41513.39
50127,5/10/2024 11:41:00 PM,22473.77,5125.20,41515.69
50127,5/10/2024 11:42:00 PM,22471.75,5132.15,41517.11
50127,5/10/2024 11:43:00 PM,22450.04,5142.21,41516.34
50127,5/10/2024 11:44:00 PM,22433.35,5150.01,41516.58
50127,5/10/2024 11:45:00 PM,22441.59,5145.92,41517.89
50127,5/10/2024 11:46:00 PM,22423.65,5157.25,41517.71
50127,5/10/2024 11:47:00 PM,22411.37,5161.80,41517.83
50127,5/10/2024 11:48:00 PM,22408.99,5162.32,41518.24
50127,5/10/2024 11:49:00 PM,22410.48,5160.56,41518.44
50127,5/10/2024 11:50:00 PM,22411.22,5160.41,41518.92
50127,5/10/2024 11:51:00 PM,22407.33,5162.91,41519.05
50127,5/10/2024 11:52:00 PM,22409.07,5163.86,41519.56
50127,5/10/2024 11:53:00 PM,22414.56,5163.39,41519.80
50127,5/10/2024 11:54:00 PM,22417.10,5163.76,41519.38
50127,5/10/2024 11:55:00 PM,22425.41,5163.68,41520.02
50127,5/10/2024 11:56:00 PM,22432.11,5164.32,41520.60
50127,5/10/2024 11:57:00 PM,22433.95,5165.94,41520.73
50127,5/10/2024 11:58:00 PM,22435.51,5167.05,41520.72
50127,5/10/2024 11:59:00 PM,22442.80,5165.13,41520.94
50127,5/11/2024 12:00:00 AM,22450.13,5162.36,41520.69
50127,5/11/2024 12:01:00 AM,22461.87,5158.09,41520.95
50127,5/11/2024 12:02:00 AM,22470.79,5156.54,41521.43
50127,5/11/2024 12:03:00 AM,22480.65,5154.73,41521.76
50127,5/11/2024 12:04:00 AM,22488.55,5150.28,41521.57
50127,5/11/2024 12:05:00 AM,22488.13,5145.92,41520.56
50127,5/11/2024 12:06:00 AM,22490.52,5142.60,41520.53
50127,5/11/2024 12:07:00 AM,22495.68,5142.34,41521.33
50127,5/11/2024 12:08:00 AM,22497.87,5141.03,41521.21
50127,5/11/2024 12:09:00 AM,22501.85,5134.63,41520.59
50127,5/11/2024 12:10:00 AM,22505.62,5131.61,41521.00
50127,5/11/2024 12:11:00 AM,22513.97,5129.85,41522.29
50127,5/11/2024 12:12:00 AM,22518.99,5130.09,41522.91
50127,5/11/2024 12:13:00 AM,22526.16,5127.66,41523.39
50127,5/11/2024 12:14:00 AM,22521.27,5126.35,41522.54
50127,5/11/2024 12:15:00 AM,22519.99,5124.43,41522.59
50127,5/11/2024 12:16:00 AM,22519.76,5121.34,41522.38
50127,5/11/2024 12:17:00 AM,22524.95,5117.29,41522.89
50127,5/11/2024 12:18:00 AM,22536.27,5110.27,41523.78
50127,5/11/2024 12:19:00 AM,22544.53,5103.83,41524.32
50127,5/11/2024 12:20:00 AM,22548.90,5102.24,41525.17
50127,5/11/2024 12:21:00 AM,22551.17,5101.44,41526.04
50127,5/11/2024 12:22:00 AM,22547.52,5100.59,41525.78
50127,5/11/2024 12:23:00 AM,22561.06,5088.50,41526.55
50127,5/11/2024 12:24:00 AM,22576.84,5072.95,41526.77
50127,5/11/2024 12:25:00 AM,22603.80,5069.89,41530.94
50127,5/11/2024 12:26:00 AM,22603.49,5070.14,41531.29
50127,5/11/2024 12:27:00 AM,22596.51,5066.43,41530.65
50127,5/11/2024 12:28:00 AM,22603.47,5058.01,41531.86
50127,5/11/2024 12:29:00 AM,22613.68,5054.28,41534.57
50127,5/11/2024 12:30:00 AM,22635.00,5054.48,41538.22
50127,5/11/2024 12:31:00 AM,22625.17,5066.86,41538.76
50127,5/11/2024 12:32:00 AM,22616.87,5067.89,41538.15
50127,5/11/2024 12:33:00 AM,22598.51,5076.88,41537.86
50127,5/11/2024 12:34:00 AM,22554.04,5094.46,41535.52
50127,5/11/2024 12:35:00 AM,22569.13,5083.71,41537.11
50127,5/11/2024 12:36:00 AM,22543.55,5090.01,41535.00
50127,5/11/2024 12:37:00 AM,22536.96,5082.31,41535.51
50127,5/11/2024 12:38:00 AM,22512.07,5085.13,41534.38
50127,5/11/2024 12:39:00 AM,22496.56,5084.02,41534.12
50127,5/11/2024 12:40:00 AM,22496.06,5083.22,41536.27
50127,5/11/2024 12:41:00 AM,22515.67,5082.88,41540.67
50127,5/11/2024 12:42:00 AM,22515.41,5085.67,41541.12
50127,5/11/2024 12:43:00 AM,22513.99,5088.88,41542.55
50127,5/11/2024 12:44:00 AM,22524.86,5094.84,41546.20
50127,5/11/2024 12:45:00 AM,22530.95,5102.97,41548.47
50127,5/11/2024 12:46:00 AM,22554.53,5105.23,41551.91
50127,5/11/2024 12:47:00 AM,22571.12,5106.16,41553.73
50127,5/11/2024 12:48:00 AM,22576.99,5106.20,41554.82
50127,5/11/2024 12:49:00 AM,22573.22,5100.85,41554.90
50127,5/11/2024 12:50:00 AM,22564.99,5102.32,41556.75
50127,5/11/2024 12:51:00 AM,22576.54,5093.50,41559.32
50127,5/11/2024 12:52:00 AM,22573.98,5087.59,41560.57
50127,5/11/2024 12:53:00 AM,22566.87,5090.61,41563.44
50127,5/11/2024 12:54:00 AM,22558.87,5093.74,41565.07
50127,5/11/2024 12:55:00 AM,22555.79,5094.42,41566.91
50127,5/11/2024 12:56:00 AM,22561.65,5093.06,41569.18
50127,5/11/2024 12:57:00 AM,22567.20,5090.97,41571.15
50127,5/11/2024 12:58:00 AM,22561.86,5088.48,41571.91
50127,5/11/2024 12:59:00 AM,22555.94,5089.01,41573.48
50127,5/11/2024 1:00:00 AM,22557.45,5087.17,41575.80
50127,5/11/2024 1:01:00 AM,22561.15,5082.31,41577.66
50127,5/11/2024 1:02:00 AM,22563.11,5081.27,41580.27
50127,5/11/2024 1:03:00 AM,22566.45,5081.12,41582.71
50127,5/11/2024 1:04:00 AM,22567.95,5080.29,41584.66
50127,5/11/2024 1:05:00 AM,22555.94,5081.28,41585.48
50127,5/11/2024 1:06:00 AM,22544.13,5084.72,41587.50
50127,5/11/2024 1:07:00 AM,22547.50,5081.51,41590.18
50127,5/11/2024 1:08:00 AM,22549.81,5081.57,41592.99
50127,5/11/2024 1:09:00 AM,22555.22,5084.70,41596.97
50127,5/11/2024 1:10:00 AM,22544.24,5083.69,41596.93
50127,5/11/2024 1:11:00 AM,22522.29,5086.56,41596.93
50127,5/11/2024 1:12:00 AM,22518.85,5088.75,41599.82
50127,5/11/2024 1:13:00 AM,22524.94,5091.33,41602.69
50127,5/11/2024 1:14:00 AM,22537.36,5093.16,41605.61
50127,5/11/2024 1:15:00 AM,22551.27,5096.40,41609.42
50127,5/11/2024 1:16:00 AM,22565.21,5101.89,41614.58
50127,5/11/2024 1:17:00 AM,22585.37,5099.57,41620.14
50127,5/11/2024 1:18:00 AM,22604.22,5100.04,41627.06
50127,5/11/2024 1:19:00 AM,22605.95,5102.88,41632.46
50127,5/11/2024 1:20:00 AM,22620.55,5101.94,41640.57
50127,5/11/2024 1:21:00 AM,22634.85,5099.04,41648.44
50127,5/11/2024 1:22:00 AM,22647.35,5097.96,41656.54
50127,5/11/2024 1:23:00 AM,22653.51,5099.43,41664.62
50127,5/11/2024 1:24:00 AM,22644.36,5111.79,41671.58
50127,5/11/2024 1:25:00 AM,22633.42,5123.53,41677.27
50127,5/11/2024 1:26:00 AM,22638.26,5126.24,41683.70
50127,5/11/2024 1:27:00 AM,22636.57,5132.51,41688.68
50127,5/11/2024 1:28:00 AM,22597.72,5142.85,41688.09
50127,5/11/2024 1:29:00 AM,22569.16,5145.04,41688.75
50127,5/11/2024 1:30:00 AM,22574.07,5142.71,41694.06
50127,5/11/2024 1:31:00 AM,22642.91,5118.92,41705.13
50127,5/11/2024 1:32:00 AM,22648.48,5117.29,41709.47
50127,5/11/2024 1:33:00 AM,22613.89,5124.98,41709.68
50127,5/11/2024 1:34:00 AM,22595.38,5139.62,41711.86
50127,5/11/2024 1:35:00 AM,22589.00,5146.58,41712.64
50127,5/11/2024 1:36:00 AM,22582.97,5145.79,41712.58
50127,5/11/2024 1:37:00 AM,22567.14,5139.49,41711.07
50127,5/11/2024 1:38:00 AM,22555.87,5138.55,41711.47
50127,5/11/2024 1:39:00 AM,22548.07,5144.12,41712.30
50127,5/11/2024 1:40:00 AM,22536.23,5146.82,41711.29
50127,5/11/2024 1:41:00 AM,22522.27,5149.68,41710.23
50127,5/11/2024 1:42:00 AM,22518.05,5151.66,41710.66
50127,5/11/2024 1:43:00 AM,22502.00,5161.56,41709.69
50127,5/11/2024 1:44:00 AM,22477.21,5177.30,41707.36
50127,5/11/2024 1:45:00 AM,22476.19,5182.19,41706.29
50127,5/11/2024 1:46:00 AM,22476.73,5185.61,41704.91
50127,5/11/2024 1:47:00 AM,22474.70,5189.44,41703.38
50127,5/11/2024 1:48:00 AM,22481.71,5188.82,41702.50
50127,5/11/2024 1:49:00 AM,22514.86,5181.58,41705.14
50127,5/11/2024 1:50:00 AM,22530.53,5170.65,41704.52
50127,5/11/2024 1:51:00 AM,22525.26,5160.25,41701.73
50127,5/11/2024 1:52:00 AM,22511.94,5152.31,41698.57
50127,5/11/2024 1:53:00 AM,22506.24,5135.51,41696.02
50127,5/11/2024 1:54:00 AM,22493.49,5125.14,41693.98
50127,5/11/2024 1:55:00 AM,22492.54,5116.05,41695.03
50127,5/11/2024 1:56:00 AM,22484.25,5116.49,41697.09
50127,5/11/2024 1:57:00 AM,22464.07,5127.74,41697.92
50127,5/11/2024 1:58:00 AM,22449.80,5144.08,41697.29
50127,5/11/2024 1:59:00 AM,22449.19,5148.96,41695.10
50127,5/11/2024 2:00:00 AM,22446.81,5145.65,41692.23
50127,5/11/2024 2:01:00 AM,22439.95,5144.75,41690.35
50127,5/11/2024 2:02:00 AM,22430.03,5146.97,41688.80
50127,5/11/2024 2:03:00 AM,22412.26,5155.14,41686.48
50127,5/11/2024 2:04:00 AM,22395.39,5165.87,41684.64
50127,5/11/2024 2:05:00 AM,22377.18,5182.01,41682.86
50127,5/11/2024 2:06:00 AM,22346.15,5212.83,41682.01
50127,5/11/2024 2:07:00 AM,22358.89,5203.77,41681.93
50127,5/11/2024 2:08:00 AM,22378.49,5187.77,41685.14
50127,5/11/2024 2:09:00 AM,22379.58,5194.41,41688.74
50127,5/11/2024 2:10:00 AM,22381.90,5209.20,41691.48
50127,5/11/2024 2:11:00 AM,22383.50,5219.40,41691.49
50127,5/11/2024 2:12:00 AM,22391.39,5225.61,41691.72
50127,5/11/2024 2:13:00 AM,22397.09,5229.56,41690.96
50127,5/11/2024 2:14:00 AM,22380.50,5235.95,41689.23
50127,5/11/2024 2:15:00 AM,22378.33,5250.17,41692.63
50127,5/11/2024 2:16:00 AM,22389.10,5258.00,41695.60
50127,5/11/2024 2:17:00 AM,22402.22,5269.96,41700.78
50127,5/11/2024 2:18:00 AM,22422.19,5275.14,41705.02
50127,5/11/2024 2:19:00 AM,22425.07,5305.19,41706.94
50127,5/11/2024 2:20:00 AM,22444.16,5287.87,41704.42
50127,5/11/2024 2:21:00 AM,22457.00,5269.12,41710.60
50127,5/11/2024 2:22:00 AM,22489.23,5233.47,41720.51
50127,5/11/2024 2:23:00 AM,22503.76,5203.88,41725.82
50127,5/11/2024 2:24:00 AM,22493.63,5194.58,41724.07
50127,5/11/2024 2:25:00 AM,22460.06,5223.49,41719.60
50127,5/11/2024 2:26:00 AM,22454.87,5255.53,41721.00
50127,5/11/2024 2:27:00 AM,22461.72,5267.16,41720.89
50127,5/11/2024 2:28:00 AM,22475.76,5280.27,41717.79
50127,5/11/2024 2:29:00 AM,22487.00,5282.80,41712.14
50127,5/11/2024 2:30:00 AM,22511.09,5281.85,41706.22
50127,5/11/2024 2:31:00 AM,22514.10,5277.98,41697.00
50127,5/11/2024 2:32:00 AM,22523.20,5274.06,41694.08
50127,5/11/2024 2:33:00 AM,22534.52,5228.56,41701.00
50127,5/11/2024 2:34:00 AM,22531.09,5190.79,41692.20
50127,5/11/2024 2:35:00 AM,22485.02,5213.52,41679.62
50127,5/11/2024 2:36:00 AM,22482.85,5216.33,41668.77
50127,5/11/2024 2:37:00 AM,22473.12,5218.58,41663.22
50127,5/11/2024 2:38:00 AM,22499.08,5198.45,41660.68
50127,5/11/2024 2:39:00 AM,22472.96,5219.92,41657.72
50127,5/11/2024 2:40:00 AM,22456.52,5226.90,41653.12
50127,5/11/2024 2:41:00 AM,22468.19,5222.93,41650.32
50127,5/11/2024 2:42:00 AM,22478.95,5207.11,41645.96
50127,5/11/2024 2:43:00 AM,22476.19,5199.09,41644.05
50127,5/11/2024 2:44:00 AM,22485.78,5208.05,41643.13
50127,5/11/2024 2:45:00 AM,22481.55,5205.92,41643.23
50127,5/11/2024 2:46:00 AM,22478.67,5216.64,41642.21
50127,5/11/2024 2:47:00 AM,22470.28,5211.85,41643.61
50127,5/11/2024 2:48:00 AM,22474.17,5218.51,41643.68
50127,5/11/2024 2:49:00 AM,22476.74,5231.44,41642.28
50127,5/11/2024 2:50:00 AM,22474.89,5236.01,41637.20
50127,5/11/2024 2:51:00 AM,22463.63,5233.31,41634.19
50127,5/11/2024 2:52:00 AM,22449.96,5244.71,41636.16
50127,5/11/2024 2:53:00 AM,22440.28,5263.20,41638.57
50127,5/11/2024 2:54:00 AM,22456.49,5271.71,41643.46
50127,5/11/2024 2:55:00 AM,22442.19,5274.56,41648.63
50127,5/11/2024 2:56:00 AM,22430.85,5273.29,41651.66
50127,5/11/2024 2:57:00 AM,22433.20,5296.02,41652.59
50127,5/11/2024 2:58:00 AM,22417.20,5311.54,41656.06
50127,5/11/2024 2:59:00 AM,22418.29,5323.81,41649.58
50127,5/11/2024 3:00:00 AM,22426.10,5337.04,41647.24
50127,5/11/2024 3:01:00 AM,22435.26,5332.07,41650.62
50127,5/11/2024 3:02:00 AM,22447.03,5324.60,41653.27
50127,5/11/2024 3:03:00 AM,22439.01,5328.23,41650.42
50127,5/11/2024 3:04:00 AM,22431.56,5330.89,41640.30
50127,5/11/2024 3:05:00 AM,22435.60,5316.56,41634.90
50127,5/11/2024 3:06:00 AM,22437.61,5305.90,41628.39
50127,5/11/2024 3:07:00 AM,22438.43,5296.55,41623.28
50127,5/11/2024 3:08:00 AM,22424.80,5298.06,41617.78
50127,5/11/2024 3:09:00 AM,22424.60,5282.57,41616.75
50127,5/11/2024 3:10:00 AM,22426.03,5265.78,41614.71
50127,5/11/2024 3:11:00 AM,22425.36,5250.24,41612.97
50127,5/11/2024 3:12:00 AM,22423.41,5244.43,41610.61
50127,5/11/2024 3:13:00 AM,22402.16,5243.40,41607.52
50127,5/11/2024 3:14:00 AM,22372.69,5242.99,41604.46
50127,5/11/2024 3:15:00 AM,22360.11,5242.54,41603.56
50127,5/11/2024 3:16:00 AM,22367.42,5249.75,41603.88
50127,5/11/2024 3:17:00 AM,22386.43,5250.21,41601.49
50127,5/11/2024 3:18:00 AM,22408.36,5236.99,41598.46
50127,5/11/2024 3:19:00 AM,22415.26,5219.72,41593.46
50127,5/11/2024 3:20:00 AM,22409.27,5203.89,41588.97
50127,5/11/2024 3:21:00 AM,22399.81,5189.81,41586.43
50127,5/11/2024 3:22:00 AM,22391.31,5177.95,41586.24
50127,5/11/2024 3:23:00 AM,22379.17,5178.63,41586.06
50127,5/11/2024 3:24:00 AM,22376.60,5182.56,41585.92
50127,5/11/2024 3:25:00 AM,22377.55,5182.96,41584.48
50127,5/11/2024 3:26:00 AM,22377.39,5179.03,41582.15
50127,5/11/2024 3:27:00 AM,22375.16,5176.35,41580.52
50127,5/11/2024 3:28:00 AM,22370.24,5175.49,41579.01
50127,5/11/2024 3:29:00 AM,22364.91,5175.31,41577.79
50127,5/11/2024 3:30:00 AM,22359.06,5178.32,41577.40
50127,5/11/2024 3:31:00 AM,22354.19,5184.67,41577.31
50127,5/11/2024 3:32:00 AM,22353.65,5191.56,41577.01
50127,5/11/2024 3:33:00 AM,22358.33,5196.27,41576.05
50127,5/11/2024 3:34:00 AM,22365.86,5196.22,41574.08
50127,5/11/2024 3:35:00 AM,22373.34,5192.09,41571.58
50127,5/11/2024 3:36:00 AM,22379.06,5185.34,41568.99
50127,5/11/2024 3:37:00 AM,22383.68,5177.86,41566.85
50127,5/11/2024 3:38:00 AM,22385.58,5171.76,41565.04
50127,5/11/2024 3:39:00 AM,22385.55,5165.56,41563.33
50127,5/11/2024 3:40:00 AM,22384.18,5162.00,41562.02
50127,5/11/2024 3:41:00 AM,22382.37,5158.29,41560.65
50127,5/11/2024 3:42:00 AM,22382.25,5154.23,41559.65
50127,5/11/2024 3:43:00 AM,22378.99,5152.06,41558.66
50127,5/11/2024 3:44:00 AM,22373.58,5152.47,41558.20
50127,5/11/2024 3:45:00 AM,22370.09,5156.01,41558.32
50127,5/11/2024 3:46:00 AM,22368.81,5159.86,41558.10
50127,5/11/2024 3:47:00 AM,22369.42,5162.30,41557.55
50127,5/11/2024 3:48:00 AM,22370.38,5162.68,41556.68
50127,5/11/2024 3:49:00 AM,22372.80,5160.85,41555.85
50127,5/11/2024 3:50:00 AM,22376.65,5157.45,41555.06
50127,5/11/2024 3:51:00 AM,22380.37,5152.43,41554.11
50127,5/11/2024 3:52:00 AM,22382.89,5146.07,41553.04
50127,5/11/2024 3:53:00 AM,22382.17,5139.86,41552.12
50127,5/11/2024 3:54:00 AM,22379.88,5133.90,41551.60
50127,5/11/2024 3:55:00 AM,22375.30,5128.89,41551.62
50127,5/11/2024 3:56:00 AM,22369.48,5127.46,41552.56
50127,5/11/2024 3:57:00 AM,22361.39,5127.81,41553.91
50127,5/11/2024 3:58:00 AM,22350.57,5132.01,41556.00
50127,5/11/2024 3:59:00 AM,22339.30,5142.60,41559.00
50127,5/11/2024 4:00:00 AM,22330.72,5158.52,41562.17
50127,5/11/2024 4:01:00 AM,22329.48,5174.33,41564.67
50127,5/11/2024 4:02:00 AM,22334.34,5185.68,41565.82
50127,5/11/2024 4:03:00 AM,22342.16,5191.71,41566.06
50127,5/11/2024 4:04:00 AM,22349.57,5192.35,41565.44
50127,5/11/2024 4:05:00 AM,22354.06,5188.45,41564.34
50127,5/11/2024 4:06:00 AM,22356.38,5184.46,41563.80
50127,5/11/2024 4:07:00 AM,22356.61,5181.88,41563.72
50127,5/11/2024 4:08:00 AM,22356.36,5180.48,41564.00
50127,5/11/2024 4:09:00 AM,22356.42,5180.22,41564.49
50127,5/11/2024 4:10:00 AM,22355.33,5180.76,41564.96
50127,5/11/2024 4:11:00 AM,22356.30,5180.72,41565.57
50127,5/11/2024 4:12:00 AM,22355.48,5184.37,41566.52
50127,5/11/2024 4:13:00 AM,22353.61,5187.59,41566.96
50127,5/11/2024 4:14:00 AM,22353.00,5188.65,41567.20
50127,5/11/2024 4:15:00 AM,22352.41,5186.76,41567.36
50127,5/11/2024 4:16:00 AM,22347.08,5187.24,41568.08
50127,5/11/2024 4:17:00 AM,22337.25,5193.73,41569.38
50127,5/11/2024 4:18:00 AM,22335.77,5205.97,41572.05
50127,5/11/2024 4:19:00 AM,22348.10,5212.17,41573.49
50127,5/11/2024 4:20:00 AM,22358.32,5214.30,41573.16
50127,5/11/2024 4:21:00 AM,22363.70,5215.71,41572.65
50127,5/11/2024 4:22:00 AM,22363.59,5216.70,41571.86
50127,5/11/2024 4:23:00 AM,22356.40,5215.06,41570.30
50127,5/11/2024 4:24:00 AM,22349.28,5211.94,41569.80
50127,5/11/2024 4:25:00 AM,22349.63,5206.61,41569.84
50127,5/11/2024 4:26:00 AM,22350.09,5202.30,41569.77
50127,5/11/2024 4:27:00 AM,22351.81,5196.69,41569.70
50127,5/11/2024 4:28:00 AM,22365.28,5193.34,41571.70
50127,5/11/2024 4:29:00 AM,22391.78,5190.79,41573.28
50127,5/11/2024 4:30:00 AM,22401.62,5193.76,41572.52
50127,5/11/2024 4:31:00 AM,22391.15,5196.54,41569.91
50127,5/11/2024 4:32:00 AM,22374.82,5194.10,41567.62
50127,5/11/2024 4:33:00 AM,22362.38,5190.17,41566.58
50127,5/11/2024 4:34:00 AM,22350.13,5178.46,41564.91
50127,5/11/2024 4:35:00 AM,22346.92,5163.31,41564.68
50127,5/11/2024 4:36:00 AM,22346.09,5152.34,41565.27
50127,5/11/2024 4:37:00 AM,22345.62,5147.77,41566.33
50127,5/11/2024 4:38:00 AM,22347.37,5148.34,41567.60
50127,5/11/2024 4:39:00 AM,22350.70,5152.12,41568.61
50127,5/11/2024 4:40:00 AM,22354.80,5155.39,41568.95
50127,5/11/2024 4:41:00 AM,22364.75,5159.36,41570.34
50127,5/11/2024 4:42:00 AM,22381.69,5167.10,41572.06
50127,5/11/2024 4:43:00 AM,22391.98,5170.73,41571.07
50127,5/11/2024 4:44:00 AM,22383.58,5174.31,41568.88
50127,5/11/2024 4:45:00 AM,22370.92,5173.12,41567.66
50127,5/11/2024 4:46:00 AM,22361.23,5166.24,41567.16
50127,5/11/2024 4:47:00 AM,22356.12,5162.67,41568.41
50127,5/11/2024 4:48:00 AM,22350.57,5164.53,41570.13
50127,5/11/2024 4:49:00 AM,22346.26,5165.87,41571.60
50127,5/11/2024 4:50:00 AM,22341.67,5167.30,41572.98
50127,5/11/2024 4:51:00 AM,22342.66,5168.56,41575.05
50127,5/11/2024 4:52:00 AM,22348.50,5167.95,41576.44
50127,5/11/2024 4:53:00 AM,22353.78,5163.95,41576.79
50127,5/11/2024 4:54:00 AM,22357.94,5161.84,41577.35
50127,5/11/2024 4:55:00 AM,22359.58,5158.87,41577.27
50127,5/11/2024 4:56:00 AM,22359.62,5156.19,41577.25
50127,5/11/2024 4:57:00 AM,22359.18,5154.62,41577.56
50127,5/11/2024 4:58:00 AM,22363.80,5154.69,41578.64
50127,5/11/2024 4:59:00 AM,22366.79,5157.28,41579.30
50127,5/11/2024 5:00:00 AM,22369.23,5158.55,41579.60
50127,5/11/2024 5:01:00 AM,22371.43,5158.89,41580.15
50127,5/11/2024 5:02:00 AM,22372.44,5161.48,41580.90
50127,5/11/2024 5:03:00 AM,22373.81,5165.19,41581.46
50127,5/11/2024 5:04:00 AM,22375.02,5168.05,41581.52
50127,5/11/2024 5:05:00 AM,22377.50,5169.50,41581.64
50127,5/11/2024 5:06:00 AM,22380.38,5169.97,41581.55
50127,5/11/2024 5:07:00 AM,22381.06,5168.75,41580.91
50127,5/11/2024 5:08:00 AM,22382.55,5166.16,41580.43
50127,5/11/2024 5:09:00 AM,22385.38,5164.43,41580.38
50127,5/11/2024 5:10:00 AM,22385.84,5162.10,41579.69
50127,5/11/2024 5:11:00 AM,22384.41,5159.52,41578.96
50127,5/11/2024 5:12:00 AM,22385.49,5158.57,41579.10
50127,5/11/2024 5:13:00 AM,22391.02,5158.61,41579.66
50127,5/11/2024 5:14:00 AM,22402.33,5160.31,41580.92
50127,5/11/2024 5:15:00 AM,22420.97,5160.88,41581.89
50127,5/11/2024 5:16:00 AM,22429.69,5163.63,41581.62
50127,5/11/2024 5:17:00 AM,22423.35,5168.55,41580.34
50127,5/11/2024 5:18:00 AM,22403.78,5166.81,41577.83
50127,5/11/2024 5:19:00 AM,22388.57,5157.44,41576.46
50127,5/11/2024 5:20:00 AM,22388.35,5149.78,41577.94
50127,5/11/2024 5:21:00 AM,22395.98,5148.05,41579.84
50127,5/11/2024 5:22:00 AM,22406.53,5149.04,41581.22
50127,5/11/2024 5:23:00 AM,22411.60,5152.69,41581.34
50127,5/11/2024 5:24:00 AM,22410.47,5157.58,41580.92
50127,5/11/2024 5:25:00 AM,22408.38,5159.91,41580.06
50127,5/11/2024 5:26:00 AM,22407.01,5160.04,41579.80
50127,5/11/2024 5:27:00 AM,22418.38,5158.17,41580.66
50127,5/11/2024 5:28:00 AM,22424.85,5157.73,41580.50
50127,5/11/2024 5:29:00 AM,22424.84,5157.76,41579.58
50127,5/11/2024 5:30:00 AM,22424.48,5156.34,41579.06
50127,5/11/2024 5:31:00 AM,22423.10,5157.13,41578.98
50127,5/11/2024 5:32:00 AM,22423.89,5157.64,41578.96
50127,5/11/2024 5:33:00 AM,22425.73,5157.09,41578.81
50127,5/11/2024 5:34:00 AM,22432.05,5156.01,41579.18
50127,5/11/2024 5:35:00 AM,22436.94,5153.60,41578.74
50127,5/11/2024 5:36:00 AM,22439.20,5151.07,41578.24
50127,5/11/2024 5:37:00 AM,22438.91,5148.80,41577.74
50127,5/11/2024 5:38:00 AM,22433.31,5144.05,41576.30
50127,5/11/2024 5:39:00 AM,22425.55,5138.36,41574.98
50127,5/11/2024 5:40:00 AM,22415.41,5134.80,41574.15
50127,5/11/2024 5:41:00 AM,22414.81,5131.69,41574.71
50127,5/11/2024 5:42:00 AM,22418.58,5129.14,41574.98
50127,5/11/2024 5:43:00 AM,22421.23,5128.86,41574.94
50127,5/11/2024 5:44:00 AM,22419.20,5130.53,41574.56
50127,5/11/2024 5:45:00 AM,22419.88,5133.17,41574.92
50127,5/11/2024 5:46:00 AM,22421.48,5137.38,41575.34
50127,5/11/2024 5:47:00 AM,22431.77,5142.00,41576.76
50127,5/11/2024 5:48:00 AM,22430.71,5145.67,41575.78
50127,5/11/2024 5:49:00 AM,22434.17,5149.17,41576.72
50127,5/11/2024 5:50:00 AM,22447.84,5147.08,41576.98
50127,5/11/2024 5:51:00 AM,22453.49,5146.95,41577.08
50127,5/11/2024 5:52:00 AM,22467.62,5141.57,41576.78
50127,5/11/2024 5:53:00 AM,22480.07,5135.18,41576.21
50127,5/11/2024 5:54:00 AM,22485.74,5141.88,41576.90
50127,5/11/2024 5:55:00 AM,22490.10,5144.48,41576.44
50127,5/11/2024 5:56:00 AM,22494.35,5148.85,41576.66
50127,5/11/2024 5:57:00 AM,22495.02,5158.45,41576.02
50127,5/11/2024 5:58:00 AM,22496.42,5164.19,41574.91
50127,5/11/2024 5:59:00 AM,22504.32,5165.16,41573.51
50127,5/11/2024 6:00:00 AM,22503.07,5165.09,41571.22
50127,5/11/2024 6:01:00 AM,22505.88,5159.85,41569.32
50127,5/11/2024 6:02:00 AM,22507.54,5156.33,41568.14
50127,5/11/2024 6:03:00 AM,22506.91,5151.32,41566.49
50127,5/11/2024 6:04:00 AM,22508.97,5148.13,41565.78
50127,5/11/2024 6:05:00 AM,22507.71,5142.86,41563.72
50127,5/11/2024 6:06:00 AM,22508.70,5136.08,41561.91
50127,5/11/2024 6:07:00 AM,22516.02,5127.67,41560.50
50127,5/11/2024 6:08:00 AM,22523.42,5120.64,41559.18
50127,5/11/2024 6:09:00 AM,22527.22,5110.22,41556.64
50127,5/11/2024 6:10:00 AM,22524.29,5102.15,41554.36
50127,5/11/2024 6:11:00 AM,22512.08,5097.49,41552.47
50127,5/11/2024 6:12:00 AM,22517.07,5092.43,41553.39
50127,5/11/2024 6:13:00 AM,22529.36,5084.29,41552.95
50127,5/11/2024 6:14:00 AM,22536.87,5073.60,41551.00
50127,5/11/2024 6:15:00 AM,22534.98,5066.57,41548.95
50127,5/11/2024 6:16:00 AM,22528.24,5068.07,41548.86
50127,5/11/2024 6:17:00 AM,22524.07,5064.74,41547.88
50127,5/11/2024 6:18:00 AM,22515.70,5063.81,41547.14
50127,5/11/2024 6:19:00 AM,22511.56,5060.08,41546.70
50127,5/11/2024 6:20:00 AM,22502.94,5061.68,41546.39
50127,5/11/2024 6:21:00 AM,22486.67,5068.14,41546.42
50127,5/11/2024 6:22:00 AM,22474.66,5077.24,41547.60
50127,5/11/2024 6:23:00 AM,22468.57,5086.76,41548.88
50127,5/11/2024 6:24:00 AM,22466.85,5092.09,41549.24
50127,5/11/2024 6:25:00 AM,22465.62,5103.97,41550.26
50127,5/11/2024 6:26:00 AM,22463.78,5118.00,41550.89
50127,5/11/2024 6:27:00 AM,22456.49,5139.61,41552.00
50127,5/11/2024 6:28:00 AM,22458.42,5147.19,41551.58
50127,5/11/2024 6:29:00 AM,22455.56,5160.14,41551.45
50127,5/11/2024 6:30:00 AM,22450.87,5185.49,41553.22
50127,5/11/2024 6:31:00 AM,22454.15,5201.64,41553.53
50127,5/11/2024 6:32:00 AM,22461.82,5210.87,41553.67
50127,5/11/2024 6:33:00 AM,22465.74,5226.91,41554.53
50127,5/11/2024 6:34:00 AM,22471.23,5237.92,41554.50
50127,5/11/2024 6:35:00 AM,22485.06,5245.47,41554.62
50127,5/11/2024 6:36:00 AM,22505.49,5247.58,41553.23
50127,5/11/2024 6:37:00 AM,22525.39,5238.84,41549.15
50127,5/11/2024 6:38:00 AM,22538.41,5222.63,41544.06
50127,5/11/2024 6:39:00 AM,22549.24,5199.31,41538.98
50127,5/11/2024 6:40:00 AM,22555.59,5171.61,41534.44
50127,5/11/2024 6:41:00 AM,22555.08,5155.33,41532.63
50127,5/11/2024 6:42:00 AM,22555.84,5134.89,41529.94
50127,5/11/2024 6:43:00 AM,22557.65,5115.12,41527.79
50127,5/11/2024 6:44:00 AM,22558.21,5102.63,41526.39
50127,5/11/2024 6:45:00 AM,22550.24,5094.52,41524.02
50127,5/11/2024 6:46:00 AM,22538.39,5103.62,41524.19
50127,5/11/2024 6:47:00 AM,22534.35,5115.77,41524.17
50127,5/11/2024 6:48:00 AM,22538.99,5116.63,41522.14
50127,5/11/2024 6:49:00 AM,22547.61,5114.60,41520.41
50127,5/11/2024 6:50:00 AM,22569.96,5106.22,41518.70
50127,5/11/2024 6:51:00 AM,22571.41,5095.47,41513.97
50127,5/11/2024 6:52:00 AM,22569.92,5086.93,41511.66
50127,5/11/2024 6:53:00 AM,22582.02,5077.35,41510.10
50127,5/11/2024 6:54:00 AM,22591.38,5062.18,41506.14
50127,5/11/2024 6:55:00 AM,22597.49,5048.73,41503.15
50127,5/11/2024 6:56:00 AM,22612.37,5016.30,41498.05
50127,5/11/2024 6:57:00 AM,22619.96,4985.56,41493.35
50127,5/11/2024 6:58:00 AM,22605.27,4957.47,41487.84
50127,5/11/2024 6:59:00 AM,22575.32,4937.92,41485.51
50127,5/11/2024 7:00:00 AM,22554.08,4925.19,41486.76
50127,5/11/2024 7:01:00 AM,22523.53,4923.24,41488.71
50127,5/11/2024 7:02:00 AM,22481.38,4940.22,41493.71
50127,5/11/2024 7:03:00 AM,22446.34,4979.41,41503.58
50127,5/11/2024 7:04:00 AM,22435.02,5031.45,41514.64
50127,5/11/2024 7:05:00 AM,22431.06,5093.84,41523.06
50127,5/11/2024 7:06:00 AM,22435.85,5151.14,41527.72
50127,5/11/2024 7:07:00 AM,22458.68,5187.55,41528.03
50127,5/11/2024 7:08:00 AM,22477.84,5212.94,41525.01
50127,5/11/2024 7:09:00 AM,22510.97,5217.24,41520.11
50127,5/11/2024 7:10:00 AM,22544.83,5208.34,41513.63
50127,5/11/2024 7:11:00 AM,22573.43,5183.17,41505.35
50127,5/11/2024 7:12:00 AM,22596.10,5145.54,41496.22
50127,5/11/2024 7:13:00 AM,22611.06,5105.39,41488.17
50127,5/11/2024 7:14:00 AM,22629.98,5057.41,41481.06
50127,5/11/2024 7:15:00 AM,22643.08,5013.36,41475.55
50127,5/11/2024 7:16:00 AM,22643.46,4966.79,41469.62
50127,5/11/2024 7:17:00 AM,22618.60,4934.87,41465.60
50127,5/11/2024 7:18:00 AM,22590.51,4921.98,41466.24
50127,5/11/2024 7:19:00 AM,22558.37,4918.90,41466.25
50127,5/11/2024 7:20:00 AM,22527.63,4926.24,41467.40
50127,5/11/2024 7:21:00 AM,22503.96,4939.69,41469.06
50127,5/11/2024 7:22:00 AM,22479.33,4956.25,41470.40
50127,5/11/2024 7:23:00 AM,22452.58,4965.56,41470.12
50127,5/11/2024 7:24:00 AM,22430.06,4974.47,41470.01
50127,5/11/2024 7:25:00 AM,22417.26,4986.34,41469.81
50127,5/11/2024 7:26:00 AM,22408.47,4997.55,41469.68
50127,5/11/2024 7:27:00 AM,22401.62,5008.38,41470.37
50127,5/11/2024 7:28:00 AM,22390.78,5019.21,41472.16
50127,5/11/2024 7:29:00 AM,22379.96,5032.18,41475.72
50127,5/11/2024 7:30:00 AM,22385.00,5049.84,41481.21
50127,5/11/2024 7:31:00 AM,22386.05,5073.54,41484.34
50127,5/11/2024 7:32:00 AM,22376.72,5100.20,41485.10
50127,5/11/2024 7:33:00 AM,22371.81,5123.00,41486.15
50127,5/11/2024 7:34:00 AM,22373.26,5137.68,41486.68
50127,5/11/2024 7:35:00 AM,22362.89,5153.66,41485.71
50127,5/11/2024 7:36:00 AM,22370.42,5167.89,41486.98
50127,5/11/2024 7:37:00 AM,22356.76,5178.45,41483.48
50127,5/11/2024 7:38:00 AM,22353.62,5182.14,41482.78
50127,5/11/2024 7:39:00 AM,22363.86,5183.65,41482.67
50127,5/11/2024 7:40:00 AM,22357.03,5181.57,41479.95
50127,5/11/2024 7:41:00 AM,22350.76,5183.11,41480.04
50127,5/11/2024 7:42:00 AM,22346.88,5185.19,41480.42
50127,5/11/2024 7:43:00 AM,22340.73,5188.57,41480.89
50127,5/11/2024 7:44:00 AM,22345.44,5193.53,41483.80
50127,5/11/2024 7:45:00 AM,22371.05,5193.11,41486.22
50127,5/11/2024 7:46:00 AM,22379.48,5190.25,41485.56
50127,5/11/2024 7:47:00 AM,22381.46,5185.34,41485.15
50127,5/11/2024 7:48:00 AM,22376.92,5184.65,41485.85
50127,5/11/2024 7:49:00 AM,22363.83,5187.54,41486.39
50127,5/11/2024 7:50:00 AM,22348.49,5191.03,41487.73
50127,5/11/2024 7:51:00 AM,22345.32,5198.08,41491.36
50127,5/11/2024 7:52:00 AM,22344.56,5207.91,41494.08
50127,5/11/2024 7:53:00 AM,22339.31,5219.23,41496.05
50127,5/11/2024 7:54:00 AM,22345.65,5229.73,41499.08
50127,5/11/2024 7:55:00 AM,22360.79,5239.50,41501.85
50127,5/11/2024 7:56:00 AM,22371.66,5246.34,41502.68
50127,5/11/2024 7:57:00 AM,22371.49,5249.08,41501.70
50127,5/11/2024 7:58:00 AM,22361.53,5248.72,41500.60
50127,5/11/2024 7:59:00 AM,22349.76,5245.09,41500.06
50127,5/11/2024 8:00:00 AM,22350.33,5242.95,41502.03
50127,5/11/2024 8:01:00 AM,22351.27,5241.72,41502.97
50127,5/11/2024 8:02:00 AM,22354.78,5238.80,41504.00
50127,5/11/2024 8:03:00 AM,22354.43,5234.63,41504.03
50127,5/11/2024 8:04:00 AM,22354.99,5229.72,41504.58
50127,5/11/2024 8:05:00 AM,22358.79,5223.50,41505.68
50127,5/11/2024 8:06:00 AM,22371.14,5222.14,41508.51
50127,5/11/2024 8:07:00 AM,22383.44,5215.31,41508.89
50127,5/11/2024 8:08:00 AM,22394.93,5209.12,41509.44
50127,5/11/2024 8:09:00 AM,22393.27,5202.02,41508.14
50127,5/11/2024 8:10:00 AM,22373.74,5198.15,41506.46
50127,5/11/2024 8:11:00 AM,22361.98,5203.25,41508.61
50127,5/11/2024 8:12:00 AM,22355.91,5203.98,41509.89
50127,5/11/2024 8:13:00 AM,22366.80,5205.45,41512.54
50127,5/11/2024 8:14:00 AM,22374.49,5207.68,41513.02
50127,5/11/2024 8:15:00 AM,22389.09,5209.00,41514.04
50127,5/11/2024 8:16:00 AM,22387.62,5210.80,41512.61
50127,5/11/2024 8:17:00 AM,22387.01,5212.00,41512.46
50127,5/11/2024 8:18:00 AM,22392.84,5210.17,41512.58
50127,5/11/2024 8:19:00 AM,22422.10,5210.10,41515.60
50127,5/11/2024 8:20:00 AM,22455.42,5195.85,41512.93
50127,5/11/2024 8:21:00 AM,22471.67,5178.17,41508.46
50127,5/11/2024 8:22:00 AM,22459.02,5179.46,41505.26
50127,5/11/2024 8:23:00 AM,22424.75,5185.38,41501.78
50127,5/11/2024 8:24:00 AM,22410.87,5192.88,41503.77
50127,5/11/2024 8:25:00 AM,22423.31,5192.06,41504.44
50127,5/11/2024 8:26:00 AM,22427.87,5193.27,41504.26
50127,5/11/2024 8:27:00 AM,22430.78,5190.32,41502.52
50127,5/11/2024 8:28:00 AM,22428.94,5189.27,41501.08
50127,5/11/2024 8:29:00 AM,22436.20,5188.62,41501.32
50127,5/11/2024 8:30:00 AM,22449.80,5185.26,41500.51
50127,5/11/2024 8:31:00 AM,22451.93,5181.88,41497.80
50127,5/11/2024 8:32:00 AM,22439.32,5180.83,41494.64
50127,5/11/2024 8:33:00 AM,22428.92,5184.17,41494.48
50127,5/11/2024 8:34:00 AM,22425.61,5188.52,41494.54
50127,5/11/2024 8:35:00 AM,22415.24,5196.23,41493.90
50127,5/11/2024 8:36:00 AM,22411.33,5202.10,41494.11
50127,5/11/2024 8:37:00 AM,22390.92,5201.05,41490.34
50127,5/11/2024 8:38:00 AM,22363.61,5211.79,41490.55
50127,5/11/2024 8:39:00 AM,22356.43,5226.58,41494.22
50127,5/11/2024 8:40:00 AM,22367.89,5234.29,41496.79
50127,5/11/2024 8:41:00 AM,22384.23,5233.26,41496.74
50127,5/11/2024 8:42:00 AM,22402.87,5229.78,41496.11
50127,5/11/2024 8:43:00 AM,22421.42,5222.20,41493.81
50127,5/11/2024 8:44:00 AM,22435.90,5207.37,41489.98
50127,5/11/2024 8:45:00 AM,22432.71,5190.00,41484.41
50127,5/11/2024 8:46:00 AM,22430.43,5153.61,41476.66
50127,5/11/2024 8:47:00 AM,22434.56,5121.59,41472.53
50127,5/11/2024 8:48:00 AM,22443.18,5079.84,41466.10
50127,5/11/2024 8:49:00 AM,22457.43,5038.88,41460.64
50127,5/11/2024 8:50:00 AM,22469.60,4996.59,41453.93
50127,5/11/2024 8:51:00 AM,22473.76,4983.61,41450.45
50127,5/11/2024 8:52:00 AM,22474.66,4994.06,41446.34
50127,5/11/2024 8:53:00 AM,22469.99,5003.42,41440.28
50127,5/11/2024 8:54:00 AM,22462.26,5010.89,41433.63
50127,5/11/2024 8:55:00 AM,22451.42,5012.88,41425.67
50127,5/11/2024 8:56:00 AM,22433.01,5016.39,41418.04
50127,5/11/2024 8:57:00 AM,22410.11,5027.13,41411.88
50127,5/11/2024 8:58:00 AM,22392.57,5039.11,41407.15
50127,5/11/2024 8:59:00 AM,22382.67,5046.45,41402.55
50127,5/11/2024 9:00:00 AM,22366.44,5062.09,41398.80
50127,5/11/2024 9:01:00 AM,22351.50,5074.24,41394.69
50127,5/11/2024 9:02:00 AM,22338.45,5088.80,41392.08
50127,5/11/2024 9:03:00 AM,22328.22,5105.41,41390.43
50127,5/11/2024 9:04:00 AM,22321.97,5119.45,41388.91
50127,5/11/2024 9:05:00 AM,22311.96,5139.24,41388.28
50127,5/11/2024 9:06:00 AM,22299.20,5160.23,41387.93
50127,5/11/2024 9:07:00 AM,22293.79,5178.84,41389.20
50127,5/11/2024 9:08:00 AM,22294.83,5191.83,41390.60
50127,5/11/2024 9:09:00 AM,22302.44,5197.81,41392.39
50127,5/11/2024 9:10:00 AM,22308.66,5203.80,41394.40
50127,5/11/2024 9:11:00 AM,22313.71,5209.72,41396.59
50127,5/11/2024 9:12:00 AM,22322.30,5214.56,41399.22
50127,5/11/2024 9:13:00 AM,22336.39,5215.42,41402.20
50127,5/11/2024 9:14:00 AM,22351.21,5216.70,41405.21
50127,5/11/2024 9:15:00 AM,22358.27,5220.69,41407.78
50127,5/11/2024 9:16:00 AM,22365.28,5223.05,41410.90
50127,5/11/2024 9:17:00 AM,22378.83,5228.57,41415.72
50127,5/11/2024 9:18:00 AM,22396.09,5226.42,41418.36
50127,5/11/2024 9:19:00 AM,22401.66,5221.93,41419.70
50127,5/11/2024 9:20:00 AM,22409.70,5220.64,41422.80
50127,5/11/2024 9:21:00 AM,22422.41,5215.93,41425.59
50127,5/11/2024 9:22:00 AM,22438.61,5209.69,41428.52
50127,5/11/2024 9:23:00 AM,22443.19,5202.92,41430.12
50127,5/11/2024 9:24:00 AM,22455.86,5194.26,41433.35
50127,5/11/2024 9:25:00 AM,22475.40,5182.96,41436.30
50127,5/11/2024 9:26:00 AM,22471.39,5175.08,41436.06
50127,5/11/2024 9:27:00 AM,22452.96,5172.63,41437.52
50127,5/11/2024 9:28:00 AM,22450.56,5175.19,41441.85
50127,5/11/2024 9:29:00 AM,22456.85,5177.70,41445.54
50127,5/11/2024 9:30:00 AM,22465.84,5170.55,41446.84
50127,5/11/2024 9:31:00 AM,22468.94,5161.69,41447.32
50127,5/11/2024 9:32:00 AM,22466.79,5156.23,41448.32
50127,5/11/2024 9:33:00 AM,22464.38,5153.16,41449.76
50127,5/11/2024 9:34:00 AM,22464.22,5153.30,41451.73
50127,5/11/2024 9:35:00 AM,22479.66,5152.08,41454.81
50127,5/11/2024 9:36:00 AM,22511.43,5133.26,41455.01
50127,5/11/2024 9:37:00 AM,22528.16,5122.22,41454.54
50127,5/11/2024 9:38:00 AM,22539.46,5116.95,41453.90
50127,5/11/2024 9:39:00 AM,22562.56,5122.46,41456.80
50127,5/11/2024 9:40:00 AM,22582.50,5121.54,41455.36
50127,5/11/2024 9:41:00 AM,22588.66,5133.57,41455.38
50127,5/11/2024 9:42:00 AM,22592.80,5151.56,41456.24
50127,5/11/2024 9:43:00 AM,22597.46,5159.25,41454.90
50127,5/11/2024 9:44:00 AM,22602.68,5161.72,41453.57
50127,5/11/2024 9:45:00 AM,22599.12,5170.01,41453.11
50127,5/11/2024 9:46:00 AM,22607.10,5181.21,41455.02
50127,5/11/2024 9:47:00 AM,22616.75,5188.46,41455.57
50127,5/11/2024 9:48:00 AM,22618.29,5197.53,41455.66
50127,5/11/2024 9:49:00 AM,22606.04,5214.65,41455.90
50127,5/11/2024 9:50:00 AM,22583.50,5227.24,41454.95
50127,5/11/2024 9:51:00 AM,22573.85,5241.60,41458.08
50127,5/11/2024 9:52:00 AM,22602.95,5234.12,41460.75
50127,5/11/2024 9:53:00 AM,22621.42,5224.22,41460.60
50127,5/11/2024 9:54:00 AM,22618.69,5225.55,41460.34
50127,5/11/2024 9:55:00 AM,22605.22,5230.56,41459.72
50127,5/11/2024 9:56:00 AM,22595.33,5234.19,41460.43
50127,5/11/2024 9:57:00 AM,22594.69,5235.62,41461.40
50127,5/11/2024 9:58:00 AM,22585.87,5233.01,41460.46
50127,5/11/2024 9:59:00 AM,22571.70,5230.15,41459.70
50127,5/11/2024 10:00:00 AM,22555.59,5232.95,41460.36
50127,5/11/2024 10:01:00 AM,22547.42,5235.77,41461.61
50127,5/11/2024 10:02:00 AM,22541.28,5234.68,41461.84
50127,5/11/2024 10:03:00 AM,22530.16,5235.27,41462.13
50127,5/11/2024 10:04:00 AM,22521.06,5231.09,41461.61
50127,5/11/2024 10:05:00 AM,22523.65,5230.34,41463.63
50127,5/11/2024 10:06:00 AM,22525.65,5222.71,41462.46
50127,5/11/2024 10:07:00 AM,22516.09,5214.57,41460.44
50127,5/11/2024 10:08:00 AM,22503.27,5216.46,41460.70
50127,5/11/2024 10:09:00 AM,22494.64,5219.33,41461.09
50127,5/11/2024 10:10:00 AM,22486.58,5220.23,41460.88
50127,5/11/2024 10:11:00 AM,22479.73,5220.23,41460.80
50127,5/11/2024 10:12:00 AM,22474.17,5223.06,41461.28
50127,5/11/2024 10:13:00 AM,22466.02,5226.32,41460.97
50127,5/11/2024 10:14:00 AM,22453.39,5232.73,41460.98
50127,5/11/2024 10:15:00 AM,22443.94,5242.17,41461.99
50127,5/11/2024 10:16:00 AM,22439.67,5249.29,41462.73
50127,5/11/2024 10:17:00 AM,22440.33,5254.80,41463.53
50127,5/11/2024 10:18:00 AM,22447.50,5257.94,41464.36
50127,5/11/2024 10:19:00 AM,22462.10,5273.53,41467.64
50127,5/11/2024 10:20:00 AM,22460.67,5277.65,41465.28
50127,5/11/2024 10:21:00 AM,22450.41,5280.71,41464.05
50127,5/11/2024 10:22:00 AM,22446.79,5286.33,41464.90
50127,5/11/2024 10:23:00 AM,22455.38,5290.27,41466.50
50127,5/11/2024 10:24:00 AM,22463.57,5292.80,41466.80
50127,5/11/2024 10:25:00 AM,22467.60,5295.19,41466.46
50127,5/11/2024 10:26:00 AM,22471.06,5295.17,41466.14
50127,5/11/2024 10:27:00 AM,22481.41,5290.50,41465.78
50127,5/11/2024 10:28:00 AM,22488.98,5286.44,41465.23
50127,5/11/2024 10:29:00 AM,22476.51,5279.57,41461.80
50127,5/11/2024 10:30:00 AM,22449.91,5278.88,41460.32
50127,5/11/2024 10:31:00 AM,22438.82,5284.40,41462.46
50127,5/11/2024 10:32:00 AM,22419.42,5279.31,41459.85
50127,5/11/2024 10:33:00 AM,22411.72,5290.00,41464.00
50127,5/11/2024 10:34:00 AM,22422.22,5294.90,41466.40
50127,5/11/2024 10:35:00 AM,22435.69,5295.18,41467.69
50127,5/11/2024 10:36:00 AM,22448.37,5292.68,41467.76
50127,5/11/2024 10:37:00 AM,22460.48,5287.99,41468.22
50127,5/11/2024 10:38:00 AM,22471.23,5282.06,41467.45
50127,5/11/2024 10:39:00 AM,22464.79,5278.99,41466.02
50127,5/11/2024 10:40:00 AM,22441.34,5276.09,41462.94
50127,5/11/2024 10:41:00 AM,22442.56,5298.08,41469.84
50127,5/11/2024 10:42:00 AM,22450.06,5297.27,41468.42
50127,5/11/2024 10:43:00 AM,22433.91,5297.13,41465.68
50127,5/11/2024 10:44:00 AM,22410.22,5302.41,41464.92
50127,5/11/2024 10:45:00 AM,22402.19,5314.38,41467.96
50127,5/11/2024 10:46:00 AM,22402.08,5322.83,41469.65
50127,5/11/2024 10:47:00 AM,22403.13,5325.15,41469.61
50127,5/11/2024 10:48:00 AM,22406.35,5330.55,41471.38
50127,5/11/2024 10:49:00 AM,22411.47,5332.43,41471.34
50127,5/11/2024 10:50:00 AM,22413.43,5327.88,41470.32
50127,5/11/2024 10:51:00 AM,22412.73,5328.50,41470.49
50127,5/11/2024 10:52:00 AM,22406.36,5327.05,41469.66
50127,5/11/2024 10:53:00 AM,22402.90,5329.14,41470.42
50127,5/11/2024 10:54:00 AM,22404.68,5329.53,41470.94
50127,5/11/2024 10:55:00 AM,22410.09,5326.01,41471.41
50127,5/11/2024 10:56:00 AM,22422.90,5322.57,41472.18
50127,5/11/2024 10:57:00 AM,22431.44,5315.61,41471.13
50127,5/11/2024 10:58:00 AM,22433.90,5308.53,41469.85
50127,5/11/2024 10:59:00 AM,22437.92,5307.05,41470.32
50127,5/11/2024 11:00:00 AM,22458.86,5309.91,41472.38
50127,5/11/2024 11:01:00 AM,22472.12,5298.89,41469.59
50127,5/11/2024 11:02:00 AM,22474.06,5290.68,41467.22
50127,5/11/2024 11:03:00 AM,22469.31,5288.27,41466.00
50127,5/11/2024 11:04:00 AM,22466.54,5289.76,41465.70
50127,5/11/2024 11:05:00 AM,22456.00,5294.78,41464.87
50127,5/11/2024 11:06:00 AM,22448.19,5299.85,41464.94
50127,5/11/2024 11:07:00 AM,22446.87,5309.33,41466.27
50127,5/11/2024 11:08:00 AM,22449.86,5313.03,41466.44
50127,5/11/2024 11:09:00 AM,22453.19,5315.33,41466.42
50127,5/11/2024 11:10:00 AM,22454.23,5320.83,41466.81
50127,5/11/2024 11:11:00 AM,22456.65,5326.09,41467.42
50127,5/11/2024 11:12:00 AM,22454.89,5329.46,41467.06
50127,5/11/2024 11:13:00 AM,22447.35,5334.70,41467.07
50127,5/11/2024 11:14:00 AM,22443.21,5337.94,41467.64
50127,5/11/2024 11:15:00 AM,22442.78,5339.81,41468.56
50127,5/11/2024 11:16:00 AM,22444.32,5338.05,41468.88
50127,5/11/2024 11:17:00 AM,22443.94,5335.96,41469.00
50127,5/11/2024 11:18:00 AM,22442.09,5334.39,41469.26
50127,5/11/2024 11:19:00 AM,22440.80,5330.75,41469.30
50127,5/11/2024 11:20:00 AM,22440.24,5325.39,41469.29
50127,5/11/2024 11:21:00 AM,22439.67,5321.27,41469.50
50127,5/11/2024 11:22:00 AM,22440.00,5316.67,41469.57
50127,5/11/2024 11:23:00 AM,22440.88,5314.32,41470.12
50127,5/11/2024 11:24:00 AM,22440.88,5307.93,41469.64
50127,5/11/2024 11:25:00 AM,22438.98,5302.08,41469.24
50127,5/11/2024 11:26:00 AM,22436.88,5299.99,41469.44
50127,5/11/2024 11:27:00 AM,22440.07,5296.14,41469.62
50127,5/11/2024 11:28:00 AM,22445.55,5293.13,41470.28
50127,5/11/2024 11:29:00 AM,22455.94,5285.86,41469.64
50127,5/11/2024 11:30:00 AM,22460.43,5284.97,41470.32
50127,5/11/2024 11:31:00 AM,22481.69,5266.94,41468.54
50127,5/11/2024 11:32:00 AM,22461.99,5255.33,41463.18
50127,5/11/2024 11:33:00 AM,22424.87,5277.21,41464.88
50127,5/11/2024 11:34:00 AM,22410.91,5298.06,41468.24
50127,5/11/2024 11:35:00 AM,22420.80,5306.26,41470.68
50127,5/11/2024 11:36:00 AM,22438.40,5298.14,41471.06
50127,5/11/2024 11:37:00 AM,22458.78,5271.90,41468.15
50127,5/11/2024 11:38:00 AM,22455.53,5262.17,41467.13
50127,5/11/2024 11:39:00 AM,22448.46,5262.59,41467.50
50127,5/11/2024 11:40:00 AM,22444.45,5269.01,41469.27
50127,5/11/2024 11:41:00 AM,22443.32,5269.76,41469.35
50127,5/11/2024 11:42:00 AM,22440.30,5271.88,41469.51
50127,5/11/2024 11:43:00 AM,22438.73,5277.10,41470.38
50127,5/11/2024 11:44:00 AM,22441.70,5279.19,41470.83
50127,5/11/2024 11:45:00 AM,22445.15,5279.09,41470.81
50127,5/11/2024 11:46:00 AM,22448.28,5275.89,41470.57
50127,5/11/2024 11:47:00 AM,22456.15,5263.68,41469.38
50127,5/11/2024 11:48:00 AM,22459.13,5249.32,41467.81
50127,5/11/2024 11:49:00 AM,22454.74,5251.15,41468.60
50127,5/11/2024 11:50:00 AM,22450.83,5259.29,41469.74
50127,5/11/2024 11:51:00 AM,22448.92,5259.49,41469.27
50127,5/11/2024 11:52:00 AM,22450.37,5256.76,41469.20
50127,5/11/2024 11:53:00 AM,22455.66,5247.26,41468.44
50127,5/11/2024 11:54:00 AM,22458.23,5241.92,41468.36
50127,5/11/2024 11:55:00 AM,22466.99,5233.90,41468.12
50127,5/11/2024 11:56:00 AM,22474.81,5226.01,41467.75
50127,5/11/2024 11:57:00 AM,22483.06,5216.05,41466.98
50127,5/11/2024 11:58:00 AM,22488.32,5211.73,41466.82
50127,5/11/2024 11:59:00 AM,22488.49,5215.71,41466.98
50127,5/11/2024 12:00:00 PM,22488.60,5222.08,41467.52
50127,5/11/2024 12:01:00 PM,22493.05,5223.66,41467.85
50127,5/11/2024 12:02:00 PM,22497.49,5225.63,41467.66
50127,5/11/2024 12:03:00 PM,22487.94,5223.60,41466.08
50127,5/11/2024 12:04:00 PM,22489.89,5225.34,41467.32
50127,5/11/2024 12:05:00 PM,22501.30,5215.86,41466.49
50127,5/11/2024 12:06:00 PM,22506.36,5212.69,41467.02
50127,5/11/2024 12:07:00 PM,22514.64,5211.29,41467.41
50127,5/11/2024 12:08:00 PM,22529.81,5204.03,41467.26
50127,5/11/2024 12:09:00 PM,22536.09,5198.79,41466.47
50127,5/11/2024 12:10:00 PM,22529.04,5201.74,41465.84
50127,5/11/2024 12:11:00 PM,22525.90,5204.79,41465.68
50127,5/11/2024 12:12:00 PM,22522.64,5210.33,41466.08
50127,5/11/2024 12:13:00 PM,22522.57,5214.90,41466.29
50127,5/11/2024 12:14:00 PM,22527.18,5220.92,41467.31
50127,5/11/2024 12:15:00 PM,22531.62,5217.40,41466.37
50127,5/11/2024 12:16:00 PM,22535.01,5211.84,41465.53
50127,5/11/2024 12:17:00 PM,22538.61,5214.05,41466.52
50127,5/11/2024 12:18:00 PM,22549.31,5209.61,41466.37
50127,5/11/2024 12:19:00 PM,22549.83,5205.15,41465.26
50127,5/11/2024 12:20:00 PM,22548.04,5209.18,41465.91
50127,5/11/2024 12:21:00 PM,22541.61,5216.88,41466.14
50127,5/11/2024 12:22:00 PM,22535.15,5230.27,41467.34
50127,5/11/2024 12:23:00 PM,22534.14,5240.99,41468.05
50127,5/11/2024 12:24:00 PM,22534.23,5246.10,41467.83
50127,5/11/2024 12:25:00 PM,22530.33,5248.89,41467.11
50127,5/11/2024 12:26:00 PM,22529.22,5250.59,41466.96
50127,5/11/2024 12:27:00 PM,22527.89,5245.68,41465.54
50127,5/11/2024 12:28:00 PM,22524.25,5243.91,41464.89
50127,5/11/2024 12:29:00 PM,22519.06,5237.09,41463.44
50127,5/11/2024 12:30:00 PM,22515.31,5229.41,41461.98
50127,5/11/2024 12:31:00 PM,22513.83,5225.76,41461.47
50127,5/11/2024 12:32:00 PM,22517.96,5211.39,41459.37
50127,5/11/2024 12:33:00 PM,22516.39,5192.92,41456.16
50127,5/11/2024 12:34:00 PM,22518.97,5174.33,41454.84
50127,5/11/2024 12:35:00 PM,22522.00,5158.69,41453.68
50127,5/11/2024 12:36:00 PM,22534.95,5142.99,41452.72
50127,5/11/2024 12:37:00 PM,22548.13,5132.08,41451.48
50127,5/11/2024 12:38:00 PM,22556.42,5127.46,41449.89
50127,5/11/2024 12:39:00 PM,22565.23,5123.27,41447.45
50127,5/11/2024 12:40:00 PM,22561.03,5127.71,41444.70
50127,5/11/2024 12:41:00 PM,22551.90,5134.06,41442.16
50127,5/11/2024 12:42:00 PM,22543.67,5141.23,41439.73
50127,5/11/2024 12:43:00 PM,22542.92,5146.80,41438.10
50127,5/11/2024 12:44:00 PM,22542.49,5153.47,41436.21
50127,5/11/2024 12:45:00 PM,22538.48,5157.92,41433.75
50127,5/11/2024 12:46:00 PM,22531.78,5162.80,41431.71
50127,5/11/2024 12:47:00 PM,22526.69,5169.62,41430.48
50127,5/11/2024 12:48:00 PM,22524.66,5176.35,41430.05
50127,5/11/2024 12:49:00 PM,22522.47,5176.03,41428.22
50127,5/11/2024 12:50:00 PM,22513.39,5179.31,41426.99
50127,5/11/2024 12:51:00 PM,22513.13,5184.88,41427.47
50127,5/11/2024 12:52:00 PM,22512.99,5183.56,41426.33
50127,5/11/2024 12:53:00 PM,22505.27,5185.60,41425.55
50127,5/11/2024 12:54:00 PM,22506.88,5193.02,41427.13
50127,5/11/2024 12:55:00 PM,22507.02,5191.21,41426.42
50127,5/11/2024 12:56:00 PM,22511.44,5183.81,41426.06
50127,5/11/2024 12:57:00 PM,22513.02,5174.08,41425.02
50127,5/11/2024 12:58:00 PM,22512.79,5170.18,41425.24
50127,5/11/2024 12:59:00 PM,22516.40,5166.10,41425.60
50127,5/11/2024 1:00:00 PM,22519.44,5162.47,41425.65
50127,5/11/2024 1:01:00 PM,22519.49,5158.61,41425.13
50127,5/11/2024 1:02:00 PM,22522.03,5159.53,41425.82
50127,5/11/2024 1:03:00 PM,22521.52,5158.97,41425.46
50127,5/11/2024 1:04:00 PM,22522.88,5161.40,41425.91
50127,5/11/2024 1:05:00 PM,22522.97,5164.73,41426.07
50127,5/11/2024 1:06:00 PM,22522.13,5167.50,41425.94
50127,5/11/2024 1:07:00 PM,22520.83,5164.59,41424.81
50127,5/11/2024 1:08:00 PM,22521.29,5162.41,41424.53
50127,5/11/2024 1:09:00 PM,22525.85,5160.75,41424.78
50127,5/11/2024 1:10:00 PM,22524.16,5155.12,41423.40
50127,5/11/2024 1:11:00 PM,22523.75,5152.93,41422.84
50127,5/11/2024 1:12:00 PM,22517.49,5159.39,41423.26
50127,5/11/2024 1:13:00 PM,22511.54,5167.87,41423.80
50127,5/11/2024 1:14:00 PM,22512.06,5172.59,41424.36
50127,5/11/2024 1:15:00 PM,22513.66,5169.30,41423.62
50127,5/11/2024 1:16:00 PM,22515.12,5168.39,41423.74
50127,5/11/2024 1:17:00 PM,22515.64,5170.90,41424.02
50127,5/11/2024 1:18:00 PM,22517.11,5174.43,41424.24
50127,5/11/2024 1:19:00 PM,22521.65,5179.99,41424.85
50127,5/11/2024 1:20:00 PM,22525.86,5180.25,41424.10
50127,5/11/2024 1:21:00 PM,22527.87,5181.79,41423.56
50127,5/11/2024 1:22:00 PM,22526.93,5182.87,41422.80
50127,5/11/2024 1:23:00 PM,22525.57,5187.57,41422.85
50127,5/11/2024 1:24:00 PM,22524.76,5191.26,41422.82
50127,5/11/2024 1:25:00 PM,22527.10,5195.39,41423.12
50127,5/11/2024 1:26:00 PM,22523.70,5198.58,41422.38
50127,5/11/2024 1:27:00 PM,22524.22,5202.89,41422.47
50127,5/11/2024 1:28:00 PM,22527.52,5197.61,41420.94
50127,5/11/2024 1:29:00 PM,22529.38,5197.23,41420.66
50127,5/11/2024 1:30:00 PM,22530.52,5197.09,41420.14
50127,5/11/2024 1:31:00 PM,22534.06,5199.06,41420.50
50127,5/11/2024 1:32:00 PM,22538.77,5195.33,41419.38
50127,5/11/2024 1:33:00 PM,22529.19,5197.38,41418.23
50127,5/11/2024 1:34:00 PM,22532.10,5210.11,41420.25
50127,5/11/2024 1:35:00 PM,22538.78,5217.02,41420.63
50127,5/11/2024 1:36:00 PM,22548.02,5221.17,41420.65
50127,5/11/2024 1:37:00 PM,22551.93,5219.96,41419.70
50127,5/11/2024 1:38:00 PM,22554.38,5218.56,41419.36
50127,5/11/2024 1:39:00 PM,22561.36,5217.65,41419.82
50127,5/11/2024 1:40:00 PM,22563.81,5212.64,41419.02
50127,5/11/2024 1:41:00 PM,22566.57,5211.65,41419.66
50127,5/11/2024 1:42:00 PM,22569.58,5215.44,41420.79
50127,5/11/2024 1:43:00 PM,22572.85,5220.73,41421.98
50127,5/11/2024 1:44:00 PM,22575.32,5217.65,41421.08
50127,5/11/2024 1:45:00 PM,22574.38,5219.00,41421.17
50127,5/11/2024 1:46:00 PM,22578.28,5218.94,41421.28
50127,5/11/2024 1:47:00 PM,22579.29,5209.64,41419.05
50127,5/11/2024 1:48:00 PM,22577.04,5215.96,41420.27
50127,5/11/2024 1:49:00 PM,22577.94,5218.31,41420.38
50127,5/11/2024 1:50:00 PM,22579.91,5217.47,41419.92
50127,5/11/2024 1:51:00 PM,22585.57,5205.38,41417.92
50127,5/11/2024 1:52:00 PM,22581.85,5207.94,41417.97
50127,5/11/2024 1:53:00 PM,22580.37,5212.86,41418.58
50127,5/11/2024 1:54:00 PM,22581.77,5206.16,41416.67
50127,5/11/2024 1:55:00 PM,22576.61,5205.51,41416.01
50127,5/11/2024 1:56:00 PM,22572.81,5214.31,41417.28
50127,5/11/2024 1:57:00 PM,22573.47,5215.54,41417.32
50127,5/11/2024 1:58:00 PM,22568.26,5216.08,41416.67
50127,5/11/2024 1:59:00 PM,22563.65,5214.95,41416.14
50127,5/11/2024 2:00:00 PM,22562.83,5212.09,41415.81
50127,5/11/2024 2:01:00 PM,22558.89,5213.12,41415.41
50127,5/11/2024 2:02:00 PM,22557.38,5215.04,41415.33
50127,5/11/2024 2:03:00 PM,22555.68,5215.57,41414.76
50127,5/11/2024 2:04:00 PM,22552.39,5216.77,41414.45
50127,5/11/2024 2:05:00 PM,22550.67,5212.05,41413.45
50127,5/11/2024 2:06:00 PM,22550.56,5206.03,41412.58
50127,5/11/2024 2:07:00 PM,22548.72,5203.10,41412.32
50127,5/11/2024 2:08:00 PM,22552.18,5193.78,41411.13
50127,5/11/2024 2:09:00 PM,22545.64,5193.35,41410.72
50127,5/11/2024 2:10:00 PM,22543.29,5195.00,41410.77
50127,5/11/2024 2:11:00 PM,22542.84,5189.74,41409.68
50127,5/11/2024 2:12:00 PM,22539.78,5191.29,41409.75
50127,5/11/2024 2:13:00 PM,22537.63,5195.84,41410.10
50127,5/11/2024 2:14:00 PM,22533.39,5200.02,41409.90
50127,5/11/2024 2:15:00 PM,22529.46,5199.49,41409.11
50127,5/11/2024 2:16:00 PM,22519.38,5204.74,41409.19
50127,5/11/2024 2:17:00 PM,22512.11,5211.85,41409.95
50127,5/11/2024 2:18:00 PM,22507.57,5203.03,41407.61
50127,5/11/2024 2:19:00 PM,22496.71,5203.17,41407.54
50127,5/11/2024 2:20:00 PM,22485.27,5210.23,41408.14
50127,5/11/2024 2:21:00 PM,22480.16,5216.63,41409.38
50127,5/11/2024 2:22:00 PM,22468.62,5212.25,41407.47
50127,5/11/2024 2:23:00 PM,22463.53,5206.65,41407.40
50127,5/11/2024 2:24:00 PM,22460.86,5194.78,41405.94
50127,5/11/2024 2:25:00 PM,22456.89,5193.06,41406.08
50127,5/11/2024 2:26:00 PM,22449.24,5196.88,41405.86
50127,5/11/2024 2:27:00 PM,22447.52,5197.39,41405.70
50127,5/11/2024 2:28:00 PM,22446.59,5202.03,41405.54
50127,5/11/2024 2:29:00 PM,22442.51,5200.73,41403.84
50127,5/11/2024 2:30:00 PM,22438.31,5203.62,41402.98
50127,5/11/2024 2:31:00 PM,22439.07,5202.75,41401.92
50127,5/11/2024 2:32:00 PM,22437.40,5192.35,41398.86
50127,5/11/2024 2:33:00 PM,22434.10,5196.06,41398.87
50127,5/11/2024 2:34:00 PM,22432.87,5201.95,41398.93
50127,5/11/2024 2:35:00 PM,22431.78,5198.42,41396.59
50127,5/11/2024 2:36:00 PM,22428.17,5195.74,41395.21
50127,5/11/2024 2:37:00 PM,22430.35,5202.42,41395.81
50127,5/11/2024 2:38:00 PM,22429.59,5207.03,41394.79
50127,5/11/2024 2:39:00 PM,22429.42,5200.85,41392.57
50127,5/11/2024 2:40:00 PM,22424.17,5197.76,41390.99
50127,5/11/2024 2:41:00 PM,22422.95,5203.89,41391.58
50127,5/11/2024 2:42:00 PM,22425.35,5200.16,41390.09
50127,5/11/2024 2:43:00 PM,22427.67,5207.89,41390.84
50127,5/11/2024 2:44:00 PM,22425.98,5199.85,41388.15
50127,5/11/2024 2:45:00 PM,22427.16,5197.37,41387.82
50127,5/11/2024 2:46:00 PM,22427.68,5202.02,41388.35
50127,5/11/2024 2:47:00 PM,22434.99,5211.08,41389.60
50127,5/11/2024 2:48:00 PM,22443.41,5213.99,41389.22
50127,5/11/2024 2:49:00 PM,22446.64,5209.91,41388.05
50127,5/11/2024 2:50:00 PM,22445.96,5201.20,41386.10
50127,5/11/2024 2:51:00 PM,22446.86,5201.26,41386.68
50127,5/11/2024 2:52:00 PM,22451.92,5200.97,41386.78
50127,5/11/2024 2:53:00 PM,22447.49,5208.04,41386.47
50127,5/11/2024 2:54:00 PM,22435.62,5218.83,41386.13
50127,5/11/2024 2:55:00 PM,22432.99,5225.27,41386.39
50127,5/11/2024 2:56:00 PM,22436.10,5231.94,41387.13
50127,5/11/2024 2:57:00 PM,22442.24,5237.96,41387.56
50127,5/11/2024 2:58:00 PM,22453.73,5231.14,41387.01
50127,5/11/2024 2:59:00 PM,22455.07,5227.77,41386.22
50127,5/11/2024 3:00:00 PM,22453.86,5233.02,41387.28
50127,5/11/2024 3:01:00 PM,22456.44,5241.07,41388.84
50127,5/11/2024 3:02:00 PM,22458.08,5246.55,41389.42
50127,5/11/2024 3:03:00 PM,22465.18,5248.18,41390.36
50127,5/11/2024 3:04:00 PM,22475.06,5241.34,41390.16
50127,5/11/2024 3:05:00 PM,22482.10,5230.46,41389.48
50127,5/11/2024 3:06:00 PM,22485.77,5229.48,41390.43
50127,5/11/2024 3:07:00 PM,22488.76,5225.36,41390.18
50127,5/11/2024 3:08:00 PM,22497.85,5222.69,41391.18
50127,5/11/2024 3:09:00 PM,22505.23,5211.91,41389.79
50127,5/11/2024 3:10:00 PM,22511.56,5212.02,41390.72
50127,5/11/2024 3:11:00 PM,22516.29,5205.92,41389.65
50127,5/11/2024 3:12:00 PM,22521.37,5203.25,41389.97
50127,5/11/2024 3:13:00 PM,22520.62,5205.87,41390.08
50127,5/11/2024 3:14:00 PM,22524.09,5202.85,41389.95
50127,5/11/2024 3:15:00 PM,22519.98,5201.33,41389.12
50127,5/11/2024 3:16:00 PM,22514.69,5207.84,41390.17
50127,5/11/2024 3:17:00 PM,22511.60,5214.42,41390.72
50127,5/11/2024 3:18:00 PM,22516.17,5212.15,41390.23
50127,5/11/2024 3:19:00 PM,22515.89,5209.19,41389.56
50127,5/11/2024 3:20:00 PM,22512.52,5214.59,41390.09
50127,5/11/2024 3:21:00 PM,22509.02,5214.69,41389.31
50127,5/11/2024 3:22:00 PM,22506.86,5214.12,41389.56
50127,5/11/2024 3:23:00 PM,22502.73,5224.69,41390.86
50127,5/11/2024 3:24:00 PM,22504.75,5227.11,41390.84
50127,5/11/2024 3:25:00 PM,22503.92,5225.02,41389.84
50127,5/11/2024 3:26:00 PM,22497.77,5228.01,41389.62
50127,5/11/2024 3:27:00 PM,22490.19,5234.55,41389.59
50127,5/11/2024 3:28:00 PM,22491.04,5229.58,41388.92
50127,5/11/2024 3:29:00 PM,22489.27,5223.26,41388.22
50127,5/11/2024 3:30:00 PM,22495.24,5218.32,41389.17
50127,5/11/2024 3:31:00 PM,22500.29,5212.67,41388.89
50127,5/11/2024 3:32:00 PM,22492.09,5204.69,41387.12
50127,5/11/2024 3:33:00 PM,22495.87,5206.79,41389.52
50127,5/11/2024 3:34:00 PM,22505.26,5205.68,41389.91
50127,5/11/2024 3:35:00 PM,22501.39,5203.19,41389.11
50127,5/11/2024 3:36:00 PM,22505.04,5200.06,41389.47
50127,5/11/2024 3:37:00 PM,22503.29,5196.06,41389.13
50127,5/11/2024 3:38:00 PM,22501.96,5194.19,41389.53
50127,5/11/2024 3:39:00 PM,22497.94,5201.99,41390.58
50127,5/11/2024 3:40:00 PM,22494.24,5202.28,41390.27
50127,5/11/2024 3:41:00 PM,22490.13,5199.39,41389.93
50127,5/11/2024 3:42:00 PM,22482.98,5202.44,41390.24
50127,5/11/2024 3:43:00 PM,22478.14,5203.07,41390.47
50127,5/11/2024 3:44:00 PM,22476.96,5196.27,41389.92
50127,5/11/2024 3:45:00 PM,22473.91,5201.14,41391.18
50127,5/11/2024 3:46:00 PM,22473.33,5190.75,41390.07
50127,5/11/2024 3:47:00 PM,22475.94,5178.49,41389.97
50127,5/11/2024 3:48:00 PM,22489.29,5175.61,41392.52
50127,5/11/2024 3:49:00 PM,22484.96,5184.52,41393.20
50127,5/11/2024 3:50:00 PM,22478.24,5185.20,41392.12
50127,5/11/2024 3:51:00 PM,22461.58,5190.76,41391.27
50127,5/11/2024 3:52:00 PM,22444.95,5189.03,41389.58
50127,5/11/2024 3:53:00 PM,22438.36,5188.96,41390.75
50127,5/11/2024 3:54:00 PM,22443.43,5186.39,41391.68
50127,5/11/2024 3:55:00 PM,22441.04,5184.74,41391.64
50127,5/11/2024 3:56:00 PM,22437.23,5184.68,41391.07
50127,5/11/2024 3:57:00 PM,22430.76,5180.26,41390.05
50127,5/11/2024 3:58:00 PM,22434.03,5176.73,41390.88
50127,5/11/2024 3:59:00 PM,22440.44,5178.77,41392.10
50127,5/11/2024 4:00:00 PM,22439.71,5181.67,41391.34
50127,5/11/2024 4:01:00 PM,22430.67,5179.97,41389.55
50127,5/11/2024 4:02:00 PM,22433.33,5177.62,41390.65
50127,5/11/2024 4:03:00 PM,22437.47,5178.89,41391.00
50127,5/11/2024 4:04:00 PM,22438.77,5180.13,41390.88
50127,5/11/2024 4:05:00 PM,22440.38,5177.64,41390.38
50127,5/11/2024 4:06:00 PM,22441.90,5175.18,41390.38
50127,5/11/2024 4:07:00 PM,22445.29,5176.72,41390.84
50127,5/11/2024 4:08:00 PM,22440.20,5176.11,41389.54
50127,5/11/2024 4:09:00 PM,22430.32,5178.23,41388.63
50127,5/11/2024 4:10:00 PM,22423.28,5183.50,41388.66
50127,5/11/2024 4:11:00 PM,22421.67,5186.76,41388.87
50127,5/11/2024 4:12:00 PM,22422.10,5187.64,41388.42
50127,5/11/2024 4:13:00 PM,22423.36,5186.61,41387.98
50127,5/11/2024 4:14:00 PM,22417.57,5190.76,41387.66
50127,5/11/2024 4:15:00 PM,22414.76,5193.56,41387.50
50127,5/11/2024 4:16:00 PM,22411.23,5193.61,41386.80
50127,5/11/2024 4:17:00 PM,22407.72,5191.59,41386.14
50127,5/11/2024 4:18:00 PM,22410.43,5188.85,41386.24
50127,5/11/2024 4:19:00 PM,22412.98,5186.22,41386.08
50127,5/11/2024 4:20:00 PM,22413.76,5184.13,41385.75
50127,5/11/2024 4:21:00 PM,22418.67,5182.06,41386.05
50127,5/11/2024 4:22:00 PM,22420.34,5178.22,41385.29
50127,5/11/2024 4:23:00 PM,22422.89,5173.66,41384.97
50127,5/11/2024 4:24:00 PM,22428.41,5172.86,41385.32
50127,5/11/2024 4:25:00 PM,22426.89,5170.45,41384.25
50127,5/11/2024 4:26:00 PM,22424.87,5169.23,41384.08
50127,5/11/2024 4:27:00 PM,22426.65,5169.10,41384.32
50127,5/11/2024 4:28:00 PM,22428.75,5167.28,41384.36
50127,5/11/2024 4:29:00 PM,22431.42,5167.49,41385.04
50127,5/11/2024 4:30:00 PM,22435.08,5167.39,41385.40
50127,5/11/2024 4:31:00 PM,22434.93,5165.66,41385.52
50127,5/11/2024 4:32:00 PM,22437.71,5165.14,41386.56
50127,5/11/2024 4:33:00 PM,22441.66,5170.35,41388.41
50127,5/11/2024 4:34:00 PM,22457.58,5173.69,41389.96
50127,5/11/2024 4:35:00 PM,22453.31,5171.03,41387.82
50127,5/11/2024 4:36:00 PM,22443.00,5173.38,41387.91
50127,5/11/2024 4:37:00 PM,22439.19,5178.38,41388.86
50127,5/11/2024 4:38:00 PM,22436.31,5180.54,41389.31
50127,5/11/2024 4:39:00 PM,22435.61,5180.57,41389.84
50127,5/11/2024 4:40:00 PM,22435.16,5178.38,41390.44
50127,5/11/2024 4:41:00 PM,22433.37,5178.91,41391.44
50127,5/11/2024 4:42:00 PM,22436.41,5176.72,41392.95
50127,5/11/2024 4:43:00 PM,22438.73,5174.62,41394.05
50127,5/11/2024 4:44:00 PM,22443.04,5175.21,41395.70
50127,5/11/2024 4:45:00 PM,22447.28,5177.90,41397.16
50127,5/11/2024 4:46:00 PM,22450.77,5183.93,41398.47
50127,5/11/2024 4:47:00 PM,22453.38,5186.60,41398.82
50127,5/11/2024 4:48:00 PM,22449.17,5186.83,41398.58
50127,5/11/2024 4:49:00 PM,22441.69,5187.69,41399.09
50127,5/11/2024 4:50:00 PM,22447.87,5188.06,41400.89
50127,5/11/2024 4:51:00 PM,22448.62,5187.20,41401.08
50127,5/11/2024 4:52:00 PM,22438.43,5188.69,41400.95
50127,5/11/2024 4:53:00 PM,22432.81,5191.80,41402.00
50127,5/11/2024 4:54:00 PM,22427.98,5194.57,41402.67
50127,5/11/2024 4:55:00 PM,22427.37,5195.09,41403.72
50127,5/11/2024 4:56:00 PM,22429.14,5194.69,41404.62
50127,5/11/2024 4:57:00 PM,22429.34,5197.57,41405.58
50127,5/11/2024 4:58:00 PM,22427.76,5198.30,41405.70
50127,5/11/2024 4:59:00 PM,22424.13,5198.60,41405.99
50127,5/11/2024 5:00:00 PM,22422.10,5200.12,41406.84
50127,5/11/2024 5:01:00 PM,22420.81,5203.21,41407.65
50127,5/11/2024 5:02:00 PM,22414.21,5206.81,41407.78
50127,5/11/2024 5:03:00 PM,22404.66,5208.50,41407.74
50127,5/11/2024 5:04:00 PM,22400.36,5207.43,41408.32
50127,5/11/2024 5:05:00 PM,22401.20,5205.86,41409.80
50127,5/11/2024 5:06:00 PM,22410.53,5206.07,41411.88
50127,5/11/2024 5:07:00 PM,22421.36,5207.39,41412.66
50127,5/11/2024 5:08:00 PM,22406.54,5219.66,41411.54
50127,5/11/2024 5:09:00 PM,22390.83,5229.19,41410.90
50127,5/11/2024 5:10:00 PM,22384.65,5234.09,41411.21
50127,5/11/2024 5:11:00 PM,22375.89,5237.98,41410.86
50127,5/11/2024 5:12:00 PM,22373.83,5241.64,41411.75
50127,5/11/2024 5:13:00 PM,22380.29,5238.90,41412.37
50127,5/11/2024 5:14:00 PM,22381.13,5238.45,41412.36
50127,5/11/2024 5:15:00 PM,22385.98,5236.33,41412.82
50127,5/11/2024 5:16:00 PM,22382.47,5236.77,41412.64
50127,5/11/2024 5:17:00 PM,22381.39,5235.88,41413.12
50127,5/11/2024 5:18:00 PM,22390.89,5230.36,41414.34
50127,5/11/2024 5:19:00 PM,22403.27,5224.37,41415.28
50127,5/11/2024 5:20:00 PM,22406.08,5223.44,41415.60
50127,5/11/2024 5:21:00 PM,22406.86,5223.50,41415.99
50127,5/11/2024 5:22:00 PM,22404.72,5223.60,41416.37
50127,5/11/2024 5:23:00 PM,22406.58,5221.78,41417.07
50127,5/11/2024 5:24:00 PM,22415.54,5218.00,41418.28
50127,5/11/2024 5:25:00 PM,22421.84,5220.82,41419.36
50127,5/11/2024 5:26:00 PM,22400.36,5243.90,41418.73
50127,5/11/2024 5:27:00 PM,22386.34,5250.88,41417.37
50127,5/11/2024 5:28:00 PM,22395.96,5245.86,41418.36
50127,5/11/2024 5:29:00 PM,22394.73,5249.55,41418.50
50127,5/11/2024 5:30:00 PM,22391.56,5248.68,41417.92
50127,5/11/2024 5:31:00 PM,22386.92,5246.88,41417.56
50127,5/11/2024 5:32:00 PM,22385.14,5243.61,41417.83
50127,5/11/2024 5:33:00 PM,22385.58,5235.60,41417.82
50127,5/11/2024 5:34:00 PM,22388.58,5227.35,41418.29
50127,5/11/2024 5:35:00 PM,22392.55,5222.03,41419.40
50127,5/11/2024 5:36:00 PM,22399.16,5219.21,41420.82
50127,5/11/2024 5:37:00 PM,22403.62,5217.35,41421.51
50127,5/11/2024 5:38:00 PM,22407.79,5217.73,41422.48
50127,5/11/2024 5:39:00 PM,22408.80,5220.34,41423.01
50127,5/11/2024 5:40:00 PM,22409.97,5221.12,41423.31
50127,5/11/2024 5:41:00 PM,22414.69,5218.94,41423.86
50127,5/11/2024 5:42:00 PM,22418.66,5216.61,41424.30
50127,5/11/2024 5:43:00 PM,22422.42,5215.15,41424.76
50127,5/11/2024 5:44:00 PM,22426.48,5211.84,41425.28
50127,5/11/2024 5:45:00 PM,22428.87,5211.11,41425.97
50127,5/11/2024 5:46:00 PM,22435.84,5209.39,41426.89
50127,5/11/2024 5:47:00 PM,22431.86,5207.31,41426.18
50127,5/11/2024 5:48:00 PM,22422.96,5212.44,41426.43
50127,5/11/2024 5:49:00 PM,22417.09,5213.62,41426.93
50127,5/11/2024 5:50:00 PM,22429.87,5205.53,41427.97
50127,5/11/2024 5:51:00 PM,22441.53,5201.84,41429.22
50127,5/11/2024 5:52:00 PM,22436.31,5208.36,41429.51
50127,5/11/2024 5:53:00 PM,22423.73,5217.46,41429.47
50127,5/11/2024 5:54:00 PM,22423.22,5218.92,41430.18
50127,5/11/2024 5:55:00 PM,22432.41,5214.57,41431.48
50127,5/11/2024 5:56:00 PM,22441.66,5210.97,41432.62
50127,5/11/2024 5:57:00 PM,22443.37,5215.11,41433.59
50127,5/11/2024 5:58:00 PM,22438.49,5223.47,41433.70
50127,5/11/2024 5:59:00 PM,22434.51,5223.42,41433.22
50127,5/11/2024 6:00:00 PM,22434.74,5222.67,41433.86
50127,5/11/2024 6:01:00 PM,22438.65,5223.63,41435.04
50127,5/11/2024 6:02:00 PM,22442.54,5224.84,41435.87
50127,5/11/2024 6:03:00 PM,22442.40,5225.73,41435.78
50127,5/11/2024 6:04:00 PM,22440.16,5225.89,41435.79
50127,5/11/2024 6:05:00 PM,22437.32,5222.02,41435.30
50127,5/11/2024 6:06:00 PM,22441.11,5215.39,41435.59
50127,5/11/2024 6:07:00 PM,22452.09,5209.95,41436.76
50127,5/11/2024 6:08:00 PM,22454.51,5210.44,41437.00
50127,5/11/2024 6:09:00 PM,22454.78,5210.30,41437.05
50127,5/11/2024 6:10:00 PM,22453.68,5211.09,41437.22
50127,5/11/2024 6:11:00 PM,22450.89,5210.94,41437.34
50127,5/11/2024 6:12:00 PM,22452.21,5209.91,41438.02
50127,5/11/2024 6:13:00 PM,22453.07,5207.79,41438.40
50127,5/11/2024 6:14:00 PM,22457.79,5206.33,41439.45
50127,5/11/2024 6:15:00 PM,22450.96,5205.69,41439.06
50127,5/11/2024 6:16:00 PM,22453.68,5206.01,41440.50
50127,5/11/2024 6:17:00 PM,22449.10,5205.40,41440.58
50127,5/11/2024 6:18:00 PM,22458.24,5203.81,41443.12
50127,5/11/2024 6:19:00 PM,22456.36,5231.78,41445.62
50127,5/11/2024 6:20:00 PM,22440.21,5230.59,41441.27
50127,5/11/2024 6:21:00 PM,22450.82,5214.57,41442.28
50127,5/11/2024 6:22:00 PM,22465.12,5217.20,41445.60
50127,5/11/2024 6:23:00 PM,22449.44,5238.88,41445.19
50127,5/11/2024 6:24:00 PM,22442.17,5237.52,41443.37
50127,5/11/2024 6:25:00 PM,22450.62,5230.88,41444.44
50127,5/11/2024 6:26:00 PM,22461.85,5228.06,41445.89
50127,5/11/2024 6:27:00 PM,22469.37,5228.10,41446.86
50127,5/11/2024 6:28:00 PM,22469.96,5233.56,41446.92
50127,5/11/2024 6:29:00 PM,22468.70,5228.63,41446.26
50127,5/11/2024 6:30:00 PM,22477.19,5223.06,41447.66
50127,5/11/2024 6:31:00 PM,22483.52,5224.12,41448.88
50127,5/11/2024 6:32:00 PM,22483.10,5219.28,41448.45
50127,5/11/2024 6:33:00 PM,22486.70,5216.80,41449.41
50127,5/11/2024 6:34:00 PM,22485.88,5211.84,41449.62
50127,5/11/2024 6:35:00 PM,22477.35,5210.93,41449.44
50127,5/11/2024 6:36:00 PM,22479.39,5207.02,41450.77
50127,5/11/2024 6:37:00 PM,22488.96,5215.53,41453.14
50127,5/11/2024 6:38:00 PM,22484.37,5213.27,41451.55
50127,5/11/2024 6:39:00 PM,22483.72,5210.40,41451.77
50127,5/11/2024 6:40:00 PM,22492.31,5210.87,41453.52
50127,5/11/2024 6:41:00 PM,22496.07,5220.90,41454.86
50127,5/11/2024 6:42:00 PM,22489.93,5227.91,41453.46
50127,5/11/2024 6:43:00 PM,22488.12,5225.13,41452.96
50127,5/11/2024 6:44:00 PM,22491.78,5227.36,41453.92
50127,5/11/2024 6:45:00 PM,22489.07,5227.81,41453.75
50127,5/11/2024 6:46:00 PM,22488.54,5228.64,41453.45
50127,5/11/2024 6:47:00 PM,22484.71,5222.01,41453.18
50127,5/11/2024 6:48:00 PM,22495.15,5217.49,41454.74
50127,5/11/2024 6:49:00 PM,22494.54,5216.48,41454.70
50127,5/11/2024 6:50:00 PM,22494.40,5215.09,41454.68
50127,5/11/2024 6:51:00 PM,22482.74,5212.84,41453.68
50127,5/11/2024 6:52:00 PM,22477.08,5206.90,41454.00
50127,5/11/2024 6:53:00 PM,22487.16,5205.06,41456.20
50127,5/11/2024 6:54:00 PM,22486.72,5205.70,41456.39
50127,5/11/2024 6:55:00 PM,22490.75,5206.88,41457.04
50127,5/11/2024 6:56:00 PM,22491.64,5208.27,41457.18
50127,5/11/2024 6:57:00 PM,22493.66,5208.24,41457.37
50127,5/11/2024 6:58:00 PM,22493.88,5210.54,41457.44
50127,5/11/2024 6:59:00 PM,22492.32,5208.64,41457.11
50127,5/11/2024 7:00:00 PM,22496.84,5208.66,41458.08
50127,5/11/2024 7:01:00 PM,22497.20,5211.52,41458.24
50127,5/11/2024 7:02:00 PM,22494.22,5211.27,41457.49
50127,5/11/2024 7:03:00 PM,22486.52,5209.70,41456.30
50127,5/11/2024 7:04:00 PM,22488.70,5209.44,41457.43
50127,5/11/2024 7:05:00 PM,22490.26,5211.32,41457.70
50127,5/11/2024 7:06:00 PM,22485.03,5212.77,41456.83
50127,5/11/2024 7:07:00 PM,22483.79,5212.41,41456.68
50127,5/11/2024 7:08:00 PM,22485.12,5212.37,41456.85
50127,5/11/2024 7:09:00 PM,22477.96,5213.25,41455.58
50127,5/11/2024 7:10:00 PM,22462.15,5208.96,41453.59
50127,5/11/2024 7:11:00 PM,22471.98,5202.57,41455.72
50127,5/11/2024 7:12:00 PM,22476.17,5204.81,41456.40
50127,5/11/2024 7:13:00 PM,22476.98,5209.69,41456.46
50127,5/11/2024 7:14:00 PM,22470.48,5213.95,41455.29
50127,5/11/2024 7:15:00 PM,22471.60,5211.15,41454.93
50127,5/11/2024 7:16:00 PM,22478.28,5210.44,41455.51
50127,5/11/2024 7:17:00 PM,22478.27,5209.84,41454.90
50127,5/11/2024 7:18:00 PM,22481.55,5208.87,41454.86
50127,5/11/2024 7:19:00 PM,22477.46,5210.45,41454.00
50127,5/11/2024 7:20:00 PM,22480.21,5206.82,41453.86
50127,5/11/2024 7:21:00 PM,22484.73,5204.49,41453.79
50127,5/11/2024 7:22:00 PM,22474.99,5209.97,41452.08
50127,5/11/2024 7:23:00 PM,22459.22,5212.50,41450.44
50127,5/11/2024 7:24:00 PM,22466.54,5206.69,41451.02
50127,5/11/2024 7:25:00 PM,22461.01,5207.39,41450.07
50127,5/11/2024 7:26:00 PM,22443.21,5207.77,41448.27
50127,5/11/2024 7:27:00 PM,22438.73,5202.12,41448.58
50127,5/11/2024 7:28:00 PM,22442.07,5200.50,41449.89
50127,5/11/2024 7:29:00 PM,22434.77,5201.76,41449.32
50127,5/11/2024 7:30:00 PM,22442.01,5205.51,41450.54
50127,5/11/2024 7:31:00 PM,22437.48,5206.94,41449.37
50127,5/11/2024 7:32:00 PM,22437.64,5206.11,41449.42
50127,5/11/2024 7:33:00 PM,22438.09,5202.99,41449.43
50127,5/11/2024 7:34:00 PM,22445.28,5200.24,41450.59
50127,5/11/2024 7:35:00 PM,22439.12,5201.69,41450.10
50127,5/11/2024 7:36:00 PM,22448.01,5196.13,41451.68
50127,5/11/2024 7:37:00 PM,22444.75,5202.70,41452.81
50127,5/11/2024 7:38:00 PM,22444.57,5209.41,41452.95
50127,5/11/2024 7:39:00 PM,22439.88,5213.56,41452.14
50127,5/11/2024 7:40:00 PM,22444.41,5215.04,41452.44
50127,5/11/2024 7:41:00 PM,22444.17,5206.72,41451.12
50127,5/11/2024 7:42:00 PM,22465.93,5201.71,41453.97
50127,5/11/2024 7:43:00 PM,22469.72,5204.89,41453.92
50127,5/11/2024 7:44:00 PM,22466.68,5206.49,41453.31
50127,5/11/2024 7:45:00 PM,22463.53,5205.68,41453.19
50127,5/11/2024 7:46:00 PM,22464.91,5207.40,41454.03
50127,5/11/2024 7:47:00 PM,22456.99,5208.11,41453.50
50127,5/11/2024 7:48:00 PM,22454.82,5209.92,41454.52
50127,5/11/2024 7:49:00 PM,22448.63,5211.48,41454.04
50127,5/11/2024 7:50:00 PM,22448.22,5210.35,41454.47
50127,5/11/2024 7:51:00 PM,22454.85,5206.55,41455.26
50127,5/11/2024 7:52:00 PM,22463.17,5204.23,41456.19
50127,5/11/2024 7:53:00 PM,22467.52,5205.00,41456.62
50127,5/11/2024 7:54:00 PM,22471.42,5205.00,41456.84
50127,5/11/2024 7:55:00 PM,22473.11,5204.71,41457.08
50127,5/11/2024 7:56:00 PM,22469.41,5205.77,41456.92
50127,5/11/2024 7:57:00 PM,22469.19,5206.12,41457.36
50127,5/11/2024 7:58:00 PM,22465.23,5206.57,41457.19
50127,5/11/2024 7:59:00 PM,22466.89,5205.39,41458.10
50127,5/11/2024 8:00:00 PM,22458.81,5208.14,41457.77
50127,5/11/2024 8:01:00 PM,22464.27,5201.32,41458.22
50127,5/11/2024 8:02:00 PM,22514.94,5199.20,41463.96
50127,5/11/2024 8:03:00 PM,22495.01,5211.34,41460.01
50127,5/11/2024 8:04:00 PM,22482.14,5207.70,41457.70
50127,5/11/2024 8:05:00 PM,22462.43,5206.32,41456.93
50127,5/11/2024 8:06:00 PM,22443.44,5208.06,41457.21
50127,5/11/2024 8:07:00 PM,22437.29,5209.83,41458.91
50127,5/11/2024 8:08:00 PM,22447.64,5210.81,41460.98
50127,5/11/2024 8:09:00 PM,22453.81,5212.40,41461.24
50127,5/11/2024 8:10:00 PM,22457.17,5211.23,41460.96
50127,5/11/2024 8:11:00 PM,22458.69,5210.53,41460.76
50127,5/11/2024 8:12:00 PM,22458.83,5211.03,41460.98
50127,5/11/2024 8:13:00 PM,22463.81,5212.35,41461.36
50127,5/11/2024 8:14:00 PM,22481.96,5214.77,41463.25
50127,5/11/2024 8:15:00 PM,22487.96,5220.41,41462.20
50127,5/11/2024 8:16:00 PM,22490.11,5216.39,41460.54
50127,5/11/2024 8:17:00 PM,22503.14,5207.09,41461.24
50127,5/11/2024 8:18:00 PM,22508.29,5202.16,41461.51
50127,5/11/2024 8:19:00 PM,22510.66,5201.90,41462.12
50127,5/11/2024 8:20:00 PM,22511.71,5203.46,41462.54
50127,5/11/2024 8:21:00 PM,22513.01,5204.05,41462.87
50127,5/11/2024 8:22:00 PM,22511.00,5202.65,41462.62
50127,5/11/2024 8:23:00 PM,22504.50,5202.68,41462.37
50127,5/11/2024 8:24:00 PM,22500.78,5201.64,41462.59
50127,5/11/2024 8:25:00 PM,22502.98,5201.54,41463.30
50127,5/11/2024 8:26:00 PM,22507.10,5202.35,41463.92
50127,5/11/2024 8:27:00 PM,22507.58,5201.93,41463.32
50127,5/11/2024 8:28:00 PM,22498.60,5203.31,41462.34
50127,5/11/2024 8:29:00 PM,22506.49,5199.98,41462.98
50127,5/11/2024 8:30:00 PM,22510.25,5200.01,41463.02
50127,5/11/2024 8:31:00 PM,22502.94,5201.87,41461.87
50127,5/11/2024 8:32:00 PM,22500.80,5204.70,41462.10
50127,5/11/2024 8:33:00 PM,22496.31,5205.64,41461.24
50127,5/11/2024 8:34:00 PM,22484.79,5206.02,41460.14
50127,5/11/2024 8:35:00 PM,22485.29,5206.36,41460.84
50127,5/11/2024 8:36:00 PM,22483.85,5207.34,41460.64
50127,5/11/2024 8:37:00 PM,22482.28,5205.95,41460.15
50127,5/11/2024 8:38:00 PM,22480.32,5206.23,41459.93
50127,5/11/2024 8:39:00 PM,22476.00,5206.86,41459.26
50127,5/11/2024 8:40:00 PM,22469.92,5207.65,41458.75
50127,5/11/2024 8:41:00 PM,22464.61,5209.19,41458.33
50127,5/11/2024 8:42:00 PM,22462.14,5210.03,41458.24
50127,5/11/2024 8:43:00 PM,22460.14,5209.52,41457.68
50127,5/11/2024 8:44:00 PM,22457.63,5208.72,41457.18
50127,5/11/2024 8:45:00 PM,22462.17,5208.41,41457.44
50127,5/11/2024 8:46:00 PM,22461.69,5207.38,41456.65
50127,5/11/2024 8:47:00 PM,22466.15,5204.78,41456.78
50127,5/11/2024 8:48:00 PM,22467.91,5204.97,41456.52
50127,5/11/2024 8:49:00 PM,22468.86,5203.80,41456.06
50127,5/11/2024 8:50:00 PM,22466.07,5204.22,41455.51
50127,5/11/2024 8:51:00 PM,22462.07,5203.12,41454.95
50127,5/11/2024 8:52:00 PM,22460.92,5202.84,41455.05
50127,5/11/2024 8:53:00 PM,22459.57,5202.90,41454.85
50127,5/11/2024 8:54:00 PM,22459.14,5201.24,41454.48
50127,5/11/2024 8:55:00 PM,22460.04,5199.40,41454.56
50127,5/11/2024 8:56:00 PM,22460.46,5198.84,41454.42
50127,5/11/2024 8:57:00 PM,22452.03,5199.49,41453.14
50127,5/11/2024 8:58:00 PM,22437.89,5200.47,41452.08
50127,5/11/2024 8:59:00 PM,22431.78,5203.46,41452.72
50127,5/11/2024 9:00:00 PM,22432.84,5203.59,41453.10
50127,5/11/2024 9:01:00 PM,22437.70,5203.53,41453.56
50127,5/11/2024 9:02:00 PM,22436.52,5205.49,41453.21
50127,5/11/2024 9:03:00 PM,22437.55,5204.68,41452.95
50127,5/11/2024 9:04:00 PM,22439.45,5205.43,41453.15
50127,5/11/2024 9:05:00 PM,22441.65,5205.18,41453.08
50127,5/11/2024 9:06:00 PM,22451.02,5199.52,41453.19
50127,5/11/2024 9:07:00 PM,22467.96,5195.03,41454.30
50127,5/11/2024 9:08:00 PM,22476.75,5194.03,41454.44
50127,5/11/2024 9:09:00 PM,22477.33,5192.74,41453.47
50127,5/11/2024 9:10:00 PM,22484.92,5189.04,41454.03
50127,5/11/2024 9:11:00 PM,22491.31,5189.49,41454.40
50127,5/11/2024 9:12:00 PM,22495.70,5187.69,41454.02
50127,5/11/2024 9:13:00 PM,22481.93,5187.82,41452.13
50127,5/11/2024 9:14:00 PM,22469.79,5190.26,41452.14
50127,5/11/2024 9:15:00 PM,22458.30,5195.61,41452.60
50127,5/11/2024 9:16:00 PM,22448.65,5197.41,41452.42
50127,5/11/2024 9:17:00 PM,22449.87,5194.83,41453.12
50127,5/11/2024 9:18:00 PM,22453.45,5194.59,41453.86
50127,5/11/2024 9:19:00 PM,22457.41,5192.30,41453.98
50127,5/11/2024 9:20:00 PM,22466.66,5190.30,41454.74
50127,5/11/2024 9:21:00 PM,22469.68,5190.42,41454.58
50127,5/11/2024 9:22:00 PM,22468.74,5192.11,41454.40
50127,5/11/2024 9:23:00 PM,22472.00,5192.02,41454.66
50127,5/11/2024 9:24:00 PM,22466.73,5194.97,41453.98
50127,5/11/2024 9:25:00 PM,22464.46,5192.60,41453.78
50127,5/11/2024 9:26:00 PM,22465.20,5192.37,41454.27
50127,5/11/2024 9:27:00 PM,22469.87,5191.90,41454.89
50127,5/11/2024 9:28:00 PM,22476.86,5191.05,41455.43
50127,5/11/2024 9:29:00 PM,22477.11,5190.88,41455.10
50127,5/11/2024 9:30:00 PM,22477.18,5189.57,41455.04
50127,5/11/2024 9:31:00 PM,22481.87,5189.09,41455.56
50127,5/11/2024 9:32:00 PM,22492.80,5188.89,41456.97
50127,5/11/2024 9:33:00 PM,22494.99,5190.55,41457.00
50127,5/11/2024 9:34:00 PM,22494.45,5190.91,41456.78
50127,5/11/2024 9:35:00 PM,22493.88,5190.74,41456.74
50127,5/11/2024 9:36:00 PM,22495.47,5191.11,41457.01
50127,5/11/2024 9:37:00 PM,22500.98,5192.18,41457.98
50127,5/11/2024 9:38:00 PM,22502.19,5192.66,41457.90
50127,5/11/2024 9:39:00 PM,22499.20,5192.60,41458.07
50127,5/11/2024 9:40:00 PM,22498.58,5191.25,41458.20
50127,5/11/2024 9:41:00 PM,22493.96,5190.98,41458.25
50127,5/11/2024 9:42:00 PM,22489.00,5192.19,41458.57
50127,5/11/2024 9:43:00 PM,22487.82,5191.92,41459.07
50127,5/11/2024 9:44:00 PM,22483.63,5194.09,41459.28
50127,5/11/2024 9:45:00 PM,22484.47,5193.81,41459.73
50127,5/11/2024 9:46:00 PM,22485.96,5193.50,41460.14
50127,5/11/2024 9:47:00 PM,22493.96,5194.03,41461.33
50127,5/11/2024 9:48:00 PM,22495.03,5196.17,41461.26
50127,5/11/2024 9:49:00 PM,22495.26,5196.83,41461.21
50127,5/11/2024 9:50:00 PM,22494.71,5197.54,41461.42
50127,5/11/2024 9:51:00 PM,22492.68,5198.53,41461.46
50127,5/11/2024 9:52:00 PM,22490.81,5198.57,41461.51
50127,5/11/2024 9:53:00 PM,22489.47,5198.30,41461.54
50127,5/11/2024 9:54:00 PM,22492.87,5197.24,41462.18
50127,5/11/2024 9:55:00 PM,22497.44,5197.08,41462.71
50127,5/11/2024 9:56:00 PM,22499.94,5197.46,41462.90
50127,5/11/2024 9:57:00 PM,22500.46,5198.16,41462.73
50127,5/11/2024 9:58:00 PM,22504.27,5197.74,41463.15
50127,5/11/2024 9:59:00 PM,22509.35,5197.61,41463.68
50127,5/11/2024 10:00:00 PM,22516.50,5195.69,41464.21
50127,5/11/2024 10:01:00 PM,22517.61,5194.53,41464.13
50127,5/11/2024 10:02:00 PM,22518.06,5194.19,41464.28
50127,5/11/2024 10:03:00 PM,22524.62,5193.19,41465.26
50127,5/11/2024 10:04:00 PM,22522.38,5194.03,41465.04
50127,5/11/2024 10:05:00 PM,22521.48,5194.33,41465.41
50127,5/11/2024 10:06:00 PM,22518.45,5194.28,41465.01
50127,5/11/2024 10:07:00 PM,22537.75,5189.68,41467.51
50127,5/11/2024 10:08:00 PM,22557.70,5190.07,41469.41
50127,5/11/2024 10:09:00 PM,22550.59,5191.79,41467.69
50127,5/11/2024 10:10:00 PM,22536.19,5191.14,41465.94
50127,5/11/2024 10:11:00 PM,22537.15,5188.29,41466.68
50127,5/11/2024 10:12:00 PM,22551.99,5184.73,41468.82
50127,5/11/2024 10:13:00 PM,22559.32,5185.69,41469.36
50127,5/11/2024 10:14:00 PM,22553.06,5185.88,41468.26
50127,5/11/2024 10:15:00 PM,22547.43,5185.51,41467.92
50127,5/11/2024 10:16:00 PM,22539.19,5187.02,41467.69
50127,5/11/2024 10:17:00 PM,22529.53,5188.63,41467.56
50127,5/11/2024 10:18:00 PM,22522.78,5188.15,41467.33
50127,5/11/2024 10:19:00 PM,22522.91,5187.36,41467.56
50127,5/11/2024 10:20:00 PM,22530.11,5186.35,41468.39
50127,5/11/2024 10:21:00 PM,22538.70,5186.47,41469.19
50127,5/11/2024 10:22:00 PM,22538.87,5187.06,41468.72
50127,5/11/2024 10:23:00 PM,22537.80,5187.95,41468.43
50127,5/11/2024 10:24:00 PM,22532.77,5187.70,41467.79
50127,5/11/2024 10:25:00 PM,22535.01,5187.93,41468.18
50127,5/11/2024 10:26:00 PM,22539.38,5187.10,41468.63
50127,5/11/2024 10:27:00 PM,22538.48,5186.52,41468.08
50127,5/11/2024 10:28:00 PM,22536.96,5186.68,41467.94
50127,5/11/2024 10:29:00 PM,22533.14,5186.97,41467.40
50127,5/11/2024 10:30:00 PM,22536.21,5184.24,41467.66
50127,5/11/2024 10:31:00 PM,22538.26,5183.34,41467.89
50127,5/11/2024 10:32:00 PM,22534.29,5184.44,41467.54
50127,5/11/2024 10:33:00 PM,22534.50,5185.35,41467.72
50127,5/11/2024 10:34:00 PM,22532.65,5184.78,41467.23
50127,5/11/2024 10:35:00 PM,22533.48,5185.27,41467.18
50127,5/11/2024 10:36:00 PM,22545.40,5184.06,41468.72
50127,5/11/2024 10:37:00 PM,22544.02,5184.35,41467.63
50127,5/11/2024 10:38:00 PM,22540.62,5185.89,41467.12
50127,5/11/2024 10:39:00 PM,22543.03,5185.60,41467.43
50127,5/11/2024 10:40:00 PM,22542.86,5184.58,41467.38
50127,5/11/2024 10:41:00 PM,22539.23,5183.99,41466.89
50127,5/11/2024 10:42:00 PM,22542.56,5182.66,41467.32
50127,5/11/2024 10:43:00 PM,22547.71,5181.94,41467.83
50127,5/11/2024 10:44:00 PM,22548.79,5182.21,41467.77
50127,5/11/2024 10:45:00 PM,22543.17,5183.57,41467.11
50127,5/11/2024 10:46:00 PM,22531.34,5185.82,41466.35
50127,5/11/2024 10:47:00 PM,22517.01,5188.00,41465.28
50127,5/11/2024 10:48:00 PM,22515.23,5186.05,41465.53
50127,5/11/2024 10:49:00 PM,22516.27,5186.72,41465.51
50127,5/11/2024 10:50:00 PM,22520.33,5183.84,41465.84
50127,5/11/2024 10:51:00 PM,22531.37,5183.41,41467.20
50127,5/11/2024 10:52:00 PM,22526.94,5184.45,41465.82
50127,5/11/2024 10:53:00 PM,22521.50,5184.90,41465.32
50127,5/11/2024 10:54:00 PM,22517.55,5185.73,41464.96
50127,5/11/2024 10:55:00 PM,22515.62,5186.28,41464.95
50127,5/11/2024 10:56:00 PM,22515.02,5186.31,41464.92
50127,5/11/2024 10:57:00 PM,22518.54,5184.77,41465.12
50127,5/11/2024 10:58:00 PM,22519.21,5185.16,41465.19
50127,5/11/2024 10:59:00 PM,22510.49,5186.70,41464.25
50127,5/11/2024 11:00:00 PM,22505.55,5187.58,41463.94
50127,5/11/2024 11:01:00 PM,22502.89,5187.69,41463.78
50127,5/11/2024 11:02:00 PM,22499.65,5188.66,41463.68
50127,5/11/2024 11:03:00 PM,22494.36,5188.84,41462.98
50127,5/11/2024 11:04:00 PM,22500.29,5187.39,41463.64
50127,5/11/2024 11:05:00 PM,22508.40,5187.73,41464.47
50127,5/11/2024 11:06:00 PM,22509.25,5187.11,41463.90
50127,5/11/2024 11:07:00 PM,22511.45,5187.17,41464.14
50127,5/11/2024 11:08:00 PM,22510.11,5187.15,41463.82
50127,5/11/2024 11:09:00 PM,22510.29,5187.14,41463.94
50127,5/11/2024 11:10:00 PM,22512.28,5186.63,41464.24
50127,5/11/2024 11:11:00 PM,22514.58,5186.31,41464.58
50127,5/11/2024 11:12:00 PM,22517.85,5186.08,41465.12
50127,5/11/2024 11:13:00 PM,22518.89,5185.64,41465.19
50127,5/11/2024 11:14:00 PM,22522.08,5185.55,41465.77
50127,5/11/2024 11:15:00 PM,22521.74,5185.12,41465.74
50127,5/11/2024 11:16:00 PM,22518.94,5185.64,41465.75
50127,5/11/2024 11:17:00 PM,22515.22,5185.98,41465.68
50127,5/11/2024 11:18:00 PM,22512.08,5185.64,41465.75
50127,5/11/2024 11:19:00 PM,22513.12,5184.71,41466.27
50127,5/11/2024 11:20:00 PM,22517.59,5183.29,41467.07
50127,5/11/2024 11:21:00 PM,22521.45,5182.96,41467.66
50127,5/11/2024 11:22:00 PM,22523.86,5182.55,41467.84
50127,5/11/2024 11:23:00 PM,22528.13,5182.31,41468.42
50127,5/11/2024 11:24:00 PM,22528.88,5183.59,41468.70
50127,5/11/2024 11:25:00 PM,22525.63,5183.52,41468.40
50127,5/11/2024 11:26:00 PM,22522.90,5183.17,41468.56
50127,5/11/2024 11:27:00 PM,22527.34,5182.02,41469.47
50127,5/11/2024 11:28:00 PM,22534.48,5181.10,41470.36
50127,5/11/2024 11:29:00 PM,22543.62,5182.44,41471.57
50127,5/11/2024 11:30:00 PM,22545.20,5182.07,41471.52
50127,5/11/2024 11:31:00 PM,22538.69,5183.11,41471.25
50127,5/11/2024 11:32:00 PM,22529.89,5184.31,41470.97
50127,5/11/2024 11:33:00 PM,22527.34,5183.57,41471.49
50127,5/11/2024 11:34:00 PM,22531.01,5183.74,41472.61
50127,5/11/2024 11:35:00 PM,22530.46,5184.72,41472.70
50127,5/11/2024 11:36:00 PM,22532.36,5185.01,41473.16
50127,5/11/2024 11:37:00 PM,22535.81,5185.48,41473.76
50127,5/11/2024 11:38:00 PM,22537.39,5185.03,41474.00
50127,5/11/2024 11:39:00 PM,22537.50,5185.23,41474.25
50127,5/11/2024 11:40:00 PM,22536.54,5185.76,41474.35
50127,5/11/2024 11:41:00 PM,22538.01,5185.29,41474.78
50127,5/11/2024 11:42:00 PM,22544.02,5183.68,41475.51
50127,5/11/2024 11:43:00 PM,22552.10,5184.68,41476.97
50127,5/11/2024 11:44:00 PM,22553.47,5184.50,41476.71
50127,5/11/2024 11:45:00 PM,22554.25,5184.09,41477.02
50127,5/11/2024 11:46:00 PM,22548.53,5183.70,41476.41
50127,5/11/2024 11:47:00 PM,22545.87,5182.51,41476.71
50127,5/11/2024 11:48:00 PM,22547.50,5182.89,41477.53
50127,5/11/2024 11:49:00 PM,22548.83,5183.64,41477.92
50127,5/11/2024 11:50:00 PM,22549.42,5182.66,41477.89
50127,5/11/2024 11:51:00 PM,22556.19,5182.42,41479.02
50127,5/11/2024 11:52:00 PM,22555.97,5183.39,41479.00
50127,5/11/2024 11:53:00 PM,22548.22,5182.89,41478.06
50127,5/11/2024 11:54:00 PM,22548.25,5183.10,41478.75
50127,5/11/2024 11:55:00 PM,22547.79,5184.28,41479.05
50127,5/11/2024 11:56:00 PM,22547.14,5184.15,41479.08
50127,5/11/2024 11:57:00 PM,22548.47,5185.27,41479.63
50127,5/11/2024 11:58:00 PM,22546.18,5185.98,41479.44
50127,5/11/2024 11:59:00 PM,22546.96,5186.58,41479.87
50127,5/12/2024 12:00:00 AM,22549.32,5187.07,41480.23
50127,5/12/2024 12:01:00 AM,22550.47,5187.61,41480.48
50127,5/12/2024 12:02:00 AM,22547.79,5188.18,41480.30
50127,5/12/2024 12:03:00 AM,22545.90,5188.39,41480.42
50127,5/12/2024 12:04:00 AM,22547.63,5188.67,41481.04
50127,5/12/2024 12:05:00 AM,22548.01,5188.69,41481.10
50127,5/12/2024 12:06:00 AM,22550.32,5189.17,41481.56
50127,5/12/2024 12:07:00 AM,22547.73,5189.69,41481.33
50127,5/12/2024 12:08:00 AM,22548.12,5189.76,41481.63
50127,5/12/2024 12:09:00 AM,22550.32,5190.45,41482.09
50127,5/12/2024 12:10:00 AM,22546.18,5191.00,41481.63
50127,5/12/2024 12:11:00 AM,22549.12,5190.05,41482.13
50127,5/12/2024 12:12:00 AM,22556.83,5191.61,41483.38
50127,5/12/2024 12:13:00 AM,22555.53,5192.17,41483.10
50127,5/12/2024 12:14:00 AM,22549.95,5193.15,41482.68
50127,5/12/2024 12:15:00 AM,22549.26,5193.38,41483.06
50127,5/12/2024 12:16:00 AM,22554.62,5194.91,41484.24
50127,5/12/2024 12:17:00 AM,22554.82,5194.02,41484.13
50127,5/12/2024 12:18:00 AM,22555.88,5193.22,41484.63
50127,5/12/2024 12:19:00 AM,22562.20,5193.66,41485.98
50127,5/12/2024 12:20:00 AM,22562.91,5194.52,41486.10
50127,5/12/2024 12:21:00 AM,22561.13,5194.84,41486.15
50127,5/12/2024 12:22:00 AM,22557.04,5194.64,41485.91
50127,5/12/2024 12:23:00 AM,22553.71,5194.52,41485.95
50127,5/12/2024 12:24:00 AM,22555.75,5194.55,41486.71
50127,5/12/2024 12:25:00 AM,22558.59,5194.80,41487.41
50127,5/12/2024 12:26:00 AM,22558.03,5194.92,41487.51
50127,5/12/2024 12:27:00 AM,22557.08,5195.12,41487.67
50127,5/12/2024 12:28:00 AM,22555.82,5195.08,41487.72
50127,5/12/2024 12:29:00 AM,22558.42,5195.09,41488.44
50127,5/12/2024 12:30:00 AM,22558.08,5194.91,41488.56
50127,5/12/2024 12:31:00 AM,22559.21,5194.72,41489.02
50127,5/12/2024 12:32:00 AM,22559.25,5195.45,41489.44
50127,5/12/2024 12:33:00 AM,22556.37,5195.51,41489.32
50127,5/12/2024 12:34:00 AM,22554.69,5194.84,41489.48
50127,5/12/2024 12:35:00 AM,22556.81,5193.90,41489.94
50127,5/12/2024 12:36:00 AM,22563.91,5193.88,41491.10
50127,5/12/2024 12:37:00 AM,22563.63,5194.56,41491.20
50127,5/12/2024 12:38:00 AM,22556.53,5194.76,41490.53
50127,5/12/2024 12:39:00 AM,22555.58,5194.20,41490.83
50127,5/12/2024 12:40:00 AM,22556.57,5193.81,41491.16
50127,5/12/2024 12:41:00 AM,22553.75,5195.44,41491.20
50127,5/12/2024 12:42:00 AM,22549.67,5196.66,41490.96
50127,5/12/2024 12:43:00 AM,22546.75,5196.90,41490.84
50127,5/12/2024 12:44:00 AM,22547.06,5197.13,41491.32
50127,5/12/2024 12:45:00 AM,22549.11,5196.68,41491.61
50127,5/12/2024 12:46:00 AM,22548.94,5196.28,41491.43
50127,5/12/2024 12:47:00 AM,22546.38,5196.23,41491.03
50127,5/12/2024 12:48:00 AM,22545.31,5196.62,41491.13
50127,5/12/2024 12:49:00 AM,22544.19,5197.16,41491.18
50127,5/12/2024 12:50:00 AM,22544.05,5196.81,41491.22
50127,5/12/2024 12:51:00 AM,22546.72,5196.58,41491.69
50127,5/12/2024 12:52:00 AM,22550.59,5196.67,41492.10
50127,5/12/2024 12:53:00 AM,22554.88,5196.39,41492.54
50127,5/12/2024 12:54:00 AM,22555.74,5197.36,41492.60
50127,5/12/2024 12:55:00 AM,22551.25,5197.02,41492.11
50127,5/12/2024 12:56:00 AM,22547.54,5195.94,41491.89
50127,5/12/2024 12:57:00 AM,22547.83,5195.52,41492.41
50127,5/12/2024 12:58:00 AM,22548.79,5195.70,41492.58
50127,5/12/2024 12:59:00 AM,22552.88,5195.51,41493.42
50127,5/12/2024 1:00:00 AM,22555.15,5197.05,41493.96
50127,5/12/2024 1:01:00 AM,22549.90,5198.11,41493.28
50127,5/12/2024 1:02:00 AM,22549.72,5197.60,41493.53
50127,5/12/2024 1:03:00 AM,22553.57,5198.74,41494.68
50127,5/12/2024 1:04:00 AM,22554.26,5200.10,41494.87
50127,5/12/2024 1:05:00 AM,22559.39,5200.58,41495.80
50127,5/12/2024 1:06:00 AM,22555.51,5202.45,41495.54
50127,5/12/2024 1:07:00 AM,22558.84,5203.43,41496.74
50127,5/12/2024 1:08:00 AM,22560.57,5202.42,41496.87
50127,5/12/2024 1:09:00 AM,22564.86,5202.41,41497.86
50127,5/12/2024 1:10:00 AM,22565.80,5203.10,41498.44
50127,5/12/2024 1:11:00 AM,22566.40,5202.20,41498.76
50127,5/12/2024 1:12:00 AM,22567.42,5201.70,41499.45
50127,5/12/2024 1:13:00 AM,22568.51,5202.36,41500.19
50127,5/12/2024 1:14:00 AM,22566.41,5203.82,41500.47
50127,5/12/2024 1:15:00 AM,22563.38,5204.83,41500.72
50127,5/12/2024 1:16:00 AM,22565.35,5204.79,41501.68
50127,5/12/2024 1:17:00 AM,22568.83,5203.06,41502.32
50127,5/12/2024 1:18:00 AM,22571.39,5202.89,41503.08
50127,5/12/2024 1:19:00 AM,22572.61,5202.23,41503.66
50127,5/12/2024 1:20:00 AM,22570.50,5201.84,41503.80
50127,5/12/2024 1:21:00 AM,22569.22,5201.26,41504.25
50127,5/12/2024 1:22:00 AM,22567.26,5200.73,41504.56
50127,5/12/2024 1:23:00 AM,22567.64,5198.86,41505.10
50127,5/12/2024 1:24:00 AM,22569.67,5197.26,41505.77
50127,5/12/2024 1:25:00 AM,22566.44,5197.30,41505.81
50127,5/12/2024 1:26:00 AM,22562.45,5197.65,41506.04
50127,5/12/2024 1:27:00 AM,22554.01,5196.56,41505.36
50127,5/12/2024 1:28:00 AM,22559.56,5196.65,41507.44
50127,5/12/2024 1:29:00 AM,22568.41,5196.93,41508.96
50127,5/12/2024 1:30:00 AM,22573.64,5195.35,41509.26
50127,5/12/2024 1:31:00 AM,22583.42,5195.66,41510.95
50127,5/12/2024 1:32:00 AM,22582.39,5200.04,41511.14
50127,5/12/2024 1:33:00 AM,22563.23,5204.25,41509.71
50127,5/12/2024 1:34:00 AM,22563.23,5198.41,41510.02
50127,5/12/2024 1:35:00 AM,22565.69,5197.09,41511.40
50127,5/12/2024 1:36:00 AM,22559.77,5201.11,41511.88
50127,5/12/2024 1:37:00 AM,22556.17,5200.74,41512.22
50127,5/12/2024 1:38:00 AM,22559.86,5200.84,41513.39
50127,5/12/2024 1:39:00 AM,22555.06,5205.94,41513.80
50127,5/12/2024 1:40:00 AM,22546.41,5204.20,41512.96
50127,5/12/2024 1:41:00 AM,22549.80,5205.42,41514.68
50127,5/12/2024 1:42:00 AM,22546.28,5207.31,41514.76
50127,5/12/2024 1:43:00 AM,22542.61,5205.68,41514.45
50127,5/12/2024 1:44:00 AM,22535.90,5206.79,41514.05
50127,5/12/2024 1:45:00 AM,22532.08,5209.46,41514.38
50127,5/12/2024 1:46:00 AM,22528.05,5214.16,41514.63
50127,5/12/2024 1:47:00 AM,22530.58,5215.43,41515.48
50127,5/12/2024 1:48:00 AM,22534.18,5217.24,41516.34
50127,5/12/2024 1:49:00 AM,22525.71,5219.71,41515.32
50127,5/12/2024 1:50:00 AM,22526.89,5214.83,41515.18
50127,5/12/2024 1:51:00 AM,22529.48,5217.44,41516.32
50127,5/12/2024 1:52:00 AM,22527.13,5218.18,41515.97
50127,5/12/2024 1:53:00 AM,22526.44,5221.09,41516.62
50127,5/12/2024 1:54:00 AM,22528.60,5221.68,41517.19
50127,5/12/2024 1:55:00 AM,22531.17,5220.79,41517.20
50127,5/12/2024 1:56:00 AM,22537.63,5220.51,41518.00
50127,5/12/2024 1:57:00 AM,22552.53,5224.27,41520.82
50127,5/12/2024 1:58:00 AM,22562.67,5229.38,41522.18
50127,5/12/2024 1:59:00 AM,22562.84,5224.55,41520.98
50127,5/12/2024 2:00:00 AM,22573.79,5220.21,41522.42
50127,5/12/2024 2:01:00 AM,22563.48,5231.92,41522.79
50127,5/12/2024 2:02:00 AM,22544.02,5236.12,41521.38
50127,5/12/2024 2:03:00 AM,22554.06,5227.70,41522.66
50127,5/12/2024 2:04:00 AM,22556.38,5228.48,41523.78
50127,5/12/2024 2:05:00 AM,22549.00,5234.59,41523.80
50127,5/12/2024 2:06:00 AM,22545.90,5229.04,41522.89
50127,5/12/2024 2:07:00 AM,22555.09,5224.14,41523.92
50127,5/12/2024 2:08:00 AM,22549.12,5230.65,41524.14
50127,5/12/2024 2:09:00 AM,22546.97,5228.23,41523.44
50127,5/12/2024 2:10:00 AM,22549.68,5226.21,41523.93
50127,5/12/2024 2:11:00 AM,22549.56,5227.29,41524.16
50127,5/12/2024 2:12:00 AM,22554.48,5228.19,41525.11
50127,5/12/2024 2:13:00 AM,22562.31,5233.44,41525.65
50127,5/12/2024 2:14:00 AM,22550.93,5247.62,41525.90
50127,5/12/2024 2:15:00 AM,22566.34,5251.65,41527.76
50127,5/12/2024 2:16:00 AM,22551.24,5264.58,41526.32
50127,5/12/2024 2:17:00 AM,22558.23,5268.21,41527.56
50127,5/12/2024 2:18:00 AM,22562.07,5269.30,41527.75
50127,5/12/2024 2:19:00 AM,22572.79,5262.37,41527.74
50127,5/12/2024 2:20:00 AM,22573.32,5254.92,41526.58
50127,5/12/2024 2:21:00 AM,22584.77,5248.52,41527.80
50127,5/12/2024 2:22:00 AM,22600.36,5248.00,41529.86
50127,5/12/2024 2:23:00 AM,22598.00,5246.77,41528.53
50127,5/12/2024 2:24:00 AM,22590.04,5243.15,41527.56
50127,5/12/2024 2:25:00 AM,22593.93,5239.72,41528.51
50127,5/12/2024 2:26:00 AM,22600.75,5237.11,41528.97
50127,5/12/2024 2:27:00 AM,22604.24,5234.26,41528.56
50127,5/12/2024 2:28:00 AM,22605.85,5228.65,41527.60
50127,5/12/2024 2:29:00 AM,22609.23,5224.72,41527.44
50127,5/12/2024 2:30:00 AM,22606.51,5220.82,41526.27
50127,5/12/2024 2:31:00 AM,22603.00,5216.03,41525.28
50127,5/12/2024 2:32:00 AM,22601.45,5212.95,41525.01
50127,5/12/2024 2:33:00 AM,22599.41,5210.34,41524.72
50127,5/12/2024 2:34:00 AM,22604.67,5205.62,41524.69
50127,5/12/2024 2:35:00 AM,22606.73,5205.68,41524.73
50127,5/12/2024 2:36:00 AM,22598.36,5204.59,41523.05
50127,5/12/2024 2:37:00 AM,22587.62,5203.48,41521.90
50127,5/12/2024 2:38:00 AM,22593.64,5201.76,41522.80
50127,5/12/2024 2:39:00 AM,22592.35,5205.72,41522.94
50127,5/12/2024 2:40:00 AM,22587.86,5206.30,41521.92
50127,5/12/2024 2:41:00 AM,22584.47,5209.00,41521.97
50127,5/12/2024 2:42:00 AM,22586.03,5211.94,41522.52
50127,5/12/2024 2:43:00 AM,22591.34,5212.82,41522.62
50127,5/12/2024 2:44:00 AM,22593.38,5217.53,41523.08
50127,5/12/2024 2:45:00 AM,22587.48,5221.73,41522.33
50127,5/12/2024 2:46:00 AM,22577.91,5220.76,41520.91
50127,5/12/2024 2:47:00 AM,22577.09,5219.21,41521.28
50127,5/12/2024 2:48:00 AM,22576.33,5220.21,41521.74
50127,5/12/2024 2:49:00 AM,22571.23,5222.60,41521.44
50127,5/12/2024 2:50:00 AM,22568.35,5224.59,41521.86
50127,5/12/2024 2:51:00 AM,22573.47,5224.60,41523.08
50127,5/12/2024 2:52:00 AM,22585.59,5229.78,41524.83
50127,5/12/2024 2:53:00 AM,22576.46,5239.93,41524.40
50127,5/12/2024 2:54:00 AM,22566.04,5238.95,41522.84
50127,5/12/2024 2:55:00 AM,22570.12,5240.69,41524.66
50127,5/12/2024 2:56:00 AM,22569.33,5248.43,41525.29
50127,5/12/2024 2:57:00 AM,22568.21,5248.59,41524.80
50127,5/12/2024 2:58:00 AM,22545.95,5246.02,41520.90
50127,5/12/2024 2:59:00 AM,22518.37,5249.72,41519.91
50127,5/12/2024 3:00:00 AM,22500.90,5251.67,41520.38
50127,5/12/2024 3:01:00 AM,22496.78,5249.26,41521.16
50127,5/12/2024 3:02:00 AM,22506.23,5245.33,41522.90
50127,5/12/2024 3:03:00 AM,22507.96,5250.70,41523.74
50127,5/12/2024 3:04:00 AM,22512.19,5243.47,41522.88
50127,5/12/2024 3:05:00 AM,22520.82,5243.70,41524.47
50127,5/12/2024 3:06:00 AM,22521.35,5246.32,41524.14
50127,5/12/2024 3:07:00 AM,22520.26,5245.18,41523.55
50127,5/12/2024 3:08:00 AM,22518.22,5244.49,41522.76
50127,5/12/2024 3:09:00 AM,22515.07,5249.12,41523.24
50127,5/12/2024 3:10:00 AM,22516.27,5250.99,41523.17
50127,5/12/2024 3:11:00 AM,22518.92,5254.90,41523.35
50127,5/12/2024 3:12:00 AM,22517.12,5259.33,41522.84
50127,5/12/2024 3:13:00 AM,22516.85,5263.76,41522.82
50127,5/12/2024 3:14:00 AM,22515.72,5263.57,41522.01
50127,5/12/2024 3:15:00 AM,22518.53,5261.19,41521.58
50127,5/12/2024 3:16:00 AM,22523.78,5258.47,41521.40
50127,5/12/2024 3:17:00 AM,22527.92,5255.60,41520.89
50127,5/12/2024 3:18:00 AM,22530.64,5253.15,41520.39
50127,5/12/2024 3:19:00 AM,22532.71,5251.51,41519.98
50127,5/12/2024 3:20:00 AM,22534.00,5249.48,41519.47
50127,5/12/2024 3:21:00 AM,22535.82,5246.70,41519.08
50127,5/12/2024 3:22:00 AM,22538.67,5242.62,41518.45
50127,5/12/2024 3:23:00 AM,22539.80,5237.21,41517.36
50127,5/12/2024 3:24:00 AM,22541.65,5235.02,41517.16
50127,5/12/2024 3:25:00 AM,22542.19,5233.19,41516.45
50127,5/12/2024 3:26:00 AM,22542.29,5232.71,41516.06
50127,5/12/2024 3:27:00 AM,22542.36,5232.90,41515.62
50127,5/12/2024 3:28:00 AM,22544.08,5230.97,41515.04
50127,5/12/2024 3:29:00 AM,22545.71,5228.14,41514.21
50127,5/12/2024 3:30:00 AM,22546.42,5228.20,41514.14
50127,5/12/2024 3:31:00 AM,22548.57,5230.96,41514.26
50127,5/12/2024 3:32:00 AM,22547.40,5231.54,41513.39
50127,5/12/2024 3:33:00 AM,22549.36,5231.17,41513.22
50127,5/12/2024 3:34:00 AM,22548.70,5235.73,41513.35
50127,5/12/2024 3:35:00 AM,22545.56,5237.90,41512.58
50127,5/12/2024 3:36:00 AM,22544.83,5238.57,41512.29
50127,5/12/2024 3:37:00 AM,22546.60,5239.28,41512.39
50127,5/12/2024 3:38:00 AM,22544.30,5251.30,41513.76
50127,5/12/2024 3:39:00 AM,22539.72,5256.19,41513.12
50127,5/12/2024 3:40:00 AM,22552.17,5244.27,41512.61
50127,5/12/2024 3:41:00 AM,22565.67,5233.76,41512.52
50127,5/12/2024 3:42:00 AM,22572.18,5236.70,41513.63
50127,5/12/2024 3:43:00 AM,22565.95,5248.94,41514.06
50127,5/12/2024 3:44:00 AM,22558.24,5255.74,41513.34
50127,5/12/2024 3:45:00 AM,22558.79,5251.12,41512.66
50127,5/12/2024 3:46:00 AM,22556.31,5253.39,41513.03
50127,5/12/2024 3:47:00 AM,22550.12,5256.93,41513.00
50127,5/12/2024 3:48:00 AM,22547.23,5257.22,41512.99
50127,5/12/2024 3:49:00 AM,22543.11,5260.72,41513.40
50127,5/12/2024 3:50:00 AM,22541.80,5263.10,41513.88
50127,5/12/2024 3:51:00 AM,22544.48,5263.29,41514.38
50127,5/12/2024 3:52:00 AM,22546.94,5262.96,41514.61
50127,5/12/2024 3:53:00 AM,22547.93,5264.04,41514.96
50127,5/12/2024 3:54:00 AM,22554.46,5259.95,41515.06
50127,5/12/2024 3:55:00 AM,22557.88,5255.88,41514.96
50127,5/12/2024 3:56:00 AM,22561.56,5262.38,41516.36
50127,5/12/2024 3:57:00 AM,22561.45,5262.30,41515.76
50127,5/12/2024 3:58:00 AM,22565.10,5256.92,41515.37
50127,5/12/2024 3:59:00 AM,22564.48,5256.23,41515.07
50127,5/12/2024 4:00:00 AM,22571.72,5267.19,41518.10
50127,5/12/2024 4:01:00 AM,22571.51,5284.24,41519.20
50127,5/12/2024 4:02:00 AM,22574.38,5286.87,41518.62
50127,5/12/2024 4:03:00 AM,22575.54,5291.51,41518.84
50127,5/12/2024 4:04:00 AM,22578.26,5288.55,41518.18
50127,5/12/2024 4:05:00 AM,22586.37,5283.36,41518.42
50127,5/12/2024 4:06:00 AM,22577.76,5293.14,41518.45
50127,5/12/2024 4:07:00 AM,22569.54,5289.62,41516.86
50127,5/12/2024 4:08:00 AM,22568.11,5285.95,41516.75
50127,5/12/2024 4:09:00 AM,22567.63,5284.93,41516.90
50127,5/12/2024 4:10:00 AM,22564.56,5282.92,41516.26
50127,5/12/2024 4:11:00 AM,22567.01,5277.23,41516.00
50127,5/12/2024 4:12:00 AM,22563.76,5280.76,41516.24
50127,5/12/2024 4:13:00 AM,22559.27,5276.61,41514.81
50127,5/12/2024 4:14:00 AM,22559.93,5276.53,41515.35
50127,5/12/2024 4:15:00 AM,22556.65,5276.24,41514.49
50127,5/12/2024 4:16:00 AM,22566.31,5264.22,41513.96
50127,5/12/2024 4:17:00 AM,22562.70,5273.00,41514.52
50127,5/12/2024 4:18:00 AM,22561.21,5261.92,41512.00
50127,5/12/2024 4:19:00 AM,22567.36,5263.52,41513.52
50127,5/12/2024 4:20:00 AM,22563.37,5261.40,41511.94
50127,5/12/2024 4:21:00 AM,22563.43,5246.79,41509.73
50127,5/12/2024 4:22:00 AM,22561.64,5246.00,41510.08
50127,5/12/2024 4:23:00 AM,22551.83,5249.16,41509.24
50127,5/12/2024 4:24:00 AM,22552.98,5239.76,41508.25
50127,5/12/2024 4:25:00 AM,22552.99,5238.10,41508.40
50127,5/12/2024 4:26:00 AM,22552.11,5235.49,41507.92
50127,5/12/2024 4:27:00 AM,22553.71,5233.23,41507.83
50127,5/12/2024 4:28:00 AM,22550.82,5232.69,41507.20
50127,5/12/2024 4:29:00 AM,22543.03,5228.91,41505.61
50127,5/12/2024 4:30:00 AM,22526.48,5234.33,41505.40
50127,5/12/2024 4:31:00 AM,22503.74,5257.10,41507.76
50127,5/12/2024 4:32:00 AM,22491.18,5275.40,41510.08
50127,5/12/2024 4:33:00 AM,22490.04,5291.99,41513.50
50127,5/12/2024 4:34:00 AM,22489.13,5306.94,41515.98
50127,5/12/2024 4:35:00 AM,22486.39,5315.95,41517.76
50127,5/12/2024 4:36:00 AM,22483.19,5329.97,41520.91
50127,5/12/2024 4:37:00 AM,22481.87,5351.90,41524.94
50127,5/12/2024 4:38:00 AM,22483.22,5374.66,41528.42
50127,5/12/2024 4:39:00 AM,22489.52,5390.76,41530.54
50127,5/12/2024 4:40:00 AM,22502.60,5403.36,41532.34
50127,5/12/2024 4:41:00 AM,22518.03,5411.96,41532.97
50127,5/12/2024 4:42:00 AM,22537.72,5411.30,41532.26
50127,5/12/2024 4:43:00 AM,22555.78,5403.51,41530.81
50127,5/12/2024 4:44:00 AM,22569.80,5391.00,41528.94
50127,5/12/2024 4:45:00 AM,22578.41,5373.90,41526.62
50127,5/12/2024 4:46:00 AM,22587.50,5358.52,41525.58
50127,5/12/2024 4:47:00 AM,22589.47,5347.61,41524.38
50127,5/12/2024 4:48:00 AM,22595.04,5339.70,41524.28
50127,5/12/2024 4:49:00 AM,22599.81,5328.73,41522.97
50127,5/12/2024 4:50:00 AM,22603.26,5314.71,41521.29
50127,5/12/2024 4:51:00 AM,22603.66,5304.57,41520.18
50127,5/12/2024 4:52:00 AM,22602.21,5293.63,41518.59
50127,5/12/2024 4:53:00 AM,22597.02,5287.90,41517.54
50127,5/12/2024 4:54:00 AM,22587.93,5286.11,41516.40
50127,5/12/2024 4:55:00 AM,22583.28,5280.00,41515.15
50127,5/12/2024 4:56:00 AM,22583.99,5272.61,41514.39
50127,5/12/2024 4:57:00 AM,22583.25,5267.13,41513.40
50127,5/12/2024 4:58:00 AM,22580.31,5260.69,41511.90
50127,5/12/2024 4:59:00 AM,22576.35,5257.14,41510.92
50127,5/12/2024 5:00:00 AM,22574.98,5255.18,41510.14
50127,5/12/2024 5:01:00 AM,22574.15,5250.82,41508.74
50127,5/12/2024 5:02:00 AM,22573.31,5243.84,41507.07
50127,5/12/2024 5:03:00 AM,22572.06,5237.35,41505.68
50127,5/12/2024 5:04:00 AM,22569.98,5235.50,41505.12
50127,5/12/2024 5:05:00 AM,22569.35,5237.34,41504.93
50127,5/12/2024 5:06:00 AM,22569.30,5235.56,41503.86
50127,5/12/2024 5:07:00 AM,22570.33,5231.98,41502.83
50127,5/12/2024 5:08:00 AM,22571.48,5226.59,41501.69
50127,5/12/2024 5:09:00 AM,22571.84,5221.75,41500.68
50127,5/12/2024 5:10:00 AM,22569.16,5221.91,41500.07
50127,5/12/2024 5:11:00 AM,22566.95,5221.15,41499.20
50127,5/12/2024 5:12:00 AM,22563.97,5216.66,41497.88
50127,5/12/2024 5:13:00 AM,22559.96,5213.88,41497.07
50127,5/12/2024 5:14:00 AM,22555.00,5213.82,41496.71
50127,5/12/2024 5:15:00 AM,22550.17,5217.90,41496.85
50127,5/12/2024 5:16:00 AM,22548.63,5222.45,41497.00
50127,5/12/2024 5:17:00 AM,22549.97,5223.92,41496.68
50127,5/12/2024 5:18:00 AM,22550.69,5222.67,41495.96
50127,5/12/2024 5:19:00 AM,22550.38,5223.01,41495.67
50127,5/12/2024 5:20:00 AM,22550.30,5225.89,41495.75
50127,5/12/2024 5:21:00 AM,22549.46,5229.37,41495.49
50127,5/12/2024 5:22:00 AM,22549.13,5231.40,41495.11
50127,5/12/2024 5:23:00 AM,22551.08,5230.89,41494.64
50127,5/12/2024 5:24:00 AM,22552.15,5228.73,41493.99
50127,5/12/2024 5:25:00 AM,22552.43,5226.67,41493.49
50127,5/12/2024 5:26:00 AM,22551.61,5226.69,41493.34
50127,5/12/2024 5:27:00 AM,22552.67,5227.75,41493.45
50127,5/12/2024 5:28:00 AM,22553.76,5229.02,41493.40
50127,5/12/2024 5:29:00 AM,22556.55,5229.20,41493.22
50127,5/12/2024 5:30:00 AM,22558.08,5228.11,41492.68
50127,5/12/2024 5:31:00 AM,22558.14,5225.90,41491.98
50127,5/12/2024 5:32:00 AM,22556.19,5223.92,41491.36
50127,5/12/2024 5:33:00 AM,22554.06,5223.77,41491.22
50127,5/12/2024 5:34:00 AM,22552.10,5223.28,41490.92
50127,5/12/2024 5:35:00 AM,22549.25,5222.07,41490.59
50127,5/12/2024 5:36:00 AM,22546.96,5222.75,41490.64
50127,5/12/2024 5:37:00 AM,22545.93,5221.77,41490.44
50127,5/12/2024 5:38:00 AM,22545.14,5221.93,41490.48
50127,5/12/2024 5:39:00 AM,22546.60,5221.19,41490.48
50127,5/12/2024 5:40:00 AM,22546.31,5220.27,41490.22
50127,5/12/2024 5:41:00 AM,22544.77,5221.48,41490.28
50127,5/12/2024 5:42:00 AM,22544.69,5222.40,41490.36
50127,5/12/2024 5:43:00 AM,22544.35,5222.40,41490.22
50127,5/12/2024 5:44:00 AM,22542.08,5222.30,41489.96
50127,5/12/2024 5:45:00 AM,22539.99,5224.40,41490.23
50127,5/12/2024 5:46:00 AM,22540.21,5227.97,41490.82
50127,5/12/2024 5:47:00 AM,22542.19,5231.02,41491.24
50127,5/12/2024 5:48:00 AM,22543.71,5233.14,41491.31
50127,5/12/2024 5:49:00 AM,22544.06,5234.08,41491.13
50127,5/12/2024 5:50:00 AM,22544.61,5233.50,41490.92
50127,5/12/2024 5:51:00 AM,22545.36,5233.03,41490.98
50127,5/12/2024 5:52:00 AM,22544.45,5234.91,41491.21
50127,5/12/2024 5:53:00 AM,22542.96,5236.63,41491.24
50127,5/12/2024 5:54:00 AM,22541.90,5237.56,41491.24
50127,5/12/2024 5:55:00 AM,22540.89,5238.24,41491.28
50127,5/12/2024 5:56:00 AM,22540.66,5239.85,41491.58
50127,5/12/2024 5:57:00 AM,22542.12,5241.73,41491.94
50127,5/12/2024 5:58:00 AM,22543.56,5242.59,41491.97
50127,5/12/2024 5:59:00 AM,22545.87,5243.46,41492.12
50127,5/12/2024 6:00:00 AM,22547.63,5243.18,41491.91
50127,5/12/2024 6:01:00 AM,22548.59,5242.53,41491.72
50127,5/12/2024 6:02:00 AM,22550.04,5242.73,41491.84
50127,5/12/2024 6:03:00 AM,22551.92,5242.84,41491.88
50127,5/12/2024 6:04:00 AM,22553.22,5242.17,41491.74
50127,5/12/2024 6:05:00 AM,22553.90,5241.56,41491.69
50127,5/12/2024 6:06:00 AM,22554.51,5242.12,41491.86
50127,5/12/2024 6:07:00 AM,22554.28,5243.88,41492.07
50127,5/12/2024 6:08:00 AM,22555.12,5245.41,41492.28
50127,5/12/2024 6:09:00 AM,22555.92,5246.37,41492.33
50127,5/12/2024 6:10:00 AM,22557.28,5246.12,41492.27
50127,5/12/2024 6:11:00 AM,22557.44,5245.63,41492.11
50127,5/12/2024 6:12:00 AM,22557.40,5245.13,41492.08
50127,5/12/2024 6:13:00 AM,22557.50,5244.60,41492.06
50127,5/12/2024 6:14:00 AM,22556.61,5245.07,41492.11
50127,5/12/2024 6:15:00 AM,22556.90,5245.65,41492.27
50127,5/12/2024 6:16:00 AM,22557.01,5245.60,41492.20
50127,5/12/2024 6:17:00 AM,22557.38,5245.80,41492.22
50127,5/12/2024 6:18:00 AM,22557.88,5245.64,41492.14
50127,5/12/2024 6:19:00 AM,22557.88,5245.85,41492.08
50127,5/12/2024 6:20:00 AM,22558.40,5246.16,41492.09
50127,5/12/2024 6:21:00 AM,22559.46,5245.81,41492.02
50127,5/12/2024 6:22:00 AM,22560.33,5245.35,41491.91
50127,5/12/2024 6:23:00 AM,22561.12,5245.18,41491.84
50127,5/12/2024 6:24:00 AM,22561.62,5245.27,41491.76
50127,5/12/2024 6:25:00 AM,22562.57,5245.16,41491.69
50127,5/12/2024 6:26:00 AM,22564.06,5245.16,41491.68
50127,5/12/2024 6:27:00 AM,22565.47,5244.28,41491.44
50127,5/12/2024 6:28:00 AM,22566.18,5243.13,41491.15
50127,5/12/2024 6:29:00 AM,22566.86,5242.30,41491.04
50127,5/12/2024 6:30:00 AM,22567.69,5242.18,41491.00
50127,5/12/2024 6:31:00 AM,22568.27,5241.82,41490.87
50127,5/12/2024 6:32:00 AM,22568.64,5241.62,41490.73
50127,5/12/2024 6:33:00 AM,22568.66,5241.99,41490.66
50127,5/12/2024 6:34:00 AM,22569.07,5241.53,41490.48
50127,5/12/2024 6:35:00 AM,22569.46,5240.48,41490.28
50127,5/12/2024 6:36:00 AM,22569.25,5239.70,41490.11
50127,5/12/2024 6:37:00 AM,22567.81,5239.20,41489.88
50127,5/12/2024 6:38:00 AM,22566.65,5240.22,41490.00
50127,5/12/2024 6:39:00 AM,22566.56,5241.23,41490.10
50127,5/12/2024 6:40:00 AM,22567.19,5241.33,41490.04
50127,5/12/2024 6:41:00 AM,22566.76,5240.87,41489.79
50127,5/12/2024 6:42:00 AM,22566.18,5241.44,41489.77
50127,5/12/2024 6:43:00 AM,22566.68,5242.31,41489.87
50127,5/12/2024 6:44:00 AM,22566.55,5242.33,41489.64
50127,5/12/2024 6:45:00 AM,22566.41,5241.73,41489.38
50127,5/12/2024 6:46:00 AM,22566.03,5241.00,41489.12
50127,5/12/2024 6:47:00 AM,22566.51,5239.68,41488.94
50127,5/12/2024 6:48:00 AM,22567.70,5238.70,41488.86
50127,5/12/2024 6:49:00 AM,22569.02,5238.04,41488.83
50127,5/12/2024 6:50:00 AM,22570.54,5236.98,41488.69
50127,5/12/2024 6:51:00 AM,22571.57,5235.35,41488.39
50127,5/12/2024 6:52:00 AM,22571.69,5233.98,41488.08
50127,5/12/2024 6:53:00 AM,22571.67,5232.86,41487.86
50127,5/12/2024 6:54:00 AM,22571.69,5231.71,41487.65
50127,5/12/2024 6:55:00 AM,22571.70,5230.83,41487.49
50127,5/12/2024 6:56:00 AM,22572.43,5229.81,41487.38
50127,5/12/2024 6:57:00 AM,22572.68,5228.99,41487.22
50127,5/12/2024 6:58:00 AM,22572.85,5228.26,41487.09
50127,5/12/2024 6:59:00 AM,22573.12,5227.53,41486.95
50127,5/12/2024 7:00:00 AM,22573.54,5226.69,41486.80
50127,5/12/2024 7:01:00 AM,22572.34,5225.69,41486.43
50127,5/12/2024 7:02:00 AM,22570.53,5225.76,41486.31
50127,5/12/2024 7:03:00 AM,22569.95,5225.98,41486.34
50127,5/12/2024 7:04:00 AM,22570.17,5225.74,41486.28
50127,5/12/2024 7:05:00 AM,22570.52,5225.18,41486.18
50127,5/12/2024 7:06:00 AM,22569.80,5225.03,41486.04
50127,5/12/2024 7:07:00 AM,22569.19,5225.44,41486.04
50127,5/12/2024 7:08:00 AM,22568.78,5226.33,41486.12
50127,5/12/2024 7:09:00 AM,22567.88,5227.29,41486.03
50127,5/12/2024 7:10:00 AM,22567.94,5227.37,41485.98
50127,5/12/2024 7:11:00 AM,22568.22,5227.26,41485.91
50127,5/12/2024 7:12:00 AM,22568.22,5227.72,41485.90
50127,5/12/2024 7:13:00 AM,22569.15,5227.36,41485.83
50127,5/12/2024 7:14:00 AM,22570.71,5227.19,41485.87
50127,5/12/2024 7:15:00 AM,22571.23,5227.46,41485.80
50127,5/12/2024 7:16:00 AM,22571.60,5227.99,41485.81
50127,5/12/2024 7:17:00 AM,22572.07,5228.94,41485.85
50127,5/12/2024 7:18:00 AM,22572.01,5229.70,41485.75
50127,5/12/2024 7:19:00 AM,22572.25,5230.66,41485.80
50127,5/12/2024 7:20:00 AM,22572.65,5231.08,41485.75
50127,5/12/2024 7:21:00 AM,22572.61,5231.37,41485.67
50127,5/12/2024 7:22:00 AM,22572.99,5231.06,41485.58
50127,5/12/2024 7:23:00 AM,22574.14,5231.03,41485.68
50127,5/12/2024 7:24:00 AM,22574.81,5231.59,41485.74
50127,5/12/2024 7:25:00 AM,22574.40,5231.92,41485.60
50127,5/12/2024 7:26:00 AM,22573.65,5232.31,41485.54
50127,5/12/2024 7:27:00 AM,22572.94,5232.94,41485.57
50127,5/12/2024 7:28:00 AM,22572.79,5232.93,41485.50
50127,5/12/2024 7:29:00 AM,22572.69,5232.73,41485.45
50127,5/12/2024 7:30:00 AM,22573.11,5231.75,41485.29
50127,5/12/2024 7:31:00 AM,22572.78,5231.71,41485.26
50127,5/12/2024 7:32:00 AM,22572.09,5232.52,41485.29
50127,5/12/2024 7:33:00 AM,22571.88,5233.19,41485.30
50127,5/12/2024 7:34:00 AM,22572.46,5233.13,41485.26
50127,5/12/2024 7:35:00 AM,22573.39,5232.80,41485.19
50127,5/12/2024 7:36:00 AM,22574.15,5232.47,41485.10
50127,5/12/2024 7:37:00 AM,22574.16,5231.96,41484.89
50127,5/12/2024 7:38:00 AM,22573.66,5231.50,41484.68
50127,5/12/2024 7:39:00 AM,22573.09,5230.61,41484.48
50127,5/12/2024 7:40:00 AM,22573.43,5229.79,41484.45
50127,5/12/2024 7:41:00 AM,22573.88,5228.87,41484.40
50127,5/12/2024 7:42:00 AM,22574.87,5227.90,41484.36
50127,5/12/2024 7:43:00 AM,22574.79,5226.90,41484.18
50127,5/12/2024 7:44:00 AM,22574.58,5226.18,41484.05
50127,5/12/2024 7:45:00 AM,22574.40,5225.79,41483.99
50127,5/12/2024 7:46:00 AM,22573.79,5225.62,41483.87
50127,5/12/2024 7:47:00 AM,22573.29,5225.21,41483.71
50127,5/12/2024 7:48:00 AM,22572.40,5225.24,41483.56
50127,5/12/2024 7:49:00 AM,22572.08,5225.83,41483.61
50127,5/12/2024 7:50:00 AM,22572.20,5226.93,41483.68
50127,5/12/2024 7:51:00 AM,22571.69,5228.05,41483.58
50127,5/12/2024 7:52:00 AM,22571.99,5229.24,41483.64
50127,5/12/2024 7:53:00 AM,22572.10,5230.04,41483.54
50127,5/12/2024 7:54:00 AM,22572.31,5230.90,41483.52
50127,5/12/2024 7:55:00 AM,22572.25,5231.74,41483.46
50127,5/12/2024 7:56:00 AM,22572.40,5232.30,41483.41
50127,5/12/2024 7:57:00 AM,22573.97,5231.96,41483.41
50127,5/12/2024 7:58:00 AM,22576.18,5231.19,41483.37
50127,5/12/2024 7:59:00 AM,22577.92,5230.80,41483.34
50127,5/12/2024 8:00:00 AM,22579.30,5229.98,41483.17
50127,5/12/2024 8:01:00 AM,22580.58,5229.26,41483.09
50127,5/12/2024 8:02:00 AM,22581.35,5228.07,41482.84
50127,5/12/2024 8:03:00 AM,22581.89,5227.16,41482.73
50127,5/12/2024 8:04:00 AM,22581.94,5226.64,41482.60
50127,5/12/2024 8:05:00 AM,22581.87,5226.27,41482.53
50127,5/12/2024 8:06:00 AM,22582.00,5225.50,41482.42
50127,5/12/2024 8:07:00 AM,22581.70,5225.30,41482.35
50127,5/12/2024 8:08:00 AM,22581.15,5224.80,41482.19
50127,5/12/2024 8:09:00 AM,22580.48,5224.06,41482.05
50127,5/12/2024 8:10:00 AM,22579.83,5223.71,41481.98
50127,5/12/2024 8:11:00 AM,22578.64,5223.68,41481.86
50127,5/12/2024 8:12:00 AM,22578.30,5223.41,41481.84
50127,5/12/2024 8:13:00 AM,22578.88,5222.88,41481.84
50127,5/12/2024 8:14:00 AM,22579.67,5222.30,41481.78
50127,5/12/2024 8:15:00 AM,22580.28,5221.75,41481.70
50127,5/12/2024 8:16:00 AM,22580.71,5221.79,41481.67
50127,5/12/2024 8:17:00 AM,22580.63,5222.24,41481.60
50127,5/12/2024 8:18:00 AM,22579.90,5222.43,41481.41
50127,5/12/2024 8:19:00 AM,22579.56,5222.55,41481.30
50127,5/12/2024 8:20:00 AM,22579.35,5222.78,41481.25
50127,5/12/2024 8:21:00 AM,22579.93,5222.40,41481.20
50127,5/12/2024 8:22:00 AM,22580.59,5221.48,41481.02
50127,5/12/2024 8:23:00 AM,22581.22,5221.29,41481.02
50127,5/12/2024 8:24:00 AM,22581.97,5221.44,41481.02
50127,5/12/2024 8:25:00 AM,22582.45,5221.57,41480.94
50127,5/12/2024 8:26:00 AM,22583.45,5221.69,41480.95
50127,5/12/2024 8:27:00 AM,22584.55,5221.22,41480.82
50127,5/12/2024 8:28:00 AM,22584.64,5220.09,41480.51
50127,5/12/2024 8:29:00 AM,22584.71,5219.13,41480.36
50127,5/12/2024 8:30:00 AM,22584.89,5218.72,41480.35
50127,5/12/2024 8:31:00 AM,22584.27,5218.84,41480.25
50127,5/12/2024 8:32:00 AM,22583.65,5219.85,41480.38
50127,5/12/2024 8:33:00 AM,22583.99,5220.60,41480.47
50127,5/12/2024 8:34:00 AM,22584.26,5220.75,41480.42
50127,5/12/2024 8:35:00 AM,22583.65,5220.88,41480.31
50127,5/12/2024 8:36:00 AM,22584.26,5220.33,41480.31
50127,5/12/2024 8:37:00 AM,22585.56,5219.02,41480.21
50127,5/12/2024 8:38:00 AM,22585.72,5218.16,41480.05
50127,5/12/2024 8:39:00 AM,22585.30,5216.77,41479.76
50127,5/12/2024 8:40:00 AM,22583.77,5215.90,41479.49
50127,5/12/2024 8:41:00 AM,22583.35,5215.29,41479.44
50127,5/12/2024 8:42:00 AM,22583.58,5215.47,41479.54
50127,5/12/2024 8:43:00 AM,22583.69,5215.22,41479.42
50127,5/12/2024 8:44:00 AM,22584.51,5214.75,41479.40
50127,5/12/2024 8:45:00 AM,22585.17,5214.26,41479.31
50127,5/12/2024 8:46:00 AM,22585.20,5213.47,41479.05
50127,5/12/2024 8:47:00 AM,22584.27,5212.20,41478.74
50127,5/12/2024 8:48:00 AM,22584.53,5211.42,41478.73
50127,5/12/2024 8:49:00 AM,22587.11,5210.05,41478.78
50127,5/12/2024 8:50:00 AM,22589.49,5208.04,41478.57
50127,5/12/2024 8:51:00 AM,22590.41,5206.91,41478.40
50127,5/12/2024 8:52:00 AM,22590.58,5206.46,41478.24
50127,5/12/2024 8:53:00 AM,22590.02,5206.08,41477.95
50127,5/12/2024 8:54:00 AM,22588.96,5207.25,41477.98
50127,5/12/2024 8:55:00 AM,22588.78,5208.68,41478.10
50127,5/12/2024 8:56:00 AM,22589.45,5210.35,41478.31
50127,5/12/2024 8:57:00 AM,22591.25,5210.59,41478.35
50127,5/12/2024 8:58:00 AM,22592.91,5209.35,41478.13
50127,5/12/2024 8:59:00 AM,22593.92,5207.81,41477.87
50127,5/12/2024 9:00:00 AM,22593.51,5206.50,41477.55
50127,5/12/2024 9:01:00 AM,22591.80,5206.05,41477.28
50127,5/12/2024 9:02:00 AM,22590.53,5206.25,41477.22
50127,5/12/2024 9:03:00 AM,22588.99,5207.70,41477.28
50127,5/12/2024 9:04:00 AM,22587.67,5208.82,41477.26
50127,5/12/2024 9:05:00 AM,22587.23,5209.66,41477.34
50127,5/12/2024 9:06:00 AM,22588.00,5210.42,41477.46
50127,5/12/2024 9:07:00 AM,22588.15,5210.76,41477.37
50127,5/12/2024 9:08:00 AM,22588.34,5210.76,41477.30
50127,5/12/2024 9:09:00 AM,22588.54,5211.01,41477.30
50127,5/12/2024 9:10:00 AM,22589.53,5211.70,41477.45
50127,5/12/2024 9:11:00 AM,22589.78,5211.99,41477.38
50127,5/12/2024 9:12:00 AM,22589.91,5212.02,41477.28
50127,5/12/2024 9:13:00 AM,22588.96,5211.41,41477.01
50127,5/12/2024 9:14:00 AM,22589.25,5211.53,41477.14
50127,5/12/2024 9:15:00 AM,22590.19,5212.49,41477.41
50127,5/12/2024 9:16:00 AM,22593.79,5213.59,41477.98
50127,5/12/2024 9:17:00 AM,22605.05,5213.97,41479.04
50127,5/12/2024 9:18:00 AM,22614.01,5212.27,41479.08
50127,5/12/2024 9:19:00 AM,22618.22,5212.63,41478.94
50127,5/12/2024 9:20:00 AM,22619.57,5210.60,41478.39
50127,5/12/2024 9:21:00 AM,22621.67,5206.53,41477.96
50127,5/12/2024 9:22:00 AM,22621.67,5206.40,41478.04
50127,5/12/2024 9:23:00 AM,22617.88,5209.96,41478.11
50127,5/12/2024 9:24:00 AM,22613.17,5212.40,41477.95
50127,5/12/2024 9:25:00 AM,22610.92,5214.05,41478.12
50127,5/12/2024 9:26:00 AM,22610.39,5213.70,41478.10
50127,5/12/2024 9:27:00 AM,22610.01,5213.13,41478.12
50127,5/12/2024 9:28:00 AM,22609.13,5213.49,41478.20
50127,5/12/2024 9:29:00 AM,22605.77,5214.77,41478.05
50127,5/12/2024 9:30:00 AM,22603.61,5215.63,41478.10
50127,5/12/2024 9:31:00 AM,22602.76,5214.86,41478.00
50127,5/12/2024 9:32:00 AM,22602.38,5213.48,41477.86
50127,5/12/2024 9:33:00 AM,22600.62,5213.87,41477.82
50127,5/12/2024 9:34:00 AM,22600.17,5214.74,41478.01
50127,5/12/2024 9:35:00 AM,22601.65,5214.65,41478.10
50127,5/12/2024 9:36:00 AM,22602.06,5213.49,41477.84
50127,5/12/2024 9:37:00 AM,22601.79,5211.61,41477.48
50127,5/12/2024 9:38:00 AM,22601.09,5211.71,41477.53
50127,5/12/2024 9:39:00 AM,22600.77,5211.85,41477.50
50127,5/12/2024 9:40:00 AM,22600.81,5211.96,41477.50
50127,5/12/2024 9:41:00 AM,22600.59,5211.66,41477.38
50127,5/12/2024 9:42:00 AM,22600.55,5212.43,41477.50
50127,5/12/2024 9:43:00 AM,22600.78,5213.25,41477.56
50127,5/12/2024 9:44:00 AM,22601.93,5213.31,41477.58
50127,5/12/2024 9:45:00 AM,22601.67,5213.39,41477.38
50127,5/12/2024 9:46:00 AM,22600.99,5213.05,41477.21
50127,5/12/2024 9:47:00 AM,22600.60,5213.36,41477.25
50127,5/12/2024 9:48:00 AM,22601.30,5213.34,41477.29
50127,5/12/2024 9:49:00 AM,22601.59,5213.28,41477.23
50127,5/12/2024 9:50:00 AM,22601.90,5212.63,41477.10
50127,5/12/2024 9:51:00 AM,22600.79,5211.80,41476.78
50127,5/12/2024 9:52:00 AM,22599.43,5211.53,41476.68
50127,5/12/2024 9:53:00 AM,22597.47,5211.74,41476.58
50127,5/12/2024 9:54:00 AM,22597.05,5211.78,41476.64
50127,5/12/2024 9:55:00 AM,22597.53,5212.14,41476.75
50127,5/12/2024 9:56:00 AM,22599.93,5212.02,41476.96
50127,5/12/2024 9:57:00 AM,22602.22,5212.80,41477.12
50127,5/12/2024 9:58:00 AM,22603.47,5214.41,41477.26
50127,5/12/2024 9:59:00 AM,22606.45,5213.99,41477.29
50127,5/12/2024 10:00:00 AM,22607.84,5213.37,41477.11
50127,5/12/2024 10:01:00 AM,22607.93,5213.46,41477.06
50127,5/12/2024 10:02:00 AM,22608.01,5214.18,41477.14
50127,5/12/2024 10:03:00 AM,22607.34,5215.26,41477.18
50127,5/12/2024 10:04:00 AM,22607.28,5215.22,41477.15
50127,5/12/2024 10:05:00 AM,22606.80,5215.21,41477.13
50127,5/12/2024 10:06:00 AM,22606.36,5215.88,41477.26
50127,5/12/2024 10:07:00 AM,22605.93,5216.84,41477.37
50127,5/12/2024 10:08:00 AM,22605.80,5217.56,41477.47
50127,5/12/2024 10:09:00 AM,22606.26,5218.19,41477.59
50127,5/12/2024 10:10:00 AM,22605.99,5218.91,41477.59
50127,5/12/2024 10:11:00 AM,22605.91,5219.28,41477.60
50127,5/12/2024 10:12:00 AM,22605.74,5219.58,41477.62
50127,5/12/2024 10:13:00 AM,22604.80,5220.17,41477.62
50127,5/12/2024 10:14:00 AM,22603.95,5221.05,41477.72
50127,5/12/2024 10:15:00 AM,22604.00,5221.49,41477.80
50127,5/12/2024 10:16:00 AM,22603.77,5221.95,41477.84
50127,5/12/2024 10:17:00 AM,22603.13,5222.61,41477.88
50127,5/12/2024 10:18:00 AM,22602.39,5223.52,41477.92
50127,5/12/2024 10:19:00 AM,22599.67,5224.07,41477.70
50127,5/12/2024 10:20:00 AM,22598.74,5224.00,41477.75
50127,5/12/2024 10:21:00 AM,22598.84,5223.64,41477.82
50127,5/12/2024 10:22:00 AM,22598.38,5224.30,41477.91
50127,5/12/2024 10:23:00 AM,22595.91,5224.84,41477.68
50127,5/12/2024 10:24:00 AM,22594.40,5225.19,41477.68
50127,5/12/2024 10:25:00 AM,22593.94,5224.35,41477.57
50127,5/12/2024 10:26:00 AM,22592.78,5225.06,41477.65
50127,5/12/2024 10:27:00 AM,22592.46,5226.37,41477.85
50127,5/12/2024 10:28:00 AM,22591.91,5227.46,41477.93
50127,5/12/2024 10:29:00 AM,22590.82,5228.61,41477.93
50127,5/12/2024 10:30:00 AM,22590.56,5228.61,41477.92
50127,5/12/2024 10:31:00 AM,22594.75,5228.19,41478.46
50127,5/12/2024 10:32:00 AM,22597.67,5228.60,41478.61
50127,5/12/2024 10:33:00 AM,22597.74,5228.94,41478.42
50127,5/12/2024 10:34:00 AM,22596.80,5229.26,41478.32
50127,5/12/2024 10:35:00 AM,22596.30,5229.72,41478.42
50127,5/12/2024 10:36:00 AM,22596.75,5229.09,41478.44
50127,5/12/2024 10:37:00 AM,22596.30,5228.97,41478.42
50127,5/12/2024 10:38:00 AM,22594.16,5230.13,41478.42
50127,5/12/2024 10:39:00 AM,22592.13,5230.76,41478.37
50127,5/12/2024 10:40:00 AM,22590.58,5230.39,41478.25
50127,5/12/2024 10:41:00 AM,22589.95,5230.28,41478.34
50127,5/12/2024 10:42:00 AM,22589.13,5230.75,41478.42
50127,5/12/2024 10:43:00 AM,22587.34,5231.77,41478.41
50127,5/12/2024 10:44:00 AM,22584.65,5232.01,41478.17
50127,5/12/2024 10:45:00 AM,22582.92,5231.11,41477.96
50127,5/12/2024 10:46:00 AM,22581.42,5230.10,41477.82
50127,5/12/2024 10:47:00 AM,22581.20,5229.35,41477.84
50127,5/12/2024 10:48:00 AM,22579.46,5229.71,41477.77
50127,5/12/2024 10:49:00 AM,22577.14,5230.23,41477.63
50127,5/12/2024 10:50:00 AM,22575.74,5230.31,41477.57
50127,5/12/2024 10:51:00 AM,22575.43,5229.72,41477.49
50127,5/12/2024 10:52:00 AM,22575.21,5229.43,41477.46
50127,5/12/2024 10:53:00 AM,22574.41,5229.60,41477.39
50127,5/12/2024 10:54:00 AM,22573.69,5229.85,41477.32
50127,5/12/2024 10:55:00 AM,22573.12,5229.37,41477.14
50127,5/12/2024 10:56:00 AM,22572.83,5228.44,41476.99
50127,5/12/2024 10:57:00 AM,22572.73,5226.98,41476.78
50127,5/12/2024 10:58:00 AM,22572.71,5226.87,41476.84
50127,5/12/2024 10:59:00 AM,22573.08,5226.04,41476.72
50127,5/12/2024 11:00:00 AM,22574.31,5225.47,41476.76
50127,5/12/2024 11:01:00 AM,22576.08,5226.35,41477.01
50127,5/12/2024 11:02:00 AM,22577.74,5227.53,41477.14
50127,5/12/2024 11:03:00 AM,22578.84,5227.97,41477.07
50127,5/12/2024 11:04:00 AM,22579.46,5227.78,41476.96
50127,5/12/2024 11:05:00 AM,22579.88,5227.96,41476.97
50127,5/12/2024 11:06:00 AM,22580.20,5227.88,41476.96
50127,5/12/2024 11:07:00 AM,22580.27,5227.61,41476.94
50127,5/12/2024 11:08:00 AM,22580.08,5227.43,41476.92
50127,5/12/2024 11:09:00 AM,22579.81,5227.43,41476.97
50127,5/12/2024 11:10:00 AM,22579.61,5227.60,41477.03
50127,5/12/2024 11:11:00 AM,22579.47,5227.51,41477.05
50127,5/12/2024 11:12:00 AM,22579.49,5227.38,41477.08
50127,5/12/2024 11:13:00 AM,22579.59,5227.21,41477.10
50127,5/12/2024 11:14:00 AM,22579.49,5227.15,41477.11
50127,5/12/2024 11:15:00 AM,22579.35,5226.98,41477.12
50127,5/12/2024 11:16:00 AM,22579.35,5227.03,41477.18
50127,5/12/2024 11:17:00 AM,22579.01,5226.91,41477.14
50127,5/12/2024 11:18:00 AM,22578.94,5227.23,41477.25
50127,5/12/2024 11:19:00 AM,22578.88,5227.86,41477.34
50127,5/12/2024 11:20:00 AM,22579.01,5228.08,41477.35
50127,5/12/2024 11:21:00 AM,22578.56,5227.85,41477.25
50127,5/12/2024 11:22:00 AM,22579.65,5227.52,41477.40
50127,5/12/2024 11:23:00 AM,22580.75,5228.11,41477.56
50127,5/12/2024 11:24:00 AM,22580.98,5227.52,41477.42
50127,5/12/2024 11:25:00 AM,22582.34,5227.50,41477.62
50127,5/12/2024 11:26:00 AM,22583.45,5228.76,41477.88
50127,5/12/2024 11:27:00 AM,22583.33,5229.79,41477.87
50127,5/12/2024 11:28:00 AM,22583.58,5230.65,41477.97
50127,5/12/2024 11:29:00 AM,22583.93,5231.31,41478.04
50127,5/12/2024 11:30:00 AM,22584.44,5231.58,41478.12
50127,5/12/2024 11:31:00 AM,22585.66,5231.78,41478.28
50127,5/12/2024 11:32:00 AM,22586.75,5231.52,41478.32
50127,5/12/2024 11:33:00 AM,22587.47,5231.01,41478.32
50127,5/12/2024 11:34:00 AM,22587.70,5230.99,41478.35
50127,5/12/2024 11:35:00 AM,22586.89,5231.81,41478.40
50127,5/12/2024 11:36:00 AM,22585.82,5232.01,41478.30
50127,5/12/2024 11:37:00 AM,22584.62,5231.08,41478.08
50127,5/12/2024 11:38:00 AM,22583.45,5230.12,41478.01
50127,5/12/2024 11:39:00 AM,22582.57,5230.25,41478.12
50127,5/12/2024 11:40:00 AM,22581.98,5230.76,41478.21
50127,5/12/2024 11:41:00 AM,22581.56,5231.09,41478.26
50127,5/12/2024 11:42:00 AM,22581.33,5231.02,41478.22
50127,5/12/2024 11:43:00 AM,22581.65,5231.15,41478.30
50127,5/12/2024 11:44:00 AM,22581.65,5231.02,41478.25
50127,5/12/2024 11:45:00 AM,22581.48,5230.78,41478.21
50127,5/12/2024 11:46:00 AM,22581.20,5230.59,41478.17
50127,5/12/2024 11:47:00 AM,22581.16,5230.52,41478.19
50127,5/12/2024 11:48:00 AM,22581.14,5230.24,41478.15
50127,5/12/2024 11:49:00 AM,22580.96,5230.27,41478.16
50127,5/12/2024 11:50:00 AM,22580.83,5230.19,41478.11
50127,5/12/2024 11:51:00 AM,22580.56,5230.33,41478.13
50127,5/12/2024 11:52:00 AM,22580.90,5230.42,41478.18
50127,5/12/2024 11:53:00 AM,22581.35,5230.36,41478.19
50127,5/12/2024 11:54:00 AM,22581.67,5230.54,41478.22
50127,5/12/2024 11:55:00 AM,22581.81,5230.49,41478.16
50127,5/12/2024 11:56:00 AM,22582.03,5230.45,41478.18
50127,5/12/2024 11:57:00 AM,22582.64,5230.96,41478.32
50127,5/12/2024 11:58:00 AM,22583.10,5231.25,41478.34
50127,5/12/2024 11:59:00 AM,22583.74,5231.53,41478.42
50127,5/12/2024 12:00:00 PM,22583.84,5231.28,41478.32
50127,5/12/2024 12:01:00 PM,22583.68,5230.87,41478.26
50127,5/12/2024 12:02:00 PM,22583.41,5230.82,41478.30
50127,5/12/2024 12:03:00 PM,22583.70,5230.91,41478.40
50127,5/12/2024 12:04:00 PM,22583.86,5231.37,41478.53
50127,5/12/2024 12:05:00 PM,22584.69,5231.94,41478.66
50127,5/12/2024 12:06:00 PM,22584.75,5232.41,41478.70
50127,5/12/2024 12:07:00 PM,22585.34,5232.69,41478.78
50127,5/12/2024 12:08:00 PM,22585.48,5232.53,41478.75
50127,5/12/2024 12:09:00 PM,22585.69,5232.64,41478.87
50127,5/12/2024 12:10:00 PM,22586.10,5232.45,41478.93
50127,5/12/2024 12:11:00 PM,22586.04,5232.15,41478.94
50127,5/12/2024 12:12:00 PM,22585.68,5231.61,41478.89
50127,5/12/2024 12:13:00 PM,22585.21,5231.57,41478.95
50127,5/12/2024 12:14:00 PM,22585.05,5231.59,41479.02
50127,5/12/2024 12:15:00 PM,22584.72,5231.75,41479.07
50127,5/12/2024 12:16:00 PM,22584.59,5231.78,41479.13
50127,5/12/2024 12:17:00 PM,22584.53,5231.76,41479.18
50127,5/12/2024 12:18:00 PM,22584.78,5231.85,41479.28
50127,5/12/2024 12:19:00 PM,22584.54,5232.19,41479.31
50127,5/12/2024 12:20:00 PM,22584.35,5232.36,41479.31
50127,5/12/2024 12:21:00 PM,22584.07,5232.36,41479.32
50127,5/12/2024 12:22:00 PM,22584.60,5232.95,41479.54
50127,5/12/2024 12:23:00 PM,22585.28,5233.10,41479.59
50127,5/12/2024 12:24:00 PM,22585.83,5233.66,41479.75
50127,5/12/2024 12:25:00 PM,22586.49,5233.69,41479.76
50127,5/12/2024 12:26:00 PM,22587.32,5233.69,41479.84
50127,5/12/2024 12:27:00 PM,22588.39,5233.65,41479.89
50127,5/12/2024 12:28:00 PM,22589.13,5233.60,41479.93
50127,5/12/2024 12:29:00 PM,22589.89,5233.72,41480.02
50127,5/12/2024 12:30:00 PM,22590.29,5233.42,41480.03
50127,5/12/2024 12:31:00 PM,22590.12,5233.03,41480.04
50127,5/12/2024 12:32:00 PM,22589.44,5232.62,41480.06
50127,5/12/2024 12:33:00 PM,22589.39,5233.23,41480.31
50127,5/12/2024 12:34:00 PM,22589.18,5233.93,41480.49
50127,5/12/2024 12:35:00 PM,22589.28,5234.40,41480.60
50127,5/12/2024 12:36:00 PM,22589.19,5234.77,41480.70
50127,5/12/2024 12:37:00 PM,22589.12,5235.16,41480.80
50127,5/12/2024 12:38:00 PM,22589.52,5235.48,41480.93
50127,5/12/2024 12:39:00 PM,22589.71,5235.40,41480.90
50127,5/12/2024 12:40:00 PM,22589.64,5235.47,41480.93
50127,5/12/2024 12:41:00 PM,22589.81,5235.66,41480.99
50127,5/12/2024 12:42:00 PM,22589.34,5235.78,41480.98
50127,5/12/2024 12:43:00 PM,22589.09,5236.32,41481.08
50127,5/12/2024 12:44:00 PM,22589.14,5237.13,41481.17
50127,5/12/2024 12:45:00 PM,22589.21,5237.22,41481.08
50127,5/12/2024 12:46:00 PM,22589.62,5237.47,41481.11
50127,5/12/2024 12:47:00 PM,22589.67,5237.48,41481.03
50127,5/12/2024 12:48:00 PM,22589.99,5237.90,41481.06
50127,5/12/2024 12:49:00 PM,22590.55,5237.77,41480.98
50127,5/12/2024 12:50:00 PM,22590.82,5237.70,41480.93
50127,5/12/2024 12:51:00 PM,22590.85,5237.74,41480.92
50127,5/12/2024 12:52:00 PM,22591.10,5237.89,41480.95
50127,5/12/2024 12:53:00 PM,22591.28,5238.06,41480.97
50127,5/12/2024 12:54:00 PM,22591.33,5238.12,41480.96
50127,5/12/2024 12:55:00 PM,22591.64,5237.90,41480.94
50127,5/12/2024 12:56:00 PM,22591.84,5237.48,41480.88
50127,5/12/2024 12:57:00 PM,22591.72,5237.35,41480.85
50127,5/12/2024 12:58:00 PM,22591.54,5237.24,41480.84
50127,5/12/2024 12:59:00 PM,22591.73,5237.21,41480.88
50127,5/12/2024 1:00:00 PM,22592.17,5237.32,41480.90
50127,5/12/2024 1:01:00 PM,22592.42,5237.00,41480.84
50127,5/12/2024 1:02:00 PM,22592.69,5236.82,41480.86
50127,5/12/2024 1:03:00 PM,22592.72,5236.77,41480.85
50127,5/12/2024 1:04:00 PM,22593.29,5237.07,41480.93
50127,5/12/2024 1:05:00 PM,22593.41,5237.08,41480.92
50127,5/12/2024 1:06:00 PM,22593.71,5237.01,41480.95
50127,5/12/2024 1:07:00 PM,22594.07,5237.13,41481.00
50127,5/12/2024 1:08:00 PM,22593.78,5237.05,41480.98
50127,5/12/2024 1:09:00 PM,22593.39,5237.61,41481.09
50127,5/12/2024 1:10:00 PM,22593.29,5238.22,41481.23
50127,5/12/2024 1:11:00 PM,22593.20,5238.48,41481.28
50127,5/12/2024 1:12:00 PM,22592.89,5239.21,41481.44
50127,5/12/2024 1:13:00 PM,22593.06,5240.00,41481.60
50127,5/12/2024 1:14:00 PM,22594.05,5240.04,41481.65
50127,5/12/2024 1:15:00 PM,22594.21,5240.00,41481.62
50127,5/12/2024 1:16:00 PM,22594.38,5240.11,41481.68
50127,5/12/2024 1:17:00 PM,22594.45,5240.28,41481.72
50127,5/12/2024 1:18:00 PM,22594.22,5240.51,41481.74
50127,5/12/2024 1:19:00 PM,22593.96,5241.09,41481.86
50127,5/12/2024 1:20:00 PM,22593.88,5241.38,41481.94
50127,5/12/2024 1:21:00 PM,22593.71,5241.10,41481.92
50127,5/12/2024 1:22:00 PM,22593.56,5241.47,41482.02
50127,5/12/2024 1:23:00 PM,22593.13,5242.08,41482.14
50127,5/12/2024 1:24:00 PM,22593.06,5242.71,41482.28
50127,5/12/2024 1:25:00 PM,22593.49,5243.68,41482.52
50127,5/12/2024 1:26:00 PM,22594.13,5243.66,41482.53
50127,5/12/2024 1:27:00 PM,22594.78,5243.56,41482.58
50127,5/12/2024 1:28:00 PM,22595.62,5243.86,41482.70
50127,5/12/2024 1:29:00 PM,22596.29,5243.94,41482.77
50127,5/12/2024 1:30:00 PM,22596.47,5243.68,41482.75
50127,5/12/2024 1:31:00 PM,22595.55,5243.69,41482.72
50127,5/12/2024 1:32:00 PM,22593.57,5244.25,41482.74
50127,5/12/2024 1:33:00 PM,22591.93,5245.42,41482.98
50127,5/12/2024 1:34:00 PM,22590.72,5246.56,41483.14
50127,5/12/2024 1:35:00 PM,22590.17,5246.84,41483.21
50127,5/12/2024 1:36:00 PM,22591.01,5245.84,41483.21
50127,5/12/2024 1:37:00 PM,22591.15,5245.15,41483.12
50127,5/12/2024 1:38:00 PM,22591.11,5245.15,41483.20
50127,5/12/2024 1:39:00 PM,22590.59,5245.85,41483.25
50127,5/12/2024 1:40:00 PM,22591.28,5245.61,41483.24
50127,5/12/2024 1:41:00 PM,22590.68,5245.79,41483.19
50127,5/12/2024 1:42:00 PM,22591.46,5245.16,41483.16
50127,5/12/2024 1:43:00 PM,22591.42,5244.85,41483.12
50127,5/12/2024 1:44:00 PM,22591.26,5244.81,41483.13
50127,5/12/2024 1:45:00 PM,22591.25,5244.11,41483.05
50127,5/12/2024 1:46:00 PM,22590.86,5244.25,41483.10
50127,5/12/2024 1:47:00 PM,22591.67,5244.01,41483.14
50127,5/12/2024 1:48:00 PM,22591.71,5244.69,41483.22
50127,5/12/2024 1:49:00 PM,22590.54,5245.73,41483.22
50127,5/12/2024 1:50:00 PM,22591.13,5246.32,41483.39
50127,5/12/2024 1:51:00 PM,22591.30,5246.65,41483.39
50127,5/12/2024 1:52:00 PM,22590.96,5247.50,41483.49
50127,5/12/2024 1:53:00 PM,22591.58,5247.56,41483.54
50127,5/12/2024 1:54:00 PM,22591.26,5248.40,41483.61
50127,5/12/2024 1:55:00 PM,22591.13,5248.64,41483.61
50127,5/12/2024 1:56:00 PM,22591.07,5249.03,41483.69
50127,5/12/2024 1:57:00 PM,22590.90,5248.85,41483.68
50127,5/12/2024 1:58:00 PM,22590.42,5249.27,41483.77
50127,5/12/2024 1:59:00 PM,22589.62,5250.03,41483.86
50127,5/12/2024 2:00:00 PM,22589.40,5250.60,41483.98
50127,5/12/2024 2:01:00 PM,22590.07,5250.55,41484.07
50127,5/12/2024 2:02:00 PM,22589.87,5249.81,41483.95
50127,5/12/2024 2:03:00 PM,22589.08,5250.26,41484.06
50127,5/12/2024 2:04:00 PM,22589.02,5250.02,41484.08
50127,5/12/2024 2:05:00 PM,22588.98,5250.15,41484.18
50127,5/12/2024 2:06:00 PM,22589.10,5250.23,41484.21
50127,5/12/2024 2:07:00 PM,22588.53,5250.74,41484.25
50127,5/12/2024 2:08:00 PM,22589.16,5250.10,41484.25
50127,5/12/2024 2:09:00 PM,22589.61,5249.21,41484.18
50127,5/12/2024 2:10:00 PM,22588.57,5249.83,41484.22
50127,5/12/2024 2:11:00 PM,22588.80,5249.77,41484.26
50127,5/12/2024 2:12:00 PM,22588.49,5249.98,41484.25
50127,5/12/2024 2:13:00 PM,22588.05,5249.77,41484.20
50127,5/12/2024 2:14:00 PM,22588.91,5250.27,41484.39
50127,5/12/2024 2:15:00 PM,22589.04,5250.28,41484.30
50127,5/12/2024 2:16:00 PM,22588.28,5250.64,41484.27
50127,5/12/2024 2:17:00 PM,22588.60,5250.34,41484.22
50127,5/12/2024 2:18:00 PM,22588.58,5250.40,41484.21
50127,5/12/2024 2:19:00 PM,22588.94,5249.80,41484.11
50127,5/12/2024 2:20:00 PM,22587.44,5251.15,41484.16
50127,5/12/2024 2:21:00 PM,22588.24,5251.48,41484.25
50127,5/12/2024 2:22:00 PM,22588.95,5250.64,41484.06
50127,5/12/2024 2:23:00 PM,22588.33,5252.07,41484.22
50127,5/12/2024 2:24:00 PM,22587.54,5253.20,41484.24
50127,5/12/2024 2:25:00 PM,22587.44,5253.68,41484.24
50127,5/12/2024 2:26:00 PM,22587.42,5253.60,41484.22
50127,5/12/2024 2:27:00 PM,22587.23,5253.39,41484.16
50127,5/12/2024 2:28:00 PM,22587.26,5252.81,41484.12
50127,5/12/2024 2:29:00 PM,22587.43,5253.53,41484.32
50127,5/12/2024 2:30:00 PM,22587.31,5253.95,41484.32
50127,5/12/2024 2:31:00 PM,22586.62,5254.66,41484.36
50127,5/12/2024 2:32:00 PM,22587.38,5254.28,41484.41
50127,5/12/2024 2:33:00 PM,22586.38,5255.04,41484.42
50127,5/12/2024 2:34:00 PM,22586.94,5254.32,41484.39
50127,5/12/2024 2:35:00 PM,22586.79,5254.35,41484.43
50127,5/12/2024 2:36:00 PM,22587.40,5253.70,41484.42
50127,5/12/2024 2:37:00 PM,22587.72,5253.49,41484.48
50127,5/12/2024 2:38:00 PM,22587.39,5254.79,41484.64
50127,5/12/2024 2:39:00 PM,22587.97,5255.14,41484.75
50127,5/12/2024 2:40:00 PM,22588.55,5254.59,41484.67
50127,5/12/2024 2:41:00 PM,22589.26,5254.29,41484.74
50127,5/12/2024 2:42:00 PM,22588.77,5254.10,41484.68
50127,5/12/2024 2:43:00 PM,22589.14,5254.39,41484.84
50127,5/12/2024 2:44:00 PM,22589.46,5254.68,41484.92
50127,5/12/2024 2:45:00 PM,22588.89,5254.70,41484.84
50127,5/12/2024 2:46:00 PM,22587.25,5257.34,41485.20
50127,5/12/2024 2:47:00 PM,22585.75,5259.26,41485.34
50127,5/12/2024 2:48:00 PM,22587.25,5259.13,41485.46
50127,5/12/2024 2:49:00 PM,22586.73,5259.69,41485.46
50127,5/12/2024 2:50:00 PM,22587.91,5258.45,41485.48
50127,5/12/2024 2:51:00 PM,22589.53,5257.48,41485.58
50127,5/12/2024 2:52:00 PM,22590.31,5256.97,41485.60
50127,5/12/2024 2:53:00 PM,22589.95,5257.38,41485.68
50127,5/12/2024 2:54:00 PM,22588.93,5258.05,41485.76
50127,5/12/2024 2:55:00 PM,22588.51,5258.63,41485.89
50127,5/12/2024 2:56:00 PM,22587.23,5260.74,41486.16
50127,5/12/2024 2:57:00 PM,22586.59,5260.95,41486.09
50127,5/12/2024 2:58:00 PM,22586.62,5260.40,41486.10
50127,5/12/2024 2:59:00 PM,22586.86,5259.93,41486.15
50127,5/12/2024 3:00:00 PM,22586.47,5259.43,41486.10
50127,5/12/2024 3:01:00 PM,22586.49,5258.69,41486.14
50127,5/12/2024 3:02:00 PM,22586.98,5258.07,41486.18
50127,5/12/2024 3:03:00 PM,22585.99,5258.94,41486.29
50127,5/12/2024 3:04:00 PM,22584.85,5260.11,41486.39
50127,5/12/2024 3:05:00 PM,22584.60,5260.88,41486.46
50127,5/12/2024 3:06:00 PM,22584.20,5261.48,41486.46
50127,5/12/2024 3:07:00 PM,22583.90,5260.87,41486.29
50127,5/12/2024 3:08:00 PM,22583.62,5260.50,41486.38
50127,5/12/2024 3:09:00 PM,22582.98,5261.64,41486.50
50127,5/12/2024 3:10:00 PM,22583.90,5261.22,41486.54
50127,5/12/2024 3:11:00 PM,22584.68,5259.79,41486.37
50127,5/12/2024 3:12:00 PM,22585.06,5258.74,41486.29
50127,5/12/2024 3:13:00 PM,22586.01,5257.01,41486.17
50127,5/12/2024 3:14:00 PM,22584.52,5257.77,41486.22
50127,5/12/2024 3:15:00 PM,22583.03,5260.42,41486.48
50127,5/12/2024 3:16:00 PM,22583.20,5261.90,41486.60
50127,5/12/2024 3:17:00 PM,22584.64,5261.25,41486.49
50127,5/12/2024 3:18:00 PM,22584.48,5260.76,41486.36
50127,5/12/2024 3:19:00 PM,22584.69,5260.18,41486.30
50127,5/12/2024 3:20:00 PM,22584.75,5259.26,41486.21
50127,5/12/2024 3:21:00 PM,22583.20,5260.75,41486.29
50127,5/12/2024 3:22:00 PM,22580.90,5262.32,41486.29
50127,5/12/2024 3:23:00 PM,22580.26,5265.29,41486.63
50127,5/12/2024 3:24:00 PM,22579.50,5266.18,41486.51
50127,5/12/2024 3:25:00 PM,22579.96,5264.93,41486.36
50127,5/12/2024 3:26:00 PM,22580.13,5263.06,41486.11
50127,5/12/2024 3:27:00 PM,22580.27,5261.60,41486.06
50127,5/12/2024 3:28:00 PM,22579.36,5262.62,41486.18
50127,5/12/2024 3:29:00 PM,22579.08,5263.71,41486.28
50127,5/12/2024 3:30:00 PM,22583.29,5261.85,41486.30
50127,5/12/2024 3:31:00 PM,22581.91,5261.25,41485.87
50127,5/12/2024 3:32:00 PM,22580.85,5263.20,41486.11
50127,5/12/2024 3:33:00 PM,22580.46,5264.21,41486.04
50127,5/12/2024 3:34:00 PM,22579.21,5264.06,41485.82
50127,5/12/2024 3:35:00 PM,22578.74,5263.67,41485.73
50127,5/12/2024 3:36:00 PM,22579.11,5262.97,41485.72
50127,5/12/2024 3:37:00 PM,22577.33,5264.31,41485.72
50127,5/12/2024 3:38:00 PM,22576.14,5264.78,41485.62
50127,5/12/2024 3:39:00 PM,22574.95,5264.93,41485.53
50127,5/12/2024 3:40:00 PM,22574.56,5265.46,41485.60
50127,5/12/2024 3:41:00 PM,22575.49,5264.07,41485.43
50127,5/12/2024 3:42:00 PM,22576.13,5262.93,41485.33
50127,5/12/2024 3:43:00 PM,22577.65,5261.22,41485.23
50127,5/12/2024 3:44:00 PM,22577.60,5261.51,41485.25
50127,5/12/2024 3:45:00 PM,22577.88,5262.11,41485.25
50127,5/12/2024 3:46:00 PM,22580.01,5260.74,41485.12
50127,5/12/2024 3:47:00 PM,22581.09,5259.95,41484.96
50127,5/12/2024 3:48:00 PM,22580.67,5260.22,41484.86
50127,5/12/2024 3:49:00 PM,22580.86,5260.55,41484.80
50127,5/12/2024 3:50:00 PM,22579.89,5261.99,41484.76
50127,5/12/2024 3:51:00 PM,22579.85,5261.98,41484.63
50127,5/12/2024 3:52:00 PM,22580.15,5262.09,41484.60
50127,5/12/2024 3:53:00 PM,22579.61,5262.00,41484.44
50127,5/12/2024 3:54:00 PM,22579.81,5261.50,41484.32
50127,5/12/2024 3:55:00 PM,22580.54,5260.52,41484.22
50127,5/12/2024 3:56:00 PM,22581.14,5260.21,41484.14
50127,5/12/2024 3:57:00 PM,22581.44,5259.71,41484.02
50127,5/12/2024 3:58:00 PM,22580.59,5259.55,41483.80
50127,5/12/2024 3:59:00 PM,22580.35,5259.48,41483.75
50127,5/12/2024 4:00:00 PM,22580.74,5259.60,41483.69
50127,5/12/2024 4:01:00 PM,22580.41,5259.40,41483.50
50127,5/12/2024 4:02:00 PM,22579.84,5259.57,41483.40
50127,5/12/2024 4:03:00 PM,22580.55,5258.61,41483.24
50127,5/12/2024 4:04:00 PM,22581.62,5257.22,41483.11
50127,5/12/2024 4:05:00 PM,22580.09,5257.99,41482.94
50127,5/12/2024 4:06:00 PM,22577.04,5260.63,41482.88
50127,5/12/2024 4:07:00 PM,22576.87,5261.85,41482.92
50127,5/12/2024 4:08:00 PM,22579.98,5260.06,41482.76
50127,5/12/2024 4:09:00 PM,22579.90,5258.06,41482.40
50127,5/12/2024 4:10:00 PM,22579.33,5257.29,41482.37
50127,5/12/2024 4:11:00 PM,22576.88,5258.17,41482.26
50127,5/12/2024 4:12:00 PM,22573.13,5262.32,41482.34
50127,5/12/2024 4:13:00 PM,22570.62,5267.03,41482.46
50127,5/12/2024 4:14:00 PM,22570.28,5269.16,41482.19
50127,5/12/2024 4:15:00 PM,22573.27,5266.85,41481.88
50127,5/12/2024 4:16:00 PM,22574.35,5264.70,41481.57
50127,5/12/2024 4:17:00 PM,22573.51,5263.94,41481.46
50127,5/12/2024 4:18:00 PM,22573.17,5265.12,41481.60
50127,5/12/2024 4:19:00 PM,22573.97,5264.84,41481.46
50127,5/12/2024 4:20:00 PM,22574.22,5263.67,41481.23
50127,5/12/2024 4:21:00 PM,22573.14,5262.28,41480.95
50127,5/12/2024 4:22:00 PM,22571.21,5263.61,41481.09
50127,5/12/2024 4:23:00 PM,22570.31,5265.98,41481.27
50127,5/12/2024 4:24:00 PM,22571.81,5266.72,41481.27
50127,5/12/2024 4:25:00 PM,22572.65,5265.24,41480.86
50127,5/12/2024 4:26:00 PM,22571.35,5264.92,41480.67
50127,5/12/2024 4:27:00 PM,22570.84,5265.71,41480.76
50127,5/12/2024 4:28:00 PM,22571.35,5266.00,41480.73
50127,5/12/2024 4:29:00 PM,22572.28,5265.33,41480.57
50127,5/12/2024 4:30:00 PM,22573.02,5264.37,41480.44
50127,5/12/2024 4:31:00 PM,22573.01,5264.14,41480.38
50127,5/12/2024 4:32:00 PM,22571.75,5264.60,41480.30
50127,5/12/2024 4:33:00 PM,22571.65,5264.65,41480.29
50127,5/12/2024 4:34:00 PM,22571.79,5264.70,41480.24
50127,5/12/2024 4:35:00 PM,22571.55,5264.99,41480.11
50127,5/12/2024 4:36:00 PM,22572.22,5264.46,41480.00
50127,5/12/2024 4:37:00 PM,22571.50,5264.92,41479.89
50127,5/12/2024 4:38:00 PM,22572.25,5264.41,41479.85
50127,5/12/2024 4:39:00 PM,22571.91,5264.02,41479.64
50127,5/12/2024 4:40:00 PM,22571.52,5263.93,41479.58
50127,5/12/2024 4:41:00 PM,22572.03,5263.77,41479.52
50127,5/12/2024 4:42:00 PM,22572.10,5264.03,41479.42
50127,5/12/2024 4:43:00 PM,22571.73,5264.45,41479.26
50127,5/12/2024 4:44:00 PM,22571.15,5264.46,41479.03
50127,5/12/2024 4:45:00 PM,22570.89,5263.90,41478.86
50127,5/12/2024 4:46:00 PM,22569.88,5264.12,41478.73
50127,5/12/2024 4:47:00 PM,22568.69,5264.58,41478.59
50127,5/12/2024 4:48:00 PM,22568.66,5264.59,41478.56
50127,5/12/2024 4:49:00 PM,22569.45,5264.23,41478.45
50127,5/12/2024 4:50:00 PM,22569.20,5264.74,41478.35
50127,5/12/2024 4:51:00 PM,22568.58,5265.01,41478.11
50127,5/12/2024 4:52:00 PM,22568.29,5264.72,41477.90
50127,5/12/2024 4:53:00 PM,22569.44,5263.71,41477.81
50127,5/12/2024 4:54:00 PM,22569.80,5262.67,41477.57
50127,5/12/2024 4:55:00 PM,22570.04,5262.41,41477.52
50127,5/12/2024 4:56:00 PM,22569.22,5262.95,41477.43
50127,5/12/2024 4:57:00 PM,22569.08,5263.21,41477.38
50127,5/12/2024 4:58:00 PM,22569.61,5262.76,41477.24
50127,5/12/2024 4:59:00 PM,22569.94,5261.96,41477.06
50127,5/12/2024 5:00:00 PM,22569.68,5261.65,41476.92
50127,5/12/2024 5:01:00 PM,22569.22,5261.85,41476.82
50127,5/12/2024 5:02:00 PM,22569.08,5261.68,41476.68
50127,5/12/2024 5:03:00 PM,22568.76,5261.72,41476.51
50127,5/12/2024 5:04:00 PM,22568.29,5261.90,41476.38
50127,5/12/2024 5:05:00 PM,22568.10,5262.11,41476.25
50127,5/12/2024 5:06:00 PM,22568.56,5262.22,41476.20
50127,5/12/2024 5:07:00 PM,22567.74,5262.84,41476.04
50127,5/12/2024 5:08:00 PM,22567.93,5262.70,41475.94
50127,5/12/2024 5:09:00 PM,22568.29,5262.88,41475.90
50127,5/12/2024 5:10:00 PM,22567.66,5263.26,41475.74
50127,5/12/2024 5:11:00 PM,22567.28,5263.32,41475.60
50127,5/12/2024 5:12:00 PM,22567.55,5263.20,41475.52
50127,5/12/2024 5:13:00 PM,22568.09,5262.73,41475.44
50127,5/12/2024 5:14:00 PM,22567.72,5262.94,41475.31
50127,5/12/2024 5:15:00 PM,22566.84,5263.26,41475.12
50127,5/12/2024 5:16:00 PM,22567.31,5262.41,41475.02
50127,5/12/2024 5:17:00 PM,22568.36,5262.15,41475.02
50127,5/12/2024 5:18:00 PM,22568.29,5262.80,41474.86
50127,5/12/2024 5:19:00 PM,22567.48,5262.81,41474.52
50127,5/12/2024 5:20:00 PM,22566.66,5262.62,41474.25
50127,5/12/2024 5:21:00 PM,22566.10,5261.52,41473.96
50127,5/12/2024 5:22:00 PM,22566.11,5261.21,41473.90
50127,5/12/2024 5:23:00 PM,22566.98,5261.34,41473.90
50127,5/12/2024 5:24:00 PM,22567.08,5261.39,41473.66
50127,5/12/2024 5:25:00 PM,22569.17,5259.52,41473.51
50127,5/12/2024 5:26:00 PM,22569.09,5259.31,41473.32
50127,5/12/2024 5:27:00 PM,22566.30,5260.60,41473.00
50127,5/12/2024 5:28:00 PM,22564.26,5261.48,41472.80
50127,5/12/2024 5:29:00 PM,22563.80,5261.60,41472.63
50127,5/12/2024 5:30:00 PM,22564.27,5260.42,41472.34
50127,5/12/2024 5:31:00 PM,22564.85,5259.57,41472.16
50127,5/12/2024 5:32:00 PM,22567.11,5258.06,41472.08
50127,5/12/2024 5:33:00 PM,22564.84,5258.50,41471.60
50127,5/12/2024 5:34:00 PM,22567.10,5255.77,41471.54
50127,5/12/2024 5:35:00 PM,22563.99,5257.51,41471.19
50127,5/12/2024 5:36:00 PM,22561.32,5259.88,41471.04
50127,5/12/2024 5:37:00 PM,22561.02,5260.17,41470.75
50127,5/12/2024 5:38:00 PM,22562.33,5259.35,41470.48
50127,5/12/2024 5:39:00 PM,22563.27,5259.43,41470.24
50127,5/12/2024 5:40:00 PM,22560.06,5260.49,41469.58
50127,5/12/2024 5:41:00 PM,22559.88,5260.35,41469.40
50127,5/12/2024 5:42:00 PM,22561.49,5259.07,41469.15
50127,5/12/2024 5:43:00 PM,22562.19,5258.10,41468.80
50127,5/12/2024 5:44:00 PM,22562.83,5257.58,41468.54
50127,5/12/2024 5:45:00 PM,22562.48,5257.44,41468.18
50127,5/12/2024 5:46:00 PM,22563.03,5256.65,41467.87
50127,5/12/2024 5:47:00 PM,22563.77,5255.66,41467.58
50127,5/12/2024 5:48:00 PM,22564.68,5254.95,41467.36
50127,5/12/2024 5:49:00 PM,22565.12,5254.29,41467.04
50127,5/12/2024 5:50:00 PM,22565.02,5253.77,41466.65
50127,5/12/2024 5:51:00 PM,22564.81,5253.03,41466.32
50127,5/12/2024 5:52:00 PM,22565.10,5252.35,41466.07
50127,5/12/2024 5:53:00 PM,22565.71,5252.05,41465.88
50127,5/12/2024 5:54:00 PM,22565.19,5252.22,41465.50
50127,5/12/2024 5:55:00 PM,22566.33,5251.42,41465.25
50127,5/12/2024 5:56:00 PM,22567.39,5250.86,41464.98
50127,5/12/2024 5:57:00 PM,22566.84,5251.02,41464.60
50127,5/12/2024 5:58:00 PM,22565.94,5251.12,41464.20
50127,5/12/2024 5:59:00 PM,22565.40,5251.05,41463.87
50127,5/12/2024 6:00:00 PM,22565.93,5250.58,41463.59
50127,5/12/2024 6:01:00 PM,22566.11,5250.35,41463.31
50127,5/12/2024 6:02:00 PM,22566.57,5250.10,41463.02
50127,5/12/2024 6:03:00 PM,22566.25,5250.18,41462.64
50127,5/12/2024 6:04:00 PM,22565.87,5250.23,41462.28
50127,5/12/2024 6:05:00 PM,22565.54,5250.46,41461.95
50127,5/12/2024 6:06:00 PM,22565.74,5250.32,41461.59
50127,5/12/2024 6:07:00 PM,22566.95,5249.21,41461.25
50127,5/12/2024 6:08:00 PM,22567.78,5248.09,41460.86
50127,5/12/2024 6:09:00 PM,22568.06,5247.28,41460.48
50127,5/12/2024 6:10:00 PM,22568.63,5246.67,41460.18
50127,5/12/2024 6:11:00 PM,22569.27,5246.44,41459.90
50127,5/12/2024 6:12:00 PM,22568.04,5247.17,41459.46
50127,5/12/2024 6:13:00 PM,22568.11,5247.15,41459.12
50127,5/12/2024 6:14:00 PM,22568.63,5246.80,41458.75
50127,5/12/2024 6:15:00 PM,22569.44,5246.50,41458.41
50127,5/12/2024 6:16:00 PM,22569.74,5246.60,41458.03
50127,5/12/2024 6:17:00 PM,22570.81,5245.80,41457.62
50127,5/12/2024 6:18:00 PM,22572.78,5244.39,41457.26
50127,5/12/2024 6:19:00 PM,22574.17,5243.23,41456.87
50127,5/12/2024 6:20:00 PM,22574.82,5242.32,41456.46
50127,5/12/2024 6:21:00 PM,22574.94,5241.57,41456.05
50127,5/12/2024 6:22:00 PM,22574.91,5240.80,41455.63
50127,5/12/2024 6:23:00 PM,22575.21,5240.56,41455.36
50127,5/12/2024 6:24:00 PM,22575.31,5240.26,41455.00
50127,5/12/2024 6:25:00 PM,22575.15,5239.78,41454.61
50127,5/12/2024 6:26:00 PM,22575.22,5238.93,41454.24
50127,5/12/2024 6:27:00 PM,22575.85,5237.84,41453.96
50127,5/12/2024 6:28:00 PM,22576.28,5237.62,41453.76
50127,5/12/2024 6:29:00 PM,22575.83,5236.73,41453.28
50127,5/12/2024 6:30:00 PM,22575.51,5236.73,41453.02
50127,5/12/2024 6:31:00 PM,22576.63,5236.36,41452.84
50127,5/12/2024 6:32:00 PM,22577.35,5236.23,41452.54
50127,5/12/2024 6:33:00 PM,22578.13,5235.78,41452.27
50127,5/12/2024 6:34:00 PM,22577.72,5236.09,41451.91
50127,5/12/2024 6:35:00 PM,22577.75,5235.09,41451.55
50127,5/12/2024 6:36:00 PM,22579.05,5233.99,41451.40
50127,5/12/2024 6:37:00 PM,22580.26,5233.58,41451.27
50127,5/12/2024 6:38:00 PM,22582.05,5232.86,41451.16
50127,5/12/2024 6:39:00 PM,22582.34,5232.23,41450.80
50127,5/12/2024 6:40:00 PM,22582.91,5230.20,41450.47
50127,5/12/2024 6:41:00 PM,22582.79,5228.76,41450.25
50127,5/12/2024 6:42:00 PM,22582.58,5228.09,41450.15
50127,5/12/2024 6:43:00 PM,22583.20,5227.43,41450.08
50127,5/12/2024 6:44:00 PM,22583.08,5228.41,41450.00
50127,5/12/2024 6:45:00 PM,22582.03,5228.18,41449.60
50127,5/12/2024 6:46:00 PM,22581.57,5227.78,41449.37
50127,5/12/2024 6:47:00 PM,22582.56,5227.13,41449.30
50127,5/12/2024 6:48:00 PM,22582.27,5227.24,41449.13
50127,5/12/2024 6:49:00 PM,22583.12,5227.32,41449.05
50127,5/12/2024 6:50:00 PM,22582.94,5227.11,41448.75
50127,5/12/2024 6:51:00 PM,22582.26,5226.62,41448.46
50127,5/12/2024 6:52:00 PM,22583.36,5226.29,41448.54
50127,5/12/2024 6:53:00 PM,22584.58,5226.89,41448.58
50127,5/12/2024 6:54:00 PM,22584.08,5226.97,41448.28
50127,5/12/2024 6:55:00 PM,22584.08,5226.44,41448.13
50127,5/12/2024 6:56:00 PM,22583.78,5226.46,41448.04
50127,5/12/2024 6:57:00 PM,22583.46,5226.46,41447.96
50127,5/12/2024 6:58:00 PM,22582.91,5226.23,41447.75
50127,5/12/2024 6:59:00 PM,22582.57,5226.06,41447.68
50127,5/12/2024 7:00:00 PM,22583.07,5226.55,41447.77
50127,5/12/2024 7:01:00 PM,22582.97,5227.25,41447.71
50127,5/12/2024 7:02:00 PM,22582.28,5228.04,41447.58
50127,5/12/2024 7:03:00 PM,22581.76,5227.62,41447.35
50127,5/12/2024 7:04:00 PM,22582.28,5227.20,41447.32
50127,5/12/2024 7:05:00 PM,22582.67,5226.67,41447.23
50127,5/12/2024 7:06:00 PM,22582.70,5226.41,41447.12
50127,5/12/2024 7:07:00 PM,22582.40,5226.52,41447.08
50127,5/12/2024 7:08:00 PM,22581.48,5226.73,41446.90
50127,5/12/2024 7:09:00 PM,22580.33,5226.80,41446.76
50127,5/12/2024 7:10:00 PM,22580.58,5226.44,41446.74
50127,5/12/2024 7:11:00 PM,22581.36,5226.54,41446.76
50127,5/12/2024 7:12:00 PM,22580.71,5227.10,41446.54
50127,5/12/2024 7:13:00 PM,22580.42,5227.00,41446.35
50127,5/12/2024 7:14:00 PM,22581.32,5226.77,41446.29
50127,5/12/2024 7:15:00 PM,22581.81,5226.59,41446.16
50127,5/12/2024 7:16:00 PM,22582.01,5226.21,41445.98
50127,5/12/2024 7:17:00 PM,22582.35,5225.57,41445.83
50127,5/12/2024 7:18:00 PM,22582.05,5225.34,41445.70
50127,5/12/2024 7:19:00 PM,22581.89,5225.22,41445.57
50127,5/12/2024 7:20:00 PM,22582.44,5224.56,41445.48
50127,5/12/2024 7:21:00 PM,22582.45,5224.53,41445.40
50127,5/12/2024 7:22:00 PM,22582.97,5223.84,41445.32
50127,5/12/2024 7:23:00 PM,22583.23,5223.28,41445.19
50127,5/12/2024 7:24:00 PM,22582.79,5223.07,41445.07
50127,5/12/2024 7:25:00 PM,22582.12,5223.08,41444.96
50127,5/12/2024 7:26:00 PM,22582.55,5222.65,41444.93
50127,5/12/2024 7:27:00 PM,22583.23,5222.29,41444.92
50127,5/12/2024 7:28:00 PM,22584.05,5222.03,41444.90
50127,5/12/2024 7:29:00 PM,22584.08,5222.10,41444.76
50127,5/12/2024 7:30:00 PM,22584.22,5222.45,41444.71
50127,5/12/2024 7:31:00 PM,22584.41,5222.34,41444.56
50127,5/12/2024 7:32:00 PM,22585.36,5221.62,41444.51
50127,5/12/2024 7:33:00 PM,22586.44,5221.12,41444.55
50127,5/12/2024 7:34:00 PM,22587.85,5220.74,41444.59
50127,5/12/2024 7:35:00 PM,22588.28,5220.15,41444.46
50127,5/12/2024 7:36:00 PM,22588.77,5219.11,41444.38
50127,5/12/2024 7:37:00 PM,22589.94,5218.42,41444.46
50127,5/12/2024 7:38:00 PM,22590.78,5216.72,41444.39
50127,5/12/2024 7:39:00 PM,22591.12,5216.43,41444.48
50127,5/12/2024 7:40:00 PM,22590.57,5216.84,41444.46
50127,5/12/2024 7:41:00 PM,22590.99,5216.41,41444.46
50127,5/12/2024 7:42:00 PM,22591.33,5215.68,41444.44
50127,5/12/2024 7:43:00 PM,22590.76,5215.08,41444.34
50127,5/12/2024 7:44:00 PM,22590.86,5214.55,41444.42
50127,5/12/2024 7:45:00 PM,22590.38,5214.63,41444.43
50127,5/12/2024 7:46:00 PM,22589.87,5214.60,41444.41
50127,5/12/2024 7:47:00 PM,22589.71,5214.26,41444.40
50127,5/12/2024 7:48:00 PM,22589.53,5213.79,41444.38
50127,5/12/2024 7:49:00 PM,22591.32,5213.49,41444.70
50127,5/12/2024 7:50:00 PM,22592.48,5214.33,41444.78
50127,5/12/2024 7:51:00 PM,22592.00,5214.60,41444.57
50127,5/12/2024 7:52:00 PM,22591.70,5214.08,41444.42
50127,5/12/2024 7:53:00 PM,22589.26,5213.92,41444.22
50127,5/12/2024 7:54:00 PM,22587.95,5213.10,41444.24
50127,5/12/2024 7:55:00 PM,22588.07,5213.29,41444.50
50127,5/12/2024 7:56:00 PM,22588.33,5213.68,41444.57
50127,5/12/2024 7:57:00 PM,22589.01,5213.51,41444.59
50127,5/12/2024 7:58:00 PM,22589.69,5213.69,41444.68
50127,5/12/2024 7:59:00 PM,22591.20,5213.09,41444.75
50127,5/12/2024 8:00:00 PM,22593.05,5212.83,41444.95
50127,5/12/2024 8:01:00 PM,22594.03,5213.00,41444.98
50127,5/12/2024 8:02:00 PM,22593.43,5212.90,41444.79
50127,5/12/2024 8:03:00 PM,22591.60,5212.97,41444.61
50127,5/12/2024 8:04:00 PM,22589.92,5212.90,41444.55
50127,5/12/2024 8:05:00 PM,22590.21,5212.85,41444.72
50127,5/12/2024 8:06:00 PM,22591.65,5213.41,41444.93
50127,5/12/2024 8:07:00 PM,22591.52,5213.45,41444.77
50127,5/12/2024 8:08:00 PM,22591.83,5213.55,41444.81
50127,5/12/2024 8:09:00 PM,22591.37,5213.43,41444.64
50127,5/12/2024 8:10:00 PM,22590.16,5213.34,41444.51
50127,5/12/2024 8:11:00 PM,22589.67,5213.35,41444.50
50127,5/12/2024 8:12:00 PM,22589.51,5213.46,41444.54
50127,5/12/2024 8:13:00 PM,22588.80,5213.98,41444.42
50127,5/12/2024 8:14:00 PM,22588.19,5213.94,41444.34
50127,5/12/2024 8:15:00 PM,22588.57,5213.49,41444.30
50127,5/12/2024 8:16:00 PM,22589.70,5213.49,41444.41
50127,5/12/2024 8:17:00 PM,22591.05,5213.21,41444.42
50127,5/12/2024 8:18:00 PM,22592.03,5212.72,41444.37
50127,5/12/2024 8:19:00 PM,22592.27,5212.67,41444.28
50127,5/12/2024 8:20:00 PM,22592.14,5212.53,41444.16
50127,5/12/2024 8:21:00 PM,22591.19,5212.39,41443.94
50127,5/12/2024 8:22:00 PM,22590.00,5212.19,41443.68
50127,5/12/2024 8:23:00 PM,22590.85,5211.69,41443.69
50127,5/12/2024 8:24:00 PM,22591.53,5211.12,41443.52
50127,5/12/2024 8:25:00 PM,22590.91,5210.98,41443.24
50127,5/12/2024 8:26:00 PM,22588.88,5211.85,41442.91
50127,5/12/2024 8:27:00 PM,22588.28,5212.29,41442.78
50127,5/12/2024 8:28:00 PM,22588.13,5212.42,41442.61
50127,5/12/2024 8:29:00 PM,22587.38,5212.43,41442.28
50127,5/12/2024 8:30:00 PM,22588.01,5212.19,41442.11
50127,5/12/2024 8:31:00 PM,22589.05,5211.82,41441.99
50127,5/12/2024 8:32:00 PM,22591.26,5211.60,41441.89
50127,5/12/2024 8:33:00 PM,22590.39,5211.02,41441.33
50127,5/12/2024 8:34:00 PM,22589.82,5210.72,41441.04
50127,5/12/2024 8:35:00 PM,22590.22,5210.37,41440.88
50127,5/12/2024 8:36:00 PM,22590.28,5209.94,41440.59
50127,5/12/2024 8:37:00 PM,22590.63,5209.14,41440.35
50127,5/12/2024 8:38:00 PM,22592.37,5208.31,41440.29
50127,5/12/2024 8:39:00 PM,22592.71,5207.58,41439.95
50127,5/12/2024 8:40:00 PM,22591.85,5206.93,41439.61
50127,5/12/2024 8:41:00 PM,22591.64,5206.27,41439.42
50127,5/12/2024 8:42:00 PM,22592.01,5205.82,41439.33
50127,5/12/2024 8:43:00 PM,22591.94,5204.92,41439.05
50127,5/12/2024 8:44:00 PM,22592.48,5204.01,41438.89
50127,5/12/2024 8:45:00 PM,22592.13,5203.18,41438.61
50127,5/12/2024 8:46:00 PM,22590.82,5202.78,41438.29
50127,5/12/2024 8:47:00 PM,22590.69,5203.24,41438.21
50127,5/12/2024 8:48:00 PM,22590.08,5202.46,41437.84
50127,5/12/2024 8:49:00 PM,22591.91,5201.02,41437.64
50127,5/12/2024 8:50:00 PM,22591.07,5200.73,41437.34
50127,5/12/2024 8:51:00 PM,22592.47,5199.73,41437.28
50127,5/12/2024 8:52:00 PM,22594.12,5198.77,41437.10
50127,5/12/2024 8:53:00 PM,22593.40,5198.22,41436.69
50127,5/12/2024 8:54:00 PM,22591.10,5198.16,41436.27
50127,5/12/2024 8:55:00 PM,22589.39,5198.79,41436.08
50127,5/12/2024 8:56:00 PM,22587.35,5198.81,41435.74
50127,5/12/2024 8:57:00 PM,22586.18,5199.29,41435.64
50127,5/12/2024 8:58:00 PM,22587.10,5200.15,41435.73
50127,5/12/2024 8:59:00 PM,22588.44,5200.09,41435.52
50127,5/12/2024 9:00:00 PM,22587.16,5199.00,41434.96
50127,5/12/2024 9:01:00 PM,22586.32,5199.10,41434.90
50127,5/12/2024 9:02:00 PM,22584.94,5199.26,41434.68
50127,5/12/2024 9:03:00 PM,22584.78,5199.31,41434.62
50127,5/12/2024 9:04:00 PM,22582.68,5199.94,41434.37
50127,5/12/2024 9:05:00 PM,22581.00,5200.10,41434.26
50127,5/12/2024 9:06:00 PM,22578.72,5200.26,41433.97
50127,5/12/2024 9:07:00 PM,22577.11,5201.04,41433.91
50127,5/12/2024 9:08:00 PM,22576.33,5200.90,41433.79
50127,5/12/2024 9:09:00 PM,22576.46,5200.60,41433.80
50127,5/12/2024 9:10:00 PM,22576.66,5201.10,41433.84
50127,5/12/2024 9:11:00 PM,22577.84,5200.70,41433.73
50127,5/12/2024 9:12:00 PM,22578.24,5199.76,41433.55
50127,5/12/2024 9:13:00 PM,22577.98,5199.99,41433.51
50127,5/12/2024 9:14:00 PM,22576.79,5199.96,41433.25
50127,5/12/2024 9:15:00 PM,22575.49,5198.96,41432.89
50127,5/12/2024 9:16:00 PM,22573.05,5198.89,41432.66
50127,5/12/2024 9:17:00 PM,22570.97,5199.86,41432.68
50127,5/12/2024 9:18:00 PM,22568.33,5199.24,41432.23
50127,5/12/2024 9:19:00 PM,22568.67,5198.53,41432.34
50127,5/12/2024 9:20:00 PM,22566.96,5198.41,41432.12
50127,5/12/2024 9:21:00 PM,22567.51,5197.30,41432.11
50127,5/12/2024 9:22:00 PM,22567.90,5195.95,41431.96
50127,5/12/2024 9:23:00 PM,22566.16,5195.24,41431.69
50127,5/12/2024 9:24:00 PM,22565.31,5194.78,41431.65
50127,5/12/2024 9:25:00 PM,22563.87,5194.35,41431.50
50127,5/12/2024 9:26:00 PM,22562.14,5194.68,41431.50
50127,5/12/2024 9:27:00 PM,22560.99,5195.22,41431.54
50127,5/12/2024 9:28:00 PM,22562.22,5193.99,41431.54
50127,5/12/2024 9:29:00 PM,22561.55,5193.62,41431.37
50127,5/12/2024 9:30:00 PM,22560.55,5193.09,41431.20
50127,5/12/2024 9:31:00 PM,22559.95,5193.29,41431.25
50127,5/12/2024 9:32:00 PM,22559.44,5193.23,41431.17
50127,5/12/2024 9:33:00 PM,22559.47,5192.28,41431.08
50127,5/12/2024 9:34:00 PM,22560.16,5191.32,41431.02
50127,5/12/2024 9:35:00 PM,22559.79,5191.01,41431.03
50127,5/12/2024 9:36:00 PM,22561.63,5190.52,41431.20
50127,5/12/2024 9:37:00 PM,22562.25,5189.92,41431.11
50127,5/12/2024 9:38:00 PM,22562.27,5188.89,41430.98
50127,5/12/2024 9:39:00 PM,22561.43,5187.65,41430.78
50127,5/12/2024 9:40:00 PM,22562.14,5187.50,41431.09
50127,5/12/2024 9:41:00 PM,22565.96,5187.54,41431.64
50127,5/12/2024 9:42:00 PM,22565.23,5186.80,41431.25
50127,5/12/2024 9:43:00 PM,22566.00,5186.39,41431.42
50127,5/12/2024 9:44:00 PM,22567.89,5186.10,41431.71
50127,5/12/2024 9:45:00 PM,22568.54,5185.84,41431.75
50127,5/12/2024 9:46:00 PM,22569.17,5186.00,41431.92
50127,5/12/2024 9:47:00 PM,22569.80,5185.84,41432.10
50127,5/12/2024 9:48:00 PM,22571.02,5185.52,41432.28
50127,5/12/2024 9:49:00 PM,22572.42,5185.35,41432.56
50127,5/12/2024 9:50:00 PM,22575.32,5184.92,41432.89
50127,5/12/2024 9:51:00 PM,22577.11,5184.02,41433.05
50127,5/12/2024 9:52:00 PM,22577.66,5182.40,41432.93
50127,5/12/2024 9:53:00 PM,22575.41,5181.41,41432.75
50127,5/12/2024 9:54:00 PM,22575.35,5180.90,41433.08
50127,5/12/2024 9:55:00 PM,22572.40,5180.80,41433.02
50127,5/12/2024 9:56:00 PM,22570.32,5180.35,41433.06
50127,5/12/2024 9:57:00 PM,22568.75,5180.09,41433.23
50127,5/12/2024 9:58:00 PM,22567.71,5179.64,41433.36
50127,5/12/2024 9:59:00 PM,22566.61,5179.50,41433.57
50127,5/12/2024 10:00:00 PM,22565.81,5179.15,41433.78
50127,5/12/2024 10:01:00 PM,22566.06,5179.03,41434.09
50127,5/12/2024 10:02:00 PM,22566.74,5178.60,41434.39
50127,5/12/2024 10:03:00 PM,22566.37,5178.17,41434.41
50127,5/12/2024 10:04:00 PM,22565.59,5177.61,41434.40
50127,5/12/2024 10:05:00 PM,22564.38,5177.69,41434.48
50127,5/12/2024 10:06:00 PM,22564.26,5177.64,41434.77
50127,5/12/2024 10:07:00 PM,22566.37,5177.22,41435.04
50127,5/12/2024 10:08:00 PM,22566.43,5176.55,41435.04
50127,5/12/2024 10:09:00 PM,22564.18,5176.64,41435.00
50127,5/12/2024 10:10:00 PM,22564.17,5176.83,41435.35
50127,5/12/2024 10:11:00 PM,22561.98,5176.58,41435.23
50127,5/12/2024 10:12:00 PM,22561.09,5176.48,41435.48
50127,5/12/2024 10:13:00 PM,22576.59,5175.13,41437.66
50127,5/12/2024 10:14:00 PM,22580.67,5170.38,41436.81
50127,5/12/2024 10:15:00 PM,22577.96,5169.98,41436.50
50127,5/12/2024 10:16:00 PM,22564.48,5170.40,41435.44
50127,5/12/2024 10:17:00 PM,22563.93,5170.51,41436.43
50127,5/12/2024 10:18:00 PM,22566.46,5172.17,41437.51
50127,5/12/2024 10:19:00 PM,22566.35,5171.16,41437.58
50127,5/12/2024 10:20:00 PM,22570.24,5171.76,41438.50
50127,5/12/2024 10:21:00 PM,22574.29,5172.42,41439.32
50127,5/12/2024 10:22:00 PM,22580.43,5173.10,41440.32
50127,5/12/2024 10:23:00 PM,22588.83,5170.31,41440.96
50127,5/12/2024 10:24:00 PM,22606.62,5168.33,41442.90
50127,5/12/2024 10:25:00 PM,22601.22,5165.82,41441.43
50127,5/12/2024 10:26:00 PM,22601.54,5163.48,41441.82
50127,5/12/2024 10:27:00 PM,22605.28,5161.10,41442.50
50127,5/12/2024 10:28:00 PM,22609.63,5156.02,41442.62
50127,5/12/2024 10:29:00 PM,22599.96,5154.51,41441.86
50127,5/12/2024 10:30:00 PM,22581.09,5156.06,41440.95
50127,5/12/2024 10:31:00 PM,22564.28,5158.38,41440.15
50127,5/12/2024 10:32:00 PM,22552.13,5159.58,41440.60
50127,5/12/2024 10:33:00 PM,22564.88,5158.59,41442.67
50127,5/12/2024 10:34:00 PM,22555.99,5157.74,41441.13
50127,5/12/2024 10:35:00 PM,22565.65,5154.35,41442.52
50127,5/12/2024 10:36:00 PM,22575.69,5152.86,41443.24
50127,5/12/2024 10:37:00 PM,22572.65,5153.33,41442.50
50127,5/12/2024 10:38:00 PM,22567.00,5153.95,41441.97
50127,5/12/2024 10:39:00 PM,22565.78,5154.17,41442.05
50127,5/12/2024 10:40:00 PM,22561.76,5155.10,41441.72
50127,5/12/2024 10:41:00 PM,22550.18,5157.80,41440.95
50127,5/12/2024 10:42:00 PM,22547.90,5160.03,41441.39
50127,5/12/2024 10:43:00 PM,22543.87,5161.00,41441.06
50127,5/12/2024 10:44:00 PM,22541.54,5161.12,41440.93
50127,5/12/2024 10:45:00 PM,22544.07,5161.81,41441.43
50127,5/12/2024 10:46:00 PM,22544.54,5162.89,41441.44
50127,5/12/2024 10:47:00 PM,22540.91,5163.54,41440.84
50127,5/12/2024 10:48:00 PM,22541.05,5162.95,41440.99
50127,5/12/2024 10:49:00 PM,22548.72,5164.27,41442.08
50127,5/12/2024 10:50:00 PM,22544.73,5165.00,41441.16
50127,5/12/2024 10:51:00 PM,22545.99,5164.65,41441.44
50127,5/12/2024 10:52:00 PM,22550.20,5165.53,41442.11
50127,5/12/2024 10:53:00 PM,22552.65,5165.61,41442.18
50127,5/12/2024 10:54:00 PM,22552.89,5164.93,41442.07
50127,5/12/2024 10:55:00 PM,22554.65,5164.83,41442.48
50127,5/12/2024 10:56:00 PM,22559.27,5165.27,41443.06
50127,5/12/2024 10:57:00 PM,22562.80,5163.56,41443.16
50127,5/12/2024 10:58:00 PM,22567.77,5163.84,41443.91
50127,5/12/2024 10:59:00 PM,22568.71,5163.45,41443.85
50127,5/12/2024 11:00:00 PM,22561.39,5164.51,41443.41
50127,5/12/2024 11:01:00 PM,22563.05,5166.23,41444.46
50127,5/12/2024 11:02:00 PM,22561.88,5165.68,41444.25
50127,5/12/2024 11:03:00 PM,22565.44,5166.04,41445.28
50127,5/12/2024 11:04:00 PM,22573.51,5166.37,41446.30
50127,5/12/2024 11:05:00 PM,22572.62,5166.47,41445.92
50127,5/12/2024 11:06:00 PM,22570.88,5165.84,41445.84
50127,5/12/2024 11:07:00 PM,22576.50,5164.13,41446.84
50127,5/12/2024 11:08:00 PM,22580.12,5165.05,41447.64
50127,5/12/2024 11:09:00 PM,22582.11,5166.24,41448.06
50127,5/12/2024 11:10:00 PM,22581.33,5165.66,41447.98
50127,5/12/2024 11:11:00 PM,22578.69,5166.02,41448.06
50127,5/12/2024 11:12:00 PM,22578.68,5166.77,41448.60
50127,5/12/2024 11:13:00 PM,22577.36,5167.18,41448.68
50127,5/12/2024 11:14:00 PM,22579.47,5166.96,41449.29
50127,5/12/2024 11:15:00 PM,22586.63,5167.02,41450.37
50127,5/12/2024 11:16:00 PM,22594.06,5164.95,41450.75
50127,5/12/2024 11:17:00 PM,22596.85,5163.44,41450.88
50127,5/12/2024 11:18:00 PM,22599.47,5162.27,41451.10
50127,5/12/2024 11:19:00 PM,22599.39,5162.33,41451.34
50127,5/12/2024 11:20:00 PM,22600.70,5161.98,41451.76
50127,5/12/2024 11:21:00 PM,22601.79,5161.35,41452.04
50127,5/12/2024 11:22:00 PM,22600.19,5161.51,41452.22
50127,5/12/2024 11:23:00 PM,22598.84,5162.36,41452.50
50127,5/12/2024 11:24:00 PM,22595.00,5164.21,41452.64
50127,5/12/2024 11:25:00 PM,22593.12,5165.54,41452.93
50127,5/12/2024 11:26:00 PM,22590.98,5166.33,41453.15
50127,5/12/2024 11:27:00 PM,22591.03,5166.82,41453.62
50127,5/12/2024 11:28:00 PM,22588.33,5168.12,41453.85
50127,5/12/2024 11:29:00 PM,22591.42,5167.45,41454.46
50127,5/12/2024 11:30:00 PM,22593.50,5166.31,41454.66
50127,5/12/2024 11:31:00 PM,22597.63,5165.20,41455.22
50127,5/12/2024 11:32:00 PM,22600.37,5163.72,41455.39
50127,5/12/2024 11:33:00 PM,22600.02,5164.09,41455.59
50127,5/12/2024 11:34:00 PM,22597.13,5165.31,41455.55
50127,5/12/2024 11:35:00 PM,22595.40,5165.51,41455.62
50127,5/12/2024 11:36:00 PM,22597.93,5165.14,41456.14
50127,5/12/2024 11:37:00 PM,22599.40,5165.02,41456.40
50127,5/12/2024 11:38:00 PM,22601.72,5163.72,41456.59
50127,5/12/2024 11:39:00 PM,22601.33,5163.77,41456.81
50127,5/12/2024 11:40:00 PM,22599.81,5165.13,41456.98
50127,5/12/2024 11:41:00 PM,22599.45,5165.60,41457.19
50127,5/12/2024 11:42:00 PM,22602.07,5164.30,41457.53
50127,5/12/2024 11:43:00 PM,22602.91,5164.23,41457.78
50127,5/12/2024 11:44:00 PM,22602.74,5164.43,41457.92
50127,5/12/2024 11:45:00 PM,22600.77,5164.62,41457.94
50127,5/12/2024 11:46:00 PM,22598.11,5165.86,41458.17
50127,5/12/2024 11:47:00 PM,22598.99,5165.85,41458.59
50127,5/12/2024 11:48:00 PM,22598.99,5165.68,41458.79
50127,5/12/2024 11:49:00 PM,22599.80,5165.34,41459.09
50127,5/12/2024 11:50:00 PM,22600.97,5165.27,41459.45
50127,5/12/2024 11:51:00 PM,22600.90,5165.58,41459.70
50127,5/12/2024 11:52:00 PM,22600.11,5166.41,41459.93
50127,5/12/2024 11:53:00 PM,22601.22,5165.66,41460.18
50127,5/12/2024 11:54:00 PM,22597.86,5167.67,41460.28
50127,5/12/2024 11:55:00 PM,22596.74,5168.41,41460.54
50127,5/12/2024 11:56:00 PM,22598.88,5168.13,41461.20
50127,5/12/2024 11:57:00 PM,22596.58,5168.80,41461.30
50127,5/12/2024 11:58:00 PM,22594.19,5169.71,41461.37
50127,5/12/2024 11:59:00 PM,22594.84,5170.95,41461.96
