GICDeviceID,SampleDateTime,GICMeasured
10609,3/24/2024 12:00:00 AM,-3.20
10609,3/24/2024 12:00:07 AM,-3.40
10609,3/24/2024 12:00:12 AM,-3.60
10609,3/24/2024 12:00:24 AM,-3.80
10609,3/24/2024 12:00:31 AM,-3.70
10609,3/24/2024 12:00:34 AM,-3.80
10609,3/24/2024 12:00:37 AM,-3.70
10609,3/24/2024 12:00:52 AM,-3.90
10609,3/24/2024 12:01:03 AM,-3.80
10609,3/24/2024 12:01:06 AM,-3.90
10609,3/24/2024 12:01:10 AM,-4.20
10609,3/24/2024 12:01:15 AM,-3.90
10609,3/24/2024 12:01:25 AM,-4.00
10609,3/24/2024 12:01:28 AM,-3.90
10609,3/24/2024 12:01:31 AM,-4.20
10609,3/24/2024 12:01:35 AM,-3.90
10609,3/24/2024 12:01:48 AM,-4.20
10609,3/24/2024 12:01:50 AM,-4.10
10609,3/24/2024 12:02:03 AM,-4.20
10609,3/24/2024 12:02:21 AM,-3.50
10609,3/24/2024 12:02:25 AM,-3.40
10609,3/24/2024 12:02:35 AM,-3.70
10609,3/24/2024 12:02:46 AM,-3.80
10609,3/24/2024 12:02:48 AM,-3.70
10609,3/24/2024 12:02:54 AM,-3.80
10609,3/24/2024 12:03:01 AM,-3.70
10609,3/24/2024 12:03:04 AM,-3.80
10609,3/24/2024 12:03:16 AM,-3.60
10609,3/24/2024 12:03:31 AM,-3.80
10609,3/24/2024 12:03:34 AM,-3.70
10609,3/24/2024 12:03:38 AM,-3.80
10609,3/24/2024 12:03:41 AM,-3.60
10609,3/24/2024 12:03:46 AM,-3.80
10609,3/24/2024 12:03:49 AM,-3.70
10609,3/24/2024 12:03:56 AM,-3.80
10609,3/24/2024 12:04:04 AM,-3.60
10609,3/24/2024 12:04:07 AM,-3.70
10609,3/24/2024 12:04:16 AM,-3.60
10609,3/24/2024 12:04:20 AM,-3.70
10609,3/24/2024 12:04:33 AM,-3.50
10609,3/24/2024 12:04:53 AM,-3.40
10609,3/24/2024 12:04:58 AM,-3.50
10609,3/24/2024 12:05:01 AM,-3.40
10609,3/24/2024 12:05:04 AM,-3.50
10609,3/24/2024 12:05:08 AM,-3.40
10609,3/24/2024 12:05:12 AM,-3.50
10609,3/24/2024 12:05:29 AM,-3.30
10609,3/24/2024 12:05:34 AM,-3.20
10609,3/24/2024 12:05:38 AM,-3.00
10609,3/24/2024 12:06:45 AM,-3.10
10609,3/24/2024 12:06:50 AM,-3.00
10609,3/24/2024 12:07:02 AM,-3.20
10609,3/24/2024 12:07:27 AM,-3.10
10609,3/24/2024 12:07:52 AM,-2.70
10609,3/24/2024 12:08:09 AM,-2.60
10609,3/24/2024 12:08:15 AM,-2.80
10609,3/24/2024 12:08:26 AM,-3.00
10609,3/24/2024 12:08:33 AM,-2.80
10609,3/24/2024 12:08:36 AM,-2.90
10609,3/24/2024 12:08:39 AM,-2.80
10609,3/24/2024 12:08:43 AM,-2.90
10609,3/24/2024 12:08:50 AM,-2.70
10609,3/24/2024 12:08:53 AM,-2.80
10609,3/24/2024 12:08:55 AM,-2.70
10609,3/24/2024 12:09:04 AM,-2.80
10609,3/24/2024 12:09:12 AM,-3.00
10609,3/24/2024 12:09:15 AM,-2.70
10609,3/24/2024 12:09:23 AM,-2.50
10609,3/24/2024 12:09:33 AM,-2.70
10609,3/24/2024 12:09:38 AM,-2.60
10609,3/24/2024 12:09:42 AM,-2.70
10609,3/24/2024 12:10:24 AM,-2.90
10609,3/24/2024 12:10:31 AM,-2.80
10609,3/24/2024 12:10:36 AM,-2.90
10609,3/24/2024 12:10:40 AM,-3.10
10609,3/24/2024 12:10:44 AM,-2.70
10609,3/24/2024 12:10:47 AM,-2.90
10609,3/24/2024 12:10:50 AM,-2.70
10609,3/24/2024 12:11:50 AM,-2.20
10609,3/24/2024 12:11:55 AM,-2.40
10609,3/24/2024 12:12:05 AM,-2.20
10609,3/24/2024 12:12:19 AM,-2.50
10609,3/24/2024 12:12:25 AM,-2.40
10609,3/24/2024 12:12:36 AM,-2.60
10609,3/24/2024 12:12:42 AM,-2.50
10609,3/24/2024 12:13:01 AM,-2.40
10609,3/24/2024 12:13:05 AM,-2.50
10609,3/24/2024 12:13:29 AM,-2.40
10609,3/24/2024 12:13:39 AM,-2.10
10609,3/24/2024 12:14:01 AM,-2.30
10609,3/24/2024 12:14:05 AM,-2.20
10609,3/24/2024 12:14:25 AM,-2.50
10609,3/24/2024 12:14:35 AM,-2.40
10609,3/24/2024 12:14:38 AM,-2.50
10609,3/24/2024 12:15:00 AM,-2.20
10609,3/24/2024 12:15:08 AM,-2.30
10609,3/24/2024 12:15:11 AM,-2.20
10609,3/24/2024 12:15:16 AM,-2.40
10609,3/24/2024 12:15:19 AM,-2.30
10609,3/24/2024 12:15:26 AM,-2.40
10609,3/24/2024 12:15:33 AM,-2.20
10609,3/24/2024 12:15:51 AM,-2.10
10609,3/24/2024 12:16:05 AM,-2.30
10609,3/24/2024 12:16:07 AM,-2.20
10609,3/24/2024 12:16:11 AM,-2.30
10609,3/24/2024 12:16:26 AM,-2.00
10609,3/24/2024 12:16:36 AM,-2.10
10609,3/24/2024 12:16:39 AM,-2.20
10609,3/24/2024 12:16:53 AM,-2.00
10609,3/24/2024 12:16:58 AM,-1.80
10609,3/24/2024 12:17:08 AM,-2.00
10609,3/24/2024 12:17:29 AM,-2.10
10609,3/24/2024 12:17:50 AM,-2.00
10609,3/24/2024 12:17:53 AM,-2.20
10609,3/24/2024 12:18:00 AM,-2.00
10609,3/24/2024 12:18:21 AM,-1.90
10609,3/24/2024 12:18:35 AM,-2.00
10609,3/24/2024 12:18:40 AM,-1.90
10609,3/24/2024 12:19:01 AM,-2.10
10609,3/24/2024 12:19:07 AM,-1.90
10609,3/24/2024 12:19:18 AM,-2.00
10609,3/24/2024 12:19:28 AM,-1.80
10609,3/24/2024 12:19:39 AM,-1.90
10609,3/24/2024 12:20:00 AM,-1.80
10609,3/24/2024 12:20:24 AM,-1.90
10609,3/24/2024 12:20:29 AM,-1.80
10609,3/24/2024 12:20:59 AM,-2.00
10609,3/24/2024 12:21:39 AM,-2.10
10609,3/24/2024 12:21:50 AM,-2.30
10609,3/24/2024 12:22:04 AM,-2.10
10609,3/24/2024 12:22:39 AM,-1.90
10609,3/24/2024 12:22:45 AM,-2.00
10609,3/24/2024 12:22:49 AM,-1.90
10609,3/24/2024 12:23:09 AM,-2.10
10609,3/24/2024 12:23:13 AM,-2.00
10609,3/24/2024 12:23:29 AM,-1.90
10609,3/24/2024 12:23:36 AM,-2.00
10609,3/24/2024 12:23:52 AM,-1.90
10609,3/24/2024 12:23:55 AM,-2.00
10609,3/24/2024 12:24:23 AM,-2.10
10609,3/24/2024 12:25:23 AM,-1.80
10609,3/24/2024 12:25:31 AM,-1.70
10609,3/24/2024 12:25:50 AM,-1.80
10609,3/24/2024 12:25:55 AM,-1.90
10609,3/24/2024 12:26:16 AM,-2.00
10609,3/24/2024 12:26:57 AM,-1.90
10609,3/24/2024 12:27:03 AM,-2.00
10609,3/24/2024 12:27:10 AM,-1.90
10609,3/24/2024 12:27:25 AM,-2.00
10609,3/24/2024 12:27:50 AM,-1.80
10609,3/24/2024 12:28:26 AM,-1.70
10609,3/24/2024 12:28:36 AM,-1.90
10609,3/24/2024 12:29:11 AM,-1.70
10609,3/24/2024 12:29:19 AM,-1.60
10609,3/24/2024 12:30:21 AM,-1.90
10609,3/24/2024 12:30:35 AM,-1.80
10609,3/24/2024 12:30:45 AM,-1.90
10609,3/24/2024 12:31:01 AM,-1.60
10609,3/24/2024 12:31:03 AM,-1.70
10609,3/24/2024 12:31:22 AM,-1.60
10609,3/24/2024 12:31:26 AM,-1.70
10609,3/24/2024 12:31:30 AM,-1.60
10609,3/24/2024 12:31:32 AM,-1.70
10609,3/24/2024 12:31:36 AM,-1.60
10609,3/24/2024 12:31:58 AM,-1.70
10609,3/24/2024 12:32:39 AM,-1.40
10609,3/24/2024 12:32:51 AM,-1.30
10609,3/24/2024 12:32:54 AM,-1.40
10609,3/24/2024 12:33:05 AM,-1.50
10609,3/24/2024 12:33:07 AM,-1.40
10609,3/24/2024 12:33:14 AM,-1.50
10609,3/24/2024 12:33:30 AM,-1.40
10609,3/24/2024 12:33:33 AM,-1.50
10609,3/24/2024 12:33:43 AM,-1.40
10609,3/24/2024 12:33:47 AM,-1.50
10609,3/24/2024 12:34:05 AM,-1.00
10609,3/24/2024 12:34:09 AM,-1.20
10609,3/24/2024 12:34:12 AM,-1.50
10609,3/24/2024 12:34:20 AM,-1.30
10609,3/24/2024 12:34:23 AM,-1.50
10609,3/24/2024 12:34:43 AM,-1.40
10609,3/24/2024 12:34:59 AM,-1.60
10609,3/24/2024 12:35:12 AM,-1.50
10609,3/24/2024 12:35:16 AM,-1.60
10609,3/24/2024 12:35:31 AM,-1.50
10609,3/24/2024 12:35:41 AM,-1.20
10609,3/24/2024 12:35:43 AM,-1.30
10609,3/24/2024 12:35:50 AM,-1.20
10609,3/24/2024 12:36:10 AM,-1.30
10609,3/24/2024 12:36:14 AM,-1.60
10609,3/24/2024 12:36:20 AM,-1.50
10609,3/24/2024 12:36:25 AM,-1.80
10609,3/24/2024 12:36:30 AM,-1.40
10609,3/24/2024 12:36:45 AM,-1.70
10609,3/24/2024 12:36:56 AM,-1.50
10609,3/24/2024 12:37:28 AM,-1.60
10609,3/24/2024 12:37:35 AM,-1.50
10609,3/24/2024 12:37:48 AM,-1.60
10609,3/24/2024 12:37:51 AM,-1.50
10609,3/24/2024 12:37:56 AM,-1.60
10609,3/24/2024 12:38:10 AM,-1.40
10609,3/24/2024 12:38:16 AM,-1.60
10609,3/24/2024 12:38:21 AM,-1.50
10609,3/24/2024 12:38:25 AM,-1.60
10609,3/24/2024 12:38:34 AM,-1.40
10609,3/24/2024 12:38:37 AM,-1.50
10609,3/24/2024 12:38:41 AM,-1.40
10609,3/24/2024 12:38:45 AM,-1.50
10609,3/24/2024 12:39:00 AM,-1.30
10609,3/24/2024 12:39:05 AM,-1.20
10609,3/24/2024 12:39:19 AM,-1.30
10609,3/24/2024 12:39:23 AM,-1.20
10609,3/24/2024 12:39:37 AM,-1.10
10609,3/24/2024 12:39:52 AM,-1.40
10609,3/24/2024 12:40:03 AM,-1.60
10609,3/24/2024 12:40:22 AM,-1.80
10609,3/24/2024 12:40:32 AM,-1.40
10609,3/24/2024 12:41:20 AM,-1.60
10609,3/24/2024 12:41:27 AM,-1.40
10609,3/24/2024 12:41:35 AM,-1.50
10609,3/24/2024 12:41:40 AM,-1.70
10609,3/24/2024 12:41:43 AM,-1.60
10609,3/24/2024 12:41:46 AM,-1.70
10609,3/24/2024 12:41:59 AM,-1.20
10609,3/24/2024 12:42:05 AM,-1.40
10609,3/24/2024 12:42:08 AM,-1.30
10609,3/24/2024 12:42:12 AM,-1.40
10609,3/24/2024 12:42:16 AM,-1.30
10609,3/24/2024 12:42:36 AM,-1.20
10609,3/24/2024 12:42:53 AM,-1.30
10609,3/24/2024 12:42:56 AM,-1.40
10609,3/24/2024 12:42:59 AM,-1.30
10609,3/24/2024 12:43:18 AM,-1.20
10609,3/24/2024 12:43:22 AM,-1.30
10609,3/24/2024 12:43:40 AM,-1.40
10609,3/24/2024 12:43:44 AM,-2.20
10609,3/24/2024 12:43:48 AM,-1.40
10609,3/24/2024 12:43:50 AM,-1.30
10609,3/24/2024 12:43:54 AM,-1.40
10609,3/24/2024 12:44:02 AM,-1.30
10609,3/24/2024 12:44:11 AM,-1.40
10609,3/24/2024 12:44:15 AM,-1.30
10609,3/24/2024 12:45:04 AM,-1.80
10609,3/24/2024 12:45:11 AM,-2.00
10609,3/24/2024 12:45:21 AM,-2.10
10609,3/24/2024 12:45:24 AM,-1.80
10609,3/24/2024 12:45:31 AM,-1.40
10609,3/24/2024 12:45:34 AM,-1.10
10609,3/24/2024 12:45:39 AM,-1.20
10609,3/24/2024 12:45:42 AM,-1.40
10609,3/24/2024 12:45:46 AM,-1.50
10609,3/24/2024 12:45:50 AM,-1.40
10609,3/24/2024 12:45:58 AM,-1.50
10609,3/24/2024 12:46:12 AM,-1.40
10609,3/24/2024 12:46:23 AM,-1.20
10609,3/24/2024 12:46:34 AM,-1.50
10609,3/24/2024 12:46:40 AM,-1.40
10609,3/24/2024 12:46:50 AM,-1.60
10609,3/24/2024 12:47:00 AM,-1.70
10609,3/24/2024 12:47:03 AM,-1.60
10609,3/24/2024 12:47:10 AM,-1.70
10609,3/24/2024 12:47:13 AM,-1.60
10609,3/24/2024 12:47:24 AM,-1.80
10609,3/24/2024 12:47:49 AM,-1.60
10609,3/24/2024 12:47:52 AM,-1.70
10609,3/24/2024 12:48:07 AM,-1.80
10609,3/24/2024 12:48:26 AM,-1.70
10609,3/24/2024 12:48:30 AM,-1.60
10609,3/24/2024 12:48:41 AM,-2.40
10609,3/24/2024 12:48:44 AM,-1.90
10609,3/24/2024 12:48:49 AM,-1.80
10609,3/24/2024 12:48:52 AM,-1.90
10609,3/24/2024 12:49:03 AM,-1.80
10609,3/24/2024 12:49:10 AM,-2.00
10609,3/24/2024 12:49:21 AM,-1.80
10609,3/24/2024 12:49:47 AM,-1.70
10609,3/24/2024 12:50:06 AM,-1.90
10609,3/24/2024 12:50:12 AM,-1.80
10609,3/24/2024 12:50:16 AM,-1.90
10609,3/24/2024 12:50:26 AM,-1.80
10609,3/24/2024 12:50:33 AM,-1.90
10609,3/24/2024 12:50:40 AM,-1.80
10609,3/24/2024 12:50:49 AM,-2.00
10609,3/24/2024 12:51:13 AM,-2.10
10609,3/24/2024 12:51:16 AM,-2.00
10609,3/24/2024 12:51:34 AM,-2.10
10609,3/24/2024 12:51:41 AM,-2.00
10609,3/24/2024 12:51:47 AM,-2.20
10609,3/24/2024 12:52:08 AM,-2.00
10609,3/24/2024 12:52:14 AM,-2.10
10609,3/24/2024 12:52:57 AM,-2.00
10609,3/24/2024 12:54:01 AM,-2.20
10609,3/24/2024 12:54:09 AM,-2.10
10609,3/24/2024 12:54:23 AM,-2.20
10609,3/24/2024 12:55:17 AM,-2.00
10609,3/24/2024 12:55:23 AM,-2.10
10609,3/24/2024 12:56:03 AM,-2.20
10609,3/24/2024 12:56:16 AM,-2.10
10609,3/24/2024 12:56:26 AM,-2.20
10609,3/24/2024 12:56:29 AM,-2.30
10609,3/24/2024 12:56:40 AM,-2.00
10609,3/24/2024 12:56:49 AM,-2.20
10609,3/24/2024 12:56:56 AM,-2.10
10609,3/24/2024 12:56:59 AM,-2.20
10609,3/24/2024 12:57:01 AM,-2.00
10609,3/24/2024 12:57:08 AM,-2.10
10609,3/24/2024 12:57:31 AM,-2.00
10609,3/24/2024 12:57:38 AM,-2.10
10609,3/24/2024 12:58:03 AM,-2.00
10609,3/24/2024 12:58:26 AM,-1.20
10609,3/24/2024 12:58:30 AM,-1.40
10609,3/24/2024 12:58:33 AM,-1.80
10609,3/24/2024 12:58:48 AM,-1.70
10609,3/24/2024 12:58:51 AM,-2.00
10609,3/24/2024 12:59:01 AM,-2.10
10609,3/24/2024 12:59:04 AM,-2.00
10609,3/24/2024 12:59:14 AM,-1.90
10609,3/24/2024 12:59:18 AM,-2.00
10609,3/24/2024 12:59:41 AM,-2.20
10609,3/24/2024 1:00:00 AM,-2.20
10609,3/24/2024 1:00:09 AM,-2.30
10609,3/24/2024 1:00:12 AM,-2.20
10609,3/24/2024 1:00:30 AM,-2.40
10609,3/24/2024 1:00:43 AM,-2.60
10609,3/24/2024 1:01:14 AM,-2.30
10609,3/24/2024 1:01:23 AM,-2.50
10609,3/24/2024 1:01:26 AM,-2.20
10609,3/24/2024 1:01:40 AM,-1.80
10609,3/24/2024 1:01:49 AM,-2.00
10609,3/24/2024 1:01:53 AM,-1.90
10609,3/24/2024 1:02:31 AM,-2.10
10609,3/24/2024 1:02:34 AM,-2.20
10609,3/24/2024 1:02:37 AM,-2.10
10609,3/24/2024 1:02:46 AM,-2.20
10609,3/24/2024 1:02:51 AM,-2.10
10609,3/24/2024 1:03:07 AM,-2.30
10609,3/24/2024 1:03:11 AM,-2.10
10609,3/24/2024 1:03:14 AM,-2.20
10609,3/24/2024 1:03:22 AM,-2.00
10609,3/24/2024 1:03:47 AM,-1.90
10609,3/24/2024 1:04:02 AM,-2.10
10609,3/24/2024 1:04:05 AM,-2.00
10609,3/24/2024 1:04:16 AM,-2.20
10609,3/24/2024 1:04:19 AM,-2.00
10609,3/24/2024 1:04:23 AM,-2.10
10609,3/24/2024 1:04:32 AM,-2.00
10609,3/24/2024 1:04:43 AM,-2.10
10609,3/24/2024 1:04:49 AM,-1.90
10609,3/24/2024 1:04:57 AM,-1.80
10609,3/24/2024 1:05:00 AM,-1.90
10609,3/24/2024 1:05:16 AM,-2.00
10609,3/24/2024 1:05:30 AM,-1.90
10609,3/24/2024 1:05:34 AM,-2.00
10609,3/24/2024 1:05:47 AM,-2.10
10609,3/24/2024 1:05:54 AM,-2.60
10609,3/24/2024 1:05:57 AM,-2.10
10609,3/24/2024 1:06:01 AM,-1.80
10609,3/24/2024 1:06:03 AM,-2.10
10609,3/24/2024 1:06:06 AM,-1.90
10609,3/24/2024 1:06:36 AM,-2.20
10609,3/24/2024 1:06:46 AM,-2.10
10609,3/24/2024 1:06:49 AM,-2.00
10609,3/24/2024 1:06:52 AM,-2.10
10609,3/24/2024 1:07:06 AM,-1.90
10609,3/24/2024 1:07:08 AM,-2.00
10609,3/24/2024 1:07:16 AM,-2.10
10609,3/24/2024 1:07:18 AM,-2.00
10609,3/24/2024 1:07:22 AM,-2.10
10609,3/24/2024 1:07:37 AM,-1.90
10609,3/24/2024 1:07:57 AM,-2.20
10609,3/24/2024 1:08:00 AM,-2.10
10609,3/24/2024 1:08:33 AM,-1.90
10609,3/24/2024 1:08:39 AM,-2.10
10609,3/24/2024 1:08:46 AM,-2.20
10609,3/24/2024 1:08:49 AM,-2.40
10609,3/24/2024 1:08:51 AM,-2.10
10609,3/24/2024 1:08:55 AM,-2.50
10609,3/24/2024 1:09:04 AM,-2.30
10609,3/24/2024 1:09:07 AM,-2.20
10609,3/24/2024 1:09:14 AM,-2.30
10609,3/24/2024 1:09:17 AM,-2.20
10609,3/24/2024 1:09:54 AM,-2.10
10609,3/24/2024 1:10:06 AM,-2.20
10609,3/24/2024 1:10:17 AM,-1.90
10609,3/24/2024 1:10:22 AM,-2.00
10609,3/24/2024 1:10:25 AM,-1.90
10609,3/24/2024 1:10:38 AM,-1.80
10609,3/24/2024 1:10:50 AM,-1.90
10609,3/24/2024 1:10:54 AM,-1.80
10609,3/24/2024 1:11:03 AM,-1.90
10609,3/24/2024 1:11:06 AM,-2.10
10609,3/24/2024 1:11:10 AM,-2.20
10609,3/24/2024 1:12:14 AM,-2.30
10609,3/24/2024 1:12:32 AM,-2.40
10609,3/24/2024 1:12:39 AM,-2.20
10609,3/24/2024 1:12:49 AM,-2.10
10609,3/24/2024 1:12:51 AM,-2.20
10609,3/24/2024 1:13:12 AM,-2.30
10609,3/24/2024 1:13:32 AM,-2.10
10609,3/24/2024 1:13:39 AM,-2.30
10609,3/24/2024 1:13:44 AM,-2.20
10609,3/24/2024 1:14:05 AM,-2.10
10609,3/24/2024 1:14:08 AM,-2.30
10609,3/24/2024 1:14:11 AM,-2.20
10609,3/24/2024 1:14:15 AM,-2.30
10609,3/24/2024 1:14:18 AM,-2.10
10609,3/24/2024 1:14:25 AM,-1.90
10609,3/24/2024 1:14:29 AM,-1.70
10609,3/24/2024 1:14:32 AM,-1.80
10609,3/24/2024 1:15:06 AM,-2.10
10609,3/24/2024 1:15:28 AM,-2.00
10609,3/24/2024 1:15:31 AM,-2.10
10609,3/24/2024 1:15:45 AM,-1.90
10609,3/24/2024 1:15:55 AM,-1.60
10609,3/24/2024 1:16:03 AM,-1.50
10609,3/24/2024 1:16:10 AM,-1.60
10609,3/24/2024 1:16:12 AM,-1.80
10609,3/24/2024 1:16:52 AM,-2.20
10609,3/24/2024 1:17:10 AM,-1.90
10609,3/24/2024 1:17:13 AM,-2.00
10609,3/24/2024 1:17:41 AM,-1.90
10609,3/24/2024 1:17:52 AM,-2.00
10609,3/24/2024 1:18:11 AM,-1.80
10609,3/24/2024 1:18:15 AM,-2.00
10609,3/24/2024 1:18:21 AM,-1.80
10609,3/24/2024 1:18:33 AM,-2.10
10609,3/24/2024 1:19:00 AM,-1.90
10609,3/24/2024 1:19:11 AM,-2.00
10609,3/24/2024 1:19:14 AM,-2.10
10609,3/24/2024 1:19:48 AM,-2.20
10609,3/24/2024 1:19:57 AM,-2.40
10609,3/24/2024 1:20:08 AM,-2.20
10609,3/24/2024 1:20:12 AM,-2.30
10609,3/24/2024 1:20:16 AM,-2.20
10609,3/24/2024 1:20:19 AM,-2.30
10609,3/24/2024 1:20:29 AM,-2.00
10609,3/24/2024 1:20:33 AM,-2.10
10609,3/24/2024 1:20:36 AM,-2.00
10609,3/24/2024 1:20:46 AM,-2.10
10609,3/24/2024 1:20:53 AM,-2.00
10609,3/24/2024 1:21:00 AM,-2.10
10609,3/24/2024 1:21:10 AM,-2.00
10609,3/24/2024 1:21:21 AM,-2.10
10609,3/24/2024 1:21:31 AM,-2.40
10609,3/24/2024 1:21:59 AM,-2.20
10609,3/24/2024 1:22:06 AM,-2.30
10609,3/24/2024 1:22:14 AM,-2.20
10609,3/24/2024 1:22:32 AM,-2.30
10609,3/24/2024 1:22:35 AM,-2.20
10609,3/24/2024 1:22:38 AM,-2.30
10609,3/24/2024 1:22:49 AM,-3.00
10609,3/24/2024 1:22:51 AM,-2.40
10609,3/24/2024 1:22:54 AM,-2.30
10609,3/24/2024 1:23:13 AM,-2.10
10609,3/24/2024 1:23:36 AM,-2.00
10609,3/24/2024 1:24:32 AM,-2.20
10609,3/24/2024 1:24:36 AM,-2.10
10609,3/24/2024 1:24:43 AM,-2.20
10609,3/24/2024 1:24:54 AM,-2.00
10609,3/24/2024 1:25:15 AM,-2.10
10609,3/24/2024 1:25:54 AM,-1.90
10609,3/24/2024 1:25:56 AM,-2.00
10609,3/24/2024 1:26:11 AM,-1.80
10609,3/24/2024 1:27:00 AM,-2.00
10609,3/24/2024 1:27:07 AM,-1.90
10609,3/24/2024 1:27:11 AM,-2.00
10609,3/24/2024 1:27:25 AM,-2.10
10609,3/24/2024 1:27:28 AM,-2.00
10609,3/24/2024 1:27:52 AM,-1.80
10609,3/24/2024 1:28:08 AM,-1.90
10609,3/24/2024 1:28:45 AM,-1.70
10609,3/24/2024 1:28:56 AM,-1.90
10609,3/24/2024 1:29:04 AM,-1.80
10609,3/24/2024 1:29:15 AM,-1.90
10609,3/24/2024 1:29:27 AM,-1.80
10609,3/24/2024 1:30:08 AM,-1.90
10609,3/24/2024 1:30:25 AM,-1.80
10609,3/24/2024 1:30:32 AM,-1.90
10609,3/24/2024 1:30:36 AM,-1.80
10609,3/24/2024 1:30:39 AM,-1.90
10609,3/24/2024 1:31:04 AM,-1.80
10609,3/24/2024 1:31:25 AM,-1.90
10609,3/24/2024 1:31:35 AM,-1.70
10609,3/24/2024 1:31:38 AM,-1.80
10609,3/24/2024 1:31:46 AM,-1.60
10609,3/24/2024 1:31:55 AM,-2.00
10609,3/24/2024 1:31:58 AM,-1.80
10609,3/24/2024 1:32:16 AM,-1.50
10609,3/24/2024 1:32:18 AM,-1.60
10609,3/24/2024 1:32:50 AM,-1.80
10609,3/24/2024 1:32:58 AM,-1.70
10609,3/24/2024 1:33:16 AM,-1.80
10609,3/24/2024 1:33:41 AM,-1.70
10609,3/24/2024 1:33:53 AM,-1.80
10609,3/24/2024 1:33:59 AM,-1.70
10609,3/24/2024 1:34:16 AM,-1.90
10609,3/24/2024 1:34:19 AM,-2.00
10609,3/24/2024 1:34:33 AM,-1.80
10609,3/24/2024 1:34:56 AM,-1.90
10609,3/24/2024 1:35:14 AM,-1.70
10609,3/24/2024 1:35:24 AM,-1.80
10609,3/24/2024 1:35:37 AM,-1.50
10609,3/24/2024 1:35:40 AM,-1.60
10609,3/24/2024 1:35:44 AM,-1.50
10609,3/24/2024 1:36:08 AM,-1.40
10609,3/24/2024 1:36:19 AM,-1.50
10609,3/24/2024 1:36:25 AM,-1.70
10609,3/24/2024 1:36:32 AM,-1.80
10609,3/24/2024 1:37:04 AM,-1.70
10609,3/24/2024 1:37:08 AM,-1.80
10609,3/24/2024 1:37:27 AM,-1.70
10609,3/24/2024 1:37:33 AM,-1.80
10609,3/24/2024 1:37:38 AM,-1.70
10609,3/24/2024 1:38:03 AM,-1.90
10609,3/24/2024 1:38:15 AM,-1.70
10609,3/24/2024 1:38:29 AM,-1.80
10609,3/24/2024 1:38:32 AM,-1.70
10609,3/24/2024 1:39:18 AM,-1.90
10609,3/24/2024 1:39:33 AM,-2.10
10609,3/24/2024 1:39:36 AM,-2.00
10609,3/24/2024 1:40:02 AM,-1.80
10609,3/24/2024 1:40:09 AM,-1.60
10609,3/24/2024 1:40:16 AM,-1.80
10609,3/24/2024 1:40:53 AM,-1.70
10609,3/24/2024 1:41:02 AM,-1.80
10609,3/24/2024 1:41:10 AM,-1.70
10609,3/24/2024 1:41:12 AM,-1.80
10609,3/24/2024 1:41:19 AM,-1.60
10609,3/24/2024 1:41:35 AM,-1.70
10609,3/24/2024 1:41:52 AM,-1.60
10609,3/24/2024 1:41:59 AM,-1.70
10609,3/24/2024 1:42:08 AM,-1.60
10609,3/24/2024 1:42:12 AM,-1.70
10609,3/24/2024 1:42:31 AM,-1.60
10609,3/24/2024 1:42:33 AM,-1.50
10609,3/24/2024 1:42:43 AM,-1.70
10609,3/24/2024 1:42:57 AM,-1.80
10609,3/24/2024 1:43:05 AM,-1.70
10609,3/24/2024 1:43:23 AM,-1.80
10609,3/24/2024 1:43:28 AM,-1.90
10609,3/24/2024 1:43:31 AM,-1.80
10609,3/24/2024 1:43:51 AM,-1.70
10609,3/24/2024 1:43:55 AM,-1.90
10609,3/24/2024 1:44:02 AM,-1.70
10609,3/24/2024 1:44:05 AM,-1.80
10609,3/24/2024 1:44:16 AM,-1.70
10609,3/24/2024 1:44:33 AM,-1.20
10609,3/24/2024 1:44:36 AM,-1.80
10609,3/24/2024 1:44:43 AM,-1.90
10609,3/24/2024 1:45:04 AM,-1.70
10609,3/24/2024 1:45:22 AM,-1.90
10609,3/24/2024 1:45:37 AM,-1.70
10609,3/24/2024 1:45:40 AM,-1.60
10609,3/24/2024 1:45:58 AM,-1.50
10609,3/24/2024 1:46:45 AM,-1.70
10609,3/24/2024 1:46:49 AM,-1.80
10609,3/24/2024 1:47:02 AM,-1.70
10609,3/24/2024 1:47:05 AM,-1.80
10609,3/24/2024 1:47:09 AM,-1.70
10609,3/24/2024 1:47:13 AM,-1.80
10609,3/24/2024 1:47:16 AM,-1.70
10609,3/24/2024 1:47:27 AM,-1.60
10609,3/24/2024 1:47:34 AM,-1.70
10609,3/24/2024 1:48:11 AM,-1.60
10609,3/24/2024 1:48:16 AM,-1.70
10609,3/24/2024 1:48:24 AM,-1.60
10609,3/24/2024 1:48:35 AM,-1.70
10609,3/24/2024 1:48:40 AM,-1.60
10609,3/24/2024 1:48:43 AM,-1.70
10609,3/24/2024 1:48:47 AM,-1.60
10609,3/24/2024 1:49:24 AM,-1.50
10609,3/24/2024 1:49:35 AM,-1.70
10609,3/24/2024 1:49:40 AM,-1.60
10609,3/24/2024 1:49:59 AM,-1.70
10609,3/24/2024 1:50:05 AM,-1.60
10609,3/24/2024 1:50:12 AM,-1.70
10609,3/24/2024 1:50:27 AM,-1.60
10609,3/24/2024 1:50:31 AM,-1.70
10609,3/24/2024 1:50:43 AM,-1.80
10609,3/24/2024 1:50:46 AM,-1.70
10609,3/24/2024 1:51:29 AM,-1.50
10609,3/24/2024 1:51:32 AM,-1.60
10609,3/24/2024 1:51:36 AM,-1.50
10609,3/24/2024 1:51:54 AM,-1.60
10609,3/24/2024 1:52:04 AM,-1.50
10609,3/24/2024 1:52:08 AM,-1.60
10609,3/24/2024 1:52:34 AM,-1.70
10609,3/24/2024 1:52:46 AM,-1.60
10609,3/24/2024 1:52:50 AM,-1.70
10609,3/24/2024 1:53:17 AM,-1.60
10609,3/24/2024 1:53:28 AM,-1.70
10609,3/24/2024 1:53:35 AM,-1.60
10609,3/24/2024 1:53:38 AM,-1.70
10609,3/24/2024 1:53:52 AM,-1.80
10609,3/24/2024 1:54:07 AM,-1.70
10609,3/24/2024 1:54:15 AM,-1.80
10609,3/24/2024 1:54:30 AM,-1.60
10609,3/24/2024 1:54:38 AM,-1.70
10609,3/24/2024 1:55:13 AM,-1.50
10609,3/24/2024 1:55:18 AM,-1.40
10609,3/24/2024 1:55:22 AM,-1.50
10609,3/24/2024 1:55:35 AM,-1.40
10609,3/24/2024 1:55:37 AM,-1.30
10609,3/24/2024 1:55:52 AM,-1.20
10609,3/24/2024 1:55:56 AM,-1.60
10609,3/24/2024 1:56:11 AM,-1.70
10609,3/24/2024 1:56:22 AM,-1.90
10609,3/24/2024 1:56:32 AM,-1.80
10609,3/24/2024 1:56:38 AM,-1.90
10609,3/24/2024 1:56:42 AM,-1.80
10609,3/24/2024 1:56:55 AM,-1.90
10609,3/24/2024 1:56:58 AM,-1.80
10609,3/24/2024 1:57:27 AM,-2.00
10609,3/24/2024 1:57:30 AM,-2.10
10609,3/24/2024 1:57:57 AM,-2.00
10609,3/24/2024 1:58:03 AM,-1.90
10609,3/24/2024 1:58:13 AM,-2.00
10609,3/24/2024 1:58:18 AM,-1.80
10609,3/24/2024 1:58:24 AM,-1.90
10609,3/24/2024 1:58:27 AM,-1.80
10609,3/24/2024 1:58:31 AM,-1.90
10609,3/24/2024 1:59:03 AM,-1.80
10609,3/24/2024 1:59:14 AM,-1.90
10609,3/24/2024 1:59:32 AM,-1.80
10609,3/24/2024 1:59:54 AM,-1.90
10609,3/24/2024 2:00:00 AM,-2.00
10609,3/24/2024 2:00:02 AM,-1.90
10609,3/24/2024 2:00:43 AM,-2.00
10609,3/24/2024 2:00:47 AM,-1.90
10609,3/24/2024 2:00:54 AM,-2.00
10609,3/24/2024 2:01:05 AM,-1.80
10609,3/24/2024 2:01:08 AM,-2.00
10609,3/24/2024 2:01:12 AM,-2.10
10609,3/24/2024 2:01:29 AM,-1.80
10609,3/24/2024 2:01:40 AM,-1.90
10609,3/24/2024 2:01:54 AM,-1.80
10609,3/24/2024 2:01:57 AM,-1.90
10609,3/24/2024 2:02:47 AM,-1.80
10609,3/24/2024 2:03:10 AM,-1.90
10609,3/24/2024 2:03:29 AM,-1.80
10609,3/24/2024 2:03:55 AM,-2.00
10609,3/24/2024 2:04:03 AM,-1.70
10609,3/24/2024 2:04:07 AM,-1.80
10609,3/24/2024 2:04:13 AM,-1.70
10609,3/24/2024 2:04:24 AM,-1.80
10609,3/24/2024 2:04:34 AM,-1.70
10609,3/24/2024 2:04:40 AM,-1.80
10609,3/24/2024 2:04:47 AM,-1.70
10609,3/24/2024 2:05:09 AM,-1.60
10609,3/24/2024 2:05:12 AM,-1.50
10609,3/24/2024 2:05:21 AM,-1.70
10609,3/24/2024 2:05:23 AM,-1.60
10609,3/24/2024 2:05:35 AM,-1.70
10609,3/24/2024 2:05:56 AM,-1.60
10609,3/24/2024 2:06:00 AM,-1.70
10609,3/24/2024 2:06:10 AM,-1.60
10609,3/24/2024 2:06:13 AM,-1.80
10609,3/24/2024 2:06:27 AM,-1.90
10609,3/24/2024 2:06:31 AM,-1.80
10609,3/24/2024 2:06:44 AM,-1.90
10609,3/24/2024 2:07:02 AM,-1.60
10609,3/24/2024 2:07:13 AM,-1.70
10609,3/24/2024 2:07:16 AM,-1.60
10609,3/24/2024 2:07:50 AM,-1.70
10609,3/24/2024 2:07:57 AM,-1.80
10609,3/24/2024 2:08:07 AM,-1.70
10609,3/24/2024 2:08:32 AM,-1.80
10609,3/24/2024 2:08:39 AM,-1.90
10609,3/24/2024 2:08:41 AM,-1.70
10609,3/24/2024 2:08:47 AM,-1.90
10609,3/24/2024 2:08:50 AM,-1.80
10609,3/24/2024 2:09:01 AM,-1.70
10609,3/24/2024 2:09:04 AM,-1.80
10609,3/24/2024 2:09:08 AM,-1.70
10609,3/24/2024 2:09:14 AM,-1.80
10609,3/24/2024 2:09:18 AM,-2.00
10609,3/24/2024 2:09:21 AM,-1.70
10609,3/24/2024 2:09:24 AM,-1.80
10609,3/24/2024 2:09:28 AM,-1.70
10609,3/24/2024 2:09:45 AM,-1.80
10609,3/24/2024 2:09:53 AM,-1.70
10609,3/24/2024 2:10:04 AM,-1.80
10609,3/24/2024 2:10:07 AM,-1.70
10609,3/24/2024 2:10:41 AM,-1.60
10609,3/24/2024 2:10:44 AM,-1.70
10609,3/24/2024 2:10:54 AM,-1.60
10609,3/24/2024 2:11:15 AM,-1.80
10609,3/24/2024 2:11:18 AM,-1.90
10609,3/24/2024 2:11:25 AM,-1.70
10609,3/24/2024 2:11:39 AM,-1.80
10609,3/24/2024 2:11:46 AM,-1.70
10609,3/24/2024 2:11:54 AM,-1.80
10609,3/24/2024 2:12:00 AM,-1.70
10609,3/24/2024 2:12:09 AM,-1.80
10609,3/24/2024 2:12:22 AM,-1.60
10609,3/24/2024 2:12:31 AM,-1.70
10609,3/24/2024 2:12:48 AM,-1.50
10609,3/24/2024 2:12:54 AM,-1.70
10609,3/24/2024 2:12:58 AM,-1.60
10609,3/24/2024 2:13:04 AM,-1.80
10609,3/24/2024 2:13:48 AM,-2.00
10609,3/24/2024 2:14:12 AM,-1.70
10609,3/24/2024 2:14:19 AM,-1.50
10609,3/24/2024 2:14:23 AM,-1.60
10609,3/24/2024 2:14:26 AM,-1.50
10609,3/24/2024 2:14:35 AM,-1.80
10609,3/24/2024 2:14:47 AM,-1.60
10609,3/24/2024 2:14:55 AM,-1.80
10609,3/24/2024 2:15:04 AM,-1.90
10609,3/24/2024 2:15:34 AM,-1.70
10609,3/24/2024 2:15:42 AM,-1.80
10609,3/24/2024 2:15:51 AM,-1.60
10609,3/24/2024 2:16:17 AM,-1.50
10609,3/24/2024 2:16:19 AM,-1.40
10609,3/24/2024 2:16:31 AM,-1.50
10609,3/24/2024 2:16:34 AM,-1.40
10609,3/24/2024 2:16:41 AM,-1.50
10609,3/24/2024 2:16:45 AM,-1.70
10609,3/24/2024 2:17:02 AM,-1.80
10609,3/24/2024 2:17:05 AM,-1.70
10609,3/24/2024 2:17:28 AM,-1.90
10609,3/24/2024 2:17:32 AM,-1.80
10609,3/24/2024 2:17:48 AM,-1.70
10609,3/24/2024 2:17:52 AM,-1.50
10609,3/24/2024 2:18:14 AM,-1.80
10609,3/24/2024 2:18:21 AM,-1.60
10609,3/24/2024 2:18:54 AM,-1.80
10609,3/24/2024 2:18:58 AM,-1.70
10609,3/24/2024 2:19:06 AM,-1.80
10609,3/24/2024 2:19:39 AM,-1.50
10609,3/24/2024 2:19:43 AM,-1.60
10609,3/24/2024 2:19:47 AM,-1.50
10609,3/24/2024 2:19:57 AM,-1.80
10609,3/24/2024 2:20:14 AM,-2.00
10609,3/24/2024 2:20:25 AM,-2.20
10609,3/24/2024 2:20:36 AM,-2.10
10609,3/24/2024 2:20:39 AM,-1.90
10609,3/24/2024 2:20:52 AM,-1.80
10609,3/24/2024 2:20:55 AM,-1.90
10609,3/24/2024 2:20:59 AM,-1.80
10609,3/24/2024 2:21:02 AM,-1.90
10609,3/24/2024 2:21:16 AM,-1.80
10609,3/24/2024 2:21:24 AM,-1.90
10609,3/24/2024 2:21:27 AM,-1.80
10609,3/24/2024 2:21:31 AM,-1.90
10609,3/24/2024 2:21:36 AM,-1.80
10609,3/24/2024 2:21:50 AM,-1.90
10609,3/24/2024 2:22:18 AM,-1.80
10609,3/24/2024 2:22:20 AM,-1.90
10609,3/24/2024 2:22:37 AM,-2.00
10609,3/24/2024 2:22:40 AM,-2.10
10609,3/24/2024 2:22:58 AM,-1.80
10609,3/24/2024 2:23:05 AM,-1.90
10609,3/24/2024 2:23:41 AM,-1.60
10609,3/24/2024 2:23:50 AM,-1.70
10609,3/24/2024 2:23:53 AM,-1.60
10609,3/24/2024 2:24:03 AM,-1.70
10609,3/24/2024 2:24:06 AM,-1.60
10609,3/24/2024 2:24:12 AM,-1.70
10609,3/24/2024 2:24:35 AM,-1.80
10609,3/24/2024 2:24:40 AM,-1.70
10609,3/24/2024 2:24:51 AM,-1.90
10609,3/24/2024 2:25:17 AM,-2.00
10609,3/24/2024 2:25:20 AM,-1.90
10609,3/24/2024 2:25:22 AM,-2.00
10609,3/24/2024 2:25:36 AM,-1.90
10609,3/24/2024 2:25:44 AM,-2.00
10609,3/24/2024 2:25:54 AM,-1.80
10609,3/24/2024 2:25:57 AM,-1.90
10609,3/24/2024 2:26:14 AM,-1.80
10609,3/24/2024 2:26:35 AM,-1.90
10609,3/24/2024 2:26:44 AM,-1.80
10609,3/24/2024 2:26:49 AM,-1.90
10609,3/24/2024 2:26:58 AM,-1.80
10609,3/24/2024 2:27:04 AM,-1.90
10609,3/24/2024 2:27:10 AM,-1.80
10609,3/24/2024 2:27:22 AM,-1.90
10609,3/24/2024 2:28:01 AM,-1.80
10609,3/24/2024 2:28:08 AM,-1.60
10609,3/24/2024 2:28:12 AM,-1.70
10609,3/24/2024 2:28:15 AM,-1.60
10609,3/24/2024 2:28:24 AM,-1.70
10609,3/24/2024 2:28:52 AM,-1.50
10609,3/24/2024 2:29:28 AM,-1.70
10609,3/24/2024 2:29:32 AM,-1.60
10609,3/24/2024 2:29:46 AM,-1.80
10609,3/24/2024 2:29:49 AM,-1.70
10609,3/24/2024 2:29:59 AM,-1.60
10609,3/24/2024 2:30:36 AM,-1.80
10609,3/24/2024 2:30:40 AM,-1.70
10609,3/24/2024 2:30:44 AM,-1.50
10609,3/24/2024 2:30:54 AM,-1.70
10609,3/24/2024 2:31:13 AM,-1.80
10609,3/24/2024 2:31:23 AM,-1.40
10609,3/24/2024 2:31:28 AM,-1.30
10609,3/24/2024 2:31:38 AM,-1.50
10609,3/24/2024 2:31:54 AM,-1.40
10609,3/24/2024 2:32:09 AM,-1.70
10609,3/24/2024 2:32:24 AM,-1.50
10609,3/24/2024 2:32:27 AM,-1.40
10609,3/24/2024 2:32:35 AM,-1.70
10609,3/24/2024 2:32:42 AM,-1.80
10609,3/24/2024 2:32:45 AM,-2.00
10609,3/24/2024 2:32:52 AM,-1.90
10609,3/24/2024 2:32:54 AM,-1.60
10609,3/24/2024 2:33:01 AM,-1.40
10609,3/24/2024 2:33:03 AM,-1.50
10609,3/24/2024 2:33:07 AM,-1.40
10609,3/24/2024 2:33:29 AM,-1.60
10609,3/24/2024 2:33:38 AM,-1.40
10609,3/24/2024 2:33:44 AM,-1.50
10609,3/24/2024 2:33:49 AM,-1.40
10609,3/24/2024 2:33:55 AM,-1.60
10609,3/24/2024 2:34:04 AM,-1.70
10609,3/24/2024 2:34:08 AM,-1.60
10609,3/24/2024 2:34:15 AM,-1.80
10609,3/24/2024 2:34:24 AM,-1.90
10609,3/24/2024 2:34:27 AM,-2.00
10609,3/24/2024 2:34:52 AM,-1.80
10609,3/24/2024 2:34:59 AM,-1.60
10609,3/24/2024 2:35:11 AM,-1.70
10609,3/24/2024 2:35:15 AM,-1.60
10609,3/24/2024 2:35:20 AM,-1.80
10609,3/24/2024 2:35:32 AM,-1.60
10609,3/24/2024 2:35:35 AM,-1.70
10609,3/24/2024 2:35:39 AM,-1.50
10609,3/24/2024 2:36:14 AM,-1.70
10609,3/24/2024 2:36:20 AM,-1.80
10609,3/24/2024 2:36:28 AM,-1.70
10609,3/24/2024 2:36:32 AM,-1.80
10609,3/24/2024 2:36:36 AM,-1.70
10609,3/24/2024 2:36:46 AM,-1.90
10609,3/24/2024 2:36:56 AM,-1.70
10609,3/24/2024 2:37:09 AM,-1.90
10609,3/24/2024 2:37:11 AM,-1.80
10609,3/24/2024 2:37:28 AM,-1.50
10609,3/24/2024 2:37:56 AM,-1.70
10609,3/24/2024 2:38:00 AM,-1.60
10609,3/24/2024 2:38:04 AM,-1.80
10609,3/24/2024 2:38:14 AM,-1.60
10609,3/24/2024 2:38:32 AM,-1.50
10609,3/24/2024 2:38:41 AM,-1.70
10609,3/24/2024 2:39:08 AM,-1.80
10609,3/24/2024 2:39:24 AM,-1.60
10609,3/24/2024 2:39:31 AM,-1.90
10609,3/24/2024 2:39:42 AM,-1.60
10609,3/24/2024 2:40:31 AM,-1.30
10609,3/24/2024 2:40:45 AM,-1.40
10609,3/24/2024 2:40:51 AM,-1.30
10609,3/24/2024 2:40:54 AM,-1.40
10609,3/24/2024 2:40:57 AM,-1.30
10609,3/24/2024 2:41:00 AM,-1.40
10609,3/24/2024 2:41:03 AM,-1.30
10609,3/24/2024 2:41:09 AM,-1.50
10609,3/24/2024 2:41:17 AM,-1.40
10609,3/24/2024 2:41:24 AM,-1.50
10609,3/24/2024 2:42:03 AM,-1.40
10609,3/24/2024 2:42:25 AM,-1.50
10609,3/24/2024 2:42:31 AM,-1.20
10609,3/24/2024 2:42:39 AM,-1.50
10609,3/24/2024 2:42:55 AM,-1.60
10609,3/24/2024 2:43:18 AM,-1.50
10609,3/24/2024 2:43:23 AM,-1.60
10609,3/24/2024 2:43:40 AM,-1.30
10609,3/24/2024 2:44:17 AM,-1.20
10609,3/24/2024 2:44:27 AM,-1.40
10609,3/24/2024 2:44:44 AM,-1.50
10609,3/24/2024 2:44:51 AM,-1.70
10609,3/24/2024 2:44:54 AM,-1.90
10609,3/24/2024 2:44:59 AM,-2.00
10609,3/24/2024 2:45:13 AM,-1.60
10609,3/24/2024 2:45:16 AM,-1.40
10609,3/24/2024 2:45:23 AM,-1.50
10609,3/24/2024 2:45:26 AM,-1.40
10609,3/24/2024 2:46:04 AM,-1.60
10609,3/24/2024 2:46:19 AM,-1.70
10609,3/24/2024 2:46:29 AM,-1.60
10609,3/24/2024 2:46:43 AM,-1.70
10609,3/24/2024 2:46:47 AM,-1.60
10609,3/24/2024 2:46:50 AM,-1.70
10609,3/24/2024 2:46:59 AM,-1.50
10609,3/24/2024 2:47:02 AM,-1.60
10609,3/24/2024 2:47:05 AM,-1.50
10609,3/24/2024 2:47:50 AM,-1.60
10609,3/24/2024 2:48:19 AM,-1.50
10609,3/24/2024 2:48:59 AM,-1.70
10609,3/24/2024 2:49:09 AM,-1.40
10609,3/24/2024 2:49:24 AM,-1.30
10609,3/24/2024 2:49:31 AM,-1.40
10609,3/24/2024 2:49:43 AM,-1.30
10609,3/24/2024 2:49:46 AM,-1.40
10609,3/24/2024 2:49:51 AM,-1.30
10609,3/24/2024 2:49:54 AM,-1.50
10609,3/24/2024 2:50:00 AM,-1.40
10609,3/24/2024 2:50:02 AM,-1.50
10609,3/24/2024 2:50:17 AM,-1.60
10609,3/24/2024 2:50:21 AM,-1.50
10609,3/24/2024 2:50:40 AM,-1.60
10609,3/24/2024 2:50:45 AM,-1.50
10609,3/24/2024 2:50:47 AM,-1.60
10609,3/24/2024 2:50:54 AM,-1.40
10609,3/24/2024 2:51:03 AM,-1.50
10609,3/24/2024 2:51:14 AM,-1.70
10609,3/24/2024 2:51:18 AM,-1.60
10609,3/24/2024 2:51:24 AM,-1.70
10609,3/24/2024 2:51:42 AM,-1.60
10609,3/24/2024 2:51:49 AM,-1.70
10609,3/24/2024 2:51:52 AM,-1.60
10609,3/24/2024 2:51:56 AM,-1.70
10609,3/24/2024 2:52:11 AM,-1.60
10609,3/24/2024 2:53:02 AM,-1.80
10609,3/24/2024 2:53:07 AM,-1.70
10609,3/24/2024 2:53:14 AM,-1.80
10609,3/24/2024 2:53:53 AM,-1.70
10609,3/24/2024 2:54:04 AM,-1.80
10609,3/24/2024 2:54:18 AM,-1.60
10609,3/24/2024 2:55:23 AM,-1.80
10609,3/24/2024 2:55:29 AM,-1.90
10609,3/24/2024 2:55:34 AM,-1.80
10609,3/24/2024 2:55:38 AM,-1.60
10609,3/24/2024 2:55:54 AM,-1.40
10609,3/24/2024 2:55:57 AM,-1.50
10609,3/24/2024 2:56:06 AM,-1.60
10609,3/24/2024 2:56:11 AM,-1.50
10609,3/24/2024 2:56:14 AM,-1.60
10609,3/24/2024 2:56:19 AM,-1.50
10609,3/24/2024 2:56:22 AM,-1.60
10609,3/24/2024 2:56:25 AM,-1.40
10609,3/24/2024 2:56:34 AM,-1.60
10609,3/24/2024 2:56:43 AM,-1.70
10609,3/24/2024 2:56:47 AM,-1.40
10609,3/24/2024 2:56:57 AM,-1.50
10609,3/24/2024 2:57:13 AM,-1.30
10609,3/24/2024 2:57:17 AM,-1.20
10609,3/24/2024 2:57:21 AM,-1.30
10609,3/24/2024 2:57:29 AM,-1.20
10609,3/24/2024 2:57:40 AM,-1.30
10609,3/24/2024 2:57:42 AM,-1.40
10609,3/24/2024 2:58:05 AM,-1.30
10609,3/24/2024 2:58:10 AM,-1.20
10609,3/24/2024 2:58:16 AM,-1.30
10609,3/24/2024 2:58:26 AM,-1.10
10609,3/24/2024 2:58:30 AM,-1.20
10609,3/24/2024 2:58:55 AM,-1.30
10609,3/24/2024 2:58:58 AM,-1.20
10609,3/24/2024 2:59:02 AM,-1.30
10609,3/24/2024 2:59:29 AM,-1.10
10609,3/24/2024 2:59:39 AM,-1.30
10609,3/24/2024 2:59:49 AM,-1.40
10609,3/24/2024 3:00:00 AM,-1.40
10609,3/24/2024 3:00:09 AM,-1.30
10609,3/24/2024 3:00:52 AM,-1.40
10609,3/24/2024 3:00:55 AM,-1.50
10609,3/24/2024 3:01:35 AM,-1.60
10609,3/24/2024 3:01:50 AM,-1.80
10609,3/24/2024 3:01:54 AM,-1.70
10609,3/24/2024 3:02:10 AM,-1.60
10609,3/24/2024 3:02:24 AM,-1.80
10609,3/24/2024 3:02:28 AM,-1.70
10609,3/24/2024 3:02:51 AM,-1.50
10609,3/24/2024 3:02:55 AM,-1.40
10609,3/24/2024 3:03:38 AM,-1.60
10609,3/24/2024 3:03:42 AM,-1.50
10609,3/24/2024 3:04:34 AM,-1.70
10609,3/24/2024 3:04:37 AM,-1.60
10609,3/24/2024 3:05:02 AM,-1.40
10609,3/24/2024 3:05:05 AM,-1.60
10609,3/24/2024 3:05:08 AM,-1.50
10609,3/24/2024 3:05:12 AM,-1.60
10609,3/24/2024 3:05:27 AM,-1.50
10609,3/24/2024 3:05:43 AM,-1.60
10609,3/24/2024 3:05:46 AM,-1.30
10609,3/24/2024 3:05:53 AM,-1.70
10609,3/24/2024 3:05:56 AM,-1.50
10609,3/24/2024 3:06:02 AM,-1.60
10609,3/24/2024 3:06:07 AM,-1.50
10609,3/24/2024 3:06:15 AM,-1.60
10609,3/24/2024 3:07:31 AM,-1.40
10609,3/24/2024 3:07:34 AM,-1.50
10609,3/24/2024 3:07:37 AM,-1.40
10609,3/24/2024 3:07:39 AM,-1.50
10609,3/24/2024 3:07:43 AM,-1.40
10609,3/24/2024 3:07:46 AM,-1.50
10609,3/24/2024 3:08:04 AM,-1.40
10609,3/24/2024 3:08:23 AM,-1.60
10609,3/24/2024 3:08:34 AM,-1.50
10609,3/24/2024 3:08:39 AM,-1.60
10609,3/24/2024 3:08:47 AM,-1.50
10609,3/24/2024 3:08:49 AM,-1.40
10609,3/24/2024 3:08:52 AM,-1.50
10609,3/24/2024 3:09:23 AM,-1.70
10609,3/24/2024 3:09:26 AM,-1.60
10609,3/24/2024 3:09:50 AM,-1.50
10609,3/24/2024 3:09:54 AM,-1.40
10609,3/24/2024 3:10:05 AM,-1.60
10609,3/24/2024 3:10:23 AM,-1.70
10609,3/24/2024 3:10:30 AM,-1.60
10609,3/24/2024 3:10:58 AM,-1.90
10609,3/24/2024 3:11:10 AM,-1.70
10609,3/24/2024 3:11:14 AM,-1.80
10609,3/24/2024 3:11:18 AM,-1.70
10609,3/24/2024 3:11:21 AM,-1.80
10609,3/24/2024 3:11:57 AM,-2.00
10609,3/24/2024 3:12:46 AM,-1.60
10609,3/24/2024 3:13:04 AM,-1.50
10609,3/24/2024 3:13:18 AM,-1.90
10609,3/24/2024 3:13:31 AM,-1.60
10609,3/24/2024 3:13:51 AM,-1.70
10609,3/24/2024 3:13:57 AM,-1.50
10609,3/24/2024 3:14:08 AM,-1.60
10609,3/24/2024 3:14:11 AM,-1.70
10609,3/24/2024 3:14:25 AM,-1.80
10609,3/24/2024 3:14:33 AM,-1.60
10609,3/24/2024 3:14:53 AM,-1.30
10609,3/24/2024 3:15:00 AM,-1.40
10609,3/24/2024 3:15:03 AM,-1.30
10609,3/24/2024 3:15:21 AM,-1.70
10609,3/24/2024 3:15:29 AM,-1.80
10609,3/24/2024 3:15:32 AM,-1.60
10609,3/24/2024 3:15:35 AM,-1.70
10609,3/24/2024 3:15:38 AM,-1.60
10609,3/24/2024 3:16:26 AM,-1.80
10609,3/24/2024 3:16:30 AM,-1.70
10609,3/24/2024 3:16:43 AM,-1.60
10609,3/24/2024 3:16:47 AM,-1.40
10609,3/24/2024 3:16:59 AM,-1.50
10609,3/24/2024 3:17:02 AM,-1.60
10609,3/24/2024 3:17:15 AM,-1.70
10609,3/24/2024 3:17:42 AM,-1.60
10609,3/24/2024 3:17:49 AM,-1.80
10609,3/24/2024 3:18:22 AM,-1.50
10609,3/24/2024 3:18:48 AM,-1.80
10609,3/24/2024 3:18:51 AM,-1.50
10609,3/24/2024 3:18:55 AM,-1.30
10609,3/24/2024 3:18:59 AM,-1.60
10609,3/24/2024 3:19:03 AM,-1.70
10609,3/24/2024 3:19:17 AM,-1.60
10609,3/24/2024 3:19:24 AM,-1.70
10609,3/24/2024 3:19:47 AM,-1.50
10609,3/24/2024 3:19:53 AM,-1.60
10609,3/24/2024 3:20:05 AM,-1.40
10609,3/24/2024 3:20:14 AM,-1.50
10609,3/24/2024 3:20:18 AM,-1.40
10609,3/24/2024 3:20:48 AM,-1.90
10609,3/24/2024 3:20:57 AM,-2.10
10609,3/24/2024 3:21:20 AM,-1.80
10609,3/24/2024 3:21:39 AM,-1.70
10609,3/24/2024 3:21:44 AM,-1.80
10609,3/24/2024 3:22:20 AM,-1.70
10609,3/24/2024 3:22:22 AM,-1.80
10609,3/24/2024 3:22:25 AM,-1.70
10609,3/24/2024 3:22:39 AM,-1.90
10609,3/24/2024 3:22:43 AM,-1.80
10609,3/24/2024 3:22:57 AM,-1.70
10609,3/24/2024 3:23:04 AM,-1.80
10609,3/24/2024 3:23:08 AM,-1.70
10609,3/24/2024 3:23:11 AM,-1.80
10609,3/24/2024 3:23:14 AM,-1.70
10609,3/24/2024 3:23:18 AM,-1.90
10609,3/24/2024 3:23:22 AM,-1.80
10609,3/24/2024 3:23:36 AM,-2.00
10609,3/24/2024 3:23:52 AM,-1.80
10609,3/24/2024 3:24:27 AM,-1.60
10609,3/24/2024 3:24:33 AM,-1.70
10609,3/24/2024 3:25:09 AM,-1.60
10609,3/24/2024 3:25:11 AM,-1.70
10609,3/24/2024 3:25:17 AM,-1.60
10609,3/24/2024 3:25:21 AM,-1.70
10609,3/24/2024 3:25:34 AM,-1.60
10609,3/24/2024 3:25:40 AM,-1.80
10609,3/24/2024 3:26:05 AM,-1.90
10609,3/24/2024 3:26:09 AM,-1.80
10609,3/24/2024 3:26:31 AM,-1.70
10609,3/24/2024 3:26:35 AM,-1.80
10609,3/24/2024 3:26:37 AM,-1.70
10609,3/24/2024 3:27:09 AM,-1.50
10609,3/24/2024 3:27:16 AM,-1.60
10609,3/24/2024 3:27:19 AM,-1.50
10609,3/24/2024 3:27:34 AM,-1.40
10609,3/24/2024 3:27:41 AM,-1.50
10609,3/24/2024 3:28:06 AM,-1.60
10609,3/24/2024 3:28:11 AM,-1.70
10609,3/24/2024 3:28:29 AM,-1.40
10609,3/24/2024 3:28:36 AM,-1.50
10609,3/24/2024 3:28:39 AM,-1.70
10609,3/24/2024 3:28:44 AM,-1.80
10609,3/24/2024 3:28:46 AM,-1.70
10609,3/24/2024 3:28:53 AM,-1.80
10609,3/24/2024 3:29:26 AM,-1.60
10609,3/24/2024 3:29:40 AM,-1.70
10609,3/24/2024 3:29:46 AM,-1.60
10609,3/24/2024 3:29:52 AM,-1.70
10609,3/24/2024 3:29:58 AM,-1.60
10609,3/24/2024 3:30:25 AM,-1.50
10609,3/24/2024 3:30:30 AM,-1.60
10609,3/24/2024 3:30:51 AM,-1.50
10609,3/24/2024 3:31:01 AM,-1.80
10609,3/24/2024 3:31:04 AM,-1.70
10609,3/24/2024 3:31:30 AM,-1.80
10609,3/24/2024 3:32:08 AM,-1.40
10609,3/24/2024 3:32:20 AM,-1.60
10609,3/24/2024 3:32:40 AM,-1.50
10609,3/24/2024 3:32:42 AM,-1.60
10609,3/24/2024 3:32:46 AM,-1.50
10609,3/24/2024 3:32:48 AM,-1.60
10609,3/24/2024 3:32:51 AM,-1.50
10609,3/24/2024 3:33:07 AM,-1.40
10609,3/24/2024 3:33:18 AM,-1.60
10609,3/24/2024 3:33:26 AM,-1.40
10609,3/24/2024 3:33:51 AM,-1.50
10609,3/24/2024 3:33:54 AM,-1.40
10609,3/24/2024 3:34:05 AM,-1.60
10609,3/24/2024 3:34:14 AM,-1.50
10609,3/24/2024 3:34:16 AM,-1.60
10609,3/24/2024 3:34:22 AM,-1.40
10609,3/24/2024 3:34:30 AM,-1.50
10609,3/24/2024 3:34:34 AM,-1.40
10609,3/24/2024 3:34:41 AM,-1.60
10609,3/24/2024 3:34:45 AM,-1.50
10609,3/24/2024 3:34:57 AM,-1.70
10609,3/24/2024 3:35:04 AM,-1.50
10609,3/24/2024 3:35:13 AM,-1.70
10609,3/24/2024 3:35:16 AM,-1.60
10609,3/24/2024 3:35:33 AM,-1.50
10609,3/24/2024 3:35:56 AM,-1.70
10609,3/24/2024 3:35:58 AM,-1.60
10609,3/24/2024 3:36:37 AM,-1.70
10609,3/24/2024 3:36:44 AM,-1.60
10609,3/24/2024 3:37:14 AM,-1.70
10609,3/24/2024 3:37:28 AM,-1.60
10609,3/24/2024 3:37:48 AM,-1.80
10609,3/24/2024 3:38:22 AM,-1.60
10609,3/24/2024 3:38:27 AM,-1.70
10609,3/24/2024 3:38:30 AM,-1.60
10609,3/24/2024 3:38:58 AM,-1.90
10609,3/24/2024 3:39:00 AM,-1.80
10609,3/24/2024 3:39:08 AM,-1.90
10609,3/24/2024 3:39:13 AM,-1.80
10609,3/24/2024 3:39:29 AM,-1.70
10609,3/24/2024 3:40:13 AM,-2.00
10609,3/24/2024 3:40:31 AM,-1.90
10609,3/24/2024 3:40:36 AM,-1.80
10609,3/24/2024 3:40:46 AM,-1.90
10609,3/24/2024 3:40:53 AM,-1.70
10609,3/24/2024 3:40:59 AM,-1.90
10609,3/24/2024 3:41:02 AM,-1.80
10609,3/24/2024 3:41:20 AM,-1.90
10609,3/24/2024 3:41:23 AM,-1.80
10609,3/24/2024 3:41:30 AM,-1.90
10609,3/24/2024 3:41:43 AM,-1.70
10609,3/24/2024 3:42:02 AM,-1.90
10609,3/24/2024 3:42:12 AM,-1.80
10609,3/24/2024 3:42:26 AM,-1.90
10609,3/24/2024 3:42:45 AM,-1.60
10609,3/24/2024 3:42:50 AM,-1.50
10609,3/24/2024 3:43:01 AM,-1.70
10609,3/24/2024 3:43:26 AM,-1.60
10609,3/24/2024 3:43:33 AM,-1.80
10609,3/24/2024 3:43:45 AM,-1.90
10609,3/24/2024 3:43:50 AM,-1.80
10609,3/24/2024 3:43:52 AM,-1.90
10609,3/24/2024 3:44:07 AM,-2.00
10609,3/24/2024 3:44:10 AM,-1.90
10609,3/24/2024 3:44:14 AM,-2.00
10609,3/24/2024 3:44:33 AM,-1.80
10609,3/24/2024 3:44:47 AM,-2.00
10609,3/24/2024 3:45:03 AM,-2.10
10609,3/24/2024 3:45:06 AM,-2.00
10609,3/24/2024 3:45:28 AM,-2.10
10609,3/24/2024 3:45:39 AM,-2.00
10609,3/24/2024 3:45:47 AM,-2.10
10609,3/24/2024 3:45:54 AM,-2.00
10609,3/24/2024 3:46:29 AM,-1.90
10609,3/24/2024 3:46:32 AM,-2.00
10609,3/24/2024 3:46:48 AM,-2.10
10609,3/24/2024 3:46:54 AM,-2.00
10609,3/24/2024 3:46:59 AM,-2.10
10609,3/24/2024 3:47:16 AM,-1.90
10609,3/24/2024 3:47:26 AM,-2.10
10609,3/24/2024 3:47:33 AM,-1.80
10609,3/24/2024 3:47:45 AM,-2.00
10609,3/24/2024 3:47:54 AM,-1.90
10609,3/24/2024 3:47:58 AM,-1.60
10609,3/24/2024 3:48:04 AM,-1.80
10609,3/24/2024 3:48:19 AM,-1.90
10609,3/24/2024 3:48:22 AM,-1.70
10609,3/24/2024 3:48:26 AM,-1.30
10609,3/24/2024 3:48:30 AM,-1.10
10609,3/24/2024 3:48:37 AM,-1.80
10609,3/24/2024 3:48:40 AM,-1.70
10609,3/24/2024 3:48:54 AM,-1.90
10609,3/24/2024 3:48:58 AM,-1.70
10609,3/24/2024 3:49:10 AM,-2.00
10609,3/24/2024 3:49:15 AM,-1.80
10609,3/24/2024 3:49:25 AM,-1.90
10609,3/24/2024 3:49:48 AM,-1.80
10609,3/24/2024 3:49:56 AM,-1.90
10609,3/24/2024 3:50:00 AM,-1.80
10609,3/24/2024 3:50:05 AM,-1.90
10609,3/24/2024 3:50:29 AM,-1.80
10609,3/24/2024 3:50:37 AM,-1.90
10609,3/24/2024 3:50:53 AM,-1.70
10609,3/24/2024 3:51:06 AM,-1.80
10609,3/24/2024 3:51:31 AM,-1.70
10609,3/24/2024 3:51:33 AM,-1.60
10609,3/24/2024 3:51:48 AM,-1.80
10609,3/24/2024 3:52:24 AM,-2.00
10609,3/24/2024 3:52:27 AM,-1.90
10609,3/24/2024 3:52:54 AM,-1.70
10609,3/24/2024 3:53:01 AM,-2.00
10609,3/24/2024 3:53:09 AM,-1.90
10609,3/24/2024 3:53:27 AM,-2.00
10609,3/24/2024 3:53:38 AM,-1.90
10609,3/24/2024 3:53:44 AM,-2.00
10609,3/24/2024 3:53:54 AM,-1.90
10609,3/24/2024 3:53:58 AM,-2.00
10609,3/24/2024 3:54:00 AM,-1.90
10609,3/24/2024 3:54:06 AM,-2.00
10609,3/24/2024 3:54:09 AM,-1.90
10609,3/24/2024 3:54:33 AM,-1.70
10609,3/24/2024 3:54:40 AM,-1.80
10609,3/24/2024 3:54:48 AM,-1.70
10609,3/24/2024 3:54:52 AM,-1.80
10609,3/24/2024 3:54:55 AM,-1.70
10609,3/24/2024 3:55:05 AM,-2.00
10609,3/24/2024 3:55:12 AM,-2.10
10609,3/24/2024 3:55:48 AM,-1.70
10609,3/24/2024 3:55:57 AM,-1.80
10609,3/24/2024 3:56:02 AM,-2.00
10609,3/24/2024 3:56:08 AM,-2.10
10609,3/24/2024 3:56:11 AM,-2.00
10609,3/24/2024 3:56:56 AM,-2.40
10609,3/24/2024 3:56:59 AM,-2.20
10609,3/24/2024 3:57:13 AM,-2.00
10609,3/24/2024 3:57:36 AM,-1.90
10609,3/24/2024 3:57:46 AM,-1.70
10609,3/24/2024 3:57:56 AM,-1.90
10609,3/24/2024 3:57:58 AM,-1.80
10609,3/24/2024 3:58:08 AM,-1.70
10609,3/24/2024 3:58:41 AM,-2.00
10609,3/24/2024 3:59:24 AM,-2.10
10609,3/24/2024 3:59:29 AM,-2.20
10609,3/24/2024 3:59:33 AM,-2.10
10609,3/24/2024 4:00:00 AM,-2.20
10609,3/24/2024 4:00:02 AM,-2.30
10609,3/24/2024 4:00:19 AM,-2.10
10609,3/24/2024 4:00:33 AM,-2.30
10609,3/24/2024 4:00:37 AM,-2.40
10609,3/24/2024 4:00:55 AM,-2.30
10609,3/24/2024 4:00:58 AM,-2.20
10609,3/24/2024 4:01:07 AM,-2.30
10609,3/24/2024 4:01:13 AM,-2.20
10609,3/24/2024 4:01:38 AM,-2.10
10609,3/24/2024 4:01:45 AM,-2.40
10609,3/24/2024 4:01:52 AM,-2.20
10609,3/24/2024 4:01:58 AM,-2.40
10609,3/24/2024 4:02:01 AM,-2.20
10609,3/24/2024 4:02:13 AM,-2.00
10609,3/24/2024 4:02:36 AM,-2.30
10609,3/24/2024 4:03:11 AM,-2.10
10609,3/24/2024 4:03:58 AM,-2.50
10609,3/24/2024 4:04:00 AM,-2.20
10609,3/24/2024 4:04:16 AM,-2.10
10609,3/24/2024 4:04:31 AM,-2.20
10609,3/24/2024 4:05:04 AM,-2.10
10609,3/24/2024 4:05:08 AM,-2.20
10609,3/24/2024 4:05:15 AM,-2.10
10609,3/24/2024 4:05:22 AM,-1.80
10609,3/24/2024 4:05:27 AM,-1.70
10609,3/24/2024 4:05:39 AM,-2.10
10609,3/24/2024 4:06:09 AM,-2.00
10609,3/24/2024 4:06:13 AM,-1.90
10609,3/24/2024 4:06:17 AM,-2.00
10609,3/24/2024 4:06:30 AM,-2.10
10609,3/24/2024 4:06:40 AM,-2.00
10609,3/24/2024 4:06:43 AM,-1.90
10609,3/24/2024 4:06:47 AM,-2.00
10609,3/24/2024 4:07:09 AM,-2.20
10609,3/24/2024 4:07:12 AM,-2.10
10609,3/24/2024 4:07:19 AM,-2.20
10609,3/24/2024 4:08:02 AM,-2.00
10609,3/24/2024 4:08:06 AM,-2.10
10609,3/24/2024 4:08:10 AM,-2.00
10609,3/24/2024 4:08:12 AM,-2.10
10609,3/24/2024 4:08:28 AM,-2.30
10609,3/24/2024 4:08:31 AM,-2.20
10609,3/24/2024 4:08:41 AM,-2.10
10609,3/24/2024 4:08:44 AM,-2.00
10609,3/24/2024 4:09:07 AM,-1.90
10609,3/24/2024 4:09:14 AM,-2.00
10609,3/24/2024 4:09:19 AM,-1.90
10609,3/24/2024 4:09:34 AM,-2.10
10609,3/24/2024 4:09:57 AM,-2.00
10609,3/24/2024 4:10:03 AM,-1.90
10609,3/24/2024 4:10:19 AM,-2.00
10609,3/24/2024 4:10:24 AM,-2.10
10609,3/24/2024 4:10:27 AM,-1.80
10609,3/24/2024 4:10:30 AM,-1.40
10609,3/24/2024 4:10:32 AM,-2.00
10609,3/24/2024 4:10:45 AM,-1.90
10609,3/24/2024 4:11:09 AM,-2.10
10609,3/24/2024 4:11:12 AM,-1.90
10609,3/24/2024 4:11:19 AM,-2.10
10609,3/24/2024 4:11:22 AM,-2.30
10609,3/24/2024 4:11:26 AM,-2.10
10609,3/24/2024 4:11:35 AM,-2.00
10609,3/24/2024 4:11:41 AM,-1.70
10609,3/24/2024 4:11:50 AM,-2.00
10609,3/24/2024 4:12:03 AM,-2.10
10609,3/24/2024 4:12:32 AM,-2.00
10609,3/24/2024 4:13:10 AM,-2.10
10609,3/24/2024 4:13:12 AM,-2.00
10609,3/24/2024 4:13:40 AM,-2.10
10609,3/24/2024 4:14:08 AM,-1.90
10609,3/24/2024 4:14:21 AM,-2.10
10609,3/24/2024 4:14:41 AM,-2.00
10609,3/24/2024 4:14:46 AM,-2.10
10609,3/24/2024 4:14:49 AM,-1.90
10609,3/24/2024 4:14:59 AM,-1.80
10609,3/24/2024 4:15:02 AM,-1.90
10609,3/24/2024 4:15:12 AM,-1.80
10609,3/24/2024 4:15:14 AM,-1.90
10609,3/24/2024 4:15:29 AM,-1.80
10609,3/24/2024 4:15:42 AM,-1.60
10609,3/24/2024 4:15:49 AM,-1.70
10609,3/24/2024 4:16:01 AM,-1.60
10609,3/24/2024 4:16:03 AM,-1.80
10609,3/24/2024 4:16:19 AM,-1.60
10609,3/24/2024 4:16:31 AM,-1.80
10609,3/24/2024 4:16:38 AM,-1.60
10609,3/24/2024 4:16:48 AM,-1.80
10609,3/24/2024 4:17:09 AM,-1.90
10609,3/24/2024 4:17:14 AM,-1.80
10609,3/24/2024 4:17:22 AM,-1.90
10609,3/24/2024 4:17:31 AM,-1.80
10609,3/24/2024 4:17:34 AM,-1.70
10609,3/24/2024 4:17:51 AM,-1.80
10609,3/24/2024 4:17:58 AM,-1.60
10609,3/24/2024 4:18:22 AM,-1.50
10609,3/24/2024 4:18:53 AM,-1.60
10609,3/24/2024 4:19:04 AM,-1.80
10609,3/24/2024 4:19:31 AM,-1.90
10609,3/24/2024 4:19:48 AM,-1.80
10609,3/24/2024 4:19:57 AM,-1.90
10609,3/24/2024 4:20:08 AM,-1.80
10609,3/24/2024 4:20:11 AM,-1.90
10609,3/24/2024 4:20:15 AM,-1.80
10609,3/24/2024 4:20:30 AM,-1.90
10609,3/24/2024 4:20:33 AM,-1.80
10609,3/24/2024 4:20:40 AM,-1.90
10609,3/24/2024 4:20:44 AM,-1.80
10609,3/24/2024 4:21:10 AM,-1.90
10609,3/24/2024 4:21:47 AM,-1.70
10609,3/24/2024 4:22:16 AM,-2.00
10609,3/24/2024 4:22:23 AM,-1.90
10609,3/24/2024 4:22:42 AM,-2.00
10609,3/24/2024 4:22:46 AM,-1.90
10609,3/24/2024 4:23:03 AM,-1.80
10609,3/24/2024 4:23:05 AM,-1.90
10609,3/24/2024 4:23:50 AM,-1.70
10609,3/24/2024 4:23:55 AM,-1.60
10609,3/24/2024 4:23:59 AM,-1.90
10609,3/24/2024 4:24:06 AM,-1.60
10609,3/24/2024 4:24:08 AM,-1.70
10609,3/24/2024 4:24:43 AM,-1.90
10609,3/24/2024 4:25:03 AM,-1.80
10609,3/24/2024 4:25:20 AM,-2.00
10609,3/24/2024 4:26:07 AM,-2.20
10609,3/24/2024 4:26:10 AM,-2.10
10609,3/24/2024 4:26:24 AM,-1.90
10609,3/24/2024 4:27:03 AM,-2.00
10609,3/24/2024 4:27:07 AM,-1.80
10609,3/24/2024 4:27:38 AM,-1.70
10609,3/24/2024 4:27:49 AM,-1.50
10609,3/24/2024 4:28:05 AM,-1.70
10609,3/24/2024 4:28:10 AM,-1.90
10609,3/24/2024 4:28:36 AM,-2.10
10609,3/24/2024 4:28:42 AM,-2.00
10609,3/24/2024 4:29:14 AM,-2.20
10609,3/24/2024 4:29:36 AM,-2.00
10609,3/24/2024 4:29:51 AM,-2.10
10609,3/24/2024 4:30:03 AM,-2.40
10609,3/24/2024 4:30:14 AM,-2.10
10609,3/24/2024 4:30:21 AM,-2.00
10609,3/24/2024 4:30:30 AM,-2.20
10609,3/24/2024 4:30:57 AM,-2.30
10609,3/24/2024 4:31:06 AM,-2.20
10609,3/24/2024 4:31:10 AM,-2.30
10609,3/24/2024 4:31:53 AM,-1.80
10609,3/24/2024 4:32:03 AM,-1.60
10609,3/24/2024 4:32:13 AM,-1.90
10609,3/24/2024 4:32:29 AM,-2.10
10609,3/24/2024 4:32:38 AM,-2.00
10609,3/24/2024 4:33:04 AM,-2.10
10609,3/24/2024 4:33:22 AM,-2.00
10609,3/24/2024 4:33:50 AM,-2.10
10609,3/24/2024 4:33:53 AM,-2.00
10609,3/24/2024 4:34:05 AM,-2.20
10609,3/24/2024 4:34:55 AM,-2.00
10609,3/24/2024 4:35:37 AM,-2.10
10609,3/24/2024 4:35:48 AM,-1.90
10609,3/24/2024 4:36:19 AM,-2.00
10609,3/24/2024 4:36:23 AM,-2.10
10609,3/24/2024 4:36:56 AM,-2.00
10609,3/24/2024 4:37:22 AM,-2.10
10609,3/24/2024 4:37:27 AM,-2.00
10609,3/24/2024 4:38:13 AM,-1.80
10609,3/24/2024 4:38:18 AM,-1.90
10609,3/24/2024 4:38:21 AM,-1.80
10609,3/24/2024 4:38:48 AM,-2.00
10609,3/24/2024 4:38:55 AM,-1.80
10609,3/24/2024 4:39:02 AM,-1.90
10609,3/24/2024 4:39:04 AM,-1.80
10609,3/24/2024 4:39:18 AM,-1.90
10609,3/24/2024 4:39:21 AM,-1.80
10609,3/24/2024 4:39:36 AM,-1.90
10609,3/24/2024 4:39:40 AM,-1.80
10609,3/24/2024 4:39:44 AM,-1.90
10609,3/24/2024 4:39:47 AM,-1.80
10609,3/24/2024 4:40:03 AM,-1.90
10609,3/24/2024 4:40:07 AM,-1.80
10609,3/24/2024 4:40:11 AM,-1.90
10609,3/24/2024 4:40:15 AM,-1.80
10609,3/24/2024 4:41:08 AM,-2.00
10609,3/24/2024 4:41:31 AM,-1.90
10609,3/24/2024 4:41:33 AM,-2.00
10609,3/24/2024 4:41:44 AM,-1.70
10609,3/24/2024 4:42:26 AM,-1.80
10609,3/24/2024 4:42:30 AM,-1.90
10609,3/24/2024 4:42:32 AM,-1.80
10609,3/24/2024 4:42:46 AM,-1.70
10609,3/24/2024 4:42:53 AM,-1.90
10609,3/24/2024 4:43:01 AM,-1.80
10609,3/24/2024 4:43:24 AM,-1.90
10609,3/24/2024 4:43:56 AM,-1.70
10609,3/24/2024 4:44:34 AM,-1.80
10609,3/24/2024 4:44:40 AM,-1.90
10609,3/24/2024 4:44:42 AM,-1.80
10609,3/24/2024 4:44:50 AM,-1.90
10609,3/24/2024 4:44:56 AM,-1.80
10609,3/24/2024 4:44:59 AM,-1.90
10609,3/24/2024 4:45:01 AM,-1.80
10609,3/24/2024 4:45:06 AM,-1.90
10609,3/24/2024 4:45:16 AM,-1.80
10609,3/24/2024 4:45:31 AM,-1.90
10609,3/24/2024 4:45:36 AM,-1.80
10609,3/24/2024 4:45:52 AM,-2.00
10609,3/24/2024 4:45:55 AM,-1.90
10609,3/24/2024 4:45:59 AM,-2.00
10609,3/24/2024 4:46:16 AM,-1.80
10609,3/24/2024 4:46:36 AM,-1.90
10609,3/24/2024 4:46:40 AM,-1.80
10609,3/24/2024 4:46:43 AM,-1.90
10609,3/24/2024 4:46:54 AM,-2.00
10609,3/24/2024 4:47:21 AM,-1.90
10609,3/24/2024 4:48:15 AM,-2.00
10609,3/24/2024 4:48:35 AM,-2.30
10609,3/24/2024 4:48:47 AM,-2.40
10609,3/24/2024 4:48:50 AM,-2.30
10609,3/24/2024 4:49:46 AM,-2.00
10609,3/24/2024 4:49:51 AM,-1.90
10609,3/24/2024 4:50:50 AM,-2.00
10609,3/24/2024 4:50:54 AM,-1.90
10609,3/24/2024 4:50:56 AM,-2.00
10609,3/24/2024 4:51:06 AM,-2.10
10609,3/24/2024 4:51:17 AM,-2.00
10609,3/24/2024 4:51:22 AM,-2.20
10609,3/24/2024 4:51:35 AM,-2.10
10609,3/24/2024 4:51:39 AM,-2.20
10609,3/24/2024 4:52:09 AM,-2.30
10609,3/24/2024 4:52:13 AM,-2.20
10609,3/24/2024 4:53:14 AM,-2.10
10609,3/24/2024 4:53:23 AM,-2.30
10609,3/24/2024 4:53:25 AM,-2.20
10609,3/24/2024 4:53:38 AM,-2.30
10609,3/24/2024 4:54:14 AM,-2.10
10609,3/24/2024 4:54:23 AM,-2.30
10609,3/24/2024 4:54:25 AM,-2.10
10609,3/24/2024 4:54:33 AM,-2.20
10609,3/24/2024 4:54:39 AM,-2.10
10609,3/24/2024 4:54:51 AM,-2.20
10609,3/24/2024 4:54:54 AM,-2.10
10609,3/24/2024 4:55:15 AM,-2.40
10609,3/24/2024 4:55:39 AM,-2.20
10609,3/24/2024 4:56:09 AM,-2.10
10609,3/24/2024 4:56:21 AM,-2.20
10609,3/24/2024 4:56:38 AM,-2.10
10609,3/24/2024 4:56:40 AM,-2.20
10609,3/24/2024 4:56:59 AM,-2.00
10609,3/24/2024 4:57:09 AM,-2.10
10609,3/24/2024 4:57:16 AM,-2.00
10609,3/24/2024 4:57:46 AM,-2.20
10609,3/24/2024 4:57:49 AM,-2.10
10609,3/24/2024 4:57:53 AM,-2.20
10609,3/24/2024 4:58:15 AM,-2.30
10609,3/24/2024 4:58:37 AM,-2.20
10609,3/24/2024 4:58:44 AM,-2.10
10609,3/24/2024 5:00:00 AM,-2.10
10609,3/24/2024 5:00:10 AM,-2.20
10609,3/24/2024 5:00:17 AM,-2.00
10609,3/24/2024 5:00:19 AM,-2.10
10609,3/24/2024 5:00:24 AM,-1.90
10609,3/24/2024 5:00:27 AM,-2.00
10609,3/24/2024 5:00:30 AM,-1.90
10609,3/24/2024 5:00:49 AM,-1.80
10609,3/24/2024 5:00:57 AM,-1.60
10609,3/24/2024 5:01:08 AM,-1.90
10609,3/24/2024 5:01:11 AM,-2.40
10609,3/24/2024 5:01:15 AM,-2.10
10609,3/24/2024 5:01:37 AM,-1.90
10609,3/24/2024 5:01:43 AM,-2.00
10609,3/24/2024 5:01:56 AM,-1.90
10609,3/24/2024 5:02:19 AM,-2.10
10609,3/24/2024 5:03:19 AM,-1.80
10609,3/24/2024 5:03:28 AM,-2.00
10609,3/24/2024 5:03:46 AM,-1.90
10609,3/24/2024 5:03:50 AM,-2.00
10609,3/24/2024 5:04:05 AM,-2.10
10609,3/24/2024 5:04:12 AM,-1.90
10609,3/24/2024 5:04:16 AM,-1.70
10609,3/24/2024 5:04:24 AM,-1.90
10609,3/24/2024 5:04:31 AM,-1.70
10609,3/24/2024 5:05:09 AM,-1.90
10609,3/24/2024 5:05:28 AM,-1.60
10609,3/24/2024 5:05:39 AM,-1.80
10609,3/24/2024 5:05:43 AM,-1.70
10609,3/24/2024 5:05:47 AM,-1.80
10609,3/24/2024 5:06:44 AM,-2.10
10609,3/24/2024 5:07:27 AM,-1.80
10609,3/24/2024 5:07:30 AM,-2.00
10609,3/24/2024 5:07:46 AM,-1.70
10609,3/24/2024 5:07:57 AM,-1.80
10609,3/24/2024 5:08:03 AM,-2.00
10609,3/24/2024 5:08:27 AM,-1.80
10609,3/24/2024 5:08:36 AM,-1.90
10609,3/24/2024 5:08:42 AM,-1.80
10609,3/24/2024 5:09:10 AM,-1.90
10609,3/24/2024 5:09:23 AM,-1.80
10609,3/24/2024 5:09:30 AM,-1.90
10609,3/24/2024 5:09:34 AM,-1.80
10609,3/24/2024 5:10:01 AM,-2.10
10609,3/24/2024 5:10:06 AM,-2.20
10609,3/24/2024 5:10:17 AM,-2.00
10609,3/24/2024 5:10:19 AM,-2.10
10609,3/24/2024 5:10:27 AM,-1.90
10609,3/24/2024 5:10:35 AM,-1.80
10609,3/24/2024 5:11:06 AM,-2.00
10609,3/24/2024 5:11:12 AM,-1.90
10609,3/24/2024 5:11:30 AM,-2.10
10609,3/24/2024 5:11:32 AM,-2.00
10609,3/24/2024 5:11:42 AM,-1.90
10609,3/24/2024 5:11:47 AM,-1.70
10609,3/24/2024 5:11:51 AM,-1.90
10609,3/24/2024 5:11:54 AM,-1.80
10609,3/24/2024 5:11:58 AM,-1.90
10609,3/24/2024 5:12:17 AM,-1.50
10609,3/24/2024 5:12:25 AM,-2.00
10609,3/24/2024 5:12:55 AM,-2.10
10609,3/24/2024 5:13:02 AM,-2.30
10609,3/24/2024 5:13:33 AM,-2.00
10609,3/24/2024 5:13:36 AM,-2.10
10609,3/24/2024 5:13:42 AM,-2.00
10609,3/24/2024 5:13:45 AM,-1.80
10609,3/24/2024 5:13:49 AM,-1.70
10609,3/24/2024 5:13:54 AM,-1.80
10609,3/24/2024 5:14:01 AM,-1.60
10609,3/24/2024 5:14:04 AM,-1.40
10609,3/24/2024 5:14:08 AM,-1.30
10609,3/24/2024 5:14:27 AM,-1.70
10609,3/24/2024 5:14:31 AM,-1.50
10609,3/24/2024 5:14:34 AM,-1.70
10609,3/24/2024 5:14:41 AM,-1.60
10609,3/24/2024 5:15:13 AM,-1.80
10609,3/24/2024 5:15:43 AM,-1.70
10609,3/24/2024 5:15:49 AM,-1.60
10609,3/24/2024 5:15:58 AM,-1.70
10609,3/24/2024 5:16:01 AM,-1.60
10609,3/24/2024 5:16:11 AM,-1.80
10609,3/24/2024 5:16:18 AM,-1.70
10609,3/24/2024 5:16:22 AM,-1.80
10609,3/24/2024 5:16:37 AM,-1.70
10609,3/24/2024 5:16:46 AM,-1.80
10609,3/24/2024 5:16:53 AM,-1.70
10609,3/24/2024 5:16:57 AM,-1.80
10609,3/24/2024 5:17:32 AM,-1.70
10609,3/24/2024 5:17:43 AM,-1.80
10609,3/24/2024 5:17:50 AM,-1.70
10609,3/24/2024 5:17:57 AM,-1.80
10609,3/24/2024 5:18:01 AM,-1.70
10609,3/24/2024 5:18:21 AM,-1.90
10609,3/24/2024 5:18:33 AM,-1.80
10609,3/24/2024 5:18:36 AM,-1.70
10609,3/24/2024 5:18:41 AM,-1.80
10609,3/24/2024 5:18:56 AM,-1.90
10609,3/24/2024 5:19:03 AM,-1.70
10609,3/24/2024 5:19:05 AM,-1.80
10609,3/24/2024 5:19:50 AM,-1.90
10609,3/24/2024 5:20:00 AM,-1.80
10609,3/24/2024 5:20:13 AM,-1.90
10609,3/24/2024 5:20:48 AM,-1.70
10609,3/24/2024 5:20:51 AM,-1.80
10609,3/24/2024 5:20:55 AM,-1.70
10609,3/24/2024 5:21:17 AM,-1.80
10609,3/24/2024 5:21:22 AM,-1.70
10609,3/24/2024 5:21:34 AM,-1.90
10609,3/24/2024 5:22:45 AM,-1.80
10609,3/24/2024 5:22:59 AM,-1.50
10609,3/24/2024 5:23:03 AM,-1.70
10609,3/24/2024 5:23:17 AM,-1.90
10609,3/24/2024 5:23:43 AM,-1.70
10609,3/24/2024 5:23:50 AM,-1.90
10609,3/24/2024 5:23:53 AM,-1.80
10609,3/24/2024 5:24:05 AM,-1.90
10609,3/24/2024 5:24:07 AM,-2.00
10609,3/24/2024 5:24:14 AM,-1.90
10609,3/24/2024 5:24:22 AM,-2.10
10609,3/24/2024 5:24:30 AM,-2.20
10609,3/24/2024 5:24:35 AM,-2.00
10609,3/24/2024 5:24:38 AM,-2.10
10609,3/24/2024 5:24:56 AM,-2.20
10609,3/24/2024 5:25:22 AM,-1.40
10609,3/24/2024 5:25:32 AM,-1.30
10609,3/24/2024 5:25:48 AM,-1.60
10609,3/24/2024 5:25:50 AM,-1.80
10609,3/24/2024 5:25:54 AM,-1.90
10609,3/24/2024 5:25:58 AM,-1.80
10609,3/24/2024 5:26:02 AM,-1.90
10609,3/24/2024 5:26:18 AM,-1.80
10609,3/24/2024 5:27:09 AM,-2.00
10609,3/24/2024 5:27:22 AM,-2.10
10609,3/24/2024 5:27:27 AM,-2.00
10609,3/24/2024 5:27:38 AM,-2.10
10609,3/24/2024 5:27:45 AM,-2.00
10609,3/24/2024 5:27:48 AM,-2.10
10609,3/24/2024 5:27:50 AM,-2.00
10609,3/24/2024 5:28:27 AM,-2.10
10609,3/24/2024 5:28:48 AM,-2.00
10609,3/24/2024 5:29:10 AM,-2.10
10609,3/24/2024 5:29:24 AM,-1.90
10609,3/24/2024 5:29:40 AM,-2.10
10609,3/24/2024 5:29:51 AM,-2.00
10609,3/24/2024 5:29:57 AM,-2.10
10609,3/24/2024 5:30:22 AM,-1.90
10609,3/24/2024 5:30:53 AM,-2.10
10609,3/24/2024 5:30:56 AM,-2.00
10609,3/24/2024 5:31:13 AM,-1.90
10609,3/24/2024 5:31:17 AM,-2.00
10609,3/24/2024 5:31:27 AM,-1.90
10609,3/24/2024 5:31:30 AM,-2.00
10609,3/24/2024 5:31:40 AM,-1.80
10609,3/24/2024 5:31:43 AM,-1.90
10609,3/24/2024 5:31:55 AM,-1.70
10609,3/24/2024 5:32:20 AM,-2.00
10609,3/24/2024 5:32:35 AM,-2.10
10609,3/24/2024 5:32:42 AM,-1.90
10609,3/24/2024 5:32:53 AM,-1.80
10609,3/24/2024 5:32:55 AM,-1.90
10609,3/24/2024 5:33:02 AM,-2.00
10609,3/24/2024 5:33:07 AM,-1.90
10609,3/24/2024 5:33:18 AM,-2.10
10609,3/24/2024 5:33:22 AM,-2.00
10609,3/24/2024 5:33:57 AM,-2.20
10609,3/24/2024 5:34:12 AM,-2.50
10609,3/24/2024 5:34:39 AM,-2.10
10609,3/24/2024 5:34:46 AM,-2.20
10609,3/24/2024 5:34:52 AM,-2.10
10609,3/24/2024 5:35:07 AM,-2.20
10609,3/24/2024 5:35:11 AM,-2.10
10609,3/24/2024 5:35:33 AM,-2.20
10609,3/24/2024 5:35:35 AM,-2.10
10609,3/24/2024 5:35:51 AM,-2.40
10609,3/24/2024 5:36:21 AM,-2.30
10609,3/24/2024 5:36:29 AM,-2.20
10609,3/24/2024 5:36:41 AM,-2.30
10609,3/24/2024 5:36:44 AM,-2.20
10609,3/24/2024 5:36:47 AM,-2.30
10609,3/24/2024 5:36:57 AM,-2.20
10609,3/24/2024 5:37:08 AM,-2.30
10609,3/24/2024 5:38:17 AM,-2.20
10609,3/24/2024 5:38:21 AM,-2.30
10609,3/24/2024 5:38:24 AM,-2.20
10609,3/24/2024 5:38:27 AM,-2.30
10609,3/24/2024 5:38:51 AM,-2.10
10609,3/24/2024 5:38:58 AM,-2.30
10609,3/24/2024 5:39:35 AM,-2.20
10609,3/24/2024 5:39:40 AM,-2.10
10609,3/24/2024 5:39:56 AM,-2.20
10609,3/24/2024 5:40:29 AM,-2.10
10609,3/24/2024 5:40:33 AM,-2.20
10609,3/24/2024 5:41:00 AM,-2.10
10609,3/24/2024 5:41:20 AM,-2.20
10609,3/24/2024 5:41:23 AM,-2.10
10609,3/24/2024 5:41:26 AM,-2.20
10609,3/24/2024 5:41:31 AM,-2.10
10609,3/24/2024 5:41:36 AM,-2.20
10609,3/24/2024 5:41:42 AM,-2.10
10609,3/24/2024 5:42:31 AM,-2.20
10609,3/24/2024 5:42:36 AM,-2.10
10609,3/24/2024 5:42:40 AM,-2.20
10609,3/24/2024 5:43:07 AM,-2.10
10609,3/24/2024 5:43:14 AM,-2.20
10609,3/24/2024 5:43:17 AM,-2.10
10609,3/24/2024 5:43:24 AM,-2.20
10609,3/24/2024 5:44:10 AM,-2.30
10609,3/24/2024 5:44:41 AM,-2.10
10609,3/24/2024 5:44:44 AM,-2.20
10609,3/24/2024 5:44:50 AM,-2.10
10609,3/24/2024 5:45:18 AM,-2.00
10609,3/24/2024 5:45:22 AM,-2.10
10609,3/24/2024 5:45:28 AM,-2.00
10609,3/24/2024 5:45:55 AM,-2.10
10609,3/24/2024 5:45:58 AM,-2.20
10609,3/24/2024 5:46:18 AM,-2.10
10609,3/24/2024 5:46:25 AM,-2.20
10609,3/24/2024 5:46:41 AM,-2.10
10609,3/24/2024 5:47:23 AM,-2.20
10609,3/24/2024 5:47:46 AM,-2.10
10609,3/24/2024 5:47:54 AM,-2.20
10609,3/24/2024 5:47:56 AM,-2.10
10609,3/24/2024 5:47:59 AM,-2.20
10609,3/24/2024 5:48:03 AM,-2.10
10609,3/24/2024 5:48:08 AM,-2.20
10609,3/24/2024 5:48:42 AM,-2.10
10609,3/24/2024 5:48:46 AM,-2.20
10609,3/24/2024 5:48:49 AM,-2.10
10609,3/24/2024 5:48:54 AM,-2.20
10609,3/24/2024 5:48:57 AM,-2.10
10609,3/24/2024 5:48:59 AM,-2.20
10609,3/24/2024 5:49:04 AM,-2.10
10609,3/24/2024 5:49:13 AM,-2.20
10609,3/24/2024 5:49:53 AM,-2.10
10609,3/24/2024 5:50:35 AM,-2.20
10609,3/24/2024 5:50:39 AM,-2.10
10609,3/24/2024 5:50:44 AM,-2.20
10609,3/24/2024 5:50:47 AM,-2.10
10609,3/24/2024 5:50:50 AM,-2.20
10609,3/24/2024 5:51:01 AM,-1.90
10609,3/24/2024 5:51:05 AM,-2.00
10609,3/24/2024 5:51:10 AM,-1.90
10609,3/24/2024 5:51:25 AM,-1.80
10609,3/24/2024 5:51:28 AM,-2.00
10609,3/24/2024 5:51:35 AM,-1.90
10609,3/24/2024 5:51:39 AM,-2.00
10609,3/24/2024 5:51:43 AM,-1.90
10609,3/24/2024 5:52:12 AM,-2.10
10609,3/24/2024 5:52:22 AM,-2.00
10609,3/24/2024 5:52:27 AM,-2.10
10609,3/24/2024 5:52:31 AM,-1.90
10609,3/24/2024 5:52:45 AM,-1.80
10609,3/24/2024 5:52:47 AM,-1.90
10609,3/24/2024 5:52:58 AM,-2.00
10609,3/24/2024 5:53:12 AM,-1.90
10609,3/24/2024 5:53:15 AM,-2.00
10609,3/24/2024 5:53:29 AM,-1.90
10609,3/24/2024 5:53:39 AM,-2.00
10609,3/24/2024 5:53:47 AM,-1.90
10609,3/24/2024 5:53:51 AM,-2.00
10609,3/24/2024 5:54:04 AM,-1.90
10609,3/24/2024 5:54:31 AM,-2.00
10609,3/24/2024 5:55:24 AM,-1.90
10609,3/24/2024 5:55:30 AM,-2.00
10609,3/24/2024 5:55:37 AM,-1.90
10609,3/24/2024 5:55:45 AM,-2.10
10609,3/24/2024 5:56:11 AM,-1.80
10609,3/24/2024 5:56:14 AM,-1.90
10609,3/24/2024 5:56:24 AM,-2.00
10609,3/24/2024 5:57:14 AM,-2.10
10609,3/24/2024 5:57:43 AM,-1.90
10609,3/24/2024 5:57:57 AM,-2.10
10609,3/24/2024 5:58:00 AM,-2.00
10609,3/24/2024 5:58:05 AM,-2.10
10609,3/24/2024 5:58:10 AM,-2.00
10609,3/24/2024 5:58:46 AM,-2.20
10609,3/24/2024 5:58:49 AM,-2.10
10609,3/24/2024 5:59:05 AM,-2.00
10609,3/24/2024 5:59:14 AM,-2.10
10609,3/24/2024 5:59:21 AM,-2.00
10609,3/24/2024 5:59:33 AM,-2.10
10609,3/24/2024 6:00:00 AM,-2.10
10609,3/24/2024 6:00:21 AM,-2.20
10609,3/24/2024 6:00:25 AM,-2.10
10609,3/24/2024 6:00:42 AM,-2.00
10609,3/24/2024 6:00:47 AM,-2.10
10609,3/24/2024 6:01:22 AM,-2.30
10609,3/24/2024 6:01:44 AM,-2.10
10609,3/24/2024 6:01:48 AM,-2.20
10609,3/24/2024 6:02:11 AM,-2.30
10609,3/24/2024 6:02:15 AM,-2.40
10609,3/24/2024 6:02:22 AM,-1.90
10609,3/24/2024 6:02:26 AM,-1.80
10609,3/24/2024 6:02:39 AM,-2.10
10609,3/24/2024 6:02:46 AM,-1.80
10609,3/24/2024 6:03:34 AM,-2.20
10609,3/24/2024 6:03:41 AM,-2.10
10609,3/24/2024 6:04:01 AM,-2.20
10609,3/24/2024 6:04:13 AM,-2.10
10609,3/24/2024 6:04:17 AM,-2.20
10609,3/24/2024 6:04:32 AM,-2.00
10609,3/24/2024 6:04:35 AM,-2.10
10609,3/24/2024 6:04:46 AM,-2.00
10609,3/24/2024 6:04:56 AM,-2.20
10609,3/24/2024 6:05:06 AM,-2.30
10609,3/24/2024 6:05:11 AM,-2.20
10609,3/24/2024 6:05:23 AM,-2.30
10609,3/24/2024 6:06:03 AM,-2.10
10609,3/24/2024 6:06:05 AM,-2.20
10609,3/24/2024 6:06:24 AM,-2.30
10609,3/24/2024 6:06:47 AM,-2.20
10609,3/24/2024 6:06:51 AM,-2.30
10609,3/24/2024 6:06:57 AM,-2.20
10609,3/24/2024 6:07:23 AM,-2.10
10609,3/24/2024 6:07:25 AM,-2.20
10609,3/24/2024 6:07:36 AM,-2.00
10609,3/24/2024 6:07:38 AM,-1.90
10609,3/24/2024 6:07:45 AM,-1.80
10609,3/24/2024 6:07:53 AM,-1.90
10609,3/24/2024 6:07:56 AM,-2.20
10609,3/24/2024 6:07:59 AM,-1.90
10609,3/24/2024 6:08:33 AM,-2.20
10609,3/24/2024 6:09:17 AM,-2.30
10609,3/24/2024 6:09:25 AM,-2.10
10609,3/24/2024 6:09:49 AM,-2.20
10609,3/24/2024 6:09:54 AM,-2.10
10609,3/24/2024 6:09:57 AM,-2.20
10609,3/24/2024 6:10:11 AM,-2.10
10609,3/24/2024 6:10:21 AM,-2.20
10609,3/24/2024 6:10:24 AM,-2.10
10609,3/24/2024 6:10:39 AM,-2.20
10609,3/24/2024 6:11:15 AM,-2.10
10609,3/24/2024 6:12:01 AM,-2.30
10609,3/24/2024 6:12:13 AM,-2.20
10609,3/24/2024 6:12:21 AM,-2.30
10609,3/24/2024 6:12:36 AM,-2.20
10609,3/24/2024 6:12:43 AM,-2.00
10609,3/24/2024 6:12:49 AM,-2.10
10609,3/24/2024 6:13:12 AM,-1.90
10609,3/24/2024 6:13:34 AM,-2.10
10609,3/24/2024 6:13:36 AM,-2.00
10609,3/24/2024 6:13:57 AM,-2.20
10609,3/24/2024 6:14:08 AM,-2.10
10609,3/24/2024 6:14:10 AM,-2.20
10609,3/24/2024 6:14:28 AM,-2.00
10609,3/24/2024 6:14:30 AM,-2.10
10609,3/24/2024 6:14:50 AM,-2.30
10609,3/24/2024 6:14:54 AM,-2.20
10609,3/24/2024 6:15:11 AM,-2.30
10609,3/24/2024 6:15:14 AM,-2.20
10609,3/24/2024 6:15:28 AM,-2.40
10609,3/24/2024 6:15:31 AM,-2.30
10609,3/24/2024 6:15:40 AM,-2.20
10609,3/24/2024 6:15:50 AM,-1.90
10609,3/24/2024 6:15:52 AM,-2.10
10609,3/24/2024 6:16:13 AM,-2.30
10609,3/24/2024 6:16:25 AM,-2.20
10609,3/24/2024 6:16:39 AM,-2.30
10609,3/24/2024 6:16:41 AM,-2.20
10609,3/24/2024 6:16:45 AM,-2.30
10609,3/24/2024 6:17:01 AM,-2.10
10609,3/24/2024 6:17:04 AM,-2.00
10609,3/24/2024 6:17:34 AM,-2.20
10609,3/24/2024 6:17:38 AM,-2.40
10609,3/24/2024 6:18:07 AM,-2.20
10609,3/24/2024 6:18:42 AM,-2.10
10609,3/24/2024 6:18:48 AM,-1.90
10609,3/24/2024 6:19:08 AM,-2.10
10609,3/24/2024 6:19:18 AM,-2.00
10609,3/24/2024 6:19:39 AM,-2.30
10609,3/24/2024 6:19:56 AM,-2.10
10609,3/24/2024 6:20:00 AM,-2.20
10609,3/24/2024 6:20:03 AM,-2.10
10609,3/24/2024 6:20:13 AM,-2.20
10609,3/24/2024 6:20:58 AM,-1.90
10609,3/24/2024 6:21:14 AM,-2.20
10609,3/24/2024 6:21:33 AM,-1.90
10609,3/24/2024 6:22:14 AM,-2.00
10609,3/24/2024 6:22:18 AM,-2.10
10609,3/24/2024 6:22:58 AM,-2.00
10609,3/24/2024 6:23:03 AM,-1.90
10609,3/24/2024 6:23:06 AM,-2.00
10609,3/24/2024 6:23:40 AM,-1.80
10609,3/24/2024 6:24:10 AM,-2.20
10609,3/24/2024 6:24:33 AM,-1.90
10609,3/24/2024 6:24:59 AM,-1.80
10609,3/24/2024 6:25:04 AM,-1.90
10609,3/24/2024 6:25:13 AM,-1.80
10609,3/24/2024 6:25:23 AM,-1.90
10609,3/24/2024 6:25:35 AM,-1.80
10609,3/24/2024 6:26:34 AM,-1.70
10609,3/24/2024 6:26:36 AM,-1.80
10609,3/24/2024 6:26:45 AM,-1.90
10609,3/24/2024 6:26:54 AM,-1.80
10609,3/24/2024 6:26:57 AM,-1.90
10609,3/24/2024 6:27:05 AM,-1.80
10609,3/24/2024 6:27:11 AM,-2.00
10609,3/24/2024 6:27:14 AM,-1.90
10609,3/24/2024 6:27:17 AM,-2.00
10609,3/24/2024 6:27:32 AM,-1.80
10609,3/24/2024 6:27:36 AM,-1.90
10609,3/24/2024 6:27:43 AM,-1.80
10609,3/24/2024 6:27:45 AM,-1.90
10609,3/24/2024 6:27:55 AM,-1.80
10609,3/24/2024 6:27:57 AM,-1.70
10609,3/24/2024 6:28:01 AM,-1.80
10609,3/24/2024 6:28:29 AM,-2.00
10609,3/24/2024 6:28:43 AM,-1.90
10609,3/24/2024 6:29:35 AM,-2.00
10609,3/24/2024 6:29:37 AM,-1.90
10609,3/24/2024 6:29:41 AM,-2.00
10609,3/24/2024 6:29:48 AM,-1.90
10609,3/24/2024 6:30:26 AM,-1.80
10609,3/24/2024 6:30:29 AM,-1.90
10609,3/24/2024 6:30:33 AM,-1.80
10609,3/24/2024 6:30:54 AM,-1.90
10609,3/24/2024 6:31:05 AM,-1.80
10609,3/24/2024 6:31:21 AM,-2.00
10609,3/24/2024 6:31:29 AM,-1.80
10609,3/24/2024 6:31:40 AM,-2.10
10609,3/24/2024 6:31:43 AM,-2.00
10609,3/24/2024 6:31:56 AM,-2.10
10609,3/24/2024 6:32:03 AM,-1.90
10609,3/24/2024 6:32:06 AM,-2.00
10609,3/24/2024 6:32:18 AM,-2.10
10609,3/24/2024 6:32:27 AM,-2.00
10609,3/24/2024 6:32:32 AM,-2.10
10609,3/24/2024 6:32:50 AM,-2.00
10609,3/24/2024 6:32:54 AM,-2.10
10609,3/24/2024 6:33:23 AM,-2.40
10609,3/24/2024 6:33:43 AM,-2.20
10609,3/24/2024 6:34:31 AM,-2.00
10609,3/24/2024 6:34:46 AM,-2.10
10609,3/24/2024 6:34:49 AM,-2.00
10609,3/24/2024 6:35:00 AM,-2.20
10609,3/24/2024 6:35:15 AM,-2.30
10609,3/24/2024 6:35:24 AM,-2.20
10609,3/24/2024 6:36:01 AM,-2.10
10609,3/24/2024 6:36:05 AM,-2.20
10609,3/24/2024 6:36:11 AM,-2.10
10609,3/24/2024 6:36:30 AM,-2.00
10609,3/24/2024 6:36:33 AM,-2.10
10609,3/24/2024 6:36:38 AM,-2.00
10609,3/24/2024 6:36:39 AM,-2.10
10609,3/24/2024 6:36:42 AM,-2.00
10609,3/24/2024 6:36:48 AM,-2.10
10609,3/24/2024 6:38:00 AM,-2.20
10609,3/24/2024 6:38:02 AM,-2.10
10609,3/24/2024 6:38:30 AM,-2.20
10609,3/24/2024 6:38:54 AM,-2.00
10609,3/24/2024 6:39:16 AM,-2.10
10609,3/24/2024 6:40:11 AM,-1.90
10609,3/24/2024 6:40:44 AM,-1.60
10609,3/24/2024 6:40:49 AM,-1.70
10609,3/24/2024 6:40:51 AM,-1.90
10609,3/24/2024 6:41:22 AM,-1.70
10609,3/24/2024 6:41:45 AM,-2.00
10609,3/24/2024 6:41:55 AM,-1.90
10609,3/24/2024 6:42:01 AM,-2.00
10609,3/24/2024 6:42:05 AM,-1.80
10609,3/24/2024 6:42:16 AM,-1.90
10609,3/24/2024 6:42:31 AM,-1.80
10609,3/24/2024 6:43:11 AM,-1.90
10609,3/24/2024 6:43:13 AM,-1.80
10609,3/24/2024 6:43:23 AM,-1.90
10609,3/24/2024 6:43:48 AM,-1.80
10609,3/24/2024 6:43:58 AM,-1.90
10609,3/24/2024 6:44:13 AM,-1.80
10609,3/24/2024 6:44:49 AM,-1.90
10609,3/24/2024 6:44:53 AM,-1.80
10609,3/24/2024 6:44:57 AM,-1.90
10609,3/24/2024 6:45:00 AM,-1.80
10609,3/24/2024 6:45:10 AM,-1.90
10609,3/24/2024 6:45:32 AM,-1.80
10609,3/24/2024 6:45:35 AM,-1.90
10609,3/24/2024 6:45:39 AM,-1.80
10609,3/24/2024 6:46:12 AM,-2.00
10609,3/24/2024 6:46:15 AM,-2.10
10609,3/24/2024 6:46:46 AM,-1.90
10609,3/24/2024 6:46:59 AM,-2.00
10609,3/24/2024 6:47:06 AM,-1.90
10609,3/24/2024 6:47:14 AM,-2.00
10609,3/24/2024 6:47:17 AM,-1.90
10609,3/24/2024 6:47:24 AM,-2.00
10609,3/24/2024 6:47:52 AM,-2.10
10609,3/24/2024 6:47:54 AM,-2.00
10609,3/24/2024 6:47:59 AM,-2.10
10609,3/24/2024 6:48:11 AM,-1.90
10609,3/24/2024 6:48:24 AM,-2.00
10609,3/24/2024 6:48:49 AM,-1.90
10609,3/24/2024 6:49:13 AM,-2.00
10609,3/24/2024 6:49:16 AM,-1.90
10609,3/24/2024 6:49:20 AM,-2.00
10609,3/24/2024 6:49:31 AM,-1.90
10609,3/24/2024 6:49:46 AM,-2.00
10609,3/24/2024 6:50:08 AM,-1.90
10609,3/24/2024 6:50:13 AM,-2.00
10609,3/24/2024 6:50:23 AM,-1.90
10609,3/24/2024 6:50:34 AM,-2.00
10609,3/24/2024 6:50:58 AM,-1.80
10609,3/24/2024 6:51:12 AM,-1.90
10609,3/24/2024 6:51:15 AM,-2.00
10609,3/24/2024 6:51:23 AM,-1.80
10609,3/24/2024 6:51:25 AM,-1.90
10609,3/24/2024 6:51:33 AM,-2.00
10609,3/24/2024 6:51:48 AM,-1.90
10609,3/24/2024 6:52:05 AM,-2.00
10609,3/24/2024 6:52:13 AM,-1.90
10609,3/24/2024 6:52:16 AM,-2.00
10609,3/24/2024 6:52:20 AM,-1.90
10609,3/24/2024 6:52:46 AM,-2.00
10609,3/24/2024 6:53:06 AM,-1.90
10609,3/24/2024 6:53:19 AM,-2.00
10609,3/24/2024 6:53:28 AM,-1.90
10609,3/24/2024 6:54:04 AM,-1.80
10609,3/24/2024 6:54:33 AM,-1.90
10609,3/24/2024 6:54:51 AM,-1.80
10609,3/24/2024 6:55:00 AM,-1.90
10609,3/24/2024 6:56:04 AM,-2.00
10609,3/24/2024 6:56:43 AM,-1.80
10609,3/24/2024 6:57:36 AM,-2.00
10609,3/24/2024 6:57:41 AM,-1.90
10609,3/24/2024 6:58:11 AM,-2.00
10609,3/24/2024 6:58:15 AM,-1.90
10609,3/24/2024 6:58:32 AM,-2.00
10609,3/24/2024 6:59:21 AM,-1.90
10609,3/24/2024 6:59:43 AM,-2.00
10609,3/24/2024 6:59:49 AM,-1.90
10609,3/24/2024 7:00:00 AM,-1.90
10609,3/24/2024 7:00:09 AM,-2.00
10609,3/24/2024 7:00:13 AM,-1.90
10609,3/24/2024 7:00:23 AM,-2.00
10609,3/24/2024 7:00:39 AM,-1.90
10609,3/24/2024 7:00:48 AM,-2.00
10609,3/24/2024 7:00:51 AM,-1.90
10609,3/24/2024 7:01:13 AM,-2.00
10609,3/24/2024 7:01:33 AM,-1.90
10609,3/24/2024 7:01:37 AM,-2.00
10609,3/24/2024 7:01:41 AM,-1.90
10609,3/24/2024 7:02:00 AM,-1.80
10609,3/24/2024 7:03:07 AM,-2.00
10609,3/24/2024 7:04:19 AM,-2.10
10609,3/24/2024 7:04:25 AM,-2.00
10609,3/24/2024 7:04:35 AM,-2.10
10609,3/24/2024 7:04:44 AM,-2.00
10609,3/24/2024 7:05:17 AM,-1.90
10609,3/24/2024 7:05:41 AM,-2.10
10609,3/24/2024 7:06:20 AM,-2.00
10609,3/24/2024 7:07:24 AM,-2.10
10609,3/24/2024 7:07:35 AM,-2.20
10609,3/24/2024 7:07:49 AM,-2.00
10609,3/24/2024 7:07:52 AM,-2.10
10609,3/24/2024 7:08:12 AM,-2.00
10609,3/24/2024 7:08:16 AM,-2.10
10609,3/24/2024 7:08:52 AM,-1.90
10609,3/24/2024 7:09:02 AM,-2.00
10609,3/24/2024 7:09:06 AM,-1.90
10609,3/24/2024 7:09:08 AM,-2.00
10609,3/24/2024 7:09:50 AM,-2.10
10609,3/24/2024 7:09:53 AM,-2.00
10609,3/24/2024 7:10:32 AM,-2.20
10609,3/24/2024 7:10:38 AM,-2.00
10609,3/24/2024 7:11:08 AM,-2.10
10609,3/24/2024 7:11:18 AM,-2.00
10609,3/24/2024 7:11:26 AM,-2.10
10609,3/24/2024 7:12:09 AM,-2.00
10609,3/24/2024 7:12:22 AM,-2.20
10609,3/24/2024 7:12:26 AM,-2.00
10609,3/24/2024 7:12:48 AM,-1.80
10609,3/24/2024 7:12:52 AM,-1.90
10609,3/24/2024 7:13:09 AM,-1.80
10609,3/24/2024 7:13:58 AM,-2.00
10609,3/24/2024 7:13:59 AM,-1.90
10609,3/24/2024 7:14:00 AM,-2.00
10609,3/24/2024 7:14:15 AM,-1.80
10609,3/24/2024 7:14:29 AM,-1.70
10609,3/24/2024 7:14:37 AM,-1.80
10609,3/24/2024 7:14:40 AM,-1.70
10609,3/24/2024 7:14:47 AM,-1.80
10609,3/24/2024 7:14:58 AM,-1.70
10609,3/24/2024 7:15:29 AM,-1.80
10609,3/24/2024 7:15:31 AM,-1.70
10609,3/24/2024 7:15:40 AM,-1.90
10609,3/24/2024 7:15:50 AM,-1.70
10609,3/24/2024 7:16:13 AM,-1.90
10609,3/24/2024 7:16:17 AM,-1.80
10609,3/24/2024 7:16:35 AM,-1.70
10609,3/24/2024 7:16:38 AM,-1.80
10609,3/24/2024 7:17:23 AM,-2.00
10609,3/24/2024 7:17:34 AM,-1.80
10609,3/24/2024 7:17:36 AM,-1.90
10609,3/24/2024 7:17:46 AM,-1.80
10609,3/24/2024 7:17:50 AM,-1.90
10609,3/24/2024 7:18:07 AM,-1.80
10609,3/24/2024 7:18:11 AM,-1.90
10609,3/24/2024 7:18:22 AM,-1.70
10609,3/24/2024 7:18:30 AM,-1.90
10609,3/24/2024 7:18:38 AM,-1.80
10609,3/24/2024 7:18:49 AM,-2.00
10609,3/24/2024 7:19:01 AM,-1.90
10609,3/24/2024 7:19:15 AM,-2.00
10609,3/24/2024 7:19:20 AM,-1.90
10609,3/24/2024 7:19:42 AM,-1.70
10609,3/24/2024 7:19:53 AM,-1.90
10609,3/24/2024 7:19:56 AM,-1.80
10609,3/24/2024 7:20:24 AM,-1.90
10609,3/24/2024 7:20:27 AM,-2.00
10609,3/24/2024 7:20:55 AM,-2.10
10609,3/24/2024 7:20:57 AM,-1.80
10609,3/24/2024 7:21:01 AM,-2.10
10609,3/24/2024 7:21:04 AM,-2.00
10609,3/24/2024 7:21:21 AM,-2.10
10609,3/24/2024 7:21:42 AM,-1.90
10609,3/24/2024 7:22:34 AM,-2.00
10609,3/24/2024 7:22:38 AM,-2.10
10609,3/24/2024 7:22:41 AM,-2.00
10609,3/24/2024 7:23:01 AM,-1.90
10609,3/24/2024 7:23:07 AM,-2.00
10609,3/24/2024 7:23:26 AM,-2.10
10609,3/24/2024 7:23:42 AM,-2.00
10609,3/24/2024 7:24:36 AM,-2.10
10609,3/24/2024 7:24:49 AM,-2.00
10609,3/24/2024 7:25:23 AM,-2.20
10609,3/24/2024 7:25:26 AM,-2.10
10609,3/24/2024 7:25:58 AM,-2.00
10609,3/24/2024 7:26:08 AM,-2.10
10609,3/24/2024 7:26:17 AM,-2.00
10609,3/24/2024 7:26:20 AM,-2.10
10609,3/24/2024 7:27:11 AM,-2.20
10609,3/24/2024 7:27:50 AM,-2.10
10609,3/24/2024 7:27:58 AM,-2.20
10609,3/24/2024 7:28:05 AM,-2.10
10609,3/24/2024 7:28:17 AM,-2.20
10609,3/24/2024 7:28:39 AM,-2.10
10609,3/24/2024 7:29:39 AM,-2.20
10609,3/24/2024 7:29:58 AM,-2.40
10609,3/24/2024 7:30:11 AM,-2.10
10609,3/24/2024 7:30:13 AM,-2.20
10609,3/24/2024 7:30:36 AM,-2.10
10609,3/24/2024 7:30:44 AM,-2.20
10609,3/24/2024 7:30:50 AM,-2.40
10609,3/24/2024 7:30:57 AM,-1.90
10609,3/24/2024 7:31:05 AM,-1.80
10609,3/24/2024 7:31:15 AM,-2.10
10609,3/24/2024 7:31:18 AM,-1.90
10609,3/24/2024 7:31:22 AM,-1.80
10609,3/24/2024 7:31:39 AM,-2.00
10609,3/24/2024 7:31:42 AM,-1.90
10609,3/24/2024 7:31:51 AM,-2.10
10609,3/24/2024 7:31:54 AM,-2.00
10609,3/24/2024 7:32:29 AM,-2.20
10609,3/24/2024 7:32:51 AM,-2.00
10609,3/24/2024 7:32:57 AM,-2.10
10609,3/24/2024 7:33:39 AM,-2.20
10609,3/24/2024 7:34:24 AM,-2.10
10609,3/24/2024 7:34:32 AM,-1.80
10609,3/24/2024 7:34:36 AM,-2.20
10609,3/24/2024 7:34:49 AM,-2.10
10609,3/24/2024 7:35:04 AM,-2.20
10609,3/24/2024 7:35:12 AM,-2.10
10609,3/24/2024 7:35:40 AM,-2.00
10609,3/24/2024 7:36:07 AM,-2.10
10609,3/24/2024 7:36:25 AM,-2.00
10609,3/24/2024 7:36:28 AM,-2.10
10609,3/24/2024 7:36:33 AM,-2.00
10609,3/24/2024 7:36:53 AM,-1.90
10609,3/24/2024 7:36:56 AM,-2.00
10609,3/24/2024 7:37:28 AM,-2.10
10609,3/24/2024 7:37:39 AM,-2.00
10609,3/24/2024 7:37:43 AM,-2.10
10609,3/24/2024 7:37:56 AM,-2.20
10609,3/24/2024 7:38:06 AM,-2.00
10609,3/24/2024 7:38:54 AM,-1.90
10609,3/24/2024 7:39:04 AM,-2.10
10609,3/24/2024 7:39:14 AM,-2.00
10609,3/24/2024 7:39:18 AM,-2.10
10609,3/24/2024 7:39:21 AM,-2.00
10609,3/24/2024 7:39:29 AM,-2.10
10609,3/24/2024 7:39:33 AM,-2.00
10609,3/24/2024 7:39:44 AM,-2.10
10609,3/24/2024 7:39:50 AM,-2.00
10609,3/24/2024 7:40:44 AM,-2.10
10609,3/24/2024 7:41:19 AM,-2.00
10609,3/24/2024 7:41:25 AM,-2.10
10609,3/24/2024 7:41:28 AM,-2.00
10609,3/24/2024 7:41:40 AM,-2.10
10609,3/24/2024 7:41:47 AM,-2.00
10609,3/24/2024 7:41:53 AM,-2.10
10609,3/24/2024 7:42:03 AM,-2.00
10609,3/24/2024 7:42:28 AM,-2.10
10609,3/24/2024 7:42:33 AM,-2.00
10609,3/24/2024 7:42:47 AM,-2.10
10609,3/24/2024 7:42:51 AM,-2.00
10609,3/24/2024 7:43:00 AM,-2.10
10609,3/24/2024 7:43:03 AM,-2.00
10609,3/24/2024 7:43:05 AM,-2.10
10609,3/24/2024 7:43:19 AM,-2.00
10609,3/24/2024 7:43:22 AM,-2.10
10609,3/24/2024 7:43:56 AM,-2.20
10609,3/24/2024 7:44:04 AM,-2.10
10609,3/24/2024 7:45:00 AM,-2.20
10609,3/24/2024 7:45:21 AM,-2.00
10609,3/24/2024 7:45:31 AM,-2.10
10609,3/24/2024 7:46:53 AM,-2.20
10609,3/24/2024 7:46:59 AM,-2.10
10609,3/24/2024 7:48:05 AM,-2.20
10609,3/24/2024 7:48:08 AM,-2.10
10609,3/24/2024 7:48:15 AM,-2.20
10609,3/24/2024 7:48:23 AM,-2.10
10609,3/24/2024 7:49:22 AM,-2.20
10609,3/24/2024 7:49:26 AM,-2.10
10609,3/24/2024 7:49:58 AM,-2.00
10609,3/24/2024 7:50:05 AM,-2.10
10609,3/24/2024 7:51:40 AM,-2.20
10609,3/24/2024 7:52:32 AM,-2.00
10609,3/24/2024 7:52:40 AM,-2.10
10609,3/24/2024 7:52:47 AM,-2.00
10609,3/24/2024 7:53:19 AM,-2.20
10609,3/24/2024 7:53:29 AM,-2.10
10609,3/24/2024 7:53:49 AM,-2.20
10609,3/24/2024 7:54:04 AM,-2.10
10609,3/24/2024 7:56:00 AM,-2.20
10609,3/24/2024 7:56:20 AM,-2.10
10609,3/24/2024 7:56:24 AM,-2.00
10609,3/24/2024 7:56:51 AM,-2.20
10609,3/24/2024 7:56:59 AM,-2.30
10609,3/24/2024 7:57:05 AM,-2.20
10609,3/24/2024 7:57:09 AM,-2.30
10609,3/24/2024 7:57:12 AM,-2.20
10609,3/24/2024 7:57:36 AM,-2.10
10609,3/24/2024 7:57:44 AM,-2.20
10609,3/24/2024 7:57:50 AM,-2.10
10609,3/24/2024 7:57:55 AM,-1.80
10609,3/24/2024 7:58:03 AM,-1.60
10609,3/24/2024 7:58:10 AM,-1.90
10609,3/24/2024 7:58:17 AM,-2.00
10609,3/24/2024 7:58:20 AM,-1.90
10609,3/24/2024 7:59:00 AM,-2.00
10609,3/24/2024 7:59:12 AM,-1.90
10609,3/24/2024 7:59:16 AM,-2.00
10609,3/24/2024 7:59:35 AM,-1.90
10609,3/24/2024 7:59:53 AM,-1.60
10609,3/24/2024 8:00:00 AM,-1.80
10609,3/24/2024 8:00:11 AM,-1.70
10609,3/24/2024 8:00:32 AM,-1.90
10609,3/24/2024 8:00:48 AM,-1.70
10609,3/24/2024 8:00:54 AM,-1.90
10609,3/24/2024 8:01:03 AM,-2.00
10609,3/24/2024 8:01:38 AM,-1.90
10609,3/24/2024 8:01:58 AM,-2.00
10609,3/24/2024 8:02:01 AM,-1.90
10609,3/24/2024 8:02:03 AM,-2.00
10609,3/24/2024 8:02:16 AM,-1.80
10609,3/24/2024 8:02:43 AM,-1.70
10609,3/24/2024 8:02:59 AM,-1.90
10609,3/24/2024 8:03:19 AM,-1.80
10609,3/24/2024 8:03:22 AM,-1.90
10609,3/24/2024 8:03:26 AM,-1.80
10609,3/24/2024 8:03:37 AM,-1.90
10609,3/24/2024 8:03:41 AM,-1.80
10609,3/24/2024 8:03:45 AM,-1.90
10609,3/24/2024 8:03:49 AM,-1.80
10609,3/24/2024 8:03:51 AM,-1.90
10609,3/24/2024 8:04:07 AM,-2.00
10609,3/24/2024 8:04:23 AM,-1.80
10609,3/24/2024 8:04:49 AM,-1.70
10609,3/24/2024 8:05:02 AM,-1.90
10609,3/24/2024 8:05:10 AM,-1.80
10609,3/24/2024 8:05:28 AM,-1.90
10609,3/24/2024 8:05:38 AM,-1.80
10609,3/24/2024 8:05:55 AM,-2.00
10609,3/24/2024 8:05:59 AM,-1.90
10609,3/24/2024 8:06:23 AM,-2.00
10609,3/24/2024 8:06:45 AM,-1.90
10609,3/24/2024 8:06:51 AM,-2.00
10609,3/24/2024 8:07:06 AM,-1.90
10609,3/24/2024 8:07:11 AM,-2.00
10609,3/24/2024 8:08:03 AM,-1.80
10609,3/24/2024 8:08:14 AM,-1.90
10609,3/24/2024 8:08:38 AM,-1.80
10609,3/24/2024 8:08:42 AM,-1.90
10609,3/24/2024 8:09:13 AM,-1.70
10609,3/24/2024 8:09:17 AM,-1.80
10609,3/24/2024 8:10:36 AM,-1.70
10609,3/24/2024 8:10:56 AM,-1.80
10609,3/24/2024 8:11:05 AM,-1.70
10609,3/24/2024 8:11:11 AM,-1.80
10609,3/24/2024 8:11:32 AM,-1.70
10609,3/24/2024 8:11:35 AM,-1.80
10609,3/24/2024 8:11:46 AM,-1.90
10609,3/24/2024 8:11:49 AM,-1.80
10609,3/24/2024 8:11:59 AM,-1.90
10609,3/24/2024 8:12:11 AM,-1.70
10609,3/24/2024 8:12:15 AM,-1.80
10609,3/24/2024 8:12:19 AM,-1.70
10609,3/24/2024 8:12:23 AM,-1.80
10609,3/24/2024 8:12:27 AM,-1.70
10609,3/24/2024 8:12:31 AM,-1.80
10609,3/24/2024 8:13:17 AM,-2.00
10609,3/24/2024 8:13:20 AM,-1.90
10609,3/24/2024 8:13:27 AM,-2.00
10609,3/24/2024 8:14:13 AM,-1.70
10609,3/24/2024 8:14:20 AM,-1.60
10609,3/24/2024 8:15:16 AM,-1.80
10609,3/24/2024 8:15:30 AM,-1.70
10609,3/24/2024 8:15:34 AM,-1.80
10609,3/24/2024 8:15:37 AM,-1.70
10609,3/24/2024 8:15:39 AM,-1.80
10609,3/24/2024 8:16:06 AM,-1.60
10609,3/24/2024 8:16:13 AM,-1.40
10609,3/24/2024 8:16:38 AM,-1.80
10609,3/24/2024 8:16:52 AM,-1.50
10609,3/24/2024 8:16:59 AM,-1.70
10609,3/24/2024 8:17:19 AM,-1.80
10609,3/24/2024 8:17:58 AM,-1.70
10609,3/24/2024 8:18:09 AM,-1.90
10609,3/24/2024 8:18:12 AM,-1.80
10609,3/24/2024 8:18:32 AM,-2.00
10609,3/24/2024 8:18:59 AM,-1.90
10609,3/24/2024 8:19:05 AM,-1.80
10609,3/24/2024 8:20:22 AM,-2.00
10609,3/24/2024 8:20:29 AM,-1.90
10609,3/24/2024 8:20:32 AM,-2.00
10609,3/24/2024 8:20:36 AM,-1.90
10609,3/24/2024 8:20:46 AM,-2.00
10609,3/24/2024 8:20:49 AM,-1.90
10609,3/24/2024 8:20:54 AM,-2.00
10609,3/24/2024 8:20:57 AM,-1.90
10609,3/24/2024 8:21:02 AM,-2.00
10609,3/24/2024 8:21:06 AM,-1.90
10609,3/24/2024 8:21:53 AM,-1.70
10609,3/24/2024 8:22:06 AM,-1.80
10609,3/24/2024 8:22:47 AM,-1.90
10609,3/24/2024 8:22:56 AM,-1.80
10609,3/24/2024 8:23:09 AM,-1.90
10609,3/24/2024 8:23:17 AM,-1.80
10609,3/24/2024 8:23:50 AM,-1.70
10609,3/24/2024 8:23:53 AM,-1.80
10609,3/24/2024 8:24:06 AM,-1.60
10609,3/24/2024 8:25:06 AM,-1.90
10609,3/24/2024 8:25:39 AM,-1.80
10609,3/24/2024 8:25:54 AM,-1.90
10609,3/24/2024 8:26:07 AM,-1.80
10609,3/24/2024 8:26:40 AM,-1.90
10609,3/24/2024 8:26:42 AM,-1.80
10609,3/24/2024 8:27:33 AM,-1.70
10609,3/24/2024 8:27:43 AM,-1.90
10609,3/24/2024 8:28:00 AM,-1.80
10609,3/24/2024 8:28:16 AM,-1.90
10609,3/24/2024 8:28:24 AM,-1.80
10609,3/24/2024 8:30:00 AM,-1.60
10609,3/24/2024 8:30:03 AM,-1.70
10609,3/24/2024 8:30:05 AM,-1.60
10609,3/24/2024 8:30:16 AM,-1.80
10609,3/24/2024 8:30:30 AM,-1.70
10609,3/24/2024 8:30:40 AM,-1.50
10609,3/24/2024 8:30:56 AM,-1.60
10609,3/24/2024 8:31:01 AM,-1.80
10609,3/24/2024 8:31:09 AM,-1.50
10609,3/24/2024 8:31:12 AM,-1.60
10609,3/24/2024 8:31:30 AM,-1.80
10609,3/24/2024 8:31:54 AM,-1.70
10609,3/24/2024 8:32:00 AM,-1.60
10609,3/24/2024 8:32:24 AM,-1.80
10609,3/24/2024 8:32:27 AM,-1.70
10609,3/24/2024 8:32:55 AM,-1.80
10609,3/24/2024 8:33:01 AM,-1.70
10609,3/24/2024 8:33:15 AM,-1.90
10609,3/24/2024 8:33:27 AM,-1.80
10609,3/24/2024 8:33:46 AM,-1.90
10609,3/24/2024 8:34:01 AM,-1.80
10609,3/24/2024 8:34:16 AM,-1.90
10609,3/24/2024 8:34:52 AM,-1.80
10609,3/24/2024 8:35:21 AM,-1.90
10609,3/24/2024 8:35:28 AM,-2.00
10609,3/24/2024 8:36:42 AM,-1.80
10609,3/24/2024 8:36:57 AM,-1.90
10609,3/24/2024 8:37:21 AM,-1.80
10609,3/24/2024 8:38:19 AM,-1.90
10609,3/24/2024 8:38:45 AM,-1.80
10609,3/24/2024 8:39:01 AM,-1.90
10609,3/24/2024 8:39:04 AM,-1.80
10609,3/24/2024 8:39:08 AM,-1.90
10609,3/24/2024 8:39:31 AM,-2.00
10609,3/24/2024 8:39:46 AM,-1.90
10609,3/24/2024 8:41:09 AM,-1.80
10609,3/24/2024 8:41:32 AM,-1.90
10609,3/24/2024 8:41:35 AM,-1.80
10609,3/24/2024 8:42:12 AM,-1.70
10609,3/24/2024 8:42:16 AM,-1.80
10609,3/24/2024 8:42:48 AM,-1.90
10609,3/24/2024 8:42:52 AM,-1.80
10609,3/24/2024 8:42:56 AM,-1.90
10609,3/24/2024 8:42:59 AM,-1.80
10609,3/24/2024 8:43:24 AM,-1.90
10609,3/24/2024 8:43:40 AM,-1.80
10609,3/24/2024 8:43:42 AM,-1.90
10609,3/24/2024 8:43:51 AM,-1.80
10609,3/24/2024 8:44:10 AM,-1.90
10609,3/24/2024 8:44:18 AM,-1.70
10609,3/24/2024 8:44:51 AM,-1.90
10609,3/24/2024 8:44:53 AM,-1.80
10609,3/24/2024 8:45:00 AM,-1.90
10609,3/24/2024 8:45:13 AM,-1.80
10609,3/24/2024 8:45:23 AM,-1.90
10609,3/24/2024 8:45:53 AM,-1.80
10609,3/24/2024 8:46:06 AM,-1.90
10609,3/24/2024 8:46:17 AM,-1.80
10609,3/24/2024 8:46:33 AM,-1.90
10609,3/24/2024 8:47:01 AM,-1.80
10609,3/24/2024 8:47:05 AM,-1.90
10609,3/24/2024 8:47:36 AM,-1.80
10609,3/24/2024 8:47:46 AM,-1.70
10609,3/24/2024 8:47:54 AM,-1.80
10609,3/24/2024 8:47:56 AM,-1.70
10609,3/24/2024 8:48:11 AM,-1.90
10609,3/24/2024 8:48:14 AM,-1.80
10609,3/24/2024 8:48:46 AM,-1.70
10609,3/24/2024 8:49:40 AM,-1.90
10609,3/24/2024 8:49:55 AM,-1.80
10609,3/24/2024 8:50:03 AM,-1.90
10609,3/24/2024 8:50:47 AM,-1.70
10609,3/24/2024 8:51:07 AM,-1.90
10609,3/24/2024 8:51:15 AM,-1.80
10609,3/24/2024 8:51:22 AM,-1.90
10609,3/24/2024 8:51:43 AM,-1.80
10609,3/24/2024 8:52:07 AM,-1.90
10609,3/24/2024 8:52:18 AM,-1.80
10609,3/24/2024 8:52:33 AM,-1.90
10609,3/24/2024 8:53:27 AM,-2.00
10609,3/24/2024 8:53:55 AM,-1.80
10609,3/24/2024 8:53:58 AM,-1.90
10609,3/24/2024 8:54:06 AM,-1.80
10609,3/24/2024 8:54:09 AM,-1.90
10609,3/24/2024 8:54:35 AM,-2.00
10609,3/24/2024 8:54:54 AM,-1.90
10609,3/24/2024 8:55:13 AM,-2.00
10609,3/24/2024 8:55:28 AM,-1.90
10609,3/24/2024 8:55:31 AM,-1.60
10609,3/24/2024 8:55:34 AM,-2.00
10609,3/24/2024 8:55:46 AM,-1.90
10609,3/24/2024 8:56:12 AM,-2.00
10609,3/24/2024 8:56:32 AM,-1.90
10609,3/24/2024 8:56:40 AM,-2.00
10609,3/24/2024 8:56:45 AM,-1.90
10609,3/24/2024 8:56:59 AM,-2.00
10609,3/24/2024 8:57:03 AM,-1.90
10609,3/24/2024 8:57:06 AM,-2.00
10609,3/24/2024 8:57:32 AM,-1.80
10609,3/24/2024 8:57:52 AM,-1.90
10609,3/24/2024 8:57:55 AM,-2.00
10609,3/24/2024 8:58:00 AM,-1.90
10609,3/24/2024 8:58:14 AM,-2.00
10609,3/24/2024 8:58:18 AM,-1.90
10609,3/24/2024 8:58:44 AM,-1.80
10609,3/24/2024 8:58:56 AM,-1.90
10609,3/24/2024 8:59:00 AM,-1.80
10609,3/24/2024 8:59:27 AM,-1.90
10609,3/24/2024 8:59:31 AM,-1.80
10609,3/24/2024 8:59:35 AM,-1.90
10609,3/24/2024 8:59:52 AM,-1.80
10609,3/24/2024 9:00:00 AM,-1.90
10609,3/24/2024 9:00:53 AM,-1.80
10609,3/24/2024 9:01:13 AM,-1.90
10609,3/24/2024 9:01:26 AM,-1.80
10609,3/24/2024 9:01:28 AM,-1.70
10609,3/24/2024 9:01:43 AM,-1.90
10609,3/24/2024 9:02:02 AM,-1.70
10609,3/24/2024 9:02:07 AM,-1.80
10609,3/24/2024 9:02:28 AM,-1.60
10609,3/24/2024 9:02:36 AM,-1.70
10609,3/24/2024 9:03:11 AM,-1.60
10609,3/24/2024 9:03:32 AM,-1.80
10609,3/24/2024 9:03:36 AM,-1.70
10609,3/24/2024 9:03:44 AM,-1.80
10609,3/24/2024 9:03:56 AM,-1.70
10609,3/24/2024 9:03:59 AM,-1.60
10609,3/24/2024 9:04:18 AM,-1.40
10609,3/24/2024 9:04:26 AM,-1.60
10609,3/24/2024 9:04:41 AM,-1.50
10609,3/24/2024 9:04:56 AM,-1.60
10609,3/24/2024 9:04:58 AM,-1.50
10609,3/24/2024 9:05:32 AM,-1.70
10609,3/24/2024 9:05:47 AM,-1.50
10609,3/24/2024 9:05:52 AM,-1.60
10609,3/24/2024 9:05:59 AM,-1.50
10609,3/24/2024 9:06:02 AM,-1.60
10609,3/24/2024 9:06:19 AM,-1.80
10609,3/24/2024 9:06:29 AM,-1.70
10609,3/24/2024 9:06:49 AM,-1.90
10609,3/24/2024 9:06:52 AM,-1.80
10609,3/24/2024 9:06:56 AM,-1.90
10609,3/24/2024 9:07:55 AM,-1.70
10609,3/24/2024 9:08:02 AM,-1.60
10609,3/24/2024 9:08:17 AM,-1.70
10609,3/24/2024 9:08:27 AM,-1.50
10609,3/24/2024 9:08:38 AM,-1.70
10609,3/24/2024 9:08:54 AM,-1.60
10609,3/24/2024 9:09:07 AM,-1.70
10609,3/24/2024 9:09:33 AM,-1.50
10609,3/24/2024 9:09:49 AM,-1.70
10609,3/24/2024 9:10:00 AM,-1.60
10609,3/24/2024 9:10:25 AM,-1.90
10609,3/24/2024 9:10:53 AM,-2.00
10609,3/24/2024 9:11:00 AM,-1.90
10609,3/24/2024 9:11:03 AM,-2.00
10609,3/24/2024 9:11:07 AM,-1.90
10609,3/24/2024 9:11:20 AM,-2.00
10609,3/24/2024 9:11:22 AM,-2.10
10609,3/24/2024 9:11:36 AM,-1.90
10609,3/24/2024 9:11:51 AM,-2.00
10609,3/24/2024 9:11:54 AM,-2.10
10609,3/24/2024 9:12:14 AM,-1.90
10609,3/24/2024 9:12:31 AM,-2.00
10609,3/24/2024 9:12:34 AM,-1.90
10609,3/24/2024 9:12:39 AM,-2.00
10609,3/24/2024 9:13:30 AM,-1.80
10609,3/24/2024 9:13:38 AM,-1.90
10609,3/24/2024 9:13:42 AM,-1.80
10609,3/24/2024 9:13:56 AM,-1.90
10609,3/24/2024 9:14:11 AM,-1.80
10609,3/24/2024 9:15:16 AM,-1.90
10609,3/24/2024 9:15:18 AM,-1.80
10609,3/24/2024 9:16:11 AM,-1.90
10609,3/24/2024 9:16:23 AM,-1.80
10609,3/24/2024 9:17:36 AM,-1.70
10609,3/24/2024 9:17:52 AM,-1.80
10609,3/24/2024 9:17:56 AM,-1.70
10609,3/24/2024 9:18:00 AM,-1.80
10609,3/24/2024 9:18:11 AM,-1.60
10609,3/24/2024 9:18:19 AM,-1.70
10609,3/24/2024 9:18:46 AM,-1.80
10609,3/24/2024 9:18:59 AM,-1.60
10609,3/24/2024 9:19:59 AM,-1.70
10609,3/24/2024 9:20:14 AM,-1.50
10609,3/24/2024 9:20:21 AM,-1.60
10609,3/24/2024 9:20:25 AM,-1.50
10609,3/24/2024 9:20:37 AM,-1.60
10609,3/24/2024 9:20:41 AM,-1.70
10609,3/24/2024 9:21:16 AM,-1.80
10609,3/24/2024 9:21:51 AM,-1.70
10609,3/24/2024 9:21:54 AM,-1.60
10609,3/24/2024 9:22:11 AM,-1.70
10609,3/24/2024 9:22:16 AM,-1.80
10609,3/24/2024 9:23:13 AM,-1.90
10609,3/24/2024 9:23:28 AM,-2.00
10609,3/24/2024 9:23:35 AM,-1.80
10609,3/24/2024 9:24:11 AM,-1.90
10609,3/24/2024 9:24:15 AM,-2.00
10609,3/24/2024 9:24:44 AM,-1.90
10609,3/24/2024 9:24:48 AM,-1.80
10609,3/24/2024 9:24:52 AM,-1.90
10609,3/24/2024 9:24:55 AM,-1.80
10609,3/24/2024 9:25:08 AM,-1.70
10609,3/24/2024 9:25:12 AM,-1.80
10609,3/24/2024 9:25:20 AM,-1.70
10609,3/24/2024 9:25:29 AM,-1.80
10609,3/24/2024 9:25:36 AM,-1.70
10609,3/24/2024 9:26:04 AM,-1.90
10609,3/24/2024 9:27:07 AM,-1.70
10609,3/24/2024 9:27:31 AM,-1.80
10609,3/24/2024 9:27:46 AM,-1.70
10609,3/24/2024 9:28:03 AM,-1.90
10609,3/24/2024 9:28:19 AM,-1.70
10609,3/24/2024 9:28:27 AM,-1.80
10609,3/24/2024 9:28:58 AM,-1.70
10609,3/24/2024 9:29:01 AM,-1.80
10609,3/24/2024 9:29:15 AM,-1.90
10609,3/24/2024 9:29:22 AM,-1.80
10609,3/24/2024 9:29:26 AM,-1.90
10609,3/24/2024 9:29:39 AM,-1.80
10609,3/24/2024 9:30:01 AM,-1.90
10609,3/24/2024 9:30:17 AM,-1.80
10609,3/24/2024 9:30:24 AM,-1.90
10609,3/24/2024 9:30:35 AM,-1.80
10609,3/24/2024 9:30:44 AM,-2.00
10609,3/24/2024 9:30:59 AM,-1.90
10609,3/24/2024 9:31:43 AM,-2.10
10609,3/24/2024 9:32:03 AM,-1.90
10609,3/24/2024 9:32:10 AM,-2.00
10609,3/24/2024 9:32:27 AM,-1.80
10609,3/24/2024 9:32:42 AM,-1.90
10609,3/24/2024 9:32:56 AM,-2.10
10609,3/24/2024 9:33:07 AM,-2.00
10609,3/24/2024 9:33:42 AM,-1.90
10609,3/24/2024 9:33:59 AM,-2.00
10609,3/24/2024 9:34:13 AM,-1.90
10609,3/24/2024 9:34:25 AM,-2.10
10609,3/24/2024 9:34:43 AM,-2.00
10609,3/24/2024 9:34:47 AM,-2.10
10609,3/24/2024 9:35:19 AM,-2.00
10609,3/24/2024 9:35:37 AM,-2.20
10609,3/24/2024 9:36:05 AM,-2.10
10609,3/24/2024 9:36:10 AM,-2.00
10609,3/24/2024 9:36:17 AM,-2.10
10609,3/24/2024 9:36:40 AM,-2.00
10609,3/24/2024 9:36:57 AM,-2.20
10609,3/24/2024 9:37:17 AM,-2.10
10609,3/24/2024 9:37:25 AM,-2.20
10609,3/24/2024 9:37:36 AM,-2.10
10609,3/24/2024 9:38:06 AM,-2.20
10609,3/24/2024 9:38:12 AM,-2.10
10609,3/24/2024 9:38:20 AM,-2.20
10609,3/24/2024 9:38:24 AM,-2.10
10609,3/24/2024 9:38:32 AM,-2.20
10609,3/24/2024 9:38:39 AM,-2.10
10609,3/24/2024 9:38:42 AM,-2.20
10609,3/24/2024 9:38:57 AM,-2.10
10609,3/24/2024 9:39:06 AM,-2.30
10609,3/24/2024 9:39:35 AM,-2.40
10609,3/24/2024 9:39:39 AM,-2.30
10609,3/24/2024 9:39:43 AM,-2.40
10609,3/24/2024 9:39:46 AM,-2.30
10609,3/24/2024 9:40:20 AM,-2.50
10609,3/24/2024 9:40:22 AM,-2.40
10609,3/24/2024 9:40:44 AM,-2.50
10609,3/24/2024 9:42:05 AM,-2.60
10609,3/24/2024 9:42:08 AM,-2.50
10609,3/24/2024 9:42:14 AM,-2.60
10609,3/24/2024 9:42:19 AM,-2.50
10609,3/24/2024 9:42:23 AM,-2.60
10609,3/24/2024 9:43:05 AM,-2.50
10609,3/24/2024 9:43:40 AM,-2.60
10609,3/24/2024 9:44:08 AM,-2.50
10609,3/24/2024 9:44:14 AM,-2.60
10609,3/24/2024 9:44:25 AM,-2.50
10609,3/24/2024 9:44:30 AM,-2.60
10609,3/24/2024 9:44:46 AM,-2.50
10609,3/24/2024 9:45:22 AM,-2.70
10609,3/24/2024 9:45:30 AM,-2.60
10609,3/24/2024 9:45:58 AM,-2.80
10609,3/24/2024 9:46:08 AM,-2.60
10609,3/24/2024 9:46:14 AM,-2.70
10609,3/24/2024 9:46:47 AM,-2.60
10609,3/24/2024 9:47:06 AM,-2.70
10609,3/24/2024 9:47:16 AM,-2.50
10609,3/24/2024 9:47:27 AM,-2.40
10609,3/24/2024 9:47:39 AM,-2.60
10609,3/24/2024 9:47:42 AM,-2.50
10609,3/24/2024 9:47:45 AM,-2.60
10609,3/24/2024 9:47:56 AM,-2.40
10609,3/24/2024 9:48:07 AM,-2.50
10609,3/24/2024 9:48:18 AM,-2.80
10609,3/24/2024 9:48:33 AM,-2.60
10609,3/24/2024 9:48:36 AM,-2.70
10609,3/24/2024 9:48:47 AM,-2.80
10609,3/24/2024 9:48:58 AM,-2.60
10609,3/24/2024 9:49:03 AM,-2.70
10609,3/24/2024 9:49:07 AM,-2.60
10609,3/24/2024 9:49:53 AM,-2.80
10609,3/24/2024 9:50:20 AM,-2.70
10609,3/24/2024 9:50:27 AM,-2.60
10609,3/24/2024 9:50:44 AM,-2.80
10609,3/24/2024 9:50:48 AM,-2.70
10609,3/24/2024 9:51:06 AM,-2.80
10609,3/24/2024 9:51:36 AM,-2.70
10609,3/24/2024 9:51:40 AM,-2.60
10609,3/24/2024 9:51:50 AM,-2.70
10609,3/24/2024 9:51:54 AM,-2.60
10609,3/24/2024 9:52:15 AM,-2.50
10609,3/24/2024 9:52:29 AM,-2.70
10609,3/24/2024 9:52:57 AM,-2.60
10609,3/24/2024 9:53:10 AM,-2.70
10609,3/24/2024 9:54:11 AM,-2.60
10609,3/24/2024 9:54:20 AM,-2.50
10609,3/24/2024 9:54:25 AM,-2.60
10609,3/24/2024 9:54:28 AM,-2.50
10609,3/24/2024 9:54:54 AM,-2.70
10609,3/24/2024 9:55:23 AM,-2.80
10609,3/24/2024 9:55:35 AM,-2.70
10609,3/24/2024 9:55:40 AM,-2.80
10609,3/24/2024 9:56:16 AM,-2.60
10609,3/24/2024 9:56:31 AM,-2.70
10609,3/24/2024 9:56:35 AM,-2.60
10609,3/24/2024 9:57:19 AM,-2.80
10609,3/24/2024 9:57:24 AM,-2.70
10609,3/24/2024 9:58:29 AM,-2.80
10609,3/24/2024 9:58:37 AM,-2.70
10609,3/24/2024 9:58:54 AM,-2.80
10609,3/24/2024 9:59:01 AM,-2.70
10609,3/24/2024 9:59:30 AM,-2.80
10609,3/24/2024 9:59:33 AM,-2.90
10609,3/24/2024 9:59:37 AM,-2.80
10609,3/24/2024 10:00:00 AM,-2.70
10609,3/24/2024 10:00:24 AM,-2.80
10609,3/24/2024 10:00:26 AM,-2.70
10609,3/24/2024 10:00:28 AM,-2.80
10609,3/24/2024 10:00:52 AM,-3.00
10609,3/24/2024 10:00:56 AM,-3.10
10609,3/24/2024 10:01:06 AM,-2.40
10609,3/24/2024 10:01:25 AM,-2.30
10609,3/24/2024 10:01:30 AM,-2.50
10609,3/24/2024 10:01:33 AM,-2.70
10609,3/24/2024 10:02:00 AM,-2.80
10609,3/24/2024 10:02:06 AM,-2.70
10609,3/24/2024 10:02:14 AM,-2.80
10609,3/24/2024 10:02:35 AM,-2.60
10609,3/24/2024 10:02:38 AM,-2.40
10609,3/24/2024 10:02:50 AM,-2.70
10609,3/24/2024 10:02:58 AM,-2.60
10609,3/24/2024 10:03:00 AM,-2.70
10609,3/24/2024 10:03:04 AM,-2.60
10609,3/24/2024 10:03:39 AM,-2.70
10609,3/24/2024 10:03:49 AM,-2.40
10609,3/24/2024 10:03:57 AM,-2.30
10609,3/24/2024 10:04:12 AM,-2.50
10609,3/24/2024 10:04:16 AM,-2.40
10609,3/24/2024 10:04:20 AM,-2.50
10609,3/24/2024 10:04:27 AM,-2.30
10609,3/24/2024 10:04:46 AM,-2.60
10609,3/24/2024 10:04:52 AM,-2.50
10609,3/24/2024 10:05:03 AM,-2.60
10609,3/24/2024 10:05:08 AM,-2.50
10609,3/24/2024 10:05:19 AM,-2.70
10609,3/24/2024 10:05:30 AM,-2.40
10609,3/24/2024 10:05:39 AM,-2.60
10609,3/24/2024 10:05:51 AM,-2.20
10609,3/24/2024 10:06:04 AM,-2.30
10609,3/24/2024 10:06:19 AM,-2.60
10609,3/24/2024 10:06:54 AM,-2.40
10609,3/24/2024 10:07:08 AM,-2.10
10609,3/24/2024 10:07:16 AM,-2.30
10609,3/24/2024 10:07:33 AM,-2.00
10609,3/24/2024 10:08:15 AM,-2.20
10609,3/24/2024 10:08:18 AM,-2.30
10609,3/24/2024 10:08:43 AM,-2.40
10609,3/24/2024 10:08:54 AM,-2.20
10609,3/24/2024 10:09:10 AM,-2.40
10609,3/24/2024 10:09:39 AM,-2.60
10609,3/24/2024 10:09:59 AM,-2.30
10609,3/24/2024 10:10:08 AM,-2.50
10609,3/24/2024 10:10:59 AM,-2.70
10609,3/24/2024 10:11:06 AM,-2.50
10609,3/24/2024 10:11:13 AM,-2.70
10609,3/24/2024 10:11:37 AM,-2.50
10609,3/24/2024 10:11:48 AM,-2.70
10609,3/24/2024 10:11:52 AM,-2.60
10609,3/24/2024 10:12:27 AM,-2.40
10609,3/24/2024 10:12:35 AM,-2.50
10609,3/24/2024 10:12:53 AM,-2.40
10609,3/24/2024 10:12:59 AM,-2.50
10609,3/24/2024 10:13:11 AM,-2.40
10609,3/24/2024 10:13:18 AM,-2.60
10609,3/24/2024 10:13:22 AM,-2.50
10609,3/24/2024 10:13:56 AM,-2.70
10609,3/24/2024 10:14:00 AM,-2.60
10609,3/24/2024 10:14:15 AM,-2.50
10609,3/24/2024 10:14:24 AM,-2.60
10609,3/24/2024 10:14:32 AM,-2.30
10609,3/24/2024 10:14:39 AM,-2.20
10609,3/24/2024 10:14:42 AM,-2.30
10609,3/24/2024 10:14:46 AM,-2.20
10609,3/24/2024 10:14:53 AM,-2.30
10609,3/24/2024 10:15:23 AM,-2.40
10609,3/24/2024 10:15:25 AM,-2.50
10609,3/24/2024 10:15:34 AM,-2.40
10609,3/24/2024 10:16:00 AM,-2.60
10609,3/24/2024 10:16:03 AM,-2.70
10609,3/24/2024 10:16:20 AM,-2.60
10609,3/24/2024 10:16:23 AM,-2.50
10609,3/24/2024 10:16:38 AM,-2.40
10609,3/24/2024 10:16:41 AM,-2.50
10609,3/24/2024 10:16:49 AM,-2.40
10609,3/24/2024 10:17:02 AM,-2.60
10609,3/24/2024 10:17:16 AM,-2.30
10609,3/24/2024 10:17:29 AM,-2.60
10609,3/24/2024 10:17:40 AM,-2.40
10609,3/24/2024 10:17:44 AM,-2.50
10609,3/24/2024 10:18:32 AM,-2.20
10609,3/24/2024 10:18:41 AM,-2.40
10609,3/24/2024 10:18:50 AM,-2.50
10609,3/24/2024 10:18:53 AM,-2.40
10609,3/24/2024 10:18:56 AM,-2.50
10609,3/24/2024 10:19:00 AM,-2.40
10609,3/24/2024 10:19:07 AM,-2.50
10609,3/24/2024 10:19:15 AM,-2.40
10609,3/24/2024 10:19:49 AM,-2.70
10609,3/24/2024 10:19:56 AM,-2.50
10609,3/24/2024 10:20:15 AM,-2.60
10609,3/24/2024 10:20:19 AM,-2.50
10609,3/24/2024 10:20:26 AM,-2.60
10609,3/24/2024 10:20:38 AM,-2.40
10609,3/24/2024 10:20:46 AM,-2.70
10609,3/24/2024 10:20:54 AM,-2.40
10609,3/24/2024 10:21:02 AM,-2.70
10609,3/24/2024 10:21:08 AM,-2.50
10609,3/24/2024 10:21:22 AM,-2.40
10609,3/24/2024 10:21:28 AM,-2.60
10609,3/24/2024 10:21:32 AM,-2.30
10609,3/24/2024 10:21:36 AM,-2.20
10609,3/24/2024 10:21:46 AM,-2.30
10609,3/24/2024 10:21:49 AM,-2.10
10609,3/24/2024 10:22:02 AM,-2.30
10609,3/24/2024 10:22:06 AM,-2.20
10609,3/24/2024 10:22:27 AM,-2.30
10609,3/24/2024 10:22:31 AM,-2.10
10609,3/24/2024 10:22:42 AM,-2.00
10609,3/24/2024 10:22:53 AM,-2.50
10609,3/24/2024 10:23:03 AM,-2.70
10609,3/24/2024 10:23:07 AM,-2.60
10609,3/24/2024 10:23:23 AM,-2.50
10609,3/24/2024 10:23:28 AM,-2.40
10609,3/24/2024 10:23:46 AM,-2.30
10609,3/24/2024 10:23:54 AM,-2.40
10609,3/24/2024 10:24:08 AM,-2.30
10609,3/24/2024 10:24:21 AM,-2.50
10609,3/24/2024 10:24:32 AM,-2.40
10609,3/24/2024 10:24:51 AM,-2.70
10609,3/24/2024 10:24:53 AM,-2.50
10609,3/24/2024 10:24:57 AM,-2.40
10609,3/24/2024 10:25:04 AM,-2.60
10609,3/24/2024 10:25:09 AM,-2.50
10609,3/24/2024 10:25:24 AM,-2.60
10609,3/24/2024 10:26:15 AM,-2.50
10609,3/24/2024 10:26:37 AM,-2.80
10609,3/24/2024 10:26:47 AM,-2.70
10609,3/24/2024 10:26:56 AM,-2.80
10609,3/24/2024 10:27:05 AM,-2.40
10609,3/24/2024 10:27:24 AM,-2.60
10609,3/24/2024 10:27:26 AM,-2.70
10609,3/24/2024 10:27:47 AM,-2.60
10609,3/24/2024 10:27:51 AM,-2.50
10609,3/24/2024 10:27:54 AM,-2.60
10609,3/24/2024 10:27:57 AM,-2.50
10609,3/24/2024 10:28:18 AM,-2.40
10609,3/24/2024 10:28:47 AM,-2.70
10609,3/24/2024 10:29:00 AM,-2.60
10609,3/24/2024 10:29:04 AM,-2.50
10609,3/24/2024 10:29:29 AM,-2.40
10609,3/24/2024 10:29:32 AM,-2.30
10609,3/24/2024 10:29:43 AM,-2.50
10609,3/24/2024 10:29:46 AM,-2.40
10609,3/24/2024 10:29:49 AM,-2.50
10609,3/24/2024 10:29:59 AM,-2.40
10609,3/24/2024 10:30:02 AM,-2.30
10609,3/24/2024 10:30:16 AM,-2.20
10609,3/24/2024 10:30:33 AM,-2.30
10609,3/24/2024 10:30:36 AM,-2.40
10609,3/24/2024 10:30:49 AM,-2.50
10609,3/24/2024 10:31:07 AM,-2.40
10609,3/24/2024 10:31:22 AM,-2.50
10609,3/24/2024 10:31:29 AM,-2.40
10609,3/24/2024 10:31:42 AM,-2.50
10609,3/24/2024 10:32:00 AM,-2.30
10609,3/24/2024 10:32:17 AM,-2.50
10609,3/24/2024 10:32:25 AM,-2.40
10609,3/24/2024 10:32:38 AM,-2.60
10609,3/24/2024 10:33:01 AM,-2.50
10609,3/24/2024 10:33:05 AM,-2.50
10609,3/24/2024 10:33:08 AM,-2.60
10609,3/24/2024 10:33:23 AM,-2.50
10609,3/24/2024 10:33:27 AM,-2.40
10609,3/24/2024 10:33:31 AM,-2.60
10609,3/24/2024 10:33:38 AM,-2.40
10609,3/24/2024 10:33:41 AM,-2.50
10609,3/24/2024 10:33:45 AM,-2.40
10609,3/24/2024 10:33:49 AM,-2.50
10609,3/24/2024 10:33:57 AM,-2.40
10609,3/24/2024 10:34:01 AM,-2.20
10609,3/24/2024 10:34:12 AM,-2.60
10609,3/24/2024 10:34:31 AM,-2.40
10609,3/24/2024 10:34:37 AM,-2.20
10609,3/24/2024 10:34:45 AM,-2.30
10609,3/24/2024 10:34:48 AM,-2.20
10609,3/24/2024 10:35:02 AM,-2.40
10609,3/24/2024 10:35:09 AM,-2.30
10609,3/24/2024 10:35:14 AM,-2.50
10609,3/24/2024 10:35:18 AM,-2.40
10609,3/24/2024 10:35:22 AM,-2.20
10609,3/24/2024 10:35:28 AM,-2.40
10609,3/24/2024 10:35:34 AM,-2.50
10609,3/24/2024 10:35:37 AM,-2.40
10609,3/24/2024 10:35:40 AM,-2.50
10609,3/24/2024 10:35:42 AM,-2.40
10609,3/24/2024 10:36:00 AM,-2.50
10609,3/24/2024 10:36:12 AM,-2.30
10609,3/24/2024 10:36:20 AM,-2.60
10609,3/24/2024 10:36:32 AM,-2.80
10609,3/24/2024 10:36:39 AM,-2.70
10609,3/24/2024 10:36:46 AM,-2.90
10609,3/24/2024 10:36:59 AM,-2.70
10609,3/24/2024 10:37:03 AM,-2.50
10609,3/24/2024 10:37:06 AM,-2.60
10609,3/24/2024 10:37:28 AM,-2.50
10609,3/24/2024 10:37:34 AM,-2.40
10609,3/24/2024 10:37:38 AM,-2.50
10609,3/24/2024 10:37:55 AM,-2.40
10609,3/24/2024 10:37:58 AM,-2.50
10609,3/24/2024 10:38:35 AM,-2.30
10609,3/24/2024 10:38:43 AM,-2.10
10609,3/24/2024 10:38:52 AM,-2.20
10609,3/24/2024 10:38:56 AM,-2.10
10609,3/24/2024 10:39:09 AM,-2.20
10609,3/24/2024 10:39:35 AM,-2.10
10609,3/24/2024 10:39:54 AM,-2.20
10609,3/24/2024 10:39:58 AM,-2.30
10609,3/24/2024 10:40:05 AM,-2.10
10609,3/24/2024 10:40:33 AM,-2.20
10609,3/24/2024 10:40:47 AM,-2.40
10609,3/24/2024 10:41:22 AM,-2.30
10609,3/24/2024 10:41:28 AM,-2.50
10609,3/24/2024 10:41:51 AM,-2.30
10609,3/24/2024 10:42:02 AM,-2.40
10609,3/24/2024 10:42:09 AM,-2.30
10609,3/24/2024 10:42:12 AM,-2.40
10609,3/24/2024 10:42:17 AM,-2.20
10609,3/24/2024 10:42:23 AM,-2.30
10609,3/24/2024 10:42:32 AM,-2.20
10609,3/24/2024 10:42:37 AM,-2.30
10609,3/24/2024 10:42:39 AM,-2.20
10609,3/24/2024 10:42:42 AM,-2.30
10609,3/24/2024 10:42:44 AM,-2.20
10609,3/24/2024 10:43:15 AM,-2.00
10609,3/24/2024 10:43:43 AM,-2.10
10609,3/24/2024 10:43:58 AM,-2.30
10609,3/24/2024 10:44:14 AM,-2.10
10609,3/24/2024 10:44:22 AM,-2.20
10609,3/24/2024 10:44:26 AM,-2.10
10609,3/24/2024 10:44:35 AM,-2.20
10609,3/24/2024 10:44:47 AM,-2.10
10609,3/24/2024 10:45:19 AM,-2.40
10609,3/24/2024 10:45:40 AM,-2.30
10609,3/24/2024 10:45:44 AM,-2.20
10609,3/24/2024 10:45:57 AM,-2.50
10609,3/24/2024 10:46:08 AM,-2.30
10609,3/24/2024 10:46:19 AM,-2.20
10609,3/24/2024 10:46:28 AM,-2.30
10609,3/24/2024 10:46:41 AM,-2.20
10609,3/24/2024 10:46:48 AM,-2.30
10609,3/24/2024 10:46:52 AM,-2.20
10609,3/24/2024 10:47:03 AM,-2.40
10609,3/24/2024 10:47:09 AM,-2.30
10609,3/24/2024 10:47:12 AM,-2.40
10609,3/24/2024 10:47:20 AM,-2.30
10609,3/24/2024 10:47:22 AM,-2.20
10609,3/24/2024 10:47:25 AM,-2.30
10609,3/24/2024 10:47:45 AM,-2.20
10609,3/24/2024 10:47:49 AM,-2.30
10609,3/24/2024 10:47:52 AM,-2.20
10609,3/24/2024 10:48:01 AM,-2.40
10609,3/24/2024 10:48:32 AM,-2.20
10609,3/24/2024 10:48:39 AM,-2.40
10609,3/24/2024 10:49:00 AM,-2.20
10609,3/24/2024 10:49:04 AM,-2.30
10609,3/24/2024 10:49:36 AM,-2.10
10609,3/24/2024 10:49:47 AM,-2.20
10609,3/24/2024 10:50:09 AM,-2.10
10609,3/24/2024 10:50:12 AM,-2.00
10609,3/24/2024 10:50:14 AM,-2.10
10609,3/24/2024 10:50:31 AM,-2.00
10609,3/24/2024 10:50:34 AM,-2.10
10609,3/24/2024 10:50:54 AM,-2.20
10609,3/24/2024 10:51:01 AM,-2.10
10609,3/24/2024 10:51:04 AM,-2.20
10609,3/24/2024 10:51:07 AM,-2.10
10609,3/24/2024 10:51:20 AM,-2.40
10609,3/24/2024 10:51:30 AM,-2.30
10609,3/24/2024 10:51:37 AM,-2.40
10609,3/24/2024 10:52:00 AM,-2.20
10609,3/24/2024 10:52:03 AM,-2.30
10609,3/24/2024 10:52:37 AM,-2.10
10609,3/24/2024 10:52:50 AM,-2.20
10609,3/24/2024 10:53:14 AM,-2.10
10609,3/24/2024 10:53:21 AM,-2.00
10609,3/24/2024 10:53:42 AM,-2.30
10609,3/24/2024 10:53:50 AM,-2.20
10609,3/24/2024 10:54:08 AM,-2.30
10609,3/24/2024 10:54:31 AM,-2.10
10609,3/24/2024 10:54:39 AM,-2.30
10609,3/24/2024 10:54:46 AM,-2.20
10609,3/24/2024 10:54:49 AM,-2.30
10609,3/24/2024 10:54:55 AM,-2.00
10609,3/24/2024 10:54:59 AM,-2.10
10609,3/24/2024 10:55:10 AM,-1.90
10609,3/24/2024 10:55:58 AM,-1.80
10609,3/24/2024 10:56:11 AM,-2.30
10609,3/24/2024 10:56:26 AM,-2.00
10609,3/24/2024 10:56:31 AM,-2.30
10609,3/24/2024 10:56:42 AM,-2.20
10609,3/24/2024 10:56:50 AM,-2.30
10609,3/24/2024 10:57:04 AM,-2.10
10609,3/24/2024 10:57:13 AM,-2.30
10609,3/24/2024 10:57:24 AM,-2.40
10609,3/24/2024 10:57:38 AM,-2.20
10609,3/24/2024 10:57:51 AM,-2.30
10609,3/24/2024 10:57:54 AM,-2.20
10609,3/24/2024 10:58:27 AM,-2.10
10609,3/24/2024 10:58:42 AM,-2.30
10609,3/24/2024 10:58:59 AM,-2.40
10609,3/24/2024 11:00:00 AM,-2.40
10609,3/24/2024 11:00:19 AM,-2.60
10609,3/24/2024 11:00:34 AM,-2.30
10609,3/24/2024 11:00:51 AM,-2.50
10609,3/24/2024 11:01:12 AM,-2.40
10609,3/24/2024 11:01:23 AM,-2.50
10609,3/24/2024 11:01:31 AM,-2.00
10609,3/24/2024 11:01:54 AM,-2.60
10609,3/24/2024 11:02:00 AM,-2.50
10609,3/24/2024 11:02:04 AM,-2.30
10609,3/24/2024 11:02:21 AM,-2.10
10609,3/24/2024 11:02:36 AM,-2.20
10609,3/24/2024 11:02:40 AM,-2.30
10609,3/24/2024 11:02:46 AM,-2.00
10609,3/24/2024 11:02:48 AM,-2.10
10609,3/24/2024 11:02:50 AM,-2.00
10609,3/24/2024 11:02:59 AM,-2.20
10609,3/24/2024 11:03:02 AM,-2.10
10609,3/24/2024 11:03:15 AM,-2.30
10609,3/24/2024 11:03:18 AM,-2.20
10609,3/24/2024 11:03:22 AM,-2.30
10609,3/24/2024 11:03:29 AM,-2.10
10609,3/24/2024 11:03:33 AM,-2.20
10609,3/24/2024 11:03:45 AM,-2.10
10609,3/24/2024 11:03:48 AM,-2.20
10609,3/24/2024 11:03:51 AM,-2.10
10609,3/24/2024 11:03:55 AM,-2.30
10609,3/24/2024 11:04:05 AM,-2.10
10609,3/24/2024 11:04:29 AM,-2.30
10609,3/24/2024 11:04:35 AM,-2.10
10609,3/24/2024 11:04:53 AM,-2.30
10609,3/24/2024 11:05:34 AM,-2.50
10609,3/24/2024 11:05:44 AM,-2.40
10609,3/24/2024 11:05:53 AM,-2.60
10609,3/24/2024 11:06:18 AM,-2.50
10609,3/24/2024 11:06:21 AM,-2.40
10609,3/24/2024 11:06:29 AM,-2.50
10609,3/24/2024 11:06:49 AM,-3.10
10609,3/24/2024 11:06:55 AM,-2.60
10609,3/24/2024 11:07:13 AM,-2.40
10609,3/24/2024 11:07:36 AM,-2.30
10609,3/24/2024 11:07:43 AM,-2.40
10609,3/24/2024 11:07:47 AM,-2.20
10609,3/24/2024 11:08:08 AM,-2.40
10609,3/24/2024 11:08:42 AM,-2.20
10609,3/24/2024 11:08:49 AM,-2.00
10609,3/24/2024 11:09:01 AM,-2.30
10609,3/24/2024 11:09:03 AM,-2.20
10609,3/24/2024 11:09:21 AM,-2.00
10609,3/24/2024 11:09:30 AM,-2.10
10609,3/24/2024 11:09:32 AM,-2.20
10609,3/24/2024 11:09:42 AM,-2.30
10609,3/24/2024 11:09:51 AM,-2.20
10609,3/24/2024 11:10:13 AM,-2.30
10609,3/24/2024 11:10:17 AM,-2.40
10609,3/24/2024 11:10:22 AM,-2.30
10609,3/24/2024 11:10:26 AM,-2.40
10609,3/24/2024 11:10:31 AM,-2.30
10609,3/24/2024 11:10:38 AM,-2.50
10609,3/24/2024 11:10:55 AM,-2.40
10609,3/24/2024 11:11:15 AM,-2.50
10609,3/24/2024 11:11:21 AM,-2.40
10609,3/24/2024 11:11:23 AM,-2.50
10609,3/24/2024 11:11:27 AM,-2.40
10609,3/24/2024 11:12:07 AM,-2.60
10609,3/24/2024 11:12:14 AM,-2.40
10609,3/24/2024 11:12:38 AM,-2.30
10609,3/24/2024 11:12:41 AM,-2.20
10609,3/24/2024 11:12:44 AM,-2.30
10609,3/24/2024 11:13:02 AM,-2.40
10609,3/24/2024 11:13:04 AM,-2.30
10609,3/24/2024 11:13:19 AM,-2.50
10609,3/24/2024 11:13:32 AM,-2.30
10609,3/24/2024 11:13:34 AM,-2.40
10609,3/24/2024 11:13:38 AM,-2.30
10609,3/24/2024 11:13:45 AM,-2.50
10609,3/24/2024 11:14:03 AM,-2.40
10609,3/24/2024 11:14:06 AM,-2.50
10609,3/24/2024 11:14:24 AM,-2.30
10609,3/24/2024 11:14:33 AM,-2.40
10609,3/24/2024 11:14:37 AM,-2.30
10609,3/24/2024 11:14:41 AM,-2.40
10609,3/24/2024 11:15:06 AM,-2.50
10609,3/24/2024 11:15:10 AM,-2.40
10609,3/24/2024 11:15:14 AM,-2.50
10609,3/24/2024 11:15:35 AM,-2.40
10609,3/24/2024 11:15:48 AM,-2.20
10609,3/24/2024 11:15:51 AM,-2.40
10609,3/24/2024 11:15:57 AM,-2.60
10609,3/24/2024 11:16:07 AM,-2.70
10609,3/24/2024 11:16:11 AM,-2.60
10609,3/24/2024 11:16:15 AM,-2.70
10609,3/24/2024 11:16:23 AM,-2.50
10609,3/24/2024 11:16:44 AM,-2.60
10609,3/24/2024 11:16:50 AM,-2.50
10609,3/24/2024 11:16:56 AM,-2.20
10609,3/24/2024 11:17:00 AM,-2.10
10609,3/24/2024 11:17:27 AM,-2.40
10609,3/24/2024 11:17:47 AM,-2.30
10609,3/24/2024 11:17:51 AM,-2.20
10609,3/24/2024 11:18:07 AM,-2.30
10609,3/24/2024 11:18:14 AM,-2.20
10609,3/24/2024 11:18:18 AM,-2.30
10609,3/24/2024 11:18:34 AM,-2.10
10609,3/24/2024 11:18:41 AM,-2.00
10609,3/24/2024 11:18:45 AM,-2.10
10609,3/24/2024 11:18:57 AM,-2.20
10609,3/24/2024 11:19:04 AM,-2.40
10609,3/24/2024 11:19:12 AM,-2.20
10609,3/24/2024 11:19:16 AM,-2.30
10609,3/24/2024 11:19:36 AM,-2.10
10609,3/24/2024 11:19:44 AM,-2.30
10609,3/24/2024 11:19:48 AM,-2.20
10609,3/24/2024 11:20:05 AM,-2.60
10609,3/24/2024 11:20:09 AM,-2.50
10609,3/24/2024 11:20:12 AM,-2.60
10609,3/24/2024 11:20:19 AM,-2.50
10609,3/24/2024 11:20:38 AM,-2.60
10609,3/24/2024 11:20:47 AM,-2.40
10609,3/24/2024 11:20:51 AM,-2.50
10609,3/24/2024 11:21:16 AM,-2.30
10609,3/24/2024 11:21:31 AM,-2.40
10609,3/24/2024 11:21:37 AM,-2.60
10609,3/24/2024 11:21:53 AM,-2.50
10609,3/24/2024 11:22:08 AM,-2.20
10609,3/24/2024 11:22:24 AM,-2.40
10609,3/24/2024 11:22:30 AM,-2.20
10609,3/24/2024 11:22:44 AM,-2.30
10609,3/24/2024 11:22:51 AM,-2.20
10609,3/24/2024 11:22:57 AM,-2.30
10609,3/24/2024 11:23:06 AM,-2.20
10609,3/24/2024 11:23:08 AM,-2.30
10609,3/24/2024 11:23:23 AM,-2.40
10609,3/24/2024 11:23:29 AM,-2.30
10609,3/24/2024 11:23:33 AM,-2.40
10609,3/24/2024 11:23:39 AM,-2.20
10609,3/24/2024 11:24:02 AM,-2.30
10609,3/24/2024 11:24:07 AM,-2.40
10609,3/24/2024 11:24:11 AM,-2.30
10609,3/24/2024 11:24:23 AM,-2.40
10609,3/24/2024 11:24:40 AM,-2.00
10609,3/24/2024 11:24:46 AM,-2.20
10609,3/24/2024 11:25:46 AM,-2.50
10609,3/24/2024 11:25:58 AM,-2.40
10609,3/24/2024 11:26:02 AM,-2.30
10609,3/24/2024 11:26:12 AM,-2.40
10609,3/24/2024 11:26:15 AM,-2.20
10609,3/24/2024 11:26:21 AM,-2.00
10609,3/24/2024 11:26:35 AM,-2.10
10609,3/24/2024 11:26:44 AM,-1.90
10609,3/24/2024 11:27:00 AM,-1.70
10609,3/24/2024 11:27:17 AM,-1.90
10609,3/24/2024 11:27:20 AM,-2.00
10609,3/24/2024 11:27:31 AM,-1.90
10609,3/24/2024 11:27:35 AM,-2.00
10609,3/24/2024 11:28:39 AM,-2.20
10609,3/24/2024 11:28:50 AM,-2.10
10609,3/24/2024 11:29:20 AM,-2.30
10609,3/24/2024 11:29:25 AM,-2.20
10609,3/24/2024 11:29:29 AM,-2.30
10609,3/24/2024 11:29:31 AM,-2.20
10609,3/24/2024 11:29:39 AM,-2.30
10609,3/24/2024 11:30:22 AM,-2.40
10609,3/24/2024 11:30:32 AM,-2.60
10609,3/24/2024 11:30:36 AM,-2.50
10609,3/24/2024 11:31:17 AM,-2.40
10609,3/24/2024 11:31:24 AM,-2.30
10609,3/24/2024 11:31:37 AM,-2.40
10609,3/24/2024 11:31:58 AM,-2.20
10609,3/24/2024 11:32:01 AM,-2.30
10609,3/24/2024 11:32:04 AM,-2.20
10609,3/24/2024 11:32:10 AM,-2.40
10609,3/24/2024 11:32:20 AM,-2.10
10609,3/24/2024 11:32:48 AM,-2.20
10609,3/24/2024 11:32:51 AM,-2.00
10609,3/24/2024 11:32:58 AM,-1.80
10609,3/24/2024 11:33:07 AM,-1.90
10609,3/24/2024 11:33:18 AM,-2.30
10609,3/24/2024 11:33:29 AM,-2.00
10609,3/24/2024 11:33:50 AM,-1.90
10609,3/24/2024 11:33:54 AM,-2.00
10609,3/24/2024 11:33:57 AM,-1.90
10609,3/24/2024 11:34:11 AM,-2.20
10609,3/24/2024 11:34:37 AM,-2.00
10609,3/24/2024 11:34:42 AM,-2.10
10609,3/24/2024 11:35:04 AM,-2.20
10609,3/24/2024 11:35:12 AM,-2.10
10609,3/24/2024 11:35:18 AM,-2.20
10609,3/24/2024 11:35:39 AM,-2.10
10609,3/24/2024 11:35:58 AM,-2.20
10609,3/24/2024 11:36:05 AM,-2.10
10609,3/24/2024 11:36:09 AM,-2.20
10609,3/24/2024 11:36:23 AM,-2.10
10609,3/24/2024 11:36:41 AM,-2.20
10609,3/24/2024 11:36:45 AM,-2.30
10609,3/24/2024 11:36:51 AM,-2.10
10609,3/24/2024 11:36:58 AM,-2.00
10609,3/24/2024 11:37:06 AM,-2.20
10609,3/24/2024 11:37:14 AM,-2.30
10609,3/24/2024 11:37:29 AM,-2.20
10609,3/24/2024 11:37:32 AM,-2.10
10609,3/24/2024 11:37:45 AM,-2.30
10609,3/24/2024 11:38:00 AM,-2.20
10609,3/24/2024 11:38:08 AM,-2.40
10609,3/24/2024 11:38:18 AM,-2.30
10609,3/24/2024 11:38:32 AM,-2.40
10609,3/24/2024 11:38:41 AM,-2.30
10609,3/24/2024 11:38:45 AM,-2.40
10609,3/24/2024 11:38:56 AM,-2.20
10609,3/24/2024 11:39:00 AM,-2.30
10609,3/24/2024 11:39:24 AM,-2.20
10609,3/24/2024 11:39:53 AM,-2.30
10609,3/24/2024 11:39:56 AM,-2.40
10609,3/24/2024 11:40:01 AM,-2.20
10609,3/24/2024 11:40:10 AM,-2.00
10609,3/24/2024 11:40:21 AM,-2.20
10609,3/24/2024 11:40:41 AM,-2.00
10609,3/24/2024 11:40:44 AM,-2.10
10609,3/24/2024 11:41:08 AM,-2.00
10609,3/24/2024 11:41:26 AM,-2.10
10609,3/24/2024 11:41:38 AM,-2.00
10609,3/24/2024 11:41:42 AM,-2.10
10609,3/24/2024 11:41:44 AM,-2.00
10609,3/24/2024 11:41:48 AM,-2.10
10609,3/24/2024 11:41:58 AM,-2.00
10609,3/24/2024 11:42:05 AM,-2.10
10609,3/24/2024 11:42:12 AM,-2.40
10609,3/24/2024 11:42:26 AM,-2.10
10609,3/24/2024 11:42:29 AM,-2.00
10609,3/24/2024 11:42:41 AM,-2.30
10609,3/24/2024 11:43:01 AM,-2.20
10609,3/24/2024 11:43:04 AM,-2.10
10609,3/24/2024 11:43:10 AM,-2.40
10609,3/24/2024 11:43:20 AM,-2.60
10609,3/24/2024 11:43:29 AM,-2.40
10609,3/24/2024 11:43:34 AM,-2.20
10609,3/24/2024 11:43:48 AM,-2.30
10609,3/24/2024 11:44:01 AM,-2.60
10609,3/24/2024 11:44:12 AM,-2.40
10609,3/24/2024 11:44:16 AM,-2.30
10609,3/24/2024 11:44:18 AM,-2.10
10609,3/24/2024 11:44:28 AM,-1.70
10609,3/24/2024 11:44:35 AM,-1.80
10609,3/24/2024 11:44:43 AM,-2.10
10609,3/24/2024 11:44:48 AM,-2.20
10609,3/24/2024 11:44:51 AM,-2.40
10609,3/24/2024 11:45:15 AM,-2.00
10609,3/24/2024 11:45:36 AM,-2.50
10609,3/24/2024 11:45:46 AM,-2.40
10609,3/24/2024 11:45:49 AM,-2.30
10609,3/24/2024 11:45:58 AM,-2.20
10609,3/24/2024 11:46:23 AM,-2.50
10609,3/24/2024 11:46:37 AM,-2.30
10609,3/24/2024 11:47:10 AM,-2.20
10609,3/24/2024 11:47:22 AM,-2.40
10609,3/24/2024 11:47:28 AM,-2.30
10609,3/24/2024 11:47:32 AM,-2.40
10609,3/24/2024 11:48:27 AM,-2.20
10609,3/24/2024 11:48:34 AM,-2.30
10609,3/24/2024 11:48:47 AM,-2.10
10609,3/24/2024 11:48:59 AM,-2.20
10609,3/24/2024 11:49:04 AM,-2.10
10609,3/24/2024 11:49:34 AM,-2.40
10609,3/24/2024 11:49:42 AM,-2.30
10609,3/24/2024 11:49:49 AM,-2.50
10609,3/24/2024 11:50:40 AM,-2.70
10609,3/24/2024 11:51:11 AM,-2.60
10609,3/24/2024 11:51:39 AM,-2.70
10609,3/24/2024 11:51:50 AM,-2.60
10609,3/24/2024 11:52:16 AM,-2.70
10609,3/24/2024 11:52:25 AM,-2.60
10609,3/24/2024 11:52:41 AM,-2.70
10609,3/24/2024 11:52:46 AM,-2.80
10609,3/24/2024 11:53:24 AM,-2.70
10609,3/24/2024 11:53:30 AM,-2.60
10609,3/24/2024 11:53:46 AM,-2.70
10609,3/24/2024 11:53:49 AM,-2.60
10609,3/24/2024 11:54:00 AM,-2.50
10609,3/24/2024 11:54:02 AM,-2.60
10609,3/24/2024 11:54:17 AM,-2.50
10609,3/24/2024 11:54:20 AM,-2.70
10609,3/24/2024 11:54:39 AM,-2.90
10609,3/24/2024 11:54:50 AM,-2.80
10609,3/24/2024 11:55:17 AM,-2.90
10609,3/24/2024 11:55:26 AM,-2.80
10609,3/24/2024 11:55:43 AM,-2.90
10609,3/24/2024 11:55:57 AM,-2.80
10609,3/24/2024 11:56:07 AM,-2.90
10609,3/24/2024 11:56:10 AM,-3.00
10609,3/24/2024 11:56:18 AM,-2.90
10609,3/24/2024 11:56:23 AM,-3.00
10609,3/24/2024 11:56:33 AM,-2.90
10609,3/24/2024 11:56:35 AM,-2.80
10609,3/24/2024 11:57:03 AM,-2.60
10609,3/24/2024 11:57:11 AM,-2.70
10609,3/24/2024 11:57:14 AM,-2.90
10609,3/24/2024 11:57:18 AM,-3.00
10609,3/24/2024 11:57:24 AM,-2.80
10609,3/24/2024 11:57:51 AM,-2.90
10609,3/24/2024 11:57:58 AM,-2.80
10609,3/24/2024 11:58:14 AM,-3.10
10609,3/24/2024 11:58:39 AM,-2.90
10609,3/24/2024 11:58:43 AM,-2.80
10609,3/24/2024 11:58:53 AM,-3.00
10609,3/24/2024 11:59:25 AM,-3.20
10609,3/24/2024 11:59:36 AM,-3.00
10609,3/24/2024 12:00:22 PM,-3.20
10609,3/24/2024 12:00:25 PM,-3.10
10609,3/24/2024 12:00:48 PM,-3.00
10609,3/24/2024 12:00:52 PM,-3.10
10609,3/24/2024 12:01:16 PM,-3.20
10609,3/24/2024 12:01:20 PM,-3.10
10609,3/24/2024 12:01:23 PM,-2.60
10609,3/24/2024 12:01:26 PM,-3.10
10609,3/24/2024 12:01:40 PM,-2.90
10609,3/24/2024 12:01:43 PM,-3.00
10609,3/24/2024 12:01:51 PM,-2.80
10609,3/24/2024 12:01:56 PM,-2.90
10609,3/24/2024 12:02:04 PM,-2.70
10609,3/24/2024 12:02:18 PM,-2.90
10609,3/24/2024 12:02:32 PM,-2.80
10609,3/24/2024 12:02:35 PM,-2.90
10609,3/24/2024 12:02:45 PM,-2.70
10609,3/24/2024 12:03:04 PM,-2.90
10609,3/24/2024 12:03:07 PM,-2.70
10609,3/24/2024 12:03:09 PM,-2.80
10609,3/24/2024 12:03:16 PM,-2.70
10609,3/24/2024 12:03:23 PM,-2.80
10609,3/24/2024 12:03:25 PM,-2.70
10609,3/24/2024 12:03:34 PM,-2.60
10609,3/24/2024 12:03:40 PM,-2.80
10609,3/24/2024 12:03:49 PM,-2.90
10609,3/24/2024 12:04:00 PM,-2.80
10609,3/24/2024 12:04:09 PM,-2.40
10609,3/24/2024 12:04:16 PM,-2.70
10609,3/24/2024 12:04:26 PM,-2.90
10609,3/24/2024 12:04:36 PM,-2.80
10609,3/24/2024 12:04:50 PM,-2.40
10609,3/24/2024 12:05:08 PM,-2.70
10609,3/24/2024 12:05:11 PM,-2.80
10609,3/24/2024 12:05:26 PM,-2.70
10609,3/24/2024 12:05:35 PM,-2.50
10609,3/24/2024 12:05:52 PM,-2.70
10609,3/24/2024 12:06:07 PM,-2.60
10609,3/24/2024 12:06:20 PM,-2.30
10609,3/24/2024 12:06:30 PM,-2.60
10609,3/24/2024 12:06:44 PM,-2.80
10609,3/24/2024 12:06:55 PM,-2.60
10609,3/24/2024 12:07:05 PM,-2.30
10609,3/24/2024 12:07:18 PM,-2.40
10609,3/24/2024 12:07:22 PM,-2.60
10609,3/24/2024 12:07:27 PM,-2.70
10609,3/24/2024 12:07:35 PM,-2.50
10609,3/24/2024 12:07:37 PM,-2.60
10609,3/24/2024 12:07:51 PM,-2.40
10609,3/24/2024 12:08:06 PM,-2.60
10609,3/24/2024 12:08:17 PM,-2.80
10609,3/24/2024 12:08:25 PM,-2.70
10609,3/24/2024 12:08:44 PM,-2.30
10609,3/24/2024 12:08:52 PM,-2.20
10609,3/24/2024 12:08:58 PM,-2.30
10609,3/24/2024 12:09:01 PM,-2.50
10609,3/24/2024 12:09:09 PM,-2.80
10609,3/24/2024 12:09:21 PM,-2.90
10609,3/24/2024 12:09:27 PM,-2.80
10609,3/24/2024 12:09:36 PM,-2.40
10609,3/24/2024 12:09:45 PM,-2.20
10609,3/24/2024 12:10:02 PM,-2.60
10609,3/24/2024 12:10:26 PM,-2.30
10609,3/24/2024 12:10:29 PM,-2.40
10609,3/24/2024 12:10:38 PM,-2.30
10609,3/24/2024 12:10:57 PM,-2.50
10609,3/24/2024 12:10:59 PM,-2.60
10609,3/24/2024 12:11:04 PM,-2.50
10609,3/24/2024 12:11:21 PM,-2.60
10609,3/24/2024 12:11:24 PM,-2.50
10609,3/24/2024 12:11:39 PM,-2.80
10609,3/24/2024 12:11:50 PM,-2.20
10609,3/24/2024 12:11:54 PM,-2.10
10609,3/24/2024 12:11:57 PM,-2.30
10609,3/24/2024 12:12:04 PM,-2.20
10609,3/24/2024 12:12:16 PM,-2.50
10609,3/24/2024 12:12:27 PM,-2.20
10609,3/24/2024 12:12:37 PM,-2.60
10609,3/24/2024 12:12:44 PM,-2.50
10609,3/24/2024 12:13:00 PM,-2.70
10609,3/24/2024 12:13:05 PM,-2.60
10609,3/24/2024 12:13:09 PM,-2.70
10609,3/24/2024 12:13:20 PM,-2.40
10609,3/24/2024 12:13:40 PM,-2.50
10609,3/24/2024 12:13:54 PM,-2.70
10609,3/24/2024 12:13:58 PM,-2.60
10609,3/24/2024 12:14:15 PM,-2.50
10609,3/24/2024 12:14:19 PM,-2.40
10609,3/24/2024 12:14:29 PM,-2.60
10609,3/24/2024 12:14:33 PM,-2.50
10609,3/24/2024 12:14:37 PM,-2.60
10609,3/24/2024 12:14:39 PM,-2.50
10609,3/24/2024 12:14:54 PM,-2.30
10609,3/24/2024 12:14:59 PM,-2.40
10609,3/24/2024 12:15:02 PM,-2.30
10609,3/24/2024 12:15:15 PM,-2.10
10609,3/24/2024 12:15:21 PM,-2.40
10609,3/24/2024 12:15:30 PM,-2.50
10609,3/24/2024 12:15:39 PM,-2.30
10609,3/24/2024 12:15:47 PM,-2.50
10609,3/24/2024 12:15:59 PM,-2.60
10609,3/24/2024 12:16:01 PM,-2.70
10609,3/24/2024 12:16:08 PM,-2.40
10609,3/24/2024 12:16:10 PM,-2.50
10609,3/24/2024 12:16:19 PM,-2.60
10609,3/24/2024 12:16:26 PM,-2.50
10609,3/24/2024 12:16:29 PM,-2.60
10609,3/24/2024 12:16:37 PM,-2.30
10609,3/24/2024 12:16:49 PM,-2.10
10609,3/24/2024 12:16:53 PM,-2.00
10609,3/24/2024 12:16:59 PM,-2.20
10609,3/24/2024 12:17:10 PM,-2.40
10609,3/24/2024 12:17:22 PM,-2.30
10609,3/24/2024 12:17:32 PM,-2.50
10609,3/24/2024 12:17:55 PM,-2.20
10609,3/24/2024 12:18:24 PM,-2.00
10609,3/24/2024 12:18:28 PM,-1.90
10609,3/24/2024 12:18:31 PM,-2.20
10609,3/24/2024 12:18:49 PM,-2.50
10609,3/24/2024 12:18:54 PM,-2.40
10609,3/24/2024 12:19:15 PM,-2.30
10609,3/24/2024 12:19:19 PM,-2.40
10609,3/24/2024 12:19:23 PM,-2.30
10609,3/24/2024 12:19:30 PM,-2.40
10609,3/24/2024 12:19:44 PM,-2.20
10609,3/24/2024 12:19:55 PM,-2.40
10609,3/24/2024 12:20:08 PM,-2.20
10609,3/24/2024 12:20:11 PM,-2.30
10609,3/24/2024 12:20:25 PM,-2.20
10609,3/24/2024 12:20:36 PM,-2.40
10609,3/24/2024 12:20:48 PM,-2.50
10609,3/24/2024 12:20:52 PM,-2.60
10609,3/24/2024 12:21:04 PM,-2.40
10609,3/24/2024 12:21:08 PM,-2.30
10609,3/24/2024 12:21:14 PM,-2.40
10609,3/24/2024 12:21:32 PM,-2.30
10609,3/24/2024 12:21:37 PM,-2.40
10609,3/24/2024 12:21:51 PM,-2.30
10609,3/24/2024 12:22:04 PM,-2.50
10609,3/24/2024 12:22:17 PM,-2.30
10609,3/24/2024 12:22:22 PM,-2.20
10609,3/24/2024 12:22:31 PM,-2.50
10609,3/24/2024 12:22:40 PM,-2.60
10609,3/24/2024 12:22:42 PM,-2.70
10609,3/24/2024 12:22:45 PM,-2.60
10609,3/24/2024 12:22:57 PM,-2.50
10609,3/24/2024 12:23:00 PM,-2.40
10609,3/24/2024 12:23:02 PM,-2.50
10609,3/24/2024 12:23:12 PM,-2.30
10609,3/24/2024 12:23:19 PM,-2.50
10609,3/24/2024 12:23:27 PM,-2.60
10609,3/24/2024 12:23:48 PM,-2.40
10609,3/24/2024 12:24:02 PM,-2.70
10609,3/24/2024 12:24:18 PM,-2.50
10609,3/24/2024 12:24:30 PM,-2.40
10609,3/24/2024 12:24:33 PM,-2.30
10609,3/24/2024 12:24:36 PM,-2.50
10609,3/24/2024 12:24:54 PM,-2.60
10609,3/24/2024 12:24:58 PM,-2.80
10609,3/24/2024 12:25:03 PM,-2.90
10609,3/24/2024 12:25:13 PM,-2.50
10609,3/24/2024 12:25:27 PM,-2.30
10609,3/24/2024 12:26:08 PM,-2.20
10609,3/24/2024 12:26:21 PM,-2.40
10609,3/24/2024 12:26:25 PM,-2.30
10609,3/24/2024 12:26:28 PM,-2.40
10609,3/24/2024 12:26:34 PM,-2.30
10609,3/24/2024 12:26:41 PM,-2.40
10609,3/24/2024 12:26:45 PM,-2.30
10609,3/24/2024 12:26:56 PM,-2.50
10609,3/24/2024 12:27:09 PM,-2.40
10609,3/24/2024 12:27:13 PM,-2.30
10609,3/24/2024 12:27:19 PM,-2.40
10609,3/24/2024 12:27:23 PM,-2.30
10609,3/24/2024 12:27:34 PM,-2.50
10609,3/24/2024 12:27:44 PM,-2.20
10609,3/24/2024 12:27:50 PM,-2.40
10609,3/24/2024 12:28:03 PM,-2.60
10609,3/24/2024 12:28:14 PM,-2.30
10609,3/24/2024 12:28:22 PM,-2.50
10609,3/24/2024 12:28:26 PM,-2.40
10609,3/24/2024 12:28:40 PM,-2.30
10609,3/24/2024 12:29:15 PM,-2.50
10609,3/24/2024 12:29:31 PM,-2.20
10609,3/24/2024 12:29:47 PM,-2.30
10609,3/24/2024 12:29:52 PM,-2.40
10609,3/24/2024 12:29:58 PM,-2.30
10609,3/24/2024 12:30:06 PM,-2.00
10609,3/24/2024 12:30:40 PM,-2.30
10609,3/24/2024 12:30:54 PM,-2.00
10609,3/24/2024 12:31:04 PM,-1.90
10609,3/24/2024 12:31:11 PM,-2.10
10609,3/24/2024 12:31:17 PM,-2.40
10609,3/24/2024 12:31:20 PM,-2.50
10609,3/24/2024 12:31:24 PM,-2.40
10609,3/24/2024 12:31:37 PM,-1.50
10609,3/24/2024 12:31:41 PM,-1.40
10609,3/24/2024 12:31:50 PM,-1.90
10609,3/24/2024 12:32:05 PM,-2.00
10609,3/24/2024 12:32:21 PM,-1.50
10609,3/24/2024 12:32:25 PM,-1.60
10609,3/24/2024 12:32:38 PM,-1.70
10609,3/24/2024 12:32:49 PM,-2.00
10609,3/24/2024 12:32:59 PM,-2.10
10609,3/24/2024 12:33:11 PM,-2.00
10609,3/24/2024 12:33:26 PM,-2.20
10609,3/24/2024 12:33:30 PM,-2.10
10609,3/24/2024 12:33:35 PM,-2.20
10609,3/24/2024 12:33:41 PM,-2.10
10609,3/24/2024 12:33:45 PM,-1.90
10609,3/24/2024 12:33:57 PM,-2.20
10609,3/24/2024 12:34:01 PM,-2.10
10609,3/24/2024 12:34:12 PM,-2.30
10609,3/24/2024 12:34:16 PM,-2.10
10609,3/24/2024 12:34:18 PM,-2.20
10609,3/24/2024 12:34:35 PM,-1.60
10609,3/24/2024 12:34:43 PM,-1.90
10609,3/24/2024 12:34:46 PM,-1.80
10609,3/24/2024 12:34:58 PM,-2.00
10609,3/24/2024 12:35:05 PM,-2.30
10609,3/24/2024 12:35:26 PM,-2.00
10609,3/24/2024 12:35:29 PM,-1.80
10609,3/24/2024 12:35:38 PM,-1.90
10609,3/24/2024 12:35:43 PM,-2.10
10609,3/24/2024 12:35:58 PM,-2.40
10609,3/24/2024 12:36:17 PM,-2.10
10609,3/24/2024 12:36:19 PM,-2.20
10609,3/24/2024 12:36:27 PM,-2.30
10609,3/24/2024 12:36:35 PM,-1.90
10609,3/24/2024 12:36:37 PM,-1.80
10609,3/24/2024 12:36:40 PM,-1.90
10609,3/24/2024 12:36:47 PM,-1.80
10609,3/24/2024 12:36:54 PM,-1.90
10609,3/24/2024 12:36:58 PM,-2.10
10609,3/24/2024 12:37:02 PM,-2.20
10609,3/24/2024 12:37:23 PM,-2.10
10609,3/24/2024 12:37:31 PM,-1.80
10609,3/24/2024 12:37:42 PM,-2.00
10609,3/24/2024 12:37:45 PM,-1.80
10609,3/24/2024 12:38:00 PM,-2.10
10609,3/24/2024 12:38:03 PM,-2.00
10609,3/24/2024 12:38:07 PM,-2.10
10609,3/24/2024 12:38:20 PM,-2.20
10609,3/24/2024 12:38:24 PM,-2.30
10609,3/24/2024 12:38:32 PM,-2.10
10609,3/24/2024 12:38:37 PM,-2.20
10609,3/24/2024 12:38:39 PM,-1.90
10609,3/24/2024 12:38:51 PM,-1.60
10609,3/24/2024 12:39:05 PM,-1.80
10609,3/24/2024 12:39:10 PM,-2.00
10609,3/24/2024 12:39:17 PM,-2.10
10609,3/24/2024 12:39:35 PM,-1.50
10609,3/24/2024 12:39:46 PM,-1.60
10609,3/24/2024 12:39:52 PM,-2.00
10609,3/24/2024 12:39:55 PM,-1.90
10609,3/24/2024 12:40:00 PM,-2.00
10609,3/24/2024 12:40:08 PM,-1.90
10609,3/24/2024 12:40:10 PM,-2.00
10609,3/24/2024 12:40:29 PM,-1.80
10609,3/24/2024 12:40:36 PM,-1.90
10609,3/24/2024 12:40:39 PM,-1.80
10609,3/24/2024 12:40:51 PM,-1.90
10609,3/24/2024 12:41:02 PM,-1.80
10609,3/24/2024 12:41:10 PM,-1.90
10609,3/24/2024 12:41:23 PM,-1.80
10609,3/24/2024 12:41:27 PM,-1.70
10609,3/24/2024 12:41:42 PM,-1.80
10609,3/24/2024 12:41:53 PM,-2.00
10609,3/24/2024 12:42:06 PM,-1.70
10609,3/24/2024 12:42:14 PM,-1.80
10609,3/24/2024 12:42:24 PM,-1.60
10609,3/24/2024 12:42:44 PM,-1.50
10609,3/24/2024 12:42:48 PM,-1.60
10609,3/24/2024 12:42:49 PM,-1.70
10609,3/24/2024 12:42:52 PM,-1.80
10609,3/24/2024 12:43:05 PM,-1.60
10609,3/24/2024 12:43:10 PM,-1.70
10609,3/24/2024 12:43:14 PM,-1.60
10609,3/24/2024 12:43:23 PM,-2.00
10609,3/24/2024 12:43:27 PM,-2.30
10609,3/24/2024 12:43:31 PM,-2.20
10609,3/24/2024 12:43:36 PM,-1.90
10609,3/24/2024 12:43:39 PM,-1.80
10609,3/24/2024 12:43:46 PM,-2.10
10609,3/24/2024 12:43:51 PM,-2.20
10609,3/24/2024 12:44:00 PM,-2.10
10609,3/24/2024 12:44:04 PM,-2.20
10609,3/24/2024 12:44:11 PM,-2.00
10609,3/24/2024 12:44:15 PM,-2.10
10609,3/24/2024 12:44:26 PM,-2.00
10609,3/24/2024 12:44:35 PM,-2.10
10609,3/24/2024 12:44:41 PM,-1.90
10609,3/24/2024 12:45:11 PM,-2.00
10609,3/24/2024 12:45:21 PM,-1.90
10609,3/24/2024 12:45:24 PM,-1.80
10609,3/24/2024 12:45:28 PM,-2.70
10609,3/24/2024 12:45:31 PM,-0.30
10609,3/24/2024 12:45:35 PM,-2.30
10609,3/24/2024 12:45:41 PM,-1.80
10609,3/24/2024 12:45:46 PM,-1.90
10609,3/24/2024 12:46:15 PM,-1.70
10609,3/24/2024 12:46:31 PM,-2.00
10609,3/24/2024 12:46:39 PM,-2.20
10609,3/24/2024 12:46:45 PM,-2.00
10609,3/24/2024 12:46:47 PM,-1.80
10609,3/24/2024 12:46:53 PM,-1.90
10609,3/24/2024 12:47:00 PM,-1.70
10609,3/24/2024 12:47:08 PM,-1.80
10609,3/24/2024 12:47:16 PM,-2.10
10609,3/24/2024 12:47:23 PM,-2.20
10609,3/24/2024 12:47:31 PM,-2.00
10609,3/24/2024 12:47:42 PM,-1.80
10609,3/24/2024 12:47:55 PM,-1.70
10609,3/24/2024 12:48:02 PM,-2.00
10609,3/24/2024 12:48:05 PM,-1.70
10609,3/24/2024 12:48:07 PM,-1.80
10609,3/24/2024 12:48:15 PM,-1.90
10609,3/24/2024 12:48:30 PM,-1.80
10609,3/24/2024 12:48:34 PM,-1.70
10609,3/24/2024 12:48:39 PM,-1.80
10609,3/24/2024 12:48:47 PM,-1.70
10609,3/24/2024 12:48:53 PM,-1.80
10609,3/24/2024 12:48:56 PM,-2.00
10609,3/24/2024 12:49:24 PM,-1.70
10609,3/24/2024 12:50:00 PM,-1.90
10609,3/24/2024 12:50:04 PM,-2.00
10609,3/24/2024 12:50:18 PM,-1.80
10609,3/24/2024 12:50:25 PM,-1.90
10609,3/24/2024 12:50:29 PM,-2.10
10609,3/24/2024 12:50:45 PM,-2.20
10609,3/24/2024 12:50:49 PM,-2.10
10609,3/24/2024 12:51:04 PM,-2.00
10609,3/24/2024 12:51:19 PM,-1.70
10609,3/24/2024 12:51:26 PM,-1.80
10609,3/24/2024 12:51:34 PM,-2.10
10609,3/24/2024 12:51:45 PM,-2.30
10609,3/24/2024 12:51:54 PM,-2.00
10609,3/24/2024 12:52:02 PM,-1.70
10609,3/24/2024 12:52:10 PM,-1.90
10609,3/24/2024 12:52:13 PM,-1.80
10609,3/24/2024 12:52:25 PM,-2.00
10609,3/24/2024 12:52:41 PM,-1.70
10609,3/24/2024 12:52:56 PM,-1.60
10609,3/24/2024 12:53:10 PM,-1.80
10609,3/24/2024 12:53:14 PM,-1.70
10609,3/24/2024 12:53:30 PM,-1.90
10609,3/24/2024 12:53:52 PM,-1.80
10609,3/24/2024 12:54:03 PM,-2.00
10609,3/24/2024 12:54:18 PM,-1.90
10609,3/24/2024 12:54:25 PM,-2.00
10609,3/24/2024 12:54:41 PM,-1.80
10609,3/24/2024 12:54:56 PM,-1.50
10609,3/24/2024 12:55:11 PM,-1.80
10609,3/24/2024 12:55:23 PM,-1.60
10609,3/24/2024 12:55:25 PM,-1.70
10609,3/24/2024 12:55:32 PM,-1.50
10609,3/24/2024 12:55:35 PM,-1.70
10609,3/24/2024 12:55:52 PM,-2.00
10609,3/24/2024 12:55:54 PM,-1.90
10609,3/24/2024 12:55:56 PM,-2.00
10609,3/24/2024 12:56:12 PM,-2.30
10609,3/24/2024 12:56:18 PM,-2.10
10609,3/24/2024 12:56:32 PM,-1.90
10609,3/24/2024 12:56:41 PM,-2.00
10609,3/24/2024 12:56:53 PM,-2.40
10609,3/24/2024 12:56:55 PM,-2.30
10609,3/24/2024 12:56:58 PM,-2.40
10609,3/24/2024 12:57:20 PM,-2.10
10609,3/24/2024 12:57:26 PM,-1.90
10609,3/24/2024 12:57:34 PM,-2.10
10609,3/24/2024 12:57:47 PM,-2.20
10609,3/24/2024 12:57:51 PM,-2.30
10609,3/24/2024 12:58:11 PM,-2.00
10609,3/24/2024 12:58:15 PM,-1.90
10609,3/24/2024 12:58:22 PM,-2.10
10609,3/24/2024 12:58:35 PM,-2.40
10609,3/24/2024 12:58:50 PM,-2.50
10609,3/24/2024 12:58:57 PM,-2.30
10609,3/24/2024 12:59:06 PM,-2.20
10609,3/24/2024 12:59:10 PM,-2.00
10609,3/24/2024 12:59:19 PM,-2.30
10609,3/24/2024 12:59:24 PM,-2.20
10609,3/24/2024 12:59:32 PM,-2.30
10609,3/24/2024 12:59:44 PM,-2.10
10609,3/24/2024 12:59:54 PM,-2.20
10609,3/24/2024 1:00:00 PM,-2.10
10609,3/24/2024 1:00:06 PM,-2.30
10609,3/24/2024 1:00:09 PM,-2.00
10609,3/24/2024 1:00:19 PM,-2.50
10609,3/24/2024 1:00:28 PM,-2.00
10609,3/24/2024 1:00:32 PM,-1.90
10609,3/24/2024 1:00:36 PM,-2.00
10609,3/24/2024 1:00:44 PM,-1.80
10609,3/24/2024 1:00:50 PM,-1.90
10609,3/24/2024 1:00:54 PM,-1.80
10609,3/24/2024 1:00:57 PM,-1.90
10609,3/24/2024 1:01:07 PM,-2.00
10609,3/24/2024 1:01:18 PM,-1.80
10609,3/24/2024 1:01:32 PM,-2.00
10609,3/24/2024 1:02:00 PM,-2.10
10609,3/24/2024 1:02:08 PM,-2.00
10609,3/24/2024 1:02:17 PM,-2.10
10609,3/24/2024 1:02:27 PM,-2.00
10609,3/24/2024 1:02:29 PM,-1.90
10609,3/24/2024 1:02:40 PM,-2.10
10609,3/24/2024 1:03:01 PM,-2.20
10609,3/24/2024 1:03:07 PM,-2.30
10609,3/24/2024 1:03:10 PM,-2.20
10609,3/24/2024 1:03:21 PM,-2.40
10609,3/24/2024 1:03:25 PM,-2.30
10609,3/24/2024 1:03:37 PM,-2.40
10609,3/24/2024 1:03:45 PM,-2.20
10609,3/24/2024 1:03:52 PM,-2.30
10609,3/24/2024 1:03:58 PM,-2.20
10609,3/24/2024 1:04:05 PM,-2.40
10609,3/24/2024 1:04:17 PM,-2.10
10609,3/24/2024 1:04:20 PM,-2.20
10609,3/24/2024 1:04:31 PM,-2.10
10609,3/24/2024 1:04:34 PM,-2.20
10609,3/24/2024 1:04:48 PM,-2.00
10609,3/24/2024 1:04:59 PM,-2.10
10609,3/24/2024 1:05:02 PM,-2.20
10609,3/24/2024 1:05:14 PM,-2.10
10609,3/24/2024 1:05:33 PM,-2.20
10609,3/24/2024 1:05:37 PM,-2.30
10609,3/24/2024 1:05:44 PM,-2.20
10609,3/24/2024 1:06:08 PM,-2.30
10609,3/24/2024 1:06:15 PM,-2.10
10609,3/24/2024 1:06:26 PM,-2.20
10609,3/24/2024 1:06:29 PM,-2.10
10609,3/24/2024 1:06:55 PM,-1.90
10609,3/24/2024 1:07:26 PM,-2.00
10609,3/24/2024 1:08:09 PM,-2.40
10609,3/24/2024 1:08:18 PM,-2.30
10609,3/24/2024 1:08:20 PM,-2.20
10609,3/24/2024 1:08:37 PM,-2.00
10609,3/24/2024 1:08:44 PM,-2.30
10609,3/24/2024 1:08:47 PM,-2.20
10609,3/24/2024 1:08:50 PM,-2.30
10609,3/24/2024 1:08:59 PM,-2.00
10609,3/24/2024 1:09:03 PM,-2.20
10609,3/24/2024 1:09:11 PM,-2.30
10609,3/24/2024 1:09:26 PM,-2.20
10609,3/24/2024 1:09:29 PM,-2.10
10609,3/24/2024 1:09:39 PM,-2.30
10609,3/24/2024 1:09:43 PM,-2.20
10609,3/24/2024 1:09:46 PM,-2.30
10609,3/24/2024 1:09:56 PM,-2.10
10609,3/24/2024 1:10:03 PM,-2.40
10609,3/24/2024 1:10:27 PM,-2.10
10609,3/24/2024 1:10:34 PM,-2.30
10609,3/24/2024 1:10:49 PM,-2.00
10609,3/24/2024 1:11:02 PM,-2.20
10609,3/24/2024 1:11:15 PM,-1.80
10609,3/24/2024 1:11:26 PM,-2.00
10609,3/24/2024 1:11:34 PM,-1.80
10609,3/24/2024 1:11:51 PM,-1.70
10609,3/24/2024 1:11:55 PM,-2.00
10609,3/24/2024 1:11:58 PM,-2.10
10609,3/24/2024 1:12:05 PM,-1.90
10609,3/24/2024 1:12:13 PM,-1.80
10609,3/24/2024 1:12:24 PM,-1.90
10609,3/24/2024 1:12:45 PM,-1.80
10609,3/24/2024 1:13:00 PM,-1.90
10609,3/24/2024 1:13:21 PM,-1.70
10609,3/24/2024 1:13:34 PM,-1.90
10609,3/24/2024 1:13:37 PM,-1.80
10609,3/24/2024 1:14:03 PM,-2.30
10609,3/24/2024 1:14:06 PM,-2.20
10609,3/24/2024 1:14:08 PM,-2.30
10609,3/24/2024 1:14:12 PM,-2.20
10609,3/24/2024 1:14:16 PM,-2.30
10609,3/24/2024 1:14:28 PM,-2.20
10609,3/24/2024 1:14:42 PM,-2.40
10609,3/24/2024 1:14:45 PM,-2.20
10609,3/24/2024 1:14:48 PM,-2.10
10609,3/24/2024 1:14:56 PM,-2.20
10609,3/24/2024 1:15:35 PM,-2.00
10609,3/24/2024 1:15:42 PM,-2.10
10609,3/24/2024 1:15:50 PM,-2.00
10609,3/24/2024 1:16:18 PM,-2.10
10609,3/24/2024 1:16:22 PM,-2.20
10609,3/24/2024 1:16:33 PM,-2.00
10609,3/24/2024 1:16:54 PM,-2.30
10609,3/24/2024 1:17:03 PM,-2.20
10609,3/24/2024 1:17:08 PM,-2.00
10609,3/24/2024 1:17:19 PM,-1.90
10609,3/24/2024 1:17:24 PM,-2.00
10609,3/24/2024 1:17:28 PM,-2.50
10609,3/24/2024 1:17:31 PM,-2.30
10609,3/24/2024 1:17:37 PM,-2.20
10609,3/24/2024 1:17:50 PM,-2.40
10609,3/24/2024 1:17:54 PM,-2.30
10609,3/24/2024 1:17:57 PM,-2.40
10609,3/24/2024 1:18:04 PM,-2.30
10609,3/24/2024 1:18:07 PM,-2.50
10609,3/24/2024 1:18:23 PM,-2.10
10609,3/24/2024 1:18:30 PM,-2.00
10609,3/24/2024 1:18:39 PM,-2.10
10609,3/24/2024 1:18:54 PM,-1.90
10609,3/24/2024 1:19:09 PM,-2.10
10609,3/24/2024 1:19:17 PM,-2.30
10609,3/24/2024 1:19:20 PM,-2.20
10609,3/24/2024 1:19:25 PM,-2.30
10609,3/24/2024 1:19:28 PM,-2.20
10609,3/24/2024 1:19:42 PM,-2.10
10609,3/24/2024 1:19:56 PM,-2.30
10609,3/24/2024 1:20:09 PM,-2.00
10609,3/24/2024 1:20:16 PM,-2.30
10609,3/24/2024 1:20:18 PM,-2.20
10609,3/24/2024 1:20:26 PM,-2.40
10609,3/24/2024 1:20:40 PM,-2.30
10609,3/24/2024 1:20:54 PM,-2.40
10609,3/24/2024 1:21:09 PM,-2.20
10609,3/24/2024 1:21:21 PM,-2.10
10609,3/24/2024 1:21:29 PM,-1.80
10609,3/24/2024 1:21:33 PM,-1.90
10609,3/24/2024 1:21:36 PM,-2.20
10609,3/24/2024 1:21:43 PM,-2.10
10609,3/24/2024 1:21:46 PM,-2.20
10609,3/24/2024 1:21:54 PM,-2.00
10609,3/24/2024 1:22:17 PM,-2.20
10609,3/24/2024 1:22:21 PM,-2.10
10609,3/24/2024 1:22:30 PM,-2.30
10609,3/24/2024 1:22:33 PM,-2.20
10609,3/24/2024 1:22:36 PM,-2.30
10609,3/24/2024 1:22:40 PM,-2.20
10609,3/24/2024 1:23:00 PM,-2.40
10609,3/24/2024 1:23:22 PM,-2.50
10609,3/24/2024 1:24:12 PM,-2.20
10609,3/24/2024 1:24:21 PM,-2.00
10609,3/24/2024 1:24:36 PM,-2.30
10609,3/24/2024 1:24:50 PM,-2.20
10609,3/24/2024 1:24:54 PM,-2.10
10609,3/24/2024 1:25:00 PM,-2.20
10609,3/24/2024 1:25:03 PM,-2.10
10609,3/24/2024 1:25:23 PM,-2.30
10609,3/24/2024 1:25:37 PM,-2.20
10609,3/24/2024 1:25:51 PM,-2.40
10609,3/24/2024 1:26:16 PM,-2.20
10609,3/24/2024 1:26:18 PM,-2.30
10609,3/24/2024 1:26:25 PM,-2.20
10609,3/24/2024 1:26:30 PM,-2.40
10609,3/24/2024 1:26:33 PM,-2.30
10609,3/24/2024 1:26:36 PM,-2.40
10609,3/24/2024 1:26:39 PM,-2.30
10609,3/24/2024 1:26:46 PM,-2.50
10609,3/24/2024 1:26:55 PM,-2.60
10609,3/24/2024 1:27:23 PM,-2.70
10609,3/24/2024 1:27:35 PM,-2.60
10609,3/24/2024 1:27:45 PM,-2.80
10609,3/24/2024 1:27:55 PM,-2.70
10609,3/24/2024 1:27:58 PM,-2.60
10609,3/24/2024 1:28:09 PM,-2.70
10609,3/24/2024 1:28:12 PM,-2.80
10609,3/24/2024 1:28:27 PM,-2.70
10609,3/24/2024 1:28:31 PM,-2.60
10609,3/24/2024 1:28:57 PM,-2.70
10609,3/24/2024 1:29:10 PM,-2.30
10609,3/24/2024 1:29:26 PM,-2.40
10609,3/24/2024 1:29:36 PM,-2.20
10609,3/24/2024 1:29:49 PM,-2.30
10609,3/24/2024 1:29:59 PM,-2.70
10609,3/24/2024 1:30:08 PM,-2.60
10609,3/24/2024 1:30:18 PM,-2.30
10609,3/24/2024 1:30:24 PM,-2.60
10609,3/24/2024 1:30:35 PM,-2.40
10609,3/24/2024 1:30:39 PM,-2.50
10609,3/24/2024 1:30:43 PM,-2.40
10609,3/24/2024 1:30:53 PM,-2.70
10609,3/24/2024 1:31:07 PM,-2.80
10609,3/24/2024 1:31:18 PM,-2.70
10609,3/24/2024 1:31:22 PM,-2.80
10609,3/24/2024 1:31:25 PM,-2.70
10609,3/24/2024 1:31:36 PM,-2.80
10609,3/24/2024 1:32:00 PM,-2.60
10609,3/24/2024 1:32:06 PM,-2.70
10609,3/24/2024 1:32:09 PM,-2.60
10609,3/24/2024 1:32:12 PM,-2.70
10609,3/24/2024 1:32:27 PM,-2.60
10609,3/24/2024 1:32:31 PM,-2.70
10609,3/24/2024 1:32:34 PM,-2.60
10609,3/24/2024 1:32:38 PM,-2.70
10609,3/24/2024 1:32:41 PM,-2.60
10609,3/24/2024 1:33:04 PM,-2.50
10609,3/24/2024 1:33:11 PM,-2.70
10609,3/24/2024 1:33:17 PM,-2.60
10609,3/24/2024 1:33:22 PM,-2.70
10609,3/24/2024 1:33:46 PM,-2.50
10609,3/24/2024 1:33:58 PM,-2.70
10609,3/24/2024 1:34:19 PM,-2.50
10609,3/24/2024 1:34:27 PM,-2.60
10609,3/24/2024 1:34:52 PM,-2.40
10609,3/24/2024 1:35:00 PM,-2.60
10609,3/24/2024 1:35:04 PM,-2.50
10609,3/24/2024 1:35:24 PM,-2.70
10609,3/24/2024 1:35:34 PM,-2.60
10609,3/24/2024 1:35:38 PM,-2.70
10609,3/24/2024 1:35:43 PM,-2.60
10609,3/24/2024 1:35:53 PM,-2.70
10609,3/24/2024 1:35:57 PM,-2.60
10609,3/24/2024 1:36:07 PM,-2.70
10609,3/24/2024 1:36:25 PM,-2.50
10609,3/24/2024 1:36:34 PM,-2.70
10609,3/24/2024 1:36:42 PM,-2.60
10609,3/24/2024 1:36:45 PM,-2.70
10609,3/24/2024 1:36:59 PM,-2.40
10609,3/24/2024 1:37:05 PM,-2.50
10609,3/24/2024 1:37:09 PM,-2.30
10609,3/24/2024 1:37:19 PM,-2.60
10609,3/24/2024 1:37:23 PM,-2.50
10609,3/24/2024 1:37:34 PM,-2.70
10609,3/24/2024 1:37:50 PM,-2.50
10609,3/24/2024 1:38:00 PM,-2.30
10609,3/24/2024 1:38:05 PM,-2.40
10609,3/24/2024 1:38:07 PM,-2.20
10609,3/24/2024 1:38:14 PM,-2.40
10609,3/24/2024 1:38:28 PM,-2.60
10609,3/24/2024 1:38:36 PM,-2.50
10609,3/24/2024 1:38:44 PM,-2.60
10609,3/24/2024 1:38:53 PM,-2.50
10609,3/24/2024 1:39:00 PM,-2.30
10609,3/24/2024 1:39:16 PM,-2.40
10609,3/24/2024 1:39:35 PM,-2.70
10609,3/24/2024 1:39:45 PM,-2.50
10609,3/24/2024 1:39:48 PM,-2.40
10609,3/24/2024 1:39:58 PM,-2.30
10609,3/24/2024 1:40:01 PM,-2.50
10609,3/24/2024 1:40:04 PM,-2.40
10609,3/24/2024 1:40:14 PM,-2.60
10609,3/24/2024 1:40:25 PM,-2.50
10609,3/24/2024 1:40:33 PM,-2.30
10609,3/24/2024 1:40:45 PM,-2.50
10609,3/24/2024 1:41:25 PM,-2.30
10609,3/24/2024 1:41:38 PM,-2.10
10609,3/24/2024 1:41:45 PM,-1.80
10609,3/24/2024 1:41:58 PM,-2.20
10609,3/24/2024 1:42:01 PM,-2.10
10609,3/24/2024 1:42:11 PM,-2.20
10609,3/24/2024 1:42:18 PM,-2.10
10609,3/24/2024 1:42:25 PM,-2.20
10609,3/24/2024 1:42:30 PM,-2.00
10609,3/24/2024 1:42:40 PM,-2.20
10609,3/24/2024 1:42:47 PM,-2.00
10609,3/24/2024 1:43:08 PM,-1.80
10609,3/24/2024 1:43:14 PM,-1.90
10609,3/24/2024 1:43:32 PM,-1.70
10609,3/24/2024 1:43:36 PM,-1.80
10609,3/24/2024 1:43:53 PM,-1.90
10609,3/24/2024 1:44:11 PM,-1.80
10609,3/24/2024 1:44:15 PM,-1.70
10609,3/24/2024 1:44:29 PM,-2.10
10609,3/24/2024 1:44:50 PM,-2.20
10609,3/24/2024 1:44:53 PM,-2.30
10609,3/24/2024 1:45:12 PM,-1.90
10609,3/24/2024 1:45:20 PM,-2.10
10609,3/24/2024 1:45:30 PM,-2.00
10609,3/24/2024 1:45:34 PM,-2.10
10609,3/24/2024 1:45:37 PM,-2.00
10609,3/24/2024 1:45:50 PM,-2.20
10609,3/24/2024 1:45:59 PM,-2.00
10609,3/24/2024 1:46:06 PM,-1.40
10609,3/24/2024 1:46:10 PM,-2.10
10609,3/24/2024 1:46:13 PM,-2.00
10609,3/24/2024 1:47:03 PM,-1.70
10609,3/24/2024 1:47:10 PM,-2.80
10609,3/24/2024 1:47:13 PM,-1.70
10609,3/24/2024 1:47:20 PM,-1.90
10609,3/24/2024 1:47:32 PM,-2.00
10609,3/24/2024 1:47:52 PM,-1.70
10609,3/24/2024 1:47:57 PM,-1.90
10609,3/24/2024 1:48:08 PM,-1.80
10609,3/24/2024 1:48:10 PM,-2.00
10609,3/24/2024 1:48:18 PM,-1.80
10609,3/24/2024 1:48:33 PM,-1.70
10609,3/24/2024 1:48:38 PM,-1.80
10609,3/24/2024 1:48:45 PM,-1.70
10609,3/24/2024 1:49:10 PM,-1.90
10609,3/24/2024 1:49:17 PM,-1.70
10609,3/24/2024 1:49:28 PM,-1.60
10609,3/24/2024 1:49:46 PM,-1.90
10609,3/24/2024 1:50:38 PM,-1.70
10609,3/24/2024 1:50:42 PM,-1.80
10609,3/24/2024 1:50:45 PM,-1.70
10609,3/24/2024 1:50:50 PM,-1.80
10609,3/24/2024 1:50:52 PM,-1.70
10609,3/24/2024 1:50:59 PM,-1.80
10609,3/24/2024 1:51:08 PM,-1.70
10609,3/24/2024 1:51:18 PM,-1.80
10609,3/24/2024 1:51:24 PM,-1.70
10609,3/24/2024 1:51:28 PM,-1.80
10609,3/24/2024 1:51:36 PM,-1.70
10609,3/24/2024 1:51:51 PM,-1.80
10609,3/24/2024 1:51:54 PM,-1.70
10609,3/24/2024 1:52:52 PM,-1.80
10609,3/24/2024 1:53:27 PM,-1.50
10609,3/24/2024 1:53:49 PM,-1.40
10609,3/24/2024 1:54:05 PM,-1.60
10609,3/24/2024 1:54:11 PM,-1.50
10609,3/24/2024 1:54:23 PM,-1.60
10609,3/24/2024 1:54:32 PM,-1.50
10609,3/24/2024 1:54:39 PM,-1.80
10609,3/24/2024 1:54:47 PM,-1.70
10609,3/24/2024 1:55:11 PM,-1.60
10609,3/24/2024 1:55:20 PM,-1.80
10609,3/24/2024 1:55:42 PM,-1.50
10609,3/24/2024 1:55:44 PM,-1.40
10609,3/24/2024 1:55:54 PM,-1.30
10609,3/24/2024 1:56:00 PM,-1.50
10609,3/24/2024 1:56:12 PM,-1.60
10609,3/24/2024 1:56:14 PM,-1.50
10609,3/24/2024 1:56:20 PM,-1.60
10609,3/24/2024 1:56:24 PM,-1.40
10609,3/24/2024 1:56:30 PM,-1.70
10609,3/24/2024 1:56:41 PM,-1.50
10609,3/24/2024 1:56:51 PM,-1.80
10609,3/24/2024 1:56:54 PM,-1.70
10609,3/24/2024 1:57:28 PM,-1.60
10609,3/24/2024 1:57:32 PM,-1.80
10609,3/24/2024 1:57:47 PM,-1.90
10609,3/24/2024 1:57:50 PM,-1.80
10609,3/24/2024 1:58:04 PM,-1.90
10609,3/24/2024 1:58:08 PM,-1.80
10609,3/24/2024 1:58:27 PM,-2.00
10609,3/24/2024 1:58:43 PM,-1.70
10609,3/24/2024 1:58:46 PM,-1.60
10609,3/24/2024 1:59:22 PM,-1.80
10609,3/24/2024 1:59:41 PM,-1.60
10609,3/24/2024 1:59:48 PM,-1.70
10609,3/24/2024 2:00:00 PM,-1.70
10609,3/24/2024 2:00:30 PM,-1.90
10609,3/24/2024 2:00:41 PM,-1.40
10609,3/24/2024 2:00:54 PM,-1.30
10609,3/24/2024 2:01:18 PM,-1.80
10609,3/24/2024 2:01:24 PM,-1.60
10609,3/24/2024 2:01:43 PM,-1.50
10609,3/24/2024 2:01:46 PM,-1.70
10609,3/24/2024 2:01:49 PM,-1.80
10609,3/24/2024 2:01:51 PM,-1.70
10609,3/24/2024 2:01:56 PM,-1.80
10609,3/24/2024 2:02:12 PM,-1.70
10609,3/24/2024 2:02:22 PM,-1.80
10609,3/24/2024 2:02:36 PM,-1.70
10609,3/24/2024 2:02:46 PM,-1.80
10609,3/24/2024 2:02:54 PM,-1.60
10609,3/24/2024 2:02:58 PM,-1.90
10609,3/24/2024 2:03:01 PM,-2.00
10609,3/24/2024 2:03:08 PM,-1.80
10609,3/24/2024 2:03:20 PM,-1.70
10609,3/24/2024 2:03:27 PM,-1.90
10609,3/24/2024 2:03:35 PM,-2.00
10609,3/24/2024 2:03:40 PM,-1.90
10609,3/24/2024 2:03:59 PM,-1.80
10609,3/24/2024 2:04:17 PM,-1.40
10609,3/24/2024 2:04:27 PM,-1.80
10609,3/24/2024 2:05:09 PM,-1.50
10609,3/24/2024 2:05:22 PM,-1.30
10609,3/24/2024 2:05:28 PM,-1.40
10609,3/24/2024 2:05:31 PM,-1.60
10609,3/24/2024 2:05:34 PM,-1.50
10609,3/24/2024 2:05:52 PM,-1.70
10609,3/24/2024 2:05:54 PM,-1.60
10609,3/24/2024 2:06:10 PM,-1.80
10609,3/24/2024 2:06:19 PM,-1.70
10609,3/24/2024 2:06:23 PM,-1.80
10609,3/24/2024 2:06:34 PM,-1.70
10609,3/24/2024 2:06:38 PM,-1.80
10609,3/24/2024 2:06:43 PM,-1.70
10609,3/24/2024 2:06:55 PM,-1.80
10609,3/24/2024 2:06:59 PM,-1.70
10609,3/24/2024 2:07:21 PM,-1.90
10609,3/24/2024 2:07:24 PM,-1.70
10609,3/24/2024 2:07:35 PM,-1.60
10609,3/24/2024 2:07:38 PM,-1.50
10609,3/24/2024 2:07:49 PM,-1.70
10609,3/24/2024 2:07:55 PM,-1.90
10609,3/24/2024 2:07:58 PM,-2.10
10609,3/24/2024 2:08:14 PM,-2.00
10609,3/24/2024 2:08:18 PM,-2.10
10609,3/24/2024 2:08:28 PM,-1.90
10609,3/24/2024 2:08:40 PM,-2.10
10609,3/24/2024 2:08:50 PM,-1.80
10609,3/24/2024 2:08:59 PM,-1.40
10609,3/24/2024 2:09:06 PM,-1.20
10609,3/24/2024 2:09:12 PM,-1.60
10609,3/24/2024 2:09:23 PM,-1.50
10609,3/24/2024 2:09:30 PM,-1.70
10609,3/24/2024 2:09:46 PM,-1.80
10609,3/24/2024 2:09:49 PM,-1.90
10609,3/24/2024 2:10:15 PM,-2.00
10609,3/24/2024 2:10:45 PM,-1.80
10609,3/24/2024 2:11:04 PM,-1.40
10609,3/24/2024 2:11:15 PM,-1.60
10609,3/24/2024 2:11:19 PM,-1.50
10609,3/24/2024 2:11:28 PM,-1.70
10609,3/24/2024 2:11:37 PM,-1.60
10609,3/24/2024 2:11:49 PM,-1.70
10609,3/24/2024 2:11:52 PM,-1.60
10609,3/24/2024 2:12:05 PM,-1.80
10609,3/24/2024 2:12:08 PM,-1.70
10609,3/24/2024 2:12:13 PM,-1.80
10609,3/24/2024 2:12:24 PM,-1.60
10609,3/24/2024 2:12:31 PM,-1.70
10609,3/24/2024 2:12:43 PM,-1.60
10609,3/24/2024 2:12:48 PM,-1.70
10609,3/24/2024 2:13:29 PM,-1.80
10609,3/24/2024 2:13:32 PM,-1.70
10609,3/24/2024 2:13:39 PM,-1.80
10609,3/24/2024 2:13:55 PM,-1.60
10609,3/24/2024 2:14:16 PM,-1.70
10609,3/24/2024 2:14:27 PM,-1.60
10609,3/24/2024 2:14:30 PM,-1.70
10609,3/24/2024 2:14:38 PM,-1.60
10609,3/24/2024 2:14:40 PM,-1.70
10609,3/24/2024 2:14:49 PM,-1.80
10609,3/24/2024 2:15:13 PM,-1.60
10609,3/24/2024 2:15:28 PM,-1.80
10609,3/24/2024 2:15:47 PM,-1.70
10609,3/24/2024 2:16:02 PM,-1.80
10609,3/24/2024 2:16:10 PM,-1.70
10609,3/24/2024 2:16:38 PM,-1.60
10609,3/24/2024 2:16:56 PM,-2.00
10609,3/24/2024 2:17:01 PM,-1.90
10609,3/24/2024 2:17:04 PM,-1.70
10609,3/24/2024 2:17:12 PM,-2.00
10609,3/24/2024 2:17:20 PM,-1.60
10609,3/24/2024 2:17:26 PM,-1.80
10609,3/24/2024 2:17:33 PM,-1.50
10609,3/24/2024 2:17:44 PM,-1.80
10609,3/24/2024 2:17:52 PM,-1.60
10609,3/24/2024 2:17:58 PM,-1.80
10609,3/24/2024 2:18:03 PM,-1.70
10609,3/24/2024 2:18:11 PM,-1.80
10609,3/24/2024 2:18:15 PM,-1.60
10609,3/24/2024 2:18:31 PM,-1.50
10609,3/24/2024 2:18:35 PM,-1.40
10609,3/24/2024 2:18:39 PM,-1.50
10609,3/24/2024 2:18:47 PM,-1.40
10609,3/24/2024 2:18:54 PM,-1.60
10609,3/24/2024 2:19:02 PM,-1.50
10609,3/24/2024 2:19:05 PM,-1.60
10609,3/24/2024 2:19:12 PM,-1.40
10609,3/24/2024 2:19:24 PM,-1.30
10609,3/24/2024 2:19:28 PM,-1.20
10609,3/24/2024 2:19:34 PM,-1.50
10609,3/24/2024 2:19:38 PM,-1.80
10609,3/24/2024 2:19:46 PM,-1.90
10609,3/24/2024 2:19:50 PM,-1.80
10609,3/24/2024 2:20:06 PM,-1.70
10609,3/24/2024 2:20:10 PM,-1.60
10609,3/24/2024 2:20:16 PM,-1.70
10609,3/24/2024 2:20:21 PM,-1.90
10609,3/24/2024 2:20:38 PM,-2.00
10609,3/24/2024 2:20:46 PM,-1.90
10609,3/24/2024 2:21:04 PM,-2.00
10609,3/24/2024 2:21:08 PM,-1.90
10609,3/24/2024 2:21:17 PM,-2.00
10609,3/24/2024 2:21:20 PM,-2.10
10609,3/24/2024 2:21:24 PM,-2.00
10609,3/24/2024 2:22:04 PM,-1.80
10609,3/24/2024 2:22:08 PM,-1.60
10609,3/24/2024 2:22:42 PM,-1.90
10609,3/24/2024 2:22:50 PM,-1.70
10609,3/24/2024 2:23:01 PM,-1.60
10609,3/24/2024 2:23:19 PM,-1.80
10609,3/24/2024 2:23:22 PM,-1.90
10609,3/24/2024 2:23:29 PM,-1.80
10609,3/24/2024 2:23:32 PM,-1.90
10609,3/24/2024 2:23:55 PM,-1.60
10609,3/24/2024 2:24:29 PM,-1.80
10609,3/24/2024 2:24:47 PM,-1.60
10609,3/24/2024 2:25:16 PM,-1.90
10609,3/24/2024 2:25:37 PM,-1.70
10609,3/24/2024 2:25:43 PM,-1.80
10609,3/24/2024 2:25:54 PM,-1.60
10609,3/24/2024 2:26:00 PM,-1.70
10609,3/24/2024 2:26:02 PM,-1.80
10609,3/24/2024 2:26:14 PM,-1.90
10609,3/24/2024 2:26:22 PM,-1.70
10609,3/24/2024 2:26:37 PM,-1.60
10609,3/24/2024 2:26:40 PM,-1.50
10609,3/24/2024 2:26:48 PM,-1.60
10609,3/24/2024 2:26:51 PM,-1.50
10609,3/24/2024 2:27:06 PM,-2.00
10609,3/24/2024 2:27:08 PM,-1.90
10609,3/24/2024 2:27:16 PM,-2.00
10609,3/24/2024 2:27:20 PM,-1.90
10609,3/24/2024 2:27:26 PM,-1.60
10609,3/24/2024 2:27:45 PM,-1.80
10609,3/24/2024 2:28:11 PM,-1.50
10609,3/24/2024 2:28:32 PM,-1.80
10609,3/24/2024 2:28:35 PM,-2.10
10609,3/24/2024 2:28:37 PM,-1.80
10609,3/24/2024 2:28:49 PM,-2.00
10609,3/24/2024 2:28:53 PM,-1.90
10609,3/24/2024 2:29:06 PM,-1.80
10609,3/24/2024 2:29:24 PM,-1.90
10609,3/24/2024 2:29:34 PM,-1.80
10609,3/24/2024 2:29:44 PM,-2.00
10609,3/24/2024 2:29:51 PM,-1.90
10609,3/24/2024 2:29:55 PM,-2.00
10609,3/24/2024 2:30:18 PM,-1.70
10609,3/24/2024 2:30:22 PM,-1.50
10609,3/24/2024 2:30:29 PM,-1.30
10609,3/24/2024 2:30:32 PM,-1.50
10609,3/24/2024 2:30:39 PM,-1.40
10609,3/24/2024 2:30:46 PM,-1.60
10609,3/24/2024 2:30:58 PM,-1.50
10609,3/24/2024 2:31:03 PM,-1.30
10609,3/24/2024 2:31:10 PM,-1.20
10609,3/24/2024 2:31:25 PM,-1.30
10609,3/24/2024 2:31:41 PM,-1.60
10609,3/24/2024 2:31:45 PM,-1.50
10609,3/24/2024 2:31:56 PM,-1.60
10609,3/24/2024 2:32:05 PM,-1.50
10609,3/24/2024 2:32:13 PM,-1.60
10609,3/24/2024 2:32:22 PM,-2.10
10609,3/24/2024 2:32:26 PM,-2.20
10609,3/24/2024 2:32:28 PM,-2.40
10609,3/24/2024 2:32:45 PM,-1.90
10609,3/24/2024 2:32:48 PM,-2.10
10609,3/24/2024 2:32:52 PM,-1.80
10609,3/24/2024 2:32:58 PM,-1.90
10609,3/24/2024 2:33:04 PM,-1.70
10609,3/24/2024 2:33:08 PM,-1.80
10609,3/24/2024 2:33:10 PM,-1.70
10609,3/24/2024 2:33:34 PM,-2.00
10609,3/24/2024 2:33:38 PM,-1.90
10609,3/24/2024 2:33:41 PM,-2.10
10609,3/24/2024 2:33:44 PM,-2.20
10609,3/24/2024 2:34:04 PM,-1.70
10609,3/24/2024 2:34:14 PM,-1.60
10609,3/24/2024 2:34:23 PM,-1.80
10609,3/24/2024 2:34:30 PM,-1.70
10609,3/24/2024 2:34:57 PM,-2.10
10609,3/24/2024 2:35:09 PM,-1.90
10609,3/24/2024 2:35:13 PM,-2.00
10609,3/24/2024 2:35:34 PM,-2.10
10609,3/24/2024 2:35:40 PM,-1.90
10609,3/24/2024 2:35:44 PM,-1.70
10609,3/24/2024 2:35:48 PM,-1.40
10609,3/24/2024 2:35:56 PM,-1.50
10609,3/24/2024 2:36:04 PM,-1.90
10609,3/24/2024 2:36:08 PM,-1.70
10609,3/24/2024 2:36:11 PM,-1.30
10609,3/24/2024 2:36:15 PM,1.10
10609,3/24/2024 2:36:24 PM,3.70
10609,3/24/2024 2:36:28 PM,5.20
10609,3/24/2024 2:36:30 PM,6.70
10609,3/24/2024 2:36:34 PM,0.60
10609,3/24/2024 2:36:38 PM,-0.50
10609,3/24/2024 2:36:41 PM,0.50
10609,3/24/2024 2:36:45 PM,-0.40
10609,3/24/2024 2:36:48 PM,-5.90
10609,3/24/2024 2:36:52 PM,-6.90
10609,3/24/2024 2:36:55 PM,-5.80
10609,3/24/2024 2:36:59 PM,-5.90
10609,3/24/2024 2:37:02 PM,-7.40
10609,3/24/2024 2:37:06 PM,-6.90
10609,3/24/2024 2:37:08 PM,-5.20
10609,3/24/2024 2:37:10 PM,-4.10
10609,3/24/2024 2:37:14 PM,-3.70
10609,3/24/2024 2:37:18 PM,-3.10
10609,3/24/2024 2:37:22 PM,-2.30
10609,3/24/2024 2:37:26 PM,-2.20
10609,3/24/2024 2:37:29 PM,-3.60
10609,3/24/2024 2:37:31 PM,-4.80
10609,3/24/2024 2:37:35 PM,-6.70
10609,3/24/2024 2:37:39 PM,-7.40
10609,3/24/2024 2:37:42 PM,-8.30
10609,3/24/2024 2:37:44 PM,-9.20
10609,3/24/2024 2:37:50 PM,-9.60
10609,3/24/2024 2:37:55 PM,-8.90
10609,3/24/2024 2:38:01 PM,-7.00
10609,3/24/2024 2:38:04 PM,-5.10
10609,3/24/2024 2:38:07 PM,-4.40
10609,3/24/2024 2:38:13 PM,-2.90
10609,3/24/2024 2:38:16 PM,-3.10
10609,3/24/2024 2:38:20 PM,-2.50
10609,3/24/2024 2:38:24 PM,-3.20
10609,3/24/2024 2:38:28 PM,-3.10
10609,3/24/2024 2:38:31 PM,-2.90
10609,3/24/2024 2:38:34 PM,-3.40
10609,3/24/2024 2:38:37 PM,-3.70
10609,3/24/2024 2:38:40 PM,-3.50
10609,3/24/2024 2:38:43 PM,-3.10
10609,3/24/2024 2:38:46 PM,-2.10
10609,3/24/2024 2:38:53 PM,-2.30
10609,3/24/2024 2:38:56 PM,-0.80
10609,3/24/2024 2:38:59 PM,-0.70
10609,3/24/2024 2:39:01 PM,-0.80
10609,3/24/2024 2:39:05 PM,-0.70
10609,3/24/2024 2:39:07 PM,-0.30
10609,3/24/2024 2:39:09 PM,1.10
10609,3/24/2024 2:39:11 PM,1.30
10609,3/24/2024 2:39:15 PM,0.00
10609,3/24/2024 2:39:18 PM,0.80
10609,3/24/2024 2:39:21 PM,1.00
10609,3/24/2024 2:39:23 PM,0.60
10609,3/24/2024 2:39:31 PM,0.40
10609,3/24/2024 2:39:37 PM,0.00
10609,3/24/2024 2:39:39 PM,-0.40
10609,3/24/2024 2:39:41 PM,-1.00
10609,3/24/2024 2:39:44 PM,-1.20
10609,3/24/2024 2:39:48 PM,-1.00
10609,3/24/2024 2:39:51 PM,-1.30
10609,3/24/2024 2:39:55 PM,-1.40
10609,3/24/2024 2:39:57 PM,-1.60
10609,3/24/2024 2:40:01 PM,-1.70
10609,3/24/2024 2:40:07 PM,-1.10
10609,3/24/2024 2:40:14 PM,-0.70
10609,3/24/2024 2:40:17 PM,-0.90
10609,3/24/2024 2:40:20 PM,-1.40
10609,3/24/2024 2:40:24 PM,-1.70
10609,3/24/2024 2:40:28 PM,-1.50
10609,3/24/2024 2:40:33 PM,-2.60
10609,3/24/2024 2:40:36 PM,-3.10
10609,3/24/2024 2:40:39 PM,-3.40
10609,3/24/2024 2:40:43 PM,-3.00
10609,3/24/2024 2:40:47 PM,-2.80
10609,3/24/2024 2:40:50 PM,-2.40
10609,3/24/2024 2:40:54 PM,-2.80
10609,3/24/2024 2:40:57 PM,-3.00
10609,3/24/2024 2:41:00 PM,-2.10
10609,3/24/2024 2:41:05 PM,-2.00
10609,3/24/2024 2:41:08 PM,-2.10
10609,3/24/2024 2:41:11 PM,-1.90
10609,3/24/2024 2:41:17 PM,-1.80
10609,3/24/2024 2:41:20 PM,-2.20
10609,3/24/2024 2:41:27 PM,-2.60
10609,3/24/2024 2:41:30 PM,-2.50
10609,3/24/2024 2:41:34 PM,-3.00
10609,3/24/2024 2:41:36 PM,-3.90
10609,3/24/2024 2:41:39 PM,-4.20
10609,3/24/2024 2:41:46 PM,-3.80
10609,3/24/2024 2:41:48 PM,-3.60
10609,3/24/2024 2:41:56 PM,-3.90
10609,3/24/2024 2:41:59 PM,-3.40
10609,3/24/2024 2:42:02 PM,-3.80
10609,3/24/2024 2:42:08 PM,-4.00
10609,3/24/2024 2:42:15 PM,-3.50
10609,3/24/2024 2:42:18 PM,-3.70
10609,3/24/2024 2:42:21 PM,-4.10
10609,3/24/2024 2:42:26 PM,-4.00
10609,3/24/2024 2:42:29 PM,-4.20
10609,3/24/2024 2:42:40 PM,-3.90
10609,3/24/2024 2:42:51 PM,-4.30
10609,3/24/2024 2:42:56 PM,-4.40
10609,3/24/2024 2:42:59 PM,-4.70
10609,3/24/2024 2:43:02 PM,-3.60
10609,3/24/2024 2:43:06 PM,-4.20
10609,3/24/2024 2:43:08 PM,-4.40
10609,3/24/2024 2:43:12 PM,-3.80
10609,3/24/2024 2:43:16 PM,-3.40
10609,3/24/2024 2:43:19 PM,-3.20
10609,3/24/2024 2:43:26 PM,-2.90
10609,3/24/2024 2:43:29 PM,-2.30
10609,3/24/2024 2:43:32 PM,-2.90
10609,3/24/2024 2:43:36 PM,-2.20
10609,3/24/2024 2:43:38 PM,-2.30
10609,3/24/2024 2:43:42 PM,-2.90
10609,3/24/2024 2:43:46 PM,-3.30
10609,3/24/2024 2:43:48 PM,-3.00
10609,3/24/2024 2:43:52 PM,-2.80
10609,3/24/2024 2:44:00 PM,-3.10
10609,3/24/2024 2:44:03 PM,-2.30
10609,3/24/2024 2:44:06 PM,-2.10
10609,3/24/2024 2:44:09 PM,-2.20
10609,3/24/2024 2:44:12 PM,-2.60
10609,3/24/2024 2:44:16 PM,-2.30
10609,3/24/2024 2:44:20 PM,-2.10
10609,3/24/2024 2:44:23 PM,-2.20
10609,3/24/2024 2:44:26 PM,-2.50
10609,3/24/2024 2:44:32 PM,-2.30
10609,3/24/2024 2:44:35 PM,-1.70
10609,3/24/2024 2:44:38 PM,-2.10
10609,3/24/2024 2:44:41 PM,-2.20
10609,3/24/2024 2:44:48 PM,-1.60
10609,3/24/2024 2:44:51 PM,-1.80
10609,3/24/2024 2:44:53 PM,-3.70
10609,3/24/2024 2:44:55 PM,-4.20
10609,3/24/2024 2:44:56 PM,-4.80
10609,3/24/2024 2:44:58 PM,-4.70
10609,3/24/2024 2:45:02 PM,-4.30
10609,3/24/2024 2:45:08 PM,-4.00
10609,3/24/2024 2:45:10 PM,-3.80
10609,3/24/2024 2:45:14 PM,-2.40
10609,3/24/2024 2:45:17 PM,-3.40
10609,3/24/2024 2:45:23 PM,-2.20
10609,3/24/2024 2:45:27 PM,-1.90
10609,3/24/2024 2:45:34 PM,-3.30
10609,3/24/2024 2:45:40 PM,-3.60
10609,3/24/2024 2:45:43 PM,-4.70
10609,3/24/2024 2:45:47 PM,-5.30
10609,3/24/2024 2:45:49 PM,-5.50
10609,3/24/2024 2:45:52 PM,-5.60
10609,3/24/2024 2:45:55 PM,-6.00
10609,3/24/2024 2:45:59 PM,-5.50
10609,3/24/2024 2:46:02 PM,-4.70
10609,3/24/2024 2:46:06 PM,-3.20
10609,3/24/2024 2:46:09 PM,-3.10
10609,3/24/2024 2:46:12 PM,-3.50
10609,3/24/2024 2:46:14 PM,-2.60
10609,3/24/2024 2:46:18 PM,-2.40
10609,3/24/2024 2:46:27 PM,-4.00
10609,3/24/2024 2:46:30 PM,-4.20
10609,3/24/2024 2:46:34 PM,-4.30
10609,3/24/2024 2:46:37 PM,-4.50
10609,3/24/2024 2:46:40 PM,-5.00
10609,3/24/2024 2:46:43 PM,-4.90
10609,3/24/2024 2:46:45 PM,-4.60
10609,3/24/2024 2:46:51 PM,-4.30
10609,3/24/2024 2:46:59 PM,-3.50
10609,3/24/2024 2:47:03 PM,-3.40
10609,3/24/2024 2:47:07 PM,-3.10
10609,3/24/2024 2:47:09 PM,-3.20
10609,3/24/2024 2:47:15 PM,-3.70
10609,3/24/2024 2:47:19 PM,-3.90
10609,3/24/2024 2:47:21 PM,-3.80
10609,3/24/2024 2:47:26 PM,-4.00
10609,3/24/2024 2:47:30 PM,-4.40
10609,3/24/2024 2:47:38 PM,-4.30
10609,3/24/2024 2:47:47 PM,-3.90
10609,3/24/2024 2:47:49 PM,-4.00
10609,3/24/2024 2:47:52 PM,-3.60
10609,3/24/2024 2:47:54 PM,-3.50
10609,3/24/2024 2:47:59 PM,-3.80
10609,3/24/2024 2:48:03 PM,-3.30
10609,3/24/2024 2:48:10 PM,-3.50
10609,3/24/2024 2:48:18 PM,-3.60
10609,3/24/2024 2:48:20 PM,-3.50
10609,3/24/2024 2:48:24 PM,-3.90
10609,3/24/2024 2:48:28 PM,-4.00
10609,3/24/2024 2:48:40 PM,-4.70
10609,3/24/2024 2:48:48 PM,-4.10
10609,3/24/2024 2:48:54 PM,-4.50
10609,3/24/2024 2:48:58 PM,-4.40
10609,3/24/2024 2:49:02 PM,-3.90
10609,3/24/2024 2:49:06 PM,-4.10
10609,3/24/2024 2:49:12 PM,-3.60
10609,3/24/2024 2:49:24 PM,-3.40
10609,3/24/2024 2:49:29 PM,-3.00
10609,3/24/2024 2:49:36 PM,-3.40
10609,3/24/2024 2:49:42 PM,-3.10
10609,3/24/2024 2:49:45 PM,-3.30
10609,3/24/2024 2:49:57 PM,-3.50
10609,3/24/2024 2:50:01 PM,-3.10
10609,3/24/2024 2:50:06 PM,-3.30
10609,3/24/2024 2:50:12 PM,-3.20
10609,3/24/2024 2:50:15 PM,-3.40
10609,3/24/2024 2:50:28 PM,-3.60
10609,3/24/2024 2:50:39 PM,-4.00
10609,3/24/2024 2:50:41 PM,-3.90
10609,3/24/2024 2:50:45 PM,-4.00
10609,3/24/2024 2:50:47 PM,-4.30
10609,3/24/2024 2:50:50 PM,-4.20
10609,3/24/2024 2:50:53 PM,-4.00
10609,3/24/2024 2:51:00 PM,-3.80
10609,3/24/2024 2:51:04 PM,-3.50
10609,3/24/2024 2:51:08 PM,-3.40
10609,3/24/2024 2:51:14 PM,-2.90
10609,3/24/2024 2:51:18 PM,-2.60
10609,3/24/2024 2:51:21 PM,-2.90
10609,3/24/2024 2:51:25 PM,-2.80
10609,3/24/2024 2:51:29 PM,-2.90
10609,3/24/2024 2:51:33 PM,-3.30
10609,3/24/2024 2:51:37 PM,-3.50
10609,3/24/2024 2:51:40 PM,-3.00
10609,3/24/2024 2:51:43 PM,-3.30
10609,3/24/2024 2:51:45 PM,-3.70
10609,3/24/2024 2:51:49 PM,-3.10
10609,3/24/2024 2:51:52 PM,-2.90
10609,3/24/2024 2:51:56 PM,-3.30
10609,3/24/2024 2:52:00 PM,-2.80
10609,3/24/2024 2:52:03 PM,-2.00
10609,3/24/2024 2:52:07 PM,-2.30
10609,3/24/2024 2:52:21 PM,-2.80
10609,3/24/2024 2:52:24 PM,-3.20
10609,3/24/2024 2:52:29 PM,-3.70
10609,3/24/2024 2:52:32 PM,-3.20
10609,3/24/2024 2:52:36 PM,-3.40
10609,3/24/2024 2:52:39 PM,-3.70
10609,3/24/2024 2:52:51 PM,-2.70
10609,3/24/2024 2:52:55 PM,-2.80
10609,3/24/2024 2:52:57 PM,-2.50
10609,3/24/2024 2:53:01 PM,-2.60
10609,3/24/2024 2:53:04 PM,-2.90
10609,3/24/2024 2:53:09 PM,-3.00
10609,3/24/2024 2:53:12 PM,-2.80
10609,3/24/2024 2:53:18 PM,-3.30
10609,3/24/2024 2:53:21 PM,-3.40
10609,3/24/2024 2:53:25 PM,-2.90
10609,3/24/2024 2:53:40 PM,-3.30
10609,3/24/2024 2:53:42 PM,-3.40
10609,3/24/2024 2:53:48 PM,-3.20
10609,3/24/2024 2:53:54 PM,-3.30
10609,3/24/2024 2:53:57 PM,-2.80
10609,3/24/2024 2:54:01 PM,-3.20
10609,3/24/2024 2:54:05 PM,-2.60
10609,3/24/2024 2:54:08 PM,-2.40
10609,3/24/2024 2:54:11 PM,-2.50
10609,3/24/2024 2:54:13 PM,-2.70
10609,3/24/2024 2:54:17 PM,-2.20
10609,3/24/2024 2:54:22 PM,-2.60
10609,3/24/2024 2:54:25 PM,-2.50
10609,3/24/2024 2:54:29 PM,-2.10
10609,3/24/2024 2:54:32 PM,-2.40
10609,3/24/2024 2:54:35 PM,-2.00
10609,3/24/2024 2:54:40 PM,-2.30
10609,3/24/2024 2:54:42 PM,-2.60
10609,3/24/2024 2:54:46 PM,-2.20
10609,3/24/2024 2:54:50 PM,-2.30
10609,3/24/2024 2:54:53 PM,-2.50
10609,3/24/2024 2:54:57 PM,-2.40
10609,3/24/2024 2:55:01 PM,-2.60
10609,3/24/2024 2:55:04 PM,-2.30
10609,3/24/2024 2:55:22 PM,-2.90
10609,3/24/2024 2:55:28 PM,-2.40
10609,3/24/2024 2:55:32 PM,-2.90
10609,3/24/2024 2:55:40 PM,-2.80
10609,3/24/2024 2:55:44 PM,-2.50
10609,3/24/2024 2:55:49 PM,-2.70
10609,3/24/2024 2:55:58 PM,-3.30
10609,3/24/2024 2:56:06 PM,-2.90
10609,3/24/2024 2:56:13 PM,-3.10
10609,3/24/2024 2:56:15 PM,-3.00
10609,3/24/2024 2:56:19 PM,-2.40
10609,3/24/2024 2:56:27 PM,-2.30
10609,3/24/2024 2:56:31 PM,-2.50
10609,3/24/2024 2:56:42 PM,-2.60
10609,3/24/2024 2:56:44 PM,-2.80
10609,3/24/2024 2:56:54 PM,-2.50
10609,3/24/2024 2:56:58 PM,-2.20
10609,3/24/2024 2:57:02 PM,-2.50
10609,3/24/2024 2:57:05 PM,-2.30
10609,3/24/2024 2:57:09 PM,-1.80
10609,3/24/2024 2:57:13 PM,-2.00
10609,3/24/2024 2:57:16 PM,-1.80
10609,3/24/2024 2:57:19 PM,-2.20
10609,3/24/2024 2:57:26 PM,-2.00
10609,3/24/2024 2:57:30 PM,-2.30
10609,3/24/2024 2:57:34 PM,-2.00
10609,3/24/2024 2:57:39 PM,-2.80
10609,3/24/2024 2:57:42 PM,-2.70
10609,3/24/2024 2:57:45 PM,-2.40
10609,3/24/2024 2:57:48 PM,-1.80
10609,3/24/2024 2:57:51 PM,-2.90
10609,3/24/2024 2:57:53 PM,-2.70
10609,3/24/2024 2:57:56 PM,-2.00
10609,3/24/2024 2:58:06 PM,-2.70
10609,3/24/2024 2:58:13 PM,-2.50
10609,3/24/2024 2:58:15 PM,-2.60
10609,3/24/2024 2:58:20 PM,-2.30
10609,3/24/2024 2:58:24 PM,-2.70
10609,3/24/2024 2:58:30 PM,-2.10
10609,3/24/2024 2:58:34 PM,-1.90
10609,3/24/2024 2:58:37 PM,-2.50
10609,3/24/2024 2:58:41 PM,-2.60
10609,3/24/2024 2:58:44 PM,-2.10
10609,3/24/2024 2:58:46 PM,-2.30
10609,3/24/2024 2:58:50 PM,-3.00
10609,3/24/2024 2:58:54 PM,-2.60
10609,3/24/2024 2:58:56 PM,-2.80
10609,3/24/2024 2:59:03 PM,-2.90
10609,3/24/2024 2:59:07 PM,-3.40
10609,3/24/2024 2:59:12 PM,-2.40
10609,3/24/2024 2:59:14 PM,-1.90
10609,3/24/2024 2:59:22 PM,-1.40
10609,3/24/2024 2:59:25 PM,-1.80
10609,3/24/2024 2:59:29 PM,-1.50
10609,3/24/2024 2:59:33 PM,-2.10
10609,3/24/2024 2:59:36 PM,-3.00
10609,3/24/2024 2:59:41 PM,-2.60
10609,3/24/2024 2:59:45 PM,-3.60
10609,3/24/2024 2:59:47 PM,-3.50
10609,3/24/2024 2:59:50 PM,-2.90
10609,3/24/2024 2:59:53 PM,-2.70
10609,3/24/2024 2:59:55 PM,-2.40
10609,3/24/2024 2:59:59 PM,-1.60
10609,3/24/2024 3:00:00 PM,-1.60
10609,3/24/2024 3:00:03 PM,-1.40
10609,3/24/2024 3:00:07 PM,-1.30
10609,3/24/2024 3:00:10 PM,-1.70
10609,3/24/2024 3:00:14 PM,-2.10
10609,3/24/2024 3:00:16 PM,-1.90
10609,3/24/2024 3:00:19 PM,-2.20
10609,3/24/2024 3:00:22 PM,-2.90
10609,3/24/2024 3:00:24 PM,-3.20
10609,3/24/2024 3:00:28 PM,-3.50
10609,3/24/2024 3:00:32 PM,-3.30
10609,3/24/2024 3:00:39 PM,-2.60
10609,3/24/2024 3:00:43 PM,-1.90
10609,3/24/2024 3:00:50 PM,-2.10
10609,3/24/2024 3:00:53 PM,-1.20
10609,3/24/2024 3:00:56 PM,-1.10
10609,3/24/2024 3:01:00 PM,-1.30
10609,3/24/2024 3:01:08 PM,-2.30
10609,3/24/2024 3:01:11 PM,-3.10
10609,3/24/2024 3:01:19 PM,-2.50
10609,3/24/2024 3:01:21 PM,-3.30
10609,3/24/2024 3:01:29 PM,-3.10
10609,3/24/2024 3:01:37 PM,-2.50
10609,3/24/2024 3:01:40 PM,-2.40
10609,3/24/2024 3:01:43 PM,-2.10
10609,3/24/2024 3:01:45 PM,-2.20
10609,3/24/2024 3:01:48 PM,-2.60
10609,3/24/2024 3:01:52 PM,-3.00
10609,3/24/2024 3:01:59 PM,-3.30
10609,3/24/2024 3:02:07 PM,-2.20
10609,3/24/2024 3:02:11 PM,-2.30
10609,3/24/2024 3:02:17 PM,-2.10
10609,3/24/2024 3:02:20 PM,-2.30
10609,3/24/2024 3:02:26 PM,-2.10
10609,3/24/2024 3:02:30 PM,-2.40
10609,3/24/2024 3:02:33 PM,-2.10
10609,3/24/2024 3:02:37 PM,-2.00
10609,3/24/2024 3:02:45 PM,-2.30
10609,3/24/2024 3:02:47 PM,-1.60
10609,3/24/2024 3:02:50 PM,-1.10
10609,3/24/2024 3:02:53 PM,-1.00
10609,3/24/2024 3:02:55 PM,-1.20
10609,3/24/2024 3:02:58 PM,-1.90
10609,3/24/2024 3:03:01 PM,-1.70
10609,3/24/2024 3:03:04 PM,-1.00
10609,3/24/2024 3:03:05 PM,-1.30
10609,3/24/2024 3:03:08 PM,-1.40
10609,3/24/2024 3:03:11 PM,-1.80
10609,3/24/2024 3:03:16 PM,-2.30
10609,3/24/2024 3:03:19 PM,-2.20
10609,3/24/2024 3:03:22 PM,-1.90
10609,3/24/2024 3:03:26 PM,-1.80
10609,3/24/2024 3:03:29 PM,-2.50
10609,3/24/2024 3:03:34 PM,-2.20
10609,3/24/2024 3:03:37 PM,-2.10
10609,3/24/2024 3:03:48 PM,-2.40
10609,3/24/2024 3:03:51 PM,-2.20
10609,3/24/2024 3:03:56 PM,-2.50
10609,3/24/2024 3:03:58 PM,-2.70
10609,3/24/2024 3:04:02 PM,-2.80
10609,3/24/2024 3:04:07 PM,-2.70
10609,3/24/2024 3:04:11 PM,-2.80
10609,3/24/2024 3:04:18 PM,-2.60
10609,3/24/2024 3:04:22 PM,-2.70
10609,3/24/2024 3:04:25 PM,-3.00
10609,3/24/2024 3:04:28 PM,-2.80
10609,3/24/2024 3:04:31 PM,-2.30
10609,3/24/2024 3:04:35 PM,-2.50
10609,3/24/2024 3:04:46 PM,-2.80
10609,3/24/2024 3:04:48 PM,-2.60
10609,3/24/2024 3:05:03 PM,-2.30
10609,3/24/2024 3:05:15 PM,-2.80
10609,3/24/2024 3:05:17 PM,-2.70
10609,3/24/2024 3:05:21 PM,-2.80
10609,3/24/2024 3:05:27 PM,-2.60
10609,3/24/2024 3:05:33 PM,-2.80
10609,3/24/2024 3:05:37 PM,-2.70
10609,3/24/2024 3:05:40 PM,-2.90
10609,3/24/2024 3:05:57 PM,-3.40
10609,3/24/2024 3:06:05 PM,-3.80
10609,3/24/2024 3:06:08 PM,-3.70
10609,3/24/2024 3:06:11 PM,-3.50
10609,3/24/2024 3:06:16 PM,-3.70
10609,3/24/2024 3:06:19 PM,-3.60
10609,3/24/2024 3:06:27 PM,-3.70
10609,3/24/2024 3:06:29 PM,-3.60
10609,3/24/2024 3:06:47 PM,-3.30
10609,3/24/2024 3:06:50 PM,-3.40
10609,3/24/2024 3:07:08 PM,-3.60
10609,3/24/2024 3:07:12 PM,-3.30
10609,3/24/2024 3:07:22 PM,-2.90
10609,3/24/2024 3:07:28 PM,-3.10
10609,3/24/2024 3:07:32 PM,-3.50
10609,3/24/2024 3:07:39 PM,-3.20
10609,3/24/2024 3:07:47 PM,-3.70
10609,3/24/2024 3:07:49 PM,-3.40
10609,3/24/2024 3:07:56 PM,-3.70
10609,3/24/2024 3:07:59 PM,-3.50
10609,3/24/2024 3:08:02 PM,-3.40
10609,3/24/2024 3:08:13 PM,-3.70
10609,3/24/2024 3:08:19 PM,-3.50
10609,3/24/2024 3:08:22 PM,-3.70
10609,3/24/2024 3:08:25 PM,-3.60
10609,3/24/2024 3:08:28 PM,-3.40
10609,3/24/2024 3:08:32 PM,-3.70
10609,3/24/2024 3:08:36 PM,-3.50
10609,3/24/2024 3:08:40 PM,-3.80
10609,3/24/2024 3:08:44 PM,-3.30
10609,3/24/2024 3:08:46 PM,-3.40
10609,3/24/2024 3:08:49 PM,-3.70
10609,3/24/2024 3:08:51 PM,-3.60
10609,3/24/2024 3:08:53 PM,-3.40
10609,3/24/2024 3:08:58 PM,-3.60
10609,3/24/2024 3:09:06 PM,-3.30
10609,3/24/2024 3:09:10 PM,-3.60
10609,3/24/2024 3:09:13 PM,-3.50
10609,3/24/2024 3:09:18 PM,-3.80
10609,3/24/2024 3:09:20 PM,-3.60
10609,3/24/2024 3:09:32 PM,-3.30
10609,3/24/2024 3:09:36 PM,-3.70
10609,3/24/2024 3:09:44 PM,-3.80
10609,3/24/2024 3:09:48 PM,-3.60
10609,3/24/2024 3:09:50 PM,-3.40
10609,3/24/2024 3:09:53 PM,-3.30
10609,3/24/2024 3:09:56 PM,-3.00
10609,3/24/2024 3:10:03 PM,-3.20
10609,3/24/2024 3:10:07 PM,-3.40
10609,3/24/2024 3:10:14 PM,-3.60
10609,3/24/2024 3:10:20 PM,-3.50
10609,3/24/2024 3:10:23 PM,-3.80
10609,3/24/2024 3:10:28 PM,-3.60
10609,3/24/2024 3:10:32 PM,-3.20
10609,3/24/2024 3:10:35 PM,-3.60
10609,3/24/2024 3:10:39 PM,-3.10
10609,3/24/2024 3:10:42 PM,-2.90
10609,3/24/2024 3:10:48 PM,-3.60
10609,3/24/2024 3:10:50 PM,-3.20
10609,3/24/2024 3:10:55 PM,-2.90
10609,3/24/2024 3:11:01 PM,-3.20
10609,3/24/2024 3:11:05 PM,-3.30
10609,3/24/2024 3:11:09 PM,-2.80
10609,3/24/2024 3:11:13 PM,-3.10
10609,3/24/2024 3:11:19 PM,-3.00
10609,3/24/2024 3:11:31 PM,-2.30
10609,3/24/2024 3:11:34 PM,-2.20
10609,3/24/2024 3:11:39 PM,-2.50
10609,3/24/2024 3:11:43 PM,-2.90
10609,3/24/2024 3:11:51 PM,-3.30
10609,3/24/2024 3:11:57 PM,-3.10
10609,3/24/2024 3:11:59 PM,-3.30
10609,3/24/2024 3:12:03 PM,-3.40
10609,3/24/2024 3:12:11 PM,-2.60
10609,3/24/2024 3:12:19 PM,-1.70
10609,3/24/2024 3:12:21 PM,-1.80
10609,3/24/2024 3:12:26 PM,-2.30
10609,3/24/2024 3:12:29 PM,-2.10
10609,3/24/2024 3:12:36 PM,-2.20
10609,3/24/2024 3:12:39 PM,-2.00
10609,3/24/2024 3:12:43 PM,-2.20
10609,3/24/2024 3:12:47 PM,-2.00
10609,3/24/2024 3:12:53 PM,-2.20
10609,3/24/2024 3:12:55 PM,-2.00
10609,3/24/2024 3:13:07 PM,-1.90
10609,3/24/2024 3:13:11 PM,-1.50
10609,3/24/2024 3:13:15 PM,-2.00
10609,3/24/2024 3:13:21 PM,-1.80
10609,3/24/2024 3:13:24 PM,-1.90
10609,3/24/2024 3:13:39 PM,-1.60
10609,3/24/2024 3:13:42 PM,-1.70
10609,3/24/2024 3:13:47 PM,-1.60
10609,3/24/2024 3:13:56 PM,-1.80
10609,3/24/2024 3:14:02 PM,-2.10
10609,3/24/2024 3:14:06 PM,-2.00
10609,3/24/2024 3:14:14 PM,-2.20
10609,3/24/2024 3:14:19 PM,-2.10
10609,3/24/2024 3:14:28 PM,-2.40
10609,3/24/2024 3:14:42 PM,-2.00
10609,3/24/2024 3:14:54 PM,-1.90
10609,3/24/2024 3:14:58 PM,-2.10
10609,3/24/2024 3:15:00 PM,-2.00
10609,3/24/2024 3:15:17 PM,-2.20
10609,3/24/2024 3:15:20 PM,-1.90
10609,3/24/2024 3:15:32 PM,-1.40
10609,3/24/2024 3:15:48 PM,-1.70
10609,3/24/2024 3:15:57 PM,-2.00
10609,3/24/2024 3:16:00 PM,-1.90
10609,3/24/2024 3:16:07 PM,-2.10
10609,3/24/2024 3:16:15 PM,-2.00
10609,3/24/2024 3:16:31 PM,-2.20
10609,3/24/2024 3:16:36 PM,-2.40
10609,3/24/2024 3:16:41 PM,-2.20
10609,3/24/2024 3:16:55 PM,-2.00
10609,3/24/2024 3:17:01 PM,-2.30
10609,3/24/2024 3:17:08 PM,-2.20
10609,3/24/2024 3:17:21 PM,-2.50
10609,3/24/2024 3:17:23 PM,-2.30
10609,3/24/2024 3:17:32 PM,-2.50
10609,3/24/2024 3:17:36 PM,-2.30
10609,3/24/2024 3:17:39 PM,-2.00
10609,3/24/2024 3:17:43 PM,-2.30
10609,3/24/2024 3:17:47 PM,-2.20
10609,3/24/2024 3:17:53 PM,-2.40
10609,3/24/2024 3:17:56 PM,-2.30
10609,3/24/2024 3:17:58 PM,-2.40
10609,3/24/2024 3:18:02 PM,-2.30
10609,3/24/2024 3:18:11 PM,-2.60
10609,3/24/2024 3:18:20 PM,-2.80
10609,3/24/2024 3:18:22 PM,-2.60
10609,3/24/2024 3:18:26 PM,-2.90
10609,3/24/2024 3:18:34 PM,-2.60
10609,3/24/2024 3:18:38 PM,-3.10
10609,3/24/2024 3:18:43 PM,-2.50
10609,3/24/2024 3:18:47 PM,-3.10
10609,3/24/2024 3:18:51 PM,-2.70
10609,3/24/2024 3:18:54 PM,-3.10
10609,3/24/2024 3:18:58 PM,-3.30
10609,3/24/2024 3:19:01 PM,-3.70
10609,3/24/2024 3:19:08 PM,-2.80
10609,3/24/2024 3:19:13 PM,-2.60
10609,3/24/2024 3:19:15 PM,-2.70
10609,3/24/2024 3:19:19 PM,-2.50
10609,3/24/2024 3:19:22 PM,-3.00
10609,3/24/2024 3:19:27 PM,-2.70
10609,3/24/2024 3:19:30 PM,-2.40
10609,3/24/2024 3:19:32 PM,-2.60
10609,3/24/2024 3:19:36 PM,-2.50
10609,3/24/2024 3:19:40 PM,-3.10
10609,3/24/2024 3:19:45 PM,-3.60
10609,3/24/2024 3:19:48 PM,-3.50
10609,3/24/2024 3:19:51 PM,-2.90
10609,3/24/2024 3:19:53 PM,-2.80
10609,3/24/2024 3:19:56 PM,-3.00
10609,3/24/2024 3:20:00 PM,-2.70
10609,3/24/2024 3:20:07 PM,-2.40
10609,3/24/2024 3:20:10 PM,-1.80
10609,3/24/2024 3:20:15 PM,-2.10
10609,3/24/2024 3:20:22 PM,-2.90
10609,3/24/2024 3:20:27 PM,-2.30
10609,3/24/2024 3:20:31 PM,-2.80
10609,3/24/2024 3:20:34 PM,-2.60
10609,3/24/2024 3:20:37 PM,-1.90
10609,3/24/2024 3:20:43 PM,-2.10
10609,3/24/2024 3:20:47 PM,-2.50
10609,3/24/2024 3:20:53 PM,-1.80
10609,3/24/2024 3:20:58 PM,-2.10
10609,3/24/2024 3:21:02 PM,-2.20
10609,3/24/2024 3:21:04 PM,-2.50
10609,3/24/2024 3:21:08 PM,-2.80
10609,3/24/2024 3:21:11 PM,-2.30
10609,3/24/2024 3:21:14 PM,-2.40
10609,3/24/2024 3:21:18 PM,-2.90
10609,3/24/2024 3:21:24 PM,-2.70
10609,3/24/2024 3:21:30 PM,-2.80
10609,3/24/2024 3:21:33 PM,-2.50
10609,3/24/2024 3:21:36 PM,-2.40
10609,3/24/2024 3:21:48 PM,-2.80
10609,3/24/2024 3:22:04 PM,-3.00
10609,3/24/2024 3:22:12 PM,-2.80
10609,3/24/2024 3:22:23 PM,-2.90
10609,3/24/2024 3:22:29 PM,-2.70
10609,3/24/2024 3:22:35 PM,-2.60
10609,3/24/2024 3:22:47 PM,-2.70
10609,3/24/2024 3:22:51 PM,-2.90
10609,3/24/2024 3:22:56 PM,-2.40
10609,3/24/2024 3:22:59 PM,-2.50
10609,3/24/2024 3:23:02 PM,-2.80
10609,3/24/2024 3:23:05 PM,-2.70
10609,3/24/2024 3:23:23 PM,-2.80
10609,3/24/2024 3:23:28 PM,-3.00
10609,3/24/2024 3:23:31 PM,-2.80
10609,3/24/2024 3:23:34 PM,-2.70
10609,3/24/2024 3:23:49 PM,-2.60
10609,3/24/2024 3:23:55 PM,-2.70
10609,3/24/2024 3:23:59 PM,-2.50
10609,3/24/2024 3:24:04 PM,-2.60
10609,3/24/2024 3:24:16 PM,-2.30
10609,3/24/2024 3:24:20 PM,-2.60
10609,3/24/2024 3:24:24 PM,-2.70
10609,3/24/2024 3:24:27 PM,-2.50
10609,3/24/2024 3:24:31 PM,-2.80
10609,3/24/2024 3:24:37 PM,-3.00
10609,3/24/2024 3:24:49 PM,-2.60
10609,3/24/2024 3:24:58 PM,-2.20
10609,3/24/2024 3:25:09 PM,-2.40
10609,3/24/2024 3:25:26 PM,-2.60
10609,3/24/2024 3:25:29 PM,-2.50
10609,3/24/2024 3:25:35 PM,-2.70
10609,3/24/2024 3:25:54 PM,-2.30
10609,3/24/2024 3:25:57 PM,-2.00
10609,3/24/2024 3:26:00 PM,-1.80
10609,3/24/2024 3:26:10 PM,-1.70
10609,3/24/2024 3:26:14 PM,-1.40
10609,3/24/2024 3:26:22 PM,-1.30
10609,3/24/2024 3:26:28 PM,-1.40
10609,3/24/2024 3:26:31 PM,-1.80
10609,3/24/2024 3:26:33 PM,-1.90
10609,3/24/2024 3:26:36 PM,-1.60
10609,3/24/2024 3:26:50 PM,-1.50
10609,3/24/2024 3:26:56 PM,-1.30
10609,3/24/2024 3:26:59 PM,-1.50
10609,3/24/2024 3:27:02 PM,-1.30
10609,3/24/2024 3:27:07 PM,-1.20
10609,3/24/2024 3:27:10 PM,-1.60
10609,3/24/2024 3:27:19 PM,-1.90
10609,3/24/2024 3:27:21 PM,-1.70
10609,3/24/2024 3:27:27 PM,-1.60
10609,3/24/2024 3:27:30 PM,-1.70
10609,3/24/2024 3:27:33 PM,-1.60
10609,3/24/2024 3:27:35 PM,-1.40
10609,3/24/2024 3:27:52 PM,-1.60
10609,3/24/2024 3:27:55 PM,-1.70
10609,3/24/2024 3:27:57 PM,-2.00
10609,3/24/2024 3:28:00 PM,-2.10
10609,3/24/2024 3:28:09 PM,-1.90
10609,3/24/2024 3:28:15 PM,-1.60
10609,3/24/2024 3:28:24 PM,-1.50
10609,3/24/2024 3:28:30 PM,-1.20
10609,3/24/2024 3:28:33 PM,-0.90
10609,3/24/2024 3:28:41 PM,-1.40
10609,3/24/2024 3:28:44 PM,-1.50
10609,3/24/2024 3:28:51 PM,-1.40
10609,3/24/2024 3:28:55 PM,-1.20
10609,3/24/2024 3:29:00 PM,-1.40
10609,3/24/2024 3:29:04 PM,-1.30
10609,3/24/2024 3:29:06 PM,-1.40
10609,3/24/2024 3:29:15 PM,-1.50
10609,3/24/2024 3:29:26 PM,-1.80
10609,3/24/2024 3:29:29 PM,-1.50
10609,3/24/2024 3:29:36 PM,-1.60
10609,3/24/2024 3:29:38 PM,-1.40
10609,3/24/2024 3:30:00 PM,-1.20
10609,3/24/2024 3:30:03 PM,-1.40
10609,3/24/2024 3:30:08 PM,-1.20
10609,3/24/2024 3:30:11 PM,-1.40
10609,3/24/2024 3:30:16 PM,-2.00
10609,3/24/2024 3:30:20 PM,-1.70
10609,3/24/2024 3:30:26 PM,-2.00
10609,3/24/2024 3:30:29 PM,-1.80
10609,3/24/2024 3:30:33 PM,-1.70
10609,3/24/2024 3:30:36 PM,-1.90
10609,3/24/2024 3:30:41 PM,-1.50
10609,3/24/2024 3:30:45 PM,-1.80
10609,3/24/2024 3:30:54 PM,-1.60
10609,3/24/2024 3:30:57 PM,-1.70
10609,3/24/2024 3:31:13 PM,-1.30
10609,3/24/2024 3:31:17 PM,-1.50
10609,3/24/2024 3:31:21 PM,-1.20
10609,3/24/2024 3:31:24 PM,-1.30
10609,3/24/2024 3:31:27 PM,-1.10
10609,3/24/2024 3:31:30 PM,-1.00
10609,3/24/2024 3:31:33 PM,-1.40
10609,3/24/2024 3:31:48 PM,-1.20
10609,3/24/2024 3:31:51 PM,-1.50
10609,3/24/2024 3:31:55 PM,-1.60
10609,3/24/2024 3:31:59 PM,-1.40
10609,3/24/2024 3:32:25 PM,-1.50
10609,3/24/2024 3:32:27 PM,-1.40
10609,3/24/2024 3:32:33 PM,-1.50
10609,3/24/2024 3:32:37 PM,-1.40
10609,3/24/2024 3:32:40 PM,-1.60
10609,3/24/2024 3:32:47 PM,-1.50
10609,3/24/2024 3:32:51 PM,-1.70
10609,3/24/2024 3:32:57 PM,-1.60
10609,3/24/2024 3:33:00 PM,-1.70
10609,3/24/2024 3:33:05 PM,-2.10
10609,3/24/2024 3:33:10 PM,-2.20
10609,3/24/2024 3:33:14 PM,-2.10
10609,3/24/2024 3:33:18 PM,-2.20
10609,3/24/2024 3:33:26 PM,-1.70
10609,3/24/2024 3:33:30 PM,-1.90
10609,3/24/2024 3:33:33 PM,-1.80
10609,3/24/2024 3:33:49 PM,-1.60
10609,3/24/2024 3:33:53 PM,-1.70
10609,3/24/2024 3:33:57 PM,-1.60
10609,3/24/2024 3:34:04 PM,-1.70
10609,3/24/2024 3:34:07 PM,-1.60
10609,3/24/2024 3:34:14 PM,-2.10
10609,3/24/2024 3:34:29 PM,-2.40
10609,3/24/2024 3:34:31 PM,-2.60
10609,3/24/2024 3:34:39 PM,-2.30
10609,3/24/2024 3:34:42 PM,-2.50
10609,3/24/2024 3:34:46 PM,-2.20
10609,3/24/2024 3:34:50 PM,-2.40
10609,3/24/2024 3:34:54 PM,-2.30
10609,3/24/2024 3:35:08 PM,-2.80
10609,3/24/2024 3:35:13 PM,-2.90
10609,3/24/2024 3:35:16 PM,-3.10
10609,3/24/2024 3:35:20 PM,-3.20
10609,3/24/2024 3:35:23 PM,-2.70
10609,3/24/2024 3:35:28 PM,-3.20
10609,3/24/2024 3:35:36 PM,-2.90
10609,3/24/2024 3:35:45 PM,-2.20
10609,3/24/2024 3:35:59 PM,-2.60
10609,3/24/2024 3:36:04 PM,-2.30
10609,3/24/2024 3:36:11 PM,-2.70
10609,3/24/2024 3:36:19 PM,-3.30
10609,3/24/2024 3:36:27 PM,-3.70
10609,3/24/2024 3:36:29 PM,-3.60
10609,3/24/2024 3:36:32 PM,-3.20
10609,3/24/2024 3:36:36 PM,-3.10
10609,3/24/2024 3:36:39 PM,-3.20
10609,3/24/2024 3:36:42 PM,-3.50
10609,3/24/2024 3:36:50 PM,-3.70
10609,3/24/2024 3:36:54 PM,-4.00
10609,3/24/2024 3:36:58 PM,-3.80
10609,3/24/2024 3:37:00 PM,-3.60
10609,3/24/2024 3:37:06 PM,-3.50
10609,3/24/2024 3:37:13 PM,-3.10
10609,3/24/2024 3:37:21 PM,-2.90
10609,3/24/2024 3:37:28 PM,-2.50
10609,3/24/2024 3:37:31 PM,-2.40
10609,3/24/2024 3:37:34 PM,-2.20
10609,3/24/2024 3:37:37 PM,-2.30
10609,3/24/2024 3:37:39 PM,-2.50
10609,3/24/2024 3:37:54 PM,-2.40
10609,3/24/2024 3:38:00 PM,-1.90
10609,3/24/2024 3:38:04 PM,-1.70
10609,3/24/2024 3:38:07 PM,-1.80
10609,3/24/2024 3:38:09 PM,-2.00
10609,3/24/2024 3:38:17 PM,-2.20
10609,3/24/2024 3:38:22 PM,-2.00
10609,3/24/2024 3:38:41 PM,-1.80
10609,3/24/2024 3:38:47 PM,-1.40
10609,3/24/2024 3:38:51 PM,-1.50
10609,3/24/2024 3:38:55 PM,-1.90
10609,3/24/2024 3:38:58 PM,-1.70
10609,3/24/2024 3:39:02 PM,-2.00
10609,3/24/2024 3:39:05 PM,-1.60
10609,3/24/2024 3:39:11 PM,-1.70
10609,3/24/2024 3:39:15 PM,-1.50
10609,3/24/2024 3:39:23 PM,-1.40
10609,3/24/2024 3:39:37 PM,-1.80
10609,3/24/2024 3:39:40 PM,-1.50
10609,3/24/2024 3:39:43 PM,-1.60
10609,3/24/2024 3:39:47 PM,-1.50
10609,3/24/2024 3:39:51 PM,-1.70
10609,3/24/2024 3:39:55 PM,-1.80
10609,3/24/2024 3:40:01 PM,-1.70
10609,3/24/2024 3:40:10 PM,-1.80
10609,3/24/2024 3:40:14 PM,-2.00
10609,3/24/2024 3:40:17 PM,-1.90
10609,3/24/2024 3:40:23 PM,-2.30
10609,3/24/2024 3:40:30 PM,-2.10
10609,3/24/2024 3:40:37 PM,-2.30
10609,3/24/2024 3:40:44 PM,-2.00
10609,3/24/2024 3:40:47 PM,-1.60
10609,3/24/2024 3:41:07 PM,-1.20
10609,3/24/2024 3:41:12 PM,-1.40
10609,3/24/2024 3:41:22 PM,-1.50
10609,3/24/2024 3:41:26 PM,-1.70
10609,3/24/2024 3:41:31 PM,-1.60
10609,3/24/2024 3:41:36 PM,-1.70
10609,3/24/2024 3:41:40 PM,-1.50
10609,3/24/2024 3:41:42 PM,-1.30
10609,3/24/2024 3:41:47 PM,-1.20
10609,3/24/2024 3:41:49 PM,-1.40
10609,3/24/2024 3:41:53 PM,-1.50
10609,3/24/2024 3:41:56 PM,-1.70
10609,3/24/2024 3:42:02 PM,-1.60
10609,3/24/2024 3:42:08 PM,-2.10
10609,3/24/2024 3:42:14 PM,-2.00
10609,3/24/2024 3:42:19 PM,-2.40
10609,3/24/2024 3:42:23 PM,-2.30
10609,3/24/2024 3:42:31 PM,-2.50
10609,3/24/2024 3:42:35 PM,-2.70
10609,3/24/2024 3:42:38 PM,-2.30
10609,3/24/2024 3:42:41 PM,-2.20
10609,3/24/2024 3:42:43 PM,-2.30
10609,3/24/2024 3:42:46 PM,-2.60
10609,3/24/2024 3:42:50 PM,-2.40
10609,3/24/2024 3:43:00 PM,-2.90
10609,3/24/2024 3:43:02 PM,-2.70
10609,3/24/2024 3:43:09 PM,-2.60
10609,3/24/2024 3:43:12 PM,-2.70
10609,3/24/2024 3:43:14 PM,-2.90
10609,3/24/2024 3:43:18 PM,-2.80
10609,3/24/2024 3:43:23 PM,-2.90
10609,3/24/2024 3:43:29 PM,-2.70
10609,3/24/2024 3:43:32 PM,-2.90
10609,3/24/2024 3:43:39 PM,-2.50
10609,3/24/2024 3:43:42 PM,-3.00
10609,3/24/2024 3:43:46 PM,-3.10
10609,3/24/2024 3:44:02 PM,-2.80
10609,3/24/2024 3:44:08 PM,-2.90
10609,3/24/2024 3:44:12 PM,-3.10
10609,3/24/2024 3:44:18 PM,-2.90
10609,3/24/2024 3:44:22 PM,-2.60
10609,3/24/2024 3:44:25 PM,-2.70
10609,3/24/2024 3:44:32 PM,-2.60
10609,3/24/2024 3:44:35 PM,-2.40
10609,3/24/2024 3:44:39 PM,-2.30
10609,3/24/2024 3:44:42 PM,-2.10
10609,3/24/2024 3:44:46 PM,-2.60
10609,3/24/2024 3:44:49 PM,-2.70
10609,3/24/2024 3:44:55 PM,-2.20
10609,3/24/2024 3:45:00 PM,-2.30
10609,3/24/2024 3:45:02 PM,-2.00
10609,3/24/2024 3:45:04 PM,-1.80
10609,3/24/2024 3:45:10 PM,-1.90
10609,3/24/2024 3:45:18 PM,-1.50
10609,3/24/2024 3:45:22 PM,-1.60
10609,3/24/2024 3:45:25 PM,-1.50
10609,3/24/2024 3:45:32 PM,-1.70
10609,3/24/2024 3:45:36 PM,-1.60
10609,3/24/2024 3:45:39 PM,-1.70
10609,3/24/2024 3:45:57 PM,-1.20
10609,3/24/2024 3:46:02 PM,-0.80
10609,3/24/2024 3:46:04 PM,-1.00
10609,3/24/2024 3:46:08 PM,-0.90
10609,3/24/2024 3:46:13 PM,-1.10
10609,3/24/2024 3:46:17 PM,-1.00
10609,3/24/2024 3:46:22 PM,-1.10
10609,3/24/2024 3:46:25 PM,-1.00
10609,3/24/2024 3:46:29 PM,-0.70
10609,3/24/2024 3:46:38 PM,-0.30
10609,3/24/2024 3:46:42 PM,-0.50
10609,3/24/2024 3:46:53 PM,-0.10
10609,3/24/2024 3:46:59 PM,-0.30
10609,3/24/2024 3:47:05 PM,0.00
10609,3/24/2024 3:47:08 PM,-0.30
10609,3/24/2024 3:47:12 PM,0.00
10609,3/24/2024 3:47:14 PM,-0.10
10609,3/24/2024 3:47:18 PM,0.10
10609,3/24/2024 3:47:22 PM,0.50
10609,3/24/2024 3:47:30 PM,0.80
10609,3/24/2024 3:47:36 PM,0.50
10609,3/24/2024 3:47:40 PM,0.40
10609,3/24/2024 3:47:43 PM,0.50
10609,3/24/2024 3:47:51 PM,0.20
10609,3/24/2024 3:47:54 PM,-0.10
10609,3/24/2024 3:47:58 PM,0.10
10609,3/24/2024 3:48:08 PM,0.30
10609,3/24/2024 3:48:11 PM,0.90
10609,3/24/2024 3:48:14 PM,1.20
10609,3/24/2024 3:48:24 PM,1.70
10609,3/24/2024 3:48:33 PM,1.20
10609,3/24/2024 3:48:35 PM,1.40
10609,3/24/2024 3:48:39 PM,1.50
10609,3/24/2024 3:48:43 PM,1.70
10609,3/24/2024 3:48:46 PM,2.00
10609,3/24/2024 3:48:55 PM,2.20
10609,3/24/2024 3:49:04 PM,2.60
10609,3/24/2024 3:49:23 PM,2.10
10609,3/24/2024 3:49:30 PM,2.30
10609,3/24/2024 3:49:34 PM,2.10
10609,3/24/2024 3:49:36 PM,1.90
10609,3/24/2024 3:49:40 PM,2.30
10609,3/24/2024 3:49:43 PM,2.10
10609,3/24/2024 3:49:49 PM,1.20
10609,3/24/2024 3:49:54 PM,1.40
10609,3/24/2024 3:50:00 PM,1.00
10609,3/24/2024 3:50:07 PM,1.40
10609,3/24/2024 3:50:10 PM,1.20
10609,3/24/2024 3:50:13 PM,1.60
10609,3/24/2024 3:50:16 PM,2.10
10609,3/24/2024 3:50:19 PM,2.50
10609,3/24/2024 3:50:21 PM,2.40
10609,3/24/2024 3:50:26 PM,2.70
10609,3/24/2024 3:50:30 PM,3.50
10609,3/24/2024 3:50:35 PM,3.00
10609,3/24/2024 3:50:39 PM,2.80
10609,3/24/2024 3:50:44 PM,2.40
10609,3/24/2024 3:50:47 PM,2.30
10609,3/24/2024 3:51:06 PM,2.70
10609,3/24/2024 3:51:09 PM,2.90
10609,3/24/2024 3:51:13 PM,2.80
10609,3/24/2024 3:51:20 PM,3.00
10609,3/24/2024 3:51:27 PM,2.70
10609,3/24/2024 3:51:31 PM,2.30
10609,3/24/2024 3:51:35 PM,2.40
10609,3/24/2024 3:51:40 PM,2.10
10609,3/24/2024 3:51:44 PM,2.00
10609,3/24/2024 3:51:47 PM,2.30
10609,3/24/2024 3:51:51 PM,1.90
10609,3/24/2024 3:51:55 PM,1.70
10609,3/24/2024 3:52:08 PM,1.90
10609,3/24/2024 3:52:15 PM,1.60
10609,3/24/2024 3:52:26 PM,1.50
10609,3/24/2024 3:52:36 PM,1.80
10609,3/24/2024 3:52:39 PM,1.60
10609,3/24/2024 3:52:42 PM,1.50
10609,3/24/2024 3:52:45 PM,1.60
10609,3/24/2024 3:52:48 PM,1.90
10609,3/24/2024 3:53:01 PM,2.00
10609,3/24/2024 3:53:08 PM,1.70
10609,3/24/2024 3:53:22 PM,2.10
10609,3/24/2024 3:53:27 PM,1.90
10609,3/24/2024 3:53:30 PM,1.60
10609,3/24/2024 3:53:34 PM,1.50
10609,3/24/2024 3:53:36 PM,1.60
10609,3/24/2024 3:53:46 PM,1.70
10609,3/24/2024 3:53:48 PM,1.80
10609,3/24/2024 3:53:51 PM,1.70
10609,3/24/2024 3:53:56 PM,2.00
10609,3/24/2024 3:53:59 PM,2.30
10609,3/24/2024 3:54:05 PM,2.50
10609,3/24/2024 3:54:11 PM,2.10
10609,3/24/2024 3:54:14 PM,2.00
10609,3/24/2024 3:54:17 PM,2.10
10609,3/24/2024 3:54:21 PM,2.00
10609,3/24/2024 3:54:29 PM,1.40
10609,3/24/2024 3:54:32 PM,1.10
10609,3/24/2024 3:54:36 PM,1.30
10609,3/24/2024 3:54:38 PM,1.50
10609,3/24/2024 3:54:46 PM,2.00
10609,3/24/2024 3:54:53 PM,2.30
10609,3/24/2024 3:54:57 PM,2.00
10609,3/24/2024 3:55:00 PM,1.60
10609,3/24/2024 3:55:05 PM,1.50
10609,3/24/2024 3:55:07 PM,0.90
10609,3/24/2024 3:55:11 PM,0.40
10609,3/24/2024 3:55:16 PM,0.20
10609,3/24/2024 3:55:23 PM,0.40
10609,3/24/2024 3:55:30 PM,1.20
10609,3/24/2024 3:55:34 PM,1.90
10609,3/24/2024 3:55:46 PM,2.40
10609,3/24/2024 3:55:49 PM,1.90
10609,3/24/2024 3:55:52 PM,1.70
10609,3/24/2024 3:55:56 PM,1.80
10609,3/24/2024 3:56:02 PM,1.40
10609,3/24/2024 3:56:08 PM,1.60
10609,3/24/2024 3:56:15 PM,2.40
10609,3/24/2024 3:56:18 PM,2.50
10609,3/24/2024 3:56:22 PM,2.10
10609,3/24/2024 3:56:25 PM,2.30
10609,3/24/2024 3:56:29 PM,2.00
10609,3/24/2024 3:56:39 PM,1.60
10609,3/24/2024 3:56:42 PM,1.30
10609,3/24/2024 3:56:55 PM,1.00
10609,3/24/2024 3:57:02 PM,1.20
10609,3/24/2024 3:57:08 PM,1.70
10609,3/24/2024 3:57:14 PM,2.00
10609,3/24/2024 3:57:22 PM,1.10
10609,3/24/2024 3:57:29 PM,0.90
10609,3/24/2024 3:57:34 PM,1.00
10609,3/24/2024 3:57:47 PM,1.50
10609,3/24/2024 3:57:50 PM,1.30
10609,3/24/2024 3:57:53 PM,1.50
10609,3/24/2024 3:58:03 PM,1.60
10609,3/24/2024 3:58:09 PM,1.10
10609,3/24/2024 3:58:17 PM,1.20
10609,3/24/2024 3:58:19 PM,0.90
10609,3/24/2024 3:58:23 PM,0.70
10609,3/24/2024 3:58:27 PM,1.20
10609,3/24/2024 3:58:31 PM,1.40
10609,3/24/2024 3:58:34 PM,1.30
10609,3/24/2024 3:58:39 PM,1.50
10609,3/24/2024 3:58:53 PM,1.40
10609,3/24/2024 3:58:58 PM,1.50
10609,3/24/2024 3:59:08 PM,1.30
10609,3/24/2024 3:59:11 PM,1.60
10609,3/24/2024 3:59:15 PM,1.40
10609,3/24/2024 3:59:23 PM,1.90
10609,3/24/2024 3:59:26 PM,2.00
10609,3/24/2024 3:59:33 PM,1.60
10609,3/24/2024 3:59:40 PM,1.70
10609,3/24/2024 3:59:43 PM,1.90
10609,3/24/2024 3:59:46 PM,1.80
10609,3/24/2024 3:59:52 PM,2.20
10609,3/24/2024 4:00:00 PM,1.90
10609,3/24/2024 4:00:10 PM,1.80
10609,3/24/2024 4:00:12 PM,1.90
10609,3/24/2024 4:00:16 PM,2.30
10609,3/24/2024 4:00:18 PM,2.00
10609,3/24/2024 4:00:28 PM,2.30
10609,3/24/2024 4:00:36 PM,2.00
10609,3/24/2024 4:00:42 PM,2.40
10609,3/24/2024 4:00:50 PM,2.20
10609,3/24/2024 4:01:02 PM,1.60
10609,3/24/2024 4:01:09 PM,1.50
10609,3/24/2024 4:01:12 PM,1.30
10609,3/24/2024 4:01:21 PM,1.60
10609,3/24/2024 4:01:25 PM,1.90
10609,3/24/2024 4:01:42 PM,2.20
10609,3/24/2024 4:01:45 PM,2.50
10609,3/24/2024 4:01:58 PM,2.90
10609,3/24/2024 4:02:01 PM,3.30
10609,3/24/2024 4:02:05 PM,3.40
10609,3/24/2024 4:02:08 PM,2.90
10609,3/24/2024 4:02:14 PM,3.40
10609,3/24/2024 4:02:16 PM,3.60
10609,3/24/2024 4:02:24 PM,3.40
10609,3/24/2024 4:02:27 PM,3.20
10609,3/24/2024 4:02:36 PM,3.30
10609,3/24/2024 4:02:45 PM,3.60
10609,3/24/2024 4:02:48 PM,4.00
10609,3/24/2024 4:02:50 PM,4.10
10609,3/24/2024 4:02:55 PM,3.90
10609,3/24/2024 4:02:57 PM,3.70
10609,3/24/2024 4:03:01 PM,3.80
10609,3/24/2024 4:03:07 PM,4.10
10609,3/24/2024 4:03:11 PM,4.20
10609,3/24/2024 4:03:14 PM,4.40
10609,3/24/2024 4:03:22 PM,3.80
10609,3/24/2024 4:03:29 PM,4.30
10609,3/24/2024 4:03:37 PM,4.10
10609,3/24/2024 4:03:41 PM,4.40
10609,3/24/2024 4:03:44 PM,4.90
10609,3/24/2024 4:03:48 PM,4.80
10609,3/24/2024 4:03:52 PM,5.00
10609,3/24/2024 4:03:58 PM,4.80
10609,3/24/2024 4:04:06 PM,5.20
10609,3/24/2024 4:04:09 PM,5.10
10609,3/24/2024 4:04:24 PM,5.30
10609,3/24/2024 4:04:28 PM,5.10
10609,3/24/2024 4:04:35 PM,5.40
10609,3/24/2024 4:04:39 PM,5.30
10609,3/24/2024 4:04:45 PM,5.60
10609,3/24/2024 4:04:55 PM,5.90
10609,3/24/2024 4:04:59 PM,6.10
10609,3/24/2024 4:05:03 PM,5.90
10609,3/24/2024 4:05:16 PM,5.60
10609,3/24/2024 4:05:23 PM,5.90
10609,3/24/2024 4:05:28 PM,5.50
10609,3/24/2024 4:05:32 PM,5.80
10609,3/24/2024 4:05:42 PM,6.20
10609,3/24/2024 4:05:45 PM,6.40
10609,3/24/2024 4:05:52 PM,6.10
10609,3/24/2024 4:05:54 PM,6.20
10609,3/24/2024 4:05:56 PM,6.50
10609,3/24/2024 4:06:03 PM,6.70
10609,3/24/2024 4:06:07 PM,6.60
10609,3/24/2024 4:06:10 PM,6.80
10609,3/24/2024 4:06:13 PM,6.90
10609,3/24/2024 4:06:15 PM,6.70
10609,3/24/2024 4:06:19 PM,6.50
10609,3/24/2024 4:06:27 PM,6.30
10609,3/24/2024 4:06:30 PM,6.40
10609,3/24/2024 4:06:33 PM,6.30
10609,3/24/2024 4:06:41 PM,6.40
10609,3/24/2024 4:06:46 PM,6.80
10609,3/24/2024 4:06:58 PM,6.70
10609,3/24/2024 4:07:06 PM,6.80
10609,3/24/2024 4:07:16 PM,6.50
10609,3/24/2024 4:07:20 PM,6.60
10609,3/24/2024 4:07:22 PM,6.80
10609,3/24/2024 4:07:29 PM,7.10
10609,3/24/2024 4:07:35 PM,6.70
10609,3/24/2024 4:07:39 PM,7.10
10609,3/24/2024 4:07:42 PM,7.30
10609,3/24/2024 4:07:45 PM,7.20
10609,3/24/2024 4:07:47 PM,7.40
10609,3/24/2024 4:07:51 PM,7.60
10609,3/24/2024 4:07:57 PM,7.40
10609,3/24/2024 4:08:00 PM,7.10
10609,3/24/2024 4:08:04 PM,7.20
10609,3/24/2024 4:08:10 PM,7.00
10609,3/24/2024 4:08:14 PM,7.30
10609,3/24/2024 4:08:17 PM,7.40
10609,3/24/2024 4:08:24 PM,7.20
10609,3/24/2024 4:08:27 PM,7.40
10609,3/24/2024 4:08:30 PM,7.30
10609,3/24/2024 4:08:42 PM,7.50
10609,3/24/2024 4:08:45 PM,7.10
10609,3/24/2024 4:08:47 PM,7.00
10609,3/24/2024 4:08:53 PM,7.40
10609,3/24/2024 4:08:56 PM,7.10
10609,3/24/2024 4:08:58 PM,6.80
10609,3/24/2024 4:09:12 PM,6.50
10609,3/24/2024 4:09:16 PM,6.60
10609,3/24/2024 4:09:23 PM,7.20
10609,3/24/2024 4:09:33 PM,6.70
10609,3/24/2024 4:09:36 PM,7.00
10609,3/24/2024 4:09:40 PM,7.10
10609,3/24/2024 4:09:48 PM,6.80
10609,3/24/2024 4:09:53 PM,7.00
10609,3/24/2024 4:09:56 PM,6.90
10609,3/24/2024 4:10:05 PM,7.20
10609,3/24/2024 4:10:09 PM,7.10
10609,3/24/2024 4:10:12 PM,6.90
10609,3/24/2024 4:10:18 PM,6.80
10609,3/24/2024 4:10:23 PM,7.30
10609,3/24/2024 4:10:25 PM,7.40
10609,3/24/2024 4:10:28 PM,7.30
10609,3/24/2024 4:10:31 PM,7.10
10609,3/24/2024 4:10:47 PM,6.70
10609,3/24/2024 4:10:50 PM,6.80
10609,3/24/2024 4:10:55 PM,6.20
10609,3/24/2024 4:10:58 PM,6.10
10609,3/24/2024 4:11:01 PM,6.40
10609,3/24/2024 4:11:05 PM,6.30
10609,3/24/2024 4:11:16 PM,7.30
10609,3/24/2024 4:11:29 PM,6.90
10609,3/24/2024 4:11:39 PM,6.80
10609,3/24/2024 4:11:55 PM,5.90
10609,3/24/2024 4:12:02 PM,6.10
10609,3/24/2024 4:12:05 PM,6.30
10609,3/24/2024 4:12:12 PM,6.00
10609,3/24/2024 4:12:16 PM,6.20
10609,3/24/2024 4:12:18 PM,6.40
10609,3/24/2024 4:12:22 PM,6.30
10609,3/24/2024 4:12:26 PM,6.40
10609,3/24/2024 4:12:35 PM,6.00
10609,3/24/2024 4:12:45 PM,6.20
10609,3/24/2024 4:12:50 PM,6.00
10609,3/24/2024 4:12:59 PM,6.20
10609,3/24/2024 4:13:03 PM,6.50
10609,3/24/2024 4:13:07 PM,6.20
10609,3/24/2024 4:13:11 PM,5.70
10609,3/24/2024 4:13:18 PM,6.00
10609,3/24/2024 4:13:25 PM,5.70
10609,3/24/2024 4:13:31 PM,5.80
10609,3/24/2024 4:13:35 PM,5.70
10609,3/24/2024 4:13:43 PM,6.00
10609,3/24/2024 4:13:48 PM,5.80
10609,3/24/2024 4:13:56 PM,5.90
10609,3/24/2024 4:14:01 PM,6.20
10609,3/24/2024 4:14:05 PM,6.30
10609,3/24/2024 4:14:09 PM,6.20
10609,3/24/2024 4:14:18 PM,6.50
10609,3/24/2024 4:14:22 PM,6.30
10609,3/24/2024 4:14:33 PM,6.50
10609,3/24/2024 4:14:36 PM,6.20
10609,3/24/2024 4:14:51 PM,6.40
10609,3/24/2024 4:14:59 PM,7.00
10609,3/24/2024 4:15:05 PM,7.20
10609,3/24/2024 4:15:08 PM,6.90
10609,3/24/2024 4:15:16 PM,6.50
10609,3/24/2024 4:15:20 PM,6.70
10609,3/24/2024 4:15:37 PM,6.20
10609,3/24/2024 4:15:44 PM,6.50
10609,3/24/2024 4:15:54 PM,6.40
10609,3/24/2024 4:15:58 PM,6.10
10609,3/24/2024 4:16:01 PM,6.20
10609,3/24/2024 4:16:05 PM,6.10
10609,3/24/2024 4:16:08 PM,6.20
10609,3/24/2024 4:16:12 PM,6.50
10609,3/24/2024 4:16:19 PM,6.40
10609,3/24/2024 4:16:29 PM,6.60
10609,3/24/2024 4:16:38 PM,6.00
10609,3/24/2024 4:16:42 PM,6.30
10609,3/24/2024 4:16:46 PM,6.40
10609,3/24/2024 4:16:49 PM,6.20
10609,3/24/2024 4:16:51 PM,5.90
10609,3/24/2024 4:16:55 PM,6.00
10609,3/24/2024 4:17:01 PM,6.30
10609,3/24/2024 4:17:05 PM,6.10
10609,3/24/2024 4:17:09 PM,5.30
10609,3/24/2024 4:17:13 PM,4.10
10609,3/24/2024 4:17:16 PM,4.40
10609,3/24/2024 4:17:19 PM,5.00
10609,3/24/2024 4:17:21 PM,5.20
10609,3/24/2024 4:17:25 PM,4.70
10609,3/24/2024 4:17:29 PM,4.60
10609,3/24/2024 4:17:32 PM,4.70
10609,3/24/2024 4:17:36 PM,5.30
10609,3/24/2024 4:17:39 PM,5.60
10609,3/24/2024 4:17:44 PM,5.30
10609,3/24/2024 4:17:48 PM,4.50
10609,3/24/2024 4:18:01 PM,5.10
10609,3/24/2024 4:18:04 PM,5.00
10609,3/24/2024 4:18:05 PM,4.30
10609,3/24/2024 4:18:08 PM,4.20
10609,3/24/2024 4:18:12 PM,4.50
10609,3/24/2024 4:18:16 PM,5.10
10609,3/24/2024 4:18:20 PM,4.70
10609,3/24/2024 4:18:23 PM,4.50
10609,3/24/2024 4:18:30 PM,5.30
10609,3/24/2024 4:18:33 PM,4.50
10609,3/24/2024 4:18:38 PM,5.40
10609,3/24/2024 4:18:41 PM,6.10
10609,3/24/2024 4:18:46 PM,6.90
10609,3/24/2024 4:18:49 PM,7.10
10609,3/24/2024 4:18:52 PM,7.00
10609,3/24/2024 4:18:55 PM,6.70
10609,3/24/2024 4:19:00 PM,5.60
10609,3/24/2024 4:19:03 PM,5.30
10609,3/24/2024 4:19:10 PM,5.00
10609,3/24/2024 4:19:14 PM,4.70
10609,3/24/2024 4:19:22 PM,3.10
10609,3/24/2024 4:19:25 PM,2.60
10609,3/24/2024 4:19:29 PM,1.50
10609,3/24/2024 4:19:35 PM,3.20
10609,3/24/2024 4:19:38 PM,4.80
10609,3/24/2024 4:19:42 PM,5.30
10609,3/24/2024 4:19:46 PM,4.50
10609,3/24/2024 4:19:49 PM,4.40
10609,3/24/2024 4:19:52 PM,4.90
10609,3/24/2024 4:19:55 PM,6.00
10609,3/24/2024 4:19:59 PM,7.30
10609,3/24/2024 4:20:02 PM,8.50
10609,3/24/2024 4:20:06 PM,7.30
10609,3/24/2024 4:20:10 PM,6.00
10609,3/24/2024 4:20:14 PM,5.80
10609,3/24/2024 4:20:19 PM,6.80
10609,3/24/2024 4:20:24 PM,6.40
10609,3/24/2024 4:20:28 PM,5.10
10609,3/24/2024 4:20:30 PM,5.30
10609,3/24/2024 4:20:33 PM,5.20
10609,3/24/2024 4:20:37 PM,4.50
10609,3/24/2024 4:20:40 PM,4.10
10609,3/24/2024 4:20:43 PM,5.50
10609,3/24/2024 4:20:55 PM,4.70
10609,3/24/2024 4:20:59 PM,5.10
10609,3/24/2024 4:21:04 PM,4.50
10609,3/24/2024 4:21:09 PM,5.20
10609,3/24/2024 4:21:11 PM,6.10
10609,3/24/2024 4:21:15 PM,6.60
10609,3/24/2024 4:21:20 PM,6.20
10609,3/24/2024 4:21:22 PM,5.90
10609,3/24/2024 4:21:33 PM,7.80
10609,3/24/2024 4:21:37 PM,7.20
10609,3/24/2024 4:21:40 PM,7.30
10609,3/24/2024 4:21:47 PM,7.80
10609,3/24/2024 4:21:50 PM,6.80
10609,3/24/2024 4:21:52 PM,6.90
10609,3/24/2024 4:21:56 PM,7.60
10609,3/24/2024 4:21:59 PM,7.90
10609,3/24/2024 4:22:02 PM,7.70
10609,3/24/2024 4:22:05 PM,7.00
10609,3/24/2024 4:22:13 PM,7.80
10609,3/24/2024 4:22:16 PM,8.20
10609,3/24/2024 4:22:22 PM,7.80
10609,3/24/2024 4:22:26 PM,7.40
10609,3/24/2024 4:22:30 PM,7.80
10609,3/24/2024 4:22:33 PM,7.70
10609,3/24/2024 4:22:41 PM,6.70
10609,3/24/2024 4:22:45 PM,7.40
10609,3/24/2024 4:22:52 PM,7.30
10609,3/24/2024 4:22:59 PM,7.80
10609,3/24/2024 4:23:03 PM,8.10
10609,3/24/2024 4:23:06 PM,8.80
10609,3/24/2024 4:23:10 PM,8.90
10609,3/24/2024 4:23:14 PM,8.10
10609,3/24/2024 4:23:18 PM,9.10
10609,3/24/2024 4:23:23 PM,9.40
10609,3/24/2024 4:23:27 PM,8.50
10609,3/24/2024 4:23:32 PM,9.30
10609,3/24/2024 4:23:35 PM,9.40
10609,3/24/2024 4:23:38 PM,8.70
10609,3/24/2024 4:23:41 PM,8.80
10609,3/24/2024 4:23:45 PM,9.20
10609,3/24/2024 4:23:48 PM,8.60
10609,3/24/2024 4:23:51 PM,8.70
10609,3/24/2024 4:23:55 PM,9.00
10609,3/24/2024 4:23:58 PM,9.60
10609,3/24/2024 4:24:04 PM,8.80
10609,3/24/2024 4:24:07 PM,9.10
10609,3/24/2024 4:24:11 PM,9.20
10609,3/24/2024 4:24:14 PM,9.00
10609,3/24/2024 4:24:20 PM,8.40
10609,3/24/2024 4:24:22 PM,8.50
10609,3/24/2024 4:24:25 PM,8.20
10609,3/24/2024 4:24:29 PM,6.90
10609,3/24/2024 4:24:32 PM,7.20
10609,3/24/2024 4:24:36 PM,7.40
10609,3/24/2024 4:24:39 PM,6.60
10609,3/24/2024 4:24:47 PM,7.30
10609,3/24/2024 4:24:56 PM,7.70
10609,3/24/2024 4:25:00 PM,8.00
10609,3/24/2024 4:25:10 PM,8.10
10609,3/24/2024 4:25:17 PM,7.90
10609,3/24/2024 4:25:24 PM,8.00
10609,3/24/2024 4:25:27 PM,7.90
10609,3/24/2024 4:25:33 PM,8.10
10609,3/24/2024 4:25:50 PM,7.10
10609,3/24/2024 4:25:53 PM,6.80
10609,3/24/2024 4:25:55 PM,6.50
10609,3/24/2024 4:25:59 PM,6.20
10609,3/24/2024 4:26:06 PM,6.30
10609,3/24/2024 4:26:10 PM,6.70
10609,3/24/2024 4:26:14 PM,6.60
10609,3/24/2024 4:26:17 PM,6.80
10609,3/24/2024 4:26:21 PM,7.30
10609,3/24/2024 4:26:26 PM,7.70
10609,3/24/2024 4:26:30 PM,7.90
10609,3/24/2024 4:26:33 PM,7.80
10609,3/24/2024 4:26:40 PM,7.90
10609,3/24/2024 4:26:48 PM,7.80
10609,3/24/2024 4:26:55 PM,7.50
10609,3/24/2024 4:27:02 PM,6.90
10609,3/24/2024 4:27:11 PM,6.60
10609,3/24/2024 4:27:19 PM,6.20
10609,3/24/2024 4:27:25 PM,6.50
10609,3/24/2024 4:27:30 PM,6.60
10609,3/24/2024 4:27:33 PM,6.50
10609,3/24/2024 4:27:37 PM,6.60
10609,3/24/2024 4:27:41 PM,6.90
10609,3/24/2024 4:27:44 PM,6.60
10609,3/24/2024 4:27:49 PM,6.40
10609,3/24/2024 4:27:53 PM,6.70
10609,3/24/2024 4:28:01 PM,6.50
10609,3/24/2024 4:28:20 PM,6.90
10609,3/24/2024 4:28:23 PM,7.10
10609,3/24/2024 4:28:28 PM,6.80
10609,3/24/2024 4:28:33 PM,7.00
10609,3/24/2024 4:28:39 PM,6.60
10609,3/24/2024 4:28:44 PM,6.70
10609,3/24/2024 4:28:47 PM,6.00
10609,3/24/2024 4:28:55 PM,5.70
10609,3/24/2024 4:28:57 PM,5.50
10609,3/24/2024 4:29:00 PM,5.70
10609,3/24/2024 4:29:04 PM,5.40
10609,3/24/2024 4:29:07 PM,5.30
10609,3/24/2024 4:29:11 PM,5.40
10609,3/24/2024 4:29:15 PM,4.80
10609,3/24/2024 4:29:18 PM,4.20
10609,3/24/2024 4:29:23 PM,5.10
10609,3/24/2024 4:29:26 PM,5.50
10609,3/24/2024 4:29:29 PM,4.60
10609,3/24/2024 4:29:33 PM,4.20
10609,3/24/2024 4:29:36 PM,4.40
10609,3/24/2024 4:29:39 PM,5.10
10609,3/24/2024 4:29:43 PM,4.70
10609,3/24/2024 4:29:47 PM,4.00
10609,3/24/2024 4:29:50 PM,4.20
10609,3/24/2024 4:29:55 PM,4.90
10609,3/24/2024 4:30:00 PM,5.10
10609,3/24/2024 4:30:03 PM,4.90
10609,3/24/2024 4:30:05 PM,4.50
10609,3/24/2024 4:30:07 PM,3.90
10609,3/24/2024 4:30:12 PM,3.60
10609,3/24/2024 4:30:16 PM,3.50
10609,3/24/2024 4:30:23 PM,3.80
10609,3/24/2024 4:30:26 PM,3.70
10609,3/24/2024 4:30:29 PM,3.40
10609,3/24/2024 4:30:37 PM,3.20
10609,3/24/2024 4:30:44 PM,3.70
10609,3/24/2024 4:30:52 PM,3.50
10609,3/24/2024 4:30:55 PM,3.80
10609,3/24/2024 4:30:58 PM,3.90
10609,3/24/2024 4:31:05 PM,3.60
10609,3/24/2024 4:31:12 PM,3.90
10609,3/24/2024 4:31:15 PM,3.70
10609,3/24/2024 4:31:19 PM,3.10
10609,3/24/2024 4:31:23 PM,3.00
10609,3/24/2024 4:31:25 PM,3.30
10609,3/24/2024 4:31:29 PM,3.00
10609,3/24/2024 4:31:35 PM,2.30
10609,3/24/2024 4:31:38 PM,2.40
10609,3/24/2024 4:31:45 PM,2.10
10609,3/24/2024 4:31:50 PM,2.70
10609,3/24/2024 4:31:56 PM,2.60
10609,3/24/2024 4:32:01 PM,2.40
10609,3/24/2024 4:32:19 PM,2.20
10609,3/24/2024 4:32:22 PM,1.90
10609,3/24/2024 4:32:28 PM,2.30
10609,3/24/2024 4:32:35 PM,2.00
10609,3/24/2024 4:32:38 PM,2.10
10609,3/24/2024 4:32:42 PM,2.40
10609,3/24/2024 4:32:46 PM,2.50
10609,3/24/2024 4:32:50 PM,2.20
10609,3/24/2024 4:32:55 PM,2.60
10609,3/24/2024 4:32:57 PM,2.90
10609,3/24/2024 4:33:05 PM,2.60
10609,3/24/2024 4:33:08 PM,2.90
10609,3/24/2024 4:33:16 PM,3.40
10609,3/24/2024 4:33:23 PM,3.30
10609,3/24/2024 4:33:31 PM,3.50
10609,3/24/2024 4:33:46 PM,3.10
10609,3/24/2024 4:33:51 PM,2.70
10609,3/24/2024 4:34:06 PM,2.30
10609,3/24/2024 4:34:12 PM,2.60
10609,3/24/2024 4:34:15 PM,2.50
10609,3/24/2024 4:34:20 PM,2.60
10609,3/24/2024 4:34:23 PM,2.40
10609,3/24/2024 4:34:30 PM,2.60
10609,3/24/2024 4:34:35 PM,2.90
10609,3/24/2024 4:34:37 PM,2.80
10609,3/24/2024 4:34:45 PM,3.00
10609,3/24/2024 4:34:49 PM,3.20
10609,3/24/2024 4:34:53 PM,3.00
10609,3/24/2024 4:34:56 PM,2.70
10609,3/24/2024 4:35:02 PM,2.60
10609,3/24/2024 4:35:06 PM,2.70
10609,3/24/2024 4:35:09 PM,2.60
10609,3/24/2024 4:35:12 PM,2.70
10609,3/24/2024 4:35:21 PM,2.60
10609,3/24/2024 4:35:28 PM,2.90
10609,3/24/2024 4:35:41 PM,3.00
10609,3/24/2024 4:35:46 PM,3.20
10609,3/24/2024 4:35:53 PM,2.50
10609,3/24/2024 4:36:01 PM,2.40
10609,3/24/2024 4:36:04 PM,2.60
10609,3/24/2024 4:36:12 PM,2.30
10609,3/24/2024 4:36:15 PM,2.50
10609,3/24/2024 4:36:40 PM,2.90
10609,3/24/2024 4:36:51 PM,3.30
10609,3/24/2024 4:36:57 PM,3.40
10609,3/24/2024 4:37:18 PM,2.80
10609,3/24/2024 4:37:22 PM,2.60
10609,3/24/2024 4:37:32 PM,2.40
10609,3/24/2024 4:37:46 PM,2.60
10609,3/24/2024 4:37:50 PM,2.80
10609,3/24/2024 4:38:05 PM,2.60
10609,3/24/2024 4:38:09 PM,2.30
10609,3/24/2024 4:38:25 PM,2.00
10609,3/24/2024 4:38:33 PM,2.20
10609,3/24/2024 4:38:40 PM,2.10
10609,3/24/2024 4:38:43 PM,1.90
10609,3/24/2024 4:38:54 PM,2.00
10609,3/24/2024 4:38:58 PM,1.80
10609,3/24/2024 4:39:03 PM,1.90
10609,3/24/2024 4:39:08 PM,2.10
10609,3/24/2024 4:39:14 PM,2.20
10609,3/24/2024 4:39:17 PM,2.10
10609,3/24/2024 4:39:31 PM,2.00
10609,3/24/2024 4:39:38 PM,2.10
10609,3/24/2024 4:39:49 PM,1.70
10609,3/24/2024 4:39:53 PM,1.60
10609,3/24/2024 4:40:13 PM,1.70
10609,3/24/2024 4:40:21 PM,1.50
10609,3/24/2024 4:40:29 PM,1.40
10609,3/24/2024 4:40:32 PM,1.60
10609,3/24/2024 4:40:38 PM,1.80
10609,3/24/2024 4:40:41 PM,2.00
10609,3/24/2024 4:40:44 PM,1.90
10609,3/24/2024 4:40:56 PM,2.20
10609,3/24/2024 4:40:59 PM,2.10
10609,3/24/2024 4:41:01 PM,1.80
10609,3/24/2024 4:41:10 PM,1.70
10609,3/24/2024 4:41:17 PM,1.80
10609,3/24/2024 4:41:41 PM,1.70
10609,3/24/2024 4:41:50 PM,1.80
10609,3/24/2024 4:41:54 PM,1.70
10609,3/24/2024 4:42:00 PM,1.80
10609,3/24/2024 4:42:03 PM,1.60
10609,3/24/2024 4:42:09 PM,1.50
10609,3/24/2024 4:42:11 PM,1.30
10609,3/24/2024 4:42:18 PM,1.20
10609,3/24/2024 4:42:38 PM,1.40
10609,3/24/2024 4:42:48 PM,1.10
10609,3/24/2024 4:42:56 PM,0.90
10609,3/24/2024 4:42:59 PM,1.00
10609,3/24/2024 4:43:02 PM,0.80
10609,3/24/2024 4:43:17 PM,0.60
10609,3/24/2024 4:43:30 PM,-0.10
10609,3/24/2024 4:43:41 PM,-0.20
10609,3/24/2024 4:43:49 PM,0.10
10609,3/24/2024 4:43:52 PM,0.00
10609,3/24/2024 4:43:56 PM,0.10
10609,3/24/2024 4:44:05 PM,0.50
10609,3/24/2024 4:44:09 PM,0.60
10609,3/24/2024 4:44:11 PM,0.80
10609,3/24/2024 4:44:17 PM,0.60
10609,3/24/2024 4:44:21 PM,0.40
10609,3/24/2024 4:44:25 PM,0.30
10609,3/24/2024 4:44:32 PM,-0.20
10609,3/24/2024 4:44:42 PM,0.10
10609,3/24/2024 4:44:45 PM,0.30
10609,3/24/2024 4:45:06 PM,0.70
10609,3/24/2024 4:45:12 PM,0.50
10609,3/24/2024 4:45:20 PM,0.40
10609,3/24/2024 4:45:23 PM,0.50
10609,3/24/2024 4:45:26 PM,0.40
10609,3/24/2024 4:45:37 PM,0.60
10609,3/24/2024 4:45:42 PM,0.90
10609,3/24/2024 4:45:58 PM,1.20
10609,3/24/2024 4:46:05 PM,1.10
10609,3/24/2024 4:46:14 PM,1.20
10609,3/24/2024 4:46:22 PM,1.00
10609,3/24/2024 4:46:32 PM,0.50
10609,3/24/2024 4:46:40 PM,0.40
10609,3/24/2024 4:46:42 PM,-0.50
10609,3/24/2024 4:46:45 PM,0.40
10609,3/24/2024 4:46:55 PM,0.60
10609,3/24/2024 4:46:58 PM,0.80
10609,3/24/2024 4:47:09 PM,1.00
10609,3/24/2024 4:47:20 PM,0.80
10609,3/24/2024 4:47:34 PM,0.70
10609,3/24/2024 4:47:37 PM,0.60
10609,3/24/2024 4:47:43 PM,0.70
10609,3/24/2024 4:47:53 PM,0.50
10609,3/24/2024 4:48:01 PM,0.60
10609,3/24/2024 4:48:08 PM,0.40
10609,3/24/2024 4:48:15 PM,0.30
10609,3/24/2024 4:48:28 PM,0.60
10609,3/24/2024 4:48:38 PM,0.70
10609,3/24/2024 4:48:42 PM,0.60
10609,3/24/2024 4:48:49 PM,0.80
10609,3/24/2024 4:49:19 PM,0.40
10609,3/24/2024 4:49:32 PM,0.30
10609,3/24/2024 4:49:36 PM,0.20
10609,3/24/2024 4:49:42 PM,0.40
10609,3/24/2024 4:49:51 PM,0.30
10609,3/24/2024 4:49:54 PM,0.20
10609,3/24/2024 4:50:04 PM,0.40
10609,3/24/2024 4:50:16 PM,0.50
10609,3/24/2024 4:50:27 PM,0.90
10609,3/24/2024 4:50:31 PM,0.80
10609,3/24/2024 4:50:33 PM,0.90
10609,3/24/2024 4:50:51 PM,0.80
10609,3/24/2024 4:51:02 PM,0.60
10609,3/24/2024 4:51:08 PM,0.70
10609,3/24/2024 4:51:22 PM,0.20
10609,3/24/2024 4:51:34 PM,0.50
10609,3/24/2024 4:51:37 PM,0.70
10609,3/24/2024 4:51:48 PM,0.50
10609,3/24/2024 4:51:54 PM,0.60
10609,3/24/2024 4:51:59 PM,0.40
10609,3/24/2024 4:52:02 PM,0.10
10609,3/24/2024 4:52:05 PM,0.20
10609,3/24/2024 4:52:08 PM,0.50
10609,3/24/2024 4:52:11 PM,0.60
10609,3/24/2024 4:52:15 PM,0.40
10609,3/24/2024 4:52:34 PM,0.10
10609,3/24/2024 4:52:36 PM,-0.10
10609,3/24/2024 4:52:45 PM,0.00
10609,3/24/2024 4:52:54 PM,-0.20
10609,3/24/2024 4:52:58 PM,-0.10
10609,3/24/2024 4:53:12 PM,-0.50
10609,3/24/2024 4:53:19 PM,-0.90
10609,3/24/2024 4:53:24 PM,-1.10
10609,3/24/2024 4:53:31 PM,-1.20
10609,3/24/2024 4:53:37 PM,-1.10
10609,3/24/2024 4:53:46 PM,-1.20
10609,3/24/2024 4:53:52 PM,-1.10
10609,3/24/2024 4:54:07 PM,-1.30
10609,3/24/2024 4:54:14 PM,-1.10
10609,3/24/2024 4:54:17 PM,-0.80
10609,3/24/2024 4:54:20 PM,-0.60
10609,3/24/2024 4:54:29 PM,-0.40
10609,3/24/2024 4:54:35 PM,-0.80
10609,3/24/2024 4:54:38 PM,-1.20
10609,3/24/2024 4:54:41 PM,-1.40
10609,3/24/2024 4:54:44 PM,-1.90
10609,3/24/2024 4:54:47 PM,-2.20
10609,3/24/2024 4:54:53 PM,-2.60
10609,3/24/2024 4:54:57 PM,-3.00
10609,3/24/2024 4:55:08 PM,-2.60
10609,3/24/2024 4:55:14 PM,-1.90
10609,3/24/2024 4:55:16 PM,-1.80
10609,3/24/2024 4:55:20 PM,-2.00
10609,3/24/2024 4:55:22 PM,-2.20
10609,3/24/2024 4:55:25 PM,-2.30
10609,3/24/2024 4:55:30 PM,-2.20
10609,3/24/2024 4:55:40 PM,-3.50
10609,3/24/2024 4:55:50 PM,-4.00
10609,3/24/2024 4:55:52 PM,-4.30
10609,3/24/2024 4:55:55 PM,-4.60
10609,3/24/2024 4:56:03 PM,-4.30
10609,3/24/2024 4:56:17 PM,-3.80
10609,3/24/2024 4:56:27 PM,-3.20
10609,3/24/2024 4:56:32 PM,-3.10
10609,3/24/2024 4:56:47 PM,-2.10
10609,3/24/2024 4:57:02 PM,-1.30
10609,3/24/2024 4:57:07 PM,-1.10
10609,3/24/2024 4:57:11 PM,-0.80
10609,3/24/2024 4:57:16 PM,-0.70
10609,3/24/2024 4:57:32 PM,0.10
10609,3/24/2024 4:57:35 PM,0.40
10609,3/24/2024 4:57:45 PM,0.50
10609,3/24/2024 4:57:48 PM,0.60
10609,3/24/2024 4:58:10 PM,0.40
10609,3/24/2024 4:58:23 PM,0.10
10609,3/24/2024 4:58:26 PM,-0.10
10609,3/24/2024 4:58:47 PM,0.20
10609,3/24/2024 4:58:51 PM,0.40
10609,3/24/2024 4:58:54 PM,0.20
10609,3/24/2024 4:59:08 PM,0.40
10609,3/24/2024 4:59:27 PM,0.10
10609,3/24/2024 4:59:35 PM,0.30
10609,3/24/2024 4:59:42 PM,0.20
10609,3/24/2024 4:59:45 PM,0.30
10609,3/24/2024 4:59:51 PM,-0.20
10609,3/24/2024 5:00:04 PM,-0.60
10609,3/24/2024 5:00:09 PM,-0.70
10609,3/24/2024 5:00:19 PM,-0.50
10609,3/24/2024 5:00:30 PM,-0.80
10609,3/24/2024 5:00:47 PM,-0.50
10609,3/24/2024 5:00:51 PM,-0.30
10609,3/24/2024 5:00:54 PM,0.10
10609,3/24/2024 5:00:59 PM,0.30
10609,3/24/2024 5:01:04 PM,0.20
10609,3/24/2024 5:01:13 PM,0.60
10609,3/24/2024 5:01:19 PM,0.70
10609,3/24/2024 5:01:29 PM,0.10
10609,3/24/2024 5:01:43 PM,-0.10
10609,3/24/2024 5:02:07 PM,-0.30
10609,3/24/2024 5:02:27 PM,-0.90
10609,3/24/2024 5:02:51 PM,-0.70
10609,3/24/2024 5:02:53 PM,-0.60
10609,3/24/2024 5:03:11 PM,-0.90
10609,3/24/2024 5:03:19 PM,-0.80
10609,3/24/2024 5:03:26 PM,-1.00
10609,3/24/2024 5:03:35 PM,-1.10
10609,3/24/2024 5:03:45 PM,-0.80
10609,3/24/2024 5:03:48 PM,-0.60
10609,3/24/2024 5:03:58 PM,-0.50
10609,3/24/2024 5:04:11 PM,-0.70
10609,3/24/2024 5:04:21 PM,-0.60
10609,3/24/2024 5:04:28 PM,-0.40
10609,3/24/2024 5:04:47 PM,-0.30
10609,3/24/2024 5:05:00 PM,-0.60
10609,3/24/2024 5:05:08 PM,-0.90
10609,3/24/2024 5:05:25 PM,-1.20
10609,3/24/2024 5:05:42 PM,-1.00
10609,3/24/2024 5:05:47 PM,-0.80
10609,3/24/2024 5:05:57 PM,-0.90
10609,3/24/2024 5:06:16 PM,-0.60
10609,3/24/2024 5:06:24 PM,-0.40
10609,3/24/2024 5:06:30 PM,-0.10
10609,3/24/2024 5:06:36 PM,0.00
10609,3/24/2024 5:06:39 PM,-0.10
10609,3/24/2024 5:06:42 PM,-0.80
10609,3/24/2024 5:06:48 PM,-0.30
10609,3/24/2024 5:06:52 PM,-0.60
10609,3/24/2024 5:06:58 PM,-0.40
10609,3/24/2024 5:07:04 PM,-0.30
10609,3/24/2024 5:07:09 PM,-0.10
10609,3/24/2024 5:07:20 PM,0.00
10609,3/24/2024 5:07:29 PM,-0.30
10609,3/24/2024 5:07:34 PM,-0.70
10609,3/24/2024 5:07:41 PM,-1.60
10609,3/24/2024 5:07:44 PM,-1.70
10609,3/24/2024 5:07:45 PM,-1.80
10609,3/24/2024 5:07:54 PM,-2.10
10609,3/24/2024 5:07:56 PM,-2.00
10609,3/24/2024 5:08:07 PM,-1.90
10609,3/24/2024 5:08:16 PM,-2.00
10609,3/24/2024 5:08:25 PM,-2.50
10609,3/24/2024 5:08:41 PM,-2.80
10609,3/24/2024 5:08:44 PM,-3.20
10609,3/24/2024 5:08:46 PM,-3.30
10609,3/24/2024 5:08:50 PM,-2.60
10609,3/24/2024 5:08:54 PM,-2.80
10609,3/24/2024 5:09:05 PM,-2.40
10609,3/24/2024 5:09:07 PM,-2.20
10609,3/24/2024 5:09:12 PM,-2.00
10609,3/24/2024 5:09:14 PM,-1.80
10609,3/24/2024 5:09:17 PM,-1.70
10609,3/24/2024 5:09:37 PM,-1.90
10609,3/24/2024 5:09:44 PM,-2.10
10609,3/24/2024 5:09:57 PM,-2.20
10609,3/24/2024 5:10:12 PM,-1.90
10609,3/24/2024 5:10:15 PM,-2.00
10609,3/24/2024 5:10:25 PM,-2.10
10609,3/24/2024 5:10:34 PM,-1.80
10609,3/24/2024 5:10:38 PM,-1.90
10609,3/24/2024 5:10:41 PM,-1.70
10609,3/24/2024 5:10:57 PM,-2.00
10609,3/24/2024 5:11:01 PM,-2.30
10609,3/24/2024 5:11:04 PM,-2.40
10609,3/24/2024 5:11:08 PM,-2.80
10609,3/24/2024 5:11:16 PM,-3.20
10609,3/24/2024 5:11:20 PM,-3.30
10609,3/24/2024 5:11:28 PM,-3.20
10609,3/24/2024 5:11:34 PM,-3.00
10609,3/24/2024 5:11:45 PM,-2.90
10609,3/24/2024 5:11:55 PM,-3.20
10609,3/24/2024 5:12:02 PM,-3.00
10609,3/24/2024 5:12:23 PM,-2.80
10609,3/24/2024 5:12:26 PM,-2.70
10609,3/24/2024 5:12:37 PM,-3.00
10609,3/24/2024 5:12:41 PM,-2.90
10609,3/24/2024 5:12:46 PM,-3.00
10609,3/24/2024 5:12:58 PM,-2.60
10609,3/24/2024 5:13:18 PM,-2.40
10609,3/24/2024 5:13:22 PM,-2.50
10609,3/24/2024 5:13:43 PM,-2.20
10609,3/24/2024 5:13:56 PM,-2.00
10609,3/24/2024 5:14:09 PM,-2.10
10609,3/24/2024 5:14:25 PM,-1.80
10609,3/24/2024 5:14:32 PM,-1.60
10609,3/24/2024 5:14:48 PM,-1.40
10609,3/24/2024 5:14:57 PM,-1.10
10609,3/24/2024 5:15:11 PM,-0.90
10609,3/24/2024 5:15:14 PM,-1.00
10609,3/24/2024 5:15:48 PM,-1.10
10609,3/24/2024 5:15:59 PM,-1.00
10609,3/24/2024 5:16:06 PM,-1.20
10609,3/24/2024 5:16:18 PM,-1.30
10609,3/24/2024 5:16:31 PM,-0.90
10609,3/24/2024 5:16:42 PM,-0.70
10609,3/24/2024 5:16:56 PM,-0.90
10609,3/24/2024 5:16:59 PM,-1.10
10609,3/24/2024 5:17:03 PM,-1.00
10609,3/24/2024 5:17:19 PM,-1.20
10609,3/24/2024 5:17:33 PM,-1.40
10609,3/24/2024 5:18:30 PM,-1.30
10609,3/24/2024 5:18:35 PM,-1.20
10609,3/24/2024 5:18:39 PM,-1.30
10609,3/24/2024 5:19:01 PM,-1.40
10609,3/24/2024 5:19:50 PM,-1.10
10609,3/24/2024 5:19:59 PM,-1.30
10609,3/24/2024 5:20:57 PM,-1.50
10609,3/24/2024 5:21:03 PM,-1.30
10609,3/24/2024 5:21:19 PM,-1.20
10609,3/24/2024 5:21:26 PM,-1.30
10609,3/24/2024 5:21:36 PM,-1.10
10609,3/24/2024 5:21:47 PM,-1.20
10609,3/24/2024 5:21:52 PM,-1.00
10609,3/24/2024 5:22:17 PM,-0.90
10609,3/24/2024 5:22:30 PM,-0.50
10609,3/24/2024 5:23:07 PM,-0.60
10609,3/24/2024 5:23:32 PM,-0.30
10609,3/24/2024 5:23:40 PM,-0.40
10609,3/24/2024 5:23:42 PM,-0.50
10609,3/24/2024 5:23:57 PM,-0.70
10609,3/24/2024 5:24:03 PM,-0.80
10609,3/24/2024 5:24:17 PM,-0.70
10609,3/24/2024 5:24:20 PM,-0.80
10609,3/24/2024 5:24:23 PM,-0.60
10609,3/24/2024 5:24:31 PM,-0.50
10609,3/24/2024 5:24:39 PM,-0.60
10609,3/24/2024 5:24:57 PM,-0.50
10609,3/24/2024 5:25:07 PM,-0.60
10609,3/24/2024 5:25:15 PM,-0.50
10609,3/24/2024 5:25:17 PM,-0.60
10609,3/24/2024 5:25:32 PM,-0.80
10609,3/24/2024 5:25:42 PM,-1.10
10609,3/24/2024 5:25:50 PM,-1.20
10609,3/24/2024 5:25:56 PM,-1.40
10609,3/24/2024 5:26:03 PM,-1.30
10609,3/24/2024 5:26:10 PM,-1.40
10609,3/24/2024 5:26:23 PM,-1.30
10609,3/24/2024 5:26:41 PM,-1.70
10609,3/24/2024 5:26:53 PM,-1.60
10609,3/24/2024 5:27:02 PM,-1.30
10609,3/24/2024 5:27:17 PM,-1.20
10609,3/24/2024 5:27:32 PM,-1.30
10609,3/24/2024 5:27:59 PM,-1.20
10609,3/24/2024 5:28:02 PM,-1.00
10609,3/24/2024 5:28:19 PM,-1.40
10609,3/24/2024 5:28:21 PM,-1.70
10609,3/24/2024 5:28:28 PM,-1.90
10609,3/24/2024 5:28:34 PM,-2.20
10609,3/24/2024 5:28:38 PM,-2.50
10609,3/24/2024 5:28:42 PM,-2.60
10609,3/24/2024 5:29:23 PM,-2.80
10609,3/24/2024 5:29:27 PM,-2.90
10609,3/24/2024 5:29:35 PM,-2.80
10609,3/24/2024 5:29:42 PM,-3.00
10609,3/24/2024 5:29:59 PM,-2.70
10609,3/24/2024 5:30:23 PM,-2.40
10609,3/24/2024 5:30:28 PM,-2.20
10609,3/24/2024 5:30:34 PM,-2.10
10609,3/24/2024 5:30:38 PM,-1.90
10609,3/24/2024 5:30:49 PM,-2.00
10609,3/24/2024 5:30:56 PM,-1.80
10609,3/24/2024 5:31:13 PM,-1.60
10609,3/24/2024 5:31:23 PM,-1.30
10609,3/24/2024 5:31:40 PM,-1.10
10609,3/24/2024 5:31:43 PM,-1.20
10609,3/24/2024 5:31:47 PM,-1.10
10609,3/24/2024 5:31:50 PM,-0.90
10609,3/24/2024 5:31:55 PM,-0.80
10609,3/24/2024 5:32:16 PM,-0.90
10609,3/24/2024 5:32:19 PM,-1.00
10609,3/24/2024 5:32:25 PM,-0.90
10609,3/24/2024 5:32:33 PM,-1.20
10609,3/24/2024 5:32:35 PM,-1.10
10609,3/24/2024 5:32:46 PM,-1.00
10609,3/24/2024 5:32:53 PM,-0.80
10609,3/24/2024 5:32:55 PM,-0.90
10609,3/24/2024 5:32:58 PM,-0.80
10609,3/24/2024 5:33:14 PM,-1.20
10609,3/24/2024 5:33:29 PM,-1.10
10609,3/24/2024 5:33:44 PM,-1.40
10609,3/24/2024 5:33:55 PM,-1.50
10609,3/24/2024 5:33:59 PM,-1.70
10609,3/24/2024 5:34:10 PM,-1.50
10609,3/24/2024 5:34:24 PM,-1.40
10609,3/24/2024 5:34:36 PM,-1.50
10609,3/24/2024 5:34:40 PM,-1.40
10609,3/24/2024 5:34:46 PM,-1.60
10609,3/24/2024 5:34:56 PM,-1.30
10609,3/24/2024 5:35:17 PM,-1.40
10609,3/24/2024 5:35:21 PM,-1.60
10609,3/24/2024 5:35:37 PM,-1.80
10609,3/24/2024 5:35:52 PM,-1.40
10609,3/24/2024 5:36:06 PM,-1.30
10609,3/24/2024 5:36:21 PM,-1.40
10609,3/24/2024 5:36:33 PM,-1.20
10609,3/24/2024 5:36:45 PM,-0.90
10609,3/24/2024 5:37:08 PM,-1.10
10609,3/24/2024 5:37:24 PM,-0.90
10609,3/24/2024 5:37:26 PM,-0.80
10609,3/24/2024 5:37:52 PM,-0.70
10609,3/24/2024 5:37:58 PM,-0.80
10609,3/24/2024 5:38:19 PM,-0.90
10609,3/24/2024 5:38:23 PM,-0.80
10609,3/24/2024 5:38:29 PM,-0.90
10609,3/24/2024 5:38:33 PM,-0.80
10609,3/24/2024 5:38:36 PM,-0.90
10609,3/24/2024 5:38:57 PM,-0.80
10609,3/24/2024 5:39:04 PM,-0.90
10609,3/24/2024 5:39:06 PM,-1.00
10609,3/24/2024 5:39:10 PM,-0.70
10609,3/24/2024 5:39:22 PM,-0.80
10609,3/24/2024 5:39:37 PM,-1.10
10609,3/24/2024 5:39:53 PM,-0.90
10609,3/24/2024 5:39:57 PM,-1.10
10609,3/24/2024 5:40:11 PM,-0.80
10609,3/24/2024 5:40:28 PM,-0.50
10609,3/24/2024 5:40:31 PM,-0.60
10609,3/24/2024 5:40:42 PM,-0.30
10609,3/24/2024 5:40:44 PM,-0.40
10609,3/24/2024 5:40:49 PM,-0.30
10609,3/24/2024 5:40:51 PM,-0.40
10609,3/24/2024 5:41:04 PM,-0.60
10609,3/24/2024 5:41:07 PM,-0.80
10609,3/24/2024 5:41:18 PM,-0.90
10609,3/24/2024 5:41:26 PM,-0.80
10609,3/24/2024 5:41:28 PM,-0.70
10609,3/24/2024 5:41:41 PM,-0.90
10609,3/24/2024 5:42:28 PM,-0.60
10609,3/24/2024 5:42:30 PM,-0.50
10609,3/24/2024 5:42:41 PM,-0.40
10609,3/24/2024 5:43:00 PM,-0.50
10609,3/24/2024 5:43:07 PM,-0.70
10609,3/24/2024 5:43:17 PM,-0.40
10609,3/24/2024 5:43:35 PM,-0.20
10609,3/24/2024 5:43:46 PM,-0.60
10609,3/24/2024 5:44:00 PM,-0.80
10609,3/24/2024 5:44:28 PM,-0.50
10609,3/24/2024 5:44:31 PM,-0.70
10609,3/24/2024 5:44:35 PM,0.10
10609,3/24/2024 5:44:38 PM,-1.10
10609,3/24/2024 5:44:40 PM,-0.70
10609,3/24/2024 5:44:47 PM,-1.00
10609,3/24/2024 5:44:55 PM,-1.10
10609,3/24/2024 5:45:49 PM,-0.80
10609,3/24/2024 5:46:00 PM,-1.00
10609,3/24/2024 5:46:11 PM,-1.30
10609,3/24/2024 5:46:21 PM,-1.20
10609,3/24/2024 5:46:26 PM,-1.00
10609,3/24/2024 5:46:29 PM,-1.10
10609,3/24/2024 5:46:46 PM,-1.30
10609,3/24/2024 5:46:56 PM,-1.10
10609,3/24/2024 5:47:01 PM,-1.20
10609,3/24/2024 5:47:16 PM,-1.30
10609,3/24/2024 5:47:23 PM,-1.10
10609,3/24/2024 5:47:30 PM,-1.20
10609,3/24/2024 5:47:44 PM,-1.00
10609,3/24/2024 5:48:02 PM,-1.20
10609,3/24/2024 5:48:15 PM,-0.90
10609,3/24/2024 5:48:19 PM,-0.70
10609,3/24/2024 5:48:24 PM,-0.60
10609,3/24/2024 5:48:30 PM,-0.90
10609,3/24/2024 5:48:48 PM,-1.30
10609,3/24/2024 5:48:57 PM,-1.40
10609,3/24/2024 5:49:03 PM,-1.60
10609,3/24/2024 5:49:07 PM,-1.50
10609,3/24/2024 5:49:10 PM,-1.30
10609,3/24/2024 5:49:17 PM,-1.50
10609,3/24/2024 5:49:28 PM,-1.70
10609,3/24/2024 5:49:37 PM,-1.60
10609,3/24/2024 5:49:44 PM,-1.70
10609,3/24/2024 5:49:48 PM,-1.60
10609,3/24/2024 5:49:56 PM,-1.70
10609,3/24/2024 5:50:02 PM,-1.60
10609,3/24/2024 5:50:21 PM,-1.80
10609,3/24/2024 5:50:52 PM,-1.60
10609,3/24/2024 5:51:02 PM,-1.70
10609,3/24/2024 5:51:05 PM,-1.60
10609,3/24/2024 5:51:21 PM,-1.50
10609,3/24/2024 5:51:28 PM,-1.20
10609,3/24/2024 5:51:39 PM,-1.10
10609,3/24/2024 5:51:58 PM,-1.50
10609,3/24/2024 5:52:07 PM,-1.60
10609,3/24/2024 5:52:13 PM,-1.50
10609,3/24/2024 5:52:17 PM,-1.60
10609,3/24/2024 5:52:54 PM,-1.20
10609,3/24/2024 5:53:07 PM,-1.10
10609,3/24/2024 5:53:31 PM,-1.20
10609,3/24/2024 5:53:37 PM,-1.00
10609,3/24/2024 5:53:50 PM,-1.30
10609,3/24/2024 5:53:52 PM,-1.40
10609,3/24/2024 5:54:02 PM,-1.50
10609,3/24/2024 5:54:08 PM,-1.30
10609,3/24/2024 5:54:18 PM,-1.40
10609,3/24/2024 5:54:24 PM,-1.60
10609,3/24/2024 5:54:29 PM,-1.50
10609,3/24/2024 5:54:34 PM,-1.60
10609,3/24/2024 5:54:45 PM,-1.40
10609,3/24/2024 5:54:56 PM,-1.30
10609,3/24/2024 5:55:03 PM,-1.40
10609,3/24/2024 5:55:15 PM,-1.70
10609,3/24/2024 5:55:22 PM,-1.50
10609,3/24/2024 5:55:30 PM,-1.40
10609,3/24/2024 5:55:35 PM,-1.50
10609,3/24/2024 5:56:04 PM,-1.40
10609,3/24/2024 5:56:08 PM,-1.50
10609,3/24/2024 5:56:17 PM,-1.10
10609,3/24/2024 5:56:32 PM,-1.40
10609,3/24/2024 5:56:38 PM,-1.30
10609,3/24/2024 5:56:54 PM,-1.60
10609,3/24/2024 5:57:01 PM,-1.80
10609,3/24/2024 5:57:05 PM,-1.60
10609,3/24/2024 5:57:12 PM,-1.50
10609,3/24/2024 5:57:34 PM,-1.60
10609,3/24/2024 5:57:37 PM,-1.70
10609,3/24/2024 5:57:50 PM,-1.40
10609,3/24/2024 5:57:53 PM,-1.60
10609,3/24/2024 5:57:58 PM,-1.70
10609,3/24/2024 5:58:09 PM,-1.40
10609,3/24/2024 5:58:18 PM,-1.60
10609,3/24/2024 5:58:28 PM,-1.90
10609,3/24/2024 5:58:39 PM,-1.80
10609,3/24/2024 5:58:46 PM,-1.90
10609,3/24/2024 5:58:54 PM,-1.70
10609,3/24/2024 5:59:05 PM,-1.60
10609,3/24/2024 5:59:13 PM,-1.80
10609,3/24/2024 5:59:26 PM,-1.70
10609,3/24/2024 5:59:30 PM,-1.80
10609,3/24/2024 5:59:35 PM,-1.70
10609,3/24/2024 5:59:38 PM,-1.50
10609,3/24/2024 5:59:42 PM,-1.40
10609,3/24/2024 5:59:54 PM,-1.60
10609,3/24/2024 6:00:00 PM,-1.50
10609,3/24/2024 6:00:06 PM,-1.60
10609,3/24/2024 6:00:17 PM,-1.90
10609,3/24/2024 6:00:32 PM,-1.60
10609,3/24/2024 6:00:34 PM,-2.00
10609,3/24/2024 6:00:37 PM,-3.10
10609,3/24/2024 6:00:40 PM,-1.80
10609,3/24/2024 6:00:44 PM,-2.00
10609,3/24/2024 6:00:54 PM,-1.90
10609,3/24/2024 6:01:03 PM,-2.00
10609,3/24/2024 6:01:05 PM,-2.10
10609,3/24/2024 6:01:13 PM,-1.90
10609,3/24/2024 6:01:22 PM,-1.80
10609,3/24/2024 6:01:35 PM,-2.00
10609,3/24/2024 6:01:42 PM,-1.70
10609,3/24/2024 6:01:45 PM,-1.80
10609,3/24/2024 6:01:55 PM,-1.60
10609,3/24/2024 6:01:57 PM,-1.50
10609,3/24/2024 6:02:03 PM,-1.40
10609,3/24/2024 6:02:06 PM,-1.60
10609,3/24/2024 6:02:16 PM,-1.50
10609,3/24/2024 6:02:19 PM,-1.30
10609,3/24/2024 6:02:24 PM,-1.20
10609,3/24/2024 6:02:27 PM,-1.30
10609,3/24/2024 6:02:31 PM,-1.20
10609,3/24/2024 6:02:49 PM,-1.30
10609,3/24/2024 6:02:53 PM,-1.90
10609,3/24/2024 6:02:56 PM,-1.80
10609,3/24/2024 6:02:59 PM,-1.60
10609,3/24/2024 6:03:03 PM,-1.00
10609,3/24/2024 6:03:08 PM,-1.50
10609,3/24/2024 6:03:22 PM,-1.30
10609,3/24/2024 6:03:46 PM,-0.80
10609,3/24/2024 6:04:07 PM,-0.90
10609,3/24/2024 6:04:33 PM,-1.60
10609,3/24/2024 6:05:02 PM,-1.40
10609,3/24/2024 6:05:08 PM,-1.50
10609,3/24/2024 6:05:21 PM,-1.20
10609,3/24/2024 6:05:55 PM,-1.00
10609,3/24/2024 6:06:02 PM,-1.10
10609,3/24/2024 6:06:39 PM,-0.70
10609,3/24/2024 6:07:01 PM,-0.90
10609,3/24/2024 6:07:15 PM,-0.40
10609,3/24/2024 6:07:18 PM,-1.00
10609,3/24/2024 6:07:21 PM,-1.20
10609,3/24/2024 6:07:29 PM,-1.00
10609,3/24/2024 6:07:48 PM,-1.40
10609,3/24/2024 6:07:50 PM,-1.30
10609,3/24/2024 6:07:58 PM,-1.50
10609,3/24/2024 6:08:08 PM,-1.20
10609,3/24/2024 6:08:26 PM,-1.00
10609,3/24/2024 6:08:34 PM,-1.10
10609,3/24/2024 6:08:37 PM,-1.00
10609,3/24/2024 6:08:39 PM,-1.10
10609,3/24/2024 6:08:42 PM,-1.00
10609,3/24/2024 6:08:58 PM,-0.90
10609,3/24/2024 6:09:05 PM,-1.20
10609,3/24/2024 6:09:10 PM,-1.10
10609,3/24/2024 6:09:24 PM,-1.30
10609,3/24/2024 6:09:35 PM,-1.10
10609,3/24/2024 6:09:42 PM,-1.40
10609,3/24/2024 6:09:51 PM,-1.30
10609,3/24/2024 6:09:59 PM,-1.50
10609,3/24/2024 6:10:05 PM,-1.30
10609,3/24/2024 6:10:12 PM,-1.40
10609,3/24/2024 6:10:19 PM,-1.30
10609,3/24/2024 6:10:29 PM,-1.40
10609,3/24/2024 6:10:32 PM,-1.50
10609,3/24/2024 6:10:39 PM,-1.30
10609,3/24/2024 6:10:42 PM,-1.40
10609,3/24/2024 6:10:52 PM,-1.20
10609,3/24/2024 6:11:07 PM,-1.10
10609,3/24/2024 6:11:21 PM,-1.20
10609,3/24/2024 6:11:25 PM,-1.10
10609,3/24/2024 6:11:38 PM,-1.20
10609,3/24/2024 6:11:44 PM,-1.00
10609,3/24/2024 6:11:57 PM,-1.40
10609,3/24/2024 6:11:59 PM,-1.20
10609,3/24/2024 6:12:02 PM,-1.30
10609,3/24/2024 6:12:10 PM,-1.20
10609,3/24/2024 6:12:35 PM,-1.50
10609,3/24/2024 6:12:46 PM,-1.20
10609,3/24/2024 6:13:02 PM,-1.10
10609,3/24/2024 6:13:13 PM,-1.30
10609,3/24/2024 6:13:24 PM,-1.00
10609,3/24/2024 6:13:41 PM,-1.10
10609,3/24/2024 6:13:52 PM,-1.30
10609,3/24/2024 6:13:59 PM,-1.20
10609,3/24/2024 6:14:02 PM,-1.30
10609,3/24/2024 6:14:16 PM,-1.10
10609,3/24/2024 6:14:55 PM,-1.60
10609,3/24/2024 6:15:01 PM,-1.80
10609,3/24/2024 6:15:03 PM,-1.60
10609,3/24/2024 6:15:12 PM,-1.40
10609,3/24/2024 6:15:17 PM,-1.60
10609,3/24/2024 6:15:26 PM,-1.70
10609,3/24/2024 6:15:32 PM,-1.60
10609,3/24/2024 6:15:36 PM,-1.40
10609,3/24/2024 6:16:17 PM,-1.70
10609,3/24/2024 6:16:27 PM,-1.60
10609,3/24/2024 6:16:31 PM,-1.70
10609,3/24/2024 6:16:38 PM,-1.50
10609,3/24/2024 6:16:45 PM,-1.40
10609,3/24/2024 6:16:48 PM,-1.50
10609,3/24/2024 6:17:07 PM,-1.00
10609,3/24/2024 6:17:11 PM,-1.10
10609,3/24/2024 6:17:21 PM,-1.00
10609,3/24/2024 6:17:38 PM,-1.30
10609,3/24/2024 6:17:49 PM,-1.10
10609,3/24/2024 6:18:00 PM,-1.30
10609,3/24/2024 6:18:08 PM,-1.20
10609,3/24/2024 6:18:22 PM,-0.80
10609,3/24/2024 6:18:49 PM,-1.00
10609,3/24/2024 6:18:52 PM,-1.10
10609,3/24/2024 6:19:00 PM,-1.00
10609,3/24/2024 6:19:07 PM,-1.10
10609,3/24/2024 6:19:15 PM,-0.80
10609,3/24/2024 6:19:19 PM,-0.90
10609,3/24/2024 6:19:30 PM,-0.80
10609,3/24/2024 6:19:41 PM,-1.10
10609,3/24/2024 6:20:15 PM,-0.80
10609,3/24/2024 6:20:19 PM,-0.70
10609,3/24/2024 6:20:32 PM,-0.90
10609,3/24/2024 6:20:38 PM,-1.10
10609,3/24/2024 6:20:45 PM,-1.00
10609,3/24/2024 6:21:04 PM,-1.10
10609,3/24/2024 6:21:17 PM,-0.90
10609,3/24/2024 6:21:24 PM,-1.00
10609,3/24/2024 6:21:28 PM,-1.20
10609,3/24/2024 6:21:46 PM,-1.10
10609,3/24/2024 6:21:50 PM,-0.80
10609,3/24/2024 6:21:54 PM,-0.70
10609,3/24/2024 6:22:01 PM,-0.90
10609,3/24/2024 6:22:05 PM,-1.10
10609,3/24/2024 6:22:11 PM,-0.80
10609,3/24/2024 6:22:19 PM,-0.70
10609,3/24/2024 6:22:22 PM,-0.80
10609,3/24/2024 6:22:29 PM,-0.70
10609,3/24/2024 6:22:52 PM,-1.20
10609,3/24/2024 6:22:57 PM,-1.10
10609,3/24/2024 6:23:01 PM,-1.20
10609,3/24/2024 6:23:07 PM,-1.00
10609,3/24/2024 6:23:15 PM,-1.10
10609,3/24/2024 6:23:26 PM,-1.00
10609,3/24/2024 6:23:29 PM,-0.80
10609,3/24/2024 6:23:36 PM,-0.60
10609,3/24/2024 6:23:40 PM,-0.80
10609,3/24/2024 6:23:57 PM,-0.90
10609,3/24/2024 6:24:08 PM,-0.60
10609,3/24/2024 6:24:24 PM,-0.80
10609,3/24/2024 6:24:36 PM,-0.70
10609,3/24/2024 6:24:47 PM,-0.80
10609,3/24/2024 6:24:58 PM,-0.70
10609,3/24/2024 6:25:08 PM,-0.80
10609,3/24/2024 6:25:12 PM,-0.70
10609,3/24/2024 6:25:27 PM,-1.00
10609,3/24/2024 6:25:32 PM,-0.90
10609,3/24/2024 6:25:44 PM,-1.10
10609,3/24/2024 6:25:55 PM,-1.20
10609,3/24/2024 6:26:05 PM,-1.10
10609,3/24/2024 6:26:07 PM,-0.80
10609,3/24/2024 6:26:11 PM,-1.10
10609,3/24/2024 6:26:17 PM,-1.20
10609,3/24/2024 6:26:25 PM,-1.50
10609,3/24/2024 6:26:54 PM,-1.20
10609,3/24/2024 6:27:04 PM,-1.40
10609,3/24/2024 6:27:06 PM,-1.30
10609,3/24/2024 6:27:18 PM,-1.20
10609,3/24/2024 6:27:36 PM,-1.50
10609,3/24/2024 6:27:47 PM,-1.30
10609,3/24/2024 6:27:58 PM,-1.60
10609,3/24/2024 6:28:08 PM,-1.40
10609,3/24/2024 6:28:26 PM,-1.50
10609,3/24/2024 6:28:29 PM,-1.60
10609,3/24/2024 6:28:43 PM,-1.50
10609,3/24/2024 6:28:52 PM,-1.20
10609,3/24/2024 6:28:56 PM,-1.30
10609,3/24/2024 6:29:04 PM,-1.10
10609,3/24/2024 6:29:06 PM,-1.20
10609,3/24/2024 6:29:18 PM,-1.40
10609,3/24/2024 6:29:25 PM,-1.60
10609,3/24/2024 6:29:45 PM,-1.40
10609,3/24/2024 6:29:48 PM,-1.50
10609,3/24/2024 6:29:51 PM,-1.40
10609,3/24/2024 6:29:59 PM,-1.50
10609,3/24/2024 6:30:16 PM,-1.40
10609,3/24/2024 6:30:19 PM,-1.30
10609,3/24/2024 6:30:29 PM,-1.50
10609,3/24/2024 6:30:32 PM,-1.40
10609,3/24/2024 6:30:43 PM,-1.60
10609,3/24/2024 6:30:47 PM,-1.40
10609,3/24/2024 6:30:57 PM,-1.60
10609,3/24/2024 6:31:08 PM,-1.50
10609,3/24/2024 6:31:19 PM,-1.70
10609,3/24/2024 6:31:26 PM,-1.50
10609,3/24/2024 6:31:28 PM,-1.60
10609,3/24/2024 6:31:45 PM,-1.50
10609,3/24/2024 6:32:08 PM,-1.80
10609,3/24/2024 6:32:10 PM,-1.90
10609,3/24/2024 6:32:31 PM,-1.70
10609,3/24/2024 6:32:45 PM,-1.30
10609,3/24/2024 6:32:47 PM,-1.50
10609,3/24/2024 6:32:50 PM,-1.30
10609,3/24/2024 6:33:00 PM,-1.40
10609,3/24/2024 6:33:08 PM,-1.20
10609,3/24/2024 6:33:10 PM,-1.30
10609,3/24/2024 6:33:19 PM,-1.10
10609,3/24/2024 6:33:23 PM,-1.20
10609,3/24/2024 6:33:27 PM,-1.60
10609,3/24/2024 6:33:33 PM,-1.30
10609,3/24/2024 6:33:40 PM,-1.10
10609,3/24/2024 6:33:45 PM,-1.30
10609,3/24/2024 6:33:52 PM,-1.20
10609,3/24/2024 6:33:56 PM,-1.30
10609,3/24/2024 6:34:13 PM,-1.20
10609,3/24/2024 6:34:17 PM,-1.10
10609,3/24/2024 6:34:21 PM,-1.30
10609,3/24/2024 6:34:25 PM,-1.40
10609,3/24/2024 6:34:28 PM,-1.20
10609,3/24/2024 6:34:33 PM,-1.10
10609,3/24/2024 6:34:40 PM,-1.50
10609,3/24/2024 6:34:46 PM,-1.40
10609,3/24/2024 6:34:53 PM,-1.50
10609,3/24/2024 6:35:05 PM,-1.30
10609,3/24/2024 6:35:08 PM,-1.40
10609,3/24/2024 6:35:21 PM,-1.10
10609,3/24/2024 6:35:29 PM,-1.50
10609,3/24/2024 6:35:35 PM,-1.30
10609,3/24/2024 6:35:40 PM,-1.40
10609,3/24/2024 6:35:43 PM,-1.60
10609,3/24/2024 6:35:51 PM,-1.50
10609,3/24/2024 6:35:53 PM,-1.40
10609,3/24/2024 6:35:57 PM,-1.50
10609,3/24/2024 6:36:07 PM,-1.30
10609,3/24/2024 6:36:09 PM,-1.20
10609,3/24/2024 6:36:21 PM,-1.10
10609,3/24/2024 6:36:29 PM,-1.30
10609,3/24/2024 6:36:37 PM,-1.40
10609,3/24/2024 6:36:44 PM,-1.30
10609,3/24/2024 6:36:51 PM,-1.40
10609,3/24/2024 6:36:55 PM,-1.30
10609,3/24/2024 6:36:59 PM,-1.10
10609,3/24/2024 6:37:12 PM,-1.50
10609,3/24/2024 6:37:15 PM,-1.80
10609,3/24/2024 6:37:26 PM,-1.50
10609,3/24/2024 6:37:32 PM,-1.90
10609,3/24/2024 6:37:37 PM,-1.40
10609,3/24/2024 6:37:43 PM,-1.60
10609,3/24/2024 6:37:50 PM,-1.40
10609,3/24/2024 6:37:52 PM,-1.50
10609,3/24/2024 6:37:59 PM,-1.20
10609,3/24/2024 6:38:07 PM,-1.70
10609,3/24/2024 6:38:10 PM,-1.60
10609,3/24/2024 6:38:12 PM,-1.30
10609,3/24/2024 6:38:16 PM,-1.10
10609,3/24/2024 6:38:23 PM,-1.50
10609,3/24/2024 6:38:39 PM,-1.80
10609,3/24/2024 6:38:50 PM,-1.70
10609,3/24/2024 6:38:52 PM,-1.80
10609,3/24/2024 6:38:55 PM,-2.10
10609,3/24/2024 6:39:04 PM,-1.40
10609,3/24/2024 6:39:11 PM,-2.20
10609,3/24/2024 6:39:14 PM,-1.90
10609,3/24/2024 6:39:22 PM,-1.80
10609,3/24/2024 6:39:25 PM,-2.10
10609,3/24/2024 6:39:29 PM,-2.20
10609,3/24/2024 6:39:32 PM,-1.90
10609,3/24/2024 6:39:36 PM,-2.00
10609,3/24/2024 6:39:40 PM,-2.40
10609,3/24/2024 6:39:43 PM,-2.50
10609,3/24/2024 6:39:50 PM,-1.90
10609,3/24/2024 6:39:53 PM,-1.80
10609,3/24/2024 6:40:01 PM,-2.10
10609,3/24/2024 6:40:05 PM,-2.00
10609,3/24/2024 6:40:11 PM,-2.40
10609,3/24/2024 6:40:19 PM,-2.80
10609,3/24/2024 6:40:28 PM,-2.10
10609,3/24/2024 6:40:31 PM,-2.00
10609,3/24/2024 6:40:33 PM,-2.20
10609,3/24/2024 6:40:37 PM,-2.00
10609,3/24/2024 6:40:43 PM,-1.40
10609,3/24/2024 6:40:49 PM,-1.20
10609,3/24/2024 6:40:53 PM,-1.40
10609,3/24/2024 6:40:55 PM,-1.60
10609,3/24/2024 6:40:59 PM,-1.80
10609,3/24/2024 6:41:01 PM,-2.00
10609,3/24/2024 6:41:09 PM,-0.90
10609,3/24/2024 6:41:12 PM,-1.20
10609,3/24/2024 6:41:14 PM,-1.60
10609,3/24/2024 6:41:17 PM,-1.00
10609,3/24/2024 6:41:21 PM,-0.70
10609,3/24/2024 6:41:24 PM,-0.80
10609,3/24/2024 6:41:28 PM,-1.30
10609,3/24/2024 6:41:31 PM,-1.50
10609,3/24/2024 6:41:40 PM,-1.10
10609,3/24/2024 6:41:42 PM,-0.90
10609,3/24/2024 6:41:48 PM,-1.40
10609,3/24/2024 6:41:53 PM,-1.20
10609,3/24/2024 6:42:01 PM,-0.80
10609,3/24/2024 6:42:04 PM,-1.00
10609,3/24/2024 6:42:07 PM,-1.30
10609,3/24/2024 6:42:11 PM,-1.40
10609,3/24/2024 6:42:18 PM,-1.30
10609,3/24/2024 6:42:25 PM,-1.60
10609,3/24/2024 6:42:32 PM,-2.10
10609,3/24/2024 6:42:36 PM,-2.00
10609,3/24/2024 6:42:47 PM,-2.20
10609,3/24/2024 6:42:51 PM,-2.40
10609,3/24/2024 6:42:57 PM,-2.50
10609,3/24/2024 6:43:01 PM,-2.70
10609,3/24/2024 6:43:09 PM,-2.60
10609,3/24/2024 6:43:19 PM,-2.70
10609,3/24/2024 6:43:23 PM,-2.50
10609,3/24/2024 6:43:33 PM,-2.80
10609,3/24/2024 6:43:36 PM,-2.50
10609,3/24/2024 6:43:44 PM,-2.00
10609,3/24/2024 6:44:01 PM,-2.10
10609,3/24/2024 6:44:04 PM,-1.90
10609,3/24/2024 6:44:11 PM,-1.70
10609,3/24/2024 6:44:14 PM,-1.50
10609,3/24/2024 6:44:21 PM,-0.60
10609,3/24/2024 6:44:24 PM,-0.50
10609,3/24/2024 6:44:28 PM,0.30
10609,3/24/2024 6:44:32 PM,0.90
10609,3/24/2024 6:44:34 PM,-0.10
10609,3/24/2024 6:44:42 PM,-0.20
10609,3/24/2024 6:44:44 PM,-0.30
10609,3/24/2024 6:44:51 PM,-0.10
10609,3/24/2024 6:44:55 PM,-0.20
10609,3/24/2024 6:45:05 PM,0.10
10609,3/24/2024 6:45:08 PM,-0.10
10609,3/24/2024 6:45:14 PM,-0.20
10609,3/24/2024 6:45:25 PM,-0.70
10609,3/24/2024 6:45:35 PM,-1.00
10609,3/24/2024 6:45:42 PM,-0.80
10609,3/24/2024 6:45:53 PM,-1.10
10609,3/24/2024 6:46:00 PM,-1.00
10609,3/24/2024 6:46:14 PM,-1.10
10609,3/24/2024 6:46:16 PM,-1.20
10609,3/24/2024 6:46:25 PM,-1.00
10609,3/24/2024 6:46:28 PM,-1.10
10609,3/24/2024 6:46:40 PM,-1.20
10609,3/24/2024 6:46:47 PM,-1.50
10609,3/24/2024 6:46:54 PM,-1.60
10609,3/24/2024 6:47:00 PM,-1.90
10609,3/24/2024 6:47:10 PM,-2.10
10609,3/24/2024 6:47:17 PM,-1.90
10609,3/24/2024 6:47:21 PM,-1.50
10609,3/24/2024 6:47:25 PM,-1.60
10609,3/24/2024 6:47:32 PM,-1.50
10609,3/24/2024 6:47:34 PM,-1.30
10609,3/24/2024 6:47:47 PM,-1.20
10609,3/24/2024 6:47:54 PM,-1.00
10609,3/24/2024 6:47:57 PM,-1.10
10609,3/24/2024 6:48:04 PM,-0.80
10609,3/24/2024 6:48:05 PM,-0.70
10609,3/24/2024 6:48:11 PM,-0.90
10609,3/24/2024 6:48:19 PM,-0.70
10609,3/24/2024 6:48:26 PM,-1.00
10609,3/24/2024 6:48:30 PM,-1.40
10609,3/24/2024 6:48:34 PM,-1.60
10609,3/24/2024 6:48:52 PM,-1.50
10609,3/24/2024 6:48:55 PM,-1.30
10609,3/24/2024 6:48:59 PM,-1.50
10609,3/24/2024 6:49:04 PM,-1.60
10609,3/24/2024 6:49:14 PM,-1.40
10609,3/24/2024 6:49:17 PM,-1.20
10609,3/24/2024 6:49:22 PM,-1.30
10609,3/24/2024 6:49:33 PM,-1.90
10609,3/24/2024 6:49:49 PM,-2.00
10609,3/24/2024 6:49:54 PM,-2.10
10609,3/24/2024 6:50:15 PM,-1.70
10609,3/24/2024 6:50:23 PM,-2.00
10609,3/24/2024 6:50:26 PM,-2.40
10609,3/24/2024 6:50:28 PM,-2.50
10609,3/24/2024 6:50:32 PM,-2.20
10609,3/24/2024 6:50:35 PM,-2.10
10609,3/24/2024 6:50:47 PM,-2.50
10609,3/24/2024 6:50:50 PM,-2.40
10609,3/24/2024 6:50:56 PM,-1.90
10609,3/24/2024 6:50:58 PM,-1.80
10609,3/24/2024 6:51:19 PM,-2.00
10609,3/24/2024 6:51:37 PM,-2.40
10609,3/24/2024 6:51:52 PM,-2.30
10609,3/24/2024 6:51:59 PM,-2.00
10609,3/24/2024 6:52:27 PM,-1.80
10609,3/24/2024 6:52:34 PM,-1.60
10609,3/24/2024 6:52:44 PM,-1.50
10609,3/24/2024 6:52:54 PM,-1.90
10609,3/24/2024 6:52:57 PM,-2.10
10609,3/24/2024 6:53:29 PM,-1.70
10609,3/24/2024 6:53:33 PM,-1.60
10609,3/24/2024 6:53:48 PM,-1.70
10609,3/24/2024 6:53:55 PM,-1.90
10609,3/24/2024 6:54:05 PM,-1.70
10609,3/24/2024 6:54:34 PM,-1.90
10609,3/24/2024 6:55:17 PM,-1.50
10609,3/24/2024 6:55:38 PM,-1.70
10609,3/24/2024 6:55:42 PM,-1.60
10609,3/24/2024 6:55:57 PM,-1.70
10609,3/24/2024 6:56:06 PM,-1.40
10609,3/24/2024 6:56:20 PM,-1.50
10609,3/24/2024 6:56:24 PM,-1.70
10609,3/24/2024 6:56:30 PM,-1.80
10609,3/24/2024 6:56:45 PM,-1.30
10609,3/24/2024 6:56:50 PM,-1.10
10609,3/24/2024 6:57:01 PM,-0.80
10609,3/24/2024 6:57:04 PM,-0.50
10609,3/24/2024 6:57:10 PM,-0.60
10609,3/24/2024 6:57:18 PM,-0.90
10609,3/24/2024 6:57:37 PM,-1.20
10609,3/24/2024 6:57:54 PM,-1.70
10609,3/24/2024 6:58:02 PM,-1.80
10609,3/24/2024 6:58:11 PM,-1.30
10609,3/24/2024 6:58:18 PM,-1.10
10609,3/24/2024 6:58:32 PM,-1.00
10609,3/24/2024 6:58:40 PM,-1.10
10609,3/24/2024 6:58:44 PM,-1.30
10609,3/24/2024 6:58:50 PM,-1.40
10609,3/24/2024 6:59:04 PM,-1.10
10609,3/24/2024 6:59:08 PM,-1.30
10609,3/24/2024 6:59:15 PM,-1.10
10609,3/24/2024 6:59:18 PM,-0.90
10609,3/24/2024 6:59:26 PM,-1.20
10609,3/24/2024 6:59:33 PM,-1.00
10609,3/24/2024 6:59:53 PM,-1.20
10609,3/24/2024 7:00:00 PM,-1.10
10609,3/24/2024 7:00:11 PM,-1.30
10609,3/24/2024 7:00:16 PM,-1.70
10609,3/24/2024 7:00:26 PM,-1.80
10609,3/24/2024 7:00:30 PM,-2.20
10609,3/24/2024 7:00:42 PM,-2.50
10609,3/24/2024 7:00:53 PM,-2.40
10609,3/24/2024 7:00:59 PM,-2.10
10609,3/24/2024 7:01:18 PM,-1.70
10609,3/24/2024 7:01:39 PM,-2.00
10609,3/24/2024 7:01:49 PM,-2.40
10609,3/24/2024 7:01:52 PM,-2.30
10609,3/24/2024 7:02:15 PM,-2.50
10609,3/24/2024 7:02:21 PM,-2.70
10609,3/24/2024 7:02:38 PM,-2.60
10609,3/24/2024 7:02:44 PM,-2.40
10609,3/24/2024 7:03:08 PM,-2.10
10609,3/24/2024 7:03:15 PM,-1.90
10609,3/24/2024 7:03:36 PM,-1.40
10609,3/24/2024 7:04:12 PM,-1.20
10609,3/24/2024 7:04:16 PM,-1.30
10609,3/24/2024 7:04:24 PM,-1.10
10609,3/24/2024 7:04:44 PM,-2.00
10609,3/24/2024 7:04:47 PM,-1.10
10609,3/24/2024 7:04:53 PM,-0.80
10609,3/24/2024 7:05:11 PM,-0.30
10609,3/24/2024 7:05:18 PM,-0.50
10609,3/24/2024 7:05:21 PM,-0.40
10609,3/24/2024 7:05:36 PM,-0.50
10609,3/24/2024 7:05:47 PM,-0.40
10609,3/24/2024 7:06:00 PM,-0.60
10609,3/24/2024 7:06:15 PM,-0.70
10609,3/24/2024 7:06:19 PM,-0.80
10609,3/24/2024 7:06:36 PM,-0.60
10609,3/24/2024 7:06:40 PM,-0.70
10609,3/24/2024 7:06:43 PM,-0.60
10609,3/24/2024 7:06:51 PM,-0.80
10609,3/24/2024 7:07:24 PM,0.30
10609,3/24/2024 7:07:27 PM,-0.50
10609,3/24/2024 7:07:35 PM,-0.80
10609,3/24/2024 7:07:44 PM,-0.90
10609,3/24/2024 7:07:54 PM,-0.80
10609,3/24/2024 7:07:57 PM,-0.90
10609,3/24/2024 7:08:02 PM,-0.60
10609,3/24/2024 7:08:04 PM,-0.70
10609,3/24/2024 7:08:07 PM,-0.60
10609,3/24/2024 7:08:14 PM,-0.80
10609,3/24/2024 7:08:34 PM,-0.70
10609,3/24/2024 7:09:00 PM,-0.80
10609,3/24/2024 7:09:10 PM,-1.00
10609,3/24/2024 7:09:21 PM,-0.60
10609,3/24/2024 7:09:24 PM,-0.70
10609,3/24/2024 7:09:36 PM,-0.60
10609,3/24/2024 7:09:52 PM,-0.70
10609,3/24/2024 7:09:58 PM,-0.60
10609,3/24/2024 7:10:21 PM,-0.90
10609,3/24/2024 7:10:24 PM,-0.80
10609,3/24/2024 7:10:38 PM,-1.10
10609,3/24/2024 7:10:45 PM,-0.60
10609,3/24/2024 7:10:52 PM,-0.40
10609,3/24/2024 7:11:11 PM,-0.80
10609,3/24/2024 7:11:33 PM,-1.00
10609,3/24/2024 7:11:59 PM,-0.80
10609,3/24/2024 7:12:07 PM,-0.60
10609,3/24/2024 7:12:24 PM,-0.90
10609,3/24/2024 7:12:31 PM,-1.10
10609,3/24/2024 7:12:36 PM,-1.00
10609,3/24/2024 7:12:39 PM,-1.20
10609,3/24/2024 7:12:43 PM,-1.30
10609,3/24/2024 7:12:46 PM,-1.20
10609,3/24/2024 7:12:53 PM,-1.30
10609,3/24/2024 7:12:55 PM,-1.20
10609,3/24/2024 7:13:12 PM,-1.10
10609,3/24/2024 7:13:25 PM,-1.20
10609,3/24/2024 7:13:28 PM,-1.00
10609,3/24/2024 7:13:54 PM,-0.50
10609,3/24/2024 7:14:05 PM,-0.60
10609,3/24/2024 7:14:08 PM,-0.70
10609,3/24/2024 7:14:22 PM,-0.50
10609,3/24/2024 7:14:41 PM,-0.80
10609,3/24/2024 7:14:47 PM,-0.60
10609,3/24/2024 7:15:35 PM,-0.80
10609,3/24/2024 7:15:38 PM,-0.70
10609,3/24/2024 7:15:45 PM,-0.90
10609,3/24/2024 7:15:56 PM,-0.70
10609,3/24/2024 7:16:01 PM,-0.80
10609,3/24/2024 7:16:05 PM,-0.70
10609,3/24/2024 7:16:08 PM,-0.80
10609,3/24/2024 7:16:54 PM,-0.70
10609,3/24/2024 7:16:58 PM,-0.80
10609,3/24/2024 7:17:12 PM,-0.70
10609,3/24/2024 7:17:16 PM,-0.80
10609,3/24/2024 7:18:11 PM,-1.20
10609,3/24/2024 7:18:16 PM,-1.00
10609,3/24/2024 7:18:38 PM,-0.90
10609,3/24/2024 7:19:01 PM,-1.10
10609,3/24/2024 7:19:13 PM,-0.90
10609,3/24/2024 7:19:16 PM,-1.00
10609,3/24/2024 7:19:21 PM,-0.90
10609,3/24/2024 7:19:28 PM,-1.10
10609,3/24/2024 7:20:09 PM,-0.70
10609,3/24/2024 7:20:27 PM,-0.90
10609,3/24/2024 7:20:38 PM,-1.20
10609,3/24/2024 7:21:00 PM,-1.30
10609,3/24/2024 7:21:07 PM,-1.20
10609,3/24/2024 7:21:10 PM,-1.00
10609,3/24/2024 7:21:20 PM,-1.30
10609,3/24/2024 7:21:25 PM,-1.20
10609,3/24/2024 7:21:41 PM,-1.30
10609,3/24/2024 7:22:01 PM,-0.90
10609,3/24/2024 7:22:05 PM,-1.00
10609,3/24/2024 7:22:19 PM,-0.90
10609,3/24/2024 7:22:23 PM,-1.00
10609,3/24/2024 7:22:36 PM,-0.90
10609,3/24/2024 7:22:48 PM,-1.00
10609,3/24/2024 7:22:50 PM,-1.10
10609,3/24/2024 7:23:02 PM,-1.20
10609,3/24/2024 7:23:29 PM,-1.10
10609,3/24/2024 7:23:46 PM,-0.90
10609,3/24/2024 7:23:52 PM,-1.00
10609,3/24/2024 7:24:11 PM,-1.10
10609,3/24/2024 7:24:23 PM,-1.00
10609,3/24/2024 7:24:26 PM,-1.10
10609,3/24/2024 7:24:29 PM,-1.00
10609,3/24/2024 7:24:45 PM,-1.30
10609,3/24/2024 7:25:02 PM,-1.20
10609,3/24/2024 7:25:11 PM,-1.00
10609,3/24/2024 7:25:28 PM,-0.90
10609,3/24/2024 7:25:52 PM,-1.10
10609,3/24/2024 7:25:56 PM,-1.00
10609,3/24/2024 7:26:02 PM,-1.10
10609,3/24/2024 7:26:22 PM,-1.00
10609,3/24/2024 7:26:25 PM,-1.20
10609,3/24/2024 7:26:42 PM,-1.30
10609,3/24/2024 7:26:52 PM,-1.10
10609,3/24/2024 7:26:56 PM,-1.20
10609,3/24/2024 7:27:04 PM,-1.10
10609,3/24/2024 7:27:22 PM,-1.30
10609,3/24/2024 7:27:42 PM,-1.20
10609,3/24/2024 7:27:44 PM,-1.30
10609,3/24/2024 7:27:50 PM,-1.20
10609,3/24/2024 7:28:10 PM,-1.30
10609,3/24/2024 7:28:31 PM,-1.20
10609,3/24/2024 7:28:51 PM,-1.40
10609,3/24/2024 7:28:59 PM,-1.30
10609,3/24/2024 7:29:01 PM,-1.40
10609,3/24/2024 7:29:18 PM,-1.20
10609,3/24/2024 7:29:36 PM,-1.40
10609,3/24/2024 7:30:09 PM,-1.20
10609,3/24/2024 7:30:23 PM,-1.00
10609,3/24/2024 7:30:29 PM,-1.10
10609,3/24/2024 7:30:54 PM,-0.90
10609,3/24/2024 7:30:58 PM,-1.10
10609,3/24/2024 7:31:13 PM,-1.30
10609,3/24/2024 7:31:22 PM,-1.10
10609,3/24/2024 7:31:40 PM,-1.00
10609,3/24/2024 7:31:49 PM,-1.10
10609,3/24/2024 7:31:56 PM,-1.30
10609,3/24/2024 7:32:05 PM,-1.20
10609,3/24/2024 7:32:15 PM,-1.40
10609,3/24/2024 7:32:22 PM,-1.20
10609,3/24/2024 7:32:26 PM,-1.30
10609,3/24/2024 7:32:41 PM,-1.10
10609,3/24/2024 7:32:55 PM,-1.20
10609,3/24/2024 7:32:59 PM,-1.10
10609,3/24/2024 7:33:16 PM,-1.50
10609,3/24/2024 7:33:20 PM,-1.40
10609,3/24/2024 7:33:23 PM,-1.50
10609,3/24/2024 7:33:38 PM,-1.30
10609,3/24/2024 7:33:41 PM,-1.40
10609,3/24/2024 7:33:45 PM,-1.30
10609,3/24/2024 7:33:49 PM,-1.40
10609,3/24/2024 7:33:52 PM,-1.20
10609,3/24/2024 7:33:55 PM,-1.30
10609,3/24/2024 7:33:59 PM,-1.20
10609,3/24/2024 7:34:11 PM,-1.30
10609,3/24/2024 7:34:14 PM,-1.40
10609,3/24/2024 7:34:22 PM,-1.20
10609,3/24/2024 7:34:32 PM,-1.10
10609,3/24/2024 7:34:36 PM,-1.20
10609,3/24/2024 7:34:43 PM,-1.00
10609,3/24/2024 7:34:53 PM,-0.90
10609,3/24/2024 7:34:56 PM,-1.00
10609,3/24/2024 7:35:03 PM,-0.90
10609,3/24/2024 7:35:05 PM,-1.00
10609,3/24/2024 7:35:13 PM,-1.10
10609,3/24/2024 7:35:15 PM,-1.00
10609,3/24/2024 7:35:19 PM,-1.10
10609,3/24/2024 7:35:29 PM,-0.90
10609,3/24/2024 7:35:46 PM,-1.00
10609,3/24/2024 7:35:49 PM,-1.10
10609,3/24/2024 7:36:05 PM,-1.20
10609,3/24/2024 7:36:23 PM,-1.10
10609,3/24/2024 7:36:33 PM,-1.20
10609,3/24/2024 7:36:37 PM,-1.10
10609,3/24/2024 7:36:41 PM,-1.20
10609,3/24/2024 7:36:45 PM,-1.10
10609,3/24/2024 7:36:55 PM,-1.30
10609,3/24/2024 7:37:03 PM,-1.40
10609,3/24/2024 7:37:05 PM,-1.30
10609,3/24/2024 7:37:13 PM,-1.50
10609,3/24/2024 7:37:16 PM,-1.30
10609,3/24/2024 7:37:19 PM,-1.40
10609,3/24/2024 7:37:24 PM,-1.30
10609,3/24/2024 7:37:26 PM,-1.40
10609,3/24/2024 7:37:42 PM,-1.30
10609,3/24/2024 7:37:45 PM,-1.40
10609,3/24/2024 7:37:51 PM,-1.10
10609,3/24/2024 7:38:01 PM,-0.90
10609,3/24/2024 7:38:25 PM,-1.40
10609,3/24/2024 7:38:34 PM,-1.50
10609,3/24/2024 7:38:37 PM,-1.60
10609,3/24/2024 7:38:41 PM,-1.50
10609,3/24/2024 7:39:07 PM,-1.60
10609,3/24/2024 7:39:18 PM,-1.30
10609,3/24/2024 7:39:26 PM,-1.20
10609,3/24/2024 7:39:37 PM,-1.30
10609,3/24/2024 7:39:47 PM,-1.20
10609,3/24/2024 7:40:05 PM,-0.80
10609,3/24/2024 7:40:10 PM,-1.00
10609,3/24/2024 7:40:14 PM,-1.30
10609,3/24/2024 7:40:17 PM,-1.00
10609,3/24/2024 7:40:32 PM,-1.40
10609,3/24/2024 7:40:39 PM,-1.20
10609,3/24/2024 7:40:44 PM,-1.40
10609,3/24/2024 7:40:47 PM,-1.30
10609,3/24/2024 7:41:08 PM,-1.10
10609,3/24/2024 7:41:21 PM,-1.20
10609,3/24/2024 7:41:25 PM,-1.30
10609,3/24/2024 7:41:28 PM,-1.20
10609,3/24/2024 7:41:40 PM,-1.10
10609,3/24/2024 7:41:49 PM,-1.30
10609,3/24/2024 7:42:16 PM,-1.00
10609,3/24/2024 7:42:18 PM,-1.10
10609,3/24/2024 7:42:30 PM,-0.90
10609,3/24/2024 7:42:41 PM,-1.10
10609,3/24/2024 7:42:48 PM,-0.90
10609,3/24/2024 7:43:05 PM,-1.30
10609,3/24/2024 7:43:18 PM,-1.10
10609,3/24/2024 7:43:30 PM,-1.20
10609,3/24/2024 7:43:44 PM,-1.40
10609,3/24/2024 7:43:47 PM,-1.30
10609,3/24/2024 7:44:09 PM,-1.50
10609,3/24/2024 7:44:12 PM,-1.30
10609,3/24/2024 7:44:16 PM,-1.40
10609,3/24/2024 7:44:28 PM,-1.30
10609,3/24/2024 7:44:41 PM,-1.60
10609,3/24/2024 7:44:44 PM,-1.70
10609,3/24/2024 7:44:50 PM,-1.60
10609,3/24/2024 7:45:35 PM,-1.50
10609,3/24/2024 7:45:48 PM,-1.40
10609,3/24/2024 7:46:19 PM,-1.50
10609,3/24/2024 7:46:32 PM,-1.30
10609,3/24/2024 7:46:57 PM,-1.40
10609,3/24/2024 7:47:01 PM,-1.50
10609,3/24/2024 7:47:14 PM,-1.60
10609,3/24/2024 7:47:18 PM,-1.70
10609,3/24/2024 7:47:31 PM,-1.60
10609,3/24/2024 7:47:54 PM,-1.80
10609,3/24/2024 7:47:57 PM,-1.90
10609,3/24/2024 7:48:17 PM,-1.40
10609,3/24/2024 7:48:27 PM,-1.10
10609,3/24/2024 7:48:34 PM,-1.00
10609,3/24/2024 7:48:39 PM,-0.80
10609,3/24/2024 7:48:45 PM,-0.70
10609,3/24/2024 7:49:01 PM,-0.80
10609,3/24/2024 7:49:04 PM,-0.90
10609,3/24/2024 7:49:15 PM,-0.80
10609,3/24/2024 7:49:18 PM,-0.90
10609,3/24/2024 7:49:26 PM,-0.60
10609,3/24/2024 7:49:44 PM,-1.00
10609,3/24/2024 7:49:48 PM,-1.10
10609,3/24/2024 7:49:51 PM,-1.30
10609,3/24/2024 7:50:02 PM,-1.60
10609,3/24/2024 7:50:19 PM,-1.40
10609,3/24/2024 7:50:25 PM,-1.20
10609,3/24/2024 7:50:32 PM,-1.10
10609,3/24/2024 7:50:43 PM,-1.20
10609,3/24/2024 7:50:45 PM,-1.40
10609,3/24/2024 7:51:02 PM,-1.60
10609,3/24/2024 7:51:09 PM,-1.40
10609,3/24/2024 7:51:20 PM,-1.60
10609,3/24/2024 7:51:24 PM,-1.50
10609,3/24/2024 7:51:36 PM,-1.70
10609,3/24/2024 7:51:39 PM,-1.90
10609,3/24/2024 7:52:03 PM,-1.50
10609,3/24/2024 7:52:05 PM,-1.40
10609,3/24/2024 7:52:16 PM,-1.60
10609,3/24/2024 7:52:23 PM,-1.80
10609,3/24/2024 7:52:53 PM,-2.00
10609,3/24/2024 7:53:08 PM,-2.40
10609,3/24/2024 7:53:23 PM,-2.60
10609,3/24/2024 7:53:25 PM,-2.50
10609,3/24/2024 7:53:30 PM,-2.70
10609,3/24/2024 7:53:37 PM,-2.80
10609,3/24/2024 7:53:44 PM,-2.70
10609,3/24/2024 7:53:48 PM,-2.80
10609,3/24/2024 7:54:10 PM,-2.90
10609,3/24/2024 7:54:22 PM,-2.70
10609,3/24/2024 7:54:44 PM,-2.50
10609,3/24/2024 7:54:48 PM,-2.40
10609,3/24/2024 7:55:06 PM,-2.30
10609,3/24/2024 7:55:19 PM,-2.10
10609,3/24/2024 7:55:40 PM,-2.40
10609,3/24/2024 7:55:45 PM,-2.30
10609,3/24/2024 7:55:48 PM,-2.10
10609,3/24/2024 7:56:03 PM,-1.90
10609,3/24/2024 7:56:17 PM,-1.60
10609,3/24/2024 7:56:40 PM,-1.80
10609,3/24/2024 7:56:55 PM,-1.60
10609,3/24/2024 7:56:58 PM,-1.70
10609,3/24/2024 7:57:05 PM,-1.60
10609,3/24/2024 7:57:11 PM,-1.10
10609,3/24/2024 7:57:20 PM,-0.80
10609,3/24/2024 7:57:24 PM,-0.40
10609,3/24/2024 7:57:28 PM,0.40
10609,3/24/2024 7:57:32 PM,0.90
10609,3/24/2024 7:57:35 PM,0.80
10609,3/24/2024 7:57:40 PM,1.00
10609,3/24/2024 7:57:47 PM,1.80
10609,3/24/2024 7:57:53 PM,1.40
10609,3/24/2024 7:57:56 PM,0.80
10609,3/24/2024 7:58:05 PM,-0.40
10609,3/24/2024 7:58:08 PM,-0.50
10609,3/24/2024 7:58:18 PM,-0.20
10609,3/24/2024 7:58:26 PM,-0.40
10609,3/24/2024 7:58:33 PM,-1.00
10609,3/24/2024 7:58:41 PM,-1.10
10609,3/24/2024 7:58:46 PM,-1.00
10609,3/24/2024 7:58:54 PM,-0.70
10609,3/24/2024 7:59:02 PM,-1.20
10609,3/24/2024 7:59:06 PM,-1.00
10609,3/24/2024 7:59:13 PM,-1.50
10609,3/24/2024 7:59:16 PM,-1.90
10609,3/24/2024 7:59:29 PM,-2.90
10609,3/24/2024 7:59:33 PM,-3.40
10609,3/24/2024 7:59:39 PM,-3.10
10609,3/24/2024 7:59:43 PM,-2.50
10609,3/24/2024 7:59:46 PM,-1.90
10609,3/24/2024 7:59:49 PM,-1.50
10609,3/24/2024 7:59:55 PM,-1.80
10609,3/24/2024 8:00:00 PM,-1.90
10609,3/24/2024 8:00:06 PM,-2.30
10609,3/24/2024 8:00:09 PM,-3.00
10609,3/24/2024 8:00:14 PM,-3.40
10609,3/24/2024 8:00:16 PM,-3.70
10609,3/24/2024 8:00:23 PM,-4.20
10609,3/24/2024 8:00:26 PM,-4.30
10609,3/24/2024 8:00:29 PM,-3.60
10609,3/24/2024 8:00:32 PM,-2.40
10609,3/24/2024 8:00:35 PM,-1.80
10609,3/24/2024 8:00:41 PM,-1.60
10609,3/24/2024 8:00:44 PM,-1.20
10609,3/24/2024 8:00:47 PM,-1.00
10609,3/24/2024 8:00:50 PM,-0.90
10609,3/24/2024 8:00:57 PM,-1.80
10609,3/24/2024 8:01:01 PM,-2.70
10609,3/24/2024 8:01:05 PM,-3.70
10609,3/24/2024 8:01:07 PM,-4.10
10609,3/24/2024 8:01:12 PM,-4.60
10609,3/24/2024 8:01:15 PM,-4.80
10609,3/24/2024 8:01:20 PM,-4.50
10609,3/24/2024 8:01:27 PM,-3.80
10609,3/24/2024 8:01:38 PM,-3.10
10609,3/24/2024 8:01:46 PM,-3.20
10609,3/24/2024 8:01:51 PM,-3.50
10609,3/24/2024 8:01:58 PM,-3.70
10609,3/24/2024 8:02:05 PM,-3.00
10609,3/24/2024 8:02:08 PM,-2.80
10609,3/24/2024 8:02:13 PM,-2.90
10609,3/24/2024 8:02:23 PM,-2.70
10609,3/24/2024 8:02:35 PM,-2.50
10609,3/24/2024 8:02:43 PM,-2.90
10609,3/24/2024 8:02:46 PM,-3.20
10609,3/24/2024 8:02:51 PM,-3.40
10609,3/24/2024 8:03:02 PM,-3.60
10609,3/24/2024 8:03:07 PM,-3.40
10609,3/24/2024 8:03:10 PM,-3.20
10609,3/24/2024 8:03:18 PM,-2.90
10609,3/24/2024 8:03:21 PM,-2.70
10609,3/24/2024 8:03:25 PM,-2.60
10609,3/24/2024 8:04:12 PM,-3.00
10609,3/24/2024 8:04:19 PM,-3.20
10609,3/24/2024 8:04:26 PM,-3.30
10609,3/24/2024 8:04:53 PM,-2.60
10609,3/24/2024 8:05:16 PM,-2.80
10609,3/24/2024 8:05:23 PM,-3.00
10609,3/24/2024 8:05:48 PM,-2.70
10609,3/24/2024 8:05:59 PM,-2.90
10609,3/24/2024 8:06:28 PM,-2.60
10609,3/24/2024 8:06:43 PM,-2.80
10609,3/24/2024 8:07:04 PM,-3.00
10609,3/24/2024 8:07:21 PM,-2.70
10609,3/24/2024 8:07:24 PM,-2.80
10609,3/24/2024 8:07:28 PM,-2.70
10609,3/24/2024 8:07:40 PM,-3.10
10609,3/24/2024 8:07:42 PM,-2.80
10609,3/24/2024 8:08:12 PM,-2.70
10609,3/24/2024 8:08:20 PM,-2.60
10609,3/24/2024 8:08:23 PM,-2.70
10609,3/24/2024 8:08:38 PM,-2.80
10609,3/24/2024 8:08:41 PM,-2.70
10609,3/24/2024 8:08:51 PM,-2.80
10609,3/24/2024 8:08:53 PM,-2.90
10609,3/24/2024 8:09:09 PM,-3.00
10609,3/24/2024 8:09:11 PM,-2.90
10609,3/24/2024 8:09:26 PM,-3.10
10609,3/24/2024 8:09:29 PM,-2.90
10609,3/24/2024 8:09:47 PM,-2.60
10609,3/24/2024 8:10:09 PM,-2.90
10609,3/24/2024 8:10:23 PM,-2.80
10609,3/24/2024 8:10:26 PM,-2.70
10609,3/24/2024 8:11:01 PM,-2.80
10609,3/24/2024 8:11:19 PM,-2.60
10609,3/24/2024 8:11:22 PM,-2.70
10609,3/24/2024 8:11:25 PM,-2.50
10609,3/24/2024 8:11:35 PM,-2.40
10609,3/24/2024 8:11:45 PM,-2.10
10609,3/24/2024 8:11:51 PM,-2.30
10609,3/24/2024 8:11:54 PM,-2.50
10609,3/24/2024 8:12:16 PM,-2.30
10609,3/24/2024 8:12:29 PM,-2.40
10609,3/24/2024 8:12:36 PM,-2.30
10609,3/24/2024 8:12:47 PM,-2.40
10609,3/24/2024 8:13:02 PM,-2.10
10609,3/24/2024 8:13:09 PM,-2.20
10609,3/24/2024 8:13:15 PM,-2.00
10609,3/24/2024 8:13:25 PM,-2.20
10609,3/24/2024 8:13:29 PM,-2.40
10609,3/24/2024 8:13:51 PM,-2.20
10609,3/24/2024 8:14:02 PM,-2.40
10609,3/24/2024 8:14:05 PM,-2.30
10609,3/24/2024 8:14:23 PM,-2.50
10609,3/24/2024 8:14:26 PM,-2.60
10609,3/24/2024 8:14:34 PM,-2.40
10609,3/24/2024 8:14:48 PM,-2.20
10609,3/24/2024 8:15:15 PM,-2.10
10609,3/24/2024 8:15:20 PM,-2.00
10609,3/24/2024 8:15:34 PM,-2.10
10609,3/24/2024 8:15:53 PM,-2.40
10609,3/24/2024 8:16:02 PM,-2.20
10609,3/24/2024 8:16:13 PM,-2.30
10609,3/24/2024 8:16:16 PM,-2.20
10609,3/24/2024 8:16:23 PM,-2.30
10609,3/24/2024 8:16:49 PM,-2.40
10609,3/24/2024 8:17:06 PM,-2.20
10609,3/24/2024 8:17:09 PM,-2.10
10609,3/24/2024 8:17:17 PM,-2.20
10609,3/24/2024 8:17:47 PM,-1.80
10609,3/24/2024 8:17:54 PM,-2.00
10609,3/24/2024 8:17:58 PM,-1.80
10609,3/24/2024 8:18:11 PM,-1.90
10609,3/24/2024 8:18:18 PM,-2.10
10609,3/24/2024 8:18:25 PM,-2.20
10609,3/24/2024 8:18:28 PM,-2.10
10609,3/24/2024 8:19:05 PM,-2.20
10609,3/24/2024 8:19:10 PM,-2.30
10609,3/24/2024 8:19:24 PM,-2.20
10609,3/24/2024 8:19:27 PM,-2.10
10609,3/24/2024 8:19:32 PM,-2.20
10609,3/24/2024 8:19:52 PM,-2.10
10609,3/24/2024 8:19:57 PM,-2.20
10609,3/24/2024 8:20:23 PM,-2.30
10609,3/24/2024 8:20:33 PM,-2.50
10609,3/24/2024 8:20:36 PM,-2.30
10609,3/24/2024 8:20:39 PM,-2.40
10609,3/24/2024 8:20:44 PM,-2.30
10609,3/24/2024 8:20:46 PM,-2.40
10609,3/24/2024 8:21:00 PM,-2.20
10609,3/24/2024 8:21:03 PM,-2.00
10609,3/24/2024 8:21:06 PM,-2.10
10609,3/24/2024 8:21:09 PM,-2.00
10609,3/24/2024 8:21:14 PM,-2.10
10609,3/24/2024 8:21:36 PM,-2.20
10609,3/24/2024 8:21:52 PM,-2.10
10609,3/24/2024 8:21:58 PM,-1.90
10609,3/24/2024 8:22:08 PM,-2.10
10609,3/24/2024 8:22:19 PM,-2.20
10609,3/24/2024 8:22:57 PM,-2.00
10609,3/24/2024 8:23:03 PM,-1.80
10609,3/24/2024 8:23:14 PM,-1.60
10609,3/24/2024 8:23:25 PM,-1.90
10609,3/24/2024 8:23:28 PM,-1.80
10609,3/24/2024 8:23:31 PM,-1.90
10609,3/24/2024 8:23:50 PM,-2.00
10609,3/24/2024 8:24:08 PM,-1.90
10609,3/24/2024 8:25:11 PM,-2.10
10609,3/24/2024 8:25:19 PM,-2.20
10609,3/24/2024 8:25:24 PM,-2.10
10609,3/24/2024 8:25:36 PM,-2.30
10609,3/24/2024 8:25:43 PM,-2.20
10609,3/24/2024 8:25:46 PM,-2.00
10609,3/24/2024 8:25:49 PM,-2.20
10609,3/24/2024 8:25:57 PM,-2.00
10609,3/24/2024 8:26:21 PM,-1.80
10609,3/24/2024 8:26:31 PM,-2.00
10609,3/24/2024 8:26:36 PM,-1.90
10609,3/24/2024 8:26:39 PM,-2.00
10609,3/24/2024 8:26:42 PM,-1.90
10609,3/24/2024 8:26:48 PM,-2.00
10609,3/24/2024 8:27:09 PM,-2.10
10609,3/24/2024 8:27:41 PM,-1.80
10609,3/24/2024 8:28:58 PM,-1.40
10609,3/24/2024 8:29:05 PM,-1.60
10609,3/24/2024 8:29:28 PM,-1.70
10609,3/24/2024 8:29:37 PM,-1.60
10609,3/24/2024 8:29:47 PM,-1.70
10609,3/24/2024 8:30:05 PM,-1.50
10609,3/24/2024 8:30:18 PM,-1.80
10609,3/24/2024 8:30:24 PM,-1.70
10609,3/24/2024 8:30:30 PM,-1.80
10609,3/24/2024 8:31:26 PM,-2.00
10609,3/24/2024 8:31:52 PM,-1.70
10609,3/24/2024 8:32:02 PM,-2.00
10609,3/24/2024 8:32:18 PM,-1.90
10609,3/24/2024 8:32:20 PM,-1.70
10609,3/24/2024 8:32:24 PM,-1.80
10609,3/24/2024 8:32:45 PM,-2.00
10609,3/24/2024 8:33:02 PM,-1.90
10609,3/24/2024 8:33:08 PM,-2.00
10609,3/24/2024 8:33:56 PM,-1.80
10609,3/24/2024 8:34:03 PM,-2.00
10609,3/24/2024 8:34:16 PM,-1.80
10609,3/24/2024 8:34:31 PM,-2.00
10609,3/24/2024 8:34:42 PM,-1.80
10609,3/24/2024 8:34:54 PM,-1.90
10609,3/24/2024 8:35:04 PM,-1.70
10609,3/24/2024 8:35:21 PM,-1.80
10609,3/24/2024 8:35:25 PM,-1.90
10609,3/24/2024 8:35:46 PM,-1.60
10609,3/24/2024 8:35:51 PM,-1.90
10609,3/24/2024 8:35:55 PM,-2.00
10609,3/24/2024 8:35:59 PM,-1.90
10609,3/24/2024 8:36:02 PM,-2.00
10609,3/24/2024 8:36:37 PM,-1.90
10609,3/24/2024 8:36:42 PM,-1.80
10609,3/24/2024 8:36:46 PM,-1.90
10609,3/24/2024 8:36:49 PM,-1.80
10609,3/24/2024 8:37:06 PM,-2.20
10609,3/24/2024 8:37:38 PM,-1.90
10609,3/24/2024 8:37:50 PM,-2.10
10609,3/24/2024 8:38:16 PM,-2.00
10609,3/24/2024 8:38:23 PM,-1.90
10609,3/24/2024 8:38:34 PM,-2.10
10609,3/24/2024 8:38:38 PM,-2.00
10609,3/24/2024 8:39:11 PM,-2.20
10609,3/24/2024 8:39:14 PM,-2.00
10609,3/24/2024 8:39:25 PM,-1.90
10609,3/24/2024 8:39:43 PM,-2.10
10609,3/24/2024 8:39:46 PM,-2.00
10609,3/24/2024 8:39:54 PM,-2.10
10609,3/24/2024 8:40:05 PM,-2.00
10609,3/24/2024 8:40:19 PM,-2.10
10609,3/24/2024 8:40:55 PM,-1.80
10609,3/24/2024 8:41:08 PM,-1.90
10609,3/24/2024 8:41:14 PM,-1.80
10609,3/24/2024 8:41:27 PM,-1.90
10609,3/24/2024 8:41:31 PM,-2.10
10609,3/24/2024 8:41:34 PM,-1.90
10609,3/24/2024 8:41:37 PM,-1.80
10609,3/24/2024 8:41:50 PM,-1.90
10609,3/24/2024 8:41:54 PM,-2.00
10609,3/24/2024 8:41:57 PM,-1.90
10609,3/24/2024 8:42:00 PM,-2.00
10609,3/24/2024 8:42:09 PM,-1.50
10609,3/24/2024 8:42:13 PM,-2.00
10609,3/24/2024 8:42:16 PM,-1.50
10609,3/24/2024 8:42:20 PM,-1.90
10609,3/24/2024 8:42:48 PM,-1.80
10609,3/24/2024 8:42:55 PM,-1.90
10609,3/24/2024 8:42:57 PM,-2.00
10609,3/24/2024 8:43:07 PM,-1.90
10609,3/24/2024 8:43:22 PM,-2.10
10609,3/24/2024 8:43:41 PM,-1.90
10609,3/24/2024 8:43:51 PM,-1.70
10609,3/24/2024 8:44:16 PM,-1.90
10609,3/24/2024 8:44:19 PM,-1.80
10609,3/24/2024 8:44:24 PM,-1.90
10609,3/24/2024 8:44:34 PM,-2.30
10609,3/24/2024 8:44:37 PM,-1.80
10609,3/24/2024 8:44:52 PM,-2.00
10609,3/24/2024 8:44:54 PM,-2.20
10609,3/24/2024 8:45:18 PM,-2.10
10609,3/24/2024 8:45:21 PM,-1.80
10609,3/24/2024 8:45:34 PM,-1.50
10609,3/24/2024 8:45:37 PM,-1.60
10609,3/24/2024 8:45:40 PM,-1.50
10609,3/24/2024 8:45:49 PM,-1.80
10609,3/24/2024 8:45:53 PM,-1.70
10609,3/24/2024 8:45:59 PM,-1.80
10609,3/24/2024 8:46:07 PM,-1.70
10609,3/24/2024 8:46:09 PM,-1.60
10609,3/24/2024 8:46:20 PM,-1.40
10609,3/24/2024 8:46:34 PM,-1.60
10609,3/24/2024 8:46:38 PM,-1.80
10609,3/24/2024 8:46:49 PM,-2.00
10609,3/24/2024 8:46:58 PM,-2.20
10609,3/24/2024 8:47:08 PM,-2.00
10609,3/24/2024 8:47:12 PM,-1.90
10609,3/24/2024 8:47:16 PM,-2.20
10609,3/24/2024 8:47:23 PM,-2.40
10609,3/24/2024 8:47:37 PM,-2.20
10609,3/24/2024 8:47:43 PM,-2.00
10609,3/24/2024 8:47:50 PM,-1.90
10609,3/24/2024 8:48:01 PM,-2.10
10609,3/24/2024 8:48:08 PM,-2.30
10609,3/24/2024 8:48:42 PM,-2.00
10609,3/24/2024 8:48:47 PM,-1.90
10609,3/24/2024 8:48:51 PM,-2.00
10609,3/24/2024 8:49:07 PM,-2.10
10609,3/24/2024 8:49:09 PM,-2.20
10609,3/24/2024 8:49:17 PM,-2.30
10609,3/24/2024 8:49:22 PM,-2.20
10609,3/24/2024 8:49:38 PM,-2.10
10609,3/24/2024 8:49:44 PM,-1.90
10609,3/24/2024 8:49:54 PM,-1.80
10609,3/24/2024 8:49:58 PM,-1.90
10609,3/24/2024 8:50:19 PM,-2.00
10609,3/24/2024 8:50:40 PM,-1.90
10609,3/24/2024 8:50:57 PM,-2.10
10609,3/24/2024 8:51:11 PM,-2.00
10609,3/24/2024 8:51:24 PM,-2.10
10609,3/24/2024 8:51:49 PM,-1.70
10609,3/24/2024 8:51:52 PM,-2.00
10609,3/24/2024 8:51:56 PM,-1.90
10609,3/24/2024 8:51:59 PM,-2.00
10609,3/24/2024 8:52:24 PM,-2.10
10609,3/24/2024 8:52:27 PM,-2.00
10609,3/24/2024 8:52:31 PM,-2.10
10609,3/24/2024 8:52:38 PM,-2.00
10609,3/24/2024 8:53:02 PM,-1.90
10609,3/24/2024 8:53:12 PM,-2.00
10609,3/24/2024 8:53:22 PM,-1.90
10609,3/24/2024 8:53:27 PM,-2.00
10609,3/24/2024 8:53:30 PM,-1.90
10609,3/24/2024 8:53:46 PM,-2.10
10609,3/24/2024 8:53:52 PM,-2.00
10609,3/24/2024 8:53:58 PM,-2.10
10609,3/24/2024 8:54:31 PM,-1.80
10609,3/24/2024 8:55:02 PM,-2.00
10609,3/24/2024 8:55:09 PM,-1.90
10609,3/24/2024 8:55:16 PM,-2.10
10609,3/24/2024 8:55:49 PM,-1.90
10609,3/24/2024 8:55:53 PM,-2.00
10609,3/24/2024 8:56:07 PM,-2.10
10609,3/24/2024 8:56:10 PM,-2.00
10609,3/24/2024 8:56:30 PM,-2.20
10609,3/24/2024 8:56:52 PM,-2.10
10609,3/24/2024 8:57:07 PM,-1.60
10609,3/24/2024 8:57:11 PM,-1.50
10609,3/24/2024 8:57:26 PM,-1.60
10609,3/24/2024 8:57:40 PM,-1.80
10609,3/24/2024 8:57:43 PM,-1.70
10609,3/24/2024 8:57:45 PM,-2.10
10609,3/24/2024 8:57:57 PM,-1.90
10609,3/24/2024 8:58:09 PM,-1.80
10609,3/24/2024 8:58:29 PM,-2.10
10609,3/24/2024 8:58:33 PM,-2.40
10609,3/24/2024 8:59:00 PM,-2.00
10609,3/24/2024 8:59:06 PM,-1.80
10609,3/24/2024 8:59:26 PM,-2.10
10609,3/24/2024 8:59:40 PM,-2.50
10609,3/24/2024 8:59:46 PM,-2.40
10609,3/24/2024 8:59:58 PM,-2.00
10609,3/24/2024 9:00:11 PM,-1.70
10609,3/24/2024 9:00:23 PM,-1.90
10609,3/24/2024 9:00:27 PM,-1.80
10609,3/24/2024 9:00:39 PM,-2.00
10609,3/24/2024 9:00:43 PM,-1.80
10609,3/24/2024 9:00:50 PM,-1.70
10609,3/24/2024 9:00:54 PM,-1.80
10609,3/24/2024 9:01:15 PM,-1.60
10609,3/24/2024 9:01:22 PM,-1.80
10609,3/24/2024 9:01:36 PM,-2.00
10609,3/24/2024 9:01:46 PM,-1.90
10609,3/24/2024 9:01:49 PM,-1.80
10609,3/24/2024 9:01:57 PM,-1.90
10609,3/24/2024 9:02:01 PM,-1.80
10609,3/24/2024 9:02:09 PM,-1.90
10609,3/24/2024 9:03:15 PM,-2.20
10609,3/24/2024 9:03:19 PM,-2.10
10609,3/24/2024 9:03:35 PM,-2.20
10609,3/24/2024 9:03:46 PM,-2.40
10609,3/24/2024 9:03:57 PM,-2.00
10609,3/24/2024 9:04:02 PM,-1.90
10609,3/24/2024 9:04:11 PM,-2.20
10609,3/24/2024 9:04:34 PM,-2.30
10609,3/24/2024 9:04:37 PM,-2.40
10609,3/24/2024 9:04:41 PM,-2.30
10609,3/24/2024 9:04:59 PM,-2.20
10609,3/24/2024 9:05:06 PM,-2.00
10609,3/24/2024 9:05:36 PM,-2.20
10609,3/24/2024 9:05:47 PM,-2.00
10609,3/24/2024 9:05:50 PM,-2.10
10609,3/24/2024 9:05:53 PM,-2.00
10609,3/24/2024 9:06:00 PM,-2.10
10609,3/24/2024 9:06:27 PM,-1.90
10609,3/24/2024 9:06:38 PM,-1.80
10609,3/24/2024 9:06:52 PM,-2.10
10609,3/24/2024 9:07:04 PM,-2.30
10609,3/24/2024 9:07:10 PM,-2.60
10609,3/24/2024 9:07:13 PM,-2.10
10609,3/24/2024 9:07:26 PM,-2.00
10609,3/24/2024 9:07:31 PM,-2.10
10609,3/24/2024 9:07:46 PM,-1.90
10609,3/24/2024 9:07:57 PM,-2.00
10609,3/24/2024 9:08:13 PM,-1.90
10609,3/24/2024 9:08:34 PM,-2.00
10609,3/24/2024 9:08:45 PM,-2.30
10609,3/24/2024 9:08:52 PM,-2.40
10609,3/24/2024 9:09:08 PM,-2.20
10609,3/24/2024 9:09:20 PM,-2.30
10609,3/24/2024 9:09:39 PM,-2.20
10609,3/24/2024 9:09:50 PM,-2.30
10609,3/24/2024 9:09:57 PM,-2.20
10609,3/24/2024 9:10:20 PM,-2.50
10609,3/24/2024 9:10:26 PM,-2.20
10609,3/24/2024 9:10:30 PM,-2.50
10609,3/24/2024 9:10:33 PM,-2.60
10609,3/24/2024 9:10:38 PM,-2.40
10609,3/24/2024 9:10:59 PM,-2.10
10609,3/24/2024 9:11:10 PM,-2.20
10609,3/24/2024 9:11:16 PM,-2.40
10609,3/24/2024 9:11:19 PM,-2.60
10609,3/24/2024 9:11:29 PM,-2.90
10609,3/24/2024 9:11:37 PM,-3.00
10609,3/24/2024 9:12:20 PM,-2.40
10609,3/24/2024 9:12:24 PM,-2.80
10609,3/24/2024 9:12:28 PM,-2.60
10609,3/24/2024 9:12:57 PM,-2.80
10609,3/24/2024 9:13:09 PM,-2.60
10609,3/24/2024 9:13:22 PM,-2.50
10609,3/24/2024 9:13:34 PM,-2.60
10609,3/24/2024 9:13:55 PM,-2.20
10609,3/24/2024 9:14:09 PM,-2.40
10609,3/24/2024 9:14:45 PM,-2.10
10609,3/24/2024 9:14:50 PM,-1.90
10609,3/24/2024 9:14:59 PM,-2.00
10609,3/24/2024 9:15:11 PM,-1.90
10609,3/24/2024 9:15:25 PM,-1.60
10609,3/24/2024 9:15:29 PM,-1.70
10609,3/24/2024 9:15:33 PM,-1.60
10609,3/24/2024 9:15:36 PM,-1.70
10609,3/24/2024 9:15:53 PM,-1.90
10609,3/24/2024 9:16:21 PM,-1.80
10609,3/24/2024 9:16:49 PM,-2.10
10609,3/24/2024 9:16:59 PM,-2.00
10609,3/24/2024 9:17:02 PM,-1.90
10609,3/24/2024 9:17:11 PM,-1.80
10609,3/24/2024 9:17:14 PM,-1.70
10609,3/24/2024 9:17:18 PM,-1.90
10609,3/24/2024 9:18:08 PM,-1.60
10609,3/24/2024 9:18:11 PM,-1.70
10609,3/24/2024 9:18:19 PM,-1.60
10609,3/24/2024 9:18:27 PM,-1.80
10609,3/24/2024 9:18:43 PM,-1.90
10609,3/24/2024 9:18:46 PM,-2.00
10609,3/24/2024 9:18:50 PM,-1.90
10609,3/24/2024 9:19:09 PM,-1.80
10609,3/24/2024 9:19:17 PM,-1.90
10609,3/24/2024 9:19:31 PM,-1.70
10609,3/24/2024 9:19:42 PM,-1.80
10609,3/24/2024 9:19:46 PM,-1.60
10609,3/24/2024 9:19:50 PM,-1.70
10609,3/24/2024 9:19:52 PM,-1.60
10609,3/24/2024 9:20:30 PM,-1.90
10609,3/24/2024 9:21:02 PM,-1.70
10609,3/24/2024 9:21:06 PM,-1.60
10609,3/24/2024 9:21:13 PM,-1.70
10609,3/24/2024 9:21:17 PM,-0.90
10609,3/24/2024 9:21:21 PM,-1.50
10609,3/24/2024 9:21:23 PM,-1.60
10609,3/24/2024 9:21:35 PM,-1.50
10609,3/24/2024 9:22:03 PM,-1.90
10609,3/24/2024 9:22:18 PM,-1.80
10609,3/24/2024 9:22:22 PM,-1.90
10609,3/24/2024 9:22:32 PM,-1.60
10609,3/24/2024 9:22:41 PM,-1.70
10609,3/24/2024 9:22:45 PM,-1.60
10609,3/24/2024 9:22:48 PM,-1.70
10609,3/24/2024 9:22:54 PM,-1.60
10609,3/24/2024 9:22:59 PM,-1.70
10609,3/24/2024 9:23:03 PM,-1.60
10609,3/24/2024 9:23:17 PM,-1.70
10609,3/24/2024 9:23:21 PM,-1.60
10609,3/24/2024 9:23:24 PM,-1.70
10609,3/24/2024 9:23:31 PM,-1.60
10609,3/24/2024 9:23:38 PM,-1.70
10609,3/24/2024 9:23:49 PM,-1.50
10609,3/24/2024 9:24:18 PM,-1.70
10609,3/24/2024 9:24:23 PM,-2.00
10609,3/24/2024 9:24:25 PM,-1.80
10609,3/24/2024 9:24:29 PM,-1.70
10609,3/24/2024 9:24:38 PM,-1.90
10609,3/24/2024 9:24:53 PM,-1.70
10609,3/24/2024 9:24:56 PM,-1.80
10609,3/24/2024 9:24:59 PM,-1.70
10609,3/24/2024 9:25:06 PM,-1.80
10609,3/24/2024 9:25:23 PM,-1.50
10609,3/24/2024 9:25:33 PM,-1.80
10609,3/24/2024 9:25:36 PM,-1.60
10609,3/24/2024 9:25:43 PM,-1.90
10609,3/24/2024 9:25:55 PM,-1.70
10609,3/24/2024 9:26:10 PM,-1.60
10609,3/24/2024 9:26:25 PM,-1.80
10609,3/24/2024 9:26:42 PM,-1.70
10609,3/24/2024 9:26:45 PM,-1.80
10609,3/24/2024 9:26:58 PM,-1.40
10609,3/24/2024 9:27:19 PM,-1.60
10609,3/24/2024 9:27:34 PM,-1.50
10609,3/24/2024 9:28:05 PM,-1.70
10609,3/24/2024 9:28:09 PM,-1.80
10609,3/24/2024 9:28:22 PM,-1.60
10609,3/24/2024 9:28:39 PM,-1.50
10609,3/24/2024 9:28:57 PM,-1.60
10609,3/24/2024 9:29:23 PM,-1.40
10609,3/24/2024 9:29:34 PM,-1.50
10609,3/24/2024 9:29:40 PM,-1.70
10609,3/24/2024 9:29:43 PM,-1.60
10609,3/24/2024 9:29:59 PM,-1.70
10609,3/24/2024 9:30:01 PM,-1.80
10609,3/24/2024 9:30:22 PM,-2.00
10609,3/24/2024 9:30:29 PM,-1.80
10609,3/24/2024 9:30:32 PM,-1.90
10609,3/24/2024 9:30:46 PM,-2.00
10609,3/24/2024 9:30:57 PM,-1.90
10609,3/24/2024 9:31:08 PM,-2.10
10609,3/24/2024 9:31:12 PM,-2.60
10609,3/24/2024 9:31:16 PM,-2.10
10609,3/24/2024 9:31:33 PM,-2.60
10609,3/24/2024 9:31:36 PM,-2.40
10609,3/24/2024 9:31:50 PM,-2.10
10609,3/24/2024 9:31:56 PM,-1.90
10609,3/24/2024 9:32:01 PM,-2.10
10609,3/24/2024 9:32:19 PM,-2.50
10609,3/24/2024 9:32:34 PM,-2.70
10609,3/24/2024 9:32:58 PM,-2.50
10609,3/24/2024 9:33:00 PM,-2.40
10609,3/24/2024 9:33:11 PM,-2.20
10609,3/24/2024 9:33:41 PM,-2.40
10609,3/24/2024 9:34:00 PM,-2.30
10609,3/24/2024 9:34:07 PM,-2.10
10609,3/24/2024 9:34:16 PM,-2.00
10609,3/24/2024 9:34:42 PM,-2.10
10609,3/24/2024 9:34:58 PM,-2.30
10609,3/24/2024 9:35:00 PM,-2.40
10609,3/24/2024 9:35:14 PM,-2.50
10609,3/24/2024 9:35:28 PM,-2.30
10609,3/24/2024 9:35:48 PM,-1.90
10609,3/24/2024 9:36:02 PM,-2.00
10609,3/24/2024 9:36:13 PM,-2.30
10609,3/24/2024 9:36:18 PM,-2.40
10609,3/24/2024 9:36:20 PM,-2.30
10609,3/24/2024 9:36:28 PM,-2.20
10609,3/24/2024 9:36:32 PM,-2.30
10609,3/24/2024 9:36:39 PM,-2.10
10609,3/24/2024 9:37:00 PM,-2.30
10609,3/24/2024 9:37:04 PM,-2.20
10609,3/24/2024 9:37:08 PM,-2.30
10609,3/24/2024 9:37:12 PM,-2.20
10609,3/24/2024 9:37:16 PM,-2.00
10609,3/24/2024 9:37:19 PM,-2.10
10609,3/24/2024 9:37:33 PM,-2.00
10609,3/24/2024 9:37:49 PM,-2.20
10609,3/24/2024 9:37:59 PM,-2.40
10609,3/24/2024 9:38:36 PM,-2.10
10609,3/24/2024 9:38:46 PM,-2.20
10609,3/24/2024 9:39:05 PM,-2.00
10609,3/24/2024 9:39:08 PM,-2.10
10609,3/24/2024 9:39:10 PM,-2.00
10609,3/24/2024 9:39:25 PM,-2.10
10609,3/24/2024 9:39:29 PM,-1.90
10609,3/24/2024 9:40:15 PM,-2.10
10609,3/24/2024 9:40:18 PM,-2.00
10609,3/24/2024 9:40:28 PM,-1.90
10609,3/24/2024 9:40:38 PM,-2.00
10609,3/24/2024 9:41:21 PM,-2.10
10609,3/24/2024 9:41:40 PM,-1.90
10609,3/24/2024 9:41:49 PM,-2.00
10609,3/24/2024 9:41:56 PM,-1.90
10609,3/24/2024 9:42:05 PM,-2.00
10609,3/24/2024 9:42:15 PM,-1.80
10609,3/24/2024 9:42:21 PM,-1.90
10609,3/24/2024 9:42:40 PM,-1.80
10609,3/24/2024 9:42:44 PM,-1.90
10609,3/24/2024 9:43:00 PM,-1.80
10609,3/24/2024 9:43:09 PM,-1.90
10609,3/24/2024 9:43:42 PM,-2.00
10609,3/24/2024 9:43:45 PM,-1.90
10609,3/24/2024 9:43:53 PM,-2.00
10609,3/24/2024 9:44:13 PM,-1.90
10609,3/24/2024 9:44:17 PM,-1.80
10609,3/24/2024 9:44:21 PM,-1.60
10609,3/24/2024 9:44:24 PM,-0.90
10609,3/24/2024 9:44:28 PM,-1.70
10609,3/24/2024 9:44:32 PM,-1.60
10609,3/24/2024 9:44:34 PM,-0.20
10609,3/24/2024 9:44:39 PM,-1.80
10609,3/24/2024 9:44:46 PM,-1.90
10609,3/24/2024 9:44:51 PM,-1.80
10609,3/24/2024 9:45:03 PM,-2.00
10609,3/24/2024 9:45:08 PM,-1.90
10609,3/24/2024 9:45:11 PM,-2.00
10609,3/24/2024 9:45:32 PM,-1.80
10609,3/24/2024 9:46:03 PM,-2.00
10609,3/24/2024 9:46:10 PM,-1.80
10609,3/24/2024 9:46:24 PM,-2.00
10609,3/24/2024 9:46:33 PM,-1.80
10609,3/24/2024 9:46:39 PM,-2.10
10609,3/24/2024 9:46:57 PM,-2.00
10609,3/24/2024 9:47:03 PM,-1.80
10609,3/24/2024 9:47:10 PM,-1.90
10609,3/24/2024 9:47:36 PM,-1.70
10609,3/24/2024 9:47:40 PM,-1.80
10609,3/24/2024 9:47:43 PM,-1.70
10609,3/24/2024 9:47:53 PM,-1.80
10609,3/24/2024 9:47:56 PM,-1.90
10609,3/24/2024 9:48:23 PM,-1.70
10609,3/24/2024 9:48:42 PM,-1.80
10609,3/24/2024 9:48:46 PM,-1.70
10609,3/24/2024 9:48:49 PM,-1.80
10609,3/24/2024 9:49:35 PM,-1.90
10609,3/24/2024 9:49:43 PM,-2.00
10609,3/24/2024 9:49:46 PM,-1.90
10609,3/24/2024 9:49:50 PM,-2.00
10609,3/24/2024 9:50:01 PM,-1.90
10609,3/24/2024 9:50:04 PM,-2.00
10609,3/24/2024 9:50:28 PM,-1.90
10609,3/24/2024 9:50:55 PM,-1.60
10609,3/24/2024 9:51:45 PM,-1.90
10609,3/24/2024 9:51:51 PM,-2.00
10609,3/24/2024 9:52:11 PM,-2.10
10609,3/24/2024 9:52:15 PM,-2.00
10609,3/24/2024 9:52:30 PM,-1.90
10609,3/24/2024 9:53:28 PM,-1.80
10609,3/24/2024 9:53:36 PM,-1.90
10609,3/24/2024 9:53:47 PM,-1.80
10609,3/24/2024 9:53:51 PM,-1.90
10609,3/24/2024 9:53:57 PM,-1.80
10609,3/24/2024 9:54:01 PM,-1.90
10609,3/24/2024 9:54:06 PM,-1.80
10609,3/24/2024 9:54:14 PM,-1.90
10609,3/24/2024 9:54:19 PM,-1.80
10609,3/24/2024 9:54:24 PM,-1.90
10609,3/24/2024 9:54:28 PM,-1.80
10609,3/24/2024 9:55:16 PM,-1.60
10609,3/24/2024 9:55:19 PM,-1.70
10609,3/24/2024 9:55:46 PM,-1.80
10609,3/24/2024 9:55:57 PM,-1.70
10609,3/24/2024 9:56:07 PM,-1.90
10609,3/24/2024 9:56:18 PM,-1.70
10609,3/24/2024 9:56:35 PM,-1.60
10609,3/24/2024 9:56:38 PM,-1.70
10609,3/24/2024 9:56:48 PM,-1.60
10609,3/24/2024 9:56:57 PM,-1.90
10609,3/24/2024 9:57:11 PM,-2.00
10609,3/24/2024 9:57:18 PM,-1.90
10609,3/24/2024 9:57:23 PM,-2.00
10609,3/24/2024 9:57:40 PM,-1.90
10609,3/24/2024 9:58:02 PM,-2.00
10609,3/24/2024 9:58:05 PM,-1.90
10609,3/24/2024 9:58:08 PM,-2.00
10609,3/24/2024 9:58:24 PM,-1.60
10609,3/24/2024 9:58:35 PM,-1.80
10609,3/24/2024 9:58:38 PM,-1.70
10609,3/24/2024 9:58:58 PM,-1.50
10609,3/24/2024 9:59:17 PM,-1.80
10609,3/24/2024 9:59:25 PM,-1.70
10609,3/24/2024 9:59:33 PM,-2.10
10609,3/24/2024 9:59:36 PM,-1.90
10609,3/24/2024 9:59:42 PM,-2.00
10609,3/24/2024 10:00:14 PM,-1.80
10609,3/24/2024 10:00:25 PM,-1.90
10609,3/24/2024 10:00:27 PM,-2.00
10609,3/24/2024 10:00:34 PM,-2.10
10609,3/24/2024 10:01:00 PM,-1.90
10609,3/24/2024 10:01:08 PM,-1.80
10609,3/24/2024 10:01:18 PM,-2.00
10609,3/24/2024 10:01:22 PM,-1.90
10609,3/24/2024 10:01:40 PM,-2.10
10609,3/24/2024 10:01:43 PM,-1.90
10609,3/24/2024 10:01:54 PM,-1.80
10609,3/24/2024 10:02:05 PM,-2.00
10609,3/24/2024 10:02:07 PM,-2.10
10609,3/24/2024 10:02:20 PM,-1.90
10609,3/24/2024 10:02:25 PM,-2.70
10609,3/24/2024 10:02:29 PM,-2.00
10609,3/24/2024 10:02:32 PM,-2.10
10609,3/24/2024 10:03:10 PM,-2.30
10609,3/24/2024 10:03:29 PM,-2.00
10609,3/24/2024 10:03:36 PM,-2.20
10609,3/24/2024 10:03:40 PM,-2.10
10609,3/24/2024 10:03:48 PM,-2.40
10609,3/24/2024 10:04:03 PM,-2.10
10609,3/24/2024 10:04:14 PM,-2.20
10609,3/24/2024 10:04:18 PM,-2.10
10609,3/24/2024 10:04:22 PM,-2.20
10609,3/24/2024 10:04:26 PM,-2.10
10609,3/24/2024 10:04:44 PM,-2.20
10609,3/24/2024 10:04:52 PM,-2.10
10609,3/24/2024 10:04:56 PM,-2.20
10609,3/24/2024 10:05:10 PM,-1.90
10609,3/24/2024 10:05:14 PM,-1.20
10609,3/24/2024 10:05:18 PM,-1.90
10609,3/24/2024 10:05:22 PM,-2.90
10609,3/24/2024 10:05:25 PM,-2.00
10609,3/24/2024 10:05:28 PM,-2.10
10609,3/24/2024 10:05:30 PM,-2.00
10609,3/24/2024 10:05:57 PM,-2.20
10609,3/24/2024 10:06:00 PM,-2.00
10609,3/24/2024 10:06:16 PM,-2.20
10609,3/24/2024 10:06:24 PM,-2.40
10609,3/24/2024 10:06:42 PM,-2.30
10609,3/24/2024 10:07:01 PM,-2.40
10609,3/24/2024 10:07:11 PM,-2.30
10609,3/24/2024 10:07:26 PM,-2.40
10609,3/24/2024 10:07:38 PM,-2.30
10609,3/24/2024 10:07:49 PM,-2.40
10609,3/24/2024 10:07:52 PM,-2.30
10609,3/24/2024 10:08:04 PM,-2.20
10609,3/24/2024 10:08:08 PM,-2.30
10609,3/24/2024 10:08:19 PM,-2.20
10609,3/24/2024 10:08:21 PM,-2.30
10609,3/24/2024 10:08:38 PM,-2.40
10609,3/24/2024 10:08:44 PM,-2.30
10609,3/24/2024 10:09:06 PM,-2.50
10609,3/24/2024 10:09:26 PM,-2.30
10609,3/24/2024 10:09:54 PM,-2.40
10609,3/24/2024 10:10:30 PM,-2.20
10609,3/24/2024 10:10:33 PM,-2.40
10609,3/24/2024 10:10:36 PM,-2.20
10609,3/24/2024 10:10:38 PM,-2.40
10609,3/24/2024 10:10:51 PM,-2.60
10609,3/24/2024 10:11:07 PM,-2.40
10609,3/24/2024 10:11:13 PM,-2.10
10609,3/24/2024 10:11:31 PM,-2.40
10609,3/24/2024 10:11:55 PM,-2.30
10609,3/24/2024 10:11:57 PM,-2.40
10609,3/24/2024 10:12:03 PM,-2.50
10609,3/24/2024 10:12:13 PM,-2.30
10609,3/24/2024 10:12:17 PM,-2.40
10609,3/24/2024 10:12:19 PM,-2.30
10609,3/24/2024 10:12:43 PM,-2.20
10609,3/24/2024 10:12:49 PM,-2.10
10609,3/24/2024 10:13:12 PM,-2.30
10609,3/24/2024 10:13:15 PM,-2.40
10609,3/24/2024 10:13:19 PM,-2.30
10609,3/24/2024 10:13:36 PM,-2.20
10609,3/24/2024 10:13:43 PM,-2.30
10609,3/24/2024 10:13:50 PM,-2.10
10609,3/24/2024 10:14:02 PM,-2.00
10609,3/24/2024 10:14:31 PM,-2.20
10609,3/24/2024 10:14:39 PM,-2.00
10609,3/24/2024 10:14:41 PM,-2.10
10609,3/24/2024 10:15:10 PM,-2.30
10609,3/24/2024 10:15:28 PM,-2.20
10609,3/24/2024 10:15:32 PM,-2.30
10609,3/24/2024 10:15:49 PM,-2.20
10609,3/24/2024 10:16:15 PM,-2.40
10609,3/24/2024 10:16:30 PM,-2.20
10609,3/24/2024 10:17:01 PM,-2.10
10609,3/24/2024 10:17:27 PM,-2.30
10609,3/24/2024 10:17:37 PM,-2.20
10609,3/24/2024 10:17:51 PM,-2.30
10609,3/24/2024 10:18:08 PM,-2.20
10609,3/24/2024 10:18:31 PM,-2.30
10609,3/24/2024 10:18:37 PM,-2.20
10609,3/24/2024 10:18:47 PM,-2.30
10609,3/24/2024 10:19:41 PM,-2.00
10609,3/24/2024 10:19:44 PM,-1.90
10609,3/24/2024 10:20:05 PM,-2.10
10609,3/24/2024 10:20:09 PM,-2.20
10609,3/24/2024 10:20:29 PM,-2.10
10609,3/24/2024 10:20:38 PM,-2.20
10609,3/24/2024 10:20:40 PM,-2.10
10609,3/24/2024 10:20:42 PM,-2.20
10609,3/24/2024 10:21:20 PM,-2.50
10609,3/24/2024 10:21:35 PM,-2.20
10609,3/24/2024 10:21:40 PM,-2.30
10609,3/24/2024 10:21:55 PM,-2.20
10609,3/24/2024 10:21:58 PM,-2.30
10609,3/24/2024 10:22:13 PM,-2.40
10609,3/24/2024 10:22:16 PM,-2.30
10609,3/24/2024 10:22:21 PM,-2.40
10609,3/24/2024 10:22:59 PM,-2.30
10609,3/24/2024 10:23:08 PM,-2.40
10609,3/24/2024 10:23:45 PM,-2.50
10609,3/24/2024 10:23:49 PM,-2.40
10609,3/24/2024 10:24:14 PM,-2.60
10609,3/24/2024 10:24:22 PM,-2.50
10609,3/24/2024 10:24:25 PM,-2.60
10609,3/24/2024 10:24:41 PM,-2.40
10609,3/24/2024 10:24:44 PM,-2.50
10609,3/24/2024 10:24:54 PM,-2.40
10609,3/24/2024 10:25:38 PM,-2.50
10609,3/24/2024 10:25:47 PM,-2.40
10609,3/24/2024 10:26:13 PM,-2.60
10609,3/24/2024 10:26:16 PM,-2.50
10609,3/24/2024 10:26:38 PM,-2.40
10609,3/24/2024 10:26:48 PM,-2.50
10609,3/24/2024 10:26:51 PM,-2.40
10609,3/24/2024 10:27:18 PM,-2.20
10609,3/24/2024 10:27:26 PM,-2.30
10609,3/24/2024 10:27:30 PM,-2.20
10609,3/24/2024 10:27:45 PM,-2.30
10609,3/24/2024 10:27:48 PM,-2.20
10609,3/24/2024 10:27:52 PM,-2.30
10609,3/24/2024 10:27:55 PM,-2.20
10609,3/24/2024 10:28:11 PM,-2.40
10609,3/24/2024 10:28:15 PM,-2.20
10609,3/24/2024 10:28:21 PM,-2.10
10609,3/24/2024 10:28:44 PM,-2.00
10609,3/24/2024 10:28:47 PM,-2.10
10609,3/24/2024 10:29:27 PM,-2.20
10609,3/24/2024 10:29:35 PM,-2.10
10609,3/24/2024 10:29:39 PM,-2.20
10609,3/24/2024 10:29:45 PM,-2.10
10609,3/24/2024 10:29:47 PM,-2.00
10609,3/24/2024 10:29:54 PM,-2.10
10609,3/24/2024 10:30:02 PM,-2.00
10609,3/24/2024 10:30:08 PM,-1.80
10609,3/24/2024 10:30:13 PM,-2.00
10609,3/24/2024 10:30:16 PM,-1.90
10609,3/24/2024 10:30:27 PM,-2.10
10609,3/24/2024 10:30:33 PM,-2.00
10609,3/24/2024 10:30:51 PM,-2.30
10609,3/24/2024 10:31:24 PM,-2.50
10609,3/24/2024 10:31:30 PM,-2.60
10609,3/24/2024 10:31:37 PM,-2.30
10609,3/24/2024 10:31:48 PM,-2.10
10609,3/24/2024 10:31:52 PM,-2.40
10609,3/24/2024 10:31:55 PM,-2.30
10609,3/24/2024 10:32:05 PM,-2.50
10609,3/24/2024 10:32:10 PM,-2.70
10609,3/24/2024 10:32:17 PM,-2.50
10609,3/24/2024 10:32:20 PM,-2.20
10609,3/24/2024 10:32:39 PM,-2.40
10609,3/24/2024 10:32:45 PM,-2.30
10609,3/24/2024 10:32:51 PM,-2.50
10609,3/24/2024 10:33:04 PM,-2.30
10609,3/24/2024 10:33:08 PM,-2.50
10609,3/24/2024 10:33:19 PM,-2.30
10609,3/24/2024 10:33:47 PM,-2.10
10609,3/24/2024 10:34:02 PM,-2.30
10609,3/24/2024 10:34:06 PM,-2.20
10609,3/24/2024 10:34:22 PM,-2.10
10609,3/24/2024 10:34:25 PM,-2.20
10609,3/24/2024 10:35:10 PM,-1.60
10609,3/24/2024 10:35:24 PM,-1.80
10609,3/24/2024 10:35:28 PM,-1.70
10609,3/24/2024 10:35:38 PM,-1.90
10609,3/24/2024 10:35:42 PM,-1.80
10609,3/24/2024 10:35:46 PM,-1.90
10609,3/24/2024 10:35:52 PM,-1.70
10609,3/24/2024 10:35:56 PM,-1.80
10609,3/24/2024 10:36:08 PM,-1.90
10609,3/24/2024 10:36:12 PM,-2.00
10609,3/24/2024 10:36:29 PM,-2.10
10609,3/24/2024 10:36:52 PM,-2.00
10609,3/24/2024 10:36:59 PM,-2.10
10609,3/24/2024 10:37:31 PM,-1.80
10609,3/24/2024 10:37:47 PM,-2.10
10609,3/24/2024 10:38:02 PM,-2.00
10609,3/24/2024 10:38:09 PM,-2.20
10609,3/24/2024 10:38:17 PM,-2.30
10609,3/24/2024 10:38:20 PM,-2.20
10609,3/24/2024 10:38:28 PM,-2.30
10609,3/24/2024 10:38:45 PM,-2.10
10609,3/24/2024 10:38:50 PM,-2.20
10609,3/24/2024 10:39:30 PM,-1.90
10609,3/24/2024 10:39:36 PM,-2.10
10609,3/24/2024 10:39:40 PM,-2.00
10609,3/24/2024 10:39:54 PM,-2.20
10609,3/24/2024 10:39:58 PM,-2.10
10609,3/24/2024 10:40:05 PM,-2.20
10609,3/24/2024 10:40:11 PM,-2.00
10609,3/24/2024 10:40:24 PM,-1.90
10609,3/24/2024 10:40:30 PM,-2.00
10609,3/24/2024 10:40:55 PM,-2.10
10609,3/24/2024 10:41:04 PM,-1.80
10609,3/24/2024 10:41:07 PM,-1.90
10609,3/24/2024 10:41:20 PM,-1.80
10609,3/24/2024 10:41:54 PM,-2.00
10609,3/24/2024 10:42:10 PM,-1.70
10609,3/24/2024 10:42:17 PM,-2.00
10609,3/24/2024 10:42:21 PM,-1.90
10609,3/24/2024 10:42:24 PM,-2.00
10609,3/24/2024 10:42:27 PM,-1.90
10609,3/24/2024 10:42:41 PM,-2.00
10609,3/24/2024 10:42:56 PM,-1.90
10609,3/24/2024 10:43:37 PM,-2.10
10609,3/24/2024 10:43:46 PM,-1.90
10609,3/24/2024 10:43:50 PM,-2.00
10609,3/24/2024 10:44:07 PM,-1.90
10609,3/24/2024 10:44:10 PM,-1.60
10609,3/24/2024 10:44:13 PM,-2.20
10609,3/24/2024 10:44:17 PM,-2.00
10609,3/24/2024 10:44:32 PM,-1.80
10609,3/24/2024 10:44:35 PM,-1.90
10609,3/24/2024 10:44:38 PM,-1.80
10609,3/24/2024 10:44:49 PM,-1.90
10609,3/24/2024 10:44:58 PM,-1.80
10609,3/24/2024 10:45:01 PM,-1.60
10609,3/24/2024 10:45:08 PM,-1.90
10609,3/24/2024 10:45:22 PM,-2.00
10609,3/24/2024 10:45:33 PM,-1.90
10609,3/24/2024 10:45:39 PM,-2.00
10609,3/24/2024 10:45:48 PM,-1.90
10609,3/24/2024 10:45:52 PM,-2.00
10609,3/24/2024 10:45:55 PM,-1.90
10609,3/24/2024 10:46:10 PM,-2.10
10609,3/24/2024 10:46:36 PM,-1.90
10609,3/24/2024 10:46:42 PM,-1.80
10609,3/24/2024 10:46:45 PM,-1.90
10609,3/24/2024 10:46:50 PM,-1.80
10609,3/24/2024 10:47:07 PM,-2.00
10609,3/24/2024 10:47:10 PM,-2.10
10609,3/24/2024 10:47:29 PM,-2.20
10609,3/24/2024 10:47:39 PM,-2.00
10609,3/24/2024 10:47:58 PM,-2.10
10609,3/24/2024 10:48:44 PM,-1.80
10609,3/24/2024 10:49:19 PM,-2.10
10609,3/24/2024 10:49:24 PM,-2.00
10609,3/24/2024 10:49:30 PM,-2.10
10609,3/24/2024 10:49:34 PM,-2.00
10609,3/24/2024 10:49:41 PM,-2.30
10609,3/24/2024 10:49:44 PM,-2.10
10609,3/24/2024 10:50:17 PM,-1.70
10609,3/24/2024 10:50:20 PM,-1.80
10609,3/24/2024 10:50:23 PM,-1.70
10609,3/24/2024 10:50:25 PM,-1.80
10609,3/24/2024 10:50:43 PM,-1.90
10609,3/24/2024 10:51:02 PM,-1.80
10609,3/24/2024 10:51:04 PM,-1.90
10609,3/24/2024 10:51:12 PM,-2.00
10609,3/24/2024 10:51:17 PM,-1.90
10609,3/24/2024 10:51:32 PM,-1.80
10609,3/24/2024 10:52:08 PM,-1.90
10609,3/24/2024 10:52:15 PM,-1.80
10609,3/24/2024 10:52:22 PM,-1.90
10609,3/24/2024 10:52:29 PM,-1.80
10609,3/24/2024 10:52:37 PM,-1.90
10609,3/24/2024 10:53:11 PM,-1.70
10609,3/24/2024 10:53:42 PM,-2.10
10609,3/24/2024 10:53:51 PM,-2.00
10609,3/24/2024 10:53:57 PM,-2.10
10609,3/24/2024 10:54:02 PM,-2.00
10609,3/24/2024 10:54:12 PM,-2.20
10609,3/24/2024 10:54:25 PM,-2.10
10609,3/24/2024 10:54:48 PM,-2.20
10609,3/24/2024 10:55:06 PM,-2.10
10609,3/24/2024 10:55:12 PM,-2.20
10609,3/24/2024 10:55:15 PM,-2.10
10609,3/24/2024 10:55:59 PM,-1.80
10609,3/24/2024 10:56:10 PM,-2.10
10609,3/24/2024 10:56:12 PM,-2.00
10609,3/24/2024 10:56:27 PM,-2.20
10609,3/24/2024 10:56:49 PM,-2.00
10609,3/24/2024 10:56:56 PM,-2.20
10609,3/24/2024 10:56:58 PM,-2.10
10609,3/24/2024 10:57:27 PM,-2.20
10609,3/24/2024 10:57:29 PM,-2.00
10609,3/24/2024 10:57:37 PM,-2.20
10609,3/24/2024 10:57:44 PM,-2.10
10609,3/24/2024 10:57:47 PM,-2.20
10609,3/24/2024 10:58:00 PM,-2.10
10609,3/24/2024 10:58:09 PM,-1.90
10609,3/24/2024 10:58:32 PM,-1.70
10609,3/24/2024 10:58:54 PM,-1.90
10609,3/24/2024 10:58:57 PM,-2.10
10609,3/24/2024 10:59:11 PM,-2.20
10609,3/24/2024 10:59:22 PM,-2.00
10609,3/24/2024 10:59:25 PM,-2.10
10609,3/24/2024 10:59:29 PM,-2.00
10609,3/24/2024 10:59:32 PM,-2.10
10609,3/24/2024 10:59:42 PM,-2.20
10609,3/24/2024 10:59:48 PM,-2.00
10609,3/24/2024 10:59:55 PM,-2.10
10609,3/24/2024 11:00:00 PM,-2.00
10609,3/24/2024 11:00:17 PM,-2.20
10609,3/24/2024 11:00:21 PM,-2.10
10609,3/24/2024 11:00:38 PM,-2.40
10609,3/24/2024 11:00:59 PM,-2.30
10609,3/24/2024 11:01:07 PM,-2.40
10609,3/24/2024 11:01:10 PM,-2.20
10609,3/24/2024 11:01:21 PM,-2.40
10609,3/24/2024 11:01:32 PM,-2.30
10609,3/24/2024 11:01:42 PM,-2.00
10609,3/24/2024 11:01:49 PM,-2.20
10609,3/24/2024 11:02:12 PM,-2.30
10609,3/24/2024 11:02:20 PM,-2.10
10609,3/24/2024 11:02:46 PM,-2.30
10609,3/24/2024 11:02:51 PM,-2.20
10609,3/24/2024 11:03:10 PM,-2.40
10609,3/24/2024 11:03:15 PM,-2.30
10609,3/24/2024 11:03:29 PM,-2.40
10609,3/24/2024 11:03:32 PM,-2.30
10609,3/24/2024 11:03:36 PM,-2.40
10609,3/24/2024 11:04:00 PM,-2.30
10609,3/24/2024 11:04:04 PM,-2.10
10609,3/24/2024 11:04:09 PM,-2.00
10609,3/24/2024 11:04:15 PM,-2.10
10609,3/24/2024 11:04:19 PM,-2.00
10609,3/24/2024 11:04:32 PM,-1.90
10609,3/24/2024 11:04:36 PM,-1.80
10609,3/24/2024 11:04:50 PM,-2.00
10609,3/24/2024 11:05:31 PM,-1.90
10609,3/24/2024 11:05:52 PM,-2.20
10609,3/24/2024 11:06:01 PM,-2.10
10609,3/24/2024 11:06:04 PM,-2.20
10609,3/24/2024 11:06:11 PM,-2.00
10609,3/24/2024 11:06:16 PM,-2.20
10609,3/24/2024 11:06:19 PM,-2.60
10609,3/24/2024 11:06:23 PM,-2.20
10609,3/24/2024 11:06:34 PM,-1.90
10609,3/24/2024 11:06:37 PM,-1.70
10609,3/24/2024 11:06:47 PM,-1.60
10609,3/24/2024 11:06:53 PM,-1.80
10609,3/24/2024 11:07:11 PM,-2.10
10609,3/24/2024 11:08:02 PM,-2.40
10609,3/24/2024 11:08:14 PM,-2.70
10609,3/24/2024 11:08:14 PM,-2.70
10609,3/24/2024 11:08:18 PM,-2.50
10609,3/24/2024 11:08:18 PM,-2.50
10609,3/24/2024 11:08:22 PM,-2.60
10609,3/24/2024 11:08:22 PM,-2.60
10609,3/24/2024 11:08:37 PM,-2.50
10609,3/24/2024 11:08:37 PM,-2.50
10609,3/24/2024 11:08:48 PM,-2.20
10609,3/24/2024 11:08:48 PM,-2.20
10609,3/24/2024 11:08:58 PM,-2.50
10609,3/24/2024 11:08:58 PM,-2.50
10609,3/24/2024 11:09:03 PM,-2.40
10609,3/24/2024 11:09:03 PM,-2.40
10609,3/24/2024 11:09:18 PM,-2.60
10609,3/24/2024 11:09:18 PM,-2.60
10609,3/24/2024 11:09:25 PM,-2.40
10609,3/24/2024 11:09:25 PM,-2.40
10609,3/24/2024 11:09:44 PM,-2.60
10609,3/24/2024 11:09:44 PM,-2.60
10609,3/24/2024 11:09:53 PM,-2.50
10609,3/24/2024 11:09:53 PM,-2.50
10609,3/24/2024 11:09:58 PM,-2.30
10609,3/24/2024 11:09:58 PM,-2.30
10609,3/24/2024 11:10:04 PM,-2.20
10609,3/24/2024 11:10:04 PM,-2.20
10609,3/24/2024 11:10:16 PM,-2.60
10609,3/24/2024 11:10:16 PM,-2.60
10609,3/24/2024 11:10:18 PM,-2.80
10609,3/24/2024 11:10:18 PM,-2.80
10609,3/24/2024 11:10:26 PM,-3.10
10609,3/24/2024 11:10:26 PM,-3.10
10609,3/24/2024 11:10:59 PM,-2.80
10609,3/24/2024 11:10:59 PM,-2.80
10609,3/24/2024 11:11:03 PM,-2.70
10609,3/24/2024 11:11:03 PM,-2.70
10609,3/24/2024 11:11:16 PM,-2.60
10609,3/24/2024 11:11:16 PM,-2.60
10609,3/24/2024 11:11:43 PM,-2.20
10609,3/24/2024 11:11:43 PM,-2.20
10609,3/24/2024 11:11:51 PM,-2.30
10609,3/24/2024 11:11:51 PM,-2.30
10609,3/24/2024 11:11:54 PM,-2.20
10609,3/24/2024 11:11:54 PM,-2.20
10609,3/24/2024 11:11:58 PM,-2.40
10609,3/24/2024 11:11:58 PM,-2.40
10609,3/24/2024 11:12:11 PM,-2.50
10609,3/24/2024 11:12:11 PM,-2.50
10609,3/24/2024 11:12:15 PM,-2.70
10609,3/24/2024 11:12:15 PM,-2.70
10609,3/24/2024 11:12:22 PM,-2.80
10609,3/24/2024 11:12:22 PM,-2.80
10609,3/24/2024 11:12:26 PM,-2.60
10609,3/24/2024 11:12:26 PM,-2.60
10609,3/24/2024 11:12:30 PM,-2.80
10609,3/24/2024 11:12:30 PM,-2.80
10609,3/24/2024 11:12:47 PM,-2.50
10609,3/24/2024 11:12:47 PM,-2.50
10609,3/24/2024 11:12:50 PM,-2.30
10609,3/24/2024 11:12:50 PM,-2.30
10609,3/24/2024 11:12:53 PM,-2.40
10609,3/24/2024 11:12:53 PM,-2.40
10609,3/24/2024 11:12:58 PM,-2.30
10609,3/24/2024 11:12:58 PM,-2.30
10609,3/24/2024 11:13:03 PM,-2.40
10609,3/24/2024 11:13:03 PM,-2.40
10609,3/24/2024 11:13:07 PM,-2.30
10609,3/24/2024 11:13:07 PM,-2.30
10609,3/24/2024 11:13:15 PM,-2.40
10609,3/24/2024 11:13:15 PM,-2.40
10609,3/24/2024 11:13:18 PM,-2.30
10609,3/24/2024 11:13:18 PM,-2.30
10609,3/24/2024 11:13:57 PM,-2.10
10609,3/24/2024 11:13:57 PM,-2.10
10609,3/24/2024 11:14:01 PM,-2.30
10609,3/24/2024 11:14:01 PM,-2.30
10609,3/24/2024 11:14:05 PM,-2.20
10609,3/24/2024 11:14:05 PM,-2.20
10609,3/24/2024 11:14:16 PM,-2.50
10609,3/24/2024 11:14:16 PM,-2.50
10609,3/24/2024 11:14:19 PM,-2.20
10609,3/24/2024 11:14:19 PM,-2.20
10609,3/24/2024 11:14:26 PM,-2.50
10609,3/24/2024 11:14:26 PM,-2.50
10609,3/24/2024 11:14:28 PM,-2.40
10609,3/24/2024 11:14:28 PM,-2.40
10609,3/24/2024 11:14:30 PM,-2.20
10609,3/24/2024 11:14:30 PM,-2.20
10609,3/24/2024 11:14:34 PM,-2.10
10609,3/24/2024 11:14:34 PM,-2.10
10609,3/24/2024 11:14:41 PM,-2.20
10609,3/24/2024 11:14:41 PM,-2.20
10609,3/24/2024 11:14:50 PM,-2.10
10609,3/24/2024 11:14:50 PM,-2.10
10609,3/24/2024 11:14:53 PM,-2.00
10609,3/24/2024 11:14:53 PM,-2.00
10609,3/24/2024 11:15:09 PM,-2.20
10609,3/24/2024 11:15:09 PM,-2.20
10609,3/24/2024 11:15:22 PM,-2.50
10609,3/24/2024 11:15:22 PM,-2.50
10609,3/24/2024 11:15:34 PM,-2.40
10609,3/24/2024 11:15:34 PM,-2.40
10609,3/24/2024 11:15:37 PM,-2.50
10609,3/24/2024 11:15:37 PM,-2.50
10609,3/24/2024 11:15:40 PM,-2.30
10609,3/24/2024 11:15:40 PM,-2.30
10609,3/24/2024 11:15:43 PM,-2.40
10609,3/24/2024 11:15:43 PM,-2.40
10609,3/24/2024 11:16:07 PM,-2.50
10609,3/24/2024 11:16:07 PM,-2.50
10609,3/24/2024 11:16:11 PM,-2.40
10609,3/24/2024 11:16:11 PM,-2.40
10609,3/24/2024 11:16:28 PM,-2.30
10609,3/24/2024 11:16:28 PM,-2.30
10609,3/24/2024 11:16:40 PM,-2.40
10609,3/24/2024 11:16:40 PM,-2.40
10609,3/24/2024 11:16:43 PM,-2.30
10609,3/24/2024 11:16:43 PM,-2.30
10609,3/24/2024 11:17:04 PM,-2.60
10609,3/24/2024 11:17:04 PM,-2.60
10609,3/24/2024 11:17:11 PM,-2.50
10609,3/24/2024 11:17:11 PM,-2.50
10609,3/24/2024 11:17:17 PM,-2.60
10609,3/24/2024 11:17:17 PM,-2.60
10609,3/24/2024 11:17:48 PM,-2.50
10609,3/24/2024 11:17:48 PM,-2.50
10609,3/24/2024 11:17:51 PM,-2.70
10609,3/24/2024 11:17:51 PM,-2.70
10609,3/24/2024 11:18:05 PM,-2.80
10609,3/24/2024 11:18:05 PM,-2.80
10609,3/24/2024 11:18:15 PM,-2.70
10609,3/24/2024 11:18:15 PM,-2.70
10609,3/24/2024 11:18:19 PM,-2.80
10609,3/24/2024 11:18:19 PM,-2.80
10609,3/24/2024 11:18:36 PM,-2.70
10609,3/24/2024 11:18:36 PM,-2.70
10609,3/24/2024 11:18:40 PM,-2.80
10609,3/24/2024 11:18:40 PM,-2.80
10609,3/24/2024 11:18:55 PM,-2.90
10609,3/24/2024 11:18:55 PM,-2.90
10609,3/24/2024 11:18:58 PM,-2.80
10609,3/24/2024 11:18:58 PM,-2.80
10609,3/24/2024 11:19:02 PM,-2.90
10609,3/24/2024 11:19:02 PM,-2.90
10609,3/24/2024 11:19:14 PM,-2.70
10609,3/24/2024 11:19:14 PM,-2.70
10609,3/24/2024 11:19:24 PM,-2.80
10609,3/24/2024 11:19:24 PM,-2.80
10609,3/24/2024 11:19:33 PM,-2.60
10609,3/24/2024 11:19:33 PM,-2.60
10609,3/24/2024 11:19:44 PM,-2.50
10609,3/24/2024 11:19:44 PM,-2.50
10609,3/24/2024 11:19:50 PM,-2.70
10609,3/24/2024 11:19:50 PM,-2.70
10609,3/24/2024 11:20:09 PM,-2.90
10609,3/24/2024 11:20:09 PM,-2.90
10609,3/24/2024 11:20:11 PM,-2.80
10609,3/24/2024 11:20:11 PM,-2.80
10609,3/24/2024 11:20:55 PM,-2.70
10609,3/24/2024 11:20:55 PM,-2.70
10609,3/24/2024 11:20:58 PM,-2.60
10609,3/24/2024 11:20:58 PM,-2.60
10609,3/24/2024 11:21:01 PM,-2.70
10609,3/24/2024 11:21:01 PM,-2.70
10609,3/24/2024 11:21:12 PM,-2.80
10609,3/24/2024 11:21:12 PM,-2.80
10609,3/24/2024 11:21:31 PM,-2.50
10609,3/24/2024 11:21:31 PM,-2.50
10609,3/24/2024 11:21:35 PM,-2.40
10609,3/24/2024 11:21:35 PM,-2.40
10609,3/24/2024 11:21:45 PM,-2.50
10609,3/24/2024 11:21:45 PM,-2.50
10609,3/24/2024 11:21:56 PM,-2.40
10609,3/24/2024 11:21:56 PM,-2.40
10609,3/24/2024 11:21:58 PM,-2.50
10609,3/24/2024 11:21:58 PM,-2.50
10609,3/24/2024 11:22:05 PM,-2.40
10609,3/24/2024 11:22:05 PM,-2.40
10609,3/24/2024 11:22:10 PM,-2.50
10609,3/24/2024 11:22:10 PM,-2.50
10609,3/24/2024 11:22:17 PM,-2.40
10609,3/24/2024 11:22:17 PM,-2.40
10609,3/24/2024 11:22:21 PM,-2.50
10609,3/24/2024 11:22:21 PM,-2.50
10609,3/24/2024 11:22:24 PM,-2.40
10609,3/24/2024 11:22:24 PM,-2.40
10609,3/24/2024 11:23:10 PM,-2.60
10609,3/24/2024 11:23:10 PM,-2.60
10609,3/24/2024 11:23:21 PM,-2.50
10609,3/24/2024 11:23:21 PM,-2.50
10609,3/24/2024 11:23:54 PM,-2.60
10609,3/24/2024 11:23:54 PM,-2.60
10609,3/24/2024 11:23:56 PM,-2.70
10609,3/24/2024 11:23:56 PM,-2.70
10609,3/24/2024 11:24:07 PM,-2.60
10609,3/24/2024 11:24:07 PM,-2.60
10609,3/24/2024 11:24:17 PM,-2.80
10609,3/24/2024 11:24:17 PM,-2.80
10609,3/24/2024 11:24:21 PM,-2.70
10609,3/24/2024 11:24:21 PM,-2.70
10609,3/24/2024 11:24:24 PM,-2.80
10609,3/24/2024 11:24:24 PM,-2.80
10609,3/24/2024 11:24:35 PM,-2.60
10609,3/24/2024 11:24:35 PM,-2.60
10609,3/24/2024 11:24:47 PM,-2.70
10609,3/24/2024 11:24:47 PM,-2.70
10609,3/24/2024 11:25:40 PM,-2.80
10609,3/24/2024 11:25:40 PM,-2.80
10609,3/24/2024 11:25:42 PM,-2.70
10609,3/24/2024 11:25:42 PM,-2.70
10609,3/24/2024 11:25:45 PM,-2.80
10609,3/24/2024 11:25:45 PM,-2.80
10609,3/24/2024 11:25:48 PM,-2.70
10609,3/24/2024 11:25:48 PM,-2.70
10609,3/24/2024 11:25:54 PM,-2.90
10609,3/24/2024 11:25:54 PM,-2.90
10609,3/24/2024 11:26:20 PM,-3.00
10609,3/24/2024 11:26:20 PM,-3.00
10609,3/24/2024 11:26:23 PM,-2.90
10609,3/24/2024 11:26:23 PM,-2.90
10609,3/24/2024 11:26:36 PM,-3.00
10609,3/24/2024 11:26:36 PM,-3.00
10609,3/24/2024 11:26:51 PM,-2.90
10609,3/24/2024 11:26:51 PM,-2.90
10609,3/24/2024 11:26:53 PM,-3.00
10609,3/24/2024 11:26:53 PM,-3.00
10609,3/24/2024 11:26:56 PM,-2.80
10609,3/24/2024 11:26:56 PM,-2.80
10609,3/24/2024 11:27:28 PM,-2.70
10609,3/24/2024 11:27:28 PM,-2.70
10609,3/24/2024 11:27:40 PM,-2.80
10609,3/24/2024 11:27:40 PM,-2.80
10609,3/24/2024 11:27:58 PM,-2.50
10609,3/24/2024 11:27:58 PM,-2.50
10609,3/24/2024 11:28:01 PM,-2.60
10609,3/24/2024 11:28:01 PM,-2.60
10609,3/24/2024 11:28:15 PM,-2.70
10609,3/24/2024 11:28:15 PM,-2.70
10609,3/24/2024 11:28:18 PM,-2.60
10609,3/24/2024 11:28:18 PM,-2.60
10609,3/24/2024 11:28:22 PM,-2.70
10609,3/24/2024 11:28:22 PM,-2.70
10609,3/24/2024 11:28:25 PM,-2.60
10609,3/24/2024 11:28:25 PM,-2.60
10609,3/24/2024 11:28:44 PM,-2.50
10609,3/24/2024 11:28:44 PM,-2.50
10609,3/24/2024 11:28:47 PM,-2.60
10609,3/24/2024 11:28:47 PM,-2.60
10609,3/24/2024 11:28:51 PM,-2.50
10609,3/24/2024 11:28:51 PM,-2.50
10609,3/24/2024 11:28:54 PM,-2.60
10609,3/24/2024 11:28:54 PM,-2.60
10609,3/24/2024 11:28:58 PM,-2.50
10609,3/24/2024 11:28:58 PM,-2.50
10609,3/24/2024 11:29:29 PM,-2.40
10609,3/24/2024 11:29:29 PM,-2.40
10609,3/24/2024 11:29:46 PM,-2.60
10609,3/24/2024 11:29:46 PM,-2.60
10609,3/24/2024 11:29:50 PM,-2.80
10609,3/24/2024 11:29:50 PM,-2.80
10609,3/24/2024 11:30:07 PM,-2.90
10609,3/24/2024 11:30:07 PM,-2.90
10609,3/24/2024 11:30:15 PM,-2.80
10609,3/24/2024 11:30:15 PM,-2.80
10609,3/24/2024 11:30:28 PM,-2.90
10609,3/24/2024 11:30:28 PM,-2.90
10609,3/24/2024 11:30:40 PM,-2.80
10609,3/24/2024 11:30:40 PM,-2.80
10609,3/24/2024 11:31:02 PM,-2.90
10609,3/24/2024 11:31:02 PM,-2.90
10609,3/24/2024 11:31:09 PM,-3.00
10609,3/24/2024 11:31:09 PM,-3.00
10609,3/24/2024 11:31:13 PM,-2.90
10609,3/24/2024 11:31:13 PM,-2.90
10609,3/24/2024 11:31:30 PM,-2.80
10609,3/24/2024 11:31:30 PM,-2.80
10609,3/24/2024 11:31:39 PM,-2.90
10609,3/24/2024 11:31:39 PM,-2.90
10609,3/24/2024 11:31:43 PM,-2.70
10609,3/24/2024 11:31:43 PM,-2.70
10609,3/24/2024 11:31:55 PM,-3.00
10609,3/24/2024 11:31:55 PM,-3.00
10609,3/24/2024 11:32:02 PM,-2.90
10609,3/24/2024 11:32:02 PM,-2.90
10609,3/24/2024 11:32:23 PM,-3.20
10609,3/24/2024 11:32:23 PM,-3.20
10609,3/24/2024 11:32:28 PM,-3.00
10609,3/24/2024 11:32:28 PM,-3.00
10609,3/24/2024 11:32:38 PM,-2.90
10609,3/24/2024 11:32:38 PM,-2.90
10609,3/24/2024 11:32:45 PM,-2.70
10609,3/24/2024 11:32:45 PM,-2.70
10609,3/24/2024 11:32:52 PM,-2.90
10609,3/24/2024 11:32:52 PM,-2.90
10609,3/24/2024 11:32:58 PM,-2.80
10609,3/24/2024 11:32:58 PM,-2.80
10609,3/24/2024 11:33:26 PM,-3.00
10609,3/24/2024 11:33:26 PM,-3.00
10609,3/24/2024 11:33:34 PM,-2.80
10609,3/24/2024 11:33:34 PM,-2.80
10609,3/24/2024 11:33:42 PM,-2.70
10609,3/24/2024 11:33:42 PM,-2.70
10609,3/24/2024 11:33:49 PM,-2.90
10609,3/24/2024 11:33:49 PM,-2.90
10609,3/24/2024 11:33:56 PM,-2.60
10609,3/24/2024 11:33:56 PM,-2.60
10609,3/24/2024 11:34:08 PM,-2.70
10609,3/24/2024 11:34:08 PM,-2.70
10609,3/24/2024 11:34:12 PM,-2.50
10609,3/24/2024 11:34:12 PM,-2.50
10609,3/24/2024 11:34:16 PM,-2.60
10609,3/24/2024 11:34:16 PM,-2.60
10609,3/24/2024 11:34:23 PM,-2.50
10609,3/24/2024 11:34:23 PM,-2.50
10609,3/24/2024 11:34:34 PM,-2.60
10609,3/24/2024 11:34:34 PM,-2.60
10609,3/24/2024 11:34:48 PM,-2.50
10609,3/24/2024 11:34:48 PM,-2.50
10609,3/24/2024 11:35:18 PM,-2.80
10609,3/24/2024 11:35:18 PM,-2.80
10609,3/24/2024 11:35:22 PM,-2.70
10609,3/24/2024 11:35:22 PM,-2.70
10609,3/24/2024 11:35:36 PM,-2.60
10609,3/24/2024 11:35:36 PM,-2.60
10609,3/24/2024 11:35:47 PM,-2.80
10609,3/24/2024 11:35:47 PM,-2.80
10609,3/24/2024 11:35:52 PM,-2.60
10609,3/24/2024 11:35:52 PM,-2.60
10609,3/24/2024 11:35:59 PM,-2.70
10609,3/24/2024 11:35:59 PM,-2.70
10609,3/24/2024 11:36:02 PM,-2.60
10609,3/24/2024 11:36:02 PM,-2.60
10609,3/24/2024 11:36:22 PM,-2.40
10609,3/24/2024 11:36:22 PM,-2.40
10609,3/24/2024 11:36:26 PM,-2.50
10609,3/24/2024 11:36:26 PM,-2.50
10609,3/24/2024 11:36:34 PM,-2.40
10609,3/24/2024 11:36:34 PM,-2.40
10609,3/24/2024 11:36:37 PM,-2.50
10609,3/24/2024 11:36:37 PM,-2.50
10609,3/24/2024 11:36:48 PM,-2.60
10609,3/24/2024 11:36:48 PM,-2.60
10609,3/24/2024 11:36:55 PM,-2.40
10609,3/24/2024 11:36:55 PM,-2.40
10609,3/24/2024 11:36:57 PM,-2.70
10609,3/24/2024 11:36:57 PM,-2.70
10609,3/24/2024 11:37:04 PM,-2.80
10609,3/24/2024 11:37:04 PM,-2.80
10609,3/24/2024 11:37:09 PM,-2.70
10609,3/24/2024 11:37:09 PM,-2.70
10609,3/24/2024 11:37:12 PM,-2.80
10609,3/24/2024 11:37:12 PM,-2.80
10609,3/24/2024 11:37:22 PM,-2.70
10609,3/24/2024 11:37:22 PM,-2.70
10609,3/24/2024 11:37:43 PM,-2.80
10609,3/24/2024 11:37:43 PM,-2.80
10609,3/24/2024 11:37:46 PM,-2.70
10609,3/24/2024 11:37:46 PM,-2.70
10609,3/24/2024 11:37:53 PM,-2.80
10609,3/24/2024 11:37:53 PM,-2.80
10609,3/24/2024 11:38:14 PM,-2.60
10609,3/24/2024 11:38:14 PM,-2.60
10609,3/24/2024 11:38:21 PM,-2.70
10609,3/24/2024 11:38:21 PM,-2.70
10609,3/24/2024 11:39:01 PM,-2.50
10609,3/24/2024 11:39:01 PM,-2.50
10609,3/24/2024 11:39:04 PM,-2.60
10609,3/24/2024 11:39:04 PM,-2.60
10609,3/24/2024 11:39:07 PM,-2.50
10609,3/24/2024 11:39:07 PM,-2.50
10609,3/24/2024 11:39:16 PM,-2.40
10609,3/24/2024 11:39:16 PM,-2.40
10609,3/24/2024 11:39:39 PM,-2.60
10609,3/24/2024 11:39:39 PM,-2.60
10609,3/24/2024 11:39:42 PM,-2.50
10609,3/24/2024 11:39:42 PM,-2.50
10609,3/24/2024 11:40:09 PM,-2.30
10609,3/24/2024 11:40:09 PM,-2.30
10609,3/24/2024 11:40:22 PM,-2.40
10609,3/24/2024 11:40:22 PM,-2.40
10609,3/24/2024 11:40:31 PM,-2.20
10609,3/24/2024 11:40:31 PM,-2.20
10609,3/24/2024 11:40:52 PM,-2.50
10609,3/24/2024 11:40:52 PM,-2.50
10609,3/24/2024 11:41:03 PM,-2.30
10609,3/24/2024 11:41:03 PM,-2.30
10609,3/24/2024 11:41:15 PM,-2.40
10609,3/24/2024 11:41:15 PM,-2.40
10609,3/24/2024 11:41:34 PM,-2.30
10609,3/24/2024 11:41:34 PM,-2.30
10609,3/24/2024 11:41:40 PM,-2.40
10609,3/24/2024 11:41:40 PM,-2.40
10609,3/24/2024 11:41:54 PM,-2.10
10609,3/24/2024 11:41:54 PM,-2.10
10609,3/24/2024 11:42:02 PM,-2.30
10609,3/24/2024 11:42:02 PM,-2.30
10609,3/24/2024 11:42:05 PM,-2.20
10609,3/24/2024 11:42:05 PM,-2.20
10609,3/24/2024 11:42:08 PM,-2.30
10609,3/24/2024 11:42:08 PM,-2.30
10609,3/24/2024 11:42:32 PM,-2.20
10609,3/24/2024 11:42:32 PM,-2.20
10609,3/24/2024 11:42:50 PM,-2.30
10609,3/24/2024 11:42:50 PM,-2.30
10609,3/24/2024 11:42:57 PM,-2.20
10609,3/24/2024 11:42:57 PM,-2.20
10609,3/24/2024 11:43:05 PM,-2.30
10609,3/24/2024 11:43:05 PM,-2.30
10609,3/24/2024 11:43:24 PM,-2.20
10609,3/24/2024 11:43:24 PM,-2.20
10609,3/24/2024 11:43:39 PM,-2.50
10609,3/24/2024 11:43:39 PM,-2.50
10609,3/24/2024 11:43:43 PM,-2.40
10609,3/24/2024 11:43:43 PM,-2.40
10609,3/24/2024 11:43:53 PM,-2.60
10609,3/24/2024 11:43:53 PM,-2.60
10609,3/24/2024 11:43:57 PM,-2.50
10609,3/24/2024 11:43:57 PM,-2.50
10609,3/24/2024 11:44:09 PM,-2.60
10609,3/24/2024 11:44:09 PM,-2.60
10609,3/24/2024 11:44:21 PM,-2.50
10609,3/24/2024 11:44:21 PM,-2.50
10609,3/24/2024 11:44:25 PM,-2.60
10609,3/24/2024 11:44:25 PM,-2.60
10609,3/24/2024 11:44:29 PM,-2.50
10609,3/24/2024 11:44:29 PM,-2.50
10609,3/24/2024 11:44:31 PM,-2.70
10609,3/24/2024 11:44:31 PM,-2.70
10609,3/24/2024 11:44:34 PM,-2.60
10609,3/24/2024 11:44:34 PM,-2.60
10609,3/24/2024 11:44:48 PM,-2.50
10609,3/24/2024 11:44:48 PM,-2.50
10609,3/24/2024 11:44:57 PM,-2.70
10609,3/24/2024 11:44:57 PM,-2.70
10609,3/24/2024 11:45:05 PM,-2.60
10609,3/24/2024 11:45:05 PM,-2.60
10609,3/24/2024 11:45:08 PM,-2.70
10609,3/24/2024 11:45:08 PM,-2.70
10609,3/24/2024 11:45:18 PM,-2.60
10609,3/24/2024 11:45:18 PM,-2.60
10609,3/24/2024 11:45:30 PM,-2.80
10609,3/24/2024 11:45:30 PM,-2.80
10609,3/24/2024 11:45:46 PM,-2.50
10609,3/24/2024 11:45:46 PM,-2.50
10609,3/24/2024 11:45:57 PM,-2.70
10609,3/24/2024 11:45:57 PM,-2.70
10609,3/24/2024 11:46:04 PM,-2.60
10609,3/24/2024 11:46:04 PM,-2.60
10609,3/24/2024 11:46:16 PM,-2.70
10609,3/24/2024 11:46:16 PM,-2.70
10609,3/24/2024 11:46:23 PM,-2.60
10609,3/24/2024 11:46:23 PM,-2.60
10609,3/24/2024 11:46:39 PM,-2.70
10609,3/24/2024 11:46:39 PM,-2.70
10609,3/24/2024 11:46:50 PM,-2.90
10609,3/24/2024 11:46:50 PM,-2.90
10609,3/24/2024 11:46:59 PM,-2.80
10609,3/24/2024 11:46:59 PM,-2.80
10609,3/24/2024 11:47:02 PM,-2.90
10609,3/24/2024 11:47:02 PM,-2.90
10609,3/24/2024 11:47:05 PM,-2.80
10609,3/24/2024 11:47:05 PM,-2.80
10609,3/24/2024 11:47:08 PM,-2.90
10609,3/24/2024 11:47:08 PM,-2.90
10609,3/24/2024 11:47:40 PM,-2.70
10609,3/24/2024 11:47:40 PM,-2.70
10609,3/24/2024 11:47:55 PM,-2.90
10609,3/24/2024 11:47:55 PM,-2.90
10609,3/24/2024 11:48:01 PM,-2.70
10609,3/24/2024 11:48:01 PM,-2.70
10609,3/24/2024 11:48:03 PM,-2.80
10609,3/24/2024 11:48:03 PM,-2.80
10609,3/24/2024 11:48:12 PM,-2.90
10609,3/24/2024 11:48:12 PM,-2.90
10609,3/24/2024 11:48:21 PM,-2.70
10609,3/24/2024 11:48:21 PM,-2.70
10609,3/24/2024 11:48:24 PM,-2.80
10609,3/24/2024 11:48:24 PM,-2.80
10609,3/24/2024 11:48:28 PM,-2.70
10609,3/24/2024 11:48:28 PM,-2.70
10609,3/24/2024 11:48:32 PM,-2.80
10609,3/24/2024 11:48:32 PM,-2.80
10609,3/24/2024 11:49:06 PM,-2.60
10609,3/24/2024 11:49:06 PM,-2.60
10609,3/24/2024 11:49:14 PM,-2.80
10609,3/24/2024 11:49:14 PM,-2.80
10609,3/24/2024 11:49:18 PM,-2.60
10609,3/24/2024 11:49:18 PM,-2.60
10609,3/24/2024 11:49:39 PM,-2.40
10609,3/24/2024 11:49:39 PM,-2.40
10609,3/24/2024 11:49:52 PM,-2.50
10609,3/24/2024 11:49:52 PM,-2.50
10609,3/24/2024 11:50:13 PM,-2.40
10609,3/24/2024 11:50:13 PM,-2.40
10609,3/24/2024 11:50:20 PM,-2.30
10609,3/24/2024 11:50:20 PM,-2.30
10609,3/24/2024 11:50:31 PM,-2.50
10609,3/24/2024 11:50:31 PM,-2.50
10609,3/24/2024 11:50:39 PM,-2.30
10609,3/24/2024 11:50:39 PM,-2.30
10609,3/24/2024 11:50:53 PM,-2.50
10609,3/24/2024 11:50:53 PM,-2.50
10609,3/24/2024 11:51:27 PM,-2.20
10609,3/24/2024 11:51:27 PM,-2.20
10609,3/24/2024 11:51:32 PM,-2.30
10609,3/24/2024 11:51:32 PM,-2.30
10609,3/24/2024 11:51:35 PM,-2.20
10609,3/24/2024 11:51:35 PM,-2.20
10609,3/24/2024 11:51:42 PM,-2.40
10609,3/24/2024 11:51:42 PM,-2.40
10609,3/24/2024 11:51:51 PM,-2.20
10609,3/24/2024 11:51:51 PM,-2.20
10609,3/24/2024 11:51:54 PM,-2.30
10609,3/24/2024 11:51:54 PM,-2.30
10609,3/24/2024 11:52:00 PM,-2.10
10609,3/24/2024 11:52:00 PM,-2.10
10609,3/24/2024 11:52:28 PM,-2.40
10609,3/24/2024 11:52:28 PM,-2.40
10609,3/24/2024 11:52:32 PM,-2.30
10609,3/24/2024 11:52:32 PM,-2.30
10609,3/24/2024 11:52:35 PM,-2.40
10609,3/24/2024 11:52:35 PM,-2.40
10609,3/24/2024 11:53:00 PM,-2.20
10609,3/24/2024 11:53:00 PM,-2.20
10609,3/24/2024 11:53:05 PM,-2.30
10609,3/24/2024 11:53:05 PM,-2.30
10609,3/24/2024 11:53:09 PM,-2.20
10609,3/24/2024 11:53:09 PM,-2.20
10609,3/24/2024 11:53:13 PM,-2.30
10609,3/24/2024 11:53:13 PM,-2.30
10609,3/24/2024 11:53:24 PM,-2.20
10609,3/24/2024 11:53:24 PM,-2.20
10609,3/24/2024 11:53:27 PM,-2.30
10609,3/24/2024 11:53:27 PM,-2.30
10609,3/24/2024 11:53:38 PM,-2.40
10609,3/24/2024 11:53:38 PM,-2.40
10609,3/24/2024 11:53:42 PM,-2.30
10609,3/24/2024 11:53:42 PM,-2.30
10609,3/24/2024 11:54:04 PM,-2.60
10609,3/24/2024 11:54:04 PM,-2.60
10609,3/24/2024 11:54:12 PM,-2.50
10609,3/24/2024 11:54:12 PM,-2.50
10609,3/24/2024 11:54:16 PM,-2.60
10609,3/24/2024 11:54:16 PM,-2.60
10609,3/24/2024 11:55:00 PM,-2.50
10609,3/24/2024 11:55:00 PM,-2.50
10609,3/24/2024 11:55:14 PM,-2.40
10609,3/24/2024 11:55:14 PM,-2.40
10609,3/24/2024 11:55:18 PM,-2.50
10609,3/24/2024 11:55:18 PM,-2.50
10609,3/24/2024 11:55:21 PM,-2.40
10609,3/24/2024 11:55:21 PM,-2.40
10609,3/24/2024 11:55:34 PM,-2.30
10609,3/24/2024 11:55:34 PM,-2.30
10609,3/24/2024 11:55:40 PM,-2.50
10609,3/24/2024 11:55:40 PM,-2.50
10609,3/24/2024 11:55:50 PM,-2.30
10609,3/24/2024 11:55:50 PM,-2.30
10609,3/24/2024 11:56:12 PM,-2.40
10609,3/24/2024 11:56:12 PM,-2.40
10609,3/24/2024 11:56:16 PM,-2.30
10609,3/24/2024 11:56:16 PM,-2.30
10609,3/24/2024 11:56:47 PM,-2.40
10609,3/24/2024 11:56:47 PM,-2.40
10609,3/24/2024 11:57:00 PM,-2.20
10609,3/24/2024 11:57:00 PM,-2.20
10609,3/24/2024 11:57:06 PM,-2.30
10609,3/24/2024 11:57:06 PM,-2.30
10609,3/24/2024 11:57:22 PM,-2.10
10609,3/24/2024 11:57:22 PM,-2.10
10609,3/24/2024 11:57:57 PM,-2.00
10609,3/24/2024 11:57:57 PM,-2.00
10609,3/24/2024 11:58:05 PM,-2.20
10609,3/24/2024 11:58:05 PM,-2.20
10609,3/24/2024 11:58:09 PM,-2.10
10609,3/24/2024 11:58:09 PM,-2.10
10609,3/24/2024 11:58:16 PM,-2.20
10609,3/24/2024 11:58:16 PM,-2.20
10609,3/24/2024 11:58:20 PM,-2.10
10609,3/24/2024 11:58:20 PM,-2.10
10609,3/24/2024 11:58:34 PM,-2.00
10609,3/24/2024 11:58:34 PM,-2.00
10609,3/24/2024 11:58:36 PM,-1.90
10609,3/24/2024 11:58:36 PM,-1.90
10609,3/24/2024 11:58:48 PM,-2.10
10609,3/24/2024 11:58:48 PM,-2.10
10609,3/24/2024 11:59:08 PM,-2.00
10609,3/24/2024 11:59:08 PM,-2.00
10609,3/24/2024 11:59:23 PM,-2.10
10609,3/24/2024 11:59:23 PM,-2.10
10609,3/24/2024 11:59:33 PM,-2.30
10609,3/24/2024 11:59:33 PM,-2.30
10609,3/24/2024 11:59:39 PM,-2.10
10609,3/24/2024 11:59:39 PM,-2.10
10609,3/24/2024 11:59:57 PM,-2.20
10609,3/24/2024 11:59:57 PM,-2.20
10609,3/24/2024 11:59:59 PM,-2.10
10609,3/24/2024 11:59:59 PM,-2.10
10609,3/25/2024 12:00:00 AM,-2.20
10609,3/25/2024 12:00:00 AM,-2.20
10609,3/25/2024 12:00:08 AM,-2.10
10609,3/25/2024 12:00:08 AM,-2.10
10609,3/25/2024 12:00:10 AM,-2.20
10609,3/25/2024 12:00:10 AM,-2.20
10609,3/25/2024 12:00:12 AM,-2.10
10609,3/25/2024 12:00:12 AM,-2.10
10609,3/25/2024 12:00:22 AM,-2.20
10609,3/25/2024 12:00:22 AM,-2.20
10609,3/25/2024 12:00:36 AM,-2.10
10609,3/25/2024 12:00:36 AM,-2.10
10609,3/25/2024 12:00:55 AM,-2.20
10609,3/25/2024 12:00:55 AM,-2.20
10609,3/25/2024 12:01:06 AM,-2.00
10609,3/25/2024 12:01:06 AM,-2.00
10609,3/25/2024 12:01:31 AM,-1.70
10609,3/25/2024 12:01:31 AM,-1.70
10609,3/25/2024 12:01:43 AM,-1.90
10609,3/25/2024 12:01:43 AM,-1.90
10609,3/25/2024 12:01:51 AM,-2.30
10609,3/25/2024 12:01:51 AM,-2.30
10609,3/25/2024 12:01:58 AM,-2.10
10609,3/25/2024 12:01:58 AM,-2.10
10609,3/25/2024 12:02:10 AM,-2.00
10609,3/25/2024 12:02:10 AM,-2.00
10609,3/25/2024 12:02:13 AM,-2.10
10609,3/25/2024 12:02:13 AM,-2.10
10609,3/25/2024 12:02:32 AM,-1.90
10609,3/25/2024 12:02:32 AM,-1.90
10609,3/25/2024 12:02:35 AM,-2.10
10609,3/25/2024 12:02:35 AM,-2.10
10609,3/25/2024 12:02:42 AM,-2.00
10609,3/25/2024 12:02:42 AM,-2.00
10609,3/25/2024 12:02:50 AM,-2.20
10609,3/25/2024 12:02:50 AM,-2.20
10609,3/25/2024 12:02:53 AM,-2.10
10609,3/25/2024 12:02:53 AM,-2.10
10609,3/25/2024 12:03:00 AM,-2.20
10609,3/25/2024 12:03:00 AM,-2.20
10609,3/25/2024 12:03:04 AM,-2.10
10609,3/25/2024 12:03:04 AM,-2.10
10609,3/25/2024 12:03:19 AM,-2.00
10609,3/25/2024 12:03:19 AM,-2.00
10609,3/25/2024 12:03:29 AM,-2.10
10609,3/25/2024 12:03:29 AM,-2.10
10609,3/25/2024 12:03:55 AM,-2.00
10609,3/25/2024 12:03:55 AM,-2.00
10609,3/25/2024 12:04:08 AM,-2.20
10609,3/25/2024 12:04:08 AM,-2.20
10609,3/25/2024 12:04:14 AM,-2.10
10609,3/25/2024 12:04:14 AM,-2.10
10609,3/25/2024 12:04:34 AM,-2.00
10609,3/25/2024 12:04:34 AM,-2.00
10609,3/25/2024 12:04:41 AM,-2.20
10609,3/25/2024 12:04:41 AM,-2.20
10609,3/25/2024 12:04:48 AM,-2.10
10609,3/25/2024 12:04:48 AM,-2.10
10609,3/25/2024 12:05:22 AM,-2.00
10609,3/25/2024 12:05:22 AM,-2.00
10609,3/25/2024 12:05:41 AM,-2.20
10609,3/25/2024 12:05:41 AM,-2.20
10609,3/25/2024 12:05:49 AM,-2.40
10609,3/25/2024 12:05:49 AM,-2.40
10609,3/25/2024 12:05:53 AM,-2.20
10609,3/25/2024 12:05:53 AM,-2.20
10609,3/25/2024 12:06:03 AM,-2.10
10609,3/25/2024 12:06:03 AM,-2.10
10609,3/25/2024 12:06:22 AM,-2.20
10609,3/25/2024 12:06:22 AM,-2.20
10609,3/25/2024 12:06:38 AM,-2.00
10609,3/25/2024 12:06:38 AM,-2.00
10609,3/25/2024 12:06:55 AM,-2.30
10609,3/25/2024 12:06:55 AM,-2.30
10609,3/25/2024 12:07:05 AM,-2.20
10609,3/25/2024 12:07:05 AM,-2.20
10609,3/25/2024 12:07:09 AM,-2.30
10609,3/25/2024 12:07:09 AM,-2.30
10609,3/25/2024 12:07:27 AM,-2.10
10609,3/25/2024 12:07:27 AM,-2.10
10609,3/25/2024 12:07:34 AM,-2.20
10609,3/25/2024 12:07:34 AM,-2.20
10609,3/25/2024 12:07:38 AM,-2.10
10609,3/25/2024 12:07:38 AM,-2.10
10609,3/25/2024 12:07:47 AM,-2.20
10609,3/25/2024 12:07:47 AM,-2.20
10609,3/25/2024 12:07:51 AM,-2.10
10609,3/25/2024 12:07:51 AM,-2.10
10609,3/25/2024 12:07:55 AM,-2.20
10609,3/25/2024 12:07:55 AM,-2.20
10609,3/25/2024 12:07:58 AM,-2.10
10609,3/25/2024 12:07:58 AM,-2.10
10609,3/25/2024 12:08:11 AM,-2.20
10609,3/25/2024 12:08:11 AM,-2.20
10609,3/25/2024 12:08:14 AM,-2.00
10609,3/25/2024 12:08:14 AM,-2.00
10609,3/25/2024 12:08:18 AM,-2.20
10609,3/25/2024 12:08:18 AM,-2.20
10609,3/25/2024 12:08:22 AM,-2.10
10609,3/25/2024 12:08:22 AM,-2.10
10609,3/25/2024 12:08:27 AM,-2.20
10609,3/25/2024 12:08:27 AM,-2.20
10609,3/25/2024 12:08:38 AM,-2.00
10609,3/25/2024 12:08:38 AM,-2.00
10609,3/25/2024 12:08:40 AM,-2.10
10609,3/25/2024 12:08:40 AM,-2.10
10609,3/25/2024 12:09:03 AM,-2.00
10609,3/25/2024 12:09:03 AM,-2.00
10609,3/25/2024 12:09:08 AM,-2.10
10609,3/25/2024 12:09:08 AM,-2.10
10609,3/25/2024 12:09:50 AM,-1.90
10609,3/25/2024 12:09:50 AM,-1.90
10609,3/25/2024 12:10:05 AM,-2.10
10609,3/25/2024 12:10:05 AM,-2.10
10609,3/25/2024 12:10:13 AM,-2.00
10609,3/25/2024 12:10:13 AM,-2.00
10609,3/25/2024 12:10:18 AM,-2.10
10609,3/25/2024 12:10:18 AM,-2.10
10609,3/25/2024 12:10:39 AM,-2.00
10609,3/25/2024 12:10:39 AM,-2.00
10609,3/25/2024 12:10:42 AM,-2.10
10609,3/25/2024 12:10:42 AM,-2.10
10609,3/25/2024 12:10:57 AM,-2.30
10609,3/25/2024 12:10:57 AM,-2.30
10609,3/25/2024 12:11:15 AM,-2.40
10609,3/25/2024 12:11:15 AM,-2.40
10609,3/25/2024 12:11:33 AM,-2.30
10609,3/25/2024 12:11:33 AM,-2.30
10609,3/25/2024 12:11:49 AM,-2.40
10609,3/25/2024 12:11:49 AM,-2.40
10609,3/25/2024 12:11:57 AM,-2.30
10609,3/25/2024 12:11:57 AM,-2.30
10609,3/25/2024 12:12:03 AM,-2.40
10609,3/25/2024 12:12:03 AM,-2.40
10609,3/25/2024 12:12:58 AM,-2.30
10609,3/25/2024 12:12:58 AM,-2.30
10609,3/25/2024 12:13:02 AM,-2.40
10609,3/25/2024 12:13:02 AM,-2.40
10609,3/25/2024 12:13:12 AM,-2.20
10609,3/25/2024 12:13:12 AM,-2.20
10609,3/25/2024 12:13:22 AM,-2.30
10609,3/25/2024 12:13:22 AM,-2.30
10609,3/25/2024 12:13:47 AM,-2.20
10609,3/25/2024 12:13:47 AM,-2.20
10609,3/25/2024 12:13:54 AM,-2.30
10609,3/25/2024 12:13:54 AM,-2.30
10609,3/25/2024 12:13:58 AM,-2.20
10609,3/25/2024 12:13:58 AM,-2.20
10609,3/25/2024 12:14:02 AM,-2.30
10609,3/25/2024 12:14:02 AM,-2.30
10609,3/25/2024 12:14:05 AM,-2.20
10609,3/25/2024 12:14:05 AM,-2.20
10609,3/25/2024 12:14:34 AM,-2.00
10609,3/25/2024 12:14:34 AM,-2.00
10609,3/25/2024 12:14:37 AM,-2.10
10609,3/25/2024 12:14:37 AM,-2.10
10609,3/25/2024 12:14:46 AM,-2.20
10609,3/25/2024 12:14:46 AM,-2.20
10609,3/25/2024 12:14:55 AM,-1.90
10609,3/25/2024 12:14:55 AM,-1.90
10609,3/25/2024 12:15:14 AM,-2.10
10609,3/25/2024 12:15:14 AM,-2.10
10609,3/25/2024 12:15:19 AM,-1.90
10609,3/25/2024 12:15:19 AM,-1.90
10609,3/25/2024 12:15:30 AM,-2.10
10609,3/25/2024 12:15:30 AM,-2.10
10609,3/25/2024 12:15:35 AM,-2.50
10609,3/25/2024 12:15:35 AM,-2.50
10609,3/25/2024 12:15:39 AM,-2.30
10609,3/25/2024 12:15:39 AM,-2.30
10609,3/25/2024 12:15:43 AM,-2.20
10609,3/25/2024 12:15:43 AM,-2.20
10609,3/25/2024 12:16:03 AM,-2.10
10609,3/25/2024 12:16:03 AM,-2.10
10609,3/25/2024 12:16:13 AM,-2.30
10609,3/25/2024 12:16:13 AM,-2.30
10609,3/25/2024 12:16:16 AM,-2.10
10609,3/25/2024 12:16:16 AM,-2.10
10609,3/25/2024 12:16:25 AM,-1.90
10609,3/25/2024 12:16:25 AM,-1.90
10609,3/25/2024 12:16:52 AM,-2.30
10609,3/25/2024 12:16:52 AM,-2.30
10609,3/25/2024 12:16:55 AM,-2.50
10609,3/25/2024 12:16:55 AM,-2.50
10609,3/25/2024 12:16:59 AM,-2.40
10609,3/25/2024 12:16:59 AM,-2.40
10609,3/25/2024 12:17:25 AM,-2.30
10609,3/25/2024 12:17:25 AM,-2.30
10609,3/25/2024 12:17:36 AM,-2.40
10609,3/25/2024 12:17:36 AM,-2.40
10609,3/25/2024 12:17:45 AM,-2.20
10609,3/25/2024 12:17:45 AM,-2.20
10609,3/25/2024 12:17:59 AM,-2.10
10609,3/25/2024 12:17:59 AM,-2.10
10609,3/25/2024 12:18:03 AM,-2.20
10609,3/25/2024 12:18:03 AM,-2.20
10609,3/25/2024 12:18:08 AM,-2.00
10609,3/25/2024 12:18:08 AM,-2.00
10609,3/25/2024 12:18:19 AM,-2.10
10609,3/25/2024 12:18:19 AM,-2.10
10609,3/25/2024 12:18:23 AM,-2.00
10609,3/25/2024 12:18:23 AM,-2.00
10609,3/25/2024 12:18:47 AM,-1.90
10609,3/25/2024 12:18:47 AM,-1.90
10609,3/25/2024 12:19:03 AM,-2.10
10609,3/25/2024 12:19:03 AM,-2.10
10609,3/25/2024 12:19:25 AM,-2.00
10609,3/25/2024 12:19:25 AM,-2.00
10609,3/25/2024 12:19:29 AM,-1.90
10609,3/25/2024 12:19:29 AM,-1.90
10609,3/25/2024 12:19:33 AM,-2.00
10609,3/25/2024 12:19:33 AM,-2.00
10609,3/25/2024 12:19:44 AM,-1.90
10609,3/25/2024 12:19:44 AM,-1.90
10609,3/25/2024 12:19:46 AM,-2.00
10609,3/25/2024 12:19:46 AM,-2.00
10609,3/25/2024 12:19:49 AM,-1.90
10609,3/25/2024 12:19:49 AM,-1.90
10609,3/25/2024 12:20:43 AM,-2.10
10609,3/25/2024 12:20:43 AM,-2.10
10609,3/25/2024 12:20:48 AM,-2.00
10609,3/25/2024 12:20:48 AM,-2.00
10609,3/25/2024 12:21:12 AM,-1.90
10609,3/25/2024 12:21:12 AM,-1.90
10609,3/25/2024 12:21:16 AM,-1.80
10609,3/25/2024 12:21:16 AM,-1.80
10609,3/25/2024 12:21:24 AM,-2.00
10609,3/25/2024 12:21:24 AM,-2.00
10609,3/25/2024 12:21:31 AM,-1.90
10609,3/25/2024 12:21:31 AM,-1.90
10609,3/25/2024 12:21:35 AM,-2.00
10609,3/25/2024 12:21:35 AM,-2.00
10609,3/25/2024 12:21:38 AM,-1.90
10609,3/25/2024 12:21:38 AM,-1.90
10609,3/25/2024 12:21:53 AM,-2.00
10609,3/25/2024 12:21:53 AM,-2.00
10609,3/25/2024 12:21:56 AM,-1.90
10609,3/25/2024 12:21:56 AM,-1.90
10609,3/25/2024 12:22:16 AM,-1.80
10609,3/25/2024 12:22:16 AM,-1.80
10609,3/25/2024 12:22:23 AM,-1.90
10609,3/25/2024 12:22:23 AM,-1.90
10609,3/25/2024 12:22:27 AM,-2.10
10609,3/25/2024 12:22:27 AM,-2.10
10609,3/25/2024 12:22:44 AM,-2.20
10609,3/25/2024 12:22:44 AM,-2.20
10609,3/25/2024 12:22:49 AM,-2.00
10609,3/25/2024 12:22:49 AM,-2.00
10609,3/25/2024 12:22:53 AM,-2.10
10609,3/25/2024 12:22:53 AM,-2.10
10609,3/25/2024 12:22:57 AM,-1.90
10609,3/25/2024 12:22:57 AM,-1.90
10609,3/25/2024 12:23:01 AM,-2.00
10609,3/25/2024 12:23:01 AM,-2.00
10609,3/25/2024 12:23:03 AM,-1.90
10609,3/25/2024 12:23:03 AM,-1.90
10609,3/25/2024 12:23:09 AM,-2.10
10609,3/25/2024 12:23:09 AM,-2.10
10609,3/25/2024 12:23:39 AM,-2.30
10609,3/25/2024 12:23:39 AM,-2.30
10609,3/25/2024 12:23:57 AM,-2.20
10609,3/25/2024 12:23:57 AM,-2.20
10609,3/25/2024 12:24:03 AM,-2.00
10609,3/25/2024 12:24:03 AM,-2.00
10609,3/25/2024 12:24:06 AM,-1.80
10609,3/25/2024 12:24:06 AM,-1.80
10609,3/25/2024 12:24:12 AM,-2.10
10609,3/25/2024 12:24:12 AM,-2.10
10609,3/25/2024 12:24:18 AM,-1.80
10609,3/25/2024 12:24:18 AM,-1.80
10609,3/25/2024 12:24:22 AM,-1.90
10609,3/25/2024 12:24:22 AM,-1.90
10609,3/25/2024 12:24:37 AM,-2.00
10609,3/25/2024 12:24:37 AM,-2.00
10609,3/25/2024 12:24:41 AM,-1.90
10609,3/25/2024 12:24:41 AM,-1.90
10609,3/25/2024 12:24:46 AM,-2.00
10609,3/25/2024 12:24:46 AM,-2.00
10609,3/25/2024 12:24:51 AM,-1.90
10609,3/25/2024 12:24:51 AM,-1.90
10609,3/25/2024 12:25:01 AM,-2.00
10609,3/25/2024 12:25:01 AM,-2.00
10609,3/25/2024 12:25:17 AM,-1.90
10609,3/25/2024 12:25:17 AM,-1.90
10609,3/25/2024 12:25:27 AM,-2.20
10609,3/25/2024 12:25:27 AM,-2.20
10609,3/25/2024 12:25:34 AM,-2.10
10609,3/25/2024 12:25:34 AM,-2.10
10609,3/25/2024 12:25:37 AM,-2.20
10609,3/25/2024 12:25:37 AM,-2.20
10609,3/25/2024 12:26:01 AM,-2.00
10609,3/25/2024 12:26:01 AM,-2.00
10609,3/25/2024 12:26:10 AM,-2.10
10609,3/25/2024 12:26:10 AM,-2.10
10609,3/25/2024 12:26:42 AM,-2.00
10609,3/25/2024 12:26:42 AM,-2.00
10609,3/25/2024 12:27:18 AM,-2.10
10609,3/25/2024 12:27:18 AM,-2.10
10609,3/25/2024 12:27:30 AM,-2.00
10609,3/25/2024 12:27:30 AM,-2.00
10609,3/25/2024 12:27:37 AM,-2.10
10609,3/25/2024 12:27:37 AM,-2.10
10609,3/25/2024 12:27:53 AM,-2.00
10609,3/25/2024 12:27:53 AM,-2.00
10609,3/25/2024 12:28:04 AM,-2.20
10609,3/25/2024 12:28:04 AM,-2.20
10609,3/25/2024 12:28:10 AM,-2.10
10609,3/25/2024 12:28:10 AM,-2.10
10609,3/25/2024 12:28:34 AM,-2.20
10609,3/25/2024 12:28:34 AM,-2.20
10609,3/25/2024 12:28:43 AM,-2.10
10609,3/25/2024 12:28:43 AM,-2.10
10609,3/25/2024 12:28:47 AM,-2.20
10609,3/25/2024 12:28:47 AM,-2.20
10609,3/25/2024 12:28:57 AM,-2.00
10609,3/25/2024 12:28:57 AM,-2.00
10609,3/25/2024 12:29:09 AM,-1.90
10609,3/25/2024 12:29:09 AM,-1.90
10609,3/25/2024 12:29:11 AM,-2.00
10609,3/25/2024 12:29:11 AM,-2.00
10609,3/25/2024 12:29:15 AM,-1.90
10609,3/25/2024 12:29:15 AM,-1.90
10609,3/25/2024 12:29:22 AM,-2.00
10609,3/25/2024 12:29:22 AM,-2.00
10609,3/25/2024 12:29:56 AM,-1.80
10609,3/25/2024 12:29:56 AM,-1.80
10609,3/25/2024 12:30:00 AM,-1.90
10609,3/25/2024 12:30:00 AM,-1.90
10609,3/25/2024 12:30:12 AM,-1.80
10609,3/25/2024 12:30:12 AM,-1.80
10609,3/25/2024 12:30:21 AM,-2.00
10609,3/25/2024 12:30:21 AM,-2.00
10609,3/25/2024 12:30:36 AM,-2.10
10609,3/25/2024 12:30:36 AM,-2.10
10609,3/25/2024 12:30:43 AM,-2.30
10609,3/25/2024 12:30:43 AM,-2.30
10609,3/25/2024 12:30:47 AM,-2.20
10609,3/25/2024 12:30:47 AM,-2.20
10609,3/25/2024 12:30:57 AM,-2.30
10609,3/25/2024 12:30:57 AM,-2.30
10609,3/25/2024 12:31:19 AM,-2.00
10609,3/25/2024 12:31:19 AM,-2.00
10609,3/25/2024 12:31:25 AM,-2.20
10609,3/25/2024 12:31:25 AM,-2.20
10609,3/25/2024 12:31:34 AM,-2.10
10609,3/25/2024 12:31:34 AM,-2.10
10609,3/25/2024 12:31:40 AM,-2.20
10609,3/25/2024 12:31:40 AM,-2.20
10609,3/25/2024 12:31:48 AM,-2.10
10609,3/25/2024 12:31:48 AM,-2.10
10609,3/25/2024 12:31:51 AM,-1.90
10609,3/25/2024 12:31:51 AM,-1.90
10609,3/25/2024 12:31:54 AM,-2.10
10609,3/25/2024 12:31:54 AM,-2.10
10609,3/25/2024 12:31:57 AM,-1.90
10609,3/25/2024 12:31:57 AM,-1.90
10609,3/25/2024 12:32:11 AM,-2.00
10609,3/25/2024 12:32:11 AM,-2.00
10609,3/25/2024 12:32:14 AM,-2.10
10609,3/25/2024 12:32:14 AM,-2.10
10609,3/25/2024 12:32:18 AM,-2.00
10609,3/25/2024 12:32:18 AM,-2.00
10609,3/25/2024 12:32:28 AM,-2.10
10609,3/25/2024 12:32:28 AM,-2.10
10609,3/25/2024 12:32:52 AM,-2.00
10609,3/25/2024 12:32:52 AM,-2.00
10609,3/25/2024 12:32:58 AM,-2.10
10609,3/25/2024 12:32:58 AM,-2.10
10609,3/25/2024 12:33:43 AM,-2.00
10609,3/25/2024 12:33:43 AM,-2.00
10609,3/25/2024 12:33:58 AM,-2.20
10609,3/25/2024 12:33:58 AM,-2.20
10609,3/25/2024 12:34:03 AM,-2.30
10609,3/25/2024 12:34:03 AM,-2.30
10609,3/25/2024 12:34:07 AM,-2.20
10609,3/25/2024 12:34:07 AM,-2.20
10609,3/25/2024 12:34:38 AM,-2.10
10609,3/25/2024 12:34:38 AM,-2.10
10609,3/25/2024 12:34:40 AM,-2.20
10609,3/25/2024 12:34:40 AM,-2.20
10609,3/25/2024 12:34:44 AM,-2.10
10609,3/25/2024 12:34:44 AM,-2.10
10609,3/25/2024 12:34:48 AM,-2.20
10609,3/25/2024 12:34:48 AM,-2.20
10609,3/25/2024 12:34:50 AM,-2.10
10609,3/25/2024 12:34:50 AM,-2.10
10609,3/25/2024 12:34:58 AM,-2.00
10609,3/25/2024 12:34:58 AM,-2.00
10609,3/25/2024 12:35:08 AM,-2.10
10609,3/25/2024 12:35:08 AM,-2.10
10609,3/25/2024 12:35:15 AM,-1.90
10609,3/25/2024 12:35:15 AM,-1.90
10609,3/25/2024 12:35:20 AM,-2.00
10609,3/25/2024 12:35:20 AM,-2.00
10609,3/25/2024 12:35:57 AM,-1.80
10609,3/25/2024 12:35:57 AM,-1.80
10609,3/25/2024 12:36:09 AM,-1.90
10609,3/25/2024 12:36:09 AM,-1.90
10609,3/25/2024 12:36:15 AM,-1.80
10609,3/25/2024 12:36:15 AM,-1.80
10609,3/25/2024 12:36:55 AM,-2.20
10609,3/25/2024 12:36:55 AM,-2.20
10609,3/25/2024 12:37:02 AM,-2.40
10609,3/25/2024 12:37:02 AM,-2.40
10609,3/25/2024 12:37:05 AM,-2.10
10609,3/25/2024 12:37:05 AM,-2.10
10609,3/25/2024 12:37:22 AM,-2.00
10609,3/25/2024 12:37:22 AM,-2.00
10609,3/25/2024 12:37:26 AM,-1.90
10609,3/25/2024 12:37:26 AM,-1.90
10609,3/25/2024 12:37:34 AM,-2.00
10609,3/25/2024 12:37:34 AM,-2.00
10609,3/25/2024 12:37:46 AM,-1.90
10609,3/25/2024 12:37:46 AM,-1.90
10609,3/25/2024 12:37:59 AM,-2.10
10609,3/25/2024 12:37:59 AM,-2.10
10609,3/25/2024 12:38:10 AM,-2.20
10609,3/25/2024 12:38:10 AM,-2.20
10609,3/25/2024 12:38:14 AM,-2.10
10609,3/25/2024 12:38:14 AM,-2.10
10609,3/25/2024 12:38:18 AM,-2.20
10609,3/25/2024 12:38:18 AM,-2.20
10609,3/25/2024 12:38:29 AM,-2.10
10609,3/25/2024 12:38:29 AM,-2.10
10609,3/25/2024 12:38:44 AM,-2.20
10609,3/25/2024 12:38:44 AM,-2.20
10609,3/25/2024 12:38:47 AM,-2.00
10609,3/25/2024 12:38:47 AM,-2.00
10609,3/25/2024 12:39:01 AM,-1.80
10609,3/25/2024 12:39:01 AM,-1.80
10609,3/25/2024 12:39:18 AM,-2.10
10609,3/25/2024 12:39:18 AM,-2.10
10609,3/25/2024 12:39:22 AM,-2.00
10609,3/25/2024 12:39:22 AM,-2.00
10609,3/25/2024 12:39:25 AM,-2.10
10609,3/25/2024 12:39:25 AM,-2.10
10609,3/25/2024 12:39:53 AM,-1.70
10609,3/25/2024 12:39:53 AM,-1.70
10609,3/25/2024 12:40:01 AM,-1.80
10609,3/25/2024 12:40:01 AM,-1.80
10609,3/25/2024 12:40:17 AM,-1.60
10609,3/25/2024 12:40:17 AM,-1.60
10609,3/25/2024 12:40:22 AM,-1.70
10609,3/25/2024 12:40:22 AM,-1.70
10609,3/25/2024 12:40:28 AM,-1.60
10609,3/25/2024 12:40:28 AM,-1.60
10609,3/25/2024 12:40:31 AM,-1.70
10609,3/25/2024 12:40:31 AM,-1.70
10609,3/25/2024 12:40:56 AM,-1.90
10609,3/25/2024 12:40:56 AM,-1.90
10609,3/25/2024 12:41:03 AM,-1.80
10609,3/25/2024 12:41:03 AM,-1.80
10609,3/25/2024 12:41:15 AM,-2.00
10609,3/25/2024 12:41:15 AM,-2.00
10609,3/25/2024 12:41:24 AM,-1.80
10609,3/25/2024 12:41:24 AM,-1.80
10609,3/25/2024 12:41:53 AM,-2.00
10609,3/25/2024 12:41:53 AM,-2.00
10609,3/25/2024 12:41:58 AM,-2.10
10609,3/25/2024 12:41:58 AM,-2.10
10609,3/25/2024 12:42:12 AM,-2.00
10609,3/25/2024 12:42:12 AM,-2.00
10609,3/25/2024 12:42:38 AM,-2.10
10609,3/25/2024 12:42:38 AM,-2.10
10609,3/25/2024 12:42:48 AM,-1.80
10609,3/25/2024 12:42:48 AM,-1.80
10609,3/25/2024 12:42:56 AM,-1.70
10609,3/25/2024 12:42:56 AM,-1.70
10609,3/25/2024 12:43:01 AM,-1.80
10609,3/25/2024 12:43:01 AM,-1.80
10609,3/25/2024 12:43:04 AM,-1.70
10609,3/25/2024 12:43:04 AM,-1.70
10609,3/25/2024 12:43:21 AM,-1.80
10609,3/25/2024 12:43:21 AM,-1.80
10609,3/25/2024 12:43:32 AM,-2.00
10609,3/25/2024 12:43:32 AM,-2.00
10609,3/25/2024 12:43:50 AM,-2.20
10609,3/25/2024 12:43:50 AM,-2.20
10609,3/25/2024 12:43:54 AM,-2.30
10609,3/25/2024 12:43:54 AM,-2.30
10609,3/25/2024 12:44:14 AM,-2.10
10609,3/25/2024 12:44:14 AM,-2.10
10609,3/25/2024 12:44:31 AM,-2.20
10609,3/25/2024 12:44:31 AM,-2.20
10609,3/25/2024 12:44:40 AM,-2.40
10609,3/25/2024 12:44:40 AM,-2.40
10609,3/25/2024 12:44:53 AM,-2.20
10609,3/25/2024 12:44:53 AM,-2.20
10609,3/25/2024 12:45:03 AM,-2.40
10609,3/25/2024 12:45:03 AM,-2.40
10609,3/25/2024 12:45:19 AM,-2.50
10609,3/25/2024 12:45:19 AM,-2.50
10609,3/25/2024 12:45:25 AM,-2.30
10609,3/25/2024 12:45:25 AM,-2.30
10609,3/25/2024 12:45:27 AM,-1.90
10609,3/25/2024 12:45:27 AM,-1.90
10609,3/25/2024 12:45:30 AM,-2.30
10609,3/25/2024 12:45:30 AM,-2.30
10609,3/25/2024 12:45:55 AM,-2.00
10609,3/25/2024 12:45:55 AM,-2.00
10609,3/25/2024 12:46:00 AM,-2.10
10609,3/25/2024 12:46:00 AM,-2.10
10609,3/25/2024 12:46:26 AM,-1.90
10609,3/25/2024 12:46:26 AM,-1.90
10609,3/25/2024 12:46:29 AM,-2.00
10609,3/25/2024 12:46:29 AM,-2.00
10609,3/25/2024 12:46:40 AM,-2.10
10609,3/25/2024 12:46:40 AM,-2.10
10609,3/25/2024 12:47:26 AM,-2.20
10609,3/25/2024 12:47:26 AM,-2.20
10609,3/25/2024 12:47:36 AM,-2.00
10609,3/25/2024 12:47:36 AM,-2.00
10609,3/25/2024 12:47:51 AM,-2.10
10609,3/25/2024 12:47:51 AM,-2.10
10609,3/25/2024 12:49:07 AM,-1.80
10609,3/25/2024 12:49:07 AM,-1.80
10609,3/25/2024 12:49:10 AM,-1.90
10609,3/25/2024 12:49:10 AM,-1.90
10609,3/25/2024 12:49:58 AM,-1.80
10609,3/25/2024 12:49:58 AM,-1.80
10609,3/25/2024 12:50:01 AM,-1.90
10609,3/25/2024 12:50:01 AM,-1.90
10609,3/25/2024 12:50:09 AM,-1.70
10609,3/25/2024 12:50:09 AM,-1.70
10609,3/25/2024 12:50:26 AM,-1.90
10609,3/25/2024 12:50:26 AM,-1.90
10609,3/25/2024 12:50:43 AM,-1.70
10609,3/25/2024 12:50:43 AM,-1.70
10609,3/25/2024 12:51:16 AM,-1.90
10609,3/25/2024 12:51:16 AM,-1.90
10609,3/25/2024 12:51:38 AM,-1.80
10609,3/25/2024 12:51:38 AM,-1.80
10609,3/25/2024 12:51:52 AM,-1.90
10609,3/25/2024 12:51:52 AM,-1.90
10609,3/25/2024 12:52:00 AM,-1.80
10609,3/25/2024 12:52:00 AM,-1.80
10609,3/25/2024 12:52:03 AM,-1.90
10609,3/25/2024 12:52:03 AM,-1.90
10609,3/25/2024 12:52:23 AM,-2.00
10609,3/25/2024 12:52:23 AM,-2.00
10609,3/25/2024 12:52:26 AM,-1.90
10609,3/25/2024 12:52:26 AM,-1.90
10609,3/25/2024 12:52:52 AM,-1.80
10609,3/25/2024 12:52:52 AM,-1.80
10609,3/25/2024 12:52:56 AM,-1.90
10609,3/25/2024 12:52:56 AM,-1.90
10609,3/25/2024 12:53:33 AM,-2.00
10609,3/25/2024 12:53:33 AM,-2.00
10609,3/25/2024 12:53:46 AM,-1.70
10609,3/25/2024 12:53:46 AM,-1.70
10609,3/25/2024 12:53:49 AM,-1.80
10609,3/25/2024 12:53:49 AM,-1.80
10609,3/25/2024 12:54:14 AM,-1.60
10609,3/25/2024 12:54:14 AM,-1.60
10609,3/25/2024 12:54:32 AM,-1.70
10609,3/25/2024 12:54:32 AM,-1.70
10609,3/25/2024 12:54:35 AM,-1.60
10609,3/25/2024 12:54:35 AM,-1.60
10609,3/25/2024 12:54:53 AM,-1.80
10609,3/25/2024 12:54:53 AM,-1.80
10609,3/25/2024 12:54:57 AM,-1.90
10609,3/25/2024 12:54:57 AM,-1.90
10609,3/25/2024 12:55:08 AM,-1.80
10609,3/25/2024 12:55:08 AM,-1.80
10609,3/25/2024 12:55:38 AM,-1.90
10609,3/25/2024 12:55:38 AM,-1.90
10609,3/25/2024 12:55:50 AM,-1.80
10609,3/25/2024 12:55:50 AM,-1.80
10609,3/25/2024 12:55:53 AM,-1.70
10609,3/25/2024 12:55:53 AM,-1.70
10609,3/25/2024 12:55:56 AM,-1.80
10609,3/25/2024 12:55:56 AM,-1.80
10609,3/25/2024 12:56:14 AM,-1.90
10609,3/25/2024 12:56:14 AM,-1.90
10609,3/25/2024 12:56:20 AM,-1.50
10609,3/25/2024 12:56:20 AM,-1.50
10609,3/25/2024 12:56:26 AM,-1.40
10609,3/25/2024 12:56:26 AM,-1.40
10609,3/25/2024 12:56:31 AM,-1.50
10609,3/25/2024 12:56:31 AM,-1.50
10609,3/25/2024 12:56:34 AM,-1.40
10609,3/25/2024 12:56:34 AM,-1.40
10609,3/25/2024 12:56:37 AM,-1.50
10609,3/25/2024 12:56:37 AM,-1.50
10609,3/25/2024 12:56:46 AM,-1.30
10609,3/25/2024 12:56:46 AM,-1.30
10609,3/25/2024 12:56:54 AM,-1.50
10609,3/25/2024 12:56:54 AM,-1.50
10609,3/25/2024 12:57:06 AM,-1.40
10609,3/25/2024 12:57:06 AM,-1.40
10609,3/25/2024 12:57:10 AM,-1.70
10609,3/25/2024 12:57:10 AM,-1.70
10609,3/25/2024 12:57:22 AM,-2.00
10609,3/25/2024 12:57:22 AM,-2.00
10609,3/25/2024 12:57:25 AM,-1.90
10609,3/25/2024 12:57:25 AM,-1.90
10609,3/25/2024 12:57:36 AM,-2.00
10609,3/25/2024 12:57:36 AM,-2.00
10609,3/25/2024 12:57:48 AM,-1.80
10609,3/25/2024 12:57:48 AM,-1.80
10609,3/25/2024 12:57:50 AM,-1.90
10609,3/25/2024 12:57:50 AM,-1.90
10609,3/25/2024 12:57:55 AM,-1.80
10609,3/25/2024 12:57:55 AM,-1.80
10609,3/25/2024 12:58:09 AM,-1.90
10609,3/25/2024 12:58:09 AM,-1.90
10609,3/25/2024 12:58:13 AM,-1.80
10609,3/25/2024 12:58:13 AM,-1.80
10609,3/25/2024 12:58:18 AM,-1.90
10609,3/25/2024 12:58:18 AM,-1.90
10609,3/25/2024 12:58:22 AM,-1.80
10609,3/25/2024 12:58:22 AM,-1.80
10609,3/25/2024 12:58:28 AM,-1.90
10609,3/25/2024 12:58:28 AM,-1.90
10609,3/25/2024 12:58:35 AM,-1.70
10609,3/25/2024 12:58:35 AM,-1.70
10609,3/25/2024 12:58:42 AM,-1.80
10609,3/25/2024 12:58:42 AM,-1.80
10609,3/25/2024 12:58:47 AM,-1.70
10609,3/25/2024 12:58:47 AM,-1.70
10609,3/25/2024 12:59:01 AM,-1.90
10609,3/25/2024 12:59:01 AM,-1.90
10609,3/25/2024 12:59:06 AM,-1.70
10609,3/25/2024 12:59:06 AM,-1.70
10609,3/25/2024 12:59:10 AM,-2.00
10609,3/25/2024 12:59:10 AM,-2.00
10609,3/25/2024 12:59:14 AM,-2.10
10609,3/25/2024 12:59:14 AM,-2.10
10609,3/25/2024 12:59:25 AM,-2.00
10609,3/25/2024 12:59:25 AM,-2.00
10609,3/25/2024 12:59:29 AM,-2.10
10609,3/25/2024 12:59:29 AM,-2.10
10609,3/25/2024 12:59:47 AM,-1.90
10609,3/25/2024 12:59:47 AM,-1.90
10609,3/25/2024 12:59:59 AM,-2.00
10609,3/25/2024 12:59:59 AM,-2.00
10609,3/25/2024 1:00:00 AM,-2.00
10609,3/25/2024 1:00:00 AM,-2.00
10609,3/25/2024 1:00:02 AM,-1.90
10609,3/25/2024 1:00:02 AM,-1.90
10609,3/25/2024 1:00:09 AM,-2.10
10609,3/25/2024 1:00:09 AM,-2.10
10609,3/25/2024 1:00:25 AM,-1.90
10609,3/25/2024 1:00:25 AM,-1.90
10609,3/25/2024 1:00:41 AM,-1.80
10609,3/25/2024 1:00:41 AM,-1.80
10609,3/25/2024 1:01:08 AM,-2.10
10609,3/25/2024 1:01:08 AM,-2.10
10609,3/25/2024 1:01:10 AM,-2.20
10609,3/25/2024 1:01:10 AM,-2.20
10609,3/25/2024 1:01:13 AM,-2.00
10609,3/25/2024 1:01:13 AM,-2.00
10609,3/25/2024 1:01:25 AM,-2.10
10609,3/25/2024 1:01:25 AM,-2.10
10609,3/25/2024 1:01:42 AM,-2.00
10609,3/25/2024 1:01:42 AM,-2.00
10609,3/25/2024 1:01:45 AM,-2.10
10609,3/25/2024 1:01:45 AM,-2.10
10609,3/25/2024 1:01:53 AM,-2.00
10609,3/25/2024 1:01:53 AM,-2.00
10609,3/25/2024 1:01:56 AM,-2.10
10609,3/25/2024 1:01:56 AM,-2.10
10609,3/25/2024 1:01:59 AM,-2.00
10609,3/25/2024 1:01:59 AM,-2.00
10609,3/25/2024 1:02:02 AM,-2.10
10609,3/25/2024 1:02:02 AM,-2.10
10609,3/25/2024 1:02:07 AM,-2.00
10609,3/25/2024 1:02:07 AM,-2.00
10609,3/25/2024 1:02:36 AM,-2.20
10609,3/25/2024 1:02:36 AM,-2.20
10609,3/25/2024 1:02:39 AM,-2.10
10609,3/25/2024 1:02:39 AM,-2.10
10609,3/25/2024 1:02:42 AM,-2.20
10609,3/25/2024 1:02:42 AM,-2.20
10609,3/25/2024 1:02:50 AM,-1.90
10609,3/25/2024 1:02:50 AM,-1.90
10609,3/25/2024 1:02:53 AM,-2.00
10609,3/25/2024 1:02:53 AM,-2.00
10609,3/25/2024 1:03:05 AM,-1.70
10609,3/25/2024 1:03:05 AM,-1.70
10609,3/25/2024 1:03:16 AM,-2.00
10609,3/25/2024 1:03:16 AM,-2.00
10609,3/25/2024 1:03:25 AM,-2.40
10609,3/25/2024 1:03:25 AM,-2.40
10609,3/25/2024 1:03:32 AM,-2.30
10609,3/25/2024 1:03:32 AM,-2.30
10609,3/25/2024 1:03:36 AM,-1.80
10609,3/25/2024 1:03:36 AM,-1.80
10609,3/25/2024 1:03:39 AM,-1.70
10609,3/25/2024 1:03:39 AM,-1.70
10609,3/25/2024 1:03:43 AM,-1.80
10609,3/25/2024 1:03:43 AM,-1.80
10609,3/25/2024 1:03:47 AM,-1.70
10609,3/25/2024 1:03:47 AM,-1.70
10609,3/25/2024 1:03:56 AM,-1.90
10609,3/25/2024 1:03:56 AM,-1.90
10609,3/25/2024 1:04:02 AM,-1.80
10609,3/25/2024 1:04:02 AM,-1.80
10609,3/25/2024 1:04:06 AM,-1.90
10609,3/25/2024 1:04:06 AM,-1.90
10609,3/25/2024 1:04:09 AM,-1.80
10609,3/25/2024 1:04:09 AM,-1.80
10609,3/25/2024 1:04:29 AM,-1.90
10609,3/25/2024 1:04:29 AM,-1.90
10609,3/25/2024 1:04:37 AM,-1.80
10609,3/25/2024 1:04:37 AM,-1.80
10609,3/25/2024 1:04:47 AM,-2.00
10609,3/25/2024 1:04:47 AM,-2.00
10609,3/25/2024 1:05:04 AM,-1.90
10609,3/25/2024 1:05:04 AM,-1.90
10609,3/25/2024 1:05:14 AM,-2.10
10609,3/25/2024 1:05:14 AM,-2.10
10609,3/25/2024 1:05:41 AM,-2.20
10609,3/25/2024 1:05:41 AM,-2.20
10609,3/25/2024 1:05:46 AM,-2.30
10609,3/25/2024 1:05:46 AM,-2.30
10609,3/25/2024 1:05:56 AM,-2.20
10609,3/25/2024 1:05:56 AM,-2.20
10609,3/25/2024 1:05:58 AM,-2.10
10609,3/25/2024 1:05:58 AM,-2.10
10609,3/25/2024 1:06:02 AM,-2.20
10609,3/25/2024 1:06:02 AM,-2.20
10609,3/25/2024 1:06:11 AM,-1.90
10609,3/25/2024 1:06:11 AM,-1.90
10609,3/25/2024 1:06:29 AM,-1.80
10609,3/25/2024 1:06:29 AM,-1.80
10609,3/25/2024 1:06:48 AM,-1.90
10609,3/25/2024 1:06:48 AM,-1.90
10609,3/25/2024 1:06:51 AM,-1.80
10609,3/25/2024 1:06:51 AM,-1.80
10609,3/25/2024 1:07:20 AM,-1.90
10609,3/25/2024 1:07:20 AM,-1.90
10609,3/25/2024 1:07:34 AM,-2.10
10609,3/25/2024 1:07:34 AM,-2.10
10609,3/25/2024 1:07:38 AM,-2.00
10609,3/25/2024 1:07:38 AM,-2.00
10609,3/25/2024 1:07:40 AM,-2.10
10609,3/25/2024 1:07:40 AM,-2.10
10609,3/25/2024 1:07:54 AM,-2.20
10609,3/25/2024 1:07:54 AM,-2.20
10609,3/25/2024 1:08:13 AM,-2.10
10609,3/25/2024 1:08:13 AM,-2.10
10609,3/25/2024 1:08:17 AM,-2.20
10609,3/25/2024 1:08:17 AM,-2.20
10609,3/25/2024 1:08:37 AM,-2.10
10609,3/25/2024 1:08:37 AM,-2.10
10609,3/25/2024 1:08:39 AM,-2.20
10609,3/25/2024 1:08:39 AM,-2.20
10609,3/25/2024 1:08:43 AM,-2.10
10609,3/25/2024 1:08:43 AM,-2.10
10609,3/25/2024 1:09:06 AM,-2.20
10609,3/25/2024 1:09:06 AM,-2.20
10609,3/25/2024 1:09:29 AM,-1.80
10609,3/25/2024 1:09:29 AM,-1.80
10609,3/25/2024 1:09:32 AM,-2.00
10609,3/25/2024 1:09:32 AM,-2.00
10609,3/25/2024 1:09:35 AM,-1.90
10609,3/25/2024 1:09:35 AM,-1.90
10609,3/25/2024 1:09:39 AM,-2.00
10609,3/25/2024 1:09:39 AM,-2.00
10609,3/25/2024 1:09:45 AM,-1.90
10609,3/25/2024 1:09:45 AM,-1.90
10609,3/25/2024 1:10:04 AM,-2.00
10609,3/25/2024 1:10:04 AM,-2.00
10609,3/25/2024 1:10:10 AM,-2.10
10609,3/25/2024 1:10:10 AM,-2.10
10609,3/25/2024 1:10:30 AM,-1.90
10609,3/25/2024 1:10:30 AM,-1.90
10609,3/25/2024 1:10:39 AM,-2.10
10609,3/25/2024 1:10:39 AM,-2.10
10609,3/25/2024 1:11:02 AM,-2.00
10609,3/25/2024 1:11:02 AM,-2.00
10609,3/25/2024 1:11:12 AM,-2.10
10609,3/25/2024 1:11:12 AM,-2.10
10609,3/25/2024 1:11:15 AM,-2.20
10609,3/25/2024 1:11:15 AM,-2.20
10609,3/25/2024 1:11:41 AM,-2.30
10609,3/25/2024 1:11:41 AM,-2.30
10609,3/25/2024 1:11:44 AM,-2.20
10609,3/25/2024 1:11:44 AM,-2.20
10609,3/25/2024 1:11:56 AM,-2.30
10609,3/25/2024 1:11:56 AM,-2.30
10609,3/25/2024 1:12:02 AM,-2.20
10609,3/25/2024 1:12:02 AM,-2.20
10609,3/25/2024 1:12:18 AM,-2.30
10609,3/25/2024 1:12:18 AM,-2.30
10609,3/25/2024 1:12:22 AM,-2.40
10609,3/25/2024 1:12:22 AM,-2.40
10609,3/25/2024 1:12:44 AM,-2.30
10609,3/25/2024 1:12:44 AM,-2.30
10609,3/25/2024 1:12:47 AM,-2.40
10609,3/25/2024 1:12:47 AM,-2.40
10609,3/25/2024 1:12:54 AM,-2.10
10609,3/25/2024 1:12:54 AM,-2.10
10609,3/25/2024 1:13:15 AM,-2.30
10609,3/25/2024 1:13:15 AM,-2.30
10609,3/25/2024 1:13:19 AM,-2.20
10609,3/25/2024 1:13:19 AM,-2.20
10609,3/25/2024 1:13:26 AM,-2.30
10609,3/25/2024 1:13:26 AM,-2.30
10609,3/25/2024 1:13:30 AM,-2.20
10609,3/25/2024 1:13:30 AM,-2.20
10609,3/25/2024 1:13:36 AM,-2.30
10609,3/25/2024 1:13:36 AM,-2.30
10609,3/25/2024 1:14:11 AM,-2.20
10609,3/25/2024 1:14:11 AM,-2.20
10609,3/25/2024 1:14:18 AM,-2.30
10609,3/25/2024 1:14:18 AM,-2.30
10609,3/25/2024 1:14:22 AM,-2.00
10609,3/25/2024 1:14:22 AM,-2.00
10609,3/25/2024 1:14:26 AM,-2.10
10609,3/25/2024 1:14:26 AM,-2.10
10609,3/25/2024 1:14:41 AM,-1.90
10609,3/25/2024 1:14:41 AM,-1.90
10609,3/25/2024 1:14:46 AM,-2.20
10609,3/25/2024 1:14:46 AM,-2.20
10609,3/25/2024 1:14:51 AM,-2.10
10609,3/25/2024 1:14:51 AM,-2.10
10609,3/25/2024 1:14:58 AM,-2.20
10609,3/25/2024 1:14:58 AM,-2.20
10609,3/25/2024 1:15:07 AM,-2.10
10609,3/25/2024 1:15:07 AM,-2.10
10609,3/25/2024 1:15:21 AM,-2.20
10609,3/25/2024 1:15:21 AM,-2.20
10609,3/25/2024 1:15:25 AM,-2.30
10609,3/25/2024 1:15:25 AM,-2.30
10609,3/25/2024 1:15:31 AM,-2.10
10609,3/25/2024 1:15:31 AM,-2.10
10609,3/25/2024 1:16:07 AM,-1.90
10609,3/25/2024 1:16:07 AM,-1.90
10609,3/25/2024 1:16:14 AM,-1.70
10609,3/25/2024 1:16:14 AM,-1.70
10609,3/25/2024 1:16:22 AM,-1.60
10609,3/25/2024 1:16:22 AM,-1.60
10609,3/25/2024 1:16:53 AM,-2.00
10609,3/25/2024 1:16:53 AM,-2.00
10609,3/25/2024 1:17:12 AM,-2.20
10609,3/25/2024 1:17:12 AM,-2.20
10609,3/25/2024 1:17:25 AM,-2.00
10609,3/25/2024 1:17:25 AM,-2.00
10609,3/25/2024 1:17:35 AM,-2.20
10609,3/25/2024 1:17:35 AM,-2.20
10609,3/25/2024 1:17:39 AM,-2.10
10609,3/25/2024 1:17:39 AM,-2.10
10609,3/25/2024 1:18:03 AM,-2.00
10609,3/25/2024 1:18:03 AM,-2.00
10609,3/25/2024 1:18:08 AM,-1.80
10609,3/25/2024 1:18:08 AM,-1.80
10609,3/25/2024 1:18:14 AM,-1.70
10609,3/25/2024 1:18:14 AM,-1.70
10609,3/25/2024 1:18:49 AM,-1.90
10609,3/25/2024 1:18:49 AM,-1.90
10609,3/25/2024 1:19:09 AM,-2.00
10609,3/25/2024 1:19:09 AM,-2.00
10609,3/25/2024 1:19:13 AM,-1.90
10609,3/25/2024 1:19:13 AM,-1.90
10609,3/25/2024 1:19:19 AM,-2.00
10609,3/25/2024 1:19:19 AM,-2.00
10609,3/25/2024 1:19:24 AM,-1.90
10609,3/25/2024 1:19:24 AM,-1.90
10609,3/25/2024 1:19:39 AM,-2.10
10609,3/25/2024 1:19:39 AM,-2.10
10609,3/25/2024 1:19:42 AM,-1.90
10609,3/25/2024 1:19:42 AM,-1.90
10609,3/25/2024 1:19:45 AM,-2.10
10609,3/25/2024 1:19:45 AM,-2.10
10609,3/25/2024 1:19:48 AM,-2.20
10609,3/25/2024 1:19:48 AM,-2.20
10609,3/25/2024 1:19:56 AM,-1.90
10609,3/25/2024 1:19:56 AM,-1.90
10609,3/25/2024 1:20:06 AM,-2.00
10609,3/25/2024 1:20:06 AM,-2.00
10609,3/25/2024 1:20:13 AM,-2.30
10609,3/25/2024 1:20:13 AM,-2.30
10609,3/25/2024 1:20:24 AM,-2.10
10609,3/25/2024 1:20:24 AM,-2.10
10609,3/25/2024 1:20:47 AM,-1.90
10609,3/25/2024 1:20:47 AM,-1.90
10609,3/25/2024 1:20:51 AM,-2.00
10609,3/25/2024 1:20:51 AM,-2.00
10609,3/25/2024 1:20:54 AM,-2.20
10609,3/25/2024 1:20:54 AM,-2.20
10609,3/25/2024 1:21:10 AM,-2.10
10609,3/25/2024 1:21:10 AM,-2.10
10609,3/25/2024 1:21:13 AM,-2.00
10609,3/25/2024 1:21:13 AM,-2.00
10609,3/25/2024 1:21:20 AM,-2.20
10609,3/25/2024 1:21:20 AM,-2.20
10609,3/25/2024 1:21:50 AM,-2.10
10609,3/25/2024 1:21:50 AM,-2.10
10609,3/25/2024 1:21:54 AM,-2.30
10609,3/25/2024 1:21:54 AM,-2.30
10609,3/25/2024 1:22:12 AM,-2.20
10609,3/25/2024 1:22:12 AM,-2.20
10609,3/25/2024 1:22:22 AM,-2.50
10609,3/25/2024 1:22:22 AM,-2.50
10609,3/25/2024 1:22:40 AM,-2.60
10609,3/25/2024 1:22:40 AM,-2.60
10609,3/25/2024 1:22:58 AM,-2.40
10609,3/25/2024 1:22:58 AM,-2.40
10609,3/25/2024 1:23:21 AM,-2.30
10609,3/25/2024 1:23:21 AM,-2.30
10609,3/25/2024 1:23:34 AM,-2.40
10609,3/25/2024 1:23:34 AM,-2.40
10609,3/25/2024 1:24:07 AM,-2.20
10609,3/25/2024 1:24:07 AM,-2.20
10609,3/25/2024 1:24:19 AM,-2.30
10609,3/25/2024 1:24:19 AM,-2.30
10609,3/25/2024 1:24:23 AM,-2.40
10609,3/25/2024 1:24:23 AM,-2.40
10609,3/25/2024 1:24:35 AM,-2.50
10609,3/25/2024 1:24:35 AM,-2.50
10609,3/25/2024 1:24:38 AM,-2.40
10609,3/25/2024 1:24:38 AM,-2.40
10609,3/25/2024 1:24:42 AM,-2.50
10609,3/25/2024 1:24:42 AM,-2.50
10609,3/25/2024 1:25:19 AM,-2.60
10609,3/25/2024 1:25:19 AM,-2.60
10609,3/25/2024 1:25:39 AM,-2.50
10609,3/25/2024 1:25:39 AM,-2.50
10609,3/25/2024 1:25:43 AM,-2.60
10609,3/25/2024 1:25:43 AM,-2.60
10609,3/25/2024 1:25:46 AM,-2.50
10609,3/25/2024 1:25:46 AM,-2.50
10609,3/25/2024 1:26:10 AM,-2.40
10609,3/25/2024 1:26:10 AM,-2.40
10609,3/25/2024 1:26:20 AM,-2.50
10609,3/25/2024 1:26:20 AM,-2.50
10609,3/25/2024 1:26:31 AM,-2.40
10609,3/25/2024 1:26:31 AM,-2.40
10609,3/25/2024 1:26:49 AM,-2.50
10609,3/25/2024 1:26:49 AM,-2.50
10609,3/25/2024 1:26:56 AM,-2.40
10609,3/25/2024 1:26:56 AM,-2.40
10609,3/25/2024 1:27:05 AM,-2.50
10609,3/25/2024 1:27:05 AM,-2.50
10609,3/25/2024 1:27:07 AM,-2.40
10609,3/25/2024 1:27:07 AM,-2.40
10609,3/25/2024 1:27:17 AM,-2.50
10609,3/25/2024 1:27:17 AM,-2.50
10609,3/25/2024 1:27:36 AM,-2.30
10609,3/25/2024 1:27:36 AM,-2.30
10609,3/25/2024 1:27:40 AM,-2.40
10609,3/25/2024 1:27:40 AM,-2.40
10609,3/25/2024 1:28:01 AM,-2.50
10609,3/25/2024 1:28:01 AM,-2.50
10609,3/25/2024 1:28:04 AM,-2.60
10609,3/25/2024 1:28:04 AM,-2.60
10609,3/25/2024 1:28:07 AM,-2.50
10609,3/25/2024 1:28:07 AM,-2.50
10609,3/25/2024 1:28:12 AM,-2.60
10609,3/25/2024 1:28:12 AM,-2.60
10609,3/25/2024 1:28:16 AM,-2.50
10609,3/25/2024 1:28:16 AM,-2.50
10609,3/25/2024 1:28:19 AM,-2.60
10609,3/25/2024 1:28:19 AM,-2.60
10609,3/25/2024 1:28:27 AM,-2.40
10609,3/25/2024 1:28:27 AM,-2.40
10609,3/25/2024 1:28:30 AM,-2.50
10609,3/25/2024 1:28:30 AM,-2.50
10609,3/25/2024 1:28:47 AM,-2.30
10609,3/25/2024 1:28:47 AM,-2.30
10609,3/25/2024 1:29:57 AM,-2.40
10609,3/25/2024 1:29:57 AM,-2.40
10609,3/25/2024 1:29:59 AM,-2.30
10609,3/25/2024 1:29:59 AM,-2.30
10609,3/25/2024 1:30:02 AM,-2.40
10609,3/25/2024 1:30:02 AM,-2.40
10609,3/25/2024 1:30:18 AM,-2.30
10609,3/25/2024 1:30:18 AM,-2.30
10609,3/25/2024 1:30:21 AM,-2.40
10609,3/25/2024 1:30:21 AM,-2.40
10609,3/25/2024 1:30:26 AM,-2.30
10609,3/25/2024 1:30:26 AM,-2.30
10609,3/25/2024 1:30:38 AM,-2.40
10609,3/25/2024 1:30:38 AM,-2.40
10609,3/25/2024 1:31:29 AM,-2.10
10609,3/25/2024 1:31:29 AM,-2.10
10609,3/25/2024 1:31:38 AM,-2.20
10609,3/25/2024 1:31:38 AM,-2.20
10609,3/25/2024 1:31:51 AM,-2.10
10609,3/25/2024 1:31:51 AM,-2.10
10609,3/25/2024 1:31:54 AM,-2.20
10609,3/25/2024 1:31:54 AM,-2.20
10609,3/25/2024 1:32:08 AM,-2.00
10609,3/25/2024 1:32:08 AM,-2.00
10609,3/25/2024 1:32:11 AM,-2.10
10609,3/25/2024 1:32:11 AM,-2.10
10609,3/25/2024 1:32:37 AM,-2.00
10609,3/25/2024 1:32:37 AM,-2.00
10609,3/25/2024 1:32:39 AM,-1.90
10609,3/25/2024 1:32:39 AM,-1.90
10609,3/25/2024 1:32:43 AM,-2.10
10609,3/25/2024 1:32:43 AM,-2.10
10609,3/25/2024 1:33:01 AM,-2.30
10609,3/25/2024 1:33:01 AM,-2.30
10609,3/25/2024 1:33:03 AM,-2.40
10609,3/25/2024 1:33:03 AM,-2.40
10609,3/25/2024 1:33:05 AM,-2.30
10609,3/25/2024 1:33:05 AM,-2.30
10609,3/25/2024 1:33:08 AM,-2.40
10609,3/25/2024 1:33:08 AM,-2.40
10609,3/25/2024 1:34:17 AM,-2.00
10609,3/25/2024 1:34:17 AM,-2.00
10609,3/25/2024 1:34:19 AM,-2.10
10609,3/25/2024 1:34:19 AM,-2.10
10609,3/25/2024 1:34:39 AM,-2.20
10609,3/25/2024 1:34:39 AM,-2.20
10609,3/25/2024 1:34:41 AM,-2.10
10609,3/25/2024 1:34:41 AM,-2.10
10609,3/25/2024 1:34:56 AM,-2.20
10609,3/25/2024 1:34:56 AM,-2.20
10609,3/25/2024 1:35:08 AM,-2.10
10609,3/25/2024 1:35:08 AM,-2.10
10609,3/25/2024 1:35:10 AM,-2.20
10609,3/25/2024 1:35:10 AM,-2.20
10609,3/25/2024 1:35:18 AM,-2.30
10609,3/25/2024 1:35:18 AM,-2.30
10609,3/25/2024 1:35:25 AM,-2.10
10609,3/25/2024 1:35:25 AM,-2.10
10609,3/25/2024 1:35:33 AM,-2.00
10609,3/25/2024 1:35:33 AM,-2.00
10609,3/25/2024 1:35:36 AM,-2.10
10609,3/25/2024 1:35:36 AM,-2.10
10609,3/25/2024 1:35:41 AM,-2.00
10609,3/25/2024 1:35:41 AM,-2.00
10609,3/25/2024 1:35:45 AM,-1.80
10609,3/25/2024 1:35:45 AM,-1.80
10609,3/25/2024 1:35:51 AM,-2.00
10609,3/25/2024 1:35:51 AM,-2.00
10609,3/25/2024 1:35:58 AM,-2.10
10609,3/25/2024 1:35:58 AM,-2.10
10609,3/25/2024 1:36:15 AM,-2.00
10609,3/25/2024 1:36:15 AM,-2.00
10609,3/25/2024 1:36:40 AM,-2.20
10609,3/25/2024 1:36:40 AM,-2.20
10609,3/25/2024 1:36:43 AM,-2.10
10609,3/25/2024 1:36:43 AM,-2.10
10609,3/25/2024 1:36:58 AM,-2.30
10609,3/25/2024 1:36:58 AM,-2.30
10609,3/25/2024 1:37:15 AM,-2.10
10609,3/25/2024 1:37:15 AM,-2.10
10609,3/25/2024 1:37:20 AM,-1.80
10609,3/25/2024 1:37:20 AM,-1.80
10609,3/25/2024 1:37:31 AM,-2.30
10609,3/25/2024 1:37:31 AM,-2.30
10609,3/25/2024 1:37:46 AM,-2.40
10609,3/25/2024 1:37:46 AM,-2.40
10609,3/25/2024 1:38:02 AM,-2.20
10609,3/25/2024 1:38:02 AM,-2.20
10609,3/25/2024 1:38:04 AM,-2.30
10609,3/25/2024 1:38:04 AM,-2.30
10609,3/25/2024 1:38:11 AM,-2.40
10609,3/25/2024 1:38:11 AM,-2.40
10609,3/25/2024 1:38:33 AM,-2.30
10609,3/25/2024 1:38:33 AM,-2.30
10609,3/25/2024 1:38:58 AM,-2.00
10609,3/25/2024 1:38:58 AM,-2.00
10609,3/25/2024 1:39:02 AM,-2.10
10609,3/25/2024 1:39:02 AM,-2.10
10609,3/25/2024 1:39:05 AM,-2.00
10609,3/25/2024 1:39:05 AM,-2.00
10609,3/25/2024 1:39:11 AM,-2.10
10609,3/25/2024 1:39:11 AM,-2.10
10609,3/25/2024 1:39:47 AM,-2.20
10609,3/25/2024 1:39:47 AM,-2.20
10609,3/25/2024 1:40:09 AM,-2.40
10609,3/25/2024 1:40:09 AM,-2.40
10609,3/25/2024 1:40:12 AM,-2.50
10609,3/25/2024 1:40:12 AM,-2.50
10609,3/25/2024 1:40:23 AM,-2.20
10609,3/25/2024 1:40:23 AM,-2.20
10609,3/25/2024 1:40:27 AM,-2.30
10609,3/25/2024 1:40:27 AM,-2.30
10609,3/25/2024 1:40:43 AM,-2.00
10609,3/25/2024 1:40:43 AM,-2.00
10609,3/25/2024 1:40:51 AM,-2.20
10609,3/25/2024 1:40:51 AM,-2.20
10609,3/25/2024 1:41:35 AM,-1.90
10609,3/25/2024 1:41:35 AM,-1.90
10609,3/25/2024 1:41:38 AM,-2.00
10609,3/25/2024 1:41:38 AM,-2.00
10609,3/25/2024 1:41:41 AM,-1.90
10609,3/25/2024 1:41:41 AM,-1.90
10609,3/25/2024 1:41:44 AM,-2.00
10609,3/25/2024 1:41:44 AM,-2.00
10609,3/25/2024 1:41:48 AM,-1.90
10609,3/25/2024 1:41:48 AM,-1.90
10609,3/25/2024 1:42:02 AM,-2.20
10609,3/25/2024 1:42:02 AM,-2.20
10609,3/25/2024 1:42:06 AM,-2.10
10609,3/25/2024 1:42:06 AM,-2.10
10609,3/25/2024 1:42:24 AM,-2.00
10609,3/25/2024 1:42:24 AM,-2.00
10609,3/25/2024 1:42:28 AM,-2.10
10609,3/25/2024 1:42:28 AM,-2.10
10609,3/25/2024 1:42:38 AM,-1.90
10609,3/25/2024 1:42:38 AM,-1.90
10609,3/25/2024 1:42:44 AM,-2.00
10609,3/25/2024 1:42:44 AM,-2.00
10609,3/25/2024 1:42:48 AM,-1.90
10609,3/25/2024 1:42:48 AM,-1.90
10609,3/25/2024 1:43:19 AM,-2.00
10609,3/25/2024 1:43:19 AM,-2.00
10609,3/25/2024 1:43:36 AM,-2.30
10609,3/25/2024 1:43:36 AM,-2.30
10609,3/25/2024 1:43:43 AM,-2.40
10609,3/25/2024 1:43:43 AM,-2.40
10609,3/25/2024 1:43:46 AM,-2.30
10609,3/25/2024 1:43:46 AM,-2.30
10609,3/25/2024 1:43:58 AM,-2.40
10609,3/25/2024 1:43:58 AM,-2.40
10609,3/25/2024 1:44:05 AM,-2.20
10609,3/25/2024 1:44:05 AM,-2.20
10609,3/25/2024 1:44:17 AM,-2.10
10609,3/25/2024 1:44:17 AM,-2.10
10609,3/25/2024 1:44:35 AM,-1.70
10609,3/25/2024 1:44:35 AM,-1.70
10609,3/25/2024 1:44:42 AM,-1.80
10609,3/25/2024 1:44:42 AM,-1.80
10609,3/25/2024 1:44:44 AM,-1.70
10609,3/25/2024 1:44:44 AM,-1.70
10609,3/25/2024 1:44:49 AM,-1.80
10609,3/25/2024 1:44:49 AM,-1.80
10609,3/25/2024 1:44:53 AM,-1.70
10609,3/25/2024 1:44:53 AM,-1.70
10609,3/25/2024 1:44:57 AM,-1.80
10609,3/25/2024 1:44:57 AM,-1.80
10609,3/25/2024 1:45:00 AM,-1.70
10609,3/25/2024 1:45:00 AM,-1.70
10609,3/25/2024 1:45:04 AM,-1.80
10609,3/25/2024 1:45:04 AM,-1.80
10609,3/25/2024 1:45:25 AM,-1.60
10609,3/25/2024 1:45:25 AM,-1.60
10609,3/25/2024 1:45:33 AM,-1.80
10609,3/25/2024 1:45:33 AM,-1.80
10609,3/25/2024 1:45:51 AM,-1.60
10609,3/25/2024 1:45:51 AM,-1.60
10609,3/25/2024 1:46:13 AM,-2.20
10609,3/25/2024 1:46:13 AM,-2.20
10609,3/25/2024 1:46:34 AM,-1.90
10609,3/25/2024 1:46:34 AM,-1.90
10609,3/25/2024 1:46:44 AM,-2.00
10609,3/25/2024 1:46:44 AM,-2.00
10609,3/25/2024 1:47:06 AM,-1.90
10609,3/25/2024 1:47:06 AM,-1.90
10609,3/25/2024 1:47:09 AM,-2.00
10609,3/25/2024 1:47:09 AM,-2.00
10609,3/25/2024 1:47:22 AM,-1.90
10609,3/25/2024 1:47:22 AM,-1.90
10609,3/25/2024 1:47:24 AM,-2.00
10609,3/25/2024 1:47:24 AM,-2.00
10609,3/25/2024 1:47:38 AM,-1.80
10609,3/25/2024 1:47:38 AM,-1.80
10609,3/25/2024 1:47:40 AM,-1.90
10609,3/25/2024 1:47:40 AM,-1.90
10609,3/25/2024 1:47:50 AM,-2.00
10609,3/25/2024 1:47:50 AM,-2.00
10609,3/25/2024 1:47:55 AM,-1.90
10609,3/25/2024 1:47:55 AM,-1.90
10609,3/25/2024 1:48:12 AM,-2.00
10609,3/25/2024 1:48:12 AM,-2.00
10609,3/25/2024 1:48:23 AM,-1.80
10609,3/25/2024 1:48:23 AM,-1.80
10609,3/25/2024 1:48:38 AM,-1.90
10609,3/25/2024 1:48:38 AM,-1.90
10609,3/25/2024 1:48:44 AM,-1.70
10609,3/25/2024 1:48:44 AM,-1.70
10609,3/25/2024 1:48:47 AM,-1.40
10609,3/25/2024 1:48:47 AM,-1.40
10609,3/25/2024 1:48:52 AM,-1.70
10609,3/25/2024 1:48:52 AM,-1.70
10609,3/25/2024 1:49:28 AM,-2.00
10609,3/25/2024 1:49:28 AM,-2.00
10609,3/25/2024 1:49:36 AM,-1.90
10609,3/25/2024 1:49:36 AM,-1.90
10609,3/25/2024 1:49:41 AM,-1.60
10609,3/25/2024 1:49:41 AM,-1.60
10609,3/25/2024 1:49:47 AM,-1.90
10609,3/25/2024 1:49:47 AM,-1.90
10609,3/25/2024 1:50:09 AM,-1.60
10609,3/25/2024 1:50:09 AM,-1.60
10609,3/25/2024 1:50:12 AM,-1.80
10609,3/25/2024 1:50:12 AM,-1.80
10609,3/25/2024 1:50:29 AM,-1.90
10609,3/25/2024 1:50:29 AM,-1.90
10609,3/25/2024 1:50:37 AM,-1.70
10609,3/25/2024 1:50:37 AM,-1.70
10609,3/25/2024 1:50:49 AM,-1.90
10609,3/25/2024 1:50:49 AM,-1.90
10609,3/25/2024 1:50:53 AM,-1.80
10609,3/25/2024 1:50:53 AM,-1.80
10609,3/25/2024 1:51:14 AM,-1.70
10609,3/25/2024 1:51:14 AM,-1.70
10609,3/25/2024 1:51:20 AM,-1.80
10609,3/25/2024 1:51:20 AM,-1.80
10609,3/25/2024 1:51:46 AM,-1.70
10609,3/25/2024 1:51:46 AM,-1.70
10609,3/25/2024 1:51:56 AM,-1.90
10609,3/25/2024 1:51:56 AM,-1.90
10609,3/25/2024 1:52:24 AM,-1.70
10609,3/25/2024 1:52:24 AM,-1.70
10609,3/25/2024 1:52:27 AM,-1.80
10609,3/25/2024 1:52:27 AM,-1.80
10609,3/25/2024 1:53:01 AM,-1.70
10609,3/25/2024 1:53:01 AM,-1.70
10609,3/25/2024 1:53:27 AM,-1.80
10609,3/25/2024 1:53:27 AM,-1.80
10609,3/25/2024 1:53:48 AM,-2.00
10609,3/25/2024 1:53:48 AM,-2.00
10609,3/25/2024 1:53:53 AM,-1.90
10609,3/25/2024 1:53:53 AM,-1.90
10609,3/25/2024 1:54:18 AM,-1.80
10609,3/25/2024 1:54:18 AM,-1.80
10609,3/25/2024 1:54:48 AM,-2.10
10609,3/25/2024 1:54:48 AM,-2.10
10609,3/25/2024 1:54:57 AM,-2.00
10609,3/25/2024 1:54:57 AM,-2.00
10609,3/25/2024 1:54:59 AM,-1.80
10609,3/25/2024 1:54:59 AM,-1.80
10609,3/25/2024 1:55:03 AM,-1.70
10609,3/25/2024 1:55:03 AM,-1.70
10609,3/25/2024 1:55:16 AM,-1.60
10609,3/25/2024 1:55:16 AM,-1.60
10609,3/25/2024 1:55:45 AM,-2.00
10609,3/25/2024 1:55:45 AM,-2.00
10609,3/25/2024 1:55:50 AM,-2.10
10609,3/25/2024 1:55:50 AM,-2.10
10609,3/25/2024 1:56:05 AM,-2.20
10609,3/25/2024 1:56:05 AM,-2.20
10609,3/25/2024 1:56:12 AM,-2.10
10609,3/25/2024 1:56:12 AM,-2.10
10609,3/25/2024 1:56:31 AM,-2.40
10609,3/25/2024 1:56:31 AM,-2.40
10609,3/25/2024 1:56:59 AM,-2.20
10609,3/25/2024 1:56:59 AM,-2.20
10609,3/25/2024 1:57:22 AM,-2.30
10609,3/25/2024 1:57:22 AM,-2.30
10609,3/25/2024 1:57:29 AM,-2.50
10609,3/25/2024 1:57:29 AM,-2.50
10609,3/25/2024 1:57:40 AM,-2.60
10609,3/25/2024 1:57:40 AM,-2.60
10609,3/25/2024 1:57:59 AM,-2.40
10609,3/25/2024 1:57:59 AM,-2.40
10609,3/25/2024 1:58:13 AM,-2.00
10609,3/25/2024 1:58:13 AM,-2.00
10609,3/25/2024 1:58:19 AM,-2.10
10609,3/25/2024 1:58:19 AM,-2.10
10609,3/25/2024 1:58:30 AM,-2.00
10609,3/25/2024 1:58:30 AM,-2.00
10609,3/25/2024 1:59:10 AM,-2.20
10609,3/25/2024 1:59:10 AM,-2.20
10609,3/25/2024 1:59:24 AM,-2.10
10609,3/25/2024 1:59:24 AM,-2.10
10609,3/25/2024 1:59:28 AM,-2.00
10609,3/25/2024 1:59:28 AM,-2.00
10609,3/25/2024 1:59:49 AM,-2.10
10609,3/25/2024 1:59:49 AM,-2.10
10609,3/25/2024 1:59:57 AM,-2.00
10609,3/25/2024 1:59:57 AM,-2.00
10609,3/25/2024 2:00:00 AM,-2.10
10609,3/25/2024 2:00:00 AM,-2.10
10609,3/25/2024 2:00:23 AM,-1.90
10609,3/25/2024 2:00:23 AM,-1.90
10609,3/25/2024 2:00:50 AM,-2.10
10609,3/25/2024 2:00:50 AM,-2.10
10609,3/25/2024 2:01:03 AM,-2.00
10609,3/25/2024 2:01:03 AM,-2.00
10609,3/25/2024 2:01:21 AM,-2.10
10609,3/25/2024 2:01:21 AM,-2.10
10609,3/25/2024 2:01:26 AM,-2.00
10609,3/25/2024 2:01:26 AM,-2.00
10609,3/25/2024 2:01:47 AM,-1.90
10609,3/25/2024 2:01:47 AM,-1.90
10609,3/25/2024 2:01:50 AM,-2.00
10609,3/25/2024 2:01:50 AM,-2.00
10609,3/25/2024 2:01:52 AM,-1.90
10609,3/25/2024 2:01:52 AM,-1.90
10609,3/25/2024 2:02:16 AM,-2.00
10609,3/25/2024 2:02:16 AM,-2.00
10609,3/25/2024 2:02:24 AM,-1.70
10609,3/25/2024 2:02:24 AM,-1.70
10609,3/25/2024 2:02:29 AM,-1.80
10609,3/25/2024 2:02:29 AM,-1.80
10609,3/25/2024 2:02:32 AM,-1.60
10609,3/25/2024 2:02:32 AM,-1.60
10609,3/25/2024 2:02:39 AM,-1.50
10609,3/25/2024 2:02:39 AM,-1.50
10609,3/25/2024 2:02:46 AM,-1.30
10609,3/25/2024 2:02:46 AM,-1.30
10609,3/25/2024 2:03:02 AM,-1.60
10609,3/25/2024 2:03:02 AM,-1.60
10609,3/25/2024 2:03:08 AM,-1.70
10609,3/25/2024 2:03:08 AM,-1.70
10609,3/25/2024 2:03:25 AM,-1.50
10609,3/25/2024 2:03:25 AM,-1.50
10609,3/25/2024 2:03:57 AM,-2.00
10609,3/25/2024 2:03:57 AM,-2.00
10609,3/25/2024 2:04:03 AM,-1.80
10609,3/25/2024 2:04:03 AM,-1.80
10609,3/25/2024 2:04:10 AM,-1.70
10609,3/25/2024 2:04:10 AM,-1.70
10609,3/25/2024 2:04:26 AM,-1.80
10609,3/25/2024 2:04:26 AM,-1.80
10609,3/25/2024 2:04:30 AM,-1.90
10609,3/25/2024 2:04:30 AM,-1.90
10609,3/25/2024 2:04:43 AM,-1.80
10609,3/25/2024 2:04:43 AM,-1.80
10609,3/25/2024 2:04:48 AM,-1.90
10609,3/25/2024 2:04:48 AM,-1.90
10609,3/25/2024 2:05:31 AM,-2.10
10609,3/25/2024 2:05:31 AM,-2.10
10609,3/25/2024 2:05:38 AM,-2.00
10609,3/25/2024 2:05:38 AM,-2.00
10609,3/25/2024 2:06:00 AM,-1.90
10609,3/25/2024 2:06:00 AM,-1.90
10609,3/25/2024 2:06:04 AM,-1.80
10609,3/25/2024 2:06:04 AM,-1.80
10609,3/25/2024 2:06:14 AM,-1.40
10609,3/25/2024 2:06:14 AM,-1.40
10609,3/25/2024 2:06:18 AM,-1.90
10609,3/25/2024 2:06:18 AM,-1.90
10609,3/25/2024 2:06:21 AM,-2.10
10609,3/25/2024 2:06:21 AM,-2.10
10609,3/25/2024 2:06:24 AM,-2.70
10609,3/25/2024 2:06:24 AM,-2.70
10609,3/25/2024 2:06:28 AM,-1.80
10609,3/25/2024 2:06:28 AM,-1.80
10609,3/25/2024 2:06:34 AM,-2.00
10609,3/25/2024 2:06:34 AM,-2.00
10609,3/25/2024 2:06:38 AM,-1.90
10609,3/25/2024 2:06:38 AM,-1.90
10609,3/25/2024 2:06:41 AM,-2.10
10609,3/25/2024 2:06:41 AM,-2.10
10609,3/25/2024 2:06:45 AM,-2.20
10609,3/25/2024 2:06:45 AM,-2.20
10609,3/25/2024 2:06:48 AM,-1.90
10609,3/25/2024 2:06:48 AM,-1.90
10609,3/25/2024 2:06:55 AM,-2.40
10609,3/25/2024 2:06:55 AM,-2.40
10609,3/25/2024 2:07:01 AM,-2.60
10609,3/25/2024 2:07:01 AM,-2.60
10609,3/25/2024 2:07:10 AM,-2.70
10609,3/25/2024 2:07:10 AM,-2.70
10609,3/25/2024 2:07:28 AM,-2.50
10609,3/25/2024 2:07:28 AM,-2.50
10609,3/25/2024 2:07:47 AM,-2.60
10609,3/25/2024 2:07:47 AM,-2.60
10609,3/25/2024 2:08:03 AM,-2.50
10609,3/25/2024 2:08:03 AM,-2.50
10609,3/25/2024 2:08:08 AM,-2.60
10609,3/25/2024 2:08:08 AM,-2.60
10609,3/25/2024 2:08:19 AM,-2.50
10609,3/25/2024 2:08:19 AM,-2.50
10609,3/25/2024 2:08:21 AM,-2.40
10609,3/25/2024 2:08:21 AM,-2.40
10609,3/25/2024 2:08:24 AM,-2.50
10609,3/25/2024 2:08:24 AM,-2.50
10609,3/25/2024 2:08:34 AM,-2.60
10609,3/25/2024 2:08:34 AM,-2.60
10609,3/25/2024 2:08:37 AM,-2.50
10609,3/25/2024 2:08:37 AM,-2.50
10609,3/25/2024 2:08:49 AM,-2.60
10609,3/25/2024 2:08:49 AM,-2.60
10609,3/25/2024 2:08:59 AM,-2.50
10609,3/25/2024 2:08:59 AM,-2.50
10609,3/25/2024 2:09:05 AM,-2.60
10609,3/25/2024 2:09:05 AM,-2.60
10609,3/25/2024 2:09:09 AM,-2.80
10609,3/25/2024 2:09:09 AM,-2.80
10609,3/25/2024 2:09:15 AM,-2.90
10609,3/25/2024 2:09:15 AM,-2.90
10609,3/25/2024 2:09:18 AM,-2.70
10609,3/25/2024 2:09:18 AM,-2.70
10609,3/25/2024 2:09:26 AM,-2.50
10609,3/25/2024 2:09:26 AM,-2.50
10609,3/25/2024 2:09:28 AM,-2.20
10609,3/25/2024 2:09:28 AM,-2.20
10609,3/25/2024 2:09:31 AM,-2.10
10609,3/25/2024 2:09:31 AM,-2.10
10609,3/25/2024 2:09:42 AM,-2.70
10609,3/25/2024 2:09:42 AM,-2.70
10609,3/25/2024 2:09:46 AM,-2.80
10609,3/25/2024 2:09:46 AM,-2.80
10609,3/25/2024 2:09:50 AM,-2.60
10609,3/25/2024 2:09:50 AM,-2.60
10609,3/25/2024 2:09:53 AM,-2.80
10609,3/25/2024 2:09:53 AM,-2.80
10609,3/25/2024 2:10:00 AM,-2.60
10609,3/25/2024 2:10:00 AM,-2.60
10609,3/25/2024 2:10:03 AM,-2.30
10609,3/25/2024 2:10:03 AM,-2.30
10609,3/25/2024 2:10:05 AM,-2.20
10609,3/25/2024 2:10:05 AM,-2.20
10609,3/25/2024 2:10:20 AM,-2.50
10609,3/25/2024 2:10:20 AM,-2.50
10609,3/25/2024 2:10:22 AM,-2.60
10609,3/25/2024 2:10:22 AM,-2.60
10609,3/25/2024 2:10:26 AM,-2.50
10609,3/25/2024 2:10:26 AM,-2.50
10609,3/25/2024 2:10:32 AM,-2.60
10609,3/25/2024 2:10:32 AM,-2.60
10609,3/25/2024 2:10:36 AM,-2.80
10609,3/25/2024 2:10:36 AM,-2.80
10609,3/25/2024 2:10:55 AM,-2.50
10609,3/25/2024 2:10:55 AM,-2.50
10609,3/25/2024 2:11:02 AM,-2.70
10609,3/25/2024 2:11:02 AM,-2.70
10609,3/25/2024 2:11:15 AM,-2.50
10609,3/25/2024 2:11:15 AM,-2.50
10609,3/25/2024 2:11:20 AM,-2.60
10609,3/25/2024 2:11:20 AM,-2.60
10609,3/25/2024 2:11:23 AM,-2.50
10609,3/25/2024 2:11:23 AM,-2.50
10609,3/25/2024 2:11:26 AM,-2.60
10609,3/25/2024 2:11:26 AM,-2.60
10609,3/25/2024 2:11:30 AM,-2.50
10609,3/25/2024 2:11:30 AM,-2.50
10609,3/25/2024 2:11:33 AM,-2.60
10609,3/25/2024 2:11:33 AM,-2.60
10609,3/25/2024 2:11:42 AM,-2.50
10609,3/25/2024 2:11:42 AM,-2.50
10609,3/25/2024 2:11:56 AM,-2.60
10609,3/25/2024 2:11:56 AM,-2.60
10609,3/25/2024 2:13:01 AM,-2.10
10609,3/25/2024 2:13:01 AM,-2.10
10609,3/25/2024 2:13:22 AM,-2.40
10609,3/25/2024 2:13:22 AM,-2.40
10609,3/25/2024 2:13:45 AM,-2.30
10609,3/25/2024 2:13:45 AM,-2.30
10609,3/25/2024 2:13:57 AM,-2.00
10609,3/25/2024 2:13:57 AM,-2.00
10609,3/25/2024 2:14:01 AM,-2.20
10609,3/25/2024 2:14:01 AM,-2.20
10609,3/25/2024 2:14:06 AM,-1.90
10609,3/25/2024 2:14:06 AM,-1.90
10609,3/25/2024 2:14:13 AM,-2.00
10609,3/25/2024 2:14:13 AM,-2.00
10609,3/25/2024 2:14:16 AM,-2.20
10609,3/25/2024 2:14:16 AM,-2.20
10609,3/25/2024 2:14:19 AM,-2.10
10609,3/25/2024 2:14:19 AM,-2.10
10609,3/25/2024 2:14:22 AM,-1.90
10609,3/25/2024 2:14:22 AM,-1.90
10609,3/25/2024 2:14:30 AM,-1.80
10609,3/25/2024 2:14:30 AM,-1.80
10609,3/25/2024 2:14:37 AM,-1.90
10609,3/25/2024 2:14:37 AM,-1.90
10609,3/25/2024 2:14:47 AM,-1.80
10609,3/25/2024 2:14:47 AM,-1.80
10609,3/25/2024 2:14:51 AM,-1.90
10609,3/25/2024 2:14:51 AM,-1.90
10609,3/25/2024 2:14:54 AM,-1.80
10609,3/25/2024 2:14:54 AM,-1.80
10609,3/25/2024 2:14:57 AM,-2.00
10609,3/25/2024 2:14:57 AM,-2.00
10609,3/25/2024 2:15:08 AM,-1.70
10609,3/25/2024 2:15:08 AM,-1.70
10609,3/25/2024 2:15:12 AM,-1.50
10609,3/25/2024 2:15:12 AM,-1.50
10609,3/25/2024 2:15:15 AM,-1.60
10609,3/25/2024 2:15:15 AM,-1.60
10609,3/25/2024 2:15:36 AM,-1.70
10609,3/25/2024 2:15:36 AM,-1.70
10609,3/25/2024 2:15:43 AM,-1.80
10609,3/25/2024 2:15:43 AM,-1.80
10609,3/25/2024 2:15:47 AM,-1.70
10609,3/25/2024 2:15:47 AM,-1.70
10609,3/25/2024 2:15:55 AM,-2.00
10609,3/25/2024 2:15:55 AM,-2.00
10609,3/25/2024 2:16:02 AM,-1.80
10609,3/25/2024 2:16:02 AM,-1.80
10609,3/25/2024 2:16:11 AM,-1.90
10609,3/25/2024 2:16:11 AM,-1.90
10609,3/25/2024 2:16:21 AM,-1.60
10609,3/25/2024 2:16:21 AM,-1.60
10609,3/25/2024 2:16:25 AM,-1.70
10609,3/25/2024 2:16:25 AM,-1.70
10609,3/25/2024 2:16:32 AM,-1.50
10609,3/25/2024 2:16:32 AM,-1.50
10609,3/25/2024 2:16:46 AM,-1.40
10609,3/25/2024 2:16:46 AM,-1.40
10609,3/25/2024 2:16:57 AM,-1.60
10609,3/25/2024 2:16:57 AM,-1.60
10609,3/25/2024 2:17:19 AM,-2.00
10609,3/25/2024 2:17:19 AM,-2.00
10609,3/25/2024 2:17:39 AM,-1.70
10609,3/25/2024 2:17:39 AM,-1.70
10609,3/25/2024 2:17:42 AM,-1.80
10609,3/25/2024 2:17:42 AM,-1.80
10609,3/25/2024 2:18:08 AM,-2.00
10609,3/25/2024 2:18:08 AM,-2.00
10609,3/25/2024 2:18:21 AM,-1.80
10609,3/25/2024 2:18:21 AM,-1.80
10609,3/25/2024 2:18:33 AM,-1.90
10609,3/25/2024 2:18:33 AM,-1.90
10609,3/25/2024 2:18:57 AM,-2.30
10609,3/25/2024 2:18:57 AM,-2.30
10609,3/25/2024 2:19:10 AM,-2.10
10609,3/25/2024 2:19:10 AM,-2.10
10609,3/25/2024 2:19:16 AM,-1.90
10609,3/25/2024 2:19:16 AM,-1.90
10609,3/25/2024 2:19:26 AM,-1.80
10609,3/25/2024 2:19:26 AM,-1.80
10609,3/25/2024 2:19:29 AM,-1.90
10609,3/25/2024 2:19:29 AM,-1.90
10609,3/25/2024 2:19:36 AM,-1.80
10609,3/25/2024 2:19:36 AM,-1.80
10609,3/25/2024 2:19:54 AM,-2.10
10609,3/25/2024 2:19:54 AM,-2.10
10609,3/25/2024 2:20:03 AM,-2.20
10609,3/25/2024 2:20:03 AM,-2.20
10609,3/25/2024 2:20:29 AM,-2.00
10609,3/25/2024 2:20:29 AM,-2.00
10609,3/25/2024 2:20:33 AM,-2.10
10609,3/25/2024 2:20:33 AM,-2.10
10609,3/25/2024 2:20:36 AM,-1.80
10609,3/25/2024 2:20:36 AM,-1.80
10609,3/25/2024 2:20:39 AM,-1.90
10609,3/25/2024 2:20:39 AM,-1.90
10609,3/25/2024 2:20:58 AM,-2.10
10609,3/25/2024 2:20:58 AM,-2.10
10609,3/25/2024 2:21:04 AM,-2.30
10609,3/25/2024 2:21:04 AM,-2.30
10609,3/25/2024 2:21:08 AM,-2.20
10609,3/25/2024 2:21:08 AM,-2.20
10609,3/25/2024 2:21:13 AM,-2.30
10609,3/25/2024 2:21:13 AM,-2.30
10609,3/25/2024 2:21:16 AM,-2.10
10609,3/25/2024 2:21:16 AM,-2.10
10609,3/25/2024 2:21:24 AM,-2.30
10609,3/25/2024 2:21:24 AM,-2.30
10609,3/25/2024 2:21:30 AM,-2.10
10609,3/25/2024 2:21:30 AM,-2.10
10609,3/25/2024 2:21:41 AM,-2.00
10609,3/25/2024 2:21:41 AM,-2.00
10609,3/25/2024 2:21:55 AM,-2.20
10609,3/25/2024 2:21:55 AM,-2.20
10609,3/25/2024 2:22:08 AM,-2.10
10609,3/25/2024 2:22:08 AM,-2.10
10609,3/25/2024 2:22:18 AM,-2.20
10609,3/25/2024 2:22:18 AM,-2.20
10609,3/25/2024 2:22:21 AM,-2.10
10609,3/25/2024 2:22:21 AM,-2.10
10609,3/25/2024 2:22:41 AM,-2.30
10609,3/25/2024 2:22:41 AM,-2.30
10609,3/25/2024 2:22:57 AM,-2.80
10609,3/25/2024 2:22:57 AM,-2.80
10609,3/25/2024 2:23:18 AM,-3.00
10609,3/25/2024 2:23:18 AM,-3.00
10609,3/25/2024 2:23:30 AM,-2.90
10609,3/25/2024 2:23:30 AM,-2.90
10609,3/25/2024 2:23:34 AM,-3.00
10609,3/25/2024 2:23:34 AM,-3.00
10609,3/25/2024 2:23:48 AM,-2.90
10609,3/25/2024 2:23:48 AM,-2.90
10609,3/25/2024 2:23:58 AM,-3.00
10609,3/25/2024 2:23:58 AM,-3.00
10609,3/25/2024 2:24:16 AM,-2.90
10609,3/25/2024 2:24:16 AM,-2.90
10609,3/25/2024 2:24:19 AM,-2.80
10609,3/25/2024 2:24:19 AM,-2.80
10609,3/25/2024 2:24:31 AM,-2.60
10609,3/25/2024 2:24:31 AM,-2.60
10609,3/25/2024 2:25:11 AM,-2.40
10609,3/25/2024 2:25:11 AM,-2.40
10609,3/25/2024 2:25:15 AM,-2.30
10609,3/25/2024 2:25:15 AM,-2.30
10609,3/25/2024 2:25:36 AM,-2.20
10609,3/25/2024 2:25:36 AM,-2.20
10609,3/25/2024 2:25:57 AM,-2.30
10609,3/25/2024 2:25:57 AM,-2.30
10609,3/25/2024 2:26:14 AM,-2.20
10609,3/25/2024 2:26:14 AM,-2.20
10609,3/25/2024 2:26:17 AM,-2.30
10609,3/25/2024 2:26:17 AM,-2.30
10609,3/25/2024 2:26:32 AM,-2.40
10609,3/25/2024 2:26:32 AM,-2.40
10609,3/25/2024 2:26:39 AM,-2.30
10609,3/25/2024 2:26:39 AM,-2.30
10609,3/25/2024 2:26:48 AM,-2.40
10609,3/25/2024 2:26:48 AM,-2.40
10609,3/25/2024 2:27:08 AM,-2.30
10609,3/25/2024 2:27:08 AM,-2.30
10609,3/25/2024 2:27:34 AM,-1.80
10609,3/25/2024 2:27:34 AM,-1.80
10609,3/25/2024 2:27:44 AM,-1.70
10609,3/25/2024 2:27:44 AM,-1.70
10609,3/25/2024 2:27:50 AM,-1.80
10609,3/25/2024 2:27:50 AM,-1.80
10609,3/25/2024 2:27:55 AM,-1.70
10609,3/25/2024 2:27:55 AM,-1.70
10609,3/25/2024 2:28:10 AM,-1.90
10609,3/25/2024 2:28:10 AM,-1.90
10609,3/25/2024 2:28:13 AM,-1.80
10609,3/25/2024 2:28:13 AM,-1.80
10609,3/25/2024 2:28:24 AM,-1.90
10609,3/25/2024 2:28:24 AM,-1.90
10609,3/25/2024 2:28:28 AM,-1.60
10609,3/25/2024 2:28:28 AM,-1.60
10609,3/25/2024 2:28:35 AM,-1.80
10609,3/25/2024 2:28:35 AM,-1.80
10609,3/25/2024 2:28:45 AM,-1.90
10609,3/25/2024 2:28:45 AM,-1.90
10609,3/25/2024 2:28:48 AM,-2.00
10609,3/25/2024 2:28:48 AM,-2.00
10609,3/25/2024 2:29:00 AM,-1.90
10609,3/25/2024 2:29:00 AM,-1.90
10609,3/25/2024 2:29:14 AM,-2.10
10609,3/25/2024 2:29:14 AM,-2.10
10609,3/25/2024 2:29:29 AM,-2.30
10609,3/25/2024 2:29:29 AM,-2.30
10609,3/25/2024 2:29:33 AM,-2.20
10609,3/25/2024 2:29:33 AM,-2.20
10609,3/25/2024 2:29:53 AM,-2.40
10609,3/25/2024 2:29:53 AM,-2.40
10609,3/25/2024 2:30:08 AM,-2.20
10609,3/25/2024 2:30:08 AM,-2.20
10609,3/25/2024 2:30:25 AM,-2.40
10609,3/25/2024 2:30:25 AM,-2.40
10609,3/25/2024 2:30:37 AM,-2.30
10609,3/25/2024 2:30:37 AM,-2.30
10609,3/25/2024 2:30:48 AM,-2.40
10609,3/25/2024 2:30:48 AM,-2.40
10609,3/25/2024 2:30:55 AM,-2.30
10609,3/25/2024 2:30:55 AM,-2.30
10609,3/25/2024 2:31:20 AM,-2.40
10609,3/25/2024 2:31:20 AM,-2.40
10609,3/25/2024 2:31:29 AM,-2.30
10609,3/25/2024 2:31:29 AM,-2.30
10609,3/25/2024 2:31:50 AM,-2.40
10609,3/25/2024 2:31:50 AM,-2.40
10609,3/25/2024 2:31:53 AM,-2.30
10609,3/25/2024 2:31:53 AM,-2.30
10609,3/25/2024 2:32:01 AM,-2.40
10609,3/25/2024 2:32:01 AM,-2.40
10609,3/25/2024 2:32:04 AM,-2.10
10609,3/25/2024 2:32:04 AM,-2.10
10609,3/25/2024 2:32:09 AM,-1.80
10609,3/25/2024 2:32:09 AM,-1.80
10609,3/25/2024 2:32:23 AM,-1.70
10609,3/25/2024 2:32:23 AM,-1.70
10609,3/25/2024 2:32:27 AM,-1.80
10609,3/25/2024 2:32:27 AM,-1.80
10609,3/25/2024 2:32:36 AM,-1.70
10609,3/25/2024 2:32:36 AM,-1.70
10609,3/25/2024 2:32:44 AM,-1.90
10609,3/25/2024 2:32:44 AM,-1.90
10609,3/25/2024 2:33:08 AM,-1.70
10609,3/25/2024 2:33:08 AM,-1.70
10609,3/25/2024 2:33:10 AM,-1.60
10609,3/25/2024 2:33:10 AM,-1.60
10609,3/25/2024 2:33:33 AM,-1.40
10609,3/25/2024 2:33:33 AM,-1.40
10609,3/25/2024 2:33:38 AM,-1.10
10609,3/25/2024 2:33:38 AM,-1.10
10609,3/25/2024 2:33:45 AM,-1.20
10609,3/25/2024 2:33:45 AM,-1.20
10609,3/25/2024 2:34:00 AM,-1.60
10609,3/25/2024 2:34:00 AM,-1.60
10609,3/25/2024 2:34:08 AM,-1.70
10609,3/25/2024 2:34:08 AM,-1.70
10609,3/25/2024 2:34:19 AM,-1.40
10609,3/25/2024 2:34:19 AM,-1.40
10609,3/25/2024 2:34:26 AM,-1.60
10609,3/25/2024 2:34:26 AM,-1.60
10609,3/25/2024 2:34:30 AM,-1.50
10609,3/25/2024 2:34:30 AM,-1.50
10609,3/25/2024 2:34:42 AM,-1.40
10609,3/25/2024 2:34:42 AM,-1.40
10609,3/25/2024 2:34:49 AM,-1.50
10609,3/25/2024 2:34:49 AM,-1.50
10609,3/25/2024 2:34:51 AM,-1.40
10609,3/25/2024 2:34:51 AM,-1.40
10609,3/25/2024 2:35:06 AM,-1.50
10609,3/25/2024 2:35:06 AM,-1.50
10609,3/25/2024 2:35:09 AM,-1.40
10609,3/25/2024 2:35:09 AM,-1.40
10609,3/25/2024 2:35:13 AM,-1.50
10609,3/25/2024 2:35:13 AM,-1.50
10609,3/25/2024 2:35:15 AM,-1.40
10609,3/25/2024 2:35:15 AM,-1.40
10609,3/25/2024 2:35:30 AM,-1.20
10609,3/25/2024 2:35:30 AM,-1.20
10609,3/25/2024 2:35:33 AM,-1.30
10609,3/25/2024 2:35:33 AM,-1.30
10609,3/25/2024 2:35:35 AM,-1.50
10609,3/25/2024 2:35:35 AM,-1.50
10609,3/25/2024 2:35:49 AM,-1.20
10609,3/25/2024 2:35:49 AM,-1.20
10609,3/25/2024 2:36:02 AM,-1.50
10609,3/25/2024 2:36:02 AM,-1.50
10609,3/25/2024 2:36:09 AM,-1.40
10609,3/25/2024 2:36:09 AM,-1.40
10609,3/25/2024 2:36:27 AM,-1.50
10609,3/25/2024 2:36:27 AM,-1.50
10609,3/25/2024 2:36:42 AM,-1.80
10609,3/25/2024 2:36:42 AM,-1.80
10609,3/25/2024 2:37:03 AM,-1.70
10609,3/25/2024 2:37:03 AM,-1.70
10609,3/25/2024 2:37:10 AM,-1.80
10609,3/25/2024 2:37:10 AM,-1.80
10609,3/25/2024 2:37:15 AM,-2.00
10609,3/25/2024 2:37:15 AM,-2.00
10609,3/25/2024 2:38:04 AM,-1.90
10609,3/25/2024 2:38:04 AM,-1.90
10609,3/25/2024 2:38:11 AM,-2.00
10609,3/25/2024 2:38:11 AM,-2.00
10609,3/25/2024 2:38:21 AM,-1.70
10609,3/25/2024 2:38:21 AM,-1.70
10609,3/25/2024 2:38:24 AM,-1.50
10609,3/25/2024 2:38:24 AM,-1.50
10609,3/25/2024 2:38:29 AM,-1.30
10609,3/25/2024 2:38:29 AM,-1.30
10609,3/25/2024 2:38:37 AM,-1.60
10609,3/25/2024 2:38:37 AM,-1.60
10609,3/25/2024 2:38:41 AM,-1.70
10609,3/25/2024 2:38:41 AM,-1.70
10609,3/25/2024 2:38:58 AM,-1.60
10609,3/25/2024 2:38:58 AM,-1.60
10609,3/25/2024 2:39:04 AM,-1.80
10609,3/25/2024 2:39:04 AM,-1.80
10609,3/25/2024 2:39:21 AM,-1.30
10609,3/25/2024 2:39:21 AM,-1.30
10609,3/25/2024 2:39:34 AM,-1.40
10609,3/25/2024 2:39:34 AM,-1.40
10609,3/25/2024 2:39:59 AM,-1.10
10609,3/25/2024 2:39:59 AM,-1.10
10609,3/25/2024 2:40:03 AM,-1.00
10609,3/25/2024 2:40:03 AM,-1.00
10609,3/25/2024 2:40:06 AM,-1.10
10609,3/25/2024 2:40:06 AM,-1.10
10609,3/25/2024 2:40:10 AM,-1.00
10609,3/25/2024 2:40:10 AM,-1.00
10609,3/25/2024 2:40:23 AM,-0.90
10609,3/25/2024 2:40:23 AM,-0.90
10609,3/25/2024 2:40:48 AM,-1.40
10609,3/25/2024 2:40:48 AM,-1.40
10609,3/25/2024 2:40:53 AM,-0.80
10609,3/25/2024 2:40:53 AM,-0.80
10609,3/25/2024 2:41:06 AM,-1.00
10609,3/25/2024 2:41:06 AM,-1.00
10609,3/25/2024 2:41:16 AM,-1.60
10609,3/25/2024 2:41:16 AM,-1.60
10609,3/25/2024 2:41:40 AM,-1.30
10609,3/25/2024 2:41:40 AM,-1.30
10609,3/25/2024 2:41:55 AM,-1.70
10609,3/25/2024 2:41:55 AM,-1.70
10609,3/25/2024 2:42:08 AM,-1.90
10609,3/25/2024 2:42:08 AM,-1.90
10609,3/25/2024 2:42:27 AM,-1.70
10609,3/25/2024 2:42:27 AM,-1.70
10609,3/25/2024 2:43:13 AM,-2.00
10609,3/25/2024 2:43:13 AM,-2.00
10609,3/25/2024 2:43:15 AM,-2.10
10609,3/25/2024 2:43:15 AM,-2.10
10609,3/25/2024 2:43:27 AM,-2.20
10609,3/25/2024 2:43:27 AM,-2.20
10609,3/25/2024 2:43:34 AM,-2.10
10609,3/25/2024 2:43:34 AM,-2.10
10609,3/25/2024 2:43:44 AM,-2.30
10609,3/25/2024 2:43:44 AM,-2.30
10609,3/25/2024 2:43:53 AM,-2.10
10609,3/25/2024 2:43:53 AM,-2.10
10609,3/25/2024 2:43:56 AM,-2.40
10609,3/25/2024 2:43:56 AM,-2.40
10609,3/25/2024 2:44:01 AM,-2.30
10609,3/25/2024 2:44:01 AM,-2.30
10609,3/25/2024 2:44:15 AM,-2.50
10609,3/25/2024 2:44:15 AM,-2.50
10609,3/25/2024 2:44:37 AM,-2.30
10609,3/25/2024 2:44:37 AM,-2.30
10609,3/25/2024 2:44:40 AM,-2.40
10609,3/25/2024 2:44:40 AM,-2.40
10609,3/25/2024 2:44:44 AM,-2.30
10609,3/25/2024 2:44:44 AM,-2.30
10609,3/25/2024 2:44:47 AM,-2.40
10609,3/25/2024 2:44:47 AM,-2.40
10609,3/25/2024 2:45:27 AM,-2.20
10609,3/25/2024 2:45:27 AM,-2.20
10609,3/25/2024 2:45:54 AM,-2.40
10609,3/25/2024 2:45:54 AM,-2.40
10609,3/25/2024 2:46:25 AM,-2.10
10609,3/25/2024 2:46:25 AM,-2.10
10609,3/25/2024 2:46:44 AM,-2.40
10609,3/25/2024 2:46:44 AM,-2.40
10609,3/25/2024 2:46:58 AM,-2.50
10609,3/25/2024 2:46:58 AM,-2.50
10609,3/25/2024 2:47:07 AM,-2.30
10609,3/25/2024 2:47:07 AM,-2.30
10609,3/25/2024 2:48:03 AM,-2.50
10609,3/25/2024 2:48:03 AM,-2.50
10609,3/25/2024 2:48:15 AM,-2.30
10609,3/25/2024 2:48:15 AM,-2.30
10609,3/25/2024 2:48:31 AM,-2.20
10609,3/25/2024 2:48:31 AM,-2.20
10609,3/25/2024 2:48:55 AM,-2.30
10609,3/25/2024 2:48:55 AM,-2.30
10609,3/25/2024 2:49:15 AM,-2.20
10609,3/25/2024 2:49:15 AM,-2.20
10609,3/25/2024 2:49:18 AM,-2.30
10609,3/25/2024 2:49:18 AM,-2.30
10609,3/25/2024 2:49:25 AM,-2.20
10609,3/25/2024 2:49:25 AM,-2.20
10609,3/25/2024 2:49:31 AM,-2.30
10609,3/25/2024 2:49:31 AM,-2.30
10609,3/25/2024 2:49:52 AM,-2.00
10609,3/25/2024 2:49:52 AM,-2.00
10609,3/25/2024 2:49:55 AM,-2.10
10609,3/25/2024 2:49:55 AM,-2.10
10609,3/25/2024 2:50:21 AM,-2.30
10609,3/25/2024 2:50:21 AM,-2.30
10609,3/25/2024 2:50:28 AM,-2.20
10609,3/25/2024 2:50:28 AM,-2.20
10609,3/25/2024 2:50:31 AM,-2.30
10609,3/25/2024 2:50:31 AM,-2.30
10609,3/25/2024 2:50:35 AM,-2.20
10609,3/25/2024 2:50:35 AM,-2.20
10609,3/25/2024 2:50:49 AM,-2.40
10609,3/25/2024 2:50:49 AM,-2.40
10609,3/25/2024 2:51:16 AM,-2.30
10609,3/25/2024 2:51:16 AM,-2.30
10609,3/25/2024 2:51:18 AM,-2.20
10609,3/25/2024 2:51:18 AM,-2.20
10609,3/25/2024 2:51:31 AM,-2.10
10609,3/25/2024 2:51:31 AM,-2.10
10609,3/25/2024 2:51:49 AM,-2.30
10609,3/25/2024 2:51:49 AM,-2.30
10609,3/25/2024 2:52:00 AM,-2.20
10609,3/25/2024 2:52:00 AM,-2.20
10609,3/25/2024 2:52:05 AM,-2.30
10609,3/25/2024 2:52:05 AM,-2.30
10609,3/25/2024 2:52:09 AM,-2.20
10609,3/25/2024 2:52:09 AM,-2.20
10609,3/25/2024 2:52:29 AM,-2.10
10609,3/25/2024 2:52:29 AM,-2.10
10609,3/25/2024 2:52:33 AM,-2.00
10609,3/25/2024 2:52:33 AM,-2.00
10609,3/25/2024 2:52:46 AM,-1.90
10609,3/25/2024 2:52:46 AM,-1.90
10609,3/25/2024 2:53:17 AM,-2.20
10609,3/25/2024 2:53:17 AM,-2.20
10609,3/25/2024 2:53:19 AM,-2.30
10609,3/25/2024 2:53:19 AM,-2.30
10609,3/25/2024 2:53:31 AM,-2.40
10609,3/25/2024 2:53:31 AM,-2.40
10609,3/25/2024 2:53:38 AM,-2.20
10609,3/25/2024 2:53:38 AM,-2.20
10609,3/25/2024 2:53:51 AM,-2.10
10609,3/25/2024 2:53:51 AM,-2.10
10609,3/25/2024 2:53:57 AM,-2.20
10609,3/25/2024 2:53:57 AM,-2.20
10609,3/25/2024 2:54:10 AM,-2.10
10609,3/25/2024 2:54:10 AM,-2.10
10609,3/25/2024 2:54:24 AM,-2.30
10609,3/25/2024 2:54:24 AM,-2.30
10609,3/25/2024 2:54:31 AM,-2.50
10609,3/25/2024 2:54:31 AM,-2.50
10609,3/25/2024 2:54:35 AM,-2.40
10609,3/25/2024 2:54:35 AM,-2.40
10609,3/25/2024 2:54:38 AM,-2.60
10609,3/25/2024 2:54:38 AM,-2.60
10609,3/25/2024 2:54:52 AM,-2.70
10609,3/25/2024 2:54:52 AM,-2.70
10609,3/25/2024 2:55:03 AM,-2.60
10609,3/25/2024 2:55:03 AM,-2.60
10609,3/25/2024 2:55:13 AM,-2.70
10609,3/25/2024 2:55:13 AM,-2.70
10609,3/25/2024 2:56:18 AM,-2.50
10609,3/25/2024 2:56:18 AM,-2.50
10609,3/25/2024 2:56:22 AM,-2.30
10609,3/25/2024 2:56:22 AM,-2.30
10609,3/25/2024 2:56:28 AM,-2.20
10609,3/25/2024 2:56:28 AM,-2.20
10609,3/25/2024 2:56:33 AM,-2.00
10609,3/25/2024 2:56:33 AM,-2.00
10609,3/25/2024 2:56:52 AM,-1.80
10609,3/25/2024 2:56:52 AM,-1.80
10609,3/25/2024 2:57:01 AM,-1.60
10609,3/25/2024 2:57:01 AM,-1.60
10609,3/25/2024 2:57:12 AM,-1.50
10609,3/25/2024 2:57:12 AM,-1.50
10609,3/25/2024 2:57:15 AM,-1.70
10609,3/25/2024 2:57:15 AM,-1.70
10609,3/25/2024 2:57:22 AM,-1.50
10609,3/25/2024 2:57:22 AM,-1.50
10609,3/25/2024 2:57:25 AM,-1.30
10609,3/25/2024 2:57:25 AM,-1.30
10609,3/25/2024 2:57:29 AM,-1.50
10609,3/25/2024 2:57:29 AM,-1.50
10609,3/25/2024 2:57:33 AM,-1.40
10609,3/25/2024 2:57:33 AM,-1.40
10609,3/25/2024 2:57:39 AM,-1.50
10609,3/25/2024 2:57:39 AM,-1.50
10609,3/25/2024 2:57:54 AM,-1.30
10609,3/25/2024 2:57:54 AM,-1.30
10609,3/25/2024 2:58:00 AM,-1.40
10609,3/25/2024 2:58:00 AM,-1.40
10609,3/25/2024 2:58:11 AM,-1.30
10609,3/25/2024 2:58:11 AM,-1.30
10609,3/25/2024 2:58:21 AM,-1.50
10609,3/25/2024 2:58:21 AM,-1.50
10609,3/25/2024 2:58:31 AM,-1.40
10609,3/25/2024 2:58:31 AM,-1.40
10609,3/25/2024 2:58:42 AM,-1.70
10609,3/25/2024 2:58:42 AM,-1.70
10609,3/25/2024 2:58:56 AM,-1.80
10609,3/25/2024 2:58:56 AM,-1.80
10609,3/25/2024 2:59:13 AM,-2.10
10609,3/25/2024 2:59:13 AM,-2.10
10609,3/25/2024 2:59:19 AM,-2.40
10609,3/25/2024 2:59:19 AM,-2.40
10609,3/25/2024 2:59:29 AM,-2.30
10609,3/25/2024 2:59:29 AM,-2.30
10609,3/25/2024 2:59:48 AM,-2.60
10609,3/25/2024 2:59:48 AM,-2.60
10609,3/25/2024 2:59:51 AM,-2.50
10609,3/25/2024 2:59:51 AM,-2.50
10609,3/25/2024 3:00:00 AM,-2.60
10609,3/25/2024 3:00:00 AM,-2.60
10609,3/25/2024 3:00:13 AM,-2.90
10609,3/25/2024 3:00:13 AM,-2.90
10609,3/25/2024 3:00:40 AM,-2.80
10609,3/25/2024 3:00:40 AM,-2.80
10609,3/25/2024 3:00:56 AM,-3.20
10609,3/25/2024 3:00:56 AM,-3.20
10609,3/25/2024 3:01:00 AM,-3.10
10609,3/25/2024 3:01:00 AM,-3.10
10609,3/25/2024 3:01:34 AM,-3.30
10609,3/25/2024 3:01:34 AM,-3.30
10609,3/25/2024 3:01:45 AM,-3.20
10609,3/25/2024 3:01:45 AM,-3.20
10609,3/25/2024 3:01:48 AM,-3.30
10609,3/25/2024 3:01:48 AM,-3.30
10609,3/25/2024 3:01:51 AM,-3.50
10609,3/25/2024 3:01:51 AM,-3.50
10609,3/25/2024 3:01:54 AM,-3.30
10609,3/25/2024 3:01:54 AM,-3.30
10609,3/25/2024 3:02:16 AM,-3.00
10609,3/25/2024 3:02:16 AM,-3.00
10609,3/25/2024 3:02:26 AM,-3.10
10609,3/25/2024 3:02:26 AM,-3.10
10609,3/25/2024 3:02:53 AM,-2.90
10609,3/25/2024 3:02:53 AM,-2.90
10609,3/25/2024 3:02:58 AM,-2.70
10609,3/25/2024 3:02:58 AM,-2.70
10609,3/25/2024 3:03:04 AM,-2.90
10609,3/25/2024 3:03:04 AM,-2.90
10609,3/25/2024 3:03:25 AM,-3.10
10609,3/25/2024 3:03:25 AM,-3.10
10609,3/25/2024 3:03:30 AM,-3.00
10609,3/25/2024 3:03:30 AM,-3.00
10609,3/25/2024 3:03:37 AM,-3.10
10609,3/25/2024 3:03:37 AM,-3.10
10609,3/25/2024 3:04:41 AM,-2.90
10609,3/25/2024 3:04:41 AM,-2.90
10609,3/25/2024 3:04:54 AM,-3.10
10609,3/25/2024 3:04:54 AM,-3.10
10609,3/25/2024 3:05:09 AM,-2.90
10609,3/25/2024 3:05:09 AM,-2.90
10609,3/25/2024 3:05:26 AM,-3.10
10609,3/25/2024 3:05:26 AM,-3.10
10609,3/25/2024 3:05:29 AM,-3.20
10609,3/25/2024 3:05:29 AM,-3.20
10609,3/25/2024 3:05:32 AM,-3.10
10609,3/25/2024 3:05:32 AM,-3.10
10609,3/25/2024 3:05:44 AM,-3.00
10609,3/25/2024 3:05:44 AM,-3.00
10609,3/25/2024 3:06:07 AM,-3.10
10609,3/25/2024 3:06:07 AM,-3.10
10609,3/25/2024 3:06:35 AM,-2.80
10609,3/25/2024 3:06:35 AM,-2.80
10609,3/25/2024 3:07:00 AM,-2.70
10609,3/25/2024 3:07:00 AM,-2.70
10609,3/25/2024 3:07:13 AM,-2.90
10609,3/25/2024 3:07:13 AM,-2.90
10609,3/25/2024 3:07:23 AM,-2.80
10609,3/25/2024 3:07:23 AM,-2.80
10609,3/25/2024 3:07:28 AM,-2.90
10609,3/25/2024 3:07:28 AM,-2.90
10609,3/25/2024 3:07:31 AM,-3.10
10609,3/25/2024 3:07:31 AM,-3.10
10609,3/25/2024 3:07:34 AM,-2.70
10609,3/25/2024 3:07:34 AM,-2.70
10609,3/25/2024 3:07:42 AM,-2.50
10609,3/25/2024 3:07:42 AM,-2.50
10609,3/25/2024 3:07:55 AM,-2.60
10609,3/25/2024 3:07:55 AM,-2.60
10609,3/25/2024 3:08:21 AM,-2.30
10609,3/25/2024 3:08:21 AM,-2.30
10609,3/25/2024 3:08:23 AM,-2.20
10609,3/25/2024 3:08:23 AM,-2.20
10609,3/25/2024 3:08:59 AM,-1.70
10609,3/25/2024 3:08:59 AM,-1.70
10609,3/25/2024 3:09:20 AM,-1.90
10609,3/25/2024 3:09:20 AM,-1.90
10609,3/25/2024 3:09:30 AM,-1.80
10609,3/25/2024 3:09:30 AM,-1.80
10609,3/25/2024 3:09:37 AM,-2.00
10609,3/25/2024 3:09:37 AM,-2.00
10609,3/25/2024 3:09:50 AM,-2.10
10609,3/25/2024 3:09:50 AM,-2.10
10609,3/25/2024 3:10:06 AM,-1.90
10609,3/25/2024 3:10:06 AM,-1.90
10609,3/25/2024 3:10:22 AM,-2.20
10609,3/25/2024 3:10:22 AM,-2.20
10609,3/25/2024 3:10:29 AM,-2.10
10609,3/25/2024 3:10:29 AM,-2.10
10609,3/25/2024 3:10:35 AM,-2.20
10609,3/25/2024 3:10:35 AM,-2.20
10609,3/25/2024 3:10:38 AM,-2.10
10609,3/25/2024 3:10:38 AM,-2.10
10609,3/25/2024 3:10:46 AM,-2.20
10609,3/25/2024 3:10:46 AM,-2.20
10609,3/25/2024 3:10:53 AM,-2.10
10609,3/25/2024 3:10:53 AM,-2.10
10609,3/25/2024 3:11:18 AM,-2.20
10609,3/25/2024 3:11:18 AM,-2.20
10609,3/25/2024 3:11:59 AM,-2.70
10609,3/25/2024 3:11:59 AM,-2.70
10609,3/25/2024 3:12:02 AM,-2.80
10609,3/25/2024 3:12:02 AM,-2.80
10609,3/25/2024 3:12:08 AM,-2.60
10609,3/25/2024 3:12:08 AM,-2.60
10609,3/25/2024 3:12:15 AM,-2.80
10609,3/25/2024 3:12:15 AM,-2.80
10609,3/25/2024 3:12:20 AM,-2.60
10609,3/25/2024 3:12:20 AM,-2.60
10609,3/25/2024 3:12:28 AM,-2.70
10609,3/25/2024 3:12:28 AM,-2.70
10609,3/25/2024 3:12:35 AM,-2.50
10609,3/25/2024 3:12:35 AM,-2.50
10609,3/25/2024 3:12:38 AM,-2.60
10609,3/25/2024 3:12:38 AM,-2.60
10609,3/25/2024 3:12:51 AM,-2.50
10609,3/25/2024 3:12:51 AM,-2.50
10609,3/25/2024 3:12:55 AM,-2.60
10609,3/25/2024 3:12:55 AM,-2.60
10609,3/25/2024 3:13:12 AM,-2.70
10609,3/25/2024 3:13:12 AM,-2.70
10609,3/25/2024 3:13:16 AM,-2.80
10609,3/25/2024 3:13:16 AM,-2.80
10609,3/25/2024 3:13:23 AM,-2.70
10609,3/25/2024 3:13:23 AM,-2.70
10609,3/25/2024 3:13:48 AM,-2.90
10609,3/25/2024 3:13:48 AM,-2.90
10609,3/25/2024 3:13:52 AM,-2.70
10609,3/25/2024 3:13:52 AM,-2.70
10609,3/25/2024 3:14:09 AM,-2.30
10609,3/25/2024 3:14:09 AM,-2.30
10609,3/25/2024 3:14:12 AM,-2.40
10609,3/25/2024 3:14:12 AM,-2.40
10609,3/25/2024 3:14:17 AM,-2.30
10609,3/25/2024 3:14:17 AM,-2.30
10609,3/25/2024 3:14:24 AM,-2.40
10609,3/25/2024 3:14:24 AM,-2.40
10609,3/25/2024 3:14:28 AM,-2.30
10609,3/25/2024 3:14:28 AM,-2.30
10609,3/25/2024 3:14:46 AM,-2.40
10609,3/25/2024 3:14:46 AM,-2.40
10609,3/25/2024 3:14:53 AM,-2.30
10609,3/25/2024 3:14:53 AM,-2.30
10609,3/25/2024 3:15:00 AM,-2.40
10609,3/25/2024 3:15:00 AM,-2.40
10609,3/25/2024 3:15:04 AM,-2.30
10609,3/25/2024 3:15:04 AM,-2.30
10609,3/25/2024 3:15:26 AM,-2.10
10609,3/25/2024 3:15:26 AM,-2.10
10609,3/25/2024 3:15:29 AM,-2.00
10609,3/25/2024 3:15:29 AM,-2.00
10609,3/25/2024 3:15:40 AM,-2.10
10609,3/25/2024 3:15:40 AM,-2.10
10609,3/25/2024 3:15:46 AM,-2.30
10609,3/25/2024 3:15:46 AM,-2.30
10609,3/25/2024 3:16:00 AM,-2.10
10609,3/25/2024 3:16:00 AM,-2.10
10609,3/25/2024 3:16:16 AM,-2.30
10609,3/25/2024 3:16:16 AM,-2.30
10609,3/25/2024 3:16:20 AM,-2.20
10609,3/25/2024 3:16:20 AM,-2.20
10609,3/25/2024 3:16:35 AM,-2.40
10609,3/25/2024 3:16:35 AM,-2.40
10609,3/25/2024 3:16:59 AM,-2.50
10609,3/25/2024 3:16:59 AM,-2.50
10609,3/25/2024 3:17:13 AM,-2.30
10609,3/25/2024 3:17:13 AM,-2.30
10609,3/25/2024 3:17:38 AM,-2.50
10609,3/25/2024 3:17:38 AM,-2.50
10609,3/25/2024 3:17:40 AM,-2.40
10609,3/25/2024 3:17:40 AM,-2.40
10609,3/25/2024 3:17:54 AM,-2.20
10609,3/25/2024 3:17:54 AM,-2.20
10609,3/25/2024 3:18:04 AM,-2.30
10609,3/25/2024 3:18:04 AM,-2.30
10609,3/25/2024 3:18:08 AM,-2.20
10609,3/25/2024 3:18:08 AM,-2.20
10609,3/25/2024 3:18:21 AM,-2.10
10609,3/25/2024 3:18:21 AM,-2.10
10609,3/25/2024 3:18:50 AM,-2.60
10609,3/25/2024 3:18:50 AM,-2.60
10609,3/25/2024 3:19:06 AM,-2.50
10609,3/25/2024 3:19:06 AM,-2.50
10609,3/25/2024 3:19:13 AM,-2.70
10609,3/25/2024 3:19:13 AM,-2.70
10609,3/25/2024 3:19:15 AM,-2.60
10609,3/25/2024 3:19:15 AM,-2.60
10609,3/25/2024 3:19:50 AM,-2.40
10609,3/25/2024 3:19:50 AM,-2.40
10609,3/25/2024 3:20:03 AM,-2.10
10609,3/25/2024 3:20:03 AM,-2.10
10609,3/25/2024 3:20:09 AM,-2.30
10609,3/25/2024 3:20:09 AM,-2.30
10609,3/25/2024 3:20:36 AM,-2.20
10609,3/25/2024 3:20:36 AM,-2.20
10609,3/25/2024 3:20:40 AM,-2.30
10609,3/25/2024 3:20:40 AM,-2.30
10609,3/25/2024 3:20:42 AM,-2.20
10609,3/25/2024 3:20:42 AM,-2.20
10609,3/25/2024 3:20:47 AM,-2.30
10609,3/25/2024 3:20:47 AM,-2.30
10609,3/25/2024 3:21:01 AM,-2.10
10609,3/25/2024 3:21:01 AM,-2.10
10609,3/25/2024 3:21:03 AM,-2.00
10609,3/25/2024 3:21:03 AM,-2.00
10609,3/25/2024 3:21:53 AM,-1.90
10609,3/25/2024 3:21:53 AM,-1.90
10609,3/25/2024 3:22:02 AM,-2.10
10609,3/25/2024 3:22:02 AM,-2.10
10609,3/25/2024 3:22:16 AM,-2.40
10609,3/25/2024 3:22:16 AM,-2.40
10609,3/25/2024 3:22:34 AM,-2.00
10609,3/25/2024 3:22:34 AM,-2.00
10609,3/25/2024 3:22:54 AM,-2.10
10609,3/25/2024 3:22:54 AM,-2.10
10609,3/25/2024 3:23:03 AM,-1.90
10609,3/25/2024 3:23:03 AM,-1.90
10609,3/25/2024 3:23:06 AM,-2.10
10609,3/25/2024 3:23:06 AM,-2.10
10609,3/25/2024 3:23:16 AM,-2.30
10609,3/25/2024 3:23:16 AM,-2.30
10609,3/25/2024 3:23:21 AM,-2.10
10609,3/25/2024 3:23:21 AM,-2.10
10609,3/25/2024 3:23:34 AM,-2.40
10609,3/25/2024 3:23:34 AM,-2.40
10609,3/25/2024 3:23:39 AM,-2.30
10609,3/25/2024 3:23:39 AM,-2.30
10609,3/25/2024 3:23:56 AM,-2.20
10609,3/25/2024 3:23:56 AM,-2.20
10609,3/25/2024 3:23:59 AM,-2.10
10609,3/25/2024 3:23:59 AM,-2.10
10609,3/25/2024 3:24:18 AM,-2.40
10609,3/25/2024 3:24:18 AM,-2.40
10609,3/25/2024 3:24:41 AM,-2.00
10609,3/25/2024 3:24:41 AM,-2.00
10609,3/25/2024 3:24:56 AM,-2.10
10609,3/25/2024 3:24:56 AM,-2.10
10609,3/25/2024 3:25:03 AM,-1.90
10609,3/25/2024 3:25:03 AM,-1.90
10609,3/25/2024 3:25:35 AM,-2.10
10609,3/25/2024 3:25:35 AM,-2.10
10609,3/25/2024 3:25:38 AM,-2.00
10609,3/25/2024 3:25:38 AM,-2.00
10609,3/25/2024 3:25:53 AM,-1.90
10609,3/25/2024 3:25:53 AM,-1.90
10609,3/25/2024 3:25:56 AM,-1.80
10609,3/25/2024 3:25:56 AM,-1.80
10609,3/25/2024 3:26:23 AM,-1.70
10609,3/25/2024 3:26:23 AM,-1.70
10609,3/25/2024 3:26:32 AM,-1.80
10609,3/25/2024 3:26:32 AM,-1.80
10609,3/25/2024 3:26:34 AM,-1.70
10609,3/25/2024 3:26:34 AM,-1.70
10609,3/25/2024 3:26:58 AM,-1.60
10609,3/25/2024 3:26:58 AM,-1.60
10609,3/25/2024 3:27:05 AM,-1.40
10609,3/25/2024 3:27:05 AM,-1.40
10609,3/25/2024 3:27:09 AM,-1.50
10609,3/25/2024 3:27:09 AM,-1.50
10609,3/25/2024 3:27:15 AM,-1.40
10609,3/25/2024 3:27:15 AM,-1.40
10609,3/25/2024 3:27:20 AM,-1.50
10609,3/25/2024 3:27:20 AM,-1.50
10609,3/25/2024 3:27:24 AM,-1.40
10609,3/25/2024 3:27:24 AM,-1.40
10609,3/25/2024 3:27:38 AM,-1.50
10609,3/25/2024 3:27:38 AM,-1.50
10609,3/25/2024 3:27:44 AM,-1.40
10609,3/25/2024 3:27:44 AM,-1.40
10609,3/25/2024 3:27:51 AM,-1.50
10609,3/25/2024 3:27:51 AM,-1.50
10609,3/25/2024 3:28:19 AM,-1.60
10609,3/25/2024 3:28:19 AM,-1.60
10609,3/25/2024 3:28:33 AM,-1.50
10609,3/25/2024 3:28:33 AM,-1.50
10609,3/25/2024 3:28:36 AM,-1.60
10609,3/25/2024 3:28:36 AM,-1.60
10609,3/25/2024 3:28:40 AM,-1.50
10609,3/25/2024 3:28:40 AM,-1.50
10609,3/25/2024 3:28:43 AM,-1.60
10609,3/25/2024 3:28:43 AM,-1.60
10609,3/25/2024 3:28:50 AM,-1.40
10609,3/25/2024 3:28:50 AM,-1.40
10609,3/25/2024 3:29:18 AM,-1.30
10609,3/25/2024 3:29:18 AM,-1.30
10609,3/25/2024 3:29:26 AM,-1.50
10609,3/25/2024 3:29:26 AM,-1.50
10609,3/25/2024 3:29:30 AM,-1.40
10609,3/25/2024 3:29:30 AM,-1.40
10609,3/25/2024 3:29:40 AM,-1.60
10609,3/25/2024 3:29:40 AM,-1.60
10609,3/25/2024 3:29:45 AM,-1.50
10609,3/25/2024 3:29:45 AM,-1.50
10609,3/25/2024 3:29:55 AM,-1.60
10609,3/25/2024 3:29:55 AM,-1.60
10609,3/25/2024 3:29:59 AM,-1.80
10609,3/25/2024 3:29:59 AM,-1.80
10609,3/25/2024 3:30:29 AM,-1.70
10609,3/25/2024 3:30:29 AM,-1.70
10609,3/25/2024 3:30:44 AM,-1.90
10609,3/25/2024 3:30:44 AM,-1.90
10609,3/25/2024 3:30:47 AM,-2.00
10609,3/25/2024 3:30:47 AM,-2.00
10609,3/25/2024 3:30:51 AM,-1.90
10609,3/25/2024 3:30:51 AM,-1.90
10609,3/25/2024 3:31:03 AM,-1.80
10609,3/25/2024 3:31:03 AM,-1.80
10609,3/25/2024 3:31:06 AM,-1.90
10609,3/25/2024 3:31:06 AM,-1.90
10609,3/25/2024 3:32:29 AM,-1.70
10609,3/25/2024 3:32:29 AM,-1.70
10609,3/25/2024 3:32:41 AM,-1.60
10609,3/25/2024 3:32:41 AM,-1.60
10609,3/25/2024 3:32:54 AM,-1.70
10609,3/25/2024 3:32:54 AM,-1.70
10609,3/25/2024 3:32:56 AM,-1.80
10609,3/25/2024 3:32:56 AM,-1.80
10609,3/25/2024 3:33:00 AM,-1.70
10609,3/25/2024 3:33:00 AM,-1.70
10609,3/25/2024 3:33:08 AM,-1.80
10609,3/25/2024 3:33:08 AM,-1.80
10609,3/25/2024 3:33:12 AM,-1.70
10609,3/25/2024 3:33:12 AM,-1.70
10609,3/25/2024 3:33:15 AM,-1.80
10609,3/25/2024 3:33:15 AM,-1.80
10609,3/25/2024 3:33:18 AM,-1.60
10609,3/25/2024 3:33:18 AM,-1.60
10609,3/25/2024 3:33:23 AM,-1.70
10609,3/25/2024 3:33:23 AM,-1.70
10609,3/25/2024 3:33:42 AM,-1.30
10609,3/25/2024 3:33:42 AM,-1.30
10609,3/25/2024 3:33:54 AM,-1.50
10609,3/25/2024 3:33:54 AM,-1.50
10609,3/25/2024 3:34:10 AM,-1.40
10609,3/25/2024 3:34:10 AM,-1.40
10609,3/25/2024 3:34:14 AM,-1.20
10609,3/25/2024 3:34:14 AM,-1.20
10609,3/25/2024 3:34:21 AM,-1.30
10609,3/25/2024 3:34:21 AM,-1.30
10609,3/25/2024 3:34:25 AM,-1.20
10609,3/25/2024 3:34:25 AM,-1.20
10609,3/25/2024 3:34:30 AM,-1.30
10609,3/25/2024 3:34:30 AM,-1.30
10609,3/25/2024 3:34:33 AM,-1.10
10609,3/25/2024 3:34:33 AM,-1.10
10609,3/25/2024 3:34:56 AM,-1.30
10609,3/25/2024 3:34:56 AM,-1.30
10609,3/25/2024 3:35:10 AM,-1.10
10609,3/25/2024 3:35:10 AM,-1.10
10609,3/25/2024 3:35:14 AM,-1.20
10609,3/25/2024 3:35:14 AM,-1.20
10609,3/25/2024 3:35:17 AM,-1.10
10609,3/25/2024 3:35:17 AM,-1.10
10609,3/25/2024 3:35:19 AM,-1.20
10609,3/25/2024 3:35:19 AM,-1.20
10609,3/25/2024 3:35:30 AM,-1.10
10609,3/25/2024 3:35:30 AM,-1.10
10609,3/25/2024 3:35:44 AM,-1.20
10609,3/25/2024 3:35:44 AM,-1.20
10609,3/25/2024 3:35:46 AM,-1.10
10609,3/25/2024 3:35:46 AM,-1.10
10609,3/25/2024 3:35:57 AM,-1.40
10609,3/25/2024 3:35:57 AM,-1.40
10609,3/25/2024 3:36:00 AM,-1.30
10609,3/25/2024 3:36:00 AM,-1.30
10609,3/25/2024 3:36:04 AM,-1.40
10609,3/25/2024 3:36:04 AM,-1.40
10609,3/25/2024 3:36:07 AM,-1.30
10609,3/25/2024 3:36:07 AM,-1.30
10609,3/25/2024 3:36:09 AM,-1.40
10609,3/25/2024 3:36:09 AM,-1.40
10609,3/25/2024 3:36:36 AM,-1.20
10609,3/25/2024 3:36:36 AM,-1.20
10609,3/25/2024 3:36:49 AM,-1.30
10609,3/25/2024 3:36:49 AM,-1.30
10609,3/25/2024 3:36:54 AM,-1.10
10609,3/25/2024 3:36:54 AM,-1.10
10609,3/25/2024 3:37:06 AM,-0.90
10609,3/25/2024 3:37:06 AM,-0.90
10609,3/25/2024 3:37:23 AM,-0.80
10609,3/25/2024 3:37:23 AM,-0.80
10609,3/25/2024 3:37:28 AM,-0.90
10609,3/25/2024 3:37:28 AM,-0.90
10609,3/25/2024 3:37:32 AM,-0.80
10609,3/25/2024 3:37:32 AM,-0.80
10609,3/25/2024 3:38:13 AM,-1.50
10609,3/25/2024 3:38:13 AM,-1.50
10609,3/25/2024 3:38:33 AM,-1.20
10609,3/25/2024 3:38:33 AM,-1.20
10609,3/25/2024 3:38:48 AM,-1.40
10609,3/25/2024 3:38:48 AM,-1.40
10609,3/25/2024 3:38:51 AM,-1.50
10609,3/25/2024 3:38:51 AM,-1.50
10609,3/25/2024 3:38:59 AM,-1.20
10609,3/25/2024 3:38:59 AM,-1.20
10609,3/25/2024 3:39:10 AM,-1.30
10609,3/25/2024 3:39:10 AM,-1.30
10609,3/25/2024 3:39:18 AM,-1.60
10609,3/25/2024 3:39:18 AM,-1.60
10609,3/25/2024 3:39:49 AM,-1.70
10609,3/25/2024 3:39:49 AM,-1.70
10609,3/25/2024 3:39:52 AM,-1.60
10609,3/25/2024 3:39:52 AM,-1.60
10609,3/25/2024 3:40:00 AM,-1.80
10609,3/25/2024 3:40:00 AM,-1.80
10609,3/25/2024 3:40:20 AM,-1.90
10609,3/25/2024 3:40:20 AM,-1.90
10609,3/25/2024 3:40:24 AM,-2.00
10609,3/25/2024 3:40:24 AM,-2.00
10609,3/25/2024 3:40:40 AM,-2.10
10609,3/25/2024 3:40:40 AM,-2.10
10609,3/25/2024 3:40:54 AM,-2.00
10609,3/25/2024 3:40:54 AM,-2.00
10609,3/25/2024 3:41:04 AM,-2.10
10609,3/25/2024 3:41:04 AM,-2.10
10609,3/25/2024 3:41:10 AM,-2.40
10609,3/25/2024 3:41:10 AM,-2.40
10609,3/25/2024 3:41:33 AM,-2.70
10609,3/25/2024 3:41:33 AM,-2.70
10609,3/25/2024 3:41:37 AM,-2.60
10609,3/25/2024 3:41:37 AM,-2.60
10609,3/25/2024 3:42:07 AM,-2.50
10609,3/25/2024 3:42:07 AM,-2.50
10609,3/25/2024 3:42:19 AM,-2.20
10609,3/25/2024 3:42:19 AM,-2.20
10609,3/25/2024 3:42:22 AM,-2.30
10609,3/25/2024 3:42:22 AM,-2.30
10609,3/25/2024 3:42:31 AM,-2.20
10609,3/25/2024 3:42:31 AM,-2.20
10609,3/25/2024 3:42:34 AM,-2.30
10609,3/25/2024 3:42:34 AM,-2.30
10609,3/25/2024 3:42:48 AM,-2.20
10609,3/25/2024 3:42:48 AM,-2.20
10609,3/25/2024 3:42:58 AM,-1.90
10609,3/25/2024 3:42:58 AM,-1.90
10609,3/25/2024 3:43:13 AM,-1.80
10609,3/25/2024 3:43:13 AM,-1.80
10609,3/25/2024 3:43:17 AM,-2.00
10609,3/25/2024 3:43:17 AM,-2.00
10609,3/25/2024 3:43:23 AM,-2.10
10609,3/25/2024 3:43:23 AM,-2.10
10609,3/25/2024 3:43:41 AM,-1.90
10609,3/25/2024 3:43:41 AM,-1.90
10609,3/25/2024 3:43:56 AM,-2.10
10609,3/25/2024 3:43:56 AM,-2.10
10609,3/25/2024 3:44:00 AM,-2.00
10609,3/25/2024 3:44:00 AM,-2.00
10609,3/25/2024 3:45:17 AM,-1.50
10609,3/25/2024 3:45:17 AM,-1.50
10609,3/25/2024 3:45:28 AM,-1.70
10609,3/25/2024 3:45:28 AM,-1.70
10609,3/25/2024 3:45:37 AM,-1.60
10609,3/25/2024 3:45:37 AM,-1.60
10609,3/25/2024 3:45:47 AM,-1.70
10609,3/25/2024 3:45:47 AM,-1.70
10609,3/25/2024 3:45:53 AM,-1.60
10609,3/25/2024 3:45:53 AM,-1.60
10609,3/25/2024 3:46:13 AM,-1.90
10609,3/25/2024 3:46:13 AM,-1.90
10609,3/25/2024 3:46:22 AM,-1.80
10609,3/25/2024 3:46:22 AM,-1.80
10609,3/25/2024 3:46:34 AM,-1.50
10609,3/25/2024 3:46:34 AM,-1.50
10609,3/25/2024 3:46:50 AM,-1.70
10609,3/25/2024 3:46:50 AM,-1.70
10609,3/25/2024 3:46:59 AM,-1.60
10609,3/25/2024 3:46:59 AM,-1.60
10609,3/25/2024 3:47:31 AM,-1.50
10609,3/25/2024 3:47:31 AM,-1.50
10609,3/25/2024 3:47:45 AM,-1.60
10609,3/25/2024 3:47:45 AM,-1.60
10609,3/25/2024 3:47:57 AM,-1.50
10609,3/25/2024 3:47:57 AM,-1.50
10609,3/25/2024 3:48:00 AM,-1.60
10609,3/25/2024 3:48:00 AM,-1.60
10609,3/25/2024 3:48:02 AM,-1.50
10609,3/25/2024 3:48:02 AM,-1.50
10609,3/25/2024 3:48:08 AM,-1.60
10609,3/25/2024 3:48:08 AM,-1.60
10609,3/25/2024 3:48:19 AM,-0.90
10609,3/25/2024 3:48:19 AM,-0.90
10609,3/25/2024 3:48:23 AM,-1.60
10609,3/25/2024 3:48:23 AM,-1.60
10609,3/25/2024 3:48:34 AM,-1.30
10609,3/25/2024 3:48:34 AM,-1.30
10609,3/25/2024 3:48:37 AM,-2.30
10609,3/25/2024 3:48:37 AM,-2.30
10609,3/25/2024 3:48:41 AM,-1.80
10609,3/25/2024 3:48:41 AM,-1.80
10609,3/25/2024 3:48:43 AM,-2.00
10609,3/25/2024 3:48:43 AM,-2.00
10609,3/25/2024 3:48:48 AM,-1.90
10609,3/25/2024 3:48:48 AM,-1.90
10609,3/25/2024 3:48:52 AM,-1.70
10609,3/25/2024 3:48:52 AM,-1.70
10609,3/25/2024 3:49:25 AM,-1.80
10609,3/25/2024 3:49:25 AM,-1.80
10609,3/25/2024 3:49:30 AM,-1.90
10609,3/25/2024 3:49:30 AM,-1.90
10609,3/25/2024 3:49:50 AM,-1.80
10609,3/25/2024 3:49:50 AM,-1.80
10609,3/25/2024 3:50:23 AM,-1.90
10609,3/25/2024 3:50:23 AM,-1.90
10609,3/25/2024 3:51:05 AM,-1.60
10609,3/25/2024 3:51:05 AM,-1.60
10609,3/25/2024 3:51:08 AM,-1.70
10609,3/25/2024 3:51:08 AM,-1.70
10609,3/25/2024 3:51:20 AM,-1.60
10609,3/25/2024 3:51:20 AM,-1.60
10609,3/25/2024 3:51:23 AM,-1.70
10609,3/25/2024 3:51:23 AM,-1.70
10609,3/25/2024 3:51:44 AM,-1.50
10609,3/25/2024 3:51:44 AM,-1.50
10609,3/25/2024 3:51:47 AM,-1.40
10609,3/25/2024 3:51:47 AM,-1.40
10609,3/25/2024 3:51:50 AM,-1.50
10609,3/25/2024 3:51:50 AM,-1.50
10609,3/25/2024 3:52:07 AM,-1.30
10609,3/25/2024 3:52:07 AM,-1.30
10609,3/25/2024 3:52:24 AM,-1.40
10609,3/25/2024 3:52:24 AM,-1.40
10609,3/25/2024 3:52:46 AM,-1.20
10609,3/25/2024 3:52:46 AM,-1.20
10609,3/25/2024 3:52:53 AM,-1.30
10609,3/25/2024 3:52:53 AM,-1.30
10609,3/25/2024 3:52:55 AM,-1.40
10609,3/25/2024 3:52:55 AM,-1.40
10609,3/25/2024 3:53:00 AM,-1.30
10609,3/25/2024 3:53:00 AM,-1.30
10609,3/25/2024 3:53:06 AM,-1.50
10609,3/25/2024 3:53:06 AM,-1.50
10609,3/25/2024 3:53:32 AM,-1.30
10609,3/25/2024 3:53:32 AM,-1.30
10609,3/25/2024 3:53:36 AM,-1.20
10609,3/25/2024 3:53:36 AM,-1.20
10609,3/25/2024 3:53:43 AM,-1.30
10609,3/25/2024 3:53:43 AM,-1.30
10609,3/25/2024 3:53:51 AM,-1.50
10609,3/25/2024 3:53:51 AM,-1.50
10609,3/25/2024 3:53:55 AM,-1.30
10609,3/25/2024 3:53:55 AM,-1.30
10609,3/25/2024 3:54:02 AM,-1.50
10609,3/25/2024 3:54:02 AM,-1.50
10609,3/25/2024 3:54:05 AM,-1.70
10609,3/25/2024 3:54:05 AM,-1.70
10609,3/25/2024 3:54:12 AM,-1.60
10609,3/25/2024 3:54:12 AM,-1.60
10609,3/25/2024 3:54:15 AM,-1.40
10609,3/25/2024 3:54:15 AM,-1.40
10609,3/25/2024 3:54:25 AM,-1.60
10609,3/25/2024 3:54:25 AM,-1.60
10609,3/25/2024 3:54:32 AM,-1.50
10609,3/25/2024 3:54:32 AM,-1.50
10609,3/25/2024 3:54:52 AM,-1.80
10609,3/25/2024 3:54:52 AM,-1.80
10609,3/25/2024 3:54:55 AM,-1.90
10609,3/25/2024 3:54:55 AM,-1.90
10609,3/25/2024 3:55:05 AM,-1.70
10609,3/25/2024 3:55:05 AM,-1.70
10609,3/25/2024 3:55:09 AM,-1.60
10609,3/25/2024 3:55:09 AM,-1.60
10609,3/25/2024 3:55:22 AM,-1.70
10609,3/25/2024 3:55:22 AM,-1.70
10609,3/25/2024 3:55:56 AM,-2.20
10609,3/25/2024 3:55:56 AM,-2.20
10609,3/25/2024 3:56:03 AM,-2.50
10609,3/25/2024 3:56:03 AM,-2.50
10609,3/25/2024 3:56:16 AM,-2.80
10609,3/25/2024 3:56:16 AM,-2.80
10609,3/25/2024 3:56:30 AM,-2.50
10609,3/25/2024 3:56:30 AM,-2.50
10609,3/25/2024 3:56:34 AM,-2.60
10609,3/25/2024 3:56:34 AM,-2.60
10609,3/25/2024 3:56:37 AM,-2.50
10609,3/25/2024 3:56:37 AM,-2.50
10609,3/25/2024 3:56:47 AM,-2.60
10609,3/25/2024 3:56:47 AM,-2.60
10609,3/25/2024 3:57:07 AM,-2.20
10609,3/25/2024 3:57:07 AM,-2.20
10609,3/25/2024 3:57:40 AM,-2.70
10609,3/25/2024 3:57:40 AM,-2.70
10609,3/25/2024 3:57:56 AM,-2.50
10609,3/25/2024 3:57:56 AM,-2.50
10609,3/25/2024 3:57:58 AM,-2.30
10609,3/25/2024 3:57:58 AM,-2.30
10609,3/25/2024 3:58:03 AM,-2.20
10609,3/25/2024 3:58:03 AM,-2.20
10609,3/25/2024 3:58:06 AM,-2.00
10609,3/25/2024 3:58:06 AM,-2.00
10609,3/25/2024 3:58:08 AM,-2.10
10609,3/25/2024 3:58:08 AM,-2.10
10609,3/25/2024 3:58:12 AM,-1.60
10609,3/25/2024 3:58:12 AM,-1.60
10609,3/25/2024 3:58:18 AM,-1.90
10609,3/25/2024 3:58:18 AM,-1.90
10609,3/25/2024 3:58:33 AM,-1.70
10609,3/25/2024 3:58:33 AM,-1.70
10609,3/25/2024 3:58:52 AM,-1.60
10609,3/25/2024 3:58:52 AM,-1.60
10609,3/25/2024 3:59:27 AM,-1.80
10609,3/25/2024 3:59:27 AM,-1.80
10609,3/25/2024 3:59:35 AM,-2.00
10609,3/25/2024 3:59:35 AM,-2.00
10609,3/25/2024 3:59:39 AM,-1.90
10609,3/25/2024 3:59:39 AM,-1.90
10609,3/25/2024 3:59:47 AM,-2.00
10609,3/25/2024 3:59:47 AM,-2.00
10609,3/25/2024 4:00:00 AM,-1.90
10609,3/25/2024 4:00:00 AM,-1.90
10609,3/25/2024 4:00:10 AM,-2.00
10609,3/25/2024 4:00:10 AM,-2.00
10609,3/25/2024 4:00:40 AM,-2.60
10609,3/25/2024 4:00:40 AM,-2.60
10609,3/25/2024 4:00:44 AM,-2.50
10609,3/25/2024 4:00:44 AM,-2.50
10609,3/25/2024 4:00:47 AM,-2.30
10609,3/25/2024 4:00:47 AM,-2.30
10609,3/25/2024 4:00:51 AM,-2.20
10609,3/25/2024 4:00:51 AM,-2.20
10609,3/25/2024 4:00:55 AM,-2.30
10609,3/25/2024 4:00:55 AM,-2.30
10609,3/25/2024 4:01:06 AM,-2.80
10609,3/25/2024 4:01:06 AM,-2.80
10609,3/25/2024 4:01:13 AM,-3.20
10609,3/25/2024 4:01:13 AM,-3.20
10609,3/25/2024 4:01:23 AM,-3.50
10609,3/25/2024 4:01:23 AM,-3.50
10609,3/25/2024 4:01:45 AM,-3.90
10609,3/25/2024 4:01:45 AM,-3.90
10609,3/25/2024 4:01:52 AM,-4.00
10609,3/25/2024 4:01:52 AM,-4.00
10609,3/25/2024 4:01:56 AM,-3.60
10609,3/25/2024 4:01:56 AM,-3.60
10609,3/25/2024 4:01:58 AM,-3.70
10609,3/25/2024 4:01:58 AM,-3.70
10609,3/25/2024 4:02:06 AM,-3.30
10609,3/25/2024 4:02:06 AM,-3.30
10609,3/25/2024 4:02:09 AM,-3.00
10609,3/25/2024 4:02:09 AM,-3.00
10609,3/25/2024 4:02:13 AM,-3.20
10609,3/25/2024 4:02:13 AM,-3.20
10609,3/25/2024 4:02:20 AM,-2.90
10609,3/25/2024 4:02:20 AM,-2.90
10609,3/25/2024 4:02:28 AM,-2.80
10609,3/25/2024 4:02:28 AM,-2.80
10609,3/25/2024 4:02:40 AM,-2.40
10609,3/25/2024 4:02:40 AM,-2.40
10609,3/25/2024 4:02:45 AM,-2.20
10609,3/25/2024 4:02:45 AM,-2.20
10609,3/25/2024 4:02:48 AM,-2.30
10609,3/25/2024 4:02:48 AM,-2.30
10609,3/25/2024 4:02:58 AM,-2.10
10609,3/25/2024 4:02:58 AM,-2.10
10609,3/25/2024 4:03:02 AM,-2.20
10609,3/25/2024 4:03:02 AM,-2.20
10609,3/25/2024 4:03:05 AM,-2.10
10609,3/25/2024 4:03:05 AM,-2.10
10609,3/25/2024 4:03:08 AM,-2.20
10609,3/25/2024 4:03:08 AM,-2.20
10609,3/25/2024 4:03:11 AM,-2.10
10609,3/25/2024 4:03:11 AM,-2.10
10609,3/25/2024 4:03:14 AM,-2.20
10609,3/25/2024 4:03:14 AM,-2.20
10609,3/25/2024 4:03:18 AM,-2.10
10609,3/25/2024 4:03:18 AM,-2.10
10609,3/25/2024 4:03:26 AM,-2.20
10609,3/25/2024 4:03:26 AM,-2.20
10609,3/25/2024 4:03:29 AM,-2.10
10609,3/25/2024 4:03:29 AM,-2.10
10609,3/25/2024 4:03:37 AM,-2.30
10609,3/25/2024 4:03:37 AM,-2.30
10609,3/25/2024 4:03:49 AM,-2.00
10609,3/25/2024 4:03:49 AM,-2.00
10609,3/25/2024 4:04:00 AM,-1.80
10609,3/25/2024 4:04:00 AM,-1.80
10609,3/25/2024 4:04:11 AM,-2.20
10609,3/25/2024 4:04:11 AM,-2.20
10609,3/25/2024 4:04:16 AM,-2.10
10609,3/25/2024 4:04:16 AM,-2.10
10609,3/25/2024 4:04:22 AM,-2.30
10609,3/25/2024 4:04:22 AM,-2.30
10609,3/25/2024 4:04:30 AM,-2.10
10609,3/25/2024 4:04:30 AM,-2.10
10609,3/25/2024 4:04:33 AM,-1.90
10609,3/25/2024 4:04:33 AM,-1.90
10609,3/25/2024 4:04:37 AM,-1.80
10609,3/25/2024 4:04:37 AM,-1.80
10609,3/25/2024 4:04:40 AM,-1.90
10609,3/25/2024 4:04:40 AM,-1.90
10609,3/25/2024 4:04:45 AM,-2.30
10609,3/25/2024 4:04:45 AM,-2.30
10609,3/25/2024 4:04:48 AM,-2.20
10609,3/25/2024 4:04:48 AM,-2.20
10609,3/25/2024 4:04:51 AM,-2.40
10609,3/25/2024 4:04:51 AM,-2.40
10609,3/25/2024 4:04:54 AM,-2.20
10609,3/25/2024 4:04:54 AM,-2.20
10609,3/25/2024 4:04:58 AM,-2.10
10609,3/25/2024 4:04:58 AM,-2.10
10609,3/25/2024 4:05:20 AM,-2.30
10609,3/25/2024 4:05:20 AM,-2.30
10609,3/25/2024 4:05:26 AM,-2.10
10609,3/25/2024 4:05:26 AM,-2.10
10609,3/25/2024 4:05:29 AM,-2.20
10609,3/25/2024 4:05:29 AM,-2.20
10609,3/25/2024 4:05:57 AM,-2.50
10609,3/25/2024 4:05:57 AM,-2.50
10609,3/25/2024 4:06:01 AM,-2.60
10609,3/25/2024 4:06:01 AM,-2.60
10609,3/25/2024 4:06:11 AM,-2.50
10609,3/25/2024 4:06:11 AM,-2.50
10609,3/25/2024 4:06:14 AM,-2.40
10609,3/25/2024 4:06:14 AM,-2.40
10609,3/25/2024 4:06:30 AM,-2.50
10609,3/25/2024 4:06:30 AM,-2.50
10609,3/25/2024 4:06:32 AM,-2.60
10609,3/25/2024 4:06:32 AM,-2.60
10609,3/25/2024 4:06:37 AM,-2.50
10609,3/25/2024 4:06:37 AM,-2.50
10609,3/25/2024 4:06:44 AM,-3.90
10609,3/25/2024 4:06:44 AM,-3.90
10609,3/25/2024 4:06:47 AM,-3.50
10609,3/25/2024 4:06:47 AM,-3.50
10609,3/25/2024 4:06:50 AM,-2.60
10609,3/25/2024 4:06:50 AM,-2.60
10609,3/25/2024 4:06:54 AM,-2.20
10609,3/25/2024 4:06:54 AM,-2.20
10609,3/25/2024 4:07:01 AM,-2.50
10609,3/25/2024 4:07:01 AM,-2.50
10609,3/25/2024 4:07:05 AM,-2.40
10609,3/25/2024 4:07:05 AM,-2.40
10609,3/25/2024 4:07:17 AM,-2.50
10609,3/25/2024 4:07:17 AM,-2.50
10609,3/25/2024 4:07:28 AM,-2.30
10609,3/25/2024 4:07:28 AM,-2.30
10609,3/25/2024 4:07:42 AM,-2.50
10609,3/25/2024 4:07:42 AM,-2.50
10609,3/25/2024 4:07:50 AM,-2.40
10609,3/25/2024 4:07:50 AM,-2.40
10609,3/25/2024 4:08:01 AM,-2.60
10609,3/25/2024 4:08:01 AM,-2.60
10609,3/25/2024 4:08:31 AM,-2.30
10609,3/25/2024 4:08:31 AM,-2.30
10609,3/25/2024 4:08:35 AM,-2.40
10609,3/25/2024 4:08:35 AM,-2.40
10609,3/25/2024 4:09:01 AM,-2.50
10609,3/25/2024 4:09:01 AM,-2.50
10609,3/25/2024 4:09:21 AM,-2.40
10609,3/25/2024 4:09:21 AM,-2.40
10609,3/25/2024 4:09:32 AM,-2.50
10609,3/25/2024 4:09:32 AM,-2.50
10609,3/25/2024 4:09:37 AM,-2.70
10609,3/25/2024 4:09:37 AM,-2.70
10609,3/25/2024 4:09:44 AM,-2.50
10609,3/25/2024 4:09:44 AM,-2.50
10609,3/25/2024 4:09:53 AM,-2.40
10609,3/25/2024 4:09:53 AM,-2.40
10609,3/25/2024 4:10:01 AM,-2.50
10609,3/25/2024 4:10:01 AM,-2.50
10609,3/25/2024 4:10:11 AM,-2.20
10609,3/25/2024 4:10:11 AM,-2.20
10609,3/25/2024 4:10:16 AM,-2.50
10609,3/25/2024 4:10:16 AM,-2.50
10609,3/25/2024 4:11:04 AM,-2.40
10609,3/25/2024 4:11:04 AM,-2.40
10609,3/25/2024 4:11:12 AM,-2.30
10609,3/25/2024 4:11:12 AM,-2.30
10609,3/25/2024 4:11:15 AM,-2.40
10609,3/25/2024 4:11:15 AM,-2.40
10609,3/25/2024 4:11:18 AM,-2.30
10609,3/25/2024 4:11:18 AM,-2.30
10609,3/25/2024 4:11:29 AM,-2.40
10609,3/25/2024 4:11:29 AM,-2.40
10609,3/25/2024 4:11:32 AM,-2.30
10609,3/25/2024 4:11:32 AM,-2.30
10609,3/25/2024 4:11:43 AM,-2.60
10609,3/25/2024 4:11:43 AM,-2.60
10609,3/25/2024 4:11:46 AM,-2.50
10609,3/25/2024 4:11:46 AM,-2.50
10609,3/25/2024 4:11:48 AM,-2.60
10609,3/25/2024 4:11:48 AM,-2.60
10609,3/25/2024 4:12:08 AM,-2.40
10609,3/25/2024 4:12:08 AM,-2.40
10609,3/25/2024 4:12:21 AM,-2.50
10609,3/25/2024 4:12:21 AM,-2.50
10609,3/25/2024 4:12:29 AM,-2.80
10609,3/25/2024 4:12:29 AM,-2.80
10609,3/25/2024 4:12:32 AM,-2.60
10609,3/25/2024 4:12:32 AM,-2.60
10609,3/25/2024 4:12:36 AM,-2.70
10609,3/25/2024 4:12:36 AM,-2.70
10609,3/25/2024 4:12:43 AM,-2.50
10609,3/25/2024 4:12:43 AM,-2.50
10609,3/25/2024 4:13:08 AM,-2.30
10609,3/25/2024 4:13:08 AM,-2.30
10609,3/25/2024 4:13:42 AM,-2.60
10609,3/25/2024 4:13:42 AM,-2.60
10609,3/25/2024 4:14:04 AM,-2.40
10609,3/25/2024 4:14:04 AM,-2.40
10609,3/25/2024 4:14:08 AM,-2.50
10609,3/25/2024 4:14:08 AM,-2.50
10609,3/25/2024 4:14:11 AM,-2.70
10609,3/25/2024 4:14:11 AM,-2.70
10609,3/25/2024 4:14:14 AM,-2.40
10609,3/25/2024 4:14:14 AM,-2.40
10609,3/25/2024 4:14:18 AM,-2.50
10609,3/25/2024 4:14:18 AM,-2.50
10609,3/25/2024 4:14:20 AM,-2.40
10609,3/25/2024 4:14:20 AM,-2.40
10609,3/25/2024 4:14:24 AM,-2.50
10609,3/25/2024 4:14:24 AM,-2.50
10609,3/25/2024 4:14:37 AM,-2.60
10609,3/25/2024 4:14:37 AM,-2.60
10609,3/25/2024 4:14:41 AM,-2.70
10609,3/25/2024 4:14:41 AM,-2.70
10609,3/25/2024 4:14:45 AM,-2.60
10609,3/25/2024 4:14:45 AM,-2.60
10609,3/25/2024 4:15:15 AM,-2.80
10609,3/25/2024 4:15:15 AM,-2.80
10609,3/25/2024 4:15:40 AM,-2.50
10609,3/25/2024 4:15:40 AM,-2.50
10609,3/25/2024 4:15:45 AM,-2.40
10609,3/25/2024 4:15:45 AM,-2.40
10609,3/25/2024 4:16:03 AM,-2.50
10609,3/25/2024 4:16:03 AM,-2.50
10609,3/25/2024 4:16:12 AM,-2.30
10609,3/25/2024 4:16:12 AM,-2.30
10609,3/25/2024 4:16:19 AM,-2.40
10609,3/25/2024 4:16:19 AM,-2.40
10609,3/25/2024 4:16:21 AM,-2.30
10609,3/25/2024 4:16:21 AM,-2.30
10609,3/25/2024 4:16:35 AM,-2.40
10609,3/25/2024 4:16:35 AM,-2.40
10609,3/25/2024 4:16:44 AM,-2.60
10609,3/25/2024 4:16:44 AM,-2.60
10609,3/25/2024 4:16:58 AM,-2.70
10609,3/25/2024 4:16:58 AM,-2.70
10609,3/25/2024 4:17:00 AM,-2.60
10609,3/25/2024 4:17:00 AM,-2.60
10609,3/25/2024 4:17:08 AM,-2.50
10609,3/25/2024 4:17:08 AM,-2.50
10609,3/25/2024 4:17:10 AM,-2.60
10609,3/25/2024 4:17:10 AM,-2.60
10609,3/25/2024 4:17:28 AM,-2.70
10609,3/25/2024 4:17:28 AM,-2.70
10609,3/25/2024 4:17:38 AM,-2.60
10609,3/25/2024 4:17:38 AM,-2.60
10609,3/25/2024 4:17:57 AM,-2.70
10609,3/25/2024 4:17:57 AM,-2.70
10609,3/25/2024 4:18:11 AM,-2.50
10609,3/25/2024 4:18:11 AM,-2.50
10609,3/25/2024 4:18:16 AM,-2.60
10609,3/25/2024 4:18:16 AM,-2.60
10609,3/25/2024 4:18:33 AM,-2.40
10609,3/25/2024 4:18:33 AM,-2.40
10609,3/25/2024 4:18:37 AM,-2.50
10609,3/25/2024 4:18:37 AM,-2.50
10609,3/25/2024 4:18:51 AM,-2.60
10609,3/25/2024 4:18:51 AM,-2.60
10609,3/25/2024 4:18:54 AM,-2.50
10609,3/25/2024 4:18:54 AM,-2.50
10609,3/25/2024 4:19:04 AM,-2.60
10609,3/25/2024 4:19:04 AM,-2.60
10609,3/25/2024 4:19:08 AM,-2.50
10609,3/25/2024 4:19:08 AM,-2.50
10609,3/25/2024 4:19:16 AM,-2.60
10609,3/25/2024 4:19:16 AM,-2.60
10609,3/25/2024 4:19:46 AM,-2.50
10609,3/25/2024 4:19:46 AM,-2.50
10609,3/25/2024 4:19:53 AM,-2.60
10609,3/25/2024 4:19:53 AM,-2.60
10609,3/25/2024 4:20:04 AM,-2.40
10609,3/25/2024 4:20:04 AM,-2.40
10609,3/25/2024 4:20:13 AM,-2.50
10609,3/25/2024 4:20:13 AM,-2.50
10609,3/25/2024 4:20:20 AM,-2.70
10609,3/25/2024 4:20:20 AM,-2.70
10609,3/25/2024 4:20:23 AM,-2.90
10609,3/25/2024 4:20:23 AM,-2.90
10609,3/25/2024 4:20:43 AM,-3.30
10609,3/25/2024 4:20:43 AM,-3.30
10609,3/25/2024 4:20:46 AM,-3.20
10609,3/25/2024 4:20:46 AM,-3.20
10609,3/25/2024 4:21:03 AM,-3.10
10609,3/25/2024 4:21:03 AM,-3.10
10609,3/25/2024 4:21:06 AM,-3.20
10609,3/25/2024 4:21:06 AM,-3.20
10609,3/25/2024 4:21:16 AM,-3.00
10609,3/25/2024 4:21:16 AM,-3.00
10609,3/25/2024 4:21:23 AM,-2.80
10609,3/25/2024 4:21:23 AM,-2.80
10609,3/25/2024 4:21:36 AM,-2.60
10609,3/25/2024 4:21:36 AM,-2.60
10609,3/25/2024 4:21:40 AM,-2.50
10609,3/25/2024 4:21:40 AM,-2.50
10609,3/25/2024 4:21:58 AM,-2.40
10609,3/25/2024 4:21:58 AM,-2.40
10609,3/25/2024 4:22:02 AM,-2.30
10609,3/25/2024 4:22:02 AM,-2.30
10609,3/25/2024 4:22:17 AM,-2.20
10609,3/25/2024 4:22:17 AM,-2.20
10609,3/25/2024 4:22:32 AM,-2.40
10609,3/25/2024 4:22:32 AM,-2.40
10609,3/25/2024 4:22:40 AM,-2.30
10609,3/25/2024 4:22:40 AM,-2.30
10609,3/25/2024 4:22:48 AM,-2.00
10609,3/25/2024 4:22:48 AM,-2.00
10609,3/25/2024 4:22:52 AM,-2.10
10609,3/25/2024 4:22:52 AM,-2.10
10609,3/25/2024 4:22:54 AM,-2.00
10609,3/25/2024 4:22:54 AM,-2.00
10609,3/25/2024 4:23:01 AM,-1.90
10609,3/25/2024 4:23:01 AM,-1.90
10609,3/25/2024 4:23:06 AM,-2.00
10609,3/25/2024 4:23:06 AM,-2.00
10609,3/25/2024 4:23:10 AM,-2.20
10609,3/25/2024 4:23:10 AM,-2.20
10609,3/25/2024 4:23:23 AM,-2.50
10609,3/25/2024 4:23:23 AM,-2.50
10609,3/25/2024 4:23:44 AM,-2.70
10609,3/25/2024 4:23:44 AM,-2.70
10609,3/25/2024 4:24:17 AM,-2.50
10609,3/25/2024 4:24:17 AM,-2.50
10609,3/25/2024 4:24:28 AM,-2.30
10609,3/25/2024 4:24:28 AM,-2.30
10609,3/25/2024 4:24:36 AM,-2.50
10609,3/25/2024 4:24:36 AM,-2.50
10609,3/25/2024 4:24:47 AM,-2.30
10609,3/25/2024 4:24:47 AM,-2.30
10609,3/25/2024 4:24:57 AM,-2.00
10609,3/25/2024 4:24:57 AM,-2.00
10609,3/25/2024 4:25:06 AM,-2.20
10609,3/25/2024 4:25:06 AM,-2.20
10609,3/25/2024 4:25:24 AM,-2.30
10609,3/25/2024 4:25:24 AM,-2.30
10609,3/25/2024 4:25:31 AM,-2.20
10609,3/25/2024 4:25:31 AM,-2.20
10609,3/25/2024 4:25:38 AM,-2.50
10609,3/25/2024 4:25:38 AM,-2.50
10609,3/25/2024 4:25:41 AM,-2.30
10609,3/25/2024 4:25:41 AM,-2.30
10609,3/25/2024 4:26:11 AM,-2.00
10609,3/25/2024 4:26:11 AM,-2.00
10609,3/25/2024 4:26:14 AM,-1.90
10609,3/25/2024 4:26:14 AM,-1.90
10609,3/25/2024 4:26:29 AM,-2.00
10609,3/25/2024 4:26:29 AM,-2.00
10609,3/25/2024 4:26:45 AM,-1.70
10609,3/25/2024 4:26:45 AM,-1.70
10609,3/25/2024 4:26:52 AM,-1.90
10609,3/25/2024 4:26:52 AM,-1.90
10609,3/25/2024 4:27:12 AM,-2.10
10609,3/25/2024 4:27:12 AM,-2.10
10609,3/25/2024 4:27:27 AM,-1.90
10609,3/25/2024 4:27:27 AM,-1.90
10609,3/25/2024 4:27:34 AM,-2.00
10609,3/25/2024 4:27:34 AM,-2.00
10609,3/25/2024 4:27:37 AM,-1.90
10609,3/25/2024 4:27:37 AM,-1.90
10609,3/25/2024 4:28:14 AM,-2.10
10609,3/25/2024 4:28:14 AM,-2.10
10609,3/25/2024 4:29:27 AM,-1.90
10609,3/25/2024 4:29:27 AM,-1.90
10609,3/25/2024 4:29:35 AM,-2.00
10609,3/25/2024 4:29:35 AM,-2.00
10609,3/25/2024 4:30:24 AM,-1.70
10609,3/25/2024 4:30:24 AM,-1.70
10609,3/25/2024 4:30:31 AM,-1.90
10609,3/25/2024 4:30:31 AM,-1.90
10609,3/25/2024 4:30:40 AM,-2.00
10609,3/25/2024 4:30:40 AM,-2.00
10609,3/25/2024 4:30:44 AM,-1.90
10609,3/25/2024 4:30:44 AM,-1.90
10609,3/25/2024 4:31:01 AM,-2.00
10609,3/25/2024 4:31:01 AM,-2.00
10609,3/25/2024 4:31:05 AM,-1.90
10609,3/25/2024 4:31:05 AM,-1.90
10609,3/25/2024 4:31:10 AM,-2.00
10609,3/25/2024 4:31:10 AM,-2.00
10609,3/25/2024 4:31:23 AM,-1.80
10609,3/25/2024 4:31:23 AM,-1.80
10609,3/25/2024 4:31:30 AM,-1.90
10609,3/25/2024 4:31:30 AM,-1.90
10609,3/25/2024 4:33:05 AM,-2.00
10609,3/25/2024 4:33:05 AM,-2.00
10609,3/25/2024 4:33:08 AM,-1.90
10609,3/25/2024 4:33:08 AM,-1.90
10609,3/25/2024 4:33:58 AM,-2.00
10609,3/25/2024 4:33:58 AM,-2.00
10609,3/25/2024 4:34:11 AM,-2.10
10609,3/25/2024 4:34:11 AM,-2.10
10609,3/25/2024 4:34:15 AM,-2.00
10609,3/25/2024 4:34:15 AM,-2.00
10609,3/25/2024 4:36:02 AM,-1.80
10609,3/25/2024 4:36:02 AM,-1.80
10609,3/25/2024 4:36:16 AM,-1.90
10609,3/25/2024 4:36:16 AM,-1.90
10609,3/25/2024 4:36:23 AM,-1.70
10609,3/25/2024 4:36:23 AM,-1.70
10609,3/25/2024 4:36:27 AM,-1.80
10609,3/25/2024 4:36:27 AM,-1.80
10609,3/25/2024 4:36:37 AM,-1.70
10609,3/25/2024 4:36:37 AM,-1.70
10609,3/25/2024 4:37:17 AM,-1.90
10609,3/25/2024 4:37:17 AM,-1.90
10609,3/25/2024 4:37:30 AM,-2.10
10609,3/25/2024 4:37:30 AM,-2.10
10609,3/25/2024 4:37:38 AM,-2.00
10609,3/25/2024 4:37:38 AM,-2.00
10609,3/25/2024 4:37:41 AM,-2.10
10609,3/25/2024 4:37:41 AM,-2.10
10609,3/25/2024 4:37:53 AM,-1.90
10609,3/25/2024 4:37:53 AM,-1.90
10609,3/25/2024 4:37:56 AM,-2.00
10609,3/25/2024 4:37:56 AM,-2.00
10609,3/25/2024 4:38:24 AM,-1.90
10609,3/25/2024 4:38:24 AM,-1.90
10609,3/25/2024 4:38:28 AM,-1.80
10609,3/25/2024 4:38:28 AM,-1.80
10609,3/25/2024 4:38:31 AM,-1.90
10609,3/25/2024 4:38:31 AM,-1.90
10609,3/25/2024 4:38:35 AM,-1.80
10609,3/25/2024 4:38:35 AM,-1.80
10609,3/25/2024 4:38:42 AM,-2.00
10609,3/25/2024 4:38:42 AM,-2.00
10609,3/25/2024 4:38:45 AM,-1.90
10609,3/25/2024 4:38:45 AM,-1.90
10609,3/25/2024 4:39:07 AM,-2.10
10609,3/25/2024 4:39:07 AM,-2.10
10609,3/25/2024 4:39:38 AM,-2.00
10609,3/25/2024 4:39:38 AM,-2.00
10609,3/25/2024 4:39:43 AM,-1.90
10609,3/25/2024 4:39:43 AM,-1.90
10609,3/25/2024 4:40:04 AM,-1.80
10609,3/25/2024 4:40:04 AM,-1.80
10609,3/25/2024 4:40:08 AM,-1.70
10609,3/25/2024 4:40:08 AM,-1.70
10609,3/25/2024 4:40:12 AM,-1.80
10609,3/25/2024 4:40:12 AM,-1.80
10609,3/25/2024 4:40:19 AM,-1.70
10609,3/25/2024 4:40:19 AM,-1.70
10609,3/25/2024 4:40:25 AM,-1.80
10609,3/25/2024 4:40:25 AM,-1.80
10609,3/25/2024 4:41:12 AM,-1.60
10609,3/25/2024 4:41:12 AM,-1.60
10609,3/25/2024 4:41:33 AM,-1.70
10609,3/25/2024 4:41:33 AM,-1.70
10609,3/25/2024 4:41:49 AM,-1.40
10609,3/25/2024 4:41:49 AM,-1.40
10609,3/25/2024 4:42:32 AM,-1.70
10609,3/25/2024 4:42:32 AM,-1.70
10609,3/25/2024 4:42:40 AM,-1.60
10609,3/25/2024 4:42:40 AM,-1.60
10609,3/25/2024 4:42:55 AM,-1.70
10609,3/25/2024 4:42:55 AM,-1.70
10609,3/25/2024 4:43:05 AM,-1.60
10609,3/25/2024 4:43:05 AM,-1.60
10609,3/25/2024 4:43:08 AM,-1.70
10609,3/25/2024 4:43:08 AM,-1.70
10609,3/25/2024 4:44:04 AM,-1.60
10609,3/25/2024 4:44:04 AM,-1.60
10609,3/25/2024 4:44:07 AM,-1.70
10609,3/25/2024 4:44:07 AM,-1.70
10609,3/25/2024 4:44:19 AM,-1.80
10609,3/25/2024 4:44:19 AM,-1.80
10609,3/25/2024 4:44:42 AM,-1.70
10609,3/25/2024 4:44:42 AM,-1.70
10609,3/25/2024 4:44:55 AM,-1.80
10609,3/25/2024 4:44:55 AM,-1.80
10609,3/25/2024 4:45:33 AM,-1.60
10609,3/25/2024 4:45:33 AM,-1.60
10609,3/25/2024 4:45:37 AM,-1.70
10609,3/25/2024 4:45:37 AM,-1.70
10609,3/25/2024 4:45:44 AM,-1.50
10609,3/25/2024 4:45:44 AM,-1.50
10609,3/25/2024 4:45:49 AM,-1.60
10609,3/25/2024 4:45:49 AM,-1.60
10609,3/25/2024 4:45:52 AM,-1.50
10609,3/25/2024 4:45:52 AM,-1.50
10609,3/25/2024 4:46:02 AM,-1.40
10609,3/25/2024 4:46:02 AM,-1.40
10609,3/25/2024 4:46:12 AM,-1.60
10609,3/25/2024 4:46:12 AM,-1.60
10609,3/25/2024 4:46:51 AM,-1.70
10609,3/25/2024 4:46:51 AM,-1.70
10609,3/25/2024 4:47:07 AM,-1.40
10609,3/25/2024 4:47:07 AM,-1.40
10609,3/25/2024 4:47:22 AM,-1.70
10609,3/25/2024 4:47:22 AM,-1.70
10609,3/25/2024 4:47:25 AM,-1.60
10609,3/25/2024 4:47:25 AM,-1.60
10609,3/25/2024 4:47:50 AM,-1.50
10609,3/25/2024 4:47:50 AM,-1.50
10609,3/25/2024 4:47:59 AM,-1.70
10609,3/25/2024 4:47:59 AM,-1.70
10609,3/25/2024 4:48:12 AM,-1.50
10609,3/25/2024 4:48:12 AM,-1.50
10609,3/25/2024 4:48:17 AM,-1.60
10609,3/25/2024 4:48:17 AM,-1.60
10609,3/25/2024 4:48:21 AM,-1.80
10609,3/25/2024 4:48:21 AM,-1.80
10609,3/25/2024 4:48:32 AM,-2.00
10609,3/25/2024 4:48:32 AM,-2.00
10609,3/25/2024 4:48:37 AM,-1.90
10609,3/25/2024 4:48:37 AM,-1.90
10609,3/25/2024 4:48:48 AM,-2.00
10609,3/25/2024 4:48:48 AM,-2.00
10609,3/25/2024 4:49:02 AM,-1.80
10609,3/25/2024 4:49:02 AM,-1.80
10609,3/25/2024 4:49:06 AM,-2.00
10609,3/25/2024 4:49:06 AM,-2.00
10609,3/25/2024 4:49:19 AM,-1.80
10609,3/25/2024 4:49:19 AM,-1.80
10609,3/25/2024 4:49:30 AM,-1.70
10609,3/25/2024 4:49:30 AM,-1.70
10609,3/25/2024 4:49:33 AM,-1.80
10609,3/25/2024 4:49:33 AM,-1.80
10609,3/25/2024 4:49:37 AM,-1.70
10609,3/25/2024 4:49:37 AM,-1.70
10609,3/25/2024 4:50:03 AM,-1.60
10609,3/25/2024 4:50:03 AM,-1.60
10609,3/25/2024 4:50:12 AM,-1.70
10609,3/25/2024 4:50:12 AM,-1.70
10609,3/25/2024 4:50:23 AM,-1.50
10609,3/25/2024 4:50:23 AM,-1.50
10609,3/25/2024 4:50:33 AM,-1.70
10609,3/25/2024 4:50:33 AM,-1.70
10609,3/25/2024 4:50:48 AM,-1.60
10609,3/25/2024 4:50:48 AM,-1.60
10609,3/25/2024 4:50:51 AM,-1.70
10609,3/25/2024 4:50:51 AM,-1.70
10609,3/25/2024 4:51:16 AM,-1.80
10609,3/25/2024 4:51:16 AM,-1.80
10609,3/25/2024 4:51:46 AM,-2.20
10609,3/25/2024 4:51:46 AM,-2.20
10609,3/25/2024 4:51:53 AM,-2.00
10609,3/25/2024 4:51:53 AM,-2.00
10609,3/25/2024 4:51:56 AM,-2.10
10609,3/25/2024 4:51:56 AM,-2.10
10609,3/25/2024 4:51:59 AM,-2.00
10609,3/25/2024 4:51:59 AM,-2.00
10609,3/25/2024 4:52:21 AM,-1.90
10609,3/25/2024 4:52:21 AM,-1.90
10609,3/25/2024 4:52:32 AM,-2.00
10609,3/25/2024 4:52:32 AM,-2.00
10609,3/25/2024 4:52:55 AM,-1.80
10609,3/25/2024 4:52:55 AM,-1.80
10609,3/25/2024 4:53:02 AM,-1.90
10609,3/25/2024 4:53:02 AM,-1.90
10609,3/25/2024 4:53:04 AM,-2.00
10609,3/25/2024 4:53:04 AM,-2.00
10609,3/25/2024 4:53:15 AM,-1.80
10609,3/25/2024 4:53:15 AM,-1.80
10609,3/25/2024 4:53:49 AM,-1.70
10609,3/25/2024 4:53:49 AM,-1.70
10609,3/25/2024 4:53:55 AM,-1.80
10609,3/25/2024 4:53:55 AM,-1.80
10609,3/25/2024 4:54:08 AM,-1.60
10609,3/25/2024 4:54:08 AM,-1.60
10609,3/25/2024 4:54:19 AM,-1.70
10609,3/25/2024 4:54:19 AM,-1.70
10609,3/25/2024 4:55:15 AM,-1.60
10609,3/25/2024 4:55:15 AM,-1.60
10609,3/25/2024 4:55:19 AM,-1.70
10609,3/25/2024 4:55:19 AM,-1.70
10609,3/25/2024 4:55:51 AM,-1.60
10609,3/25/2024 4:55:51 AM,-1.60
10609,3/25/2024 4:56:07 AM,-1.40
10609,3/25/2024 4:56:07 AM,-1.40
10609,3/25/2024 4:56:28 AM,-1.50
10609,3/25/2024 4:56:28 AM,-1.50
10609,3/25/2024 4:56:35 AM,-1.40
10609,3/25/2024 4:56:35 AM,-1.40
10609,3/25/2024 4:56:59 AM,-1.50
10609,3/25/2024 4:56:59 AM,-1.50
10609,3/25/2024 4:57:02 AM,-1.40
10609,3/25/2024 4:57:02 AM,-1.40
10609,3/25/2024 4:57:09 AM,-1.60
10609,3/25/2024 4:57:09 AM,-1.60
10609,3/25/2024 4:58:09 AM,-1.40
10609,3/25/2024 4:58:09 AM,-1.40
10609,3/25/2024 4:58:16 AM,-1.30
10609,3/25/2024 4:58:16 AM,-1.30
10609,3/25/2024 4:58:32 AM,-1.40
10609,3/25/2024 4:58:32 AM,-1.40
10609,3/25/2024 4:58:45 AM,-1.30
10609,3/25/2024 4:58:45 AM,-1.30
10609,3/25/2024 4:58:50 AM,-1.50
10609,3/25/2024 4:58:50 AM,-1.50
10609,3/25/2024 4:58:57 AM,-1.60
10609,3/25/2024 4:58:57 AM,-1.60
10609,3/25/2024 4:59:27 AM,-1.30
10609,3/25/2024 4:59:27 AM,-1.30
10609,3/25/2024 4:59:49 AM,-1.60
10609,3/25/2024 4:59:49 AM,-1.60
10609,3/25/2024 4:59:52 AM,-1.50
10609,3/25/2024 4:59:52 AM,-1.50
10609,3/25/2024 5:00:00 AM,-1.60
10609,3/25/2024 5:00:00 AM,-1.60
10609,3/25/2024 5:00:16 AM,-1.70
10609,3/25/2024 5:00:16 AM,-1.70
10609,3/25/2024 5:00:32 AM,-2.00
10609,3/25/2024 5:00:32 AM,-2.00
10609,3/25/2024 5:00:39 AM,-1.90
10609,3/25/2024 5:00:39 AM,-1.90
10609,3/25/2024 5:00:43 AM,-2.00
10609,3/25/2024 5:00:43 AM,-2.00
10609,3/25/2024 5:00:52 AM,-1.80
10609,3/25/2024 5:00:52 AM,-1.80
10609,3/25/2024 5:00:55 AM,-1.60
10609,3/25/2024 5:00:55 AM,-1.60
10609,3/25/2024 5:01:02 AM,-1.40
10609,3/25/2024 5:01:02 AM,-1.40
10609,3/25/2024 5:01:05 AM,-1.20
10609,3/25/2024 5:01:05 AM,-1.20
10609,3/25/2024 5:01:09 AM,-1.10
10609,3/25/2024 5:01:09 AM,-1.10
10609,3/25/2024 5:01:12 AM,-0.90
10609,3/25/2024 5:01:12 AM,-0.90
10609,3/25/2024 5:01:29 AM,-0.60
10609,3/25/2024 5:01:29 AM,-0.60
10609,3/25/2024 5:01:48 AM,-0.80
10609,3/25/2024 5:01:48 AM,-0.80
10609,3/25/2024 5:02:21 AM,-1.50
10609,3/25/2024 5:02:21 AM,-1.50
10609,3/25/2024 5:02:34 AM,-1.60
10609,3/25/2024 5:02:34 AM,-1.60
10609,3/25/2024 5:02:48 AM,-1.30
10609,3/25/2024 5:02:48 AM,-1.30
10609,3/25/2024 5:03:03 AM,-1.40
10609,3/25/2024 5:03:03 AM,-1.40
10609,3/25/2024 5:03:10 AM,-1.30
10609,3/25/2024 5:03:10 AM,-1.30
10609,3/25/2024 5:03:19 AM,-1.50
10609,3/25/2024 5:03:19 AM,-1.50
10609,3/25/2024 5:03:26 AM,-1.90
10609,3/25/2024 5:03:26 AM,-1.90
10609,3/25/2024 5:03:29 AM,-2.00
10609,3/25/2024 5:03:29 AM,-2.00
10609,3/25/2024 5:03:33 AM,-1.70
10609,3/25/2024 5:03:33 AM,-1.70
10609,3/25/2024 5:03:38 AM,-1.60
10609,3/25/2024 5:03:38 AM,-1.60
10609,3/25/2024 5:03:40 AM,-1.80
10609,3/25/2024 5:03:40 AM,-1.80
10609,3/25/2024 5:03:57 AM,-1.60
10609,3/25/2024 5:03:57 AM,-1.60
10609,3/25/2024 5:03:59 AM,-1.80
10609,3/25/2024 5:03:59 AM,-1.80
10609,3/25/2024 5:04:03 AM,-1.90
10609,3/25/2024 5:04:03 AM,-1.90
10609,3/25/2024 5:04:14 AM,-1.70
10609,3/25/2024 5:04:14 AM,-1.70
10609,3/25/2024 5:04:34 AM,-1.50
10609,3/25/2024 5:04:34 AM,-1.50
10609,3/25/2024 5:04:39 AM,-1.40
10609,3/25/2024 5:04:39 AM,-1.40
10609,3/25/2024 5:04:57 AM,-1.60
10609,3/25/2024 5:04:57 AM,-1.60
10609,3/25/2024 5:05:00 AM,-1.70
10609,3/25/2024 5:05:00 AM,-1.70
10609,3/25/2024 5:05:03 AM,-1.60
10609,3/25/2024 5:05:03 AM,-1.60
10609,3/25/2024 5:05:22 AM,-2.10
10609,3/25/2024 5:05:22 AM,-2.10
10609,3/25/2024 5:05:32 AM,-1.90
10609,3/25/2024 5:05:32 AM,-1.90
10609,3/25/2024 5:05:47 AM,-1.80
10609,3/25/2024 5:05:47 AM,-1.80
10609,3/25/2024 5:06:24 AM,-2.20
10609,3/25/2024 5:06:24 AM,-2.20
10609,3/25/2024 5:06:38 AM,-2.40
10609,3/25/2024 5:06:38 AM,-2.40
10609,3/25/2024 5:06:48 AM,-2.30
10609,3/25/2024 5:06:48 AM,-2.30
10609,3/25/2024 5:07:30 AM,-2.60
10609,3/25/2024 5:07:30 AM,-2.60
10609,3/25/2024 5:07:40 AM,-2.50
10609,3/25/2024 5:07:40 AM,-2.50
10609,3/25/2024 5:07:43 AM,-2.60
10609,3/25/2024 5:07:43 AM,-2.60
10609,3/25/2024 5:08:06 AM,-2.40
10609,3/25/2024 5:08:06 AM,-2.40
10609,3/25/2024 5:08:46 AM,-2.50
10609,3/25/2024 5:08:46 AM,-2.50
10609,3/25/2024 5:08:52 AM,-2.40
10609,3/25/2024 5:08:52 AM,-2.40
10609,3/25/2024 5:09:04 AM,-2.50
10609,3/25/2024 5:09:04 AM,-2.50
10609,3/25/2024 5:09:25 AM,-2.20
10609,3/25/2024 5:09:25 AM,-2.20
10609,3/25/2024 5:09:30 AM,-1.90
10609,3/25/2024 5:09:30 AM,-1.90
10609,3/25/2024 5:09:41 AM,-1.70
10609,3/25/2024 5:09:41 AM,-1.70
10609,3/25/2024 5:09:44 AM,-1.80
10609,3/25/2024 5:09:44 AM,-1.80
10609,3/25/2024 5:09:52 AM,-1.60
10609,3/25/2024 5:09:52 AM,-1.60
10609,3/25/2024 5:10:31 AM,-1.20
10609,3/25/2024 5:10:31 AM,-1.20
10609,3/25/2024 5:10:52 AM,-1.10
10609,3/25/2024 5:10:52 AM,-1.10
10609,3/25/2024 5:10:56 AM,-1.20
10609,3/25/2024 5:10:56 AM,-1.20
10609,3/25/2024 5:11:06 AM,-0.90
10609,3/25/2024 5:11:06 AM,-0.90
10609,3/25/2024 5:11:09 AM,-1.00
10609,3/25/2024 5:11:09 AM,-1.00
10609,3/25/2024 5:11:15 AM,-0.90
10609,3/25/2024 5:11:15 AM,-0.90
10609,3/25/2024 5:11:34 AM,-1.10
10609,3/25/2024 5:11:34 AM,-1.10
10609,3/25/2024 5:11:47 AM,-1.40
10609,3/25/2024 5:11:47 AM,-1.40
10609,3/25/2024 5:12:11 AM,-1.70
10609,3/25/2024 5:12:11 AM,-1.70
10609,3/25/2024 5:12:13 AM,-1.80
10609,3/25/2024 5:12:13 AM,-1.80
10609,3/25/2024 5:12:30 AM,-2.00
10609,3/25/2024 5:12:30 AM,-2.00
10609,3/25/2024 5:12:48 AM,-1.70
10609,3/25/2024 5:12:48 AM,-1.70
10609,3/25/2024 5:13:00 AM,-1.90
10609,3/25/2024 5:13:00 AM,-1.90
10609,3/25/2024 5:13:02 AM,-2.00
10609,3/25/2024 5:13:02 AM,-2.00
10609,3/25/2024 5:13:18 AM,-2.20
10609,3/25/2024 5:13:18 AM,-2.20
10609,3/25/2024 5:13:21 AM,-2.30
10609,3/25/2024 5:13:21 AM,-2.30
10609,3/25/2024 5:13:33 AM,-2.20
10609,3/25/2024 5:13:33 AM,-2.20
10609,3/25/2024 5:14:08 AM,-2.50
10609,3/25/2024 5:14:08 AM,-2.50
10609,3/25/2024 5:14:28 AM,-2.80
10609,3/25/2024 5:14:28 AM,-2.80
10609,3/25/2024 5:14:37 AM,-2.60
10609,3/25/2024 5:14:37 AM,-2.60
10609,3/25/2024 5:14:48 AM,-2.50
10609,3/25/2024 5:14:48 AM,-2.50
10609,3/25/2024 5:14:59 AM,-2.60
10609,3/25/2024 5:14:59 AM,-2.60
10609,3/25/2024 5:15:20 AM,-2.40
10609,3/25/2024 5:15:20 AM,-2.40
10609,3/25/2024 5:15:24 AM,-2.30
10609,3/25/2024 5:15:24 AM,-2.30
10609,3/25/2024 5:15:30 AM,-2.40
10609,3/25/2024 5:15:30 AM,-2.40
10609,3/25/2024 5:15:33 AM,-2.30
10609,3/25/2024 5:15:33 AM,-2.30
10609,3/25/2024 5:15:43 AM,-2.20
10609,3/25/2024 5:15:43 AM,-2.20
10609,3/25/2024 5:15:51 AM,-2.00
10609,3/25/2024 5:15:51 AM,-2.00
10609,3/25/2024 5:15:59 AM,-1.90
10609,3/25/2024 5:15:59 AM,-1.90
10609,3/25/2024 5:16:20 AM,-2.10
10609,3/25/2024 5:16:20 AM,-2.10
10609,3/25/2024 5:16:32 AM,-2.00
10609,3/25/2024 5:16:32 AM,-2.00
10609,3/25/2024 5:16:52 AM,-2.20
10609,3/25/2024 5:16:52 AM,-2.20
10609,3/25/2024 5:16:56 AM,-2.10
10609,3/25/2024 5:16:56 AM,-2.10
10609,3/25/2024 5:16:59 AM,-2.20
10609,3/25/2024 5:16:59 AM,-2.20
10609,3/25/2024 5:17:03 AM,-2.10
10609,3/25/2024 5:17:03 AM,-2.10
10609,3/25/2024 5:17:28 AM,-2.00
10609,3/25/2024 5:17:28 AM,-2.00
10609,3/25/2024 5:17:57 AM,-2.10
10609,3/25/2024 5:17:57 AM,-2.10
10609,3/25/2024 5:18:11 AM,-2.30
10609,3/25/2024 5:18:11 AM,-2.30
10609,3/25/2024 5:18:50 AM,-2.00
10609,3/25/2024 5:18:50 AM,-2.00
10609,3/25/2024 5:19:05 AM,-1.70
10609,3/25/2024 5:19:05 AM,-1.70
10609,3/25/2024 5:19:20 AM,-1.50
10609,3/25/2024 5:19:20 AM,-1.50
10609,3/25/2024 5:19:27 AM,-0.80
10609,3/25/2024 5:19:27 AM,-0.80
10609,3/25/2024 5:19:31 AM,-1.50
10609,3/25/2024 5:19:31 AM,-1.50
10609,3/25/2024 5:19:34 AM,-1.20
10609,3/25/2024 5:19:34 AM,-1.20
10609,3/25/2024 5:19:48 AM,-1.50
10609,3/25/2024 5:19:48 AM,-1.50
10609,3/25/2024 5:20:13 AM,-1.80
10609,3/25/2024 5:20:13 AM,-1.80
10609,3/25/2024 5:20:27 AM,-2.30
10609,3/25/2024 5:20:27 AM,-2.30
10609,3/25/2024 5:20:37 AM,-2.50
10609,3/25/2024 5:20:37 AM,-2.50
10609,3/25/2024 5:20:55 AM,-2.60
10609,3/25/2024 5:20:55 AM,-2.60
10609,3/25/2024 5:21:05 AM,-2.90
10609,3/25/2024 5:21:05 AM,-2.90
10609,3/25/2024 5:21:16 AM,-3.10
10609,3/25/2024 5:21:16 AM,-3.10
10609,3/25/2024 5:21:32 AM,-3.00
10609,3/25/2024 5:21:32 AM,-3.00
10609,3/25/2024 5:21:35 AM,-3.10
10609,3/25/2024 5:21:35 AM,-3.10
10609,3/25/2024 5:21:48 AM,-3.20
10609,3/25/2024 5:21:48 AM,-3.20
10609,3/25/2024 5:22:09 AM,-3.70
10609,3/25/2024 5:22:09 AM,-3.70
10609,3/25/2024 5:22:21 AM,-3.60
10609,3/25/2024 5:22:21 AM,-3.60
10609,3/25/2024 5:22:32 AM,-3.70
10609,3/25/2024 5:22:32 AM,-3.70
10609,3/25/2024 5:22:38 AM,-3.60
10609,3/25/2024 5:22:38 AM,-3.60
10609,3/25/2024 5:22:44 AM,-3.80
10609,3/25/2024 5:22:44 AM,-3.80
10609,3/25/2024 5:23:04 AM,-3.90
10609,3/25/2024 5:23:04 AM,-3.90
10609,3/25/2024 5:23:09 AM,-4.00
10609,3/25/2024 5:23:09 AM,-4.00
10609,3/25/2024 5:23:28 AM,-3.90
10609,3/25/2024 5:23:28 AM,-3.90
10609,3/25/2024 5:23:32 AM,-4.00
10609,3/25/2024 5:23:32 AM,-4.00
10609,3/25/2024 5:23:44 AM,-3.90
10609,3/25/2024 5:23:44 AM,-3.90
10609,3/25/2024 5:23:55 AM,-4.10
10609,3/25/2024 5:23:55 AM,-4.10
10609,3/25/2024 5:24:07 AM,-4.00
10609,3/25/2024 5:24:07 AM,-4.00
10609,3/25/2024 5:24:11 AM,-3.80
10609,3/25/2024 5:24:11 AM,-3.80
10609,3/25/2024 5:24:37 AM,-3.60
10609,3/25/2024 5:24:37 AM,-3.60
10609,3/25/2024 5:25:12 AM,-3.50
10609,3/25/2024 5:25:12 AM,-3.50
10609,3/25/2024 5:25:16 AM,-3.40
10609,3/25/2024 5:25:16 AM,-3.40
10609,3/25/2024 5:25:18 AM,-3.50
10609,3/25/2024 5:25:18 AM,-3.50
10609,3/25/2024 5:25:42 AM,-3.20
10609,3/25/2024 5:25:42 AM,-3.20
10609,3/25/2024 5:26:08 AM,-3.10
10609,3/25/2024 5:26:08 AM,-3.10
10609,3/25/2024 5:26:24 AM,-2.80
10609,3/25/2024 5:26:24 AM,-2.80
10609,3/25/2024 5:26:39 AM,-2.70
10609,3/25/2024 5:26:39 AM,-2.70
10609,3/25/2024 5:26:42 AM,-2.80
10609,3/25/2024 5:26:42 AM,-2.80
10609,3/25/2024 5:26:49 AM,-2.70
10609,3/25/2024 5:26:49 AM,-2.70
10609,3/25/2024 5:27:03 AM,-2.90
10609,3/25/2024 5:27:03 AM,-2.90
10609,3/25/2024 5:27:09 AM,-2.80
10609,3/25/2024 5:27:09 AM,-2.80
10609,3/25/2024 5:27:17 AM,-2.90
10609,3/25/2024 5:27:17 AM,-2.90
10609,3/25/2024 5:27:19 AM,-3.00
10609,3/25/2024 5:27:19 AM,-3.00
10609,3/25/2024 5:27:53 AM,-3.30
10609,3/25/2024 5:27:53 AM,-3.30
10609,3/25/2024 5:28:03 AM,-3.20
10609,3/25/2024 5:28:03 AM,-3.20
10609,3/25/2024 5:28:09 AM,-3.30
10609,3/25/2024 5:28:09 AM,-3.30
10609,3/25/2024 5:28:13 AM,-3.20
10609,3/25/2024 5:28:13 AM,-3.20
10609,3/25/2024 5:28:27 AM,-3.50
10609,3/25/2024 5:28:27 AM,-3.50
10609,3/25/2024 5:28:50 AM,-3.60
10609,3/25/2024 5:28:50 AM,-3.60
10609,3/25/2024 5:29:05 AM,-3.90
10609,3/25/2024 5:29:05 AM,-3.90
10609,3/25/2024 5:29:15 AM,-3.80
10609,3/25/2024 5:29:15 AM,-3.80
10609,3/25/2024 5:29:24 AM,-3.60
10609,3/25/2024 5:29:24 AM,-3.60
10609,3/25/2024 5:30:14 AM,-3.30
10609,3/25/2024 5:30:14 AM,-3.30
10609,3/25/2024 5:30:17 AM,-3.20
10609,3/25/2024 5:30:17 AM,-3.20
10609,3/25/2024 5:30:46 AM,-3.00
10609,3/25/2024 5:30:46 AM,-3.00
10609,3/25/2024 5:30:50 AM,-2.80
10609,3/25/2024 5:30:50 AM,-2.80
10609,3/25/2024 5:30:56 AM,-2.70
10609,3/25/2024 5:30:56 AM,-2.70
10609,3/25/2024 5:31:34 AM,-2.60
10609,3/25/2024 5:31:34 AM,-2.60
10609,3/25/2024 5:31:38 AM,-2.50
10609,3/25/2024 5:31:38 AM,-2.50
10609,3/25/2024 5:31:41 AM,-2.60
10609,3/25/2024 5:31:41 AM,-2.60
10609,3/25/2024 5:32:42 AM,-2.20
10609,3/25/2024 5:32:42 AM,-2.20
10609,3/25/2024 5:32:45 AM,-2.30
10609,3/25/2024 5:32:45 AM,-2.30
10609,3/25/2024 5:32:48 AM,-2.20
10609,3/25/2024 5:32:48 AM,-2.20
10609,3/25/2024 5:32:51 AM,-2.30
10609,3/25/2024 5:32:51 AM,-2.30
10609,3/25/2024 5:33:08 AM,-2.40
10609,3/25/2024 5:33:08 AM,-2.40
10609,3/25/2024 5:33:11 AM,-2.30
10609,3/25/2024 5:33:11 AM,-2.30
10609,3/25/2024 5:33:19 AM,-2.40
10609,3/25/2024 5:33:19 AM,-2.40
10609,3/25/2024 5:33:22 AM,-2.30
10609,3/25/2024 5:33:22 AM,-2.30
10609,3/25/2024 5:33:27 AM,-2.40
10609,3/25/2024 5:33:27 AM,-2.40
10609,3/25/2024 5:33:35 AM,-2.20
10609,3/25/2024 5:33:35 AM,-2.20
10609,3/25/2024 5:33:43 AM,-2.10
10609,3/25/2024 5:33:43 AM,-2.10
10609,3/25/2024 5:33:47 AM,-2.20
10609,3/25/2024 5:33:47 AM,-2.20
10609,3/25/2024 5:33:51 AM,-2.10
10609,3/25/2024 5:33:51 AM,-2.10
10609,3/25/2024 5:33:53 AM,-2.20
10609,3/25/2024 5:33:53 AM,-2.20
10609,3/25/2024 5:34:06 AM,-2.30
10609,3/25/2024 5:34:06 AM,-2.30
10609,3/25/2024 5:34:37 AM,-2.20
10609,3/25/2024 5:34:37 AM,-2.20
10609,3/25/2024 5:34:47 AM,-2.30
10609,3/25/2024 5:34:47 AM,-2.30
10609,3/25/2024 5:34:51 AM,-2.20
10609,3/25/2024 5:34:51 AM,-2.20
10609,3/25/2024 5:35:46 AM,-2.00
10609,3/25/2024 5:35:46 AM,-2.00
10609,3/25/2024 5:36:02 AM,-2.10
10609,3/25/2024 5:36:02 AM,-2.10
10609,3/25/2024 5:36:06 AM,-2.00
10609,3/25/2024 5:36:06 AM,-2.00
10609,3/25/2024 5:36:28 AM,-2.20
10609,3/25/2024 5:36:28 AM,-2.20
10609,3/25/2024 5:36:33 AM,-2.10
10609,3/25/2024 5:36:33 AM,-2.10
10609,3/25/2024 5:36:37 AM,-2.20
10609,3/25/2024 5:36:37 AM,-2.20
10609,3/25/2024 5:36:50 AM,-2.30
10609,3/25/2024 5:36:50 AM,-2.30
10609,3/25/2024 5:36:53 AM,-2.20
10609,3/25/2024 5:36:53 AM,-2.20
10609,3/25/2024 5:37:00 AM,-2.40
10609,3/25/2024 5:37:00 AM,-2.40
10609,3/25/2024 5:37:21 AM,-2.30
10609,3/25/2024 5:37:21 AM,-2.30
10609,3/25/2024 5:37:29 AM,-2.40
10609,3/25/2024 5:37:29 AM,-2.40
10609,3/25/2024 5:37:57 AM,-2.10
10609,3/25/2024 5:37:57 AM,-2.10
10609,3/25/2024 5:38:01 AM,-2.00
10609,3/25/2024 5:38:01 AM,-2.00
10609,3/25/2024 5:38:19 AM,-1.90
10609,3/25/2024 5:38:19 AM,-1.90
10609,3/25/2024 5:38:34 AM,-2.10
10609,3/25/2024 5:38:34 AM,-2.10
10609,3/25/2024 5:38:55 AM,-1.90
10609,3/25/2024 5:38:55 AM,-1.90
10609,3/25/2024 5:39:03 AM,-1.70
10609,3/25/2024 5:39:03 AM,-1.70
10609,3/25/2024 5:39:13 AM,-1.60
10609,3/25/2024 5:39:13 AM,-1.60
10609,3/25/2024 5:39:15 AM,-1.70
10609,3/25/2024 5:39:15 AM,-1.70
10609,3/25/2024 5:39:44 AM,-1.80
10609,3/25/2024 5:39:44 AM,-1.80
10609,3/25/2024 5:39:47 AM,-1.70
10609,3/25/2024 5:39:47 AM,-1.70
10609,3/25/2024 5:40:07 AM,-1.90
10609,3/25/2024 5:40:07 AM,-1.90
10609,3/25/2024 5:40:10 AM,-1.70
10609,3/25/2024 5:40:10 AM,-1.70
10609,3/25/2024 5:40:18 AM,-1.90
10609,3/25/2024 5:40:18 AM,-1.90
10609,3/25/2024 5:40:55 AM,-2.00
10609,3/25/2024 5:40:55 AM,-2.00
10609,3/25/2024 5:40:58 AM,-1.90
10609,3/25/2024 5:40:58 AM,-1.90
10609,3/25/2024 5:41:02 AM,-2.00
10609,3/25/2024 5:41:02 AM,-2.00
10609,3/25/2024 5:41:38 AM,-2.20
10609,3/25/2024 5:41:38 AM,-2.20
10609,3/25/2024 5:41:45 AM,-2.30
10609,3/25/2024 5:41:45 AM,-2.30
10609,3/25/2024 5:41:48 AM,-2.20
10609,3/25/2024 5:41:48 AM,-2.20
10609,3/25/2024 5:42:01 AM,-2.30
10609,3/25/2024 5:42:01 AM,-2.30
10609,3/25/2024 5:42:08 AM,-2.10
10609,3/25/2024 5:42:08 AM,-2.10
10609,3/25/2024 5:42:33 AM,-2.50
10609,3/25/2024 5:42:33 AM,-2.50
10609,3/25/2024 5:42:49 AM,-2.60
10609,3/25/2024 5:42:49 AM,-2.60
10609,3/25/2024 5:42:57 AM,-2.80
10609,3/25/2024 5:42:57 AM,-2.80
10609,3/25/2024 5:43:36 AM,-3.00
10609,3/25/2024 5:43:36 AM,-3.00
10609,3/25/2024 5:44:21 AM,-2.80
10609,3/25/2024 5:44:21 AM,-2.80
10609,3/25/2024 5:44:25 AM,-2.70
10609,3/25/2024 5:44:25 AM,-2.70
10609,3/25/2024 5:44:42 AM,-2.60
10609,3/25/2024 5:44:42 AM,-2.60
10609,3/25/2024 5:44:49 AM,-2.80
10609,3/25/2024 5:44:49 AM,-2.80
10609,3/25/2024 5:44:50 AM,-2.60
10609,3/25/2024 5:44:50 AM,-2.60
10609,3/25/2024 5:44:53 AM,-2.70
10609,3/25/2024 5:44:53 AM,-2.70
10609,3/25/2024 5:45:20 AM,-2.90
10609,3/25/2024 5:45:20 AM,-2.90
10609,3/25/2024 5:45:47 AM,-2.60
10609,3/25/2024 5:45:47 AM,-2.60
10609,3/25/2024 5:45:49 AM,-2.70
10609,3/25/2024 5:45:49 AM,-2.70
10609,3/25/2024 5:46:06 AM,-2.80
10609,3/25/2024 5:46:06 AM,-2.80
10609,3/25/2024 5:46:10 AM,-2.90
10609,3/25/2024 5:46:10 AM,-2.90
10609,3/25/2024 5:46:25 AM,-3.00
10609,3/25/2024 5:46:25 AM,-3.00
10609,3/25/2024 5:46:28 AM,-2.90
10609,3/25/2024 5:46:28 AM,-2.90
10609,3/25/2024 5:46:30 AM,-3.00
10609,3/25/2024 5:46:30 AM,-3.00
10609,3/25/2024 5:46:39 AM,-3.10
10609,3/25/2024 5:46:39 AM,-3.10
10609,3/25/2024 5:46:59 AM,-3.00
10609,3/25/2024 5:46:59 AM,-3.00
10609,3/25/2024 5:47:11 AM,-3.10
10609,3/25/2024 5:47:11 AM,-3.10
10609,3/25/2024 5:47:31 AM,-2.90
10609,3/25/2024 5:47:31 AM,-2.90
10609,3/25/2024 5:47:34 AM,-3.00
10609,3/25/2024 5:47:34 AM,-3.00
10609,3/25/2024 5:47:38 AM,-2.90
10609,3/25/2024 5:47:38 AM,-2.90
10609,3/25/2024 5:47:42 AM,-3.00
10609,3/25/2024 5:47:42 AM,-3.00
10609,3/25/2024 5:47:45 AM,-2.90
10609,3/25/2024 5:47:45 AM,-2.90
10609,3/25/2024 5:47:54 AM,-3.00
10609,3/25/2024 5:47:54 AM,-3.00
10609,3/25/2024 5:48:49 AM,-2.50
10609,3/25/2024 5:48:49 AM,-2.50
10609,3/25/2024 5:48:52 AM,-2.60
10609,3/25/2024 5:48:52 AM,-2.60
10609,3/25/2024 5:49:07 AM,-2.30
10609,3/25/2024 5:49:07 AM,-2.30
10609,3/25/2024 5:49:12 AM,-2.40
10609,3/25/2024 5:49:12 AM,-2.40
10609,3/25/2024 5:49:22 AM,-2.30
10609,3/25/2024 5:49:22 AM,-2.30
10609,3/25/2024 5:49:25 AM,-2.40
10609,3/25/2024 5:49:25 AM,-2.40
10609,3/25/2024 5:49:59 AM,-2.10
10609,3/25/2024 5:49:59 AM,-2.10
10609,3/25/2024 5:50:06 AM,-2.20
10609,3/25/2024 5:50:06 AM,-2.20
10609,3/25/2024 5:50:11 AM,-2.10
10609,3/25/2024 5:50:11 AM,-2.10
10609,3/25/2024 5:50:30 AM,-2.20
10609,3/25/2024 5:50:30 AM,-2.20
10609,3/25/2024 5:50:37 AM,-2.40
10609,3/25/2024 5:50:37 AM,-2.40
10609,3/25/2024 5:51:23 AM,-2.30
10609,3/25/2024 5:51:23 AM,-2.30
10609,3/25/2024 5:51:26 AM,-2.40
10609,3/25/2024 5:51:26 AM,-2.40
10609,3/25/2024 5:52:11 AM,-2.10
10609,3/25/2024 5:52:11 AM,-2.10
10609,3/25/2024 5:53:06 AM,-1.60
10609,3/25/2024 5:53:06 AM,-1.60
10609,3/25/2024 5:53:14 AM,-1.40
10609,3/25/2024 5:53:14 AM,-1.40
10609,3/25/2024 5:53:38 AM,-1.20
10609,3/25/2024 5:53:38 AM,-1.20
10609,3/25/2024 5:54:08 AM,-1.40
10609,3/25/2024 5:54:08 AM,-1.40
10609,3/25/2024 5:54:26 AM,-1.80
10609,3/25/2024 5:54:26 AM,-1.80
10609,3/25/2024 5:54:33 AM,-2.10
10609,3/25/2024 5:54:33 AM,-2.10
10609,3/25/2024 5:54:40 AM,-2.30
10609,3/25/2024 5:54:40 AM,-2.30
10609,3/25/2024 5:54:55 AM,-2.40
10609,3/25/2024 5:54:55 AM,-2.40
10609,3/25/2024 5:54:59 AM,-2.50
10609,3/25/2024 5:54:59 AM,-2.50
10609,3/25/2024 5:55:24 AM,-2.30
10609,3/25/2024 5:55:24 AM,-2.30
10609,3/25/2024 5:56:26 AM,-2.50
10609,3/25/2024 5:56:26 AM,-2.50
10609,3/25/2024 5:56:39 AM,-2.60
10609,3/25/2024 5:56:39 AM,-2.60
10609,3/25/2024 5:57:08 AM,-2.50
10609,3/25/2024 5:57:08 AM,-2.50
10609,3/25/2024 5:57:12 AM,-2.60
10609,3/25/2024 5:57:12 AM,-2.60
10609,3/25/2024 5:57:20 AM,-2.40
10609,3/25/2024 5:57:20 AM,-2.40
10609,3/25/2024 5:57:31 AM,-2.30
10609,3/25/2024 5:57:31 AM,-2.30
10609,3/25/2024 5:57:33 AM,-2.40
10609,3/25/2024 5:57:33 AM,-2.40
10609,3/25/2024 5:57:41 AM,-2.30
10609,3/25/2024 5:57:41 AM,-2.30
10609,3/25/2024 5:57:45 AM,-2.40
10609,3/25/2024 5:57:45 AM,-2.40
10609,3/25/2024 5:57:59 AM,-2.30
10609,3/25/2024 5:57:59 AM,-2.30
10609,3/25/2024 5:58:02 AM,-2.40
10609,3/25/2024 5:58:02 AM,-2.40
10609,3/25/2024 5:58:26 AM,-2.30
10609,3/25/2024 5:58:26 AM,-2.30
10609,3/25/2024 5:58:33 AM,-2.40
10609,3/25/2024 5:58:33 AM,-2.40
10609,3/25/2024 5:58:40 AM,-2.30
10609,3/25/2024 5:58:40 AM,-2.30
10609,3/25/2024 5:58:47 AM,-2.40
10609,3/25/2024 5:58:47 AM,-2.40
10609,3/25/2024 5:59:11 AM,-2.20
10609,3/25/2024 5:59:11 AM,-2.20
10609,3/25/2024 5:59:16 AM,-2.30
10609,3/25/2024 5:59:16 AM,-2.30
10609,3/25/2024 5:59:19 AM,-2.20
10609,3/25/2024 5:59:19 AM,-2.20
10609,3/25/2024 5:59:38 AM,-2.10
10609,3/25/2024 5:59:38 AM,-2.10
10609,3/25/2024 5:59:46 AM,-2.20
10609,3/25/2024 5:59:46 AM,-2.20
10609,3/25/2024 5:59:54 AM,-2.00
10609,3/25/2024 5:59:54 AM,-2.00
10609,3/25/2024 6:00:23 AM,-1.90
10609,3/25/2024 6:00:23 AM,-1.90
10609,3/25/2024 6:00:27 AM,-2.00
10609,3/25/2024 6:00:27 AM,-2.00
10609,3/25/2024 6:00:38 AM,-1.90
10609,3/25/2024 6:00:38 AM,-1.90
10609,3/25/2024 6:00:50 AM,-2.00
10609,3/25/2024 6:00:50 AM,-2.00
10609,3/25/2024 6:01:36 AM,-1.80
10609,3/25/2024 6:01:36 AM,-1.80
10609,3/25/2024 6:01:51 AM,-2.00
10609,3/25/2024 6:01:51 AM,-2.00
10609,3/25/2024 6:01:53 AM,-2.10
10609,3/25/2024 6:01:53 AM,-2.10
10609,3/25/2024 6:01:56 AM,-2.00
10609,3/25/2024 6:01:56 AM,-2.00
10609,3/25/2024 6:01:59 AM,-2.10
10609,3/25/2024 6:01:59 AM,-2.10
10609,3/25/2024 6:02:05 AM,-1.90
10609,3/25/2024 6:02:05 AM,-1.90
10609,3/25/2024 6:02:21 AM,-2.10
10609,3/25/2024 6:02:21 AM,-2.10
10609,3/25/2024 6:02:25 AM,-2.00
10609,3/25/2024 6:02:25 AM,-2.00
10609,3/25/2024 6:02:35 AM,-2.10
10609,3/25/2024 6:02:35 AM,-2.10
10609,3/25/2024 6:02:39 AM,-2.00
10609,3/25/2024 6:02:39 AM,-2.00
10609,3/25/2024 6:02:42 AM,-2.10
10609,3/25/2024 6:02:42 AM,-2.10
10609,3/25/2024 6:02:52 AM,-2.20
10609,3/25/2024 6:02:52 AM,-2.20
10609,3/25/2024 6:02:59 AM,-2.00
10609,3/25/2024 6:02:59 AM,-2.00
10609,3/25/2024 6:03:16 AM,-2.30
10609,3/25/2024 6:03:16 AM,-2.30
10609,3/25/2024 6:03:46 AM,-2.50
10609,3/25/2024 6:03:46 AM,-2.50
10609,3/25/2024 6:04:18 AM,-2.20
10609,3/25/2024 6:04:18 AM,-2.20
10609,3/25/2024 6:04:34 AM,-2.30
10609,3/25/2024 6:04:34 AM,-2.30
10609,3/25/2024 6:04:36 AM,-2.20
10609,3/25/2024 6:04:36 AM,-2.20
10609,3/25/2024 6:04:52 AM,-2.50
10609,3/25/2024 6:04:52 AM,-2.50
10609,3/25/2024 6:04:59 AM,-2.40
10609,3/25/2024 6:04:59 AM,-2.40
10609,3/25/2024 6:05:10 AM,-2.60
10609,3/25/2024 6:05:10 AM,-2.60
10609,3/25/2024 6:05:21 AM,-2.00
10609,3/25/2024 6:05:21 AM,-2.00
10609,3/25/2024 6:05:29 AM,-1.90
10609,3/25/2024 6:05:29 AM,-1.90
10609,3/25/2024 6:05:37 AM,-2.10
10609,3/25/2024 6:05:37 AM,-2.10
10609,3/25/2024 6:05:43 AM,-1.80
10609,3/25/2024 6:05:43 AM,-1.80
10609,3/25/2024 6:06:01 AM,-1.90
10609,3/25/2024 6:06:01 AM,-1.90
10609,3/25/2024 6:06:12 AM,-1.80
10609,3/25/2024 6:06:12 AM,-1.80
10609,3/25/2024 6:06:28 AM,-1.90
10609,3/25/2024 6:06:28 AM,-1.90
10609,3/25/2024 6:06:36 AM,-1.80
10609,3/25/2024 6:06:36 AM,-1.80
10609,3/25/2024 6:06:38 AM,-1.90
10609,3/25/2024 6:06:38 AM,-1.90
10609,3/25/2024 6:06:50 AM,-1.80
10609,3/25/2024 6:06:50 AM,-1.80
10609,3/25/2024 6:07:14 AM,-2.00
10609,3/25/2024 6:07:14 AM,-2.00
10609,3/25/2024 6:07:23 AM,-1.90
10609,3/25/2024 6:07:23 AM,-1.90
10609,3/25/2024 6:07:29 AM,-2.10
10609,3/25/2024 6:07:29 AM,-2.10
10609,3/25/2024 6:07:36 AM,-2.00
10609,3/25/2024 6:07:36 AM,-2.00
10609,3/25/2024 6:07:52 AM,-2.10
10609,3/25/2024 6:07:52 AM,-2.10
10609,3/25/2024 6:08:11 AM,-2.00
10609,3/25/2024 6:08:11 AM,-2.00
10609,3/25/2024 6:08:19 AM,-2.20
10609,3/25/2024 6:08:19 AM,-2.20
10609,3/25/2024 6:08:51 AM,-2.10
10609,3/25/2024 6:08:51 AM,-2.10
10609,3/25/2024 6:09:17 AM,-2.30
10609,3/25/2024 6:09:17 AM,-2.30
10609,3/25/2024 6:09:49 AM,-2.10
10609,3/25/2024 6:09:49 AM,-2.10
10609,3/25/2024 6:10:16 AM,-2.30
10609,3/25/2024 6:10:16 AM,-2.30
10609,3/25/2024 6:10:47 AM,-2.60
10609,3/25/2024 6:10:47 AM,-2.60
10609,3/25/2024 6:10:58 AM,-2.40
10609,3/25/2024 6:10:58 AM,-2.40
10609,3/25/2024 6:11:14 AM,-2.30
10609,3/25/2024 6:11:14 AM,-2.30
10609,3/25/2024 6:12:11 AM,-2.60
10609,3/25/2024 6:12:11 AM,-2.60
10609,3/25/2024 6:12:31 AM,-2.20
10609,3/25/2024 6:12:31 AM,-2.20
10609,3/25/2024 6:12:39 AM,-2.30
10609,3/25/2024 6:12:39 AM,-2.30
10609,3/25/2024 6:12:45 AM,-2.10
10609,3/25/2024 6:12:45 AM,-2.10
10609,3/25/2024 6:12:52 AM,-2.30
10609,3/25/2024 6:12:52 AM,-2.30
10609,3/25/2024 6:13:15 AM,-2.00
10609,3/25/2024 6:13:15 AM,-2.00
10609,3/25/2024 6:13:17 AM,-1.90
10609,3/25/2024 6:13:17 AM,-1.90
10609,3/25/2024 6:13:26 AM,-1.80
10609,3/25/2024 6:13:26 AM,-1.80
10609,3/25/2024 6:13:32 AM,-1.90
10609,3/25/2024 6:13:32 AM,-1.90
10609,3/25/2024 6:13:40 AM,-1.80
10609,3/25/2024 6:13:40 AM,-1.80
10609,3/25/2024 6:14:23 AM,-1.60
10609,3/25/2024 6:14:23 AM,-1.60
10609,3/25/2024 6:14:28 AM,-1.50
10609,3/25/2024 6:14:28 AM,-1.50
10609,3/25/2024 6:14:31 AM,-1.60
10609,3/25/2024 6:14:31 AM,-1.60
10609,3/25/2024 6:14:39 AM,-1.30
10609,3/25/2024 6:14:39 AM,-1.30
10609,3/25/2024 6:14:47 AM,-1.50
10609,3/25/2024 6:14:47 AM,-1.50
10609,3/25/2024 6:14:53 AM,-1.40
10609,3/25/2024 6:14:53 AM,-1.40
10609,3/25/2024 6:15:09 AM,-1.50
10609,3/25/2024 6:15:09 AM,-1.50
10609,3/25/2024 6:15:26 AM,-1.90
10609,3/25/2024 6:15:26 AM,-1.90
10609,3/25/2024 6:15:38 AM,-1.80
10609,3/25/2024 6:15:38 AM,-1.80
10609,3/25/2024 6:15:50 AM,-2.00
10609,3/25/2024 6:15:50 AM,-2.00
10609,3/25/2024 6:16:09 AM,-2.10
10609,3/25/2024 6:16:09 AM,-2.10
10609,3/25/2024 6:16:27 AM,-2.00
10609,3/25/2024 6:16:27 AM,-2.00
10609,3/25/2024 6:16:31 AM,-2.10
10609,3/25/2024 6:16:31 AM,-2.10
10609,3/25/2024 6:16:41 AM,-2.00
10609,3/25/2024 6:16:41 AM,-2.00
10609,3/25/2024 6:16:43 AM,-2.10
10609,3/25/2024 6:16:43 AM,-2.10
10609,3/25/2024 6:17:15 AM,-2.30
10609,3/25/2024 6:17:15 AM,-2.30
10609,3/25/2024 6:17:48 AM,-2.20
10609,3/25/2024 6:17:48 AM,-2.20
10609,3/25/2024 6:17:59 AM,-1.90
10609,3/25/2024 6:17:59 AM,-1.90
10609,3/25/2024 6:18:11 AM,-1.80
10609,3/25/2024 6:18:11 AM,-1.80
10609,3/25/2024 6:18:17 AM,-2.00
10609,3/25/2024 6:18:17 AM,-2.00
10609,3/25/2024 6:18:33 AM,-1.70
10609,3/25/2024 6:18:33 AM,-1.70
10609,3/25/2024 6:18:37 AM,-1.80
10609,3/25/2024 6:18:37 AM,-1.80
10609,3/25/2024 6:18:45 AM,-1.70
10609,3/25/2024 6:18:45 AM,-1.70
10609,3/25/2024 6:18:54 AM,-1.80
10609,3/25/2024 6:18:54 AM,-1.80
10609,3/25/2024 6:19:04 AM,-1.70
10609,3/25/2024 6:19:04 AM,-1.70
10609,3/25/2024 6:19:09 AM,-1.80
10609,3/25/2024 6:19:09 AM,-1.80
10609,3/25/2024 6:19:29 AM,-1.90
10609,3/25/2024 6:19:29 AM,-1.90
10609,3/25/2024 6:19:32 AM,-2.00
10609,3/25/2024 6:19:32 AM,-2.00
10609,3/25/2024 6:19:35 AM,-1.90
10609,3/25/2024 6:19:35 AM,-1.90
10609,3/25/2024 6:19:50 AM,-2.00
10609,3/25/2024 6:19:50 AM,-2.00
10609,3/25/2024 6:19:54 AM,-1.90
10609,3/25/2024 6:19:54 AM,-1.90
10609,3/25/2024 6:20:29 AM,-1.80
10609,3/25/2024 6:20:29 AM,-1.80
10609,3/25/2024 6:20:42 AM,-1.90
10609,3/25/2024 6:20:42 AM,-1.90
10609,3/25/2024 6:20:45 AM,-1.80
10609,3/25/2024 6:20:45 AM,-1.80
10609,3/25/2024 6:20:48 AM,-2.00
10609,3/25/2024 6:20:48 AM,-2.00
10609,3/25/2024 6:20:57 AM,-1.90
10609,3/25/2024 6:20:57 AM,-1.90
10609,3/25/2024 6:21:01 AM,-2.00
10609,3/25/2024 6:21:01 AM,-2.00
10609,3/25/2024 6:21:13 AM,-1.90
10609,3/25/2024 6:21:13 AM,-1.90
10609,3/25/2024 6:21:24 AM,-2.00
10609,3/25/2024 6:21:24 AM,-2.00
10609,3/25/2024 6:21:42 AM,-1.80
10609,3/25/2024 6:21:42 AM,-1.80
10609,3/25/2024 6:22:13 AM,-2.00
10609,3/25/2024 6:22:13 AM,-2.00
10609,3/25/2024 6:22:22 AM,-2.20
10609,3/25/2024 6:22:22 AM,-2.20
10609,3/25/2024 6:22:25 AM,-2.00
10609,3/25/2024 6:22:25 AM,-2.00
10609,3/25/2024 6:22:33 AM,-1.90
10609,3/25/2024 6:22:33 AM,-1.90
10609,3/25/2024 6:22:45 AM,-2.00
10609,3/25/2024 6:22:45 AM,-2.00
10609,3/25/2024 6:22:49 AM,-1.90
10609,3/25/2024 6:22:49 AM,-1.90
10609,3/25/2024 6:23:37 AM,-1.80
10609,3/25/2024 6:23:37 AM,-1.80
10609,3/25/2024 6:23:49 AM,-1.60
10609,3/25/2024 6:23:49 AM,-1.60
10609,3/25/2024 6:23:56 AM,-1.70
10609,3/25/2024 6:23:56 AM,-1.70
10609,3/25/2024 6:24:18 AM,-1.60
10609,3/25/2024 6:24:18 AM,-1.60
10609,3/25/2024 6:24:39 AM,-1.70
10609,3/25/2024 6:24:39 AM,-1.70
10609,3/25/2024 6:24:58 AM,-1.40
10609,3/25/2024 6:24:58 AM,-1.40
10609,3/25/2024 6:25:15 AM,-1.50
10609,3/25/2024 6:25:15 AM,-1.50
10609,3/25/2024 6:25:17 AM,-1.40
10609,3/25/2024 6:25:17 AM,-1.40
10609,3/25/2024 6:26:08 AM,-2.10
10609,3/25/2024 6:26:08 AM,-2.10
10609,3/25/2024 6:26:44 AM,-2.20
10609,3/25/2024 6:26:44 AM,-2.20
10609,3/25/2024 6:26:54 AM,-2.10
10609,3/25/2024 6:26:54 AM,-2.10
10609,3/25/2024 6:27:51 AM,-2.00
10609,3/25/2024 6:27:51 AM,-2.00
10609,3/25/2024 6:28:02 AM,-1.90
10609,3/25/2024 6:28:02 AM,-1.90
10609,3/25/2024 6:28:07 AM,-2.00
10609,3/25/2024 6:28:07 AM,-2.00
10609,3/25/2024 6:28:18 AM,-1.90
10609,3/25/2024 6:28:18 AM,-1.90
10609,3/25/2024 6:28:22 AM,-2.00
10609,3/25/2024 6:28:22 AM,-2.00
10609,3/25/2024 6:28:41 AM,-2.10
10609,3/25/2024 6:28:41 AM,-2.10
10609,3/25/2024 6:28:52 AM,-1.90
10609,3/25/2024 6:28:52 AM,-1.90
10609,3/25/2024 6:29:23 AM,-1.80
10609,3/25/2024 6:29:23 AM,-1.80
10609,3/25/2024 6:29:27 AM,-1.90
10609,3/25/2024 6:29:27 AM,-1.90
10609,3/25/2024 6:29:34 AM,-1.80
10609,3/25/2024 6:29:34 AM,-1.80
10609,3/25/2024 6:30:08 AM,-1.60
10609,3/25/2024 6:30:08 AM,-1.60
10609,3/25/2024 6:30:14 AM,-1.50
10609,3/25/2024 6:30:14 AM,-1.50
10609,3/25/2024 6:30:26 AM,-1.60
10609,3/25/2024 6:30:26 AM,-1.60
10609,3/25/2024 6:31:16 AM,-1.20
10609,3/25/2024 6:31:16 AM,-1.20
10609,3/25/2024 6:31:18 AM,-1.30
10609,3/25/2024 6:31:18 AM,-1.30
10609,3/25/2024 6:31:26 AM,-1.40
10609,3/25/2024 6:31:26 AM,-1.40
10609,3/25/2024 6:31:30 AM,-1.60
10609,3/25/2024 6:31:30 AM,-1.60
10609,3/25/2024 6:31:44 AM,-1.80
10609,3/25/2024 6:31:44 AM,-1.80
10609,3/25/2024 6:32:09 AM,-1.90
10609,3/25/2024 6:32:09 AM,-1.90
10609,3/25/2024 6:32:24 AM,-1.70
10609,3/25/2024 6:32:24 AM,-1.70
10609,3/25/2024 6:32:33 AM,-1.90
10609,3/25/2024 6:32:33 AM,-1.90
10609,3/25/2024 6:32:36 AM,-1.80
10609,3/25/2024 6:32:36 AM,-1.80
10609,3/25/2024 6:32:46 AM,-1.70
10609,3/25/2024 6:32:46 AM,-1.70
10609,3/25/2024 6:33:18 AM,-1.60
10609,3/25/2024 6:33:18 AM,-1.60
10609,3/25/2024 6:33:32 AM,-1.40
10609,3/25/2024 6:33:32 AM,-1.40
10609,3/25/2024 6:33:36 AM,-1.50
10609,3/25/2024 6:33:36 AM,-1.50
10609,3/25/2024 6:33:59 AM,-1.40
10609,3/25/2024 6:33:59 AM,-1.40
10609,3/25/2024 6:34:05 AM,-1.60
10609,3/25/2024 6:34:05 AM,-1.60
10609,3/25/2024 6:34:10 AM,-1.50
10609,3/25/2024 6:34:10 AM,-1.50
10609,3/25/2024 6:34:34 AM,-1.40
10609,3/25/2024 6:34:34 AM,-1.40
10609,3/25/2024 6:34:40 AM,-1.30
10609,3/25/2024 6:34:40 AM,-1.30
10609,3/25/2024 6:34:44 AM,-1.60
10609,3/25/2024 6:34:44 AM,-1.60
10609,3/25/2024 6:34:50 AM,-1.40
10609,3/25/2024 6:34:50 AM,-1.40
10609,3/25/2024 6:34:59 AM,-1.50
10609,3/25/2024 6:34:59 AM,-1.50
10609,3/25/2024 6:35:07 AM,-1.30
10609,3/25/2024 6:35:07 AM,-1.30
10609,3/25/2024 6:35:09 AM,-1.40
10609,3/25/2024 6:35:09 AM,-1.40
10609,3/25/2024 6:35:16 AM,-1.50
10609,3/25/2024 6:35:16 AM,-1.50
10609,3/25/2024 6:35:31 AM,-1.40
10609,3/25/2024 6:35:31 AM,-1.40
10609,3/25/2024 6:35:37 AM,-1.50
10609,3/25/2024 6:35:37 AM,-1.50
10609,3/25/2024 6:35:54 AM,-1.40
10609,3/25/2024 6:35:54 AM,-1.40
10609,3/25/2024 6:36:01 AM,-1.60
10609,3/25/2024 6:36:01 AM,-1.60
10609,3/25/2024 6:36:05 AM,-1.50
10609,3/25/2024 6:36:05 AM,-1.50
10609,3/25/2024 6:36:22 AM,-1.70
10609,3/25/2024 6:36:22 AM,-1.70
10609,3/25/2024 6:37:41 AM,-1.60
10609,3/25/2024 6:37:41 AM,-1.60
10609,3/25/2024 6:37:49 AM,-1.50
10609,3/25/2024 6:37:49 AM,-1.50
10609,3/25/2024 6:38:00 AM,-1.80
10609,3/25/2024 6:38:00 AM,-1.80
10609,3/25/2024 6:38:03 AM,-1.70
10609,3/25/2024 6:38:03 AM,-1.70
10609,3/25/2024 6:38:25 AM,-1.60
10609,3/25/2024 6:38:25 AM,-1.60
10609,3/25/2024 6:38:47 AM,-1.80
10609,3/25/2024 6:38:47 AM,-1.80
10609,3/25/2024 6:39:05 AM,-1.60
10609,3/25/2024 6:39:05 AM,-1.60
10609,3/25/2024 6:39:17 AM,-1.50
10609,3/25/2024 6:39:17 AM,-1.50
10609,3/25/2024 6:39:42 AM,-1.80
10609,3/25/2024 6:39:42 AM,-1.80
10609,3/25/2024 6:39:53 AM,-2.00
10609,3/25/2024 6:39:53 AM,-2.00
10609,3/25/2024 6:40:04 AM,-1.80
10609,3/25/2024 6:40:04 AM,-1.80
10609,3/25/2024 6:40:08 AM,-1.90
10609,3/25/2024 6:40:08 AM,-1.90
10609,3/25/2024 6:40:10 AM,-1.80
10609,3/25/2024 6:40:10 AM,-1.80
10609,3/25/2024 6:40:12 AM,-1.60
10609,3/25/2024 6:40:12 AM,-1.60
10609,3/25/2024 6:40:17 AM,-1.70
10609,3/25/2024 6:40:17 AM,-1.70
10609,3/25/2024 6:40:27 AM,-1.50
10609,3/25/2024 6:40:27 AM,-1.50
10609,3/25/2024 6:40:41 AM,-1.40
10609,3/25/2024 6:40:41 AM,-1.40
10609,3/25/2024 6:41:06 AM,-1.50
10609,3/25/2024 6:41:06 AM,-1.50
10609,3/25/2024 6:41:20 AM,-1.30
10609,3/25/2024 6:41:20 AM,-1.30
10609,3/25/2024 6:41:30 AM,-1.40
10609,3/25/2024 6:41:30 AM,-1.40
10609,3/25/2024 6:41:41 AM,-1.30
10609,3/25/2024 6:41:41 AM,-1.30
10609,3/25/2024 6:42:20 AM,-1.40
10609,3/25/2024 6:42:20 AM,-1.40
10609,3/25/2024 6:42:27 AM,-1.30
10609,3/25/2024 6:42:27 AM,-1.30
10609,3/25/2024 6:42:46 AM,-1.50
10609,3/25/2024 6:42:46 AM,-1.50
10609,3/25/2024 6:42:53 AM,-1.60
10609,3/25/2024 6:42:53 AM,-1.60
10609,3/25/2024 6:43:40 AM,-1.80
10609,3/25/2024 6:43:40 AM,-1.80
10609,3/25/2024 6:43:43 AM,-1.40
10609,3/25/2024 6:43:43 AM,-1.40
10609,3/25/2024 6:43:47 AM,-1.80
10609,3/25/2024 6:43:47 AM,-1.80
10609,3/25/2024 6:44:07 AM,-1.50
10609,3/25/2024 6:44:07 AM,-1.50
10609,3/25/2024 6:44:14 AM,-1.70
10609,3/25/2024 6:44:14 AM,-1.70
10609,3/25/2024 6:44:22 AM,-1.60
10609,3/25/2024 6:44:22 AM,-1.60
10609,3/25/2024 6:44:42 AM,-1.90
10609,3/25/2024 6:44:42 AM,-1.90
10609,3/25/2024 6:45:04 AM,-1.80
10609,3/25/2024 6:45:04 AM,-1.80
10609,3/25/2024 6:45:16 AM,-1.90
10609,3/25/2024 6:45:16 AM,-1.90
10609,3/25/2024 6:45:23 AM,-1.80
10609,3/25/2024 6:45:23 AM,-1.80
10609,3/25/2024 6:46:18 AM,-2.00
10609,3/25/2024 6:46:18 AM,-2.00
10609,3/25/2024 6:46:39 AM,-1.60
10609,3/25/2024 6:46:39 AM,-1.60
10609,3/25/2024 6:46:43 AM,-1.40
10609,3/25/2024 6:46:43 AM,-1.40
10609,3/25/2024 6:46:53 AM,-1.20
10609,3/25/2024 6:46:53 AM,-1.20
10609,3/25/2024 6:46:56 AM,-1.30
10609,3/25/2024 6:46:56 AM,-1.30
10609,3/25/2024 6:47:18 AM,-1.50
10609,3/25/2024 6:47:18 AM,-1.50
10609,3/25/2024 6:47:34 AM,-1.30
10609,3/25/2024 6:47:34 AM,-1.30
10609,3/25/2024 6:47:38 AM,-1.20
10609,3/25/2024 6:47:38 AM,-1.20
10609,3/25/2024 6:47:42 AM,-1.30
10609,3/25/2024 6:47:42 AM,-1.30
10609,3/25/2024 6:47:56 AM,-1.40
10609,3/25/2024 6:47:56 AM,-1.40
10609,3/25/2024 6:48:12 AM,-1.30
10609,3/25/2024 6:48:12 AM,-1.30
10609,3/25/2024 6:48:24 AM,-1.40
10609,3/25/2024 6:48:24 AM,-1.40
10609,3/25/2024 6:48:32 AM,-1.30
10609,3/25/2024 6:48:32 AM,-1.30
10609,3/25/2024 6:48:51 AM,-1.40
10609,3/25/2024 6:48:51 AM,-1.40
10609,3/25/2024 6:48:58 AM,-1.60
10609,3/25/2024 6:48:58 AM,-1.60
10609,3/25/2024 6:49:23 AM,-1.80
10609,3/25/2024 6:49:23 AM,-1.80
10609,3/25/2024 6:49:39 AM,-1.70
10609,3/25/2024 6:49:39 AM,-1.70
10609,3/25/2024 6:49:49 AM,-1.80
10609,3/25/2024 6:49:49 AM,-1.80
10609,3/25/2024 6:50:09 AM,-1.30
10609,3/25/2024 6:50:09 AM,-1.30
10609,3/25/2024 6:50:17 AM,-1.20
10609,3/25/2024 6:50:17 AM,-1.20
10609,3/25/2024 6:50:46 AM,-1.40
10609,3/25/2024 6:50:46 AM,-1.40
10609,3/25/2024 6:50:49 AM,-1.50
10609,3/25/2024 6:50:49 AM,-1.50
10609,3/25/2024 6:51:21 AM,-1.40
10609,3/25/2024 6:51:21 AM,-1.40
10609,3/25/2024 6:51:37 AM,-1.50
10609,3/25/2024 6:51:37 AM,-1.50
10609,3/25/2024 6:52:09 AM,-1.40
10609,3/25/2024 6:52:09 AM,-1.40
10609,3/25/2024 6:52:19 AM,-1.30
10609,3/25/2024 6:52:19 AM,-1.30
10609,3/25/2024 6:52:23 AM,-1.40
10609,3/25/2024 6:52:23 AM,-1.40
10609,3/25/2024 6:52:48 AM,-1.50
10609,3/25/2024 6:52:48 AM,-1.50
10609,3/25/2024 6:52:55 AM,-1.60
10609,3/25/2024 6:52:55 AM,-1.60
10609,3/25/2024 6:52:58 AM,-1.50
10609,3/25/2024 6:52:58 AM,-1.50
10609,3/25/2024 6:54:01 AM,-2.00
10609,3/25/2024 6:54:01 AM,-2.00
10609,3/25/2024 6:54:13 AM,-1.90
10609,3/25/2024 6:54:13 AM,-1.90
10609,3/25/2024 6:54:19 AM,-2.00
10609,3/25/2024 6:54:19 AM,-2.00
10609,3/25/2024 6:55:02 AM,-1.80
10609,3/25/2024 6:55:02 AM,-1.80
10609,3/25/2024 6:55:10 AM,-1.70
10609,3/25/2024 6:55:10 AM,-1.70
10609,3/25/2024 6:55:16 AM,-1.90
10609,3/25/2024 6:55:16 AM,-1.90
10609,3/25/2024 6:55:31 AM,-1.80
10609,3/25/2024 6:55:31 AM,-1.80
10609,3/25/2024 6:55:35 AM,-1.70
10609,3/25/2024 6:55:35 AM,-1.70
10609,3/25/2024 6:55:39 AM,-1.80
10609,3/25/2024 6:55:39 AM,-1.80
10609,3/25/2024 6:55:46 AM,-1.70
10609,3/25/2024 6:55:46 AM,-1.70
10609,3/25/2024 6:55:48 AM,-1.80
10609,3/25/2024 6:55:48 AM,-1.80
10609,3/25/2024 6:55:59 AM,-1.90
10609,3/25/2024 6:55:59 AM,-1.90
10609,3/25/2024 6:56:06 AM,-1.70
10609,3/25/2024 6:56:06 AM,-1.70
10609,3/25/2024 6:56:14 AM,-1.80
10609,3/25/2024 6:56:14 AM,-1.80
10609,3/25/2024 6:56:19 AM,-1.70
10609,3/25/2024 6:56:19 AM,-1.70
10609,3/25/2024 6:56:30 AM,-1.90
10609,3/25/2024 6:56:30 AM,-1.90
10609,3/25/2024 6:56:49 AM,-2.50
10609,3/25/2024 6:56:49 AM,-2.50
10609,3/25/2024 6:57:09 AM,-2.40
10609,3/25/2024 6:57:09 AM,-2.40
10609,3/25/2024 6:57:15 AM,-2.50
10609,3/25/2024 6:57:15 AM,-2.50
10609,3/25/2024 6:57:17 AM,-2.40
10609,3/25/2024 6:57:17 AM,-2.40
10609,3/25/2024 6:57:21 AM,-2.00
10609,3/25/2024 6:57:21 AM,-2.00
10609,3/25/2024 6:57:25 AM,-2.30
10609,3/25/2024 6:57:25 AM,-2.30
10609,3/25/2024 6:57:37 AM,-2.20
10609,3/25/2024 6:57:37 AM,-2.20
10609,3/25/2024 6:57:41 AM,-2.30
10609,3/25/2024 6:57:41 AM,-2.30
10609,3/25/2024 6:57:49 AM,-2.20
10609,3/25/2024 6:57:49 AM,-2.20
10609,3/25/2024 6:58:15 AM,-2.10
10609,3/25/2024 6:58:15 AM,-2.10
10609,3/25/2024 6:58:18 AM,-2.00
10609,3/25/2024 6:58:18 AM,-2.00
10609,3/25/2024 6:58:28 AM,-1.90
10609,3/25/2024 6:58:28 AM,-1.90
10609,3/25/2024 6:58:32 AM,-2.00
10609,3/25/2024 6:58:32 AM,-2.00
10609,3/25/2024 6:58:43 AM,-1.80
10609,3/25/2024 6:58:43 AM,-1.80
10609,3/25/2024 6:59:08 AM,-1.60
10609,3/25/2024 6:59:08 AM,-1.60
10609,3/25/2024 6:59:30 AM,-1.80
10609,3/25/2024 6:59:30 AM,-1.80
10609,3/25/2024 6:59:57 AM,-1.70
10609,3/25/2024 6:59:57 AM,-1.70
10609,3/25/2024 7:00:00 AM,-1.60
10609,3/25/2024 7:00:00 AM,-1.60
10609,3/25/2024 7:00:24 AM,-1.50
10609,3/25/2024 7:00:24 AM,-1.50
10609,3/25/2024 7:00:31 AM,-1.30
10609,3/25/2024 7:00:31 AM,-1.30
10609,3/25/2024 7:00:56 AM,-1.20
10609,3/25/2024 7:00:56 AM,-1.20
10609,3/25/2024 7:01:01 AM,-1.30
10609,3/25/2024 7:01:01 AM,-1.30
10609,3/25/2024 7:01:13 AM,-1.10
10609,3/25/2024 7:01:13 AM,-1.10
10609,3/25/2024 7:02:12 AM,-1.50
10609,3/25/2024 7:02:12 AM,-1.50
10609,3/25/2024 7:02:23 AM,-1.30
10609,3/25/2024 7:02:23 AM,-1.30
10609,3/25/2024 7:02:34 AM,-1.40
10609,3/25/2024 7:02:34 AM,-1.40
10609,3/25/2024 7:03:08 AM,-1.50
10609,3/25/2024 7:03:08 AM,-1.50
10609,3/25/2024 7:03:23 AM,-1.70
10609,3/25/2024 7:03:23 AM,-1.70
10609,3/25/2024 7:03:53 AM,-1.90
10609,3/25/2024 7:03:53 AM,-1.90
10609,3/25/2024 7:04:03 AM,-1.80
10609,3/25/2024 7:04:03 AM,-1.80
10609,3/25/2024 7:04:07 AM,-1.90
10609,3/25/2024 7:04:07 AM,-1.90
10609,3/25/2024 7:04:15 AM,-1.80
10609,3/25/2024 7:04:15 AM,-1.80
10609,3/25/2024 7:04:22 AM,-2.00
10609,3/25/2024 7:04:22 AM,-2.00
10609,3/25/2024 7:04:26 AM,-1.90
10609,3/25/2024 7:04:26 AM,-1.90
10609,3/25/2024 7:05:17 AM,-2.00
10609,3/25/2024 7:05:17 AM,-2.00
10609,3/25/2024 7:05:22 AM,-1.90
10609,3/25/2024 7:05:22 AM,-1.90
10609,3/25/2024 7:05:37 AM,-1.80
10609,3/25/2024 7:05:37 AM,-1.80
10609,3/25/2024 7:05:41 AM,-1.90
10609,3/25/2024 7:05:41 AM,-1.90
10609,3/25/2024 7:05:43 AM,-1.80
10609,3/25/2024 7:05:43 AM,-1.80
10609,3/25/2024 7:06:37 AM,-1.60
10609,3/25/2024 7:06:37 AM,-1.60
10609,3/25/2024 7:06:41 AM,-1.70
10609,3/25/2024 7:06:41 AM,-1.70
10609,3/25/2024 7:06:56 AM,-1.80
10609,3/25/2024 7:06:56 AM,-1.80
10609,3/25/2024 7:07:07 AM,-1.70
10609,3/25/2024 7:07:07 AM,-1.70
10609,3/25/2024 7:07:24 AM,-1.80
10609,3/25/2024 7:07:24 AM,-1.80
10609,3/25/2024 7:07:45 AM,-1.70
10609,3/25/2024 7:07:45 AM,-1.70
10609,3/25/2024 7:07:51 AM,-1.80
10609,3/25/2024 7:07:51 AM,-1.80
10609,3/25/2024 7:07:58 AM,-1.60
10609,3/25/2024 7:07:58 AM,-1.60
10609,3/25/2024 7:08:24 AM,-1.50
10609,3/25/2024 7:08:39 AM,-1.60
10609,3/25/2024 7:08:43 AM,-1.50
10609,3/25/2024 7:08:45 AM,-1.60
10609,3/25/2024 7:09:21 AM,-1.50
10609,3/25/2024 7:09:37 AM,-1.30
10609,3/25/2024 7:09:49 AM,-1.50
10609,3/25/2024 7:09:56 AM,-1.40
10609,3/25/2024 7:09:59 AM,-1.50
10609,3/25/2024 7:10:03 AM,-1.40
10609,3/25/2024 7:10:10 AM,-1.60
10609,3/25/2024 7:10:50 AM,-1.80
10609,3/25/2024 7:11:13 AM,-1.40
10609,3/25/2024 7:11:16 AM,-1.30
10609,3/25/2024 7:11:27 AM,-1.50
10609,3/25/2024 7:11:37 AM,-1.30
10609,3/25/2024 7:11:39 AM,-1.50
10609,3/25/2024 7:11:43 AM,-1.60
10609,3/25/2024 7:11:49 AM,-1.50
10609,3/25/2024 7:11:56 AM,-1.60
10609,3/25/2024 7:12:03 AM,-1.50
10609,3/25/2024 7:12:06 AM,-1.60
10609,3/25/2024 7:12:12 AM,-1.50
10609,3/25/2024 7:12:30 AM,-1.40
10609,3/25/2024 7:12:34 AM,-1.50
10609,3/25/2024 7:12:51 AM,-1.30
10609,3/25/2024 7:12:56 AM,-1.50
10609,3/25/2024 7:13:10 AM,-1.60
10609,3/25/2024 7:13:14 AM,-1.50
10609,3/25/2024 7:13:27 AM,-1.60
10609,3/25/2024 7:13:41 AM,-1.40
10609,3/25/2024 7:13:48 AM,-1.60
10609,3/25/2024 7:13:58 AM,-1.30
10609,3/25/2024 7:14:08 AM,-1.60
10609,3/25/2024 7:14:12 AM,-1.50
10609,3/25/2024 7:14:16 AM,-1.60
10609,3/25/2024 7:14:28 AM,-1.50
10609,3/25/2024 7:14:42 AM,-1.70
10609,3/25/2024 7:15:08 AM,-1.50
10609,3/25/2024 7:15:11 AM,-1.60
10609,3/25/2024 7:15:15 AM,-1.50
10609,3/25/2024 7:15:23 AM,-1.60
10609,3/25/2024 7:15:35 AM,-1.50
10609,3/25/2024 7:15:56 AM,-1.70
10609,3/25/2024 7:16:22 AM,-1.80
10609,3/25/2024 7:17:04 AM,-1.60
10609,3/25/2024 7:17:08 AM,-1.50
10609,3/25/2024 7:17:10 AM,-1.70
10609,3/25/2024 7:17:15 AM,-1.60
10609,3/25/2024 7:17:18 AM,-1.70
10609,3/25/2024 7:17:32 AM,-1.60
10609,3/25/2024 7:17:36 AM,-1.70
10609,3/25/2024 7:18:14 AM,-1.60
10609,3/25/2024 7:18:23 AM,-1.80
10609,3/25/2024 7:18:28 AM,-1.70
10609,3/25/2024 7:18:47 AM,-1.60
10609,3/25/2024 7:19:17 AM,-1.70
10609,3/25/2024 7:19:58 AM,-1.60
10609,3/25/2024 7:20:09 AM,-1.70
10609,3/25/2024 7:20:17 AM,-1.60
10609,3/25/2024 7:22:03 AM,-1.70
10609,3/25/2024 7:22:09 AM,-1.60
10609,3/25/2024 7:22:11 AM,-1.70
10609,3/25/2024 7:22:45 AM,-1.50
10609,3/25/2024 7:23:32 AM,-1.70
10609,3/25/2024 7:24:14 AM,-1.50
10609,3/25/2024 7:24:18 AM,-1.60
10609,3/25/2024 7:24:30 AM,-1.50
10609,3/25/2024 7:24:52 AM,-1.60
10609,3/25/2024 7:25:22 AM,-1.40
10609,3/25/2024 7:25:44 AM,-1.60
10609,3/25/2024 7:26:20 AM,-1.50
10609,3/25/2024 7:26:43 AM,-1.60
10609,3/25/2024 7:26:54 AM,-1.50
10609,3/25/2024 7:26:58 AM,-1.60
10609,3/25/2024 7:27:01 AM,-1.50
10609,3/25/2024 7:27:03 AM,-1.60
10609,3/25/2024 7:27:11 AM,-1.70
10609,3/25/2024 7:27:14 AM,-1.60
10609,3/25/2024 7:27:36 AM,-1.70
10609,3/25/2024 7:27:52 AM,-1.60
10609,3/25/2024 7:27:56 AM,-1.70
10609,3/25/2024 7:28:16 AM,-1.80
10609,3/25/2024 7:28:38 AM,-1.60
10609,3/25/2024 7:28:42 AM,-1.50
10609,3/25/2024 7:28:44 AM,-1.60
10609,3/25/2024 7:29:14 AM,-1.50
10609,3/25/2024 7:29:35 AM,-1.60
10609,3/25/2024 7:30:01 AM,-1.50
10609,3/25/2024 7:30:06 AM,-1.60
10609,3/25/2024 7:30:15 AM,-1.50
10609,3/25/2024 7:30:19 AM,-1.60
10609,3/25/2024 7:30:31 AM,-1.70
10609,3/25/2024 7:30:35 AM,-1.60
10609,3/25/2024 7:31:22 AM,-1.80
10609,3/25/2024 7:31:46 AM,-1.70
10609,3/25/2024 7:31:50 AM,-1.80
10609,3/25/2024 7:31:54 AM,-1.70
10609,3/25/2024 7:32:11 AM,-1.80
10609,3/25/2024 7:32:18 AM,-1.70
10609,3/25/2024 7:32:38 AM,-1.80
10609,3/25/2024 7:32:42 AM,-1.70
10609,3/25/2024 7:33:01 AM,-1.60
10609,3/25/2024 7:33:04 AM,-2.00
10609,3/25/2024 7:33:08 AM,-1.60
10609,3/25/2024 7:33:21 AM,-1.40
10609,3/25/2024 7:33:29 AM,-1.50
10609,3/25/2024 7:33:41 AM,-1.40
10609,3/25/2024 7:33:48 AM,-1.50
10609,3/25/2024 7:33:52 AM,-1.40
10609,3/25/2024 7:33:56 AM,-1.50
10609,3/25/2024 7:34:08 AM,-1.60
10609,3/25/2024 7:34:12 AM,-1.50
10609,3/25/2024 7:34:17 AM,-1.60
10609,3/25/2024 7:34:38 AM,-1.40
10609,3/25/2024 7:34:42 AM,-1.50
10609,3/25/2024 7:34:45 AM,-1.40
10609,3/25/2024 7:34:49 AM,-1.50
10609,3/25/2024 7:35:04 AM,-1.60
10609,3/25/2024 7:35:07 AM,-1.70
10609,3/25/2024 7:36:07 AM,-2.00
10609,3/25/2024 7:36:10 AM,-2.10
10609,3/25/2024 7:36:26 AM,-2.30
10609,3/25/2024 7:37:14 AM,-2.10
10609,3/25/2024 7:37:24 AM,-2.00
10609,3/25/2024 7:39:14 AM,-1.70
10609,3/25/2024 7:39:28 AM,-1.60
10609,3/25/2024 7:39:41 AM,-1.70
10609,3/25/2024 7:39:46 AM,-1.60
10609,3/25/2024 7:40:05 AM,-1.70
10609,3/25/2024 7:40:32 AM,-1.50
10609,3/25/2024 7:40:40 AM,-1.40
10609,3/25/2024 7:41:18 AM,-1.50
10609,3/25/2024 7:41:40 AM,-1.70
10609,3/25/2024 7:41:45 AM,-1.60
10609,3/25/2024 7:42:04 AM,-1.50
10609,3/25/2024 7:42:21 AM,-1.60
10609,3/25/2024 7:42:30 AM,-1.50
10609,3/25/2024 7:42:47 AM,-1.60
10609,3/25/2024 7:42:50 AM,-1.50
10609,3/25/2024 7:44:42 AM,-1.40
10609,3/25/2024 7:45:04 AM,-1.60
10609,3/25/2024 7:45:18 AM,-1.50
10609,3/25/2024 7:45:21 AM,-1.40
10609,3/25/2024 7:45:46 AM,-1.50
10609,3/25/2024 7:46:05 AM,-1.40
10609,3/25/2024 7:46:09 AM,-1.50
10609,3/25/2024 7:46:22 AM,-1.60
10609,3/25/2024 7:46:35 AM,-1.50
10609,3/25/2024 7:46:58 AM,-1.60
10609,3/25/2024 7:47:52 AM,-1.50
10609,3/25/2024 7:47:55 AM,-1.60
10609,3/25/2024 7:48:01 AM,-1.50
10609,3/25/2024 7:48:19 AM,-1.60
10609,3/25/2024 7:48:41 AM,-1.50
10609,3/25/2024 7:49:07 AM,-1.70
10609,3/25/2024 7:49:15 AM,-1.90
10609,3/25/2024 7:49:35 AM,-2.00
10609,3/25/2024 7:49:39 AM,-1.80
10609,3/25/2024 7:50:31 AM,-1.90
10609,3/25/2024 7:50:36 AM,-1.80
10609,3/25/2024 7:50:57 AM,-1.70
10609,3/25/2024 7:51:07 AM,-1.80
10609,3/25/2024 7:51:13 AM,-1.70
10609,3/25/2024 7:51:39 AM,-1.60
10609,3/25/2024 7:51:53 AM,-1.90
10609,3/25/2024 7:51:55 AM,-1.70
10609,3/25/2024 7:52:07 AM,-1.80
10609,3/25/2024 7:52:17 AM,-1.60
10609,3/25/2024 7:52:36 AM,-1.80
10609,3/25/2024 7:52:39 AM,-1.70
10609,3/25/2024 7:53:01 AM,-1.80
10609,3/25/2024 7:53:05 AM,-1.70
10609,3/25/2024 7:53:24 AM,-1.60
10609,3/25/2024 7:53:27 AM,-1.80
10609,3/25/2024 7:53:31 AM,-1.70
10609,3/25/2024 7:53:35 AM,-1.80
10609,3/25/2024 7:53:44 AM,-1.60
10609,3/25/2024 7:54:04 AM,-1.70
10609,3/25/2024 7:54:15 AM,-1.60
10609,3/25/2024 7:54:31 AM,-1.80
10609,3/25/2024 7:54:35 AM,-1.70
10609,3/25/2024 7:55:21 AM,-1.90
10609,3/25/2024 7:55:31 AM,-2.10
10609,3/25/2024 7:55:34 AM,-1.90
10609,3/25/2024 7:55:45 AM,-2.20
10609,3/25/2024 7:55:47 AM,-1.90
10609,3/25/2024 7:55:55 AM,-1.80
10609,3/25/2024 7:55:57 AM,-1.70
10609,3/25/2024 7:56:01 AM,-1.80
10609,3/25/2024 7:56:25 AM,-1.70
10609,3/25/2024 7:56:31 AM,-1.60
10609,3/25/2024 7:56:46 AM,-1.80
10609,3/25/2024 7:56:51 AM,-1.90
10609,3/25/2024 7:56:53 AM,-1.80
10609,3/25/2024 7:56:56 AM,-1.90
10609,3/25/2024 7:57:36 AM,-1.80
10609,3/25/2024 7:57:56 AM,-1.60
10609,3/25/2024 7:57:59 AM,-1.80
10609,3/25/2024 7:58:03 AM,-1.90
10609,3/25/2024 7:58:16 AM,-1.70
10609,3/25/2024 7:58:19 AM,-1.90
10609,3/25/2024 7:58:26 AM,-1.80
10609,3/25/2024 7:58:31 AM,-1.90
10609,3/25/2024 7:58:42 AM,-1.80
10609,3/25/2024 7:58:45 AM,-1.70
10609,3/25/2024 7:58:52 AM,-1.90
10609,3/25/2024 7:59:15 AM,-1.80
10609,3/25/2024 7:59:26 AM,-1.90
10609,3/25/2024 7:59:30 AM,-1.80
10609,3/25/2024 7:59:33 AM,-1.60
10609,3/25/2024 7:59:36 AM,-1.50
10609,3/25/2024 7:59:40 AM,-1.70
10609,3/25/2024 7:59:46 AM,-1.80
10609,3/25/2024 7:59:49 AM,-1.70
10609,3/25/2024 7:59:53 AM,-1.80
10609,3/25/2024 8:00:00 AM,-1.70
10609,3/25/2024 8:00:41 AM,-2.00
10609,3/25/2024 8:00:47 AM,-1.90
10609,3/25/2024 8:00:53 AM,-2.00
10609,3/25/2024 8:00:56 AM,-1.90
10609,3/25/2024 8:01:00 AM,-2.00
10609,3/25/2024 8:01:30 AM,-1.90
10609,3/25/2024 8:01:38 AM,-2.00
10609,3/25/2024 8:01:42 AM,-1.90
10609,3/25/2024 8:01:46 AM,-2.00
10609,3/25/2024 8:01:48 AM,-1.90
10609,3/25/2024 8:01:56 AM,-2.00
10609,3/25/2024 8:02:05 AM,-1.80
10609,3/25/2024 8:02:07 AM,-1.90
10609,3/25/2024 8:02:18 AM,-2.00
10609,3/25/2024 8:02:22 AM,-1.90
10609,3/25/2024 8:02:29 AM,-2.10
10609,3/25/2024 8:02:40 AM,-2.00
10609,3/25/2024 8:02:46 AM,-2.10
10609,3/25/2024 8:02:48 AM,-2.00
10609,3/25/2024 8:03:03 AM,-2.10
10609,3/25/2024 8:03:12 AM,-2.00
10609,3/25/2024 8:03:48 AM,-2.10
10609,3/25/2024 8:04:18 AM,-1.90
10609,3/25/2024 8:04:21 AM,-1.80
10609,3/25/2024 8:04:36 AM,-1.90
10609,3/25/2024 8:04:50 AM,-1.80
10609,3/25/2024 8:05:41 AM,-2.10
10609,3/25/2024 8:06:03 AM,-2.00
10609,3/25/2024 8:06:09 AM,-1.80
10609,3/25/2024 8:06:23 AM,-2.00
10609,3/25/2024 8:06:27 AM,-1.90
10609,3/25/2024 8:06:54 AM,-2.00
10609,3/25/2024 8:06:57 AM,-2.10
10609,3/25/2024 8:07:20 AM,-2.00
10609,3/25/2024 8:07:24 AM,-2.10
10609,3/25/2024 8:07:35 AM,-2.00
10609,3/25/2024 8:07:46 AM,-2.20
10609,3/25/2024 8:07:48 AM,-2.30
10609,3/25/2024 8:07:50 AM,-2.20
10609,3/25/2024 8:07:53 AM,-1.90
10609,3/25/2024 8:08:00 AM,-1.70
10609,3/25/2024 8:08:15 AM,-2.10
10609,3/25/2024 8:08:20 AM,-1.90
10609,3/25/2024 8:08:47 AM,-1.70
10609,3/25/2024 8:08:52 AM,-1.90
10609,3/25/2024 8:09:03 AM,-1.80
10609,3/25/2024 8:09:07 AM,-1.90
10609,3/25/2024 8:09:37 AM,-2.00
10609,3/25/2024 8:09:40 AM,-2.10
10609,3/25/2024 8:10:08 AM,-1.90
10609,3/25/2024 8:10:11 AM,-1.80
10609,3/25/2024 8:10:16 AM,-2.00
10609,3/25/2024 8:10:21 AM,-1.90
10609,3/25/2024 8:10:25 AM,-2.00
10609,3/25/2024 8:10:33 AM,-1.90
10609,3/25/2024 8:10:57 AM,-2.10
10609,3/25/2024 8:11:04 AM,-2.00
10609,3/25/2024 8:11:11 AM,-2.10
10609,3/25/2024 8:11:29 AM,-2.00
10609,3/25/2024 8:11:41 AM,-2.10
10609,3/25/2024 8:12:06 AM,-1.90
10609,3/25/2024 8:12:08 AM,-2.00
10609,3/25/2024 8:12:11 AM,-1.90
10609,3/25/2024 8:12:26 AM,-2.00
10609,3/25/2024 8:12:33 AM,-1.90
10609,3/25/2024 8:12:40 AM,-2.00
10609,3/25/2024 8:12:54 AM,-1.80
10609,3/25/2024 8:12:57 AM,-1.90
10609,3/25/2024 8:13:17 AM,-1.80
10609,3/25/2024 8:13:25 AM,-1.90
10609,3/25/2024 8:14:09 AM,-1.70
10609,3/25/2024 8:14:12 AM,-1.80
10609,3/25/2024 8:14:19 AM,-1.70
10609,3/25/2024 8:14:47 AM,-1.80
10609,3/25/2024 8:15:03 AM,-2.00
10609,3/25/2024 8:15:11 AM,-1.90
10609,3/25/2024 8:15:26 AM,-1.50
10609,3/25/2024 8:15:52 AM,-1.60
10609,3/25/2024 8:16:02 AM,-1.50
10609,3/25/2024 8:16:25 AM,-1.60
10609,3/25/2024 8:18:08 AM,-1.40
10609,3/25/2024 8:18:28 AM,-1.60
10609,3/25/2024 8:18:47 AM,-1.50
10609,3/25/2024 8:18:55 AM,-1.60
10609,3/25/2024 8:19:30 AM,-1.40
10609,3/25/2024 8:19:44 AM,-1.50
10609,3/25/2024 8:19:52 AM,-1.70
10609,3/25/2024 8:19:57 AM,-1.60
10609,3/25/2024 8:20:07 AM,-1.70
10609,3/25/2024 8:20:14 AM,-1.60
10609,3/25/2024 8:20:54 AM,-2.00
10609,3/25/2024 8:21:03 AM,-1.90
10609,3/25/2024 8:21:20 AM,-2.00
10609,3/25/2024 8:21:47 AM,-1.80
10609,3/25/2024 8:22:34 AM,-1.70
10609,3/25/2024 8:22:44 AM,-1.80
10609,3/25/2024 8:22:48 AM,-1.70
10609,3/25/2024 8:22:51 AM,-1.80
10609,3/25/2024 8:23:07 AM,-1.60
10609,3/25/2024 8:23:32 AM,-1.80
10609,3/25/2024 8:23:40 AM,-1.70
10609,3/25/2024 8:24:05 AM,-1.60
10609,3/25/2024 8:24:12 AM,-1.50
10609,3/25/2024 8:24:15 AM,-1.60
10609,3/25/2024 8:25:12 AM,-2.00
10609,3/25/2024 8:25:19 AM,-2.10
10609,3/25/2024 8:25:25 AM,-1.80
10609,3/25/2024 8:25:27 AM,-1.60
10609,3/25/2024 8:25:40 AM,-1.30
10609,3/25/2024 8:25:43 AM,-1.40
10609,3/25/2024 8:25:47 AM,-1.70
10609,3/25/2024 8:25:51 AM,-1.40
10609,3/25/2024 8:26:18 AM,-1.60
10609,3/25/2024 8:26:33 AM,-1.90
10609,3/25/2024 8:27:09 AM,-1.70
10609,3/25/2024 8:27:25 AM,-1.90
10609,3/25/2024 8:27:36 AM,-1.80
10609,3/25/2024 8:27:39 AM,-1.90
10609,3/25/2024 8:27:54 AM,-1.80
10609,3/25/2024 8:27:57 AM,-1.90
10609,3/25/2024 8:28:08 AM,-2.00
10609,3/25/2024 8:28:27 AM,-1.90
10609,3/25/2024 8:28:35 AM,-2.00
10609,3/25/2024 8:29:08 AM,-1.70
10609,3/25/2024 8:29:23 AM,-1.80
10609,3/25/2024 8:29:34 AM,-1.70
10609,3/25/2024 8:29:37 AM,-1.80
10609,3/25/2024 8:30:09 AM,-1.50
10609,3/25/2024 8:30:29 AM,-1.80
10609,3/25/2024 8:31:16 AM,-1.60
10609,3/25/2024 8:31:23 AM,-1.50
10609,3/25/2024 8:31:35 AM,-1.60
10609,3/25/2024 8:31:45 AM,-1.50
10609,3/25/2024 8:31:52 AM,-1.80
10609,3/25/2024 8:31:59 AM,-1.60
10609,3/25/2024 8:32:10 AM,-1.50
10609,3/25/2024 8:32:24 AM,-1.70
10609,3/25/2024 8:32:28 AM,-1.80
10609,3/25/2024 8:32:58 AM,-1.70
10609,3/25/2024 8:33:00 AM,-1.80
10609,3/25/2024 8:33:03 AM,-1.70
10609,3/25/2024 8:33:08 AM,-1.80
10609,3/25/2024 8:33:19 AM,-1.60
10609,3/25/2024 8:33:28 AM,-1.90
10609,3/25/2024 8:33:32 AM,-1.70
10609,3/25/2024 8:33:59 AM,-1.80
10609,3/25/2024 8:34:03 AM,-1.70
10609,3/25/2024 8:35:05 AM,-1.80
10609,3/25/2024 8:35:11 AM,-1.70
10609,3/25/2024 8:35:23 AM,-1.80
10609,3/25/2024 8:35:36 AM,-1.60
10609,3/25/2024 8:35:47 AM,-1.50
10609,3/25/2024 8:36:33 AM,-1.70
10609,3/25/2024 8:36:36 AM,-1.80
10609,3/25/2024 8:36:40 AM,-1.70
10609,3/25/2024 8:36:47 AM,-1.80
10609,3/25/2024 8:37:06 AM,-1.60
10609,3/25/2024 8:37:32 AM,-1.70
10609,3/25/2024 8:37:35 AM,-1.80
10609,3/25/2024 8:37:38 AM,-1.70
10609,3/25/2024 8:37:47 AM,-1.90
10609,3/25/2024 8:38:24 AM,-1.60
10609,3/25/2024 8:38:33 AM,-1.90
10609,3/25/2024 8:39:02 AM,-2.00
10609,3/25/2024 8:39:08 AM,-1.90
10609,3/25/2024 8:39:20 AM,-2.00
10609,3/25/2024 8:39:28 AM,-1.90
10609,3/25/2024 8:39:43 AM,-2.00
10609,3/25/2024 8:40:02 AM,-1.90
10609,3/25/2024 8:40:19 AM,-2.10
10609,3/25/2024 8:40:26 AM,-1.90
10609,3/25/2024 8:40:50 AM,-2.10
10609,3/25/2024 8:41:34 AM,-1.80
10609,3/25/2024 8:41:48 AM,-1.90
10609,3/25/2024 8:41:50 AM,-2.00
10609,3/25/2024 8:42:03 AM,-1.90
10609,3/25/2024 8:42:09 AM,-2.00
10609,3/25/2024 8:42:19 AM,-1.90
10609,3/25/2024 8:42:53 AM,-1.80
10609,3/25/2024 8:43:00 AM,-2.00
10609,3/25/2024 8:43:07 AM,-1.80
10609,3/25/2024 8:43:09 AM,-1.90
10609,3/25/2024 8:43:12 AM,-1.80
10609,3/25/2024 8:43:23 AM,-1.70
10609,3/25/2024 8:43:31 AM,-1.80
10609,3/25/2024 8:43:57 AM,-1.90
10609,3/25/2024 8:44:42 AM,-1.80
10609,3/25/2024 8:44:45 AM,-1.90
10609,3/25/2024 8:45:12 AM,-2.10
10609,3/25/2024 8:46:06 AM,-1.90
10609,3/25/2024 8:46:10 AM,-2.00
10609,3/25/2024 8:46:12 AM,-1.90
10609,3/25/2024 8:46:16 AM,-2.00
10609,3/25/2024 8:46:30 AM,-1.90
10609,3/25/2024 8:46:34 AM,-1.80
10609,3/25/2024 8:47:03 AM,-2.10
10609,3/25/2024 8:47:10 AM,-2.00
10609,3/25/2024 8:47:47 AM,-2.20
10609,3/25/2024 8:47:56 AM,-2.10
10609,3/25/2024 8:48:01 AM,-2.20
10609,3/25/2024 8:48:22 AM,-2.30
10609,3/25/2024 8:48:26 AM,-2.20
10609,3/25/2024 8:48:47 AM,-2.10
10609,3/25/2024 8:48:52 AM,-2.00
10609,3/25/2024 8:48:55 AM,-2.20
10609,3/25/2024 8:48:59 AM,-2.30
10609,3/25/2024 8:49:11 AM,-2.10
10609,3/25/2024 8:49:21 AM,-2.20
10609,3/25/2024 8:49:31 AM,-1.90
10609,3/25/2024 8:49:57 AM,-2.10
10609,3/25/2024 8:50:12 AM,-1.90
10609,3/25/2024 8:50:14 AM,-1.70
10609,3/25/2024 8:50:18 AM,-1.60
10609,3/25/2024 8:50:22 AM,-1.40
10609,3/25/2024 8:50:32 AM,-1.20
10609,3/25/2024 8:51:09 AM,-1.60
10609,3/25/2024 8:51:19 AM,-1.90
10609,3/25/2024 8:51:42 AM,-1.80
10609,3/25/2024 8:51:47 AM,-1.90
10609,3/25/2024 8:52:21 AM,-1.70
10609,3/25/2024 8:52:32 AM,-1.90
10609,3/25/2024 8:52:35 AM,-2.10
10609,3/25/2024 8:52:43 AM,-2.30
10609,3/25/2024 8:53:07 AM,-1.70
10609,3/25/2024 8:53:11 AM,-2.10
10609,3/25/2024 8:53:14 AM,-2.20
10609,3/25/2024 8:53:32 AM,-2.10
10609,3/25/2024 8:53:37 AM,-2.00
10609,3/25/2024 8:54:14 AM,-2.20
10609,3/25/2024 8:54:43 AM,-1.80
10609,3/25/2024 8:54:47 AM,-2.20
10609,3/25/2024 8:54:49 AM,-2.00
10609,3/25/2024 8:54:54 AM,-2.10
10609,3/25/2024 8:55:08 AM,-1.90
10609,3/25/2024 8:55:31 AM,-1.80
10609,3/25/2024 8:56:01 AM,-2.00
10609,3/25/2024 8:56:36 AM,-1.80
10609,3/25/2024 8:57:00 AM,-2.00
10609,3/25/2024 8:57:03 AM,-2.10
10609,3/25/2024 8:57:14 AM,-1.90
10609,3/25/2024 8:57:25 AM,-2.00
10609,3/25/2024 8:57:27 AM,-2.10
10609,3/25/2024 8:57:40 AM,-2.00
10609,3/25/2024 8:57:43 AM,-2.10
10609,3/25/2024 8:57:46 AM,-2.00
10609,3/25/2024 8:57:49 AM,-2.10
10609,3/25/2024 8:57:54 AM,-2.00
10609,3/25/2024 8:58:00 AM,-2.20
10609,3/25/2024 8:58:09 AM,-2.10
10609,3/25/2024 8:58:24 AM,-2.20
10609,3/25/2024 8:58:27 AM,-2.30
10609,3/25/2024 8:58:47 AM,-2.00
10609,3/25/2024 8:59:05 AM,-2.20
10609,3/25/2024 8:59:35 AM,-2.10
10609,3/25/2024 8:59:42 AM,-2.00
10609,3/25/2024 8:59:46 AM,-1.40
10609,3/25/2024 8:59:50 AM,-2.00
10609,3/25/2024 8:59:53 AM,-1.90
10609,3/25/2024 9:00:00 AM,-1.90
10609,3/25/2024 9:00:07 AM,-2.00
10609,3/25/2024 9:00:10 AM,-1.90
10609,3/25/2024 9:00:13 AM,-2.00
10609,3/25/2024 9:00:30 AM,-2.10
10609,3/25/2024 9:00:34 AM,-2.20
10609,3/25/2024 9:00:44 AM,-2.10
10609,3/25/2024 9:00:57 AM,-2.20
10609,3/25/2024 9:01:10 AM,-2.10
10609,3/25/2024 9:01:14 AM,-2.20
10609,3/25/2024 9:01:27 AM,-2.10
10609,3/25/2024 9:01:47 AM,-2.30
10609,3/25/2024 9:01:57 AM,-2.20
10609,3/25/2024 9:02:01 AM,-2.00
10609,3/25/2024 9:02:16 AM,-2.20
10609,3/25/2024 9:02:27 AM,-2.10
10609,3/25/2024 9:02:30 AM,-2.00
10609,3/25/2024 9:02:50 AM,-1.90
10609,3/25/2024 9:03:04 AM,-2.00
10609,3/25/2024 9:03:12 AM,-1.90
10609,3/25/2024 9:03:28 AM,-2.00
10609,3/25/2024 9:03:36 AM,-1.90
10609,3/25/2024 9:03:48 AM,-2.10
10609,3/25/2024 9:04:05 AM,-2.00
10609,3/25/2024 9:04:58 AM,-1.90
10609,3/25/2024 9:05:12 AM,-2.10
10609,3/25/2024 9:05:18 AM,-2.00
10609,3/25/2024 9:05:26 AM,-2.10
10609,3/25/2024 9:05:29 AM,-1.90
10609,3/25/2024 9:05:32 AM,-2.10
10609,3/25/2024 9:05:36 AM,-2.20
10609,3/25/2024 9:05:51 AM,-2.30
10609,3/25/2024 9:06:11 AM,-2.10
10609,3/25/2024 9:06:15 AM,-2.00
10609,3/25/2024 9:06:25 AM,-2.20
10609,3/25/2024 9:06:52 AM,-1.80
10609,3/25/2024 9:06:55 AM,-1.90
10609,3/25/2024 9:06:58 AM,-1.70
10609,3/25/2024 9:07:09 AM,-1.90
10609,3/25/2024 9:07:16 AM,-2.00
10609,3/25/2024 9:07:26 AM,-1.90
10609,3/25/2024 9:07:53 AM,-2.20
10609,3/25/2024 9:07:56 AM,-2.10
10609,3/25/2024 9:08:03 AM,-2.20
10609,3/25/2024 9:08:11 AM,-2.00
10609,3/25/2024 9:08:31 AM,-1.90
10609,3/25/2024 9:08:39 AM,-2.10
10609,3/25/2024 9:08:53 AM,-2.00
10609,3/25/2024 9:09:00 AM,-2.10
10609,3/25/2024 9:09:32 AM,-1.90
10609,3/25/2024 9:09:43 AM,-2.10
10609,3/25/2024 9:09:48 AM,-2.00
10609,3/25/2024 9:09:59 AM,-2.20
10609,3/25/2024 9:10:05 AM,-2.10
10609,3/25/2024 9:10:21 AM,-2.20
10609,3/25/2024 9:10:39 AM,-2.10
10609,3/25/2024 9:10:47 AM,-2.20
10609,3/25/2024 9:11:08 AM,-2.00
10609,3/25/2024 9:11:14 AM,-2.10
10609,3/25/2024 9:11:18 AM,-2.00
10609,3/25/2024 9:11:24 AM,-2.10
10609,3/25/2024 9:11:31 AM,-2.00
10609,3/25/2024 9:12:06 AM,-2.10
10609,3/25/2024 9:12:14 AM,-2.20
10609,3/25/2024 9:12:33 AM,-2.10
10609,3/25/2024 9:12:36 AM,-2.00
10609,3/25/2024 9:12:41 AM,-2.10
10609,3/25/2024 9:12:46 AM,-2.00
10609,3/25/2024 9:12:56 AM,-2.10
10609,3/25/2024 9:13:17 AM,-2.00
10609,3/25/2024 9:13:26 AM,-1.80
10609,3/25/2024 9:13:30 AM,-2.00
10609,3/25/2024 9:13:52 AM,-1.90
10609,3/25/2024 9:13:56 AM,-2.00
10609,3/25/2024 9:14:10 AM,-2.10
10609,3/25/2024 9:14:19 AM,-2.00
10609,3/25/2024 9:14:22 AM,-2.10
10609,3/25/2024 9:14:36 AM,-2.00
10609,3/25/2024 9:14:44 AM,-2.10
10609,3/25/2024 9:14:53 AM,-2.00
10609,3/25/2024 9:14:55 AM,-2.10
10609,3/25/2024 9:15:07 AM,-2.20
10609,3/25/2024 9:15:13 AM,-2.00
10609,3/25/2024 9:15:19 AM,-2.20
10609,3/25/2024 9:15:25 AM,-2.00
10609,3/25/2024 9:15:32 AM,-2.30
10609,3/25/2024 9:15:36 AM,-2.00
10609,3/25/2024 9:15:40 AM,-2.20
10609,3/25/2024 9:15:44 AM,-2.30
10609,3/25/2024 9:15:53 AM,-2.10
10609,3/25/2024 9:15:55 AM,-2.20
10609,3/25/2024 9:16:21 AM,-2.00
10609,3/25/2024 9:16:32 AM,-1.90
10609,3/25/2024 9:17:07 AM,-2.20
10609,3/25/2024 9:17:10 AM,-2.30
10609,3/25/2024 9:17:22 AM,-2.10
10609,3/25/2024 9:17:24 AM,-2.20
10609,3/25/2024 9:17:32 AM,-2.10
10609,3/25/2024 9:17:46 AM,-2.40
10609,3/25/2024 9:17:53 AM,-2.60
10609,3/25/2024 9:18:08 AM,-2.20
10609,3/25/2024 9:18:12 AM,-2.00
10609,3/25/2024 9:18:33 AM,-2.10
10609,3/25/2024 9:18:36 AM,-2.20
10609,3/25/2024 9:18:45 AM,-2.10
10609,3/25/2024 9:18:47 AM,-2.00
10609,3/25/2024 9:18:55 AM,-1.80
10609,3/25/2024 9:19:04 AM,-1.90
10609,3/25/2024 9:19:07 AM,-2.00
10609,3/25/2024 9:19:21 AM,-1.80
10609,3/25/2024 9:19:46 AM,-2.00
10609,3/25/2024 9:19:49 AM,-2.10
10609,3/25/2024 9:19:54 AM,-2.00
10609,3/25/2024 9:19:56 AM,-2.10
10609,3/25/2024 9:20:00 AM,-2.00
10609,3/25/2024 9:20:24 AM,-2.30
10609,3/25/2024 9:20:35 AM,-2.10
10609,3/25/2024 9:20:42 AM,-2.20
10609,3/25/2024 9:20:54 AM,-2.10
10609,3/25/2024 9:21:18 AM,-2.30
10609,3/25/2024 9:21:21 AM,-2.40
10609,3/25/2024 9:21:31 AM,-2.20
10609,3/25/2024 9:21:46 AM,-2.30
10609,3/25/2024 9:22:04 AM,-2.20
10609,3/25/2024 9:22:18 AM,-1.80
10609,3/25/2024 9:22:35 AM,-1.90
10609,3/25/2024 9:22:55 AM,-2.20
10609,3/25/2024 9:23:14 AM,-2.10
10609,3/25/2024 9:23:29 AM,-1.80
10609,3/25/2024 9:23:33 AM,-1.60
10609,3/25/2024 9:24:03 AM,-2.20
10609,3/25/2024 9:24:25 AM,-2.00
10609,3/25/2024 9:24:36 AM,-2.10
10609,3/25/2024 9:24:39 AM,-2.00
10609,3/25/2024 9:24:57 AM,-1.90
10609,3/25/2024 9:25:05 AM,-2.00
10609,3/25/2024 9:25:07 AM,-2.10
10609,3/25/2024 9:25:11 AM,-2.00
10609,3/25/2024 9:25:20 AM,-2.10
10609,3/25/2024 9:25:30 AM,-2.00
10609,3/25/2024 9:25:33 AM,-2.10
10609,3/25/2024 9:25:40 AM,-1.90
10609,3/25/2024 9:26:04 AM,-2.10
10609,3/25/2024 9:26:07 AM,-2.00
10609,3/25/2024 9:26:10 AM,-2.10
10609,3/25/2024 9:26:57 AM,-2.50
10609,3/25/2024 9:27:04 AM,-2.30
10609,3/25/2024 9:27:10 AM,-2.40
10609,3/25/2024 9:27:13 AM,-2.70
10609,3/25/2024 9:27:17 AM,-2.20
10609,3/25/2024 9:27:21 AM,-2.40
10609,3/25/2024 9:27:47 AM,-2.30
10609,3/25/2024 9:27:52 AM,-2.20
10609,3/25/2024 9:28:01 AM,-2.30
10609,3/25/2024 9:28:19 AM,-2.10
10609,3/25/2024 9:28:23 AM,-2.20
10609,3/25/2024 9:28:26 AM,-2.10
10609,3/25/2024 9:28:51 AM,-1.90
10609,3/25/2024 9:29:17 AM,-2.30
10609,3/25/2024 9:29:52 AM,-2.00
10609,3/25/2024 9:29:59 AM,-2.10
10609,3/25/2024 9:30:04 AM,-2.00
10609,3/25/2024 9:30:24 AM,-2.30
10609,3/25/2024 9:30:33 AM,-2.10
10609,3/25/2024 9:30:37 AM,-2.20
10609,3/25/2024 9:30:51 AM,-2.10
10609,3/25/2024 9:30:54 AM,-2.00
10609,3/25/2024 9:31:00 AM,-2.10
10609,3/25/2024 9:31:36 AM,-2.20
10609,3/25/2024 9:31:47 AM,-2.10
10609,3/25/2024 9:31:56 AM,-2.30
10609,3/25/2024 9:32:19 AM,-2.10
10609,3/25/2024 9:32:22 AM,-2.20
10609,3/25/2024 9:32:34 AM,-2.10
10609,3/25/2024 9:32:38 AM,-2.20
10609,3/25/2024 9:32:51 AM,-2.10
10609,3/25/2024 9:32:53 AM,-2.00
10609,3/25/2024 9:32:57 AM,-2.10
10609,3/25/2024 9:33:11 AM,-2.00
10609,3/25/2024 9:33:24 AM,-1.60
10609,3/25/2024 9:33:27 AM,-1.50
10609,3/25/2024 9:33:35 AM,-1.60
10609,3/25/2024 9:33:43 AM,-1.50
10609,3/25/2024 9:34:03 AM,-1.90
10609,3/25/2024 9:34:10 AM,-2.10
10609,3/25/2024 9:34:25 AM,-1.70
10609,3/25/2024 9:34:29 AM,-1.80
10609,3/25/2024 9:34:32 AM,-1.70
10609,3/25/2024 9:34:35 AM,-1.80
10609,3/25/2024 9:34:47 AM,-1.90
10609,3/25/2024 9:34:50 AM,-2.00
10609,3/25/2024 9:35:10 AM,-1.70
10609,3/25/2024 9:35:14 AM,-1.90
10609,3/25/2024 9:35:36 AM,-2.10
10609,3/25/2024 9:35:43 AM,-1.90
10609,3/25/2024 9:35:50 AM,-1.80
10609,3/25/2024 9:36:12 AM,-1.70
10609,3/25/2024 9:36:16 AM,-1.80
10609,3/25/2024 9:36:35 AM,-1.60
10609,3/25/2024 9:36:40 AM,-1.90
10609,3/25/2024 9:36:54 AM,-2.10
10609,3/25/2024 9:37:23 AM,-2.30
10609,3/25/2024 9:37:31 AM,-2.40
10609,3/25/2024 9:37:34 AM,-2.30
10609,3/25/2024 9:37:36 AM,-2.10
10609,3/25/2024 9:37:41 AM,-2.30
10609,3/25/2024 9:37:52 AM,-2.20
10609,3/25/2024 9:38:04 AM,-2.40
10609,3/25/2024 9:38:14 AM,-2.30
10609,3/25/2024 9:38:21 AM,-2.10
10609,3/25/2024 9:38:28 AM,-2.20
10609,3/25/2024 9:38:46 AM,-1.90
10609,3/25/2024 9:38:48 AM,-2.00
10609,3/25/2024 9:38:52 AM,-1.90
10609,3/25/2024 9:39:04 AM,-2.10
10609,3/25/2024 9:39:06 AM,-2.00
10609,3/25/2024 9:39:22 AM,-2.20
10609,3/25/2024 9:39:35 AM,-2.00
10609,3/25/2024 9:39:52 AM,-2.20
10609,3/25/2024 9:39:56 AM,-2.40
10609,3/25/2024 9:40:25 AM,-2.00
10609,3/25/2024 9:40:27 AM,-1.90
10609,3/25/2024 9:40:33 AM,-1.80
10609,3/25/2024 9:40:59 AM,-2.20
10609,3/25/2024 9:41:22 AM,-1.90
10609,3/25/2024 9:41:25 AM,-1.80
10609,3/25/2024 9:41:28 AM,-1.90
10609,3/25/2024 9:41:51 AM,-2.10
10609,3/25/2024 9:41:55 AM,-2.00
10609,3/25/2024 9:42:04 AM,-2.10
10609,3/25/2024 9:42:06 AM,-2.00
10609,3/25/2024 9:42:17 AM,-2.20
10609,3/25/2024 9:42:21 AM,-2.10
10609,3/25/2024 9:42:43 AM,-1.90
10609,3/25/2024 9:42:54 AM,-1.70
10609,3/25/2024 9:43:12 AM,-2.00
10609,3/25/2024 9:43:15 AM,-1.80
10609,3/25/2024 9:43:33 AM,-2.10
10609,3/25/2024 9:43:46 AM,-2.00
10609,3/25/2024 9:43:57 AM,-2.20
10609,3/25/2024 9:44:12 AM,-2.10
10609,3/25/2024 9:44:37 AM,-2.40
10609,3/25/2024 9:44:46 AM,-2.30
10609,3/25/2024 9:45:00 AM,-2.40
10609,3/25/2024 9:45:03 AM,-2.50
10609,3/25/2024 9:45:05 AM,-2.40
10609,3/25/2024 9:45:10 AM,-2.50
10609,3/25/2024 9:45:34 AM,-2.40
10609,3/25/2024 9:45:40 AM,-2.50
10609,3/25/2024 9:46:14 AM,-2.20
10609,3/25/2024 9:46:39 AM,-2.40
10609,3/25/2024 9:46:56 AM,-2.20
10609,3/25/2024 9:46:58 AM,-2.10
10609,3/25/2024 9:47:07 AM,-2.20
10609,3/25/2024 9:47:09 AM,-2.30
10609,3/25/2024 9:47:28 AM,-2.00
10609,3/25/2024 9:47:34 AM,-2.20
10609,3/25/2024 9:47:42 AM,-2.10
10609,3/25/2024 9:47:57 AM,-2.30
10609,3/25/2024 9:48:01 AM,-2.20
10609,3/25/2024 9:48:08 AM,-2.30
10609,3/25/2024 9:48:15 AM,-2.20
10609,3/25/2024 9:48:35 AM,-2.60
10609,3/25/2024 9:48:38 AM,-2.50
10609,3/25/2024 9:49:04 AM,-2.40
10609,3/25/2024 9:49:06 AM,-2.30
10609,3/25/2024 9:49:40 AM,-2.10
10609,3/25/2024 9:49:46 AM,-1.90
10609,3/25/2024 9:50:06 AM,-2.20
10609,3/25/2024 9:50:19 AM,-2.10
10609,3/25/2024 9:50:32 AM,-1.90
10609,3/25/2024 9:50:36 AM,-2.00
10609,3/25/2024 9:50:40 AM,-1.90
10609,3/25/2024 9:50:48 AM,-2.00
10609,3/25/2024 9:51:03 AM,-1.90
10609,3/25/2024 9:51:09 AM,-2.10
10609,3/25/2024 9:51:20 AM,-1.90
10609,3/25/2024 9:51:36 AM,-2.30
10609,3/25/2024 9:51:43 AM,-2.10
10609,3/25/2024 9:51:49 AM,-2.20
10609,3/25/2024 9:51:53 AM,-2.10
10609,3/25/2024 9:51:58 AM,-2.20
10609,3/25/2024 9:52:14 AM,-2.00
10609,3/25/2024 9:52:29 AM,-2.40
10609,3/25/2024 9:52:52 AM,-2.20
10609,3/25/2024 9:52:57 AM,-2.30
10609,3/25/2024 9:53:03 AM,-2.20
10609,3/25/2024 9:53:13 AM,-2.40
10609,3/25/2024 9:53:37 AM,-2.10
10609,3/25/2024 9:54:03 AM,-2.40
10609,3/25/2024 9:54:23 AM,-2.00
10609,3/25/2024 9:54:32 AM,-1.90
10609,3/25/2024 9:54:36 AM,-2.00
10609,3/25/2024 9:54:39 AM,-1.90
10609,3/25/2024 9:55:01 AM,-2.20
10609,3/25/2024 9:55:10 AM,-2.10
10609,3/25/2024 9:55:16 AM,-2.20
10609,3/25/2024 9:55:23 AM,-2.00
10609,3/25/2024 9:55:31 AM,-1.90
10609,3/25/2024 9:55:34 AM,-2.00
10609,3/25/2024 9:55:44 AM,-1.90
10609,3/25/2024 9:55:49 AM,-2.10
10609,3/25/2024 9:55:57 AM,-2.20
10609,3/25/2024 9:56:25 AM,-2.30
10609,3/25/2024 9:56:34 AM,-2.10
10609,3/25/2024 9:56:37 AM,-2.20
10609,3/25/2024 9:56:45 AM,-2.10
10609,3/25/2024 9:56:49 AM,-2.20
10609,3/25/2024 9:56:52 AM,-2.10
10609,3/25/2024 9:57:45 AM,-2.50
10609,3/25/2024 9:58:11 AM,-2.20
10609,3/25/2024 9:58:13 AM,-2.10
10609,3/25/2024 9:58:19 AM,-2.20
10609,3/25/2024 9:59:01 AM,-2.40
10609,3/25/2024 9:59:10 AM,-2.20
10609,3/25/2024 9:59:14 AM,-2.30
10609,3/25/2024 9:59:18 AM,-2.20
10609,3/25/2024 9:59:24 AM,-2.40
10609,3/25/2024 9:59:33 AM,-2.00
10609,3/25/2024 9:59:51 AM,-1.80
10609,3/25/2024 9:59:54 AM,-2.00
10609,3/25/2024 10:00:00 AM,-2.10
10609,3/25/2024 10:00:05 AM,-2.00
10609,3/25/2024 10:00:07 AM,-2.10
10609,3/25/2024 10:00:16 AM,-1.90
10609,3/25/2024 10:00:23 AM,-2.20
10609,3/25/2024 10:00:52 AM,-2.10
10609,3/25/2024 10:00:55 AM,-2.00
10609,3/25/2024 10:01:12 AM,-2.30
10609,3/25/2024 10:01:14 AM,-2.00
10609,3/25/2024 10:01:17 AM,-1.90
10609,3/25/2024 10:01:20 AM,-1.60
10609,3/25/2024 10:01:25 AM,-1.50
10609,3/25/2024 10:01:27 AM,-1.30
10609,3/25/2024 10:01:31 AM,-1.10
10609,3/25/2024 10:01:35 AM,-1.20
10609,3/25/2024 10:01:38 AM,-1.50
10609,3/25/2024 10:01:44 AM,-1.80
10609,3/25/2024 10:01:54 AM,-1.70
10609,3/25/2024 10:02:02 AM,-2.00
10609,3/25/2024 10:02:11 AM,-1.80
10609,3/25/2024 10:02:24 AM,-2.00
10609,3/25/2024 10:02:40 AM,-1.80
10609,3/25/2024 10:02:54 AM,-2.20
10609,3/25/2024 10:02:57 AM,-2.10
10609,3/25/2024 10:03:05 AM,-2.20
10609,3/25/2024 10:03:08 AM,-2.10
10609,3/25/2024 10:03:35 AM,-1.80
10609,3/25/2024 10:03:41 AM,-1.90
10609,3/25/2024 10:03:48 AM,-2.20
10609,3/25/2024 10:04:21 AM,-2.50
10609,3/25/2024 10:04:25 AM,-2.70
10609,3/25/2024 10:04:37 AM,-3.00
10609,3/25/2024 10:04:40 AM,-2.70
10609,3/25/2024 10:04:43 AM,-2.60
10609,3/25/2024 10:04:53 AM,-1.90
10609,3/25/2024 10:05:01 AM,-1.70
10609,3/25/2024 10:05:12 AM,-1.80
10609,3/25/2024 10:05:22 AM,-1.70
10609,3/25/2024 10:05:26 AM,-1.80
10609,3/25/2024 10:05:29 AM,-1.60
10609,3/25/2024 10:05:46 AM,-2.00
10609,3/25/2024 10:05:57 AM,-1.90
10609,3/25/2024 10:06:09 AM,-0.10
10609,3/25/2024 10:06:13 AM,-2.00
10609,3/25/2024 10:06:16 AM,-1.80
10609,3/25/2024 10:06:31 AM,-2.20
10609,3/25/2024 10:06:51 AM,-1.90
10609,3/25/2024 10:06:58 AM,-2.00
10609,3/25/2024 10:07:02 AM,-1.90
10609,3/25/2024 10:07:20 AM,-2.20
10609,3/25/2024 10:07:27 AM,-2.40
10609,3/25/2024 10:07:47 AM,-2.10
10609,3/25/2024 10:07:53 AM,-2.30
10609,3/25/2024 10:07:57 AM,-2.20
10609,3/25/2024 10:08:04 AM,-2.50
10609,3/25/2024 10:08:08 AM,-2.90
10609,3/25/2024 10:08:13 AM,-3.20
10609,3/25/2024 10:08:19 AM,-3.40
10609,3/25/2024 10:08:24 AM,-3.30
10609,3/25/2024 10:08:27 AM,-3.40
10609,3/25/2024 10:08:29 AM,-3.20
10609,3/25/2024 10:08:53 AM,-2.70
10609,3/25/2024 10:09:06 AM,-2.50
10609,3/25/2024 10:09:11 AM,-2.60
10609,3/25/2024 10:09:14 AM,-2.40
10609,3/25/2024 10:09:22 AM,-2.60
10609,3/25/2024 10:09:44 AM,-2.10
10609,3/25/2024 10:09:47 AM,-2.00
10609,3/25/2024 10:09:57 AM,-2.20
10609,3/25/2024 10:10:05 AM,-2.00
10609,3/25/2024 10:10:09 AM,-2.10
10609,3/25/2024 10:10:12 AM,-2.00
10609,3/25/2024 10:10:35 AM,-2.10
10609,3/25/2024 10:10:42 AM,-2.20
10609,3/25/2024 10:11:03 AM,-2.00
10609,3/25/2024 10:11:16 AM,-2.30
10609,3/25/2024 10:11:23 AM,-2.20
10609,3/25/2024 10:12:11 AM,-2.80
10609,3/25/2024 10:12:21 AM,-2.50
10609,3/25/2024 10:12:28 AM,-2.10
10609,3/25/2024 10:12:43 AM,-1.60
10609,3/25/2024 10:12:46 AM,-1.70
10609,3/25/2024 10:12:55 AM,-1.80
10609,3/25/2024 10:13:02 AM,-2.00
10609,3/25/2024 10:13:06 AM,-2.30
10609,3/25/2024 10:13:17 AM,-2.20
10609,3/25/2024 10:13:27 AM,-1.70
10609,3/25/2024 10:13:32 AM,-1.60
10609,3/25/2024 10:14:00 AM,-2.10
10609,3/25/2024 10:14:15 AM,-2.50
10609,3/25/2024 10:14:22 AM,-2.40
10609,3/25/2024 10:14:25 AM,-2.20
10609,3/25/2024 10:14:44 AM,-2.40
10609,3/25/2024 10:14:47 AM,-2.60
10609,3/25/2024 10:14:58 AM,-2.70
10609,3/25/2024 10:15:01 AM,-2.80
10609,3/25/2024 10:15:12 AM,-2.90
10609,3/25/2024 10:15:24 AM,-2.80
10609,3/25/2024 10:15:27 AM,-2.90
10609,3/25/2024 10:15:30 AM,-2.70
10609,3/25/2024 10:15:47 AM,-2.50
10609,3/25/2024 10:15:51 AM,-2.70
10609,3/25/2024 10:15:57 AM,-2.60
10609,3/25/2024 10:16:05 AM,-2.30
10609,3/25/2024 10:16:12 AM,-2.20
10609,3/25/2024 10:16:18 AM,-2.30
10609,3/25/2024 10:16:22 AM,-2.20
10609,3/25/2024 10:16:29 AM,-2.30
10609,3/25/2024 10:16:40 AM,-1.90
10609,3/25/2024 10:16:54 AM,-2.00
10609,3/25/2024 10:16:57 AM,-2.10
10609,3/25/2024 10:17:03 AM,-1.80
10609,3/25/2024 10:17:07 AM,-2.10
10609,3/25/2024 10:17:13 AM,-2.20
10609,3/25/2024 10:17:17 AM,-2.10
10609,3/25/2024 10:17:20 AM,-1.90
10609,3/25/2024 10:17:24 AM,-2.00
10609,3/25/2024 10:17:27 AM,-2.20
10609,3/25/2024 10:17:32 AM,-2.40
10609,3/25/2024 10:17:36 AM,-2.20
10609,3/25/2024 10:17:43 AM,-2.40
10609,3/25/2024 10:17:57 AM,-1.90
10609,3/25/2024 10:18:03 AM,-2.10
10609,3/25/2024 10:18:09 AM,-2.20
10609,3/25/2024 10:18:13 AM,-2.50
10609,3/25/2024 10:18:24 AM,-2.40
10609,3/25/2024 10:18:27 AM,-2.20
10609,3/25/2024 10:18:32 AM,-2.10
10609,3/25/2024 10:18:47 AM,-2.40
10609,3/25/2024 10:18:58 AM,-2.30
10609,3/25/2024 10:19:14 AM,-2.40
10609,3/25/2024 10:19:23 AM,-2.10
10609,3/25/2024 10:19:29 AM,-2.40
10609,3/25/2024 10:19:38 AM,-2.20
10609,3/25/2024 10:19:56 AM,-2.40
10609,3/25/2024 10:19:58 AM,-2.30
10609,3/25/2024 10:20:10 AM,-2.40
10609,3/25/2024 10:20:13 AM,-2.50
10609,3/25/2024 10:20:18 AM,-2.20
10609,3/25/2024 10:20:28 AM,-2.30
10609,3/25/2024 10:20:40 AM,-2.20
10609,3/25/2024 10:21:06 AM,-2.70
10609,3/25/2024 10:21:13 AM,-2.40
10609,3/25/2024 10:21:24 AM,-2.30
10609,3/25/2024 10:21:36 AM,-2.50
10609,3/25/2024 10:21:40 AM,-2.70
10609,3/25/2024 10:21:44 AM,-2.80
10609,3/25/2024 10:21:48 AM,-2.70
10609,3/25/2024 10:21:50 AM,-2.80
10609,3/25/2024 10:22:00 AM,-2.60
10609,3/25/2024 10:22:08 AM,-2.80
10609,3/25/2024 10:22:25 AM,-3.00
10609,3/25/2024 10:22:35 AM,-2.80
10609,3/25/2024 10:22:39 AM,-2.60
10609,3/25/2024 10:22:45 AM,-2.20
10609,3/25/2024 10:22:49 AM,-2.00
10609,3/25/2024 10:22:56 AM,-1.90
10609,3/25/2024 10:23:10 AM,-2.20
10609,3/25/2024 10:23:14 AM,-2.40
10609,3/25/2024 10:23:25 AM,-2.50
10609,3/25/2024 10:23:36 AM,-2.70
10609,3/25/2024 10:23:46 AM,-2.60
10609,3/25/2024 10:23:49 AM,-2.40
10609,3/25/2024 10:23:55 AM,-2.50
10609,3/25/2024 10:23:57 AM,-2.60
10609,3/25/2024 10:24:04 AM,-2.50
10609,3/25/2024 10:24:18 AM,-2.70
10609,3/25/2024 10:24:20 AM,-2.80
10609,3/25/2024 10:24:33 AM,-2.70
10609,3/25/2024 10:24:45 AM,-2.80
10609,3/25/2024 10:24:51 AM,-2.70
10609,3/25/2024 10:24:56 AM,-2.90
10609,3/25/2024 10:24:58 AM,-2.70
10609,3/25/2024 10:25:01 AM,-2.60
10609,3/25/2024 10:25:05 AM,-2.30
10609,3/25/2024 10:25:08 AM,-2.20
10609,3/25/2024 10:25:12 AM,-2.40
10609,3/25/2024 10:25:18 AM,-2.00
10609,3/25/2024 10:25:20 AM,-2.20
10609,3/25/2024 10:25:29 AM,-2.50
10609,3/25/2024 10:25:50 AM,-2.10
10609,3/25/2024 10:25:57 AM,-2.40
10609,3/25/2024 10:26:00 AM,-2.60
10609,3/25/2024 10:26:03 AM,-2.50
10609,3/25/2024 10:26:11 AM,-3.00
10609,3/25/2024 10:26:14 AM,-3.10
10609,3/25/2024 10:26:21 AM,-3.00
10609,3/25/2024 10:26:42 AM,-3.20
10609,3/25/2024 10:26:44 AM,-3.10
10609,3/25/2024 10:26:47 AM,-3.20
10609,3/25/2024 10:26:57 AM,-3.30
10609,3/25/2024 10:27:00 AM,-3.20
10609,3/25/2024 10:27:13 AM,-3.10
10609,3/25/2024 10:27:27 AM,-3.20
10609,3/25/2024 10:27:46 AM,-3.00
10609,3/25/2024 10:28:05 AM,-2.90
10609,3/25/2024 10:28:08 AM,-2.80
10609,3/25/2024 10:28:37 AM,-2.70
10609,3/25/2024 10:28:44 AM,-2.90
10609,3/25/2024 10:29:00 AM,-2.70
10609,3/25/2024 10:29:11 AM,-2.90
10609,3/25/2024 10:29:15 AM,-2.80
10609,3/25/2024 10:29:27 AM,-3.30
10609,3/25/2024 10:29:34 AM,-3.00
10609,3/25/2024 10:29:48 AM,-2.90
10609,3/25/2024 10:29:54 AM,-3.00
10609,3/25/2024 10:29:59 AM,-2.80
10609,3/25/2024 10:30:28 AM,-3.20
10609,3/25/2024 10:30:31 AM,-3.10
10609,3/25/2024 10:31:06 AM,-3.60
10609,3/25/2024 10:31:20 AM,-3.40
10609,3/25/2024 10:31:30 AM,-3.60
10609,3/25/2024 10:31:46 AM,-3.40
10609,3/25/2024 10:32:03 AM,-3.60
10609,3/25/2024 10:32:31 AM,-3.10
10609,3/25/2024 10:32:46 AM,-3.20
10609,3/25/2024 10:32:54 AM,-3.00
10609,3/25/2024 10:33:08 AM,-3.30
10609,3/25/2024 10:33:23 AM,-2.80
10609,3/25/2024 10:33:34 AM,-2.70
10609,3/25/2024 10:33:38 AM,-2.90
10609,3/25/2024 10:33:53 AM,-3.10
10609,3/25/2024 10:34:08 AM,-3.20
10609,3/25/2024 10:34:20 AM,-3.40
10609,3/25/2024 10:34:34 AM,-3.30
10609,3/25/2024 10:34:38 AM,-3.20
10609,3/25/2024 10:34:41 AM,-3.00
10609,3/25/2024 10:34:45 AM,-3.10
10609,3/25/2024 10:34:51 AM,-3.00
10609,3/25/2024 10:35:06 AM,-3.30
10609,3/25/2024 10:35:13 AM,-3.40
10609,3/25/2024 10:35:33 AM,-3.20
10609,3/25/2024 10:35:36 AM,-3.30
10609,3/25/2024 10:35:50 AM,-3.40
10609,3/25/2024 10:35:56 AM,-3.20
10609,3/25/2024 10:36:04 AM,-3.10
10609,3/25/2024 10:36:09 AM,-2.60
10609,3/25/2024 10:36:17 AM,-2.90
10609,3/25/2024 10:36:24 AM,-4.00
10609,3/25/2024 10:36:26 AM,-4.20
10609,3/25/2024 10:36:38 AM,-4.40
10609,3/25/2024 10:36:42 AM,-4.20
10609,3/25/2024 10:36:45 AM,-3.90
10609,3/25/2024 10:36:50 AM,-3.60
10609,3/25/2024 10:36:52 AM,-3.40
10609,3/25/2024 10:37:01 AM,-3.10
10609,3/25/2024 10:37:05 AM,-3.20
10609,3/25/2024 10:37:20 AM,-2.90
10609,3/25/2024 10:37:44 AM,-2.60
10609,3/25/2024 10:37:47 AM,-2.30
10609,3/25/2024 10:37:50 AM,-2.40
10609,3/25/2024 10:37:57 AM,-2.20
10609,3/25/2024 10:38:31 AM,-3.00
10609,3/25/2024 10:38:34 AM,-2.90
10609,3/25/2024 10:38:41 AM,-3.20
10609,3/25/2024 10:38:44 AM,-3.10
10609,3/25/2024 10:38:56 AM,-3.20
10609,3/25/2024 10:39:09 AM,-3.10
10609,3/25/2024 10:39:25 AM,-3.20
10609,3/25/2024 10:39:28 AM,-3.10
10609,3/25/2024 10:39:36 AM,-3.30
10609,3/25/2024 10:40:37 AM,-3.00
10609,3/25/2024 10:40:57 AM,-2.80
10609,3/25/2024 10:41:10 AM,-2.50
10609,3/25/2024 10:41:15 AM,-2.60
10609,3/25/2024 10:41:28 AM,-2.40
10609,3/25/2024 10:41:32 AM,-2.60
10609,3/25/2024 10:41:34 AM,-2.50
10609,3/25/2024 10:41:42 AM,-2.70
10609,3/25/2024 10:41:52 AM,-2.40
10609,3/25/2024 10:42:03 AM,-2.60
10609,3/25/2024 10:42:06 AM,-2.50
10609,3/25/2024 10:42:21 AM,-2.30
10609,3/25/2024 10:42:32 AM,-2.50
10609,3/25/2024 10:42:34 AM,-2.60
10609,3/25/2024 10:42:39 AM,-2.50
10609,3/25/2024 10:42:46 AM,-2.70
10609,3/25/2024 10:42:53 AM,-2.60
10609,3/25/2024 10:43:03 AM,-2.80
10609,3/25/2024 10:43:13 AM,-2.60
10609,3/25/2024 10:43:22 AM,-2.70
10609,3/25/2024 10:43:33 AM,-2.60
10609,3/25/2024 10:43:35 AM,-2.50
10609,3/25/2024 10:43:42 AM,-2.70
10609,3/25/2024 10:44:05 AM,-2.80
10609,3/25/2024 10:44:09 AM,-2.70
10609,3/25/2024 10:44:13 AM,-2.80
10609,3/25/2024 10:44:29 AM,-2.60
10609,3/25/2024 10:44:45 AM,-2.50
10609,3/25/2024 10:44:48 AM,-2.70
10609,3/25/2024 10:44:54 AM,-2.80
10609,3/25/2024 10:44:56 AM,-3.70
10609,3/25/2024 10:44:59 AM,-2.70
10609,3/25/2024 10:45:30 AM,-2.40
10609,3/25/2024 10:45:40 AM,-2.20
10609,3/25/2024 10:45:51 AM,-2.10
10609,3/25/2024 10:46:08 AM,-2.30
10609,3/25/2024 10:46:11 AM,-2.40
10609,3/25/2024 10:46:31 AM,-2.50
10609,3/25/2024 10:46:48 AM,-2.40
10609,3/25/2024 10:46:55 AM,-2.50
10609,3/25/2024 10:46:57 AM,-2.40
10609,3/25/2024 10:47:19 AM,-2.60
10609,3/25/2024 10:47:40 AM,-2.30
10609,3/25/2024 10:47:51 AM,-2.10
10609,3/25/2024 10:48:01 AM,-2.20
10609,3/25/2024 10:48:15 AM,-2.10
10609,3/25/2024 10:48:26 AM,-2.40
10609,3/25/2024 10:48:45 AM,-2.10
10609,3/25/2024 10:48:49 AM,-2.20
10609,3/25/2024 10:49:09 AM,-2.10
10609,3/25/2024 10:49:13 AM,-2.20
10609,3/25/2024 10:49:16 AM,-2.10
10609,3/25/2024 10:49:23 AM,-2.30
10609,3/25/2024 10:49:31 AM,-2.10
10609,3/25/2024 10:49:45 AM,-2.20
10609,3/25/2024 10:49:48 AM,-2.30
10609,3/25/2024 10:49:52 AM,-2.20
10609,3/25/2024 10:50:07 AM,-2.10
10609,3/25/2024 10:50:15 AM,-1.90
10609,3/25/2024 10:50:26 AM,-2.10
10609,3/25/2024 10:50:28 AM,-2.20
10609,3/25/2024 10:50:38 AM,-2.10
10609,3/25/2024 10:50:48 AM,-2.30
10609,3/25/2024 10:51:01 AM,-2.00
10609,3/25/2024 10:51:04 AM,-2.20
10609,3/25/2024 10:51:07 AM,-2.30
10609,3/25/2024 10:51:25 AM,-2.10
10609,3/25/2024 10:51:38 AM,-2.30
10609,3/25/2024 10:51:49 AM,-2.10
10609,3/25/2024 10:52:00 AM,-2.20
10609,3/25/2024 10:52:06 AM,-2.10
10609,3/25/2024 10:52:11 AM,-2.20
10609,3/25/2024 10:52:15 AM,-2.00
10609,3/25/2024 10:52:21 AM,-2.10
10609,3/25/2024 10:52:39 AM,-2.20
10609,3/25/2024 10:52:43 AM,-2.40
10609,3/25/2024 10:52:51 AM,-2.30
10609,3/25/2024 10:53:29 AM,-2.20
10609,3/25/2024 10:53:43 AM,-2.40
10609,3/25/2024 10:54:14 AM,-2.20
10609,3/25/2024 10:54:17 AM,-2.10
10609,3/25/2024 10:54:21 AM,-2.20
10609,3/25/2024 10:54:37 AM,-2.30
10609,3/25/2024 10:54:48 AM,-2.00
10609,3/25/2024 10:54:56 AM,-2.20
10609,3/25/2024 10:55:17 AM,-2.10
10609,3/25/2024 10:55:20 AM,-2.20
10609,3/25/2024 10:55:27 AM,-2.10
10609,3/25/2024 10:55:48 AM,-2.20
10609,3/25/2024 10:55:51 AM,-1.80
10609,3/25/2024 10:55:56 AM,-2.30
10609,3/25/2024 10:56:03 AM,-2.20
10609,3/25/2024 10:56:14 AM,-2.40
10609,3/25/2024 10:56:30 AM,-2.20
10609,3/25/2024 10:56:48 AM,-2.60
10609,3/25/2024 10:56:50 AM,-2.50
10609,3/25/2024 10:57:37 AM,-2.20
10609,3/25/2024 10:57:44 AM,-2.40
10609,3/25/2024 10:57:51 AM,-2.30
10609,3/25/2024 10:57:54 AM,-2.40
10609,3/25/2024 10:58:21 AM,-2.10
10609,3/25/2024 10:58:44 AM,-2.20
10609,3/25/2024 10:59:19 AM,-2.00
10609,3/25/2024 10:59:24 AM,-2.10
10609,3/25/2024 10:59:41 AM,-1.90
10609,3/25/2024 10:59:44 AM,-1.80
10609,3/25/2024 10:59:50 AM,-2.00
10609,3/25/2024 10:59:57 AM,-1.90
10609,3/25/2024 11:00:00 AM,-1.90
10609,3/25/2024 11:00:13 AM,-2.10
10609,3/25/2024 11:00:29 AM,-2.20
10609,3/25/2024 11:00:32 AM,-2.30
10609,3/25/2024 11:00:34 AM,-2.50
10609,3/25/2024 11:00:41 AM,-2.70
10609,3/25/2024 11:00:44 AM,-2.60
10609,3/25/2024 11:00:49 AM,-2.00
10609,3/25/2024 11:00:51 AM,-2.30
10609,3/25/2024 11:01:00 AM,-2.20
10609,3/25/2024 11:01:12 AM,-2.40
10609,3/25/2024 11:01:33 AM,-2.30
10609,3/25/2024 11:01:40 AM,-2.10
10609,3/25/2024 11:01:48 AM,-2.00
10609,3/25/2024 11:01:50 AM,-2.10
10609,3/25/2024 11:02:11 AM,-2.30
10609,3/25/2024 11:02:18 AM,-2.40
10609,3/25/2024 11:02:35 AM,-2.10
10609,3/25/2024 11:02:39 AM,-2.20
10609,3/25/2024 11:02:42 AM,-2.10
10609,3/25/2024 11:02:45 AM,-2.20
10609,3/25/2024 11:02:51 AM,-2.00
10609,3/25/2024 11:02:53 AM,-2.10
10609,3/25/2024 11:03:05 AM,-2.20
10609,3/25/2024 11:03:08 AM,-2.30
10609,3/25/2024 11:03:14 AM,-2.00
10609,3/25/2024 11:03:25 AM,-1.90
10609,3/25/2024 11:03:30 AM,-1.60
10609,3/25/2024 11:03:49 AM,-1.90
10609,3/25/2024 11:03:52 AM,-2.10
10609,3/25/2024 11:04:04 AM,-2.40
10609,3/25/2024 11:04:11 AM,-2.20
10609,3/25/2024 11:04:14 AM,-2.30
10609,3/25/2024 11:04:43 AM,-2.20
10609,3/25/2024 11:04:47 AM,-2.10
10609,3/25/2024 11:05:02 AM,-2.30
10609,3/25/2024 11:05:05 AM,-2.20
10609,3/25/2024 11:05:11 AM,-2.70
10609,3/25/2024 11:05:13 AM,-2.80
10609,3/25/2024 11:05:18 AM,-2.30
10609,3/25/2024 11:05:34 AM,-2.00
10609,3/25/2024 11:05:43 AM,-2.20
10609,3/25/2024 11:05:47 AM,-1.80
10609,3/25/2024 11:05:56 AM,-2.20
10609,3/25/2024 11:06:39 AM,-2.40
10609,3/25/2024 11:07:04 AM,-2.10
10609,3/25/2024 11:07:08 AM,-2.00
10609,3/25/2024 11:07:14 AM,-2.10
10609,3/25/2024 11:07:18 AM,-2.00
10609,3/25/2024 11:07:52 AM,-2.20
10609,3/25/2024 11:08:10 AM,-2.70
10609,3/25/2024 11:08:14 AM,-2.40
10609,3/25/2024 11:08:32 AM,-2.20
10609,3/25/2024 11:08:35 AM,-2.40
10609,3/25/2024 11:08:47 AM,-2.60
10609,3/25/2024 11:08:53 AM,-2.50
10609,3/25/2024 11:09:05 AM,-2.70
10609,3/25/2024 11:09:08 AM,-2.60
10609,3/25/2024 11:09:13 AM,-2.20
10609,3/25/2024 11:09:18 AM,-2.40
10609,3/25/2024 11:09:24 AM,-2.20
10609,3/25/2024 11:09:51 AM,-2.10
10609,3/25/2024 11:09:54 AM,-2.30
10609,3/25/2024 11:10:05 AM,-2.40
10609,3/25/2024 11:10:09 AM,-2.30
10609,3/25/2024 11:10:12 AM,-2.40
10609,3/25/2024 11:10:21 AM,-2.20
10609,3/25/2024 11:10:24 AM,-2.30
10609,3/25/2024 11:10:29 AM,-2.20
10609,3/25/2024 11:10:35 AM,-2.40
10609,3/25/2024 11:10:42 AM,-2.20
10609,3/25/2024 11:10:45 AM,-2.00
10609,3/25/2024 11:10:48 AM,-2.10
10609,3/25/2024 11:11:05 AM,-1.80
10609,3/25/2024 11:11:07 AM,-1.70
10609,3/25/2024 11:11:11 AM,-1.80
10609,3/25/2024 11:11:14 AM,-2.10
10609,3/25/2024 11:11:26 AM,-2.30
10609,3/25/2024 11:11:34 AM,-2.20
10609,3/25/2024 11:11:46 AM,-2.30
10609,3/25/2024 11:11:55 AM,-2.50
10609,3/25/2024 11:12:01 AM,-2.30
10609,3/25/2024 11:12:08 AM,-2.40
10609,3/25/2024 11:12:11 AM,-2.30
10609,3/25/2024 11:12:21 AM,-2.40
10609,3/25/2024 11:12:38 AM,-2.00
10609,3/25/2024 11:12:47 AM,-2.10
10609,3/25/2024 11:12:54 AM,-1.90
10609,3/25/2024 11:13:07 AM,-1.70
10609,3/25/2024 11:13:16 AM,-1.80
10609,3/25/2024 11:13:19 AM,-1.60
10609,3/25/2024 11:13:24 AM,-1.80
10609,3/25/2024 11:13:30 AM,-1.60
10609,3/25/2024 11:13:47 AM,-2.20
10609,3/25/2024 11:13:52 AM,-2.30
10609,3/25/2024 11:13:55 AM,-2.20
10609,3/25/2024 11:14:06 AM,-2.30
10609,3/25/2024 11:14:09 AM,-2.20
10609,3/25/2024 11:14:16 AM,-2.30
10609,3/25/2024 11:14:24 AM,-2.10
10609,3/25/2024 11:14:31 AM,-2.20
10609,3/25/2024 11:14:34 AM,-2.10
10609,3/25/2024 11:14:38 AM,-2.20
10609,3/25/2024 11:14:47 AM,-2.00
10609,3/25/2024 11:14:58 AM,-2.10
10609,3/25/2024 11:15:12 AM,-1.90
10609,3/25/2024 11:15:25 AM,-2.00
10609,3/25/2024 11:15:38 AM,-2.20
10609,3/25/2024 11:16:03 AM,-1.90
10609,3/25/2024 11:16:06 AM,-1.80
10609,3/25/2024 11:16:17 AM,-2.00
10609,3/25/2024 11:16:20 AM,-2.10
10609,3/25/2024 11:17:05 AM,-2.30
10609,3/25/2024 11:17:11 AM,-2.00
10609,3/25/2024 11:17:17 AM,-1.80
10609,3/25/2024 11:17:20 AM,-2.00
10609,3/25/2024 11:17:30 AM,-1.90
10609,3/25/2024 11:17:34 AM,-2.10
10609,3/25/2024 11:17:42 AM,-1.80
10609,3/25/2024 11:17:45 AM,-1.60
10609,3/25/2024 11:17:56 AM,-1.90
10609,3/25/2024 11:17:59 AM,-2.10
10609,3/25/2024 11:18:05 AM,-1.80
10609,3/25/2024 11:18:08 AM,-1.90
10609,3/25/2024 11:18:11 AM,-2.30
10609,3/25/2024 11:18:22 AM,-2.10
10609,3/25/2024 11:18:26 AM,-2.20
10609,3/25/2024 11:18:30 AM,-2.50
10609,3/25/2024 11:18:42 AM,-2.30
10609,3/25/2024 11:19:02 AM,-2.40
10609,3/25/2024 11:19:53 AM,-2.00
10609,3/25/2024 11:20:00 AM,-2.20
10609,3/25/2024 11:20:04 AM,-2.10
10609,3/25/2024 11:20:11 AM,-2.20
10609,3/25/2024 11:20:20 AM,-2.10
10609,3/25/2024 11:20:28 AM,-1.60
10609,3/25/2024 11:20:38 AM,-2.10
10609,3/25/2024 11:20:40 AM,-2.30
10609,3/25/2024 11:20:44 AM,-2.20
10609,3/25/2024 11:20:49 AM,-2.30
10609,3/25/2024 11:21:05 AM,-2.40
10609,3/25/2024 11:21:12 AM,-2.10
10609,3/25/2024 11:21:19 AM,-1.90
10609,3/25/2024 11:21:23 AM,-2.00
10609,3/25/2024 11:21:29 AM,-1.80
10609,3/25/2024 11:21:42 AM,-2.00
10609,3/25/2024 11:21:48 AM,-1.90
10609,3/25/2024 11:21:55 AM,-2.10
10609,3/25/2024 11:22:34 AM,-1.80
10609,3/25/2024 11:23:02 AM,-2.10
10609,3/25/2024 11:23:23 AM,-1.90
10609,3/25/2024 11:23:29 AM,-2.20
10609,3/25/2024 11:23:33 AM,-2.60
10609,3/25/2024 11:23:36 AM,-2.30
10609,3/25/2024 11:23:46 AM,-2.40
10609,3/25/2024 11:23:58 AM,-2.00
10609,3/25/2024 11:24:00 AM,-2.40
10609,3/25/2024 11:24:14 AM,-2.00
10609,3/25/2024 11:24:19 AM,-2.20
10609,3/25/2024 11:24:29 AM,-2.10
10609,3/25/2024 11:24:37 AM,-2.20
10609,3/25/2024 11:24:41 AM,-2.10
10609,3/25/2024 11:25:07 AM,-2.00
10609,3/25/2024 11:25:16 AM,-2.10
10609,3/25/2024 11:25:26 AM,-2.00
10609,3/25/2024 11:25:29 AM,-1.80
10609,3/25/2024 11:25:42 AM,-1.70
10609,3/25/2024 11:25:46 AM,-1.80
10609,3/25/2024 11:25:49 AM,-1.70
10609,3/25/2024 11:26:03 AM,-2.00
10609,3/25/2024 11:26:06 AM,-2.10
10609,3/25/2024 11:26:19 AM,-2.00
10609,3/25/2024 11:26:38 AM,-2.20
10609,3/25/2024 11:26:54 AM,-2.10
10609,3/25/2024 11:26:57 AM,-2.00
10609,3/25/2024 11:27:00 AM,-2.10
10609,3/25/2024 11:27:06 AM,-1.90
10609,3/25/2024 11:27:10 AM,-2.00
10609,3/25/2024 11:27:13 AM,-1.90
10609,3/25/2024 11:27:24 AM,-2.20
10609,3/25/2024 11:27:28 AM,-2.40
10609,3/25/2024 11:27:38 AM,-2.60
10609,3/25/2024 11:27:43 AM,-2.50
10609,3/25/2024 11:28:10 AM,-2.40
10609,3/25/2024 11:28:13 AM,-2.30
10609,3/25/2024 11:28:24 AM,-2.20
10609,3/25/2024 11:28:31 AM,-2.30
10609,3/25/2024 11:28:34 AM,-2.20
10609,3/25/2024 11:28:46 AM,-2.30
10609,3/25/2024 11:29:09 AM,-2.00
10609,3/25/2024 11:29:31 AM,-2.50
10609,3/25/2024 11:29:38 AM,-2.40
10609,3/25/2024 11:30:02 AM,-2.60
10609,3/25/2024 11:30:05 AM,-2.40
10609,3/25/2024 11:30:23 AM,-2.30
10609,3/25/2024 11:30:41 AM,-2.40
10609,3/25/2024 11:30:46 AM,-2.30
10609,3/25/2024 11:31:09 AM,-2.20
10609,3/25/2024 11:31:13 AM,-2.30
10609,3/25/2024 11:31:57 AM,-2.10
10609,3/25/2024 11:32:03 AM,-2.00
10609,3/25/2024 11:32:11 AM,-2.10
10609,3/25/2024 11:32:14 AM,-1.90
10609,3/25/2024 11:32:34 AM,-2.30
10609,3/25/2024 11:32:37 AM,-2.70
10609,3/25/2024 11:32:41 AM,-2.40
10609,3/25/2024 11:32:46 AM,-2.50
10609,3/25/2024 11:33:03 AM,-2.40
10609,3/25/2024 11:33:05 AM,-2.20
10609,3/25/2024 11:33:08 AM,-2.10
10609,3/25/2024 11:33:28 AM,-2.60
10609,3/25/2024 11:33:36 AM,-2.30
10609,3/25/2024 11:33:43 AM,-2.10
10609,3/25/2024 11:33:51 AM,-2.30
10609,3/25/2024 11:34:01 AM,-2.40
10609,3/25/2024 11:34:04 AM,-2.30
10609,3/25/2024 11:34:16 AM,-2.50
10609,3/25/2024 11:34:19 AM,-2.20
10609,3/25/2024 11:34:33 AM,-2.60
10609,3/25/2024 11:34:40 AM,-2.40
10609,3/25/2024 11:34:45 AM,-2.50
10609,3/25/2024 11:35:05 AM,-2.10
10609,3/25/2024 11:35:14 AM,-2.00
10609,3/25/2024 11:35:16 AM,-2.10
10609,3/25/2024 11:35:34 AM,-2.20
10609,3/25/2024 11:35:40 AM,-2.10
10609,3/25/2024 11:35:50 AM,-2.20
10609,3/25/2024 11:35:53 AM,-2.10
10609,3/25/2024 11:36:21 AM,-2.60
10609,3/25/2024 11:36:31 AM,-2.50
10609,3/25/2024 11:36:34 AM,-2.40
10609,3/25/2024 11:36:44 AM,-2.30
10609,3/25/2024 11:36:55 AM,-2.50
10609,3/25/2024 11:37:06 AM,-2.20
10609,3/25/2024 11:37:16 AM,-2.70
10609,3/25/2024 11:37:26 AM,-2.50
10609,3/25/2024 11:37:30 AM,-2.70
10609,3/25/2024 11:37:50 AM,-2.30
10609,3/25/2024 11:38:00 AM,-2.20
10609,3/25/2024 11:38:14 AM,-2.40
10609,3/25/2024 11:38:35 AM,-1.80
10609,3/25/2024 11:38:39 AM,-2.30
10609,3/25/2024 11:38:43 AM,-1.80
10609,3/25/2024 11:38:48 AM,-1.90
10609,3/25/2024 11:38:51 AM,-1.80
10609,3/25/2024 11:39:04 AM,-1.70
10609,3/25/2024 11:39:06 AM,-1.60
10609,3/25/2024 11:39:14 AM,-2.00
10609,3/25/2024 11:39:25 AM,-2.30
10609,3/25/2024 11:39:39 AM,-2.50
10609,3/25/2024 11:39:43 AM,-2.30
10609,3/25/2024 11:39:47 AM,-2.40
10609,3/25/2024 11:40:01 AM,-2.30
10609,3/25/2024 11:40:11 AM,-2.60
10609,3/25/2024 11:40:17 AM,-2.50
10609,3/25/2024 11:40:22 AM,-2.70
10609,3/25/2024 11:40:25 AM,-2.60
10609,3/25/2024 11:40:27 AM,-2.70
10609,3/25/2024 11:40:35 AM,-2.50
10609,3/25/2024 11:40:45 AM,-2.40
10609,3/25/2024 11:40:48 AM,-2.50
10609,3/25/2024 11:40:51 AM,-2.70
10609,3/25/2024 11:40:57 AM,-2.50
10609,3/25/2024 11:41:04 AM,-3.00
10609,3/25/2024 11:41:10 AM,-2.80
10609,3/25/2024 11:41:26 AM,-2.60
10609,3/25/2024 11:41:28 AM,-2.40
10609,3/25/2024 11:41:32 AM,-2.50
10609,3/25/2024 11:41:36 AM,-2.70
10609,3/25/2024 11:41:48 AM,-3.00
10609,3/25/2024 11:41:56 AM,-2.90
10609,3/25/2024 11:41:58 AM,-2.50
10609,3/25/2024 11:42:14 AM,-2.10
10609,3/25/2024 11:42:18 AM,-1.90
10609,3/25/2024 11:42:21 AM,-2.10
10609,3/25/2024 11:42:28 AM,-2.00
10609,3/25/2024 11:42:31 AM,-2.20
10609,3/25/2024 11:42:48 AM,-2.40
10609,3/25/2024 11:42:54 AM,-2.20
10609,3/25/2024 11:43:13 AM,-2.50
10609,3/25/2024 11:43:18 AM,-2.80
10609,3/25/2024 11:43:35 AM,-2.50
10609,3/25/2024 11:43:45 AM,-2.80
10609,3/25/2024 11:43:49 AM,-3.10
10609,3/25/2024 11:43:53 AM,-2.90
10609,3/25/2024 11:43:56 AM,-3.20
10609,3/25/2024 11:43:58 AM,-3.30
10609,3/25/2024 11:44:02 AM,-3.10
10609,3/25/2024 11:44:09 AM,-2.90
10609,3/25/2024 11:44:16 AM,-2.40
10609,3/25/2024 11:44:20 AM,-2.30
10609,3/25/2024 11:44:41 AM,-2.90
10609,3/25/2024 11:44:53 AM,-2.60
10609,3/25/2024 11:45:29 AM,-2.20
10609,3/25/2024 11:45:33 AM,-2.30
10609,3/25/2024 11:45:37 AM,-2.20
10609,3/25/2024 11:45:43 AM,-2.40
10609,3/25/2024 11:45:48 AM,-2.30
10609,3/25/2024 11:46:08 AM,-2.70
10609,3/25/2024 11:46:21 AM,-2.30
10609,3/25/2024 11:46:28 AM,-2.50
10609,3/25/2024 11:46:38 AM,-2.60
10609,3/25/2024 11:46:41 AM,-2.50
10609,3/25/2024 11:46:53 AM,-2.60
10609,3/25/2024 11:47:00 AM,-2.50
10609,3/25/2024 11:47:04 AM,-2.60
10609,3/25/2024 11:47:17 AM,-2.40
10609,3/25/2024 11:47:21 AM,-2.50
10609,3/25/2024 11:47:30 AM,-3.00
10609,3/25/2024 11:47:33 AM,-2.70
10609,3/25/2024 11:47:39 AM,-2.60
10609,3/25/2024 11:47:41 AM,-2.50
10609,3/25/2024 11:47:43 AM,-2.70
10609,3/25/2024 11:47:50 AM,-2.60
10609,3/25/2024 11:48:00 AM,-2.80
10609,3/25/2024 11:48:08 AM,-2.70
10609,3/25/2024 11:48:14 AM,-2.40
10609,3/25/2024 11:48:19 AM,-2.50
10609,3/25/2024 11:48:27 AM,-2.30
10609,3/25/2024 11:48:33 AM,-2.50
10609,3/25/2024 11:48:49 AM,-2.30
10609,3/25/2024 11:48:59 AM,-2.60
10609,3/25/2024 11:49:06 AM,-2.40
10609,3/25/2024 11:49:13 AM,-2.60
10609,3/25/2024 11:49:21 AM,-2.40
10609,3/25/2024 11:49:25 AM,-2.50
10609,3/25/2024 11:49:29 AM,-2.40
10609,3/25/2024 11:49:32 AM,-2.20
10609,3/25/2024 11:49:42 AM,-2.00
10609,3/25/2024 11:49:53 AM,-2.50
10609,3/25/2024 11:49:56 AM,-2.40
10609,3/25/2024 11:49:59 AM,-2.50
10609,3/25/2024 11:50:03 AM,-2.40
10609,3/25/2024 11:50:06 AM,-2.60
10609,3/25/2024 11:50:10 AM,-2.40
10609,3/25/2024 11:50:13 AM,-2.10
10609,3/25/2024 11:50:36 AM,-2.30
10609,3/25/2024 11:50:39 AM,-2.60
10609,3/25/2024 11:50:42 AM,-2.70
10609,3/25/2024 11:50:46 AM,-2.60
10609,3/25/2024 11:50:49 AM,-2.40
10609,3/25/2024 11:50:52 AM,-2.50
10609,3/25/2024 11:50:58 AM,-2.10
10609,3/25/2024 11:51:04 AM,-2.30
10609,3/25/2024 11:51:15 AM,-2.40
10609,3/25/2024 11:51:19 AM,-2.10
10609,3/25/2024 11:51:23 AM,-2.20
10609,3/25/2024 11:51:30 AM,-2.50
10609,3/25/2024 11:51:44 AM,-2.30
10609,3/25/2024 11:51:46 AM,-2.50
10609,3/25/2024 11:51:51 AM,-2.30
10609,3/25/2024 11:52:01 AM,-2.60
10609,3/25/2024 11:52:08 AM,-2.40
10609,3/25/2024 11:52:11 AM,-2.50
10609,3/25/2024 11:52:14 AM,-2.40
10609,3/25/2024 11:52:22 AM,-2.60
10609,3/25/2024 11:52:32 AM,-1.90
10609,3/25/2024 11:52:34 AM,-1.60
10609,3/25/2024 11:52:50 AM,-2.00
10609,3/25/2024 11:53:00 AM,-2.10
10609,3/25/2024 11:53:10 AM,-2.70
10609,3/25/2024 11:53:13 AM,-2.80
10609,3/25/2024 11:53:33 AM,-2.60
10609,3/25/2024 11:53:39 AM,-2.90
10609,3/25/2024 11:53:44 AM,-2.70
10609,3/25/2024 11:53:58 AM,-2.90
10609,3/25/2024 11:54:00 AM,-2.80
10609,3/25/2024 11:54:03 AM,-2.90
10609,3/25/2024 11:54:24 AM,-2.70
10609,3/25/2024 11:54:31 AM,-2.00
10609,3/25/2024 11:54:45 AM,-2.50
10609,3/25/2024 11:54:49 AM,-2.80
10609,3/25/2024 11:55:02 AM,-2.40
10609,3/25/2024 11:55:06 AM,-2.50
10609,3/25/2024 11:55:16 AM,-2.30
10609,3/25/2024 11:55:23 AM,-1.90
10609,3/25/2024 11:55:25 AM,-1.70
10609,3/25/2024 11:55:29 AM,-1.60
10609,3/25/2024 11:55:41 AM,-2.30
10609,3/25/2024 11:56:00 AM,-1.60
10609,3/25/2024 11:56:03 AM,-1.90
10609,3/25/2024 11:56:16 AM,-2.20
10609,3/25/2024 11:56:20 AM,-2.40
10609,3/25/2024 11:56:24 AM,-2.30
10609,3/25/2024 11:56:28 AM,-2.40
10609,3/25/2024 11:56:31 AM,-2.60
10609,3/25/2024 11:56:34 AM,-2.70
10609,3/25/2024 11:56:43 AM,-2.50
10609,3/25/2024 11:56:52 AM,-2.80
10609,3/25/2024 11:56:55 AM,-2.60
10609,3/25/2024 11:57:04 AM,-3.00
10609,3/25/2024 11:57:23 AM,-2.90
10609,3/25/2024 11:57:33 AM,-2.60
10609,3/25/2024 11:57:37 AM,-2.70
10609,3/25/2024 11:57:44 AM,-2.50
10609,3/25/2024 11:57:53 AM,-2.40
10609,3/25/2024 11:57:59 AM,-2.10
10609,3/25/2024 11:58:12 AM,-1.80
10609,3/25/2024 11:58:14 AM,-1.70
10609,3/25/2024 11:58:23 AM,-1.80
10609,3/25/2024 11:58:37 AM,-1.60
10609,3/25/2024 11:58:40 AM,-1.80
10609,3/25/2024 11:58:43 AM,-1.60
10609,3/25/2024 11:58:47 AM,-1.50
10609,3/25/2024 11:58:51 AM,-1.60
10609,3/25/2024 11:58:55 AM,-1.90
10609,3/25/2024 11:59:01 AM,-1.70
10609,3/25/2024 11:59:04 AM,-1.50
10609,3/25/2024 11:59:07 AM,-1.80
10609,3/25/2024 11:59:16 AM,-2.30
10609,3/25/2024 11:59:32 AM,-2.00
10609,3/25/2024 11:59:39 AM,-2.60
10609,3/25/2024 11:59:47 AM,-2.80
10609,3/25/2024 11:59:50 AM,-2.70
10609,3/25/2024 11:59:53 AM,-2.80
10609,3/25/2024 11:59:56 AM,-2.70
10609,3/25/2024 12:00:00 PM,-2.70
10609,3/25/2024 12:00:09 PM,-3.10
10609,3/25/2024 12:00:20 PM,-2.90
10609,3/25/2024 12:00:40 PM,-3.10
10609,3/25/2024 12:00:46 PM,-3.30
10609,3/25/2024 12:00:50 PM,-3.20
10609,3/25/2024 12:00:53 PM,-3.00
10609,3/25/2024 12:01:04 PM,-2.70
10609,3/25/2024 12:01:07 PM,-2.50
10609,3/25/2024 12:01:12 PM,-2.30
10609,3/25/2024 12:01:26 PM,-2.10
10609,3/25/2024 12:01:36 PM,-2.30
10609,3/25/2024 12:01:40 PM,-2.20
10609,3/25/2024 12:01:44 PM,-2.00
10609,3/25/2024 12:01:51 PM,-1.90
10609,3/25/2024 12:01:57 PM,-1.70
10609,3/25/2024 12:02:06 PM,-2.00
10609,3/25/2024 12:02:10 PM,-1.90
10609,3/25/2024 12:02:20 PM,-2.00
10609,3/25/2024 12:02:27 PM,-1.90
10609,3/25/2024 12:02:37 PM,-2.10
10609,3/25/2024 12:02:44 PM,-2.40
10609,3/25/2024 12:02:51 PM,-2.50
10609,3/25/2024 12:02:56 PM,-2.40
10609,3/25/2024 12:03:05 PM,-2.70
10609,3/25/2024 12:03:08 PM,-2.60
10609,3/25/2024 12:03:12 PM,-2.30
10609,3/25/2024 12:03:19 PM,-2.60
10609,3/25/2024 12:03:24 PM,-2.40
10609,3/25/2024 12:03:32 PM,-2.80
10609,3/25/2024 12:03:42 PM,-2.50
10609,3/25/2024 12:04:05 PM,-2.30
10609,3/25/2024 12:04:08 PM,-2.20
10609,3/25/2024 12:04:15 PM,-2.50
10609,3/25/2024 12:04:24 PM,-2.40
10609,3/25/2024 12:04:27 PM,-2.20
10609,3/25/2024 12:04:35 PM,-2.40
10609,3/25/2024 12:04:37 PM,-2.30
10609,3/25/2024 12:04:42 PM,-2.40
10609,3/25/2024 12:04:45 PM,-2.30
10609,3/25/2024 12:04:57 PM,-2.50
10609,3/25/2024 12:05:01 PM,-2.20
10609,3/25/2024 12:05:07 PM,-2.40
10609,3/25/2024 12:05:10 PM,-2.60
10609,3/25/2024 12:05:17 PM,-2.30
10609,3/25/2024 12:05:23 PM,-2.60
10609,3/25/2024 12:05:38 PM,-2.80
10609,3/25/2024 12:05:48 PM,-2.70
10609,3/25/2024 12:05:54 PM,-2.80
10609,3/25/2024 12:05:57 PM,-2.70
10609,3/25/2024 12:06:00 PM,-2.50
10609,3/25/2024 12:06:05 PM,-2.60
10609,3/25/2024 12:06:15 PM,-2.40
10609,3/25/2024 12:06:27 PM,-2.60
10609,3/25/2024 12:06:30 PM,-2.40
10609,3/25/2024 12:06:36 PM,-1.60
10609,3/25/2024 12:06:38 PM,-2.20
10609,3/25/2024 12:06:49 PM,-2.30
10609,3/25/2024 12:07:03 PM,-2.20
10609,3/25/2024 12:07:15 PM,-2.40
10609,3/25/2024 12:07:21 PM,-2.10
10609,3/25/2024 12:07:26 PM,-2.00
10609,3/25/2024 12:07:33 PM,-2.10
10609,3/25/2024 12:07:36 PM,-2.00
10609,3/25/2024 12:07:49 PM,-1.90
10609,3/25/2024 12:07:53 PM,-1.80
10609,3/25/2024 12:08:03 PM,-2.00
10609,3/25/2024 12:08:08 PM,-1.70
10609,3/25/2024 12:08:37 PM,-2.10
10609,3/25/2024 12:08:40 PM,-2.30
10609,3/25/2024 12:08:45 PM,-2.40
10609,3/25/2024 12:08:52 PM,-2.10
10609,3/25/2024 12:08:56 PM,-2.30
10609,3/25/2024 12:09:00 PM,-2.20
10609,3/25/2024 12:09:02 PM,-2.40
10609,3/25/2024 12:09:07 PM,-2.30
10609,3/25/2024 12:09:11 PM,-2.50
10609,3/25/2024 12:09:14 PM,-2.30
10609,3/25/2024 12:09:20 PM,-2.50
10609,3/25/2024 12:09:22 PM,-2.40
10609,3/25/2024 12:09:26 PM,-2.50
10609,3/25/2024 12:09:32 PM,-2.30
10609,3/25/2024 12:09:36 PM,-2.60
10609,3/25/2024 12:09:39 PM,-2.70
10609,3/25/2024 12:09:46 PM,-2.30
10609,3/25/2024 12:09:49 PM,-2.50
10609,3/25/2024 12:09:57 PM,-2.30
10609,3/25/2024 12:10:08 PM,-2.50
10609,3/25/2024 12:10:10 PM,-2.70
10609,3/25/2024 12:10:14 PM,-2.50
10609,3/25/2024 12:10:18 PM,-2.40
10609,3/25/2024 12:10:21 PM,-2.50
10609,3/25/2024 12:10:34 PM,-2.10
10609,3/25/2024 12:10:39 PM,-2.30
10609,3/25/2024 12:10:52 PM,-2.20
10609,3/25/2024 12:11:07 PM,-2.40
10609,3/25/2024 12:11:16 PM,-2.30
10609,3/25/2024 12:11:21 PM,-2.00
10609,3/25/2024 12:11:29 PM,-2.10
10609,3/25/2024 12:11:32 PM,-2.00
10609,3/25/2024 12:11:39 PM,-2.20
10609,3/25/2024 12:11:42 PM,-2.10
10609,3/25/2024 12:11:45 PM,-1.90
10609,3/25/2024 12:12:01 PM,-2.10
10609,3/25/2024 12:12:10 PM,-1.90
10609,3/25/2024 12:12:13 PM,-1.70
10609,3/25/2024 12:12:20 PM,-2.00
10609,3/25/2024 12:12:28 PM,-1.90
10609,3/25/2024 12:12:40 PM,-2.20
10609,3/25/2024 12:12:43 PM,-2.10
10609,3/25/2024 12:12:46 PM,-1.90
10609,3/25/2024 12:12:52 PM,-2.00
10609,3/25/2024 12:12:56 PM,-2.20
10609,3/25/2024 12:13:02 PM,-1.80
10609,3/25/2024 12:13:05 PM,-1.40
10609,3/25/2024 12:13:10 PM,-1.30
10609,3/25/2024 12:13:14 PM,-1.70
10609,3/25/2024 12:13:17 PM,-2.50
10609,3/25/2024 12:13:21 PM,-2.60
10609,3/25/2024 12:13:31 PM,-2.30
10609,3/25/2024 12:13:34 PM,-1.80
10609,3/25/2024 12:13:38 PM,-0.90
10609,3/25/2024 12:13:41 PM,-1.60
10609,3/25/2024 12:13:44 PM,-2.40
10609,3/25/2024 12:13:46 PM,-1.90
10609,3/25/2024 12:13:50 PM,-1.70
10609,3/25/2024 12:13:53 PM,-1.30
10609,3/25/2024 12:13:56 PM,-0.80
10609,3/25/2024 12:14:06 PM,-1.50
10609,3/25/2024 12:14:10 PM,-2.50
10609,3/25/2024 12:14:13 PM,-3.00
10609,3/25/2024 12:14:15 PM,-2.60
10609,3/25/2024 12:14:20 PM,-2.40
10609,3/25/2024 12:14:22 PM,-2.90
10609,3/25/2024 12:14:27 PM,-3.80
10609,3/25/2024 12:14:29 PM,-3.00
10609,3/25/2024 12:14:32 PM,-2.70
10609,3/25/2024 12:14:40 PM,-2.50
10609,3/25/2024 12:14:45 PM,-2.10
10609,3/25/2024 12:14:48 PM,-2.00
10609,3/25/2024 12:14:53 PM,-2.20
10609,3/25/2024 12:14:59 PM,-1.20
10609,3/25/2024 12:15:05 PM,0.00
10609,3/25/2024 12:15:07 PM,-1.00
10609,3/25/2024 12:15:11 PM,-2.10
10609,3/25/2024 12:15:16 PM,-1.80
10609,3/25/2024 12:15:19 PM,-2.10
10609,3/25/2024 12:15:22 PM,-2.60
10609,3/25/2024 12:15:34 PM,-2.90
10609,3/25/2024 12:15:36 PM,-3.00
10609,3/25/2024 12:15:40 PM,-2.90
10609,3/25/2024 12:15:43 PM,-2.40
10609,3/25/2024 12:15:46 PM,-1.60
10609,3/25/2024 12:15:49 PM,-1.50
10609,3/25/2024 12:15:51 PM,-1.70
10609,3/25/2024 12:15:58 PM,-1.60
10609,3/25/2024 12:16:03 PM,-1.80
10609,3/25/2024 12:16:06 PM,-1.70
10609,3/25/2024 12:16:08 PM,-2.00
10609,3/25/2024 12:16:11 PM,-2.20
10609,3/25/2024 12:16:23 PM,-2.50
10609,3/25/2024 12:16:26 PM,-2.60
10609,3/25/2024 12:16:30 PM,-2.30
10609,3/25/2024 12:16:37 PM,-2.10
10609,3/25/2024 12:16:44 PM,-2.20
10609,3/25/2024 12:16:51 PM,-1.80
10609,3/25/2024 12:16:57 PM,-2.10
10609,3/25/2024 12:17:02 PM,-2.20
10609,3/25/2024 12:17:06 PM,-2.00
10609,3/25/2024 12:17:24 PM,-2.40
10609,3/25/2024 12:17:31 PM,-2.90
10609,3/25/2024 12:17:35 PM,-3.10
10609,3/25/2024 12:17:48 PM,-2.90
10609,3/25/2024 12:17:58 PM,-2.60
10609,3/25/2024 12:18:08 PM,-2.40
10609,3/25/2024 12:18:19 PM,-1.90
10609,3/25/2024 12:18:38 PM,-2.50
10609,3/25/2024 12:18:50 PM,-2.70
10609,3/25/2024 12:18:58 PM,-2.60
10609,3/25/2024 12:19:07 PM,-2.30
10609,3/25/2024 12:19:10 PM,-2.50
10609,3/25/2024 12:19:13 PM,-2.20
10609,3/25/2024 12:19:17 PM,-2.30
10609,3/25/2024 12:19:20 PM,-2.50
10609,3/25/2024 12:19:36 PM,-2.90
10609,3/25/2024 12:19:38 PM,-3.20
10609,3/25/2024 12:19:42 PM,-3.00
10609,3/25/2024 12:19:47 PM,-3.50
10609,3/25/2024 12:19:50 PM,-3.40
10609,3/25/2024 12:19:55 PM,-3.00
10609,3/25/2024 12:20:01 PM,-2.90
10609,3/25/2024 12:20:03 PM,-2.60
10609,3/25/2024 12:20:11 PM,-2.40
10609,3/25/2024 12:20:13 PM,-2.60
10609,3/25/2024 12:20:21 PM,-2.50
10609,3/25/2024 12:20:31 PM,-2.80
10609,3/25/2024 12:20:41 PM,-3.00
10609,3/25/2024 12:20:47 PM,-2.90
10609,3/25/2024 12:20:55 PM,-2.60
10609,3/25/2024 12:21:13 PM,-2.30
10609,3/25/2024 12:21:19 PM,-2.40
10609,3/25/2024 12:21:30 PM,-2.90
10609,3/25/2024 12:21:34 PM,-2.40
10609,3/25/2024 12:21:37 PM,-1.20
10609,3/25/2024 12:21:41 PM,-1.60
10609,3/25/2024 12:21:43 PM,-2.90
10609,3/25/2024 12:21:47 PM,-3.40
10609,3/25/2024 12:21:51 PM,-2.80
10609,3/25/2024 12:21:53 PM,-3.00
10609,3/25/2024 12:21:57 PM,-4.20
10609,3/25/2024 12:22:00 PM,-5.00
10609,3/25/2024 12:22:04 PM,-4.90
10609,3/25/2024 12:22:10 PM,-4.10
10609,3/25/2024 12:22:14 PM,-4.20
10609,3/25/2024 12:22:16 PM,-2.00
10609,3/25/2024 12:22:20 PM,0.50
10609,3/25/2024 12:22:23 PM,-1.00
10609,3/25/2024 12:22:27 PM,-2.10
10609,3/25/2024 12:22:31 PM,-0.80
10609,3/25/2024 12:22:34 PM,-3.50
10609,3/25/2024 12:22:38 PM,-4.00
10609,3/25/2024 12:22:43 PM,-4.40
10609,3/25/2024 12:22:45 PM,-3.70
10609,3/25/2024 12:22:51 PM,-3.10
10609,3/25/2024 12:22:54 PM,-2.90
10609,3/25/2024 12:23:01 PM,-0.70
10609,3/25/2024 12:23:06 PM,-1.00
10609,3/25/2024 12:23:10 PM,-1.60
10609,3/25/2024 12:23:14 PM,-2.50
10609,3/25/2024 12:23:18 PM,-2.90
10609,3/25/2024 12:23:20 PM,-3.20
10609,3/25/2024 12:23:26 PM,-3.50
10609,3/25/2024 12:23:30 PM,-3.30
10609,3/25/2024 12:23:34 PM,-3.50
10609,3/25/2024 12:23:39 PM,-2.50
10609,3/25/2024 12:23:44 PM,-2.00
10609,3/25/2024 12:23:58 PM,-2.10
10609,3/25/2024 12:24:02 PM,-2.90
10609,3/25/2024 12:24:05 PM,-3.40
10609,3/25/2024 12:24:08 PM,-3.50
10609,3/25/2024 12:24:11 PM,-3.40
10609,3/25/2024 12:24:14 PM,-3.70
10609,3/25/2024 12:24:18 PM,-3.90
10609,3/25/2024 12:24:21 PM,-3.60
10609,3/25/2024 12:24:28 PM,-2.60
10609,3/25/2024 12:24:40 PM,-2.10
10609,3/25/2024 12:24:52 PM,-2.50
10609,3/25/2024 12:24:55 PM,-2.30
10609,3/25/2024 12:24:58 PM,-2.40
10609,3/25/2024 12:25:07 PM,-3.00
10609,3/25/2024 12:25:12 PM,-2.50
10609,3/25/2024 12:25:15 PM,-2.30
10609,3/25/2024 12:25:22 PM,-2.10
10609,3/25/2024 12:25:31 PM,-2.30
10609,3/25/2024 12:25:39 PM,-2.10
10609,3/25/2024 12:25:41 PM,-2.20
10609,3/25/2024 12:25:51 PM,-2.30
10609,3/25/2024 12:25:55 PM,-1.90
10609,3/25/2024 12:25:57 PM,-1.80
10609,3/25/2024 12:26:03 PM,-2.20
10609,3/25/2024 12:26:11 PM,-2.40
10609,3/25/2024 12:26:22 PM,-2.60
10609,3/25/2024 12:26:25 PM,-2.70
10609,3/25/2024 12:26:27 PM,-2.60
10609,3/25/2024 12:26:42 PM,-2.80
10609,3/25/2024 12:26:47 PM,-3.10
10609,3/25/2024 12:26:53 PM,-3.30
10609,3/25/2024 12:26:59 PM,-3.10
10609,3/25/2024 12:27:12 PM,-2.90
10609,3/25/2024 12:27:15 PM,-2.80
10609,3/25/2024 12:27:21 PM,-3.00
10609,3/25/2024 12:27:32 PM,-2.70
10609,3/25/2024 12:27:38 PM,-2.90
10609,3/25/2024 12:27:46 PM,-2.80
10609,3/25/2024 12:27:50 PM,-2.50
10609,3/25/2024 12:27:56 PM,-2.40
10609,3/25/2024 12:27:58 PM,-2.20
10609,3/25/2024 12:28:12 PM,-2.30
10609,3/25/2024 12:28:22 PM,-2.10
10609,3/25/2024 12:28:28 PM,-1.90
10609,3/25/2024 12:28:36 PM,-2.00
10609,3/25/2024 12:28:39 PM,-1.80
10609,3/25/2024 12:28:42 PM,-1.90
10609,3/25/2024 12:28:50 PM,-1.60
10609,3/25/2024 12:28:55 PM,-1.80
10609,3/25/2024 12:29:12 PM,-1.70
10609,3/25/2024 12:29:23 PM,-2.00
10609,3/25/2024 12:29:32 PM,-1.90
10609,3/25/2024 12:29:36 PM,-1.70
10609,3/25/2024 12:29:52 PM,-1.80
10609,3/25/2024 12:29:58 PM,-2.10
10609,3/25/2024 12:30:11 PM,-2.20
10609,3/25/2024 12:30:14 PM,-2.30
10609,3/25/2024 12:30:23 PM,-2.10
10609,3/25/2024 12:30:26 PM,-1.80
10609,3/25/2024 12:30:29 PM,-1.70
10609,3/25/2024 12:30:42 PM,-2.00
10609,3/25/2024 12:30:45 PM,-1.90
10609,3/25/2024 12:31:05 PM,-2.50
10609,3/25/2024 12:31:09 PM,-2.30
10609,3/25/2024 12:31:17 PM,-2.10
10609,3/25/2024 12:31:20 PM,-1.90
10609,3/25/2024 12:31:23 PM,-1.80
10609,3/25/2024 12:31:44 PM,-2.10
10609,3/25/2024 12:31:47 PM,-2.20
10609,3/25/2024 12:31:57 PM,-2.00
10609,3/25/2024 12:31:59 PM,-1.90
10609,3/25/2024 12:32:09 PM,-1.80
10609,3/25/2024 12:32:28 PM,-1.30
10609,3/25/2024 12:32:42 PM,-1.20
10609,3/25/2024 12:32:45 PM,-1.30
10609,3/25/2024 12:33:00 PM,-1.40
10609,3/25/2024 12:33:02 PM,-1.30
10609,3/25/2024 12:33:16 PM,-1.60
10609,3/25/2024 12:33:22 PM,-1.90
10609,3/25/2024 12:33:26 PM,-2.00
10609,3/25/2024 12:33:34 PM,-1.90
10609,3/25/2024 12:33:38 PM,-2.20
10609,3/25/2024 12:33:46 PM,-2.60
10609,3/25/2024 12:33:49 PM,-2.90
10609,3/25/2024 12:33:57 PM,-2.60
10609,3/25/2024 12:34:00 PM,-2.70
10609,3/25/2024 12:34:04 PM,-2.30
10609,3/25/2024 12:34:08 PM,-2.20
10609,3/25/2024 12:34:12 PM,-2.00
10609,3/25/2024 12:34:17 PM,-1.40
10609,3/25/2024 12:34:23 PM,-1.20
10609,3/25/2024 12:34:38 PM,-1.60
10609,3/25/2024 12:34:58 PM,-0.90
10609,3/25/2024 12:35:04 PM,-0.50
10609,3/25/2024 12:35:14 PM,-0.70
10609,3/25/2024 12:35:20 PM,-1.20
10609,3/25/2024 12:35:24 PM,-1.10
10609,3/25/2024 12:35:33 PM,-1.30
10609,3/25/2024 12:35:49 PM,-1.20
10609,3/25/2024 12:36:00 PM,-1.90
10609,3/25/2024 12:36:07 PM,-2.00
10609,3/25/2024 12:36:12 PM,-2.20
10609,3/25/2024 12:36:14 PM,-2.40
10609,3/25/2024 12:36:20 PM,-1.90
10609,3/25/2024 12:36:29 PM,-1.80
10609,3/25/2024 12:36:36 PM,-1.50
10609,3/25/2024 12:36:43 PM,-1.60
10609,3/25/2024 12:36:54 PM,-1.40
10609,3/25/2024 12:36:57 PM,-1.50
10609,3/25/2024 12:37:10 PM,-1.10
10609,3/25/2024 12:37:13 PM,-0.90
10609,3/25/2024 12:37:21 PM,-0.80
10609,3/25/2024 12:37:24 PM,-0.60
10609,3/25/2024 12:37:37 PM,-0.90
10609,3/25/2024 12:37:50 PM,-1.50
10609,3/25/2024 12:37:53 PM,-1.70
10609,3/25/2024 12:37:56 PM,-1.80
10609,3/25/2024 12:38:01 PM,-1.60
10609,3/25/2024 12:38:09 PM,-1.50
10609,3/25/2024 12:38:13 PM,-1.20
10609,3/25/2024 12:38:17 PM,-1.10
10609,3/25/2024 12:38:30 PM,-1.60
10609,3/25/2024 12:38:32 PM,-1.90
10609,3/25/2024 12:38:39 PM,-2.30
10609,3/25/2024 12:38:43 PM,-2.20
10609,3/25/2024 12:38:49 PM,-1.80
10609,3/25/2024 12:38:58 PM,-1.70
10609,3/25/2024 12:39:05 PM,-1.30
10609,3/25/2024 12:39:08 PM,-1.60
10609,3/25/2024 12:39:15 PM,-1.70
10609,3/25/2024 12:39:22 PM,-2.00
10609,3/25/2024 12:39:36 PM,-2.20
10609,3/25/2024 12:39:55 PM,-1.90
10609,3/25/2024 12:40:01 PM,-1.70
10609,3/25/2024 12:40:08 PM,-1.40
10609,3/25/2024 12:40:11 PM,-1.50
10609,3/25/2024 12:40:14 PM,-1.70
10609,3/25/2024 12:40:21 PM,-1.90
10609,3/25/2024 12:40:23 PM,-1.60
10609,3/25/2024 12:40:26 PM,-1.40
10609,3/25/2024 12:40:32 PM,-1.60
10609,3/25/2024 12:40:36 PM,-1.40
10609,3/25/2024 12:40:39 PM,-1.10
10609,3/25/2024 12:40:42 PM,-1.50
10609,3/25/2024 12:40:46 PM,-1.70
10609,3/25/2024 12:40:55 PM,-1.50
10609,3/25/2024 12:40:59 PM,-1.60
10609,3/25/2024 12:41:08 PM,-1.30
10609,3/25/2024 12:41:24 PM,-1.60
10609,3/25/2024 12:41:33 PM,-1.50
10609,3/25/2024 12:41:35 PM,-1.60
10609,3/25/2024 12:41:37 PM,-1.90
10609,3/25/2024 12:41:40 PM,-2.20
10609,3/25/2024 12:41:43 PM,-2.40
10609,3/25/2024 12:41:59 PM,-1.80
10609,3/25/2024 12:42:04 PM,-1.40
10609,3/25/2024 12:42:08 PM,-1.50
10609,3/25/2024 12:42:12 PM,-1.70
10609,3/25/2024 12:42:15 PM,-1.60
10609,3/25/2024 12:42:30 PM,-1.90
10609,3/25/2024 12:42:36 PM,-1.70
10609,3/25/2024 12:42:44 PM,-2.30
10609,3/25/2024 12:42:58 PM,-1.50
10609,3/25/2024 12:43:01 PM,-1.60
10609,3/25/2024 12:43:07 PM,-1.20
10609,3/25/2024 12:43:11 PM,-1.10
10609,3/25/2024 12:43:15 PM,-1.30
10609,3/25/2024 12:43:19 PM,-1.10
10609,3/25/2024 12:43:22 PM,-1.20
10609,3/25/2024 12:43:29 PM,-2.10
10609,3/25/2024 12:43:34 PM,-2.00
10609,3/25/2024 12:43:47 PM,-1.30
10609,3/25/2024 12:43:56 PM,-1.10
10609,3/25/2024 12:44:06 PM,-1.30
10609,3/25/2024 12:44:14 PM,-1.60
10609,3/25/2024 12:44:18 PM,-2.00
10609,3/25/2024 12:44:22 PM,-2.30
10609,3/25/2024 12:44:25 PM,-2.40
10609,3/25/2024 12:44:38 PM,-2.00
10609,3/25/2024 12:44:44 PM,-1.50
10609,3/25/2024 12:44:48 PM,-1.40
10609,3/25/2024 12:44:51 PM,-1.10
10609,3/25/2024 12:44:56 PM,-1.30
10609,3/25/2024 12:44:58 PM,-1.10
10609,3/25/2024 12:45:02 PM,-1.20
10609,3/25/2024 12:45:04 PM,-1.60
10609,3/25/2024 12:45:06 PM,-1.90
10609,3/25/2024 12:45:12 PM,-2.30
10609,3/25/2024 12:45:15 PM,-2.10
10609,3/25/2024 12:45:22 PM,-2.40
10609,3/25/2024 12:45:30 PM,-1.90
10609,3/25/2024 12:45:36 PM,-2.10
10609,3/25/2024 12:45:40 PM,-2.00
10609,3/25/2024 12:45:54 PM,-2.50
10609,3/25/2024 12:45:58 PM,-2.40
10609,3/25/2024 12:46:01 PM,-2.50
10609,3/25/2024 12:46:03 PM,-2.40
10609,3/25/2024 12:46:06 PM,-2.50
10609,3/25/2024 12:46:24 PM,-1.60
10609,3/25/2024 12:46:28 PM,-1.50
10609,3/25/2024 12:46:31 PM,-1.80
10609,3/25/2024 12:46:33 PM,-1.90
10609,3/25/2024 12:46:37 PM,-1.60
10609,3/25/2024 12:46:42 PM,-1.70
10609,3/25/2024 12:46:48 PM,-2.00
10609,3/25/2024 12:46:55 PM,-1.80
10609,3/25/2024 12:47:05 PM,-2.40
10609,3/25/2024 12:47:07 PM,-2.10
10609,3/25/2024 12:47:11 PM,-2.20
10609,3/25/2024 12:47:15 PM,-2.00
10609,3/25/2024 12:47:26 PM,-2.20
10609,3/25/2024 12:47:30 PM,-1.90
10609,3/25/2024 12:47:36 PM,-2.20
10609,3/25/2024 12:47:40 PM,-2.10
10609,3/25/2024 12:47:44 PM,-2.40
10609,3/25/2024 12:47:46 PM,-2.30
10609,3/25/2024 12:47:49 PM,-2.00
10609,3/25/2024 12:47:52 PM,-2.20
10609,3/25/2024 12:47:59 PM,-1.90
10609,3/25/2024 12:48:04 PM,-2.00
10609,3/25/2024 12:48:08 PM,-1.90
10609,3/25/2024 12:48:11 PM,-1.70
10609,3/25/2024 12:48:16 PM,-1.60
10609,3/25/2024 12:48:22 PM,-2.00
10609,3/25/2024 12:48:25 PM,-1.80
10609,3/25/2024 12:48:29 PM,-1.70
10609,3/25/2024 12:48:36 PM,-1.80
10609,3/25/2024 12:48:46 PM,-1.60
10609,3/25/2024 12:48:49 PM,-1.40
10609,3/25/2024 12:48:53 PM,-1.50
10609,3/25/2024 12:49:00 PM,-1.40
10609,3/25/2024 12:49:04 PM,-1.50
10609,3/25/2024 12:49:10 PM,-1.30
10609,3/25/2024 12:49:23 PM,-1.20
10609,3/25/2024 12:49:25 PM,-1.40
10609,3/25/2024 12:49:29 PM,-1.60
10609,3/25/2024 12:49:32 PM,-1.90
10609,3/25/2024 12:49:40 PM,-2.10
10609,3/25/2024 12:49:57 PM,-2.00
10609,3/25/2024 12:50:01 PM,-2.10
10609,3/25/2024 12:50:05 PM,-2.00
10609,3/25/2024 12:50:08 PM,-2.10
10609,3/25/2024 12:50:21 PM,-1.80
10609,3/25/2024 12:50:30 PM,-2.10
10609,3/25/2024 12:50:37 PM,-1.90
10609,3/25/2024 12:51:04 PM,-2.30
10609,3/25/2024 12:51:06 PM,-2.20
10609,3/25/2024 12:51:09 PM,-2.40
10609,3/25/2024 12:51:13 PM,-2.30
10609,3/25/2024 12:51:17 PM,-2.40
10609,3/25/2024 12:51:34 PM,-2.10
10609,3/25/2024 12:51:40 PM,-1.90
10609,3/25/2024 12:51:44 PM,-2.10
10609,3/25/2024 12:51:56 PM,-2.00
10609,3/25/2024 12:52:07 PM,-2.30
10609,3/25/2024 12:52:14 PM,-1.90
10609,3/25/2024 12:52:23 PM,-1.70
10609,3/25/2024 12:52:33 PM,-1.50
10609,3/25/2024 12:52:36 PM,-1.20
10609,3/25/2024 12:52:42 PM,-1.50
10609,3/25/2024 12:52:48 PM,-1.90
10609,3/25/2024 12:52:56 PM,-2.10
10609,3/25/2024 12:52:58 PM,-1.80
10609,3/25/2024 12:53:01 PM,-1.60
10609,3/25/2024 12:53:05 PM,-2.00
10609,3/25/2024 12:53:12 PM,-1.80
10609,3/25/2024 12:53:16 PM,-1.90
10609,3/25/2024 12:53:21 PM,-1.80
10609,3/25/2024 12:53:24 PM,-1.90
10609,3/25/2024 12:53:41 PM,-1.60
10609,3/25/2024 12:53:52 PM,-1.80
10609,3/25/2024 12:53:54 PM,-1.90
10609,3/25/2024 12:54:06 PM,-2.10
10609,3/25/2024 12:54:14 PM,-2.30
10609,3/25/2024 12:54:31 PM,-2.00
10609,3/25/2024 12:54:38 PM,-2.10
10609,3/25/2024 12:54:42 PM,-2.30
10609,3/25/2024 12:54:48 PM,-2.40
10609,3/25/2024 12:54:55 PM,-2.10
10609,3/25/2024 12:55:02 PM,-2.20
10609,3/25/2024 12:55:20 PM,-1.90
10609,3/25/2024 12:55:41 PM,-1.70
10609,3/25/2024 12:55:45 PM,-1.80
10609,3/25/2024 12:55:58 PM,-1.70
10609,3/25/2024 12:56:05 PM,-1.80
10609,3/25/2024 12:56:08 PM,-1.60
10609,3/25/2024 12:56:10 PM,-1.70
10609,3/25/2024 12:56:33 PM,-1.90
10609,3/25/2024 12:56:39 PM,-1.80
10609,3/25/2024 12:56:47 PM,-2.00
10609,3/25/2024 12:57:05 PM,-1.80
10609,3/25/2024 12:57:13 PM,-1.90
10609,3/25/2024 12:57:21 PM,-1.70
10609,3/25/2024 12:57:32 PM,-1.80
10609,3/25/2024 12:57:42 PM,-1.70
10609,3/25/2024 12:57:45 PM,-1.60
10609,3/25/2024 12:57:54 PM,-1.70
10609,3/25/2024 12:58:01 PM,-1.60
10609,3/25/2024 12:58:03 PM,-1.70
10609,3/25/2024 12:58:21 PM,-1.40
10609,3/25/2024 12:58:33 PM,-1.50
10609,3/25/2024 12:58:40 PM,-1.80
10609,3/25/2024 12:58:48 PM,-2.00
10609,3/25/2024 12:59:05 PM,-1.70
10609,3/25/2024 12:59:16 PM,-1.30
10609,3/25/2024 12:59:24 PM,-1.40
10609,3/25/2024 12:59:28 PM,-1.30
10609,3/25/2024 12:59:31 PM,-1.40
10609,3/25/2024 12:59:40 PM,-1.90
10609,3/25/2024 12:59:48 PM,-1.70
10609,3/25/2024 12:59:52 PM,-1.50
10609,3/25/2024 12:59:54 PM,-1.60
10609,3/25/2024 1:00:03 PM,-1.40
10609,3/25/2024 1:00:11 PM,-1.00
10609,3/25/2024 1:00:22 PM,-1.30
10609,3/25/2024 1:00:32 PM,-1.50
10609,3/25/2024 1:00:45 PM,-1.60
10609,3/25/2024 1:01:03 PM,-1.40
10609,3/25/2024 1:01:06 PM,-1.50
10609,3/25/2024 1:01:09 PM,-1.40
10609,3/25/2024 1:01:29 PM,-1.80
10609,3/25/2024 1:01:51 PM,-1.70
10609,3/25/2024 1:02:00 PM,-1.40
10609,3/25/2024 1:02:19 PM,-1.60
10609,3/25/2024 1:02:31 PM,-2.00
10609,3/25/2024 1:02:38 PM,-1.90
10609,3/25/2024 1:02:40 PM,-1.80
10609,3/25/2024 1:02:48 PM,-1.70
10609,3/25/2024 1:02:55 PM,-1.20
10609,3/25/2024 1:03:00 PM,-1.30
10609,3/25/2024 1:03:02 PM,-1.10
10609,3/25/2024 1:03:09 PM,-1.30
10609,3/25/2024 1:03:12 PM,-1.50
10609,3/25/2024 1:03:15 PM,-1.80
10609,3/25/2024 1:03:28 PM,-1.90
10609,3/25/2024 1:03:43 PM,-1.60
10609,3/25/2024 1:03:48 PM,-1.70
10609,3/25/2024 1:04:07 PM,-1.60
10609,3/25/2024 1:04:10 PM,-1.50
10609,3/25/2024 1:04:19 PM,-1.80
10609,3/25/2024 1:04:30 PM,-1.60
10609,3/25/2024 1:04:33 PM,-1.70
10609,3/25/2024 1:04:48 PM,-1.40
10609,3/25/2024 1:05:02 PM,-1.60
10609,3/25/2024 1:05:13 PM,-1.40
10609,3/25/2024 1:05:19 PM,-1.60
10609,3/25/2024 1:05:53 PM,-1.70
10609,3/25/2024 1:05:57 PM,-1.80
10609,3/25/2024 1:06:04 PM,-1.70
10609,3/25/2024 1:06:07 PM,-1.80
10609,3/25/2024 1:06:37 PM,-1.50
10609,3/25/2024 1:06:40 PM,-1.40
10609,3/25/2024 1:06:43 PM,-1.50
10609,3/25/2024 1:06:54 PM,-1.60
10609,3/25/2024 1:06:57 PM,-1.70
10609,3/25/2024 1:07:07 PM,-1.80
10609,3/25/2024 1:07:14 PM,-1.70
10609,3/25/2024 1:07:17 PM,-1.20
10609,3/25/2024 1:07:21 PM,-1.60
10609,3/25/2024 1:07:29 PM,-1.30
10609,3/25/2024 1:07:32 PM,-1.40
10609,3/25/2024 1:07:35 PM,-1.20
10609,3/25/2024 1:07:45 PM,-1.40
10609,3/25/2024 1:07:48 PM,-1.60
10609,3/25/2024 1:07:58 PM,-1.90
10609,3/25/2024 1:08:12 PM,-2.10
10609,3/25/2024 1:08:27 PM,-1.80
10609,3/25/2024 1:08:35 PM,-1.90
10609,3/25/2024 1:08:43 PM,-1.80
10609,3/25/2024 1:08:50 PM,-2.20
10609,3/25/2024 1:08:54 PM,-2.10
10609,3/25/2024 1:08:58 PM,-1.90
10609,3/25/2024 1:09:02 PM,-2.00
10609,3/25/2024 1:09:14 PM,-1.90
10609,3/25/2024 1:09:23 PM,-1.70
10609,3/25/2024 1:09:37 PM,-1.90
10609,3/25/2024 1:09:52 PM,-1.70
10609,3/25/2024 1:10:03 PM,-1.40
10609,3/25/2024 1:10:10 PM,-1.70
10609,3/25/2024 1:10:13 PM,-1.50
10609,3/25/2024 1:10:16 PM,-1.60
10609,3/25/2024 1:10:19 PM,-1.50
10609,3/25/2024 1:10:25 PM,-1.70
10609,3/25/2024 1:10:32 PM,-1.40
10609,3/25/2024 1:10:34 PM,-1.60
10609,3/25/2024 1:10:52 PM,-1.90
10609,3/25/2024 1:10:56 PM,-1.80
10609,3/25/2024 1:10:59 PM,-1.90
10609,3/25/2024 1:11:02 PM,-1.80
10609,3/25/2024 1:11:04 PM,-1.90
10609,3/25/2024 1:11:15 PM,-1.80
10609,3/25/2024 1:11:22 PM,-2.00
10609,3/25/2024 1:11:46 PM,-1.70
10609,3/25/2024 1:11:49 PM,-1.60
10609,3/25/2024 1:11:53 PM,-1.70
10609,3/25/2024 1:12:08 PM,-1.60
10609,3/25/2024 1:12:15 PM,-1.40
10609,3/25/2024 1:12:19 PM,-1.60
10609,3/25/2024 1:12:43 PM,-1.30
10609,3/25/2024 1:12:45 PM,-1.50
10609,3/25/2024 1:12:53 PM,-1.70
10609,3/25/2024 1:12:56 PM,-1.60
10609,3/25/2024 1:13:05 PM,-1.90
10609,3/25/2024 1:13:09 PM,-1.60
10609,3/25/2024 1:13:26 PM,-1.80
10609,3/25/2024 1:13:44 PM,-1.40
10609,3/25/2024 1:13:59 PM,-1.70
10609,3/25/2024 1:14:14 PM,-1.80
10609,3/25/2024 1:14:16 PM,-1.70
10609,3/25/2024 1:14:20 PM,-1.90
10609,3/25/2024 1:14:29 PM,-1.70
10609,3/25/2024 1:14:40 PM,-1.80
10609,3/25/2024 1:14:46 PM,-1.70
10609,3/25/2024 1:14:49 PM,-1.80
10609,3/25/2024 1:14:55 PM,-1.70
10609,3/25/2024 1:15:01 PM,-1.40
10609,3/25/2024 1:15:08 PM,-1.30
10609,3/25/2024 1:15:10 PM,-1.20
10609,3/25/2024 1:15:20 PM,-1.50
10609,3/25/2024 1:15:26 PM,-1.30
10609,3/25/2024 1:15:29 PM,-1.50
10609,3/25/2024 1:15:39 PM,-1.70
10609,3/25/2024 1:15:49 PM,-1.80
10609,3/25/2024 1:16:04 PM,-1.40
10609,3/25/2024 1:16:07 PM,-1.60
10609,3/25/2024 1:16:16 PM,-1.20
10609,3/25/2024 1:16:35 PM,-1.30
10609,3/25/2024 1:16:53 PM,-1.80
10609,3/25/2024 1:16:57 PM,-1.70
10609,3/25/2024 1:17:03 PM,-1.90
10609,3/25/2024 1:17:42 PM,-1.70
10609,3/25/2024 1:17:51 PM,-1.80
10609,3/25/2024 1:18:00 PM,-1.70
10609,3/25/2024 1:18:02 PM,-1.60
10609,3/25/2024 1:18:08 PM,-1.50
10609,3/25/2024 1:18:12 PM,-1.60
10609,3/25/2024 1:18:19 PM,-1.50
10609,3/25/2024 1:18:39 PM,-1.60
10609,3/25/2024 1:18:43 PM,-1.80
10609,3/25/2024 1:18:55 PM,-1.70
10609,3/25/2024 1:19:21 PM,-2.00
10609,3/25/2024 1:19:32 PM,-1.80
10609,3/25/2024 1:19:37 PM,-1.60
10609,3/25/2024 1:19:47 PM,-1.40
10609,3/25/2024 1:19:51 PM,-1.50
10609,3/25/2024 1:19:54 PM,-1.70
10609,3/25/2024 1:20:06 PM,-1.50
10609,3/25/2024 1:20:12 PM,-1.70
10609,3/25/2024 1:20:26 PM,-1.50
10609,3/25/2024 1:20:29 PM,-1.60
10609,3/25/2024 1:20:37 PM,-1.50
10609,3/25/2024 1:20:51 PM,-1.60
10609,3/25/2024 1:20:54 PM,-1.50
10609,3/25/2024 1:21:02 PM,-1.60
10609,3/25/2024 1:21:12 PM,-1.40
10609,3/25/2024 1:21:15 PM,-1.50
10609,3/25/2024 1:21:47 PM,-1.70
10609,3/25/2024 1:21:53 PM,-1.80
10609,3/25/2024 1:22:15 PM,-1.50
10609,3/25/2024 1:22:18 PM,-1.70
10609,3/25/2024 1:22:20 PM,-1.60
10609,3/25/2024 1:22:36 PM,-1.90
10609,3/25/2024 1:22:53 PM,-1.70
10609,3/25/2024 1:22:56 PM,-1.60
10609,3/25/2024 1:23:03 PM,-1.70
10609,3/25/2024 1:23:09 PM,-1.60
10609,3/25/2024 1:23:30 PM,-1.80
10609,3/25/2024 1:23:41 PM,-1.60
10609,3/25/2024 1:23:45 PM,-1.40
10609,3/25/2024 1:23:48 PM,-1.50
10609,3/25/2024 1:23:52 PM,-1.30
10609,3/25/2024 1:23:56 PM,-1.50
10609,3/25/2024 1:24:33 PM,-1.80
10609,3/25/2024 1:24:41 PM,-1.60
10609,3/25/2024 1:24:43 PM,-1.70
10609,3/25/2024 1:25:00 PM,-1.60
10609,3/25/2024 1:25:02 PM,-1.70
10609,3/25/2024 1:25:10 PM,-1.50
10609,3/25/2024 1:25:12 PM,-1.60
10609,3/25/2024 1:25:21 PM,-1.70
10609,3/25/2024 1:25:32 PM,-1.60
10609,3/25/2024 1:25:35 PM,-1.40
10609,3/25/2024 1:25:42 PM,-1.60
10609,3/25/2024 1:25:55 PM,-1.50
10609,3/25/2024 1:26:19 PM,-1.90
10609,3/25/2024 1:26:22 PM,-1.80
10609,3/25/2024 1:26:43 PM,-1.70
10609,3/25/2024 1:27:18 PM,-1.80
10609,3/25/2024 1:27:44 PM,-1.60
10609,3/25/2024 1:27:58 PM,-1.70
10609,3/25/2024 1:28:14 PM,-2.00
10609,3/25/2024 1:28:17 PM,-1.90
10609,3/25/2024 1:28:20 PM,-2.00
10609,3/25/2024 1:28:45 PM,-1.80
10609,3/25/2024 1:28:51 PM,-1.60
10609,3/25/2024 1:28:55 PM,-1.30
10609,3/25/2024 1:29:04 PM,-1.10
10609,3/25/2024 1:29:28 PM,-1.20
10609,3/25/2024 1:29:48 PM,-1.60
10609,3/25/2024 1:29:50 PM,-1.40
10609,3/25/2024 1:29:53 PM,-1.50
10609,3/25/2024 1:30:00 PM,-1.40
10609,3/25/2024 1:30:12 PM,-1.50
10609,3/25/2024 1:30:16 PM,-1.40
10609,3/25/2024 1:30:26 PM,-1.70
10609,3/25/2024 1:30:33 PM,-1.60
10609,3/25/2024 1:30:51 PM,-1.80
10609,3/25/2024 1:30:59 PM,-1.60
10609,3/25/2024 1:31:11 PM,-1.50
10609,3/25/2024 1:31:23 PM,-1.60
10609,3/25/2024 1:31:50 PM,-1.40
10609,3/25/2024 1:31:53 PM,-1.50
10609,3/25/2024 1:32:03 PM,-1.60
10609,3/25/2024 1:32:06 PM,-1.40
10609,3/25/2024 1:32:09 PM,-1.30
10609,3/25/2024 1:32:20 PM,-1.20
10609,3/25/2024 1:32:42 PM,-1.50
10609,3/25/2024 1:32:44 PM,-1.60
10609,3/25/2024 1:32:52 PM,-1.50
10609,3/25/2024 1:33:01 PM,-1.80
10609,3/25/2024 1:33:08 PM,-1.50
10609,3/25/2024 1:33:14 PM,-1.60
10609,3/25/2024 1:33:29 PM,-1.50
10609,3/25/2024 1:33:34 PM,-1.40
10609,3/25/2024 1:33:41 PM,-1.60
10609,3/25/2024 1:33:48 PM,-1.70
10609,3/25/2024 1:33:58 PM,-1.50
10609,3/25/2024 1:34:18 PM,-1.40
10609,3/25/2024 1:34:24 PM,-1.30
10609,3/25/2024 1:34:27 PM,-1.40
10609,3/25/2024 1:34:44 PM,-1.30
10609,3/25/2024 1:34:52 PM,-1.50
10609,3/25/2024 1:35:10 PM,-1.60
10609,3/25/2024 1:35:23 PM,-1.30
10609,3/25/2024 1:35:26 PM,-1.70
10609,3/25/2024 1:35:29 PM,-1.60
10609,3/25/2024 1:35:53 PM,-1.40
10609,3/25/2024 1:35:55 PM,-1.50
10609,3/25/2024 1:36:02 PM,-1.30
10609,3/25/2024 1:36:13 PM,-1.60
10609,3/25/2024 1:36:45 PM,-1.90
10609,3/25/2024 1:36:48 PM,-2.00
10609,3/25/2024 1:36:52 PM,-1.90
10609,3/25/2024 1:36:54 PM,-2.10
10609,3/25/2024 1:37:02 PM,-1.90
10609,3/25/2024 1:37:05 PM,-1.70
10609,3/25/2024 1:37:13 PM,-1.60
10609,3/25/2024 1:37:20 PM,-1.70
10609,3/25/2024 1:37:35 PM,-1.60
10609,3/25/2024 1:37:45 PM,-1.30
10609,3/25/2024 1:38:06 PM,-1.50
10609,3/25/2024 1:38:09 PM,-1.60
10609,3/25/2024 1:38:12 PM,-1.50
10609,3/25/2024 1:38:18 PM,-1.60
10609,3/25/2024 1:38:33 PM,-1.50
10609,3/25/2024 1:38:49 PM,-1.80
10609,3/25/2024 1:38:55 PM,-1.60
10609,3/25/2024 1:39:00 PM,-1.70
10609,3/25/2024 1:39:02 PM,-1.90
10609,3/25/2024 1:39:18 PM,-1.70
10609,3/25/2024 1:39:21 PM,-1.60
10609,3/25/2024 1:39:28 PM,-1.70
10609,3/25/2024 1:39:30 PM,-1.60
10609,3/25/2024 1:39:50 PM,-1.50
10609,3/25/2024 1:39:53 PM,-1.70
10609,3/25/2024 1:39:59 PM,-1.80
10609,3/25/2024 1:40:07 PM,-1.60
10609,3/25/2024 1:40:19 PM,-1.40
10609,3/25/2024 1:40:24 PM,-1.20
10609,3/25/2024 1:40:35 PM,-1.50
10609,3/25/2024 1:40:39 PM,-1.40
10609,3/25/2024 1:40:46 PM,-1.60
10609,3/25/2024 1:40:59 PM,-1.70
10609,3/25/2024 1:41:05 PM,-1.50
10609,3/25/2024 1:41:16 PM,-1.30
10609,3/25/2024 1:41:19 PM,-1.40
10609,3/25/2024 1:41:22 PM,-1.30
10609,3/25/2024 1:41:35 PM,-1.20
10609,3/25/2024 1:41:43 PM,-1.30
10609,3/25/2024 1:41:48 PM,-1.50
10609,3/25/2024 1:41:50 PM,-1.40
10609,3/25/2024 1:41:55 PM,-1.50
10609,3/25/2024 1:42:27 PM,-1.70
10609,3/25/2024 1:42:30 PM,-1.60
10609,3/25/2024 1:42:38 PM,-1.90
10609,3/25/2024 1:42:42 PM,-1.70
10609,3/25/2024 1:42:51 PM,-1.80
10609,3/25/2024 1:43:01 PM,-1.40
10609,3/25/2024 1:43:04 PM,-1.50
10609,3/25/2024 1:43:09 PM,-1.40
10609,3/25/2024 1:43:16 PM,-1.50
10609,3/25/2024 1:43:20 PM,-1.40
10609,3/25/2024 1:43:34 PM,-1.50
10609,3/25/2024 1:43:38 PM,-1.40
10609,3/25/2024 1:43:41 PM,-1.50
10609,3/25/2024 1:43:54 PM,-1.60
10609,3/25/2024 1:44:04 PM,-1.30
10609,3/25/2024 1:44:15 PM,-1.40
10609,3/25/2024 1:44:22 PM,-1.30
10609,3/25/2024 1:44:26 PM,-1.50
10609,3/25/2024 1:44:30 PM,-2.20
10609,3/25/2024 1:44:32 PM,-1.30
10609,3/25/2024 1:44:45 PM,-1.10
10609,3/25/2024 1:44:49 PM,-1.20
10609,3/25/2024 1:44:51 PM,-1.10
10609,3/25/2024 1:45:20 PM,-1.20
10609,3/25/2024 1:45:22 PM,-1.10
10609,3/25/2024 1:45:30 PM,-1.20
10609,3/25/2024 1:45:32 PM,-1.10
10609,3/25/2024 1:45:43 PM,-1.30
10609,3/25/2024 1:45:45 PM,-1.40
10609,3/25/2024 1:45:52 PM,-1.30
10609,3/25/2024 1:46:07 PM,-1.50
10609,3/25/2024 1:46:11 PM,-1.40
10609,3/25/2024 1:46:13 PM,-1.60
10609,3/25/2024 1:46:15 PM,-1.40
10609,3/25/2024 1:46:19 PM,-1.30
10609,3/25/2024 1:46:28 PM,-1.60
10609,3/25/2024 1:46:37 PM,-1.50
10609,3/25/2024 1:46:41 PM,-1.60
10609,3/25/2024 1:47:01 PM,-1.70
10609,3/25/2024 1:47:08 PM,-1.60
10609,3/25/2024 1:47:15 PM,-1.70
10609,3/25/2024 1:47:22 PM,-1.50
10609,3/25/2024 1:47:30 PM,-1.60
10609,3/25/2024 1:47:34 PM,-1.50
10609,3/25/2024 1:47:42 PM,-1.60
10609,3/25/2024 1:47:52 PM,-1.40
10609,3/25/2024 1:48:08 PM,-1.30
10609,3/25/2024 1:48:15 PM,-1.50
10609,3/25/2024 1:48:20 PM,-1.40
10609,3/25/2024 1:48:23 PM,-1.50
10609,3/25/2024 1:48:32 PM,-1.30
10609,3/25/2024 1:48:36 PM,-1.40
10609,3/25/2024 1:48:48 PM,-1.10
10609,3/25/2024 1:49:02 PM,-1.40
10609,3/25/2024 1:49:08 PM,-1.20
10609,3/25/2024 1:49:12 PM,-1.50
10609,3/25/2024 1:49:22 PM,-1.30
10609,3/25/2024 1:49:29 PM,-1.50
10609,3/25/2024 1:49:37 PM,-1.30
10609,3/25/2024 1:49:48 PM,-1.70
10609,3/25/2024 1:49:56 PM,-1.60
10609,3/25/2024 1:50:34 PM,-1.70
10609,3/25/2024 1:51:00 PM,-1.50
10609,3/25/2024 1:51:05 PM,-1.60
10609,3/25/2024 1:51:09 PM,-1.50
10609,3/25/2024 1:51:36 PM,-1.30
10609,3/25/2024 1:52:01 PM,-1.50
10609,3/25/2024 1:52:04 PM,-1.40
10609,3/25/2024 1:52:14 PM,-1.30
10609,3/25/2024 1:52:33 PM,-1.40
10609,3/25/2024 1:52:36 PM,-1.30
10609,3/25/2024 1:52:45 PM,-1.50
10609,3/25/2024 1:53:34 PM,-1.30
10609,3/25/2024 1:53:40 PM,-1.50
10609,3/25/2024 1:53:50 PM,-1.40
10609,3/25/2024 1:54:00 PM,-1.50
10609,3/25/2024 1:54:07 PM,-1.30
10609,3/25/2024 1:54:15 PM,-1.50
10609,3/25/2024 1:54:18 PM,-2.70
10609,3/25/2024 1:54:22 PM,-1.60
10609,3/25/2024 1:55:00 PM,-1.50
10609,3/25/2024 1:55:06 PM,-1.30
10609,3/25/2024 1:55:13 PM,-1.40
10609,3/25/2024 1:55:17 PM,-1.30
10609,3/25/2024 1:55:27 PM,-1.60
10609,3/25/2024 1:55:32 PM,-1.50
10609,3/25/2024 1:55:38 PM,-1.60
10609,3/25/2024 1:55:45 PM,-1.40
10609,3/25/2024 1:56:15 PM,-1.30
10609,3/25/2024 1:56:19 PM,-1.40
10609,3/25/2024 1:56:33 PM,-1.20
10609,3/25/2024 1:56:55 PM,-1.00
10609,3/25/2024 1:56:58 PM,-1.10
10609,3/25/2024 1:57:05 PM,-0.90
10609,3/25/2024 1:57:07 PM,-1.10
10609,3/25/2024 1:57:13 PM,-1.40
10609,3/25/2024 1:57:25 PM,-1.50
10609,3/25/2024 1:57:36 PM,-1.40
10609,3/25/2024 1:57:46 PM,-1.50
10609,3/25/2024 1:57:48 PM,-1.40
10609,3/25/2024 1:57:56 PM,-1.50
10609,3/25/2024 1:58:00 PM,-1.40
10609,3/25/2024 1:58:16 PM,-1.70
10609,3/25/2024 1:58:20 PM,-1.60
10609,3/25/2024 1:58:24 PM,-1.70
10609,3/25/2024 1:58:30 PM,-1.50
10609,3/25/2024 1:58:37 PM,-1.60
10609,3/25/2024 1:58:40 PM,-0.80
10609,3/25/2024 1:58:44 PM,-1.30
10609,3/25/2024 1:58:47 PM,-1.40
10609,3/25/2024 1:58:50 PM,-1.20
10609,3/25/2024 1:59:05 PM,-1.50
10609,3/25/2024 1:59:07 PM,-1.40
10609,3/25/2024 1:59:11 PM,-1.60
10609,3/25/2024 1:59:15 PM,-1.70
10609,3/25/2024 1:59:48 PM,-1.50
10609,3/25/2024 2:00:00 PM,-1.50
10609,3/25/2024 2:00:19 PM,-1.70
10609,3/25/2024 2:00:42 PM,-1.40
10609,3/25/2024 2:01:01 PM,-1.30
10609,3/25/2024 2:01:18 PM,-1.50
10609,3/25/2024 2:01:21 PM,-1.40
10609,3/25/2024 2:01:28 PM,-1.50
10609,3/25/2024 2:01:38 PM,-1.10
10609,3/25/2024 2:01:42 PM,-0.80
10609,3/25/2024 2:01:55 PM,-0.90
10609,3/25/2024 2:01:57 PM,-0.80
10609,3/25/2024 2:02:09 PM,-1.30
10609,3/25/2024 2:02:29 PM,-1.50
10609,3/25/2024 2:02:53 PM,-1.40
10609,3/25/2024 2:02:59 PM,-1.30
10609,3/25/2024 2:03:03 PM,-1.40
10609,3/25/2024 2:03:10 PM,-1.30
10609,3/25/2024 2:03:15 PM,-1.50
10609,3/25/2024 2:03:23 PM,-1.40
10609,3/25/2024 2:03:28 PM,-1.50
10609,3/25/2024 2:03:30 PM,-1.40
10609,3/25/2024 2:03:41 PM,-1.60
10609,3/25/2024 2:04:08 PM,-1.40
10609,3/25/2024 2:04:28 PM,-1.50
10609,3/25/2024 2:04:38 PM,-1.40
10609,3/25/2024 2:04:40 PM,-1.30
10609,3/25/2024 2:04:45 PM,-1.40
10609,3/25/2024 2:04:53 PM,-1.20
10609,3/25/2024 2:04:57 PM,-1.00
10609,3/25/2024 2:05:16 PM,-1.30
10609,3/25/2024 2:05:22 PM,-1.20
10609,3/25/2024 2:05:29 PM,-1.30
10609,3/25/2024 2:05:37 PM,-1.20
10609,3/25/2024 2:05:40 PM,-1.00
10609,3/25/2024 2:05:44 PM,-1.20
10609,3/25/2024 2:05:51 PM,-1.40
10609,3/25/2024 2:06:12 PM,-1.60
10609,3/25/2024 2:06:17 PM,-1.70
10609,3/25/2024 2:06:25 PM,-1.50
10609,3/25/2024 2:06:29 PM,-1.60
10609,3/25/2024 2:06:39 PM,-1.50
10609,3/25/2024 2:06:41 PM,-1.60
10609,3/25/2024 2:06:50 PM,-1.70
10609,3/25/2024 2:06:52 PM,-1.50
10609,3/25/2024 2:06:57 PM,-1.30
10609,3/25/2024 2:07:00 PM,-1.50
10609,3/25/2024 2:07:18 PM,-1.60
10609,3/25/2024 2:07:21 PM,-1.80
10609,3/25/2024 2:07:33 PM,-1.70
10609,3/25/2024 2:07:37 PM,-1.40
10609,3/25/2024 2:07:41 PM,-1.20
10609,3/25/2024 2:07:44 PM,-1.30
10609,3/25/2024 2:07:52 PM,-1.00
10609,3/25/2024 2:08:04 PM,-1.20
10609,3/25/2024 2:08:11 PM,-1.40
10609,3/25/2024 2:08:15 PM,-1.70
10609,3/25/2024 2:08:19 PM,-1.60
10609,3/25/2024 2:08:31 PM,-1.70
10609,3/25/2024 2:08:44 PM,-1.30
10609,3/25/2024 2:08:51 PM,-1.40
10609,3/25/2024 2:08:57 PM,-1.20
10609,3/25/2024 2:09:03 PM,-1.30
10609,3/25/2024 2:09:12 PM,-1.70
10609,3/25/2024 2:09:21 PM,-1.40
10609,3/25/2024 2:09:23 PM,-1.50
10609,3/25/2024 2:09:31 PM,-1.30
10609,3/25/2024 2:09:53 PM,-1.60
10609,3/25/2024 2:10:00 PM,-1.80
10609,3/25/2024 2:10:13 PM,-1.50
10609,3/25/2024 2:10:25 PM,-1.30
10609,3/25/2024 2:10:50 PM,-1.50
10609,3/25/2024 2:11:01 PM,-1.30
10609,3/25/2024 2:11:03 PM,-1.80
10609,3/25/2024 2:11:11 PM,-0.90
10609,3/25/2024 2:11:13 PM,-1.00
10609,3/25/2024 2:11:39 PM,-1.40
10609,3/25/2024 2:11:47 PM,-1.30
10609,3/25/2024 2:11:53 PM,-1.10
10609,3/25/2024 2:11:57 PM,-1.20
10609,3/25/2024 2:12:09 PM,-1.30
10609,3/25/2024 2:12:13 PM,-1.20
10609,3/25/2024 2:12:16 PM,-1.40
10609,3/25/2024 2:12:28 PM,-1.30
10609,3/25/2024 2:12:36 PM,-1.40
10609,3/25/2024 2:12:43 PM,-1.30
10609,3/25/2024 2:12:45 PM,-1.20
10609,3/25/2024 2:12:55 PM,-1.40
10609,3/25/2024 2:12:57 PM,-1.50
10609,3/25/2024 2:13:04 PM,-1.30
10609,3/25/2024 2:13:12 PM,-1.20
10609,3/25/2024 2:13:16 PM,-1.30
10609,3/25/2024 2:13:23 PM,-1.20
10609,3/25/2024 2:13:27 PM,-1.30
10609,3/25/2024 2:13:37 PM,-1.00
10609,3/25/2024 2:13:48 PM,-1.20
10609,3/25/2024 2:13:59 PM,-1.30
10609,3/25/2024 2:14:06 PM,-1.10
10609,3/25/2024 2:14:16 PM,-1.30
10609,3/25/2024 2:14:31 PM,-1.50
10609,3/25/2024 2:14:38 PM,-1.30
10609,3/25/2024 2:14:49 PM,-1.20
10609,3/25/2024 2:14:52 PM,-1.00
10609,3/25/2024 2:14:55 PM,-0.90
10609,3/25/2024 2:15:16 PM,-1.10
10609,3/25/2024 2:15:20 PM,-1.30
10609,3/25/2024 2:15:41 PM,-1.10
10609,3/25/2024 2:15:44 PM,-1.00
10609,3/25/2024 2:15:47 PM,-1.20
10609,3/25/2024 2:15:55 PM,-1.00
10609,3/25/2024 2:16:03 PM,-1.10
10609,3/25/2024 2:16:09 PM,-0.90
10609,3/25/2024 2:16:13 PM,-1.00
10609,3/25/2024 2:16:15 PM,-1.20
10609,3/25/2024 2:16:30 PM,-1.50
10609,3/25/2024 2:16:34 PM,-1.80
10609,3/25/2024 2:16:44 PM,-1.70
10609,3/25/2024 2:16:46 PM,-1.60
10609,3/25/2024 2:17:00 PM,-1.40
10609,3/25/2024 2:17:03 PM,-1.50
10609,3/25/2024 2:17:17 PM,-1.20
10609,3/25/2024 2:17:21 PM,-1.40
10609,3/25/2024 2:17:33 PM,-1.20
10609,3/25/2024 2:17:39 PM,-1.00
10609,3/25/2024 2:17:47 PM,-0.90
10609,3/25/2024 2:17:51 PM,-1.10
10609,3/25/2024 2:18:01 PM,-1.30
10609,3/25/2024 2:18:08 PM,-1.20
10609,3/25/2024 2:18:12 PM,-1.30
10609,3/25/2024 2:18:15 PM,-1.50
10609,3/25/2024 2:18:25 PM,-1.30
10609,3/25/2024 2:18:28 PM,-1.10
10609,3/25/2024 2:18:40 PM,-1.30
10609,3/25/2024 2:18:55 PM,-1.40
10609,3/25/2024 2:18:59 PM,-1.60
10609,3/25/2024 2:19:09 PM,-1.40
10609,3/25/2024 2:19:13 PM,-1.20
10609,3/25/2024 2:19:20 PM,-1.50
10609,3/25/2024 2:19:24 PM,-1.40
10609,3/25/2024 2:19:28 PM,-1.10
10609,3/25/2024 2:19:35 PM,-1.70
10609,3/25/2024 2:19:43 PM,-1.50
10609,3/25/2024 2:19:49 PM,-1.70
10609,3/25/2024 2:19:56 PM,-1.30
10609,3/25/2024 2:20:01 PM,-1.60
10609,3/25/2024 2:20:15 PM,-1.40
10609,3/25/2024 2:20:17 PM,-1.50
10609,3/25/2024 2:20:27 PM,-1.20
10609,3/25/2024 2:20:35 PM,-1.40
10609,3/25/2024 2:20:41 PM,-1.30
10609,3/25/2024 2:20:57 PM,-1.50
10609,3/25/2024 2:21:06 PM,-1.70
10609,3/25/2024 2:21:11 PM,-1.60
10609,3/25/2024 2:21:22 PM,-1.70
10609,3/25/2024 2:21:26 PM,-1.60
10609,3/25/2024 2:21:35 PM,-1.20
10609,3/25/2024 2:21:48 PM,-1.10
10609,3/25/2024 2:21:56 PM,-1.20
10609,3/25/2024 2:21:59 PM,-1.50
10609,3/25/2024 2:22:13 PM,-1.80
10609,3/25/2024 2:22:23 PM,-1.60
10609,3/25/2024 2:22:33 PM,-2.00
10609,3/25/2024 2:22:36 PM,-1.90
10609,3/25/2024 2:22:40 PM,-1.60
10609,3/25/2024 2:22:46 PM,-1.70
10609,3/25/2024 2:22:53 PM,-1.50
10609,3/25/2024 2:23:06 PM,-1.60
10609,3/25/2024 2:23:21 PM,-1.50
10609,3/25/2024 2:23:26 PM,-1.20
10609,3/25/2024 2:23:28 PM,-1.40
10609,3/25/2024 2:23:33 PM,-1.30
10609,3/25/2024 2:23:35 PM,-1.00
10609,3/25/2024 2:23:38 PM,-1.10
10609,3/25/2024 2:23:42 PM,-1.40
10609,3/25/2024 2:23:45 PM,-1.50
10609,3/25/2024 2:23:53 PM,-1.10
10609,3/25/2024 2:23:57 PM,-1.20
10609,3/25/2024 2:24:13 PM,-1.00
10609,3/25/2024 2:24:16 PM,-1.20
10609,3/25/2024 2:24:20 PM,-1.00
10609,3/25/2024 2:24:32 PM,-1.10
10609,3/25/2024 2:24:36 PM,-1.00
10609,3/25/2024 2:24:39 PM,-0.80
10609,3/25/2024 2:24:43 PM,-0.70
10609,3/25/2024 2:24:47 PM,-0.80
10609,3/25/2024 2:24:49 PM,-1.10
10609,3/25/2024 2:24:57 PM,-0.90
10609,3/25/2024 2:25:14 PM,-1.20
10609,3/25/2024 2:25:18 PM,-1.50
10609,3/25/2024 2:25:24 PM,-1.40
10609,3/25/2024 2:25:30 PM,-1.50
10609,3/25/2024 2:25:47 PM,-1.40
10609,3/25/2024 2:25:50 PM,-1.30
10609,3/25/2024 2:25:54 PM,-0.90
10609,3/25/2024 2:25:57 PM,-0.70
10609,3/25/2024 2:26:04 PM,-1.20
10609,3/25/2024 2:26:14 PM,-1.10
10609,3/25/2024 2:26:21 PM,-1.60
10609,3/25/2024 2:26:32 PM,-1.80
10609,3/25/2024 2:26:38 PM,-1.70
10609,3/25/2024 2:26:43 PM,-1.40
10609,3/25/2024 2:26:49 PM,-1.60
10609,3/25/2024 2:26:59 PM,-1.50
10609,3/25/2024 2:27:13 PM,-1.60
10609,3/25/2024 2:27:20 PM,-1.90
10609,3/25/2024 2:27:28 PM,-1.80
10609,3/25/2024 2:27:32 PM,-1.60
10609,3/25/2024 2:27:49 PM,-1.20
10609,3/25/2024 2:28:05 PM,-1.60
10609,3/25/2024 2:28:11 PM,-1.20
10609,3/25/2024 2:28:20 PM,-1.40
10609,3/25/2024 2:28:25 PM,-1.10
10609,3/25/2024 2:28:29 PM,-1.00
10609,3/25/2024 2:28:32 PM,-1.20
10609,3/25/2024 2:28:45 PM,-1.30
10609,3/25/2024 2:28:47 PM,-1.20
10609,3/25/2024 2:28:51 PM,-1.30
10609,3/25/2024 2:28:57 PM,-1.10
10609,3/25/2024 2:29:06 PM,-1.20
10609,3/25/2024 2:29:16 PM,-0.90
10609,3/25/2024 2:29:22 PM,-0.80
10609,3/25/2024 2:29:37 PM,-1.00
10609,3/25/2024 2:29:39 PM,-1.10
10609,3/25/2024 2:29:51 PM,-1.20
10609,3/25/2024 2:29:55 PM,-1.10
10609,3/25/2024 2:30:05 PM,-1.30
10609,3/25/2024 2:30:10 PM,-1.20
10609,3/25/2024 2:30:21 PM,-1.30
10609,3/25/2024 2:30:25 PM,-1.20
10609,3/25/2024 2:30:30 PM,-1.30
10609,3/25/2024 2:30:35 PM,-1.20
10609,3/25/2024 2:30:38 PM,-1.30
10609,3/25/2024 2:30:57 PM,-1.40
10609,3/25/2024 2:31:09 PM,-1.10
10609,3/25/2024 2:31:11 PM,-1.30
10609,3/25/2024 2:31:20 PM,-1.20
10609,3/25/2024 2:31:39 PM,-1.40
10609,3/25/2024 2:31:45 PM,-1.30
10609,3/25/2024 2:32:01 PM,-1.40
10609,3/25/2024 2:32:06 PM,-1.50
10609,3/25/2024 2:32:11 PM,-1.40
10609,3/25/2024 2:32:20 PM,-1.50
10609,3/25/2024 2:32:40 PM,-1.30
10609,3/25/2024 2:32:52 PM,-1.50
10609,3/25/2024 2:33:05 PM,-1.40
10609,3/25/2024 2:33:11 PM,-1.60
10609,3/25/2024 2:33:22 PM,-1.30
10609,3/25/2024 2:33:35 PM,-1.10
10609,3/25/2024 2:33:41 PM,-1.30
10609,3/25/2024 2:33:56 PM,-1.50
10609,3/25/2024 2:34:08 PM,-1.30
10609,3/25/2024 2:34:10 PM,-1.00
10609,3/25/2024 2:34:15 PM,-0.90
10609,3/25/2024 2:34:19 PM,-1.00
10609,3/25/2024 2:34:31 PM,-0.90
10609,3/25/2024 2:34:43 PM,-1.20
10609,3/25/2024 2:34:47 PM,-1.00
10609,3/25/2024 2:34:53 PM,-1.20
10609,3/25/2024 2:34:57 PM,-1.00
10609,3/25/2024 2:35:03 PM,-1.20
10609,3/25/2024 2:35:07 PM,-1.10
10609,3/25/2024 2:35:11 PM,-1.20
10609,3/25/2024 2:35:14 PM,-1.10
10609,3/25/2024 2:35:22 PM,-1.30
10609,3/25/2024 2:35:32 PM,-1.20
10609,3/25/2024 2:35:35 PM,-1.10
10609,3/25/2024 2:35:42 PM,-1.30
10609,3/25/2024 2:35:45 PM,-1.20
10609,3/25/2024 2:35:58 PM,-1.10
10609,3/25/2024 2:36:04 PM,-1.30
10609,3/25/2024 2:36:23 PM,-1.50
10609,3/25/2024 2:36:28 PM,-1.40
10609,3/25/2024 2:37:00 PM,-1.20
10609,3/25/2024 2:37:12 PM,-1.30
10609,3/25/2024 2:37:15 PM,-1.20
10609,3/25/2024 2:37:26 PM,-1.40
10609,3/25/2024 2:37:33 PM,-1.30
10609,3/25/2024 2:37:40 PM,-1.40
10609,3/25/2024 2:37:47 PM,-1.30
10609,3/25/2024 2:37:54 PM,-1.40
10609,3/25/2024 2:38:04 PM,-1.30
10609,3/25/2024 2:38:11 PM,-1.40
10609,3/25/2024 2:38:13 PM,-1.30
10609,3/25/2024 2:38:17 PM,-1.40
10609,3/25/2024 2:38:22 PM,-1.30
10609,3/25/2024 2:38:48 PM,-1.70
10609,3/25/2024 2:38:54 PM,-1.90
10609,3/25/2024 2:38:57 PM,-1.80
10609,3/25/2024 2:39:03 PM,-1.40
10609,3/25/2024 2:39:20 PM,-0.90
10609,3/25/2024 2:39:35 PM,-1.00
10609,3/25/2024 2:39:39 PM,-1.20
10609,3/25/2024 2:40:10 PM,-1.20
10609,3/25/2024 2:40:18 PM,-1.00
10609,3/25/2024 2:40:34 PM,-0.80
10609,3/25/2024 2:40:44 PM,-1.10
10609,3/25/2024 2:40:48 PM,-1.00
10609,3/25/2024 2:40:55 PM,-1.10
10609,3/25/2024 2:40:58 PM,-1.30
10609,3/25/2024 2:41:04 PM,-1.20
10609,3/25/2024 2:41:18 PM,-1.40
10609,3/25/2024 2:41:37 PM,-1.20
10609,3/25/2024 2:41:58 PM,-1.60
10609,3/25/2024 2:42:12 PM,-1.50
10609,3/25/2024 2:42:14 PM,-1.60
10609,3/25/2024 2:42:33 PM,-1.40
10609,3/25/2024 2:42:36 PM,-1.60
10609,3/25/2024 2:42:52 PM,-1.40
10609,3/25/2024 2:42:55 PM,-1.30
10609,3/25/2024 2:43:04 PM,-1.40
10609,3/25/2024 2:43:07 PM,-1.60
10609,3/25/2024 2:43:10 PM,-1.50
10609,3/25/2024 2:43:16 PM,-1.00
10609,3/25/2024 2:43:24 PM,-1.30
10609,3/25/2024 2:43:31 PM,-1.10
10609,3/25/2024 2:43:35 PM,-0.90
10609,3/25/2024 2:43:55 PM,-1.20
10609,3/25/2024 2:43:58 PM,-1.40
10609,3/25/2024 2:44:03 PM,-1.20
10609,3/25/2024 2:44:15 PM,-1.30
10609,3/25/2024 2:44:19 PM,-1.20
10609,3/25/2024 2:44:25 PM,-1.30
10609,3/25/2024 2:44:37 PM,-1.20
10609,3/25/2024 2:44:41 PM,-1.10
10609,3/25/2024 2:44:44 PM,-1.20
10609,3/25/2024 2:44:48 PM,-1.10
10609,3/25/2024 2:44:54 PM,-1.20
10609,3/25/2024 2:44:56 PM,-1.10
10609,3/25/2024 2:44:58 PM,-1.20
10609,3/25/2024 2:45:06 PM,-1.30
10609,3/25/2024 2:45:18 PM,-1.20
10609,3/25/2024 2:45:21 PM,-1.10
10609,3/25/2024 2:45:27 PM,-1.20
10609,3/25/2024 2:45:34 PM,-1.00
10609,3/25/2024 2:45:38 PM,-0.80
10609,3/25/2024 2:45:50 PM,-0.90
10609,3/25/2024 2:46:01 PM,-0.80
10609,3/25/2024 2:46:20 PM,-1.10
10609,3/25/2024 2:46:27 PM,-0.90
10609,3/25/2024 2:46:36 PM,-1.10
10609,3/25/2024 2:46:48 PM,-1.20
10609,3/25/2024 2:46:52 PM,-1.30
10609,3/25/2024 2:47:02 PM,-1.00
10609,3/25/2024 2:47:09 PM,-0.60
10609,3/25/2024 2:47:27 PM,-0.80
10609,3/25/2024 2:47:32 PM,-1.40
10609,3/25/2024 2:47:35 PM,-1.60
10609,3/25/2024 2:47:51 PM,-1.50
10609,3/25/2024 2:47:57 PM,-1.20
10609,3/25/2024 2:48:04 PM,-0.80
10609,3/25/2024 2:48:08 PM,-0.70
10609,3/25/2024 2:48:11 PM,-0.40
10609,3/25/2024 2:48:16 PM,-0.20
10609,3/25/2024 2:48:22 PM,-0.50
10609,3/25/2024 2:48:26 PM,-0.60
10609,3/25/2024 2:48:29 PM,-0.80
10609,3/25/2024 2:48:34 PM,-1.30
10609,3/25/2024 2:48:46 PM,-1.50
10609,3/25/2024 2:48:58 PM,-1.30
10609,3/25/2024 2:49:01 PM,-1.20
10609,3/25/2024 2:49:09 PM,-1.40
10609,3/25/2024 2:49:12 PM,-1.30
10609,3/25/2024 2:49:26 PM,-1.70
10609,3/25/2024 2:49:43 PM,-1.60
10609,3/25/2024 2:50:06 PM,-1.10
10609,3/25/2024 2:50:09 PM,-1.20
10609,3/25/2024 2:50:24 PM,-1.10
10609,3/25/2024 2:50:31 PM,-0.90
10609,3/25/2024 2:50:41 PM,-1.20
10609,3/25/2024 2:50:47 PM,-1.10
10609,3/25/2024 2:50:53 PM,-0.90
10609,3/25/2024 2:51:06 PM,-1.10
10609,3/25/2024 2:51:09 PM,-1.30
10609,3/25/2024 2:51:17 PM,-1.20
10609,3/25/2024 2:51:24 PM,-1.00
10609,3/25/2024 2:51:30 PM,-0.70
10609,3/25/2024 2:51:35 PM,-0.30
10609,3/25/2024 2:51:38 PM,-0.40
10609,3/25/2024 2:51:41 PM,-0.60
10609,3/25/2024 2:51:56 PM,-1.00
10609,3/25/2024 2:51:58 PM,-1.30
10609,3/25/2024 2:52:02 PM,-1.50
10609,3/25/2024 2:52:17 PM,-1.20
10609,3/25/2024 2:52:28 PM,-0.70
10609,3/25/2024 2:52:36 PM,-0.90
10609,3/25/2024 2:52:40 PM,-0.80
10609,3/25/2024 2:52:43 PM,-0.60
10609,3/25/2024 2:52:47 PM,-1.30
10609,3/25/2024 2:52:54 PM,-1.60
10609,3/25/2024 2:53:00 PM,-1.50
10609,3/25/2024 2:53:03 PM,-1.60
10609,3/25/2024 2:53:31 PM,-1.30
10609,3/25/2024 2:53:35 PM,-1.20
10609,3/25/2024 2:53:43 PM,-1.40
10609,3/25/2024 2:53:54 PM,-1.20
10609,3/25/2024 2:54:03 PM,-1.50
10609,3/25/2024 2:54:06 PM,-1.30
10609,3/25/2024 2:54:28 PM,-1.10
10609,3/25/2024 2:54:36 PM,-0.70
10609,3/25/2024 2:54:47 PM,-0.80
10609,3/25/2024 2:54:54 PM,-1.00
10609,3/25/2024 2:54:58 PM,-1.20
10609,3/25/2024 2:55:00 PM,-1.40
10609,3/25/2024 2:55:04 PM,-1.60
10609,3/25/2024 2:55:09 PM,-1.70
10609,3/25/2024 2:55:12 PM,-1.60
10609,3/25/2024 2:55:15 PM,-1.40
10609,3/25/2024 2:55:23 PM,-1.20
10609,3/25/2024 2:55:37 PM,-0.50
10609,3/25/2024 2:55:45 PM,-0.70
10609,3/25/2024 2:55:51 PM,-1.00
10609,3/25/2024 2:55:55 PM,-1.10
10609,3/25/2024 2:56:31 PM,-0.70
10609,3/25/2024 2:56:37 PM,-0.60
10609,3/25/2024 2:56:44 PM,-0.30
10609,3/25/2024 2:56:48 PM,0.10
10609,3/25/2024 2:56:50 PM,0.20
10609,3/25/2024 2:56:56 PM,0.00
10609,3/25/2024 2:56:59 PM,-0.50
10609,3/25/2024 2:57:04 PM,-1.00
10609,3/25/2024 2:57:14 PM,-1.30
10609,3/25/2024 2:57:20 PM,-1.70
10609,3/25/2024 2:57:24 PM,-1.80
10609,3/25/2024 2:57:31 PM,-1.10
10609,3/25/2024 2:57:35 PM,-0.80
10609,3/25/2024 2:57:38 PM,-0.40
10609,3/25/2024 2:57:42 PM,-0.20
10609,3/25/2024 2:57:52 PM,-0.40
10609,3/25/2024 2:57:55 PM,-0.70
10609,3/25/2024 2:58:01 PM,-1.00
10609,3/25/2024 2:58:09 PM,-1.10
10609,3/25/2024 2:58:13 PM,-1.30
10609,3/25/2024 2:58:20 PM,-1.50
10609,3/25/2024 2:58:27 PM,-1.20
10609,3/25/2024 2:58:33 PM,-0.60
10609,3/25/2024 2:58:41 PM,0.10
10609,3/25/2024 2:58:45 PM,0.20
10609,3/25/2024 2:58:56 PM,-0.20
10609,3/25/2024 2:59:05 PM,-1.10
10609,3/25/2024 2:59:09 PM,-1.60
10609,3/25/2024 2:59:13 PM,-2.00
10609,3/25/2024 2:59:20 PM,-1.90
10609,3/25/2024 2:59:32 PM,-1.30
10609,3/25/2024 2:59:35 PM,-1.10
10609,3/25/2024 2:59:38 PM,-1.00
10609,3/25/2024 2:59:49 PM,-1.10
10609,3/25/2024 2:59:51 PM,-1.20
10609,3/25/2024 2:59:58 PM,-1.30
10609,3/25/2024 3:00:00 PM,-1.40
10609,3/25/2024 3:00:01 PM,-1.50
10609,3/25/2024 3:00:12 PM,-1.70
10609,3/25/2024 3:00:22 PM,-1.40
10609,3/25/2024 3:00:37 PM,-0.70
10609,3/25/2024 3:00:47 PM,-0.80
10609,3/25/2024 3:00:51 PM,-0.60
10609,3/25/2024 3:01:01 PM,-0.90
10609,3/25/2024 3:01:10 PM,-1.10
10609,3/25/2024 3:01:13 PM,-1.00
10609,3/25/2024 3:01:30 PM,-0.80
10609,3/25/2024 3:01:35 PM,-0.60
10609,3/25/2024 3:02:04 PM,-1.00
10609,3/25/2024 3:02:15 PM,-0.90
10609,3/25/2024 3:02:22 PM,-0.60
10609,3/25/2024 3:02:30 PM,-0.40
10609,3/25/2024 3:02:43 PM,-0.80
10609,3/25/2024 3:02:50 PM,-0.90
10609,3/25/2024 3:02:52 PM,-1.10
10609,3/25/2024 3:03:08 PM,-0.90
10609,3/25/2024 3:03:19 PM,-0.50
10609,3/25/2024 3:03:22 PM,-0.60
10609,3/25/2024 3:03:32 PM,-0.40
10609,3/25/2024 3:03:35 PM,-0.60
10609,3/25/2024 3:03:53 PM,-1.00
10609,3/25/2024 3:04:10 PM,-0.70
10609,3/25/2024 3:04:33 PM,-1.00
10609,3/25/2024 3:04:55 PM,-1.20
10609,3/25/2024 3:04:58 PM,-1.30
10609,3/25/2024 3:05:03 PM,-1.20
10609,3/25/2024 3:05:05 PM,-1.00
10609,3/25/2024 3:05:15 PM,-1.10
10609,3/25/2024 3:05:33 PM,-0.90
10609,3/25/2024 3:05:35 PM,-0.80
10609,3/25/2024 3:05:44 PM,-1.00
10609,3/25/2024 3:05:57 PM,-1.10
10609,3/25/2024 3:06:21 PM,-0.90
10609,3/25/2024 3:06:33 PM,-0.70
10609,3/25/2024 3:06:43 PM,-1.10
10609,3/25/2024 3:06:53 PM,-0.90
10609,3/25/2024 3:07:09 PM,-0.80
10609,3/25/2024 3:07:27 PM,-1.00
10609,3/25/2024 3:07:35 PM,-1.20
10609,3/25/2024 3:07:39 PM,-1.00
10609,3/25/2024 3:07:47 PM,-0.90
10609,3/25/2024 3:07:54 PM,-0.60
10609,3/25/2024 3:07:58 PM,-0.70
10609,3/25/2024 3:08:00 PM,-0.90
10609,3/25/2024 3:08:10 PM,-1.10
10609,3/25/2024 3:08:12 PM,-1.20
10609,3/25/2024 3:08:24 PM,-1.40
10609,3/25/2024 3:08:26 PM,-1.30
10609,3/25/2024 3:08:58 PM,-0.90
10609,3/25/2024 3:09:09 PM,-1.00
10609,3/25/2024 3:09:16 PM,-1.20
10609,3/25/2024 3:09:27 PM,-0.90
10609,3/25/2024 3:09:36 PM,-0.60
10609,3/25/2024 3:09:44 PM,-0.80
10609,3/25/2024 3:10:08 PM,-0.90
10609,3/25/2024 3:10:22 PM,-0.50
10609,3/25/2024 3:10:34 PM,-0.40
10609,3/25/2024 3:10:44 PM,-0.60
10609,3/25/2024 3:10:47 PM,-0.70
10609,3/25/2024 3:10:52 PM,-1.00
10609,3/25/2024 3:10:58 PM,-1.10
10609,3/25/2024 3:11:05 PM,-1.00
10609,3/25/2024 3:11:11 PM,-1.20
10609,3/25/2024 3:11:21 PM,-1.10
10609,3/25/2024 3:11:24 PM,-1.00
10609,3/25/2024 3:11:28 PM,-1.10
10609,3/25/2024 3:11:47 PM,-0.90
10609,3/25/2024 3:11:50 PM,0.10
10609,3/25/2024 3:11:54 PM,-0.90
10609,3/25/2024 3:11:58 PM,-1.00
10609,3/25/2024 3:12:01 PM,-0.80
10609,3/25/2024 3:12:03 PM,-1.00
10609,3/25/2024 3:12:10 PM,-0.70
10609,3/25/2024 3:12:18 PM,-0.80
10609,3/25/2024 3:12:27 PM,-0.60
10609,3/25/2024 3:12:34 PM,-0.70
10609,3/25/2024 3:12:41 PM,-0.50
10609,3/25/2024 3:13:01 PM,-0.70
10609,3/25/2024 3:13:04 PM,-0.80
10609,3/25/2024 3:13:13 PM,-0.70
10609,3/25/2024 3:13:25 PM,-0.80
10609,3/25/2024 3:13:36 PM,-0.70
10609,3/25/2024 3:13:47 PM,-0.80
10609,3/25/2024 3:13:50 PM,-0.90
10609,3/25/2024 3:13:58 PM,-0.80
10609,3/25/2024 3:14:00 PM,-0.70
10609,3/25/2024 3:14:04 PM,-1.70
10609,3/25/2024 3:14:08 PM,-0.60
10609,3/25/2024 3:14:11 PM,-0.70
10609,3/25/2024 3:14:14 PM,-0.90
10609,3/25/2024 3:14:22 PM,-0.60
10609,3/25/2024 3:14:25 PM,-0.70
10609,3/25/2024 3:14:30 PM,-1.10
10609,3/25/2024 3:14:41 PM,-1.00
10609,3/25/2024 3:14:47 PM,-1.20
10609,3/25/2024 3:15:00 PM,-0.90
10609,3/25/2024 3:15:07 PM,-1.00
10609,3/25/2024 3:15:13 PM,-0.90
10609,3/25/2024 3:15:20 PM,-1.00
10609,3/25/2024 3:15:23 PM,-0.90
10609,3/25/2024 3:15:32 PM,-1.20
10609,3/25/2024 3:15:44 PM,-0.90
10609,3/25/2024 3:15:51 PM,-0.70
10609,3/25/2024 3:16:11 PM,-1.00
10609,3/25/2024 3:16:25 PM,-0.80
10609,3/25/2024 3:16:28 PM,-0.70
10609,3/25/2024 3:16:34 PM,-0.90
10609,3/25/2024 3:16:45 PM,-0.70
10609,3/25/2024 3:16:52 PM,-0.90
10609,3/25/2024 3:16:57 PM,-0.80
10609,3/25/2024 3:17:08 PM,-1.00
10609,3/25/2024 3:17:17 PM,-0.80
10609,3/25/2024 3:17:21 PM,-0.90
10609,3/25/2024 3:17:27 PM,-0.70
10609,3/25/2024 3:17:35 PM,-0.80
10609,3/25/2024 3:17:46 PM,-0.60
10609,3/25/2024 3:17:58 PM,-0.50
10609,3/25/2024 3:18:14 PM,-1.00
10609,3/25/2024 3:18:44 PM,-0.80
10609,3/25/2024 3:19:00 PM,-1.00
10609,3/25/2024 3:19:07 PM,-1.20
10609,3/25/2024 3:19:12 PM,-1.00
10609,3/25/2024 3:19:24 PM,-1.10
10609,3/25/2024 3:19:32 PM,-0.90
10609,3/25/2024 3:19:43 PM,-0.80
10609,3/25/2024 3:19:50 PM,-1.00
10609,3/25/2024 3:20:04 PM,-1.10
10609,3/25/2024 3:20:22 PM,-1.00
10609,3/25/2024 3:20:27 PM,-0.90
10609,3/25/2024 3:20:46 PM,-0.80
10609,3/25/2024 3:20:51 PM,-0.70
10609,3/25/2024 3:21:08 PM,-0.90
10609,3/25/2024 3:21:12 PM,-0.80
10609,3/25/2024 3:21:55 PM,-1.20
10609,3/25/2024 3:22:13 PM,-0.90
10609,3/25/2024 3:22:24 PM,-1.10
10609,3/25/2024 3:22:26 PM,-1.40
10609,3/25/2024 3:22:31 PM,-1.60
10609,3/25/2024 3:22:37 PM,-1.00
10609,3/25/2024 3:22:42 PM,-0.70
10609,3/25/2024 3:22:48 PM,-1.00
10609,3/25/2024 3:22:56 PM,-0.70
10609,3/25/2024 3:23:04 PM,-1.10
10609,3/25/2024 3:23:12 PM,-1.20
10609,3/25/2024 3:23:14 PM,-1.40
10609,3/25/2024 3:23:21 PM,-1.50
10609,3/25/2024 3:23:38 PM,-0.80
10609,3/25/2024 3:23:46 PM,-0.60
10609,3/25/2024 3:24:04 PM,-0.80
10609,3/25/2024 3:24:07 PM,-1.00
10609,3/25/2024 3:24:11 PM,-1.70
10609,3/25/2024 3:24:14 PM,-1.90
10609,3/25/2024 3:24:27 PM,-1.60
10609,3/25/2024 3:24:30 PM,-1.30
10609,3/25/2024 3:24:41 PM,-0.90
10609,3/25/2024 3:24:45 PM,-0.50
10609,3/25/2024 3:24:47 PM,-0.40
10609,3/25/2024 3:24:54 PM,-0.60
10609,3/25/2024 3:25:04 PM,-1.10
10609,3/25/2024 3:25:07 PM,-1.20
10609,3/25/2024 3:25:14 PM,-1.00
10609,3/25/2024 3:25:20 PM,-1.20
10609,3/25/2024 3:25:31 PM,-0.90
10609,3/25/2024 3:25:42 PM,-0.20
10609,3/25/2024 3:25:45 PM,-0.60
10609,3/25/2024 3:25:47 PM,-0.30
10609,3/25/2024 3:25:51 PM,-0.40
10609,3/25/2024 3:25:54 PM,-0.60
10609,3/25/2024 3:25:57 PM,-0.50
10609,3/25/2024 3:26:11 PM,-0.90
10609,3/25/2024 3:26:17 PM,-1.20
10609,3/25/2024 3:26:24 PM,-1.40
10609,3/25/2024 3:26:27 PM,-1.30
10609,3/25/2024 3:26:30 PM,-1.00
10609,3/25/2024 3:26:37 PM,-0.80
10609,3/25/2024 3:26:49 PM,-0.60
10609,3/25/2024 3:26:57 PM,-0.10
10609,3/25/2024 3:27:01 PM,-0.20
10609,3/25/2024 3:27:07 PM,-0.70
10609,3/25/2024 3:27:15 PM,-0.90
10609,3/25/2024 3:27:26 PM,-1.50
10609,3/25/2024 3:27:37 PM,-1.30
10609,3/25/2024 3:27:41 PM,-1.10
10609,3/25/2024 3:27:44 PM,-0.80
10609,3/25/2024 3:27:50 PM,-0.50
10609,3/25/2024 3:27:54 PM,-0.40
10609,3/25/2024 3:28:05 PM,-0.50
10609,3/25/2024 3:28:09 PM,-0.80
10609,3/25/2024 3:28:17 PM,-1.10
10609,3/25/2024 3:28:20 PM,-1.40
10609,3/25/2024 3:28:24 PM,-1.50
10609,3/25/2024 3:28:34 PM,-1.40
10609,3/25/2024 3:28:42 PM,-1.20
10609,3/25/2024 3:28:48 PM,-0.90
10609,3/25/2024 3:28:56 PM,-0.70
10609,3/25/2024 3:29:06 PM,-0.90
10609,3/25/2024 3:29:16 PM,-0.80
10609,3/25/2024 3:29:27 PM,-0.90
10609,3/25/2024 3:29:30 PM,-0.80
10609,3/25/2024 3:29:34 PM,-0.90
10609,3/25/2024 3:29:37 PM,-0.80
10609,3/25/2024 3:29:59 PM,-0.90
10609,3/25/2024 3:30:10 PM,-0.60
10609,3/25/2024 3:30:15 PM,-0.70
10609,3/25/2024 3:30:19 PM,-0.60
10609,3/25/2024 3:30:29 PM,-0.70
10609,3/25/2024 3:30:35 PM,-0.60
10609,3/25/2024 3:30:41 PM,-0.70
10609,3/25/2024 3:30:51 PM,-1.10
10609,3/25/2024 3:31:02 PM,-0.80
10609,3/25/2024 3:31:10 PM,-1.10
10609,3/25/2024 3:31:13 PM,-0.70
10609,3/25/2024 3:31:17 PM,-0.60
10609,3/25/2024 3:31:37 PM,-0.80
10609,3/25/2024 3:31:54 PM,-0.70
10609,3/25/2024 3:32:04 PM,-0.90
10609,3/25/2024 3:32:18 PM,-1.20
10609,3/25/2024 3:32:39 PM,-0.90
10609,3/25/2024 3:33:08 PM,-1.10
10609,3/25/2024 3:33:13 PM,-1.20
10609,3/25/2024 3:33:33 PM,-1.00
10609,3/25/2024 3:33:36 PM,-0.90
10609,3/25/2024 3:33:48 PM,-0.80
10609,3/25/2024 3:33:55 PM,-0.60
10609,3/25/2024 3:33:58 PM,-0.70
10609,3/25/2024 3:34:02 PM,-0.60
10609,3/25/2024 3:34:08 PM,-0.70
10609,3/25/2024 3:34:14 PM,-0.60
10609,3/25/2024 3:34:24 PM,-0.70
10609,3/25/2024 3:34:28 PM,-0.90
10609,3/25/2024 3:34:32 PM,-0.80
10609,3/25/2024 3:34:36 PM,-0.90
10609,3/25/2024 3:34:42 PM,-0.70
10609,3/25/2024 3:35:00 PM,-1.00
10609,3/25/2024 3:35:18 PM,-0.60
10609,3/25/2024 3:35:25 PM,-0.70
10609,3/25/2024 3:35:45 PM,-0.60
10609,3/25/2024 3:35:51 PM,-0.80
10609,3/25/2024 3:36:00 PM,-0.90
10609,3/25/2024 3:36:23 PM,-0.80
10609,3/25/2024 3:36:26 PM,-0.70
10609,3/25/2024 3:36:45 PM,-0.90
10609,3/25/2024 3:36:51 PM,-0.80
10609,3/25/2024 3:37:05 PM,-0.90
10609,3/25/2024 3:37:12 PM,-0.70
10609,3/25/2024 3:37:19 PM,-0.60
10609,3/25/2024 3:37:22 PM,-0.70
10609,3/25/2024 3:37:38 PM,-0.60
10609,3/25/2024 3:37:42 PM,-0.80
10609,3/25/2024 3:37:46 PM,-0.70
10609,3/25/2024 3:37:57 PM,-0.80
10609,3/25/2024 3:38:02 PM,-1.00
10609,3/25/2024 3:38:21 PM,-0.90
10609,3/25/2024 3:38:32 PM,-1.10
10609,3/25/2024 3:38:42 PM,-0.80
10609,3/25/2024 3:39:00 PM,-1.00
10609,3/25/2024 3:39:22 PM,-0.80
10609,3/25/2024 3:39:26 PM,-0.70
10609,3/25/2024 3:39:55 PM,-0.80
10609,3/25/2024 3:40:01 PM,-1.00
10609,3/25/2024 3:40:15 PM,-0.90
10609,3/25/2024 3:40:21 PM,-1.00
10609,3/25/2024 3:40:40 PM,-0.70
10609,3/25/2024 3:40:51 PM,-0.90
10609,3/25/2024 3:41:10 PM,-0.80
10609,3/25/2024 3:41:13 PM,-0.90
10609,3/25/2024 3:41:20 PM,-0.80
10609,3/25/2024 3:41:23 PM,-0.90
10609,3/25/2024 3:41:28 PM,-0.80
10609,3/25/2024 3:41:46 PM,-1.00
10609,3/25/2024 3:42:04 PM,-0.90
10609,3/25/2024 3:42:07 PM,-0.80
10609,3/25/2024 3:42:13 PM,-0.90
10609,3/25/2024 3:42:18 PM,-0.80
10609,3/25/2024 3:42:21 PM,-0.90
10609,3/25/2024 3:42:37 PM,-0.70
10609,3/25/2024 3:42:51 PM,-0.90
10609,3/25/2024 3:43:12 PM,-0.60
10609,3/25/2024 3:43:20 PM,-0.70
10609,3/25/2024 3:43:23 PM,-0.60
10609,3/25/2024 3:43:48 PM,-0.80
10609,3/25/2024 3:43:52 PM,-0.70
10609,3/25/2024 3:43:55 PM,-0.80
10609,3/25/2024 3:44:18 PM,-0.70
10609,3/25/2024 3:44:29 PM,-0.90
10609,3/25/2024 3:44:43 PM,-0.70
10609,3/25/2024 3:45:12 PM,-1.00
10609,3/25/2024 3:45:31 PM,-0.60
10609,3/25/2024 3:45:48 PM,-0.80
10609,3/25/2024 3:45:59 PM,-0.60
10609,3/25/2024 3:46:02 PM,-0.70
10609,3/25/2024 3:46:28 PM,-0.40
10609,3/25/2024 3:46:32 PM,-0.30
10609,3/25/2024 3:46:35 PM,-0.50
10609,3/25/2024 3:46:46 PM,-0.20
10609,3/25/2024 3:46:53 PM,-0.40
10609,3/25/2024 3:46:55 PM,-0.30
10609,3/25/2024 3:47:05 PM,-0.80
10609,3/25/2024 3:47:09 PM,-0.70
10609,3/25/2024 3:47:24 PM,-0.80
10609,3/25/2024 3:47:26 PM,-0.90
10609,3/25/2024 3:47:34 PM,-0.70
10609,3/25/2024 3:47:48 PM,-0.80
10609,3/25/2024 3:47:52 PM,-0.90
10609,3/25/2024 3:47:54 PM,-0.80
10609,3/25/2024 3:47:57 PM,-0.90
10609,3/25/2024 3:48:08 PM,-0.70
10609,3/25/2024 3:48:22 PM,-0.90
10609,3/25/2024 3:48:44 PM,-0.80
10609,3/25/2024 3:48:47 PM,-1.80
10609,3/25/2024 3:48:52 PM,-1.50
10609,3/25/2024 3:48:55 PM,-0.90
10609,3/25/2024 3:48:59 PM,-1.00
10609,3/25/2024 3:49:07 PM,-0.80
10609,3/25/2024 3:49:14 PM,-0.90
10609,3/25/2024 3:49:37 PM,-0.80
10609,3/25/2024 3:49:49 PM,-1.10
10609,3/25/2024 3:50:11 PM,-0.80
10609,3/25/2024 3:50:25 PM,-1.00
10609,3/25/2024 3:50:35 PM,-0.80
10609,3/25/2024 3:50:38 PM,-0.90
10609,3/25/2024 3:50:45 PM,-0.70
10609,3/25/2024 3:50:48 PM,-0.80
10609,3/25/2024 3:51:01 PM,-1.00
10609,3/25/2024 3:51:05 PM,-1.10
10609,3/25/2024 3:51:07 PM,-1.00
10609,3/25/2024 3:51:17 PM,-0.80
10609,3/25/2024 3:51:21 PM,-0.70
10609,3/25/2024 3:51:36 PM,-0.90
10609,3/25/2024 3:51:46 PM,-0.70
10609,3/25/2024 3:51:54 PM,-1.00
10609,3/25/2024 3:52:25 PM,-0.80
10609,3/25/2024 3:52:29 PM,-0.70
10609,3/25/2024 3:52:47 PM,-1.00
10609,3/25/2024 3:52:51 PM,-1.20
10609,3/25/2024 3:52:55 PM,-1.00
10609,3/25/2024 3:53:08 PM,-1.20
10609,3/25/2024 3:53:17 PM,-1.00
10609,3/25/2024 3:53:22 PM,-0.80
10609,3/25/2024 3:53:26 PM,-1.00
10609,3/25/2024 3:53:35 PM,-0.80
10609,3/25/2024 3:53:45 PM,-0.90
10609,3/25/2024 3:53:50 PM,-1.10
10609,3/25/2024 3:53:54 PM,-1.00
10609,3/25/2024 3:53:58 PM,-0.70
10609,3/25/2024 3:54:10 PM,-0.80
10609,3/25/2024 3:54:18 PM,-1.00
10609,3/25/2024 3:54:26 PM,-0.70
10609,3/25/2024 3:54:32 PM,-1.00
10609,3/25/2024 3:54:47 PM,-0.70
10609,3/25/2024 3:54:57 PM,-1.00
10609,3/25/2024 3:55:05 PM,-0.80
10609,3/25/2024 3:55:11 PM,-0.90
10609,3/25/2024 3:55:22 PM,-0.80
10609,3/25/2024 3:55:29 PM,-0.90
10609,3/25/2024 3:55:41 PM,-0.80
10609,3/25/2024 3:55:56 PM,-0.90
10609,3/25/2024 3:56:02 PM,-0.80
10609,3/25/2024 3:56:12 PM,-0.90
10609,3/25/2024 3:56:17 PM,-0.60
10609,3/25/2024 3:56:20 PM,-0.80
10609,3/25/2024 3:56:24 PM,-0.90
10609,3/25/2024 3:56:27 PM,-0.80
10609,3/25/2024 3:56:38 PM,-1.00
10609,3/25/2024 3:57:19 PM,-0.60
10609,3/25/2024 3:57:21 PM,-0.30
10609,3/25/2024 3:57:28 PM,-0.40
10609,3/25/2024 3:57:32 PM,-0.60
10609,3/25/2024 3:57:43 PM,-0.90
10609,3/25/2024 3:57:51 PM,-1.00
10609,3/25/2024 3:57:54 PM,-0.90
10609,3/25/2024 3:58:10 PM,-0.80
10609,3/25/2024 3:58:12 PM,-0.70
10609,3/25/2024 3:58:26 PM,-0.90
10609,3/25/2024 3:58:29 PM,-0.80
10609,3/25/2024 3:58:32 PM,-0.90
10609,3/25/2024 3:58:44 PM,-0.70
10609,3/25/2024 3:58:48 PM,-0.80
10609,3/25/2024 3:58:51 PM,-1.00
10609,3/25/2024 3:58:55 PM,-1.10
10609,3/25/2024 3:58:58 PM,-1.00
10609,3/25/2024 3:59:04 PM,-1.20
10609,3/25/2024 3:59:12 PM,-1.00
10609,3/25/2024 3:59:20 PM,-1.20
10609,3/25/2024 3:59:31 PM,-1.00
10609,3/25/2024 3:59:50 PM,-1.10
10609,3/25/2024 3:59:52 PM,-1.00
10609,3/25/2024 4:00:00 PM,-1.10
10609,3/25/2024 4:00:11 PM,-0.90
10609,3/25/2024 4:00:14 PM,-1.00
10609,3/25/2024 4:00:20 PM,-0.90
10609,3/25/2024 4:00:32 PM,-1.00
10609,3/25/2024 4:00:36 PM,-1.10
10609,3/25/2024 4:00:46 PM,-0.90
10609,3/25/2024 4:00:53 PM,-1.00
10609,3/25/2024 4:01:07 PM,-0.80
10609,3/25/2024 4:01:11 PM,-0.90
10609,3/25/2024 4:01:14 PM,-1.10
10609,3/25/2024 4:01:25 PM,-0.80
10609,3/25/2024 4:01:32 PM,-1.00
10609,3/25/2024 4:01:37 PM,-0.90
10609,3/25/2024 4:01:39 PM,-1.00
10609,3/25/2024 4:01:43 PM,-0.80
10609,3/25/2024 4:02:02 PM,-0.90
10609,3/25/2024 4:02:16 PM,-0.70
10609,3/25/2024 4:02:30 PM,-0.80
10609,3/25/2024 4:02:37 PM,-0.60
10609,3/25/2024 4:02:41 PM,-0.70
10609,3/25/2024 4:02:44 PM,-0.60
10609,3/25/2024 4:02:47 PM,-0.70
10609,3/25/2024 4:02:59 PM,-0.60
10609,3/25/2024 4:03:02 PM,-0.70
10609,3/25/2024 4:03:17 PM,-0.80
10609,3/25/2024 4:03:20 PM,-0.70
10609,3/25/2024 4:03:29 PM,-0.90
10609,3/25/2024 4:03:39 PM,-0.80
10609,3/25/2024 4:03:58 PM,-1.10
10609,3/25/2024 4:04:04 PM,-0.90
10609,3/25/2024 4:04:13 PM,-1.00
10609,3/25/2024 4:04:17 PM,-0.90
10609,3/25/2024 4:04:30 PM,-0.80
10609,3/25/2024 4:04:37 PM,-0.90
10609,3/25/2024 4:04:41 PM,-1.10
10609,3/25/2024 4:04:56 PM,-0.90
10609,3/25/2024 4:05:03 PM,-1.10
10609,3/25/2024 4:05:10 PM,-0.80
10609,3/25/2024 4:05:12 PM,-0.90
10609,3/25/2024 4:05:19 PM,-0.60
10609,3/25/2024 4:05:27 PM,-0.90
10609,3/25/2024 4:05:37 PM,-1.00
10609,3/25/2024 4:06:03 PM,-0.90
10609,3/25/2024 4:06:27 PM,-1.00
10609,3/25/2024 4:06:31 PM,-1.10
10609,3/25/2024 4:06:47 PM,-0.80
10609,3/25/2024 4:06:53 PM,-0.90
10609,3/25/2024 4:07:02 PM,-0.50
10609,3/25/2024 4:07:13 PM,-0.70
10609,3/25/2024 4:07:32 PM,-0.50
10609,3/25/2024 4:07:36 PM,-0.70
10609,3/25/2024 4:07:57 PM,-0.50
10609,3/25/2024 4:08:02 PM,-0.40
10609,3/25/2024 4:08:22 PM,-0.90
10609,3/25/2024 4:08:27 PM,-0.80
10609,3/25/2024 4:08:34 PM,-0.90
10609,3/25/2024 4:08:37 PM,-0.80
10609,3/25/2024 4:08:44 PM,-0.90
10609,3/25/2024 4:08:51 PM,-0.80
10609,3/25/2024 4:08:59 PM,-1.00
10609,3/25/2024 4:09:04 PM,-0.80
10609,3/25/2024 4:09:11 PM,-0.90
10609,3/25/2024 4:09:20 PM,-0.70
10609,3/25/2024 4:09:27 PM,-0.90
10609,3/25/2024 4:09:34 PM,-0.60
10609,3/25/2024 4:09:49 PM,-0.90
10609,3/25/2024 4:09:52 PM,-0.70
10609,3/25/2024 4:09:59 PM,-0.90
10609,3/25/2024 4:10:02 PM,-1.10
10609,3/25/2024 4:10:05 PM,-0.70
10609,3/25/2024 4:10:10 PM,-1.00
10609,3/25/2024 4:10:26 PM,-1.20
10609,3/25/2024 4:10:32 PM,-0.90
10609,3/25/2024 4:10:46 PM,-0.70
10609,3/25/2024 4:10:53 PM,-0.90
10609,3/25/2024 4:10:59 PM,-0.60
10609,3/25/2024 4:11:01 PM,-0.40
10609,3/25/2024 4:11:04 PM,-0.80
10609,3/25/2024 4:11:12 PM,-0.70
10609,3/25/2024 4:11:18 PM,-0.80
10609,3/25/2024 4:11:23 PM,-0.60
10609,3/25/2024 4:11:37 PM,-0.50
10609,3/25/2024 4:11:45 PM,-0.70
10609,3/25/2024 4:11:57 PM,-0.50
10609,3/25/2024 4:12:18 PM,-0.70
10609,3/25/2024 4:12:21 PM,-0.80
10609,3/25/2024 4:12:24 PM,-0.70
10609,3/25/2024 4:12:28 PM,-0.80
10609,3/25/2024 4:12:43 PM,-0.60
10609,3/25/2024 4:12:45 PM,-0.50
10609,3/25/2024 4:12:49 PM,-0.60
10609,3/25/2024 4:12:55 PM,-0.50
10609,3/25/2024 4:13:05 PM,-0.70
10609,3/25/2024 4:13:21 PM,-0.80
10609,3/25/2024 4:13:30 PM,-0.60
10609,3/25/2024 4:13:55 PM,-0.70
10609,3/25/2024 4:14:03 PM,-0.80
10609,3/25/2024 4:14:05 PM,-0.90
10609,3/25/2024 4:14:20 PM,-1.00
10609,3/25/2024 4:14:30 PM,-0.80
10609,3/25/2024 4:14:44 PM,-0.90
10609,3/25/2024 4:14:47 PM,-1.00
10609,3/25/2024 4:14:54 PM,-0.80
10609,3/25/2024 4:14:57 PM,-0.60
10609,3/25/2024 4:15:05 PM,-0.90
10609,3/25/2024 4:15:17 PM,-0.60
10609,3/25/2024 4:15:32 PM,-0.90
10609,3/25/2024 4:16:06 PM,-0.60
10609,3/25/2024 4:16:10 PM,-0.50
10609,3/25/2024 4:16:19 PM,-0.60
10609,3/25/2024 4:16:25 PM,-0.40
10609,3/25/2024 4:16:39 PM,-0.80
10609,3/25/2024 4:16:43 PM,-0.70
10609,3/25/2024 4:16:47 PM,-0.80
10609,3/25/2024 4:16:50 PM,-0.70
10609,3/25/2024 4:17:09 PM,-1.00
10609,3/25/2024 4:17:16 PM,-0.80
10609,3/25/2024 4:17:32 PM,-0.90
10609,3/25/2024 4:17:45 PM,-1.10
10609,3/25/2024 4:17:51 PM,-0.90
10609,3/25/2024 4:18:11 PM,-0.80
10609,3/25/2024 4:18:15 PM,-0.70
10609,3/25/2024 4:18:25 PM,-0.80
10609,3/25/2024 4:18:33 PM,-0.70
10609,3/25/2024 4:18:56 PM,-1.10
10609,3/25/2024 4:19:02 PM,-0.90
10609,3/25/2024 4:19:17 PM,-0.60
10609,3/25/2024 4:19:21 PM,-0.70
10609,3/25/2024 4:19:29 PM,-0.50
10609,3/25/2024 4:19:39 PM,-1.10
10609,3/25/2024 4:19:47 PM,-0.80
10609,3/25/2024 4:19:57 PM,-1.10
10609,3/25/2024 4:20:02 PM,-1.00
10609,3/25/2024 4:20:08 PM,-0.70
10609,3/25/2024 4:20:12 PM,-0.90
10609,3/25/2024 4:20:19 PM,-0.80
10609,3/25/2024 4:20:26 PM,-0.90
10609,3/25/2024 4:20:28 PM,-0.80
10609,3/25/2024 4:20:39 PM,-1.00
10609,3/25/2024 4:20:50 PM,-0.90
10609,3/25/2024 4:21:08 PM,-0.60
10609,3/25/2024 4:21:10 PM,-0.80
10609,3/25/2024 4:21:14 PM,-0.70
10609,3/25/2024 4:21:18 PM,-0.80
10609,3/25/2024 4:21:22 PM,-0.70
10609,3/25/2024 4:21:37 PM,-0.60
10609,3/25/2024 4:21:43 PM,-0.90
10609,3/25/2024 4:21:50 PM,-0.70
10609,3/25/2024 4:22:01 PM,-0.90
10609,3/25/2024 4:22:09 PM,-0.80
10609,3/25/2024 4:22:12 PM,-0.90
10609,3/25/2024 4:22:16 PM,-0.80
10609,3/25/2024 4:22:30 PM,-1.00
10609,3/25/2024 4:22:41 PM,-0.80
10609,3/25/2024 4:23:07 PM,-0.60
10609,3/25/2024 4:23:10 PM,-0.50
10609,3/25/2024 4:23:21 PM,-0.80
10609,3/25/2024 4:23:36 PM,-0.60
10609,3/25/2024 4:23:46 PM,-0.70
10609,3/25/2024 4:23:49 PM,-0.80
10609,3/25/2024 4:23:55 PM,-0.70
10609,3/25/2024 4:24:01 PM,-0.90
10609,3/25/2024 4:24:09 PM,-0.70
10609,3/25/2024 4:24:13 PM,-0.90
10609,3/25/2024 4:24:17 PM,-0.70
10609,3/25/2024 4:24:20 PM,-0.80
10609,3/25/2024 4:24:24 PM,-0.60
10609,3/25/2024 4:24:31 PM,-0.50
10609,3/25/2024 4:24:42 PM,-0.80
10609,3/25/2024 4:24:51 PM,-0.70
10609,3/25/2024 4:25:01 PM,-0.90
10609,3/25/2024 4:25:05 PM,-0.70
10609,3/25/2024 4:25:15 PM,-0.90
10609,3/25/2024 4:25:41 PM,-0.50
10609,3/25/2024 4:25:51 PM,-0.60
10609,3/25/2024 4:26:00 PM,-0.50
10609,3/25/2024 4:26:04 PM,-0.60
10609,3/25/2024 4:26:17 PM,-0.50
10609,3/25/2024 4:26:25 PM,-0.70
10609,3/25/2024 4:26:34 PM,-0.80
10609,3/25/2024 4:26:38 PM,-0.70
10609,3/25/2024 4:26:41 PM,-0.80
10609,3/25/2024 4:26:54 PM,-0.70
10609,3/25/2024 4:26:58 PM,-0.60
10609,3/25/2024 4:27:02 PM,-0.70
10609,3/25/2024 4:27:15 PM,-0.50
10609,3/25/2024 4:27:19 PM,-0.60
10609,3/25/2024 4:27:27 PM,-0.40
10609,3/25/2024 4:27:41 PM,-0.50
10609,3/25/2024 4:27:45 PM,-0.70
10609,3/25/2024 4:27:54 PM,-0.80
10609,3/25/2024 4:27:57 PM,-0.70
10609,3/25/2024 4:28:01 PM,-0.80
10609,3/25/2024 4:28:04 PM,-0.70
10609,3/25/2024 4:28:17 PM,-1.00
10609,3/25/2024 4:28:21 PM,-0.80
10609,3/25/2024 4:28:31 PM,-0.60
10609,3/25/2024 4:28:45 PM,-0.70
10609,3/25/2024 4:28:54 PM,-0.50
10609,3/25/2024 4:29:00 PM,-0.60
10609,3/25/2024 4:29:04 PM,-0.50
10609,3/25/2024 4:29:14 PM,-0.70
10609,3/25/2024 4:29:49 PM,-0.40
10609,3/25/2024 4:29:52 PM,-0.30
10609,3/25/2024 4:29:55 PM,-0.40
10609,3/25/2024 4:30:01 PM,-0.90
10609,3/25/2024 4:30:08 PM,-0.70
10609,3/25/2024 4:30:11 PM,-0.80
10609,3/25/2024 4:30:16 PM,-1.20
10609,3/25/2024 4:30:25 PM,-1.00
10609,3/25/2024 4:30:32 PM,-0.70
10609,3/25/2024 4:30:43 PM,-1.10
10609,3/25/2024 4:30:53 PM,-0.50
10609,3/25/2024 4:30:57 PM,-1.10
10609,3/25/2024 4:31:01 PM,-1.40
10609,3/25/2024 4:31:08 PM,-0.80
10609,3/25/2024 4:31:11 PM,-0.70
10609,3/25/2024 4:31:14 PM,-0.80
10609,3/25/2024 4:31:26 PM,-0.70
10609,3/25/2024 4:31:33 PM,-0.80
10609,3/25/2024 4:31:37 PM,-1.00
10609,3/25/2024 4:31:43 PM,-0.70
10609,3/25/2024 4:31:46 PM,-0.60
10609,3/25/2024 4:31:53 PM,-0.90
10609,3/25/2024 4:31:57 PM,-1.00
10609,3/25/2024 4:32:04 PM,-0.70
10609,3/25/2024 4:32:08 PM,-0.90
10609,3/25/2024 4:32:14 PM,-0.70
10609,3/25/2024 4:32:17 PM,-0.50
10609,3/25/2024 4:32:29 PM,-0.90
10609,3/25/2024 4:32:42 PM,-0.50
10609,3/25/2024 4:32:49 PM,-0.60
10609,3/25/2024 4:32:56 PM,-0.50
10609,3/25/2024 4:33:03 PM,-0.60
10609,3/25/2024 4:33:08 PM,-0.30
10609,3/25/2024 4:33:16 PM,-0.50
10609,3/25/2024 4:33:20 PM,-0.40
10609,3/25/2024 4:33:29 PM,-0.70
10609,3/25/2024 4:33:32 PM,-0.60
10609,3/25/2024 4:33:35 PM,-0.30
10609,3/25/2024 4:33:39 PM,-0.20
10609,3/25/2024 4:33:46 PM,-0.60
10609,3/25/2024 4:34:02 PM,-0.20
10609,3/25/2024 4:34:10 PM,-0.30
10609,3/25/2024 4:34:12 PM,-0.40
10609,3/25/2024 4:34:20 PM,-0.20
10609,3/25/2024 4:34:24 PM,-0.30
10609,3/25/2024 4:34:43 PM,-0.40
10609,3/25/2024 4:34:46 PM,-0.60
10609,3/25/2024 4:34:50 PM,-0.50
10609,3/25/2024 4:34:54 PM,-0.60
10609,3/25/2024 4:34:58 PM,-0.50
10609,3/25/2024 4:35:11 PM,-0.60
10609,3/25/2024 4:35:13 PM,-0.50
10609,3/25/2024 4:35:26 PM,-0.70
10609,3/25/2024 4:35:32 PM,-0.60
10609,3/25/2024 4:35:45 PM,-0.80
10609,3/25/2024 4:35:59 PM,-0.70
10609,3/25/2024 4:36:10 PM,-0.90
10609,3/25/2024 4:36:13 PM,-0.80
10609,3/25/2024 4:36:29 PM,-0.60
10609,3/25/2024 4:36:36 PM,-0.90
10609,3/25/2024 4:36:40 PM,-0.80
10609,3/25/2024 4:36:46 PM,-1.00
10609,3/25/2024 4:36:52 PM,-0.80
10609,3/25/2024 4:36:55 PM,-0.50
10609,3/25/2024 4:37:00 PM,-0.60
10609,3/25/2024 4:37:03 PM,-0.80
10609,3/25/2024 4:37:17 PM,-0.60
10609,3/25/2024 4:37:27 PM,-1.00
10609,3/25/2024 4:37:32 PM,-0.90
10609,3/25/2024 4:37:34 PM,-1.00
10609,3/25/2024 4:37:44 PM,-0.90
10609,3/25/2024 4:37:49 PM,-0.70
10609,3/25/2024 4:37:56 PM,-0.90
10609,3/25/2024 4:38:09 PM,-0.60
10609,3/25/2024 4:38:13 PM,-0.80
10609,3/25/2024 4:38:24 PM,-0.70
10609,3/25/2024 4:38:28 PM,-0.50
10609,3/25/2024 4:38:31 PM,-0.80
10609,3/25/2024 4:38:35 PM,-0.90
10609,3/25/2024 4:38:44 PM,-0.70
10609,3/25/2024 4:38:46 PM,-0.90
10609,3/25/2024 4:38:49 PM,-1.00
10609,3/25/2024 4:39:00 PM,-0.60
10609,3/25/2024 4:39:06 PM,-0.80
10609,3/25/2024 4:39:14 PM,-0.50
10609,3/25/2024 4:39:34 PM,-0.20
10609,3/25/2024 4:39:36 PM,-0.50
10609,3/25/2024 4:39:47 PM,-0.70
10609,3/25/2024 4:39:51 PM,-0.90
10609,3/25/2024 4:39:55 PM,-0.80
10609,3/25/2024 4:39:58 PM,-0.50
10609,3/25/2024 4:40:08 PM,-0.70
10609,3/25/2024 4:40:11 PM,-0.50
10609,3/25/2024 4:40:21 PM,-0.20
10609,3/25/2024 4:40:32 PM,-0.50
10609,3/25/2024 4:40:38 PM,-0.30
10609,3/25/2024 4:40:48 PM,-0.50
10609,3/25/2024 4:40:59 PM,-0.40
10609,3/25/2024 4:41:21 PM,-0.70
10609,3/25/2024 4:41:27 PM,-0.40
10609,3/25/2024 4:41:35 PM,-0.20
10609,3/25/2024 4:41:38 PM,0.00
10609,3/25/2024 4:41:45 PM,-0.20
10609,3/25/2024 4:41:49 PM,-0.40
10609,3/25/2024 4:41:53 PM,-0.30
10609,3/25/2024 4:42:02 PM,-0.50
10609,3/25/2024 4:42:13 PM,-0.60
10609,3/25/2024 4:42:16 PM,-0.70
10609,3/25/2024 4:42:27 PM,-0.40
10609,3/25/2024 4:42:44 PM,-0.90
10609,3/25/2024 4:42:47 PM,-0.80
10609,3/25/2024 4:42:49 PM,-0.60
10609,3/25/2024 4:42:54 PM,-0.40
10609,3/25/2024 4:43:01 PM,-0.50
10609,3/25/2024 4:43:04 PM,-0.70
10609,3/25/2024 4:43:13 PM,-0.90
10609,3/25/2024 4:43:29 PM,-0.70
10609,3/25/2024 4:43:37 PM,-0.90
10609,3/25/2024 4:43:50 PM,-0.60
10609,3/25/2024 4:43:54 PM,-0.70
10609,3/25/2024 4:43:57 PM,-0.60
10609,3/25/2024 4:44:05 PM,-0.70
10609,3/25/2024 4:44:10 PM,-0.50
10609,3/25/2024 4:44:22 PM,-0.90
10609,3/25/2024 4:44:29 PM,-0.60
10609,3/25/2024 4:44:32 PM,-0.70
10609,3/25/2024 4:44:41 PM,-0.60
10609,3/25/2024 4:44:45 PM,-1.00
10609,3/25/2024 4:44:51 PM,-0.90
10609,3/25/2024 4:44:54 PM,-0.70
10609,3/25/2024 4:44:57 PM,-0.60
10609,3/25/2024 4:45:03 PM,-0.70
10609,3/25/2024 4:45:17 PM,-0.40
10609,3/25/2024 4:45:20 PM,-0.60
10609,3/25/2024 4:45:23 PM,-0.70
10609,3/25/2024 4:45:31 PM,-0.50
10609,3/25/2024 4:45:41 PM,-0.80
10609,3/25/2024 4:45:45 PM,-1.10
10609,3/25/2024 4:45:48 PM,-0.90
10609,3/25/2024 4:45:51 PM,-0.50
10609,3/25/2024 4:45:58 PM,-0.70
10609,3/25/2024 4:46:06 PM,-0.60
10609,3/25/2024 4:46:09 PM,-0.70
10609,3/25/2024 4:46:12 PM,-0.40
10609,3/25/2024 4:46:26 PM,-0.20
10609,3/25/2024 4:46:29 PM,-0.30
10609,3/25/2024 4:46:36 PM,-0.20
10609,3/25/2024 4:46:50 PM,-0.70
10609,3/25/2024 4:47:03 PM,-0.90
10609,3/25/2024 4:47:19 PM,-0.70
10609,3/25/2024 4:47:21 PM,-0.30
10609,3/25/2024 4:47:25 PM,0.00
10609,3/25/2024 4:47:32 PM,0.20
10609,3/25/2024 4:47:36 PM,0.10
10609,3/25/2024 4:47:43 PM,-0.70
10609,3/25/2024 4:47:52 PM,-1.00
10609,3/25/2024 4:48:01 PM,-0.70
10609,3/25/2024 4:48:03 PM,-0.60
10609,3/25/2024 4:48:08 PM,-0.70
10609,3/25/2024 4:48:27 PM,-0.50
10609,3/25/2024 4:48:45 PM,-0.70
10609,3/25/2024 4:48:56 PM,-0.40
10609,3/25/2024 4:49:04 PM,-0.60
10609,3/25/2024 4:49:19 PM,-0.70
10609,3/25/2024 4:49:26 PM,-0.50
10609,3/25/2024 4:49:53 PM,-0.70
10609,3/25/2024 4:50:07 PM,-0.30
10609,3/25/2024 4:50:17 PM,-0.80
10609,3/25/2024 4:50:32 PM,-0.40
10609,3/25/2024 4:50:45 PM,-0.80
10609,3/25/2024 4:50:54 PM,-0.70
10609,3/25/2024 4:50:58 PM,-0.80
10609,3/25/2024 4:51:04 PM,-0.60
10609,3/25/2024 4:51:30 PM,-0.40
10609,3/25/2024 4:51:34 PM,-0.50
10609,3/25/2024 4:51:48 PM,-0.60
10609,3/25/2024 4:51:53 PM,-0.80
10609,3/25/2024 4:51:57 PM,-1.10
10609,3/25/2024 4:52:02 PM,-0.80
10609,3/25/2024 4:52:08 PM,-0.90
10609,3/25/2024 4:52:15 PM,-0.50
10609,3/25/2024 4:52:29 PM,-0.80
10609,3/25/2024 4:52:34 PM,-0.60
10609,3/25/2024 4:52:36 PM,-0.40
10609,3/25/2024 4:52:44 PM,-0.30
10609,3/25/2024 4:52:52 PM,-0.80
10609,3/25/2024 4:52:58 PM,-0.70
10609,3/25/2024 4:53:25 PM,-0.90
10609,3/25/2024 4:53:33 PM,-0.70
10609,3/25/2024 4:53:43 PM,-0.80
10609,3/25/2024 4:53:50 PM,-0.70
10609,3/25/2024 4:53:59 PM,-0.80
10609,3/25/2024 4:54:15 PM,-0.70
10609,3/25/2024 4:54:19 PM,-0.80
10609,3/25/2024 4:54:26 PM,-0.60
10609,3/25/2024 4:54:31 PM,-0.70
10609,3/25/2024 4:54:34 PM,-0.90
10609,3/25/2024 4:54:38 PM,-0.80
10609,3/25/2024 4:54:49 PM,-1.00
10609,3/25/2024 4:55:03 PM,-0.50
10609,3/25/2024 4:55:18 PM,-0.70
10609,3/25/2024 4:55:27 PM,-0.60
10609,3/25/2024 4:55:36 PM,-0.80
10609,3/25/2024 4:55:46 PM,-0.50
10609,3/25/2024 4:55:53 PM,-0.70
10609,3/25/2024 4:56:06 PM,-0.60
10609,3/25/2024 4:56:22 PM,-0.80
10609,3/25/2024 4:56:25 PM,-0.90
10609,3/25/2024 4:56:36 PM,-0.70
10609,3/25/2024 4:56:43 PM,-0.50
10609,3/25/2024 4:56:52 PM,-0.80
10609,3/25/2024 4:56:59 PM,-0.70
10609,3/25/2024 4:57:05 PM,-0.80
10609,3/25/2024 4:57:12 PM,-0.60
10609,3/25/2024 4:57:19 PM,-0.70
10609,3/25/2024 4:57:50 PM,-0.50
10609,3/25/2024 4:58:08 PM,-0.60
10609,3/25/2024 4:58:12 PM,-0.70
10609,3/25/2024 4:58:25 PM,-0.80
10609,3/25/2024 4:58:36 PM,-0.40
10609,3/25/2024 4:58:51 PM,-0.60
10609,3/25/2024 4:58:56 PM,-0.80
10609,3/25/2024 4:59:05 PM,-0.70
10609,3/25/2024 4:59:12 PM,-0.80
10609,3/25/2024 4:59:28 PM,-0.50
10609,3/25/2024 4:59:33 PM,-0.60
10609,3/25/2024 4:59:37 PM,-0.80
10609,3/25/2024 4:59:51 PM,-0.50
10609,3/25/2024 4:59:54 PM,-0.70
10609,3/25/2024 5:00:00 PM,-0.70
10609,3/25/2024 5:00:01 PM,-0.80
10609,3/25/2024 5:00:06 PM,-0.80
10609,3/25/2024 5:00:12 PM,-0.50
10609,3/25/2024 5:00:14 PM,-0.30
10609,3/25/2024 5:00:22 PM,-0.20
10609,3/25/2024 5:00:37 PM,-0.50
10609,3/25/2024 5:00:47 PM,-0.40
10609,3/25/2024 5:00:53 PM,-0.20
10609,3/25/2024 5:00:57 PM,-0.30
10609,3/25/2024 5:01:01 PM,-0.20
10609,3/25/2024 5:01:19 PM,-0.40
10609,3/25/2024 5:01:26 PM,-0.30
10609,3/25/2024 5:01:33 PM,-0.40
10609,3/25/2024 5:01:36 PM,-0.60
10609,3/25/2024 5:01:40 PM,-0.70
10609,3/25/2024 5:01:47 PM,-0.50
10609,3/25/2024 5:02:00 PM,-0.60
10609,3/25/2024 5:02:07 PM,-0.90
10609,3/25/2024 5:02:22 PM,-0.60
10609,3/25/2024 5:02:31 PM,-0.90
10609,3/25/2024 5:02:36 PM,-0.60
10609,3/25/2024 5:02:38 PM,-0.40
10609,3/25/2024 5:02:43 PM,-0.20
10609,3/25/2024 5:02:52 PM,-0.60
10609,3/25/2024 5:03:01 PM,-0.40
10609,3/25/2024 5:03:16 PM,-0.50
10609,3/25/2024 5:03:20 PM,-0.60
10609,3/25/2024 5:03:44 PM,-0.70
10609,3/25/2024 5:03:52 PM,-0.60
10609,3/25/2024 5:04:10 PM,-0.80
10609,3/25/2024 5:04:17 PM,-0.60
10609,3/25/2024 5:04:28 PM,-0.80
10609,3/25/2024 5:04:59 PM,-0.60
10609,3/25/2024 5:05:03 PM,-0.70
10609,3/25/2024 5:05:28 PM,-0.60
10609,3/25/2024 5:05:45 PM,-0.80
10609,3/25/2024 5:06:09 PM,-0.50
10609,3/25/2024 5:06:20 PM,-0.70
10609,3/25/2024 5:06:24 PM,-0.60
10609,3/25/2024 5:06:36 PM,-0.70
10609,3/25/2024 5:06:44 PM,-0.60
10609,3/25/2024 5:07:09 PM,-0.50
10609,3/25/2024 5:07:26 PM,-0.60
10609,3/25/2024 5:07:29 PM,-0.70
10609,3/25/2024 5:07:40 PM,-0.60
10609,3/25/2024 5:07:52 PM,-0.70
10609,3/25/2024 5:07:56 PM,-0.60
10609,3/25/2024 5:08:16 PM,-0.70
10609,3/25/2024 5:08:19 PM,-0.80
10609,3/25/2024 5:08:26 PM,-0.60
10609,3/25/2024 5:08:32 PM,-0.80
10609,3/25/2024 5:08:37 PM,-0.60
10609,3/25/2024 5:08:49 PM,-0.30
10609,3/25/2024 5:08:52 PM,-0.20
10609,3/25/2024 5:08:56 PM,-0.50
10609,3/25/2024 5:09:01 PM,-0.60
10609,3/25/2024 5:09:07 PM,-0.50
10609,3/25/2024 5:09:40 PM,-0.40
10609,3/25/2024 5:09:59 PM,-0.60
10609,3/25/2024 5:10:24 PM,-0.50
10609,3/25/2024 5:10:47 PM,-0.60
10609,3/25/2024 5:10:59 PM,-0.50
10609,3/25/2024 5:11:20 PM,-0.60
10609,3/25/2024 5:11:37 PM,-0.40
10609,3/25/2024 5:11:47 PM,-0.60
10609,3/25/2024 5:11:57 PM,-0.40
10609,3/25/2024 5:12:02 PM,-0.50
10609,3/25/2024 5:12:20 PM,-0.40
10609,3/25/2024 5:12:50 PM,-0.60
10609,3/25/2024 5:12:53 PM,-0.50
10609,3/25/2024 5:13:28 PM,-0.40
10609,3/25/2024 5:13:35 PM,-0.60
10609,3/25/2024 5:13:43 PM,-0.50
10609,3/25/2024 5:13:55 PM,-0.60
10609,3/25/2024 5:14:02 PM,-0.40
10609,3/25/2024 5:14:07 PM,-0.50
10609,3/25/2024 5:14:26 PM,-0.40
10609,3/25/2024 5:14:36 PM,-0.50
10609,3/25/2024 5:14:44 PM,-0.40
10609,3/25/2024 5:14:52 PM,-0.50
10609,3/25/2024 5:15:15 PM,-0.30
10609,3/25/2024 5:15:19 PM,-0.40
10609,3/25/2024 5:15:37 PM,-0.30
10609,3/25/2024 5:15:43 PM,-0.60
10609,3/25/2024 5:16:01 PM,-0.50
10609,3/25/2024 5:16:13 PM,-0.60
10609,3/25/2024 5:16:23 PM,-0.40
10609,3/25/2024 5:16:34 PM,-0.50
10609,3/25/2024 5:16:42 PM,-0.40
10609,3/25/2024 5:16:51 PM,-0.50
10609,3/25/2024 5:17:01 PM,-0.40
10609,3/25/2024 5:17:04 PM,-0.30
10609,3/25/2024 5:17:07 PM,-0.40
10609,3/25/2024 5:17:11 PM,-0.20
10609,3/25/2024 5:17:14 PM,-0.40
10609,3/25/2024 5:17:24 PM,-0.60
10609,3/25/2024 5:17:28 PM,-0.40
10609,3/25/2024 5:17:32 PM,-0.30
10609,3/25/2024 5:17:51 PM,-0.40
10609,3/25/2024 5:18:00 PM,-0.30
10609,3/25/2024 5:18:12 PM,-0.40
10609,3/25/2024 5:18:20 PM,-0.30
10609,3/25/2024 5:18:23 PM,-0.40
10609,3/25/2024 5:18:35 PM,-0.50
10609,3/25/2024 5:18:39 PM,-0.40
10609,3/25/2024 5:18:54 PM,-0.30
10609,3/25/2024 5:19:04 PM,-0.40
10609,3/25/2024 5:19:20 PM,-0.30
10609,3/25/2024 5:19:31 PM,-0.60
10609,3/25/2024 5:19:46 PM,-0.50
10609,3/25/2024 5:19:57 PM,-0.60
10609,3/25/2024 5:20:12 PM,-0.40
10609,3/25/2024 5:20:27 PM,-0.30
10609,3/25/2024 5:20:41 PM,-0.40
10609,3/25/2024 5:20:45 PM,-0.30
10609,3/25/2024 5:21:02 PM,-0.60
10609,3/25/2024 5:21:11 PM,-0.80
10609,3/25/2024 5:21:19 PM,-0.70
10609,3/25/2024 5:21:33 PM,-1.10
10609,3/25/2024 5:21:41 PM,-0.80
10609,3/25/2024 5:22:01 PM,-0.70
10609,3/25/2024 5:22:04 PM,-0.50
10609,3/25/2024 5:22:22 PM,-0.70
10609,3/25/2024 5:22:49 PM,-0.60
10609,3/25/2024 5:22:56 PM,-0.50
10609,3/25/2024 5:23:25 PM,-0.80
10609,3/25/2024 5:23:35 PM,-0.50
10609,3/25/2024 5:23:49 PM,-0.60
10609,3/25/2024 5:23:52 PM,-0.50
10609,3/25/2024 5:24:03 PM,-0.60
10609,3/25/2024 5:24:23 PM,-0.30
10609,3/25/2024 5:24:30 PM,-0.60
10609,3/25/2024 5:24:33 PM,-0.50
10609,3/25/2024 5:24:45 PM,-0.60
10609,3/25/2024 5:24:48 PM,-0.70
10609,3/25/2024 5:24:58 PM,-0.40
10609,3/25/2024 5:25:12 PM,-0.50
10609,3/25/2024 5:25:21 PM,-0.40
10609,3/25/2024 5:25:23 PM,-0.30
10609,3/25/2024 5:25:36 PM,-0.20
10609,3/25/2024 5:25:44 PM,-0.40
10609,3/25/2024 5:25:52 PM,-0.30
10609,3/25/2024 5:26:04 PM,-0.50
10609,3/25/2024 5:26:09 PM,-0.60
10609,3/25/2024 5:26:13 PM,-0.50
10609,3/25/2024 5:26:31 PM,-0.70
10609,3/25/2024 5:26:41 PM,-0.50
10609,3/25/2024 5:27:01 PM,-0.30
10609,3/25/2024 5:27:04 PM,-0.20
10609,3/25/2024 5:27:09 PM,-0.40
10609,3/25/2024 5:27:21 PM,-0.30
10609,3/25/2024 5:27:24 PM,-0.40
10609,3/25/2024 5:27:40 PM,-0.20
10609,3/25/2024 5:27:49 PM,-0.40
10609,3/25/2024 5:28:13 PM,-0.60
10609,3/25/2024 5:28:26 PM,-0.50
10609,3/25/2024 5:28:30 PM,-0.30
10609,3/25/2024 5:29:04 PM,-0.60
10609,3/25/2024 5:29:11 PM,-0.50
10609,3/25/2024 5:29:14 PM,-0.60
10609,3/25/2024 5:29:29 PM,-0.50
10609,3/25/2024 5:29:33 PM,-0.40
10609,3/25/2024 5:29:44 PM,-0.50
10609,3/25/2024 5:29:47 PM,-0.40
10609,3/25/2024 5:30:02 PM,-0.30
10609,3/25/2024 5:30:05 PM,-0.20
10609,3/25/2024 5:30:10 PM,-0.40
10609,3/25/2024 5:30:23 PM,-0.60
10609,3/25/2024 5:30:31 PM,-0.40
10609,3/25/2024 5:30:34 PM,-0.50
10609,3/25/2024 5:30:53 PM,-0.30
10609,3/25/2024 5:30:56 PM,-0.40
10609,3/25/2024 5:31:22 PM,-0.60
10609,3/25/2024 5:31:30 PM,-0.50
10609,3/25/2024 5:31:34 PM,-0.60
10609,3/25/2024 5:31:45 PM,-0.50
10609,3/25/2024 5:31:48 PM,-0.40
10609,3/25/2024 5:31:58 PM,-0.60
10609,3/25/2024 5:32:05 PM,-0.50
10609,3/25/2024 5:32:29 PM,-0.40
10609,3/25/2024 5:32:34 PM,-0.30
10609,3/25/2024 5:32:36 PM,-0.50
10609,3/25/2024 5:32:58 PM,-0.30
10609,3/25/2024 5:33:12 PM,-0.50
10609,3/25/2024 5:33:38 PM,-0.60
10609,3/25/2024 5:34:04 PM,-0.80
10609,3/25/2024 5:34:24 PM,-0.70
10609,3/25/2024 5:34:27 PM,-0.80
10609,3/25/2024 5:34:30 PM,-0.70
10609,3/25/2024 5:34:52 PM,-0.80
10609,3/25/2024 5:34:57 PM,-0.60
10609,3/25/2024 5:35:07 PM,-0.70
10609,3/25/2024 5:35:14 PM,-0.60
10609,3/25/2024 5:35:23 PM,-0.70
10609,3/25/2024 5:35:27 PM,-0.60
10609,3/25/2024 5:35:48 PM,-0.70
10609,3/25/2024 5:35:54 PM,-0.60
10609,3/25/2024 5:35:57 PM,-0.70
10609,3/25/2024 5:36:33 PM,-0.50
10609,3/25/2024 5:36:37 PM,-0.60
10609,3/25/2024 5:37:07 PM,-0.70
10609,3/25/2024 5:37:13 PM,-0.40
10609,3/25/2024 5:37:17 PM,-0.30
10609,3/25/2024 5:37:25 PM,-0.40
10609,3/25/2024 5:37:28 PM,-0.30
10609,3/25/2024 5:37:38 PM,-0.50
10609,3/25/2024 5:37:43 PM,-0.70
10609,3/25/2024 5:37:56 PM,-0.50
10609,3/25/2024 5:38:03 PM,-0.70
10609,3/25/2024 5:38:16 PM,-0.60
10609,3/25/2024 5:38:44 PM,-0.70
10609,3/25/2024 5:38:48 PM,-0.80
10609,3/25/2024 5:38:58 PM,-0.60
10609,3/25/2024 5:39:00 PM,-0.70
10609,3/25/2024 5:39:04 PM,-0.60
10609,3/25/2024 5:39:25 PM,-0.50
10609,3/25/2024 5:39:37 PM,-0.70
10609,3/25/2024 5:39:53 PM,-0.60
10609,3/25/2024 5:39:57 PM,-0.50
10609,3/25/2024 5:40:18 PM,-0.70
10609,3/25/2024 5:40:26 PM,-0.50
10609,3/25/2024 5:40:39 PM,-0.60
10609,3/25/2024 5:40:46 PM,-0.50
10609,3/25/2024 5:41:29 PM,-0.60
10609,3/25/2024 5:41:33 PM,-0.70
10609,3/25/2024 5:41:40 PM,-0.60
10609,3/25/2024 5:41:52 PM,-0.70
10609,3/25/2024 5:42:03 PM,-0.60
10609,3/25/2024 5:42:16 PM,-0.80
10609,3/25/2024 5:42:35 PM,-0.60
10609,3/25/2024 5:42:51 PM,-0.80
10609,3/25/2024 5:43:11 PM,-0.90
10609,3/25/2024 5:43:27 PM,-0.80
10609,3/25/2024 5:43:32 PM,-0.90
10609,3/25/2024 5:43:46 PM,-0.70
10609,3/25/2024 5:44:05 PM,-0.80
10609,3/25/2024 5:44:38 PM,-0.70
10609,3/25/2024 5:44:57 PM,-0.80
10609,3/25/2024 5:45:04 PM,-0.70
10609,3/25/2024 5:45:16 PM,-0.80
10609,3/25/2024 5:45:20 PM,-0.90
10609,3/25/2024 5:45:35 PM,-0.80
10609,3/25/2024 5:45:42 PM,-0.90
10609,3/25/2024 5:46:07 PM,-0.80
10609,3/25/2024 5:46:21 PM,-0.60
10609,3/25/2024 5:46:27 PM,-0.40
10609,3/25/2024 5:46:38 PM,-0.70
10609,3/25/2024 5:46:42 PM,-0.60
10609,3/25/2024 5:47:03 PM,-0.80
10609,3/25/2024 5:47:09 PM,-0.60
10609,3/25/2024 5:47:27 PM,-0.50
10609,3/25/2024 5:47:35 PM,-0.60
10609,3/25/2024 5:47:46 PM,-0.40
10609,3/25/2024 5:47:48 PM,-0.30
10609,3/25/2024 5:47:54 PM,-0.40
10609,3/25/2024 5:47:56 PM,-0.60
10609,3/25/2024 5:47:59 PM,-0.70
10609,3/25/2024 5:48:04 PM,-0.60
10609,3/25/2024 5:48:20 PM,-0.50
10609,3/25/2024 5:48:36 PM,-0.70
10609,3/25/2024 5:48:43 PM,-0.50
10609,3/25/2024 5:49:11 PM,-0.30
10609,3/25/2024 5:49:17 PM,-0.50
10609,3/25/2024 5:49:24 PM,-0.60
10609,3/25/2024 5:49:57 PM,-0.50
10609,3/25/2024 5:50:09 PM,-0.60
10609,3/25/2024 5:51:02 PM,-0.50
10609,3/25/2024 5:51:09 PM,-0.60
10609,3/25/2024 5:51:20 PM,-0.50
10609,3/25/2024 5:51:39 PM,-0.70
10609,3/25/2024 5:52:24 PM,-0.50
10609,3/25/2024 5:52:36 PM,-0.60
10609,3/25/2024 5:52:38 PM,-0.50
10609,3/25/2024 5:52:55 PM,-0.70
10609,3/25/2024 5:53:21 PM,-0.50
10609,3/25/2024 5:53:52 PM,-0.60
10609,3/25/2024 5:54:00 PM,-0.70
10609,3/25/2024 5:54:20 PM,-0.40
10609,3/25/2024 5:54:24 PM,-0.50
10609,3/25/2024 5:54:47 PM,-0.70
10609,3/25/2024 5:54:57 PM,-0.50
10609,3/25/2024 5:55:01 PM,-0.60
10609,3/25/2024 5:55:16 PM,-0.50
10609,3/25/2024 5:55:29 PM,-0.70
10609,3/25/2024 5:55:41 PM,-0.60
10609,3/25/2024 5:56:05 PM,-0.80
10609,3/25/2024 5:56:12 PM,-0.70
10609,3/25/2024 5:56:27 PM,-0.90
10609,3/25/2024 5:56:40 PM,-0.70
10609,3/25/2024 5:57:07 PM,-0.60
10609,3/25/2024 5:57:13 PM,-0.80
10609,3/25/2024 5:57:17 PM,-0.70
10609,3/25/2024 5:57:26 PM,-0.80
10609,3/25/2024 5:57:32 PM,-0.70
10609,3/25/2024 5:57:36 PM,-0.80
10609,3/25/2024 5:57:41 PM,-0.60
10609,3/25/2024 5:57:44 PM,-0.70
10609,3/25/2024 5:57:47 PM,-0.60
10609,3/25/2024 5:57:54 PM,-0.80
10609,3/25/2024 5:58:08 PM,-0.90
10609,3/25/2024 5:58:12 PM,-0.80
10609,3/25/2024 5:58:26 PM,-1.10
10609,3/25/2024 5:58:29 PM,-1.20
10609,3/25/2024 5:58:39 PM,-0.70
10609,3/25/2024 5:58:52 PM,-0.90
10609,3/25/2024 5:59:01 PM,-0.80
10609,3/25/2024 5:59:06 PM,-0.60
10609,3/25/2024 5:59:10 PM,-0.70
10609,3/25/2024 5:59:20 PM,-0.50
10609,3/25/2024 5:59:40 PM,-0.70
10609,3/25/2024 5:59:46 PM,-0.50
10609,3/25/2024 5:59:54 PM,-0.70
10609,3/25/2024 6:00:07 PM,-0.60
10609,3/25/2024 6:00:24 PM,-0.90
10609,3/25/2024 6:00:33 PM,-0.50
10609,3/25/2024 6:00:40 PM,-0.40
10609,3/25/2024 6:00:44 PM,-0.60
10609,3/25/2024 6:00:58 PM,-0.70
10609,3/25/2024 6:01:04 PM,-0.90
10609,3/25/2024 6:01:13 PM,-1.00
10609,3/25/2024 6:01:41 PM,-0.70
10609,3/25/2024 6:01:48 PM,-0.90
10609,3/25/2024 6:02:12 PM,-0.80
10609,3/25/2024 6:02:26 PM,-0.90
10609,3/25/2024 6:02:31 PM,-0.70
10609,3/25/2024 6:02:35 PM,-0.80
10609,3/25/2024 6:02:50 PM,-0.60
10609,3/25/2024 6:03:03 PM,-1.00
10609,3/25/2024 6:03:12 PM,-0.80
10609,3/25/2024 6:03:17 PM,-0.90
10609,3/25/2024 6:03:36 PM,-0.70
10609,3/25/2024 6:03:40 PM,-0.80
10609,3/25/2024 6:03:44 PM,-0.70
10609,3/25/2024 6:03:59 PM,-0.90
10609,3/25/2024 6:04:01 PM,-1.10
10609,3/25/2024 6:04:09 PM,-0.90
10609,3/25/2024 6:04:22 PM,-1.10
10609,3/25/2024 6:04:25 PM,-1.00
10609,3/25/2024 6:04:43 PM,-0.90
10609,3/25/2024 6:04:50 PM,-1.00
10609,3/25/2024 6:04:58 PM,-0.80
10609,3/25/2024 6:05:11 PM,-0.90
10609,3/25/2024 6:05:22 PM,-0.80
10609,3/25/2024 6:05:27 PM,-0.90
10609,3/25/2024 6:05:31 PM,-0.80
10609,3/25/2024 6:05:34 PM,-0.90
10609,3/25/2024 6:05:37 PM,-0.80
10609,3/25/2024 6:05:54 PM,-0.90
10609,3/25/2024 6:05:58 PM,-1.00
10609,3/25/2024 6:06:11 PM,-0.80
10609,3/25/2024 6:06:20 PM,-0.90
10609,3/25/2024 6:06:32 PM,-0.70
10609,3/25/2024 6:06:35 PM,-0.80
10609,3/25/2024 6:06:47 PM,-0.90
10609,3/25/2024 6:07:01 PM,-0.70
10609,3/25/2024 6:07:05 PM,-0.60
10609,3/25/2024 6:07:07 PM,-0.80
10609,3/25/2024 6:07:12 PM,-0.70
10609,3/25/2024 6:07:23 PM,-0.80
10609,3/25/2024 6:07:55 PM,-0.60
10609,3/25/2024 6:08:22 PM,-0.80
10609,3/25/2024 6:08:30 PM,-0.70
10609,3/25/2024 6:08:43 PM,-0.90
10609,3/25/2024 6:09:01 PM,-0.60
10609,3/25/2024 6:09:12 PM,-0.90
10609,3/25/2024 6:09:22 PM,-0.80
10609,3/25/2024 6:09:40 PM,-0.90
10609,3/25/2024 6:09:57 PM,-0.80
10609,3/25/2024 6:10:11 PM,-0.90
10609,3/25/2024 6:10:29 PM,-0.60
10609,3/25/2024 6:10:37 PM,-0.70
10609,3/25/2024 6:10:41 PM,-0.60
10609,3/25/2024 6:10:45 PM,-0.80
10609,3/25/2024 6:11:22 PM,-0.70
10609,3/25/2024 6:11:24 PM,-0.60
10609,3/25/2024 6:11:38 PM,-0.80
10609,3/25/2024 6:11:44 PM,-0.60
10609,3/25/2024 6:11:47 PM,-0.70
10609,3/25/2024 6:11:50 PM,-0.60
10609,3/25/2024 6:12:00 PM,-0.70
10609,3/25/2024 6:12:13 PM,-0.50
10609,3/25/2024 6:12:16 PM,-0.40
10609,3/25/2024 6:12:27 PM,-0.70
10609,3/25/2024 6:12:33 PM,-0.60
10609,3/25/2024 6:12:46 PM,-0.80
10609,3/25/2024 6:12:51 PM,-0.60
10609,3/25/2024 6:12:54 PM,-0.70
10609,3/25/2024 6:12:57 PM,-0.90
10609,3/25/2024 6:13:16 PM,-0.70
10609,3/25/2024 6:13:20 PM,-0.80
10609,3/25/2024 6:13:41 PM,-0.60
10609,3/25/2024 6:13:45 PM,-0.70
10609,3/25/2024 6:13:49 PM,-1.40
10609,3/25/2024 6:13:52 PM,-0.60
10609,3/25/2024 6:13:59 PM,-0.80
10609,3/25/2024 6:14:16 PM,-0.90
10609,3/25/2024 6:14:33 PM,-0.70
10609,3/25/2024 6:14:50 PM,-0.90
10609,3/25/2024 6:14:58 PM,-0.80
10609,3/25/2024 6:15:03 PM,-0.90
10609,3/25/2024 6:15:12 PM,-0.70
10609,3/25/2024 6:15:14 PM,-0.80
10609,3/25/2024 6:15:37 PM,-0.70
10609,3/25/2024 6:15:40 PM,-0.60
10609,3/25/2024 6:15:58 PM,-0.50
10609,3/25/2024 6:16:08 PM,-0.70
10609,3/25/2024 6:16:12 PM,-0.60
10609,3/25/2024 6:16:19 PM,-0.80
10609,3/25/2024 6:16:23 PM,-0.60
10609,3/25/2024 6:16:29 PM,-0.90
10609,3/25/2024 6:16:46 PM,-1.10
10609,3/25/2024 6:16:54 PM,-1.00
10609,3/25/2024 6:16:58 PM,-1.10
10609,3/25/2024 6:17:07 PM,-1.00
10609,3/25/2024 6:17:24 PM,-1.10
10609,3/25/2024 6:17:28 PM,-1.00
10609,3/25/2024 6:17:51 PM,-1.40
10609,3/25/2024 6:17:56 PM,-1.30
10609,3/25/2024 6:18:08 PM,-1.40
10609,3/25/2024 6:18:12 PM,-1.30
10609,3/25/2024 6:18:24 PM,-0.80
10609,3/25/2024 6:18:36 PM,-0.60
10609,3/25/2024 6:18:39 PM,-0.70
10609,3/25/2024 6:18:44 PM,-0.60
10609,3/25/2024 6:18:58 PM,-0.80
10609,3/25/2024 6:19:02 PM,-1.00
10609,3/25/2024 6:19:08 PM,-1.10
10609,3/25/2024 6:19:20 PM,-1.00
10609,3/25/2024 6:19:25 PM,-1.10
10609,3/25/2024 6:19:33 PM,-1.00
10609,3/25/2024 6:19:36 PM,-1.10
10609,3/25/2024 6:19:39 PM,-1.00
10609,3/25/2024 6:19:50 PM,-0.90
10609,3/25/2024 6:20:17 PM,-1.20
10609,3/25/2024 6:20:32 PM,-1.00
10609,3/25/2024 6:20:36 PM,-1.10
10609,3/25/2024 6:21:05 PM,-0.70
10609,3/25/2024 6:21:09 PM,-0.80
10609,3/25/2024 6:21:22 PM,-0.70
10609,3/25/2024 6:21:26 PM,-0.60
10609,3/25/2024 6:21:36 PM,-0.90
10609,3/25/2024 6:21:43 PM,-0.80
10609,3/25/2024 6:21:49 PM,-0.90
10609,3/25/2024 6:22:07 PM,-0.80
10609,3/25/2024 6:22:13 PM,-0.90
10609,3/25/2024 6:22:37 PM,-0.50
10609,3/25/2024 6:22:44 PM,-0.60
10609,3/25/2024 6:22:48 PM,-0.80
10609,3/25/2024 6:22:50 PM,-0.60
10609,3/25/2024 6:23:05 PM,-0.80
10609,3/25/2024 6:23:07 PM,-0.90
10609,3/25/2024 6:23:11 PM,-0.80
10609,3/25/2024 6:23:43 PM,-0.70
10609,3/25/2024 6:23:50 PM,-0.80
10609,3/25/2024 6:23:52 PM,-0.90
10609,3/25/2024 6:24:19 PM,-0.70
10609,3/25/2024 6:24:50 PM,-1.00
10609,3/25/2024 6:24:54 PM,-1.10
10609,3/25/2024 6:25:17 PM,-0.80
10609,3/25/2024 6:25:39 PM,-1.00
10609,3/25/2024 6:25:46 PM,-0.90
10609,3/25/2024 6:25:57 PM,-1.00
10609,3/25/2024 6:26:08 PM,-0.80
10609,3/25/2024 6:26:28 PM,-0.90
10609,3/25/2024 6:26:33 PM,-0.80
10609,3/25/2024 6:26:43 PM,-1.10
10609,3/25/2024 6:26:54 PM,-1.00
10609,3/25/2024 6:26:57 PM,-0.90
10609,3/25/2024 6:26:59 PM,-1.00
10609,3/25/2024 6:27:02 PM,-0.90
10609,3/25/2024 6:27:15 PM,-1.00
10609,3/25/2024 6:27:20 PM,-0.90
10609,3/25/2024 6:27:28 PM,-1.00
10609,3/25/2024 6:27:30 PM,-1.10
10609,3/25/2024 6:27:50 PM,-0.90
10609,3/25/2024 6:27:57 PM,-1.00
10609,3/25/2024 6:28:15 PM,-0.70
10609,3/25/2024 6:28:29 PM,-0.90
10609,3/25/2024 6:28:42 PM,-0.70
10609,3/25/2024 6:29:03 PM,-0.90
10609,3/25/2024 6:29:17 PM,-0.70
10609,3/25/2024 6:29:30 PM,-0.90
10609,3/25/2024 6:29:33 PM,-0.80
10609,3/25/2024 6:29:55 PM,-1.00
10609,3/25/2024 6:30:10 PM,-0.80
10609,3/25/2024 6:30:30 PM,-1.00
10609,3/25/2024 6:30:46 PM,-0.80
10609,3/25/2024 6:30:58 PM,-1.00
10609,3/25/2024 6:31:09 PM,-0.90
10609,3/25/2024 6:31:12 PM,-1.00
10609,3/25/2024 6:31:15 PM,-0.90
10609,3/25/2024 6:31:26 PM,-1.20
10609,3/25/2024 6:31:47 PM,-0.90
10609,3/25/2024 6:31:51 PM,-1.00
10609,3/25/2024 6:31:54 PM,-0.90
10609,3/25/2024 6:32:04 PM,-0.80
10609,3/25/2024 6:32:14 PM,-1.00
10609,3/25/2024 6:32:22 PM,-0.90
10609,3/25/2024 6:32:26 PM,-1.00
10609,3/25/2024 6:32:41 PM,-1.10
10609,3/25/2024 6:32:45 PM,-1.00
10609,3/25/2024 6:32:52 PM,-1.10
10609,3/25/2024 6:32:58 PM,-1.00
10609,3/25/2024 6:33:03 PM,-1.10
10609,3/25/2024 6:33:18 PM,-1.00
10609,3/25/2024 6:33:35 PM,-1.20
10609,3/25/2024 6:33:39 PM,-1.10
10609,3/25/2024 6:33:42 PM,-0.90
10609,3/25/2024 6:33:46 PM,-0.80
10609,3/25/2024 6:33:49 PM,-1.00
10609,3/25/2024 6:33:52 PM,-0.80
10609,3/25/2024 6:34:06 PM,-1.30
10609,3/25/2024 6:34:13 PM,-0.80
10609,3/25/2024 6:34:42 PM,-1.00
10609,3/25/2024 6:34:45 PM,-0.90
10609,3/25/2024 6:34:55 PM,-1.00
10609,3/25/2024 6:34:58 PM,-1.10
10609,3/25/2024 6:35:24 PM,-1.00
10609,3/25/2024 6:35:32 PM,-1.10
10609,3/25/2024 6:35:42 PM,-0.90
10609,3/25/2024 6:35:44 PM,-1.00
10609,3/25/2024 6:35:51 PM,-1.10
10609,3/25/2024 6:36:02 PM,-0.90
10609,3/25/2024 6:36:08 PM,-1.00
10609,3/25/2024 6:36:16 PM,-0.90
10609,3/25/2024 6:36:19 PM,-1.00
10609,3/25/2024 6:36:26 PM,-0.90
10609,3/25/2024 6:36:51 PM,-1.10
10609,3/25/2024 6:36:57 PM,-1.30
10609,3/25/2024 6:37:03 PM,-1.10
10609,3/25/2024 6:37:07 PM,-1.20
10609,3/25/2024 6:37:38 PM,-1.00
10609,3/25/2024 6:37:51 PM,-1.10
10609,3/25/2024 6:38:09 PM,-0.90
10609,3/25/2024 6:38:20 PM,-1.00
10609,3/25/2024 6:38:28 PM,-0.90
10609,3/25/2024 6:38:31 PM,-1.00
10609,3/25/2024 6:38:52 PM,-0.90
10609,3/25/2024 6:38:57 PM,-1.00
10609,3/25/2024 6:39:20 PM,-0.90
10609,3/25/2024 6:39:24 PM,-1.00
10609,3/25/2024 6:39:35 PM,-0.90
10609,3/25/2024 6:39:45 PM,-1.00
10609,3/25/2024 6:39:56 PM,-0.90
10609,3/25/2024 6:40:11 PM,-1.40
10609,3/25/2024 6:40:14 PM,-0.90
10609,3/25/2024 6:40:20 PM,-0.80
10609,3/25/2024 6:40:30 PM,-1.00
10609,3/25/2024 6:40:33 PM,-0.90
10609,3/25/2024 6:40:55 PM,-0.70
10609,3/25/2024 6:40:57 PM,-0.60
10609,3/25/2024 6:41:05 PM,-0.50
10609,3/25/2024 6:41:08 PM,-0.60
10609,3/25/2024 6:41:15 PM,-0.50
10609,3/25/2024 6:41:30 PM,-0.80
10609,3/25/2024 6:41:34 PM,-0.70
10609,3/25/2024 6:41:36 PM,-0.80
10609,3/25/2024 6:41:46 PM,-0.70
10609,3/25/2024 6:41:52 PM,-0.90
10609,3/25/2024 6:42:11 PM,-1.10
10609,3/25/2024 6:42:22 PM,-0.80
10609,3/25/2024 6:42:59 PM,-1.10
10609,3/25/2024 6:43:02 PM,-1.00
10609,3/25/2024 6:43:12 PM,-1.10
10609,3/25/2024 6:43:22 PM,-0.90
10609,3/25/2024 6:43:26 PM,-1.00
10609,3/25/2024 6:43:29 PM,-0.90
10609,3/25/2024 6:43:43 PM,-0.80
10609,3/25/2024 6:43:49 PM,0.30
10609,3/25/2024 6:43:53 PM,-0.60
10609,3/25/2024 6:43:56 PM,-1.00
10609,3/25/2024 6:44:00 PM,-0.90
10609,3/25/2024 6:44:30 PM,-1.00
10609,3/25/2024 6:44:50 PM,-0.90
10609,3/25/2024 6:44:53 PM,-1.00
10609,3/25/2024 6:45:07 PM,-0.80
10609,3/25/2024 6:45:20 PM,-1.00
10609,3/25/2024 6:45:33 PM,-0.90
10609,3/25/2024 6:45:47 PM,-1.00
10609,3/25/2024 6:45:54 PM,-0.90
10609,3/25/2024 6:46:01 PM,-1.00
10609,3/25/2024 6:46:19 PM,-0.80
10609,3/25/2024 6:46:39 PM,-0.90
10609,3/25/2024 6:46:47 PM,-1.10
10609,3/25/2024 6:47:11 PM,-0.90
10609,3/25/2024 6:47:17 PM,-1.00
10609,3/25/2024 6:47:28 PM,-0.90
10609,3/25/2024 6:47:41 PM,-1.00
10609,3/25/2024 6:47:52 PM,-0.80
10609,3/25/2024 6:48:01 PM,-1.00
10609,3/25/2024 6:48:16 PM,-0.70
10609,3/25/2024 6:48:26 PM,-0.60
10609,3/25/2024 6:48:46 PM,-1.10
10609,3/25/2024 6:48:48 PM,-0.90
10609,3/25/2024 6:48:56 PM,-1.10
10609,3/25/2024 6:49:00 PM,-1.00
10609,3/25/2024 6:49:22 PM,-0.90
10609,3/25/2024 6:49:35 PM,-1.20
10609,3/25/2024 6:49:38 PM,-1.10
10609,3/25/2024 6:49:52 PM,-1.00
10609,3/25/2024 6:50:28 PM,-1.10
10609,3/25/2024 6:50:34 PM,-1.20
10609,3/25/2024 6:50:47 PM,-1.00
10609,3/25/2024 6:50:49 PM,-0.90
10609,3/25/2024 6:50:52 PM,-1.00
10609,3/25/2024 6:51:06 PM,-0.80
10609,3/25/2024 6:51:09 PM,-0.70
10609,3/25/2024 6:51:18 PM,-1.10
10609,3/25/2024 6:51:29 PM,-0.90
10609,3/25/2024 6:51:37 PM,-1.10
10609,3/25/2024 6:52:00 PM,-0.80
10609,3/25/2024 6:52:10 PM,-0.90
10609,3/25/2024 6:52:13 PM,-1.00
10609,3/25/2024 6:52:29 PM,-0.90
10609,3/25/2024 6:52:33 PM,-1.00
10609,3/25/2024 6:52:44 PM,-0.90
10609,3/25/2024 6:52:47 PM,-1.00
10609,3/25/2024 6:53:14 PM,-1.10
10609,3/25/2024 6:53:25 PM,-1.00
10609,3/25/2024 6:53:39 PM,-1.10
10609,3/25/2024 6:53:51 PM,-0.90
10609,3/25/2024 6:53:53 PM,-1.00
10609,3/25/2024 6:54:03 PM,-0.80
10609,3/25/2024 6:54:13 PM,-1.10
10609,3/25/2024 6:54:20 PM,-1.00
10609,3/25/2024 6:54:23 PM,-0.80
10609,3/25/2024 6:54:36 PM,-1.00
10609,3/25/2024 6:54:40 PM,-1.10
10609,3/25/2024 6:54:43 PM,-0.90
10609,3/25/2024 6:54:53 PM,-1.00
10609,3/25/2024 6:55:01 PM,-1.30
10609,3/25/2024 6:55:07 PM,-1.10
10609,3/25/2024 6:55:26 PM,-1.00
10609,3/25/2024 6:55:30 PM,-0.90
10609,3/25/2024 6:55:40 PM,-1.10
10609,3/25/2024 6:55:47 PM,-1.00
10609,3/25/2024 6:56:00 PM,-1.10
10609,3/25/2024 6:56:04 PM,-1.20
10609,3/25/2024 6:56:14 PM,-1.00
10609,3/25/2024 6:56:31 PM,-1.10
10609,3/25/2024 6:56:52 PM,-1.00
10609,3/25/2024 6:57:05 PM,-1.10
10609,3/25/2024 6:57:08 PM,-1.00
10609,3/25/2024 6:57:19 PM,-1.10
10609,3/25/2024 6:57:26 PM,-0.90
10609,3/25/2024 6:57:41 PM,-1.10
10609,3/25/2024 6:58:18 PM,-0.90
10609,3/25/2024 6:58:21 PM,-0.80
10609,3/25/2024 6:58:52 PM,-0.90
10609,3/25/2024 6:58:55 PM,-0.80
10609,3/25/2024 6:59:11 PM,-0.90
10609,3/25/2024 6:59:17 PM,-1.10
10609,3/25/2024 6:59:22 PM,-1.00
10609,3/25/2024 6:59:46 PM,-1.10
10609,3/25/2024 6:59:48 PM,-1.00
10609,3/25/2024 7:00:00 PM,-1.00
10609,3/25/2024 7:00:01 PM,-0.90
10609,3/25/2024 7:00:05 PM,-0.90
10609,3/25/2024 7:00:09 PM,-1.10
10609,3/25/2024 7:00:28 PM,-0.90
10609,3/25/2024 7:00:34 PM,-0.70
10609,3/25/2024 7:00:38 PM,-0.80
10609,3/25/2024 7:00:45 PM,-0.70
10609,3/25/2024 7:00:51 PM,-0.50
10609,3/25/2024 7:01:01 PM,-0.90
10609,3/25/2024 7:01:08 PM,-0.80
10609,3/25/2024 7:01:29 PM,-1.00
10609,3/25/2024 7:01:32 PM,-0.90
10609,3/25/2024 7:01:36 PM,-1.00
10609,3/25/2024 7:01:50 PM,-1.10
10609,3/25/2024 7:01:52 PM,-0.90
10609,3/25/2024 7:01:59 PM,-1.00
10609,3/25/2024 7:02:03 PM,-0.80
10609,3/25/2024 7:02:06 PM,-1.00
10609,3/25/2024 7:02:13 PM,-0.90
10609,3/25/2024 7:02:23 PM,-1.10
10609,3/25/2024 7:02:34 PM,-1.20
10609,3/25/2024 7:02:41 PM,-1.10
10609,3/25/2024 7:02:57 PM,-1.20
10609,3/25/2024 7:03:08 PM,-1.10
10609,3/25/2024 7:03:23 PM,-1.20
10609,3/25/2024 7:03:29 PM,-0.90
10609,3/25/2024 7:03:38 PM,-1.20
10609,3/25/2024 7:03:52 PM,-1.30
10609,3/25/2024 7:04:03 PM,-1.10
10609,3/25/2024 7:04:26 PM,-0.90
10609,3/25/2024 7:04:42 PM,-1.20
10609,3/25/2024 7:04:48 PM,-1.00
10609,3/25/2024 7:04:54 PM,-1.10
10609,3/25/2024 7:05:06 PM,-1.00
10609,3/25/2024 7:05:14 PM,-1.10
10609,3/25/2024 7:05:27 PM,-1.00
10609,3/25/2024 7:05:29 PM,-1.10
10609,3/25/2024 7:05:36 PM,-1.20
10609,3/25/2024 7:05:48 PM,-0.90
10609,3/25/2024 7:06:00 PM,-1.00
10609,3/25/2024 7:06:06 PM,-0.90
10609,3/25/2024 7:06:21 PM,-1.30
10609,3/25/2024 7:06:27 PM,-1.20
10609,3/25/2024 7:06:35 PM,-0.80
10609,3/25/2024 7:06:39 PM,-1.20
10609,3/25/2024 7:06:44 PM,-0.70
10609,3/25/2024 7:06:47 PM,-1.20
10609,3/25/2024 7:06:55 PM,-1.10
10609,3/25/2024 7:06:57 PM,-1.20
10609,3/25/2024 7:07:04 PM,-1.30
10609,3/25/2024 7:07:17 PM,-1.20
10609,3/25/2024 7:07:38 PM,-1.30
10609,3/25/2024 7:07:50 PM,-1.10
10609,3/25/2024 7:08:15 PM,-1.30
10609,3/25/2024 7:08:18 PM,-1.20
10609,3/25/2024 7:08:35 PM,-1.00
10609,3/25/2024 7:08:45 PM,-1.20
10609,3/25/2024 7:08:56 PM,-1.30
10609,3/25/2024 7:09:06 PM,-1.10
10609,3/25/2024 7:09:09 PM,-1.20
10609,3/25/2024 7:09:23 PM,-1.00
10609,3/25/2024 7:09:36 PM,-1.10
10609,3/25/2024 7:10:06 PM,-0.80
10609,3/25/2024 7:10:09 PM,-0.70
10609,3/25/2024 7:10:13 PM,-0.80
10609,3/25/2024 7:10:18 PM,-1.10
10609,3/25/2024 7:10:22 PM,-1.00
10609,3/25/2024 7:10:31 PM,-1.10
10609,3/25/2024 7:10:34 PM,-1.00
10609,3/25/2024 7:10:38 PM,-1.20
10609,3/25/2024 7:10:47 PM,-1.10
10609,3/25/2024 7:10:50 PM,-1.00
10609,3/25/2024 7:11:29 PM,-1.30
10609,3/25/2024 7:11:54 PM,-1.10
10609,3/25/2024 7:11:59 PM,-1.20
10609,3/25/2024 7:12:06 PM,-1.00
10609,3/25/2024 7:12:09 PM,-1.10
10609,3/25/2024 7:12:30 PM,-0.90
10609,3/25/2024 7:12:50 PM,-1.10
10609,3/25/2024 7:12:59 PM,-1.00
10609,3/25/2024 7:13:02 PM,-1.10
10609,3/25/2024 7:13:11 PM,-0.90
10609,3/25/2024 7:13:22 PM,-1.10
10609,3/25/2024 7:13:27 PM,-1.00
10609,3/25/2024 7:13:30 PM,-1.10
10609,3/25/2024 7:13:49 PM,-0.70
10609,3/25/2024 7:14:01 PM,-1.00
10609,3/25/2024 7:14:16 PM,-1.10
10609,3/25/2024 7:14:20 PM,-1.00
10609,3/25/2024 7:14:49 PM,-1.30
10609,3/25/2024 7:15:16 PM,-1.10
10609,3/25/2024 7:15:26 PM,-0.90
10609,3/25/2024 7:15:42 PM,-0.80
10609,3/25/2024 7:15:46 PM,-0.90
10609,3/25/2024 7:15:48 PM,-0.80
10609,3/25/2024 7:16:04 PM,-1.10
10609,3/25/2024 7:16:29 PM,-1.30
10609,3/25/2024 7:16:31 PM,-1.40
10609,3/25/2024 7:16:42 PM,-1.20
10609,3/25/2024 7:16:47 PM,-1.00
10609,3/25/2024 7:16:50 PM,-1.10
10609,3/25/2024 7:16:56 PM,-0.90
10609,3/25/2024 7:17:01 PM,-1.00
10609,3/25/2024 7:17:03 PM,-0.90
10609,3/25/2024 7:17:16 PM,-1.00
10609,3/25/2024 7:17:26 PM,-0.80
10609,3/25/2024 7:17:47 PM,-0.70
10609,3/25/2024 7:17:57 PM,-1.00
10609,3/25/2024 7:18:00 PM,-1.30
10609,3/25/2024 7:18:03 PM,-1.40
10609,3/25/2024 7:18:12 PM,-1.10
10609,3/25/2024 7:19:05 PM,-0.80
10609,3/25/2024 7:19:18 PM,-1.10
10609,3/25/2024 7:19:52 PM,-1.30
10609,3/25/2024 7:20:02 PM,-1.50
10609,3/25/2024 7:20:09 PM,-1.20
10609,3/25/2024 7:20:11 PM,-1.30
10609,3/25/2024 7:20:23 PM,-0.90
10609,3/25/2024 7:20:33 PM,-0.80
10609,3/25/2024 7:20:48 PM,-1.20
10609,3/25/2024 7:20:58 PM,-1.00
10609,3/25/2024 7:21:11 PM,-1.30
10609,3/25/2024 7:21:23 PM,-1.20
10609,3/25/2024 7:21:28 PM,-1.30
10609,3/25/2024 7:21:42 PM,-1.20
10609,3/25/2024 7:21:45 PM,-1.10
10609,3/25/2024 7:21:57 PM,-1.00
10609,3/25/2024 7:22:00 PM,-1.30
10609,3/25/2024 7:22:04 PM,-1.10
10609,3/25/2024 7:22:11 PM,-1.20
10609,3/25/2024 7:22:39 PM,-1.30
10609,3/25/2024 7:22:50 PM,-1.20
10609,3/25/2024 7:22:54 PM,-1.30
10609,3/25/2024 7:23:06 PM,-1.20
10609,3/25/2024 7:23:17 PM,-1.30
10609,3/25/2024 7:23:22 PM,-1.20
10609,3/25/2024 7:23:47 PM,-1.00
10609,3/25/2024 7:23:50 PM,-0.90
10609,3/25/2024 7:23:57 PM,-1.00
10609,3/25/2024 7:24:05 PM,-0.90
10609,3/25/2024 7:24:07 PM,-0.80
10609,3/25/2024 7:24:24 PM,-1.00
10609,3/25/2024 7:24:27 PM,-1.10
10609,3/25/2024 7:25:06 PM,-1.30
10609,3/25/2024 7:25:23 PM,-1.20
10609,3/25/2024 7:25:27 PM,-1.10
10609,3/25/2024 7:25:34 PM,-1.20
10609,3/25/2024 7:25:54 PM,-1.10
10609,3/25/2024 7:25:58 PM,-1.20
10609,3/25/2024 7:26:01 PM,-1.40
10609,3/25/2024 7:26:14 PM,-1.30
10609,3/25/2024 7:26:16 PM,-1.20
10609,3/25/2024 7:26:45 PM,-1.00
10609,3/25/2024 7:26:48 PM,-1.10
10609,3/25/2024 7:26:58 PM,-1.00
10609,3/25/2024 7:27:01 PM,-1.10
10609,3/25/2024 7:27:30 PM,-1.30
10609,3/25/2024 7:27:33 PM,-1.10
10609,3/25/2024 7:27:44 PM,-1.20
10609,3/25/2024 7:27:51 PM,-1.40
10609,3/25/2024 7:28:01 PM,-1.10
10609,3/25/2024 7:28:11 PM,-1.30
10609,3/25/2024 7:28:17 PM,-1.10
10609,3/25/2024 7:28:20 PM,-1.20
10609,3/25/2024 7:28:37 PM,-1.30
10609,3/25/2024 7:28:48 PM,-1.10
10609,3/25/2024 7:28:54 PM,-1.20
10609,3/25/2024 7:28:56 PM,-1.00
10609,3/25/2024 7:29:10 PM,-1.60
10609,3/25/2024 7:29:13 PM,-1.10
10609,3/25/2024 7:29:24 PM,-1.00
10609,3/25/2024 7:29:27 PM,-0.90
10609,3/25/2024 7:29:44 PM,-1.10
10609,3/25/2024 7:29:54 PM,-1.30
10609,3/25/2024 7:29:57 PM,-1.20
10609,3/25/2024 7:29:59 PM,-1.30
10609,3/25/2024 7:30:03 PM,-1.20
10609,3/25/2024 7:30:28 PM,-1.30
10609,3/25/2024 7:30:35 PM,-1.20
10609,3/25/2024 7:30:48 PM,-1.30
10609,3/25/2024 7:31:03 PM,-1.10
10609,3/25/2024 7:31:07 PM,-1.20
10609,3/25/2024 7:31:14 PM,-1.10
10609,3/25/2024 7:31:24 PM,-1.20
10609,3/25/2024 7:31:27 PM,-1.30
10609,3/25/2024 7:31:35 PM,-1.10
10609,3/25/2024 7:31:48 PM,-1.20
10609,3/25/2024 7:32:11 PM,-1.00
10609,3/25/2024 7:32:28 PM,-1.20
10609,3/25/2024 7:32:52 PM,-1.30
10609,3/25/2024 7:32:55 PM,-1.40
10609,3/25/2024 7:32:58 PM,-1.20
10609,3/25/2024 7:33:01 PM,-1.30
10609,3/25/2024 7:33:10 PM,-1.10
10609,3/25/2024 7:33:23 PM,-1.40
10609,3/25/2024 7:33:38 PM,-1.30
10609,3/25/2024 7:33:45 PM,-1.50
10609,3/25/2024 7:33:48 PM,-1.20
10609,3/25/2024 7:33:52 PM,-1.00
10609,3/25/2024 7:34:04 PM,-1.30
10609,3/25/2024 7:34:18 PM,-1.50
10609,3/25/2024 7:34:22 PM,-1.60
10609,3/25/2024 7:34:39 PM,-1.30
10609,3/25/2024 7:34:41 PM,-1.40
10609,3/25/2024 7:34:56 PM,-1.20
10609,3/25/2024 7:34:59 PM,-1.30
10609,3/25/2024 7:35:19 PM,-1.20
10609,3/25/2024 7:35:34 PM,-1.30
10609,3/25/2024 7:35:38 PM,-1.20
10609,3/25/2024 7:35:53 PM,-1.10
10609,3/25/2024 7:35:57 PM,-1.20
10609,3/25/2024 7:36:04 PM,-1.00
10609,3/25/2024 7:36:21 PM,-1.10
10609,3/25/2024 7:36:38 PM,-1.00
10609,3/25/2024 7:36:57 PM,-1.20
10609,3/25/2024 7:37:02 PM,-1.10
10609,3/25/2024 7:37:12 PM,-1.30
10609,3/25/2024 7:37:35 PM,-1.40
10609,3/25/2024 7:37:49 PM,-1.20
10609,3/25/2024 7:37:53 PM,-1.30
10609,3/25/2024 7:38:06 PM,-1.40
10609,3/25/2024 7:38:10 PM,-1.30
10609,3/25/2024 7:38:17 PM,-1.50
10609,3/25/2024 7:38:46 PM,-1.30
10609,3/25/2024 7:39:19 PM,-1.40
10609,3/25/2024 7:39:30 PM,-1.20
10609,3/25/2024 7:39:42 PM,-1.30
10609,3/25/2024 7:39:55 PM,-1.20
10609,3/25/2024 7:39:57 PM,-1.30
10609,3/25/2024 7:40:11 PM,-1.40
10609,3/25/2024 7:40:20 PM,-1.20
10609,3/25/2024 7:40:23 PM,-1.30
10609,3/25/2024 7:40:33 PM,-1.10
10609,3/25/2024 7:40:46 PM,-1.20
10609,3/25/2024 7:40:52 PM,-1.10
10609,3/25/2024 7:40:56 PM,-1.30
10609,3/25/2024 7:41:02 PM,-1.20
10609,3/25/2024 7:41:20 PM,-1.30
10609,3/25/2024 7:41:28 PM,-1.10
10609,3/25/2024 7:41:34 PM,-1.30
10609,3/25/2024 7:41:47 PM,-1.40
10609,3/25/2024 7:41:53 PM,-1.90
10609,3/25/2024 7:41:56 PM,-1.40
10609,3/25/2024 7:41:59 PM,-1.50
10609,3/25/2024 7:42:24 PM,-1.10
10609,3/25/2024 7:42:35 PM,-1.30
10609,3/25/2024 7:42:49 PM,-1.20
10609,3/25/2024 7:42:51 PM,-1.30
10609,3/25/2024 7:42:58 PM,-1.40
10609,3/25/2024 7:43:15 PM,-1.20
10609,3/25/2024 7:43:22 PM,-1.40
10609,3/25/2024 7:43:37 PM,-1.20
10609,3/25/2024 7:43:49 PM,-1.40
10609,3/25/2024 7:43:52 PM,-1.30
10609,3/25/2024 7:43:55 PM,-1.40
10609,3/25/2024 7:43:59 PM,-1.20
10609,3/25/2024 7:44:02 PM,-1.30
10609,3/25/2024 7:44:17 PM,-1.10
10609,3/25/2024 7:44:35 PM,-1.20
10609,3/25/2024 7:44:39 PM,-1.10
10609,3/25/2024 7:44:54 PM,-1.20
10609,3/25/2024 7:45:09 PM,-1.10
10609,3/25/2024 7:45:18 PM,-1.30
10609,3/25/2024 7:45:22 PM,-1.20
10609,3/25/2024 7:45:25 PM,-1.30
10609,3/25/2024 7:45:35 PM,-1.40
10609,3/25/2024 7:45:38 PM,-1.30
10609,3/25/2024 7:45:54 PM,-1.40
10609,3/25/2024 7:45:57 PM,-1.30
10609,3/25/2024 7:46:01 PM,-1.40
10609,3/25/2024 7:46:28 PM,-1.50
10609,3/25/2024 7:46:42 PM,-1.40
10609,3/25/2024 7:46:44 PM,-1.30
10609,3/25/2024 7:46:51 PM,-1.20
10609,3/25/2024 7:46:54 PM,-1.30
10609,3/25/2024 7:47:21 PM,-1.60
10609,3/25/2024 7:47:28 PM,-1.50
10609,3/25/2024 7:47:49 PM,-1.40
10609,3/25/2024 7:47:51 PM,-1.50
10609,3/25/2024 7:48:01 PM,-1.60
10609,3/25/2024 7:48:04 PM,-1.30
10609,3/25/2024 7:48:05 PM,-1.60
10609,3/25/2024 7:48:08 PM,-1.50
10609,3/25/2024 7:48:53 PM,-1.30
10609,3/25/2024 7:49:00 PM,-1.50
10609,3/25/2024 7:49:31 PM,-1.30
10609,3/25/2024 7:49:39 PM,-1.40
10609,3/25/2024 7:49:46 PM,-1.20
10609,3/25/2024 7:49:49 PM,-1.40
10609,3/25/2024 7:49:53 PM,-0.70
10609,3/25/2024 7:49:57 PM,-1.50
10609,3/25/2024 7:50:20 PM,-1.30
10609,3/25/2024 7:50:26 PM,-1.50
10609,3/25/2024 7:50:42 PM,-1.60
10609,3/25/2024 7:50:58 PM,-1.40
10609,3/25/2024 7:51:37 PM,-1.30
10609,3/25/2024 7:51:52 PM,-1.50
10609,3/25/2024 7:52:11 PM,-1.40
10609,3/25/2024 7:52:15 PM,-1.50
10609,3/25/2024 7:52:24 PM,-1.40
10609,3/25/2024 7:52:52 PM,-1.60
10609,3/25/2024 7:52:59 PM,-1.40
10609,3/25/2024 7:53:05 PM,-1.50
10609,3/25/2024 7:53:14 PM,-1.40
10609,3/25/2024 7:53:31 PM,-1.50
10609,3/25/2024 7:53:54 PM,-1.30
10609,3/25/2024 7:53:56 PM,-1.40
10609,3/25/2024 7:54:09 PM,-1.50
10609,3/25/2024 7:54:16 PM,-1.40
10609,3/25/2024 7:54:24 PM,-1.60
10609,3/25/2024 7:54:43 PM,-1.40
10609,3/25/2024 7:55:05 PM,-1.30
10609,3/25/2024 7:55:37 PM,-1.50
10609,3/25/2024 7:55:42 PM,-1.40
10609,3/25/2024 7:55:52 PM,-1.60
10609,3/25/2024 7:56:14 PM,-1.20
10609,3/25/2024 7:56:41 PM,-1.30
10609,3/25/2024 7:56:47 PM,-1.10
10609,3/25/2024 7:56:54 PM,-1.20
10609,3/25/2024 7:56:59 PM,-1.00
10609,3/25/2024 7:57:07 PM,-1.20
10609,3/25/2024 7:57:09 PM,-1.40
10609,3/25/2024 7:57:14 PM,-1.60
10609,3/25/2024 7:57:18 PM,-1.50
10609,3/25/2024 7:57:20 PM,-1.60
10609,3/25/2024 7:57:29 PM,-1.50
10609,3/25/2024 7:57:44 PM,-1.70
10609,3/25/2024 7:57:48 PM,-1.60
10609,3/25/2024 7:57:57 PM,-1.70
10609,3/25/2024 7:58:01 PM,-1.60
10609,3/25/2024 7:58:25 PM,-1.70
10609,3/25/2024 7:58:29 PM,-1.60
10609,3/25/2024 7:58:51 PM,-1.50
10609,3/25/2024 7:59:02 PM,-1.60
10609,3/25/2024 7:59:06 PM,-1.50
10609,3/25/2024 7:59:18 PM,-1.60
10609,3/25/2024 7:59:40 PM,-1.50
10609,3/25/2024 8:00:00 PM,-1.70
10609,3/25/2024 8:00:21 PM,-1.50
10609,3/25/2024 8:00:42 PM,-1.60
10609,3/25/2024 8:00:49 PM,-1.70
10609,3/25/2024 8:01:11 PM,-1.60
10609,3/25/2024 8:01:24 PM,-1.70
10609,3/25/2024 8:02:20 PM,-1.80
10609,3/25/2024 8:02:24 PM,-1.70
10609,3/25/2024 8:02:38 PM,-1.60
10609,3/25/2024 8:02:56 PM,-1.80
10609,3/25/2024 8:03:11 PM,-1.70
10609,3/25/2024 8:03:42 PM,-1.80
10609,3/25/2024 8:03:57 PM,-1.60
10609,3/25/2024 8:04:09 PM,-1.70
10609,3/25/2024 8:04:12 PM,-1.80
10609,3/25/2024 8:04:23 PM,-1.70
10609,3/25/2024 8:04:26 PM,-1.80
10609,3/25/2024 8:04:31 PM,-1.50
10609,3/25/2024 8:04:41 PM,-1.40
10609,3/25/2024 8:04:43 PM,-1.50
10609,3/25/2024 8:04:47 PM,-1.40
10609,3/25/2024 8:04:50 PM,-1.80
10609,3/25/2024 8:04:53 PM,-1.30
10609,3/25/2024 8:05:04 PM,-1.20
10609,3/25/2024 8:05:28 PM,-1.60
10609,3/25/2024 8:05:36 PM,-1.80
10609,3/25/2024 8:05:41 PM,-1.70
10609,3/25/2024 8:05:45 PM,-1.80
10609,3/25/2024 8:05:48 PM,-1.70
10609,3/25/2024 8:06:00 PM,-1.60
10609,3/25/2024 8:06:08 PM,-1.70
10609,3/25/2024 8:06:18 PM,-1.50
10609,3/25/2024 8:06:32 PM,-1.60
10609,3/25/2024 8:06:40 PM,-1.50
10609,3/25/2024 8:06:46 PM,-1.60
10609,3/25/2024 8:07:03 PM,-0.50
10609,3/25/2024 8:07:07 PM,-1.70
10609,3/25/2024 8:07:11 PM,-2.20
10609,3/25/2024 8:07:14 PM,-1.70
10609,3/25/2024 8:07:29 PM,-1.80
10609,3/25/2024 8:07:37 PM,-1.70
10609,3/25/2024 8:07:44 PM,-1.80
10609,3/25/2024 8:07:48 PM,-1.70
10609,3/25/2024 8:07:55 PM,-1.80
10609,3/25/2024 8:08:02 PM,-1.70
10609,3/25/2024 8:08:33 PM,-1.80
10609,3/25/2024 8:08:50 PM,-1.70
10609,3/25/2024 8:08:52 PM,-1.60
10609,3/25/2024 8:09:04 PM,-1.70
10609,3/25/2024 8:09:21 PM,-1.50
10609,3/25/2024 8:09:28 PM,-1.70
10609,3/25/2024 8:09:30 PM,-1.60
10609,3/25/2024 8:09:40 PM,-1.80
10609,3/25/2024 8:09:54 PM,-1.60
10609,3/25/2024 8:09:56 PM,-1.50
10609,3/25/2024 8:10:00 PM,-1.60
10609,3/25/2024 8:10:11 PM,-1.50
10609,3/25/2024 8:10:38 PM,-1.60
10609,3/25/2024 8:10:45 PM,-1.50
10609,3/25/2024 8:10:51 PM,-1.60
10609,3/25/2024 8:11:00 PM,-1.50
10609,3/25/2024 8:11:17 PM,-1.80
10609,3/25/2024 8:11:32 PM,-1.40
10609,3/25/2024 8:11:49 PM,-1.60
10609,3/25/2024 8:11:51 PM,-1.50
10609,3/25/2024 8:11:55 PM,-1.60
10609,3/25/2024 8:12:01 PM,-1.50
10609,3/25/2024 8:12:15 PM,-1.60
10609,3/25/2024 8:12:30 PM,-1.50
10609,3/25/2024 8:12:33 PM,-1.70
10609,3/25/2024 8:12:46 PM,-1.50
10609,3/25/2024 8:12:57 PM,-1.40
10609,3/25/2024 8:13:00 PM,-1.30
10609,3/25/2024 8:13:17 PM,-1.40
10609,3/25/2024 8:13:23 PM,-1.60
10609,3/25/2024 8:13:36 PM,-1.70
10609,3/25/2024 8:13:50 PM,-1.50
10609,3/25/2024 8:14:09 PM,-1.40
10609,3/25/2024 8:14:13 PM,-1.50
10609,3/25/2024 8:14:25 PM,-1.30
10609,3/25/2024 8:14:36 PM,-1.50
10609,3/25/2024 8:14:39 PM,-1.40
10609,3/25/2024 8:14:52 PM,-1.50
10609,3/25/2024 8:15:03 PM,-1.40
10609,3/25/2024 8:15:06 PM,-1.50
10609,3/25/2024 8:15:08 PM,-1.40
10609,3/25/2024 8:15:14 PM,-1.60
10609,3/25/2024 8:15:31 PM,-1.70
10609,3/25/2024 8:15:35 PM,-1.60
10609,3/25/2024 8:15:56 PM,-1.70
10609,3/25/2024 8:16:12 PM,-1.50
10609,3/25/2024 8:16:22 PM,-1.70
10609,3/25/2024 8:16:29 PM,-1.60
10609,3/25/2024 8:17:09 PM,-1.90
10609,3/25/2024 8:17:18 PM,-1.60
10609,3/25/2024 8:17:22 PM,-1.70
10609,3/25/2024 8:17:25 PM,-1.60
10609,3/25/2024 8:17:32 PM,-1.70
10609,3/25/2024 8:17:41 PM,-1.30
10609,3/25/2024 8:17:45 PM,-1.60
10609,3/25/2024 8:17:57 PM,-1.50
10609,3/25/2024 8:18:02 PM,-1.60
10609,3/25/2024 8:18:04 PM,-1.50
10609,3/25/2024 8:18:08 PM,-1.60
10609,3/25/2024 8:18:29 PM,-1.80
10609,3/25/2024 8:18:32 PM,-1.90
10609,3/25/2024 8:18:35 PM,-1.80
10609,3/25/2024 8:18:48 PM,-1.90
10609,3/25/2024 8:19:07 PM,-1.70
10609,3/25/2024 8:19:20 PM,-1.90
10609,3/25/2024 8:19:46 PM,-1.70
10609,3/25/2024 8:20:14 PM,-1.60
10609,3/25/2024 8:20:17 PM,-1.40
10609,3/25/2024 8:20:20 PM,-1.70
10609,3/25/2024 8:20:50 PM,-1.50
10609,3/25/2024 8:21:05 PM,-1.70
10609,3/25/2024 8:21:33 PM,-1.90
10609,3/25/2024 8:21:50 PM,-1.80
10609,3/25/2024 8:22:07 PM,-1.90
10609,3/25/2024 8:22:10 PM,-1.80
10609,3/25/2024 8:22:38 PM,-1.70
10609,3/25/2024 8:22:49 PM,-1.80
10609,3/25/2024 8:23:09 PM,-1.70
10609,3/25/2024 8:23:12 PM,-1.80
10609,3/25/2024 8:23:16 PM,-1.70
10609,3/25/2024 8:23:20 PM,-1.80
10609,3/25/2024 8:23:40 PM,-1.90
10609,3/25/2024 8:23:42 PM,-1.80
10609,3/25/2024 8:23:53 PM,-1.90
10609,3/25/2024 8:23:55 PM,-1.80
10609,3/25/2024 8:24:00 PM,-1.90
10609,3/25/2024 8:24:29 PM,-2.00
10609,3/25/2024 8:24:36 PM,-1.90
10609,3/25/2024 8:24:44 PM,-2.00
10609,3/25/2024 8:24:59 PM,-1.90
10609,3/25/2024 8:25:05 PM,-2.00
10609,3/25/2024 8:25:08 PM,-1.90
10609,3/25/2024 8:25:17 PM,-2.00
10609,3/25/2024 8:25:22 PM,-1.90
10609,3/25/2024 8:26:32 PM,-1.70
10609,3/25/2024 8:26:42 PM,-1.80
10609,3/25/2024 8:26:45 PM,-1.90
10609,3/25/2024 8:26:58 PM,-2.00
10609,3/25/2024 8:27:14 PM,-1.90
10609,3/25/2024 8:27:19 PM,-2.00
10609,3/25/2024 8:27:31 PM,-1.70
10609,3/25/2024 8:27:35 PM,-1.80
10609,3/25/2024 8:27:52 PM,-1.90
10609,3/25/2024 8:27:56 PM,-1.80
10609,3/25/2024 8:28:26 PM,-2.00
10609,3/25/2024 8:28:56 PM,-1.90
10609,3/25/2024 8:28:59 PM,-2.00
10609,3/25/2024 8:29:16 PM,-1.80
10609,3/25/2024 8:29:34 PM,-2.00
10609,3/25/2024 8:29:57 PM,-1.70
10609,3/25/2024 8:30:14 PM,-1.80
10609,3/25/2024 8:30:31 PM,-1.70
10609,3/25/2024 8:31:03 PM,-2.00
10609,3/25/2024 8:31:22 PM,-1.90
10609,3/25/2024 8:31:27 PM,-1.80
10609,3/25/2024 8:31:33 PM,-2.00
10609,3/25/2024 8:31:38 PM,-1.90
10609,3/25/2024 8:31:45 PM,-1.50
10609,3/25/2024 8:31:56 PM,-1.60
10609,3/25/2024 8:31:59 PM,-1.70
10609,3/25/2024 8:32:06 PM,-1.50
10609,3/25/2024 8:32:20 PM,-1.80
10609,3/25/2024 8:32:34 PM,-1.70
10609,3/25/2024 8:32:48 PM,-2.00
10609,3/25/2024 8:33:00 PM,-1.90
10609,3/25/2024 8:33:09 PM,-2.00
10609,3/25/2024 8:33:22 PM,-1.90
10609,3/25/2024 8:33:32 PM,-1.70
10609,3/25/2024 8:33:52 PM,-1.90
10609,3/25/2024 8:33:56 PM,-2.00
10609,3/25/2024 8:34:07 PM,-1.80
10609,3/25/2024 8:34:29 PM,-1.70
10609,3/25/2024 8:34:33 PM,-1.80
10609,3/25/2024 8:34:43 PM,-1.70
10609,3/25/2024 8:34:55 PM,-1.90
10609,3/25/2024 8:34:58 PM,-1.80
10609,3/25/2024 8:35:06 PM,-1.90
10609,3/25/2024 8:35:12 PM,-1.70
10609,3/25/2024 8:35:29 PM,-1.80
10609,3/25/2024 8:35:49 PM,-1.70
10609,3/25/2024 8:35:59 PM,-1.80
10609,3/25/2024 8:36:02 PM,-1.90
10609,3/25/2024 8:36:33 PM,-1.80
10609,3/25/2024 8:36:38 PM,-1.90
10609,3/25/2024 8:36:45 PM,-1.80
10609,3/25/2024 8:36:47 PM,-1.90
10609,3/25/2024 8:36:57 PM,-1.80
10609,3/25/2024 8:37:54 PM,-1.70
10609,3/25/2024 8:38:00 PM,-1.80
10609,3/25/2024 8:38:03 PM,-1.60
10609,3/25/2024 8:38:07 PM,-1.80
10609,3/25/2024 8:38:09 PM,-1.60
10609,3/25/2024 8:38:12 PM,-1.80
10609,3/25/2024 8:38:18 PM,-2.00
10609,3/25/2024 8:38:24 PM,-1.80
10609,3/25/2024 8:38:30 PM,-1.90
10609,3/25/2024 8:38:49 PM,-2.00
10609,3/25/2024 8:38:53 PM,-1.90
10609,3/25/2024 8:38:58 PM,-2.00
10609,3/25/2024 8:39:00 PM,-1.90
10609,3/25/2024 8:39:03 PM,-2.10
10609,3/25/2024 8:39:05 PM,-2.00
10609,3/25/2024 8:39:31 PM,-1.90
10609,3/25/2024 8:39:45 PM,-1.60
10609,3/25/2024 8:39:57 PM,-1.80
10609,3/25/2024 8:40:14 PM,-1.50
10609,3/25/2024 8:40:24 PM,-1.80
10609,3/25/2024 8:40:38 PM,-1.60
10609,3/25/2024 8:40:46 PM,-1.80
10609,3/25/2024 8:40:50 PM,-1.70
10609,3/25/2024 8:40:54 PM,-1.80
10609,3/25/2024 8:41:03 PM,-1.70
10609,3/25/2024 8:41:47 PM,-2.00
10609,3/25/2024 8:41:53 PM,-1.90
10609,3/25/2024 8:41:59 PM,-2.00
10609,3/25/2024 8:42:01 PM,-2.10
10609,3/25/2024 8:42:04 PM,-2.00
10609,3/25/2024 8:42:13 PM,-2.20
10609,3/25/2024 8:42:17 PM,-2.10
10609,3/25/2024 8:42:43 PM,-2.00
10609,3/25/2024 8:42:47 PM,-1.80
10609,3/25/2024 8:42:58 PM,-1.60
10609,3/25/2024 8:43:06 PM,-1.80
10609,3/25/2024 8:43:11 PM,-0.80
10609,3/25/2024 8:43:14 PM,-1.90
10609,3/25/2024 8:43:17 PM,-1.80
10609,3/25/2024 8:43:21 PM,-1.30
10609,3/25/2024 8:43:25 PM,-1.90
10609,3/25/2024 8:43:32 PM,-2.10
10609,3/25/2024 8:43:36 PM,-2.00
10609,3/25/2024 8:43:49 PM,-1.90
10609,3/25/2024 8:43:57 PM,-1.70
10609,3/25/2024 8:44:07 PM,-1.60
10609,3/25/2024 8:44:22 PM,-1.80
10609,3/25/2024 8:44:36 PM,-1.60
10609,3/25/2024 8:44:53 PM,-1.70
10609,3/25/2024 8:45:00 PM,-2.00
10609,3/25/2024 8:45:13 PM,-2.10
10609,3/25/2024 8:45:18 PM,-2.00
10609,3/25/2024 8:45:36 PM,-1.90
10609,3/25/2024 8:45:41 PM,-1.80
10609,3/25/2024 8:45:43 PM,-1.90
10609,3/25/2024 8:45:50 PM,-1.80
10609,3/25/2024 8:45:54 PM,-1.90
10609,3/25/2024 8:45:58 PM,-1.80
10609,3/25/2024 8:46:02 PM,-1.90
10609,3/25/2024 8:46:09 PM,-1.80
10609,3/25/2024 8:46:13 PM,-1.90
10609,3/25/2024 8:46:23 PM,-1.80
10609,3/25/2024 8:46:26 PM,-1.90
10609,3/25/2024 8:46:36 PM,-1.70
10609,3/25/2024 8:47:01 PM,-1.90
10609,3/25/2024 8:47:11 PM,-1.80
10609,3/25/2024 8:47:17 PM,-1.90
10609,3/25/2024 8:47:21 PM,-1.80
10609,3/25/2024 8:47:34 PM,-2.00
10609,3/25/2024 8:47:53 PM,-1.90
10609,3/25/2024 8:47:56 PM,-1.80
10609,3/25/2024 8:47:59 PM,-1.50
10609,3/25/2024 8:48:05 PM,-1.70
10609,3/25/2024 8:48:08 PM,-1.60
10609,3/25/2024 8:48:15 PM,-1.80
10609,3/25/2024 8:48:57 PM,-2.00
10609,3/25/2024 8:49:02 PM,-1.90
10609,3/25/2024 8:49:20 PM,-2.00
10609,3/25/2024 8:49:24 PM,-1.90
10609,3/25/2024 8:49:49 PM,-1.80
10609,3/25/2024 8:49:52 PM,-1.90
10609,3/25/2024 8:49:56 PM,-1.80
10609,3/25/2024 8:50:09 PM,-1.90
10609,3/25/2024 8:51:04 PM,-2.00
10609,3/25/2024 8:51:10 PM,-1.80
10609,3/25/2024 8:51:27 PM,-2.00
10609,3/25/2024 8:51:32 PM,-1.90
10609,3/25/2024 8:51:35 PM,-2.00
10609,3/25/2024 8:51:53 PM,-2.10
10609,3/25/2024 8:51:57 PM,-1.90
10609,3/25/2024 8:52:25 PM,-2.10
10609,3/25/2024 8:52:34 PM,-2.00
10609,3/25/2024 8:52:36 PM,-2.10
10609,3/25/2024 8:52:53 PM,-1.90
10609,3/25/2024 8:53:09 PM,-2.10
10609,3/25/2024 8:53:14 PM,-2.00
10609,3/25/2024 8:53:17 PM,-2.10
10609,3/25/2024 8:53:28 PM,-1.80
10609,3/25/2024 8:53:34 PM,-1.90
10609,3/25/2024 8:53:36 PM,-2.00
10609,3/25/2024 8:53:50 PM,-2.10
10609,3/25/2024 8:53:53 PM,-2.00
10609,3/25/2024 8:54:06 PM,-2.10
10609,3/25/2024 8:54:39 PM,-2.00
10609,3/25/2024 8:54:47 PM,-2.10
10609,3/25/2024 8:54:50 PM,-2.00
10609,3/25/2024 8:55:02 PM,-2.10
10609,3/25/2024 8:55:59 PM,-1.80
10609,3/25/2024 8:56:05 PM,-1.70
10609,3/25/2024 8:56:15 PM,-1.90
10609,3/25/2024 8:56:17 PM,-1.80
10609,3/25/2024 8:56:41 PM,-2.30
10609,3/25/2024 8:56:44 PM,-2.20
10609,3/25/2024 8:56:50 PM,-2.30
10609,3/25/2024 8:56:56 PM,-2.10
10609,3/25/2024 8:57:03 PM,-1.30
10609,3/25/2024 8:57:08 PM,-2.00
10609,3/25/2024 8:57:11 PM,-2.10
10609,3/25/2024 8:57:18 PM,-2.00
10609,3/25/2024 8:57:35 PM,-2.30
10609,3/25/2024 8:57:38 PM,-2.10
10609,3/25/2024 8:57:50 PM,-1.80
10609,3/25/2024 8:58:14 PM,-1.90
10609,3/25/2024 8:58:21 PM,-1.80
10609,3/25/2024 8:58:49 PM,-2.00
10609,3/25/2024 8:58:56 PM,-1.90
10609,3/25/2024 8:59:04 PM,-2.10
10609,3/25/2024 8:59:11 PM,-2.00
10609,3/25/2024 8:59:26 PM,-2.20
10609,3/25/2024 8:59:30 PM,-2.10
10609,3/25/2024 9:00:00 PM,-2.00
10609,3/25/2024 9:00:49 PM,-2.20
10609,3/25/2024 9:00:51 PM,-2.10
10609,3/25/2024 9:00:55 PM,-2.20
10609,3/25/2024 9:00:59 PM,-2.10
10609,3/25/2024 9:01:16 PM,-2.00
10609,3/25/2024 9:01:22 PM,-2.10
10609,3/25/2024 9:01:26 PM,-2.00
10609,3/25/2024 9:01:29 PM,-2.10
10609,3/25/2024 9:01:37 PM,-2.00
10609,3/25/2024 9:01:49 PM,-2.20
10609,3/25/2024 9:02:13 PM,-2.10
10609,3/25/2024 9:02:16 PM,-2.20
10609,3/25/2024 9:02:27 PM,-2.10
10609,3/25/2024 9:02:35 PM,-2.20
10609,3/25/2024 9:02:51 PM,-2.10
10609,3/25/2024 9:02:58 PM,-2.20
10609,3/25/2024 9:03:04 PM,-2.10
10609,3/25/2024 9:03:25 PM,-2.30
10609,3/25/2024 9:03:30 PM,-2.20
10609,3/25/2024 9:03:34 PM,-2.30
10609,3/25/2024 9:03:55 PM,-2.10
10609,3/25/2024 9:04:20 PM,-2.00
10609,3/25/2024 9:04:28 PM,-2.20
10609,3/25/2024 9:04:44 PM,-2.00
10609,3/25/2024 9:05:01 PM,-2.30
10609,3/25/2024 9:05:05 PM,-2.20
10609,3/25/2024 9:05:08 PM,-1.90
10609,3/25/2024 9:05:11 PM,-1.80
10609,3/25/2024 9:05:51 PM,-2.20
10609,3/25/2024 9:05:57 PM,-2.00
10609,3/25/2024 9:06:08 PM,-1.90
10609,3/25/2024 9:06:41 PM,-2.10
10609,3/25/2024 9:07:06 PM,-3.50
10609,3/25/2024 9:07:09 PM,-2.10
10609,3/25/2024 9:07:15 PM,-2.00
10609,3/25/2024 9:07:19 PM,-2.10
10609,3/25/2024 9:07:22 PM,-2.00
10609,3/25/2024 9:07:34 PM,-2.30
10609,3/25/2024 9:08:03 PM,-2.10
10609,3/25/2024 9:08:07 PM,-2.20
10609,3/25/2024 9:08:16 PM,-2.10
10609,3/25/2024 9:08:19 PM,-2.00
10609,3/25/2024 9:08:42 PM,-2.10
10609,3/25/2024 9:08:49 PM,-2.20
10609,3/25/2024 9:08:52 PM,-2.10
10609,3/25/2024 9:08:55 PM,-2.20
10609,3/25/2024 9:09:18 PM,-2.10
10609,3/25/2024 9:09:33 PM,-2.20
10609,3/25/2024 9:09:37 PM,-2.30
10609,3/25/2024 9:09:44 PM,-2.20
10609,3/25/2024 9:10:04 PM,-2.30
10609,3/25/2024 9:10:11 PM,-2.10
10609,3/25/2024 9:10:20 PM,-2.20
10609,3/25/2024 9:10:32 PM,-1.90
10609,3/25/2024 9:10:45 PM,-2.00
10609,3/25/2024 9:11:10 PM,-1.90
10609,3/25/2024 9:11:15 PM,-2.00
10609,3/25/2024 9:11:45 PM,-2.10
10609,3/25/2024 9:11:53 PM,-2.00
10609,3/25/2024 9:11:56 PM,-2.20
10609,3/25/2024 9:12:05 PM,-1.90
10609,3/25/2024 9:12:19 PM,-1.70
10609,3/25/2024 9:12:27 PM,-2.20
10609,3/25/2024 9:12:31 PM,-2.30
10609,3/25/2024 9:12:43 PM,-2.10
10609,3/25/2024 9:12:45 PM,-2.00
10609,3/25/2024 9:13:17 PM,-2.10
10609,3/25/2024 9:13:19 PM,-2.00
10609,3/25/2024 9:13:32 PM,-1.90
10609,3/25/2024 9:13:36 PM,-1.70
10609,3/25/2024 9:13:52 PM,-1.80
10609,3/25/2024 9:13:54 PM,-1.70
10609,3/25/2024 9:14:14 PM,-2.00
10609,3/25/2024 9:14:19 PM,-1.90
10609,3/25/2024 9:14:44 PM,-2.10
10609,3/25/2024 9:14:47 PM,-2.00
10609,3/25/2024 9:14:50 PM,-2.10
10609,3/25/2024 9:14:59 PM,-2.00
10609,3/25/2024 9:15:09 PM,-2.10
10609,3/25/2024 9:15:43 PM,-1.80
10609,3/25/2024 9:15:49 PM,-2.00
10609,3/25/2024 9:15:54 PM,-1.90
10609,3/25/2024 9:15:57 PM,-2.00
10609,3/25/2024 9:16:05 PM,-1.90
10609,3/25/2024 9:16:13 PM,-2.00
10609,3/25/2024 9:17:18 PM,-1.80
10609,3/25/2024 9:17:29 PM,-2.00
10609,3/25/2024 9:17:41 PM,-1.90
10609,3/25/2024 9:17:47 PM,-2.00
10609,3/25/2024 9:17:56 PM,-1.90
10609,3/25/2024 9:18:16 PM,-2.00
10609,3/25/2024 9:18:20 PM,-2.10
10609,3/25/2024 9:18:32 PM,-2.20
10609,3/25/2024 9:19:07 PM,-2.00
10609,3/25/2024 9:19:11 PM,-2.10
10609,3/25/2024 9:19:22 PM,-1.90
10609,3/25/2024 9:19:32 PM,-2.00
10609,3/25/2024 9:19:39 PM,-1.80
10609,3/25/2024 9:19:44 PM,-1.90
10609,3/25/2024 9:20:32 PM,-1.70
10609,3/25/2024 9:20:35 PM,-1.90
10609,3/25/2024 9:20:54 PM,-1.60
10609,3/25/2024 9:21:09 PM,-1.70
10609,3/25/2024 9:21:13 PM,-1.90
10609,3/25/2024 9:21:23 PM,-2.00
10609,3/25/2024 9:21:25 PM,-1.90
10609,3/25/2024 9:21:56 PM,-2.10
10609,3/25/2024 9:22:10 PM,-2.00
10609,3/25/2024 9:22:14 PM,-1.80
10609,3/25/2024 9:23:03 PM,-2.20
10609,3/25/2024 9:23:07 PM,-2.30
10609,3/25/2024 9:23:20 PM,-2.20
10609,3/25/2024 9:23:28 PM,-2.30
10609,3/25/2024 9:23:38 PM,-2.10
10609,3/25/2024 9:23:50 PM,-2.00
10609,3/25/2024 9:24:09 PM,-2.10
10609,3/25/2024 9:24:12 PM,-2.00
10609,3/25/2024 9:24:23 PM,-1.90
10609,3/25/2024 9:24:26 PM,-1.80
10609,3/25/2024 9:24:42 PM,-2.00
10609,3/25/2024 9:24:53 PM,-1.70
10609,3/25/2024 9:25:10 PM,-2.00
10609,3/25/2024 9:25:19 PM,-1.70
10609,3/25/2024 9:25:39 PM,-1.90
10609,3/25/2024 9:25:43 PM,-2.00
10609,3/25/2024 9:25:52 PM,-1.80
10609,3/25/2024 9:25:55 PM,-1.90
10609,3/25/2024 9:26:39 PM,-1.80
10609,3/25/2024 9:27:11 PM,-2.00
10609,3/25/2024 9:27:14 PM,-1.90
10609,3/25/2024 9:27:44 PM,-2.10
10609,3/25/2024 9:27:50 PM,-2.00
10609,3/25/2024 9:28:27 PM,-2.10
10609,3/25/2024 9:29:02 PM,-1.90
10609,3/25/2024 9:29:20 PM,-2.00
10609,3/25/2024 9:29:24 PM,-1.90
10609,3/25/2024 9:29:35 PM,-2.00
10609,3/25/2024 9:29:46 PM,-1.90
10609,3/25/2024 9:29:54 PM,-2.00
10609,3/25/2024 9:29:57 PM,-1.90
10609,3/25/2024 9:30:29 PM,-2.20
10609,3/25/2024 9:30:35 PM,-2.00
10609,3/25/2024 9:30:39 PM,-2.10
10609,3/25/2024 9:30:43 PM,-2.00
10609,3/25/2024 9:30:56 PM,-1.90
10609,3/25/2024 9:31:00 PM,-1.80
10609,3/25/2024 9:31:14 PM,-1.90
10609,3/25/2024 9:31:17 PM,-2.00
10609,3/25/2024 9:31:38 PM,-1.90
10609,3/25/2024 9:31:42 PM,-2.00
10609,3/25/2024 9:31:47 PM,-1.90
10609,3/25/2024 9:31:52 PM,-2.00
10609,3/25/2024 9:32:02 PM,-1.80
10609,3/25/2024 9:32:18 PM,-2.00
10609,3/25/2024 9:32:35 PM,-2.10
10609,3/25/2024 9:32:47 PM,-1.80
10609,3/25/2024 9:32:55 PM,-2.30
10609,3/25/2024 9:32:58 PM,-1.70
10609,3/25/2024 9:33:02 PM,-2.10
10609,3/25/2024 9:33:08 PM,-2.20
10609,3/25/2024 9:33:12 PM,-2.00
10609,3/25/2024 9:33:22 PM,-1.90
10609,3/25/2024 9:33:26 PM,-2.00
10609,3/25/2024 9:33:30 PM,-2.20
10609,3/25/2024 9:33:36 PM,-2.00
10609,3/25/2024 9:34:15 PM,-1.90
10609,3/25/2024 9:34:22 PM,-1.80
10609,3/25/2024 9:34:28 PM,-2.20
10609,3/25/2024 9:34:33 PM,-2.30
10609,3/25/2024 9:34:36 PM,-2.20
10609,3/25/2024 9:34:43 PM,-2.30
10609,3/25/2024 9:34:54 PM,-2.20
10609,3/25/2024 9:34:58 PM,-2.30
10609,3/25/2024 9:35:00 PM,-2.10
10609,3/25/2024 9:35:15 PM,-1.80
10609,3/25/2024 9:35:28 PM,-2.10
10609,3/25/2024 9:35:49 PM,-1.90
10609,3/25/2024 9:35:57 PM,-2.10
10609,3/25/2024 9:36:30 PM,-2.20
10609,3/25/2024 9:36:33 PM,-2.30
10609,3/25/2024 9:36:48 PM,-2.10
10609,3/25/2024 9:36:51 PM,-2.20
10609,3/25/2024 9:36:54 PM,-2.00
10609,3/25/2024 9:36:58 PM,-2.10
10609,3/25/2024 9:37:04 PM,-2.00
10609,3/25/2024 9:37:06 PM,-2.10
10609,3/25/2024 9:37:17 PM,-1.80
10609,3/25/2024 9:37:49 PM,-2.20
10609,3/25/2024 9:38:04 PM,-2.00
10609,3/25/2024 9:38:10 PM,-2.20
10609,3/25/2024 9:38:44 PM,-2.10
10609,3/25/2024 9:38:56 PM,-2.30
10609,3/25/2024 9:39:04 PM,-1.90
10609,3/25/2024 9:39:07 PM,-1.80
10609,3/25/2024 9:39:19 PM,-1.70
10609,3/25/2024 9:39:24 PM,-1.50
10609,3/25/2024 9:39:30 PM,-1.70
10609,3/25/2024 9:39:33 PM,-1.60
10609,3/25/2024 9:39:43 PM,-1.90
10609,3/25/2024 9:39:51 PM,-1.80
10609,3/25/2024 9:40:05 PM,-1.90
10609,3/25/2024 9:40:11 PM,-2.10
10609,3/25/2024 9:40:18 PM,-2.20
10609,3/25/2024 9:41:06 PM,-1.90
10609,3/25/2024 9:41:16 PM,-1.80
10609,3/25/2024 9:41:19 PM,-1.90
10609,3/25/2024 9:41:31 PM,-2.00
10609,3/25/2024 9:41:34 PM,-2.10
10609,3/25/2024 9:41:43 PM,-2.20
10609,3/25/2024 9:42:10 PM,-2.00
10609,3/25/2024 9:42:13 PM,-1.90
10609,3/25/2024 9:42:16 PM,-2.00
10609,3/25/2024 9:42:19 PM,-1.90
10609,3/25/2024 9:42:23 PM,-2.00
10609,3/25/2024 9:42:37 PM,-1.90
10609,3/25/2024 9:42:45 PM,-2.00
10609,3/25/2024 9:42:47 PM,-1.90
10609,3/25/2024 9:42:52 PM,-2.00
10609,3/25/2024 9:42:57 PM,-1.80
10609,3/25/2024 9:43:02 PM,-2.10
10609,3/25/2024 9:43:05 PM,-2.00
10609,3/25/2024 9:43:07 PM,-2.10
10609,3/25/2024 9:43:10 PM,-1.90
10609,3/25/2024 9:43:14 PM,-2.10
10609,3/25/2024 9:43:17 PM,-2.00
10609,3/25/2024 9:43:56 PM,-2.10
10609,3/25/2024 9:44:13 PM,-2.00
10609,3/25/2024 9:44:20 PM,-2.10
10609,3/25/2024 9:44:40 PM,-1.90
10609,3/25/2024 9:44:58 PM,-2.10
10609,3/25/2024 9:45:13 PM,-2.20
10609,3/25/2024 9:45:18 PM,-2.10
10609,3/25/2024 9:45:19 PM,-2.20
10609,3/25/2024 9:45:22 PM,-2.10
10609,3/25/2024 9:45:39 PM,-2.00
10609,3/25/2024 9:45:53 PM,-2.10
10609,3/25/2024 9:45:57 PM,-2.20
10609,3/25/2024 9:45:59 PM,-2.10
10609,3/25/2024 9:46:26 PM,-2.00
10609,3/25/2024 9:46:30 PM,-1.90
10609,3/25/2024 9:46:53 PM,-2.10
10609,3/25/2024 9:47:25 PM,-2.00
10609,3/25/2024 9:47:29 PM,-1.90
10609,3/25/2024 9:47:41 PM,-2.10
10609,3/25/2024 9:48:08 PM,-2.00
10609,3/25/2024 9:48:16 PM,-1.80
10609,3/25/2024 9:48:23 PM,-1.90
10609,3/25/2024 9:48:58 PM,-1.80
10609,3/25/2024 9:49:24 PM,-2.00
10609,3/25/2024 9:50:07 PM,-1.70
10609,3/25/2024 9:50:09 PM,-1.90
10609,3/25/2024 9:50:23 PM,-1.80
10609,3/25/2024 9:50:26 PM,-1.90
10609,3/25/2024 9:50:52 PM,-1.80
10609,3/25/2024 9:51:02 PM,-1.90
10609,3/25/2024 9:51:08 PM,-1.80
10609,3/25/2024 9:51:31 PM,-2.20
10609,3/25/2024 9:51:33 PM,-2.10
10609,3/25/2024 9:51:36 PM,-2.20
10609,3/25/2024 9:51:40 PM,-2.10
10609,3/25/2024 9:51:45 PM,-2.30
10609,3/25/2024 9:51:48 PM,-2.20
10609,3/25/2024 9:51:51 PM,-2.30
10609,3/25/2024 9:51:55 PM,-2.20
10609,3/25/2024 9:51:59 PM,-2.30
10609,3/25/2024 9:52:02 PM,-2.20
10609,3/25/2024 9:52:21 PM,-2.00
10609,3/25/2024 9:52:25 PM,-2.40
10609,3/25/2024 9:52:28 PM,-2.20
10609,3/25/2024 9:52:32 PM,-2.10
10609,3/25/2024 9:53:07 PM,-2.40
10609,3/25/2024 9:53:18 PM,-2.10
10609,3/25/2024 9:53:21 PM,-1.90
10609,3/25/2024 9:53:23 PM,-2.40
10609,3/25/2024 9:53:28 PM,-2.20
10609,3/25/2024 9:53:31 PM,-2.00
10609,3/25/2024 9:53:35 PM,-1.90
10609,3/25/2024 9:53:41 PM,-2.00
10609,3/25/2024 9:53:45 PM,-1.90
10609,3/25/2024 9:53:47 PM,-2.40
10609,3/25/2024 9:53:50 PM,-2.50
10609,3/25/2024 9:53:52 PM,-2.10
10609,3/25/2024 9:53:55 PM,-1.90
10609,3/25/2024 9:54:01 PM,-1.80
10609,3/25/2024 9:54:07 PM,-1.90
10609,3/25/2024 9:54:28 PM,-2.00
10609,3/25/2024 9:54:32 PM,-2.10
10609,3/25/2024 9:54:36 PM,-2.00
10609,3/25/2024 9:54:46 PM,-2.30
10609,3/25/2024 9:54:57 PM,-2.10
10609,3/25/2024 9:55:08 PM,-2.40
10609,3/25/2024 9:55:11 PM,-2.30
10609,3/25/2024 9:55:14 PM,-2.40
10609,3/25/2024 9:55:38 PM,-2.20
10609,3/25/2024 9:55:43 PM,-2.00
10609,3/25/2024 9:55:53 PM,-2.20
10609,3/25/2024 9:56:19 PM,-1.80
10609,3/25/2024 9:56:42 PM,-2.00
10609,3/25/2024 9:57:02 PM,-1.70
10609,3/25/2024 9:57:07 PM,-1.90
10609,3/25/2024 9:57:24 PM,-1.80
10609,3/25/2024 9:57:43 PM,-2.10
10609,3/25/2024 9:57:56 PM,-1.90
10609,3/25/2024 9:58:02 PM,-2.10
10609,3/25/2024 9:58:23 PM,-2.20
10609,3/25/2024 9:58:38 PM,-1.90
10609,3/25/2024 9:58:51 PM,-2.10
10609,3/25/2024 9:59:11 PM,-2.00
10609,3/25/2024 9:59:13 PM,-2.10
10609,3/25/2024 9:59:21 PM,-1.90
10609,3/25/2024 9:59:25 PM,-2.00
10609,3/25/2024 9:59:28 PM,-1.90
10609,3/25/2024 9:59:32 PM,-2.00
10609,3/25/2024 9:59:43 PM,-1.80
10609,3/25/2024 9:59:46 PM,-1.90
10609,3/25/2024 10:00:10 PM,-1.60
10609,3/25/2024 10:00:15 PM,-1.70
10609,3/25/2024 10:00:33 PM,-1.60
10609,3/25/2024 10:00:46 PM,-1.80
10609,3/25/2024 10:00:59 PM,-1.60
10609,3/25/2024 10:01:04 PM,-1.70
10609,3/25/2024 10:01:37 PM,-1.90
10609,3/25/2024 10:01:44 PM,-2.10
10609,3/25/2024 10:01:47 PM,-2.00
10609,3/25/2024 10:01:56 PM,-2.10
10609,3/25/2024 10:02:04 PM,-2.00
10609,3/25/2024 10:02:19 PM,-2.10
10609,3/25/2024 10:02:26 PM,-2.00
10609,3/25/2024 10:02:45 PM,-2.20
10609,3/25/2024 10:02:54 PM,-2.00
10609,3/25/2024 10:03:03 PM,-2.10
10609,3/25/2024 10:03:08 PM,-2.00
10609,3/25/2024 10:03:18 PM,-2.30
10609,3/25/2024 10:03:44 PM,-2.50
10609,3/25/2024 10:03:51 PM,-2.10
10609,3/25/2024 10:03:55 PM,-2.20
10609,3/25/2024 10:04:03 PM,-2.10
10609,3/25/2024 10:04:33 PM,-2.00
10609,3/25/2024 10:04:42 PM,-2.20
10609,3/25/2024 10:04:45 PM,-2.10
10609,3/25/2024 10:04:55 PM,-2.00
10609,3/25/2024 10:05:09 PM,-2.10
10609,3/25/2024 10:05:11 PM,-2.20
10609,3/25/2024 10:05:17 PM,-2.10
10609,3/25/2024 10:05:21 PM,-2.20
10609,3/25/2024 10:05:24 PM,-2.10
10609,3/25/2024 10:05:32 PM,-2.30
10609,3/25/2024 10:05:35 PM,-2.20
10609,3/25/2024 10:05:47 PM,-2.10
10609,3/25/2024 10:05:51 PM,-2.20
10609,3/25/2024 10:06:16 PM,-2.30
10609,3/25/2024 10:06:20 PM,-2.20
10609,3/25/2024 10:06:25 PM,-2.30
10609,3/25/2024 10:06:27 PM,-2.20
10609,3/25/2024 10:06:31 PM,-1.80
10609,3/25/2024 10:06:36 PM,-2.30
10609,3/25/2024 10:06:46 PM,-2.20
10609,3/25/2024 10:06:48 PM,-2.00
10609,3/25/2024 10:07:01 PM,-2.10
10609,3/25/2024 10:07:15 PM,-1.80
10609,3/25/2024 10:07:17 PM,-2.10
10609,3/25/2024 10:07:31 PM,-2.20
10609,3/25/2024 10:07:39 PM,-2.10
10609,3/25/2024 10:07:44 PM,-2.30
10609,3/25/2024 10:08:11 PM,-1.90
10609,3/25/2024 10:08:15 PM,-1.80
10609,3/25/2024 10:08:18 PM,-2.00
10609,3/25/2024 10:08:26 PM,-2.10
10609,3/25/2024 10:08:32 PM,-2.00
10609,3/25/2024 10:08:36 PM,-2.20
10609,3/25/2024 10:09:06 PM,-2.10
10609,3/25/2024 10:09:08 PM,-2.20
10609,3/25/2024 10:09:12 PM,-2.00
10609,3/25/2024 10:09:16 PM,-1.90
10609,3/25/2024 10:09:26 PM,-2.10
10609,3/25/2024 10:09:37 PM,-1.90
10609,3/25/2024 10:10:14 PM,-1.80
10609,3/25/2024 10:10:19 PM,-1.90
10609,3/25/2024 10:10:23 PM,-1.80
10609,3/25/2024 10:10:43 PM,-2.00
10609,3/25/2024 10:10:47 PM,-1.90
10609,3/25/2024 10:10:49 PM,-2.00
10609,3/25/2024 10:10:54 PM,-1.90
10609,3/25/2024 10:10:56 PM,-1.60
10609,3/25/2024 10:10:59 PM,-1.90
10609,3/25/2024 10:11:03 PM,-2.10
10609,3/25/2024 10:11:09 PM,-1.90
10609,3/25/2024 10:11:33 PM,-2.10
10609,3/25/2024 10:11:37 PM,-2.00
10609,3/25/2024 10:11:49 PM,-2.10
10609,3/25/2024 10:11:53 PM,-2.00
10609,3/25/2024 10:11:55 PM,-2.10
10609,3/25/2024 10:12:11 PM,-1.90
10609,3/25/2024 10:12:18 PM,-2.20
10609,3/25/2024 10:12:40 PM,-1.80
10609,3/25/2024 10:12:49 PM,-2.20
10609,3/25/2024 10:12:58 PM,-1.80
10609,3/25/2024 10:13:01 PM,-1.70
10609,3/25/2024 10:13:12 PM,-1.80
10609,3/25/2024 10:13:20 PM,-1.60
10609,3/25/2024 10:13:24 PM,-1.30
10609,3/25/2024 10:13:28 PM,-0.20
10609,3/25/2024 10:13:31 PM,-1.40
10609,3/25/2024 10:13:49 PM,-1.70
10609,3/25/2024 10:14:00 PM,-1.50
10609,3/25/2024 10:14:11 PM,-1.60
10609,3/25/2024 10:14:25 PM,-1.40
10609,3/25/2024 10:14:29 PM,-1.60
10609,3/25/2024 10:14:39 PM,-1.80
10609,3/25/2024 10:14:56 PM,-1.70
10609,3/25/2024 10:15:00 PM,-1.80
10609,3/25/2024 10:15:09 PM,-1.70
10609,3/25/2024 10:15:11 PM,-1.80
10609,3/25/2024 10:15:20 PM,-1.70
10609,3/25/2024 10:15:30 PM,-1.80
10609,3/25/2024 10:15:51 PM,-1.60
10609,3/25/2024 10:15:55 PM,-1.70
10609,3/25/2024 10:16:09 PM,-1.50
10609,3/25/2024 10:16:26 PM,-1.80
10609,3/25/2024 10:16:56 PM,-1.60
10609,3/25/2024 10:16:59 PM,-1.70
10609,3/25/2024 10:17:12 PM,-1.60
10609,3/25/2024 10:17:17 PM,-1.70
10609,3/25/2024 10:17:31 PM,-1.50
10609,3/25/2024 10:17:35 PM,-1.60
10609,3/25/2024 10:17:45 PM,-1.50
10609,3/25/2024 10:17:47 PM,-1.40
10609,3/25/2024 10:17:49 PM,-1.50
10609,3/25/2024 10:17:52 PM,-1.40
10609,3/25/2024 10:18:01 PM,-1.30
10609,3/25/2024 10:18:08 PM,-1.50
10609,3/25/2024 10:18:16 PM,-1.40
10609,3/25/2024 10:18:43 PM,-1.70
10609,3/25/2024 10:18:54 PM,-1.60
10609,3/25/2024 10:19:06 PM,-1.70
10609,3/25/2024 10:19:13 PM,-1.50
10609,3/25/2024 10:19:17 PM,-1.70
10609,3/25/2024 10:19:32 PM,-1.60
10609,3/25/2024 10:19:35 PM,-1.70
10609,3/25/2024 10:20:06 PM,-1.90
10609,3/25/2024 10:20:13 PM,-1.60
10609,3/25/2024 10:20:20 PM,-1.80
10609,3/25/2024 10:20:22 PM,-1.70
10609,3/25/2024 10:20:36 PM,-2.00
10609,3/25/2024 10:20:46 PM,-2.10
10609,3/25/2024 10:20:49 PM,-2.00
10609,3/25/2024 10:20:52 PM,-2.10
10609,3/25/2024 10:20:56 PM,-1.90
10609,3/25/2024 10:21:02 PM,-1.80
10609,3/25/2024 10:21:26 PM,-2.00
10609,3/25/2024 10:21:37 PM,-1.90
10609,3/25/2024 10:21:40 PM,-2.00
10609,3/25/2024 10:21:51 PM,-1.90
10609,3/25/2024 10:21:58 PM,-2.00
10609,3/25/2024 10:22:07 PM,-1.80
10609,3/25/2024 10:22:10 PM,-1.90
10609,3/25/2024 10:22:29 PM,-1.70
10609,3/25/2024 10:22:33 PM,-1.50
10609,3/25/2024 10:22:36 PM,-1.60
10609,3/25/2024 10:22:40 PM,-1.50
10609,3/25/2024 10:22:51 PM,-1.60
10609,3/25/2024 10:22:53 PM,-1.50
10609,3/25/2024 10:23:00 PM,-1.60
10609,3/25/2024 10:23:03 PM,-1.50
10609,3/25/2024 10:23:14 PM,-1.70
10609,3/25/2024 10:23:18 PM,-1.80
10609,3/25/2024 10:23:22 PM,-1.70
10609,3/25/2024 10:23:28 PM,-1.80
10609,3/25/2024 10:23:35 PM,-1.60
10609,3/25/2024 10:23:44 PM,-1.80
10609,3/25/2024 10:23:53 PM,-1.70
10609,3/25/2024 10:24:46 PM,-1.90
10609,3/25/2024 10:24:50 PM,-2.00
10609,3/25/2024 10:24:53 PM,-1.90
10609,3/25/2024 10:25:04 PM,-1.80
10609,3/25/2024 10:25:07 PM,-1.90
10609,3/25/2024 10:25:23 PM,-1.80
10609,3/25/2024 10:25:36 PM,-1.50
10609,3/25/2024 10:25:43 PM,-1.20
10609,3/25/2024 10:25:47 PM,-1.50
10609,3/25/2024 10:25:54 PM,-1.60
10609,3/25/2024 10:26:04 PM,-1.50
10609,3/25/2024 10:26:08 PM,-1.60
10609,3/25/2024 10:26:10 PM,-0.60
10609,3/25/2024 10:26:13 PM,-1.60
10609,3/25/2024 10:26:16 PM,-1.70
10609,3/25/2024 10:26:20 PM,-1.60
10609,3/25/2024 10:26:23 PM,-1.80
10609,3/25/2024 10:26:39 PM,-1.90
10609,3/25/2024 10:26:44 PM,-1.70
10609,3/25/2024 10:26:47 PM,-1.80
10609,3/25/2024 10:26:57 PM,-1.70
10609,3/25/2024 10:27:06 PM,-1.90
10609,3/25/2024 10:27:20 PM,-1.70
10609,3/25/2024 10:27:24 PM,-1.60
10609,3/25/2024 10:27:30 PM,-1.80
10609,3/25/2024 10:27:42 PM,-1.90
10609,3/25/2024 10:27:45 PM,-2.00
10609,3/25/2024 10:27:51 PM,-1.70
10609,3/25/2024 10:28:01 PM,-1.90
10609,3/25/2024 10:28:03 PM,-1.80
10609,3/25/2024 10:28:06 PM,-1.90
10609,3/25/2024 10:28:13 PM,-1.70
10609,3/25/2024 10:28:20 PM,-1.90
10609,3/25/2024 10:28:24 PM,-1.80
10609,3/25/2024 10:28:27 PM,-1.90
10609,3/25/2024 10:28:38 PM,-1.80
10609,3/25/2024 10:28:53 PM,-1.40
10609,3/25/2024 10:28:55 PM,-1.50
10609,3/25/2024 10:29:22 PM,-1.70
10609,3/25/2024 10:29:29 PM,-1.60
10609,3/25/2024 10:29:36 PM,-1.80
10609,3/25/2024 10:29:49 PM,-1.70
10609,3/25/2024 10:29:52 PM,-1.80
10609,3/25/2024 10:29:54 PM,-1.70
10609,3/25/2024 10:29:56 PM,-1.80
10609,3/25/2024 10:30:02 PM,-1.70
10609,3/25/2024 10:30:05 PM,-1.50
10609,3/25/2024 10:30:07 PM,-1.60
10609,3/25/2024 10:30:13 PM,-1.50
10609,3/25/2024 10:30:22 PM,-1.80
10609,3/25/2024 10:30:34 PM,-1.90
10609,3/25/2024 10:30:37 PM,-1.80
10609,3/25/2024 10:30:41 PM,-1.90
10609,3/25/2024 10:30:44 PM,-1.80
10609,3/25/2024 10:30:47 PM,-1.90
10609,3/25/2024 10:30:56 PM,-1.70
10609,3/25/2024 10:31:23 PM,-2.00
10609,3/25/2024 10:31:38 PM,-1.80
10609,3/25/2024 10:31:45 PM,-2.00
10609,3/25/2024 10:31:47 PM,-1.90
10609,3/25/2024 10:31:59 PM,-2.20
10609,3/25/2024 10:32:11 PM,-1.80
10609,3/25/2024 10:32:17 PM,-1.70
10609,3/25/2024 10:32:20 PM,-1.80
10609,3/25/2024 10:32:25 PM,-1.70
10609,3/25/2024 10:32:29 PM,-1.80
10609,3/25/2024 10:32:32 PM,-1.60
10609,3/25/2024 10:32:42 PM,-1.70
10609,3/25/2024 10:32:48 PM,-1.60
10609,3/25/2024 10:32:52 PM,-1.70
10609,3/25/2024 10:32:58 PM,-1.60
10609,3/25/2024 10:33:16 PM,-1.70
10609,3/25/2024 10:33:20 PM,-1.80
10609,3/25/2024 10:33:25 PM,-1.70
10609,3/25/2024 10:33:28 PM,-1.80
10609,3/25/2024 10:33:56 PM,-1.60
10609,3/25/2024 10:33:59 PM,-1.50
10609,3/25/2024 10:34:03 PM,-1.70
10609,3/25/2024 10:34:07 PM,-1.80
10609,3/25/2024 10:34:14 PM,-1.60
10609,3/25/2024 10:34:23 PM,-1.80
10609,3/25/2024 10:34:27 PM,-1.70
10609,3/25/2024 10:34:42 PM,-1.80
10609,3/25/2024 10:34:58 PM,-1.60
10609,3/25/2024 10:35:00 PM,-1.50
10609,3/25/2024 10:35:08 PM,-1.60
10609,3/25/2024 10:35:12 PM,-1.80
10609,3/25/2024 10:35:16 PM,-1.90
10609,3/25/2024 10:35:18 PM,-1.80
10609,3/25/2024 10:35:42 PM,-2.00
10609,3/25/2024 10:36:07 PM,-1.20
10609,3/25/2024 10:36:09 PM,-1.40
10609,3/25/2024 10:36:17 PM,-1.30
10609,3/25/2024 10:36:28 PM,-1.50
10609,3/25/2024 10:36:36 PM,-1.40
10609,3/25/2024 10:36:50 PM,-1.70
10609,3/25/2024 10:37:08 PM,-1.80
10609,3/25/2024 10:37:11 PM,-1.70
10609,3/25/2024 10:37:24 PM,-1.60
10609,3/25/2024 10:37:30 PM,-1.70
10609,3/25/2024 10:37:44 PM,-1.60
10609,3/25/2024 10:37:52 PM,-1.70
10609,3/25/2024 10:38:28 PM,-1.50
10609,3/25/2024 10:38:38 PM,-1.80
10609,3/25/2024 10:38:59 PM,-1.90
10609,3/25/2024 10:39:02 PM,-1.80
10609,3/25/2024 10:39:37 PM,-1.70
10609,3/25/2024 10:39:44 PM,-1.80
10609,3/25/2024 10:40:08 PM,-1.70
10609,3/25/2024 10:40:10 PM,-1.80
10609,3/25/2024 10:40:17 PM,-1.90
10609,3/25/2024 10:40:24 PM,-1.70
10609,3/25/2024 10:40:26 PM,-1.80
10609,3/25/2024 10:40:38 PM,-1.70
10609,3/25/2024 10:40:41 PM,-1.80
10609,3/25/2024 10:40:55 PM,-1.60
10609,3/25/2024 10:40:59 PM,-1.70
10609,3/25/2024 10:41:05 PM,-1.60
10609,3/25/2024 10:41:08 PM,-1.70
10609,3/25/2024 10:41:10 PM,-1.60
10609,3/25/2024 10:41:22 PM,-1.50
10609,3/25/2024 10:41:41 PM,-1.70
10609,3/25/2024 10:41:53 PM,-1.60
10609,3/25/2024 10:41:56 PM,-1.50
10609,3/25/2024 10:42:05 PM,-1.80
10609,3/25/2024 10:42:12 PM,-1.70
10609,3/25/2024 10:42:15 PM,-1.80
10609,3/25/2024 10:42:31 PM,-1.70
10609,3/25/2024 10:42:33 PM,-1.80
10609,3/25/2024 10:42:37 PM,-1.70
10609,3/25/2024 10:42:41 PM,-2.00
10609,3/25/2024 10:42:45 PM,-1.80
10609,3/25/2024 10:43:00 PM,-1.60
10609,3/25/2024 10:43:03 PM,-1.50
10609,3/25/2024 10:43:14 PM,-1.70
10609,3/25/2024 10:43:17 PM,-1.60
10609,3/25/2024 10:43:28 PM,-1.80
10609,3/25/2024 10:43:31 PM,-2.10
10609,3/25/2024 10:43:35 PM,-2.00
10609,3/25/2024 10:43:39 PM,-2.10
10609,3/25/2024 10:43:41 PM,-2.00
10609,3/25/2024 10:43:45 PM,-2.20
10609,3/25/2024 10:43:52 PM,-2.10
10609,3/25/2024 10:43:55 PM,-1.90
10609,3/25/2024 10:44:11 PM,-1.60
10609,3/25/2024 10:44:14 PM,-1.70
10609,3/25/2024 10:44:25 PM,-1.80
10609,3/25/2024 10:45:04 PM,-1.60
10609,3/25/2024 10:45:15 PM,-1.80
10609,3/25/2024 10:45:22 PM,-2.00
10609,3/25/2024 10:45:26 PM,-2.20
10609,3/25/2024 10:45:28 PM,-2.00
10609,3/25/2024 10:45:33 PM,-1.70
10609,3/25/2024 10:45:38 PM,-1.60
10609,3/25/2024 10:45:44 PM,-1.80
10609,3/25/2024 10:45:48 PM,-1.70
10609,3/25/2024 10:45:51 PM,-1.50
10609,3/25/2024 10:45:57 PM,-1.60
10609,3/25/2024 10:45:59 PM,-1.50
10609,3/25/2024 10:46:09 PM,-1.60
10609,3/25/2024 10:46:16 PM,-1.50
10609,3/25/2024 10:46:24 PM,-1.70
10609,3/25/2024 10:46:38 PM,-1.80
10609,3/25/2024 10:47:03 PM,-1.60
10609,3/25/2024 10:47:10 PM,-1.70
10609,3/25/2024 10:47:17 PM,-1.60
10609,3/25/2024 10:47:24 PM,-1.70
10609,3/25/2024 10:47:35 PM,-1.50
10609,3/25/2024 10:47:39 PM,-1.60
10609,3/25/2024 10:47:43 PM,-1.50
10609,3/25/2024 10:47:45 PM,-1.60
10609,3/25/2024 10:47:48 PM,-1.50
10609,3/25/2024 10:47:51 PM,-1.60
10609,3/25/2024 10:47:54 PM,-1.50
10609,3/25/2024 10:47:57 PM,-1.60
10609,3/25/2024 10:48:00 PM,-0.50
10609,3/25/2024 10:48:01 PM,-2.40
10609,3/25/2024 10:48:03 PM,-1.40
10609,3/25/2024 10:48:05 PM,-1.30
10609,3/25/2024 10:48:08 PM,-1.40
10609,3/25/2024 10:48:24 PM,-1.30
10609,3/25/2024 10:48:28 PM,-1.40
10609,3/25/2024 10:48:43 PM,-1.50
10609,3/25/2024 10:48:52 PM,-1.70
10609,3/25/2024 10:49:03 PM,-1.40
10609,3/25/2024 10:49:16 PM,-1.70
10609,3/25/2024 10:49:21 PM,-1.50
10609,3/25/2024 10:49:27 PM,-1.80
10609,3/25/2024 10:49:43 PM,-1.60
10609,3/25/2024 10:49:46 PM,-1.70
10609,3/25/2024 10:49:57 PM,-1.60
10609,3/25/2024 10:50:00 PM,-1.70
10609,3/25/2024 10:50:15 PM,-1.60
10609,3/25/2024 10:50:30 PM,-1.70
10609,3/25/2024 10:50:59 PM,-1.60
10609,3/25/2024 10:51:04 PM,-1.70
10609,3/25/2024 10:51:08 PM,-1.60
10609,3/25/2024 10:51:13 PM,-1.70
10609,3/25/2024 10:51:43 PM,-1.90
10609,3/25/2024 10:51:46 PM,-1.80
10609,3/25/2024 10:51:54 PM,-2.00
10609,3/25/2024 10:52:01 PM,-1.70
10609,3/25/2024 10:52:04 PM,-1.50
10609,3/25/2024 10:52:08 PM,-1.60
10609,3/25/2024 10:52:11 PM,-1.50
10609,3/25/2024 10:52:31 PM,-1.40
10609,3/25/2024 10:52:34 PM,-1.50
10609,3/25/2024 10:52:47 PM,-1.40
10609,3/25/2024 10:52:59 PM,-1.60
10609,3/25/2024 10:53:16 PM,-1.70
10609,3/25/2024 10:53:25 PM,-1.50
10609,3/25/2024 10:53:44 PM,-1.90
10609,3/25/2024 10:53:55 PM,-1.60
10609,3/25/2024 10:54:12 PM,-1.50
10609,3/25/2024 10:54:15 PM,-1.60
10609,3/25/2024 10:54:19 PM,-1.50
10609,3/25/2024 10:54:23 PM,-1.60
10609,3/25/2024 10:54:37 PM,-1.70
10609,3/25/2024 10:54:41 PM,-1.80
10609,3/25/2024 10:54:55 PM,-1.50
10609,3/25/2024 10:55:18 PM,-1.70
10609,3/25/2024 10:55:30 PM,-1.50
10609,3/25/2024 10:55:33 PM,-1.60
10609,3/25/2024 10:55:52 PM,-1.70
10609,3/25/2024 10:55:55 PM,-1.60
10609,3/25/2024 10:56:02 PM,-1.70
10609,3/25/2024 10:56:28 PM,-1.80
10609,3/25/2024 10:56:32 PM,-1.70
10609,3/25/2024 10:56:38 PM,-1.90
10609,3/25/2024 10:56:45 PM,-1.80
10609,3/25/2024 10:57:07 PM,-1.70
10609,3/25/2024 10:57:11 PM,-1.60
10609,3/25/2024 10:57:18 PM,-1.70
10609,3/25/2024 10:57:22 PM,-0.90
10609,3/25/2024 10:57:25 PM,-1.60
10609,3/25/2024 10:57:29 PM,-1.70
10609,3/25/2024 10:57:43 PM,-1.60
10609,3/25/2024 10:57:47 PM,-1.70
10609,3/25/2024 10:57:57 PM,-1.40
10609,3/25/2024 10:58:15 PM,-1.30
10609,3/25/2024 10:58:18 PM,-1.20
10609,3/25/2024 10:58:26 PM,-1.60
10609,3/25/2024 10:58:37 PM,-1.40
10609,3/25/2024 10:58:44 PM,-1.60
10609,3/25/2024 10:58:57 PM,-1.70
10609,3/25/2024 10:59:00 PM,-1.60
10609,3/25/2024 10:59:25 PM,-1.80
10609,3/25/2024 10:59:46 PM,-1.70
10609,3/25/2024 10:59:57 PM,-1.80
10609,3/25/2024 11:00:00 PM,-1.80
10609,3/25/2024 11:00:02 PM,-1.70
10609,3/25/2024 11:00:11 PM,-2.20
10609,3/25/2024 11:00:15 PM,-2.00
10609,3/25/2024 11:00:29 PM,-1.90
10609,3/25/2024 11:00:47 PM,-2.00
10609,3/25/2024 11:00:59 PM,-1.90
10609,3/25/2024 11:01:02 PM,-2.00
10609,3/25/2024 11:01:16 PM,-1.80
10609,3/25/2024 11:01:20 PM,-1.90
10609,3/25/2024 11:01:27 PM,-1.70
10609,3/25/2024 11:01:40 PM,-1.80
10609,3/25/2024 11:01:51 PM,-1.70
10609,3/25/2024 11:01:53 PM,-1.60
10609,3/25/2024 11:02:10 PM,-1.80
10609,3/25/2024 11:02:14 PM,-1.70
10609,3/25/2024 11:02:22 PM,-1.80
10609,3/25/2024 11:02:26 PM,-1.70
10609,3/25/2024 11:02:33 PM,-1.80
10609,3/25/2024 11:02:49 PM,-1.60
10609,3/25/2024 11:03:04 PM,-1.80
10609,3/25/2024 11:03:26 PM,-1.70
10609,3/25/2024 11:03:30 PM,-1.80
10609,3/25/2024 11:03:38 PM,-1.70
10609,3/25/2024 11:04:03 PM,-1.60
10609,3/25/2024 11:04:09 PM,-1.50
10609,3/25/2024 11:04:17 PM,-1.70
10609,3/25/2024 11:04:40 PM,-1.60
10609,3/25/2024 11:04:52 PM,-1.70
10609,3/25/2024 11:04:56 PM,-1.60
10609,3/25/2024 11:05:04 PM,-1.70
10609,3/25/2024 11:05:10 PM,-1.60
10609,3/25/2024 11:05:17 PM,-1.70
10609,3/25/2024 11:06:01 PM,-1.80
10609,3/25/2024 11:06:10 PM,-1.70
10609,3/25/2024 11:06:18 PM,-1.80
10609,3/25/2024 11:06:25 PM,-1.70
10609,3/25/2024 11:06:35 PM,-1.80
10609,3/25/2024 11:07:05 PM,-1.70
10609,3/25/2024 11:07:11 PM,-1.80
10609,3/25/2024 11:07:18 PM,-1.70
10609,3/25/2024 11:07:29 PM,-1.80
10609,3/25/2024 11:07:48 PM,-1.70
10609,3/25/2024 11:07:56 PM,-1.80
10609,3/25/2024 11:08:13 PM,-1.70
10609,3/25/2024 11:08:19 PM,-1.80
10609,3/25/2024 11:08:38 PM,-1.90
10609,3/25/2024 11:08:47 PM,-1.80
10609,3/25/2024 11:08:50 PM,-1.90
10609,3/25/2024 11:08:53 PM,-1.80
10609,3/25/2024 11:09:03 PM,-1.70
10609,3/25/2024 11:09:37 PM,-1.90
10609,3/25/2024 11:10:20 PM,-1.70
10609,3/25/2024 11:10:23 PM,-1.50
10609,3/25/2024 11:10:33 PM,-1.30
10609,3/25/2024 11:10:39 PM,-1.70
10609,3/25/2024 11:10:49 PM,-1.60
10609,3/25/2024 11:10:52 PM,-1.50
10609,3/25/2024 11:11:07 PM,-1.60
10609,3/25/2024 11:11:10 PM,-1.70
10609,3/25/2024 11:11:24 PM,-1.60
10609,3/25/2024 11:11:33 PM,-1.70
10609,3/25/2024 11:11:37 PM,-1.60
10609,3/25/2024 11:11:40 PM,-1.70
10609,3/25/2024 11:11:42 PM,-1.60
10609,3/25/2024 11:11:45 PM,-1.70
10609,3/25/2024 11:11:56 PM,-1.80
10609,3/25/2024 11:11:59 PM,-1.70
10609,3/25/2024 11:12:02 PM,-1.80
10609,3/25/2024 11:12:24 PM,-1.60
10609,3/25/2024 11:12:28 PM,-1.70
10609,3/25/2024 11:12:51 PM,-1.80
10609,3/25/2024 11:12:55 PM,-1.70
10609,3/25/2024 11:13:05 PM,-1.80
10609,3/25/2024 11:13:23 PM,-1.70
10609,3/25/2024 11:13:31 PM,-1.90
10609,3/25/2024 11:13:44 PM,-1.70
10609,3/25/2024 11:13:53 PM,-1.40
10609,3/25/2024 11:14:06 PM,-1.80
10609,3/25/2024 11:14:13 PM,-1.90
10609,3/25/2024 11:15:02 PM,-1.60
10609,3/25/2024 11:15:19 PM,-1.30
10609,3/25/2024 11:15:28 PM,-1.50
10609,3/25/2024 11:15:31 PM,-1.70
10609,3/25/2024 11:15:46 PM,-1.50
10609,3/25/2024 11:15:54 PM,-1.70
10609,3/25/2024 11:15:57 PM,-1.60
10609,3/25/2024 11:16:06 PM,-1.70
10609,3/25/2024 11:16:49 PM,-1.50
10609,3/25/2024 11:17:08 PM,-1.60
10609,3/25/2024 11:17:16 PM,-1.80
10609,3/25/2024 11:17:27 PM,-1.50
10609,3/25/2024 11:17:55 PM,-1.20
10609,3/25/2024 11:17:59 PM,-1.10
10609,3/25/2024 11:18:20 PM,-1.30
10609,3/25/2024 11:18:31 PM,-1.50
10609,3/25/2024 11:18:56 PM,-1.60
10609,3/25/2024 11:19:00 PM,-1.70
10609,3/25/2024 11:19:11 PM,-1.60
10609,3/25/2024 11:19:26 PM,-1.70
10609,3/25/2024 11:19:31 PM,-1.60
10609,3/25/2024 11:19:49 PM,-1.50
10609,3/25/2024 11:19:53 PM,-1.70
10609,3/25/2024 11:20:04 PM,-1.80
10609,3/25/2024 11:20:07 PM,-1.70
10609,3/25/2024 11:20:09 PM,-1.80
10609,3/25/2024 11:20:32 PM,-1.60
10609,3/25/2024 11:20:35 PM,-1.70
10609,3/25/2024 11:20:38 PM,-1.60
10609,3/25/2024 11:20:50 PM,-1.50
10609,3/25/2024 11:20:53 PM,-1.60
10609,3/25/2024 11:21:06 PM,-1.50
10609,3/25/2024 11:21:13 PM,-1.70
10609,3/25/2024 11:21:23 PM,-1.80
10609,3/25/2024 11:21:38 PM,-1.70
10609,3/25/2024 11:21:42 PM,-1.50
10609,3/25/2024 11:22:05 PM,-1.80
10609,3/25/2024 11:22:16 PM,-1.60
10609,3/25/2024 11:22:22 PM,-1.80
10609,3/25/2024 11:22:33 PM,-2.00
10609,3/25/2024 11:22:37 PM,-2.30
10609,3/25/2024 11:22:39 PM,-2.10
10609,3/25/2024 11:22:49 PM,-2.20
10609,3/25/2024 11:22:51 PM,-2.10
10609,3/25/2024 11:23:23 PM,-2.00
10609,3/25/2024 11:23:26 PM,-2.10
10609,3/25/2024 11:23:44 PM,-1.90
10609,3/25/2024 11:24:11 PM,-1.80
10609,3/25/2024 11:24:50 PM,-2.00
10609,3/25/2024 11:24:53 PM,-2.10
10609,3/25/2024 11:24:57 PM,-1.90
10609,3/25/2024 11:25:09 PM,-1.70
10609,3/25/2024 11:25:15 PM,-1.50
10609,3/25/2024 11:25:23 PM,-1.80
10609,3/25/2024 11:25:31 PM,-1.90
10609,3/25/2024 11:25:35 PM,-1.80
10609,3/25/2024 11:25:51 PM,-1.70
10609,3/25/2024 11:26:11 PM,-1.80
10609,3/25/2024 11:26:14 PM,-1.70
10609,3/25/2024 11:26:31 PM,-1.50
10609,3/25/2024 11:26:33 PM,-1.40
10609,3/25/2024 11:26:40 PM,-1.30
10609,3/25/2024 11:26:43 PM,-1.40
10609,3/25/2024 11:26:47 PM,-1.30
10609,3/25/2024 11:27:07 PM,-1.70
10609,3/25/2024 11:27:12 PM,-1.60
10609,3/25/2024 11:27:17 PM,-1.70
10609,3/25/2024 11:27:32 PM,-1.60
10609,3/25/2024 11:27:50 PM,-1.70
10609,3/25/2024 11:28:04 PM,-1.50
10609,3/25/2024 11:28:26 PM,-1.40
10609,3/25/2024 11:28:43 PM,-1.60
10609,3/25/2024 11:28:47 PM,-1.90
10609,3/25/2024 11:28:50 PM,-1.70
10609,3/25/2024 11:29:07 PM,-2.10
10609,3/25/2024 11:29:22 PM,-1.90
10609,3/25/2024 11:29:30 PM,-1.60
10609,3/25/2024 11:29:34 PM,-1.70
10609,3/25/2024 11:29:38 PM,-1.60
10609,3/25/2024 11:29:53 PM,-1.70
10609,3/25/2024 11:29:59 PM,-1.90
10609,3/25/2024 11:30:03 PM,-1.80
10609,3/25/2024 11:30:05 PM,-1.90
10609,3/25/2024 11:30:28 PM,-1.80
10609,3/25/2024 11:30:42 PM,-1.50
10609,3/25/2024 11:30:45 PM,-1.70
10609,3/25/2024 11:30:53 PM,-1.80
10609,3/25/2024 11:31:02 PM,-1.70
10609,3/25/2024 11:31:04 PM,-1.60
10609,3/25/2024 11:31:14 PM,-1.40
10609,3/25/2024 11:31:17 PM,-1.30
10609,3/25/2024 11:31:36 PM,-1.40
10609,3/25/2024 11:31:42 PM,-1.70
10609,3/25/2024 11:32:12 PM,-1.90
10609,3/25/2024 11:32:20 PM,-2.10
10609,3/25/2024 11:32:22 PM,-2.00
10609,3/25/2024 11:32:33 PM,-1.90
10609,3/25/2024 11:32:53 PM,-2.00
10609,3/25/2024 11:32:59 PM,-2.10
10609,3/25/2024 11:33:22 PM,-2.00
10609,3/25/2024 11:33:27 PM,-2.10
10609,3/25/2024 11:33:30 PM,-1.70
10609,3/25/2024 11:33:34 PM,-1.50
10609,3/25/2024 11:33:42 PM,-1.40
10609,3/25/2024 11:34:13 PM,-1.60
10609,3/25/2024 11:34:30 PM,-1.80
10609,3/25/2024 11:34:42 PM,-1.60
10609,3/25/2024 11:34:56 PM,-1.80
10609,3/25/2024 11:34:59 PM,-2.10
10609,3/25/2024 11:35:03 PM,-2.20
10609,3/25/2024 11:35:10 PM,-2.10
10609,3/25/2024 11:35:12 PM,-2.00
10609,3/25/2024 11:35:23 PM,-1.90
10609,3/25/2024 11:35:29 PM,-2.00
10609,3/25/2024 11:35:33 PM,-1.90
10609,3/25/2024 11:35:47 PM,-2.00
10609,3/25/2024 11:35:59 PM,-1.80
10609,3/25/2024 11:36:23 PM,-1.60
10609,3/25/2024 11:36:25 PM,-1.70
10609,3/25/2024 11:36:33 PM,-1.80
10609,3/25/2024 11:36:48 PM,-1.70
10609,3/25/2024 11:36:57 PM,-1.80
10609,3/25/2024 11:37:01 PM,-1.70
10609,3/25/2024 11:37:11 PM,-1.80
10609,3/25/2024 11:37:18 PM,-1.70
10609,3/25/2024 11:37:21 PM,-1.80
10609,3/25/2024 11:37:45 PM,-1.90
10609,3/25/2024 11:37:50 PM,-1.70
10609,3/25/2024 11:37:58 PM,-1.80
10609,3/25/2024 11:38:02 PM,-1.70
10609,3/25/2024 11:38:50 PM,-2.00
10609,3/25/2024 11:38:53 PM,-1.50
10609,3/25/2024 11:38:55 PM,-1.80
10609,3/25/2024 11:39:12 PM,-1.70
10609,3/25/2024 11:39:14 PM,-1.80
10609,3/25/2024 11:39:22 PM,-1.70
10609,3/25/2024 11:39:29 PM,-1.80
10609,3/25/2024 11:40:06 PM,-1.70
10609,3/25/2024 11:40:09 PM,-1.60
10609,3/25/2024 11:40:19 PM,-1.80
10609,3/25/2024 11:40:30 PM,-1.90
10609,3/25/2024 11:40:37 PM,-1.60
10609,3/25/2024 11:40:51 PM,-1.90
10609,3/25/2024 11:40:54 PM,-1.80
10609,3/25/2024 11:41:11 PM,-1.90
10609,3/25/2024 11:41:37 PM,-1.80
10609,3/25/2024 11:41:42 PM,-1.90
10609,3/25/2024 11:41:44 PM,-1.80
10609,3/25/2024 11:41:46 PM,-2.00
10609,3/25/2024 11:42:08 PM,-1.80
10609,3/25/2024 11:42:20 PM,-2.00
10609,3/25/2024 11:42:26 PM,-1.80
10609,3/25/2024 11:42:38 PM,-1.90
10609,3/25/2024 11:42:45 PM,-1.80
10609,3/25/2024 11:42:54 PM,-2.00
10609,3/25/2024 11:42:56 PM,-1.80
10609,3/25/2024 11:43:10 PM,-1.70
10609,3/25/2024 11:43:26 PM,-1.80
10609,3/25/2024 11:43:28 PM,-1.70
10609,3/25/2024 11:43:37 PM,-1.60
10609,3/25/2024 11:43:44 PM,-1.80
10609,3/25/2024 11:43:47 PM,-1.70
10609,3/25/2024 11:43:58 PM,-2.00
10609,3/25/2024 11:44:14 PM,-2.20
10609,3/25/2024 11:44:19 PM,-2.10
10609,3/25/2024 11:44:23 PM,-2.20
10609,3/25/2024 11:44:30 PM,-2.00
10609,3/25/2024 11:44:33 PM,-1.70
10609,3/25/2024 11:44:38 PM,-1.50
10609,3/25/2024 11:44:47 PM,-1.60
10609,3/25/2024 11:44:50 PM,-1.80
10609,3/25/2024 11:44:53 PM,-1.70
10609,3/25/2024 11:44:58 PM,-1.90
10609,3/25/2024 11:45:07 PM,-1.60
10609,3/25/2024 11:45:27 PM,-1.90
10609,3/25/2024 11:45:37 PM,-1.80
10609,3/25/2024 11:45:41 PM,-1.90
10609,3/25/2024 11:45:54 PM,-2.00
10609,3/25/2024 11:45:58 PM,-1.90
10609,3/25/2024 11:46:01 PM,-2.00
10609,3/25/2024 11:46:05 PM,-1.90
10609,3/25/2024 11:46:17 PM,-2.20
10609,3/25/2024 11:46:19 PM,-2.10
10609,3/25/2024 11:46:32 PM,-2.30
10609,3/25/2024 11:46:39 PM,-2.10
10609,3/25/2024 11:46:54 PM,-1.90
10609,3/25/2024 11:47:01 PM,-2.00
10609,3/25/2024 11:47:04 PM,-1.90
10609,3/25/2024 11:47:28 PM,-2.00
10609,3/25/2024 11:47:45 PM,-1.90
10609,3/25/2024 11:47:50 PM,-1.80
10609,3/25/2024 11:47:58 PM,-1.90
10609,3/25/2024 11:48:00 PM,-1.80
10609,3/25/2024 11:48:04 PM,-1.90
10609,3/25/2024 11:49:29 PM,-1.70
10609,3/25/2024 11:49:42 PM,-1.90
10609,3/25/2024 11:50:14 PM,-2.00
10609,3/25/2024 11:50:29 PM,-1.80
10609,3/25/2024 11:50:51 PM,-1.90
10609,3/25/2024 11:50:55 PM,-1.80
10609,3/25/2024 11:51:06 PM,-1.90
10609,3/25/2024 11:51:13 PM,-1.80
10609,3/25/2024 11:51:30 PM,-2.00
10609,3/25/2024 11:51:45 PM,-1.90
10609,3/25/2024 11:52:00 PM,-2.00
10609,3/25/2024 11:52:07 PM,-1.90
10609,3/25/2024 11:52:15 PM,-2.00
10609,3/25/2024 11:52:36 PM,-0.80
10609,3/25/2024 11:52:39 PM,-2.10
10609,3/25/2024 11:52:47 PM,-1.90
10609,3/25/2024 11:53:05 PM,-1.80
10609,3/25/2024 11:53:24 PM,-1.90
10609,3/25/2024 11:53:27 PM,-1.80
10609,3/25/2024 11:53:30 PM,-1.90
10609,3/25/2024 11:53:41 PM,-1.80
10609,3/25/2024 11:53:44 PM,-1.90
10609,3/25/2024 11:53:52 PM,-1.80
10609,3/25/2024 11:54:21 PM,-1.70
10609,3/25/2024 11:54:32 PM,-0.60
10609,3/25/2024 11:54:36 PM,-1.70
10609,3/25/2024 11:54:39 PM,-1.40
10609,3/25/2024 11:54:44 PM,-2.00
10609,3/25/2024 11:54:57 PM,-1.90
10609,3/25/2024 11:55:04 PM,-2.10
10609,3/25/2024 11:55:07 PM,-2.00
10609,3/25/2024 11:55:23 PM,-1.80
10609,3/25/2024 11:55:31 PM,-1.90
10609,3/25/2024 11:55:33 PM,-2.00
10609,3/25/2024 11:55:53 PM,-1.70
10609,3/25/2024 11:55:56 PM,-1.90
10609,3/25/2024 11:56:10 PM,-1.80
10609,3/25/2024 11:56:17 PM,-1.90
10609,3/25/2024 11:56:35 PM,-1.80
10609,3/25/2024 11:56:42 PM,-1.90
10609,3/25/2024 11:57:03 PM,-1.60
10609,3/25/2024 11:57:17 PM,-1.90
10609,3/25/2024 11:57:36 PM,-2.00
10609,3/25/2024 11:57:40 PM,-1.80
10609,3/25/2024 11:57:52 PM,-1.60
10609,3/25/2024 11:58:14 PM,-1.80
10609,3/25/2024 11:58:23 PM,-1.70
10609,3/25/2024 11:58:30 PM,-1.80
10609,3/25/2024 11:58:51 PM,-1.40
10609,3/25/2024 11:58:53 PM,-1.30
10609,3/25/2024 11:58:58 PM,-1.50
10609,3/25/2024 11:59:00 PM,-1.60
