GICDeviceID,SampleDateTime,GICMeasured
10442,3/23/2023 12:00:04 AM,19.38
10442,3/23/2023 12:00:36 AM,18.75
10442,3/23/2023 12:00:48 AM,19.38
10442,3/23/2023 12:00:56 AM,18.75
10442,3/23/2023 12:01:04 AM,19.38
10442,3/23/2023 12:01:08 AM,18.75
10442,3/23/2023 12:02:36 AM,19.38
10442,3/23/2023 12:02:44 AM,18.75
10442,3/23/2023 12:09:08 AM,19.38
10442,3/23/2023 12:09:12 AM,18.75
10442,3/23/2023 12:19:44 AM,18.13
10442,3/23/2023 12:19:48 AM,18.75
10442,3/23/2023 12:23:04 AM,18.13
10442,3/23/2023 12:23:08 AM,19.38
10442,3/23/2023 12:23:12 AM,18.75
10442,3/23/2023 12:28:24 AM,19.38
10442,3/23/2023 12:28:28 AM,18.75
10442,3/23/2023 12:29:28 AM,19.38
10442,3/23/2023 12:29:32 AM,18.75
10442,3/23/2023 12:35:04 AM,19.38
10442,3/23/2023 12:35:08 AM,18.75
10442,3/23/2023 12:35:12 AM,18.13
10442,3/23/2023 12:35:16 AM,18.75
10442,3/23/2023 12:35:40 AM,19.38
10442,3/23/2023 12:35:44 AM,18.75
10442,3/23/2023 12:35:52 AM,19.38
10442,3/23/2023 12:35:56 AM,18.75
10442,3/23/2023 12:36:08 AM,19.38
10442,3/23/2023 12:36:12 AM,18.75
10442,3/23/2023 12:36:16 AM,19.38
10442,3/23/2023 12:36:20 AM,18.75
10442,3/23/2023 12:36:36 AM,19.38
10442,3/23/2023 12:36:40 AM,18.75
10442,3/23/2023 12:36:44 AM,19.38
10442,3/23/2023 12:36:48 AM,18.75
10442,3/23/2023 12:37:56 AM,19.38
10442,3/23/2023 12:38:00 AM,18.75
10442,3/23/2023 12:38:24 AM,19.38
10442,3/23/2023 12:38:32 AM,18.75
10442,3/23/2023 12:38:40 AM,19.38
10442,3/23/2023 12:38:44 AM,18.75
10442,3/23/2023 12:39:00 AM,19.38
10442,3/23/2023 12:39:04 AM,18.75
10442,3/23/2023 12:44:16 AM,19.38
10442,3/23/2023 12:44:20 AM,18.75
10442,3/23/2023 12:48:32 AM,19.38
10442,3/23/2023 12:48:40 AM,18.75
10442,3/23/2023 12:54:32 AM,19.38
10442,3/23/2023 12:54:36 AM,18.75
10442,3/23/2023 1:03:32 AM,19.38
10442,3/23/2023 1:03:36 AM,18.75
10442,3/23/2023 1:03:48 AM,19.38
10442,3/23/2023 1:03:52 AM,18.75
10442,3/23/2023 1:04:00 AM,19.38
10442,3/23/2023 1:04:04 AM,18.75
10442,3/23/2023 1:11:24 AM,19.38
10442,3/23/2023 1:11:28 AM,18.75
10442,3/23/2023 1:12:04 AM,19.38
10442,3/23/2023 1:12:08 AM,18.75
10442,3/23/2023 1:15:00 AM,19.38
10442,3/23/2023 1:15:12 AM,18.75
10442,3/23/2023 1:15:16 AM,19.38
10442,3/23/2023 1:15:40 AM,18.75
10442,3/23/2023 1:16:24 AM,19.38
10442,3/23/2023 1:16:28 AM,18.75
10442,3/23/2023 1:16:32 AM,19.38
10442,3/23/2023 1:16:36 AM,18.75
10442,3/23/2023 1:17:28 AM,19.38
10442,3/23/2023 1:18:08 AM,18.75
10442,3/23/2023 1:19:24 AM,19.38
10442,3/23/2023 1:19:32 AM,18.75
10442,3/23/2023 1:22:48 AM,19.38
10442,3/23/2023 1:23:44 AM,18.75
10442,3/23/2023 1:24:00 AM,19.38
10442,3/23/2023 1:24:04 AM,18.75
10442,3/23/2023 1:24:32 AM,19.38
10442,3/23/2023 1:24:44 AM,18.75
10442,3/23/2023 1:26:44 AM,19.38
10442,3/23/2023 1:26:56 AM,18.75
10442,3/23/2023 1:27:52 AM,19.38
10442,3/23/2023 1:28:32 AM,18.75
10442,3/23/2023 1:28:40 AM,19.38
10442,3/23/2023 1:28:52 AM,18.75
10442,3/23/2023 1:28:56 AM,19.38
10442,3/23/2023 1:29:52 AM,18.75
10442,3/23/2023 1:30:16 AM,19.38
10442,3/23/2023 1:30:20 AM,18.75
10442,3/23/2023 1:30:44 AM,19.38
10442,3/23/2023 1:31:00 AM,18.75
10442,3/23/2023 1:31:24 AM,19.38
10442,3/23/2023 1:31:28 AM,18.75
10442,3/23/2023 1:31:44 AM,19.38
10442,3/23/2023 1:31:48 AM,18.75
10442,3/23/2023 1:32:16 AM,19.38
10442,3/23/2023 1:32:44 AM,18.75
10442,3/23/2023 1:32:48 AM,19.38
10442,3/23/2023 1:32:52 AM,18.75
10442,3/23/2023 1:33:12 AM,19.38
10442,3/23/2023 1:33:16 AM,18.75
10442,3/23/2023 1:33:20 AM,19.38
10442,3/23/2023 1:33:28 AM,18.75
10442,3/23/2023 1:33:48 AM,19.38
10442,3/23/2023 1:34:00 AM,18.75
10442,3/23/2023 1:34:04 AM,19.38
10442,3/23/2023 1:34:12 AM,18.75
10442,3/23/2023 1:34:16 AM,19.38
10442,3/23/2023 1:34:44 AM,18.75
10442,3/23/2023 1:35:40 AM,19.38
10442,3/23/2023 1:35:44 AM,18.75
10442,3/23/2023 1:35:48 AM,19.38
10442,3/23/2023 1:35:52 AM,18.75
10442,3/23/2023 1:36:04 AM,19.38
10442,3/23/2023 1:36:52 AM,18.75
10442,3/23/2023 1:37:00 AM,19.38
10442,3/23/2023 1:37:20 AM,18.75
10442,3/23/2023 1:38:00 AM,19.38
10442,3/23/2023 1:38:48 AM,18.75
10442,3/23/2023 1:38:56 AM,19.38
10442,3/23/2023 1:39:00 AM,18.75
10442,3/23/2023 1:39:04 AM,19.38
10442,3/23/2023 1:39:12 AM,18.75
10442,3/23/2023 1:39:16 AM,19.38
10442,3/23/2023 1:41:20 AM,18.75
10442,3/23/2023 1:41:24 AM,19.38
10442,3/23/2023 1:41:36 AM,18.75
10442,3/23/2023 1:41:40 AM,19.38
10442,3/23/2023 1:41:52 AM,18.75
10442,3/23/2023 1:41:56 AM,19.38
10442,3/23/2023 1:42:16 AM,18.75
10442,3/23/2023 1:42:24 AM,19.38
10442,3/23/2023 1:43:00 AM,18.75
10442,3/23/2023 1:43:12 AM,19.38
10442,3/23/2023 1:43:32 AM,18.75
10442,3/23/2023 1:43:36 AM,19.38
10442,3/23/2023 1:43:40 AM,18.75
10442,3/23/2023 1:43:56 AM,19.38
10442,3/23/2023 1:44:00 AM,18.75
10442,3/23/2023 1:44:04 AM,19.38
10442,3/23/2023 1:44:08 AM,18.75
10442,3/23/2023 1:44:12 AM,19.38
10442,3/23/2023 1:44:16 AM,18.75
10442,3/23/2023 1:44:20 AM,19.38
10442,3/23/2023 1:44:24 AM,18.75
10442,3/23/2023 1:44:28 AM,19.38
10442,3/23/2023 1:44:32 AM,18.75
10442,3/23/2023 1:44:48 AM,19.38
10442,3/23/2023 1:44:52 AM,18.75
10442,3/23/2023 1:44:56 AM,19.38
10442,3/23/2023 1:45:08 AM,18.75
10442,3/23/2023 1:45:12 AM,19.38
10442,3/23/2023 1:45:16 AM,18.75
10442,3/23/2023 1:45:36 AM,19.38
10442,3/23/2023 1:45:40 AM,18.75
10442,3/23/2023 1:45:44 AM,19.38
10442,3/23/2023 1:45:48 AM,18.75
10442,3/23/2023 1:46:12 AM,19.38
10442,3/23/2023 1:46:16 AM,18.75
10442,3/23/2023 1:46:20 AM,19.38
10442,3/23/2023 1:46:24 AM,18.75
10442,3/23/2023 1:46:52 AM,19.38
10442,3/23/2023 1:47:32 AM,18.75
10442,3/23/2023 1:47:36 AM,19.38
10442,3/23/2023 1:47:52 AM,18.75
10442,3/23/2023 1:48:00 AM,19.38
10442,3/23/2023 1:48:08 AM,18.75
10442,3/23/2023 1:48:12 AM,19.38
10442,3/23/2023 1:48:16 AM,18.75
10442,3/23/2023 1:48:24 AM,19.38
10442,3/23/2023 1:48:44 AM,18.75
10442,3/23/2023 1:48:48 AM,19.38
10442,3/23/2023 1:48:52 AM,18.75
10442,3/23/2023 1:49:18 AM,19.38
10442,3/23/2023 1:49:34 AM,18.75
10442,3/23/2023 1:49:50 AM,19.38
10442,3/23/2023 1:49:54 AM,18.75
10442,3/23/2023 1:52:16 AM,19.38
10442,3/23/2023 1:52:20 AM,18.13
10442,3/23/2023 1:52:24 AM,18.75
10442,3/23/2023 1:57:16 AM,19.38
10442,3/23/2023 1:57:28 AM,18.75
10442,3/23/2023 1:57:32 AM,19.38
10442,3/23/2023 1:57:36 AM,18.75
10442,3/23/2023 1:57:52 AM,19.38
10442,3/23/2023 1:57:56 AM,18.75
10442,3/23/2023 1:58:22 AM,19.38
10442,3/23/2023 1:58:26 AM,18.75
10442,3/23/2023 1:58:38 AM,19.38
10442,3/23/2023 1:58:42 AM,18.75
10442,3/23/2023 1:58:46 AM,19.38
10442,3/23/2023 1:58:50 AM,18.75
10442,3/23/2023 1:59:16 AM,19.38
10442,3/23/2023 1:59:20 AM,18.75
10442,3/23/2023 2:08:36 AM,19.38
10442,3/23/2023 2:08:40 AM,18.75
10442,3/23/2023 2:12:44 AM,19.38
10442,3/23/2023 2:12:48 AM,18.75
10442,3/23/2023 2:13:00 AM,19.38
10442,3/23/2023 2:13:04 AM,18.75
10442,3/23/2023 2:13:24 AM,19.38
10442,3/23/2023 2:13:28 AM,18.75
10442,3/23/2023 2:18:04 AM,19.38
10442,3/23/2023 2:18:12 AM,18.75
10442,3/23/2023 2:18:36 AM,19.38
10442,3/23/2023 2:18:40 AM,18.75
10442,3/23/2023 2:28:44 AM,19.38
10442,3/23/2023 2:28:52 AM,18.75
10442,3/23/2023 2:30:24 AM,19.38
10442,3/23/2023 2:30:32 AM,18.75
10442,3/23/2023 2:30:36 AM,19.38
10442,3/23/2023 2:31:04 AM,18.75
10442,3/23/2023 2:31:08 AM,19.38
10442,3/23/2023 2:32:44 AM,18.75
10442,3/23/2023 2:32:48 AM,19.38
10442,3/23/2023 2:32:52 AM,18.75
10442,3/23/2023 2:33:08 AM,19.38
10442,3/23/2023 2:33:12 AM,18.75
10442,3/23/2023 2:34:24 AM,19.38
10442,3/23/2023 2:34:32 AM,18.75
10442,3/23/2023 2:34:36 AM,19.38
10442,3/23/2023 2:34:44 AM,18.75
10442,3/23/2023 2:37:28 AM,19.38
10442,3/23/2023 2:37:32 AM,18.75
10442,3/23/2023 2:41:12 AM,19.38
10442,3/23/2023 2:41:16 AM,18.75
10442,3/23/2023 2:42:12 AM,19.38
10442,3/23/2023 2:42:16 AM,18.75
10442,3/23/2023 2:46:52 AM,18.13
10442,3/23/2023 2:46:56 AM,18.75
10442,3/23/2023 2:52:04 AM,19.38
10442,3/23/2023 2:52:08 AM,18.75
10442,3/23/2023 2:52:12 AM,19.38
10442,3/23/2023 2:52:16 AM,18.75
10442,3/23/2023 2:53:28 AM,19.38
10442,3/23/2023 2:53:32 AM,18.75
10442,3/23/2023 3:03:24 AM,19.38
10442,3/23/2023 3:03:28 AM,18.75
10442,3/23/2023 3:07:04 AM,19.38
10442,3/23/2023 3:07:08 AM,18.75
10442,3/23/2023 3:10:28 AM,19.38
10442,3/23/2023 3:10:40 AM,18.75
10442,3/23/2023 3:12:48 AM,19.38
10442,3/23/2023 3:12:56 AM,18.75
10442,3/23/2023 3:13:04 AM,19.38
10442,3/23/2023 3:13:08 AM,18.75
10442,3/23/2023 3:13:16 AM,19.38
10442,3/23/2023 3:13:20 AM,18.75
10442,3/23/2023 3:13:24 AM,19.38
10442,3/23/2023 3:13:28 AM,18.75
10442,3/23/2023 3:19:44 AM,19.38
10442,3/23/2023 3:20:08 AM,18.75
10442,3/23/2023 3:23:36 AM,19.38
10442,3/23/2023 3:23:40 AM,18.75
10442,3/23/2023 3:23:44 AM,19.38
10442,3/23/2023 3:23:48 AM,18.75
10442,3/23/2023 3:23:52 AM,19.38
10442,3/23/2023 3:24:08 AM,18.75
10442,3/23/2023 3:24:24 AM,19.38
10442,3/23/2023 3:24:32 AM,18.75
10442,3/23/2023 3:24:44 AM,19.38
10442,3/23/2023 3:24:48 AM,18.75
10442,3/23/2023 3:24:56 AM,19.38
10442,3/23/2023 3:25:00 AM,18.75
10442,3/23/2023 3:25:16 AM,19.38
10442,3/23/2023 3:25:20 AM,18.75
10442,3/23/2023 3:25:24 AM,19.38
10442,3/23/2023 3:25:28 AM,18.75
10442,3/23/2023 3:28:08 AM,19.38
10442,3/23/2023 3:28:20 AM,18.75
10442,3/23/2023 3:34:12 AM,18.13
10442,3/23/2023 3:34:16 AM,18.75
10442,3/23/2023 3:38:40 AM,18.13
10442,3/23/2023 3:38:44 AM,18.75
10442,3/23/2023 3:39:08 AM,19.38
10442,3/23/2023 3:39:20 AM,18.75
10442,3/23/2023 3:48:28 AM,19.38
10442,3/23/2023 3:48:32 AM,18.75
10442,3/23/2023 3:48:56 AM,19.38
10442,3/23/2023 3:49:00 AM,18.75
10442,3/23/2023 3:49:04 AM,19.38
10442,3/23/2023 3:49:08 AM,18.75
10442,3/23/2023 4:00:04 AM,19.38
10442,3/23/2023 4:00:28 AM,18.75
10442,3/23/2023 4:00:32 AM,18.13
10442,3/23/2023 4:00:48 AM,18.75
10442,3/23/2023 4:01:08 AM,19.38
10442,3/23/2023 4:01:16 AM,18.75
10442,3/23/2023 4:01:40 AM,18.13
10442,3/23/2023 4:01:52 AM,18.75
10442,3/23/2023 4:07:56 AM,18.13
10442,3/23/2023 4:08:00 AM,18.75
10442,3/23/2023 4:12:48 AM,18.13
10442,3/23/2023 4:13:12 AM,18.75
10442,3/23/2023 4:13:56 AM,18.13
10442,3/23/2023 4:14:24 AM,18.75
10442,3/23/2023 4:14:56 AM,18.13
10442,3/23/2023 4:15:28 AM,18.75
10442,3/23/2023 4:16:16 AM,18.13
10442,3/23/2023 4:16:20 AM,18.75
10442,3/23/2023 4:16:36 AM,18.13
10442,3/23/2023 4:16:52 AM,18.75
10442,3/23/2023 4:17:04 AM,18.13
10442,3/23/2023 4:17:08 AM,18.75
10442,3/23/2023 4:17:12 AM,18.13
10442,3/23/2023 4:17:16 AM,18.75
10442,3/23/2023 4:17:24 AM,18.13
10442,3/23/2023 4:17:28 AM,18.75
10442,3/23/2023 4:17:32 AM,18.13
10442,3/23/2023 4:17:36 AM,18.75
10442,3/23/2023 4:19:12 AM,18.13
10442,3/23/2023 4:19:20 AM,18.75
10442,3/23/2023 4:19:24 AM,18.13
10442,3/23/2023 4:19:28 AM,18.75
10442,3/23/2023 4:19:36 AM,18.13
10442,3/23/2023 4:19:44 AM,18.75
10442,3/23/2023 4:28:24 AM,18.13
10442,3/23/2023 4:28:28 AM,18.75
10442,3/23/2023 4:28:36 AM,18.13
10442,3/23/2023 4:29:04 AM,18.75
10442,3/23/2023 4:29:24 AM,18.13
10442,3/23/2023 4:29:48 AM,18.75
10442,3/23/2023 4:30:32 AM,18.13
10442,3/23/2023 4:30:36 AM,18.75
10442,3/23/2023 4:30:52 AM,18.13
10442,3/23/2023 4:31:20 AM,18.75
10442,3/23/2023 4:31:56 AM,18.13
10442,3/23/2023 4:32:00 AM,18.75
10442,3/23/2023 4:32:08 AM,18.13
10442,3/23/2023 4:32:20 AM,18.75
10442,3/23/2023 4:33:08 AM,18.13
10442,3/23/2023 4:33:12 AM,18.75
10442,3/23/2023 4:33:36 AM,18.13
10442,3/23/2023 4:33:52 AM,18.75
10442,3/23/2023 4:46:56 AM,19.38
10442,3/23/2023 4:47:00 AM,18.75
10442,3/23/2023 4:47:12 AM,18.13
10442,3/23/2023 4:47:16 AM,18.75
10442,3/23/2023 4:59:16 AM,19.38
10442,3/23/2023 4:59:20 AM,18.75
10442,3/23/2023 4:59:40 AM,19.38
10442,3/23/2023 4:59:44 AM,18.75
10442,3/23/2023 5:03:44 AM,19.38
10442,3/23/2023 5:03:48 AM,18.75
10442,3/23/2023 5:06:16 AM,19.38
10442,3/23/2023 5:06:20 AM,18.75
10442,3/23/2023 5:07:40 AM,19.38
10442,3/23/2023 5:07:44 AM,18.75
10442,3/23/2023 5:08:22 AM,19.38
10442,3/23/2023 5:08:38 AM,18.75
10442,3/23/2023 5:08:50 AM,19.38
10442,3/23/2023 5:08:54 AM,18.75
10442,3/23/2023 5:09:04 AM,19.38
10442,3/23/2023 5:09:12 AM,18.75
10442,3/23/2023 5:09:20 AM,19.38
10442,3/23/2023 5:09:48 AM,18.75
10442,3/23/2023 5:10:04 AM,19.38
10442,3/23/2023 5:10:08 AM,18.75
10442,3/23/2023 5:10:16 AM,19.38
10442,3/23/2023 5:10:20 AM,18.75
10442,3/23/2023 5:10:36 AM,19.38
10442,3/23/2023 5:10:48 AM,18.75
10442,3/23/2023 5:10:52 AM,19.38
10442,3/23/2023 5:11:12 AM,18.75
10442,3/23/2023 5:13:00 AM,18.13
10442,3/23/2023 5:13:04 AM,18.75
10442,3/23/2023 5:14:12 AM,18.13
10442,3/23/2023 5:14:20 AM,18.75
10442,3/23/2023 5:15:20 AM,19.38
10442,3/23/2023 5:15:32 AM,18.75
10442,3/23/2023 5:15:36 AM,19.38
10442,3/23/2023 5:16:28 AM,18.75
10442,3/23/2023 5:16:48 AM,18.13
10442,3/23/2023 5:16:52 AM,18.75
10442,3/23/2023 5:18:56 AM,19.38
10442,3/23/2023 5:19:20 AM,18.75
10442,3/23/2023 5:20:20 AM,19.38
10442,3/23/2023 5:21:04 AM,18.75
10442,3/23/2023 5:21:12 AM,19.38
10442,3/23/2023 5:21:16 AM,18.75
10442,3/23/2023 5:21:44 AM,19.38
10442,3/23/2023 5:21:52 AM,18.75
10442,3/23/2023 5:23:48 AM,19.38
10442,3/23/2023 5:24:28 AM,18.75
10442,3/23/2023 5:26:04 AM,19.38
10442,3/23/2023 5:26:08 AM,18.75
10442,3/23/2023 5:26:12 AM,19.38
10442,3/23/2023 5:26:32 AM,18.75
10442,3/23/2023 5:28:16 AM,19.38
10442,3/23/2023 5:28:24 AM,18.75
10442,3/23/2023 5:28:36 AM,19.38
10442,3/23/2023 5:28:40 AM,18.75
10442,3/23/2023 5:29:00 AM,19.38
10442,3/23/2023 5:29:12 AM,18.75
10442,3/23/2023 5:29:28 AM,19.38
10442,3/23/2023 5:29:40 AM,18.75
10442,3/23/2023 5:29:48 AM,19.38
10442,3/23/2023 5:29:52 AM,18.75
10442,3/23/2023 5:30:28 AM,19.38
10442,3/23/2023 5:30:44 AM,18.75
10442,3/23/2023 5:31:16 AM,19.38
10442,3/23/2023 5:32:36 AM,18.75
10442,3/23/2023 5:32:40 AM,19.38
10442,3/23/2023 5:32:48 AM,18.75
10442,3/23/2023 5:33:00 AM,19.38
10442,3/23/2023 5:37:00 AM,18.75
10442,3/23/2023 5:37:08 AM,19.38
10442,3/23/2023 5:38:20 AM,18.75
10442,3/23/2023 5:38:28 AM,19.38
10442,3/23/2023 5:40:20 AM,18.75
10442,3/23/2023 5:40:24 AM,19.38
10442,3/23/2023 5:42:40 AM,18.75
10442,3/23/2023 5:42:48 AM,19.38
10442,3/23/2023 5:45:28 AM,18.75
10442,3/23/2023 5:45:32 AM,19.38
10442,3/23/2023 5:47:36 AM,18.75
10442,3/23/2023 5:48:12 AM,19.38
10442,3/23/2023 5:54:04 AM,18.75
10442,3/23/2023 5:54:20 AM,19.38
10442,3/23/2023 5:54:28 AM,18.75
10442,3/23/2023 5:54:48 AM,19.38
10442,3/23/2023 5:54:52 AM,18.75
10442,3/23/2023 5:57:08 AM,19.38
10442,3/23/2023 5:57:52 AM,20.00
10442,3/23/2023 5:58:40 AM,19.38
10442,3/23/2023 5:58:56 AM,20.00
10442,3/23/2023 5:59:28 AM,19.38
10442,3/23/2023 5:59:36 AM,20.00
10442,3/23/2023 5:59:40 AM,19.38
10442,3/23/2023 5:59:44 AM,20.00
10442,3/23/2023 5:59:52 AM,19.38
10442,3/23/2023 5:59:56 AM,20.00
10442,3/23/2023 6:00:00 AM,19.38
10442,3/23/2023 6:00:16 AM,20.00
10442,3/23/2023 6:00:24 AM,19.38
10442,3/23/2023 6:03:00 AM,20.00
10442,3/23/2023 6:03:04 AM,19.38
10442,3/23/2023 6:04:36 AM,18.75
10442,3/23/2023 6:04:40 AM,19.38
10442,3/23/2023 6:04:52 AM,18.75
10442,3/23/2023 6:05:00 AM,19.38
10442,3/23/2023 6:05:16 AM,18.75
10442,3/23/2023 6:05:24 AM,19.38
10442,3/23/2023 6:05:28 AM,18.75
10442,3/23/2023 6:05:36 AM,19.38
10442,3/23/2023 6:06:04 AM,18.75
10442,3/23/2023 6:10:56 AM,19.38
10442,3/23/2023 6:11:04 AM,18.75
10442,3/23/2023 6:12:52 AM,19.38
10442,3/23/2023 6:13:44 AM,18.75
10442,3/23/2023 6:14:48 AM,19.38
10442,3/23/2023 6:14:52 AM,18.75
10442,3/23/2023 6:14:56 AM,19.38
10442,3/23/2023 6:22:28 AM,18.75
10442,3/23/2023 6:22:32 AM,19.38
10442,3/23/2023 6:22:36 AM,18.75
10442,3/23/2023 6:22:52 AM,19.38
10442,3/23/2023 6:23:00 AM,18.75
10442,3/23/2023 6:23:24 AM,19.38
10442,3/23/2023 6:23:32 AM,18.75
10442,3/23/2023 6:23:36 AM,19.38
10442,3/23/2023 6:28:00 AM,18.75
10442,3/23/2023 6:28:04 AM,19.38
10442,3/23/2023 6:29:24 AM,18.75
10442,3/23/2023 6:29:28 AM,19.38
10442,3/23/2023 6:29:32 AM,18.75
10442,3/23/2023 6:29:36 AM,19.38
10442,3/23/2023 6:29:48 AM,18.75
10442,3/23/2023 6:30:04 AM,19.38
10442,3/23/2023 6:30:08 AM,18.75
10442,3/23/2023 6:30:48 AM,19.38
10442,3/23/2023 6:31:00 AM,18.75
10442,3/23/2023 6:32:20 AM,19.38
10442,3/23/2023 6:32:36 AM,18.75
10442,3/23/2023 6:34:24 AM,19.38
10442,3/23/2023 6:34:28 AM,18.75
10442,3/23/2023 6:34:48 AM,18.13
10442,3/23/2023 6:34:52 AM,18.75
10442,3/23/2023 6:37:12 AM,19.38
10442,3/23/2023 6:37:36 AM,18.75
10442,3/23/2023 6:37:40 AM,19.38
10442,3/23/2023 6:38:04 AM,18.75
10442,3/23/2023 6:38:08 AM,19.38
10442,3/23/2023 6:38:36 AM,18.75
10442,3/23/2023 6:38:44 AM,19.38
10442,3/23/2023 6:38:48 AM,18.75
10442,3/23/2023 6:42:16 AM,19.38
10442,3/23/2023 6:44:12 AM,18.75
10442,3/23/2023 6:44:56 AM,18.13
10442,3/23/2023 6:46:08 AM,18.75
10442,3/23/2023 6:47:44 AM,19.38
10442,3/23/2023 6:48:12 AM,18.75
10442,3/23/2023 6:48:16 AM,19.38
10442,3/23/2023 6:48:24 AM,18.75
10442,3/23/2023 6:49:00 AM,19.38
10442,3/23/2023 6:49:04 AM,18.75
10442,3/23/2023 6:49:08 AM,19.38
10442,3/23/2023 6:49:12 AM,18.75
10442,3/23/2023 6:49:20 AM,19.38
10442,3/23/2023 6:49:24 AM,18.75
10442,3/23/2023 6:49:28 AM,19.38
10442,3/23/2023 6:49:36 AM,18.75
10442,3/23/2023 6:49:48 AM,19.38
10442,3/23/2023 6:49:52 AM,18.75
10442,3/23/2023 6:53:52 AM,18.13
10442,3/23/2023 6:54:04 AM,18.75
10442,3/23/2023 6:54:32 AM,18.13
10442,3/23/2023 6:54:44 AM,18.75
10442,3/23/2023 7:02:20 AM,18.13
10442,3/23/2023 7:02:24 AM,18.75
10442,3/23/2023 7:04:28 AM,18.13
10442,3/23/2023 7:04:32 AM,18.75
10442,3/23/2023 7:05:08 AM,18.13
10442,3/23/2023 7:05:12 AM,18.75
10442,3/23/2023 7:08:04 AM,19.38
10442,3/23/2023 7:08:08 AM,18.75
10442,3/23/2023 7:09:08 AM,18.13
10442,3/23/2023 7:09:12 AM,18.75
10442,3/23/2023 7:10:16 AM,18.13
10442,3/23/2023 7:10:24 AM,18.75
10442,3/23/2023 7:10:44 AM,18.13
10442,3/23/2023 7:10:48 AM,18.75
10442,3/23/2023 7:16:20 AM,18.13
10442,3/23/2023 7:16:24 AM,18.75
10442,3/23/2023 7:16:40 AM,18.13
10442,3/23/2023 7:16:52 AM,18.75
10442,3/23/2023 7:17:36 AM,18.13
10442,3/23/2023 7:17:40 AM,18.75
10442,3/23/2023 7:23:04 AM,18.13
10442,3/23/2023 7:23:08 AM,18.75
10442,3/23/2023 7:23:44 AM,18.13
10442,3/23/2023 7:24:08 AM,18.75
10442,3/23/2023 7:24:12 AM,18.13
10442,3/23/2023 7:24:44 AM,18.75
10442,3/23/2023 7:24:48 AM,18.13
10442,3/23/2023 7:24:52 AM,18.75
10442,3/23/2023 7:24:56 AM,18.13
10442,3/23/2023 7:25:24 AM,18.75
10442,3/23/2023 7:25:40 AM,18.13
10442,3/23/2023 7:26:28 AM,18.75
10442,3/23/2023 7:26:32 AM,18.13
10442,3/23/2023 7:26:36 AM,18.75
10442,3/23/2023 7:30:08 AM,18.13
10442,3/23/2023 7:30:12 AM,18.75
10442,3/23/2023 7:31:38 AM,18.13
10442,3/23/2023 7:31:50 AM,18.75
10442,3/23/2023 7:33:36 AM,19.38
10442,3/23/2023 7:33:52 AM,18.75
10442,3/23/2023 7:35:28 AM,18.13
10442,3/23/2023 7:35:36 AM,18.75
10442,3/23/2023 7:35:40 AM,18.13
10442,3/23/2023 7:35:44 AM,18.75
10442,3/23/2023 7:38:48 AM,18.13
10442,3/23/2023 7:39:20 AM,18.75
10442,3/23/2023 7:39:28 AM,18.13
10442,3/23/2023 7:39:32 AM,18.75
10442,3/23/2023 7:39:36 AM,18.13
10442,3/23/2023 7:39:40 AM,18.75
10442,3/23/2023 7:41:56 AM,18.13
10442,3/23/2023 7:42:24 AM,17.50
10442,3/23/2023 7:42:28 AM,18.13
10442,3/23/2023 7:42:44 AM,17.50
10442,3/23/2023 7:42:52 AM,18.13
10442,3/23/2023 7:45:40 AM,17.50
10442,3/23/2023 7:48:04 AM,18.13
10442,3/23/2023 7:48:32 AM,17.50
10442,3/23/2023 7:48:36 AM,18.13
10442,3/23/2023 7:48:56 AM,17.50
10442,3/23/2023 7:51:04 AM,18.13
10442,3/23/2023 7:52:56 AM,17.50
10442,3/23/2023 7:53:40 AM,16.88
10442,3/23/2023 7:53:48 AM,17.50
10442,3/23/2023 7:53:56 AM,16.88
10442,3/23/2023 7:54:04 AM,17.50
10442,3/23/2023 7:54:08 AM,16.88
10442,3/23/2023 7:54:12 AM,17.50
10442,3/23/2023 7:56:44 AM,18.13
10442,3/23/2023 7:57:48 AM,17.50
10442,3/23/2023 8:00:00 AM,18.13
10442,3/23/2023 8:00:56 AM,17.50
10442,3/23/2023 8:01:36 AM,18.13
10442,3/23/2023 8:10:40 AM,17.50
10442,3/23/2023 8:11:40 AM,18.13
10442,3/23/2023 8:12:16 AM,18.75
10442,3/23/2023 8:12:24 AM,18.13
10442,3/23/2023 8:12:44 AM,18.75
10442,3/23/2023 8:12:56 AM,18.13
10442,3/23/2023 8:14:32 AM,17.50
10442,3/23/2023 8:14:36 AM,18.13
10442,3/23/2023 8:15:52 AM,17.50
10442,3/23/2023 8:17:04 AM,18.13
10442,3/23/2023 8:17:12 AM,17.50
10442,3/23/2023 8:17:32 AM,18.13
10442,3/23/2023 8:17:36 AM,17.50
10442,3/23/2023 8:17:52 AM,18.13
10442,3/23/2023 8:18:00 AM,17.50
10442,3/23/2023 8:18:24 AM,18.13
10442,3/23/2023 8:18:28 AM,17.50
10442,3/23/2023 8:18:36 AM,18.13
10442,3/23/2023 8:19:20 AM,17.50
10442,3/23/2023 8:19:32 AM,18.13
10442,3/23/2023 8:19:36 AM,17.50
10442,3/23/2023 8:20:08 AM,18.13
10442,3/23/2023 8:20:52 AM,17.50
10442,3/23/2023 8:21:04 AM,18.13
10442,3/23/2023 8:21:40 AM,17.50
10442,3/23/2023 8:21:44 AM,18.13
10442,3/23/2023 8:22:20 AM,17.50
10442,3/23/2023 8:22:24 AM,18.13
10442,3/23/2023 8:22:32 AM,17.50
10442,3/23/2023 8:22:40 AM,18.13
10442,3/23/2023 8:22:48 AM,17.50
10442,3/23/2023 8:23:20 AM,18.13
10442,3/23/2023 8:23:28 AM,17.50
10442,3/23/2023 8:23:56 AM,18.13
10442,3/23/2023 8:24:00 AM,17.50
10442,3/23/2023 8:25:48 AM,18.13
10442,3/23/2023 8:27:12 AM,17.50
10442,3/23/2023 8:27:20 AM,18.13
10442,3/23/2023 8:27:36 AM,17.50
10442,3/23/2023 8:27:56 AM,18.13
10442,3/23/2023 8:28:04 AM,17.50
10442,3/23/2023 8:28:40 AM,18.13
10442,3/23/2023 8:29:28 AM,18.75
10442,3/23/2023 8:30:52 AM,18.13
10442,3/23/2023 8:30:56 AM,18.75
10442,3/23/2023 8:31:04 AM,18.13
10442,3/23/2023 8:32:16 AM,18.75
10442,3/23/2023 8:33:24 AM,18.13
10442,3/23/2023 8:34:16 AM,18.75
10442,3/23/2023 8:36:22 AM,18.75
10442,3/23/2023 8:39:30 AM,18.13
10442,3/23/2023 8:40:14 AM,18.75
10442,3/23/2023 8:40:22 AM,18.13
10442,3/23/2023 8:40:26 AM,18.75
10442,3/23/2023 8:42:14 AM,18.13
10442,3/23/2023 8:46:02 AM,18.75
10442,3/23/2023 8:46:06 AM,18.13
10442,3/23/2023 8:46:14 AM,18.75
10442,3/23/2023 8:46:18 AM,18.13
10442,3/23/2023 8:46:30 AM,18.75
10442,3/23/2023 8:46:34 AM,18.13
10442,3/23/2023 8:46:46 AM,18.75
10442,3/23/2023 8:46:50 AM,18.13
10442,3/23/2023 8:46:54 AM,18.75
10442,3/23/2023 8:47:06 AM,18.13
10442,3/23/2023 8:47:18 AM,18.75
10442,3/23/2023 8:48:38 AM,18.13
10442,3/23/2023 8:49:30 AM,18.75
10442,3/23/2023 8:49:34 AM,18.13
10442,3/23/2023 8:50:02 AM,18.75
10442,3/23/2023 8:52:30 AM,18.13
10442,3/23/2023 8:54:06 AM,17.50
10442,3/23/2023 8:54:38 AM,18.13
10442,3/23/2023 8:54:42 AM,18.75
10442,3/23/2023 8:54:54 AM,19.38
10442,3/23/2023 8:55:52 AM,18.75
10442,3/23/2023 8:56:10 AM,18.13
10442,3/23/2023 8:56:14 AM,18.75
10442,3/23/2023 8:56:18 AM,18.13
10442,3/23/2023 8:57:22 AM,18.75
10442,3/23/2023 8:57:26 AM,18.13
10442,3/23/2023 8:57:30 AM,18.75
10442,3/23/2023 8:57:34 AM,18.13
10442,3/23/2023 8:57:42 AM,18.75
10442,3/23/2023 8:57:54 AM,18.13
10442,3/23/2023 8:57:58 AM,18.75
10442,3/23/2023 8:58:22 AM,18.13
10442,3/23/2023 8:58:30 AM,18.75
10442,3/23/2023 8:59:02 AM,18.13
10442,3/23/2023 8:59:06 AM,18.75
10442,3/23/2023 8:59:26 AM,18.13
10442,3/23/2023 8:59:54 AM,18.75
10442,3/23/2023 9:01:58 AM,18.13
10442,3/23/2023 9:02:02 AM,18.75
10442,3/23/2023 9:02:22 AM,18.13
10442,3/23/2023 9:02:30 AM,18.75
10442,3/23/2023 9:02:42 AM,18.13
10442,3/23/2023 9:03:22 AM,17.50
10442,3/23/2023 9:03:26 AM,18.13
10442,3/23/2023 9:03:50 AM,18.75
10442,3/23/2023 9:04:26 AM,19.38
10442,3/23/2023 9:04:30 AM,18.75
10442,3/23/2023 9:05:46 AM,19.38
10442,3/23/2023 9:06:50 AM,18.75
10442,3/23/2023 9:07:42 AM,18.13
10442,3/23/2023 9:07:50 AM,18.75
10442,3/23/2023 9:09:46 AM,18.13
10442,3/23/2023 9:09:50 AM,18.75
10442,3/23/2023 9:11:22 AM,18.13
10442,3/23/2023 9:11:26 AM,18.75
10442,3/23/2023 9:11:58 AM,18.13
10442,3/23/2023 9:12:02 AM,18.75
10442,3/23/2023 9:12:46 AM,19.38
10442,3/23/2023 9:13:34 AM,18.75
10442,3/23/2023 9:14:30 AM,19.38
10442,3/23/2023 9:14:34 AM,18.75
10442,3/23/2023 9:14:54 AM,19.38
10442,3/23/2023 9:14:58 AM,18.75
10442,3/23/2023 9:17:38 AM,19.38
10442,3/23/2023 9:17:42 AM,18.75
10442,3/23/2023 9:17:46 AM,19.38
10442,3/23/2023 9:18:02 AM,18.75
10442,3/23/2023 9:18:50 AM,18.13
10442,3/23/2023 9:20:06 AM,18.75
10442,3/23/2023 9:20:34 AM,19.38
10442,3/23/2023 9:22:22 AM,18.75
10442,3/23/2023 9:23:06 AM,18.13
10442,3/23/2023 9:23:18 AM,17.50
10442,3/23/2023 9:23:22 AM,18.13
10442,3/23/2023 9:23:30 AM,17.50
10442,3/23/2023 9:23:46 AM,16.88
10442,3/23/2023 9:24:06 AM,17.50
10442,3/23/2023 9:24:22 AM,18.13
10442,3/23/2023 9:25:14 AM,17.50
10442,3/23/2023 9:25:58 AM,18.13
10442,3/23/2023 9:26:46 AM,18.75
10442,3/23/2023 9:27:02 AM,19.38
10442,3/23/2023 9:27:34 AM,18.75
10442,3/23/2023 9:27:46 AM,18.13
10442,3/23/2023 9:28:06 AM,17.50
10442,3/23/2023 9:28:38 AM,16.88
10442,3/23/2023 9:28:58 AM,17.50
10442,3/23/2023 9:31:18 AM,18.13
10442,3/23/2023 9:31:30 AM,17.50
10442,3/23/2023 9:32:22 AM,18.13
10442,3/23/2023 9:33:14 AM,18.75
10442,3/23/2023 9:33:46 AM,19.38
10442,3/23/2023 9:33:50 AM,18.75
10442,3/23/2023 9:34:06 AM,19.38
10442,3/23/2023 9:34:10 AM,18.75
10442,3/23/2023 9:34:26 AM,18.13
10442,3/23/2023 9:35:06 AM,17.50
10442,3/23/2023 9:35:14 AM,18.13
10442,3/23/2023 9:35:26 AM,17.50
10442,3/23/2023 9:36:26 AM,18.13
10442,3/23/2023 9:37:14 AM,17.50
10442,3/23/2023 9:37:18 AM,18.13
10442,3/23/2023 9:37:34 AM,18.75
10442,3/23/2023 9:37:42 AM,18.13
10442,3/23/2023 9:38:02 AM,17.50
10442,3/23/2023 9:38:06 AM,18.13
10442,3/23/2023 9:38:50 AM,18.75
10442,3/23/2023 9:38:54 AM,18.13
10442,3/23/2023 9:38:58 AM,18.75
10442,3/23/2023 9:39:10 AM,18.13
10442,3/23/2023 9:39:18 AM,18.75
10442,3/23/2023 9:39:34 AM,18.13
10442,3/23/2023 9:39:38 AM,18.75
10442,3/23/2023 9:40:06 AM,18.13
10442,3/23/2023 9:40:14 AM,18.75
10442,3/23/2023 9:40:34 AM,18.13
10442,3/23/2023 9:40:46 AM,18.75
10442,3/23/2023 9:40:50 AM,18.13
10442,3/23/2023 9:41:38 AM,17.50
10442,3/23/2023 9:43:58 AM,18.13
10442,3/23/2023 9:44:22 AM,17.50
10442,3/23/2023 9:44:26 AM,18.13
10442,3/23/2023 9:45:02 AM,17.50
10442,3/23/2023 9:45:06 AM,18.13
10442,3/23/2023 9:45:14 AM,17.50
10442,3/23/2023 9:45:18 AM,18.13
10442,3/23/2023 9:45:22 AM,17.50
10442,3/23/2023 9:45:30 AM,18.13
10442,3/23/2023 9:45:42 AM,17.50
10442,3/23/2023 9:45:46 AM,18.13
10442,3/23/2023 9:45:58 AM,17.50
10442,3/23/2023 9:46:06 AM,18.13
10442,3/23/2023 9:46:50 AM,18.75
10442,3/23/2023 9:46:54 AM,18.13
10442,3/23/2023 9:48:02 AM,17.50
10442,3/23/2023 9:48:06 AM,18.13
10442,3/23/2023 9:48:14 AM,17.50
10442,3/23/2023 9:52:02 AM,18.13
10442,3/23/2023 9:53:54 AM,17.50
10442,3/23/2023 9:53:58 AM,16.88
10442,3/23/2023 9:54:50 AM,17.50
10442,3/23/2023 9:54:58 AM,16.88
10442,3/23/2023 9:55:06 AM,17.50
10442,3/23/2023 9:55:22 AM,16.88
10442,3/23/2023 9:55:30 AM,17.50
10442,3/23/2023 9:55:38 AM,16.88
10442,3/23/2023 9:55:50 AM,17.50
10442,3/23/2023 9:57:30 AM,18.13
10442,3/23/2023 9:58:10 AM,17.50
10442,3/23/2023 9:58:42 AM,18.13
10442,3/23/2023 9:58:46 AM,17.50
10442,3/23/2023 9:59:02 AM,18.13
10442,3/23/2023 9:59:10 AM,17.50
10442,3/23/2023 9:59:14 AM,18.13
10442,3/23/2023 9:59:18 AM,17.50
10442,3/23/2023 10:01:26 AM,18.13
10442,3/23/2023 10:02:02 AM,18.75
10442,3/23/2023 10:02:06 AM,18.13
10442,3/23/2023 10:02:54 AM,18.75
10442,3/23/2023 10:02:58 AM,18.13
10442,3/23/2023 10:03:58 AM,17.50
10442,3/23/2023 10:04:02 AM,18.13
10442,3/23/2023 10:05:30 AM,17.50
10442,3/23/2023 10:05:46 AM,18.13
10442,3/23/2023 10:07:10 AM,18.75
10442,3/23/2023 10:07:14 AM,18.13
10442,3/23/2023 10:07:58 AM,17.50
10442,3/23/2023 10:09:10 AM,18.13
10442,3/23/2023 10:09:30 AM,17.50
10442,3/23/2023 10:09:42 AM,18.13
10442,3/23/2023 10:09:46 AM,17.50
10442,3/23/2023 10:10:22 AM,18.13
10442,3/23/2023 10:10:26 AM,17.50
10442,3/23/2023 10:10:38 AM,18.13
10442,3/23/2023 10:11:02 AM,18.75
10442,3/23/2023 10:11:10 AM,19.38
10442,3/23/2023 10:11:54 AM,18.75
10442,3/23/2023 10:12:02 AM,18.13
10442,3/23/2023 10:12:10 AM,17.50
10442,3/23/2023 10:12:22 AM,16.88
10442,3/23/2023 10:12:26 AM,17.50
10442,3/23/2023 10:12:30 AM,16.88
10442,3/23/2023 10:12:34 AM,17.50
10442,3/23/2023 10:13:14 AM,18.13
10442,3/23/2023 10:13:22 AM,17.50
10442,3/23/2023 10:13:38 AM,16.88
10442,3/23/2023 10:14:46 AM,17.50
10442,3/23/2023 10:14:58 AM,18.13
10442,3/23/2023 10:15:26 AM,18.75
10442,3/23/2023 10:15:54 AM,18.13
10442,3/23/2023 10:16:06 AM,17.50
10442,3/23/2023 10:16:18 AM,18.13
10442,3/23/2023 10:16:30 AM,17.50
10442,3/23/2023 10:16:46 AM,18.13
10442,3/23/2023 10:16:50 AM,17.50
10442,3/23/2023 10:16:54 AM,18.13
10442,3/23/2023 10:17:06 AM,18.75
10442,3/23/2023 10:17:50 AM,19.38
10442,3/23/2023 10:17:54 AM,18.75
10442,3/23/2023 10:18:14 AM,18.13
10442,3/23/2023 10:18:26 AM,17.50
10442,3/23/2023 10:18:58 AM,16.88
10442,3/23/2023 10:19:06 AM,16.25
10442,3/23/2023 10:19:10 AM,15.63
10442,3/23/2023 10:19:14 AM,15.00
10442,3/23/2023 10:19:22 AM,15.63
10442,3/23/2023 10:19:54 AM,16.25
10442,3/23/2023 10:20:02 AM,16.88
10442,3/23/2023 10:20:14 AM,17.50
10442,3/23/2023 10:20:34 AM,18.13
10442,3/23/2023 10:20:38 AM,18.75
10442,3/23/2023 10:20:46 AM,19.38
10442,3/23/2023 10:20:54 AM,20.00
10442,3/23/2023 10:20:54 AM,0.00
10442,3/23/2023 10:20:58 AM,19.38
10442,3/23/2023 10:21:30 AM,18.75
10442,3/23/2023 10:21:38 AM,18.13
10442,3/23/2023 10:21:46 AM,17.50
10442,3/23/2023 10:22:34 AM,18.13
10442,3/23/2023 10:23:06 AM,18.75
10442,3/23/2023 10:23:50 AM,18.13
10442,3/23/2023 10:24:50 AM,17.50
10442,3/23/2023 10:25:54 AM,17.50
10442,3/23/2023 10:26:00 AM,18.13
10442,3/23/2023 10:26:38 AM,18.75
10442,3/23/2023 10:26:42 AM,18.13
10442,3/23/2023 10:27:14 AM,18.75
10442,3/23/2023 10:27:18 AM,19.38
10442,3/23/2023 10:27:26 AM,20.00
10442,3/23/2023 10:27:42 AM,19.38
10442,3/23/2023 10:28:06 AM,20.00
10442,3/23/2023 10:28:18 AM,19.38
10442,3/23/2023 10:28:26 AM,18.75
10442,3/23/2023 10:28:46 AM,19.38
10442,3/23/2023 10:28:50 AM,18.75
10442,3/23/2023 10:29:06 AM,18.13
10442,3/23/2023 10:29:34 AM,17.50
10442,3/23/2023 10:29:50 AM,16.88
10442,3/23/2023 10:29:54 AM,17.50
10442,3/23/2023 10:29:58 AM,16.88
10442,3/23/2023 10:30:46 AM,16.25
10442,3/23/2023 10:30:50 AM,15.63
10442,3/23/2023 10:30:54 AM,15.00
10442,3/23/2023 10:30:58 AM,14.38
10442,3/23/2023 10:31:18 AM,15.00
10442,3/23/2023 10:31:26 AM,15.63
10442,3/23/2023 10:31:34 AM,16.25
10442,3/23/2023 10:31:42 AM,16.88
10442,3/23/2023 10:31:50 AM,17.50
10442,3/23/2023 10:31:58 AM,18.13
10442,3/23/2023 10:32:02 AM,18.75
10442,3/23/2023 10:32:18 AM,19.38
10442,3/23/2023 10:32:34 AM,20.00
10442,3/23/2023 10:33:06 AM,20.63
10442,3/23/2023 10:33:10 AM,20.00
10442,3/23/2023 10:33:30 AM,19.38
10442,3/23/2023 10:33:50 AM,18.75
10442,3/23/2023 10:34:02 AM,18.13
10442,3/23/2023 10:34:30 AM,17.50
10442,3/23/2023 10:34:38 AM,18.13
10442,3/23/2023 10:34:42 AM,17.50
10442,3/23/2023 10:34:46 AM,18.13
10442,3/23/2023 10:35:22 AM,18.75
10442,3/23/2023 10:36:10 AM,18.13
10442,3/23/2023 10:36:30 AM,17.50
10442,3/23/2023 10:36:42 AM,16.88
10442,3/23/2023 10:37:02 AM,16.25
10442,3/23/2023 10:37:10 AM,15.63
10442,3/23/2023 10:37:18 AM,15.00
10442,3/23/2023 10:37:22 AM,14.38
10442,3/23/2023 10:37:30 AM,13.75
10442,3/23/2023 10:37:34 AM,13.13
10442,3/23/2023 10:38:02 AM,13.75
10442,3/23/2023 10:38:06 AM,14.38
10442,3/23/2023 10:38:14 AM,15.00
10442,3/23/2023 10:38:22 AM,15.63
10442,3/23/2023 10:38:34 AM,16.25
10442,3/23/2023 10:38:38 AM,16.88
10442,3/23/2023 10:38:46 AM,17.50
10442,3/23/2023 10:38:50 AM,18.13
10442,3/23/2023 10:39:02 AM,18.75
10442,3/23/2023 10:39:10 AM,19.38
10442,3/23/2023 10:39:22 AM,18.75
10442,3/23/2023 10:39:34 AM,19.38
10442,3/23/2023 10:39:58 AM,18.75
10442,3/23/2023 10:40:06 AM,18.13
10442,3/23/2023 10:40:22 AM,17.50
10442,3/23/2023 10:40:34 AM,16.88
10442,3/23/2023 10:40:42 AM,16.25
10442,3/23/2023 10:40:46 AM,16.88
10442,3/23/2023 10:40:50 AM,16.25
10442,3/23/2023 10:41:30 AM,16.88
10442,3/23/2023 10:41:54 AM,17.50
10442,3/23/2023 10:42:02 AM,18.13
10442,3/23/2023 10:42:38 AM,18.75
10442,3/23/2023 10:42:46 AM,19.38
10442,3/23/2023 10:43:02 AM,18.75
10442,3/23/2023 10:43:18 AM,19.38
10442,3/23/2023 10:44:10 AM,18.75
10442,3/23/2023 10:44:38 AM,18.13
10442,3/23/2023 10:44:58 AM,17.50
10442,3/23/2023 10:45:52 AM,17.50
10442,3/23/2023 10:45:54 AM,16.88
10442,3/23/2023 10:46:38 AM,17.50
10442,3/23/2023 10:47:18 AM,18.13
10442,3/23/2023 10:49:06 AM,18.75
10442,3/23/2023 10:49:22 AM,18.13
10442,3/23/2023 10:50:42 AM,17.50
10442,3/23/2023 10:52:34 AM,16.88
10442,3/23/2023 10:52:38 AM,17.50
10442,3/23/2023 10:53:46 AM,18.13
10442,3/23/2023 10:53:50 AM,17.50
10442,3/23/2023 10:53:54 AM,18.13
10442,3/23/2023 10:56:18 AM,17.50
10442,3/23/2023 10:56:50 AM,18.13
10442,3/23/2023 10:57:10 AM,17.50
10442,3/23/2023 10:57:26 AM,18.13
10442,3/23/2023 10:57:30 AM,17.50
10442,3/23/2023 10:57:42 AM,18.13
10442,3/23/2023 10:57:54 AM,17.50
10442,3/23/2023 10:58:10 AM,18.13
10442,3/23/2023 10:58:54 AM,17.50
10442,3/23/2023 10:59:10 AM,18.13
10442,3/23/2023 10:59:18 AM,17.50
10442,3/23/2023 10:59:42 AM,18.13
10442,3/23/2023 10:59:54 AM,17.50
10442,3/23/2023 11:02:50 AM,18.13
10442,3/23/2023 11:02:54 AM,17.50
10442,3/23/2023 11:03:02 AM,18.13
10442,3/23/2023 11:03:10 AM,17.50
10442,3/23/2023 11:03:18 AM,18.13
10442,3/23/2023 11:03:38 AM,17.50
10442,3/23/2023 11:04:10 AM,18.13
10442,3/23/2023 11:04:14 AM,17.50
10442,3/23/2023 11:08:38 AM,18.13
10442,3/23/2023 11:08:46 AM,17.50
10442,3/23/2023 11:09:38 AM,18.13
10442,3/23/2023 11:09:42 AM,17.50
10442,3/23/2023 11:09:50 AM,18.13
10442,3/23/2023 11:09:54 AM,17.50
10442,3/23/2023 11:10:18 AM,18.13
10442,3/23/2023 11:10:26 AM,17.50
10442,3/23/2023 11:10:30 AM,18.13
10442,3/23/2023 11:10:34 AM,17.50
10442,3/23/2023 11:12:26 AM,18.13
10442,3/23/2023 11:12:30 AM,17.50
10442,3/23/2023 11:15:02 AM,18.13
10442,3/23/2023 11:15:06 AM,17.50
10442,3/23/2023 11:17:26 AM,16.88
10442,3/23/2023 11:17:30 AM,17.50
10442,3/23/2023 11:19:30 AM,18.13
10442,3/23/2023 11:19:34 AM,17.50
10442,3/23/2023 11:20:54 AM,18.13
10442,3/23/2023 11:20:58 AM,17.50
10442,3/23/2023 11:21:42 AM,18.13
10442,3/23/2023 11:21:46 AM,17.50
10442,3/23/2023 11:22:18 AM,18.13
10442,3/23/2023 11:22:30 AM,17.50
10442,3/23/2023 11:28:02 AM,18.13
10442,3/23/2023 11:28:10 AM,17.50
10442,3/23/2023 11:31:26 AM,18.13
10442,3/23/2023 11:32:10 AM,17.50
10442,3/23/2023 11:32:14 AM,18.13
10442,3/23/2023 11:32:22 AM,17.50
10442,3/23/2023 11:34:18 AM,18.13
10442,3/23/2023 11:34:22 AM,17.50
10442,3/23/2023 11:34:38 AM,16.88
10442,3/23/2023 11:34:42 AM,18.75
10442,3/23/2023 11:34:46 AM,18.13
10442,3/23/2023 11:35:02 AM,17.50
10442,3/23/2023 11:35:26 AM,18.13
10442,3/23/2023 11:35:30 AM,17.50
10442,3/23/2023 11:35:38 AM,16.25
10442,3/23/2023 11:35:46 AM,16.88
10442,3/23/2023 11:35:54 AM,17.50
10442,3/23/2023 11:35:58 AM,16.25
10442,3/23/2023 11:36:02 AM,17.50
10442,3/23/2023 11:36:10 AM,16.88
10442,3/23/2023 11:36:14 AM,18.13
10442,3/23/2023 11:36:18 AM,17.50
10442,3/23/2023 11:36:22 AM,18.13
10442,3/23/2023 11:36:26 AM,17.50
10442,3/23/2023 11:36:38 AM,16.88
10442,3/23/2023 11:36:42 AM,17.50
10442,3/23/2023 11:37:26 AM,18.13
10442,3/23/2023 11:37:30 AM,17.50
10442,3/23/2023 11:37:42 AM,18.13
10442,3/23/2023 11:39:14 AM,17.50
10442,3/23/2023 11:39:22 AM,18.13
10442,3/23/2023 11:39:30 AM,17.50
10442,3/23/2023 11:42:18 AM,18.13
10442,3/23/2023 11:43:18 AM,17.50
10442,3/23/2023 11:43:26 AM,18.13
10442,3/23/2023 11:44:06 AM,17.50
10442,3/23/2023 11:44:10 AM,18.13
10442,3/23/2023 11:44:34 AM,17.50
10442,3/23/2023 11:44:38 AM,18.13
10442,3/23/2023 11:45:14 AM,17.50
10442,3/23/2023 11:45:18 AM,18.13
10442,3/23/2023 11:45:42 AM,17.50
10442,3/23/2023 11:45:46 AM,18.13
10442,3/23/2023 11:45:50 AM,17.50
10442,3/23/2023 11:46:02 AM,18.13
10442,3/23/2023 11:46:26 AM,17.50
10442,3/23/2023 11:46:54 AM,18.13
10442,3/23/2023 11:48:02 AM,17.50
10442,3/23/2023 11:48:06 AM,18.13
10442,3/23/2023 11:48:18 AM,17.50
10442,3/23/2023 11:48:30 AM,18.13
10442,3/23/2023 11:49:06 AM,17.50
10442,3/23/2023 11:49:10 AM,18.13
10442,3/23/2023 11:49:14 AM,17.50
10442,3/23/2023 11:49:18 AM,18.13
10442,3/23/2023 11:49:38 AM,17.50
10442,3/23/2023 11:49:42 AM,18.13
10442,3/23/2023 11:49:50 AM,17.50
10442,3/23/2023 11:49:58 AM,18.13
10442,3/23/2023 11:50:06 AM,17.50
10442,3/23/2023 11:50:10 AM,18.13
10442,3/23/2023 11:50:26 AM,17.50
10442,3/23/2023 11:50:30 AM,18.13
10442,3/23/2023 11:51:02 AM,17.50
10442,3/23/2023 11:51:06 AM,18.13
10442,3/23/2023 11:51:18 AM,17.50
10442,3/23/2023 11:51:22 AM,18.13
10442,3/23/2023 11:54:06 AM,17.50
10442,3/23/2023 11:54:42 AM,18.13
10442,3/23/2023 11:54:50 AM,17.50
10442,3/23/2023 11:55:58 AM,18.13
10442,3/23/2023 11:56:02 AM,17.50
10442,3/23/2023 11:56:26 AM,18.13
10442,3/23/2023 11:56:30 AM,17.50
10442,3/23/2023 12:06:26 PM,18.13
10442,3/23/2023 12:06:30 PM,17.50
10442,3/23/2023 12:07:34 PM,16.88
10442,3/23/2023 12:07:38 PM,17.50
10442,3/23/2023 12:08:10 PM,18.13
10442,3/23/2023 12:08:14 PM,17.50
10442,3/23/2023 12:11:42 PM,18.13
10442,3/23/2023 12:12:14 PM,17.50
10442,3/23/2023 12:12:30 PM,18.13
10442,3/23/2023 12:12:34 PM,17.50
10442,3/23/2023 12:22:02 PM,18.13
10442,3/23/2023 12:22:06 PM,17.50
10442,3/23/2023 12:22:18 PM,18.13
10442,3/23/2023 12:22:26 PM,17.50
10442,3/23/2023 12:22:34 PM,18.13
10442,3/23/2023 12:22:46 PM,17.50
10442,3/23/2023 12:22:54 PM,18.13
10442,3/23/2023 12:22:58 PM,17.50
10442,3/23/2023 12:23:22 PM,18.13
10442,3/23/2023 12:26:46 PM,17.50
10442,3/23/2023 12:27:10 PM,18.13
10442,3/23/2023 12:27:18 PM,17.50
10442,3/23/2023 12:27:26 PM,18.13
10442,3/23/2023 12:27:34 PM,17.50
10442,3/23/2023 12:27:46 PM,18.13
10442,3/23/2023 12:28:06 PM,17.50
10442,3/23/2023 12:28:14 PM,18.13
10442,3/23/2023 12:29:34 PM,17.50
10442,3/23/2023 12:29:38 PM,18.13
10442,3/23/2023 12:30:14 PM,17.50
10442,3/23/2023 12:30:18 PM,18.13
10442,3/23/2023 12:30:38 PM,17.50
10442,3/23/2023 12:30:42 PM,18.13
10442,3/23/2023 12:30:46 PM,17.50
10442,3/23/2023 12:31:42 PM,18.13
10442,3/23/2023 12:31:54 PM,17.50
10442,3/23/2023 12:31:58 PM,18.13
10442,3/23/2023 12:32:06 PM,17.50
10442,3/23/2023 12:32:22 PM,18.13
10442,3/23/2023 12:32:42 PM,17.50
10442,3/23/2023 12:32:46 PM,18.13
10442,3/23/2023 12:33:02 PM,17.50
10442,3/23/2023 12:33:14 PM,18.13
10442,3/23/2023 12:34:26 PM,17.50
10442,3/23/2023 12:34:30 PM,18.13
10442,3/23/2023 12:36:30 PM,17.50
10442,3/23/2023 12:36:46 PM,18.13
10442,3/23/2023 12:37:06 PM,17.50
10442,3/23/2023 12:37:10 PM,18.13
10442,3/23/2023 12:37:30 PM,17.50
10442,3/23/2023 12:37:34 PM,18.13
10442,3/23/2023 12:37:58 PM,17.50
10442,3/23/2023 12:38:02 PM,18.13
10442,3/23/2023 12:38:10 PM,17.50
10442,3/23/2023 12:38:14 PM,18.13
10442,3/23/2023 12:40:02 PM,17.50
10442,3/23/2023 12:40:06 PM,18.13
10442,3/23/2023 12:42:34 PM,17.50
10442,3/23/2023 12:42:38 PM,18.13
10442,3/23/2023 12:47:26 PM,17.50
10442,3/23/2023 12:47:30 PM,18.13
10442,3/23/2023 12:48:10 PM,17.50
10442,3/23/2023 12:48:26 PM,18.13
10442,3/23/2023 12:50:14 PM,17.50
10442,3/23/2023 12:50:18 PM,18.13
10442,3/23/2023 12:52:26 PM,17.50
10442,3/23/2023 12:52:30 PM,18.13
10442,3/23/2023 12:54:46 PM,17.50
10442,3/23/2023 12:54:50 PM,18.13
10442,3/23/2023 12:55:02 PM,17.50
10442,3/23/2023 12:55:06 PM,18.13
10442,3/23/2023 12:55:30 PM,17.50
10442,3/23/2023 12:55:34 PM,18.13
10442,3/23/2023 12:56:22 PM,17.50
10442,3/23/2023 12:56:30 PM,18.13
10442,3/23/2023 12:57:58 PM,17.50
10442,3/23/2023 12:58:18 PM,18.13
10442,3/23/2023 12:58:46 PM,17.50
10442,3/23/2023 1:01:50 PM,18.13
10442,3/23/2023 1:01:54 PM,17.50
10442,3/23/2023 1:02:10 PM,18.13
10442,3/23/2023 1:02:14 PM,17.50
10442,3/23/2023 1:02:26 PM,18.13
10442,3/23/2023 1:02:38 PM,17.50
10442,3/23/2023 1:02:50 PM,18.13
10442,3/23/2023 1:03:14 PM,17.50
10442,3/23/2023 1:04:34 PM,18.13
10442,3/23/2023 1:04:54 PM,17.50
10442,3/23/2023 1:04:58 PM,18.13
10442,3/23/2023 1:06:18 PM,17.50
10442,3/23/2023 1:06:22 PM,18.13
10442,3/23/2023 1:10:30 PM,17.50
10442,3/23/2023 1:10:34 PM,18.13
10442,3/23/2023 1:11:14 PM,18.75
10442,3/23/2023 1:11:18 PM,18.13
10442,3/23/2023 1:11:42 PM,17.50
10442,3/23/2023 1:11:46 PM,18.13
10442,3/23/2023 1:16:02 PM,17.50
10442,3/23/2023 1:16:06 PM,18.13
10442,3/23/2023 1:18:34 PM,17.50
10442,3/23/2023 1:18:38 PM,18.13
10442,3/23/2023 1:19:14 PM,17.50
10442,3/23/2023 1:19:18 PM,18.13
10442,3/23/2023 1:20:26 PM,17.50
10442,3/23/2023 1:20:34 PM,18.13
10442,3/23/2023 1:21:10 PM,17.50
10442,3/23/2023 1:21:14 PM,18.13
10442,3/23/2023 1:27:40 PM,17.50
10442,3/23/2023 1:27:44 PM,18.13
10442,3/23/2023 1:27:48 PM,17.50
10442,3/23/2023 1:27:52 PM,18.13
10442,3/23/2023 1:30:46 PM,17.50
10442,3/23/2023 1:30:54 PM,18.13
10442,3/23/2023 1:30:58 PM,17.50
10442,3/23/2023 1:31:02 PM,18.13
10442,3/23/2023 1:33:26 PM,17.50
10442,3/23/2023 1:33:30 PM,18.13
10442,3/23/2023 1:34:14 PM,17.50
10442,3/23/2023 1:34:18 PM,18.13
10442,3/23/2023 1:36:14 PM,17.50
10442,3/23/2023 1:36:18 PM,18.13
10442,3/23/2023 1:36:46 PM,17.50
10442,3/23/2023 1:36:54 PM,18.13
10442,3/23/2023 1:37:02 PM,17.50
10442,3/23/2023 1:37:06 PM,18.13
10442,3/23/2023 1:37:26 PM,17.50
10442,3/23/2023 1:37:34 PM,18.13
10442,3/23/2023 1:37:42 PM,17.50
10442,3/23/2023 1:38:02 PM,18.13
10442,3/23/2023 1:38:06 PM,17.50
10442,3/23/2023 1:38:10 PM,18.13
10442,3/23/2023 1:38:46 PM,17.50
10442,3/23/2023 1:38:54 PM,18.13
10442,3/23/2023 1:40:54 PM,17.50
10442,3/23/2023 1:41:06 PM,18.13
10442,3/23/2023 1:41:26 PM,18.75
10442,3/23/2023 1:42:10 PM,18.13
10442,3/23/2023 1:42:18 PM,18.75
10442,3/23/2023 1:43:18 PM,18.13
10442,3/23/2023 1:52:22 PM,17.50
10442,3/23/2023 1:52:26 PM,18.13
10442,3/23/2023 1:52:50 PM,17.50
10442,3/23/2023 1:53:06 PM,18.13
10442,3/23/2023 1:53:18 PM,17.50
10442,3/23/2023 1:53:22 PM,18.13
10442,3/23/2023 1:53:26 PM,17.50
10442,3/23/2023 1:53:30 PM,18.13
10442,3/23/2023 1:53:34 PM,17.50
10442,3/23/2023 1:53:38 PM,18.13
10442,3/23/2023 1:53:46 PM,17.50
10442,3/23/2023 1:53:50 PM,18.13
10442,3/23/2023 1:53:58 PM,17.50
10442,3/23/2023 1:54:06 PM,18.13
10442,3/23/2023 1:54:10 PM,17.50
10442,3/23/2023 1:56:14 PM,18.13
10442,3/23/2023 1:56:34 PM,17.50
10442,3/23/2023 1:56:38 PM,18.13
10442,3/23/2023 1:59:10 PM,17.50
10442,3/23/2023 1:59:14 PM,18.13
10442,3/23/2023 1:59:22 PM,17.50
10442,3/23/2023 1:59:26 PM,18.13
10442,3/23/2023 1:59:30 PM,17.50
10442,3/23/2023 1:59:46 PM,18.13
10442,3/23/2023 1:59:50 PM,17.50
10442,3/23/2023 1:59:54 PM,18.13
10442,3/23/2023 2:00:26 PM,17.50
10442,3/23/2023 2:00:34 PM,18.13
10442,3/23/2023 2:00:46 PM,17.50
10442,3/23/2023 2:01:10 PM,18.13
10442,3/23/2023 2:01:22 PM,17.50
10442,3/23/2023 2:03:30 PM,18.13
10442,3/23/2023 2:03:34 PM,17.50
10442,3/23/2023 2:04:38 PM,18.13
10442,3/23/2023 2:04:50 PM,17.50
10442,3/23/2023 2:04:54 PM,18.13
10442,3/23/2023 2:06:18 PM,17.50
10442,3/23/2023 2:06:50 PM,18.13
10442,3/23/2023 2:08:50 PM,17.50
10442,3/23/2023 2:09:26 PM,18.13
10442,3/23/2023 2:09:50 PM,17.50
10442,3/23/2023 2:11:58 PM,18.13
10442,3/23/2023 2:12:06 PM,17.50
10442,3/23/2023 2:12:18 PM,18.75
10442,3/23/2023 2:12:22 PM,17.50
10442,3/23/2023 2:12:34 PM,18.13
10442,3/23/2023 2:12:46 PM,17.50
10442,3/23/2023 2:12:50 PM,18.13
10442,3/23/2023 2:12:54 PM,17.50
10442,3/23/2023 2:13:42 PM,18.13
10442,3/23/2023 2:14:54 PM,17.50
10442,3/23/2023 2:19:26 PM,18.13
10442,3/23/2023 2:20:50 PM,17.50
10442,3/23/2023 2:23:58 PM,18.13
10442,3/23/2023 2:24:06 PM,17.50
10442,3/23/2023 2:24:54 PM,18.13
10442,3/23/2023 2:24:58 PM,17.50
10442,3/23/2023 2:27:14 PM,18.13
10442,3/23/2023 2:28:02 PM,17.50
10442,3/23/2023 2:28:18 PM,18.13
10442,3/23/2023 2:29:42 PM,17.50
10442,3/23/2023 2:29:46 PM,18.13
10442,3/23/2023 2:30:14 PM,17.50
10442,3/23/2023 2:30:50 PM,18.13
10442,3/23/2023 2:31:02 PM,17.50
10442,3/23/2023 2:31:26 PM,18.13
10442,3/23/2023 2:31:30 PM,17.50
10442,3/23/2023 2:31:38 PM,18.13
10442,3/23/2023 2:31:46 PM,17.50
10442,3/23/2023 2:31:50 PM,18.13
10442,3/23/2023 2:32:50 PM,17.50
10442,3/23/2023 2:32:54 PM,18.13
10442,3/23/2023 2:33:06 PM,17.50
10442,3/23/2023 2:33:10 PM,18.13
10442,3/23/2023 2:33:38 PM,17.50
10442,3/23/2023 2:33:42 PM,18.13
10442,3/23/2023 2:34:22 PM,17.50
10442,3/23/2023 2:35:30 PM,16.88
10442,3/23/2023 2:35:38 PM,17.50
10442,3/23/2023 2:35:50 PM,16.88
10442,3/23/2023 2:35:54 PM,17.50
10442,3/23/2023 2:36:18 PM,16.88
10442,3/23/2023 2:36:26 PM,17.50
10442,3/23/2023 2:36:46 PM,16.88
10442,3/23/2023 2:36:58 PM,17.50
10442,3/23/2023 2:38:18 PM,16.88
10442,3/23/2023 2:38:22 PM,17.50
10442,3/23/2023 2:38:26 PM,16.88
10442,3/23/2023 2:38:30 PM,17.50
10442,3/23/2023 2:38:42 PM,16.88
10442,3/23/2023 2:39:06 PM,17.50
10442,3/23/2023 2:39:18 PM,16.88
10442,3/23/2023 2:39:50 PM,17.50
10442,3/23/2023 2:39:54 PM,16.88
10442,3/23/2023 2:40:22 PM,17.50
10442,3/23/2023 2:40:26 PM,16.88
10442,3/23/2023 2:41:06 PM,17.50
10442,3/23/2023 2:41:18 PM,16.88
10442,3/23/2023 2:41:22 PM,17.50
10442,3/23/2023 2:41:58 PM,16.88
10442,3/23/2023 2:43:18 PM,17.50
10442,3/23/2023 2:43:22 PM,16.88
10442,3/23/2023 2:43:50 PM,17.50
10442,3/23/2023 2:43:54 PM,16.88
10442,3/23/2023 2:43:58 PM,17.50
10442,3/23/2023 2:44:22 PM,16.88
10442,3/23/2023 2:44:30 PM,17.50
10442,3/23/2023 2:44:46 PM,16.88
10442,3/23/2023 2:45:26 PM,17.50
10442,3/23/2023 2:45:58 PM,18.13
10442,3/23/2023 2:46:02 PM,17.50
10442,3/23/2023 2:47:06 PM,16.88
10442,3/23/2023 2:49:18 PM,17.50
10442,3/23/2023 2:49:58 PM,16.88
10442,3/23/2023 2:50:38 PM,17.50
10442,3/23/2023 2:50:46 PM,16.88
10442,3/23/2023 2:53:18 PM,17.50
10442,3/23/2023 2:55:46 PM,16.88
10442,3/23/2023 2:55:50 PM,17.50
10442,3/23/2023 2:57:10 PM,18.13
10442,3/23/2023 2:57:22 PM,17.50
10442,3/23/2023 2:57:26 PM,18.13
10442,3/23/2023 2:57:50 PM,17.50
10442,3/23/2023 2:58:10 PM,18.13
10442,3/23/2023 2:58:30 PM,17.50
10442,3/23/2023 2:58:50 PM,18.13
10442,3/23/2023 3:01:14 PM,17.50
10442,3/23/2023 3:02:14 PM,18.13
10442,3/23/2023 3:08:46 PM,18.75
10442,3/23/2023 3:09:58 PM,18.13
10442,3/23/2023 3:10:02 PM,18.75
10442,3/23/2023 3:10:30 PM,18.13
10442,3/23/2023 3:10:58 PM,18.75
10442,3/23/2023 3:11:02 PM,18.13
10442,3/23/2023 3:11:06 PM,18.75
10442,3/23/2023 3:11:10 PM,18.13
10442,3/23/2023 3:11:18 PM,18.75
10442,3/23/2023 3:11:26 PM,18.13
10442,3/23/2023 3:12:14 PM,18.75
10442,3/23/2023 3:12:18 PM,18.13
10442,3/23/2023 3:12:22 PM,18.75
10442,3/23/2023 3:12:30 PM,18.13
10442,3/23/2023 3:12:38 PM,18.75
10442,3/23/2023 3:12:46 PM,18.13
10442,3/23/2023 3:12:54 PM,18.75
10442,3/23/2023 3:12:58 PM,18.13
10442,3/23/2023 3:13:10 PM,18.75
10442,3/23/2023 3:15:14 PM,18.13
10442,3/23/2023 3:15:22 PM,18.75
10442,3/23/2023 3:15:26 PM,18.13
10442,3/23/2023 3:15:38 PM,18.75
10442,3/23/2023 3:17:30 PM,18.13
10442,3/23/2023 3:17:38 PM,18.75
10442,3/23/2023 3:17:42 PM,18.13
10442,3/23/2023 3:17:46 PM,18.75
10442,3/23/2023 3:17:50 PM,18.13
10442,3/23/2023 3:27:26 PM,18.75
10442,3/23/2023 3:27:30 PM,18.13
10442,3/23/2023 3:28:22 PM,18.75
10442,3/23/2023 3:28:26 PM,18.13
10442,3/23/2023 3:28:42 PM,18.75
10442,3/23/2023 3:28:46 PM,18.13
10442,3/23/2023 3:29:50 PM,18.75
10442,3/23/2023 3:30:26 PM,18.13
10442,3/23/2023 3:30:34 PM,18.75
10442,3/23/2023 3:34:06 PM,18.13
10442,3/23/2023 3:34:10 PM,18.75
10442,3/23/2023 3:37:02 PM,19.38
10442,3/23/2023 3:37:10 PM,18.75
10442,3/23/2023 3:45:46 PM,18.13
10442,3/23/2023 3:46:02 PM,18.75
10442,3/23/2023 3:52:02 PM,18.13
10442,3/23/2023 3:52:54 PM,18.75
10442,3/23/2023 3:53:10 PM,18.13
10442,3/23/2023 3:53:50 PM,18.75
10442,3/23/2023 3:54:34 PM,18.13
10442,3/23/2023 3:55:14 PM,18.75
10442,3/23/2023 3:56:46 PM,18.13
10442,3/23/2023 3:56:50 PM,18.75
10442,3/23/2023 3:57:46 PM,18.13
10442,3/23/2023 3:58:50 PM,18.75
10442,3/23/2023 3:58:54 PM,18.13
10442,3/23/2023 3:58:58 PM,18.75
10442,3/23/2023 3:59:02 PM,18.13
10442,3/23/2023 4:01:38 PM,18.75
10442,3/23/2023 4:01:42 PM,18.13
10442,3/23/2023 4:01:50 PM,18.75
10442,3/23/2023 4:01:54 PM,18.13
10442,3/23/2023 4:09:22 PM,17.50
10442,3/23/2023 4:09:26 PM,18.13
10442,3/23/2023 4:12:02 PM,17.50
10442,3/23/2023 4:12:10 PM,18.13
10442,3/23/2023 4:15:54 PM,17.50
10442,3/23/2023 4:16:18 PM,18.13
10442,3/23/2023 4:17:38 PM,18.75
10442,3/23/2023 4:17:42 PM,18.13
10442,3/23/2023 4:23:58 PM,17.50
10442,3/23/2023 4:24:02 PM,16.25
10442,3/23/2023 4:24:06 PM,18.13
10442,3/23/2023 4:24:10 PM,17.50
10442,3/23/2023 4:24:14 PM,18.13
10442,3/23/2023 4:32:14 PM,17.50
10442,3/23/2023 4:32:18 PM,18.13
10442,3/23/2023 4:34:38 PM,17.50
10442,3/23/2023 4:34:42 PM,18.13
10442,3/23/2023 4:35:58 PM,17.50
10442,3/23/2023 4:36:10 PM,18.13
10442,3/23/2023 4:38:06 PM,17.50
10442,3/23/2023 4:38:14 PM,18.13
10442,3/23/2023 4:38:42 PM,17.50
10442,3/23/2023 4:38:46 PM,18.13
10442,3/23/2023 4:38:50 PM,17.50
10442,3/23/2023 4:38:54 PM,18.13
10442,3/23/2023 4:42:02 PM,18.75
10442,3/23/2023 4:42:06 PM,18.13
10442,3/23/2023 4:46:34 PM,17.50
10442,3/23/2023 4:46:38 PM,18.13
10442,3/23/2023 4:51:24 PM,18.75
10442,3/23/2023 4:51:32 PM,18.13
10442,3/23/2023 4:52:30 PM,17.50
10442,3/23/2023 4:53:38 PM,18.13
10442,3/23/2023 4:54:22 PM,17.50
10442,3/23/2023 4:56:14 PM,18.13
10442,3/23/2023 4:56:18 PM,17.50
10442,3/23/2023 4:59:02 PM,18.13
10442,3/23/2023 4:59:06 PM,17.50
10442,3/23/2023 4:59:10 PM,18.13
10442,3/23/2023 4:59:18 PM,17.50
10442,3/23/2023 4:59:22 PM,18.13
10442,3/23/2023 4:59:26 PM,17.50
10442,3/23/2023 4:59:34 PM,18.13
10442,3/23/2023 4:59:38 PM,17.50
10442,3/23/2023 4:59:54 PM,18.13
10442,3/23/2023 5:00:06 PM,17.50
10442,3/23/2023 5:00:14 PM,18.13
10442,3/23/2023 5:00:34 PM,17.50
10442,3/23/2023 5:00:46 PM,18.13
10442,3/23/2023 5:02:34 PM,18.75
10442,3/23/2023 5:02:54 PM,18.13
10442,3/23/2023 5:05:18 PM,18.75
10442,3/23/2023 5:05:46 PM,18.13
10442,3/23/2023 5:10:26 PM,18.75
10442,3/23/2023 5:10:30 PM,18.13
10442,3/23/2023 5:10:38 PM,18.75
10442,3/23/2023 5:10:46 PM,18.13
10442,3/23/2023 5:11:02 PM,18.75
10442,3/23/2023 5:11:10 PM,18.13
10442,3/23/2023 5:11:30 PM,18.75
10442,3/23/2023 5:11:34 PM,18.13
10442,3/23/2023 5:12:02 PM,17.50
10442,3/23/2023 5:12:06 PM,18.13
10442,3/23/2023 5:12:26 PM,18.75
10442,3/23/2023 5:12:30 PM,18.13
10442,3/23/2023 5:12:34 PM,18.75
10442,3/23/2023 5:14:02 PM,19.38
10442,3/23/2023 5:14:18 PM,18.75
10442,3/23/2023 5:15:58 PM,19.38
10442,3/23/2023 5:16:02 PM,18.75
10442,3/23/2023 5:16:18 PM,19.38
10442,3/23/2023 5:16:22 PM,18.75
10442,3/23/2023 5:16:34 PM,19.38
10442,3/23/2023 5:16:42 PM,18.75
10442,3/23/2023 5:16:46 PM,19.38
10442,3/23/2023 5:16:54 PM,18.75
10442,3/23/2023 5:17:34 PM,18.13
10442,3/23/2023 5:18:02 PM,18.75
10442,3/23/2023 5:19:30 PM,18.13
10442,3/23/2023 5:20:42 PM,17.50
10442,3/23/2023 5:21:14 PM,18.13
10442,3/23/2023 5:21:18 PM,17.50
10442,3/23/2023 5:21:34 PM,18.13
10442,3/23/2023 5:21:38 PM,17.50
10442,3/23/2023 5:23:46 PM,16.88
10442,3/23/2023 5:25:22 PM,16.25
10442,3/23/2023 5:29:14 PM,16.88
10442,3/23/2023 5:29:18 PM,16.25
10442,3/23/2023 5:29:22 PM,16.88
10442,3/23/2023 5:30:14 PM,17.50
10442,3/23/2023 5:32:02 PM,18.13
10442,3/23/2023 5:32:54 PM,18.75
10442,3/23/2023 5:33:42 PM,18.13
10442,3/23/2023 5:33:50 PM,18.75
10442,3/23/2023 5:33:54 PM,18.13
10442,3/23/2023 5:34:42 PM,18.75
10442,3/23/2023 5:35:02 PM,18.13
10442,3/23/2023 5:35:06 PM,18.75
10442,3/23/2023 5:35:14 PM,18.13
10442,3/23/2023 5:35:18 PM,18.75
10442,3/23/2023 5:35:22 PM,18.13
10442,3/23/2023 5:35:34 PM,18.75
10442,3/23/2023 5:35:54 PM,18.13
10442,3/23/2023 5:36:30 PM,18.75
10442,3/23/2023 5:38:18 PM,18.13
10442,3/23/2023 5:38:54 PM,18.75
10442,3/23/2023 5:38:58 PM,18.13
10442,3/23/2023 5:39:22 PM,18.75
10442,3/23/2023 5:39:26 PM,18.13
10442,3/23/2023 5:41:22 PM,17.50
10442,3/23/2023 5:42:38 PM,16.88
10442,3/23/2023 5:46:14 PM,17.50
10442,3/23/2023 5:46:38 PM,16.88
10442,3/23/2023 5:46:58 PM,17.50
10442,3/23/2023 5:47:02 PM,16.88
10442,3/23/2023 5:47:10 PM,17.50
10442,3/23/2023 5:47:14 PM,16.88
10442,3/23/2023 5:47:22 PM,17.50
10442,3/23/2023 5:47:26 PM,16.88
10442,3/23/2023 5:47:30 PM,17.50
10442,3/23/2023 5:47:34 PM,16.88
10442,3/23/2023 5:49:14 PM,17.50
10442,3/23/2023 5:50:18 PM,16.88
10442,3/23/2023 5:50:54 PM,17.50
10442,3/23/2023 5:56:26 PM,18.13
10442,3/23/2023 5:59:10 PM,18.75
10442,3/23/2023 5:59:22 PM,18.13
10442,3/23/2023 6:00:10 PM,18.75
10442,3/23/2023 6:00:14 PM,18.13
10442,3/23/2023 6:00:22 PM,18.75
10442,3/23/2023 6:00:26 PM,18.13
10442,3/23/2023 6:00:38 PM,18.75
10442,3/23/2023 6:00:42 PM,19.38
10442,3/23/2023 6:00:46 PM,18.75
10442,3/23/2023 6:01:02 PM,18.13
10442,3/23/2023 6:01:34 PM,18.75
10442,3/23/2023 6:01:38 PM,18.13
10442,3/23/2023 6:02:58 PM,18.75
10442,3/23/2023 6:03:02 PM,18.13
10442,3/23/2023 6:03:06 PM,18.75
10442,3/23/2023 6:03:14 PM,18.13
10442,3/23/2023 6:04:26 PM,18.75
10442,3/23/2023 6:05:02 PM,18.13
10442,3/23/2023 6:07:06 PM,18.75
10442,3/23/2023 6:14:10 PM,18.13
10442,3/23/2023 6:22:22 PM,18.75
10442,3/23/2023 6:22:26 PM,18.13
10442,3/23/2023 6:24:06 PM,18.75
10442,3/23/2023 6:24:10 PM,18.13
10442,3/23/2023 6:26:26 PM,17.50
10442,3/23/2023 6:26:30 PM,18.13
10442,3/23/2023 6:26:34 PM,17.50
10442,3/23/2023 6:26:42 PM,18.13
10442,3/23/2023 6:34:02 PM,18.75
10442,3/23/2023 6:34:06 PM,18.13
10442,3/23/2023 6:34:30 PM,18.75
10442,3/23/2023 6:34:34 PM,18.13
10442,3/23/2023 6:34:46 PM,18.75
10442,3/23/2023 6:34:50 PM,18.13
10442,3/23/2023 6:35:18 PM,18.75
10442,3/23/2023 6:35:22 PM,18.13
10442,3/23/2023 6:41:34 PM,17.50
10442,3/23/2023 6:41:38 PM,18.13
10442,3/23/2023 6:41:46 PM,17.50
10442,3/23/2023 6:41:50 PM,18.13
10442,3/23/2023 6:42:06 PM,17.50
10442,3/23/2023 6:42:10 PM,18.13
10442,3/23/2023 6:42:18 PM,17.50
10442,3/23/2023 6:43:50 PM,18.13
10442,3/23/2023 6:43:54 PM,17.50
10442,3/23/2023 6:44:10 PM,18.13
10442,3/23/2023 6:44:14 PM,17.50
10442,3/23/2023 6:44:38 PM,18.13
10442,3/23/2023 6:47:10 PM,17.50
10442,3/23/2023 6:47:18 PM,18.13
10442,3/23/2023 6:48:22 PM,17.50
10442,3/23/2023 6:48:26 PM,18.13
10442,3/23/2023 6:50:54 PM,17.50
10442,3/23/2023 6:51:30 PM,18.13
10442,3/23/2023 6:56:42 PM,18.75
10442,3/23/2023 6:56:46 PM,18.13
10442,3/23/2023 6:56:50 PM,18.75
10442,3/23/2023 6:58:26 PM,18.13
10442,3/23/2023 6:58:30 PM,18.75
10442,3/23/2023 7:00:54 PM,18.13
10442,3/23/2023 7:00:58 PM,18.75
10442,3/23/2023 7:01:06 PM,18.13
10442,3/23/2023 7:01:10 PM,18.75
10442,3/23/2023 7:01:14 PM,18.13
10442,3/23/2023 7:01:22 PM,18.75
10442,3/23/2023 7:01:26 PM,18.13
10442,3/23/2023 7:04:38 PM,17.50
10442,3/23/2023 7:04:42 PM,18.13
10442,3/23/2023 7:05:38 PM,17.50
10442,3/23/2023 7:05:42 PM,18.13
10442,3/23/2023 7:05:46 PM,17.50
10442,3/23/2023 7:05:50 PM,18.13
10442,3/23/2023 7:06:26 PM,17.50
10442,3/23/2023 7:06:54 PM,18.13
10442,3/23/2023 7:06:58 PM,17.50
10442,3/23/2023 7:07:54 PM,18.13
10442,3/23/2023 7:07:58 PM,17.50
10442,3/23/2023 7:08:02 PM,18.13
10442,3/23/2023 7:08:06 PM,17.50
10442,3/23/2023 7:09:30 PM,16.88
10442,3/23/2023 7:12:50 PM,17.50
10442,3/23/2023 7:13:06 PM,16.88
10442,3/23/2023 7:13:10 PM,17.50
10442,3/23/2023 7:13:22 PM,16.88
10442,3/23/2023 7:13:26 PM,17.50
10442,3/23/2023 7:13:38 PM,16.88
10442,3/23/2023 7:14:06 PM,17.50
10442,3/23/2023 7:18:46 PM,18.13
10442,3/23/2023 7:22:34 PM,17.50
10442,3/23/2023 7:22:38 PM,18.13
10442,3/23/2023 7:22:46 PM,17.50
10442,3/23/2023 7:22:54 PM,18.13
10442,3/23/2023 7:22:58 PM,17.50
10442,3/23/2023 7:24:46 PM,16.88
10442,3/23/2023 7:26:10 PM,17.50
10442,3/23/2023 7:28:02 PM,16.88
10442,3/23/2023 7:28:06 PM,17.50
10442,3/23/2023 7:28:10 PM,16.88
10442,3/23/2023 7:28:14 PM,18.13
10442,3/23/2023 7:28:18 PM,17.50
10442,3/23/2023 7:28:34 PM,18.13
10442,3/23/2023 7:28:46 PM,17.50
10442,3/23/2023 7:32:54 PM,16.88
10442,3/23/2023 7:35:30 PM,17.50
10442,3/23/2023 7:35:34 PM,16.88
10442,3/23/2023 7:35:38 PM,17.50
10442,3/23/2023 7:35:58 PM,16.88
10442,3/23/2023 7:37:26 PM,16.25
10442,3/23/2023 7:37:38 PM,16.88
10442,3/23/2023 7:37:50 PM,16.25
10442,3/23/2023 7:38:10 PM,16.88
10442,3/23/2023 7:41:02 PM,17.50
10442,3/23/2023 7:41:58 PM,18.13
10442,3/23/2023 7:42:10 PM,17.50
10442,3/23/2023 7:42:14 PM,18.13
10442,3/23/2023 7:42:18 PM,17.50
10442,3/23/2023 7:42:22 PM,18.13
10442,3/23/2023 7:42:46 PM,17.50
10442,3/23/2023 7:43:02 PM,18.13
10442,3/23/2023 7:43:06 PM,17.50
10442,3/23/2023 7:44:18 PM,18.13
10442,3/23/2023 7:44:22 PM,17.50
10442,3/23/2023 7:44:26 PM,18.13
10442,3/23/2023 7:44:30 PM,17.50
10442,3/23/2023 7:45:02 PM,18.13
10442,3/23/2023 7:45:14 PM,17.50
10442,3/23/2023 7:46:26 PM,16.88
10442,3/23/2023 7:47:02 PM,17.50
10442,3/23/2023 7:48:34 PM,18.13
10442,3/23/2023 7:48:58 PM,17.50
10442,3/23/2023 7:49:02 PM,18.13
10442,3/23/2023 7:49:58 PM,18.75
10442,3/23/2023 7:50:02 PM,18.13
10442,3/23/2023 7:50:30 PM,17.50
10442,3/23/2023 7:50:46 PM,16.88
10442,3/23/2023 7:50:50 PM,17.50
10442,3/23/2023 7:51:14 PM,16.88
10442,3/23/2023 7:51:18 PM,17.50
10442,3/23/2023 7:51:22 PM,16.88
10442,3/23/2023 7:51:30 PM,17.50
10442,3/23/2023 7:52:42 PM,18.13
10442,3/23/2023 7:54:34 PM,18.75
10442,3/23/2023 7:55:30 PM,19.38
10442,3/23/2023 7:56:10 PM,20.00
10442,3/23/2023 7:59:22 PM,19.38
10442,3/23/2023 7:59:26 PM,20.00
10442,3/23/2023 8:01:42 PM,19.38
10442,3/23/2023 8:01:50 PM,20.00
10442,3/23/2023 8:02:50 PM,19.38
10442,3/23/2023 8:04:46 PM,18.75
10442,3/23/2023 8:05:50 PM,19.38
10442,3/23/2023 8:06:18 PM,18.75
10442,3/23/2023 8:06:22 PM,19.38
10442,3/23/2023 8:06:50 PM,18.75
10442,3/23/2023 8:08:46 PM,19.38
10442,3/23/2023 8:09:18 PM,18.75
10442,3/23/2023 8:09:46 PM,18.13
10442,3/23/2023 8:09:50 PM,18.75
10442,3/23/2023 8:10:10 PM,18.13
10442,3/23/2023 8:10:34 PM,18.75
10442,3/23/2023 8:10:38 PM,18.13
10442,3/23/2023 8:10:58 PM,18.75
10442,3/23/2023 8:11:06 PM,18.13
10442,3/23/2023 8:12:34 PM,17.50
10442,3/23/2023 8:15:30 PM,18.13
10442,3/23/2023 8:15:34 PM,17.50
10442,3/23/2023 8:15:42 PM,18.13
10442,3/23/2023 8:15:50 PM,17.50
10442,3/23/2023 8:16:22 PM,18.13
10442,3/23/2023 8:17:10 PM,17.50
10442,3/23/2023 8:17:14 PM,18.13
10442,3/23/2023 8:19:26 PM,17.50
10442,3/23/2023 8:19:54 PM,18.13
10442,3/23/2023 8:20:46 PM,17.50
10442,3/23/2023 8:21:02 PM,18.13
10442,3/23/2023 8:21:10 PM,17.50
10442,3/23/2023 8:21:14 PM,18.13
10442,3/23/2023 8:25:10 PM,17.50
10442,3/23/2023 8:25:14 PM,18.13
10442,3/23/2023 8:29:22 PM,17.50
10442,3/23/2023 8:29:30 PM,18.13
10442,3/23/2023 8:29:42 PM,17.50
10442,3/23/2023 8:29:46 PM,18.13
10442,3/23/2023 8:29:50 PM,17.50
10442,3/23/2023 8:29:54 PM,18.13
10442,3/23/2023 8:30:46 PM,17.50
10442,3/23/2023 8:33:14 PM,18.13
10442,3/23/2023 8:33:26 PM,17.50
10442,3/23/2023 8:34:46 PM,18.13
10442,3/23/2023 8:35:58 PM,17.50
10442,3/23/2023 8:40:30 PM,18.13
10442,3/23/2023 8:40:34 PM,17.50
10442,3/23/2023 8:40:58 PM,16.88
10442,3/23/2023 8:41:02 PM,17.50
10442,3/23/2023 8:41:10 PM,18.13
10442,3/23/2023 8:41:14 PM,17.50
10442,3/23/2023 8:41:38 PM,18.13
10442,3/23/2023 8:45:18 PM,18.75
10442,3/23/2023 8:45:50 PM,18.13
10442,3/23/2023 8:46:26 PM,18.75
10442,3/23/2023 8:48:50 PM,18.13
10442,3/23/2023 8:48:54 PM,18.75
10442,3/23/2023 8:49:18 PM,18.13
10442,3/23/2023 8:49:22 PM,18.75
10442,3/23/2023 8:54:02 PM,18.13
10442,3/23/2023 8:54:06 PM,18.75
10442,3/23/2023 8:57:38 PM,18.13
10442,3/23/2023 8:57:50 PM,18.75
10442,3/23/2023 8:57:58 PM,18.13
10442,3/23/2023 8:58:02 PM,18.75
10442,3/23/2023 8:59:46 PM,18.13
10442,3/23/2023 8:59:58 PM,18.75
10442,3/23/2023 9:00:02 PM,18.13
10442,3/23/2023 9:00:14 PM,18.75
10442,3/23/2023 9:00:18 PM,18.13
10442,3/23/2023 9:00:22 PM,18.75
10442,3/23/2023 9:00:26 PM,18.13
10442,3/23/2023 9:00:34 PM,18.75
10442,3/23/2023 9:03:22 PM,18.13
10442,3/23/2023 9:03:26 PM,18.75
10442,3/23/2023 9:03:54 PM,18.13
10442,3/23/2023 9:03:58 PM,18.75
10442,3/23/2023 9:04:34 PM,18.13
10442,3/23/2023 9:04:38 PM,18.75
10442,3/23/2023 9:04:50 PM,18.13
10442,3/23/2023 9:04:58 PM,18.75
10442,3/23/2023 9:05:22 PM,18.13
10442,3/23/2023 9:06:14 PM,18.75
10442,3/23/2023 9:06:18 PM,18.13
10442,3/23/2023 9:06:34 PM,18.75
10442,3/23/2023 9:06:38 PM,18.13
10442,3/23/2023 9:07:26 PM,18.75
10442,3/23/2023 9:07:34 PM,18.13
10442,3/23/2023 9:07:38 PM,18.75
10442,3/23/2023 9:07:46 PM,18.13
10442,3/23/2023 9:07:58 PM,18.75
10442,3/23/2023 9:08:02 PM,18.13
10442,3/23/2023 9:08:18 PM,18.75
10442,3/23/2023 9:08:22 PM,18.13
10442,3/23/2023 9:18:14 PM,17.50
10442,3/23/2023 9:18:22 PM,18.13
10442,3/23/2023 9:18:46 PM,17.50
10442,3/23/2023 9:18:50 PM,18.13
10442,3/23/2023 9:19:10 PM,17.50
10442,3/23/2023 9:19:18 PM,18.13
10442,3/23/2023 9:19:38 PM,17.50
10442,3/23/2023 9:19:42 PM,18.13
10442,3/23/2023 9:19:50 PM,17.50
10442,3/23/2023 9:19:54 PM,18.13
10442,3/23/2023 9:19:58 PM,17.50
10442,3/23/2023 9:20:02 PM,18.13
10442,3/23/2023 9:20:10 PM,17.50
10442,3/23/2023 9:20:14 PM,18.75
10442,3/23/2023 9:20:18 PM,17.50
10442,3/23/2023 9:20:22 PM,18.13
10442,3/23/2023 9:20:38 PM,17.50
10442,3/23/2023 9:20:42 PM,18.13
10442,3/23/2023 9:26:46 PM,18.75
10442,3/23/2023 9:26:50 PM,18.13
10442,3/23/2023 9:31:46 PM,17.50
10442,3/23/2023 9:31:58 PM,18.13
10442,3/23/2023 9:32:38 PM,17.50
10442,3/23/2023 9:32:46 PM,18.13
10442,3/23/2023 9:32:54 PM,17.50
10442,3/23/2023 9:36:26 PM,18.13
10442,3/23/2023 9:37:30 PM,17.50
10442,3/23/2023 9:40:34 PM,18.13
10442,3/23/2023 9:40:42 PM,17.50
10442,3/23/2023 9:40:46 PM,18.13
10442,3/23/2023 9:40:54 PM,17.50
10442,3/23/2023 9:42:38 PM,18.13
10442,3/23/2023 9:43:06 PM,17.50
10442,3/23/2023 9:43:26 PM,18.13
10442,3/23/2023 9:43:34 PM,17.50
10442,3/23/2023 9:43:38 PM,18.13
10442,3/23/2023 9:44:02 PM,17.50
10442,3/23/2023 9:44:30 PM,18.13
10442,3/23/2023 9:44:46 PM,17.50
10442,3/23/2023 9:44:54 PM,18.13
10442,3/23/2023 9:45:22 PM,17.50
10442,3/23/2023 9:45:26 PM,18.13
10442,3/23/2023 9:47:42 PM,17.50
10442,3/23/2023 9:47:54 PM,18.13
10442,3/23/2023 9:48:26 PM,17.50
10442,3/23/2023 9:48:30 PM,18.13
10442,3/23/2023 9:48:34 PM,17.50
10442,3/23/2023 9:48:38 PM,18.13
10442,3/23/2023 9:48:46 PM,17.50
10442,3/23/2023 9:48:50 PM,18.13
10442,3/23/2023 9:48:54 PM,17.50
10442,3/23/2023 9:52:54 PM,18.13
10442,3/23/2023 9:57:10 PM,17.50
10442,3/23/2023 9:57:14 PM,18.13
10442,3/23/2023 9:57:38 PM,17.50
10442,3/23/2023 9:57:46 PM,18.13
10442,3/23/2023 9:57:58 PM,17.50
10442,3/23/2023 9:58:06 PM,18.13
10442,3/23/2023 9:58:14 PM,17.50
10442,3/23/2023 9:58:18 PM,18.13
10442,3/23/2023 9:58:26 PM,17.50
10442,3/23/2023 9:58:30 PM,18.13
10442,3/23/2023 9:58:34 PM,17.50
10442,3/23/2023 9:58:42 PM,18.13
10442,3/23/2023 9:59:02 PM,17.50
10442,3/23/2023 9:59:06 PM,18.13
10442,3/23/2023 10:00:26 PM,17.50
10442,3/23/2023 10:00:30 PM,18.13
10442,3/23/2023 10:00:42 PM,17.50
10442,3/23/2023 10:00:46 PM,18.13
10442,3/23/2023 10:01:02 PM,17.50
10442,3/23/2023 10:01:10 PM,18.13
10442,3/23/2023 10:01:22 PM,17.50
10442,3/23/2023 10:03:54 PM,18.13
10442,3/23/2023 10:03:58 PM,17.50
10442,3/23/2023 10:04:06 PM,18.13
10442,3/23/2023 10:04:10 PM,17.50
10442,3/23/2023 10:04:14 PM,18.13
10442,3/23/2023 10:04:18 PM,17.50
10442,3/23/2023 10:04:22 PM,18.13
10442,3/23/2023 10:04:26 PM,17.50
10442,3/23/2023 10:04:34 PM,18.13
10442,3/23/2023 10:04:38 PM,17.50
10442,3/23/2023 10:04:46 PM,18.13
10442,3/23/2023 10:04:50 PM,17.50
10442,3/23/2023 10:06:46 PM,18.13
10442,3/23/2023 10:07:34 PM,17.50
10442,3/23/2023 10:07:38 PM,18.13
10442,3/23/2023 10:11:02 PM,18.75
10442,3/23/2023 10:11:10 PM,18.13
10442,3/23/2023 10:12:18 PM,18.75
10442,3/23/2023 10:12:22 PM,18.13
10442,3/23/2023 10:12:30 PM,18.75
10442,3/23/2023 10:12:38 PM,18.13
10442,3/23/2023 10:12:50 PM,18.75
10442,3/23/2023 10:14:50 PM,18.13
10442,3/23/2023 10:14:58 PM,18.75
10442,3/23/2023 10:15:38 PM,18.13
10442,3/23/2023 10:15:42 PM,18.75
10442,3/23/2023 10:15:46 PM,18.13
10442,3/23/2023 10:15:50 PM,18.75
10442,3/23/2023 10:15:58 PM,18.13
10442,3/23/2023 10:16:02 PM,18.75
10442,3/23/2023 10:16:10 PM,18.13
10442,3/23/2023 10:16:18 PM,18.75
10442,3/23/2023 10:27:02 PM,19.38
10442,3/23/2023 10:27:14 PM,18.75
10442,3/23/2023 10:37:14 PM,18.13
10442,3/23/2023 10:37:18 PM,18.75
10442,3/23/2023 10:37:34 PM,18.13
10442,3/23/2023 10:37:38 PM,18.75
10442,3/23/2023 10:38:02 PM,18.13
10442,3/23/2023 10:38:30 PM,18.75
10442,3/23/2023 10:38:50 PM,18.13
10442,3/23/2023 10:39:06 PM,18.75
10442,3/23/2023 10:39:14 PM,18.13
10442,3/23/2023 10:39:18 PM,18.75
10442,3/23/2023 10:39:22 PM,18.13
10442,3/23/2023 10:39:30 PM,18.75
10442,3/23/2023 10:39:34 PM,18.13
10442,3/23/2023 10:39:42 PM,18.75
10442,3/23/2023 10:41:50 PM,18.13
10442,3/23/2023 10:41:54 PM,18.75
10442,3/23/2023 10:42:58 PM,18.13
10442,3/23/2023 10:43:02 PM,18.75
10442,3/23/2023 10:43:06 PM,18.13
10442,3/23/2023 10:43:10 PM,18.75
10442,3/23/2023 10:43:14 PM,18.13
10442,3/23/2023 10:43:34 PM,18.75
10442,3/23/2023 10:43:50 PM,18.13
10442,3/23/2023 10:44:02 PM,18.75
10442,3/23/2023 10:44:34 PM,18.13
10442,3/23/2023 10:44:38 PM,18.75
10442,3/23/2023 10:45:50 PM,18.13
10442,3/23/2023 10:46:22 PM,18.75
10442,3/23/2023 10:46:26 PM,18.13
10442,3/23/2023 10:46:30 PM,18.75
10442,3/23/2023 10:46:34 PM,18.13
10442,3/23/2023 10:47:22 PM,18.75
10442,3/23/2023 10:47:30 PM,18.13
10442,3/23/2023 10:47:34 PM,18.75
10442,3/23/2023 10:47:38 PM,18.13
10442,3/23/2023 10:47:46 PM,18.75
10442,3/23/2023 10:47:50 PM,18.13
10442,3/23/2023 10:48:02 PM,18.75
10442,3/23/2023 10:48:18 PM,18.13
10442,3/23/2023 10:48:26 PM,18.75
10442,3/23/2023 10:48:46 PM,18.13
10442,3/23/2023 10:50:22 PM,18.75
10442,3/23/2023 10:52:14 PM,19.38
10442,3/23/2023 10:52:30 PM,18.75
10442,3/23/2023 10:53:22 PM,19.38
10442,3/23/2023 10:53:34 PM,18.75
10442,3/23/2023 10:54:22 PM,19.38
10442,3/23/2023 10:54:42 PM,20.00
10442,3/23/2023 10:54:50 PM,20.63
10442,3/23/2023 10:55:06 PM,20.00
10442,3/23/2023 10:55:10 PM,20.63
10442,3/23/2023 10:55:18 PM,20.00
10442,3/23/2023 10:55:34 PM,20.63
10442,3/23/2023 10:55:46 PM,20.00
10442,3/23/2023 10:55:54 PM,20.63
10442,3/23/2023 10:56:02 PM,21.25
10442,3/23/2023 10:56:06 PM,21.88
10442,3/23/2023 10:56:10 PM,22.50
10442,3/23/2023 10:56:18 PM,21.88
10442,3/23/2023 10:56:30 PM,21.25
10442,3/23/2023 10:56:34 PM,20.63
10442,3/23/2023 10:56:38 PM,20.00
10442,3/23/2023 10:56:50 PM,19.38
10442,3/23/2023 10:56:54 PM,20.63
10442,3/23/2023 10:56:58 PM,21.88
10442,3/23/2023 10:57:14 PM,22.50
10442,3/23/2023 10:57:18 PM,21.88
10442,3/23/2023 10:57:26 PM,22.50
10442,3/23/2023 10:57:34 PM,23.13
10442,3/23/2023 10:57:38 PM,22.50
10442,3/23/2023 10:57:42 PM,21.88
10442,3/23/2023 10:57:46 PM,20.63
10442,3/23/2023 10:57:50 PM,19.38
10442,3/23/2023 10:57:58 PM,20.00
10442,3/23/2023 10:58:02 PM,20.63
10442,3/23/2023 10:58:06 PM,21.25
10442,3/23/2023 10:58:10 PM,20.63
10442,3/23/2023 10:58:18 PM,21.25
10442,3/23/2023 10:58:26 PM,21.88
10442,3/23/2023 10:58:38 PM,21.25
10442,3/23/2023 10:58:42 PM,21.88
10442,3/23/2023 10:58:58 PM,21.25
10442,3/23/2023 10:59:18 PM,21.88
10442,3/23/2023 10:59:22 PM,21.25
10442,3/23/2023 10:59:42 PM,20.63
10442,3/23/2023 11:00:14 PM,20.00
10442,3/23/2023 11:00:54 PM,19.38
10442,3/23/2023 11:01:06 PM,20.00
10442,3/23/2023 11:01:10 PM,19.38
10442,3/23/2023 11:01:22 PM,20.00
10442,3/23/2023 11:01:30 PM,19.38
10442,3/23/2023 11:01:34 PM,20.00
10442,3/23/2023 11:01:46 PM,19.38
10442,3/23/2023 11:02:34 PM,18.75
10442,3/23/2023 11:02:50 PM,19.38
10442,3/23/2023 11:03:10 PM,18.75
10442,3/23/2023 11:03:22 PM,19.38
10442,3/23/2023 11:03:34 PM,18.75
10442,3/23/2023 11:04:46 PM,18.13
10442,3/23/2023 11:05:06 PM,18.75
10442,3/23/2023 11:05:14 PM,18.13
10442,3/23/2023 11:05:26 PM,18.75
10442,3/23/2023 11:05:54 PM,18.13
10442,3/23/2023 11:06:26 PM,17.50
10442,3/23/2023 11:06:30 PM,18.13
10442,3/23/2023 11:06:42 PM,17.50
10442,3/23/2023 11:06:54 PM,16.88
10442,3/23/2023 11:06:58 PM,17.50
10442,3/23/2023 11:07:14 PM,16.88
10442,3/23/2023 11:07:18 PM,17.50
10442,3/23/2023 11:07:26 PM,16.88
10442,3/23/2023 11:07:30 PM,17.50
10442,3/23/2023 11:07:34 PM,16.88
10442,3/23/2023 11:07:50 PM,17.50
10442,3/23/2023 11:07:58 PM,16.88
10442,3/23/2023 11:10:30 PM,16.25
10442,3/23/2023 11:10:38 PM,16.88
10442,3/23/2023 11:11:30 PM,16.25
10442,3/23/2023 11:11:34 PM,16.88
10442,3/23/2023 11:11:38 PM,16.25
10442,3/23/2023 11:11:42 PM,15.63
10442,3/23/2023 11:11:46 PM,16.25
10442,3/23/2023 11:12:02 PM,16.88
10442,3/23/2023 11:12:18 PM,17.50
10442,3/23/2023 11:12:22 PM,16.88
10442,3/23/2023 11:12:26 PM,17.50
10442,3/23/2023 11:12:50 PM,16.88
10442,3/23/2023 11:13:14 PM,17.50
10442,3/23/2023 11:14:22 PM,18.13
10442,3/23/2023 11:14:34 PM,17.50
10442,3/23/2023 11:14:46 PM,18.13
10442,3/23/2023 11:15:06 PM,17.50
10442,3/23/2023 11:15:46 PM,18.13
10442,3/23/2023 11:17:02 PM,17.50
10442,3/23/2023 11:17:34 PM,16.88
10442,3/23/2023 11:17:50 PM,17.50
10442,3/23/2023 11:18:06 PM,16.88
10442,3/23/2023 11:18:42 PM,17.50
10442,3/23/2023 11:19:10 PM,16.88
10442,3/23/2023 11:19:14 PM,17.50
10442,3/23/2023 11:19:58 PM,16.88
10442,3/23/2023 11:20:02 PM,16.25
10442,3/23/2023 11:20:10 PM,16.88
10442,3/23/2023 11:20:54 PM,17.50
10442,3/23/2023 11:20:58 PM,16.88
10442,3/23/2023 11:21:02 PM,17.50
10442,3/23/2023 11:21:06 PM,16.88
10442,3/23/2023 11:21:14 PM,17.50
10442,3/23/2023 11:21:26 PM,16.88
10442,3/23/2023 11:23:58 PM,16.25
10442,3/23/2023 11:24:02 PM,16.88
10442,3/23/2023 11:25:10 PM,17.50
10442,3/23/2023 11:25:26 PM,16.88
10442,3/23/2023 11:26:06 PM,17.50
10442,3/23/2023 11:26:14 PM,16.88
10442,3/23/2023 11:26:38 PM,17.50
10442,3/23/2023 11:26:42 PM,16.88
10442,3/23/2023 11:26:54 PM,17.50
10442,3/23/2023 11:27:06 PM,16.88
10442,3/23/2023 11:27:10 PM,17.50
10442,3/23/2023 11:27:14 PM,16.88
10442,3/23/2023 11:27:26 PM,17.50
10442,3/23/2023 11:28:10 PM,18.13
10442,3/23/2023 11:28:30 PM,18.75
10442,3/23/2023 11:28:38 PM,18.13
10442,3/23/2023 11:28:46 PM,18.75
10442,3/23/2023 11:28:50 PM,18.13
10442,3/23/2023 11:28:58 PM,18.75
10442,3/23/2023 11:29:46 PM,19.38
10442,3/23/2023 11:30:58 PM,20.00
10442,3/23/2023 11:31:02 PM,19.38
10442,3/23/2023 11:31:26 PM,20.00
10442,3/23/2023 11:31:30 PM,19.38
10442,3/23/2023 11:33:10 PM,20.00
10442,3/23/2023 11:33:50 PM,20.63
10442,3/23/2023 11:33:54 PM,20.00
10442,3/23/2023 11:34:30 PM,20.63
10442,3/23/2023 11:35:02 PM,21.25
10442,3/23/2023 11:36:10 PM,20.63
10442,3/23/2023 11:36:14 PM,21.25
10442,3/23/2023 11:36:34 PM,21.88
10442,3/23/2023 11:36:58 PM,22.50
10442,3/23/2023 11:37:26 PM,23.13
10442,3/23/2023 11:38:42 PM,23.75
10442,3/23/2023 11:41:06 PM,24.38
10442,3/23/2023 11:41:18 PM,23.75
10442,3/23/2023 11:42:06 PM,23.13
10442,3/23/2023 11:43:06 PM,23.75
10442,3/23/2023 11:43:10 PM,23.13
10442,3/23/2023 11:44:06 PM,22.50
10442,3/23/2023 11:44:18 PM,21.88
10442,3/23/2023 11:44:22 PM,22.50
10442,3/23/2023 11:45:02 PM,21.88
10442,3/23/2023 11:45:42 PM,21.25
10442,3/23/2023 11:45:58 PM,20.63
10442,3/23/2023 11:46:34 PM,20.00
10442,3/23/2023 11:47:30 PM,19.38
10442,3/23/2023 11:48:18 PM,18.75
10442,3/23/2023 11:49:34 PM,18.13
10442,3/23/2023 11:50:10 PM,17.50
10442,3/23/2023 11:50:14 PM,18.13
10442,3/23/2023 11:50:34 PM,17.50
10442,3/23/2023 11:50:42 PM,18.13
10442,3/23/2023 11:50:46 PM,17.50
10442,3/23/2023 11:50:50 PM,18.13
10442,3/23/2023 11:51:58 PM,17.50
10442,3/23/2023 11:52:14 PM,18.13
10442,3/23/2023 11:52:18 PM,17.50
10442,3/23/2023 11:53:38 PM,16.88
10442,3/23/2023 11:53:46 PM,17.50
10442,3/23/2023 11:55:06 PM,16.88
10442,3/23/2023 11:56:42 PM,17.50
10442,3/23/2023 11:57:26 PM,16.88
10442,3/23/2023 11:57:30 PM,17.50
10442,3/23/2023 11:57:50 PM,16.88
10442,3/23/2023 11:57:54 PM,17.50
10442,3/23/2023 11:58:10 PM,16.88
10442,3/23/2023 11:58:22 PM,17.50
10442,3/23/2023 11:58:30 PM,16.88
10442,3/23/2023 11:58:34 PM,17.50
10442,3/24/2023 12:06:02 AM,18.13
10442,3/24/2023 12:06:06 AM,17.50
10442,3/24/2023 12:07:26 AM,18.13
10442,3/24/2023 12:07:30 AM,17.50
10442,3/24/2023 12:07:38 AM,18.13
10442,3/24/2023 12:07:42 AM,17.50
10442,3/24/2023 12:08:06 AM,18.13
10442,3/24/2023 12:08:30 AM,17.50
10442,3/24/2023 12:08:34 AM,18.13
10442,3/24/2023 12:10:34 AM,17.50
10442,3/24/2023 12:10:38 AM,18.13
10442,3/24/2023 12:10:42 AM,17.50
10442,3/24/2023 12:10:46 AM,18.13
10442,3/24/2023 12:16:42 AM,18.75
10442,3/24/2023 12:16:54 AM,18.13
10442,3/24/2023 12:19:26 AM,18.75
10442,3/24/2023 12:20:58 AM,18.13
10442,3/24/2023 12:27:34 AM,18.75
10442,3/24/2023 12:27:38 AM,18.13
10442,3/24/2023 12:28:14 AM,18.75
10442,3/24/2023 12:28:22 AM,18.13
10442,3/24/2023 12:28:26 AM,18.75
10442,3/24/2023 12:31:46 AM,18.13
10442,3/24/2023 12:31:50 AM,18.75
10442,3/24/2023 12:31:58 AM,18.13
10442,3/24/2023 12:32:14 AM,18.75
10442,3/24/2023 12:32:54 AM,18.13
10442,3/24/2023 12:32:58 AM,18.75
10442,3/24/2023 12:43:58 AM,18.13
10442,3/24/2023 12:44:02 AM,18.75
10442,3/24/2023 12:46:18 AM,18.13
10442,3/24/2023 12:52:18 AM,18.75
10442,3/24/2023 12:52:22 AM,18.13
10442,3/24/2023 12:52:30 AM,18.75
10442,3/24/2023 12:52:46 AM,18.13
10442,3/24/2023 12:52:54 AM,18.75
10442,3/24/2023 12:54:06 AM,19.38
10442,3/24/2023 12:54:10 AM,18.75
10442,3/24/2023 12:54:26 AM,19.38
10442,3/24/2023 12:54:30 AM,18.75
10442,3/24/2023 12:56:50 AM,18.13
10442,3/24/2023 12:56:54 AM,18.75
10442,3/24/2023 12:57:02 AM,18.13
10442,3/24/2023 12:57:26 AM,18.75
10442,3/24/2023 1:02:42 AM,18.13
10442,3/24/2023 1:02:50 AM,18.75
10442,3/24/2023 1:03:18 AM,18.13
10442,3/24/2023 1:03:30 AM,18.75
10442,3/24/2023 1:03:34 AM,18.13
10442,3/24/2023 1:03:38 AM,18.75
10442,3/24/2023 1:03:50 AM,18.13
10442,3/24/2023 1:04:42 AM,18.75
10442,3/24/2023 1:04:50 AM,18.13
10442,3/24/2023 1:06:50 AM,17.50
10442,3/24/2023 1:06:54 AM,18.13
10442,3/24/2023 1:08:58 AM,18.75
10442,3/24/2023 1:11:02 AM,19.38
10442,3/24/2023 1:11:22 AM,18.75
10442,3/24/2023 1:11:34 AM,19.38
10442,3/24/2023 1:11:38 AM,18.75
10442,3/24/2023 1:11:42 AM,19.38
10442,3/24/2023 1:12:10 AM,18.75
10442,3/24/2023 1:13:22 AM,19.38
10442,3/24/2023 1:13:34 AM,18.75
10442,3/24/2023 1:25:54 AM,19.38
10442,3/24/2023 1:25:58 AM,18.75
10442,3/24/2023 1:30:14 AM,19.38
10442,3/24/2023 1:30:18 AM,18.75
10442,3/24/2023 1:31:30 AM,19.38
10442,3/24/2023 1:31:34 AM,18.75
10442,3/24/2023 1:31:38 AM,19.38
10442,3/24/2023 1:31:46 AM,18.75
10442,3/24/2023 1:31:58 AM,19.38
10442,3/24/2023 1:36:10 AM,18.75
10442,3/24/2023 1:36:14 AM,19.38
10442,3/24/2023 1:37:38 AM,18.75
10442,3/24/2023 1:38:02 AM,19.38
10442,3/24/2023 1:41:38 AM,18.75
10442,3/24/2023 1:41:42 AM,19.38
10442,3/24/2023 1:41:58 AM,18.75
10442,3/24/2023 1:43:10 AM,19.38
10442,3/24/2023 1:43:14 AM,18.75
10442,3/24/2023 1:43:18 AM,19.38
10442,3/24/2023 1:43:22 AM,18.75
10442,3/24/2023 1:43:26 AM,19.38
10442,3/24/2023 1:43:42 AM,18.75
10442,3/24/2023 1:58:02 AM,19.38
10442,3/24/2023 1:58:06 AM,18.75
10442,3/24/2023 1:58:18 AM,19.38
10442,3/24/2023 1:58:50 AM,18.75
10442,3/24/2023 1:58:54 AM,19.38
10442,3/24/2023 1:59:06 AM,18.75
10442,3/24/2023 1:59:18 AM,19.38
10442,3/24/2023 1:59:50 AM,20.00
10442,3/24/2023 2:00:14 AM,19.38
10442,3/24/2023 2:00:26 AM,18.75
10442,3/24/2023 2:00:50 AM,19.38
10442,3/24/2023 2:01:10 AM,20.00
10442,3/24/2023 2:01:26 AM,19.38
10442,3/24/2023 2:01:58 AM,18.75
10442,3/24/2023 2:02:50 AM,19.38
10442,3/24/2023 2:02:58 AM,18.75
10442,3/24/2023 2:03:10 AM,18.13
10442,3/24/2023 2:03:22 AM,18.75
10442,3/24/2023 2:03:30 AM,18.13
10442,3/24/2023 2:03:58 AM,18.75
10442,3/24/2023 2:04:10 AM,18.13
10442,3/24/2023 2:04:38 AM,17.50
10442,3/24/2023 2:04:50 AM,18.13
10442,3/24/2023 2:05:38 AM,17.50
10442,3/24/2023 2:05:46 AM,18.13
10442,3/24/2023 2:06:38 AM,17.50
10442,3/24/2023 2:10:18 AM,18.13
10442,3/24/2023 2:10:22 AM,17.50
10442,3/24/2023 2:10:26 AM,18.13
10442,3/24/2023 2:10:34 AM,17.50
10442,3/24/2023 2:10:38 AM,18.13
10442,3/24/2023 2:12:06 AM,18.75
10442,3/24/2023 2:12:58 AM,19.38
10442,3/24/2023 2:13:02 AM,18.75
10442,3/24/2023 2:13:14 AM,18.13
10442,3/24/2023 2:13:22 AM,18.75
10442,3/24/2023 2:13:54 AM,19.38
10442,3/24/2023 2:14:02 AM,18.75
10442,3/24/2023 2:14:26 AM,18.13
10442,3/24/2023 2:14:30 AM,18.75
10442,3/24/2023 2:14:34 AM,18.13
10442,3/24/2023 2:14:42 AM,18.75
10442,3/24/2023 2:14:46 AM,18.13
10442,3/24/2023 2:15:14 AM,18.75
10442,3/24/2023 2:15:38 AM,18.13
10442,3/24/2023 2:18:58 AM,17.50
10442,3/24/2023 2:19:02 AM,18.13
10442,3/24/2023 2:19:14 AM,17.50
10442,3/24/2023 2:19:54 AM,18.13
10442,3/24/2023 2:20:26 AM,17.50
10442,3/24/2023 2:23:54 AM,18.13
10442,3/24/2023 2:24:02 AM,17.50
10442,3/24/2023 2:24:10 AM,18.13
10442,3/24/2023 2:24:14 AM,17.50
10442,3/24/2023 2:24:22 AM,18.13
10442,3/24/2023 2:25:02 AM,17.50
10442,3/24/2023 2:25:10 AM,18.13
10442,3/24/2023 2:28:46 AM,18.75
10442,3/24/2023 2:28:54 AM,18.13
10442,3/24/2023 2:29:58 AM,18.75
10442,3/24/2023 2:30:02 AM,18.13
10442,3/24/2023 2:32:18 AM,18.75
10442,3/24/2023 2:32:26 AM,18.13
10442,3/24/2023 2:35:10 AM,18.75
10442,3/24/2023 2:35:14 AM,18.13
10442,3/24/2023 2:35:18 AM,18.75
10442,3/24/2023 2:35:22 AM,18.13
10442,3/24/2023 2:38:02 AM,18.75
10442,3/24/2023 2:38:06 AM,18.13
10442,3/24/2023 2:38:14 AM,18.75
10442,3/24/2023 2:38:26 AM,18.13
10442,3/24/2023 2:38:34 AM,18.75
10442,3/24/2023 2:38:38 AM,18.13
10442,3/24/2023 2:40:14 AM,18.75
10442,3/24/2023 2:41:02 AM,18.13
10442,3/24/2023 2:41:58 AM,18.75
10442,3/24/2023 2:42:34 AM,18.13
10442,3/24/2023 2:42:46 AM,18.75
10442,3/24/2023 2:43:22 AM,18.13
10442,3/24/2023 2:43:42 AM,18.75
10442,3/24/2023 2:43:50 AM,18.13
10442,3/24/2023 2:44:22 AM,18.75
10442,3/24/2023 2:44:34 AM,18.13
10442,3/24/2023 2:44:46 AM,18.75
10442,3/24/2023 2:44:50 AM,18.13
10442,3/24/2023 2:47:06 AM,18.75
10442,3/24/2023 2:47:26 AM,18.13
10442,3/24/2023 2:47:46 AM,18.75
10442,3/24/2023 2:47:58 AM,18.13
10442,3/24/2023 2:49:26 AM,18.75
10442,3/24/2023 2:50:26 AM,19.38
10442,3/24/2023 2:50:34 AM,18.75
10442,3/24/2023 2:52:10 AM,19.38
10442,3/24/2023 2:53:14 AM,18.75
10442,3/24/2023 2:53:22 AM,19.38
10442,3/24/2023 3:03:22 AM,18.75
10442,3/24/2023 3:03:38 AM,19.38
10442,3/24/2023 3:03:58 AM,18.75
10442,3/24/2023 3:04:06 AM,19.38
10442,3/24/2023 3:08:50 AM,18.75
10442,3/24/2023 3:08:58 AM,19.38
10442,3/24/2023 3:09:10 AM,18.75
10442,3/24/2023 3:09:14 AM,19.38
10442,3/24/2023 3:18:30 AM,18.75
10442,3/24/2023 3:18:34 AM,19.38
10442,3/24/2023 3:20:18 AM,18.75
10442,3/24/2023 3:20:22 AM,19.38
10442,3/24/2023 3:20:30 AM,18.75
10442,3/24/2023 3:20:34 AM,19.38
10442,3/24/2023 3:20:42 AM,18.75
10442,3/24/2023 3:20:50 AM,19.38
10442,3/24/2023 3:20:58 AM,18.75
10442,3/24/2023 3:21:02 AM,19.38
10442,3/24/2023 3:21:10 AM,18.75
10442,3/24/2023 3:21:18 AM,19.38
10442,3/24/2023 3:21:22 AM,18.75
10442,3/24/2023 3:21:26 AM,19.38
10442,3/24/2023 3:21:30 AM,18.75
10442,3/24/2023 3:21:38 AM,19.38
10442,3/24/2023 3:21:42 AM,18.75
10442,3/24/2023 3:21:50 AM,19.38
10442,3/24/2023 3:21:54 AM,18.75
10442,3/24/2023 3:21:58 AM,19.38
10442,3/24/2023 3:22:02 AM,18.75
10442,3/24/2023 3:22:10 AM,19.38
10442,3/24/2023 3:22:14 AM,18.75
10442,3/24/2023 3:22:18 AM,19.38
10442,3/24/2023 3:22:22 AM,18.75
10442,3/24/2023 3:22:50 AM,19.38
10442,3/24/2023 3:22:54 AM,18.75
10442,3/24/2023 3:23:06 AM,19.38
10442,3/24/2023 3:23:10 AM,18.75
10442,3/24/2023 3:26:02 AM,19.38
10442,3/24/2023 3:26:18 AM,18.75
10442,3/24/2023 3:27:02 AM,19.38
10442,3/24/2023 3:27:14 AM,18.75
10442,3/24/2023 3:27:18 AM,19.38
10442,3/24/2023 3:27:26 AM,18.75
10442,3/24/2023 3:27:34 AM,19.38
10442,3/24/2023 3:27:54 AM,18.75
10442,3/24/2023 3:30:10 AM,19.38
10442,3/24/2023 3:30:54 AM,18.75
10442,3/24/2023 3:30:58 AM,19.38
10442,3/24/2023 3:31:02 AM,18.75
10442,3/24/2023 3:31:14 AM,19.38
10442,3/24/2023 3:31:18 AM,18.75
10442,3/24/2023 3:31:54 AM,19.38
10442,3/24/2023 3:32:32 AM,18.75
10442,3/24/2023 3:32:36 AM,19.38
10442,3/24/2023 3:32:48 AM,18.75
10442,3/24/2023 3:33:22 AM,19.38
10442,3/24/2023 3:33:54 AM,18.75
10442,3/24/2023 3:34:02 AM,19.38
10442,3/24/2023 3:34:30 AM,18.75
10442,3/24/2023 3:34:34 AM,19.38
10442,3/24/2023 3:34:38 AM,18.75
10442,3/24/2023 3:34:42 AM,19.38
10442,3/24/2023 3:34:46 AM,18.75
10442,3/24/2023 3:34:58 AM,19.38
10442,3/24/2023 3:35:06 AM,18.75
10442,3/24/2023 3:35:10 AM,19.38
10442,3/24/2023 3:35:22 AM,18.75
10442,3/24/2023 3:35:30 AM,19.38
10442,3/24/2023 3:35:42 AM,18.75
10442,3/24/2023 3:35:46 AM,19.38
10442,3/24/2023 3:35:54 AM,18.75
10442,3/24/2023 3:36:14 AM,19.38
10442,3/24/2023 3:41:50 AM,18.75
10442,3/24/2023 3:41:54 AM,19.38
10442,3/24/2023 3:42:02 AM,18.75
10442,3/24/2023 3:42:10 AM,19.38
10442,3/24/2023 3:42:14 AM,18.75
10442,3/24/2023 3:42:22 AM,19.38
10442,3/24/2023 3:42:34 AM,18.75
10442,3/24/2023 3:42:46 AM,19.38
10442,3/24/2023 3:43:02 AM,18.75
10442,3/24/2023 3:43:22 AM,19.38
10442,3/24/2023 3:43:26 AM,18.75
10442,3/24/2023 3:47:34 AM,19.38
10442,3/24/2023 3:48:22 AM,18.75
10442,3/24/2023 3:48:26 AM,19.38
10442,3/24/2023 3:48:42 AM,18.75
10442,3/24/2023 3:48:54 AM,19.38
10442,3/24/2023 3:48:58 AM,18.75
10442,3/24/2023 3:49:06 AM,19.38
10442,3/24/2023 3:49:10 AM,18.75
10442,3/24/2023 3:49:14 AM,19.38
10442,3/24/2023 3:49:18 AM,18.75
10442,3/24/2023 3:49:22 AM,19.38
10442,3/24/2023 3:49:34 AM,18.75
10442,3/24/2023 3:49:38 AM,19.38
10442,3/24/2023 3:49:46 AM,18.75
10442,3/24/2023 3:56:58 AM,19.38
10442,3/24/2023 3:57:02 AM,18.75
10442,3/24/2023 3:57:06 AM,19.38
10442,3/24/2023 3:57:10 AM,18.75
10442,3/24/2023 3:57:22 AM,19.38
10442,3/24/2023 3:57:30 AM,18.75
10442,3/24/2023 4:02:38 AM,19.38
10442,3/24/2023 4:03:26 AM,18.75
10442,3/24/2023 4:03:38 AM,19.38
10442,3/24/2023 4:03:46 AM,18.75
10442,3/24/2023 4:03:50 AM,19.38
10442,3/24/2023 4:04:14 AM,18.75
10442,3/24/2023 4:16:10 AM,19.38
10442,3/24/2023 4:16:50 AM,18.75
10442,3/24/2023 4:16:58 AM,19.38
10442,3/24/2023 4:17:10 AM,18.75
10442,3/24/2023 4:17:38 AM,19.38
10442,3/24/2023 4:21:42 AM,18.75
10442,3/24/2023 4:21:54 AM,19.38
10442,3/24/2023 4:22:06 AM,18.75
10442,3/24/2023 4:22:14 AM,19.38
10442,3/24/2023 4:22:18 AM,18.75
10442,3/24/2023 4:22:22 AM,19.38
10442,3/24/2023 4:29:30 AM,18.75
10442,3/24/2023 4:29:34 AM,19.38
10442,3/24/2023 4:31:10 AM,18.75
10442,3/24/2023 4:31:18 AM,19.38
10442,3/24/2023 4:35:14 AM,18.75
10442,3/24/2023 4:38:38 AM,19.38
10442,3/24/2023 4:39:38 AM,18.75
10442,3/24/2023 4:39:42 AM,19.38
10442,3/24/2023 4:41:10 AM,18.75
10442,3/24/2023 4:41:14 AM,19.38
10442,3/24/2023 4:41:26 AM,18.75
10442,3/24/2023 4:41:34 AM,19.38
10442,3/24/2023 4:42:42 AM,18.75
10442,3/24/2023 4:56:54 AM,18.13
10442,3/24/2023 4:56:58 AM,18.75
10442,3/24/2023 4:57:02 AM,18.13
10442,3/24/2023 4:57:06 AM,18.75
10442,3/24/2023 4:57:30 AM,18.13
10442,3/24/2023 4:57:34 AM,18.75
10442,3/24/2023 4:57:42 AM,18.13
10442,3/24/2023 4:58:02 AM,17.50
10442,3/24/2023 4:58:06 AM,18.13
10442,3/24/2023 4:58:10 AM,18.75
10442,3/24/2023 4:58:14 AM,18.13
10442,3/24/2023 4:58:26 AM,18.75
10442,3/24/2023 4:58:34 AM,18.13
10442,3/24/2023 4:59:18 AM,18.75
10442,3/24/2023 5:00:50 AM,18.13
10442,3/24/2023 5:00:58 AM,18.75
10442,3/24/2023 5:02:22 AM,18.13
10442,3/24/2023 5:02:38 AM,18.75
10442,3/24/2023 5:03:06 AM,18.13
10442,3/24/2023 5:03:46 AM,18.75
10442,3/24/2023 5:03:50 AM,18.13
10442,3/24/2023 5:05:54 AM,18.75
10442,3/24/2023 5:09:58 AM,18.13
10442,3/24/2023 5:11:06 AM,18.75
10442,3/24/2023 5:14:30 AM,18.13
10442,3/24/2023 5:15:10 AM,18.75
10442,3/24/2023 5:15:50 AM,18.13
10442,3/24/2023 5:16:02 AM,18.75
10442,3/24/2023 5:16:18 AM,18.13
10442,3/24/2023 5:16:46 AM,18.75
10442,3/24/2023 5:16:58 AM,18.13
10442,3/24/2023 5:17:18 AM,18.75
10442,3/24/2023 5:17:26 AM,18.13
10442,3/24/2023 5:17:58 AM,18.75
10442,3/24/2023 5:18:02 AM,18.13
10442,3/24/2023 5:23:30 AM,18.75
10442,3/24/2023 5:23:34 AM,18.13
10442,3/24/2023 5:24:02 AM,18.75
10442,3/24/2023 5:24:06 AM,18.13
10442,3/24/2023 5:27:06 AM,18.75
10442,3/24/2023 5:27:10 AM,18.13
10442,3/24/2023 5:27:42 AM,18.75
10442,3/24/2023 5:27:50 AM,18.13
10442,3/24/2023 5:28:02 AM,18.75
10442,3/24/2023 5:28:10 AM,18.13
10442,3/24/2023 5:28:14 AM,18.75
10442,3/24/2023 5:28:18 AM,18.13
10442,3/24/2023 5:28:22 AM,18.75
10442,3/24/2023 5:28:38 AM,18.13
10442,3/24/2023 5:28:46 AM,18.75
10442,3/24/2023 5:28:50 AM,18.13
10442,3/24/2023 5:28:54 AM,18.75
10442,3/24/2023 5:29:22 AM,18.13
10442,3/24/2023 5:29:34 AM,18.75
10442,3/24/2023 5:29:38 AM,18.13
10442,3/24/2023 5:29:42 AM,18.75
10442,3/24/2023 5:30:42 AM,18.13
10442,3/24/2023 5:30:46 AM,18.75
10442,3/24/2023 5:31:30 AM,18.13
10442,3/24/2023 5:31:38 AM,18.75
10442,3/24/2023 5:31:58 AM,18.13
10442,3/24/2023 5:32:02 AM,18.75
10442,3/24/2023 5:36:26 AM,19.38
10442,3/24/2023 5:36:30 AM,18.75
10442,3/24/2023 5:36:46 AM,19.38
10442,3/24/2023 5:36:50 AM,18.75
10442,3/24/2023 5:41:34 AM,18.13
10442,3/24/2023 5:41:38 AM,18.75
10442,3/24/2023 5:46:42 AM,18.13
10442,3/24/2023 5:46:46 AM,18.75
10442,3/24/2023 6:00:26 AM,18.13
10442,3/24/2023 6:00:30 AM,18.75
10442,3/24/2023 6:00:38 AM,18.13
10442,3/24/2023 6:00:50 AM,18.75
10442,3/24/2023 6:12:50 AM,18.13
10442,3/24/2023 6:12:54 AM,18.75
10442,3/24/2023 6:12:58 AM,18.13
10442,3/24/2023 6:13:26 AM,18.75
10442,3/24/2023 6:14:06 AM,18.13
10442,3/24/2023 6:14:18 AM,18.75
10442,3/24/2023 6:14:54 AM,18.13
10442,3/24/2023 6:14:58 AM,18.75
10442,3/24/2023 6:15:02 AM,18.13
10442,3/24/2023 6:15:10 AM,18.75
10442,3/24/2023 6:15:14 AM,18.13
10442,3/24/2023 6:15:18 AM,18.75
10442,3/24/2023 6:15:26 AM,18.13
10442,3/24/2023 6:15:38 AM,18.75
10442,3/24/2023 6:17:42 AM,18.13
10442,3/24/2023 6:17:50 AM,18.75
10442,3/24/2023 6:17:54 AM,18.13
10442,3/24/2023 6:17:58 AM,18.75
10442,3/24/2023 6:24:34 AM,18.13
10442,3/24/2023 6:29:38 AM,18.75
10442,3/24/2023 6:33:50 AM,18.13
10442,3/24/2023 6:33:54 AM,18.75
10442,3/24/2023 6:33:58 AM,18.13
10442,3/24/2023 6:34:02 AM,18.75
10442,3/24/2023 6:34:42 AM,18.13
10442,3/24/2023 6:34:46 AM,18.75
10442,3/24/2023 6:35:50 AM,18.13
10442,3/24/2023 6:35:54 AM,18.75
10442,3/24/2023 6:36:02 AM,18.13
10442,3/24/2023 6:36:06 AM,18.75
10442,3/24/2023 6:36:38 AM,18.13
10442,3/24/2023 6:36:46 AM,18.75
10442,3/24/2023 6:36:58 AM,18.13
10442,3/24/2023 6:37:02 AM,18.75
10442,3/24/2023 6:39:26 AM,18.13
10442,3/24/2023 6:39:30 AM,18.75
10442,3/24/2023 6:51:10 AM,19.38
10442,3/24/2023 6:51:14 AM,18.75
10442,3/24/2023 7:07:38 AM,19.38
10442,3/24/2023 7:07:42 AM,18.75
10442,3/24/2023 7:07:46 AM,19.38
10442,3/24/2023 7:07:50 AM,18.75
10442,3/24/2023 7:25:42 AM,19.38
10442,3/24/2023 7:25:46 AM,18.75
10442,3/24/2023 7:25:54 AM,19.38
10442,3/24/2023 7:26:02 AM,18.75
10442,3/24/2023 7:28:50 AM,19.38
10442,3/24/2023 7:29:46 AM,18.75
10442,3/24/2023 7:29:58 AM,19.38
10442,3/24/2023 7:30:14 AM,18.75
10442,3/24/2023 7:30:22 AM,19.38
10442,3/24/2023 7:30:26 AM,18.75
10442,3/24/2023 7:30:34 AM,19.38
10442,3/24/2023 7:30:42 AM,18.75
10442,3/24/2023 7:30:50 AM,19.38
10442,3/24/2023 7:31:14 AM,18.75
10442,3/24/2023 7:31:18 AM,19.38
10442,3/24/2023 7:31:42 AM,18.75
10442,3/24/2023 7:31:46 AM,19.38
10442,3/24/2023 7:31:50 AM,18.75
10442,3/24/2023 7:52:14 AM,19.38
10442,3/24/2023 7:52:18 AM,18.75
10442,3/24/2023 7:52:22 AM,19.38
10442,3/24/2023 7:52:26 AM,18.75
10442,3/24/2023 7:52:42 AM,19.38
10442,3/24/2023 7:52:46 AM,18.75
10442,3/24/2023 7:54:14 AM,18.13
10442,3/24/2023 7:54:18 AM,18.75
10442,3/24/2023 7:54:46 AM,19.38
10442,3/24/2023 7:54:50 AM,18.75
10442,3/24/2023 7:54:54 AM,19.38
10442,3/24/2023 7:55:02 AM,18.75
10442,3/24/2023 7:55:06 AM,19.38
10442,3/24/2023 7:55:10 AM,18.75
10442,3/24/2023 7:55:18 AM,19.38
10442,3/24/2023 7:55:26 AM,18.75
10442,3/24/2023 7:55:30 AM,19.38
10442,3/24/2023 7:55:34 AM,18.75
10442,3/24/2023 7:55:38 AM,19.38
10442,3/24/2023 7:55:46 AM,18.75
10442,3/24/2023 7:55:54 AM,19.38
10442,3/24/2023 7:56:00 AM,18.75
10442,3/24/2023 7:57:10 AM,19.38
10442,3/24/2023 7:57:14 AM,18.75
10442,3/24/2023 8:08:14 AM,19.38
10442,3/24/2023 8:08:18 AM,18.75
10442,3/24/2023 8:08:58 AM,19.38
10442,3/24/2023 8:09:02 AM,18.75
10442,3/24/2023 8:09:22 AM,19.38
10442,3/24/2023 8:09:26 AM,18.13
10442,3/24/2023 8:09:34 AM,18.75
10442,3/24/2023 8:11:02 AM,18.13
10442,3/24/2023 8:11:06 AM,18.75
10442,3/24/2023 8:11:26 AM,18.13
10442,3/24/2023 8:11:30 AM,19.38
10442,3/24/2023 8:11:34 AM,18.75
10442,3/24/2023 8:22:02 AM,19.38
10442,3/24/2023 8:22:06 AM,18.75
10442,3/24/2023 8:27:06 AM,18.13
10442,3/24/2023 8:27:38 AM,18.75
10442,3/24/2023 8:27:50 AM,18.13
10442,3/24/2023 8:27:54 AM,18.75
10442,3/24/2023 8:29:30 AM,18.13
10442,3/24/2023 8:29:42 AM,18.75
10442,3/24/2023 8:31:06 AM,18.13
10442,3/24/2023 8:31:10 AM,18.75
10442,3/24/2023 8:31:14 AM,18.13
10442,3/24/2023 8:32:42 AM,18.75
10442,3/24/2023 8:32:50 AM,18.13
10442,3/24/2023 8:32:54 AM,18.75
10442,3/24/2023 8:38:10 AM,18.13
10442,3/24/2023 8:38:14 AM,18.75
10442,3/24/2023 8:43:06 AM,18.13
10442,3/24/2023 8:43:14 AM,18.75
10442,3/24/2023 8:45:58 AM,18.13
10442,3/24/2023 8:46:02 AM,18.75
10442,3/24/2023 8:46:58 AM,18.13
10442,3/24/2023 8:47:02 AM,18.75
10442,3/24/2023 8:47:14 AM,18.13
10442,3/24/2023 8:47:22 AM,18.75
10442,3/24/2023 8:49:50 AM,18.13
10442,3/24/2023 8:49:54 AM,18.75
10442,3/24/2023 8:55:54 AM,18.13
10442,3/24/2023 8:55:58 AM,18.75
10442,3/24/2023 8:56:26 AM,18.13
10442,3/24/2023 8:56:30 AM,18.75
10442,3/24/2023 8:57:26 AM,18.13
10442,3/24/2023 8:57:34 AM,18.75
10442,3/24/2023 8:58:46 AM,18.13
10442,3/24/2023 8:58:50 AM,18.75
10442,3/24/2023 9:00:46 AM,18.13
10442,3/24/2023 9:01:10 AM,18.75
10442,3/24/2023 9:01:26 AM,18.13
10442,3/24/2023 9:01:30 AM,18.75
10442,3/24/2023 9:03:30 AM,18.13
10442,3/24/2023 9:03:34 AM,18.75
10442,3/24/2023 9:04:54 AM,18.13
10442,3/24/2023 9:04:58 AM,18.75
10442,3/24/2023 9:07:14 AM,18.13
10442,3/24/2023 9:07:22 AM,18.75
10442,3/24/2023 9:07:30 AM,18.13
10442,3/24/2023 9:07:46 AM,18.75
10442,3/24/2023 9:07:58 AM,18.13
10442,3/24/2023 9:08:02 AM,18.75
10442,3/24/2023 9:08:26 AM,18.13
10442,3/24/2023 9:08:30 AM,18.75
10442,3/24/2023 9:09:14 AM,18.13
10442,3/24/2023 9:09:18 AM,18.75
10442,3/24/2023 9:10:14 AM,18.13
10442,3/24/2023 9:10:18 AM,18.75
10442,3/24/2023 9:10:22 AM,18.13
10442,3/24/2023 9:11:02 AM,18.75
10442,3/24/2023 9:11:06 AM,18.13
10442,3/24/2023 9:11:18 AM,18.75
10442,3/24/2023 9:12:54 AM,18.13
10442,3/24/2023 9:13:26 AM,18.75
10442,3/24/2023 9:14:26 AM,18.13
10442,3/24/2023 9:14:30 AM,18.75
10442,3/24/2023 9:14:34 AM,18.13
10442,3/24/2023 9:14:38 AM,18.75
10442,3/24/2023 9:14:42 AM,18.13
10442,3/24/2023 9:14:46 AM,18.75
10442,3/24/2023 9:14:54 AM,18.13
10442,3/24/2023 9:14:58 AM,18.75
10442,3/24/2023 9:15:18 AM,18.13
10442,3/24/2023 9:15:22 AM,18.75
10442,3/24/2023 9:15:26 AM,18.13
10442,3/24/2023 9:15:30 AM,18.75
10442,3/24/2023 9:15:46 AM,18.13
10442,3/24/2023 9:16:02 AM,18.75
10442,3/24/2023 9:16:10 AM,18.13
10442,3/24/2023 9:16:14 AM,18.75
10442,3/24/2023 9:16:30 AM,18.13
10442,3/24/2023 9:16:34 AM,18.75
10442,3/24/2023 9:17:18 AM,18.13
10442,3/24/2023 9:17:22 AM,18.75
10442,3/24/2023 9:18:10 AM,18.13
10442,3/24/2023 9:18:14 AM,18.75
10442,3/24/2023 9:18:46 AM,18.13
10442,3/24/2023 9:18:50 AM,18.75
10442,3/24/2023 9:19:14 AM,18.13
10442,3/24/2023 9:19:22 AM,18.75
10442,3/24/2023 9:20:38 AM,18.13
10442,3/24/2023 9:20:42 AM,18.75
10442,3/24/2023 9:20:58 AM,18.13
10442,3/24/2023 9:21:02 AM,18.75
10442,3/24/2023 9:22:22 AM,18.13
10442,3/24/2023 9:22:26 AM,18.75
10442,3/24/2023 9:23:06 AM,18.13
10442,3/24/2023 9:23:18 AM,18.75
10442,3/24/2023 9:24:14 AM,18.13
10442,3/24/2023 9:24:54 AM,18.75
10442,3/24/2023 9:25:02 AM,18.13
10442,3/24/2023 9:25:10 AM,18.75
10442,3/24/2023 9:25:14 AM,18.13
10442,3/24/2023 9:25:18 AM,18.75
10442,3/24/2023 9:25:34 AM,18.13
10442,3/24/2023 9:25:38 AM,18.75
10442,3/24/2023 9:26:10 AM,18.13
10442,3/24/2023 9:26:14 AM,18.75
10442,3/24/2023 9:26:18 AM,18.13
10442,3/24/2023 9:26:22 AM,18.75
10442,3/24/2023 9:26:50 AM,18.13
10442,3/24/2023 9:26:54 AM,18.75
10442,3/24/2023 9:27:30 AM,18.13
10442,3/24/2023 9:27:34 AM,18.75
10442,3/24/2023 9:27:42 AM,18.13
10442,3/24/2023 9:27:46 AM,18.75
10442,3/24/2023 9:28:02 AM,18.13
10442,3/24/2023 9:28:06 AM,18.75
10442,3/24/2023 9:28:18 AM,18.13
10442,3/24/2023 9:28:22 AM,18.75
10442,3/24/2023 9:28:26 AM,18.13
10442,3/24/2023 9:28:58 AM,18.75
10442,3/24/2023 9:29:02 AM,18.13
10442,3/24/2023 9:29:34 AM,18.75
10442,3/24/2023 9:29:42 AM,18.13
10442,3/24/2023 9:29:46 AM,18.75
10442,3/24/2023 9:30:14 AM,18.13
10442,3/24/2023 9:30:18 AM,18.75
10442,3/24/2023 9:30:34 AM,18.13
10442,3/24/2023 9:30:38 AM,18.75
10442,3/24/2023 9:30:46 AM,18.13
10442,3/24/2023 9:30:50 AM,18.75
10442,3/24/2023 9:31:54 AM,18.13
10442,3/24/2023 9:31:58 AM,18.75
10442,3/24/2023 9:32:34 AM,18.13
10442,3/24/2023 9:32:38 AM,18.75
10442,3/24/2023 9:33:10 AM,18.13
10442,3/24/2023 9:33:14 AM,18.75
10442,3/24/2023 9:33:18 AM,18.13
10442,3/24/2023 9:33:26 AM,18.75
10442,3/24/2023 9:33:50 AM,18.13
10442,3/24/2023 9:33:58 AM,18.75
10442,3/24/2023 9:34:18 AM,18.13
10442,3/24/2023 9:34:34 AM,18.75
10442,3/24/2023 9:34:50 AM,18.13
10442,3/24/2023 9:34:54 AM,18.75
10442,3/24/2023 9:35:30 AM,18.13
10442,3/24/2023 9:35:38 AM,18.75
10442,3/24/2023 9:35:54 AM,18.13
10442,3/24/2023 9:36:14 AM,18.75
10442,3/24/2023 9:36:18 AM,18.13
10442,3/24/2023 9:36:34 AM,18.75
10442,3/24/2023 9:36:42 AM,18.13
10442,3/24/2023 9:36:54 AM,18.75
10442,3/24/2023 9:36:58 AM,18.13
10442,3/24/2023 9:37:02 AM,18.75
10442,3/24/2023 9:37:06 AM,18.13
10442,3/24/2023 9:39:34 AM,18.75
10442,3/24/2023 9:39:42 AM,18.13
10442,3/24/2023 9:40:06 AM,18.75
10442,3/24/2023 9:40:10 AM,18.13
10442,3/24/2023 9:40:18 AM,18.75
10442,3/24/2023 9:40:34 AM,18.13
10442,3/24/2023 9:40:42 AM,18.75
10442,3/24/2023 9:41:14 AM,18.13
10442,3/24/2023 9:41:42 AM,18.75
10442,3/24/2023 9:41:58 AM,18.13
10442,3/24/2023 9:42:42 AM,18.75
10442,3/24/2023 9:42:50 AM,18.13
10442,3/24/2023 9:43:10 AM,18.75
10442,3/24/2023 9:43:14 AM,18.13
10442,3/24/2023 9:45:22 AM,18.75
10442,3/24/2023 9:45:26 AM,18.13
10442,3/24/2023 9:51:58 AM,18.75
10442,3/24/2023 9:52:02 AM,18.13
10442,3/24/2023 9:53:42 AM,18.75
10442,3/24/2023 9:53:46 AM,18.13
10442,3/24/2023 10:06:46 AM,17.50
10442,3/24/2023 10:06:50 AM,18.13
10442,3/24/2023 10:09:18 AM,17.50
10442,3/24/2023 10:09:22 AM,18.13
10442,3/24/2023 10:14:26 AM,17.50
10442,3/24/2023 10:14:30 AM,18.13
10442,3/24/2023 10:17:54 AM,18.75
10442,3/24/2023 10:17:58 AM,18.13
10442,3/24/2023 10:18:22 AM,17.50
10442,3/24/2023 10:18:26 AM,18.13
10442,3/24/2023 10:26:42 AM,17.50
10442,3/24/2023 10:26:46 AM,18.13
10442,3/24/2023 10:27:38 AM,17.50
10442,3/24/2023 10:27:42 AM,18.13
10442,3/24/2023 10:32:46 AM,17.50
10442,3/24/2023 10:32:54 AM,18.13
10442,3/24/2023 10:33:10 AM,17.50
10442,3/24/2023 10:33:14 AM,18.13
10442,3/24/2023 10:35:02 AM,17.50
10442,3/24/2023 10:35:06 AM,18.13
10442,3/24/2023 10:38:38 AM,17.50
10442,3/24/2023 10:38:42 AM,18.13
10442,3/24/2023 10:44:58 AM,17.50
10442,3/24/2023 10:45:02 AM,18.13
10442,3/24/2023 10:45:26 AM,17.50
10442,3/24/2023 10:45:30 AM,18.13
10442,3/24/2023 10:58:50 AM,17.50
10442,3/24/2023 10:58:54 AM,18.13
10442,3/24/2023 11:04:14 AM,17.50
10442,3/24/2023 11:04:18 AM,18.13
10442,3/24/2023 11:04:54 AM,17.50
10442,3/24/2023 11:04:58 AM,18.13
10442,3/24/2023 11:17:06 AM,17.50
10442,3/24/2023 11:17:10 AM,18.13
10442,3/24/2023 11:21:10 AM,17.50
10442,3/24/2023 11:21:14 AM,18.13
10442,3/24/2023 11:21:38 AM,18.13
10442,3/24/2023 11:21:42 AM,18.13
10442,3/24/2023 11:24:38 AM,17.50
10442,3/24/2023 11:24:50 AM,18.13
10442,3/24/2023 11:25:10 AM,17.50
10442,3/24/2023 11:25:22 AM,18.13
10442,3/24/2023 11:25:34 AM,17.50
10442,3/24/2023 11:25:38 AM,18.13
10442,3/24/2023 11:25:58 AM,17.50
10442,3/24/2023 11:26:26 AM,18.13
10442,3/24/2023 11:30:30 AM,17.50
10442,3/24/2023 11:30:34 AM,18.13
10442,3/24/2023 11:30:38 AM,17.50
10442,3/24/2023 11:30:46 AM,18.13
10442,3/24/2023 11:30:54 AM,17.50
10442,3/24/2023 11:30:58 AM,18.13
10442,3/24/2023 11:31:02 AM,17.50
10442,3/24/2023 11:31:06 AM,18.13
10442,3/24/2023 11:34:54 AM,18.75
10442,3/24/2023 11:35:10 AM,18.13
10442,3/24/2023 11:36:26 AM,17.50
10442,3/24/2023 11:36:34 AM,18.13
10442,3/24/2023 11:36:46 AM,17.50
10442,3/24/2023 11:36:54 AM,18.13
10442,3/24/2023 11:37:02 AM,17.50
10442,3/24/2023 11:37:06 AM,18.13
10442,3/24/2023 11:37:10 AM,17.50
10442,3/24/2023 11:37:14 AM,18.13
10442,3/24/2023 11:40:02 AM,17.50
10442,3/24/2023 11:40:06 AM,18.13
10442,3/24/2023 11:40:10 AM,17.50
10442,3/24/2023 11:40:14 AM,18.13
10442,3/24/2023 11:46:50 AM,18.75
10442,3/24/2023 11:46:54 AM,18.13
10442,3/24/2023 11:53:50 AM,18.75
10442,3/24/2023 11:53:54 AM,18.13
10442,3/24/2023 12:13:18 PM,17.50
10442,3/24/2023 12:13:22 PM,18.13
10442,3/24/2023 12:15:50 PM,17.50
10442,3/24/2023 12:15:58 PM,18.13
10442,3/24/2023 12:20:14 PM,17.50
10442,3/24/2023 12:20:22 PM,18.13
10442,3/24/2023 12:20:26 PM,18.75
10442,3/24/2023 12:20:30 PM,18.13
10442,3/24/2023 12:20:38 PM,17.50
10442,3/24/2023 12:20:42 PM,18.13
10442,3/24/2023 12:42:52 PM,18.75
10442,3/24/2023 12:42:56 PM,18.13
10442,3/24/2023 12:44:34 PM,18.75
10442,3/24/2023 12:44:38 PM,18.13
10442,3/24/2023 12:50:26 PM,17.50
10442,3/24/2023 12:50:30 PM,18.13
10442,3/24/2023 12:54:02 PM,18.75
10442,3/24/2023 12:54:06 PM,18.13
10442,3/24/2023 1:02:02 PM,17.50
10442,3/24/2023 1:02:06 PM,18.13
10442,3/24/2023 1:07:54 PM,17.50
10442,3/24/2023 1:07:58 PM,18.13
10442,3/24/2023 1:12:38 PM,17.50
10442,3/24/2023 1:13:02 PM,18.13
10442,3/24/2023 1:13:06 PM,17.50
10442,3/24/2023 1:13:10 PM,18.13
10442,3/24/2023 1:13:14 PM,17.50
10442,3/24/2023 1:13:34 PM,18.13
10442,3/24/2023 1:13:42 PM,17.50
10442,3/24/2023 1:13:50 PM,18.13
10442,3/24/2023 1:13:58 PM,17.50
10442,3/24/2023 1:14:02 PM,18.13
10442,3/24/2023 1:14:30 PM,17.50
10442,3/24/2023 1:14:34 PM,18.13
10442,3/24/2023 1:15:10 PM,17.50
10442,3/24/2023 1:15:14 PM,18.13
10442,3/24/2023 1:24:02 PM,18.75
10442,3/24/2023 1:24:06 PM,17.50
10442,3/24/2023 1:24:10 PM,18.13
10442,3/24/2023 1:32:42 PM,18.75
10442,3/24/2023 1:32:46 PM,18.13
10442,3/24/2023 1:34:34 PM,18.75
10442,3/24/2023 1:34:38 PM,18.13
10442,3/24/2023 1:45:34 PM,18.75
10442,3/24/2023 1:45:38 PM,18.13
10442,3/24/2023 1:45:42 PM,17.50
10442,3/24/2023 1:45:46 PM,18.13
10442,3/24/2023 1:51:18 PM,18.75
10442,3/24/2023 1:51:26 PM,18.13
10442,3/24/2023 1:56:30 PM,18.75
10442,3/24/2023 1:58:02 PM,18.13
10442,3/24/2023 1:58:06 PM,18.75
10442,3/24/2023 1:58:14 PM,18.13
10442,3/24/2023 1:58:18 PM,18.75
10442,3/24/2023 1:58:54 PM,18.13
10442,3/24/2023 1:59:42 PM,18.75
10442,3/24/2023 1:59:46 PM,18.13
10442,3/24/2023 2:00:30 PM,18.75
10442,3/24/2023 2:00:46 PM,18.13
10442,3/24/2023 2:04:26 PM,17.50
10442,3/24/2023 2:04:30 PM,18.13
10442,3/24/2023 2:05:22 PM,17.50
10442,3/24/2023 2:05:42 PM,18.13
10442,3/24/2023 2:06:02 PM,17.50
10442,3/24/2023 2:06:06 PM,18.13
10442,3/24/2023 2:06:34 PM,17.50
10442,3/24/2023 2:06:38 PM,18.13
10442,3/24/2023 2:07:34 PM,17.50
10442,3/24/2023 2:07:42 PM,18.13
10442,3/24/2023 2:07:46 PM,17.50
10442,3/24/2023 2:08:10 PM,18.13
10442,3/24/2023 2:08:14 PM,17.50
10442,3/24/2023 2:09:02 PM,18.13
10442,3/24/2023 2:09:06 PM,17.50
10442,3/24/2023 2:09:26 PM,18.13
10442,3/24/2023 2:09:34 PM,17.50
10442,3/24/2023 2:09:46 PM,18.13
10442,3/24/2023 2:10:18 PM,17.50
10442,3/24/2023 2:10:22 PM,18.13
10442,3/24/2023 2:10:30 PM,17.50
10442,3/24/2023 2:10:42 PM,18.13
10442,3/24/2023 2:11:50 PM,17.50
10442,3/24/2023 2:12:10 PM,18.13
10442,3/24/2023 2:13:10 PM,17.50
10442,3/24/2023 2:13:34 PM,18.13
10442,3/24/2023 2:14:10 PM,17.50
10442,3/24/2023 2:14:18 PM,18.13
10442,3/24/2023 2:14:54 PM,17.50
10442,3/24/2023 2:15:14 PM,18.13
10442,3/24/2023 2:15:18 PM,17.50
10442,3/24/2023 2:15:26 PM,18.13
10442,3/24/2023 2:16:14 PM,17.50
10442,3/24/2023 2:16:18 PM,18.13
10442,3/24/2023 2:25:42 PM,18.75
10442,3/24/2023 2:25:46 PM,18.13
10442,3/24/2023 2:35:46 PM,18.75
10442,3/24/2023 2:35:50 PM,18.13
10442,3/24/2023 2:37:22 PM,18.75
10442,3/24/2023 2:37:26 PM,18.13
10442,3/24/2023 2:37:30 PM,18.75
10442,3/24/2023 2:38:38 PM,18.13
10442,3/24/2023 2:38:58 PM,18.75
10442,3/24/2023 2:39:26 PM,18.13
10442,3/24/2023 2:39:50 PM,18.75
10442,3/24/2023 2:39:58 PM,18.13
10442,3/24/2023 2:40:10 PM,18.75
10442,3/24/2023 2:40:18 PM,18.13
10442,3/24/2023 2:40:22 PM,18.75
10442,3/24/2023 2:40:26 PM,18.13
10442,3/24/2023 2:40:38 PM,18.75
10442,3/24/2023 2:41:02 PM,18.13
10442,3/24/2023 2:41:06 PM,18.75
10442,3/24/2023 2:41:22 PM,18.13
10442,3/24/2023 2:41:26 PM,18.75
10442,3/24/2023 2:42:14 PM,18.13
10442,3/24/2023 2:42:18 PM,18.75
10442,3/24/2023 2:42:22 PM,18.13
10442,3/24/2023 2:42:26 PM,18.75
10442,3/24/2023 2:49:46 PM,19.38
10442,3/24/2023 2:49:50 PM,18.75
10442,3/24/2023 2:53:18 PM,18.13
10442,3/24/2023 2:53:34 PM,18.75
10442,3/24/2023 2:53:42 PM,18.13
10442,3/24/2023 2:53:58 PM,18.75
10442,3/24/2023 2:56:14 PM,18.13
10442,3/24/2023 2:56:18 PM,18.75
10442,3/24/2023 2:56:30 PM,18.13
10442,3/24/2023 2:56:54 PM,18.75
10442,3/24/2023 2:57:30 PM,18.13
10442,3/24/2023 2:57:38 PM,18.75
10442,3/24/2023 2:58:42 PM,18.13
10442,3/24/2023 3:00:14 PM,17.50
10442,3/24/2023 3:00:42 PM,18.13
10442,3/24/2023 3:00:50 PM,17.50
10442,3/24/2023 3:00:54 PM,18.13
10442,3/24/2023 3:02:22 PM,17.50
10442,3/24/2023 3:02:34 PM,18.13
10442,3/24/2023 3:02:46 PM,17.50
10442,3/24/2023 3:02:50 PM,18.13
10442,3/24/2023 3:02:54 PM,17.50
10442,3/24/2023 3:02:58 PM,18.13
10442,3/24/2023 3:06:10 PM,18.75
10442,3/24/2023 3:06:14 PM,18.13
10442,3/24/2023 3:09:30 PM,18.75
10442,3/24/2023 3:09:34 PM,18.13
10442,3/24/2023 3:11:18 PM,18.75
10442,3/24/2023 3:11:22 PM,18.13
10442,3/24/2023 3:11:38 PM,18.75
10442,3/24/2023 3:12:02 PM,18.13
10442,3/24/2023 3:12:50 PM,17.50
10442,3/24/2023 3:12:54 PM,18.13
10442,3/24/2023 3:12:58 PM,17.50
10442,3/24/2023 3:13:02 PM,18.13
10442,3/24/2023 3:13:14 PM,17.50
10442,3/24/2023 3:13:18 PM,18.13
10442,3/24/2023 3:13:22 PM,17.50
10442,3/24/2023 3:13:30 PM,18.13
10442,3/24/2023 3:13:46 PM,17.50
10442,3/24/2023 3:15:54 PM,18.13
10442,3/24/2023 3:15:58 PM,17.50
10442,3/24/2023 3:16:14 PM,18.13
10442,3/24/2023 3:17:54 PM,18.75
10442,3/24/2023 3:17:58 PM,18.13
10442,3/24/2023 3:20:58 PM,18.75
10442,3/24/2023 3:21:34 PM,18.13
10442,3/24/2023 3:21:46 PM,18.75
10442,3/24/2023 3:22:26 PM,18.13
10442,3/24/2023 3:23:58 PM,18.75
10442,3/24/2023 3:29:10 PM,18.13
10442,3/24/2023 3:29:14 PM,18.75
10442,3/24/2023 3:29:38 PM,18.13
10442,3/24/2023 3:30:54 PM,18.75
10442,3/24/2023 3:30:58 PM,18.13
10442,3/24/2023 3:34:54 PM,18.75
10442,3/24/2023 3:34:58 PM,18.13
10442,3/24/2023 3:35:02 PM,18.75
10442,3/24/2023 3:35:10 PM,18.13
10442,3/24/2023 3:35:14 PM,18.75
10442,3/24/2023 3:35:34 PM,18.13
10442,3/24/2023 3:35:38 PM,18.75
10442,3/24/2023 3:35:42 PM,18.13
10442,3/24/2023 3:39:14 PM,17.50
10442,3/24/2023 3:39:22 PM,18.13
10442,3/24/2023 3:39:42 PM,17.50
10442,3/24/2023 3:39:46 PM,18.13
10442,3/24/2023 3:40:06 PM,17.50
10442,3/24/2023 3:40:14 PM,18.13
10442,3/24/2023 3:40:50 PM,17.50
10442,3/24/2023 3:41:38 PM,18.13
10442,3/24/2023 3:41:50 PM,17.50
10442,3/24/2023 3:42:06 PM,18.13
10442,3/24/2023 3:42:10 PM,17.50
10442,3/24/2023 3:43:34 PM,18.13
10442,3/24/2023 3:43:38 PM,17.50
10442,3/24/2023 3:43:50 PM,18.13
10442,3/24/2023 3:44:10 PM,17.50
10442,3/24/2023 3:44:14 PM,18.13
10442,3/24/2023 3:44:50 PM,17.50
10442,3/24/2023 3:44:54 PM,18.13
10442,3/24/2023 3:45:14 PM,17.50
10442,3/24/2023 3:45:26 PM,18.13
10442,3/24/2023 3:45:34 PM,17.50
10442,3/24/2023 3:45:38 PM,18.13
10442,3/24/2023 3:45:50 PM,17.50
10442,3/24/2023 3:45:54 PM,18.13
10442,3/24/2023 3:45:58 PM,17.50
10442,3/24/2023 3:46:02 PM,18.13
10442,3/24/2023 3:46:06 PM,17.50
10442,3/24/2023 3:46:14 PM,18.13
10442,3/24/2023 3:46:30 PM,17.50
10442,3/24/2023 3:46:34 PM,18.13
10442,3/24/2023 3:46:42 PM,18.75
10442,3/24/2023 3:46:46 PM,18.13
10442,3/24/2023 3:47:02 PM,17.50
10442,3/24/2023 3:47:06 PM,18.13
10442,3/24/2023 3:49:22 PM,17.50
10442,3/24/2023 3:49:30 PM,18.13
10442,3/24/2023 3:49:38 PM,17.50
10442,3/24/2023 3:49:42 PM,18.13
10442,3/24/2023 3:49:58 PM,17.50
10442,3/24/2023 3:50:06 PM,18.13
10442,3/24/2023 3:50:14 PM,17.50
10442,3/24/2023 3:50:26 PM,18.13
10442,3/24/2023 3:50:34 PM,17.50
10442,3/24/2023 3:50:38 PM,18.13
10442,3/24/2023 3:50:42 PM,17.50
10442,3/24/2023 3:50:50 PM,18.13
10442,3/24/2023 3:50:58 PM,17.50
10442,3/24/2023 3:51:10 PM,18.13
10442,3/24/2023 3:51:38 PM,17.50
10442,3/24/2023 3:51:50 PM,18.13
10442,3/24/2023 3:52:02 PM,17.50
10442,3/24/2023 3:52:14 PM,18.13
10442,3/24/2023 3:52:26 PM,17.50
10442,3/24/2023 3:52:38 PM,18.13
10442,3/24/2023 3:52:50 PM,17.50
10442,3/24/2023 3:53:02 PM,18.13
10442,3/24/2023 3:53:10 PM,17.50
10442,3/24/2023 3:53:30 PM,18.13
10442,3/24/2023 3:53:34 PM,17.50
10442,3/24/2023 3:54:58 PM,18.13
10442,3/24/2023 3:55:02 PM,17.50
10442,3/24/2023 3:55:18 PM,18.13
10442,3/24/2023 3:55:26 PM,17.50
10442,3/24/2023 3:55:38 PM,18.13
10442,3/24/2023 3:55:50 PM,17.50
10442,3/24/2023 3:56:02 PM,18.13
10442,3/24/2023 3:56:06 PM,17.50
10442,3/24/2023 3:56:18 PM,18.13
10442,3/24/2023 3:56:26 PM,17.50
10442,3/24/2023 3:57:38 PM,18.13
10442,3/24/2023 3:57:42 PM,17.50
10442,3/24/2023 3:57:58 PM,18.13
10442,3/24/2023 3:58:06 PM,17.50
10442,3/24/2023 3:58:18 PM,18.13
10442,3/24/2023 3:58:54 PM,17.50
10442,3/24/2023 3:59:06 PM,18.13
10442,3/24/2023 4:01:38 PM,18.75
10442,3/24/2023 4:01:42 PM,18.13
10442,3/24/2023 4:02:26 PM,18.75
10442,3/24/2023 4:02:30 PM,18.13
10442,3/24/2023 4:02:34 PM,18.75
10442,3/24/2023 4:02:58 PM,18.13
10442,3/24/2023 4:03:02 PM,18.75
10442,3/24/2023 4:04:06 PM,18.13
10442,3/24/2023 4:04:18 PM,18.75
10442,3/24/2023 4:05:18 PM,18.13
10442,3/24/2023 4:05:26 PM,18.75
10442,3/24/2023 4:05:46 PM,18.13
10442,3/24/2023 4:05:58 PM,18.75
10442,3/24/2023 4:06:38 PM,18.13
10442,3/24/2023 4:06:42 PM,18.75
10442,3/24/2023 4:10:38 PM,18.13
10442,3/24/2023 4:10:42 PM,18.75
10442,3/24/2023 4:11:50 PM,18.13
10442,3/24/2023 4:11:54 PM,18.75
10442,3/24/2023 4:12:06 PM,18.13
10442,3/24/2023 4:12:18 PM,18.75
10442,3/24/2023 4:12:26 PM,18.13
10442,3/24/2023 4:12:34 PM,18.75
10442,3/24/2023 4:12:50 PM,18.13
10442,3/24/2023 4:12:58 PM,18.75
10442,3/24/2023 4:13:14 PM,18.13
10442,3/24/2023 4:13:18 PM,18.75
10442,3/24/2023 4:16:42 PM,18.13
10442,3/24/2023 4:16:46 PM,18.75
10442,3/24/2023 4:17:02 PM,18.13
10442,3/24/2023 4:17:06 PM,18.75
10442,3/24/2023 4:17:10 PM,18.13
10442,3/24/2023 4:17:14 PM,18.75
10442,3/24/2023 4:17:22 PM,18.13
10442,3/24/2023 4:17:34 PM,18.75
10442,3/24/2023 4:17:38 PM,18.13
10442,3/24/2023 4:18:22 PM,18.75
10442,3/24/2023 4:18:26 PM,18.13
10442,3/24/2023 4:18:34 PM,18.75
10442,3/24/2023 4:18:42 PM,18.13
10442,3/24/2023 4:18:50 PM,18.75
10442,3/24/2023 4:19:10 PM,18.13
10442,3/24/2023 4:19:22 PM,18.75
10442,3/24/2023 4:21:26 PM,18.13
10442,3/24/2023 4:21:30 PM,18.75
10442,3/24/2023 4:21:46 PM,18.13
10442,3/24/2023 4:21:54 PM,18.75
10442,3/24/2023 4:22:14 PM,18.13
10442,3/24/2023 4:22:22 PM,18.75
10442,3/24/2023 4:22:34 PM,18.13
10442,3/24/2023 4:22:42 PM,18.75
10442,3/24/2023 4:22:58 PM,18.13
10442,3/24/2023 4:24:06 PM,18.75
10442,3/24/2023 4:25:38 PM,18.13
10442,3/24/2023 4:25:42 PM,18.75
10442,3/24/2023 4:26:06 PM,18.13
10442,3/24/2023 4:26:10 PM,18.75
10442,3/24/2023 4:31:58 PM,18.13
10442,3/24/2023 4:32:02 PM,18.75
10442,3/24/2023 4:32:50 PM,18.13
10442,3/24/2023 4:32:58 PM,18.75
10442,3/24/2023 4:33:02 PM,18.13
10442,3/24/2023 4:33:06 PM,18.75
10442,3/24/2023 4:33:10 PM,18.13
10442,3/24/2023 4:33:18 PM,18.75
10442,3/24/2023 4:33:22 PM,18.13
10442,3/24/2023 4:33:46 PM,18.75
10442,3/24/2023 4:36:58 PM,18.13
10442,3/24/2023 4:37:06 PM,18.75
10442,3/24/2023 4:37:14 PM,18.13
10442,3/24/2023 4:37:26 PM,18.75
10442,3/24/2023 4:37:50 PM,18.13
10442,3/24/2023 4:37:54 PM,18.75
10442,3/24/2023 4:41:22 PM,19.38
10442,3/24/2023 4:41:26 PM,18.75
10442,3/24/2023 4:54:10 PM,18.13
10442,3/24/2023 4:54:14 PM,18.75
10442,3/24/2023 4:54:18 PM,18.13
10442,3/24/2023 4:54:22 PM,18.75
10442,3/24/2023 4:55:30 PM,18.13
10442,3/24/2023 4:55:34 PM,18.75
10442,3/24/2023 4:55:38 PM,18.13
10442,3/24/2023 4:56:02 PM,18.75
10442,3/24/2023 4:56:06 PM,18.13
10442,3/24/2023 4:56:54 PM,18.75
10442,3/24/2023 4:57:02 PM,18.13
10442,3/24/2023 4:57:30 PM,18.75
10442,3/24/2023 4:57:42 PM,18.13
10442,3/24/2023 4:57:54 PM,18.75
10442,3/24/2023 4:58:34 PM,18.13
10442,3/24/2023 4:58:38 PM,18.75
10442,3/24/2023 4:58:42 PM,18.13
10442,3/24/2023 4:58:54 PM,18.75
10442,3/24/2023 4:59:18 PM,18.13
10442,3/24/2023 4:59:26 PM,18.75
10442,3/24/2023 5:00:02 PM,18.13
10442,3/24/2023 5:00:06 PM,18.75
10442,3/24/2023 5:00:10 PM,18.13
10442,3/24/2023 5:00:26 PM,18.75
10442,3/24/2023 5:00:30 PM,18.13
10442,3/24/2023 5:11:06 PM,18.75
10442,3/24/2023 5:13:22 PM,18.13
10442,3/24/2023 5:14:18 PM,18.75
10442,3/24/2023 5:14:34 PM,18.13
10442,3/24/2023 5:14:42 PM,18.75
10442,3/24/2023 5:14:58 PM,18.13
10442,3/24/2023 5:15:02 PM,18.75
10442,3/24/2023 5:15:26 PM,18.13
10442,3/24/2023 5:15:58 PM,18.75
10442,3/24/2023 5:16:02 PM,18.13
10442,3/24/2023 5:16:06 PM,18.75
10442,3/24/2023 5:16:46 PM,18.13
10442,3/24/2023 5:16:54 PM,18.75
10442,3/24/2023 5:17:06 PM,18.13
10442,3/24/2023 5:17:18 PM,18.75
10442,3/24/2023 5:17:26 PM,18.13
10442,3/24/2023 5:18:22 PM,18.75
10442,3/24/2023 5:18:30 PM,18.13
10442,3/24/2023 5:18:54 PM,18.75
10442,3/24/2023 5:19:02 PM,18.13
10442,3/24/2023 5:19:10 PM,18.75
10442,3/24/2023 5:19:14 PM,18.13
10442,3/24/2023 5:22:38 PM,18.75
10442,3/24/2023 5:22:42 PM,18.13
10442,3/24/2023 5:24:50 PM,18.75
10442,3/24/2023 5:24:58 PM,18.13
10442,3/24/2023 5:25:26 PM,18.75
10442,3/24/2023 5:25:46 PM,18.13
10442,3/24/2023 5:29:46 PM,18.75
10442,3/24/2023 5:29:50 PM,18.13
10442,3/24/2023 5:31:54 PM,18.75
10442,3/24/2023 5:32:02 PM,18.13
10442,3/24/2023 5:32:42 PM,18.75
10442,3/24/2023 5:32:46 PM,18.13
10442,3/24/2023 5:32:58 PM,18.75
10442,3/24/2023 5:33:02 PM,18.13
10442,3/24/2023 5:33:26 PM,18.75
10442,3/24/2023 5:33:30 PM,18.13
10442,3/24/2023 5:40:34 PM,18.75
10442,3/24/2023 5:40:38 PM,18.13
10442,3/24/2023 5:45:34 PM,17.50
10442,3/24/2023 5:45:38 PM,18.75
10442,3/24/2023 5:45:42 PM,18.13
10442,3/24/2023 5:45:46 PM,18.75
10442,3/24/2023 5:45:50 PM,18.13
10442,3/24/2023 5:49:02 PM,18.75
10442,3/24/2023 5:49:06 PM,18.13
10442,3/24/2023 5:51:42 PM,18.75
10442,3/24/2023 5:52:10 PM,18.13
10442,3/24/2023 5:52:18 PM,18.75
10442,3/24/2023 5:52:30 PM,18.13
10442,3/24/2023 5:53:30 PM,18.75
10442,3/24/2023 5:53:34 PM,18.13
10442,3/24/2023 5:55:38 PM,18.75
10442,3/24/2023 5:55:42 PM,18.13
10442,3/24/2023 5:57:46 PM,18.75
10442,3/24/2023 5:57:50 PM,18.13
10442,3/24/2023 5:57:54 PM,18.75
10442,3/24/2023 5:58:02 PM,18.13
10442,3/24/2023 6:00:26 PM,18.75
10442,3/24/2023 6:01:06 PM,18.13
10442,3/24/2023 6:01:14 PM,18.75
10442,3/24/2023 6:02:34 PM,18.13
10442,3/24/2023 6:02:38 PM,18.75
10442,3/24/2023 6:03:46 PM,18.13
10442,3/24/2023 6:03:54 PM,18.75
10442,3/24/2023 6:05:38 PM,18.13
10442,3/24/2023 6:05:42 PM,18.75
10442,3/24/2023 6:07:38 PM,18.13
10442,3/24/2023 6:07:46 PM,18.75
10442,3/24/2023 6:13:38 PM,18.13
10442,3/24/2023 6:13:46 PM,18.75
10442,3/24/2023 6:13:50 PM,18.13
10442,3/24/2023 6:13:54 PM,18.75
10442,3/24/2023 6:16:38 PM,18.13
10442,3/24/2023 6:16:42 PM,18.75
10442,3/24/2023 6:17:42 PM,18.13
10442,3/24/2023 6:17:54 PM,18.75
10442,3/24/2023 6:23:30 PM,18.13
10442,3/24/2023 6:23:34 PM,18.75
10442,3/24/2023 6:34:54 PM,18.13
10442,3/24/2023 6:34:58 PM,18.75
10442,3/24/2023 6:35:02 PM,18.13
10442,3/24/2023 6:35:06 PM,18.75
10442,3/24/2023 6:35:38 PM,18.13
10442,3/24/2023 6:35:42 PM,18.75
10442,3/24/2023 6:35:46 PM,18.13
10442,3/24/2023 6:35:58 PM,18.75
10442,3/24/2023 6:37:54 PM,18.13
10442,3/24/2023 6:37:58 PM,18.75
10442,3/24/2023 6:38:10 PM,18.13
10442,3/24/2023 6:38:14 PM,18.75
10442,3/24/2023 6:38:18 PM,18.13
10442,3/24/2023 6:38:22 PM,18.75
10442,3/24/2023 6:39:34 PM,18.13
10442,3/24/2023 6:39:38 PM,18.75
10442,3/24/2023 6:40:02 PM,18.13
10442,3/24/2023 6:40:06 PM,18.75
10442,3/24/2023 6:40:34 PM,18.13
10442,3/24/2023 6:40:38 PM,18.75
10442,3/24/2023 6:40:46 PM,18.13
10442,3/24/2023 6:40:50 PM,18.75
10442,3/24/2023 6:42:06 PM,18.13
10442,3/24/2023 6:42:26 PM,18.75
10442,3/24/2023 6:43:02 PM,18.13
10442,3/24/2023 6:43:10 PM,18.75
10442,3/24/2023 6:43:46 PM,18.13
10442,3/24/2023 6:44:02 PM,18.75
10442,3/24/2023 6:44:06 PM,18.13
10442,3/24/2023 6:44:10 PM,18.75
10442,3/24/2023 6:46:02 PM,18.13
10442,3/24/2023 6:46:06 PM,18.75
10442,3/24/2023 7:01:38 PM,18.13
10442,3/24/2023 7:02:18 PM,18.75
10442,3/24/2023 7:02:26 PM,18.13
10442,3/24/2023 7:02:42 PM,18.75
10442,3/24/2023 7:02:54 PM,18.13
10442,3/24/2023 7:04:26 PM,18.75
10442,3/24/2023 7:04:30 PM,18.13
10442,3/24/2023 7:04:42 PM,18.75
10442,3/24/2023 7:04:50 PM,18.13
10442,3/24/2023 7:05:26 PM,18.75
10442,3/24/2023 7:05:42 PM,18.13
10442,3/24/2023 7:06:14 PM,18.75
10442,3/24/2023 7:07:10 PM,19.38
10442,3/24/2023 7:07:18 PM,18.75
10442,3/24/2023 7:07:26 PM,19.38
10442,3/24/2023 7:07:30 PM,18.75
10442,3/24/2023 7:07:54 PM,18.13
10442,3/24/2023 7:08:02 PM,18.75
10442,3/24/2023 7:09:26 PM,19.38
10442,3/24/2023 7:09:34 PM,18.75
10442,3/24/2023 7:09:58 PM,19.38
10442,3/24/2023 7:10:06 PM,18.75
10442,3/24/2023 7:13:26 PM,18.13
10442,3/24/2023 7:14:02 PM,18.75
10442,3/24/2023 7:14:06 PM,19.38
10442,3/24/2023 7:14:10 PM,18.75
10442,3/24/2023 7:14:14 PM,18.13
10442,3/24/2023 7:14:38 PM,18.75
10442,3/24/2023 7:16:18 PM,18.13
10442,3/24/2023 7:17:38 PM,18.75
10442,3/24/2023 7:18:10 PM,18.13
10442,3/24/2023 7:18:22 PM,18.75
10442,3/24/2023 7:18:26 PM,18.13
10442,3/24/2023 7:18:30 PM,18.75
10442,3/24/2023 7:18:34 PM,18.13
10442,3/24/2023 7:18:38 PM,18.75
10442,3/24/2023 7:19:02 PM,19.38
10442,3/24/2023 7:19:06 PM,18.75
10442,3/24/2023 7:21:18 PM,19.38
10442,3/24/2023 7:21:22 PM,18.75
10442,3/24/2023 7:22:30 PM,19.38
10442,3/24/2023 7:22:38 PM,18.75
10442,3/24/2023 7:22:58 PM,19.38
10442,3/24/2023 7:24:10 PM,18.75
10442,3/24/2023 7:24:26 PM,19.38
10442,3/24/2023 7:24:30 PM,18.75
10442,3/24/2023 7:25:14 PM,19.38
10442,3/24/2023 7:25:30 PM,18.75
10442,3/24/2023 7:30:26 PM,18.13
10442,3/24/2023 7:30:34 PM,18.75
10442,3/24/2023 7:32:42 PM,18.13
10442,3/24/2023 7:32:46 PM,18.75
10442,3/24/2023 7:32:54 PM,18.13
10442,3/24/2023 7:33:06 PM,18.75
10442,3/24/2023 7:33:10 PM,18.13
10442,3/24/2023 7:34:22 PM,18.75
10442,3/24/2023 7:34:26 PM,18.13
10442,3/24/2023 7:34:38 PM,18.75
10442,3/24/2023 7:34:42 PM,18.13
10442,3/24/2023 7:34:46 PM,18.75
10442,3/24/2023 7:35:34 PM,18.13
10442,3/24/2023 7:35:38 PM,18.75
10442,3/24/2023 7:35:42 PM,18.13
10442,3/24/2023 7:36:38 PM,18.75
10442,3/24/2023 7:36:42 PM,18.13
10442,3/24/2023 7:38:14 PM,18.75
10442,3/24/2023 7:42:38 PM,19.38
10442,3/24/2023 7:43:10 PM,18.75
10442,3/24/2023 7:43:14 PM,19.38
10442,3/24/2023 7:44:30 PM,18.75
10442,3/24/2023 7:44:34 PM,19.38
10442,3/24/2023 7:45:54 PM,18.75
10442,3/24/2023 7:46:02 PM,19.38
10442,3/24/2023 7:49:18 PM,20.63
10442,3/24/2023 7:49:22 PM,20.00
10442,3/24/2023 7:49:26 PM,19.38
10442,3/24/2023 7:54:34 PM,18.75
10442,3/24/2023 7:54:38 PM,19.38
10442,3/24/2023 7:54:42 PM,18.75
10442,3/24/2023 7:54:46 PM,19.38
10442,3/24/2023 7:55:38 PM,18.75
10442,3/24/2023 7:55:54 PM,19.38
10442,3/24/2023 7:56:02 PM,18.75
10442,3/24/2023 7:56:38 PM,19.38
10442,3/24/2023 7:56:42 PM,18.75
10442,3/24/2023 8:02:38 PM,19.38
10442,3/24/2023 8:02:42 PM,18.75
10442,3/24/2023 8:02:46 PM,18.13
10442,3/24/2023 8:02:50 PM,18.75
10442,3/24/2023 8:10:02 PM,18.13
10442,3/24/2023 8:10:06 PM,18.75
10442,3/24/2023 8:11:06 PM,18.13
10442,3/24/2023 8:11:10 PM,18.75
10442,3/24/2023 8:11:14 PM,18.13
10442,3/24/2023 8:11:18 PM,18.75
10442,3/24/2023 8:11:54 PM,18.13
10442,3/24/2023 8:11:58 PM,18.75
10442,3/24/2023 8:12:22 PM,18.13
10442,3/24/2023 8:12:30 PM,18.75
10442,3/24/2023 8:12:34 PM,18.13
10442,3/24/2023 8:12:38 PM,18.75
10442,3/24/2023 8:12:42 PM,18.13
10442,3/24/2023 8:12:46 PM,18.75
10442,3/24/2023 8:13:38 PM,18.13
10442,3/24/2023 8:13:46 PM,18.75
10442,3/24/2023 8:13:58 PM,18.13
10442,3/24/2023 8:14:06 PM,18.75
10442,3/24/2023 8:14:18 PM,18.13
10442,3/24/2023 8:14:26 PM,18.75
10442,3/24/2023 8:15:30 PM,18.13
10442,3/24/2023 8:15:34 PM,18.75
10442,3/24/2023 8:15:46 PM,18.13
10442,3/24/2023 8:15:50 PM,18.75
10442,3/24/2023 8:16:02 PM,18.13
10442,3/24/2023 8:16:22 PM,18.75
10442,3/24/2023 8:16:34 PM,18.13
10442,3/24/2023 8:16:42 PM,18.75
10442,3/24/2023 8:16:50 PM,18.13
10442,3/24/2023 8:17:18 PM,18.75
10442,3/24/2023 8:17:30 PM,18.13
10442,3/24/2023 8:17:34 PM,18.75
10442,3/24/2023 8:17:46 PM,18.13
10442,3/24/2023 8:17:50 PM,18.75
10442,3/24/2023 8:17:58 PM,18.13
10442,3/24/2023 8:18:30 PM,18.75
10442,3/24/2023 8:18:38 PM,18.13
10442,3/24/2023 8:19:10 PM,18.75
10442,3/24/2023 8:19:58 PM,18.13
10442,3/24/2023 8:21:18 PM,18.75
10442,3/24/2023 8:21:22 PM,18.13
10442,3/24/2023 8:21:50 PM,18.75
10442,3/24/2023 8:21:54 PM,18.13
10442,3/24/2023 8:22:18 PM,18.75
10442,3/24/2023 8:22:26 PM,18.13
10442,3/24/2023 8:22:34 PM,18.75
10442,3/24/2023 8:22:38 PM,18.13
10442,3/24/2023 8:22:42 PM,18.75
10442,3/24/2023 8:23:34 PM,18.13
10442,3/24/2023 8:23:38 PM,18.75
10442,3/24/2023 8:23:42 PM,18.13
10442,3/24/2023 8:23:58 PM,18.75
10442,3/24/2023 8:24:54 PM,18.13
10442,3/24/2023 8:24:58 PM,18.75
10442,3/24/2023 8:31:26 PM,19.38
10442,3/24/2023 8:31:30 PM,18.75
10442,3/24/2023 8:31:34 PM,19.38
10442,3/24/2023 8:31:42 PM,18.75
10442,3/24/2023 8:31:54 PM,19.38
10442,3/24/2023 8:31:58 PM,18.75
10442,3/24/2023 8:32:18 PM,19.38
10442,3/24/2023 8:32:26 PM,18.75
10442,3/24/2023 8:39:10 PM,18.13
10442,3/24/2023 8:39:14 PM,18.75
10442,3/24/2023 8:39:18 PM,18.13
10442,3/24/2023 8:39:22 PM,18.75
10442,3/24/2023 8:42:30 PM,18.13
10442,3/24/2023 8:42:34 PM,18.75
10442,3/24/2023 8:50:14 PM,18.13
10442,3/24/2023 8:50:18 PM,18.75
10442,3/24/2023 8:50:50 PM,18.13
10442,3/24/2023 8:50:54 PM,18.75
10442,3/24/2023 8:51:02 PM,18.13
10442,3/24/2023 8:51:06 PM,18.75
10442,3/24/2023 8:51:22 PM,18.13
10442,3/24/2023 8:51:26 PM,18.75
10442,3/24/2023 8:52:22 PM,18.13
10442,3/24/2023 8:52:26 PM,18.75
10442,3/24/2023 8:52:46 PM,18.13
10442,3/24/2023 8:52:50 PM,18.75
10442,3/24/2023 8:53:18 PM,18.13
10442,3/24/2023 8:53:22 PM,18.75
10442,3/24/2023 8:53:26 PM,18.13
10442,3/24/2023 8:53:30 PM,18.75
10442,3/24/2023 8:56:58 PM,18.13
10442,3/24/2023 8:57:02 PM,19.38
10442,3/24/2023 8:57:06 PM,18.75
10442,3/24/2023 8:57:10 PM,18.13
10442,3/24/2023 8:57:14 PM,18.75
10442,3/24/2023 8:58:54 PM,18.13
10442,3/24/2023 8:58:58 PM,18.75
10442,3/24/2023 9:00:06 PM,19.38
10442,3/24/2023 9:00:10 PM,18.75
10442,3/24/2023 9:19:42 PM,18.13
10442,3/24/2023 9:19:46 PM,18.75
10442,3/24/2023 9:27:14 PM,19.38
10442,3/24/2023 9:27:50 PM,18.75
10442,3/24/2023 9:48:54 PM,19.38
10442,3/24/2023 9:48:58 PM,18.75
10442,3/24/2023 9:49:18 PM,18.13
10442,3/24/2023 9:49:22 PM,18.75
10442,3/24/2023 9:49:50 PM,19.38
10442,3/24/2023 9:49:54 PM,18.75
10442,3/24/2023 9:50:58 PM,18.13
10442,3/24/2023 9:51:02 PM,18.75
10442,3/24/2023 9:57:30 PM,18.13
10442,3/24/2023 9:57:34 PM,18.75
10442,3/24/2023 9:59:34 PM,18.13
10442,3/24/2023 9:59:38 PM,18.75
10442,3/24/2023 10:05:46 PM,19.38
10442,3/24/2023 10:05:50 PM,18.75
10442,3/24/2023 10:31:42 PM,19.38
10442,3/24/2023 10:31:46 PM,18.75
10442,3/24/2023 10:31:58 PM,19.38
10442,3/24/2023 10:32:06 PM,18.75
10442,3/24/2023 10:37:38 PM,18.13
10442,3/24/2023 10:37:42 PM,18.75
10442,3/24/2023 10:38:14 PM,19.38
10442,3/24/2023 10:38:18 PM,18.75
10442,3/24/2023 10:38:26 PM,19.38
10442,3/24/2023 10:38:30 PM,18.13
10442,3/24/2023 10:38:34 PM,18.75
10442,3/24/2023 10:56:58 PM,18.13
10442,3/24/2023 10:57:02 PM,18.75
10442,3/24/2023 10:57:18 PM,19.38
10442,3/24/2023 10:57:22 PM,18.75
10442,3/24/2023 10:58:18 PM,18.13
10442,3/24/2023 10:58:22 PM,18.75
10442,3/24/2023 10:58:34 PM,18.13
10442,3/24/2023 10:58:38 PM,18.75
10442,3/24/2023 10:58:46 PM,18.13
10442,3/24/2023 10:58:54 PM,18.75
10442,3/24/2023 10:59:02 PM,18.13
10442,3/24/2023 10:59:06 PM,18.75
10442,3/24/2023 10:59:14 PM,18.13
10442,3/24/2023 10:59:18 PM,18.75
10442,3/24/2023 10:59:26 PM,18.13
10442,3/24/2023 10:59:42 PM,18.75
10442,3/24/2023 10:59:50 PM,18.13
10442,3/24/2023 10:59:54 PM,18.75
10442,3/24/2023 10:59:58 PM,18.13
10442,3/24/2023 11:00:02 PM,18.75
10442,3/24/2023 11:00:06 PM,18.13
10442,3/24/2023 11:00:10 PM,18.75
10442,3/24/2023 11:00:14 PM,18.13
10442,3/24/2023 11:00:18 PM,18.75
10442,3/24/2023 11:00:22 PM,18.13
10442,3/24/2023 11:00:26 PM,18.75
10442,3/24/2023 11:00:30 PM,18.13
10442,3/24/2023 11:00:34 PM,18.75
10442,3/24/2023 11:00:42 PM,18.13
10442,3/24/2023 11:00:58 PM,18.75
10442,3/24/2023 11:01:10 PM,18.13
10442,3/24/2023 11:01:22 PM,18.75
10442,3/24/2023 11:01:30 PM,18.13
10442,3/24/2023 11:01:34 PM,18.75
10442,3/24/2023 11:01:46 PM,18.13
10442,3/24/2023 11:02:02 PM,18.75
10442,3/24/2023 11:02:06 PM,18.13
10442,3/24/2023 11:02:10 PM,18.75
10442,3/24/2023 11:02:30 PM,18.13
10442,3/24/2023 11:02:34 PM,18.75
10442,3/24/2023 11:03:34 PM,18.13
10442,3/24/2023 11:03:38 PM,18.75
10442,3/24/2023 11:03:42 PM,18.13
10442,3/24/2023 11:03:46 PM,18.75
10442,3/24/2023 11:04:02 PM,18.13
10442,3/24/2023 11:04:06 PM,18.75
10442,3/24/2023 11:04:34 PM,18.13
10442,3/24/2023 11:04:42 PM,18.75
10442,3/24/2023 11:05:10 PM,18.13
10442,3/24/2023 11:05:14 PM,18.75
10442,3/24/2023 11:05:42 PM,18.13
10442,3/24/2023 11:05:50 PM,18.75
10442,3/24/2023 11:05:58 PM,18.13
10442,3/24/2023 11:06:02 PM,18.75
10442,3/24/2023 11:06:06 PM,18.13
10442,3/24/2023 11:06:10 PM,18.75
10442,3/24/2023 11:06:22 PM,18.13
10442,3/24/2023 11:06:30 PM,18.75
10442,3/24/2023 11:06:38 PM,18.13
10442,3/24/2023 11:06:42 PM,18.75
10442,3/24/2023 11:08:30 PM,18.13
10442,3/24/2023 11:08:34 PM,18.75
10442,3/24/2023 11:08:42 PM,18.13
10442,3/24/2023 11:08:50 PM,18.75
10442,3/24/2023 11:09:50 PM,18.13
10442,3/24/2023 11:09:58 PM,18.75
10442,3/24/2023 11:11:46 PM,18.13
10442,3/24/2023 11:11:54 PM,18.75
10442,3/24/2023 11:12:14 PM,18.13
10442,3/24/2023 11:12:22 PM,18.75
10442,3/24/2023 11:12:26 PM,18.13
10442,3/24/2023 11:12:30 PM,18.75
10442,3/24/2023 11:12:34 PM,18.13
10442,3/24/2023 11:12:46 PM,18.75
10442,3/24/2023 11:12:50 PM,18.13
10442,3/24/2023 11:12:54 PM,18.75
10442,3/24/2023 11:12:58 PM,18.13
10442,3/24/2023 11:13:02 PM,18.75
10442,3/24/2023 11:13:38 PM,18.13
10442,3/24/2023 11:13:46 PM,18.75
10442,3/24/2023 11:14:10 PM,18.13
10442,3/24/2023 11:14:14 PM,18.75
10442,3/24/2023 11:14:30 PM,18.13
10442,3/24/2023 11:14:34 PM,18.75
10442,3/24/2023 11:15:18 PM,18.13
10442,3/24/2023 11:15:22 PM,18.75
10442,3/24/2023 11:15:50 PM,18.13
10442,3/24/2023 11:15:54 PM,18.75
10442,3/24/2023 11:16:02 PM,18.13
10442,3/24/2023 11:16:06 PM,18.75
10442,3/24/2023 11:16:10 PM,18.13
10442,3/24/2023 11:16:30 PM,18.75
10442,3/24/2023 11:17:58 PM,18.13
10442,3/24/2023 11:18:06 PM,18.75
10442,3/24/2023 11:18:10 PM,18.13
10442,3/24/2023 11:18:18 PM,18.75
10442,3/24/2023 11:18:22 PM,18.13
10442,3/24/2023 11:18:34 PM,18.75
10442,3/24/2023 11:18:38 PM,18.13
10442,3/24/2023 11:18:42 PM,18.75
10442,3/24/2023 11:22:42 PM,18.13
10442,3/24/2023 11:22:50 PM,18.75
10442,3/24/2023 11:22:58 PM,19.38
10442,3/24/2023 11:23:02 PM,18.75
10442,3/24/2023 11:30:50 PM,18.13
10442,3/24/2023 11:30:54 PM,18.75
10442,3/24/2023 11:40:06 PM,18.13
10442,3/24/2023 11:40:10 PM,18.75
10442,3/24/2023 11:40:22 PM,18.13
10442,3/24/2023 11:40:38 PM,18.75
10442,3/24/2023 11:44:50 PM,18.13
10442,3/24/2023 11:44:54 PM,18.75
10442,3/24/2023 11:50:46 PM,18.13
10442,3/24/2023 11:50:54 PM,18.75
10442,3/24/2023 11:52:14 PM,18.13
10442,3/24/2023 11:52:18 PM,18.75
