GICDeviceID,SampleDateTime,GICMeasured
10100,4/15/2025 12:10:42 AM,0.20
10100,4/15/2025 12:10:43 AM,0.10
10100,4/15/2025 12:10:44 AM,0.20
10100,4/15/2025 12:11:27 AM,0.20
10100,4/15/2025 12:11:28 AM,0.10
10100,4/15/2025 12:11:29 AM,0.20
10100,4/15/2025 12:13:01 AM,0.20
10100,4/15/2025 12:13:02 AM,0.10
10100,4/15/2025 12:13:03 AM,0.20
10100,4/15/2025 12:13:21 AM,0.20
10100,4/15/2025 12:13:22 AM,0.10
10100,4/15/2025 12:13:23 AM,0.20
10100,4/15/2025 12:13:26 AM,0.20
10100,4/15/2025 12:13:27 AM,0.10
10100,4/15/2025 12:13:28 AM,0.10
10100,4/15/2025 12:13:29 AM,0.20
10100,4/15/2025 12:13:34 AM,0.20
10100,4/15/2025 12:13:35 AM,0.10
10100,4/15/2025 12:13:36 AM,0.20
10100,4/15/2025 12:13:37 AM,0.20
10100,4/15/2025 12:13:38 AM,0.10
10100,4/15/2025 12:13:39 AM,0.20
10100,4/15/2025 12:13:40 AM,0.10
10100,4/15/2025 12:13:41 AM,0.20
10100,4/15/2025 12:13:50 AM,0.20
10100,4/15/2025 12:13:51 AM,0.10
10100,4/15/2025 12:13:52 AM,0.20
10100,4/15/2025 12:13:56 AM,0.20
10100,4/15/2025 12:13:57 AM,0.10
10100,4/15/2025 12:13:58 AM,0.20
10100,4/15/2025 12:13:59 AM,0.10
10100,4/15/2025 12:14:01 AM,0.20
10100,4/15/2025 12:14:01 AM,0.10
10100,4/15/2025 12:14:02 AM,0.10
10100,4/15/2025 12:14:03 AM,0.20
10100,4/15/2025 12:14:07 AM,0.20
10100,4/15/2025 12:14:08 AM,0.10
10100,4/15/2025 12:14:09 AM,0.20
10100,4/15/2025 12:14:16 AM,0.20
10100,4/15/2025 12:14:17 AM,0.10
10100,4/15/2025 12:14:18 AM,0.20
10100,4/15/2025 12:14:21 AM,0.20
10100,4/15/2025 12:14:22 AM,0.10
10100,4/15/2025 12:14:23 AM,0.20
10100,4/15/2025 12:14:26 AM,0.20
10100,4/15/2025 12:14:27 AM,0.10
10100,4/15/2025 12:14:28 AM,0.10
10100,4/15/2025 12:14:29 AM,0.20
10100,4/15/2025 12:14:30 AM,0.10
10100,4/15/2025 12:14:31 AM,0.20
10100,4/15/2025 12:14:32 AM,0.20
10100,4/15/2025 12:14:33 AM,0.10
10100,4/15/2025 12:14:34 AM,0.10
10100,4/15/2025 12:14:35 AM,0.20
10100,4/15/2025 12:14:36 AM,0.10
10100,4/15/2025 12:14:38 AM,0.10
10100,4/15/2025 12:14:39 AM,0.20
10100,4/15/2025 12:14:40 AM,0.20
10100,4/15/2025 12:14:41 AM,0.10
10100,4/15/2025 12:14:42 AM,0.10
10100,4/15/2025 12:14:43 AM,0.20
10100,4/15/2025 12:14:48 AM,0.20
10100,4/15/2025 12:14:49 AM,0.10
10100,4/15/2025 12:14:50 AM,0.20
10100,4/15/2025 12:14:53 AM,0.20
10100,4/15/2025 12:14:54 AM,0.10
10100,4/15/2025 12:14:55 AM,0.20
10100,4/15/2025 12:14:56 AM,0.20
10100,4/15/2025 12:14:57 AM,0.10
10100,4/15/2025 12:14:58 AM,0.10
10100,4/15/2025 12:14:59 AM,0.20
10100,4/15/2025 12:15:01 AM,0.10
10100,4/15/2025 12:15:01 AM,0.20
10100,4/15/2025 12:15:02 AM,0.10
10100,4/15/2025 12:15:03 AM,0.20
10100,4/15/2025 12:15:04 AM,0.10
10100,4/15/2025 12:15:05 AM,0.20
10100,4/15/2025 12:15:06 AM,0.10
10100,4/15/2025 12:15:07 AM,0.20
10100,4/15/2025 12:15:09 AM,0.20
10100,4/15/2025 12:15:10 AM,0.10
10100,4/15/2025 12:15:13 AM,0.10
10100,4/15/2025 12:15:14 AM,0.20
10100,4/15/2025 12:15:16 AM,0.20
10100,4/15/2025 12:15:17 AM,0.10
10100,4/15/2025 12:15:18 AM,0.10
10100,4/15/2025 12:15:19 AM,0.20
10100,4/15/2025 12:15:20 AM,0.10
10100,4/15/2025 12:15:25 AM,0.10
10100,4/15/2025 12:15:26 AM,0.20
10100,4/15/2025 12:15:27 AM,0.10
10100,4/15/2025 12:15:28 AM,0.20
10100,4/15/2025 12:15:29 AM,0.20
10100,4/15/2025 12:15:30 AM,0.10
10100,4/15/2025 12:15:31 AM,0.10
10100,4/15/2025 12:15:32 AM,0.20
10100,4/15/2025 12:15:33 AM,0.20
10100,4/15/2025 12:15:34 AM,0.10
10100,4/15/2025 12:15:35 AM,0.20
10100,4/15/2025 12:15:38 AM,0.20
10100,4/15/2025 12:15:39 AM,0.10
10100,4/15/2025 12:15:40 AM,0.20
10100,4/15/2025 12:15:41 AM,0.20
10100,4/15/2025 12:15:42 AM,0.10
10100,4/15/2025 12:15:43 AM,0.20
10100,4/15/2025 12:15:44 AM,0.20
10100,4/15/2025 12:15:45 AM,0.10
10100,4/15/2025 12:15:46 AM,0.10
10100,4/15/2025 12:15:47 AM,0.20
10100,4/15/2025 12:15:48 AM,0.10
10100,4/15/2025 12:15:49 AM,0.20
10100,4/15/2025 12:15:50 AM,0.10
10100,4/15/2025 12:15:51 AM,0.20
10100,4/15/2025 12:15:54 AM,0.20
10100,4/15/2025 12:15:55 AM,0.10
10100,4/15/2025 12:15:57 AM,0.10
10100,4/15/2025 12:15:58 AM,0.20
10100,4/15/2025 12:15:59 AM,0.10
10100,4/15/2025 12:16:01 AM,0.10
10100,4/15/2025 12:16:02 AM,0.20
10100,4/15/2025 12:16:03 AM,0.10
10100,4/15/2025 12:16:04 AM,0.20
10100,4/15/2025 12:16:05 AM,0.10
10100,4/15/2025 12:16:11 AM,0.10
10100,4/15/2025 12:16:12 AM,0.20
10100,4/15/2025 12:16:13 AM,0.10
10100,4/15/2025 12:16:18 AM,0.10
10100,4/15/2025 12:16:19 AM,0.20
10100,4/15/2025 12:16:20 AM,0.20
10100,4/15/2025 12:16:21 AM,0.10
10100,4/15/2025 12:16:22 AM,0.10
10100,4/15/2025 12:16:23 AM,0.20
10100,4/15/2025 12:16:24 AM,0.20
10100,4/15/2025 12:16:25 AM,0.10
10100,4/15/2025 12:16:30 AM,0.10
10100,4/15/2025 12:16:31 AM,0.20
10100,4/15/2025 12:16:32 AM,0.10
10100,4/15/2025 12:16:33 AM,0.20
10100,4/15/2025 12:16:34 AM,0.10
10100,4/15/2025 12:16:35 AM,0.10
10100,4/15/2025 12:16:36 AM,0.20
10100,4/15/2025 12:16:37 AM,0.20
10100,4/15/2025 12:16:38 AM,0.10
10100,4/15/2025 12:16:40 AM,0.10
10100,4/15/2025 12:16:41 AM,0.20
10100,4/15/2025 12:16:42 AM,0.10
10100,4/15/2025 12:16:45 AM,0.10
10100,4/15/2025 12:16:46 AM,0.20
10100,4/15/2025 12:16:47 AM,0.20
10100,4/15/2025 12:16:48 AM,0.10
10100,4/15/2025 12:16:51 AM,0.10
10100,4/15/2025 12:16:52 AM,0.20
10100,4/15/2025 12:16:53 AM,0.10
10100,4/15/2025 12:16:54 AM,0.10
10100,4/15/2025 12:16:55 AM,0.20
10100,4/15/2025 12:16:56 AM,0.10
10100,4/15/2025 12:17:01 AM,0.10
10100,4/15/2025 12:17:02 AM,0.20
10100,4/15/2025 12:17:03 AM,0.10
10100,4/15/2025 12:17:06 AM,0.10
10100,4/15/2025 12:17:07 AM,0.20
10100,4/15/2025 12:17:08 AM,0.10
10100,4/15/2025 12:17:15 AM,0.10
10100,4/15/2025 12:17:16 AM,0.20
10100,4/15/2025 12:17:17 AM,0.10
10100,4/15/2025 12:17:22 AM,0.10
10100,4/15/2025 12:17:23 AM,0.20
10100,4/15/2025 12:17:24 AM,0.10
10100,4/15/2025 12:17:30 AM,0.10
10100,4/15/2025 12:17:31 AM,0.20
10100,4/15/2025 12:17:32 AM,0.20
10100,4/15/2025 12:17:33 AM,0.10
10100,4/15/2025 12:17:36 AM,0.10
10100,4/15/2025 12:17:37 AM,0.20
10100,4/15/2025 12:17:39 AM,0.20
10100,4/15/2025 12:17:40 AM,0.10
10100,4/15/2025 12:17:42 AM,0.10
10100,4/15/2025 12:17:43 AM,0.20
10100,4/15/2025 12:17:44 AM,0.10
10100,4/15/2025 12:17:48 AM,0.10
10100,4/15/2025 12:17:49 AM,0.20
10100,4/15/2025 12:17:50 AM,0.10
10100,4/15/2025 12:17:53 AM,0.10
10100,4/15/2025 12:17:54 AM,0.20
10100,4/15/2025 12:17:55 AM,0.10
10100,4/15/2025 12:18:02 AM,0.10
10100,4/15/2025 12:18:03 AM,0.20
10100,4/15/2025 12:18:04 AM,0.10
10100,4/15/2025 12:18:13 AM,0.10
10100,4/15/2025 12:18:14 AM,0.20
10100,4/15/2025 12:18:15 AM,0.10
10100,4/15/2025 12:18:18 AM,0.10
10100,4/15/2025 12:18:19 AM,0.20
10100,4/15/2025 12:18:20 AM,0.10
10100,4/15/2025 12:18:21 AM,0.20
10100,4/15/2025 12:18:22 AM,0.10
10100,4/15/2025 12:18:48 AM,0.10
10100,4/15/2025 12:18:49 AM,0.20
10100,4/15/2025 12:18:50 AM,0.10
10100,4/15/2025 12:18:57 AM,0.10
10100,4/15/2025 12:18:58 AM,0.20
10100,4/15/2025 12:18:59 AM,0.10
10100,4/15/2025 12:19:05 AM,0.10
10100,4/15/2025 12:19:06 AM,0.20
10100,4/15/2025 12:19:07 AM,0.10
10100,4/15/2025 12:19:19 AM,0.10
10100,4/15/2025 12:19:20 AM,0.20
10100,4/15/2025 12:19:21 AM,0.10
10100,4/15/2025 12:19:26 AM,0.10
10100,4/15/2025 12:19:27 AM,0.20
10100,4/15/2025 12:19:28 AM,0.10
10100,4/15/2025 12:19:33 AM,0.10
10100,4/15/2025 12:19:34 AM,0.20
10100,4/15/2025 12:19:35 AM,0.10
10100,4/15/2025 12:19:51 AM,0.10
10100,4/15/2025 12:19:52 AM,0.20
10100,4/15/2025 12:19:53 AM,0.10
10100,4/15/2025 12:20:10 AM,0.10
10100,4/15/2025 12:20:11 AM,0.20
10100,4/15/2025 12:20:12 AM,0.10
10100,4/15/2025 12:20:41 AM,0.10
10100,4/15/2025 12:20:42 AM,0.20
10100,4/15/2025 12:20:43 AM,0.10
10100,4/15/2025 12:21:15 AM,0.10
10100,4/15/2025 12:21:16 AM,0.20
10100,4/15/2025 12:21:17 AM,0.10
10100,4/15/2025 12:26:53 AM,0.10
10100,4/15/2025 12:26:54 AM,0.20
10100,4/15/2025 12:26:55 AM,0.10
10100,4/15/2025 12:27:16 AM,0.10
10100,4/15/2025 12:27:17 AM,0.20
10100,4/15/2025 12:27:18 AM,0.10
10100,4/15/2025 12:27:31 AM,0.10
10100,4/15/2025 12:27:32 AM,0.20
10100,4/15/2025 12:27:33 AM,0.10
10100,4/15/2025 12:27:41 AM,0.10
10100,4/15/2025 12:27:42 AM,0.20
10100,4/15/2025 12:27:43 AM,0.10
10100,4/15/2025 12:28:03 AM,0.10
10100,4/15/2025 12:28:04 AM,0.20
10100,4/15/2025 12:28:05 AM,0.10
10100,4/15/2025 12:28:06 AM,0.20
10100,4/15/2025 12:28:07 AM,0.10
10100,4/15/2025 12:28:40 AM,0.10
10100,4/15/2025 12:28:41 AM,0.20
10100,4/15/2025 12:28:42 AM,0.20
10100,4/15/2025 12:28:43 AM,0.10
10100,4/15/2025 12:28:55 AM,0.10
10100,4/15/2025 12:28:56 AM,0.20
10100,4/15/2025 12:28:57 AM,0.10
10100,4/15/2025 12:29:05 AM,0.10
10100,4/15/2025 12:29:06 AM,0.20
10100,4/15/2025 12:29:07 AM,0.20
10100,4/15/2025 12:29:08 AM,0.10
10100,4/15/2025 12:29:09 AM,0.10
10100,4/15/2025 12:29:10 AM,0.20
10100,4/15/2025 12:29:11 AM,0.10
10100,4/15/2025 12:29:12 AM,0.20
10100,4/15/2025 12:29:13 AM,0.10
10100,4/15/2025 12:29:18 AM,0.10
10100,4/15/2025 12:29:19 AM,0.20
10100,4/15/2025 12:29:22 AM,0.20
10100,4/15/2025 12:29:23 AM,0.10
10100,4/15/2025 12:29:34 AM,0.10
10100,4/15/2025 12:29:35 AM,0.20
10100,4/15/2025 12:29:36 AM,0.20
10100,4/15/2025 12:29:37 AM,0.10
10100,4/15/2025 12:29:43 AM,0.10
10100,4/15/2025 12:29:44 AM,0.20
10100,4/15/2025 12:29:45 AM,0.10
10100,4/15/2025 12:29:47 AM,0.10
10100,4/15/2025 12:29:48 AM,0.20
10100,4/15/2025 12:29:49 AM,0.10
10100,4/15/2025 12:29:56 AM,0.10
10100,4/15/2025 12:29:57 AM,0.20
10100,4/15/2025 12:29:58 AM,0.10
10100,4/15/2025 12:29:59 AM,0.10
10100,4/15/2025 12:30:01 AM,0.20
10100,4/15/2025 12:30:01 AM,0.10
10100,4/15/2025 12:30:03 AM,0.10
10100,4/15/2025 12:30:04 AM,0.20
10100,4/15/2025 12:30:05 AM,0.10
10100,4/15/2025 12:30:07 AM,0.10
10100,4/15/2025 12:30:08 AM,0.20
10100,4/15/2025 12:30:09 AM,0.10
10100,4/15/2025 12:30:18 AM,0.10
10100,4/15/2025 12:30:19 AM,0.20
10100,4/15/2025 12:30:20 AM,0.10
10100,4/15/2025 12:30:33 AM,0.10
10100,4/15/2025 12:30:34 AM,0.20
10100,4/15/2025 12:30:35 AM,0.20
10100,4/15/2025 12:30:36 AM,0.10
10100,4/15/2025 12:30:37 AM,0.20
10100,4/15/2025 12:30:38 AM,0.10
10100,4/15/2025 12:30:43 AM,0.10
10100,4/15/2025 12:30:44 AM,0.20
10100,4/15/2025 12:30:45 AM,0.10
10100,4/15/2025 12:30:46 AM,0.20
10100,4/15/2025 12:30:47 AM,0.10
10100,4/15/2025 12:30:48 AM,0.10
10100,4/15/2025 12:30:49 AM,0.20
10100,4/15/2025 12:30:50 AM,0.10
10100,4/15/2025 12:30:52 AM,0.10
10100,4/15/2025 12:30:53 AM,0.20
10100,4/15/2025 12:30:58 AM,0.20
10100,4/15/2025 12:30:59 AM,0.10
10100,4/15/2025 12:31:01 AM,0.10
10100,4/15/2025 12:31:01 AM,0.20
10100,4/15/2025 12:31:03 AM,0.20
10100,4/15/2025 12:31:04 AM,0.10
10100,4/15/2025 12:31:05 AM,0.10
10100,4/15/2025 12:31:06 AM,0.20
10100,4/15/2025 12:31:09 AM,0.20
10100,4/15/2025 12:31:10 AM,0.10
10100,4/15/2025 12:31:11 AM,0.10
10100,4/15/2025 12:31:12 AM,0.20
10100,4/15/2025 12:31:13 AM,0.20
10100,4/15/2025 12:31:14 AM,0.10
10100,4/15/2025 12:31:15 AM,0.10
10100,4/15/2025 12:31:16 AM,0.20
10100,4/15/2025 12:31:17 AM,0.10
10100,4/15/2025 12:31:18 AM,0.20
10100,4/15/2025 12:31:19 AM,0.10
10100,4/15/2025 12:31:20 AM,0.20
10100,4/15/2025 12:31:21 AM,0.10
10100,4/15/2025 12:31:22 AM,0.10
10100,4/15/2025 12:31:23 AM,0.20
10100,4/15/2025 12:31:24 AM,0.10
10100,4/15/2025 12:31:27 AM,0.10
10100,4/15/2025 12:31:28 AM,0.20
10100,4/15/2025 12:31:29 AM,0.10
10100,4/15/2025 12:31:30 AM,0.10
10100,4/15/2025 12:31:31 AM,0.20
10100,4/15/2025 12:31:32 AM,0.10
10100,4/15/2025 12:31:33 AM,0.10
10100,4/15/2025 12:31:34 AM,0.20
10100,4/15/2025 12:31:35 AM,0.20
10100,4/15/2025 12:31:36 AM,0.10
10100,4/15/2025 12:31:37 AM,0.10
10100,4/15/2025 12:31:38 AM,0.20
10100,4/15/2025 12:31:42 AM,0.20
10100,4/15/2025 12:31:43 AM,0.10
10100,4/15/2025 12:31:44 AM,0.10
10100,4/15/2025 12:31:45 AM,0.20
10100,4/15/2025 12:31:46 AM,0.20
10100,4/15/2025 12:31:47 AM,0.10
10100,4/15/2025 12:31:48 AM,0.20
10100,4/15/2025 12:31:49 AM,0.20
10100,4/15/2025 12:31:50 AM,0.10
10100,4/15/2025 12:31:51 AM,0.20
10100,4/15/2025 12:31:54 AM,0.20
10100,4/15/2025 12:31:55 AM,0.10
10100,4/15/2025 12:31:56 AM,0.20
10100,4/15/2025 12:32:01 AM,0.20
10100,4/15/2025 12:32:01 AM,0.10
10100,4/15/2025 12:32:02 AM,0.20
10100,4/15/2025 12:32:03 AM,0.10
10100,4/15/2025 12:32:04 AM,0.20
10100,4/15/2025 12:32:05 AM,0.20
10100,4/15/2025 12:32:06 AM,0.10
10100,4/15/2025 12:32:07 AM,0.20
10100,4/15/2025 12:32:08 AM,0.20
10100,4/15/2025 12:32:09 AM,0.10
10100,4/15/2025 12:32:10 AM,0.20
10100,4/15/2025 12:32:16 AM,0.20
10100,4/15/2025 12:32:17 AM,0.10
10100,4/15/2025 12:32:19 AM,0.10
10100,4/15/2025 12:32:20 AM,0.20
10100,4/15/2025 12:32:21 AM,0.20
10100,4/15/2025 12:32:22 AM,0.10
10100,4/15/2025 12:32:23 AM,0.20
10100,4/15/2025 12:32:24 AM,0.20
10100,4/15/2025 12:32:25 AM,0.10
10100,4/15/2025 12:32:26 AM,0.20
10100,4/15/2025 12:32:29 AM,0.20
10100,4/15/2025 12:32:30 AM,0.10
10100,4/15/2025 12:32:32 AM,0.10
10100,4/15/2025 12:32:33 AM,0.20
10100,4/15/2025 12:32:34 AM,0.20
10100,4/15/2025 12:32:35 AM,0.10
10100,4/15/2025 12:32:36 AM,0.20
10100,4/15/2025 12:32:37 AM,0.10
10100,4/15/2025 12:32:38 AM,0.20
10100,4/15/2025 12:32:39 AM,0.20
10100,4/15/2025 12:32:40 AM,0.10
10100,4/15/2025 12:32:41 AM,0.20
10100,4/15/2025 12:32:42 AM,0.10
10100,4/15/2025 12:32:43 AM,0.20
10100,4/15/2025 12:32:44 AM,0.10
10100,4/15/2025 12:32:45 AM,0.20
10100,4/15/2025 12:32:48 AM,0.20
10100,4/15/2025 12:32:49 AM,0.10
10100,4/15/2025 12:32:50 AM,0.20
10100,4/15/2025 12:32:53 AM,0.20
10100,4/15/2025 12:32:54 AM,0.10
10100,4/15/2025 12:32:55 AM,0.20
10100,4/15/2025 12:32:57 AM,0.20
10100,4/15/2025 12:32:58 AM,0.10
10100,4/15/2025 12:32:59 AM,0.20
10100,4/15/2025 12:33:01 AM,0.20
10100,4/15/2025 12:33:01 AM,0.10
10100,4/15/2025 12:33:02 AM,0.20
10100,4/15/2025 12:33:03 AM,0.10
10100,4/15/2025 12:33:05 AM,0.10
10100,4/15/2025 12:33:06 AM,0.20
10100,4/15/2025 12:33:07 AM,0.20
10100,4/15/2025 12:33:08 AM,0.10
10100,4/15/2025 12:33:09 AM,0.10
10100,4/15/2025 12:33:10 AM,0.20
10100,4/15/2025 12:33:12 AM,0.20
10100,4/15/2025 12:33:13 AM,0.10
10100,4/15/2025 12:33:14 AM,0.20
10100,4/15/2025 12:33:15 AM,0.10
10100,4/15/2025 12:33:17 AM,0.10
10100,4/15/2025 12:33:18 AM,0.20
10100,4/15/2025 12:33:19 AM,0.10
10100,4/15/2025 12:33:20 AM,0.20
10100,4/15/2025 12:33:21 AM,0.20
10100,4/15/2025 12:33:22 AM,0.10
10100,4/15/2025 12:33:23 AM,0.20
10100,4/15/2025 12:33:24 AM,0.10
10100,4/15/2025 12:33:25 AM,0.20
10100,4/15/2025 12:33:26 AM,0.20
10100,4/15/2025 12:33:27 AM,0.10
10100,4/15/2025 12:33:28 AM,0.20
10100,4/15/2025 12:33:29 AM,0.10
10100,4/15/2025 12:33:30 AM,0.20
10100,4/15/2025 12:33:31 AM,0.10
10100,4/15/2025 12:33:32 AM,0.20
10100,4/15/2025 12:33:33 AM,0.10
10100,4/15/2025 12:33:34 AM,0.20
10100,4/15/2025 12:33:35 AM,0.10
10100,4/15/2025 12:33:36 AM,0.10
10100,4/15/2025 12:33:37 AM,0.20
10100,4/15/2025 12:33:40 AM,0.20
10100,4/15/2025 12:33:41 AM,0.10
10100,4/15/2025 12:33:42 AM,0.20
10100,4/15/2025 12:33:44 AM,0.20
10100,4/15/2025 12:33:45 AM,0.10
10100,4/15/2025 12:33:46 AM,0.20
10100,4/15/2025 12:33:48 AM,0.20
10100,4/15/2025 12:33:49 AM,0.10
10100,4/15/2025 12:33:51 AM,0.10
10100,4/15/2025 12:33:52 AM,0.20
10100,4/15/2025 12:33:55 AM,0.20
10100,4/15/2025 12:33:56 AM,0.10
10100,4/15/2025 12:33:57 AM,0.20
10100,4/15/2025 12:33:58 AM,0.10
10100,4/15/2025 12:33:59 AM,0.10
10100,4/15/2025 12:34:01 AM,0.20
10100,4/15/2025 12:34:02 AM,0.20
10100,4/15/2025 12:34:03 AM,0.10
10100,4/15/2025 12:34:04 AM,0.20
10100,4/15/2025 12:34:05 AM,0.20
10100,4/15/2025 12:34:06 AM,0.10
10100,4/15/2025 12:34:09 AM,0.10
10100,4/15/2025 12:34:10 AM,0.20
10100,4/15/2025 12:34:11 AM,0.10
10100,4/15/2025 12:34:12 AM,0.20
10100,4/15/2025 12:34:13 AM,0.10
10100,4/15/2025 12:34:14 AM,0.20
10100,4/15/2025 12:34:15 AM,0.10
10100,4/15/2025 12:34:16 AM,0.20
10100,4/15/2025 12:34:19 AM,0.20
10100,4/15/2025 12:34:20 AM,0.10
10100,4/15/2025 12:34:22 AM,0.10
10100,4/15/2025 12:34:23 AM,0.20
10100,4/15/2025 12:34:24 AM,0.10
10100,4/15/2025 12:34:25 AM,0.20
10100,4/15/2025 12:34:27 AM,0.20
10100,4/15/2025 12:34:28 AM,0.10
10100,4/15/2025 12:34:29 AM,0.20
10100,4/15/2025 12:34:30 AM,0.10
10100,4/15/2025 12:34:31 AM,0.10
10100,4/15/2025 12:34:32 AM,0.20
10100,4/15/2025 12:34:33 AM,0.10
10100,4/15/2025 12:34:37 AM,0.10
10100,4/15/2025 12:34:38 AM,0.20
10100,4/15/2025 12:34:39 AM,0.10
10100,4/15/2025 12:34:40 AM,0.20
10100,4/15/2025 12:34:41 AM,0.10
10100,4/15/2025 12:34:42 AM,0.20
10100,4/15/2025 12:34:43 AM,0.10
10100,4/15/2025 12:34:44 AM,0.10
10100,4/15/2025 12:34:45 AM,0.20
10100,4/15/2025 12:34:47 AM,0.20
10100,4/15/2025 12:34:48 AM,0.10
10100,4/15/2025 12:34:49 AM,0.20
10100,4/15/2025 12:34:51 AM,0.20
10100,4/15/2025 12:34:52 AM,0.10
10100,4/15/2025 12:34:53 AM,0.10
10100,4/15/2025 12:34:54 AM,0.20
10100,4/15/2025 12:34:59 AM,0.20
10100,4/15/2025 12:35:01 AM,0.10
10100,4/15/2025 12:35:01 AM,0.20
10100,4/15/2025 12:35:02 AM,0.10
10100,4/15/2025 12:35:03 AM,0.20
10100,4/15/2025 12:35:07 AM,0.20
10100,4/15/2025 12:35:08 AM,0.10
10100,4/15/2025 12:35:09 AM,0.20
10100,4/15/2025 12:35:10 AM,0.10
10100,4/15/2025 12:35:11 AM,0.20
10100,4/15/2025 12:35:13 AM,0.20
10100,4/15/2025 12:35:14 AM,0.10
10100,4/15/2025 12:35:15 AM,0.20
10100,4/15/2025 12:35:16 AM,0.20
10100,4/15/2025 12:35:17 AM,0.10
10100,4/15/2025 12:35:19 AM,0.10
10100,4/15/2025 12:35:20 AM,0.20
10100,4/15/2025 12:35:28 AM,0.20
10100,4/15/2025 12:35:29 AM,0.10
10100,4/15/2025 12:35:30 AM,0.20
10100,4/15/2025 12:35:32 AM,0.20
10100,4/15/2025 12:35:33 AM,0.10
10100,4/15/2025 12:35:34 AM,0.20
10100,4/15/2025 12:35:39 AM,0.20
10100,4/15/2025 12:35:40 AM,0.10
10100,4/15/2025 12:35:41 AM,0.20
10100,4/15/2025 12:35:55 AM,0.20
10100,4/15/2025 12:35:56 AM,0.10
10100,4/15/2025 12:35:57 AM,0.20
10100,4/15/2025 12:35:59 AM,0.20
10100,4/15/2025 12:36:01 AM,0.10
10100,4/15/2025 12:36:01 AM,0.10
10100,4/15/2025 12:36:02 AM,0.20
10100,4/15/2025 12:36:12 AM,0.20
10100,4/15/2025 12:36:13 AM,0.10
10100,4/15/2025 12:36:14 AM,0.20
10100,4/15/2025 12:36:16 AM,0.20
10100,4/15/2025 12:36:17 AM,0.10
10100,4/15/2025 12:36:18 AM,0.20
10100,4/15/2025 12:36:34 AM,0.20
10100,4/15/2025 12:36:35 AM,0.10
10100,4/15/2025 12:36:36 AM,0.20
10100,4/15/2025 12:36:41 AM,0.20
10100,4/15/2025 12:36:42 AM,0.10
10100,4/15/2025 12:36:43 AM,0.20
10100,4/15/2025 12:37:04 AM,0.20
10100,4/15/2025 12:37:05 AM,0.10
10100,4/15/2025 12:37:06 AM,0.20
10100,4/15/2025 12:37:09 AM,0.20
10100,4/15/2025 12:37:10 AM,0.10
10100,4/15/2025 12:37:11 AM,0.20
10100,4/15/2025 12:37:13 AM,0.20
10100,4/15/2025 12:37:14 AM,0.10
10100,4/15/2025 12:37:15 AM,0.20
10100,4/15/2025 12:37:16 AM,0.20
10100,4/15/2025 12:37:17 AM,0.10
10100,4/15/2025 12:37:18 AM,0.20
10100,4/15/2025 12:37:19 AM,0.10
10100,4/15/2025 12:37:20 AM,0.20
10100,4/15/2025 12:37:24 AM,0.20
10100,4/15/2025 12:37:25 AM,0.10
10100,4/15/2025 12:37:26 AM,0.20
10100,4/15/2025 12:37:27 AM,0.10
10100,4/15/2025 12:37:28 AM,0.20
10100,4/15/2025 12:37:29 AM,0.10
10100,4/15/2025 12:37:30 AM,0.20
10100,4/15/2025 12:37:31 AM,0.10
10100,4/15/2025 12:37:32 AM,0.20
10100,4/15/2025 12:37:42 AM,0.20
10100,4/15/2025 12:37:43 AM,0.10
10100,4/15/2025 12:37:44 AM,0.10
10100,4/15/2025 12:37:45 AM,0.20
10100,4/15/2025 12:37:46 AM,0.10
10100,4/15/2025 12:37:47 AM,0.20
10100,4/15/2025 12:37:49 AM,0.20
10100,4/15/2025 12:37:50 AM,0.10
10100,4/15/2025 12:37:51 AM,0.20
10100,4/15/2025 12:37:52 AM,0.20
10100,4/15/2025 12:37:53 AM,0.10
10100,4/15/2025 12:37:54 AM,0.10
10100,4/15/2025 12:37:55 AM,0.20
10100,4/15/2025 12:37:56 AM,0.20
10100,4/15/2025 12:37:57 AM,0.10
10100,4/15/2025 12:37:58 AM,0.20
10100,4/15/2025 12:38:01 AM,0.20
10100,4/15/2025 12:38:01 AM,0.10
10100,4/15/2025 12:38:02 AM,0.20
10100,4/15/2025 12:38:05 AM,0.20
10100,4/15/2025 12:38:06 AM,0.10
10100,4/15/2025 12:38:07 AM,0.20
10100,4/15/2025 12:38:08 AM,0.10
10100,4/15/2025 12:38:09 AM,0.20
10100,4/15/2025 12:38:11 AM,0.20
10100,4/15/2025 12:38:12 AM,0.10
10100,4/15/2025 12:38:13 AM,0.20
10100,4/15/2025 12:38:18 AM,0.20
10100,4/15/2025 12:38:19 AM,0.10
10100,4/15/2025 12:38:20 AM,0.20
10100,4/15/2025 12:38:21 AM,0.10
10100,4/15/2025 12:38:23 AM,0.10
10100,4/15/2025 12:38:24 AM,0.20
10100,4/15/2025 12:38:26 AM,0.20
10100,4/15/2025 12:38:27 AM,0.10
10100,4/15/2025 12:38:28 AM,0.20
10100,4/15/2025 12:38:29 AM,0.10
10100,4/15/2025 12:38:33 AM,0.10
10100,4/15/2025 12:38:34 AM,0.20
10100,4/15/2025 12:38:35 AM,0.20
10100,4/15/2025 12:38:36 AM,0.10
10100,4/15/2025 12:38:37 AM,0.20
10100,4/15/2025 12:38:38 AM,0.20
10100,4/15/2025 12:38:39 AM,0.10
10100,4/15/2025 12:38:40 AM,0.20
10100,4/15/2025 12:38:41 AM,0.10
10100,4/15/2025 12:38:42 AM,0.20
10100,4/15/2025 12:38:43 AM,0.10
10100,4/15/2025 12:38:44 AM,0.10
10100,4/15/2025 12:38:45 AM,0.20
10100,4/15/2025 12:38:46 AM,0.10
10100,4/15/2025 12:38:47 AM,0.10
10100,4/15/2025 12:38:48 AM,0.20
10100,4/15/2025 12:38:49 AM,0.10
10100,4/15/2025 12:38:53 AM,0.10
10100,4/15/2025 12:38:54 AM,0.20
10100,4/15/2025 12:38:55 AM,0.20
10100,4/15/2025 12:38:56 AM,0.10
10100,4/15/2025 12:38:57 AM,0.10
10100,4/15/2025 12:38:58 AM,0.20
10100,4/15/2025 12:38:59 AM,0.10
10100,4/15/2025 12:39:01 AM,0.20
10100,4/15/2025 12:39:01 AM,0.20
10100,4/15/2025 12:39:02 AM,0.10
10100,4/15/2025 12:39:03 AM,0.20
10100,4/15/2025 12:39:04 AM,0.10
10100,4/15/2025 12:39:05 AM,0.20
10100,4/15/2025 12:39:06 AM,0.20
10100,4/15/2025 12:39:07 AM,0.10
10100,4/15/2025 12:39:08 AM,0.20
10100,4/15/2025 12:39:13 AM,0.20
10100,4/15/2025 12:39:14 AM,0.10
10100,4/15/2025 12:39:15 AM,0.20
10100,4/15/2025 12:39:21 AM,0.20
10100,4/15/2025 12:39:22 AM,0.10
10100,4/15/2025 12:39:23 AM,0.20
10100,4/15/2025 12:39:25 AM,0.20
10100,4/15/2025 12:39:26 AM,0.10
10100,4/15/2025 12:39:27 AM,0.20
10100,4/15/2025 12:39:30 AM,0.20
10100,4/15/2025 12:39:31 AM,0.10
10100,4/15/2025 12:39:32 AM,0.20
10100,4/15/2025 12:39:35 AM,0.20
10100,4/15/2025 12:39:36 AM,0.10
10100,4/15/2025 12:39:37 AM,0.20
10100,4/15/2025 12:39:39 AM,0.20
10100,4/15/2025 12:39:40 AM,0.10
10100,4/15/2025 12:39:41 AM,0.20
10100,4/15/2025 12:39:43 AM,0.20
10100,4/15/2025 12:39:44 AM,0.10
10100,4/15/2025 12:39:45 AM,0.20
10100,4/15/2025 12:39:58 AM,0.20
10100,4/15/2025 12:39:59 AM,0.10
10100,4/15/2025 12:40:01 AM,0.10
10100,4/15/2025 12:40:02 AM,0.20
10100,4/15/2025 12:40:03 AM,0.20
10100,4/15/2025 12:40:04 AM,0.10
10100,4/15/2025 12:40:05 AM,0.10
10100,4/15/2025 12:40:06 AM,0.20
10100,4/15/2025 12:40:10 AM,0.20
10100,4/15/2025 12:40:11 AM,0.10
10100,4/15/2025 12:40:12 AM,0.20
10100,4/15/2025 12:40:13 AM,0.10
10100,4/15/2025 12:40:14 AM,0.10
10100,4/15/2025 12:40:15 AM,0.20
10100,4/15/2025 12:40:37 AM,0.20
10100,4/15/2025 12:40:38 AM,0.10
10100,4/15/2025 12:40:39 AM,0.20
10100,4/15/2025 12:40:46 AM,0.20
10100,4/15/2025 12:40:47 AM,0.10
10100,4/15/2025 12:40:48 AM,0.20
10100,4/15/2025 12:41:27 AM,0.20
10100,4/15/2025 12:41:28 AM,0.10
10100,4/15/2025 12:41:29 AM,0.20
10100,4/15/2025 12:42:48 AM,0.20
10100,4/15/2025 12:42:49 AM,0.10
10100,4/15/2025 12:42:50 AM,0.20
10100,4/15/2025 12:42:52 AM,0.20
10100,4/15/2025 12:42:53 AM,0.10
10100,4/15/2025 12:42:54 AM,0.20
10100,4/15/2025 12:45:51 AM,0.20
10100,4/15/2025 12:45:52 AM,0.10
10100,4/15/2025 12:45:53 AM,0.20
10100,4/15/2025 12:45:59 AM,0.20
10100,4/15/2025 12:46:01 AM,0.10
10100,4/15/2025 12:46:01 AM,0.10
10100,4/15/2025 12:46:02 AM,0.20
10100,4/15/2025 12:46:08 AM,0.20
10100,4/15/2025 12:46:09 AM,0.10
10100,4/15/2025 12:46:10 AM,0.20
10100,4/15/2025 12:46:11 AM,0.10
10100,4/15/2025 12:46:12 AM,0.20
10100,4/15/2025 12:46:19 AM,0.20
10100,4/15/2025 12:46:20 AM,0.10
10100,4/15/2025 12:46:21 AM,0.20
10100,4/15/2025 12:46:27 AM,0.20
10100,4/15/2025 12:46:28 AM,0.10
10100,4/15/2025 12:46:29 AM,0.20
10100,4/15/2025 12:46:32 AM,0.20
10100,4/15/2025 12:46:33 AM,0.10
10100,4/15/2025 12:46:34 AM,0.10
10100,4/15/2025 12:46:35 AM,0.20
10100,4/15/2025 12:46:36 AM,0.20
10100,4/15/2025 12:46:37 AM,0.10
10100,4/15/2025 12:46:38 AM,0.20
10100,4/15/2025 12:46:40 AM,0.20
10100,4/15/2025 12:46:41 AM,0.10
10100,4/15/2025 12:46:43 AM,0.10
10100,4/15/2025 12:46:44 AM,0.20
10100,4/15/2025 12:46:45 AM,0.20
10100,4/15/2025 12:46:46 AM,0.10
10100,4/15/2025 12:46:47 AM,0.20
10100,4/15/2025 12:46:48 AM,0.10
10100,4/15/2025 12:46:49 AM,0.20
10100,4/15/2025 12:46:51 AM,0.20
10100,4/15/2025 12:46:52 AM,0.10
10100,4/15/2025 12:46:53 AM,0.10
10100,4/15/2025 12:46:54 AM,0.20
10100,4/15/2025 12:47:03 AM,0.20
10100,4/15/2025 12:47:04 AM,0.10
10100,4/15/2025 12:47:05 AM,0.10
10100,4/15/2025 12:47:06 AM,0.20
10100,4/15/2025 12:47:07 AM,0.10
10100,4/15/2025 12:47:08 AM,0.20
10100,4/15/2025 12:47:15 AM,0.20
10100,4/15/2025 12:47:16 AM,0.10
10100,4/15/2025 12:47:17 AM,0.20
10100,4/15/2025 12:47:32 AM,0.20
10100,4/15/2025 12:47:33 AM,0.10
10100,4/15/2025 12:47:34 AM,0.10
10100,4/15/2025 12:47:35 AM,0.20
10100,4/15/2025 12:47:36 AM,0.10
10100,4/15/2025 12:47:37 AM,0.20
10100,4/15/2025 12:47:43 AM,0.20
10100,4/15/2025 12:47:44 AM,0.10
10100,4/15/2025 12:47:45 AM,0.20
10100,4/15/2025 12:47:55 AM,0.20
10100,4/15/2025 12:47:56 AM,0.10
10100,4/15/2025 12:47:57 AM,0.20
10100,4/15/2025 12:48:03 AM,0.20
10100,4/15/2025 12:48:04 AM,0.10
10100,4/15/2025 12:48:05 AM,0.20
10100,4/15/2025 12:48:15 AM,0.20
10100,4/15/2025 12:48:16 AM,0.10
10100,4/15/2025 12:48:17 AM,0.10
10100,4/15/2025 12:48:18 AM,0.20
10100,4/15/2025 12:48:19 AM,0.10
10100,4/15/2025 12:48:20 AM,0.20
10100,4/15/2025 12:48:26 AM,0.20
10100,4/15/2025 12:48:27 AM,0.10
10100,4/15/2025 12:48:28 AM,0.20
10100,4/15/2025 12:48:29 AM,0.20
10100,4/15/2025 12:48:30 AM,0.10
10100,4/15/2025 12:48:31 AM,0.10
10100,4/15/2025 12:48:32 AM,0.20
10100,4/15/2025 12:48:35 AM,0.20
10100,4/15/2025 12:48:36 AM,0.10
10100,4/15/2025 12:48:37 AM,0.10
10100,4/15/2025 12:48:38 AM,0.20
10100,4/15/2025 12:48:44 AM,0.20
10100,4/15/2025 12:48:45 AM,0.10
10100,4/15/2025 12:48:46 AM,0.20
10100,4/15/2025 12:48:52 AM,0.20
10100,4/15/2025 12:48:53 AM,0.10
10100,4/15/2025 12:48:54 AM,0.10
10100,4/15/2025 12:48:55 AM,0.20
10100,4/15/2025 12:48:56 AM,0.20
10100,4/15/2025 12:48:57 AM,0.10
10100,4/15/2025 12:48:58 AM,0.20
10100,4/15/2025 12:49:07 AM,0.20
10100,4/15/2025 12:49:08 AM,0.10
10100,4/15/2025 12:49:09 AM,0.20
10100,4/15/2025 12:49:18 AM,0.20
10100,4/15/2025 12:49:19 AM,0.10
10100,4/15/2025 12:49:20 AM,0.20
10100,4/15/2025 12:49:23 AM,0.20
10100,4/15/2025 12:49:24 AM,0.10
10100,4/15/2025 12:49:25 AM,0.10
10100,4/15/2025 12:49:26 AM,0.20
10100,4/15/2025 12:49:37 AM,0.20
10100,4/15/2025 12:49:38 AM,0.10
10100,4/15/2025 12:49:39 AM,0.10
10100,4/15/2025 12:49:40 AM,0.20
10100,4/15/2025 12:49:45 AM,0.20
10100,4/15/2025 12:49:46 AM,0.10
10100,4/15/2025 12:49:47 AM,0.20
10100,4/15/2025 12:49:54 AM,0.20
10100,4/15/2025 12:49:55 AM,0.10
10100,4/15/2025 12:49:56 AM,0.20
10100,4/15/2025 12:50:01 AM,0.20
10100,4/15/2025 12:50:01 AM,0.10
10100,4/15/2025 12:50:02 AM,0.20
10100,4/15/2025 12:50:13 AM,0.20
10100,4/15/2025 12:50:14 AM,0.10
10100,4/15/2025 12:50:15 AM,0.10
10100,4/15/2025 12:50:16 AM,0.20
10100,4/15/2025 12:50:17 AM,0.20
10100,4/15/2025 12:50:18 AM,0.10
10100,4/15/2025 12:50:19 AM,0.10
10100,4/15/2025 12:50:20 AM,0.20
10100,4/15/2025 12:50:28 AM,0.20
10100,4/15/2025 12:50:29 AM,0.10
10100,4/15/2025 12:50:30 AM,0.10
10100,4/15/2025 12:50:31 AM,0.20
10100,4/15/2025 12:50:32 AM,0.20
10100,4/15/2025 12:50:33 AM,0.10
10100,4/15/2025 12:50:34 AM,0.20
10100,4/15/2025 12:50:36 AM,0.20
10100,4/15/2025 12:50:37 AM,0.10
10100,4/15/2025 12:50:38 AM,0.10
10100,4/15/2025 12:50:39 AM,0.20
10100,4/15/2025 12:50:41 AM,0.20
10100,4/15/2025 12:50:42 AM,0.10
10100,4/15/2025 12:50:43 AM,0.20
10100,4/15/2025 12:50:54 AM,0.20
10100,4/15/2025 12:50:55 AM,0.10
10100,4/15/2025 12:50:56 AM,0.20
10100,4/15/2025 12:50:58 AM,0.20
10100,4/15/2025 12:50:59 AM,0.10
10100,4/15/2025 12:51:01 AM,0.20
10100,4/15/2025 12:51:01 AM,0.20
10100,4/15/2025 12:51:02 AM,0.10
10100,4/15/2025 12:51:03 AM,0.20
10100,4/15/2025 12:51:16 AM,0.20
10100,4/15/2025 12:51:17 AM,0.10
10100,4/15/2025 12:51:18 AM,0.20
10100,4/15/2025 12:51:19 AM,0.20
10100,4/15/2025 12:51:20 AM,0.10
10100,4/15/2025 12:51:21 AM,0.20
10100,4/15/2025 12:51:36 AM,0.20
10100,4/15/2025 12:51:37 AM,0.10
10100,4/15/2025 12:51:38 AM,0.20
10100,4/15/2025 12:52:02 AM,0.20
10100,4/15/2025 12:52:03 AM,0.10
10100,4/15/2025 12:52:04 AM,0.20
10100,4/15/2025 12:52:10 AM,0.20
10100,4/15/2025 12:52:11 AM,0.10
10100,4/15/2025 12:52:12 AM,0.20
10100,4/15/2025 12:52:13 AM,0.20
10100,4/15/2025 12:52:14 AM,0.10
10100,4/15/2025 12:52:15 AM,0.20
10100,4/15/2025 12:52:29 AM,0.20
10100,4/15/2025 12:52:30 AM,0.10
10100,4/15/2025 12:52:31 AM,0.20
10100,4/15/2025 12:52:33 AM,0.20
10100,4/15/2025 12:52:34 AM,0.10
10100,4/15/2025 12:52:35 AM,0.20
10100,4/15/2025 12:52:38 AM,0.20
10100,4/15/2025 12:52:39 AM,0.10
10100,4/15/2025 12:52:41 AM,0.10
10100,4/15/2025 12:52:42 AM,0.20
10100,4/15/2025 12:52:43 AM,0.20
10100,4/15/2025 12:52:44 AM,0.10
10100,4/15/2025 12:52:45 AM,0.10
10100,4/15/2025 12:52:46 AM,0.20
10100,4/15/2025 12:52:49 AM,0.20
10100,4/15/2025 12:52:50 AM,0.10
10100,4/15/2025 12:52:52 AM,0.10
10100,4/15/2025 12:52:53 AM,0.20
10100,4/15/2025 12:52:54 AM,0.10
10100,4/15/2025 12:52:55 AM,0.20
10100,4/15/2025 12:52:56 AM,0.10
10100,4/15/2025 12:52:57 AM,0.20
10100,4/15/2025 12:52:58 AM,0.10
10100,4/15/2025 12:52:59 AM,0.10
10100,4/15/2025 12:53:01 AM,0.20
10100,4/15/2025 12:53:01 AM,0.10
10100,4/15/2025 12:53:02 AM,0.20
10100,4/15/2025 12:53:03 AM,0.10
10100,4/15/2025 12:53:05 AM,0.10
10100,4/15/2025 12:53:06 AM,0.20
10100,4/15/2025 12:53:07 AM,0.20
10100,4/15/2025 12:53:08 AM,0.10
10100,4/15/2025 12:53:12 AM,0.10
10100,4/15/2025 12:53:13 AM,0.20
10100,4/15/2025 12:53:14 AM,0.10
10100,4/15/2025 12:53:15 AM,0.20
10100,4/15/2025 12:53:17 AM,0.20
10100,4/15/2025 12:53:18 AM,0.10
10100,4/15/2025 12:53:19 AM,0.10
10100,4/15/2025 12:53:20 AM,0.20
10100,4/15/2025 12:53:21 AM,0.10
10100,4/15/2025 12:53:29 AM,0.10
10100,4/15/2025 12:53:30 AM,0.20
10100,4/15/2025 12:53:31 AM,0.10
10100,4/15/2025 12:53:32 AM,0.10
10100,4/15/2025 12:53:33 AM,0.20
10100,4/15/2025 12:53:34 AM,0.10
10100,4/15/2025 12:53:34 AM,0.10
10100,4/15/2025 12:53:35 AM,0.20
10100,4/15/2025 12:53:36 AM,0.10
10100,4/15/2025 12:53:37 AM,0.10
10100,4/15/2025 12:53:38 AM,0.20
10100,4/15/2025 12:53:39 AM,0.10
10100,4/15/2025 12:53:40 AM,0.20
10100,4/15/2025 12:53:41 AM,0.20
10100,4/15/2025 12:53:42 AM,0.10
10100,4/15/2025 12:53:43 AM,0.10
10100,4/15/2025 12:53:44 AM,0.20
10100,4/15/2025 12:53:45 AM,0.20
10100,4/15/2025 12:53:46 AM,0.10
10100,4/15/2025 12:53:49 AM,0.10
10100,4/15/2025 12:53:50 AM,0.20
10100,4/15/2025 12:53:51 AM,0.10
10100,4/15/2025 12:53:52 AM,0.10
10100,4/15/2025 12:53:53 AM,0.20
10100,4/15/2025 12:53:54 AM,0.10
10100,4/15/2025 12:53:59 AM,0.10
10100,4/15/2025 12:54:01 AM,0.20
10100,4/15/2025 12:54:01 AM,0.10
10100,4/15/2025 12:54:07 AM,0.10
10100,4/15/2025 12:54:08 AM,0.20
10100,4/15/2025 12:54:09 AM,0.10
10100,4/15/2025 12:54:19 AM,0.10
10100,4/15/2025 12:54:20 AM,0.20
10100,4/15/2025 12:54:22 AM,0.20
10100,4/15/2025 12:54:23 AM,0.10
10100,4/15/2025 12:54:24 AM,0.20
10100,4/15/2025 12:54:25 AM,0.10
10100,4/15/2025 12:54:26 AM,0.20
10100,4/15/2025 12:54:27 AM,0.10
10100,4/15/2025 12:54:28 AM,0.20
10100,4/15/2025 12:54:29 AM,0.20
10100,4/15/2025 12:54:30 AM,0.10
10100,4/15/2025 12:54:39 AM,0.10
10100,4/15/2025 12:54:40 AM,0.20
10100,4/15/2025 12:54:42 AM,0.20
10100,4/15/2025 12:54:43 AM,0.10
10100,4/15/2025 12:54:47 AM,0.10
10100,4/15/2025 12:54:48 AM,0.20
10100,4/15/2025 12:54:49 AM,0.10
10100,4/15/2025 12:54:52 AM,0.10
10100,4/15/2025 12:54:53 AM,0.20
10100,4/15/2025 12:54:54 AM,0.10
10100,4/15/2025 12:54:55 AM,0.10
10100,4/15/2025 12:54:56 AM,0.20
10100,4/15/2025 12:54:57 AM,0.10
10100,4/15/2025 12:55:07 AM,0.10
10100,4/15/2025 12:55:08 AM,0.20
10100,4/15/2025 12:55:09 AM,0.10
10100,4/15/2025 12:55:14 AM,0.10
10100,4/15/2025 12:55:15 AM,0.20
10100,4/15/2025 12:55:16 AM,0.10
10100,4/15/2025 12:55:24 AM,0.10
10100,4/15/2025 12:55:25 AM,0.20
10100,4/15/2025 12:55:26 AM,0.10
10100,4/15/2025 12:55:29 AM,0.10
10100,4/15/2025 12:55:30 AM,0.20
10100,4/15/2025 12:55:31 AM,0.20
10100,4/15/2025 12:55:32 AM,0.10
10100,4/15/2025 12:55:33 AM,0.20
10100,4/15/2025 12:55:34 AM,0.10
10100,4/15/2025 12:55:37 AM,0.10
10100,4/15/2025 12:55:38 AM,0.20
10100,4/15/2025 12:55:39 AM,0.10
10100,4/15/2025 12:56:06 AM,0.10
10100,4/15/2025 12:56:07 AM,0.20
10100,4/15/2025 12:56:08 AM,0.10
10100,4/15/2025 12:56:17 AM,0.10
10100,4/15/2025 12:56:18 AM,0.20
10100,4/15/2025 12:56:19 AM,0.10
10100,4/15/2025 12:56:20 AM,0.10
10100,4/15/2025 12:56:21 AM,0.20
10100,4/15/2025 12:56:22 AM,0.10
10100,4/15/2025 12:56:23 AM,0.10
10100,4/15/2025 12:56:24 AM,0.20
10100,4/15/2025 12:56:25 AM,0.10
10100,4/15/2025 12:56:32 AM,0.10
10100,4/15/2025 12:56:33 AM,0.20
10100,4/15/2025 12:56:34 AM,0.10
10100,4/15/2025 12:56:40 AM,0.10
10100,4/15/2025 12:56:41 AM,0.20
10100,4/15/2025 12:56:42 AM,0.10
10100,4/15/2025 12:56:57 AM,0.10
10100,4/15/2025 12:56:58 AM,0.20
10100,4/15/2025 12:56:59 AM,0.10
10100,4/15/2025 12:57:01 AM,0.10
10100,4/15/2025 12:57:01 AM,0.20
10100,4/15/2025 12:57:02 AM,0.10
10100,4/15/2025 12:57:10 AM,0.10
10100,4/15/2025 12:57:11 AM,0.20
10100,4/15/2025 12:57:12 AM,0.20
10100,4/15/2025 12:57:13 AM,0.10
10100,4/15/2025 1:03:22 AM,0.10
10100,4/15/2025 1:03:23 AM,0.20
10100,4/15/2025 1:03:24 AM,0.10
10100,4/15/2025 1:53:27 AM,0.10
10100,4/15/2025 2:43:28 AM,0.10
10100,4/15/2025 3:33:31 AM,0.10
10100,4/15/2025 4:31:46 AM,0.10
10100,4/15/2025 4:31:47 AM,0.20
10100,4/15/2025 4:31:48 AM,0.10
10100,4/15/2025 5:21:50 AM,0.10
10100,4/15/2025 5:43:55 AM,0.10
10100,4/15/2025 5:43:56 AM,0.20
10100,4/15/2025 5:43:57 AM,0.10
10100,4/15/2025 5:44:20 AM,0.10
10100,4/15/2025 5:44:21 AM,0.20
10100,4/15/2025 5:44:22 AM,0.10
10100,4/15/2025 5:45:12 AM,0.10
10100,4/15/2025 5:45:13 AM,0.20
10100,4/15/2025 5:45:14 AM,0.10
10100,4/15/2025 5:50:14 AM,0.10
10100,4/15/2025 5:50:15 AM,0.20
10100,4/15/2025 5:50:16 AM,0.10
10100,4/15/2025 5:50:27 AM,0.10
10100,4/15/2025 5:50:28 AM,0.20
10100,4/15/2025 5:50:29 AM,0.10
10100,4/15/2025 5:50:48 AM,0.10
10100,4/15/2025 5:50:49 AM,0.20
10100,4/15/2025 5:50:50 AM,0.10
10100,4/15/2025 5:50:55 AM,0.10
10100,4/15/2025 5:50:56 AM,0.20
10100,4/15/2025 5:50:57 AM,0.10
10100,4/15/2025 5:51:01 AM,0.10
10100,4/15/2025 5:51:01 AM,0.20
10100,4/15/2025 5:51:02 AM,0.20
10100,4/15/2025 5:51:03 AM,0.10
10100,4/15/2025 5:51:12 AM,0.10
10100,4/15/2025 5:51:13 AM,0.20
10100,4/15/2025 5:51:14 AM,0.10
10100,4/15/2025 5:51:21 AM,0.10
10100,4/15/2025 5:51:22 AM,0.20
10100,4/15/2025 5:51:23 AM,0.10
10100,4/15/2025 5:51:24 AM,0.20
10100,4/15/2025 5:51:25 AM,0.10
10100,4/15/2025 5:51:44 AM,0.10
10100,4/15/2025 5:51:45 AM,0.20
10100,4/15/2025 5:51:46 AM,0.10
10100,4/15/2025 5:51:51 AM,0.10
10100,4/15/2025 5:51:52 AM,0.20
10100,4/15/2025 5:51:53 AM,0.10
10100,4/15/2025 5:51:58 AM,0.10
10100,4/15/2025 5:51:59 AM,0.20
10100,4/15/2025 5:52:01 AM,0.10
10100,4/15/2025 5:53:06 AM,0.10
10100,4/15/2025 5:53:07 AM,0.20
10100,4/15/2025 5:53:08 AM,0.10
10100,4/15/2025 5:53:09 AM,0.20
10100,4/15/2025 5:53:10 AM,0.10
10100,4/15/2025 5:53:14 AM,0.10
10100,4/15/2025 5:53:15 AM,0.20
10100,4/15/2025 5:53:16 AM,0.10
10100,4/15/2025 5:53:21 AM,0.10
10100,4/15/2025 5:53:22 AM,0.20
10100,4/15/2025 5:53:23 AM,0.10
10100,4/15/2025 5:53:26 AM,0.10
10100,4/15/2025 5:53:27 AM,0.20
10100,4/15/2025 5:53:28 AM,0.20
10100,4/15/2025 5:53:29 AM,0.10
10100,4/15/2025 5:53:38 AM,0.10
10100,4/15/2025 5:53:39 AM,0.20
10100,4/15/2025 5:53:40 AM,0.10
10100,4/15/2025 5:53:43 AM,0.10
10100,4/15/2025 5:53:44 AM,0.20
10100,4/15/2025 5:53:45 AM,0.10
10100,4/15/2025 5:53:50 AM,0.10
10100,4/15/2025 5:53:51 AM,0.20
10100,4/15/2025 5:53:53 AM,0.20
10100,4/15/2025 5:53:54 AM,0.10
10100,4/15/2025 5:54:11 AM,0.10
10100,4/15/2025 5:54:12 AM,0.20
10100,4/15/2025 5:54:13 AM,0.10
10100,4/15/2025 5:54:19 AM,0.10
10100,4/15/2025 5:54:20 AM,0.20
10100,4/15/2025 5:54:21 AM,0.10
10100,4/15/2025 5:54:23 AM,0.10
10100,4/15/2025 5:54:24 AM,0.20
10100,4/15/2025 5:54:25 AM,0.10
10100,4/15/2025 5:54:34 AM,0.10
10100,4/15/2025 5:54:35 AM,0.20
10100,4/15/2025 5:54:36 AM,0.10
10100,4/15/2025 5:54:37 AM,0.10
10100,4/15/2025 5:54:38 AM,0.20
10100,4/15/2025 5:54:39 AM,0.10
10100,4/15/2025 5:55:14 AM,0.10
10100,4/15/2025 5:55:15 AM,0.20
10100,4/15/2025 5:55:16 AM,0.10
10100,4/15/2025 5:55:32 AM,0.10
10100,4/15/2025 5:55:33 AM,0.20
10100,4/15/2025 5:55:34 AM,0.20
10100,4/15/2025 5:55:35 AM,0.10
10100,4/15/2025 5:55:57 AM,0.10
10100,4/15/2025 5:55:58 AM,0.20
10100,4/15/2025 5:55:59 AM,0.10
10100,4/15/2025 5:56:01 AM,0.10
10100,4/15/2025 5:56:01 AM,0.20
10100,4/15/2025 5:56:22 AM,0.10
10100,4/15/2025 5:56:23 AM,0.20
10100,4/15/2025 5:56:24 AM,0.10
10100,4/15/2025 5:56:25 AM,0.10
10100,4/15/2025 5:56:26 AM,0.20
10100,4/15/2025 5:56:27 AM,0.10
10100,4/15/2025 5:56:30 AM,0.10
10100,4/15/2025 5:56:31 AM,0.20
10100,4/15/2025 5:56:32 AM,0.10
10100,4/15/2025 5:56:49 AM,0.10
10100,4/15/2025 5:56:50 AM,0.20
10100,4/15/2025 5:56:51 AM,0.10
10100,4/15/2025 5:56:52 AM,0.10
10100,4/15/2025 5:56:53 AM,0.20
10100,4/15/2025 5:56:54 AM,0.10
10100,4/15/2025 5:56:59 AM,0.10
10100,4/15/2025 5:57:01 AM,0.20
10100,4/15/2025 5:57:01 AM,0.20
10100,4/15/2025 5:57:02 AM,0.10
10100,4/15/2025 5:57:26 AM,0.10
10100,4/15/2025 5:57:27 AM,0.20
10100,4/15/2025 5:57:28 AM,0.10
10100,4/15/2025 5:57:30 AM,0.10
10100,4/15/2025 5:57:31 AM,0.20
10100,4/15/2025 5:57:32 AM,0.10
10100,4/15/2025 5:57:34 AM,0.10
10100,4/15/2025 5:57:35 AM,0.20
10100,4/15/2025 5:57:36 AM,0.10
10100,4/15/2025 5:57:42 AM,0.10
10100,4/15/2025 5:57:43 AM,0.20
10100,4/15/2025 5:57:44 AM,0.10
10100,4/15/2025 5:57:55 AM,0.10
10100,4/15/2025 5:57:56 AM,0.20
10100,4/15/2025 5:57:57 AM,0.20
10100,4/15/2025 5:57:58 AM,0.10
10100,4/15/2025 5:58:06 AM,0.10
10100,4/15/2025 5:58:07 AM,0.20
10100,4/15/2025 5:58:08 AM,0.10
10100,4/15/2025 5:58:10 AM,0.10
10100,4/15/2025 5:58:11 AM,0.20
10100,4/15/2025 5:58:12 AM,0.10
10100,4/15/2025 5:58:19 AM,0.10
10100,4/15/2025 5:58:20 AM,0.20
10100,4/15/2025 5:58:21 AM,0.20
10100,4/15/2025 5:58:22 AM,0.10
10100,4/15/2025 5:58:31 AM,0.10
10100,4/15/2025 5:58:32 AM,0.20
10100,4/15/2025 5:58:33 AM,0.10
10100,4/15/2025 5:58:34 AM,0.10
10100,4/15/2025 5:58:35 AM,0.20
10100,4/15/2025 5:58:36 AM,0.10
10100,4/15/2025 5:58:39 AM,0.10
10100,4/15/2025 5:58:40 AM,0.20
10100,4/15/2025 5:58:41 AM,0.10
10100,4/15/2025 5:58:42 AM,0.10
10100,4/15/2025 5:58:43 AM,0.20
10100,4/15/2025 5:58:44 AM,0.20
10100,4/15/2025 5:58:45 AM,0.10
10100,4/15/2025 5:58:47 AM,0.10
10100,4/15/2025 5:58:48 AM,0.20
10100,4/15/2025 5:58:49 AM,0.10
10100,4/15/2025 5:58:52 AM,0.10
10100,4/15/2025 5:58:53 AM,0.20
10100,4/15/2025 5:58:54 AM,0.10
10100,4/15/2025 5:58:55 AM,0.20
10100,4/15/2025 5:58:56 AM,0.20
10100,4/15/2025 5:58:57 AM,0.10
10100,4/15/2025 5:58:58 AM,0.20
10100,4/15/2025 5:58:59 AM,0.10
10100,4/15/2025 5:59:01 AM,0.20
10100,4/15/2025 5:59:01 AM,0.10
10100,4/15/2025 5:59:04 AM,0.10
10100,4/15/2025 5:59:05 AM,0.20
10100,4/15/2025 5:59:06 AM,0.10
10100,4/15/2025 5:59:07 AM,0.20
10100,4/15/2025 5:59:08 AM,0.10
10100,4/15/2025 5:59:09 AM,0.20
10100,4/15/2025 5:59:10 AM,0.20
10100,4/15/2025 5:59:11 AM,0.10
10100,4/15/2025 5:59:16 AM,0.10
10100,4/15/2025 5:59:17 AM,0.20
10100,4/15/2025 5:59:18 AM,0.10
10100,4/15/2025 5:59:19 AM,0.10
10100,4/15/2025 5:59:20 AM,0.20
10100,4/15/2025 5:59:21 AM,0.20
10100,4/15/2025 5:59:22 AM,0.10
10100,4/15/2025 5:59:25 AM,0.10
10100,4/15/2025 5:59:26 AM,0.20
10100,4/15/2025 5:59:27 AM,0.10
10100,4/15/2025 5:59:28 AM,0.10
10100,4/15/2025 5:59:29 AM,0.20
10100,4/15/2025 5:59:30 AM,0.10
10100,4/15/2025 5:59:33 AM,0.10
10100,4/15/2025 5:59:34 AM,0.20
10100,4/15/2025 5:59:35 AM,0.20
10100,4/15/2025 5:59:36 AM,0.10
10100,4/15/2025 5:59:37 AM,0.10
10100,4/15/2025 5:59:38 AM,0.20
10100,4/15/2025 5:59:39 AM,0.10
10100,4/15/2025 5:59:40 AM,0.10
10100,4/15/2025 5:59:41 AM,0.20
10100,4/15/2025 5:59:42 AM,0.10
10100,4/15/2025 5:59:43 AM,0.10
10100,4/15/2025 5:59:44 AM,0.20
10100,4/15/2025 5:59:45 AM,0.10
10100,4/15/2025 5:59:46 AM,0.10
10100,4/15/2025 5:59:47 AM,0.20
10100,4/15/2025 5:59:48 AM,0.20
10100,4/15/2025 5:59:49 AM,0.10
10100,4/15/2025 5:59:59 AM,0.10
10100,4/15/2025 6:00:01 AM,0.20
10100,4/15/2025 6:00:01 AM,0.10
10100,4/15/2025 6:00:02 AM,0.10
10100,4/15/2025 6:00:03 AM,0.20
10100,4/15/2025 6:00:04 AM,0.10
10100,4/15/2025 6:00:05 AM,0.20
10100,4/15/2025 6:00:06 AM,0.10
10100,4/15/2025 6:00:08 AM,0.10
10100,4/15/2025 6:00:09 AM,0.20
10100,4/15/2025 6:00:10 AM,0.10
10100,4/15/2025 6:00:11 AM,0.20
10100,4/15/2025 6:00:12 AM,0.10
10100,4/15/2025 6:00:14 AM,0.10
10100,4/15/2025 6:00:15 AM,0.20
10100,4/15/2025 6:00:16 AM,0.10
10100,4/15/2025 6:00:20 AM,0.10
10100,4/15/2025 6:00:21 AM,0.20
10100,4/15/2025 6:00:22 AM,0.10
10100,4/15/2025 6:00:27 AM,0.10
10100,4/15/2025 6:00:28 AM,0.20
10100,4/15/2025 6:00:29 AM,0.10
10100,4/15/2025 6:00:34 AM,0.10
10100,4/15/2025 6:00:35 AM,0.20
10100,4/15/2025 6:00:36 AM,0.10
10100,4/15/2025 6:00:51 AM,0.10
10100,4/15/2025 6:00:52 AM,0.20
10100,4/15/2025 6:00:53 AM,0.10
10100,4/15/2025 6:01:04 AM,0.10
10100,4/15/2025 6:01:05 AM,0.20
10100,4/15/2025 6:01:06 AM,0.10
10100,4/15/2025 6:18:02 AM,0.10
10100,4/15/2025 6:18:03 AM,0.20
10100,4/15/2025 6:18:04 AM,0.10
10100,4/15/2025 6:18:34 AM,0.10
10100,4/15/2025 6:18:35 AM,0.20
10100,4/15/2025 6:18:36 AM,0.10
10100,4/15/2025 6:18:42 AM,0.10
10100,4/15/2025 6:18:43 AM,0.20
10100,4/15/2025 6:18:44 AM,0.10
10100,4/15/2025 6:19:01 AM,0.10
10100,4/15/2025 6:19:01 AM,0.20
10100,4/15/2025 6:19:02 AM,0.10
10100,4/15/2025 6:19:06 AM,0.10
10100,4/15/2025 6:19:07 AM,0.20
10100,4/15/2025 6:19:08 AM,0.10
10100,4/15/2025 6:19:24 AM,0.10
10100,4/15/2025 6:19:25 AM,0.20
10100,4/15/2025 6:19:26 AM,0.10
10100,4/15/2025 6:19:31 AM,0.10
10100,4/15/2025 6:19:32 AM,0.20
10100,4/15/2025 6:19:33 AM,0.10
10100,4/15/2025 6:19:45 AM,0.10
10100,4/15/2025 6:19:46 AM,0.20
10100,4/15/2025 6:19:47 AM,0.10
10100,4/15/2025 6:19:48 AM,0.20
10100,4/15/2025 6:19:49 AM,0.10
10100,4/15/2025 6:19:50 AM,0.20
10100,4/15/2025 6:19:52 AM,0.20
10100,4/15/2025 6:19:53 AM,0.10
10100,4/15/2025 6:19:54 AM,0.20
10100,4/15/2025 6:19:57 AM,0.20
10100,4/15/2025 6:19:58 AM,0.10
10100,4/15/2025 6:19:59 AM,0.20
10100,4/15/2025 6:20:01 AM,0.20
10100,4/15/2025 6:20:02 AM,0.10
10100,4/15/2025 6:20:04 AM,0.10
10100,4/15/2025 6:20:05 AM,0.20
10100,4/15/2025 6:20:06 AM,0.10
10100,4/15/2025 6:20:07 AM,0.10
10100,4/15/2025 6:20:08 AM,0.20
10100,4/15/2025 6:20:10 AM,0.20
10100,4/15/2025 6:20:11 AM,0.10
10100,4/15/2025 6:20:13 AM,0.10
10100,4/15/2025 6:20:14 AM,0.20
10100,4/15/2025 6:20:15 AM,0.10
10100,4/15/2025 6:20:16 AM,0.10
10100,4/15/2025 6:20:17 AM,0.20
10100,4/15/2025 6:20:18 AM,0.10
10100,4/15/2025 6:20:19 AM,0.20
10100,4/15/2025 6:20:20 AM,0.10
10100,4/15/2025 6:20:21 AM,0.10
10100,4/15/2025 6:20:22 AM,0.20
10100,4/15/2025 6:20:23 AM,0.10
10100,4/15/2025 6:20:24 AM,0.10
10100,4/15/2025 6:20:25 AM,0.20
10100,4/15/2025 6:20:26 AM,0.20
10100,4/15/2025 6:20:27 AM,0.10
10100,4/15/2025 6:20:31 AM,0.10
10100,4/15/2025 6:20:32 AM,0.20
10100,4/15/2025 6:20:33 AM,0.10
10100,4/15/2025 6:20:36 AM,0.10
10100,4/15/2025 6:20:37 AM,0.20
10100,4/15/2025 6:20:38 AM,0.10
10100,4/15/2025 6:20:39 AM,0.10
10100,4/15/2025 6:20:40 AM,0.20
10100,4/15/2025 6:20:41 AM,0.20
10100,4/15/2025 6:20:42 AM,0.10
10100,4/15/2025 6:20:44 AM,0.10
10100,4/15/2025 6:20:45 AM,0.20
10100,4/15/2025 6:20:46 AM,0.10
10100,4/15/2025 6:20:47 AM,0.10
10100,4/15/2025 6:20:48 AM,0.20
10100,4/15/2025 6:20:49 AM,0.10
10100,4/15/2025 6:20:50 AM,0.20
10100,4/15/2025 6:20:51 AM,0.20
10100,4/15/2025 6:20:52 AM,0.10
10100,4/15/2025 6:20:53 AM,0.20
10100,4/15/2025 6:20:54 AM,0.20
10100,4/15/2025 6:20:55 AM,0.10
10100,4/15/2025 6:20:56 AM,0.20
10100,4/15/2025 6:20:57 AM,0.10
10100,4/15/2025 6:21:01 AM,0.10
10100,4/15/2025 6:21:01 AM,0.20
10100,4/15/2025 6:21:02 AM,0.20
10100,4/15/2025 6:21:03 AM,0.10
10100,4/15/2025 6:21:04 AM,0.20
10100,4/15/2025 6:21:07 AM,0.20
10100,4/15/2025 6:21:08 AM,0.10
10100,4/15/2025 6:21:09 AM,0.20
10100,4/15/2025 6:21:10 AM,0.10
10100,4/15/2025 6:21:11 AM,0.10
10100,4/15/2025 6:21:12 AM,0.20
10100,4/15/2025 6:21:13 AM,0.10
10100,4/15/2025 6:21:14 AM,0.10
10100,4/15/2025 6:21:15 AM,0.20
10100,4/15/2025 6:21:16 AM,0.10
10100,4/15/2025 6:21:17 AM,0.20
10100,4/15/2025 6:21:18 AM,0.20
10100,4/15/2025 6:21:19 AM,0.10
10100,4/15/2025 6:21:20 AM,0.20
10100,4/15/2025 6:21:21 AM,0.20
10100,4/15/2025 6:21:22 AM,0.10
10100,4/15/2025 6:21:23 AM,0.20
10100,4/15/2025 6:21:24 AM,0.10
10100,4/15/2025 6:21:25 AM,0.10
10100,4/15/2025 6:21:26 AM,0.20
10100,4/15/2025 6:21:27 AM,0.20
10100,4/15/2025 6:21:28 AM,0.10
10100,4/15/2025 6:21:29 AM,0.10
10100,4/15/2025 6:21:30 AM,0.20
10100,4/15/2025 6:21:31 AM,0.10
10100,4/15/2025 6:21:32 AM,0.20
10100,4/15/2025 6:21:33 AM,0.10
10100,4/15/2025 6:21:34 AM,0.20
10100,4/15/2025 6:21:35 AM,0.20
10100,4/15/2025 6:21:36 AM,0.10
10100,4/15/2025 6:21:40 AM,0.10
10100,4/15/2025 6:21:41 AM,0.20
10100,4/15/2025 6:21:42 AM,0.20
10100,4/15/2025 6:21:43 AM,0.10
10100,4/15/2025 6:21:44 AM,0.20
10100,4/15/2025 6:21:46 AM,0.20
10100,4/15/2025 6:21:47 AM,0.10
10100,4/15/2025 6:21:48 AM,0.20
10100,4/15/2025 6:21:49 AM,0.20
10100,4/15/2025 6:21:50 AM,0.10
10100,4/15/2025 6:21:54 AM,0.10
10100,4/15/2025 6:21:55 AM,0.20
10100,4/15/2025 6:21:56 AM,0.10
10100,4/15/2025 6:21:57 AM,0.10
10100,4/15/2025 6:21:58 AM,0.20
10100,4/15/2025 6:21:59 AM,0.10
10100,4/15/2025 6:22:03 AM,0.10
10100,4/15/2025 6:22:04 AM,0.20
10100,4/15/2025 6:22:05 AM,0.10
10100,4/15/2025 6:22:06 AM,0.10
10100,4/15/2025 6:22:07 AM,0.20
10100,4/15/2025 6:22:08 AM,0.10
10100,4/15/2025 6:22:13 AM,0.10
10100,4/15/2025 6:22:14 AM,0.20
10100,4/15/2025 6:22:15 AM,0.10
10100,4/15/2025 6:22:20 AM,0.10
10100,4/15/2025 6:22:21 AM,0.20
10100,4/15/2025 6:22:22 AM,0.10
10100,4/15/2025 6:22:26 AM,0.10
10100,4/15/2025 6:22:27 AM,0.20
10100,4/15/2025 6:22:28 AM,0.10
10100,4/15/2025 6:22:29 AM,0.10
10100,4/15/2025 6:22:30 AM,0.20
10100,4/15/2025 6:22:31 AM,0.10
10100,4/15/2025 6:22:32 AM,0.20
10100,4/15/2025 6:22:33 AM,0.10
10100,4/15/2025 6:22:36 AM,0.10
10100,4/15/2025 6:22:37 AM,0.20
10100,4/15/2025 6:22:38 AM,0.10
10100,4/15/2025 6:22:40 AM,0.10
10100,4/15/2025 6:22:41 AM,0.20
10100,4/15/2025 6:22:42 AM,0.10
10100,4/15/2025 6:22:46 AM,0.10
10100,4/15/2025 6:22:47 AM,0.20
10100,4/15/2025 6:22:49 AM,0.20
10100,4/15/2025 6:22:50 AM,0.10
10100,4/15/2025 6:22:51 AM,0.10
10100,4/15/2025 6:22:52 AM,0.20
10100,4/15/2025 6:22:53 AM,0.10
10100,4/15/2025 6:22:55 AM,0.10
10100,4/15/2025 6:22:56 AM,0.20
10100,4/15/2025 6:22:57 AM,0.10
10100,4/15/2025 6:23:04 AM,0.10
10100,4/15/2025 6:23:05 AM,0.20
10100,4/15/2025 6:23:06 AM,0.10
10100,4/15/2025 6:23:27 AM,0.10
10100,4/15/2025 6:23:28 AM,0.20
10100,4/15/2025 6:23:29 AM,0.10
10100,4/15/2025 6:23:40 AM,0.10
10100,4/15/2025 6:23:41 AM,0.20
10100,4/15/2025 6:23:42 AM,0.10
10100,4/15/2025 6:23:43 AM,0.20
10100,4/15/2025 6:23:44 AM,0.10
10100,4/15/2025 6:23:46 AM,0.10
10100,4/15/2025 6:23:47 AM,0.20
10100,4/15/2025 6:23:48 AM,0.10
10100,4/15/2025 6:24:01 AM,0.10
10100,4/15/2025 6:24:02 AM,0.20
10100,4/15/2025 6:24:03 AM,0.10
10100,4/15/2025 6:24:04 AM,0.20
10100,4/15/2025 6:24:05 AM,0.10
10100,4/15/2025 6:24:06 AM,0.20
10100,4/15/2025 6:24:07 AM,0.20
10100,4/15/2025 6:24:08 AM,0.10
10100,4/15/2025 6:24:16 AM,0.10
10100,4/15/2025 6:24:17 AM,0.20
10100,4/15/2025 6:24:18 AM,0.20
10100,4/15/2025 6:24:19 AM,0.10
10100,4/15/2025 6:24:20 AM,0.20
10100,4/15/2025 6:24:21 AM,0.10
10100,4/15/2025 6:24:22 AM,0.10
10100,4/15/2025 6:24:23 AM,0.20
10100,4/15/2025 6:24:24 AM,0.10
10100,4/15/2025 6:24:25 AM,0.10
10100,4/15/2025 6:24:26 AM,0.20
10100,4/15/2025 6:24:27 AM,0.20
10100,4/15/2025 6:24:28 AM,0.10
10100,4/15/2025 6:24:29 AM,0.10
10100,4/15/2025 6:24:30 AM,0.20
10100,4/15/2025 6:24:31 AM,0.10
10100,4/15/2025 6:24:32 AM,0.20
10100,4/15/2025 6:24:33 AM,0.10
10100,4/15/2025 6:24:34 AM,0.20
10100,4/15/2025 6:24:35 AM,0.10
10100,4/15/2025 6:24:36 AM,0.20
10100,4/15/2025 6:24:37 AM,0.10
10100,4/15/2025 6:24:38 AM,0.20
10100,4/15/2025 6:24:39 AM,0.20
10100,4/15/2025 6:24:40 AM,0.10
10100,4/15/2025 6:24:41 AM,0.20
10100,4/15/2025 6:24:42 AM,0.10
10100,4/15/2025 6:24:43 AM,0.20
10100,4/15/2025 6:24:44 AM,0.10
10100,4/15/2025 6:24:45 AM,0.10
10100,4/15/2025 6:24:46 AM,0.20
10100,4/15/2025 6:24:47 AM,0.20
10100,4/15/2025 6:24:48 AM,0.10
10100,4/15/2025 6:24:49 AM,0.10
10100,4/15/2025 6:24:50 AM,0.20
10100,4/15/2025 6:24:51 AM,0.10
10100,4/15/2025 6:24:54 AM,0.10
10100,4/15/2025 6:24:55 AM,0.20
10100,4/15/2025 6:24:57 AM,0.20
10100,4/15/2025 6:24:58 AM,0.10
10100,4/15/2025 6:24:59 AM,0.10
10100,4/15/2025 6:25:01 AM,0.20
10100,4/15/2025 6:25:02 AM,0.20
10100,4/15/2025 6:25:03 AM,0.10
10100,4/15/2025 6:25:04 AM,0.20
10100,4/15/2025 6:25:07 AM,0.20
10100,4/15/2025 6:25:08 AM,0.10
10100,4/15/2025 6:25:09 AM,0.10
10100,4/15/2025 6:25:10 AM,0.20
10100,4/15/2025 6:25:16 AM,0.20
10100,4/15/2025 6:25:17 AM,0.10
10100,4/15/2025 6:25:21 AM,0.10
10100,4/15/2025 6:25:22 AM,0.20
10100,4/15/2025 6:25:23 AM,0.10
10100,4/15/2025 6:25:25 AM,0.10
10100,4/15/2025 6:25:26 AM,0.20
10100,4/15/2025 6:25:27 AM,0.10
10100,4/15/2025 6:25:28 AM,0.10
10100,4/15/2025 6:25:29 AM,0.20
10100,4/15/2025 6:25:33 AM,0.20
10100,4/15/2025 6:25:34 AM,0.10
10100,4/15/2025 6:25:35 AM,0.10
10100,4/15/2025 6:25:36 AM,0.20
10100,4/15/2025 6:25:37 AM,0.20
10100,4/15/2025 6:25:38 AM,0.10
10100,4/15/2025 6:25:41 AM,0.10
10100,4/15/2025 6:25:42 AM,0.20
10100,4/15/2025 6:25:43 AM,0.10
10100,4/15/2025 6:25:44 AM,0.20
10100,4/15/2025 6:25:45 AM,0.10
10100,4/15/2025 6:25:46 AM,0.20
10100,4/15/2025 6:25:47 AM,0.10
10100,4/15/2025 6:25:48 AM,0.20
10100,4/15/2025 6:25:49 AM,0.20
10100,4/15/2025 6:25:50 AM,0.10
10100,4/15/2025 6:25:52 AM,0.10
10100,4/15/2025 6:25:53 AM,0.20
10100,4/15/2025 6:25:54 AM,0.20
10100,4/15/2025 6:25:55 AM,0.10
10100,4/15/2025 6:25:56 AM,0.20
10100,4/15/2025 6:25:57 AM,0.10
10100,4/15/2025 6:25:59 AM,0.10
10100,4/15/2025 6:26:01 AM,0.20
10100,4/15/2025 6:26:01 AM,0.20
10100,4/15/2025 6:26:02 AM,0.10
10100,4/15/2025 6:26:03 AM,0.20
10100,4/15/2025 6:26:04 AM,0.10
10100,4/15/2025 6:26:05 AM,0.20
10100,4/15/2025 6:26:06 AM,0.10
10100,4/15/2025 6:26:07 AM,0.20
10100,4/15/2025 6:26:08 AM,0.10
10100,4/15/2025 6:26:09 AM,0.10
10100,4/15/2025 6:26:10 AM,0.20
10100,4/15/2025 6:26:12 AM,0.20
10100,4/15/2025 6:26:13 AM,0.10
10100,4/15/2025 6:26:14 AM,0.20
10100,4/15/2025 6:26:15 AM,0.10
10100,4/15/2025 6:26:18 AM,0.10
10100,4/15/2025 6:26:19 AM,0.20
10100,4/15/2025 6:26:20 AM,0.10
10100,4/15/2025 6:26:21 AM,0.20
10100,4/15/2025 6:26:22 AM,0.20
10100,4/15/2025 6:26:23 AM,0.10
10100,4/15/2025 6:26:28 AM,0.10
10100,4/15/2025 6:26:29 AM,0.20
10100,4/15/2025 6:26:30 AM,0.10
10100,4/15/2025 6:26:31 AM,0.20
10100,4/15/2025 6:26:32 AM,0.10
10100,4/15/2025 6:26:33 AM,0.20
10100,4/15/2025 6:26:34 AM,0.10
10100,4/15/2025 6:26:38 AM,0.10
10100,4/15/2025 6:26:39 AM,0.20
10100,4/15/2025 6:26:40 AM,0.10
10100,4/15/2025 6:26:47 AM,0.10
10100,4/15/2025 6:26:48 AM,0.20
10100,4/15/2025 6:26:51 AM,0.20
10100,4/15/2025 6:26:52 AM,0.10
10100,4/15/2025 6:26:53 AM,0.20
10100,4/15/2025 6:26:54 AM,0.20
10100,4/15/2025 6:26:55 AM,0.10
10100,4/15/2025 6:26:58 AM,0.10
10100,4/15/2025 6:26:59 AM,0.20
10100,4/15/2025 6:27:01 AM,0.10
10100,4/15/2025 6:27:01 AM,0.10
10100,4/15/2025 6:27:02 AM,0.20
10100,4/15/2025 6:27:04 AM,0.20
10100,4/15/2025 6:27:05 AM,0.10
10100,4/15/2025 6:27:06 AM,0.20
10100,4/15/2025 6:27:07 AM,0.10
10100,4/15/2025 6:27:08 AM,0.10
10100,4/15/2025 6:27:09 AM,0.20
10100,4/15/2025 6:27:10 AM,0.10
10100,4/15/2025 6:27:11 AM,0.20
10100,4/15/2025 6:27:12 AM,0.10
10100,4/15/2025 6:27:13 AM,0.10
10100,4/15/2025 6:27:14 AM,0.20
10100,4/15/2025 6:27:15 AM,0.10
10100,4/15/2025 6:27:16 AM,0.10
10100,4/15/2025 6:27:17 AM,0.20
10100,4/15/2025 6:27:18 AM,0.10
10100,4/15/2025 6:27:22 AM,0.10
10100,4/15/2025 6:27:23 AM,0.20
10100,4/15/2025 6:27:24 AM,0.10
10100,4/15/2025 6:27:25 AM,0.10
10100,4/15/2025 6:27:26 AM,0.20
10100,4/15/2025 6:27:27 AM,0.10
10100,4/15/2025 6:27:28 AM,0.20
10100,4/15/2025 6:27:29 AM,0.10
10100,4/15/2025 6:27:32 AM,0.10
10100,4/15/2025 6:27:33 AM,0.20
10100,4/15/2025 6:27:34 AM,0.10
10100,4/15/2025 6:27:35 AM,0.10
10100,4/15/2025 6:27:36 AM,0.20
10100,4/15/2025 6:27:38 AM,0.20
10100,4/15/2025 6:27:39 AM,0.10
10100,4/15/2025 6:27:40 AM,0.20
10100,4/15/2025 6:27:41 AM,0.10
10100,4/15/2025 6:27:42 AM,0.20
10100,4/15/2025 6:27:43 AM,0.20
10100,4/15/2025 6:27:44 AM,0.10
10100,4/15/2025 6:27:46 AM,0.10
10100,4/15/2025 6:27:47 AM,0.20
10100,4/15/2025 6:27:50 AM,0.20
10100,4/15/2025 6:27:51 AM,0.10
10100,4/15/2025 6:27:52 AM,0.20
10100,4/15/2025 6:27:53 AM,0.10
10100,4/15/2025 6:27:54 AM,0.20
10100,4/15/2025 6:28:04 AM,0.20
10100,4/15/2025 6:28:05 AM,0.10
10100,4/15/2025 6:28:06 AM,0.20
10100,4/15/2025 6:28:07 AM,0.10
10100,4/15/2025 6:28:08 AM,0.20
10100,4/15/2025 6:28:16 AM,0.20
10100,4/15/2025 6:28:17 AM,0.10
10100,4/15/2025 6:28:18 AM,0.20
10100,4/15/2025 6:28:20 AM,0.20
10100,4/15/2025 6:28:21 AM,0.10
10100,4/15/2025 6:28:22 AM,0.20
10100,4/15/2025 6:28:24 AM,0.20
10100,4/15/2025 6:28:25 AM,0.10
10100,4/15/2025 6:28:26 AM,0.20
10100,4/15/2025 6:28:28 AM,0.20
10100,4/15/2025 6:28:29 AM,0.10
10100,4/15/2025 6:28:30 AM,0.20
10100,4/15/2025 6:28:32 AM,0.20
10100,4/15/2025 6:28:33 AM,0.10
10100,4/15/2025 6:28:34 AM,0.20
10100,4/15/2025 6:28:58 AM,0.20
10100,4/15/2025 6:28:59 AM,0.10
10100,4/15/2025 6:29:01 AM,0.20
10100,4/15/2025 6:29:41 AM,0.20
10100,4/15/2025 6:29:42 AM,0.10
10100,4/15/2025 6:29:43 AM,0.20
10100,4/15/2025 6:29:48 AM,0.20
10100,4/15/2025 6:29:49 AM,0.10
10100,4/15/2025 6:29:50 AM,0.20
10100,4/15/2025 6:29:52 AM,0.20
10100,4/15/2025 6:29:53 AM,0.10
10100,4/15/2025 6:29:54 AM,0.20
10100,4/15/2025 6:29:58 AM,0.20
10100,4/15/2025 6:29:59 AM,0.10
10100,4/15/2025 6:30:01 AM,0.20
10100,4/15/2025 7:05:40 AM,0.20
10100,4/15/2025 7:05:41 AM,0.10
10100,4/15/2025 7:05:42 AM,0.10
10100,4/15/2025 7:05:43 AM,0.20
10100,4/15/2025 7:05:51 AM,0.20
10100,4/15/2025 7:05:52 AM,0.10
10100,4/15/2025 7:05:53 AM,0.20
10100,4/15/2025 7:06:03 AM,0.20
10100,4/15/2025 7:06:04 AM,0.10
10100,4/15/2025 7:06:05 AM,0.10
10100,4/15/2025 7:06:06 AM,0.20
10100,4/15/2025 7:06:07 AM,0.20
10100,4/15/2025 7:06:08 AM,0.10
10100,4/15/2025 7:06:09 AM,0.20
10100,4/15/2025 7:06:31 AM,0.20
10100,4/15/2025 7:06:32 AM,0.10
10100,4/15/2025 7:06:33 AM,0.20
10100,4/15/2025 7:06:40 AM,0.20
10100,4/15/2025 7:06:41 AM,0.10
10100,4/15/2025 7:06:43 AM,0.10
10100,4/15/2025 7:06:44 AM,0.20
10100,4/15/2025 7:07:12 AM,0.20
10100,4/15/2025 7:07:13 AM,0.10
10100,4/15/2025 7:07:14 AM,0.20
10100,4/15/2025 7:07:18 AM,0.20
10100,4/15/2025 7:07:19 AM,0.10
10100,4/15/2025 7:07:20 AM,0.20
10100,4/15/2025 7:07:32 AM,0.20
10100,4/15/2025 7:07:33 AM,0.10
10100,4/15/2025 7:07:34 AM,0.20
10100,4/15/2025 7:07:35 AM,0.20
10100,4/15/2025 7:07:36 AM,0.10
10100,4/15/2025 7:07:37 AM,0.10
10100,4/15/2025 7:07:38 AM,0.20
10100,4/15/2025 7:07:50 AM,0.20
10100,4/15/2025 7:07:51 AM,0.10
10100,4/15/2025 7:07:52 AM,0.20
10100,4/15/2025 7:07:53 AM,0.20
10100,4/15/2025 7:07:54 AM,0.10
10100,4/15/2025 7:07:55 AM,0.20
10100,4/15/2025 7:07:58 AM,0.20
10100,4/15/2025 7:07:59 AM,0.10
10100,4/15/2025 7:08:01 AM,0.20
10100,4/15/2025 7:08:02 AM,0.20
10100,4/15/2025 7:08:03 AM,0.10
10100,4/15/2025 7:08:04 AM,0.20
10100,4/15/2025 7:08:14 AM,0.20
10100,4/15/2025 7:08:15 AM,0.10
10100,4/15/2025 7:08:17 AM,0.10
10100,4/15/2025 7:08:18 AM,0.20
10100,4/15/2025 7:08:23 AM,0.20
10100,4/15/2025 7:08:24 AM,0.10
10100,4/15/2025 7:08:26 AM,0.10
10100,4/15/2025 7:08:27 AM,0.20
10100,4/15/2025 7:08:28 AM,0.10
10100,4/15/2025 7:08:29 AM,0.10
10100,4/15/2025 7:08:30 AM,0.20
10100,4/15/2025 7:08:31 AM,0.10
10100,4/15/2025 7:08:33 AM,0.10
10100,4/15/2025 7:08:34 AM,0.20
10100,4/15/2025 7:08:35 AM,0.10
10100,4/15/2025 7:08:37 AM,0.10
10100,4/15/2025 7:08:38 AM,0.20
10100,4/15/2025 7:08:40 AM,0.20
10100,4/15/2025 7:08:41 AM,0.10
10100,4/15/2025 7:08:42 AM,0.20
10100,4/15/2025 7:08:45 AM,0.20
10100,4/15/2025 7:08:46 AM,0.10
10100,4/15/2025 7:08:47 AM,0.20
10100,4/15/2025 7:08:49 AM,0.20
10100,4/15/2025 7:08:50 AM,0.10
10100,4/15/2025 7:08:51 AM,0.10
10100,4/15/2025 7:08:52 AM,0.20
10100,4/15/2025 7:08:53 AM,0.10
10100,4/15/2025 7:08:54 AM,0.20
10100,4/15/2025 7:08:55 AM,0.10
10100,4/15/2025 7:08:59 AM,0.10
10100,4/15/2025 7:09:01 AM,0.20
10100,4/15/2025 7:09:01 AM,0.20
10100,4/15/2025 7:09:02 AM,0.10
10100,4/15/2025 7:09:04 AM,0.10
10100,4/15/2025 7:09:05 AM,0.20
10100,4/15/2025 7:09:06 AM,0.10
10100,4/15/2025 7:09:13 AM,0.10
10100,4/15/2025 7:09:14 AM,0.20
10100,4/15/2025 7:09:15 AM,0.10
10100,4/15/2025 7:09:23 AM,0.10
10100,4/15/2025 7:09:24 AM,0.20
10100,4/15/2025 7:09:25 AM,0.10
10100,4/15/2025 7:09:29 AM,0.10
10100,4/15/2025 7:09:30 AM,0.20
10100,4/15/2025 7:09:31 AM,0.10
10100,4/15/2025 7:09:32 AM,0.10
10100,4/15/2025 7:09:33 AM,0.20
10100,4/15/2025 7:09:34 AM,0.20
10100,4/15/2025 7:09:35 AM,0.10
10100,4/15/2025 7:09:36 AM,0.10
10100,4/15/2025 7:09:37 AM,0.20
10100,4/15/2025 7:09:38 AM,0.10
10100,4/15/2025 7:09:43 AM,0.10
10100,4/15/2025 7:09:44 AM,0.20
10100,4/15/2025 7:09:45 AM,0.20
10100,4/15/2025 7:09:46 AM,0.10
10100,4/15/2025 7:09:47 AM,0.20
10100,4/15/2025 7:09:48 AM,0.20
10100,4/15/2025 7:09:49 AM,0.10
10100,4/15/2025 7:09:55 AM,0.10
10100,4/15/2025 7:09:56 AM,0.20
10100,4/15/2025 7:09:57 AM,0.10
10100,4/15/2025 7:09:58 AM,0.20
10100,4/15/2025 7:09:59 AM,0.10
10100,4/15/2025 7:10:14 AM,0.10
10100,4/15/2025 7:10:15 AM,0.20
10100,4/15/2025 7:10:16 AM,0.10
10100,4/15/2025 7:10:39 AM,0.10
10100,4/15/2025 7:10:40 AM,0.20
10100,4/15/2025 7:10:41 AM,0.10
10100,4/15/2025 7:10:46 AM,0.10
10100,4/15/2025 7:10:47 AM,0.20
10100,4/15/2025 7:10:48 AM,0.10
10100,4/15/2025 7:12:22 AM,0.10
10100,4/15/2025 7:12:23 AM,0.20
10100,4/15/2025 7:12:24 AM,0.10
10100,4/15/2025 7:12:37 AM,0.10
10100,4/15/2025 7:12:38 AM,0.20
10100,4/15/2025 7:12:39 AM,0.10
10100,4/15/2025 7:12:55 AM,0.10
10100,4/15/2025 7:12:56 AM,0.20
10100,4/15/2025 7:12:57 AM,0.10
10100,4/15/2025 7:13:11 AM,0.10
10100,4/15/2025 7:13:12 AM,0.20
10100,4/15/2025 7:13:13 AM,0.10
10100,4/15/2025 7:13:28 AM,0.10
10100,4/15/2025 7:13:29 AM,0.20
10100,4/15/2025 7:13:30 AM,0.10
10100,4/15/2025 7:13:40 AM,0.10
10100,4/15/2025 7:13:41 AM,0.20
10100,4/15/2025 7:13:42 AM,0.20
10100,4/15/2025 7:13:43 AM,0.10
10100,4/15/2025 7:13:52 AM,0.10
10100,4/15/2025 7:13:53 AM,0.20
10100,4/15/2025 7:13:54 AM,0.10
10100,4/15/2025 7:13:55 AM,0.20
10100,4/15/2025 7:13:56 AM,0.10
10100,4/15/2025 7:14:01 AM,0.10
10100,4/15/2025 7:14:02 AM,0.20
10100,4/15/2025 7:14:03 AM,0.10
10100,4/15/2025 7:14:21 AM,0.10
10100,4/15/2025 7:14:22 AM,0.20
10100,4/15/2025 7:14:23 AM,0.10
10100,4/15/2025 7:14:43 AM,0.10
10100,4/15/2025 7:14:44 AM,0.20
10100,4/15/2025 7:14:45 AM,0.10
10100,4/15/2025 7:15:12 AM,0.10
10100,4/15/2025 7:15:13 AM,0.20
10100,4/15/2025 7:15:14 AM,0.10
10100,4/15/2025 7:15:29 AM,0.10
10100,4/15/2025 7:15:30 AM,0.20
10100,4/15/2025 7:15:31 AM,0.10
10100,4/15/2025 7:16:58 AM,0.10
10100,4/15/2025 7:16:59 AM,0.20
10100,4/15/2025 7:17:01 AM,0.10
10100,4/15/2025 8:07:02 AM,0.10
10100,4/15/2025 8:57:03 AM,0.10
10100,4/15/2025 9:47:06 AM,0.10
10100,4/15/2025 10:17:50 AM,0.10
10100,4/15/2025 10:17:51 AM,0.00
10100,4/15/2025 10:18:15 AM,0.00
10100,4/15/2025 10:18:16 AM,0.10
10100,4/15/2025 10:18:17 AM,0.00
10100,4/15/2025 10:32:19 AM,0.00
10100,4/15/2025 10:32:20 AM,0.10
10100,4/15/2025 10:32:21 AM,0.00
10100,4/15/2025 10:33:04 AM,0.00
10100,4/15/2025 10:33:05 AM,0.10
10100,4/15/2025 10:33:06 AM,0.00
10100,4/15/2025 10:33:08 AM,0.00
10100,4/15/2025 10:33:09 AM,0.10
10100,4/15/2025 10:33:10 AM,0.00
10100,4/15/2025 10:33:22 AM,0.00
10100,4/15/2025 10:33:23 AM,0.10
10100,4/15/2025 10:33:24 AM,0.00
10100,4/15/2025 10:33:25 AM,0.00
10100,4/15/2025 10:33:26 AM,0.10
10100,4/15/2025 10:33:27 AM,0.00
10100,4/15/2025 10:33:34 AM,0.00
10100,4/15/2025 10:33:35 AM,0.10
10100,4/15/2025 10:33:36 AM,0.00
10100,4/15/2025 10:33:44 AM,0.00
10100,4/15/2025 10:33:45 AM,0.10
10100,4/15/2025 10:33:46 AM,0.00
10100,4/15/2025 10:33:49 AM,0.00
10100,4/15/2025 10:33:50 AM,0.10
10100,4/15/2025 10:33:51 AM,0.00
10100,4/15/2025 10:33:54 AM,0.00
10100,4/15/2025 10:33:55 AM,0.10
10100,4/15/2025 10:33:56 AM,0.00
10100,4/15/2025 10:34:08 AM,0.00
10100,4/15/2025 10:34:09 AM,0.10
10100,4/15/2025 10:34:10 AM,0.00
10100,4/15/2025 10:34:11 AM,0.10
10100,4/15/2025 10:34:12 AM,0.00
10100,4/15/2025 10:34:13 AM,0.00
10100,4/15/2025 10:34:14 AM,0.10
10100,4/15/2025 10:34:15 AM,0.00
10100,4/15/2025 10:34:16 AM,0.10
10100,4/15/2025 10:34:17 AM,0.10
10100,4/15/2025 10:34:18 AM,0.00
10100,4/15/2025 10:34:19 AM,0.10
10100,4/15/2025 10:34:22 AM,0.10
10100,4/15/2025 10:34:23 AM,0.00
10100,4/15/2025 10:34:24 AM,0.10
10100,4/15/2025 10:34:25 AM,0.00
10100,4/15/2025 10:34:27 AM,0.00
10100,4/15/2025 10:34:28 AM,0.10
10100,4/15/2025 10:34:29 AM,0.10
10100,4/15/2025 10:34:30 AM,0.00
10100,4/15/2025 10:34:31 AM,0.00
10100,4/15/2025 10:34:32 AM,0.10
10100,4/15/2025 10:34:35 AM,0.10
10100,4/15/2025 10:34:36 AM,0.00
10100,4/15/2025 10:34:37 AM,0.00
10100,4/15/2025 10:34:38 AM,0.10
10100,4/15/2025 10:34:39 AM,0.00
10100,4/15/2025 10:34:40 AM,0.00
10100,4/15/2025 10:34:41 AM,0.10
10100,4/15/2025 10:34:42 AM,0.00
10100,4/15/2025 10:34:43 AM,0.10
10100,4/15/2025 10:34:44 AM,0.10
10100,4/15/2025 10:34:45 AM,0.00
10100,4/15/2025 10:34:47 AM,0.00
10100,4/15/2025 10:34:48 AM,0.10
10100,4/15/2025 10:34:49 AM,0.10
10100,4/15/2025 10:34:50 AM,0.00
10100,4/15/2025 10:34:51 AM,0.00
10100,4/15/2025 10:34:52 AM,0.10
10100,4/15/2025 10:34:53 AM,0.00
10100,4/15/2025 10:34:54 AM,0.10
10100,4/15/2025 10:34:55 AM,0.00
10100,4/15/2025 10:34:56 AM,0.10
10100,4/15/2025 10:35:02 AM,0.10
10100,4/15/2025 10:35:03 AM,0.00
10100,4/15/2025 10:35:06 AM,0.00
10100,4/15/2025 10:35:07 AM,0.10
10100,4/15/2025 10:35:08 AM,0.00
10100,4/15/2025 10:35:09 AM,0.10
10100,4/15/2025 10:35:10 AM,0.00
10100,4/15/2025 10:35:11 AM,0.10
10100,4/15/2025 10:35:12 AM,0.00
10100,4/15/2025 10:35:13 AM,0.10
10100,4/15/2025 10:35:14 AM,0.00
10100,4/15/2025 10:35:16 AM,0.00
10100,4/15/2025 10:35:17 AM,0.10
10100,4/15/2025 10:35:19 AM,0.10
10100,4/15/2025 10:35:20 AM,0.00
10100,4/15/2025 10:35:21 AM,0.10
10100,4/15/2025 10:35:22 AM,0.00
10100,4/15/2025 10:35:23 AM,0.00
10100,4/15/2025 10:35:24 AM,0.10
10100,4/15/2025 10:35:25 AM,0.10
10100,4/15/2025 10:35:26 AM,0.00
10100,4/15/2025 10:35:29 AM,0.00
10100,4/15/2025 10:35:30 AM,0.10
10100,4/15/2025 10:35:33 AM,0.10
10100,4/15/2025 10:35:34 AM,0.00
10100,4/15/2025 10:35:35 AM,0.10
10100,4/15/2025 10:35:37 AM,0.10
10100,4/15/2025 10:35:38 AM,0.00
10100,4/15/2025 10:35:39 AM,0.10
10100,4/15/2025 10:35:40 AM,0.00
10100,4/15/2025 10:35:43 AM,0.00
10100,4/15/2025 10:35:44 AM,0.10
10100,4/15/2025 10:35:45 AM,0.00
10100,4/15/2025 10:35:46 AM,0.10
10100,4/15/2025 10:35:47 AM,0.00
10100,4/15/2025 10:35:48 AM,0.10
10100,4/15/2025 10:35:49 AM,0.00
10100,4/15/2025 10:35:52 AM,0.00
10100,4/15/2025 10:35:53 AM,0.10
10100,4/15/2025 10:35:54 AM,0.00
10100,4/15/2025 10:35:55 AM,0.00
10100,4/15/2025 10:35:56 AM,0.10
10100,4/15/2025 10:35:57 AM,0.10
10100,4/15/2025 10:35:58 AM,0.00
10100,4/15/2025 10:35:59 AM,0.10
10100,4/15/2025 10:36:01 AM,0.10
10100,4/15/2025 10:36:01 AM,0.00
10100,4/15/2025 10:36:02 AM,0.00
10100,4/15/2025 10:36:04 AM,0.00
10100,4/15/2025 10:36:05 AM,0.10
10100,4/15/2025 10:36:06 AM,0.10
10100,4/15/2025 10:36:07 AM,0.00
10100,4/15/2025 10:36:08 AM,0.00
10100,4/15/2025 10:36:09 AM,0.10
10100,4/15/2025 10:36:10 AM,0.00
10100,4/15/2025 10:36:11 AM,0.00
10100,4/15/2025 10:36:12 AM,0.10
10100,4/15/2025 10:36:13 AM,0.00
10100,4/15/2025 10:36:14 AM,0.10
10100,4/15/2025 10:36:15 AM,0.10
10100,4/15/2025 10:36:16 AM,0.00
10100,4/15/2025 10:36:18 AM,0.00
10100,4/15/2025 10:36:19 AM,0.10
10100,4/15/2025 10:36:20 AM,0.00
10100,4/15/2025 10:36:23 AM,0.00
10100,4/15/2025 10:36:24 AM,0.10
10100,4/15/2025 10:36:25 AM,0.10
10100,4/15/2025 10:36:26 AM,0.00
10100,4/15/2025 10:36:27 AM,0.10
10100,4/15/2025 10:36:28 AM,0.00
10100,4/15/2025 10:36:29 AM,0.00
10100,4/15/2025 10:36:30 AM,0.10
10100,4/15/2025 10:36:31 AM,0.10
10100,4/15/2025 10:36:32 AM,0.00
10100,4/15/2025 10:36:34 AM,0.00
10100,4/15/2025 10:36:35 AM,0.10
10100,4/15/2025 10:36:36 AM,0.00
10100,4/15/2025 10:36:37 AM,0.10
10100,4/15/2025 10:36:38 AM,0.10
10100,4/15/2025 10:36:39 AM,0.00
10100,4/15/2025 10:36:41 AM,0.00
10100,4/15/2025 10:36:42 AM,0.10
10100,4/15/2025 10:36:43 AM,0.10
10100,4/15/2025 10:36:44 AM,0.00
10100,4/15/2025 10:36:47 AM,0.00
10100,4/15/2025 10:36:48 AM,0.10
10100,4/15/2025 10:36:49 AM,0.00
10100,4/15/2025 10:36:50 AM,0.10
10100,4/15/2025 10:36:51 AM,0.00
10100,4/15/2025 10:36:52 AM,0.00
10100,4/15/2025 10:36:53 AM,0.10
10100,4/15/2025 10:36:54 AM,0.10
10100,4/15/2025 10:36:55 AM,0.00
10100,4/15/2025 10:36:56 AM,0.10
10100,4/15/2025 10:36:57 AM,0.00
10100,4/15/2025 10:36:58 AM,0.00
10100,4/15/2025 10:36:59 AM,0.10
10100,4/15/2025 10:37:01 AM,0.10
10100,4/15/2025 10:37:01 AM,0.00
10100,4/15/2025 10:37:02 AM,0.10
10100,4/15/2025 10:37:03 AM,0.00
10100,4/15/2025 10:37:04 AM,0.10
10100,4/15/2025 10:37:05 AM,0.10
10100,4/15/2025 10:37:06 AM,0.00
10100,4/15/2025 10:37:07 AM,0.10
10100,4/15/2025 10:37:08 AM,0.10
10100,4/15/2025 10:37:09 AM,0.00
10100,4/15/2025 10:37:10 AM,0.10
10100,4/15/2025 10:37:12 AM,0.10
10100,4/15/2025 10:37:13 AM,0.00
10100,4/15/2025 10:37:14 AM,0.10
10100,4/15/2025 10:37:15 AM,0.00
10100,4/15/2025 10:37:16 AM,0.10
10100,4/15/2025 10:37:18 AM,0.10
10100,4/15/2025 10:37:19 AM,0.00
10100,4/15/2025 10:37:20 AM,0.10
10100,4/15/2025 10:37:21 AM,0.00
10100,4/15/2025 10:37:22 AM,0.10
10100,4/15/2025 10:37:23 AM,0.10
10100,4/15/2025 10:37:24 AM,0.00
10100,4/15/2025 10:37:27 AM,0.00
10100,4/15/2025 10:37:28 AM,0.10
10100,4/15/2025 10:37:30 AM,0.10
10100,4/15/2025 10:37:31 AM,0.00
10100,4/15/2025 10:37:34 AM,0.00
10100,4/15/2025 10:37:35 AM,0.10
10100,4/15/2025 10:37:36 AM,0.00
10100,4/15/2025 10:37:37 AM,0.10
10100,4/15/2025 10:37:38 AM,0.00
10100,4/15/2025 10:37:39 AM,0.10
10100,4/15/2025 10:37:40 AM,0.10
10100,4/15/2025 10:37:41 AM,0.00
10100,4/15/2025 10:37:45 AM,0.00
10100,4/15/2025 10:37:46 AM,0.10
10100,4/15/2025 10:37:50 AM,0.10
10100,4/15/2025 10:37:51 AM,0.00
10100,4/15/2025 10:37:53 AM,0.00
10100,4/15/2025 10:37:54 AM,0.10
10100,4/15/2025 10:37:55 AM,0.10
10100,4/15/2025 10:37:56 AM,0.00
10100,4/15/2025 10:37:59 AM,0.00
10100,4/15/2025 10:38:01 AM,0.10
10100,4/15/2025 10:38:01 AM,0.10
10100,4/15/2025 10:38:02 AM,0.00
10100,4/15/2025 10:38:03 AM,0.10
10100,4/15/2025 10:38:04 AM,0.10
10100,4/15/2025 10:38:05 AM,0.00
10100,4/15/2025 10:38:11 AM,0.00
10100,4/15/2025 10:38:12 AM,0.10
10100,4/15/2025 10:38:15 AM,0.10
10100,4/15/2025 10:38:16 AM,0.00
10100,4/15/2025 10:38:17 AM,0.10
10100,4/15/2025 10:38:20 AM,0.10
10100,4/15/2025 10:38:21 AM,0.00
10100,4/15/2025 10:38:22 AM,0.00
10100,4/15/2025 10:38:23 AM,0.10
10100,4/15/2025 10:38:27 AM,0.10
10100,4/15/2025 10:38:28 AM,0.00
10100,4/15/2025 10:38:30 AM,0.00
10100,4/15/2025 10:38:31 AM,0.10
10100,4/15/2025 10:38:32 AM,0.00
10100,4/15/2025 10:38:33 AM,0.10
10100,4/15/2025 10:38:36 AM,0.10
10100,4/15/2025 10:38:37 AM,0.00
10100,4/15/2025 10:38:38 AM,0.00
10100,4/15/2025 10:38:39 AM,0.10
10100,4/15/2025 10:38:45 AM,0.10
10100,4/15/2025 10:38:46 AM,0.00
10100,4/15/2025 10:38:47 AM,0.10
10100,4/15/2025 10:38:49 AM,0.10
10100,4/15/2025 10:38:50 AM,0.00
10100,4/15/2025 10:38:51 AM,0.10
10100,4/15/2025 10:38:52 AM,0.00
10100,4/15/2025 10:38:53 AM,0.10
10100,4/15/2025 10:38:55 AM,0.10
10100,4/15/2025 10:38:56 AM,0.00
10100,4/15/2025 10:38:57 AM,0.10
10100,4/15/2025 10:38:59 AM,0.10
10100,4/15/2025 10:39:01 AM,0.10
10100,4/15/2025 10:39:01 AM,0.00
10100,4/15/2025 10:39:02 AM,0.00
10100,4/15/2025 10:39:03 AM,0.10
10100,4/15/2025 10:39:04 AM,0.10
10100,4/15/2025 10:39:05 AM,0.00
10100,4/15/2025 10:39:06 AM,0.10
10100,4/15/2025 10:39:08 AM,0.10
10100,4/15/2025 10:39:09 AM,0.00
10100,4/15/2025 10:39:10 AM,0.10
10100,4/15/2025 10:39:11 AM,0.10
10100,4/15/2025 10:39:12 AM,0.00
10100,4/15/2025 10:39:13 AM,0.10
10100,4/15/2025 10:39:17 AM,0.10
10100,4/15/2025 10:39:18 AM,0.00
10100,4/15/2025 10:39:19 AM,0.10
10100,4/15/2025 10:39:50 AM,0.10
10100,4/15/2025 10:39:51 AM,0.00
10100,4/15/2025 10:39:52 AM,0.10
10100,4/15/2025 10:40:33 AM,0.10
10100,4/15/2025 10:40:34 AM,0.00
10100,4/15/2025 10:40:35 AM,0.10
10100,4/15/2025 10:40:39 AM,0.10
10100,4/15/2025 10:40:40 AM,0.00
10100,4/15/2025 10:40:41 AM,0.10
10100,4/15/2025 10:40:44 AM,0.10
10100,4/15/2025 10:40:45 AM,0.00
10100,4/15/2025 10:40:46 AM,0.10
10100,4/15/2025 10:40:48 AM,0.10
10100,4/15/2025 10:40:49 AM,0.00
10100,4/15/2025 10:40:50 AM,0.10
10100,4/15/2025 10:40:55 AM,0.10
10100,4/15/2025 10:40:56 AM,0.00
10100,4/15/2025 10:40:58 AM,0.00
10100,4/15/2025 10:40:59 AM,0.10
10100,4/15/2025 10:41:03 AM,0.10
10100,4/15/2025 10:41:04 AM,0.00
10100,4/15/2025 10:41:05 AM,0.10
10100,4/15/2025 10:41:09 AM,0.10
10100,4/15/2025 10:41:10 AM,0.00
10100,4/15/2025 10:41:11 AM,0.00
10100,4/15/2025 10:41:12 AM,0.10
10100,4/15/2025 10:41:30 AM,0.10
10100,4/15/2025 10:41:31 AM,0.00
10100,4/15/2025 10:41:32 AM,0.10
10100,4/15/2025 10:41:36 AM,0.10
10100,4/15/2025 10:41:37 AM,0.00
10100,4/15/2025 10:41:38 AM,0.10
10100,4/15/2025 10:41:41 AM,0.10
10100,4/15/2025 10:41:42 AM,0.00
10100,4/15/2025 10:41:43 AM,0.10
10100,4/15/2025 10:41:51 AM,0.10
10100,4/15/2025 10:41:52 AM,0.00
10100,4/15/2025 10:41:53 AM,0.10
10100,4/15/2025 10:41:54 AM,0.10
10100,4/15/2025 10:41:55 AM,0.00
10100,4/15/2025 10:41:56 AM,0.10
10100,4/15/2025 10:42:02 AM,0.10
10100,4/15/2025 10:42:03 AM,0.00
10100,4/15/2025 10:42:04 AM,0.10
10100,4/15/2025 10:42:07 AM,0.10
10100,4/15/2025 10:42:08 AM,0.00
10100,4/15/2025 10:42:09 AM,0.10
10100,4/15/2025 10:42:10 AM,0.10
10100,4/15/2025 10:42:11 AM,0.00
10100,4/15/2025 10:42:12 AM,0.10
10100,4/15/2025 10:42:13 AM,0.00
10100,4/15/2025 10:42:14 AM,0.10
10100,4/15/2025 10:42:16 AM,0.10
10100,4/15/2025 10:42:17 AM,0.00
10100,4/15/2025 10:42:18 AM,0.10
10100,4/15/2025 10:42:25 AM,0.10
10100,4/15/2025 10:42:26 AM,0.00
10100,4/15/2025 10:42:27 AM,0.10
10100,4/15/2025 10:42:28 AM,0.10
10100,4/15/2025 10:42:29 AM,0.00
10100,4/15/2025 10:42:30 AM,0.10
10100,4/15/2025 10:42:31 AM,0.10
10100,4/15/2025 10:42:32 AM,0.00
10100,4/15/2025 10:42:33 AM,0.10
10100,4/15/2025 10:42:34 AM,0.10
10100,4/15/2025 10:42:35 AM,0.00
10100,4/15/2025 10:42:36 AM,0.10
10100,4/15/2025 10:42:42 AM,0.10
10100,4/15/2025 10:42:43 AM,0.00
10100,4/15/2025 10:42:44 AM,0.10
10100,4/15/2025 10:42:48 AM,0.10
10100,4/15/2025 10:42:49 AM,0.00
10100,4/15/2025 10:42:50 AM,0.10
10100,4/15/2025 10:42:51 AM,0.00
10100,4/15/2025 10:42:52 AM,0.10
10100,4/15/2025 10:42:56 AM,0.10
10100,4/15/2025 10:42:57 AM,0.00
10100,4/15/2025 10:43:01 AM,0.00
10100,4/15/2025 10:43:02 AM,0.10
10100,4/15/2025 10:43:04 AM,0.10
10100,4/15/2025 10:43:05 AM,0.00
10100,4/15/2025 10:43:06 AM,0.10
10100,4/15/2025 10:43:07 AM,0.00
10100,4/15/2025 10:43:08 AM,0.10
10100,4/15/2025 10:43:11 AM,0.10
10100,4/15/2025 10:43:12 AM,0.00
10100,4/15/2025 10:43:14 AM,0.00
10100,4/15/2025 10:43:15 AM,0.10
10100,4/15/2025 10:43:17 AM,0.10
10100,4/15/2025 10:43:18 AM,0.00
10100,4/15/2025 10:43:19 AM,0.10
10100,4/15/2025 10:43:20 AM,0.10
10100,4/15/2025 10:43:21 AM,0.00
10100,4/15/2025 10:43:22 AM,0.10
10100,4/15/2025 10:43:24 AM,0.10
10100,4/15/2025 10:43:25 AM,0.00
10100,4/15/2025 10:43:26 AM,0.10
10100,4/15/2025 10:43:27 AM,0.00
10100,4/15/2025 10:43:28 AM,0.00
10100,4/15/2025 10:43:29 AM,0.10
10100,4/15/2025 10:43:36 AM,0.10
10100,4/15/2025 10:43:37 AM,0.00
10100,4/15/2025 10:43:38 AM,0.10
10100,4/15/2025 10:43:39 AM,0.00
10100,4/15/2025 10:43:40 AM,0.10
10100,4/15/2025 10:43:45 AM,0.10
10100,4/15/2025 10:43:46 AM,0.00
10100,4/15/2025 10:43:47 AM,0.10
10100,4/15/2025 10:43:48 AM,0.00
10100,4/15/2025 10:43:50 AM,0.00
10100,4/15/2025 10:43:51 AM,0.10
10100,4/15/2025 10:43:52 AM,0.00
10100,4/15/2025 10:43:54 AM,0.00
10100,4/15/2025 10:43:55 AM,0.10
10100,4/15/2025 10:43:56 AM,0.00
10100,4/15/2025 10:43:57 AM,0.10
10100,4/15/2025 10:43:58 AM,0.10
10100,4/15/2025 10:43:59 AM,0.00
10100,4/15/2025 10:44:01 AM,0.10
10100,4/15/2025 10:44:01 AM,0.00
10100,4/15/2025 10:44:02 AM,0.10
10100,4/15/2025 10:44:03 AM,0.10
10100,4/15/2025 10:44:04 AM,0.00
10100,4/15/2025 10:44:05 AM,0.10
10100,4/15/2025 10:44:06 AM,0.10
10100,4/15/2025 10:44:07 AM,0.00
10100,4/15/2025 10:44:12 AM,0.00
10100,4/15/2025 10:44:13 AM,0.10
10100,4/15/2025 10:44:15 AM,0.10
10100,4/15/2025 10:44:16 AM,0.00
10100,4/15/2025 10:44:17 AM,0.10
10100,4/15/2025 10:44:18 AM,0.10
10100,4/15/2025 10:44:19 AM,0.00
10100,4/15/2025 10:44:20 AM,0.00
10100,4/15/2025 10:44:21 AM,0.10
10100,4/15/2025 10:44:22 AM,0.00
10100,4/15/2025 10:44:23 AM,0.00
10100,4/15/2025 10:44:24 AM,0.10
10100,4/15/2025 10:44:25 AM,0.00
10100,4/15/2025 10:44:30 AM,0.00
10100,4/15/2025 10:44:31 AM,0.10
10100,4/15/2025 10:44:32 AM,0.10
10100,4/15/2025 10:44:33 AM,0.00
10100,4/15/2025 10:44:34 AM,0.10
10100,4/15/2025 10:44:35 AM,0.00
10100,4/15/2025 10:44:38 AM,0.00
10100,4/15/2025 10:44:39 AM,0.10
10100,4/15/2025 10:44:43 AM,0.10
10100,4/15/2025 10:44:44 AM,0.00
10100,4/15/2025 10:44:46 AM,0.00
10100,4/15/2025 10:44:47 AM,0.10
10100,4/15/2025 10:44:48 AM,0.00
10100,4/15/2025 10:44:51 AM,0.00
10100,4/15/2025 10:44:52 AM,0.10
10100,4/15/2025 10:44:53 AM,0.00
10100,4/15/2025 10:44:54 AM,0.10
10100,4/15/2025 10:44:56 AM,0.10
10100,4/15/2025 10:44:57 AM,0.00
10100,4/15/2025 10:44:58 AM,0.10
10100,4/15/2025 10:44:59 AM,0.10
10100,4/15/2025 10:45:01 AM,0.00
10100,4/15/2025 10:45:01 AM,0.10
10100,4/15/2025 10:45:02 AM,0.00
10100,4/15/2025 10:45:03 AM,0.10
10100,4/15/2025 10:45:04 AM,0.00
10100,4/15/2025 10:45:05 AM,0.10
10100,4/15/2025 10:45:06 AM,0.00
10100,4/15/2025 10:45:07 AM,0.10
10100,4/15/2025 10:45:08 AM,0.10
10100,4/15/2025 10:45:09 AM,0.00
10100,4/15/2025 10:45:10 AM,0.10
10100,4/15/2025 10:45:12 AM,0.10
10100,4/15/2025 10:45:13 AM,0.00
10100,4/15/2025 10:45:14 AM,0.10
10100,4/15/2025 10:45:16 AM,0.10
10100,4/15/2025 10:45:17 AM,0.00
10100,4/15/2025 10:45:18 AM,0.00
10100,4/15/2025 10:45:19 AM,0.10
10100,4/15/2025 10:45:20 AM,0.00
10100,4/15/2025 10:45:21 AM,0.00
10100,4/15/2025 10:45:22 AM,0.10
10100,4/15/2025 10:45:25 AM,0.10
10100,4/15/2025 10:45:26 AM,0.00
10100,4/15/2025 10:45:30 AM,0.00
10100,4/15/2025 10:45:31 AM,0.10
10100,4/15/2025 10:45:32 AM,0.00
10100,4/15/2025 10:45:35 AM,0.00
10100,4/15/2025 10:45:36 AM,0.10
10100,4/15/2025 10:45:37 AM,0.10
10100,4/15/2025 10:45:38 AM,0.00
10100,4/15/2025 10:45:39 AM,0.10
10100,4/15/2025 10:45:41 AM,0.10
10100,4/15/2025 10:45:42 AM,0.00
10100,4/15/2025 10:45:44 AM,0.00
10100,4/15/2025 10:45:45 AM,0.10
10100,4/15/2025 10:45:46 AM,0.00
10100,4/15/2025 10:45:47 AM,0.10
10100,4/15/2025 10:45:48 AM,0.10
10100,4/15/2025 10:45:49 AM,0.00
10100,4/15/2025 10:45:54 AM,0.00
10100,4/15/2025 10:45:55 AM,0.10
10100,4/15/2025 10:45:56 AM,0.10
10100,4/15/2025 10:45:57 AM,0.00
10100,4/15/2025 10:45:58 AM,0.00
10100,4/15/2025 10:45:59 AM,0.10
10100,4/15/2025 10:46:01 AM,0.00
10100,4/15/2025 10:46:01 AM,0.00
10100,4/15/2025 10:46:02 AM,0.10
10100,4/15/2025 10:46:03 AM,0.00
10100,4/15/2025 10:46:05 AM,0.00
10100,4/15/2025 10:46:06 AM,0.10
10100,4/15/2025 10:46:07 AM,0.00
10100,4/15/2025 10:46:09 AM,0.00
10100,4/15/2025 10:46:10 AM,0.10
10100,4/15/2025 10:46:11 AM,0.10
10100,4/15/2025 10:46:12 AM,0.00
10100,4/15/2025 10:46:13 AM,0.10
10100,4/15/2025 10:46:14 AM,0.00
10100,4/15/2025 10:46:16 AM,0.00
10100,4/15/2025 10:46:17 AM,0.10
10100,4/15/2025 10:46:18 AM,0.00
10100,4/15/2025 10:46:19 AM,0.10
10100,4/15/2025 10:46:20 AM,0.00
10100,4/15/2025 10:46:21 AM,0.00
10100,4/15/2025 10:46:22 AM,0.10
10100,4/15/2025 10:46:26 AM,0.10
10100,4/15/2025 10:46:27 AM,0.00
10100,4/15/2025 10:46:34 AM,0.00
10100,4/15/2025 10:46:35 AM,0.10
10100,4/15/2025 10:46:36 AM,0.10
10100,4/15/2025 10:46:37 AM,0.00
10100,4/15/2025 10:46:38 AM,0.00
10100,4/15/2025 10:46:39 AM,0.10
10100,4/15/2025 10:46:40 AM,0.10
10100,4/15/2025 10:46:41 AM,0.00
10100,4/15/2025 10:46:46 AM,0.00
10100,4/15/2025 10:46:47 AM,0.10
10100,4/15/2025 10:46:48 AM,0.00
10100,4/15/2025 10:46:50 AM,0.00
10100,4/15/2025 10:46:51 AM,0.10
10100,4/15/2025 10:46:52 AM,0.00
10100,4/15/2025 10:46:53 AM,0.10
10100,4/15/2025 10:46:55 AM,0.10
10100,4/15/2025 10:46:56 AM,0.00
10100,4/15/2025 10:46:57 AM,0.00
10100,4/15/2025 10:46:58 AM,0.10
10100,4/15/2025 10:46:59 AM,0.10
10100,4/15/2025 10:47:01 AM,0.00
10100,4/15/2025 10:47:01 AM,0.00
10100,4/15/2025 10:47:02 AM,0.10
10100,4/15/2025 10:47:03 AM,0.10
10100,4/15/2025 10:47:04 AM,0.00
10100,4/15/2025 10:47:08 AM,0.00
10100,4/15/2025 10:47:09 AM,0.10
10100,4/15/2025 10:47:10 AM,0.00
10100,4/15/2025 10:47:11 AM,0.00
10100,4/15/2025 10:47:12 AM,0.10
10100,4/15/2025 10:47:13 AM,0.00
10100,4/15/2025 10:47:14 AM,0.00
10100,4/15/2025 10:47:15 AM,0.10
10100,4/15/2025 10:47:16 AM,0.10
10100,4/15/2025 10:47:17 AM,0.00
10100,4/15/2025 10:47:21 AM,0.00
10100,4/15/2025 10:47:22 AM,0.10
10100,4/15/2025 10:47:25 AM,0.10
10100,4/15/2025 10:47:26 AM,0.00
10100,4/15/2025 10:47:27 AM,0.10
10100,4/15/2025 10:47:28 AM,0.00
10100,4/15/2025 10:47:29 AM,0.10
10100,4/15/2025 10:47:30 AM,0.00
10100,4/15/2025 10:47:37 AM,0.00
10100,4/15/2025 10:47:38 AM,0.10
10100,4/15/2025 10:47:40 AM,0.10
10100,4/15/2025 10:47:41 AM,0.00
10100,4/15/2025 10:47:42 AM,0.00
10100,4/15/2025 10:47:43 AM,0.10
10100,4/15/2025 10:47:45 AM,0.10
10100,4/15/2025 10:47:46 AM,0.00
10100,4/15/2025 10:47:47 AM,0.10
10100,4/15/2025 10:47:48 AM,0.00
10100,4/15/2025 10:47:49 AM,0.00
10100,4/15/2025 10:47:50 AM,0.10
10100,4/15/2025 10:47:51 AM,0.00
10100,4/15/2025 10:47:53 AM,0.00
10100,4/15/2025 10:47:54 AM,0.10
10100,4/15/2025 10:47:55 AM,0.10
10100,4/15/2025 10:47:56 AM,0.00
10100,4/15/2025 10:48:01 AM,0.00
10100,4/15/2025 10:48:02 AM,0.10
10100,4/15/2025 10:48:03 AM,0.10
10100,4/15/2025 10:48:04 AM,0.00
10100,4/15/2025 10:48:06 AM,0.00
10100,4/15/2025 10:48:07 AM,0.10
10100,4/15/2025 10:48:12 AM,0.10
10100,4/15/2025 10:48:13 AM,0.00
10100,4/15/2025 10:48:14 AM,0.00
10100,4/15/2025 10:48:15 AM,0.10
10100,4/15/2025 10:48:17 AM,0.10
10100,4/15/2025 10:48:18 AM,0.00
10100,4/15/2025 10:48:19 AM,0.00
10100,4/15/2025 10:48:20 AM,0.10
10100,4/15/2025 10:48:22 AM,0.10
10100,4/15/2025 10:48:23 AM,0.00
10100,4/15/2025 10:48:24 AM,0.10
10100,4/15/2025 10:48:25 AM,0.10
10100,4/15/2025 10:48:26 AM,0.00
10100,4/15/2025 10:48:28 AM,0.00
10100,4/15/2025 10:48:29 AM,0.10
10100,4/15/2025 10:48:30 AM,0.10
10100,4/15/2025 10:48:31 AM,0.00
10100,4/15/2025 10:48:33 AM,0.00
10100,4/15/2025 10:48:34 AM,0.10
10100,4/15/2025 10:48:35 AM,0.00
10100,4/15/2025 10:48:36 AM,0.00
10100,4/15/2025 10:48:37 AM,0.10
10100,4/15/2025 10:48:42 AM,0.10
10100,4/15/2025 10:48:43 AM,0.00
10100,4/15/2025 10:48:44 AM,0.10
10100,4/15/2025 10:48:50 AM,0.10
10100,4/15/2025 10:48:51 AM,0.00
10100,4/15/2025 10:48:52 AM,0.10
10100,4/15/2025 10:48:53 AM,0.00
10100,4/15/2025 10:48:54 AM,0.00
10100,4/15/2025 10:48:55 AM,0.10
10100,4/15/2025 10:48:56 AM,0.00
10100,4/15/2025 10:48:57 AM,0.10
10100,4/15/2025 10:48:58 AM,0.00
10100,4/15/2025 10:48:59 AM,0.10
10100,4/15/2025 10:49:01 AM,0.10
10100,4/15/2025 10:49:01 AM,0.00
10100,4/15/2025 10:49:02 AM,0.10
10100,4/15/2025 10:49:10 AM,0.10
10100,4/15/2025 10:49:11 AM,0.00
10100,4/15/2025 10:49:12 AM,0.10
10100,4/15/2025 10:49:13 AM,0.10
10100,4/15/2025 10:49:14 AM,0.00
10100,4/15/2025 10:49:15 AM,0.10
10100,4/15/2025 10:49:16 AM,0.10
10100,4/15/2025 10:49:17 AM,0.00
10100,4/15/2025 10:49:18 AM,0.00
10100,4/15/2025 10:49:19 AM,0.10
10100,4/15/2025 10:49:27 AM,0.10
10100,4/15/2025 10:49:28 AM,0.00
10100,4/15/2025 10:49:29 AM,0.10
10100,4/15/2025 10:49:48 AM,0.10
10100,4/15/2025 10:49:49 AM,0.00
10100,4/15/2025 10:49:50 AM,0.00
10100,4/15/2025 10:49:51 AM,0.10
10100,4/15/2025 10:49:52 AM,0.00
10100,4/15/2025 10:49:53 AM,0.10
10100,4/15/2025 10:49:54 AM,0.00
10100,4/15/2025 10:49:55 AM,0.10
10100,4/15/2025 10:49:56 AM,0.00
10100,4/15/2025 10:49:57 AM,0.10
10100,4/15/2025 10:50:05 AM,0.10
10100,4/15/2025 10:50:06 AM,0.00
10100,4/15/2025 10:50:07 AM,0.10
10100,4/15/2025 10:50:11 AM,0.10
10100,4/15/2025 10:50:12 AM,0.00
10100,4/15/2025 10:50:13 AM,0.10
10100,4/15/2025 10:50:14 AM,0.10
10100,4/15/2025 10:50:15 AM,0.00
10100,4/15/2025 10:50:16 AM,0.10
10100,4/15/2025 10:50:31 AM,0.10
10100,4/15/2025 10:50:32 AM,0.00
10100,4/15/2025 10:50:33 AM,0.10
10100,4/15/2025 10:50:48 AM,0.10
10100,4/15/2025 10:50:49 AM,0.00
10100,4/15/2025 10:50:50 AM,0.10
10100,4/15/2025 10:50:55 AM,0.10
10100,4/15/2025 10:50:56 AM,0.00
10100,4/15/2025 10:50:57 AM,0.10
10100,4/15/2025 10:51:36 AM,0.10
10100,4/15/2025 10:51:37 AM,0.00
10100,4/15/2025 10:51:38 AM,0.10
10100,4/15/2025 10:52:05 AM,0.10
10100,4/15/2025 10:52:06 AM,0.00
10100,4/15/2025 10:52:07 AM,0.10
10100,4/15/2025 10:52:56 AM,0.10
10100,4/15/2025 10:52:57 AM,0.00
10100,4/15/2025 10:52:58 AM,0.10
10100,4/15/2025 10:53:21 AM,0.10
10100,4/15/2025 10:53:22 AM,0.00
10100,4/15/2025 10:53:23 AM,0.10
10100,4/15/2025 10:54:55 AM,0.10
10100,4/15/2025 10:54:56 AM,0.00
10100,4/15/2025 10:54:57 AM,0.10
10100,4/15/2025 10:59:51 AM,0.10
10100,4/15/2025 10:59:52 AM,0.00
10100,4/15/2025 10:59:53 AM,0.10
10100,4/15/2025 11:35:39 AM,0.10
10100,4/15/2025 11:35:40 AM,0.00
10100,4/15/2025 11:35:41 AM,0.10
10100,4/15/2025 11:36:20 AM,0.10
10100,4/15/2025 11:36:21 AM,0.00
10100,4/15/2025 11:36:22 AM,0.10
10100,4/15/2025 11:36:49 AM,0.10
10100,4/15/2025 11:36:50 AM,0.00
10100,4/15/2025 11:36:51 AM,0.10
10100,4/15/2025 11:37:49 AM,0.10
10100,4/15/2025 11:37:50 AM,0.00
10100,4/15/2025 11:37:51 AM,0.10
10100,4/15/2025 11:37:58 AM,0.10
10100,4/15/2025 11:37:59 AM,0.00
10100,4/15/2025 11:38:01 AM,0.10
10100,4/15/2025 11:38:04 AM,0.10
10100,4/15/2025 11:38:05 AM,0.00
10100,4/15/2025 11:38:06 AM,0.10
10100,4/15/2025 11:38:51 AM,0.10
10100,4/15/2025 11:38:52 AM,0.00
10100,4/15/2025 11:38:53 AM,0.10
10100,4/15/2025 11:38:55 AM,0.10
10100,4/15/2025 11:38:56 AM,0.00
10100,4/15/2025 11:38:57 AM,0.10
10100,4/15/2025 11:39:05 AM,0.10
10100,4/15/2025 11:39:06 AM,0.00
10100,4/15/2025 11:39:07 AM,0.10
10100,4/15/2025 11:39:23 AM,0.10
10100,4/15/2025 11:39:24 AM,0.00
10100,4/15/2025 11:39:25 AM,0.10
10100,4/15/2025 11:39:26 AM,0.00
10100,4/15/2025 11:39:27 AM,0.00
10100,4/15/2025 11:39:28 AM,0.10
10100,4/15/2025 11:39:35 AM,0.10
10100,4/15/2025 11:39:36 AM,0.00
10100,4/15/2025 11:39:37 AM,0.10
10100,4/15/2025 11:39:57 AM,0.10
10100,4/15/2025 11:39:58 AM,0.00
10100,4/15/2025 11:39:59 AM,0.10
10100,4/15/2025 11:40:01 AM,0.00
10100,4/15/2025 11:40:01 AM,0.10
10100,4/15/2025 11:40:04 AM,0.10
10100,4/15/2025 11:40:05 AM,0.00
10100,4/15/2025 11:40:06 AM,0.10
10100,4/15/2025 11:40:11 AM,0.10
10100,4/15/2025 11:40:12 AM,0.00
10100,4/15/2025 11:40:13 AM,0.00
10100,4/15/2025 11:40:14 AM,0.10
10100,4/15/2025 11:40:19 AM,0.10
10100,4/15/2025 11:40:20 AM,0.00
10100,4/15/2025 11:40:21 AM,0.10
10100,4/15/2025 11:40:33 AM,0.10
10100,4/15/2025 11:40:34 AM,0.00
10100,4/15/2025 11:40:35 AM,0.10
10100,4/15/2025 11:40:36 AM,0.00
10100,4/15/2025 11:40:37 AM,0.10
10100,4/15/2025 11:40:38 AM,0.00
10100,4/15/2025 11:40:39 AM,0.10
10100,4/15/2025 11:40:40 AM,0.00
10100,4/15/2025 11:40:41 AM,0.00
10100,4/15/2025 11:40:42 AM,0.10
10100,4/15/2025 11:40:44 AM,0.10
10100,4/15/2025 11:40:45 AM,0.00
10100,4/15/2025 11:40:46 AM,0.10
10100,4/15/2025 11:40:50 AM,0.10
10100,4/15/2025 11:40:51 AM,0.00
10100,4/15/2025 11:40:52 AM,0.10
10100,4/15/2025 11:41:02 AM,0.10
10100,4/15/2025 11:41:03 AM,0.00
10100,4/15/2025 11:41:05 AM,0.00
10100,4/15/2025 11:41:06 AM,0.10
10100,4/15/2025 11:41:07 AM,0.00
10100,4/15/2025 11:41:08 AM,0.10
10100,4/15/2025 11:41:10 AM,0.10
10100,4/15/2025 11:41:11 AM,0.00
10100,4/15/2025 11:41:12 AM,0.10
10100,4/15/2025 11:41:13 AM,0.10
10100,4/15/2025 11:41:14 AM,0.00
10100,4/15/2025 11:41:15 AM,0.10
10100,4/15/2025 11:41:18 AM,0.10
10100,4/15/2025 11:41:19 AM,0.00
10100,4/15/2025 11:41:20 AM,0.10
10100,4/15/2025 11:41:22 AM,0.10
10100,4/15/2025 11:41:23 AM,0.00
10100,4/15/2025 11:41:24 AM,0.10
10100,4/15/2025 11:41:28 AM,0.10
10100,4/15/2025 11:41:29 AM,0.00
10100,4/15/2025 11:41:30 AM,0.10
10100,4/15/2025 11:41:33 AM,0.10
10100,4/15/2025 11:41:34 AM,0.00
10100,4/15/2025 11:41:35 AM,0.00
10100,4/15/2025 11:41:36 AM,0.10
10100,4/15/2025 11:41:45 AM,0.10
10100,4/15/2025 11:41:46 AM,0.00
10100,4/15/2025 11:41:47 AM,0.00
10100,4/15/2025 11:41:48 AM,0.10
10100,4/15/2025 11:41:49 AM,0.00
10100,4/15/2025 11:41:52 AM,0.00
10100,4/15/2025 11:41:53 AM,0.10
10100,4/15/2025 11:42:01 AM,0.10
10100,4/15/2025 11:42:01 AM,0.00
10100,4/15/2025 11:42:02 AM,0.10
10100,4/15/2025 11:42:06 AM,0.10
10100,4/15/2025 11:42:07 AM,0.00
10100,4/15/2025 11:42:08 AM,0.10
10100,4/15/2025 11:42:18 AM,0.10
10100,4/15/2025 11:42:19 AM,0.00
10100,4/15/2025 11:42:20 AM,0.10
10100,4/15/2025 11:42:23 AM,0.10
10100,4/15/2025 11:42:24 AM,0.00
10100,4/15/2025 11:42:25 AM,0.10
10100,4/15/2025 11:42:29 AM,0.10
10100,4/15/2025 11:42:30 AM,0.00
10100,4/15/2025 11:42:31 AM,0.10
10100,4/15/2025 11:42:32 AM,0.00
10100,4/15/2025 11:42:33 AM,0.10
10100,4/15/2025 11:42:34 AM,0.00
10100,4/15/2025 11:42:35 AM,0.00
10100,4/15/2025 11:42:36 AM,0.10
10100,4/15/2025 11:42:37 AM,0.00
10100,4/15/2025 11:42:38 AM,0.10
10100,4/15/2025 11:42:42 AM,0.10
10100,4/15/2025 11:42:43 AM,0.00
10100,4/15/2025 11:42:44 AM,0.10
10100,4/15/2025 11:42:48 AM,0.10
10100,4/15/2025 11:42:49 AM,0.00
10100,4/15/2025 11:42:51 AM,0.00
10100,4/15/2025 11:42:52 AM,0.10
10100,4/15/2025 11:42:53 AM,0.00
10100,4/15/2025 11:42:54 AM,0.10
10100,4/15/2025 11:42:55 AM,0.10
10100,4/15/2025 11:42:56 AM,0.00
10100,4/15/2025 11:42:57 AM,0.10
10100,4/15/2025 11:42:58 AM,0.10
10100,4/15/2025 11:42:59 AM,0.00
10100,4/15/2025 11:43:01 AM,0.00
10100,4/15/2025 11:43:02 AM,0.10
10100,4/15/2025 11:43:03 AM,0.10
10100,4/15/2025 11:43:04 AM,0.00
10100,4/15/2025 11:43:05 AM,0.00
10100,4/15/2025 11:43:06 AM,0.10
10100,4/15/2025 11:43:07 AM,0.10
10100,4/15/2025 11:43:08 AM,0.00
10100,4/15/2025 11:43:09 AM,0.10
10100,4/15/2025 11:43:10 AM,0.00
10100,4/15/2025 11:43:11 AM,0.10
10100,4/15/2025 11:43:16 AM,0.10
10100,4/15/2025 11:43:17 AM,0.00
10100,4/15/2025 11:43:18 AM,0.00
10100,4/15/2025 11:43:19 AM,0.10
10100,4/15/2025 11:43:20 AM,0.10
10100,4/15/2025 11:43:21 AM,0.00
10100,4/15/2025 11:43:22 AM,0.00
10100,4/15/2025 11:43:23 AM,0.10
10100,4/15/2025 11:43:24 AM,0.00
10100,4/15/2025 11:43:25 AM,0.00
10100,4/15/2025 11:43:26 AM,0.10
10100,4/15/2025 11:43:28 AM,0.10
10100,4/15/2025 11:43:29 AM,0.00
10100,4/15/2025 11:43:30 AM,0.10
10100,4/15/2025 11:43:33 AM,0.10
10100,4/15/2025 11:43:34 AM,0.00
10100,4/15/2025 11:43:37 AM,0.00
10100,4/15/2025 11:43:38 AM,0.10
10100,4/15/2025 11:43:39 AM,0.10
10100,4/15/2025 11:43:40 AM,0.00
10100,4/15/2025 11:43:42 AM,0.00
10100,4/15/2025 11:43:43 AM,0.10
10100,4/15/2025 11:43:44 AM,0.00
10100,4/15/2025 11:43:47 AM,0.00
10100,4/15/2025 11:43:48 AM,0.10
10100,4/15/2025 11:43:50 AM,0.10
10100,4/15/2025 11:43:51 AM,0.00
10100,4/15/2025 11:43:52 AM,0.00
10100,4/15/2025 11:43:53 AM,0.10
10100,4/15/2025 11:43:55 AM,0.10
10100,4/15/2025 11:43:56 AM,0.00
10100,4/15/2025 11:43:57 AM,0.10
10100,4/15/2025 11:44:01 AM,0.10
10100,4/15/2025 11:44:01 AM,0.00
10100,4/15/2025 11:44:02 AM,0.00
10100,4/15/2025 11:44:03 AM,0.10
10100,4/15/2025 11:44:04 AM,0.00
10100,4/15/2025 11:44:09 AM,0.00
10100,4/15/2025 11:44:10 AM,0.10
10100,4/15/2025 11:44:11 AM,0.00
10100,4/15/2025 11:44:12 AM,0.10
10100,4/15/2025 11:44:15 AM,0.10
10100,4/15/2025 11:44:16 AM,0.00
10100,4/15/2025 11:44:18 AM,0.00
10100,4/15/2025 11:44:19 AM,0.10
10100,4/15/2025 11:44:21 AM,0.10
10100,4/15/2025 11:44:22 AM,0.00
10100,4/15/2025 11:44:23 AM,0.00
10100,4/15/2025 11:44:24 AM,0.10
10100,4/15/2025 11:44:25 AM,0.00
10100,4/15/2025 11:44:27 AM,0.00
10100,4/15/2025 11:44:28 AM,0.10
10100,4/15/2025 11:44:29 AM,0.00
10100,4/15/2025 11:44:33 AM,0.00
10100,4/15/2025 11:44:34 AM,0.10
10100,4/15/2025 11:44:35 AM,0.10
10100,4/15/2025 11:44:36 AM,0.00
10100,4/15/2025 11:44:37 AM,0.00
10100,4/15/2025 11:44:38 AM,0.10
10100,4/15/2025 11:44:39 AM,0.00
10100,4/15/2025 11:44:40 AM,0.10
10100,4/15/2025 11:44:41 AM,0.00
10100,4/15/2025 11:44:52 AM,0.00
10100,4/15/2025 11:44:53 AM,0.10
10100,4/15/2025 11:44:54 AM,0.10
10100,4/15/2025 11:44:55 AM,0.00
10100,4/15/2025 11:44:56 AM,0.10
10100,4/15/2025 11:44:57 AM,0.00
10100,4/15/2025 11:44:58 AM,0.10
10100,4/15/2025 11:45:01 AM,0.10
10100,4/15/2025 11:45:02 AM,0.00
10100,4/15/2025 11:45:04 AM,0.00
10100,4/15/2025 11:45:05 AM,0.10
10100,4/15/2025 11:45:06 AM,0.00
10100,4/15/2025 11:45:07 AM,0.00
10100,4/15/2025 11:45:08 AM,0.10
10100,4/15/2025 11:45:09 AM,0.00
10100,4/15/2025 11:45:10 AM,0.10
10100,4/15/2025 11:45:11 AM,0.00
10100,4/15/2025 11:45:14 AM,0.00
10100,4/15/2025 11:45:15 AM,0.10
10100,4/15/2025 11:45:16 AM,0.00
10100,4/15/2025 11:45:20 AM,0.00
10100,4/15/2025 11:45:21 AM,0.10
10100,4/15/2025 11:45:22 AM,0.00
10100,4/15/2025 11:45:24 AM,0.00
10100,4/15/2025 11:45:25 AM,0.10
10100,4/15/2025 11:45:26 AM,0.10
10100,4/15/2025 11:45:27 AM,0.00
10100,4/15/2025 11:45:30 AM,0.00
10100,4/15/2025 11:45:31 AM,0.10
10100,4/15/2025 11:45:32 AM,0.00
10100,4/15/2025 11:45:33 AM,0.00
10100,4/15/2025 11:45:34 AM,0.10
10100,4/15/2025 11:45:35 AM,0.00
10100,4/15/2025 11:45:36 AM,0.10
10100,4/15/2025 11:45:37 AM,0.10
10100,4/15/2025 11:45:38 AM,0.00
10100,4/15/2025 11:45:39 AM,0.00
10100,4/15/2025 11:45:40 AM,0.10
10100,4/15/2025 11:45:41 AM,0.10
10100,4/15/2025 11:45:42 AM,0.00
10100,4/15/2025 11:45:43 AM,0.00
10100,4/15/2025 11:45:44 AM,0.10
10100,4/15/2025 11:45:45 AM,0.00
10100,4/15/2025 11:45:49 AM,0.00
10100,4/15/2025 11:45:50 AM,0.10
10100,4/15/2025 11:45:51 AM,0.00
10100,4/15/2025 11:45:52 AM,0.10
10100,4/15/2025 11:45:53 AM,0.00
10100,4/15/2025 11:45:56 AM,0.00
10100,4/15/2025 11:45:57 AM,0.10
10100,4/15/2025 11:45:58 AM,0.00
10100,4/15/2025 11:46:01 AM,0.00
10100,4/15/2025 11:46:02 AM,0.10
10100,4/15/2025 11:46:04 AM,0.10
10100,4/15/2025 11:46:05 AM,0.00
10100,4/15/2025 11:46:07 AM,0.00
10100,4/15/2025 11:46:08 AM,0.10
10100,4/15/2025 11:46:09 AM,0.00
10100,4/15/2025 11:46:12 AM,0.00
10100,4/15/2025 11:46:13 AM,0.10
10100,4/15/2025 11:46:14 AM,0.00
10100,4/15/2025 11:46:19 AM,0.00
10100,4/15/2025 11:46:20 AM,0.10
10100,4/15/2025 11:46:21 AM,0.10
10100,4/15/2025 11:46:22 AM,0.00
10100,4/15/2025 11:46:23 AM,0.00
10100,4/15/2025 11:46:24 AM,0.10
10100,4/15/2025 11:46:25 AM,0.00
10100,4/15/2025 11:46:26 AM,0.10
10100,4/15/2025 11:46:27 AM,0.00
10100,4/15/2025 11:46:28 AM,0.10
10100,4/15/2025 11:46:29 AM,0.00
10100,4/15/2025 11:46:30 AM,0.10
10100,4/15/2025 11:46:31 AM,0.00
10100,4/15/2025 11:46:32 AM,0.10
10100,4/15/2025 11:46:33 AM,0.00
10100,4/15/2025 11:46:34 AM,0.10
10100,4/15/2025 11:46:41 AM,0.10
10100,4/15/2025 11:46:42 AM,0.00
10100,4/15/2025 11:46:43 AM,0.00
10100,4/15/2025 11:46:44 AM,0.10
10100,4/15/2025 11:46:45 AM,0.00
10100,4/15/2025 11:46:46 AM,0.10
10100,4/15/2025 11:46:47 AM,0.10
10100,4/15/2025 11:46:48 AM,0.00
10100,4/15/2025 11:46:49 AM,0.10
10100,4/15/2025 11:46:50 AM,0.00
10100,4/15/2025 11:46:53 AM,0.00
10100,4/15/2025 11:46:54 AM,0.10
10100,4/15/2025 11:46:55 AM,0.00
10100,4/15/2025 11:46:56 AM,0.00
10100,4/15/2025 11:46:57 AM,0.10
10100,4/15/2025 11:47:01 AM,0.10
10100,4/15/2025 11:47:01 AM,0.00
10100,4/15/2025 11:47:02 AM,0.00
10100,4/15/2025 11:47:03 AM,0.10
10100,4/15/2025 11:47:05 AM,0.10
10100,4/15/2025 11:47:06 AM,0.00
10100,4/15/2025 11:47:07 AM,0.10
10100,4/15/2025 11:47:13 AM,0.10
10100,4/15/2025 11:47:14 AM,0.00
10100,4/15/2025 11:47:17 AM,0.00
10100,4/15/2025 11:47:18 AM,0.10
10100,4/15/2025 11:47:25 AM,0.10
10100,4/15/2025 11:47:26 AM,0.00
10100,4/15/2025 11:47:27 AM,0.00
10100,4/15/2025 11:47:28 AM,0.10
10100,4/15/2025 11:47:29 AM,0.10
10100,4/15/2025 11:47:30 AM,0.00
10100,4/15/2025 11:47:35 AM,0.00
10100,4/15/2025 11:47:36 AM,0.10
10100,4/15/2025 11:47:38 AM,0.10
10100,4/15/2025 11:47:39 AM,0.00
10100,4/15/2025 11:47:40 AM,0.00
10100,4/15/2025 11:47:41 AM,0.10
10100,4/15/2025 11:47:42 AM,0.00
10100,4/15/2025 11:47:43 AM,0.00
10100,4/15/2025 11:47:44 AM,0.10
10100,4/15/2025 11:47:45 AM,0.00
10100,4/15/2025 11:47:46 AM,0.10
10100,4/15/2025 11:47:47 AM,0.00
10100,4/15/2025 11:47:48 AM,0.00
10100,4/15/2025 11:47:49 AM,0.10
10100,4/15/2025 11:47:53 AM,0.10
10100,4/15/2025 11:47:54 AM,0.00
10100,4/15/2025 11:47:55 AM,0.00
10100,4/15/2025 11:47:56 AM,0.10
10100,4/15/2025 11:47:57 AM,0.10
10100,4/15/2025 11:47:58 AM,0.00
10100,4/15/2025 11:47:59 AM,0.10
10100,4/15/2025 11:48:01 AM,0.00
10100,4/15/2025 11:48:01 AM,0.10
10100,4/15/2025 11:48:02 AM,0.00
10100,4/15/2025 11:48:03 AM,0.10
10100,4/15/2025 11:48:04 AM,0.00
10100,4/15/2025 11:48:05 AM,0.10
10100,4/15/2025 11:48:06 AM,0.00
10100,4/15/2025 11:48:08 AM,0.00
10100,4/15/2025 11:48:09 AM,0.10
10100,4/15/2025 11:48:10 AM,0.00
10100,4/15/2025 11:48:12 AM,0.00
10100,4/15/2025 11:48:13 AM,0.10
10100,4/15/2025 11:48:14 AM,0.10
10100,4/15/2025 11:48:15 AM,0.00
10100,4/15/2025 11:48:17 AM,0.00
10100,4/15/2025 11:48:18 AM,0.10
10100,4/15/2025 11:48:19 AM,0.10
10100,4/15/2025 11:48:20 AM,0.00
10100,4/15/2025 11:48:22 AM,0.00
10100,4/15/2025 11:48:23 AM,0.10
10100,4/15/2025 11:48:27 AM,0.10
10100,4/15/2025 11:48:28 AM,0.00
10100,4/15/2025 11:48:29 AM,0.10
10100,4/15/2025 11:48:30 AM,0.00
10100,4/15/2025 11:48:31 AM,0.00
10100,4/15/2025 11:48:32 AM,0.10
10100,4/15/2025 11:48:33 AM,0.10
10100,4/15/2025 11:48:34 AM,0.00
10100,4/15/2025 11:48:36 AM,0.00
10100,4/15/2025 11:48:37 AM,0.10
10100,4/15/2025 11:48:38 AM,0.10
10100,4/15/2025 11:48:39 AM,0.00
10100,4/15/2025 11:48:40 AM,0.10
10100,4/15/2025 11:48:41 AM,0.00
10100,4/15/2025 11:48:42 AM,0.10
10100,4/15/2025 11:48:43 AM,0.00
10100,4/15/2025 11:48:44 AM,0.10
10100,4/15/2025 11:48:45 AM,0.00
10100,4/15/2025 11:48:46 AM,0.00
10100,4/15/2025 11:48:47 AM,0.10
10100,4/15/2025 11:48:49 AM,0.10
10100,4/15/2025 11:48:50 AM,0.00
10100,4/15/2025 11:48:51 AM,0.00
10100,4/15/2025 11:48:52 AM,0.10
10100,4/15/2025 11:48:53 AM,0.10
10100,4/15/2025 11:48:54 AM,0.00
10100,4/15/2025 11:48:56 AM,0.00
10100,4/15/2025 11:48:57 AM,0.10
10100,4/15/2025 11:48:58 AM,0.00
10100,4/15/2025 11:49:01 AM,0.00
10100,4/15/2025 11:49:01 AM,0.10
10100,4/15/2025 11:49:02 AM,0.00
10100,4/15/2025 11:49:03 AM,0.00
10100,4/15/2025 11:49:04 AM,0.10
10100,4/15/2025 11:49:05 AM,0.00
10100,4/15/2025 11:49:10 AM,0.00
10100,4/15/2025 11:49:11 AM,0.10
10100,4/15/2025 11:49:12 AM,0.00
10100,4/15/2025 11:49:13 AM,0.10
10100,4/15/2025 11:49:14 AM,0.10
10100,4/15/2025 11:49:15 AM,0.00
10100,4/15/2025 11:49:19 AM,0.00
10100,4/15/2025 11:49:20 AM,0.10
10100,4/15/2025 11:49:21 AM,0.00
10100,4/15/2025 11:49:22 AM,0.10
10100,4/15/2025 11:49:23 AM,0.00
10100,4/15/2025 11:49:26 AM,0.00
10100,4/15/2025 11:49:27 AM,0.10
10100,4/15/2025 11:49:28 AM,0.10
10100,4/15/2025 11:49:29 AM,0.00
10100,4/15/2025 11:49:30 AM,0.00
10100,4/15/2025 11:49:31 AM,0.10
10100,4/15/2025 11:49:32 AM,0.00
10100,4/15/2025 11:49:33 AM,0.10
10100,4/15/2025 11:49:34 AM,0.00
10100,4/15/2025 11:49:35 AM,0.10
10100,4/15/2025 11:49:36 AM,0.00
10100,4/15/2025 11:49:38 AM,0.00
10100,4/15/2025 11:49:39 AM,0.10
10100,4/15/2025 11:49:40 AM,0.10
10100,4/15/2025 11:49:41 AM,0.00
10100,4/15/2025 11:49:42 AM,0.10
10100,4/15/2025 11:49:45 AM,0.10
10100,4/15/2025 11:49:46 AM,0.00
10100,4/15/2025 11:49:47 AM,0.00
10100,4/15/2025 11:49:48 AM,0.10
10100,4/15/2025 11:49:49 AM,0.00
10100,4/15/2025 11:49:51 AM,0.00
10100,4/15/2025 11:49:52 AM,0.10
10100,4/15/2025 11:49:53 AM,0.00
10100,4/15/2025 11:49:56 AM,0.00
10100,4/15/2025 11:49:57 AM,0.10
10100,4/15/2025 11:49:58 AM,0.10
10100,4/15/2025 11:49:59 AM,0.00
10100,4/15/2025 11:50:02 AM,0.00
10100,4/15/2025 11:50:03 AM,0.10
10100,4/15/2025 11:50:04 AM,0.00
10100,4/15/2025 11:50:05 AM,0.10
10100,4/15/2025 11:50:06 AM,0.00
10100,4/15/2025 11:50:07 AM,0.10
10100,4/15/2025 11:50:08 AM,0.00
10100,4/15/2025 11:50:09 AM,0.00
10100,4/15/2025 11:50:10 AM,0.10
10100,4/15/2025 11:50:11 AM,0.00
10100,4/15/2025 11:50:12 AM,0.10
10100,4/15/2025 11:50:17 AM,0.10
10100,4/15/2025 11:50:18 AM,0.00
10100,4/15/2025 11:50:20 AM,0.00
10100,4/15/2025 11:50:21 AM,0.10
10100,4/15/2025 11:50:22 AM,0.10
10100,4/15/2025 11:50:23 AM,0.00
10100,4/15/2025 11:50:24 AM,0.10
10100,4/15/2025 11:50:25 AM,0.00
10100,4/15/2025 11:50:26 AM,0.10
10100,4/15/2025 11:50:28 AM,0.10
10100,4/15/2025 11:50:29 AM,0.00
10100,4/15/2025 11:50:30 AM,0.00
10100,4/15/2025 11:50:31 AM,0.10
10100,4/15/2025 11:50:33 AM,0.10
10100,4/15/2025 11:50:34 AM,0.00
10100,4/15/2025 11:50:35 AM,0.10
10100,4/15/2025 11:50:36 AM,0.00
10100,4/15/2025 11:50:37 AM,0.10
10100,4/15/2025 11:50:38 AM,0.00
10100,4/15/2025 11:50:40 AM,0.00
10100,4/15/2025 11:50:41 AM,0.10
10100,4/15/2025 11:50:42 AM,0.10
10100,4/15/2025 11:50:43 AM,0.00
10100,4/15/2025 11:50:44 AM,0.00
10100,4/15/2025 11:50:45 AM,0.10
10100,4/15/2025 11:50:46 AM,0.00
10100,4/15/2025 11:50:50 AM,0.00
10100,4/15/2025 11:50:51 AM,0.10
10100,4/15/2025 11:50:52 AM,0.00
10100,4/15/2025 11:50:56 AM,0.00
10100,4/15/2025 11:50:57 AM,0.10
10100,4/15/2025 11:50:58 AM,0.00
10100,4/15/2025 11:51:01 AM,0.00
10100,4/15/2025 11:51:01 AM,0.10
10100,4/15/2025 11:51:02 AM,0.00
10100,4/15/2025 11:51:15 AM,0.00
10100,4/15/2025 11:51:16 AM,0.10
10100,4/15/2025 11:51:17 AM,0.00
10100,4/15/2025 11:51:38 AM,0.00
10100,4/15/2025 11:51:39 AM,0.10
10100,4/15/2025 11:51:40 AM,0.10
10100,4/15/2025 11:51:41 AM,0.00
10100,4/15/2025 11:51:45 AM,0.00
10100,4/15/2025 11:51:46 AM,0.10
10100,4/15/2025 11:51:47 AM,0.10
10100,4/15/2025 11:51:48 AM,0.00
10100,4/15/2025 11:51:53 AM,0.00
10100,4/15/2025 11:51:54 AM,0.10
10100,4/15/2025 11:51:55 AM,0.00
10100,4/15/2025 11:52:17 AM,0.00
10100,4/15/2025 11:52:18 AM,0.10
10100,4/15/2025 11:52:19 AM,0.00
10100,4/15/2025 11:52:21 AM,0.00
10100,4/15/2025 11:52:22 AM,0.10
10100,4/15/2025 11:52:23 AM,0.00
10100,4/15/2025 11:53:08 AM,0.00
10100,4/15/2025 11:53:09 AM,0.10
10100,4/15/2025 11:53:10 AM,0.00
10100,4/15/2025 11:53:26 AM,0.00
10100,4/15/2025 11:53:27 AM,0.10
10100,4/15/2025 11:53:28 AM,0.00
10100,4/15/2025 11:53:43 AM,0.00
10100,4/15/2025 11:53:44 AM,0.10
10100,4/15/2025 11:53:45 AM,0.00
10100,4/15/2025 11:55:23 AM,0.00
10100,4/15/2025 11:55:24 AM,0.10
10100,4/15/2025 11:55:25 AM,0.00
10100,4/15/2025 12:45:26 PM,0.00
10100,4/15/2025 1:35:30 PM,0.00
10100,4/15/2025 2:03:09 PM,0.00
10100,4/15/2025 2:03:10 PM,0.10
10100,4/15/2025 2:03:11 PM,0.00
10100,4/15/2025 2:03:13 PM,0.00
10100,4/15/2025 2:03:14 PM,0.10
10100,4/15/2025 2:03:15 PM,0.00
10100,4/15/2025 2:03:23 PM,0.00
10100,4/15/2025 2:03:24 PM,0.10
10100,4/15/2025 2:03:25 PM,0.00
10100,4/15/2025 2:03:26 PM,0.10
10100,4/15/2025 2:03:27 PM,0.10
10100,4/15/2025 2:03:28 PM,0.00
10100,4/15/2025 2:03:29 PM,0.00
10100,4/15/2025 2:03:30 PM,0.10
10100,4/15/2025 2:03:31 PM,0.00
10100,4/15/2025 2:03:35 PM,0.00
10100,4/15/2025 2:03:36 PM,0.10
10100,4/15/2025 2:03:42 PM,0.10
10100,4/15/2025 2:03:43 PM,0.00
10100,4/15/2025 2:03:44 PM,0.10
10100,4/15/2025 2:03:47 PM,0.10
10100,4/15/2025 2:03:48 PM,0.00
10100,4/15/2025 2:03:50 PM,0.00
10100,4/15/2025 2:03:51 PM,0.10
10100,4/15/2025 2:03:59 PM,0.10
10100,4/15/2025 2:04:01 PM,0.00
10100,4/15/2025 2:04:01 PM,0.00
10100,4/15/2025 2:04:02 PM,0.10
10100,4/15/2025 2:04:08 PM,0.10
10100,4/15/2025 2:04:09 PM,0.00
10100,4/15/2025 2:04:10 PM,0.00
10100,4/15/2025 2:04:11 PM,0.10
10100,4/15/2025 2:04:34 PM,0.10
10100,4/15/2025 2:04:35 PM,0.00
10100,4/15/2025 2:04:36 PM,0.10
10100,4/15/2025 2:04:51 PM,0.10
10100,4/15/2025 2:04:52 PM,0.00
10100,4/15/2025 2:04:53 PM,0.00
10100,4/15/2025 2:04:54 PM,0.10
10100,4/15/2025 2:04:55 PM,0.00
10100,4/15/2025 2:04:56 PM,0.10
10100,4/15/2025 2:05:03 PM,0.10
10100,4/15/2025 2:05:04 PM,0.00
10100,4/15/2025 2:05:05 PM,0.00
10100,4/15/2025 2:05:06 PM,0.10
10100,4/15/2025 2:05:11 PM,0.10
10100,4/15/2025 2:05:12 PM,0.00
10100,4/15/2025 2:05:13 PM,0.00
10100,4/15/2025 2:05:14 PM,0.10
10100,4/15/2025 2:05:16 PM,0.10
10100,4/15/2025 2:05:17 PM,0.00
10100,4/15/2025 2:05:18 PM,0.10
10100,4/15/2025 2:06:03 PM,0.10
10100,4/15/2025 2:06:04 PM,0.00
10100,4/15/2025 2:06:05 PM,0.10
10100,4/15/2025 2:36:41 PM,0.10
10100,4/15/2025 2:36:42 PM,0.20
10100,4/15/2025 2:36:43 PM,0.10
10100,4/15/2025 2:37:01 PM,0.10
10100,4/15/2025 2:37:01 PM,0.20
10100,4/15/2025 2:37:02 PM,0.10
10100,4/15/2025 2:37:12 PM,0.10
10100,4/15/2025 2:37:13 PM,0.20
10100,4/15/2025 2:37:14 PM,0.10
10100,4/15/2025 2:37:15 PM,0.10
10100,4/15/2025 2:37:16 PM,0.20
10100,4/15/2025 2:37:17 PM,0.10
10100,4/15/2025 2:37:24 PM,0.10
10100,4/15/2025 2:37:25 PM,0.20
10100,4/15/2025 2:37:26 PM,0.10
10100,4/15/2025 2:37:32 PM,0.10
10100,4/15/2025 2:37:33 PM,0.20
10100,4/15/2025 2:37:34 PM,0.10
10100,4/15/2025 2:37:36 PM,0.10
10100,4/15/2025 2:37:37 PM,0.20
10100,4/15/2025 2:37:38 PM,0.20
10100,4/15/2025 2:37:39 PM,0.10
10100,4/15/2025 2:37:40 PM,0.20
10100,4/15/2025 2:37:41 PM,0.10
10100,4/15/2025 2:37:55 PM,0.10
10100,4/15/2025 2:37:56 PM,0.20
10100,4/15/2025 2:37:57 PM,0.10
10100,4/15/2025 2:38:05 PM,0.10
10100,4/15/2025 2:38:06 PM,0.20
10100,4/15/2025 2:38:07 PM,0.10
10100,4/15/2025 2:38:11 PM,0.10
10100,4/15/2025 2:38:12 PM,0.20
10100,4/15/2025 2:38:13 PM,0.10
10100,4/15/2025 2:38:19 PM,0.10
10100,4/15/2025 2:38:20 PM,0.20
10100,4/15/2025 2:38:21 PM,0.10
10100,4/15/2025 2:38:22 PM,0.20
10100,4/15/2025 2:38:23 PM,0.10
10100,4/15/2025 2:38:26 PM,0.10
10100,4/15/2025 2:38:27 PM,0.20
10100,4/15/2025 2:38:28 PM,0.10
10100,4/15/2025 2:38:30 PM,0.10
10100,4/15/2025 2:38:31 PM,0.20
10100,4/15/2025 2:38:32 PM,0.10
10100,4/15/2025 2:38:34 PM,0.10
10100,4/15/2025 2:38:35 PM,0.20
10100,4/15/2025 2:38:36 PM,0.10
10100,4/15/2025 2:38:37 PM,0.10
10100,4/15/2025 2:38:38 PM,0.20
10100,4/15/2025 2:38:40 PM,0.20
10100,4/15/2025 2:38:41 PM,0.10
10100,4/15/2025 2:38:42 PM,0.20
10100,4/15/2025 2:38:43 PM,0.20
10100,4/15/2025 2:38:44 PM,0.10
10100,4/15/2025 2:38:45 PM,0.20
10100,4/15/2025 2:38:46 PM,0.20
10100,4/15/2025 2:38:47 PM,0.10
10100,4/15/2025 2:38:49 PM,0.10
10100,4/15/2025 2:38:50 PM,0.20
10100,4/15/2025 2:38:51 PM,0.10
10100,4/15/2025 2:38:52 PM,0.10
10100,4/15/2025 2:38:53 PM,0.20
10100,4/15/2025 2:38:54 PM,0.10
10100,4/15/2025 2:38:55 PM,0.20
10100,4/15/2025 2:38:56 PM,0.20
10100,4/15/2025 2:38:57 PM,0.10
10100,4/15/2025 2:38:58 PM,0.20
10100,4/15/2025 2:38:59 PM,0.20
10100,4/15/2025 2:39:01 PM,0.10
10100,4/15/2025 2:39:01 PM,0.10
10100,4/15/2025 2:39:02 PM,0.20
10100,4/15/2025 2:39:05 PM,0.20
10100,4/15/2025 2:39:06 PM,0.10
10100,4/15/2025 2:39:07 PM,0.20
10100,4/15/2025 2:39:08 PM,0.20
10100,4/15/2025 2:39:09 PM,0.10
10100,4/15/2025 2:39:10 PM,0.20
10100,4/15/2025 2:39:11 PM,0.10
10100,4/15/2025 2:39:12 PM,0.20
10100,4/15/2025 2:39:15 PM,0.20
10100,4/15/2025 2:39:16 PM,0.10
10100,4/15/2025 2:39:17 PM,0.20
10100,4/15/2025 2:39:18 PM,0.20
10100,4/15/2025 2:39:19 PM,0.10
10100,4/15/2025 2:39:20 PM,0.20
10100,4/15/2025 2:39:22 PM,0.20
10100,4/15/2025 2:39:23 PM,0.10
10100,4/15/2025 2:39:24 PM,0.20
10100,4/15/2025 2:39:27 PM,0.20
10100,4/15/2025 2:39:28 PM,0.10
10100,4/15/2025 2:39:29 PM,0.20
10100,4/15/2025 2:39:30 PM,0.10
10100,4/15/2025 2:39:31 PM,0.20
10100,4/15/2025 2:39:34 PM,0.20
10100,4/15/2025 2:39:35 PM,0.10
10100,4/15/2025 2:39:36 PM,0.20
10100,4/15/2025 2:39:46 PM,0.20
10100,4/15/2025 2:39:47 PM,0.10
10100,4/15/2025 2:39:48 PM,0.20
10100,4/15/2025 2:39:49 PM,0.20
10100,4/15/2025 2:39:50 PM,0.10
10100,4/15/2025 2:39:51 PM,0.20
10100,4/15/2025 2:39:52 PM,0.20
10100,4/15/2025 2:39:53 PM,0.10
10100,4/15/2025 2:39:54 PM,0.10
10100,4/15/2025 2:39:55 PM,0.20
10100,4/15/2025 2:43:22 PM,0.20
10100,4/15/2025 2:43:23 PM,0.10
10100,4/15/2025 2:43:24 PM,0.20
10100,4/15/2025 2:44:06 PM,0.20
10100,4/15/2025 2:44:07 PM,0.10
10100,4/15/2025 2:44:08 PM,0.20
10100,4/15/2025 2:44:28 PM,0.20
10100,4/15/2025 2:44:29 PM,0.10
10100,4/15/2025 2:44:30 PM,0.20
10100,4/15/2025 2:44:55 PM,0.20
10100,4/15/2025 2:44:56 PM,0.10
10100,4/15/2025 2:44:57 PM,0.20
10100,4/15/2025 2:45:09 PM,0.20
10100,4/15/2025 2:45:10 PM,0.10
10100,4/15/2025 2:45:11 PM,0.20
10100,4/15/2025 2:45:15 PM,0.20
10100,4/15/2025 2:45:16 PM,0.10
10100,4/15/2025 2:45:17 PM,0.20
10100,4/15/2025 2:45:19 PM,0.20
10100,4/15/2025 2:45:20 PM,0.10
10100,4/15/2025 2:45:21 PM,0.10
10100,4/15/2025 2:45:22 PM,0.20
10100,4/15/2025 2:45:23 PM,0.10
10100,4/15/2025 2:45:24 PM,0.10
10100,4/15/2025 2:45:25 PM,0.20
10100,4/15/2025 2:45:26 PM,0.20
10100,4/15/2025 2:45:27 PM,0.10
10100,4/15/2025 2:45:28 PM,0.20
10100,4/15/2025 2:45:29 PM,0.10
10100,4/15/2025 2:45:30 PM,0.20
10100,4/15/2025 2:45:31 PM,0.10
10100,4/15/2025 2:45:33 PM,0.10
10100,4/15/2025 2:45:34 PM,0.20
10100,4/15/2025 2:45:35 PM,0.10
10100,4/15/2025 2:45:37 PM,0.10
10100,4/15/2025 2:45:38 PM,0.20
10100,4/15/2025 2:45:40 PM,0.20
10100,4/15/2025 2:45:41 PM,0.10
10100,4/15/2025 2:45:42 PM,0.10
10100,4/15/2025 2:45:43 PM,0.20
10100,4/15/2025 2:45:48 PM,0.20
10100,4/15/2025 2:45:49 PM,0.10
10100,4/15/2025 2:45:50 PM,0.10
10100,4/15/2025 2:45:51 PM,0.20
10100,4/15/2025 2:45:52 PM,0.20
10100,4/15/2025 2:45:53 PM,0.10
10100,4/15/2025 2:45:54 PM,0.20
10100,4/15/2025 2:45:57 PM,0.20
10100,4/15/2025 2:45:58 PM,0.10
10100,4/15/2025 2:46:01 PM,0.10
10100,4/15/2025 2:46:01 PM,0.20
10100,4/15/2025 2:46:02 PM,0.10
10100,4/15/2025 2:46:05 PM,0.10
10100,4/15/2025 2:46:06 PM,0.20
10100,4/15/2025 2:46:08 PM,0.20
10100,4/15/2025 2:46:09 PM,0.10
10100,4/15/2025 2:46:11 PM,0.10
10100,4/15/2025 2:46:12 PM,0.20
10100,4/15/2025 2:46:13 PM,0.10
10100,4/15/2025 2:46:14 PM,0.20
10100,4/15/2025 2:46:15 PM,0.20
10100,4/15/2025 2:46:16 PM,0.10
10100,4/15/2025 2:46:17 PM,0.10
10100,4/15/2025 2:46:18 PM,0.20
10100,4/15/2025 2:46:19 PM,0.10
10100,4/15/2025 2:46:22 PM,0.10
10100,4/15/2025 2:46:23 PM,0.20
10100,4/15/2025 2:46:25 PM,0.20
10100,4/15/2025 2:46:26 PM,0.10
10100,4/15/2025 2:46:28 PM,0.10
10100,4/15/2025 2:46:29 PM,0.20
10100,4/15/2025 2:46:30 PM,0.10
10100,4/15/2025 2:46:31 PM,0.20
10100,4/15/2025 2:46:32 PM,0.10
10100,4/15/2025 2:46:33 PM,0.10
10100,4/15/2025 2:46:34 PM,0.20
10100,4/15/2025 2:46:35 PM,0.20
10100,4/15/2025 2:46:36 PM,0.10
10100,4/15/2025 2:46:40 PM,0.10
10100,4/15/2025 2:46:41 PM,0.20
10100,4/15/2025 2:46:42 PM,0.20
10100,4/15/2025 2:46:43 PM,0.10
10100,4/15/2025 2:46:44 PM,0.10
10100,4/15/2025 2:46:45 PM,0.20
10100,4/15/2025 2:46:46 PM,0.10
10100,4/15/2025 2:46:50 PM,0.10
10100,4/15/2025 2:46:51 PM,0.20
10100,4/15/2025 2:46:52 PM,0.10
10100,4/15/2025 2:46:56 PM,0.10
10100,4/15/2025 2:46:57 PM,0.20
10100,4/15/2025 2:47:01 PM,0.20
10100,4/15/2025 2:47:02 PM,0.10
10100,4/15/2025 2:47:03 PM,0.10
10100,4/15/2025 2:47:04 PM,0.20
10100,4/15/2025 2:47:05 PM,0.10
10100,4/15/2025 2:47:06 PM,0.20
10100,4/15/2025 2:47:07 PM,0.10
10100,4/15/2025 2:47:08 PM,0.10
10100,4/15/2025 2:47:09 PM,0.20
10100,4/15/2025 2:47:10 PM,0.10
10100,4/15/2025 2:47:11 PM,0.10
10100,4/15/2025 2:47:12 PM,0.20
10100,4/15/2025 2:47:13 PM,0.10
10100,4/15/2025 2:47:14 PM,0.10
10100,4/15/2025 2:47:15 PM,0.20
10100,4/15/2025 2:47:16 PM,0.20
10100,4/15/2025 2:47:17 PM,0.10
10100,4/15/2025 2:47:18 PM,0.20
10100,4/15/2025 2:47:19 PM,0.10
10100,4/15/2025 2:47:21 PM,0.10
10100,4/15/2025 2:47:22 PM,0.20
10100,4/15/2025 2:47:25 PM,0.20
10100,4/15/2025 2:47:26 PM,0.10
10100,4/15/2025 2:47:29 PM,0.10
10100,4/15/2025 2:47:30 PM,0.20
10100,4/15/2025 2:47:32 PM,0.20
10100,4/15/2025 2:47:33 PM,0.10
10100,4/15/2025 2:47:34 PM,0.20
10100,4/15/2025 2:47:36 PM,0.20
10100,4/15/2025 2:47:37 PM,0.10
10100,4/15/2025 2:47:39 PM,0.10
10100,4/15/2025 2:47:40 PM,0.20
10100,4/15/2025 2:47:41 PM,0.10
10100,4/15/2025 2:47:42 PM,0.20
10100,4/15/2025 2:47:43 PM,0.20
10100,4/15/2025 2:47:44 PM,0.10
10100,4/15/2025 2:47:45 PM,0.20
10100,4/15/2025 2:47:48 PM,0.20
10100,4/15/2025 2:47:49 PM,0.10
10100,4/15/2025 2:47:50 PM,0.10
10100,4/15/2025 2:47:51 PM,0.20
10100,4/15/2025 2:47:54 PM,0.20
10100,4/15/2025 2:47:55 PM,0.10
10100,4/15/2025 2:47:56 PM,0.20
10100,4/15/2025 2:47:57 PM,0.20
10100,4/15/2025 2:47:58 PM,0.10
10100,4/15/2025 2:47:59 PM,0.20
10100,4/15/2025 2:48:01 PM,0.20
10100,4/15/2025 2:48:01 PM,0.10
10100,4/15/2025 2:48:02 PM,0.20
10100,4/15/2025 2:48:03 PM,0.10
10100,4/15/2025 2:48:04 PM,0.20
10100,4/15/2025 2:48:08 PM,0.20
10100,4/15/2025 2:48:09 PM,0.10
10100,4/15/2025 2:48:10 PM,0.20
10100,4/15/2025 2:48:12 PM,0.20
10100,4/15/2025 2:48:13 PM,0.10
10100,4/15/2025 2:48:14 PM,0.20
10100,4/15/2025 2:48:20 PM,0.20
10100,4/15/2025 2:48:21 PM,0.10
10100,4/15/2025 2:48:22 PM,0.20
10100,4/15/2025 2:48:26 PM,0.20
10100,4/15/2025 2:48:27 PM,0.10
10100,4/15/2025 2:48:28 PM,0.20
10100,4/15/2025 2:48:32 PM,0.20
10100,4/15/2025 2:48:33 PM,0.10
10100,4/15/2025 2:48:34 PM,0.20
10100,4/15/2025 2:48:52 PM,0.20
10100,4/15/2025 2:48:53 PM,0.10
10100,4/15/2025 2:48:54 PM,0.20
10100,4/15/2025 2:48:56 PM,0.20
10100,4/15/2025 2:48:57 PM,0.10
10100,4/15/2025 2:48:58 PM,0.20
10100,4/15/2025 2:48:59 PM,0.20
10100,4/15/2025 2:49:01 PM,0.10
10100,4/15/2025 2:49:01 PM,0.20
10100,4/15/2025 2:49:06 PM,0.20
10100,4/15/2025 2:49:07 PM,0.10
10100,4/15/2025 2:49:08 PM,0.20
10100,4/15/2025 2:49:10 PM,0.20
10100,4/15/2025 2:49:11 PM,0.10
10100,4/15/2025 2:49:12 PM,0.20
10100,4/15/2025 2:49:13 PM,0.20
10100,4/15/2025 2:49:14 PM,0.10
10100,4/15/2025 2:49:15 PM,0.10
10100,4/15/2025 2:49:16 PM,0.20
10100,4/15/2025 2:49:17 PM,0.20
10100,4/15/2025 2:49:18 PM,0.10
10100,4/15/2025 2:49:19 PM,0.10
10100,4/15/2025 2:49:20 PM,0.20
10100,4/15/2025 2:49:23 PM,0.20
10100,4/15/2025 2:49:24 PM,0.10
10100,4/15/2025 2:49:25 PM,0.20
10100,4/15/2025 2:49:26 PM,0.10
10100,4/15/2025 2:49:27 PM,0.10
10100,4/15/2025 2:49:28 PM,0.20
10100,4/15/2025 2:49:31 PM,0.20
10100,4/15/2025 2:49:32 PM,0.10
10100,4/15/2025 2:49:33 PM,0.20
10100,4/15/2025 2:49:34 PM,0.10
10100,4/15/2025 2:49:35 PM,0.20
10100,4/15/2025 2:49:36 PM,0.10
10100,4/15/2025 2:49:37 PM,0.20
10100,4/15/2025 2:49:38 PM,0.10
10100,4/15/2025 2:49:39 PM,0.10
10100,4/15/2025 2:49:40 PM,0.20
10100,4/15/2025 2:49:43 PM,0.20
10100,4/15/2025 2:49:44 PM,0.10
10100,4/15/2025 2:49:45 PM,0.20
10100,4/15/2025 2:49:46 PM,0.10
10100,4/15/2025 2:49:47 PM,0.20
10100,4/15/2025 2:49:48 PM,0.20
10100,4/15/2025 2:49:49 PM,0.10
10100,4/15/2025 2:49:52 PM,0.10
10100,4/15/2025 2:49:53 PM,0.20
10100,4/15/2025 2:49:54 PM,0.20
10100,4/15/2025 2:49:55 PM,0.10
10100,4/15/2025 2:49:56 PM,0.10
10100,4/15/2025 2:49:57 PM,0.20
10100,4/15/2025 2:49:58 PM,0.10
10100,4/15/2025 2:49:59 PM,0.20
10100,4/15/2025 2:50:01 PM,0.20
10100,4/15/2025 2:50:02 PM,0.10
10100,4/15/2025 2:50:03 PM,0.10
10100,4/15/2025 2:50:04 PM,0.20
10100,4/15/2025 2:50:05 PM,0.20
10100,4/15/2025 2:50:06 PM,0.10
10100,4/15/2025 2:50:09 PM,0.10
10100,4/15/2025 2:50:10 PM,0.20
10100,4/15/2025 2:50:11 PM,0.10
10100,4/15/2025 2:50:17 PM,0.10
10100,4/15/2025 2:50:18 PM,0.20
10100,4/15/2025 2:50:19 PM,0.10
10100,4/15/2025 2:50:22 PM,0.10
10100,4/15/2025 2:50:23 PM,0.20
10100,4/15/2025 2:50:25 PM,0.20
10100,4/15/2025 2:50:26 PM,0.10
10100,4/15/2025 2:50:27 PM,0.10
10100,4/15/2025 2:50:28 PM,0.20
10100,4/15/2025 2:50:29 PM,0.10
10100,4/15/2025 2:50:37 PM,0.10
10100,4/15/2025 2:50:38 PM,0.20
10100,4/15/2025 2:50:39 PM,0.10
10100,4/15/2025 2:50:44 PM,0.10
10100,4/15/2025 2:50:45 PM,0.20
10100,4/15/2025 2:50:46 PM,0.10
10100,4/15/2025 2:50:54 PM,0.10
10100,4/15/2025 2:50:55 PM,0.20
10100,4/15/2025 2:50:56 PM,0.10
10100,4/15/2025 2:51:01 PM,0.10
10100,4/15/2025 2:51:02 PM,0.20
10100,4/15/2025 2:51:03 PM,0.10
10100,4/15/2025 2:51:20 PM,0.10
10100,4/15/2025 2:51:21 PM,0.20
10100,4/15/2025 2:51:22 PM,0.10
10100,4/15/2025 2:54:40 PM,0.10
10100,4/15/2025 2:54:41 PM,0.20
10100,4/15/2025 2:54:42 PM,0.10
10100,4/15/2025 2:55:36 PM,0.10
10100,4/15/2025 2:55:37 PM,0.20
10100,4/15/2025 2:55:38 PM,0.10
10100,4/15/2025 2:55:45 PM,0.10
10100,4/15/2025 2:55:46 PM,0.20
10100,4/15/2025 2:55:47 PM,0.10
10100,4/15/2025 2:56:10 PM,0.10
10100,4/15/2025 2:56:11 PM,0.20
10100,4/15/2025 2:56:12 PM,0.10
10100,4/15/2025 2:56:30 PM,0.10
10100,4/15/2025 2:56:31 PM,0.20
10100,4/15/2025 2:56:32 PM,0.10
10100,4/15/2025 2:56:42 PM,0.10
10100,4/15/2025 2:56:43 PM,0.20
10100,4/15/2025 2:56:44 PM,0.10
10100,4/15/2025 2:56:58 PM,0.10
10100,4/15/2025 2:56:59 PM,0.20
10100,4/15/2025 2:57:01 PM,0.10
10100,4/15/2025 2:57:05 PM,0.10
10100,4/15/2025 2:57:06 PM,0.20
10100,4/15/2025 2:57:07 PM,0.10
10100,4/15/2025 2:57:08 PM,0.20
10100,4/15/2025 2:57:09 PM,0.10
10100,4/15/2025 2:57:11 PM,0.10
10100,4/15/2025 2:57:12 PM,0.20
10100,4/15/2025 2:57:14 PM,0.20
10100,4/15/2025 2:57:15 PM,0.10
10100,4/15/2025 2:57:16 PM,0.10
10100,4/15/2025 2:57:17 PM,0.20
10100,4/15/2025 2:57:18 PM,0.20
10100,4/15/2025 2:57:19 PM,0.10
10100,4/15/2025 2:57:20 PM,0.10
10100,4/15/2025 2:57:21 PM,0.20
10100,4/15/2025 2:57:22 PM,0.20
10100,4/15/2025 2:57:23 PM,0.10
10100,4/15/2025 2:57:24 PM,0.10
10100,4/15/2025 2:57:25 PM,0.20
10100,4/15/2025 2:57:33 PM,0.20
10100,4/15/2025 2:57:34 PM,0.10
10100,4/15/2025 2:57:35 PM,0.20
10100,4/15/2025 2:57:36 PM,0.10
10100,4/15/2025 2:57:37 PM,0.20
10100,4/15/2025 2:57:39 PM,0.20
10100,4/15/2025 2:57:40 PM,0.10
10100,4/15/2025 2:57:41 PM,0.20
10100,4/15/2025 2:57:53 PM,0.20
10100,4/15/2025 2:57:54 PM,0.10
10100,4/15/2025 2:57:55 PM,0.20
10100,4/15/2025 2:57:59 PM,0.20
10100,4/15/2025 2:58:01 PM,0.10
10100,4/15/2025 2:58:01 PM,0.20
10100,4/15/2025 3:00:33 PM,0.20
10100,4/15/2025 3:00:34 PM,0.10
10100,4/15/2025 3:00:35 PM,0.20
10100,4/15/2025 3:00:45 PM,0.20
10100,4/15/2025 3:00:46 PM,0.10
10100,4/15/2025 3:00:47 PM,0.20
10100,4/15/2025 3:03:40 PM,0.20
10100,4/15/2025 3:03:41 PM,0.10
10100,4/15/2025 3:03:42 PM,0.20
10100,4/15/2025 3:03:49 PM,0.20
10100,4/15/2025 3:03:50 PM,0.10
10100,4/15/2025 3:03:51 PM,0.20
10100,4/15/2025 3:03:59 PM,0.20
10100,4/15/2025 3:04:01 PM,0.10
10100,4/15/2025 3:04:01 PM,0.20
10100,4/15/2025 3:04:02 PM,0.20
10100,4/15/2025 3:04:03 PM,0.10
10100,4/15/2025 3:04:04 PM,0.20
10100,4/15/2025 3:04:09 PM,0.20
10100,4/15/2025 3:04:10 PM,0.10
10100,4/15/2025 3:04:11 PM,0.20
10100,4/15/2025 3:04:12 PM,0.10
10100,4/15/2025 3:04:13 PM,0.20
10100,4/15/2025 3:04:33 PM,0.20
10100,4/15/2025 3:04:34 PM,0.10
10100,4/15/2025 3:04:35 PM,0.20
10100,4/15/2025 3:04:49 PM,0.20
10100,4/15/2025 3:04:50 PM,0.10
10100,4/15/2025 3:04:51 PM,0.20
10100,4/15/2025 3:05:04 PM,0.20
10100,4/15/2025 3:05:05 PM,0.10
10100,4/15/2025 3:05:06 PM,0.20
10100,4/15/2025 3:05:10 PM,0.20
10100,4/15/2025 3:05:11 PM,0.10
10100,4/15/2025 3:05:12 PM,0.20
10100,4/15/2025 3:05:13 PM,0.10
10100,4/15/2025 3:05:14 PM,0.20
10100,4/15/2025 3:05:15 PM,0.10
10100,4/15/2025 3:05:16 PM,0.20
10100,4/15/2025 3:05:17 PM,0.20
10100,4/15/2025 3:05:18 PM,0.10
10100,4/15/2025 3:05:19 PM,0.20
10100,4/15/2025 3:05:20 PM,0.20
10100,4/15/2025 3:05:21 PM,0.10
10100,4/15/2025 3:05:23 PM,0.10
10100,4/15/2025 3:05:24 PM,0.20
10100,4/15/2025 3:05:26 PM,0.20
10100,4/15/2025 3:05:27 PM,0.10
10100,4/15/2025 3:05:28 PM,0.20
10100,4/15/2025 3:05:29 PM,0.20
10100,4/15/2025 3:05:30 PM,0.10
10100,4/15/2025 3:05:31 PM,0.20
10100,4/15/2025 3:05:32 PM,0.10
10100,4/15/2025 3:05:33 PM,0.10
10100,4/15/2025 3:05:34 PM,0.20
10100,4/15/2025 3:05:36 PM,0.20
10100,4/15/2025 3:05:37 PM,0.10
10100,4/15/2025 3:05:38 PM,0.10
10100,4/15/2025 3:05:39 PM,0.20
10100,4/15/2025 3:05:40 PM,0.10
10100,4/15/2025 3:05:43 PM,0.10
10100,4/15/2025 3:05:44 PM,0.20
10100,4/15/2025 3:05:45 PM,0.10
10100,4/15/2025 3:05:50 PM,0.10
10100,4/15/2025 3:05:51 PM,0.20
10100,4/15/2025 3:05:52 PM,0.10
10100,4/15/2025 3:05:53 PM,0.20
10100,4/15/2025 3:05:54 PM,0.20
10100,4/15/2025 3:05:55 PM,0.10
10100,4/15/2025 3:06:01 PM,0.10
10100,4/15/2025 3:06:01 PM,0.20
10100,4/15/2025 3:06:02 PM,0.10
10100,4/15/2025 3:06:05 PM,0.10
10100,4/15/2025 3:06:06 PM,0.20
10100,4/15/2025 3:06:07 PM,0.10
10100,4/15/2025 3:06:50 PM,0.10
10100,4/15/2025 3:06:51 PM,0.20
10100,4/15/2025 3:06:52 PM,0.10
10100,4/15/2025 3:07:07 PM,0.10
10100,4/15/2025 3:07:08 PM,0.20
10100,4/15/2025 3:07:09 PM,0.10
10100,4/15/2025 3:07:28 PM,0.10
10100,4/15/2025 3:07:29 PM,0.20
10100,4/15/2025 3:07:30 PM,0.10
10100,4/15/2025 3:07:34 PM,0.10
10100,4/15/2025 3:07:35 PM,0.20
10100,4/15/2025 3:07:36 PM,0.10
10100,4/15/2025 3:07:40 PM,0.10
10100,4/15/2025 3:07:41 PM,0.20
10100,4/15/2025 3:07:42 PM,0.10
10100,4/15/2025 3:07:44 PM,0.10
10100,4/15/2025 3:07:45 PM,0.20
10100,4/15/2025 3:07:46 PM,0.10
10100,4/15/2025 3:07:53 PM,0.10
10100,4/15/2025 3:07:54 PM,0.20
10100,4/15/2025 3:07:55 PM,0.20
10100,4/15/2025 3:07:56 PM,0.10
10100,4/15/2025 3:07:57 PM,0.10
10100,4/15/2025 3:07:58 PM,0.20
10100,4/15/2025 3:07:59 PM,0.10
10100,4/15/2025 3:08:01 PM,0.20
10100,4/15/2025 3:08:01 PM,0.10
10100,4/15/2025 3:08:05 PM,0.10
10100,4/15/2025 3:08:06 PM,0.20
10100,4/15/2025 3:08:08 PM,0.20
10100,4/15/2025 3:08:09 PM,0.10
10100,4/15/2025 3:08:10 PM,0.10
10100,4/15/2025 3:08:11 PM,0.20
10100,4/15/2025 3:08:12 PM,0.10
10100,4/15/2025 3:08:14 PM,0.10
10100,4/15/2025 3:08:15 PM,0.20
10100,4/15/2025 3:08:16 PM,0.10
10100,4/15/2025 3:08:17 PM,0.10
10100,4/15/2025 3:08:18 PM,0.20
10100,4/15/2025 3:08:19 PM,0.10
10100,4/15/2025 3:08:20 PM,0.20
10100,4/15/2025 3:08:21 PM,0.10
10100,4/15/2025 3:08:22 PM,0.10
10100,4/15/2025 3:08:23 PM,0.20
10100,4/15/2025 3:08:24 PM,0.10
10100,4/15/2025 3:08:26 PM,0.10
10100,4/15/2025 3:08:27 PM,0.20
10100,4/15/2025 3:08:28 PM,0.20
10100,4/15/2025 3:08:29 PM,0.10
10100,4/15/2025 3:08:30 PM,0.20
10100,4/15/2025 3:08:31 PM,0.10
10100,4/15/2025 3:08:32 PM,0.20
10100,4/15/2025 3:08:33 PM,0.10
10100,4/15/2025 3:08:34 PM,0.10
10100,4/15/2025 3:08:35 PM,0.20
10100,4/15/2025 3:08:40 PM,0.20
10100,4/15/2025 3:08:41 PM,0.10
10100,4/15/2025 3:08:42 PM,0.20
10100,4/15/2025 3:08:44 PM,0.20
10100,4/15/2025 3:08:45 PM,0.10
10100,4/15/2025 3:08:46 PM,0.20
10100,4/15/2025 3:08:47 PM,0.20
10100,4/15/2025 3:08:48 PM,0.10
10100,4/15/2025 3:08:49 PM,0.20
10100,4/15/2025 3:08:54 PM,0.20
10100,4/15/2025 3:08:55 PM,0.10
10100,4/15/2025 3:08:56 PM,0.20
10100,4/15/2025 3:09:02 PM,0.20
10100,4/15/2025 3:09:03 PM,0.10
10100,4/15/2025 3:09:04 PM,0.20
10100,4/15/2025 3:47:36 PM,0.20
10100,4/15/2025 3:47:37 PM,0.10
10100,4/15/2025 3:47:38 PM,0.20
10100,4/15/2025 3:48:47 PM,0.20
10100,4/15/2025 3:48:48 PM,0.10
10100,4/15/2025 3:48:49 PM,0.20
10100,4/15/2025 3:48:53 PM,0.20
10100,4/15/2025 3:48:54 PM,0.10
10100,4/15/2025 3:48:55 PM,0.20
10100,4/15/2025 3:49:25 PM,0.20
10100,4/15/2025 3:49:26 PM,0.10
10100,4/15/2025 3:49:27 PM,0.20
10100,4/15/2025 3:49:28 PM,0.20
10100,4/15/2025 3:49:29 PM,0.10
10100,4/15/2025 3:49:30 PM,0.20
10100,4/15/2025 3:49:42 PM,0.20
10100,4/15/2025 3:49:43 PM,0.10
10100,4/15/2025 3:49:44 PM,0.20
10100,4/15/2025 3:49:47 PM,0.20
10100,4/15/2025 3:49:48 PM,0.10
10100,4/15/2025 3:49:49 PM,0.20
10100,4/15/2025 3:50:16 PM,0.20
10100,4/15/2025 3:50:17 PM,0.10
10100,4/15/2025 3:50:18 PM,0.20
10100,4/15/2025 3:50:23 PM,0.20
10100,4/15/2025 3:50:24 PM,0.10
10100,4/15/2025 3:50:25 PM,0.20
10100,4/15/2025 3:50:36 PM,0.20
10100,4/15/2025 3:50:37 PM,0.10
10100,4/15/2025 3:50:38 PM,0.20
10100,4/15/2025 3:51:11 PM,0.20
10100,4/15/2025 3:51:12 PM,0.10
10100,4/15/2025 3:51:13 PM,0.20
10100,4/15/2025 3:52:28 PM,0.20
10100,4/15/2025 3:52:29 PM,0.10
10100,4/15/2025 3:52:30 PM,0.20
10100,4/15/2025 3:52:32 PM,0.20
10100,4/15/2025 3:52:33 PM,0.10
10100,4/15/2025 3:52:34 PM,0.20
10100,4/15/2025 3:52:38 PM,0.20
10100,4/15/2025 3:52:39 PM,0.10
10100,4/15/2025 3:52:40 PM,0.20
10100,4/15/2025 3:52:41 PM,0.20
10100,4/15/2025 3:52:42 PM,0.10
10100,4/15/2025 3:52:43 PM,0.20
10100,4/15/2025 3:52:44 PM,0.10
10100,4/15/2025 3:52:45 PM,0.10
10100,4/15/2025 3:52:46 PM,0.20
10100,4/15/2025 3:52:50 PM,0.20
10100,4/15/2025 3:52:51 PM,0.10
10100,4/15/2025 3:52:52 PM,0.20
10100,4/15/2025 3:52:58 PM,0.20
10100,4/15/2025 3:52:59 PM,0.10
10100,4/15/2025 3:53:01 PM,0.20
10100,4/15/2025 3:53:10 PM,0.20
10100,4/15/2025 3:53:11 PM,0.10
10100,4/15/2025 3:53:12 PM,0.20
10100,4/15/2025 3:53:13 PM,0.20
10100,4/15/2025 3:53:14 PM,0.10
10100,4/15/2025 3:53:15 PM,0.20
10100,4/15/2025 3:53:16 PM,0.20
10100,4/15/2025 3:53:17 PM,0.10
10100,4/15/2025 3:53:18 PM,0.20
10100,4/15/2025 3:53:19 PM,0.10
10100,4/15/2025 3:53:20 PM,0.20
10100,4/15/2025 3:53:21 PM,0.10
10100,4/15/2025 3:53:22 PM,0.20
10100,4/15/2025 3:53:25 PM,0.20
10100,4/15/2025 3:53:26 PM,0.10
10100,4/15/2025 3:53:27 PM,0.20
10100,4/15/2025 3:53:30 PM,0.20
10100,4/15/2025 3:53:31 PM,0.10
10100,4/15/2025 3:53:32 PM,0.20
10100,4/15/2025 3:53:37 PM,0.20
10100,4/15/2025 3:53:38 PM,0.10
10100,4/15/2025 3:53:39 PM,0.20
10100,4/15/2025 3:53:41 PM,0.20
10100,4/15/2025 3:53:42 PM,0.10
10100,4/15/2025 3:53:43 PM,0.20
10100,4/15/2025 3:53:45 PM,0.20
10100,4/15/2025 3:53:46 PM,0.10
10100,4/15/2025 3:53:47 PM,0.10
10100,4/15/2025 3:53:48 PM,0.20
10100,4/15/2025 3:53:52 PM,0.20
10100,4/15/2025 3:53:53 PM,0.10
10100,4/15/2025 3:53:55 PM,0.10
10100,4/15/2025 3:53:56 PM,0.20
10100,4/15/2025 3:53:57 PM,0.20
10100,4/15/2025 3:53:58 PM,0.10
10100,4/15/2025 3:53:59 PM,0.20
10100,4/15/2025 3:54:03 PM,0.20
10100,4/15/2025 3:54:04 PM,0.10
10100,4/15/2025 3:54:05 PM,0.20
10100,4/15/2025 3:54:07 PM,0.20
10100,4/15/2025 3:54:08 PM,0.10
10100,4/15/2025 3:54:09 PM,0.20
10100,4/15/2025 3:54:12 PM,0.20
10100,4/15/2025 3:54:13 PM,0.10
10100,4/15/2025 3:54:14 PM,0.20
10100,4/15/2025 3:54:16 PM,0.20
10100,4/15/2025 3:54:17 PM,0.10
10100,4/15/2025 3:54:18 PM,0.10
10100,4/15/2025 3:54:19 PM,0.20
10100,4/15/2025 3:54:23 PM,0.20
10100,4/15/2025 3:54:24 PM,0.10
10100,4/15/2025 3:54:25 PM,0.20
10100,4/15/2025 3:54:33 PM,0.20
10100,4/15/2025 3:54:34 PM,0.10
10100,4/15/2025 3:54:35 PM,0.20
10100,4/15/2025 3:54:44 PM,0.20
10100,4/15/2025 3:54:45 PM,0.10
10100,4/15/2025 3:54:46 PM,0.20
10100,4/15/2025 3:54:58 PM,0.20
10100,4/15/2025 3:54:59 PM,0.10
10100,4/15/2025 3:55:01 PM,0.20
10100,4/15/2025 3:55:05 PM,0.20
10100,4/15/2025 3:55:06 PM,0.10
10100,4/15/2025 3:55:07 PM,0.20
10100,4/15/2025 3:55:08 PM,0.10
10100,4/15/2025 3:55:09 PM,0.20
10100,4/15/2025 3:55:20 PM,0.20
10100,4/15/2025 3:55:21 PM,0.10
10100,4/15/2025 3:55:22 PM,0.20
10100,4/15/2025 3:55:25 PM,0.20
10100,4/15/2025 3:55:26 PM,0.10
10100,4/15/2025 3:55:27 PM,0.20
10100,4/15/2025 3:55:32 PM,0.20
10100,4/15/2025 3:55:33 PM,0.10
10100,4/15/2025 3:55:34 PM,0.20
10100,4/15/2025 3:55:44 PM,0.20
10100,4/15/2025 3:55:45 PM,0.10
10100,4/15/2025 3:55:46 PM,0.20
10100,4/15/2025 3:56:50 PM,0.20
10100,4/15/2025 3:56:51 PM,0.10
10100,4/15/2025 3:56:52 PM,0.20
10100,4/15/2025 3:57:24 PM,0.20
10100,4/15/2025 3:57:25 PM,0.10
10100,4/15/2025 3:57:26 PM,0.20
10100,4/15/2025 3:58:14 PM,0.20
10100,4/15/2025 3:58:15 PM,0.10
10100,4/15/2025 3:58:16 PM,0.20
10100,4/15/2025 3:58:40 PM,0.20
10100,4/15/2025 3:58:41 PM,0.10
10100,4/15/2025 3:58:42 PM,0.20
10100,4/15/2025 3:58:45 PM,0.20
10100,4/15/2025 3:58:46 PM,0.10
10100,4/15/2025 3:58:47 PM,0.20
10100,4/15/2025 3:58:48 PM,0.20
10100,4/15/2025 3:58:49 PM,0.10
10100,4/15/2025 3:58:50 PM,0.20
10100,4/15/2025 3:59:14 PM,0.20
10100,4/15/2025 3:59:15 PM,0.10
10100,4/15/2025 3:59:16 PM,0.20
10100,4/15/2025 3:59:23 PM,0.20
10100,4/15/2025 3:59:24 PM,0.10
10100,4/15/2025 3:59:25 PM,0.20
10100,4/15/2025 3:59:29 PM,0.20
10100,4/15/2025 3:59:30 PM,0.10
10100,4/15/2025 3:59:31 PM,0.20
10100,4/15/2025 3:59:47 PM,0.20
10100,4/15/2025 3:59:48 PM,0.10
10100,4/15/2025 3:59:49 PM,0.20
10100,4/15/2025 4:00:10 PM,0.20
10100,4/15/2025 4:00:11 PM,0.10
10100,4/15/2025 4:00:12 PM,0.20
10100,4/15/2025 4:00:28 PM,0.20
10100,4/15/2025 4:00:29 PM,0.10
10100,4/15/2025 4:00:30 PM,0.20
10100,4/15/2025 4:00:56 PM,0.20
10100,4/15/2025 4:00:57 PM,0.10
10100,4/15/2025 4:00:58 PM,0.20
10100,4/15/2025 4:01:01 PM,0.20
10100,4/15/2025 4:01:02 PM,0.10
10100,4/15/2025 4:01:03 PM,0.20
10100,4/15/2025 4:01:07 PM,0.20
10100,4/15/2025 4:01:08 PM,0.10
10100,4/15/2025 4:01:09 PM,0.20
10100,4/15/2025 4:01:12 PM,0.20
10100,4/15/2025 4:01:13 PM,0.10
10100,4/15/2025 4:01:14 PM,0.20
10100,4/15/2025 4:01:19 PM,0.20
10100,4/15/2025 4:01:20 PM,0.10
10100,4/15/2025 4:01:21 PM,0.20
10100,4/15/2025 4:01:34 PM,0.20
10100,4/15/2025 4:01:35 PM,0.10
10100,4/15/2025 4:01:36 PM,0.20
10100,4/15/2025 4:01:37 PM,0.10
10100,4/15/2025 4:01:38 PM,0.20
10100,4/15/2025 4:01:42 PM,0.20
10100,4/15/2025 4:01:43 PM,0.10
10100,4/15/2025 4:01:44 PM,0.20
10100,4/15/2025 4:01:49 PM,0.20
10100,4/15/2025 4:01:50 PM,0.10
10100,4/15/2025 4:01:51 PM,0.20
10100,4/15/2025 4:01:52 PM,0.10
10100,4/15/2025 4:01:53 PM,0.20
10100,4/15/2025 4:02:04 PM,0.20
10100,4/15/2025 4:02:05 PM,0.10
10100,4/15/2025 4:02:06 PM,0.20
10100,4/15/2025 4:02:07 PM,0.20
10100,4/15/2025 4:02:08 PM,0.10
10100,4/15/2025 4:02:09 PM,0.20
10100,4/15/2025 4:02:10 PM,0.10
10100,4/15/2025 4:02:11 PM,0.20
10100,4/15/2025 4:02:17 PM,0.20
10100,4/15/2025 4:02:18 PM,0.10
10100,4/15/2025 4:02:19 PM,0.10
10100,4/15/2025 4:02:20 PM,0.20
10100,4/15/2025 4:02:21 PM,0.20
10100,4/15/2025 4:02:22 PM,0.10
10100,4/15/2025 4:02:23 PM,0.20
10100,4/15/2025 4:02:44 PM,0.20
10100,4/15/2025 4:02:45 PM,0.10
10100,4/15/2025 4:02:46 PM,0.20
10100,4/15/2025 4:03:09 PM,0.20
10100,4/15/2025 4:03:10 PM,0.10
10100,4/15/2025 4:03:11 PM,0.20
10100,4/15/2025 4:03:20 PM,0.20
10100,4/15/2025 4:03:21 PM,0.10
10100,4/15/2025 4:03:22 PM,0.20
10100,4/15/2025 4:03:30 PM,0.20
10100,4/15/2025 4:03:31 PM,0.10
10100,4/15/2025 4:03:32 PM,0.10
10100,4/15/2025 4:03:33 PM,0.20
10100,4/15/2025 4:03:52 PM,0.20
10100,4/15/2025 4:03:53 PM,0.10
10100,4/15/2025 4:03:54 PM,0.20
10100,4/15/2025 4:04:04 PM,0.20
10100,4/15/2025 4:04:05 PM,0.10
10100,4/15/2025 4:04:06 PM,0.20
10100,4/15/2025 4:04:10 PM,0.20
10100,4/15/2025 4:04:11 PM,0.10
10100,4/15/2025 4:04:12 PM,0.20
10100,4/15/2025 4:04:20 PM,0.20
10100,4/15/2025 4:04:21 PM,0.10
10100,4/15/2025 4:04:22 PM,0.20
10100,4/15/2025 4:04:40 PM,0.20
10100,4/15/2025 4:04:41 PM,0.10
10100,4/15/2025 4:04:42 PM,0.10
10100,4/15/2025 4:04:43 PM,0.20
10100,4/15/2025 4:04:45 PM,0.20
10100,4/15/2025 4:04:46 PM,0.10
10100,4/15/2025 4:04:47 PM,0.20
10100,4/15/2025 4:04:54 PM,0.20
10100,4/15/2025 4:04:55 PM,0.10
10100,4/15/2025 4:04:56 PM,0.10
10100,4/15/2025 4:04:57 PM,0.20
10100,4/15/2025 4:05:01 PM,0.20
10100,4/15/2025 4:05:01 PM,0.10
10100,4/15/2025 4:05:02 PM,0.20
10100,4/15/2025 4:05:04 PM,0.20
10100,4/15/2025 4:05:05 PM,0.10
10100,4/15/2025 4:05:06 PM,0.10
10100,4/15/2025 4:05:07 PM,0.20
10100,4/15/2025 4:05:15 PM,0.20
10100,4/15/2025 4:05:16 PM,0.10
10100,4/15/2025 4:05:17 PM,0.10
10100,4/15/2025 4:05:18 PM,0.20
10100,4/15/2025 4:05:20 PM,0.20
10100,4/15/2025 4:05:21 PM,0.10
10100,4/15/2025 4:05:22 PM,0.20
10100,4/15/2025 4:05:26 PM,0.20
10100,4/15/2025 4:05:27 PM,0.10
10100,4/15/2025 4:05:28 PM,0.20
10100,4/15/2025 4:05:37 PM,0.20
10100,4/15/2025 4:05:38 PM,0.10
10100,4/15/2025 4:05:39 PM,0.20
10100,4/15/2025 4:05:44 PM,0.20
10100,4/15/2025 4:05:45 PM,0.10
10100,4/15/2025 4:05:46 PM,0.20
10100,4/15/2025 4:05:50 PM,0.20
10100,4/15/2025 4:05:51 PM,0.10
10100,4/15/2025 4:05:52 PM,0.20
10100,4/15/2025 4:05:53 PM,0.20
10100,4/15/2025 4:05:54 PM,0.10
10100,4/15/2025 4:05:55 PM,0.20
10100,4/15/2025 4:06:01 PM,0.20
10100,4/15/2025 4:06:02 PM,0.10
10100,4/15/2025 4:06:03 PM,0.20
10100,4/15/2025 4:06:08 PM,0.20
10100,4/15/2025 4:06:09 PM,0.10
10100,4/15/2025 4:06:10 PM,0.20
10100,4/15/2025 4:06:13 PM,0.20
10100,4/15/2025 4:06:14 PM,0.10
10100,4/15/2025 4:06:15 PM,0.20
10100,4/15/2025 4:06:24 PM,0.20
10100,4/15/2025 4:06:25 PM,0.10
10100,4/15/2025 4:06:26 PM,0.20
10100,4/15/2025 4:06:27 PM,0.10
10100,4/15/2025 4:06:28 PM,0.20
10100,4/15/2025 4:06:32 PM,0.20
10100,4/15/2025 4:06:32 PM,0.10
10100,4/15/2025 4:06:33 PM,0.20
10100,4/15/2025 4:06:42 PM,0.20
10100,4/15/2025 4:06:43 PM,0.10
10100,4/15/2025 4:06:44 PM,0.10
10100,4/15/2025 4:06:45 PM,0.20
10100,4/15/2025 4:06:50 PM,0.20
10100,4/15/2025 4:06:51 PM,0.10
10100,4/15/2025 4:06:52 PM,0.20
10100,4/15/2025 4:06:53 PM,0.10
10100,4/15/2025 4:06:54 PM,0.10
10100,4/15/2025 4:06:55 PM,0.20
10100,4/15/2025 4:07:01 PM,0.20
10100,4/15/2025 4:07:02 PM,0.10
10100,4/15/2025 4:07:03 PM,0.20
10100,4/15/2025 4:07:04 PM,0.10
10100,4/15/2025 4:07:05 PM,0.10
10100,4/15/2025 4:07:06 PM,0.20
10100,4/15/2025 4:07:07 PM,0.10
10100,4/15/2025 4:07:08 PM,0.20
10100,4/15/2025 4:07:09 PM,0.10
10100,4/15/2025 4:07:10 PM,0.10
10100,4/15/2025 4:07:11 PM,0.20
10100,4/15/2025 4:07:13 PM,0.20
10100,4/15/2025 4:07:14 PM,0.10
10100,4/15/2025 4:07:15 PM,0.20
10100,4/15/2025 4:07:24 PM,0.20
10100,4/15/2025 4:07:25 PM,0.10
10100,4/15/2025 4:07:26 PM,0.20
10100,4/15/2025 4:07:30 PM,0.20
10100,4/15/2025 4:07:31 PM,0.10
10100,4/15/2025 4:07:32 PM,0.10
10100,4/15/2025 4:07:33 PM,0.20
10100,4/15/2025 4:07:34 PM,0.20
10100,4/15/2025 4:07:35 PM,0.10
10100,4/15/2025 4:07:37 PM,0.10
10100,4/15/2025 4:07:38 PM,0.20
10100,4/15/2025 4:07:39 PM,0.10
10100,4/15/2025 4:07:40 PM,0.20
10100,4/15/2025 4:07:41 PM,0.10
10100,4/15/2025 4:07:42 PM,0.20
10100,4/15/2025 4:07:44 PM,0.20
10100,4/15/2025 4:07:45 PM,0.10
10100,4/15/2025 4:07:46 PM,0.20
10100,4/15/2025 4:07:49 PM,0.20
10100,4/15/2025 4:07:50 PM,0.10
10100,4/15/2025 4:07:55 PM,0.10
10100,4/15/2025 4:07:56 PM,0.20
10100,4/15/2025 4:07:57 PM,0.10
10100,4/15/2025 4:07:59 PM,0.10
10100,4/15/2025 4:08:01 PM,0.20
10100,4/15/2025 4:08:01 PM,0.20
10100,4/15/2025 4:08:02 PM,0.10
10100,4/15/2025 4:08:03 PM,0.20
10100,4/15/2025 4:08:04 PM,0.10
10100,4/15/2025 4:08:05 PM,0.10
10100,4/15/2025 4:08:06 PM,0.20
10100,4/15/2025 4:08:07 PM,0.10
10100,4/15/2025 4:08:11 PM,0.10
10100,4/15/2025 4:08:12 PM,0.20
10100,4/15/2025 4:08:13 PM,0.10
10100,4/15/2025 4:08:14 PM,0.20
10100,4/15/2025 4:08:15 PM,0.10
10100,4/15/2025 4:08:17 PM,0.10
10100,4/15/2025 4:08:18 PM,0.20
10100,4/15/2025 4:08:19 PM,0.20
10100,4/15/2025 4:08:20 PM,0.10
10100,4/15/2025 4:08:21 PM,0.20
10100,4/15/2025 4:08:22 PM,0.10
10100,4/15/2025 4:08:23 PM,0.10
10100,4/15/2025 4:08:24 PM,0.20
10100,4/15/2025 4:08:25 PM,0.10
10100,4/15/2025 4:08:26 PM,0.20
10100,4/15/2025 4:08:28 PM,0.20
10100,4/15/2025 4:08:29 PM,0.10
10100,4/15/2025 4:08:30 PM,0.10
10100,4/15/2025 4:08:31 PM,0.20
10100,4/15/2025 4:08:32 PM,0.10
10100,4/15/2025 4:08:33 PM,0.10
10100,4/15/2025 4:08:34 PM,0.20
10100,4/15/2025 4:08:35 PM,0.10
10100,4/15/2025 4:08:36 PM,0.20
10100,4/15/2025 4:08:37 PM,0.10
10100,4/15/2025 4:08:38 PM,0.20
10100,4/15/2025 4:08:39 PM,0.20
10100,4/15/2025 4:08:40 PM,0.10
10100,4/15/2025 4:08:41 PM,0.20
10100,4/15/2025 4:08:42 PM,0.10
10100,4/15/2025 4:08:43 PM,0.20
10100,4/15/2025 4:08:44 PM,0.10
10100,4/15/2025 4:08:45 PM,0.20
10100,4/15/2025 4:08:47 PM,0.20
10100,4/15/2025 4:08:48 PM,0.10
10100,4/15/2025 4:08:50 PM,0.10
10100,4/15/2025 4:08:51 PM,0.20
10100,4/15/2025 4:08:52 PM,0.20
10100,4/15/2025 4:08:53 PM,0.10
10100,4/15/2025 4:08:54 PM,0.20
10100,4/15/2025 4:08:55 PM,0.10
10100,4/15/2025 4:08:56 PM,0.10
10100,4/15/2025 4:08:57 PM,0.20
10100,4/15/2025 4:09:06 PM,0.20
10100,4/15/2025 4:09:07 PM,0.10
10100,4/15/2025 4:09:08 PM,0.20
10100,4/15/2025 4:09:09 PM,0.10
10100,4/15/2025 4:09:10 PM,0.10
10100,4/15/2025 4:09:11 PM,0.20
10100,4/15/2025 4:09:21 PM,0.20
10100,4/15/2025 4:09:22 PM,0.10
10100,4/15/2025 4:09:23 PM,0.10
10100,4/15/2025 4:09:24 PM,0.20
10100,4/15/2025 4:09:25 PM,0.10
10100,4/15/2025 4:09:26 PM,0.20
10100,4/15/2025 4:09:31 PM,0.20
10100,4/15/2025 4:09:32 PM,0.10
10100,4/15/2025 4:09:33 PM,0.20
10100,4/15/2025 4:09:34 PM,0.10
10100,4/15/2025 4:09:35 PM,0.20
10100,4/15/2025 4:09:51 PM,0.20
10100,4/15/2025 4:09:52 PM,0.10
10100,4/15/2025 4:09:53 PM,0.20
10100,4/15/2025 4:10:01 PM,0.20
10100,4/15/2025 4:10:01 PM,0.10
10100,4/15/2025 4:10:02 PM,0.20
10100,4/15/2025 4:10:07 PM,0.20
10100,4/15/2025 4:10:08 PM,0.10
10100,4/15/2025 4:10:09 PM,0.20
10100,4/15/2025 4:10:10 PM,0.20
10100,4/15/2025 4:10:11 PM,0.10
10100,4/15/2025 4:10:12 PM,0.20
10100,4/15/2025 4:10:13 PM,0.10
10100,4/15/2025 4:10:14 PM,0.20
10100,4/15/2025 4:10:15 PM,0.10
10100,4/15/2025 4:10:16 PM,0.20
10100,4/15/2025 4:10:19 PM,0.20
10100,4/15/2025 4:10:20 PM,0.10
10100,4/15/2025 4:10:22 PM,0.10
10100,4/15/2025 4:10:23 PM,0.20
10100,4/15/2025 4:10:28 PM,0.20
10100,4/15/2025 4:10:29 PM,0.10
10100,4/15/2025 4:10:30 PM,0.20
10100,4/15/2025 4:10:32 PM,0.20
10100,4/15/2025 4:10:33 PM,0.10
10100,4/15/2025 4:10:34 PM,0.20
10100,4/15/2025 4:10:37 PM,0.20
10100,4/15/2025 4:10:38 PM,0.10
10100,4/15/2025 4:10:39 PM,0.10
10100,4/15/2025 4:10:40 PM,0.20
10100,4/15/2025 4:10:41 PM,0.10
10100,4/15/2025 4:10:42 PM,0.20
10100,4/15/2025 4:10:43 PM,0.20
10100,4/15/2025 4:10:44 PM,0.10
10100,4/15/2025 4:10:45 PM,0.20
10100,4/15/2025 4:10:46 PM,0.20
10100,4/15/2025 4:10:47 PM,0.10
10100,4/15/2025 4:10:48 PM,0.20
10100,4/15/2025 4:10:49 PM,0.10
10100,4/15/2025 4:10:50 PM,0.20
10100,4/15/2025 4:10:51 PM,0.10
10100,4/15/2025 4:10:52 PM,0.20
10100,4/15/2025 4:10:58 PM,0.20
10100,4/15/2025 4:10:59 PM,0.10
10100,4/15/2025 4:11:01 PM,0.20
10100,4/15/2025 4:11:01 PM,0.10
10100,4/15/2025 4:11:02 PM,0.20
10100,4/15/2025 4:11:03 PM,0.10
10100,4/15/2025 4:11:04 PM,0.20
10100,4/15/2025 4:11:05 PM,0.20
10100,4/15/2025 4:11:06 PM,0.10
10100,4/15/2025 4:11:07 PM,0.20
10100,4/15/2025 4:11:08 PM,0.10
10100,4/15/2025 4:11:09 PM,0.20
10100,4/15/2025 4:11:11 PM,0.20
10100,4/15/2025 4:11:12 PM,0.10
10100,4/15/2025 4:11:13 PM,0.20
10100,4/15/2025 4:11:17 PM,0.20
10100,4/15/2025 4:11:18 PM,0.10
10100,4/15/2025 4:11:19 PM,0.20
10100,4/15/2025 4:11:20 PM,0.20
10100,4/15/2025 4:11:21 PM,0.10
10100,4/15/2025 4:11:22 PM,0.20
10100,4/15/2025 4:11:23 PM,0.10
10100,4/15/2025 4:11:24 PM,0.10
10100,4/15/2025 4:11:25 PM,0.20
10100,4/15/2025 4:11:27 PM,0.20
10100,4/15/2025 4:11:28 PM,0.10
10100,4/15/2025 4:11:29 PM,0.20
10100,4/15/2025 4:11:32 PM,0.20
10100,4/15/2025 4:11:33 PM,0.10
10100,4/15/2025 4:11:34 PM,0.20
10100,4/15/2025 4:11:35 PM,0.10
10100,4/15/2025 4:11:37 PM,0.10
10100,4/15/2025 4:11:38 PM,0.20
10100,4/15/2025 4:11:42 PM,0.20
10100,4/15/2025 4:11:43 PM,0.10
10100,4/15/2025 4:11:44 PM,0.20
10100,4/15/2025 4:11:45 PM,0.20
10100,4/15/2025 4:11:46 PM,0.10
10100,4/15/2025 4:11:47 PM,0.20
10100,4/15/2025 4:11:51 PM,0.20
10100,4/15/2025 4:11:52 PM,0.10
10100,4/15/2025 4:11:53 PM,0.10
10100,4/15/2025 4:11:54 PM,0.20
10100,4/15/2025 4:11:56 PM,0.20
10100,4/15/2025 4:11:57 PM,0.10
10100,4/15/2025 4:11:58 PM,0.20
10100,4/15/2025 4:11:59 PM,0.10
10100,4/15/2025 4:12:01 PM,0.20
10100,4/15/2025 4:12:01 PM,0.10
10100,4/15/2025 4:12:02 PM,0.20
10100,4/15/2025 4:12:04 PM,0.20
10100,4/15/2025 4:12:05 PM,0.10
10100,4/15/2025 4:12:06 PM,0.20
10100,4/15/2025 4:12:07 PM,0.20
10100,4/15/2025 4:12:08 PM,0.10
10100,4/15/2025 4:12:09 PM,0.20
10100,4/15/2025 4:12:10 PM,0.20
10100,4/15/2025 4:12:11 PM,0.10
10100,4/15/2025 4:12:12 PM,0.20
10100,4/15/2025 4:12:13 PM,0.20
10100,4/15/2025 4:12:14 PM,0.10
10100,4/15/2025 4:12:16 PM,0.10
10100,4/15/2025 4:12:17 PM,0.20
10100,4/15/2025 4:12:19 PM,0.20
10100,4/15/2025 4:12:20 PM,0.10
10100,4/15/2025 4:12:21 PM,0.20
10100,4/15/2025 4:12:23 PM,0.20
10100,4/15/2025 4:12:24 PM,0.10
10100,4/15/2025 4:12:25 PM,0.20
10100,4/15/2025 4:12:29 PM,0.20
10100,4/15/2025 4:12:30 PM,0.10
10100,4/15/2025 4:12:31 PM,0.20
10100,4/15/2025 4:12:32 PM,0.10
10100,4/15/2025 4:12:33 PM,0.20
10100,4/15/2025 4:12:37 PM,0.20
10100,4/15/2025 4:12:38 PM,0.10
10100,4/15/2025 4:12:42 PM,0.10
10100,4/15/2025 4:12:43 PM,0.20
10100,4/15/2025 4:12:44 PM,0.10
10100,4/15/2025 4:12:45 PM,0.10
10100,4/15/2025 4:12:46 PM,0.20
10100,4/15/2025 4:12:47 PM,0.20
10100,4/15/2025 4:12:48 PM,0.10
10100,4/15/2025 4:12:49 PM,0.20
10100,4/15/2025 4:12:50 PM,0.10
10100,4/15/2025 4:12:51 PM,0.20
10100,4/15/2025 4:12:52 PM,0.20
10100,4/15/2025 4:12:53 PM,0.10
10100,4/15/2025 4:12:55 PM,0.10
10100,4/15/2025 4:12:56 PM,0.20
10100,4/15/2025 4:12:58 PM,0.20
10100,4/15/2025 4:12:59 PM,0.10
10100,4/15/2025 4:13:01 PM,0.10
10100,4/15/2025 4:13:01 PM,0.20
10100,4/15/2025 4:13:02 PM,0.10
10100,4/15/2025 4:13:03 PM,0.20
10100,4/15/2025 4:13:07 PM,0.20
10100,4/15/2025 4:13:08 PM,0.10
10100,4/15/2025 4:13:09 PM,0.20
10100,4/15/2025 4:13:10 PM,0.10
10100,4/15/2025 4:13:11 PM,0.20
10100,4/15/2025 4:13:12 PM,0.10
10100,4/15/2025 4:13:13 PM,0.10
10100,4/15/2025 4:13:14 PM,0.20
10100,4/15/2025 4:13:15 PM,0.20
10100,4/15/2025 4:13:16 PM,0.10
10100,4/15/2025 4:13:17 PM,0.10
10100,4/15/2025 4:13:18 PM,0.20
10100,4/15/2025 4:13:25 PM,0.20
10100,4/15/2025 4:13:26 PM,0.10
10100,4/15/2025 4:13:27 PM,0.10
10100,4/15/2025 4:13:28 PM,0.20
10100,4/15/2025 4:13:29 PM,0.10
10100,4/15/2025 4:13:30 PM,0.10
10100,4/15/2025 4:13:31 PM,0.20
10100,4/15/2025 4:13:32 PM,0.10
10100,4/15/2025 4:13:33 PM,0.20
10100,4/15/2025 4:13:34 PM,0.10
10100,4/15/2025 4:13:35 PM,0.20
10100,4/15/2025 4:13:36 PM,0.20
10100,4/15/2025 4:13:37 PM,0.10
10100,4/15/2025 4:13:38 PM,0.20
10100,4/15/2025 4:13:39 PM,0.10
10100,4/15/2025 4:13:40 PM,0.20
10100,4/15/2025 4:13:41 PM,0.10
10100,4/15/2025 4:13:42 PM,0.20
10100,4/15/2025 4:13:43 PM,0.20
10100,4/15/2025 4:13:44 PM,0.10
10100,4/15/2025 4:13:45 PM,0.20
10100,4/15/2025 4:13:46 PM,0.10
10100,4/15/2025 4:13:48 PM,0.10
10100,4/15/2025 4:13:49 PM,0.20
10100,4/15/2025 4:13:50 PM,0.10
10100,4/15/2025 4:13:51 PM,0.20
10100,4/15/2025 4:13:52 PM,0.20
10100,4/15/2025 4:13:53 PM,0.10
10100,4/15/2025 4:13:54 PM,0.20
10100,4/15/2025 4:13:55 PM,0.20
10100,4/15/2025 4:13:56 PM,0.10
10100,4/15/2025 4:13:57 PM,0.20
10100,4/15/2025 4:13:59 PM,0.20
10100,4/15/2025 4:14:02 PM,0.10
10100,4/15/2025 4:14:03 PM,0.20
10100,4/15/2025 4:14:03 PM,0.10
10100,4/15/2025 4:14:04 PM,0.10
10100,4/15/2025 4:14:06 PM,0.10
10100,4/15/2025 4:14:07 PM,0.20
10100,4/15/2025 4:14:09 PM,0.20
10100,4/15/2025 4:14:10 PM,0.10
10100,4/15/2025 4:14:11 PM,0.20
10100,4/15/2025 4:14:12 PM,0.10
10100,4/15/2025 4:14:13 PM,0.20
10100,4/15/2025 4:14:19 PM,0.20
10100,4/15/2025 4:14:20 PM,0.10
10100,4/15/2025 4:14:21 PM,0.20
10100,4/15/2025 4:14:22 PM,0.20
10100,4/15/2025 4:14:23 PM,0.10
10100,4/15/2025 4:14:24 PM,0.20
10100,4/15/2025 4:14:25 PM,0.10
10100,4/15/2025 4:14:26 PM,0.20
10100,4/15/2025 4:14:28 PM,0.20
10100,4/15/2025 4:14:29 PM,0.10
10100,4/15/2025 4:14:30 PM,0.20
10100,4/15/2025 4:14:33 PM,0.20
10100,4/15/2025 4:14:34 PM,0.10
10100,4/15/2025 4:14:35 PM,0.20
10100,4/15/2025 4:14:41 PM,0.20
10100,4/15/2025 4:14:42 PM,0.10
10100,4/15/2025 4:14:43 PM,0.20
10100,4/15/2025 4:14:44 PM,0.10
10100,4/15/2025 4:14:45 PM,0.20
10100,4/15/2025 4:15:08 PM,0.20
10100,4/15/2025 4:15:09 PM,0.10
10100,4/15/2025 4:15:10 PM,0.20
10100,4/15/2025 4:15:11 PM,0.20
10100,4/15/2025 4:15:12 PM,0.10
10100,4/15/2025 4:15:13 PM,0.20
10100,4/15/2025 4:15:19 PM,0.20
10100,4/15/2025 4:15:20 PM,0.10
10100,4/15/2025 4:15:21 PM,0.20
10100,4/15/2025 4:15:23 PM,0.20
10100,4/15/2025 4:15:24 PM,0.10
10100,4/15/2025 4:15:25 PM,0.20
10100,4/15/2025 4:15:26 PM,0.20
10100,4/15/2025 4:15:27 PM,0.10
10100,4/15/2025 4:15:28 PM,0.20
10100,4/15/2025 4:15:29 PM,0.20
10100,4/15/2025 4:15:30 PM,0.10
10100,4/15/2025 4:15:31 PM,0.20
10100,4/15/2025 4:15:40 PM,0.20
10100,4/15/2025 4:15:41 PM,0.10
10100,4/15/2025 4:15:42 PM,0.20
10100,4/15/2025 4:15:44 PM,0.20
10100,4/15/2025 4:15:45 PM,0.10
10100,4/15/2025 4:15:46 PM,0.20
10100,4/15/2025 4:26:04 PM,0.20
10100,4/15/2025 4:26:05 PM,0.10
10100,4/15/2025 4:26:06 PM,0.20
10100,4/15/2025 4:26:57 PM,0.20
10100,4/15/2025 4:26:58 PM,0.10
10100,4/15/2025 4:26:59 PM,0.20
10100,4/15/2025 4:27:19 PM,0.20
10100,4/15/2025 4:27:20 PM,0.10
10100,4/15/2025 4:27:21 PM,0.20
10100,4/15/2025 4:27:29 PM,0.20
10100,4/15/2025 4:27:30 PM,0.10
10100,4/15/2025 4:27:31 PM,0.20
10100,4/15/2025 4:27:41 PM,0.20
10100,4/15/2025 4:27:42 PM,0.10
10100,4/15/2025 4:27:43 PM,0.20
10100,4/15/2025 4:27:47 PM,0.20
10100,4/15/2025 4:27:48 PM,0.10
10100,4/15/2025 4:27:49 PM,0.20
10100,4/15/2025 4:27:55 PM,0.20
10100,4/15/2025 4:27:56 PM,0.10
10100,4/15/2025 4:27:57 PM,0.20
10100,4/15/2025 4:27:58 PM,0.20
10100,4/15/2025 4:27:59 PM,0.10
10100,4/15/2025 4:28:01 PM,0.10
10100,4/15/2025 4:28:01 PM,0.20
10100,4/15/2025 4:28:09 PM,0.20
10100,4/15/2025 4:28:10 PM,0.10
10100,4/15/2025 4:28:11 PM,0.20
10100,4/15/2025 4:28:12 PM,0.10
10100,4/15/2025 4:28:13 PM,0.20
10100,4/15/2025 4:28:14 PM,0.10
10100,4/15/2025 4:28:16 PM,0.10
10100,4/15/2025 4:28:17 PM,0.20
10100,4/15/2025 4:28:18 PM,0.20
10100,4/15/2025 4:28:19 PM,0.10
10100,4/15/2025 4:28:20 PM,0.20
10100,4/15/2025 4:28:21 PM,0.10
10100,4/15/2025 4:28:22 PM,0.20
10100,4/15/2025 4:28:23 PM,0.10
10100,4/15/2025 4:28:24 PM,0.10
10100,4/15/2025 4:28:25 PM,0.20
10100,4/15/2025 4:28:27 PM,0.20
10100,4/15/2025 4:28:28 PM,0.10
10100,4/15/2025 4:28:29 PM,0.20
10100,4/15/2025 4:28:30 PM,0.10
10100,4/15/2025 4:28:31 PM,0.20
10100,4/15/2025 4:28:32 PM,0.10
10100,4/15/2025 4:28:33 PM,0.20
10100,4/15/2025 4:28:36 PM,0.20
10100,4/15/2025 4:28:37 PM,0.10
10100,4/15/2025 4:28:38 PM,0.20
10100,4/15/2025 4:28:41 PM,0.20
10100,4/15/2025 4:28:42 PM,0.10
10100,4/15/2025 4:28:43 PM,0.20
10100,4/15/2025 4:28:46 PM,0.20
10100,4/15/2025 4:28:47 PM,0.10
10100,4/15/2025 4:28:48 PM,0.10
10100,4/15/2025 4:28:49 PM,0.20
10100,4/15/2025 4:28:53 PM,0.20
10100,4/15/2025 4:28:54 PM,0.10
10100,4/15/2025 4:28:55 PM,0.20
10100,4/15/2025 4:29:10 PM,0.20
10100,4/15/2025 4:29:11 PM,0.10
10100,4/15/2025 4:29:16 PM,0.10
10100,4/15/2025 4:29:17 PM,0.20
10100,4/15/2025 4:29:18 PM,0.20
10100,4/15/2025 4:29:19 PM,0.10
10100,4/15/2025 4:29:20 PM,0.20
10100,4/15/2025 4:29:21 PM,0.20
10100,4/15/2025 4:29:22 PM,0.10
10100,4/15/2025 4:29:23 PM,0.20
10100,4/15/2025 4:29:24 PM,0.20
10100,4/15/2025 4:29:25 PM,0.10
10100,4/15/2025 4:29:26 PM,0.10
10100,4/15/2025 4:29:27 PM,0.20
10100,4/15/2025 4:29:28 PM,0.10
10100,4/15/2025 4:29:31 PM,0.10
10100,4/15/2025 4:29:32 PM,0.20
10100,4/15/2025 4:29:33 PM,0.10
10100,4/15/2025 4:29:34 PM,0.20
10100,4/15/2025 4:29:35 PM,0.10
10100,4/15/2025 4:29:36 PM,0.20
10100,4/15/2025 4:29:37 PM,0.20
10100,4/15/2025 4:29:38 PM,0.10
10100,4/15/2025 4:29:39 PM,0.20
10100,4/15/2025 4:29:42 PM,0.20
10100,4/15/2025 4:29:43 PM,0.10
10100,4/15/2025 4:29:44 PM,0.20
10100,4/15/2025 4:29:45 PM,0.20
10100,4/15/2025 4:29:46 PM,0.10
10100,4/15/2025 4:29:50 PM,0.10
10100,4/15/2025 4:29:51 PM,0.20
10100,4/15/2025 4:29:52 PM,0.20
10100,4/15/2025 4:29:53 PM,0.10
10100,4/15/2025 4:29:54 PM,0.20
10100,4/15/2025 4:29:55 PM,0.10
10100,4/15/2025 4:29:58 PM,0.10
10100,4/15/2025 4:29:59 PM,0.20
10100,4/15/2025 4:30:02 PM,0.20
10100,4/15/2025 4:30:03 PM,0.10
10100,4/15/2025 4:30:06 PM,0.10
10100,4/15/2025 4:30:07 PM,0.20
10100,4/15/2025 4:30:09 PM,0.20
10100,4/15/2025 4:30:10 PM,0.10
10100,4/15/2025 4:30:11 PM,0.10
10100,4/15/2025 4:30:12 PM,0.20
10100,4/15/2025 4:30:16 PM,0.20
10100,4/15/2025 4:30:17 PM,0.10
10100,4/15/2025 4:30:18 PM,0.20
10100,4/15/2025 4:30:19 PM,0.10
10100,4/15/2025 4:30:20 PM,0.20
10100,4/15/2025 4:30:21 PM,0.10
10100,4/15/2025 4:30:22 PM,0.20
10100,4/15/2025 4:30:23 PM,0.20
10100,4/15/2025 4:30:24 PM,0.10
10100,4/15/2025 4:30:26 PM,0.10
10100,4/15/2025 4:30:27 PM,0.20
10100,4/15/2025 4:30:39 PM,0.20
10100,4/15/2025 4:30:40 PM,0.10
10100,4/15/2025 4:30:41 PM,0.20
10100,4/15/2025 4:30:42 PM,0.20
10100,4/15/2025 4:30:43 PM,0.10
10100,4/15/2025 4:30:44 PM,0.20
10100,4/15/2025 4:30:53 PM,0.20
10100,4/15/2025 4:30:54 PM,0.10
10100,4/15/2025 4:30:55 PM,0.20
10100,4/15/2025 4:30:57 PM,0.20
10100,4/15/2025 4:30:58 PM,0.10
10100,4/15/2025 4:30:59 PM,0.20
10100,4/15/2025 4:31:01 PM,0.10
10100,4/15/2025 4:31:01 PM,0.10
10100,4/15/2025 4:31:02 PM,0.20
10100,4/15/2025 4:31:10 PM,0.20
10100,4/15/2025 4:31:11 PM,0.10
10100,4/15/2025 4:31:12 PM,0.20
10100,4/15/2025 4:31:20 PM,0.20
10100,4/15/2025 4:31:21 PM,0.10
10100,4/15/2025 4:31:22 PM,0.10
10100,4/15/2025 4:31:23 PM,0.20
10100,4/15/2025 4:31:27 PM,0.20
10100,4/15/2025 4:31:28 PM,0.10
10100,4/15/2025 4:31:29 PM,0.20
10100,4/15/2025 4:31:42 PM,0.20
10100,4/15/2025 4:31:43 PM,0.10
10100,4/15/2025 4:31:44 PM,0.20
10100,4/15/2025 4:33:28 PM,0.20
10100,4/15/2025 4:33:29 PM,0.10
10100,4/15/2025 4:33:30 PM,0.20
10100,4/15/2025 4:33:33 PM,0.20
10100,4/15/2025 4:33:34 PM,0.10
10100,4/15/2025 4:33:35 PM,0.20
10100,4/15/2025 4:33:36 PM,0.10
10100,4/15/2025 4:33:37 PM,0.20
10100,4/15/2025 4:33:41 PM,0.20
10100,4/15/2025 4:33:42 PM,0.10
10100,4/15/2025 4:33:43 PM,0.20
10100,4/15/2025 4:33:47 PM,0.20
10100,4/15/2025 4:33:48 PM,0.10
10100,4/15/2025 4:33:49 PM,0.20
10100,4/15/2025 4:34:06 PM,0.20
10100,4/15/2025 4:34:07 PM,0.10
10100,4/15/2025 4:34:08 PM,0.20
10100,4/15/2025 4:34:19 PM,0.20
10100,4/15/2025 4:34:20 PM,0.10
10100,4/15/2025 4:34:21 PM,0.20
10100,4/15/2025 4:35:57 PM,0.20
10100,4/15/2025 4:35:58 PM,0.10
10100,4/15/2025 4:35:59 PM,0.20
10100,4/15/2025 4:36:01 PM,0.10
10100,4/15/2025 4:36:01 PM,0.10
10100,4/15/2025 4:36:02 PM,0.20
10100,4/15/2025 4:36:04 PM,0.20
10100,4/15/2025 4:36:05 PM,0.10
10100,4/15/2025 4:36:06 PM,0.20
10100,4/15/2025 4:36:10 PM,0.20
10100,4/15/2025 4:36:11 PM,0.10
10100,4/15/2025 4:36:12 PM,0.20
10100,4/15/2025 4:36:20 PM,0.20
10100,4/15/2025 4:36:21 PM,0.10
10100,4/15/2025 4:36:22 PM,0.20
10100,4/15/2025 4:36:23 PM,0.20
10100,4/15/2025 4:36:24 PM,0.10
10100,4/15/2025 4:36:25 PM,0.10
10100,4/15/2025 4:36:26 PM,0.20
10100,4/15/2025 4:36:36 PM,0.20
10100,4/15/2025 4:36:37 PM,0.10
10100,4/15/2025 4:36:38 PM,0.20
10100,4/15/2025 4:36:39 PM,0.20
10100,4/15/2025 4:36:40 PM,0.10
10100,4/15/2025 4:36:41 PM,0.20
10100,4/15/2025 4:36:49 PM,0.20
10100,4/15/2025 4:36:50 PM,0.10
10100,4/15/2025 4:36:51 PM,0.20
10100,4/15/2025 4:36:53 PM,0.20
10100,4/15/2025 4:36:54 PM,0.10
10100,4/15/2025 4:36:55 PM,0.20
10100,4/15/2025 4:36:56 PM,0.20
10100,4/15/2025 4:36:57 PM,0.10
10100,4/15/2025 4:36:58 PM,0.20
10100,4/15/2025 4:36:59 PM,0.20
10100,4/15/2025 4:37:01 PM,0.10
10100,4/15/2025 4:37:02 PM,0.10
10100,4/15/2025 4:37:03 PM,0.20
10100,4/15/2025 4:37:04 PM,0.10
10100,4/15/2025 4:37:05 PM,0.20
10100,4/15/2025 4:37:06 PM,0.20
10100,4/15/2025 4:37:07 PM,0.10
10100,4/15/2025 4:37:08 PM,0.20
10100,4/15/2025 4:37:09 PM,0.20
10100,4/15/2025 4:37:10 PM,0.10
10100,4/15/2025 4:37:11 PM,0.20
10100,4/15/2025 4:37:22 PM,0.20
10100,4/15/2025 4:37:23 PM,0.10
10100,4/15/2025 4:37:24 PM,0.20
10100,4/15/2025 4:37:25 PM,0.20
10100,4/15/2025 4:37:26 PM,0.10
10100,4/15/2025 4:37:27 PM,0.20
10100,4/15/2025 4:37:31 PM,0.20
10100,4/15/2025 4:37:32 PM,0.10
10100,4/15/2025 4:37:33 PM,0.20
10100,4/15/2025 4:37:36 PM,0.20
10100,4/15/2025 4:37:37 PM,0.10
10100,4/15/2025 4:37:38 PM,0.10
10100,4/15/2025 4:37:39 PM,0.20
10100,4/15/2025 4:37:40 PM,0.10
10100,4/15/2025 4:37:41 PM,0.20
10100,4/15/2025 4:37:42 PM,0.10
10100,4/15/2025 4:37:43 PM,0.20
10100,4/15/2025 4:37:44 PM,0.10
10100,4/15/2025 4:37:45 PM,0.20
10100,4/15/2025 4:37:48 PM,0.20
10100,4/15/2025 4:37:49 PM,0.10
10100,4/15/2025 4:37:50 PM,0.20
10100,4/15/2025 4:37:55 PM,0.20
10100,4/15/2025 4:37:56 PM,0.10
10100,4/15/2025 4:37:57 PM,0.20
10100,4/15/2025 4:37:58 PM,0.10
10100,4/15/2025 4:38:02 PM,0.10
10100,4/15/2025 4:38:03 PM,0.20
10100,4/15/2025 4:38:04 PM,0.20
10100,4/15/2025 4:38:05 PM,0.10
10100,4/15/2025 4:38:06 PM,0.20
10100,4/15/2025 4:38:10 PM,0.20
10100,4/15/2025 4:38:11 PM,0.10
10100,4/15/2025 4:38:12 PM,0.20
10100,4/15/2025 4:38:14 PM,0.20
10100,4/15/2025 4:38:15 PM,0.10
10100,4/15/2025 4:38:16 PM,0.20
10100,4/15/2025 4:38:17 PM,0.10
10100,4/15/2025 4:38:18 PM,0.10
10100,4/15/2025 4:38:19 PM,0.20
10100,4/15/2025 4:38:20 PM,0.20
10100,4/15/2025 4:38:21 PM,0.10
10100,4/15/2025 4:38:22 PM,0.10
10100,4/15/2025 4:38:23 PM,0.20
10100,4/15/2025 4:38:24 PM,0.10
10100,4/15/2025 4:38:25 PM,0.10
10100,4/15/2025 4:38:26 PM,0.20
10100,4/15/2025 4:38:28 PM,0.20
10100,4/15/2025 4:38:29 PM,0.10
10100,4/15/2025 4:38:30 PM,0.10
10100,4/15/2025 4:38:31 PM,0.20
10100,4/15/2025 4:38:33 PM,0.20
10100,4/15/2025 4:38:34 PM,0.10
10100,4/15/2025 4:38:37 PM,0.10
10100,4/15/2025 4:38:38 PM,0.20
10100,4/15/2025 4:38:39 PM,0.10
10100,4/15/2025 4:38:40 PM,0.20
10100,4/15/2025 4:38:46 PM,0.20
10100,4/15/2025 4:38:47 PM,0.10
10100,4/15/2025 4:38:48 PM,0.10
10100,4/15/2025 4:38:49 PM,0.20
10100,4/15/2025 4:38:53 PM,0.20
10100,4/15/2025 4:38:54 PM,0.10
10100,4/15/2025 4:38:55 PM,0.20
10100,4/15/2025 4:38:59 PM,0.20
10100,4/15/2025 4:39:02 PM,0.10
10100,4/15/2025 4:39:02 PM,0.10
10100,4/15/2025 4:39:03 PM,0.20
10100,4/15/2025 4:39:05 PM,0.20
10100,4/15/2025 4:39:06 PM,0.10
10100,4/15/2025 4:39:08 PM,0.10
10100,4/15/2025 4:39:09 PM,0.20
10100,4/15/2025 4:39:10 PM,0.20
10100,4/15/2025 4:39:11 PM,0.10
10100,4/15/2025 4:39:12 PM,0.20
10100,4/15/2025 4:39:14 PM,0.20
10100,4/15/2025 4:39:15 PM,0.10
10100,4/15/2025 4:39:16 PM,0.10
10100,4/15/2025 4:39:17 PM,0.20
10100,4/15/2025 4:39:18 PM,0.10
10100,4/15/2025 4:39:19 PM,0.20
10100,4/15/2025 4:39:20 PM,0.20
10100,4/15/2025 4:39:21 PM,0.10
10100,4/15/2025 4:39:22 PM,0.10
10100,4/15/2025 4:39:23 PM,0.20
10100,4/15/2025 4:39:26 PM,0.20
10100,4/15/2025 4:39:27 PM,0.10
10100,4/15/2025 4:39:28 PM,0.20
10100,4/15/2025 4:39:29 PM,0.10
10100,4/15/2025 4:39:30 PM,0.20
10100,4/15/2025 4:39:35 PM,0.20
10100,4/15/2025 4:39:36 PM,0.10
10100,4/15/2025 4:39:37 PM,0.20
10100,4/15/2025 4:40:05 PM,0.20
10100,4/15/2025 4:40:06 PM,0.10
10100,4/15/2025 4:40:07 PM,0.20
10100,4/15/2025 4:40:45 PM,0.20
10100,4/15/2025 4:40:46 PM,0.10
10100,4/15/2025 4:40:47 PM,0.20
10100,4/15/2025 4:41:32 PM,0.20
10100,4/15/2025 4:41:33 PM,0.10
10100,4/15/2025 4:41:34 PM,0.20
10100,4/15/2025 4:41:36 PM,0.20
10100,4/15/2025 4:41:37 PM,0.10
10100,4/15/2025 4:41:38 PM,0.20
10100,4/15/2025 4:41:40 PM,0.20
10100,4/15/2025 4:41:41 PM,0.10
10100,4/15/2025 4:41:43 PM,0.10
10100,4/15/2025 4:41:44 PM,0.20
10100,4/15/2025 4:41:52 PM,0.20
10100,4/15/2025 4:41:53 PM,0.10
10100,4/15/2025 4:41:54 PM,0.10
10100,4/15/2025 4:41:55 PM,0.20
10100,4/15/2025 4:41:58 PM,0.20
10100,4/15/2025 4:41:59 PM,0.10
10100,4/15/2025 4:42:01 PM,0.20
10100,4/15/2025 4:42:07 PM,0.20
10100,4/15/2025 4:42:08 PM,0.10
10100,4/15/2025 4:42:09 PM,0.20
10100,4/15/2025 4:42:20 PM,0.20
10100,4/15/2025 4:42:21 PM,0.10
10100,4/15/2025 4:42:22 PM,0.20
10100,4/15/2025 4:42:33 PM,0.20
10100,4/15/2025 4:42:34 PM,0.10
10100,4/15/2025 4:42:35 PM,0.20
10100,4/15/2025 5:18:25 PM,0.20
10100,4/15/2025 5:18:26 PM,0.10
10100,4/15/2025 5:18:27 PM,0.20
10100,4/15/2025 5:18:47 PM,0.20
10100,4/15/2025 5:18:48 PM,0.10
10100,4/15/2025 5:18:49 PM,0.10
10100,4/15/2025 5:18:50 PM,0.20
10100,4/15/2025 5:18:51 PM,0.20
10100,4/15/2025 5:18:52 PM,0.10
10100,4/15/2025 5:18:54 PM,0.10
10100,4/15/2025 5:18:55 PM,0.20
10100,4/15/2025 5:18:56 PM,0.20
10100,4/15/2025 5:18:57 PM,0.10
10100,4/15/2025 5:18:58 PM,0.20
10100,4/15/2025 5:19:04 PM,0.20
10100,4/15/2025 5:19:05 PM,0.10
10100,4/15/2025 5:19:06 PM,0.20
10100,4/15/2025 5:19:08 PM,0.20
10100,4/15/2025 5:19:09 PM,0.10
10100,4/15/2025 5:19:10 PM,0.20
10100,4/15/2025 5:19:11 PM,0.20
10100,4/15/2025 5:19:12 PM,0.10
10100,4/15/2025 5:19:15 PM,0.10
10100,4/15/2025 5:19:16 PM,0.20
10100,4/15/2025 5:19:17 PM,0.10
10100,4/15/2025 5:19:18 PM,0.10
10100,4/15/2025 5:19:19 PM,0.20
10100,4/15/2025 5:19:20 PM,0.10
10100,4/15/2025 5:19:21 PM,0.10
10100,4/15/2025 5:19:22 PM,0.20
10100,4/15/2025 5:19:23 PM,0.10
10100,4/15/2025 5:19:24 PM,0.20
10100,4/15/2025 5:19:25 PM,0.10
10100,4/15/2025 5:19:26 PM,0.20
10100,4/15/2025 5:19:27 PM,0.10
10100,4/15/2025 5:19:35 PM,0.10
10100,4/15/2025 5:19:36 PM,0.20
10100,4/15/2025 5:19:37 PM,0.10
10100,4/15/2025 5:19:45 PM,0.10
10100,4/15/2025 5:19:46 PM,0.20
10100,4/15/2025 5:19:47 PM,0.10
10100,4/15/2025 5:33:24 PM,0.10
10100,4/15/2025 5:33:25 PM,0.20
10100,4/15/2025 5:33:26 PM,0.10
10100,4/15/2025 5:33:28 PM,0.10
10100,4/15/2025 5:33:29 PM,0.20
10100,4/15/2025 5:33:30 PM,0.10
10100,4/15/2025 5:33:38 PM,0.10
10100,4/15/2025 5:33:39 PM,0.20
10100,4/15/2025 5:33:40 PM,0.10
10100,4/15/2025 5:33:54 PM,0.10
10100,4/15/2025 5:33:55 PM,0.20
10100,4/15/2025 5:33:56 PM,0.10
10100,4/15/2025 5:33:57 PM,0.20
10100,4/15/2025 5:33:58 PM,0.10
10100,4/15/2025 5:34:03 PM,0.10
10100,4/15/2025 5:34:04 PM,0.20
10100,4/15/2025 5:34:05 PM,0.10
10100,4/15/2025 5:34:10 PM,0.10
10100,4/15/2025 5:34:11 PM,0.20
10100,4/15/2025 5:34:12 PM,0.10
10100,4/15/2025 5:51:27 PM,0.10
10100,4/15/2025 5:51:28 PM,0.20
10100,4/15/2025 5:51:29 PM,0.10
10100,4/15/2025 5:51:30 PM,0.10
10100,4/15/2025 5:51:31 PM,0.20
10100,4/15/2025 5:51:32 PM,0.10
10100,4/15/2025 5:51:45 PM,0.10
10100,4/15/2025 5:51:46 PM,0.20
10100,4/15/2025 5:51:47 PM,0.10
10100,4/15/2025 5:54:02 PM,0.10
10100,4/15/2025 5:54:02 PM,0.20
10100,4/15/2025 5:54:03 PM,0.10
10100,4/15/2025 5:54:04 PM,0.10
10100,4/15/2025 5:54:05 PM,0.20
10100,4/15/2025 5:54:06 PM,0.10
10100,4/15/2025 5:54:07 PM,0.10
10100,4/15/2025 5:54:08 PM,0.20
10100,4/15/2025 5:54:10 PM,0.20
10100,4/15/2025 5:54:11 PM,0.10
10100,4/15/2025 5:54:12 PM,0.20
10100,4/15/2025 5:54:13 PM,0.20
10100,4/15/2025 5:54:14 PM,0.10
10100,4/15/2025 5:54:15 PM,0.20
10100,4/15/2025 5:54:16 PM,0.20
10100,4/15/2025 5:54:17 PM,0.10
10100,4/15/2025 5:54:20 PM,0.10
10100,4/15/2025 5:54:21 PM,0.20
10100,4/15/2025 5:54:22 PM,0.20
10100,4/15/2025 5:54:23 PM,0.10
10100,4/15/2025 5:54:25 PM,0.10
10100,4/15/2025 5:54:26 PM,0.20
10100,4/15/2025 5:54:27 PM,0.10
10100,4/15/2025 5:54:33 PM,0.10
10100,4/15/2025 5:54:34 PM,0.20
10100,4/15/2025 5:54:35 PM,0.10
10100,4/15/2025 5:54:36 PM,0.20
10100,4/15/2025 5:54:37 PM,0.10
10100,4/15/2025 5:54:38 PM,0.20
10100,4/15/2025 5:54:39 PM,0.10
10100,4/15/2025 5:54:40 PM,0.20
10100,4/15/2025 5:54:41 PM,0.10
10100,4/15/2025 5:54:42 PM,0.10
10100,4/15/2025 5:54:43 PM,0.20
10100,4/15/2025 5:54:44 PM,0.10
10100,4/15/2025 5:54:45 PM,0.10
10100,4/15/2025 5:54:46 PM,0.20
10100,4/15/2025 5:54:47 PM,0.10
10100,4/15/2025 5:54:48 PM,0.20
10100,4/15/2025 5:54:49 PM,0.10
10100,4/15/2025 5:54:52 PM,0.10
10100,4/15/2025 5:54:53 PM,0.20
10100,4/15/2025 5:54:54 PM,0.10
10100,4/15/2025 5:54:55 PM,0.20
10100,4/15/2025 5:54:56 PM,0.10
10100,4/15/2025 5:54:58 PM,0.10
10100,4/15/2025 5:54:59 PM,0.20
10100,4/15/2025 5:55:02 PM,0.20
10100,4/15/2025 5:55:03 PM,0.10
10100,4/15/2025 5:55:04 PM,0.20
10100,4/15/2025 5:55:05 PM,0.20
10100,4/15/2025 5:55:06 PM,0.10
10100,4/15/2025 5:55:07 PM,0.10
10100,4/15/2025 5:55:08 PM,0.20
10100,4/15/2025 5:55:09 PM,0.10
10100,4/15/2025 5:55:10 PM,0.20
10100,4/15/2025 5:55:12 PM,0.20
10100,4/15/2025 5:55:13 PM,0.10
10100,4/15/2025 5:55:14 PM,0.10
10100,4/15/2025 5:55:15 PM,0.20
10100,4/15/2025 5:55:16 PM,0.10
10100,4/15/2025 5:55:17 PM,0.10
10100,4/15/2025 5:55:18 PM,0.20
10100,4/15/2025 5:55:19 PM,0.10
10100,4/15/2025 5:55:20 PM,0.20
10100,4/15/2025 5:55:21 PM,0.10
10100,4/15/2025 5:55:23 PM,0.10
10100,4/15/2025 5:55:24 PM,0.20
10100,4/15/2025 5:55:25 PM,0.10
10100,4/15/2025 5:55:26 PM,0.10
10100,4/15/2025 5:55:27 PM,0.20
10100,4/15/2025 5:55:28 PM,0.10
10100,4/15/2025 5:55:29 PM,0.20
10100,4/15/2025 5:55:30 PM,0.10
10100,4/15/2025 5:55:31 PM,0.20
10100,4/15/2025 5:55:32 PM,0.10
10100,4/15/2025 5:55:33 PM,0.20
10100,4/15/2025 5:55:34 PM,0.20
10100,4/15/2025 5:55:35 PM,0.10
10100,4/15/2025 5:55:36 PM,0.20
10100,4/15/2025 5:55:37 PM,0.20
10100,4/15/2025 5:55:38 PM,0.10
10100,4/15/2025 5:55:42 PM,0.10
10100,4/15/2025 5:55:43 PM,0.20
10100,4/15/2025 5:55:44 PM,0.20
10100,4/15/2025 5:55:45 PM,0.10
10100,4/15/2025 5:55:46 PM,0.10
10100,4/15/2025 5:55:47 PM,0.20
10100,4/15/2025 5:55:48 PM,0.20
10100,4/15/2025 5:55:49 PM,0.10
10100,4/15/2025 5:55:50 PM,0.20
10100,4/15/2025 5:55:51 PM,0.10
10100,4/15/2025 5:55:53 PM,0.10
10100,4/15/2025 5:55:54 PM,0.20
10100,4/15/2025 5:55:55 PM,0.10
10100,4/15/2025 5:55:56 PM,0.10
10100,4/15/2025 5:55:57 PM,0.20
10100,4/15/2025 5:55:58 PM,0.10
10100,4/15/2025 5:56:03 PM,0.10
10100,4/15/2025 5:56:04 PM,0.20
10100,4/15/2025 5:56:05 PM,0.10
10100,4/15/2025 5:56:11 PM,0.10
10100,4/15/2025 5:56:12 PM,0.20
10100,4/15/2025 5:56:13 PM,0.10
10100,4/15/2025 5:56:14 PM,0.20
10100,4/15/2025 5:56:15 PM,0.10
10100,4/15/2025 5:56:24 PM,0.10
10100,4/15/2025 5:56:25 PM,0.20
10100,4/15/2025 5:56:26 PM,0.10
10100,4/15/2025 6:48:18 PM,0.10
10100,4/15/2025 6:48:19 PM,0.00
10100,4/15/2025 6:48:20 PM,0.10
10100,4/15/2025 6:48:26 PM,0.10
10100,4/15/2025 6:48:27 PM,0.00
10100,4/15/2025 6:48:28 PM,0.10
10100,4/15/2025 6:48:29 PM,0.10
10100,4/15/2025 6:48:30 PM,0.00
10100,4/15/2025 6:48:31 PM,0.10
10100,4/15/2025 6:48:40 PM,0.10
10100,4/15/2025 6:48:41 PM,0.00
10100,4/15/2025 6:48:42 PM,0.10
10100,4/15/2025 6:48:47 PM,0.10
10100,4/15/2025 6:48:48 PM,0.00
10100,4/15/2025 6:48:49 PM,0.10
10100,4/15/2025 6:48:50 PM,0.00
10100,4/15/2025 6:48:52 PM,0.00
10100,4/15/2025 6:48:53 PM,0.10
10100,4/15/2025 6:48:54 PM,0.00
10100,4/15/2025 6:48:55 PM,0.10
10100,4/15/2025 6:48:59 PM,0.10
10100,4/15/2025 6:49:02 PM,0.00
10100,4/15/2025 6:49:03 PM,0.00
10100,4/15/2025 6:49:04 PM,0.10
10100,4/15/2025 6:49:05 PM,0.00
10100,4/15/2025 6:49:09 PM,0.00
10100,4/15/2025 6:49:10 PM,0.10
10100,4/15/2025 6:49:11 PM,0.00
10100,4/15/2025 6:49:12 PM,0.00
10100,4/15/2025 6:49:13 PM,0.10
10100,4/15/2025 6:49:14 PM,0.00
10100,4/15/2025 6:49:15 PM,0.10
10100,4/15/2025 6:49:16 PM,0.00
10100,4/15/2025 6:49:18 PM,0.00
10100,4/15/2025 6:49:19 PM,0.10
10100,4/15/2025 6:49:20 PM,0.00
10100,4/15/2025 6:49:29 PM,0.00
10100,4/15/2025 6:49:30 PM,0.10
10100,4/15/2025 6:49:31 PM,0.00
10100,4/15/2025 7:27:11 PM,0.00
10100,4/15/2025 7:27:12 PM,0.10
10100,4/15/2025 7:27:13 PM,0.00
10100,4/15/2025 7:27:33 PM,0.00
10100,4/15/2025 7:27:34 PM,0.10
10100,4/15/2025 7:27:35 PM,0.00
10100,4/15/2025 7:27:58 PM,0.00
10100,4/15/2025 7:27:59 PM,0.10
10100,4/15/2025 7:28:01 PM,0.00
10100,4/15/2025 7:44:48 PM,0.00
10100,4/15/2025 7:44:49 PM,-0.10
10100,4/15/2025 7:44:50 PM,0.00
10100,4/15/2025 7:44:53 PM,0.00
10100,4/15/2025 7:44:54 PM,-0.10
10100,4/15/2025 7:44:55 PM,0.00
10100,4/15/2025 7:44:56 PM,-0.10
10100,4/15/2025 7:44:57 PM,0.00
10100,4/15/2025 7:44:58 PM,-0.10
10100,4/15/2025 7:45:04 PM,-0.10
10100,4/15/2025 7:45:05 PM,0.00
10100,4/15/2025 7:45:06 PM,0.00
10100,4/15/2025 7:45:07 PM,-0.10
10100,4/15/2025 7:54:08 PM,-0.10
10100,4/15/2025 7:54:09 PM,0.00
10100,4/15/2025 7:54:10 PM,-0.10
10100,4/15/2025 7:54:19 PM,-0.10
10100,4/15/2025 7:54:20 PM,0.00
10100,4/15/2025 7:54:21 PM,-0.10
10100,4/15/2025 7:54:25 PM,-0.10
10100,4/15/2025 7:54:26 PM,0.00
10100,4/15/2025 7:54:33 PM,0.00
10100,4/15/2025 7:54:34 PM,-0.10
10100,4/15/2025 7:54:35 PM,-0.10
10100,4/15/2025 7:54:36 PM,0.00
10100,4/15/2025 7:54:38 PM,0.00
10100,4/15/2025 7:54:39 PM,-0.10
10100,4/15/2025 7:54:40 PM,0.00
10100,4/15/2025 7:54:41 PM,0.00
10100,4/15/2025 7:54:42 PM,-0.10
10100,4/15/2025 7:54:43 PM,0.00
10100,4/15/2025 7:54:51 PM,0.00
10100,4/15/2025 7:54:52 PM,-0.10
10100,4/15/2025 7:54:53 PM,0.00
10100,4/15/2025 7:54:54 PM,-0.10
10100,4/15/2025 7:54:55 PM,0.00
10100,4/15/2025 7:54:56 PM,0.00
10100,4/15/2025 7:54:57 PM,-0.10
10100,4/15/2025 7:54:58 PM,0.00
10100,4/15/2025 7:55:10 PM,0.00
10100,4/15/2025 7:55:11 PM,-0.10
10100,4/15/2025 7:55:12 PM,-0.10
10100,4/15/2025 7:55:13 PM,0.00
10100,4/15/2025 7:55:15 PM,0.00
10100,4/15/2025 7:55:16 PM,-0.10
10100,4/15/2025 7:55:17 PM,-0.10
10100,4/15/2025 7:55:18 PM,0.00
10100,4/15/2025 7:55:19 PM,-0.10
10100,4/15/2025 7:55:23 PM,-0.10
10100,4/15/2025 7:55:24 PM,0.00
10100,4/15/2025 7:55:25 PM,-0.10
10100,4/15/2025 7:55:26 PM,0.00
10100,4/15/2025 7:55:27 PM,0.00
10100,4/15/2025 7:55:28 PM,-0.10
10100,4/15/2025 7:55:29 PM,-0.10
10100,4/15/2025 7:55:30 PM,0.00
10100,4/15/2025 7:55:31 PM,-0.10
10100,4/15/2025 7:55:32 PM,-0.10
10100,4/15/2025 7:55:33 PM,0.00
10100,4/15/2025 7:55:34 PM,-0.10
10100,4/15/2025 7:59:05 PM,-0.10
10100,4/15/2025 7:59:06 PM,-0.20
10100,4/15/2025 7:59:07 PM,-0.10
10100,4/15/2025 7:59:11 PM,-0.10
10100,4/15/2025 7:59:12 PM,-0.20
10100,4/15/2025 7:59:13 PM,-0.10
10100,4/15/2025 7:59:15 PM,-0.10
10100,4/15/2025 7:59:16 PM,-0.20
10100,4/15/2025 7:59:17 PM,-0.10
10100,4/15/2025 7:59:22 PM,-0.10
10100,4/15/2025 7:59:23 PM,-0.20
10100,4/15/2025 7:59:24 PM,-0.20
10100,4/15/2025 7:59:25 PM,-0.10
10100,4/15/2025 7:59:26 PM,-0.20
10100,4/15/2025 7:59:27 PM,-0.20
10100,4/15/2025 7:59:28 PM,-0.10
10100,4/15/2025 7:59:31 PM,-0.10
10100,4/15/2025 7:59:32 PM,-0.20
10100,4/15/2025 7:59:33 PM,-0.10
10100,4/15/2025 7:59:34 PM,-0.10
10100,4/15/2025 7:59:35 PM,-0.20
10100,4/15/2025 7:59:37 PM,-0.20
10100,4/15/2025 7:59:38 PM,-0.10
10100,4/15/2025 7:59:39 PM,-0.20
10100,4/15/2025 7:59:41 PM,-0.20
10100,4/15/2025 7:59:42 PM,-0.10
10100,4/15/2025 7:59:43 PM,-0.10
10100,4/15/2025 7:59:44 PM,-0.20
10100,4/15/2025 7:59:45 PM,-0.10
10100,4/15/2025 7:59:46 PM,-0.20
10100,4/15/2025 8:04:52 PM,-0.20
10100,4/15/2025 8:04:53 PM,-0.10
10100,4/15/2025 8:04:55 PM,-0.10
10100,4/15/2025 8:04:56 PM,-0.20
10100,4/15/2025 8:04:57 PM,-0.20
10100,4/15/2025 8:04:58 PM,-0.10
10100,4/15/2025 8:04:59 PM,-0.20
10100,4/15/2025 8:05:01 PM,-0.20
10100,4/15/2025 8:05:01 PM,-0.10
10100,4/15/2025 8:05:02 PM,-0.20
10100,4/15/2025 8:05:03 PM,-0.10
10100,4/15/2025 8:05:04 PM,-0.20
10100,4/15/2025 8:05:05 PM,-0.10
10100,4/15/2025 8:11:20 PM,-0.10
10100,4/15/2025 8:11:21 PM,0.00
10100,4/15/2025 8:11:22 PM,-0.10
10100,4/15/2025 8:11:25 PM,-0.10
10100,4/15/2025 8:11:26 PM,0.00
10100,4/15/2025 8:11:27 PM,-0.10
10100,4/15/2025 8:11:31 PM,-0.10
10100,4/15/2025 8:11:32 PM,0.00
10100,4/15/2025 8:11:33 PM,-0.10
10100,4/15/2025 8:11:35 PM,-0.10
10100,4/15/2025 8:11:36 PM,0.00
10100,4/15/2025 8:11:40 PM,0.00
10100,4/15/2025 8:11:41 PM,-0.10
10100,4/15/2025 8:11:42 PM,-0.10
10100,4/15/2025 8:11:43 PM,0.00
10100,4/15/2025 8:20:31 PM,0.00
10100,4/15/2025 8:20:32 PM,0.10
10100,4/15/2025 8:20:33 PM,0.00
10100,4/15/2025 8:20:38 PM,0.00
10100,4/15/2025 8:20:39 PM,0.10
10100,4/15/2025 8:20:40 PM,0.00
10100,4/15/2025 8:20:43 PM,0.00
10100,4/15/2025 8:20:44 PM,0.10
10100,4/15/2025 8:20:45 PM,0.00
10100,4/15/2025 8:20:47 PM,0.00
10100,4/15/2025 8:20:48 PM,0.10
10100,4/15/2025 8:20:49 PM,0.00
10100,4/15/2025 8:20:50 PM,0.00
10100,4/15/2025 8:20:51 PM,0.10
10100,4/15/2025 8:20:52 PM,0.00
10100,4/15/2025 8:20:53 PM,0.10
10100,4/15/2025 8:20:55 PM,0.10
10100,4/15/2025 8:20:56 PM,0.00
10100,4/15/2025 8:20:57 PM,0.10
10100,4/15/2025 8:21:01 PM,0.10
10100,4/15/2025 8:21:02 PM,0.00
10100,4/15/2025 8:21:03 PM,0.00
10100,4/15/2025 8:21:04 PM,0.10
10100,4/15/2025 8:21:06 PM,0.10
10100,4/15/2025 8:21:07 PM,0.00
10100,4/15/2025 8:21:08 PM,0.10
10100,4/15/2025 8:21:10 PM,0.10
10100,4/15/2025 8:21:11 PM,0.00
10100,4/15/2025 8:21:12 PM,0.10
10100,4/15/2025 8:21:15 PM,0.10
10100,4/15/2025 8:21:16 PM,0.00
10100,4/15/2025 8:21:17 PM,0.10
10100,4/15/2025 8:21:32 PM,0.10
10100,4/15/2025 8:21:33 PM,0.00
10100,4/15/2025 8:21:34 PM,0.10
10100,4/15/2025 8:34:33 PM,0.10
10100,4/15/2025 8:34:34 PM,0.20
10100,4/15/2025 8:34:35 PM,0.10
10100,4/15/2025 8:34:36 PM,0.10
10100,4/15/2025 8:34:37 PM,0.20
10100,4/15/2025 8:34:38 PM,0.10
10100,4/15/2025 8:35:22 PM,0.10
10100,4/15/2025 8:35:23 PM,0.20
10100,4/15/2025 8:35:24 PM,0.10
10100,4/15/2025 8:35:30 PM,0.10
10100,4/15/2025 8:35:31 PM,0.20
10100,4/15/2025 8:35:32 PM,0.10
10100,4/15/2025 8:36:14 PM,0.10
10100,4/15/2025 8:36:15 PM,0.20
10100,4/15/2025 8:36:16 PM,0.10
10100,4/15/2025 8:36:19 PM,0.10
10100,4/15/2025 8:36:20 PM,0.20
10100,4/15/2025 8:36:22 PM,0.20
10100,4/15/2025 8:36:23 PM,0.10
10100,4/15/2025 8:36:24 PM,0.10
10100,4/15/2025 8:36:25 PM,0.20
10100,4/15/2025 8:36:26 PM,0.10
10100,4/15/2025 8:37:12 PM,0.10
10100,4/15/2025 8:37:13 PM,0.20
10100,4/15/2025 8:37:14 PM,0.10
10100,4/15/2025 8:37:15 PM,0.10
10100,4/15/2025 8:37:16 PM,0.20
10100,4/15/2025 8:37:17 PM,0.10
10100,4/15/2025 8:37:25 PM,0.10
10100,4/15/2025 8:37:26 PM,0.20
10100,4/15/2025 8:37:27 PM,0.10
10100,4/15/2025 8:37:28 PM,0.10
10100,4/15/2025 8:37:29 PM,0.20
10100,4/15/2025 8:37:30 PM,0.10
10100,4/15/2025 8:38:33 PM,0.10
10100,4/15/2025 8:38:34 PM,0.20
10100,4/15/2025 8:38:35 PM,0.10
10100,4/15/2025 8:38:48 PM,0.10
10100,4/15/2025 8:38:49 PM,0.20
10100,4/15/2025 8:38:50 PM,0.10
10100,4/15/2025 8:38:51 PM,0.20
10100,4/15/2025 8:38:52 PM,0.10
10100,4/15/2025 8:39:19 PM,0.10
10100,4/15/2025 8:39:20 PM,0.20
10100,4/15/2025 8:39:21 PM,0.10
10100,4/15/2025 8:39:24 PM,0.10
10100,4/15/2025 8:39:25 PM,0.20
10100,4/15/2025 8:39:26 PM,0.20
10100,4/15/2025 8:39:27 PM,0.10
10100,4/15/2025 8:39:28 PM,0.20
10100,4/15/2025 8:39:29 PM,0.10
10100,4/15/2025 8:39:50 PM,0.10
10100,4/15/2025 8:39:51 PM,0.20
10100,4/15/2025 8:39:52 PM,0.10
10100,4/15/2025 8:40:09 PM,0.10
10100,4/15/2025 8:40:10 PM,0.20
10100,4/15/2025 8:40:11 PM,0.10
10100,4/15/2025 8:40:22 PM,0.10
10100,4/15/2025 8:40:23 PM,0.20
10100,4/15/2025 8:40:24 PM,0.10
10100,4/15/2025 8:48:24 PM,0.10
10100,4/15/2025 8:48:25 PM,0.00
10100,4/15/2025 8:48:26 PM,0.10
10100,4/15/2025 8:48:34 PM,0.10
10100,4/15/2025 8:48:35 PM,0.00
10100,4/15/2025 8:48:36 PM,0.10
10100,4/15/2025 8:48:42 PM,0.10
10100,4/15/2025 8:48:43 PM,0.00
10100,4/15/2025 8:48:45 PM,0.00
10100,4/15/2025 8:48:46 PM,0.10
10100,4/15/2025 8:48:48 PM,0.10
10100,4/15/2025 8:48:49 PM,0.00
10100,4/15/2025 8:48:50 PM,0.10
10100,4/15/2025 8:48:53 PM,0.10
10100,4/15/2025 8:48:54 PM,0.00
10100,4/15/2025 8:48:55 PM,0.10
10100,4/15/2025 8:48:57 PM,0.10
10100,4/15/2025 8:48:58 PM,0.00
10100,4/15/2025 8:49:01 PM,0.00
10100,4/15/2025 8:49:02 PM,0.10
10100,4/15/2025 8:49:03 PM,0.00
10100,4/15/2025 8:49:04 PM,0.10
10100,4/15/2025 8:49:06 PM,0.10
10100,4/15/2025 8:49:07 PM,0.00
10100,4/15/2025 8:49:33 PM,0.00
10100,4/15/2025 8:49:34 PM,0.10
10100,4/15/2025 8:49:35 PM,0.00
10100,4/15/2025 8:49:55 PM,0.00
10100,4/15/2025 8:49:56 PM,0.10
10100,4/15/2025 8:49:57 PM,0.00
10100,4/15/2025 8:58:43 PM,0.00
10100,4/15/2025 8:58:44 PM,-0.10
10100,4/15/2025 9:01:05 PM,-0.10
10100,4/15/2025 9:01:06 PM,-0.20
10100,4/15/2025 9:01:08 PM,-0.20
10100,4/15/2025 9:01:09 PM,-0.10
10100,4/15/2025 9:01:10 PM,-0.20
10100,4/15/2025 9:01:14 PM,-0.20
10100,4/15/2025 9:01:15 PM,-0.10
10100,4/15/2025 9:01:16 PM,-0.20
10100,4/15/2025 9:02:01 PM,-0.20
10100,4/15/2025 9:02:02 PM,-0.10
10100,4/15/2025 9:02:03 PM,-0.20
10100,4/15/2025 9:02:04 PM,-0.20
10100,4/15/2025 9:02:05 PM,-0.10
10100,4/15/2025 9:02:10 PM,-0.10
10100,4/15/2025 9:02:11 PM,-0.20
10100,4/15/2025 9:02:12 PM,-0.10
10100,4/15/2025 9:05:03 PM,-0.10
10100,4/15/2025 9:05:04 PM,0.00
10100,4/15/2025 9:05:05 PM,-0.10
10100,4/15/2025 9:05:06 PM,0.00
10100,4/15/2025 9:05:07 PM,-0.10
10100,4/15/2025 9:05:08 PM,0.00
10100,4/15/2025 9:05:09 PM,-0.10
10100,4/15/2025 9:05:10 PM,0.00
10100,4/15/2025 9:05:11 PM,0.00
10100,4/15/2025 9:05:12 PM,-0.10
10100,4/15/2025 9:05:14 PM,-0.10
10100,4/15/2025 9:05:15 PM,0.00
10100,4/15/2025 9:06:46 PM,0.00
10100,4/15/2025 9:06:47 PM,-0.10
10100,4/15/2025 9:06:48 PM,0.00
10100,4/15/2025 9:06:54 PM,0.00
10100,4/15/2025 9:06:55 PM,-0.10
10100,4/15/2025 9:06:57 PM,-0.10
10100,4/15/2025 9:06:58 PM,0.00
10100,4/15/2025 9:06:59 PM,0.00
10100,4/15/2025 9:07:01 PM,-0.10
10100,4/15/2025 9:07:01 PM,0.00
10100,4/15/2025 9:07:08 PM,0.00
10100,4/15/2025 9:07:09 PM,-0.10
10100,4/15/2025 9:07:11 PM,-0.10
10100,4/15/2025 9:07:12 PM,0.00
10100,4/15/2025 9:07:13 PM,-0.10
10100,4/15/2025 9:11:42 PM,-0.10
10100,4/15/2025 9:11:43 PM,-0.20
10100,4/15/2025 9:11:44 PM,-0.10
10100,4/15/2025 9:11:45 PM,-0.20
10100,4/15/2025 9:11:46 PM,-0.10
10100,4/15/2025 9:11:54 PM,-0.10
10100,4/15/2025 9:11:55 PM,-0.20
10100,4/15/2025 9:11:56 PM,-0.10
10100,4/15/2025 9:11:57 PM,-0.20
10100,4/15/2025 9:11:58 PM,-0.10
10100,4/15/2025 9:12:01 PM,-0.10
10100,4/15/2025 9:12:02 PM,-0.20
10100,4/15/2025 9:12:03 PM,-0.10
10100,4/15/2025 9:12:04 PM,-0.20
10100,4/15/2025 9:12:05 PM,-0.20
10100,4/15/2025 9:12:06 PM,-0.10
10100,4/15/2025 9:12:07 PM,-0.10
10100,4/15/2025 9:12:08 PM,-0.20
10100,4/15/2025 9:12:11 PM,-0.20
10100,4/15/2025 9:12:12 PM,-0.10
10100,4/15/2025 9:12:13 PM,-0.20
10100,4/15/2025 9:15:04 PM,-0.20
10100,4/15/2025 9:15:05 PM,-0.30
10100,4/15/2025 9:15:06 PM,-0.20
10100,4/15/2025 9:15:08 PM,-0.20
10100,4/15/2025 9:15:09 PM,-0.30
10100,4/15/2025 9:15:10 PM,-0.20
10100,4/15/2025 9:15:12 PM,-0.20
10100,4/15/2025 9:15:13 PM,-0.30
10100,4/15/2025 9:15:16 PM,-0.30
10100,4/15/2025 9:15:17 PM,-0.20
10100,4/15/2025 9:15:18 PM,-0.20
10100,4/15/2025 9:15:19 PM,-0.30
10100,4/15/2025 9:17:26 PM,-0.30
10100,4/15/2025 9:17:27 PM,-0.40
10100,4/15/2025 9:17:31 PM,-0.40
10100,4/15/2025 9:17:32 PM,-0.30
10100,4/15/2025 9:17:33 PM,-0.40
10100,4/15/2025 9:17:34 PM,-0.40
10100,4/15/2025 9:17:35 PM,-0.30
10100,4/15/2025 9:17:36 PM,-0.40
10100,4/15/2025 9:17:38 PM,-0.40
10100,4/15/2025 9:17:39 PM,-0.30
10100,4/15/2025 9:17:40 PM,-0.40
10100,4/15/2025 9:17:41 PM,-0.40
10100,4/15/2025 9:17:42 PM,-0.30
10100,4/15/2025 9:17:45 PM,-0.30
10100,4/15/2025 9:17:46 PM,-0.40
10100,4/15/2025 9:18:49 PM,-0.40
10100,4/15/2025 9:18:50 PM,-0.30
10100,4/15/2025 9:18:51 PM,-0.30
10100,4/15/2025 9:18:52 PM,-0.40
10100,4/15/2025 9:18:53 PM,-0.30
10100,4/15/2025 9:18:55 PM,-0.30
10100,4/15/2025 9:18:56 PM,-0.40
10100,4/15/2025 9:18:57 PM,-0.30
10100,4/15/2025 9:19:03 PM,-0.30
10100,4/15/2025 9:19:04 PM,-0.40
10100,4/15/2025 9:19:05 PM,-0.30
10100,4/15/2025 9:19:33 PM,-0.30
10100,4/15/2025 9:19:34 PM,-0.40
10100,4/15/2025 9:19:35 PM,-0.30
10100,4/15/2025 9:19:38 PM,-0.30
10100,4/15/2025 9:19:39 PM,-0.40
10100,4/15/2025 9:19:40 PM,-0.30
10100,4/15/2025 9:19:50 PM,-0.30
10100,4/15/2025 9:19:51 PM,-0.40
10100,4/15/2025 9:19:52 PM,-0.30
10100,4/15/2025 9:19:57 PM,-0.30
10100,4/15/2025 9:19:58 PM,-0.40
10100,4/15/2025 9:19:59 PM,-0.30
10100,4/15/2025 9:20:01 PM,-0.30
10100,4/15/2025 9:20:02 PM,-0.40
10100,4/15/2025 9:20:03 PM,-0.30
10100,4/15/2025 9:20:04 PM,-0.30
10100,4/15/2025 9:20:05 PM,-0.40
10100,4/15/2025 9:20:06 PM,-0.30
10100,4/15/2025 9:20:07 PM,-0.40
10100,4/15/2025 9:20:08 PM,-0.30
10100,4/15/2025 9:28:16 PM,-0.30
10100,4/15/2025 9:28:17 PM,-0.40
10100,4/15/2025 9:28:18 PM,-0.40
10100,4/15/2025 9:28:19 PM,-0.30
10100,4/15/2025 9:28:23 PM,-0.30
10100,4/15/2025 9:28:24 PM,-0.40
10100,4/15/2025 9:28:29 PM,-0.40
10100,4/15/2025 9:28:30 PM,-0.30
10100,4/15/2025 9:28:31 PM,-0.40
10100,4/15/2025 9:28:32 PM,-0.30
10100,4/15/2025 9:28:33 PM,-0.40
10100,4/15/2025 9:28:34 PM,-0.40
10100,4/15/2025 9:28:35 PM,-0.30
10100,4/15/2025 9:28:36 PM,-0.40
10100,4/15/2025 9:28:43 PM,-0.40
10100,4/15/2025 9:28:44 PM,-0.30
10100,4/15/2025 9:28:45 PM,-0.40
10100,4/15/2025 9:29:01 PM,-0.40
10100,4/15/2025 9:29:02 PM,-0.30
10100,4/15/2025 9:31:29 PM,-0.30
10100,4/15/2025 9:31:30 PM,-0.20
10100,4/15/2025 9:31:31 PM,-0.30
10100,4/15/2025 9:31:36 PM,-0.30
10100,4/15/2025 9:31:37 PM,-0.20
10100,4/15/2025 9:31:38 PM,-0.20
10100,4/15/2025 9:31:39 PM,-0.30
10100,4/15/2025 9:31:40 PM,-0.30
10100,4/15/2025 9:31:41 PM,-0.20
10100,4/15/2025 9:31:42 PM,-0.30
10100,4/15/2025 9:31:43 PM,-0.30
10100,4/15/2025 9:31:44 PM,-0.20
10100,4/15/2025 9:31:45 PM,-0.30
10100,4/15/2025 9:31:46 PM,-0.20
10100,4/15/2025 9:31:47 PM,-0.30
10100,4/15/2025 9:31:52 PM,-0.30
10100,4/15/2025 9:31:53 PM,-0.20
10100,4/15/2025 9:31:54 PM,-0.30
10100,4/15/2025 9:32:08 PM,-0.30
10100,4/15/2025 9:32:09 PM,-0.20
10100,4/15/2025 9:32:10 PM,-0.20
10100,4/15/2025 9:32:11 PM,-0.30
10100,4/15/2025 9:32:12 PM,-0.20
10100,4/15/2025 9:32:13 PM,-0.30
10100,4/15/2025 9:32:14 PM,-0.20
10100,4/15/2025 9:32:15 PM,-0.30
10100,4/15/2025 9:32:17 PM,-0.30
10100,4/15/2025 9:32:18 PM,-0.20
10100,4/15/2025 9:32:19 PM,-0.30
10100,4/15/2025 9:32:22 PM,-0.30
10100,4/15/2025 9:32:23 PM,-0.20
10100,4/15/2025 9:32:24 PM,-0.30
10100,4/15/2025 9:32:25 PM,-0.20
10100,4/15/2025 9:33:21 PM,-0.20
10100,4/15/2025 9:33:22 PM,-0.30
10100,4/15/2025 9:33:23 PM,-0.20
10100,4/15/2025 9:33:24 PM,-0.30
10100,4/15/2025 9:33:25 PM,-0.30
10100,4/15/2025 9:33:26 PM,-0.20
10100,4/15/2025 9:33:27 PM,-0.30
10100,4/15/2025 9:33:28 PM,-0.20
10100,4/15/2025 9:33:29 PM,-0.20
10100,4/15/2025 9:33:30 PM,-0.30
10100,4/15/2025 9:33:31 PM,-0.20
10100,4/15/2025 9:33:32 PM,-0.30
10100,4/15/2025 9:36:44 PM,-0.30
10100,4/15/2025 9:36:45 PM,-0.40
10100,4/15/2025 9:36:46 PM,-0.30
10100,4/15/2025 9:36:53 PM,-0.30
10100,4/15/2025 9:36:54 PM,-0.40
10100,4/15/2025 9:36:55 PM,-0.30
10100,4/15/2025 9:36:56 PM,-0.40
10100,4/15/2025 9:36:57 PM,-0.30
10100,4/15/2025 9:36:58 PM,-0.40
10100,4/15/2025 9:37:05 PM,-0.40
10100,4/15/2025 9:37:06 PM,-0.30
10100,4/15/2025 9:37:07 PM,-0.40
10100,4/15/2025 9:37:22 PM,-0.40
10100,4/15/2025 9:37:23 PM,-0.30
10100,4/15/2025 9:37:24 PM,-0.40
10100,4/15/2025 9:37:25 PM,-0.30
10100,4/15/2025 9:37:26 PM,-0.40
10100,4/15/2025 9:37:28 PM,-0.40
10100,4/15/2025 9:37:29 PM,-0.30
10100,4/15/2025 9:37:30 PM,-0.40
10100,4/15/2025 9:37:31 PM,-0.40
10100,4/15/2025 9:37:32 PM,-0.30
10100,4/15/2025 9:37:36 PM,-0.30
10100,4/15/2025 9:37:37 PM,-0.40
10100,4/15/2025 9:37:39 PM,-0.40
10100,4/15/2025 9:37:40 PM,-0.30
10100,4/15/2025 9:37:41 PM,-0.40
10100,4/15/2025 9:37:42 PM,-0.30
10100,4/15/2025 9:43:22 PM,-0.30
10100,4/15/2025 9:43:23 PM,-0.20
10100,4/15/2025 9:43:24 PM,-0.30
10100,4/15/2025 9:43:30 PM,-0.30
10100,4/15/2025 9:43:31 PM,-0.20
10100,4/15/2025 9:43:32 PM,-0.20
10100,4/15/2025 9:43:33 PM,-0.30
10100,4/15/2025 9:43:34 PM,-0.20
10100,4/15/2025 9:43:37 PM,-0.20
10100,4/15/2025 9:43:38 PM,-0.30
10100,4/15/2025 9:43:39 PM,-0.20
10100,4/15/2025 9:43:40 PM,-0.20
10100,4/15/2025 9:43:41 PM,-0.30
10100,4/15/2025 9:43:42 PM,-0.20
10100,4/15/2025 9:43:43 PM,-0.20
10100,4/15/2025 9:43:44 PM,-0.30
10100,4/15/2025 9:48:37 PM,-0.30
10100,4/15/2025 9:48:38 PM,-0.40
10100,4/15/2025 9:48:39 PM,-0.30
10100,4/15/2025 9:48:42 PM,-0.30
10100,4/15/2025 9:48:43 PM,-0.40
10100,4/15/2025 9:50:33 PM,-0.40
10100,4/15/2025 9:50:34 PM,-0.50
10100,4/15/2025 9:50:35 PM,-0.40
10100,4/15/2025 9:50:36 PM,-0.40
10100,4/15/2025 9:50:37 PM,-0.50
10100,4/15/2025 9:50:39 PM,-0.50
10100,4/15/2025 9:50:40 PM,-0.40
10100,4/15/2025 9:50:41 PM,-0.50
10100,4/15/2025 9:50:46 PM,-0.50
10100,4/15/2025 9:50:47 PM,-0.40
10100,4/15/2025 9:50:48 PM,-0.50
10100,4/15/2025 9:55:44 PM,-0.50
10100,4/15/2025 9:55:45 PM,-0.60
10100,4/15/2025 9:55:46 PM,-0.50
10100,4/15/2025 9:56:16 PM,-0.50
10100,4/15/2025 9:56:17 PM,-0.60
10100,4/15/2025 9:56:18 PM,-0.50
10100,4/15/2025 9:56:24 PM,-0.50
10100,4/15/2025 9:56:25 PM,-0.60
10100,4/15/2025 9:56:27 PM,-0.60
10100,4/15/2025 9:56:28 PM,-0.50
10100,4/15/2025 9:56:29 PM,-0.60
10100,4/15/2025 9:56:31 PM,-0.60
10100,4/15/2025 9:56:32 PM,-0.50
10100,4/15/2025 9:56:34 PM,-0.50
10100,4/15/2025 9:56:35 PM,-0.60
10100,4/15/2025 9:56:36 PM,-0.60
10100,4/15/2025 9:56:37 PM,-0.50
10100,4/15/2025 9:56:38 PM,-0.60
10100,4/15/2025 9:56:39 PM,-0.50
10100,4/15/2025 9:56:40 PM,-0.60
10100,4/15/2025 9:56:41 PM,-0.60
10100,4/15/2025 9:56:42 PM,-0.50
10100,4/15/2025 9:56:43 PM,-0.60
10100,4/15/2025 10:02:08 PM,-0.60
10100,4/15/2025 10:02:09 PM,-0.70
10100,4/15/2025 10:02:10 PM,-0.60
10100,4/15/2025 10:02:11 PM,-0.60
10100,4/15/2025 10:02:12 PM,-0.70
10100,4/15/2025 10:02:13 PM,-0.70
10100,4/15/2025 10:02:14 PM,-0.60
10100,4/15/2025 10:02:15 PM,-0.70
10100,4/15/2025 10:04:15 PM,-0.70
10100,4/15/2025 10:04:16 PM,-0.60
10100,4/15/2025 10:04:20 PM,-0.60
10100,4/15/2025 10:04:21 PM,-0.70
10100,4/15/2025 10:04:22 PM,-0.60
10100,4/15/2025 10:04:26 PM,-0.60
10100,4/15/2025 10:04:27 PM,-0.70
10100,4/15/2025 10:04:28 PM,-0.70
10100,4/15/2025 10:04:29 PM,-0.60
10100,4/15/2025 10:04:31 PM,-0.60
10100,4/15/2025 10:04:32 PM,-0.70
10100,4/15/2025 10:04:33 PM,-0.60
10100,4/15/2025 10:04:34 PM,-0.70
10100,4/15/2025 10:04:35 PM,-0.70
10100,4/15/2025 10:04:36 PM,-0.60
10100,4/15/2025 10:04:38 PM,-0.60
10100,4/15/2025 10:04:39 PM,-0.70
10100,4/15/2025 10:04:40 PM,-0.70
10100,4/15/2025 10:04:41 PM,-0.60
10100,4/15/2025 10:04:42 PM,-0.70
10100,4/15/2025 10:04:43 PM,-0.70
10100,4/15/2025 10:04:44 PM,-0.60
10100,4/15/2025 10:04:45 PM,-0.70
10100,4/15/2025 10:08:34 PM,-0.70
10100,4/15/2025 10:08:35 PM,-0.80
10100,4/15/2025 10:08:36 PM,-0.70
10100,4/15/2025 10:08:37 PM,-0.80
10100,4/15/2025 10:08:38 PM,-0.70
10100,4/15/2025 10:08:39 PM,-0.70
10100,4/15/2025 10:08:40 PM,-0.80
10100,4/15/2025 10:08:41 PM,-0.70
10100,4/15/2025 10:08:42 PM,-0.80
10100,4/15/2025 10:16:58 PM,-0.80
10100,4/15/2025 10:16:59 PM,-0.90
10100,4/15/2025 10:17:01 PM,-0.80
10100,4/15/2025 10:17:02 PM,-0.80
10100,4/15/2025 10:17:03 PM,-0.90
10100,4/15/2025 10:17:04 PM,-0.80
10100,4/15/2025 10:17:15 PM,-0.80
10100,4/15/2025 10:17:16 PM,-0.90
10100,4/15/2025 10:17:17 PM,-0.90
10100,4/15/2025 10:17:18 PM,-0.80
10100,4/15/2025 10:17:19 PM,-0.90
10100,4/15/2025 10:17:20 PM,-0.80
10100,4/15/2025 10:17:21 PM,-0.90
10100,4/15/2025 10:17:22 PM,-0.80
10100,4/15/2025 10:17:23 PM,-0.80
10100,4/15/2025 10:17:24 PM,-0.90
10100,4/15/2025 10:17:26 PM,-0.90
10100,4/15/2025 10:17:27 PM,-0.80
10100,4/15/2025 10:17:28 PM,-0.80
10100,4/15/2025 10:17:29 PM,-0.90
10100,4/15/2025 10:17:32 PM,-0.90
10100,4/15/2025 10:17:33 PM,-0.80
10100,4/15/2025 10:17:34 PM,-0.90
10100,4/15/2025 10:17:35 PM,-0.80
10100,4/15/2025 10:17:36 PM,-0.90
10100,4/15/2025 10:17:37 PM,-0.80
10100,4/15/2025 10:17:38 PM,-0.90
10100,4/15/2025 10:17:39 PM,-0.80
10100,4/15/2025 10:17:40 PM,-0.90
10100,4/15/2025 10:17:41 PM,-0.80
10100,4/15/2025 10:17:42 PM,-0.80
10100,4/15/2025 10:17:43 PM,-0.90
10100,4/15/2025 10:17:57 PM,-0.90
10100,4/15/2025 10:17:58 PM,-0.80
10100,4/15/2025 10:17:59 PM,-0.80
10100,4/15/2025 10:18:01 PM,-0.90
10100,4/15/2025 10:19:30 PM,-0.90
10100,4/15/2025 10:19:31 PM,-0.80
10100,4/15/2025 10:19:34 PM,-0.80
10100,4/15/2025 10:19:35 PM,-0.90
10100,4/15/2025 10:19:36 PM,-0.80
10100,4/15/2025 10:27:39 PM,-0.80
10100,4/15/2025 10:27:40 PM,-0.90
10100,4/15/2025 10:27:41 PM,-0.80
10100,4/15/2025 10:34:59 PM,-0.80
10100,4/15/2025 10:35:01 PM,-0.70
10100,4/15/2025 10:35:01 PM,-0.80
10100,4/15/2025 10:35:03 PM,-0.80
10100,4/15/2025 10:35:04 PM,-0.70
10100,4/15/2025 10:35:05 PM,-0.80
10100,4/15/2025 10:35:09 PM,-0.80
10100,4/15/2025 10:35:10 PM,-0.70
10100,4/15/2025 10:35:11 PM,-0.70
10100,4/15/2025 10:35:12 PM,-0.80
10100,4/15/2025 10:35:14 PM,-0.80
10100,4/15/2025 10:35:15 PM,-0.70
10100,4/15/2025 10:35:16 PM,-0.80
10100,4/15/2025 10:35:18 PM,-0.80
10100,4/15/2025 10:35:19 PM,-0.70
10100,4/15/2025 10:35:23 PM,-0.70
10100,4/15/2025 10:35:24 PM,-0.80
10100,4/15/2025 10:35:25 PM,-0.70
10100,4/15/2025 10:35:26 PM,-0.70
10100,4/15/2025 10:35:27 PM,-0.80
10100,4/15/2025 10:35:28 PM,-0.70
10100,4/15/2025 10:35:32 PM,-0.70
10100,4/15/2025 10:35:33 PM,-0.80
10100,4/15/2025 10:35:34 PM,-0.70
10100,4/15/2025 10:35:35 PM,-0.80
10100,4/15/2025 10:35:36 PM,-0.70
10100,4/15/2025 10:35:37 PM,-0.80
10100,4/15/2025 10:35:38 PM,-0.70
10100,4/15/2025 10:35:39 PM,-0.80
10100,4/15/2025 10:35:40 PM,-0.70
10100,4/15/2025 10:35:47 PM,-0.70
10100,4/15/2025 10:35:48 PM,-0.80
10100,4/15/2025 10:35:49 PM,-0.70
10100,4/15/2025 10:35:51 PM,-0.70
10100,4/15/2025 10:35:52 PM,-0.80
10100,4/15/2025 10:35:53 PM,-0.70
10100,4/15/2025 10:35:54 PM,-0.70
10100,4/15/2025 10:35:55 PM,-0.80
10100,4/15/2025 10:35:56 PM,-0.70
10100,4/15/2025 10:35:57 PM,-0.80
10100,4/15/2025 10:35:58 PM,-0.70
10100,4/15/2025 10:36:01 PM,-0.70
10100,4/15/2025 10:36:01 PM,-0.80
10100,4/15/2025 10:36:02 PM,-0.80
10100,4/15/2025 10:36:03 PM,-0.70
10100,4/15/2025 10:36:06 PM,-0.70
10100,4/15/2025 10:36:07 PM,-0.80
10100,4/15/2025 10:36:08 PM,-0.70
10100,4/15/2025 10:43:28 PM,-0.70
10100,4/15/2025 10:43:29 PM,-0.60
10100,4/15/2025 10:43:30 PM,-0.60
10100,4/15/2025 10:43:31 PM,-0.70
10100,4/15/2025 10:43:32 PM,-0.70
10100,4/15/2025 10:43:33 PM,-0.60
10100,4/15/2025 10:43:34 PM,-0.60
10100,4/15/2025 10:43:35 PM,-0.70
10100,4/15/2025 10:43:36 PM,-0.60
10100,4/15/2025 10:43:38 PM,-0.60
10100,4/15/2025 10:43:39 PM,-0.70
10100,4/15/2025 10:43:40 PM,-0.60
10100,4/15/2025 10:43:45 PM,-0.60
10100,4/15/2025 10:43:46 PM,-0.70
10100,4/15/2025 10:43:47 PM,-0.60
10100,4/15/2025 10:43:48 PM,-0.70
10100,4/15/2025 10:43:49 PM,-0.60
10100,4/15/2025 10:43:55 PM,-0.60
10100,4/15/2025 10:43:56 PM,-0.70
10100,4/15/2025 10:43:57 PM,-0.60
10100,4/15/2025 10:44:03 PM,-0.60
10100,4/15/2025 10:44:04 PM,-0.70
10100,4/15/2025 10:44:10 PM,-0.70
10100,4/15/2025 10:44:11 PM,-0.60
10100,4/15/2025 10:44:12 PM,-0.70
10100,4/15/2025 10:44:13 PM,-0.70
10100,4/15/2025 10:44:14 PM,-0.60
10100,4/15/2025 10:44:15 PM,-0.70
10100,4/15/2025 10:44:20 PM,-0.70
10100,4/15/2025 10:44:21 PM,-0.60
10100,4/15/2025 10:44:22 PM,-0.70
10100,4/15/2025 10:44:37 PM,-0.70
10100,4/15/2025 10:44:38 PM,-0.60
10100,4/15/2025 10:44:39 PM,-0.70
10100,4/15/2025 10:44:47 PM,-0.70
10100,4/15/2025 10:44:48 PM,-0.60
10100,4/15/2025 10:44:49 PM,-0.70
10100,4/15/2025 10:44:57 PM,-0.70
10100,4/15/2025 10:44:58 PM,-0.60
10100,4/15/2025 10:44:59 PM,-0.70
10100,4/15/2025 10:45:01 PM,-0.70
10100,4/15/2025 10:45:02 PM,-0.60
10100,4/15/2025 10:45:04 PM,-0.60
10100,4/15/2025 10:45:05 PM,-0.70
10100,4/15/2025 10:45:06 PM,-0.60
10100,4/15/2025 10:45:07 PM,-0.70
10100,4/15/2025 10:45:08 PM,-0.70
10100,4/15/2025 10:45:09 PM,-0.60
10100,4/15/2025 10:45:10 PM,-0.70
10100,4/15/2025 10:45:11 PM,-0.60
10100,4/15/2025 10:45:14 PM,-0.60
10100,4/15/2025 10:45:15 PM,-0.70
10100,4/15/2025 10:45:16 PM,-0.60
10100,4/15/2025 10:45:17 PM,-0.60
10100,4/15/2025 10:45:18 PM,-0.70
10100,4/15/2025 10:45:19 PM,-0.60
10100,4/15/2025 10:45:20 PM,-0.70
10100,4/15/2025 10:45:21 PM,-0.60
10100,4/15/2025 10:45:22 PM,-0.70
10100,4/15/2025 10:45:23 PM,-0.60
10100,4/15/2025 10:45:24 PM,-0.60
10100,4/15/2025 10:45:25 PM,-0.70
10100,4/15/2025 10:45:26 PM,-0.70
10100,4/15/2025 10:45:27 PM,-0.60
10100,4/15/2025 10:45:39 PM,-0.60
10100,4/15/2025 10:45:40 PM,-0.70
10100,4/15/2025 10:45:41 PM,-0.60
10100,4/15/2025 10:45:53 PM,-0.60
10100,4/15/2025 10:45:54 PM,-0.70
10100,4/15/2025 10:45:55 PM,-0.60
10100,4/15/2025 10:46:01 PM,-0.60
10100,4/15/2025 10:46:02 PM,-0.70
10100,4/15/2025 10:46:03 PM,-0.60
10100,4/15/2025 10:46:04 PM,-0.60
10100,4/15/2025 10:46:05 PM,-0.70
10100,4/15/2025 10:46:06 PM,-0.70
10100,4/15/2025 10:46:07 PM,-0.60
10100,4/15/2025 10:46:08 PM,-0.60
10100,4/15/2025 10:46:09 PM,-0.70
10100,4/15/2025 10:46:10 PM,-0.60
10100,4/15/2025 10:46:11 PM,-0.70
10100,4/15/2025 10:46:12 PM,-0.70
10100,4/15/2025 10:46:13 PM,-0.60
10100,4/15/2025 10:46:14 PM,-0.70
10100,4/15/2025 10:46:15 PM,-0.60
10100,4/15/2025 10:46:16 PM,-0.70
10100,4/15/2025 10:46:22 PM,-0.70
10100,4/15/2025 10:46:23 PM,-0.60
10100,4/15/2025 10:46:24 PM,-0.70
10100,4/15/2025 10:51:24 PM,-0.70
10100,4/15/2025 10:51:25 PM,-0.60
10100,4/15/2025 10:51:26 PM,-0.70
10100,4/15/2025 10:51:28 PM,-0.70
10100,4/15/2025 10:51:29 PM,-0.60
10100,4/15/2025 10:51:30 PM,-0.70
10100,4/15/2025 10:51:33 PM,-0.70
10100,4/15/2025 10:51:34 PM,-0.60
10100,4/15/2025 10:51:35 PM,-0.70
10100,4/15/2025 10:51:36 PM,-0.60
10100,4/15/2025 10:51:38 PM,-0.60
10100,4/15/2025 10:51:39 PM,-0.70
10100,4/15/2025 10:51:40 PM,-0.70
10100,4/15/2025 10:51:41 PM,-0.60
10100,4/15/2025 11:02:58 PM,-0.60
10100,4/15/2025 11:02:59 PM,-0.50
10100,4/15/2025 11:03:02 PM,-0.50
10100,4/15/2025 11:03:03 PM,-0.60
10100,4/15/2025 11:03:04 PM,-0.60
10100,4/15/2025 11:03:05 PM,-0.50
10100,4/15/2025 11:06:23 PM,-0.50
10100,4/15/2025 11:06:24 PM,-0.40
10100,4/15/2025 11:06:25 PM,-0.40
10100,4/15/2025 11:06:26 PM,-0.50
10100,4/15/2025 11:06:27 PM,-0.50
10100,4/15/2025 11:06:28 PM,-0.40
10100,4/15/2025 11:08:42 PM,-0.40
10100,4/15/2025 11:08:43 PM,-0.30
10100,4/15/2025 11:08:44 PM,-0.40
10100,4/15/2025 11:08:45 PM,-0.30
10100,4/15/2025 11:08:49 PM,-0.30
10100,4/15/2025 11:08:50 PM,-0.40
10100,4/15/2025 11:08:51 PM,-0.30
10100,4/15/2025 11:13:42 PM,-0.30
10100,4/15/2025 11:13:43 PM,-0.20
10100,4/15/2025 11:13:44 PM,-0.30
10100,4/15/2025 11:13:48 PM,-0.30
10100,4/15/2025 11:13:49 PM,-0.20
10100,4/15/2025 11:13:50 PM,-0.30
10100,4/15/2025 11:13:52 PM,-0.30
10100,4/15/2025 11:13:53 PM,-0.20
10100,4/15/2025 11:13:54 PM,-0.30
10100,4/15/2025 11:13:55 PM,-0.20
10100,4/15/2025 11:13:56 PM,-0.30
10100,4/15/2025 11:13:57 PM,-0.20
10100,4/15/2025 11:14:07 PM,-0.20
10100,4/15/2025 11:14:08 PM,-0.30
10100,4/15/2025 11:14:09 PM,-0.20
10100,4/15/2025 11:19:37 PM,-0.20
10100,4/15/2025 11:19:38 PM,-0.10
10100,4/15/2025 11:19:39 PM,-0.20
10100,4/15/2025 11:19:43 PM,-0.20
10100,4/15/2025 11:19:44 PM,-0.10
10100,4/15/2025 11:19:45 PM,-0.20
10100,4/15/2025 11:19:46 PM,-0.10
10100,4/15/2025 11:19:47 PM,-0.10
10100,4/15/2025 11:19:48 PM,-0.20
10100,4/15/2025 11:19:50 PM,-0.20
10100,4/15/2025 11:19:51 PM,-0.10
10100,4/15/2025 11:19:52 PM,-0.20
10100,4/15/2025 11:19:53 PM,-0.10
10100,4/15/2025 11:19:54 PM,-0.20
10100,4/15/2025 11:19:55 PM,-0.10
10100,4/15/2025 11:19:57 PM,-0.10
10100,4/15/2025 11:19:58 PM,-0.20
10100,4/15/2025 11:19:59 PM,-0.10
10100,4/15/2025 11:20:04 PM,-0.10
10100,4/15/2025 11:20:05 PM,-0.20
10100,4/15/2025 11:20:06 PM,-0.10
10100,4/15/2025 11:20:16 PM,-0.10
10100,4/15/2025 11:20:17 PM,-0.20
10100,4/15/2025 11:20:18 PM,-0.10
10100,4/15/2025 11:32:54 PM,-0.10
10100,4/15/2025 11:32:55 PM,0.00
10100,4/15/2025 11:32:56 PM,-0.10
10100,4/15/2025 11:33:01 PM,-0.10
10100,4/15/2025 11:33:02 PM,0.00
10100,4/15/2025 11:33:03 PM,-0.10
10100,4/15/2025 11:33:04 PM,-0.10
10100,4/15/2025 11:33:05 PM,0.00
10100,4/15/2025 11:33:06 PM,-0.10
10100,4/15/2025 11:33:11 PM,-0.10
10100,4/15/2025 11:33:12 PM,0.00
10100,4/15/2025 11:33:13 PM,0.00
10100,4/15/2025 11:33:14 PM,-0.10
10100,4/15/2025 11:33:17 PM,-0.10
10100,4/15/2025 11:33:18 PM,0.00
10100,4/15/2025 11:33:19 PM,-0.10
10100,4/15/2025 11:33:20 PM,0.00
10100,4/15/2025 11:33:21 PM,0.00
10100,4/15/2025 11:33:22 PM,-0.10
10100,4/15/2025 11:33:27 PM,-0.10
10100,4/15/2025 11:33:28 PM,0.00
10100,4/15/2025 11:33:29 PM,-0.10
10100,4/15/2025 11:33:30 PM,-0.10
10100,4/15/2025 11:33:31 PM,0.00
10100,4/15/2025 11:33:32 PM,-0.10
10100,4/15/2025 11:33:33 PM,0.00
10100,4/15/2025 11:33:34 PM,0.00
10100,4/15/2025 11:33:35 PM,-0.10
10100,4/15/2025 11:33:36 PM,0.00
10100,4/15/2025 11:33:37 PM,-0.10
10100,4/15/2025 11:33:39 PM,-0.10
10100,4/15/2025 11:33:40 PM,0.00
10100,4/15/2025 11:33:41 PM,0.00
10100,4/15/2025 11:33:42 PM,-0.10
10100,4/15/2025 11:33:43 PM,0.00
10100,4/15/2025 11:33:44 PM,-0.10
10100,4/15/2025 11:33:45 PM,0.00
10100,4/15/2025 11:33:52 PM,0.00
10100,4/15/2025 11:33:53 PM,-0.10
10100,4/15/2025 11:33:54 PM,0.00
10100,4/15/2025 11:33:56 PM,0.00
10100,4/15/2025 11:33:57 PM,-0.10
10100,4/15/2025 11:33:58 PM,0.00
10100,4/15/2025 11:34:01 PM,0.00
10100,4/15/2025 11:34:01 PM,-0.10
10100,4/15/2025 11:34:02 PM,0.00
10100,4/15/2025 11:34:04 PM,0.00
10100,4/15/2025 11:34:05 PM,-0.10
10100,4/15/2025 11:34:06 PM,-0.10
10100,4/15/2025 11:34:07 PM,0.00
10100,4/15/2025 11:34:19 PM,0.00
10100,4/15/2025 11:34:20 PM,-0.10
10100,4/15/2025 11:34:21 PM,0.00
10100,4/16/2025 12:24:22 AM,0.00
10100,4/16/2025 1:10:50 AM,0.00
10100,4/16/2025 1:10:51 AM,0.10
10100,4/16/2025 1:10:52 AM,0.00
10100,4/16/2025 1:11:12 AM,0.00
10100,4/16/2025 1:11:13 AM,0.10
10100,4/16/2025 1:11:14 AM,0.00
10100,4/16/2025 1:11:47 AM,0.00
10100,4/16/2025 1:11:48 AM,0.10
10100,4/16/2025 1:11:49 AM,0.00
10100,4/16/2025 1:12:44 AM,0.00
10100,4/16/2025 1:12:45 AM,0.10
10100,4/16/2025 1:12:46 AM,0.00
10100,4/16/2025 1:13:02 AM,0.00
10100,4/16/2025 1:13:03 AM,0.10
10100,4/16/2025 1:13:04 AM,0.00
10100,4/16/2025 1:16:01 AM,0.00
10100,4/16/2025 1:16:01 AM,0.10
10100,4/16/2025 1:16:02 AM,0.00
10100,4/16/2025 1:16:17 AM,0.00
10100,4/16/2025 1:16:18 AM,0.10
10100,4/16/2025 1:16:19 AM,0.00
10100,4/16/2025 1:16:29 AM,0.00
10100,4/16/2025 1:16:30 AM,0.10
10100,4/16/2025 1:16:31 AM,0.00
10100,4/16/2025 1:16:33 AM,0.00
10100,4/16/2025 1:16:34 AM,0.10
10100,4/16/2025 1:16:35 AM,0.00
10100,4/16/2025 1:16:39 AM,0.00
10100,4/16/2025 1:16:40 AM,0.10
10100,4/16/2025 1:16:41 AM,0.00
10100,4/16/2025 1:17:03 AM,0.00
10100,4/16/2025 1:17:04 AM,0.10
10100,4/16/2025 1:17:05 AM,0.00
10100,4/16/2025 1:17:07 AM,0.00
10100,4/16/2025 1:17:08 AM,0.10
10100,4/16/2025 1:17:09 AM,0.00
10100,4/16/2025 1:17:19 AM,0.00
10100,4/16/2025 1:17:20 AM,0.10
10100,4/16/2025 1:17:21 AM,0.00
10100,4/16/2025 1:17:27 AM,0.00
10100,4/16/2025 1:17:28 AM,0.10
10100,4/16/2025 1:17:29 AM,0.00
10100,4/16/2025 1:17:30 AM,0.00
10100,4/16/2025 1:17:31 AM,0.10
10100,4/16/2025 1:17:32 AM,0.00
10100,4/16/2025 1:17:40 AM,0.00
10100,4/16/2025 1:17:41 AM,0.10
10100,4/16/2025 1:17:42 AM,0.00
10100,4/16/2025 1:17:43 AM,0.10
10100,4/16/2025 1:17:44 AM,0.10
10100,4/16/2025 1:17:45 AM,0.00
10100,4/16/2025 1:17:50 AM,0.00
10100,4/16/2025 1:17:51 AM,0.10
10100,4/16/2025 1:17:52 AM,0.00
10100,4/16/2025 1:17:55 AM,0.00
10100,4/16/2025 1:17:56 AM,0.10
10100,4/16/2025 1:17:57 AM,0.00
10100,4/16/2025 1:18:01 AM,0.00
10100,4/16/2025 1:18:02 AM,0.10
10100,4/16/2025 1:18:03 AM,0.00
10100,4/16/2025 1:18:04 AM,0.10
10100,4/16/2025 1:18:05 AM,0.00
10100,4/16/2025 1:18:06 AM,0.10
10100,4/16/2025 1:18:07 AM,0.00
10100,4/16/2025 1:18:14 AM,0.00
10100,4/16/2025 1:18:15 AM,0.10
10100,4/16/2025 1:18:16 AM,0.00
10100,4/16/2025 1:18:17 AM,0.10
10100,4/16/2025 1:18:18 AM,0.00
10100,4/16/2025 1:18:39 AM,0.00
10100,4/16/2025 1:18:40 AM,0.10
10100,4/16/2025 1:18:41 AM,0.00
10100,4/16/2025 1:18:43 AM,0.00
10100,4/16/2025 1:18:44 AM,0.10
10100,4/16/2025 1:18:45 AM,0.10
10100,4/16/2025 1:18:46 AM,0.00
10100,4/16/2025 1:18:47 AM,0.00
10100,4/16/2025 1:18:48 AM,0.10
10100,4/16/2025 1:18:49 AM,0.00
10100,4/16/2025 1:18:51 AM,0.00
10100,4/16/2025 1:18:52 AM,0.10
10100,4/16/2025 1:18:53 AM,0.00
10100,4/16/2025 1:18:56 AM,0.00
10100,4/16/2025 1:18:57 AM,0.10
10100,4/16/2025 1:18:58 AM,0.00
10100,4/16/2025 1:19:01 AM,0.00
10100,4/16/2025 1:19:02 AM,0.10
10100,4/16/2025 1:19:03 AM,0.00
10100,4/16/2025 1:19:17 AM,0.00
10100,4/16/2025 1:19:18 AM,0.10
10100,4/16/2025 1:19:19 AM,0.00
10100,4/16/2025 1:19:22 AM,0.00
10100,4/16/2025 1:19:23 AM,0.10
10100,4/16/2025 1:19:24 AM,0.00
10100,4/16/2025 1:19:25 AM,0.00
10100,4/16/2025 1:19:26 AM,0.10
10100,4/16/2025 1:19:27 AM,0.00
10100,4/16/2025 1:19:28 AM,0.10
10100,4/16/2025 1:19:29 AM,0.00
10100,4/16/2025 1:19:30 AM,0.10
10100,4/16/2025 1:19:31 AM,0.00
10100,4/16/2025 1:19:32 AM,0.10
10100,4/16/2025 1:19:34 AM,0.10
10100,4/16/2025 1:19:35 AM,0.00
10100,4/16/2025 1:19:36 AM,0.00
10100,4/16/2025 1:19:37 AM,0.10
10100,4/16/2025 1:19:38 AM,0.10
10100,4/16/2025 1:19:39 AM,0.00
10100,4/16/2025 1:19:40 AM,0.10
10100,4/16/2025 1:19:41 AM,0.00
10100,4/16/2025 1:19:48 AM,0.00
10100,4/16/2025 1:19:49 AM,0.10
10100,4/16/2025 1:19:50 AM,0.00
10100,4/16/2025 1:20:02 AM,0.00
10100,4/16/2025 1:20:03 AM,0.10
10100,4/16/2025 1:20:04 AM,0.00
10100,4/16/2025 1:20:10 AM,0.00
10100,4/16/2025 1:20:11 AM,0.10
10100,4/16/2025 1:20:12 AM,0.00
10100,4/16/2025 1:20:25 AM,0.00
10100,4/16/2025 1:20:26 AM,0.10
10100,4/16/2025 1:20:27 AM,0.00
10100,4/16/2025 1:20:28 AM,0.10
10100,4/16/2025 1:20:29 AM,0.00
10100,4/16/2025 1:20:46 AM,0.00
10100,4/16/2025 1:20:47 AM,0.10
10100,4/16/2025 1:20:48 AM,0.00
10100,4/16/2025 1:20:50 AM,0.00
10100,4/16/2025 1:20:51 AM,0.10
10100,4/16/2025 1:20:52 AM,0.00
10100,4/16/2025 1:20:53 AM,0.00
10100,4/16/2025 1:20:54 AM,0.10
10100,4/16/2025 1:20:55 AM,0.00
10100,4/16/2025 1:20:58 AM,0.00
10100,4/16/2025 1:20:59 AM,0.10
10100,4/16/2025 1:21:01 AM,0.00
10100,4/16/2025 1:21:08 AM,0.00
10100,4/16/2025 1:21:09 AM,0.10
10100,4/16/2025 1:21:10 AM,0.00
10100,4/16/2025 1:21:11 AM,0.10
10100,4/16/2025 1:21:12 AM,0.00
10100,4/16/2025 1:21:13 AM,0.10
10100,4/16/2025 1:21:14 AM,0.00
10100,4/16/2025 1:21:17 AM,0.00
10100,4/16/2025 1:21:18 AM,0.10
10100,4/16/2025 1:21:19 AM,0.00
10100,4/16/2025 1:21:21 AM,0.00
10100,4/16/2025 1:21:22 AM,0.10
10100,4/16/2025 1:21:23 AM,0.00
10100,4/16/2025 1:21:25 AM,0.00
10100,4/16/2025 1:21:26 AM,0.10
10100,4/16/2025 1:21:27 AM,0.00
10100,4/16/2025 1:21:29 AM,0.00
10100,4/16/2025 1:21:30 AM,0.10
10100,4/16/2025 1:21:31 AM,0.00
10100,4/16/2025 1:21:34 AM,0.00
10100,4/16/2025 1:21:35 AM,0.10
10100,4/16/2025 1:21:36 AM,0.10
10100,4/16/2025 1:21:37 AM,0.00
10100,4/16/2025 1:21:38 AM,0.10
10100,4/16/2025 1:21:40 AM,0.10
10100,4/16/2025 1:21:41 AM,0.00
10100,4/16/2025 1:21:49 AM,0.00
10100,4/16/2025 1:21:50 AM,0.10
10100,4/16/2025 1:21:51 AM,0.00
10100,4/16/2025 1:21:54 AM,0.00
10100,4/16/2025 1:21:55 AM,0.10
10100,4/16/2025 1:21:56 AM,0.00
10100,4/16/2025 1:21:57 AM,0.10
10100,4/16/2025 1:21:58 AM,0.00
10100,4/16/2025 1:22:01 AM,0.00
10100,4/16/2025 1:22:01 AM,0.10
10100,4/16/2025 1:22:02 AM,0.00
10100,4/16/2025 1:22:05 AM,0.00
10100,4/16/2025 1:22:06 AM,0.10
10100,4/16/2025 1:22:07 AM,0.10
10100,4/16/2025 1:22:08 AM,0.00
10100,4/16/2025 1:22:09 AM,0.00
10100,4/16/2025 1:22:10 AM,0.10
10100,4/16/2025 1:22:12 AM,0.10
10100,4/16/2025 1:22:13 AM,0.00
10100,4/16/2025 1:22:15 AM,0.00
10100,4/16/2025 1:22:16 AM,0.10
10100,4/16/2025 1:22:17 AM,0.10
10100,4/16/2025 1:22:18 AM,0.00
10100,4/16/2025 1:22:25 AM,0.00
10100,4/16/2025 1:22:26 AM,0.10
10100,4/16/2025 1:22:27 AM,0.10
10100,4/16/2025 1:22:28 AM,0.00
10100,4/16/2025 1:22:29 AM,0.00
10100,4/16/2025 1:22:30 AM,0.10
10100,4/16/2025 1:22:31 AM,0.10
10100,4/16/2025 1:22:32 AM,0.00
10100,4/16/2025 1:22:36 AM,0.00
10100,4/16/2025 1:22:37 AM,0.10
10100,4/16/2025 1:22:38 AM,0.00
10100,4/16/2025 1:22:39 AM,0.00
10100,4/16/2025 1:22:40 AM,0.10
10100,4/16/2025 1:22:42 AM,0.10
10100,4/16/2025 1:22:43 AM,0.00
10100,4/16/2025 1:22:44 AM,0.00
10100,4/16/2025 1:22:45 AM,0.10
10100,4/16/2025 1:22:46 AM,0.00
10100,4/16/2025 1:22:47 AM,0.10
10100,4/16/2025 1:22:48 AM,0.10
10100,4/16/2025 1:22:49 AM,0.00
10100,4/16/2025 1:22:50 AM,0.10
10100,4/16/2025 1:22:51 AM,0.10
10100,4/16/2025 1:22:52 AM,0.00
10100,4/16/2025 1:22:53 AM,0.10
10100,4/16/2025 1:22:54 AM,0.00
10100,4/16/2025 1:22:57 AM,0.00
10100,4/16/2025 1:22:58 AM,0.10
10100,4/16/2025 1:23:01 AM,0.10
10100,4/16/2025 1:23:02 AM,0.00
10100,4/16/2025 1:23:07 AM,0.00
10100,4/16/2025 1:23:08 AM,0.10
10100,4/16/2025 1:23:09 AM,0.00
10100,4/16/2025 1:23:10 AM,0.00
10100,4/16/2025 1:23:11 AM,0.10
10100,4/16/2025 1:23:13 AM,0.10
10100,4/16/2025 1:23:14 AM,0.00
10100,4/16/2025 1:23:15 AM,0.10
10100,4/16/2025 1:23:18 AM,0.10
10100,4/16/2025 1:23:19 AM,0.00
10100,4/16/2025 1:23:20 AM,0.00
10100,4/16/2025 1:23:21 AM,0.10
10100,4/16/2025 1:23:23 AM,0.10
10100,4/16/2025 1:23:24 AM,0.00
10100,4/16/2025 1:23:25 AM,0.10
10100,4/16/2025 1:23:26 AM,0.00
10100,4/16/2025 1:23:27 AM,0.10
10100,4/16/2025 1:23:28 AM,0.10
10100,4/16/2025 1:23:29 AM,0.00
10100,4/16/2025 1:23:30 AM,0.00
10100,4/16/2025 1:23:31 AM,0.10
10100,4/16/2025 1:23:32 AM,0.00
10100,4/16/2025 1:23:33 AM,0.10
10100,4/16/2025 1:23:34 AM,0.00
10100,4/16/2025 1:23:35 AM,0.10
10100,4/16/2025 1:23:41 AM,0.10
10100,4/16/2025 1:23:42 AM,0.00
10100,4/16/2025 1:23:44 AM,0.00
10100,4/16/2025 1:23:45 AM,0.10
10100,4/16/2025 1:23:46 AM,0.00
10100,4/16/2025 1:23:48 AM,0.00
10100,4/16/2025 1:23:49 AM,0.10
10100,4/16/2025 1:23:53 AM,0.10
10100,4/16/2025 1:23:54 AM,0.00
10100,4/16/2025 1:23:55 AM,0.10
10100,4/16/2025 1:24:04 AM,0.10
10100,4/16/2025 1:24:05 AM,0.00
10100,4/16/2025 1:24:06 AM,0.10
10100,4/16/2025 1:24:07 AM,0.00
10100,4/16/2025 1:24:08 AM,0.00
10100,4/16/2025 1:24:09 AM,0.10
10100,4/16/2025 1:24:10 AM,0.00
10100,4/16/2025 1:24:11 AM,0.10
10100,4/16/2025 1:24:14 AM,0.10
10100,4/16/2025 1:24:15 AM,0.00
10100,4/16/2025 1:24:16 AM,0.10
10100,4/16/2025 1:24:33 AM,0.10
10100,4/16/2025 1:24:34 AM,0.00
10100,4/16/2025 1:24:35 AM,0.10
10100,4/16/2025 1:24:49 AM,0.10
10100,4/16/2025 1:24:50 AM,0.00
10100,4/16/2025 1:24:51 AM,0.10
10100,4/16/2025 1:24:53 AM,0.10
10100,4/16/2025 1:24:54 AM,0.00
10100,4/16/2025 1:24:55 AM,0.10
10100,4/16/2025 1:24:56 AM,0.00
10100,4/16/2025 1:24:57 AM,0.10
10100,4/16/2025 1:25:01 AM,0.10
10100,4/16/2025 1:25:01 AM,0.00
10100,4/16/2025 1:25:02 AM,0.10
10100,4/16/2025 1:27:08 AM,0.10
10100,4/16/2025 1:27:09 AM,0.00
10100,4/16/2025 1:27:10 AM,0.10
10100,4/16/2025 1:46:18 AM,0.10
10100,4/16/2025 1:46:19 AM,0.00
10100,4/16/2025 1:46:20 AM,0.10
10100,4/16/2025 1:47:23 AM,0.10
10100,4/16/2025 1:47:24 AM,0.00
10100,4/16/2025 1:47:25 AM,0.10
10100,4/16/2025 1:47:56 AM,0.10
10100,4/16/2025 1:47:57 AM,0.00
10100,4/16/2025 1:47:58 AM,0.10
10100,4/16/2025 1:49:01 AM,0.10
10100,4/16/2025 1:49:01 AM,0.00
10100,4/16/2025 1:49:02 AM,0.10
10100,4/16/2025 1:52:31 AM,0.10
10100,4/16/2025 1:52:32 AM,0.00
10100,4/16/2025 1:52:33 AM,0.10
10100,4/16/2025 1:57:57 AM,0.10
10100,4/16/2025 1:57:58 AM,0.00
10100,4/16/2025 1:57:59 AM,0.10
10100,4/16/2025 2:00:04 AM,0.10
10100,4/16/2025 2:00:05 AM,0.00
10100,4/16/2025 2:00:06 AM,0.10
10100,4/16/2025 2:02:30 AM,0.10
10100,4/16/2025 2:02:31 AM,0.00
10100,4/16/2025 2:02:32 AM,0.10
10100,4/16/2025 2:04:17 AM,0.10
10100,4/16/2025 2:04:18 AM,0.00
10100,4/16/2025 2:04:19 AM,0.10
10100,4/16/2025 2:04:30 AM,0.10
10100,4/16/2025 2:04:31 AM,0.00
10100,4/16/2025 2:04:32 AM,0.10
10100,4/16/2025 2:05:53 AM,0.10
10100,4/16/2025 2:05:54 AM,0.00
10100,4/16/2025 2:05:55 AM,0.10
10100,4/16/2025 2:06:01 AM,0.10
10100,4/16/2025 2:06:01 AM,0.00
10100,4/16/2025 2:06:02 AM,0.10
10100,4/16/2025 2:07:15 AM,0.10
10100,4/16/2025 2:07:16 AM,0.00
10100,4/16/2025 2:07:17 AM,0.10
10100,4/16/2025 2:07:43 AM,0.10
10100,4/16/2025 2:07:44 AM,0.00
10100,4/16/2025 2:07:45 AM,0.10
10100,4/16/2025 2:08:39 AM,0.10
10100,4/16/2025 2:08:40 AM,0.00
10100,4/16/2025 2:08:41 AM,0.10
10100,4/16/2025 2:08:53 AM,0.10
10100,4/16/2025 2:08:54 AM,0.00
10100,4/16/2025 2:08:55 AM,0.10
10100,4/16/2025 2:09:22 AM,0.10
10100,4/16/2025 2:09:23 AM,0.00
10100,4/16/2025 2:09:24 AM,0.10
10100,4/16/2025 2:10:01 AM,0.10
10100,4/16/2025 2:10:02 AM,0.00
10100,4/16/2025 2:10:03 AM,0.10
10100,4/16/2025 2:10:19 AM,0.10
10100,4/16/2025 2:10:20 AM,0.00
10100,4/16/2025 2:10:21 AM,0.10
10100,4/16/2025 2:11:33 AM,0.10
10100,4/16/2025 2:11:34 AM,0.00
10100,4/16/2025 2:11:35 AM,0.10
10100,4/16/2025 2:12:20 AM,0.10
10100,4/16/2025 2:12:21 AM,0.00
10100,4/16/2025 2:12:22 AM,0.10
10100,4/16/2025 2:14:17 AM,0.10
10100,4/16/2025 2:14:18 AM,0.00
10100,4/16/2025 2:14:19 AM,0.10
10100,4/16/2025 2:14:36 AM,0.10
10100,4/16/2025 2:14:37 AM,0.00
10100,4/16/2025 2:14:38 AM,0.10
10100,4/16/2025 2:14:53 AM,0.10
10100,4/16/2025 2:14:54 AM,0.00
10100,4/16/2025 2:14:55 AM,0.10
10100,4/16/2025 2:15:06 AM,0.10
10100,4/16/2025 2:15:07 AM,0.00
10100,4/16/2025 2:15:08 AM,0.10
10100,4/16/2025 2:15:11 AM,0.10
10100,4/16/2025 2:15:12 AM,0.00
10100,4/16/2025 2:15:13 AM,0.10
10100,4/16/2025 2:15:20 AM,0.10
10100,4/16/2025 2:15:21 AM,0.00
10100,4/16/2025 2:15:22 AM,0.10
10100,4/16/2025 2:16:14 AM,0.10
10100,4/16/2025 2:16:15 AM,0.00
10100,4/16/2025 2:16:16 AM,0.00
10100,4/16/2025 2:16:17 AM,0.10
10100,4/16/2025 2:16:52 AM,0.10
10100,4/16/2025 2:16:53 AM,0.00
10100,4/16/2025 2:16:54 AM,0.10
10100,4/16/2025 2:16:55 AM,0.00
10100,4/16/2025 2:16:56 AM,0.10
10100,4/16/2025 2:16:57 AM,0.00
10100,4/16/2025 2:16:58 AM,0.10
10100,4/16/2025 2:17:02 AM,0.10
10100,4/16/2025 2:17:03 AM,0.00
10100,4/16/2025 2:17:04 AM,0.10
10100,4/16/2025 2:17:05 AM,0.10
10100,4/16/2025 2:17:06 AM,0.00
10100,4/16/2025 2:17:07 AM,0.10
10100,4/16/2025 2:17:14 AM,0.10
10100,4/16/2025 2:17:15 AM,0.00
10100,4/16/2025 2:17:16 AM,0.10
10100,4/16/2025 2:17:17 AM,0.10
10100,4/16/2025 2:17:18 AM,0.00
10100,4/16/2025 2:17:19 AM,0.00
10100,4/16/2025 2:17:20 AM,0.10
10100,4/16/2025 2:17:21 AM,0.00
10100,4/16/2025 2:17:22 AM,0.10
10100,4/16/2025 2:17:23 AM,0.10
10100,4/16/2025 2:17:24 AM,0.00
10100,4/16/2025 2:17:26 AM,0.00
10100,4/16/2025 2:17:27 AM,0.10
10100,4/16/2025 2:17:34 AM,0.10
10100,4/16/2025 2:17:35 AM,0.00
10100,4/16/2025 2:17:37 AM,0.00
10100,4/16/2025 2:17:38 AM,0.10
10100,4/16/2025 2:17:39 AM,0.00
10100,4/16/2025 2:17:40 AM,0.10
10100,4/16/2025 2:17:41 AM,0.00
10100,4/16/2025 2:17:42 AM,0.10
10100,4/16/2025 2:17:43 AM,0.00
10100,4/16/2025 2:17:44 AM,0.10
10100,4/16/2025 2:17:51 AM,0.10
10100,4/16/2025 2:17:52 AM,0.00
10100,4/16/2025 2:17:53 AM,0.10
10100,4/16/2025 2:17:54 AM,0.10
10100,4/16/2025 2:17:55 AM,0.00
10100,4/16/2025 2:17:56 AM,0.10
10100,4/16/2025 2:17:57 AM,0.10
10100,4/16/2025 2:17:58 AM,0.00
10100,4/16/2025 2:17:59 AM,0.00
10100,4/16/2025 2:18:01 AM,0.10
10100,4/16/2025 2:18:01 AM,0.10
10100,4/16/2025 2:18:02 AM,0.00
10100,4/16/2025 2:18:03 AM,0.10
10100,4/16/2025 2:18:05 AM,0.10
10100,4/16/2025 2:18:06 AM,0.00
10100,4/16/2025 2:18:07 AM,0.10
10100,4/16/2025 2:18:15 AM,0.10
10100,4/16/2025 2:18:16 AM,0.00
10100,4/16/2025 2:18:17 AM,0.10
10100,4/16/2025 2:18:23 AM,0.10
10100,4/16/2025 2:18:24 AM,0.00
10100,4/16/2025 2:18:25 AM,0.10
10100,4/16/2025 2:18:27 AM,0.10
10100,4/16/2025 2:18:28 AM,0.00
10100,4/16/2025 2:18:29 AM,0.10
10100,4/16/2025 2:18:30 AM,0.10
10100,4/16/2025 2:18:31 AM,0.00
10100,4/16/2025 2:18:32 AM,0.10
10100,4/16/2025 2:18:34 AM,0.10
10100,4/16/2025 2:18:35 AM,0.00
10100,4/16/2025 2:18:36 AM,0.00
10100,4/16/2025 2:18:37 AM,0.10
10100,4/16/2025 2:18:43 AM,0.10
10100,4/16/2025 2:18:44 AM,0.00
10100,4/16/2025 2:18:45 AM,0.10
10100,4/16/2025 2:18:46 AM,0.00
10100,4/16/2025 2:18:47 AM,0.10
10100,4/16/2025 2:18:56 AM,0.10
10100,4/16/2025 2:18:57 AM,0.00
10100,4/16/2025 2:18:58 AM,0.10
10100,4/16/2025 2:18:59 AM,0.00
10100,4/16/2025 2:19:01 AM,0.10
10100,4/16/2025 2:19:01 AM,0.10
10100,4/16/2025 2:19:02 AM,0.00
10100,4/16/2025 2:19:03 AM,0.00
10100,4/16/2025 2:19:04 AM,0.10
10100,4/16/2025 2:19:09 AM,0.10
10100,4/16/2025 2:19:10 AM,0.00
10100,4/16/2025 2:19:11 AM,0.10
10100,4/16/2025 2:19:12 AM,0.00
10100,4/16/2025 2:19:13 AM,0.10
10100,4/16/2025 2:19:21 AM,0.10
10100,4/16/2025 2:19:22 AM,0.00
10100,4/16/2025 2:19:23 AM,0.10
10100,4/16/2025 2:19:24 AM,0.00
10100,4/16/2025 2:19:26 AM,0.00
10100,4/16/2025 2:19:27 AM,0.10
10100,4/16/2025 2:19:32 AM,0.10
10100,4/16/2025 2:19:33 AM,0.00
10100,4/16/2025 2:19:34 AM,0.10
10100,4/16/2025 2:19:42 AM,0.10
10100,4/16/2025 2:19:43 AM,0.00
10100,4/16/2025 2:19:44 AM,0.10
10100,4/16/2025 2:19:45 AM,0.10
10100,4/16/2025 2:19:46 AM,0.00
10100,4/16/2025 2:19:47 AM,0.10
10100,4/16/2025 2:19:56 AM,0.10
10100,4/16/2025 2:19:57 AM,0.00
10100,4/16/2025 2:19:58 AM,0.10
10100,4/16/2025 2:19:59 AM,0.00
10100,4/16/2025 2:20:01 AM,0.10
10100,4/16/2025 2:20:09 AM,0.10
10100,4/16/2025 2:20:10 AM,0.00
10100,4/16/2025 2:20:11 AM,0.10
10100,4/16/2025 2:20:20 AM,0.10
10100,4/16/2025 2:20:21 AM,0.00
10100,4/16/2025 2:20:22 AM,0.00
10100,4/16/2025 2:20:23 AM,0.10
10100,4/16/2025 2:20:25 AM,0.10
10100,4/16/2025 2:20:26 AM,0.00
10100,4/16/2025 2:20:28 AM,0.00
10100,4/16/2025 2:20:29 AM,0.10
10100,4/16/2025 2:20:30 AM,0.00
10100,4/16/2025 2:20:31 AM,0.10
10100,4/16/2025 2:20:32 AM,0.00
10100,4/16/2025 2:20:33 AM,0.10
10100,4/16/2025 2:20:34 AM,0.00
10100,4/16/2025 2:20:35 AM,0.10
10100,4/16/2025 2:20:36 AM,0.00
10100,4/16/2025 2:20:39 AM,0.00
10100,4/16/2025 2:20:40 AM,0.10
10100,4/16/2025 2:20:41 AM,0.00
10100,4/16/2025 2:20:46 AM,0.00
10100,4/16/2025 2:20:47 AM,0.10
10100,4/16/2025 2:20:48 AM,0.00
10100,4/16/2025 2:20:49 AM,0.10
10100,4/16/2025 2:20:50 AM,0.00
10100,4/16/2025 2:20:51 AM,0.00
10100,4/16/2025 2:20:52 AM,0.10
10100,4/16/2025 2:20:53 AM,0.10
10100,4/16/2025 2:20:54 AM,0.00
10100,4/16/2025 2:20:55 AM,0.10
10100,4/16/2025 2:20:56 AM,0.10
10100,4/16/2025 2:20:57 AM,0.00
10100,4/16/2025 2:20:58 AM,0.10
10100,4/16/2025 2:20:59 AM,0.00
10100,4/16/2025 2:21:02 AM,0.00
10100,4/16/2025 2:21:03 AM,0.10
10100,4/16/2025 2:21:04 AM,0.00
10100,4/16/2025 2:21:10 AM,0.00
10100,4/16/2025 2:21:11 AM,0.10
10100,4/16/2025 2:21:12 AM,0.00
10100,4/16/2025 2:21:13 AM,0.10
10100,4/16/2025 2:21:14 AM,0.00
10100,4/16/2025 2:21:15 AM,0.10
10100,4/16/2025 2:21:16 AM,0.00
10100,4/16/2025 2:21:17 AM,0.10
10100,4/16/2025 2:21:19 AM,0.10
10100,4/16/2025 2:21:20 AM,0.00
10100,4/16/2025 2:21:22 AM,0.00
10100,4/16/2025 2:21:23 AM,0.10
10100,4/16/2025 2:21:24 AM,0.10
10100,4/16/2025 2:21:25 AM,0.00
10100,4/16/2025 2:21:26 AM,0.00
10100,4/16/2025 2:21:27 AM,0.10
10100,4/16/2025 2:21:28 AM,0.00
10100,4/16/2025 2:21:29 AM,0.10
10100,4/16/2025 2:21:33 AM,0.10
10100,4/16/2025 2:21:34 AM,0.00
10100,4/16/2025 2:21:35 AM,0.00
10100,4/16/2025 2:21:36 AM,0.10
10100,4/16/2025 2:21:37 AM,0.10
10100,4/16/2025 2:21:38 AM,0.00
10100,4/16/2025 2:21:40 AM,0.00
10100,4/16/2025 2:21:41 AM,0.10
10100,4/16/2025 2:21:42 AM,0.10
10100,4/16/2025 2:21:43 AM,0.00
10100,4/16/2025 2:21:44 AM,0.00
10100,4/16/2025 2:21:45 AM,0.10
10100,4/16/2025 2:21:46 AM,0.00
10100,4/16/2025 2:21:47 AM,0.10
10100,4/16/2025 2:21:49 AM,0.10
10100,4/16/2025 2:21:50 AM,0.00
10100,4/16/2025 2:21:51 AM,0.00
10100,4/16/2025 2:21:52 AM,0.10
10100,4/16/2025 2:21:53 AM,0.10
10100,4/16/2025 2:21:54 AM,0.00
10100,4/16/2025 2:21:55 AM,0.10
10100,4/16/2025 2:22:01 AM,0.10
10100,4/16/2025 2:22:01 AM,0.00
10100,4/16/2025 2:22:02 AM,0.10
10100,4/16/2025 2:22:03 AM,0.00
10100,4/16/2025 2:22:04 AM,0.00
10100,4/16/2025 2:22:05 AM,0.10
10100,4/16/2025 2:22:09 AM,0.10
10100,4/16/2025 2:22:10 AM,0.00
10100,4/16/2025 2:22:11 AM,0.00
10100,4/16/2025 2:22:12 AM,0.10
10100,4/16/2025 2:22:13 AM,0.00
10100,4/16/2025 2:22:14 AM,0.10
10100,4/16/2025 2:22:15 AM,0.00
10100,4/16/2025 2:22:16 AM,0.00
10100,4/16/2025 2:22:17 AM,0.10
10100,4/16/2025 2:22:20 AM,0.10
10100,4/16/2025 2:22:21 AM,0.00
10100,4/16/2025 2:22:24 AM,0.00
10100,4/16/2025 2:22:25 AM,0.10
10100,4/16/2025 2:22:26 AM,0.10
10100,4/16/2025 2:22:27 AM,0.00
10100,4/16/2025 2:22:31 AM,0.00
10100,4/16/2025 2:22:32 AM,0.10
10100,4/16/2025 2:22:33 AM,0.10
10100,4/16/2025 2:22:34 AM,0.00
10100,4/16/2025 2:22:35 AM,0.10
10100,4/16/2025 2:22:36 AM,0.00
10100,4/16/2025 2:22:37 AM,0.00
10100,4/16/2025 2:22:38 AM,0.10
10100,4/16/2025 2:22:39 AM,0.00
10100,4/16/2025 2:22:40 AM,0.10
10100,4/16/2025 2:22:41 AM,0.10
10100,4/16/2025 2:22:42 AM,0.00
10100,4/16/2025 2:22:44 AM,0.00
10100,4/16/2025 2:22:45 AM,0.10
10100,4/16/2025 2:22:46 AM,0.00
10100,4/16/2025 2:22:47 AM,0.10
10100,4/16/2025 2:22:48 AM,0.00
10100,4/16/2025 2:22:55 AM,0.00
10100,4/16/2025 2:22:56 AM,0.10
10100,4/16/2025 2:22:57 AM,0.00
10100,4/16/2025 2:22:58 AM,0.10
10100,4/16/2025 2:22:59 AM,0.00
10100,4/16/2025 2:23:01 AM,0.00
10100,4/16/2025 2:23:01 AM,0.10
10100,4/16/2025 2:23:02 AM,0.00
10100,4/16/2025 2:23:06 AM,0.00
10100,4/16/2025 2:23:07 AM,0.10
10100,4/16/2025 2:23:08 AM,0.00
10100,4/16/2025 2:23:13 AM,0.00
10100,4/16/2025 2:23:14 AM,0.10
10100,4/16/2025 2:23:15 AM,0.00
10100,4/16/2025 2:23:18 AM,0.00
10100,4/16/2025 2:23:19 AM,0.10
10100,4/16/2025 2:23:20 AM,0.00
10100,4/16/2025 2:23:25 AM,0.00
10100,4/16/2025 2:23:26 AM,0.10
10100,4/16/2025 2:23:27 AM,0.00
10100,4/16/2025 2:23:46 AM,0.00
10100,4/16/2025 2:23:47 AM,0.10
10100,4/16/2025 2:23:48 AM,0.00
10100,4/16/2025 2:23:57 AM,0.00
10100,4/16/2025 2:23:58 AM,0.10
10100,4/16/2025 2:23:59 AM,0.10
10100,4/16/2025 2:24:01 AM,0.00
10100,4/16/2025 2:24:08 AM,0.00
10100,4/16/2025 2:24:09 AM,0.10
10100,4/16/2025 2:24:10 AM,0.00
10100,4/16/2025 2:24:12 AM,0.00
10100,4/16/2025 2:24:13 AM,0.10
10100,4/16/2025 2:24:14 AM,0.00
10100,4/16/2025 2:24:18 AM,0.00
10100,4/16/2025 2:24:19 AM,0.10
10100,4/16/2025 2:24:20 AM,0.00
10100,4/16/2025 2:24:22 AM,0.00
10100,4/16/2025 2:24:23 AM,0.10
10100,4/16/2025 2:24:24 AM,0.00
10100,4/16/2025 2:24:33 AM,0.00
10100,4/16/2025 2:24:34 AM,0.10
10100,4/16/2025 2:24:35 AM,0.00
10100,4/16/2025 2:24:42 AM,0.00
10100,4/16/2025 2:24:43 AM,0.10
10100,4/16/2025 2:24:44 AM,0.00
10100,4/16/2025 2:24:48 AM,0.00
10100,4/16/2025 2:24:49 AM,0.10
10100,4/16/2025 2:24:50 AM,0.00
10100,4/16/2025 2:24:53 AM,0.00
10100,4/16/2025 2:24:54 AM,0.10
10100,4/16/2025 2:24:55 AM,0.00
10100,4/16/2025 2:25:17 AM,0.00
10100,4/16/2025 2:25:18 AM,0.10
10100,4/16/2025 2:25:19 AM,0.00
10100,4/16/2025 2:25:22 AM,0.00
10100,4/16/2025 2:25:23 AM,0.10
10100,4/16/2025 2:25:24 AM,0.00
10100,4/16/2025 2:25:27 AM,0.00
10100,4/16/2025 2:25:28 AM,0.10
10100,4/16/2025 2:25:29 AM,0.00
10100,4/16/2025 2:25:41 AM,0.00
10100,4/16/2025 2:25:42 AM,0.10
10100,4/16/2025 2:25:43 AM,0.10
10100,4/16/2025 2:25:44 AM,0.00
10100,4/16/2025 2:25:47 AM,0.00
10100,4/16/2025 2:25:48 AM,0.10
10100,4/16/2025 2:25:49 AM,0.00
10100,4/16/2025 2:25:54 AM,0.00
10100,4/16/2025 2:25:55 AM,0.10
10100,4/16/2025 2:25:56 AM,0.00
10100,4/16/2025 2:26:14 AM,0.00
10100,4/16/2025 2:26:15 AM,0.10
10100,4/16/2025 2:26:16 AM,0.00
10100,4/16/2025 2:26:23 AM,0.00
10100,4/16/2025 2:26:24 AM,0.10
10100,4/16/2025 2:26:25 AM,0.00
10100,4/16/2025 2:26:27 AM,0.00
10100,4/16/2025 2:26:28 AM,0.10
10100,4/16/2025 2:26:29 AM,0.10
10100,4/16/2025 2:26:30 AM,0.00
10100,4/16/2025 2:26:46 AM,0.00
10100,4/16/2025 2:26:47 AM,0.10
10100,4/16/2025 2:26:48 AM,0.00
10100,4/16/2025 3:14:20 AM,0.00
10100,4/16/2025 3:14:21 AM,0.10
10100,4/16/2025 3:14:22 AM,0.10
10100,4/16/2025 3:14:23 AM,0.00
10100,4/16/2025 3:14:24 AM,0.10
10100,4/16/2025 3:14:25 AM,0.00
10100,4/16/2025 3:14:26 AM,0.10
10100,4/16/2025 3:14:27 AM,0.00
10100,4/16/2025 3:14:28 AM,0.00
10100,4/16/2025 3:14:29 AM,0.10
10100,4/16/2025 3:21:32 AM,0.10
10100,4/16/2025 3:21:33 AM,0.00
10100,4/16/2025 3:21:34 AM,0.10
10100,4/16/2025 3:22:06 AM,0.10
10100,4/16/2025 3:22:07 AM,0.00
10100,4/16/2025 3:22:08 AM,0.10
10100,4/16/2025 3:22:16 AM,0.10
10100,4/16/2025 3:22:17 AM,0.00
10100,4/16/2025 3:22:18 AM,0.10
10100,4/16/2025 3:22:33 AM,0.10
10100,4/16/2025 3:22:34 AM,0.00
10100,4/16/2025 3:22:35 AM,0.10
10100,4/16/2025 3:22:44 AM,0.10
10100,4/16/2025 3:22:45 AM,0.00
10100,4/16/2025 3:22:46 AM,0.10
10100,4/16/2025 3:22:50 AM,0.10
10100,4/16/2025 3:22:51 AM,0.00
10100,4/16/2025 3:22:52 AM,0.10
10100,4/16/2025 3:22:53 AM,0.10
10100,4/16/2025 3:22:54 AM,0.00
10100,4/16/2025 3:22:55 AM,0.10
10100,4/16/2025 3:22:56 AM,0.00
10100,4/16/2025 3:22:57 AM,0.00
10100,4/16/2025 3:22:58 AM,0.10
10100,4/16/2025 3:23:06 AM,0.10
10100,4/16/2025 3:23:07 AM,0.00
10100,4/16/2025 3:23:08 AM,0.10
10100,4/16/2025 3:23:10 AM,0.10
10100,4/16/2025 3:23:11 AM,0.00
10100,4/16/2025 3:23:13 AM,0.00
10100,4/16/2025 3:23:14 AM,0.10
10100,4/16/2025 3:23:16 AM,0.10
10100,4/16/2025 3:23:17 AM,0.00
10100,4/16/2025 3:23:18 AM,0.10
10100,4/16/2025 3:23:28 AM,0.10
10100,4/16/2025 3:23:29 AM,0.00
10100,4/16/2025 3:23:30 AM,0.10
10100,4/16/2025 3:23:39 AM,0.10
10100,4/16/2025 3:23:40 AM,0.00
10100,4/16/2025 3:23:41 AM,0.10
10100,4/16/2025 3:23:42 AM,0.00
10100,4/16/2025 3:23:43 AM,0.10
10100,4/16/2025 3:23:48 AM,0.10
10100,4/16/2025 3:23:49 AM,0.00
10100,4/16/2025 3:23:50 AM,0.10
10100,4/16/2025 3:23:51 AM,0.00
10100,4/16/2025 3:23:52 AM,0.10
10100,4/16/2025 3:23:53 AM,0.10
10100,4/16/2025 3:23:54 AM,0.00
10100,4/16/2025 3:23:55 AM,0.00
10100,4/16/2025 3:23:56 AM,0.10
10100,4/16/2025 3:24:01 AM,0.10
10100,4/16/2025 3:24:01 AM,0.00
10100,4/16/2025 3:24:02 AM,0.10
10100,4/16/2025 3:24:04 AM,0.10
10100,4/16/2025 3:24:05 AM,0.00
10100,4/16/2025 3:24:06 AM,0.10
10100,4/16/2025 3:24:08 AM,0.10
10100,4/16/2025 3:24:09 AM,0.00
10100,4/16/2025 3:24:10 AM,0.10
10100,4/16/2025 3:24:15 AM,0.10
10100,4/16/2025 3:24:16 AM,0.00
10100,4/16/2025 3:24:17 AM,0.00
10100,4/16/2025 3:24:18 AM,0.10
10100,4/16/2025 3:24:19 AM,0.10
10100,4/16/2025 3:24:20 AM,0.00
10100,4/16/2025 3:24:21 AM,0.10
10100,4/16/2025 3:24:27 AM,0.10
10100,4/16/2025 3:24:28 AM,0.00
10100,4/16/2025 3:24:29 AM,0.10
10100,4/16/2025 3:24:31 AM,0.10
10100,4/16/2025 3:24:32 AM,0.00
10100,4/16/2025 3:24:33 AM,0.10
10100,4/16/2025 3:24:34 AM,0.00
10100,4/16/2025 3:24:35 AM,0.10
10100,4/16/2025 3:24:44 AM,0.10
10100,4/16/2025 3:24:45 AM,0.00
10100,4/16/2025 3:24:46 AM,0.10
10100,4/16/2025 3:24:47 AM,0.00
10100,4/16/2025 3:24:48 AM,0.10
10100,4/16/2025 3:24:53 AM,0.10
10100,4/16/2025 3:24:54 AM,0.00
10100,4/16/2025 3:24:55 AM,0.10
10100,4/16/2025 3:24:57 AM,0.10
10100,4/16/2025 3:24:58 AM,0.00
10100,4/16/2025 3:24:59 AM,0.10
10100,4/16/2025 3:25:01 AM,0.10
10100,4/16/2025 3:25:02 AM,0.00
10100,4/16/2025 3:25:03 AM,0.10
10100,4/16/2025 3:25:08 AM,0.10
10100,4/16/2025 3:25:09 AM,0.00
10100,4/16/2025 3:25:10 AM,0.10
10100,4/16/2025 3:25:11 AM,0.00
10100,4/16/2025 3:25:12 AM,0.10
10100,4/16/2025 3:25:13 AM,0.10
10100,4/16/2025 3:25:14 AM,0.00
10100,4/16/2025 3:25:15 AM,0.10
10100,4/16/2025 3:25:17 AM,0.10
10100,4/16/2025 3:25:18 AM,0.00
10100,4/16/2025 3:25:19 AM,0.10
10100,4/16/2025 3:25:25 AM,0.10
10100,4/16/2025 3:25:26 AM,0.00
10100,4/16/2025 3:25:27 AM,0.00
10100,4/16/2025 3:25:28 AM,0.10
10100,4/16/2025 3:25:34 AM,0.10
10100,4/16/2025 3:25:35 AM,0.00
10100,4/16/2025 3:25:36 AM,0.10
10100,4/16/2025 3:25:37 AM,0.00
10100,4/16/2025 3:25:38 AM,0.10
10100,4/16/2025 3:25:39 AM,0.00
10100,4/16/2025 3:25:40 AM,0.10
10100,4/16/2025 3:25:41 AM,0.10
10100,4/16/2025 3:25:42 AM,0.00
10100,4/16/2025 3:25:43 AM,0.00
10100,4/16/2025 3:25:44 AM,0.10
10100,4/16/2025 3:25:45 AM,0.00
10100,4/16/2025 3:25:46 AM,0.10
10100,4/16/2025 3:25:47 AM,0.00
10100,4/16/2025 3:25:48 AM,0.00
10100,4/16/2025 3:25:49 AM,0.10
10100,4/16/2025 3:25:50 AM,0.00
10100,4/16/2025 3:25:51 AM,0.10
10100,4/16/2025 3:25:52 AM,0.10
10100,4/16/2025 3:25:53 AM,0.00
10100,4/16/2025 3:25:54 AM,0.10
10100,4/16/2025 3:25:55 AM,0.00
10100,4/16/2025 3:25:56 AM,0.00
10100,4/16/2025 3:25:57 AM,0.10
10100,4/16/2025 3:25:58 AM,0.10
10100,4/16/2025 3:25:59 AM,0.00
10100,4/16/2025 3:26:01 AM,0.10
10100,4/16/2025 3:26:01 AM,0.00
10100,4/16/2025 3:26:02 AM,0.00
10100,4/16/2025 3:26:03 AM,0.10
10100,4/16/2025 3:26:04 AM,0.10
10100,4/16/2025 3:26:05 AM,0.00
10100,4/16/2025 3:26:06 AM,0.10
10100,4/16/2025 3:26:07 AM,0.10
10100,4/16/2025 3:26:08 AM,0.00
10100,4/16/2025 3:26:09 AM,0.10
10100,4/16/2025 3:26:10 AM,0.00
10100,4/16/2025 3:26:11 AM,0.10
10100,4/16/2025 3:26:14 AM,0.10
10100,4/16/2025 3:26:15 AM,0.00
10100,4/16/2025 3:26:16 AM,0.10
10100,4/16/2025 3:26:17 AM,0.10
10100,4/16/2025 3:26:18 AM,0.00
10100,4/16/2025 3:26:19 AM,0.10
10100,4/16/2025 3:26:20 AM,0.00
10100,4/16/2025 3:26:21 AM,0.10
10100,4/16/2025 3:26:22 AM,0.10
10100,4/16/2025 3:26:23 AM,0.00
10100,4/16/2025 3:26:24 AM,0.10
10100,4/16/2025 3:26:25 AM,0.00
10100,4/16/2025 3:26:26 AM,0.00
10100,4/16/2025 3:26:27 AM,0.10
10100,4/16/2025 3:26:30 AM,0.10
10100,4/16/2025 3:26:31 AM,0.00
10100,4/16/2025 3:26:32 AM,0.10
10100,4/16/2025 3:26:38 AM,0.10
10100,4/16/2025 3:26:39 AM,0.00
10100,4/16/2025 3:26:40 AM,0.10
10100,4/16/2025 3:26:41 AM,0.10
10100,4/16/2025 3:26:42 AM,0.00
10100,4/16/2025 3:26:43 AM,0.10
10100,4/16/2025 3:26:44 AM,0.10
10100,4/16/2025 3:26:45 AM,0.00
10100,4/16/2025 3:26:46 AM,0.00
10100,4/16/2025 3:26:47 AM,0.10
10100,4/16/2025 3:26:54 AM,0.10
10100,4/16/2025 3:26:55 AM,0.00
10100,4/16/2025 3:26:56 AM,0.10
10100,4/16/2025 3:26:57 AM,0.00
10100,4/16/2025 3:26:58 AM,0.10
10100,4/16/2025 3:26:59 AM,0.10
10100,4/16/2025 3:27:01 AM,0.00
10100,4/16/2025 3:27:01 AM,0.00
10100,4/16/2025 3:27:02 AM,0.10
10100,4/16/2025 3:27:05 AM,0.10
10100,4/16/2025 3:27:06 AM,0.00
10100,4/16/2025 3:27:07 AM,0.00
10100,4/16/2025 3:27:08 AM,0.10
10100,4/16/2025 3:27:09 AM,0.00
10100,4/16/2025 3:27:10 AM,0.10
10100,4/16/2025 3:27:12 AM,0.10
10100,4/16/2025 3:27:13 AM,0.00
10100,4/16/2025 3:27:14 AM,0.10
10100,4/16/2025 3:27:15 AM,0.00
10100,4/16/2025 3:27:17 AM,0.00
10100,4/16/2025 3:27:18 AM,0.10
10100,4/16/2025 3:27:19 AM,0.10
10100,4/16/2025 3:27:20 AM,0.00
10100,4/16/2025 3:27:22 AM,0.00
10100,4/16/2025 3:27:23 AM,0.10
10100,4/16/2025 3:27:24 AM,0.00
10100,4/16/2025 3:27:25 AM,0.10
10100,4/16/2025 3:27:26 AM,0.00
10100,4/16/2025 3:27:27 AM,0.10
10100,4/16/2025 3:27:29 AM,0.10
10100,4/16/2025 3:27:30 AM,0.00
10100,4/16/2025 3:27:31 AM,0.10
10100,4/16/2025 3:27:34 AM,0.10
10100,4/16/2025 3:27:35 AM,0.00
10100,4/16/2025 3:27:36 AM,0.00
10100,4/16/2025 3:27:37 AM,0.10
10100,4/16/2025 3:27:39 AM,0.10
10100,4/16/2025 3:27:40 AM,0.00
10100,4/16/2025 3:27:41 AM,0.10
10100,4/16/2025 3:27:44 AM,0.10
10100,4/16/2025 3:27:45 AM,0.00
10100,4/16/2025 3:27:46 AM,0.10
10100,4/16/2025 3:27:47 AM,0.10
10100,4/16/2025 3:27:48 AM,0.00
10100,4/16/2025 3:27:52 AM,0.00
10100,4/16/2025 3:27:53 AM,0.10
10100,4/16/2025 3:27:54 AM,0.10
10100,4/16/2025 3:27:55 AM,0.00
10100,4/16/2025 3:27:56 AM,0.10
10100,4/16/2025 3:27:59 AM,0.10
10100,4/16/2025 3:28:01 AM,0.00
10100,4/16/2025 3:28:01 AM,0.10
10100,4/16/2025 3:28:02 AM,0.00
10100,4/16/2025 3:28:05 AM,0.00
10100,4/16/2025 3:28:06 AM,0.10
10100,4/16/2025 3:28:08 AM,0.10
10100,4/16/2025 3:28:09 AM,0.00
10100,4/16/2025 3:28:10 AM,0.10
10100,4/16/2025 3:28:11 AM,0.00
10100,4/16/2025 3:28:12 AM,0.10
10100,4/16/2025 3:28:14 AM,0.10
10100,4/16/2025 3:28:15 AM,0.00
10100,4/16/2025 3:28:17 AM,0.00
10100,4/16/2025 3:28:18 AM,0.10
10100,4/16/2025 3:28:19 AM,0.10
10100,4/16/2025 3:28:20 AM,0.00
10100,4/16/2025 3:28:21 AM,0.10
10100,4/16/2025 3:28:22 AM,0.00
10100,4/16/2025 3:28:23 AM,0.10
10100,4/16/2025 3:28:27 AM,0.10
10100,4/16/2025 3:28:28 AM,0.00
10100,4/16/2025 3:28:29 AM,0.10
10100,4/16/2025 3:28:30 AM,0.10
10100,4/16/2025 3:28:31 AM,0.00
10100,4/16/2025 3:28:32 AM,0.00
10100,4/16/2025 3:28:33 AM,0.10
10100,4/16/2025 3:28:34 AM,0.00
10100,4/16/2025 3:28:38 AM,0.00
10100,4/16/2025 3:28:39 AM,0.10
10100,4/16/2025 3:28:40 AM,0.10
10100,4/16/2025 3:28:41 AM,0.00
10100,4/16/2025 3:28:42 AM,0.10
10100,4/16/2025 3:28:45 AM,0.10
10100,4/16/2025 3:28:46 AM,0.00
10100,4/16/2025 3:28:49 AM,0.00
10100,4/16/2025 3:28:50 AM,0.10
10100,4/16/2025 3:28:51 AM,0.10
10100,4/16/2025 3:28:52 AM,0.00
10100,4/16/2025 3:28:55 AM,0.00
10100,4/16/2025 3:28:56 AM,0.10
10100,4/16/2025 3:28:57 AM,0.10
10100,4/16/2025 3:28:58 AM,0.00
10100,4/16/2025 3:29:05 AM,0.00
10100,4/16/2025 3:29:06 AM,0.10
10100,4/16/2025 3:29:07 AM,0.00
10100,4/16/2025 3:29:09 AM,0.00
10100,4/16/2025 3:29:10 AM,0.10
10100,4/16/2025 3:29:11 AM,0.10
10100,4/16/2025 3:29:12 AM,0.00
10100,4/16/2025 3:29:13 AM,0.00
10100,4/16/2025 3:29:14 AM,0.10
10100,4/16/2025 3:29:16 AM,0.10
10100,4/16/2025 3:29:17 AM,0.00
10100,4/16/2025 3:29:18 AM,0.10
10100,4/16/2025 3:29:19 AM,0.00
10100,4/16/2025 3:29:20 AM,0.00
10100,4/16/2025 3:29:21 AM,0.10
10100,4/16/2025 3:29:22 AM,0.00
10100,4/16/2025 3:29:24 AM,0.00
10100,4/16/2025 3:29:25 AM,0.10
10100,4/16/2025 3:29:26 AM,0.00
10100,4/16/2025 3:29:27 AM,0.10
10100,4/16/2025 3:29:28 AM,0.00
10100,4/16/2025 3:29:29 AM,0.00
10100,4/16/2025 3:29:30 AM,0.10
10100,4/16/2025 3:29:31 AM,0.10
10100,4/16/2025 3:29:32 AM,0.00
10100,4/16/2025 3:29:40 AM,0.00
10100,4/16/2025 3:29:41 AM,0.10
10100,4/16/2025 3:29:43 AM,0.10
10100,4/16/2025 3:29:44 AM,0.00
10100,4/16/2025 3:29:45 AM,0.00
10100,4/16/2025 3:29:46 AM,0.10
10100,4/16/2025 3:29:47 AM,0.10
10100,4/16/2025 3:29:48 AM,0.00
10100,4/16/2025 3:29:59 AM,0.00
10100,4/16/2025 3:30:01 AM,0.10
10100,4/16/2025 3:30:01 AM,0.00
10100,4/16/2025 3:30:04 AM,0.00
10100,4/16/2025 3:30:05 AM,0.10
10100,4/16/2025 3:30:06 AM,0.10
10100,4/16/2025 3:30:07 AM,0.00
10100,4/16/2025 3:30:09 AM,0.00
10100,4/16/2025 3:30:10 AM,0.10
10100,4/16/2025 3:30:12 AM,0.10
10100,4/16/2025 3:30:13 AM,0.00
10100,4/16/2025 3:30:14 AM,0.10
10100,4/16/2025 3:30:15 AM,0.00
10100,4/16/2025 3:30:22 AM,0.00
10100,4/16/2025 3:30:23 AM,0.10
10100,4/16/2025 3:30:24 AM,0.00
10100,4/16/2025 3:30:28 AM,0.00
10100,4/16/2025 3:30:29 AM,0.10
10100,4/16/2025 3:30:30 AM,0.00
10100,4/16/2025 3:30:35 AM,0.00
10100,4/16/2025 3:30:36 AM,0.10
10100,4/16/2025 3:30:37 AM,0.00
10100,4/16/2025 3:30:45 AM,0.00
10100,4/16/2025 3:30:46 AM,0.10
10100,4/16/2025 3:30:47 AM,0.10
10100,4/16/2025 3:30:48 AM,0.00
10100,4/16/2025 3:30:50 AM,0.00
10100,4/16/2025 3:30:51 AM,0.10
10100,4/16/2025 3:30:52 AM,0.00
10100,4/16/2025 3:30:56 AM,0.00
10100,4/16/2025 3:30:57 AM,0.10
10100,4/16/2025 3:30:58 AM,0.00
10100,4/16/2025 3:30:59 AM,0.10
10100,4/16/2025 3:31:01 AM,0.00
10100,4/16/2025 3:31:01 AM,0.00
10100,4/16/2025 3:31:02 AM,0.10
10100,4/16/2025 3:31:03 AM,0.00
10100,4/16/2025 3:31:59 AM,0.00
10100,4/16/2025 3:32:01 AM,0.10
10100,4/16/2025 3:32:01 AM,0.00
10100,4/16/2025 3:32:23 AM,0.00
10100,4/16/2025 3:32:24 AM,0.10
10100,4/16/2025 3:32:25 AM,0.00
10100,4/16/2025 3:32:29 AM,0.00
10100,4/16/2025 3:32:30 AM,0.10
10100,4/16/2025 3:32:31 AM,0.00
10100,4/16/2025 3:33:35 AM,0.00
10100,4/16/2025 3:33:36 AM,0.10
10100,4/16/2025 3:33:37 AM,0.00
10100,4/16/2025 3:33:38 AM,0.10
10100,4/16/2025 3:33:39 AM,0.00
10100,4/16/2025 3:33:55 AM,0.00
10100,4/16/2025 3:33:56 AM,0.10
10100,4/16/2025 3:33:57 AM,0.00
10100,4/16/2025 3:34:07 AM,0.00
10100,4/16/2025 3:34:08 AM,0.10
10100,4/16/2025 3:34:09 AM,0.00
10100,4/16/2025 3:34:14 AM,0.00
10100,4/16/2025 3:34:15 AM,0.10
10100,4/16/2025 3:34:16 AM,0.00
10100,4/16/2025 3:37:26 AM,0.00
10100,4/16/2025 3:37:27 AM,0.10
10100,4/16/2025 3:37:28 AM,0.00
10100,4/16/2025 3:37:33 AM,0.00
10100,4/16/2025 3:37:34 AM,0.10
10100,4/16/2025 3:37:35 AM,0.00
10100,4/16/2025 3:37:56 AM,0.00
10100,4/16/2025 3:37:57 AM,0.10
10100,4/16/2025 3:37:58 AM,0.00
10100,4/16/2025 3:38:02 AM,0.00
10100,4/16/2025 3:38:03 AM,0.10
10100,4/16/2025 3:38:04 AM,0.10
10100,4/16/2025 3:38:05 AM,0.00
10100,4/16/2025 3:38:15 AM,0.00
10100,4/16/2025 3:38:16 AM,0.10
10100,4/16/2025 3:38:17 AM,0.00
10100,4/16/2025 3:38:25 AM,0.00
10100,4/16/2025 3:38:26 AM,0.10
10100,4/16/2025 3:38:27 AM,0.00
10100,4/16/2025 3:38:34 AM,0.00
10100,4/16/2025 3:38:35 AM,0.10
10100,4/16/2025 3:38:36 AM,0.00
10100,4/16/2025 3:38:39 AM,0.00
10100,4/16/2025 3:38:40 AM,0.10
10100,4/16/2025 3:38:41 AM,0.00
10100,4/16/2025 3:38:45 AM,0.00
10100,4/16/2025 3:38:46 AM,0.10
10100,4/16/2025 3:38:47 AM,0.00
10100,4/16/2025 3:38:54 AM,0.00
10100,4/16/2025 3:38:55 AM,0.10
10100,4/16/2025 3:38:56 AM,0.00
10100,4/16/2025 3:39:02 AM,0.00
10100,4/16/2025 3:39:03 AM,0.10
10100,4/16/2025 3:39:04 AM,0.00
10100,4/16/2025 3:39:33 AM,0.00
10100,4/16/2025 3:39:34 AM,0.10
10100,4/16/2025 3:39:35 AM,0.00
10100,4/16/2025 3:39:36 AM,0.10
10100,4/16/2025 3:39:37 AM,0.00
10100,4/16/2025 3:39:38 AM,0.10
10100,4/16/2025 3:39:39 AM,0.00
10100,4/16/2025 3:39:42 AM,0.00
10100,4/16/2025 3:39:43 AM,0.10
10100,4/16/2025 3:39:45 AM,0.10
10100,4/16/2025 3:39:46 AM,0.00
10100,4/16/2025 3:39:48 AM,0.00
10100,4/16/2025 3:39:49 AM,0.10
10100,4/16/2025 3:39:50 AM,0.00
10100,4/16/2025 3:39:51 AM,0.00
10100,4/16/2025 3:39:52 AM,0.10
10100,4/16/2025 3:39:53 AM,0.00
10100,4/16/2025 3:39:54 AM,0.00
10100,4/16/2025 3:39:55 AM,0.10
10100,4/16/2025 3:39:56 AM,0.00
10100,4/16/2025 3:39:57 AM,0.10
10100,4/16/2025 3:39:58 AM,0.00
10100,4/16/2025 3:40:03 AM,0.00
10100,4/16/2025 3:40:04 AM,0.10
10100,4/16/2025 3:40:05 AM,0.10
10100,4/16/2025 3:40:06 AM,0.00
10100,4/16/2025 3:40:10 AM,0.00
10100,4/16/2025 3:40:11 AM,0.10
10100,4/16/2025 3:40:12 AM,0.00
10100,4/16/2025 3:40:14 AM,0.00
10100,4/16/2025 3:40:15 AM,0.10
10100,4/16/2025 3:40:16 AM,0.10
10100,4/16/2025 3:40:17 AM,0.00
10100,4/16/2025 3:40:18 AM,0.00
10100,4/16/2025 3:40:19 AM,0.10
10100,4/16/2025 3:40:20 AM,0.00
10100,4/16/2025 3:40:24 AM,0.00
10100,4/16/2025 3:40:25 AM,0.10
10100,4/16/2025 3:40:26 AM,0.00
10100,4/16/2025 3:40:27 AM,0.10
10100,4/16/2025 3:40:28 AM,0.00
10100,4/16/2025 3:40:29 AM,0.10
10100,4/16/2025 3:40:30 AM,0.00
10100,4/16/2025 3:40:31 AM,0.00
10100,4/16/2025 3:40:32 AM,0.10
10100,4/16/2025 3:40:33 AM,0.00
10100,4/16/2025 3:40:34 AM,0.10
10100,4/16/2025 3:40:35 AM,0.00
10100,4/16/2025 3:40:36 AM,0.00
10100,4/16/2025 3:40:37 AM,0.10
10100,4/16/2025 3:40:38 AM,0.00
10100,4/16/2025 3:40:42 AM,0.00
10100,4/16/2025 3:40:43 AM,0.10
10100,4/16/2025 3:40:44 AM,0.00
10100,4/16/2025 3:40:47 AM,0.00
10100,4/16/2025 3:40:48 AM,0.10
10100,4/16/2025 3:40:49 AM,0.00
10100,4/16/2025 3:41:03 AM,0.00
10100,4/16/2025 3:41:04 AM,0.10
10100,4/16/2025 3:41:05 AM,0.00
10100,4/16/2025 3:41:07 AM,0.00
10100,4/16/2025 3:41:08 AM,0.10
10100,4/16/2025 3:41:09 AM,0.00
10100,4/16/2025 3:41:11 AM,0.00
10100,4/16/2025 3:41:12 AM,0.10
10100,4/16/2025 3:41:13 AM,0.00
10100,4/16/2025 3:41:19 AM,0.00
10100,4/16/2025 3:41:20 AM,0.10
10100,4/16/2025 3:41:21 AM,0.00
10100,4/16/2025 3:43:52 AM,0.00
10100,4/16/2025 3:43:53 AM,0.10
10100,4/16/2025 3:43:54 AM,0.00
10100,4/16/2025 3:49:38 AM,0.00
10100,4/16/2025 3:49:39 AM,0.10
10100,4/16/2025 3:49:40 AM,0.00
10100,4/16/2025 3:51:56 AM,0.00
10100,4/16/2025 3:51:57 AM,0.10
10100,4/16/2025 3:51:58 AM,0.00
10100,4/16/2025 3:52:05 AM,0.00
10100,4/16/2025 3:52:06 AM,0.10
10100,4/16/2025 3:52:07 AM,0.00
10100,4/16/2025 3:52:08 AM,0.00
10100,4/16/2025 3:52:09 AM,0.10
10100,4/16/2025 3:52:10 AM,0.00
10100,4/16/2025 3:52:31 AM,0.00
10100,4/16/2025 3:52:32 AM,0.10
10100,4/16/2025 3:52:33 AM,0.00
10100,4/16/2025 3:52:39 AM,0.00
10100,4/16/2025 3:52:40 AM,0.10
10100,4/16/2025 3:52:41 AM,0.00
10100,4/16/2025 3:52:48 AM,0.00
10100,4/16/2025 3:52:49 AM,0.10
10100,4/16/2025 3:52:50 AM,0.00
10100,4/16/2025 3:52:51 AM,0.10
10100,4/16/2025 3:52:52 AM,0.00
10100,4/16/2025 3:52:53 AM,0.10
10100,4/16/2025 3:52:54 AM,0.10
10100,4/16/2025 3:52:55 AM,0.00
10100,4/16/2025 3:52:56 AM,0.10
10100,4/16/2025 3:52:57 AM,0.00
10100,4/16/2025 3:52:58 AM,0.00
10100,4/16/2025 3:52:59 AM,0.10
10100,4/16/2025 3:53:01 AM,0.00
10100,4/16/2025 3:53:02 AM,0.00
10100,4/16/2025 3:53:03 AM,0.10
10100,4/16/2025 3:53:04 AM,0.00
10100,4/16/2025 3:53:05 AM,0.00
10100,4/16/2025 3:53:06 AM,0.10
10100,4/16/2025 3:53:08 AM,0.10
10100,4/16/2025 3:53:09 AM,0.00
10100,4/16/2025 3:53:15 AM,0.00
10100,4/16/2025 3:53:16 AM,0.10
10100,4/16/2025 3:53:17 AM,0.10
10100,4/16/2025 3:53:18 AM,0.00
10100,4/16/2025 3:53:19 AM,0.10
10100,4/16/2025 3:53:20 AM,0.00
10100,4/16/2025 3:53:22 AM,0.00
10100,4/16/2025 3:53:23 AM,0.10
10100,4/16/2025 3:53:25 AM,0.10
10100,4/16/2025 3:53:26 AM,0.00
10100,4/16/2025 3:53:27 AM,0.10
10100,4/16/2025 3:53:28 AM,0.00
10100,4/16/2025 3:53:33 AM,0.00
10100,4/16/2025 3:53:34 AM,0.10
10100,4/16/2025 3:53:35 AM,0.00
10100,4/16/2025 3:53:38 AM,0.00
10100,4/16/2025 3:53:39 AM,0.10
10100,4/16/2025 3:53:40 AM,0.00
10100,4/16/2025 3:53:42 AM,0.00
10100,4/16/2025 3:53:43 AM,0.10
10100,4/16/2025 3:53:44 AM,0.00
10100,4/16/2025 3:53:45 AM,0.10
10100,4/16/2025 3:53:46 AM,0.00
10100,4/16/2025 3:53:47 AM,0.00
10100,4/16/2025 3:53:48 AM,0.10
10100,4/16/2025 3:53:49 AM,0.00
10100,4/16/2025 3:53:50 AM,0.00
10100,4/16/2025 3:53:51 AM,0.10
10100,4/16/2025 3:53:52 AM,0.00
10100,4/16/2025 3:53:54 AM,0.00
10100,4/16/2025 3:53:55 AM,0.10
10100,4/16/2025 3:53:56 AM,0.00
10100,4/16/2025 3:53:59 AM,0.00
10100,4/16/2025 3:54:01 AM,0.10
10100,4/16/2025 3:54:02 AM,0.10
10100,4/16/2025 3:54:03 AM,0.00
10100,4/16/2025 3:54:09 AM,0.00
10100,4/16/2025 3:54:10 AM,0.10
10100,4/16/2025 3:54:11 AM,0.00
10100,4/16/2025 3:54:15 AM,0.00
10100,4/16/2025 3:54:16 AM,0.10
10100,4/16/2025 3:54:17 AM,0.00
10100,4/16/2025 3:54:19 AM,0.00
10100,4/16/2025 3:54:20 AM,0.10
10100,4/16/2025 3:54:21 AM,0.00
10100,4/16/2025 3:54:23 AM,0.00
10100,4/16/2025 3:54:24 AM,0.10
10100,4/16/2025 3:54:25 AM,0.00
10100,4/16/2025 3:54:28 AM,0.00
10100,4/16/2025 3:54:29 AM,0.10
10100,4/16/2025 3:54:30 AM,0.00
10100,4/16/2025 3:54:32 AM,0.00
10100,4/16/2025 3:54:33 AM,0.10
10100,4/16/2025 3:54:34 AM,0.00
10100,4/16/2025 3:54:41 AM,0.00
10100,4/16/2025 3:54:42 AM,0.10
10100,4/16/2025 3:54:43 AM,0.10
10100,4/16/2025 3:54:44 AM,0.00
10100,4/16/2025 3:54:45 AM,0.10
10100,4/16/2025 3:54:46 AM,0.00
10100,4/16/2025 3:54:47 AM,0.10
10100,4/16/2025 3:54:48 AM,0.10
10100,4/16/2025 3:54:49 AM,0.00
10100,4/16/2025 3:54:51 AM,0.00
10100,4/16/2025 3:54:52 AM,0.10
10100,4/16/2025 3:54:53 AM,0.00
10100,4/16/2025 3:55:02 AM,0.00
10100,4/16/2025 3:55:03 AM,0.10
10100,4/16/2025 3:55:04 AM,0.00
10100,4/16/2025 3:55:11 AM,0.00
10100,4/16/2025 3:55:12 AM,0.10
10100,4/16/2025 3:55:13 AM,0.00
10100,4/16/2025 3:55:16 AM,0.00
10100,4/16/2025 3:55:17 AM,0.10
10100,4/16/2025 3:55:18 AM,0.00
10100,4/16/2025 3:55:22 AM,0.00
10100,4/16/2025 3:55:23 AM,0.10
10100,4/16/2025 3:55:24 AM,0.00
10100,4/16/2025 3:55:30 AM,0.00
10100,4/16/2025 3:55:31 AM,0.10
10100,4/16/2025 3:55:33 AM,0.10
10100,4/16/2025 3:55:34 AM,0.00
10100,4/16/2025 3:55:35 AM,0.00
10100,4/16/2025 3:55:36 AM,0.10
10100,4/16/2025 3:55:37 AM,0.00
10100,4/16/2025 3:55:39 AM,0.00
10100,4/16/2025 3:55:40 AM,0.10
10100,4/16/2025 3:55:41 AM,0.00
10100,4/16/2025 3:55:42 AM,0.10
10100,4/16/2025 3:55:43 AM,0.00
10100,4/16/2025 3:55:44 AM,0.00
10100,4/16/2025 3:55:45 AM,0.10
10100,4/16/2025 3:55:47 AM,0.10
10100,4/16/2025 3:55:48 AM,0.00
10100,4/16/2025 3:55:51 AM,0.00
10100,4/16/2025 3:55:52 AM,0.10
10100,4/16/2025 3:55:53 AM,0.00
10100,4/16/2025 3:55:54 AM,0.00
10100,4/16/2025 3:55:55 AM,0.10
10100,4/16/2025 3:55:56 AM,0.10
10100,4/16/2025 3:55:57 AM,0.00
10100,4/16/2025 3:55:58 AM,0.10
10100,4/16/2025 3:56:02 AM,0.10
10100,4/16/2025 3:56:03 AM,0.00
10100,4/16/2025 3:56:05 AM,0.00
10100,4/16/2025 3:56:06 AM,0.10
10100,4/16/2025 3:56:08 AM,0.10
10100,4/16/2025 3:56:09 AM,0.00
10100,4/16/2025 3:56:12 AM,0.00
10100,4/16/2025 3:56:13 AM,0.10
10100,4/16/2025 3:56:15 AM,0.10
10100,4/16/2025 3:56:16 AM,0.00
10100,4/16/2025 3:56:20 AM,0.00
10100,4/16/2025 3:56:21 AM,0.10
10100,4/16/2025 3:56:22 AM,0.00
10100,4/16/2025 3:56:23 AM,0.00
10100,4/16/2025 3:56:24 AM,0.10
10100,4/16/2025 3:56:25 AM,0.00
10100,4/16/2025 3:56:26 AM,0.00
10100,4/16/2025 3:56:27 AM,0.10
10100,4/16/2025 3:56:28 AM,0.10
10100,4/16/2025 3:56:29 AM,0.00
10100,4/16/2025 3:56:30 AM,0.00
10100,4/16/2025 3:56:31 AM,0.10
10100,4/16/2025 3:56:32 AM,0.00
10100,4/16/2025 3:56:34 AM,0.00
10100,4/16/2025 3:56:35 AM,0.10
10100,4/16/2025 3:56:36 AM,0.10
10100,4/16/2025 3:56:37 AM,0.00
10100,4/16/2025 3:56:38 AM,0.10
10100,4/16/2025 3:56:39 AM,0.00
10100,4/16/2025 3:56:40 AM,0.10
10100,4/16/2025 3:56:41 AM,0.10
10100,4/16/2025 3:56:42 AM,0.00
10100,4/16/2025 3:56:44 AM,0.00
10100,4/16/2025 3:56:45 AM,0.10
10100,4/16/2025 3:56:46 AM,0.00
10100,4/16/2025 3:56:52 AM,0.00
10100,4/16/2025 3:56:53 AM,0.10
10100,4/16/2025 3:56:54 AM,0.00
10100,4/16/2025 3:56:56 AM,0.00
10100,4/16/2025 3:56:57 AM,0.10
10100,4/16/2025 3:56:58 AM,0.00
10100,4/16/2025 3:57:09 AM,0.00
10100,4/16/2025 3:57:10 AM,0.10
10100,4/16/2025 3:57:11 AM,0.00
10100,4/16/2025 3:57:14 AM,0.00
10100,4/16/2025 3:57:15 AM,0.10
10100,4/16/2025 3:57:16 AM,0.00
10100,4/16/2025 3:57:17 AM,0.00
10100,4/16/2025 3:57:18 AM,0.10
10100,4/16/2025 3:57:19 AM,0.00
10100,4/16/2025 3:57:31 AM,0.00
10100,4/16/2025 3:57:32 AM,0.10
10100,4/16/2025 3:57:33 AM,0.00
10100,4/16/2025 3:57:40 AM,0.00
10100,4/16/2025 3:57:41 AM,0.10
10100,4/16/2025 3:57:42 AM,0.00
10100,4/16/2025 3:57:46 AM,0.00
10100,4/16/2025 3:57:47 AM,0.10
10100,4/16/2025 3:57:48 AM,0.00
10100,4/16/2025 3:58:02 AM,0.00
10100,4/16/2025 3:58:03 AM,0.10
10100,4/16/2025 3:58:04 AM,0.00
10100,4/16/2025 3:58:55 AM,0.00
10100,4/16/2025 3:58:56 AM,0.10
10100,4/16/2025 3:58:57 AM,0.00
10100,4/16/2025 4:48:59 AM,0.00
10100,4/16/2025 5:39:01 AM,0.00
10100,4/16/2025 6:29:04 AM,0.00
10100,4/16/2025 7:19:06 AM,0.00
10100,4/16/2025 8:09:10 AM,0.00
10100,4/16/2025 8:59:12 AM,0.00
10100,4/16/2025 9:49:13 AM,0.00
10100,4/16/2025 10:39:16 AM,0.00
10100,4/16/2025 11:29:18 AM,0.00
10100,4/16/2025 12:19:20 PM,0.00
10100,4/16/2025 12:43:55 PM,0.00
10100,4/16/2025 12:43:56 PM,0.10
10100,4/16/2025 12:43:57 PM,0.00
10100,4/16/2025 12:44:20 PM,0.00
10100,4/16/2025 12:44:21 PM,0.10
10100,4/16/2025 12:44:22 PM,0.00
10100,4/16/2025 12:45:20 PM,0.00
10100,4/16/2025 12:45:21 PM,0.10
10100,4/16/2025 12:45:22 PM,0.00
10100,4/16/2025 12:46:39 PM,0.00
10100,4/16/2025 12:46:40 PM,0.10
10100,4/16/2025 12:46:41 PM,0.00
10100,4/16/2025 12:46:42 PM,0.10
10100,4/16/2025 12:46:43 PM,0.00
10100,4/16/2025 12:46:45 PM,0.00
10100,4/16/2025 12:46:46 PM,0.10
10100,4/16/2025 12:46:47 PM,0.00
10100,4/16/2025 12:46:49 PM,0.00
10100,4/16/2025 12:46:50 PM,0.10
10100,4/16/2025 12:46:51 PM,0.10
10100,4/16/2025 12:46:52 PM,0.00
10100,4/16/2025 12:46:56 PM,0.00
10100,4/16/2025 12:46:57 PM,0.10
10100,4/16/2025 12:46:58 PM,0.10
10100,4/16/2025 12:46:59 PM,0.00
10100,4/16/2025 12:47:01 PM,0.00
10100,4/16/2025 12:47:01 PM,0.10
10100,4/16/2025 12:47:05 PM,0.10
10100,4/16/2025 12:47:06 PM,0.00
10100,4/16/2025 12:47:07 PM,0.10
10100,4/16/2025 1:37:08 PM,0.10
10100,4/16/2025 2:27:13 PM,0.10
10100,4/16/2025 3:17:15 PM,0.10
10100,4/16/2025 4:07:16 PM,0.10
10100,4/16/2025 4:31:30 PM,0.10
10100,4/16/2025 4:31:31 PM,0.20
10100,4/16/2025 4:31:32 PM,0.10
10100,4/16/2025 4:31:40 PM,0.10
10100,4/16/2025 4:31:41 PM,0.20
10100,4/16/2025 4:31:43 PM,0.20
10100,4/16/2025 4:31:44 PM,0.10
10100,4/16/2025 4:32:01 PM,0.10
10100,4/16/2025 4:32:01 PM,0.20
10100,4/16/2025 4:32:02 PM,0.10
10100,4/16/2025 4:32:07 PM,0.10
10100,4/16/2025 4:32:08 PM,0.20
10100,4/16/2025 4:32:09 PM,0.20
10100,4/16/2025 4:32:10 PM,0.10
10100,4/16/2025 4:32:11 PM,0.20
10100,4/16/2025 4:32:14 PM,0.20
10100,4/16/2025 4:32:15 PM,0.10
10100,4/16/2025 4:32:16 PM,0.20
10100,4/16/2025 4:32:43 PM,0.20
10100,4/16/2025 4:32:44 PM,0.10
10100,4/16/2025 4:32:45 PM,0.10
10100,4/16/2025 4:32:46 PM,0.20
10100,4/16/2025 4:32:47 PM,0.20
10100,4/16/2025 4:32:48 PM,0.10
10100,4/16/2025 4:32:49 PM,0.20
10100,4/16/2025 4:32:50 PM,0.20
10100,4/16/2025 4:32:51 PM,0.10
10100,4/16/2025 4:32:56 PM,0.10
10100,4/16/2025 4:32:57 PM,0.20
10100,4/16/2025 4:32:58 PM,0.10
10100,4/16/2025 4:32:59 PM,0.20
10100,4/16/2025 4:33:01 PM,0.10
10100,4/16/2025 4:33:02 PM,0.10
10100,4/16/2025 4:33:03 PM,0.20
10100,4/16/2025 4:33:04 PM,0.10
10100,4/16/2025 4:33:23 PM,0.10
10100,4/16/2025 4:33:24 PM,0.20
10100,4/16/2025 4:33:25 PM,0.10
10100,4/16/2025 5:23:27 PM,0.10
10100,4/16/2025 5:54:48 PM,0.10
10100,4/16/2025 5:54:49 PM,0.20
10100,4/16/2025 5:54:50 PM,0.10
10100,4/16/2025 5:55:01 PM,0.10
10100,4/16/2025 5:55:01 PM,0.20
10100,4/16/2025 5:55:02 PM,0.10
10100,4/16/2025 5:55:14 PM,0.10
10100,4/16/2025 5:55:15 PM,0.20
10100,4/16/2025 5:55:16 PM,0.10
10100,4/16/2025 5:55:21 PM,0.10
10100,4/16/2025 5:55:22 PM,0.20
10100,4/16/2025 5:55:23 PM,0.20
10100,4/16/2025 5:55:24 PM,0.10
10100,4/16/2025 5:55:50 PM,0.10
10100,4/16/2025 5:55:51 PM,0.20
10100,4/16/2025 5:55:52 PM,0.10
10100,4/16/2025 5:55:53 PM,0.20
10100,4/16/2025 5:55:54 PM,0.10
10100,4/16/2025 5:55:57 PM,0.10
10100,4/16/2025 5:55:58 PM,0.20
10100,4/16/2025 5:55:59 PM,0.10
10100,4/16/2025 5:56:02 PM,0.10
10100,4/16/2025 5:56:03 PM,0.20
10100,4/16/2025 5:56:04 PM,0.10
10100,4/16/2025 5:56:21 PM,0.10
10100,4/16/2025 5:56:22 PM,0.20
10100,4/16/2025 5:56:23 PM,0.10
10100,4/16/2025 5:56:35 PM,0.10
10100,4/16/2025 5:56:36 PM,0.20
10100,4/16/2025 5:56:37 PM,0.20
10100,4/16/2025 5:56:38 PM,0.10
10100,4/16/2025 5:56:40 PM,0.10
10100,4/16/2025 5:56:41 PM,0.20
10100,4/16/2025 5:56:45 PM,0.20
10100,4/16/2025 5:56:46 PM,0.10
10100,4/16/2025 5:56:47 PM,0.10
10100,4/16/2025 5:56:48 PM,0.20
10100,4/16/2025 5:56:49 PM,0.10
10100,4/16/2025 5:56:50 PM,0.20
10100,4/16/2025 5:56:54 PM,0.20
10100,4/16/2025 5:56:55 PM,0.10
10100,4/16/2025 5:56:56 PM,0.20
10100,4/16/2025 5:56:59 PM,0.20
10100,4/16/2025 5:57:01 PM,0.10
10100,4/16/2025 5:57:01 PM,0.20
10100,4/16/2025 5:57:03 PM,0.20
10100,4/16/2025 5:57:04 PM,0.10
10100,4/16/2025 5:57:05 PM,0.20
10100,4/16/2025 5:57:06 PM,0.20
10100,4/16/2025 5:57:07 PM,0.10
10100,4/16/2025 5:57:08 PM,0.20
10100,4/16/2025 5:57:15 PM,0.20
10100,4/16/2025 5:57:16 PM,0.10
10100,4/16/2025 5:57:17 PM,0.20
10100,4/16/2025 5:57:18 PM,0.20
10100,4/16/2025 5:57:19 PM,0.10
10100,4/16/2025 5:57:20 PM,0.20
10100,4/16/2025 5:57:21 PM,0.10
10100,4/16/2025 5:57:22 PM,0.20
10100,4/16/2025 5:57:24 PM,0.20
10100,4/16/2025 5:57:25 PM,0.10
10100,4/16/2025 5:57:26 PM,0.10
10100,4/16/2025 5:57:27 PM,0.20
10100,4/16/2025 5:57:32 PM,0.20
10100,4/16/2025 5:57:33 PM,0.10
10100,4/16/2025 5:57:34 PM,0.10
10100,4/16/2025 5:57:35 PM,0.20
10100,4/16/2025 5:57:41 PM,0.20
10100,4/16/2025 5:57:42 PM,0.10
10100,4/16/2025 5:57:43 PM,0.10
10100,4/16/2025 5:57:44 PM,0.20
10100,4/16/2025 5:57:49 PM,0.20
10100,4/16/2025 5:57:50 PM,0.10
10100,4/16/2025 5:57:51 PM,0.20
10100,4/16/2025 5:57:52 PM,0.10
10100,4/16/2025 5:57:53 PM,0.20
10100,4/16/2025 5:57:54 PM,0.10
10100,4/16/2025 5:57:55 PM,0.20
10100,4/16/2025 5:57:56 PM,0.10
10100,4/16/2025 5:57:57 PM,0.20
10100,4/16/2025 5:57:58 PM,0.20
10100,4/16/2025 5:57:59 PM,0.10
10100,4/16/2025 5:58:05 PM,0.10
10100,4/16/2025 5:58:06 PM,0.20
10100,4/16/2025 5:58:08 PM,0.20
10100,4/16/2025 5:58:09 PM,0.10
10100,4/16/2025 5:58:10 PM,0.20
10100,4/16/2025 5:58:13 PM,0.20
10100,4/16/2025 5:58:14 PM,0.10
10100,4/16/2025 5:58:15 PM,0.20
10100,4/16/2025 5:58:16 PM,0.10
10100,4/16/2025 5:58:17 PM,0.20
10100,4/16/2025 5:58:18 PM,0.10
10100,4/16/2025 5:58:19 PM,0.10
10100,4/16/2025 5:58:20 PM,0.20
10100,4/16/2025 5:58:21 PM,0.10
10100,4/16/2025 5:58:27 PM,0.10
10100,4/16/2025 5:58:28 PM,0.20
10100,4/16/2025 5:58:29 PM,0.10
10100,4/16/2025 5:58:30 PM,0.20
10100,4/16/2025 5:58:31 PM,0.10
10100,4/16/2025 5:59:08 PM,0.10
10100,4/16/2025 5:59:09 PM,0.20
10100,4/16/2025 5:59:10 PM,0.10
10100,4/16/2025 5:59:14 PM,0.10
10100,4/16/2025 5:59:15 PM,0.20
10100,4/16/2025 5:59:16 PM,0.10
10100,4/16/2025 5:59:23 PM,0.10
10100,4/16/2025 5:59:24 PM,0.20
10100,4/16/2025 5:59:25 PM,0.10
10100,4/16/2025 5:59:27 PM,0.10
10100,4/16/2025 5:59:28 PM,0.20
10100,4/16/2025 5:59:29 PM,0.10
10100,4/16/2025 5:59:32 PM,0.10
10100,4/16/2025 5:59:33 PM,0.20
10100,4/16/2025 5:59:34 PM,0.10
10100,4/16/2025 5:59:35 PM,0.20
10100,4/16/2025 5:59:36 PM,0.10
10100,4/16/2025 5:59:57 PM,0.10
10100,4/16/2025 5:59:58 PM,0.20
10100,4/16/2025 5:59:59 PM,0.10
10100,4/16/2025 6:00:03 PM,0.10
10100,4/16/2025 6:00:04 PM,0.20
10100,4/16/2025 6:00:05 PM,0.10
10100,4/16/2025 6:00:06 PM,0.10
10100,4/16/2025 6:00:07 PM,0.20
10100,4/16/2025 6:00:09 PM,0.20
10100,4/16/2025 6:00:10 PM,0.10
10100,4/16/2025 6:00:13 PM,0.10
10100,4/16/2025 6:00:14 PM,0.20
10100,4/16/2025 6:00:16 PM,0.20
10100,4/16/2025 6:00:17 PM,0.10
10100,4/16/2025 6:00:18 PM,0.10
10100,4/16/2025 6:00:19 PM,0.20
10100,4/16/2025 6:00:20 PM,0.10
10100,4/16/2025 6:00:21 PM,0.10
10100,4/16/2025 6:00:22 PM,0.20
10100,4/16/2025 6:00:23 PM,0.10
10100,4/16/2025 6:00:29 PM,0.10
10100,4/16/2025 6:00:30 PM,0.20
10100,4/16/2025 6:00:31 PM,0.10
10100,4/16/2025 6:00:32 PM,0.10
10100,4/16/2025 6:00:33 PM,0.20
10100,4/16/2025 6:00:34 PM,0.10
10100,4/16/2025 6:00:36 PM,0.10
10100,4/16/2025 6:00:37 PM,0.20
10100,4/16/2025 6:00:38 PM,0.10
10100,4/16/2025 6:00:41 PM,0.10
10100,4/16/2025 6:00:42 PM,0.20
10100,4/16/2025 6:00:43 PM,0.10
10100,4/16/2025 6:15:06 PM,0.10
10100,4/16/2025 6:15:07 PM,0.20
10100,4/16/2025 6:15:08 PM,0.10
10100,4/16/2025 6:15:09 PM,0.20
10100,4/16/2025 6:15:10 PM,0.10
10100,4/16/2025 6:15:23 PM,0.10
10100,4/16/2025 6:15:24 PM,0.20
10100,4/16/2025 6:15:25 PM,0.10
10100,4/16/2025 6:15:35 PM,0.10
10100,4/16/2025 6:15:36 PM,0.20
10100,4/16/2025 6:15:37 PM,0.10
10100,4/16/2025 6:18:37 PM,0.10
10100,4/16/2025 6:18:38 PM,0.20
10100,4/16/2025 6:18:39 PM,0.10
10100,4/16/2025 6:24:15 PM,0.10
10100,4/16/2025 6:24:16 PM,0.20
10100,4/16/2025 6:24:17 PM,0.10
10100,4/16/2025 6:25:11 PM,0.10
10100,4/16/2025 6:25:12 PM,0.20
10100,4/16/2025 6:25:13 PM,0.10
10100,4/16/2025 6:30:30 PM,0.10
10100,4/16/2025 6:30:31 PM,0.20
10100,4/16/2025 6:30:32 PM,0.10
10100,4/16/2025 6:30:42 PM,0.10
10100,4/16/2025 6:30:43 PM,0.20
10100,4/16/2025 6:30:44 PM,0.10
10100,4/16/2025 6:30:59 PM,0.10
10100,4/16/2025 6:31:01 PM,0.20
10100,4/16/2025 6:31:01 PM,0.10
10100,4/16/2025 6:31:05 PM,0.10
10100,4/16/2025 6:31:06 PM,0.20
10100,4/16/2025 6:31:07 PM,0.10
10100,4/16/2025 6:31:11 PM,0.10
10100,4/16/2025 6:31:12 PM,0.20
10100,4/16/2025 6:31:13 PM,0.10
10100,4/16/2025 6:31:21 PM,0.10
10100,4/16/2025 6:31:22 PM,0.20
10100,4/16/2025 6:31:23 PM,0.10
10100,4/16/2025 6:31:36 PM,0.10
10100,4/16/2025 6:31:37 PM,0.20
10100,4/16/2025 6:31:38 PM,0.10
10100,4/16/2025 6:43:02 PM,0.10
10100,4/16/2025 6:43:03 PM,0.20
10100,4/16/2025 6:43:04 PM,0.10
10100,4/16/2025 6:44:29 PM,0.10
10100,4/16/2025 6:44:30 PM,0.20
10100,4/16/2025 6:44:31 PM,0.20
10100,4/16/2025 6:44:32 PM,0.10
10100,4/16/2025 6:44:33 PM,0.20
10100,4/16/2025 6:44:34 PM,0.10
10100,4/16/2025 6:44:35 PM,0.20
10100,4/16/2025 6:44:36 PM,0.10
10100,4/16/2025 6:44:37 PM,0.20
10100,4/16/2025 6:44:38 PM,0.20
10100,4/16/2025 6:44:39 PM,0.10
10100,4/16/2025 6:44:43 PM,0.10
10100,4/16/2025 6:44:44 PM,0.20
10100,4/16/2025 6:44:45 PM,0.10
10100,4/16/2025 7:34:49 PM,0.10
10100,4/16/2025 8:07:59 PM,0.10
10100,4/16/2025 8:08:01 PM,0.00
10100,4/16/2025 8:08:01 PM,0.10
10100,4/16/2025 8:08:13 PM,0.10
10100,4/16/2025 8:08:14 PM,0.00
10100,4/16/2025 8:08:17 PM,0.00
10100,4/16/2025 8:08:18 PM,0.10
10100,4/16/2025 8:08:19 PM,0.00
10100,4/16/2025 8:10:12 PM,0.00
10100,4/16/2025 8:10:13 PM,-0.10
10100,4/16/2025 8:10:14 PM,0.00
10100,4/16/2025 8:10:15 PM,0.00
10100,4/16/2025 8:10:16 PM,-0.10
10100,4/16/2025 8:17:41 PM,-0.10
10100,4/16/2025 8:17:42 PM,-0.20
10100,4/16/2025 8:17:43 PM,-0.10
10100,4/16/2025 8:17:44 PM,-0.10
10100,4/16/2025 8:17:45 PM,-0.20
10100,4/16/2025 8:17:47 PM,-0.20
10100,4/16/2025 8:17:48 PM,-0.10
10100,4/16/2025 8:17:49 PM,-0.20
10100,4/16/2025 8:22:46 PM,-0.20
10100,4/16/2025 8:22:47 PM,-0.30
10100,4/16/2025 8:22:48 PM,-0.20
10100,4/16/2025 8:22:53 PM,-0.20
10100,4/16/2025 8:22:54 PM,-0.30
10100,4/16/2025 8:22:58 PM,-0.30
10100,4/16/2025 8:22:59 PM,-0.20
10100,4/16/2025 8:23:01 PM,-0.30
10100,4/16/2025 8:23:16 PM,-0.30
10100,4/16/2025 8:23:17 PM,-0.20
10100,4/16/2025 8:23:18 PM,-0.30
10100,4/16/2025 8:23:22 PM,-0.30
10100,4/16/2025 8:23:23 PM,-0.20
10100,4/16/2025 8:23:24 PM,-0.30
10100,4/16/2025 8:33:09 PM,-0.30
10100,4/16/2025 8:33:10 PM,-0.20
10100,4/16/2025 8:33:11 PM,-0.30
10100,4/16/2025 8:33:12 PM,-0.30
10100,4/16/2025 8:33:13 PM,-0.20
10100,4/16/2025 8:43:56 PM,-0.20
10100,4/16/2025 8:43:57 PM,-0.10
10100,4/16/2025 8:43:58 PM,-0.20
10100,4/16/2025 8:43:59 PM,-0.10
10100,4/16/2025 8:44:01 PM,-0.20
10100,4/16/2025 8:44:01 PM,-0.10
10100,4/16/2025 8:44:02 PM,-0.10
10100,4/16/2025 8:44:03 PM,-0.20
10100,4/16/2025 8:44:07 PM,-0.20
10100,4/16/2025 8:44:08 PM,-0.10
10100,4/16/2025 8:44:09 PM,-0.10
10100,4/16/2025 8:44:10 PM,-0.20
10100,4/16/2025 8:44:15 PM,-0.20
10100,4/16/2025 8:44:16 PM,-0.10
10100,4/16/2025 8:44:17 PM,-0.20
10100,4/16/2025 8:44:18 PM,-0.10
10100,4/16/2025 8:44:19 PM,-0.20
10100,4/16/2025 8:44:20 PM,-0.20
10100,4/16/2025 8:44:21 PM,-0.10
10100,4/16/2025 8:44:22 PM,-0.10
10100,4/16/2025 8:44:23 PM,-0.20
10100,4/16/2025 8:44:24 PM,-0.10
10100,4/16/2025 8:44:25 PM,-0.20
10100,4/16/2025 8:44:26 PM,-0.10
10100,4/16/2025 8:44:27 PM,-0.20
10100,4/16/2025 8:44:28 PM,-0.10
10100,4/16/2025 8:44:30 PM,-0.10
10100,4/16/2025 8:44:31 PM,-0.20
10100,4/16/2025 8:44:32 PM,-0.10
10100,4/16/2025 8:44:36 PM,-0.10
10100,4/16/2025 8:44:37 PM,-0.20
10100,4/16/2025 8:44:38 PM,-0.10
10100,4/16/2025 9:02:52 PM,-0.10
10100,4/16/2025 9:02:53 PM,-0.20
10100,4/16/2025 9:02:54 PM,-0.10
10100,4/16/2025 9:02:55 PM,-0.20
10100,4/16/2025 9:02:56 PM,-0.20
10100,4/16/2025 9:02:57 PM,-0.10
10100,4/16/2025 9:02:59 PM,-0.10
10100,4/16/2025 9:03:01 PM,-0.20
10100,4/16/2025 9:03:01 PM,-0.10
10100,4/16/2025 9:03:02 PM,-0.10
10100,4/16/2025 9:03:03 PM,-0.20
10100,4/16/2025 9:05:18 PM,-0.20
10100,4/16/2025 9:05:19 PM,-0.10
10100,4/16/2025 9:05:20 PM,-0.20
10100,4/16/2025 9:05:21 PM,-0.20
10100,4/16/2025 9:05:22 PM,-0.10
10100,4/16/2025 9:05:23 PM,-0.10
10100,4/16/2025 9:05:24 PM,-0.20
10100,4/16/2025 9:05:25 PM,-0.10
10100,4/16/2025 9:05:26 PM,-0.20
10100,4/16/2025 9:05:28 PM,-0.20
10100,4/16/2025 9:05:29 PM,-0.10
10100,4/16/2025 9:05:34 PM,-0.10
10100,4/16/2025 9:05:35 PM,-0.20
10100,4/16/2025 9:05:36 PM,-0.20
10100,4/16/2025 9:05:37 PM,-0.10
10100,4/16/2025 9:05:38 PM,-0.10
10100,4/16/2025 9:05:39 PM,-0.20
10100,4/16/2025 9:05:40 PM,-0.20
10100,4/16/2025 9:05:41 PM,-0.10
10100,4/16/2025 9:05:42 PM,-0.20
10100,4/16/2025 9:05:44 PM,-0.20
10100,4/16/2025 9:05:45 PM,-0.10
10100,4/16/2025 9:05:46 PM,-0.20
10100,4/16/2025 9:05:47 PM,-0.10
10100,4/16/2025 9:05:48 PM,-0.20
10100,4/16/2025 9:05:49 PM,-0.10
10100,4/16/2025 9:05:54 PM,-0.10
10100,4/16/2025 9:05:55 PM,-0.20
10100,4/16/2025 9:05:56 PM,-0.10
10100,4/16/2025 9:05:57 PM,-0.20
10100,4/16/2025 9:05:58 PM,-0.10
10100,4/16/2025 9:06:03 PM,-0.10
10100,4/16/2025 9:06:04 PM,-0.20
10100,4/16/2025 9:06:05 PM,-0.10
10100,4/16/2025 9:06:10 PM,-0.10
10100,4/16/2025 9:06:11 PM,-0.20
10100,4/16/2025 9:06:12 PM,-0.10
10100,4/16/2025 9:15:12 PM,-0.10
10100,4/16/2025 9:15:13 PM,0.00
10100,4/16/2025 9:15:14 PM,-0.10
10100,4/16/2025 9:15:15 PM,0.00
10100,4/16/2025 9:15:16 PM,-0.10
10100,4/16/2025 9:15:20 PM,-0.10
10100,4/16/2025 9:15:21 PM,0.00
10100,4/16/2025 9:15:25 PM,0.00
10100,4/16/2025 9:15:26 PM,-0.10
10100,4/16/2025 9:15:29 PM,-0.10
10100,4/16/2025 9:15:30 PM,0.00
10100,4/16/2025 9:15:31 PM,0.00
10100,4/16/2025 9:15:32 PM,-0.10
10100,4/16/2025 9:15:33 PM,-0.10
10100,4/16/2025 9:15:34 PM,0.00
10100,4/16/2025 9:15:35 PM,0.00
10100,4/16/2025 9:15:36 PM,-0.10
10100,4/16/2025 9:15:37 PM,0.00
10100,4/16/2025 9:15:40 PM,0.00
10100,4/16/2025 9:15:41 PM,-0.10
10100,4/16/2025 9:15:42 PM,0.00
10100,4/16/2025 9:15:43 PM,-0.10
10100,4/16/2025 9:15:44 PM,0.00
10100,4/16/2025 9:15:46 PM,0.00
10100,4/16/2025 9:15:47 PM,-0.10
10100,4/16/2025 9:15:48 PM,0.00
10100,4/16/2025 9:15:49 PM,0.00
10100,4/16/2025 9:15:50 PM,-0.10
10100,4/16/2025 9:15:51 PM,-0.10
10100,4/16/2025 9:15:52 PM,0.00
10100,4/16/2025 9:15:53 PM,-0.10
10100,4/16/2025 9:15:54 PM,-0.10
10100,4/16/2025 9:15:55 PM,0.00
10100,4/16/2025 9:15:57 PM,0.00
10100,4/16/2025 9:15:58 PM,-0.10
10100,4/16/2025 9:15:59 PM,0.00
10100,4/16/2025 9:16:01 PM,-0.10
10100,4/16/2025 9:16:05 PM,-0.10
10100,4/16/2025 9:16:06 PM,0.00
10100,4/16/2025 9:16:07 PM,-0.10
10100,4/16/2025 9:16:08 PM,0.00
10100,4/16/2025 9:16:09 PM,0.00
10100,4/16/2025 9:16:10 PM,-0.10
10100,4/16/2025 9:16:11 PM,0.00
10100,4/16/2025 9:16:14 PM,0.00
10100,4/16/2025 9:16:15 PM,-0.10
10100,4/16/2025 9:16:16 PM,0.00
10100,4/16/2025 9:16:17 PM,0.00
10100,4/16/2025 9:16:18 PM,-0.10
10100,4/16/2025 9:16:19 PM,0.00
10100,4/16/2025 9:16:20 PM,-0.10
10100,4/16/2025 9:16:21 PM,0.00
10100,4/16/2025 9:16:23 PM,0.00
10100,4/16/2025 9:16:24 PM,-0.10
10100,4/16/2025 9:16:25 PM,0.00
10100,4/16/2025 9:16:28 PM,0.00
10100,4/16/2025 9:16:29 PM,-0.10
10100,4/16/2025 9:16:30 PM,0.00
10100,4/16/2025 9:16:39 PM,0.00
10100,4/16/2025 9:16:40 PM,-0.10
10100,4/16/2025 9:16:41 PM,0.00
10100,4/16/2025 9:16:43 PM,0.00
10100,4/16/2025 9:16:44 PM,-0.10
10100,4/16/2025 9:16:45 PM,-0.10
10100,4/16/2025 9:16:46 PM,0.00
10100,4/16/2025 9:16:49 PM,0.00
10100,4/16/2025 9:16:50 PM,-0.10
10100,4/16/2025 9:16:53 PM,-0.10
10100,4/16/2025 9:16:54 PM,0.00
10100,4/16/2025 9:16:55 PM,-0.10
10100,4/16/2025 9:16:56 PM,0.00
10100,4/16/2025 9:16:57 PM,-0.10
10100,4/16/2025 9:16:59 PM,-0.10
10100,4/16/2025 9:17:01 PM,0.00
10100,4/16/2025 9:17:01 PM,0.00
10100,4/16/2025 9:17:02 PM,-0.10
10100,4/16/2025 9:17:03 PM,0.00
10100,4/16/2025 9:17:05 PM,0.00
10100,4/16/2025 9:17:06 PM,-0.10
10100,4/16/2025 9:17:08 PM,-0.10
10100,4/16/2025 9:17:09 PM,0.00
10100,4/16/2025 9:17:10 PM,0.00
10100,4/16/2025 9:17:11 PM,-0.10
10100,4/16/2025 9:17:12 PM,0.00
10100,4/16/2025 9:17:13 PM,-0.10
10100,4/16/2025 9:17:14 PM,0.00
10100,4/16/2025 9:17:15 PM,0.00
10100,4/16/2025 9:17:16 PM,-0.10
10100,4/16/2025 9:17:17 PM,0.00
10100,4/16/2025 9:17:19 PM,0.00
10100,4/16/2025 9:17:20 PM,-0.10
10100,4/16/2025 9:17:21 PM,0.00
10100,4/16/2025 9:17:35 PM,0.00
10100,4/16/2025 9:17:36 PM,-0.10
10100,4/16/2025 9:17:37 PM,0.00
10100,4/16/2025 9:23:02 PM,0.00
10100,4/16/2025 9:23:03 PM,-0.10
10100,4/16/2025 9:23:04 PM,0.00
10100,4/16/2025 9:23:17 PM,0.00
10100,4/16/2025 9:23:18 PM,-0.10
10100,4/16/2025 9:23:19 PM,0.00
10100,4/16/2025 9:23:20 PM,0.00
10100,4/16/2025 9:23:21 PM,-0.10
10100,4/16/2025 9:23:22 PM,0.00
10100,4/16/2025 9:23:23 PM,-0.10
10100,4/16/2025 9:23:24 PM,0.00
10100,4/16/2025 9:23:41 PM,0.00
10100,4/16/2025 9:23:42 PM,-0.10
10100,4/16/2025 9:23:45 PM,-0.10
10100,4/16/2025 9:23:46 PM,0.00
10100,4/16/2025 9:23:47 PM,-0.10
10100,4/16/2025 9:23:48 PM,-0.10
10100,4/16/2025 9:23:49 PM,0.00
10100,4/16/2025 9:23:50 PM,0.00
10100,4/16/2025 9:23:51 PM,-0.10
10100,4/16/2025 9:23:52 PM,0.00
10100,4/16/2025 9:23:53 PM,0.00
10100,4/16/2025 9:23:54 PM,-0.10
10100,4/16/2025 9:23:55 PM,0.00
10100,4/16/2025 9:23:56 PM,0.00
10100,4/16/2025 9:23:57 PM,-0.10
10100,4/16/2025 9:23:59 PM,-0.10
10100,4/16/2025 9:24:01 PM,0.00
10100,4/16/2025 9:24:02 PM,0.00
10100,4/16/2025 9:24:03 PM,-0.10
10100,4/16/2025 9:24:04 PM,0.00
10100,4/16/2025 9:24:06 PM,0.00
10100,4/16/2025 9:24:07 PM,-0.10
10100,4/16/2025 9:24:08 PM,-0.10
10100,4/16/2025 9:24:09 PM,0.00
10100,4/16/2025 9:24:12 PM,0.00
10100,4/16/2025 9:24:13 PM,-0.10
10100,4/16/2025 9:24:14 PM,0.00
10100,4/16/2025 9:24:23 PM,0.00
10100,4/16/2025 9:24:24 PM,-0.10
10100,4/16/2025 9:24:26 PM,-0.10
10100,4/16/2025 9:24:27 PM,0.00
10100,4/16/2025 9:24:28 PM,-0.10
10100,4/16/2025 9:24:29 PM,-0.10
10100,4/16/2025 9:24:30 PM,0.00
10100,4/16/2025 9:24:31 PM,-0.10
10100,4/16/2025 9:24:32 PM,0.00
10100,4/16/2025 9:24:33 PM,0.00
10100,4/16/2025 9:24:34 PM,-0.10
10100,4/16/2025 9:24:38 PM,-0.10
10100,4/16/2025 9:24:39 PM,0.00
10100,4/16/2025 9:24:40 PM,-0.10
10100,4/16/2025 9:24:41 PM,-0.10
10100,4/16/2025 9:24:42 PM,0.00
10100,4/16/2025 9:24:43 PM,0.00
10100,4/16/2025 9:24:44 PM,-0.10
10100,4/16/2025 9:24:45 PM,0.00
10100,4/16/2025 9:24:46 PM,-0.10
10100,4/16/2025 9:24:49 PM,-0.10
10100,4/16/2025 9:24:50 PM,0.00
10100,4/16/2025 9:24:51 PM,-0.10
10100,4/16/2025 9:24:55 PM,-0.10
10100,4/16/2025 9:24:56 PM,0.00
10100,4/16/2025 9:24:57 PM,-0.10
10100,4/16/2025 9:25:14 PM,-0.10
10100,4/16/2025 9:25:15 PM,0.00
10100,4/16/2025 9:25:16 PM,-0.10
10100,4/16/2025 9:26:17 PM,-0.10
10100,4/16/2025 9:26:18 PM,0.00
10100,4/16/2025 9:26:19 PM,-0.10
10100,4/16/2025 9:30:01 PM,-0.10
10100,4/16/2025 9:30:01 PM,-0.20
10100,4/16/2025 9:30:02 PM,-0.10
10100,4/16/2025 9:30:03 PM,-0.20
10100,4/16/2025 9:30:04 PM,-0.20
10100,4/16/2025 9:30:05 PM,-0.10
10100,4/16/2025 9:30:07 PM,-0.10
10100,4/16/2025 9:30:08 PM,-0.20
10100,4/16/2025 9:32:07 PM,-0.20
10100,4/16/2025 9:32:08 PM,-0.30
10100,4/16/2025 9:32:10 PM,-0.30
10100,4/16/2025 9:32:11 PM,-0.20
10100,4/16/2025 9:32:12 PM,-0.30
10100,4/16/2025 9:33:43 PM,-0.30
10100,4/16/2025 9:33:44 PM,-0.40
10100,4/16/2025 9:33:45 PM,-0.30
10100,4/16/2025 9:33:46 PM,-0.30
10100,4/16/2025 9:33:47 PM,-0.40
10100,4/16/2025 9:36:21 PM,-0.40
10100,4/16/2025 9:36:22 PM,-0.50
10100,4/16/2025 9:36:23 PM,-0.40
10100,4/16/2025 9:36:24 PM,-0.40
10100,4/16/2025 9:36:25 PM,-0.50
10100,4/16/2025 9:36:26 PM,-0.40
10100,4/16/2025 9:36:29 PM,-0.40
10100,4/16/2025 9:36:30 PM,-0.50
10100,4/16/2025 9:36:31 PM,-0.40
10100,4/16/2025 9:36:32 PM,-0.40
10100,4/16/2025 9:36:33 PM,-0.50
10100,4/16/2025 9:36:35 PM,-0.50
10100,4/16/2025 9:36:36 PM,-0.40
10100,4/16/2025 9:36:37 PM,-0.50
10100,4/16/2025 9:38:35 PM,-0.50
10100,4/16/2025 9:38:36 PM,-0.40
10100,4/16/2025 9:38:37 PM,-0.50
10100,4/16/2025 9:38:38 PM,-0.40
10100,4/16/2025 9:41:16 PM,-0.40
10100,4/16/2025 9:41:17 PM,-0.50
10100,4/16/2025 9:41:19 PM,-0.50
10100,4/16/2025 9:41:20 PM,-0.40
10100,4/16/2025 9:41:21 PM,-0.50
10100,4/16/2025 9:43:22 PM,-0.50
10100,4/16/2025 9:43:23 PM,-0.60
10100,4/16/2025 9:43:24 PM,-0.50
10100,4/16/2025 9:43:25 PM,-0.60
10100,4/16/2025 9:43:26 PM,-0.60
10100,4/16/2025 9:43:27 PM,-0.50
10100,4/16/2025 9:43:28 PM,-0.60
10100,4/16/2025 9:43:31 PM,-0.60
10100,4/16/2025 9:43:32 PM,-0.50
10100,4/16/2025 9:43:33 PM,-0.60
10100,4/16/2025 9:49:12 PM,-0.60
10100,4/16/2025 9:49:13 PM,-0.50
10100,4/16/2025 9:49:14 PM,-0.60
10100,4/16/2025 9:49:15 PM,-0.50
10100,4/16/2025 9:49:16 PM,-0.60
10100,4/16/2025 9:49:17 PM,-0.60
10100,4/16/2025 9:49:18 PM,-0.50
10100,4/16/2025 9:51:11 PM,-0.50
10100,4/16/2025 9:51:12 PM,-0.40
10100,4/16/2025 9:51:13 PM,-0.50
10100,4/16/2025 9:51:14 PM,-0.50
10100,4/16/2025 9:51:15 PM,-0.40
10100,4/16/2025 9:51:16 PM,-0.50
10100,4/16/2025 9:51:17 PM,-0.40
10100,4/16/2025 9:51:19 PM,-0.40
10100,4/16/2025 9:51:20 PM,-0.50
10100,4/16/2025 9:51:21 PM,-0.40
10100,4/16/2025 9:54:33 PM,-0.40
10100,4/16/2025 9:54:34 PM,-0.30
10100,4/16/2025 9:54:35 PM,-0.40
10100,4/16/2025 9:54:39 PM,-0.40
10100,4/16/2025 9:54:40 PM,-0.30
10100,4/16/2025 9:54:42 PM,-0.30
10100,4/16/2025 9:54:43 PM,-0.40
10100,4/16/2025 9:54:44 PM,-0.30
10100,4/16/2025 9:57:05 PM,-0.30
10100,4/16/2025 9:57:06 PM,-0.20
10100,4/16/2025 9:57:07 PM,-0.30
10100,4/16/2025 9:57:08 PM,-0.30
10100,4/16/2025 9:57:09 PM,-0.20
10100,4/16/2025 10:03:34 PM,-0.20
10100,4/16/2025 10:03:35 PM,-0.10
10100,4/16/2025 10:03:36 PM,-0.10
10100,4/16/2025 10:03:37 PM,-0.20
10100,4/16/2025 10:03:38 PM,-0.20
10100,4/16/2025 10:03:39 PM,-0.10
10100,4/16/2025 10:03:40 PM,-0.20
10100,4/16/2025 10:03:41 PM,-0.10
10100,4/16/2025 10:03:42 PM,-0.20
10100,4/16/2025 10:03:43 PM,-0.10
10100,4/16/2025 10:03:45 PM,-0.10
10100,4/16/2025 10:03:46 PM,-0.20
10100,4/16/2025 10:03:47 PM,-0.10
10100,4/16/2025 10:10:06 PM,-0.10
10100,4/16/2025 10:10:07 PM,0.00
10100,4/16/2025 10:10:08 PM,-0.10
10100,4/16/2025 10:10:09 PM,-0.10
10100,4/16/2025 10:10:10 PM,0.00
10100,4/16/2025 10:10:11 PM,-0.10
10100,4/16/2025 10:10:15 PM,-0.10
10100,4/16/2025 10:10:16 PM,0.00
10100,4/16/2025 10:10:17 PM,-0.10
10100,4/16/2025 10:10:18 PM,0.00
10100,4/16/2025 10:10:19 PM,0.00
10100,4/16/2025 10:10:20 PM,-0.10
10100,4/16/2025 10:10:21 PM,0.00
10100,4/16/2025 10:10:24 PM,0.00
10100,4/16/2025 10:10:25 PM,-0.10
10100,4/16/2025 10:10:26 PM,0.00
10100,4/16/2025 10:10:27 PM,0.00
10100,4/16/2025 10:10:28 PM,-0.10
10100,4/16/2025 10:10:29 PM,0.00
10100,4/16/2025 10:10:30 PM,-0.10
10100,4/16/2025 10:10:31 PM,0.00
10100,4/16/2025 10:10:33 PM,0.00
10100,4/16/2025 10:10:34 PM,-0.10
10100,4/16/2025 10:10:35 PM,0.00
10100,4/16/2025 10:10:36 PM,-0.10
10100,4/16/2025 10:10:38 PM,-0.10
10100,4/16/2025 10:10:39 PM,0.00
10100,4/16/2025 10:10:40 PM,0.00
10100,4/16/2025 10:10:41 PM,-0.10
10100,4/16/2025 10:10:42 PM,0.00
10100,4/16/2025 10:10:43 PM,-0.10
10100,4/16/2025 10:10:44 PM,0.00
10100,4/16/2025 10:10:47 PM,0.00
10100,4/16/2025 10:10:48 PM,-0.10
10100,4/16/2025 10:10:49 PM,0.00
10100,4/16/2025 10:10:56 PM,0.00
10100,4/16/2025 10:10:57 PM,-0.10
10100,4/16/2025 10:10:58 PM,0.00
10100,4/16/2025 10:11:02 PM,0.00
10100,4/16/2025 10:11:03 PM,-0.10
10100,4/16/2025 10:11:04 PM,0.00
10100,4/16/2025 10:11:06 PM,0.00
10100,4/16/2025 10:11:07 PM,-0.10
10100,4/16/2025 10:11:10 PM,-0.10
10100,4/16/2025 10:11:11 PM,0.00
10100,4/16/2025 10:11:12 PM,0.00
10100,4/16/2025 10:11:13 PM,-0.10
10100,4/16/2025 10:11:14 PM,0.00
10100,4/16/2025 10:11:15 PM,0.00
10100,4/16/2025 10:11:16 PM,-0.10
10100,4/16/2025 10:11:17 PM,0.00
10100,4/16/2025 10:11:21 PM,0.00
10100,4/16/2025 10:11:22 PM,-0.10
10100,4/16/2025 10:11:23 PM,0.00
10100,4/16/2025 10:11:30 PM,0.00
10100,4/16/2025 10:11:31 PM,-0.10
10100,4/16/2025 10:11:32 PM,0.00
10100,4/16/2025 10:11:34 PM,0.00
10100,4/16/2025 10:11:35 PM,-0.10
10100,4/16/2025 10:11:36 PM,0.00
10100,4/16/2025 10:11:43 PM,0.00
10100,4/16/2025 10:11:44 PM,-0.10
10100,4/16/2025 10:11:45 PM,0.00
10100,4/16/2025 10:12:02 PM,0.00
10100,4/16/2025 10:12:03 PM,-0.10
10100,4/16/2025 10:12:04 PM,0.00
10100,4/16/2025 10:12:08 PM,0.00
10100,4/16/2025 10:12:09 PM,-0.10
10100,4/16/2025 10:12:10 PM,0.00
10100,4/16/2025 10:12:11 PM,0.00
10100,4/16/2025 10:12:12 PM,-0.10
10100,4/16/2025 10:12:13 PM,0.00
10100,4/16/2025 10:12:14 PM,-0.10
10100,4/16/2025 10:12:15 PM,0.00
10100,4/16/2025 10:13:31 PM,0.00
10100,4/16/2025 10:13:32 PM,-0.10
10100,4/16/2025 10:13:33 PM,0.00
10100,4/16/2025 10:13:36 PM,0.00
10100,4/16/2025 10:13:37 PM,-0.10
10100,4/16/2025 10:13:38 PM,0.00
10100,4/16/2025 10:13:54 PM,0.00
10100,4/16/2025 10:13:55 PM,-0.10
10100,4/16/2025 10:13:56 PM,0.00
10100,4/16/2025 10:13:58 PM,0.00
10100,4/16/2025 10:13:59 PM,-0.10
10100,4/16/2025 10:14:01 PM,0.00
10100,4/16/2025 10:14:11 PM,0.00
10100,4/16/2025 10:14:12 PM,-0.10
10100,4/16/2025 10:14:13 PM,0.00
10100,4/16/2025 10:14:14 PM,-0.10
10100,4/16/2025 10:14:15 PM,0.00
10100,4/16/2025 10:14:16 PM,-0.10
10100,4/16/2025 10:14:17 PM,0.00
10100,4/16/2025 10:14:18 PM,-0.10
10100,4/16/2025 10:14:19 PM,0.00
10100,4/16/2025 10:14:20 PM,-0.10
10100,4/16/2025 10:14:28 PM,-0.10
10100,4/16/2025 10:14:29 PM,0.00
10100,4/16/2025 10:14:30 PM,-0.10
10100,4/16/2025 10:15:12 PM,-0.10
10100,4/16/2025 10:15:13 PM,0.00
10100,4/16/2025 10:15:14 PM,-0.10
10100,4/16/2025 10:15:15 PM,-0.10
10100,4/16/2025 10:15:16 PM,0.00
10100,4/16/2025 10:15:17 PM,0.00
10100,4/16/2025 10:15:18 PM,-0.10
10100,4/16/2025 10:15:19 PM,0.00
10100,4/16/2025 10:15:20 PM,-0.10
10100,4/16/2025 10:15:21 PM,0.00
10100,4/16/2025 10:15:22 PM,0.00
10100,4/16/2025 10:15:23 PM,-0.10
10100,4/16/2025 10:15:24 PM,-0.10
10100,4/16/2025 10:15:25 PM,0.00
10100,4/16/2025 10:15:56 PM,0.00
10100,4/16/2025 10:15:57 PM,-0.10
10100,4/16/2025 10:15:58 PM,0.00
10100,4/16/2025 10:15:59 PM,-0.10
10100,4/16/2025 10:16:01 PM,0.00
10100,4/16/2025 10:18:15 PM,0.00
10100,4/16/2025 10:18:16 PM,-0.10
10100,4/16/2025 10:18:17 PM,0.00
10100,4/16/2025 10:18:19 PM,0.00
10100,4/16/2025 10:18:20 PM,-0.10
10100,4/16/2025 10:18:21 PM,-0.10
10100,4/16/2025 10:18:22 PM,0.00
10100,4/16/2025 10:18:23 PM,-0.10
10100,4/16/2025 10:18:28 PM,-0.10
10100,4/16/2025 10:18:29 PM,0.00
10100,4/16/2025 10:18:30 PM,-0.10
10100,4/16/2025 10:18:31 PM,0.00
10100,4/16/2025 10:18:32 PM,-0.10
10100,4/16/2025 10:18:58 PM,-0.10
10100,4/16/2025 10:18:59 PM,0.00
10100,4/16/2025 10:19:01 PM,-0.10
10100,4/16/2025 10:19:05 PM,-0.10
10100,4/16/2025 10:19:06 PM,0.00
10100,4/16/2025 10:19:07 PM,-0.10
10100,4/16/2025 10:19:08 PM,0.00
10100,4/16/2025 10:19:09 PM,-0.10
10100,4/16/2025 10:19:10 PM,0.00
10100,4/16/2025 10:19:11 PM,-0.10
10100,4/16/2025 10:19:13 PM,-0.10
10100,4/16/2025 10:19:14 PM,0.00
10100,4/16/2025 10:19:16 PM,0.00
10100,4/16/2025 10:19:17 PM,-0.10
10100,4/16/2025 10:19:18 PM,0.00
10100,4/16/2025 10:19:19 PM,-0.10
10100,4/16/2025 10:19:20 PM,-0.10
10100,4/16/2025 10:19:21 PM,0.00
10100,4/16/2025 10:19:22 PM,-0.10
10100,4/16/2025 10:19:23 PM,0.00
10100,4/16/2025 10:19:24 PM,-0.10
10100,4/16/2025 10:19:25 PM,-0.10
10100,4/16/2025 10:19:26 PM,0.00
10100,4/16/2025 10:19:28 PM,0.00
10100,4/16/2025 10:19:29 PM,-0.10
10100,4/16/2025 10:19:30 PM,0.00
10100,4/16/2025 10:19:31 PM,-0.10
10100,4/16/2025 10:19:32 PM,-0.10
10100,4/16/2025 10:19:33 PM,0.00
10100,4/16/2025 10:19:34 PM,-0.10
10100,4/16/2025 10:19:35 PM,0.00
10100,4/16/2025 10:19:38 PM,0.00
10100,4/16/2025 10:19:39 PM,-0.10
10100,4/16/2025 10:19:40 PM,0.00
10100,4/16/2025 11:09:43 PM,0.00
10100,4/16/2025 11:59:46 PM,0.00
10100,4/17/2025 12:49:48 AM,0.00
10100,4/17/2025 1:39:50 AM,0.00
10100,4/17/2025 2:29:52 AM,0.00
10100,4/17/2025 3:19:54 AM,0.00
10100,4/17/2025 4:09:56 AM,0.00
10100,4/17/2025 4:59:59 AM,0.00
10100,4/17/2025 5:50:01 AM,0.00
10100,4/17/2025 6:40:03 AM,0.00
10100,4/17/2025 7:25:29 AM,0.00
10100,4/17/2025 7:25:30 AM,-0.10
10100,4/17/2025 7:25:31 AM,0.00
10100,4/17/2025 7:59:52 AM,0.00
10100,4/17/2025 7:59:53 AM,-0.10
10100,4/17/2025 7:59:54 AM,0.00
10100,4/17/2025 8:00:40 AM,0.00
10100,4/17/2025 8:00:41 AM,-0.10
10100,4/17/2025 8:00:42 AM,0.00
10100,4/17/2025 8:00:48 AM,0.00
10100,4/17/2025 8:00:49 AM,-0.10
10100,4/17/2025 8:00:50 AM,0.00
10100,4/17/2025 8:00:51 AM,0.00
10100,4/17/2025 8:00:52 AM,-0.10
10100,4/17/2025 8:00:53 AM,0.00
10100,4/17/2025 8:01:22 AM,0.00
10100,4/17/2025 8:01:23 AM,-0.10
10100,4/17/2025 8:01:24 AM,0.00
10100,4/17/2025 8:01:42 AM,0.00
10100,4/17/2025 8:01:43 AM,-0.10
10100,4/17/2025 8:01:44 AM,0.00
10100,4/17/2025 8:02:09 AM,0.00
10100,4/17/2025 8:02:10 AM,-0.10
10100,4/17/2025 8:02:11 AM,0.00
10100,4/17/2025 8:02:16 AM,0.00
10100,4/17/2025 8:02:17 AM,-0.10
10100,4/17/2025 8:02:18 AM,0.00
10100,4/17/2025 8:02:22 AM,0.00
10100,4/17/2025 8:02:23 AM,-0.10
10100,4/17/2025 8:02:24 AM,0.00
10100,4/17/2025 8:02:25 AM,-0.10
10100,4/17/2025 8:02:26 AM,0.00
10100,4/17/2025 8:02:27 AM,-0.10
10100,4/17/2025 8:02:28 AM,0.00
10100,4/17/2025 8:02:29 AM,-0.10
10100,4/17/2025 8:02:32 AM,-0.10
10100,4/17/2025 8:02:33 AM,0.00
10100,4/17/2025 8:02:34 AM,0.00
10100,4/17/2025 8:02:35 AM,-0.10
10100,4/17/2025 8:02:37 AM,-0.10
10100,4/17/2025 8:02:38 AM,0.00
10100,4/17/2025 8:02:41 AM,0.00
10100,4/17/2025 8:02:42 AM,-0.10
10100,4/17/2025 8:02:43 AM,-0.10
10100,4/17/2025 8:02:44 AM,0.00
10100,4/17/2025 8:02:45 AM,0.00
10100,4/17/2025 8:02:46 AM,-0.10
10100,4/17/2025 8:02:47 AM,0.00
10100,4/17/2025 8:02:48 AM,-0.10
10100,4/17/2025 8:02:49 AM,0.00
10100,4/17/2025 8:02:50 AM,-0.10
10100,4/17/2025 8:02:51 AM,0.00
10100,4/17/2025 8:02:52 AM,-0.10
10100,4/17/2025 8:02:53 AM,-0.10
10100,4/17/2025 8:02:54 AM,0.00
10100,4/17/2025 8:02:55 AM,0.00
10100,4/17/2025 8:02:56 AM,-0.10
10100,4/17/2025 8:02:57 AM,0.00
10100,4/17/2025 8:02:58 AM,-0.10
10100,4/17/2025 8:02:59 AM,0.00
10100,4/17/2025 8:03:01 AM,-0.10
10100,4/17/2025 8:03:01 AM,0.00
10100,4/17/2025 8:03:02 AM,-0.10
10100,4/17/2025 8:03:03 AM,0.00
10100,4/17/2025 8:03:06 AM,0.00
10100,4/17/2025 8:03:07 AM,-0.10
10100,4/17/2025 8:03:09 AM,-0.10
10100,4/17/2025 8:03:10 AM,0.00
10100,4/17/2025 8:03:11 AM,0.00
10100,4/17/2025 8:03:12 AM,-0.10
10100,4/17/2025 8:03:13 AM,-0.10
10100,4/17/2025 8:03:14 AM,0.00
10100,4/17/2025 8:03:15 AM,-0.10
10100,4/17/2025 8:03:16 AM,-0.10
10100,4/17/2025 8:03:17 AM,0.00
10100,4/17/2025 8:03:18 AM,-0.10
10100,4/17/2025 8:03:20 AM,-0.10
10100,4/17/2025 8:03:21 AM,0.00
10100,4/17/2025 8:03:22 AM,-0.10
10100,4/17/2025 8:03:24 AM,-0.10
10100,4/17/2025 8:03:25 AM,0.00
10100,4/17/2025 8:03:28 AM,0.00
10100,4/17/2025 8:03:29 AM,-0.10
10100,4/17/2025 8:03:30 AM,-0.10
10100,4/17/2025 8:03:31 AM,0.00
10100,4/17/2025 8:03:32 AM,0.00
10100,4/17/2025 8:03:33 AM,-0.10
10100,4/17/2025 8:03:34 AM,0.00
10100,4/17/2025 8:03:35 AM,0.00
10100,4/17/2025 8:03:36 AM,-0.10
10100,4/17/2025 8:03:37 AM,-0.10
10100,4/17/2025 8:03:38 AM,0.00
10100,4/17/2025 8:03:39 AM,-0.10
10100,4/17/2025 8:03:40 AM,-0.10
10100,4/17/2025 8:03:41 AM,0.00
10100,4/17/2025 8:03:43 AM,0.00
10100,4/17/2025 8:03:44 AM,-0.10
10100,4/17/2025 8:03:45 AM,0.00
10100,4/17/2025 8:03:46 AM,-0.10
10100,4/17/2025 8:03:47 AM,-0.10
10100,4/17/2025 8:03:48 AM,0.00
10100,4/17/2025 8:03:49 AM,-0.10
10100,4/17/2025 8:03:53 AM,-0.10
10100,4/17/2025 8:03:54 AM,0.00
10100,4/17/2025 8:03:56 AM,0.00
10100,4/17/2025 8:03:57 AM,-0.10
10100,4/17/2025 8:03:58 AM,0.00
10100,4/17/2025 8:03:59 AM,-0.10
10100,4/17/2025 8:04:04 AM,-0.10
10100,4/17/2025 8:04:05 AM,0.00
10100,4/17/2025 8:04:06 AM,-0.10
10100,4/17/2025 8:04:11 AM,-0.10
10100,4/17/2025 8:04:12 AM,0.00
10100,4/17/2025 8:04:13 AM,-0.10
10100,4/17/2025 8:04:14 AM,0.00
10100,4/17/2025 8:04:15 AM,-0.10
10100,4/17/2025 8:04:16 AM,0.00
10100,4/17/2025 8:04:20 AM,0.00
10100,4/17/2025 8:04:21 AM,-0.10
10100,4/17/2025 8:04:22 AM,0.00
10100,4/17/2025 8:04:23 AM,-0.10
10100,4/17/2025 8:04:29 AM,-0.10
10100,4/17/2025 8:04:30 AM,0.00
10100,4/17/2025 8:04:31 AM,0.00
10100,4/17/2025 8:04:32 AM,-0.10
10100,4/17/2025 8:04:33 AM,0.00
10100,4/17/2025 8:04:34 AM,-0.10
10100,4/17/2025 8:04:35 AM,-0.10
10100,4/17/2025 8:04:36 AM,0.00
10100,4/17/2025 8:04:37 AM,0.00
10100,4/17/2025 8:04:38 AM,-0.10
10100,4/17/2025 8:04:44 AM,-0.10
10100,4/17/2025 8:04:45 AM,0.00
10100,4/17/2025 8:04:48 AM,0.00
10100,4/17/2025 8:04:49 AM,-0.10
10100,4/17/2025 8:04:50 AM,0.00
10100,4/17/2025 8:04:51 AM,-0.10
10100,4/17/2025 8:04:52 AM,-0.10
10100,4/17/2025 8:04:53 AM,0.00
10100,4/17/2025 8:04:54 AM,-0.10
10100,4/17/2025 8:04:55 AM,0.00
10100,4/17/2025 8:04:56 AM,-0.10
10100,4/17/2025 8:04:59 AM,-0.10
10100,4/17/2025 8:05:01 AM,0.00
10100,4/17/2025 8:05:01 AM,0.00
10100,4/17/2025 8:05:02 AM,-0.10
10100,4/17/2025 8:05:03 AM,0.00
10100,4/17/2025 8:05:04 AM,-0.10
10100,4/17/2025 8:05:08 AM,-0.10
10100,4/17/2025 8:05:09 AM,0.00
10100,4/17/2025 8:05:10 AM,-0.10
10100,4/17/2025 8:05:11 AM,0.00
10100,4/17/2025 8:05:12 AM,0.00
10100,4/17/2025 8:05:13 AM,-0.10
10100,4/17/2025 8:05:16 AM,-0.10
10100,4/17/2025 8:05:17 AM,0.00
10100,4/17/2025 8:05:18 AM,0.00
10100,4/17/2025 8:05:19 AM,-0.10
10100,4/17/2025 8:05:20 AM,-0.10
10100,4/17/2025 8:05:21 AM,0.00
10100,4/17/2025 8:05:22 AM,-0.10
10100,4/17/2025 8:05:23 AM,0.00
10100,4/17/2025 8:05:24 AM,0.00
10100,4/17/2025 8:05:25 AM,-0.10
10100,4/17/2025 8:05:32 AM,-0.10
10100,4/17/2025 8:05:33 AM,0.00
10100,4/17/2025 8:05:34 AM,-0.10
10100,4/17/2025 8:05:35 AM,0.00
10100,4/17/2025 8:05:36 AM,-0.10
10100,4/17/2025 8:05:44 AM,-0.10
10100,4/17/2025 8:05:45 AM,0.00
10100,4/17/2025 8:05:46 AM,0.00
10100,4/17/2025 8:05:47 AM,-0.10
10100,4/17/2025 8:05:50 AM,-0.10
10100,4/17/2025 8:05:51 AM,0.00
10100,4/17/2025 8:05:52 AM,-0.10
10100,4/17/2025 8:05:53 AM,0.00
10100,4/17/2025 8:05:54 AM,-0.10
10100,4/17/2025 8:05:55 AM,-0.10
10100,4/17/2025 8:05:56 AM,0.00
10100,4/17/2025 8:05:57 AM,-0.10
10100,4/17/2025 8:05:58 AM,0.00
10100,4/17/2025 8:05:59 AM,-0.10
10100,4/17/2025 8:06:01 AM,-0.10
10100,4/17/2025 8:06:01 AM,0.00
10100,4/17/2025 8:06:02 AM,-0.10
10100,4/17/2025 8:06:03 AM,-0.10
10100,4/17/2025 8:06:04 AM,0.00
10100,4/17/2025 8:06:05 AM,-0.10
10100,4/17/2025 8:06:08 AM,-0.10
10100,4/17/2025 8:06:09 AM,0.00
10100,4/17/2025 8:06:10 AM,-0.10
10100,4/17/2025 8:06:11 AM,-0.10
10100,4/17/2025 8:06:12 AM,0.00
10100,4/17/2025 8:06:13 AM,-0.10
10100,4/17/2025 8:06:17 AM,-0.10
10100,4/17/2025 8:06:18 AM,0.00
10100,4/17/2025 8:06:19 AM,-0.10
10100,4/17/2025 8:06:20 AM,-0.10
10100,4/17/2025 8:06:21 AM,0.00
10100,4/17/2025 8:06:22 AM,-0.10
10100,4/17/2025 8:06:29 AM,-0.10
10100,4/17/2025 8:06:30 AM,0.00
10100,4/17/2025 8:06:31 AM,-0.10
10100,4/17/2025 8:06:36 AM,-0.10
10100,4/17/2025 8:06:37 AM,0.00
10100,4/17/2025 8:06:38 AM,-0.10
10100,4/17/2025 8:07:45 AM,-0.10
10100,4/17/2025 8:07:46 AM,0.00
10100,4/17/2025 8:07:47 AM,-0.10
10100,4/17/2025 8:08:12 AM,-0.10
10100,4/17/2025 8:08:13 AM,0.00
10100,4/17/2025 8:08:14 AM,-0.10
10100,4/17/2025 8:08:15 AM,-0.10
10100,4/17/2025 8:08:16 AM,0.00
10100,4/17/2025 8:08:17 AM,-0.10
10100,4/17/2025 8:18:43 AM,-0.10
10100,4/17/2025 8:18:44 AM,0.00
10100,4/17/2025 8:18:45 AM,-0.10
10100,4/17/2025 8:18:49 AM,-0.10
10100,4/17/2025 8:18:50 AM,0.00
10100,4/17/2025 8:18:51 AM,-0.10
10100,4/17/2025 8:19:04 AM,-0.10
10100,4/17/2025 8:19:05 AM,0.00
10100,4/17/2025 8:19:06 AM,-0.10
10100,4/17/2025 8:19:07 AM,0.00
10100,4/17/2025 8:19:08 AM,-0.10
10100,4/17/2025 8:19:09 AM,0.00
10100,4/17/2025 8:19:10 AM,-0.10
10100,4/17/2025 8:19:12 AM,-0.10
10100,4/17/2025 8:19:13 AM,0.00
10100,4/17/2025 8:19:14 AM,-0.10
10100,4/17/2025 8:19:15 AM,-0.10
10100,4/17/2025 8:19:16 AM,0.00
10100,4/17/2025 8:19:17 AM,-0.10
10100,4/17/2025 8:19:18 AM,0.00
10100,4/17/2025 8:19:19 AM,0.00
10100,4/17/2025 8:19:20 AM,-0.10
10100,4/17/2025 8:19:23 AM,-0.10
10100,4/17/2025 8:19:24 AM,0.00
10100,4/17/2025 8:19:25 AM,-0.10
10100,4/17/2025 8:19:29 AM,-0.10
10100,4/17/2025 8:19:30 AM,0.00
10100,4/17/2025 8:19:31 AM,-0.10
10100,4/17/2025 8:19:42 AM,-0.10
10100,4/17/2025 8:19:43 AM,0.00
10100,4/17/2025 8:19:44 AM,-0.10
10100,4/17/2025 8:19:45 AM,0.00
10100,4/17/2025 8:19:46 AM,-0.10
10100,4/17/2025 8:19:47 AM,0.00
10100,4/17/2025 8:19:48 AM,-0.10
10100,4/17/2025 8:19:49 AM,0.00
10100,4/17/2025 8:19:50 AM,-0.10
10100,4/17/2025 8:19:55 AM,-0.10
10100,4/17/2025 8:19:56 AM,0.00
10100,4/17/2025 8:19:57 AM,0.00
10100,4/17/2025 8:19:58 AM,-0.10
10100,4/17/2025 8:19:59 AM,0.00
10100,4/17/2025 8:20:01 AM,-0.10
10100,4/17/2025 8:20:01 AM,0.00
10100,4/17/2025 8:20:02 AM,-0.10
10100,4/17/2025 8:20:03 AM,0.00
10100,4/17/2025 8:20:04 AM,-0.10
10100,4/17/2025 8:20:09 AM,-0.10
10100,4/17/2025 8:20:10 AM,0.00
10100,4/17/2025 8:20:11 AM,-0.10
10100,4/17/2025 8:20:13 AM,-0.10
10100,4/17/2025 8:20:14 AM,0.00
10100,4/17/2025 8:20:15 AM,-0.10
10100,4/17/2025 8:20:16 AM,0.00
10100,4/17/2025 8:20:18 AM,0.00
10100,4/17/2025 8:20:19 AM,-0.10
10100,4/17/2025 8:20:20 AM,-0.10
10100,4/17/2025 8:20:21 AM,0.00
10100,4/17/2025 8:20:22 AM,-0.10
10100,4/17/2025 8:20:24 AM,-0.10
10100,4/17/2025 8:20:25 AM,0.00
10100,4/17/2025 8:20:26 AM,-0.10
10100,4/17/2025 8:20:27 AM,0.00
10100,4/17/2025 8:20:28 AM,-0.10
10100,4/17/2025 8:20:29 AM,-0.10
10100,4/17/2025 8:20:30 AM,0.00
10100,4/17/2025 8:20:37 AM,0.00
10100,4/17/2025 8:20:38 AM,-0.10
10100,4/17/2025 8:20:39 AM,-0.10
10100,4/17/2025 8:20:40 AM,0.00
10100,4/17/2025 8:20:42 AM,0.00
10100,4/17/2025 8:20:43 AM,-0.10
10100,4/17/2025 8:20:44 AM,-0.10
10100,4/17/2025 8:20:45 AM,0.00
10100,4/17/2025 8:20:49 AM,0.00
10100,4/17/2025 8:20:50 AM,-0.10
10100,4/17/2025 8:20:51 AM,0.00
10100,4/17/2025 8:21:01 AM,0.00
10100,4/17/2025 8:21:01 AM,-0.10
10100,4/17/2025 8:21:02 AM,-0.10
10100,4/17/2025 8:21:03 AM,0.00
10100,4/17/2025 8:21:04 AM,0.00
10100,4/17/2025 8:21:05 AM,-0.10
10100,4/17/2025 8:21:06 AM,0.00
10100,4/17/2025 8:21:16 AM,0.00
10100,4/17/2025 8:21:17 AM,-0.10
10100,4/17/2025 8:21:18 AM,0.00
10100,4/17/2025 8:21:53 AM,0.00
10100,4/17/2025 8:21:54 AM,-0.10
10100,4/17/2025 8:21:55 AM,0.00
10100,4/17/2025 8:21:56 AM,-0.10
10100,4/17/2025 8:21:57 AM,0.00
10100,4/17/2025 8:24:40 AM,0.00
10100,4/17/2025 8:24:41 AM,-0.10
10100,4/17/2025 8:24:42 AM,0.00
10100,4/17/2025 8:25:13 AM,0.00
10100,4/17/2025 8:25:14 AM,-0.10
10100,4/17/2025 8:25:15 AM,0.00
10100,4/17/2025 8:25:37 AM,0.00
10100,4/17/2025 8:25:38 AM,-0.10
10100,4/17/2025 8:25:39 AM,0.00
10100,4/17/2025 8:34:06 AM,0.00
10100,4/17/2025 8:34:07 AM,-0.10
10100,4/17/2025 8:34:08 AM,0.00
10100,4/17/2025 8:39:29 AM,0.00
10100,4/17/2025 8:39:30 AM,-0.10
10100,4/17/2025 8:39:31 AM,0.00
10100,4/17/2025 8:39:32 AM,0.00
10100,4/17/2025 8:39:33 AM,-0.10
10100,4/17/2025 8:39:34 AM,-0.10
10100,4/17/2025 8:39:35 AM,0.00
10100,4/17/2025 8:39:43 AM,0.00
10100,4/17/2025 8:39:44 AM,-0.10
10100,4/17/2025 8:39:45 AM,0.00
10100,4/17/2025 8:39:46 AM,0.00
10100,4/17/2025 8:39:47 AM,-0.10
10100,4/17/2025 8:39:48 AM,-0.10
10100,4/17/2025 8:39:49 AM,0.00
10100,4/17/2025 8:39:50 AM,0.00
10100,4/17/2025 8:39:51 AM,-0.10
10100,4/17/2025 8:39:52 AM,0.00
10100,4/17/2025 8:39:55 AM,0.00
10100,4/17/2025 8:39:56 AM,-0.10
10100,4/17/2025 8:39:57 AM,0.00
10100,4/17/2025 8:40:03 AM,0.00
10100,4/17/2025 8:40:04 AM,-0.10
10100,4/17/2025 8:40:05 AM,0.00
10100,4/17/2025 8:40:07 AM,0.00
10100,4/17/2025 8:40:08 AM,-0.10
10100,4/17/2025 8:40:09 AM,-0.10
10100,4/17/2025 8:40:10 AM,0.00
10100,4/17/2025 8:40:11 AM,-0.10
10100,4/17/2025 8:40:12 AM,0.00
10100,4/17/2025 8:40:13 AM,-0.10
10100,4/17/2025 8:40:14 AM,0.00
10100,4/17/2025 8:40:15 AM,0.00
10100,4/17/2025 8:40:16 AM,-0.10
10100,4/17/2025 8:40:18 AM,-0.10
10100,4/17/2025 8:40:19 AM,0.00
10100,4/17/2025 8:40:25 AM,0.00
10100,4/17/2025 8:40:26 AM,-0.10
10100,4/17/2025 8:40:27 AM,0.00
10100,4/17/2025 8:40:31 AM,0.00
10100,4/17/2025 8:40:32 AM,-0.10
10100,4/17/2025 8:40:33 AM,-0.10
10100,4/17/2025 8:40:34 AM,0.00
10100,4/17/2025 8:40:35 AM,-0.10
10100,4/17/2025 8:40:36 AM,0.00
10100,4/17/2025 8:40:47 AM,0.00
10100,4/17/2025 8:40:48 AM,-0.10
10100,4/17/2025 8:40:49 AM,-0.10
10100,4/17/2025 8:40:50 AM,0.00
10100,4/17/2025 8:40:51 AM,-0.10
10100,4/17/2025 8:40:52 AM,0.00
10100,4/17/2025 8:40:53 AM,-0.10
10100,4/17/2025 8:40:55 AM,-0.10
10100,4/17/2025 8:40:56 AM,0.00
10100,4/17/2025 8:40:58 AM,0.00
10100,4/17/2025 8:40:59 AM,-0.10
10100,4/17/2025 8:41:01 AM,0.00
10100,4/17/2025 8:41:01 AM,-0.10
10100,4/17/2025 8:41:07 AM,-0.10
10100,4/17/2025 8:41:08 AM,0.00
10100,4/17/2025 8:41:09 AM,0.00
10100,4/17/2025 8:41:10 AM,-0.10
10100,4/17/2025 8:41:11 AM,0.00
10100,4/17/2025 8:41:13 AM,0.00
10100,4/17/2025 8:41:14 AM,-0.10
10100,4/17/2025 8:41:15 AM,0.00
10100,4/17/2025 8:41:16 AM,-0.10
10100,4/17/2025 8:41:17 AM,0.00
10100,4/17/2025 8:41:18 AM,0.00
10100,4/17/2025 8:41:19 AM,-0.10
10100,4/17/2025 8:41:20 AM,0.00
10100,4/17/2025 8:41:21 AM,-0.10
10100,4/17/2025 8:41:23 AM,-0.10
10100,4/17/2025 8:41:24 AM,0.00
10100,4/17/2025 8:41:25 AM,-0.10
10100,4/17/2025 8:41:26 AM,0.00
10100,4/17/2025 8:41:27 AM,-0.10
10100,4/17/2025 8:41:28 AM,0.00
10100,4/17/2025 8:41:30 AM,0.00
10100,4/17/2025 8:41:31 AM,-0.10
10100,4/17/2025 8:41:32 AM,-0.10
10100,4/17/2025 8:41:33 AM,0.00
10100,4/17/2025 8:41:35 AM,0.00
10100,4/17/2025 8:41:36 AM,-0.10
10100,4/17/2025 8:41:38 AM,-0.10
10100,4/17/2025 8:41:39 AM,0.00
10100,4/17/2025 8:41:40 AM,-0.10
10100,4/17/2025 8:41:44 AM,-0.10
10100,4/17/2025 8:41:45 AM,0.00
10100,4/17/2025 8:41:46 AM,0.00
10100,4/17/2025 8:41:47 AM,-0.10
10100,4/17/2025 8:41:52 AM,-0.10
10100,4/17/2025 8:41:53 AM,0.00
10100,4/17/2025 8:41:54 AM,0.00
10100,4/17/2025 8:41:55 AM,-0.10
10100,4/17/2025 8:41:56 AM,0.00
10100,4/17/2025 8:41:57 AM,-0.10
10100,4/17/2025 8:42:08 AM,-0.10
10100,4/17/2025 8:42:09 AM,0.00
10100,4/17/2025 8:42:10 AM,-0.10
10100,4/17/2025 8:42:11 AM,0.00
10100,4/17/2025 8:42:12 AM,-0.10
10100,4/17/2025 8:42:16 AM,-0.10
10100,4/17/2025 8:42:17 AM,0.00
10100,4/17/2025 8:42:18 AM,-0.10
10100,4/17/2025 8:43:04 AM,-0.10
10100,4/17/2025 8:43:05 AM,0.00
10100,4/17/2025 8:43:06 AM,-0.10
10100,4/17/2025 8:43:07 AM,-0.10
10100,4/17/2025 8:43:08 AM,0.00
10100,4/17/2025 8:43:09 AM,-0.10
10100,4/17/2025 8:43:10 AM,-0.10
10100,4/17/2025 8:43:11 AM,0.00
10100,4/17/2025 8:43:12 AM,-0.10
10100,4/17/2025 8:43:51 AM,-0.10
10100,4/17/2025 8:43:52 AM,0.00
10100,4/17/2025 8:43:53 AM,-0.10
10100,4/17/2025 8:44:02 AM,-0.10
10100,4/17/2025 8:44:03 AM,0.00
10100,4/17/2025 8:44:04 AM,-0.10
10100,4/17/2025 8:44:22 AM,-0.10
10100,4/17/2025 8:44:23 AM,0.00
10100,4/17/2025 8:44:24 AM,-0.10
10100,4/17/2025 8:46:10 AM,-0.10
10100,4/17/2025 8:46:11 AM,0.00
10100,4/17/2025 8:46:12 AM,-0.10
10100,4/17/2025 8:46:44 AM,-0.10
10100,4/17/2025 8:46:45 AM,0.00
10100,4/17/2025 8:46:46 AM,-0.10
10100,4/17/2025 8:47:27 AM,-0.10
10100,4/17/2025 8:47:28 AM,0.00
10100,4/17/2025 8:47:29 AM,-0.10
10100,4/17/2025 8:48:06 AM,-0.10
10100,4/17/2025 8:48:07 AM,0.00
10100,4/17/2025 8:48:08 AM,-0.10
10100,4/17/2025 8:50:57 AM,-0.10
10100,4/17/2025 8:50:58 AM,0.00
10100,4/17/2025 8:50:59 AM,-0.10
10100,4/17/2025 8:51:38 AM,-0.10
10100,4/17/2025 8:51:39 AM,0.00
10100,4/17/2025 8:51:40 AM,-0.10
10100,4/17/2025 8:51:49 AM,-0.10
10100,4/17/2025 8:51:50 AM,0.00
10100,4/17/2025 8:51:51 AM,0.00
10100,4/17/2025 8:51:52 AM,-0.10
10100,4/17/2025 8:51:53 AM,0.00
10100,4/17/2025 8:51:54 AM,-0.10
10100,4/17/2025 8:52:24 AM,-0.10
10100,4/17/2025 8:52:25 AM,0.00
10100,4/17/2025 8:52:26 AM,-0.10
10100,4/17/2025 8:54:22 AM,-0.10
10100,4/17/2025 8:54:23 AM,0.00
10100,4/17/2025 8:54:24 AM,-0.10
10100,4/17/2025 8:54:36 AM,-0.10
10100,4/17/2025 8:54:37 AM,0.00
10100,4/17/2025 8:54:38 AM,-0.10
10100,4/17/2025 8:56:55 AM,-0.10
10100,4/17/2025 8:56:56 AM,0.00
10100,4/17/2025 8:56:57 AM,-0.10
10100,4/17/2025 8:57:23 AM,-0.10
10100,4/17/2025 8:57:24 AM,0.00
10100,4/17/2025 8:57:25 AM,-0.10
10100,4/17/2025 8:57:30 AM,-0.10
10100,4/17/2025 8:57:31 AM,0.00
10100,4/17/2025 8:57:32 AM,-0.10
10100,4/17/2025 8:58:04 AM,-0.10
10100,4/17/2025 8:58:05 AM,0.00
10100,4/17/2025 8:58:06 AM,-0.10
10100,4/17/2025 9:36:44 AM,-0.10
10100,4/17/2025 9:36:45 AM,0.00
10100,4/17/2025 9:36:46 AM,-0.10
10100,4/17/2025 9:36:48 AM,-0.10
10100,4/17/2025 9:36:49 AM,0.00
10100,4/17/2025 9:36:50 AM,-0.10
10100,4/17/2025 9:37:50 AM,-0.10
10100,4/17/2025 9:37:51 AM,0.00
10100,4/17/2025 9:37:52 AM,-0.10
10100,4/17/2025 9:37:54 AM,-0.10
10100,4/17/2025 9:37:55 AM,0.00
10100,4/17/2025 9:37:56 AM,-0.10
10100,4/17/2025 9:38:03 AM,-0.10
10100,4/17/2025 9:38:04 AM,0.00
10100,4/17/2025 9:38:05 AM,-0.10
10100,4/17/2025 9:38:09 AM,-0.10
10100,4/17/2025 9:38:10 AM,0.00
10100,4/17/2025 9:38:11 AM,0.00
10100,4/17/2025 9:38:12 AM,-0.10
10100,4/17/2025 9:38:31 AM,-0.10
10100,4/17/2025 9:38:32 AM,0.00
10100,4/17/2025 9:38:33 AM,-0.10
10100,4/17/2025 9:38:43 AM,-0.10
10100,4/17/2025 9:38:44 AM,0.00
10100,4/17/2025 9:38:45 AM,-0.10
10100,4/17/2025 9:38:52 AM,-0.10
10100,4/17/2025 9:38:53 AM,0.00
10100,4/17/2025 9:38:54 AM,-0.10
10100,4/17/2025 9:38:59 AM,-0.10
10100,4/17/2025 9:39:01 AM,0.00
10100,4/17/2025 9:39:01 AM,0.00
10100,4/17/2025 9:39:02 AM,-0.10
10100,4/17/2025 9:39:24 AM,-0.10
10100,4/17/2025 9:39:25 AM,0.00
10100,4/17/2025 9:39:26 AM,-0.10
10100,4/17/2025 9:39:27 AM,-0.10
10100,4/17/2025 9:39:28 AM,0.00
10100,4/17/2025 9:39:29 AM,-0.10
10100,4/17/2025 9:39:38 AM,-0.10
10100,4/17/2025 9:39:39 AM,0.00
10100,4/17/2025 9:39:40 AM,-0.10
10100,4/17/2025 9:39:44 AM,-0.10
10100,4/17/2025 9:39:45 AM,0.00
10100,4/17/2025 9:39:46 AM,-0.10
10100,4/17/2025 9:39:57 AM,-0.10
10100,4/17/2025 9:39:58 AM,0.00
10100,4/17/2025 9:39:59 AM,-0.10
10100,4/17/2025 9:40:05 AM,-0.10
10100,4/17/2025 9:40:06 AM,0.00
10100,4/17/2025 9:40:07 AM,-0.10
10100,4/17/2025 9:40:13 AM,-0.10
10100,4/17/2025 9:40:14 AM,0.00
10100,4/17/2025 9:40:15 AM,-0.10
10100,4/17/2025 9:40:16 AM,0.00
10100,4/17/2025 9:40:17 AM,-0.10
10100,4/17/2025 9:40:41 AM,-0.10
10100,4/17/2025 9:40:42 AM,0.00
10100,4/17/2025 9:40:43 AM,0.00
10100,4/17/2025 9:40:44 AM,-0.10
10100,4/17/2025 9:40:48 AM,-0.10
10100,4/17/2025 9:40:49 AM,0.00
10100,4/17/2025 9:40:50 AM,-0.10
10100,4/17/2025 9:40:51 AM,0.00
10100,4/17/2025 9:40:52 AM,-0.10
10100,4/17/2025 9:41:11 AM,-0.10
10100,4/17/2025 9:41:12 AM,0.00
10100,4/17/2025 9:41:13 AM,-0.10
10100,4/17/2025 9:41:17 AM,-0.10
10100,4/17/2025 9:41:18 AM,0.00
10100,4/17/2025 9:41:19 AM,-0.10
10100,4/17/2025 9:41:33 AM,-0.10
10100,4/17/2025 9:41:34 AM,0.00
10100,4/17/2025 9:41:35 AM,-0.10
10100,4/17/2025 9:41:36 AM,0.00
10100,4/17/2025 9:41:37 AM,-0.10
10100,4/17/2025 9:41:38 AM,0.00
10100,4/17/2025 9:41:39 AM,-0.10
10100,4/17/2025 9:41:40 AM,-0.10
10100,4/17/2025 9:41:41 AM,0.00
10100,4/17/2025 9:41:44 AM,0.00
10100,4/17/2025 9:41:45 AM,-0.10
10100,4/17/2025 9:41:46 AM,0.00
10100,4/17/2025 9:41:47 AM,-0.10
10100,4/17/2025 9:42:01 AM,-0.10
10100,4/17/2025 9:42:01 AM,0.00
10100,4/17/2025 9:42:02 AM,0.00
10100,4/17/2025 9:42:03 AM,-0.10
10100,4/17/2025 9:42:05 AM,-0.10
10100,4/17/2025 9:42:06 AM,0.00
10100,4/17/2025 9:42:10 AM,0.00
10100,4/17/2025 9:42:11 AM,-0.10
10100,4/17/2025 9:42:13 AM,-0.10
10100,4/17/2025 9:42:14 AM,0.00
10100,4/17/2025 9:42:15 AM,-0.10
10100,4/17/2025 9:42:17 AM,-0.10
10100,4/17/2025 9:42:18 AM,0.00
10100,4/17/2025 9:42:19 AM,-0.10
10100,4/17/2025 9:42:20 AM,0.00
10100,4/17/2025 9:42:21 AM,-0.10
10100,4/17/2025 9:42:22 AM,0.00
10100,4/17/2025 9:42:23 AM,-0.10
10100,4/17/2025 9:42:24 AM,0.00
10100,4/17/2025 9:42:25 AM,-0.10
10100,4/17/2025 9:42:26 AM,-0.10
10100,4/17/2025 9:42:27 AM,0.00
10100,4/17/2025 9:42:28 AM,-0.10
10100,4/17/2025 9:42:29 AM,0.00
10100,4/17/2025 9:42:30 AM,-0.10
10100,4/17/2025 9:42:41 AM,-0.10
10100,4/17/2025 9:42:42 AM,0.00
10100,4/17/2025 9:42:43 AM,-0.10
10100,4/17/2025 9:42:49 AM,-0.10
10100,4/17/2025 9:42:50 AM,0.00
10100,4/17/2025 9:42:51 AM,-0.10
10100,4/17/2025 9:42:52 AM,0.00
10100,4/17/2025 9:42:54 AM,0.00
10100,4/17/2025 9:42:55 AM,-0.10
10100,4/17/2025 9:42:56 AM,-0.10
10100,4/17/2025 9:42:57 AM,0.00
10100,4/17/2025 9:42:58 AM,-0.10
10100,4/17/2025 9:42:59 AM,-0.10
10100,4/17/2025 9:43:01 AM,0.00
10100,4/17/2025 9:43:01 AM,-0.10
10100,4/17/2025 9:43:02 AM,0.00
10100,4/17/2025 9:43:03 AM,-0.10
10100,4/17/2025 9:43:04 AM,0.00
10100,4/17/2025 9:43:05 AM,-0.10
10100,4/17/2025 9:43:06 AM,-0.10
10100,4/17/2025 9:43:07 AM,0.00
10100,4/17/2025 9:43:08 AM,-0.10
10100,4/17/2025 9:43:14 AM,-0.10
10100,4/17/2025 9:43:15 AM,0.00
10100,4/17/2025 9:43:16 AM,-0.10
10100,4/17/2025 9:43:18 AM,-0.10
10100,4/17/2025 9:43:19 AM,0.00
10100,4/17/2025 9:43:20 AM,-0.10
10100,4/17/2025 9:43:35 AM,-0.10
10100,4/17/2025 9:43:36 AM,0.00
10100,4/17/2025 9:43:37 AM,-0.10
10100,4/17/2025 9:43:38 AM,-0.10
10100,4/17/2025 9:43:39 AM,0.00
10100,4/17/2025 9:43:40 AM,-0.10
10100,4/17/2025 9:43:42 AM,-0.10
10100,4/17/2025 9:43:43 AM,0.00
10100,4/17/2025 9:43:44 AM,-0.10
10100,4/17/2025 9:43:46 AM,-0.10
10100,4/17/2025 9:43:47 AM,0.00
10100,4/17/2025 9:43:48 AM,-0.10
10100,4/17/2025 9:43:49 AM,0.00
10100,4/17/2025 9:43:50 AM,-0.10
10100,4/17/2025 9:43:53 AM,-0.10
10100,4/17/2025 9:43:54 AM,0.00
10100,4/17/2025 9:43:55 AM,0.00
10100,4/17/2025 9:43:56 AM,-0.10
10100,4/17/2025 9:43:57 AM,0.00
10100,4/17/2025 9:43:58 AM,-0.10
10100,4/17/2025 9:43:59 AM,0.00
10100,4/17/2025 9:44:01 AM,-0.10
10100,4/17/2025 9:44:01 AM,0.00
10100,4/17/2025 9:44:05 AM,-0.10
10100,4/17/2025 9:44:06 AM,0.00
10100,4/17/2025 9:44:08 AM,0.00
10100,4/17/2025 9:44:09 AM,-0.10
10100,4/17/2025 9:44:10 AM,-0.10
10100,4/17/2025 9:44:11 AM,0.00
10100,4/17/2025 9:44:12 AM,-0.10
10100,4/17/2025 9:44:15 AM,-0.10
10100,4/17/2025 9:44:16 AM,0.00
10100,4/17/2025 9:44:17 AM,-0.10
10100,4/17/2025 9:44:18 AM,-0.10
10100,4/17/2025 9:44:19 AM,0.00
10100,4/17/2025 9:44:20 AM,-0.10
10100,4/17/2025 9:44:22 AM,-0.10
10100,4/17/2025 9:44:23 AM,0.00
10100,4/17/2025 9:44:24 AM,-0.10
10100,4/17/2025 9:44:25 AM,-0.10
10100,4/17/2025 9:44:26 AM,0.00
10100,4/17/2025 9:44:27 AM,-0.10
10100,4/17/2025 9:44:28 AM,0.00
10100,4/17/2025 9:44:29 AM,-0.10
10100,4/17/2025 9:44:34 AM,-0.10
10100,4/17/2025 9:44:35 AM,0.00
10100,4/17/2025 9:44:36 AM,-0.10
10100,4/17/2025 9:44:38 AM,-0.10
10100,4/17/2025 9:44:39 AM,0.00
10100,4/17/2025 9:44:41 AM,0.00
10100,4/17/2025 9:44:42 AM,-0.10
10100,4/17/2025 9:44:43 AM,0.00
10100,4/17/2025 9:44:45 AM,0.00
10100,4/17/2025 9:44:46 AM,-0.10
10100,4/17/2025 9:44:47 AM,0.00
10100,4/17/2025 9:44:49 AM,0.00
10100,4/17/2025 9:44:50 AM,-0.10
10100,4/17/2025 9:44:51 AM,0.00
10100,4/17/2025 9:44:52 AM,-0.10
10100,4/17/2025 9:44:54 AM,-0.10
10100,4/17/2025 9:44:55 AM,0.00
10100,4/17/2025 9:44:58 AM,0.00
10100,4/17/2025 9:44:59 AM,-0.10
10100,4/17/2025 9:45:01 AM,0.00
10100,4/17/2025 9:45:05 AM,0.00
10100,4/17/2025 9:45:06 AM,-0.10
10100,4/17/2025 9:45:07 AM,0.00
10100,4/17/2025 9:45:43 AM,0.00
10100,4/17/2025 9:45:44 AM,-0.10
10100,4/17/2025 9:45:45 AM,0.00
10100,4/17/2025 9:45:46 AM,-0.10
10100,4/17/2025 9:45:47 AM,0.00
10100,4/17/2025 9:59:13 AM,0.00
10100,4/17/2025 9:59:14 AM,-0.10
10100,4/17/2025 9:59:15 AM,0.00
10100,4/17/2025 9:59:19 AM,0.00
10100,4/17/2025 9:59:20 AM,-0.10
10100,4/17/2025 9:59:21 AM,0.00
10100,4/17/2025 10:00:27 AM,0.00
10100,4/17/2025 10:00:28 AM,-0.10
10100,4/17/2025 10:00:29 AM,0.00
10100,4/17/2025 10:00:38 AM,0.00
10100,4/17/2025 10:00:39 AM,-0.10
10100,4/17/2025 10:00:40 AM,0.00
10100,4/17/2025 10:01:17 AM,0.00
10100,4/17/2025 10:01:18 AM,-0.10
10100,4/17/2025 10:01:19 AM,0.00
10100,4/17/2025 10:01:26 AM,0.00
10100,4/17/2025 10:01:27 AM,-0.10
10100,4/17/2025 10:01:28 AM,0.00
10100,4/17/2025 10:01:51 AM,0.00
10100,4/17/2025 10:01:52 AM,-0.10
10100,4/17/2025 10:01:53 AM,0.00
10100,4/17/2025 10:02:49 AM,0.00
10100,4/17/2025 10:02:50 AM,-0.10
10100,4/17/2025 10:02:51 AM,0.00
10100,4/17/2025 10:02:52 AM,0.00
10100,4/17/2025 10:02:53 AM,-0.10
10100,4/17/2025 10:02:54 AM,0.00
10100,4/17/2025 10:03:06 AM,0.00
10100,4/17/2025 10:03:07 AM,-0.10
10100,4/17/2025 10:03:08 AM,0.00
10100,4/17/2025 10:03:09 AM,-0.10
10100,4/17/2025 10:03:10 AM,0.00
10100,4/17/2025 10:03:11 AM,0.00
10100,4/17/2025 10:03:12 AM,-0.10
10100,4/17/2025 10:03:13 AM,0.00
10100,4/17/2025 10:03:14 AM,0.00
10100,4/17/2025 10:03:15 AM,-0.10
10100,4/17/2025 10:03:16 AM,0.00
10100,4/17/2025 10:03:19 AM,0.00
10100,4/17/2025 10:03:20 AM,-0.10
10100,4/17/2025 10:03:21 AM,0.00
10100,4/17/2025 10:03:42 AM,0.00
10100,4/17/2025 10:03:43 AM,-0.10
10100,4/17/2025 10:03:44 AM,-0.10
10100,4/17/2025 10:03:45 AM,0.00
10100,4/17/2025 10:03:51 AM,0.00
10100,4/17/2025 10:03:52 AM,-0.10
10100,4/17/2025 10:03:53 AM,-0.10
10100,4/17/2025 10:03:54 AM,0.00
10100,4/17/2025 10:03:55 AM,-0.10
10100,4/17/2025 10:03:56 AM,0.00
10100,4/17/2025 10:03:57 AM,0.00
10100,4/17/2025 10:03:58 AM,-0.10
10100,4/17/2025 10:03:59 AM,0.00
10100,4/17/2025 10:04:04 AM,0.00
10100,4/17/2025 10:04:05 AM,-0.10
10100,4/17/2025 10:04:10 AM,-0.10
10100,4/17/2025 10:04:11 AM,0.00
10100,4/17/2025 10:04:16 AM,0.00
10100,4/17/2025 10:04:17 AM,-0.10
10100,4/17/2025 10:04:18 AM,0.00
10100,4/17/2025 10:04:19 AM,0.00
10100,4/17/2025 10:04:20 AM,-0.10
10100,4/17/2025 10:04:21 AM,0.00
10100,4/17/2025 10:04:27 AM,0.00
10100,4/17/2025 10:04:28 AM,-0.10
10100,4/17/2025 10:04:29 AM,0.00
10100,4/17/2025 10:04:30 AM,0.00
10100,4/17/2025 10:04:31 AM,-0.10
10100,4/17/2025 10:04:33 AM,-0.10
10100,4/17/2025 10:04:34 AM,0.00
10100,4/17/2025 10:04:35 AM,-0.10
10100,4/17/2025 10:04:36 AM,-0.10
10100,4/17/2025 10:04:37 AM,0.00
10100,4/17/2025 10:04:42 AM,0.00
10100,4/17/2025 10:04:43 AM,-0.10
10100,4/17/2025 10:04:44 AM,-0.10
10100,4/17/2025 10:04:45 AM,0.00
10100,4/17/2025 10:04:47 AM,0.00
10100,4/17/2025 10:04:48 AM,-0.10
10100,4/17/2025 10:04:50 AM,-0.10
10100,4/17/2025 10:04:51 AM,0.00
10100,4/17/2025 10:04:53 AM,0.00
10100,4/17/2025 10:04:54 AM,-0.10
10100,4/17/2025 10:04:55 AM,0.00
10100,4/17/2025 10:04:58 AM,0.00
10100,4/17/2025 10:04:59 AM,-0.10
10100,4/17/2025 10:05:01 AM,0.00
10100,4/17/2025 10:05:01 AM,0.00
10100,4/17/2025 10:05:02 AM,-0.10
10100,4/17/2025 10:05:03 AM,0.00
10100,4/17/2025 10:05:06 AM,0.00
10100,4/17/2025 10:05:07 AM,-0.10
10100,4/17/2025 10:05:08 AM,0.00
10100,4/17/2025 10:05:14 AM,0.00
10100,4/17/2025 10:05:15 AM,-0.10
10100,4/17/2025 10:05:16 AM,0.00
10100,4/17/2025 10:05:17 AM,0.00
10100,4/17/2025 10:05:18 AM,-0.10
10100,4/17/2025 10:05:19 AM,0.00
10100,4/17/2025 10:05:20 AM,0.00
10100,4/17/2025 10:05:21 AM,-0.10
10100,4/17/2025 10:05:22 AM,-0.10
10100,4/17/2025 10:05:23 AM,0.00
10100,4/17/2025 10:05:24 AM,-0.10
10100,4/17/2025 10:05:25 AM,0.00
10100,4/17/2025 10:05:27 AM,0.00
10100,4/17/2025 10:05:28 AM,-0.10
10100,4/17/2025 10:05:29 AM,0.00
10100,4/17/2025 10:05:33 AM,0.00
10100,4/17/2025 10:05:34 AM,-0.10
10100,4/17/2025 10:05:35 AM,0.00
10100,4/17/2025 10:05:54 AM,0.00
10100,4/17/2025 10:05:55 AM,-0.10
10100,4/17/2025 10:05:56 AM,0.00
10100,4/17/2025 10:05:58 AM,0.00
10100,4/17/2025 10:05:59 AM,-0.10
10100,4/17/2025 10:06:01 AM,0.00
10100,4/17/2025 10:06:07 AM,0.00
10100,4/17/2025 10:06:08 AM,-0.10
10100,4/17/2025 10:06:09 AM,0.00
10100,4/17/2025 10:06:16 AM,0.00
10100,4/17/2025 10:06:17 AM,-0.10
10100,4/17/2025 10:06:18 AM,-0.10
10100,4/17/2025 10:06:19 AM,0.00
10100,4/17/2025 10:06:20 AM,0.00
10100,4/17/2025 10:06:21 AM,-0.10
10100,4/17/2025 10:06:22 AM,0.00
10100,4/17/2025 10:06:25 AM,0.00
10100,4/17/2025 10:06:26 AM,-0.10
10100,4/17/2025 10:06:27 AM,0.00
10100,4/17/2025 10:06:33 AM,0.00
10100,4/17/2025 10:06:34 AM,-0.10
10100,4/17/2025 10:06:35 AM,0.00
10100,4/17/2025 10:06:39 AM,0.00
10100,4/17/2025 10:06:40 AM,-0.10
10100,4/17/2025 10:06:41 AM,0.00
10100,4/17/2025 10:06:48 AM,0.00
10100,4/17/2025 10:06:49 AM,-0.10
10100,4/17/2025 10:06:50 AM,0.00
10100,4/17/2025 10:07:01 AM,0.00
10100,4/17/2025 10:07:02 AM,-0.10
10100,4/17/2025 10:07:03 AM,-0.10
10100,4/17/2025 10:07:04 AM,0.00
10100,4/17/2025 10:07:06 AM,0.00
10100,4/17/2025 10:07:07 AM,-0.10
10100,4/17/2025 10:07:08 AM,0.00
10100,4/17/2025 10:07:19 AM,0.00
10100,4/17/2025 10:07:20 AM,-0.10
10100,4/17/2025 10:07:21 AM,0.00
10100,4/17/2025 10:07:22 AM,-0.10
10100,4/17/2025 10:07:23 AM,0.00
10100,4/17/2025 10:07:28 AM,0.00
10100,4/17/2025 10:07:29 AM,-0.10
10100,4/17/2025 10:07:30 AM,0.00
10100,4/17/2025 10:07:32 AM,0.00
10100,4/17/2025 10:07:33 AM,-0.10
10100,4/17/2025 10:07:34 AM,0.00
10100,4/17/2025 10:07:38 AM,0.00
10100,4/17/2025 10:07:39 AM,-0.10
10100,4/17/2025 10:07:40 AM,0.00
10100,4/17/2025 10:07:41 AM,-0.10
10100,4/17/2025 10:07:42 AM,0.00
10100,4/17/2025 10:07:46 AM,0.00
10100,4/17/2025 10:07:47 AM,-0.10
10100,4/17/2025 10:07:48 AM,0.00
10100,4/17/2025 10:07:57 AM,0.00
10100,4/17/2025 10:07:58 AM,-0.10
10100,4/17/2025 10:07:59 AM,0.00
10100,4/17/2025 10:08:07 AM,0.00
10100,4/17/2025 10:08:08 AM,-0.10
10100,4/17/2025 10:08:09 AM,0.00
10100,4/17/2025 10:08:18 AM,0.00
10100,4/17/2025 10:08:19 AM,-0.10
10100,4/17/2025 10:08:20 AM,0.00
10100,4/17/2025 10:08:24 AM,0.00
10100,4/17/2025 10:08:25 AM,-0.10
10100,4/17/2025 10:08:26 AM,-0.10
10100,4/17/2025 10:08:27 AM,0.00
10100,4/17/2025 10:08:28 AM,-0.10
10100,4/17/2025 10:08:29 AM,0.00
10100,4/17/2025 10:08:30 AM,-0.10
10100,4/17/2025 10:08:31 AM,0.00
10100,4/17/2025 10:08:32 AM,-0.10
10100,4/17/2025 10:08:33 AM,0.00
10100,4/17/2025 10:08:34 AM,0.00
10100,4/17/2025 10:08:35 AM,-0.10
10100,4/17/2025 10:08:36 AM,0.00
10100,4/17/2025 10:08:39 AM,0.00
10100,4/17/2025 10:08:40 AM,-0.10
10100,4/17/2025 10:08:41 AM,0.00
10100,4/17/2025 10:08:42 AM,0.00
10100,4/17/2025 10:08:43 AM,-0.10
10100,4/17/2025 10:08:44 AM,0.00
10100,4/17/2025 10:08:49 AM,0.00
10100,4/17/2025 10:08:50 AM,-0.10
10100,4/17/2025 10:08:51 AM,0.00
10100,4/17/2025 10:08:57 AM,0.00
10100,4/17/2025 10:08:58 AM,-0.10
10100,4/17/2025 10:08:59 AM,0.00
10100,4/17/2025 10:09:01 AM,0.00
10100,4/17/2025 10:09:01 AM,-0.10
10100,4/17/2025 10:09:02 AM,0.00
10100,4/17/2025 10:09:08 AM,0.00
10100,4/17/2025 10:09:08 AM,-0.10
10100,4/17/2025 10:09:08 AM,-0.10
10100,4/17/2025 10:09:09 AM,0.00
10100,4/17/2025 10:09:14 AM,0.00
10100,4/17/2025 10:09:15 AM,-0.10
10100,4/17/2025 10:09:16 AM,0.00
10100,4/17/2025 10:09:17 AM,-0.10
10100,4/17/2025 10:09:18 AM,0.00
10100,4/17/2025 10:09:20 AM,0.00
10100,4/17/2025 10:09:21 AM,-0.10
10100,4/17/2025 10:09:22 AM,0.00
10100,4/17/2025 10:09:23 AM,-0.10
10100,4/17/2025 10:09:24 AM,0.00
10100,4/17/2025 10:09:25 AM,-0.10
10100,4/17/2025 10:09:26 AM,0.00
10100,4/17/2025 10:09:32 AM,0.00
10100,4/17/2025 10:09:33 AM,-0.10
10100,4/17/2025 10:09:34 AM,0.00
10100,4/17/2025 10:09:36 AM,0.00
10100,4/17/2025 10:09:37 AM,-0.10
10100,4/17/2025 10:09:38 AM,0.00
10100,4/17/2025 10:09:39 AM,-0.10
10100,4/17/2025 10:09:40 AM,-0.10
10100,4/17/2025 10:09:41 AM,0.00
10100,4/17/2025 10:09:42 AM,-0.10
10100,4/17/2025 10:09:43 AM,0.00
10100,4/17/2025 10:09:44 AM,-0.10
10100,4/17/2025 10:09:45 AM,0.00
10100,4/17/2025 10:09:51 AM,0.00
10100,4/17/2025 10:09:52 AM,-0.10
10100,4/17/2025 10:09:53 AM,0.00
10100,4/17/2025 10:09:55 AM,0.00
10100,4/17/2025 10:09:56 AM,-0.10
10100,4/17/2025 10:09:57 AM,0.00
10100,4/17/2025 10:10:02 AM,0.00
10100,4/17/2025 10:10:03 AM,-0.10
10100,4/17/2025 10:10:04 AM,0.00
10100,4/17/2025 10:10:09 AM,0.00
10100,4/17/2025 10:10:10 AM,-0.10
10100,4/17/2025 10:10:11 AM,0.00
10100,4/17/2025 10:10:12 AM,0.00
10100,4/17/2025 10:10:13 AM,-0.10
10100,4/17/2025 10:10:14 AM,0.00
10100,4/17/2025 10:10:15 AM,-0.10
10100,4/17/2025 10:10:18 AM,-0.10
10100,4/17/2025 10:10:19 AM,0.00
10100,4/17/2025 10:10:20 AM,-0.10
10100,4/17/2025 10:10:21 AM,0.00
10100,4/17/2025 10:10:22 AM,0.00
10100,4/17/2025 10:10:23 AM,-0.10
10100,4/17/2025 10:10:25 AM,-0.10
10100,4/17/2025 10:10:26 AM,0.00
10100,4/17/2025 10:10:27 AM,-0.10
10100,4/17/2025 10:10:28 AM,0.00
10100,4/17/2025 10:10:29 AM,0.00
10100,4/17/2025 10:10:30 AM,-0.10
10100,4/17/2025 10:10:31 AM,0.00
10100,4/17/2025 10:10:33 AM,0.00
10100,4/17/2025 10:10:34 AM,-0.10
10100,4/17/2025 10:10:35 AM,-0.10
10100,4/17/2025 10:10:36 AM,0.00
10100,4/17/2025 10:10:40 AM,0.00
10100,4/17/2025 10:10:41 AM,-0.10
10100,4/17/2025 10:10:42 AM,0.00
10100,4/17/2025 10:10:46 AM,0.00
10100,4/17/2025 10:10:47 AM,-0.10
10100,4/17/2025 10:10:48 AM,0.00
10100,4/17/2025 10:10:52 AM,0.00
10100,4/17/2025 10:10:53 AM,-0.10
10100,4/17/2025 10:10:54 AM,-0.10
10100,4/17/2025 10:10:55 AM,0.00
10100,4/17/2025 10:10:56 AM,0.00
10100,4/17/2025 10:10:57 AM,-0.10
10100,4/17/2025 10:10:58 AM,0.00
10100,4/17/2025 10:10:59 AM,0.00
10100,4/17/2025 10:11:01 AM,0.00
10100,4/17/2025 10:11:01 AM,-0.10
10100,4/17/2025 10:11:04 AM,0.00
10100,4/17/2025 10:11:05 AM,-0.10
10100,4/17/2025 10:11:06 AM,0.00
10100,4/17/2025 10:11:07 AM,-0.10
10100,4/17/2025 10:11:08 AM,-0.10
10100,4/17/2025 10:11:09 AM,0.00
10100,4/17/2025 10:11:12 AM,0.00
10100,4/17/2025 10:11:13 AM,-0.10
10100,4/17/2025 10:11:14 AM,0.00
10100,4/17/2025 10:11:19 AM,0.00
10100,4/17/2025 10:11:20 AM,-0.10
10100,4/17/2025 10:11:21 AM,-0.10
10100,4/17/2025 10:11:22 AM,0.00
10100,4/17/2025 10:11:25 AM,0.00
10100,4/17/2025 10:11:26 AM,-0.10
10100,4/17/2025 10:11:27 AM,0.00
10100,4/17/2025 10:11:30 AM,0.00
10100,4/17/2025 10:11:31 AM,-0.10
10100,4/17/2025 10:11:32 AM,0.00
10100,4/17/2025 10:11:33 AM,-0.10
10100,4/17/2025 10:11:34 AM,-0.10
10100,4/17/2025 10:11:35 AM,0.00
10100,4/17/2025 10:11:38 AM,-0.10
10100,4/17/2025 10:11:38 AM,-0.10
10100,4/17/2025 10:11:38 AM,0.00
10100,4/17/2025 10:11:39 AM,0.00
10100,4/17/2025 10:11:40 AM,-0.10
10100,4/17/2025 10:11:41 AM,0.00
10100,4/17/2025 10:11:42 AM,-0.10
10100,4/17/2025 10:11:43 AM,-0.10
10100,4/17/2025 10:11:44 AM,0.00
10100,4/17/2025 10:11:47 AM,0.00
10100,4/17/2025 10:11:48 AM,-0.10
10100,4/17/2025 10:11:50 AM,-0.10
10100,4/17/2025 10:11:51 AM,0.00
10100,4/17/2025 10:11:52 AM,0.00
10100,4/17/2025 10:11:53 AM,-0.10
10100,4/17/2025 10:11:54 AM,0.00
10100,4/17/2025 10:11:56 AM,0.00
10100,4/17/2025 10:11:57 AM,-0.10
10100,4/17/2025 10:11:58 AM,0.00
10100,4/17/2025 10:11:59 AM,0.00
10100,4/17/2025 10:12:01 AM,-0.10
10100,4/17/2025 10:12:03 AM,-0.10
10100,4/17/2025 10:12:04 AM,0.00
10100,4/17/2025 10:12:06 AM,0.00
10100,4/17/2025 10:12:07 AM,-0.10
10100,4/17/2025 10:12:08 AM,0.00
10100,4/17/2025 10:12:09 AM,0.00
10100,4/17/2025 10:12:10 AM,-0.10
10100,4/17/2025 10:12:11 AM,0.00
10100,4/17/2025 10:12:12 AM,0.00
10100,4/17/2025 10:12:13 AM,-0.10
10100,4/17/2025 10:12:14 AM,0.00
10100,4/17/2025 10:12:15 AM,0.00
10100,4/17/2025 10:12:16 AM,-0.10
10100,4/17/2025 10:12:17 AM,-0.10
10100,4/17/2025 10:12:18 AM,0.00
10100,4/17/2025 10:12:19 AM,-0.10
10100,4/17/2025 10:12:20 AM,0.00
10100,4/17/2025 10:12:22 AM,0.00
10100,4/17/2025 10:12:23 AM,-0.10
10100,4/17/2025 10:12:24 AM,0.00
10100,4/17/2025 10:12:25 AM,-0.10
10100,4/17/2025 10:12:26 AM,-0.10
10100,4/17/2025 10:12:27 AM,0.00
10100,4/17/2025 10:12:28 AM,-0.10
10100,4/17/2025 10:12:29 AM,0.00
10100,4/17/2025 10:12:30 AM,0.00
10100,4/17/2025 10:12:31 AM,-0.10
10100,4/17/2025 10:12:32 AM,0.00
10100,4/17/2025 10:12:33 AM,-0.10
10100,4/17/2025 10:12:34 AM,-0.10
10100,4/17/2025 10:12:35 AM,0.00
10100,4/17/2025 10:12:36 AM,-0.10
10100,4/17/2025 10:12:37 AM,0.00
10100,4/17/2025 10:12:38 AM,-0.10
10100,4/17/2025 10:12:40 AM,-0.10
10100,4/17/2025 10:12:41 AM,0.00
10100,4/17/2025 10:12:48 AM,0.00
10100,4/17/2025 10:12:49 AM,-0.10
10100,4/17/2025 10:12:50 AM,0.00
10100,4/17/2025 10:12:54 AM,0.00
10100,4/17/2025 10:12:55 AM,-0.10
10100,4/17/2025 10:12:56 AM,0.00
10100,4/17/2025 10:12:57 AM,-0.10
10100,4/17/2025 10:12:58 AM,-0.10
10100,4/17/2025 10:12:59 AM,0.00
10100,4/17/2025 10:13:01 AM,-0.10
10100,4/17/2025 10:13:01 AM,-0.10
10100,4/17/2025 10:13:02 AM,0.00
10100,4/17/2025 10:13:09 AM,0.00
10100,4/17/2025 10:13:10 AM,-0.10
10100,4/17/2025 10:13:11 AM,-0.10
10100,4/17/2025 10:13:12 AM,0.00
10100,4/17/2025 10:13:13 AM,-0.10
10100,4/17/2025 10:13:14 AM,0.00
10100,4/17/2025 10:13:16 AM,0.00
10100,4/17/2025 10:13:17 AM,-0.10
10100,4/17/2025 10:13:18 AM,0.00
10100,4/17/2025 10:13:19 AM,0.00
10100,4/17/2025 10:13:20 AM,-0.10
10100,4/17/2025 10:13:24 AM,-0.10
10100,4/17/2025 10:13:25 AM,0.00
10100,4/17/2025 10:13:27 AM,0.00
10100,4/17/2025 10:13:28 AM,-0.10
10100,4/17/2025 10:13:30 AM,-0.10
10100,4/17/2025 10:13:31 AM,0.00
10100,4/17/2025 10:13:32 AM,0.00
10100,4/17/2025 10:13:33 AM,-0.10
10100,4/17/2025 10:13:35 AM,-0.10
10100,4/17/2025 10:13:36 AM,0.00
10100,4/17/2025 10:13:37 AM,-0.10
10100,4/17/2025 10:13:38 AM,-0.10
10100,4/17/2025 10:13:39 AM,0.00
10100,4/17/2025 10:13:40 AM,-0.10
10100,4/17/2025 10:13:41 AM,0.00
10100,4/17/2025 10:13:43 AM,0.00
10100,4/17/2025 10:13:44 AM,-0.10
10100,4/17/2025 10:13:45 AM,0.00
10100,4/17/2025 10:13:48 AM,0.00
10100,4/17/2025 10:13:49 AM,-0.10
10100,4/17/2025 10:13:50 AM,-0.10
10100,4/17/2025 10:13:51 AM,0.00
10100,4/17/2025 10:13:55 AM,0.00
10100,4/17/2025 10:13:56 AM,-0.10
10100,4/17/2025 10:13:58 AM,-0.10
10100,4/17/2025 10:13:59 AM,0.00
10100,4/17/2025 10:14:01 AM,0.00
10100,4/17/2025 10:14:02 AM,-0.10
10100,4/17/2025 10:14:03 AM,0.00
10100,4/17/2025 10:14:04 AM,-0.10
10100,4/17/2025 10:14:08 AM,-0.10
10100,4/17/2025 10:14:08 AM,0.00
10100,4/17/2025 10:14:08 AM,-0.10
10100,4/17/2025 10:14:10 AM,-0.10
10100,4/17/2025 10:14:11 AM,0.00
10100,4/17/2025 10:14:14 AM,0.00
10100,4/17/2025 10:14:15 AM,-0.10
10100,4/17/2025 10:14:16 AM,-0.10
10100,4/17/2025 10:14:17 AM,0.00
10100,4/17/2025 10:14:18 AM,-0.10
10100,4/17/2025 10:14:22 AM,-0.10
10100,4/17/2025 10:14:23 AM,0.00
10100,4/17/2025 10:14:24 AM,-0.10
10100,4/17/2025 10:14:25 AM,0.00
10100,4/17/2025 10:14:26 AM,-0.10
10100,4/17/2025 10:14:29 AM,-0.10
10100,4/17/2025 10:14:30 AM,0.00
10100,4/17/2025 10:14:31 AM,-0.10
10100,4/17/2025 10:14:36 AM,-0.10
10100,4/17/2025 10:14:37 AM,0.00
10100,4/17/2025 10:14:39 AM,0.00
10100,4/17/2025 10:14:40 AM,-0.10
10100,4/17/2025 10:14:42 AM,-0.10
10100,4/17/2025 10:14:43 AM,0.00
10100,4/17/2025 10:14:44 AM,-0.10
10100,4/17/2025 10:14:45 AM,0.00
10100,4/17/2025 10:14:47 AM,0.00
10100,4/17/2025 10:14:48 AM,-0.10
10100,4/17/2025 10:14:49 AM,-0.10
10100,4/17/2025 10:14:50 AM,0.00
10100,4/17/2025 10:14:51 AM,-0.10
10100,4/17/2025 10:14:52 AM,-0.10
10100,4/17/2025 10:14:53 AM,0.00
10100,4/17/2025 10:14:54 AM,0.00
10100,4/17/2025 10:14:55 AM,-0.10
10100,4/17/2025 10:14:56 AM,0.00
10100,4/17/2025 10:14:57 AM,-0.10
10100,4/17/2025 10:15:01 AM,-0.10
10100,4/17/2025 10:15:02 AM,0.00
10100,4/17/2025 10:15:03 AM,0.00
10100,4/17/2025 10:15:04 AM,-0.10
10100,4/17/2025 10:15:07 AM,-0.10
10100,4/17/2025 10:15:08 AM,0.00
10100,4/17/2025 10:15:09 AM,0.00
10100,4/17/2025 10:15:10 AM,-0.10
10100,4/17/2025 10:15:11 AM,0.00
10100,4/17/2025 10:15:12 AM,-0.10
10100,4/17/2025 10:15:15 AM,-0.10
10100,4/17/2025 10:15:16 AM,0.00
10100,4/17/2025 10:15:17 AM,-0.10
10100,4/17/2025 10:15:18 AM,0.00
10100,4/17/2025 10:15:19 AM,0.00
10100,4/17/2025 10:15:20 AM,-0.10
10100,4/17/2025 10:15:28 AM,-0.10
10100,4/17/2025 10:15:29 AM,0.00
10100,4/17/2025 10:15:30 AM,-0.10
10100,4/17/2025 10:15:35 AM,-0.10
10100,4/17/2025 10:15:36 AM,0.00
10100,4/17/2025 10:15:39 AM,0.00
10100,4/17/2025 10:15:40 AM,-0.10
10100,4/17/2025 10:15:41 AM,0.00
10100,4/17/2025 10:15:43 AM,0.00
10100,4/17/2025 10:15:44 AM,-0.10
10100,4/17/2025 10:15:46 AM,-0.10
10100,4/17/2025 10:15:47 AM,0.00
10100,4/17/2025 10:15:48 AM,-0.10
10100,4/17/2025 10:15:49 AM,0.00
10100,4/17/2025 10:15:50 AM,-0.10
10100,4/17/2025 10:15:51 AM,0.00
10100,4/17/2025 10:15:52 AM,-0.10
10100,4/17/2025 10:15:53 AM,0.00
10100,4/17/2025 10:15:54 AM,0.00
10100,4/17/2025 10:15:55 AM,-0.10
10100,4/17/2025 10:15:56 AM,0.00
10100,4/17/2025 10:15:57 AM,0.00
10100,4/17/2025 10:15:58 AM,-0.10
10100,4/17/2025 10:15:59 AM,0.00
10100,4/17/2025 10:16:10 AM,0.00
10100,4/17/2025 10:16:11 AM,-0.10
10100,4/17/2025 10:16:12 AM,0.00
10100,4/17/2025 10:16:13 AM,0.00
10100,4/17/2025 10:16:14 AM,-0.10
10100,4/17/2025 10:16:15 AM,0.00
10100,4/17/2025 10:16:16 AM,0.00
10100,4/17/2025 10:16:17 AM,-0.10
10100,4/17/2025 10:16:18 AM,0.00
10100,4/17/2025 10:16:19 AM,-0.10
10100,4/17/2025 10:16:20 AM,0.00
10100,4/17/2025 10:16:21 AM,-0.10
10100,4/17/2025 10:16:22 AM,0.00
10100,4/17/2025 10:16:23 AM,-0.10
10100,4/17/2025 10:16:24 AM,0.00
10100,4/17/2025 10:16:29 AM,0.00
10100,4/17/2025 10:16:30 AM,-0.10
10100,4/17/2025 10:16:31 AM,0.00
10100,4/17/2025 10:16:35 AM,0.00
10100,4/17/2025 10:16:38 AM,0.00
10100,4/17/2025 10:16:38 AM,-0.10
10100,4/17/2025 10:16:46 AM,0.00
10100,4/17/2025 10:16:47 AM,-0.10
10100,4/17/2025 10:16:48 AM,0.00
10100,4/17/2025 10:17:03 AM,0.00
10100,4/17/2025 10:17:04 AM,-0.10
10100,4/17/2025 10:17:05 AM,0.00
10100,4/17/2025 10:17:35 AM,0.00
10100,4/17/2025 10:17:36 AM,-0.10
10100,4/17/2025 10:17:37 AM,0.00
10100,4/17/2025 10:18:13 AM,0.00
10100,4/17/2025 10:18:14 AM,-0.10
10100,4/17/2025 10:18:17 AM,-0.10
10100,4/17/2025 10:18:18 AM,0.00
10100,4/17/2025 10:18:19 AM,-0.10
10100,4/17/2025 10:18:20 AM,0.00
10100,4/17/2025 10:18:21 AM,0.00
10100,4/17/2025 10:18:22 AM,-0.10
10100,4/17/2025 10:18:23 AM,-0.10
10100,4/17/2025 10:18:24 AM,0.00
10100,4/17/2025 10:18:25 AM,-0.10
10100,4/17/2025 10:18:30 AM,-0.10
10100,4/17/2025 10:18:31 AM,0.00
10100,4/17/2025 10:18:35 AM,0.00
10100,4/17/2025 10:18:36 AM,-0.10
10100,4/17/2025 10:18:37 AM,0.00
10100,4/17/2025 10:18:38 AM,-0.10
10100,4/17/2025 10:18:41 AM,-0.10
10100,4/17/2025 10:18:42 AM,0.00
10100,4/17/2025 10:18:43 AM,0.00
10100,4/17/2025 10:18:44 AM,-0.10
10100,4/17/2025 10:18:45 AM,0.00
10100,4/17/2025 10:18:46 AM,0.00
10100,4/17/2025 10:18:47 AM,-0.10
10100,4/17/2025 10:18:48 AM,0.00
10100,4/17/2025 10:18:51 AM,0.00
10100,4/17/2025 10:18:52 AM,-0.10
10100,4/17/2025 10:18:54 AM,-0.10
10100,4/17/2025 10:18:55 AM,0.00
10100,4/17/2025 10:18:56 AM,-0.10
10100,4/17/2025 10:18:57 AM,0.00
10100,4/17/2025 10:18:58 AM,-0.10
10100,4/17/2025 10:18:59 AM,-0.10
10100,4/17/2025 10:19:01 AM,0.00
10100,4/17/2025 10:19:01 AM,0.00
10100,4/17/2025 10:19:02 AM,-0.10
10100,4/17/2025 10:19:03 AM,-0.10
10100,4/17/2025 10:19:04 AM,0.00
10100,4/17/2025 10:19:10 AM,0.00
10100,4/17/2025 10:19:11 AM,-0.10
10100,4/17/2025 10:19:13 AM,-0.10
10100,4/17/2025 10:19:14 AM,0.00
10100,4/17/2025 10:19:18 AM,0.00
10100,4/17/2025 10:19:19 AM,-0.10
10100,4/17/2025 10:19:21 AM,-0.10
10100,4/17/2025 10:19:22 AM,0.00
10100,4/17/2025 10:19:23 AM,0.00
10100,4/17/2025 10:19:24 AM,-0.10
10100,4/17/2025 10:19:25 AM,0.00
10100,4/17/2025 10:19:26 AM,0.00
10100,4/17/2025 10:19:27 AM,-0.10
10100,4/17/2025 10:19:29 AM,-0.10
10100,4/17/2025 10:19:30 AM,0.00
10100,4/17/2025 10:19:31 AM,-0.10
10100,4/17/2025 10:19:33 AM,-0.10
10100,4/17/2025 10:19:34 AM,0.00
10100,4/17/2025 10:19:35 AM,0.00
10100,4/17/2025 10:19:36 AM,-0.10
10100,4/17/2025 10:19:42 AM,-0.10
10100,4/17/2025 10:19:43 AM,0.00
10100,4/17/2025 10:19:45 AM,0.00
10100,4/17/2025 10:19:46 AM,-0.10
10100,4/17/2025 10:19:48 AM,-0.10
10100,4/17/2025 10:19:49 AM,0.00
10100,4/17/2025 10:19:50 AM,-0.10
10100,4/17/2025 10:19:51 AM,-0.10
10100,4/17/2025 10:19:52 AM,0.00
10100,4/17/2025 10:19:53 AM,0.00
10100,4/17/2025 10:19:54 AM,-0.10
10100,4/17/2025 10:19:55 AM,-0.10
10100,4/17/2025 10:19:56 AM,0.00
10100,4/17/2025 10:19:57 AM,0.00
10100,4/17/2025 10:19:58 AM,-0.10
10100,4/17/2025 10:19:59 AM,0.00
10100,4/17/2025 10:20:01 AM,-0.10
10100,4/17/2025 10:20:01 AM,-0.10
10100,4/17/2025 10:20:02 AM,0.00
10100,4/17/2025 10:20:03 AM,-0.10
10100,4/17/2025 10:20:09 AM,-0.10
10100,4/17/2025 10:20:10 AM,0.00
10100,4/17/2025 10:20:11 AM,-0.10
10100,4/17/2025 10:20:12 AM,0.00
10100,4/17/2025 10:20:13 AM,-0.10
10100,4/17/2025 10:20:14 AM,0.00
10100,4/17/2025 10:20:15 AM,-0.10
10100,4/17/2025 10:20:16 AM,0.00
10100,4/17/2025 10:20:17 AM,0.00
10100,4/17/2025 10:20:18 AM,-0.10
10100,4/17/2025 10:20:19 AM,0.00
10100,4/17/2025 10:20:20 AM,-0.10
10100,4/17/2025 10:20:21 AM,0.00
10100,4/17/2025 10:20:22 AM,-0.10
10100,4/17/2025 10:20:23 AM,0.00
10100,4/17/2025 10:20:24 AM,-0.10
10100,4/17/2025 10:20:25 AM,0.00
10100,4/17/2025 10:20:26 AM,-0.10
10100,4/17/2025 10:20:27 AM,-0.10
10100,4/17/2025 10:20:28 AM,0.00
10100,4/17/2025 10:20:29 AM,-0.10
10100,4/17/2025 10:20:30 AM,0.00
10100,4/17/2025 10:20:31 AM,-0.10
10100,4/17/2025 10:20:32 AM,0.00
10100,4/17/2025 10:20:34 AM,0.00
10100,4/17/2025 10:20:35 AM,-0.10
10100,4/17/2025 10:20:36 AM,0.00
10100,4/17/2025 10:20:37 AM,0.00
10100,4/17/2025 10:20:38 AM,-0.10
10100,4/17/2025 10:20:39 AM,0.00
10100,4/17/2025 10:20:40 AM,-0.10
10100,4/17/2025 10:20:41 AM,0.00
10100,4/17/2025 10:20:42 AM,-0.10
10100,4/17/2025 10:20:49 AM,-0.10
10100,4/17/2025 10:20:50 AM,0.00
10100,4/17/2025 10:20:51 AM,-0.10
10100,4/17/2025 10:20:52 AM,0.00
10100,4/17/2025 10:20:53 AM,-0.10
10100,4/17/2025 10:20:58 AM,-0.10
10100,4/17/2025 10:20:59 AM,0.00
10100,4/17/2025 10:21:01 AM,-0.10
10100,4/17/2025 10:21:07 AM,-0.10
10100,4/17/2025 10:21:08 AM,0.00
10100,4/17/2025 10:21:09 AM,-0.10
10100,4/17/2025 10:21:11 AM,-0.10
10100,4/17/2025 10:21:12 AM,0.00
10100,4/17/2025 10:21:13 AM,-0.10
10100,4/17/2025 10:21:15 AM,-0.10
10100,4/17/2025 10:21:16 AM,0.00
10100,4/17/2025 10:21:17 AM,-0.10
10100,4/17/2025 10:21:18 AM,0.00
10100,4/17/2025 10:21:19 AM,-0.10
10100,4/17/2025 10:21:20 AM,-0.10
10100,4/17/2025 10:21:21 AM,0.00
10100,4/17/2025 10:21:22 AM,0.00
10100,4/17/2025 10:21:23 AM,-0.10
10100,4/17/2025 10:21:26 AM,-0.10
10100,4/17/2025 10:21:27 AM,0.00
10100,4/17/2025 10:21:28 AM,-0.10
10100,4/17/2025 10:21:30 AM,-0.10
10100,4/17/2025 10:21:31 AM,0.00
10100,4/17/2025 10:21:32 AM,-0.10
10100,4/17/2025 10:21:40 AM,-0.10
10100,4/17/2025 10:21:41 AM,0.00
10100,4/17/2025 10:21:42 AM,-0.10
10100,4/17/2025 10:21:43 AM,0.00
10100,4/17/2025 10:21:44 AM,-0.10
10100,4/17/2025 10:21:56 AM,-0.10
10100,4/17/2025 10:21:57 AM,0.00
10100,4/17/2025 10:21:58 AM,-0.10
10100,4/17/2025 10:22:13 AM,-0.10
10100,4/17/2025 10:22:14 AM,0.00
10100,4/17/2025 10:22:15 AM,-0.10
10100,4/17/2025 10:22:21 AM,-0.10
10100,4/17/2025 10:22:22 AM,0.00
10100,4/17/2025 10:22:23 AM,-0.10
10100,4/17/2025 10:22:24 AM,-0.10
10100,4/17/2025 10:22:25 AM,0.00
10100,4/17/2025 10:22:26 AM,-0.10
10100,4/17/2025 10:22:33 AM,-0.10
10100,4/17/2025 10:22:34 AM,0.00
10100,4/17/2025 10:22:35 AM,-0.10
10100,4/17/2025 10:22:51 AM,-0.10
10100,4/17/2025 10:22:52 AM,0.00
10100,4/17/2025 10:22:53 AM,-0.10
10100,4/17/2025 10:23:04 AM,-0.10
10100,4/17/2025 10:23:05 AM,0.00
10100,4/17/2025 10:23:06 AM,0.00
10100,4/17/2025 10:23:07 AM,-0.10
10100,4/17/2025 10:23:10 AM,-0.10
10100,4/17/2025 10:23:11 AM,0.00
10100,4/17/2025 10:23:12 AM,-0.10
10100,4/17/2025 10:23:17 AM,-0.10
10100,4/17/2025 10:23:18 AM,0.00
10100,4/17/2025 10:23:19 AM,0.00
10100,4/17/2025 10:23:20 AM,-0.10
10100,4/17/2025 10:23:22 AM,-0.10
10100,4/17/2025 10:23:23 AM,0.00
10100,4/17/2025 10:23:24 AM,-0.10
10100,4/17/2025 10:23:25 AM,0.00
10100,4/17/2025 10:23:26 AM,-0.10
10100,4/17/2025 10:23:27 AM,-0.10
10100,4/17/2025 10:23:28 AM,0.00
10100,4/17/2025 10:23:29 AM,0.00
10100,4/17/2025 10:23:30 AM,-0.10
10100,4/17/2025 10:23:37 AM,-0.10
10100,4/17/2025 10:23:38 AM,0.00
10100,4/17/2025 10:23:39 AM,-0.10
10100,4/17/2025 10:23:51 AM,-0.10
10100,4/17/2025 10:23:52 AM,0.00
10100,4/17/2025 10:23:53 AM,-0.10
10100,4/17/2025 10:24:10 AM,-0.10
10100,4/17/2025 10:24:11 AM,0.00
10100,4/17/2025 10:24:12 AM,-0.10
10100,4/17/2025 10:24:15 AM,-0.10
10100,4/17/2025 10:24:16 AM,0.00
10100,4/17/2025 10:24:17 AM,-0.10
10100,4/17/2025 10:24:20 AM,-0.10
10100,4/17/2025 10:24:21 AM,0.00
10100,4/17/2025 10:24:22 AM,-0.10
10100,4/17/2025 10:24:30 AM,-0.10
10100,4/17/2025 10:24:31 AM,0.00
10100,4/17/2025 10:24:32 AM,0.00
10100,4/17/2025 10:24:33 AM,-0.10
10100,4/17/2025 10:24:39 AM,-0.10
10100,4/17/2025 10:24:40 AM,0.00
10100,4/17/2025 10:24:41 AM,-0.10
10100,4/17/2025 10:24:46 AM,-0.10
10100,4/17/2025 10:24:47 AM,0.00
10100,4/17/2025 10:24:48 AM,-0.10
10100,4/17/2025 10:25:09 AM,-0.10
10100,4/17/2025 10:25:10 AM,0.00
10100,4/17/2025 10:25:11 AM,-0.10
10100,4/17/2025 10:25:12 AM,0.00
10100,4/17/2025 10:25:13 AM,-0.10
10100,4/17/2025 10:25:15 AM,-0.10
10100,4/17/2025 10:25:16 AM,0.00
10100,4/17/2025 10:25:17 AM,-0.10
10100,4/17/2025 10:25:18 AM,-0.10
10100,4/17/2025 10:25:19 AM,0.00
10100,4/17/2025 10:25:20 AM,-0.10
10100,4/17/2025 10:25:24 AM,-0.10
10100,4/17/2025 10:25:25 AM,0.00
10100,4/17/2025 10:25:26 AM,-0.10
10100,4/17/2025 10:25:27 AM,0.00
10100,4/17/2025 10:25:28 AM,-0.10
10100,4/17/2025 10:25:34 AM,-0.10
10100,4/17/2025 10:25:35 AM,0.00
10100,4/17/2025 10:25:36 AM,-0.10
10100,4/17/2025 10:25:41 AM,-0.10
10100,4/17/2025 10:25:42 AM,0.00
10100,4/17/2025 10:25:43 AM,-0.10
10100,4/17/2025 10:25:44 AM,0.00
10100,4/17/2025 10:25:45 AM,-0.10
10100,4/17/2025 10:25:50 AM,-0.10
10100,4/17/2025 10:25:51 AM,0.00
10100,4/17/2025 10:25:52 AM,-0.10
10100,4/17/2025 10:26:04 AM,-0.10
10100,4/17/2025 10:26:05 AM,0.00
10100,4/17/2025 10:26:06 AM,-0.10
10100,4/17/2025 10:26:18 AM,-0.10
10100,4/17/2025 10:26:19 AM,0.00
10100,4/17/2025 10:26:20 AM,0.00
10100,4/17/2025 10:26:21 AM,-0.10
10100,4/17/2025 10:26:24 AM,-0.10
10100,4/17/2025 10:26:25 AM,0.00
10100,4/17/2025 10:26:27 AM,0.00
10100,4/17/2025 10:26:28 AM,-0.10
10100,4/17/2025 10:26:31 AM,-0.10
10100,4/17/2025 10:26:32 AM,0.00
10100,4/17/2025 10:26:33 AM,-0.10
10100,4/17/2025 10:26:38 AM,-0.10
10100,4/17/2025 10:26:38 AM,0.00
10100,4/17/2025 10:26:39 AM,0.00
10100,4/17/2025 10:26:40 AM,-0.10
10100,4/17/2025 10:26:44 AM,-0.10
10100,4/17/2025 10:26:45 AM,0.00
10100,4/17/2025 10:26:46 AM,-0.10
10100,4/17/2025 10:26:47 AM,0.00
10100,4/17/2025 10:26:48 AM,-0.10
10100,4/17/2025 10:26:49 AM,0.00
10100,4/17/2025 10:26:50 AM,0.00
10100,4/17/2025 10:26:51 AM,-0.10
10100,4/17/2025 10:26:53 AM,-0.10
10100,4/17/2025 10:26:54 AM,0.00
10100,4/17/2025 10:26:56 AM,0.00
10100,4/17/2025 10:26:57 AM,-0.10
10100,4/17/2025 10:26:59 AM,-0.10
10100,4/17/2025 10:27:01 AM,0.00
10100,4/17/2025 10:27:01 AM,0.00
10100,4/17/2025 10:27:02 AM,-0.10
10100,4/17/2025 10:27:03 AM,0.00
10100,4/17/2025 10:27:04 AM,-0.10
10100,4/17/2025 10:27:05 AM,-0.10
10100,4/17/2025 10:27:06 AM,0.00
10100,4/17/2025 10:27:09 AM,0.00
10100,4/17/2025 10:27:10 AM,-0.10
10100,4/17/2025 10:27:11 AM,-0.10
10100,4/17/2025 10:27:12 AM,0.00
10100,4/17/2025 10:27:13 AM,-0.10
10100,4/17/2025 10:27:14 AM,0.00
10100,4/17/2025 10:27:15 AM,-0.10
10100,4/17/2025 10:27:16 AM,0.00
10100,4/17/2025 10:27:17 AM,-0.10
10100,4/17/2025 10:27:18 AM,-0.10
10100,4/17/2025 10:27:19 AM,0.00
10100,4/17/2025 10:27:20 AM,-0.10
10100,4/17/2025 10:27:21 AM,-0.10
10100,4/17/2025 10:27:22 AM,0.00
10100,4/17/2025 10:27:23 AM,0.00
10100,4/17/2025 10:27:24 AM,-0.10
10100,4/17/2025 10:27:25 AM,-0.10
10100,4/17/2025 10:27:26 AM,0.00
10100,4/17/2025 10:27:27 AM,-0.10
10100,4/17/2025 10:27:28 AM,0.00
10100,4/17/2025 10:27:29 AM,0.00
10100,4/17/2025 10:27:30 AM,-0.10
10100,4/17/2025 10:27:31 AM,0.00
10100,4/17/2025 10:27:32 AM,0.00
10100,4/17/2025 10:27:33 AM,-0.10
10100,4/17/2025 10:27:34 AM,0.00
10100,4/17/2025 10:27:35 AM,0.00
10100,4/17/2025 10:27:36 AM,-0.10
10100,4/17/2025 10:27:37 AM,0.00
10100,4/17/2025 10:27:38 AM,0.00
10100,4/17/2025 10:27:39 AM,-0.10
10100,4/17/2025 10:27:40 AM,0.00
10100,4/17/2025 10:27:41 AM,-0.10
10100,4/17/2025 10:27:42 AM,0.00
10100,4/17/2025 10:27:43 AM,-0.10
10100,4/17/2025 10:27:45 AM,-0.10
10100,4/17/2025 10:27:46 AM,0.00
10100,4/17/2025 10:27:47 AM,-0.10
10100,4/17/2025 10:27:54 AM,-0.10
10100,4/17/2025 10:27:55 AM,0.00
10100,4/17/2025 10:27:56 AM,-0.10
10100,4/17/2025 10:27:59 AM,-0.10
10100,4/17/2025 10:28:01 AM,0.00
10100,4/17/2025 10:28:01 AM,0.00
10100,4/17/2025 10:28:02 AM,-0.10
10100,4/17/2025 10:28:07 AM,-0.10
10100,4/17/2025 10:28:08 AM,0.00
10100,4/17/2025 10:28:09 AM,-0.10
10100,4/17/2025 10:28:10 AM,-0.10
10100,4/17/2025 10:28:11 AM,0.00
10100,4/17/2025 10:28:12 AM,0.00
10100,4/17/2025 10:28:13 AM,-0.10
10100,4/17/2025 10:28:14 AM,0.00
10100,4/17/2025 10:28:16 AM,0.00
10100,4/17/2025 10:28:17 AM,-0.10
10100,4/17/2025 10:28:18 AM,-0.10
10100,4/17/2025 10:28:19 AM,0.00
10100,4/17/2025 10:28:27 AM,0.00
10100,4/17/2025 10:28:28 AM,-0.10
10100,4/17/2025 10:28:29 AM,0.00
10100,4/17/2025 10:28:30 AM,-0.10
10100,4/17/2025 10:28:31 AM,0.00
10100,4/17/2025 10:28:32 AM,-0.10
10100,4/17/2025 10:28:33 AM,0.00
10100,4/17/2025 10:28:34 AM,-0.10
10100,4/17/2025 10:28:35 AM,0.00
10100,4/17/2025 10:28:36 AM,0.00
10100,4/17/2025 10:28:37 AM,-0.10
10100,4/17/2025 10:28:38 AM,0.00
10100,4/17/2025 10:28:40 AM,0.00
10100,4/17/2025 10:28:41 AM,-0.10
10100,4/17/2025 10:28:42 AM,-0.10
10100,4/17/2025 10:28:43 AM,0.00
10100,4/17/2025 10:28:44 AM,0.00
10100,4/17/2025 10:28:45 AM,-0.10
10100,4/17/2025 10:28:46 AM,0.00
10100,4/17/2025 10:28:47 AM,-0.10
10100,4/17/2025 10:28:48 AM,0.00
10100,4/17/2025 10:28:49 AM,-0.10
10100,4/17/2025 10:28:50 AM,0.00
10100,4/17/2025 10:28:55 AM,0.00
10100,4/17/2025 10:28:56 AM,-0.10
10100,4/17/2025 10:28:57 AM,0.00
10100,4/17/2025 10:28:59 AM,0.00
10100,4/17/2025 10:29:01 AM,-0.10
10100,4/17/2025 10:29:02 AM,-0.10
10100,4/17/2025 10:29:03 AM,0.00
10100,4/17/2025 10:29:08 AM,-0.10
10100,4/17/2025 10:29:08 AM,0.00
10100,4/17/2025 10:29:08 AM,-0.10
10100,4/17/2025 10:29:09 AM,0.00
10100,4/17/2025 10:29:12 AM,0.00
10100,4/17/2025 10:29:13 AM,-0.10
10100,4/17/2025 10:29:15 AM,-0.10
10100,4/17/2025 10:29:16 AM,0.00
10100,4/17/2025 10:29:18 AM,0.00
10100,4/17/2025 10:29:19 AM,-0.10
10100,4/17/2025 10:29:20 AM,0.00
10100,4/17/2025 10:29:22 AM,0.00
10100,4/17/2025 10:29:23 AM,-0.10
10100,4/17/2025 10:29:24 AM,0.00
10100,4/17/2025 10:29:30 AM,0.00
10100,4/17/2025 10:29:31 AM,-0.10
10100,4/17/2025 10:29:32 AM,0.00
10100,4/17/2025 10:29:40 AM,0.00
10100,4/17/2025 10:29:41 AM,-0.10
10100,4/17/2025 10:29:42 AM,0.00
10100,4/17/2025 10:29:43 AM,0.00
10100,4/17/2025 10:29:44 AM,-0.10
10100,4/17/2025 10:29:45 AM,0.00
10100,4/17/2025 10:29:58 AM,0.00
10100,4/17/2025 10:29:59 AM,-0.10
10100,4/17/2025 10:30:01 AM,0.00
10100,4/17/2025 10:30:05 AM,0.00
10100,4/17/2025 10:30:06 AM,-0.10
10100,4/17/2025 10:30:08 AM,-0.10
10100,4/17/2025 10:30:09 AM,0.00
10100,4/17/2025 10:30:10 AM,-0.10
10100,4/17/2025 10:30:11 AM,0.00
10100,4/17/2025 10:30:12 AM,0.00
10100,4/17/2025 10:30:13 AM,-0.10
10100,4/17/2025 10:30:14 AM,-0.10
10100,4/17/2025 10:30:15 AM,0.00
10100,4/17/2025 10:30:17 AM,0.00
10100,4/17/2025 10:30:18 AM,-0.10
10100,4/17/2025 10:30:19 AM,0.00
10100,4/17/2025 10:30:21 AM,0.00
10100,4/17/2025 10:30:22 AM,-0.10
10100,4/17/2025 10:30:23 AM,-0.10
10100,4/17/2025 10:30:24 AM,0.00
10100,4/17/2025 10:30:30 AM,0.00
10100,4/17/2025 10:30:31 AM,-0.10
10100,4/17/2025 10:30:32 AM,0.00
10100,4/17/2025 10:30:33 AM,-0.10
10100,4/17/2025 10:30:34 AM,0.00
10100,4/17/2025 10:30:35 AM,-0.10
10100,4/17/2025 10:30:36 AM,0.00
10100,4/17/2025 10:30:39 AM,0.00
10100,4/17/2025 10:30:40 AM,-0.10
10100,4/17/2025 10:30:41 AM,0.00
10100,4/17/2025 10:30:52 AM,0.00
10100,4/17/2025 10:30:53 AM,-0.10
10100,4/17/2025 10:30:54 AM,0.00
10100,4/17/2025 10:31:07 AM,0.00
10100,4/17/2025 10:31:08 AM,-0.10
10100,4/17/2025 10:31:09 AM,0.00
10100,4/17/2025 10:31:15 AM,0.00
10100,4/17/2025 10:31:16 AM,-0.10
10100,4/17/2025 10:31:17 AM,0.00
10100,4/17/2025 10:31:56 AM,0.00
10100,4/17/2025 10:31:57 AM,-0.10
10100,4/17/2025 10:31:58 AM,0.00
10100,4/17/2025 10:55:55 AM,0.00
10100,4/17/2025 10:55:56 AM,0.10
10100,4/17/2025 10:55:57 AM,0.00
10100,4/17/2025 10:56:03 AM,0.00
10100,4/17/2025 10:56:04 AM,0.10
10100,4/17/2025 10:56:05 AM,0.00
10100,4/17/2025 10:56:06 AM,0.00
10100,4/17/2025 10:56:07 AM,0.10
10100,4/17/2025 10:56:10 AM,0.10
10100,4/17/2025 10:56:11 AM,0.00
10100,4/17/2025 10:56:12 AM,0.10
10100,4/17/2025 10:56:15 AM,0.10
10100,4/17/2025 10:56:16 AM,0.00
10100,4/17/2025 10:56:17 AM,0.10
10100,4/17/2025 10:56:18 AM,0.00
10100,4/17/2025 10:56:19 AM,0.10
10100,4/17/2025 10:56:20 AM,0.10
10100,4/17/2025 10:56:21 AM,0.00
10100,4/17/2025 10:56:22 AM,0.00
10100,4/17/2025 10:56:23 AM,0.10
10100,4/17/2025 10:56:24 AM,0.10
10100,4/17/2025 10:56:25 AM,0.00
10100,4/17/2025 10:56:26 AM,0.10
10100,4/17/2025 10:56:30 AM,0.10
10100,4/17/2025 10:56:31 AM,0.00
10100,4/17/2025 10:56:33 AM,0.00
10100,4/17/2025 10:56:34 AM,0.10
10100,4/17/2025 10:56:35 AM,0.10
10100,4/17/2025 10:56:38 AM,0.00
10100,4/17/2025 10:56:38 AM,0.10
10100,4/17/2025 10:56:47 AM,0.10
10100,4/17/2025 10:56:48 AM,0.00
10100,4/17/2025 10:56:49 AM,0.10
10100,4/17/2025 10:56:50 AM,0.00
10100,4/17/2025 10:56:51 AM,0.10
10100,4/17/2025 11:09:06 AM,0.10
10100,4/17/2025 11:09:07 AM,0.20
10100,4/17/2025 11:09:08 AM,0.10
10100,4/17/2025 11:11:52 AM,0.10
10100,4/17/2025 11:11:53 AM,0.20
10100,4/17/2025 11:11:54 AM,0.10
10100,4/17/2025 11:12:01 AM,0.10
10100,4/17/2025 11:12:02 AM,0.20
10100,4/17/2025 11:12:03 AM,0.10
10100,4/17/2025 11:12:11 AM,0.10
10100,4/17/2025 11:12:12 AM,0.20
10100,4/17/2025 11:12:13 AM,0.10
10100,4/17/2025 11:12:31 AM,0.10
10100,4/17/2025 11:12:32 AM,0.20
10100,4/17/2025 11:12:33 AM,0.10
10100,4/17/2025 11:13:04 AM,0.10
10100,4/17/2025 11:13:05 AM,0.20
10100,4/17/2025 11:13:06 AM,0.10
10100,4/17/2025 11:13:16 AM,0.10
10100,4/17/2025 11:13:17 AM,0.20
10100,4/17/2025 11:13:18 AM,0.20
10100,4/17/2025 11:13:19 AM,0.10
10100,4/17/2025 11:13:20 AM,0.10
10100,4/17/2025 11:13:21 AM,0.20
10100,4/17/2025 11:13:22 AM,0.10
10100,4/17/2025 11:13:23 AM,0.20
10100,4/17/2025 11:13:24 AM,0.10
10100,4/17/2025 11:13:29 AM,0.10
10100,4/17/2025 11:13:30 AM,0.20
10100,4/17/2025 11:13:31 AM,0.10
10100,4/17/2025 11:13:34 AM,0.10
10100,4/17/2025 11:13:35 AM,0.20
10100,4/17/2025 11:13:36 AM,0.10
10100,4/17/2025 11:13:41 AM,0.10
10100,4/17/2025 11:13:42 AM,0.20
10100,4/17/2025 11:13:43 AM,0.20
10100,4/17/2025 11:13:44 AM,0.10
10100,4/17/2025 11:13:45 AM,0.10
10100,4/17/2025 11:13:46 AM,0.20
10100,4/17/2025 11:13:47 AM,0.20
10100,4/17/2025 11:13:48 AM,0.10
10100,4/17/2025 11:13:49 AM,0.10
10100,4/17/2025 11:13:50 AM,0.20
10100,4/17/2025 11:13:52 AM,0.20
10100,4/17/2025 11:13:53 AM,0.10
10100,4/17/2025 11:13:55 AM,0.10
10100,4/17/2025 11:13:56 AM,0.20
10100,4/17/2025 11:13:57 AM,0.10
10100,4/17/2025 11:13:58 AM,0.20
10100,4/17/2025 11:14:03 AM,0.20
10100,4/17/2025 11:14:04 AM,0.10
10100,4/17/2025 11:14:05 AM,0.20
10100,4/17/2025 11:14:07 AM,0.20
10100,4/17/2025 11:14:08 AM,0.10
10100,4/17/2025 11:14:09 AM,0.20
10100,4/17/2025 11:14:10 AM,0.10
10100,4/17/2025 11:14:11 AM,0.10
10100,4/17/2025 11:14:12 AM,0.20
10100,4/17/2025 11:14:18 AM,0.20
10100,4/17/2025 11:14:19 AM,0.10
10100,4/17/2025 11:14:20 AM,0.20
10100,4/17/2025 11:14:29 AM,0.20
10100,4/17/2025 11:14:30 AM,0.10
10100,4/17/2025 11:14:31 AM,0.20
10100,4/17/2025 11:14:53 AM,0.20
10100,4/17/2025 11:14:54 AM,0.10
10100,4/17/2025 11:14:55 AM,0.20
10100,4/17/2025 11:21:27 AM,0.20
10100,4/17/2025 11:21:28 AM,0.30
10100,4/17/2025 11:21:29 AM,0.20
10100,4/17/2025 11:21:34 AM,0.20
10100,4/17/2025 11:21:35 AM,0.30
10100,4/17/2025 11:21:36 AM,0.30
10100,4/17/2025 11:21:37 AM,0.20
10100,4/17/2025 11:21:41 AM,0.20
10100,4/17/2025 11:21:42 AM,0.30
10100,4/17/2025 11:21:43 AM,0.20
10100,4/17/2025 11:21:44 AM,0.30
10100,4/17/2025 11:21:45 AM,0.30
10100,4/17/2025 11:21:46 AM,0.20
10100,4/17/2025 11:21:55 AM,0.20
10100,4/17/2025 11:21:56 AM,0.30
10100,4/17/2025 11:21:57 AM,0.20
10100,4/17/2025 11:21:58 AM,0.30
10100,4/17/2025 11:21:59 AM,0.20
10100,4/17/2025 11:22:01 AM,0.30
10100,4/17/2025 11:22:01 AM,0.30
10100,4/17/2025 11:22:02 AM,0.20
10100,4/17/2025 11:22:03 AM,0.30
10100,4/17/2025 11:22:04 AM,0.30
10100,4/17/2025 11:22:05 AM,0.20
10100,4/17/2025 11:22:07 AM,0.20
10100,4/17/2025 11:22:08 AM,0.30
10100,4/17/2025 11:22:10 AM,0.30
10100,4/17/2025 11:22:11 AM,0.20
10100,4/17/2025 11:22:12 AM,0.30
10100,4/17/2025 11:22:13 AM,0.30
10100,4/17/2025 11:22:14 AM,0.20
10100,4/17/2025 11:22:15 AM,0.30
10100,4/17/2025 11:22:18 AM,0.30
10100,4/17/2025 11:22:19 AM,0.20
10100,4/17/2025 11:22:20 AM,0.20
10100,4/17/2025 11:22:21 AM,0.30
10100,4/17/2025 11:22:26 AM,0.30
10100,4/17/2025 11:22:27 AM,0.20
10100,4/17/2025 11:22:28 AM,0.30
10100,4/17/2025 11:29:52 AM,0.30
10100,4/17/2025 11:29:53 AM,0.40
10100,4/17/2025 11:29:54 AM,0.30
10100,4/17/2025 11:29:55 AM,0.30
10100,4/17/2025 11:29:56 AM,0.40
10100,4/17/2025 11:29:57 AM,0.30
10100,4/17/2025 11:29:58 AM,0.40
10100,4/17/2025 11:30:01 AM,0.40
10100,4/17/2025 11:30:02 AM,0.30
10100,4/17/2025 11:30:03 AM,0.30
10100,4/17/2025 11:30:04 AM,0.40
10100,4/17/2025 11:30:05 AM,0.30
10100,4/17/2025 11:30:06 AM,0.40
10100,4/17/2025 11:30:07 AM,0.30
10100,4/17/2025 11:30:08 AM,0.40
10100,4/17/2025 11:30:09 AM,0.30
10100,4/17/2025 11:30:11 AM,0.30
10100,4/17/2025 11:30:12 AM,0.40
10100,4/17/2025 11:30:13 AM,0.30
10100,4/17/2025 11:30:14 AM,0.40
10100,4/17/2025 11:30:15 AM,0.30
10100,4/17/2025 11:30:16 AM,0.30
10100,4/17/2025 11:30:17 AM,0.40
10100,4/17/2025 11:30:18 AM,0.40
10100,4/17/2025 11:30:19 AM,0.30
10100,4/17/2025 11:30:21 AM,0.30
10100,4/17/2025 11:30:22 AM,0.40
10100,4/17/2025 11:30:23 AM,0.40
10100,4/17/2025 11:30:24 AM,0.30
10100,4/17/2025 11:30:25 AM,0.30
10100,4/17/2025 11:30:26 AM,0.40
10100,4/17/2025 11:30:31 AM,0.40
10100,4/17/2025 11:30:32 AM,0.30
10100,4/17/2025 11:30:33 AM,0.40
10100,4/17/2025 11:31:01 AM,0.40
10100,4/17/2025 11:31:02 AM,0.30
10100,4/17/2025 11:31:03 AM,0.40
10100,4/17/2025 12:00:59 PM,0.40
10100,4/17/2025 12:01:01 PM,0.30
10100,4/17/2025 12:01:01 PM,0.30
10100,4/17/2025 12:01:02 PM,0.40
10100,4/17/2025 12:01:04 PM,0.40
10100,4/17/2025 12:01:05 PM,0.30
10100,4/17/2025 12:01:06 PM,0.40
10100,4/17/2025 12:01:07 PM,0.40
10100,4/17/2025 12:01:08 PM,0.30
10100,4/17/2025 12:01:09 PM,0.40
10100,4/17/2025 12:01:10 PM,0.30
10100,4/17/2025 12:01:13 PM,0.30
10100,4/17/2025 12:01:14 PM,0.40
10100,4/17/2025 12:01:15 PM,0.30
10100,4/17/2025 12:01:16 PM,0.30
10100,4/17/2025 12:01:17 PM,0.40
10100,4/17/2025 12:01:18 PM,0.30
10100,4/17/2025 12:01:19 PM,0.30
10100,4/17/2025 12:01:20 PM,0.40
10100,4/17/2025 12:01:21 PM,0.30
10100,4/17/2025 12:01:22 PM,0.40
10100,4/17/2025 12:01:23 PM,0.40
10100,4/17/2025 12:01:24 PM,0.30
10100,4/17/2025 12:09:07 PM,0.30
10100,4/17/2025 12:09:08 PM,0.20
10100,4/17/2025 12:09:09 PM,0.30
10100,4/17/2025 12:09:17 PM,0.30
10100,4/17/2025 12:09:18 PM,0.20
10100,4/17/2025 12:09:19 PM,0.30
10100,4/17/2025 12:09:21 PM,0.30
10100,4/17/2025 12:09:22 PM,0.20
10100,4/17/2025 12:09:23 PM,0.30
10100,4/17/2025 12:09:24 PM,0.30
10100,4/17/2025 12:09:25 PM,0.20
10100,4/17/2025 12:09:26 PM,0.30
10100,4/17/2025 12:09:33 PM,0.30
10100,4/17/2025 12:09:34 PM,0.20
10100,4/17/2025 12:09:35 PM,0.30
10100,4/17/2025 12:09:36 PM,0.20
10100,4/17/2025 12:09:37 PM,0.30
10100,4/17/2025 12:09:38 PM,0.20
10100,4/17/2025 12:09:40 PM,0.20
10100,4/17/2025 12:09:41 PM,0.30
10100,4/17/2025 12:09:42 PM,0.30
10100,4/17/2025 12:09:43 PM,0.20
10100,4/17/2025 12:09:44 PM,0.20
10100,4/17/2025 12:09:45 PM,0.30
10100,4/17/2025 12:09:46 PM,0.20
10100,4/17/2025 12:09:51 PM,0.20
10100,4/17/2025 12:09:52 PM,0.30
10100,4/17/2025 12:09:53 PM,0.20
10100,4/17/2025 12:09:55 PM,0.20
10100,4/17/2025 12:09:56 PM,0.30
10100,4/17/2025 12:09:57 PM,0.20
10100,4/17/2025 12:09:58 PM,0.30
10100,4/17/2025 12:09:59 PM,0.20
10100,4/17/2025 12:10:01 PM,0.30
10100,4/17/2025 12:10:01 PM,0.30
10100,4/17/2025 12:10:02 PM,0.20
10100,4/17/2025 12:23:06 PM,0.20
10100,4/17/2025 12:23:07 PM,0.10
10100,4/17/2025 12:23:08 PM,0.20
10100,4/17/2025 12:23:20 PM,0.20
10100,4/17/2025 12:23:21 PM,0.10
10100,4/17/2025 12:23:22 PM,0.20
10100,4/17/2025 12:23:29 PM,0.20
10100,4/17/2025 12:23:30 PM,0.10
10100,4/17/2025 12:23:31 PM,0.20
10100,4/17/2025 12:23:33 PM,0.20
10100,4/17/2025 12:23:34 PM,0.10
10100,4/17/2025 12:23:35 PM,0.10
10100,4/17/2025 12:23:36 PM,0.20
10100,4/17/2025 12:23:37 PM,0.10
10100,4/17/2025 12:23:38 PM,0.20
10100,4/17/2025 12:23:39 PM,0.20
10100,4/17/2025 12:23:40 PM,0.10
10100,4/17/2025 12:23:41 PM,0.20
10100,4/17/2025 12:23:42 PM,0.20
10100,4/17/2025 12:23:43 PM,0.10
10100,4/17/2025 12:23:44 PM,0.10
10100,4/17/2025 12:23:45 PM,0.20
10100,4/17/2025 12:23:46 PM,0.20
10100,4/17/2025 12:23:47 PM,0.10
10100,4/17/2025 12:23:48 PM,0.20
10100,4/17/2025 12:23:49 PM,0.10
10100,4/17/2025 12:23:50 PM,0.20
10100,4/17/2025 12:23:51 PM,0.10
10100,4/17/2025 12:23:52 PM,0.20
10100,4/17/2025 12:23:53 PM,0.20
10100,4/17/2025 12:23:54 PM,0.10
10100,4/17/2025 12:23:56 PM,0.10
10100,4/17/2025 12:23:57 PM,0.20
10100,4/17/2025 12:23:58 PM,0.20
10100,4/17/2025 12:23:59 PM,0.10
10100,4/17/2025 12:24:04 PM,0.10
10100,4/17/2025 12:24:05 PM,0.20
10100,4/17/2025 12:24:06 PM,0.10
10100,4/17/2025 12:24:09 PM,0.10
10100,4/17/2025 12:24:10 PM,0.20
10100,4/17/2025 12:24:11 PM,0.10
10100,4/17/2025 12:24:23 PM,0.10
10100,4/17/2025 12:24:24 PM,0.20
10100,4/17/2025 12:24:25 PM,0.10
10100,4/17/2025 12:24:33 PM,0.10
10100,4/17/2025 12:24:34 PM,0.20
10100,4/17/2025 12:24:35 PM,0.10
10100,4/17/2025 12:48:39 PM,0.10
10100,4/17/2025 12:48:40 PM,0.00
10100,4/17/2025 12:48:41 PM,0.10
10100,4/17/2025 12:49:04 PM,0.10
10100,4/17/2025 12:49:05 PM,0.00
10100,4/17/2025 12:49:06 PM,0.10
10100,4/17/2025 12:49:30 PM,0.10
10100,4/17/2025 12:49:31 PM,0.00
10100,4/17/2025 12:49:32 PM,0.10
10100,4/17/2025 12:49:37 PM,0.10
10100,4/17/2025 12:49:38 PM,0.00
10100,4/17/2025 12:49:39 PM,0.10
10100,4/17/2025 12:49:44 PM,0.10
10100,4/17/2025 12:49:45 PM,0.00
10100,4/17/2025 12:49:46 PM,0.10
10100,4/17/2025 12:49:50 PM,0.10
10100,4/17/2025 12:49:51 PM,0.00
10100,4/17/2025 12:49:52 PM,0.10
10100,4/17/2025 12:49:58 PM,0.10
10100,4/17/2025 12:49:59 PM,0.00
10100,4/17/2025 12:50:01 PM,0.10
10100,4/17/2025 12:50:02 PM,0.10
10100,4/17/2025 12:50:03 PM,0.00
10100,4/17/2025 12:50:04 PM,0.10
10100,4/17/2025 12:50:05 PM,0.00
10100,4/17/2025 12:50:06 PM,0.10
10100,4/17/2025 12:50:08 PM,0.10
10100,4/17/2025 12:50:09 PM,0.00
10100,4/17/2025 12:50:10 PM,0.10
10100,4/17/2025 12:50:15 PM,0.10
10100,4/17/2025 12:50:16 PM,0.00
10100,4/17/2025 12:50:17 PM,0.00
10100,4/17/2025 12:50:18 PM,0.10
10100,4/17/2025 12:50:21 PM,0.10
10100,4/17/2025 12:50:22 PM,0.00
10100,4/17/2025 12:50:23 PM,0.10
10100,4/17/2025 12:50:24 PM,0.00
10100,4/17/2025 12:50:25 PM,0.10
10100,4/17/2025 12:50:27 PM,0.10
10100,4/17/2025 12:50:28 PM,0.00
10100,4/17/2025 12:50:29 PM,0.10
10100,4/17/2025 12:50:30 PM,0.00
10100,4/17/2025 12:50:31 PM,0.00
10100,4/17/2025 12:50:32 PM,0.10
10100,4/17/2025 12:50:33 PM,0.10
10100,4/17/2025 12:50:34 PM,0.00
10100,4/17/2025 12:50:35 PM,0.10
10100,4/17/2025 12:50:44 PM,0.10
10100,4/17/2025 12:50:45 PM,0.00
10100,4/17/2025 12:50:46 PM,0.10
10100,4/17/2025 12:51:04 PM,0.10
10100,4/17/2025 12:51:05 PM,0.00
10100,4/17/2025 12:51:06 PM,0.00
10100,4/17/2025 12:51:07 PM,0.10
10100,4/17/2025 12:51:10 PM,0.10
10100,4/17/2025 12:51:11 PM,0.00
10100,4/17/2025 12:51:12 PM,0.10
10100,4/17/2025 12:51:15 PM,0.10
10100,4/17/2025 12:51:16 PM,0.00
10100,4/17/2025 12:51:17 PM,0.10
10100,4/17/2025 12:51:23 PM,0.10
10100,4/17/2025 12:51:24 PM,0.00
10100,4/17/2025 12:51:25 PM,0.00
10100,4/17/2025 12:51:26 PM,0.10
10100,4/17/2025 12:51:27 PM,0.10
10100,4/17/2025 12:51:28 PM,0.00
10100,4/17/2025 12:51:32 PM,0.00
10100,4/17/2025 12:51:33 PM,0.10
10100,4/17/2025 12:51:42 PM,0.10
10100,4/17/2025 12:51:43 PM,0.00
10100,4/17/2025 12:51:44 PM,0.10
10100,4/17/2025 12:51:45 PM,0.10
10100,4/17/2025 12:51:46 PM,0.00
10100,4/17/2025 12:51:47 PM,0.00
10100,4/17/2025 12:51:48 PM,0.10
10100,4/17/2025 12:51:50 PM,0.10
10100,4/17/2025 12:51:51 PM,0.00
10100,4/17/2025 12:51:52 PM,0.10
10100,4/17/2025 12:51:53 PM,0.10
10100,4/17/2025 12:51:54 PM,0.00
10100,4/17/2025 12:51:55 PM,0.10
10100,4/17/2025 12:52:04 PM,0.10
10100,4/17/2025 12:52:05 PM,0.00
10100,4/17/2025 12:52:06 PM,0.10
10100,4/17/2025 12:52:14 PM,0.10
10100,4/17/2025 12:52:15 PM,0.00
10100,4/17/2025 12:52:16 PM,0.00
10100,4/17/2025 12:52:17 PM,0.10
10100,4/17/2025 12:52:18 PM,0.10
10100,4/17/2025 12:52:19 PM,0.00
10100,4/17/2025 12:52:20 PM,0.10
10100,4/17/2025 12:52:21 PM,0.00
10100,4/17/2025 12:52:22 PM,0.10
10100,4/17/2025 12:52:23 PM,0.10
10100,4/17/2025 12:52:24 PM,0.00
10100,4/17/2025 12:52:25 PM,0.10
10100,4/17/2025 12:52:26 PM,0.00
10100,4/17/2025 12:52:27 PM,0.10
10100,4/17/2025 12:52:28 PM,0.10
10100,4/17/2025 12:52:29 PM,0.00
10100,4/17/2025 12:52:30 PM,0.00
10100,4/17/2025 12:52:31 PM,0.10
10100,4/17/2025 12:52:32 PM,0.10
10100,4/17/2025 12:52:33 PM,0.00
10100,4/17/2025 12:52:34 PM,0.10
10100,4/17/2025 12:52:35 PM,0.00
10100,4/17/2025 12:52:36 PM,0.10
10100,4/17/2025 12:52:47 PM,0.10
10100,4/17/2025 12:52:48 PM,0.00
10100,4/17/2025 12:52:49 PM,0.10
10100,4/17/2025 12:52:50 PM,0.00
10100,4/17/2025 12:52:51 PM,0.10
10100,4/17/2025 12:52:53 PM,0.10
10100,4/17/2025 12:52:54 PM,0.00
10100,4/17/2025 12:52:55 PM,0.10
10100,4/17/2025 12:53:08 PM,0.10
10100,4/17/2025 12:53:09 PM,0.00
10100,4/17/2025 12:53:10 PM,0.10
10100,4/17/2025 12:53:19 PM,0.10
10100,4/17/2025 12:53:20 PM,0.00
10100,4/17/2025 12:53:21 PM,0.10
10100,4/17/2025 12:53:24 PM,0.10
10100,4/17/2025 12:53:25 PM,0.00
10100,4/17/2025 12:53:26 PM,0.10
10100,4/17/2025 12:53:28 PM,0.10
10100,4/17/2025 12:53:29 PM,0.00
10100,4/17/2025 12:53:30 PM,0.10
10100,4/17/2025 12:53:31 PM,0.00
10100,4/17/2025 12:53:32 PM,0.10
10100,4/17/2025 12:53:33 PM,0.00
10100,4/17/2025 12:53:34 PM,0.10
10100,4/17/2025 12:53:40 PM,0.10
10100,4/17/2025 12:53:41 PM,0.00
10100,4/17/2025 12:53:42 PM,0.10
10100,4/17/2025 12:53:43 PM,0.10
10100,4/17/2025 12:53:44 PM,0.00
10100,4/17/2025 12:53:45 PM,0.10
10100,4/17/2025 12:53:46 PM,0.10
10100,4/17/2025 12:53:47 PM,0.00
10100,4/17/2025 12:53:48 PM,0.00
10100,4/17/2025 12:53:49 PM,0.10
10100,4/17/2025 12:53:50 PM,0.00
10100,4/17/2025 12:53:51 PM,0.10
10100,4/17/2025 12:53:52 PM,0.10
10100,4/17/2025 12:53:53 PM,0.00
10100,4/17/2025 12:53:55 PM,0.00
10100,4/17/2025 12:53:56 PM,0.10
10100,4/17/2025 12:53:57 PM,0.10
10100,4/17/2025 12:53:58 PM,0.00
10100,4/17/2025 12:54:02 PM,0.00
10100,4/17/2025 12:54:03 PM,0.10
10100,4/17/2025 12:54:04 PM,0.00
10100,4/17/2025 12:54:05 PM,0.10
10100,4/17/2025 12:54:06 PM,0.00
10100,4/17/2025 12:54:07 PM,0.10
10100,4/17/2025 12:54:08 PM,0.00
10100,4/17/2025 12:54:10 PM,0.00
10100,4/17/2025 12:54:11 PM,0.10
10100,4/17/2025 12:54:12 PM,0.00
10100,4/17/2025 12:54:13 PM,0.10
10100,4/17/2025 12:54:14 PM,0.10
10100,4/17/2025 12:54:15 PM,0.00
10100,4/17/2025 12:54:16 PM,0.10
10100,4/17/2025 12:54:17 PM,0.00
10100,4/17/2025 12:54:18 PM,0.10
10100,4/17/2025 12:54:19 PM,0.10
10100,4/17/2025 12:54:20 PM,0.00
10100,4/17/2025 12:54:33 PM,0.00
10100,4/17/2025 12:54:34 PM,0.10
10100,4/17/2025 12:54:35 PM,0.10
10100,4/17/2025 12:54:36 PM,0.00
10100,4/17/2025 12:54:38 PM,0.00
10100,4/17/2025 12:54:39 PM,0.10
10100,4/17/2025 12:54:40 PM,0.00
10100,4/17/2025 12:54:45 PM,0.00
10100,4/17/2025 12:54:46 PM,0.10
10100,4/17/2025 12:54:47 PM,0.00
10100,4/17/2025 12:54:57 PM,0.00
10100,4/17/2025 12:54:58 PM,0.10
10100,4/17/2025 12:54:59 PM,0.00
10100,4/17/2025 12:55:01 PM,0.00
10100,4/17/2025 12:55:01 PM,0.10
10100,4/17/2025 12:55:02 PM,0.00
10100,4/17/2025 12:55:23 PM,0.00
10100,4/17/2025 12:55:24 PM,0.10
10100,4/17/2025 12:55:25 PM,0.00
10100,4/17/2025 12:55:36 PM,0.00
10100,4/17/2025 12:55:37 PM,0.10
10100,4/17/2025 12:55:38 PM,0.00
10100,4/17/2025 12:56:29 PM,0.00
10100,4/17/2025 12:56:30 PM,0.10
10100,4/17/2025 12:56:31 PM,0.00
10100,4/17/2025 1:32:05 PM,0.00
10100,4/17/2025 1:32:06 PM,0.10
10100,4/17/2025 1:32:07 PM,0.10
10100,4/17/2025 1:32:08 PM,0.00
10100,4/17/2025 1:32:12 PM,0.00
10100,4/17/2025 1:32:13 PM,0.10
10100,4/17/2025 1:32:14 PM,0.00
10100,4/17/2025 1:32:15 PM,0.00
10100,4/17/2025 1:32:16 PM,0.10
10100,4/17/2025 1:32:17 PM,0.00
10100,4/17/2025 1:32:18 PM,0.10
10100,4/17/2025 1:32:19 PM,0.00
10100,4/17/2025 1:32:20 PM,0.00
10100,4/17/2025 1:32:21 PM,0.10
10100,4/17/2025 1:32:23 PM,0.10
10100,4/17/2025 1:32:24 PM,0.00
10100,4/17/2025 1:32:25 PM,0.10
10100,4/17/2025 1:32:26 PM,0.10
10100,4/17/2025 1:32:27 PM,0.00
10100,4/17/2025 1:32:28 PM,0.00
10100,4/17/2025 1:32:29 PM,0.10
10100,4/17/2025 1:32:30 PM,0.00
10100,4/17/2025 1:32:31 PM,0.10
10100,4/17/2025 1:32:32 PM,0.10
10100,4/17/2025 1:32:33 PM,0.00
10100,4/17/2025 1:32:34 PM,0.10
10100,4/17/2025 1:32:35 PM,0.00
10100,4/17/2025 1:32:36 PM,0.00
10100,4/17/2025 1:32:37 PM,0.10
10100,4/17/2025 1:32:38 PM,0.00
10100,4/17/2025 1:32:41 PM,0.00
10100,4/17/2025 1:32:42 PM,0.10
10100,4/17/2025 1:32:43 PM,0.00
10100,4/17/2025 1:32:44 PM,0.00
10100,4/17/2025 1:32:45 PM,0.10
10100,4/17/2025 1:32:46 PM,0.10
10100,4/17/2025 1:32:47 PM,0.00
10100,4/17/2025 1:32:48 PM,0.10
10100,4/17/2025 1:32:49 PM,0.00
10100,4/17/2025 1:32:51 PM,0.00
10100,4/17/2025 1:32:52 PM,0.10
10100,4/17/2025 1:32:53 PM,0.00
10100,4/17/2025 1:32:54 PM,0.10
10100,4/17/2025 1:32:55 PM,0.00
10100,4/17/2025 1:32:56 PM,0.10
10100,4/17/2025 1:32:57 PM,0.00
10100,4/17/2025 1:32:58 PM,0.00
10100,4/17/2025 1:32:59 PM,0.10
10100,4/17/2025 1:33:01 PM,0.00
10100,4/17/2025 1:33:01 PM,0.00
10100,4/17/2025 1:33:02 PM,0.10
10100,4/17/2025 1:33:03 PM,0.00
10100,4/17/2025 1:33:04 PM,0.10
10100,4/17/2025 1:33:05 PM,0.00
10100,4/17/2025 1:33:06 PM,0.00
10100,4/17/2025 1:33:07 PM,0.10
10100,4/17/2025 1:33:08 PM,0.00
10100,4/17/2025 1:33:09 PM,0.10
10100,4/17/2025 1:33:10 PM,0.00
10100,4/17/2025 1:33:11 PM,0.00
10100,4/17/2025 1:33:12 PM,0.10
10100,4/17/2025 1:33:15 PM,0.10
10100,4/17/2025 1:33:16 PM,0.00
10100,4/17/2025 1:33:17 PM,0.00
10100,4/17/2025 1:33:18 PM,0.10
10100,4/17/2025 1:33:19 PM,0.10
10100,4/17/2025 1:33:20 PM,0.00
10100,4/17/2025 1:33:21 PM,0.10
10100,4/17/2025 1:33:22 PM,0.00
10100,4/17/2025 1:33:23 PM,0.10
10100,4/17/2025 1:33:24 PM,0.10
10100,4/17/2025 1:33:25 PM,0.00
10100,4/17/2025 1:33:30 PM,0.00
10100,4/17/2025 1:33:31 PM,0.10
10100,4/17/2025 1:33:32 PM,0.00
10100,4/17/2025 1:33:34 PM,0.00
10100,4/17/2025 1:33:35 PM,0.10
10100,4/17/2025 1:33:36 PM,0.00
10100,4/17/2025 1:33:37 PM,0.10
10100,4/17/2025 1:33:38 PM,0.00
10100,4/17/2025 1:33:55 PM,0.00
10100,4/17/2025 1:33:56 PM,0.10
10100,4/17/2025 1:33:57 PM,0.10
10100,4/17/2025 1:33:58 PM,0.00
10100,4/17/2025 1:34:03 PM,0.00
10100,4/17/2025 1:34:04 PM,0.10
10100,4/17/2025 1:34:05 PM,0.00
10100,4/17/2025 1:34:07 PM,0.00
10100,4/17/2025 1:34:08 PM,0.10
10100,4/17/2025 1:34:09 PM,0.10
10100,4/17/2025 1:34:10 PM,0.00
10100,4/17/2025 1:34:15 PM,0.00
10100,4/17/2025 1:34:16 PM,0.10
10100,4/17/2025 1:34:17 PM,0.00
10100,4/17/2025 1:34:24 PM,0.00
10100,4/17/2025 1:34:25 PM,0.10
10100,4/17/2025 1:34:26 PM,0.10
10100,4/17/2025 1:34:27 PM,0.00
10100,4/17/2025 1:34:28 PM,0.00
10100,4/17/2025 1:34:29 PM,0.10
10100,4/17/2025 1:34:30 PM,0.10
10100,4/17/2025 1:34:31 PM,0.00
10100,4/17/2025 1:34:32 PM,0.10
10100,4/17/2025 1:34:33 PM,0.00
10100,4/17/2025 1:34:35 PM,0.00
10100,4/17/2025 1:34:36 PM,0.10
10100,4/17/2025 1:34:37 PM,0.10
10100,4/17/2025 1:34:38 PM,0.00
10100,4/17/2025 1:34:41 PM,0.00
10100,4/17/2025 1:34:42 PM,0.10
10100,4/17/2025 1:34:43 PM,0.00
10100,4/17/2025 1:34:44 PM,0.00
10100,4/17/2025 1:34:45 PM,0.10
10100,4/17/2025 1:34:46 PM,0.10
10100,4/17/2025 1:34:47 PM,0.00
10100,4/17/2025 1:34:51 PM,0.00
10100,4/17/2025 1:34:52 PM,0.10
10100,4/17/2025 1:34:54 PM,0.10
10100,4/17/2025 1:34:55 PM,0.00
10100,4/17/2025 1:34:56 PM,0.00
10100,4/17/2025 1:34:57 PM,0.10
10100,4/17/2025 1:34:58 PM,0.10
10100,4/17/2025 1:34:59 PM,0.00
10100,4/17/2025 1:35:01 PM,0.10
10100,4/17/2025 1:35:03 PM,0.10
10100,4/17/2025 1:35:04 PM,0.00
10100,4/17/2025 1:35:05 PM,0.10
10100,4/17/2025 1:35:07 PM,0.10
10100,4/17/2025 1:35:08 PM,0.00
10100,4/17/2025 1:35:09 PM,0.10
10100,4/17/2025 1:35:10 PM,0.00
10100,4/17/2025 1:35:11 PM,0.10
10100,4/17/2025 1:35:12 PM,0.00
10100,4/17/2025 1:35:16 PM,0.00
10100,4/17/2025 1:35:17 PM,0.10
10100,4/17/2025 1:35:18 PM,0.00
10100,4/17/2025 1:35:19 PM,0.00
10100,4/17/2025 1:35:20 PM,0.10
10100,4/17/2025 1:35:23 PM,0.10
10100,4/17/2025 1:35:24 PM,0.00
10100,4/17/2025 1:35:25 PM,0.10
10100,4/17/2025 1:35:31 PM,0.10
10100,4/17/2025 1:35:32 PM,0.00
10100,4/17/2025 1:35:33 PM,0.10
10100,4/17/2025 1:35:36 PM,0.10
10100,4/17/2025 1:35:37 PM,0.00
10100,4/17/2025 1:35:38 PM,0.10
10100,4/17/2025 1:35:42 PM,0.10
10100,4/17/2025 1:35:43 PM,0.00
10100,4/17/2025 1:35:44 PM,0.10
10100,4/17/2025 1:35:49 PM,0.10
10100,4/17/2025 1:35:50 PM,0.00
10100,4/17/2025 1:35:51 PM,0.10
10100,4/17/2025 1:35:52 PM,0.00
10100,4/17/2025 1:35:53 PM,0.10
10100,4/17/2025 1:35:54 PM,0.00
10100,4/17/2025 1:35:55 PM,0.00
10100,4/17/2025 1:35:56 PM,0.10
10100,4/17/2025 1:35:59 PM,0.10
10100,4/17/2025 1:36:01 PM,0.00
10100,4/17/2025 1:36:01 PM,0.10
10100,4/17/2025 1:47:19 PM,0.10
10100,4/17/2025 1:47:20 PM,0.20
10100,4/17/2025 1:47:21 PM,0.10
10100,4/17/2025 1:47:30 PM,0.10
10100,4/17/2025 1:47:31 PM,0.20
10100,4/17/2025 1:47:32 PM,0.10
10100,4/17/2025 1:47:33 PM,0.10
10100,4/17/2025 1:47:34 PM,0.20
10100,4/17/2025 1:47:35 PM,0.10
10100,4/17/2025 1:47:37 PM,0.10
10100,4/17/2025 1:47:38 PM,0.20
10100,4/17/2025 1:47:39 PM,0.20
10100,4/17/2025 1:47:40 PM,0.10
10100,4/17/2025 1:47:41 PM,0.20
10100,4/17/2025 1:47:45 PM,0.20
10100,4/17/2025 1:47:46 PM,0.10
10100,4/17/2025 1:47:47 PM,0.10
10100,4/17/2025 1:47:48 PM,0.20
10100,4/17/2025 1:47:49 PM,0.20
10100,4/17/2025 1:47:50 PM,0.10
10100,4/17/2025 1:47:51 PM,0.20
10100,4/17/2025 1:47:52 PM,0.10
10100,4/17/2025 1:47:53 PM,0.10
10100,4/17/2025 1:47:54 PM,0.20
10100,4/17/2025 1:47:55 PM,0.10
10100,4/17/2025 1:47:56 PM,0.20
10100,4/17/2025 2:06:50 PM,0.20
10100,4/17/2025 2:06:51 PM,0.30
10100,4/17/2025 2:06:52 PM,0.20
10100,4/17/2025 2:07:10 PM,0.20
10100,4/17/2025 2:07:11 PM,0.30
10100,4/17/2025 2:07:12 PM,0.20
10100,4/17/2025 2:07:27 PM,0.20
10100,4/17/2025 2:07:28 PM,0.30
10100,4/17/2025 2:07:29 PM,0.20
10100,4/17/2025 2:07:34 PM,0.20
10100,4/17/2025 2:07:35 PM,0.30
10100,4/17/2025 2:07:36 PM,0.30
10100,4/17/2025 2:07:37 PM,0.20
10100,4/17/2025 2:07:40 PM,0.20
10100,4/17/2025 2:07:41 PM,0.30
10100,4/17/2025 2:07:42 PM,0.20
10100,4/17/2025 2:07:47 PM,0.20
10100,4/17/2025 2:07:48 PM,0.30
10100,4/17/2025 2:07:49 PM,0.20
10100,4/17/2025 2:07:51 PM,0.20
10100,4/17/2025 2:07:52 PM,0.30
10100,4/17/2025 2:07:53 PM,0.20
10100,4/17/2025 2:07:58 PM,0.20
10100,4/17/2025 2:07:59 PM,0.30
10100,4/17/2025 2:08:01 PM,0.30
10100,4/17/2025 2:08:02 PM,0.20
10100,4/17/2025 2:08:03 PM,0.30
10100,4/17/2025 2:08:06 PM,0.30
10100,4/17/2025 2:08:07 PM,0.20
10100,4/17/2025 2:08:08 PM,0.30
10100,4/17/2025 2:08:11 PM,0.30
10100,4/17/2025 2:08:12 PM,0.20
10100,4/17/2025 2:08:13 PM,0.20
10100,4/17/2025 2:08:14 PM,0.30
10100,4/17/2025 2:08:15 PM,0.20
10100,4/17/2025 2:08:16 PM,0.30
10100,4/17/2025 2:08:17 PM,0.20
10100,4/17/2025 2:08:18 PM,0.30
10100,4/17/2025 2:08:24 PM,0.30
10100,4/17/2025 2:08:25 PM,0.20
10100,4/17/2025 2:08:27 PM,0.20
10100,4/17/2025 2:08:28 PM,0.30
10100,4/17/2025 2:08:29 PM,0.20
10100,4/17/2025 2:08:30 PM,0.30
10100,4/17/2025 2:08:34 PM,0.30
10100,4/17/2025 2:08:35 PM,0.20
10100,4/17/2025 2:08:36 PM,0.30
10100,4/17/2025 2:26:42 PM,0.30
10100,4/17/2025 2:26:43 PM,0.20
10100,4/17/2025 2:26:44 PM,0.30
10100,4/17/2025 2:27:07 PM,0.30
10100,4/17/2025 2:27:08 PM,0.20
10100,4/17/2025 2:27:09 PM,0.30
10100,4/17/2025 2:27:15 PM,0.30
10100,4/17/2025 2:27:16 PM,0.20
10100,4/17/2025 2:27:17 PM,0.30
10100,4/17/2025 2:27:18 PM,0.20
10100,4/17/2025 2:27:19 PM,0.30
10100,4/17/2025 2:27:21 PM,0.30
10100,4/17/2025 2:27:22 PM,0.20
10100,4/17/2025 2:27:23 PM,0.30
10100,4/17/2025 2:27:41 PM,0.30
10100,4/17/2025 2:27:42 PM,0.20
10100,4/17/2025 2:27:43 PM,0.30
10100,4/17/2025 2:27:53 PM,0.30
10100,4/17/2025 2:27:54 PM,0.20
10100,4/17/2025 2:27:55 PM,0.30
10100,4/17/2025 2:28:01 PM,0.30
10100,4/17/2025 2:28:02 PM,0.20
10100,4/17/2025 2:28:03 PM,0.30
10100,4/17/2025 2:28:15 PM,0.30
10100,4/17/2025 2:28:16 PM,0.20
10100,4/17/2025 2:28:17 PM,0.30
10100,4/17/2025 2:28:39 PM,0.30
10100,4/17/2025 2:28:40 PM,0.20
10100,4/17/2025 2:28:41 PM,0.30
10100,4/17/2025 2:29:13 PM,0.30
10100,4/17/2025 2:29:14 PM,0.20
10100,4/17/2025 2:29:15 PM,0.30
10100,4/17/2025 2:29:17 PM,0.30
10100,4/17/2025 2:29:18 PM,0.20
10100,4/17/2025 2:29:19 PM,0.30
10100,4/17/2025 2:29:38 PM,0.30
10100,4/17/2025 2:29:39 PM,0.20
10100,4/17/2025 2:29:41 PM,0.20
10100,4/17/2025 2:29:42 PM,0.30
10100,4/17/2025 2:29:45 PM,0.30
10100,4/17/2025 2:29:46 PM,0.20
10100,4/17/2025 2:29:47 PM,0.30
10100,4/17/2025 2:29:48 PM,0.20
10100,4/17/2025 2:29:49 PM,0.30
10100,4/17/2025 2:29:50 PM,0.20
10100,4/17/2025 2:29:51 PM,0.30
10100,4/17/2025 2:29:54 PM,0.30
10100,4/17/2025 2:29:55 PM,0.20
10100,4/17/2025 2:29:56 PM,0.30
10100,4/17/2025 2:29:57 PM,0.20
10100,4/17/2025 2:29:58 PM,0.30
10100,4/17/2025 2:29:59 PM,0.30
10100,4/17/2025 2:30:01 PM,0.20
10100,4/17/2025 2:30:01 PM,0.30
10100,4/17/2025 2:30:02 PM,0.20
10100,4/17/2025 2:30:03 PM,0.30
10100,4/17/2025 2:30:04 PM,0.20
10100,4/17/2025 2:30:06 PM,0.20
10100,4/17/2025 2:30:07 PM,0.30
10100,4/17/2025 2:30:08 PM,0.20
10100,4/17/2025 2:30:15 PM,0.20
10100,4/17/2025 2:30:16 PM,0.30
10100,4/17/2025 2:30:17 PM,0.20
10100,4/17/2025 3:07:56 PM,0.20
10100,4/17/2025 3:07:57 PM,0.30
10100,4/17/2025 3:07:58 PM,0.20
10100,4/17/2025 3:07:59 PM,0.30
10100,4/17/2025 3:08:01 PM,0.20
10100,4/17/2025 3:08:01 PM,0.30
10100,4/17/2025 3:08:02 PM,0.20
10100,4/17/2025 3:08:16 PM,0.20
10100,4/17/2025 3:08:17 PM,0.30
10100,4/17/2025 3:08:18 PM,0.20
10100,4/17/2025 3:08:29 PM,0.20
10100,4/17/2025 3:08:30 PM,0.30
10100,4/17/2025 3:08:31 PM,0.20
10100,4/17/2025 3:08:45 PM,0.20
10100,4/17/2025 3:08:46 PM,0.30
10100,4/17/2025 3:08:47 PM,0.20
10100,4/17/2025 3:16:56 PM,0.20
10100,4/17/2025 3:16:57 PM,0.30
10100,4/17/2025 3:16:58 PM,0.20
10100,4/17/2025 3:29:18 PM,0.20
10100,4/17/2025 3:29:19 PM,0.30
10100,4/17/2025 3:29:20 PM,0.20
10100,4/17/2025 3:29:21 PM,0.20
10100,4/17/2025 3:29:22 PM,0.30
10100,4/17/2025 3:29:23 PM,0.20
10100,4/17/2025 3:29:29 PM,0.20
10100,4/17/2025 3:29:30 PM,0.30
10100,4/17/2025 3:29:31 PM,0.20
10100,4/17/2025 3:29:33 PM,0.20
10100,4/17/2025 3:29:34 PM,0.30
10100,4/17/2025 3:29:35 PM,0.20
10100,4/17/2025 3:30:56 PM,0.20
10100,4/17/2025 3:30:57 PM,0.30
10100,4/17/2025 3:30:58 PM,0.20
10100,4/17/2025 3:31:03 PM,0.20
10100,4/17/2025 3:31:04 PM,0.30
10100,4/17/2025 3:31:05 PM,0.20
10100,4/17/2025 3:32:01 PM,0.20
10100,4/17/2025 3:32:01 PM,0.30
10100,4/17/2025 3:32:02 PM,0.30
10100,4/17/2025 3:32:03 PM,0.20
10100,4/17/2025 3:32:10 PM,0.20
10100,4/17/2025 3:32:11 PM,0.30
10100,4/17/2025 3:32:12 PM,0.20
10100,4/17/2025 3:32:13 PM,0.30
10100,4/17/2025 3:32:14 PM,0.20
10100,4/17/2025 3:32:15 PM,0.30
10100,4/17/2025 3:32:16 PM,0.20
10100,4/17/2025 3:32:17 PM,0.30
10100,4/17/2025 3:32:18 PM,0.20
10100,4/17/2025 3:32:19 PM,0.30
10100,4/17/2025 3:32:20 PM,0.20
10100,4/17/2025 3:32:21 PM,0.30
10100,4/17/2025 3:32:24 PM,0.30
10100,4/17/2025 3:32:25 PM,0.20
10100,4/17/2025 3:32:26 PM,0.30
10100,4/17/2025 3:32:43 PM,0.30
10100,4/17/2025 3:32:44 PM,0.20
10100,4/17/2025 3:32:45 PM,0.30
10100,4/17/2025 3:32:48 PM,0.30
10100,4/17/2025 3:32:49 PM,0.20
10100,4/17/2025 3:32:50 PM,0.30
10100,4/17/2025 3:32:52 PM,0.30
10100,4/17/2025 3:32:53 PM,0.20
10100,4/17/2025 3:32:54 PM,0.30
10100,4/17/2025 3:32:55 PM,0.30
10100,4/17/2025 3:32:56 PM,0.20
10100,4/17/2025 3:32:57 PM,0.30
10100,4/17/2025 3:33:01 PM,0.30
10100,4/17/2025 3:33:02 PM,0.20
10100,4/17/2025 3:33:03 PM,0.30
10100,4/17/2025 3:33:04 PM,0.20
10100,4/17/2025 3:33:05 PM,0.30
10100,4/17/2025 3:33:47 PM,0.30
10100,4/17/2025 3:33:48 PM,0.20
10100,4/17/2025 3:33:49 PM,0.30
10100,4/17/2025 3:33:53 PM,0.30
10100,4/17/2025 3:33:54 PM,0.20
10100,4/17/2025 3:33:55 PM,0.30
10100,4/17/2025 3:34:04 PM,0.30
10100,4/17/2025 3:34:05 PM,0.20
10100,4/17/2025 3:34:06 PM,0.20
10100,4/17/2025 3:34:07 PM,0.30
10100,4/17/2025 3:34:08 PM,0.30
10100,4/17/2025 3:34:09 PM,0.20
10100,4/17/2025 3:34:10 PM,0.20
10100,4/17/2025 3:34:11 PM,0.30
10100,4/17/2025 3:34:12 PM,0.30
10100,4/17/2025 3:34:13 PM,0.20
10100,4/17/2025 3:34:15 PM,0.20
10100,4/17/2025 3:34:16 PM,0.30
10100,4/17/2025 3:34:17 PM,0.20
10100,4/17/2025 3:34:18 PM,0.30
10100,4/17/2025 3:34:21 PM,0.30
10100,4/17/2025 3:34:22 PM,0.20
10100,4/17/2025 3:34:24 PM,0.20
10100,4/17/2025 3:34:25 PM,0.30
10100,4/17/2025 3:34:26 PM,0.20
10100,4/17/2025 3:34:27 PM,0.20
10100,4/17/2025 3:34:28 PM,0.30
10100,4/17/2025 3:34:29 PM,0.20
10100,4/17/2025 3:34:31 PM,0.20
10100,4/17/2025 3:34:32 PM,0.30
10100,4/17/2025 3:34:33 PM,0.20
10100,4/17/2025 3:34:35 PM,0.20
10100,4/17/2025 3:34:36 PM,0.30
10100,4/17/2025 3:34:37 PM,0.30
10100,4/17/2025 3:34:38 PM,0.20
10100,4/17/2025 3:34:54 PM,0.20
10100,4/17/2025 3:34:55 PM,0.30
10100,4/17/2025 3:34:56 PM,0.20
10100,4/17/2025 3:35:14 PM,0.20
10100,4/17/2025 3:35:15 PM,0.30
10100,4/17/2025 3:35:16 PM,0.20
10100,4/17/2025 3:35:19 PM,0.20
10100,4/17/2025 3:35:20 PM,0.30
10100,4/17/2025 3:35:21 PM,0.20
10100,4/17/2025 3:35:40 PM,0.20
10100,4/17/2025 3:35:41 PM,0.30
10100,4/17/2025 3:35:42 PM,0.30
10100,4/17/2025 3:35:43 PM,0.20
10100,4/17/2025 3:35:45 PM,0.20
10100,4/17/2025 3:35:46 PM,0.30
10100,4/17/2025 3:35:48 PM,0.30
10100,4/17/2025 3:35:49 PM,0.20
10100,4/17/2025 3:35:50 PM,0.30
10100,4/17/2025 3:35:51 PM,0.20
10100,4/17/2025 3:35:53 PM,0.20
10100,4/17/2025 3:35:54 PM,0.30
10100,4/17/2025 3:35:56 PM,0.30
10100,4/17/2025 3:35:57 PM,0.20
10100,4/17/2025 3:36:03 PM,0.20
10100,4/17/2025 3:36:04 PM,0.30
10100,4/17/2025 3:36:05 PM,0.30
10100,4/17/2025 3:36:06 PM,0.20
10100,4/17/2025 3:36:08 PM,0.20
10100,4/17/2025 3:36:09 PM,0.30
10100,4/17/2025 3:36:11 PM,0.30
10100,4/17/2025 3:36:12 PM,0.20
10100,4/17/2025 3:36:15 PM,0.20
10100,4/17/2025 3:36:16 PM,0.30
10100,4/17/2025 3:36:17 PM,0.20
10100,4/17/2025 3:36:19 PM,0.20
10100,4/17/2025 3:36:20 PM,0.30
10100,4/17/2025 3:36:21 PM,0.20
10100,4/17/2025 3:36:23 PM,0.20
10100,4/17/2025 3:36:24 PM,0.30
10100,4/17/2025 3:36:25 PM,0.20
10100,4/17/2025 3:36:26 PM,0.30
10100,4/17/2025 3:36:27 PM,0.20
10100,4/17/2025 3:36:36 PM,0.20
10100,4/17/2025 3:36:37 PM,0.30
10100,4/17/2025 3:36:38 PM,0.20
10100,4/17/2025 3:36:43 PM,0.20
10100,4/17/2025 3:36:44 PM,0.30
10100,4/17/2025 3:36:45 PM,0.20
10100,4/17/2025 3:36:46 PM,0.20
10100,4/17/2025 3:36:47 PM,0.30
10100,4/17/2025 3:36:50 PM,0.30
10100,4/17/2025 3:36:51 PM,0.20
10100,4/17/2025 3:36:57 PM,0.20
10100,4/17/2025 3:36:58 PM,0.30
10100,4/17/2025 3:36:59 PM,0.20
10100,4/17/2025 3:37:01 PM,0.30
10100,4/17/2025 3:37:02 PM,0.30
10100,4/17/2025 3:37:03 PM,0.20
10100,4/17/2025 3:37:04 PM,0.30
10100,4/17/2025 3:37:06 PM,0.30
10100,4/17/2025 3:37:07 PM,0.20
10100,4/17/2025 3:37:09 PM,0.20
10100,4/17/2025 3:37:10 PM,0.30
10100,4/17/2025 3:37:11 PM,0.30
10100,4/17/2025 3:37:12 PM,0.20
10100,4/17/2025 3:37:13 PM,0.20
10100,4/17/2025 3:37:14 PM,0.30
10100,4/17/2025 3:37:15 PM,0.30
10100,4/17/2025 3:37:16 PM,0.20
10100,4/17/2025 3:37:17 PM,0.20
10100,4/17/2025 3:37:18 PM,0.30
10100,4/17/2025 3:37:20 PM,0.30
10100,4/17/2025 3:37:21 PM,0.20
10100,4/17/2025 3:37:22 PM,0.30
10100,4/17/2025 3:37:25 PM,0.30
10100,4/17/2025 3:37:26 PM,0.20
10100,4/17/2025 3:37:27 PM,0.30
10100,4/17/2025 3:37:28 PM,0.20
10100,4/17/2025 3:37:29 PM,0.20
10100,4/17/2025 3:37:30 PM,0.30
10100,4/17/2025 3:37:31 PM,0.30
10100,4/17/2025 3:37:32 PM,0.20
10100,4/17/2025 3:37:35 PM,0.20
10100,4/17/2025 3:37:36 PM,0.30
10100,4/17/2025 3:37:37 PM,0.20
10100,4/17/2025 3:37:40 PM,0.20
10100,4/17/2025 3:37:41 PM,0.30
10100,4/17/2025 3:37:44 PM,0.30
10100,4/17/2025 3:37:45 PM,0.20
10100,4/17/2025 3:37:46 PM,0.30
10100,4/17/2025 3:37:47 PM,0.20
10100,4/17/2025 3:37:48 PM,0.20
10100,4/17/2025 3:37:49 PM,0.30
10100,4/17/2025 3:37:51 PM,0.30
10100,4/17/2025 3:37:52 PM,0.20
10100,4/17/2025 3:37:53 PM,0.30
10100,4/17/2025 3:37:54 PM,0.20
10100,4/17/2025 3:37:55 PM,0.20
10100,4/17/2025 3:37:56 PM,0.30
10100,4/17/2025 3:37:57 PM,0.20
10100,4/17/2025 3:38:01 PM,0.20
10100,4/17/2025 3:38:02 PM,0.30
10100,4/17/2025 3:38:03 PM,0.20
10100,4/17/2025 3:38:04 PM,0.30
10100,4/17/2025 3:38:05 PM,0.20
10100,4/17/2025 3:38:07 PM,0.20
10100,4/17/2025 3:38:08 PM,0.30
10100,4/17/2025 3:38:09 PM,0.20
10100,4/17/2025 3:38:10 PM,0.20
10100,4/17/2025 3:38:11 PM,0.30
10100,4/17/2025 3:38:12 PM,0.30
10100,4/17/2025 3:38:13 PM,0.20
10100,4/17/2025 3:38:14 PM,0.30
10100,4/17/2025 3:38:19 PM,0.30
10100,4/17/2025 3:38:20 PM,0.20
10100,4/17/2025 3:38:21 PM,0.30
10100,4/17/2025 3:43:21 PM,0.30
10100,4/17/2025 3:43:22 PM,0.20
10100,4/17/2025 3:43:23 PM,0.30
10100,4/17/2025 3:43:36 PM,0.30
10100,4/17/2025 3:43:37 PM,0.20
10100,4/17/2025 3:43:39 PM,0.20
10100,4/17/2025 3:43:40 PM,0.30
10100,4/17/2025 3:43:41 PM,0.20
10100,4/17/2025 3:43:43 PM,0.20
10100,4/17/2025 3:43:44 PM,0.30
10100,4/17/2025 3:43:45 PM,0.20
10100,4/17/2025 3:43:52 PM,0.20
10100,4/17/2025 3:43:53 PM,0.30
10100,4/17/2025 3:43:54 PM,0.20
10100,4/17/2025 3:44:04 PM,0.20
10100,4/17/2025 3:44:05 PM,0.30
10100,4/17/2025 3:44:06 PM,0.30
10100,4/17/2025 3:44:07 PM,0.20
10100,4/17/2025 3:44:08 PM,0.30
10100,4/17/2025 3:44:09 PM,0.20
10100,4/17/2025 3:44:10 PM,0.20
10100,4/17/2025 3:44:11 PM,0.30
10100,4/17/2025 3:44:12 PM,0.20
10100,4/17/2025 3:44:20 PM,0.20
10100,4/17/2025 3:44:21 PM,0.30
10100,4/17/2025 3:44:22 PM,0.20
10100,4/17/2025 3:44:26 PM,0.20
10100,4/17/2025 3:44:27 PM,0.30
10100,4/17/2025 3:44:28 PM,0.20
10100,4/17/2025 3:53:30 PM,0.20
10100,4/17/2025 3:53:31 PM,0.30
10100,4/17/2025 3:53:32 PM,0.30
10100,4/17/2025 3:53:33 PM,0.20
10100,4/17/2025 3:53:36 PM,0.20
10100,4/17/2025 3:53:37 PM,0.30
10100,4/17/2025 3:53:38 PM,0.20
10100,4/17/2025 3:53:39 PM,0.20
10100,4/17/2025 3:53:40 PM,0.30
10100,4/17/2025 3:53:41 PM,0.20
10100,4/17/2025 3:53:42 PM,0.30
10100,4/17/2025 3:53:43 PM,0.20
10100,4/17/2025 3:53:44 PM,0.30
10100,4/17/2025 3:56:47 PM,0.30
10100,4/17/2025 3:56:48 PM,0.20
10100,4/17/2025 3:56:49 PM,0.30
10100,4/17/2025 3:57:34 PM,0.30
10100,4/17/2025 3:57:35 PM,0.20
10100,4/17/2025 3:57:36 PM,0.30
10100,4/17/2025 3:57:46 PM,0.30
10100,4/17/2025 3:57:47 PM,0.20
10100,4/17/2025 3:57:48 PM,0.30
10100,4/17/2025 3:57:53 PM,0.30
10100,4/17/2025 3:57:54 PM,0.20
10100,4/17/2025 3:57:55 PM,0.30
10100,4/17/2025 4:19:07 PM,0.30
10100,4/17/2025 4:19:08 PM,0.20
10100,4/17/2025 4:19:09 PM,0.30
10100,4/17/2025 4:19:17 PM,0.30
10100,4/17/2025 4:19:18 PM,0.20
10100,4/17/2025 4:19:19 PM,0.30
10100,4/17/2025 4:19:22 PM,0.30
10100,4/17/2025 4:19:23 PM,0.20
10100,4/17/2025 4:19:25 PM,0.20
10100,4/17/2025 4:19:26 PM,0.30
10100,4/17/2025 4:19:27 PM,0.30
10100,4/17/2025 4:19:28 PM,0.20
10100,4/17/2025 4:19:29 PM,0.30
10100,4/17/2025 4:19:31 PM,0.30
10100,4/17/2025 4:19:32 PM,0.20
10100,4/17/2025 4:19:33 PM,0.30
10100,4/17/2025 4:19:34 PM,0.30
10100,4/17/2025 4:19:35 PM,0.20
10100,4/17/2025 4:19:36 PM,0.30
10100,4/17/2025 4:19:37 PM,0.20
10100,4/17/2025 4:29:39 PM,0.20
10100,4/17/2025 4:29:40 PM,0.10
10100,4/17/2025 4:29:41 PM,0.20
10100,4/17/2025 4:29:52 PM,0.20
10100,4/17/2025 4:29:53 PM,0.10
10100,4/17/2025 4:29:54 PM,0.20
10100,4/17/2025 4:29:56 PM,0.20
10100,4/17/2025 4:29:57 PM,0.10
10100,4/17/2025 4:29:59 PM,0.10
10100,4/17/2025 4:30:01 PM,0.20
10100,4/17/2025 4:30:01 PM,0.20
10100,4/17/2025 4:30:02 PM,0.10
10100,4/17/2025 4:30:06 PM,0.10
10100,4/17/2025 4:30:07 PM,0.20
10100,4/17/2025 4:30:08 PM,0.10
10100,4/17/2025 4:30:09 PM,0.20
10100,4/17/2025 4:30:10 PM,0.10
10100,4/17/2025 4:32:50 PM,0.10
10100,4/17/2025 4:32:51 PM,0.20
10100,4/17/2025 4:32:52 PM,0.10
10100,4/17/2025 4:33:07 PM,0.10
10100,4/17/2025 4:33:08 PM,0.20
10100,4/17/2025 4:33:09 PM,0.10
10100,4/17/2025 4:33:10 PM,0.10
10100,4/17/2025 4:33:11 PM,0.20
10100,4/17/2025 4:33:12 PM,0.10
10100,4/17/2025 4:50:11 PM,0.10
10100,4/17/2025 4:50:12 PM,0.00
10100,4/17/2025 4:50:13 PM,0.10
10100,4/17/2025 4:50:22 PM,0.10
10100,4/17/2025 4:50:23 PM,0.00
10100,4/17/2025 4:50:24 PM,0.10
10100,4/17/2025 4:50:25 PM,0.10
10100,4/17/2025 4:50:26 PM,0.00
10100,4/17/2025 4:50:27 PM,0.10
10100,4/17/2025 4:50:28 PM,0.00
10100,4/17/2025 4:50:29 PM,0.10
10100,4/17/2025 4:50:30 PM,0.00
10100,4/17/2025 4:50:31 PM,0.10
10100,4/17/2025 4:50:32 PM,0.00
10100,4/17/2025 4:50:40 PM,0.00
10100,4/17/2025 4:50:41 PM,0.10
10100,4/17/2025 4:50:42 PM,0.00
10100,4/17/2025 4:50:56 PM,0.00
10100,4/17/2025 4:50:57 PM,0.10
10100,4/17/2025 4:50:58 PM,0.00
10100,4/17/2025 4:51:02 PM,0.00
10100,4/17/2025 4:51:03 PM,0.10
10100,4/17/2025 4:51:11 PM,0.10
10100,4/17/2025 4:51:12 PM,0.00
10100,4/17/2025 4:51:13 PM,0.10
10100,4/17/2025 4:51:18 PM,0.10
10100,4/17/2025 4:51:19 PM,0.00
10100,4/17/2025 4:51:20 PM,0.10
10100,4/17/2025 4:51:23 PM,0.10
10100,4/17/2025 4:51:24 PM,0.00
10100,4/17/2025 4:51:25 PM,0.10
10100,4/17/2025 4:51:28 PM,0.10
10100,4/17/2025 4:51:29 PM,0.00
10100,4/17/2025 4:51:30 PM,0.10
10100,4/17/2025 4:51:32 PM,0.10
10100,4/17/2025 4:51:33 PM,0.00
10100,4/17/2025 4:51:34 PM,0.10
10100,4/17/2025 4:51:35 PM,0.10
10100,4/17/2025 4:51:36 PM,0.00
10100,4/17/2025 4:51:39 PM,0.00
10100,4/17/2025 4:51:40 PM,0.10
10100,4/17/2025 4:51:41 PM,0.00
10100,4/17/2025 4:51:42 PM,0.10
10100,4/17/2025 4:51:43 PM,0.00
10100,4/17/2025 4:58:45 PM,0.00
10100,4/17/2025 4:58:46 PM,-0.10
10100,4/17/2025 4:58:47 PM,0.00
10100,4/17/2025 4:59:43 PM,0.00
10100,4/17/2025 4:59:44 PM,-0.10
10100,4/17/2025 4:59:45 PM,0.00
10100,4/17/2025 4:59:56 PM,0.00
10100,4/17/2025 4:59:57 PM,-0.10
10100,4/17/2025 4:59:58 PM,-0.10
10100,4/17/2025 4:59:59 PM,0.00
10100,4/17/2025 5:00:01 PM,-0.10
10100,4/17/2025 5:00:02 PM,-0.10
10100,4/17/2025 5:00:03 PM,0.00
10100,4/17/2025 5:00:04 PM,-0.10
10100,4/17/2025 5:00:05 PM,0.00
10100,4/17/2025 5:00:06 PM,-0.10
10100,4/17/2025 5:00:07 PM,0.00
10100,4/17/2025 5:00:09 PM,0.00
10100,4/17/2025 5:00:10 PM,-0.10
10100,4/17/2025 5:00:18 PM,-0.10
10100,4/17/2025 5:00:19 PM,0.00
10100,4/17/2025 5:00:20 PM,-0.10
10100,4/17/2025 5:00:21 PM,0.00
10100,4/17/2025 5:00:22 PM,-0.10
10100,4/17/2025 5:00:23 PM,-0.10
10100,4/17/2025 5:00:24 PM,0.00
10100,4/17/2025 5:00:25 PM,-0.10
10100,4/17/2025 5:00:26 PM,-0.10
10100,4/17/2025 5:00:27 PM,0.00
10100,4/17/2025 5:00:28 PM,-0.10
10100,4/17/2025 5:17:39 PM,-0.10
10100,4/17/2025 5:17:40 PM,-0.20
10100,4/17/2025 5:17:41 PM,-0.10
10100,4/17/2025 5:17:43 PM,-0.10
10100,4/17/2025 5:17:44 PM,-0.20
10100,4/17/2025 5:17:45 PM,-0.10
10100,4/17/2025 5:17:56 PM,-0.10
10100,4/17/2025 5:17:57 PM,-0.20
10100,4/17/2025 5:17:58 PM,-0.10
10100,4/17/2025 5:18:50 PM,-0.10
10100,4/17/2025 5:18:51 PM,-0.20
10100,4/17/2025 5:18:52 PM,-0.10
10100,4/17/2025 5:19:03 PM,-0.10
10100,4/17/2025 5:19:04 PM,-0.20
10100,4/17/2025 5:19:05 PM,-0.20
10100,4/17/2025 5:19:06 PM,-0.10
10100,4/17/2025 5:19:09 PM,-0.20
10100,4/17/2025 5:19:09 PM,-0.20
10100,4/17/2025 5:19:09 PM,-0.10
10100,4/17/2025 5:19:29 PM,-0.10
10100,4/17/2025 5:19:30 PM,-0.20
10100,4/17/2025 5:19:31 PM,-0.10
10100,4/17/2025 5:24:06 PM,-0.10
10100,4/17/2025 5:24:09 PM,-0.20
10100,4/17/2025 5:24:09 PM,-0.10
10100,4/17/2025 5:24:12 PM,-0.10
10100,4/17/2025 5:24:13 PM,-0.20
10100,4/17/2025 5:24:14 PM,-0.20
10100,4/17/2025 5:24:15 PM,-0.10
10100,4/17/2025 5:24:21 PM,-0.10
10100,4/17/2025 5:24:22 PM,-0.20
10100,4/17/2025 5:24:23 PM,-0.10
10100,4/17/2025 5:24:24 PM,-0.20
10100,4/17/2025 5:24:25 PM,-0.10
10100,4/17/2025 5:24:27 PM,-0.10
10100,4/17/2025 5:24:28 PM,-0.20
10100,4/17/2025 5:24:29 PM,-0.10
10100,4/17/2025 5:24:30 PM,-0.20
10100,4/17/2025 5:24:33 PM,-0.20
10100,4/17/2025 5:24:34 PM,-0.10
10100,4/17/2025 5:24:35 PM,-0.20
10100,4/17/2025 5:24:36 PM,-0.20
10100,4/17/2025 5:24:37 PM,-0.10
10100,4/17/2025 5:24:38 PM,-0.20
10100,4/17/2025 5:24:39 PM,-0.20
10100,4/17/2025 5:24:40 PM,-0.10
10100,4/17/2025 5:24:41 PM,-0.20
10100,4/17/2025 5:24:45 PM,-0.20
10100,4/17/2025 5:24:46 PM,-0.10
10100,4/17/2025 5:24:47 PM,-0.20
10100,4/17/2025 5:35:19 PM,-0.20
10100,4/17/2025 5:35:20 PM,-0.10
10100,4/17/2025 5:35:21 PM,-0.20
10100,4/17/2025 5:35:57 PM,-0.20
10100,4/17/2025 5:35:58 PM,-0.10
10100,4/17/2025 5:35:59 PM,-0.10
10100,4/17/2025 5:36:01 PM,-0.20
10100,4/17/2025 5:36:02 PM,-0.20
10100,4/17/2025 5:36:03 PM,-0.10
10100,4/17/2025 5:36:04 PM,-0.20
10100,4/17/2025 5:36:11 PM,-0.20
10100,4/17/2025 5:36:12 PM,-0.10
10100,4/17/2025 5:36:13 PM,-0.20
10100,4/17/2025 5:42:23 PM,-0.20
10100,4/17/2025 5:42:24 PM,-0.30
10100,4/17/2025 5:42:25 PM,-0.20
10100,4/17/2025 5:42:30 PM,-0.20
10100,4/17/2025 5:42:31 PM,-0.30
10100,4/17/2025 5:42:32 PM,-0.20
10100,4/17/2025 5:42:33 PM,-0.20
10100,4/17/2025 5:42:34 PM,-0.30
10100,4/17/2025 5:42:35 PM,-0.20
10100,4/17/2025 5:53:56 PM,-0.20
10100,4/17/2025 5:53:57 PM,-0.10
10100,4/17/2025 5:53:58 PM,-0.20
10100,4/17/2025 5:53:59 PM,-0.10
10100,4/17/2025 5:54:01 PM,-0.20
10100,4/17/2025 5:54:01 PM,-0.10
10100,4/17/2025 5:54:02 PM,-0.10
10100,4/17/2025 5:54:03 PM,-0.20
10100,4/17/2025 5:54:04 PM,-0.10
10100,4/17/2025 5:54:09 PM,-0.10
10100,4/17/2025 5:54:09 PM,-0.20
10100,4/17/2025 5:54:09 PM,-0.20
10100,4/17/2025 5:54:10 PM,-0.10
10100,4/17/2025 5:54:15 PM,-0.10
10100,4/17/2025 5:54:16 PM,-0.20
10100,4/17/2025 5:54:17 PM,-0.10
10100,4/17/2025 5:54:19 PM,-0.10
10100,4/17/2025 5:54:20 PM,-0.20
10100,4/17/2025 5:54:21 PM,-0.10
10100,4/17/2025 5:54:22 PM,-0.10
10100,4/17/2025 5:54:23 PM,-0.20
10100,4/17/2025 5:54:24 PM,-0.10
10100,4/17/2025 6:06:28 PM,-0.10
10100,4/17/2025 6:06:29 PM,0.00
10100,4/17/2025 6:06:31 PM,0.00
10100,4/17/2025 6:06:32 PM,-0.10
10100,4/17/2025 6:06:33 PM,0.00
10100,4/17/2025 6:06:34 PM,-0.10
10100,4/17/2025 6:06:35 PM,0.00
10100,4/17/2025 6:06:38 PM,0.00
10100,4/17/2025 6:06:39 PM,-0.10
10100,4/17/2025 6:06:40 PM,0.00
10100,4/17/2025 6:08:02 PM,0.00
10100,4/17/2025 6:08:03 PM,-0.10
10100,4/17/2025 6:08:04 PM,0.00
10100,4/17/2025 6:08:28 PM,0.00
10100,4/17/2025 6:08:29 PM,-0.10
10100,4/17/2025 6:08:30 PM,-0.10
10100,4/17/2025 6:08:31 PM,0.00
10100,4/17/2025 6:08:34 PM,0.00
10100,4/17/2025 6:08:35 PM,-0.10
10100,4/17/2025 6:08:36 PM,0.00
10100,4/17/2025 6:08:41 PM,0.00
10100,4/17/2025 6:08:42 PM,-0.10
10100,4/17/2025 6:08:43 PM,0.00
10100,4/17/2025 6:08:44 PM,-0.10
10100,4/17/2025 6:08:46 PM,-0.10
10100,4/17/2025 6:08:47 PM,0.00
10100,4/17/2025 6:08:48 PM,0.00
10100,4/17/2025 6:08:49 PM,-0.10
10100,4/17/2025 6:08:50 PM,0.00
10100,4/17/2025 6:08:51 PM,-0.10
10100,4/17/2025 6:08:57 PM,-0.10
10100,4/17/2025 6:08:58 PM,0.00
10100,4/17/2025 6:08:59 PM,0.00
10100,4/17/2025 6:09:01 PM,-0.10
10100,4/17/2025 6:09:01 PM,-0.10
10100,4/17/2025 6:09:02 PM,0.00
10100,4/17/2025 6:09:03 PM,-0.10
10100,4/17/2025 6:09:05 PM,-0.10
10100,4/17/2025 6:09:06 PM,0.00
10100,4/17/2025 6:09:07 PM,0.00
10100,4/17/2025 6:09:08 PM,-0.10
10100,4/17/2025 6:09:12 PM,-0.10
10100,4/17/2025 6:09:13 PM,0.00
10100,4/17/2025 6:09:14 PM,-0.10
10100,4/17/2025 6:09:15 PM,-0.10
10100,4/17/2025 6:09:16 PM,0.00
10100,4/17/2025 6:09:17 PM,-0.10
10100,4/17/2025 6:09:18 PM,0.00
10100,4/17/2025 6:09:19 PM,-0.10
10100,4/17/2025 6:09:24 PM,-0.10
10100,4/17/2025 6:09:25 PM,0.00
10100,4/17/2025 6:09:26 PM,0.00
10100,4/17/2025 6:09:27 PM,-0.10
10100,4/17/2025 6:09:28 PM,0.00
10100,4/17/2025 6:09:32 PM,0.00
10100,4/17/2025 6:09:33 PM,-0.10
10100,4/17/2025 6:09:34 PM,0.00
10100,4/17/2025 6:09:35 PM,0.00
10100,4/17/2025 6:09:36 PM,-0.10
10100,4/17/2025 6:09:37 PM,0.00
10100,4/17/2025 6:09:38 PM,0.00
10100,4/17/2025 6:09:39 PM,-0.10
10100,4/17/2025 6:09:43 PM,-0.10
10100,4/17/2025 6:09:44 PM,0.00
10100,4/17/2025 6:09:45 PM,-0.10
10100,4/17/2025 6:09:49 PM,-0.10
10100,4/17/2025 6:09:50 PM,0.00
10100,4/17/2025 6:09:51 PM,0.00
10100,4/17/2025 6:09:52 PM,-0.10
10100,4/17/2025 6:09:54 PM,-0.10
10100,4/17/2025 6:09:55 PM,0.00
10100,4/17/2025 6:09:56 PM,-0.10
10100,4/17/2025 6:11:03 PM,-0.10
10100,4/17/2025 6:11:04 PM,0.00
10100,4/17/2025 6:11:05 PM,0.00
10100,4/17/2025 6:11:06 PM,-0.10
10100,4/17/2025 6:11:13 PM,-0.10
10100,4/17/2025 6:11:14 PM,0.00
10100,4/17/2025 6:11:15 PM,-0.10
10100,4/17/2025 6:11:19 PM,-0.10
10100,4/17/2025 6:11:20 PM,0.00
10100,4/17/2025 6:11:21 PM,-0.10
10100,4/17/2025 6:11:27 PM,-0.10
10100,4/17/2025 6:11:28 PM,0.00
10100,4/17/2025 6:11:29 PM,-0.10
10100,4/17/2025 6:11:30 PM,0.00
10100,4/17/2025 6:11:31 PM,-0.10
10100,4/17/2025 6:11:32 PM,0.00
10100,4/17/2025 6:11:36 PM,0.00
10100,4/17/2025 6:11:37 PM,-0.10
10100,4/17/2025 6:11:38 PM,0.00
10100,4/17/2025 6:11:39 PM,0.00
10100,4/17/2025 6:11:40 PM,-0.10
10100,4/17/2025 6:11:42 PM,-0.10
10100,4/17/2025 6:11:43 PM,0.00
10100,4/17/2025 6:11:45 PM,0.00
10100,4/17/2025 6:11:46 PM,-0.10
10100,4/17/2025 6:11:49 PM,-0.10
10100,4/17/2025 6:11:50 PM,0.00
10100,4/17/2025 6:11:51 PM,-0.10
10100,4/17/2025 6:11:52 PM,-0.10
10100,4/17/2025 6:11:53 PM,0.00
10100,4/17/2025 6:11:54 PM,0.00
10100,4/17/2025 6:11:55 PM,-0.10
10100,4/17/2025 6:11:56 PM,0.00
10100,4/17/2025 6:11:57 PM,0.00
10100,4/17/2025 6:11:58 PM,-0.10
10100,4/17/2025 6:12:01 PM,-0.10
10100,4/17/2025 6:12:01 PM,0.00
10100,4/17/2025 6:12:02 PM,-0.10
10100,4/17/2025 6:12:03 PM,-0.10
10100,4/17/2025 6:12:04 PM,0.00
10100,4/17/2025 6:12:05 PM,-0.10
10100,4/17/2025 6:12:06 PM,-0.10
10100,4/17/2025 6:12:07 PM,0.00
10100,4/17/2025 6:12:08 PM,0.00
10100,4/17/2025 6:12:09 PM,-0.10
10100,4/17/2025 6:12:15 PM,-0.10
10100,4/17/2025 6:12:16 PM,0.00
10100,4/17/2025 6:12:17 PM,-0.10
10100,4/17/2025 6:12:18 PM,-0.10
10100,4/17/2025 6:12:19 PM,0.00
10100,4/17/2025 6:12:20 PM,-0.10
10100,4/17/2025 6:12:21 PM,-0.10
10100,4/17/2025 6:12:22 PM,0.00
10100,4/17/2025 6:12:23 PM,0.00
10100,4/17/2025 6:12:24 PM,-0.10
10100,4/17/2025 6:12:25 PM,-0.10
10100,4/17/2025 6:12:26 PM,0.00
10100,4/17/2025 6:12:27 PM,-0.10
10100,4/17/2025 6:12:37 PM,-0.10
10100,4/17/2025 6:12:38 PM,0.00
10100,4/17/2025 6:12:39 PM,0.00
10100,4/17/2025 6:12:40 PM,-0.10
10100,4/17/2025 6:12:45 PM,-0.10
10100,4/17/2025 6:12:46 PM,0.00
10100,4/17/2025 6:12:47 PM,-0.10
10100,4/17/2025 6:46:54 PM,-0.10
10100,4/17/2025 6:46:55 PM,-0.20
10100,4/17/2025 6:46:56 PM,-0.10
10100,4/17/2025 6:47:02 PM,-0.10
10100,4/17/2025 6:47:03 PM,-0.20
10100,4/17/2025 6:47:04 PM,-0.10
10100,4/17/2025 6:47:18 PM,-0.10
10100,4/17/2025 6:47:19 PM,-0.20
10100,4/17/2025 6:47:20 PM,-0.20
10100,4/17/2025 6:47:21 PM,-0.10
10100,4/17/2025 6:47:26 PM,-0.10
10100,4/17/2025 6:47:27 PM,-0.20
10100,4/17/2025 6:47:28 PM,-0.10
10100,4/17/2025 6:47:33 PM,-0.10
10100,4/17/2025 6:47:34 PM,-0.20
10100,4/17/2025 6:47:36 PM,-0.20
10100,4/17/2025 6:47:37 PM,-0.10
10100,4/17/2025 6:47:38 PM,-0.20
10100,4/17/2025 6:47:39 PM,-0.10
10100,4/17/2025 6:47:40 PM,-0.20
10100,4/17/2025 6:47:41 PM,-0.20
10100,4/17/2025 6:47:42 PM,-0.10
10100,4/17/2025 6:47:43 PM,-0.20
10100,4/17/2025 6:47:50 PM,-0.20
10100,4/17/2025 6:47:51 PM,-0.10
10100,4/17/2025 6:47:52 PM,-0.20
10100,4/17/2025 6:47:53 PM,-0.20
10100,4/17/2025 6:47:54 PM,-0.10
10100,4/17/2025 6:47:55 PM,-0.20
10100,4/17/2025 6:48:01 PM,-0.20
10100,4/17/2025 6:48:02 PM,-0.10
10100,4/17/2025 6:48:03 PM,-0.20
10100,4/17/2025 6:48:04 PM,-0.10
10100,4/17/2025 6:48:05 PM,-0.10
10100,4/17/2025 6:48:06 PM,-0.20
10100,4/17/2025 6:48:08 PM,-0.20
10100,4/17/2025 6:48:09 PM,-0.10
10100,4/17/2025 6:48:10 PM,-0.20
10100,4/17/2025 6:48:13 PM,-0.20
10100,4/17/2025 6:48:14 PM,-0.10
10100,4/17/2025 6:48:15 PM,-0.10
10100,4/17/2025 6:48:16 PM,-0.20
10100,4/17/2025 6:48:17 PM,-0.10
10100,4/17/2025 6:48:18 PM,-0.20
10100,4/17/2025 6:48:19 PM,-0.20
10100,4/17/2025 6:48:20 PM,-0.10
10100,4/17/2025 6:48:21 PM,-0.20
10100,4/17/2025 6:48:22 PM,-0.20
10100,4/17/2025 6:48:23 PM,-0.10
10100,4/17/2025 6:48:24 PM,-0.10
10100,4/17/2025 6:48:25 PM,-0.20
10100,4/17/2025 6:48:26 PM,-0.10
10100,4/17/2025 6:48:27 PM,-0.20
10100,4/17/2025 6:48:28 PM,-0.20
10100,4/17/2025 6:48:29 PM,-0.10
10100,4/17/2025 6:48:30 PM,-0.20
10100,4/17/2025 6:48:31 PM,-0.10
10100,4/17/2025 6:48:32 PM,-0.20
10100,4/17/2025 6:48:35 PM,-0.20
10100,4/17/2025 6:48:36 PM,-0.10
10100,4/17/2025 6:48:37 PM,-0.20
10100,4/17/2025 6:48:39 PM,-0.20
10100,4/17/2025 6:48:40 PM,-0.10
10100,4/17/2025 6:48:41 PM,-0.20
10100,4/17/2025 6:48:43 PM,-0.20
10100,4/17/2025 6:48:44 PM,-0.10
10100,4/17/2025 6:48:45 PM,-0.20
10100,4/17/2025 6:48:46 PM,-0.10
10100,4/17/2025 6:48:47 PM,-0.20
10100,4/17/2025 6:48:48 PM,-0.10
10100,4/17/2025 6:48:50 PM,-0.10
10100,4/17/2025 6:48:51 PM,-0.20
10100,4/17/2025 6:48:52 PM,-0.20
10100,4/17/2025 6:48:53 PM,-0.10
10100,4/17/2025 6:48:54 PM,-0.20
10100,4/17/2025 6:48:55 PM,-0.10
10100,4/17/2025 6:48:56 PM,-0.20
10100,4/17/2025 6:48:57 PM,-0.10
10100,4/17/2025 6:48:59 PM,-0.10
10100,4/17/2025 6:49:01 PM,-0.20
10100,4/17/2025 6:49:01 PM,-0.20
10100,4/17/2025 6:49:02 PM,-0.10
10100,4/17/2025 6:49:03 PM,-0.20
10100,4/17/2025 6:49:05 PM,-0.20
10100,4/17/2025 6:49:06 PM,-0.10
10100,4/17/2025 6:49:07 PM,-0.20
10100,4/17/2025 6:49:08 PM,-0.10
10100,4/17/2025 6:49:09 PM,-0.20
10100,4/17/2025 6:49:10 PM,-0.10
10100,4/17/2025 6:49:15 PM,-0.10
10100,4/17/2025 6:49:16 PM,-0.20
10100,4/17/2025 6:49:17 PM,-0.10
10100,4/17/2025 6:49:18 PM,-0.10
10100,4/17/2025 6:49:19 PM,-0.20
10100,4/17/2025 6:49:20 PM,-0.10
10100,4/17/2025 6:49:22 PM,-0.10
10100,4/17/2025 6:49:23 PM,-0.20
10100,4/17/2025 6:49:24 PM,-0.20
10100,4/17/2025 6:49:25 PM,-0.10
10100,4/17/2025 6:49:26 PM,-0.20
10100,4/17/2025 6:49:27 PM,-0.10
10100,4/17/2025 6:49:28 PM,-0.20
10100,4/17/2025 6:49:29 PM,-0.10
10100,4/17/2025 6:49:33 PM,-0.10
10100,4/17/2025 6:49:34 PM,-0.20
10100,4/17/2025 6:49:35 PM,-0.10
10100,4/17/2025 6:49:36 PM,-0.20
10100,4/17/2025 6:49:37 PM,-0.10
10100,4/17/2025 6:49:38 PM,-0.20
10100,4/17/2025 6:49:39 PM,-0.10
10100,4/17/2025 6:49:40 PM,-0.20
10100,4/17/2025 6:49:41 PM,-0.10
10100,4/17/2025 6:49:42 PM,-0.20
10100,4/17/2025 6:49:47 PM,-0.20
10100,4/17/2025 6:49:48 PM,-0.10
10100,4/17/2025 6:49:49 PM,-0.20
10100,4/17/2025 6:58:15 PM,-0.20
10100,4/17/2025 6:58:16 PM,-0.30
10100,4/17/2025 6:58:17 PM,-0.30
10100,4/17/2025 6:58:18 PM,-0.20
10100,4/17/2025 6:58:19 PM,-0.20
10100,4/17/2025 6:58:20 PM,-0.30
10100,4/17/2025 6:58:21 PM,-0.30
10100,4/17/2025 6:58:22 PM,-0.20
10100,4/17/2025 6:58:23 PM,-0.30
10100,4/17/2025 6:58:24 PM,-0.20
10100,4/17/2025 6:58:25 PM,-0.20
10100,4/17/2025 6:58:26 PM,-0.30
10100,4/17/2025 6:58:30 PM,-0.30
10100,4/17/2025 6:58:31 PM,-0.20
10100,4/17/2025 6:58:32 PM,-0.30
10100,4/17/2025 7:07:28 PM,-0.30
10100,4/17/2025 7:07:29 PM,-0.40
10100,4/17/2025 7:07:30 PM,-0.30
10100,4/17/2025 7:07:31 PM,-0.30
10100,4/17/2025 7:07:32 PM,-0.40
10100,4/17/2025 7:07:33 PM,-0.40
10100,4/17/2025 7:07:34 PM,-0.30
10100,4/17/2025 7:08:01 PM,-0.30
10100,4/17/2025 7:08:01 PM,-0.40
10100,4/17/2025 7:08:02 PM,-0.30
10100,4/17/2025 7:08:03 PM,-0.30
10100,4/17/2025 7:08:04 PM,-0.40
10100,4/17/2025 7:08:05 PM,-0.30
10100,4/17/2025 7:08:06 PM,-0.30
10100,4/17/2025 7:08:07 PM,-0.40
10100,4/17/2025 7:08:08 PM,-0.30
10100,4/17/2025 7:08:13 PM,-0.30
10100,4/17/2025 7:08:14 PM,-0.40
10100,4/17/2025 7:08:15 PM,-0.30
10100,4/17/2025 7:08:16 PM,-0.40
10100,4/17/2025 7:08:17 PM,-0.30
10100,4/17/2025 7:08:18 PM,-0.40
10100,4/17/2025 7:08:19 PM,-0.40
10100,4/17/2025 7:08:20 PM,-0.30
10100,4/17/2025 7:08:21 PM,-0.30
10100,4/17/2025 7:08:22 PM,-0.40
10100,4/17/2025 7:08:23 PM,-0.30
10100,4/17/2025 7:08:24 PM,-0.30
10100,4/17/2025 7:08:25 PM,-0.40
10100,4/17/2025 7:08:29 PM,-0.40
10100,4/17/2025 7:08:30 PM,-0.30
10100,4/17/2025 7:08:31 PM,-0.30
10100,4/17/2025 7:08:32 PM,-0.40
10100,4/17/2025 7:08:42 PM,-0.40
10100,4/17/2025 7:08:43 PM,-0.30
10100,4/17/2025 7:08:44 PM,-0.40
10100,4/17/2025 7:14:25 PM,-0.40
10100,4/17/2025 7:14:26 PM,-0.50
10100,4/17/2025 7:14:27 PM,-0.40
10100,4/17/2025 7:16:40 PM,-0.40
10100,4/17/2025 7:16:41 PM,-0.50
10100,4/17/2025 7:16:42 PM,-0.40
10100,4/17/2025 7:16:43 PM,-0.50
10100,4/17/2025 7:16:44 PM,-0.50
10100,4/17/2025 7:16:45 PM,-0.40
10100,4/17/2025 7:16:46 PM,-0.40
10100,4/17/2025 7:16:47 PM,-0.50
10100,4/17/2025 7:16:48 PM,-0.40
10100,4/17/2025 7:16:49 PM,-0.40
10100,4/17/2025 7:16:50 PM,-0.50
10100,4/17/2025 7:16:51 PM,-0.50
10100,4/17/2025 7:16:52 PM,-0.40
10100,4/17/2025 7:16:53 PM,-0.50
10100,4/17/2025 7:17:21 PM,-0.50
10100,4/17/2025 7:17:22 PM,-0.40
10100,4/17/2025 7:17:23 PM,-0.50
10100,4/17/2025 7:17:29 PM,-0.50
10100,4/17/2025 7:17:30 PM,-0.40
10100,4/17/2025 7:17:31 PM,-0.50
10100,4/17/2025 7:17:32 PM,-0.50
10100,4/17/2025 7:17:33 PM,-0.40
10100,4/17/2025 7:17:34 PM,-0.50
10100,4/17/2025 7:17:36 PM,-0.50
10100,4/17/2025 7:17:37 PM,-0.40
10100,4/17/2025 7:17:38 PM,-0.50
10100,4/17/2025 7:31:46 PM,-0.50
10100,4/17/2025 7:31:47 PM,-0.60
10100,4/17/2025 7:31:48 PM,-0.50
10100,4/17/2025 7:31:49 PM,-0.60
10100,4/17/2025 7:31:50 PM,-0.60
10100,4/17/2025 7:31:51 PM,-0.50
10100,4/17/2025 7:31:52 PM,-0.60
10100,4/17/2025 7:31:53 PM,-0.50
10100,4/17/2025 7:31:54 PM,-0.60
10100,4/17/2025 7:32:01 PM,-0.60
10100,4/17/2025 7:32:01 PM,-0.50
10100,4/17/2025 7:32:02 PM,-0.60
10100,4/17/2025 7:35:32 PM,-0.60
10100,4/17/2025 7:35:33 PM,-0.70
10100,4/17/2025 7:35:34 PM,-0.60
10100,4/17/2025 7:35:35 PM,-0.70
10100,4/17/2025 7:35:36 PM,-0.60
10100,4/17/2025 7:35:37 PM,-0.60
10100,4/17/2025 7:35:38 PM,-0.70
10100,4/17/2025 7:35:39 PM,-0.60
10100,4/17/2025 7:35:40 PM,-0.60
10100,4/17/2025 7:35:41 PM,-0.70
10100,4/17/2025 7:35:42 PM,-0.60
10100,4/17/2025 7:35:43 PM,-0.70
10100,4/17/2025 7:35:44 PM,-0.60
10100,4/17/2025 7:35:45 PM,-0.60
10100,4/17/2025 7:35:46 PM,-0.70
10100,4/17/2025 7:35:50 PM,-0.70
10100,4/17/2025 7:35:51 PM,-0.60
10100,4/17/2025 7:35:52 PM,-0.70
10100,4/17/2025 7:35:53 PM,-0.60
10100,4/17/2025 7:35:54 PM,-0.70
10100,4/17/2025 7:35:57 PM,-0.70
10100,4/17/2025 7:35:58 PM,-0.60
10100,4/17/2025 7:35:59 PM,-0.70
10100,4/17/2025 7:36:01 PM,-0.60
10100,4/17/2025 7:36:01 PM,-0.70
10100,4/17/2025 7:36:09 PM,-0.70
10100,4/17/2025 7:36:10 PM,-0.60
10100,4/17/2025 7:36:11 PM,-0.60
10100,4/17/2025 7:36:12 PM,-0.70
10100,4/17/2025 7:36:14 PM,-0.70
10100,4/17/2025 7:36:15 PM,-0.60
10100,4/17/2025 7:36:16 PM,-0.70
10100,4/17/2025 7:36:17 PM,-0.60
10100,4/17/2025 7:36:21 PM,-0.60
10100,4/17/2025 7:36:22 PM,-0.70
10100,4/17/2025 7:36:23 PM,-0.70
10100,4/17/2025 7:36:24 PM,-0.60
10100,4/17/2025 7:36:29 PM,-0.60
10100,4/17/2025 7:36:30 PM,-0.70
10100,4/17/2025 7:36:31 PM,-0.60
10100,4/17/2025 7:36:40 PM,-0.60
10100,4/17/2025 7:36:41 PM,-0.70
10100,4/17/2025 7:36:42 PM,-0.60
10100,4/17/2025 7:52:52 PM,-0.60
10100,4/17/2025 7:52:53 PM,-0.70
10100,4/17/2025 7:52:54 PM,-0.60
10100,4/17/2025 7:52:55 PM,-0.70
10100,4/17/2025 7:52:56 PM,-0.60
10100,4/17/2025 7:52:59 PM,-0.60
10100,4/17/2025 7:53:01 PM,-0.70
10100,4/17/2025 7:53:03 PM,-0.70
10100,4/17/2025 7:53:04 PM,-0.60
10100,4/17/2025 7:53:05 PM,-0.70
10100,4/17/2025 7:53:06 PM,-0.60
10100,4/17/2025 7:53:07 PM,-0.70
10100,4/17/2025 7:53:08 PM,-0.70
10100,4/17/2025 7:53:09 PM,-0.60
10100,4/17/2025 7:53:10 PM,-0.70
10100,4/17/2025 7:53:11 PM,-0.60
10100,4/17/2025 7:53:12 PM,-0.70
10100,4/17/2025 7:53:13 PM,-0.60
10100,4/17/2025 7:53:16 PM,-0.60
10100,4/17/2025 7:53:17 PM,-0.70
10100,4/17/2025 7:53:18 PM,-0.60
10100,4/17/2025 7:53:36 PM,-0.60
10100,4/17/2025 7:53:37 PM,-0.70
10100,4/17/2025 7:53:38 PM,-0.70
10100,4/17/2025 7:53:38 PM,-0.60
10100,4/17/2025 7:53:39 PM,-0.70
10100,4/17/2025 7:53:40 PM,-0.60
10100,4/17/2025 7:53:48 PM,-0.60
10100,4/17/2025 7:53:49 PM,-0.70
10100,4/17/2025 7:53:50 PM,-0.60
10100,4/17/2025 7:53:51 PM,-0.60
10100,4/17/2025 7:53:52 PM,-0.70
10100,4/17/2025 7:53:53 PM,-0.60
10100,4/17/2025 7:53:54 PM,-0.70
10100,4/17/2025 7:53:55 PM,-0.60
10100,4/17/2025 7:53:59 PM,-0.60
10100,4/17/2025 7:54:01 PM,-0.70
10100,4/17/2025 7:54:01 PM,-0.60
10100,4/17/2025 7:54:07 PM,-0.60
10100,4/17/2025 7:54:08 PM,-0.70
10100,4/17/2025 7:54:09 PM,-0.60
10100,4/17/2025 7:54:10 PM,-0.60
10100,4/17/2025 7:54:11 PM,-0.70
10100,4/17/2025 7:54:12 PM,-0.60
10100,4/17/2025 7:56:22 PM,-0.60
10100,4/17/2025 7:56:23 PM,-0.70
10100,4/17/2025 7:56:24 PM,-0.60
10100,4/17/2025 7:56:33 PM,-0.60
10100,4/17/2025 7:56:34 PM,-0.70
10100,4/17/2025 7:56:37 PM,-0.70
10100,4/17/2025 7:56:38 PM,-0.60
10100,4/17/2025 7:56:39 PM,-0.70
10100,4/17/2025 7:56:40 PM,-0.60
10100,4/17/2025 7:56:41 PM,-0.70
10100,4/17/2025 7:56:42 PM,-0.70
10100,4/17/2025 7:56:43 PM,-0.60
10100,4/17/2025 7:56:44 PM,-0.70
10100,4/17/2025 7:57:09 PM,-0.70
10100,4/17/2025 7:57:11 PM,-0.60
10100,4/17/2025 7:57:11 PM,-0.70
10100,4/17/2025 7:57:37 PM,-0.70
10100,4/17/2025 7:57:38 PM,-0.60
10100,4/17/2025 7:57:39 PM,-0.70
10100,4/17/2025 7:57:46 PM,-0.70
10100,4/17/2025 7:57:47 PM,-0.60
10100,4/17/2025 7:57:48 PM,-0.70
10100,4/17/2025 7:57:49 PM,-0.70
10100,4/17/2025 7:57:50 PM,-0.60
10100,4/17/2025 7:57:51 PM,-0.70
10100,4/17/2025 7:57:54 PM,-0.70
10100,4/17/2025 7:57:55 PM,-0.60
10100,4/17/2025 7:57:56 PM,-0.60
10100,4/17/2025 7:57:57 PM,-0.70
10100,4/17/2025 7:57:58 PM,-0.60
10100,4/17/2025 7:59:27 PM,-0.60
10100,4/17/2025 7:59:28 PM,-0.70
10100,4/17/2025 7:59:29 PM,-0.60
10100,4/17/2025 7:59:30 PM,-0.60
10100,4/17/2025 7:59:31 PM,-0.70
10100,4/17/2025 7:59:32 PM,-0.60
10100,4/17/2025 7:59:43 PM,-0.60
10100,4/17/2025 7:59:44 PM,-0.70
10100,4/17/2025 7:59:45 PM,-0.60
10100,4/17/2025 7:59:48 PM,-0.60
10100,4/17/2025 7:59:49 PM,-0.70
10100,4/17/2025 7:59:50 PM,-0.60
10100,4/17/2025 7:59:51 PM,-0.70
10100,4/17/2025 7:59:52 PM,-0.60
10100,4/17/2025 7:59:53 PM,-0.70
10100,4/17/2025 7:59:54 PM,-0.60
10100,4/17/2025 7:59:55 PM,-0.70
10100,4/17/2025 7:59:56 PM,-0.60
10100,4/17/2025 7:59:57 PM,-0.70
10100,4/17/2025 8:00:01 PM,-0.70
10100,4/17/2025 8:00:02 PM,-0.60
10100,4/17/2025 8:00:03 PM,-0.70
10100,4/17/2025 8:00:07 PM,-0.70
10100,4/17/2025 8:00:08 PM,-0.60
10100,4/17/2025 8:00:09 PM,-0.70
10100,4/17/2025 8:00:12 PM,-0.70
10100,4/17/2025 8:00:13 PM,-0.60
10100,4/17/2025 8:00:14 PM,-0.70
10100,4/17/2025 8:07:05 PM,-0.70
10100,4/17/2025 8:07:06 PM,-0.80
10100,4/17/2025 8:07:07 PM,-0.70
10100,4/17/2025 8:07:08 PM,-0.70
10100,4/17/2025 8:07:09 PM,-0.80
10100,4/17/2025 8:07:10 PM,-0.70
10100,4/17/2025 8:07:11 PM,-0.80
10100,4/17/2025 8:07:12 PM,-0.70
10100,4/17/2025 8:07:13 PM,-0.70
10100,4/17/2025 8:07:14 PM,-0.80
10100,4/17/2025 8:07:15 PM,-0.70
10100,4/17/2025 8:11:58 PM,-0.70
10100,4/17/2025 8:11:59 PM,-0.80
10100,4/17/2025 8:12:01 PM,-0.70
10100,4/17/2025 8:12:03 PM,-0.70
10100,4/17/2025 8:12:04 PM,-0.80
10100,4/17/2025 8:12:05 PM,-0.70
10100,4/17/2025 8:12:06 PM,-0.80
10100,4/17/2025 8:12:07 PM,-0.70
10100,4/17/2025 8:12:08 PM,-0.80
10100,4/17/2025 8:12:09 PM,-0.70
10100,4/17/2025 8:12:10 PM,-0.80
10100,4/17/2025 8:18:15 PM,-0.80
10100,4/17/2025 8:18:16 PM,-0.70
10100,4/17/2025 8:18:17 PM,-0.80
10100,4/17/2025 8:18:19 PM,-0.80
10100,4/17/2025 8:18:20 PM,-0.70
10100,4/17/2025 8:18:21 PM,-0.80
10100,4/17/2025 8:18:22 PM,-0.80
10100,4/17/2025 8:18:23 PM,-0.70
10100,4/17/2025 8:18:24 PM,-0.70
10100,4/17/2025 8:18:25 PM,-0.80
10100,4/17/2025 8:18:26 PM,-0.80
10100,4/17/2025 8:18:27 PM,-0.70
10100,4/17/2025 8:18:28 PM,-0.70
10100,4/17/2025 8:18:29 PM,-0.80
10100,4/17/2025 8:18:30 PM,-0.80
10100,4/17/2025 8:18:31 PM,-0.70
10100,4/17/2025 8:18:32 PM,-0.80
10100,4/17/2025 8:18:33 PM,-0.70
10100,4/17/2025 8:18:34 PM,-0.80
10100,4/17/2025 8:18:35 PM,-0.70
10100,4/17/2025 8:18:38 PM,-0.70
10100,4/17/2025 8:18:39 PM,-0.80
10100,4/17/2025 8:18:40 PM,-0.80
10100,4/17/2025 8:18:41 PM,-0.70
10100,4/17/2025 8:18:43 PM,-0.70
10100,4/17/2025 8:18:44 PM,-0.80
10100,4/17/2025 8:18:45 PM,-0.80
10100,4/17/2025 8:18:46 PM,-0.70
10100,4/17/2025 8:18:47 PM,-0.80
10100,4/17/2025 8:18:52 PM,-0.80
10100,4/17/2025 8:18:53 PM,-0.70
10100,4/17/2025 8:18:54 PM,-0.80
10100,4/17/2025 8:18:55 PM,-0.70
10100,4/17/2025 8:18:56 PM,-0.80
10100,4/17/2025 8:19:01 PM,-0.80
10100,4/17/2025 8:19:02 PM,-0.70
10100,4/17/2025 8:19:03 PM,-0.80
10100,4/17/2025 8:20:08 PM,-0.80
10100,4/17/2025 8:20:09 PM,-0.70
10100,4/17/2025 8:20:10 PM,-0.80
10100,4/17/2025 8:20:11 PM,-0.80
10100,4/17/2025 8:20:12 PM,-0.70
10100,4/17/2025 8:20:13 PM,-0.80
10100,4/17/2025 8:20:14 PM,-0.70
10100,4/17/2025 8:20:15 PM,-0.70
10100,4/17/2025 8:20:16 PM,-0.80
10100,4/17/2025 8:20:17 PM,-0.70
10100,4/17/2025 8:20:30 PM,-0.70
10100,4/17/2025 8:20:31 PM,-0.80
10100,4/17/2025 8:20:32 PM,-0.70
10100,4/17/2025 8:22:23 PM,-0.70
10100,4/17/2025 8:22:24 PM,-0.80
10100,4/17/2025 8:22:25 PM,-0.80
10100,4/17/2025 8:22:26 PM,-0.70
10100,4/17/2025 8:22:27 PM,-0.70
10100,4/17/2025 8:22:28 PM,-0.80
10100,4/17/2025 8:22:29 PM,-0.70
10100,4/17/2025 8:22:33 PM,-0.70
10100,4/17/2025 8:22:34 PM,-0.80
10100,4/17/2025 8:35:43 PM,-0.80
10100,4/17/2025 8:35:44 PM,-0.90
10100,4/17/2025 8:35:45 PM,-0.90
10100,4/17/2025 8:35:46 PM,-0.80
10100,4/17/2025 8:35:47 PM,-0.90
10100,4/17/2025 8:40:55 PM,-0.90
10100,4/17/2025 8:40:56 PM,-1.00
10100,4/17/2025 8:40:57 PM,-1.00
10100,4/17/2025 8:40:58 PM,-0.90
10100,4/17/2025 8:40:59 PM,-1.00
10100,4/17/2025 8:41:03 PM,-1.00
10100,4/17/2025 8:41:04 PM,-0.90
10100,4/17/2025 8:41:05 PM,-1.00
10100,4/17/2025 8:42:22 PM,-1.00
10100,4/17/2025 8:42:23 PM,-0.90
10100,4/17/2025 8:42:24 PM,-1.00
10100,4/17/2025 8:42:43 PM,-1.00
10100,4/17/2025 8:42:44 PM,-0.90
10100,4/17/2025 8:42:45 PM,-1.00
10100,4/17/2025 8:42:46 PM,-0.90
10100,4/17/2025 8:42:48 PM,-0.90
10100,4/17/2025 8:42:49 PM,-1.00
10100,4/17/2025 8:42:50 PM,-1.00
10100,4/17/2025 8:42:51 PM,-0.90
10100,4/17/2025 8:49:30 PM,-0.90
10100,4/17/2025 8:49:31 PM,-1.00
10100,4/17/2025 8:49:32 PM,-0.90
10100,4/17/2025 8:49:39 PM,-0.90
10100,4/17/2025 8:49:40 PM,-1.00
10100,4/17/2025 8:49:41 PM,-0.90
10100,4/17/2025 8:49:43 PM,-0.90
10100,4/17/2025 8:49:44 PM,-1.00
10100,4/17/2025 8:49:45 PM,-0.90
10100,4/17/2025 8:49:46 PM,-1.00
10100,4/17/2025 8:49:47 PM,-0.90
10100,4/17/2025 8:49:49 PM,-0.90
10100,4/17/2025 8:49:50 PM,-1.00
10100,4/17/2025 8:49:51 PM,-1.00
10100,4/17/2025 8:49:52 PM,-0.90
10100,4/17/2025 8:49:53 PM,-1.00
10100,4/17/2025 8:56:50 PM,-1.00
10100,4/17/2025 8:56:51 PM,-1.10
10100,4/17/2025 8:56:52 PM,-1.00
10100,4/17/2025 8:57:01 PM,-1.00
10100,4/17/2025 8:57:02 PM,-1.10
10100,4/17/2025 8:57:03 PM,-1.10
10100,4/17/2025 8:57:04 PM,-1.00
10100,4/17/2025 8:57:05 PM,-1.10
10100,4/17/2025 8:57:06 PM,-1.00
10100,4/17/2025 8:57:07 PM,-1.10
10100,4/17/2025 8:57:08 PM,-1.10
10100,4/17/2025 8:57:09 PM,-1.00
10100,4/17/2025 8:57:10 PM,-1.00
10100,4/17/2025 8:57:11 PM,-1.10
10100,4/17/2025 8:57:25 PM,-1.10
10100,4/17/2025 8:57:26 PM,-1.00
10100,4/17/2025 8:57:27 PM,-1.10
10100,4/17/2025 9:06:30 PM,-1.10
10100,4/17/2025 9:06:31 PM,-1.00
10100,4/17/2025 9:06:32 PM,-1.10
10100,4/17/2025 9:06:33 PM,-1.10
10100,4/17/2025 9:06:34 PM,-1.00
10100,4/17/2025 9:12:49 PM,-1.00
10100,4/17/2025 9:12:50 PM,-0.90
10100,4/17/2025 9:12:51 PM,-1.00
10100,4/17/2025 9:12:55 PM,-1.00
10100,4/17/2025 9:12:56 PM,-0.90
10100,4/17/2025 9:12:57 PM,-0.90
10100,4/17/2025 9:12:58 PM,-1.00
10100,4/17/2025 9:13:01 PM,-1.00
10100,4/17/2025 9:13:01 PM,-0.90
10100,4/17/2025 9:13:03 PM,-0.90
10100,4/17/2025 9:13:04 PM,-1.00
10100,4/17/2025 9:13:05 PM,-0.90
10100,4/17/2025 9:17:38 PM,-0.90
10100,4/17/2025 9:17:39 PM,-1.00
10100,4/17/2025 9:17:40 PM,-1.00
10100,4/17/2025 9:17:41 PM,-0.90
10100,4/17/2025 9:17:45 PM,-0.90
10100,4/17/2025 9:17:46 PM,-1.00
10100,4/17/2025 9:17:47 PM,-0.90
10100,4/17/2025 9:18:36 PM,-0.90
10100,4/17/2025 9:18:37 PM,-1.00
10100,4/17/2025 9:18:40 PM,-1.00
10100,4/17/2025 9:18:41 PM,-0.90
10100,4/17/2025 9:18:42 PM,-1.00
10100,4/17/2025 9:18:53 PM,-1.00
10100,4/17/2025 9:18:54 PM,-0.90
10100,4/17/2025 9:18:55 PM,-0.90
10100,4/17/2025 9:18:56 PM,-1.00
10100,4/17/2025 9:19:09 PM,-1.00
10100,4/17/2025 9:19:10 PM,-0.90
10100,4/17/2025 9:19:11 PM,-1.00
10100,4/17/2025 9:20:27 PM,-1.00
10100,4/17/2025 9:20:28 PM,-0.90
10100,4/17/2025 9:20:29 PM,-1.00
10100,4/17/2025 9:20:32 PM,-1.00
10100,4/17/2025 9:20:33 PM,-0.90
10100,4/17/2025 9:20:34 PM,-1.00
10100,4/17/2025 9:20:36 PM,-1.00
10100,4/17/2025 9:20:37 PM,-0.90
10100,4/17/2025 9:20:38 PM,-1.00
10100,4/17/2025 9:20:39 PM,-0.90
10100,4/17/2025 9:20:40 PM,-1.00
10100,4/17/2025 9:20:41 PM,-1.00
10100,4/17/2025 9:20:42 PM,-0.90
10100,4/17/2025 9:20:44 PM,-0.90
10100,4/17/2025 9:20:45 PM,-1.00
10100,4/17/2025 9:20:46 PM,-1.00
10100,4/17/2025 9:20:47 PM,-0.90
10100,4/17/2025 9:20:48 PM,-0.90
10100,4/17/2025 9:20:49 PM,-1.00
10100,4/17/2025 9:20:50 PM,-0.90
10100,4/17/2025 9:20:51 PM,-0.90
10100,4/17/2025 9:20:52 PM,-1.00
10100,4/17/2025 9:20:53 PM,-0.90
10100,4/17/2025 9:20:56 PM,-0.90
10100,4/17/2025 9:20:57 PM,-1.00
10100,4/17/2025 9:20:58 PM,-1.00
10100,4/17/2025 9:20:59 PM,-0.90
10100,4/17/2025 9:21:26 PM,-0.90
10100,4/17/2025 9:21:27 PM,-1.00
10100,4/17/2025 9:21:28 PM,-0.90
10100,4/17/2025 9:21:29 PM,-1.00
10100,4/17/2025 9:21:30 PM,-0.90
10100,4/17/2025 9:21:33 PM,-0.90
10100,4/17/2025 9:21:34 PM,-1.00
10100,4/17/2025 9:21:35 PM,-0.90
10100,4/17/2025 9:21:38 PM,-0.90
10100,4/17/2025 9:21:39 PM,-1.00
10100,4/17/2025 9:21:40 PM,-0.90
10100,4/17/2025 9:21:41 PM,-1.00
10100,4/17/2025 9:21:42 PM,-0.90
10100,4/17/2025 9:21:43 PM,-1.00
10100,4/17/2025 9:21:44 PM,-1.00
10100,4/17/2025 9:21:45 PM,-0.90
10100,4/17/2025 9:21:50 PM,-0.90
10100,4/17/2025 9:21:51 PM,-1.00
10100,4/17/2025 9:21:52 PM,-0.90
10100,4/17/2025 9:22:10 PM,-0.90
10100,4/17/2025 9:22:11 PM,-1.00
10100,4/17/2025 9:22:12 PM,-0.90
10100,4/17/2025 9:22:24 PM,-0.90
10100,4/17/2025 9:22:25 PM,-1.00
10100,4/17/2025 9:22:26 PM,-0.90
10100,4/17/2025 9:22:30 PM,-0.90
10100,4/17/2025 9:22:31 PM,-1.00
10100,4/17/2025 9:22:32 PM,-0.90
10100,4/17/2025 9:22:34 PM,-0.90
10100,4/17/2025 9:22:35 PM,-1.00
10100,4/17/2025 9:22:36 PM,-0.90
10100,4/17/2025 9:22:43 PM,-0.90
10100,4/17/2025 9:22:44 PM,-1.00
10100,4/17/2025 9:22:47 PM,-1.00
10100,4/17/2025 9:22:48 PM,-0.90
10100,4/17/2025 9:22:49 PM,-1.00
10100,4/17/2025 9:22:50 PM,-1.00
10100,4/17/2025 9:22:51 PM,-0.90
10100,4/17/2025 9:22:52 PM,-1.00
10100,4/17/2025 9:22:56 PM,-1.00
10100,4/17/2025 9:22:57 PM,-0.90
10100,4/17/2025 9:22:58 PM,-1.00
10100,4/17/2025 9:23:11 PM,-1.00
10100,4/17/2025 9:23:12 PM,-0.90
10100,4/17/2025 9:23:13 PM,-1.00
10100,4/17/2025 9:25:38 PM,-1.00
10100,4/17/2025 9:25:39 PM,-0.90
10100,4/17/2025 9:25:40 PM,-1.00
10100,4/17/2025 9:25:50 PM,-1.00
10100,4/17/2025 9:25:51 PM,-0.90
10100,4/17/2025 9:25:52 PM,-1.00
10100,4/17/2025 9:26:34 PM,-1.00
10100,4/17/2025 9:26:35 PM,-0.90
10100,4/17/2025 9:26:36 PM,-1.00
10100,4/17/2025 9:26:38 PM,-1.00
10100,4/17/2025 9:26:39 PM,-0.90
10100,4/17/2025 9:26:40 PM,-1.00
10100,4/17/2025 9:26:46 PM,-1.00
10100,4/17/2025 9:26:47 PM,-0.90
10100,4/17/2025 9:26:48 PM,-1.00
10100,4/17/2025 9:26:49 PM,-1.00
10100,4/17/2025 9:26:50 PM,-0.90
10100,4/17/2025 9:26:54 PM,-0.90
10100,4/17/2025 9:26:55 PM,-1.00
10100,4/17/2025 9:26:56 PM,-1.00
10100,4/17/2025 9:26:57 PM,-0.90
10100,4/17/2025 9:26:58 PM,-0.90
10100,4/17/2025 9:26:59 PM,-1.00
10100,4/17/2025 9:27:01 PM,-0.90
10100,4/17/2025 9:27:02 PM,-0.90
10100,4/17/2025 9:27:03 PM,-1.00
10100,4/17/2025 9:27:04 PM,-0.90
10100,4/17/2025 9:27:05 PM,-1.00
10100,4/17/2025 9:27:06 PM,-0.90
10100,4/17/2025 9:27:07 PM,-1.00
10100,4/17/2025 9:27:08 PM,-0.90
10100,4/17/2025 9:27:09 PM,-0.90
10100,4/17/2025 9:27:10 PM,-1.00
10100,4/17/2025 9:27:11 PM,-0.90
10100,4/17/2025 9:27:16 PM,-0.90
10100,4/17/2025 9:27:17 PM,-1.00
10100,4/17/2025 9:27:18 PM,-0.90
10100,4/17/2025 9:27:19 PM,-1.00
10100,4/17/2025 9:27:20 PM,-0.90
10100,4/17/2025 9:27:24 PM,-0.90
10100,4/17/2025 9:27:25 PM,-1.00
10100,4/17/2025 9:27:26 PM,-0.90
10100,4/17/2025 9:27:27 PM,-0.90
10100,4/17/2025 9:27:28 PM,-1.00
10100,4/17/2025 9:27:30 PM,-1.00
10100,4/17/2025 9:27:31 PM,-0.90
10100,4/17/2025 9:27:32 PM,-1.00
10100,4/17/2025 9:27:36 PM,-1.00
10100,4/17/2025 9:27:37 PM,-0.90
10100,4/17/2025 9:27:38 PM,-0.90
10100,4/17/2025 9:27:39 PM,-1.00
10100,4/17/2025 9:37:01 PM,-1.00
10100,4/17/2025 9:37:01 PM,-1.10
10100,4/17/2025 9:37:03 PM,-1.10
10100,4/17/2025 9:37:04 PM,-1.00
10100,4/17/2025 9:37:05 PM,-1.10
10100,4/17/2025 9:37:06 PM,-1.00
10100,4/17/2025 9:37:07 PM,-1.10
10100,4/17/2025 10:01:26 PM,-1.10
10100,4/17/2025 10:01:27 PM,-1.00
10100,4/17/2025 10:01:28 PM,-1.10
10100,4/17/2025 10:01:30 PM,-1.10
10100,4/17/2025 10:01:31 PM,-1.00
10100,4/17/2025 10:01:32 PM,-1.10
10100,4/17/2025 10:01:46 PM,-1.10
10100,4/17/2025 10:01:47 PM,-1.00
10100,4/17/2025 10:01:48 PM,-1.10
10100,4/17/2025 10:01:57 PM,-1.10
10100,4/17/2025 10:01:58 PM,-1.00
10100,4/17/2025 10:01:59 PM,-1.00
10100,4/17/2025 10:02:01 PM,-1.10
10100,4/17/2025 10:02:01 PM,-1.10
10100,4/17/2025 10:02:02 PM,-1.00
10100,4/17/2025 10:02:03 PM,-1.10
10100,4/17/2025 10:02:04 PM,-1.10
10100,4/17/2025 10:02:05 PM,-1.00
10100,4/17/2025 10:02:06 PM,-1.10
10100,4/17/2025 10:02:10 PM,-1.10
10100,4/17/2025 10:02:11 PM,-1.00
10100,4/17/2025 10:02:12 PM,-1.10
10100,4/17/2025 10:02:13 PM,-1.10
10100,4/17/2025 10:02:14 PM,-1.00
10100,4/17/2025 10:02:16 PM,-1.00
10100,4/17/2025 10:02:17 PM,-1.10
10100,4/17/2025 10:02:18 PM,-1.00
10100,4/17/2025 10:02:19 PM,-1.00
10100,4/17/2025 10:02:20 PM,-1.10
10100,4/17/2025 10:02:21 PM,-1.00
10100,4/17/2025 10:02:22 PM,-1.10
10100,4/17/2025 10:02:23 PM,-1.00
10100,4/17/2025 10:02:24 PM,-1.00
10100,4/17/2025 10:02:25 PM,-1.10
10100,4/17/2025 10:02:26 PM,-1.00
10100,4/17/2025 10:02:27 PM,-1.10
10100,4/17/2025 10:02:28 PM,-1.00
10100,4/17/2025 10:04:06 PM,-1.00
10100,4/17/2025 10:04:07 PM,-1.10
10100,4/17/2025 10:04:08 PM,-1.10
10100,4/17/2025 10:04:09 PM,-1.00
10100,4/17/2025 10:04:14 PM,-1.00
10100,4/17/2025 10:04:15 PM,-1.10
10100,4/17/2025 10:04:16 PM,-1.00
10100,4/17/2025 10:04:17 PM,-1.10
10100,4/17/2025 10:04:19 PM,-1.10
10100,4/17/2025 10:04:20 PM,-1.00
10100,4/17/2025 10:04:21 PM,-1.10
10100,4/17/2025 10:04:22 PM,-1.00
10100,4/17/2025 10:04:23 PM,-1.10
10100,4/17/2025 10:09:12 PM,-1.10
10100,4/17/2025 10:09:13 PM,-1.20
10100,4/17/2025 10:09:14 PM,-1.20
10100,4/17/2025 10:09:15 PM,-1.10
10100,4/17/2025 10:09:17 PM,-1.10
10100,4/17/2025 10:09:18 PM,-1.20
10100,4/17/2025 10:09:19 PM,-1.10
10100,4/17/2025 10:09:21 PM,-1.10
10100,4/17/2025 10:09:22 PM,-1.20
10100,4/17/2025 10:09:23 PM,-1.20
10100,4/17/2025 10:09:24 PM,-1.10
10100,4/17/2025 10:09:30 PM,-1.10
10100,4/17/2025 10:09:31 PM,-1.20
10100,4/17/2025 10:09:32 PM,-1.10
10100,4/17/2025 10:09:33 PM,-1.10
10100,4/17/2025 10:09:34 PM,-1.20
10100,4/17/2025 10:09:35 PM,-1.10
10100,4/17/2025 10:12:41 PM,-1.10
10100,4/17/2025 10:12:42 PM,-1.00
10100,4/17/2025 10:12:43 PM,-1.10
10100,4/17/2025 10:12:44 PM,-1.00
10100,4/17/2025 10:12:46 PM,-1.00
10100,4/17/2025 10:12:47 PM,-1.10
10100,4/17/2025 10:12:48 PM,-1.00
10100,4/17/2025 10:12:49 PM,-1.00
10100,4/17/2025 10:12:50 PM,-1.10
10100,4/17/2025 10:12:51 PM,-1.00
10100,4/17/2025 10:13:01 PM,-1.00
10100,4/17/2025 10:13:01 PM,-1.10
10100,4/17/2025 10:13:02 PM,-1.00
10100,4/17/2025 10:13:10 PM,-1.00
10100,4/17/2025 10:13:11 PM,-1.10
10100,4/17/2025 10:13:12 PM,-1.00
10100,4/17/2025 10:15:05 PM,-1.00
10100,4/17/2025 10:15:06 PM,-1.10
10100,4/17/2025 10:15:07 PM,-1.00
10100,4/17/2025 10:15:10 PM,-1.00
10100,4/17/2025 10:15:11 PM,-1.10
10100,4/17/2025 10:15:12 PM,-1.10
10100,4/17/2025 10:15:13 PM,-1.00
10100,4/17/2025 10:15:14 PM,-1.10
10100,4/17/2025 10:15:15 PM,-1.00
10100,4/17/2025 10:15:16 PM,-1.10
10100,4/17/2025 10:15:17 PM,-1.00
10100,4/17/2025 10:15:18 PM,-1.10
10100,4/17/2025 10:15:48 PM,-1.10
10100,4/17/2025 10:15:49 PM,-1.00
10100,4/17/2025 10:15:50 PM,-1.10
10100,4/17/2025 10:15:55 PM,-1.10
10100,4/17/2025 10:15:56 PM,-1.00
10100,4/17/2025 10:15:57 PM,-1.10
10100,4/17/2025 10:15:58 PM,-1.00
10100,4/17/2025 10:15:59 PM,-1.10
10100,4/17/2025 10:16:01 PM,-1.00
10100,4/17/2025 10:16:01 PM,-1.10
10100,4/17/2025 10:16:02 PM,-1.00
10100,4/17/2025 10:16:03 PM,-1.10
10100,4/17/2025 10:16:04 PM,-1.00
10100,4/17/2025 10:17:50 PM,-1.00
10100,4/17/2025 10:17:51 PM,-1.10
10100,4/17/2025 10:17:52 PM,-1.00
10100,4/17/2025 10:17:55 PM,-1.00
10100,4/17/2025 10:17:56 PM,-1.10
10100,4/17/2025 10:19:19 PM,-1.10
10100,4/17/2025 10:19:20 PM,-1.00
10100,4/17/2025 10:19:21 PM,-1.10
10100,4/17/2025 10:19:22 PM,-1.00
10100,4/17/2025 10:34:48 PM,-1.00
10100,4/17/2025 10:34:49 PM,-0.90
10100,4/17/2025 10:34:50 PM,-1.00
10100,4/17/2025 10:34:54 PM,-1.00
10100,4/17/2025 10:34:55 PM,-0.90
10100,4/17/2025 10:34:56 PM,-1.00
10100,4/17/2025 10:34:58 PM,-1.00
10100,4/17/2025 10:34:59 PM,-0.90
10100,4/17/2025 11:04:19 PM,-0.90
10100,4/17/2025 11:04:20 PM,-0.80
10100,4/17/2025 11:04:21 PM,-0.90
10100,4/17/2025 11:04:23 PM,-0.90
10100,4/17/2025 11:04:24 PM,-0.80
10100,4/17/2025 11:04:25 PM,-0.90
10100,4/17/2025 11:04:26 PM,-0.80
10100,4/17/2025 11:04:27 PM,-0.90
10100,4/17/2025 11:04:28 PM,-0.90
10100,4/17/2025 11:04:29 PM,-0.80
10100,4/17/2025 11:06:51 PM,-0.80
10100,4/17/2025 11:06:52 PM,-0.70
10100,4/17/2025 11:06:53 PM,-0.80
10100,4/17/2025 11:07:08 PM,-0.80
10100,4/17/2025 11:07:09 PM,-0.70
10100,4/17/2025 11:07:10 PM,-0.70
10100,4/17/2025 11:07:11 PM,-0.80
10100,4/17/2025 11:07:12 PM,-0.70
10100,4/17/2025 11:07:16 PM,-0.70
10100,4/17/2025 11:07:17 PM,-0.80
10100,4/17/2025 11:07:18 PM,-0.70
10100,4/17/2025 11:07:35 PM,-0.70
10100,4/17/2025 11:07:36 PM,-0.80
10100,4/17/2025 11:07:37 PM,-0.70
10100,4/17/2025 11:12:51 PM,-0.70
10100,4/17/2025 11:12:52 PM,-0.60
10100,4/17/2025 11:12:53 PM,-0.70
10100,4/17/2025 11:12:55 PM,-0.70
10100,4/17/2025 11:12:56 PM,-0.60
10100,4/17/2025 11:12:57 PM,-0.60
10100,4/17/2025 11:12:58 PM,-0.70
10100,4/17/2025 11:12:59 PM,-0.70
10100,4/17/2025 11:13:01 PM,-0.70
10100,4/17/2025 11:13:01 PM,-0.60
10100,4/17/2025 11:13:02 PM,-0.60
10100,4/17/2025 11:13:07 PM,-0.60
10100,4/17/2025 11:13:08 PM,-0.70
10100,4/17/2025 11:13:09 PM,-0.60
10100,4/17/2025 11:15:01 PM,-0.60
10100,4/17/2025 11:15:02 PM,-0.50
10100,4/17/2025 11:18:44 PM,-0.50
10100,4/17/2025 11:18:45 PM,-0.40
10100,4/17/2025 11:18:46 PM,-0.50
10100,4/17/2025 11:18:47 PM,-0.40
10100,4/17/2025 11:18:48 PM,-0.50
10100,4/17/2025 11:18:56 PM,-0.50
10100,4/17/2025 11:18:57 PM,-0.40
10100,4/17/2025 11:18:58 PM,-0.50
10100,4/17/2025 11:18:59 PM,-0.50
10100,4/17/2025 11:19:01 PM,-0.40
10100,4/17/2025 11:19:01 PM,-0.40
10100,4/17/2025 11:19:02 PM,-0.50
10100,4/17/2025 11:19:03 PM,-0.50
10100,4/17/2025 11:19:04 PM,-0.40
10100,4/17/2025 11:19:07 PM,-0.40
10100,4/17/2025 11:19:08 PM,-0.50
10100,4/17/2025 11:19:09 PM,-0.40
10100,4/17/2025 11:19:11 PM,-0.40
10100,4/17/2025 11:19:12 PM,-0.50
10100,4/17/2025 11:19:13 PM,-0.50
10100,4/17/2025 11:19:14 PM,-0.40
10100,4/17/2025 11:22:36 PM,-0.40
10100,4/17/2025 11:22:37 PM,-0.30
10100,4/17/2025 11:22:38 PM,-0.40
10100,4/17/2025 11:22:39 PM,-0.30
10100,4/17/2025 11:22:40 PM,-0.40
10100,4/17/2025 11:22:43 PM,-0.40
10100,4/17/2025 11:22:44 PM,-0.30
10100,4/17/2025 11:22:47 PM,-0.30
10100,4/17/2025 11:22:48 PM,-0.40
10100,4/17/2025 11:22:49 PM,-0.40
10100,4/17/2025 11:22:50 PM,-0.30
10100,4/17/2025 11:27:45 PM,-0.30
10100,4/17/2025 11:27:46 PM,-0.20
10100,4/17/2025 11:27:47 PM,-0.30
10100,4/17/2025 11:27:48 PM,-0.20
10100,4/17/2025 11:27:49 PM,-0.30
10100,4/17/2025 11:27:50 PM,-0.30
10100,4/17/2025 11:27:51 PM,-0.20
10100,4/17/2025 11:27:53 PM,-0.20
10100,4/17/2025 11:27:54 PM,-0.30
10100,4/17/2025 11:27:55 PM,-0.20
10100,4/17/2025 11:27:56 PM,-0.30
10100,4/17/2025 11:27:57 PM,-0.20
10100,4/17/2025 11:27:58 PM,-0.30
10100,4/17/2025 11:27:59 PM,-0.30
10100,4/17/2025 11:28:01 PM,-0.20
10100,4/17/2025 11:28:02 PM,-0.20
10100,4/17/2025 11:28:03 PM,-0.30
10100,4/17/2025 11:28:05 PM,-0.30
10100,4/17/2025 11:28:06 PM,-0.20
10100,4/17/2025 11:28:11 PM,-0.20
10100,4/17/2025 11:28:12 PM,-0.30
10100,4/17/2025 11:28:13 PM,-0.20
10100,4/17/2025 11:28:15 PM,-0.20
10100,4/17/2025 11:28:16 PM,-0.30
10100,4/17/2025 11:28:17 PM,-0.20
10100,4/17/2025 11:28:20 PM,-0.20
10100,4/17/2025 11:28:21 PM,-0.30
10100,4/17/2025 11:28:22 PM,-0.20
10100,4/17/2025 11:35:10 PM,-0.20
10100,4/17/2025 11:35:11 PM,-0.10
10100,4/17/2025 11:35:12 PM,-0.10
10100,4/17/2025 11:35:13 PM,-0.20
10100,4/17/2025 11:35:14 PM,-0.10
10100,4/17/2025 11:35:15 PM,-0.20
10100,4/17/2025 11:35:16 PM,-0.10
10100,4/17/2025 11:35:17 PM,-0.20
10100,4/17/2025 11:35:18 PM,-0.20
10100,4/17/2025 11:35:19 PM,-0.10
10100,4/17/2025 11:35:21 PM,-0.10
10100,4/17/2025 11:35:22 PM,-0.20
10100,4/17/2025 11:35:23 PM,-0.20
10100,4/17/2025 11:35:24 PM,-0.10
10100,4/17/2025 11:35:25 PM,-0.10
10100,4/17/2025 11:35:26 PM,-0.20
10100,4/17/2025 11:35:29 PM,-0.20
10100,4/17/2025 11:35:30 PM,-0.10
10100,4/17/2025 11:35:32 PM,-0.10
10100,4/17/2025 11:35:33 PM,-0.20
10100,4/17/2025 11:35:34 PM,-0.10
10100,4/17/2025 11:35:36 PM,-0.10
10100,4/17/2025 11:35:37 PM,-0.20
10100,4/17/2025 11:35:38 PM,-0.10
10100,4/17/2025 11:35:40 PM,-0.10
10100,4/17/2025 11:35:41 PM,-0.20
10100,4/17/2025 11:35:42 PM,-0.10
10100,4/17/2025 11:35:47 PM,-0.10
10100,4/17/2025 11:35:48 PM,-0.20
10100,4/17/2025 11:35:49 PM,-0.20
10100,4/17/2025 11:35:50 PM,-0.10
10100,4/17/2025 11:35:57 PM,-0.10
10100,4/17/2025 11:35:58 PM,-0.20
10100,4/17/2025 11:35:59 PM,-0.10
10100,4/17/2025 11:48:38 PM,-0.10
10100,4/17/2025 11:48:39 PM,0.00
10100,4/17/2025 11:48:40 PM,0.00
10100,4/17/2025 11:48:41 PM,-0.10
10100,4/17/2025 11:48:43 PM,-0.10
10100,4/17/2025 11:48:44 PM,0.00
10100,4/17/2025 11:48:45 PM,-0.10
10100,4/17/2025 11:48:47 PM,-0.10
10100,4/17/2025 11:48:48 PM,0.00
10100,4/17/2025 11:48:49 PM,-0.10
10100,4/17/2025 11:48:50 PM,0.00
10100,4/17/2025 11:48:51 PM,-0.10
10100,4/17/2025 11:48:58 PM,-0.10
10100,4/17/2025 11:48:59 PM,0.00
10100,4/17/2025 11:49:01 PM,-0.10
10100,4/17/2025 11:49:01 PM,0.00
10100,4/17/2025 11:49:02 PM,-0.10
10100,4/17/2025 11:49:04 PM,-0.10
10100,4/17/2025 11:49:05 PM,0.00
10100,4/17/2025 11:49:06 PM,-0.10
10100,4/17/2025 11:49:07 PM,0.00
10100,4/17/2025 11:49:08 PM,-0.10
10100,4/17/2025 11:49:12 PM,-0.10
10100,4/17/2025 11:49:13 PM,0.00
10100,4/17/2025 11:49:15 PM,0.00
10100,4/17/2025 11:49:16 PM,-0.10
10100,4/17/2025 11:49:17 PM,-0.10
10100,4/17/2025 11:49:18 PM,0.00
10100,4/17/2025 11:49:19 PM,0.00
10100,4/17/2025 11:49:20 PM,-0.10
10100,4/17/2025 11:49:21 PM,0.00
10100,4/17/2025 11:49:22 PM,-0.10
10100,4/17/2025 11:49:23 PM,0.00
10100,4/17/2025 11:49:24 PM,-0.10
10100,4/17/2025 11:49:25 PM,0.00
10100,4/17/2025 11:49:26 PM,-0.10
10100,4/17/2025 11:49:27 PM,0.00
10100,4/17/2025 11:49:28 PM,-0.10
10100,4/17/2025 11:49:30 PM,-0.10
10100,4/17/2025 11:49:31 PM,0.00
10100,4/17/2025 11:49:32 PM,-0.10
10100,4/17/2025 11:49:33 PM,-0.10
10100,4/17/2025 11:49:34 PM,0.00
10100,4/17/2025 11:49:46 PM,0.00
10100,4/17/2025 11:49:47 PM,-0.10
10100,4/17/2025 11:49:48 PM,-0.10
10100,4/17/2025 11:49:49 PM,0.00
10100,4/17/2025 11:50:02 PM,0.00
10100,4/17/2025 11:50:03 PM,-0.10
10100,4/17/2025 11:50:04 PM,0.00
10100,4/17/2025 11:50:28 PM,0.00
10100,4/17/2025 11:50:29 PM,-0.10
10100,4/17/2025 11:50:30 PM,0.00
