MagnetometerDeviceID,SampleDateTime,GeoBfieldMeasureNorth,GeoBfieldMeasureEast,GeoBfieldMeasureVertical
50132,5/2/2024 12:00:00 AM,20016.70,486.55,46418.20
50132,5/2/2024 12:00:10 AM,20016.70,486.60,46418.24
50132,5/2/2024 12:00:20 AM,20016.90,486.40,46418.14
50132,5/2/2024 12:00:30 AM,20016.90,486.60,46418.30
50132,5/2/2024 12:00:40 AM,20017.10,486.43,46418.30
50132,5/2/2024 12:00:50 AM,20016.90,486.39,46418.25
50132,5/2/2024 12:01:00 AM,20016.90,486.37,46418.20
50132,5/2/2024 12:01:10 AM,20017.10,486.45,46418.10
50132,5/2/2024 12:01:20 AM,20017.10,486.39,46418.30
50132,5/2/2024 12:01:30 AM,20017.27,486.49,46418.30
50132,5/2/2024 12:01:40 AM,20017.42,486.40,46418.10
50132,5/2/2024 12:01:50 AM,20017.70,486.60,46418.35
50132,5/2/2024 12:02:00 AM,20017.75,486.45,46418.40
50132,5/2/2024 12:02:10 AM,20017.77,486.40,46418.30
50132,5/2/2024 12:02:20 AM,20017.90,486.57,46418.23
50132,5/2/2024 12:02:30 AM,20018.00,486.60,46418.37
50132,5/2/2024 12:02:40 AM,20018.01,486.80,46418.40
50132,5/2/2024 12:02:50 AM,20018.05,486.94,46418.27
50132,5/2/2024 12:03:00 AM,20018.08,487.03,46418.27
50132,5/2/2024 12:03:10 AM,20018.20,487.22,46418.40
50132,5/2/2024 12:03:20 AM,20018.57,487.42,46418.40
50132,5/2/2024 12:03:30 AM,20018.40,487.54,46418.40
50132,5/2/2024 12:03:40 AM,20018.60,487.52,46418.37
50132,5/2/2024 12:03:50 AM,20018.40,487.40,46418.26
50132,5/2/2024 12:04:00 AM,20018.40,487.54,46418.20
50132,5/2/2024 12:04:10 AM,20018.20,487.40,46418.20
50132,5/2/2024 12:04:20 AM,20018.35,487.47,46418.35
50132,5/2/2024 12:04:30 AM,20018.30,487.60,46418.30
50132,5/2/2024 12:04:40 AM,20018.17,487.60,46418.20
50132,5/2/2024 12:04:50 AM,20018.10,487.80,46418.32
50132,5/2/2024 12:05:00 AM,20018.20,488.02,46418.40
50132,5/2/2024 12:05:10 AM,20018.27,488.27,46418.18
50132,5/2/2024 12:05:20 AM,20018.20,488.00,46418.20
50132,5/2/2024 12:05:30 AM,20018.20,488.10,46418.10
50132,5/2/2024 12:05:40 AM,20018.30,488.10,46418.20
50132,5/2/2024 12:05:50 AM,20018.40,488.30,46418.00
50132,5/2/2024 12:06:00 AM,20018.40,488.40,46418.10
50132,5/2/2024 12:06:10 AM,20018.40,488.40,46418.00
50132,5/2/2024 12:06:20 AM,20018.37,488.40,46418.00
50132,5/2/2024 12:06:30 AM,20018.20,488.34,46417.90
50132,5/2/2024 12:06:40 AM,20018.10,488.10,46417.90
50132,5/2/2024 12:06:50 AM,20018.50,488.16,46417.75
50132,5/2/2024 12:07:00 AM,20018.65,488.39,46417.90
50132,5/2/2024 12:07:10 AM,20018.90,488.60,46417.80
50132,5/2/2024 12:07:20 AM,20019.00,488.57,46417.89
50132,5/2/2024 12:07:30 AM,20019.40,488.70,46417.83
50132,5/2/2024 12:07:40 AM,20019.55,488.85,46417.90
50132,5/2/2024 12:07:50 AM,20019.98,489.00,46417.90
50132,5/2/2024 12:08:00 AM,20020.24,489.27,46417.93
50132,5/2/2024 12:08:10 AM,20020.43,489.26,46418.07
50132,5/2/2024 12:08:20 AM,20020.80,489.21,46418.05
50132,5/2/2024 12:08:30 AM,20021.10,489.50,46418.15
50132,5/2/2024 12:08:40 AM,20021.10,489.45,46418.00
50132,5/2/2024 12:08:50 AM,20021.37,489.51,46418.10
50132,5/2/2024 12:09:00 AM,20021.40,489.55,46418.15
50132,5/2/2024 12:09:10 AM,20021.40,489.65,46418.27
50132,5/2/2024 12:09:20 AM,20021.60,489.95,46418.20
50132,5/2/2024 12:09:30 AM,20021.90,490.30,46418.30
50132,5/2/2024 12:09:40 AM,20021.80,490.35,46418.30
50132,5/2/2024 12:09:50 AM,20021.94,490.40,46418.40
50132,5/2/2024 12:10:00 AM,20022.20,490.49,46418.20
50132,5/2/2024 12:10:10 AM,20022.26,490.42,46418.33
50132,5/2/2024 12:10:20 AM,20022.48,490.60,46418.40
50132,5/2/2024 12:10:30 AM,20022.54,490.53,46418.30
50132,5/2/2024 12:10:40 AM,20022.60,490.50,46418.44
50132,5/2/2024 12:10:50 AM,20022.64,490.49,46418.54
50132,5/2/2024 12:11:00 AM,20022.41,490.15,46418.54
50132,5/2/2024 12:11:10 AM,20022.68,489.90,46418.30
50132,5/2/2024 12:11:20 AM,20023.00,490.00,46418.30
50132,5/2/2024 12:11:30 AM,20023.50,490.00,46418.40
50132,5/2/2024 12:11:40 AM,20023.91,490.30,46418.60
50132,5/2/2024 12:11:50 AM,20024.25,490.60,46418.70
50132,5/2/2024 12:12:00 AM,20024.70,490.80,46418.75
50132,5/2/2024 12:12:10 AM,20024.77,490.97,46418.60
50132,5/2/2024 12:12:20 AM,20024.90,491.22,46418.68
50132,5/2/2024 12:12:30 AM,20025.40,491.54,46418.79
50132,5/2/2024 12:12:40 AM,20025.72,491.66,46418.80
50132,5/2/2024 12:12:50 AM,20026.10,492.08,46418.95
50132,5/2/2024 12:13:00 AM,20026.50,492.30,46418.90
50132,5/2/2024 12:13:10 AM,20026.70,492.63,46418.95
50132,5/2/2024 12:13:20 AM,20026.90,492.85,46418.93
50132,5/2/2024 12:13:30 AM,20027.20,493.20,46418.90
50132,5/2/2024 12:13:40 AM,20027.20,493.04,46418.93
50132,5/2/2024 12:13:50 AM,20027.10,493.19,46418.80
50132,5/2/2024 12:14:00 AM,20027.20,493.17,46419.00
50132,5/2/2024 12:14:10 AM,20027.40,493.13,46419.00
50132,5/2/2024 12:14:20 AM,20027.10,493.27,46418.90
50132,5/2/2024 12:14:30 AM,20027.10,493.21,46419.04
50132,5/2/2024 12:14:40 AM,20027.01,493.12,46418.85
50132,5/2/2024 12:14:50 AM,20027.03,492.80,46418.90
50132,5/2/2024 12:15:00 AM,20027.08,492.88,46418.70
50132,5/2/2024 12:15:10 AM,20027.13,492.80,46418.80
50132,5/2/2024 12:15:20 AM,20027.30,492.90,46418.60
50132,5/2/2024 12:15:30 AM,20027.40,493.00,46418.70
50132,5/2/2024 12:15:40 AM,20027.50,493.10,46418.60
50132,5/2/2024 12:15:50 AM,20027.50,492.90,46418.60
50132,5/2/2024 12:16:00 AM,20027.50,493.00,46418.80
50132,5/2/2024 12:16:10 AM,20027.50,492.90,46418.80
50132,5/2/2024 12:16:20 AM,20027.60,492.80,46418.80
50132,5/2/2024 12:16:30 AM,20027.40,492.80,46418.85
50132,5/2/2024 12:16:40 AM,20027.40,492.70,46418.70
50132,5/2/2024 12:16:50 AM,20027.40,492.80,46418.75
50132,5/2/2024 12:17:00 AM,20027.40,492.80,46418.70
50132,5/2/2024 12:17:10 AM,20027.40,492.68,46418.70
50132,5/2/2024 12:17:20 AM,20027.40,492.60,46418.70
50132,5/2/2024 12:17:30 AM,20027.60,492.70,46418.80
50132,5/2/2024 12:17:40 AM,20027.75,492.80,46418.73
50132,5/2/2024 12:17:50 AM,20027.75,493.00,46418.77
50132,5/2/2024 12:18:00 AM,20027.75,493.04,46419.00
50132,5/2/2024 12:18:10 AM,20027.60,493.10,46418.85
50132,5/2/2024 12:18:20 AM,20027.10,493.03,46418.85
50132,5/2/2024 12:18:30 AM,20026.80,492.88,46418.72
50132,5/2/2024 12:18:40 AM,20026.60,492.70,46418.63
50132,5/2/2024 12:18:50 AM,20026.22,492.37,46418.58
50132,5/2/2024 12:19:00 AM,20026.00,492.30,46418.60
50132,5/2/2024 12:19:10 AM,20025.74,491.95,46418.36
50132,5/2/2024 12:19:20 AM,20025.40,491.70,46418.40
50132,5/2/2024 12:19:30 AM,20025.00,491.40,46418.30
50132,5/2/2024 12:19:40 AM,20024.80,491.20,46418.30
50132,5/2/2024 12:19:50 AM,20024.60,491.20,46418.30
50132,5/2/2024 12:20:00 AM,20024.52,491.18,46418.30
50132,5/2/2024 12:20:10 AM,20024.31,491.00,46418.30
50132,5/2/2024 12:20:20 AM,20024.00,490.73,46418.30
50132,5/2/2024 12:20:30 AM,20023.90,490.55,46418.30
50132,5/2/2024 12:20:40 AM,20023.78,490.45,46418.07
50132,5/2/2024 12:20:50 AM,20023.67,490.40,46418.15
50132,5/2/2024 12:21:00 AM,20023.45,490.20,46418.10
50132,5/2/2024 12:21:10 AM,20023.28,490.20,46418.02
50132,5/2/2024 12:21:20 AM,20022.90,489.95,46417.95
50132,5/2/2024 12:21:30 AM,20022.95,489.85,46418.00
50132,5/2/2024 12:21:40 AM,20023.00,489.70,46417.90
50132,5/2/2024 12:21:50 AM,20022.90,489.50,46418.00
50132,5/2/2024 12:22:00 AM,20022.60,489.36,46417.70
50132,5/2/2024 12:22:10 AM,20022.65,489.21,46417.85
50132,5/2/2024 12:22:20 AM,20022.60,489.20,46417.80
50132,5/2/2024 12:22:30 AM,20022.60,489.14,46417.68
50132,5/2/2024 12:22:40 AM,20022.68,489.20,46417.60
50132,5/2/2024 12:22:50 AM,20022.60,489.10,46417.90
50132,5/2/2024 12:23:00 AM,20022.45,488.93,46417.60
50132,5/2/2024 12:23:10 AM,20022.20,488.80,46417.60
50132,5/2/2024 12:23:20 AM,20022.42,488.78,46417.61
50132,5/2/2024 12:23:30 AM,20022.30,488.74,46417.55
50132,5/2/2024 12:23:40 AM,20022.40,488.70,46417.55
50132,5/2/2024 12:23:50 AM,20022.40,488.80,46417.54
50132,5/2/2024 12:24:00 AM,20022.30,488.80,46417.50
50132,5/2/2024 12:24:10 AM,20022.26,488.80,46417.46
50132,5/2/2024 12:24:20 AM,20022.36,488.87,46417.50
50132,5/2/2024 12:24:30 AM,20022.10,488.84,46417.33
50132,5/2/2024 12:24:40 AM,20022.02,488.85,46417.36
50132,5/2/2024 12:24:50 AM,20021.80,488.75,46417.20
50132,5/2/2024 12:25:00 AM,20021.67,488.77,46417.27
50132,5/2/2024 12:25:10 AM,20021.52,488.70,46417.00
50132,5/2/2024 12:25:20 AM,20021.40,488.60,46416.90
50132,5/2/2024 12:25:30 AM,20021.20,488.60,46416.90
50132,5/2/2024 12:25:40 AM,20021.20,488.50,46416.90
50132,5/2/2024 12:25:50 AM,20021.20,488.50,46417.00
50132,5/2/2024 12:26:00 AM,20021.00,488.60,46416.90
50132,5/2/2024 12:26:10 AM,20021.00,488.50,46416.70
50132,5/2/2024 12:26:20 AM,20020.80,488.47,46416.60
50132,5/2/2024 12:26:30 AM,20020.70,488.34,46416.62
50132,5/2/2024 12:26:40 AM,20021.00,488.41,46416.60
50132,5/2/2024 12:26:50 AM,20020.70,488.40,46416.60
50132,5/2/2024 12:27:00 AM,20020.90,488.20,46416.52
50132,5/2/2024 12:27:10 AM,20020.64,488.18,46416.50
50132,5/2/2024 12:27:20 AM,20020.40,488.05,46416.57
50132,5/2/2024 12:27:30 AM,20020.40,488.07,46416.50
50132,5/2/2024 12:27:40 AM,20020.40,487.97,46416.55
50132,5/2/2024 12:27:50 AM,20020.40,488.10,46416.57
50132,5/2/2024 12:28:00 AM,20020.42,488.10,46416.50
50132,5/2/2024 12:28:10 AM,20020.60,488.10,46416.55
50132,5/2/2024 12:28:20 AM,20020.60,488.30,46416.40
50132,5/2/2024 12:28:30 AM,20020.60,488.26,46416.60
50132,5/2/2024 12:28:40 AM,20020.70,488.45,46416.40
50132,5/2/2024 12:28:50 AM,20020.56,488.47,46416.50
50132,5/2/2024 12:29:00 AM,20020.60,488.50,46416.46
50132,5/2/2024 12:29:10 AM,20020.45,488.45,46416.40
50132,5/2/2024 12:29:20 AM,20020.50,488.60,46416.50
50132,5/2/2024 12:29:30 AM,20020.41,488.65,46416.40
50132,5/2/2024 12:29:40 AM,20020.37,488.88,46416.30
50132,5/2/2024 12:29:50 AM,20020.32,488.84,46416.32
50132,5/2/2024 12:30:00 AM,20020.25,489.00,46416.20
50132,5/2/2024 12:30:10 AM,20020.19,488.99,46416.20
50132,5/2/2024 12:30:20 AM,20020.00,488.94,46416.37
50132,5/2/2024 12:30:30 AM,20019.87,488.95,46416.26
50132,5/2/2024 12:30:40 AM,20019.70,488.82,46416.14
50132,5/2/2024 12:30:50 AM,20019.52,488.70,46416.23
50132,5/2/2024 12:31:00 AM,20019.30,488.65,46416.20
50132,5/2/2024 12:31:10 AM,20019.40,488.79,46416.18
50132,5/2/2024 12:31:20 AM,20019.45,488.96,46416.11
50132,5/2/2024 12:31:30 AM,20019.43,489.00,46416.00
50132,5/2/2024 12:31:40 AM,20019.63,489.20,46416.30
50132,5/2/2024 12:31:50 AM,20019.70,489.30,46416.20
50132,5/2/2024 12:32:00 AM,20019.90,489.50,46416.04
50132,5/2/2024 12:32:10 AM,20019.90,489.57,46416.05
50132,5/2/2024 12:32:20 AM,20020.05,489.86,46416.13
50132,5/2/2024 12:32:30 AM,20020.00,490.00,46415.96
50132,5/2/2024 12:32:40 AM,20020.00,490.50,46416.00
50132,5/2/2024 12:32:50 AM,20019.92,490.70,46416.05
50132,5/2/2024 12:33:00 AM,20019.60,490.90,46416.01
50132,5/2/2024 12:33:10 AM,20019.40,490.70,46415.95
50132,5/2/2024 12:33:20 AM,20019.00,490.56,46415.73
50132,5/2/2024 12:33:30 AM,20018.80,490.20,46415.67
50132,5/2/2024 12:33:40 AM,20018.60,490.11,46415.60
50132,5/2/2024 12:33:50 AM,20018.39,490.08,46415.67
50132,5/2/2024 12:34:00 AM,20018.33,490.00,46415.60
50132,5/2/2024 12:34:10 AM,20018.10,489.77,46415.50
50132,5/2/2024 12:34:20 AM,20018.00,489.70,46415.55
50132,5/2/2024 12:34:30 AM,20017.86,489.57,46415.40
50132,5/2/2024 12:34:40 AM,20017.48,489.33,46415.30
50132,5/2/2024 12:34:50 AM,20017.43,489.34,46415.23
50132,5/2/2024 12:35:00 AM,20017.28,489.22,46415.10
50132,5/2/2024 12:35:10 AM,20017.30,489.27,46415.20
50132,5/2/2024 12:35:20 AM,20017.10,489.20,46415.20
50132,5/2/2024 12:35:30 AM,20017.00,489.10,46415.20
50132,5/2/2024 12:35:40 AM,20016.90,489.10,46415.30
50132,5/2/2024 12:35:50 AM,20016.70,489.00,46415.20
50132,5/2/2024 12:36:00 AM,20016.50,488.80,46415.10
50132,5/2/2024 12:36:10 AM,20016.40,488.70,46415.10
50132,5/2/2024 12:36:20 AM,20016.40,488.64,46415.00
50132,5/2/2024 12:36:30 AM,20016.34,488.55,46415.30
50132,5/2/2024 12:36:40 AM,20016.25,488.47,46415.25
50132,5/2/2024 12:36:50 AM,20016.10,488.50,46414.90
50132,5/2/2024 12:37:00 AM,20016.10,488.40,46415.10
50132,5/2/2024 12:37:10 AM,20016.10,488.36,46415.09
50132,5/2/2024 12:37:20 AM,20016.03,488.30,46415.19
50132,5/2/2024 12:37:30 AM,20016.00,488.24,46415.04
50132,5/2/2024 12:37:40 AM,20015.90,488.42,46415.20
50132,5/2/2024 12:37:50 AM,20015.82,488.44,46415.20
50132,5/2/2024 12:38:00 AM,20015.65,488.56,46415.13
50132,5/2/2024 12:38:10 AM,20015.60,488.60,46414.96
50132,5/2/2024 12:38:20 AM,20015.58,488.63,46415.18
50132,5/2/2024 12:38:30 AM,20015.46,488.55,46414.90
50132,5/2/2024 12:38:40 AM,20015.30,488.68,46415.10
50132,5/2/2024 12:38:50 AM,20015.14,488.52,46415.08
50132,5/2/2024 12:39:00 AM,20015.00,488.52,46415.10
50132,5/2/2024 12:39:10 AM,20014.87,488.50,46414.95
50132,5/2/2024 12:39:20 AM,20014.60,488.30,46414.90
50132,5/2/2024 12:39:30 AM,20014.50,488.20,46415.04
50132,5/2/2024 12:39:40 AM,20014.40,488.20,46415.00
50132,5/2/2024 12:39:50 AM,20014.39,488.20,46414.94
50132,5/2/2024 12:40:00 AM,20014.31,488.20,46414.90
50132,5/2/2024 12:40:10 AM,20014.10,488.20,46414.80
50132,5/2/2024 12:40:20 AM,20014.01,488.17,46414.80
50132,5/2/2024 12:40:30 AM,20014.10,488.25,46414.88
50132,5/2/2024 12:40:40 AM,20013.86,488.30,46414.93
50132,5/2/2024 12:40:50 AM,20013.80,488.30,46414.90
50132,5/2/2024 12:41:00 AM,20013.70,488.30,46414.80
50132,5/2/2024 12:41:10 AM,20013.80,488.35,46414.80
50132,5/2/2024 12:41:20 AM,20013.90,488.60,46414.90
50132,5/2/2024 12:41:30 AM,20013.67,488.53,46414.70
50132,5/2/2024 12:41:40 AM,20013.73,488.57,46414.70
50132,5/2/2024 12:41:50 AM,20013.90,488.76,46414.77
50132,5/2/2024 12:42:00 AM,20013.70,488.90,46414.70
50132,5/2/2024 12:42:10 AM,20013.40,488.80,46414.80
50132,5/2/2024 12:42:20 AM,20013.40,488.88,46414.95
50132,5/2/2024 12:42:30 AM,20013.20,488.81,46414.75
50132,5/2/2024 12:42:40 AM,20013.10,488.76,46414.70
50132,5/2/2024 12:42:50 AM,20013.10,488.87,46414.80
50132,5/2/2024 12:43:00 AM,20013.10,488.85,46414.77
50132,5/2/2024 12:43:10 AM,20012.93,488.90,46414.67
50132,5/2/2024 12:43:20 AM,20013.00,488.85,46414.67
50132,5/2/2024 12:43:30 AM,20012.80,488.94,46414.60
50132,5/2/2024 12:43:40 AM,20012.90,488.95,46414.80
50132,5/2/2024 12:43:50 AM,20013.00,488.97,46414.70
50132,5/2/2024 12:44:00 AM,20013.07,488.90,46414.80
50132,5/2/2024 12:44:10 AM,20013.12,488.98,46414.70
50132,5/2/2024 12:44:20 AM,20013.11,489.02,46414.60
50132,5/2/2024 12:44:30 AM,20013.19,488.98,46414.72
50132,5/2/2024 12:44:40 AM,20013.15,489.08,46414.73
50132,5/2/2024 12:44:50 AM,20013.10,489.00,46414.70
50132,5/2/2024 12:45:00 AM,20013.10,489.10,46414.90
50132,5/2/2024 12:45:10 AM,20013.10,489.20,46414.80
50132,5/2/2024 12:45:20 AM,20013.00,489.10,46414.90
50132,5/2/2024 12:45:30 AM,20013.00,489.10,46414.90
50132,5/2/2024 12:45:40 AM,20012.90,489.20,46414.90
50132,5/2/2024 12:45:50 AM,20012.90,489.10,46414.60
50132,5/2/2024 12:46:00 AM,20012.90,489.10,46414.70
50132,5/2/2024 12:46:10 AM,20012.80,489.30,46414.70
50132,5/2/2024 12:46:20 AM,20012.90,489.30,46414.75
50132,5/2/2024 12:46:30 AM,20013.05,489.30,46414.70
50132,5/2/2024 12:46:40 AM,20013.00,489.30,46414.70
50132,5/2/2024 12:46:50 AM,20013.07,489.28,46414.88
50132,5/2/2024 12:47:00 AM,20013.20,489.30,46414.80
50132,5/2/2024 12:47:10 AM,20013.40,489.43,46415.00
50132,5/2/2024 12:47:20 AM,20013.40,489.44,46414.90
50132,5/2/2024 12:47:30 AM,20013.46,489.35,46414.90
50132,5/2/2024 12:47:40 AM,20013.50,489.30,46414.93
50132,5/2/2024 12:47:50 AM,20013.60,489.46,46415.00
50132,5/2/2024 12:48:00 AM,20013.70,489.37,46414.94
50132,5/2/2024 12:48:10 AM,20013.90,489.45,46415.10
50132,5/2/2024 12:48:20 AM,20014.00,489.47,46415.04
50132,5/2/2024 12:48:30 AM,20014.00,489.47,46415.15
50132,5/2/2024 12:48:40 AM,20014.00,489.41,46415.07
50132,5/2/2024 12:48:50 AM,20014.15,489.48,46415.09
50132,5/2/2024 12:49:00 AM,20014.20,489.42,46415.16
50132,5/2/2024 12:49:10 AM,20014.32,489.55,46415.10
50132,5/2/2024 12:49:20 AM,20014.40,489.60,46415.13
50132,5/2/2024 12:49:30 AM,20014.40,489.70,46415.15
50132,5/2/2024 12:49:40 AM,20014.40,489.53,46415.20
50132,5/2/2024 12:49:50 AM,20014.44,489.70,46415.29
50132,5/2/2024 12:50:00 AM,20014.60,489.77,46415.13
50132,5/2/2024 12:50:10 AM,20014.68,489.85,46415.30
50132,5/2/2024 12:50:20 AM,20014.90,490.00,46415.25
50132,5/2/2024 12:50:30 AM,20014.90,490.00,46415.30
50132,5/2/2024 12:50:40 AM,20014.95,490.00,46415.20
50132,5/2/2024 12:50:50 AM,20014.96,490.09,46415.40
50132,5/2/2024 12:51:00 AM,20015.20,490.22,46415.50
50132,5/2/2024 12:51:10 AM,20014.90,490.26,46415.40
50132,5/2/2024 12:51:20 AM,20014.90,490.30,46415.30
50132,5/2/2024 12:51:30 AM,20014.90,490.40,46415.50
50132,5/2/2024 12:51:40 AM,20014.90,490.25,46415.30
50132,5/2/2024 12:51:50 AM,20014.60,490.13,46415.44
50132,5/2/2024 12:52:00 AM,20014.40,490.20,46415.40
50132,5/2/2024 12:52:10 AM,20014.33,490.18,46415.55
50132,5/2/2024 12:52:20 AM,20014.12,490.00,46415.44
50132,5/2/2024 12:52:30 AM,20014.10,490.02,46415.40
50132,5/2/2024 12:52:40 AM,20013.80,489.93,46415.50
50132,5/2/2024 12:52:50 AM,20013.80,489.73,46415.34
50132,5/2/2024 12:53:00 AM,20013.95,489.70,46415.50
50132,5/2/2024 12:53:10 AM,20013.80,489.78,46415.30
50132,5/2/2024 12:53:20 AM,20013.90,489.73,46415.30
50132,5/2/2024 12:53:30 AM,20014.10,489.90,46415.30
50132,5/2/2024 12:53:40 AM,20014.00,489.89,46415.50
50132,5/2/2024 12:53:50 AM,20014.00,489.78,46415.30
50132,5/2/2024 12:54:00 AM,20013.99,489.80,46415.40
50132,5/2/2024 12:54:10 AM,20014.06,489.75,46415.43
50132,5/2/2024 12:54:20 AM,20014.25,489.70,46415.41
50132,5/2/2024 12:54:30 AM,20014.20,489.62,46415.40
50132,5/2/2024 12:54:40 AM,20014.47,489.81,46415.42
50132,5/2/2024 12:54:50 AM,20014.65,489.90,46415.60
50132,5/2/2024 12:55:00 AM,20014.70,489.73,46415.40
50132,5/2/2024 12:55:10 AM,20014.70,489.70,46415.50
50132,5/2/2024 12:55:20 AM,20014.75,489.82,46415.40
50132,5/2/2024 12:55:30 AM,20014.80,489.80,46415.40
50132,5/2/2024 12:55:40 AM,20014.80,489.80,46415.40
50132,5/2/2024 12:55:50 AM,20014.90,489.90,46415.60
50132,5/2/2024 12:56:00 AM,20014.90,489.90,46415.70
50132,5/2/2024 12:56:10 AM,20014.80,489.90,46415.60
50132,5/2/2024 12:56:20 AM,20014.70,489.85,46415.77
50132,5/2/2024 12:56:30 AM,20014.63,489.75,46415.62
50132,5/2/2024 12:56:40 AM,20014.57,489.80,46415.62
50132,5/2/2024 12:56:50 AM,20014.50,489.90,46415.80
50132,5/2/2024 12:57:00 AM,20014.30,489.78,46415.61
50132,5/2/2024 12:57:10 AM,20014.14,489.70,46415.66
50132,5/2/2024 12:57:20 AM,20013.98,489.70,46415.60
50132,5/2/2024 12:57:30 AM,20013.72,489.53,46415.50
50132,5/2/2024 12:57:40 AM,20013.60,489.40,46415.45
50132,5/2/2024 12:57:50 AM,20013.55,489.45,46415.50
50132,5/2/2024 12:58:00 AM,20013.47,489.20,46415.48
50132,5/2/2024 12:58:10 AM,20013.40,489.20,46415.45
50132,5/2/2024 12:58:20 AM,20013.25,489.02,46415.20
50132,5/2/2024 12:58:30 AM,20013.37,489.10,46415.25
50132,5/2/2024 12:58:40 AM,20013.31,489.08,46415.33
50132,5/2/2024 12:58:50 AM,20013.12,488.80,46415.38
50132,5/2/2024 12:59:00 AM,20013.10,488.70,46415.20
50132,5/2/2024 12:59:10 AM,20013.12,488.70,46415.46
50132,5/2/2024 12:59:20 AM,20013.04,488.60,46415.20
50132,5/2/2024 12:59:30 AM,20013.00,488.68,46415.33
50132,5/2/2024 12:59:40 AM,20012.93,488.58,46415.40
50132,5/2/2024 12:59:50 AM,20012.70,488.60,46415.30
50132,5/2/2024 1:00:00 AM,20012.83,488.87,46415.44
50132,5/2/2024 1:00:10 AM,20012.70,488.70,46415.37
50132,5/2/2024 1:00:20 AM,20012.80,489.00,46415.23
50132,5/2/2024 1:00:30 AM,20012.76,488.90,46415.20
50132,5/2/2024 1:00:40 AM,20012.82,488.93,46415.23
50132,5/2/2024 1:00:50 AM,20012.89,489.00,46415.30
50132,5/2/2024 1:01:00 AM,20012.85,489.01,46415.25
50132,5/2/2024 1:01:10 AM,20012.82,489.10,46415.22
50132,5/2/2024 1:01:20 AM,20012.75,489.10,46415.20
50132,5/2/2024 1:01:30 AM,20012.66,489.20,46415.20
50132,5/2/2024 1:01:40 AM,20012.63,489.04,46415.20
50132,5/2/2024 1:01:50 AM,20012.50,488.94,46415.20
50132,5/2/2024 1:02:00 AM,20012.50,488.90,46415.07
50132,5/2/2024 1:02:10 AM,20012.50,488.83,46415.10
50132,5/2/2024 1:02:20 AM,20012.60,488.80,46415.10
50132,5/2/2024 1:02:30 AM,20012.60,488.84,46415.20
50132,5/2/2024 1:02:40 AM,20012.80,488.98,46415.00
50132,5/2/2024 1:02:50 AM,20012.70,488.80,46414.95
50132,5/2/2024 1:03:00 AM,20012.73,488.70,46415.12
50132,5/2/2024 1:03:10 AM,20012.90,488.60,46415.10
50132,5/2/2024 1:03:20 AM,20012.99,488.50,46415.16
50132,5/2/2024 1:03:30 AM,20013.13,488.57,46415.20
50132,5/2/2024 1:03:40 AM,20013.35,488.55,46415.40
50132,5/2/2024 1:03:50 AM,20013.42,488.40,46415.30
50132,5/2/2024 1:04:00 AM,20013.40,488.04,46415.30
50132,5/2/2024 1:04:10 AM,20013.40,487.54,46415.25
50132,5/2/2024 1:04:20 AM,20013.25,487.20,46415.20
50132,5/2/2024 1:04:30 AM,20013.43,487.00,46415.30
50132,5/2/2024 1:04:40 AM,20013.90,486.90,46415.40
50132,5/2/2024 1:04:50 AM,20014.45,487.10,46415.40
50132,5/2/2024 1:05:00 AM,20015.24,487.30,46415.43
50132,5/2/2024 1:05:10 AM,20015.69,487.40,46415.60
50132,5/2/2024 1:05:20 AM,20016.40,487.60,46415.80
50132,5/2/2024 1:05:30 AM,20017.30,488.20,46415.90
50132,5/2/2024 1:05:40 AM,20018.00,488.60,46415.80
50132,5/2/2024 1:05:50 AM,20018.70,489.10,46416.00
50132,5/2/2024 1:06:00 AM,20019.00,489.30,46416.20
50132,5/2/2024 1:06:10 AM,20019.50,489.50,46416.30
50132,5/2/2024 1:06:20 AM,20020.03,489.70,46416.28
50132,5/2/2024 1:06:30 AM,20020.47,489.94,46416.40
50132,5/2/2024 1:06:40 AM,20021.02,490.19,46416.50
50132,5/2/2024 1:06:50 AM,20021.10,490.43,46416.50
50132,5/2/2024 1:07:00 AM,20021.60,490.60,46416.70
50132,5/2/2024 1:07:10 AM,20021.70,490.76,46416.85
50132,5/2/2024 1:07:20 AM,20021.97,490.73,46416.80
50132,5/2/2024 1:07:30 AM,20022.20,490.65,46416.90
50132,5/2/2024 1:07:40 AM,20022.20,490.42,46416.86
50132,5/2/2024 1:07:50 AM,20022.40,490.43,46416.77
50132,5/2/2024 1:08:00 AM,20022.50,490.45,46416.85
50132,5/2/2024 1:08:10 AM,20022.58,490.30,46416.91
50132,5/2/2024 1:08:20 AM,20022.70,490.30,46416.80
50132,5/2/2024 1:08:30 AM,20022.90,490.10,46417.00
50132,5/2/2024 1:08:40 AM,20022.97,489.97,46417.00
50132,5/2/2024 1:08:50 AM,20023.40,489.80,46417.00
50132,5/2/2024 1:09:00 AM,20023.69,489.74,46417.05
50132,5/2/2024 1:09:10 AM,20024.10,489.77,46417.20
50132,5/2/2024 1:09:20 AM,20024.48,489.95,46417.26
50132,5/2/2024 1:09:30 AM,20024.90,490.00,46417.40
50132,5/2/2024 1:09:40 AM,20024.84,489.80,46417.40
50132,5/2/2024 1:09:50 AM,20024.97,489.70,46417.58
50132,5/2/2024 1:10:00 AM,20025.08,489.67,46417.55
50132,5/2/2024 1:10:10 AM,20025.23,489.63,46417.60
50132,5/2/2024 1:10:20 AM,20025.10,489.37,46417.54
50132,5/2/2024 1:10:30 AM,20025.10,489.20,46417.72
50132,5/2/2024 1:10:40 AM,20025.17,489.00,46417.68
50132,5/2/2024 1:10:50 AM,20025.10,488.80,46417.80
50132,5/2/2024 1:11:00 AM,20025.10,488.70,46417.70
50132,5/2/2024 1:11:10 AM,20025.29,488.60,46417.75
50132,5/2/2024 1:11:20 AM,20025.25,488.45,46417.75
50132,5/2/2024 1:11:30 AM,20025.60,488.20,46417.80
50132,5/2/2024 1:11:40 AM,20025.55,488.15,46417.90
50132,5/2/2024 1:11:50 AM,20025.50,488.03,46417.82
50132,5/2/2024 1:12:00 AM,20025.43,487.85,46417.98
50132,5/2/2024 1:12:10 AM,20025.40,487.70,46417.94
50132,5/2/2024 1:12:20 AM,20025.30,487.60,46417.84
50132,5/2/2024 1:12:30 AM,20025.22,487.51,46417.95
50132,5/2/2024 1:12:40 AM,20025.05,487.35,46417.90
50132,5/2/2024 1:12:50 AM,20025.00,487.15,46417.90
50132,5/2/2024 1:13:00 AM,20025.10,487.20,46417.87
50132,5/2/2024 1:13:10 AM,20024.90,486.95,46417.76
50132,5/2/2024 1:13:20 AM,20024.90,486.80,46417.95
50132,5/2/2024 1:13:30 AM,20024.77,486.80,46417.86
50132,5/2/2024 1:13:40 AM,20024.63,486.61,46417.80
50132,5/2/2024 1:13:50 AM,20024.70,486.80,46417.83
50132,5/2/2024 1:14:00 AM,20024.61,486.70,46417.80
50132,5/2/2024 1:14:10 AM,20024.56,486.80,46417.85
50132,5/2/2024 1:14:20 AM,20024.56,486.85,46417.90
50132,5/2/2024 1:14:30 AM,20024.58,486.83,46417.75
50132,5/2/2024 1:14:40 AM,20024.53,487.11,46417.75
50132,5/2/2024 1:14:50 AM,20024.47,487.20,46417.75
50132,5/2/2024 1:15:00 AM,20024.41,487.30,46417.70
50132,5/2/2024 1:15:10 AM,20024.50,487.35,46417.70
50132,5/2/2024 1:15:20 AM,20024.30,487.30,46417.60
50132,5/2/2024 1:15:30 AM,20024.30,487.40,46417.60
50132,5/2/2024 1:15:40 AM,20024.10,487.50,46417.60
50132,5/2/2024 1:15:50 AM,20024.00,487.50,46417.50
50132,5/2/2024 1:16:00 AM,20023.90,487.50,46417.50
50132,5/2/2024 1:16:10 AM,20023.80,487.60,46417.50
50132,5/2/2024 1:16:20 AM,20023.52,487.60,46417.40
50132,5/2/2024 1:16:30 AM,20023.48,487.60,46417.20
50132,5/2/2024 1:16:40 AM,20023.42,487.50,46417.25
50132,5/2/2024 1:16:50 AM,20023.30,487.35,46417.30
50132,5/2/2024 1:17:00 AM,20023.30,487.30,46417.10
50132,5/2/2024 1:17:10 AM,20023.27,487.25,46417.10
50132,5/2/2024 1:17:20 AM,20023.31,487.30,46417.10
50132,5/2/2024 1:17:30 AM,20023.10,487.00,46416.93
50132,5/2/2024 1:17:40 AM,20023.09,486.97,46416.91
50132,5/2/2024 1:17:50 AM,20023.00,486.90,46416.86
50132,5/2/2024 1:18:00 AM,20022.80,486.83,46416.75
50132,5/2/2024 1:18:10 AM,20023.00,486.92,46416.70
50132,5/2/2024 1:18:20 AM,20022.90,486.70,46416.70
50132,5/2/2024 1:18:30 AM,20022.90,486.60,46416.70
50132,5/2/2024 1:18:40 AM,20022.80,486.40,46416.80
50132,5/2/2024 1:18:50 AM,20022.89,486.38,46416.70
50132,5/2/2024 1:19:00 AM,20022.90,486.32,46416.73
50132,5/2/2024 1:19:10 AM,20022.90,486.27,46416.68
50132,5/2/2024 1:19:20 AM,20023.20,486.10,46416.60
50132,5/2/2024 1:19:30 AM,20023.25,485.98,46416.80
50132,5/2/2024 1:19:40 AM,20023.43,485.87,46416.68
50132,5/2/2024 1:19:50 AM,20023.77,486.02,46416.64
50132,5/2/2024 1:20:00 AM,20024.10,486.14,46416.83
50132,5/2/2024 1:20:10 AM,20024.33,486.26,46416.82
50132,5/2/2024 1:20:20 AM,20024.63,486.36,46416.86
50132,5/2/2024 1:20:30 AM,20024.99,486.45,46416.90
50132,5/2/2024 1:20:40 AM,20025.20,486.63,46417.10
50132,5/2/2024 1:20:50 AM,20025.35,486.67,46417.00
50132,5/2/2024 1:21:00 AM,20025.68,486.90,46417.20
50132,5/2/2024 1:21:10 AM,20025.66,486.83,46416.95
50132,5/2/2024 1:21:20 AM,20025.80,486.93,46417.00
50132,5/2/2024 1:21:30 AM,20025.90,486.95,46417.01
50132,5/2/2024 1:21:40 AM,20026.00,487.00,46417.07
50132,5/2/2024 1:21:50 AM,20026.05,486.90,46417.04
50132,5/2/2024 1:22:00 AM,20026.13,486.93,46416.90
50132,5/2/2024 1:22:10 AM,20026.19,487.00,46417.00
50132,5/2/2024 1:22:20 AM,20026.23,486.91,46417.10
50132,5/2/2024 1:22:30 AM,20026.10,487.00,46417.05
50132,5/2/2024 1:22:40 AM,20026.10,486.90,46417.10
50132,5/2/2024 1:22:50 AM,20025.93,486.90,46417.15
50132,5/2/2024 1:23:00 AM,20025.90,486.90,46417.10
50132,5/2/2024 1:23:10 AM,20025.74,486.93,46417.05
50132,5/2/2024 1:23:20 AM,20025.60,486.60,46417.00
50132,5/2/2024 1:23:30 AM,20025.56,486.48,46416.93
50132,5/2/2024 1:23:40 AM,20025.40,486.35,46417.00
50132,5/2/2024 1:23:50 AM,20025.40,486.23,46416.80
50132,5/2/2024 1:24:00 AM,20025.22,486.00,46416.80
50132,5/2/2024 1:24:10 AM,20025.10,485.96,46416.80
50132,5/2/2024 1:24:20 AM,20024.86,485.76,46416.77
50132,5/2/2024 1:24:30 AM,20024.90,485.65,46416.77
50132,5/2/2024 1:24:40 AM,20024.77,485.50,46416.60
50132,5/2/2024 1:24:50 AM,20024.57,485.45,46416.60
50132,5/2/2024 1:25:00 AM,20024.40,485.40,46416.50
50132,5/2/2024 1:25:10 AM,20024.10,485.30,46416.70
50132,5/2/2024 1:25:20 AM,20024.00,485.20,46416.50
50132,5/2/2024 1:25:30 AM,20023.80,485.20,46416.40
50132,5/2/2024 1:25:40 AM,20023.70,485.10,46416.40
50132,5/2/2024 1:25:50 AM,20023.60,485.00,46416.50
50132,5/2/2024 1:26:00 AM,20023.40,484.90,46416.20
50132,5/2/2024 1:26:10 AM,20023.40,484.70,46416.30
50132,5/2/2024 1:26:20 AM,20023.60,484.56,46416.20
50132,5/2/2024 1:26:30 AM,20023.40,484.42,46416.20
50132,5/2/2024 1:26:40 AM,20023.51,484.50,46416.21
50132,5/2/2024 1:26:50 AM,20023.58,484.45,46416.27
50132,5/2/2024 1:27:00 AM,20023.74,484.40,46416.40
50132,5/2/2024 1:27:10 AM,20023.87,484.54,46416.40
50132,5/2/2024 1:27:20 AM,20023.80,484.55,46416.40
50132,5/2/2024 1:27:30 AM,20024.10,484.54,46416.40
50132,5/2/2024 1:27:40 AM,20024.05,484.50,46416.40
50132,5/2/2024 1:27:50 AM,20024.10,484.52,46416.30
50132,5/2/2024 1:28:00 AM,20024.30,484.60,46416.30
50132,5/2/2024 1:28:10 AM,20024.30,484.50,46416.40
50132,5/2/2024 1:28:20 AM,20024.25,484.43,46416.40
50132,5/2/2024 1:28:30 AM,20024.40,484.45,46416.46
50132,5/2/2024 1:28:40 AM,20024.40,484.45,46416.36
50132,5/2/2024 1:28:50 AM,20024.42,484.59,46416.50
50132,5/2/2024 1:29:00 AM,20024.60,484.60,46416.42
50132,5/2/2024 1:29:10 AM,20024.40,484.43,46416.39
50132,5/2/2024 1:29:20 AM,20024.70,484.40,46416.37
50132,5/2/2024 1:29:30 AM,20024.73,484.55,46416.50
50132,5/2/2024 1:29:40 AM,20024.71,484.60,46416.30
50132,5/2/2024 1:29:50 AM,20024.80,484.54,46416.30
50132,5/2/2024 1:30:00 AM,20024.90,484.77,46416.36
50132,5/2/2024 1:30:10 AM,20024.72,484.65,46416.30
50132,5/2/2024 1:30:20 AM,20024.73,484.65,46416.40
50132,5/2/2024 1:30:30 AM,20024.76,484.64,46416.20
50132,5/2/2024 1:30:40 AM,20024.74,484.63,46416.35
50132,5/2/2024 1:30:50 AM,20024.90,484.80,46416.30
50132,5/2/2024 1:31:00 AM,20024.92,484.80,46416.23
50132,5/2/2024 1:31:10 AM,20025.12,484.80,46416.36
50132,5/2/2024 1:31:20 AM,20025.19,484.70,46416.20
50132,5/2/2024 1:31:30 AM,20025.60,484.55,46416.30
50132,5/2/2024 1:31:40 AM,20025.57,484.50,46416.26
50132,5/2/2024 1:31:50 AM,20025.80,484.55,46416.25
50132,5/2/2024 1:32:00 AM,20026.05,484.47,46416.30
50132,5/2/2024 1:32:10 AM,20026.19,484.50,46416.20
50132,5/2/2024 1:32:20 AM,20026.50,484.60,46416.10
50132,5/2/2024 1:32:30 AM,20026.55,484.53,46416.36
50132,5/2/2024 1:32:40 AM,20026.67,484.60,46416.45
50132,5/2/2024 1:32:50 AM,20027.10,484.42,46416.43
50132,5/2/2024 1:33:00 AM,20027.10,484.46,46416.45
50132,5/2/2024 1:33:10 AM,20027.28,484.48,46416.42
50132,5/2/2024 1:33:20 AM,20027.40,484.35,46416.50
50132,5/2/2024 1:33:30 AM,20027.45,484.30,46416.55
50132,5/2/2024 1:33:40 AM,20027.54,484.32,46416.60
50132,5/2/2024 1:33:50 AM,20027.59,484.20,46416.46
50132,5/2/2024 1:34:00 AM,20027.67,484.05,46416.70
50132,5/2/2024 1:34:10 AM,20027.85,484.07,46416.60
50132,5/2/2024 1:34:20 AM,20027.64,483.85,46416.60
50132,5/2/2024 1:34:30 AM,20027.72,483.80,46416.54
50132,5/2/2024 1:34:40 AM,20027.74,483.70,46416.61
50132,5/2/2024 1:34:50 AM,20027.75,483.74,46416.65
50132,5/2/2024 1:35:00 AM,20027.90,483.70,46416.50
50132,5/2/2024 1:35:10 AM,20027.80,483.50,46416.70
50132,5/2/2024 1:35:20 AM,20027.90,483.50,46416.60
50132,5/2/2024 1:35:30 AM,20027.80,483.40,46416.70
50132,5/2/2024 1:35:40 AM,20027.70,483.30,46416.70
50132,5/2/2024 1:35:50 AM,20027.70,483.20,46416.70
50132,5/2/2024 1:36:00 AM,20027.70,483.17,46416.62
50132,5/2/2024 1:36:10 AM,20027.78,483.05,46416.66
50132,5/2/2024 1:36:20 AM,20027.91,483.00,46416.65
50132,5/2/2024 1:36:30 AM,20027.96,482.90,46416.60
50132,5/2/2024 1:36:40 AM,20028.20,482.88,46416.70
50132,5/2/2024 1:36:50 AM,20028.05,482.95,46416.65
50132,5/2/2024 1:37:00 AM,20028.18,482.80,46416.70
50132,5/2/2024 1:37:10 AM,20028.10,482.77,46416.70
50132,5/2/2024 1:37:20 AM,20028.20,482.77,46416.75
50132,5/2/2024 1:37:30 AM,20028.10,482.50,46416.80
50132,5/2/2024 1:37:40 AM,20028.23,482.46,46416.70
50132,5/2/2024 1:37:50 AM,20028.25,482.36,46416.87
50132,5/2/2024 1:38:00 AM,20028.30,482.20,46416.76
50132,5/2/2024 1:38:10 AM,20028.30,482.04,46416.67
50132,5/2/2024 1:38:20 AM,20028.50,482.21,46416.83
50132,5/2/2024 1:38:30 AM,20028.70,482.33,46416.90
50132,5/2/2024 1:38:40 AM,20028.83,482.38,46416.90
50132,5/2/2024 1:38:50 AM,20028.90,482.53,46416.78
50132,5/2/2024 1:39:00 AM,20028.91,482.69,46416.77
50132,5/2/2024 1:39:10 AM,20028.80,482.77,46416.81
50132,5/2/2024 1:39:20 AM,20028.75,482.70,46416.76
50132,5/2/2024 1:39:30 AM,20028.50,482.70,46416.75
50132,5/2/2024 1:39:40 AM,20028.59,482.67,46416.65
50132,5/2/2024 1:39:50 AM,20028.39,482.80,46416.60
50132,5/2/2024 1:40:00 AM,20028.20,482.80,46416.70
50132,5/2/2024 1:40:10 AM,20028.13,482.80,46416.50
50132,5/2/2024 1:40:20 AM,20028.00,482.80,46416.43
50132,5/2/2024 1:40:30 AM,20028.00,483.01,46416.35
50132,5/2/2024 1:40:40 AM,20028.00,483.03,46416.30
50132,5/2/2024 1:40:50 AM,20027.97,483.03,46416.33
50132,5/2/2024 1:41:00 AM,20027.85,483.10,46416.30
50132,5/2/2024 1:41:10 AM,20027.70,483.10,46416.20
50132,5/2/2024 1:41:20 AM,20027.70,483.20,46416.20
50132,5/2/2024 1:41:30 AM,20027.50,482.96,46416.10
50132,5/2/2024 1:41:40 AM,20027.40,483.06,46416.05
50132,5/2/2024 1:41:50 AM,20027.40,483.00,46416.00
50132,5/2/2024 1:42:00 AM,20027.40,482.97,46416.00
50132,5/2/2024 1:42:10 AM,20027.40,483.00,46415.96
50132,5/2/2024 1:42:20 AM,20027.47,482.91,46416.04
50132,5/2/2024 1:42:30 AM,20027.51,482.90,46416.02
50132,5/2/2024 1:42:40 AM,20027.60,482.90,46415.90
50132,5/2/2024 1:42:50 AM,20027.30,482.70,46416.02
50132,5/2/2024 1:43:00 AM,20027.60,482.70,46416.00
50132,5/2/2024 1:43:10 AM,20027.40,482.67,46415.90
50132,5/2/2024 1:43:20 AM,20027.40,482.80,46416.00
50132,5/2/2024 1:43:30 AM,20027.40,482.80,46415.95
50132,5/2/2024 1:43:40 AM,20027.40,482.90,46415.90
50132,5/2/2024 1:43:50 AM,20027.50,482.80,46415.84
50132,5/2/2024 1:44:00 AM,20027.50,482.70,46415.70
50132,5/2/2024 1:44:10 AM,20027.50,482.70,46415.65
50132,5/2/2024 1:44:20 AM,20027.52,482.63,46415.75
50132,5/2/2024 1:44:30 AM,20027.60,482.67,46415.77
50132,5/2/2024 1:44:40 AM,20027.69,482.64,46415.77
50132,5/2/2024 1:44:50 AM,20027.90,482.80,46415.70
50132,5/2/2024 1:45:00 AM,20027.98,482.60,46415.80
50132,5/2/2024 1:45:10 AM,20028.00,482.70,46415.80
50132,5/2/2024 1:45:20 AM,20028.00,482.60,46415.80
50132,5/2/2024 1:45:30 AM,20028.10,482.50,46415.70
50132,5/2/2024 1:45:40 AM,20028.00,482.50,46415.70
50132,5/2/2024 1:45:50 AM,20028.00,482.50,46415.80
50132,5/2/2024 1:46:00 AM,20028.00,482.35,46415.77
50132,5/2/2024 1:46:10 AM,20027.96,482.33,46415.70
50132,5/2/2024 1:46:20 AM,20027.92,482.40,46415.73
50132,5/2/2024 1:46:30 AM,20027.90,482.29,46415.60
50132,5/2/2024 1:46:40 AM,20028.00,482.18,46415.60
50132,5/2/2024 1:46:50 AM,20027.90,482.05,46415.77
50132,5/2/2024 1:47:00 AM,20028.00,482.00,46415.80
50132,5/2/2024 1:47:10 AM,20028.00,482.00,46415.86
50132,5/2/2024 1:47:20 AM,20027.98,481.79,46415.90
50132,5/2/2024 1:47:30 AM,20028.07,481.70,46415.93
50132,5/2/2024 1:47:40 AM,20028.10,481.70,46415.75
50132,5/2/2024 1:47:50 AM,20028.14,481.70,46415.90
50132,5/2/2024 1:48:00 AM,20028.10,481.50,46415.73
50132,5/2/2024 1:48:10 AM,20028.26,481.70,46415.83
50132,5/2/2024 1:48:20 AM,20028.17,481.60,46415.70
50132,5/2/2024 1:48:30 AM,20028.19,481.63,46415.80
50132,5/2/2024 1:48:40 AM,20028.12,481.53,46415.78
50132,5/2/2024 1:48:50 AM,20028.10,481.44,46415.86
50132,5/2/2024 1:49:00 AM,20028.15,481.47,46415.80
50132,5/2/2024 1:49:10 AM,20028.19,481.50,46415.84
50132,5/2/2024 1:49:20 AM,20028.30,481.50,46415.87
50132,5/2/2024 1:49:30 AM,20028.16,481.57,46415.90
50132,5/2/2024 1:49:40 AM,20028.30,481.50,46415.83
50132,5/2/2024 1:49:50 AM,20028.30,481.60,46415.96
50132,5/2/2024 1:50:00 AM,20028.27,481.65,46416.00
50132,5/2/2024 1:50:10 AM,20028.30,481.65,46415.84
50132,5/2/2024 1:50:20 AM,20028.00,481.63,46415.85
50132,5/2/2024 1:50:30 AM,20027.93,481.79,46415.80
50132,5/2/2024 1:50:40 AM,20027.75,481.60,46415.80
50132,5/2/2024 1:50:50 AM,20027.60,481.77,46415.65
50132,5/2/2024 1:51:00 AM,20027.37,481.71,46415.75
50132,5/2/2024 1:51:10 AM,20027.30,481.90,46415.60
50132,5/2/2024 1:51:20 AM,20027.30,482.00,46415.50
50132,5/2/2024 1:51:30 AM,20027.13,481.85,46415.78
50132,5/2/2024 1:51:40 AM,20026.98,481.72,46415.60
50132,5/2/2024 1:51:50 AM,20026.80,481.61,46415.52
50132,5/2/2024 1:52:00 AM,20026.90,481.77,46415.40
50132,5/2/2024 1:52:10 AM,20026.70,481.60,46415.50
50132,5/2/2024 1:52:20 AM,20026.53,481.65,46415.45
50132,5/2/2024 1:52:30 AM,20026.50,481.52,46415.37
50132,5/2/2024 1:52:40 AM,20026.64,481.70,46415.45
50132,5/2/2024 1:52:50 AM,20026.60,481.73,46415.30
50132,5/2/2024 1:53:00 AM,20026.60,481.80,46415.44
50132,5/2/2024 1:53:10 AM,20026.68,481.80,46415.30
50132,5/2/2024 1:53:20 AM,20026.64,481.89,46415.20
50132,5/2/2024 1:53:30 AM,20026.61,482.02,46415.32
50132,5/2/2024 1:53:40 AM,20026.60,482.02,46415.37
50132,5/2/2024 1:53:50 AM,20026.60,482.12,46415.30
50132,5/2/2024 1:54:00 AM,20026.60,482.17,46415.30
50132,5/2/2024 1:54:10 AM,20026.60,482.25,46415.29
50132,5/2/2024 1:54:20 AM,20026.60,482.30,46415.27
50132,5/2/2024 1:54:30 AM,20026.66,482.55,46415.30
50132,5/2/2024 1:54:40 AM,20026.80,482.68,46415.20
50132,5/2/2024 1:54:50 AM,20026.77,482.63,46415.29
50132,5/2/2024 1:55:00 AM,20026.83,482.90,46415.15
50132,5/2/2024 1:55:10 AM,20026.80,483.00,46415.40
50132,5/2/2024 1:55:20 AM,20026.80,483.10,46415.00
50132,5/2/2024 1:55:30 AM,20026.70,483.10,46415.10
50132,5/2/2024 1:55:40 AM,20026.80,483.20,46415.00
50132,5/2/2024 1:55:50 AM,20026.70,483.30,46414.90
50132,5/2/2024 1:56:00 AM,20026.70,483.30,46415.00
50132,5/2/2024 1:56:10 AM,20026.62,483.37,46414.98
50132,5/2/2024 1:56:20 AM,20026.53,483.41,46414.70
50132,5/2/2024 1:56:30 AM,20026.70,483.54,46414.77
50132,5/2/2024 1:56:40 AM,20026.67,483.70,46414.80
50132,5/2/2024 1:56:50 AM,20026.82,483.63,46414.90
50132,5/2/2024 1:57:00 AM,20026.80,483.69,46414.80
50132,5/2/2024 1:57:10 AM,20026.90,483.65,46414.70
50132,5/2/2024 1:57:20 AM,20026.90,483.80,46414.80
50132,5/2/2024 1:57:30 AM,20026.90,483.90,46414.70
50132,5/2/2024 1:57:40 AM,20026.88,483.87,46414.73
50132,5/2/2024 1:57:50 AM,20026.85,483.90,46414.90
50132,5/2/2024 1:58:00 AM,20026.70,483.98,46414.80
50132,5/2/2024 1:58:10 AM,20026.80,484.00,46414.78
50132,5/2/2024 1:58:20 AM,20026.88,484.10,46414.83
50132,5/2/2024 1:58:30 AM,20026.80,483.93,46414.73
50132,5/2/2024 1:58:40 AM,20026.90,483.90,46414.75
50132,5/2/2024 1:58:50 AM,20026.60,483.93,46414.63
50132,5/2/2024 1:59:00 AM,20026.60,483.95,46414.70
50132,5/2/2024 1:59:10 AM,20026.54,483.96,46414.63
50132,5/2/2024 1:59:20 AM,20026.50,484.06,46414.57
50132,5/2/2024 1:59:30 AM,20026.28,484.10,46414.63
50132,5/2/2024 1:59:40 AM,20026.10,484.24,46414.55
50132,5/2/2024 1:59:50 AM,20026.10,484.39,46414.60
50132,5/2/2024 2:00:00 AM,20025.90,484.20,46414.50
50132,5/2/2024 2:00:10 AM,20025.90,484.40,46414.40
50132,5/2/2024 2:00:20 AM,20025.55,484.20,46414.30
50132,5/2/2024 2:00:30 AM,20025.50,484.20,46414.30
50132,5/2/2024 2:00:40 AM,20025.30,484.15,46414.20
50132,5/2/2024 2:00:50 AM,20025.00,484.10,46414.25
50132,5/2/2024 2:01:00 AM,20025.00,484.03,46414.27
50132,5/2/2024 2:01:10 AM,20024.80,484.01,46414.20
50132,5/2/2024 2:01:20 AM,20024.87,484.07,46414.10
50132,5/2/2024 2:01:30 AM,20024.70,484.05,46414.09
50132,5/2/2024 2:01:40 AM,20024.60,483.95,46414.10
50132,5/2/2024 2:01:50 AM,20024.50,484.02,46414.08
50132,5/2/2024 2:02:00 AM,20024.35,484.03,46413.90
50132,5/2/2024 2:02:10 AM,20024.10,483.70,46414.04
50132,5/2/2024 2:02:20 AM,20024.12,483.73,46414.07
50132,5/2/2024 2:02:30 AM,20024.10,483.70,46414.05
50132,5/2/2024 2:02:40 AM,20024.12,483.70,46414.08
50132,5/2/2024 2:02:50 AM,20024.17,483.70,46413.80
50132,5/2/2024 2:03:00 AM,20024.23,483.60,46414.18
50132,5/2/2024 2:03:10 AM,20024.27,483.60,46414.10
50132,5/2/2024 2:03:20 AM,20024.40,483.57,46414.10
50132,5/2/2024 2:03:30 AM,20024.33,483.59,46414.17
50132,5/2/2024 2:03:40 AM,20024.40,483.51,46414.20
50132,5/2/2024 2:03:50 AM,20024.40,483.50,46414.20
50132,5/2/2024 2:04:00 AM,20024.40,483.68,46414.13
50132,5/2/2024 2:04:10 AM,20024.57,483.80,46414.26
50132,5/2/2024 2:04:20 AM,20024.68,483.80,46414.23
50132,5/2/2024 2:04:30 AM,20024.80,483.90,46414.30
50132,5/2/2024 2:04:40 AM,20024.70,483.85,46414.40
50132,5/2/2024 2:04:50 AM,20024.80,483.86,46414.27
50132,5/2/2024 2:05:00 AM,20024.95,483.70,46414.40
50132,5/2/2024 2:05:10 AM,20024.80,483.60,46414.40
50132,5/2/2024 2:05:20 AM,20024.80,483.60,46414.20
50132,5/2/2024 2:05:30 AM,20024.80,483.50,46414.40
50132,5/2/2024 2:05:40 AM,20024.80,483.40,46414.40
50132,5/2/2024 2:05:50 AM,20024.90,483.40,46414.40
50132,5/2/2024 2:06:00 AM,20024.80,483.30,46414.30
50132,5/2/2024 2:06:10 AM,20024.75,483.30,46414.30
50132,5/2/2024 2:06:20 AM,20024.90,483.30,46414.43
50132,5/2/2024 2:06:30 AM,20024.90,483.40,46414.30
50132,5/2/2024 2:06:40 AM,20024.90,483.20,46414.60
50132,5/2/2024 2:06:50 AM,20024.90,483.20,46414.54
50132,5/2/2024 2:07:00 AM,20024.85,483.07,46414.40
50132,5/2/2024 2:07:10 AM,20024.80,483.00,46414.55
50132,5/2/2024 2:07:20 AM,20025.00,483.10,46414.60
50132,5/2/2024 2:07:30 AM,20025.00,482.92,46414.50
50132,5/2/2024 2:07:40 AM,20025.00,483.00,46414.70
50132,5/2/2024 2:07:50 AM,20025.16,482.85,46414.70
50132,5/2/2024 2:08:00 AM,20025.10,482.85,46414.70
50132,5/2/2024 2:08:10 AM,20025.10,482.90,46414.80
50132,5/2/2024 2:08:20 AM,20025.05,482.90,46414.75
50132,5/2/2024 2:08:30 AM,20024.81,483.00,46414.70
50132,5/2/2024 2:08:40 AM,20024.73,482.90,46414.73
50132,5/2/2024 2:08:50 AM,20024.80,483.08,46414.70
50132,5/2/2024 2:09:00 AM,20024.75,482.95,46414.80
50132,5/2/2024 2:09:10 AM,20025.00,483.00,46414.75
50132,5/2/2024 2:09:20 AM,20024.93,482.90,46414.76
50132,5/2/2024 2:09:30 AM,20024.80,482.50,46414.60
50132,5/2/2024 2:09:40 AM,20025.07,482.63,46414.75
50132,5/2/2024 2:09:50 AM,20025.10,482.50,46414.80
50132,5/2/2024 2:10:00 AM,20025.30,482.53,46414.72
50132,5/2/2024 2:10:10 AM,20025.42,482.50,46414.82
50132,5/2/2024 2:10:20 AM,20025.58,482.30,46414.93
50132,5/2/2024 2:10:30 AM,20025.62,482.20,46414.95
50132,5/2/2024 2:10:40 AM,20025.64,482.00,46414.85
50132,5/2/2024 2:10:50 AM,20025.67,482.00,46414.70
50132,5/2/2024 2:11:00 AM,20025.80,481.70,46415.10
50132,5/2/2024 2:11:10 AM,20025.73,481.63,46414.95
50132,5/2/2024 2:11:20 AM,20025.88,481.67,46415.04
50132,5/2/2024 2:11:30 AM,20025.90,481.72,46415.20
50132,5/2/2024 2:11:40 AM,20025.90,481.85,46415.20
50132,5/2/2024 2:11:50 AM,20025.82,481.63,46415.20
50132,5/2/2024 2:12:00 AM,20025.75,481.80,46415.17
50132,5/2/2024 2:12:10 AM,20025.59,481.82,46415.10
50132,5/2/2024 2:12:20 AM,20025.52,481.80,46415.10
50132,5/2/2024 2:12:30 AM,20025.30,481.93,46415.05
50132,5/2/2024 2:12:40 AM,20025.30,481.80,46415.05
50132,5/2/2024 2:12:50 AM,20025.28,481.95,46415.00
50132,5/2/2024 2:13:00 AM,20025.27,481.94,46415.10
50132,5/2/2024 2:13:10 AM,20025.27,481.94,46415.06
50132,5/2/2024 2:13:20 AM,20025.27,482.06,46415.10
50132,5/2/2024 2:13:30 AM,20025.30,482.20,46414.90
50132,5/2/2024 2:13:40 AM,20025.40,482.30,46415.08
50132,5/2/2024 2:13:50 AM,20025.27,482.30,46414.90
50132,5/2/2024 2:14:00 AM,20025.25,482.30,46415.01
50132,5/2/2024 2:14:10 AM,20025.50,482.56,46415.00
50132,5/2/2024 2:14:20 AM,20025.60,482.60,46415.02
50132,5/2/2024 2:14:30 AM,20025.72,482.82,46414.90
50132,5/2/2024 2:14:40 AM,20025.90,482.95,46414.95
50132,5/2/2024 2:14:50 AM,20025.90,483.08,46415.10
50132,5/2/2024 2:15:00 AM,20025.77,483.07,46414.78
50132,5/2/2024 2:15:10 AM,20026.00,483.20,46414.90
50132,5/2/2024 2:15:20 AM,20025.80,483.20,46414.90
50132,5/2/2024 2:15:30 AM,20025.90,483.30,46414.90
50132,5/2/2024 2:15:40 AM,20025.90,483.40,46414.90
50132,5/2/2024 2:15:50 AM,20026.10,483.60,46414.80
50132,5/2/2024 2:16:00 AM,20026.10,483.60,46415.00
50132,5/2/2024 2:16:10 AM,20026.10,483.68,46414.80
50132,5/2/2024 2:16:20 AM,20025.80,483.55,46414.80
50132,5/2/2024 2:16:30 AM,20025.80,483.40,46414.80
50132,5/2/2024 2:16:40 AM,20025.78,483.50,46414.60
50132,5/2/2024 2:16:50 AM,20025.70,483.40,46414.77
50132,5/2/2024 2:17:00 AM,20025.90,483.31,46414.77
50132,5/2/2024 2:17:10 AM,20025.90,483.24,46414.50
50132,5/2/2024 2:17:20 AM,20026.10,483.20,46414.70
50132,5/2/2024 2:17:30 AM,20026.10,483.21,46414.75
50132,5/2/2024 2:17:40 AM,20026.10,483.28,46414.80
50132,5/2/2024 2:17:50 AM,20026.29,483.37,46414.67
50132,5/2/2024 2:18:00 AM,20026.37,483.50,46414.69
50132,5/2/2024 2:18:10 AM,20026.26,483.50,46414.77
50132,5/2/2024 2:18:20 AM,20026.17,483.35,46414.80
50132,5/2/2024 2:18:30 AM,20026.17,483.34,46414.70
50132,5/2/2024 2:18:40 AM,20026.30,483.40,46414.70
50132,5/2/2024 2:18:50 AM,20026.40,483.37,46414.74
50132,5/2/2024 2:19:00 AM,20026.40,483.38,46414.77
50132,5/2/2024 2:19:10 AM,20026.52,483.50,46414.70
50132,5/2/2024 2:19:20 AM,20026.47,483.30,46414.80
50132,5/2/2024 2:19:30 AM,20026.44,483.32,46414.90
50132,5/2/2024 2:19:40 AM,20026.40,483.28,46414.75
50132,5/2/2024 2:19:50 AM,20026.29,483.20,46414.85
50132,5/2/2024 2:20:00 AM,20026.25,483.20,46414.83
50132,5/2/2024 2:20:10 AM,20026.03,483.10,46414.88
50132,5/2/2024 2:20:20 AM,20025.89,483.10,46414.90
50132,5/2/2024 2:20:30 AM,20025.70,483.20,46414.90
50132,5/2/2024 2:20:40 AM,20025.53,483.01,46414.80
50132,5/2/2024 2:20:50 AM,20025.42,483.07,46414.70
50132,5/2/2024 2:21:00 AM,20025.40,482.98,46414.66
50132,5/2/2024 2:21:10 AM,20025.30,482.98,46414.60
50132,5/2/2024 2:21:20 AM,20025.00,483.05,46414.63
50132,5/2/2024 2:21:30 AM,20024.87,483.20,46414.50
50132,5/2/2024 2:21:40 AM,20024.80,483.10,46414.54
50132,5/2/2024 2:21:50 AM,20024.83,483.15,46414.50
50132,5/2/2024 2:22:00 AM,20024.70,483.15,46414.44
50132,5/2/2024 2:22:10 AM,20024.60,483.30,46414.48
50132,5/2/2024 2:22:20 AM,20024.60,483.30,46414.45
50132,5/2/2024 2:22:30 AM,20024.50,483.33,46414.35
50132,5/2/2024 2:22:40 AM,20024.30,483.40,46414.50
50132,5/2/2024 2:22:50 AM,20024.15,483.24,46414.23
50132,5/2/2024 2:23:00 AM,20024.03,483.40,46414.10
50132,5/2/2024 2:23:10 AM,20024.03,483.35,46414.10
50132,5/2/2024 2:23:20 AM,20024.00,483.40,46414.10
50132,5/2/2024 2:23:30 AM,20023.97,483.37,46414.00
50132,5/2/2024 2:23:40 AM,20023.80,483.40,46414.20
50132,5/2/2024 2:23:50 AM,20023.80,483.23,46413.95
50132,5/2/2024 2:24:00 AM,20023.75,483.29,46414.10
50132,5/2/2024 2:24:10 AM,20023.61,483.25,46414.06
50132,5/2/2024 2:24:20 AM,20023.63,483.04,46413.90
50132,5/2/2024 2:24:30 AM,20023.66,483.02,46413.95
50132,5/2/2024 2:24:40 AM,20023.69,483.10,46413.95
50132,5/2/2024 2:24:50 AM,20023.80,483.05,46413.90
50132,5/2/2024 2:25:00 AM,20023.67,482.90,46413.90
50132,5/2/2024 2:25:10 AM,20023.80,483.00,46413.90
50132,5/2/2024 2:25:20 AM,20023.70,482.70,46413.90
50132,5/2/2024 2:25:30 AM,20023.70,482.70,46414.00
50132,5/2/2024 2:25:40 AM,20023.60,482.60,46414.00
50132,5/2/2024 2:25:50 AM,20023.70,482.50,46413.90
50132,5/2/2024 2:26:00 AM,20023.50,482.30,46414.00
50132,5/2/2024 2:26:10 AM,20023.60,482.40,46414.00
50132,5/2/2024 2:26:20 AM,20023.40,482.20,46414.04
50132,5/2/2024 2:26:30 AM,20023.42,482.15,46414.18
50132,5/2/2024 2:26:40 AM,20023.44,482.20,46414.30
50132,5/2/2024 2:26:50 AM,20023.46,482.03,46414.10
50132,5/2/2024 2:27:00 AM,20023.47,481.96,46414.20
50132,5/2/2024 2:27:10 AM,20023.49,481.83,46414.18
50132,5/2/2024 2:27:20 AM,20023.50,481.90,46414.02
50132,5/2/2024 2:27:30 AM,20023.55,481.70,46414.00
50132,5/2/2024 2:27:40 AM,20023.50,481.63,46414.20
50132,5/2/2024 2:27:50 AM,20023.70,481.50,46414.20
50132,5/2/2024 2:28:00 AM,20023.80,481.67,46414.30
50132,5/2/2024 2:28:10 AM,20023.90,481.60,46414.12
50132,5/2/2024 2:28:20 AM,20023.99,481.67,46414.26
50132,5/2/2024 2:28:30 AM,20024.10,481.65,46414.19
50132,5/2/2024 2:28:40 AM,20024.12,481.70,46414.40
50132,5/2/2024 2:28:50 AM,20024.22,481.50,46414.40
50132,5/2/2024 2:29:00 AM,20024.29,481.60,46414.40
50132,5/2/2024 2:29:10 AM,20024.28,481.40,46414.46
50132,5/2/2024 2:29:20 AM,20024.10,481.37,46414.50
50132,5/2/2024 2:29:30 AM,20024.12,481.21,46414.45
50132,5/2/2024 2:29:40 AM,20024.17,481.25,46414.52
50132,5/2/2024 2:29:50 AM,20024.20,481.28,46414.40
50132,5/2/2024 2:30:00 AM,20024.34,481.40,46414.40
50132,5/2/2024 2:30:10 AM,20024.50,481.20,46414.50
50132,5/2/2024 2:30:20 AM,20024.50,481.30,46414.59
50132,5/2/2024 2:30:30 AM,20024.65,481.35,46414.58
50132,5/2/2024 2:30:40 AM,20024.90,481.47,46414.46
50132,5/2/2024 2:30:50 AM,20024.77,481.32,46414.60
50132,5/2/2024 2:31:00 AM,20024.94,481.40,46414.66
50132,5/2/2024 2:31:10 AM,20025.00,481.35,46414.61
50132,5/2/2024 2:31:20 AM,20025.10,481.20,46414.72
50132,5/2/2024 2:31:30 AM,20025.08,481.20,46414.78
50132,5/2/2024 2:31:40 AM,20025.20,481.19,46414.75
50132,5/2/2024 2:31:50 AM,20025.40,481.27,46414.73
50132,5/2/2024 2:32:00 AM,20025.52,481.22,46414.80
50132,5/2/2024 2:32:10 AM,20025.57,481.20,46414.80
50132,5/2/2024 2:32:20 AM,20025.70,481.25,46414.75
50132,5/2/2024 2:32:30 AM,20025.80,481.13,46414.70
50132,5/2/2024 2:32:40 AM,20025.86,481.17,46414.90
50132,5/2/2024 2:32:50 AM,20025.70,481.18,46414.80
50132,5/2/2024 2:33:00 AM,20025.75,481.07,46414.90
50132,5/2/2024 2:33:10 AM,20025.60,481.05,46415.02
50132,5/2/2024 2:33:20 AM,20025.58,481.00,46414.98
50132,5/2/2024 2:33:30 AM,20025.50,480.90,46414.93
50132,5/2/2024 2:33:40 AM,20025.50,480.83,46415.00
50132,5/2/2024 2:33:50 AM,20025.61,480.80,46414.90
50132,5/2/2024 2:34:00 AM,20025.75,480.97,46414.95
50132,5/2/2024 2:34:10 AM,20025.92,481.05,46414.85
50132,5/2/2024 2:34:20 AM,20026.07,481.13,46414.90
50132,5/2/2024 2:34:30 AM,20026.25,481.30,46414.98
50132,5/2/2024 2:34:40 AM,20026.28,481.06,46415.00
50132,5/2/2024 2:34:50 AM,20026.44,481.04,46415.09
50132,5/2/2024 2:35:00 AM,20026.62,481.02,46415.00
50132,5/2/2024 2:35:10 AM,20026.70,480.90,46415.10
50132,5/2/2024 2:35:20 AM,20026.80,480.90,46415.10
50132,5/2/2024 2:35:30 AM,20026.90,480.90,46415.20
50132,5/2/2024 2:35:40 AM,20027.10,480.90,46415.30
50132,5/2/2024 2:35:50 AM,20027.10,480.90,46415.10
50132,5/2/2024 2:36:00 AM,20027.10,480.90,46415.20
50132,5/2/2024 2:36:10 AM,20027.10,480.95,46415.10
50132,5/2/2024 2:36:20 AM,20027.11,480.89,46415.00
50132,5/2/2024 2:36:30 AM,20027.20,480.82,46415.27
50132,5/2/2024 2:36:40 AM,20027.33,480.82,46415.10
50132,5/2/2024 2:36:50 AM,20027.45,480.80,46415.20
50132,5/2/2024 2:37:00 AM,20027.50,480.98,46415.17
50132,5/2/2024 2:37:10 AM,20027.50,480.85,46415.26
50132,5/2/2024 2:37:20 AM,20027.60,480.85,46415.24
50132,5/2/2024 2:37:30 AM,20027.45,480.96,46415.23
50132,5/2/2024 2:37:40 AM,20027.40,480.94,46415.27
50132,5/2/2024 2:37:50 AM,20027.25,480.95,46415.24
50132,5/2/2024 2:38:00 AM,20027.10,480.97,46415.17
50132,5/2/2024 2:38:10 AM,20027.10,480.98,46415.16
50132,5/2/2024 2:38:20 AM,20026.90,481.06,46415.10
50132,5/2/2024 2:38:30 AM,20026.90,481.30,46414.90
50132,5/2/2024 2:38:40 AM,20026.88,481.18,46415.20
50132,5/2/2024 2:38:50 AM,20026.70,480.90,46415.02
50132,5/2/2024 2:39:00 AM,20026.50,481.00,46415.04
50132,5/2/2024 2:39:10 AM,20026.60,480.91,46415.05
50132,5/2/2024 2:39:20 AM,20026.60,480.98,46414.95
50132,5/2/2024 2:39:30 AM,20026.48,480.90,46415.00
50132,5/2/2024 2:39:40 AM,20026.40,481.00,46414.91
50132,5/2/2024 2:39:50 AM,20026.40,480.90,46414.85
50132,5/2/2024 2:40:00 AM,20026.40,480.95,46414.90
50132,5/2/2024 2:40:10 AM,20026.20,480.90,46415.00
50132,5/2/2024 2:40:20 AM,20026.30,481.00,46414.80
50132,5/2/2024 2:40:30 AM,20026.40,481.03,46414.80
50132,5/2/2024 2:40:40 AM,20026.40,481.05,46414.70
50132,5/2/2024 2:40:50 AM,20026.40,480.97,46414.80
50132,5/2/2024 2:41:00 AM,20026.60,481.02,46414.90
50132,5/2/2024 2:41:10 AM,20026.66,480.91,46414.90
50132,5/2/2024 2:41:20 AM,20026.80,480.93,46414.88
50132,5/2/2024 2:41:30 AM,20027.00,481.00,46414.80
50132,5/2/2024 2:41:40 AM,20027.10,481.07,46414.90
50132,5/2/2024 2:41:50 AM,20027.34,481.00,46414.87
50132,5/2/2024 2:42:00 AM,20027.50,480.98,46414.82
50132,5/2/2024 2:42:10 AM,20027.70,481.02,46414.90
50132,5/2/2024 2:42:20 AM,20027.73,481.03,46414.93
50132,5/2/2024 2:42:30 AM,20027.93,481.07,46415.10
50132,5/2/2024 2:42:40 AM,20027.97,481.03,46414.90
50132,5/2/2024 2:42:50 AM,20028.13,481.20,46414.92
50132,5/2/2024 2:43:00 AM,20028.26,481.10,46414.96
50132,5/2/2024 2:43:10 AM,20028.26,481.26,46415.20
50132,5/2/2024 2:43:20 AM,20028.10,481.21,46415.06
50132,5/2/2024 2:43:30 AM,20028.05,481.38,46415.08
50132,5/2/2024 2:43:40 AM,20027.99,481.29,46415.06
50132,5/2/2024 2:43:50 AM,20027.88,481.50,46415.07
50132,5/2/2024 2:44:00 AM,20027.60,481.34,46415.02
50132,5/2/2024 2:44:10 AM,20027.58,481.33,46414.80
50132,5/2/2024 2:44:20 AM,20027.43,481.20,46415.00
50132,5/2/2024 2:44:30 AM,20027.27,481.13,46414.90
50132,5/2/2024 2:44:40 AM,20027.00,481.19,46414.89
50132,5/2/2024 2:44:50 AM,20026.92,481.12,46414.80
50132,5/2/2024 2:45:00 AM,20026.80,481.20,46414.80
50132,5/2/2024 2:45:10 AM,20026.60,481.10,46414.70
50132,5/2/2024 2:45:20 AM,20026.60,481.10,46414.80
50132,5/2/2024 2:45:30 AM,20026.30,481.20,46414.60
50132,5/2/2024 2:45:40 AM,20026.20,481.20,46414.60
50132,5/2/2024 2:45:50 AM,20026.20,481.20,46414.50
50132,5/2/2024 2:46:00 AM,20025.70,481.20,46414.50
50132,5/2/2024 2:46:10 AM,20025.78,481.27,46414.43
50132,5/2/2024 2:46:20 AM,20025.82,481.50,46414.40
50132,5/2/2024 2:46:30 AM,20025.60,481.37,46414.45
50132,5/2/2024 2:46:40 AM,20025.57,481.42,46414.36
50132,5/2/2024 2:46:50 AM,20025.40,481.38,46414.30
50132,5/2/2024 2:47:00 AM,20025.25,481.40,46414.20
50132,5/2/2024 2:47:10 AM,20025.27,481.48,46414.14
50132,5/2/2024 2:47:20 AM,20025.10,481.42,46414.18
50132,5/2/2024 2:47:30 AM,20024.90,481.54,46414.16
50132,5/2/2024 2:47:40 AM,20024.97,481.60,46414.10
50132,5/2/2024 2:47:50 AM,20024.86,481.54,46413.95
50132,5/2/2024 2:48:00 AM,20024.83,481.62,46413.90
50132,5/2/2024 2:48:10 AM,20024.60,481.73,46414.10
50132,5/2/2024 2:48:20 AM,20024.58,481.80,46414.10
50132,5/2/2024 2:48:30 AM,20024.50,481.70,46413.96
50132,5/2/2024 2:48:40 AM,20024.42,481.82,46413.90
50132,5/2/2024 2:48:50 AM,20024.50,481.85,46413.90
50132,5/2/2024 2:49:00 AM,20024.70,481.84,46413.90
50132,5/2/2024 2:49:10 AM,20024.70,481.88,46413.90
50132,5/2/2024 2:49:20 AM,20024.70,481.80,46413.95
50132,5/2/2024 2:49:30 AM,20024.74,481.90,46414.00
50132,5/2/2024 2:49:40 AM,20024.60,481.93,46413.96
50132,5/2/2024 2:49:50 AM,20024.52,481.95,46413.88
50132,5/2/2024 2:50:00 AM,20024.40,481.90,46413.80
50132,5/2/2024 2:50:10 AM,20024.55,481.95,46414.00
50132,5/2/2024 2:50:20 AM,20024.60,482.06,46413.84
50132,5/2/2024 2:50:30 AM,20024.50,482.02,46413.90
50132,5/2/2024 2:50:40 AM,20024.60,482.05,46413.75
50132,5/2/2024 2:50:50 AM,20024.86,482.06,46413.87
50132,5/2/2024 2:51:00 AM,20024.90,482.20,46413.95
50132,5/2/2024 2:51:10 AM,20024.95,482.10,46413.80
50132,5/2/2024 2:51:20 AM,20025.10,482.14,46413.93
50132,5/2/2024 2:51:30 AM,20025.00,482.30,46413.90
50132,5/2/2024 2:51:40 AM,20025.00,482.30,46414.00
50132,5/2/2024 2:51:50 AM,20025.26,482.30,46413.96
50132,5/2/2024 2:52:00 AM,20025.29,482.33,46414.04
50132,5/2/2024 2:52:10 AM,20025.40,482.34,46414.20
50132,5/2/2024 2:52:20 AM,20025.41,482.32,46414.05
50132,5/2/2024 2:52:30 AM,20025.46,482.32,46414.04
50132,5/2/2024 2:52:40 AM,20025.50,482.38,46414.00
50132,5/2/2024 2:52:50 AM,20025.55,482.49,46414.07
50132,5/2/2024 2:53:00 AM,20025.63,482.41,46414.20
50132,5/2/2024 2:53:10 AM,20025.80,482.42,46414.13
50132,5/2/2024 2:53:20 AM,20025.78,482.48,46414.04
50132,5/2/2024 2:53:30 AM,20025.90,482.44,46414.10
50132,5/2/2024 2:53:40 AM,20025.90,482.60,46414.07
50132,5/2/2024 2:53:50 AM,20025.90,482.45,46414.10
50132,5/2/2024 2:54:00 AM,20025.90,482.48,46414.11
50132,5/2/2024 2:54:10 AM,20026.10,482.57,46414.20
50132,5/2/2024 2:54:20 AM,20026.10,482.51,46414.20
50132,5/2/2024 2:54:30 AM,20026.18,482.60,46414.10
50132,5/2/2024 2:54:40 AM,20026.29,482.52,46414.23
50132,5/2/2024 2:54:50 AM,20026.49,482.79,46414.20
50132,5/2/2024 2:55:00 AM,20026.42,482.72,46414.20
50132,5/2/2024 2:55:10 AM,20026.40,482.70,46414.30
50132,5/2/2024 2:55:20 AM,20026.60,482.90,46414.30
50132,5/2/2024 2:55:30 AM,20026.50,482.90,46414.20
50132,5/2/2024 2:55:40 AM,20026.60,482.90,46414.30
50132,5/2/2024 2:55:50 AM,20026.60,482.90,46414.30
50132,5/2/2024 2:56:00 AM,20026.60,483.00,46414.20
50132,5/2/2024 2:56:10 AM,20026.50,482.90,46414.30
50132,5/2/2024 2:56:20 AM,20026.70,482.95,46414.36
50132,5/2/2024 2:56:30 AM,20026.70,482.80,46414.23
50132,5/2/2024 2:56:40 AM,20026.70,482.82,46414.23
50132,5/2/2024 2:56:50 AM,20026.60,482.87,46414.20
50132,5/2/2024 2:57:00 AM,20026.60,482.80,46414.10
50132,5/2/2024 2:57:10 AM,20026.51,482.77,46414.10
50132,5/2/2024 2:57:20 AM,20026.68,482.90,46414.10
50132,5/2/2024 2:57:30 AM,20026.52,482.87,46414.20
50132,5/2/2024 2:57:40 AM,20026.50,482.90,46414.13
50132,5/2/2024 2:57:50 AM,20026.50,483.00,46414.18
50132,5/2/2024 2:58:00 AM,20026.45,482.90,46414.11
50132,5/2/2024 2:58:10 AM,20026.45,482.94,46414.28
50132,5/2/2024 2:58:20 AM,20026.30,482.90,46414.10
50132,5/2/2024 2:58:30 AM,20026.26,482.92,46414.20
50132,5/2/2024 2:58:40 AM,20026.20,483.03,46414.14
50132,5/2/2024 2:58:50 AM,20026.22,483.02,46414.16
50132,5/2/2024 2:59:00 AM,20026.14,483.07,46414.00
50132,5/2/2024 2:59:10 AM,20026.06,483.17,46414.15
50132,5/2/2024 2:59:20 AM,20026.00,483.10,46413.94
50132,5/2/2024 2:59:30 AM,20026.00,483.28,46413.90
50132,5/2/2024 2:59:40 AM,20026.00,483.30,46413.90
50132,5/2/2024 2:59:50 AM,20026.00,483.43,46413.90
50132,5/2/2024 3:00:00 AM,20026.00,483.30,46413.92
50132,5/2/2024 3:00:10 AM,20026.00,483.56,46413.88
50132,5/2/2024 3:00:20 AM,20025.99,483.38,46413.80
50132,5/2/2024 3:00:30 AM,20025.95,483.30,46413.98
50132,5/2/2024 3:00:40 AM,20025.92,483.31,46413.96
50132,5/2/2024 3:00:50 AM,20025.89,483.50,46413.95
50132,5/2/2024 3:01:00 AM,20025.82,483.33,46413.88
50132,5/2/2024 3:01:10 AM,20025.84,483.35,46413.70
50132,5/2/2024 3:01:20 AM,20025.86,483.30,46413.90
50132,5/2/2024 3:01:30 AM,20025.74,483.35,46413.78
50132,5/2/2024 3:01:40 AM,20025.90,483.30,46413.70
50132,5/2/2024 3:01:50 AM,20025.80,483.35,46413.82
50132,5/2/2024 3:02:00 AM,20025.96,483.36,46413.77
50132,5/2/2024 3:02:10 AM,20026.00,483.43,46413.90
50132,5/2/2024 3:02:20 AM,20026.00,483.45,46413.90
50132,5/2/2024 3:02:30 AM,20026.01,483.50,46413.80
50132,5/2/2024 3:02:40 AM,20025.90,483.31,46413.70
50132,5/2/2024 3:02:50 AM,20025.94,483.30,46413.66
50132,5/2/2024 3:03:00 AM,20026.00,483.44,46413.75
50132,5/2/2024 3:03:10 AM,20026.00,483.53,46413.77
50132,5/2/2024 3:03:20 AM,20026.00,483.43,46413.86
50132,5/2/2024 3:03:30 AM,20025.94,483.40,46413.90
50132,5/2/2024 3:03:40 AM,20026.00,483.59,46413.90
50132,5/2/2024 3:03:50 AM,20026.05,483.60,46413.70
50132,5/2/2024 3:04:00 AM,20025.93,483.65,46413.86
50132,5/2/2024 3:04:10 AM,20025.75,483.63,46413.70
50132,5/2/2024 3:04:20 AM,20025.78,483.70,46413.70
50132,5/2/2024 3:04:30 AM,20025.73,483.70,46413.75
50132,5/2/2024 3:04:40 AM,20025.63,483.80,46413.87
50132,5/2/2024 3:04:50 AM,20025.68,483.85,46413.83
50132,5/2/2024 3:05:00 AM,20025.64,483.93,46413.80
50132,5/2/2024 3:05:10 AM,20025.60,483.90,46413.90
50132,5/2/2024 3:05:20 AM,20025.70,483.90,46413.70
50132,5/2/2024 3:05:30 AM,20025.80,483.90,46413.90
50132,5/2/2024 3:05:40 AM,20026.00,483.90,46413.80
50132,5/2/2024 3:05:50 AM,20026.20,483.90,46413.90
50132,5/2/2024 3:06:00 AM,20026.20,483.90,46413.80
50132,5/2/2024 3:06:10 AM,20026.27,483.96,46413.85
50132,5/2/2024 3:06:20 AM,20026.40,483.94,46413.80
50132,5/2/2024 3:06:30 AM,20026.47,483.86,46413.87
50132,5/2/2024 3:06:40 AM,20026.50,483.90,46413.82
50132,5/2/2024 3:06:50 AM,20026.70,483.92,46413.87
50132,5/2/2024 3:07:00 AM,20026.76,484.00,46413.80
50132,5/2/2024 3:07:10 AM,20026.77,484.07,46413.90
50132,5/2/2024 3:07:20 AM,20026.84,484.00,46413.95
50132,5/2/2024 3:07:30 AM,20026.80,484.12,46413.90
50132,5/2/2024 3:07:40 AM,20026.70,484.07,46413.93
50132,5/2/2024 3:07:50 AM,20026.72,484.20,46414.00
50132,5/2/2024 3:08:00 AM,20026.60,484.10,46413.96
50132,5/2/2024 3:08:10 AM,20026.77,484.20,46414.14
50132,5/2/2024 3:08:20 AM,20026.62,484.20,46414.16
50132,5/2/2024 3:08:30 AM,20026.60,484.30,46414.16
50132,5/2/2024 3:08:40 AM,20026.63,484.35,46414.12
50132,5/2/2024 3:08:50 AM,20026.65,484.45,46414.18
50132,5/2/2024 3:09:00 AM,20026.60,484.43,46414.10
50132,5/2/2024 3:09:10 AM,20026.60,484.40,46414.04
50132,5/2/2024 3:09:20 AM,20026.60,484.52,46413.93
50132,5/2/2024 3:09:30 AM,20026.60,484.50,46413.98
50132,5/2/2024 3:09:40 AM,20026.50,484.45,46413.90
50132,5/2/2024 3:09:50 AM,20026.60,484.50,46413.88
50132,5/2/2024 3:10:00 AM,20026.44,484.45,46414.00
50132,5/2/2024 3:10:10 AM,20026.48,484.50,46414.00
50132,5/2/2024 3:10:20 AM,20026.50,484.60,46413.80
50132,5/2/2024 3:10:30 AM,20026.50,484.53,46413.73
50132,5/2/2024 3:10:40 AM,20026.42,484.44,46413.80
50132,5/2/2024 3:10:50 AM,20026.31,484.42,46413.70
50132,5/2/2024 3:11:00 AM,20026.30,484.53,46413.70
50132,5/2/2024 3:11:10 AM,20026.26,484.50,46413.62
50132,5/2/2024 3:11:20 AM,20026.14,484.40,46413.60
50132,5/2/2024 3:11:30 AM,20026.15,484.42,46413.70
50132,5/2/2024 3:11:40 AM,20026.10,484.46,46413.63
50132,5/2/2024 3:11:50 AM,20026.00,484.43,46413.70
50132,5/2/2024 3:12:00 AM,20026.13,484.40,46413.55
50132,5/2/2024 3:12:10 AM,20026.00,484.50,46413.52
50132,5/2/2024 3:12:20 AM,20025.93,484.58,46413.66
50132,5/2/2024 3:12:30 AM,20025.93,484.45,46413.50
50132,5/2/2024 3:12:40 AM,20025.70,484.55,46413.50
50132,5/2/2024 3:12:50 AM,20025.56,484.52,46413.52
50132,5/2/2024 3:13:00 AM,20025.50,484.50,46413.45
50132,5/2/2024 3:13:10 AM,20025.30,484.50,46413.30
50132,5/2/2024 3:13:20 AM,20025.27,484.50,46413.50
50132,5/2/2024 3:13:30 AM,20025.20,484.52,46413.34
50132,5/2/2024 3:13:40 AM,20025.32,484.40,46413.40
50132,5/2/2024 3:13:50 AM,20025.20,484.58,46413.20
50132,5/2/2024 3:14:00 AM,20025.40,484.45,46413.14
50132,5/2/2024 3:14:10 AM,20025.40,484.55,46413.20
50132,5/2/2024 3:14:20 AM,20025.40,484.64,46413.27
50132,5/2/2024 3:14:30 AM,20025.40,484.60,46413.23
50132,5/2/2024 3:14:40 AM,20025.31,484.57,46413.13
50132,5/2/2024 3:14:50 AM,20025.23,484.60,46413.16
50132,5/2/2024 3:15:00 AM,20025.40,484.63,46413.19
50132,5/2/2024 3:15:10 AM,20025.20,484.60,46413.10
50132,5/2/2024 3:15:20 AM,20025.30,484.60,46413.20
50132,5/2/2024 3:15:30 AM,20025.30,484.60,46413.20
50132,5/2/2024 3:15:40 AM,20025.30,484.60,46413.20
50132,5/2/2024 3:15:50 AM,20025.20,484.60,46413.10
50132,5/2/2024 3:16:00 AM,20025.40,484.60,46413.30
50132,5/2/2024 3:16:10 AM,20025.22,484.54,46413.23
50132,5/2/2024 3:16:20 AM,20025.45,484.65,46413.30
50132,5/2/2024 3:16:30 AM,20025.50,484.56,46413.30
50132,5/2/2024 3:16:40 AM,20025.50,484.60,46413.10
50132,5/2/2024 3:16:50 AM,20025.50,484.55,46413.20
50132,5/2/2024 3:17:00 AM,20025.50,484.56,46413.26
50132,5/2/2024 3:17:10 AM,20025.50,484.55,46413.27
50132,5/2/2024 3:17:20 AM,20025.50,484.58,46413.23
50132,5/2/2024 3:17:30 AM,20025.50,484.60,46413.23
50132,5/2/2024 3:17:40 AM,20025.39,484.69,46413.30
50132,5/2/2024 3:17:50 AM,20025.30,484.80,46413.18
50132,5/2/2024 3:18:00 AM,20025.23,484.70,46413.20
50132,5/2/2024 3:18:10 AM,20025.40,484.80,46413.20
50132,5/2/2024 3:18:20 AM,20025.33,484.75,46413.20
50132,5/2/2024 3:18:30 AM,20025.41,484.80,46413.26
50132,5/2/2024 3:18:40 AM,20025.44,484.81,46413.23
50132,5/2/2024 3:18:50 AM,20025.47,484.71,46413.22
50132,5/2/2024 3:19:00 AM,20025.50,484.86,46413.20
50132,5/2/2024 3:19:10 AM,20025.60,484.90,46413.23
50132,5/2/2024 3:19:20 AM,20025.60,484.70,46413.28
50132,5/2/2024 3:19:30 AM,20025.60,484.70,46413.30
50132,5/2/2024 3:19:40 AM,20025.60,484.70,46413.28
50132,5/2/2024 3:19:50 AM,20025.74,484.70,46413.25
50132,5/2/2024 3:20:00 AM,20025.63,484.70,46413.20
50132,5/2/2024 3:20:10 AM,20025.70,484.80,46413.22
50132,5/2/2024 3:20:20 AM,20025.62,484.75,46413.40
50132,5/2/2024 3:20:30 AM,20025.50,484.80,46413.38
50132,5/2/2024 3:20:40 AM,20025.50,484.74,46413.32
50132,5/2/2024 3:20:50 AM,20025.48,484.70,46413.20
50132,5/2/2024 3:21:00 AM,20025.70,484.80,46413.40
50132,5/2/2024 3:21:10 AM,20025.70,484.85,46413.50
50132,5/2/2024 3:21:20 AM,20025.70,484.85,46413.39
50132,5/2/2024 3:21:30 AM,20025.70,484.95,46413.35
50132,5/2/2024 3:21:40 AM,20025.73,484.90,46413.30
50132,5/2/2024 3:21:50 AM,20025.80,485.00,46413.20
50132,5/2/2024 3:22:00 AM,20025.70,484.95,46413.30
50132,5/2/2024 3:22:10 AM,20025.74,484.95,46413.35
50132,5/2/2024 3:22:20 AM,20025.70,485.06,46413.27
50132,5/2/2024 3:22:30 AM,20025.77,485.05,46413.23
50132,5/2/2024 3:22:40 AM,20025.73,485.10,46413.27
50132,5/2/2024 3:22:50 AM,20026.00,485.20,46413.39
50132,5/2/2024 3:23:00 AM,20026.00,485.10,46413.31
50132,5/2/2024 3:23:10 AM,20025.96,485.06,46413.20
50132,5/2/2024 3:23:20 AM,20026.10,485.05,46413.20
50132,5/2/2024 3:23:30 AM,20026.11,485.13,46413.25
50132,5/2/2024 3:23:40 AM,20026.15,485.13,46413.30
50132,5/2/2024 3:23:50 AM,20026.18,485.00,46413.36
50132,5/2/2024 3:24:00 AM,20026.10,485.20,46413.40
50132,5/2/2024 3:24:10 AM,20026.13,485.04,46413.40
50132,5/2/2024 3:24:20 AM,20026.40,485.20,46413.40
50132,5/2/2024 3:24:30 AM,20026.30,485.14,46413.27
50132,5/2/2024 3:24:40 AM,20026.37,485.15,46413.40
50132,5/2/2024 3:24:50 AM,20026.49,485.10,46413.40
50132,5/2/2024 3:25:00 AM,20026.42,485.18,46413.40
50132,5/2/2024 3:25:10 AM,20026.30,485.10,46413.40
50132,5/2/2024 3:25:20 AM,20026.30,485.10,46413.50
50132,5/2/2024 3:25:30 AM,20026.20,485.10,46413.40
50132,5/2/2024 3:25:40 AM,20026.30,485.10,46413.50
50132,5/2/2024 3:25:50 AM,20026.20,485.10,46413.30
50132,5/2/2024 3:26:00 AM,20026.10,485.10,46413.40
50132,5/2/2024 3:26:10 AM,20026.07,484.98,46413.40
50132,5/2/2024 3:26:20 AM,20026.10,485.06,46413.35
50132,5/2/2024 3:26:30 AM,20026.20,485.10,46413.40
50132,5/2/2024 3:26:40 AM,20026.00,485.00,46413.40
50132,5/2/2024 3:26:50 AM,20026.10,485.04,46413.32
50132,5/2/2024 3:27:00 AM,20026.14,485.10,46413.38
50132,5/2/2024 3:27:10 AM,20026.20,485.15,46413.31
50132,5/2/2024 3:27:20 AM,20026.10,485.12,46413.40
50132,5/2/2024 3:27:30 AM,20026.10,485.09,46413.40
50132,5/2/2024 3:27:40 AM,20026.30,485.09,46413.40
50132,5/2/2024 3:27:50 AM,20026.40,485.20,46413.40
50132,5/2/2024 3:28:00 AM,20026.25,484.93,46413.40
50132,5/2/2024 3:28:10 AM,20026.40,484.92,46413.40
50132,5/2/2024 3:28:20 AM,20026.31,484.80,46413.45
50132,5/2/2024 3:28:30 AM,20026.37,484.90,46413.47
50132,5/2/2024 3:28:40 AM,20026.40,484.70,46413.43
50132,5/2/2024 3:28:50 AM,20026.40,484.80,46413.68
50132,5/2/2024 3:29:00 AM,20026.36,484.70,46413.50
50132,5/2/2024 3:29:10 AM,20026.30,484.70,46413.70
50132,5/2/2024 3:29:20 AM,20026.00,484.50,46413.50
50132,5/2/2024 3:29:30 AM,20025.93,484.60,46413.50
50132,5/2/2024 3:29:40 AM,20025.63,484.40,46413.70
50132,5/2/2024 3:29:50 AM,20025.44,484.44,46413.60
50132,5/2/2024 3:30:00 AM,20025.26,484.30,46413.60
50132,5/2/2024 3:30:10 AM,20025.00,484.32,46413.45
50132,5/2/2024 3:30:20 AM,20024.80,484.20,46413.45
50132,5/2/2024 3:30:30 AM,20024.60,484.37,46413.40
50132,5/2/2024 3:30:40 AM,20024.30,484.29,46413.32
50132,5/2/2024 3:30:50 AM,20024.30,484.32,46413.30
50132,5/2/2024 3:31:00 AM,20024.14,484.34,46413.23
50132,5/2/2024 3:31:10 AM,20024.18,484.50,46413.30
50132,5/2/2024 3:31:20 AM,20024.04,484.53,46413.24
50132,5/2/2024 3:31:30 AM,20023.90,484.56,46413.10
50132,5/2/2024 3:31:40 AM,20023.90,484.53,46413.20
50132,5/2/2024 3:31:50 AM,20023.75,484.43,46413.10
50132,5/2/2024 3:32:00 AM,20023.84,484.45,46413.08
50132,5/2/2024 3:32:10 AM,20023.64,484.43,46413.00
50132,5/2/2024 3:32:20 AM,20023.70,484.34,46413.05
50132,5/2/2024 3:32:30 AM,20023.75,484.14,46413.00
50132,5/2/2024 3:32:40 AM,20023.60,484.03,46413.00
50132,5/2/2024 3:32:50 AM,20023.60,484.10,46413.07
50132,5/2/2024 3:33:00 AM,20023.55,483.95,46412.90
50132,5/2/2024 3:33:10 AM,20023.40,483.85,46412.95
50132,5/2/2024 3:33:20 AM,20023.20,483.83,46413.07
50132,5/2/2024 3:33:30 AM,20023.20,483.73,46413.00
50132,5/2/2024 3:33:40 AM,20023.13,483.80,46413.10
50132,5/2/2024 3:33:50 AM,20022.86,483.73,46413.02
50132,5/2/2024 3:34:00 AM,20022.50,483.77,46412.90
50132,5/2/2024 3:34:10 AM,20022.32,483.80,46412.91
50132,5/2/2024 3:34:20 AM,20022.10,484.00,46412.80
50132,5/2/2024 3:34:30 AM,20021.85,483.98,46412.95
50132,5/2/2024 3:34:40 AM,20021.55,484.10,46412.80
50132,5/2/2024 3:34:50 AM,20021.40,484.12,46412.80
50132,5/2/2024 3:35:00 AM,20021.07,484.30,46412.75
50132,5/2/2024 3:35:10 AM,20020.80,484.40,46412.70
50132,5/2/2024 3:35:20 AM,20020.50,484.50,46412.60
50132,5/2/2024 3:35:30 AM,20020.30,484.60,46412.50
50132,5/2/2024 3:35:40 AM,20020.10,484.80,46412.40
50132,5/2/2024 3:35:50 AM,20019.90,484.90,46412.40
50132,5/2/2024 3:36:00 AM,20019.70,484.90,46412.40
50132,5/2/2024 3:36:10 AM,20019.65,485.10,46412.30
50132,5/2/2024 3:36:20 AM,20019.61,485.12,46412.34
50132,5/2/2024 3:36:30 AM,20019.54,485.21,46412.10
50132,5/2/2024 3:36:40 AM,20019.47,485.30,46412.20
50132,5/2/2024 3:36:50 AM,20019.42,485.47,46412.23
50132,5/2/2024 3:37:00 AM,20019.36,485.58,46412.30
50132,5/2/2024 3:37:10 AM,20019.30,485.52,46412.10
50132,5/2/2024 3:37:20 AM,20019.40,485.70,46412.10
50132,5/2/2024 3:37:30 AM,20019.22,485.65,46412.10
50132,5/2/2024 3:37:40 AM,20019.26,485.72,46412.20
50132,5/2/2024 3:37:50 AM,20019.26,485.63,46412.09
50132,5/2/2024 3:38:00 AM,20019.40,485.66,46411.90
50132,5/2/2024 3:38:10 AM,20019.50,485.67,46412.05
50132,5/2/2024 3:38:20 AM,20019.70,485.79,46412.07
50132,5/2/2024 3:38:30 AM,20019.70,485.76,46412.04
50132,5/2/2024 3:38:40 AM,20019.75,485.74,46412.13
50132,5/2/2024 3:38:50 AM,20020.00,485.71,46412.10
50132,5/2/2024 3:39:00 AM,20020.20,485.80,46412.15
50132,5/2/2024 3:39:10 AM,20020.20,485.60,46412.15
50132,5/2/2024 3:39:20 AM,20020.27,485.60,46412.16
50132,5/2/2024 3:39:30 AM,20020.40,485.60,46412.24
50132,5/2/2024 3:39:40 AM,20020.60,485.49,46412.40
50132,5/2/2024 3:39:50 AM,20020.67,485.47,46412.40
50132,5/2/2024 3:40:00 AM,20020.73,485.50,46412.33
50132,5/2/2024 3:40:10 AM,20020.86,485.47,46412.35
50132,5/2/2024 3:40:20 AM,20021.01,485.39,46412.43
50132,5/2/2024 3:40:30 AM,20021.19,485.40,46412.30
50132,5/2/2024 3:40:40 AM,20021.35,485.35,46412.55
50132,5/2/2024 3:40:50 AM,20021.50,485.50,46412.55
50132,5/2/2024 3:41:00 AM,20021.50,485.20,46412.66
50132,5/2/2024 3:41:10 AM,20021.40,485.20,46412.60
50132,5/2/2024 3:41:20 AM,20021.60,485.33,46412.80
50132,5/2/2024 3:41:30 AM,20021.80,485.30,46412.73
50132,5/2/2024 3:41:40 AM,20021.90,485.32,46412.77
50132,5/2/2024 3:41:50 AM,20021.90,485.40,46412.78
50132,5/2/2024 3:42:00 AM,20021.93,485.37,46412.80
50132,5/2/2024 3:42:10 AM,20022.09,485.30,46412.90
50132,5/2/2024 3:42:20 AM,20022.15,485.40,46412.90
50132,5/2/2024 3:42:30 AM,20022.30,485.38,46412.87
50132,5/2/2024 3:42:40 AM,20022.30,485.28,46413.10
50132,5/2/2024 3:42:50 AM,20022.42,485.26,46412.96
50132,5/2/2024 3:43:00 AM,20022.58,485.38,46412.96
50132,5/2/2024 3:43:10 AM,20022.70,485.35,46413.10
50132,5/2/2024 3:43:20 AM,20022.73,485.32,46413.04
50132,5/2/2024 3:43:30 AM,20022.65,485.35,46413.02
50132,5/2/2024 3:43:40 AM,20022.70,485.30,46413.13
50132,5/2/2024 3:43:50 AM,20022.88,485.40,46413.10
50132,5/2/2024 3:44:00 AM,20022.82,485.20,46413.20
50132,5/2/2024 3:44:10 AM,20022.82,485.15,46413.19
50132,5/2/2024 3:44:20 AM,20022.90,485.16,46413.15
50132,5/2/2024 3:44:30 AM,20023.00,485.15,46413.20
50132,5/2/2024 3:44:40 AM,20023.00,485.16,46413.30
50132,5/2/2024 3:44:50 AM,20023.00,485.05,46413.35
50132,5/2/2024 3:45:00 AM,20023.10,485.12,46413.40
50132,5/2/2024 3:45:10 AM,20023.10,485.10,46413.30
50132,5/2/2024 3:45:20 AM,20023.20,485.10,46413.30
50132,5/2/2024 3:45:30 AM,20023.30,485.00,46413.30
50132,5/2/2024 3:45:40 AM,20023.20,485.10,46413.30
50132,5/2/2024 3:45:50 AM,20023.40,484.90,46413.30
50132,5/2/2024 3:46:00 AM,20023.40,484.90,46413.40
50132,5/2/2024 3:46:10 AM,20023.44,484.85,46413.43
50132,5/2/2024 3:46:20 AM,20023.60,485.00,46413.30
50132,5/2/2024 3:46:30 AM,20023.58,484.77,46413.40
50132,5/2/2024 3:46:40 AM,20023.64,484.75,46413.32
50132,5/2/2024 3:46:50 AM,20023.69,484.72,46413.34
50132,5/2/2024 3:47:00 AM,20023.90,484.64,46413.50
50132,5/2/2024 3:47:10 AM,20023.93,484.79,46413.46
50132,5/2/2024 3:47:20 AM,20023.93,484.71,46413.40
50132,5/2/2024 3:47:30 AM,20024.00,484.66,46413.34
50132,5/2/2024 3:47:40 AM,20024.04,484.70,46413.54
50132,5/2/2024 3:47:50 AM,20024.10,484.62,46413.50
50132,5/2/2024 3:48:00 AM,20024.10,484.54,46413.50
50132,5/2/2024 3:48:10 AM,20024.10,484.56,46413.52
50132,5/2/2024 3:48:20 AM,20024.10,484.56,46413.40
50132,5/2/2024 3:48:30 AM,20024.10,484.49,46413.40
50132,5/2/2024 3:48:40 AM,20024.10,484.34,46413.50
50132,5/2/2024 3:48:50 AM,20024.17,484.40,46413.57
50132,5/2/2024 3:49:00 AM,20024.28,484.33,46413.40
50132,5/2/2024 3:49:10 AM,20024.38,484.23,46413.52
50132,5/2/2024 3:49:20 AM,20024.40,484.20,46413.58
50132,5/2/2024 3:49:30 AM,20024.60,484.26,46413.70
50132,5/2/2024 3:49:40 AM,20024.60,484.10,46413.60
50132,5/2/2024 3:49:50 AM,20024.75,484.10,46413.70
50132,5/2/2024 3:50:00 AM,20024.70,484.10,46413.70
50132,5/2/2024 3:50:10 AM,20024.73,484.06,46413.70
50132,5/2/2024 3:50:20 AM,20025.10,484.30,46413.60
50132,5/2/2024 3:50:30 AM,20025.10,484.20,46413.63
50132,5/2/2024 3:50:40 AM,20025.10,484.03,46413.70
50132,5/2/2024 3:50:50 AM,20025.30,483.97,46413.75
50132,5/2/2024 3:51:00 AM,20025.30,484.05,46413.75
50132,5/2/2024 3:51:10 AM,20025.40,483.88,46413.70
50132,5/2/2024 3:51:20 AM,20025.60,484.10,46413.75
50132,5/2/2024 3:51:30 AM,20025.60,484.00,46413.68
50132,5/2/2024 3:51:40 AM,20025.74,484.00,46413.71
50132,5/2/2024 3:51:50 AM,20025.74,483.80,46413.80
50132,5/2/2024 3:52:00 AM,20025.80,483.88,46413.75
50132,5/2/2024 3:52:10 AM,20025.90,483.83,46413.70
50132,5/2/2024 3:52:20 AM,20025.96,483.86,46413.76
50132,5/2/2024 3:52:30 AM,20026.00,483.70,46413.90
50132,5/2/2024 3:52:40 AM,20025.90,483.70,46413.70
50132,5/2/2024 3:52:50 AM,20026.10,483.80,46413.90
50132,5/2/2024 3:53:00 AM,20026.07,483.63,46413.90
50132,5/2/2024 3:53:10 AM,20026.04,483.70,46413.88
50132,5/2/2024 3:53:20 AM,20026.01,483.55,46413.77
50132,5/2/2024 3:53:30 AM,20026.13,483.66,46413.90
50132,5/2/2024 3:53:40 AM,20026.00,483.55,46413.95
50132,5/2/2024 3:53:50 AM,20026.00,483.59,46413.80
50132,5/2/2024 3:54:00 AM,20026.00,483.63,46413.96
50132,5/2/2024 3:54:10 AM,20026.07,483.65,46414.00
50132,5/2/2024 3:54:20 AM,20025.98,483.61,46414.00
50132,5/2/2024 3:54:30 AM,20026.09,483.70,46413.80
50132,5/2/2024 3:54:40 AM,20025.95,483.63,46414.00
50132,5/2/2024 3:54:50 AM,20025.90,483.60,46413.91
50132,5/2/2024 3:55:00 AM,20025.90,483.70,46413.92
50132,5/2/2024 3:55:10 AM,20025.90,483.60,46414.00
50132,5/2/2024 3:55:20 AM,20026.00,483.70,46413.80
50132,5/2/2024 3:55:30 AM,20026.00,483.60,46414.00
50132,5/2/2024 3:55:40 AM,20026.00,483.70,46413.90
50132,5/2/2024 3:55:50 AM,20025.80,483.50,46413.90
50132,5/2/2024 3:56:00 AM,20025.90,483.60,46414.00
50132,5/2/2024 3:56:10 AM,20025.97,483.36,46414.00
50132,5/2/2024 3:56:20 AM,20025.91,483.37,46413.95
50132,5/2/2024 3:56:30 AM,20025.90,483.32,46413.90
50132,5/2/2024 3:56:40 AM,20026.00,483.20,46414.00
50132,5/2/2024 3:56:50 AM,20025.80,483.15,46413.88
50132,5/2/2024 3:57:00 AM,20025.75,483.20,46413.90
50132,5/2/2024 3:57:10 AM,20025.80,483.15,46414.10
50132,5/2/2024 3:57:20 AM,20025.80,483.00,46413.98
50132,5/2/2024 3:57:30 AM,20025.90,483.10,46414.00
50132,5/2/2024 3:57:40 AM,20025.90,482.94,46414.04
50132,5/2/2024 3:57:50 AM,20025.90,483.00,46414.06
50132,5/2/2024 3:58:00 AM,20026.10,483.07,46414.13
50132,5/2/2024 3:58:10 AM,20025.95,482.81,46414.13
50132,5/2/2024 3:58:20 AM,20026.04,482.80,46414.20
50132,5/2/2024 3:58:30 AM,20025.90,482.81,46414.20
50132,5/2/2024 3:58:40 AM,20025.83,482.83,46414.07
50132,5/2/2024 3:58:50 AM,20025.90,482.70,46414.10
50132,5/2/2024 3:59:00 AM,20025.68,482.71,46414.25
50132,5/2/2024 3:59:10 AM,20025.59,482.73,46414.10
50132,5/2/2024 3:59:20 AM,20025.53,482.75,46414.10
50132,5/2/2024 3:59:30 AM,20025.41,482.77,46414.13
50132,5/2/2024 3:59:40 AM,20025.28,482.78,46414.05
50132,5/2/2024 3:59:50 AM,20025.24,482.85,46414.10
50132,5/2/2024 4:00:00 AM,20025.10,482.87,46413.90
50132,5/2/2024 4:00:10 AM,20024.80,482.93,46413.88
50132,5/2/2024 4:00:20 AM,20024.80,483.00,46414.00
50132,5/2/2024 4:00:30 AM,20024.60,482.89,46413.78
50132,5/2/2024 4:00:40 AM,20024.60,482.95,46413.73
50132,5/2/2024 4:00:50 AM,20024.62,483.03,46413.73
50132,5/2/2024 4:01:00 AM,20024.58,483.05,46413.70
50132,5/2/2024 4:01:10 AM,20024.60,483.16,46413.70
50132,5/2/2024 4:01:20 AM,20024.60,483.30,46413.58
50132,5/2/2024 4:01:30 AM,20024.69,483.30,46413.60
50132,5/2/2024 4:01:40 AM,20024.90,483.53,46413.64
50132,5/2/2024 4:01:50 AM,20025.10,483.55,46413.69
50132,5/2/2024 4:02:00 AM,20025.18,483.60,46413.61
50132,5/2/2024 4:02:10 AM,20025.25,483.66,46413.70
50132,5/2/2024 4:02:20 AM,20025.40,483.80,46413.70
50132,5/2/2024 4:02:30 AM,20025.70,483.70,46413.70
50132,5/2/2024 4:02:40 AM,20025.73,483.72,46413.63
50132,5/2/2024 4:02:50 AM,20025.90,483.90,46413.70
50132,5/2/2024 4:03:00 AM,20026.20,483.97,46413.70
50132,5/2/2024 4:03:10 AM,20026.40,484.01,46413.74
50132,5/2/2024 4:03:20 AM,20026.50,483.97,46413.70
50132,5/2/2024 4:03:30 AM,20026.80,483.98,46413.70
50132,5/2/2024 4:03:40 AM,20027.30,483.97,46413.75
50132,5/2/2024 4:03:50 AM,20027.40,483.92,46413.82
50132,5/2/2024 4:04:00 AM,20027.62,484.00,46413.90
50132,5/2/2024 4:04:10 AM,20027.90,483.98,46413.90
50132,5/2/2024 4:04:20 AM,20028.20,484.07,46413.90
50132,5/2/2024 4:04:30 AM,20028.55,484.08,46413.96
50132,5/2/2024 4:04:40 AM,20028.87,484.03,46413.90
50132,5/2/2024 4:04:50 AM,20029.10,484.15,46413.94
50132,5/2/2024 4:05:00 AM,20029.40,484.20,46414.16
50132,5/2/2024 4:05:10 AM,20029.60,484.10,46414.20
50132,5/2/2024 4:05:20 AM,20029.70,484.10,46414.20
50132,5/2/2024 4:05:30 AM,20030.00,484.20,46414.20
50132,5/2/2024 4:05:40 AM,20030.10,484.10,46414.40
50132,5/2/2024 4:05:50 AM,20030.40,484.10,46414.40
50132,5/2/2024 4:06:00 AM,20030.50,484.20,46414.50
50132,5/2/2024 4:06:10 AM,20030.70,484.14,46414.70
50132,5/2/2024 4:06:20 AM,20030.60,484.20,46414.60
50132,5/2/2024 4:06:30 AM,20030.72,484.10,46414.60
50132,5/2/2024 4:06:40 AM,20030.77,484.10,46414.80
50132,5/2/2024 4:06:50 AM,20031.00,484.20,46414.82
50132,5/2/2024 4:07:00 AM,20031.10,484.02,46414.75
50132,5/2/2024 4:07:10 AM,20031.17,483.98,46414.90
50132,5/2/2024 4:07:20 AM,20031.43,484.13,46414.90
50132,5/2/2024 4:07:30 AM,20031.50,484.20,46415.00
50132,5/2/2024 4:07:40 AM,20031.49,484.27,46415.08
50132,5/2/2024 4:07:50 AM,20031.43,484.23,46415.09
50132,5/2/2024 4:08:00 AM,20031.26,484.16,46415.00
50132,5/2/2024 4:08:10 AM,20031.10,484.10,46415.07
50132,5/2/2024 4:08:20 AM,20031.07,483.92,46415.20
50132,5/2/2024 4:08:30 AM,20030.95,483.88,46415.15
50132,5/2/2024 4:08:40 AM,20030.80,483.72,46415.20
50132,5/2/2024 4:08:50 AM,20030.60,483.60,46415.08
50132,5/2/2024 4:09:00 AM,20030.50,483.67,46415.04
50132,5/2/2024 4:09:10 AM,20030.39,483.65,46414.95
50132,5/2/2024 4:09:20 AM,20030.31,483.60,46415.10
50132,5/2/2024 4:09:30 AM,20030.00,483.66,46414.90
50132,5/2/2024 4:09:40 AM,20029.80,483.70,46414.90
50132,5/2/2024 4:09:50 AM,20029.50,483.63,46414.88
50132,5/2/2024 4:10:00 AM,20029.42,483.69,46414.84
50132,5/2/2024 4:10:10 AM,20029.22,483.71,46414.72
50132,5/2/2024 4:10:20 AM,20029.05,483.80,46414.70
50132,5/2/2024 4:10:30 AM,20028.80,483.90,46414.70
50132,5/2/2024 4:10:40 AM,20028.80,483.98,46414.70
50132,5/2/2024 4:10:50 AM,20028.86,484.10,46414.40
50132,5/2/2024 4:11:00 AM,20028.73,484.20,46414.45
50132,5/2/2024 4:11:10 AM,20028.59,484.10,46414.40
50132,5/2/2024 4:11:20 AM,20028.52,484.30,46414.20
50132,5/2/2024 4:11:30 AM,20028.43,484.24,46414.40
50132,5/2/2024 4:11:40 AM,20028.35,484.30,46414.10
50132,5/2/2024 4:11:50 AM,20028.10,484.30,46414.23
50132,5/2/2024 4:12:00 AM,20027.97,484.50,46414.10
50132,5/2/2024 4:12:10 AM,20027.84,484.45,46413.95
50132,5/2/2024 4:12:20 AM,20027.67,484.50,46414.10
50132,5/2/2024 4:12:30 AM,20027.50,484.40,46413.80
50132,5/2/2024 4:12:40 AM,20027.47,484.32,46413.78
50132,5/2/2024 4:12:50 AM,20027.25,484.40,46413.73
50132,5/2/2024 4:13:00 AM,20027.10,484.35,46413.66
50132,5/2/2024 4:13:10 AM,20026.97,484.31,46413.80
50132,5/2/2024 4:13:20 AM,20026.77,484.23,46413.60
50132,5/2/2024 4:13:30 AM,20026.70,484.30,46413.60
50132,5/2/2024 4:13:40 AM,20026.50,484.30,46413.40
50132,5/2/2024 4:13:50 AM,20026.50,484.29,46413.50
50132,5/2/2024 4:14:00 AM,20026.50,484.33,46413.38
50132,5/2/2024 4:14:10 AM,20026.50,484.56,46413.34
50132,5/2/2024 4:14:20 AM,20026.48,484.54,46413.30
50132,5/2/2024 4:14:30 AM,20026.40,484.73,46413.27
50132,5/2/2024 4:14:40 AM,20026.40,484.77,46413.20
50132,5/2/2024 4:14:50 AM,20026.35,484.80,46413.30
50132,5/2/2024 4:15:00 AM,20026.30,484.80,46413.20
50132,5/2/2024 4:15:10 AM,20026.10,484.80,46413.00
50132,5/2/2024 4:15:20 AM,20025.90,484.90,46413.20
50132,5/2/2024 4:15:30 AM,20025.80,485.00,46413.00
50132,5/2/2024 4:15:40 AM,20025.70,485.10,46413.20
50132,5/2/2024 4:15:50 AM,20025.30,484.90,46413.10
50132,5/2/2024 4:16:00 AM,20025.40,485.10,46413.00
50132,5/2/2024 4:16:10 AM,20025.10,484.95,46413.00
50132,5/2/2024 4:16:20 AM,20024.84,484.84,46412.80
50132,5/2/2024 4:16:30 AM,20024.70,484.85,46412.79
50132,5/2/2024 4:16:40 AM,20024.60,484.91,46412.80
50132,5/2/2024 4:16:50 AM,20024.32,484.90,46412.70
50132,5/2/2024 4:17:00 AM,20024.10,484.88,46412.59
50132,5/2/2024 4:17:10 AM,20023.87,484.80,46412.54
50132,5/2/2024 4:17:20 AM,20023.54,484.80,46412.60
50132,5/2/2024 4:17:30 AM,20023.50,484.92,46412.59
50132,5/2/2024 4:17:40 AM,20023.23,485.07,46412.60
50132,5/2/2024 4:17:50 AM,20022.99,484.91,46412.43
50132,5/2/2024 4:18:00 AM,20022.70,484.98,46412.30
50132,5/2/2024 4:18:10 AM,20022.55,485.03,46412.30
50132,5/2/2024 4:18:20 AM,20022.20,485.13,46412.20
50132,5/2/2024 4:18:30 AM,20022.15,485.21,46412.20
50132,5/2/2024 4:18:40 AM,20022.16,485.37,46412.15
50132,5/2/2024 4:18:50 AM,20021.90,485.37,46412.10
50132,5/2/2024 4:19:00 AM,20021.80,485.40,46412.20
50132,5/2/2024 4:19:10 AM,20021.62,485.41,46412.10
50132,5/2/2024 4:19:20 AM,20021.49,485.49,46412.00
50132,5/2/2024 4:19:30 AM,20021.41,485.41,46411.90
50132,5/2/2024 4:19:40 AM,20021.22,485.50,46412.00
50132,5/2/2024 4:19:50 AM,20021.11,485.50,46412.00
50132,5/2/2024 4:20:00 AM,20020.92,485.60,46411.96
50132,5/2/2024 4:20:10 AM,20020.80,485.58,46411.85
50132,5/2/2024 4:20:20 AM,20020.80,485.58,46411.84
50132,5/2/2024 4:20:30 AM,20020.72,485.40,46411.80
50132,5/2/2024 4:20:40 AM,20020.83,485.48,46411.80
50132,5/2/2024 4:20:50 AM,20020.71,485.40,46411.85
50132,5/2/2024 4:21:00 AM,20020.80,485.40,46411.73
50132,5/2/2024 4:21:10 AM,20021.00,485.50,46411.85
50132,5/2/2024 4:21:20 AM,20021.00,485.48,46411.80
50132,5/2/2024 4:21:30 AM,20021.00,485.40,46411.60
50132,5/2/2024 4:21:40 AM,20021.00,485.48,46411.73
50132,5/2/2024 4:21:50 AM,20021.00,485.33,46411.74
50132,5/2/2024 4:22:00 AM,20021.00,485.27,46411.80
50132,5/2/2024 4:22:10 AM,20021.00,485.20,46411.73
50132,5/2/2024 4:22:20 AM,20021.02,485.20,46411.74
50132,5/2/2024 4:22:30 AM,20021.05,485.20,46411.70
50132,5/2/2024 4:22:40 AM,20021.09,485.30,46411.78
50132,5/2/2024 4:22:50 AM,20021.09,485.30,46412.00
50132,5/2/2024 4:23:00 AM,20021.05,485.20,46411.80
50132,5/2/2024 4:23:10 AM,20021.02,485.22,46411.80
50132,5/2/2024 4:23:20 AM,20021.00,485.24,46411.97
50132,5/2/2024 4:23:30 AM,20021.00,485.26,46411.80
50132,5/2/2024 4:23:40 AM,20020.96,485.28,46411.90
50132,5/2/2024 4:23:50 AM,20020.91,485.30,46411.93
50132,5/2/2024 4:24:00 AM,20020.90,485.25,46411.87
50132,5/2/2024 4:24:10 AM,20020.90,485.30,46411.98
50132,5/2/2024 4:24:20 AM,20020.90,485.20,46411.90
50132,5/2/2024 4:24:30 AM,20021.04,485.26,46412.10
50132,5/2/2024 4:24:40 AM,20021.10,485.39,46412.02
50132,5/2/2024 4:24:50 AM,20021.13,485.31,46411.90
50132,5/2/2024 4:25:00 AM,20021.20,485.40,46412.05
50132,5/2/2024 4:25:10 AM,20021.20,485.30,46412.00
50132,5/2/2024 4:25:20 AM,20021.40,485.40,46412.30
50132,5/2/2024 4:25:30 AM,20021.40,485.30,46412.10
50132,5/2/2024 4:25:40 AM,20021.30,485.10,46412.20
50132,5/2/2024 4:25:50 AM,20021.30,485.00,46412.10
50132,5/2/2024 4:26:00 AM,20021.30,484.90,46412.10
50132,5/2/2024 4:26:10 AM,20021.46,484.81,46412.25
50132,5/2/2024 4:26:20 AM,20021.60,484.85,46412.30
50132,5/2/2024 4:26:30 AM,20021.60,484.83,46412.20
50132,5/2/2024 4:26:40 AM,20021.60,484.75,46412.40
50132,5/2/2024 4:26:50 AM,20021.63,484.70,46412.25
50132,5/2/2024 4:27:00 AM,20021.75,484.70,46412.40
50132,5/2/2024 4:27:10 AM,20021.72,484.50,46412.40
50132,5/2/2024 4:27:20 AM,20021.70,484.49,46412.40
50132,5/2/2024 4:27:30 AM,20021.70,484.43,46412.40
50132,5/2/2024 4:27:40 AM,20021.78,484.29,46412.40
50132,5/2/2024 4:27:50 AM,20021.79,484.23,46412.40
50132,5/2/2024 4:28:00 AM,20021.83,484.15,46412.40
50132,5/2/2024 4:28:10 AM,20021.86,484.03,46412.50
50132,5/2/2024 4:28:20 AM,20021.73,483.91,46412.54
50132,5/2/2024 4:28:30 AM,20021.90,483.99,46412.50
50132,5/2/2024 4:28:40 AM,20021.93,484.00,46412.55
50132,5/2/2024 4:28:50 AM,20021.99,483.97,46412.70
50132,5/2/2024 4:29:00 AM,20022.13,483.95,46412.80
50132,5/2/2024 4:29:10 AM,20022.32,483.90,46412.70
50132,5/2/2024 4:29:20 AM,20022.37,483.94,46412.88
50132,5/2/2024 4:29:30 AM,20022.40,484.00,46412.81
50132,5/2/2024 4:29:40 AM,20022.40,484.00,46412.90
50132,5/2/2024 4:29:50 AM,20022.40,483.85,46412.85
50132,5/2/2024 4:30:00 AM,20022.40,483.80,46413.00
50132,5/2/2024 4:30:10 AM,20022.50,483.72,46412.85
50132,5/2/2024 4:30:20 AM,20022.51,483.90,46412.84
50132,5/2/2024 4:30:30 AM,20022.59,483.65,46412.95
50132,5/2/2024 4:30:40 AM,20022.73,483.73,46412.90
50132,5/2/2024 4:30:50 AM,20022.94,483.70,46413.10
50132,5/2/2024 4:31:00 AM,20022.95,483.50,46413.20
50132,5/2/2024 4:31:10 AM,20022.89,483.50,46413.20
50132,5/2/2024 4:31:20 AM,20022.73,483.36,46413.20
50132,5/2/2024 4:31:30 AM,20022.75,483.21,46413.20
50132,5/2/2024 4:31:40 AM,20022.70,483.27,46413.29
50132,5/2/2024 4:31:50 AM,20022.67,483.17,46413.38
50132,5/2/2024 4:32:00 AM,20022.64,483.10,46413.20
50132,5/2/2024 4:32:10 AM,20022.68,483.10,46413.40
50132,5/2/2024 4:32:20 AM,20022.70,483.03,46413.38
50132,5/2/2024 4:32:30 AM,20022.90,483.10,46413.31
50132,5/2/2024 4:32:40 AM,20022.81,483.08,46413.30
50132,5/2/2024 4:32:50 AM,20022.90,483.16,46413.40
50132,5/2/2024 4:33:00 AM,20023.10,483.03,46413.40
50132,5/2/2024 4:33:10 AM,20023.13,483.18,46413.50
50132,5/2/2024 4:33:20 AM,20023.30,483.07,46413.30
50132,5/2/2024 4:33:30 AM,20023.50,483.05,46413.30
50132,5/2/2024 4:33:40 AM,20023.36,482.90,46413.50
50132,5/2/2024 4:33:50 AM,20023.44,482.77,46413.48
50132,5/2/2024 4:34:00 AM,20023.50,482.70,46413.52
50132,5/2/2024 4:34:10 AM,20023.70,482.50,46413.50
50132,5/2/2024 4:34:20 AM,20023.70,482.55,46413.40
50132,5/2/2024 4:34:30 AM,20023.75,482.57,46413.63
50132,5/2/2024 4:34:40 AM,20023.77,482.44,46413.58
50132,5/2/2024 4:34:50 AM,20023.76,482.47,46413.50
50132,5/2/2024 4:35:00 AM,20023.70,482.35,46413.50
50132,5/2/2024 4:35:10 AM,20023.90,482.30,46413.60
50132,5/2/2024 4:35:20 AM,20024.00,482.40,46413.60
50132,5/2/2024 4:35:30 AM,20024.00,482.20,46413.40
50132,5/2/2024 4:35:40 AM,20024.20,482.30,46413.60
50132,5/2/2024 4:35:50 AM,20024.20,482.20,46413.70
50132,5/2/2024 4:36:00 AM,20024.30,482.10,46413.80
50132,5/2/2024 4:36:10 AM,20024.33,482.17,46413.70
50132,5/2/2024 4:36:20 AM,20024.44,482.18,46413.70
50132,5/2/2024 4:36:30 AM,20024.60,482.03,46413.75
50132,5/2/2024 4:36:40 AM,20024.90,482.04,46413.80
50132,5/2/2024 4:36:50 AM,20024.84,482.00,46413.80
50132,5/2/2024 4:37:00 AM,20025.10,482.03,46413.70
50132,5/2/2024 4:37:10 AM,20025.25,482.05,46413.70
50132,5/2/2024 4:37:20 AM,20025.25,481.95,46413.90
50132,5/2/2024 4:37:30 AM,20025.40,482.00,46413.90
50132,5/2/2024 4:37:40 AM,20025.40,481.90,46413.87
50132,5/2/2024 4:37:50 AM,20025.44,481.84,46413.96
50132,5/2/2024 4:38:00 AM,20025.53,481.83,46413.98
50132,5/2/2024 4:38:10 AM,20025.61,481.90,46413.90
50132,5/2/2024 4:38:20 AM,20025.80,481.83,46413.90
50132,5/2/2024 4:38:30 AM,20025.80,481.80,46414.00
50132,5/2/2024 4:38:40 AM,20026.00,481.60,46413.90
50132,5/2/2024 4:38:50 AM,20025.90,481.50,46414.07
50132,5/2/2024 4:39:00 AM,20025.96,481.60,46413.92
50132,5/2/2024 4:39:10 AM,20025.90,481.47,46413.90
50132,5/2/2024 4:39:20 AM,20026.10,481.30,46414.02
50132,5/2/2024 4:39:30 AM,20026.23,481.60,46414.13
50132,5/2/2024 4:39:40 AM,20026.27,481.40,46414.10
50132,5/2/2024 4:39:50 AM,20026.21,481.28,46414.10
50132,5/2/2024 4:40:00 AM,20026.20,481.20,46414.15
50132,5/2/2024 4:40:10 AM,20026.40,481.17,46414.13
50132,5/2/2024 4:40:20 AM,20026.30,481.10,46414.18
50132,5/2/2024 4:40:30 AM,20026.20,481.03,46414.07
50132,5/2/2024 4:40:40 AM,20026.10,481.00,46414.07
50132,5/2/2024 4:40:50 AM,20026.29,481.06,46414.20
50132,5/2/2024 4:41:00 AM,20026.20,480.90,46414.20
50132,5/2/2024 4:41:10 AM,20026.37,480.97,46414.30
50132,5/2/2024 4:41:20 AM,20026.40,480.85,46414.13
50132,5/2/2024 4:41:30 AM,20026.40,480.90,46414.26
50132,5/2/2024 4:41:40 AM,20026.40,480.97,46414.20
50132,5/2/2024 4:41:50 AM,20026.40,480.97,46414.13
50132,5/2/2024 4:42:00 AM,20026.40,480.94,46414.20
50132,5/2/2024 4:42:10 AM,20026.40,480.93,46414.20
50132,5/2/2024 4:42:20 AM,20026.40,481.00,46414.25
50132,5/2/2024 4:42:30 AM,20026.50,480.96,46414.00
50132,5/2/2024 4:42:40 AM,20026.50,480.97,46414.10
50132,5/2/2024 4:42:50 AM,20026.60,481.00,46414.11
50132,5/2/2024 4:43:00 AM,20026.68,480.93,46414.17
50132,5/2/2024 4:43:10 AM,20026.85,480.90,46414.27
50132,5/2/2024 4:43:20 AM,20026.90,480.95,46414.10
50132,5/2/2024 4:43:30 AM,20026.95,480.90,46414.17
50132,5/2/2024 4:43:40 AM,20027.10,481.06,46414.25
50132,5/2/2024 4:43:50 AM,20027.12,481.08,46414.20
50132,5/2/2024 4:44:00 AM,20027.24,481.06,46414.23
50132,5/2/2024 4:44:10 AM,20027.34,481.20,46414.25
50132,5/2/2024 4:44:20 AM,20027.42,481.04,46414.20
50132,5/2/2024 4:44:30 AM,20027.55,481.13,46414.30
50132,5/2/2024 4:44:40 AM,20027.80,481.18,46414.50
50132,5/2/2024 4:44:50 AM,20027.74,481.20,46414.45
50132,5/2/2024 4:45:00 AM,20028.10,481.20,46414.36
50132,5/2/2024 4:45:10 AM,20028.10,481.10,46414.30
50132,5/2/2024 4:45:20 AM,20028.10,481.10,46414.50
50132,5/2/2024 4:45:30 AM,20028.20,481.00,46414.40
50132,5/2/2024 4:45:40 AM,20028.30,481.00,46414.50
50132,5/2/2024 4:45:50 AM,20028.40,481.10,46414.50
50132,5/2/2024 4:46:00 AM,20028.50,481.10,46414.50
50132,5/2/2024 4:46:10 AM,20028.50,481.10,46414.70
50132,5/2/2024 4:46:20 AM,20028.70,481.05,46414.70
50132,5/2/2024 4:46:30 AM,20028.78,481.02,46414.77
50132,5/2/2024 4:46:40 AM,20028.90,481.10,46414.88
50132,5/2/2024 4:46:50 AM,20028.95,480.90,46414.83
50132,5/2/2024 4:47:00 AM,20028.99,481.00,46414.70
50132,5/2/2024 4:47:10 AM,20029.00,480.88,46415.00
50132,5/2/2024 4:47:20 AM,20029.00,480.80,46414.96
50132,5/2/2024 4:47:30 AM,20028.93,480.80,46414.97
50132,5/2/2024 4:47:40 AM,20028.82,480.70,46414.75
50132,5/2/2024 4:47:50 AM,20029.00,480.70,46414.85
50132,5/2/2024 4:48:00 AM,20028.95,480.60,46414.74
50132,5/2/2024 4:48:10 AM,20029.10,480.77,46414.75
50132,5/2/2024 4:48:20 AM,20029.10,480.79,46414.90
50132,5/2/2024 4:48:30 AM,20029.23,480.70,46414.82
50132,5/2/2024 4:48:40 AM,20029.40,480.62,46414.86
50132,5/2/2024 4:48:50 AM,20029.36,480.68,46414.96
50132,5/2/2024 4:49:00 AM,20029.48,480.70,46414.84
50132,5/2/2024 4:49:10 AM,20029.55,480.60,46414.93
50132,5/2/2024 4:49:20 AM,20029.64,480.58,46414.93
50132,5/2/2024 4:49:30 AM,20029.84,480.47,46414.90
50132,5/2/2024 4:49:40 AM,20029.90,480.45,46414.90
50132,5/2/2024 4:49:50 AM,20030.03,480.35,46414.96
50132,5/2/2024 4:50:00 AM,20030.27,480.50,46414.90
50132,5/2/2024 4:50:10 AM,20030.40,480.38,46414.90
50132,5/2/2024 4:50:20 AM,20030.60,480.56,46415.00
50132,5/2/2024 4:50:30 AM,20030.70,480.46,46415.04
50132,5/2/2024 4:50:40 AM,20030.70,480.33,46415.10
50132,5/2/2024 4:50:50 AM,20030.60,480.40,46415.03
50132,5/2/2024 4:51:00 AM,20030.70,480.45,46415.01
50132,5/2/2024 4:51:10 AM,20030.77,480.40,46415.10
50132,5/2/2024 4:51:20 AM,20030.80,480.30,46415.10
50132,5/2/2024 4:51:30 AM,20030.84,480.23,46415.10
50132,5/2/2024 4:51:40 AM,20030.89,480.38,46415.08
50132,5/2/2024 4:51:50 AM,20030.99,480.27,46415.10
50132,5/2/2024 4:52:00 AM,20031.00,480.22,46415.10
50132,5/2/2024 4:52:10 AM,20031.00,480.27,46415.00
50132,5/2/2024 4:52:20 AM,20031.00,480.20,46415.17
50132,5/2/2024 4:52:30 AM,20031.00,480.20,46414.94
50132,5/2/2024 4:52:40 AM,20031.00,480.00,46415.03
50132,5/2/2024 4:52:50 AM,20031.02,479.90,46415.20
50132,5/2/2024 4:53:00 AM,20031.04,479.95,46415.04
50132,5/2/2024 4:53:10 AM,20031.06,479.95,46415.18
50132,5/2/2024 4:53:20 AM,20031.08,479.93,46415.10
50132,5/2/2024 4:53:30 AM,20031.10,480.10,46415.13
50132,5/2/2024 4:53:40 AM,20031.10,479.90,46415.10
50132,5/2/2024 4:53:50 AM,20031.05,479.95,46415.10
50132,5/2/2024 4:54:00 AM,20031.11,479.95,46415.08
50132,5/2/2024 4:54:10 AM,20031.10,479.85,46415.04
50132,5/2/2024 4:54:20 AM,20031.21,479.82,46414.94
50132,5/2/2024 4:54:30 AM,20031.30,479.98,46415.00
50132,5/2/2024 4:54:40 AM,20031.27,480.00,46414.95
50132,5/2/2024 4:54:50 AM,20031.26,480.00,46415.08
50132,5/2/2024 4:55:00 AM,20031.20,480.03,46415.04
50132,5/2/2024 4:55:10 AM,20031.20,480.00,46415.00
50132,5/2/2024 4:55:20 AM,20031.20,480.20,46414.90
50132,5/2/2024 4:55:30 AM,20031.00,480.00,46415.10
50132,5/2/2024 4:55:40 AM,20030.80,480.10,46415.00
50132,5/2/2024 4:55:50 AM,20030.70,480.00,46415.10
50132,5/2/2024 4:56:00 AM,20030.70,480.10,46415.00
50132,5/2/2024 4:56:10 AM,20030.57,479.90,46414.93
50132,5/2/2024 4:56:20 AM,20030.52,479.95,46414.80
50132,5/2/2024 4:56:30 AM,20030.66,479.97,46414.90
50132,5/2/2024 4:56:40 AM,20030.60,479.83,46414.87
50132,5/2/2024 4:56:50 AM,20030.63,480.05,46414.83
50132,5/2/2024 4:57:00 AM,20030.70,479.92,46415.00
50132,5/2/2024 4:57:10 AM,20030.80,479.80,46414.86
50132,5/2/2024 4:57:20 AM,20030.90,479.96,46414.96
50132,5/2/2024 4:57:30 AM,20030.86,479.92,46414.88
50132,5/2/2024 4:57:40 AM,20030.83,480.00,46414.96
50132,5/2/2024 4:57:50 AM,20030.70,479.92,46414.86
50132,5/2/2024 4:58:00 AM,20030.83,479.95,46414.80
50132,5/2/2024 4:58:10 AM,20030.90,480.03,46414.81
50132,5/2/2024 4:58:20 AM,20030.90,479.97,46414.80
50132,5/2/2024 4:58:30 AM,20030.90,480.01,46415.00
50132,5/2/2024 4:58:40 AM,20030.80,479.92,46414.87
50132,5/2/2024 4:58:50 AM,20030.75,480.00,46414.85
50132,5/2/2024 4:59:00 AM,20030.73,480.02,46414.84
50132,5/2/2024 4:59:10 AM,20030.72,480.10,46414.80
50132,5/2/2024 4:59:20 AM,20030.56,480.20,46414.65
50132,5/2/2024 4:59:30 AM,20030.50,480.08,46414.75
50132,5/2/2024 4:59:40 AM,20030.30,480.13,46414.70
50132,5/2/2024 4:59:50 AM,20030.30,480.30,46414.65
50132,5/2/2024 5:00:00 AM,20030.25,480.29,46414.62
50132,5/2/2024 5:00:10 AM,20030.15,480.34,46414.73
50132,5/2/2024 5:00:20 AM,20030.25,480.60,46414.65
50132,5/2/2024 5:00:30 AM,20030.05,480.41,46414.69
50132,5/2/2024 5:00:40 AM,20029.90,480.40,46414.46
50132,5/2/2024 5:00:50 AM,20029.97,480.57,46414.45
50132,5/2/2024 5:01:00 AM,20029.79,480.60,46414.60
50132,5/2/2024 5:01:10 AM,20029.83,480.80,46414.40
50132,5/2/2024 5:01:20 AM,20029.84,480.80,46414.45
50132,5/2/2024 5:01:30 AM,20030.00,481.10,46414.30
50132,5/2/2024 5:01:40 AM,20029.90,481.20,46414.20
50132,5/2/2024 5:01:50 AM,20029.90,481.14,46414.38
50132,5/2/2024 5:02:00 AM,20030.08,481.33,46414.40
50132,5/2/2024 5:02:10 AM,20030.00,481.36,46414.20
50132,5/2/2024 5:02:20 AM,20030.30,481.50,46414.32
50132,5/2/2024 5:02:30 AM,20030.20,481.33,46414.40
50132,5/2/2024 5:02:40 AM,20030.30,481.33,46414.23
50132,5/2/2024 5:02:50 AM,20030.40,481.50,46414.23
50132,5/2/2024 5:03:00 AM,20030.57,481.58,46414.26
50132,5/2/2024 5:03:10 AM,20030.66,481.55,46414.30
50132,5/2/2024 5:03:20 AM,20030.90,481.53,46414.20
50132,5/2/2024 5:03:30 AM,20031.04,481.60,46414.14
50132,5/2/2024 5:03:40 AM,20031.20,481.60,46414.27
50132,5/2/2024 5:03:50 AM,20031.50,481.69,46414.20
50132,5/2/2024 5:04:00 AM,20031.52,481.64,46414.40
50132,5/2/2024 5:04:10 AM,20031.77,481.70,46414.38
50132,5/2/2024 5:04:20 AM,20031.80,481.53,46414.20
50132,5/2/2024 5:04:30 AM,20031.90,481.52,46414.20
50132,5/2/2024 5:04:40 AM,20032.10,481.58,46414.40
50132,5/2/2024 5:04:50 AM,20032.30,481.50,46414.35
50132,5/2/2024 5:05:00 AM,20032.14,481.30,46414.33
50132,5/2/2024 5:05:10 AM,20032.20,481.40,46414.10
50132,5/2/2024 5:05:20 AM,20032.10,481.20,46414.30
50132,5/2/2024 5:05:30 AM,20032.10,481.40,46414.20
50132,5/2/2024 5:05:40 AM,20032.10,481.40,46414.40
50132,5/2/2024 5:05:50 AM,20032.00,481.60,46414.30
50132,5/2/2024 5:06:00 AM,20032.10,481.60,46414.20
50132,5/2/2024 5:06:10 AM,20032.10,481.79,46414.30
50132,5/2/2024 5:06:20 AM,20032.00,481.76,46414.29
50132,5/2/2024 5:06:30 AM,20031.86,481.73,46414.28
50132,5/2/2024 5:06:40 AM,20031.66,481.62,46414.20
50132,5/2/2024 5:06:50 AM,20031.50,481.63,46414.35
50132,5/2/2024 5:07:00 AM,20031.40,481.70,46414.20
50132,5/2/2024 5:07:10 AM,20031.32,481.67,46414.00
50132,5/2/2024 5:07:20 AM,20031.23,481.62,46414.20
50132,5/2/2024 5:07:30 AM,20031.10,481.55,46414.18
50132,5/2/2024 5:07:40 AM,20031.04,481.52,46414.13
50132,5/2/2024 5:07:50 AM,20030.90,481.63,46414.15
50132,5/2/2024 5:08:00 AM,20031.00,481.80,46414.20
50132,5/2/2024 5:08:10 AM,20030.72,481.85,46414.10
50132,5/2/2024 5:08:20 AM,20030.57,481.87,46413.98
50132,5/2/2024 5:08:30 AM,20030.33,481.87,46414.00
50132,5/2/2024 5:08:40 AM,20030.10,482.00,46413.88
50132,5/2/2024 5:08:50 AM,20030.05,482.10,46413.93
50132,5/2/2024 5:09:00 AM,20029.93,482.20,46414.00
50132,5/2/2024 5:09:10 AM,20029.67,482.15,46413.80
50132,5/2/2024 5:09:20 AM,20029.51,482.30,46413.70
50132,5/2/2024 5:09:30 AM,20029.26,482.35,46413.60
50132,5/2/2024 5:09:40 AM,20029.08,482.40,46413.60
50132,5/2/2024 5:09:50 AM,20029.00,482.70,46413.55
50132,5/2/2024 5:10:00 AM,20028.80,482.80,46413.44
50132,5/2/2024 5:10:10 AM,20028.80,482.83,46413.54
50132,5/2/2024 5:10:20 AM,20028.60,482.95,46413.30
50132,5/2/2024 5:10:30 AM,20028.60,483.05,46413.10
50132,5/2/2024 5:10:40 AM,20028.50,483.00,46413.20
50132,5/2/2024 5:10:50 AM,20028.70,483.40,46413.10
50132,5/2/2024 5:11:00 AM,20028.56,483.40,46413.10
50132,5/2/2024 5:11:10 AM,20028.70,483.50,46413.05
50132,5/2/2024 5:11:20 AM,20028.60,483.73,46413.00
50132,5/2/2024 5:11:30 AM,20028.60,483.80,46412.93
50132,5/2/2024 5:11:40 AM,20028.58,483.80,46412.90
50132,5/2/2024 5:11:50 AM,20028.54,484.02,46412.84
50132,5/2/2024 5:12:00 AM,20028.50,484.09,46412.70
50132,5/2/2024 5:12:10 AM,20028.64,484.40,46412.71
50132,5/2/2024 5:12:20 AM,20028.70,484.30,46412.80
50132,5/2/2024 5:12:30 AM,20028.90,484.50,46412.84
50132,5/2/2024 5:12:40 AM,20028.93,484.55,46412.94
50132,5/2/2024 5:12:50 AM,20029.10,484.60,46412.90
50132,5/2/2024 5:13:00 AM,20029.11,484.80,46412.76
50132,5/2/2024 5:13:10 AM,20029.17,484.80,46412.82
50132,5/2/2024 5:13:20 AM,20029.30,484.80,46412.90
50132,5/2/2024 5:13:30 AM,20029.15,484.90,46412.83
50132,5/2/2024 5:13:40 AM,20029.37,484.87,46412.75
50132,5/2/2024 5:13:50 AM,20029.32,484.93,46412.80
50132,5/2/2024 5:14:00 AM,20029.38,484.80,46412.77
50132,5/2/2024 5:14:10 AM,20029.54,484.90,46412.90
50132,5/2/2024 5:14:20 AM,20029.60,484.90,46412.97
50132,5/2/2024 5:14:30 AM,20029.70,484.92,46412.90
50132,5/2/2024 5:14:40 AM,20029.70,484.95,46413.00
50132,5/2/2024 5:14:50 AM,20029.70,485.00,46412.93
50132,5/2/2024 5:15:00 AM,20029.70,484.80,46413.00
50132,5/2/2024 5:15:10 AM,20029.70,484.70,46412.90
50132,5/2/2024 5:15:20 AM,20029.70,484.60,46412.80
50132,5/2/2024 5:15:30 AM,20029.80,484.60,46412.90
50132,5/2/2024 5:15:40 AM,20030.10,484.80,46412.90
50132,5/2/2024 5:15:50 AM,20030.10,484.60,46412.90
50132,5/2/2024 5:16:00 AM,20030.20,484.60,46413.00
50132,5/2/2024 5:16:10 AM,20030.30,484.50,46412.90
50132,5/2/2024 5:16:20 AM,20030.40,484.60,46412.92
50132,5/2/2024 5:16:30 AM,20030.44,484.50,46412.92
50132,5/2/2024 5:16:40 AM,20030.60,484.40,46413.05
50132,5/2/2024 5:16:50 AM,20030.75,484.40,46413.00
50132,5/2/2024 5:17:00 AM,20030.90,484.36,46413.13
50132,5/2/2024 5:17:10 AM,20030.94,484.35,46413.20
50132,5/2/2024 5:17:20 AM,20030.99,484.27,46413.16
50132,5/2/2024 5:17:30 AM,20031.20,484.20,46413.20
50132,5/2/2024 5:17:40 AM,20031.20,484.20,46413.32
50132,5/2/2024 5:17:50 AM,20031.13,484.16,46413.30
50132,5/2/2024 5:18:00 AM,20031.20,484.03,46413.32
50132,5/2/2024 5:18:10 AM,20031.10,484.07,46413.31
50132,5/2/2024 5:18:20 AM,20031.10,483.90,46413.40
50132,5/2/2024 5:18:30 AM,20031.10,483.98,46413.32
50132,5/2/2024 5:18:40 AM,20031.10,483.87,46413.40
50132,5/2/2024 5:18:50 AM,20030.97,483.89,46413.50
50132,5/2/2024 5:19:00 AM,20031.09,483.80,46413.57
50132,5/2/2024 5:19:10 AM,20030.90,483.80,46413.64
50132,5/2/2024 5:19:20 AM,20030.90,483.63,46413.60
50132,5/2/2024 5:19:30 AM,20030.77,483.35,46413.50
50132,5/2/2024 5:19:40 AM,20030.71,483.20,46413.56
50132,5/2/2024 5:19:50 AM,20030.65,483.04,46413.70
50132,5/2/2024 5:20:00 AM,20030.40,482.90,46413.65
50132,5/2/2024 5:20:10 AM,20030.33,483.10,46413.75
50132,5/2/2024 5:20:20 AM,20030.17,482.85,46413.73
50132,5/2/2024 5:20:30 AM,20029.93,482.90,46413.64
50132,5/2/2024 5:20:40 AM,20029.80,482.87,46413.70
50132,5/2/2024 5:20:50 AM,20029.70,482.89,46413.63
50132,5/2/2024 5:21:00 AM,20029.60,482.88,46413.80
50132,5/2/2024 5:21:10 AM,20029.49,482.70,46413.73
50132,5/2/2024 5:21:20 AM,20029.34,482.77,46413.70
50132,5/2/2024 5:21:30 AM,20029.20,482.90,46413.60
50132,5/2/2024 5:21:40 AM,20028.90,482.80,46413.60
50132,5/2/2024 5:21:50 AM,20028.68,482.93,46413.55
50132,5/2/2024 5:22:00 AM,20028.40,482.93,46413.60
50132,5/2/2024 5:22:10 AM,20028.17,483.00,46413.46
50132,5/2/2024 5:22:20 AM,20027.93,483.20,46413.45
50132,5/2/2024 5:22:30 AM,20027.57,483.10,46413.35
50132,5/2/2024 5:22:40 AM,20027.27,483.17,46413.10
50132,5/2/2024 5:22:50 AM,20027.00,483.10,46413.10
50132,5/2/2024 5:23:00 AM,20026.70,483.14,46413.20
50132,5/2/2024 5:23:10 AM,20026.70,483.17,46413.04
50132,5/2/2024 5:23:20 AM,20026.50,483.10,46412.95
50132,5/2/2024 5:23:30 AM,20026.36,483.33,46412.80
50132,5/2/2024 5:23:40 AM,20025.95,483.40,46412.95
50132,5/2/2024 5:23:50 AM,20025.53,483.40,46412.80
50132,5/2/2024 5:24:00 AM,20024.97,483.37,46412.76
50132,5/2/2024 5:24:10 AM,20024.40,483.26,46412.54
50132,5/2/2024 5:24:20 AM,20023.80,483.30,46412.46
50132,5/2/2024 5:24:30 AM,20023.29,483.10,46412.50
50132,5/2/2024 5:24:40 AM,20022.90,483.20,46412.27
50132,5/2/2024 5:24:50 AM,20022.41,482.99,46412.07
50132,5/2/2024 5:25:00 AM,20022.10,482.90,46411.96
50132,5/2/2024 5:25:10 AM,20021.80,482.90,46412.10
50132,5/2/2024 5:25:20 AM,20021.40,482.90,46411.90
50132,5/2/2024 5:25:30 AM,20021.00,483.00,46411.80
50132,5/2/2024 5:25:40 AM,20020.60,483.00,46411.80
50132,5/2/2024 5:25:50 AM,20020.00,483.00,46411.60
50132,5/2/2024 5:26:00 AM,20019.60,482.90,46411.60
50132,5/2/2024 5:26:10 AM,20019.30,482.93,46411.50
50132,5/2/2024 5:26:20 AM,20018.82,482.88,46411.30
50132,5/2/2024 5:26:30 AM,20018.54,482.90,46411.25
50132,5/2/2024 5:26:40 AM,20018.16,482.85,46411.13
50132,5/2/2024 5:26:50 AM,20017.88,482.90,46411.10
50132,5/2/2024 5:27:00 AM,20017.52,482.85,46410.97
50132,5/2/2024 5:27:10 AM,20017.27,482.74,46410.92
50132,5/2/2024 5:27:20 AM,20016.94,482.70,46410.90
50132,5/2/2024 5:27:30 AM,20016.55,482.73,46410.80
50132,5/2/2024 5:27:40 AM,20016.44,482.72,46410.80
50132,5/2/2024 5:27:50 AM,20016.10,482.74,46410.70
50132,5/2/2024 5:28:00 AM,20015.80,482.76,46410.62
50132,5/2/2024 5:28:10 AM,20015.72,482.78,46410.50
50132,5/2/2024 5:28:20 AM,20015.46,482.80,46410.60
50132,5/2/2024 5:28:30 AM,20015.20,482.86,46410.54
50132,5/2/2024 5:28:40 AM,20015.17,482.85,46410.38
50132,5/2/2024 5:28:50 AM,20015.10,482.93,46410.38
50132,5/2/2024 5:29:00 AM,20014.98,483.04,46410.25
50132,5/2/2024 5:29:10 AM,20014.80,483.07,46410.20
50132,5/2/2024 5:29:20 AM,20014.75,483.02,46410.17
50132,5/2/2024 5:29:30 AM,20014.60,483.10,46410.10
50132,5/2/2024 5:29:40 AM,20014.60,483.25,46410.07
50132,5/2/2024 5:29:50 AM,20014.62,483.30,46410.20
50132,5/2/2024 5:30:00 AM,20014.60,483.30,46410.07
50132,5/2/2024 5:30:10 AM,20014.60,483.30,46410.07
50132,5/2/2024 5:30:20 AM,20014.70,483.24,46410.20
50132,5/2/2024 5:30:30 AM,20014.77,483.44,46410.06
50132,5/2/2024 5:30:40 AM,20014.75,483.34,46409.91
50132,5/2/2024 5:30:50 AM,20014.70,483.30,46409.90
50132,5/2/2024 5:31:00 AM,20014.90,483.34,46409.96
50132,5/2/2024 5:31:10 AM,20014.93,483.50,46409.96
50132,5/2/2024 5:31:20 AM,20015.10,483.50,46410.05
50132,5/2/2024 5:31:30 AM,20015.10,483.51,46409.90
50132,5/2/2024 5:31:40 AM,20015.18,483.45,46410.00
50132,5/2/2024 5:31:50 AM,20015.42,483.60,46410.00
50132,5/2/2024 5:32:00 AM,20015.50,483.50,46410.10
50132,5/2/2024 5:32:10 AM,20015.70,483.62,46410.10
50132,5/2/2024 5:32:20 AM,20015.70,483.58,46410.20
50132,5/2/2024 5:32:30 AM,20015.96,483.53,46410.20
50132,5/2/2024 5:32:40 AM,20016.08,483.40,46410.10
50132,5/2/2024 5:32:50 AM,20016.40,483.50,46410.30
50132,5/2/2024 5:33:00 AM,20016.50,483.36,46410.40
50132,5/2/2024 5:33:10 AM,20016.52,483.35,46410.30
50132,5/2/2024 5:33:20 AM,20016.67,483.32,46410.41
50132,5/2/2024 5:33:30 AM,20016.70,483.36,46410.50
50132,5/2/2024 5:33:40 AM,20016.90,483.20,46410.55
50132,5/2/2024 5:33:50 AM,20017.00,483.14,46410.58
50132,5/2/2024 5:34:00 AM,20017.15,483.10,46410.58
50132,5/2/2024 5:34:10 AM,20017.25,483.20,46410.66
50132,5/2/2024 5:34:20 AM,20017.40,483.10,46410.70
50132,5/2/2024 5:34:30 AM,20017.60,483.20,46410.80
50132,5/2/2024 5:34:40 AM,20017.72,483.10,46410.82
50132,5/2/2024 5:34:50 AM,20017.90,483.08,46410.95
50132,5/2/2024 5:35:00 AM,20017.90,483.00,46411.10
50132,5/2/2024 5:35:10 AM,20018.00,483.20,46411.00
50132,5/2/2024 5:35:20 AM,20018.00,483.30,46411.10
50132,5/2/2024 5:35:30 AM,20018.10,483.30,46411.20
50132,5/2/2024 5:35:40 AM,20018.30,483.30,46411.20
50132,5/2/2024 5:35:50 AM,20018.40,483.40,46411.10
50132,5/2/2024 5:36:00 AM,20018.70,483.50,46411.10
50132,5/2/2024 5:36:10 AM,20019.05,483.62,46411.28
50132,5/2/2024 5:36:20 AM,20019.28,483.72,46411.40
50132,5/2/2024 5:36:30 AM,20019.20,483.87,46411.40
50132,5/2/2024 5:36:40 AM,20019.02,484.13,46411.43
50132,5/2/2024 5:36:50 AM,20019.08,484.18,46411.46
50132,5/2/2024 5:37:00 AM,20019.10,484.13,46411.44
50132,5/2/2024 5:37:10 AM,20019.10,484.29,46411.32
50132,5/2/2024 5:37:20 AM,20019.38,484.27,46411.30
50132,5/2/2024 5:37:30 AM,20019.72,484.24,46411.40
50132,5/2/2024 5:37:40 AM,20020.00,484.21,46411.45
50132,5/2/2024 5:37:50 AM,20020.30,484.30,46411.60
50132,5/2/2024 5:38:00 AM,20020.27,484.25,46411.58
50132,5/2/2024 5:38:10 AM,20020.45,484.13,46411.50
50132,5/2/2024 5:38:20 AM,20020.60,484.20,46411.60
50132,5/2/2024 5:38:30 AM,20020.60,484.24,46411.79
50132,5/2/2024 5:38:40 AM,20020.64,484.30,46411.70
50132,5/2/2024 5:38:50 AM,20020.48,484.30,46411.70
50132,5/2/2024 5:39:00 AM,20020.30,484.20,46411.73
50132,5/2/2024 5:39:10 AM,20020.14,484.20,46411.90
50132,5/2/2024 5:39:20 AM,20020.36,484.10,46411.74
50132,5/2/2024 5:39:30 AM,20020.72,484.05,46411.90
50132,5/2/2024 5:39:40 AM,20021.07,484.00,46411.90
50132,5/2/2024 5:39:50 AM,20021.20,484.00,46411.95
50132,5/2/2024 5:40:00 AM,20021.15,484.20,46412.00
50132,5/2/2024 5:40:10 AM,20020.97,484.20,46411.92
50132,5/2/2024 5:40:20 AM,20020.77,484.21,46412.00
50132,5/2/2024 5:40:30 AM,20020.46,484.04,46412.00
50132,5/2/2024 5:40:40 AM,20020.35,484.06,46412.09
50132,5/2/2024 5:40:50 AM,20020.33,483.91,46412.10
50132,5/2/2024 5:41:00 AM,20020.32,483.80,46412.05
50132,5/2/2024 5:41:10 AM,20020.50,483.80,46412.05
50132,5/2/2024 5:41:20 AM,20020.50,483.74,46412.03
50132,5/2/2024 5:41:30 AM,20020.50,483.85,46412.03
50132,5/2/2024 5:41:40 AM,20020.50,483.88,46412.14
50132,5/2/2024 5:41:50 AM,20020.42,483.97,46412.00
50132,5/2/2024 5:42:00 AM,20020.22,484.00,46412.20
50132,5/2/2024 5:42:10 AM,20020.07,483.96,46412.20
50132,5/2/2024 5:42:20 AM,20019.91,483.90,46412.10
50132,5/2/2024 5:42:30 AM,20019.84,483.70,46412.15
50132,5/2/2024 5:42:40 AM,20020.00,483.66,46412.10
50132,5/2/2024 5:42:50 AM,20020.00,483.73,46412.10
50132,5/2/2024 5:43:00 AM,20020.00,483.80,46412.18
50132,5/2/2024 5:43:10 AM,20020.00,483.70,46412.20
50132,5/2/2024 5:43:20 AM,20019.90,483.80,46412.08
50132,5/2/2024 5:43:30 AM,20020.05,483.86,46412.02
50132,5/2/2024 5:43:40 AM,20020.10,483.83,46412.11
50132,5/2/2024 5:43:50 AM,20020.10,483.70,46412.10
50132,5/2/2024 5:44:00 AM,20020.00,483.70,46412.15
50132,5/2/2024 5:44:10 AM,20020.00,483.53,46412.10
50132,5/2/2024 5:44:20 AM,20019.94,483.54,46412.00
50132,5/2/2024 5:44:30 AM,20020.08,483.60,46412.10
50132,5/2/2024 5:44:40 AM,20020.10,483.47,46412.00
50132,5/2/2024 5:44:50 AM,20020.30,483.45,46411.90
50132,5/2/2024 5:45:00 AM,20020.40,483.35,46412.00
50132,5/2/2024 5:45:10 AM,20020.40,483.40,46412.10
50132,5/2/2024 5:45:20 AM,20020.50,483.40,46412.10
50132,5/2/2024 5:45:30 AM,20020.50,483.40,46412.20
50132,5/2/2024 5:45:40 AM,20020.70,483.40,46412.10
50132,5/2/2024 5:45:50 AM,20020.50,483.30,46412.20
50132,5/2/2024 5:46:00 AM,20020.50,483.30,46412.10
50132,5/2/2024 5:46:10 AM,20020.50,483.15,46412.16
50132,5/2/2024 5:46:20 AM,20020.50,483.12,46412.13
50132,5/2/2024 5:46:30 AM,20020.50,483.05,46412.15
50132,5/2/2024 5:46:40 AM,20020.57,483.07,46412.16
50132,5/2/2024 5:46:50 AM,20020.66,482.90,46412.11
50132,5/2/2024 5:47:00 AM,20020.70,482.80,46412.18
50132,5/2/2024 5:47:10 AM,20020.70,482.88,46412.08
50132,5/2/2024 5:47:20 AM,20021.00,482.77,46412.20
50132,5/2/2024 5:47:30 AM,20020.95,482.70,46412.30
50132,5/2/2024 5:47:40 AM,20021.10,482.55,46412.20
50132,5/2/2024 5:47:50 AM,20021.15,482.60,46412.20
50132,5/2/2024 5:48:00 AM,20021.30,482.46,46412.23
50132,5/2/2024 5:48:10 AM,20021.45,482.50,46412.40
50132,5/2/2024 5:48:20 AM,20021.32,482.40,46412.37
50132,5/2/2024 5:48:30 AM,20021.34,482.35,46412.20
50132,5/2/2024 5:48:40 AM,20021.39,482.20,46412.40
50132,5/2/2024 5:48:50 AM,20021.50,482.20,46412.40
50132,5/2/2024 5:49:00 AM,20021.55,482.20,46412.50
50132,5/2/2024 5:49:10 AM,20021.67,482.19,46412.40
50132,5/2/2024 5:49:20 AM,20021.90,482.40,46412.30
50132,5/2/2024 5:49:30 AM,20021.70,482.10,46412.40
50132,5/2/2024 5:49:40 AM,20021.70,482.00,46412.42
50132,5/2/2024 5:49:50 AM,20021.70,481.90,46412.44
50132,5/2/2024 5:50:00 AM,20021.70,482.00,46412.57
50132,5/2/2024 5:50:10 AM,20021.70,481.91,46412.60
50132,5/2/2024 5:50:20 AM,20021.70,481.92,46412.55
50132,5/2/2024 5:50:30 AM,20021.62,481.98,46412.60
50132,5/2/2024 5:50:40 AM,20021.66,481.94,46412.55
50132,5/2/2024 5:50:50 AM,20021.73,482.00,46412.50
50132,5/2/2024 5:51:00 AM,20021.67,482.02,46412.63
50132,5/2/2024 5:51:10 AM,20021.77,482.15,46412.70
50132,5/2/2024 5:51:20 AM,20021.60,482.01,46412.70
50132,5/2/2024 5:51:30 AM,20021.85,482.07,46412.70
50132,5/2/2024 5:51:40 AM,20021.90,482.15,46412.70
50132,5/2/2024 5:51:50 AM,20021.92,482.11,46412.50
50132,5/2/2024 5:52:00 AM,20021.89,482.13,46412.60
50132,5/2/2024 5:52:10 AM,20021.91,482.30,46412.62
50132,5/2/2024 5:52:20 AM,20021.90,482.30,46412.66
50132,5/2/2024 5:52:30 AM,20021.87,482.40,46412.70
50132,5/2/2024 5:52:40 AM,20022.00,482.40,46412.62
50132,5/2/2024 5:52:50 AM,20022.00,482.25,46412.57
50132,5/2/2024 5:53:00 AM,20022.00,482.40,46412.63
50132,5/2/2024 5:53:10 AM,20022.03,482.40,46412.70
50132,5/2/2024 5:53:20 AM,20022.08,482.37,46412.63
50132,5/2/2024 5:53:30 AM,20022.20,482.22,46412.70
50132,5/2/2024 5:53:40 AM,20022.20,482.30,46412.70
50132,5/2/2024 5:53:50 AM,20022.33,482.20,46412.70
50132,5/2/2024 5:54:00 AM,20022.35,482.20,46412.75
50132,5/2/2024 5:54:10 AM,20022.30,482.20,46412.79
50132,5/2/2024 5:54:20 AM,20022.40,482.15,46412.60
50132,5/2/2024 5:54:30 AM,20022.40,482.20,46412.50
50132,5/2/2024 5:54:40 AM,20022.37,482.22,46412.77
50132,5/2/2024 5:54:50 AM,20022.30,482.11,46412.65
50132,5/2/2024 5:55:00 AM,20022.30,482.18,46412.80
50132,5/2/2024 5:55:10 AM,20022.40,482.30,46412.70
50132,5/2/2024 5:55:20 AM,20022.30,482.20,46412.60
50132,5/2/2024 5:55:30 AM,20022.30,482.20,46412.80
50132,5/2/2024 5:55:40 AM,20022.10,482.10,46412.60
50132,5/2/2024 5:55:50 AM,20022.10,482.10,46412.60
50132,5/2/2024 5:56:00 AM,20022.20,482.20,46412.80
50132,5/2/2024 5:56:10 AM,20022.08,482.23,46412.87
50132,5/2/2024 5:56:20 AM,20022.03,482.29,46412.84
50132,5/2/2024 5:56:30 AM,20022.00,482.20,46412.80
50132,5/2/2024 5:56:40 AM,20021.80,482.20,46412.83
50132,5/2/2024 5:56:50 AM,20021.90,482.30,46412.89
50132,5/2/2024 5:57:00 AM,20021.74,482.30,46412.95
50132,5/2/2024 5:57:10 AM,20021.75,482.37,46413.00
50132,5/2/2024 5:57:20 AM,20021.80,482.43,46412.85
50132,5/2/2024 5:57:30 AM,20021.60,482.53,46412.90
50132,5/2/2024 5:57:40 AM,20021.60,482.68,46412.81
50132,5/2/2024 5:57:50 AM,20021.60,482.80,46412.95
50132,5/2/2024 5:58:00 AM,20021.80,482.80,46412.96
50132,5/2/2024 5:58:10 AM,20021.78,482.80,46412.90
50132,5/2/2024 5:58:20 AM,20021.65,482.85,46412.80
50132,5/2/2024 5:58:30 AM,20021.76,482.89,46412.70
50132,5/2/2024 5:58:40 AM,20021.90,483.00,46412.70
50132,5/2/2024 5:58:50 AM,20021.90,482.90,46412.70
50132,5/2/2024 5:59:00 AM,20021.90,483.00,46412.74
50132,5/2/2024 5:59:10 AM,20021.90,483.05,46412.70
50132,5/2/2024 5:59:20 AM,20021.90,482.93,46412.70
50132,5/2/2024 5:59:30 AM,20021.90,482.97,46412.80
50132,5/2/2024 5:59:40 AM,20021.80,483.00,46412.83
50132,5/2/2024 5:59:50 AM,20021.75,482.90,46412.82
50132,5/2/2024 6:00:00 AM,20021.75,483.00,46412.70
50132,5/2/2024 6:00:10 AM,20021.87,483.38,46412.90
50132,5/2/2024 6:00:20 AM,20021.80,483.40,46412.80
50132,5/2/2024 6:00:30 AM,20021.71,483.47,46412.88
50132,5/2/2024 6:00:40 AM,20021.80,483.40,46412.75
50132,5/2/2024 6:00:50 AM,20021.83,483.40,46412.74
50132,5/2/2024 6:01:00 AM,20022.00,483.45,46412.82
50132,5/2/2024 6:01:10 AM,20022.00,483.50,46412.77
50132,5/2/2024 6:01:20 AM,20022.00,483.14,46412.90
50132,5/2/2024 6:01:30 AM,20021.82,482.90,46412.90
50132,5/2/2024 6:01:40 AM,20022.00,482.90,46412.70
50132,5/2/2024 6:01:50 AM,20022.13,483.02,46412.77
50132,5/2/2024 6:02:00 AM,20022.40,483.35,46412.90
50132,5/2/2024 6:02:10 AM,20022.48,483.80,46412.90
50132,5/2/2024 6:02:20 AM,20022.55,483.98,46412.90
50132,5/2/2024 6:02:30 AM,20022.60,484.02,46412.98
50132,5/2/2024 6:02:40 AM,20022.60,483.70,46412.91
50132,5/2/2024 6:02:50 AM,20022.68,483.20,46412.80
50132,5/2/2024 6:03:00 AM,20022.90,482.90,46412.80
50132,5/2/2024 6:03:10 AM,20022.77,482.30,46412.85
50132,5/2/2024 6:03:20 AM,20022.90,482.07,46412.90
50132,5/2/2024 6:03:30 AM,20023.40,482.20,46413.10
50132,5/2/2024 6:03:40 AM,20023.68,482.15,46413.05
50132,5/2/2024 6:03:50 AM,20023.98,482.30,46413.10
50132,5/2/2024 6:04:00 AM,20024.23,482.77,46413.17
50132,5/2/2024 6:04:10 AM,20024.53,483.00,46413.20
50132,5/2/2024 6:04:20 AM,20024.82,483.07,46413.30
50132,5/2/2024 6:04:30 AM,20024.75,482.97,46413.40
50132,5/2/2024 6:04:40 AM,20024.83,482.60,46413.40
50132,5/2/2024 6:04:50 AM,20024.90,482.05,46413.40
50132,5/2/2024 6:05:00 AM,20025.27,482.00,46413.29
50132,5/2/2024 6:05:10 AM,20025.70,481.90,46413.30
50132,5/2/2024 6:05:20 AM,20025.90,481.90,46413.40
50132,5/2/2024 6:05:30 AM,20026.00,482.00,46413.50
50132,5/2/2024 6:05:40 AM,20026.00,481.90,46413.50
50132,5/2/2024 6:05:50 AM,20026.10,482.10,46413.60
50132,5/2/2024 6:06:00 AM,20026.40,482.30,46413.60
50132,5/2/2024 6:06:10 AM,20026.80,482.46,46413.50
50132,5/2/2024 6:06:20 AM,20027.05,482.10,46413.60
50132,5/2/2024 6:06:30 AM,20027.37,481.57,46413.43
50132,5/2/2024 6:06:40 AM,20027.70,481.20,46413.54
50132,5/2/2024 6:06:50 AM,20027.86,481.24,46413.70
50132,5/2/2024 6:07:00 AM,20027.92,481.40,46413.85
50132,5/2/2024 6:07:10 AM,20028.07,481.23,46413.75
50132,5/2/2024 6:07:20 AM,20028.46,481.30,46413.73
50132,5/2/2024 6:07:30 AM,20028.77,481.40,46413.87
50132,5/2/2024 6:07:40 AM,20029.15,481.40,46413.81
50132,5/2/2024 6:07:50 AM,20029.35,481.30,46413.80
50132,5/2/2024 6:08:00 AM,20029.60,481.00,46413.80
50132,5/2/2024 6:08:10 AM,20029.60,480.83,46414.00
50132,5/2/2024 6:08:20 AM,20029.60,480.57,46414.05
50132,5/2/2024 6:08:30 AM,20029.60,480.40,46414.10
50132,5/2/2024 6:08:40 AM,20029.90,480.22,46414.00
50132,5/2/2024 6:08:50 AM,20030.10,480.08,46414.10
50132,5/2/2024 6:09:00 AM,20030.40,480.07,46414.20
50132,5/2/2024 6:09:10 AM,20030.40,480.20,46414.20
50132,5/2/2024 6:09:20 AM,20030.40,480.17,46414.05
50132,5/2/2024 6:09:30 AM,20030.30,480.25,46414.25
50132,5/2/2024 6:09:40 AM,20030.20,480.40,46414.28
50132,5/2/2024 6:09:50 AM,20030.10,480.20,46414.10
50132,5/2/2024 6:10:00 AM,20030.10,480.40,46414.04
50132,5/2/2024 6:10:10 AM,20030.25,479.90,46413.90
50132,5/2/2024 6:10:20 AM,20030.43,480.00,46414.16
50132,5/2/2024 6:10:30 AM,20030.45,479.70,46414.20
50132,5/2/2024 6:10:40 AM,20030.70,479.40,46414.20
50132,5/2/2024 6:10:50 AM,20031.05,479.60,46414.20
50132,5/2/2024 6:11:00 AM,20031.40,479.30,46414.20
50132,5/2/2024 6:11:10 AM,20031.80,479.35,46414.20
50132,5/2/2024 6:11:20 AM,20031.88,479.14,46414.25
50132,5/2/2024 6:11:30 AM,20031.95,478.84,46414.43
50132,5/2/2024 6:11:40 AM,20031.77,478.90,46414.46
50132,5/2/2024 6:11:50 AM,20031.40,478.63,46414.30
50132,5/2/2024 6:12:00 AM,20031.33,478.35,46414.32
50132,5/2/2024 6:12:10 AM,20031.30,478.06,46414.38
50132,5/2/2024 6:12:20 AM,20031.32,478.03,46414.30
50132,5/2/2024 6:12:30 AM,20031.62,478.10,46414.20
50132,5/2/2024 6:12:40 AM,20031.77,477.95,46414.18
50132,5/2/2024 6:12:50 AM,20032.07,477.90,46414.30
50132,5/2/2024 6:13:00 AM,20032.39,477.98,46414.20
50132,5/2/2024 6:13:10 AM,20032.35,477.80,46414.40
50132,5/2/2024 6:13:20 AM,20032.20,477.90,46414.50
50132,5/2/2024 6:13:30 AM,20032.28,477.63,46414.34
50132,5/2/2024 6:13:40 AM,20032.27,477.55,46414.40
50132,5/2/2024 6:13:50 AM,20032.20,477.50,46414.30
50132,5/2/2024 6:14:00 AM,20032.04,477.40,46414.27
50132,5/2/2024 6:14:10 AM,20032.16,477.50,46414.00
50132,5/2/2024 6:14:20 AM,20032.20,477.30,46414.20
50132,5/2/2024 6:14:30 AM,20032.10,477.40,46414.00
50132,5/2/2024 6:14:40 AM,20032.38,477.22,46414.10
50132,5/2/2024 6:14:50 AM,20032.77,477.10,46414.10
50132,5/2/2024 6:15:00 AM,20033.15,477.16,46414.10
50132,5/2/2024 6:15:10 AM,20033.50,477.20,46414.20
50132,5/2/2024 6:15:20 AM,20033.80,477.30,46414.30
50132,5/2/2024 6:15:30 AM,20033.90,477.50,46414.30
50132,5/2/2024 6:15:40 AM,20033.90,477.60,46414.30
50132,5/2/2024 6:15:50 AM,20033.80,477.70,46414.30
50132,5/2/2024 6:16:00 AM,20034.00,477.60,46414.20
50132,5/2/2024 6:16:10 AM,20034.00,477.80,46414.00
50132,5/2/2024 6:16:20 AM,20034.30,477.73,46414.20
50132,5/2/2024 6:16:30 AM,20034.40,477.75,46414.20
50132,5/2/2024 6:16:40 AM,20034.83,477.80,46414.10
50132,5/2/2024 6:16:50 AM,20035.23,478.20,46414.00
50132,5/2/2024 6:17:00 AM,20035.37,478.30,46414.20
50132,5/2/2024 6:17:10 AM,20035.57,478.35,46414.00
50132,5/2/2024 6:17:20 AM,20035.82,478.65,46414.10
50132,5/2/2024 6:17:30 AM,20036.29,478.58,46414.05
50132,5/2/2024 6:17:40 AM,20036.80,478.35,46414.10
50132,5/2/2024 6:17:50 AM,20037.60,478.20,46414.07
50132,5/2/2024 6:18:00 AM,20038.00,477.90,46414.00
50132,5/2/2024 6:18:10 AM,20038.20,477.92,46414.20
50132,5/2/2024 6:18:20 AM,20038.27,478.10,46414.21
50132,5/2/2024 6:18:30 AM,20038.10,478.36,46414.27
50132,5/2/2024 6:18:40 AM,20038.00,478.63,46414.20
50132,5/2/2024 6:18:50 AM,20037.98,478.60,46414.04
50132,5/2/2024 6:19:00 AM,20038.36,478.50,46414.00
50132,5/2/2024 6:19:10 AM,20038.80,478.50,46413.90
50132,5/2/2024 6:19:20 AM,20039.40,478.44,46414.10
50132,5/2/2024 6:19:30 AM,20039.36,478.48,46414.00
50132,5/2/2024 6:19:40 AM,20039.32,478.57,46413.95
50132,5/2/2024 6:19:50 AM,20039.32,478.70,46414.00
50132,5/2/2024 6:20:00 AM,20039.60,478.80,46414.10
50132,5/2/2024 6:20:10 AM,20039.60,478.67,46413.80
50132,5/2/2024 6:20:20 AM,20039.60,478.80,46413.90
50132,5/2/2024 6:20:30 AM,20039.90,478.92,46413.90
50132,5/2/2024 6:20:40 AM,20040.02,479.10,46413.90
50132,5/2/2024 6:20:50 AM,20040.18,479.30,46413.90
50132,5/2/2024 6:21:00 AM,20040.30,479.30,46413.90
50132,5/2/2024 6:21:10 AM,20040.25,479.46,46413.90
50132,5/2/2024 6:21:20 AM,20040.31,479.30,46413.80
50132,5/2/2024 6:21:30 AM,20040.40,479.48,46413.75
50132,5/2/2024 6:21:40 AM,20040.50,479.45,46413.70
50132,5/2/2024 6:21:50 AM,20040.50,479.58,46413.60
50132,5/2/2024 6:22:00 AM,20040.47,479.57,46413.60
50132,5/2/2024 6:22:10 AM,20040.39,479.73,46413.50
50132,5/2/2024 6:22:20 AM,20040.35,479.90,46413.50
50132,5/2/2024 6:22:30 AM,20040.31,480.15,46413.40
50132,5/2/2024 6:22:40 AM,20040.23,480.42,46413.48
50132,5/2/2024 6:22:50 AM,20040.10,480.53,46413.30
50132,5/2/2024 6:23:00 AM,20040.16,480.80,46413.30
50132,5/2/2024 6:23:10 AM,20040.20,480.93,46413.20
50132,5/2/2024 6:23:20 AM,20040.16,481.07,46413.00
50132,5/2/2024 6:23:30 AM,20040.10,481.24,46412.95
50132,5/2/2024 6:23:40 AM,20040.20,481.37,46412.80
50132,5/2/2024 6:23:50 AM,20040.15,481.34,46412.80
50132,5/2/2024 6:24:00 AM,20040.10,481.40,46412.65
50132,5/2/2024 6:24:10 AM,20040.10,481.40,46412.53
50132,5/2/2024 6:24:20 AM,20040.20,481.60,46412.48
50132,5/2/2024 6:24:30 AM,20040.30,481.73,46412.40
50132,5/2/2024 6:24:40 AM,20040.45,481.80,46412.29
50132,5/2/2024 6:24:50 AM,20040.68,481.80,46412.22
50132,5/2/2024 6:25:00 AM,20040.63,481.70,46412.24
50132,5/2/2024 6:25:10 AM,20040.50,481.70,46412.10
50132,5/2/2024 6:25:20 AM,20040.40,481.70,46412.10
50132,5/2/2024 6:25:30 AM,20040.00,481.60,46412.00
50132,5/2/2024 6:25:40 AM,20039.90,481.40,46411.90
50132,5/2/2024 6:25:50 AM,20039.90,480.90,46411.70
50132,5/2/2024 6:26:00 AM,20040.20,480.70,46411.70
50132,5/2/2024 6:26:10 AM,20040.40,480.70,46411.74
50132,5/2/2024 6:26:20 AM,20040.23,480.70,46411.70
50132,5/2/2024 6:26:30 AM,20040.10,480.80,46411.67
50132,5/2/2024 6:26:40 AM,20039.90,480.78,46411.75
50132,5/2/2024 6:26:50 AM,20039.80,480.83,46411.60
50132,5/2/2024 6:27:00 AM,20039.38,480.69,46411.65
50132,5/2/2024 6:27:10 AM,20039.05,480.56,46411.60
50132,5/2/2024 6:27:20 AM,20038.89,480.50,46411.40
50132,5/2/2024 6:27:30 AM,20038.70,480.80,46411.32
50132,5/2/2024 6:27:40 AM,20038.30,481.03,46411.26
50132,5/2/2024 6:27:50 AM,20038.15,481.30,46411.10
50132,5/2/2024 6:28:00 AM,20038.10,481.60,46411.10
50132,5/2/2024 6:28:10 AM,20038.00,481.62,46411.04
50132,5/2/2024 6:28:20 AM,20037.78,481.55,46410.95
50132,5/2/2024 6:28:30 AM,20037.60,481.55,46410.80
50132,5/2/2024 6:28:40 AM,20037.51,481.58,46410.64
50132,5/2/2024 6:28:50 AM,20037.40,481.58,46410.70
50132,5/2/2024 6:29:00 AM,20037.32,481.50,46410.55
50132,5/2/2024 6:29:10 AM,20037.40,481.30,46410.41
50132,5/2/2024 6:29:20 AM,20037.40,481.07,46410.45
50132,5/2/2024 6:29:30 AM,20037.40,480.87,46410.40
50132,5/2/2024 6:29:40 AM,20037.20,480.65,46410.37
50132,5/2/2024 6:29:50 AM,20037.40,480.60,46410.43
50132,5/2/2024 6:30:00 AM,20037.40,480.67,46410.39
50132,5/2/2024 6:30:10 AM,20037.50,480.70,46410.50
50132,5/2/2024 6:30:20 AM,20037.50,480.60,46410.42
50132,5/2/2024 6:30:30 AM,20037.72,480.61,46410.20
50132,5/2/2024 6:30:40 AM,20037.90,480.60,46410.37
50132,5/2/2024 6:30:50 AM,20038.25,480.80,46410.40
50132,5/2/2024 6:31:00 AM,20038.63,481.00,46410.50
50132,5/2/2024 6:31:10 AM,20038.70,481.10,46410.34
50132,5/2/2024 6:31:20 AM,20038.50,481.30,46410.37
50132,5/2/2024 6:31:30 AM,20038.44,481.22,46410.50
50132,5/2/2024 6:31:40 AM,20038.27,481.30,46410.50
50132,5/2/2024 6:31:50 AM,20038.25,481.50,46410.37
50132,5/2/2024 6:32:00 AM,20038.15,481.35,46410.30
50132,5/2/2024 6:32:10 AM,20038.27,481.39,46410.16
50132,5/2/2024 6:32:20 AM,20038.44,481.50,46410.30
50132,5/2/2024 6:32:30 AM,20038.60,481.43,46410.10
50132,5/2/2024 6:32:40 AM,20038.65,481.48,46410.10
50132,5/2/2024 6:32:50 AM,20038.78,481.63,46410.13
50132,5/2/2024 6:33:00 AM,20039.00,481.80,46410.15
50132,5/2/2024 6:33:10 AM,20039.09,481.80,46410.00
50132,5/2/2024 6:33:20 AM,20039.30,481.99,46410.05
50132,5/2/2024 6:33:30 AM,20039.20,481.90,46410.10
50132,5/2/2024 6:33:40 AM,20039.10,482.07,46410.02
50132,5/2/2024 6:33:50 AM,20039.10,481.99,46410.05
50132,5/2/2024 6:34:00 AM,20039.01,481.92,46409.90
50132,5/2/2024 6:34:10 AM,20039.12,481.80,46410.00
50132,5/2/2024 6:34:20 AM,20039.40,481.70,46409.96
50132,5/2/2024 6:34:30 AM,20039.40,481.80,46409.92
50132,5/2/2024 6:34:40 AM,20039.64,481.95,46409.95
50132,5/2/2024 6:34:50 AM,20040.00,482.10,46409.80
50132,5/2/2024 6:35:00 AM,20040.00,481.97,46410.00
50132,5/2/2024 6:35:10 AM,20040.40,482.20,46410.00
50132,5/2/2024 6:35:20 AM,20040.50,482.10,46410.00
50132,5/2/2024 6:35:30 AM,20040.70,482.20,46409.90
50132,5/2/2024 6:35:40 AM,20041.00,482.20,46410.00
50132,5/2/2024 6:35:50 AM,20040.90,482.10,46410.00
50132,5/2/2024 6:36:00 AM,20041.10,482.10,46410.00
50132,5/2/2024 6:36:10 AM,20041.20,482.02,46410.10
50132,5/2/2024 6:36:20 AM,20041.40,482.02,46410.04
50132,5/2/2024 6:36:30 AM,20041.53,482.00,46410.10
50132,5/2/2024 6:36:40 AM,20041.84,481.90,46410.27
50132,5/2/2024 6:36:50 AM,20041.94,481.80,46410.30
50132,5/2/2024 6:37:00 AM,20042.15,481.80,46410.40
50132,5/2/2024 6:37:10 AM,20042.42,481.85,46410.40
50132,5/2/2024 6:37:20 AM,20042.63,481.80,46410.35
50132,5/2/2024 6:37:30 AM,20042.83,481.96,46410.30
50132,5/2/2024 6:37:40 AM,20042.92,482.00,46410.41
50132,5/2/2024 6:37:50 AM,20042.91,481.97,46410.45
50132,5/2/2024 6:38:00 AM,20042.95,481.95,46410.40
50132,5/2/2024 6:38:10 AM,20042.98,482.00,46410.60
50132,5/2/2024 6:38:20 AM,20043.05,481.83,46410.50
50132,5/2/2024 6:38:30 AM,20043.22,481.90,46410.50
50132,5/2/2024 6:38:40 AM,20043.40,481.90,46410.45
50132,5/2/2024 6:38:50 AM,20043.46,482.10,46410.42
50132,5/2/2024 6:39:00 AM,20043.60,482.30,46410.43
50132,5/2/2024 6:39:10 AM,20043.90,482.40,46410.55
50132,5/2/2024 6:39:20 AM,20043.87,482.35,46410.60
50132,5/2/2024 6:39:30 AM,20043.81,482.40,46410.40
50132,5/2/2024 6:39:40 AM,20044.00,482.41,46410.65
50132,5/2/2024 6:39:50 AM,20044.15,482.22,46410.46
50132,5/2/2024 6:40:00 AM,20044.40,482.25,46410.40
50132,5/2/2024 6:40:10 AM,20044.60,482.28,46410.40
50132,5/2/2024 6:40:20 AM,20044.80,482.37,46410.70
50132,5/2/2024 6:40:30 AM,20045.00,482.30,46410.57
50132,5/2/2024 6:40:40 AM,20045.06,482.53,46410.54
50132,5/2/2024 6:40:50 AM,20045.10,482.70,46410.52
50132,5/2/2024 6:41:00 AM,20045.00,482.70,46410.60
50132,5/2/2024 6:41:10 AM,20045.05,482.80,46410.60
50132,5/2/2024 6:41:20 AM,20044.90,482.93,46410.57
50132,5/2/2024 6:41:30 AM,20044.75,483.04,46410.46
50132,5/2/2024 6:41:40 AM,20044.77,483.13,46410.50
50132,5/2/2024 6:41:50 AM,20044.79,483.31,46410.43
50132,5/2/2024 6:42:00 AM,20044.79,483.40,46410.45
50132,5/2/2024 6:42:10 AM,20044.75,483.37,46410.26
50132,5/2/2024 6:42:20 AM,20044.87,483.20,46410.22
50132,5/2/2024 6:42:30 AM,20044.91,483.16,46410.27
50132,5/2/2024 6:42:40 AM,20044.96,483.15,46410.30
50132,5/2/2024 6:42:50 AM,20044.96,483.40,46410.37
50132,5/2/2024 6:43:00 AM,20044.70,483.45,46410.21
50132,5/2/2024 6:43:10 AM,20044.43,483.37,46410.20
50132,5/2/2024 6:43:20 AM,20044.10,483.30,46410.33
50132,5/2/2024 6:43:30 AM,20043.90,483.52,46410.27
50132,5/2/2024 6:43:40 AM,20043.82,483.49,46410.10
50132,5/2/2024 6:43:50 AM,20043.60,483.33,46410.10
50132,5/2/2024 6:44:00 AM,20043.63,483.40,46410.10
50132,5/2/2024 6:44:10 AM,20043.67,483.20,46410.00
50132,5/2/2024 6:44:20 AM,20043.70,483.01,46409.96
50132,5/2/2024 6:44:30 AM,20043.80,482.94,46409.90
50132,5/2/2024 6:44:40 AM,20043.63,483.12,46409.90
50132,5/2/2024 6:44:50 AM,20043.60,483.27,46409.90
50132,5/2/2024 6:45:00 AM,20043.54,483.59,46410.05
50132,5/2/2024 6:45:10 AM,20043.30,483.60,46409.90
50132,5/2/2024 6:45:20 AM,20043.20,483.70,46409.90
50132,5/2/2024 6:45:30 AM,20043.20,483.60,46409.80
50132,5/2/2024 6:45:40 AM,20043.00,483.70,46409.90
50132,5/2/2024 6:45:50 AM,20043.20,483.60,46409.80
50132,5/2/2024 6:46:00 AM,20043.00,483.60,46409.60
50132,5/2/2024 6:46:10 AM,20043.03,483.50,46409.62
50132,5/2/2024 6:46:20 AM,20043.10,483.50,46409.60
50132,5/2/2024 6:46:30 AM,20043.14,483.69,46409.60
50132,5/2/2024 6:46:40 AM,20042.90,483.85,46409.60
50132,5/2/2024 6:46:50 AM,20042.90,483.95,46409.67
50132,5/2/2024 6:47:00 AM,20042.90,483.80,46409.62
50132,5/2/2024 6:47:10 AM,20043.00,483.82,46409.47
50132,5/2/2024 6:47:20 AM,20042.96,483.85,46409.55
50132,5/2/2024 6:47:30 AM,20042.91,483.87,46409.50
50132,5/2/2024 6:47:40 AM,20042.90,483.70,46409.40
50132,5/2/2024 6:47:50 AM,20042.90,483.60,46409.50
50132,5/2/2024 6:48:00 AM,20042.80,483.40,46409.31
50132,5/2/2024 6:48:10 AM,20042.80,483.45,46409.48
50132,5/2/2024 6:48:20 AM,20042.80,483.31,46409.27
50132,5/2/2024 6:48:30 AM,20042.80,483.00,46409.30
50132,5/2/2024 6:48:40 AM,20042.78,482.83,46409.18
50132,5/2/2024 6:48:50 AM,20042.75,482.90,46409.30
50132,5/2/2024 6:49:00 AM,20042.69,482.74,46409.23
50132,5/2/2024 6:49:10 AM,20042.50,482.88,46409.25
50132,5/2/2024 6:49:20 AM,20042.50,482.70,46409.10
50132,5/2/2024 6:49:30 AM,20042.30,482.80,46409.20
50132,5/2/2024 6:49:40 AM,20042.40,482.57,46409.10
50132,5/2/2024 6:49:50 AM,20042.30,482.40,46408.90
50132,5/2/2024 6:50:00 AM,20042.40,482.30,46408.98
50132,5/2/2024 6:50:10 AM,20042.32,482.33,46409.09
50132,5/2/2024 6:50:20 AM,20042.28,482.57,46409.03
50132,5/2/2024 6:50:30 AM,20042.10,482.42,46409.10
50132,5/2/2024 6:50:40 AM,20042.10,482.47,46408.96
50132,5/2/2024 6:50:50 AM,20042.17,482.38,46409.10
50132,5/2/2024 6:51:00 AM,20042.17,482.32,46409.10
50132,5/2/2024 6:51:10 AM,20042.22,482.20,46408.96
50132,5/2/2024 6:51:20 AM,20042.44,482.20,46408.95
50132,5/2/2024 6:51:30 AM,20042.50,481.90,46409.07
50132,5/2/2024 6:51:40 AM,20042.50,481.74,46408.95
50132,5/2/2024 6:51:50 AM,20042.49,481.67,46408.95
50132,5/2/2024 6:52:00 AM,20042.42,481.71,46409.05
50132,5/2/2024 6:52:10 AM,20042.40,481.60,46409.07
50132,5/2/2024 6:52:20 AM,20042.40,481.67,46409.10
50132,5/2/2024 6:52:30 AM,20042.40,481.70,46408.90
50132,5/2/2024 6:52:40 AM,20042.45,481.73,46408.93
50132,5/2/2024 6:52:50 AM,20042.50,481.72,46409.20
50132,5/2/2024 6:53:00 AM,20042.42,481.75,46409.15
50132,5/2/2024 6:53:10 AM,20042.32,481.68,46409.10
50132,5/2/2024 6:53:20 AM,20042.22,481.60,46409.05
50132,5/2/2024 6:53:30 AM,20042.20,481.60,46409.15
50132,5/2/2024 6:53:40 AM,20042.03,481.60,46409.10
50132,5/2/2024 6:53:50 AM,20041.90,481.80,46409.05
50132,5/2/2024 6:54:00 AM,20041.80,481.64,46408.99
50132,5/2/2024 6:54:10 AM,20041.80,481.83,46408.90
50132,5/2/2024 6:54:20 AM,20041.60,481.70,46409.00
50132,5/2/2024 6:54:30 AM,20041.56,481.60,46408.87
50132,5/2/2024 6:54:40 AM,20041.52,481.70,46408.80
50132,5/2/2024 6:54:50 AM,20041.50,481.56,46408.77
50132,5/2/2024 6:55:00 AM,20041.33,481.50,46408.80
50132,5/2/2024 6:55:10 AM,20041.20,481.40,46408.70
50132,5/2/2024 6:55:20 AM,20040.90,481.20,46408.70
50132,5/2/2024 6:55:30 AM,20041.00,481.10,46408.70
50132,5/2/2024 6:55:40 AM,20040.80,480.80,46408.60
50132,5/2/2024 6:55:50 AM,20040.70,480.70,46408.60
50132,5/2/2024 6:56:00 AM,20040.50,480.50,46408.50
50132,5/2/2024 6:56:10 AM,20040.30,480.46,46408.54
50132,5/2/2024 6:56:20 AM,20040.21,480.25,46408.50
50132,5/2/2024 6:56:30 AM,20040.10,480.04,46408.50
50132,5/2/2024 6:56:40 AM,20040.10,479.98,46408.60
50132,5/2/2024 6:56:50 AM,20040.00,479.64,46408.34
50132,5/2/2024 6:57:00 AM,20040.00,479.53,46408.35
50132,5/2/2024 6:57:10 AM,20039.90,479.50,46408.40
50132,5/2/2024 6:57:20 AM,20039.80,479.20,46408.48
50132,5/2/2024 6:57:30 AM,20039.52,479.00,46408.35
50132,5/2/2024 6:57:40 AM,20039.40,478.83,46408.36
50132,5/2/2024 6:57:50 AM,20039.40,478.70,46408.34
50132,5/2/2024 6:58:00 AM,20039.20,478.70,46408.30
50132,5/2/2024 6:58:10 AM,20039.10,478.70,46408.30
50132,5/2/2024 6:58:20 AM,20039.05,478.65,46408.23
50132,5/2/2024 6:58:30 AM,20038.95,478.62,46408.27
50132,5/2/2024 6:58:40 AM,20038.88,478.55,46408.20
50132,5/2/2024 6:58:50 AM,20038.70,478.40,46408.36
50132,5/2/2024 6:59:00 AM,20038.53,478.35,46408.24
50132,5/2/2024 6:59:10 AM,20038.60,478.30,46408.23
50132,5/2/2024 6:59:20 AM,20038.54,478.31,46408.25
50132,5/2/2024 6:59:30 AM,20038.50,478.14,46408.16
50132,5/2/2024 6:59:40 AM,20038.44,478.10,46408.20
50132,5/2/2024 6:59:50 AM,20038.33,477.90,46408.20
50132,5/2/2024 7:00:00 AM,20038.30,478.00,46408.20
50132,5/2/2024 7:00:10 AM,20038.10,477.90,46408.08
50132,5/2/2024 7:00:20 AM,20038.10,477.82,46408.00
50132,5/2/2024 7:00:30 AM,20038.17,477.76,46408.07
50132,5/2/2024 7:00:40 AM,20038.20,477.60,46408.08
50132,5/2/2024 7:00:50 AM,20038.20,477.57,46408.05
50132,5/2/2024 7:01:00 AM,20038.10,477.57,46408.07
50132,5/2/2024 7:01:10 AM,20038.20,477.60,46407.90
50132,5/2/2024 7:01:20 AM,20037.96,477.60,46408.10
50132,5/2/2024 7:01:30 AM,20037.80,477.68,46408.06
50132,5/2/2024 7:01:40 AM,20037.61,477.75,46408.20
50132,5/2/2024 7:01:50 AM,20037.80,477.50,46408.07
50132,5/2/2024 7:02:00 AM,20037.82,477.50,46408.20
50132,5/2/2024 7:02:10 AM,20037.65,477.50,46408.00
50132,5/2/2024 7:02:20 AM,20037.58,477.55,46408.07
50132,5/2/2024 7:02:30 AM,20037.52,477.57,46408.15
50132,5/2/2024 7:02:40 AM,20037.50,477.60,46408.20
50132,5/2/2024 7:02:50 AM,20037.50,477.60,46408.20
50132,5/2/2024 7:03:00 AM,20037.60,477.70,46408.00
50132,5/2/2024 7:03:10 AM,20037.49,477.56,46408.08
50132,5/2/2024 7:03:20 AM,20037.60,477.45,46407.90
50132,5/2/2024 7:03:30 AM,20037.34,477.20,46408.00
50132,5/2/2024 7:03:40 AM,20037.25,477.20,46408.00
50132,5/2/2024 7:03:50 AM,20037.23,477.10,46408.08
50132,5/2/2024 7:04:00 AM,20037.05,477.15,46408.20
50132,5/2/2024 7:04:10 AM,20036.90,477.18,46407.90
50132,5/2/2024 7:04:20 AM,20036.79,477.27,46408.20
50132,5/2/2024 7:04:30 AM,20036.70,477.30,46408.02
50132,5/2/2024 7:04:40 AM,20036.60,477.37,46408.02
50132,5/2/2024 7:04:50 AM,20036.49,477.48,46408.00
50132,5/2/2024 7:05:00 AM,20036.30,477.55,46408.00
50132,5/2/2024 7:05:10 AM,20036.10,477.50,46407.90
50132,5/2/2024 7:05:20 AM,20036.20,477.50,46407.80
50132,5/2/2024 7:05:30 AM,20035.90,477.40,46407.90
50132,5/2/2024 7:05:40 AM,20035.90,477.50,46407.80
50132,5/2/2024 7:05:50 AM,20035.70,477.40,46407.80
50132,5/2/2024 7:06:00 AM,20035.70,477.40,46407.60
50132,5/2/2024 7:06:10 AM,20035.51,477.46,46407.70
50132,5/2/2024 7:06:20 AM,20035.57,477.36,46407.64
50132,5/2/2024 7:06:30 AM,20035.65,477.23,46407.70
50132,5/2/2024 7:06:40 AM,20035.72,477.28,46407.80
50132,5/2/2024 7:06:50 AM,20035.80,477.10,46407.68
50132,5/2/2024 7:07:00 AM,20035.87,477.30,46407.60
50132,5/2/2024 7:07:10 AM,20035.80,477.30,46407.68
50132,5/2/2024 7:07:20 AM,20035.80,477.47,46407.73
50132,5/2/2024 7:07:30 AM,20035.80,477.55,46407.70
50132,5/2/2024 7:07:40 AM,20035.77,477.58,46407.50
50132,5/2/2024 7:07:50 AM,20035.67,477.70,46407.75
50132,5/2/2024 7:08:00 AM,20035.60,477.80,46407.75
50132,5/2/2024 7:08:10 AM,20035.60,477.80,46407.60
50132,5/2/2024 7:08:20 AM,20035.60,477.80,46407.60
50132,5/2/2024 7:08:30 AM,20035.60,477.86,46407.60
50132,5/2/2024 7:08:40 AM,20035.60,478.01,46407.60
50132,5/2/2024 7:08:50 AM,20035.60,478.13,46407.58
50132,5/2/2024 7:09:00 AM,20035.70,478.10,46407.65
50132,5/2/2024 7:09:10 AM,20035.50,478.05,46407.60
50132,5/2/2024 7:09:20 AM,20035.50,478.17,46407.55
50132,5/2/2024 7:09:30 AM,20035.46,478.30,46407.60
50132,5/2/2024 7:09:40 AM,20035.40,478.30,46407.46
50132,5/2/2024 7:09:50 AM,20035.40,478.30,46407.43
50132,5/2/2024 7:10:00 AM,20035.38,478.35,46407.45
50132,5/2/2024 7:10:10 AM,20035.30,478.37,46407.30
50132,5/2/2024 7:10:20 AM,20035.30,478.51,46407.47
50132,5/2/2024 7:10:30 AM,20035.29,478.60,46407.32
50132,5/2/2024 7:10:40 AM,20035.25,478.80,46407.45
50132,5/2/2024 7:10:50 AM,20035.10,478.88,46407.40
50132,5/2/2024 7:11:00 AM,20035.10,478.82,46407.33
50132,5/2/2024 7:11:10 AM,20035.06,478.85,46407.22
50132,5/2/2024 7:11:20 AM,20035.00,478.82,46407.33
50132,5/2/2024 7:11:30 AM,20035.00,479.00,46407.24
50132,5/2/2024 7:11:40 AM,20035.00,478.93,46407.30
50132,5/2/2024 7:11:50 AM,20034.80,479.10,46407.00
50132,5/2/2024 7:12:00 AM,20034.67,479.00,46407.20
50132,5/2/2024 7:12:10 AM,20034.60,479.30,46407.10
50132,5/2/2024 7:12:20 AM,20034.40,479.40,46407.20
50132,5/2/2024 7:12:30 AM,20034.40,479.41,46407.07
50132,5/2/2024 7:12:40 AM,20034.40,479.55,46407.07
50132,5/2/2024 7:12:50 AM,20034.40,479.55,46407.08
50132,5/2/2024 7:13:00 AM,20034.30,479.80,46407.00
50132,5/2/2024 7:13:10 AM,20034.27,479.90,46406.93
50132,5/2/2024 7:13:20 AM,20034.14,480.03,46407.00
50132,5/2/2024 7:13:30 AM,20034.28,480.15,46406.80
50132,5/2/2024 7:13:40 AM,20034.13,480.11,46406.70
50132,5/2/2024 7:13:50 AM,20034.19,480.05,46406.70
50132,5/2/2024 7:14:00 AM,20034.22,479.97,46406.70
50132,5/2/2024 7:14:10 AM,20034.17,480.05,46406.70
50132,5/2/2024 7:14:20 AM,20034.15,480.00,46406.77
50132,5/2/2024 7:14:30 AM,20034.30,480.00,46406.73
50132,5/2/2024 7:14:40 AM,20034.22,480.07,46406.80
50132,5/2/2024 7:14:50 AM,20034.33,479.92,46406.73
50132,5/2/2024 7:15:00 AM,20034.40,479.95,46406.90
50132,5/2/2024 7:15:10 AM,20034.60,479.90,46406.90
50132,5/2/2024 7:15:20 AM,20034.60,480.00,46406.80
50132,5/2/2024 7:15:30 AM,20034.60,479.90,46406.80
50132,5/2/2024 7:15:40 AM,20034.60,480.00,46406.90
50132,5/2/2024 7:15:50 AM,20034.50,480.00,46407.00
50132,5/2/2024 7:16:00 AM,20034.60,480.00,46407.00
50132,5/2/2024 7:16:10 AM,20034.60,480.07,46407.08
50132,5/2/2024 7:16:20 AM,20034.57,480.16,46407.00
50132,5/2/2024 7:16:30 AM,20034.44,480.13,46407.05
50132,5/2/2024 7:16:40 AM,20034.40,480.30,46407.20
50132,5/2/2024 7:16:50 AM,20034.60,480.39,46407.14
50132,5/2/2024 7:17:00 AM,20034.46,480.60,46407.15
50132,5/2/2024 7:17:10 AM,20034.50,480.68,46407.20
50132,5/2/2024 7:17:20 AM,20034.50,480.80,46407.30
50132,5/2/2024 7:17:30 AM,20034.50,480.92,46407.13
50132,5/2/2024 7:17:40 AM,20034.51,480.95,46407.18
50132,5/2/2024 7:17:50 AM,20034.54,481.04,46407.05
50132,5/2/2024 7:18:00 AM,20034.57,481.16,46407.10
50132,5/2/2024 7:18:10 AM,20034.70,481.20,46407.00
50132,5/2/2024 7:18:20 AM,20034.70,481.30,46407.10
50132,5/2/2024 7:18:30 AM,20034.73,481.33,46407.13
50132,5/2/2024 7:18:40 AM,20034.76,481.48,46407.20
50132,5/2/2024 7:18:50 AM,20034.80,481.63,46407.16
50132,5/2/2024 7:19:00 AM,20034.80,481.66,46407.12
50132,5/2/2024 7:19:10 AM,20034.80,481.85,46407.03
50132,5/2/2024 7:19:20 AM,20034.72,481.85,46407.14
50132,5/2/2024 7:19:30 AM,20035.00,482.00,46407.00
50132,5/2/2024 7:19:40 AM,20034.97,482.00,46407.08
50132,5/2/2024 7:19:50 AM,20035.12,482.23,46407.10
50132,5/2/2024 7:20:00 AM,20035.28,482.60,46407.16
50132,5/2/2024 7:20:10 AM,20035.40,482.79,46407.11
50132,5/2/2024 7:20:20 AM,20035.40,482.75,46407.05
50132,5/2/2024 7:20:30 AM,20035.33,482.71,46407.03
50132,5/2/2024 7:20:40 AM,20035.27,482.57,46407.05
50132,5/2/2024 7:20:50 AM,20035.40,482.65,46407.18
50132,5/2/2024 7:21:00 AM,20035.30,482.55,46407.02
50132,5/2/2024 7:21:10 AM,20035.40,482.55,46407.10
50132,5/2/2024 7:21:20 AM,20035.40,482.48,46407.00
50132,5/2/2024 7:21:30 AM,20035.40,482.41,46406.90
50132,5/2/2024 7:21:40 AM,20035.41,482.31,46407.10
50132,5/2/2024 7:21:50 AM,20035.44,482.20,46407.10
50132,5/2/2024 7:22:00 AM,20035.47,482.05,46407.02
50132,5/2/2024 7:22:10 AM,20035.53,481.97,46407.18
50132,5/2/2024 7:22:20 AM,20035.70,481.73,46407.11
50132,5/2/2024 7:22:30 AM,20035.75,481.68,46407.20
50132,5/2/2024 7:22:40 AM,20035.60,481.53,46407.20
50132,5/2/2024 7:22:50 AM,20035.60,481.60,46407.20
50132,5/2/2024 7:23:00 AM,20035.60,481.50,46407.20
50132,5/2/2024 7:23:10 AM,20035.61,481.69,46407.25
50132,5/2/2024 7:23:20 AM,20035.66,481.67,46407.20
50132,5/2/2024 7:23:30 AM,20035.80,481.56,46407.20
50132,5/2/2024 7:23:40 AM,20035.90,481.60,46407.28
50132,5/2/2024 7:23:50 AM,20035.85,481.35,46407.25
50132,5/2/2024 7:24:00 AM,20035.90,481.27,46407.25
50132,5/2/2024 7:24:10 AM,20035.80,481.23,46407.40
50132,5/2/2024 7:24:20 AM,20035.83,481.30,46407.34
50132,5/2/2024 7:24:30 AM,20035.84,481.23,46407.30
50132,5/2/2024 7:24:40 AM,20035.85,481.41,46407.50
50132,5/2/2024 7:24:50 AM,20035.82,481.40,46407.54
50132,5/2/2024 7:25:00 AM,20035.90,481.38,46407.60
50132,5/2/2024 7:25:10 AM,20035.60,481.39,46407.46
50132,5/2/2024 7:25:20 AM,20035.90,481.40,46407.50
50132,5/2/2024 7:25:30 AM,20035.80,481.40,46407.60
50132,5/2/2024 7:25:40 AM,20035.80,481.30,46407.50
50132,5/2/2024 7:25:50 AM,20035.90,481.30,46407.60
50132,5/2/2024 7:26:00 AM,20036.00,481.20,46407.60
50132,5/2/2024 7:26:10 AM,20036.20,481.35,46407.55
50132,5/2/2024 7:26:20 AM,20036.40,481.40,46407.58
50132,5/2/2024 7:26:30 AM,20036.40,481.30,46407.55
50132,5/2/2024 7:26:40 AM,20036.28,481.35,46407.69
50132,5/2/2024 7:26:50 AM,20036.50,481.39,46407.63
50132,5/2/2024 7:27:00 AM,20036.80,481.50,46407.70
50132,5/2/2024 7:27:10 AM,20037.02,481.60,46407.50
50132,5/2/2024 7:27:20 AM,20037.23,481.46,46407.60
50132,5/2/2024 7:27:30 AM,20037.42,481.33,46407.50
50132,5/2/2024 7:27:40 AM,20037.60,481.33,46407.80
50132,5/2/2024 7:27:50 AM,20037.70,481.30,46407.75
50132,5/2/2024 7:28:00 AM,20037.90,481.40,46407.63
50132,5/2/2024 7:28:10 AM,20038.10,481.58,46407.80
50132,5/2/2024 7:28:20 AM,20038.27,481.60,46407.77
50132,5/2/2024 7:28:30 AM,20038.38,481.60,46407.90
50132,5/2/2024 7:28:40 AM,20038.40,481.65,46407.86
50132,5/2/2024 7:28:50 AM,20038.40,481.80,46407.80
50132,5/2/2024 7:29:00 AM,20038.60,482.03,46407.80
50132,5/2/2024 7:29:10 AM,20038.85,482.10,46407.84
50132,5/2/2024 7:29:20 AM,20039.00,482.00,46407.90
50132,5/2/2024 7:29:30 AM,20039.20,482.10,46407.93
50132,5/2/2024 7:29:40 AM,20039.20,482.06,46407.90
50132,5/2/2024 7:29:50 AM,20039.35,482.30,46407.90
50132,5/2/2024 7:30:00 AM,20039.40,482.20,46407.80
50132,5/2/2024 7:30:10 AM,20039.18,482.23,46407.85
50132,5/2/2024 7:30:20 AM,20039.20,482.30,46407.80
50132,5/2/2024 7:30:30 AM,20039.17,482.35,46407.80
50132,5/2/2024 7:30:40 AM,20039.20,482.34,46407.90
50132,5/2/2024 7:30:50 AM,20039.23,482.53,46407.80
50132,5/2/2024 7:31:00 AM,20039.34,482.53,46407.83
50132,5/2/2024 7:31:10 AM,20039.38,482.55,46407.79
50132,5/2/2024 7:31:20 AM,20039.47,482.60,46407.90
50132,5/2/2024 7:31:30 AM,20039.50,482.80,46407.80
50132,5/2/2024 7:31:40 AM,20039.60,482.86,46407.80
50132,5/2/2024 7:31:50 AM,20039.60,482.90,46407.60
50132,5/2/2024 7:32:00 AM,20039.60,482.80,46407.60
50132,5/2/2024 7:32:10 AM,20039.80,482.70,46407.60
50132,5/2/2024 7:32:20 AM,20039.80,482.75,46407.70
50132,5/2/2024 7:32:30 AM,20039.83,482.80,46407.60
50132,5/2/2024 7:32:40 AM,20039.83,482.76,46407.50
50132,5/2/2024 7:32:50 AM,20040.00,482.87,46407.43
50132,5/2/2024 7:33:00 AM,20040.00,483.00,46407.50
50132,5/2/2024 7:33:10 AM,20040.00,482.90,46407.46
50132,5/2/2024 7:33:20 AM,20040.00,483.05,46407.40
50132,5/2/2024 7:33:30 AM,20039.97,483.00,46407.48
50132,5/2/2024 7:33:40 AM,20039.91,483.08,46407.40
50132,5/2/2024 7:33:50 AM,20039.95,483.00,46407.47
50132,5/2/2024 7:34:00 AM,20040.00,483.19,46407.40
50132,5/2/2024 7:34:10 AM,20040.00,483.10,46407.32
50132,5/2/2024 7:34:20 AM,20039.88,483.30,46407.40
50132,5/2/2024 7:34:30 AM,20039.70,483.37,46407.33
50132,5/2/2024 7:34:40 AM,20039.75,483.45,46407.38
50132,5/2/2024 7:34:50 AM,20039.60,483.48,46407.20
50132,5/2/2024 7:35:00 AM,20039.60,483.31,46407.30
50132,5/2/2024 7:35:10 AM,20039.70,483.40,46407.30
50132,5/2/2024 7:35:20 AM,20039.70,483.40,46407.30
50132,5/2/2024 7:35:30 AM,20039.70,483.50,46407.30
50132,5/2/2024 7:35:40 AM,20039.70,483.50,46407.30
50132,5/2/2024 7:35:50 AM,20039.60,483.60,46407.30
50132,5/2/2024 7:36:00 AM,20039.60,483.60,46407.20
50132,5/2/2024 7:36:10 AM,20039.40,483.60,46407.30
50132,5/2/2024 7:36:20 AM,20039.40,483.70,46407.27
50132,5/2/2024 7:36:30 AM,20039.33,483.60,46407.27
50132,5/2/2024 7:36:40 AM,20039.20,483.80,46407.25
50132,5/2/2024 7:36:50 AM,20039.10,483.78,46407.17
50132,5/2/2024 7:37:00 AM,20038.98,483.96,46407.18
50132,5/2/2024 7:37:10 AM,20039.09,484.00,46407.20
50132,5/2/2024 7:37:20 AM,20039.04,484.20,46407.13
50132,5/2/2024 7:37:30 AM,20039.00,484.18,46407.18
50132,5/2/2024 7:37:40 AM,20038.80,484.10,46407.25
50132,5/2/2024 7:37:50 AM,20038.58,484.15,46407.00
50132,5/2/2024 7:38:00 AM,20038.50,484.20,46407.09
50132,5/2/2024 7:38:10 AM,20038.40,484.10,46407.10
50132,5/2/2024 7:38:20 AM,20038.15,484.07,46406.95
50132,5/2/2024 7:38:30 AM,20038.00,484.10,46406.90
50132,5/2/2024 7:38:40 AM,20037.80,484.12,46406.95
50132,5/2/2024 7:38:50 AM,20037.70,484.20,46406.80
50132,5/2/2024 7:39:00 AM,20037.30,484.10,46406.76
50132,5/2/2024 7:39:10 AM,20037.00,484.18,46406.90
50132,5/2/2024 7:39:20 AM,20036.90,484.30,46406.74
50132,5/2/2024 7:39:30 AM,20036.60,484.34,46406.77
50132,5/2/2024 7:39:40 AM,20036.37,484.60,46406.60
50132,5/2/2024 7:39:50 AM,20036.30,484.60,46406.61
50132,5/2/2024 7:40:00 AM,20036.10,484.76,46406.60
50132,5/2/2024 7:40:10 AM,20035.78,484.80,46406.40
50132,5/2/2024 7:40:20 AM,20035.50,484.90,46406.40
50132,5/2/2024 7:40:30 AM,20035.17,484.60,46406.35
50132,5/2/2024 7:40:40 AM,20034.89,484.50,46406.30
50132,5/2/2024 7:40:50 AM,20034.60,484.52,46406.25
50132,5/2/2024 7:41:00 AM,20034.40,484.70,46406.30
50132,5/2/2024 7:41:10 AM,20034.30,484.84,46406.20
50132,5/2/2024 7:41:20 AM,20034.05,485.02,46406.30
50132,5/2/2024 7:41:30 AM,20034.00,485.30,46406.30
50132,5/2/2024 7:41:40 AM,20033.92,485.50,46406.10
50132,5/2/2024 7:41:50 AM,20033.90,485.57,46406.23
50132,5/2/2024 7:42:00 AM,20033.95,485.55,46406.17
50132,5/2/2024 7:42:10 AM,20033.99,485.57,46406.20
50132,5/2/2024 7:42:20 AM,20034.04,485.50,46406.14
50132,5/2/2024 7:42:30 AM,20034.10,485.56,46406.10
50132,5/2/2024 7:42:40 AM,20034.20,485.60,46406.15
50132,5/2/2024 7:42:50 AM,20034.32,485.80,46406.33
50132,5/2/2024 7:43:00 AM,20034.50,485.80,46406.40
50132,5/2/2024 7:43:10 AM,20034.70,485.90,46406.40
50132,5/2/2024 7:43:20 AM,20034.79,486.00,46406.40
50132,5/2/2024 7:43:30 AM,20034.90,485.95,46406.40
50132,5/2/2024 7:43:40 AM,20034.91,485.96,46406.40
50132,5/2/2024 7:43:50 AM,20034.99,485.81,46406.37
50132,5/2/2024 7:44:00 AM,20035.08,485.90,46406.30
50132,5/2/2024 7:44:10 AM,20035.33,485.90,46406.36
50132,5/2/2024 7:44:20 AM,20035.42,486.00,46406.43
50132,5/2/2024 7:44:30 AM,20035.50,485.90,46406.40
50132,5/2/2024 7:44:40 AM,20035.50,485.90,46406.42
50132,5/2/2024 7:44:50 AM,20035.50,485.86,46406.70
50132,5/2/2024 7:45:00 AM,20035.40,485.75,46406.60
50132,5/2/2024 7:45:10 AM,20035.20,485.80,46406.70
50132,5/2/2024 7:45:20 AM,20035.10,485.70,46406.60
50132,5/2/2024 7:45:30 AM,20035.10,485.80,46406.80
50132,5/2/2024 7:45:40 AM,20034.70,485.80,46406.70
50132,5/2/2024 7:45:50 AM,20034.50,485.90,46406.60
50132,5/2/2024 7:46:00 AM,20034.40,486.10,46406.50
50132,5/2/2024 7:46:10 AM,20034.10,486.15,46406.50
50132,5/2/2024 7:46:20 AM,20033.90,486.09,46406.50
50132,5/2/2024 7:46:30 AM,20033.65,486.11,46406.45
50132,5/2/2024 7:46:40 AM,20033.57,486.19,46406.48
50132,5/2/2024 7:46:50 AM,20033.33,486.14,46406.45
50132,5/2/2024 7:47:00 AM,20033.10,486.08,46406.23
50132,5/2/2024 7:47:10 AM,20032.87,486.30,46406.25
50132,5/2/2024 7:47:20 AM,20032.70,486.35,46406.24
50132,5/2/2024 7:47:30 AM,20032.77,486.65,46406.18
50132,5/2/2024 7:47:40 AM,20032.74,486.80,46406.10
50132,5/2/2024 7:47:50 AM,20032.50,487.06,46406.04
50132,5/2/2024 7:48:00 AM,20032.48,487.07,46406.13
50132,5/2/2024 7:48:10 AM,20032.40,487.30,46406.30
50132,5/2/2024 7:48:20 AM,20032.20,487.30,46406.10
50132,5/2/2024 7:48:30 AM,20032.14,487.30,46405.93
50132,5/2/2024 7:48:40 AM,20032.18,487.40,46405.95
50132,5/2/2024 7:48:50 AM,20032.10,487.24,46405.93
50132,5/2/2024 7:49:00 AM,20032.07,487.32,46405.80
50132,5/2/2024 7:49:10 AM,20032.03,487.40,46405.95
50132,5/2/2024 7:49:20 AM,20032.05,487.43,46405.91
50132,5/2/2024 7:49:30 AM,20031.92,487.63,46405.90
50132,5/2/2024 7:49:40 AM,20031.98,487.70,46405.94
50132,5/2/2024 7:49:50 AM,20032.00,487.70,46405.96
50132,5/2/2024 7:50:00 AM,20032.00,487.73,46405.80
50132,5/2/2024 7:50:10 AM,20031.90,487.64,46406.00
50132,5/2/2024 7:50:20 AM,20031.90,487.57,46405.77
50132,5/2/2024 7:50:30 AM,20031.93,487.80,46405.95
50132,5/2/2024 7:50:40 AM,20031.88,487.80,46406.00
50132,5/2/2024 7:50:50 AM,20031.99,487.99,46405.84
50132,5/2/2024 7:51:00 AM,20032.00,488.14,46405.95
50132,5/2/2024 7:51:10 AM,20032.02,488.43,46405.80
50132,5/2/2024 7:51:20 AM,20032.17,488.30,46405.86
50132,5/2/2024 7:51:30 AM,20032.30,488.60,46405.80
50132,5/2/2024 7:51:40 AM,20032.30,488.57,46405.95
50132,5/2/2024 7:51:50 AM,20032.27,488.55,46405.95
50132,5/2/2024 7:52:00 AM,20032.28,488.61,46406.05
50132,5/2/2024 7:52:10 AM,20032.30,488.72,46406.00
50132,5/2/2024 7:52:20 AM,20032.20,488.90,46406.03
50132,5/2/2024 7:52:30 AM,20032.40,489.07,46405.96
50132,5/2/2024 7:52:40 AM,20032.20,489.12,46406.08
50132,5/2/2024 7:52:50 AM,20032.20,489.22,46406.03
50132,5/2/2024 7:53:00 AM,20032.20,489.30,46406.05
50132,5/2/2024 7:53:10 AM,20032.27,489.30,46406.07
50132,5/2/2024 7:53:20 AM,20032.27,489.40,46406.18
50132,5/2/2024 7:53:30 AM,20032.40,489.60,46406.12
50132,5/2/2024 7:53:40 AM,20032.40,489.50,46406.00
50132,5/2/2024 7:53:50 AM,20032.60,489.40,46406.10
50132,5/2/2024 7:54:00 AM,20032.70,489.54,46406.05
50132,5/2/2024 7:54:10 AM,20032.90,489.52,46406.14
50132,5/2/2024 7:54:20 AM,20032.72,489.67,46406.06
50132,5/2/2024 7:54:30 AM,20032.78,489.60,46406.13
50132,5/2/2024 7:54:40 AM,20032.40,489.66,46406.20
50132,5/2/2024 7:54:50 AM,20032.60,489.60,46406.27
50132,5/2/2024 7:55:00 AM,20032.60,489.55,46406.30
50132,5/2/2024 7:55:10 AM,20032.60,489.60,46406.10
50132,5/2/2024 7:55:20 AM,20032.70,489.70,46406.30
50132,5/2/2024 7:55:30 AM,20032.90,490.00,46406.20
50132,5/2/2024 7:55:40 AM,20032.70,490.10,46406.40
50132,5/2/2024 7:55:50 AM,20032.80,490.30,46406.30
50132,5/2/2024 7:56:00 AM,20032.80,490.40,46406.30
50132,5/2/2024 7:56:10 AM,20032.88,490.38,46406.30
50132,5/2/2024 7:56:20 AM,20033.07,490.20,46406.39
50132,5/2/2024 7:56:30 AM,20033.10,490.29,46406.30
50132,5/2/2024 7:56:40 AM,20033.10,490.23,46406.17
50132,5/2/2024 7:56:50 AM,20033.30,490.36,46406.36
50132,5/2/2024 7:57:00 AM,20033.40,490.32,46406.14
50132,5/2/2024 7:57:10 AM,20033.63,490.59,46406.10
50132,5/2/2024 7:57:20 AM,20033.82,490.60,46406.30
50132,5/2/2024 7:57:30 AM,20034.11,490.67,46406.40
50132,5/2/2024 7:57:40 AM,20034.35,490.70,46406.37
50132,5/2/2024 7:57:50 AM,20034.56,490.68,46406.40
50132,5/2/2024 7:58:00 AM,20034.70,490.54,46406.30
50132,5/2/2024 7:58:10 AM,20034.90,490.70,46406.40
50132,5/2/2024 7:58:20 AM,20034.90,490.68,46406.40
50132,5/2/2024 7:58:30 AM,20034.90,490.67,46406.55
50132,5/2/2024 7:58:40 AM,20034.80,490.80,46406.65
50132,5/2/2024 7:58:50 AM,20034.63,490.80,46406.60
50132,5/2/2024 7:59:00 AM,20034.54,490.85,46406.60
50132,5/2/2024 7:59:10 AM,20034.50,490.93,46406.50
50132,5/2/2024 7:59:20 AM,20034.27,490.90,46406.55
50132,5/2/2024 7:59:30 AM,20034.00,490.82,46406.38
50132,5/2/2024 7:59:40 AM,20033.60,490.84,46406.43
50132,5/2/2024 7:59:50 AM,20033.40,490.85,46406.41
50132,5/2/2024 8:00:00 AM,20032.78,490.80,46406.30
50132,5/2/2024 8:00:10 AM,20032.40,491.07,46406.30
50132,5/2/2024 8:00:20 AM,20031.80,491.30,46406.20
50132,5/2/2024 8:00:30 AM,20031.10,491.34,46406.10
50132,5/2/2024 8:00:40 AM,20030.45,491.40,46405.90
50132,5/2/2024 8:00:50 AM,20029.80,491.51,46405.80
50132,5/2/2024 8:01:00 AM,20029.30,491.62,46405.70
50132,5/2/2024 8:01:10 AM,20028.87,491.80,46405.58
50132,5/2/2024 8:01:20 AM,20028.40,492.00,46405.40
50132,5/2/2024 8:01:30 AM,20028.00,492.30,46405.33
50132,5/2/2024 8:01:40 AM,20027.80,492.71,46405.10
50132,5/2/2024 8:01:50 AM,20027.60,493.10,46405.10
50132,5/2/2024 8:02:00 AM,20027.25,493.00,46404.80
50132,5/2/2024 8:02:10 AM,20026.90,493.02,46404.80
50132,5/2/2024 8:02:20 AM,20026.72,492.75,46404.80
50132,5/2/2024 8:02:30 AM,20026.24,492.46,46404.73
50132,5/2/2024 8:02:40 AM,20025.91,492.20,46404.60
50132,5/2/2024 8:02:50 AM,20025.52,492.02,46404.52
50132,5/2/2024 8:03:00 AM,20025.15,491.70,46404.60
50132,5/2/2024 8:03:10 AM,20024.85,491.70,46404.60
50132,5/2/2024 8:03:20 AM,20024.60,491.70,46404.40
50132,5/2/2024 8:03:30 AM,20023.98,491.45,46404.30
50132,5/2/2024 8:03:40 AM,20023.65,491.16,46404.30
50132,5/2/2024 8:03:50 AM,20023.17,491.08,46404.44
50132,5/2/2024 8:04:00 AM,20022.93,490.88,46404.21
50132,5/2/2024 8:04:10 AM,20022.57,490.80,46404.22
50132,5/2/2024 8:04:20 AM,20022.40,491.00,46404.15
50132,5/2/2024 8:04:30 AM,20022.07,491.00,46404.10
50132,5/2/2024 8:04:40 AM,20021.93,491.10,46404.10
50132,5/2/2024 8:04:50 AM,20021.60,491.34,46404.10
50132,5/2/2024 8:05:00 AM,20021.60,491.37,46404.20
50132,5/2/2024 8:05:10 AM,20021.30,491.37,46404.05
50132,5/2/2024 8:05:20 AM,20021.20,491.30,46404.10
50132,5/2/2024 8:05:30 AM,20021.10,491.40,46404.00
50132,5/2/2024 8:05:40 AM,20021.30,491.50,46404.00
50132,5/2/2024 8:05:50 AM,20021.30,491.60,46403.80
50132,5/2/2024 8:06:00 AM,20021.10,491.40,46403.90
50132,5/2/2024 8:06:10 AM,20021.00,491.53,46403.93
50132,5/2/2024 8:06:20 AM,20020.93,491.60,46403.90
50132,5/2/2024 8:06:30 AM,20020.90,491.80,46403.80
50132,5/2/2024 8:06:40 AM,20020.75,491.80,46403.80
50132,5/2/2024 8:06:50 AM,20020.68,491.80,46403.80
50132,5/2/2024 8:07:00 AM,20020.60,491.90,46403.80
50132,5/2/2024 8:07:10 AM,20020.56,492.00,46403.92
50132,5/2/2024 8:07:20 AM,20020.40,492.20,46403.80
50132,5/2/2024 8:07:30 AM,20020.40,492.10,46403.80
50132,5/2/2024 8:07:40 AM,20020.35,492.30,46403.80
50132,5/2/2024 8:07:50 AM,20020.44,492.45,46403.92
50132,5/2/2024 8:08:00 AM,20020.40,492.53,46403.93
50132,5/2/2024 8:08:10 AM,20020.31,492.79,46403.80
50132,5/2/2024 8:08:20 AM,20020.50,493.40,46403.80
50132,5/2/2024 8:08:30 AM,20020.57,494.36,46403.70
50132,5/2/2024 8:08:40 AM,20021.35,495.33,46403.70
50132,5/2/2024 8:08:50 AM,20022.16,495.65,46403.70
50132,5/2/2024 8:09:00 AM,20022.85,495.60,46403.80
50132,5/2/2024 8:09:10 AM,20023.53,495.10,46403.90
50132,5/2/2024 8:09:20 AM,20024.34,494.56,46404.07
50132,5/2/2024 8:09:30 AM,20025.50,493.95,46404.00
50132,5/2/2024 8:09:40 AM,20026.66,493.41,46404.30
50132,5/2/2024 8:09:50 AM,20027.77,493.00,46404.47
50132,5/2/2024 8:10:00 AM,20028.74,492.32,46404.80
50132,5/2/2024 8:10:10 AM,20029.27,491.50,46405.10
50132,5/2/2024 8:10:20 AM,20029.77,490.70,46405.43
50132,5/2/2024 8:10:30 AM,20030.28,490.07,46405.74
50132,5/2/2024 8:10:40 AM,20030.60,489.45,46406.04
50132,5/2/2024 8:10:50 AM,20030.76,488.98,46406.28
50132,5/2/2024 8:11:00 AM,20030.85,488.54,46406.54
50132,5/2/2024 8:11:10 AM,20030.88,488.40,46406.70
50132,5/2/2024 8:11:20 AM,20031.07,488.30,46406.76
50132,5/2/2024 8:11:30 AM,20031.19,488.10,46407.02
50132,5/2/2024 8:11:40 AM,20031.50,488.23,46407.30
50132,5/2/2024 8:11:50 AM,20031.37,488.15,46407.35
50132,5/2/2024 8:12:00 AM,20031.57,488.40,46407.46
50132,5/2/2024 8:12:10 AM,20031.79,488.17,46407.55
50132,5/2/2024 8:12:20 AM,20031.79,488.20,46407.60
50132,5/2/2024 8:12:30 AM,20032.05,488.30,46407.70
50132,5/2/2024 8:12:40 AM,20032.32,488.50,46407.90
50132,5/2/2024 8:12:50 AM,20032.60,488.40,46407.95
50132,5/2/2024 8:13:00 AM,20032.64,488.40,46407.92
50132,5/2/2024 8:13:10 AM,20033.03,488.22,46408.10
50132,5/2/2024 8:13:20 AM,20033.10,487.76,46408.20
50132,5/2/2024 8:13:30 AM,20033.10,487.50,46408.20
50132,5/2/2024 8:13:40 AM,20033.46,487.26,46408.25
50132,5/2/2024 8:13:50 AM,20033.50,487.03,46408.50
50132,5/2/2024 8:14:00 AM,20033.55,487.00,46408.60
50132,5/2/2024 8:14:10 AM,20033.40,486.95,46408.58
50132,5/2/2024 8:14:20 AM,20033.40,487.10,46408.65
50132,5/2/2024 8:14:30 AM,20033.10,487.00,46408.74
50132,5/2/2024 8:14:40 AM,20033.12,487.14,46408.60
50132,5/2/2024 8:14:50 AM,20033.00,486.90,46408.80
50132,5/2/2024 8:15:00 AM,20032.93,486.83,46408.80
50132,5/2/2024 8:15:10 AM,20032.70,486.70,46408.70
50132,5/2/2024 8:15:20 AM,20032.80,486.80,46408.90
50132,5/2/2024 8:15:30 AM,20032.70,486.80,46408.80
50132,5/2/2024 8:15:40 AM,20032.30,486.80,46408.90
50132,5/2/2024 8:15:50 AM,20032.00,487.00,46408.90
50132,5/2/2024 8:16:00 AM,20031.70,487.50,46408.70
50132,5/2/2024 8:16:10 AM,20031.30,487.90,46408.70
50132,5/2/2024 8:16:20 AM,20031.17,488.33,46408.66
50132,5/2/2024 8:16:30 AM,20030.95,488.56,46408.62
50132,5/2/2024 8:16:40 AM,20030.68,488.98,46408.60
50132,5/2/2024 8:16:50 AM,20030.50,489.05,46408.40
50132,5/2/2024 8:17:00 AM,20030.25,488.92,46408.40
50132,5/2/2024 8:17:10 AM,20030.20,488.87,46408.40
50132,5/2/2024 8:17:20 AM,20030.10,489.30,46408.20
50132,5/2/2024 8:17:30 AM,20030.28,489.80,46408.27
50132,5/2/2024 8:17:40 AM,20030.30,490.30,46408.15
50132,5/2/2024 8:17:50 AM,20030.07,490.60,46408.00
50132,5/2/2024 8:18:00 AM,20029.77,490.93,46408.10
50132,5/2/2024 8:18:10 AM,20029.50,491.27,46408.00
50132,5/2/2024 8:18:20 AM,20029.30,491.63,46407.90
50132,5/2/2024 8:18:30 AM,20029.25,492.10,46407.70
50132,5/2/2024 8:18:40 AM,20029.40,492.75,46407.60
50132,5/2/2024 8:18:50 AM,20029.47,493.29,46407.60
50132,5/2/2024 8:19:00 AM,20030.00,494.20,46407.57
50132,5/2/2024 8:19:10 AM,20030.17,495.20,46407.45
50132,5/2/2024 8:19:20 AM,20030.73,496.70,46407.30
50132,5/2/2024 8:19:30 AM,20031.80,497.50,46407.10
50132,5/2/2024 8:19:40 AM,20032.20,497.82,46407.22
50132,5/2/2024 8:19:50 AM,20033.10,497.70,46407.20
50132,5/2/2024 8:20:00 AM,20033.60,496.94,46407.20
50132,5/2/2024 8:20:10 AM,20034.20,496.54,46407.30
50132,5/2/2024 8:20:20 AM,20035.13,496.35,46407.40
50132,5/2/2024 8:20:30 AM,20035.92,496.20,46407.55
50132,5/2/2024 8:20:40 AM,20036.80,495.95,46407.70
50132,5/2/2024 8:20:50 AM,20037.20,495.63,46407.83
50132,5/2/2024 8:21:00 AM,20037.77,495.20,46408.05
50132,5/2/2024 8:21:10 AM,20038.38,494.60,46408.20
50132,5/2/2024 8:21:20 AM,20039.05,494.03,46408.38
50132,5/2/2024 8:21:30 AM,20039.45,493.60,46408.55
50132,5/2/2024 8:21:40 AM,20040.20,492.70,46408.80
50132,5/2/2024 8:21:50 AM,20040.70,491.74,46408.95
50132,5/2/2024 8:22:00 AM,20040.82,490.70,46409.30
50132,5/2/2024 8:22:10 AM,20040.90,489.80,46409.52
50132,5/2/2024 8:22:20 AM,20041.10,489.24,46409.78
50132,5/2/2024 8:22:30 AM,20041.45,488.93,46409.90
50132,5/2/2024 8:22:40 AM,20041.70,488.70,46410.18
50132,5/2/2024 8:22:50 AM,20041.96,488.40,46410.40
50132,5/2/2024 8:23:00 AM,20042.00,487.96,46410.50
50132,5/2/2024 8:23:10 AM,20042.25,487.66,46410.70
50132,5/2/2024 8:23:20 AM,20042.64,487.35,46410.90
50132,5/2/2024 8:23:30 AM,20042.70,487.10,46411.00
50132,5/2/2024 8:23:40 AM,20042.60,486.82,46411.05
50132,5/2/2024 8:23:50 AM,20042.53,486.77,46411.20
50132,5/2/2024 8:24:00 AM,20042.37,486.61,46411.40
50132,5/2/2024 8:24:10 AM,20042.22,486.52,46411.40
50132,5/2/2024 8:24:20 AM,20042.23,486.49,46411.50
50132,5/2/2024 8:24:30 AM,20042.18,486.35,46411.60
50132,5/2/2024 8:24:40 AM,20041.90,486.35,46411.60
50132,5/2/2024 8:24:50 AM,20041.95,486.46,46411.70
50132,5/2/2024 8:25:00 AM,20041.80,486.60,46411.70
50132,5/2/2024 8:25:10 AM,20041.67,487.10,46411.70
50132,5/2/2024 8:25:20 AM,20041.60,487.40,46411.70
50132,5/2/2024 8:25:30 AM,20041.60,487.90,46411.50
50132,5/2/2024 8:25:40 AM,20041.30,487.90,46411.60
50132,5/2/2024 8:25:50 AM,20040.90,488.10,46411.60
50132,5/2/2024 8:26:00 AM,20040.60,488.50,46411.50
50132,5/2/2024 8:26:10 AM,20040.40,488.90,46411.50
50132,5/2/2024 8:26:20 AM,20040.10,489.52,46411.30
50132,5/2/2024 8:26:30 AM,20040.05,489.95,46411.20
50132,5/2/2024 8:26:40 AM,20040.00,490.15,46411.14
50132,5/2/2024 8:26:50 AM,20039.90,490.20,46410.98
50132,5/2/2024 8:27:00 AM,20039.78,490.50,46410.91
50132,5/2/2024 8:27:10 AM,20039.86,490.60,46410.70
50132,5/2/2024 8:27:20 AM,20039.80,491.15,46410.70
50132,5/2/2024 8:27:30 AM,20039.50,491.62,46410.70
50132,5/2/2024 8:27:40 AM,20039.10,491.93,46410.52
50132,5/2/2024 8:27:50 AM,20038.77,492.30,46410.40
50132,5/2/2024 8:28:00 AM,20038.51,492.67,46410.25
50132,5/2/2024 8:28:10 AM,20038.34,492.86,46410.10
50132,5/2/2024 8:28:20 AM,20038.16,492.90,46410.07
50132,5/2/2024 8:28:30 AM,20037.90,493.12,46409.90
50132,5/2/2024 8:28:40 AM,20037.84,493.44,46409.80
50132,5/2/2024 8:28:50 AM,20037.72,493.90,46409.72
50132,5/2/2024 8:29:00 AM,20037.60,494.37,46409.60
50132,5/2/2024 8:29:10 AM,20037.60,494.80,46409.40
50132,5/2/2024 8:29:20 AM,20037.40,495.13,46409.41
50132,5/2/2024 8:29:30 AM,20037.22,495.43,46409.27
50132,5/2/2024 8:29:40 AM,20037.10,495.60,46409.00
50132,5/2/2024 8:29:50 AM,20037.05,496.01,46409.10
50132,5/2/2024 8:30:00 AM,20037.00,496.08,46408.86
50132,5/2/2024 8:30:10 AM,20037.00,496.36,46408.89
50132,5/2/2024 8:30:20 AM,20037.10,496.46,46408.80
50132,5/2/2024 8:30:30 AM,20037.10,496.48,46408.80
50132,5/2/2024 8:30:40 AM,20037.10,496.43,46408.40
50132,5/2/2024 8:30:50 AM,20037.10,496.58,46408.62
50132,5/2/2024 8:31:00 AM,20037.20,496.80,46408.68
50132,5/2/2024 8:31:10 AM,20037.20,496.87,46408.62
50132,5/2/2024 8:31:20 AM,20037.20,496.76,46408.60
50132,5/2/2024 8:31:30 AM,20037.20,496.84,46408.40
50132,5/2/2024 8:31:40 AM,20037.40,496.80,46408.46
50132,5/2/2024 8:31:50 AM,20037.70,496.92,46408.43
50132,5/2/2024 8:32:00 AM,20038.01,496.85,46408.40
50132,5/2/2024 8:32:10 AM,20038.13,496.68,46408.31
50132,5/2/2024 8:32:20 AM,20038.30,496.60,46408.37
50132,5/2/2024 8:32:30 AM,20038.49,496.44,46408.45
50132,5/2/2024 8:32:40 AM,20038.64,496.53,46408.37
50132,5/2/2024 8:32:50 AM,20038.90,496.45,46408.30
50132,5/2/2024 8:33:00 AM,20039.20,496.45,46408.36
50132,5/2/2024 8:33:10 AM,20039.24,496.45,46408.45
50132,5/2/2024 8:33:20 AM,20039.62,496.55,46408.55
50132,5/2/2024 8:33:30 AM,20039.97,496.80,46408.63
50132,5/2/2024 8:33:40 AM,20040.30,496.80,46408.60
50132,5/2/2024 8:33:50 AM,20040.40,496.70,46408.60
50132,5/2/2024 8:34:00 AM,20040.48,496.52,46408.70
50132,5/2/2024 8:34:10 AM,20040.50,496.19,46408.70
50132,5/2/2024 8:34:20 AM,20040.62,495.90,46408.70
50132,5/2/2024 8:34:30 AM,20040.70,495.85,46408.73
50132,5/2/2024 8:34:40 AM,20041.00,495.90,46408.75
50132,5/2/2024 8:34:50 AM,20041.20,495.73,46408.86
50132,5/2/2024 8:35:00 AM,20041.40,495.78,46408.93
50132,5/2/2024 8:35:10 AM,20041.49,495.70,46408.92
50132,5/2/2024 8:35:20 AM,20041.60,495.70,46409.00
50132,5/2/2024 8:35:30 AM,20041.50,495.40,46409.00
50132,5/2/2024 8:35:40 AM,20041.50,495.10,46409.00
50132,5/2/2024 8:35:50 AM,20041.40,495.20,46409.00
50132,5/2/2024 8:36:00 AM,20041.50,495.10,46409.10
50132,5/2/2024 8:36:10 AM,20041.40,495.10,46409.00
50132,5/2/2024 8:36:20 AM,20041.40,495.20,46409.10
50132,5/2/2024 8:36:30 AM,20041.40,495.22,46408.90
50132,5/2/2024 8:36:40 AM,20041.29,495.00,46409.16
50132,5/2/2024 8:36:50 AM,20040.97,494.80,46409.07
50132,5/2/2024 8:37:00 AM,20040.75,494.58,46409.05
50132,5/2/2024 8:37:10 AM,20040.50,494.63,46409.00
50132,5/2/2024 8:37:20 AM,20040.18,494.55,46408.90
50132,5/2/2024 8:37:30 AM,20039.86,494.84,46408.98
50132,5/2/2024 8:37:40 AM,20039.50,495.19,46408.93
50132,5/2/2024 8:37:50 AM,20039.30,495.57,46408.85
50132,5/2/2024 8:38:00 AM,20039.00,495.80,46408.70
50132,5/2/2024 8:38:10 AM,20038.90,496.25,46408.75
50132,5/2/2024 8:38:20 AM,20038.75,496.30,46408.60
50132,5/2/2024 8:38:30 AM,20038.60,496.30,46408.56
50132,5/2/2024 8:38:40 AM,20038.50,496.30,46408.40
50132,5/2/2024 8:38:50 AM,20038.30,496.40,46408.40
50132,5/2/2024 8:39:00 AM,20038.30,496.70,46408.30
50132,5/2/2024 8:39:10 AM,20038.24,497.11,46408.23
50132,5/2/2024 8:39:20 AM,20038.40,497.55,46408.14
50132,5/2/2024 8:39:30 AM,20038.40,497.88,46408.10
50132,5/2/2024 8:39:40 AM,20038.30,497.70,46407.80
50132,5/2/2024 8:39:50 AM,20038.30,497.50,46407.80
50132,5/2/2024 8:40:00 AM,20038.28,497.13,46407.80
50132,5/2/2024 8:40:10 AM,20038.27,496.70,46407.77
50132,5/2/2024 8:40:20 AM,20038.20,496.48,46407.70
50132,5/2/2024 8:40:30 AM,20038.50,496.30,46407.75
50132,5/2/2024 8:40:40 AM,20038.50,496.25,46407.80
50132,5/2/2024 8:40:50 AM,20038.30,496.20,46407.84
50132,5/2/2024 8:41:00 AM,20038.17,496.15,46407.70
50132,5/2/2024 8:41:10 AM,20037.90,496.13,46407.80
50132,5/2/2024 8:41:20 AM,20037.73,496.10,46407.80
50132,5/2/2024 8:41:30 AM,20037.56,496.03,46407.81
50132,5/2/2024 8:41:40 AM,20037.43,496.04,46407.75
50132,5/2/2024 8:41:50 AM,20037.35,496.17,46407.76
50132,5/2/2024 8:42:00 AM,20037.23,496.37,46407.70
50132,5/2/2024 8:42:10 AM,20037.10,496.42,46407.63
50132,5/2/2024 8:42:20 AM,20036.90,496.53,46407.75
50132,5/2/2024 8:42:30 AM,20036.60,496.71,46407.74
50132,5/2/2024 8:42:40 AM,20036.54,496.69,46407.60
50132,5/2/2024 8:42:50 AM,20036.50,496.65,46407.80
50132,5/2/2024 8:43:00 AM,20036.34,496.57,46407.56
50132,5/2/2024 8:43:10 AM,20036.14,496.60,46407.50
50132,5/2/2024 8:43:20 AM,20036.06,496.40,46407.61
50132,5/2/2024 8:43:30 AM,20036.04,496.25,46407.64
50132,5/2/2024 8:43:40 AM,20036.06,496.17,46407.67
50132,5/2/2024 8:43:50 AM,20035.90,495.96,46407.50
50132,5/2/2024 8:44:00 AM,20035.74,495.85,46407.70
50132,5/2/2024 8:44:10 AM,20035.90,495.70,46407.70
50132,5/2/2024 8:44:20 AM,20035.87,495.41,46407.72
50132,5/2/2024 8:44:30 AM,20035.84,495.16,46407.90
50132,5/2/2024 8:44:40 AM,20035.80,494.72,46407.80
50132,5/2/2024 8:44:50 AM,20035.70,494.36,46407.80
50132,5/2/2024 8:45:00 AM,20035.80,494.20,46407.95
50132,5/2/2024 8:45:10 AM,20035.70,494.00,46407.90
50132,5/2/2024 8:45:20 AM,20035.70,494.00,46408.10
50132,5/2/2024 8:45:30 AM,20035.80,494.10,46408.20
50132,5/2/2024 8:45:40 AM,20035.70,494.10,46408.30
50132,5/2/2024 8:45:50 AM,20035.50,494.10,46408.20
50132,5/2/2024 8:46:00 AM,20035.50,494.20,46408.20
50132,5/2/2024 8:46:10 AM,20035.57,494.18,46408.28
50132,5/2/2024 8:46:20 AM,20035.50,494.15,46408.20
50132,5/2/2024 8:46:30 AM,20035.34,494.10,46408.14
50132,5/2/2024 8:46:40 AM,20035.40,494.18,46408.10
50132,5/2/2024 8:46:50 AM,20035.40,494.15,46408.28
50132,5/2/2024 8:47:00 AM,20035.40,494.12,46408.27
50132,5/2/2024 8:47:10 AM,20035.40,494.13,46408.20
50132,5/2/2024 8:47:20 AM,20035.47,494.15,46408.30
50132,5/2/2024 8:47:30 AM,20035.60,494.18,46408.50
50132,5/2/2024 8:47:40 AM,20035.61,494.20,46408.20
50132,5/2/2024 8:47:50 AM,20035.66,494.07,46408.32
50132,5/2/2024 8:48:00 AM,20035.86,494.02,46408.38
50132,5/2/2024 8:48:10 AM,20036.00,494.10,46408.43
50132,5/2/2024 8:48:20 AM,20036.00,494.20,46408.40
50132,5/2/2024 8:48:30 AM,20036.05,494.50,46408.58
50132,5/2/2024 8:48:40 AM,20036.18,494.54,46408.50
50132,5/2/2024 8:48:50 AM,20036.25,494.51,46408.58
50132,5/2/2024 8:49:00 AM,20036.30,494.34,46408.55
50132,5/2/2024 8:49:10 AM,20036.40,494.40,46408.63
50132,5/2/2024 8:49:20 AM,20036.40,494.53,46408.50
50132,5/2/2024 8:49:30 AM,20036.68,494.76,46408.55
50132,5/2/2024 8:49:40 AM,20037.00,495.10,46408.63
50132,5/2/2024 8:49:50 AM,20037.10,495.03,46408.70
50132,5/2/2024 8:50:00 AM,20037.23,495.07,46408.76
50132,5/2/2024 8:50:10 AM,20037.40,495.05,46408.74
50132,5/2/2024 8:50:20 AM,20037.60,494.92,46408.87
50132,5/2/2024 8:50:30 AM,20037.83,494.80,46408.95
50132,5/2/2024 8:50:40 AM,20037.90,494.70,46408.98
50132,5/2/2024 8:50:50 AM,20038.00,494.53,46409.10
50132,5/2/2024 8:51:00 AM,20038.00,494.57,46409.20
50132,5/2/2024 8:51:10 AM,20038.00,494.70,46409.12
50132,5/2/2024 8:51:20 AM,20038.10,494.82,46409.18
50132,5/2/2024 8:51:30 AM,20038.02,495.10,46409.08
50132,5/2/2024 8:51:40 AM,20038.00,495.00,46409.20
50132,5/2/2024 8:51:50 AM,20038.07,494.80,46409.20
50132,5/2/2024 8:52:00 AM,20038.10,494.60,46409.30
50132,5/2/2024 8:52:10 AM,20038.10,494.60,46409.23
50132,5/2/2024 8:52:20 AM,20038.20,494.60,46409.17
50132,5/2/2024 8:52:30 AM,20038.20,494.51,46409.27
50132,5/2/2024 8:52:40 AM,20038.40,494.80,46409.22
50132,5/2/2024 8:52:50 AM,20038.70,494.95,46409.31
50132,5/2/2024 8:53:00 AM,20038.83,495.21,46409.40
50132,5/2/2024 8:53:10 AM,20039.00,495.27,46409.40
50132,5/2/2024 8:53:20 AM,20039.00,495.30,46409.40
50132,5/2/2024 8:53:30 AM,20039.20,495.32,46409.32
50132,5/2/2024 8:53:40 AM,20039.40,495.35,46409.50
50132,5/2/2024 8:53:50 AM,20039.45,495.30,46409.46
50132,5/2/2024 8:54:00 AM,20039.50,495.30,46409.45
50132,5/2/2024 8:54:10 AM,20039.66,495.40,46409.60
50132,5/2/2024 8:54:20 AM,20039.73,495.28,46409.44
50132,5/2/2024 8:54:30 AM,20039.81,495.20,46409.46
50132,5/2/2024 8:54:40 AM,20039.90,495.10,46409.30
50132,5/2/2024 8:54:50 AM,20039.90,495.20,46409.37
50132,5/2/2024 8:55:00 AM,20039.90,494.98,46409.20
50132,5/2/2024 8:55:10 AM,20039.97,494.86,46409.30
50132,5/2/2024 8:55:20 AM,20040.10,494.80,46409.40
50132,5/2/2024 8:55:30 AM,20040.00,494.60,46409.40
50132,5/2/2024 8:55:40 AM,20040.30,494.60,46409.50
50132,5/2/2024 8:55:50 AM,20040.60,494.60,46409.50
50132,5/2/2024 8:56:00 AM,20040.70,494.40,46409.50
50132,5/2/2024 8:56:10 AM,20040.90,494.20,46409.60
50132,5/2/2024 8:56:20 AM,20040.90,494.00,46409.70
50132,5/2/2024 8:56:30 AM,20040.90,494.05,46409.73
50132,5/2/2024 8:56:40 AM,20040.90,494.18,46410.00
50132,5/2/2024 8:56:50 AM,20040.90,494.23,46409.83
50132,5/2/2024 8:57:00 AM,20041.00,494.25,46409.77
50132,5/2/2024 8:57:10 AM,20041.13,494.40,46409.90
50132,5/2/2024 8:57:20 AM,20041.26,494.37,46409.90
50132,5/2/2024 8:57:30 AM,20041.30,494.06,46409.84
50132,5/2/2024 8:57:40 AM,20041.40,494.00,46409.90
50132,5/2/2024 8:57:50 AM,20041.30,493.50,46409.95
50132,5/2/2024 8:58:00 AM,20041.00,492.80,46410.05
50132,5/2/2024 8:58:10 AM,20040.45,492.51,46410.10
50132,5/2/2024 8:58:20 AM,20040.10,492.36,46410.10
50132,5/2/2024 8:58:30 AM,20039.80,492.23,46410.00
50132,5/2/2024 8:58:40 AM,20039.50,492.31,46410.16
50132,5/2/2024 8:58:50 AM,20039.16,492.50,46410.11
50132,5/2/2024 8:59:00 AM,20038.74,492.50,46410.10
50132,5/2/2024 8:59:10 AM,20038.27,492.44,46410.00
50132,5/2/2024 8:59:20 AM,20037.71,492.40,46410.00
50132,5/2/2024 8:59:30 AM,20037.40,492.55,46409.90
50132,5/2/2024 8:59:40 AM,20036.97,492.70,46409.80
50132,5/2/2024 8:59:50 AM,20036.80,493.10,46409.60
50132,5/2/2024 9:00:00 AM,20036.60,493.60,46409.67
50132,5/2/2024 9:00:10 AM,20036.50,493.85,46409.60
50132,5/2/2024 9:00:20 AM,20036.40,494.06,46409.60
50132,5/2/2024 9:00:30 AM,20036.25,494.30,46409.42
50132,5/2/2024 9:00:40 AM,20036.00,494.53,46409.30
50132,5/2/2024 9:00:50 AM,20036.05,494.83,46409.10
50132,5/2/2024 9:01:00 AM,20035.90,495.10,46409.00
50132,5/2/2024 9:01:10 AM,20035.90,495.23,46409.00
50132,5/2/2024 9:01:20 AM,20035.93,495.50,46408.93
50132,5/2/2024 9:01:30 AM,20035.81,495.53,46408.93
50132,5/2/2024 9:01:40 AM,20035.93,495.73,46408.80
50132,5/2/2024 9:01:50 AM,20036.00,495.60,46408.80
50132,5/2/2024 9:02:00 AM,20036.00,495.46,46408.80
50132,5/2/2024 9:02:10 AM,20036.00,495.31,46408.80
50132,5/2/2024 9:02:20 AM,20036.00,495.12,46408.77
50132,5/2/2024 9:02:30 AM,20036.00,494.94,46408.62
50132,5/2/2024 9:02:40 AM,20036.11,494.90,46408.50
50132,5/2/2024 9:02:50 AM,20036.11,494.64,46408.80
50132,5/2/2024 9:03:00 AM,20036.17,494.50,46408.60
50132,5/2/2024 9:03:10 AM,20036.06,494.20,46408.80
50132,5/2/2024 9:03:20 AM,20036.20,494.10,46408.84
50132,5/2/2024 9:03:30 AM,20036.17,494.02,46408.87
50132,5/2/2024 9:03:40 AM,20036.30,494.08,46408.92
50132,5/2/2024 9:03:50 AM,20036.40,493.88,46408.96
50132,5/2/2024 9:04:00 AM,20036.30,493.70,46409.04
50132,5/2/2024 9:04:10 AM,20036.25,493.63,46409.02
50132,5/2/2024 9:04:20 AM,20036.24,493.68,46409.07
50132,5/2/2024 9:04:30 AM,20036.28,493.63,46409.27
50132,5/2/2024 9:04:40 AM,20036.40,493.59,46409.11
50132,5/2/2024 9:04:50 AM,20036.40,493.55,46409.19
50132,5/2/2024 9:05:00 AM,20036.38,493.40,46409.20
50132,5/2/2024 9:05:10 AM,20036.31,493.57,46409.25
50132,5/2/2024 9:05:20 AM,20036.40,493.50,46409.30
50132,5/2/2024 9:05:30 AM,20036.40,493.30,46409.40
50132,5/2/2024 9:05:40 AM,20036.40,493.40,46409.40
50132,5/2/2024 9:05:50 AM,20036.50,493.50,46409.40
50132,5/2/2024 9:06:00 AM,20036.60,493.50,46409.40
50132,5/2/2024 9:06:10 AM,20036.60,493.50,46409.40
50132,5/2/2024 9:06:20 AM,20036.80,493.62,46409.45
50132,5/2/2024 9:06:30 AM,20036.91,493.78,46409.48
50132,5/2/2024 9:06:40 AM,20037.01,493.85,46409.35
50132,5/2/2024 9:06:50 AM,20037.16,493.98,46409.40
50132,5/2/2024 9:07:00 AM,20037.38,493.90,46409.45
50132,5/2/2024 9:07:10 AM,20037.60,494.03,46409.54
50132,5/2/2024 9:07:20 AM,20037.60,493.97,46409.40
50132,5/2/2024 9:07:30 AM,20037.64,493.90,46409.50
50132,5/2/2024 9:07:40 AM,20037.90,493.74,46409.50
50132,5/2/2024 9:07:50 AM,20037.90,493.70,46409.59
50132,5/2/2024 9:08:00 AM,20037.90,493.70,46409.60
50132,5/2/2024 9:08:10 AM,20038.10,493.70,46409.68
50132,5/2/2024 9:08:20 AM,20038.17,493.46,46409.90
50132,5/2/2024 9:08:30 AM,20038.30,493.27,46409.70
50132,5/2/2024 9:08:40 AM,20038.48,493.13,46409.80
50132,5/2/2024 9:08:50 AM,20038.60,493.00,46409.81
50132,5/2/2024 9:09:00 AM,20038.70,492.83,46409.85
50132,5/2/2024 9:09:10 AM,20038.90,492.87,46410.06
50132,5/2/2024 9:09:20 AM,20038.80,492.73,46410.03
50132,5/2/2024 9:09:30 AM,20038.80,492.90,46410.20
50132,5/2/2024 9:09:40 AM,20038.85,492.70,46410.03
50132,5/2/2024 9:09:50 AM,20038.90,492.52,46410.20
50132,5/2/2024 9:10:00 AM,20038.70,492.50,46410.27
50132,5/2/2024 9:10:10 AM,20038.73,492.80,46410.18
50132,5/2/2024 9:10:20 AM,20038.90,493.02,46410.14
50132,5/2/2024 9:10:30 AM,20038.91,493.13,46410.20
50132,5/2/2024 9:10:40 AM,20039.10,493.10,46410.10
50132,5/2/2024 9:10:50 AM,20039.12,493.27,46410.12
50132,5/2/2024 9:11:00 AM,20039.35,493.10,46410.15
50132,5/2/2024 9:11:10 AM,20039.62,493.10,46410.18
50132,5/2/2024 9:11:20 AM,20039.78,493.12,46410.20
50132,5/2/2024 9:11:30 AM,20039.88,492.96,46410.10
50132,5/2/2024 9:11:40 AM,20040.19,492.97,46410.20
50132,5/2/2024 9:11:50 AM,20040.17,492.80,46410.20
50132,5/2/2024 9:12:00 AM,20040.24,492.90,46410.30
50132,5/2/2024 9:12:10 AM,20040.25,492.73,46410.20
50132,5/2/2024 9:12:20 AM,20040.40,492.70,46410.20
50132,5/2/2024 9:12:30 AM,20040.34,492.50,46410.20
50132,5/2/2024 9:12:40 AM,20040.22,492.24,46410.40
50132,5/2/2024 9:12:50 AM,20040.05,491.95,46410.40
50132,5/2/2024 9:13:00 AM,20039.70,491.70,46410.50
50132,5/2/2024 9:13:10 AM,20039.57,491.50,46410.30
50132,5/2/2024 9:13:20 AM,20039.50,491.70,46410.30
50132,5/2/2024 9:13:30 AM,20039.57,491.75,46410.40
50132,5/2/2024 9:13:40 AM,20039.60,491.66,46410.30
50132,5/2/2024 9:13:50 AM,20039.48,491.63,46410.36
50132,5/2/2024 9:14:00 AM,20039.54,491.65,46410.30
50132,5/2/2024 9:14:10 AM,20039.46,491.80,46410.25
50132,5/2/2024 9:14:20 AM,20039.50,491.87,46410.30
50132,5/2/2024 9:14:30 AM,20039.70,492.10,46410.34
50132,5/2/2024 9:14:40 AM,20039.75,492.17,46410.20
50132,5/2/2024 9:14:50 AM,20039.73,492.34,46410.30
50132,5/2/2024 9:15:00 AM,20039.90,492.47,46410.27
50132,5/2/2024 9:15:10 AM,20040.04,492.30,46410.20
50132,5/2/2024 9:15:20 AM,20040.20,492.20,46410.20
50132,5/2/2024 9:15:30 AM,20040.40,492.20,46410.20
50132,5/2/2024 9:15:40 AM,20040.50,492.10,46410.30
50132,5/2/2024 9:15:50 AM,20040.80,492.10,46410.30
50132,5/2/2024 9:16:00 AM,20040.80,492.00,46410.20
50132,5/2/2024 9:16:10 AM,20040.90,491.90,46410.30
50132,5/2/2024 9:16:20 AM,20040.93,491.90,46410.30
50132,5/2/2024 9:16:30 AM,20040.97,491.79,46410.20
50132,5/2/2024 9:16:40 AM,20041.05,491.67,46410.36
50132,5/2/2024 9:16:50 AM,20041.10,491.40,46410.26
50132,5/2/2024 9:17:00 AM,20040.90,491.20,46410.40
50132,5/2/2024 9:17:10 AM,20040.90,490.90,46410.32
50132,5/2/2024 9:17:20 AM,20040.79,490.90,46410.40
50132,5/2/2024 9:17:30 AM,20040.76,490.82,46410.45
50132,5/2/2024 9:17:40 AM,20040.60,490.65,46410.35
50132,5/2/2024 9:17:50 AM,20040.60,490.57,46410.50
50132,5/2/2024 9:18:00 AM,20040.47,490.30,46410.50
50132,5/2/2024 9:18:10 AM,20040.60,490.33,46410.55
50132,5/2/2024 9:18:20 AM,20040.20,490.55,46410.49
50132,5/2/2024 9:18:30 AM,20040.30,490.66,46410.49
50132,5/2/2024 9:18:40 AM,20040.56,490.54,46410.50
50132,5/2/2024 9:18:50 AM,20040.73,490.60,46410.57
50132,5/2/2024 9:19:00 AM,20040.71,490.51,46410.66
50132,5/2/2024 9:19:10 AM,20040.75,490.60,46410.69
50132,5/2/2024 9:19:20 AM,20040.60,490.53,46410.66
50132,5/2/2024 9:19:30 AM,20040.68,490.53,46410.70
50132,5/2/2024 9:19:40 AM,20040.88,490.80,46410.80
50132,5/2/2024 9:19:50 AM,20041.00,490.80,46410.63
50132,5/2/2024 9:20:00 AM,20041.00,490.70,46410.67
50132,5/2/2024 9:20:10 AM,20041.00,490.56,46410.70
50132,5/2/2024 9:20:20 AM,20041.00,490.61,46410.79
50132,5/2/2024 9:20:30 AM,20040.88,490.60,46410.73
50132,5/2/2024 9:20:40 AM,20040.90,490.60,46410.74
50132,5/2/2024 9:20:50 AM,20040.83,490.70,46410.77
50132,5/2/2024 9:21:00 AM,20040.87,490.70,46410.70
50132,5/2/2024 9:21:10 AM,20040.95,490.50,46410.70
50132,5/2/2024 9:21:20 AM,20040.90,490.40,46410.75
50132,5/2/2024 9:21:30 AM,20040.90,490.40,46410.87
50132,5/2/2024 9:21:40 AM,20040.95,490.48,46410.83
50132,5/2/2024 9:21:50 AM,20041.00,490.60,46410.90
50132,5/2/2024 9:22:00 AM,20041.05,490.56,46410.75
50132,5/2/2024 9:22:10 AM,20041.05,490.55,46410.70
50132,5/2/2024 9:22:20 AM,20040.94,490.73,46410.90
50132,5/2/2024 9:22:30 AM,20040.99,490.90,46410.96
50132,5/2/2024 9:22:40 AM,20040.80,490.85,46410.90
50132,5/2/2024 9:22:50 AM,20040.72,490.90,46410.90
50132,5/2/2024 9:23:00 AM,20040.88,490.91,46410.90
50132,5/2/2024 9:23:10 AM,20040.68,490.90,46410.90
50132,5/2/2024 9:23:20 AM,20040.57,491.00,46410.87
50132,5/2/2024 9:23:30 AM,20040.48,491.02,46410.90
50132,5/2/2024 9:23:40 AM,20040.39,491.00,46410.98
50132,5/2/2024 9:23:50 AM,20040.33,491.18,46410.95
50132,5/2/2024 9:24:00 AM,20040.36,491.30,46411.00
50132,5/2/2024 9:24:10 AM,20040.30,491.49,46410.93
50132,5/2/2024 9:24:20 AM,20040.40,491.66,46411.10
50132,5/2/2024 9:24:30 AM,20040.40,491.65,46411.01
50132,5/2/2024 9:24:40 AM,20040.40,491.70,46410.90
50132,5/2/2024 9:24:50 AM,20040.56,491.80,46410.90
50132,5/2/2024 9:25:00 AM,20040.60,491.88,46411.03
50132,5/2/2024 9:25:10 AM,20040.70,491.87,46411.00
50132,5/2/2024 9:25:20 AM,20040.70,491.90,46411.10
50132,5/2/2024 9:25:30 AM,20040.70,491.90,46411.10
50132,5/2/2024 9:25:40 AM,20040.50,491.90,46411.10
50132,5/2/2024 9:25:50 AM,20040.30,491.90,46411.30
50132,5/2/2024 9:26:00 AM,20040.20,491.90,46411.30
50132,5/2/2024 9:26:10 AM,20040.00,491.80,46411.30
50132,5/2/2024 9:26:20 AM,20039.96,492.08,46411.25
50132,5/2/2024 9:26:30 AM,20039.91,492.00,46411.21
50132,5/2/2024 9:26:40 AM,20039.80,492.34,46411.14
50132,5/2/2024 9:26:50 AM,20039.75,492.50,46411.10
50132,5/2/2024 9:27:00 AM,20039.77,492.60,46411.23
50132,5/2/2024 9:27:10 AM,20039.80,492.76,46411.23
50132,5/2/2024 9:27:20 AM,20039.88,492.85,46411.10
50132,5/2/2024 9:27:30 AM,20039.75,492.92,46411.20
50132,5/2/2024 9:27:40 AM,20039.75,493.20,46411.30
50132,5/2/2024 9:27:50 AM,20039.64,493.13,46411.07
50132,5/2/2024 9:28:00 AM,20039.60,493.00,46411.11
50132,5/2/2024 9:28:10 AM,20039.60,493.05,46410.90
50132,5/2/2024 9:28:20 AM,20039.60,493.20,46411.07
50132,5/2/2024 9:28:30 AM,20039.60,493.17,46410.92
50132,5/2/2024 9:28:40 AM,20039.60,493.40,46410.96
50132,5/2/2024 9:28:50 AM,20039.85,493.75,46410.90
50132,5/2/2024 9:29:00 AM,20040.15,493.73,46410.82
50132,5/2/2024 9:29:10 AM,20040.36,493.70,46410.89
50132,5/2/2024 9:29:20 AM,20040.60,493.56,46411.00
50132,5/2/2024 9:29:30 AM,20040.63,493.36,46411.08
50132,5/2/2024 9:29:40 AM,20040.68,493.24,46411.20
50132,5/2/2024 9:29:50 AM,20040.73,493.10,46411.00
50132,5/2/2024 9:30:00 AM,20040.93,493.05,46411.14
50132,5/2/2024 9:30:10 AM,20041.15,493.01,46411.20
50132,5/2/2024 9:30:20 AM,20041.40,492.85,46411.20
50132,5/2/2024 9:30:30 AM,20041.43,492.60,46411.05
50132,5/2/2024 9:30:40 AM,20041.57,492.49,46411.25
50132,5/2/2024 9:30:50 AM,20041.80,492.27,46411.27
50132,5/2/2024 9:31:00 AM,20041.60,491.95,46411.20
50132,5/2/2024 9:31:10 AM,20041.60,491.63,46411.32
50132,5/2/2024 9:31:20 AM,20041.36,491.60,46411.40
50132,5/2/2024 9:31:30 AM,20041.42,491.93,46411.30
50132,5/2/2024 9:31:40 AM,20041.60,492.07,46411.30
50132,5/2/2024 9:31:50 AM,20041.55,492.00,46411.40
50132,5/2/2024 9:32:00 AM,20041.51,492.00,46411.50
50132,5/2/2024 9:32:10 AM,20041.30,491.68,46411.48
50132,5/2/2024 9:32:20 AM,20041.05,491.55,46411.44
50132,5/2/2024 9:32:30 AM,20040.83,491.50,46411.37
50132,5/2/2024 9:32:40 AM,20040.78,491.43,46411.50
50132,5/2/2024 9:32:50 AM,20040.75,491.53,46411.30
50132,5/2/2024 9:33:00 AM,20040.90,491.66,46411.30
50132,5/2/2024 9:33:10 AM,20041.00,491.80,46411.30
50132,5/2/2024 9:33:20 AM,20040.82,491.80,46411.30
50132,5/2/2024 9:33:30 AM,20040.75,492.05,46411.34
50132,5/2/2024 9:33:40 AM,20041.00,492.10,46411.20
50132,5/2/2024 9:33:50 AM,20041.00,492.20,46411.25
50132,5/2/2024 9:34:00 AM,20041.00,492.20,46411.20
50132,5/2/2024 9:34:10 AM,20041.00,492.30,46411.25
50132,5/2/2024 9:34:20 AM,20041.30,492.60,46411.23
50132,5/2/2024 9:34:30 AM,20041.26,492.70,46411.02
50132,5/2/2024 9:34:40 AM,20041.40,492.67,46411.18
50132,5/2/2024 9:34:50 AM,20041.60,492.73,46411.14
50132,5/2/2024 9:35:00 AM,20041.75,492.80,46411.00
50132,5/2/2024 9:35:10 AM,20041.90,492.87,46411.05
50132,5/2/2024 9:35:20 AM,20042.00,492.90,46411.10
50132,5/2/2024 9:35:30 AM,20042.20,492.70,46411.10
50132,5/2/2024 9:35:40 AM,20042.30,492.70,46411.10
50132,5/2/2024 9:35:50 AM,20042.30,492.60,46410.90
50132,5/2/2024 9:36:00 AM,20042.50,492.60,46411.00
50132,5/2/2024 9:36:10 AM,20042.60,492.60,46411.00
50132,5/2/2024 9:36:20 AM,20042.60,492.50,46411.10
50132,5/2/2024 9:36:30 AM,20042.60,492.32,46411.06
50132,5/2/2024 9:36:40 AM,20042.60,492.14,46411.00
50132,5/2/2024 9:36:50 AM,20042.74,492.20,46411.00
50132,5/2/2024 9:37:00 AM,20042.78,492.00,46410.90
50132,5/2/2024 9:37:10 AM,20042.76,492.14,46410.95
50132,5/2/2024 9:37:20 AM,20042.88,491.98,46410.81
50132,5/2/2024 9:37:30 AM,20043.12,491.74,46410.84
50132,5/2/2024 9:37:40 AM,20043.45,491.53,46410.88
50132,5/2/2024 9:37:50 AM,20043.40,491.30,46411.00
50132,5/2/2024 9:38:00 AM,20043.40,491.11,46411.01
50132,5/2/2024 9:38:10 AM,20043.39,491.04,46411.02
50132,5/2/2024 9:38:20 AM,20043.34,491.13,46410.90
50132,5/2/2024 9:38:30 AM,20043.27,491.20,46411.10
50132,5/2/2024 9:38:40 AM,20043.17,491.30,46410.98
50132,5/2/2024 9:38:50 AM,20043.25,491.43,46410.90
50132,5/2/2024 9:39:00 AM,20043.42,491.60,46410.77
50132,5/2/2024 9:39:10 AM,20043.57,491.53,46410.92
50132,5/2/2024 9:39:20 AM,20043.54,491.24,46410.80
50132,5/2/2024 9:39:30 AM,20043.36,491.20,46410.95
50132,5/2/2024 9:39:40 AM,20043.30,491.25,46410.90
50132,5/2/2024 9:39:50 AM,20043.10,491.17,46410.91
50132,5/2/2024 9:40:00 AM,20042.94,491.13,46410.91
50132,5/2/2024 9:40:10 AM,20042.90,491.32,46410.80
50132,5/2/2024 9:40:20 AM,20042.80,491.40,46410.70
50132,5/2/2024 9:40:30 AM,20042.70,491.57,46410.73
50132,5/2/2024 9:40:40 AM,20042.90,491.55,46410.77
50132,5/2/2024 9:40:50 AM,20043.15,491.65,46410.63
50132,5/2/2024 9:41:00 AM,20043.11,491.65,46410.70
50132,5/2/2024 9:41:10 AM,20043.16,491.42,46410.70
50132,5/2/2024 9:41:20 AM,20043.13,491.40,46410.70
50132,5/2/2024 9:41:30 AM,20043.17,491.47,46410.70
50132,5/2/2024 9:41:40 AM,20043.10,491.58,46410.80
50132,5/2/2024 9:41:50 AM,20043.10,491.60,46410.70
50132,5/2/2024 9:42:00 AM,20043.10,491.80,46410.50
50132,5/2/2024 9:42:10 AM,20043.10,491.96,46410.66
50132,5/2/2024 9:42:20 AM,20043.10,492.10,46410.60
50132,5/2/2024 9:42:30 AM,20043.20,492.27,46410.60
50132,5/2/2024 9:42:40 AM,20043.22,492.36,46410.60
50132,5/2/2024 9:42:50 AM,20043.17,492.38,46410.45
50132,5/2/2024 9:43:00 AM,20043.03,492.50,46410.40
50132,5/2/2024 9:43:10 AM,20043.06,492.55,46410.45
50132,5/2/2024 9:43:20 AM,20042.94,492.55,46410.45
50132,5/2/2024 9:43:30 AM,20042.81,492.50,46410.43
50132,5/2/2024 9:43:40 AM,20042.75,492.53,46410.27
50132,5/2/2024 9:43:50 AM,20042.85,492.55,46410.20
50132,5/2/2024 9:44:00 AM,20042.90,492.57,46410.14
50132,5/2/2024 9:44:10 AM,20042.90,492.50,46410.08
50132,5/2/2024 9:44:20 AM,20042.80,492.47,46410.04
50132,5/2/2024 9:44:30 AM,20042.80,492.53,46410.05
50132,5/2/2024 9:44:40 AM,20042.80,492.47,46410.10
50132,5/2/2024 9:44:50 AM,20042.72,492.60,46410.09
50132,5/2/2024 9:45:00 AM,20042.80,492.54,46410.04
50132,5/2/2024 9:45:10 AM,20042.70,492.55,46410.00
50132,5/2/2024 9:45:20 AM,20042.80,492.60,46409.90
50132,5/2/2024 9:45:30 AM,20042.80,492.90,46409.90
50132,5/2/2024 9:45:40 AM,20042.70,492.90,46409.70
50132,5/2/2024 9:45:50 AM,20042.70,493.20,46409.80
50132,5/2/2024 9:46:00 AM,20043.00,493.30,46409.60
50132,5/2/2024 9:46:10 AM,20043.00,493.40,46409.59
50132,5/2/2024 9:46:20 AM,20043.04,493.40,46409.50
50132,5/2/2024 9:46:30 AM,20043.08,493.35,46409.60
50132,5/2/2024 9:46:40 AM,20043.10,493.37,46409.60
50132,5/2/2024 9:46:50 AM,20043.45,493.45,46409.54
50132,5/2/2024 9:47:00 AM,20043.60,493.45,46409.52
50132,5/2/2024 9:47:10 AM,20043.60,493.20,46409.55
50132,5/2/2024 9:47:20 AM,20043.52,493.10,46409.57
50132,5/2/2024 9:47:30 AM,20043.50,493.07,46409.54
50132,5/2/2024 9:47:40 AM,20043.50,492.94,46409.66
50132,5/2/2024 9:47:50 AM,20043.50,493.00,46409.50
50132,5/2/2024 9:48:00 AM,20043.50,492.80,46409.55
50132,5/2/2024 9:48:10 AM,20043.56,492.80,46409.63
50132,5/2/2024 9:48:20 AM,20043.60,492.80,46409.54
50132,5/2/2024 9:48:30 AM,20043.67,492.83,46409.63
50132,5/2/2024 9:48:40 AM,20043.50,492.70,46409.66
50132,5/2/2024 9:48:50 AM,20043.37,492.68,46409.61
50132,5/2/2024 9:49:00 AM,20043.25,492.80,46409.68
50132,5/2/2024 9:49:10 AM,20043.10,492.90,46409.55
50132,5/2/2024 9:49:20 AM,20043.10,492.82,46409.50
50132,5/2/2024 9:49:30 AM,20043.07,492.93,46409.54
50132,5/2/2024 9:49:40 AM,20043.06,493.05,46409.55
50132,5/2/2024 9:49:50 AM,20043.04,493.30,46409.43
50132,5/2/2024 9:50:00 AM,20043.09,493.40,46409.54
50132,5/2/2024 9:50:10 AM,20043.19,493.43,46409.50
50132,5/2/2024 9:50:20 AM,20043.34,493.55,46409.48
50132,5/2/2024 9:50:30 AM,20043.29,493.56,46409.49
50132,5/2/2024 9:50:40 AM,20043.20,493.70,46409.50
50132,5/2/2024 9:50:50 AM,20043.10,493.70,46409.30
50132,5/2/2024 9:51:00 AM,20043.10,493.70,46409.30
50132,5/2/2024 9:51:10 AM,20043.06,493.70,46409.20
50132,5/2/2024 9:51:20 AM,20043.01,493.66,46409.32
50132,5/2/2024 9:51:30 AM,20043.20,493.63,46409.27
50132,5/2/2024 9:51:40 AM,20043.00,493.60,46409.20
50132,5/2/2024 9:51:50 AM,20043.00,493.62,46409.25
50132,5/2/2024 9:52:00 AM,20043.00,493.46,46409.24
50132,5/2/2024 9:52:10 AM,20043.00,493.41,46409.20
50132,5/2/2024 9:52:20 AM,20043.05,493.15,46409.12
50132,5/2/2024 9:52:30 AM,20042.90,493.28,46409.15
50132,5/2/2024 9:52:40 AM,20042.90,493.22,46409.18
50132,5/2/2024 9:52:50 AM,20042.80,493.30,46409.05
50132,5/2/2024 9:53:00 AM,20042.60,493.27,46409.20
50132,5/2/2024 9:53:10 AM,20042.50,493.23,46409.05
50132,5/2/2024 9:53:20 AM,20042.50,493.20,46409.05
50132,5/2/2024 9:53:30 AM,20042.50,493.30,46409.18
50132,5/2/2024 9:53:40 AM,20042.25,493.05,46409.00
50132,5/2/2024 9:53:50 AM,20042.38,492.77,46408.93
50132,5/2/2024 9:54:00 AM,20042.50,492.77,46408.89
50132,5/2/2024 9:54:10 AM,20042.45,492.70,46408.95
50132,5/2/2024 9:54:20 AM,20042.40,492.50,46408.95
50132,5/2/2024 9:54:30 AM,20042.00,492.40,46408.90
50132,5/2/2024 9:54:40 AM,20042.12,492.53,46409.05
50132,5/2/2024 9:54:50 AM,20041.90,492.62,46408.90
50132,5/2/2024 9:55:00 AM,20041.90,492.65,46409.00
50132,5/2/2024 9:55:10 AM,20041.82,492.60,46408.95
50132,5/2/2024 9:55:20 AM,20041.80,492.90,46408.80
50132,5/2/2024 9:55:30 AM,20041.70,493.00,46408.90
50132,5/2/2024 9:55:40 AM,20041.80,493.20,46408.80
50132,5/2/2024 9:55:50 AM,20041.70,493.10,46408.70
50132,5/2/2024 9:56:00 AM,20041.60,493.00,46408.70
50132,5/2/2024 9:56:10 AM,20041.60,492.90,46408.60
50132,5/2/2024 9:56:20 AM,20041.50,493.00,46408.60
50132,5/2/2024 9:56:30 AM,20041.60,492.90,46408.50
50132,5/2/2024 9:56:40 AM,20041.80,492.90,46408.55
50132,5/2/2024 9:56:50 AM,20041.70,493.00,46408.60
50132,5/2/2024 9:57:00 AM,20041.70,493.16,46408.48
50132,5/2/2024 9:57:10 AM,20041.75,493.22,46408.30
50132,5/2/2024 9:57:20 AM,20041.75,493.23,46408.40
50132,5/2/2024 9:57:30 AM,20041.77,493.17,46408.54
50132,5/2/2024 9:57:40 AM,20041.90,493.10,46408.40
50132,5/2/2024 9:57:50 AM,20041.93,493.10,46408.40
50132,5/2/2024 9:58:00 AM,20041.98,493.07,46408.40
50132,5/2/2024 9:58:10 AM,20042.10,492.98,46408.40
50132,5/2/2024 9:58:20 AM,20042.10,493.16,46408.40
50132,5/2/2024 9:58:30 AM,20042.05,493.20,46408.40
50132,5/2/2024 9:58:40 AM,20041.90,493.20,46408.28
50132,5/2/2024 9:58:50 AM,20041.77,493.20,46408.40
50132,5/2/2024 9:59:00 AM,20041.49,493.30,46408.40
50132,5/2/2024 9:59:10 AM,20041.38,493.40,46408.40
50132,5/2/2024 9:59:20 AM,20041.30,493.40,46408.25
50132,5/2/2024 9:59:30 AM,20041.04,493.46,46408.30
50132,5/2/2024 9:59:40 AM,20041.28,493.65,46408.17
50132,5/2/2024 9:59:50 AM,20041.40,493.90,46408.10
50132,5/2/2024 10:00:00 AM,20041.60,493.70,46408.47
50132,5/2/2024 10:00:10 AM,20041.38,493.67,46408.40
50132,5/2/2024 10:00:20 AM,20040.97,493.47,46408.30
50132,5/2/2024 10:00:30 AM,20040.80,493.50,46408.20
50132,5/2/2024 10:00:40 AM,20040.83,493.35,46408.20
50132,5/2/2024 10:00:50 AM,20040.70,492.97,46408.20
50132,5/2/2024 10:01:00 AM,20040.66,492.83,46408.20
50132,5/2/2024 10:01:10 AM,20040.77,492.94,46408.10
50132,5/2/2024 10:01:20 AM,20040.67,492.90,46408.30
50132,5/2/2024 10:01:30 AM,20040.60,492.70,46408.25
50132,5/2/2024 10:01:40 AM,20040.60,492.57,46408.23
50132,5/2/2024 10:01:50 AM,20040.73,492.35,46408.20
50132,5/2/2024 10:02:00 AM,20040.58,492.20,46408.30
50132,5/2/2024 10:02:10 AM,20040.50,492.30,46408.10
50132,5/2/2024 10:02:20 AM,20040.50,492.40,46408.25
50132,5/2/2024 10:02:30 AM,20040.50,492.43,46408.30
50132,5/2/2024 10:02:40 AM,20040.50,492.40,46408.15
50132,5/2/2024 10:02:50 AM,20040.50,492.45,46408.25
50132,5/2/2024 10:03:00 AM,20040.40,492.32,46408.40
50132,5/2/2024 10:03:10 AM,20040.30,492.50,46408.40
50132,5/2/2024 10:03:20 AM,20040.10,492.30,46408.30
50132,5/2/2024 10:03:30 AM,20040.00,492.20,46408.30
50132,5/2/2024 10:03:40 AM,20039.90,492.20,46408.20
50132,5/2/2024 10:03:50 AM,20039.90,492.20,46408.10
50132,5/2/2024 10:04:00 AM,20039.75,492.30,46408.30
50132,5/2/2024 10:04:10 AM,20039.60,492.20,46408.10
50132,5/2/2024 10:04:20 AM,20039.80,492.10,46408.10
50132,5/2/2024 10:04:30 AM,20039.60,491.63,46408.07
50132,5/2/2024 10:04:40 AM,20039.50,491.40,46408.20
50132,5/2/2024 10:04:50 AM,20039.25,491.37,46408.07
50132,5/2/2024 10:05:00 AM,20039.10,491.20,46408.20
50132,5/2/2024 10:05:10 AM,20038.98,491.28,46408.07
50132,5/2/2024 10:05:20 AM,20039.00,491.40,46408.10
50132,5/2/2024 10:05:30 AM,20039.00,491.70,46407.80
50132,5/2/2024 10:05:40 AM,20039.10,491.70,46408.00
50132,5/2/2024 10:05:50 AM,20039.10,491.80,46407.70
50132,5/2/2024 10:06:00 AM,20039.20,491.80,46407.80
50132,5/2/2024 10:06:10 AM,20039.30,491.90,46407.60
50132,5/2/2024 10:06:20 AM,20039.30,491.70,46407.80
50132,5/2/2024 10:06:30 AM,20039.10,491.58,46407.70
50132,5/2/2024 10:06:40 AM,20039.30,491.58,46407.70
50132,5/2/2024 10:06:50 AM,20039.20,491.62,46407.65
50132,5/2/2024 10:07:00 AM,20039.40,491.69,46407.80
50132,5/2/2024 10:07:10 AM,20039.50,491.80,46407.50
50132,5/2/2024 10:07:20 AM,20039.50,491.80,46407.63
50132,5/2/2024 10:07:30 AM,20039.50,491.80,46407.50
50132,5/2/2024 10:07:40 AM,20039.60,491.70,46407.60
50132,5/2/2024 10:07:50 AM,20039.75,491.65,46407.55
50132,5/2/2024 10:08:00 AM,20039.90,491.61,46407.60
50132,5/2/2024 10:08:10 AM,20039.70,491.35,46407.50
50132,5/2/2024 10:08:20 AM,20039.80,491.20,46407.60
50132,5/2/2024 10:08:30 AM,20039.60,490.90,46407.40
50132,5/2/2024 10:08:40 AM,20039.60,490.70,46407.60
50132,5/2/2024 10:08:50 AM,20039.60,490.65,46407.30
50132,5/2/2024 10:09:00 AM,20039.60,490.55,46407.43
50132,5/2/2024 10:09:10 AM,20039.60,490.53,46407.30
50132,5/2/2024 10:09:20 AM,20039.60,490.70,46407.50
50132,5/2/2024 10:09:30 AM,20039.35,490.80,46407.30
50132,5/2/2024 10:09:40 AM,20039.28,490.80,46407.40
50132,5/2/2024 10:09:50 AM,20039.17,490.88,46407.20
50132,5/2/2024 10:10:00 AM,20039.10,490.90,46407.30
50132,5/2/2024 10:10:10 AM,20039.10,490.90,46407.23
50132,5/2/2024 10:10:20 AM,20038.90,490.93,46407.13
50132,5/2/2024 10:10:30 AM,20038.90,490.90,46407.00
50132,5/2/2024 10:10:40 AM,20038.88,490.93,46407.20
50132,5/2/2024 10:10:50 AM,20038.87,491.05,46406.90
50132,5/2/2024 10:11:00 AM,20038.70,491.03,46407.10
50132,5/2/2024 10:11:10 AM,20038.90,491.16,46407.10
50132,5/2/2024 10:11:20 AM,20039.03,491.17,46407.20
50132,5/2/2024 10:11:30 AM,20038.96,491.43,46407.05
50132,5/2/2024 10:11:40 AM,20038.95,491.60,46407.05
50132,5/2/2024 10:11:50 AM,20039.10,491.80,46406.80
50132,5/2/2024 10:12:00 AM,20038.99,491.80,46407.10
50132,5/2/2024 10:12:10 AM,20038.96,491.80,46406.70
50132,5/2/2024 10:12:20 AM,20038.80,491.80,46407.10
50132,5/2/2024 10:12:30 AM,20039.00,491.80,46406.80
50132,5/2/2024 10:12:40 AM,20039.00,491.84,46406.85
50132,5/2/2024 10:12:50 AM,20039.00,491.90,46406.75
50132,5/2/2024 10:13:00 AM,20039.20,492.09,46406.75
50132,5/2/2024 10:13:10 AM,20039.20,492.43,46406.60
50132,5/2/2024 10:13:20 AM,20039.30,492.80,46406.73
50132,5/2/2024 10:13:30 AM,20039.25,493.00,46406.67
50132,5/2/2024 10:13:40 AM,20039.27,492.93,46406.70
50132,5/2/2024 10:13:50 AM,20039.40,492.82,46406.60
50132,5/2/2024 10:14:00 AM,20039.50,492.87,46406.70
50132,5/2/2024 10:14:10 AM,20039.50,492.70,46406.60
50132,5/2/2024 10:14:20 AM,20039.50,492.80,46406.63
50132,5/2/2024 10:14:30 AM,20039.50,492.85,46406.40
50132,5/2/2024 10:14:40 AM,20039.73,492.80,46406.40
50132,5/2/2024 10:14:50 AM,20039.88,492.96,46406.40
50132,5/2/2024 10:15:00 AM,20039.87,493.00,46406.60
50132,5/2/2024 10:15:10 AM,20040.00,493.10,46406.50
50132,5/2/2024 10:15:20 AM,20040.10,493.00,46406.70
50132,5/2/2024 10:15:30 AM,20039.80,492.90,46406.50
50132,5/2/2024 10:15:40 AM,20039.80,492.80,46406.60
50132,5/2/2024 10:15:50 AM,20039.80,492.70,46406.40
50132,5/2/2024 10:16:00 AM,20040.00,492.60,46406.50
50132,5/2/2024 10:16:10 AM,20040.10,492.60,46406.20
50132,5/2/2024 10:16:20 AM,20040.28,492.58,46406.50
50132,5/2/2024 10:16:30 AM,20040.20,492.47,46406.40
50132,5/2/2024 10:16:40 AM,20040.19,492.47,46406.54
50132,5/2/2024 10:16:50 AM,20040.00,492.42,46406.50
50132,5/2/2024 10:17:00 AM,20040.10,492.32,46406.60
50132,5/2/2024 10:17:10 AM,20040.06,492.32,46406.45
50132,5/2/2024 10:17:20 AM,20040.00,492.30,46406.50
50132,5/2/2024 10:17:30 AM,20040.20,492.30,46406.30
50132,5/2/2024 10:17:40 AM,20040.37,492.40,46406.50
50132,5/2/2024 10:17:50 AM,20040.13,492.50,46406.40
50132,5/2/2024 10:18:00 AM,20040.04,492.51,46406.70
50132,5/2/2024 10:18:10 AM,20039.97,492.57,46406.40
50132,5/2/2024 10:18:20 AM,20039.91,492.54,46406.60
50132,5/2/2024 10:18:30 AM,20039.75,492.50,46406.30
50132,5/2/2024 10:18:40 AM,20039.88,492.35,46406.40
50132,5/2/2024 10:18:50 AM,20039.89,492.20,46406.40
50132,5/2/2024 10:19:00 AM,20039.81,492.20,46406.45
50132,5/2/2024 10:19:10 AM,20039.60,492.20,46406.30
50132,5/2/2024 10:19:20 AM,20039.50,492.05,46406.50
50132,5/2/2024 10:19:30 AM,20039.30,491.95,46406.20
50132,5/2/2024 10:19:40 AM,20039.40,492.00,46406.33
50132,5/2/2024 10:19:50 AM,20039.00,491.75,46406.40
50132,5/2/2024 10:20:00 AM,20039.10,491.76,46406.60
50132,5/2/2024 10:20:10 AM,20039.17,491.73,46406.30
50132,5/2/2024 10:20:20 AM,20039.11,491.82,46406.40
50132,5/2/2024 10:20:30 AM,20039.17,491.70,46406.20
50132,5/2/2024 10:20:40 AM,20039.10,491.48,46406.33
50132,5/2/2024 10:20:50 AM,20039.17,491.25,46406.25
50132,5/2/2024 10:21:00 AM,20039.10,491.26,46406.40
50132,5/2/2024 10:21:10 AM,20039.00,491.45,46406.35
50132,5/2/2024 10:21:20 AM,20039.25,491.40,46406.40
50132,5/2/2024 10:21:30 AM,20039.00,491.13,46406.40
50132,5/2/2024 10:21:40 AM,20039.10,490.74,46406.35
50132,5/2/2024 10:21:50 AM,20039.09,490.48,46406.40
50132,5/2/2024 10:22:00 AM,20038.93,490.20,46406.35
50132,5/2/2024 10:22:10 AM,20038.70,490.02,46406.10
50132,5/2/2024 10:22:20 AM,20038.40,489.93,46406.40
50132,5/2/2024 10:22:30 AM,20038.17,489.80,46406.10
50132,5/2/2024 10:22:40 AM,20038.17,489.53,46406.12
50132,5/2/2024 10:22:50 AM,20038.02,489.09,46406.15
50132,5/2/2024 10:23:00 AM,20037.94,488.55,46406.30
50132,5/2/2024 10:23:10 AM,20037.90,487.87,46406.07
50132,5/2/2024 10:23:20 AM,20037.90,487.70,46406.20
50132,5/2/2024 10:23:30 AM,20038.27,487.36,46406.10
50132,5/2/2024 10:23:40 AM,20038.16,486.99,46406.20
50132,5/2/2024 10:23:50 AM,20038.40,486.79,46405.90
50132,5/2/2024 10:24:00 AM,20038.90,486.93,46406.10
50132,5/2/2024 10:24:10 AM,20038.80,487.00,46406.05
50132,5/2/2024 10:24:20 AM,20038.96,487.15,46406.10
50132,5/2/2024 10:24:30 AM,20039.40,487.45,46405.96
50132,5/2/2024 10:24:40 AM,20039.30,487.58,46405.96
50132,5/2/2024 10:24:50 AM,20039.20,487.20,46405.90
50132,5/2/2024 10:25:00 AM,20039.15,487.07,46405.95
50132,5/2/2024 10:25:10 AM,20039.10,486.80,46405.90
50132,5/2/2024 10:25:20 AM,20038.80,486.20,46406.10
50132,5/2/2024 10:25:30 AM,20039.10,485.50,46405.70
50132,5/2/2024 10:25:40 AM,20039.20,484.70,46405.90
50132,5/2/2024 10:25:50 AM,20038.80,484.00,46405.60
50132,5/2/2024 10:26:00 AM,20038.70,483.30,46405.80
50132,5/2/2024 10:26:10 AM,20038.30,482.50,46405.60
50132,5/2/2024 10:26:20 AM,20038.60,481.90,46405.60
50132,5/2/2024 10:26:30 AM,20038.62,481.54,46405.40
50132,5/2/2024 10:26:40 AM,20039.03,481.47,46405.80
50132,5/2/2024 10:26:50 AM,20039.13,481.50,46405.40
50132,5/2/2024 10:27:00 AM,20039.00,481.20,46405.75
50132,5/2/2024 10:27:10 AM,20038.63,481.20,46405.70
50132,5/2/2024 10:27:20 AM,20038.85,481.33,46405.60
50132,5/2/2024 10:27:30 AM,20038.60,481.00,46405.60
50132,5/2/2024 10:27:40 AM,20038.36,480.75,46405.55
50132,5/2/2024 10:27:50 AM,20038.20,480.46,46405.30
50132,5/2/2024 10:28:00 AM,20038.03,480.07,46405.57
50132,5/2/2024 10:28:10 AM,20037.80,479.85,46405.30
50132,5/2/2024 10:28:20 AM,20037.88,479.70,46405.45
50132,5/2/2024 10:28:30 AM,20037.80,479.20,46405.30
50132,5/2/2024 10:28:40 AM,20037.60,477.87,46405.40
50132,5/2/2024 10:28:50 AM,20037.27,476.51,46405.30
50132,5/2/2024 10:29:00 AM,20037.23,475.55,46405.40
50132,5/2/2024 10:29:10 AM,20036.90,474.60,46405.30
50132,5/2/2024 10:29:20 AM,20036.73,473.82,46405.37
50132,5/2/2024 10:29:30 AM,20037.00,473.50,46405.10
50132,5/2/2024 10:29:40 AM,20037.00,473.10,46405.45
50132,5/2/2024 10:29:50 AM,20037.08,473.25,46405.40
50132,5/2/2024 10:30:00 AM,20036.50,473.03,46405.80
50132,5/2/2024 10:30:10 AM,20036.70,473.07,46405.60
50132,5/2/2024 10:30:20 AM,20036.34,473.02,46405.77
50132,5/2/2024 10:30:30 AM,20035.84,472.89,46405.60
50132,5/2/2024 10:30:40 AM,20035.40,472.33,46405.80
50132,5/2/2024 10:30:50 AM,20035.04,471.78,46405.60
50132,5/2/2024 10:31:00 AM,20034.80,471.20,46405.60
50132,5/2/2024 10:31:10 AM,20034.67,470.60,46405.70
50132,5/2/2024 10:31:20 AM,20034.10,470.06,46405.70
50132,5/2/2024 10:31:30 AM,20034.10,469.70,46405.65
50132,5/2/2024 10:31:40 AM,20034.10,469.90,46405.65
50132,5/2/2024 10:31:50 AM,20033.75,469.66,46405.50
50132,5/2/2024 10:32:00 AM,20033.95,469.73,46405.63
50132,5/2/2024 10:32:10 AM,20033.80,470.32,46405.60
50132,5/2/2024 10:32:20 AM,20033.68,470.52,46405.80
50132,5/2/2024 10:32:30 AM,20033.70,470.80,46405.57
50132,5/2/2024 10:32:40 AM,20033.74,470.74,46405.60
50132,5/2/2024 10:32:50 AM,20033.48,470.79,46405.60
50132,5/2/2024 10:33:00 AM,20033.27,470.03,46405.40
50132,5/2/2024 10:33:10 AM,20033.50,470.00,46405.30
50132,5/2/2024 10:33:20 AM,20033.40,469.50,46405.30
50132,5/2/2024 10:33:30 AM,20033.30,469.20,46405.10
50132,5/2/2024 10:33:40 AM,20033.20,468.60,46405.20
50132,5/2/2024 10:33:50 AM,20033.28,468.48,46405.15
50132,5/2/2024 10:34:00 AM,20033.40,468.20,46405.15
50132,5/2/2024 10:34:10 AM,20033.64,468.10,46404.90
50132,5/2/2024 10:34:20 AM,20033.90,468.09,46405.20
50132,5/2/2024 10:34:30 AM,20033.70,467.90,46405.00
50132,5/2/2024 10:34:40 AM,20033.60,467.80,46405.30
50132,5/2/2024 10:34:50 AM,20033.56,467.77,46404.90
50132,5/2/2024 10:35:00 AM,20033.53,467.55,46405.10
50132,5/2/2024 10:35:10 AM,20033.30,467.18,46404.90
50132,5/2/2024 10:35:20 AM,20033.20,467.00,46405.10
50132,5/2/2024 10:35:30 AM,20033.00,466.60,46404.90
50132,5/2/2024 10:35:40 AM,20033.10,466.30,46404.80
50132,5/2/2024 10:35:50 AM,20032.90,466.00,46404.70
50132,5/2/2024 10:36:00 AM,20033.10,465.80,46404.80
50132,5/2/2024 10:36:10 AM,20033.40,466.00,46404.40
50132,5/2/2024 10:36:20 AM,20033.62,466.03,46404.70
50132,5/2/2024 10:36:30 AM,20033.80,466.10,46404.40
50132,5/2/2024 10:36:40 AM,20034.00,465.75,46404.57
50132,5/2/2024 10:36:50 AM,20034.15,465.50,46404.57
50132,5/2/2024 10:37:00 AM,20034.10,465.17,46404.60
50132,5/2/2024 10:37:10 AM,20034.35,465.30,46404.50
50132,5/2/2024 10:37:20 AM,20034.20,464.90,46404.80
50132,5/2/2024 10:37:30 AM,20034.32,464.97,46404.40
50132,5/2/2024 10:37:40 AM,20034.41,465.10,46404.65
50132,5/2/2024 10:37:50 AM,20034.60,464.90,46404.40
50132,5/2/2024 10:38:00 AM,20034.80,464.80,46404.77
50132,5/2/2024 10:38:10 AM,20034.34,464.40,46404.70
50132,5/2/2024 10:38:20 AM,20034.50,464.80,46404.63
50132,5/2/2024 10:38:30 AM,20034.57,464.83,46404.50
50132,5/2/2024 10:38:40 AM,20034.44,464.45,46404.70
50132,5/2/2024 10:38:50 AM,20034.50,464.26,46404.40
50132,5/2/2024 10:39:00 AM,20034.87,464.30,46404.60
50132,5/2/2024 10:39:10 AM,20035.00,464.35,46404.60
50132,5/2/2024 10:39:20 AM,20035.32,464.48,46404.60
50132,5/2/2024 10:39:30 AM,20035.37,464.41,46404.40
50132,5/2/2024 10:39:40 AM,20035.20,464.25,46404.60
50132,5/2/2024 10:39:50 AM,20035.27,464.20,46404.45
50132,5/2/2024 10:40:00 AM,20035.27,463.87,46404.43
50132,5/2/2024 10:40:10 AM,20035.20,463.55,46404.30
50132,5/2/2024 10:40:20 AM,20035.75,463.37,46404.60
50132,5/2/2024 10:40:30 AM,20035.78,463.01,46404.37
50132,5/2/2024 10:40:40 AM,20036.14,462.79,46404.43
50132,5/2/2024 10:40:50 AM,20036.50,462.50,46404.40
50132,5/2/2024 10:41:00 AM,20036.60,462.10,46404.60
50132,5/2/2024 10:41:10 AM,20036.60,461.86,46404.30
50132,5/2/2024 10:41:20 AM,20036.90,461.53,46404.63
50132,5/2/2024 10:41:30 AM,20037.00,461.19,46404.75
50132,5/2/2024 10:41:40 AM,20037.10,461.19,46404.90
50132,5/2/2024 10:41:50 AM,20037.43,461.03,46404.68
50132,5/2/2024 10:42:00 AM,20037.94,461.80,46404.90
50132,5/2/2024 10:42:10 AM,20038.03,461.93,46404.87
50132,5/2/2024 10:42:20 AM,20038.30,462.01,46404.87
50132,5/2/2024 10:42:30 AM,20038.20,462.05,46404.90
50132,5/2/2024 10:42:40 AM,20038.85,462.35,46405.00
50132,5/2/2024 10:42:50 AM,20039.17,462.49,46404.80
50132,5/2/2024 10:43:00 AM,20038.94,461.78,46404.95
50132,5/2/2024 10:43:10 AM,20038.50,460.61,46404.90
50132,5/2/2024 10:43:20 AM,20038.94,460.42,46404.90
50132,5/2/2024 10:43:30 AM,20039.36,460.67,46404.90
50132,5/2/2024 10:43:40 AM,20039.67,460.40,46404.95
50132,5/2/2024 10:43:50 AM,20040.00,460.33,46404.90
50132,5/2/2024 10:44:00 AM,20040.55,460.30,46405.07
50132,5/2/2024 10:44:10 AM,20040.64,460.48,46405.20
50132,5/2/2024 10:44:20 AM,20040.44,460.10,46405.30
50132,5/2/2024 10:44:30 AM,20040.60,460.10,46404.90
50132,5/2/2024 10:44:40 AM,20040.90,460.34,46405.20
50132,5/2/2024 10:44:50 AM,20040.66,460.20,46405.00
50132,5/2/2024 10:45:00 AM,20040.70,460.15,46405.20
50132,5/2/2024 10:45:10 AM,20040.40,460.18,46405.20
50132,5/2/2024 10:45:20 AM,20040.40,460.40,46405.20
50132,5/2/2024 10:45:30 AM,20040.60,460.40,46405.00
50132,5/2/2024 10:45:40 AM,20040.50,460.00,46405.10
50132,5/2/2024 10:45:50 AM,20040.70,460.20,46404.90
50132,5/2/2024 10:46:00 AM,20041.40,460.30,46404.90
50132,5/2/2024 10:46:10 AM,20041.10,460.00,46404.90
50132,5/2/2024 10:46:20 AM,20041.10,459.70,46405.10
50132,5/2/2024 10:46:30 AM,20041.62,459.90,46404.80
50132,5/2/2024 10:46:40 AM,20041.94,460.00,46405.10
50132,5/2/2024 10:46:50 AM,20042.10,460.20,46404.95
50132,5/2/2024 10:47:00 AM,20042.58,460.63,46404.93
50132,5/2/2024 10:47:10 AM,20042.78,460.89,46404.80
50132,5/2/2024 10:47:20 AM,20043.00,461.20,46404.95
50132,5/2/2024 10:47:30 AM,20043.10,461.20,46404.90
50132,5/2/2024 10:47:40 AM,20042.90,461.30,46404.93
50132,5/2/2024 10:47:50 AM,20042.95,461.30,46404.70
50132,5/2/2024 10:48:00 AM,20043.15,461.15,46404.83
50132,5/2/2024 10:48:10 AM,20043.43,460.85,46404.57
50132,5/2/2024 10:48:20 AM,20043.50,460.20,46404.80
50132,5/2/2024 10:48:30 AM,20043.84,459.82,46404.50
50132,5/2/2024 10:48:40 AM,20044.20,459.80,46404.65
50132,5/2/2024 10:48:50 AM,20044.40,460.16,46404.60
50132,5/2/2024 10:49:00 AM,20044.43,459.80,46404.63
50132,5/2/2024 10:49:10 AM,20044.70,459.92,46404.65
50132,5/2/2024 10:49:20 AM,20044.84,460.30,46404.60
50132,5/2/2024 10:49:30 AM,20045.10,460.81,46404.65
50132,5/2/2024 10:49:40 AM,20045.28,461.30,46404.70
50132,5/2/2024 10:49:50 AM,20045.20,461.60,46404.70
50132,5/2/2024 10:50:00 AM,20045.00,461.60,46404.65
50132,5/2/2024 10:50:10 AM,20045.07,461.56,46404.40
50132,5/2/2024 10:50:20 AM,20045.01,461.62,46404.40
50132,5/2/2024 10:50:30 AM,20044.97,461.90,46404.35
50132,5/2/2024 10:50:40 AM,20045.10,461.98,46404.30
50132,5/2/2024 10:50:50 AM,20045.28,461.69,46404.16
50132,5/2/2024 10:51:00 AM,20045.46,461.30,46404.20
50132,5/2/2024 10:51:10 AM,20045.67,461.30,46403.90
50132,5/2/2024 10:51:20 AM,20046.30,461.90,46404.20
50132,5/2/2024 10:51:30 AM,20046.10,462.53,46403.90
50132,5/2/2024 10:51:40 AM,20045.65,462.83,46404.20
50132,5/2/2024 10:51:50 AM,20045.43,462.90,46403.80
50132,5/2/2024 10:52:00 AM,20045.30,462.90,46403.93
50132,5/2/2024 10:52:10 AM,20045.36,462.92,46403.90
50132,5/2/2024 10:52:20 AM,20045.23,462.95,46403.90
50132,5/2/2024 10:52:30 AM,20045.26,462.90,46403.40
50132,5/2/2024 10:52:40 AM,20045.50,463.05,46403.55
50132,5/2/2024 10:52:50 AM,20045.50,463.37,46403.60
50132,5/2/2024 10:53:00 AM,20045.40,463.21,46403.45
50132,5/2/2024 10:53:10 AM,20045.20,463.25,46403.40
50132,5/2/2024 10:53:20 AM,20045.36,463.29,46403.30
50132,5/2/2024 10:53:30 AM,20045.60,463.70,46403.10
50132,5/2/2024 10:53:40 AM,20045.55,464.08,46403.20
50132,5/2/2024 10:53:50 AM,20045.56,464.00,46403.00
50132,5/2/2024 10:54:00 AM,20045.50,463.79,46403.13
50132,5/2/2024 10:54:10 AM,20045.78,463.53,46402.80
50132,5/2/2024 10:54:20 AM,20046.00,463.40,46402.80
50132,5/2/2024 10:54:30 AM,20046.16,463.60,46402.85
50132,5/2/2024 10:54:40 AM,20045.93,463.36,46402.90
50132,5/2/2024 10:54:50 AM,20046.00,463.13,46402.87
50132,5/2/2024 10:55:00 AM,20045.90,462.70,46402.85
50132,5/2/2024 10:55:10 AM,20046.10,462.37,46402.70
50132,5/2/2024 10:55:20 AM,20046.20,462.10,46402.60
50132,5/2/2024 10:55:30 AM,20046.30,461.90,46402.60
50132,5/2/2024 10:55:40 AM,20047.00,461.60,46402.80
50132,5/2/2024 10:55:50 AM,20046.90,461.90,46402.60
50132,5/2/2024 10:56:00 AM,20047.00,462.30,46402.90
50132,5/2/2024 10:56:10 AM,20046.90,462.90,46402.60
50132,5/2/2024 10:56:20 AM,20046.80,463.47,46402.83
50132,5/2/2024 10:56:30 AM,20046.51,463.90,46402.50
50132,5/2/2024 10:56:40 AM,20046.36,464.24,46402.70
50132,5/2/2024 10:56:50 AM,20046.45,464.53,46402.40
50132,5/2/2024 10:57:00 AM,20046.44,464.80,46402.60
50132,5/2/2024 10:57:10 AM,20046.30,464.90,46402.40
50132,5/2/2024 10:57:20 AM,20046.30,464.63,46402.45
50132,5/2/2024 10:57:30 AM,20046.10,464.37,46402.10
50132,5/2/2024 10:57:40 AM,20046.30,464.45,46402.23
50132,5/2/2024 10:57:50 AM,20046.50,464.50,46402.00
50132,5/2/2024 10:58:00 AM,20046.91,464.23,46402.20
50132,5/2/2024 10:58:10 AM,20047.07,463.73,46402.00
50132,5/2/2024 10:58:20 AM,20047.40,463.75,46402.20
50132,5/2/2024 10:58:30 AM,20047.48,464.15,46402.25
50132,5/2/2024 10:58:40 AM,20047.40,464.60,46402.40
50132,5/2/2024 10:58:50 AM,20047.20,465.05,46402.20
50132,5/2/2024 10:59:00 AM,20047.00,465.80,46402.20
50132,5/2/2024 10:59:10 AM,20046.90,466.31,46402.20
50132,5/2/2024 10:59:20 AM,20046.45,466.47,46402.13
50132,5/2/2024 10:59:30 AM,20046.10,466.50,46402.20
50132,5/2/2024 10:59:40 AM,20046.00,466.28,46402.10
50132,5/2/2024 10:59:50 AM,20046.20,466.38,46401.70
50132,5/2/2024 11:00:00 AM,20046.40,466.60,46402.00
50132,5/2/2024 11:00:10 AM,20046.17,466.80,46401.80
50132,5/2/2024 11:00:20 AM,20046.50,466.70,46401.57
50132,5/2/2024 11:00:30 AM,20046.40,466.80,46401.50
50132,5/2/2024 11:00:40 AM,20046.30,467.03,46401.80
50132,5/2/2024 11:00:50 AM,20046.15,467.20,46401.63
50132,5/2/2024 11:01:00 AM,20045.80,467.26,46401.70
50132,5/2/2024 11:01:10 AM,20045.70,467.33,46401.60
50132,5/2/2024 11:01:20 AM,20045.80,467.24,46401.70
50132,5/2/2024 11:01:30 AM,20045.72,467.42,46401.40
50132,5/2/2024 11:01:40 AM,20046.10,467.92,46401.43
50132,5/2/2024 11:01:50 AM,20045.94,468.45,46401.45
50132,5/2/2024 11:02:00 AM,20045.85,468.80,46401.43
50132,5/2/2024 11:02:10 AM,20046.10,469.31,46401.20
50132,5/2/2024 11:02:20 AM,20045.90,469.40,46401.33
50132,5/2/2024 11:02:30 AM,20045.90,469.65,46401.20
50132,5/2/2024 11:02:40 AM,20046.00,469.45,46401.20
50132,5/2/2024 11:02:50 AM,20045.90,469.40,46401.10
50132,5/2/2024 11:03:00 AM,20045.90,469.18,46401.30
50132,5/2/2024 11:03:10 AM,20045.90,468.98,46401.25
50132,5/2/2024 11:03:20 AM,20045.90,468.90,46401.20
50132,5/2/2024 11:03:30 AM,20046.00,468.77,46401.20
50132,5/2/2024 11:03:40 AM,20046.16,468.81,46401.20
50132,5/2/2024 11:03:50 AM,20046.16,469.00,46401.10
50132,5/2/2024 11:04:00 AM,20046.40,469.35,46401.50
50132,5/2/2024 11:04:10 AM,20046.25,469.50,46401.20
50132,5/2/2024 11:04:20 AM,20046.50,469.63,46401.35
50132,5/2/2024 11:04:30 AM,20046.70,469.85,46401.40
50132,5/2/2024 11:04:40 AM,20046.75,470.00,46401.40
50132,5/2/2024 11:04:50 AM,20046.80,470.30,46401.46
50132,5/2/2024 11:05:00 AM,20047.00,470.40,46401.40
50132,5/2/2024 11:05:10 AM,20047.08,470.65,46401.40
50132,5/2/2024 11:05:20 AM,20047.20,470.70,46401.50
50132,5/2/2024 11:05:30 AM,20047.40,470.90,46401.30
50132,5/2/2024 11:05:40 AM,20047.70,470.70,46401.40
50132,5/2/2024 11:05:50 AM,20047.80,470.80,46401.40
50132,5/2/2024 11:06:00 AM,20048.00,470.70,46401.60
50132,5/2/2024 11:06:10 AM,20048.10,470.80,46401.50
50132,5/2/2024 11:06:20 AM,20048.30,471.10,46401.63
50132,5/2/2024 11:06:30 AM,20048.30,471.24,46401.70
50132,5/2/2024 11:06:40 AM,20048.10,471.20,46401.70
50132,5/2/2024 11:06:50 AM,20048.20,470.90,46401.55
50132,5/2/2024 11:07:00 AM,20048.70,470.80,46401.90
50132,5/2/2024 11:07:10 AM,20048.88,470.95,46401.67
50132,5/2/2024 11:07:20 AM,20049.13,471.38,46401.90
50132,5/2/2024 11:07:30 AM,20049.15,471.75,46401.80
50132,5/2/2024 11:07:40 AM,20049.40,472.36,46401.90
50132,5/2/2024 11:07:50 AM,20049.60,472.80,46401.80
50132,5/2/2024 11:08:00 AM,20049.60,473.20,46401.90
50132,5/2/2024 11:08:10 AM,20049.63,473.27,46401.95
50132,5/2/2024 11:08:20 AM,20049.70,473.69,46401.90
50132,5/2/2024 11:08:30 AM,20049.91,474.10,46401.70
50132,5/2/2024 11:08:40 AM,20049.98,474.40,46402.00
50132,5/2/2024 11:08:50 AM,20049.83,474.25,46401.90
50132,5/2/2024 11:09:00 AM,20049.80,474.27,46402.10
50132,5/2/2024 11:09:10 AM,20049.75,474.10,46401.80
50132,5/2/2024 11:09:20 AM,20049.60,473.98,46402.04
50132,5/2/2024 11:09:30 AM,20049.57,473.56,46401.80
50132,5/2/2024 11:09:40 AM,20049.40,473.30,46401.95
50132,5/2/2024 11:09:50 AM,20049.60,472.70,46401.93
50132,5/2/2024 11:10:00 AM,20049.78,472.70,46401.90
50132,5/2/2024 11:10:10 AM,20049.65,472.52,46402.15
50132,5/2/2024 11:10:20 AM,20049.48,472.27,46402.10
50132,5/2/2024 11:10:30 AM,20049.30,472.20,46402.00
50132,5/2/2024 11:10:40 AM,20049.57,472.23,46402.30
50132,5/2/2024 11:10:50 AM,20049.60,472.30,46402.20
50132,5/2/2024 11:11:00 AM,20049.60,472.54,46402.33
50132,5/2/2024 11:11:10 AM,20049.65,472.78,46402.10
50132,5/2/2024 11:11:20 AM,20049.93,472.95,46402.30
50132,5/2/2024 11:11:30 AM,20049.92,472.80,46402.20
50132,5/2/2024 11:11:40 AM,20050.20,472.80,46402.30
50132,5/2/2024 11:11:50 AM,20050.24,472.90,46402.45
50132,5/2/2024 11:12:00 AM,20050.10,473.15,46402.60
50132,5/2/2024 11:12:10 AM,20049.70,473.10,46402.60
50132,5/2/2024 11:12:20 AM,20049.65,472.80,46402.80
50132,5/2/2024 11:12:30 AM,20049.75,472.50,46402.57
50132,5/2/2024 11:12:40 AM,20050.00,472.02,46402.80
50132,5/2/2024 11:12:50 AM,20050.07,471.61,46402.60
50132,5/2/2024 11:13:00 AM,20050.20,471.40,46402.73
50132,5/2/2024 11:13:10 AM,20049.90,471.33,46402.70
50132,5/2/2024 11:13:20 AM,20049.57,471.36,46402.83
50132,5/2/2024 11:13:30 AM,20049.30,471.20,46402.90
50132,5/2/2024 11:13:40 AM,20049.40,471.20,46402.90
50132,5/2/2024 11:13:50 AM,20049.30,471.05,46402.90
50132,5/2/2024 11:14:00 AM,20049.50,471.15,46403.10
50132,5/2/2024 11:14:10 AM,20049.38,471.20,46403.00
50132,5/2/2024 11:14:20 AM,20049.33,471.10,46403.10
50132,5/2/2024 11:14:30 AM,20049.10,470.89,46403.10
50132,5/2/2024 11:14:40 AM,20049.10,470.54,46403.10
50132,5/2/2024 11:14:50 AM,20049.13,470.00,46403.20
50132,5/2/2024 11:15:00 AM,20049.30,469.75,46403.10
50132,5/2/2024 11:15:10 AM,20049.55,469.55,46403.10
50132,5/2/2024 11:15:20 AM,20049.90,469.60,46403.40
50132,5/2/2024 11:15:30 AM,20049.50,469.90,46403.40
50132,5/2/2024 11:15:40 AM,20049.40,470.20,46403.60
50132,5/2/2024 11:15:50 AM,20049.20,470.30,46403.30
50132,5/2/2024 11:16:00 AM,20048.90,470.20,46403.40
50132,5/2/2024 11:16:10 AM,20048.60,470.30,46403.20
50132,5/2/2024 11:16:20 AM,20048.53,470.58,46403.50
50132,5/2/2024 11:16:30 AM,20048.46,470.92,46403.38
50132,5/2/2024 11:16:40 AM,20048.50,471.54,46403.25
50132,5/2/2024 11:16:50 AM,20048.60,471.90,46403.10
50132,5/2/2024 11:17:00 AM,20048.60,472.00,46403.10
50132,5/2/2024 11:17:10 AM,20048.60,472.10,46402.80
50132,5/2/2024 11:17:20 AM,20048.90,471.90,46403.10
50132,5/2/2024 11:17:30 AM,20048.90,471.72,46402.70
50132,5/2/2024 11:17:40 AM,20048.78,471.50,46403.10
50132,5/2/2024 11:17:50 AM,20048.57,471.80,46402.90
50132,5/2/2024 11:18:00 AM,20048.40,471.84,46403.10
50132,5/2/2024 11:18:10 AM,20048.17,472.17,46402.90
50132,5/2/2024 11:18:20 AM,20048.00,472.20,46403.10
50132,5/2/2024 11:18:30 AM,20047.90,472.15,46402.85
50132,5/2/2024 11:18:40 AM,20048.10,472.50,46402.93
50132,5/2/2024 11:18:50 AM,20047.90,472.63,46402.60
50132,5/2/2024 11:19:00 AM,20047.50,472.44,46402.80
50132,5/2/2024 11:19:10 AM,20047.70,472.55,46402.77
50132,5/2/2024 11:19:20 AM,20047.30,472.80,46402.75
50132,5/2/2024 11:19:30 AM,20047.05,472.97,46402.60
50132,5/2/2024 11:19:40 AM,20046.85,473.18,46402.63
50132,5/2/2024 11:19:50 AM,20046.80,473.23,46402.50
50132,5/2/2024 11:20:00 AM,20046.78,473.30,46402.40
50132,5/2/2024 11:20:10 AM,20046.57,473.32,46402.50
50132,5/2/2024 11:20:20 AM,20046.60,473.37,46402.60
50132,5/2/2024 11:20:30 AM,20046.60,473.26,46402.30
50132,5/2/2024 11:20:40 AM,20046.60,473.38,46402.33
50132,5/2/2024 11:20:50 AM,20046.43,473.20,46402.45
50132,5/2/2024 11:21:00 AM,20046.40,473.06,46402.50
50132,5/2/2024 11:21:10 AM,20046.16,472.75,46402.20
50132,5/2/2024 11:21:20 AM,20046.20,472.60,46402.32
50132,5/2/2024 11:21:30 AM,20045.96,472.51,46402.20
50132,5/2/2024 11:21:40 AM,20045.85,472.50,46402.50
50132,5/2/2024 11:21:50 AM,20045.88,472.70,46402.27
50132,5/2/2024 11:22:00 AM,20045.90,472.83,46402.25
50132,5/2/2024 11:22:10 AM,20046.06,473.08,46402.10
50132,5/2/2024 11:22:20 AM,20045.94,473.05,46402.50
50132,5/2/2024 11:22:30 AM,20045.56,473.00,46402.25
50132,5/2/2024 11:22:40 AM,20045.50,472.98,46402.50
50132,5/2/2024 11:22:50 AM,20045.14,473.00,46402.10
50132,5/2/2024 11:23:00 AM,20045.10,472.88,46402.40
50132,5/2/2024 11:23:10 AM,20045.10,472.81,46402.15
50132,5/2/2024 11:23:20 AM,20045.10,473.14,46402.20
50132,5/2/2024 11:23:30 AM,20045.10,473.30,46402.00
50132,5/2/2024 11:23:40 AM,20045.27,473.72,46402.15
50132,5/2/2024 11:23:50 AM,20044.95,474.30,46402.10
50132,5/2/2024 11:24:00 AM,20044.88,474.81,46402.10
50132,5/2/2024 11:24:10 AM,20044.75,475.50,46401.90
50132,5/2/2024 11:24:20 AM,20044.92,475.80,46402.10
50132,5/2/2024 11:24:30 AM,20044.99,476.10,46401.88
50132,5/2/2024 11:24:40 AM,20045.00,476.59,46401.83
50132,5/2/2024 11:24:50 AM,20044.60,476.70,46401.60
50132,5/2/2024 11:25:00 AM,20044.37,477.13,46401.70
50132,5/2/2024 11:25:10 AM,20043.90,477.25,46401.67
50132,5/2/2024 11:25:20 AM,20043.90,477.10,46401.50
50132,5/2/2024 11:25:30 AM,20043.80,477.30,46401.20
50132,5/2/2024 11:25:40 AM,20044.10,477.20,46401.30
50132,5/2/2024 11:25:50 AM,20044.50,477.30,46401.00
50132,5/2/2024 11:26:00 AM,20044.70,477.90,46401.30
50132,5/2/2024 11:26:10 AM,20044.67,478.44,46401.10
50132,5/2/2024 11:26:20 AM,20044.31,478.70,46401.15
50132,5/2/2024 11:26:30 AM,20044.45,478.70,46401.05
50132,5/2/2024 11:26:40 AM,20044.41,478.48,46401.20
50132,5/2/2024 11:26:50 AM,20044.60,478.50,46400.85
50132,5/2/2024 11:27:00 AM,20044.69,478.70,46401.20
50132,5/2/2024 11:27:10 AM,20044.19,479.00,46400.90
50132,5/2/2024 11:27:20 AM,20043.93,479.60,46401.10
50132,5/2/2024 11:27:30 AM,20043.50,479.76,46400.87
50132,5/2/2024 11:27:40 AM,20042.92,479.90,46400.90
50132,5/2/2024 11:27:50 AM,20042.60,480.06,46400.50
50132,5/2/2024 11:28:00 AM,20042.00,480.57,46400.55
50132,5/2/2024 11:28:10 AM,20041.90,480.73,46400.40
50132,5/2/2024 11:28:20 AM,20041.86,480.93,46400.33
50132,5/2/2024 11:28:30 AM,20042.00,481.36,46400.10
50132,5/2/2024 11:28:40 AM,20041.90,481.70,46400.30
50132,5/2/2024 11:28:50 AM,20041.77,482.08,46400.00
50132,5/2/2024 11:29:00 AM,20041.40,482.27,46400.10
50132,5/2/2024 11:29:10 AM,20041.55,482.49,46399.90
50132,5/2/2024 11:29:20 AM,20041.78,482.60,46400.00
50132,5/2/2024 11:29:30 AM,20042.10,482.67,46399.60
50132,5/2/2024 11:29:40 AM,20042.07,482.80,46399.95
50132,5/2/2024 11:29:50 AM,20041.90,482.86,46399.80
50132,5/2/2024 11:30:00 AM,20041.92,483.01,46399.90
50132,5/2/2024 11:30:10 AM,20041.80,482.92,46399.70
50132,5/2/2024 11:30:20 AM,20041.68,482.57,46399.80
50132,5/2/2024 11:30:30 AM,20041.48,482.23,46399.70
50132,5/2/2024 11:30:40 AM,20041.50,482.30,46399.75
50132,5/2/2024 11:30:50 AM,20041.50,482.57,46399.70
50132,5/2/2024 11:31:00 AM,20041.50,483.00,46399.90
50132,5/2/2024 11:31:10 AM,20041.50,483.30,46399.75
50132,5/2/2024 11:31:20 AM,20041.25,483.90,46399.75
50132,5/2/2024 11:31:30 AM,20041.00,484.20,46399.60
50132,5/2/2024 11:31:40 AM,20040.85,484.80,46399.73
50132,5/2/2024 11:31:50 AM,20040.62,485.07,46399.60
50132,5/2/2024 11:32:00 AM,20040.68,485.12,46399.60
50132,5/2/2024 11:32:10 AM,20040.70,485.10,46399.46
50132,5/2/2024 11:32:20 AM,20041.22,485.30,46399.60
50132,5/2/2024 11:32:30 AM,20041.63,485.20,46399.45
50132,5/2/2024 11:32:40 AM,20042.00,485.09,46399.54
50132,5/2/2024 11:32:50 AM,20042.00,484.83,46399.57
50132,5/2/2024 11:33:00 AM,20041.93,484.70,46399.65
50132,5/2/2024 11:33:10 AM,20042.00,484.50,46399.50
50132,5/2/2024 11:33:20 AM,20042.20,484.60,46399.77
50132,5/2/2024 11:33:30 AM,20042.10,484.57,46399.67
50132,5/2/2024 11:33:40 AM,20042.35,484.60,46400.00
50132,5/2/2024 11:33:50 AM,20042.40,484.80,46399.75
50132,5/2/2024 11:34:00 AM,20042.55,484.98,46400.00
50132,5/2/2024 11:34:10 AM,20042.30,485.08,46399.80
50132,5/2/2024 11:34:20 AM,20042.10,484.76,46400.10
50132,5/2/2024 11:34:30 AM,20041.81,484.82,46399.85
50132,5/2/2024 11:34:40 AM,20041.82,484.50,46399.95
50132,5/2/2024 11:34:50 AM,20041.90,484.63,46400.00
50132,5/2/2024 11:35:00 AM,20042.10,484.70,46399.95
50132,5/2/2024 11:35:10 AM,20042.18,484.80,46399.96
50132,5/2/2024 11:35:20 AM,20042.30,484.80,46400.00
50132,5/2/2024 11:35:30 AM,20042.30,484.90,46400.00
50132,5/2/2024 11:35:40 AM,20042.20,484.70,46400.10
50132,5/2/2024 11:35:50 AM,20042.20,484.80,46400.10
50132,5/2/2024 11:36:00 AM,20042.60,485.00,46400.20
50132,5/2/2024 11:36:10 AM,20042.60,484.92,46400.10
50132,5/2/2024 11:36:20 AM,20042.60,484.97,46400.25
50132,5/2/2024 11:36:30 AM,20042.70,485.16,46400.20
50132,5/2/2024 11:36:40 AM,20042.75,485.16,46400.20
50132,5/2/2024 11:36:50 AM,20042.77,484.97,46400.30
50132,5/2/2024 11:37:00 AM,20042.85,484.70,46400.30
50132,5/2/2024 11:37:10 AM,20042.97,484.70,46400.20
50132,5/2/2024 11:37:20 AM,20042.72,484.17,46400.54
50132,5/2/2024 11:37:30 AM,20042.60,483.80,46400.20
50132,5/2/2024 11:37:40 AM,20042.80,483.53,46400.40
50132,5/2/2024 11:37:50 AM,20042.74,483.37,46400.50
50132,5/2/2024 11:38:00 AM,20042.89,483.15,46400.70
50132,5/2/2024 11:38:10 AM,20043.00,483.30,46400.50
50132,5/2/2024 11:38:20 AM,20043.13,483.42,46400.75
50132,5/2/2024 11:38:30 AM,20043.17,483.38,46400.73
50132,5/2/2024 11:38:40 AM,20043.17,483.20,46400.93
50132,5/2/2024 11:38:50 AM,20043.20,483.10,46400.80
50132,5/2/2024 11:39:00 AM,20043.20,483.22,46400.90
50132,5/2/2024 11:39:10 AM,20043.10,483.38,46400.90
50132,5/2/2024 11:39:20 AM,20042.60,483.70,46401.10
50132,5/2/2024 11:39:30 AM,20042.30,483.98,46400.90
50132,5/2/2024 11:39:40 AM,20041.90,483.80,46401.10
50132,5/2/2024 11:39:50 AM,20041.80,483.48,46400.90
50132,5/2/2024 11:40:00 AM,20041.75,483.16,46400.88
50132,5/2/2024 11:40:10 AM,20041.90,483.30,46400.90
50132,5/2/2024 11:40:20 AM,20042.08,483.83,46401.00
50132,5/2/2024 11:40:30 AM,20041.90,484.22,46400.90
50132,5/2/2024 11:40:40 AM,20041.60,484.67,46400.95
50132,5/2/2024 11:40:50 AM,20041.05,485.25,46400.90
50132,5/2/2024 11:41:00 AM,20040.48,485.55,46400.80
50132,5/2/2024 11:41:10 AM,20040.30,485.90,46400.80
50132,5/2/2024 11:41:20 AM,20040.60,486.24,46400.70
50132,5/2/2024 11:41:30 AM,20040.45,486.53,46400.40
50132,5/2/2024 11:41:40 AM,20040.52,487.07,46400.43
50132,5/2/2024 11:41:50 AM,20040.50,487.33,46400.40
50132,5/2/2024 11:42:00 AM,20040.50,487.42,46400.40
50132,5/2/2024 11:42:10 AM,20040.50,487.60,46400.17
50132,5/2/2024 11:42:20 AM,20040.73,487.95,46400.30
50132,5/2/2024 11:42:30 AM,20040.60,488.18,46400.00
50132,5/2/2024 11:42:40 AM,20040.54,488.85,46400.30
50132,5/2/2024 11:42:50 AM,20040.20,488.95,46400.00
50132,5/2/2024 11:43:00 AM,20040.30,489.26,46400.10
50132,5/2/2024 11:43:10 AM,20040.17,489.23,46399.70
50132,5/2/2024 11:43:20 AM,20040.30,489.20,46400.00
50132,5/2/2024 11:43:30 AM,20040.20,489.20,46399.87
50132,5/2/2024 11:43:40 AM,20040.25,488.92,46399.83
50132,5/2/2024 11:43:50 AM,20040.50,488.55,46399.60
50132,5/2/2024 11:44:00 AM,20040.85,488.58,46399.73
50132,5/2/2024 11:44:10 AM,20040.90,489.05,46399.90
50132,5/2/2024 11:44:20 AM,20040.60,489.43,46399.93
50132,5/2/2024 11:44:30 AM,20040.38,489.60,46399.95
50132,5/2/2024 11:44:40 AM,20040.27,489.40,46399.90
50132,5/2/2024 11:44:50 AM,20040.50,489.28,46399.70
50132,5/2/2024 11:45:00 AM,20040.56,489.20,46399.80
50132,5/2/2024 11:45:10 AM,20040.52,489.24,46399.70
50132,5/2/2024 11:45:20 AM,20040.70,489.30,46399.80
50132,5/2/2024 11:45:30 AM,20040.60,489.40,46399.70
50132,5/2/2024 11:45:40 AM,20040.40,489.50,46399.90
50132,5/2/2024 11:45:50 AM,20040.10,489.50,46399.80
50132,5/2/2024 11:46:00 AM,20039.90,489.50,46399.90
50132,5/2/2024 11:46:10 AM,20039.72,489.42,46399.80
50132,5/2/2024 11:46:20 AM,20039.90,489.41,46399.80
50132,5/2/2024 11:46:30 AM,20040.18,489.47,46399.57
50132,5/2/2024 11:46:40 AM,20040.40,489.40,46399.80
50132,5/2/2024 11:46:50 AM,20040.50,489.91,46399.75
50132,5/2/2024 11:47:00 AM,20040.50,490.10,46399.80
50132,5/2/2024 11:47:10 AM,20040.30,489.95,46399.70
50132,5/2/2024 11:47:20 AM,20040.40,489.70,46399.75
50132,5/2/2024 11:47:30 AM,20040.34,489.52,46399.77
50132,5/2/2024 11:47:40 AM,20040.10,489.20,46399.80
50132,5/2/2024 11:47:50 AM,20039.80,488.98,46399.75
50132,5/2/2024 11:48:00 AM,20039.38,488.77,46399.90
50132,5/2/2024 11:48:10 AM,20039.30,488.70,46399.70
50132,5/2/2024 11:48:20 AM,20039.40,488.72,46399.75
50132,5/2/2024 11:48:30 AM,20039.57,488.77,46399.87
50132,5/2/2024 11:48:40 AM,20039.51,488.84,46399.85
50132,5/2/2024 11:48:50 AM,20039.38,488.74,46399.80
50132,5/2/2024 11:49:00 AM,20039.27,488.62,46399.93
50132,5/2/2024 11:49:10 AM,20039.30,488.40,46399.90
50132,5/2/2024 11:49:20 AM,20039.45,488.40,46399.90
50132,5/2/2024 11:49:30 AM,20039.68,488.72,46399.90
50132,5/2/2024 11:49:40 AM,20039.73,488.87,46399.90
50132,5/2/2024 11:49:50 AM,20039.80,488.88,46400.10
50132,5/2/2024 11:50:00 AM,20040.10,488.78,46400.05
50132,5/2/2024 11:50:10 AM,20040.00,488.60,46400.15
50132,5/2/2024 11:50:20 AM,20040.00,488.54,46400.30
50132,5/2/2024 11:50:30 AM,20040.00,488.35,46400.10
50132,5/2/2024 11:50:40 AM,20040.00,488.50,46400.30
50132,5/2/2024 11:50:50 AM,20039.70,488.40,46400.20
50132,5/2/2024 11:51:00 AM,20039.60,488.10,46400.40
50132,5/2/2024 11:51:10 AM,20039.38,487.94,46400.20
50132,5/2/2024 11:51:20 AM,20039.40,487.24,46400.30
50132,5/2/2024 11:51:30 AM,20039.17,486.82,46400.27
50132,5/2/2024 11:51:40 AM,20039.30,486.60,46400.25
50132,5/2/2024 11:51:50 AM,20039.20,486.50,46400.20
50132,5/2/2024 11:52:00 AM,20039.40,486.13,46400.43
50132,5/2/2024 11:52:10 AM,20039.60,485.94,46400.40
50132,5/2/2024 11:52:20 AM,20039.52,485.57,46400.60
50132,5/2/2024 11:52:30 AM,20039.60,485.28,46400.30
50132,5/2/2024 11:52:40 AM,20039.60,485.12,46400.60
50132,5/2/2024 11:52:50 AM,20039.60,485.30,46400.60
50132,5/2/2024 11:53:00 AM,20039.60,485.40,46400.80
50132,5/2/2024 11:53:10 AM,20039.90,485.73,46400.80
50132,5/2/2024 11:53:20 AM,20040.03,485.87,46401.00
50132,5/2/2024 11:53:30 AM,20040.20,485.70,46400.70
50132,5/2/2024 11:53:40 AM,20040.50,485.42,46401.00
50132,5/2/2024 11:53:50 AM,20040.64,485.20,46400.80
50132,5/2/2024 11:54:00 AM,20040.60,485.25,46401.20
50132,5/2/2024 11:54:10 AM,20040.40,485.46,46401.00
50132,5/2/2024 11:54:20 AM,20040.44,485.70,46401.10
50132,5/2/2024 11:54:30 AM,20040.48,485.77,46401.10
50132,5/2/2024 11:54:40 AM,20040.80,485.63,46401.10
50132,5/2/2024 11:54:50 AM,20040.93,485.40,46400.90
50132,5/2/2024 11:55:00 AM,20041.24,485.40,46401.20
50132,5/2/2024 11:55:10 AM,20041.30,485.80,46401.10
50132,5/2/2024 11:55:20 AM,20041.30,486.00,46401.30
50132,5/2/2024 11:55:30 AM,20041.10,486.10,46401.10
50132,5/2/2024 11:55:40 AM,20041.00,486.00,46401.30
50132,5/2/2024 11:55:50 AM,20040.90,486.10,46401.10
50132,5/2/2024 11:56:00 AM,20041.00,486.20,46401.30
50132,5/2/2024 11:56:10 AM,20040.73,486.30,46401.10
50132,5/2/2024 11:56:20 AM,20040.60,486.30,46401.25
50132,5/2/2024 11:56:30 AM,20040.25,486.30,46401.25
50132,5/2/2024 11:56:40 AM,20040.00,486.20,46401.10
50132,5/2/2024 11:56:50 AM,20039.88,486.30,46400.90
50132,5/2/2024 11:57:00 AM,20039.90,486.30,46401.10
50132,5/2/2024 11:57:10 AM,20040.10,486.39,46400.90
50132,5/2/2024 11:57:20 AM,20040.20,486.55,46401.10
50132,5/2/2024 11:57:30 AM,20039.90,486.86,46400.80
50132,5/2/2024 11:57:40 AM,20039.88,487.07,46401.05
50132,5/2/2024 11:57:50 AM,20039.77,487.30,46400.80
50132,5/2/2024 11:58:00 AM,20039.70,487.60,46401.05
50132,5/2/2024 11:58:10 AM,20039.50,488.00,46400.90
50132,5/2/2024 11:58:20 AM,20039.40,488.17,46400.93
50132,5/2/2024 11:58:30 AM,20039.40,488.40,46400.60
50132,5/2/2024 11:58:40 AM,20039.25,488.24,46400.75
50132,5/2/2024 11:58:50 AM,20039.20,488.20,46400.60
50132,5/2/2024 11:59:00 AM,20039.30,488.45,46400.80
50132,5/2/2024 11:59:10 AM,20039.37,488.93,46400.75
50132,5/2/2024 11:59:20 AM,20039.24,489.30,46400.70
50132,5/2/2024 11:59:30 AM,20039.13,489.70,46400.70
50132,5/2/2024 11:59:40 AM,20038.90,489.50,46400.60
50132,5/2/2024 11:59:50 AM,20038.50,489.73,46400.70
50132,5/2/2024 12:00:00 PM,20038.30,489.70,46400.55
50132,5/2/2024 12:00:10 PM,20038.04,489.53,46400.40
50132,5/2/2024 12:00:20 PM,20038.09,489.60,46400.50
50132,5/2/2024 12:00:30 PM,20038.03,489.69,46400.20
50132,5/2/2024 12:00:40 PM,20037.95,489.78,46400.40
50132,5/2/2024 12:00:50 PM,20038.00,489.72,46400.10
50132,5/2/2024 12:01:00 PM,20038.09,489.61,46400.20
50132,5/2/2024 12:01:10 PM,20038.40,489.70,46400.00
50132,5/2/2024 12:01:20 PM,20038.30,489.80,46400.40
50132,5/2/2024 12:01:30 PM,20038.20,489.97,46400.20
50132,5/2/2024 12:01:40 PM,20038.00,490.30,46400.33
50132,5/2/2024 12:01:50 PM,20037.80,490.60,46400.25
50132,5/2/2024 12:02:00 PM,20037.40,490.62,46400.27
50132,5/2/2024 12:02:10 PM,20037.26,490.67,46400.20
50132,5/2/2024 12:02:20 PM,20037.30,490.71,46400.23
50132,5/2/2024 12:02:30 PM,20037.13,490.50,46399.80
50132,5/2/2024 12:02:40 PM,20037.20,490.44,46400.05
50132,5/2/2024 12:02:50 PM,20037.40,490.30,46400.00
50132,5/2/2024 12:03:00 PM,20037.55,490.51,46400.30
50132,5/2/2024 12:03:10 PM,20037.70,490.63,46400.20
50132,5/2/2024 12:03:20 PM,20037.50,490.62,46400.25
50132,5/2/2024 12:03:30 PM,20037.46,490.76,46400.25
50132,5/2/2024 12:03:40 PM,20037.35,491.01,46400.40
50132,5/2/2024 12:03:50 PM,20037.40,491.42,46400.15
50132,5/2/2024 12:04:00 PM,20037.57,491.60,46400.20
50132,5/2/2024 12:04:10 PM,20037.50,491.93,46400.10
50132,5/2/2024 12:04:20 PM,20037.64,492.30,46400.33
50132,5/2/2024 12:04:30 PM,20037.50,492.38,46400.20
50132,5/2/2024 12:04:40 PM,20037.17,492.49,46400.40
50132,5/2/2024 12:04:50 PM,20036.80,492.40,46400.30
50132,5/2/2024 12:05:00 PM,20036.75,492.20,46400.20
50132,5/2/2024 12:05:10 PM,20036.90,492.08,46400.05
50132,5/2/2024 12:05:20 PM,20037.20,492.10,46400.20
50132,5/2/2024 12:05:30 PM,20037.10,492.10,46400.10
50132,5/2/2024 12:05:40 PM,20037.40,492.20,46400.20
50132,5/2/2024 12:05:50 PM,20037.30,492.30,46400.00
50132,5/2/2024 12:06:00 PM,20037.60,492.50,46400.30
50132,5/2/2024 12:06:10 PM,20037.50,492.80,46400.10
50132,5/2/2024 12:06:20 PM,20037.40,492.90,46400.27
50132,5/2/2024 12:06:30 PM,20037.40,493.22,46400.20
50132,5/2/2024 12:06:40 PM,20037.50,493.20,46400.20
50132,5/2/2024 12:06:50 PM,20037.47,493.20,46400.15
50132,5/2/2024 12:07:00 PM,20037.50,493.37,46400.40
50132,5/2/2024 12:07:10 PM,20037.30,493.47,46400.30
50132,5/2/2024 12:07:20 PM,20037.30,493.60,46400.30
50132,5/2/2024 12:07:30 PM,20037.40,493.97,46400.20
50132,5/2/2024 12:07:40 PM,20037.40,494.00,46400.30
50132,5/2/2024 12:07:50 PM,20037.58,494.23,46400.20
50132,5/2/2024 12:08:00 PM,20037.40,494.50,46400.33
50132,5/2/2024 12:08:10 PM,20037.10,494.98,46400.25
50132,5/2/2024 12:08:20 PM,20036.90,495.47,46400.25
50132,5/2/2024 12:08:30 PM,20036.76,495.46,46400.00
50132,5/2/2024 12:08:40 PM,20036.63,495.56,46400.20
50132,5/2/2024 12:08:50 PM,20036.40,495.63,46399.80
50132,5/2/2024 12:09:00 PM,20036.39,495.80,46399.83
50132,5/2/2024 12:09:10 PM,20036.25,496.27,46399.95
50132,5/2/2024 12:09:20 PM,20035.89,496.72,46399.93
50132,5/2/2024 12:09:30 PM,20035.70,497.33,46399.70
50132,5/2/2024 12:09:40 PM,20035.61,497.80,46399.80
50132,5/2/2024 12:09:50 PM,20035.54,498.10,46399.67
50132,5/2/2024 12:10:00 PM,20035.50,498.28,46399.70
50132,5/2/2024 12:10:10 PM,20035.40,498.60,46399.40
50132,5/2/2024 12:10:20 PM,20035.40,498.80,46399.70
50132,5/2/2024 12:10:30 PM,20035.50,498.92,46399.40
50132,5/2/2024 12:10:40 PM,20035.60,499.20,46399.50
50132,5/2/2024 12:10:50 PM,20035.70,499.30,46399.40
50132,5/2/2024 12:11:00 PM,20035.80,499.51,46399.60
50132,5/2/2024 12:11:10 PM,20035.51,499.80,46399.30
50132,5/2/2024 12:11:20 PM,20035.10,500.00,46399.80
50132,5/2/2024 12:11:30 PM,20035.20,500.30,46399.55
50132,5/2/2024 12:11:40 PM,20035.40,500.39,46399.60
50132,5/2/2024 12:11:50 PM,20035.50,500.50,46399.33
50132,5/2/2024 12:12:00 PM,20035.60,500.77,46399.45
50132,5/2/2024 12:12:10 PM,20035.30,500.90,46399.37
50132,5/2/2024 12:12:20 PM,20035.30,500.86,46399.40
50132,5/2/2024 12:12:30 PM,20035.20,500.67,46399.35
50132,5/2/2024 12:12:40 PM,20035.48,500.40,46399.30
50132,5/2/2024 12:12:50 PM,20035.50,500.05,46399.35
50132,5/2/2024 12:13:00 PM,20035.37,500.02,46399.60
50132,5/2/2024 12:13:10 PM,20035.20,500.35,46399.40
50132,5/2/2024 12:13:20 PM,20035.10,500.26,46399.80
50132,5/2/2024 12:13:30 PM,20035.18,499.75,46399.70
50132,5/2/2024 12:13:40 PM,20035.53,499.24,46399.80
50132,5/2/2024 12:13:50 PM,20035.70,498.93,46399.87
50132,5/2/2024 12:14:00 PM,20035.77,498.97,46399.90
50132,5/2/2024 12:14:10 PM,20036.00,499.10,46399.90
50132,5/2/2024 12:14:20 PM,20036.00,498.93,46400.20
50132,5/2/2024 12:14:30 PM,20036.24,499.00,46399.90
50132,5/2/2024 12:14:40 PM,20036.55,499.30,46400.20
50132,5/2/2024 12:14:50 PM,20036.37,499.26,46400.15
50132,5/2/2024 12:15:00 PM,20036.46,499.25,46400.23
50132,5/2/2024 12:15:10 PM,20036.20,499.35,46400.25
50132,5/2/2024 12:15:20 PM,20036.00,499.00,46400.40
50132,5/2/2024 12:15:30 PM,20036.10,498.80,46400.20
50132,5/2/2024 12:15:40 PM,20036.30,498.40,46400.60
50132,5/2/2024 12:15:50 PM,20035.90,498.30,46400.40
50132,5/2/2024 12:16:00 PM,20035.70,498.10,46400.90
50132,5/2/2024 12:16:10 PM,20035.60,498.00,46400.60
50132,5/2/2024 12:16:20 PM,20035.40,497.87,46401.00
50132,5/2/2024 12:16:30 PM,20035.54,497.52,46400.77
50132,5/2/2024 12:16:40 PM,20035.80,497.40,46401.10
50132,5/2/2024 12:16:50 PM,20035.91,497.60,46400.90
50132,5/2/2024 12:17:00 PM,20036.00,497.53,46401.20
50132,5/2/2024 12:17:10 PM,20035.85,497.80,46401.00
50132,5/2/2024 12:17:20 PM,20036.15,497.95,46401.13
50132,5/2/2024 12:17:30 PM,20036.58,498.07,46401.00
50132,5/2/2024 12:17:40 PM,20036.40,497.96,46401.20
50132,5/2/2024 12:17:50 PM,20036.40,497.97,46401.05
50132,5/2/2024 12:18:00 PM,20036.40,498.15,46401.17
50132,5/2/2024 12:18:10 PM,20036.40,498.18,46400.90
50132,5/2/2024 12:18:20 PM,20036.40,498.38,46401.10
50132,5/2/2024 12:18:30 PM,20036.40,498.63,46401.07
50132,5/2/2024 12:18:40 PM,20036.40,498.63,46401.10
50132,5/2/2024 12:18:50 PM,20036.37,498.60,46400.90
50132,5/2/2024 12:19:00 PM,20036.30,498.30,46401.20
50132,5/2/2024 12:19:10 PM,20036.10,498.04,46401.00
50132,5/2/2024 12:19:20 PM,20035.92,497.88,46401.20
50132,5/2/2024 12:19:30 PM,20036.09,497.97,46401.20
50132,5/2/2024 12:19:40 PM,20036.03,497.80,46401.30
50132,5/2/2024 12:19:50 PM,20036.00,497.70,46400.90
50132,5/2/2024 12:20:00 PM,20036.00,497.70,46401.20
50132,5/2/2024 12:20:10 PM,20035.90,497.63,46401.00
50132,5/2/2024 12:20:20 PM,20035.60,497.76,46401.20
50132,5/2/2024 12:20:30 PM,20035.40,497.67,46401.15
50132,5/2/2024 12:20:40 PM,20035.43,497.50,46401.15
50132,5/2/2024 12:20:50 PM,20035.50,497.30,46401.10
50132,5/2/2024 12:21:00 PM,20035.80,497.20,46401.10
50132,5/2/2024 12:21:10 PM,20035.70,497.07,46401.00
50132,5/2/2024 12:21:20 PM,20035.80,497.05,46401.20
50132,5/2/2024 12:21:30 PM,20035.70,497.16,46401.20
50132,5/2/2024 12:21:40 PM,20035.87,497.24,46401.20
50132,5/2/2024 12:21:50 PM,20035.93,497.30,46401.20
50132,5/2/2024 12:22:00 PM,20035.73,497.20,46401.30
50132,5/2/2024 12:22:10 PM,20035.42,497.13,46401.40
50132,5/2/2024 12:22:20 PM,20035.50,496.92,46401.60
50132,5/2/2024 12:22:30 PM,20035.40,496.90,46401.30
50132,5/2/2024 12:22:40 PM,20035.40,496.91,46401.60
50132,5/2/2024 12:22:50 PM,20035.28,496.80,46401.20
50132,5/2/2024 12:23:00 PM,20035.38,497.30,46401.40
50132,5/2/2024 12:23:10 PM,20035.00,497.30,46401.30
50132,5/2/2024 12:23:20 PM,20035.00,497.63,46401.60
50132,5/2/2024 12:23:30 PM,20034.80,497.88,46401.30
50132,5/2/2024 12:23:40 PM,20034.77,497.80,46401.27
50132,5/2/2024 12:23:50 PM,20034.60,497.94,46401.20
50132,5/2/2024 12:24:00 PM,20034.32,497.87,46401.35
50132,5/2/2024 12:24:10 PM,20034.10,497.93,46401.35
50132,5/2/2024 12:24:20 PM,20033.80,498.03,46401.50
50132,5/2/2024 12:24:30 PM,20033.57,498.25,46401.20
50132,5/2/2024 12:24:40 PM,20033.60,498.53,46401.25
50132,5/2/2024 12:24:50 PM,20033.53,498.70,46401.20
50132,5/2/2024 12:25:00 PM,20033.30,498.75,46401.20
50132,5/2/2024 12:25:10 PM,20033.25,498.80,46401.20
50132,5/2/2024 12:25:20 PM,20033.00,499.10,46401.10
50132,5/2/2024 12:25:30 PM,20032.50,499.30,46400.90
50132,5/2/2024 12:25:40 PM,20032.60,499.10,46401.00
50132,5/2/2024 12:25:50 PM,20032.50,499.20,46400.70
50132,5/2/2024 12:26:00 PM,20032.50,499.00,46401.00
50132,5/2/2024 12:26:10 PM,20032.40,499.30,46400.70
50132,5/2/2024 12:26:20 PM,20032.40,499.52,46400.80
50132,5/2/2024 12:26:30 PM,20032.41,499.71,46400.80
50132,5/2/2024 12:26:40 PM,20032.10,499.95,46400.60
50132,5/2/2024 12:26:50 PM,20032.10,499.80,46400.50
50132,5/2/2024 12:27:00 PM,20032.30,499.70,46400.65
50132,5/2/2024 12:27:10 PM,20032.20,499.52,46400.50
50132,5/2/2024 12:27:20 PM,20032.32,499.60,46400.70
50132,5/2/2024 12:27:30 PM,20032.30,499.53,46400.70
50132,5/2/2024 12:27:40 PM,20032.20,499.63,46400.65
50132,5/2/2024 12:27:50 PM,20032.10,499.82,46400.70
50132,5/2/2024 12:28:00 PM,20032.07,499.87,46400.80
50132,5/2/2024 12:28:10 PM,20032.03,499.97,46400.60
50132,5/2/2024 12:28:20 PM,20032.00,499.98,46400.55
50132,5/2/2024 12:28:30 PM,20032.00,499.95,46400.60
50132,5/2/2024 12:28:40 PM,20031.80,499.80,46400.60
50132,5/2/2024 12:28:50 PM,20031.70,499.71,46400.60
50132,5/2/2024 12:29:00 PM,20031.50,499.40,46400.40
50132,5/2/2024 12:29:10 PM,20031.17,499.38,46400.40
50132,5/2/2024 12:29:20 PM,20030.80,499.35,46400.60
50132,5/2/2024 12:29:30 PM,20030.45,499.20,46400.30
50132,5/2/2024 12:29:40 PM,20030.24,498.82,46400.57
50132,5/2/2024 12:29:50 PM,20029.93,498.94,46400.40
50132,5/2/2024 12:30:00 PM,20029.89,499.42,46400.60
50132,5/2/2024 12:30:10 PM,20029.75,499.85,46400.43
50132,5/2/2024 12:30:20 PM,20029.60,500.07,46400.46
50132,5/2/2024 12:30:30 PM,20029.60,500.42,46400.30
50132,5/2/2024 12:30:40 PM,20029.80,500.40,46400.40
50132,5/2/2024 12:30:50 PM,20029.66,500.20,46400.20
50132,5/2/2024 12:31:00 PM,20029.73,500.00,46400.30
50132,5/2/2024 12:31:10 PM,20029.50,499.85,46400.30
50132,5/2/2024 12:31:20 PM,20029.30,499.65,46400.50
50132,5/2/2024 12:31:30 PM,20029.10,499.50,46400.33
50132,5/2/2024 12:31:40 PM,20029.01,499.10,46400.50
50132,5/2/2024 12:31:50 PM,20029.10,499.18,46400.50
50132,5/2/2024 12:32:00 PM,20029.10,499.30,46400.54
50132,5/2/2024 12:32:10 PM,20029.10,499.53,46400.40
50132,5/2/2024 12:32:20 PM,20029.10,499.65,46400.60
50132,5/2/2024 12:32:30 PM,20029.33,499.67,46400.45
50132,5/2/2024 12:32:40 PM,20029.24,499.57,46400.30
50132,5/2/2024 12:32:50 PM,20029.00,499.48,46400.45
50132,5/2/2024 12:33:00 PM,20029.00,499.30,46400.54
50132,5/2/2024 12:33:10 PM,20028.85,499.20,46400.45
50132,5/2/2024 12:33:20 PM,20028.80,499.20,46400.60
50132,5/2/2024 12:33:30 PM,20028.80,499.35,46400.30
50132,5/2/2024 12:33:40 PM,20028.50,499.33,46400.50
50132,5/2/2024 12:33:50 PM,20028.30,499.13,46400.50
50132,5/2/2024 12:34:00 PM,20028.30,499.18,46400.70
50132,5/2/2024 12:34:10 PM,20028.10,499.20,46400.40
50132,5/2/2024 12:34:20 PM,20027.96,499.13,46400.60
50132,5/2/2024 12:34:30 PM,20027.85,499.53,46400.40
50132,5/2/2024 12:34:40 PM,20027.73,499.80,46400.40
50132,5/2/2024 12:34:50 PM,20027.60,499.95,46400.30
50132,5/2/2024 12:35:00 PM,20027.53,499.93,46400.50
50132,5/2/2024 12:35:10 PM,20027.44,499.85,46400.30
50132,5/2/2024 12:35:20 PM,20027.40,500.10,46400.50
50132,5/2/2024 12:35:30 PM,20026.90,500.30,46400.40
50132,5/2/2024 12:35:40 PM,20026.70,500.50,46400.50
50132,5/2/2024 12:35:50 PM,20026.20,500.40,46400.30
50132,5/2/2024 12:36:00 PM,20025.90,500.10,46400.40
50132,5/2/2024 12:36:10 PM,20025.70,500.00,46400.10
50132,5/2/2024 12:36:20 PM,20025.20,499.80,46400.25
50132,5/2/2024 12:36:30 PM,20024.90,499.70,46400.10
50132,5/2/2024 12:36:40 PM,20024.66,499.48,46400.15
50132,5/2/2024 12:36:50 PM,20024.50,499.40,46400.10
50132,5/2/2024 12:37:00 PM,20024.34,499.17,46400.13
50132,5/2/2024 12:37:10 PM,20024.20,498.90,46399.93
50132,5/2/2024 12:37:20 PM,20024.23,498.60,46400.05
50132,5/2/2024 12:37:30 PM,20024.61,498.42,46399.90
50132,5/2/2024 12:37:40 PM,20024.67,498.57,46400.13
50132,5/2/2024 12:37:50 PM,20024.50,498.70,46400.20
50132,5/2/2024 12:38:00 PM,20024.32,498.74,46400.30
50132,5/2/2024 12:38:10 PM,20024.15,498.80,46400.00
50132,5/2/2024 12:38:20 PM,20024.03,498.40,46400.20
50132,5/2/2024 12:38:30 PM,20024.27,498.47,46400.20
50132,5/2/2024 12:38:40 PM,20024.10,498.44,46400.30
50132,5/2/2024 12:38:50 PM,20024.13,498.45,46400.10
50132,5/2/2024 12:39:00 PM,20024.13,498.53,46400.15
50132,5/2/2024 12:39:10 PM,20024.12,498.48,46400.10
50132,5/2/2024 12:39:20 PM,20024.30,498.39,46400.30
50132,5/2/2024 12:39:30 PM,20024.00,498.20,46400.20
50132,5/2/2024 12:39:40 PM,20023.93,498.30,46400.23
50132,5/2/2024 12:39:50 PM,20024.25,498.70,46400.00
50132,5/2/2024 12:40:00 PM,20024.03,498.87,46400.34
50132,5/2/2024 12:40:10 PM,20023.60,499.20,46400.10
50132,5/2/2024 12:40:20 PM,20023.70,499.46,46400.20
50132,5/2/2024 12:40:30 PM,20023.50,499.70,46400.00
50132,5/2/2024 12:40:40 PM,20023.60,499.63,46400.10
50132,5/2/2024 12:40:50 PM,20023.30,499.90,46399.90
50132,5/2/2024 12:41:00 PM,20023.10,500.31,46400.00
50132,5/2/2024 12:41:10 PM,20022.80,500.30,46399.90
50132,5/2/2024 12:41:20 PM,20022.95,500.27,46399.83
50132,5/2/2024 12:41:30 PM,20023.21,500.35,46399.70
50132,5/2/2024 12:41:40 PM,20023.40,500.43,46399.73
50132,5/2/2024 12:41:50 PM,20023.50,501.00,46399.70
50132,5/2/2024 12:42:00 PM,20023.30,501.43,46399.73
50132,5/2/2024 12:42:10 PM,20023.00,501.50,46399.50
50132,5/2/2024 12:42:20 PM,20023.12,501.55,46399.50
50132,5/2/2024 12:42:30 PM,20023.00,501.55,46399.40
50132,5/2/2024 12:42:40 PM,20022.87,501.68,46399.60
50132,5/2/2024 12:42:50 PM,20022.96,501.68,46399.30
50132,5/2/2024 12:43:00 PM,20022.97,501.72,46399.37
50132,5/2/2024 12:43:10 PM,20022.93,501.63,46399.27
50132,5/2/2024 12:43:20 PM,20022.90,501.43,46399.30
50132,5/2/2024 12:43:30 PM,20022.57,501.50,46399.17
50132,5/2/2024 12:43:40 PM,20022.50,501.49,46399.40
50132,5/2/2024 12:43:50 PM,20022.30,501.38,46399.20
50132,5/2/2024 12:44:00 PM,20022.00,501.38,46399.20
50132,5/2/2024 12:44:10 PM,20022.00,501.53,46399.10
50132,5/2/2024 12:44:20 PM,20022.20,502.00,46399.30
50132,5/2/2024 12:44:30 PM,20022.00,502.40,46398.90
50132,5/2/2024 12:44:40 PM,20021.90,502.45,46399.13
50132,5/2/2024 12:44:50 PM,20021.73,502.72,46398.90
50132,5/2/2024 12:45:00 PM,20021.60,502.88,46399.20
50132,5/2/2024 12:45:10 PM,20021.60,503.20,46398.90
50132,5/2/2024 12:45:20 PM,20021.50,503.10,46399.00
50132,5/2/2024 12:45:30 PM,20021.40,503.00,46398.80
50132,5/2/2024 12:45:40 PM,20021.50,502.60,46399.10
50132,5/2/2024 12:45:50 PM,20021.50,502.80,46398.90
50132,5/2/2024 12:46:00 PM,20021.60,502.60,46399.00
50132,5/2/2024 12:46:10 PM,20021.70,502.20,46398.90
50132,5/2/2024 12:46:20 PM,20022.10,502.13,46399.10
50132,5/2/2024 12:46:30 PM,20022.10,502.10,46399.00
50132,5/2/2024 12:46:40 PM,20022.10,502.10,46399.15
50132,5/2/2024 12:46:50 PM,20021.90,502.07,46399.20
50132,5/2/2024 12:47:00 PM,20022.00,502.20,46399.30
50132,5/2/2024 12:47:10 PM,20021.94,502.12,46399.10
50132,5/2/2024 12:47:20 PM,20022.10,502.07,46399.20
50132,5/2/2024 12:47:30 PM,20022.18,501.74,46399.10
50132,5/2/2024 12:47:40 PM,20022.40,501.40,46399.10
50132,5/2/2024 12:47:50 PM,20022.50,501.24,46398.90
50132,5/2/2024 12:48:00 PM,20022.70,501.35,46399.13
50132,5/2/2024 12:48:10 PM,20022.83,501.35,46399.18
50132,5/2/2024 12:48:20 PM,20022.85,501.40,46399.10
50132,5/2/2024 12:48:30 PM,20022.60,501.52,46399.25
50132,5/2/2024 12:48:40 PM,20022.40,501.67,46399.40
50132,5/2/2024 12:48:50 PM,20022.14,501.50,46399.27
50132,5/2/2024 12:49:00 PM,20022.18,501.37,46399.20
50132,5/2/2024 12:49:10 PM,20022.00,501.37,46399.25
50132,5/2/2024 12:49:20 PM,20021.93,501.37,46399.30
50132,5/2/2024 12:49:30 PM,20021.98,501.24,46399.25
50132,5/2/2024 12:49:40 PM,20022.10,501.05,46399.20
50132,5/2/2024 12:49:50 PM,20021.90,500.92,46399.30
50132,5/2/2024 12:50:00 PM,20021.99,500.73,46399.40
50132,5/2/2024 12:50:10 PM,20021.60,500.23,46399.20
50132,5/2/2024 12:50:20 PM,20021.32,500.00,46399.33
50132,5/2/2024 12:50:30 PM,20021.40,500.00,46399.35
50132,5/2/2024 12:50:40 PM,20021.31,499.52,46399.40
50132,5/2/2024 12:50:50 PM,20021.43,498.93,46399.40
50132,5/2/2024 12:51:00 PM,20021.51,498.60,46399.50
50132,5/2/2024 12:51:10 PM,20021.33,498.15,46399.40
50132,5/2/2024 12:51:20 PM,20021.32,497.73,46399.70
50132,5/2/2024 12:51:30 PM,20021.78,497.65,46399.46
50132,5/2/2024 12:51:40 PM,20021.73,497.50,46399.85
50132,5/2/2024 12:51:50 PM,20021.60,497.33,46399.70
50132,5/2/2024 12:52:00 PM,20021.30,497.02,46400.00
50132,5/2/2024 12:52:10 PM,20021.60,497.22,46399.90
50132,5/2/2024 12:52:20 PM,20021.70,497.27,46400.10
50132,5/2/2024 12:52:30 PM,20021.70,497.30,46400.03
50132,5/2/2024 12:52:40 PM,20021.34,497.20,46400.30
50132,5/2/2024 12:52:50 PM,20021.03,497.20,46400.30
50132,5/2/2024 12:53:00 PM,20020.45,497.20,46400.10
50132,5/2/2024 12:53:10 PM,20020.10,497.22,46400.00
50132,5/2/2024 12:53:20 PM,20020.10,497.15,46400.20
50132,5/2/2024 12:53:30 PM,20020.18,496.90,46400.00
50132,5/2/2024 12:53:40 PM,20020.60,496.80,46399.95
50132,5/2/2024 12:53:50 PM,20020.77,496.64,46399.90
50132,5/2/2024 12:54:00 PM,20020.83,496.40,46400.20
50132,5/2/2024 12:54:10 PM,20020.95,496.20,46399.90
50132,5/2/2024 12:54:20 PM,20021.10,496.10,46400.10
50132,5/2/2024 12:54:30 PM,20021.13,496.18,46400.00
50132,5/2/2024 12:54:40 PM,20021.50,496.00,46400.17
50132,5/2/2024 12:54:50 PM,20021.41,495.85,46400.20
50132,5/2/2024 12:55:00 PM,20021.65,495.84,46400.20
50132,5/2/2024 12:55:10 PM,20021.65,495.60,46400.00
50132,5/2/2024 12:55:20 PM,20021.50,495.70,46400.40
50132,5/2/2024 12:55:30 PM,20021.40,496.00,46400.00
50132,5/2/2024 12:55:40 PM,20021.30,495.70,46400.20
50132,5/2/2024 12:55:50 PM,20021.30,495.70,46400.10
50132,5/2/2024 12:56:00 PM,20021.40,495.70,46400.20
50132,5/2/2024 12:56:10 PM,20021.20,495.80,46400.10
50132,5/2/2024 12:56:20 PM,20021.40,495.58,46400.20
50132,5/2/2024 12:56:30 PM,20021.37,495.36,46400.10
50132,5/2/2024 12:56:40 PM,20021.41,495.30,46400.20
50132,5/2/2024 12:56:50 PM,20021.49,495.09,46399.80
50132,5/2/2024 12:57:00 PM,20021.55,494.83,46400.10
50132,5/2/2024 12:57:10 PM,20021.50,494.60,46399.90
50132,5/2/2024 12:57:20 PM,20021.47,494.35,46399.90
50132,5/2/2024 12:57:30 PM,20021.60,494.24,46399.80
50132,5/2/2024 12:57:40 PM,20021.40,494.08,46400.10
50132,5/2/2024 12:57:50 PM,20021.40,493.85,46399.80
50132,5/2/2024 12:58:00 PM,20021.40,493.92,46400.00
50132,5/2/2024 12:58:10 PM,20021.22,493.90,46399.96
50132,5/2/2024 12:58:20 PM,20021.28,494.10,46400.10
50132,5/2/2024 12:58:30 PM,20020.75,494.21,46399.90
50132,5/2/2024 12:58:40 PM,20020.40,494.20,46399.95
50132,5/2/2024 12:58:50 PM,20020.00,494.30,46399.80
50132,5/2/2024 12:59:00 PM,20019.63,494.30,46399.80
50132,5/2/2024 12:59:10 PM,20019.40,494.56,46399.75
50132,5/2/2024 12:59:20 PM,20019.22,494.75,46399.65
50132,5/2/2024 12:59:30 PM,20018.72,494.70,46399.50
50132,5/2/2024 12:59:40 PM,20018.37,494.65,46399.46
50132,5/2/2024 12:59:50 PM,20018.30,494.69,46399.30
50132,5/2/2024 1:00:00 PM,20017.80,494.90,46399.35
50132,5/2/2024 1:00:10 PM,20017.50,495.10,46399.30
50132,5/2/2024 1:00:20 PM,20017.16,494.82,46399.05
50132,5/2/2024 1:00:30 PM,20017.20,494.85,46398.90
50132,5/2/2024 1:00:40 PM,20016.80,494.70,46399.04
50132,5/2/2024 1:00:50 PM,20016.90,495.00,46398.85
50132,5/2/2024 1:01:00 PM,20016.90,494.90,46398.83
50132,5/2/2024 1:01:10 PM,20016.80,495.15,46398.70
50132,5/2/2024 1:01:20 PM,20016.70,495.05,46398.60
50132,5/2/2024 1:01:30 PM,20016.70,494.99,46398.50
50132,5/2/2024 1:01:40 PM,20016.90,494.92,46398.55
50132,5/2/2024 1:01:50 PM,20016.80,494.90,46398.40
50132,5/2/2024 1:02:00 PM,20016.60,494.80,46398.40
50132,5/2/2024 1:02:10 PM,20016.50,495.10,46398.45
50132,5/2/2024 1:02:20 PM,20016.40,495.30,46398.43
50132,5/2/2024 1:02:30 PM,20016.10,495.56,46398.20
50132,5/2/2024 1:02:40 PM,20016.10,495.70,46398.33
50132,5/2/2024 1:02:50 PM,20016.17,495.80,46398.17
50132,5/2/2024 1:03:00 PM,20016.20,495.57,46398.30
50132,5/2/2024 1:03:10 PM,20016.45,495.52,46397.90
50132,5/2/2024 1:03:20 PM,20016.40,495.65,46398.15
50132,5/2/2024 1:03:30 PM,20016.20,495.63,46398.05
50132,5/2/2024 1:03:40 PM,20016.20,495.65,46398.00
50132,5/2/2024 1:03:50 PM,20016.02,495.32,46397.80
50132,5/2/2024 1:04:00 PM,20016.20,495.35,46398.00
50132,5/2/2024 1:04:10 PM,20016.10,495.40,46397.70
50132,5/2/2024 1:04:20 PM,20016.10,495.33,46397.73
50132,5/2/2024 1:04:30 PM,20016.08,495.30,46397.65
50132,5/2/2024 1:04:40 PM,20016.37,495.37,46397.50
50132,5/2/2024 1:04:50 PM,20016.34,495.43,46397.40
50132,5/2/2024 1:05:00 PM,20016.10,495.50,46397.50
50132,5/2/2024 1:05:10 PM,20015.95,495.83,46397.46
50132,5/2/2024 1:05:20 PM,20015.70,496.00,46397.60
50132,5/2/2024 1:05:30 PM,20015.60,496.30,46397.20
50132,5/2/2024 1:05:40 PM,20015.50,496.50,46397.40
50132,5/2/2024 1:05:50 PM,20015.30,496.70,46397.10
50132,5/2/2024 1:06:00 PM,20015.10,496.90,46397.40
50132,5/2/2024 1:06:10 PM,20014.90,497.50,46397.00
50132,5/2/2024 1:06:20 PM,20014.56,497.77,46397.10
50132,5/2/2024 1:06:30 PM,20014.60,498.00,46396.90
50132,5/2/2024 1:06:40 PM,20014.70,498.14,46396.77
50132,5/2/2024 1:06:50 PM,20014.61,498.38,46396.67
50132,5/2/2024 1:07:00 PM,20014.60,498.50,46396.60
50132,5/2/2024 1:07:10 PM,20014.60,498.60,46396.40
50132,5/2/2024 1:07:20 PM,20015.85,497.90,46396.20
50132,5/2/2024 1:07:30 PM,20018.04,499.28,46396.00
50132,5/2/2024 1:07:40 PM,20021.40,500.97,46396.05
50132,5/2/2024 1:07:50 PM,20023.28,504.30,46396.50
50132,5/2/2024 1:08:00 PM,20021.57,507.03,46397.30
50132,5/2/2024 1:08:10 PM,20019.55,508.63,46396.90
50132,5/2/2024 1:08:20 PM,20017.50,509.26,46396.60
50132,5/2/2024 1:08:30 PM,20015.70,509.40,46395.85
50132,5/2/2024 1:08:40 PM,20014.48,510.27,46395.40
50132,5/2/2024 1:08:50 PM,20012.70,511.10,46394.70
50132,5/2/2024 1:09:00 PM,20009.95,512.16,46394.45
50132,5/2/2024 1:09:10 PM,20006.70,512.67,46393.77
50132,5/2/2024 1:09:20 PM,20004.04,513.35,46392.90
50132,5/2/2024 1:09:30 PM,20002.33,514.50,46392.00
50132,5/2/2024 1:09:40 PM,20001.75,516.15,46391.30
50132,5/2/2024 1:09:50 PM,20001.65,518.30,46390.50
50132,5/2/2024 1:10:00 PM,20001.05,519.60,46390.30
50132,5/2/2024 1:10:10 PM,20000.50,520.77,46389.40
50132,5/2/2024 1:10:20 PM,20000.30,522.03,46388.95
50132,5/2/2024 1:10:30 PM,20000.10,523.10,46388.40
50132,5/2/2024 1:10:40 PM,19999.70,524.30,46387.95
50132,5/2/2024 1:10:50 PM,19999.65,525.70,46387.20
50132,5/2/2024 1:11:00 PM,19999.67,526.80,46386.90
50132,5/2/2024 1:11:10 PM,19999.20,527.56,46386.43
50132,5/2/2024 1:11:20 PM,19999.00,528.02,46386.20
50132,5/2/2024 1:11:30 PM,19998.70,528.77,46385.50
50132,5/2/2024 1:11:40 PM,19998.33,529.80,46385.40
50132,5/2/2024 1:11:50 PM,19997.78,530.86,46384.80
50132,5/2/2024 1:12:00 PM,19997.50,531.40,46384.50
50132,5/2/2024 1:12:10 PM,19997.50,531.74,46383.90
50132,5/2/2024 1:12:20 PM,19997.43,531.99,46383.65
50132,5/2/2024 1:12:30 PM,19997.60,531.88,46383.20
50132,5/2/2024 1:12:40 PM,19998.10,531.62,46382.85
50132,5/2/2024 1:12:50 PM,19998.00,531.60,46382.70
50132,5/2/2024 1:13:00 PM,19997.93,531.61,46382.55
50132,5/2/2024 1:13:10 PM,19997.57,531.20,46382.30
50132,5/2/2024 1:13:20 PM,19996.86,530.85,46382.13
50132,5/2/2024 1:13:30 PM,19996.27,530.59,46381.80
50132,5/2/2024 1:13:40 PM,19995.80,530.08,46381.83
50132,5/2/2024 1:13:50 PM,19995.60,529.90,46381.30
50132,5/2/2024 1:14:00 PM,19996.18,529.68,46381.50
50132,5/2/2024 1:14:10 PM,19996.50,529.33,46381.30
50132,5/2/2024 1:14:20 PM,19996.45,529.00,46381.70
50132,5/2/2024 1:14:30 PM,19996.00,529.20,46381.50
50132,5/2/2024 1:14:40 PM,19995.47,529.50,46381.70
50132,5/2/2024 1:14:50 PM,19995.10,529.57,46381.40
50132,5/2/2024 1:15:00 PM,19995.25,529.60,46381.40
50132,5/2/2024 1:15:10 PM,19995.40,529.58,46381.30
50132,5/2/2024 1:15:20 PM,19995.50,529.50,46381.50
50132,5/2/2024 1:15:30 PM,19995.50,529.40,46381.30
50132,5/2/2024 1:15:40 PM,19995.50,528.80,46381.40
50132,5/2/2024 1:15:50 PM,19995.60,528.50,46381.30
50132,5/2/2024 1:16:00 PM,19996.40,528.90,46381.30
50132,5/2/2024 1:16:10 PM,19996.50,529.50,46381.20
50132,5/2/2024 1:16:20 PM,19996.65,529.80,46381.47
50132,5/2/2024 1:16:30 PM,19996.40,530.00,46381.40
50132,5/2/2024 1:16:40 PM,19996.10,530.20,46381.60
50132,5/2/2024 1:16:50 PM,19996.10,530.20,46381.40
50132,5/2/2024 1:17:00 PM,19996.16,530.00,46381.30
50132,5/2/2024 1:17:10 PM,19996.42,530.01,46381.20
50132,5/2/2024 1:17:20 PM,19996.46,530.15,46381.50
50132,5/2/2024 1:17:30 PM,19996.23,529.70,46381.30
50132,5/2/2024 1:17:40 PM,19996.07,529.67,46381.45
50132,5/2/2024 1:17:50 PM,19996.10,529.80,46381.40
50132,5/2/2024 1:18:00 PM,19996.16,529.80,46381.40
50132,5/2/2024 1:18:10 PM,19996.12,529.97,46381.40
50132,5/2/2024 1:18:20 PM,19996.10,530.10,46381.60
50132,5/2/2024 1:18:30 PM,19995.56,530.60,46381.40
50132,5/2/2024 1:18:40 PM,19995.70,531.06,46381.30
50132,5/2/2024 1:18:50 PM,19995.90,531.05,46381.40
50132,5/2/2024 1:19:00 PM,19996.00,531.10,46381.40
50132,5/2/2024 1:19:10 PM,19995.80,531.50,46381.30
50132,5/2/2024 1:19:20 PM,19995.22,531.50,46381.70
50132,5/2/2024 1:19:30 PM,19994.64,531.43,46381.30
50132,5/2/2024 1:19:40 PM,19994.27,531.28,46381.30
50132,5/2/2024 1:19:50 PM,19994.10,531.10,46380.90
50132,5/2/2024 1:20:00 PM,19993.70,531.00,46381.10
50132,5/2/2024 1:20:10 PM,19993.10,531.50,46381.00
50132,5/2/2024 1:20:20 PM,19992.48,532.15,46381.00
50132,5/2/2024 1:20:30 PM,19992.23,532.60,46380.50
50132,5/2/2024 1:20:40 PM,19992.04,533.10,46380.55
50132,5/2/2024 1:20:50 PM,19992.00,532.94,46380.20
50132,5/2/2024 1:21:00 PM,19992.00,533.00,46380.23
50132,5/2/2024 1:21:10 PM,19991.50,533.36,46380.27
50132,5/2/2024 1:21:20 PM,19991.20,533.40,46380.30
50132,5/2/2024 1:21:30 PM,19991.27,533.20,46379.95
50132,5/2/2024 1:21:40 PM,19991.34,533.05,46380.00
50132,5/2/2024 1:21:50 PM,19991.70,532.81,46379.60
50132,5/2/2024 1:22:00 PM,19992.50,532.93,46379.63
50132,5/2/2024 1:22:10 PM,19992.70,533.25,46379.70
50132,5/2/2024 1:22:20 PM,19992.60,533.40,46380.10
50132,5/2/2024 1:22:30 PM,19992.77,533.34,46379.70
50132,5/2/2024 1:22:40 PM,19992.57,532.90,46379.90
50132,5/2/2024 1:22:50 PM,19992.67,532.37,46379.95
50132,5/2/2024 1:23:00 PM,19992.65,531.80,46379.98
50132,5/2/2024 1:23:10 PM,19992.93,531.50,46379.90
50132,5/2/2024 1:23:20 PM,19993.10,531.69,46380.10
50132,5/2/2024 1:23:30 PM,19992.88,532.42,46380.30
50132,5/2/2024 1:23:40 PM,19992.48,533.08,46380.30
50132,5/2/2024 1:23:50 PM,19992.00,533.37,46380.10
50132,5/2/2024 1:24:00 PM,19991.60,533.18,46380.20
50132,5/2/2024 1:24:10 PM,19991.40,533.20,46380.05
50132,5/2/2024 1:24:20 PM,19991.01,533.10,46380.07
50132,5/2/2024 1:24:30 PM,19990.80,533.00,46379.90
50132,5/2/2024 1:24:40 PM,19990.50,532.66,46380.00
50132,5/2/2024 1:24:50 PM,19990.49,532.19,46379.73
50132,5/2/2024 1:25:00 PM,19990.44,532.30,46379.80
50132,5/2/2024 1:25:10 PM,19990.30,532.93,46379.60
50132,5/2/2024 1:25:20 PM,19990.30,533.40,46379.80
50132,5/2/2024 1:25:30 PM,19990.20,533.60,46379.40
50132,5/2/2024 1:25:40 PM,19990.10,533.20,46379.60
50132,5/2/2024 1:25:50 PM,19989.90,532.90,46379.40
50132,5/2/2024 1:26:00 PM,19989.80,533.20,46379.70
50132,5/2/2024 1:26:10 PM,19989.40,533.60,46379.50
50132,5/2/2024 1:26:20 PM,19989.00,534.30,46379.60
50132,5/2/2024 1:26:30 PM,19989.00,534.70,46379.20
50132,5/2/2024 1:26:40 PM,19988.91,534.44,46379.20
50132,5/2/2024 1:26:50 PM,19988.80,534.00,46379.18
50132,5/2/2024 1:27:00 PM,19988.60,534.06,46379.20
50132,5/2/2024 1:27:10 PM,19988.40,534.28,46378.90
50132,5/2/2024 1:27:20 PM,19988.07,534.20,46379.20
50132,5/2/2024 1:27:30 PM,19987.80,534.80,46378.80
50132,5/2/2024 1:27:40 PM,19987.80,535.50,46378.90
50132,5/2/2024 1:27:50 PM,19987.32,535.95,46378.65
50132,5/2/2024 1:28:00 PM,19987.60,536.17,46378.50
50132,5/2/2024 1:28:10 PM,19987.88,536.43,46378.20
50132,5/2/2024 1:28:20 PM,19987.65,536.30,46378.33
50132,5/2/2024 1:28:30 PM,19987.40,536.00,46378.10
50132,5/2/2024 1:28:40 PM,19987.10,535.47,46378.30
50132,5/2/2024 1:28:50 PM,19987.20,534.88,46378.00
50132,5/2/2024 1:29:00 PM,19987.60,534.46,46378.20
50132,5/2/2024 1:29:10 PM,19987.60,534.20,46378.10
50132,5/2/2024 1:29:20 PM,19987.50,534.17,46378.40
50132,5/2/2024 1:29:30 PM,19987.50,533.79,46378.20
50132,5/2/2024 1:29:40 PM,19987.85,533.70,46378.50
50132,5/2/2024 1:29:50 PM,19988.06,533.63,46378.30
50132,5/2/2024 1:30:00 PM,19988.10,533.10,46378.60
50132,5/2/2024 1:30:10 PM,19988.30,532.00,46378.60
50132,5/2/2024 1:30:20 PM,19988.57,530.80,46378.80
50132,5/2/2024 1:30:30 PM,19989.20,530.37,46378.70
50132,5/2/2024 1:30:40 PM,19990.16,529.91,46378.96
50132,5/2/2024 1:30:50 PM,19990.52,529.97,46379.25
50132,5/2/2024 1:31:00 PM,19990.75,529.70,46379.55
50132,5/2/2024 1:31:10 PM,19991.10,529.50,46379.40
50132,5/2/2024 1:31:20 PM,19991.65,529.00,46379.75
50132,5/2/2024 1:31:30 PM,19991.97,528.38,46379.95
50132,5/2/2024 1:31:40 PM,19992.60,528.15,46380.15
50132,5/2/2024 1:31:50 PM,19992.60,528.16,46380.30
50132,5/2/2024 1:32:00 PM,19992.10,528.80,46380.65
50132,5/2/2024 1:32:10 PM,19991.83,529.43,46380.70
50132,5/2/2024 1:32:20 PM,19991.89,529.60,46380.70
50132,5/2/2024 1:32:30 PM,19992.00,528.87,46380.63
50132,5/2/2024 1:32:40 PM,19991.10,528.45,46380.90
50132,5/2/2024 1:32:50 PM,19990.20,527.98,46380.85
50132,5/2/2024 1:33:00 PM,19989.30,527.55,46380.90
50132,5/2/2024 1:33:10 PM,19987.90,527.03,46380.70
50132,5/2/2024 1:33:20 PM,19986.95,527.48,46380.70
50132,5/2/2024 1:33:30 PM,19986.15,528.10,46380.70
50132,5/2/2024 1:33:40 PM,19985.00,528.50,46380.70
50132,5/2/2024 1:33:50 PM,19983.97,528.50,46380.20
50132,5/2/2024 1:34:00 PM,19984.04,528.46,46380.00
50132,5/2/2024 1:34:10 PM,19984.48,528.67,46379.85
50132,5/2/2024 1:34:20 PM,19984.15,528.80,46379.83
50132,5/2/2024 1:34:30 PM,19983.30,528.60,46379.80
50132,5/2/2024 1:34:40 PM,19982.73,528.80,46379.65
50132,5/2/2024 1:34:50 PM,19982.00,529.60,46379.40
50132,5/2/2024 1:35:00 PM,19981.03,530.29,46379.43
50132,5/2/2024 1:35:10 PM,19980.17,530.27,46379.15
50132,5/2/2024 1:35:20 PM,19979.30,530.70,46379.00
50132,5/2/2024 1:35:30 PM,19978.50,531.40,46378.50
50132,5/2/2024 1:35:40 PM,19977.50,531.60,46378.40
50132,5/2/2024 1:35:50 PM,19976.70,531.40,46377.90
50132,5/2/2024 1:36:00 PM,19976.60,531.60,46377.60
50132,5/2/2024 1:36:10 PM,19976.00,532.30,46377.40
50132,5/2/2024 1:36:20 PM,19975.05,533.15,46377.30
50132,5/2/2024 1:36:30 PM,19974.25,533.80,46376.80
50132,5/2/2024 1:36:40 PM,19974.00,534.20,46376.70
50132,5/2/2024 1:36:50 PM,19973.40,534.50,46376.10
50132,5/2/2024 1:37:00 PM,19973.05,535.30,46376.00
50132,5/2/2024 1:37:10 PM,19972.60,536.40,46375.50
50132,5/2/2024 1:37:20 PM,19971.57,537.40,46375.57
50132,5/2/2024 1:37:30 PM,19970.67,538.79,46375.15
50132,5/2/2024 1:37:40 PM,19969.57,539.45,46374.70
50132,5/2/2024 1:37:50 PM,19968.90,539.00,46374.00
50132,5/2/2024 1:38:00 PM,19968.10,539.00,46373.75
50132,5/2/2024 1:38:10 PM,19967.60,539.62,46373.46
50132,5/2/2024 1:38:20 PM,19966.90,540.50,46373.30
50132,5/2/2024 1:38:30 PM,19965.50,541.24,46372.95
50132,5/2/2024 1:38:40 PM,19964.03,541.80,46372.70
50132,5/2/2024 1:38:50 PM,19963.40,541.93,46371.90
50132,5/2/2024 1:39:00 PM,19962.61,541.86,46371.60
50132,5/2/2024 1:39:10 PM,19962.90,541.90,46371.20
50132,5/2/2024 1:39:20 PM,19962.82,541.60,46370.90
50132,5/2/2024 1:39:30 PM,19962.28,542.56,46370.77
50132,5/2/2024 1:39:40 PM,19961.33,544.00,46370.70
50132,5/2/2024 1:39:50 PM,19960.20,544.42,46370.45
50132,5/2/2024 1:40:00 PM,19959.45,544.59,46369.80
50132,5/2/2024 1:40:10 PM,19959.80,544.70,46369.20
50132,5/2/2024 1:40:20 PM,19960.80,544.03,46369.10
50132,5/2/2024 1:40:30 PM,19960.47,543.49,46368.90
50132,5/2/2024 1:40:40 PM,19960.45,543.65,46369.00
50132,5/2/2024 1:40:50 PM,19960.40,544.42,46368.95
50132,5/2/2024 1:41:00 PM,19959.50,544.00,46369.10
50132,5/2/2024 1:41:10 PM,19959.40,543.88,46368.75
50132,5/2/2024 1:41:20 PM,19959.80,543.88,46368.55
50132,5/2/2024 1:41:30 PM,19959.67,543.72,46368.40
50132,5/2/2024 1:41:40 PM,19959.20,544.00,46368.58
50132,5/2/2024 1:41:50 PM,19958.64,544.35,46368.40
50132,5/2/2024 1:42:00 PM,19958.83,543.52,46368.60
50132,5/2/2024 1:42:10 PM,19958.85,542.67,46368.30
50132,5/2/2024 1:42:20 PM,19959.00,542.50,46368.60
50132,5/2/2024 1:42:30 PM,19959.13,542.50,46368.40
50132,5/2/2024 1:42:40 PM,19959.30,542.41,46368.67
50132,5/2/2024 1:42:50 PM,19958.55,542.40,46368.85
50132,5/2/2024 1:43:00 PM,19958.47,542.27,46368.90
50132,5/2/2024 1:43:10 PM,19958.80,541.80,46368.75
50132,5/2/2024 1:43:20 PM,19958.57,541.90,46368.95
50132,5/2/2024 1:43:30 PM,19958.50,541.72,46368.80
50132,5/2/2024 1:43:40 PM,19958.50,541.22,46368.90
50132,5/2/2024 1:43:50 PM,19958.30,540.60,46368.90
50132,5/2/2024 1:44:00 PM,19958.53,540.55,46368.90
50132,5/2/2024 1:44:10 PM,19958.60,540.70,46369.00
50132,5/2/2024 1:44:20 PM,19958.20,540.80,46369.50
50132,5/2/2024 1:44:30 PM,19958.12,541.16,46369.20
50132,5/2/2024 1:44:40 PM,19957.74,541.52,46369.60
50132,5/2/2024 1:44:50 PM,19957.20,541.20,46369.30
50132,5/2/2024 1:45:00 PM,19956.80,541.14,46369.55
50132,5/2/2024 1:45:10 PM,19955.60,541.14,46369.60
50132,5/2/2024 1:45:20 PM,19955.70,541.70,46369.50
50132,5/2/2024 1:45:30 PM,19955.60,542.70,46369.40
50132,5/2/2024 1:45:40 PM,19955.40,543.40,46369.60
50132,5/2/2024 1:45:50 PM,19954.90,543.20,46369.20
50132,5/2/2024 1:46:00 PM,19954.60,542.80,46369.30
50132,5/2/2024 1:46:10 PM,19953.90,543.50,46369.00
50132,5/2/2024 1:46:20 PM,19953.10,543.92,46369.00
50132,5/2/2024 1:46:30 PM,19952.90,544.40,46368.90
50132,5/2/2024 1:46:40 PM,19952.96,543.70,46368.90
50132,5/2/2024 1:46:50 PM,19952.70,544.00,46368.70
50132,5/2/2024 1:47:00 PM,19952.77,544.80,46368.70
50132,5/2/2024 1:47:10 PM,19952.90,545.64,46368.67
50132,5/2/2024 1:47:20 PM,19952.60,545.90,46368.75
50132,5/2/2024 1:47:30 PM,19951.25,546.87,46368.80
50132,5/2/2024 1:47:40 PM,19950.57,547.35,46368.65
50132,5/2/2024 1:47:50 PM,19950.55,547.73,46368.20
50132,5/2/2024 1:48:00 PM,19949.50,547.90,46368.35
50132,5/2/2024 1:48:10 PM,19947.98,548.02,46368.20
50132,5/2/2024 1:48:20 PM,19946.87,548.15,46368.00
50132,5/2/2024 1:48:30 PM,19945.70,548.00,46367.73
50132,5/2/2024 1:48:40 PM,19944.75,548.50,46367.60
50132,5/2/2024 1:48:50 PM,19944.88,548.22,46367.00
50132,5/2/2024 1:49:00 PM,19945.35,547.30,46367.10
50132,5/2/2024 1:49:10 PM,19946.00,546.81,46366.95
50132,5/2/2024 1:49:20 PM,19946.40,545.90,46366.93
50132,5/2/2024 1:49:30 PM,19947.10,545.35,46367.04
50132,5/2/2024 1:49:40 PM,19947.57,544.80,46367.37
50132,5/2/2024 1:49:50 PM,19947.90,544.27,46367.40
50132,5/2/2024 1:50:00 PM,19948.50,543.92,46367.46
50132,5/2/2024 1:50:10 PM,19949.68,542.95,46367.65
50132,5/2/2024 1:50:20 PM,19951.20,542.90,46368.05
50132,5/2/2024 1:50:30 PM,19951.98,542.40,46368.10
50132,5/2/2024 1:50:40 PM,19952.93,541.40,46368.73
50132,5/2/2024 1:50:50 PM,19953.90,540.69,46369.00
50132,5/2/2024 1:51:00 PM,19954.67,540.19,46369.80
50132,5/2/2024 1:51:10 PM,19955.10,539.50,46369.80
50132,5/2/2024 1:51:20 PM,19956.10,538.55,46370.37
50132,5/2/2024 1:51:30 PM,19957.50,538.40,46370.90
50132,5/2/2024 1:51:40 PM,19958.00,537.52,46371.40
50132,5/2/2024 1:51:50 PM,19958.57,535.67,46371.75
50132,5/2/2024 1:52:00 PM,19959.95,534.15,46372.33
50132,5/2/2024 1:52:10 PM,19961.60,532.60,46372.90
50132,5/2/2024 1:52:20 PM,19962.70,531.20,46373.60
50132,5/2/2024 1:52:30 PM,19963.10,529.97,46374.20
50132,5/2/2024 1:52:40 PM,19963.90,528.77,46374.95
50132,5/2/2024 1:52:50 PM,19964.90,527.39,46375.40
50132,5/2/2024 1:53:00 PM,19966.03,525.70,46376.10
50132,5/2/2024 1:53:10 PM,19966.97,525.16,46376.90
50132,5/2/2024 1:53:20 PM,19968.02,524.51,46377.55
50132,5/2/2024 1:53:30 PM,19968.80,524.12,46378.10
50132,5/2/2024 1:53:40 PM,19968.90,523.75,46378.97
50132,5/2/2024 1:53:50 PM,19968.88,522.90,46379.20
50132,5/2/2024 1:54:00 PM,19969.90,521.75,46379.70
50132,5/2/2024 1:54:10 PM,19970.17,521.18,46380.37
50132,5/2/2024 1:54:20 PM,19969.90,520.70,46380.80
50132,5/2/2024 1:54:30 PM,19970.10,520.15,46381.05
50132,5/2/2024 1:54:40 PM,19970.47,519.46,46381.50
50132,5/2/2024 1:54:50 PM,19970.28,519.13,46381.90
50132,5/2/2024 1:55:00 PM,19969.40,518.50,46382.20
50132,5/2/2024 1:55:10 PM,19969.58,518.05,46382.20
50132,5/2/2024 1:55:20 PM,19970.10,517.90,46382.70
50132,5/2/2024 1:55:30 PM,19969.10,517.30,46383.00
50132,5/2/2024 1:55:40 PM,19968.80,516.90,46383.20
50132,5/2/2024 1:55:50 PM,19970.00,517.00,46383.00
50132,5/2/2024 1:56:00 PM,19970.10,517.40,46383.50
50132,5/2/2024 1:56:10 PM,19969.10,517.80,46383.80
50132,5/2/2024 1:56:20 PM,19968.40,518.15,46383.85
50132,5/2/2024 1:56:30 PM,19967.78,517.93,46383.85
50132,5/2/2024 1:56:40 PM,19968.13,517.40,46383.73
50132,5/2/2024 1:56:50 PM,19968.53,517.47,46383.70
50132,5/2/2024 1:57:00 PM,19967.70,517.93,46384.00
50132,5/2/2024 1:57:10 PM,19967.40,518.30,46383.90
50132,5/2/2024 1:57:20 PM,19966.60,519.10,46384.40
50132,5/2/2024 1:57:30 PM,19965.41,519.36,46384.00
50132,5/2/2024 1:57:40 PM,19966.00,519.48,46383.73
50132,5/2/2024 1:57:50 PM,19965.87,518.77,46383.70
50132,5/2/2024 1:58:00 PM,19965.60,518.23,46383.75
50132,5/2/2024 1:58:10 PM,19965.95,517.47,46383.40
50132,5/2/2024 1:58:20 PM,19966.94,516.93,46383.73
50132,5/2/2024 1:58:30 PM,19966.50,516.46,46383.80
50132,5/2/2024 1:58:40 PM,19966.50,515.80,46384.20
50132,5/2/2024 1:58:50 PM,19966.50,515.34,46384.20
50132,5/2/2024 1:59:00 PM,19966.03,514.24,46384.33
50132,5/2/2024 1:59:10 PM,19966.62,513.55,46384.10
50132,5/2/2024 1:59:20 PM,19966.92,512.67,46384.60
50132,5/2/2024 1:59:30 PM,19967.15,511.85,46384.70
50132,5/2/2024 1:59:40 PM,19967.68,511.77,46384.90
50132,5/2/2024 1:59:50 PM,19967.70,511.98,46384.90
50132,5/2/2024 2:00:00 PM,19966.96,512.34,46385.60
50132,5/2/2024 2:00:10 PM,19966.70,512.10,46385.30
50132,5/2/2024 2:00:20 PM,19967.20,511.60,46385.45
50132,5/2/2024 2:00:30 PM,19966.93,511.31,46385.80
50132,5/2/2024 2:00:40 PM,19966.87,510.83,46385.80
50132,5/2/2024 2:00:50 PM,19967.36,510.13,46385.50
50132,5/2/2024 2:01:00 PM,19967.51,509.84,46386.20
50132,5/2/2024 2:01:10 PM,19967.00,509.28,46385.90
50132,5/2/2024 2:01:20 PM,19967.33,509.20,46386.05
50132,5/2/2024 2:01:30 PM,19967.16,508.90,46386.30
50132,5/2/2024 2:01:40 PM,19966.90,508.18,46386.45
50132,5/2/2024 2:01:50 PM,19966.50,508.10,46386.40
50132,5/2/2024 2:02:00 PM,19966.80,508.40,46386.47
50132,5/2/2024 2:02:10 PM,19966.80,508.70,46386.45
50132,5/2/2024 2:02:20 PM,19966.05,509.11,46386.70
50132,5/2/2024 2:02:30 PM,19965.65,509.30,46386.40
50132,5/2/2024 2:02:40 PM,19965.43,509.47,46386.50
50132,5/2/2024 2:02:50 PM,19964.55,509.88,46386.43
50132,5/2/2024 2:03:00 PM,19964.35,510.66,46386.30
50132,5/2/2024 2:03:10 PM,19964.27,510.76,46386.10
50132,5/2/2024 2:03:20 PM,19964.35,510.83,46386.10
50132,5/2/2024 2:03:30 PM,19963.75,510.58,46386.00
50132,5/2/2024 2:03:40 PM,19963.88,510.20,46386.00
50132,5/2/2024 2:03:50 PM,19963.90,510.80,46385.60
50132,5/2/2024 2:04:00 PM,19962.90,510.80,46386.10
50132,5/2/2024 2:04:10 PM,19962.00,511.04,46385.85
50132,5/2/2024 2:04:20 PM,19961.74,511.70,46385.77
50132,5/2/2024 2:04:30 PM,19960.66,512.55,46385.60
50132,5/2/2024 2:04:40 PM,19960.30,513.00,46385.50
50132,5/2/2024 2:04:50 PM,19960.70,513.00,46384.80
50132,5/2/2024 2:05:00 PM,19961.00,513.00,46384.90
50132,5/2/2024 2:05:10 PM,19960.70,513.90,46384.90
50132,5/2/2024 2:05:20 PM,19959.50,514.90,46385.10
50132,5/2/2024 2:05:30 PM,19958.60,515.70,46384.80
50132,5/2/2024 2:05:40 PM,19958.10,516.20,46384.30
50132,5/2/2024 2:05:50 PM,19957.00,516.70,46384.00
50132,5/2/2024 2:06:00 PM,19956.40,516.90,46383.80
50132,5/2/2024 2:06:10 PM,19955.60,517.00,46383.40
50132,5/2/2024 2:06:20 PM,19955.25,516.72,46383.35
50132,5/2/2024 2:06:30 PM,19954.70,517.35,46383.10
50132,5/2/2024 2:06:40 PM,19954.10,517.00,46382.90
50132,5/2/2024 2:06:50 PM,19954.10,516.77,46382.40
50132,5/2/2024 2:07:00 PM,19954.83,516.88,46382.60
50132,5/2/2024 2:07:10 PM,19954.37,517.15,46382.50
50132,5/2/2024 2:07:20 PM,19954.30,518.02,46382.30
50132,5/2/2024 2:07:30 PM,19953.90,518.24,46382.45
50132,5/2/2024 2:07:40 PM,19952.83,518.30,46382.60
50132,5/2/2024 2:07:50 PM,19952.17,518.00,46382.10
50132,5/2/2024 2:08:00 PM,19952.90,517.30,46381.90
50132,5/2/2024 2:08:10 PM,19952.60,517.10,46381.90
50132,5/2/2024 2:08:20 PM,19951.33,517.37,46382.13
50132,5/2/2024 2:08:30 PM,19950.40,517.73,46381.80
50132,5/2/2024 2:08:40 PM,19949.77,518.00,46381.80
50132,5/2/2024 2:08:50 PM,19948.47,517.57,46381.80
50132,5/2/2024 2:09:00 PM,19948.00,517.15,46381.53
50132,5/2/2024 2:09:10 PM,19947.80,517.90,46381.40
50132,5/2/2024 2:09:20 PM,19947.30,518.10,46381.60
50132,5/2/2024 2:09:30 PM,19947.08,517.65,46381.00
50132,5/2/2024 2:09:40 PM,19946.80,517.20,46381.30
50132,5/2/2024 2:09:50 PM,19946.45,517.40,46381.25
50132,5/2/2024 2:10:00 PM,19946.30,517.56,46381.05
50132,5/2/2024 2:10:10 PM,19946.70,517.64,46380.90
50132,5/2/2024 2:10:20 PM,19945.80,518.20,46381.54
50132,5/2/2024 2:10:30 PM,19943.80,518.10,46381.43
50132,5/2/2024 2:10:40 PM,19943.45,517.50,46381.10
50132,5/2/2024 2:10:50 PM,19943.70,517.20,46380.80
50132,5/2/2024 2:11:00 PM,19943.20,517.40,46381.40
50132,5/2/2024 2:11:10 PM,19942.99,517.63,46380.70
50132,5/2/2024 2:11:20 PM,19943.70,517.60,46380.70
50132,5/2/2024 2:11:30 PM,19943.90,517.63,46380.80
50132,5/2/2024 2:11:40 PM,19944.02,517.32,46380.75
50132,5/2/2024 2:11:50 PM,19944.66,517.20,46380.75
50132,5/2/2024 2:12:00 PM,19944.69,516.50,46381.20
50132,5/2/2024 2:12:10 PM,19944.50,516.05,46380.90
50132,5/2/2024 2:12:20 PM,19944.35,515.50,46381.10
50132,5/2/2024 2:12:30 PM,19943.90,515.15,46381.30
50132,5/2/2024 2:12:40 PM,19943.10,515.24,46381.60
50132,5/2/2024 2:12:50 PM,19943.20,514.70,46381.23
50132,5/2/2024 2:13:00 PM,19943.50,514.58,46381.50
50132,5/2/2024 2:13:10 PM,19943.50,514.70,46381.50
50132,5/2/2024 2:13:20 PM,19943.60,514.74,46381.70
50132,5/2/2024 2:13:30 PM,19943.71,514.70,46381.77
50132,5/2/2024 2:13:40 PM,19943.52,514.86,46382.20
50132,5/2/2024 2:13:50 PM,19943.50,514.30,46381.90
50132,5/2/2024 2:14:00 PM,19944.00,512.96,46381.75
50132,5/2/2024 2:14:10 PM,19944.50,511.70,46382.10
50132,5/2/2024 2:14:20 PM,19944.53,510.89,46382.40
50132,5/2/2024 2:14:30 PM,19944.73,510.65,46382.40
50132,5/2/2024 2:14:40 PM,19944.13,511.02,46383.00
50132,5/2/2024 2:14:50 PM,19943.63,511.40,46382.96
50132,5/2/2024 2:15:00 PM,19943.34,511.13,46382.90
50132,5/2/2024 2:15:10 PM,19943.42,510.73,46382.90
50132,5/2/2024 2:15:20 PM,19943.30,511.30,46383.40
50132,5/2/2024 2:15:30 PM,19942.50,511.90,46383.30
50132,5/2/2024 2:15:40 PM,19941.60,512.70,46383.70
50132,5/2/2024 2:15:50 PM,19940.50,513.20,46383.40
50132,5/2/2024 2:16:00 PM,19939.90,512.60,46383.10
50132,5/2/2024 2:16:10 PM,19940.40,512.10,46382.90
50132,5/2/2024 2:16:20 PM,19940.70,512.17,46383.30
50132,5/2/2024 2:16:30 PM,19940.40,512.40,46383.10
50132,5/2/2024 2:16:40 PM,19940.14,512.15,46383.20
50132,5/2/2024 2:16:50 PM,19940.47,512.27,46383.00
50132,5/2/2024 2:17:00 PM,19940.64,512.57,46383.50
50132,5/2/2024 2:17:10 PM,19940.47,512.80,46383.50
50132,5/2/2024 2:17:20 PM,19940.50,513.96,46383.55
50132,5/2/2024 2:17:30 PM,19940.00,514.80,46383.50
50132,5/2/2024 2:17:40 PM,19939.50,515.10,46383.50
50132,5/2/2024 2:17:50 PM,19939.63,515.23,46383.15
50132,5/2/2024 2:18:00 PM,19939.60,515.24,46383.30
50132,5/2/2024 2:18:10 PM,19939.27,515.12,46382.80
50132,5/2/2024 2:18:20 PM,19939.90,515.30,46383.20
50132,5/2/2024 2:18:30 PM,19939.88,514.87,46383.00
50132,5/2/2024 2:18:40 PM,19939.40,514.50,46383.27
50132,5/2/2024 2:18:50 PM,19939.40,514.24,46383.25
50132,5/2/2024 2:19:00 PM,19939.42,514.49,46383.40
50132,5/2/2024 2:19:10 PM,19939.10,514.83,46383.30
50132,5/2/2024 2:19:20 PM,19938.90,515.23,46383.43
50132,5/2/2024 2:19:30 PM,19938.45,515.98,46383.40
50132,5/2/2024 2:19:40 PM,19938.30,516.53,46383.60
50132,5/2/2024 2:19:50 PM,19938.10,516.93,46383.20
50132,5/2/2024 2:20:00 PM,19937.50,517.67,46383.35
50132,5/2/2024 2:20:10 PM,19936.79,518.60,46383.00
50132,5/2/2024 2:20:20 PM,19936.80,518.86,46382.85
50132,5/2/2024 2:20:30 PM,19936.70,518.49,46382.50
50132,5/2/2024 2:20:40 PM,19937.07,517.90,46382.60
50132,5/2/2024 2:20:50 PM,19938.50,517.76,46382.30
50132,5/2/2024 2:21:00 PM,19939.70,517.70,46382.70
50132,5/2/2024 2:21:10 PM,19939.75,517.50,46383.00
50132,5/2/2024 2:21:20 PM,19939.50,517.13,46383.30
50132,5/2/2024 2:21:30 PM,19939.00,517.52,46383.10
50132,5/2/2024 2:21:40 PM,19937.91,518.15,46383.20
50132,5/2/2024 2:21:50 PM,19936.97,518.80,46383.25
50132,5/2/2024 2:22:00 PM,19936.70,519.50,46383.05
50132,5/2/2024 2:22:10 PM,19936.50,519.50,46382.90
50132,5/2/2024 2:22:20 PM,19936.60,519.20,46382.60
50132,5/2/2024 2:22:30 PM,19936.70,518.70,46382.50
50132,5/2/2024 2:22:40 PM,19937.04,518.43,46382.60
50132,5/2/2024 2:22:50 PM,19937.25,518.22,46382.40
50132,5/2/2024 2:23:00 PM,19937.28,518.33,46382.90
50132,5/2/2024 2:23:10 PM,19936.50,518.22,46382.70
50132,5/2/2024 2:23:20 PM,19935.84,518.42,46383.00
50132,5/2/2024 2:23:30 PM,19935.40,518.63,46382.80
50132,5/2/2024 2:23:40 PM,19935.20,518.50,46382.83
50132,5/2/2024 2:23:50 PM,19935.40,518.50,46382.80
50132,5/2/2024 2:24:00 PM,19935.60,518.50,46382.83
50132,5/2/2024 2:24:10 PM,19935.60,518.60,46382.70
50132,5/2/2024 2:24:20 PM,19935.80,518.72,46382.90
50132,5/2/2024 2:24:30 PM,19935.67,518.48,46383.05
50132,5/2/2024 2:24:40 PM,19935.37,518.65,46383.10
50132,5/2/2024 2:24:50 PM,19935.10,518.90,46383.10
50132,5/2/2024 2:25:00 PM,19934.45,518.60,46383.10
50132,5/2/2024 2:25:10 PM,19934.00,518.38,46383.00
50132,5/2/2024 2:25:20 PM,19933.80,518.50,46383.20
50132,5/2/2024 2:25:30 PM,19932.70,518.60,46383.10
50132,5/2/2024 2:25:40 PM,19931.80,517.80,46383.10
50132,5/2/2024 2:25:50 PM,19932.00,517.60,46382.50
50132,5/2/2024 2:26:00 PM,19932.00,517.40,46382.70
50132,5/2/2024 2:26:10 PM,19932.20,517.40,46382.60
50132,5/2/2024 2:26:20 PM,19932.48,517.80,46382.60
50132,5/2/2024 2:26:30 PM,19932.60,517.95,46382.60
50132,5/2/2024 2:26:40 PM,19932.90,517.45,46382.73
50132,5/2/2024 2:26:50 PM,19933.00,516.50,46382.70
50132,5/2/2024 2:27:00 PM,19933.20,516.06,46383.10
50132,5/2/2024 2:27:10 PM,19933.33,515.61,46383.30
50132,5/2/2024 2:27:20 PM,19933.40,515.43,46383.50
50132,5/2/2024 2:27:30 PM,19933.60,515.15,46383.50
50132,5/2/2024 2:27:40 PM,19933.33,515.07,46383.75
50132,5/2/2024 2:27:50 PM,19932.97,514.70,46383.88
50132,5/2/2024 2:28:00 PM,19932.13,514.80,46383.90
50132,5/2/2024 2:28:10 PM,19931.45,514.78,46384.10
50132,5/2/2024 2:28:20 PM,19931.10,515.27,46384.10
50132,5/2/2024 2:28:30 PM,19931.00,515.80,46383.90
50132,5/2/2024 2:28:40 PM,19930.50,516.00,46383.86
50132,5/2/2024 2:28:50 PM,19930.00,516.08,46383.75
50132,5/2/2024 2:29:00 PM,19929.55,515.82,46383.65
50132,5/2/2024 2:29:10 PM,19929.85,516.00,46383.40
50132,5/2/2024 2:29:20 PM,19929.60,516.70,46383.70
50132,5/2/2024 2:29:30 PM,19928.90,516.83,46383.50
50132,5/2/2024 2:29:40 PM,19928.30,516.46,46383.40
50132,5/2/2024 2:29:50 PM,19928.37,516.70,46383.30
50132,5/2/2024 2:30:00 PM,19928.00,517.05,46383.25
50132,5/2/2024 2:30:10 PM,19927.68,517.10,46382.90
50132,5/2/2024 2:30:20 PM,19927.90,517.10,46382.90
50132,5/2/2024 2:30:30 PM,19927.70,517.55,46382.80
50132,5/2/2024 2:30:40 PM,19927.93,517.90,46382.83
50132,5/2/2024 2:30:50 PM,19928.00,518.10,46382.60
50132,5/2/2024 2:31:00 PM,19927.90,518.60,46382.63
50132,5/2/2024 2:31:10 PM,19927.77,518.70,46382.40
50132,5/2/2024 2:31:20 PM,19928.10,518.70,46382.40
50132,5/2/2024 2:31:30 PM,19928.50,518.45,46382.20
50132,5/2/2024 2:31:40 PM,19928.59,518.20,46382.40
50132,5/2/2024 2:31:50 PM,19929.03,518.00,46382.25
50132,5/2/2024 2:32:00 PM,19929.50,517.26,46382.40
50132,5/2/2024 2:32:10 PM,19929.60,516.61,46382.40
50132,5/2/2024 2:32:20 PM,19930.15,516.55,46382.60
50132,5/2/2024 2:32:30 PM,19930.50,516.65,46382.40
50132,5/2/2024 2:32:40 PM,19930.32,516.53,46382.70
50132,5/2/2024 2:32:50 PM,19930.17,516.70,46382.70
50132,5/2/2024 2:33:00 PM,19929.37,516.97,46382.97
50132,5/2/2024 2:33:10 PM,19929.20,517.59,46382.90
50132,5/2/2024 2:33:20 PM,19929.53,518.23,46382.85
50132,5/2/2024 2:33:30 PM,19929.78,518.56,46382.70
50132,5/2/2024 2:33:40 PM,19929.90,518.78,46382.90
50132,5/2/2024 2:33:50 PM,19929.83,518.70,46382.86
50132,5/2/2024 2:34:00 PM,19929.80,518.20,46382.75
50132,5/2/2024 2:34:10 PM,19929.70,518.12,46382.95
50132,5/2/2024 2:34:20 PM,19929.70,518.16,46382.97
50132,5/2/2024 2:34:30 PM,19929.50,518.02,46382.80
50132,5/2/2024 2:34:40 PM,19929.75,518.24,46382.95
50132,5/2/2024 2:34:50 PM,19929.47,518.67,46383.10
50132,5/2/2024 2:35:00 PM,19929.23,518.60,46383.13
50132,5/2/2024 2:35:10 PM,19929.93,518.80,46383.23
50132,5/2/2024 2:35:20 PM,19930.70,518.80,46383.20
50132,5/2/2024 2:35:30 PM,19931.00,518.40,46383.10
50132,5/2/2024 2:35:40 PM,19931.50,518.00,46383.30
50132,5/2/2024 2:35:50 PM,19931.50,517.90,46383.30
50132,5/2/2024 2:36:00 PM,19931.30,518.10,46383.50
50132,5/2/2024 2:36:10 PM,19930.90,518.00,46383.30
50132,5/2/2024 2:36:20 PM,19930.90,518.23,46383.60
50132,5/2/2024 2:36:30 PM,19931.53,518.60,46383.30
50132,5/2/2024 2:36:40 PM,19931.90,518.60,46383.50
50132,5/2/2024 2:36:50 PM,19931.95,519.15,46383.50
50132,5/2/2024 2:37:00 PM,19931.83,519.00,46383.80
50132,5/2/2024 2:37:10 PM,19931.90,518.70,46383.60
50132,5/2/2024 2:37:20 PM,19931.70,518.33,46383.60
50132,5/2/2024 2:37:30 PM,19931.20,518.10,46383.67
50132,5/2/2024 2:37:40 PM,19931.47,518.28,46383.90
50132,5/2/2024 2:37:50 PM,19931.50,518.78,46383.70
50132,5/2/2024 2:38:00 PM,19930.45,519.72,46384.10
50132,5/2/2024 2:38:10 PM,19930.08,520.55,46383.80
50132,5/2/2024 2:38:20 PM,19930.33,520.94,46383.80
50132,5/2/2024 2:38:30 PM,19931.21,520.50,46383.40
50132,5/2/2024 2:38:40 PM,19931.80,519.60,46383.60
50132,5/2/2024 2:38:50 PM,19932.70,518.92,46383.70
50132,5/2/2024 2:39:00 PM,19933.26,518.80,46384.10
50132,5/2/2024 2:39:10 PM,19932.50,519.93,46384.40
50132,5/2/2024 2:39:20 PM,19932.00,520.80,46384.30
50132,5/2/2024 2:39:30 PM,19931.90,520.90,46383.90
50132,5/2/2024 2:39:40 PM,19931.89,521.50,46384.10
50132,5/2/2024 2:39:50 PM,19931.40,521.70,46383.90
50132,5/2/2024 2:40:00 PM,19932.04,521.10,46383.80
50132,5/2/2024 2:40:10 PM,19932.90,521.10,46383.90
50132,5/2/2024 2:40:20 PM,19932.87,521.30,46384.10
50132,5/2/2024 2:40:30 PM,19933.17,521.07,46383.90
50132,5/2/2024 2:40:40 PM,19933.87,520.51,46384.04
50132,5/2/2024 2:40:50 PM,19934.10,520.30,46384.20
50132,5/2/2024 2:41:00 PM,19934.85,520.72,46384.25
50132,5/2/2024 2:41:10 PM,19936.20,520.98,46384.10
50132,5/2/2024 2:41:20 PM,19936.65,521.20,46384.80
50132,5/2/2024 2:41:30 PM,19936.70,521.15,46384.80
50132,5/2/2024 2:41:40 PM,19937.50,521.45,46385.00
50132,5/2/2024 2:41:50 PM,19937.60,521.10,46385.13
50132,5/2/2024 2:42:00 PM,19937.96,520.40,46385.25
50132,5/2/2024 2:42:10 PM,19938.62,519.87,46385.27
50132,5/2/2024 2:42:20 PM,19939.40,519.30,46385.65
50132,5/2/2024 2:42:30 PM,19939.50,519.40,46385.80
50132,5/2/2024 2:42:40 PM,19939.27,519.70,46386.30
50132,5/2/2024 2:42:50 PM,19939.10,520.14,46386.20
50132,5/2/2024 2:43:00 PM,19939.44,519.50,46386.25
50132,5/2/2024 2:43:10 PM,19940.17,519.37,46386.20
50132,5/2/2024 2:43:20 PM,19941.50,518.72,46386.40
50132,5/2/2024 2:43:30 PM,19941.82,518.87,46386.73
50132,5/2/2024 2:43:40 PM,19941.60,519.64,46387.20
50132,5/2/2024 2:43:50 PM,19941.45,520.00,46387.10
50132,5/2/2024 2:44:00 PM,19941.50,520.30,46387.20
50132,5/2/2024 2:44:10 PM,19941.90,520.20,46387.17
50132,5/2/2024 2:44:20 PM,19942.47,520.20,46387.30
50132,5/2/2024 2:44:30 PM,19942.70,520.20,46387.10
50132,5/2/2024 2:44:40 PM,19942.70,520.30,46387.50
50132,5/2/2024 2:44:50 PM,19943.00,520.50,46387.37
50132,5/2/2024 2:45:00 PM,19943.00,521.06,46387.45
50132,5/2/2024 2:45:10 PM,19943.12,522.04,46387.40
50132,5/2/2024 2:45:20 PM,19942.90,522.50,46387.60
50132,5/2/2024 2:45:30 PM,19942.30,522.40,46387.40
50132,5/2/2024 2:45:40 PM,19941.90,521.70,46387.80
50132,5/2/2024 2:45:50 PM,19942.30,521.70,46387.50
50132,5/2/2024 2:46:00 PM,19941.90,522.20,46387.90
50132,5/2/2024 2:46:10 PM,19941.00,522.70,46387.80
50132,5/2/2024 2:46:20 PM,19940.80,522.40,46387.60
50132,5/2/2024 2:46:30 PM,19940.90,522.60,46387.50
50132,5/2/2024 2:46:40 PM,19940.80,522.80,46387.70
50132,5/2/2024 2:46:50 PM,19940.06,522.67,46387.45
50132,5/2/2024 2:47:00 PM,19939.90,522.83,46387.30
50132,5/2/2024 2:47:10 PM,19939.55,523.27,46387.45
50132,5/2/2024 2:47:20 PM,19939.10,523.50,46387.42
50132,5/2/2024 2:47:30 PM,19938.50,523.23,46386.90
50132,5/2/2024 2:47:40 PM,19938.28,523.00,46387.10
50132,5/2/2024 2:47:50 PM,19937.80,522.28,46386.90
50132,5/2/2024 2:48:00 PM,19937.80,521.53,46386.96
50132,5/2/2024 2:48:10 PM,19938.00,520.80,46386.90
50132,5/2/2024 2:48:20 PM,19938.90,520.74,46386.87
50132,5/2/2024 2:48:30 PM,19938.55,520.78,46386.90
50132,5/2/2024 2:48:40 PM,19938.10,520.38,46387.10
50132,5/2/2024 2:48:50 PM,19938.68,520.17,46386.90
50132,5/2/2024 2:49:00 PM,19939.37,519.58,46387.10
50132,5/2/2024 2:49:10 PM,19939.50,519.00,46387.20
50132,5/2/2024 2:49:20 PM,19940.41,518.50,46387.50
50132,5/2/2024 2:49:30 PM,19941.20,517.84,46387.54
50132,5/2/2024 2:49:40 PM,19941.85,517.20,46387.80
50132,5/2/2024 2:49:50 PM,19942.40,516.30,46387.70
50132,5/2/2024 2:50:00 PM,19943.50,515.33,46388.15
50132,5/2/2024 2:50:10 PM,19944.49,514.00,46388.30
50132,5/2/2024 2:50:20 PM,19945.50,512.55,46388.80
50132,5/2/2024 2:50:30 PM,19946.30,511.50,46389.20
50132,5/2/2024 2:50:40 PM,19947.40,510.90,46389.67
50132,5/2/2024 2:50:50 PM,19947.84,510.23,46390.07
50132,5/2/2024 2:51:00 PM,19948.20,509.30,46390.55
50132,5/2/2024 2:51:10 PM,19948.80,508.50,46390.85
50132,5/2/2024 2:51:20 PM,19949.79,507.67,46391.40
50132,5/2/2024 2:51:30 PM,19950.75,506.76,46391.50
50132,5/2/2024 2:51:40 PM,19951.91,505.79,46392.10
50132,5/2/2024 2:51:50 PM,19953.05,505.37,46392.40
50132,5/2/2024 2:52:00 PM,19953.63,505.20,46393.20
50132,5/2/2024 2:52:10 PM,19954.04,504.70,46393.40
50132,5/2/2024 2:52:20 PM,19954.20,503.64,46393.80
50132,5/2/2024 2:52:30 PM,19954.55,502.74,46394.30
50132,5/2/2024 2:52:40 PM,19954.64,502.20,46394.60
50132,5/2/2024 2:52:50 PM,19954.97,501.20,46394.70
50132,5/2/2024 2:53:00 PM,19955.98,500.03,46395.20
50132,5/2/2024 2:53:10 PM,19956.68,499.18,46395.40
50132,5/2/2024 2:53:20 PM,19957.10,498.20,46396.10
50132,5/2/2024 2:53:30 PM,19957.70,497.97,46396.40
50132,5/2/2024 2:53:40 PM,19957.70,497.85,46396.85
50132,5/2/2024 2:53:50 PM,19957.50,497.10,46397.04
50132,5/2/2024 2:54:00 PM,19957.76,496.28,46397.50
50132,5/2/2024 2:54:10 PM,19958.09,496.05,46397.50
50132,5/2/2024 2:54:20 PM,19957.24,496.03,46398.20
50132,5/2/2024 2:54:30 PM,19956.73,495.60,46398.20
50132,5/2/2024 2:54:40 PM,19957.47,495.37,46398.20
50132,5/2/2024 2:54:50 PM,19958.45,495.33,46398.20
50132,5/2/2024 2:55:00 PM,19959.30,494.20,46398.33
50132,5/2/2024 2:55:10 PM,19960.00,493.60,46398.60
50132,5/2/2024 2:55:20 PM,19960.50,492.80,46399.10
50132,5/2/2024 2:55:30 PM,19960.80,491.60,46399.00
50132,5/2/2024 2:55:40 PM,19961.30,490.50,46399.60
50132,5/2/2024 2:55:50 PM,19961.40,489.50,46399.70
50132,5/2/2024 2:56:00 PM,19961.10,488.60,46400.10
50132,5/2/2024 2:56:10 PM,19960.80,488.00,46400.20
50132,5/2/2024 2:56:20 PM,19960.61,487.91,46400.60
50132,5/2/2024 2:56:30 PM,19960.30,487.55,46400.60
50132,5/2/2024 2:56:40 PM,19960.50,486.92,46400.65
50132,5/2/2024 2:56:50 PM,19960.67,485.82,46400.80
50132,5/2/2024 2:57:00 PM,19960.70,484.93,46400.95
50132,5/2/2024 2:57:10 PM,19960.67,484.09,46401.00
50132,5/2/2024 2:57:20 PM,19960.63,482.63,46401.60
50132,5/2/2024 2:57:30 PM,19960.00,481.74,46401.80
50132,5/2/2024 2:57:40 PM,19959.50,480.96,46401.80
50132,5/2/2024 2:57:50 PM,19959.45,480.60,46401.90
50132,5/2/2024 2:58:00 PM,19959.00,480.30,46402.13
50132,5/2/2024 2:58:10 PM,19958.40,480.10,46402.10
50132,5/2/2024 2:58:20 PM,19958.37,479.30,46402.40
50132,5/2/2024 2:58:30 PM,19958.70,478.68,46402.35
50132,5/2/2024 2:58:40 PM,19958.83,478.02,46402.60
50132,5/2/2024 2:58:50 PM,19959.35,477.65,46402.50
50132,5/2/2024 2:59:00 PM,19959.60,477.80,46402.90
50132,5/2/2024 2:59:10 PM,19959.83,477.68,46403.00
50132,5/2/2024 2:59:20 PM,19959.70,477.20,46403.13
50132,5/2/2024 2:59:30 PM,19959.63,476.77,46403.20
50132,5/2/2024 2:59:40 PM,19959.30,475.93,46403.40
50132,5/2/2024 2:59:50 PM,19959.18,474.78,46403.30
50132,5/2/2024 3:00:00 PM,19959.50,473.74,46403.45
50132,5/2/2024 3:00:10 PM,19960.60,473.23,46403.40
50132,5/2/2024 3:00:20 PM,19960.50,472.85,46404.00
50132,5/2/2024 3:00:30 PM,19960.35,472.60,46403.85
50132,5/2/2024 3:00:40 PM,19960.79,472.27,46404.10
50132,5/2/2024 3:00:50 PM,19961.00,471.75,46404.10
50132,5/2/2024 3:01:00 PM,19960.76,470.90,46404.30
50132,5/2/2024 3:01:10 PM,19961.12,470.26,46404.20
50132,5/2/2024 3:01:20 PM,19961.40,469.30,46404.33
50132,5/2/2024 3:01:30 PM,19962.02,468.60,46404.20
50132,5/2/2024 3:01:40 PM,19961.80,468.18,46404.57
50132,5/2/2024 3:01:50 PM,19961.75,468.08,46404.67
50132,5/2/2024 3:02:00 PM,19961.30,467.85,46404.75
50132,5/2/2024 3:02:10 PM,19961.30,467.43,46404.65
50132,5/2/2024 3:02:20 PM,19961.75,466.91,46404.60
50132,5/2/2024 3:02:30 PM,19962.40,465.71,46404.70
50132,5/2/2024 3:02:40 PM,19962.60,465.00,46405.10
50132,5/2/2024 3:02:50 PM,19963.08,464.70,46404.80
50132,5/2/2024 3:03:00 PM,19963.90,464.69,46405.30
50132,5/2/2024 3:03:10 PM,19964.10,465.03,46405.10
50132,5/2/2024 3:03:20 PM,19964.40,465.07,46405.60
50132,5/2/2024 3:03:30 PM,19964.50,465.00,46405.50
50132,5/2/2024 3:03:40 PM,19964.50,464.59,46405.55
50132,5/2/2024 3:03:50 PM,19964.87,463.73,46405.55
50132,5/2/2024 3:04:00 PM,19964.55,463.07,46405.75
50132,5/2/2024 3:04:10 PM,19963.81,462.43,46405.90
50132,5/2/2024 3:04:20 PM,19963.65,462.12,46405.63
50132,5/2/2024 3:04:30 PM,19963.95,462.37,46405.80
50132,5/2/2024 3:04:40 PM,19963.92,462.79,46405.80
50132,5/2/2024 3:04:50 PM,19964.06,462.67,46405.60
50132,5/2/2024 3:05:00 PM,19964.60,462.60,46405.80
50132,5/2/2024 3:05:10 PM,19964.02,462.57,46405.90
50132,5/2/2024 3:05:20 PM,19963.30,462.40,46405.90
50132,5/2/2024 3:05:30 PM,19963.20,462.60,46405.30
50132,5/2/2024 3:05:40 PM,19963.20,462.80,46405.80
50132,5/2/2024 3:05:50 PM,19962.10,463.20,46405.50
50132,5/2/2024 3:06:00 PM,19961.80,463.50,46405.50
50132,5/2/2024 3:06:10 PM,19961.70,463.50,46405.30
50132,5/2/2024 3:06:20 PM,19961.30,464.16,46405.23
50132,5/2/2024 3:06:30 PM,19960.90,464.50,46404.85
50132,5/2/2024 3:06:40 PM,19960.86,464.33,46404.65
50132,5/2/2024 3:06:50 PM,19960.77,463.97,46404.40
50132,5/2/2024 3:07:00 PM,19960.87,463.63,46404.33
50132,5/2/2024 3:07:10 PM,19961.40,463.02,46404.10
50132,5/2/2024 3:07:20 PM,19961.64,462.80,46404.30
50132,5/2/2024 3:07:30 PM,19961.30,462.31,46404.20
50132,5/2/2024 3:07:40 PM,19961.40,461.80,46404.30
50132,5/2/2024 3:07:50 PM,19961.34,461.13,46404.30
50132,5/2/2024 3:08:00 PM,19960.80,461.20,46404.75
50132,5/2/2024 3:08:10 PM,19960.30,461.20,46404.50
50132,5/2/2024 3:08:20 PM,19960.33,460.58,46404.60
50132,5/2/2024 3:08:30 PM,19959.98,460.45,46404.70
50132,5/2/2024 3:08:40 PM,19959.30,460.22,46404.80
50132,5/2/2024 3:08:50 PM,19959.40,459.71,46404.57
50132,5/2/2024 3:09:00 PM,19959.13,459.56,46404.87
50132,5/2/2024 3:09:10 PM,19958.32,460.20,46404.80
50132,5/2/2024 3:09:20 PM,19957.80,460.34,46404.60
50132,5/2/2024 3:09:30 PM,19957.60,460.60,46404.50
50132,5/2/2024 3:09:40 PM,19957.60,461.13,46404.60
50132,5/2/2024 3:09:50 PM,19957.90,461.50,46403.90
50132,5/2/2024 3:10:00 PM,19958.01,460.90,46404.20
50132,5/2/2024 3:10:10 PM,19957.13,462.50,46404.00
50132,5/2/2024 3:10:20 PM,19954.53,462.95,46404.10
50132,5/2/2024 3:10:30 PM,19953.75,461.64,46403.23
50132,5/2/2024 3:10:40 PM,19953.78,461.50,46403.10
50132,5/2/2024 3:10:50 PM,19952.82,461.55,46402.95
50132,5/2/2024 3:11:00 PM,19953.00,460.43,46402.37
50132,5/2/2024 3:11:10 PM,19954.20,460.16,46402.07
50132,5/2/2024 3:11:20 PM,19954.40,460.30,46402.40
50132,5/2/2024 3:11:30 PM,19955.10,460.35,46402.00
50132,5/2/2024 3:11:40 PM,19956.00,460.30,46402.30
50132,5/2/2024 3:11:50 PM,19955.88,460.60,46402.43
50132,5/2/2024 3:12:00 PM,19955.40,460.05,46402.60
50132,5/2/2024 3:12:10 PM,19955.25,459.08,46402.40
50132,5/2/2024 3:12:20 PM,19956.03,458.20,46402.33
50132,5/2/2024 3:12:30 PM,19957.10,457.74,46402.45
50132,5/2/2024 3:12:40 PM,19957.90,457.10,46402.50
50132,5/2/2024 3:12:50 PM,19958.44,456.80,46402.70
50132,5/2/2024 3:13:00 PM,19958.54,457.14,46403.30
50132,5/2/2024 3:13:10 PM,19958.57,457.60,46403.20
50132,5/2/2024 3:13:20 PM,19959.57,457.20,46403.40
50132,5/2/2024 3:13:30 PM,19960.67,458.08,46403.54
50132,5/2/2024 3:13:40 PM,19960.25,458.51,46403.75
50132,5/2/2024 3:13:50 PM,19960.24,458.14,46403.40
50132,5/2/2024 3:14:00 PM,19960.94,457.28,46403.40
50132,5/2/2024 3:14:10 PM,19961.60,457.60,46403.60
50132,5/2/2024 3:14:20 PM,19960.33,457.65,46404.02
50132,5/2/2024 3:14:30 PM,19960.15,457.43,46403.60
50132,5/2/2024 3:14:40 PM,19960.50,457.90,46403.80
50132,5/2/2024 3:14:50 PM,19959.40,458.41,46403.87
50132,5/2/2024 3:15:00 PM,19959.03,458.40,46403.63
50132,5/2/2024 3:15:10 PM,19958.90,458.33,46403.45
50132,5/2/2024 3:15:20 PM,19958.10,458.40,46403.70
50132,5/2/2024 3:15:30 PM,19957.10,458.60,46403.40
50132,5/2/2024 3:15:40 PM,19957.20,458.20,46403.30
50132,5/2/2024 3:15:50 PM,19957.30,458.60,46403.10
50132,5/2/2024 3:16:00 PM,19957.60,458.60,46403.30
50132,5/2/2024 3:16:10 PM,19958.20,458.20,46402.90
50132,5/2/2024 3:16:20 PM,19958.74,458.10,46403.15
50132,5/2/2024 3:16:30 PM,19959.25,457.92,46403.30
50132,5/2/2024 3:16:40 PM,19960.40,457.62,46403.15
50132,5/2/2024 3:16:50 PM,19961.40,457.60,46403.35
50132,5/2/2024 3:17:00 PM,19961.90,456.57,46403.54
50132,5/2/2024 3:17:10 PM,19962.83,456.20,46403.50
50132,5/2/2024 3:17:20 PM,19963.67,456.16,46403.90
50132,5/2/2024 3:17:30 PM,19964.00,455.70,46404.00
50132,5/2/2024 3:17:40 PM,19964.54,455.40,46404.50
50132,5/2/2024 3:17:50 PM,19965.00,455.15,46404.65
50132,5/2/2024 3:18:00 PM,19965.60,455.07,46404.95
50132,5/2/2024 3:18:10 PM,19966.07,454.98,46405.00
50132,5/2/2024 3:18:20 PM,19966.80,454.70,46405.23
50132,5/2/2024 3:18:30 PM,19967.70,454.00,46405.40
50132,5/2/2024 3:18:40 PM,19967.97,453.47,46405.80
50132,5/2/2024 3:18:50 PM,19968.30,453.60,46405.60
50132,5/2/2024 3:19:00 PM,19968.40,453.95,46406.20
50132,5/2/2024 3:19:10 PM,19968.50,454.25,46406.20
50132,5/2/2024 3:19:20 PM,19968.80,454.67,46406.50
50132,5/2/2024 3:19:30 PM,19969.16,455.45,46406.40
50132,5/2/2024 3:19:40 PM,19969.00,456.11,46406.70
50132,5/2/2024 3:19:50 PM,19968.82,456.53,46406.60
50132,5/2/2024 3:20:00 PM,19968.93,457.05,46406.55
50132,5/2/2024 3:20:10 PM,19969.40,457.40,46406.40
50132,5/2/2024 3:20:20 PM,19969.35,457.01,46406.55
50132,5/2/2024 3:20:30 PM,19970.10,456.83,46406.40
50132,5/2/2024 3:20:40 PM,19970.60,457.17,46406.43
50132,5/2/2024 3:20:50 PM,19970.85,457.40,46406.40
50132,5/2/2024 3:21:00 PM,19971.20,457.06,46406.70
50132,5/2/2024 3:21:10 PM,19971.10,457.00,46406.75
50132,5/2/2024 3:21:20 PM,19971.48,457.20,46406.90
50132,5/2/2024 3:21:30 PM,19972.04,456.63,46406.80
50132,5/2/2024 3:21:40 PM,19972.60,456.80,46406.90
50132,5/2/2024 3:21:50 PM,19972.47,456.62,46406.90
50132,5/2/2024 3:22:00 PM,19972.80,456.33,46407.10
50132,5/2/2024 3:22:10 PM,19973.50,456.08,46407.07
50132,5/2/2024 3:22:20 PM,19973.84,456.22,46407.70
50132,5/2/2024 3:22:30 PM,19973.90,456.27,46407.73
50132,5/2/2024 3:22:40 PM,19974.70,455.91,46407.70
50132,5/2/2024 3:22:50 PM,19975.09,455.50,46407.90
50132,5/2/2024 3:23:00 PM,19975.40,455.40,46408.30
50132,5/2/2024 3:23:10 PM,19975.58,455.77,46408.40
50132,5/2/2024 3:23:20 PM,19976.20,455.17,46408.50
50132,5/2/2024 3:23:30 PM,19976.93,455.00,46408.30
50132,5/2/2024 3:23:40 PM,19977.50,454.55,46408.70
50132,5/2/2024 3:23:50 PM,19978.05,454.08,46408.70
50132,5/2/2024 3:24:00 PM,19978.50,453.55,46408.90
50132,5/2/2024 3:24:10 PM,19978.90,453.23,46409.15
50132,5/2/2024 3:24:20 PM,19978.95,452.95,46409.37
50132,5/2/2024 3:24:30 PM,19979.45,452.46,46409.45
50132,5/2/2024 3:24:40 PM,19979.90,452.02,46409.80
50132,5/2/2024 3:24:50 PM,19980.73,451.80,46409.60
50132,5/2/2024 3:25:00 PM,19981.55,451.25,46409.97
50132,5/2/2024 3:25:10 PM,19982.10,450.97,46410.23
50132,5/2/2024 3:25:20 PM,19982.70,450.60,46410.40
50132,5/2/2024 3:25:30 PM,19983.30,450.30,46410.50
50132,5/2/2024 3:25:40 PM,19983.70,450.40,46411.00
50132,5/2/2024 3:25:50 PM,19984.00,450.70,46411.10
50132,5/2/2024 3:26:00 PM,19984.10,450.80,46411.50
50132,5/2/2024 3:26:10 PM,19983.60,451.00,46411.50
50132,5/2/2024 3:26:20 PM,19983.00,451.30,46411.90
50132,5/2/2024 3:26:30 PM,19982.90,451.30,46411.60
50132,5/2/2024 3:26:40 PM,19982.97,451.09,46411.80
50132,5/2/2024 3:26:50 PM,19983.00,450.82,46411.70
50132,5/2/2024 3:27:00 PM,19983.40,450.70,46411.90
50132,5/2/2024 3:27:10 PM,19984.43,451.02,46411.80
50132,5/2/2024 3:27:20 PM,19984.77,451.10,46412.15
50132,5/2/2024 3:27:30 PM,19985.00,451.10,46412.20
50132,5/2/2024 3:27:40 PM,19985.80,451.25,46412.35
50132,5/2/2024 3:27:50 PM,19986.02,451.11,46412.40
50132,5/2/2024 3:28:00 PM,19986.24,450.68,46412.75
50132,5/2/2024 3:28:10 PM,19986.75,450.46,46412.85
50132,5/2/2024 3:28:20 PM,19987.20,450.20,46413.20
50132,5/2/2024 3:28:30 PM,19987.45,450.00,46413.20
50132,5/2/2024 3:28:40 PM,19987.83,449.17,46413.40
50132,5/2/2024 3:28:50 PM,19988.33,448.85,46413.30
50132,5/2/2024 3:29:00 PM,19988.80,448.63,46413.70
50132,5/2/2024 3:29:10 PM,19988.90,448.35,46413.90
50132,5/2/2024 3:29:20 PM,19988.90,448.20,46414.10
50132,5/2/2024 3:29:30 PM,19988.90,448.25,46414.30
50132,5/2/2024 3:29:40 PM,19988.73,448.30,46414.70
50132,5/2/2024 3:29:50 PM,19988.70,448.61,46414.40
50132,5/2/2024 3:30:00 PM,19989.05,448.90,46414.60
50132,5/2/2024 3:30:10 PM,19989.30,449.00,46414.30
50132,5/2/2024 3:30:20 PM,19989.50,449.59,46414.73
50132,5/2/2024 3:30:30 PM,19989.98,450.00,46414.60
50132,5/2/2024 3:30:40 PM,19990.50,449.95,46414.80
50132,5/2/2024 3:30:50 PM,19991.20,449.80,46414.53
50132,5/2/2024 3:31:00 PM,19991.90,449.80,46414.90
50132,5/2/2024 3:31:10 PM,19992.70,449.70,46414.80
50132,5/2/2024 3:31:20 PM,19992.90,449.66,46415.07
50132,5/2/2024 3:31:30 PM,19993.30,449.42,46414.90
50132,5/2/2024 3:31:40 PM,19993.93,449.35,46415.20
50132,5/2/2024 3:31:50 PM,19994.60,449.20,46415.20
50132,5/2/2024 3:32:00 PM,19995.45,448.75,46415.45
50132,5/2/2024 3:32:10 PM,19995.97,448.70,46415.60
50132,5/2/2024 3:32:20 PM,19995.60,448.30,46415.90
50132,5/2/2024 3:32:30 PM,19995.40,448.30,46415.90
50132,5/2/2024 3:32:40 PM,19994.88,448.35,46416.50
50132,5/2/2024 3:32:50 PM,19993.55,448.64,46416.50
50132,5/2/2024 3:33:00 PM,19992.80,448.90,46416.35
50132,5/2/2024 3:33:10 PM,19991.30,448.95,46416.30
50132,5/2/2024 3:33:20 PM,19990.10,448.53,46416.38
50132,5/2/2024 3:33:30 PM,19989.03,448.25,46416.00
50132,5/2/2024 3:33:40 PM,19988.64,448.33,46416.10
50132,5/2/2024 3:33:50 PM,19988.11,448.30,46415.90
50132,5/2/2024 3:34:00 PM,19987.26,448.30,46415.83
50132,5/2/2024 3:34:10 PM,19987.47,448.30,46415.50
50132,5/2/2024 3:34:20 PM,19988.78,448.00,46415.54
50132,5/2/2024 3:34:30 PM,19990.13,447.30,46415.60
50132,5/2/2024 3:34:40 PM,19991.04,446.59,46415.95
50132,5/2/2024 3:34:50 PM,19992.54,446.05,46416.00
50132,5/2/2024 3:35:00 PM,19995.00,444.55,46416.50
50132,5/2/2024 3:35:10 PM,19996.96,442.92,46416.70
50132,5/2/2024 3:35:20 PM,19997.80,441.60,46418.00
50132,5/2/2024 3:35:30 PM,19998.50,441.00,46418.40
50132,5/2/2024 3:35:40 PM,20000.10,440.30,46419.00
50132,5/2/2024 3:35:50 PM,20002.30,439.50,46419.30
50132,5/2/2024 3:36:00 PM,20004.10,438.20,46420.10
50132,5/2/2024 3:36:10 PM,20006.20,437.10,46420.40
50132,5/2/2024 3:36:20 PM,20007.00,435.95,46421.60
50132,5/2/2024 3:36:30 PM,20007.00,435.20,46422.15
50132,5/2/2024 3:36:40 PM,20007.25,434.27,46422.70
50132,5/2/2024 3:36:50 PM,20007.53,434.07,46422.90
50132,5/2/2024 3:37:00 PM,20007.37,434.10,46423.50
50132,5/2/2024 3:37:10 PM,20007.05,434.27,46423.60
50132,5/2/2024 3:37:20 PM,20006.40,434.81,46423.90
50132,5/2/2024 3:37:30 PM,20005.20,435.72,46424.10
50132,5/2/2024 3:37:40 PM,20003.80,437.05,46424.20
50132,5/2/2024 3:37:50 PM,20002.12,437.50,46423.90
50132,5/2/2024 3:38:00 PM,20001.00,437.40,46423.73
50132,5/2/2024 3:38:10 PM,20000.23,436.49,46423.40
50132,5/2/2024 3:38:20 PM,19998.94,435.80,46423.45
50132,5/2/2024 3:38:30 PM,19996.80,436.20,46423.40
50132,5/2/2024 3:38:40 PM,19994.60,436.10,46423.33
50132,5/2/2024 3:38:50 PM,19992.37,436.30,46423.10
50132,5/2/2024 3:39:00 PM,19991.30,435.87,46422.73
50132,5/2/2024 3:39:10 PM,19991.05,435.52,46422.43
50132,5/2/2024 3:39:20 PM,19991.90,434.90,46422.45
50132,5/2/2024 3:39:30 PM,19993.05,434.10,46422.40
50132,5/2/2024 3:39:40 PM,19994.90,432.87,46422.60
50132,5/2/2024 3:39:50 PM,19996.90,431.77,46422.90
50132,5/2/2024 3:40:00 PM,19997.93,430.30,46423.50
50132,5/2/2024 3:40:10 PM,19999.60,428.40,46423.60
50132,5/2/2024 3:40:20 PM,20002.13,426.60,46424.17
50132,5/2/2024 3:40:30 PM,20004.00,426.15,46424.95
50132,5/2/2024 3:40:40 PM,20006.00,426.42,46425.80
50132,5/2/2024 3:40:50 PM,20009.57,424.95,46425.70
50132,5/2/2024 3:41:00 PM,20016.10,422.17,46426.10
50132,5/2/2024 3:41:10 PM,20023.38,419.40,46427.10
50132,5/2/2024 3:41:20 PM,20026.30,417.90,46429.30
50132,5/2/2024 3:41:30 PM,20024.70,418.83,46431.05
50132,5/2/2024 3:41:40 PM,20024.84,418.90,46431.40
50132,5/2/2024 3:41:50 PM,20024.10,419.73,46431.85
50132,5/2/2024 3:42:00 PM,20019.50,423.10,46433.20
50132,5/2/2024 3:42:10 PM,20013.35,427.17,46432.60
50132,5/2/2024 3:42:20 PM,20009.00,431.20,46431.65
50132,5/2/2024 3:42:30 PM,20004.50,436.50,46431.13
50132,5/2/2024 3:42:40 PM,20000.04,440.45,46430.00
50132,5/2/2024 3:42:50 PM,19997.08,443.00,46428.00
50132,5/2/2024 3:43:00 PM,19994.88,444.64,46426.90
50132,5/2/2024 3:43:10 PM,19993.00,445.34,46425.75
50132,5/2/2024 3:43:20 PM,19992.67,444.91,46424.23
50132,5/2/2024 3:43:30 PM,19993.60,444.94,46423.20
50132,5/2/2024 3:43:40 PM,19994.00,444.66,46422.96
50132,5/2/2024 3:43:50 PM,19994.88,444.30,46422.20
50132,5/2/2024 3:44:00 PM,19996.46,444.07,46421.95
50132,5/2/2024 3:44:10 PM,19997.64,443.95,46421.85
50132,5/2/2024 3:44:20 PM,19998.20,443.50,46421.80
50132,5/2/2024 3:44:30 PM,19998.85,443.43,46421.60
50132,5/2/2024 3:44:40 PM,20000.00,443.47,46421.54
50132,5/2/2024 3:44:50 PM,20000.60,443.20,46421.40
50132,5/2/2024 3:45:00 PM,20001.25,443.38,46421.60
50132,5/2/2024 3:45:10 PM,20002.27,443.20,46421.54
50132,5/2/2024 3:45:20 PM,20003.30,443.20,46421.60
50132,5/2/2024 3:45:30 PM,20004.10,443.20,46421.40
50132,5/2/2024 3:45:40 PM,20005.00,443.20,46421.70
50132,5/2/2024 3:45:50 PM,20006.00,443.40,46421.70
50132,5/2/2024 3:46:00 PM,20006.90,443.80,46421.90
50132,5/2/2024 3:46:10 PM,20007.30,444.30,46421.80
50132,5/2/2024 3:46:20 PM,20007.31,444.67,46422.30
50132,5/2/2024 3:46:30 PM,20007.39,445.21,46422.20
50132,5/2/2024 3:46:40 PM,20007.40,445.73,46422.30
50132,5/2/2024 3:46:50 PM,20007.60,446.02,46422.10
50132,5/2/2024 3:47:00 PM,20007.20,446.75,46422.30
50132,5/2/2024 3:47:10 PM,20005.40,447.54,46422.30
50132,5/2/2024 3:47:20 PM,20003.67,448.70,46422.23
50132,5/2/2024 3:47:30 PM,20002.78,449.30,46421.70
50132,5/2/2024 3:47:40 PM,20002.10,448.94,46421.30
50132,5/2/2024 3:47:50 PM,20001.10,448.80,46420.90
50132,5/2/2024 3:48:00 PM,20001.20,448.44,46420.85
50132,5/2/2024 3:48:10 PM,20001.37,448.00,46420.40
50132,5/2/2024 3:48:20 PM,20002.02,447.60,46420.32
50132,5/2/2024 3:48:30 PM,20001.68,447.58,46420.20
50132,5/2/2024 3:48:40 PM,20001.20,447.14,46420.40
50132,5/2/2024 3:48:50 PM,20000.50,446.57,46420.10
50132,5/2/2024 3:49:00 PM,19999.89,445.57,46420.50
50132,5/2/2024 3:49:10 PM,19999.50,444.25,46420.30
50132,5/2/2024 3:49:20 PM,19999.90,442.60,46420.40
50132,5/2/2024 3:49:30 PM,20000.50,441.40,46420.40
50132,5/2/2024 3:49:40 PM,20000.96,440.38,46421.00
50132,5/2/2024 3:49:50 PM,20001.37,439.60,46421.30
50132,5/2/2024 3:50:00 PM,20001.24,438.50,46421.65
50132,5/2/2024 3:50:10 PM,20001.50,438.00,46421.80
50132,5/2/2024 3:50:20 PM,20001.90,437.33,46422.25
50132,5/2/2024 3:50:30 PM,20002.10,436.80,46422.60
50132,5/2/2024 3:50:40 PM,20002.25,436.50,46423.00
50132,5/2/2024 3:50:50 PM,20002.32,436.50,46423.10
50132,5/2/2024 3:51:00 PM,20002.15,436.83,46423.25
50132,5/2/2024 3:51:10 PM,20001.60,437.16,46423.50
50132,5/2/2024 3:51:20 PM,20000.80,437.10,46423.73
50132,5/2/2024 3:51:30 PM,20000.20,437.61,46423.55
50132,5/2/2024 3:51:40 PM,19999.93,437.57,46423.70
50132,5/2/2024 3:51:50 PM,19999.55,437.10,46423.70
50132,5/2/2024 3:52:00 PM,19999.30,436.17,46423.60
50132,5/2/2024 3:52:10 PM,19999.90,435.56,46423.50
50132,5/2/2024 3:52:20 PM,20001.10,435.20,46423.80
50132,5/2/2024 3:52:30 PM,20001.95,434.69,46423.90
50132,5/2/2024 3:52:40 PM,20002.40,434.46,46424.25
50132,5/2/2024 3:52:50 PM,20002.70,434.34,46424.55
50132,5/2/2024 3:53:00 PM,20003.30,434.25,46424.75
50132,5/2/2024 3:53:10 PM,20003.65,434.37,46424.70
50132,5/2/2024 3:53:20 PM,20003.80,434.40,46425.10
50132,5/2/2024 3:53:30 PM,20003.70,434.70,46425.30
50132,5/2/2024 3:53:40 PM,20003.90,434.70,46425.40
50132,5/2/2024 3:53:50 PM,20004.30,434.50,46425.40
50132,5/2/2024 3:54:00 PM,20004.64,434.23,46425.40
50132,5/2/2024 3:54:10 PM,20005.30,433.95,46425.40
50132,5/2/2024 3:54:20 PM,20006.03,433.91,46425.63
50132,5/2/2024 3:54:30 PM,20006.65,434.08,46425.70
50132,5/2/2024 3:54:40 PM,20007.21,433.90,46426.00
50132,5/2/2024 3:54:50 PM,20007.52,433.93,46425.80
50132,5/2/2024 3:55:00 PM,20007.60,434.35,46426.10
50132,5/2/2024 3:55:10 PM,20007.30,434.70,46426.00
50132,5/2/2024 3:55:20 PM,20007.40,435.30,46426.20
50132,5/2/2024 3:55:30 PM,20007.30,435.80,46426.00
50132,5/2/2024 3:55:40 PM,20007.10,436.30,46426.10
50132,5/2/2024 3:55:50 PM,20006.70,437.10,46425.80
50132,5/2/2024 3:56:00 PM,20006.40,437.40,46425.90
50132,5/2/2024 3:56:10 PM,20005.60,437.60,46425.70
50132,5/2/2024 3:56:20 PM,20005.05,438.01,46425.80
50132,5/2/2024 3:56:30 PM,20004.78,438.20,46425.30
50132,5/2/2024 3:56:40 PM,20004.20,438.45,46425.40
50132,5/2/2024 3:56:50 PM,20004.17,438.40,46425.04
50132,5/2/2024 3:57:00 PM,20004.23,438.33,46424.83
50132,5/2/2024 3:57:10 PM,20004.27,438.25,46424.67
50132,5/2/2024 3:57:20 PM,20004.40,438.30,46424.90
50132,5/2/2024 3:57:30 PM,20004.10,438.58,46424.50
50132,5/2/2024 3:57:40 PM,20003.91,438.65,46424.65
50132,5/2/2024 3:57:50 PM,20003.52,438.70,46424.60
50132,5/2/2024 3:58:00 PM,20003.70,438.57,46424.46
50132,5/2/2024 3:58:10 PM,20004.10,438.40,46424.30
50132,5/2/2024 3:58:20 PM,20004.75,437.60,46424.40
50132,5/2/2024 3:58:30 PM,20005.60,436.90,46424.20
50132,5/2/2024 3:58:40 PM,20007.10,436.20,46424.33
50132,5/2/2024 3:58:50 PM,20008.07,435.30,46424.50
50132,5/2/2024 3:59:00 PM,20008.33,434.43,46425.10
50132,5/2/2024 3:59:10 PM,20009.16,434.10,46424.96
50132,5/2/2024 3:59:20 PM,20009.95,433.90,46425.40
50132,5/2/2024 3:59:30 PM,20010.00,433.54,46425.50
50132,5/2/2024 3:59:40 PM,20009.50,433.40,46425.80
50132,5/2/2024 3:59:50 PM,20009.40,433.35,46426.04
50132,5/2/2024 4:00:00 PM,20009.20,433.45,46426.10
50132,5/2/2024 4:00:10 PM,20008.60,433.67,46426.40
50132,5/2/2024 4:00:20 PM,20008.40,433.70,46426.60
50132,5/2/2024 4:00:30 PM,20008.30,433.70,46426.45
50132,5/2/2024 4:00:40 PM,20008.03,433.77,46426.60
50132,5/2/2024 4:00:50 PM,20007.80,433.90,46426.60
50132,5/2/2024 4:01:00 PM,20008.00,434.14,46426.70
50132,5/2/2024 4:01:10 PM,20008.00,434.55,46426.40
50132,5/2/2024 4:01:20 PM,20007.56,434.84,46426.90
50132,5/2/2024 4:01:30 PM,20006.80,435.04,46426.85
50132,5/2/2024 4:01:40 PM,20006.40,435.30,46426.73
50132,5/2/2024 4:01:50 PM,20006.30,435.30,46426.70
50132,5/2/2024 4:02:00 PM,20006.26,435.20,46426.90
50132,5/2/2024 4:02:10 PM,20006.45,435.02,46426.70
50132,5/2/2024 4:02:20 PM,20007.00,434.75,46426.60
50132,5/2/2024 4:02:30 PM,20007.85,435.00,46426.50
50132,5/2/2024 4:02:40 PM,20008.30,434.54,46426.70
50132,5/2/2024 4:02:50 PM,20008.01,434.50,46426.70
50132,5/2/2024 4:03:00 PM,20007.80,434.96,46427.04
50132,5/2/2024 4:03:10 PM,20007.07,435.50,46427.10
50132,5/2/2024 4:03:20 PM,20006.24,435.83,46427.20
50132,5/2/2024 4:03:30 PM,20005.83,436.13,46426.90
50132,5/2/2024 4:03:40 PM,20005.47,436.63,46427.10
50132,5/2/2024 4:03:50 PM,20004.92,437.00,46426.70
50132,5/2/2024 4:04:00 PM,20005.00,437.41,46426.63
50132,5/2/2024 4:04:10 PM,20005.33,437.60,46426.40
50132,5/2/2024 4:04:20 PM,20005.25,437.46,46426.45
50132,5/2/2024 4:04:30 PM,20005.42,437.20,46426.30
50132,5/2/2024 4:04:40 PM,20005.74,437.10,46426.30
50132,5/2/2024 4:04:50 PM,20005.80,437.20,46426.20
50132,5/2/2024 4:05:00 PM,20005.90,437.50,46426.30
50132,5/2/2024 4:05:10 PM,20005.70,437.57,46426.15
50132,5/2/2024 4:05:20 PM,20005.60,437.70,46426.40
50132,5/2/2024 4:05:30 PM,20005.50,438.00,46426.00
50132,5/2/2024 4:05:40 PM,20005.30,438.20,46426.30
50132,5/2/2024 4:05:50 PM,20004.50,438.40,46426.00
50132,5/2/2024 4:06:00 PM,20004.10,438.40,46426.20
50132,5/2/2024 4:06:10 PM,20004.10,438.80,46425.80
50132,5/2/2024 4:06:20 PM,20003.13,439.22,46426.15
50132,5/2/2024 4:06:30 PM,20002.88,439.83,46426.10
50132,5/2/2024 4:06:40 PM,20003.10,440.10,46425.73
50132,5/2/2024 4:06:50 PM,20003.20,440.64,46425.80
50132,5/2/2024 4:07:00 PM,20002.80,440.79,46425.80
50132,5/2/2024 4:07:10 PM,20002.66,440.71,46425.30
50132,5/2/2024 4:07:20 PM,20003.20,440.55,46425.35
50132,5/2/2024 4:07:30 PM,20003.10,440.48,46425.40
50132,5/2/2024 4:07:40 PM,20002.90,440.37,46425.60
50132,5/2/2024 4:07:50 PM,20002.99,440.10,46425.20
50132,5/2/2024 4:08:00 PM,20003.10,439.91,46425.70
50132,5/2/2024 4:08:10 PM,20002.98,439.76,46425.60
50132,5/2/2024 4:08:20 PM,20003.33,439.95,46425.80
50132,5/2/2024 4:08:30 PM,20003.40,440.07,46425.70
50132,5/2/2024 4:08:40 PM,20003.07,440.00,46426.10
50132,5/2/2024 4:08:50 PM,20002.80,440.70,46426.10
50132,5/2/2024 4:09:00 PM,20002.60,440.85,46426.10
50132,5/2/2024 4:09:10 PM,20002.26,441.10,46425.96
50132,5/2/2024 4:09:20 PM,20001.80,441.40,46426.10
50132,5/2/2024 4:09:30 PM,20001.43,441.65,46425.90
50132,5/2/2024 4:09:40 PM,20001.08,442.19,46426.10
50132,5/2/2024 4:09:50 PM,20000.80,442.64,46425.95
50132,5/2/2024 4:10:00 PM,20000.86,443.07,46425.95
50132,5/2/2024 4:10:10 PM,20001.20,443.55,46425.65
50132,5/2/2024 4:10:20 PM,20001.40,443.62,46425.55
50132,5/2/2024 4:10:30 PM,20001.46,444.00,46425.40
50132,5/2/2024 4:10:40 PM,20001.60,444.35,46425.63
50132,5/2/2024 4:10:50 PM,20001.49,444.85,46425.40
50132,5/2/2024 4:11:00 PM,20001.30,445.30,46425.54
50132,5/2/2024 4:11:10 PM,20000.70,445.45,46425.40
50132,5/2/2024 4:11:20 PM,20000.30,445.91,46425.60
50132,5/2/2024 4:11:30 PM,20000.20,446.33,46425.45
50132,5/2/2024 4:11:40 PM,20000.30,446.80,46425.30
50132,5/2/2024 4:11:50 PM,20000.60,446.98,46425.00
50132,5/2/2024 4:12:00 PM,20000.67,447.24,46425.10
50132,5/2/2024 4:12:10 PM,20001.03,447.33,46425.00
50132,5/2/2024 4:12:20 PM,20001.60,447.30,46425.20
50132,5/2/2024 4:12:30 PM,20002.28,447.20,46424.90
50132,5/2/2024 4:12:40 PM,20003.20,446.75,46425.20
50132,5/2/2024 4:12:50 PM,20004.21,446.35,46425.00
50132,5/2/2024 4:13:00 PM,20005.24,446.02,46425.40
50132,5/2/2024 4:13:10 PM,20005.40,445.75,46425.70
50132,5/2/2024 4:13:20 PM,20005.63,445.55,46425.90
50132,5/2/2024 4:13:30 PM,20005.83,445.66,46425.90
50132,5/2/2024 4:13:40 PM,20006.00,445.80,46426.40
50132,5/2/2024 4:13:50 PM,20006.15,446.00,46425.90
50132,5/2/2024 4:14:00 PM,20006.30,446.13,46426.30
50132,5/2/2024 4:14:10 PM,20006.97,446.30,46426.40
50132,5/2/2024 4:14:20 PM,20008.40,446.33,46426.45
50132,5/2/2024 4:14:30 PM,20009.62,446.00,46426.57
50132,5/2/2024 4:14:40 PM,20009.72,445.79,46427.10
50132,5/2/2024 4:14:50 PM,20008.60,446.37,46427.40
50132,5/2/2024 4:15:00 PM,20006.90,446.99,46427.70
50132,5/2/2024 4:15:10 PM,20005.50,447.73,46427.40
50132,5/2/2024 4:15:20 PM,20004.70,448.50,46427.40
50132,5/2/2024 4:15:30 PM,20003.90,449.50,46427.10
50132,5/2/2024 4:15:40 PM,20003.50,449.90,46427.10
50132,5/2/2024 4:15:50 PM,20002.60,450.70,46426.70
50132,5/2/2024 4:16:00 PM,20001.70,450.80,46426.70
50132,5/2/2024 4:16:10 PM,20001.10,451.00,46426.30
50132,5/2/2024 4:16:20 PM,20001.33,451.30,46426.30
50132,5/2/2024 4:16:30 PM,20001.60,451.46,46426.00
50132,5/2/2024 4:16:40 PM,20001.60,451.46,46426.05
50132,5/2/2024 4:16:50 PM,20001.90,451.26,46425.80
50132,5/2/2024 4:17:00 PM,20002.90,450.90,46425.90
50132,5/2/2024 4:17:10 PM,20003.60,450.70,46425.90
50132,5/2/2024 4:17:20 PM,20003.97,450.55,46426.10
50132,5/2/2024 4:17:30 PM,20004.20,450.20,46426.00
50132,5/2/2024 4:17:40 PM,20004.23,449.91,46426.30
50132,5/2/2024 4:17:50 PM,20004.13,449.72,46426.20
50132,5/2/2024 4:18:00 PM,20004.60,449.50,46426.40
50132,5/2/2024 4:18:10 PM,20005.49,449.37,46426.25
50132,5/2/2024 4:18:20 PM,20006.36,449.10,46426.60
50132,5/2/2024 4:18:30 PM,20007.06,448.78,46426.55
50132,5/2/2024 4:18:40 PM,20007.87,448.50,46426.57
50132,5/2/2024 4:18:50 PM,20008.50,448.00,46426.70
50132,5/2/2024 4:19:00 PM,20008.80,447.80,46427.10
50132,5/2/2024 4:19:10 PM,20009.30,447.70,46427.40
50132,5/2/2024 4:19:20 PM,20009.43,447.47,46427.70
50132,5/2/2024 4:19:30 PM,20009.53,447.53,46427.80
50132,5/2/2024 4:19:40 PM,20009.40,447.95,46428.10
50132,5/2/2024 4:19:50 PM,20009.10,448.30,46428.10
50132,5/2/2024 4:20:00 PM,20009.10,448.35,46428.20
50132,5/2/2024 4:20:10 PM,20009.20,448.70,46428.45
50132,5/2/2024 4:20:20 PM,20009.50,448.68,46428.50
50132,5/2/2024 4:20:30 PM,20010.00,448.80,46428.00
50132,5/2/2024 4:20:40 PM,20010.80,449.02,46428.25
50132,5/2/2024 4:20:50 PM,20011.20,449.36,46428.30
50132,5/2/2024 4:21:00 PM,20011.53,449.35,46428.60
50132,5/2/2024 4:21:10 PM,20011.70,449.50,46428.45
50132,5/2/2024 4:21:20 PM,20012.15,449.66,46428.60
50132,5/2/2024 4:21:30 PM,20012.05,449.70,46428.70
50132,5/2/2024 4:21:40 PM,20011.90,449.50,46428.80
50132,5/2/2024 4:21:50 PM,20011.50,449.53,46428.70
50132,5/2/2024 4:22:00 PM,20011.50,449.78,46428.93
50132,5/2/2024 4:22:10 PM,20011.50,449.96,46428.80
50132,5/2/2024 4:22:20 PM,20012.00,450.08,46428.95
50132,5/2/2024 4:22:30 PM,20012.10,450.30,46428.96
50132,5/2/2024 4:22:40 PM,20012.02,450.13,46429.13
50132,5/2/2024 4:22:50 PM,20012.10,450.00,46429.27
50132,5/2/2024 4:23:00 PM,20012.50,449.96,46429.30
50132,5/2/2024 4:23:10 PM,20012.50,449.80,46429.30
50132,5/2/2024 4:23:20 PM,20013.00,449.72,46429.60
50132,5/2/2024 4:23:30 PM,20013.88,449.60,46429.70
50132,5/2/2024 4:23:40 PM,20014.70,449.70,46429.85
50132,5/2/2024 4:23:50 PM,20015.40,449.58,46429.90
50132,5/2/2024 4:24:00 PM,20016.20,449.65,46430.10
50132,5/2/2024 4:24:10 PM,20016.77,449.59,46430.35
50132,5/2/2024 4:24:20 PM,20017.00,449.80,46430.40
50132,5/2/2024 4:24:30 PM,20017.10,449.85,46430.60
50132,5/2/2024 4:24:40 PM,20017.30,449.80,46430.80
50132,5/2/2024 4:24:50 PM,20017.35,450.00,46430.75
50132,5/2/2024 4:25:00 PM,20017.75,450.16,46430.80
50132,5/2/2024 4:25:10 PM,20017.87,450.06,46430.87
50132,5/2/2024 4:25:20 PM,20017.90,450.00,46431.10
50132,5/2/2024 4:25:30 PM,20017.90,449.80,46430.90
50132,5/2/2024 4:25:40 PM,20017.70,449.90,46431.20
50132,5/2/2024 4:25:50 PM,20017.80,450.00,46431.00
50132,5/2/2024 4:26:00 PM,20017.80,450.10,46431.10
50132,5/2/2024 4:26:10 PM,20017.70,450.60,46430.90
50132,5/2/2024 4:26:20 PM,20017.60,451.15,46431.10
50132,5/2/2024 4:26:30 PM,20017.30,451.52,46431.05
50132,5/2/2024 4:26:40 PM,20017.10,451.80,46430.90
50132,5/2/2024 4:26:50 PM,20016.72,451.62,46430.70
50132,5/2/2024 4:27:00 PM,20017.60,451.60,46430.70
50132,5/2/2024 4:27:10 PM,20018.43,451.95,46430.60
50132,5/2/2024 4:27:20 PM,20019.20,452.10,46430.65
50132,5/2/2024 4:27:30 PM,20020.73,451.66,46430.60
50132,5/2/2024 4:27:40 PM,20021.90,450.96,46430.80
50132,5/2/2024 4:27:50 PM,20023.00,450.19,46431.04
50132,5/2/2024 4:28:00 PM,20022.80,449.36,46431.25
50132,5/2/2024 4:28:10 PM,20022.25,449.55,46431.55
50132,5/2/2024 4:28:20 PM,20020.60,450.88,46431.70
50132,5/2/2024 4:28:30 PM,20018.70,452.55,46431.70
50132,5/2/2024 4:28:40 PM,20017.53,454.00,46431.46
50132,5/2/2024 4:28:50 PM,20016.40,454.80,46431.00
50132,5/2/2024 4:29:00 PM,20014.70,454.23,46431.20
50132,5/2/2024 4:29:10 PM,20013.90,454.00,46430.50
50132,5/2/2024 4:29:20 PM,20013.75,453.80,46430.20
50132,5/2/2024 4:29:30 PM,20013.75,453.93,46429.90
50132,5/2/2024 4:29:40 PM,20013.70,454.10,46429.95
50132,5/2/2024 4:29:50 PM,20013.80,453.70,46429.43
50132,5/2/2024 4:30:00 PM,20014.60,453.20,46429.60
50132,5/2/2024 4:30:10 PM,20015.37,452.56,46429.35
50132,5/2/2024 4:30:20 PM,20016.00,452.05,46429.50
50132,5/2/2024 4:30:30 PM,20016.00,452.06,46429.45
50132,5/2/2024 4:30:40 PM,20016.20,452.44,46429.70
50132,5/2/2024 4:30:50 PM,20016.10,452.90,46429.40
50132,5/2/2024 4:31:00 PM,20016.43,453.28,46429.60
50132,5/2/2024 4:31:10 PM,20016.88,453.70,46429.60
50132,5/2/2024 4:31:20 PM,20016.45,454.29,46429.70
50132,5/2/2024 4:31:30 PM,20016.08,454.98,46429.70
50132,5/2/2024 4:31:40 PM,20015.30,455.30,46429.60
50132,5/2/2024 4:31:50 PM,20014.90,455.58,46429.20
50132,5/2/2024 4:32:00 PM,20014.40,455.50,46429.10
50132,5/2/2024 4:32:10 PM,20013.80,455.40,46428.80
50132,5/2/2024 4:32:20 PM,20014.00,455.20,46428.82
50132,5/2/2024 4:32:30 PM,20013.40,455.15,46428.70
50132,5/2/2024 4:32:40 PM,20012.92,455.93,46428.63
50132,5/2/2024 4:32:50 PM,20012.07,456.60,46428.60
50132,5/2/2024 4:33:00 PM,20011.30,456.60,46428.35
50132,5/2/2024 4:33:10 PM,20010.12,456.13,46427.90
50132,5/2/2024 4:33:20 PM,20009.30,455.94,46428.10
50132,5/2/2024 4:33:30 PM,20008.51,455.90,46427.80
50132,5/2/2024 4:33:40 PM,20007.80,455.90,46427.80
50132,5/2/2024 4:33:50 PM,20006.30,455.20,46427.40
50132,5/2/2024 4:34:00 PM,20005.22,454.85,46427.40
50132,5/2/2024 4:34:10 PM,20004.63,454.40,46427.15
50132,5/2/2024 4:34:20 PM,20004.50,454.13,46426.87
50132,5/2/2024 4:34:30 PM,20004.63,453.65,46426.70
50132,5/2/2024 4:34:40 PM,20005.20,453.80,46426.60
50132,5/2/2024 4:34:50 PM,20005.00,454.20,46426.40
50132,5/2/2024 4:35:00 PM,20005.00,454.97,46426.60
50132,5/2/2024 4:35:10 PM,20005.00,455.79,46426.35
50132,5/2/2024 4:35:20 PM,20004.50,456.50,46426.40
50132,5/2/2024 4:35:30 PM,20004.10,456.90,46426.10
50132,5/2/2024 4:35:40 PM,20003.30,457.10,46426.20
50132,5/2/2024 4:35:50 PM,20002.30,457.30,46425.80
50132,5/2/2024 4:36:00 PM,20002.50,457.40,46425.60
50132,5/2/2024 4:36:10 PM,20002.80,457.30,46425.20
50132,5/2/2024 4:36:20 PM,20002.70,457.70,46425.40
50132,5/2/2024 4:36:30 PM,20002.93,458.38,46425.20
50132,5/2/2024 4:36:40 PM,20003.20,458.97,46425.30
50132,5/2/2024 4:36:50 PM,20003.94,459.56,46424.90
50132,5/2/2024 4:37:00 PM,20003.85,460.14,46425.20
50132,5/2/2024 4:37:10 PM,20003.28,460.33,46424.90
50132,5/2/2024 4:37:20 PM,20002.94,460.73,46425.00
50132,5/2/2024 4:37:30 PM,20002.37,461.45,46424.70
50132,5/2/2024 4:37:40 PM,20001.99,462.45,46424.60
50132,5/2/2024 4:37:50 PM,20001.65,463.45,46424.23
50132,5/2/2024 4:38:00 PM,20000.78,464.15,46424.10
50132,5/2/2024 4:38:10 PM,20000.05,464.67,46423.80
50132,5/2/2024 4:38:20 PM,19999.80,465.12,46423.40
50132,5/2/2024 4:38:30 PM,19999.22,465.41,46423.17
50132,5/2/2024 4:38:40 PM,19999.20,465.50,46422.85
50132,5/2/2024 4:38:50 PM,19999.55,465.20,46422.40
50132,5/2/2024 4:39:00 PM,20000.47,465.20,46422.30
50132,5/2/2024 4:39:10 PM,20000.83,465.50,46422.40
50132,5/2/2024 4:39:20 PM,20001.27,465.20,46422.25
50132,5/2/2024 4:39:30 PM,20001.02,465.69,46422.20
50132,5/2/2024 4:39:40 PM,20000.20,465.70,46422.40
50132,5/2/2024 4:39:50 PM,19999.50,465.63,46422.07
50132,5/2/2024 4:40:00 PM,19999.30,465.91,46422.00
50132,5/2/2024 4:40:10 PM,19998.50,466.05,46421.85
50132,5/2/2024 4:40:20 PM,19998.90,465.30,46421.60
50132,5/2/2024 4:40:30 PM,19999.87,464.78,46421.30
50132,5/2/2024 4:40:40 PM,20000.50,464.70,46421.70
50132,5/2/2024 4:40:50 PM,20000.40,464.68,46421.70
50132,5/2/2024 4:41:00 PM,20000.46,464.64,46421.70
50132,5/2/2024 4:41:10 PM,20000.50,464.38,46421.68
50132,5/2/2024 4:41:20 PM,20000.34,464.23,46421.90
50132,5/2/2024 4:41:30 PM,19999.55,464.37,46421.90
50132,5/2/2024 4:41:40 PM,19998.60,464.42,46421.77
50132,5/2/2024 4:41:50 PM,19997.27,464.70,46421.90
50132,5/2/2024 4:42:00 PM,19996.55,465.19,46421.50
50132,5/2/2024 4:42:10 PM,19996.10,465.68,46421.13
50132,5/2/2024 4:42:20 PM,19995.65,466.25,46421.10
50132,5/2/2024 4:42:30 PM,19995.20,466.78,46420.70
50132,5/2/2024 4:42:40 PM,19995.03,467.30,46420.60
50132,5/2/2024 4:42:50 PM,19994.57,467.85,46420.20
50132,5/2/2024 4:43:00 PM,19994.00,468.17,46420.40
50132,5/2/2024 4:43:10 PM,19992.77,468.27,46419.90
50132,5/2/2024 4:43:20 PM,19991.80,468.80,46419.63
50132,5/2/2024 4:43:30 PM,19991.40,468.96,46419.20
50132,5/2/2024 4:43:40 PM,19991.55,469.60,46419.20
50132,5/2/2024 4:43:50 PM,19991.90,470.36,46418.77
50132,5/2/2024 4:44:00 PM,19991.30,471.10,46418.75
50132,5/2/2024 4:44:10 PM,19990.90,471.83,46418.40
50132,5/2/2024 4:44:20 PM,19989.94,472.40,46418.60
50132,5/2/2024 4:44:30 PM,19989.70,472.80,46418.10
50132,5/2/2024 4:44:40 PM,19988.80,473.30,46417.95
50132,5/2/2024 4:44:50 PM,19988.36,474.10,46417.60
50132,5/2/2024 4:45:00 PM,19988.40,474.30,46417.40
50132,5/2/2024 4:45:10 PM,19988.03,474.41,46417.40
50132,5/2/2024 4:45:20 PM,19987.30,474.80,46417.50
50132,5/2/2024 4:45:30 PM,19986.10,475.00,46417.20
50132,5/2/2024 4:45:40 PM,19985.40,475.40,46416.90
50132,5/2/2024 4:45:50 PM,19985.20,475.50,46416.50
50132,5/2/2024 4:46:00 PM,19985.10,475.90,46416.30
50132,5/2/2024 4:46:10 PM,19985.00,476.30,46415.90
50132,5/2/2024 4:46:20 PM,19985.18,476.30,46415.73
50132,5/2/2024 4:46:30 PM,19985.40,476.10,46415.40
50132,5/2/2024 4:46:40 PM,19985.49,475.87,46415.50
50132,5/2/2024 4:46:50 PM,19985.58,475.60,46415.10
50132,5/2/2024 4:47:00 PM,19985.70,475.43,46415.05
50132,5/2/2024 4:47:10 PM,19985.60,475.44,46415.10
50132,5/2/2024 4:47:20 PM,19985.60,475.63,46415.30
50132,5/2/2024 4:47:30 PM,19985.70,476.05,46415.10
50132,5/2/2024 4:47:40 PM,19986.10,476.46,46414.80
50132,5/2/2024 4:47:50 PM,19985.95,476.65,46414.70
50132,5/2/2024 4:48:00 PM,19985.30,476.30,46414.90
50132,5/2/2024 4:48:10 PM,19985.13,475.90,46414.70
50132,5/2/2024 4:48:20 PM,19984.87,475.89,46414.70
50132,5/2/2024 4:48:30 PM,19984.80,476.10,46414.70
50132,5/2/2024 4:48:40 PM,19984.72,475.50,46415.00
50132,5/2/2024 4:48:50 PM,19985.15,474.73,46414.90
50132,5/2/2024 4:49:00 PM,19985.44,473.86,46414.93
50132,5/2/2024 4:49:10 PM,19985.15,473.60,46415.20
50132,5/2/2024 4:49:20 PM,19985.23,473.10,46415.50
50132,5/2/2024 4:49:30 PM,19985.08,472.50,46415.70
50132,5/2/2024 4:49:40 PM,19984.40,472.70,46415.75
50132,5/2/2024 4:49:50 PM,19984.10,472.66,46415.70
50132,5/2/2024 4:50:00 PM,19984.37,472.27,46415.90
50132,5/2/2024 4:50:10 PM,19984.95,471.94,46415.90
50132,5/2/2024 4:50:20 PM,19984.60,471.37,46416.50
50132,5/2/2024 4:50:30 PM,19984.47,470.92,46416.10
50132,5/2/2024 4:50:40 PM,19985.20,470.30,46416.33
50132,5/2/2024 4:50:50 PM,19985.30,469.97,46416.73
50132,5/2/2024 4:51:00 PM,19985.20,469.49,46416.90
50132,5/2/2024 4:51:10 PM,19985.86,469.25,46416.60
50132,5/2/2024 4:51:20 PM,19986.80,468.80,46417.00
50132,5/2/2024 4:51:30 PM,19986.55,468.63,46417.40
50132,5/2/2024 4:51:40 PM,19986.38,468.67,46417.40
50132,5/2/2024 4:51:50 PM,19986.04,468.60,46417.40
50132,5/2/2024 4:52:00 PM,19985.60,468.86,46417.70
50132,5/2/2024 4:52:10 PM,19985.24,468.83,46417.70
50132,5/2/2024 4:52:20 PM,19985.20,468.77,46417.90
50132,5/2/2024 4:52:30 PM,19985.00,468.88,46417.80
50132,5/2/2024 4:52:40 PM,19984.47,468.55,46418.00
50132,5/2/2024 4:52:50 PM,19984.20,468.20,46417.83
50132,5/2/2024 4:53:00 PM,19983.95,467.90,46418.00
50132,5/2/2024 4:53:10 PM,19983.80,468.13,46417.80
50132,5/2/2024 4:53:20 PM,19983.47,468.30,46418.10
50132,5/2/2024 4:53:30 PM,19982.80,468.06,46417.60
50132,5/2/2024 4:53:40 PM,19982.70,468.03,46417.85
50132,5/2/2024 4:53:50 PM,19982.40,467.84,46417.70
50132,5/2/2024 4:54:00 PM,19981.70,467.30,46417.93
50132,5/2/2024 4:54:10 PM,19981.60,467.10,46417.50
50132,5/2/2024 4:54:20 PM,19982.00,467.10,46417.90
50132,5/2/2024 4:54:30 PM,19982.30,466.70,46418.20
50132,5/2/2024 4:54:40 PM,19982.50,465.80,46418.20
50132,5/2/2024 4:54:50 PM,19983.00,465.10,46418.20
50132,5/2/2024 4:55:00 PM,19983.02,464.53,46418.40
50132,5/2/2024 4:55:10 PM,19982.40,463.91,46418.40
50132,5/2/2024 4:55:20 PM,19982.80,463.50,46418.60
50132,5/2/2024 4:55:30 PM,19982.70,463.00,46418.60
50132,5/2/2024 4:55:40 PM,19983.00,462.80,46419.00
50132,5/2/2024 4:55:50 PM,19982.50,463.10,46418.90
50132,5/2/2024 4:56:00 PM,19981.90,463.20,46419.00
50132,5/2/2024 4:56:10 PM,19982.00,462.70,46418.80
50132,5/2/2024 4:56:20 PM,19982.40,462.45,46419.20
50132,5/2/2024 4:56:30 PM,19982.10,462.50,46419.10
50132,5/2/2024 4:56:40 PM,19982.00,461.80,46419.05
50132,5/2/2024 4:56:50 PM,19982.00,461.60,46419.20
50132,5/2/2024 4:57:00 PM,19982.50,461.63,46419.40
50132,5/2/2024 4:57:10 PM,19982.75,461.38,46419.50
50132,5/2/2024 4:57:20 PM,19983.30,461.16,46419.70
50132,5/2/2024 4:57:30 PM,19984.00,460.69,46419.50
50132,5/2/2024 4:57:40 PM,19984.79,460.16,46419.80
50132,5/2/2024 4:57:50 PM,19985.10,459.73,46419.70
50132,5/2/2024 4:58:00 PM,19985.40,459.50,46420.20
50132,5/2/2024 4:58:10 PM,19985.35,459.40,46420.10
50132,5/2/2024 4:58:20 PM,19985.10,459.35,46420.50
50132,5/2/2024 4:58:30 PM,19984.90,459.20,46420.60
50132,5/2/2024 4:58:40 PM,19984.40,458.80,46420.94
50132,5/2/2024 4:58:50 PM,19984.28,458.63,46420.70
50132,5/2/2024 4:59:00 PM,19984.75,458.90,46420.95
50132,5/2/2024 4:59:10 PM,19984.80,459.10,46420.90
50132,5/2/2024 4:59:20 PM,19985.10,459.50,46421.20
50132,5/2/2024 4:59:30 PM,19985.17,459.53,46421.10
50132,5/2/2024 4:59:40 PM,19985.00,459.65,46421.32
50132,5/2/2024 4:59:50 PM,19984.45,459.30,46421.35
50132,5/2/2024 5:00:00 PM,19984.25,459.10,46421.40
50132,5/2/2024 5:00:10 PM,19983.90,459.32,46421.20
50132,5/2/2024 5:00:20 PM,19983.50,459.08,46421.17
50132,5/2/2024 5:00:30 PM,19983.13,459.13,46421.20
50132,5/2/2024 5:00:40 PM,19983.00,459.23,46421.00
50132,5/2/2024 5:00:50 PM,19982.60,459.75,46420.90
50132,5/2/2024 5:01:00 PM,19982.50,460.00,46421.10
50132,5/2/2024 5:01:10 PM,19982.60,460.20,46420.90
50132,5/2/2024 5:01:20 PM,19981.90,459.80,46421.10
50132,5/2/2024 5:01:30 PM,19981.40,459.80,46420.70
50132,5/2/2024 5:01:40 PM,19981.66,459.40,46420.80
50132,5/2/2024 5:01:50 PM,19981.70,459.20,46420.60
50132,5/2/2024 5:02:00 PM,19981.50,458.75,46421.10
50132,5/2/2024 5:02:10 PM,19981.57,458.30,46420.84
50132,5/2/2024 5:02:20 PM,19981.30,457.80,46421.05
50132,5/2/2024 5:02:30 PM,19980.33,457.35,46421.20
50132,5/2/2024 5:02:40 PM,19980.15,457.00,46421.30
50132,5/2/2024 5:02:50 PM,19980.80,456.87,46421.32
50132,5/2/2024 5:03:00 PM,19980.30,456.84,46421.70
50132,5/2/2024 5:03:10 PM,19979.05,457.00,46421.67
50132,5/2/2024 5:03:20 PM,19978.33,457.15,46421.70
50132,5/2/2024 5:03:30 PM,19978.30,457.35,46421.37
50132,5/2/2024 5:03:40 PM,19978.10,457.70,46421.70
50132,5/2/2024 5:03:50 PM,19977.60,457.98,46421.30
50132,5/2/2024 5:04:00 PM,19977.40,458.32,46421.35
50132,5/2/2024 5:04:10 PM,19976.80,458.47,46421.30
50132,5/2/2024 5:04:20 PM,19976.50,458.50,46421.45
50132,5/2/2024 5:04:30 PM,19976.34,458.00,46421.20
50132,5/2/2024 5:04:40 PM,19976.10,457.80,46421.50
50132,5/2/2024 5:04:50 PM,19975.30,457.76,46421.30
50132,5/2/2024 5:05:00 PM,19974.40,458.20,46421.40
50132,5/2/2024 5:05:10 PM,19974.00,458.20,46421.20
50132,5/2/2024 5:05:20 PM,19973.80,458.10,46421.40
50132,5/2/2024 5:05:30 PM,19973.70,458.30,46421.10
50132,5/2/2024 5:05:40 PM,19973.50,458.10,46421.30
50132,5/2/2024 5:05:50 PM,19973.40,457.80,46420.70
50132,5/2/2024 5:06:00 PM,19973.60,457.40,46421.00
50132,5/2/2024 5:06:10 PM,19973.10,457.40,46420.80
50132,5/2/2024 5:06:20 PM,19973.20,457.30,46420.90
50132,5/2/2024 5:06:30 PM,19972.70,457.14,46420.70
50132,5/2/2024 5:06:40 PM,19972.10,457.30,46420.80
50132,5/2/2024 5:06:50 PM,19971.47,457.43,46420.80
50132,5/2/2024 5:07:00 PM,19970.87,457.30,46420.90
50132,5/2/2024 5:07:10 PM,19970.50,457.63,46421.04
50132,5/2/2024 5:07:20 PM,19970.40,457.67,46421.13
50132,5/2/2024 5:07:30 PM,19969.92,457.60,46421.10
50132,5/2/2024 5:07:40 PM,19969.90,457.45,46421.10
50132,5/2/2024 5:07:50 PM,19969.60,457.70,46420.90
50132,5/2/2024 5:08:00 PM,19969.75,457.57,46420.95
50132,5/2/2024 5:08:10 PM,19970.44,457.50,46420.87
50132,5/2/2024 5:08:20 PM,19971.20,457.50,46421.00
50132,5/2/2024 5:08:30 PM,19971.60,457.20,46421.00
50132,5/2/2024 5:08:40 PM,19972.50,457.05,46420.95
50132,5/2/2024 5:08:50 PM,19973.40,456.86,46421.00
50132,5/2/2024 5:09:00 PM,19973.80,456.40,46421.37
50132,5/2/2024 5:09:10 PM,19974.60,456.00,46421.40
50132,5/2/2024 5:09:20 PM,19975.03,455.31,46421.80
50132,5/2/2024 5:09:30 PM,19975.43,454.92,46421.85
50132,5/2/2024 5:09:40 PM,19976.30,455.17,46422.20
50132,5/2/2024 5:09:50 PM,19976.42,455.20,46422.55
50132,5/2/2024 5:10:00 PM,19977.40,455.12,46422.77
50132,5/2/2024 5:10:10 PM,19977.30,455.25,46423.00
50132,5/2/2024 5:10:20 PM,19977.13,455.26,46423.40
50132,5/2/2024 5:10:30 PM,19976.80,455.54,46423.55
50132,5/2/2024 5:10:40 PM,19977.25,455.70,46423.63
50132,5/2/2024 5:10:50 PM,19977.60,454.90,46423.40
50132,5/2/2024 5:11:00 PM,19977.90,454.44,46423.75
50132,5/2/2024 5:11:10 PM,19977.35,454.55,46423.90
50132,5/2/2024 5:11:20 PM,19977.20,454.85,46424.20
50132,5/2/2024 5:11:30 PM,19976.38,455.30,46424.05
50132,5/2/2024 5:11:40 PM,19975.55,455.88,46424.10
50132,5/2/2024 5:11:50 PM,19975.43,456.30,46423.70
50132,5/2/2024 5:12:00 PM,19975.40,456.43,46423.63
50132,5/2/2024 5:12:10 PM,19975.40,456.95,46423.60
50132,5/2/2024 5:12:20 PM,19975.10,457.40,46423.60
50132,5/2/2024 5:12:30 PM,19974.30,457.40,46423.30
50132,5/2/2024 5:12:40 PM,19973.90,457.37,46423.23
50132,5/2/2024 5:12:50 PM,19973.50,457.24,46423.05
50132,5/2/2024 5:13:00 PM,19973.40,457.23,46422.90
50132,5/2/2024 5:13:10 PM,19974.00,457.22,46422.80
50132,5/2/2024 5:13:20 PM,19973.72,457.42,46423.00
50132,5/2/2024 5:13:30 PM,19973.00,457.80,46422.80
50132,5/2/2024 5:13:40 PM,19972.30,457.96,46423.10
50132,5/2/2024 5:13:50 PM,19972.00,458.08,46422.70
50132,5/2/2024 5:14:00 PM,19971.23,458.30,46422.80
50132,5/2/2024 5:14:10 PM,19970.50,458.15,46422.90
50132,5/2/2024 5:14:20 PM,19969.67,458.30,46422.80
50132,5/2/2024 5:14:30 PM,19969.00,458.70,46422.45
50132,5/2/2024 5:14:40 PM,19968.80,459.00,46422.25
50132,5/2/2024 5:14:50 PM,19968.88,459.46,46421.95
50132,5/2/2024 5:15:00 PM,19968.80,460.20,46422.00
50132,5/2/2024 5:15:10 PM,19968.82,460.95,46421.96
50132,5/2/2024 5:15:20 PM,19968.80,461.70,46422.00
50132,5/2/2024 5:15:30 PM,19969.00,462.20,46421.70
50132,5/2/2024 5:15:40 PM,19969.00,462.30,46421.80
50132,5/2/2024 5:15:50 PM,19969.00,462.20,46421.50
50132,5/2/2024 5:16:00 PM,19969.00,462.00,46421.60
50132,5/2/2024 5:16:10 PM,19968.70,461.60,46421.50
50132,5/2/2024 5:16:20 PM,19968.80,461.00,46421.80
50132,5/2/2024 5:16:30 PM,19968.19,460.70,46421.70
50132,5/2/2024 5:16:40 PM,19967.43,460.40,46421.90
50132,5/2/2024 5:16:50 PM,19966.86,460.60,46421.60
50132,5/2/2024 5:17:00 PM,19966.50,460.80,46421.60
50132,5/2/2024 5:17:10 PM,19966.15,461.10,46421.40
50132,5/2/2024 5:17:20 PM,19966.17,461.73,46421.50
50132,5/2/2024 5:17:30 PM,19967.15,462.36,46421.25
50132,5/2/2024 5:17:40 PM,19968.30,462.40,46421.30
50132,5/2/2024 5:17:50 PM,19969.20,462.70,46421.40
50132,5/2/2024 5:18:00 PM,19969.40,462.35,46421.70
50132,5/2/2024 5:18:10 PM,19969.40,461.93,46421.70
50132,5/2/2024 5:18:20 PM,19969.40,461.73,46422.18
50132,5/2/2024 5:18:30 PM,19969.57,461.55,46422.00
50132,5/2/2024 5:18:40 PM,19969.87,461.35,46422.20
50132,5/2/2024 5:18:50 PM,19970.55,461.50,46422.20
50132,5/2/2024 5:19:00 PM,19970.60,461.42,46422.55
50132,5/2/2024 5:19:10 PM,19970.10,461.80,46422.70
50132,5/2/2024 5:19:20 PM,19970.05,462.30,46422.60
50132,5/2/2024 5:19:30 PM,19970.50,462.75,46422.60
50132,5/2/2024 5:19:40 PM,19970.50,463.00,46422.90
50132,5/2/2024 5:19:50 PM,19970.20,462.95,46422.87
50132,5/2/2024 5:20:00 PM,19970.03,462.80,46422.90
50132,5/2/2024 5:20:10 PM,19970.63,462.75,46422.60
50132,5/2/2024 5:20:20 PM,19970.75,462.70,46422.85
50132,5/2/2024 5:20:30 PM,19970.46,462.06,46423.00
50132,5/2/2024 5:20:40 PM,19970.80,461.20,46423.25
50132,5/2/2024 5:20:50 PM,19970.70,460.73,46423.60
50132,5/2/2024 5:21:00 PM,19970.10,460.80,46424.07
50132,5/2/2024 5:21:10 PM,19969.12,461.00,46423.90
50132,5/2/2024 5:21:20 PM,19968.60,461.23,46424.10
50132,5/2/2024 5:21:30 PM,19967.50,461.47,46424.00
50132,5/2/2024 5:21:40 PM,19966.20,461.80,46424.13
50132,5/2/2024 5:21:50 PM,19965.10,462.57,46423.90
50132,5/2/2024 5:22:00 PM,19964.77,462.80,46423.77
50132,5/2/2024 5:22:10 PM,19964.20,463.47,46423.75
50132,5/2/2024 5:22:20 PM,19964.28,463.80,46423.50
50132,5/2/2024 5:22:30 PM,19963.85,464.16,46423.27
50132,5/2/2024 5:22:40 PM,19963.13,464.40,46423.60
50132,5/2/2024 5:22:50 PM,19963.10,464.50,46423.00
50132,5/2/2024 5:23:00 PM,19963.10,464.70,46423.07
50132,5/2/2024 5:23:10 PM,19962.50,464.88,46423.20
50132,5/2/2024 5:23:20 PM,19962.00,464.89,46423.10
50132,5/2/2024 5:23:30 PM,19962.10,465.15,46422.70
50132,5/2/2024 5:23:40 PM,19961.80,465.47,46422.67
50132,5/2/2024 5:23:50 PM,19961.80,465.40,46422.32
50132,5/2/2024 5:24:00 PM,19962.40,465.03,46422.30
50132,5/2/2024 5:24:10 PM,19962.85,465.03,46422.17
50132,5/2/2024 5:24:20 PM,19963.07,464.83,46422.10
50132,5/2/2024 5:24:30 PM,19963.10,464.87,46422.20
50132,5/2/2024 5:24:40 PM,19962.80,464.56,46422.35
50132,5/2/2024 5:24:50 PM,19962.57,464.38,46422.25
50132,5/2/2024 5:25:00 PM,19962.30,464.08,46422.40
50132,5/2/2024 5:25:10 PM,19962.10,464.13,46422.20
50132,5/2/2024 5:25:20 PM,19961.60,463.80,46422.50
50132,5/2/2024 5:25:30 PM,19962.10,463.90,46422.20
50132,5/2/2024 5:25:40 PM,19962.50,464.20,46422.50
50132,5/2/2024 5:25:50 PM,19962.20,464.60,46422.50
50132,5/2/2024 5:26:00 PM,19961.90,464.90,46422.80
50132,5/2/2024 5:26:10 PM,19961.10,465.20,46422.50
50132,5/2/2024 5:26:20 PM,19960.61,465.20,46422.70
50132,5/2/2024 5:26:30 PM,19960.68,465.02,46422.30
50132,5/2/2024 5:26:40 PM,19960.96,464.98,46422.37
50132,5/2/2024 5:26:50 PM,19960.67,465.13,46422.55
50132,5/2/2024 5:27:00 PM,19960.60,465.02,46422.50
50132,5/2/2024 5:27:10 PM,19960.25,465.10,46422.50
50132,5/2/2024 5:27:20 PM,19959.40,465.13,46422.63
50132,5/2/2024 5:27:30 PM,19958.20,465.00,46422.70
50132,5/2/2024 5:27:40 PM,19958.27,464.74,46422.70
50132,5/2/2024 5:27:50 PM,19958.53,464.57,46422.60
50132,5/2/2024 5:28:00 PM,19958.90,464.65,46422.90
50132,5/2/2024 5:28:10 PM,19958.47,464.50,46422.90
50132,5/2/2024 5:28:20 PM,19958.38,464.60,46423.20
50132,5/2/2024 5:28:30 PM,19957.80,464.71,46423.30
50132,5/2/2024 5:28:40 PM,19957.42,464.76,46423.40
50132,5/2/2024 5:28:50 PM,19957.10,464.47,46423.00
50132,5/2/2024 5:29:00 PM,19956.70,464.40,46423.32
50132,5/2/2024 5:29:10 PM,19956.80,464.73,46423.25
50132,5/2/2024 5:29:20 PM,19957.20,464.90,46423.20
50132,5/2/2024 5:29:30 PM,19957.20,464.93,46423.23
50132,5/2/2024 5:29:40 PM,19957.25,465.00,46423.40
50132,5/2/2024 5:29:50 PM,19956.81,464.98,46423.23
50132,5/2/2024 5:30:00 PM,19956.25,464.80,46423.43
50132,5/2/2024 5:30:10 PM,19956.20,464.05,46423.10
50132,5/2/2024 5:30:20 PM,19956.40,463.55,46423.35
50132,5/2/2024 5:30:30 PM,19956.10,463.32,46423.50
50132,5/2/2024 5:30:40 PM,19955.50,463.10,46423.80
50132,5/2/2024 5:30:50 PM,19955.15,462.30,46423.60
50132,5/2/2024 5:31:00 PM,19955.50,462.07,46423.46
50132,5/2/2024 5:31:10 PM,19955.60,461.50,46423.60
50132,5/2/2024 5:31:20 PM,19956.00,461.05,46423.70
50132,5/2/2024 5:31:30 PM,19956.10,460.50,46423.60
50132,5/2/2024 5:31:40 PM,19956.63,460.10,46424.10
50132,5/2/2024 5:31:50 PM,19957.44,459.73,46423.93
50132,5/2/2024 5:32:00 PM,19957.36,459.90,46424.30
50132,5/2/2024 5:32:10 PM,19956.20,460.20,46424.54
50132,5/2/2024 5:32:20 PM,19955.50,459.94,46424.57
50132,5/2/2024 5:32:30 PM,19956.46,459.50,46424.00
50132,5/2/2024 5:32:40 PM,19957.00,459.57,46424.80
50132,5/2/2024 5:32:50 PM,19955.83,459.63,46424.80
50132,5/2/2024 5:33:00 PM,19955.65,459.39,46424.60
50132,5/2/2024 5:33:10 PM,19956.71,459.13,46424.30
50132,5/2/2024 5:33:20 PM,19957.07,459.28,46424.80
50132,5/2/2024 5:33:30 PM,19956.40,459.40,46425.05
50132,5/2/2024 5:33:40 PM,19955.75,459.78,46425.00
50132,5/2/2024 5:33:50 PM,19955.60,459.71,46424.70
50132,5/2/2024 5:34:00 PM,19956.10,459.37,46425.00
50132,5/2/2024 5:34:10 PM,19957.00,459.30,46424.70
50132,5/2/2024 5:34:20 PM,19957.53,459.25,46424.96
50132,5/2/2024 5:34:30 PM,19957.90,458.95,46425.20
50132,5/2/2024 5:34:40 PM,19958.00,458.74,46425.65
50132,5/2/2024 5:34:50 PM,19957.63,459.03,46425.70
50132,5/2/2024 5:35:00 PM,19957.67,459.20,46425.97
50132,5/2/2024 5:35:10 PM,19956.65,459.30,46425.90
50132,5/2/2024 5:35:20 PM,19956.40,459.70,46425.90
50132,5/2/2024 5:35:30 PM,19956.70,459.90,46425.70
50132,5/2/2024 5:35:40 PM,19957.20,459.90,46425.90
50132,5/2/2024 5:35:50 PM,19957.30,460.00,46425.60
50132,5/2/2024 5:36:00 PM,19957.20,460.00,46426.00
50132,5/2/2024 5:36:10 PM,19957.40,460.10,46425.70
50132,5/2/2024 5:36:20 PM,19957.60,460.15,46426.04
50132,5/2/2024 5:36:30 PM,19957.03,460.02,46426.04
50132,5/2/2024 5:36:40 PM,19956.40,460.10,46426.10
50132,5/2/2024 5:36:50 PM,19956.42,460.42,46426.03
50132,5/2/2024 5:37:00 PM,19956.50,460.57,46426.10
50132,5/2/2024 5:37:10 PM,19955.70,460.42,46426.20
50132,5/2/2024 5:37:20 PM,19956.15,460.28,46426.10
50132,5/2/2024 5:37:30 PM,19956.96,460.20,46426.25
50132,5/2/2024 5:37:40 PM,19956.94,460.53,46426.50
50132,5/2/2024 5:37:50 PM,19956.80,460.82,46426.70
50132,5/2/2024 5:38:00 PM,19956.65,460.83,46426.70
50132,5/2/2024 5:38:10 PM,19956.50,460.75,46426.40
50132,5/2/2024 5:38:20 PM,19956.60,460.50,46426.90
50132,5/2/2024 5:38:30 PM,19956.60,460.50,46426.80
50132,5/2/2024 5:38:40 PM,19957.00,460.04,46427.00
50132,5/2/2024 5:38:50 PM,19957.50,460.00,46427.13
50132,5/2/2024 5:39:00 PM,19957.30,459.66,46427.60
50132,5/2/2024 5:39:10 PM,19956.50,459.30,46427.43
50132,5/2/2024 5:39:20 PM,19955.52,459.62,46427.60
50132,5/2/2024 5:39:30 PM,19955.70,459.80,46427.50
50132,5/2/2024 5:39:40 PM,19956.00,460.12,46427.30
50132,5/2/2024 5:39:50 PM,19956.20,460.23,46427.45
50132,5/2/2024 5:40:00 PM,19956.67,460.00,46427.45
50132,5/2/2024 5:40:10 PM,19957.20,460.20,46427.70
50132,5/2/2024 5:40:20 PM,19957.75,460.30,46428.20
50132,5/2/2024 5:40:30 PM,19957.90,460.30,46428.20
50132,5/2/2024 5:40:40 PM,19958.80,459.91,46428.43
50132,5/2/2024 5:40:50 PM,19960.30,459.10,46428.50
50132,5/2/2024 5:41:00 PM,19960.70,458.54,46429.30
50132,5/2/2024 5:41:10 PM,19960.45,458.35,46429.43
50132,5/2/2024 5:41:20 PM,19960.00,458.27,46429.77
50132,5/2/2024 5:41:30 PM,19958.50,458.15,46429.90
50132,5/2/2024 5:41:40 PM,19958.30,458.48,46429.95
50132,5/2/2024 5:41:50 PM,19958.50,458.63,46429.70
50132,5/2/2024 5:42:00 PM,19958.46,458.85,46429.95
50132,5/2/2024 5:42:10 PM,19958.60,458.90,46429.70
50132,5/2/2024 5:42:20 PM,19958.93,458.90,46429.96
50132,5/2/2024 5:42:30 PM,19958.95,458.70,46430.00
50132,5/2/2024 5:42:40 PM,19959.23,458.30,46430.32
50132,5/2/2024 5:42:50 PM,19959.94,457.70,46430.17
50132,5/2/2024 5:43:00 PM,19960.00,457.47,46430.60
50132,5/2/2024 5:43:10 PM,19959.50,456.95,46430.90
50132,5/2/2024 5:43:20 PM,19958.60,456.70,46431.20
50132,5/2/2024 5:43:30 PM,19958.43,456.54,46430.90
50132,5/2/2024 5:43:40 PM,19958.60,456.49,46431.30
50132,5/2/2024 5:43:50 PM,19958.85,456.53,46431.05
50132,5/2/2024 5:44:00 PM,19960.40,456.31,46431.50
50132,5/2/2024 5:44:10 PM,19960.42,455.87,46431.60
50132,5/2/2024 5:44:20 PM,19960.02,455.70,46432.10
50132,5/2/2024 5:44:30 PM,19959.17,455.80,46432.50
50132,5/2/2024 5:44:40 PM,19958.73,455.60,46432.50
50132,5/2/2024 5:44:50 PM,19958.60,455.43,46432.20
50132,5/2/2024 5:45:00 PM,19959.00,455.60,46432.54
50132,5/2/2024 5:45:10 PM,19958.93,455.40,46432.65
50132,5/2/2024 5:45:20 PM,19958.30,455.60,46432.90
50132,5/2/2024 5:45:30 PM,19958.30,455.50,46432.80
50132,5/2/2024 5:45:40 PM,19958.50,455.60,46433.10
50132,5/2/2024 5:45:50 PM,19957.30,455.40,46433.10
50132,5/2/2024 5:46:00 PM,19956.40,455.70,46433.10
50132,5/2/2024 5:46:10 PM,19955.90,456.20,46432.80
50132,5/2/2024 5:46:20 PM,19955.63,455.82,46432.83
50132,5/2/2024 5:46:30 PM,19956.10,455.10,46432.80
50132,5/2/2024 5:46:40 PM,19957.30,454.30,46432.90
50132,5/2/2024 5:46:50 PM,19957.20,454.15,46433.15
50132,5/2/2024 5:47:00 PM,19957.10,454.28,46433.30
50132,5/2/2024 5:47:10 PM,19957.00,454.20,46433.30
50132,5/2/2024 5:47:20 PM,19956.60,454.33,46433.32
50132,5/2/2024 5:47:30 PM,19956.23,454.40,46433.55
50132,5/2/2024 5:47:40 PM,19955.70,453.85,46433.80
50132,5/2/2024 5:47:50 PM,19955.18,454.00,46433.40
50132,5/2/2024 5:48:00 PM,19955.40,454.00,46433.60
50132,5/2/2024 5:48:10 PM,19954.94,454.10,46433.40
50132,5/2/2024 5:48:20 PM,19954.12,454.17,46433.57
50132,5/2/2024 5:48:30 PM,19953.10,454.37,46433.40
50132,5/2/2024 5:48:40 PM,19952.60,454.40,46433.50
50132,5/2/2024 5:48:50 PM,19952.30,454.66,46433.20
50132,5/2/2024 5:49:00 PM,19951.10,455.30,46433.60
50132,5/2/2024 5:49:10 PM,19949.77,455.79,46433.23
50132,5/2/2024 5:49:20 PM,19949.70,455.90,46433.00
50132,5/2/2024 5:49:30 PM,19949.50,455.86,46432.73
50132,5/2/2024 5:49:40 PM,19949.00,455.65,46432.50
50132,5/2/2024 5:49:50 PM,19948.50,455.63,46432.30
50132,5/2/2024 5:50:00 PM,19948.82,455.60,46432.45
50132,5/2/2024 5:50:10 PM,19948.70,455.70,46432.20
50132,5/2/2024 5:50:20 PM,19948.13,455.45,46432.80
50132,5/2/2024 5:50:30 PM,19947.40,455.15,46432.40
50132,5/2/2024 5:50:40 PM,19947.32,454.66,46432.55
50132,5/2/2024 5:50:50 PM,19947.00,454.40,46432.30
50132,5/2/2024 5:51:00 PM,19946.20,453.94,46432.70
50132,5/2/2024 5:51:10 PM,19944.90,453.73,46432.60
50132,5/2/2024 5:51:20 PM,19944.17,453.40,46432.60
50132,5/2/2024 5:51:30 PM,19944.00,452.88,46432.30
50132,5/2/2024 5:51:40 PM,19944.10,452.40,46432.57
50132,5/2/2024 5:51:50 PM,19944.00,452.10,46432.70
50132,5/2/2024 5:52:00 PM,19943.47,451.25,46433.00
50132,5/2/2024 5:52:10 PM,19942.40,450.74,46433.10
50132,5/2/2024 5:52:20 PM,19941.55,450.81,46433.40
50132,5/2/2024 5:52:30 PM,19941.70,450.54,46432.90
50132,5/2/2024 5:52:40 PM,19941.62,450.28,46433.30
50132,5/2/2024 5:52:50 PM,19941.73,449.95,46433.20
50132,5/2/2024 5:53:00 PM,19941.70,450.06,46433.70
50132,5/2/2024 5:53:10 PM,19942.00,450.13,46433.70
50132,5/2/2024 5:53:20 PM,19942.10,449.95,46434.10
50132,5/2/2024 5:53:30 PM,19941.70,449.52,46434.10
50132,5/2/2024 5:53:40 PM,19941.13,448.85,46434.15
50132,5/2/2024 5:53:50 PM,19940.60,448.40,46434.10
50132,5/2/2024 5:54:00 PM,19940.00,447.95,46434.30
50132,5/2/2024 5:54:10 PM,19939.30,448.00,46434.46
50132,5/2/2024 5:54:20 PM,19939.50,447.70,46434.15
50132,5/2/2024 5:54:30 PM,19939.70,447.42,46434.40
50132,5/2/2024 5:54:40 PM,19939.80,447.33,46434.30
50132,5/2/2024 5:54:50 PM,19939.20,447.46,46434.60
50132,5/2/2024 5:55:00 PM,19937.60,448.04,46434.80
50132,5/2/2024 5:55:10 PM,19936.72,448.65,46434.40
50132,5/2/2024 5:55:20 PM,19936.80,449.30,46434.10
50132,5/2/2024 5:55:30 PM,19936.40,449.30,46434.20
50132,5/2/2024 5:55:40 PM,19935.80,449.70,46434.40
50132,5/2/2024 5:55:50 PM,19936.20,449.70,46434.00
50132,5/2/2024 5:56:00 PM,19937.10,449.40,46434.30
50132,5/2/2024 5:56:10 PM,19937.60,449.00,46434.40
50132,5/2/2024 5:56:20 PM,19938.17,449.11,46434.67
50132,5/2/2024 5:56:30 PM,19939.20,448.85,46434.65
50132,5/2/2024 5:56:40 PM,19940.53,448.00,46435.00
50132,5/2/2024 5:56:50 PM,19942.90,446.73,46434.90
50132,5/2/2024 5:57:00 PM,19945.30,445.73,46435.80
50132,5/2/2024 5:57:10 PM,19946.42,444.82,46436.30
50132,5/2/2024 5:57:20 PM,19947.72,444.05,46436.80
50132,5/2/2024 5:57:30 PM,19948.40,443.28,46437.10
50132,5/2/2024 5:57:40 PM,19948.67,442.33,46438.10
50132,5/2/2024 5:57:50 PM,19948.90,440.98,46438.40
50132,5/2/2024 5:58:00 PM,19948.75,439.66,46438.90
50132,5/2/2024 5:58:10 PM,19949.28,438.90,46439.25
50132,5/2/2024 5:58:20 PM,19950.70,438.20,46439.70
50132,5/2/2024 5:58:30 PM,19951.50,438.20,46440.20
50132,5/2/2024 5:58:40 PM,19952.00,438.30,46440.80
50132,5/2/2024 5:58:50 PM,19952.35,438.50,46440.90
50132,5/2/2024 5:59:00 PM,19952.70,438.68,46441.35
50132,5/2/2024 5:59:10 PM,19954.40,438.97,46441.50
50132,5/2/2024 5:59:20 PM,19955.90,438.70,46441.73
50132,5/2/2024 5:59:30 PM,19957.10,438.58,46441.90
50132,5/2/2024 5:59:40 PM,19958.60,438.16,46442.40
50132,5/2/2024 5:59:50 PM,19961.00,437.83,46442.60
50132,5/2/2024 6:00:00 PM,19963.30,437.54,46443.20
50132,5/2/2024 6:00:10 PM,19964.60,436.94,46443.70
50132,5/2/2024 6:00:20 PM,19965.90,436.63,46444.30
50132,5/2/2024 6:00:30 PM,19967.50,436.50,46444.60
50132,5/2/2024 6:00:40 PM,19968.20,436.33,46445.55
50132,5/2/2024 6:00:50 PM,19969.00,436.67,46445.90
50132,5/2/2024 6:01:00 PM,19969.85,437.22,46446.25
50132,5/2/2024 6:01:10 PM,19970.23,437.84,46446.80
50132,5/2/2024 6:01:20 PM,19971.10,438.37,46447.17
50132,5/2/2024 6:01:30 PM,19972.30,438.90,46447.20
50132,5/2/2024 6:01:40 PM,19973.50,438.84,46447.70
50132,5/2/2024 6:01:50 PM,19974.10,438.87,46447.77
50132,5/2/2024 6:02:00 PM,19974.40,438.74,46447.95
50132,5/2/2024 6:02:10 PM,19974.20,438.64,46448.00
50132,5/2/2024 6:02:20 PM,19975.10,438.05,46448.05
50132,5/2/2024 6:02:30 PM,19975.66,437.70,46448.00
50132,5/2/2024 6:02:40 PM,19976.50,437.58,46448.50
50132,5/2/2024 6:02:50 PM,19977.35,437.01,46448.50
50132,5/2/2024 6:03:00 PM,19978.10,436.90,46449.00
50132,5/2/2024 6:03:10 PM,19979.90,436.91,46449.15
50132,5/2/2024 6:03:20 PM,19980.85,436.87,46449.60
50132,5/2/2024 6:03:30 PM,19981.62,436.80,46449.90
50132,5/2/2024 6:03:40 PM,19982.30,436.70,46450.14
50132,5/2/2024 6:03:50 PM,19982.70,436.76,46450.35
50132,5/2/2024 6:04:00 PM,19982.40,437.41,46450.90
50132,5/2/2024 6:04:10 PM,19981.10,438.83,46450.80
50132,5/2/2024 6:04:20 PM,19980.45,440.57,46450.70
50132,5/2/2024 6:04:30 PM,19981.40,441.40,46450.35
50132,5/2/2024 6:04:40 PM,19982.60,442.30,46450.34
50132,5/2/2024 6:04:50 PM,19983.55,443.08,46450.40
50132,5/2/2024 6:05:00 PM,19984.10,444.00,46450.70
50132,5/2/2024 6:05:10 PM,19985.00,444.40,46450.60
50132,5/2/2024 6:05:20 PM,19986.50,444.30,46450.70
50132,5/2/2024 6:05:30 PM,19987.70,444.00,46450.50
50132,5/2/2024 6:05:40 PM,19988.90,444.40,46450.90
50132,5/2/2024 6:05:50 PM,19989.70,445.00,46450.90
50132,5/2/2024 6:06:00 PM,19990.20,445.30,46451.40
50132,5/2/2024 6:06:10 PM,19988.90,445.20,46451.40
50132,5/2/2024 6:06:20 PM,19987.60,445.17,46451.60
50132,5/2/2024 6:06:30 PM,19987.31,444.70,46451.10
50132,5/2/2024 6:06:40 PM,19987.48,444.23,46451.23
50132,5/2/2024 6:06:50 PM,19987.50,443.70,46451.40
50132,5/2/2024 6:07:00 PM,19987.00,442.60,46451.70
50132,5/2/2024 6:07:10 PM,19986.97,442.14,46451.60
50132,5/2/2024 6:07:20 PM,19987.90,441.80,46451.70
50132,5/2/2024 6:07:30 PM,19989.30,442.40,46451.77
50132,5/2/2024 6:07:40 PM,19990.43,443.20,46452.31
50132,5/2/2024 6:07:50 PM,19991.60,443.57,46452.40
50132,5/2/2024 6:08:00 PM,19994.20,443.23,46452.50
50132,5/2/2024 6:08:10 PM,19997.10,442.77,46452.83
50132,5/2/2024 6:08:20 PM,19998.63,442.61,46453.63
50132,5/2/2024 6:08:30 PM,19999.15,442.79,46454.00
50132,5/2/2024 6:08:40 PM,20000.00,443.02,46454.55
50132,5/2/2024 6:08:50 PM,19999.95,443.00,46455.00
50132,5/2/2024 6:09:00 PM,19999.42,442.30,46455.80
50132,5/2/2024 6:09:10 PM,19997.90,441.43,46456.17
50132,5/2/2024 6:09:20 PM,19996.10,441.47,46456.85
50132,5/2/2024 6:09:30 PM,19994.30,441.32,46456.50
50132,5/2/2024 6:09:40 PM,19993.53,441.08,46456.50
50132,5/2/2024 6:09:50 PM,19994.32,441.20,46456.35
50132,5/2/2024 6:10:00 PM,19994.70,442.05,46456.70
50132,5/2/2024 6:10:10 PM,19994.20,442.40,46456.90
50132,5/2/2024 6:10:20 PM,19995.70,442.27,46456.75
50132,5/2/2024 6:10:30 PM,19998.43,442.20,46456.80
50132,5/2/2024 6:10:40 PM,20000.20,442.52,46457.47
50132,5/2/2024 6:10:50 PM,20001.20,442.20,46457.60
50132,5/2/2024 6:11:00 PM,20001.92,442.00,46458.05
50132,5/2/2024 6:11:10 PM,20002.95,440.86,46458.40
50132,5/2/2024 6:11:20 PM,20003.30,439.70,46458.75
50132,5/2/2024 6:11:30 PM,20003.70,438.30,46459.00
50132,5/2/2024 6:11:40 PM,20004.50,436.40,46459.55
50132,5/2/2024 6:11:50 PM,20003.90,434.96,46460.00
50132,5/2/2024 6:12:00 PM,20002.27,433.94,46460.73
50132,5/2/2024 6:12:10 PM,20001.17,433.18,46460.88
50132,5/2/2024 6:12:20 PM,19998.87,432.63,46461.40
50132,5/2/2024 6:12:30 PM,19995.60,432.16,46461.40
50132,5/2/2024 6:12:40 PM,19992.50,431.73,46461.60
50132,5/2/2024 6:12:50 PM,19990.80,431.40,46461.00
50132,5/2/2024 6:13:00 PM,19988.85,432.15,46461.20
50132,5/2/2024 6:13:10 PM,19986.05,433.60,46461.20
50132,5/2/2024 6:13:20 PM,19983.13,435.73,46461.00
50132,5/2/2024 6:13:30 PM,19982.60,437.13,46460.10
50132,5/2/2024 6:13:40 PM,19983.40,439.17,46459.80
50132,5/2/2024 6:13:50 PM,19982.70,440.63,46459.40
50132,5/2/2024 6:14:00 PM,19981.60,442.10,46459.70
50132,5/2/2024 6:14:10 PM,19979.30,443.17,46459.00
50132,5/2/2024 6:14:20 PM,19978.45,444.18,46458.40
50132,5/2/2024 6:14:30 PM,19977.72,444.72,46457.90
50132,5/2/2024 6:14:40 PM,19976.23,445.70,46458.20
50132,5/2/2024 6:14:50 PM,19975.56,447.00,46457.50
50132,5/2/2024 6:15:00 PM,19975.89,448.00,46456.80
50132,5/2/2024 6:15:10 PM,19976.05,448.70,46456.60
50132,5/2/2024 6:15:20 PM,19975.10,449.10,46456.80
50132,5/2/2024 6:15:30 PM,19973.80,449.60,46456.30
50132,5/2/2024 6:15:40 PM,19974.50,449.40,46456.10
50132,5/2/2024 6:15:50 PM,19975.70,448.60,46455.40
50132,5/2/2024 6:16:00 PM,19976.70,448.40,46455.70
50132,5/2/2024 6:16:10 PM,19976.70,448.90,46456.00
50132,5/2/2024 6:16:20 PM,19976.90,449.34,46456.10
50132,5/2/2024 6:16:30 PM,19976.83,449.91,46456.10
50132,5/2/2024 6:16:40 PM,19975.90,450.70,46456.60
50132,5/2/2024 6:16:50 PM,19974.15,451.69,46456.70
50132,5/2/2024 6:17:00 PM,19973.70,452.25,46456.20
50132,5/2/2024 6:17:10 PM,19974.70,452.10,46455.70
50132,5/2/2024 6:17:20 PM,19975.57,452.75,46456.30
50132,5/2/2024 6:17:30 PM,19975.70,452.70,46456.57
50132,5/2/2024 6:17:40 PM,19977.10,452.75,46456.40
50132,5/2/2024 6:17:50 PM,19978.10,453.28,46456.70
50132,5/2/2024 6:18:00 PM,19977.57,453.84,46457.30
50132,5/2/2024 6:18:10 PM,19977.50,454.54,46457.20
50132,5/2/2024 6:18:20 PM,19978.60,455.10,46457.25
50132,5/2/2024 6:18:30 PM,19979.20,455.30,46457.45
50132,5/2/2024 6:18:40 PM,19979.65,455.70,46457.90
50132,5/2/2024 6:18:50 PM,19979.80,455.60,46457.90
50132,5/2/2024 6:19:00 PM,19979.95,455.61,46457.90
50132,5/2/2024 6:19:10 PM,19980.50,455.40,46457.80
50132,5/2/2024 6:19:20 PM,19981.10,455.40,46458.25
50132,5/2/2024 6:19:30 PM,19981.72,455.50,46458.10
50132,5/2/2024 6:19:40 PM,19982.70,455.80,46458.60
50132,5/2/2024 6:19:50 PM,19983.40,456.30,46458.70
50132,5/2/2024 6:20:00 PM,19983.10,457.25,46459.27
50132,5/2/2024 6:20:10 PM,19982.31,457.23,46459.35
50132,5/2/2024 6:20:20 PM,19982.50,457.00,46459.23
50132,5/2/2024 6:20:30 PM,19983.80,457.00,46459.10
50132,5/2/2024 6:20:40 PM,19985.30,456.73,46459.60
50132,5/2/2024 6:20:50 PM,19985.70,457.03,46459.80
50132,5/2/2024 6:21:00 PM,19984.95,457.61,46460.35
50132,5/2/2024 6:21:10 PM,19983.67,458.09,46460.35
50132,5/2/2024 6:21:20 PM,19983.20,458.10,46460.40
50132,5/2/2024 6:21:30 PM,19982.75,458.10,46460.10
50132,5/2/2024 6:21:40 PM,19982.45,458.40,46460.20
50132,5/2/2024 6:21:50 PM,19981.85,458.70,46460.40
50132,5/2/2024 6:22:00 PM,19981.50,459.20,46460.30
50132,5/2/2024 6:22:10 PM,19980.90,459.27,46460.20
50132,5/2/2024 6:22:20 PM,19980.53,459.40,46460.30
50132,5/2/2024 6:22:30 PM,19979.90,459.20,46459.80
50132,5/2/2024 6:22:40 PM,19979.02,458.70,46460.20
50132,5/2/2024 6:22:50 PM,19977.90,459.14,46459.80
50132,5/2/2024 6:23:00 PM,19977.52,459.30,46459.75
50132,5/2/2024 6:23:10 PM,19977.00,459.18,46459.53
50132,5/2/2024 6:23:20 PM,19976.50,458.77,46459.43
50132,5/2/2024 6:23:30 PM,19975.30,459.16,46459.20
50132,5/2/2024 6:23:40 PM,19974.73,459.80,46459.30
50132,5/2/2024 6:23:50 PM,19974.90,459.90,46459.00
50132,5/2/2024 6:24:00 PM,19974.12,460.67,46459.30
50132,5/2/2024 6:24:10 PM,19973.45,461.30,46459.10
50132,5/2/2024 6:24:20 PM,19973.30,461.48,46459.10
50132,5/2/2024 6:24:30 PM,19973.06,461.80,46459.10
50132,5/2/2024 6:24:40 PM,19973.23,462.64,46459.17
50132,5/2/2024 6:24:50 PM,19972.80,463.46,46458.90
50132,5/2/2024 6:25:00 PM,19972.06,463.80,46459.20
50132,5/2/2024 6:25:10 PM,19971.60,463.60,46458.80
50132,5/2/2024 6:25:20 PM,19971.50,463.70,46459.00
50132,5/2/2024 6:25:30 PM,19971.30,464.10,46458.50
50132,5/2/2024 6:25:40 PM,19971.70,464.10,46458.70
50132,5/2/2024 6:25:50 PM,19971.80,464.30,46458.60
50132,5/2/2024 6:26:00 PM,19971.90,464.90,46458.80
50132,5/2/2024 6:26:10 PM,19971.60,465.60,46458.70
50132,5/2/2024 6:26:20 PM,19971.70,465.80,46458.60
50132,5/2/2024 6:26:30 PM,19972.25,466.30,46458.65
50132,5/2/2024 6:26:40 PM,19973.30,466.60,46458.55
50132,5/2/2024 6:26:50 PM,19974.68,467.10,46458.50
50132,5/2/2024 6:27:00 PM,19976.07,466.95,46458.73
50132,5/2/2024 6:27:10 PM,19976.40,466.54,46459.15
50132,5/2/2024 6:27:20 PM,19976.40,466.50,46459.60
50132,5/2/2024 6:27:30 PM,19975.90,467.02,46459.70
50132,5/2/2024 6:27:40 PM,19975.43,467.10,46460.10
50132,5/2/2024 6:27:50 PM,19975.60,466.80,46460.10
50132,5/2/2024 6:28:00 PM,19975.80,467.00,46460.50
50132,5/2/2024 6:28:10 PM,19975.45,467.70,46460.30
50132,5/2/2024 6:28:20 PM,19974.27,468.40,46460.85
50132,5/2/2024 6:28:30 PM,19973.50,469.35,46460.70
50132,5/2/2024 6:28:40 PM,19973.40,469.70,46460.70
50132,5/2/2024 6:28:50 PM,19973.50,470.20,46460.60
50132,5/2/2024 6:29:00 PM,19973.90,470.50,46460.60
50132,5/2/2024 6:29:10 PM,19974.20,471.00,46460.60
50132,5/2/2024 6:29:20 PM,19973.97,471.20,46460.95
50132,5/2/2024 6:29:30 PM,19973.00,471.65,46461.20
50132,5/2/2024 6:29:40 PM,19972.23,472.10,46461.40
50132,5/2/2024 6:29:50 PM,19971.80,472.43,46461.25
50132,5/2/2024 6:30:00 PM,19971.90,472.78,46461.30
50132,5/2/2024 6:30:10 PM,19972.40,472.57,46461.10
50132,5/2/2024 6:30:20 PM,19972.91,472.00,46461.25
50132,5/2/2024 6:30:30 PM,19973.10,471.65,46461.40
50132,5/2/2024 6:30:40 PM,19973.18,471.55,46461.60
50132,5/2/2024 6:30:50 PM,19973.20,471.45,46461.70
50132,5/2/2024 6:31:00 PM,19973.10,471.47,46462.10
50132,5/2/2024 6:31:10 PM,19973.20,471.20,46462.20
50132,5/2/2024 6:31:20 PM,19973.68,471.16,46462.37
50132,5/2/2024 6:31:30 PM,19973.40,471.27,46462.40
50132,5/2/2024 6:31:40 PM,19973.34,471.13,46462.70
50132,5/2/2024 6:31:50 PM,19973.50,470.90,46462.85
50132,5/2/2024 6:32:00 PM,19974.05,470.90,46463.20
50132,5/2/2024 6:32:10 PM,19974.07,470.73,46463.35
50132,5/2/2024 6:32:20 PM,19974.60,470.70,46463.67
50132,5/2/2024 6:32:30 PM,19974.85,470.18,46463.80
50132,5/2/2024 6:32:40 PM,19974.55,470.18,46464.30
50132,5/2/2024 6:32:50 PM,19974.16,470.14,46464.70
50132,5/2/2024 6:33:00 PM,19974.20,469.95,46464.97
50132,5/2/2024 6:33:10 PM,19973.70,469.73,46464.90
50132,5/2/2024 6:33:20 PM,19974.30,469.42,46465.30
50132,5/2/2024 6:33:30 PM,19974.10,469.48,46465.40
50132,5/2/2024 6:33:40 PM,19973.88,469.45,46466.00
50132,5/2/2024 6:33:50 PM,19974.34,469.45,46465.80
50132,5/2/2024 6:34:00 PM,19974.00,469.60,46466.30
50132,5/2/2024 6:34:10 PM,19973.56,470.00,46466.50
50132,5/2/2024 6:34:20 PM,19973.53,469.85,46466.90
50132,5/2/2024 6:34:30 PM,19973.50,469.19,46466.60
50132,5/2/2024 6:34:40 PM,19973.40,469.11,46467.05
50132,5/2/2024 6:34:50 PM,19972.70,469.05,46467.30
50132,5/2/2024 6:35:00 PM,19972.30,469.30,46467.30
50132,5/2/2024 6:35:10 PM,19972.10,469.39,46467.10
50132,5/2/2024 6:35:20 PM,19972.80,469.40,46467.30
50132,5/2/2024 6:35:30 PM,19973.00,469.40,46467.40
50132,5/2/2024 6:35:40 PM,19973.20,469.30,46467.60
50132,5/2/2024 6:35:50 PM,19973.60,469.50,46467.50
50132,5/2/2024 6:36:00 PM,19974.10,469.90,46467.80
50132,5/2/2024 6:36:10 PM,19974.30,469.90,46467.70
50132,5/2/2024 6:36:20 PM,19974.50,469.41,46467.90
50132,5/2/2024 6:36:30 PM,19974.50,469.10,46467.87
50132,5/2/2024 6:36:40 PM,19974.85,469.30,46468.00
50132,5/2/2024 6:36:50 PM,19975.30,468.74,46467.90
50132,5/2/2024 6:37:00 PM,19975.73,468.35,46468.30
50132,5/2/2024 6:37:10 PM,19976.20,468.31,46468.10
50132,5/2/2024 6:37:20 PM,19976.20,468.45,46468.60
50132,5/2/2024 6:37:30 PM,19975.86,468.34,46468.70
50132,5/2/2024 6:37:40 PM,19975.34,468.60,46468.90
50132,5/2/2024 6:37:50 PM,19975.20,468.65,46468.75
50132,5/2/2024 6:38:00 PM,19975.27,468.50,46468.73
50132,5/2/2024 6:38:10 PM,19975.15,468.10,46468.60
50132,5/2/2024 6:38:20 PM,19975.63,467.77,46468.80
50132,5/2/2024 6:38:30 PM,19975.80,467.63,46468.73
50132,5/2/2024 6:38:40 PM,19975.57,467.24,46468.83
50132,5/2/2024 6:38:50 PM,19976.10,466.73,46468.60
50132,5/2/2024 6:39:00 PM,19977.50,466.13,46468.80
50132,5/2/2024 6:39:10 PM,19978.00,465.70,46469.13
50132,5/2/2024 6:39:20 PM,19977.17,465.48,46469.40
50132,5/2/2024 6:39:30 PM,19976.45,465.00,46469.57
50132,5/2/2024 6:39:40 PM,19975.80,464.50,46469.55
50132,5/2/2024 6:39:50 PM,19975.08,464.20,46469.60
50132,5/2/2024 6:40:00 PM,19974.20,464.00,46469.57
50132,5/2/2024 6:40:10 PM,19972.90,464.49,46469.60
50132,5/2/2024 6:40:20 PM,19972.50,464.45,46469.35
50132,5/2/2024 6:40:30 PM,19972.82,464.10,46468.95
50132,5/2/2024 6:40:40 PM,19973.13,464.02,46469.10
50132,5/2/2024 6:40:50 PM,19971.70,464.47,46469.27
50132,5/2/2024 6:41:00 PM,19969.70,465.07,46469.30
50132,5/2/2024 6:41:10 PM,19968.50,465.20,46468.50
50132,5/2/2024 6:41:20 PM,19967.45,465.30,46468.67
50132,5/2/2024 6:41:30 PM,19967.10,465.33,46468.20
50132,5/2/2024 6:41:40 PM,19966.40,465.53,46468.17
50132,5/2/2024 6:41:50 PM,19965.70,465.80,46467.70
50132,5/2/2024 6:42:00 PM,19965.07,466.02,46467.85
50132,5/2/2024 6:42:10 PM,19964.33,466.25,46467.55
50132,5/2/2024 6:42:20 PM,19963.63,466.59,46467.55
50132,5/2/2024 6:42:30 PM,19962.90,467.30,46467.40
50132,5/2/2024 6:42:40 PM,19962.00,468.03,46467.30
50132,5/2/2024 6:42:50 PM,19961.15,468.35,46466.90
50132,5/2/2024 6:43:00 PM,19960.49,468.85,46466.85
50132,5/2/2024 6:43:10 PM,19960.33,469.35,46466.45
50132,5/2/2024 6:43:20 PM,19960.31,469.80,46466.30
50132,5/2/2024 6:43:30 PM,19960.40,470.30,46465.80
50132,5/2/2024 6:43:40 PM,19961.80,470.46,46465.70
50132,5/2/2024 6:43:50 PM,19963.20,470.40,46465.40
50132,5/2/2024 6:44:00 PM,19964.10,470.68,46465.50
50132,5/2/2024 6:44:10 PM,19963.90,470.95,46465.60
50132,5/2/2024 6:44:20 PM,19964.47,471.29,46465.60
50132,5/2/2024 6:44:30 PM,19965.00,471.42,46465.60
50132,5/2/2024 6:44:40 PM,19965.50,471.63,46465.80
50132,5/2/2024 6:44:50 PM,19965.73,472.16,46465.96
50132,5/2/2024 6:45:00 PM,19965.60,472.42,46466.15
50132,5/2/2024 6:45:10 PM,19965.57,472.83,46466.10
50132,5/2/2024 6:45:20 PM,19966.10,472.90,46466.00
50132,5/2/2024 6:45:30 PM,19966.50,473.30,46465.80
50132,5/2/2024 6:45:40 PM,19966.50,473.70,46466.30
50132,5/2/2024 6:45:50 PM,19966.30,474.30,46466.20
50132,5/2/2024 6:46:00 PM,19966.90,474.40,46466.00
50132,5/2/2024 6:46:10 PM,19967.30,474.30,46465.50
50132,5/2/2024 6:46:20 PM,19968.00,474.00,46466.20
50132,5/2/2024 6:46:30 PM,19968.57,473.52,46466.10
50132,5/2/2024 6:46:40 PM,19969.38,473.00,46466.20
50132,5/2/2024 6:46:50 PM,19970.40,472.73,46466.20
50132,5/2/2024 6:47:00 PM,19971.52,472.50,46466.60
50132,5/2/2024 6:47:10 PM,19972.20,472.38,46466.70
50132,5/2/2024 6:47:20 PM,19972.70,472.47,46467.05
50132,5/2/2024 6:47:30 PM,19972.40,472.98,46467.00
50132,5/2/2024 6:47:40 PM,19972.50,473.10,46467.13
50132,5/2/2024 6:47:50 PM,19972.68,472.84,46467.00
50132,5/2/2024 6:48:00 PM,19973.20,472.51,46467.30
50132,5/2/2024 6:48:10 PM,19973.40,472.32,46467.20
50132,5/2/2024 6:48:20 PM,19974.00,471.83,46467.33
50132,5/2/2024 6:48:30 PM,19973.90,471.50,46467.50
50132,5/2/2024 6:48:40 PM,19973.50,471.35,46468.20
50132,5/2/2024 6:48:50 PM,19973.00,470.98,46468.17
50132,5/2/2024 6:49:00 PM,19972.82,470.70,46468.00
50132,5/2/2024 6:49:10 PM,19973.40,470.53,46468.20
50132,5/2/2024 6:49:20 PM,19973.50,470.53,46468.30
50132,5/2/2024 6:49:30 PM,19973.77,470.55,46468.69
50132,5/2/2024 6:49:40 PM,19973.87,470.53,46468.75
50132,5/2/2024 6:49:50 PM,19973.80,470.50,46468.87
50132,5/2/2024 6:50:00 PM,19973.44,470.40,46468.90
50132,5/2/2024 6:50:10 PM,19973.40,469.72,46468.95
50132,5/2/2024 6:50:20 PM,19973.22,469.24,46469.10
50132,5/2/2024 6:50:30 PM,19973.10,468.92,46469.20
50132,5/2/2024 6:50:40 PM,19973.30,468.40,46469.13
50132,5/2/2024 6:50:50 PM,19973.90,468.11,46468.90
50132,5/2/2024 6:51:00 PM,19974.37,468.03,46469.30
50132,5/2/2024 6:51:10 PM,19974.60,468.70,46469.20
50132,5/2/2024 6:51:20 PM,19974.10,469.13,46469.40
50132,5/2/2024 6:51:30 PM,19974.20,469.40,46469.10
50132,5/2/2024 6:51:40 PM,19974.20,469.14,46469.50
50132,5/2/2024 6:51:50 PM,19973.77,468.60,46469.38
50132,5/2/2024 6:52:00 PM,19974.00,468.34,46469.23
50132,5/2/2024 6:52:10 PM,19973.70,468.00,46469.33
50132,5/2/2024 6:52:20 PM,19973.13,467.90,46469.45
50132,5/2/2024 6:52:30 PM,19972.80,467.96,46469.10
50132,5/2/2024 6:52:40 PM,19973.20,467.90,46469.25
50132,5/2/2024 6:52:50 PM,19973.70,467.95,46469.20
50132,5/2/2024 6:53:00 PM,19973.70,468.20,46469.60
50132,5/2/2024 6:53:10 PM,19973.40,468.48,46469.40
50132,5/2/2024 6:53:20 PM,19973.70,468.20,46469.50
50132,5/2/2024 6:53:30 PM,19973.65,468.10,46469.40
50132,5/2/2024 6:53:40 PM,19973.70,468.18,46470.20
50132,5/2/2024 6:53:50 PM,19972.46,467.96,46469.70
50132,5/2/2024 6:54:00 PM,19972.60,467.77,46469.85
50132,5/2/2024 6:54:10 PM,19972.90,467.50,46469.60
50132,5/2/2024 6:54:20 PM,19972.90,467.54,46470.10
50132,5/2/2024 6:54:30 PM,19972.47,467.90,46470.04
50132,5/2/2024 6:54:40 PM,19972.10,468.43,46470.04
50132,5/2/2024 6:54:50 PM,19971.60,468.79,46470.00
50132,5/2/2024 6:55:00 PM,19972.23,468.95,46469.80
50132,5/2/2024 6:55:10 PM,19973.50,468.98,46469.70
50132,5/2/2024 6:55:20 PM,19974.40,469.10,46470.00
50132,5/2/2024 6:55:30 PM,19974.70,469.30,46470.10
50132,5/2/2024 6:55:40 PM,19975.00,469.40,46470.20
50132,5/2/2024 6:55:50 PM,19975.50,469.50,46469.80
50132,5/2/2024 6:56:00 PM,19975.80,469.80,46470.10
50132,5/2/2024 6:56:10 PM,19976.50,469.60,46470.10
50132,5/2/2024 6:56:20 PM,19976.40,469.98,46470.10
50132,5/2/2024 6:56:30 PM,19976.20,470.31,46470.00
50132,5/2/2024 6:56:40 PM,19976.10,470.20,46470.10
50132,5/2/2024 6:56:50 PM,19976.00,470.43,46469.90
50132,5/2/2024 6:57:00 PM,19976.44,470.72,46470.10
50132,5/2/2024 6:57:10 PM,19976.65,470.80,46469.95
50132,5/2/2024 6:57:20 PM,19977.20,470.57,46469.93
50132,5/2/2024 6:57:30 PM,19978.10,470.45,46469.80
50132,5/2/2024 6:57:40 PM,19978.90,470.57,46470.10
50132,5/2/2024 6:57:50 PM,19979.20,470.50,46470.20
50132,5/2/2024 6:58:00 PM,19979.29,470.80,46470.30
50132,5/2/2024 6:58:10 PM,19979.50,470.90,46470.20
50132,5/2/2024 6:58:20 PM,19980.10,470.55,46470.20
50132,5/2/2024 6:58:30 PM,19980.55,470.42,46470.00
50132,5/2/2024 6:58:40 PM,19980.75,470.21,46470.20
50132,5/2/2024 6:58:50 PM,19980.57,470.10,46470.56
50132,5/2/2024 6:59:00 PM,19980.55,470.02,46470.90
50132,5/2/2024 6:59:10 PM,19981.00,470.30,46470.37
50132,5/2/2024 6:59:20 PM,19981.20,470.50,46470.60
50132,5/2/2024 6:59:30 PM,19981.70,470.50,46470.40
50132,5/2/2024 6:59:40 PM,19981.80,470.60,46470.45
50132,5/2/2024 6:59:50 PM,19982.40,470.93,46470.54
50132,5/2/2024 7:00:00 PM,19982.87,471.25,46470.80
50132,5/2/2024 7:00:10 PM,19983.00,471.80,46470.60
50132,5/2/2024 7:00:20 PM,19983.40,472.20,46470.73
50132,5/2/2024 7:00:30 PM,19983.40,471.84,46470.74
50132,5/2/2024 7:00:40 PM,19983.67,471.27,46470.60
50132,5/2/2024 7:00:50 PM,19983.47,471.20,46470.70
50132,5/2/2024 7:01:00 PM,19983.50,472.47,46471.00
50132,5/2/2024 7:01:10 PM,19983.38,474.09,46470.87
50132,5/2/2024 7:01:20 PM,19982.27,475.73,46471.10
50132,5/2/2024 7:01:30 PM,19981.50,476.77,46470.55
50132,5/2/2024 7:01:40 PM,19981.43,476.73,46470.40
50132,5/2/2024 7:01:50 PM,19981.70,475.67,46470.20
50132,5/2/2024 7:02:00 PM,19981.83,474.71,46470.15
50132,5/2/2024 7:02:10 PM,19982.43,473.72,46469.95
50132,5/2/2024 7:02:20 PM,19983.25,473.52,46470.20
50132,5/2/2024 7:02:30 PM,19983.35,473.59,46470.15
50132,5/2/2024 7:02:40 PM,19982.60,474.58,46470.43
50132,5/2/2024 7:02:50 PM,19981.70,475.00,46470.15
50132,5/2/2024 7:03:00 PM,19981.90,474.96,46470.10
50132,5/2/2024 7:03:10 PM,19981.90,474.30,46469.80
50132,5/2/2024 7:03:20 PM,19982.00,473.43,46470.00
50132,5/2/2024 7:03:30 PM,19981.87,472.80,46469.80
50132,5/2/2024 7:03:40 PM,19981.80,472.29,46469.70
50132,5/2/2024 7:03:50 PM,19981.40,472.00,46469.67
50132,5/2/2024 7:04:00 PM,19981.10,471.78,46469.70
50132,5/2/2024 7:04:10 PM,19980.70,472.15,46469.54
50132,5/2/2024 7:04:20 PM,19980.70,472.50,46469.50
50132,5/2/2024 7:04:30 PM,19980.73,472.25,46469.00
50132,5/2/2024 7:04:40 PM,19980.60,471.80,46469.10
50132,5/2/2024 7:04:50 PM,19980.90,471.43,46468.70
50132,5/2/2024 7:05:00 PM,19981.29,471.35,46469.00
50132,5/2/2024 7:05:10 PM,19981.84,471.63,46468.85
50132,5/2/2024 7:05:20 PM,19982.20,472.20,46468.90
50132,5/2/2024 7:05:30 PM,19982.10,472.90,46468.90
50132,5/2/2024 7:05:40 PM,19981.30,473.80,46468.80
50132,5/2/2024 7:05:50 PM,19980.30,474.40,46468.50
50132,5/2/2024 7:06:00 PM,19979.40,474.40,46468.50
50132,5/2/2024 7:06:10 PM,19979.30,473.80,46467.90
50132,5/2/2024 7:06:20 PM,19980.00,472.87,46467.85
50132,5/2/2024 7:06:30 PM,19980.25,472.40,46467.60
50132,5/2/2024 7:06:40 PM,19979.76,472.16,46468.00
50132,5/2/2024 7:06:50 PM,19979.03,471.85,46467.60
50132,5/2/2024 7:07:00 PM,19978.24,472.35,46467.90
50132,5/2/2024 7:07:10 PM,19976.47,473.12,46467.77
50132,5/2/2024 7:07:20 PM,19975.10,473.74,46467.80
50132,5/2/2024 7:07:30 PM,19974.00,474.09,46467.25
50132,5/2/2024 7:07:40 PM,19973.56,474.10,46466.60
50132,5/2/2024 7:07:50 PM,19974.00,473.70,46466.20
50132,5/2/2024 7:08:00 PM,19974.50,473.18,46466.50
50132,5/2/2024 7:08:10 PM,19974.67,472.70,46466.15
50132,5/2/2024 7:08:20 PM,19975.20,472.30,46466.30
50132,5/2/2024 7:08:30 PM,19976.07,472.34,46466.35
50132,5/2/2024 7:08:40 PM,19976.40,472.52,46466.50
50132,5/2/2024 7:08:50 PM,19976.40,472.99,46466.46
50132,5/2/2024 7:09:00 PM,19975.70,473.00,46466.46
50132,5/2/2024 7:09:10 PM,19974.70,472.90,46466.40
50132,5/2/2024 7:09:20 PM,19973.80,473.30,46466.30
50132,5/2/2024 7:09:30 PM,19972.70,473.40,46466.10
50132,5/2/2024 7:09:40 PM,19972.05,473.60,46466.10
50132,5/2/2024 7:09:50 PM,19971.91,473.76,46465.60
50132,5/2/2024 7:10:00 PM,19972.20,473.93,46465.55
50132,5/2/2024 7:10:10 PM,19972.30,474.37,46465.50
50132,5/2/2024 7:10:20 PM,19973.03,474.40,46465.60
50132,5/2/2024 7:10:30 PM,19974.10,474.39,46465.30
50132,5/2/2024 7:10:40 PM,19974.70,474.80,46465.55
50132,5/2/2024 7:10:50 PM,19974.50,475.10,46465.65
50132,5/2/2024 7:11:00 PM,19974.50,475.55,46465.55
50132,5/2/2024 7:11:10 PM,19974.60,475.30,46465.20
50132,5/2/2024 7:11:20 PM,19974.75,475.03,46465.40
50132,5/2/2024 7:11:30 PM,19974.70,474.97,46465.27
50132,5/2/2024 7:11:40 PM,19974.38,474.90,46465.40
50132,5/2/2024 7:11:50 PM,19973.47,474.77,46465.10
50132,5/2/2024 7:12:00 PM,19972.80,475.18,46465.13
50132,5/2/2024 7:12:10 PM,19972.50,475.90,46465.10
50132,5/2/2024 7:12:20 PM,19972.45,476.40,46464.80
50132,5/2/2024 7:12:30 PM,19972.63,477.00,46464.60
50132,5/2/2024 7:12:40 PM,19973.17,476.90,46464.55
50132,5/2/2024 7:12:50 PM,19973.30,476.74,46464.40
50132,5/2/2024 7:13:00 PM,19973.20,477.10,46464.80
50132,5/2/2024 7:13:10 PM,19973.10,477.37,46464.30
50132,5/2/2024 7:13:20 PM,19973.00,477.60,46464.60
50132,5/2/2024 7:13:30 PM,19973.00,477.79,46464.20
50132,5/2/2024 7:13:40 PM,19972.90,478.02,46464.50
50132,5/2/2024 7:13:50 PM,19973.05,478.40,46464.20
50132,5/2/2024 7:14:00 PM,19973.35,478.50,46464.40
50132,5/2/2024 7:14:10 PM,19973.85,478.80,46464.40
50132,5/2/2024 7:14:20 PM,19974.20,479.50,46464.67
50132,5/2/2024 7:14:30 PM,19974.23,480.00,46464.50
50132,5/2/2024 7:14:40 PM,19974.70,480.05,46464.63
50132,5/2/2024 7:14:50 PM,19974.50,480.13,46464.45
50132,5/2/2024 7:15:00 PM,19974.50,480.50,46464.43
50132,5/2/2024 7:15:10 PM,19974.35,480.43,46464.30
50132,5/2/2024 7:15:20 PM,19974.40,480.40,46464.50
50132,5/2/2024 7:15:30 PM,19974.70,480.40,46464.00
50132,5/2/2024 7:15:40 PM,19974.40,480.50,46464.20
50132,5/2/2024 7:15:50 PM,19974.70,480.10,46464.10
50132,5/2/2024 7:16:00 PM,19976.00,479.80,46464.00
50132,5/2/2024 7:16:10 PM,19976.80,479.50,46464.10
50132,5/2/2024 7:16:20 PM,19977.40,479.07,46464.37
50132,5/2/2024 7:16:30 PM,19977.75,478.65,46464.33
50132,5/2/2024 7:16:40 PM,19978.28,478.31,46464.60
50132,5/2/2024 7:16:50 PM,19978.00,478.10,46464.30
50132,5/2/2024 7:17:00 PM,19977.50,477.92,46464.63
50132,5/2/2024 7:17:10 PM,19977.50,477.90,46464.40
50132,5/2/2024 7:17:20 PM,19977.40,477.67,46464.60
50132,5/2/2024 7:17:30 PM,19976.70,477.67,46464.57
50132,5/2/2024 7:17:40 PM,19976.10,477.54,46464.45
50132,5/2/2024 7:17:50 PM,19975.75,477.57,46464.10
50132,5/2/2024 7:18:00 PM,19975.00,477.92,46464.50
50132,5/2/2024 7:18:10 PM,19974.05,477.88,46464.35
50132,5/2/2024 7:18:20 PM,19973.50,477.96,46464.05
50132,5/2/2024 7:18:30 PM,19972.90,478.27,46463.80
50132,5/2/2024 7:18:40 PM,19971.70,478.50,46464.05
50132,5/2/2024 7:18:50 PM,19970.90,478.80,46463.85
50132,5/2/2024 7:19:00 PM,19970.60,478.92,46463.40
50132,5/2/2024 7:19:10 PM,19970.38,479.03,46463.00
50132,5/2/2024 7:19:20 PM,19970.04,479.13,46463.20
50132,5/2/2024 7:19:30 PM,19969.80,479.58,46462.80
50132,5/2/2024 7:19:40 PM,19969.07,479.60,46462.70
50132,5/2/2024 7:19:50 PM,19968.60,479.87,46462.30
50132,5/2/2024 7:20:00 PM,19968.10,479.90,46462.27
50132,5/2/2024 7:20:10 PM,19967.85,480.25,46462.00
50132,5/2/2024 7:20:20 PM,19967.45,480.56,46462.10
50132,5/2/2024 7:20:30 PM,19966.70,481.20,46461.70
50132,5/2/2024 7:20:40 PM,19965.80,481.44,46461.80
50132,5/2/2024 7:20:50 PM,19965.23,481.68,46461.30
50132,5/2/2024 7:21:00 PM,19965.10,481.95,46461.10
50132,5/2/2024 7:21:10 PM,19965.00,482.53,46460.90
50132,5/2/2024 7:21:20 PM,19964.68,482.95,46460.80
50132,5/2/2024 7:21:30 PM,19964.78,483.31,46460.30
50132,5/2/2024 7:21:40 PM,19964.55,483.70,46460.20
50132,5/2/2024 7:21:50 PM,19964.17,484.00,46459.80
50132,5/2/2024 7:22:00 PM,19963.90,483.97,46459.90
50132,5/2/2024 7:22:10 PM,19963.63,483.98,46459.70
50132,5/2/2024 7:22:20 PM,19963.73,483.96,46459.80
50132,5/2/2024 7:22:30 PM,19963.60,483.97,46459.60
50132,5/2/2024 7:22:40 PM,19963.30,483.90,46459.40
50132,5/2/2024 7:22:50 PM,19963.40,483.95,46459.13
50132,5/2/2024 7:23:00 PM,19963.93,484.22,46459.10
50132,5/2/2024 7:23:10 PM,19964.40,484.50,46458.80
50132,5/2/2024 7:23:20 PM,19964.53,484.94,46458.97
50132,5/2/2024 7:23:30 PM,19964.00,485.35,46458.80
50132,5/2/2024 7:23:40 PM,19963.00,485.86,46459.10
50132,5/2/2024 7:23:50 PM,19962.90,486.18,46458.80
50132,5/2/2024 7:24:00 PM,19962.90,486.66,46458.80
50132,5/2/2024 7:24:10 PM,19962.60,487.08,46458.27
50132,5/2/2024 7:24:20 PM,19962.40,487.50,46458.20
50132,5/2/2024 7:24:30 PM,19962.70,487.92,46457.90
50132,5/2/2024 7:24:40 PM,19962.20,488.30,46457.90
50132,5/2/2024 7:24:50 PM,19961.50,488.50,46457.92
50132,5/2/2024 7:25:00 PM,19961.57,488.80,46457.90
50132,5/2/2024 7:25:10 PM,19961.10,488.80,46457.77
50132,5/2/2024 7:25:20 PM,19961.20,488.50,46457.80
50132,5/2/2024 7:25:30 PM,19961.30,488.40,46457.70
50132,5/2/2024 7:25:40 PM,19961.80,488.20,46457.50
50132,5/2/2024 7:25:50 PM,19962.00,488.30,46457.30
50132,5/2/2024 7:26:00 PM,19962.50,488.10,46457.40
50132,5/2/2024 7:26:10 PM,19962.90,488.00,46457.20
50132,5/2/2024 7:26:20 PM,19963.50,487.66,46457.35
50132,5/2/2024 7:26:30 PM,19963.56,487.56,46457.50
50132,5/2/2024 7:26:40 PM,19963.57,487.70,46457.80
50132,5/2/2024 7:26:50 PM,19963.25,488.10,46457.70
50132,5/2/2024 7:27:00 PM,19962.80,488.40,46458.00
50132,5/2/2024 7:27:10 PM,19962.30,487.75,46457.40
50132,5/2/2024 7:27:20 PM,19963.80,487.92,46457.40
50132,5/2/2024 7:27:30 PM,19964.00,488.40,46457.60
50132,5/2/2024 7:27:40 PM,19962.25,487.35,46458.50
50132,5/2/2024 7:27:50 PM,19963.30,487.38,46457.55
50132,5/2/2024 7:28:00 PM,19965.60,488.10,46457.70
50132,5/2/2024 7:28:10 PM,19964.87,487.90,46458.30
50132,5/2/2024 7:28:20 PM,19963.70,488.10,46458.50
50132,5/2/2024 7:28:30 PM,19964.60,488.60,46457.70
50132,5/2/2024 7:28:40 PM,19964.64,488.49,46458.50
50132,5/2/2024 7:28:50 PM,19963.70,488.58,46458.50
50132,5/2/2024 7:29:00 PM,19963.70,488.70,46458.40
50132,5/2/2024 7:29:10 PM,19964.15,488.47,46458.00
50132,5/2/2024 7:29:20 PM,19964.31,488.33,46458.50
50132,5/2/2024 7:29:30 PM,19964.30,488.50,46458.10
50132,5/2/2024 7:29:40 PM,19965.10,488.60,46458.15
50132,5/2/2024 7:29:50 PM,19964.90,488.50,46458.20
50132,5/2/2024 7:30:00 PM,19964.90,488.96,46458.40
50132,5/2/2024 7:30:10 PM,19965.50,489.36,46458.03
50132,5/2/2024 7:30:20 PM,19965.94,488.90,46458.30
50132,5/2/2024 7:30:30 PM,19966.50,488.63,46458.20
50132,5/2/2024 7:30:40 PM,19967.40,488.65,46458.05
50132,5/2/2024 7:30:50 PM,19968.05,488.40,46457.90
50132,5/2/2024 7:31:00 PM,19968.60,488.54,46458.30
50132,5/2/2024 7:31:10 PM,19968.70,488.80,46458.55
50132,5/2/2024 7:31:20 PM,19968.70,488.63,46458.65
50132,5/2/2024 7:31:30 PM,19968.50,488.70,46458.50
50132,5/2/2024 7:31:40 PM,19968.74,488.70,46458.70
50132,5/2/2024 7:31:50 PM,19968.27,488.65,46458.60
50132,5/2/2024 7:32:00 PM,19967.60,488.51,46459.10
50132,5/2/2024 7:32:10 PM,19966.65,489.10,46458.70
50132,5/2/2024 7:32:20 PM,19965.93,489.46,46458.90
50132,5/2/2024 7:32:30 PM,19964.97,489.32,46458.70
50132,5/2/2024 7:32:40 PM,19964.95,489.29,46458.50
50132,5/2/2024 7:32:50 PM,19965.40,489.30,46458.20
50132,5/2/2024 7:33:00 PM,19966.20,489.20,46458.10
50132,5/2/2024 7:33:10 PM,19966.60,489.50,46458.05
50132,5/2/2024 7:33:20 PM,19967.20,489.50,46457.80
50132,5/2/2024 7:33:30 PM,19967.85,489.60,46458.04
50132,5/2/2024 7:33:40 PM,19967.70,489.74,46458.30
50132,5/2/2024 7:33:50 PM,19966.80,489.50,46458.20
50132,5/2/2024 7:34:00 PM,19966.87,489.50,46458.10
50132,5/2/2024 7:34:10 PM,19967.40,489.68,46457.80
50132,5/2/2024 7:34:20 PM,19966.90,489.70,46458.10
50132,5/2/2024 7:34:30 PM,19967.65,489.55,46457.67
50132,5/2/2024 7:34:40 PM,19969.70,490.20,46457.90
50132,5/2/2024 7:34:50 PM,19968.55,490.10,46458.30
50132,5/2/2024 7:35:00 PM,19966.20,489.63,46458.50
50132,5/2/2024 7:35:10 PM,19967.00,489.30,46457.53
50132,5/2/2024 7:35:20 PM,19970.00,489.70,46457.40
50132,5/2/2024 7:35:30 PM,19969.60,489.80,46458.20
50132,5/2/2024 7:35:40 PM,19967.90,489.60,46458.30
50132,5/2/2024 7:35:50 PM,19968.50,490.00,46457.70
50132,5/2/2024 7:36:00 PM,19968.70,490.00,46458.10
50132,5/2/2024 7:36:10 PM,19967.30,489.90,46458.30
50132,5/2/2024 7:36:20 PM,19966.80,489.70,46458.10
50132,5/2/2024 7:36:30 PM,19967.62,489.78,46457.83
50132,5/2/2024 7:36:40 PM,19967.48,489.80,46458.30
50132,5/2/2024 7:36:50 PM,19967.00,490.07,46458.13
50132,5/2/2024 7:37:00 PM,19967.20,490.30,46457.65
50132,5/2/2024 7:37:10 PM,19967.20,490.50,46457.50
50132,5/2/2024 7:37:20 PM,19967.10,490.60,46457.60
50132,5/2/2024 7:37:30 PM,19967.20,490.88,46457.20
50132,5/2/2024 7:37:40 PM,19967.50,490.72,46457.30
50132,5/2/2024 7:37:50 PM,19967.38,490.80,46457.27
50132,5/2/2024 7:38:00 PM,19968.00,490.87,46457.20
50132,5/2/2024 7:38:10 PM,19968.42,490.75,46456.90
50132,5/2/2024 7:38:20 PM,19968.60,491.04,46457.20
50132,5/2/2024 7:38:30 PM,19968.80,491.18,46457.03
50132,5/2/2024 7:38:40 PM,19968.50,491.14,46456.95
50132,5/2/2024 7:38:50 PM,19968.70,491.10,46456.87
50132,5/2/2024 7:39:00 PM,19969.15,491.06,46457.00
50132,5/2/2024 7:39:10 PM,19969.50,490.95,46456.80
50132,5/2/2024 7:39:20 PM,19970.15,491.15,46456.75
50132,5/2/2024 7:39:30 PM,19970.10,491.16,46456.80
50132,5/2/2024 7:39:40 PM,19970.60,491.13,46457.00
50132,5/2/2024 7:39:50 PM,19971.95,491.35,46456.65
50132,5/2/2024 7:40:00 PM,19972.40,491.30,46457.30
50132,5/2/2024 7:40:10 PM,19971.32,491.30,46457.30
50132,5/2/2024 7:40:20 PM,19970.77,491.20,46457.30
50132,5/2/2024 7:40:30 PM,19970.90,490.79,46457.00
50132,5/2/2024 7:40:40 PM,19971.00,490.73,46457.30
50132,5/2/2024 7:40:50 PM,19971.67,490.63,46457.30
50132,5/2/2024 7:41:00 PM,19971.43,490.40,46457.60
50132,5/2/2024 7:41:10 PM,19971.10,490.46,46457.50
50132,5/2/2024 7:41:20 PM,19971.34,490.38,46457.73
50132,5/2/2024 7:41:30 PM,19971.54,490.30,46457.65
50132,5/2/2024 7:41:40 PM,19971.90,490.35,46457.80
50132,5/2/2024 7:41:50 PM,19972.00,490.33,46457.60
50132,5/2/2024 7:42:00 PM,19972.05,490.33,46457.70
50132,5/2/2024 7:42:10 PM,19972.40,490.43,46457.65
50132,5/2/2024 7:42:20 PM,19972.30,490.47,46457.80
50132,5/2/2024 7:42:30 PM,19972.10,490.57,46457.67
50132,5/2/2024 7:42:40 PM,19971.84,490.45,46457.67
50132,5/2/2024 7:42:50 PM,19971.96,490.47,46457.40
50132,5/2/2024 7:43:00 PM,19972.20,490.40,46457.70
50132,5/2/2024 7:43:10 PM,19972.00,490.25,46457.50
50132,5/2/2024 7:43:20 PM,19972.50,490.30,46458.00
50132,5/2/2024 7:43:30 PM,19972.60,490.50,46457.50
50132,5/2/2024 7:43:40 PM,19972.40,490.33,46457.77
50132,5/2/2024 7:43:50 PM,19972.50,490.30,46457.70
50132,5/2/2024 7:44:00 PM,19972.70,490.40,46457.90
50132,5/2/2024 7:44:10 PM,19972.50,490.37,46457.50
50132,5/2/2024 7:44:20 PM,19972.75,490.30,46457.70
50132,5/2/2024 7:44:30 PM,19972.97,490.10,46457.20
50132,5/2/2024 7:44:40 PM,19973.40,490.30,46457.55
50132,5/2/2024 7:44:50 PM,19973.40,490.30,46457.50
50132,5/2/2024 7:45:00 PM,19973.10,490.30,46457.93
50132,5/2/2024 7:45:10 PM,19973.00,490.34,46457.80
50132,5/2/2024 7:45:20 PM,19972.70,490.50,46458.00
50132,5/2/2024 7:45:30 PM,19972.40,490.50,46457.80
50132,5/2/2024 7:45:40 PM,19972.90,490.50,46457.80
50132,5/2/2024 7:45:50 PM,19973.20,490.50,46457.70
50132,5/2/2024 7:46:00 PM,19973.70,490.40,46457.90
50132,5/2/2024 7:46:10 PM,19973.90,490.30,46457.60
50132,5/2/2024 7:46:20 PM,19974.18,490.38,46457.90
50132,5/2/2024 7:46:30 PM,19973.72,490.20,46457.95
50132,5/2/2024 7:46:40 PM,19973.43,490.25,46458.20
50132,5/2/2024 7:46:50 PM,19973.88,490.13,46457.90
50132,5/2/2024 7:47:00 PM,19974.78,490.00,46457.90
50132,5/2/2024 7:47:10 PM,19975.45,490.00,46457.87
50132,5/2/2024 7:47:20 PM,19975.53,490.18,46458.10
50132,5/2/2024 7:47:30 PM,19975.70,490.25,46457.80
50132,5/2/2024 7:47:40 PM,19976.20,490.33,46458.10
50132,5/2/2024 7:47:50 PM,19976.37,490.37,46457.90
50132,5/2/2024 7:48:00 PM,19976.70,490.68,46458.10
50132,5/2/2024 7:48:10 PM,19977.07,490.77,46457.80
50132,5/2/2024 7:48:20 PM,19976.69,490.65,46458.30
50132,5/2/2024 7:48:30 PM,19976.50,490.70,46458.10
50132,5/2/2024 7:48:40 PM,19976.90,490.80,46458.10
50132,5/2/2024 7:48:50 PM,19976.75,491.04,46458.00
50132,5/2/2024 7:49:00 PM,19976.54,491.02,46458.10
50132,5/2/2024 7:49:10 PM,19976.70,490.90,46457.87
50132,5/2/2024 7:49:20 PM,19977.15,490.80,46457.80
50132,5/2/2024 7:49:30 PM,19977.32,490.96,46457.70
50132,5/2/2024 7:49:40 PM,19977.10,490.89,46457.77
50132,5/2/2024 7:49:50 PM,19977.30,491.00,46457.60
50132,5/2/2024 7:50:00 PM,19977.00,491.07,46457.80
50132,5/2/2024 7:50:10 PM,19976.83,491.10,46457.83
50132,5/2/2024 7:50:20 PM,19976.90,491.11,46457.57
50132,5/2/2024 7:50:30 PM,19976.90,490.85,46457.30
50132,5/2/2024 7:50:40 PM,19976.97,490.76,46457.40
50132,5/2/2024 7:50:50 PM,19977.10,490.70,46457.10
50132,5/2/2024 7:51:00 PM,19977.50,490.60,46457.40
50132,5/2/2024 7:51:10 PM,19977.94,490.60,46457.20
50132,5/2/2024 7:51:20 PM,19978.06,490.63,46457.35
50132,5/2/2024 7:51:30 PM,19978.15,490.41,46457.40
50132,5/2/2024 7:51:40 PM,19978.60,490.13,46457.60
50132,5/2/2024 7:51:50 PM,19978.40,490.16,46457.30
50132,5/2/2024 7:52:00 PM,19978.20,490.20,46457.80
50132,5/2/2024 7:52:10 PM,19977.90,490.30,46457.60
50132,5/2/2024 7:52:20 PM,19977.60,490.35,46457.55
50132,5/2/2024 7:52:30 PM,19977.10,490.20,46457.40
50132,5/2/2024 7:52:40 PM,19976.70,490.23,46457.40
50132,5/2/2024 7:52:50 PM,19976.10,490.04,46457.40
50132,5/2/2024 7:53:00 PM,19976.10,489.95,46457.54
50132,5/2/2024 7:53:10 PM,19976.10,490.20,46457.20
50132,5/2/2024 7:53:20 PM,19976.10,490.15,46457.30
50132,5/2/2024 7:53:30 PM,19975.67,489.98,46457.57
50132,5/2/2024 7:53:40 PM,19975.40,490.03,46457.54
50132,5/2/2024 7:53:50 PM,19975.40,490.05,46457.40
50132,5/2/2024 7:54:00 PM,19975.30,490.00,46457.70
50132,5/2/2024 7:54:10 PM,19974.95,490.03,46457.55
50132,5/2/2024 7:54:20 PM,19975.00,489.93,46457.65
50132,5/2/2024 7:54:30 PM,19975.20,489.92,46457.30
50132,5/2/2024 7:54:40 PM,19975.20,490.00,46457.50
50132,5/2/2024 7:54:50 PM,19975.04,489.95,46457.30
50132,5/2/2024 7:55:00 PM,19975.20,489.70,46457.54
50132,5/2/2024 7:55:10 PM,19975.31,489.64,46457.45
50132,5/2/2024 7:55:20 PM,19975.20,489.60,46457.70
50132,5/2/2024 7:55:30 PM,19974.50,489.40,46457.50
50132,5/2/2024 7:55:40 PM,19974.70,489.20,46457.60
50132,5/2/2024 7:55:50 PM,19974.90,489.10,46457.20
50132,5/2/2024 7:56:00 PM,19974.60,489.00,46457.50
50132,5/2/2024 7:56:10 PM,19974.20,488.90,46457.60
50132,5/2/2024 7:56:20 PM,19973.49,488.65,46457.77
50132,5/2/2024 7:56:30 PM,19973.41,488.46,46457.50
50132,5/2/2024 7:56:40 PM,19972.90,488.08,46457.90
50132,5/2/2024 7:56:50 PM,19972.90,487.97,46457.80
50132,5/2/2024 7:57:00 PM,19973.40,488.00,46457.80
50132,5/2/2024 7:57:10 PM,19973.25,487.99,46457.90
50132,5/2/2024 7:57:20 PM,19972.83,487.80,46458.30
50132,5/2/2024 7:57:30 PM,19973.00,487.45,46457.90
50132,5/2/2024 7:57:40 PM,19973.45,487.20,46458.05
50132,5/2/2024 7:57:50 PM,19973.50,487.11,46457.90
50132,5/2/2024 7:58:00 PM,19973.62,486.94,46458.70
50132,5/2/2024 7:58:10 PM,19973.50,486.63,46458.00
50132,5/2/2024 7:58:20 PM,19973.55,486.50,46458.80
50132,5/2/2024 7:58:30 PM,19973.60,486.33,46458.60
50132,5/2/2024 7:58:40 PM,19973.63,486.25,46459.00
50132,5/2/2024 7:58:50 PM,19973.70,486.30,46458.73
50132,5/2/2024 7:59:00 PM,19973.60,486.44,46459.30
50132,5/2/2024 7:59:10 PM,19973.40,486.63,46459.20
50132,5/2/2024 7:59:20 PM,19972.90,486.97,46459.40
50132,5/2/2024 7:59:30 PM,19972.47,487.20,46459.10
50132,5/2/2024 7:59:40 PM,19972.70,487.50,46459.20
50132,5/2/2024 7:59:50 PM,19972.60,487.64,46458.90
50132,5/2/2024 8:00:00 PM,19972.65,488.00,46459.10
50132,5/2/2024 8:00:10 PM,19973.07,487.90,46458.80
50132,5/2/2024 8:00:20 PM,19973.68,487.89,46459.00
50132,5/2/2024 8:00:30 PM,19973.50,488.25,46458.90
50132,5/2/2024 8:00:40 PM,19973.10,488.60,46459.10
50132,5/2/2024 8:00:50 PM,19972.50,488.70,46458.60
50132,5/2/2024 8:01:00 PM,19972.47,488.63,46458.70
50132,5/2/2024 8:01:10 PM,19972.10,488.69,46458.20
50132,5/2/2024 8:01:20 PM,19972.00,488.80,46458.30
50132,5/2/2024 8:01:30 PM,19972.25,488.85,46458.00
50132,5/2/2024 8:01:40 PM,19972.30,488.96,46458.10
50132,5/2/2024 8:01:50 PM,19971.90,489.16,46457.80
50132,5/2/2024 8:02:00 PM,19972.40,489.34,46457.64
50132,5/2/2024 8:02:10 PM,19972.50,489.83,46457.70
50132,5/2/2024 8:02:20 PM,19971.80,489.90,46457.90
50132,5/2/2024 8:02:30 PM,19971.40,489.92,46457.70
50132,5/2/2024 8:02:40 PM,19971.50,490.20,46457.40
50132,5/2/2024 8:02:50 PM,19971.82,490.40,46457.30
50132,5/2/2024 8:03:00 PM,19971.00,490.30,46457.45
50132,5/2/2024 8:03:10 PM,19971.36,490.17,46457.20
50132,5/2/2024 8:03:20 PM,19972.10,490.35,46457.30
50132,5/2/2024 8:03:30 PM,19972.03,490.47,46457.40
50132,5/2/2024 8:03:40 PM,19971.30,490.65,46457.20
50132,5/2/2024 8:03:50 PM,19971.40,490.60,46456.90
50132,5/2/2024 8:04:00 PM,19971.70,490.80,46456.90
50132,5/2/2024 8:04:10 PM,19971.70,490.90,46456.70
50132,5/2/2024 8:04:20 PM,19971.15,490.74,46456.75
50132,5/2/2024 8:04:30 PM,19971.00,490.73,46456.60
50132,5/2/2024 8:04:40 PM,19971.20,490.73,46456.30
50132,5/2/2024 8:04:50 PM,19971.21,490.66,46456.20
50132,5/2/2024 8:05:00 PM,19971.50,490.80,46456.25
50132,5/2/2024 8:05:10 PM,19971.60,490.80,46456.20
50132,5/2/2024 8:05:20 PM,19971.90,490.90,46456.30
50132,5/2/2024 8:05:30 PM,19971.70,490.90,46456.20
50132,5/2/2024 8:05:40 PM,19971.70,490.80,46456.20
50132,5/2/2024 8:05:50 PM,19972.00,490.80,46455.80
50132,5/2/2024 8:06:00 PM,19972.30,491.00,46456.20
50132,5/2/2024 8:06:10 PM,19971.80,491.00,46456.20
50132,5/2/2024 8:06:20 PM,19971.30,491.03,46456.40
50132,5/2/2024 8:06:30 PM,19971.27,490.95,46455.80
50132,5/2/2024 8:06:40 PM,19971.60,491.10,46455.90
50132,5/2/2024 8:06:50 PM,19971.23,491.09,46455.90
50132,5/2/2024 8:07:00 PM,19970.78,491.13,46455.93
50132,5/2/2024 8:07:10 PM,19970.72,491.15,46455.75
50132,5/2/2024 8:07:20 PM,19970.60,491.17,46455.70
50132,5/2/2024 8:07:30 PM,19970.70,491.33,46455.57
50132,5/2/2024 8:07:40 PM,19970.80,491.40,46455.70
50132,5/2/2024 8:07:50 PM,19970.60,491.50,46455.60
50132,5/2/2024 8:08:00 PM,19970.70,491.70,46455.75
50132,5/2/2024 8:08:10 PM,19970.30,492.10,46455.40
50132,5/2/2024 8:08:20 PM,19969.60,491.85,46455.60
50132,5/2/2024 8:08:30 PM,19969.95,491.55,46455.45
50132,5/2/2024 8:08:40 PM,19970.61,491.70,46455.30
50132,5/2/2024 8:08:50 PM,19970.80,491.62,46455.10
50132,5/2/2024 8:09:00 PM,19970.90,491.50,46455.30
50132,5/2/2024 8:09:10 PM,19971.25,491.70,46455.27
50132,5/2/2024 8:09:20 PM,19971.70,491.83,46455.50
50132,5/2/2024 8:09:30 PM,19971.60,492.03,46455.20
50132,5/2/2024 8:09:40 PM,19971.45,492.20,46455.45
50132,5/2/2024 8:09:50 PM,19971.30,492.17,46455.23
50132,5/2/2024 8:10:00 PM,19970.91,492.10,46455.25
50132,5/2/2024 8:10:10 PM,19970.50,491.83,46455.25
50132,5/2/2024 8:10:20 PM,19970.30,491.60,46455.20
50132,5/2/2024 8:10:30 PM,19970.27,491.66,46455.20
50132,5/2/2024 8:10:40 PM,19969.87,491.80,46455.50
50132,5/2/2024 8:10:50 PM,19969.30,491.57,46455.30
50132,5/2/2024 8:11:00 PM,19969.40,491.45,46455.40
50132,5/2/2024 8:11:10 PM,19969.49,491.47,46455.30
50132,5/2/2024 8:11:20 PM,19969.60,491.39,46455.60
50132,5/2/2024 8:11:30 PM,19969.60,491.40,46455.40
50132,5/2/2024 8:11:40 PM,19970.00,491.37,46455.40
50132,5/2/2024 8:11:50 PM,19969.59,491.38,46455.55
50132,5/2/2024 8:12:00 PM,19969.60,491.40,46455.40
50132,5/2/2024 8:12:10 PM,19969.56,491.35,46455.10
50132,5/2/2024 8:12:20 PM,19969.80,491.42,46455.60
50132,5/2/2024 8:12:30 PM,19969.30,491.37,46455.68
50132,5/2/2024 8:12:40 PM,19969.23,491.20,46455.80
50132,5/2/2024 8:12:50 PM,19969.40,491.37,46455.50
50132,5/2/2024 8:13:00 PM,19969.30,491.39,46455.50
50132,5/2/2024 8:13:10 PM,19969.60,491.30,46455.60
50132,5/2/2024 8:13:20 PM,19969.40,491.35,46455.40
50132,5/2/2024 8:13:30 PM,19969.14,491.25,46455.40
50132,5/2/2024 8:13:40 PM,19969.40,491.33,46455.50
50132,5/2/2024 8:13:50 PM,19969.40,491.40,46455.40
50132,5/2/2024 8:14:00 PM,19969.35,491.33,46455.53
50132,5/2/2024 8:14:10 PM,19969.19,491.13,46455.45
50132,5/2/2024 8:14:20 PM,19969.30,490.90,46455.60
50132,5/2/2024 8:14:30 PM,19969.40,490.84,46455.10
50132,5/2/2024 8:14:40 PM,19969.95,490.60,46455.60
50132,5/2/2024 8:14:50 PM,19970.33,490.58,46455.40
50132,5/2/2024 8:15:00 PM,19970.50,490.70,46455.60
50132,5/2/2024 8:15:10 PM,19970.27,490.55,46455.70
50132,5/2/2024 8:15:20 PM,19970.40,490.80,46455.70
50132,5/2/2024 8:15:30 PM,19970.60,490.90,46455.60
50132,5/2/2024 8:15:40 PM,19971.00,490.70,46455.60
50132,5/2/2024 8:15:50 PM,19971.00,490.80,46455.50
50132,5/2/2024 8:16:00 PM,19969.80,491.00,46455.90
50132,5/2/2024 8:16:10 PM,19967.90,491.10,46455.60
50132,5/2/2024 8:16:20 PM,19967.15,490.60,46455.23
50132,5/2/2024 8:16:30 PM,19968.10,490.23,46454.80
50132,5/2/2024 8:16:40 PM,19968.60,490.44,46454.90
50132,5/2/2024 8:16:50 PM,19967.70,490.35,46455.20
50132,5/2/2024 8:17:00 PM,19967.47,490.01,46455.00
50132,5/2/2024 8:17:10 PM,19968.63,490.20,46454.50
50132,5/2/2024 8:17:20 PM,19969.10,490.29,46454.87
50132,5/2/2024 8:17:30 PM,19969.10,490.23,46454.80
50132,5/2/2024 8:17:40 PM,19969.55,490.02,46454.85
50132,5/2/2024 8:17:50 PM,19969.90,489.90,46454.87
50132,5/2/2024 8:18:00 PM,19970.27,489.72,46455.10
50132,5/2/2024 8:18:10 PM,19970.70,489.85,46455.00
50132,5/2/2024 8:18:20 PM,19971.00,489.67,46455.24
50132,5/2/2024 8:18:30 PM,19971.05,489.70,46455.37
50132,5/2/2024 8:18:40 PM,19970.95,489.65,46455.55
50132,5/2/2024 8:18:50 PM,19970.93,489.60,46455.50
50132,5/2/2024 8:19:00 PM,19971.50,489.56,46455.50
50132,5/2/2024 8:19:10 PM,19971.63,489.52,46455.55
50132,5/2/2024 8:19:20 PM,19971.37,489.56,46455.90
50132,5/2/2024 8:19:30 PM,19971.40,489.30,46455.40
50132,5/2/2024 8:19:40 PM,19972.60,489.47,46455.54
50132,5/2/2024 8:19:50 PM,19973.10,489.80,46455.80
50132,5/2/2024 8:20:00 PM,19972.73,489.95,46455.85
50132,5/2/2024 8:20:10 PM,19973.10,490.04,46455.40
50132,5/2/2024 8:20:20 PM,19973.85,490.25,46455.63
50132,5/2/2024 8:20:30 PM,19974.00,490.50,46455.80
50132,5/2/2024 8:20:40 PM,19973.69,490.43,46455.90
50132,5/2/2024 8:20:50 PM,19973.90,490.45,46455.70
50132,5/2/2024 8:21:00 PM,19973.78,490.40,46455.60
50132,5/2/2024 8:21:10 PM,19973.30,490.25,46455.40
50132,5/2/2024 8:21:20 PM,19973.27,490.20,46455.40
50132,5/2/2024 8:21:30 PM,19973.36,490.15,46455.35
50132,5/2/2024 8:21:40 PM,19973.10,490.34,46455.50
50132,5/2/2024 8:21:50 PM,19973.10,490.33,46455.10
50132,5/2/2024 8:22:00 PM,19973.10,490.37,46455.30
50132,5/2/2024 8:22:10 PM,19972.93,490.13,46455.00
50132,5/2/2024 8:22:20 PM,19973.30,490.06,46455.20
50132,5/2/2024 8:22:30 PM,19973.70,490.03,46454.80
50132,5/2/2024 8:22:40 PM,19973.65,489.85,46455.10
50132,5/2/2024 8:22:50 PM,19973.20,489.70,46455.00
50132,5/2/2024 8:23:00 PM,19973.40,489.85,46455.00
50132,5/2/2024 8:23:10 PM,19973.51,490.05,46455.07
50132,5/2/2024 8:23:20 PM,19973.60,490.10,46455.10
50132,5/2/2024 8:23:30 PM,19973.65,489.80,46454.80
50132,5/2/2024 8:23:40 PM,19973.88,489.90,46455.15
50132,5/2/2024 8:23:50 PM,19973.80,490.05,46455.17
50132,5/2/2024 8:24:00 PM,19973.50,489.98,46455.33
50132,5/2/2024 8:24:10 PM,19973.57,490.10,46454.90
50132,5/2/2024 8:24:20 PM,19973.75,490.02,46455.00
50132,5/2/2024 8:24:30 PM,19974.00,490.15,46454.70
50132,5/2/2024 8:24:40 PM,19974.10,490.27,46454.70
50132,5/2/2024 8:24:50 PM,19974.00,490.41,46454.90
50132,5/2/2024 8:25:00 PM,19973.85,490.55,46455.00
50132,5/2/2024 8:25:10 PM,19973.20,490.66,46454.80
50132,5/2/2024 8:25:20 PM,19973.40,490.80,46454.90
50132,5/2/2024 8:25:30 PM,19973.00,490.80,46454.60
50132,5/2/2024 8:25:40 PM,19972.60,490.90,46454.80
50132,5/2/2024 8:25:50 PM,19972.00,490.70,46454.40
50132,5/2/2024 8:26:00 PM,19972.70,490.40,46454.10
50132,5/2/2024 8:26:10 PM,19973.40,490.70,46454.00
50132,5/2/2024 8:26:20 PM,19973.64,490.60,46454.25
50132,5/2/2024 8:26:30 PM,19973.60,490.60,46454.00
50132,5/2/2024 8:26:40 PM,19973.70,490.87,46454.17
50132,5/2/2024 8:26:50 PM,19974.20,491.05,46454.05
50132,5/2/2024 8:27:00 PM,19974.00,490.90,46454.05
50132,5/2/2024 8:27:10 PM,19974.20,491.06,46453.80
50132,5/2/2024 8:27:20 PM,19974.50,491.10,46454.10
50132,5/2/2024 8:27:30 PM,19974.55,491.15,46453.80
50132,5/2/2024 8:27:40 PM,19974.43,491.33,46454.00
50132,5/2/2024 8:27:50 PM,19974.80,491.43,46454.10
50132,5/2/2024 8:28:00 PM,19975.20,491.70,46454.00
50132,5/2/2024 8:28:10 PM,19974.80,491.80,46453.90
50132,5/2/2024 8:28:20 PM,19975.10,491.90,46454.00
50132,5/2/2024 8:28:30 PM,19974.87,492.26,46453.75
50132,5/2/2024 8:28:40 PM,19974.90,492.30,46453.80
50132,5/2/2024 8:28:50 PM,19974.80,492.60,46453.80
50132,5/2/2024 8:29:00 PM,19974.60,492.40,46453.65
50132,5/2/2024 8:29:10 PM,19974.30,492.50,46453.30
50132,5/2/2024 8:29:20 PM,19974.29,492.50,46453.20
50132,5/2/2024 8:29:30 PM,19974.40,492.68,46453.30
50132,5/2/2024 8:29:40 PM,19974.42,492.72,46453.40
50132,5/2/2024 8:29:50 PM,19974.30,492.90,46453.00
50132,5/2/2024 8:30:00 PM,19974.40,492.92,46453.20
50132,5/2/2024 8:30:10 PM,19974.60,492.85,46452.90
50132,5/2/2024 8:30:20 PM,19974.80,492.83,46453.00
50132,5/2/2024 8:30:30 PM,19974.75,492.90,46452.85
50132,5/2/2024 8:30:40 PM,19974.60,492.90,46453.10
50132,5/2/2024 8:30:50 PM,19974.70,493.20,46452.70
50132,5/2/2024 8:31:00 PM,19974.75,493.04,46452.75
50132,5/2/2024 8:31:10 PM,19974.75,493.23,46452.73
50132,5/2/2024 8:31:20 PM,19974.75,493.42,46452.77
50132,5/2/2024 8:31:30 PM,19975.05,493.50,46452.68
50132,5/2/2024 8:31:40 PM,19975.40,493.73,46452.65
50132,5/2/2024 8:31:50 PM,19975.03,493.95,46452.80
50132,5/2/2024 8:32:00 PM,19974.77,494.15,46452.90
50132,5/2/2024 8:32:10 PM,19974.80,494.31,46452.80
50132,5/2/2024 8:32:20 PM,19974.50,494.64,46452.80
50132,5/2/2024 8:32:30 PM,19973.65,494.90,46452.80
50132,5/2/2024 8:32:40 PM,19972.65,494.68,46452.65
50132,5/2/2024 8:32:50 PM,19972.77,494.45,46452.30
50132,5/2/2024 8:33:00 PM,19973.10,494.50,46452.40
50132,5/2/2024 8:33:10 PM,19972.90,494.55,46452.50
50132,5/2/2024 8:33:20 PM,19972.52,494.33,46452.40
50132,5/2/2024 8:33:30 PM,19972.60,494.48,46452.30
50132,5/2/2024 8:33:40 PM,19972.40,494.60,46452.23
50132,5/2/2024 8:33:50 PM,19972.60,494.60,46452.20
50132,5/2/2024 8:34:00 PM,19972.50,494.40,46452.10
50132,5/2/2024 8:34:10 PM,19972.10,494.20,46452.30
50132,5/2/2024 8:34:20 PM,19971.50,493.97,46452.20
50132,5/2/2024 8:34:30 PM,19971.80,493.97,46452.07
50132,5/2/2024 8:34:40 PM,19972.15,493.96,46452.00
50132,5/2/2024 8:34:50 PM,19972.70,493.80,46451.70
50132,5/2/2024 8:35:00 PM,19973.40,493.67,46452.00
50132,5/2/2024 8:35:10 PM,19973.81,493.80,46451.70
50132,5/2/2024 8:35:20 PM,19974.00,494.00,46452.00
50132,5/2/2024 8:35:30 PM,19973.70,494.10,46451.90
50132,5/2/2024 8:35:40 PM,19973.40,494.20,46452.20
50132,5/2/2024 8:35:50 PM,19972.60,494.50,46452.10
50132,5/2/2024 8:36:00 PM,19972.30,494.80,46452.40
50132,5/2/2024 8:36:10 PM,19971.50,495.00,46452.20
50132,5/2/2024 8:36:20 PM,19971.00,494.66,46451.93
50132,5/2/2024 8:36:30 PM,19971.23,494.20,46451.70
50132,5/2/2024 8:36:40 PM,19971.93,494.20,46451.80
50132,5/2/2024 8:36:50 PM,19972.00,494.25,46451.67
50132,5/2/2024 8:37:00 PM,19972.90,493.83,46451.60
50132,5/2/2024 8:37:10 PM,19973.87,493.80,46451.38
50132,5/2/2024 8:37:20 PM,19974.40,494.32,46451.80
50132,5/2/2024 8:37:30 PM,19974.15,494.45,46451.83
50132,5/2/2024 8:37:40 PM,19974.35,494.55,46451.83
50132,5/2/2024 8:37:50 PM,19974.60,494.62,46451.90
50132,5/2/2024 8:38:00 PM,19973.90,494.80,46451.95
50132,5/2/2024 8:38:10 PM,19973.40,494.95,46451.90
50132,5/2/2024 8:38:20 PM,19973.00,495.00,46451.90
50132,5/2/2024 8:38:30 PM,19972.40,495.05,46451.52
50132,5/2/2024 8:38:40 PM,19972.10,495.28,46451.45
50132,5/2/2024 8:38:50 PM,19972.40,495.53,46451.10
50132,5/2/2024 8:39:00 PM,19972.80,495.60,46451.30
50132,5/2/2024 8:39:10 PM,19972.50,495.89,46451.35
50132,5/2/2024 8:39:20 PM,19972.28,496.03,46451.40
50132,5/2/2024 8:39:30 PM,19971.70,496.21,46451.00
50132,5/2/2024 8:39:40 PM,19971.00,496.02,46451.20
50132,5/2/2024 8:39:50 PM,19970.60,496.05,46451.10
50132,5/2/2024 8:40:00 PM,19970.95,496.00,46451.00
50132,5/2/2024 8:40:10 PM,19971.00,496.10,46450.95
50132,5/2/2024 8:40:20 PM,19971.00,496.20,46450.85
50132,5/2/2024 8:40:30 PM,19971.00,496.54,46450.70
50132,5/2/2024 8:40:40 PM,19970.73,496.60,46450.93
50132,5/2/2024 8:40:50 PM,19970.30,496.60,46450.95
50132,5/2/2024 8:41:00 PM,19969.82,496.42,46450.80
50132,5/2/2024 8:41:10 PM,19970.05,496.33,46450.50
50132,5/2/2024 8:41:20 PM,19970.60,496.43,46450.70
50132,5/2/2024 8:41:30 PM,19971.10,496.62,46450.57
50132,5/2/2024 8:41:40 PM,19971.10,496.85,46450.70
50132,5/2/2024 8:41:50 PM,19971.03,497.13,46450.40
50132,5/2/2024 8:42:00 PM,19970.57,497.53,46450.60
50132,5/2/2024 8:42:10 PM,19969.90,497.43,46450.50
50132,5/2/2024 8:42:20 PM,19969.85,496.75,46450.10
50132,5/2/2024 8:42:30 PM,19971.30,496.80,46449.70
50132,5/2/2024 8:42:40 PM,19971.95,497.10,46450.30
50132,5/2/2024 8:42:50 PM,19971.30,497.46,46450.40
50132,5/2/2024 8:43:00 PM,19970.60,497.30,46450.80
50132,5/2/2024 8:43:10 PM,19970.50,497.52,46450.40
50132,5/2/2024 8:43:20 PM,19970.77,497.65,46450.30
50132,5/2/2024 8:43:30 PM,19970.40,497.35,46450.30
50132,5/2/2024 8:43:40 PM,19970.08,496.73,46450.33
50132,5/2/2024 8:43:50 PM,19970.57,495.73,46450.20
50132,5/2/2024 8:44:00 PM,19971.60,495.23,46450.10
50132,5/2/2024 8:44:10 PM,19972.88,494.98,46450.30
50132,5/2/2024 8:44:20 PM,19974.40,494.37,46450.45
50132,5/2/2024 8:44:30 PM,19976.30,493.70,46450.40
50132,5/2/2024 8:44:40 PM,19978.28,493.24,46451.10
50132,5/2/2024 8:44:50 PM,19979.11,493.00,46451.40
50132,5/2/2024 8:45:00 PM,19980.35,492.61,46451.80
50132,5/2/2024 8:45:10 PM,19982.30,493.38,46451.90
50132,5/2/2024 8:45:20 PM,19982.80,493.80,46452.60
50132,5/2/2024 8:45:30 PM,19982.90,494.10,46452.70
50132,5/2/2024 8:45:40 PM,19984.00,494.70,46452.70
50132,5/2/2024 8:45:50 PM,19985.60,494.80,46452.60
50132,5/2/2024 8:46:00 PM,19986.70,495.00,46453.10
50132,5/2/2024 8:46:10 PM,19987.30,495.40,46453.20
50132,5/2/2024 8:46:20 PM,19988.25,495.86,46453.50
50132,5/2/2024 8:46:30 PM,19988.50,496.60,46453.60
50132,5/2/2024 8:46:40 PM,19987.65,496.93,46454.10
50132,5/2/2024 8:46:50 PM,19986.90,497.36,46453.80
50132,5/2/2024 8:47:00 PM,19985.70,497.14,46453.93
50132,5/2/2024 8:47:10 PM,19985.80,497.25,46453.75
50132,5/2/2024 8:47:20 PM,19986.19,497.15,46453.80
50132,5/2/2024 8:47:30 PM,19987.30,497.50,46453.30
50132,5/2/2024 8:47:40 PM,19988.50,498.05,46453.60
50132,5/2/2024 8:47:50 PM,19989.00,497.93,46454.00
50132,5/2/2024 8:48:00 PM,19989.89,497.80,46453.80
50132,5/2/2024 8:48:10 PM,19991.40,497.93,46453.60
50132,5/2/2024 8:48:20 PM,19992.49,497.92,46454.25
50132,5/2/2024 8:48:30 PM,19992.30,497.64,46454.40
50132,5/2/2024 8:48:40 PM,19992.65,497.40,46454.70
50132,5/2/2024 8:48:50 PM,19993.20,497.50,46454.70
50132,5/2/2024 8:49:00 PM,19993.54,497.60,46455.13
50132,5/2/2024 8:49:10 PM,19993.67,497.45,46455.25
50132,5/2/2024 8:49:20 PM,19993.90,497.30,46455.30
50132,5/2/2024 8:49:30 PM,19994.17,497.00,46455.30
50132,5/2/2024 8:49:40 PM,19994.40,496.93,46455.55
50132,5/2/2024 8:49:50 PM,19994.40,496.80,46455.90
50132,5/2/2024 8:50:00 PM,19994.15,496.82,46455.70
50132,5/2/2024 8:50:10 PM,19994.15,496.77,46455.70
50132,5/2/2024 8:50:20 PM,19993.80,496.47,46456.20
50132,5/2/2024 8:50:30 PM,19993.60,496.32,46455.80
50132,5/2/2024 8:50:40 PM,19993.50,496.10,46455.93
50132,5/2/2024 8:50:50 PM,19993.11,496.00,46455.95
50132,5/2/2024 8:51:00 PM,19992.80,495.70,46456.05
50132,5/2/2024 8:51:10 PM,19992.10,495.50,46455.80
50132,5/2/2024 8:51:20 PM,19991.90,495.34,46456.00
50132,5/2/2024 8:51:30 PM,19991.60,495.10,46455.85
50132,5/2/2024 8:51:40 PM,19991.40,494.77,46456.00
50132,5/2/2024 8:51:50 PM,19991.30,494.63,46455.80
50132,5/2/2024 8:52:00 PM,19991.34,494.52,46455.95
50132,5/2/2024 8:52:10 PM,19991.15,494.50,46455.80
50132,5/2/2024 8:52:20 PM,19990.80,494.35,46455.90
50132,5/2/2024 8:52:30 PM,19990.70,494.43,46456.15
50132,5/2/2024 8:52:40 PM,19989.32,494.55,46456.13
50132,5/2/2024 8:52:50 PM,19988.50,494.50,46455.80
50132,5/2/2024 8:53:00 PM,19987.40,494.30,46455.90
50132,5/2/2024 8:53:10 PM,19985.50,493.90,46455.60
50132,5/2/2024 8:53:20 PM,19984.95,492.60,46455.40
50132,5/2/2024 8:53:30 PM,19986.30,492.30,46454.80
50132,5/2/2024 8:53:40 PM,19988.80,492.60,46454.80
50132,5/2/2024 8:53:50 PM,19989.15,492.07,46455.25
50132,5/2/2024 8:54:00 PM,19989.40,492.33,46455.70
50132,5/2/2024 8:54:10 PM,19990.90,492.60,46455.40
50132,5/2/2024 8:54:20 PM,19991.60,492.49,46456.00
50132,5/2/2024 8:54:30 PM,19991.10,492.50,46456.07
50132,5/2/2024 8:54:40 PM,19990.45,492.20,46456.15
50132,5/2/2024 8:54:50 PM,19989.87,492.14,46456.10
50132,5/2/2024 8:55:00 PM,19989.93,492.16,46456.10
50132,5/2/2024 8:55:10 PM,19989.88,492.11,46455.90
50132,5/2/2024 8:55:20 PM,19990.20,492.30,46456.00
50132,5/2/2024 8:55:30 PM,19990.50,492.50,46455.70
50132,5/2/2024 8:55:40 PM,19990.40,492.60,46456.00
50132,5/2/2024 8:55:50 PM,19990.20,492.60,46455.70
50132,5/2/2024 8:56:00 PM,19990.70,492.80,46455.80
50132,5/2/2024 8:56:10 PM,19990.80,492.90,46455.50
50132,5/2/2024 8:56:20 PM,19990.90,492.80,46455.80
50132,5/2/2024 8:56:30 PM,19990.70,492.90,46455.35
50132,5/2/2024 8:56:40 PM,19990.38,493.28,46455.70
50132,5/2/2024 8:56:50 PM,19989.80,493.17,46455.10
50132,5/2/2024 8:57:00 PM,19989.90,493.25,46455.20
50132,5/2/2024 8:57:10 PM,19990.50,493.27,46454.80
50132,5/2/2024 8:57:20 PM,19990.10,493.31,46454.95
50132,5/2/2024 8:57:30 PM,19990.50,493.45,46454.80
50132,5/2/2024 8:57:40 PM,19991.50,493.50,46455.00
50132,5/2/2024 8:57:50 PM,19991.80,493.60,46454.60
50132,5/2/2024 8:58:00 PM,19991.73,493.60,46455.10
50132,5/2/2024 8:58:10 PM,19991.80,493.85,46454.73
50132,5/2/2024 8:58:20 PM,19991.90,493.80,46454.90
50132,5/2/2024 8:58:30 PM,19991.70,493.92,46454.70
50132,5/2/2024 8:58:40 PM,19991.90,494.17,46455.00
50132,5/2/2024 8:58:50 PM,19991.60,494.30,46454.70
50132,5/2/2024 8:59:00 PM,19991.80,494.41,46454.75
50132,5/2/2024 8:59:10 PM,19991.43,494.45,46454.67
50132,5/2/2024 8:59:20 PM,19991.35,494.40,46454.60
50132,5/2/2024 8:59:30 PM,19991.40,494.60,46454.20
50132,5/2/2024 8:59:40 PM,19991.20,494.45,46454.57
50132,5/2/2024 8:59:50 PM,19990.93,494.32,46454.40
50132,5/2/2024 9:00:00 PM,19990.82,494.40,46454.40
50132,5/2/2024 9:00:10 PM,19990.85,494.46,46454.10
50132,5/2/2024 9:00:20 PM,19990.93,494.29,46454.20
50132,5/2/2024 9:00:30 PM,19990.80,494.38,46454.05
50132,5/2/2024 9:00:40 PM,19990.90,494.35,46453.95
50132,5/2/2024 9:00:50 PM,19990.40,494.37,46453.60
50132,5/2/2024 9:01:00 PM,19990.34,494.39,46453.83
50132,5/2/2024 9:01:10 PM,19990.00,494.30,46453.80
50132,5/2/2024 9:01:20 PM,19989.80,494.23,46453.75
50132,5/2/2024 9:01:30 PM,19989.30,494.20,46453.70
50132,5/2/2024 9:01:40 PM,19989.10,494.30,46453.73
50132,5/2/2024 9:01:50 PM,19988.90,494.30,46453.40
50132,5/2/2024 9:02:00 PM,19989.30,494.20,46453.34
50132,5/2/2024 9:02:10 PM,19989.20,494.20,46453.20
50132,5/2/2024 9:02:20 PM,19988.82,494.20,46453.40
50132,5/2/2024 9:02:30 PM,19988.10,494.36,46453.15
50132,5/2/2024 9:02:40 PM,19988.00,494.43,46452.90
50132,5/2/2024 9:02:50 PM,19987.70,494.20,46452.95
50132,5/2/2024 9:03:00 PM,19987.60,494.10,46453.10
50132,5/2/2024 9:03:10 PM,19987.40,493.60,46452.50
50132,5/2/2024 9:03:20 PM,19988.60,493.27,46452.30
50132,5/2/2024 9:03:30 PM,19989.53,493.15,46452.50
50132,5/2/2024 9:03:40 PM,19990.50,493.03,46452.60
50132,5/2/2024 9:03:50 PM,19991.60,493.13,46452.30
50132,5/2/2024 9:04:00 PM,19992.10,493.30,46452.80
50132,5/2/2024 9:04:10 PM,19992.40,493.70,46452.70
50132,5/2/2024 9:04:20 PM,19992.17,493.65,46452.80
50132,5/2/2024 9:04:30 PM,19992.40,493.80,46452.70
50132,5/2/2024 9:04:40 PM,19992.60,493.70,46453.00
50132,5/2/2024 9:04:50 PM,19992.70,493.78,46452.80
50132,5/2/2024 9:05:00 PM,19993.40,494.00,46452.90
50132,5/2/2024 9:05:10 PM,19993.80,494.23,46452.90
50132,5/2/2024 9:05:20 PM,19994.10,494.50,46453.20
50132,5/2/2024 9:05:30 PM,19994.50,494.80,46452.80
50132,5/2/2024 9:05:40 PM,19994.90,494.90,46453.00
50132,5/2/2024 9:05:50 PM,19994.90,495.20,46452.70
50132,5/2/2024 9:06:00 PM,19994.90,495.10,46452.90
50132,5/2/2024 9:06:10 PM,19994.80,495.30,46452.60
50132,5/2/2024 9:06:20 PM,19995.20,495.35,46452.80
50132,5/2/2024 9:06:30 PM,19995.00,495.70,46452.80
50132,5/2/2024 9:06:40 PM,19994.82,495.95,46452.77
50132,5/2/2024 9:06:50 PM,19994.67,496.10,46452.60
50132,5/2/2024 9:07:00 PM,19994.70,496.30,46452.70
50132,5/2/2024 9:07:10 PM,19994.50,496.44,46452.30
50132,5/2/2024 9:07:20 PM,19994.20,496.80,46452.60
50132,5/2/2024 9:07:30 PM,19993.70,496.78,46452.20
50132,5/2/2024 9:07:40 PM,19994.00,496.70,46452.10
50132,5/2/2024 9:07:50 PM,19994.10,496.52,46452.10
50132,5/2/2024 9:08:00 PM,19994.00,496.74,46452.40
50132,5/2/2024 9:08:10 PM,19993.40,496.70,46452.10
50132,5/2/2024 9:08:20 PM,19993.70,496.90,46452.10
50132,5/2/2024 9:08:30 PM,19993.60,496.98,46451.90
50132,5/2/2024 9:08:40 PM,19993.00,497.18,46452.04
50132,5/2/2024 9:08:50 PM,19992.40,497.30,46451.93
50132,5/2/2024 9:09:00 PM,19992.45,497.20,46451.90
50132,5/2/2024 9:09:10 PM,19992.15,497.10,46451.75
50132,5/2/2024 9:09:20 PM,19992.00,497.25,46451.65
50132,5/2/2024 9:09:30 PM,19991.80,497.30,46451.30
50132,5/2/2024 9:09:40 PM,19991.90,497.20,46451.20
50132,5/2/2024 9:09:50 PM,19991.55,497.43,46451.15
50132,5/2/2024 9:10:00 PM,19991.14,497.44,46451.07
50132,5/2/2024 9:10:10 PM,19991.10,497.57,46450.98
50132,5/2/2024 9:10:20 PM,19991.10,497.50,46450.80
50132,5/2/2024 9:10:30 PM,19990.80,497.50,46450.60
50132,5/2/2024 9:10:40 PM,19991.13,497.70,46450.60
50132,5/2/2024 9:10:50 PM,19991.20,497.80,46450.20
50132,5/2/2024 9:11:00 PM,19991.30,497.90,46450.46
50132,5/2/2024 9:11:10 PM,19991.20,498.10,46450.20
50132,5/2/2024 9:11:20 PM,19990.80,498.55,46450.40
50132,5/2/2024 9:11:30 PM,19990.03,498.83,46450.15
50132,5/2/2024 9:11:40 PM,19989.00,499.00,46450.05
50132,5/2/2024 9:11:50 PM,19988.50,498.66,46449.60
50132,5/2/2024 9:12:00 PM,19988.50,498.10,46449.50
50132,5/2/2024 9:12:10 PM,19989.20,497.51,46448.95
50132,5/2/2024 9:12:20 PM,19990.10,497.40,46449.00
50132,5/2/2024 9:12:30 PM,19990.90,497.80,46448.90
50132,5/2/2024 9:12:40 PM,19991.10,497.70,46448.90
50132,5/2/2024 9:12:50 PM,19991.10,497.80,46448.80
50132,5/2/2024 9:13:00 PM,19991.77,497.55,46449.40
50132,5/2/2024 9:13:10 PM,19992.00,496.93,46449.20
50132,5/2/2024 9:13:20 PM,19993.17,496.00,46449.00
50132,5/2/2024 9:13:30 PM,19995.10,495.50,46448.90
50132,5/2/2024 9:13:40 PM,19997.00,495.63,46449.50
50132,5/2/2024 9:13:50 PM,19998.14,495.85,46449.60
50132,5/2/2024 9:14:00 PM,19999.40,496.00,46450.10
50132,5/2/2024 9:14:10 PM,20001.10,496.00,46450.40
50132,5/2/2024 9:14:20 PM,20002.50,496.30,46450.65
50132,5/2/2024 9:14:30 PM,20003.06,496.30,46450.96
50132,5/2/2024 9:14:40 PM,20004.10,496.30,46451.23
50132,5/2/2024 9:14:50 PM,20004.80,496.60,46451.20
50132,5/2/2024 9:15:00 PM,20005.40,497.05,46452.10
50132,5/2/2024 9:15:10 PM,20005.40,497.40,46451.90
50132,5/2/2024 9:15:20 PM,20005.50,497.60,46452.20
50132,5/2/2024 9:15:30 PM,20005.80,497.60,46452.10
50132,5/2/2024 9:15:40 PM,20006.20,498.10,46452.50
50132,5/2/2024 9:15:50 PM,20006.20,498.40,46452.50
50132,5/2/2024 9:16:00 PM,20006.10,498.60,46452.70
50132,5/2/2024 9:16:10 PM,20005.70,498.80,46452.60
50132,5/2/2024 9:16:20 PM,20005.14,499.10,46452.70
50132,5/2/2024 9:16:30 PM,20004.80,499.40,46452.50
50132,5/2/2024 9:16:40 PM,20004.00,499.70,46452.60
50132,5/2/2024 9:16:50 PM,20003.50,499.67,46452.20
50132,5/2/2024 9:17:00 PM,20002.90,499.80,46452.20
50132,5/2/2024 9:17:10 PM,20002.60,499.90,46451.90
50132,5/2/2024 9:17:20 PM,20002.30,499.70,46451.90
50132,5/2/2024 9:17:30 PM,20001.65,499.75,46451.70
50132,5/2/2024 9:17:40 PM,20001.60,499.70,46451.75
50132,5/2/2024 9:17:50 PM,20000.50,499.70,46451.30
50132,5/2/2024 9:18:00 PM,19999.90,499.68,46451.25
50132,5/2/2024 9:18:10 PM,19999.10,499.47,46450.90
50132,5/2/2024 9:18:20 PM,19998.80,499.44,46450.90
50132,5/2/2024 9:18:30 PM,19998.10,499.60,46450.70
50132,5/2/2024 9:18:40 PM,19997.46,499.30,46450.67
50132,5/2/2024 9:18:50 PM,19997.00,499.30,46450.20
50132,5/2/2024 9:19:00 PM,19996.90,499.30,46450.50
50132,5/2/2024 9:19:10 PM,19996.60,499.00,46450.10
50132,5/2/2024 9:19:20 PM,19995.90,498.82,46450.10
50132,5/2/2024 9:19:30 PM,19995.90,498.70,46449.90
50132,5/2/2024 9:19:40 PM,19996.30,498.70,46449.90
50132,5/2/2024 9:19:50 PM,19995.40,499.05,46449.60
50132,5/2/2024 9:20:00 PM,19994.60,498.93,46449.40
50132,5/2/2024 9:20:10 PM,19994.50,499.00,46449.20
50132,5/2/2024 9:20:20 PM,19994.10,499.09,46449.15
50132,5/2/2024 9:20:30 PM,19993.47,499.24,46449.00
50132,5/2/2024 9:20:40 PM,19992.75,499.30,46448.93
50132,5/2/2024 9:20:50 PM,19992.51,499.50,46448.50
50132,5/2/2024 9:21:00 PM,19992.06,499.55,46448.45
50132,5/2/2024 9:21:10 PM,19991.70,499.80,46448.20
50132,5/2/2024 9:21:20 PM,19991.30,499.70,46448.05
50132,5/2/2024 9:21:30 PM,19991.10,499.90,46447.70
50132,5/2/2024 9:21:40 PM,19990.63,499.80,46447.70
50132,5/2/2024 9:21:50 PM,19990.34,499.97,46447.50
50132,5/2/2024 9:22:00 PM,19989.78,500.30,46447.50
50132,5/2/2024 9:22:10 PM,19989.35,500.25,46447.10
50132,5/2/2024 9:22:20 PM,19989.20,500.36,46447.10
50132,5/2/2024 9:22:30 PM,19988.96,500.45,46446.95
50132,5/2/2024 9:22:40 PM,19988.54,500.50,46446.90
50132,5/2/2024 9:22:50 PM,19988.40,500.55,46446.50
50132,5/2/2024 9:23:00 PM,19988.35,500.68,46446.50
50132,5/2/2024 9:23:10 PM,19988.20,501.00,46446.10
50132,5/2/2024 9:23:20 PM,19988.15,501.10,46446.45
50132,5/2/2024 9:23:30 PM,19988.07,501.30,46446.10
50132,5/2/2024 9:23:40 PM,19987.60,501.38,46446.30
50132,5/2/2024 9:23:50 PM,19987.55,501.47,46445.90
50132,5/2/2024 9:24:00 PM,19987.34,501.67,46445.70
50132,5/2/2024 9:24:10 PM,19987.20,501.70,46445.50
50132,5/2/2024 9:24:20 PM,19987.00,501.80,46445.50
50132,5/2/2024 9:24:30 PM,19986.80,502.10,46445.20
50132,5/2/2024 9:24:40 PM,19986.77,502.30,46445.20
50132,5/2/2024 9:24:50 PM,19986.60,502.60,46445.10
50132,5/2/2024 9:25:00 PM,19986.10,502.63,46445.00
50132,5/2/2024 9:25:10 PM,19986.10,502.90,46444.60
50132,5/2/2024 9:25:20 PM,19986.10,503.20,46444.80
50132,5/2/2024 9:25:30 PM,19985.70,503.30,46444.30
50132,5/2/2024 9:25:40 PM,19985.60,503.30,46444.60
50132,5/2/2024 9:25:50 PM,19985.50,503.20,46444.30
50132,5/2/2024 9:26:00 PM,19985.60,503.30,46444.40
50132,5/2/2024 9:26:10 PM,19985.60,503.40,46444.30
50132,5/2/2024 9:26:20 PM,19985.46,503.40,46444.30
50132,5/2/2024 9:26:30 PM,19985.83,503.68,46444.17
50132,5/2/2024 9:26:40 PM,19986.00,503.80,46444.00
50132,5/2/2024 9:26:50 PM,19986.30,504.00,46443.90
50132,5/2/2024 9:27:00 PM,19986.30,504.06,46444.12
50132,5/2/2024 9:27:10 PM,19986.20,504.03,46443.87
50132,5/2/2024 9:27:20 PM,19986.30,504.10,46443.80
50132,5/2/2024 9:27:30 PM,19986.15,504.07,46443.60
50132,5/2/2024 9:27:40 PM,19986.30,504.10,46443.73
50132,5/2/2024 9:27:50 PM,19986.25,504.14,46443.70
50132,5/2/2024 9:28:00 PM,19986.40,504.30,46443.90
50132,5/2/2024 9:28:10 PM,19985.80,504.40,46443.77
50132,5/2/2024 9:28:20 PM,19985.90,504.30,46443.90
50132,5/2/2024 9:28:30 PM,19985.80,504.60,46443.50
50132,5/2/2024 9:28:40 PM,19985.40,504.65,46443.80
50132,5/2/2024 9:28:50 PM,19984.85,504.80,46443.67
50132,5/2/2024 9:29:00 PM,19984.60,504.80,46443.80
50132,5/2/2024 9:29:10 PM,19984.75,504.90,46443.67
50132,5/2/2024 9:29:20 PM,19984.40,504.83,46443.60
50132,5/2/2024 9:29:30 PM,19984.20,504.80,46443.23
50132,5/2/2024 9:29:40 PM,19984.50,504.73,46443.30
50132,5/2/2024 9:29:50 PM,19984.70,505.00,46443.20
50132,5/2/2024 9:30:00 PM,19984.50,505.05,46443.30
50132,5/2/2024 9:30:10 PM,19984.30,504.95,46442.90
50132,5/2/2024 9:30:20 PM,19984.30,505.07,46443.05
50132,5/2/2024 9:30:30 PM,19983.93,505.43,46443.10
50132,5/2/2024 9:30:40 PM,19983.30,505.35,46443.20
50132,5/2/2024 9:30:50 PM,19982.50,505.30,46442.85
50132,5/2/2024 9:31:00 PM,19982.17,505.25,46442.80
50132,5/2/2024 9:31:10 PM,19981.80,505.05,46442.50
50132,5/2/2024 9:31:20 PM,19981.77,504.77,46442.70
50132,5/2/2024 9:31:30 PM,19982.20,504.43,46442.20
50132,5/2/2024 9:31:40 PM,19982.60,504.15,46442.50
50132,5/2/2024 9:31:50 PM,19982.70,504.10,46442.50
50132,5/2/2024 9:32:00 PM,19982.90,504.05,46442.50
50132,5/2/2024 9:32:10 PM,19983.60,503.99,46442.30
50132,5/2/2024 9:32:20 PM,19983.88,504.00,46442.57
50132,5/2/2024 9:32:30 PM,19983.80,503.90,46442.40
50132,5/2/2024 9:32:40 PM,19983.80,503.98,46442.73
50132,5/2/2024 9:32:50 PM,19983.80,503.93,46442.60
50132,5/2/2024 9:33:00 PM,19983.75,504.10,46442.75
50132,5/2/2024 9:33:10 PM,19983.60,504.07,46442.90
50132,5/2/2024 9:33:20 PM,19983.80,504.07,46442.60
50132,5/2/2024 9:33:30 PM,19984.20,504.13,46442.60
50132,5/2/2024 9:33:40 PM,19984.90,503.95,46442.65
50132,5/2/2024 9:33:50 PM,19985.50,503.93,46442.50
50132,5/2/2024 9:34:00 PM,19985.90,504.18,46442.90
50132,5/2/2024 9:34:10 PM,19986.30,504.58,46442.90
50132,5/2/2024 9:34:20 PM,19986.32,504.94,46443.15
50132,5/2/2024 9:34:30 PM,19985.90,505.55,46443.20
50132,5/2/2024 9:34:40 PM,19985.30,505.85,46443.37
50132,5/2/2024 9:34:50 PM,19984.85,506.05,46443.15
50132,5/2/2024 9:35:00 PM,19984.20,506.10,46442.90
50132,5/2/2024 9:35:10 PM,19983.70,506.40,46442.70
50132,5/2/2024 9:35:20 PM,19983.20,506.40,46442.80
50132,5/2/2024 9:35:30 PM,19983.20,506.60,46442.20
50132,5/2/2024 9:35:40 PM,19983.20,506.60,46442.30
50132,5/2/2024 9:35:50 PM,19982.90,506.50,46442.00
50132,5/2/2024 9:36:00 PM,19983.00,506.50,46442.20
50132,5/2/2024 9:36:10 PM,19982.80,506.50,46441.90
50132,5/2/2024 9:36:20 PM,19982.80,506.57,46441.97
50132,5/2/2024 9:36:30 PM,19982.40,506.50,46441.90
50132,5/2/2024 9:36:40 PM,19982.40,506.57,46441.75
50132,5/2/2024 9:36:50 PM,19982.60,506.47,46441.73
50132,5/2/2024 9:37:00 PM,19982.60,506.48,46441.77
50132,5/2/2024 9:37:10 PM,19982.60,506.45,46441.75
50132,5/2/2024 9:37:20 PM,19982.40,506.67,46441.50
50132,5/2/2024 9:37:30 PM,19983.10,506.65,46441.50
50132,5/2/2024 9:37:40 PM,19982.76,506.50,46441.57
50132,5/2/2024 9:37:50 PM,19982.88,506.50,46441.30
50132,5/2/2024 9:38:00 PM,19983.20,506.32,46441.55
50132,5/2/2024 9:38:10 PM,19983.30,506.33,46441.40
50132,5/2/2024 9:38:20 PM,19983.10,506.17,46441.50
50132,5/2/2024 9:38:30 PM,19983.40,506.10,46441.30
50132,5/2/2024 9:38:40 PM,19983.67,506.10,46441.43
50132,5/2/2024 9:38:50 PM,19983.61,506.23,46441.20
50132,5/2/2024 9:39:00 PM,19983.60,506.40,46441.60
50132,5/2/2024 9:39:10 PM,19983.10,506.30,46441.30
50132,5/2/2024 9:39:20 PM,19983.00,506.10,46441.50
50132,5/2/2024 9:39:30 PM,19982.90,506.37,46441.30
50132,5/2/2024 9:39:40 PM,19982.60,506.07,46441.50
50132,5/2/2024 9:39:50 PM,19982.80,506.01,46441.20
50132,5/2/2024 9:40:00 PM,19982.75,505.97,46441.30
50132,5/2/2024 9:40:10 PM,19982.90,506.10,46441.50
50132,5/2/2024 9:40:20 PM,19982.65,505.95,46441.70
50132,5/2/2024 9:40:30 PM,19982.75,506.10,46441.40
50132,5/2/2024 9:40:40 PM,19982.90,505.90,46441.50
50132,5/2/2024 9:40:50 PM,19982.90,505.90,46441.25
50132,5/2/2024 9:41:00 PM,19983.10,505.75,46441.50
50132,5/2/2024 9:41:10 PM,19983.15,505.60,46441.20
50132,5/2/2024 9:41:20 PM,19983.31,505.56,46441.30
50132,5/2/2024 9:41:30 PM,19983.43,505.70,46441.14
50132,5/2/2024 9:41:40 PM,19983.60,505.80,46441.30
50132,5/2/2024 9:41:50 PM,19983.60,505.82,46441.23
50132,5/2/2024 9:42:00 PM,19983.60,505.97,46441.30
50132,5/2/2024 9:42:10 PM,19983.60,506.00,46441.25
50132,5/2/2024 9:42:20 PM,19984.00,506.30,46441.40
50132,5/2/2024 9:42:30 PM,19984.30,506.30,46441.20
50132,5/2/2024 9:42:40 PM,19983.87,506.30,46441.04
50132,5/2/2024 9:42:50 PM,19983.80,506.35,46441.20
50132,5/2/2024 9:43:00 PM,19983.60,506.26,46441.10
50132,5/2/2024 9:43:10 PM,19983.83,506.41,46440.80
50132,5/2/2024 9:43:20 PM,19983.83,506.40,46440.95
50132,5/2/2024 9:43:30 PM,19984.10,506.40,46440.70
50132,5/2/2024 9:43:40 PM,19984.50,506.44,46440.80
50132,5/2/2024 9:43:50 PM,19984.40,506.80,46440.90
50132,5/2/2024 9:44:00 PM,19984.40,506.81,46441.07
50132,5/2/2024 9:44:10 PM,19983.80,507.10,46440.80
50132,5/2/2024 9:44:20 PM,19983.40,507.50,46440.87
50132,5/2/2024 9:44:30 PM,19982.50,507.43,46440.60
50132,5/2/2024 9:44:40 PM,19981.60,507.50,46440.60
50132,5/2/2024 9:44:50 PM,19980.63,507.36,46440.25
50132,5/2/2024 9:45:00 PM,19980.27,507.00,46440.00
50132,5/2/2024 9:45:10 PM,19980.40,506.45,46439.40
50132,5/2/2024 9:45:20 PM,19981.60,506.30,46439.50
50132,5/2/2024 9:45:30 PM,19981.60,506.20,46439.50
50132,5/2/2024 9:45:40 PM,19982.00,506.20,46439.80
50132,5/2/2024 9:45:50 PM,19982.20,506.20,46439.40
50132,5/2/2024 9:46:00 PM,19982.70,506.10,46439.70
50132,5/2/2024 9:46:10 PM,19982.40,506.30,46439.60
50132,5/2/2024 9:46:20 PM,19982.20,506.35,46439.85
50132,5/2/2024 9:46:30 PM,19982.07,506.29,46439.80
50132,5/2/2024 9:46:40 PM,19982.23,506.48,46439.80
50132,5/2/2024 9:46:50 PM,19982.13,506.46,46439.70
50132,5/2/2024 9:47:00 PM,19981.71,506.55,46439.90
50132,5/2/2024 9:47:10 PM,19981.50,506.46,46439.75
50132,5/2/2024 9:47:20 PM,19981.72,506.55,46439.55
50132,5/2/2024 9:47:30 PM,19981.80,506.64,46439.60
50132,5/2/2024 9:47:40 PM,19981.60,506.60,46439.80
50132,5/2/2024 9:47:50 PM,19981.30,506.67,46439.60
50132,5/2/2024 9:48:00 PM,19981.40,506.69,46439.77
50132,5/2/2024 9:48:10 PM,19981.07,506.70,46439.50
50132,5/2/2024 9:48:20 PM,19980.80,506.70,46439.60
50132,5/2/2024 9:48:30 PM,19980.67,506.70,46439.40
50132,5/2/2024 9:48:40 PM,19980.50,506.77,46439.60
50132,5/2/2024 9:48:50 PM,19980.60,506.60,46439.30
50132,5/2/2024 9:49:00 PM,19981.10,506.56,46439.13
50132,5/2/2024 9:49:10 PM,19981.30,506.63,46439.07
50132,5/2/2024 9:49:20 PM,19981.30,506.80,46439.30
50132,5/2/2024 9:49:30 PM,19981.30,506.73,46439.07
50132,5/2/2024 9:49:40 PM,19981.42,506.57,46439.20
50132,5/2/2024 9:49:50 PM,19981.40,506.65,46438.80
50132,5/2/2024 9:50:00 PM,19981.70,506.48,46439.07
50132,5/2/2024 9:50:10 PM,19982.20,506.10,46438.90
50132,5/2/2024 9:50:20 PM,19983.20,505.80,46438.93
50132,5/2/2024 9:50:30 PM,19984.25,505.75,46439.20
50132,5/2/2024 9:50:40 PM,19985.10,505.93,46439.30
50132,5/2/2024 9:50:50 PM,19985.49,506.06,46439.40
50132,5/2/2024 9:51:00 PM,19986.00,506.25,46439.60
50132,5/2/2024 9:51:10 PM,19986.30,506.80,46439.70
50132,5/2/2024 9:51:20 PM,19985.80,507.60,46440.30
50132,5/2/2024 9:51:30 PM,19984.90,508.04,46440.10
50132,5/2/2024 9:51:40 PM,19984.30,508.30,46439.90
50132,5/2/2024 9:51:50 PM,19983.37,508.50,46439.70
50132,5/2/2024 9:52:00 PM,19982.60,508.80,46439.90
50132,5/2/2024 9:52:10 PM,19981.50,508.93,46439.52
50132,5/2/2024 9:52:20 PM,19980.85,509.10,46439.50
50132,5/2/2024 9:52:30 PM,19980.00,509.30,46438.80
50132,5/2/2024 9:52:40 PM,19979.15,509.53,46438.93
50132,5/2/2024 9:52:50 PM,19977.90,509.52,46438.70
50132,5/2/2024 9:53:00 PM,19977.07,509.31,46438.45
50132,5/2/2024 9:53:10 PM,19977.05,509.47,46438.20
50132,5/2/2024 9:53:20 PM,19976.52,510.05,46438.10
50132,5/2/2024 9:53:30 PM,19975.70,510.50,46437.90
50132,5/2/2024 9:53:40 PM,19974.30,510.75,46437.90
50132,5/2/2024 9:53:50 PM,19972.70,511.10,46437.50
50132,5/2/2024 9:54:00 PM,19971.20,511.15,46437.40
50132,5/2/2024 9:54:10 PM,19970.27,510.90,46436.77
50132,5/2/2024 9:54:20 PM,19969.50,510.83,46436.35
50132,5/2/2024 9:54:30 PM,19968.90,511.15,46436.03
50132,5/2/2024 9:54:40 PM,19967.37,511.67,46436.10
50132,5/2/2024 9:54:50 PM,19965.60,511.64,46435.40
50132,5/2/2024 9:55:00 PM,19965.10,511.46,46435.13
50132,5/2/2024 9:55:10 PM,19964.00,511.33,46434.60
50132,5/2/2024 9:55:20 PM,19962.40,511.10,46434.50
50132,5/2/2024 9:55:30 PM,19961.70,510.90,46433.90
50132,5/2/2024 9:55:40 PM,19961.40,510.40,46433.70
50132,5/2/2024 9:55:50 PM,19961.50,510.20,46433.10
50132,5/2/2024 9:56:00 PM,19961.30,509.70,46433.20
50132,5/2/2024 9:56:10 PM,19961.50,509.30,46432.60
50132,5/2/2024 9:56:20 PM,19962.20,509.16,46432.80
50132,5/2/2024 9:56:30 PM,19962.60,508.96,46432.60
50132,5/2/2024 9:56:40 PM,19963.03,508.76,46432.80
50132,5/2/2024 9:56:50 PM,19963.57,508.68,46432.70
50132,5/2/2024 9:57:00 PM,19964.10,508.46,46432.70
50132,5/2/2024 9:57:10 PM,19964.54,508.48,46432.73
50132,5/2/2024 9:57:20 PM,19965.05,508.28,46432.90
50132,5/2/2024 9:57:30 PM,19965.60,508.21,46432.60
50132,5/2/2024 9:57:40 PM,19966.40,508.17,46432.90
50132,5/2/2024 9:57:50 PM,19966.97,508.00,46433.05
50132,5/2/2024 9:58:00 PM,19967.30,508.10,46433.30
50132,5/2/2024 9:58:10 PM,19967.70,508.30,46433.10
50132,5/2/2024 9:58:20 PM,19968.35,508.42,46433.60
50132,5/2/2024 9:58:30 PM,19968.70,508.50,46433.57
50132,5/2/2024 9:58:40 PM,19968.70,508.60,46433.80
50132,5/2/2024 9:58:50 PM,19968.50,508.41,46433.80
50132,5/2/2024 9:59:00 PM,19969.20,508.20,46433.73
50132,5/2/2024 9:59:10 PM,19970.02,508.10,46433.60
50132,5/2/2024 9:59:20 PM,19971.10,507.98,46433.80
50132,5/2/2024 9:59:30 PM,19971.80,507.93,46433.90
50132,5/2/2024 9:59:40 PM,19972.53,507.93,46434.23
50132,5/2/2024 9:59:50 PM,19973.20,508.08,46434.40
50132,5/2/2024 10:00:00 PM,19973.50,508.29,46434.70
50132,5/2/2024 10:00:10 PM,19973.70,508.25,46434.80
50132,5/2/2024 10:00:20 PM,19973.90,508.21,46434.80
50132,5/2/2024 10:00:30 PM,19974.40,508.40,46434.95
50132,5/2/2024 10:00:40 PM,19974.70,508.50,46435.10
50132,5/2/2024 10:00:50 PM,19974.90,508.39,46435.10
50132,5/2/2024 10:01:00 PM,19975.15,508.20,46435.30
50132,5/2/2024 10:01:10 PM,19975.70,508.30,46435.60
50132,5/2/2024 10:01:20 PM,19975.90,508.30,46435.55
50132,5/2/2024 10:01:30 PM,19976.20,508.55,46435.80
50132,5/2/2024 10:01:40 PM,19976.70,508.50,46435.85
50132,5/2/2024 10:01:50 PM,19976.85,508.40,46435.90
50132,5/2/2024 10:02:00 PM,19977.30,508.75,46436.20
50132,5/2/2024 10:02:10 PM,19976.90,509.10,46436.30
50132,5/2/2024 10:02:20 PM,19976.60,509.20,46436.66
50132,5/2/2024 10:02:30 PM,19976.20,509.13,46436.50
50132,5/2/2024 10:02:40 PM,19976.00,509.08,46436.60
50132,5/2/2024 10:02:50 PM,19975.77,508.95,46436.60
50132,5/2/2024 10:03:00 PM,19975.90,508.90,46436.52
50132,5/2/2024 10:03:10 PM,19975.80,508.90,46436.50
50132,5/2/2024 10:03:20 PM,19975.60,508.80,46436.79
50132,5/2/2024 10:03:30 PM,19975.60,508.30,46436.62
50132,5/2/2024 10:03:40 PM,19975.85,508.05,46436.60
50132,5/2/2024 10:03:50 PM,19976.20,507.80,46436.70
50132,5/2/2024 10:04:00 PM,19976.40,507.65,46436.88
50132,5/2/2024 10:04:10 PM,19976.40,507.80,46436.95
50132,5/2/2024 10:04:20 PM,19976.13,507.75,46437.10
50132,5/2/2024 10:04:30 PM,19975.90,507.67,46437.20
50132,5/2/2024 10:04:40 PM,19975.73,507.40,46437.13
50132,5/2/2024 10:04:50 PM,19975.35,507.40,46437.23
50132,5/2/2024 10:05:00 PM,19975.10,507.47,46437.20
50132,5/2/2024 10:05:10 PM,19974.72,507.30,46437.16
50132,5/2/2024 10:05:20 PM,19974.50,507.20,46437.10
50132,5/2/2024 10:05:30 PM,19974.70,507.10,46437.10
50132,5/2/2024 10:05:40 PM,19974.60,506.90,46437.10
50132,5/2/2024 10:05:50 PM,19974.50,506.70,46437.10
50132,5/2/2024 10:06:00 PM,19974.80,506.70,46437.10
50132,5/2/2024 10:06:10 PM,19975.10,506.70,46436.90
50132,5/2/2024 10:06:20 PM,19975.40,506.50,46437.10
50132,5/2/2024 10:06:30 PM,19975.50,506.58,46437.02
50132,5/2/2024 10:06:40 PM,19975.60,506.58,46437.02
50132,5/2/2024 10:06:50 PM,19975.80,506.40,46437.20
50132,5/2/2024 10:07:00 PM,19976.20,506.33,46436.90
50132,5/2/2024 10:07:10 PM,19976.20,506.20,46437.20
50132,5/2/2024 10:07:20 PM,19977.00,506.13,46437.30
50132,5/2/2024 10:07:30 PM,19977.80,505.80,46437.30
50132,5/2/2024 10:07:40 PM,19978.20,505.85,46437.67
50132,5/2/2024 10:07:50 PM,19978.70,505.76,46437.70
50132,5/2/2024 10:08:00 PM,19978.88,505.73,46437.90
50132,5/2/2024 10:08:10 PM,19979.28,505.70,46437.90
50132,5/2/2024 10:08:20 PM,19979.30,505.53,46438.00
50132,5/2/2024 10:08:30 PM,19979.90,505.50,46438.20
50132,5/2/2024 10:08:40 PM,19980.37,505.38,46438.20
50132,5/2/2024 10:08:50 PM,19980.85,505.34,46438.34
50132,5/2/2024 10:09:00 PM,19981.60,505.30,46438.75
50132,5/2/2024 10:09:10 PM,19981.85,505.37,46438.72
50132,5/2/2024 10:09:20 PM,19982.50,505.37,46438.84
50132,5/2/2024 10:09:30 PM,19982.96,505.40,46438.95
50132,5/2/2024 10:09:40 PM,19983.09,505.57,46439.40
50132,5/2/2024 10:09:50 PM,19983.44,505.67,46439.34
50132,5/2/2024 10:10:00 PM,19983.30,505.80,46439.50
50132,5/2/2024 10:10:10 PM,19983.25,505.82,46439.67
50132,5/2/2024 10:10:20 PM,19983.10,505.80,46439.79
50132,5/2/2024 10:10:30 PM,19983.30,505.98,46439.77
50132,5/2/2024 10:10:40 PM,19982.88,505.97,46439.70
50132,5/2/2024 10:10:50 PM,19982.70,506.00,46439.82
50132,5/2/2024 10:11:00 PM,19982.30,505.90,46439.80
50132,5/2/2024 10:11:10 PM,19982.10,505.71,46439.87
50132,5/2/2024 10:11:20 PM,19982.05,505.54,46439.70
50132,5/2/2024 10:11:30 PM,19982.20,505.40,46439.50
50132,5/2/2024 10:11:40 PM,19982.37,505.20,46439.80
50132,5/2/2024 10:11:50 PM,19982.83,505.07,46439.64
50132,5/2/2024 10:12:00 PM,19983.27,504.83,46439.75
50132,5/2/2024 10:12:10 PM,19983.75,504.70,46440.00
50132,5/2/2024 10:12:20 PM,19983.70,504.33,46440.08
50132,5/2/2024 10:12:30 PM,19984.10,504.03,46440.04
50132,5/2/2024 10:12:40 PM,19984.70,503.85,46440.18
50132,5/2/2024 10:12:50 PM,19985.10,503.85,46440.11
50132,5/2/2024 10:13:00 PM,19985.33,503.64,46440.50
50132,5/2/2024 10:13:10 PM,19985.60,503.39,46440.30
50132,5/2/2024 10:13:20 PM,19985.90,503.40,46440.43
50132,5/2/2024 10:13:30 PM,19986.00,503.10,46440.73
50132,5/2/2024 10:13:40 PM,19985.77,502.90,46440.60
50132,5/2/2024 10:13:50 PM,19986.20,502.70,46440.60
50132,5/2/2024 10:14:00 PM,19986.40,502.80,46440.87
50132,5/2/2024 10:14:10 PM,19986.30,502.80,46440.80
50132,5/2/2024 10:14:20 PM,19986.30,502.58,46440.89
50132,5/2/2024 10:14:30 PM,19986.10,502.44,46440.90
50132,5/2/2024 10:14:40 PM,19985.80,502.60,46441.10
50132,5/2/2024 10:14:50 PM,19985.80,502.30,46441.10
50132,5/2/2024 10:15:00 PM,19985.60,502.20,46441.03
50132,5/2/2024 10:15:10 PM,19985.44,502.20,46440.90
50132,5/2/2024 10:15:20 PM,19985.20,502.10,46441.00
50132,5/2/2024 10:15:30 PM,19985.00,501.90,46440.90
50132,5/2/2024 10:15:40 PM,19984.70,501.60,46440.90
50132,5/2/2024 10:15:50 PM,19984.30,501.30,46440.60
50132,5/2/2024 10:16:00 PM,19984.40,500.70,46440.60
50132,5/2/2024 10:16:10 PM,19984.70,500.00,46440.40
50132,5/2/2024 10:16:20 PM,19985.85,499.07,46440.25
50132,5/2/2024 10:16:30 PM,19987.80,498.63,46440.30
50132,5/2/2024 10:16:40 PM,19989.40,498.50,46440.70
50132,5/2/2024 10:16:50 PM,19990.50,498.70,46440.80
50132,5/2/2024 10:17:00 PM,19991.45,498.40,46441.30
50132,5/2/2024 10:17:10 PM,19992.30,498.53,46441.50
50132,5/2/2024 10:17:20 PM,19992.80,498.47,46441.90
50132,5/2/2024 10:17:30 PM,19992.80,498.42,46442.04
50132,5/2/2024 10:17:40 PM,19993.00,497.90,46442.05
50132,5/2/2024 10:17:50 PM,19993.90,497.90,46442.20
50132,5/2/2024 10:18:00 PM,19994.80,497.90,46442.33
50132,5/2/2024 10:18:10 PM,19995.50,497.78,46442.50
50132,5/2/2024 10:18:20 PM,19996.30,497.73,46442.67
50132,5/2/2024 10:18:30 PM,19996.72,497.94,46442.90
50132,5/2/2024 10:18:40 PM,19997.10,498.10,46443.10
50132,5/2/2024 10:18:50 PM,19996.90,498.00,46443.40
50132,5/2/2024 10:19:00 PM,19996.90,497.80,46443.60
50132,5/2/2024 10:19:10 PM,19996.93,497.57,46443.70
50132,5/2/2024 10:19:20 PM,19997.00,497.55,46443.76
50132,5/2/2024 10:19:30 PM,19997.30,497.42,46443.95
50132,5/2/2024 10:19:40 PM,19997.30,497.30,46443.95
50132,5/2/2024 10:19:50 PM,19997.37,497.42,46443.90
50132,5/2/2024 10:20:00 PM,19997.00,497.28,46444.00
50132,5/2/2024 10:20:10 PM,19996.80,497.30,46444.04
50132,5/2/2024 10:20:20 PM,19996.65,497.17,46443.80
50132,5/2/2024 10:20:30 PM,19996.42,496.90,46444.10
50132,5/2/2024 10:20:40 PM,19996.60,496.70,46443.85
50132,5/2/2024 10:20:50 PM,19996.50,496.65,46443.70
50132,5/2/2024 10:21:00 PM,19996.10,496.40,46443.80
50132,5/2/2024 10:21:10 PM,19995.60,496.47,46443.65
50132,5/2/2024 10:21:20 PM,19995.60,496.34,46443.60
50132,5/2/2024 10:21:30 PM,19995.10,496.25,46443.63
50132,5/2/2024 10:21:40 PM,19994.50,496.10,46443.50
50132,5/2/2024 10:21:50 PM,19994.00,495.96,46443.10
50132,5/2/2024 10:22:00 PM,19994.01,495.80,46443.20
50132,5/2/2024 10:22:10 PM,19994.20,495.63,46443.00
50132,5/2/2024 10:22:20 PM,19994.00,495.53,46443.10
50132,5/2/2024 10:22:30 PM,19993.77,495.60,46443.02
50132,5/2/2024 10:22:40 PM,19993.70,495.60,46442.84
50132,5/2/2024 10:22:50 PM,19993.65,495.75,46442.90
50132,5/2/2024 10:23:00 PM,19993.10,496.20,46442.80
50132,5/2/2024 10:23:10 PM,19992.15,496.63,46442.83
50132,5/2/2024 10:23:20 PM,19991.20,496.86,46442.60
50132,5/2/2024 10:23:30 PM,19990.15,496.90,46442.20
50132,5/2/2024 10:23:40 PM,19989.00,496.80,46442.17
50132,5/2/2024 10:23:50 PM,19988.20,496.60,46441.82
50132,5/2/2024 10:24:00 PM,19987.50,496.27,46441.48
50132,5/2/2024 10:24:10 PM,19987.50,496.20,46441.25
50132,5/2/2024 10:24:20 PM,19987.20,495.87,46441.04
50132,5/2/2024 10:24:30 PM,19987.05,495.47,46440.68
50132,5/2/2024 10:24:40 PM,19987.32,495.47,46440.50
50132,5/2/2024 10:24:50 PM,19986.98,495.60,46440.50
50132,5/2/2024 10:25:00 PM,19986.45,495.83,46440.50
50132,5/2/2024 10:25:10 PM,19985.80,495.86,46440.37
50132,5/2/2024 10:25:20 PM,19984.90,495.70,46440.00
50132,5/2/2024 10:25:30 PM,19984.40,495.60,46439.70
50132,5/2/2024 10:25:40 PM,19984.40,495.30,46439.60
50132,5/2/2024 10:25:50 PM,19984.70,495.00,46439.50
50132,5/2/2024 10:26:00 PM,19985.10,495.00,46439.40
50132,5/2/2024 10:26:10 PM,19985.00,494.70,46439.00
50132,5/2/2024 10:26:20 PM,19985.50,494.50,46439.13
50132,5/2/2024 10:26:30 PM,19985.80,494.53,46439.10
50132,5/2/2024 10:26:40 PM,19985.90,494.53,46439.10
50132,5/2/2024 10:26:50 PM,19985.90,494.70,46438.90
50132,5/2/2024 10:27:00 PM,19985.97,494.71,46439.14
50132,5/2/2024 10:27:10 PM,19985.96,494.90,46439.00
50132,5/2/2024 10:27:20 PM,19985.80,495.10,46439.20
50132,5/2/2024 10:27:30 PM,19985.50,495.30,46438.98
50132,5/2/2024 10:27:40 PM,19985.37,495.93,46438.97
50132,5/2/2024 10:27:50 PM,19984.93,495.80,46438.75
50132,5/2/2024 10:28:00 PM,19985.10,495.80,46438.60
50132,5/2/2024 10:28:10 PM,19985.25,495.92,46438.50
50132,5/2/2024 10:28:20 PM,19985.20,496.00,46438.40
50132,5/2/2024 10:28:30 PM,19985.40,496.13,46438.44
50132,5/2/2024 10:28:40 PM,19985.40,496.45,46438.38
50132,5/2/2024 10:28:50 PM,19985.40,496.45,46438.30
50132,5/2/2024 10:29:00 PM,19985.15,496.55,46438.30
50132,5/2/2024 10:29:10 PM,19984.90,496.69,46438.10
50132,5/2/2024 10:29:20 PM,19984.65,496.85,46438.02
50132,5/2/2024 10:29:30 PM,19984.27,496.96,46437.80
50132,5/2/2024 10:29:40 PM,19983.96,497.18,46437.80
50132,5/2/2024 10:29:50 PM,19983.47,497.30,46437.60
50132,5/2/2024 10:30:00 PM,19983.20,497.14,46437.57
50132,5/2/2024 10:30:10 PM,19983.30,497.03,46437.20
50132,5/2/2024 10:30:20 PM,19983.03,497.02,46437.30
50132,5/2/2024 10:30:30 PM,19982.90,497.10,46437.10
50132,5/2/2024 10:30:40 PM,19982.70,497.08,46437.10
50132,5/2/2024 10:30:50 PM,19982.20,497.00,46436.96
50132,5/2/2024 10:31:00 PM,19982.10,496.90,46436.88
50132,5/2/2024 10:31:10 PM,19982.00,496.61,46436.60
50132,5/2/2024 10:31:20 PM,19982.10,496.40,46436.60
50132,5/2/2024 10:31:30 PM,19982.57,496.15,46436.60
50132,5/2/2024 10:31:40 PM,19982.60,495.99,46436.59
50132,5/2/2024 10:31:50 PM,19982.80,496.00,46436.60
50132,5/2/2024 10:32:00 PM,19982.83,495.94,46436.64
50132,5/2/2024 10:32:10 PM,19982.83,496.00,46436.60
50132,5/2/2024 10:32:20 PM,19982.80,496.10,46436.60
50132,5/2/2024 10:32:30 PM,19982.50,496.05,46436.50
50132,5/2/2024 10:32:40 PM,19982.60,496.25,46436.55
50132,5/2/2024 10:32:50 PM,19982.60,496.30,46436.70
50132,5/2/2024 10:33:00 PM,19982.25,496.40,46436.70
50132,5/2/2024 10:33:10 PM,19982.10,496.29,46436.55
50132,5/2/2024 10:33:20 PM,19981.90,496.35,46436.45
50132,5/2/2024 10:33:30 PM,19981.58,496.48,46436.55
50132,5/2/2024 10:33:40 PM,19981.40,496.42,46436.30
50132,5/2/2024 10:33:50 PM,19981.40,496.50,46436.43
50132,5/2/2024 10:34:00 PM,19981.07,496.50,46436.30
50132,5/2/2024 10:34:10 PM,19980.81,496.56,46436.10
50132,5/2/2024 10:34:20 PM,19980.90,496.90,46436.30
50132,5/2/2024 10:34:30 PM,19981.00,496.73,46436.04
50132,5/2/2024 10:34:40 PM,19980.94,496.78,46435.90
50132,5/2/2024 10:34:50 PM,19981.00,496.84,46436.10
50132,5/2/2024 10:35:00 PM,19980.78,497.00,46436.10
50132,5/2/2024 10:35:10 PM,19980.50,496.89,46436.07
50132,5/2/2024 10:35:20 PM,19980.70,497.00,46435.90
50132,5/2/2024 10:35:30 PM,19980.60,497.00,46435.80
50132,5/2/2024 10:35:40 PM,19980.60,497.10,46435.80
50132,5/2/2024 10:35:50 PM,19980.70,497.20,46435.80
50132,5/2/2024 10:36:00 PM,19980.20,497.40,46435.80
50132,5/2/2024 10:36:10 PM,19980.00,497.80,46435.90
50132,5/2/2024 10:36:20 PM,19979.15,497.80,46435.80
50132,5/2/2024 10:36:30 PM,19977.98,497.90,46435.40
50132,5/2/2024 10:36:40 PM,19977.30,497.88,46435.50
50132,5/2/2024 10:36:50 PM,19976.60,497.83,46435.20
50132,5/2/2024 10:37:00 PM,19976.10,497.70,46434.99
50132,5/2/2024 10:37:10 PM,19975.60,497.63,46434.70
50132,5/2/2024 10:37:20 PM,19975.60,497.50,46434.60
50132,5/2/2024 10:37:30 PM,19975.60,497.50,46434.40
50132,5/2/2024 10:37:40 PM,19975.30,497.50,46434.40
50132,5/2/2024 10:37:50 PM,19975.00,497.37,46434.10
50132,5/2/2024 10:38:00 PM,19974.70,497.30,46434.10
50132,5/2/2024 10:38:10 PM,19974.60,497.25,46433.96
50132,5/2/2024 10:38:20 PM,19974.17,497.10,46434.00
50132,5/2/2024 10:38:30 PM,19974.03,496.79,46433.80
50132,5/2/2024 10:38:40 PM,19974.18,496.74,46433.57
50132,5/2/2024 10:38:50 PM,19974.40,496.90,46433.60
50132,5/2/2024 10:39:00 PM,19974.15,496.70,46433.57
50132,5/2/2024 10:39:10 PM,19973.92,496.66,46433.50
50132,5/2/2024 10:39:20 PM,19974.00,496.57,46433.45
50132,5/2/2024 10:39:30 PM,19973.96,496.55,46433.30
50132,5/2/2024 10:39:40 PM,19973.92,496.50,46433.20
50132,5/2/2024 10:39:50 PM,19973.90,496.52,46433.20
50132,5/2/2024 10:40:00 PM,19973.90,496.61,46433.20
50132,5/2/2024 10:40:10 PM,19973.90,496.80,46433.28
50132,5/2/2024 10:40:20 PM,19974.10,496.55,46433.19
50132,5/2/2024 10:40:30 PM,19974.47,496.60,46433.04
50132,5/2/2024 10:40:40 PM,19974.72,496.35,46432.90
50132,5/2/2024 10:40:50 PM,19975.00,496.18,46432.90
50132,5/2/2024 10:41:00 PM,19975.65,496.07,46433.10
50132,5/2/2024 10:41:10 PM,19976.20,495.85,46433.20
50132,5/2/2024 10:41:20 PM,19977.20,495.60,46433.20
50132,5/2/2024 10:41:30 PM,19978.04,495.43,46433.30
50132,5/2/2024 10:41:40 PM,19979.02,495.50,46433.60
50132,5/2/2024 10:41:50 PM,19979.50,495.53,46433.88
50132,5/2/2024 10:42:00 PM,19979.60,495.61,46433.95
50132,5/2/2024 10:42:10 PM,19979.94,495.83,46434.40
50132,5/2/2024 10:42:20 PM,19979.70,495.94,46434.46
50132,5/2/2024 10:42:30 PM,19979.50,496.20,46434.50
50132,5/2/2024 10:42:40 PM,19979.28,496.19,46434.54
50132,5/2/2024 10:42:50 PM,19979.20,496.40,46434.60
50132,5/2/2024 10:43:00 PM,19978.73,496.45,46434.55
50132,5/2/2024 10:43:10 PM,19978.44,496.38,46434.50
50132,5/2/2024 10:43:20 PM,19978.07,496.47,46434.30
50132,5/2/2024 10:43:30 PM,19977.80,496.23,46434.30
50132,5/2/2024 10:43:40 PM,19977.80,496.04,46434.20
50132,5/2/2024 10:43:50 PM,19977.95,495.93,46434.23
50132,5/2/2024 10:44:00 PM,19978.01,495.70,46434.16
50132,5/2/2024 10:44:10 PM,19978.17,495.70,46433.90
50132,5/2/2024 10:44:20 PM,19978.30,495.60,46434.10
50132,5/2/2024 10:44:30 PM,19978.55,495.68,46434.20
50132,5/2/2024 10:44:40 PM,19978.50,495.52,46434.25
50132,5/2/2024 10:44:50 PM,19978.40,495.74,46434.40
50132,5/2/2024 10:45:00 PM,19977.97,495.90,46434.40
50132,5/2/2024 10:45:10 PM,19977.68,495.85,46434.33
50132,5/2/2024 10:45:20 PM,19977.50,495.70,46434.20
50132,5/2/2024 10:45:30 PM,19977.50,495.80,46434.30
50132,5/2/2024 10:45:40 PM,19977.30,495.70,46434.20
50132,5/2/2024 10:45:50 PM,19977.30,495.60,46434.10
50132,5/2/2024 10:46:00 PM,19977.00,495.50,46434.00
50132,5/2/2024 10:46:10 PM,19977.10,495.40,46433.80
50132,5/2/2024 10:46:20 PM,19977.00,495.38,46434.04
50132,5/2/2024 10:46:30 PM,19976.80,495.40,46433.96
50132,5/2/2024 10:46:40 PM,19976.60,495.40,46433.87
50132,5/2/2024 10:46:50 PM,19976.50,495.45,46433.90
50132,5/2/2024 10:47:00 PM,19976.13,495.30,46433.70
50132,5/2/2024 10:47:10 PM,19976.10,495.40,46433.80
50132,5/2/2024 10:47:20 PM,19976.00,495.40,46433.70
50132,5/2/2024 10:47:30 PM,19975.90,495.30,46433.50
50132,5/2/2024 10:47:40 PM,19975.90,495.43,46433.54
50132,5/2/2024 10:47:50 PM,19975.90,495.20,46433.60
50132,5/2/2024 10:48:00 PM,19975.92,495.31,46433.30
50132,5/2/2024 10:48:10 PM,19975.80,495.15,46433.50
50132,5/2/2024 10:48:20 PM,19975.88,495.10,46433.40
50132,5/2/2024 10:48:30 PM,19976.00,494.90,46433.50
50132,5/2/2024 10:48:40 PM,19975.70,494.90,46433.40
50132,5/2/2024 10:48:50 PM,19975.60,494.92,46433.55
50132,5/2/2024 10:49:00 PM,19975.66,495.00,46433.40
50132,5/2/2024 10:49:10 PM,19975.66,494.93,46433.60
50132,5/2/2024 10:49:20 PM,19975.50,494.93,46433.60
50132,5/2/2024 10:49:30 PM,19975.50,494.80,46433.40
50132,5/2/2024 10:49:40 PM,19975.70,494.70,46433.50
50132,5/2/2024 10:49:50 PM,19975.77,494.55,46433.37
50132,5/2/2024 10:50:00 PM,19975.91,494.30,46433.50
50132,5/2/2024 10:50:10 PM,19976.00,494.28,46433.40
50132,5/2/2024 10:50:20 PM,19976.50,494.22,46433.50
50132,5/2/2024 10:50:30 PM,19976.64,494.26,46433.60
50132,5/2/2024 10:50:40 PM,19976.60,494.29,46433.60
50132,5/2/2024 10:50:50 PM,19976.30,494.40,46433.70
50132,5/2/2024 10:51:00 PM,19976.30,494.33,46433.80
50132,5/2/2024 10:51:10 PM,19976.00,494.18,46433.70
50132,5/2/2024 10:51:20 PM,19976.00,494.06,46433.40
50132,5/2/2024 10:51:30 PM,19976.00,493.80,46433.55
50132,5/2/2024 10:51:40 PM,19976.35,493.48,46433.10
50132,5/2/2024 10:51:50 PM,19977.00,493.07,46433.40
50132,5/2/2024 10:52:00 PM,19977.60,492.72,46433.40
50132,5/2/2024 10:52:10 PM,19978.40,492.45,46433.40
50132,5/2/2024 10:52:20 PM,19978.90,492.48,46433.65
50132,5/2/2024 10:52:30 PM,19979.70,492.38,46433.77
50132,5/2/2024 10:52:40 PM,19980.33,492.47,46433.90
50132,5/2/2024 10:52:50 PM,19980.90,492.50,46434.13
50132,5/2/2024 10:53:00 PM,19981.20,492.75,46434.40
50132,5/2/2024 10:53:10 PM,19981.70,492.85,46434.58
50132,5/2/2024 10:53:20 PM,19981.94,492.93,46434.60
50132,5/2/2024 10:53:30 PM,19982.20,492.89,46434.80
50132,5/2/2024 10:53:40 PM,19982.70,492.87,46434.74
50132,5/2/2024 10:53:50 PM,19983.04,493.07,46434.96
50132,5/2/2024 10:54:00 PM,19983.11,493.20,46435.10
50132,5/2/2024 10:54:10 PM,19983.40,493.12,46435.03
50132,5/2/2024 10:54:20 PM,19983.10,493.30,46435.33
50132,5/2/2024 10:54:30 PM,19983.30,493.10,46435.30
50132,5/2/2024 10:54:40 PM,19983.20,493.03,46435.20
50132,5/2/2024 10:54:50 PM,19983.40,492.97,46435.30
50132,5/2/2024 10:55:00 PM,19983.40,492.85,46435.43
50132,5/2/2024 10:55:10 PM,19983.40,492.71,46435.30
50132,5/2/2024 10:55:20 PM,19983.70,492.80,46435.40
50132,5/2/2024 10:55:30 PM,19983.40,492.60,46435.30
50132,5/2/2024 10:55:40 PM,19983.80,492.60,46435.50
50132,5/2/2024 10:55:50 PM,19983.50,492.40,46435.60
50132,5/2/2024 10:56:00 PM,19983.70,492.20,46435.50
50132,5/2/2024 10:56:10 PM,19983.70,492.20,46435.50
50132,5/2/2024 10:56:20 PM,19983.60,492.00,46435.60
50132,5/2/2024 10:56:30 PM,19983.45,491.95,46435.43
50132,5/2/2024 10:56:40 PM,19983.50,491.90,46435.20
50132,5/2/2024 10:56:50 PM,19983.52,491.52,46435.30
50132,5/2/2024 10:57:00 PM,19983.60,491.20,46435.50
50132,5/2/2024 10:57:10 PM,19983.40,491.10,46435.55
50132,5/2/2024 10:57:20 PM,19983.41,490.87,46435.50
50132,5/2/2024 10:57:30 PM,19983.40,490.70,46435.33
50132,5/2/2024 10:57:40 PM,19983.30,490.70,46435.43
50132,5/2/2024 10:57:50 PM,19983.36,490.70,46435.54
50132,5/2/2024 10:58:00 PM,19983.24,490.60,46435.30
50132,5/2/2024 10:58:10 PM,19983.00,490.52,46435.40
50132,5/2/2024 10:58:20 PM,19983.05,490.55,46435.40
50132,5/2/2024 10:58:30 PM,19983.00,490.50,46435.50
50132,5/2/2024 10:58:40 PM,19982.90,490.50,46435.42
50132,5/2/2024 10:58:50 PM,19983.03,490.43,46435.65
50132,5/2/2024 10:59:00 PM,19982.98,490.34,46435.50
50132,5/2/2024 10:59:10 PM,19982.99,490.24,46435.40
50132,5/2/2024 10:59:20 PM,19983.15,490.27,46435.68
50132,5/2/2024 10:59:30 PM,19983.30,490.13,46435.58
50132,5/2/2024 10:59:40 PM,19983.60,490.10,46435.50
50132,5/2/2024 10:59:50 PM,19984.00,490.03,46435.65
50132,5/2/2024 11:00:00 PM,19984.10,489.94,46435.62
50132,5/2/2024 11:00:10 PM,19984.19,489.85,46435.70
50132,5/2/2024 11:00:20 PM,19984.40,489.70,46435.78
50132,5/2/2024 11:00:30 PM,19984.53,489.70,46435.70
50132,5/2/2024 11:00:40 PM,19984.60,489.70,46435.75
50132,5/2/2024 11:00:50 PM,19984.60,489.67,46435.72
50132,5/2/2024 11:01:00 PM,19984.60,489.52,46435.80
50132,5/2/2024 11:01:10 PM,19984.50,489.58,46435.80
50132,5/2/2024 11:01:20 PM,19984.47,489.56,46435.83
50132,5/2/2024 11:01:30 PM,19984.30,489.70,46435.70
50132,5/2/2024 11:01:40 PM,19983.80,489.60,46435.70
50132,5/2/2024 11:01:50 PM,19983.72,489.75,46435.77
50132,5/2/2024 11:02:00 PM,19983.40,489.77,46435.65
50132,5/2/2024 11:02:10 PM,19982.90,489.73,46435.50
50132,5/2/2024 11:02:20 PM,19982.80,489.63,46435.70
50132,5/2/2024 11:02:30 PM,19982.60,489.40,46435.40
50132,5/2/2024 11:02:40 PM,19982.37,489.33,46435.30
50132,5/2/2024 11:02:50 PM,19982.27,489.12,46435.30
50132,5/2/2024 11:03:00 PM,19982.40,489.00,46435.13
50132,5/2/2024 11:03:10 PM,19982.27,489.00,46435.00
50132,5/2/2024 11:03:20 PM,19982.14,488.70,46435.07
50132,5/2/2024 11:03:30 PM,19982.40,488.70,46435.15
50132,5/2/2024 11:03:40 PM,19982.30,488.70,46435.20
50132,5/2/2024 11:03:50 PM,19982.27,488.62,46435.20
50132,5/2/2024 11:04:00 PM,19982.10,488.78,46435.10
50132,5/2/2024 11:04:10 PM,19981.96,488.75,46435.20
50132,5/2/2024 11:04:20 PM,19981.80,488.63,46435.00
50132,5/2/2024 11:04:30 PM,19981.97,488.50,46435.00
50132,5/2/2024 11:04:40 PM,19982.10,488.50,46435.10
50132,5/2/2024 11:04:50 PM,19982.20,488.57,46435.00
50132,5/2/2024 11:05:00 PM,19982.25,488.52,46435.10
50132,5/2/2024 11:05:10 PM,19982.30,488.65,46435.10
50132,5/2/2024 11:05:20 PM,19982.30,489.00,46435.20
50132,5/2/2024 11:05:30 PM,19981.50,488.90,46435.10
50132,5/2/2024 11:05:40 PM,19981.20,489.10,46435.00
50132,5/2/2024 11:05:50 PM,19981.00,488.90,46434.80
50132,5/2/2024 11:06:00 PM,19980.70,488.60,46434.60
50132,5/2/2024 11:06:10 PM,19981.00,488.20,46434.60
50132,5/2/2024 11:06:20 PM,19981.40,488.17,46434.40
50132,5/2/2024 11:06:30 PM,19981.50,488.00,46434.43
50132,5/2/2024 11:06:40 PM,19981.60,488.00,46434.45
50132,5/2/2024 11:06:50 PM,19981.63,487.93,46434.60
50132,5/2/2024 11:07:00 PM,19981.60,487.93,46434.60
50132,5/2/2024 11:07:10 PM,19981.66,488.10,46434.50
50132,5/2/2024 11:07:20 PM,19981.43,488.10,46434.50
50132,5/2/2024 11:07:30 PM,19981.49,488.00,46434.20
50132,5/2/2024 11:07:40 PM,19981.60,487.95,46434.33
50132,5/2/2024 11:07:50 PM,19981.90,487.86,46434.38
50132,5/2/2024 11:08:00 PM,19981.96,487.85,46434.32
50132,5/2/2024 11:08:10 PM,19982.30,487.78,46434.50
50132,5/2/2024 11:08:20 PM,19982.34,487.80,46434.40
50132,5/2/2024 11:08:30 PM,19982.40,487.90,46434.53
50132,5/2/2024 11:08:40 PM,19982.50,488.05,46434.66
50132,5/2/2024 11:08:50 PM,19982.50,488.06,46434.40
50132,5/2/2024 11:09:00 PM,19982.30,488.07,46434.70
50132,5/2/2024 11:09:10 PM,19982.30,488.10,46434.46
50132,5/2/2024 11:09:20 PM,19982.02,488.05,46434.39
50132,5/2/2024 11:09:30 PM,19981.96,487.93,46434.30
50132,5/2/2024 11:09:40 PM,19981.90,487.85,46434.32
50132,5/2/2024 11:09:50 PM,19982.30,487.81,46434.34
50132,5/2/2024 11:10:00 PM,19982.27,487.70,46434.35
50132,5/2/2024 11:10:10 PM,19982.30,487.70,46434.40
50132,5/2/2024 11:10:20 PM,19982.40,487.70,46434.32
50132,5/2/2024 11:10:30 PM,19982.43,487.70,46434.43
50132,5/2/2024 11:10:40 PM,19982.60,487.68,46434.20
50132,5/2/2024 11:10:50 PM,19982.72,487.80,46434.40
50132,5/2/2024 11:11:00 PM,19982.70,487.80,46434.40
50132,5/2/2024 11:11:10 PM,19982.90,487.80,46434.50
50132,5/2/2024 11:11:20 PM,19982.88,487.90,46434.50
50132,5/2/2024 11:11:30 PM,19982.93,488.00,46434.30
50132,5/2/2024 11:11:40 PM,19983.00,487.79,46434.40
50132,5/2/2024 11:11:50 PM,19982.80,487.77,46434.50
50132,5/2/2024 11:12:00 PM,19982.80,487.75,46434.50
50132,5/2/2024 11:12:10 PM,19982.62,487.73,46434.65
50132,5/2/2024 11:12:20 PM,19982.40,487.71,46434.50
50132,5/2/2024 11:12:30 PM,19982.23,487.70,46434.30
50132,5/2/2024 11:12:40 PM,19982.10,487.40,46434.40
50132,5/2/2024 11:12:50 PM,19982.30,487.50,46434.35
50132,5/2/2024 11:13:00 PM,19982.50,487.37,46434.40
50132,5/2/2024 11:13:10 PM,19982.47,487.24,46434.20
50132,5/2/2024 11:13:20 PM,19982.70,487.15,46434.37
50132,5/2/2024 11:13:30 PM,19982.50,487.04,46434.32
50132,5/2/2024 11:13:40 PM,19982.45,486.88,46434.30
50132,5/2/2024 11:13:50 PM,19982.60,486.91,46434.30
50132,5/2/2024 11:14:00 PM,19982.80,486.80,46434.33
50132,5/2/2024 11:14:10 PM,19982.80,486.94,46434.36
50132,5/2/2024 11:14:20 PM,19982.80,487.02,46434.50
50132,5/2/2024 11:14:30 PM,19983.00,487.17,46434.30
50132,5/2/2024 11:14:40 PM,19983.40,487.15,46434.33
50132,5/2/2024 11:14:50 PM,19983.75,487.40,46434.30
50132,5/2/2024 11:15:00 PM,19984.30,487.40,46434.30
50132,5/2/2024 11:15:10 PM,19984.20,487.80,46434.35
50132,5/2/2024 11:15:20 PM,19984.40,487.80,46434.30
50132,5/2/2024 11:15:30 PM,19984.40,487.70,46434.20
50132,5/2/2024 11:15:40 PM,19984.40,487.70,46434.30
50132,5/2/2024 11:15:50 PM,19984.60,487.70,46434.30
50132,5/2/2024 11:16:00 PM,19984.70,487.90,46434.20
50132,5/2/2024 11:16:10 PM,19984.30,487.80,46434.30
50132,5/2/2024 11:16:20 PM,19984.10,487.66,46434.10
50132,5/2/2024 11:16:30 PM,19984.10,487.73,46434.40
50132,5/2/2024 11:16:40 PM,19984.10,487.72,46434.33
50132,5/2/2024 11:16:50 PM,19984.00,487.50,46434.40
50132,5/2/2024 11:17:00 PM,19984.20,487.34,46434.35
50132,5/2/2024 11:17:10 PM,19984.40,487.43,46434.20
50132,5/2/2024 11:17:20 PM,19984.10,487.57,46434.40
50132,5/2/2024 11:17:30 PM,19983.83,487.80,46434.40
50132,5/2/2024 11:17:40 PM,19983.28,488.00,46434.45
50132,5/2/2024 11:17:50 PM,19982.45,487.75,46434.37
50132,5/2/2024 11:18:00 PM,19981.70,487.50,46434.20
50132,5/2/2024 11:18:10 PM,19981.40,487.20,46434.02
50132,5/2/2024 11:18:20 PM,19980.70,486.90,46433.82
50132,5/2/2024 11:18:30 PM,19980.55,486.93,46433.70
50132,5/2/2024 11:18:40 PM,19980.30,486.93,46433.80
50132,5/2/2024 11:18:50 PM,19979.80,486.80,46433.42
50132,5/2/2024 11:19:00 PM,19979.46,487.20,46433.50
50132,5/2/2024 11:19:10 PM,19978.87,487.47,46433.40
50132,5/2/2024 11:19:20 PM,19978.10,487.69,46433.43
50132,5/2/2024 11:19:30 PM,19977.01,487.64,46433.17
50132,5/2/2024 11:19:40 PM,19976.20,487.30,46433.00
50132,5/2/2024 11:19:50 PM,19976.00,487.20,46432.50
50132,5/2/2024 11:20:00 PM,19975.50,487.23,46432.60
50132,5/2/2024 11:20:10 PM,19974.55,486.85,46432.40
50132,5/2/2024 11:20:20 PM,19974.40,486.39,46431.95
50132,5/2/2024 11:20:30 PM,19974.80,486.30,46431.90
50132,5/2/2024 11:20:40 PM,19974.60,486.65,46431.90
50132,5/2/2024 11:20:50 PM,19974.28,486.70,46432.04
50132,5/2/2024 11:21:00 PM,19973.73,486.39,46431.80
50132,5/2/2024 11:21:10 PM,19973.35,486.40,46431.80
50132,5/2/2024 11:21:20 PM,19972.90,486.55,46431.75
50132,5/2/2024 11:21:30 PM,19971.53,486.44,46431.60
50132,5/2/2024 11:21:40 PM,19971.10,486.40,46431.40
50132,5/2/2024 11:21:50 PM,19970.90,486.45,46430.96
50132,5/2/2024 11:22:00 PM,19970.62,486.40,46430.80
50132,5/2/2024 11:22:10 PM,19970.70,486.40,46430.90
50132,5/2/2024 11:22:20 PM,19970.70,486.20,46430.60
50132,5/2/2024 11:22:30 PM,19970.60,486.08,46430.70
50132,5/2/2024 11:22:40 PM,19970.70,485.92,46430.60
50132,5/2/2024 11:22:50 PM,19970.90,485.80,46430.45
50132,5/2/2024 11:23:00 PM,19971.47,485.62,46430.50
50132,5/2/2024 11:23:10 PM,19972.00,485.60,46430.56
50132,5/2/2024 11:23:20 PM,19972.80,485.21,46430.50
50132,5/2/2024 11:23:30 PM,19973.61,485.10,46430.80
50132,5/2/2024 11:23:40 PM,19974.37,485.17,46431.08
50132,5/2/2024 11:23:50 PM,19975.07,485.13,46431.20
50132,5/2/2024 11:24:00 PM,19975.93,485.38,46431.40
50132,5/2/2024 11:24:10 PM,19976.50,485.63,46431.80
50132,5/2/2024 11:24:20 PM,19977.20,485.80,46431.90
50132,5/2/2024 11:24:30 PM,19977.60,486.00,46432.07
50132,5/2/2024 11:24:40 PM,19978.37,486.35,46432.23
50132,5/2/2024 11:24:50 PM,19978.70,486.60,46432.30
50132,5/2/2024 11:25:00 PM,19979.20,486.95,46432.55
50132,5/2/2024 11:25:10 PM,19979.62,487.20,46432.80
50132,5/2/2024 11:25:20 PM,19979.70,487.40,46433.00
50132,5/2/2024 11:25:30 PM,19979.80,487.50,46433.00
50132,5/2/2024 11:25:40 PM,19980.10,487.60,46433.20
50132,5/2/2024 11:25:50 PM,19980.30,487.80,46433.20
50132,5/2/2024 11:26:00 PM,19980.40,487.90,46433.40
50132,5/2/2024 11:26:10 PM,19980.50,488.10,46433.30
50132,5/2/2024 11:26:20 PM,19980.50,488.05,46433.63
50132,5/2/2024 11:26:30 PM,19980.20,488.10,46433.50
50132,5/2/2024 11:26:40 PM,19980.80,488.08,46433.40
50132,5/2/2024 11:26:50 PM,19981.40,487.88,46433.70
50132,5/2/2024 11:27:00 PM,19981.90,487.80,46433.77
50132,5/2/2024 11:27:10 PM,19982.30,487.70,46433.90
50132,5/2/2024 11:27:20 PM,19982.87,487.50,46434.10
50132,5/2/2024 11:27:30 PM,19983.50,487.40,46434.17
50132,5/2/2024 11:27:40 PM,19983.75,487.30,46434.40
50132,5/2/2024 11:27:50 PM,19983.80,487.20,46434.68
50132,5/2/2024 11:28:00 PM,19983.90,487.20,46434.67
50132,5/2/2024 11:28:10 PM,19984.00,487.20,46434.75
50132,5/2/2024 11:28:20 PM,19984.30,487.10,46434.85
50132,5/2/2024 11:28:30 PM,19984.60,486.97,46435.00
50132,5/2/2024 11:28:40 PM,19984.50,486.90,46435.15
50132,5/2/2024 11:28:50 PM,19984.40,486.81,46435.30
50132,5/2/2024 11:29:00 PM,19984.50,486.52,46435.20
50132,5/2/2024 11:29:10 PM,19984.63,486.35,46435.20
50132,5/2/2024 11:29:20 PM,19985.10,486.21,46435.45
50132,5/2/2024 11:29:30 PM,19984.93,486.16,46435.50
50132,5/2/2024 11:29:40 PM,19984.90,486.00,46435.60
50132,5/2/2024 11:29:50 PM,19985.40,485.83,46435.60
50132,5/2/2024 11:30:00 PM,19985.50,485.82,46435.55
50132,5/2/2024 11:30:10 PM,19985.50,485.70,46435.77
50132,5/2/2024 11:30:20 PM,19985.57,485.63,46435.73
50132,5/2/2024 11:30:30 PM,19985.55,485.67,46435.80
50132,5/2/2024 11:30:40 PM,19985.30,485.72,46435.83
50132,5/2/2024 11:30:50 PM,19985.10,485.92,46435.90
50132,5/2/2024 11:31:00 PM,19984.78,485.90,46436.00
50132,5/2/2024 11:31:10 PM,19984.66,486.06,46435.85
50132,5/2/2024 11:31:20 PM,19984.33,485.90,46435.73
50132,5/2/2024 11:31:30 PM,19984.37,485.70,46435.90
50132,5/2/2024 11:31:40 PM,19984.45,485.30,46435.75
50132,5/2/2024 11:31:50 PM,19984.50,485.10,46435.60
50132,5/2/2024 11:32:00 PM,19985.10,484.89,46435.90
50132,5/2/2024 11:32:10 PM,19985.80,484.60,46435.80
50132,5/2/2024 11:32:20 PM,19986.10,484.70,46435.96
50132,5/2/2024 11:32:30 PM,19986.40,484.68,46436.13
50132,5/2/2024 11:32:40 PM,19986.83,484.82,46436.25
50132,5/2/2024 11:32:50 PM,19987.20,485.07,46436.40
50132,5/2/2024 11:33:00 PM,19987.50,485.27,46436.58
50132,5/2/2024 11:33:10 PM,19987.70,485.30,46436.70
50132,5/2/2024 11:33:20 PM,19988.00,485.50,46436.73
50132,5/2/2024 11:33:30 PM,19988.23,485.60,46436.70
50132,5/2/2024 11:33:40 PM,19988.00,485.83,46436.85
50132,5/2/2024 11:33:50 PM,19988.00,486.02,46436.80
50132,5/2/2024 11:34:00 PM,19988.12,486.20,46436.75
50132,5/2/2024 11:34:10 PM,19988.38,486.10,46436.80
50132,5/2/2024 11:34:20 PM,19988.70,486.05,46436.80
50132,5/2/2024 11:34:30 PM,19989.10,486.15,46436.90
50132,5/2/2024 11:34:40 PM,19989.53,486.18,46437.10
50132,5/2/2024 11:34:50 PM,19989.83,486.20,46437.30
50132,5/2/2024 11:35:00 PM,19990.08,486.08,46437.23
50132,5/2/2024 11:35:10 PM,19990.65,486.00,46437.50
50132,5/2/2024 11:35:20 PM,19991.00,486.10,46437.60
50132,5/2/2024 11:35:30 PM,19991.30,486.10,46437.70
50132,5/2/2024 11:35:40 PM,19991.60,486.40,46437.70
50132,5/2/2024 11:35:50 PM,19991.80,486.60,46437.70
50132,5/2/2024 11:36:00 PM,19991.40,486.70,46438.10
50132,5/2/2024 11:36:10 PM,19990.60,486.50,46437.90
50132,5/2/2024 11:36:20 PM,19990.30,486.18,46437.85
50132,5/2/2024 11:36:30 PM,19989.80,486.20,46437.60
50132,5/2/2024 11:36:40 PM,19989.70,485.88,46437.70
50132,5/2/2024 11:36:50 PM,19989.60,485.70,46437.70
50132,5/2/2024 11:37:00 PM,19989.17,485.54,46437.73
50132,5/2/2024 11:37:10 PM,19989.07,485.60,46437.75
50132,5/2/2024 11:37:20 PM,19988.60,485.40,46437.60
50132,5/2/2024 11:37:30 PM,19988.23,485.47,46437.60
50132,5/2/2024 11:37:40 PM,19987.73,485.37,46437.46
50132,5/2/2024 11:37:50 PM,19987.55,485.17,46437.40
50132,5/2/2024 11:38:00 PM,19987.40,485.15,46437.20
50132,5/2/2024 11:38:10 PM,19987.55,485.06,46437.10
50132,5/2/2024 11:38:20 PM,19987.80,485.20,46437.00
50132,5/2/2024 11:38:30 PM,19987.60,485.20,46437.05
50132,5/2/2024 11:38:40 PM,19987.60,485.20,46437.20
50132,5/2/2024 11:38:50 PM,19987.40,485.20,46437.20
50132,5/2/2024 11:39:00 PM,19986.80,485.15,46436.90
50132,5/2/2024 11:39:10 PM,19986.70,485.15,46437.00
50132,5/2/2024 11:39:20 PM,19986.24,485.20,46436.77
50132,5/2/2024 11:39:30 PM,19986.00,485.23,46436.80
50132,5/2/2024 11:39:40 PM,19985.95,485.10,46436.60
50132,5/2/2024 11:39:50 PM,19986.00,485.25,46436.45
50132,5/2/2024 11:40:00 PM,19986.06,485.20,46436.49
50132,5/2/2024 11:40:10 PM,19986.15,485.18,46436.63
50132,5/2/2024 11:40:20 PM,19985.78,484.80,46436.30
50132,5/2/2024 11:40:30 PM,19985.70,484.93,46436.40
50132,5/2/2024 11:40:40 PM,19985.45,484.70,46436.13
50132,5/2/2024 11:40:50 PM,19985.77,484.90,46436.20
50132,5/2/2024 11:41:00 PM,19985.80,484.84,46436.14
50132,5/2/2024 11:41:10 PM,19985.80,485.00,46436.17
50132,5/2/2024 11:41:20 PM,19985.10,484.80,46435.90
50132,5/2/2024 11:41:30 PM,19985.20,484.70,46436.30
50132,5/2/2024 11:41:40 PM,19984.60,484.92,46436.30
50132,5/2/2024 11:41:50 PM,19984.80,485.15,46436.00
50132,5/2/2024 11:42:00 PM,19984.80,485.34,46435.90
50132,5/2/2024 11:42:10 PM,19984.80,485.63,46436.04
50132,5/2/2024 11:42:20 PM,19984.60,486.07,46436.20
50132,5/2/2024 11:42:30 PM,19984.20,486.50,46436.18
50132,5/2/2024 11:42:40 PM,19983.80,486.27,46435.94
50132,5/2/2024 11:42:50 PM,19983.40,486.16,46435.80
50132,5/2/2024 11:43:00 PM,19982.90,486.28,46435.83
50132,5/2/2024 11:43:10 PM,19982.40,486.10,46435.51
50132,5/2/2024 11:43:20 PM,19982.46,486.33,46435.30
50132,5/2/2024 11:43:30 PM,19982.76,486.70,46435.30
50132,5/2/2024 11:43:40 PM,19982.60,487.15,46435.32
50132,5/2/2024 11:43:50 PM,19982.10,487.23,46435.30
50132,5/2/2024 11:44:00 PM,19981.43,487.10,46435.20
50132,5/2/2024 11:44:10 PM,19980.90,486.72,46434.92
50132,5/2/2024 11:44:20 PM,19981.13,486.35,46434.90
50132,5/2/2024 11:44:30 PM,19980.80,485.98,46434.90
50132,5/2/2024 11:44:40 PM,19980.60,485.80,46434.74
50132,5/2/2024 11:44:50 PM,19980.44,485.95,46434.70
50132,5/2/2024 11:45:00 PM,19981.10,486.04,46434.67
50132,5/2/2024 11:45:10 PM,19981.30,486.10,46434.75
50132,5/2/2024 11:45:20 PM,19981.70,486.20,46435.00
50132,5/2/2024 11:45:30 PM,19981.60,485.90,46434.90
50132,5/2/2024 11:45:40 PM,19982.00,485.70,46434.90
50132,5/2/2024 11:45:50 PM,19981.80,485.40,46434.90
50132,5/2/2024 11:46:00 PM,19982.30,485.80,46435.30
50132,5/2/2024 11:46:10 PM,19982.50,486.30,46435.20
50132,5/2/2024 11:46:20 PM,19983.60,487.10,46435.10
50132,5/2/2024 11:46:30 PM,19983.60,487.90,46435.50
50132,5/2/2024 11:46:40 PM,19983.30,488.50,46435.50
50132,5/2/2024 11:46:50 PM,19983.00,489.00,46435.40
50132,5/2/2024 11:47:00 PM,19983.25,489.48,46435.20
50132,5/2/2024 11:47:10 PM,19982.93,489.90,46435.10
50132,5/2/2024 11:47:20 PM,19982.40,490.06,46435.30
50132,5/2/2024 11:47:30 PM,19982.13,489.75,46435.10
50132,5/2/2024 11:47:40 PM,19982.40,489.40,46434.90
50132,5/2/2024 11:47:50 PM,19982.60,489.00,46434.90
50132,5/2/2024 11:48:00 PM,19983.60,488.92,46434.93
50132,5/2/2024 11:48:10 PM,19984.20,488.63,46435.21
50132,5/2/2024 11:48:20 PM,19983.55,488.33,46435.40
50132,5/2/2024 11:48:30 PM,19983.20,488.40,46435.57
50132,5/2/2024 11:48:40 PM,19983.10,488.70,46435.40
50132,5/2/2024 11:48:50 PM,19983.40,489.29,46435.50
50132,5/2/2024 11:49:00 PM,19983.21,489.84,46435.74
50132,5/2/2024 11:49:10 PM,19982.10,489.97,46435.92
50132,5/2/2024 11:49:20 PM,19980.85,489.51,46435.54
50132,5/2/2024 11:49:30 PM,19980.25,489.09,46435.25
50132,5/2/2024 11:49:40 PM,19980.63,488.79,46434.90
50132,5/2/2024 11:49:50 PM,19981.70,488.74,46434.90
50132,5/2/2024 11:50:00 PM,19981.60,488.61,46435.24
50132,5/2/2024 11:50:10 PM,19981.10,488.76,46435.25
50132,5/2/2024 11:50:20 PM,19980.53,488.55,46435.25
50132,5/2/2024 11:50:30 PM,19980.40,488.30,46435.20
50132,5/2/2024 11:50:40 PM,19980.17,488.40,46435.20
50132,5/2/2024 11:50:50 PM,19979.68,488.08,46435.40
50132,5/2/2024 11:51:00 PM,19979.50,487.90,46435.38
50132,5/2/2024 11:51:10 PM,19978.90,487.52,46435.40
50132,5/2/2024 11:51:20 PM,19979.00,487.55,46435.34
50132,5/2/2024 11:51:30 PM,19978.88,487.50,46435.40
50132,5/2/2024 11:51:40 PM,19978.70,487.53,46435.52
50132,5/2/2024 11:51:50 PM,19978.35,487.67,46435.44
50132,5/2/2024 11:52:00 PM,19978.35,488.25,46435.45
50132,5/2/2024 11:52:10 PM,19978.04,488.40,46435.30
50132,5/2/2024 11:52:20 PM,19977.54,488.41,46435.42
50132,5/2/2024 11:52:30 PM,19976.72,488.56,46435.30
50132,5/2/2024 11:52:40 PM,19976.40,488.80,46435.14
50132,5/2/2024 11:52:50 PM,19976.30,488.60,46435.07
50132,5/2/2024 11:53:00 PM,19975.80,488.14,46435.02
50132,5/2/2024 11:53:10 PM,19975.20,487.77,46435.00
50132,5/2/2024 11:53:20 PM,19975.20,487.70,46434.70
50132,5/2/2024 11:53:30 PM,19975.90,487.45,46434.68
50132,5/2/2024 11:53:40 PM,19976.35,487.15,46434.88
50132,5/2/2024 11:53:50 PM,19976.35,486.81,46435.04
50132,5/2/2024 11:54:00 PM,19976.60,486.62,46435.30
50132,5/2/2024 11:54:10 PM,19977.00,486.50,46435.20
50132,5/2/2024 11:54:20 PM,19977.00,486.70,46435.47
50132,5/2/2024 11:54:30 PM,19977.04,486.96,46435.50
50132,5/2/2024 11:54:40 PM,19977.10,487.17,46435.73
50132,5/2/2024 11:54:50 PM,19977.02,487.37,46435.76
50132,5/2/2024 11:55:00 PM,19976.80,487.62,46435.84
50132,5/2/2024 11:55:10 PM,19976.40,487.50,46435.93
50132,5/2/2024 11:55:20 PM,19975.80,487.60,46436.00
50132,5/2/2024 11:55:30 PM,19975.40,487.70,46435.80
50132,5/2/2024 11:55:40 PM,19975.10,487.60,46435.50
50132,5/2/2024 11:55:50 PM,19974.80,487.60,46435.60
50132,5/2/2024 11:56:00 PM,19974.50,487.40,46435.70
50132,5/2/2024 11:56:10 PM,19974.20,487.20,46435.50
50132,5/2/2024 11:56:20 PM,19974.10,487.30,46435.54
50132,5/2/2024 11:56:30 PM,19974.20,487.80,46435.52
50132,5/2/2024 11:56:40 PM,19974.10,487.93,46435.70
50132,5/2/2024 11:56:50 PM,19973.40,488.00,46435.60
50132,5/2/2024 11:57:00 PM,19972.97,487.90,46435.60
50132,5/2/2024 11:57:10 PM,19972.60,487.90,46435.45
50132,5/2/2024 11:57:20 PM,19972.51,488.07,46435.45
50132,5/2/2024 11:57:30 PM,19972.40,488.10,46435.30
50132,5/2/2024 11:57:40 PM,19972.40,488.20,46435.40
50132,5/2/2024 11:57:50 PM,19972.23,488.11,46435.40
50132,5/2/2024 11:58:00 PM,19971.50,487.82,46435.40
50132,5/2/2024 11:58:10 PM,19970.81,487.57,46435.30
50132,5/2/2024 11:58:20 PM,19970.89,487.29,46435.10
50132,5/2/2024 11:58:30 PM,19971.08,487.28,46435.20
50132,5/2/2024 11:58:40 PM,19971.10,487.28,46435.25
50132,5/2/2024 11:58:50 PM,19971.05,487.23,46435.24
50132,5/2/2024 11:59:00 PM,19971.17,487.34,46435.15
