:Product:20150312_Fujian，Huangmeishan,220kV Substation_GIC.txt
:Export:2015/12/24 153243  LocalTime
# Prepared by the NCEPU 
# 
# Units GIC_DATA = A
# The positive and negative features of current data represent current direction
#
#       Real-Time GIC Data
#       福建省宁德市寿宁县黄眉山 N27.3675E119.5335
# 

# UT Date           Time
# YR  MO   DA       HHMMSS            GIC_DATA
#-------------------------------------------------------------------------------------------
2015  03  17       000004      0.000975542
2015  03  17       000104      0.003969796
2015  03  17       000204      -0.002512981
2015  03  17       000304      -0.037166404
2015  03  17       000404      -0.097715762
2015  03  17       000504      -0.112511151
2015  03  17       000604      -0.097696587
2015  03  17       000704      -0.09604598
2015  03  17       000804      -0.050068124
2015  03  17       000904      -0.001679647
2015  03  17       001004      0.003567455
2015  03  17       001104      -0.002438257
2015  03  17       001204      0.002542209
2015  03  17       001304      -0.018299271
2015  03  17       001404      -0.018203457
2015  03  17       001504      0.00488493
2015  03  17       001604      0.009457921
2015  03  17       001704      -0.044025621
2015  03  17       001804      -0.022433059
2015  03  17       001904      -0.036166876
2015  03  17       002004      -0.030505304
2015  03  17       002104      0.006650234
2015  03  17       002204      -0.051773488
2015  03  17       002304      -0.032567189
2015  03  17       002404      -0.089512402
2015  03  17       002504      -0.066621639
2015  03  17       002604      -0.055593148
2015  03  17       002704      -0.038931504
2015  03  17       002804      -0.060423133
2015  03  17       002904      -0.042856505
2015  03  17       003004      -0.060960358
2015  03  17       003104      -0.035611876
2015  03  17       003204      -0.027025357
2015  03  17       003304      -0.010942711
2015  03  17       003404      0.004235107
2015  03  17       003504      0.007390391
2015  03  17       003604      -0.017371991
2015  03  17       003704      -0.027656245
2015  03  17       003804      -0.050763535
2015  03  17       003904      -0.056185496
2015  03  17       004004      -0.078240589
2015  03  17       004104      -0.072536273
2015  03  17       004204      -0.093485504
2015  03  17       004304      -0.130881215
2015  03  17       004404      -0.17182299
2015  03  17       004504      -0.164908917
2015  03  17       004604      -0.162965797
2015  03  17       004704      -0.153491459
2015  03  17       004804      -0.149457877
2015  03  17       004904      -0.163640808
2015  03  17       005004      -0.152395389
2015  03  17       005104      -0.143940162
2015  03  17       005204      -0.155446957
2015  03  17       005304      -0.152540394
2015  03  17       005404      -0.171659318
2015  03  17       005504      -0.152611086
2015  03  17       005604      -0.14320191
2015  03  17       005704      -0.127057575
2015  03  17       005804      -0.137928454
2015  03  17       005904      -0.143442366
2015  03  17       010004      -0.136172313
2015  03  17       010104      -0.121997715
2015  03  17       010204      -0.12997465
2015  03  17       010304      -0.121133046
2015  03  17       010404      -0.124805528
2015  03  17       010504      -0.125485353
2015  03  17       010604      -0.104059603
2015  03  17       010704      -0.092808389
2015  03  17       010804      -0.082726374
2015  03  17       010904      -0.045977147
2015  03  17       011004      -0.08576676
2015  03  17       011104      -0.048864324
2015  03  17       011204      -0.055702778
2015  03  17       011304      -0.03632678
2015  03  17       011404      -0.045880292
2015  03  17       011504      -0.054596817
2015  03  17       011604      -0.06045662
2015  03  17       011704      -0.034251614
2015  03  17       011804      -0.021270862
2015  03  17       011904      -0.029802
2015  03  17       012004      -0.041696938
2015  03  17       012104      -0.054805696
2015  03  17       012204      -0.071955846
2015  03  17       012304      -0.064489344
2015  03  17       012404      -0.0844916
2015  03  17       012504      -0.055187424
2015  03  17       012604      -0.085072038
2015  03  17       012704      -0.093050099
2015  03  17       012804      -0.109040888
2015  03  17       012904      -0.112185448
2015  03  17       013004      -0.103878502
2015  03  17       013104      -0.093393259
2015  03  17       013204      -0.091360681
2015  03  17       013304      -0.071682016
2015  03  17       013404      -0.076174133
2015  03  17       013504      -0.045477384
2015  03  17       013604      -0.045246652
2015  03  17       013704      -0.066237771
2015  03  17       013804      -0.0629027
2015  03  17       013904      -0.092032395
2015  03  17       014004      -0.119498603
2015  03  17       014104      -0.096049772
2015  03  17       014204      -0.113326383
2015  03  17       014304      -0.096480732
2015  03  17       014404      -0.095334893
2015  03  17       014504      -0.070218063
2015  03  17       014604      -0.057801182
2015  03  17       014704      -0.026901999
2015  03  17       014804      -0.028786835
2015  03  17       014904      -0.104252698
2015  03  17       015004      -0.123096564
2015  03  17       015104      -0.07682018
2015  03  17       015204      -0.084420833
2015  03  17       015304      -0.067466072
2015  03  17       015404      -0.032967442
2015  03  17       015504      -0.0002379
2015  03  17       015604      0.074382763
2015  03  17       015704      0.138067277
2015  03  17       015804      0.184132269
2015  03  17       015904      0.125690057
2015  03  17       020004      0.027207404
2015  03  17       020104      0.002934246
2015  03  17       020204      -0.050737832
2015  03  17       020304      -0.035216933
2015  03  17       020404      -0.047654852
2015  03  17       020504      -0.067066749
2015  03  17       020604      -0.086352164
2015  03  17       020704      -0.080962918
2015  03  17       020804      -0.069662946
2015  03  17       020904      -0.069025833
2015  03  17       021004      -0.067791288
2015  03  17       021104      -0.051568938
2015  03  17       021204      -0.09001091
2015  03  17       021304      -0.101106444
2015  03  17       021404      -0.094289244
2015  03  17       021504      -0.092668609
2015  03  17       021604      -0.072003044
2015  03  17       021704      -0.007091021
2015  03  17       021804      0.017690439
2015  03  17       021904      0.035181118
2015  03  17       022004      0.055103843
2015  03  17       022104      0.057224601
2015  03  17       022204      -0.003636146
2015  03  17       022304      -0.070805644
2015  03  17       022404      -0.106768379
2015  03  17       022504      -0.064900109
2015  03  17       022604      -0.080774729
2015  03  17       022704      -0.007380981
2015  03  17       022804      0.031404761
2015  03  17       022904      0.116228628
2015  03  17       023004      0.143413747
2015  03  17       023104      0.10785828
2015  03  17       023204      0.038665467
2015  03  17       023304      0.054893689
2015  03  17       023404      0.020415073
2015  03  17       023504      0.039293787
2015  03  17       023604      0.054075477
2015  03  17       023704      0.050770277
2015  03  17       023804      0.056892526
2015  03  17       023904      0.01266398
2015  03  17       024004      0.030947729
2015  03  17       024104      0.051529627
2015  03  17       024204      0.067388142
2015  03  17       024304      0.078225957
2015  03  17       024404      0.056146301
2015  03  17       024504      0.060044578
2015  03  17       024604      0.053395775
2015  03  17       024704      0.09393463
2015  03  17       024804      0.119454862
2015  03  17       024904      0.162151837
2015  03  17       025004      0.11040301
2015  03  17       025104      0.071629771
2015  03  17       025204      0.012606544
2015  03  17       025304      0.007249713
2015  03  17       025404      -0.041574639
2015  03  17       025504      -0.014883569
2015  03  17       025604      0.007832656
2015  03  17       025704      0.004506929
2015  03  17       025804      0.009557053
2015  03  17       025904      0.042282676
2015  03  17       030004      0.041648102
2015  03  17       030104      0.033278102
2015  03  17       030204      0.026922489
2015  03  17       030304      0.037502694
2015  03  17       030404      0.048678039
2015  03  17       030504      0.067173137
2015  03  17       030604      0.034310288
2015  03  17       030704      0.047071868
2015  03  17       030804      0.020821073
2015  03  17       030904      -0.012647926
2015  03  17       031005      -0.061623107
2015  03  17       031105      -0.058214904
2015  03  17       031205      -0.044423924
2015  03  17       031305      -0.056598907
2015  03  17       031405      -0.071417416
2015  03  17       031505      -0.051055268
2015  03  17       031605      -0.055900739
2015  03  17       031705      -0.047092946
2015  03  17       031805      -0.056176008
2015  03  17       031905      -0.022309197
2015  03  17       032005      -0.06606599
2015  03  17       032105      0.000650335
2015  03  17       032205      -0.01544852
2015  03  17       032305      -0.011683498
2015  03  17       032405      -0.012476717
2015  03  17       032505      0.004139328
2015  03  17       032605      0.009402378
2015  03  17       032705      0.075083109
2015  03  17       032805      0.08689914
2015  03  17       032905      0.109208156
2015  03  17       033005      0.04173554
2015  03  17       033105      0.033182256
2015  03  17       033205      -0.035868388
2015  03  17       033305      0.01133286
2015  03  17       033405      -0.020794742
2015  03  17       033505      0.02194845
2015  03  17       033605      0.101825141
2015  03  17       033705      0.104163201
2015  03  17       033805      0.046539601
2015  03  17       033905      0.033958388
2015  03  17       034005      -0.007841288
2015  03  17       034105      0.017224733
2015  03  17       034205      0.066420312
2015  03  17       034305      0.023513815
2015  03  17       034405      0.063074595
2015  03  17       034505      0.083743138
2015  03  17       034605      0.116660802
2015  03  17       034705      0.157621583
2015  03  17       034805      0.130297537
2015  03  17       034905      0.174129967
2015  03  17       035005      0.151020257
2015  03  17       035105      0.174766001
2015  03  17       035205      0.156061537
2015  03  17       035305      0.165204406
2015  03  17       035405      0.191849424
2015  03  17       035505      0.137874783
2015  03  17       035605      0.027118237
2015  03  17       035705      0.045820668
2015  03  17       035805      0.066317649
2015  03  17       035905      0.086477595
2015  03  17       040005      0.185277849
2015  03  17       040105      0.243467176
2015  03  17       040205      0.228063759
2015  03  17       040305      0.177057205
2015  03  17       040405      0.108940317
2015  03  17       040505      0.089352659
2015  03  17       040605      0.089472444
2015  03  17       040705      0.182001805
2015  03  17       040805      0.156437362
2015  03  17       040905      0.201038616
2015  03  17       041005      0.126007381
2015  03  17       041105      0.127221325
2015  03  17       041205      0.044513938
2015  03  17       041305      0.127544973
2015  03  17       041405      0.10418556
2015  03  17       041505      0.171576932
2015  03  17       041605      0.218188058
2015  03  17       041705      0.185412713
2015  03  17       041805      0.214828787
2015  03  17       041905      0.255117129
2015  03  17       042005      0.219019258
2015  03  17       042105      0.237813168
2015  03  17       042205      0.104937151
2015  03  17       042305      0.25222552
2015  03  17       042405      0.134255192
2015  03  17       042505      0.207885279
2015  03  17       042605      0.058350122
2015  03  17       042705      0.177686555
2015  03  17       042805      0.202088512
2015  03  17       042905      0.175314451
2015  03  17       043005      0.19664645
2015  03  17       043105      0.253006498
2015  03  17       043205      0.167772324
2015  03  17       043305      0.201517317
2015  03  17       043405      0.271973715
2015  03  17       043505      0.206014033
2015  03  17       043605      0.160256604
2015  03  17       043705      0.331945015
2015  03  17       043805      0.330518365
2015  03  17       043905      0.379754879
2015  03  17       044005      0.257995611
2015  03  17       044105      0.431479034
2015  03  17       044205      0.212724784
2015  03  17       044305      0.387142565
2015  03  17       044405      0.206908991
2015  03  17       044505      0.460360276
2015  03  17       044605      0.206575679
2015  03  17       044705      1.317158083
2015  03  17       044805      3.28335147
2015  03  17       044905      1.727574115
2015  03  17       045005      2.099486197
2015  03  17       045105      1.331163362
2015  03  17       045205      1.559327394
2015  03  17       045305      1.418777284
2015  03  17       045405      1.595984125
2015  03  17       045505      1.201451696
2015  03  17       045605      1.059649871
2015  03  17       045705      0.905069618
2015  03  17       045805      1.020188499
2015  03  17       045905      0.789712287
2015  03  17       050005      0.8136209
2015  03  17       050105      0.649189295
2015  03  17       050205      0.596270084
2015  03  17       050305      0.636195895
2015  03  17       050405      0.696101351
2015  03  17       050505      0.739064322
2015  03  17       050605      0.775576072
2015  03  17       050705      0.802514936
2015  03  17       050805      0.869656674
2015  03  17       050905      0.784765422
2015  03  17       051005      0.787663613
2015  03  17       051105      0.721000029
2015  03  17       051205      0.804912912
2015  03  17       051305      0.826030898
2015  03  17       051405      0.893687857
2015  03  17       051505      0.837566485
2015  03  17       051605      0.65178854
2015  03  17       051705      0.513201104
2015  03  17       051805      0.606688126
2015  03  17       051905      0.622450092
2015  03  17       052005      0.563467034
2015  03  17       052105      0.746351482
2015  03  17       052205      0.418009674
2015  03  17       052305      0.03984984
2015  03  17       052405      0.198628726
2015  03  17       052505      0.061002942
2015  03  17       052605      0.366873797
2015  03  17       052705      0.288416978
2015  03  17       052805      0.331124328
2015  03  17       052905      0.41248062
2015  03  17       053005      0.404878525
2015  03  17       053105      0.276603673
2015  03  17       053205      0.34954594
2015  03  17       053305      0.250515525
2015  03  17       053405      0.307002176
2015  03  17       053505      0.380775757
2015  03  17       053605      0.440938132
2015  03  17       053705      0.529845082
2015  03  17       053805      0.456538638
2015  03  17       053905      0.477791658
2015  03  17       054005      0.299195071
2015  03  17       054105      0.000498615
2015  03  17       054205      0.085540232
2015  03  17       054305      0.338200609
2015  03  17       054405      0.639881267
2015  03  17       054505      0.607099226
2015  03  17       054605      0.49298077
2015  03  17       054705      0.443694384
2015  03  17       054805      0.658095384
2015  03  17       054905      0.637515914
2015  03  17       055005      0.500069005
2015  03  17       055105      0.669150571
2015  03  17       055205      0.732854063
2015  03  17       055305      0.634092309
2015  03  17       055405      0.202206101
2015  03  17       055505      0.151909705
2015  03  17       055605      0.100648065
2015  03  17       055705      -0.119794678
2015  03  17       055805      0.027501252
2015  03  17       055905      0.451853501
2015  03  17       060005      0.481236572
2015  03  17       060105      0.171143183
2015  03  17       060205      0.086913624
2015  03  17       060305      0.194977224
2015  03  17       060405      0.351308833
2015  03  17       060505      0.255303915
2015  03  17       060605      0.318570684
2015  03  17       060705      0.282488308
2015  03  17       060805      0.331348315
2015  03  17       060905      0.320117615
2015  03  17       061005      0.285097909
2015  03  17       061105      0.203310081
2015  03  17       061205      0.16840246
2015  03  17       061305      0.329099409
2015  03  17       061405      0.442957293
2015  03  17       061505      0.304490169
2015  03  17       061605      0.087035624
2015  03  17       061705      0.14933944
2015  03  17       061805      0.092319288
2015  03  17       061905      -0.157045918
2015  03  17       062005      -0.126750413
2015  03  17       062105      -0.128413424
2015  03  17       062205      0.034847239
2015  03  17       062305      -0.093919157
2015  03  17       062405      -0.194981571
2015  03  17       062505      -0.224011816
2015  03  17       062605      -0.232251005
2015  03  17       062705      -0.145677227
2015  03  17       062805      -0.229886055
2015  03  17       062906      -0.267297182
2015  03  17       063006      -0.124130745
2015  03  17       063106      -0.169853726
2015  03  17       063206      -0.178620413
2015  03  17       063306      -0.0607367
2015  03  17       063406      -0.116034421
2015  03  17       063506      -0.288234673
2015  03  17       063606      -0.285993901
2015  03  17       063706      -0.260831477
2015  03  17       063806      -0.162479871
2015  03  17       063906      -0.322895302
2015  03  17       064006      -0.352638545
2015  03  17       064106      -0.321387087
2015  03  17       064206      -0.210165676
2015  03  17       064306      -0.157121685
2015  03  17       064406      -0.169193892
2015  03  17       064506      -0.274893094
2015  03  17       064606      -0.240372969
2015  03  17       064706      -0.257685801
2015  03  17       064806      -0.343155144
2015  03  17       064906      -0.309996666
2015  03  17       065006      -0.353281777
2015  03  17       065106      -0.177638072
2015  03  17       065206      0.201774773
2015  03  17       065306      -0.30209765
2015  03  17       065406      -0.552249088
2015  03  17       065506      -0.406759704
2015  03  17       065606      -0.255217534
2015  03  17       065706      -0.179297509
2015  03  17       065806      -0.206881353
2015  03  17       065906      -0.361811026
2015  03  17       070006      -0.349846677
2015  03  17       070106      -0.404048533
2015  03  17       070206      -0.573067724
2015  03  17       070306      -0.483629487
2015  03  17       070406      -0.228271549
2015  03  17       070506      -0.128756169
2015  03  17       070606      -0.19768109
2015  03  17       070706      -0.427498949
2015  03  17       070806      -0.352980312
2015  03  17       070906      -0.259976675
2015  03  17       071006      -0.300213968
2015  03  17       071106      -0.238710631
2015  03  17       071206      -0.134240123
2015  03  17       071306      -0.250435582
2015  03  17       071406      -0.236421645
2015  03  17       071506      -0.244567554
2015  03  17       071606      -0.181986975
2015  03  17       071706      -0.236062751
2015  03  17       071806      -0.250192076
2015  03  17       071906      -0.144750151
2015  03  17       072006      -0.112003095
2015  03  17       072106      -0.183137336
2015  03  17       072206      -0.202682147
2015  03  17       072306      -0.255465052
2015  03  17       072406      -0.249089347
2015  03  17       072506      -0.272798677
2015  03  17       072606      -0.32312682
2015  03  17       072706      -0.279989931
2015  03  17       072806      -0.333059644
2015  03  17       072906      -0.394242539
2015  03  17       073006      -0.3136496
2015  03  17       073106      -0.393079699
2015  03  17       073206      -0.379504799
2015  03  17       073306      -0.374744395
2015  03  17       073406      -0.523818888
2015  03  17       073506      -0.724078999
2015  03  17       073606      -0.527952711
2015  03  17       073706      -0.561894758
2015  03  17       073806      -0.728121225
2015  03  17       073906      -0.656869046
2015  03  17       074006      -0.568512058
2015  03  17       074106      -0.648373271
2015  03  17       074206      -0.665927078
2015  03  17       074306      -0.693095569
2015  03  17       074406      -0.599064327
2015  03  17       074506      -0.596994708
2015  03  17       074606      -0.578784296
2015  03  17       074706      -0.646769353
2015  03  17       074806      -0.653979779
2015  03  17       074906      -0.667419362
2015  03  17       075006      -0.652312548
2015  03  17       075106      -0.742332058
2015  03  17       075206      -0.823714129
2015  03  17       075306      -0.910517872
2015  03  17       075406      -0.885890606
2015  03  17       075506      -0.955625055
2015  03  17       075606      -0.994746237
2015  03  17       075706      -0.999740039
2015  03  17       075806      -1.0038125
2015  03  17       075906      -1.001576999
2015  03  17       080006      -0.982140433
2015  03  17       080106      -0.975171915
2015  03  17       080206      -0.884696385
2015  03  17       080306      -0.827819342
2015  03  17       080406      -0.711764209
2015  03  17       080506      -0.762522702
2015  03  17       080606      -0.838323418
2015  03  17       080706      -0.815169809
2015  03  17       080806      -0.754933667
2015  03  17       080906      -0.699168331
2015  03  17       081006      -0.587291861
2015  03  17       081106      -0.557562981
2015  03  17       081206      -0.526285682
2015  03  17       081306      -0.662942574
2015  03  17       081406      -0.659833141
2015  03  17       081506      -0.525393879
2015  03  17       081606      -0.440348851
2015  03  17       081706      -0.46473968
2015  03  17       081806      -0.362516869
2015  03  17       081906      -0.354050458
2015  03  17       082006      -0.427535029
2015  03  17       082106      -0.422397819
2015  03  17       082206      -0.513534921
2015  03  17       082306      -0.579170898
2015  03  17       082406      -0.690383736
2015  03  17       082506      -0.706291636
2015  03  17       082606      -0.744859648
2015  03  17       082706      -0.738509527
2015  03  17       082806      -0.734368221
2015  03  17       082906      -0.697272821
2015  03  17       083006      -0.706312313
2015  03  17       083106      -0.65612241
2015  03  17       083206      -0.589399376
2015  03  17       083306      -0.67876999
2015  03  17       083406      -0.630403954
2015  03  17       083506      -0.65088499
2015  03  17       083606      -0.613257682
2015  03  17       083706      -0.598690915
2015  03  17       083806      -0.54043977
2015  03  17       083906      -0.520134586
2015  03  17       084006      -0.490106287
2015  03  17       084106      -0.520769628
2015  03  17       084206      -0.600630344
2015  03  17       084306      -0.640606788
2015  03  17       084406      -0.684707475
2015  03  17       084506      -0.745088083
2015  03  17       084606      -0.836614192
2015  03  17       084706      -0.875534291
2015  03  17       084806      -0.843958652
2015  03  17       084906      -0.749284414
2015  03  17       085006      -0.650240192
2015  03  17       085106      -0.535213487
2015  03  17       085206      -0.446354909
2015  03  17       085306      -0.480635675
2015  03  17       085406      -0.399720223
2015  03  17       085506      -0.252618912
2015  03  17       085606      -0.234049078
2015  03  17       085706      -0.243802422
2015  03  17       085806      -0.320006687
2015  03  17       085906      -0.411413754
2015  03  17       090006      -0.402686742
2015  03  17       090106      -0.455951971
2015  03  17       090206      -0.507367832
2015  03  17       090306      -0.596269634
2015  03  17       090406      -0.482942456
2015  03  17       090506      -0.52317381
2015  03  17       090606      -0.518025253
2015  03  17       090706      -0.524930981
2015  03  17       090806      -0.524227394
2015  03  17       090906      -0.552108565
2015  03  17       091006      -0.531770698
2015  03  17       091106      -0.628609566
2015  03  17       091206      -0.625727174
2015  03  17       091306      -0.474020388
2015  03  17       091406      -0.435742564
2015  03  17       091506      -0.502475236
2015  03  17       091606      -0.540382212
2015  03  17       091706      -0.57011303
2015  03  17       091806      -0.559857321
2015  03  17       091906      -0.60898427
2015  03  17       092006      -0.579636118
2015  03  17       092106      -0.522032736
2015  03  17       092206      -0.377516329
2015  03  17       092306      -0.41595255
2015  03  17       092406      -0.398888108
2015  03  17       092506      -0.546051531
2015  03  17       092606      -0.639518015
2015  03  17       092706      -0.727582087
2015  03  17       092806      -0.626457743
2015  03  17       092906      -0.681470388
2015  03  17       093006      -0.633153543
2015  03  17       093106      -0.663482811
2015  03  17       093206      -0.64988622
2015  03  17       093306      -0.67970579
2015  03  17       093406      -0.700701833
2015  03  17       093506      -0.70562109
2015  03  17       093606      -0.734285095
2015  03  17       093706      -0.855640051
2015  03  17       093806      -0.953254582
2015  03  17       093906      -0.90461316
2015  03  17       094006      -0.967735105
2015  03  17       094106      -0.954034526
2015  03  17       094206      -1.083074169
2015  03  17       094306      -1.038840369
2015  03  17       094406      -0.946090285
2015  03  17       094506      -0.911791657
2015  03  17       094606      -0.854619217
2015  03  17       094706      -0.794929183
2015  03  17       094806      -0.74395888
2015  03  17       094907      -0.663414744
2015  03  17       095007      -0.5951381
2015  03  17       095107      -0.511172969
2015  03  17       095207      -0.418334887
2015  03  17       095307      -0.344702835
2015  03  17       095407      -0.275063354
2015  03  17       095507      -0.202488712
2015  03  17       095607      -0.125586737
2015  03  17       095707      -0.106353856
2015  03  17       095807      -0.047723598
2015  03  17       095907      -0.012355347
2015  03  17       100007      -0.040491359
2015  03  17       100107      -0.067992231
2015  03  17       100207      -0.059566715
2015  03  17       100307      -0.070656513
2015  03  17       100407      -0.035446958
2015  03  17       100507      -0.030979344
2015  03  17       100607      -0.096787453
2015  03  17       100707      -0.022368031
2015  03  17       100807      0.061500469
2015  03  17       100907      0.032154304
2015  03  17       101007      0.115437062
2015  03  17       101107      0.182334451
2015  03  17       101207      0.095344267
2015  03  17       101307      0.123652857
2015  03  17       101407      0.135078794
2015  03  17       101507      0.109699469
2015  03  17       101607      0.131554022
2015  03  17       101707      0.073223423
2015  03  17       101807      0.049875028
2015  03  17       101907      0.101867664
2015  03  17       102007      0.090835576
2015  03  17       102107      0.02819594
2015  03  17       102207      -0.034548463
2015  03  17       102307      0.048783218
2015  03  17       102407      -0.025146977
2015  03  17       102507      -0.124832978
2015  03  17       102607      -0.026399336
2015  03  17       102707      -0.030970588
2015  03  17       102807      -0.139015351
2015  03  17       102907      -0.052698742
2015  03  17       103007      -0.049444143
2015  03  17       103107      -0.058575123
2015  03  17       103207      -0.052519099
2015  03  17       103307      -0.068188021
2015  03  17       103407      -0.0457091
2015  03  17       103507      -0.035610154
2015  03  17       103607      -0.061701917
2015  03  17       103707      -0.078462477
2015  03  17       103807      -0.112650452
2015  03  17       103907      -0.092789596
2015  03  17       104007      -0.005978828
2015  03  17       104107      0.09154077
2015  03  17       104207      0.040243553
2015  03  17       104307      0.006930793
2015  03  17       104407      0.089129179
2015  03  17       104507      0.042973888
2015  03  17       104607      0.113164925
2015  03  17       104707      0.093155956
2015  03  17       104807      0.147849078
2015  03  17       104907      0.177815133
2015  03  17       105007      0.194369975
2015  03  17       105107      0.234124964
2015  03  17       105207      0.264348582
2015  03  17       105307      0.252220598
2015  03  17       105407      0.209693415
2015  03  17       105507      0.197031167
2015  03  17       105607      0.125172538
2015  03  17       105707      0.106752975
2015  03  17       105807      0.073293155
2015  03  17       105907      0.048732883
2015  03  17       110007      0.039568291
2015  03  17       110107      0.06165386
2015  03  17       110207      0.099675579
2015  03  17       110307      0.095495878
2015  03  17       110407      0.133650141
2015  03  17       110507      0.152706445
2015  03  17       110607      0.156949647
2015  03  17       110707      0.071018573
2015  03  17       110807      0.026216383
2015  03  17       110907      0.02364212
2015  03  17       111007      0.042456776
2015  03  17       111107      0.033360872
2015  03  17       111207      -0.045413691
2015  03  17       111307      -0.088269066
2015  03  17       111407      -0.084604103
2015  03  17       111507      -0.14271298
2015  03  17       111607      -0.004053531
2015  03  17       111707      -0.004158105
2015  03  17       111807      -0.066637297
2015  03  17       111907      -0.089628508
2015  03  17       112007      -0.064417824
2015  03  17       112107      -0.013489255
2015  03  17       112207      0.037948012
2015  03  17       112307      0.10008777
2015  03  17       112407      0.107368981
2015  03  17       112507      0.042121265
2015  03  17       112607      0.006163675
2015  03  17       112707      -0.06899099
2015  03  17       112807      -0.082109064
2015  03  17       112907      -0.104242439
2015  03  17       113007      -0.132868193
2015  03  17       113107      -0.183682835
2015  03  17       113207      -0.214816123
2015  03  17       113307      -0.215808691
2015  03  17       113407      -0.240320716
2015  03  17       113507      -0.180661676
2015  03  17       113607      -0.20728398
2015  03  17       113707      -0.194487361
2015  03  17       113807      -0.179321361
2015  03  17       113907      -0.243425191
2015  03  17       114007      -0.311982644
2015  03  17       114107      -0.328267982
2015  03  17       114207      -0.216990642
2015  03  17       114307      -0.231465155
2015  03  17       114407      -0.299287475
2015  03  17       114507      -0.362557919
2015  03  17       114607      -0.350879121
2015  03  17       114707      -0.389508118
2015  03  17       114807      -0.275542789
2015  03  17       114907      -0.273425209
2015  03  17       115007      -0.367502865
2015  03  17       115107      -0.349267287
2015  03  17       115207      -0.309867306
2015  03  17       115307      -0.270386093
2015  03  17       115407      -0.263831814
2015  03  17       115507      -0.255109994
2015  03  17       115607      -0.222932893
2015  03  17       115707      -0.144124633
2015  03  17       115807      -0.164970822
2015  03  17       115907      -0.159274295
2015  03  17       120007      -0.296340654
2015  03  17       120107      -0.220895554
2015  03  17       120207      -0.181122172
2015  03  17       120307      -0.07491235
2015  03  17       120407      -0.039350126
2015  03  17       120507      -0.039293057
2015  03  17       120607      -0.046952887
2015  03  17       120707      -0.000134499
2015  03  17       120807      -0.114844124
2015  03  17       120907      -0.336006331
2015  03  17       121007      -0.662556511
2015  03  17       121107      -0.816236105
2015  03  17       121207      -0.604156549
2015  03  17       121307      -0.287801401
2015  03  17       121407      -0.232374054
2015  03  17       121507      -0.320416735
2015  03  17       121607      -0.176755061
2015  03  17       121707      -0.096123482
2015  03  17       121807      -0.088261857
2015  03  17       121907      -0.196648553
2015  03  17       122007      -0.29968753
2015  03  17       122107      -0.412431709
2015  03  17       122207      -0.482230554
2015  03  17       122307      -0.48949022
2015  03  17       122407      -0.407747746
2015  03  17       122507      -0.354674959
2015  03  17       122607      -0.29019183
2015  03  17       122707      -0.205358092
2015  03  17       122807      -0.207441492
2015  03  17       122907      -0.20591927
2015  03  17       123007      -0.197325463
2015  03  17       123107      -0.169143309
2015  03  17       123207      -0.220143228
2015  03  17       123307      -0.398734235
2015  03  17       123407      -0.645677908
2015  03  17       123507      -0.630959485
2015  03  17       123607      -0.498694884
2015  03  17       123707      -0.367308066
2015  03  17       123807      -0.342333052
2015  03  17       123907      -0.323381393
2015  03  17       124007      -0.295548644
2015  03  17       124107      -0.306580346
2015  03  17       124207      -0.369667676
2015  03  17       124307      -0.345444151
2015  03  17       124407      -0.392276908
2015  03  17       124507      -0.351948814
2015  03  17       124607      -0.396102895
2015  03  17       124707      -0.439546954
2015  03  17       124807      -0.530669654
2015  03  17       124907      -0.591340327
2015  03  17       125007      -0.627966978
2015  03  17       125107      -0.582619248
2015  03  17       125207      -0.520820748
2015  03  17       125307      -0.552953691
2015  03  17       125407      -0.613222075
2015  03  17       125507      -0.712640339
2015  03  17       125607      -0.738754261
2015  03  17       125707      -0.749201595
2015  03  17       125807      -0.735661728
2015  03  17       125907      -0.756363801
2015  03  17       130007      -0.830265741
2015  03  17       130107      -0.898387404
2015  03  17       130207      -0.941456233
2015  03  17       130307      -1.025346313
2015  03  17       130407      -1.004387744
2015  03  17       130507      -0.956601049
2015  03  17       130607      -0.889432437
2015  03  17       130707      -0.839505893
2015  03  17       130807      -0.757408896
2015  03  17       130907      -0.763447833
2015  03  17       131008      -0.843747122
2015  03  17       131108      -0.878751991
2015  03  17       131208      -0.945075412
2015  03  17       131308      -0.995982792
2015  03  17       131408      -1.023373857
2015  03  17       131508      -0.957338205
2015  03  17       131608      -0.806617468
2015  03  17       131708      -0.680950786
2015  03  17       131808      -0.64570621
2015  03  17       131908      -0.609574116
2015  03  17       132008      -0.682957224
2015  03  17       132108      -0.644307263
2015  03  17       132208      -0.740141801
2015  03  17       132308      -0.760915979
2015  03  17       132408      -0.854752102
2015  03  17       132508      -0.857771596
2015  03  17       132608      -0.878587489
2015  03  17       132708      -1.085486031
2015  03  17       132808      -1.185677593
2015  03  17       132908      -1.090453238
2015  03  17       133008      -0.512332659
2015  03  17       133108      -0.043645352
2015  03  17       133208      -0.004655874
2015  03  17       133308      -0.212280817
2015  03  17       133408      -0.351583903
2015  03  17       133508      -0.351958481
2015  03  17       133608      -0.54029419
2015  03  17       133708      -0.588330252
2015  03  17       133808      -0.728720441
2015  03  17       133908      -0.826508282
2015  03  17       134008      -0.50500043
2015  03  17       134108      -0.737260251
2015  03  17       134208      -1.075527415
2015  03  17       134308      -1.217214049
2015  03  17       134408      -1.152545876
2015  03  17       134508      -1.156782379
2015  03  17       134608      -1.312550191
2015  03  17       134708      -1.29639318
2015  03  17       134808      -1.414088008
2015  03  17       134908      -1.599761624
2015  03  17       135008      -1.631037728
2015  03  17       135108      -1.506440466
2015  03  17       135208      -1.404543036
2015  03  17       135308      -1.259617424
2015  03  17       135408      -0.791589137
2015  03  17       135508      -0.405646622
2015  03  17       135608      -0.747321613
2015  03  17       135708      -1.322209115
2015  03  17       135808      -1.588056521
2015  03  17       135908      -1.285080542
2015  03  17       140008      -0.985394354
2015  03  17       140108      -0.70673877
2015  03  17       140208      -0.499757723
2015  03  17       140308      -0.198595473
2015  03  17       140408      -0.128537006
2015  03  17       140508      0.000983379
2015  03  17       140608      -0.124635211
2015  03  17       140708      -0.441739384
2015  03  17       140808      -0.321152206
2015  03  17       140908      0.014924439
2015  03  17       141008      0.055911292
2015  03  17       141108      0.154670883
2015  03  17       141208      0.272932223
2015  03  17       141308      0.189168202
2015  03  17       141408      0.113633182
2015  03  17       141508      0.069360272
2015  03  17       141608      -0.051885864
2015  03  17       141708      -0.199675569
2015  03  17       141808      -0.18372691
2015  03  17       141908      -0.258759894
2015  03  17       142008      -0.562639601
2015  03  17       142108      -0.759538507
2015  03  17       142208      -0.67840008
2015  03  17       142308      -0.470758647
2015  03  17       142408      -0.176333268
2015  03  17       142508      -0.087475242
2015  03  17       142608      -0.062923698
2015  03  17       142708      -0.128464174
2015  03  17       142808      -0.169462504
2015  03  17       142908      -0.295035305
2015  03  17       143008      -0.303868914
2015  03  17       143108      -0.273773523
2015  03  17       143208      -0.401227321
2015  03  17       143308      -0.512961115
2015  03  17       143408      -0.577210245
2015  03  17       143508      -0.658470436
2015  03  17       143608      -0.691310749
2015  03  17       143708      -0.652085011
2015  03  17       143808      -0.65662077
2015  03  17       143908      -0.589249715
2015  03  17       144008      -0.453497571
2015  03  17       144108      -0.054680387
2015  03  17       144208      0.581438875
2015  03  17       144308      0.650912935
2015  03  17       144408      0.688278674
2015  03  17       144508      0.369342239
2015  03  17       144608      0.206161085
2015  03  17       144708      -0.043831713
2015  03  17       144808      -0.303739583
2015  03  17       144908      -0.48303006
2015  03  17       145008      -0.64707811
2015  03  17       145108      -0.787058815
2015  03  17       145208      -0.795044743
2015  03  17       145308      -0.922337872
2015  03  17       145408      -1.035262623
2015  03  17       145508      -1.231251772
2015  03  17       145608      -1.418473601
2015  03  17       145708      -1.451492243
2015  03  17       145808      -1.375810226
2015  03  17       145908      -1.422029393
2015  03  17       150008      -1.338936523
2015  03  17       150108      -1.347037405
2015  03  17       150208      -1.312038871
2015  03  17       150308      -1.318225024
2015  03  17       150408      -1.342418968
2015  03  17       150508      -1.32005152
2015  03  17       150608      -1.280131749
2015  03  17       150708      -1.322934819
2015  03  17       150808      -1.350046209
2015  03  17       150908      -1.048008314
2015  03  17       151008      -0.885816673
2015  03  17       151108      -0.75897014
2015  03  17       151208      -0.696468827
2015  03  17       151308      -0.648438054
2015  03  17       151408      -0.659352471
2015  03  17       151508      -0.651309164
2015  03  17       151608      -0.579419113
2015  03  17       151708      -0.484508166
2015  03  17       151808      -0.42709066
2015  03  17       151908      -0.471567505
2015  03  17       152008      -0.506534859
2015  03  17       152108      -0.437216024
2015  03  17       152208      -0.408107435
2015  03  17       152308      -0.248372364
2015  03  17       152408      -0.295855086
2015  03  17       152508      -0.467314643
2015  03  17       152608      -0.770327738
2015  03  17       152708      -1.273234148
2015  03  17       152808      -1.495186315
2015  03  17       152908      -1.437319574
2015  03  17       153008      -1.157022562
2015  03  17       153108      -1.028449806
2015  03  17       153208      -0.856167185
2015  03  17       153308      -0.723127455
2015  03  17       153408      -0.745489723
2015  03  17       153508      -0.608905414
2015  03  17       153608      -0.630556343
2015  03  17       153708      -0.647062102
2015  03  17       153808      -0.513346207
2015  03  17       153908      -0.429555871
2015  03  17       154008      -0.156307622
2015  03  17       154108      0.043537311
2015  03  17       154208      0.178150983
2015  03  17       154308      0.180033806
2015  03  17       154408      0.128881042
2015  03  17       154508      0.16975613
2015  03  17       154608      0.043293283
2015  03  17       154708      0.067737474
2015  03  17       154808      0.036657966
2015  03  17       154908      -0.035622917
2015  03  17       155008      0.033879248
2015  03  17       155108      -0.034248575
2015  03  17       155208      -0.073184296
2015  03  17       155308      0.048248064
2015  03  17       155408      0.081947754
2015  03  17       155508      0.111532776
2015  03  17       155608      0.220527638
2015  03  17       155708      0.006998185
2015  03  17       155808      0.037151153
2015  03  17       155908      0.071167743
2015  03  17       160008      0.162154341
2015  03  17       160108      0.253903413
2015  03  17       160208      0.177251461
2015  03  17       160308      0.175399465
2015  03  17       160408      0.175889331
2015  03  17       160508      0.01949765
2015  03  17       160608      -0.252536367
2015  03  17       160708      -0.50273564
2015  03  17       160808      -0.575320285
2015  03  17       160908      -0.587779638
2015  03  17       161008      -0.523070862
2015  03  17       161108      -0.645030258
2015  03  17       161208      -0.646508978
2015  03  17       161308      -0.637094066
2015  03  17       161408      -0.601385769
2015  03  17       161508      -0.528224071
2015  03  17       161608      -0.504612473
2015  03  17       161708      -0.495641069
2015  03  17       161808      -0.542172973
2015  03  17       161908      -0.542171406
2015  03  17       162008      -0.602930502
2015  03  17       162108      -0.689469969
2015  03  17       162208      -0.763434432
2015  03  17       162308      -0.961643022
2015  03  17       162408      -1.023007621
2015  03  17       162508      -1.124288012
2015  03  17       162608      -1.22172591
2015  03  17       162708      -1.27255541
2015  03  17       162808      -1.34589995
2015  03  17       162909      -1.412901481
2015  03  17       163009      -1.486037216
2015  03  17       163109      -1.513008702
2015  03  17       163209      -1.43808697
2015  03  17       163309      -1.392946047
2015  03  17       163409      -1.311508421
2015  03  17       163509      -1.312133077
2015  03  17       163609      -1.293920004
2015  03  17       163709      -1.214041289
2015  03  17       163809      -1.076686319
2015  03  17       163909      -0.95268074
2015  03  17       164009      -0.863791789
2015  03  17       164109      -0.851826943
2015  03  17       164209      -0.761302844
2015  03  17       164309      -0.656183784
2015  03  17       164409      -0.56416717
2015  03  17       164509      -0.378905581
2015  03  17       164609      -0.240544058
2015  03  17       164709      -0.283756894
2015  03  17       164809      -0.331803107
2015  03  17       164909      -0.533929969
2015  03  17       165009      -0.765133203
2015  03  17       165109      -0.735501543
2015  03  17       165209      -0.61010982
2015  03  17       165309      -0.489104076
2015  03  17       165409      -0.271351401
2015  03  17       165509      -0.122547062
2015  03  17       165609      -0.087597942
2015  03  17       165709      -0.085619195
2015  03  17       165809      -0.109994965
2015  03  17       165909      -0.103983379
2015  03  17       170009      -0.090663627
2015  03  17       170109      -0.188548517
2015  03  17       170209      -0.185408938
2015  03  17       170309      -0.15699171
2015  03  17       170409      -0.053430007
2015  03  17       170509      0.013460745
2015  03  17       170609      0.007991909
2015  03  17       170709      -0.013047004
2015  03  17       170809      0.041355927
2015  03  17       170909      0.008697861
2015  03  17       171009      0.024676934
2015  03  17       171109      0.071141634
2015  03  17       171209      -0.015195603
2015  03  17       171309      -0.268450341
2015  03  17       171409      -0.570877295
2015  03  17       171509      -0.779999087
2015  03  17       171609      -0.805127911
2015  03  17       171709      -0.790704103
2015  03  17       171809      -0.776866164
2015  03  17       171909      -0.754121738
2015  03  17       172009      -0.587002602
2015  03  17       172109      -0.477608502
2015  03  17       172209      -0.482307626
2015  03  17       172309      -0.462618236
2015  03  17       172409      -0.515444463
2015  03  17       172509      -0.614118257
2015  03  17       172609      -0.758305981
2015  03  17       172709      -0.823702182
2015  03  17       172809      -0.9561062
2015  03  17       172909      -1.230251797
2015  03  17       173009      -1.247319063
2015  03  17       173109      -1.086294241
2015  03  17       173209      -0.902004506
2015  03  17       173309      -0.876903869
2015  03  17       173409      -0.548535404
2015  03  17       173509      -0.184947949
2015  03  17       173609      0.120683304
2015  03  17       173709      0.374502773
2015  03  17       173809      0.558233319
2015  03  17       173909      0.876581516
2015  03  17       174009      1.013381999
2015  03  17       174109      1.230655908
2015  03  17       174209      1.253892132
2015  03  17       174309      1.119223099
2015  03  17       174409      1.05625303
2015  03  17       174509      1.30406955
2015  03  17       174609      1.327522204
2015  03  17       174709      1.368998555
2015  03  17       174809      1.269025321
2015  03  17       174909      1.281983332
2015  03  17       175009      1.329434285
2015  03  17       175109      1.178894026
2015  03  17       175209      1.0385556
2015  03  17       175309      1.015718195
2015  03  17       175409      0.95117598
2015  03  17       175509      0.928771618
2015  03  17       175609      0.919816385
2015  03  17       175709      0.811893594
2015  03  17       175809      0.760886892
2015  03  17       175909      0.713270311
2015  03  17       180009      0.643577262
2015  03  17       180109      0.584455307
2015  03  17       180209      0.455509605
2015  03  17       180309      0.380998607
2015  03  17       180409      0.27861559
2015  03  17       180509      0.208802495
2015  03  17       180609      0.136359462
2015  03  17       180709      0.099015821
2015  03  17       180809      0.091018634
2015  03  17       180909      0.141793539
2015  03  17       181009      0.164755751
2015  03  17       181109      0.111947239
2015  03  17       181209      0.033233134
2015  03  17       181309      0.002285967
2015  03  17       181409      -0.031742089
2015  03  17       181509      -0.084882487
2015  03  17       181609      -0.120150861
2015  03  17       181709      -0.224199252
2015  03  17       181809      -0.259405104
2015  03  17       181909      -0.280664435
2015  03  17       182009      -0.263564774
2015  03  17       182109      -0.180850704
2015  03  17       182209      -0.205461536
2015  03  17       182309      -0.162648792
2015  03  17       182409      -0.223707074
2015  03  17       182509      -0.187339595
2015  03  17       182609      -0.112183034
2015  03  17       182709      -0.051351677
2015  03  17       182809      -0.058453892
2015  03  17       182909      -0.064229501
2015  03  17       183009      -0.038539075
2015  03  17       183109      -0.107326042
2015  03  17       183209      -0.172155463
2015  03  17       183309      -0.231592118
2015  03  17       183409      -0.21103874
2015  03  17       183509      -0.168890061
2015  03  17       183609      -0.151982698
2015  03  17       183709      -0.160366249
2015  03  17       183809      -0.172220144
2015  03  17       183909      -0.209385885
2015  03  17       184009      -0.305668542
2015  03  17       184109      -0.377179564
2015  03  17       184209      -0.39698894
2015  03  17       184309      -0.461168363
2015  03  17       184409      -0.486835084
2015  03  17       184509      -0.487534035
2015  03  17       184609      -0.355377323
2015  03  17       184709      -0.291553178
2015  03  17       184809      -0.272195266
2015  03  17       184909      -0.29579471
2015  03  17       185009      -0.33795286
2015  03  17       185109      -0.385493576
2015  03  17       185209      -0.368667141
2015  03  17       185309      -0.361358213
2015  03  17       185409      -0.417386866
2015  03  17       185509      -0.591175564
2015  03  17       185609      -0.798090441
2015  03  17       185709      -0.817499136
2015  03  17       185809      -0.724626348
2015  03  17       185909      -0.617737353
2015  03  17       190009      -0.505461146
2015  03  17       190109      -0.365866955
2015  03  17       190209      -0.271218143
2015  03  17       190309      -0.258681319
2015  03  17       190409      -0.319707702
2015  03  17       190509      -0.334983467
2015  03  17       190609      -0.312771598
2015  03  17       190709      -0.298801787
2015  03  17       190809      -0.344649654
2015  03  17       190909      -0.250954402
2015  03  17       191009      -0.119028666
2015  03  17       191109      -0.198080897
2015  03  17       191209      -0.266940824
2015  03  17       191309      -0.334286996
2015  03  17       191409      -0.377294905
2015  03  17       191509      -0.500741568
2015  03  17       191609      -0.585608681
2015  03  17       191709      -0.600138626
2015  03  17       191809      -0.540018047
2015  03  17       191909      -0.4593731
2015  03  17       192009      -0.38698134
2015  03  17       192109      -0.347944993
2015  03  17       192209      -0.301464052
2015  03  17       192309      -0.300764633
2015  03  17       192409      -0.306338346
2015  03  17       192509      -0.277785953
2015  03  17       192609      -0.188308687
2015  03  17       192709      -0.0645268
2015  03  17       192809      0.075355064
2015  03  17       192909      -0.01104153
2015  03  17       193009      -0.196571758
2015  03  17       193109      -0.210478969
2015  03  17       193209      -0.175586604
2015  03  17       193309      -0.144152268
2015  03  17       193409      -0.122208514
2015  03  17       193509      -0.132308991
2015  03  17       193609      -0.141177615
2015  03  17       193709      -0.135090719
2015  03  17       193809      -0.247443844
2015  03  17       193909      -0.320507238
2015  03  17       194009      -0.312102903
2015  03  17       194109      -0.266440827
2015  03  17       194209      -0.252214798
2015  03  17       194309      -0.15677302
2015  03  17       194409      -0.031816861
2015  03  17       194509      -0.062130435
2015  03  17       194609      -0.024609001
2015  03  17       194709      -0.052600685
2015  03  17       194809      -0.168393033
2015  03  17       194909      -0.199169924
2015  03  17       195010      0.171800702
2015  03  17       195110      0.430094452
2015  03  17       195210      0.367494209
2015  03  17       195310      0.489777985
2015  03  17       195410      0.620460203
2015  03  17       195510      0.893933385
2015  03  17       195610      1.005141224
2015  03  17       195710      1.044909018
2015  03  17       195810      1.140582946
2015  03  17       195910      1.290200715
2015  03  17       200010      1.217116916
2015  03  17       200110      1.136461692
2015  03  17       200210      1.14620132
2015  03  17       200310      1.166275462
2015  03  17       200410      1.231026664
2015  03  17       200510      1.213129909
2015  03  17       200610      1.282623917
2015  03  17       200710      1.259581563
2015  03  17       200810      1.284765924
2015  03  17       200910      1.234193018
2015  03  17       201010      1.272024506
2015  03  17       201110      1.315006871
2015  03  17       201210      1.224565808
2015  03  17       201310      1.099188049
2015  03  17       201410      0.909919285
2015  03  17       201510      0.692646654
2015  03  17       201610      0.547245573
2015  03  17       201710      0.382568657
2015  03  17       201810      0.272907061
2015  03  17       201910      0.201824051
2015  03  17       202010      0.226072893
2015  03  17       202110      0.223651464
2015  03  17       202210      0.136585939
2015  03  17       202310      0.08751565
2015  03  17       202410      0.087841087
2015  03  17       202510      0.189062962
2015  03  17       202610      0.232754569
2015  03  17       202710      0.272539274
2015  03  17       202810      0.29850062
2015  03  17       202910      0.261861296
2015  03  17       203010      0.203730366
2015  03  17       203110      0.137368551
2015  03  17       203210      0.078776314
2015  03  17       203310      0.060543572
2015  03  17       203410      0.014766446
2015  03  17       203510      0.029015149
2015  03  17       203610      0.022825301
2015  03  17       203710      -0.038926134
2015  03  17       203810      -0.095034811
2015  03  17       203910      -0.180722511
2015  03  17       204010      -0.279823318
2015  03  17       204110      -0.378814574
2015  03  17       204210      -0.416293933
2015  03  17       204310      -0.416140819
2015  03  17       204410      -0.465099227
2015  03  17       204510      -0.445175628
2015  03  17       204610      -0.379701868
2015  03  17       204710      -0.23749265
2015  03  17       204810      -0.175881874
2015  03  17       204910      -0.188020593
2015  03  17       205010      -0.187270804
2015  03  17       205110      -0.256538335
2015  03  17       205210      -0.267270463
2015  03  17       205310      -0.362592149
2015  03  17       205410      -0.218527572
2015  03  17       205510      -0.027617179
2015  03  17       205610      0.102140937
2015  03  17       205710      0.275986756
2015  03  17       205810      0.29567972
2015  03  17       205910      0.241873667
2015  03  17       210010      0.211345289
2015  03  17       210110      0.25597265
2015  03  17       210210      0.252951278
2015  03  17       210310      0.283022066
2015  03  17       210410      0.308523377
2015  03  17       210510      0.355186764
2015  03  17       210610      0.365505166
2015  03  17       210710      0.265652362
2015  03  17       210810      0.199297006
2015  03  17       210910      0.178507016
2015  03  17       211010      0.209863433
2015  03  17       211110      0.284571762
2015  03  17       211210      0.320761877
2015  03  17       211310      0.330585697
2015  03  17       211410      0.270775061
2015  03  17       211510      0.228460138
2015  03  17       211610      0.222500282
2015  03  17       211710      0.167457191
2015  03  17       211810      0.060010759
2015  03  17       211910      -0.025689975
2015  03  17       212010      0.045792212
2015  03  17       212110      0.187667852
2015  03  17       212210      0.19302081
2015  03  17       212310      0.165132261
2015  03  17       212410      0.062527452
2015  03  17       212510      -0.008577849
2015  03  17       212610      -0.04411811
2015  03  17       212710      -0.028356266
2015  03  17       212810      -0.047398406
2015  03  17       212910      -0.118963465
2015  03  17       213010      -0.138179139
2015  03  17       213110      -0.115180521
2015  03  17       213210      -0.166405518
2015  03  17       213310      -0.192002307
2015  03  17       213410      -0.21872993
2015  03  17       213510      -0.228989442
2015  03  17       213610      -0.220711764
2015  03  17       213710      -0.222099799
2015  03  17       213810      -0.208839201
2015  03  17       213910      -0.192519508
2015  03  17       214010      -0.150817361
2015  03  17       214110      -0.132533268
2015  03  17       214210      -0.147376388
2015  03  17       214310      -0.173714936
2015  03  17       214410      -0.233502304
2015  03  17       214510      -0.205508897
2015  03  17       214610      -0.213544551
2015  03  17       214710      -0.191916467
2015  03  17       214810      -0.200424458
2015  03  17       214910      -0.247088307
2015  03  17       215010      -0.229510932
2015  03  17       215110      -0.161444735
2015  03  17       215210      -0.167617877
2015  03  17       215310      -0.179631178
2015  03  17       215410      -0.220818826
2015  03  17       215510      -0.240183065
2015  03  17       215610      -0.302012568
2015  03  17       215710      -0.368152625
2015  03  17       215810      -0.382607799
2015  03  17       215910      -0.378558457
2015  03  17       220010      -0.376059609
2015  03  17       220110      -0.309260726
2015  03  17       220210      -0.255512383
2015  03  17       220310      -0.270628424
2015  03  17       220410      -0.222312409
2015  03  17       220510      -0.236205639
2015  03  17       220610      -0.234988059
2015  03  17       220710      -0.204273101
2015  03  17       220810      -0.141176516
2015  03  17       220910      -0.126074846
2015  03  17       221010      -0.149881601
2015  03  17       221110      -0.319645353
2015  03  17       221210      -0.297774822
2015  03  17       221310      -0.296441769
2015  03  17       221410      -0.312786016
2015  03  17       221510      -0.328087183
2015  03  17       221610      -0.324580866
2015  03  17       221710      -0.334174265
2015  03  17       221810      -0.353219669
2015  03  17       221910      -0.374962739
2015  03  17       222010      -0.335244081
2015  03  17       222110      -0.343738641
2015  03  17       222210      -0.358125106
2015  03  17       222310      -0.341508557
2015  03  17       222410      -0.250637389
2015  03  17       222510      -0.281396037
2015  03  17       222610      -0.31542848
2015  03  17       222710      -0.300280034
2015  03  17       222810      -0.299798161
2015  03  17       222910      -0.348738466
2015  03  17       223010      -0.35815567
2015  03  17       223110      -0.396094075
2015  03  17       223210      -0.461889818
2015  03  17       223310      -0.569183208
2015  03  17       223410      -0.627387971
2015  03  17       223510      -0.702808174
2015  03  17       223610      -0.783173282
2015  03  17       223710      -0.836205006
2015  03  17       223810      -0.875381743
2015  03  17       223910      -0.993385339
2015  03  17       224010      -0.935853109
2015  03  17       224110      -0.940923513
2015  03  17       224210      -0.902623998
2015  03  17       224310      -0.663460038
2015  03  17       224410      -0.744813321
2015  03  17       224510      -0.659593847
2015  03  17       224610      -0.57010494
2015  03  17       224710      -0.446255118
2015  03  17       224810      -0.397215664
2015  03  17       224910      -0.319187265
2015  03  17       225010      -0.180929511
2015  03  17       225110      -0.2369075
2015  03  17       225210      -0.353810899
2015  03  17       225310      -0.355690726
2015  03  17       225410      -0.38414293
2015  03  17       225510      -0.354288279
2015  03  17       225610      -0.351811357
2015  03  17       225710      -0.332927713
2015  03  17       225810      -0.156678047
2015  03  17       225910      -0.065051025
2015  03  17       230010      -0.040149626
2015  03  17       230110      0.018594401
2015  03  17       230210      0.097483503
2015  03  17       230310      0.243248979
2015  03  17       230410      0.19630814
2015  03  17       230510      0.0295205
2015  03  17       230610      0.179581747
2015  03  17       230710      0.317655896
2015  03  17       230810      0.606315618
2015  03  17       230910      0.579152273
2015  03  17       231011      0.675688907
2015  03  17       231111      0.622733263
2015  03  17       231211      0.712459727
2015  03  17       231311      0.801538589
2015  03  17       231411      1.012877396
2015  03  17       231511      1.045597795
2015  03  17       231611      1.059437839
2015  03  17       231711      1.127937225
2015  03  17       231811      1.19875744
2015  03  17       231911      1.218937875
2015  03  17       232011      1.278182078
2015  03  17       232111      1.187215082
2015  03  17       232211      1.170736969
2015  03  17       232311      1.148146795
2015  03  17       232411      1.095587415
2015  03  17       232511      1.067026165
2015  03  17       232611      1.037784107
2015  03  17       232711      0.855969999
2015  03  17       232811      0.740788856
2015  03  17       232911      0.590482089
2015  03  17       233011      0.455985799
2015  03  17       233111      0.340176946
2015  03  17       233211      0.310801956
2015  03  17       233311      0.25362026
2015  03  17       233411      0.233873218
2015  03  17       233511      0.176416253
2015  03  17       233611      0.163891213
2015  03  17       233711      0.120761094
2015  03  17       233811      0.235265284
2015  03  17       233911      0.230884772
2015  03  17       234011      0.184688435
2015  03  17       234111      0.198496467
2015  03  17       234211      0.234126534
2015  03  17       234311      0.242295069
2015  03  17       234411      0.177407563
2015  03  17       234511      0.102600427
2015  03  17       234611      -0.008573519
2015  03  17       234711      -0.034634702
2015  03  17       234811      -0.094852589
2015  03  17       234911      -0.118244345
2015  03  17       235011      -0.216418071
2015  03  17       235111      -0.267761043
2015  03  17       235211      -0.307866579
2015  03  17       235311      -0.415687944
2015  03  17       235411      -0.391530483
2015  03  17       235511      -0.426010781
2015  03  17       235611      -0.492846499
2015  03  17       235711      -0.551655441
2015  03  17       235811      -0.563502479
2015  03  17       235911      -0.511009072
2015  03  18       000011      -0.481409334
2015  03  18       000111      -0.516607382
2015  03  18       000211      -0.604656758
2015  03  18       000311      -0.811548083
2015  03  18       000411      -0.782287343
2015  03  18       000511      -0.795985946
2015  03  18       000611      -0.754545683
2015  03  18       000711      -0.743153344
2015  03  18       000811      -0.633960569
2015  03  18       000911      -0.532871823
2015  03  18       001011      -0.524452577
2015  03  18       001111      -0.501807265
2015  03  18       001211      -0.420992725
2015  03  18       001311      -0.300608909
2015  03  18       001411      -0.148265495
2015  03  18       001511      -0.165928759
2015  03  18       001611      -0.284174014
2015  03  18       001711      -0.381493662
2015  03  18       001811      -0.381463757
2015  03  18       001911      -0.399013773
2015  03  18       002011      -0.169884163
2015  03  18       002111      -0.18015601
2015  03  18       002211      -0.226796585
2015  03  18       002311      -0.167927792
2015  03  18       002411      -0.20290022
2015  03  18       002511      -0.134161168
2015  03  18       002611      0.107671177
2015  03  18       002711      0.041534473
2015  03  18       002811      -0.062648913
2015  03  18       002911      -0.19035859
2015  03  18       003011      -0.27063074
2015  03  18       003111      -0.265283095
2015  03  18       003211      -0.322626022
2015  03  18       003311      -0.276639919
2015  03  18       003411      -0.329378045
2015  03  18       003511      -0.3667347
2015  03  18       003611      -0.405858078
2015  03  18       003711      -0.518523403
2015  03  18       003811      -0.691400205
2015  03  18       003911      -0.651118302
2015  03  18       004011      -0.604152336
2015  03  18       004111      -0.437587024
2015  03  18       004211      -0.396798041
2015  03  18       004311      -0.313744275
2015  03  18       004411      -0.234536386
2015  03  18       004511      -0.269314507
2015  03  18       004611      -0.363174008
2015  03  18       004711      -0.454397405
2015  03  18       004811      -0.38803464
2015  03  18       004911      -0.316641592
2015  03  18       005011      -0.313787424
2015  03  18       005111      -0.38762281
2015  03  18       005211      -0.483982615
2015  03  18       005311      -0.47619006
2015  03  18       005411      -0.399581178
2015  03  18       005511      -0.416553317
2015  03  18       005611      -0.421553619
2015  03  18       005711      -0.4437167
2015  03  18       005811      -0.332532162
2015  03  18       005911      -0.312867299
2015  03  18       010011      -0.342551368
2015  03  18       010111      -0.325615019
2015  03  18       010211      -0.270455383
2015  03  18       010311      -0.220031962
2015  03  18       010411      -0.209554388
2015  03  18       010511      -0.250439495
2015  03  18       010611      -0.215660885
2015  03  18       010711      -0.128566585
2015  03  18       010811      -0.150588721
2015  03  18       010911      -0.08170659
2015  03  18       011011      -0.013320274
2015  03  18       011111      -0.03506606
2015  03  18       011211      0.003856945
2015  03  18       011311      -0.00450297
2015  03  18       011411      0.057388217
2015  03  18       011511      0.010261447
2015  03  18       011611      0.012013313
2015  03  18       011711      -0.006358137
2015  03  18       011811      -0.054476702
2015  03  18       011911      -0.041622101
2015  03  18       012011      0.022099477
2015  03  18       012111      -0.00240101
2015  03  18       012211      0.019560117
2015  03  18       012311      0.046046519
2015  03  18       012411      0.032120236
2015  03  18       012511      0.016666688
2015  03  18       012611      0.065453784
2015  03  18       012711      0.072515727
2015  03  18       012811      0.005122654
2015  03  18       012911      -0.052178381
2015  03  18       013011      -0.011338057
2015  03  18       013111      0.014107129
2015  03  18       013211      0.011304998
2015  03  18       013311      0.015865035
2015  03  18       013411      0.001970874
2015  03  18       013511      -0.032424284
2015  03  18       013611      -0.022103358
2015  03  18       013711      0.028757242
2015  03  18       013811      0.037808671
2015  03  18       013911      0.02129635
2015  03  18       014011      0.052463797
2015  03  18       014111      0.062868768
2015  03  18       014211      0.079153168
2015  03  18       014311      0.063741118
2015  03  18       014411      0.0131891
2015  03  18       014511      0.033780815
2015  03  18       014611      0.056241785
2015  03  18       014711      0.047367839
2015  03  18       014811      0.050295635
2015  03  18       014911      0.02876352
2015  03  18       015011      0.056657832
2015  03  18       015111      0.062340754
2015  03  18       015211      0.097609149
2015  03  18       015311      0.072726574
2015  03  18       015411      0.046193134
2015  03  18       015511      0.014602595
2015  03  18       015611      -0.009161622
2015  03  18       015711      -0.019238505
2015  03  18       015811      -0.057872935
2015  03  18       015911      -0.077033553
2015  03  18       020011      -0.110929132
2015  03  18       020111      -0.141961658
2015  03  18       020211      -0.117010659
2015  03  18       020311      -0.060096774
2015  03  18       020411      -0.006160349
2015  03  18       020511      0.033744926
2015  03  18       020611      0.028529027
2015  03  18       020711      -0.002519015
2015  03  18       020811      -0.049875471
2015  03  18       020911      -0.084990291
2015  03  18       021011      -0.036730536
2015  03  18       021111      -0.08706284
2015  03  18       021211      -0.09147796
2015  03  18       021311      -0.090948739
2015  03  18       021411      -0.064018387
2015  03  18       021511      -0.094013751
2015  03  18       021611      -0.131685471
2015  03  18       021711      -0.132768005
2015  03  18       021811      -0.153573479
2015  03  18       021911      -0.18683937
2015  03  18       022011      -0.196684177
2015  03  18       022111      -0.160329253
2015  03  18       022211      -0.09701772
2015  03  18       022311      -0.065377056
2015  03  18       022411      -0.039755617
2015  03  18       022511      -0.036379867
2015  03  18       022611      -0.007031829
2015  03  18       022711      -0.003186779
2015  03  18       022811      0.013485254
2015  03  18       022912      0.064046293
2015  03  18       023012      0.078595713
2015  03  18       023112      0.085239257
2015  03  18       023212      0.116761678
2015  03  18       023312      0.119659805
2015  03  18       023412      0.133229995
2015  03  18       023512      0.17507033
2015  03  18       023612      0.178697765
2015  03  18       023712      0.173482444
2015  03  18       023812      0.178348609
2015  03  18       023912      0.145065964
2015  03  18       024012      0.170319325
2015  03  18       024112      0.137017757
2015  03  18       024212      0.143019062
2015  03  18       024312      0.184023449
2015  03  18       024412      0.204127418
2015  03  18       024512      0.215857161
2015  03  18       024612      0.226804731
2015  03  18       024712      0.242880187
2015  03  18       024812      0.239455
2015  03  18       024912      0.274871494
2015  03  18       025012      0.283317229
2015  03  18       025112      0.22867283
2015  03  18       025212      0.185112991
2015  03  18       025312      0.207135611
2015  03  18       025412      0.224184876
2015  03  18       025512      0.214414255
2015  03  18       025612      0.188680873
2015  03  18       025712      0.192052431
2015  03  18       025812      0.198336823
2015  03  18       025912      0.207508842
2015  03  18       030012      0.197033512
2015  03  18       030112      0.193172706
2015  03  18       030212      0.187408539
2015  03  18       030312      0.149796702
2015  03  18       030412      0.115987731
2015  03  18       030512      0.068667871
2015  03  18       030612      0.06417906
2015  03  18       030712      0.105089693
2015  03  18       030812      0.100301741
2015  03  18       030912      0.175587278
2015  03  18       031012      0.182417824
2015  03  18       031112      0.162882652
2015  03  18       031212      0.161582038
2015  03  18       031312      0.230037012
2015  03  18       031412      0.236176148
2015  03  18       031512      0.225163775
2015  03  18       031612      0.232459856
2015  03  18       031712      0.247665655
2015  03  18       031812      0.221861426
2015  03  18       031912      0.217934011
2015  03  18       032012      0.196716958
2015  03  18       032112      0.124156071
2015  03  18       032212      0.108175187
2015  03  18       032312      0.203612934
2015  03  18       032412      0.232343762
2015  03  18       032512      0.237821993
2015  03  18       032612      0.250807282
2015  03  18       032712      0.319920107
2015  03  18       032812      0.403179126
2015  03  18       032912      0.423956431
2015  03  18       033012      0.41007318
2015  03  18       033112      0.332208621
2015  03  18       033212      0.26537202
2015  03  18       033312      0.252885161
2015  03  18       033412      0.217728042
2015  03  18       033512      0.221047322
2015  03  18       033612      0.20380172
2015  03  18       033712      0.186849746
2015  03  18       033812      0.178387348
2015  03  18       033912      0.147978831
2015  03  18       034012      0.141878681
2015  03  18       034112      0.151336361
2015  03  18       034212      0.166014469
2015  03  18       034312      0.203330361
2015  03  18       034412      0.199008209
2015  03  18       034512      0.170215204
2015  03  18       034612      0.150054116
2015  03  18       034712      0.163059749
2015  03  18       034812      0.160116816
2015  03  18       034912      0.169309094
2015  03  18       035012      0.183111868
2015  03  18       035112      0.174674118
2015  03  18       035212      0.10427247
2015  03  18       035312      0.162303021
2015  03  18       035412      0.159727581
2015  03  18       035512      0.232591541
2015  03  18       035612      0.12319834
2015  03  18       035712      0.08790119
2015  03  18       035812      0.127550209
2015  03  18       035912      0.075321527
2015  03  18       040012      0.097894888
2015  03  18       040112      0.110844895
2015  03  18       040212      0.138608384
2015  03  18       040312      0.121411531
2015  03  18       040412      0.090228074
2015  03  18       040512      0.052488181
2015  03  18       040612      0.043013842
2015  03  18       040712      0.035643904
2015  03  18       040812      0.040071974
2015  03  18       040912      0.107450538
2015  03  18       041012      0.101429234
2015  03  18       041112      0.079028204
2015  03  18       041212      0.070866965
2015  03  18       041312      0.063372219
2015  03  18       041412      0.044700157
2015  03  18       041512      0.064993136
2015  03  18       041612      0.060525361
2015  03  18       041712      0.074248577
2015  03  18       041812      0.040481197
2015  03  18       041912      0.01547413
2015  03  18       042012      0.015296856
2015  03  18       042112      0.022598891
2015  03  18       042212      0.029238983
2015  03  18       042312      0.03641129
2015  03  18       042412      0.032172207
2015  03  18       042512      0.051393729
2015  03  18       042612      0.031981637
2015  03  18       042712      0.009580914
2015  03  18       042812      -0.013892979
2015  03  18       042912      -0.034708756
2015  03  18       043012      -0.047976514
2015  03  18       043112      -0.03558407
2015  03  18       043212      -0.054644349
2015  03  18       043312      -0.049219461
2015  03  18       043412      -0.041211878
2015  03  18       043512      -0.078408067
2015  03  18       043612      -0.057683546
2015  03  18       043712      -0.065366245
2015  03  18       043812      -0.083404238
2015  03  18       043912      -0.064186285
2015  03  18       044012      -0.099109919
2015  03  18       044112      -0.108865211
2015  03  18       044212      -0.111630384
2015  03  18       044312      -0.090037369
2015  03  18       044412      -0.074686984
2015  03  18       044512      -0.042411498
2015  03  18       044612      -0.006047571
2015  03  18       044712      0.066467431
2015  03  18       044812      0.05979612
2015  03  18       044912      0.086473722
2015  03  18       045012      0.088415543
2015  03  18       045112      0.068864944
2015  03  18       045212      0.090432361
2015  03  18       045312      0.111040262
2015  03  18       045412      0.042537021
2015  03  18       045512      0.066013334
2015  03  18       045612      0.121918037
2015  03  18       045712      0.145989246
2015  03  18       045812      0.106767332
2015  03  18       045912      0.15072948
2015  03  18       050012      0.229165142
2015  03  18       050112      0.204689478
2015  03  18       050212      0.272811262
2015  03  18       050312      0.236646932
2015  03  18       050412      0.256469039
2015  03  18       050512      0.264766459
2015  03  18       050612      0.319209408
2015  03  18       050712      0.269520461
2015  03  18       050812      0.178033412
2015  03  18       050912      0.132318832
2015  03  18       051012      0.090322592
2015  03  18       051112      0.028203815
2015  03  18       051212      0.001831358
2015  03  18       051312      -0.069694436
2015  03  18       051412      -0.089771801
2015  03  18       051512      -0.077636757
2015  03  18       051612      -0.081484978
2015  03  18       051712      -0.025664758
2015  03  18       051812      0.036394375
2015  03  18       051912      0.086964369
2015  03  18       052012      0.075191981
2015  03  18       052112      0.063784902
2015  03  18       052212      0.068260233
2015  03  18       052312      0.055106382
2015  03  18       052412      0.032500553
2015  03  18       052512      0.050445935
2015  03  18       052612      0.056857608
2015  03  18       052712      0.08016182
2015  03  18       052812      0.198205366
2015  03  18       052912      0.332507347
2015  03  18       053012      0.39410409
2015  03  18       053112      0.374670007
2015  03  18       053212      0.387329446
2015  03  18       053312      0.324927817
2015  03  18       053412      0.396768298
2015  03  18       053512      0.367333623
2015  03  18       053612      0.371832331
2015  03  18       053712      0.355252686
2015  03  18       053812      0.354544705
2015  03  18       053912      0.371393778
2015  03  18       054012      0.334866035
2015  03  18       054112      0.367417165
2015  03  18       054212      0.316521783
2015  03  18       054312      0.344298772
2015  03  18       054412      0.280990533
2015  03  18       054512      0.255760637
2015  03  18       054612      0.178451699
2015  03  18       054712      0.093827585
2015  03  18       054812      0.105942589
2015  03  18       054912      0.075180811
2015  03  18       055013      0.057242417
2015  03  18       055113      0.030114756
2015  03  18       055213      0.002337354
2015  03  18       055313      -0.023040101
2015  03  18       055413      -0.076386506
2015  03  18       055513      -0.10641256
2015  03  18       055613      -0.167322166
2015  03  18       055713      -0.171499063
2015  03  18       055813      -0.18348819
2015  03  18       055913      -0.173370935
2015  03  18       060013      -0.207080057
2015  03  18       060113      -0.175635488
2015  03  18       060213      -0.153688223
2015  03  18       060313      -0.144790402
2015  03  18       060413      -0.126358999
2015  03  18       060513      -0.12727795
2015  03  18       060613      -0.10314857
2015  03  18       060713      -0.090374595
2015  03  18       060813      -0.09226577
2015  03  18       060913      -0.06065987
2015  03  18       061013      -0.020447368
2015  03  18       061113      -0.032547394
2015  03  18       061213      -0.043509422
2015  03  18       061313      -0.034941909
2015  03  18       061413      -0.025495618
2015  03  18       061513      -0.010999014
2015  03  18       061613      3.11558E-06
2015  03  18       061713      0.011014919
2015  03  18       061813      0.019138196
2015  03  18       061913      0.031455417
2015  03  18       062013      0.044522105
2015  03  18       062113      0.067047773
2015  03  18       062213      0.055621225
2015  03  18       062313      0.052600821
2015  03  18       062413      0.053686156
2015  03  18       062513      0.036392302
2015  03  18       062613      0.025035833
2015  03  18       062713      0.013501721
2015  03  18       062813      -0.016969868
2015  03  18       062913      -0.013042027
2015  03  18       063013      -0.016819767
2015  03  18       063113      -0.027432068
2015  03  18       063213      -0.030247453
2015  03  18       063313      -0.022843994
2015  03  18       063413      -0.038794603
2015  03  18       063513      -0.023762312
2015  03  18       063613      -0.045900883
2015  03  18       063713      -0.021357335
2015  03  18       063813      -0.021719694
2015  03  18       063913      0.004491812
2015  03  18       064013      0.014154896
2015  03  18       064113      0.044772213
2015  03  18       064213      0.082141826
2015  03  18       064313      0.109687139
2015  03  18       064413      0.106010504
2015  03  18       064513      0.139051065
2015  03  18       064613      0.17024667
2015  03  18       064713      0.172401736
2015  03  18       064813      0.221995169
2015  03  18       064913      0.235432951
2015  03  18       065013      0.201450546
2015  03  18       065113      0.192927447
2015  03  18       065213      0.197133402
2015  03  18       065313      0.217461919
2015  03  18       065413      0.216702779
2015  03  18       065513      0.230446112
2015  03  18       065613      0.211840158
2015  03  18       065713      0.203242397
2015  03  18       065813      0.188015831
2015  03  18       065913      0.185109456
2015  03  18       070013      0.17298774
2015  03  18       070113      0.165560693
2015  03  18       070213      0.126116114
2015  03  18       070313      0.152371482
2015  03  18       070413      0.181297296
2015  03  18       070513      0.191758791
2015  03  18       070613      0.196473849
2015  03  18       070713      0.24093433
2015  03  18       070813      0.258566961
2015  03  18       070913      0.238622962
2015  03  18       071013      0.242179968
2015  03  18       071113      0.21669665
2015  03  18       071213      0.181310811
2015  03  18       071313      0.190877011
2015  03  18       071413      0.193068019
2015  03  18       071513      0.174270644
2015  03  18       071613      0.12053872
2015  03  18       071713      0.088677408
2015  03  18       071813      0.062041869
2015  03  18       071913      0.0260286
2015  03  18       072013      -0.022500803
2015  03  18       072113      -0.053062336
2015  03  18       072213      0.000370441
2015  03  18       072313      -0.025324747
2015  03  18       072413      -0.021158773
2015  03  18       072513      0.050431202
2015  03  18       072613      0.050174557
2015  03  18       072713      0.067365803
2015  03  18       072813      0.06692372
2015  03  18       072913      0.097310562
2015  03  18       073013      0.050388496
2015  03  18       073113      0.061652225
2015  03  18       073213      0.070269111
2015  03  18       073313      0.031055108
2015  03  18       073413      -0.002744762
2015  03  18       073513      -0.028575503
2015  03  18       073613      -0.038232366
2015  03  18       073713      -0.036667521
2015  03  18       073813      -0.028568345
2015  03  18       073913      -0.026172011
2015  03  18       074013      -0.003074901
2015  03  18       074113      0.014544269
2015  03  18       074213      -0.062879684
2015  03  18       074313      -0.079563875
2015  03  18       074413      -0.038426767
2015  03  18       074513      -0.026099986
2015  03  18       074613      -0.030232002
2015  03  18       074713      0.002529741
2015  03  18       074813      0.098694651
2015  03  18       074913      0.080964842
2015  03  18       075013      -0.003648828
2015  03  18       075113      -0.062679388
2015  03  18       075213      -0.12271709
2015  03  18       075313      -0.133243261
2015  03  18       075413      -0.159133869
2015  03  18       075513      -0.163389587
2015  03  18       075613      -0.144952724
2015  03  18       075713      -0.162959463
2015  03  18       075813      -0.172998397
2015  03  18       075913      -0.180352513
2015  03  18       080013      -0.172276011
2015  03  18       080113      -0.1693826
2015  03  18       080213      -0.137961624
2015  03  18       080313      -0.115368301
2015  03  18       080413      -0.085252833
2015  03  18       080513      -0.058009557
2015  03  18       080613      -0.022567553
2015  03  18       080713      -0.073762931
2015  03  18       080813      -0.055934678
2015  03  18       080913      -0.050617902
2015  03  18       081013      -0.102345877
2015  03  18       081113      -0.124219199
2015  03  18       081213      -0.085473422
2015  03  18       081313      -0.049714229
2015  03  18       081413      -0.065120493
2015  03  18       081513      -0.088494454
2015  03  18       081613      -0.117320539
2015  03  18       081713      -0.158843815
2015  03  18       081813      -0.193761093
2015  03  18       081913      -0.183345377
2015  03  18       082013      -0.192455485
2015  03  18       082113      -0.190900016
2015  03  18       082213      -0.172867071
2015  03  18       082313      -0.166737739
2015  03  18       082413      -0.197933597
2015  03  18       082513      -0.199672606
2015  03  18       082613      -0.243927902
2015  03  18       082713      -0.24503145
2015  03  18       082813      -0.229213967
2015  03  18       082913      -0.232933644
2015  03  18       083013      -0.205397636
2015  03  18       083113      -0.22349713
2015  03  18       083213      -0.189573789
2015  03  18       083313      -0.199955223
2015  03  18       083413      -0.160315864
2015  03  18       083513      -0.109642513
2015  03  18       083613      -0.124646258
2015  03  18       083713      -0.124107594
2015  03  18       083813      -0.119683114
2015  03  18       083913      -0.119304628
2015  03  18       084013      -0.134788125
2015  03  18       084113      -0.147020678
2015  03  18       084213      -0.140938508
2015  03  18       084313      -0.131330651
2015  03  18       084413      -0.169000408
2015  03  18       084513      -0.159788985
2015  03  18       084613      -0.135741645
2015  03  18       084713      -0.103813028
2015  03  18       084813      -0.088773359
2015  03  18       084913      -0.033537536
2015  03  18       085013      -0.031718043
2015  03  18       085113      -0.034166947
2015  03  18       085213      -0.024844356
2015  03  18       085313      -0.03447526
2015  03  18       085413      -0.043527372
2015  03  18       085513      -0.021379406
2015  03  18       085613      -0.043537631
2015  03  18       085713      -0.040340398
2015  03  18       085813      -0.070970471
2015  03  18       085913      -0.073911447
2015  03  18       090013      -0.119191631
2015  03  18       090113      -0.101600181
2015  03  18       090213      -0.086229284
2015  03  18       090313      -0.09822283
2015  03  18       090413      -0.109168776
2015  03  18       090513      -0.123772003
2015  03  18       090613      -0.12540737
2015  03  18       090713      -0.150717463
2015  03  18       090813      -0.152435122
2015  03  18       090914      -0.163496432
2015  03  18       091014      -0.176130608
2015  03  18       091114      -0.184194879
2015  03  18       091214      -0.181055976
2015  03  18       091314      -0.16938624
2015  03  18       091414      -0.172729741
2015  03  18       091514      -0.188432526
2015  03  18       091614      -0.183754585
2015  03  18       091714      -0.183790689
2015  03  18       091814      -0.181388094
2015  03  18       091914      -0.148452519
2015  03  18       092014      -0.133940895
2015  03  18       092114      -0.134501387
2015  03  18       092214      -0.117402427
2015  03  18       092314      -0.11092785
2015  03  18       092414      -0.121781739
2015  03  18       092514      -0.126431414
2015  03  18       092614      -0.136516978
2015  03  18       092714      -0.147069048
2015  03  18       092814      -0.139203885
2015  03  18       092914      -0.13238069
2015  03  18       093014      -0.119706345
2015  03  18       093114      -0.097772164
2015  03  18       093214      -0.085245515
2015  03  18       093314      -0.116336168
2015  03  18       093414      -0.135158613
2015  03  18       093514      -0.114091397
2015  03  18       093614      -0.133205888
2015  03  18       093714      -0.110998046
2015  03  18       093814      -0.102020769
2015  03  18       093914      -0.08792648
2015  03  18       094014      -0.067116447
2015  03  18       094114      -0.038531933
2015  03  18       094214      -0.03268084
2015  03  18       094314      -0.011161993
2015  03  18       094414      0.00929729
2015  03  18       094514      0.035896544
2015  03  18       094614      0.016743674
2015  03  18       094714      0.025179219
2015  03  18       094814      0.041422282
2015  03  18       094914      0.038431375
2015  03  18       095014      0.060107146
2015  03  18       095114      0.08900133
2015  03  18       095214      0.100914046
2015  03  18       095314      0.118394928
2015  03  18       095414      0.093432277
2015  03  18       095514      0.116166318
2015  03  18       095614      0.125752483
2015  03  18       095714      0.085174337
2015  03  18       095814      0.034364632
2015  03  18       095914      0.086249887
2015  03  18       100014      0.059699155
2015  03  18       100114      0.050765644
2015  03  18       100214      0.001342632
2015  03  18       100314      -0.018881592
2015  03  18       100414      -0.025677036
2015  03  18       100514      -0.002058589
2015  03  18       100614      0.005684303
2015  03  18       100714      0.038296108
2015  03  18       100814      0.05496766
2015  03  18       100914      0.030956423
2015  03  18       101014      0.057008016
2015  03  18       101114      0.03419803
2015  03  18       101214      0.028812981
2015  03  18       101314      0.05553264
2015  03  18       101414      0.025688233
2015  03  18       101514      0.040674387
2015  03  18       101614      0.046538165
2015  03  18       101714      0.097873317
2015  03  18       101814      0.104447049
2015  03  18       101914      0.113905204
2015  03  18       102014      0.102371301
2015  03  18       102114      0.132536045
2015  03  18       102214      0.149491672
2015  03  18       102314      0.114298184
2015  03  18       102414      0.088269646
2015  03  18       102514      0.081976813
2015  03  18       102614      0.063711413
2015  03  18       102714      0.043836471
2015  03  18       102814      0.018249388
2015  03  18       102914      0.02012123
2015  03  18       103014      0.032647161
2015  03  18       103114      0.059369133
2015  03  18       103214      0.099867283
2015  03  18       103314      0.130846524
2015  03  18       103414      0.152060281
2015  03  18       103514      0.189370688
2015  03  18       103614      0.215495955
2015  03  18       103714      0.21518681
2015  03  18       103814      0.205346584
2015  03  18       103914      0.197392898
2015  03  18       104014      0.190725867
2015  03  18       104114      0.176007288
2015  03  18       104214      0.194052169
2015  03  18       104314      0.178136707
2015  03  18       104414      0.150203687
2015  03  18       104514      0.147894016
2015  03  18       104614      0.120592208
2015  03  18       104714      0.12096432
2015  03  18       104814      0.106920528
2015  03  18       104914      0.158300007
2015  03  18       105014      0.196895465
2015  03  18       105114      0.213435336
2015  03  18       105214      0.255016015
2015  03  18       105314      0.326788032
2015  03  18       105414      0.323692565
2015  03  18       105514      0.308031137
2015  03  18       105614      0.276455697
2015  03  18       105714      0.3194216
2015  03  18       105814      0.323588458
2015  03  18       105914      0.283344116
2015  03  18       110014      0.291105424
2015  03  18       110114      0.293489832
2015  03  18       110214      0.24215576
2015  03  18       110314      0.213135982
2015  03  18       110414      0.209098124
2015  03  18       110514      0.178219832
2015  03  18       110614      0.165197858
2015  03  18       110714      0.15921173
2015  03  18       110814      0.149248167
2015  03  18       110914      0.162726225
2015  03  18       111014      0.148170435
2015  03  18       111114      0.156797158
2015  03  18       111214      0.102727064
2015  03  18       111314      0.102763251
2015  03  18       111414      0.044304493
2015  03  18       111514      0.042303786
2015  03  18       111614      0.019912153
2015  03  18       111714      -0.012053611
2015  03  18       111814      -0.053562537
2015  03  18       111914      -0.069524286
2015  03  18       112014      -0.074527191
2015  03  18       112114      -0.101984265
2015  03  18       112214      -0.11784709
2015  03  18       112314      -0.105242552
2015  03  18       112414      -0.098782851
2015  03  18       112514      -0.071977796
2015  03  18       112614      -0.048676378
2015  03  18       112714      -0.018680132
2015  03  18       112814      -0.017382787
2015  03  18       112914      -0.005325211
2015  03  18       113014      0.001144711
2015  03  18       113114      -0.002500196
2015  03  18       113214      -0.010112842
2015  03  18       113314      -0.006963212
2015  03  18       113414      0.014842361
2015  03  18       113514      0.024936244
2015  03  18       113614      -0.029361649
2015  03  18       113714      -0.028304202
2015  03  18       113814      -0.009403375
2015  03  18       113914      0.024241778
2015  03  18       114014      0.011197867
2015  03  18       114114      0.004827187
2015  03  18       114214      -0.013446851
2015  03  18       114314      -0.058682555
2015  03  18       114414      -0.09931395
2015  03  18       114514      -0.123846663
2015  03  18       114614      -0.144166531
2015  03  18       114714      -0.136681683
2015  03  18       114814      -0.145464067
2015  03  18       114914      -0.148107315
2015  03  18       115014      -0.141245285
2015  03  18       115114      -0.156886804
2015  03  18       115214      -0.154171258
2015  03  18       115314      -0.14721103
2015  03  18       115414      -0.124258933
2015  03  18       115514      -0.095663577
2015  03  18       115614      -0.092133717
2015  03  18       115714      -0.075482179
2015  03  18       115814      -0.05294768
2015  03  18       115914      -0.054091823
2015  03  18       120014      -0.062948104
2015  03  18       120114      -0.048410525
2015  03  18       120214      -0.054725393
2015  03  18       120314      -0.042257979
2015  03  18       120414      -0.022047841
2015  03  18       120514      -0.008664609
2015  03  18       120614      0.015827469
2015  03  18       120714      0.066511171
2015  03  18       120814      0.061182237
2015  03  18       120914      0.08031572
2015  03  18       121014      0.10049487
2015  03  18       121114      0.089045891
2015  03  18       121214      0.066194977
2015  03  18       121314      0.043699918
2015  03  18       121414      0.042066905
2015  03  18       121514      0.023312867
2015  03  18       121614      -0.005033649
2015  03  18       121714      -0.013828279
2015  03  18       121814      -0.024920087
2015  03  18       121914      -0.045056485
2015  03  18       122014      -0.041015189
2015  03  18       122114      -0.046625867
2015  03  18       122214      -0.048717902
2015  03  18       122314      -0.00601457
2015  03  18       122414      0.006530109
2015  03  18       122514      0.017082103
2015  03  18       122614      0.028949707
2015  03  18       122714      0.058228475
2015  03  18       122814      0.067502615
2015  03  18       122915      0.088817001
2015  03  18       123015      0.092486581
2015  03  18       123115      0.128742824
2015  03  18       123215      0.124908695
2015  03  18       123315      0.141328771
2015  03  18       123415      0.130146618
2015  03  18       123515      0.124458426
2015  03  18       123615      0.106885676
2015  03  18       123715      0.108882404
2015  03  18       123815      0.099004017
2015  03  18       123915      0.101883763
2015  03  18       124015      0.107021807
2015  03  18       124115      0.091555207
2015  03  18       124215      0.101277081
2015  03  18       124315      0.103961129
2015  03  18       124415      0.09073295
2015  03  18       124515      0.085540989
2015  03  18       124615      0.089630143
2015  03  18       124715      0.101137334
2015  03  18       124815      0.121667933
2015  03  18       124915      0.141358714
2015  03  18       125015      0.134210769
2015  03  18       125115      0.140712182
2015  03  18       125215      0.147754807
2015  03  18       125315      0.150151855
2015  03  18       125415      0.178053979
2015  03  18       125515      0.234010659
2015  03  18       125615      0.264869774
2015  03  18       125715      0.284885759
2015  03  18       125815      0.316622179
2015  03  18       125915      0.307607714
2015  03  18       130015      0.311853639
2015  03  18       130115      0.30274027
2015  03  18       130215      0.303910963
2015  03  18       130315      0.257042779
2015  03  18       130415      0.180508704
2015  03  18       130515      0.115884207
2015  03  18       130615      0.034951873
2015  03  18       130715      -0.02781698
2015  03  18       130815      -0.052930044
2015  03  18       130915      -0.10259316
2015  03  18       131015      -0.13119724
2015  03  18       131115      -0.138937469
2015  03  18       131215      -0.161011645
2015  03  18       131315      -0.158677021
2015  03  18       131415      -0.112949068
2015  03  18       131515      -0.082109929
2015  03  18       131615      -0.053711125
2015  03  18       131715      -0.010154615
2015  03  18       131815      -0.001656437
2015  03  18       131915      0.008904432
2015  03  18       132015      0.002250909
2015  03  18       132115      0.014926365
2015  03  18       132215      0.015316967
2015  03  18       132315      0.028904499
2015  03  18       132415      0.005118088
2015  03  18       132515      0.033061
2015  03  18       132615      0.070979151
2015  03  18       132715      0.113100162
2015  03  18       132815      0.132012376
2015  03  18       132915      0.19116281
2015  03  18       133015      0.202919528
2015  03  18       133115      0.191119349
2015  03  18       133215      0.207085067
2015  03  18       133315      0.194575286
2015  03  18       133415      0.180389988
2015  03  18       133515      0.143429
2015  03  18       133615      0.097935924
2015  03  18       133715      0.069834866
2015  03  18       133815      0.057325081
2015  03  18       133915      0.028640012
2015  03  18       134015      0.021566403
2015  03  18       134115      0.0174195
2015  03  18       134215      -0.01294411
2015  03  18       134315      -0.017781218
2015  03  18       134415      -0.024291935
2015  03  18       134515      -0.043950763
2015  03  18       134615      -0.056360267
2015  03  18       134715      -0.055320089
2015  03  18       134815      -0.061876681
2015  03  18       134915      -0.059892292
2015  03  18       135015      -0.016815713
2015  03  18       135115      0.014032045
2015  03  18       135215      0.02720449
2015  03  18       135315      0.035819022
2015  03  18       135415      0.030681535
2015  03  18       135515      0.021555912
2015  03  18       135615      0.012335726
2015  03  18       135715      0.01857701
2015  03  18       135815      0.010853613
2015  03  18       135915      0.03083019
2015  03  18       140015      0.042636167
2015  03  18       140115      0.05504597
2015  03  18       140215      0.035147236
2015  03  18       140315      0.042480377
2015  03  18       140415      0.056689273
2015  03  18       140515      0.077186635
2015  03  18       140615      0.087658307
2015  03  18       140715      0.100827402
2015  03  18       140815      0.099125936
2015  03  18       140915      0.131581311
2015  03  18       141015      0.131567842
2015  03  18       141115      0.118468558
2015  03  18       141215      0.100946979
2015  03  18       141315      0.08381833
2015  03  18       141415      0.078242985
2015  03  18       141515      0.056277473
2015  03  18       141615      0.053850608
2015  03  18       141715      0.047678456
2015  03  18       141815      0.059441905
2015  03  18       141915      0.059099214
2015  03  18       142015      0.059637248
2015  03  18       142115      0.002774869
2015  03  18       142215      -0.011878602
2015  03  18       142315      -0.050685965
2015  03  18       142415      -0.078975192
2015  03  18       142515      -0.135217129
2015  03  18       142615      -0.210782686
2015  03  18       142715      -0.292456898
2015  03  18       142815      -0.289178922
2015  03  18       142915      -0.303640546
2015  03  18       143015      -0.287113024
2015  03  18       143115      -0.356101573
2015  03  18       143215      -0.466205238
2015  03  18       143315      -0.457663226
2015  03  18       143415      -0.427587397
2015  03  18       143515      -0.43383058
2015  03  18       143615      -0.454961298
2015  03  18       143715      -0.438909131
2015  03  18       143815      -0.481218163
2015  03  18       143915      -0.515641316
2015  03  18       144015      -0.47915442
2015  03  18       144115      -0.452228068
2015  03  18       144215      -0.433856774
2015  03  18       144315      -0.381847051
2015  03  18       144415      -0.3483582
2015  03  18       144515      -0.331691789
2015  03  18       144615      -0.330811732
2015  03  18       144715      -0.302322733
2015  03  18       144815      -0.314757999
2015  03  18       144915      -0.293818047
2015  03  18       145015      -0.303590014
2015  03  18       145115      -0.273468306
2015  03  18       145215      -0.269578758
2015  03  18       145315      -0.236478052
2015  03  18       145415      -0.209978466
2015  03  18       145515      -0.198343339
2015  03  18       145615      -0.061029428
2015  03  18       145715      0.031053112
2015  03  18       145815      0.133143079
2015  03  18       145915      0.19383416
2015  03  18       150015      0.240857369
2015  03  18       150115      0.318888445
2015  03  18       150215      0.410889024
2015  03  18       150315      0.516254223
2015  03  18       150415      0.581008983
2015  03  18       150515      0.68307194
2015  03  18       150615      0.7269252
2015  03  18       150715      0.769418296
2015  03  18       150815      0.783371455
2015  03  18       150915      0.796773323
2015  03  18       151015      0.819701011
2015  03  18       151115      0.821363989
2015  03  18       151215      0.808163161
2015  03  18       151315      0.742718512
2015  03  18       151415      0.707321133
2015  03  18       151515      0.654481897
2015  03  18       151615      0.592142523
2015  03  18       151715      0.533054664
2015  03  18       151815      0.474044551
2015  03  18       151915      0.399719476
2015  03  18       152015      0.340835541
2015  03  18       152115      0.260414848
2015  03  18       152215      0.203899888
2015  03  18       152315      0.130560689
2015  03  18       152415      0.104590624
2015  03  18       152515      0.125121106
2015  03  18       152615      0.12572916
2015  03  18       152715      0.17434886
2015  03  18       152815      0.195604153
2015  03  18       152915      0.226998425
2015  03  18       153015      0.259361716
2015  03  18       153115      0.272224294
2015  03  18       153215      0.284501288
2015  03  18       153315      0.270034137
2015  03  18       153415      0.224812799
2015  03  18       153515      0.157131522
2015  03  18       153615      0.090177966
2015  03  18       153715      0.037413146
2015  03  18       153815      0.023979456
2015  03  18       153915      -0.027021857
2015  03  18       154015      -0.051109898
2015  03  18       154115      -0.060508226
2015  03  18       154215      -0.096231057
2015  03  18       154315      -0.187922962
2015  03  18       154415      -0.215591524
2015  03  18       154515      -0.233503159
2015  03  18       154615      -0.25008454
2015  03  18       154715      -0.240939868
2015  03  18       154815      -0.273794653
2015  03  18       154915      -0.327557303
2015  03  18       155016      -0.370990908
2015  03  18       155116      -0.302474299
2015  03  18       155216      -0.35622501
2015  03  18       155316      -0.402281545
2015  03  18       155416      -0.412790179
2015  03  18       155516      -0.396124161
2015  03  18       155616      -0.400819126
2015  03  18       155716      -0.394340964
2015  03  18       155816      -0.331948429
2015  03  18       155916      -0.298477322
2015  03  18       160016      -0.265635357
2015  03  18       160116      -0.252454456
2015  03  18       160216      -0.255428368
2015  03  18       160316      -0.233582179
2015  03  18       160416      -0.154860107
2015  03  18       160516      -0.121553111
2015  03  18       160616      -0.117204252
2015  03  18       160716      -0.086337035
2015  03  18       160816      -0.067961476
2015  03  18       160916      -0.035374261
2015  03  18       161016      -0.028258129
2015  03  18       161116      -0.011498377
2015  03  18       161216      -0.001072053
2015  03  18       161316      0.018419382
2015  03  18       161416      0.03803108
2015  03  18       161516      0.054830373
2015  03  18       161616      0.060637511
2015  03  18       161716      0.07639369
2015  03  18       161816      0.073364247
2015  03  18       161916      0.079403572
2015  03  18       162016      0.088283638
2015  03  18       162116      0.081051704
2015  03  18       162216      0.0987937
2015  03  18       162316      0.117084695
2015  03  18       162416      0.117773101
2015  03  18       162516      0.178907608
2015  03  18       162616      0.216268905
2015  03  18       162716      0.202369286
2015  03  18       162816      0.186873673
2015  03  18       162916      0.14660578
2015  03  18       163016      0.107854499
2015  03  18       163116      0.096147841
2015  03  18       163216      0.11878709
2015  03  18       163316      0.147839516
2015  03  18       163416      0.130945344
2015  03  18       163516      0.120622027
2015  03  18       163616      0.138676972
2015  03  18       163716      0.177547861
2015  03  18       163816      0.195323523
2015  03  18       163916      0.225612757
2015  03  18       164016      0.258985723
2015  03  18       164116      0.284803259
2015  03  18       164216      0.287246987
2015  03  18       164316      0.282553822
2015  03  18       164416      0.241819072
2015  03  18       164516      0.19990941
2015  03  18       164616      0.14853304
2015  03  18       164716      0.093915307
2015  03  18       164816      0.040852992
2015  03  18       164916      -0.006706615
2015  03  18       165016      -0.047361814
2015  03  18       165116      -0.0802775
2015  03  18       165216      -0.068323683
2015  03  18       165316      -0.045132761
2015  03  18       165416      -0.065918389
2015  03  18       165516      -0.065372233
2015  03  18       165616      -0.04982265
2015  03  18       165716      -0.051827297
2015  03  18       165816      -0.064528264
2015  03  18       165916      -0.048311028
2015  03  18       170016      -0.045457953
2015  03  18       170116      -0.031529548
2015  03  18       170216      -0.020617641
2015  03  18       170316      -0.035746292
2015  03  18       170416      -0.040414473
2015  03  18       170516      -0.021751351
2015  03  18       170616      0.005064555
2015  03  18       170716      0.006914249
2015  03  18       170816      -0.012211279
2015  03  18       170916      -0.008549983
2015  03  18       171016      -0.013309056
2015  03  18       171116      -0.025173702
2015  03  18       171216      -0.052119333
2015  03  18       171316      -0.039080837
2015  03  18       171416      -0.025704125
2015  03  18       171516      -0.014449993
2015  03  18       171616      -0.020091017
2015  03  18       171716      -0.014339571
2015  03  18       171816      -0.030035789
2015  03  18       171916      -0.024312526
2015  03  18       172016      -0.017761526
2015  03  18       172116      -0.000656392
2015  03  18       172216      0.025977663
2015  03  18       172316      0.050773328
2015  03  18       172416      0.068288293
2015  03  18       172516      0.06343715
2015  03  18       172616      0.035367773
2015  03  18       172716      0.031135492
2015  03  18       172816      0.03193553
2015  03  18       172916      0.026870625
2015  03  18       173016      0.041134058
2015  03  18       173116      0.065607984
2015  03  18       173216      0.054022558
2015  03  18       173316      0.073425244
2015  03  18       173416      0.100308034
2015  03  18       173516      0.08718864
2015  03  18       173616      0.070961557
2015  03  18       173716      0.133800758
2015  03  18       173816      0.10606797
2015  03  18       173916      0.098837819
2015  03  18       174016      0.077392481
2015  03  18       174116      0.065896982
2015  03  18       174216      -0.00383519
2015  03  18       174316      -0.009474038
2015  03  18       174416      0.013622099
2015  03  18       174516      0.088031916
2015  03  18       174616      0.126272288
2015  03  18       174716      0.131197883
2015  03  18       174816      0.13793836
2015  03  18       174916      0.148991764
2015  03  18       175016      0.160585707
2015  03  18       175116      0.19492317
2015  03  18       175216      0.213105856
2015  03  18       175316      0.249177487
2015  03  18       175416      0.210002444
2015  03  18       175516      0.189725541
2015  03  18       175616      0.131208523
2015  03  18       175716      0.115551013
2015  03  18       175816      0.058650694
2015  03  18       175916      0.033036978
2015  03  18       180016      -0.006811544
2015  03  18       180116      -0.026558056
2015  03  18       180216      -0.009257183
2015  03  18       180316      0.004472834
2015  03  18       180416      -0.002741671
2015  03  18       180516      0.017110673
2015  03  18       180616      0.001879108
2015  03  18       180716      0.026225789
2015  03  18       180816      0.003655825
2015  03  18       180916      0.034202799
2015  03  18       181016      0.002303756
2015  03  18       181116      0.04315406
2015  03  18       181216      -0.003874841
2015  03  18       181316      0.057492449
2015  03  18       181416      -0.022713368
2015  03  18       181516      0.09813063
2015  03  18       181616      -0.1310479
2015  03  18       181716      -0.751074261
2015  03  18       181816      -0.318525104
2015  03  18       181916      -0.421335068
2015  03  18       182016      -0.284622922
2015  03  18       182116      -0.305838152
2015  03  18       182216      -0.206941573
2015  03  18       182316      -0.218782801
2015  03  18       182416      -0.168222176
2015  03  18       182516      -0.168633287
2015  03  18       182616      -0.127838993
2015  03  18       182716      -0.133943272
2015  03  18       182816      -0.055077366
2015  03  18       182916      0.004071962
2015  03  18       183016      0.081065933
2015  03  18       183116      0.128198244
2015  03  18       183216      0.184158466
2015  03  18       183316      0.223292642
2015  03  18       183416      0.28848612
2015  03  18       183516      0.348911453
2015  03  18       183616      0.39185358
2015  03  18       183716      0.402708417
2015  03  18       183816      0.386116693
2015  03  18       183916      0.393622453
2015  03  18       184016      0.376280226
2015  03  18       184116      0.317602112
2015  03  18       184216      0.326710352
2015  03  18       184316      0.341442605
2015  03  18       184416      0.311496153
2015  03  18       184516      0.234078793
2015  03  18       184616      0.254964121
2015  03  18       184716      0.291936635
2015  03  18       184816      0.342474509
2015  03  18       184916      0.274509087
2015  03  18       185016      0.263506064
2015  03  18       185116      0.208725697
2015  03  18       185216      0.256222829
2015  03  18       185316      0.259343167
2015  03  18       185416      0.317237708
2015  03  18       185516      0.340297152
2015  03  18       185616      0.333544946
2015  03  18       185716      0.333167654
2015  03  18       185816      0.35775389
2015  03  18       185916      0.386833652
2015  03  18       190016      0.359664037
2015  03  18       190116      0.337191725
2015  03  18       190216      0.376575899
2015  03  18       190316      0.319977365
2015  03  18       190416      0.321178538
2015  03  18       190516      0.294839565
2015  03  18       190616      0.289198968
2015  03  18       190716      0.287275819
2015  03  18       190816      0.293561148
2015  03  18       190917      0.255103731
2015  03  18       191017      0.252900437
2015  03  18       191117      0.234763391
2015  03  18       191217      0.1949546
2015  03  18       191317      0.206819998
2015  03  18       191417      0.190544418
2015  03  18       191517      0.189203934
2015  03  18       191617      0.183375877
2015  03  18       191717      0.204560125
2015  03  18       191817      0.250020916
2015  03  18       191917      0.262567399
2015  03  18       192017      0.307127497
2015  03  18       192117      0.319824244
2015  03  18       192217      0.403358823
2015  03  18       192317      0.427900202
2015  03  18       192417      0.356049548
2015  03  18       192517      0.336900748
2015  03  18       192617      0.340262922
2015  03  18       192717      0.311428015
2015  03  18       192817      0.278978774
2015  03  18       192917      0.252562929
2015  03  18       193017      0.24292849
2015  03  18       193117      0.197358615
2015  03  18       193217      0.20985933
2015  03  18       193317      0.227049781
2015  03  18       193417      0.24363303
2015  03  18       193517      0.269499311
2015  03  18       193617      0.283883677
2015  03  18       193717      0.250013741
2015  03  18       193817      0.22062497
2015  03  18       193917      0.196563345
2015  03  18       194017      0.130442784
2015  03  18       194117      0.09906024
2015  03  18       194217      0.122695954
2015  03  18       194317      0.126129238
2015  03  18       194417      0.12847145
2015  03  18       194517      0.095605942
2015  03  18       194617      0.095846902
2015  03  18       194717      0.077463182
2015  03  18       194817      0.034244372
2015  03  18       194917      -0.013857115
2015  03  18       195017      -0.048126423
2015  03  18       195117      -0.036227635
2015  03  18       195217      0.020142259
2015  03  18       195317      0.085584997
2015  03  18       195417      0.096593438
2015  03  18       195517      0.121925159
2015  03  18       195617      0.06167039
2015  03  18       195717      0.083347418
2015  03  18       195817      0.148834066
2015  03  18       195917      0.142513501
2015  03  18       200017      0.150437229
2015  03  18       200117      0.156162986
2015  03  18       200217      0.104370024
2015  03  18       200317      0.040209063
2015  03  18       200417      0.005207684
2015  03  18       200517      -0.021767134
2015  03  18       200617      -0.045297779
2015  03  18       200717      -0.068234445
2015  03  18       200817      -0.072370653
2015  03  18       200917      -0.050381335
2015  03  18       201017      -0.01129451
2015  03  18       201117      0.01039413
2015  03  18       201217      0.052277004
2015  03  18       201317      0.064860417
2015  03  18       201417      0.093393
2015  03  18       201517      0.105308375
2015  03  18       201617      0.103909326
2015  03  18       201717      0.083663739
2015  03  18       201817      0.096484231
2015  03  18       201917      0.102886715
2015  03  18       202017      0.104221406
2015  03  18       202117      0.066962419
2015  03  18       202217      0.025987366
2015  03  18       202317      0.006905927
2015  03  18       202417      0.011503062
2015  03  18       202517      -0.002405064
2015  03  18       202617      -0.014388254
2015  03  18       202717      -0.004954437
2015  03  18       202817      0.008418747
2015  03  18       202917      0.011263913
2015  03  18       203017      0.020247397
2015  03  18       203117      0.003642522
2015  03  18       203217      0.003916656
2015  03  18       203317      -0.001894279
2015  03  18       203417      -0.008706717
2015  03  18       203517      -0.016338886
2015  03  18       203617      -0.027744252
2015  03  18       203717      -0.031415189
2015  03  18       203817      -0.034579127
2015  03  18       203917      -0.023951295
2015  03  18       204017      -0.045288912
2015  03  18       204117      -0.109012856
2015  03  18       204217      -0.130719681
2015  03  18       204317      -0.158926845
2015  03  18       204417      -0.163236217
2015  03  18       204517      -0.169757146
2015  03  18       204617      -0.188152663
2015  03  18       204717      -0.199228183
2015  03  18       204817      -0.180639582
2015  03  18       204917      -0.184866565
2015  03  18       205017      -0.135857786
2015  03  18       205117      -0.128409433
2015  03  18       205217      -0.104755708
2015  03  18       205317      -0.097141248
2015  03  18       205417      -0.098044987
2015  03  18       205517      -0.12236224
2015  03  18       205617      -0.132503284
2015  03  18       205717      -0.153734849
2015  03  18       205817      -0.170510874
2015  03  18       205917      -0.131053433
2015  03  18       210017      -0.120986558
2015  03  18       210117      -0.041266804
2015  03  18       210217      0.013125614
2015  03  18       210317      0.053443687
2015  03  18       210417      0.073519698
2015  03  18       210517      0.064030857
2015  03  18       210617      0.050836818
2015  03  18       210717      0.043084947
2015  03  18       210817      0.03004258
2015  03  18       210917      0.012113633
2015  03  18       211017      0.001964936
2015  03  18       211117      0.029163508
2015  03  18       211217      0.020198108
2015  03  18       211317      0.041485219
2015  03  18       211417      0.042711067
2015  03  18       211517      0.056151979
2015  03  18       211617      0.065649857
2015  03  18       211717      0.082428045
2015  03  18       211817      0.090431729
2015  03  18       211917      0.085330585
2015  03  18       212017      0.081280535
2015  03  18       212117      0.068301454
2015  03  18       212217      0.05109072
2015  03  18       212317      0.024137435
2015  03  18       212417      -0.009734874
2015  03  18       212517      -0.035539774
2015  03  18       212617      -0.055800058
2015  03  18       212717      -0.068617557
2015  03  18       212817      -0.05843778
2015  03  18       212917      -0.032758863
2015  03  18       213017      -0.000350453
2015  03  18       213117      0.053701694
2015  03  18       213217      0.08257469
2015  03  18       213317      0.096251839
2015  03  18       213417      0.123340066
2015  03  18       213517      0.104837401
2015  03  18       213617      0.067843139
2015  03  18       213717      0.037743323
2015  03  18       213817      0.029835899
2015  03  18       213917      -0.007054607
2015  03  18       214017      -0.014503897
2015  03  18       214117      0.00438125
2015  03  18       214217      0.019401773
2015  03  18       214317      0.034987754
2015  03  18       214417      0.024205076
2015  03  18       214517      0.039549354
2015  03  18       214617      0.039667564
2015  03  18       214717      0.05221975
2015  03  18       214817      0.088114148
2015  03  18       214917      0.081595498
2015  03  18       215017      0.08922564
2015  03  18       215117      0.094261836
2015  03  18       215217      0.090854173
2015  03  18       215317      0.087544696
2015  03  18       215417      0.076486703
2015  03  18       215517      0.059452141
2015  03  18       215617      0.055056154
2015  03  18       215717      0.049756046
2015  03  18       215817      0.065448581
2015  03  18       215917      0.052571723
2015  03  18       220017      0.066791539
2015  03  18       220117      0.064680308
2015  03  18       220217      0.057076124
2015  03  18       220317      0.064880412
2015  03  18       220417      0.047701324
2015  03  18       220517      0.032045326
2015  03  18       220617      0.038474934
2015  03  18       220717      0.037013506
2015  03  18       220817      0.05656963
2015  03  18       220917      0.053159185
2015  03  18       221017      0.045314038
2015  03  18       221117      0.063792036
2015  03  18       221217      0.067677784
2015  03  18       221317      0.091151857
2015  03  18       221417      0.113233881
2015  03  18       221517      0.111382999
2015  03  18       221617      0.127241507
2015  03  18       221717      0.164637795
2015  03  18       221817      0.170760171
2015  03  18       221917      0.153693006
2015  03  18       222017      0.166730652
2015  03  18       222117      0.163590836
2015  03  18       222217      0.140518954
2015  03  18       222317      0.150927237
2015  03  18       222417      0.147542287
2015  03  18       222517      0.128484535
2015  03  18       222617      0.113582159
2015  03  18       222717      0.083909463
2015  03  18       222817      0.089851685
2015  03  18       222917      0.128870115
2015  03  18       223018      0.15817756
2015  03  18       223118      0.188389859
2015  03  18       223218      0.194701022
2015  03  18       223318      0.238684129
2015  03  18       223418      0.241982167
2015  03  18       223518      0.262369934
2015  03  18       223618      0.268414764
2015  03  18       223718      0.225069322
2015  03  18       223818      0.170208312
2015  03  18       223918      0.218302151
2015  03  18       224018      0.211538211
2015  03  18       224118      0.195460641
2015  03  18       224218      0.191417342
2015  03  18       224318      0.207854435
2015  03  18       224418      0.27265188
2015  03  18       224518      0.252309025
2015  03  18       224618      0.205120927
2015  03  18       224718      0.156453357
2015  03  18       224818      0.139711934
2015  03  18       224918      0.13379924
2015  03  18       225018      0.125771668
2015  03  18       225118      0.092947227
2015  03  18       225218      0.075051365
2015  03  18       225318      0.138844522
2015  03  18       225418      0.159439885
2015  03  18       225518      0.164588145
2015  03  18       225618      0.151702357
2015  03  18       225718      0.082426718
2015  03  18       225818      0.029891142
2015  03  18       225918      0.003713006
2015  03  18       230018      -0.00415896
2015  03  18       230118      -0.030002009
2015  03  18       230218      -0.003501218
2015  03  18       230318      0.028818495
2015  03  18       230418      0.034995918
2015  03  18       230518      0.011613654
2015  03  18       230618      0.021013258
2015  03  18       230718      0.021435818
2015  03  18       230818      0.012258943
2015  03  18       230918      0.007717254
2015  03  18       231018      0.04216457
2015  03  18       231118      0.096648335
2015  03  18       231218      0.150777786
2015  03  18       231318      0.137853421
2015  03  18       231418      0.128355325
2015  03  18       231518      0.121687046
2015  03  18       231618      0.118289693
2015  03  18       231718      0.096217229
2015  03  18       231818      0.11675749
2015  03  18       231918      0.104199563
2015  03  18       232018      0.112184325
2015  03  18       232118      0.111472239
2015  03  18       232218      0.137493027
2015  03  18       232318      0.106150729
2015  03  18       232418      0.115003372
2015  03  18       232518      0.111986416
2015  03  18       232618      0.105319672
2015  03  18       232718      0.027534672
2015  03  18       232818      0.030273433
2015  03  18       232918      0.056241852
2015  03  18       233018      0.052610181
2015  03  18       233118      0.045536965
2015  03  18       233218      0.027947713
2015  03  18       233318      0.063127568
2015  03  18       233418      0.063681523
2015  03  18       233518      0.048748617
2015  03  18       233618      0.030307422
2015  03  18       233718      0.085191247
2015  03  18       233818      0.083622964
2015  03  18       233918      0.088026317
2015  03  18       234018      0.092231831
2015  03  18       234118      0.066521004
2015  03  18       234218      0.0952985
2015  03  18       234318      0.112235545
2015  03  18       234418      0.144551469
2015  03  18       234518      0.14338219
2015  03  18       234618      0.159413777
2015  03  18       234718      0.153122717
2015  03  18       234818      0.14871162
2015  03  18       234918      0.14443929
2015  03  18       235018      0.156328641
2015  03  18       235118      0.127516527
2015  03  18       235218      0.102080186
2015  03  18       235318      0.082394053
2015  03  18       235418      0.116813635
2015  03  18       235518      0.079706687
2015  03  18       235618      0.043793899
2015  03  18       235718      0.056685518
2015  03  18       235818      0.028513011
2015  03  18       235918      -0.012133684
2015  03  18       235918      -0.012133684
2015  03  18       235918      -0.012133684
2015  03  18       235918      -0.012133684
