GICDeviceID,SampleDateTime,GICMeasured
10622,10/10/2024 12:00:31 AM,-0.08
10622,10/10/2024 12:01:31 AM,-0.14
10622,10/10/2024 12:02:01 AM,-0.08
10622,10/10/2024 12:06:01 AM,-0.05
10622,10/10/2024 12:06:31 AM,-0.08
10622,10/10/2024 12:09:01 AM,-0.11
10622,10/10/2024 12:09:31 AM,-0.08
10622,10/10/2024 12:10:01 AM,-0.11
10622,10/10/2024 12:10:31 AM,-0.08
10622,10/10/2024 12:16:01 AM,-0.11
10622,10/10/2024 12:16:31 AM,-0.08
10622,10/10/2024 12:20:01 AM,-0.11
10622,10/10/2024 12:21:31 AM,-0.08
10622,10/10/2024 12:22:01 AM,-0.11
10622,10/10/2024 12:23:01 AM,-0.14
10622,10/10/2024 12:23:31 AM,-0.11
10622,10/10/2024 12:25:01 AM,-0.08
10622,10/10/2024 12:25:31 AM,-0.11
10622,10/10/2024 12:26:01 AM,-0.08
10622,10/10/2024 12:26:31 AM,-0.11
10622,10/10/2024 12:27:01 AM,-0.08
10622,10/10/2024 12:29:01 AM,-0.11
10622,10/10/2024 12:30:31 AM,-0.14
10622,10/10/2024 12:31:01 AM,-0.08
10622,10/10/2024 12:33:01 AM,-0.11
10622,10/10/2024 12:33:31 AM,-0.05
10622,10/10/2024 12:34:01 AM,-0.08
10622,10/10/2024 12:37:01 AM,-0.05
10622,10/10/2024 12:37:31 AM,-0.08
10622,10/10/2024 12:38:31 AM,-0.05
10622,10/10/2024 12:39:31 AM,-0.08
10622,10/10/2024 12:40:31 AM,-0.05
10622,10/10/2024 12:41:01 AM,-0.08
10622,10/10/2024 12:41:31 AM,-0.05
10622,10/10/2024 12:42:01 AM,-0.02
10622,10/10/2024 12:42:31 AM,-0.05
10622,10/10/2024 12:44:01 AM,-0.08
10622,10/10/2024 12:45:01 AM,-0.05
10622,10/10/2024 12:47:01 AM,-0.02
10622,10/10/2024 12:47:31 AM,-0.05
10622,10/10/2024 12:48:31 AM,-0.08
10622,10/10/2024 12:49:01 AM,-0.05
10622,10/10/2024 12:49:31 AM,-0.02
10622,10/10/2024 12:50:01 AM,-0.05
10622,10/10/2024 12:50:31 AM,-0.08
10622,10/10/2024 12:51:01 AM,-0.05
10622,10/10/2024 12:51:31 AM,-0.02
10622,10/10/2024 12:52:31 AM,0.01
10622,10/10/2024 12:53:01 AM,0.04
10622,10/10/2024 12:53:31 AM,-0.02
10622,10/10/2024 12:55:01 AM,-0.05
10622,10/10/2024 12:55:31 AM,-0.02
10622,10/10/2024 12:56:31 AM,0.01
10622,10/10/2024 12:57:01 AM,-0.02
10622,10/10/2024 12:58:01 AM,0.01
10622,10/10/2024 12:59:01 AM,-0.02
10622,10/10/2024 12:59:31 AM,0.01
10622,10/10/2024 1:01:01 AM,-0.02
10622,10/10/2024 1:01:31 AM,0.01
10622,10/10/2024 1:02:01 AM,-0.02
10622,10/10/2024 1:03:01 AM,-0.05
10622,10/10/2024 1:03:31 AM,0.04
10622,10/10/2024 1:04:01 AM,-0.02
10622,10/10/2024 1:04:31 AM,0.01
10622,10/10/2024 1:05:01 AM,0.04
10622,10/10/2024 1:05:31 AM,0.01
10622,10/10/2024 1:06:31 AM,-0.02
10622,10/10/2024 1:07:31 AM,0.04
10622,10/10/2024 1:08:31 AM,-0.02
10622,10/10/2024 1:09:01 AM,0.01
10622,10/10/2024 1:11:01 AM,0.04
10622,10/10/2024 1:11:31 AM,-0.02
10622,10/10/2024 1:12:01 AM,0.04
10622,10/10/2024 1:12:31 AM,-0.02
10622,10/10/2024 1:13:01 AM,0.01
10622,10/10/2024 1:15:01 AM,-0.02
10622,10/10/2024 1:15:31 AM,0.01
10622,10/10/2024 1:16:01 AM,0.04
10622,10/10/2024 1:16:31 AM,0.01
10622,10/10/2024 1:18:31 AM,-0.02
10622,10/10/2024 1:19:31 AM,0.01
10622,10/10/2024 1:20:01 AM,-0.02
10622,10/10/2024 1:22:01 AM,0.01
10622,10/10/2024 1:22:31 AM,-0.02
10622,10/10/2024 1:23:01 AM,0.01
10622,10/10/2024 1:23:31 AM,-0.02
10622,10/10/2024 1:24:31 AM,0.01
10622,10/10/2024 1:25:01 AM,-0.02
10622,10/10/2024 1:26:01 AM,0.01
10622,10/10/2024 1:26:31 AM,-0.02
10622,10/10/2024 1:27:31 AM,0.01
10622,10/10/2024 1:28:31 AM,0.04
10622,10/10/2024 1:29:01 AM,-0.02
10622,10/10/2024 1:30:01 AM,-0.05
10622,10/10/2024 1:30:31 AM,0.01
10622,10/10/2024 1:31:31 AM,0.04
10622,10/10/2024 1:32:31 AM,0.01
10622,10/10/2024 1:33:01 AM,0.04
10622,10/10/2024 1:36:01 AM,0.01
10622,10/10/2024 1:37:01 AM,0.04
10622,10/10/2024 1:37:31 AM,0.01
10622,10/10/2024 1:38:01 AM,0.04
10622,10/10/2024 1:40:01 AM,0.01
10622,10/10/2024 1:41:01 AM,0.04
10622,10/10/2024 1:41:31 AM,0.01
10622,10/10/2024 1:42:31 AM,0.04
10622,10/10/2024 1:43:01 AM,0.01
10622,10/10/2024 1:43:31 AM,0.04
10622,10/10/2024 1:44:31 AM,0.01
10622,10/10/2024 1:45:31 AM,0.04
10622,10/10/2024 1:46:01 AM,0.07
10622,10/10/2024 1:46:31 AM,0.04
10622,10/10/2024 1:48:31 AM,0.07
10622,10/10/2024 1:49:01 AM,0.04
10622,10/10/2024 1:54:31 AM,0.07
10622,10/10/2024 1:55:01 AM,0.04
10622,10/10/2024 1:55:31 AM,0.07
10622,10/10/2024 1:56:01 AM,0.04
10622,10/10/2024 1:56:31 AM,0.07
10622,10/10/2024 1:57:31 AM,0.04
10622,10/10/2024 1:58:31 AM,0.07
10622,10/10/2024 1:59:01 AM,0.04
10622,10/10/2024 2:00:01 AM,0.10
10622,10/10/2024 2:01:01 AM,0.07
10622,10/10/2024 2:01:31 AM,0.10
10622,10/10/2024 2:03:01 AM,0.07
10622,10/10/2024 2:03:31 AM,0.10
10622,10/10/2024 2:04:01 AM,0.07
10622,10/10/2024 2:04:31 AM,0.10
10622,10/10/2024 2:05:31 AM,0.14
10622,10/10/2024 2:06:01 AM,0.07
10622,10/10/2024 2:06:31 AM,0.10
10622,10/10/2024 2:07:31 AM,0.07
10622,10/10/2024 2:08:01 AM,0.10
10622,10/10/2024 2:08:31 AM,0.14
10622,10/10/2024 2:09:01 AM,0.10
10622,10/10/2024 2:10:31 AM,0.14
10622,10/10/2024 2:11:01 AM,0.10
10622,10/10/2024 2:12:31 AM,0.07
10622,10/10/2024 2:14:31 AM,0.10
10622,10/10/2024 2:15:01 AM,0.07
10622,10/10/2024 2:16:01 AM,0.10
10622,10/10/2024 2:16:31 AM,0.04
10622,10/10/2024 2:17:01 AM,0.10
10622,10/10/2024 2:18:01 AM,0.07
10622,10/10/2024 2:18:31 AM,0.10
10622,10/10/2024 2:19:01 AM,0.07
10622,10/10/2024 2:19:31 AM,0.04
10622,10/10/2024 2:20:01 AM,0.10
10622,10/10/2024 2:20:31 AM,0.04
10622,10/10/2024 2:21:01 AM,0.07
10622,10/10/2024 2:21:31 AM,0.04
10622,10/10/2024 2:23:01 AM,0.10
10622,10/10/2024 2:23:31 AM,0.07
10622,10/10/2024 2:25:01 AM,0.10
10622,10/10/2024 2:26:01 AM,0.14
10622,10/10/2024 2:26:31 AM,0.10
10622,10/10/2024 2:27:31 AM,0.14
10622,10/10/2024 2:28:01 AM,0.10
10622,10/10/2024 2:29:01 AM,0.07
10622,10/10/2024 2:29:31 AM,0.14
10622,10/10/2024 2:31:01 AM,0.17
10622,10/10/2024 2:31:31 AM,0.04
10622,10/10/2024 2:32:01 AM,0.10
10622,10/10/2024 2:32:31 AM,0.14
10622,10/10/2024 2:33:01 AM,0.10
10622,10/10/2024 2:33:31 AM,0.07
10622,10/10/2024 2:34:01 AM,0.10
10622,10/10/2024 2:34:31 AM,0.04
10622,10/10/2024 2:35:01 AM,0.14
10622,10/10/2024 2:35:31 AM,0.10
10622,10/10/2024 2:36:01 AM,0.07
10622,10/10/2024 2:36:31 AM,0.10
10622,10/10/2024 2:37:01 AM,0.07
10622,10/10/2024 2:37:31 AM,0.10
10622,10/10/2024 2:38:31 AM,0.14
10622,10/10/2024 2:39:01 AM,0.10
10622,10/10/2024 2:40:01 AM,0.07
10622,10/10/2024 2:40:31 AM,0.10
10622,10/10/2024 2:41:31 AM,0.14
10622,10/10/2024 2:42:01 AM,0.07
10622,10/10/2024 2:42:31 AM,0.10
10622,10/10/2024 2:43:31 AM,0.07
10622,10/10/2024 2:44:01 AM,0.17
10622,10/10/2024 2:44:31 AM,0.07
10622,10/10/2024 2:45:01 AM,0.14
10622,10/10/2024 2:45:31 AM,0.17
10622,10/10/2024 2:46:01 AM,0.14
10622,10/10/2024 2:49:31 AM,0.10
10622,10/10/2024 2:50:01 AM,0.14
10622,10/10/2024 2:50:31 AM,0.17
10622,10/10/2024 2:51:31 AM,0.14
10622,10/10/2024 2:52:01 AM,0.17
10622,10/10/2024 2:52:31 AM,0.07
10622,10/10/2024 2:53:01 AM,0.14
10622,10/10/2024 2:54:01 AM,0.10
10622,10/10/2024 2:54:31 AM,0.07
10622,10/10/2024 2:55:01 AM,0.14
10622,10/10/2024 2:55:31 AM,0.17
10622,10/10/2024 2:56:01 AM,0.14
10622,10/10/2024 2:56:31 AM,0.17
10622,10/10/2024 2:57:31 AM,0.07
10622,10/10/2024 2:58:01 AM,0.14
10622,10/10/2024 3:01:01 AM,0.10
10622,10/10/2024 3:02:01 AM,0.14
10622,10/10/2024 3:02:31 AM,0.07
10622,10/10/2024 3:03:01 AM,0.14
10622,10/10/2024 3:03:31 AM,0.17
10622,10/10/2024 3:04:01 AM,0.14
10622,10/10/2024 3:05:31 AM,0.10
10622,10/10/2024 3:06:01 AM,0.17
10622,10/10/2024 3:06:31 AM,0.14
10622,10/10/2024 3:07:31 AM,0.17
10622,10/10/2024 3:08:31 AM,0.14
10622,10/10/2024 3:09:01 AM,0.17
10622,10/10/2024 3:10:31 AM,0.14
10622,10/10/2024 3:11:01 AM,0.17
10622,10/10/2024 3:12:01 AM,0.14
10622,10/10/2024 3:12:31 AM,0.17
10622,10/10/2024 3:13:31 AM,0.20
10622,10/10/2024 3:14:31 AM,0.14
10622,10/10/2024 3:15:01 AM,0.17
10622,10/10/2024 3:17:01 AM,0.14
10622,10/10/2024 3:17:31 AM,0.17
10622,10/10/2024 3:24:31 AM,0.14
10622,10/10/2024 3:25:01 AM,0.17
10622,10/10/2024 3:25:31 AM,0.20
10622,10/10/2024 3:26:01 AM,0.17
10622,10/10/2024 3:26:31 AM,0.20
10622,10/10/2024 3:27:31 AM,0.14
10622,10/10/2024 3:28:01 AM,0.17
10622,10/10/2024 3:29:31 AM,0.14
10622,10/10/2024 3:30:01 AM,0.17
10622,10/10/2024 3:33:01 AM,0.20
10622,10/10/2024 3:33:31 AM,0.17
10622,10/10/2024 3:35:31 AM,0.14
10622,10/10/2024 3:36:01 AM,0.17
10622,10/10/2024 3:38:31 AM,0.14
10622,10/10/2024 3:39:01 AM,0.17
10622,10/10/2024 3:40:01 AM,0.14
10622,10/10/2024 3:40:31 AM,0.17
10622,10/10/2024 3:41:31 AM,0.14
10622,10/10/2024 3:42:31 AM,0.17
10622,10/10/2024 3:47:31 AM,0.20
10622,10/10/2024 3:48:01 AM,0.17
10622,10/10/2024 3:49:01 AM,0.23
10622,10/10/2024 3:50:01 AM,0.20
10622,10/10/2024 3:50:31 AM,0.17
10622,10/10/2024 3:51:31 AM,0.20
10622,10/10/2024 3:52:31 AM,0.23
10622,10/10/2024 3:53:01 AM,0.20
10622,10/10/2024 3:55:01 AM,0.17
10622,10/10/2024 3:55:31 AM,0.20
10622,10/10/2024 3:56:01 AM,0.17
10622,10/10/2024 3:57:31 AM,0.14
10622,10/10/2024 3:58:01 AM,0.17
10622,10/10/2024 3:59:31 AM,0.14
10622,10/10/2024 4:00:01 AM,0.17
10622,10/10/2024 4:00:31 AM,0.14
10622,10/10/2024 4:02:31 AM,0.10
10622,10/10/2024 4:03:01 AM,0.17
10622,10/10/2024 4:03:31 AM,0.20
10622,10/10/2024 4:04:01 AM,0.17
10622,10/10/2024 4:05:01 AM,0.14
10622,10/10/2024 4:05:31 AM,0.17
10622,10/10/2024 4:06:01 AM,0.14
10622,10/10/2024 4:06:31 AM,0.20
10622,10/10/2024 4:07:01 AM,0.17
10622,10/10/2024 4:14:01 AM,0.20
10622,10/10/2024 4:14:31 AM,0.17
10622,10/10/2024 4:17:01 AM,0.20
10622,10/10/2024 4:17:31 AM,0.17
10622,10/10/2024 4:18:01 AM,0.20
10622,10/10/2024 4:18:31 AM,0.17
10622,10/10/2024 4:19:31 AM,0.20
10622,10/10/2024 4:20:01 AM,0.17
10622,10/10/2024 4:27:01 AM,0.14
10622,10/10/2024 4:28:01 AM,0.17
10622,10/10/2024 4:30:01 AM,0.10
10622,10/10/2024 4:31:01 AM,0.17
10622,10/10/2024 4:34:01 AM,0.20
10622,10/10/2024 4:34:31 AM,0.14
10622,10/10/2024 4:35:01 AM,0.17
10622,10/10/2024 4:40:31 AM,0.14
10622,10/10/2024 4:41:01 AM,0.20
10622,10/10/2024 4:41:31 AM,0.17
10622,10/10/2024 4:42:01 AM,0.20
10622,10/10/2024 4:42:31 AM,0.17
10622,10/10/2024 4:43:31 AM,0.14
10622,10/10/2024 4:44:01 AM,0.17
10622,10/10/2024 4:45:31 AM,0.20
10622,10/10/2024 4:46:01 AM,0.26
10622,10/10/2024 4:46:31 AM,0.23
10622,10/10/2024 4:47:31 AM,0.17
10622,10/10/2024 4:49:01 AM,0.20
10622,10/10/2024 4:49:31 AM,0.17
10622,10/10/2024 4:50:01 AM,0.23
10622,10/10/2024 4:50:31 AM,0.20
10622,10/10/2024 4:51:01 AM,0.17
10622,10/10/2024 4:52:01 AM,0.23
10622,10/10/2024 4:52:31 AM,0.17
10622,10/10/2024 4:53:01 AM,0.23
10622,10/10/2024 4:53:31 AM,0.17
10622,10/10/2024 4:56:31 AM,0.20
10622,10/10/2024 4:57:01 AM,0.17
10622,10/10/2024 5:01:01 AM,0.14
10622,10/10/2024 5:01:31 AM,0.17
10622,10/10/2024 5:02:31 AM,0.14
10622,10/10/2024 5:03:01 AM,0.17
10622,10/10/2024 5:03:31 AM,0.14
10622,10/10/2024 5:04:01 AM,0.17
10622,10/10/2024 5:04:31 AM,0.14
10622,10/10/2024 5:05:01 AM,0.17
10622,10/10/2024 5:07:01 AM,0.14
10622,10/10/2024 5:08:31 AM,0.17
10622,10/10/2024 5:10:31 AM,0.14
10622,10/10/2024 5:11:31 AM,0.17
10622,10/10/2024 5:12:31 AM,0.14
10622,10/10/2024 5:13:01 AM,0.17
10622,10/10/2024 5:15:31 AM,0.14
10622,10/10/2024 5:16:01 AM,0.17
10622,10/10/2024 5:17:01 AM,0.14
10622,10/10/2024 5:17:31 AM,0.17
10622,10/10/2024 5:19:01 AM,0.14
10622,10/10/2024 5:19:31 AM,0.17
10622,10/10/2024 5:20:31 AM,0.14
10622,10/10/2024 5:21:01 AM,0.10
10622,10/10/2024 5:21:31 AM,0.17
10622,10/10/2024 5:24:01 AM,0.14
10622,10/10/2024 5:24:31 AM,0.17
10622,10/10/2024 5:26:01 AM,0.14
10622,10/10/2024 5:26:31 AM,0.17
10622,10/10/2024 5:27:31 AM,0.14
10622,10/10/2024 5:28:01 AM,0.17
10622,10/10/2024 5:28:31 AM,0.14
10622,10/10/2024 5:29:31 AM,0.10
10622,10/10/2024 5:30:01 AM,0.17
10622,10/10/2024 5:30:31 AM,0.14
10622,10/10/2024 5:31:01 AM,0.17
10622,10/10/2024 5:31:31 AM,0.20
10622,10/10/2024 5:32:01 AM,0.17
10622,10/10/2024 5:33:31 AM,0.20
10622,10/10/2024 5:34:31 AM,0.14
10622,10/10/2024 5:35:31 AM,0.17
10622,10/10/2024 5:37:01 AM,0.14
10622,10/10/2024 5:37:31 AM,0.17
10622,10/10/2024 5:38:31 AM,0.14
10622,10/10/2024 5:39:01 AM,0.17
10622,10/10/2024 5:40:01 AM,0.20
10622,10/10/2024 5:40:31 AM,0.14
10622,10/10/2024 5:41:01 AM,0.17
10622,10/10/2024 5:42:01 AM,0.20
10622,10/10/2024 5:42:31 AM,0.17
10622,10/10/2024 5:43:31 AM,0.20
10622,10/10/2024 5:44:01 AM,0.23
10622,10/10/2024 5:44:31 AM,0.17
10622,10/10/2024 5:47:01 AM,0.14
10622,10/10/2024 5:47:31 AM,0.17
10622,10/10/2024 5:48:01 AM,0.14
10622,10/10/2024 5:48:31 AM,0.20
10622,10/10/2024 5:49:31 AM,0.17
10622,10/10/2024 5:50:01 AM,0.14
10622,10/10/2024 5:50:31 AM,0.17
10622,10/10/2024 5:51:01 AM,0.14
10622,10/10/2024 5:51:31 AM,0.20
10622,10/10/2024 5:52:01 AM,0.17
10622,10/10/2024 5:57:31 AM,0.20
10622,10/10/2024 5:58:01 AM,0.14
10622,10/10/2024 5:58:31 AM,0.17
10622,10/10/2024 6:02:31 AM,0.20
10622,10/10/2024 6:03:01 AM,0.17
10622,10/10/2024 6:05:01 AM,0.20
10622,10/10/2024 6:05:31 AM,0.17
10622,10/10/2024 6:06:01 AM,0.20
10622,10/10/2024 6:06:31 AM,0.17
10622,10/10/2024 6:07:01 AM,0.26
10622,10/10/2024 6:07:31 AM,0.23
10622,10/10/2024 6:08:01 AM,0.20
10622,10/10/2024 6:10:01 AM,0.17
10622,10/10/2024 6:10:31 AM,0.20
10622,10/10/2024 6:11:31 AM,0.17
10622,10/10/2024 6:12:01 AM,0.20
10622,10/10/2024 6:12:31 AM,0.17
10622,10/10/2024 6:14:31 AM,0.20
10622,10/10/2024 6:15:01 AM,0.17
10622,10/10/2024 6:15:31 AM,0.23
10622,10/10/2024 6:16:31 AM,0.17
10622,10/10/2024 6:17:01 AM,0.20
10622,10/10/2024 6:17:31 AM,0.17
10622,10/10/2024 6:18:31 AM,0.20
10622,10/10/2024 6:19:01 AM,0.17
10622,10/10/2024 6:21:01 AM,0.20
10622,10/10/2024 6:22:01 AM,0.17
10622,10/10/2024 6:22:31 AM,0.20
10622,10/10/2024 6:23:01 AM,0.17
10622,10/10/2024 6:23:31 AM,0.20
10622,10/10/2024 6:24:01 AM,0.23
10622,10/10/2024 6:24:31 AM,0.20
10622,10/10/2024 6:26:31 AM,0.23
10622,10/10/2024 6:27:01 AM,0.20
10622,10/10/2024 6:29:01 AM,0.17
10622,10/10/2024 6:30:31 AM,0.20
10622,10/10/2024 6:32:01 AM,0.23
10622,10/10/2024 6:33:01 AM,0.17
10622,10/10/2024 6:34:01 AM,0.23
10622,10/10/2024 6:34:31 AM,0.17
10622,10/10/2024 6:35:01 AM,0.20
10622,10/10/2024 6:36:01 AM,0.23
10622,10/10/2024 6:36:31 AM,0.20
10622,10/10/2024 6:38:01 AM,0.26
10622,10/10/2024 6:38:31 AM,0.17
10622,10/10/2024 6:39:01 AM,0.20
10622,10/10/2024 6:39:31 AM,0.17
10622,10/10/2024 6:40:01 AM,0.23
10622,10/10/2024 6:41:01 AM,0.20
10622,10/10/2024 6:42:01 AM,0.23
10622,10/10/2024 6:42:31 AM,0.20
10622,10/10/2024 6:43:01 AM,0.17
10622,10/10/2024 6:43:31 AM,0.20
10622,10/10/2024 6:44:01 AM,0.17
10622,10/10/2024 6:44:31 AM,0.20
10622,10/10/2024 6:45:01 AM,0.23
10622,10/10/2024 6:45:31 AM,0.17
10622,10/10/2024 6:46:01 AM,0.20
10622,10/10/2024 6:46:31 AM,0.17
10622,10/10/2024 6:47:01 AM,0.20
10622,10/10/2024 6:47:31 AM,0.23
10622,10/10/2024 6:48:01 AM,0.20
10622,10/10/2024 6:49:31 AM,0.23
10622,10/10/2024 6:51:01 AM,0.20
10622,10/10/2024 6:51:31 AM,0.23
10622,10/10/2024 6:52:01 AM,0.26
10622,10/10/2024 6:52:31 AM,0.23
10622,10/10/2024 6:53:01 AM,0.20
10622,10/10/2024 6:54:01 AM,0.23
10622,10/10/2024 6:55:31 AM,0.17
10622,10/10/2024 6:56:01 AM,0.23
10622,10/10/2024 6:56:31 AM,0.17
10622,10/10/2024 6:57:01 AM,0.20
10622,10/10/2024 6:58:01 AM,0.23
10622,10/10/2024 6:58:31 AM,0.17
10622,10/10/2024 6:59:31 AM,0.20
10622,10/10/2024 7:00:31 AM,0.23
10622,10/10/2024 7:01:01 AM,0.20
10622,10/10/2024 7:01:31 AM,0.23
10622,10/10/2024 7:02:01 AM,0.20
10622,10/10/2024 7:02:31 AM,0.26
10622,10/10/2024 7:04:01 AM,0.20
10622,10/10/2024 7:04:31 AM,0.26
10622,10/10/2024 7:05:01 AM,0.23
10622,10/10/2024 7:05:31 AM,0.26
10622,10/10/2024 7:08:01 AM,0.23
10622,10/10/2024 7:09:01 AM,0.20
10622,10/10/2024 7:10:01 AM,0.23
10622,10/10/2024 7:10:31 AM,0.20
10622,10/10/2024 7:11:01 AM,0.26
10622,10/10/2024 7:11:31 AM,0.20
10622,10/10/2024 7:12:01 AM,0.23
10622,10/10/2024 7:12:31 AM,0.17
10622,10/10/2024 7:13:01 AM,0.20
10622,10/10/2024 7:14:31 AM,0.23
10622,10/10/2024 7:15:01 AM,0.20
10622,10/10/2024 7:15:31 AM,0.23
10622,10/10/2024 7:16:01 AM,0.26
10622,10/10/2024 7:17:31 AM,0.20
10622,10/10/2024 7:18:01 AM,0.26
10622,10/10/2024 7:20:01 AM,0.23
10622,10/10/2024 7:21:01 AM,0.26
10622,10/10/2024 7:22:01 AM,0.23
10622,10/10/2024 7:22:31 AM,0.20
10622,10/10/2024 7:23:31 AM,0.23
10622,10/10/2024 7:24:01 AM,0.20
10622,10/10/2024 7:24:31 AM,0.23
10622,10/10/2024 7:26:01 AM,0.20
10622,10/10/2024 7:26:31 AM,0.23
10622,10/10/2024 7:27:01 AM,0.26
10622,10/10/2024 7:28:01 AM,0.23
10622,10/10/2024 7:28:31 AM,0.26
10622,10/10/2024 7:33:01 AM,0.23
10622,10/10/2024 7:33:31 AM,0.20
10622,10/10/2024 7:34:01 AM,0.23
10622,10/10/2024 7:36:01 AM,0.26
10622,10/10/2024 7:37:01 AM,0.23
10622,10/10/2024 7:38:01 AM,0.20
10622,10/10/2024 7:38:31 AM,0.23
10622,10/10/2024 7:39:31 AM,0.26
10622,10/10/2024 7:40:31 AM,0.20
10622,10/10/2024 7:41:01 AM,0.23
10622,10/10/2024 7:42:31 AM,0.20
10622,10/10/2024 7:43:31 AM,0.23
10622,10/10/2024 7:44:01 AM,0.20
10622,10/10/2024 7:44:31 AM,0.23
10622,10/10/2024 7:46:31 AM,0.26
10622,10/10/2024 7:47:31 AM,0.23
10622,10/10/2024 7:48:31 AM,0.26
10622,10/10/2024 7:49:31 AM,0.20
10622,10/10/2024 7:50:01 AM,0.23
10622,10/10/2024 7:51:31 AM,0.26
10622,10/10/2024 7:52:31 AM,0.23
10622,10/10/2024 7:54:01 AM,0.26
10622,10/10/2024 7:54:31 AM,0.20
10622,10/10/2024 7:56:01 AM,0.26
10622,10/10/2024 7:56:31 AM,0.23
10622,10/10/2024 7:57:01 AM,0.26
10622,10/10/2024 7:58:01 AM,0.23
10622,10/10/2024 8:00:31 AM,0.20
10622,10/10/2024 8:02:01 AM,0.23
10622,10/10/2024 8:02:31 AM,0.26
10622,10/10/2024 8:03:01 AM,0.20
10622,10/10/2024 8:03:31 AM,0.26
10622,10/10/2024 8:04:01 AM,0.23
10622,10/10/2024 8:04:31 AM,0.26
10622,10/10/2024 8:06:31 AM,0.23
10622,10/10/2024 8:07:01 AM,0.29
10622,10/10/2024 8:07:31 AM,0.23
10622,10/10/2024 8:08:31 AM,0.26
10622,10/10/2024 8:10:01 AM,0.23
10622,10/10/2024 8:10:31 AM,0.26
10622,10/10/2024 8:11:01 AM,0.23
10622,10/10/2024 8:11:31 AM,0.20
10622,10/10/2024 8:12:01 AM,0.23
10622,10/10/2024 8:12:31 AM,0.20
10622,10/10/2024 8:13:01 AM,0.23
10622,10/10/2024 8:15:01 AM,0.26
10622,10/10/2024 8:15:31 AM,0.20
10622,10/10/2024 8:16:01 AM,0.23
10622,10/10/2024 8:16:31 AM,0.26
10622,10/10/2024 8:17:01 AM,0.23
10622,10/10/2024 8:17:31 AM,0.26
10622,10/10/2024 8:21:01 AM,0.23
10622,10/10/2024 8:22:31 AM,0.26
10622,10/10/2024 8:23:01 AM,0.20
10622,10/10/2024 8:23:31 AM,0.26
10622,10/10/2024 8:24:01 AM,0.23
10622,10/10/2024 8:24:31 AM,0.20
10622,10/10/2024 8:25:01 AM,0.26
10622,10/10/2024 8:29:31 AM,0.23
10622,10/10/2024 8:30:01 AM,0.26
10622,10/10/2024 8:31:01 AM,0.23
10622,10/10/2024 8:33:31 AM,0.20
10622,10/10/2024 8:34:31 AM,0.23
10622,10/10/2024 8:35:31 AM,0.26
10622,10/10/2024 8:36:31 AM,0.20
10622,10/10/2024 8:37:01 AM,0.23
10622,10/10/2024 8:38:01 AM,0.20
10622,10/10/2024 8:38:31 AM,0.23
10622,10/10/2024 8:40:31 AM,0.20
10622,10/10/2024 8:41:01 AM,0.17
10622,10/10/2024 8:42:01 AM,0.23
10622,10/10/2024 8:43:31 AM,0.20
10622,10/10/2024 8:44:01 AM,0.23
10622,10/10/2024 8:44:31 AM,0.17
10622,10/10/2024 8:45:01 AM,0.20
10622,10/10/2024 8:45:31 AM,0.23
10622,10/10/2024 8:46:01 AM,0.26
10622,10/10/2024 8:47:31 AM,0.23
10622,10/10/2024 8:49:01 AM,0.26
10622,10/10/2024 8:50:01 AM,0.23
10622,10/10/2024 8:50:31 AM,0.26
10622,10/10/2024 8:51:01 AM,0.23
10622,10/10/2024 8:52:01 AM,0.26
10622,10/10/2024 8:52:31 AM,0.20
10622,10/10/2024 8:53:01 AM,0.26
10622,10/10/2024 8:54:01 AM,0.23
10622,10/10/2024 8:55:01 AM,0.26
10622,10/10/2024 8:55:31 AM,0.23
10622,10/10/2024 8:56:01 AM,0.26
10622,10/10/2024 8:56:31 AM,0.23
10622,10/10/2024 8:57:01 AM,0.20
10622,10/10/2024 8:57:31 AM,0.23
10622,10/10/2024 8:59:01 AM,0.20
10622,10/10/2024 8:59:31 AM,0.23
10622,10/10/2024 9:00:31 AM,0.20
10622,10/10/2024 9:01:31 AM,0.23
10622,10/10/2024 9:03:01 AM,0.20
10622,10/10/2024 9:04:01 AM,0.23
10622,10/10/2024 9:07:31 AM,0.26
10622,10/10/2024 9:08:01 AM,0.23
10622,10/10/2024 9:09:31 AM,0.26
10622,10/10/2024 9:10:01 AM,0.23
10622,10/10/2024 9:10:31 AM,0.20
10622,10/10/2024 9:11:01 AM,0.26
10622,10/10/2024 9:11:31 AM,0.23
10622,10/10/2024 9:12:01 AM,0.26
10622,10/10/2024 9:12:31 AM,0.23
10622,10/10/2024 9:14:31 AM,0.26
10622,10/10/2024 9:15:01 AM,0.23
10622,10/10/2024 9:16:01 AM,0.26
10622,10/10/2024 9:16:31 AM,0.17
10622,10/10/2024 9:17:01 AM,0.20
10622,10/10/2024 9:17:31 AM,0.23
10622,10/10/2024 9:18:31 AM,0.20
10622,10/10/2024 9:19:01 AM,0.23
10622,10/10/2024 9:19:31 AM,0.20
10622,10/10/2024 9:20:31 AM,0.23
10622,10/10/2024 9:21:01 AM,0.26
10622,10/10/2024 9:21:31 AM,0.23
10622,10/10/2024 9:24:01 AM,0.26
10622,10/10/2024 9:24:31 AM,0.20
10622,10/10/2024 9:25:01 AM,0.23
10622,10/10/2024 9:25:31 AM,0.26
10622,10/10/2024 9:26:01 AM,0.23
10622,10/10/2024 9:27:01 AM,0.20
10622,10/10/2024 9:27:31 AM,0.26
10622,10/10/2024 9:28:31 AM,0.23
10622,10/10/2024 9:29:31 AM,0.20
10622,10/10/2024 9:30:01 AM,0.26
10622,10/10/2024 9:31:01 AM,0.23
10622,10/10/2024 9:32:01 AM,0.26
10622,10/10/2024 9:32:31 AM,0.23
10622,10/10/2024 9:33:01 AM,0.26
10622,10/10/2024 9:33:31 AM,0.20
10622,10/10/2024 9:34:01 AM,0.23
10622,10/10/2024 9:34:31 AM,0.26
10622,10/10/2024 9:35:01 AM,0.23
10622,10/10/2024 9:36:31 AM,0.20
10622,10/10/2024 9:37:01 AM,0.23
10622,10/10/2024 9:37:31 AM,0.26
10622,10/10/2024 9:38:31 AM,0.23
10622,10/10/2024 9:40:01 AM,0.26
10622,10/10/2024 9:40:31 AM,0.23
10622,10/10/2024 9:41:01 AM,0.26
10622,10/10/2024 9:41:31 AM,0.23
10622,10/10/2024 9:42:01 AM,0.26
10622,10/10/2024 9:42:31 AM,0.23
10622,10/10/2024 9:44:01 AM,0.26
10622,10/10/2024 9:44:31 AM,0.23
10622,10/10/2024 9:45:01 AM,0.26
10622,10/10/2024 9:46:01 AM,0.20
10622,10/10/2024 9:47:01 AM,0.23
10622,10/10/2024 9:48:31 AM,0.20
10622,10/10/2024 9:49:01 AM,0.26
10622,10/10/2024 9:50:01 AM,0.23
10622,10/10/2024 9:50:31 AM,0.26
10622,10/10/2024 9:51:01 AM,0.23
10622,10/10/2024 9:51:31 AM,0.26
10622,10/10/2024 9:52:01 AM,0.23
10622,10/10/2024 9:52:31 AM,0.20
10622,10/10/2024 9:54:01 AM,0.26
10622,10/10/2024 9:54:31 AM,0.23
10622,10/10/2024 9:55:31 AM,0.26
10622,10/10/2024 10:03:01 AM,0.29
10622,10/10/2024 10:04:01 AM,0.23
10622,10/10/2024 10:04:31 AM,0.26
10622,10/10/2024 10:05:31 AM,0.29
10622,10/10/2024 10:06:01 AM,0.26
10622,10/10/2024 10:07:01 AM,0.20
10622,10/10/2024 10:07:31 AM,0.23
10622,10/10/2024 10:08:31 AM,0.20
10622,10/10/2024 10:09:01 AM,0.26
10622,10/10/2024 10:10:31 AM,0.23
10622,10/10/2024 10:15:31 AM,0.26
10622,10/10/2024 10:16:01 AM,0.20
10622,10/10/2024 10:16:31 AM,0.23
10622,10/10/2024 10:17:01 AM,0.20
10622,10/10/2024 10:18:01 AM,0.23
10622,10/10/2024 10:18:31 AM,0.26
10622,10/10/2024 10:20:01 AM,0.23
10622,10/10/2024 10:21:01 AM,0.26
10622,10/10/2024 10:21:31 AM,0.23
10622,10/10/2024 10:23:01 AM,0.26
10622,10/10/2024 10:24:01 AM,0.23
10622,10/10/2024 10:25:01 AM,0.26
10622,10/10/2024 10:25:31 AM,0.23
10622,10/10/2024 10:26:01 AM,0.26
10622,10/10/2024 10:29:31 AM,0.23
10622,10/10/2024 10:30:01 AM,0.26
10622,10/10/2024 10:31:01 AM,0.20
10622,10/10/2024 10:31:31 AM,0.23
10622,10/10/2024 10:32:31 AM,0.26
10622,10/10/2024 10:33:31 AM,0.23
10622,10/10/2024 10:36:31 AM,0.17
10622,10/10/2024 10:37:01 AM,0.23
10622,10/10/2024 10:38:31 AM,0.26
10622,10/10/2024 10:39:31 AM,0.23
10622,10/10/2024 10:41:31 AM,0.26
10622,10/10/2024 10:42:01 AM,0.23
10622,10/10/2024 10:42:31 AM,0.26
10622,10/10/2024 10:43:31 AM,0.23
10622,10/10/2024 10:44:31 AM,0.20
10622,10/10/2024 10:45:01 AM,0.26
10622,10/10/2024 10:45:31 AM,0.20
10622,10/10/2024 10:46:01 AM,0.23
10622,10/10/2024 10:46:31 AM,0.20
10622,10/10/2024 10:47:01 AM,0.23
10622,10/10/2024 10:48:01 AM,0.26
10622,10/10/2024 10:48:31 AM,0.23
10622,10/10/2024 10:50:31 AM,0.26
10622,10/10/2024 10:51:31 AM,0.23
10622,10/10/2024 10:52:01 AM,0.26
10622,10/10/2024 10:53:31 AM,0.23
10622,10/10/2024 10:54:01 AM,0.26
10622,10/10/2024 10:54:31 AM,0.23
10622,10/10/2024 10:55:01 AM,0.26
10622,10/10/2024 10:55:31 AM,0.20
10622,10/10/2024 10:56:01 AM,0.23
10622,10/10/2024 10:58:01 AM,0.26
10622,10/10/2024 10:58:31 AM,0.29
10622,10/10/2024 10:59:01 AM,0.26
10622,10/10/2024 11:00:01 AM,0.23
10622,10/10/2024 11:02:31 AM,0.20
10622,10/10/2024 11:04:31 AM,0.17
10622,10/10/2024 11:05:01 AM,0.20
10622,10/10/2024 11:05:31 AM,0.17
10622,10/10/2024 11:06:31 AM,0.20
10622,10/10/2024 11:07:01 AM,0.17
10622,10/10/2024 11:07:31 AM,0.20
10622,10/10/2024 11:08:01 AM,0.23
10622,10/10/2024 11:08:31 AM,0.26
10622,10/10/2024 11:14:01 AM,0.20
10622,10/10/2024 11:14:31 AM,0.26
10622,10/10/2024 11:15:31 AM,0.23
10622,10/10/2024 11:16:31 AM,0.20
10622,10/10/2024 11:17:31 AM,0.26
10622,10/10/2024 11:18:31 AM,0.17
10622,10/10/2024 11:19:01 AM,0.23
10622,10/10/2024 11:19:31 AM,0.26
10622,10/10/2024 11:20:01 AM,0.23
10622,10/10/2024 11:20:31 AM,0.26
10622,10/10/2024 11:23:01 AM,0.23
10622,10/10/2024 11:23:31 AM,0.26
10622,10/10/2024 11:28:31 AM,0.29
10622,10/10/2024 11:29:01 AM,0.26
10622,10/10/2024 11:30:01 AM,0.23
10622,10/10/2024 11:31:01 AM,0.20
10622,10/10/2024 11:31:31 AM,0.17
10622,10/10/2024 11:32:01 AM,0.23
10622,10/10/2024 11:33:01 AM,0.26
10622,10/10/2024 11:33:31 AM,0.23
10622,10/10/2024 11:35:01 AM,0.26
10622,10/10/2024 11:35:31 AM,0.23
10622,10/10/2024 11:36:01 AM,0.26
10622,10/10/2024 11:36:31 AM,0.29
10622,10/10/2024 11:37:01 AM,0.26
10622,10/10/2024 11:38:31 AM,0.23
10622,10/10/2024 11:39:01 AM,0.20
10622,10/10/2024 11:39:31 AM,0.17
10622,10/10/2024 11:40:01 AM,0.23
10622,10/10/2024 11:40:31 AM,0.20
10622,10/10/2024 11:41:01 AM,0.23
10622,10/10/2024 11:41:31 AM,0.20
10622,10/10/2024 11:42:01 AM,0.26
10622,10/10/2024 11:43:01 AM,0.29
10622,10/10/2024 11:44:01 AM,0.26
10622,10/10/2024 11:45:31 AM,0.23
10622,10/10/2024 11:46:01 AM,0.26
10622,10/10/2024 11:47:31 AM,0.23
10622,10/10/2024 11:48:01 AM,0.26
10622,10/10/2024 11:48:31 AM,0.23
10622,10/10/2024 11:50:01 AM,0.26
10622,10/10/2024 11:54:31 AM,0.20
10622,10/10/2024 11:55:01 AM,0.23
10622,10/10/2024 11:56:31 AM,0.26
10622,10/10/2024 11:57:31 AM,0.23
10622,10/10/2024 11:59:31 AM,0.26
10622,10/10/2024 12:00:31 PM,0.23
10622,10/10/2024 12:01:31 PM,0.26
10622,10/10/2024 12:02:01 PM,0.23
10622,10/10/2024 12:02:31 PM,0.26
10622,10/10/2024 12:03:31 PM,0.20
10622,10/10/2024 12:04:31 PM,0.23
10622,10/10/2024 12:06:31 PM,0.26
10622,10/10/2024 12:07:01 PM,0.23
10622,10/10/2024 12:07:31 PM,0.26
10622,10/10/2024 12:09:01 PM,0.23
10622,10/10/2024 12:09:31 PM,0.26
10622,10/10/2024 12:10:31 PM,0.23
10622,10/10/2024 12:11:01 PM,0.26
10622,10/10/2024 12:11:31 PM,0.23
10622,10/10/2024 12:12:01 PM,0.20
10622,10/10/2024 12:12:31 PM,0.26
10622,10/10/2024 12:13:01 PM,0.23
10622,10/10/2024 12:13:31 PM,0.26
10622,10/10/2024 12:14:01 PM,0.23
10622,10/10/2024 12:16:01 PM,0.20
10622,10/10/2024 12:16:31 PM,0.23
10622,10/10/2024 12:17:31 PM,0.26
10622,10/10/2024 12:18:01 PM,0.23
10622,10/10/2024 12:20:01 PM,0.26
10622,10/10/2024 12:21:01 PM,0.20
10622,10/10/2024 12:21:31 PM,0.26
10622,10/10/2024 12:22:31 PM,0.23
10622,10/10/2024 12:23:01 PM,0.26
10622,10/10/2024 12:23:31 PM,0.23
10622,10/10/2024 12:24:01 PM,0.26
10622,10/10/2024 12:25:01 PM,0.23
10622,10/10/2024 12:26:31 PM,0.20
10622,10/10/2024 12:27:01 PM,0.26
10622,10/10/2024 12:30:01 PM,0.23
10622,10/10/2024 12:30:31 PM,0.26
10622,10/10/2024 12:33:01 PM,0.23
10622,10/10/2024 12:33:31 PM,0.20
10622,10/10/2024 12:34:01 PM,0.26
10622,10/10/2024 12:34:31 PM,0.23
10622,10/10/2024 12:35:31 PM,0.26
10622,10/10/2024 12:36:01 PM,0.23
10622,10/10/2024 12:36:31 PM,0.26
10622,10/10/2024 12:37:31 PM,0.23
10622,10/10/2024 12:38:01 PM,0.20
10622,10/10/2024 12:38:31 PM,0.23
10622,10/10/2024 12:39:01 PM,0.20
10622,10/10/2024 12:40:01 PM,0.17
10622,10/10/2024 12:40:31 PM,0.23
10622,10/10/2024 12:41:01 PM,0.20
10622,10/10/2024 12:41:31 PM,0.17
10622,10/10/2024 12:43:01 PM,0.20
10622,10/10/2024 12:43:31 PM,0.23
10622,10/10/2024 12:44:01 PM,0.20
10622,10/10/2024 12:45:01 PM,0.23
10622,10/10/2024 12:45:31 PM,0.20
10622,10/10/2024 12:46:01 PM,0.23
10622,10/10/2024 12:46:31 PM,0.26
10622,10/10/2024 12:47:01 PM,0.20
10622,10/10/2024 12:47:31 PM,0.26
10622,10/10/2024 12:48:01 PM,0.23
10622,10/10/2024 12:49:01 PM,0.20
10622,10/10/2024 12:49:31 PM,0.23
10622,10/10/2024 12:50:01 PM,0.20
10622,10/10/2024 12:50:31 PM,0.23
10622,10/10/2024 12:51:01 PM,0.20
10622,10/10/2024 12:51:31 PM,0.23
10622,10/10/2024 12:52:01 PM,0.20
10622,10/10/2024 12:52:31 PM,0.17
10622,10/10/2024 12:53:01 PM,0.20
10622,10/10/2024 12:53:31 PM,0.17
10622,10/10/2024 12:54:01 PM,0.20
10622,10/10/2024 12:54:31 PM,0.17
10622,10/10/2024 12:55:31 PM,0.20
10622,10/10/2024 12:56:01 PM,0.23
10622,10/10/2024 12:57:01 PM,0.17
10622,10/10/2024 12:58:01 PM,0.20
10622,10/10/2024 1:00:01 PM,0.17
10622,10/10/2024 1:01:01 PM,0.20
10622,10/10/2024 1:02:31 PM,0.17
10622,10/10/2024 1:05:01 PM,0.14
10622,10/10/2024 1:06:01 PM,0.17
10622,10/10/2024 1:06:31 PM,0.14
10622,10/10/2024 1:07:01 PM,0.10
10622,10/10/2024 1:07:31 PM,0.17
10622,10/10/2024 1:08:01 PM,0.10
10622,10/10/2024 1:08:31 PM,0.17
10622,10/10/2024 1:09:01 PM,0.14
10622,10/10/2024 1:10:01 PM,0.17
10622,10/10/2024 1:10:31 PM,0.14
10622,10/10/2024 1:11:01 PM,0.17
10622,10/10/2024 1:11:31 PM,0.10
10622,10/10/2024 1:12:01 PM,0.14
10622,10/10/2024 1:12:31 PM,0.10
10622,10/10/2024 1:13:01 PM,0.17
10622,10/10/2024 1:14:01 PM,0.14
10622,10/10/2024 1:14:31 PM,0.17
10622,10/10/2024 1:17:31 PM,0.14
10622,10/10/2024 1:18:01 PM,0.10
10622,10/10/2024 1:18:31 PM,0.07
10622,10/10/2024 1:19:01 PM,0.10
10622,10/10/2024 1:20:01 PM,0.14
10622,10/10/2024 1:21:01 PM,0.17
10622,10/10/2024 1:21:31 PM,0.20
10622,10/10/2024 1:22:01 PM,0.10
10622,10/10/2024 1:22:31 PM,0.17
10622,10/10/2024 1:23:01 PM,0.14
10622,10/10/2024 1:23:31 PM,0.17
10622,10/10/2024 1:24:31 PM,0.10
10622,10/10/2024 1:25:01 PM,0.17
10622,10/10/2024 1:28:01 PM,0.20
10622,10/10/2024 1:28:31 PM,0.17
10622,10/10/2024 1:29:01 PM,0.20
10622,10/10/2024 1:30:01 PM,0.23
10622,10/10/2024 1:31:01 PM,0.20
10622,10/10/2024 1:31:31 PM,0.17
10622,10/10/2024 1:32:31 PM,0.20
10622,10/10/2024 1:33:01 PM,0.17
10622,10/10/2024 1:35:31 PM,0.20
10622,10/10/2024 1:36:01 PM,0.17
10622,10/10/2024 1:36:31 PM,0.20
10622,10/10/2024 1:37:01 PM,0.17
10622,10/10/2024 1:37:31 PM,0.20
10622,10/10/2024 1:38:31 PM,0.17
10622,10/10/2024 1:41:01 PM,0.14
10622,10/10/2024 1:42:01 PM,0.17
10622,10/10/2024 1:42:31 PM,0.14
10622,10/10/2024 1:43:31 PM,0.10
10622,10/10/2024 1:44:01 PM,0.14
10622,10/10/2024 1:44:31 PM,0.10
10622,10/10/2024 1:45:01 PM,0.14
10622,10/10/2024 1:45:31 PM,0.10
10622,10/10/2024 1:46:01 PM,0.14
10622,10/10/2024 1:46:31 PM,0.10
10622,10/10/2024 1:47:01 PM,0.14
10622,10/10/2024 1:47:31 PM,0.07
10622,10/10/2024 1:48:01 PM,0.10
10622,10/10/2024 1:50:01 PM,0.07
10622,10/10/2024 1:51:31 PM,0.10
10622,10/10/2024 1:52:31 PM,0.14
10622,10/10/2024 1:53:01 PM,0.17
10622,10/10/2024 1:53:31 PM,0.04
10622,10/10/2024 1:54:01 PM,0.10
10622,10/10/2024 1:55:31 PM,0.14
10622,10/10/2024 1:56:01 PM,0.10
10622,10/10/2024 1:56:31 PM,0.07
10622,10/10/2024 1:57:01 PM,0.10
10622,10/10/2024 1:57:31 PM,0.07
10622,10/10/2024 1:58:01 PM,0.10
10622,10/10/2024 2:00:01 PM,0.14
10622,10/10/2024 2:00:31 PM,0.17
10622,10/10/2024 2:01:01 PM,0.07
10622,10/10/2024 2:02:31 PM,0.10
10622,10/10/2024 2:03:01 PM,0.14
10622,10/10/2024 2:03:31 PM,0.07
10622,10/10/2024 2:04:01 PM,0.14
10622,10/10/2024 2:04:31 PM,0.10
10622,10/10/2024 2:06:01 PM,0.04
10622,10/10/2024 2:06:31 PM,0.14
10622,10/10/2024 2:07:01 PM,0.10
10622,10/10/2024 2:08:31 PM,0.14
10622,10/10/2024 2:09:01 PM,0.10
10622,10/10/2024 2:10:01 PM,0.07
10622,10/10/2024 2:11:01 PM,0.10
10622,10/10/2024 2:11:31 PM,0.07
10622,10/10/2024 2:12:01 PM,0.04
10622,10/10/2024 2:15:01 PM,0.10
10622,10/10/2024 2:15:31 PM,0.04
10622,10/10/2024 2:16:01 PM,0.07
10622,10/10/2024 2:17:31 PM,0.04
10622,10/10/2024 2:19:01 PM,0.10
10622,10/10/2024 2:20:01 PM,0.07
10622,10/10/2024 2:20:31 PM,0.10
10622,10/10/2024 2:21:01 PM,0.04
10622,10/10/2024 2:21:31 PM,0.07
10622,10/10/2024 2:22:01 PM,0.04
10622,10/10/2024 2:23:31 PM,0.10
10622,10/10/2024 2:24:01 PM,0.04
10622,10/10/2024 2:24:31 PM,0.10
10622,10/10/2024 2:25:01 PM,0.07
10622,10/10/2024 2:25:31 PM,0.04
10622,10/10/2024 2:26:31 PM,0.07
10622,10/10/2024 2:27:01 PM,0.04
10622,10/10/2024 2:29:01 PM,0.10
10622,10/10/2024 2:29:31 PM,0.04
10622,10/10/2024 2:35:01 PM,0.01
10622,10/10/2024 2:35:31 PM,0.04
10622,10/10/2024 2:36:01 PM,0.07
10622,10/10/2024 2:36:31 PM,0.01
10622,10/10/2024 2:37:01 PM,0.04
10622,10/10/2024 2:38:01 PM,0.01
10622,10/10/2024 2:38:31 PM,-0.11
10622,10/10/2024 2:39:01 PM,-0.02
10622,10/10/2024 2:39:31 PM,0.01
10622,10/10/2024 2:41:01 PM,0.04
10622,10/10/2024 2:42:01 PM,0.01
10622,10/10/2024 2:42:31 PM,0.04
10622,10/10/2024 2:43:01 PM,0.07
10622,10/10/2024 2:43:31 PM,0.04
10622,10/10/2024 2:44:01 PM,0.07
10622,10/10/2024 2:44:31 PM,0.04
10622,10/10/2024 2:46:01 PM,-0.02
10622,10/10/2024 2:47:01 PM,0.04
10622,10/10/2024 2:47:31 PM,-0.02
10622,10/10/2024 2:48:31 PM,0.04
10622,10/10/2024 2:50:31 PM,0.01
10622,10/10/2024 2:51:01 PM,-0.02
10622,10/10/2024 2:51:31 PM,0.04
10622,10/10/2024 2:52:01 PM,-0.05
10622,10/10/2024 2:52:31 PM,0.01
10622,10/10/2024 2:53:01 PM,-0.05
10622,10/10/2024 2:53:31 PM,0.07
10622,10/10/2024 2:54:01 PM,0.04
10622,10/10/2024 2:54:31 PM,-0.02
10622,10/10/2024 2:55:01 PM,0.01
10622,10/10/2024 2:55:31 PM,-0.11
10622,10/10/2024 2:56:01 PM,-0.08
10622,10/10/2024 2:56:31 PM,-0.02
10622,10/10/2024 2:57:01 PM,0.01
10622,10/10/2024 2:57:31 PM,-0.05
10622,10/10/2024 2:58:01 PM,-0.02
10622,10/10/2024 2:58:31 PM,0.01
10622,10/10/2024 3:00:01 PM,-0.02
10622,10/10/2024 3:01:01 PM,0.01
10622,10/10/2024 3:01:31 PM,0.04
10622,10/10/2024 3:02:01 PM,-0.02
10622,10/10/2024 3:03:31 PM,-0.05
10622,10/10/2024 3:04:01 PM,0.04
10622,10/10/2024 3:04:31 PM,0.01
10622,10/10/2024 3:05:01 PM,0.04
10622,10/10/2024 3:05:31 PM,0.01
10622,10/10/2024 3:07:01 PM,0.04
10622,10/10/2024 3:08:31 PM,0.01
10622,10/10/2024 3:09:31 PM,0.07
10622,10/10/2024 3:10:01 PM,0.04
10622,10/10/2024 3:10:31 PM,0.07
10622,10/10/2024 3:11:01 PM,0.04
10622,10/10/2024 3:12:01 PM,-0.08
10622,10/10/2024 3:12:31 PM,0.01
10622,10/10/2024 3:13:01 PM,-0.05
10622,10/10/2024 3:13:31 PM,0.04
10622,10/10/2024 3:14:31 PM,0.10
10622,10/10/2024 3:15:01 PM,0.26
10622,10/10/2024 3:15:31 PM,0.53
10622,10/10/2024 3:16:01 PM,-1.73
10622,10/10/2024 3:16:31 PM,-0.26
10622,10/10/2024 3:17:01 PM,-0.08
10622,10/10/2024 3:17:31 PM,-0.05
10622,10/10/2024 3:18:01 PM,0.01
10622,10/10/2024 3:18:31 PM,0.29
10622,10/10/2024 3:19:01 PM,0.01
10622,10/10/2024 3:19:31 PM,0.38
10622,10/10/2024 3:20:01 PM,-0.26
10622,10/10/2024 3:20:31 PM,0.04
10622,10/10/2024 3:21:01 PM,-0.02
10622,10/10/2024 3:21:31 PM,0.20
10622,10/10/2024 3:22:01 PM,-0.17
10622,10/10/2024 3:22:31 PM,0.07
10622,10/10/2024 3:23:01 PM,0.20
10622,10/10/2024 3:23:31 PM,0.07
10622,10/10/2024 3:24:01 PM,0.01
10622,10/10/2024 3:24:31 PM,0.04
10622,10/10/2024 3:25:01 PM,0.07
10622,10/10/2024 3:25:31 PM,0.17
10622,10/10/2024 3:26:01 PM,0.20
10622,10/10/2024 3:26:31 PM,0.17
10622,10/10/2024 3:27:31 PM,-0.08
10622,10/10/2024 3:28:01 PM,0.04
10622,10/10/2024 3:28:31 PM,0.17
10622,10/10/2024 3:29:01 PM,0.20
10622,10/10/2024 3:29:31 PM,0.04
10622,10/10/2024 3:30:01 PM,0.20
10622,10/10/2024 3:30:31 PM,-0.08
10622,10/10/2024 3:31:01 PM,0.14
10622,10/10/2024 3:31:31 PM,0.07
10622,10/10/2024 3:32:01 PM,-0.02
10622,10/10/2024 3:32:31 PM,-0.08
10622,10/10/2024 3:33:01 PM,-0.29
10622,10/10/2024 3:33:31 PM,-0.32
10622,10/10/2024 3:34:01 PM,-0.20
10622,10/10/2024 3:34:31 PM,-0.60
10622,10/10/2024 3:35:01 PM,-0.51
10622,10/10/2024 3:35:31 PM,-0.69
10622,10/10/2024 3:36:01 PM,-0.75
10622,10/10/2024 3:36:31 PM,-0.51
10622,10/10/2024 3:37:01 PM,-0.54
10622,10/10/2024 3:37:31 PM,-0.42
10622,10/10/2024 3:38:01 PM,-0.29
10622,10/10/2024 3:38:31 PM,-0.60
10622,10/10/2024 3:39:01 PM,-0.54
10622,10/10/2024 3:39:31 PM,-0.51
10622,10/10/2024 3:40:01 PM,-0.29
10622,10/10/2024 3:41:31 PM,-0.57
10622,10/10/2024 3:42:01 PM,-0.60
10622,10/10/2024 3:43:01 PM,-0.78
10622,10/10/2024 3:43:31 PM,-0.51
10622,10/10/2024 3:44:01 PM,-0.48
10622,10/10/2024 3:44:31 PM,-0.63
10622,10/10/2024 3:45:01 PM,-0.84
10622,10/10/2024 3:45:31 PM,-0.72
10622,10/10/2024 3:46:31 PM,-0.60
10622,10/10/2024 3:47:01 PM,-0.54
10622,10/10/2024 3:48:01 PM,-0.72
10622,10/10/2024 3:48:31 PM,-0.81
10622,10/10/2024 3:49:01 PM,-0.60
10622,10/10/2024 3:49:31 PM,-0.45
10622,10/10/2024 3:50:01 PM,-0.35
10622,10/10/2024 3:50:31 PM,-0.38
10622,10/10/2024 3:51:01 PM,-0.32
10622,10/10/2024 3:51:31 PM,-0.29
10622,10/10/2024 3:52:01 PM,-0.32
10622,10/10/2024 3:52:31 PM,-0.51
10622,10/10/2024 3:53:01 PM,-0.60
10622,10/10/2024 3:53:31 PM,-0.51
10622,10/10/2024 3:54:01 PM,-0.60
10622,10/10/2024 3:54:31 PM,-0.57
10622,10/10/2024 3:55:31 PM,-0.17
10622,10/10/2024 3:56:31 PM,-0.42
10622,10/10/2024 3:57:01 PM,-0.23
10622,10/10/2024 3:57:31 PM,0.01
10622,10/10/2024 3:58:01 PM,-0.08
10622,10/10/2024 3:58:31 PM,0.26
10622,10/10/2024 3:59:01 PM,0.14
10622,10/10/2024 3:59:31 PM,0.17
10622,10/10/2024 4:00:01 PM,-0.05
10622,10/10/2024 4:00:31 PM,0.23
10622,10/10/2024 4:01:01 PM,0.17
10622,10/10/2024 4:01:31 PM,0.32
10622,10/10/2024 4:02:01 PM,0.29
10622,10/10/2024 4:02:31 PM,0.14
10622,10/10/2024 4:03:31 PM,0.10
10622,10/10/2024 4:04:01 PM,0.41
10622,10/10/2024 4:04:31 PM,0.38
10622,10/10/2024 4:05:01 PM,0.07
10622,10/10/2024 4:06:01 PM,0.14
10622,10/10/2024 4:06:31 PM,0.38
10622,10/10/2024 4:07:01 PM,0.26
10622,10/10/2024 4:07:31 PM,-0.05
10622,10/10/2024 4:08:31 PM,-0.17
10622,10/10/2024 4:09:01 PM,-0.14
10622,10/10/2024 4:09:31 PM,-0.23
10622,10/10/2024 4:10:01 PM,-0.48
10622,10/10/2024 4:10:31 PM,-0.29
10622,10/10/2024 4:11:31 PM,-0.45
10622,10/10/2024 4:12:31 PM,-0.38
10622,10/10/2024 4:13:01 PM,-0.51
10622,10/10/2024 4:13:31 PM,-0.38
10622,10/10/2024 4:14:01 PM,-0.63
10622,10/10/2024 4:14:31 PM,-0.51
10622,10/10/2024 4:15:01 PM,-0.38
10622,10/10/2024 4:15:31 PM,-0.45
10622,10/10/2024 4:16:01 PM,-0.42
10622,10/10/2024 4:16:31 PM,-0.60
10622,10/10/2024 4:17:01 PM,-0.38
10622,10/10/2024 4:17:31 PM,-0.29
10622,10/10/2024 4:18:01 PM,-0.20
10622,10/10/2024 4:18:31 PM,-0.08
10622,10/10/2024 4:19:31 PM,-0.02
10622,10/10/2024 4:20:01 PM,-0.05
10622,10/10/2024 4:20:31 PM,-0.08
10622,10/10/2024 4:21:01 PM,-0.05
10622,10/10/2024 4:21:31 PM,-0.08
10622,10/10/2024 4:22:01 PM,-0.29
10622,10/10/2024 4:22:31 PM,-0.20
10622,10/10/2024 4:23:01 PM,-0.60
10622,10/10/2024 4:23:31 PM,-0.54
10622,10/10/2024 4:24:01 PM,-0.20
10622,10/10/2024 4:24:31 PM,-0.29
10622,10/10/2024 4:25:01 PM,-0.32
10622,10/10/2024 4:25:31 PM,-0.45
10622,10/10/2024 4:26:31 PM,-0.35
10622,10/10/2024 4:27:01 PM,-0.23
10622,10/10/2024 4:27:31 PM,-0.20
10622,10/10/2024 4:28:01 PM,-0.23
10622,10/10/2024 4:28:31 PM,-0.29
10622,10/10/2024 4:29:01 PM,-0.32
10622,10/10/2024 4:29:31 PM,-0.35
10622,10/10/2024 4:30:01 PM,-0.26
10622,10/10/2024 4:30:31 PM,-0.11
10622,10/10/2024 4:31:01 PM,0.04
10622,10/10/2024 4:31:31 PM,-0.14
10622,10/10/2024 4:32:01 PM,-0.17
10622,10/10/2024 4:32:31 PM,-0.23
10622,10/10/2024 4:33:01 PM,-0.11
10622,10/10/2024 4:33:31 PM,-0.08
10622,10/10/2024 4:34:01 PM,-0.29
10622,10/10/2024 4:34:31 PM,-0.35
10622,10/10/2024 4:35:01 PM,-0.29
10622,10/10/2024 4:35:31 PM,-0.54
10622,10/10/2024 4:36:01 PM,-0.38
10622,10/10/2024 4:36:31 PM,-0.14
10622,10/10/2024 4:37:01 PM,-0.17
10622,10/10/2024 4:37:31 PM,-0.29
10622,10/10/2024 4:38:01 PM,-0.14
10622,10/10/2024 4:38:31 PM,0.23
10622,10/10/2024 4:39:01 PM,-0.08
10622,10/10/2024 4:39:31 PM,0.01
10622,10/10/2024 4:40:01 PM,-0.05
10622,10/10/2024 4:40:31 PM,-0.35
10622,10/10/2024 4:41:01 PM,-0.38
10622,10/10/2024 4:41:31 PM,-0.35
10622,10/10/2024 4:42:01 PM,-0.08
10622,10/10/2024 4:43:01 PM,-0.11
10622,10/10/2024 4:43:31 PM,0.17
10622,10/10/2024 4:44:01 PM,0.10
10622,10/10/2024 4:45:01 PM,-0.05
10622,10/10/2024 4:45:31 PM,0.26
10622,10/10/2024 4:46:01 PM,0.04
10622,10/10/2024 4:46:31 PM,0.44
10622,10/10/2024 4:47:01 PM,0.26
10622,10/10/2024 4:47:31 PM,0.10
10622,10/10/2024 4:48:01 PM,0.26
10622,10/10/2024 4:48:31 PM,0.29
10622,10/10/2024 4:49:01 PM,0.10
10622,10/10/2024 4:49:31 PM,0.38
10622,10/10/2024 4:50:01 PM,0.14
10622,10/10/2024 4:50:31 PM,0.10
10622,10/10/2024 4:51:01 PM,0.17
10622,10/10/2024 4:51:31 PM,-0.08
10622,10/10/2024 4:52:01 PM,0.04
10622,10/10/2024 4:52:31 PM,0.14
10622,10/10/2024 4:53:01 PM,0.10
10622,10/10/2024 4:54:01 PM,0.17
10622,10/10/2024 4:55:01 PM,0.26
10622,10/10/2024 4:55:31 PM,0.17
10622,10/10/2024 4:56:01 PM,0.26
10622,10/10/2024 4:57:01 PM,0.38
10622,10/10/2024 4:57:31 PM,0.50
10622,10/10/2024 4:58:01 PM,0.44
10622,10/10/2024 4:58:31 PM,0.41
10622,10/10/2024 4:59:01 PM,0.44
10622,10/10/2024 5:00:01 PM,0.41
10622,10/10/2024 5:00:31 PM,0.35
10622,10/10/2024 5:01:01 PM,0.41
10622,10/10/2024 5:01:31 PM,0.32
10622,10/10/2024 5:02:01 PM,0.29
10622,10/10/2024 5:03:01 PM,0.26
10622,10/10/2024 5:03:31 PM,0.35
10622,10/10/2024 5:04:31 PM,0.41
10622,10/10/2024 5:05:01 PM,0.35
10622,10/10/2024 5:05:31 PM,0.50
10622,10/10/2024 5:06:01 PM,0.35
10622,10/10/2024 5:06:31 PM,0.20
10622,10/10/2024 5:07:31 PM,0.44
10622,10/10/2024 5:08:01 PM,-0.20
10622,10/10/2024 5:08:31 PM,-0.11
10622,10/10/2024 5:09:01 PM,0.10
10622,10/10/2024 5:09:31 PM,0.59
10622,10/10/2024 5:10:01 PM,0.07
10622,10/10/2024 5:10:31 PM,-0.08
10622,10/10/2024 5:11:01 PM,-0.05
10622,10/10/2024 5:11:31 PM,0.04
10622,10/10/2024 5:12:01 PM,-0.08
10622,10/10/2024 5:12:31 PM,-0.11
10622,10/10/2024 5:13:01 PM,-0.08
10622,10/10/2024 5:13:31 PM,-0.11
10622,10/10/2024 5:14:01 PM,-0.17
10622,10/10/2024 5:14:31 PM,-0.29
10622,10/10/2024 5:15:01 PM,-0.14
10622,10/10/2024 5:15:31 PM,-0.26
10622,10/10/2024 5:16:01 PM,-0.02
10622,10/10/2024 5:16:31 PM,0.01
10622,10/10/2024 5:17:31 PM,-0.08
10622,10/10/2024 5:18:31 PM,0.01
10622,10/10/2024 5:19:01 PM,0.07
10622,10/10/2024 5:19:31 PM,0.04
10622,10/10/2024 5:20:01 PM,0.10
10622,10/10/2024 5:20:31 PM,0.14
10622,10/10/2024 5:21:01 PM,-0.08
10622,10/10/2024 5:21:31 PM,0.04
10622,10/10/2024 5:22:31 PM,-0.11
10622,10/10/2024 5:23:01 PM,-0.17
10622,10/10/2024 5:23:31 PM,-0.08
10622,10/10/2024 5:24:01 PM,-0.11
10622,10/10/2024 5:25:01 PM,-0.14
10622,10/10/2024 5:25:31 PM,-0.02
10622,10/10/2024 5:26:01 PM,0.01
10622,10/10/2024 5:26:31 PM,0.14
10622,10/10/2024 5:27:01 PM,0.04
10622,10/10/2024 5:27:31 PM,0.07
10622,10/10/2024 5:28:31 PM,0.04
10622,10/10/2024 5:29:01 PM,0.10
10622,10/10/2024 5:29:31 PM,0.04
10622,10/10/2024 5:30:01 PM,-0.08
10622,10/10/2024 5:30:31 PM,-0.05
10622,10/10/2024 5:31:01 PM,-0.23
10622,10/10/2024 5:32:01 PM,-0.26
10622,10/10/2024 5:32:31 PM,-0.23
10622,10/10/2024 5:33:01 PM,-0.14
10622,10/10/2024 5:33:31 PM,-0.08
10622,10/10/2024 5:34:01 PM,-0.11
10622,10/10/2024 5:34:31 PM,-0.14
10622,10/10/2024 5:35:01 PM,-0.05
10622,10/10/2024 5:35:31 PM,-0.08
10622,10/10/2024 5:36:01 PM,-0.05
10622,10/10/2024 5:36:31 PM,-0.14
10622,10/10/2024 5:37:01 PM,-0.08
10622,10/10/2024 5:38:01 PM,-0.35
10622,10/10/2024 5:38:31 PM,-0.20
10622,10/10/2024 5:39:01 PM,-0.17
10622,10/10/2024 5:39:31 PM,-0.23
10622,10/10/2024 5:40:01 PM,-0.20
10622,10/10/2024 5:40:31 PM,-0.23
10622,10/10/2024 5:41:01 PM,-0.11
10622,10/10/2024 5:41:31 PM,-0.08
10622,10/10/2024 5:42:01 PM,-0.05
10622,10/10/2024 5:42:31 PM,-0.17
10622,10/10/2024 5:43:01 PM,-0.20
10622,10/10/2024 5:43:31 PM,-0.35
10622,10/10/2024 5:44:01 PM,-0.29
10622,10/10/2024 5:44:31 PM,-0.38
10622,10/10/2024 5:45:01 PM,-0.32
10622,10/10/2024 5:45:31 PM,-0.17
10622,10/10/2024 5:46:31 PM,-0.20
10622,10/10/2024 5:47:01 PM,-0.26
10622,10/10/2024 5:48:31 PM,-0.29
10622,10/10/2024 5:49:01 PM,-0.42
10622,10/10/2024 5:50:01 PM,-0.45
10622,10/10/2024 5:50:31 PM,-0.20
10622,10/10/2024 5:51:01 PM,-0.23
10622,10/10/2024 5:51:31 PM,-0.20
10622,10/10/2024 5:52:31 PM,-0.26
10622,10/10/2024 5:53:31 PM,-0.48
10622,10/10/2024 5:54:01 PM,-0.17
10622,10/10/2024 5:54:31 PM,-0.14
10622,10/10/2024 5:55:01 PM,-0.17
10622,10/10/2024 5:56:01 PM,-0.14
10622,10/10/2024 5:56:31 PM,-0.17
10622,10/10/2024 5:57:31 PM,-0.11
10622,10/10/2024 5:58:01 PM,0.07
10622,10/10/2024 5:58:31 PM,0.04
10622,10/10/2024 5:59:01 PM,-0.08
10622,10/10/2024 5:59:31 PM,-0.05
10622,10/10/2024 6:00:01 PM,-0.17
10622,10/10/2024 6:00:31 PM,-0.20
10622,10/10/2024 6:01:01 PM,-0.26
10622,10/10/2024 6:01:31 PM,-0.23
10622,10/10/2024 6:02:01 PM,-0.20
10622,10/10/2024 6:02:31 PM,-0.38
10622,10/10/2024 6:03:01 PM,-0.35
10622,10/10/2024 6:03:31 PM,-0.42
10622,10/10/2024 6:04:01 PM,-0.51
10622,10/10/2024 6:04:31 PM,-0.60
10622,10/10/2024 6:05:01 PM,-0.51
10622,10/10/2024 6:05:31 PM,-0.48
10622,10/10/2024 6:06:01 PM,-0.26
10622,10/10/2024 6:06:31 PM,-0.20
10622,10/10/2024 6:07:01 PM,-0.26
10622,10/10/2024 6:07:31 PM,-0.20
10622,10/10/2024 6:08:01 PM,-0.11
10622,10/10/2024 6:08:31 PM,-0.05
10622,10/10/2024 6:09:01 PM,0.10
10622,10/10/2024 6:09:31 PM,0.20
10622,10/10/2024 6:10:01 PM,0.17
10622,10/10/2024 6:10:31 PM,-0.20
10622,10/10/2024 6:11:01 PM,-0.26
10622,10/10/2024 6:11:31 PM,-0.11
10622,10/10/2024 6:12:01 PM,-0.02
10622,10/10/2024 6:12:31 PM,-0.14
10622,10/10/2024 6:13:01 PM,-0.26
10622,10/10/2024 6:13:31 PM,-0.08
10622,10/10/2024 6:14:31 PM,-0.51
10622,10/10/2024 6:15:01 PM,-0.20
10622,10/10/2024 6:16:01 PM,-0.23
10622,10/10/2024 6:16:31 PM,-0.29
10622,10/10/2024 6:17:31 PM,-0.48
10622,10/10/2024 6:18:01 PM,-0.35
10622,10/10/2024 6:18:31 PM,-0.32
10622,10/10/2024 6:19:01 PM,-0.20
10622,10/10/2024 6:19:31 PM,-0.17
10622,10/10/2024 6:20:01 PM,-0.23
10622,10/10/2024 6:20:31 PM,-0.32
10622,10/10/2024 6:21:01 PM,-0.26
10622,10/10/2024 6:21:31 PM,-0.42
10622,10/10/2024 6:22:01 PM,-0.51
10622,10/10/2024 6:22:31 PM,-0.29
10622,10/10/2024 6:23:01 PM,-0.20
10622,10/10/2024 6:24:01 PM,-0.17
10622,10/10/2024 6:24:31 PM,-0.23
10622,10/10/2024 6:25:01 PM,-0.20
10622,10/10/2024 6:25:31 PM,-0.29
10622,10/10/2024 6:26:01 PM,-0.23
10622,10/10/2024 6:26:31 PM,-0.17
10622,10/10/2024 6:27:31 PM,-0.29
10622,10/10/2024 6:28:01 PM,-0.45
10622,10/10/2024 6:28:31 PM,-0.29
10622,10/10/2024 6:29:01 PM,-0.23
10622,10/10/2024 6:29:31 PM,-0.48
10622,10/10/2024 6:30:31 PM,-0.35
10622,10/10/2024 6:31:01 PM,-0.29
10622,10/10/2024 6:31:31 PM,-0.38
10622,10/10/2024 6:32:01 PM,-0.26
10622,10/10/2024 6:32:31 PM,-0.29
10622,10/10/2024 6:33:01 PM,-0.08
10622,10/10/2024 6:34:01 PM,-0.05
10622,10/10/2024 6:34:31 PM,-0.08
10622,10/10/2024 6:35:31 PM,-0.17
10622,10/10/2024 6:36:01 PM,-0.29
10622,10/10/2024 6:37:01 PM,-0.23
10622,10/10/2024 6:37:31 PM,-0.29
10622,10/10/2024 6:38:01 PM,-0.26
10622,10/10/2024 6:39:01 PM,-0.17
10622,10/10/2024 6:39:31 PM,-0.02
10622,10/10/2024 6:40:01 PM,-0.14
10622,10/10/2024 6:40:31 PM,-0.26
10622,10/10/2024 6:41:01 PM,-0.20
10622,10/10/2024 6:41:31 PM,-0.17
10622,10/10/2024 6:42:01 PM,0.01
10622,10/10/2024 6:42:31 PM,-0.14
10622,10/10/2024 6:43:01 PM,-0.17
10622,10/10/2024 6:43:31 PM,-0.08
10622,10/10/2024 6:44:31 PM,-0.17
10622,10/10/2024 6:45:01 PM,-0.11
10622,10/10/2024 6:45:31 PM,0.04
10622,10/10/2024 6:46:01 PM,-0.14
10622,10/10/2024 6:47:01 PM,0.04
10622,10/10/2024 6:47:31 PM,-0.17
10622,10/10/2024 6:48:01 PM,-0.11
10622,10/10/2024 6:48:31 PM,-0.08
10622,10/10/2024 6:49:01 PM,-0.05
10622,10/10/2024 6:49:31 PM,0.04
10622,10/10/2024 6:50:31 PM,0.01
10622,10/10/2024 6:51:01 PM,0.10
10622,10/10/2024 6:51:31 PM,0.04
10622,10/10/2024 6:52:01 PM,-0.08
10622,10/10/2024 6:52:31 PM,0.04
10622,10/10/2024 6:53:01 PM,0.14
10622,10/10/2024 6:53:31 PM,0.17
10622,10/10/2024 6:54:01 PM,-0.08
10622,10/10/2024 6:55:31 PM,-0.02
10622,10/10/2024 6:56:31 PM,-0.20
10622,10/10/2024 6:58:31 PM,-0.29
10622,10/10/2024 6:59:01 PM,-0.48
10622,10/10/2024 6:59:31 PM,-0.38
10622,10/10/2024 7:00:01 PM,-0.26
10622,10/10/2024 7:01:01 PM,-0.45
10622,10/10/2024 7:01:31 PM,-0.51
10622,10/10/2024 7:02:01 PM,-0.60
10622,10/10/2024 7:02:31 PM,-0.51
10622,10/10/2024 7:03:01 PM,-0.38
10622,10/10/2024 7:03:31 PM,-0.42
10622,10/10/2024 7:04:01 PM,-0.60
10622,10/10/2024 7:04:31 PM,-0.66
10622,10/10/2024 7:05:01 PM,-0.72
10622,10/10/2024 7:05:31 PM,-0.57
10622,10/10/2024 7:06:01 PM,-0.60
10622,10/10/2024 7:06:31 PM,-0.63
10622,10/10/2024 7:07:01 PM,-0.51
10622,10/10/2024 7:08:01 PM,-0.54
10622,10/10/2024 7:08:31 PM,-0.51
10622,10/10/2024 7:09:01 PM,-0.54
10622,10/10/2024 7:09:31 PM,-0.51
10622,10/10/2024 7:10:31 PM,-0.54
10622,10/10/2024 7:11:01 PM,-0.60
10622,10/10/2024 7:11:31 PM,-0.45
10622,10/10/2024 7:12:01 PM,-0.38
10622,10/10/2024 7:12:31 PM,-0.29
10622,10/10/2024 7:13:01 PM,-0.35
10622,10/10/2024 7:13:31 PM,-0.26
10622,10/10/2024 7:14:01 PM,-0.23
10622,10/10/2024 7:14:31 PM,-0.29
10622,10/10/2024 7:15:31 PM,-0.17
10622,10/10/2024 7:16:01 PM,-0.26
10622,10/10/2024 7:16:31 PM,-0.20
10622,10/10/2024 7:17:01 PM,-0.23
10622,10/10/2024 7:17:31 PM,-0.26
10622,10/10/2024 7:18:01 PM,-0.14
10622,10/10/2024 7:18:31 PM,-0.17
10622,10/10/2024 7:19:01 PM,-0.20
10622,10/10/2024 7:19:31 PM,-0.26
10622,10/10/2024 7:20:01 PM,-0.23
10622,10/10/2024 7:20:31 PM,-0.32
10622,10/10/2024 7:21:01 PM,-0.26
10622,10/10/2024 7:21:31 PM,-0.23
10622,10/10/2024 7:22:01 PM,-0.17
10622,10/10/2024 7:22:31 PM,-0.23
10622,10/10/2024 7:23:01 PM,-0.20
10622,10/10/2024 7:23:31 PM,-0.26
10622,10/10/2024 7:24:01 PM,-0.29
10622,10/10/2024 7:24:31 PM,-0.26
10622,10/10/2024 7:25:01 PM,-0.20
10622,10/10/2024 7:25:31 PM,-0.29
10622,10/10/2024 7:26:01 PM,-0.23
10622,10/10/2024 7:26:31 PM,-0.17
10622,10/10/2024 7:28:01 PM,-0.11
10622,10/10/2024 7:29:01 PM,-0.08
10622,10/10/2024 7:29:31 PM,-0.05
10622,10/10/2024 7:30:01 PM,-0.17
10622,10/10/2024 7:31:01 PM,-0.14
10622,10/10/2024 7:31:31 PM,-0.08
10622,10/10/2024 7:32:01 PM,-0.14
10622,10/10/2024 7:32:31 PM,-0.26
10622,10/10/2024 7:33:01 PM,-0.29
10622,10/10/2024 7:33:31 PM,-0.17
10622,10/10/2024 7:34:01 PM,-0.20
10622,10/10/2024 7:34:31 PM,-0.14
10622,10/10/2024 7:35:31 PM,-0.17
10622,10/10/2024 7:36:31 PM,-0.08
10622,10/10/2024 7:37:01 PM,-0.17
10622,10/10/2024 7:37:31 PM,-0.23
10622,10/10/2024 7:38:01 PM,-0.26
10622,10/10/2024 7:38:31 PM,-0.23
10622,10/10/2024 7:39:01 PM,-0.20
10622,10/10/2024 7:39:31 PM,-0.17
10622,10/10/2024 7:40:31 PM,-0.23
10622,10/10/2024 7:41:01 PM,-0.20
10622,10/10/2024 7:41:31 PM,-0.23
10622,10/10/2024 7:42:01 PM,-0.17
10622,10/10/2024 7:43:01 PM,-0.20
10622,10/10/2024 7:43:31 PM,-0.23
10622,10/10/2024 7:44:31 PM,-0.20
10622,10/10/2024 7:45:31 PM,-0.17
10622,10/10/2024 7:46:01 PM,-0.29
10622,10/10/2024 7:46:31 PM,-0.23
10622,10/10/2024 7:47:01 PM,-0.29
10622,10/10/2024 7:47:31 PM,-0.26
10622,10/10/2024 7:48:01 PM,-0.29
10622,10/10/2024 7:48:31 PM,-0.38
10622,10/10/2024 7:50:01 PM,-0.42
10622,10/10/2024 7:50:31 PM,-0.38
10622,10/10/2024 7:51:01 PM,-0.35
10622,10/10/2024 7:51:31 PM,-0.38
10622,10/10/2024 7:52:01 PM,-0.32
10622,10/10/2024 7:52:31 PM,-0.29
10622,10/10/2024 7:54:01 PM,-0.32
10622,10/10/2024 7:54:31 PM,-0.35
10622,10/10/2024 7:55:01 PM,-0.38
10622,10/10/2024 7:55:31 PM,-0.29
10622,10/10/2024 7:56:01 PM,-0.20
10622,10/10/2024 7:57:01 PM,-0.26
10622,10/10/2024 7:57:31 PM,-0.35
10622,10/10/2024 7:58:01 PM,-0.29
10622,10/10/2024 7:58:31 PM,-0.17
10622,10/10/2024 7:59:31 PM,-0.20
10622,10/10/2024 8:00:01 PM,-0.29
10622,10/10/2024 8:00:31 PM,-0.17
10622,10/10/2024 8:01:01 PM,-0.26
10622,10/10/2024 8:01:31 PM,-0.35
10622,10/10/2024 8:02:31 PM,-0.38
10622,10/10/2024 8:03:31 PM,-0.29
10622,10/10/2024 8:04:01 PM,-0.26
10622,10/10/2024 8:04:31 PM,-0.23
10622,10/10/2024 8:05:01 PM,-0.17
10622,10/10/2024 8:06:01 PM,-0.14
10622,10/10/2024 8:06:31 PM,-0.17
10622,10/10/2024 8:07:01 PM,-0.14
10622,10/10/2024 8:08:01 PM,-0.08
10622,10/10/2024 8:08:31 PM,-0.17
10622,10/10/2024 8:09:01 PM,-0.20
10622,10/10/2024 8:10:01 PM,-0.17
10622,10/10/2024 8:10:31 PM,-0.11
10622,10/10/2024 8:11:01 PM,0.07
10622,10/10/2024 8:11:31 PM,0.10
10622,10/10/2024 8:12:01 PM,0.14
10622,10/10/2024 8:12:31 PM,0.20
10622,10/10/2024 8:13:01 PM,0.10
10622,10/10/2024 8:13:31 PM,0.20
10622,10/10/2024 8:14:01 PM,0.10
10622,10/10/2024 8:15:01 PM,0.01
10622,10/10/2024 8:15:31 PM,-0.20
10622,10/10/2024 8:16:01 PM,-0.32
10622,10/10/2024 8:16:31 PM,-0.20
10622,10/10/2024 8:17:01 PM,-0.08
10622,10/10/2024 8:17:31 PM,-0.17
10622,10/10/2024 8:18:01 PM,-0.23
10622,10/10/2024 8:18:31 PM,-0.17
10622,10/10/2024 8:19:01 PM,-0.23
10622,10/10/2024 8:19:31 PM,-0.14
10622,10/10/2024 8:20:01 PM,-0.26
10622,10/10/2024 8:20:31 PM,-0.29
10622,10/10/2024 8:21:01 PM,-0.23
10622,10/10/2024 8:21:31 PM,-0.35
10622,10/10/2024 8:22:01 PM,-0.51
10622,10/10/2024 8:22:31 PM,-0.54
10622,10/10/2024 8:23:01 PM,-0.45
10622,10/10/2024 8:23:31 PM,-0.57
10622,10/10/2024 8:24:01 PM,-0.51
10622,10/10/2024 8:25:01 PM,-0.45
10622,10/10/2024 8:25:31 PM,-0.42
10622,10/10/2024 8:26:01 PM,-0.48
10622,10/10/2024 8:26:31 PM,-0.32
10622,10/10/2024 8:27:01 PM,-0.20
10622,10/10/2024 8:27:31 PM,-0.11
10622,10/10/2024 8:29:01 PM,-0.14
10622,10/10/2024 8:29:31 PM,-0.11
10622,10/10/2024 8:30:01 PM,-0.08
10622,10/10/2024 8:31:01 PM,-0.17
10622,10/10/2024 8:31:31 PM,-0.23
10622,10/10/2024 8:32:01 PM,-0.11
10622,10/10/2024 8:32:31 PM,-0.17
10622,10/10/2024 8:33:01 PM,-0.11
10622,10/10/2024 8:33:31 PM,-0.17
10622,10/10/2024 8:34:01 PM,-0.08
10622,10/10/2024 8:34:31 PM,-0.14
10622,10/10/2024 8:35:01 PM,-0.23
10622,10/10/2024 8:35:31 PM,-0.26
10622,10/10/2024 8:36:01 PM,-0.29
10622,10/10/2024 8:36:31 PM,-0.32
10622,10/10/2024 8:37:01 PM,-0.38
10622,10/10/2024 8:37:31 PM,-0.32
10622,10/10/2024 8:38:01 PM,-0.38
10622,10/10/2024 8:38:31 PM,-0.32
10622,10/10/2024 8:39:01 PM,-0.26
10622,10/10/2024 8:39:31 PM,-0.32
10622,10/10/2024 8:40:01 PM,-0.38
10622,10/10/2024 8:41:01 PM,-0.42
10622,10/10/2024 8:42:01 PM,-0.48
10622,10/10/2024 8:42:31 PM,-0.42
10622,10/10/2024 8:43:31 PM,-0.26
10622,10/10/2024 8:44:01 PM,-0.23
10622,10/10/2024 8:44:31 PM,-0.38
10622,10/10/2024 8:45:01 PM,-0.32
10622,10/10/2024 8:45:31 PM,-0.26
10622,10/10/2024 8:46:01 PM,-0.23
10622,10/10/2024 8:46:31 PM,-0.17
10622,10/10/2024 8:47:31 PM,-0.38
10622,10/10/2024 8:48:01 PM,-0.08
10622,10/10/2024 8:49:01 PM,-0.29
10622,10/10/2024 8:50:01 PM,-0.17
10622,10/10/2024 8:50:31 PM,-0.08
10622,10/10/2024 8:51:01 PM,-0.14
10622,10/10/2024 8:51:31 PM,-0.08
10622,10/10/2024 8:52:01 PM,-0.17
10622,10/10/2024 8:53:01 PM,0.01
10622,10/10/2024 8:53:31 PM,-0.08
10622,10/10/2024 8:54:01 PM,-0.11
10622,10/10/2024 8:54:31 PM,-0.08
10622,10/10/2024 8:55:01 PM,-0.11
10622,10/10/2024 8:55:31 PM,-0.14
10622,10/10/2024 8:56:01 PM,-0.17
10622,10/10/2024 8:57:31 PM,0.01
10622,10/10/2024 8:58:01 PM,-0.17
10622,10/10/2024 8:59:01 PM,-0.14
10622,10/10/2024 8:59:31 PM,-0.17
10622,10/10/2024 9:00:01 PM,0.14
10622,10/10/2024 9:00:31 PM,0.04
10622,10/10/2024 9:01:01 PM,-0.08
10622,10/10/2024 9:01:31 PM,-0.29
10622,10/10/2024 9:02:01 PM,-0.23
10622,10/10/2024 9:02:31 PM,-0.14
10622,10/10/2024 9:03:01 PM,-0.08
10622,10/10/2024 9:04:01 PM,-0.02
10622,10/10/2024 9:04:31 PM,0.04
10622,10/10/2024 9:05:01 PM,0.01
10622,10/10/2024 9:06:01 PM,-0.08
10622,10/10/2024 9:06:31 PM,-0.20
10622,10/10/2024 9:07:01 PM,-0.29
10622,10/10/2024 9:08:01 PM,-0.35
10622,10/10/2024 9:08:31 PM,-0.29
10622,10/10/2024 9:09:31 PM,-0.23
10622,10/10/2024 9:10:01 PM,-0.17
10622,10/10/2024 9:10:31 PM,-0.23
10622,10/10/2024 9:11:01 PM,-0.20
10622,10/10/2024 9:11:31 PM,-0.26
10622,10/10/2024 9:12:01 PM,-0.17
10622,10/10/2024 9:12:31 PM,-0.20
10622,10/10/2024 9:13:31 PM,-0.29
10622,10/10/2024 9:14:01 PM,-0.38
10622,10/10/2024 9:14:31 PM,-0.29
10622,10/10/2024 9:15:01 PM,-0.35
10622,10/10/2024 9:15:31 PM,-0.54
10622,10/10/2024 9:16:01 PM,-0.66
10622,10/10/2024 9:16:31 PM,-0.60
10622,10/10/2024 9:17:01 PM,-0.51
10622,10/10/2024 9:17:31 PM,-0.45
10622,10/10/2024 9:18:01 PM,-0.32
10622,10/10/2024 9:18:31 PM,-0.23
10622,10/10/2024 9:19:01 PM,-0.26
10622,10/10/2024 9:19:31 PM,-0.38
10622,10/10/2024 9:20:01 PM,-0.45
10622,10/10/2024 9:20:31 PM,-0.35
10622,10/10/2024 9:21:01 PM,-0.32
10622,10/10/2024 9:21:31 PM,-0.38
10622,10/10/2024 9:22:01 PM,-0.51
10622,10/10/2024 9:23:31 PM,-0.38
10622,10/10/2024 9:27:31 PM,-0.35
10622,10/10/2024 9:28:01 PM,-0.29
10622,10/10/2024 9:29:01 PM,-0.38
10622,10/10/2024 9:29:31 PM,-0.32
10622,10/10/2024 9:30:01 PM,-0.26
10622,10/10/2024 9:31:01 PM,-0.23
10622,10/10/2024 9:31:31 PM,-0.38
10622,10/10/2024 9:32:01 PM,-0.42
10622,10/10/2024 9:32:31 PM,-0.38
10622,10/10/2024 9:33:01 PM,-0.32
10622,10/10/2024 9:33:31 PM,-0.29
10622,10/10/2024 9:34:01 PM,-0.38
10622,10/10/2024 9:34:31 PM,-0.29
10622,10/10/2024 9:35:01 PM,-0.35
10622,10/10/2024 9:35:31 PM,-0.29
10622,10/10/2024 9:37:01 PM,-0.23
10622,10/10/2024 9:37:31 PM,-0.14
10622,10/10/2024 9:38:01 PM,-0.20
10622,10/10/2024 9:38:31 PM,-0.29
10622,10/10/2024 9:39:01 PM,-0.17
10622,10/10/2024 9:39:31 PM,-0.11
10622,10/10/2024 9:40:01 PM,-0.08
10622,10/10/2024 9:40:31 PM,-0.11
10622,10/10/2024 9:41:01 PM,-0.14
10622,10/10/2024 9:41:31 PM,-0.23
10622,10/10/2024 9:42:01 PM,-0.54
10622,10/10/2024 9:42:31 PM,-0.51
10622,10/10/2024 9:43:01 PM,-0.42
10622,10/10/2024 9:43:31 PM,-0.45
10622,10/10/2024 9:44:31 PM,-0.60
10622,10/10/2024 9:45:01 PM,-0.54
10622,10/10/2024 9:47:01 PM,-0.51
10622,10/10/2024 9:48:01 PM,-0.42
10622,10/10/2024 9:49:01 PM,-0.51
10622,10/10/2024 9:50:31 PM,-0.29
10622,10/10/2024 9:51:01 PM,-0.45
10622,10/10/2024 9:51:31 PM,-0.23
10622,10/10/2024 9:52:01 PM,-0.32
10622,10/10/2024 9:52:31 PM,-0.38
10622,10/10/2024 9:53:01 PM,-0.32
10622,10/10/2024 9:53:31 PM,-0.29
10622,10/10/2024 9:55:31 PM,-0.26
10622,10/10/2024 9:56:01 PM,-0.32
10622,10/10/2024 9:56:31 PM,-0.23
10622,10/10/2024 9:57:01 PM,-0.20
10622,10/10/2024 9:58:01 PM,-0.29
10622,10/10/2024 9:58:31 PM,-0.38
10622,10/10/2024 9:59:01 PM,-0.42
10622,10/10/2024 9:59:31 PM,-0.17
10622,10/10/2024 10:00:31 PM,-0.60
10622,10/10/2024 10:01:01 PM,-0.72
10622,10/10/2024 10:01:31 PM,-0.63
10622,10/10/2024 10:02:01 PM,-0.54
10622,10/10/2024 10:02:31 PM,-0.51
10622,10/10/2024 10:03:01 PM,-0.38
10622,10/10/2024 10:04:01 PM,-0.51
10622,10/10/2024 10:05:01 PM,-0.57
10622,10/10/2024 10:05:31 PM,-0.72
10622,10/10/2024 10:06:01 PM,-0.78
10622,10/10/2024 10:06:31 PM,-0.48
10622,10/10/2024 10:07:01 PM,-0.45
10622,10/10/2024 10:07:31 PM,-0.35
10622,10/10/2024 10:08:01 PM,-0.38
10622,10/10/2024 10:09:01 PM,-0.51
10622,10/10/2024 10:09:31 PM,-0.48
10622,10/10/2024 10:10:01 PM,-0.51
10622,10/10/2024 10:10:31 PM,-0.42
10622,10/10/2024 10:11:01 PM,-0.38
10622,10/10/2024 10:11:31 PM,-0.14
10622,10/10/2024 10:12:01 PM,0.10
10622,10/10/2024 10:12:31 PM,0.32
10622,10/10/2024 10:13:01 PM,0.26
10622,10/10/2024 10:13:31 PM,0.17
10622,10/10/2024 10:14:01 PM,-0.05
10622,10/10/2024 10:14:31 PM,-0.02
10622,10/10/2024 10:15:01 PM,-0.17
10622,10/10/2024 10:15:31 PM,-0.35
10622,10/10/2024 10:17:31 PM,-0.32
10622,10/10/2024 10:18:01 PM,-0.51
10622,10/10/2024 10:18:31 PM,-0.38
10622,10/10/2024 10:19:01 PM,-0.48
10622,10/10/2024 10:19:31 PM,-0.42
10622,10/10/2024 10:20:01 PM,-0.29
10622,10/10/2024 10:20:31 PM,-0.35
10622,10/10/2024 10:21:01 PM,-0.51
10622,10/10/2024 10:21:31 PM,-0.42
10622,10/10/2024 10:22:01 PM,-0.29
10622,10/10/2024 10:22:31 PM,-0.38
10622,10/10/2024 10:23:01 PM,-0.42
10622,10/10/2024 10:23:31 PM,-0.29
10622,10/10/2024 10:24:01 PM,-0.14
10622,10/10/2024 10:24:31 PM,-0.26
10622,10/10/2024 10:25:01 PM,-0.42
10622,10/10/2024 10:25:31 PM,-0.38
10622,10/10/2024 10:26:31 PM,-0.29
10622,10/10/2024 10:27:01 PM,-0.26
10622,10/10/2024 10:27:31 PM,-0.17
10622,10/10/2024 10:28:31 PM,-0.32
10622,10/10/2024 10:29:01 PM,-0.38
10622,10/10/2024 10:29:31 PM,-0.57
10622,10/10/2024 10:30:31 PM,-0.38
10622,10/10/2024 10:31:01 PM,-0.51
10622,10/10/2024 10:32:01 PM,-0.60
10622,10/10/2024 10:32:31 PM,-0.66
10622,10/10/2024 10:33:01 PM,-0.72
10622,10/10/2024 10:33:31 PM,-0.69
10622,10/10/2024 10:34:01 PM,-0.48
10622,10/10/2024 10:34:31 PM,0.10
10622,10/10/2024 10:35:01 PM,0.53
10622,10/10/2024 10:35:31 PM,0.23
10622,10/10/2024 10:36:01 PM,0.10
10622,10/10/2024 10:36:31 PM,-0.11
10622,10/10/2024 10:37:01 PM,-0.17
10622,10/10/2024 10:37:31 PM,-0.23
10622,10/10/2024 10:38:01 PM,0.10
10622,10/10/2024 10:38:31 PM,0.38
10622,10/10/2024 10:39:01 PM,0.50
10622,10/10/2024 10:39:31 PM,0.47
10622,10/10/2024 10:40:01 PM,0.53
10622,10/10/2024 10:40:31 PM,0.41
10622,10/10/2024 10:41:01 PM,0.29
10622,10/10/2024 10:42:01 PM,0.04
10622,10/10/2024 10:42:31 PM,0.17
10622,10/10/2024 10:43:01 PM,0.10
10622,10/10/2024 10:43:31 PM,0.23
10622,10/10/2024 10:44:01 PM,0.35
10622,10/10/2024 10:44:31 PM,0.26
10622,10/10/2024 10:45:01 PM,0.17
10622,10/10/2024 10:46:01 PM,0.04
10622,10/10/2024 10:46:31 PM,-0.17
10622,10/10/2024 10:47:31 PM,-0.08
10622,10/10/2024 10:48:01 PM,0.01
10622,10/10/2024 10:49:01 PM,-0.17
10622,10/10/2024 10:49:31 PM,-0.11
10622,10/10/2024 10:50:01 PM,-0.17
10622,10/10/2024 10:50:31 PM,-0.11
10622,10/10/2024 10:51:01 PM,-0.08
10622,10/10/2024 10:51:31 PM,-0.17
10622,10/10/2024 10:53:01 PM,-0.14
10622,10/10/2024 10:54:31 PM,-0.29
10622,10/10/2024 10:55:01 PM,-0.38
10622,10/10/2024 10:56:31 PM,-0.29
10622,10/10/2024 10:57:01 PM,-0.26
10622,10/10/2024 10:57:31 PM,-0.17
10622,10/10/2024 10:58:01 PM,-0.11
10622,10/10/2024 10:58:31 PM,-0.14
10622,10/10/2024 10:59:01 PM,-0.17
10622,10/10/2024 10:59:31 PM,-0.26
10622,10/10/2024 11:00:01 PM,-0.23
10622,10/10/2024 11:00:31 PM,-0.26
10622,10/10/2024 11:02:01 PM,-0.17
10622,10/10/2024 11:02:31 PM,-0.23
10622,10/10/2024 11:03:01 PM,-0.14
10622,10/10/2024 11:04:01 PM,-0.17
10622,10/10/2024 11:04:31 PM,-0.32
10622,10/10/2024 11:05:01 PM,-0.35
10622,10/10/2024 11:05:31 PM,-0.51
10622,10/10/2024 11:06:01 PM,-0.42
10622,10/10/2024 11:06:31 PM,-0.17
10622,10/10/2024 11:07:01 PM,-0.20
10622,10/10/2024 11:07:31 PM,-0.29
10622,10/10/2024 11:08:01 PM,-0.54
10622,10/10/2024 11:08:31 PM,-0.20
10622,10/10/2024 11:09:01 PM,-0.14
10622,10/10/2024 11:09:31 PM,0.17
10622,10/10/2024 11:10:01 PM,0.01
10622,10/10/2024 11:10:31 PM,-0.29
10622,10/10/2024 11:11:01 PM,-0.35
10622,10/10/2024 11:11:31 PM,-0.29
10622,10/10/2024 11:12:01 PM,-0.54
10622,10/10/2024 11:13:01 PM,-1.36
10622,10/10/2024 11:13:31 PM,-1.48
10622,10/10/2024 11:14:01 PM,-1.70
10622,10/10/2024 11:14:31 PM,-1.64
10622,10/10/2024 11:15:01 PM,-0.60
10622,10/10/2024 11:15:31 PM,0.99
10622,10/10/2024 11:16:01 PM,2.12
10622,10/10/2024 11:16:31 PM,1.94
10622,10/10/2024 11:17:01 PM,1.78
10622,10/10/2024 11:17:31 PM,0.50
10622,10/10/2024 11:18:01 PM,-0.38
10622,10/10/2024 11:18:31 PM,0.53
10622,10/10/2024 11:19:01 PM,1.45
10622,10/10/2024 11:19:31 PM,1.17
10622,10/10/2024 11:20:01 PM,-0.75
10622,10/10/2024 11:20:31 PM,-1.33
10622,10/10/2024 11:21:01 PM,-0.38
10622,10/10/2024 11:21:31 PM,0.17
10622,10/10/2024 11:22:01 PM,-0.45
10622,10/10/2024 11:22:31 PM,-0.51
10622,10/10/2024 11:23:01 PM,-0.11
10622,10/10/2024 11:23:31 PM,0.04
10622,10/10/2024 11:24:01 PM,-0.14
10622,10/10/2024 11:24:31 PM,0.04
10622,10/10/2024 11:25:01 PM,0.50
10622,10/10/2024 11:25:31 PM,0.68
10622,10/10/2024 11:26:01 PM,0.38
10622,10/10/2024 11:27:01 PM,0.17
10622,10/10/2024 11:27:31 PM,-0.11
10622,10/10/2024 11:28:01 PM,-0.60
10622,10/10/2024 11:28:31 PM,-0.66
10622,10/10/2024 11:29:01 PM,-0.78
10622,10/10/2024 11:29:31 PM,-0.14
10622,10/10/2024 11:30:01 PM,0.38
10622,10/10/2024 11:30:31 PM,0.14
10622,10/10/2024 11:31:01 PM,0.04
10622,10/10/2024 11:31:31 PM,0.53
10622,10/10/2024 11:32:01 PM,0.04
10622,10/10/2024 11:32:31 PM,-0.51
10622,10/10/2024 11:33:01 PM,-0.72
10622,10/10/2024 11:33:31 PM,-0.32
10622,10/10/2024 11:34:01 PM,-0.05
10622,10/10/2024 11:34:31 PM,-0.26
10622,10/10/2024 11:35:01 PM,-0.29
10622,10/10/2024 11:35:31 PM,-0.08
10622,10/10/2024 11:36:01 PM,-0.05
10622,10/10/2024 11:36:31 PM,0.26
10622,10/10/2024 11:37:01 PM,0.81
10622,10/10/2024 11:37:31 PM,0.96
10622,10/10/2024 11:38:01 PM,1.02
10622,10/10/2024 11:38:31 PM,1.14
10622,10/10/2024 11:39:01 PM,0.81
10622,10/10/2024 11:39:31 PM,0.62
10622,10/10/2024 11:40:01 PM,0.47
10622,10/10/2024 11:40:31 PM,-0.08
10622,10/10/2024 11:41:01 PM,-0.48
10622,10/10/2024 11:41:31 PM,-0.75
10622,10/10/2024 11:42:01 PM,-0.66
10622,10/10/2024 11:42:31 PM,-0.45
10622,10/10/2024 11:43:01 PM,-0.17
10622,10/10/2024 11:44:01 PM,-0.11
10622,10/10/2024 11:44:31 PM,-0.35
10622,10/10/2024 11:45:01 PM,-0.38
10622,10/10/2024 11:46:01 PM,-0.57
10622,10/10/2024 11:46:31 PM,-0.51
10622,10/10/2024 11:47:01 PM,-0.23
10622,10/10/2024 11:47:31 PM,-0.08
10622,10/10/2024 11:48:01 PM,0.01
10622,10/10/2024 11:48:31 PM,-0.23
10622,10/10/2024 11:49:01 PM,-0.51
10622,10/10/2024 11:49:31 PM,-1.21
10622,10/10/2024 11:50:01 PM,-1.06
10622,10/10/2024 11:50:31 PM,-0.81
10622,10/10/2024 11:51:01 PM,-1.12
10622,10/10/2024 11:51:31 PM,-0.84
10622,10/10/2024 11:52:01 PM,-0.17
10622,10/10/2024 11:52:31 PM,-0.38
10622,10/10/2024 11:53:01 PM,0.14
10622,10/10/2024 11:53:31 PM,-0.05
10622,10/10/2024 11:54:01 PM,-0.23
10622,10/10/2024 11:54:31 PM,-0.35
10622,10/10/2024 11:55:01 PM,-0.32
10622,10/10/2024 11:55:31 PM,-0.29
10622,10/10/2024 11:56:01 PM,-0.69
10622,10/10/2024 11:56:31 PM,-0.32
10622,10/10/2024 11:57:01 PM,-0.45
10622,10/10/2024 11:57:31 PM,-0.78
10622,10/10/2024 11:58:01 PM,-0.81
10622,10/10/2024 11:58:31 PM,-0.66
10622,10/10/2024 11:59:01 PM,-0.32
10622,10/10/2024 11:59:31 PM,-0.38
10622,10/11/2024 12:00:01 AM,-0.57
10622,10/11/2024 12:00:31 AM,-0.66
10622,10/11/2024 12:01:01 AM,-0.32
10622,10/11/2024 12:01:31 AM,-0.29
10622,10/11/2024 12:02:01 AM,-0.51
10622,10/11/2024 12:03:01 AM,-0.69
10622,10/11/2024 12:04:01 AM,-0.48
10622,10/11/2024 12:04:31 AM,-0.45
10622,10/11/2024 12:05:31 AM,-0.42
10622,10/11/2024 12:06:01 AM,-0.38
10622,10/11/2024 12:06:31 AM,-0.35
10622,10/11/2024 12:07:01 AM,-0.29
10622,10/11/2024 12:07:31 AM,-0.23
10622,10/11/2024 12:08:01 AM,-0.32
10622,10/11/2024 12:09:01 AM,-0.26
10622,10/11/2024 12:10:01 AM,-0.29
10622,10/11/2024 12:10:31 AM,-0.35
10622,10/11/2024 12:11:01 AM,-0.38
10622,10/11/2024 12:12:31 AM,-0.51
10622,10/11/2024 12:13:01 AM,-0.45
10622,10/11/2024 12:13:31 AM,-0.42
10622,10/11/2024 12:14:01 AM,-0.29
10622,10/11/2024 12:14:31 AM,-0.26
10622,10/11/2024 12:15:01 AM,-0.20
10622,10/11/2024 12:16:01 AM,-0.17
10622,10/11/2024 12:18:01 AM,-0.14
10622,10/11/2024 12:18:31 AM,-0.17
10622,10/11/2024 12:19:01 AM,-0.14
10622,10/11/2024 12:19:31 AM,-0.17
10622,10/11/2024 12:20:01 AM,-0.20
10622,10/11/2024 12:20:31 AM,-0.17
10622,10/11/2024 12:21:01 AM,-0.20
10622,10/11/2024 12:22:01 AM,-0.14
10622,10/11/2024 12:22:31 AM,-0.11
10622,10/11/2024 12:23:01 AM,-0.08
10622,10/11/2024 12:24:01 AM,-0.11
10622,10/11/2024 12:24:31 AM,-0.14
10622,10/11/2024 12:25:01 AM,-0.08
10622,10/11/2024 12:26:01 AM,-0.05
10622,10/11/2024 12:26:31 AM,0.01
10622,10/11/2024 12:27:01 AM,-0.05
10622,10/11/2024 12:27:31 AM,-0.08
10622,10/11/2024 12:28:31 AM,-0.02
10622,10/11/2024 12:30:01 AM,0.01
10622,10/11/2024 12:30:31 AM,-0.08
10622,10/11/2024 12:31:01 AM,-0.05
10622,10/11/2024 12:31:31 AM,-0.08
10622,10/11/2024 12:32:01 AM,0.04
10622,10/11/2024 12:33:31 AM,0.01
10622,10/11/2024 12:34:31 AM,0.07
10622,10/11/2024 12:35:01 AM,0.20
10622,10/11/2024 12:35:31 AM,0.07
10622,10/11/2024 12:36:01 AM,0.04
10622,10/11/2024 12:37:01 AM,0.10
10622,10/11/2024 12:37:31 AM,0.17
10622,10/11/2024 12:38:01 AM,0.07
10622,10/11/2024 12:38:31 AM,0.04
10622,10/11/2024 12:39:01 AM,0.14
10622,10/11/2024 12:39:31 AM,0.07
10622,10/11/2024 12:40:01 AM,0.04
10622,10/11/2024 12:40:31 AM,0.23
10622,10/11/2024 12:41:01 AM,-0.14
10622,10/11/2024 12:42:01 AM,-0.29
10622,10/11/2024 12:42:31 AM,-0.42
10622,10/11/2024 12:43:01 AM,-0.38
10622,10/11/2024 12:43:31 AM,-0.29
10622,10/11/2024 12:44:31 AM,-0.08
10622,10/11/2024 12:45:01 AM,0.17
10622,10/11/2024 12:45:31 AM,0.20
10622,10/11/2024 12:46:01 AM,0.26
10622,10/11/2024 12:46:31 AM,0.38
10622,10/11/2024 12:47:01 AM,0.41
10622,10/11/2024 12:47:31 AM,0.35
10622,10/11/2024 12:48:01 AM,0.26
10622,10/11/2024 12:48:31 AM,0.07
10622,10/11/2024 12:49:01 AM,-0.08
10622,10/11/2024 12:49:31 AM,-0.20
10622,10/11/2024 12:50:01 AM,-0.29
10622,10/11/2024 12:50:31 AM,-0.38
10622,10/11/2024 12:51:31 AM,-0.35
10622,10/11/2024 12:52:01 AM,-0.26
10622,10/11/2024 12:52:31 AM,-0.23
10622,10/11/2024 12:53:01 AM,-0.29
10622,10/11/2024 12:53:31 AM,-0.32
10622,10/11/2024 12:54:01 AM,-0.48
10622,10/11/2024 12:54:31 AM,-0.42
10622,10/11/2024 12:55:01 AM,-0.38
10622,10/11/2024 12:55:31 AM,-0.08
10622,10/11/2024 12:56:01 AM,-0.02
10622,10/11/2024 12:56:31 AM,0.04
10622,10/11/2024 12:57:01 AM,0.26
10622,10/11/2024 12:57:31 AM,0.23
10622,10/11/2024 12:58:01 AM,0.17
10622,10/11/2024 12:58:31 AM,0.26
10622,10/11/2024 12:59:01 AM,0.38
10622,10/11/2024 12:59:31 AM,0.26
10622,10/11/2024 1:00:01 AM,0.17
10622,10/11/2024 1:00:31 AM,0.07
10622,10/11/2024 1:01:01 AM,0.04
10622,10/11/2024 1:02:01 AM,-0.08
10622,10/11/2024 1:02:31 AM,-0.02
10622,10/11/2024 1:03:01 AM,0.20
10622,10/11/2024 1:03:31 AM,0.17
10622,10/11/2024 1:04:31 AM,0.14
10622,10/11/2024 1:05:01 AM,-0.08
10622,10/11/2024 1:05:31 AM,-0.11
10622,10/11/2024 1:06:01 AM,-0.17
10622,10/11/2024 1:06:31 AM,-0.08
10622,10/11/2024 1:07:01 AM,-0.02
10622,10/11/2024 1:07:31 AM,0.07
10622,10/11/2024 1:08:01 AM,0.10
10622,10/11/2024 1:08:31 AM,0.14
10622,10/11/2024 1:09:01 AM,0.04
10622,10/11/2024 1:09:31 AM,-0.08
10622,10/11/2024 1:10:01 AM,-0.14
10622,10/11/2024 1:10:31 AM,-0.08
10622,10/11/2024 1:11:01 AM,-0.11
10622,10/11/2024 1:11:31 AM,-0.23
10622,10/11/2024 1:12:31 AM,-0.17
10622,10/11/2024 1:13:01 AM,-0.08
10622,10/11/2024 1:14:01 AM,-0.02
10622,10/11/2024 1:14:31 AM,0.01
10622,10/11/2024 1:15:01 AM,0.04
10622,10/11/2024 1:15:31 AM,0.10
10622,10/11/2024 1:16:01 AM,0.01
10622,10/11/2024 1:17:01 AM,-0.02
10622,10/11/2024 1:18:01 AM,0.01
10622,10/11/2024 1:18:31 AM,0.04
10622,10/11/2024 1:19:31 AM,0.01
10622,10/11/2024 1:20:01 AM,0.04
10622,10/11/2024 1:20:31 AM,-0.05
10622,10/11/2024 1:21:31 AM,-0.08
10622,10/11/2024 1:22:01 AM,-0.14
10622,10/11/2024 1:22:31 AM,-0.11
10622,10/11/2024 1:23:01 AM,-0.14
10622,10/11/2024 1:23:31 AM,-0.08
10622,10/11/2024 1:24:01 AM,-0.11
10622,10/11/2024 1:25:01 AM,-0.08
10622,10/11/2024 1:28:01 AM,-0.11
10622,10/11/2024 1:28:31 AM,-0.05
10622,10/11/2024 1:29:31 AM,-0.02
10622,10/11/2024 1:30:01 AM,-0.08
10622,10/11/2024 1:31:31 AM,-0.11
10622,10/11/2024 1:32:01 AM,-0.05
10622,10/11/2024 1:32:31 AM,-0.08
10622,10/11/2024 1:34:01 AM,-0.14
10622,10/11/2024 1:34:31 AM,-0.11
10622,10/11/2024 1:35:01 AM,-0.14
10622,10/11/2024 1:35:31 AM,-0.17
10622,10/11/2024 1:36:01 AM,-0.20
10622,10/11/2024 1:36:31 AM,-0.14
10622,10/11/2024 1:37:01 AM,-0.05
10622,10/11/2024 1:37:31 AM,0.04
10622,10/11/2024 1:38:01 AM,0.01
10622,10/11/2024 1:38:31 AM,0.04
10622,10/11/2024 1:39:01 AM,0.01
10622,10/11/2024 1:39:31 AM,-0.02
10622,10/11/2024 1:40:01 AM,-0.08
10622,10/11/2024 1:40:31 AM,-0.05
10622,10/11/2024 1:41:01 AM,0.01
10622,10/11/2024 1:41:31 AM,0.04
10622,10/11/2024 1:42:01 AM,0.07
10622,10/11/2024 1:42:31 AM,0.14
10622,10/11/2024 1:43:01 AM,0.20
10622,10/11/2024 1:44:31 AM,0.10
10622,10/11/2024 1:45:01 AM,0.20
10622,10/11/2024 1:45:31 AM,0.17
10622,10/11/2024 1:47:31 AM,0.26
10622,10/11/2024 1:48:31 AM,0.20
10622,10/11/2024 1:49:01 AM,0.04
10622,10/11/2024 1:49:31 AM,-0.08
10622,10/11/2024 1:50:01 AM,-0.05
10622,10/11/2024 1:50:31 AM,-0.08
10622,10/11/2024 1:51:01 AM,-0.14
10622,10/11/2024 1:52:01 AM,-0.35
10622,10/11/2024 1:52:31 AM,-0.38
10622,10/11/2024 1:53:01 AM,-0.48
10622,10/11/2024 1:53:31 AM,-0.29
10622,10/11/2024 1:54:01 AM,-0.11
10622,10/11/2024 1:54:31 AM,-0.38
10622,10/11/2024 1:55:31 AM,-0.32
10622,10/11/2024 1:56:01 AM,-0.29
10622,10/11/2024 1:56:31 AM,-0.17
10622,10/11/2024 1:57:01 AM,-0.14
10622,10/11/2024 1:57:31 AM,-0.08
10622,10/11/2024 1:58:01 AM,-0.02
10622,10/11/2024 1:58:31 AM,0.04
10622,10/11/2024 1:59:31 AM,0.07
10622,10/11/2024 2:00:01 AM,0.23
10622,10/11/2024 2:00:31 AM,0.20
10622,10/11/2024 2:01:31 AM,0.26
10622,10/11/2024 2:02:01 AM,0.41
10622,10/11/2024 2:02:31 AM,0.29
10622,10/11/2024 2:03:01 AM,-0.08
10622,10/11/2024 2:03:31 AM,-0.02
10622,10/11/2024 2:04:31 AM,-0.29
10622,10/11/2024 2:05:01 AM,-0.20
10622,10/11/2024 2:05:31 AM,0.04
10622,10/11/2024 2:06:01 AM,0.17
10622,10/11/2024 2:06:31 AM,0.53
10622,10/11/2024 2:07:01 AM,-0.05
10622,10/11/2024 2:07:31 AM,-0.17
10622,10/11/2024 2:08:01 AM,0.26
10622,10/11/2024 2:08:31 AM,0.35
10622,10/11/2024 2:09:01 AM,0.44
10622,10/11/2024 2:09:31 AM,0.56
10622,10/11/2024 2:10:01 AM,0.90
10622,10/11/2024 2:10:31 AM,0.56
10622,10/11/2024 2:11:01 AM,-0.08
10622,10/11/2024 2:11:31 AM,-0.60
10622,10/11/2024 2:12:01 AM,-1.18
10622,10/11/2024 2:12:31 AM,-1.27
10622,10/11/2024 2:13:01 AM,-0.96
10622,10/11/2024 2:13:31 AM,-1.00
10622,10/11/2024 2:14:01 AM,-1.03
10622,10/11/2024 2:14:31 AM,-1.12
10622,10/11/2024 2:15:01 AM,-0.84
10622,10/11/2024 2:15:31 AM,-0.38
10622,10/11/2024 2:16:01 AM,-0.08
10622,10/11/2024 2:16:31 AM,0.17
10622,10/11/2024 2:17:01 AM,0.26
10622,10/11/2024 2:17:31 AM,0.87
10622,10/11/2024 2:18:01 AM,1.20
10622,10/11/2024 2:18:31 AM,1.23
10622,10/11/2024 2:19:01 AM,1.51
10622,10/11/2024 2:19:31 AM,2.09
10622,10/11/2024 2:20:01 AM,1.39
10622,10/11/2024 2:20:31 AM,1.11
10622,10/11/2024 2:21:01 AM,1.33
10622,10/11/2024 2:21:31 AM,0.78
10622,10/11/2024 2:22:01 AM,0.47
10622,10/11/2024 2:22:31 AM,0.23
10622,10/11/2024 2:23:01 AM,-0.08
10622,10/11/2024 2:23:31 AM,0.04
10622,10/11/2024 2:24:01 AM,0.26
10622,10/11/2024 2:24:31 AM,-0.17
10622,10/11/2024 2:25:01 AM,-0.20
10622,10/11/2024 2:25:31 AM,-0.14
10622,10/11/2024 2:26:31 AM,-0.42
10622,10/11/2024 2:27:01 AM,-0.20
10622,10/11/2024 2:27:31 AM,0.17
10622,10/11/2024 2:28:01 AM,0.44
10622,10/11/2024 2:28:31 AM,0.75
10622,10/11/2024 2:29:01 AM,0.84
10622,10/11/2024 2:29:31 AM,0.90
10622,10/11/2024 2:30:01 AM,0.68
10622,10/11/2024 2:30:31 AM,0.78
10622,10/11/2024 2:31:01 AM,0.53
10622,10/11/2024 2:31:31 AM,0.38
10622,10/11/2024 2:32:01 AM,0.44
10622,10/11/2024 2:32:31 AM,0.04
10622,10/11/2024 2:34:01 AM,-0.23
10622,10/11/2024 2:34:31 AM,-0.35
10622,10/11/2024 2:35:31 AM,-0.23
10622,10/11/2024 2:36:01 AM,-0.11
10622,10/11/2024 2:36:31 AM,-0.05
10622,10/11/2024 2:37:01 AM,0.04
10622,10/11/2024 2:37:31 AM,0.07
10622,10/11/2024 2:38:01 AM,0.20
10622,10/11/2024 2:38:31 AM,0.26
10622,10/11/2024 2:39:01 AM,0.35
10622,10/11/2024 2:39:31 AM,0.29
10622,10/11/2024 2:40:01 AM,0.20
10622,10/11/2024 2:40:31 AM,0.14
10622,10/11/2024 2:41:01 AM,0.04
10622,10/11/2024 2:41:31 AM,0.07
10622,10/11/2024 2:42:01 AM,0.26
10622,10/11/2024 2:43:01 AM,0.23
10622,10/11/2024 2:43:31 AM,0.32
10622,10/11/2024 2:44:01 AM,0.10
10622,10/11/2024 2:44:31 AM,-0.02
10622,10/11/2024 2:45:01 AM,-0.08
10622,10/11/2024 2:45:31 AM,-0.05
10622,10/11/2024 2:46:01 AM,-0.02
10622,10/11/2024 2:46:31 AM,0.04
10622,10/11/2024 2:47:01 AM,0.07
10622,10/11/2024 2:47:31 AM,-0.02
10622,10/11/2024 2:48:01 AM,-0.11
10622,10/11/2024 2:48:31 AM,-0.23
10622,10/11/2024 2:49:01 AM,-0.38
10622,10/11/2024 2:49:31 AM,-0.57
10622,10/11/2024 2:50:01 AM,-0.72
10622,10/11/2024 2:50:31 AM,-0.81
10622,10/11/2024 2:51:01 AM,-0.54
10622,10/11/2024 2:51:31 AM,-0.45
10622,10/11/2024 2:52:01 AM,-0.29
10622,10/11/2024 2:52:31 AM,-0.26
10622,10/11/2024 2:53:01 AM,-0.14
10622,10/11/2024 2:54:01 AM,-0.05
10622,10/11/2024 2:55:01 AM,0.07
10622,10/11/2024 2:55:31 AM,0.14
10622,10/11/2024 2:56:01 AM,0.17
10622,10/11/2024 2:57:01 AM,0.07
10622,10/11/2024 2:57:31 AM,0.14
10622,10/11/2024 2:58:01 AM,0.10
10622,10/11/2024 2:58:31 AM,0.23
10622,10/11/2024 2:59:01 AM,0.20
10622,10/11/2024 2:59:31 AM,0.26
10622,10/11/2024 3:00:01 AM,0.38
10622,10/11/2024 3:01:31 AM,0.35
10622,10/11/2024 3:02:01 AM,0.23
10622,10/11/2024 3:02:31 AM,0.20
10622,10/11/2024 3:03:31 AM,0.17
10622,10/11/2024 3:04:01 AM,0.20
10622,10/11/2024 3:04:31 AM,0.14
10622,10/11/2024 3:05:31 AM,0.10
10622,10/11/2024 3:06:31 AM,0.04
10622,10/11/2024 3:08:01 AM,0.01
10622,10/11/2024 3:09:01 AM,0.04
10622,10/11/2024 3:11:01 AM,0.07
10622,10/11/2024 3:11:31 AM,0.04
10622,10/11/2024 3:12:01 AM,0.01
10622,10/11/2024 3:14:01 AM,0.07
10622,10/11/2024 3:14:31 AM,0.10
10622,10/11/2024 3:15:01 AM,0.17
10622,10/11/2024 3:15:31 AM,0.14
10622,10/11/2024 3:16:31 AM,0.17
10622,10/11/2024 3:18:01 AM,0.20
10622,10/11/2024 3:18:31 AM,0.17
10622,10/11/2024 3:19:31 AM,0.23
10622,10/11/2024 3:20:31 AM,0.26
10622,10/11/2024 3:21:01 AM,0.23
10622,10/11/2024 3:22:01 AM,0.14
10622,10/11/2024 3:22:31 AM,0.04
10622,10/11/2024 3:23:01 AM,0.01
10622,10/11/2024 3:23:31 AM,0.04
10622,10/11/2024 3:25:01 AM,0.10
10622,10/11/2024 3:26:01 AM,0.07
10622,10/11/2024 3:26:31 AM,0.04
10622,10/11/2024 3:27:01 AM,0.01
10622,10/11/2024 3:28:01 AM,0.04
10622,10/11/2024 3:30:01 AM,-0.05
10622,10/11/2024 3:30:31 AM,-0.17
10622,10/11/2024 3:31:01 AM,-0.14
10622,10/11/2024 3:31:31 AM,-0.11
10622,10/11/2024 3:32:01 AM,-0.08
10622,10/11/2024 3:32:31 AM,-0.05
10622,10/11/2024 3:33:01 AM,-0.02
10622,10/11/2024 3:33:31 AM,0.01
10622,10/11/2024 3:34:01 AM,0.07
10622,10/11/2024 3:34:31 AM,0.14
10622,10/11/2024 3:35:01 AM,0.17
10622,10/11/2024 3:35:31 AM,0.20
10622,10/11/2024 3:36:01 AM,0.23
10622,10/11/2024 3:36:31 AM,0.20
10622,10/11/2024 3:37:01 AM,0.23
10622,10/11/2024 3:37:31 AM,0.20
10622,10/11/2024 3:39:01 AM,0.23
10622,10/11/2024 3:39:31 AM,0.17
10622,10/11/2024 3:40:31 AM,0.20
10622,10/11/2024 3:41:01 AM,0.17
10622,10/11/2024 3:41:31 AM,0.20
10622,10/11/2024 3:42:01 AM,0.17
10622,10/11/2024 3:42:31 AM,0.23
10622,10/11/2024 3:43:01 AM,0.20
10622,10/11/2024 3:44:31 AM,0.17
10622,10/11/2024 3:45:31 AM,0.14
10622,10/11/2024 3:46:01 AM,0.10
10622,10/11/2024 3:46:31 AM,0.14
10622,10/11/2024 3:47:01 AM,0.07
10622,10/11/2024 3:47:31 AM,0.10
10622,10/11/2024 3:48:01 AM,0.07
10622,10/11/2024 3:49:01 AM,0.10
10622,10/11/2024 3:51:01 AM,0.07
10622,10/11/2024 3:53:01 AM,0.04
10622,10/11/2024 3:55:01 AM,0.07
10622,10/11/2024 3:55:31 AM,0.04
10622,10/11/2024 3:56:01 AM,0.10
10622,10/11/2024 3:56:31 AM,0.07
10622,10/11/2024 3:57:01 AM,0.04
10622,10/11/2024 3:57:31 AM,0.07
10622,10/11/2024 3:59:01 AM,0.10
10622,10/11/2024 4:01:31 AM,0.07
10622,10/11/2024 4:02:31 AM,0.10
10622,10/11/2024 4:03:01 AM,0.14
10622,10/11/2024 4:03:31 AM,0.17
10622,10/11/2024 4:05:01 AM,0.20
10622,10/11/2024 4:05:31 AM,0.17
10622,10/11/2024 4:06:01 AM,0.23
10622,10/11/2024 4:07:01 AM,0.20
10622,10/11/2024 4:08:01 AM,0.17
10622,10/11/2024 4:08:31 AM,0.20
10622,10/11/2024 4:09:01 AM,0.17
10622,10/11/2024 4:09:31 AM,0.20
10622,10/11/2024 4:10:01 AM,0.14
10622,10/11/2024 4:11:01 AM,0.17
10622,10/11/2024 4:12:01 AM,0.14
10622,10/11/2024 4:12:31 AM,0.17
10622,10/11/2024 4:13:01 AM,0.07
10622,10/11/2024 4:13:31 AM,0.10
10622,10/11/2024 4:14:01 AM,0.14
10622,10/11/2024 4:15:31 AM,0.10
10622,10/11/2024 4:17:01 AM,0.07
10622,10/11/2024 4:17:31 AM,0.10
10622,10/11/2024 4:18:01 AM,0.07
10622,10/11/2024 4:18:31 AM,0.14
10622,10/11/2024 4:19:01 AM,0.10
10622,10/11/2024 4:19:31 AM,0.07
10622,10/11/2024 4:20:01 AM,0.17
10622,10/11/2024 4:20:31 AM,0.14
10622,10/11/2024 4:21:01 AM,0.01
10622,10/11/2024 4:21:31 AM,0.14
10622,10/11/2024 4:22:01 AM,0.07
10622,10/11/2024 4:24:01 AM,0.10
10622,10/11/2024 4:24:31 AM,0.23
10622,10/11/2024 4:25:01 AM,0.26
10622,10/11/2024 4:25:31 AM,0.29
10622,10/11/2024 4:26:01 AM,0.20
10622,10/11/2024 4:26:31 AM,0.26
10622,10/11/2024 4:27:01 AM,0.23
10622,10/11/2024 4:27:31 AM,0.17
10622,10/11/2024 4:28:31 AM,0.20
10622,10/11/2024 4:29:01 AM,0.17
10622,10/11/2024 4:29:31 AM,0.10
10622,10/11/2024 4:30:31 AM,0.23
10622,10/11/2024 4:31:01 AM,0.29
10622,10/11/2024 4:31:31 AM,0.26
10622,10/11/2024 4:32:01 AM,0.17
10622,10/11/2024 4:32:31 AM,0.23
10622,10/11/2024 4:33:01 AM,0.20
10622,10/11/2024 4:33:31 AM,0.17
10622,10/11/2024 4:34:31 AM,0.20
10622,10/11/2024 4:35:01 AM,0.23
10622,10/11/2024 4:36:31 AM,0.26
10622,10/11/2024 4:37:01 AM,0.29
10622,10/11/2024 4:37:31 AM,0.38
10622,10/11/2024 4:38:01 AM,0.35
10622,10/11/2024 4:38:31 AM,0.41
10622,10/11/2024 4:39:01 AM,0.29
10622,10/11/2024 4:39:31 AM,0.35
10622,10/11/2024 4:40:01 AM,0.32
10622,10/11/2024 4:40:31 AM,0.38
10622,10/11/2024 4:41:31 AM,0.35
10622,10/11/2024 4:42:01 AM,0.38
10622,10/11/2024 4:42:31 AM,0.26
10622,10/11/2024 4:43:01 AM,0.23
10622,10/11/2024 4:43:31 AM,0.17
10622,10/11/2024 4:44:01 AM,-0.08
10622,10/11/2024 4:45:01 AM,-0.14
10622,10/11/2024 4:46:01 AM,-0.17
10622,10/11/2024 4:48:01 AM,-0.11
10622,10/11/2024 4:48:31 AM,-0.17
10622,10/11/2024 4:49:01 AM,-0.11
10622,10/11/2024 4:49:31 AM,-0.17
10622,10/11/2024 4:51:01 AM,-0.29
10622,10/11/2024 4:51:31 AM,-0.26
10622,10/11/2024 4:52:01 AM,-0.29
10622,10/11/2024 4:53:31 AM,-0.23
10622,10/11/2024 4:54:01 AM,-0.26
10622,10/11/2024 4:54:31 AM,-0.29
10622,10/11/2024 4:55:01 AM,-0.32
10622,10/11/2024 4:55:31 AM,-0.29
10622,10/11/2024 4:56:31 AM,-0.23
10622,10/11/2024 4:57:01 AM,-0.26
10622,10/11/2024 4:57:31 AM,-0.35
10622,10/11/2024 4:59:01 AM,-0.20
10622,10/11/2024 4:59:31 AM,-0.17
10622,10/11/2024 5:00:01 AM,-0.11
10622,10/11/2024 5:00:31 AM,-0.08
10622,10/11/2024 5:01:01 AM,-0.02
10622,10/11/2024 5:01:31 AM,0.01
10622,10/11/2024 5:02:31 AM,-0.08
10622,10/11/2024 5:04:01 AM,0.10
10622,10/11/2024 5:04:31 AM,0.23
10622,10/11/2024 5:05:31 AM,0.26
10622,10/11/2024 5:06:01 AM,0.20
10622,10/11/2024 5:06:31 AM,0.26
10622,10/11/2024 5:08:01 AM,0.32
10622,10/11/2024 5:09:01 AM,0.35
10622,10/11/2024 5:09:31 AM,0.38
10622,10/11/2024 5:10:31 AM,0.26
10622,10/11/2024 5:11:01 AM,0.17
10622,10/11/2024 5:12:01 AM,0.26
10622,10/11/2024 5:12:31 AM,0.29
10622,10/11/2024 5:13:01 AM,0.26
10622,10/11/2024 5:13:31 AM,0.10
10622,10/11/2024 5:14:01 AM,0.14
10622,10/11/2024 5:15:01 AM,0.10
10622,10/11/2024 5:15:31 AM,0.04
10622,10/11/2024 5:16:31 AM,0.01
10622,10/11/2024 5:17:01 AM,0.07
10622,10/11/2024 5:17:31 AM,0.10
10622,10/11/2024 5:18:01 AM,0.04
10622,10/11/2024 5:18:31 AM,0.10
10622,10/11/2024 5:20:31 AM,0.17
10622,10/11/2024 5:21:01 AM,0.20
10622,10/11/2024 5:21:31 AM,0.26
10622,10/11/2024 5:23:01 AM,0.29
10622,10/11/2024 5:23:31 AM,0.38
10622,10/11/2024 5:24:01 AM,0.41
10622,10/11/2024 5:24:31 AM,0.35
10622,10/11/2024 5:25:01 AM,0.32
10622,10/11/2024 5:25:31 AM,0.35
10622,10/11/2024 5:26:01 AM,0.41
10622,10/11/2024 5:26:31 AM,0.44
10622,10/11/2024 5:27:31 AM,0.47
10622,10/11/2024 5:28:31 AM,0.50
10622,10/11/2024 5:29:01 AM,0.53
10622,10/11/2024 5:29:31 AM,0.44
10622,10/11/2024 5:30:01 AM,0.38
10622,10/11/2024 5:31:01 AM,0.32
10622,10/11/2024 5:31:31 AM,0.29
10622,10/11/2024 5:32:01 AM,0.17
10622,10/11/2024 5:33:01 AM,0.20
10622,10/11/2024 5:33:31 AM,0.23
10622,10/11/2024 5:34:01 AM,0.26
10622,10/11/2024 5:35:01 AM,0.20
10622,10/11/2024 5:36:01 AM,0.17
10622,10/11/2024 5:37:01 AM,0.07
10622,10/11/2024 5:37:31 AM,0.14
10622,10/11/2024 5:38:01 AM,0.17
10622,10/11/2024 5:39:01 AM,0.23
10622,10/11/2024 5:39:31 AM,0.26
10622,10/11/2024 5:41:01 AM,0.32
10622,10/11/2024 5:41:31 AM,0.29
10622,10/11/2024 5:42:01 AM,0.26
10622,10/11/2024 5:42:31 AM,0.14
10622,10/11/2024 5:43:31 AM,0.23
10622,10/11/2024 5:44:01 AM,0.26
10622,10/11/2024 5:46:31 AM,0.23
10622,10/11/2024 5:47:01 AM,0.20
10622,10/11/2024 5:48:01 AM,0.17
10622,10/11/2024 5:48:31 AM,0.20
10622,10/11/2024 5:49:31 AM,0.14
10622,10/11/2024 5:51:01 AM,0.17
10622,10/11/2024 5:51:31 AM,0.14
10622,10/11/2024 5:52:01 AM,0.17
10622,10/11/2024 5:53:01 AM,0.23
10622,10/11/2024 5:53:31 AM,0.17
10622,10/11/2024 5:55:01 AM,0.14
10622,10/11/2024 5:55:31 AM,0.10
10622,10/11/2024 5:56:01 AM,0.07
10622,10/11/2024 5:56:31 AM,0.04
10622,10/11/2024 5:57:31 AM,0.07
10622,10/11/2024 5:58:31 AM,0.10
10622,10/11/2024 5:59:01 AM,0.20
10622,10/11/2024 6:00:01 AM,0.17
10622,10/11/2024 6:00:31 AM,0.20
10622,10/11/2024 6:01:01 AM,0.17
10622,10/11/2024 6:01:31 AM,0.20
10622,10/11/2024 6:02:01 AM,0.17
10622,10/11/2024 6:02:31 AM,0.20
10622,10/11/2024 6:03:01 AM,0.23
10622,10/11/2024 6:03:31 AM,0.26
10622,10/11/2024 6:04:01 AM,0.23
10622,10/11/2024 6:05:01 AM,0.26
10622,10/11/2024 6:05:31 AM,0.23
10622,10/11/2024 6:06:01 AM,0.17
10622,10/11/2024 6:07:01 AM,0.07
10622,10/11/2024 6:07:31 AM,0.04
10622,10/11/2024 6:08:31 AM,0.07
10622,10/11/2024 6:09:01 AM,-0.02
10622,10/11/2024 6:09:31 AM,0.04
10622,10/11/2024 6:10:01 AM,0.07
10622,10/11/2024 6:11:01 AM,0.04
10622,10/11/2024 6:11:31 AM,-0.05
10622,10/11/2024 6:12:01 AM,-0.11
10622,10/11/2024 6:12:31 AM,-0.05
10622,10/11/2024 6:13:31 AM,-0.02
10622,10/11/2024 6:14:01 AM,-0.05
10622,10/11/2024 6:14:31 AM,-0.02
10622,10/11/2024 6:15:31 AM,-0.08
10622,10/11/2024 6:16:31 AM,0.01
10622,10/11/2024 6:17:01 AM,0.04
10622,10/11/2024 6:17:31 AM,0.01
10622,10/11/2024 6:18:01 AM,-0.02
10622,10/11/2024 6:18:31 AM,-0.08
10622,10/11/2024 6:19:01 AM,-0.02
10622,10/11/2024 6:19:31 AM,0.01
10622,10/11/2024 6:20:01 AM,0.04
10622,10/11/2024 6:21:01 AM,0.01
10622,10/11/2024 6:21:31 AM,0.04
10622,10/11/2024 6:22:31 AM,0.01
10622,10/11/2024 6:23:01 AM,0.07
10622,10/11/2024 6:23:31 AM,0.04
10622,10/11/2024 6:24:01 AM,0.01
10622,10/11/2024 6:24:31 AM,-0.05
10622,10/11/2024 6:25:01 AM,0.04
10622,10/11/2024 6:25:31 AM,0.10
10622,10/11/2024 6:26:01 AM,0.14
10622,10/11/2024 6:26:31 AM,0.10
10622,10/11/2024 6:27:01 AM,0.04
10622,10/11/2024 6:27:31 AM,0.17
10622,10/11/2024 6:28:31 AM,0.26
10622,10/11/2024 6:31:01 AM,0.32
10622,10/11/2024 6:31:31 AM,0.26
10622,10/11/2024 6:32:31 AM,0.32
10622,10/11/2024 6:33:01 AM,0.38
10622,10/11/2024 6:33:31 AM,0.29
10622,10/11/2024 6:34:01 AM,0.32
10622,10/11/2024 6:34:31 AM,0.35
10622,10/11/2024 6:35:01 AM,0.26
10622,10/11/2024 6:36:01 AM,0.20
10622,10/11/2024 6:36:31 AM,0.23
10622,10/11/2024 6:37:31 AM,0.26
10622,10/11/2024 6:40:31 AM,0.29
10622,10/11/2024 6:41:01 AM,0.26
10622,10/11/2024 6:41:31 AM,0.29
10622,10/11/2024 6:42:01 AM,0.26
10622,10/11/2024 6:43:01 AM,0.23
10622,10/11/2024 6:43:31 AM,0.17
10622,10/11/2024 6:44:01 AM,0.14
10622,10/11/2024 6:44:31 AM,0.10
10622,10/11/2024 6:45:01 AM,0.14
10622,10/11/2024 6:48:01 AM,0.10
10622,10/11/2024 6:48:31 AM,0.07
10622,10/11/2024 6:49:01 AM,0.10
10622,10/11/2024 6:49:31 AM,0.14
10622,10/11/2024 6:50:31 AM,0.17
10622,10/11/2024 6:51:01 AM,0.14
10622,10/11/2024 6:51:31 AM,0.10
10622,10/11/2024 6:52:01 AM,0.14
10622,10/11/2024 6:53:01 AM,0.17
10622,10/11/2024 6:54:01 AM,0.20
10622,10/11/2024 6:54:31 AM,0.17
10622,10/11/2024 6:55:01 AM,0.14
10622,10/11/2024 6:56:31 AM,0.04
10622,10/11/2024 6:57:31 AM,0.01
10622,10/11/2024 7:00:01 AM,-0.02
10622,10/11/2024 7:00:31 AM,0.01
10622,10/11/2024 7:01:01 AM,0.04
10622,10/11/2024 7:02:01 AM,0.14
10622,10/11/2024 7:03:01 AM,0.17
10622,10/11/2024 7:04:01 AM,0.14
10622,10/11/2024 7:04:31 AM,0.17
10622,10/11/2024 7:05:01 AM,0.26
10622,10/11/2024 7:05:31 AM,0.23
10622,10/11/2024 7:06:01 AM,0.26
10622,10/11/2024 7:07:01 AM,0.29
10622,10/11/2024 7:07:31 AM,0.32
10622,10/11/2024 7:08:01 AM,0.35
10622,10/11/2024 7:09:01 AM,0.38
10622,10/11/2024 7:09:31 AM,0.35
10622,10/11/2024 7:10:31 AM,0.29
10622,10/11/2024 7:11:31 AM,0.32
10622,10/11/2024 7:12:01 AM,0.26
10622,10/11/2024 7:12:31 AM,0.32
10622,10/11/2024 7:13:01 AM,0.35
10622,10/11/2024 7:13:31 AM,0.32
10622,10/11/2024 7:14:31 AM,0.26
10622,10/11/2024 7:15:01 AM,0.29
10622,10/11/2024 7:15:31 AM,0.32
10622,10/11/2024 7:16:01 AM,0.26
10622,10/11/2024 7:16:31 AM,0.29
10622,10/11/2024 7:17:01 AM,0.32
10622,10/11/2024 7:17:31 AM,0.26
10622,10/11/2024 7:18:01 AM,0.23
10622,10/11/2024 7:18:31 AM,0.26
10622,10/11/2024 7:19:01 AM,0.20
10622,10/11/2024 7:19:31 AM,0.23
10622,10/11/2024 7:20:01 AM,0.26
10622,10/11/2024 7:21:31 AM,0.20
10622,10/11/2024 7:22:01 AM,0.17
10622,10/11/2024 7:23:01 AM,0.20
10622,10/11/2024 7:24:01 AM,0.17
10622,10/11/2024 7:24:31 AM,0.14
10622,10/11/2024 7:25:01 AM,0.17
10622,10/11/2024 7:26:01 AM,0.20
10622,10/11/2024 7:26:31 AM,0.04
10622,10/11/2024 7:27:01 AM,-0.08
10622,10/11/2024 7:28:01 AM,0.01
10622,10/11/2024 7:28:31 AM,0.07
10622,10/11/2024 7:29:01 AM,0.01
10622,10/11/2024 7:30:01 AM,0.14
10622,10/11/2024 7:30:31 AM,0.17
10622,10/11/2024 7:31:01 AM,0.14
10622,10/11/2024 7:31:31 AM,0.41
10622,10/11/2024 7:32:01 AM,0.38
10622,10/11/2024 7:32:31 AM,0.35
10622,10/11/2024 7:33:01 AM,0.41
10622,10/11/2024 7:33:31 AM,0.38
10622,10/11/2024 7:34:01 AM,0.41
10622,10/11/2024 7:35:01 AM,0.47
10622,10/11/2024 7:35:31 AM,0.53
10622,10/11/2024 7:36:01 AM,0.59
10622,10/11/2024 7:36:31 AM,0.68
10622,10/11/2024 7:37:01 AM,0.50
10622,10/11/2024 7:38:01 AM,0.41
10622,10/11/2024 7:38:31 AM,0.38
10622,10/11/2024 7:39:01 AM,0.47
10622,10/11/2024 7:39:31 AM,0.44
10622,10/11/2024 7:40:01 AM,0.38
10622,10/11/2024 7:40:31 AM,0.59
10622,10/11/2024 7:41:01 AM,0.38
10622,10/11/2024 7:41:31 AM,0.47
10622,10/11/2024 7:42:01 AM,0.38
10622,10/11/2024 7:42:31 AM,0.47
10622,10/11/2024 7:43:31 AM,0.56
10622,10/11/2024 7:44:01 AM,0.47
10622,10/11/2024 7:44:31 AM,0.44
10622,10/11/2024 7:45:31 AM,0.35
10622,10/11/2024 7:46:31 AM,0.32
10622,10/11/2024 7:47:01 AM,0.26
10622,10/11/2024 7:47:31 AM,0.23
10622,10/11/2024 7:48:01 AM,0.17
10622,10/11/2024 7:48:31 AM,0.04
10622,10/11/2024 7:49:01 AM,-0.05
10622,10/11/2024 7:49:31 AM,-0.08
10622,10/11/2024 7:50:01 AM,-0.11
10622,10/11/2024 7:50:31 AM,-0.17
10622,10/11/2024 7:51:01 AM,-0.05
10622,10/11/2024 7:51:31 AM,-0.02
10622,10/11/2024 7:52:01 AM,0.04
10622,10/11/2024 7:52:31 AM,0.01
10622,10/11/2024 7:53:01 AM,0.04
10622,10/11/2024 7:53:31 AM,0.17
10622,10/11/2024 7:54:01 AM,0.20
10622,10/11/2024 7:54:31 AM,0.26
10622,10/11/2024 7:55:01 AM,0.17
10622,10/11/2024 7:55:31 AM,0.23
10622,10/11/2024 7:56:01 AM,0.17
10622,10/11/2024 7:56:31 AM,0.10
10622,10/11/2024 7:57:01 AM,0.04
10622,10/11/2024 7:57:31 AM,-0.02
10622,10/11/2024 7:58:31 AM,0.07
10622,10/11/2024 7:59:01 AM,0.01
10622,10/11/2024 7:59:31 AM,0.07
10622,10/11/2024 8:00:01 AM,-0.05
10622,10/11/2024 8:00:31 AM,-0.08
10622,10/11/2024 8:01:01 AM,-0.14
10622,10/11/2024 8:01:31 AM,-0.26
10622,10/11/2024 8:02:01 AM,-0.35
10622,10/11/2024 8:02:31 AM,-0.26
10622,10/11/2024 8:03:01 AM,-0.20
10622,10/11/2024 8:03:31 AM,-0.08
10622,10/11/2024 8:04:01 AM,-0.02
10622,10/11/2024 8:04:31 AM,-0.08
10622,10/11/2024 8:05:01 AM,0.07
10622,10/11/2024 8:05:31 AM,0.04
10622,10/11/2024 8:06:01 AM,0.10
10622,10/11/2024 8:06:31 AM,0.07
10622,10/11/2024 8:07:01 AM,0.10
10622,10/11/2024 8:07:31 AM,0.14
10622,10/11/2024 8:08:01 AM,0.17
10622,10/11/2024 8:08:31 AM,0.23
10622,10/11/2024 8:09:31 AM,0.17
10622,10/11/2024 8:10:01 AM,0.10
10622,10/11/2024 8:11:01 AM,0.17
10622,10/11/2024 8:11:31 AM,0.20
10622,10/11/2024 8:12:31 AM,0.23
10622,10/11/2024 8:13:01 AM,0.17
10622,10/11/2024 8:15:01 AM,0.10
10622,10/11/2024 8:15:31 AM,0.07
10622,10/11/2024 8:16:01 AM,0.10
10622,10/11/2024 8:16:31 AM,0.14
10622,10/11/2024 8:17:01 AM,0.04
10622,10/11/2024 8:18:31 AM,0.10
10622,10/11/2024 8:19:01 AM,0.17
10622,10/11/2024 8:19:31 AM,0.14
10622,10/11/2024 8:20:01 AM,0.17
10622,10/11/2024 8:20:31 AM,0.23
10622,10/11/2024 8:21:31 AM,0.26
10622,10/11/2024 8:22:01 AM,0.23
10622,10/11/2024 8:22:31 AM,0.26
10622,10/11/2024 8:23:01 AM,0.32
10622,10/11/2024 8:23:31 AM,0.29
10622,10/11/2024 8:24:01 AM,0.32
10622,10/11/2024 8:24:31 AM,0.29
10622,10/11/2024 8:25:31 AM,0.35
10622,10/11/2024 8:26:01 AM,0.32
10622,10/11/2024 8:26:31 AM,0.38
10622,10/11/2024 8:27:01 AM,0.44
10622,10/11/2024 8:27:31 AM,0.53
10622,10/11/2024 8:28:01 AM,0.59
10622,10/11/2024 8:28:31 AM,0.53
10622,10/11/2024 8:29:01 AM,0.50
10622,10/11/2024 8:29:31 AM,0.53
10622,10/11/2024 8:30:01 AM,0.50
10622,10/11/2024 8:30:31 AM,0.59
10622,10/11/2024 8:32:01 AM,0.53
10622,10/11/2024 8:32:31 AM,0.56
10622,10/11/2024 8:34:31 AM,0.59
10622,10/11/2024 8:35:31 AM,0.50
10622,10/11/2024 8:36:01 AM,0.47
10622,10/11/2024 8:36:31 AM,0.41
10622,10/11/2024 8:37:01 AM,0.38
10622,10/11/2024 8:38:01 AM,0.35
10622,10/11/2024 8:38:31 AM,0.26
10622,10/11/2024 8:39:01 AM,0.32
10622,10/11/2024 8:39:31 AM,0.26
10622,10/11/2024 8:40:31 AM,0.32
10622,10/11/2024 8:41:01 AM,0.26
10622,10/11/2024 8:44:01 AM,0.17
10622,10/11/2024 8:46:01 AM,0.14
10622,10/11/2024 8:47:31 AM,0.17
10622,10/11/2024 8:49:01 AM,0.14
10622,10/11/2024 8:50:01 AM,0.07
10622,10/11/2024 8:50:31 AM,0.10
10622,10/11/2024 8:51:31 AM,0.07
10622,10/11/2024 8:52:01 AM,0.10
10622,10/11/2024 8:52:31 AM,0.04
10622,10/11/2024 8:53:01 AM,0.07
10622,10/11/2024 8:53:31 AM,0.04
10622,10/11/2024 8:55:01 AM,-0.02
10622,10/11/2024 8:55:31 AM,0.04
10622,10/11/2024 8:56:01 AM,-0.02
10622,10/11/2024 8:56:31 AM,-0.08
10622,10/11/2024 8:57:01 AM,-0.05
10622,10/11/2024 8:57:31 AM,-0.02
10622,10/11/2024 8:58:01 AM,0.04
10622,10/11/2024 8:58:31 AM,0.10
10622,10/11/2024 8:59:01 AM,0.14
10622,10/11/2024 9:00:01 AM,0.17
10622,10/11/2024 9:00:31 AM,0.20
10622,10/11/2024 9:01:01 AM,0.23
10622,10/11/2024 9:01:31 AM,0.26
10622,10/11/2024 9:02:01 AM,0.32
10622,10/11/2024 9:03:01 AM,0.29
10622,10/11/2024 9:04:01 AM,0.20
10622,10/11/2024 9:04:31 AM,0.17
10622,10/11/2024 9:05:31 AM,0.20
10622,10/11/2024 9:06:01 AM,0.17
10622,10/11/2024 9:06:31 AM,0.14
10622,10/11/2024 9:07:01 AM,0.17
10622,10/11/2024 9:07:31 AM,0.20
10622,10/11/2024 9:09:01 AM,0.23
10622,10/11/2024 9:09:31 AM,0.26
10622,10/11/2024 9:11:31 AM,0.20
10622,10/11/2024 9:13:01 AM,0.17
10622,10/11/2024 9:14:31 AM,0.20
10622,10/11/2024 9:15:01 AM,0.23
10622,10/11/2024 9:16:31 AM,0.26
10622,10/11/2024 9:17:31 AM,0.20
10622,10/11/2024 9:18:01 AM,0.17
10622,10/11/2024 9:18:31 AM,0.14
10622,10/11/2024 9:19:31 AM,0.17
10622,10/11/2024 9:20:01 AM,0.07
10622,10/11/2024 9:20:31 AM,0.04
10622,10/11/2024 9:21:01 AM,0.01
10622,10/11/2024 9:21:31 AM,0.10
10622,10/11/2024 9:22:01 AM,0.17
10622,10/11/2024 9:24:01 AM,0.20
10622,10/11/2024 9:25:01 AM,0.26
10622,10/11/2024 9:25:31 AM,0.23
10622,10/11/2024 9:26:01 AM,0.26
10622,10/11/2024 9:26:31 AM,0.20
10622,10/11/2024 9:27:01 AM,0.26
10622,10/11/2024 9:27:31 AM,0.17
10622,10/11/2024 9:28:01 AM,0.20
10622,10/11/2024 9:29:01 AM,0.23
10622,10/11/2024 9:29:31 AM,0.26
10622,10/11/2024 9:31:31 AM,0.20
10622,10/11/2024 9:32:01 AM,0.17
10622,10/11/2024 9:33:31 AM,0.20
10622,10/11/2024 9:35:01 AM,0.17
10622,10/11/2024 9:36:01 AM,0.20
10622,10/11/2024 9:37:01 AM,0.17
10622,10/11/2024 9:37:31 AM,0.26
10622,10/11/2024 9:38:31 AM,0.32
10622,10/11/2024 9:39:01 AM,0.29
10622,10/11/2024 9:40:31 AM,0.32
10622,10/11/2024 9:41:01 AM,0.38
10622,10/11/2024 9:42:01 AM,0.35
10622,10/11/2024 9:44:01 AM,0.41
10622,10/11/2024 9:45:01 AM,0.38
10622,10/11/2024 9:45:31 AM,0.41
10622,10/11/2024 9:46:01 AM,0.44
10622,10/11/2024 9:46:31 AM,0.47
10622,10/11/2024 9:47:01 AM,0.50
10622,10/11/2024 9:48:01 AM,0.44
10622,10/11/2024 9:48:31 AM,0.47
10622,10/11/2024 9:49:31 AM,0.44
10622,10/11/2024 9:50:01 AM,0.47
10622,10/11/2024 9:50:31 AM,0.44
10622,10/11/2024 9:51:01 AM,0.38
10622,10/11/2024 9:52:01 AM,0.29
10622,10/11/2024 9:52:31 AM,0.32
10622,10/11/2024 9:53:01 AM,0.29
10622,10/11/2024 9:53:31 AM,0.26
10622,10/11/2024 9:54:01 AM,0.29
10622,10/11/2024 9:54:31 AM,0.23
10622,10/11/2024 9:55:01 AM,0.26
10622,10/11/2024 9:55:31 AM,0.29
10622,10/11/2024 9:56:01 AM,0.26
10622,10/11/2024 9:57:01 AM,0.20
10622,10/11/2024 9:57:31 AM,0.23
10622,10/11/2024 9:58:01 AM,0.17
10622,10/11/2024 9:58:31 AM,0.26
10622,10/11/2024 9:59:01 AM,0.23
10622,10/11/2024 9:59:31 AM,0.20
10622,10/11/2024 10:00:01 AM,0.23
10622,10/11/2024 10:00:31 AM,0.20
10622,10/11/2024 10:02:01 AM,0.26
10622,10/11/2024 10:03:01 AM,0.20
10622,10/11/2024 10:04:31 AM,0.17
10622,10/11/2024 10:05:01 AM,0.14
10622,10/11/2024 10:05:31 AM,0.10
10622,10/11/2024 10:06:01 AM,0.04
10622,10/11/2024 10:06:31 AM,0.01
10622,10/11/2024 10:07:31 AM,-0.02
10622,10/11/2024 10:08:01 AM,-0.05
10622,10/11/2024 10:09:01 AM,0.01
10622,10/11/2024 10:09:31 AM,0.04
10622,10/11/2024 10:10:01 AM,0.07
10622,10/11/2024 10:10:31 AM,0.17
10622,10/11/2024 10:11:01 AM,0.14
10622,10/11/2024 10:11:31 AM,0.17
10622,10/11/2024 10:12:31 AM,0.20
10622,10/11/2024 10:13:31 AM,0.17
10622,10/11/2024 10:14:31 AM,0.20
10622,10/11/2024 10:15:01 AM,0.17
10622,10/11/2024 10:15:31 AM,0.20
10622,10/11/2024 10:16:01 AM,0.23
10622,10/11/2024 10:16:31 AM,0.17
10622,10/11/2024 10:18:01 AM,0.14
10622,10/11/2024 10:18:31 AM,0.17
10622,10/11/2024 10:19:31 AM,0.14
10622,10/11/2024 10:20:01 AM,0.10
10622,10/11/2024 10:20:31 AM,0.23
10622,10/11/2024 10:21:01 AM,0.14
10622,10/11/2024 10:21:31 AM,0.26
10622,10/11/2024 10:22:31 AM,0.20
10622,10/11/2024 10:23:01 AM,0.26
10622,10/11/2024 10:23:31 AM,0.29
10622,10/11/2024 10:24:01 AM,0.38
10622,10/11/2024 10:24:31 AM,0.35
10622,10/11/2024 10:25:01 AM,0.38
10622,10/11/2024 10:25:31 AM,0.32
10622,10/11/2024 10:26:01 AM,0.26
10622,10/11/2024 10:27:31 AM,0.23
10622,10/11/2024 10:28:01 AM,0.26
10622,10/11/2024 10:29:01 AM,0.23
10622,10/11/2024 10:29:31 AM,0.20
10622,10/11/2024 10:30:31 AM,0.23
10622,10/11/2024 10:31:01 AM,0.17
10622,10/11/2024 10:31:31 AM,0.14
10622,10/11/2024 10:32:31 AM,0.07
10622,10/11/2024 10:33:01 AM,0.14
10622,10/11/2024 10:34:31 AM,0.04
10622,10/11/2024 10:35:01 AM,0.10
10622,10/11/2024 10:35:31 AM,0.14
10622,10/11/2024 10:36:31 AM,0.17
10622,10/11/2024 10:37:31 AM,0.07
10622,10/11/2024 10:38:01 AM,0.17
10622,10/11/2024 10:38:31 AM,0.14
10622,10/11/2024 10:40:01 AM,0.20
10622,10/11/2024 10:40:31 AM,0.26
10622,10/11/2024 10:41:01 AM,0.35
10622,10/11/2024 10:42:01 AM,0.38
10622,10/11/2024 10:42:31 AM,0.35
10622,10/11/2024 10:43:01 AM,0.38
10622,10/11/2024 10:43:31 AM,0.29
10622,10/11/2024 10:44:01 AM,0.26
10622,10/11/2024 10:46:01 AM,0.38
10622,10/11/2024 10:46:31 AM,0.35
10622,10/11/2024 10:47:31 AM,0.32
10622,10/11/2024 10:48:01 AM,0.26
10622,10/11/2024 10:48:31 AM,0.17
10622,10/11/2024 10:49:31 AM,0.26
10622,10/11/2024 10:50:01 AM,0.29
10622,10/11/2024 10:50:31 AM,0.26
10622,10/11/2024 10:51:01 AM,0.35
10622,10/11/2024 10:51:31 AM,0.38
10622,10/11/2024 10:52:01 AM,0.41
10622,10/11/2024 10:52:31 AM,0.50
10622,10/11/2024 10:54:01 AM,0.47
10622,10/11/2024 10:54:31 AM,0.38
10622,10/11/2024 10:55:01 AM,0.26
10622,10/11/2024 10:56:01 AM,0.20
10622,10/11/2024 10:56:31 AM,0.26
10622,10/11/2024 10:57:01 AM,0.29
10622,10/11/2024 10:57:31 AM,0.38
10622,10/11/2024 10:58:01 AM,0.44
10622,10/11/2024 10:58:31 AM,0.41
10622,10/11/2024 10:59:31 AM,0.47
10622,10/11/2024 11:00:01 AM,0.32
10622,10/11/2024 11:00:31 AM,0.26
10622,10/11/2024 11:01:01 AM,0.29
10622,10/11/2024 11:01:31 AM,0.32
10622,10/11/2024 11:02:01 AM,0.35
10622,10/11/2024 11:02:31 AM,0.32
10622,10/11/2024 11:03:01 AM,0.35
10622,10/11/2024 11:04:01 AM,0.38
10622,10/11/2024 11:04:31 AM,0.47
10622,10/11/2024 11:05:31 AM,0.44
10622,10/11/2024 11:06:01 AM,0.47
10622,10/11/2024 11:07:01 AM,0.44
10622,10/11/2024 11:07:31 AM,0.41
10622,10/11/2024 11:08:01 AM,0.38
10622,10/11/2024 11:08:31 AM,0.41
10622,10/11/2024 11:09:01 AM,0.29
10622,10/11/2024 11:09:31 AM,0.10
10622,10/11/2024 11:10:31 AM,0.07
10622,10/11/2024 11:11:01 AM,0.14
10622,10/11/2024 11:11:31 AM,0.17
10622,10/11/2024 11:12:01 AM,0.26
10622,10/11/2024 11:12:31 AM,0.41
10622,10/11/2024 11:13:01 AM,0.38
10622,10/11/2024 11:13:31 AM,0.47
10622,10/11/2024 11:14:01 AM,0.41
10622,10/11/2024 11:15:01 AM,0.35
10622,10/11/2024 11:15:31 AM,0.26
10622,10/11/2024 11:17:31 AM,0.32
10622,10/11/2024 11:19:01 AM,0.26
10622,10/11/2024 11:20:01 AM,0.32
10622,10/11/2024 11:20:31 AM,0.35
10622,10/11/2024 11:21:31 AM,0.38
10622,10/11/2024 11:22:31 AM,0.29
10622,10/11/2024 11:23:01 AM,0.26
10622,10/11/2024 11:23:31 AM,0.17
10622,10/11/2024 11:24:01 AM,0.26
10622,10/11/2024 11:24:31 AM,0.29
10622,10/11/2024 11:25:31 AM,0.32
10622,10/11/2024 11:27:01 AM,0.29
10622,10/11/2024 11:27:31 AM,0.26
10622,10/11/2024 11:28:31 AM,0.29
10622,10/11/2024 11:29:01 AM,0.26
10622,10/11/2024 11:29:31 AM,0.38
10622,10/11/2024 11:30:01 AM,0.32
10622,10/11/2024 11:30:31 AM,0.29
10622,10/11/2024 11:31:01 AM,0.26
10622,10/11/2024 11:32:01 AM,0.35
10622,10/11/2024 11:32:31 AM,0.29
10622,10/11/2024 11:33:01 AM,0.35
10622,10/11/2024 11:33:31 AM,0.26
10622,10/11/2024 11:34:31 AM,0.23
10622,10/11/2024 11:35:01 AM,0.29
10622,10/11/2024 11:35:31 AM,0.23
10622,10/11/2024 11:36:01 AM,0.26
10622,10/11/2024 11:37:01 AM,0.29
10622,10/11/2024 11:37:31 AM,0.32
10622,10/11/2024 11:38:01 AM,0.38
10622,10/11/2024 11:38:31 AM,0.29
10622,10/11/2024 11:39:01 AM,0.38
10622,10/11/2024 11:39:31 AM,0.35
10622,10/11/2024 11:40:01 AM,0.26
10622,10/11/2024 11:41:01 AM,0.17
10622,10/11/2024 11:41:31 AM,0.23
10622,10/11/2024 11:42:01 AM,0.17
10622,10/11/2024 11:42:31 AM,0.26
10622,10/11/2024 11:43:01 AM,0.32
10622,10/11/2024 11:44:01 AM,0.38
10622,10/11/2024 11:44:31 AM,0.26
10622,10/11/2024 11:46:01 AM,0.29
10622,10/11/2024 11:46:31 AM,0.32
10622,10/11/2024 11:47:01 AM,0.26
10622,10/11/2024 11:47:31 AM,0.38
10622,10/11/2024 11:48:31 AM,0.26
10622,10/11/2024 11:49:01 AM,0.20
10622,10/11/2024 11:49:31 AM,0.23
10622,10/11/2024 11:50:31 AM,0.26
10622,10/11/2024 11:51:01 AM,0.32
10622,10/11/2024 11:51:31 AM,0.35
10622,10/11/2024 11:52:01 AM,0.32
10622,10/11/2024 11:53:01 AM,0.35
10622,10/11/2024 11:53:31 AM,0.38
10622,10/11/2024 11:54:01 AM,0.41
10622,10/11/2024 11:54:31 AM,0.47
10622,10/11/2024 11:55:01 AM,0.38
10622,10/11/2024 11:56:31 AM,0.32
10622,10/11/2024 11:57:01 AM,0.26
10622,10/11/2024 11:57:31 AM,0.23
10622,10/11/2024 11:58:01 AM,0.26
10622,10/11/2024 11:58:31 AM,0.29
10622,10/11/2024 11:59:01 AM,0.26
10622,10/11/2024 11:59:31 AM,0.29
10622,10/11/2024 12:00:01 PM,0.32
10622,10/11/2024 12:00:31 PM,0.29
10622,10/11/2024 12:01:01 PM,0.26
10622,10/11/2024 12:01:31 PM,0.20
10622,10/11/2024 12:02:01 PM,0.17
10622,10/11/2024 12:02:31 PM,0.14
10622,10/11/2024 12:03:01 PM,0.17
10622,10/11/2024 12:03:31 PM,0.26
10622,10/11/2024 12:04:01 PM,0.32
10622,10/11/2024 12:04:31 PM,0.29
10622,10/11/2024 12:05:01 PM,0.26
10622,10/11/2024 12:06:01 PM,0.29
10622,10/11/2024 12:07:01 PM,0.26
10622,10/11/2024 12:08:01 PM,0.29
10622,10/11/2024 12:09:01 PM,0.26
10622,10/11/2024 12:09:31 PM,0.23
10622,10/11/2024 12:10:01 PM,0.26
10622,10/11/2024 12:11:31 PM,0.23
10622,10/11/2024 12:12:01 PM,0.26
10622,10/11/2024 12:13:01 PM,0.23
10622,10/11/2024 12:13:31 PM,0.26
10622,10/11/2024 12:14:01 PM,0.23
10622,10/11/2024 12:15:01 PM,0.17
10622,10/11/2024 12:19:31 PM,0.20
10622,10/11/2024 12:20:01 PM,0.17
10622,10/11/2024 12:21:31 PM,0.20
10622,10/11/2024 12:22:01 PM,0.26
10622,10/11/2024 12:22:31 PM,0.17
10622,10/11/2024 12:23:01 PM,0.20
10622,10/11/2024 12:23:31 PM,0.17
10622,10/11/2024 12:24:01 PM,0.20
10622,10/11/2024 12:25:01 PM,0.26
10622,10/11/2024 12:25:31 PM,0.23
10622,10/11/2024 12:26:01 PM,0.29
10622,10/11/2024 12:26:31 PM,0.20
10622,10/11/2024 12:27:01 PM,0.23
10622,10/11/2024 12:27:31 PM,0.20
10622,10/11/2024 12:28:01 PM,0.10
10622,10/11/2024 12:29:01 PM,0.14
10622,10/11/2024 12:30:01 PM,0.17
10622,10/11/2024 12:30:31 PM,0.07
10622,10/11/2024 12:31:01 PM,0.10
10622,10/11/2024 12:31:31 PM,0.17
10622,10/11/2024 12:33:31 PM,0.20
10622,10/11/2024 12:34:01 PM,0.26
10622,10/11/2024 12:35:01 PM,0.14
10622,10/11/2024 12:35:31 PM,0.17
10622,10/11/2024 12:36:31 PM,0.26
10622,10/11/2024 12:37:01 PM,0.29
10622,10/11/2024 12:37:31 PM,0.26
10622,10/11/2024 12:38:01 PM,0.23
10622,10/11/2024 12:38:31 PM,0.17
10622,10/11/2024 12:39:01 PM,0.07
10622,10/11/2024 12:39:31 PM,0.04
10622,10/11/2024 12:40:01 PM,0.17
10622,10/11/2024 12:40:31 PM,0.23
10622,10/11/2024 12:41:01 PM,0.26
10622,10/11/2024 12:41:31 PM,0.29
10622,10/11/2024 12:42:01 PM,0.32
10622,10/11/2024 12:42:31 PM,0.26
10622,10/11/2024 12:43:31 PM,0.17
10622,10/11/2024 12:44:01 PM,0.10
10622,10/11/2024 12:44:31 PM,0.20
10622,10/11/2024 12:45:01 PM,0.23
10622,10/11/2024 12:45:31 PM,0.17
10622,10/11/2024 12:46:01 PM,0.26
10622,10/11/2024 12:47:01 PM,0.23
10622,10/11/2024 12:47:31 PM,0.26
10622,10/11/2024 12:48:01 PM,0.17
10622,10/11/2024 12:49:01 PM,0.26
10622,10/11/2024 12:49:31 PM,0.20
10622,10/11/2024 12:50:01 PM,0.26
10622,10/11/2024 12:50:31 PM,0.32
10622,10/11/2024 12:51:01 PM,0.17
10622,10/11/2024 12:52:31 PM,0.07
10622,10/11/2024 12:53:01 PM,0.17
10622,10/11/2024 12:53:31 PM,0.14
10622,10/11/2024 12:54:01 PM,0.26
10622,10/11/2024 12:55:01 PM,0.23
10622,10/11/2024 12:55:31 PM,0.17
10622,10/11/2024 12:56:01 PM,0.14
10622,10/11/2024 12:56:31 PM,0.10
10622,10/11/2024 12:57:01 PM,0.17
10622,10/11/2024 12:57:31 PM,0.07
10622,10/11/2024 12:58:01 PM,0.17
10622,10/11/2024 12:58:31 PM,0.26
10622,10/11/2024 12:59:01 PM,0.23
10622,10/11/2024 1:00:01 PM,0.10
10622,10/11/2024 1:01:01 PM,0.14
10622,10/11/2024 1:01:31 PM,0.26
10622,10/11/2024 1:02:01 PM,0.20
10622,10/11/2024 1:02:31 PM,0.23
10622,10/11/2024 1:03:01 PM,0.20
10622,10/11/2024 1:03:31 PM,0.23
10622,10/11/2024 1:04:01 PM,0.17
10622,10/11/2024 1:04:31 PM,0.14
10622,10/11/2024 1:05:01 PM,0.10
10622,10/11/2024 1:05:31 PM,0.17
10622,10/11/2024 1:06:01 PM,0.04
10622,10/11/2024 1:06:31 PM,0.17
10622,10/11/2024 1:07:01 PM,0.14
10622,10/11/2024 1:08:01 PM,0.17
10622,10/11/2024 1:08:31 PM,0.14
10622,10/11/2024 1:09:01 PM,0.20
10622,10/11/2024 1:10:31 PM,0.26
10622,10/11/2024 1:11:01 PM,0.20
10622,10/11/2024 1:11:31 PM,0.14
10622,10/11/2024 1:12:01 PM,0.20
10622,10/11/2024 1:12:31 PM,0.14
10622,10/11/2024 1:13:01 PM,0.23
10622,10/11/2024 1:13:31 PM,0.17
10622,10/11/2024 1:14:01 PM,0.23
10622,10/11/2024 1:14:31 PM,0.10
10622,10/11/2024 1:15:01 PM,0.23
10622,10/11/2024 1:15:31 PM,0.04
10622,10/11/2024 1:16:31 PM,0.14
10622,10/11/2024 1:17:01 PM,0.17
10622,10/11/2024 1:17:31 PM,0.14
10622,10/11/2024 1:18:01 PM,0.17
10622,10/11/2024 1:19:31 PM,0.10
10622,10/11/2024 1:20:01 PM,0.23
10622,10/11/2024 1:20:31 PM,0.17
10622,10/11/2024 1:22:01 PM,0.14
10622,10/11/2024 1:22:31 PM,0.17
10622,10/11/2024 1:23:01 PM,0.04
10622,10/11/2024 1:24:01 PM,0.01
10622,10/11/2024 1:24:31 PM,0.10
10622,10/11/2024 1:25:31 PM,0.07
10622,10/11/2024 1:26:01 PM,0.14
10622,10/11/2024 1:26:31 PM,0.17
10622,10/11/2024 1:27:01 PM,0.10
10622,10/11/2024 1:27:31 PM,0.07
10622,10/11/2024 1:28:01 PM,0.10
10622,10/11/2024 1:29:31 PM,0.07
10622,10/11/2024 1:30:01 PM,0.04
10622,10/11/2024 1:31:31 PM,0.07
10622,10/11/2024 1:32:01 PM,0.10
10622,10/11/2024 1:32:31 PM,0.04
10622,10/11/2024 1:33:31 PM,0.10
10622,10/11/2024 1:34:01 PM,0.04
10622,10/11/2024 1:34:31 PM,0.07
10622,10/11/2024 1:35:01 PM,0.04
10622,10/11/2024 1:35:31 PM,0.10
10622,10/11/2024 1:36:31 PM,0.14
10622,10/11/2024 1:37:01 PM,0.23
10622,10/11/2024 1:38:01 PM,0.10
10622,10/11/2024 1:38:31 PM,0.17
10622,10/11/2024 1:39:01 PM,0.07
10622,10/11/2024 1:39:31 PM,0.17
10622,10/11/2024 1:41:01 PM,0.26
10622,10/11/2024 1:41:31 PM,0.23
10622,10/11/2024 1:42:01 PM,0.20
10622,10/11/2024 1:42:31 PM,0.23
10622,10/11/2024 1:43:01 PM,0.26
10622,10/11/2024 1:44:01 PM,0.17
10622,10/11/2024 1:44:31 PM,0.23
10622,10/11/2024 1:46:01 PM,0.17
10622,10/11/2024 1:46:31 PM,0.23
10622,10/11/2024 1:47:01 PM,0.29
10622,10/11/2024 1:47:31 PM,0.23
10622,10/11/2024 1:48:01 PM,0.32
10622,10/11/2024 1:48:31 PM,0.26
10622,10/11/2024 1:49:01 PM,0.29
10622,10/11/2024 1:49:31 PM,0.17
10622,10/11/2024 1:50:31 PM,0.26
10622,10/11/2024 1:51:01 PM,0.20
10622,10/11/2024 1:51:31 PM,0.17
10622,10/11/2024 1:52:01 PM,0.20
10622,10/11/2024 1:52:31 PM,0.17
10622,10/11/2024 1:54:01 PM,0.26
10622,10/11/2024 1:55:31 PM,0.17
10622,10/11/2024 1:56:01 PM,0.20
10622,10/11/2024 1:56:31 PM,0.32
10622,10/11/2024 1:57:01 PM,0.26
10622,10/11/2024 1:57:31 PM,0.17
10622,10/11/2024 1:58:31 PM,0.10
10622,10/11/2024 1:59:01 PM,0.17
10622,10/11/2024 1:59:31 PM,0.10
10622,10/11/2024 2:00:01 PM,0.07
10622,10/11/2024 2:01:01 PM,0.20
10622,10/11/2024 2:01:31 PM,0.17
10622,10/11/2024 2:02:01 PM,0.04
10622,10/11/2024 2:02:31 PM,0.07
10622,10/11/2024 2:03:01 PM,0.17
10622,10/11/2024 2:03:31 PM,0.10
10622,10/11/2024 2:04:01 PM,0.17
10622,10/11/2024 2:05:01 PM,0.20
10622,10/11/2024 2:06:01 PM,0.26
10622,10/11/2024 2:06:31 PM,0.17
10622,10/11/2024 2:07:31 PM,0.26
10622,10/11/2024 2:08:01 PM,0.14
10622,10/11/2024 2:08:31 PM,0.07
10622,10/11/2024 2:09:01 PM,0.17
10622,10/11/2024 2:09:31 PM,0.10
10622,10/11/2024 2:10:01 PM,0.17
10622,10/11/2024 2:11:31 PM,0.14
10622,10/11/2024 2:12:01 PM,0.17
10622,10/11/2024 2:12:31 PM,0.07
10622,10/11/2024 2:13:01 PM,0.04
10622,10/11/2024 2:14:01 PM,0.10
10622,10/11/2024 2:14:31 PM,0.14
10622,10/11/2024 2:15:01 PM,0.17
10622,10/11/2024 2:15:31 PM,0.14
10622,10/11/2024 2:16:01 PM,0.07
10622,10/11/2024 2:17:01 PM,0.10
10622,10/11/2024 2:17:31 PM,0.17
10622,10/11/2024 2:18:01 PM,0.10
10622,10/11/2024 2:18:31 PM,0.07
10622,10/11/2024 2:19:01 PM,0.10
10622,10/11/2024 2:19:31 PM,0.07
10622,10/11/2024 2:20:01 PM,0.14
10622,10/11/2024 2:21:01 PM,0.07
10622,10/11/2024 2:21:31 PM,0.14
10622,10/11/2024 2:22:01 PM,0.10
10622,10/11/2024 2:22:31 PM,0.17
10622,10/11/2024 2:23:01 PM,0.10
10622,10/11/2024 2:23:31 PM,0.14
10622,10/11/2024 2:25:01 PM,0.17
10622,10/11/2024 2:26:01 PM,0.10
10622,10/11/2024 2:26:31 PM,0.04
10622,10/11/2024 2:27:01 PM,0.01
10622,10/11/2024 2:27:31 PM,0.04
10622,10/11/2024 2:28:01 PM,0.14
10622,10/11/2024 2:28:31 PM,0.04
10622,10/11/2024 2:29:01 PM,0.17
10622,10/11/2024 2:31:01 PM,0.23
10622,10/11/2024 2:31:31 PM,0.17
10622,10/11/2024 2:32:01 PM,0.20
10622,10/11/2024 2:32:31 PM,0.17
10622,10/11/2024 2:33:01 PM,0.10
10622,10/11/2024 2:35:01 PM,0.14
10622,10/11/2024 2:35:31 PM,0.07
10622,10/11/2024 2:36:01 PM,0.10
10622,10/11/2024 2:36:31 PM,0.04
10622,10/11/2024 2:37:01 PM,0.07
10622,10/11/2024 2:38:01 PM,0.10
10622,10/11/2024 2:39:01 PM,0.14
10622,10/11/2024 2:39:31 PM,0.07
10622,10/11/2024 2:40:01 PM,0.10
10622,10/11/2024 2:40:31 PM,0.07
10622,10/11/2024 2:41:01 PM,0.10
10622,10/11/2024 2:41:31 PM,0.07
10622,10/11/2024 2:44:01 PM,0.10
10622,10/11/2024 2:44:31 PM,0.04
10622,10/11/2024 2:45:01 PM,0.07
10622,10/11/2024 2:45:31 PM,0.10
10622,10/11/2024 2:46:31 PM,0.04
10622,10/11/2024 2:47:01 PM,0.10
10622,10/11/2024 2:47:31 PM,0.04
10622,10/11/2024 2:48:01 PM,0.07
10622,10/11/2024 2:48:31 PM,0.04
10622,10/11/2024 2:49:01 PM,0.07
10622,10/11/2024 2:50:31 PM,0.10
10622,10/11/2024 2:51:01 PM,0.17
10622,10/11/2024 2:52:01 PM,0.14
10622,10/11/2024 2:52:31 PM,0.10
10622,10/11/2024 2:53:01 PM,0.07
10622,10/11/2024 2:53:31 PM,0.17
10622,10/11/2024 2:54:01 PM,0.07
10622,10/11/2024 2:54:31 PM,0.04
10622,10/11/2024 2:55:01 PM,0.10
10622,10/11/2024 2:55:31 PM,0.20
10622,10/11/2024 2:56:01 PM,0.17
10622,10/11/2024 2:57:31 PM,0.10
10622,10/11/2024 2:58:01 PM,0.07
10622,10/11/2024 2:59:01 PM,0.04
10622,10/11/2024 3:00:31 PM,0.01
10622,10/11/2024 3:01:01 PM,0.04
10622,10/11/2024 3:01:31 PM,0.01
10622,10/11/2024 3:02:31 PM,0.04
10622,10/11/2024 3:06:01 PM,0.07
10622,10/11/2024 3:07:31 PM,0.14
10622,10/11/2024 3:08:01 PM,0.04
10622,10/11/2024 3:08:31 PM,0.07
10622,10/11/2024 3:09:01 PM,0.04
10622,10/11/2024 3:10:01 PM,0.07
10622,10/11/2024 3:10:31 PM,0.04
10622,10/11/2024 3:11:01 PM,0.01
10622,10/11/2024 3:11:31 PM,-0.02
10622,10/11/2024 3:12:01 PM,0.04
10622,10/11/2024 3:12:31 PM,-0.05
10622,10/11/2024 3:13:01 PM,0.04
10622,10/11/2024 3:16:01 PM,-0.05
10622,10/11/2024 3:16:31 PM,-0.02
10622,10/11/2024 3:17:01 PM,0.01
10622,10/11/2024 3:18:01 PM,-0.02
10622,10/11/2024 3:18:31 PM,0.04
10622,10/11/2024 3:19:01 PM,-0.02
10622,10/11/2024 3:19:31 PM,0.01
10622,10/11/2024 3:20:01 PM,0.04
10622,10/11/2024 3:20:31 PM,-0.02
10622,10/11/2024 3:22:31 PM,-0.05
10622,10/11/2024 3:23:31 PM,-0.02
10622,10/11/2024 3:24:01 PM,-0.05
10622,10/11/2024 3:24:31 PM,-0.02
10622,10/11/2024 3:25:01 PM,-0.08
10622,10/11/2024 3:25:31 PM,-0.02
10622,10/11/2024 3:26:31 PM,-0.05
10622,10/11/2024 3:27:01 PM,-0.02
10622,10/11/2024 3:27:31 PM,-0.08
10622,10/11/2024 3:28:31 PM,-0.02
10622,10/11/2024 3:29:31 PM,0.01
10622,10/11/2024 3:30:01 PM,0.04
10622,10/11/2024 3:32:31 PM,0.01
10622,10/11/2024 3:33:01 PM,-0.02
10622,10/11/2024 3:33:31 PM,-0.08
10622,10/11/2024 3:34:01 PM,-0.05
10622,10/11/2024 3:34:31 PM,-0.02
10622,10/11/2024 3:35:01 PM,-0.05
10622,10/11/2024 3:35:31 PM,-0.02
10622,10/11/2024 3:36:01 PM,0.01
10622,10/11/2024 3:36:31 PM,0.04
10622,10/11/2024 3:37:31 PM,0.01
10622,10/11/2024 3:39:01 PM,0.04
10622,10/11/2024 3:39:31 PM,-0.05
10622,10/11/2024 3:40:01 PM,-0.08
10622,10/11/2024 3:40:31 PM,-0.05
10622,10/11/2024 3:41:01 PM,-0.08
10622,10/11/2024 3:41:31 PM,-0.05
10622,10/11/2024 3:43:01 PM,0.01
10622,10/11/2024 3:43:31 PM,-0.11
10622,10/11/2024 3:44:01 PM,-0.08
10622,10/11/2024 3:45:01 PM,-0.05
10622,10/11/2024 3:45:31 PM,-0.08
10622,10/11/2024 3:46:01 PM,-0.02
10622,10/11/2024 3:46:31 PM,0.01
10622,10/11/2024 3:47:31 PM,-0.02
10622,10/11/2024 3:48:01 PM,-0.05
10622,10/11/2024 3:48:31 PM,0.01
10622,10/11/2024 3:49:01 PM,0.04
10622,10/11/2024 3:49:31 PM,0.01
10622,10/11/2024 3:50:31 PM,-0.02
10622,10/11/2024 3:51:01 PM,-0.08
10622,10/11/2024 3:52:01 PM,-0.05
10622,10/11/2024 3:52:31 PM,-0.08
10622,10/11/2024 3:53:01 PM,-0.05
10622,10/11/2024 3:53:31 PM,-0.08
10622,10/11/2024 3:55:31 PM,-0.05
10622,10/11/2024 3:56:01 PM,-0.02
10622,10/11/2024 3:56:31 PM,-0.08
10622,10/11/2024 3:58:01 PM,-0.11
10622,10/11/2024 3:58:31 PM,-0.08
10622,10/11/2024 3:59:01 PM,-0.05
10622,10/11/2024 3:59:31 PM,-0.08
10622,10/11/2024 4:00:01 PM,-0.05
10622,10/11/2024 4:00:31 PM,-0.08
10622,10/11/2024 4:02:01 PM,-0.11
10622,10/11/2024 4:03:31 PM,-0.08
10622,10/11/2024 4:05:01 PM,-0.11
10622,10/11/2024 4:05:31 PM,-0.08
10622,10/11/2024 4:06:01 PM,-0.14
10622,10/11/2024 4:06:31 PM,-0.08
10622,10/11/2024 4:08:01 PM,-0.17
10622,10/11/2024 4:08:31 PM,-0.11
10622,10/11/2024 4:09:01 PM,-0.08
10622,10/11/2024 4:12:01 PM,-0.11
10622,10/11/2024 4:12:31 PM,-0.14
10622,10/11/2024 4:13:01 PM,-0.08
10622,10/11/2024 4:13:31 PM,-0.17
10622,10/11/2024 4:15:01 PM,-0.14
10622,10/11/2024 4:15:31 PM,-0.08
10622,10/11/2024 4:16:01 PM,-0.14
10622,10/11/2024 4:16:31 PM,-0.08
10622,10/11/2024 4:17:01 PM,-0.14
10622,10/11/2024 4:17:31 PM,-0.08
10622,10/11/2024 4:18:01 PM,-0.11
10622,10/11/2024 4:18:31 PM,-0.14
10622,10/11/2024 4:19:01 PM,-0.11
10622,10/11/2024 4:20:01 PM,-0.14
10622,10/11/2024 4:20:31 PM,-0.17
10622,10/11/2024 4:21:01 PM,-0.11
10622,10/11/2024 4:22:01 PM,-0.17
10622,10/11/2024 4:24:01 PM,-0.11
10622,10/11/2024 4:25:01 PM,-0.14
10622,10/11/2024 4:25:31 PM,-0.08
10622,10/11/2024 4:26:01 PM,-0.02
10622,10/11/2024 4:26:31 PM,-0.08
10622,10/11/2024 4:27:01 PM,-0.05
10622,10/11/2024 4:27:31 PM,-0.08
10622,10/11/2024 4:28:31 PM,-0.14
10622,10/11/2024 4:29:01 PM,-0.11
10622,10/11/2024 4:29:31 PM,-0.08
10622,10/11/2024 4:30:01 PM,-0.11
10622,10/11/2024 4:30:31 PM,-0.08
10622,10/11/2024 4:31:01 PM,-0.14
10622,10/11/2024 4:31:31 PM,0.01
10622,10/11/2024 4:32:01 PM,-0.11
10622,10/11/2024 4:32:31 PM,-0.08
10622,10/11/2024 4:34:01 PM,-0.17
10622,10/11/2024 4:34:31 PM,-0.11
10622,10/11/2024 4:35:01 PM,-0.14
10622,10/11/2024 4:35:31 PM,-0.11
10622,10/11/2024 4:36:01 PM,0.01
10622,10/11/2024 4:36:31 PM,-0.14
10622,10/11/2024 4:37:01 PM,-0.17
10622,10/11/2024 4:37:31 PM,-0.05
10622,10/11/2024 4:38:01 PM,-0.14
10622,10/11/2024 4:38:31 PM,-0.11
10622,10/11/2024 4:39:01 PM,-0.08
10622,10/11/2024 4:39:31 PM,-0.14
10622,10/11/2024 4:40:01 PM,-0.17
10622,10/11/2024 4:40:31 PM,-0.08
10622,10/11/2024 4:41:01 PM,-0.17
10622,10/11/2024 4:42:01 PM,-0.14
10622,10/11/2024 4:42:31 PM,-0.11
10622,10/11/2024 4:43:01 PM,-0.14
10622,10/11/2024 4:44:01 PM,-0.11
10622,10/11/2024 4:44:31 PM,-0.17
10622,10/11/2024 4:45:01 PM,-0.08
10622,10/11/2024 4:45:31 PM,-0.11
10622,10/11/2024 4:46:01 PM,-0.17
10622,10/11/2024 4:46:31 PM,-0.08
10622,10/11/2024 4:47:01 PM,-0.11
10622,10/11/2024 4:47:31 PM,-0.17
10622,10/11/2024 4:48:01 PM,-0.11
10622,10/11/2024 4:48:31 PM,-0.14
10622,10/11/2024 4:49:01 PM,-0.17
10622,10/11/2024 4:49:31 PM,-0.08
10622,10/11/2024 4:50:01 PM,-0.17
10622,10/11/2024 4:51:31 PM,-0.14
10622,10/11/2024 4:52:01 PM,-0.17
10622,10/11/2024 4:53:31 PM,-0.11
10622,10/11/2024 4:54:01 PM,-0.14
10622,10/11/2024 4:54:31 PM,-0.17
10622,10/11/2024 4:55:31 PM,-0.14
10622,10/11/2024 4:56:01 PM,-0.23
10622,10/11/2024 4:56:31 PM,-0.11
10622,10/11/2024 4:57:01 PM,-0.17
10622,10/11/2024 4:57:31 PM,-0.11
10622,10/11/2024 4:58:01 PM,-0.08
10622,10/11/2024 4:58:31 PM,-0.11
10622,10/11/2024 4:59:01 PM,-0.17
10622,10/11/2024 5:00:01 PM,-0.11
10622,10/11/2024 5:00:31 PM,-0.17
10622,10/11/2024 5:01:01 PM,-0.14
10622,10/11/2024 5:02:01 PM,-0.17
10622,10/11/2024 5:02:31 PM,-0.11
10622,10/11/2024 5:03:01 PM,-0.17
10622,10/11/2024 5:04:01 PM,-0.14
10622,10/11/2024 5:05:01 PM,-0.17
10622,10/11/2024 5:05:31 PM,-0.14
10622,10/11/2024 5:06:01 PM,-0.17
10622,10/11/2024 5:06:31 PM,-0.14
10622,10/11/2024 5:07:01 PM,-0.17
10622,10/11/2024 5:07:31 PM,-0.14
10622,10/11/2024 5:08:01 PM,-0.17
10622,10/11/2024 5:08:31 PM,-0.20
10622,10/11/2024 5:09:01 PM,-0.14
10622,10/11/2024 5:10:01 PM,-0.11
10622,10/11/2024 5:11:01 PM,-0.23
10622,10/11/2024 5:11:31 PM,-0.17
10622,10/11/2024 5:12:31 PM,-0.14
10622,10/11/2024 5:13:31 PM,-0.08
10622,10/11/2024 5:14:01 PM,-0.17
10622,10/11/2024 5:15:01 PM,-0.05
10622,10/11/2024 5:15:31 PM,-0.08
10622,10/11/2024 5:16:01 PM,-0.11
10622,10/11/2024 5:16:31 PM,-0.17
10622,10/11/2024 5:19:01 PM,-0.20
10622,10/11/2024 5:20:01 PM,-0.14
10622,10/11/2024 5:21:01 PM,-0.08
10622,10/11/2024 5:21:31 PM,-0.14
10622,10/11/2024 5:22:31 PM,-0.17
10622,10/11/2024 5:23:01 PM,-0.14
10622,10/11/2024 5:23:31 PM,-0.17
10622,10/11/2024 5:24:01 PM,-0.08
10622,10/11/2024 5:24:31 PM,-0.17
10622,10/11/2024 5:25:01 PM,-0.11
10622,10/11/2024 5:26:01 PM,-0.17
10622,10/11/2024 5:26:31 PM,-0.26
10622,10/11/2024 5:27:01 PM,-0.17
10622,10/11/2024 5:30:01 PM,-0.11
10622,10/11/2024 5:31:01 PM,-0.17
10622,10/11/2024 5:32:01 PM,-0.20
10622,10/11/2024 5:33:01 PM,-0.23
10622,10/11/2024 5:33:31 PM,-0.17
10622,10/11/2024 5:34:01 PM,-0.23
10622,10/11/2024 5:34:31 PM,-0.17
10622,10/11/2024 5:35:31 PM,-0.20
10622,10/11/2024 5:36:01 PM,-0.14
10622,10/11/2024 5:36:31 PM,-0.17
10622,10/11/2024 5:37:01 PM,-0.14
10622,10/11/2024 5:37:31 PM,-0.17
10622,10/11/2024 5:38:31 PM,-0.23
10622,10/11/2024 5:39:01 PM,-0.26
10622,10/11/2024 5:39:31 PM,-0.14
10622,10/11/2024 5:40:01 PM,-0.17
10622,10/11/2024 5:41:01 PM,-0.23
10622,10/11/2024 5:41:31 PM,-0.20
10622,10/11/2024 5:42:01 PM,-0.17
10622,10/11/2024 5:42:31 PM,-0.14
10622,10/11/2024 5:43:31 PM,-0.17
10622,10/11/2024 5:44:31 PM,-0.26
10622,10/11/2024 5:45:01 PM,-0.17
10622,10/11/2024 5:46:01 PM,-0.11
10622,10/11/2024 5:46:31 PM,-0.14
10622,10/11/2024 5:47:01 PM,-0.20
10622,10/11/2024 5:47:31 PM,-0.23
10622,10/11/2024 5:48:01 PM,-0.29
10622,10/11/2024 5:48:31 PM,-0.20
10622,10/11/2024 5:49:01 PM,-0.11
10622,10/11/2024 5:49:31 PM,-0.20
10622,10/11/2024 5:50:01 PM,-0.17
10622,10/11/2024 5:50:31 PM,-0.23
10622,10/11/2024 5:51:01 PM,-0.20
10622,10/11/2024 5:51:31 PM,-0.26
10622,10/11/2024 5:52:01 PM,-0.23
10622,10/11/2024 5:52:31 PM,-0.20
10622,10/11/2024 5:53:01 PM,-0.17
10622,10/11/2024 5:53:31 PM,-0.26
10622,10/11/2024 5:54:01 PM,-0.23
10622,10/11/2024 5:54:31 PM,-0.29
10622,10/11/2024 5:55:01 PM,-0.26
10622,10/11/2024 5:55:31 PM,-0.20
10622,10/11/2024 5:56:01 PM,-0.23
10622,10/11/2024 5:56:31 PM,-0.26
10622,10/11/2024 5:57:01 PM,-0.23
10622,10/11/2024 5:57:31 PM,-0.29
10622,10/11/2024 5:58:31 PM,-0.26
10622,10/11/2024 5:59:01 PM,-0.23
10622,10/11/2024 6:00:01 PM,-0.26
10622,10/11/2024 6:01:01 PM,-0.20
10622,10/11/2024 6:01:31 PM,-0.26
10622,10/11/2024 6:02:01 PM,-0.20
10622,10/11/2024 6:02:31 PM,-0.17
10622,10/11/2024 6:03:01 PM,-0.20
10622,10/11/2024 6:04:01 PM,-0.23
10622,10/11/2024 6:04:31 PM,-0.17
10622,10/11/2024 6:05:01 PM,-0.29
10622,10/11/2024 6:05:31 PM,-0.26
10622,10/11/2024 6:06:01 PM,-0.29
10622,10/11/2024 6:06:31 PM,-0.26
10622,10/11/2024 6:08:01 PM,-0.23
10622,10/11/2024 6:08:31 PM,-0.20
10622,10/11/2024 6:09:01 PM,-0.26
10622,10/11/2024 6:09:31 PM,-0.20
10622,10/11/2024 6:10:31 PM,-0.23
10622,10/11/2024 6:11:01 PM,-0.20
10622,10/11/2024 6:11:31 PM,-0.23
10622,10/11/2024 6:12:01 PM,-0.29
10622,10/11/2024 6:12:31 PM,-0.20
10622,10/11/2024 6:13:01 PM,-0.23
10622,10/11/2024 6:14:01 PM,-0.17
10622,10/11/2024 6:14:31 PM,-0.26
10622,10/11/2024 6:15:31 PM,-0.29
10622,10/11/2024 6:16:31 PM,-0.20
10622,10/11/2024 6:17:01 PM,-0.17
10622,10/11/2024 6:18:01 PM,-0.20
10622,10/11/2024 6:18:31 PM,-0.23
10622,10/11/2024 6:19:01 PM,-0.17
10622,10/11/2024 6:20:01 PM,-0.20
10622,10/11/2024 6:21:01 PM,-0.26
10622,10/11/2024 6:21:31 PM,-0.23
10622,10/11/2024 6:22:01 PM,-0.26
10622,10/11/2024 6:22:31 PM,-0.29
10622,10/11/2024 6:23:31 PM,-0.26
10622,10/11/2024 6:24:31 PM,-0.23
10622,10/11/2024 6:25:01 PM,-0.29
10622,10/11/2024 6:25:31 PM,-0.26
10622,10/11/2024 6:26:31 PM,-0.29
10622,10/11/2024 6:27:01 PM,-0.23
10622,10/11/2024 6:27:31 PM,-0.20
10622,10/11/2024 6:28:31 PM,-0.17
10622,10/11/2024 6:29:01 PM,-0.20
10622,10/11/2024 6:30:01 PM,-0.17
10622,10/11/2024 6:30:31 PM,-0.23
10622,10/11/2024 6:31:31 PM,-0.26
10622,10/11/2024 6:32:01 PM,-0.20
10622,10/11/2024 6:32:31 PM,-0.17
10622,10/11/2024 6:33:01 PM,-0.20
10622,10/11/2024 6:33:31 PM,-0.23
10622,10/11/2024 6:34:31 PM,-0.26
10622,10/11/2024 6:36:01 PM,-0.23
10622,10/11/2024 6:36:31 PM,-0.26
10622,10/11/2024 6:37:31 PM,-0.23
10622,10/11/2024 6:40:01 PM,-0.26
10622,10/11/2024 6:41:01 PM,-0.29
10622,10/11/2024 6:42:01 PM,-0.26
10622,10/11/2024 6:42:31 PM,-0.32
10622,10/11/2024 6:43:31 PM,-0.29
10622,10/11/2024 6:47:31 PM,-0.32
10622,10/11/2024 6:48:01 PM,-0.26
10622,10/11/2024 6:48:31 PM,-0.29
10622,10/11/2024 6:49:31 PM,-0.32
10622,10/11/2024 6:50:01 PM,-0.29
10622,10/11/2024 6:50:31 PM,-0.32
10622,10/11/2024 6:51:01 PM,-0.29
10622,10/11/2024 6:53:01 PM,-0.32
10622,10/11/2024 6:53:31 PM,-0.29
10622,10/11/2024 6:55:31 PM,-0.32
10622,10/11/2024 6:56:01 PM,-0.29
10622,10/11/2024 6:57:31 PM,-0.23
10622,10/11/2024 6:58:01 PM,-0.29
10622,10/11/2024 7:00:31 PM,-0.32
10622,10/11/2024 7:01:01 PM,-0.29
10622,10/11/2024 7:01:31 PM,-0.26
10622,10/11/2024 7:02:31 PM,-0.23
10622,10/11/2024 7:03:01 PM,-0.26
10622,10/11/2024 7:03:31 PM,-0.29
10622,10/11/2024 7:04:01 PM,-0.32
10622,10/11/2024 7:04:31 PM,-0.29
10622,10/11/2024 7:05:01 PM,-0.32
10622,10/11/2024 7:06:31 PM,-0.29
10622,10/11/2024 7:07:31 PM,-0.20
10622,10/11/2024 7:08:01 PM,-0.29
10622,10/11/2024 7:08:31 PM,-0.35
10622,10/11/2024 7:09:31 PM,-0.38
10622,10/11/2024 7:10:31 PM,-0.26
10622,10/11/2024 7:11:31 PM,-0.29
10622,10/11/2024 7:12:31 PM,-0.32
10622,10/11/2024 7:13:01 PM,-0.35
10622,10/11/2024 7:13:31 PM,-0.32
10622,10/11/2024 7:14:01 PM,-0.35
10622,10/11/2024 7:14:31 PM,-0.32
10622,10/11/2024 7:15:01 PM,-0.29
10622,10/11/2024 7:16:01 PM,-0.38
10622,10/11/2024 7:17:31 PM,-0.35
10622,10/11/2024 7:19:01 PM,-0.32
10622,10/11/2024 7:19:31 PM,-0.38
10622,10/11/2024 7:20:01 PM,-0.32
10622,10/11/2024 7:20:31 PM,-0.29
10622,10/11/2024 7:21:01 PM,-0.35
10622,10/11/2024 7:21:31 PM,-0.29
10622,10/11/2024 7:23:01 PM,-0.38
10622,10/11/2024 7:23:31 PM,-0.29
10622,10/11/2024 7:25:31 PM,-0.32
10622,10/11/2024 7:26:01 PM,-0.29
10622,10/11/2024 7:26:31 PM,-0.32
10622,10/11/2024 7:27:01 PM,-0.29
10622,10/11/2024 7:27:31 PM,-0.32
10622,10/11/2024 7:28:01 PM,-0.38
10622,10/11/2024 7:28:31 PM,-0.32
10622,10/11/2024 7:30:01 PM,-0.38
10622,10/11/2024 7:30:31 PM,-0.32
10622,10/11/2024 7:32:31 PM,-0.29
10622,10/11/2024 7:33:01 PM,-0.26
10622,10/11/2024 7:33:31 PM,-0.29
10622,10/11/2024 7:34:01 PM,-0.23
10622,10/11/2024 7:34:31 PM,-0.20
10622,10/11/2024 7:35:01 PM,-0.29
10622,10/11/2024 7:36:01 PM,-0.32
10622,10/11/2024 7:36:31 PM,-0.42
10622,10/11/2024 7:37:01 PM,-0.45
10622,10/11/2024 7:38:01 PM,-0.42
10622,10/11/2024 7:38:31 PM,-0.35
10622,10/11/2024 7:39:01 PM,-0.29
10622,10/11/2024 7:39:31 PM,-0.32
10622,10/11/2024 7:40:01 PM,-0.29
10622,10/11/2024 7:40:31 PM,-0.38
10622,10/11/2024 7:43:01 PM,-0.32
10622,10/11/2024 7:43:31 PM,-0.35
10622,10/11/2024 7:44:31 PM,-0.29
10622,10/11/2024 7:45:31 PM,-0.35
10622,10/11/2024 7:46:01 PM,-0.32
10622,10/11/2024 7:46:31 PM,-0.35
10622,10/11/2024 7:47:31 PM,-0.38
10622,10/11/2024 7:48:31 PM,-0.29
10622,10/11/2024 7:50:01 PM,-0.32
10622,10/11/2024 7:51:31 PM,-0.38
10622,10/11/2024 7:52:01 PM,-0.35
10622,10/11/2024 7:52:31 PM,-0.38
10622,10/11/2024 7:53:01 PM,-0.32
10622,10/11/2024 7:55:01 PM,-0.29
10622,10/11/2024 7:55:31 PM,-0.42
10622,10/11/2024 7:56:01 PM,-0.38
10622,10/11/2024 7:58:01 PM,-0.35
10622,10/11/2024 7:58:31 PM,-0.32
10622,10/11/2024 7:59:01 PM,-0.35
10622,10/11/2024 7:59:31 PM,-0.38
10622,10/11/2024 8:00:01 PM,-0.32
10622,10/11/2024 8:00:31 PM,-0.42
10622,10/11/2024 8:01:01 PM,-0.45
10622,10/11/2024 8:01:31 PM,-0.38
10622,10/11/2024 8:02:01 PM,-0.32
10622,10/11/2024 8:04:01 PM,-0.29
10622,10/11/2024 8:04:31 PM,-0.38
10622,10/11/2024 8:06:31 PM,-0.32
10622,10/11/2024 8:08:01 PM,-0.26
10622,10/11/2024 8:08:31 PM,-0.32
10622,10/11/2024 8:09:31 PM,-0.38
10622,10/11/2024 8:10:31 PM,-0.35
10622,10/11/2024 8:12:01 PM,-0.29
10622,10/11/2024 8:14:01 PM,-0.32
10622,10/11/2024 8:14:31 PM,-0.26
10622,10/11/2024 8:15:01 PM,-0.38
10622,10/11/2024 8:15:31 PM,-0.42
10622,10/11/2024 8:16:01 PM,-0.38
10622,10/11/2024 8:16:31 PM,-0.42
10622,10/11/2024 8:17:01 PM,-0.38
10622,10/11/2024 8:17:31 PM,-0.42
10622,10/11/2024 8:18:01 PM,-0.38
10622,10/11/2024 8:18:31 PM,-0.35
10622,10/11/2024 8:19:01 PM,-0.32
10622,10/11/2024 8:19:31 PM,-0.29
10622,10/11/2024 8:20:01 PM,-0.35
10622,10/11/2024 8:20:31 PM,-0.38
10622,10/11/2024 8:21:01 PM,-0.48
10622,10/11/2024 8:21:31 PM,-0.54
10622,10/11/2024 8:22:01 PM,-0.51
10622,10/11/2024 8:22:31 PM,-0.42
10622,10/11/2024 8:23:01 PM,-0.35
10622,10/11/2024 8:23:31 PM,-0.32
10622,10/11/2024 8:24:01 PM,-0.26
10622,10/11/2024 8:24:31 PM,-0.35
10622,10/11/2024 8:25:01 PM,-0.38
10622,10/11/2024 8:26:31 PM,-0.45
10622,10/11/2024 8:27:01 PM,-0.48
10622,10/11/2024 8:28:01 PM,-0.51
10622,10/11/2024 8:28:31 PM,-0.48
10622,10/11/2024 8:29:31 PM,-0.38
10622,10/11/2024 8:30:31 PM,-0.45
10622,10/11/2024 8:31:01 PM,-0.38
10622,10/11/2024 8:31:31 PM,-0.42
10622,10/11/2024 8:32:01 PM,-0.38
10622,10/11/2024 8:32:31 PM,-0.35
10622,10/11/2024 8:33:31 PM,-0.38
10622,10/11/2024 8:34:31 PM,-0.42
10622,10/11/2024 8:35:01 PM,-0.45
10622,10/11/2024 8:35:31 PM,-0.42
10622,10/11/2024 8:36:31 PM,-0.38
10622,10/11/2024 8:37:01 PM,-0.35
10622,10/11/2024 8:38:01 PM,-0.38
10622,10/11/2024 8:38:31 PM,-0.32
10622,10/11/2024 8:39:01 PM,-0.35
10622,10/11/2024 8:39:31 PM,-0.38
10622,10/11/2024 8:40:01 PM,-0.42
10622,10/11/2024 8:40:31 PM,-0.38
10622,10/11/2024 8:41:01 PM,-0.42
10622,10/11/2024 8:41:31 PM,-0.38
10622,10/11/2024 8:43:01 PM,-0.35
10622,10/11/2024 8:43:31 PM,-0.38
10622,10/11/2024 8:45:31 PM,-0.35
10622,10/11/2024 8:46:01 PM,-0.38
10622,10/11/2024 8:46:31 PM,-0.35
10622,10/11/2024 8:47:01 PM,-0.38
10622,10/11/2024 8:50:01 PM,-0.35
10622,10/11/2024 8:50:31 PM,-0.45
10622,10/11/2024 8:51:01 PM,-0.38
10622,10/11/2024 8:52:01 PM,-0.35
10622,10/11/2024 8:53:01 PM,-0.38
10622,10/11/2024 8:53:31 PM,-0.32
10622,10/11/2024 8:54:31 PM,-0.29
10622,10/11/2024 8:55:01 PM,-0.26
10622,10/11/2024 8:56:01 PM,-0.29
10622,10/11/2024 8:56:31 PM,-0.32
10622,10/11/2024 8:57:31 PM,-0.42
10622,10/11/2024 8:58:31 PM,-0.48
10622,10/11/2024 8:59:01 PM,-0.45
10622,10/11/2024 8:59:31 PM,-0.42
10622,10/11/2024 9:00:01 PM,-0.35
10622,10/11/2024 9:00:31 PM,-0.38
10622,10/11/2024 9:01:01 PM,-0.32
10622,10/11/2024 9:02:01 PM,-0.35
10622,10/11/2024 9:02:31 PM,-0.38
10622,10/11/2024 9:03:31 PM,-0.35
10622,10/11/2024 9:04:31 PM,-0.32
10622,10/11/2024 9:05:01 PM,-0.29
10622,10/11/2024 9:06:01 PM,-0.32
10622,10/11/2024 9:06:31 PM,-0.29
10622,10/11/2024 9:07:01 PM,-0.32
10622,10/11/2024 9:07:31 PM,-0.35
10622,10/11/2024 9:08:01 PM,-0.38
10622,10/11/2024 9:09:01 PM,-0.42
10622,10/11/2024 9:09:31 PM,-0.38
10622,10/11/2024 9:10:01 PM,-0.35
10622,10/11/2024 9:10:31 PM,-0.32
10622,10/11/2024 9:11:31 PM,-0.35
10622,10/11/2024 9:12:01 PM,-0.32
10622,10/11/2024 9:12:31 PM,-0.42
10622,10/11/2024 9:13:01 PM,-0.38
10622,10/11/2024 9:13:31 PM,-0.42
10622,10/11/2024 9:14:01 PM,-0.38
10622,10/11/2024 9:14:31 PM,-0.42
10622,10/11/2024 9:15:31 PM,-0.38
10622,10/11/2024 9:16:01 PM,-0.35
10622,10/11/2024 9:16:31 PM,-0.42
10622,10/11/2024 9:17:01 PM,-0.38
10622,10/11/2024 9:17:31 PM,-0.45
10622,10/11/2024 9:18:01 PM,-0.51
10622,10/11/2024 9:20:01 PM,-0.48
10622,10/11/2024 9:20:31 PM,-0.38
10622,10/11/2024 9:21:01 PM,-0.42
10622,10/11/2024 9:21:31 PM,-0.35
10622,10/11/2024 9:22:01 PM,-0.38
10622,10/11/2024 9:25:01 PM,-0.32
10622,10/11/2024 9:25:31 PM,-0.38
10622,10/11/2024 9:26:31 PM,-0.35
10622,10/11/2024 9:28:01 PM,-0.38
10622,10/11/2024 9:28:31 PM,-0.42
10622,10/11/2024 9:29:31 PM,-0.38
10622,10/11/2024 9:30:31 PM,-0.35
10622,10/11/2024 9:31:01 PM,-0.38
10622,10/11/2024 9:31:31 PM,-0.35
10622,10/11/2024 9:32:01 PM,-0.38
10622,10/11/2024 9:32:31 PM,-0.29
10622,10/11/2024 9:33:01 PM,-0.26
10622,10/11/2024 9:33:31 PM,-0.23
10622,10/11/2024 9:34:01 PM,-0.26
10622,10/11/2024 9:34:31 PM,-0.29
10622,10/11/2024 9:35:31 PM,-0.35
10622,10/11/2024 9:36:31 PM,-0.38
10622,10/11/2024 9:37:01 PM,-0.42
10622,10/11/2024 9:37:31 PM,-0.35
10622,10/11/2024 9:38:01 PM,-0.20
10622,10/11/2024 9:38:31 PM,-0.23
10622,10/11/2024 9:39:01 PM,-0.20
10622,10/11/2024 9:39:31 PM,-0.23
10622,10/11/2024 9:40:01 PM,-0.26
10622,10/11/2024 9:40:31 PM,-0.32
10622,10/11/2024 9:41:01 PM,-0.35
10622,10/11/2024 9:41:31 PM,-0.38
10622,10/11/2024 9:42:31 PM,-0.35
10622,10/11/2024 9:43:31 PM,-0.29
10622,10/11/2024 9:46:01 PM,-0.35
10622,10/11/2024 9:47:01 PM,-0.38
10622,10/11/2024 9:47:31 PM,-0.42
10622,10/11/2024 9:48:31 PM,-0.38
10622,10/11/2024 9:49:31 PM,-0.35
10622,10/11/2024 9:51:31 PM,-0.38
10622,10/11/2024 9:53:31 PM,-0.42
10622,10/11/2024 9:54:01 PM,-0.38
10622,10/11/2024 9:56:31 PM,-0.35
10622,10/11/2024 9:57:01 PM,-0.38
10622,10/11/2024 9:58:01 PM,-0.32
10622,10/11/2024 9:58:31 PM,-0.38
10622,10/11/2024 9:59:01 PM,-0.35
10622,10/11/2024 9:59:31 PM,-0.38
10622,10/11/2024 10:02:01 PM,-0.32
10622,10/11/2024 10:02:31 PM,-0.29
10622,10/11/2024 10:03:01 PM,-0.32
10622,10/11/2024 10:03:31 PM,-0.35
10622,10/11/2024 10:04:01 PM,-0.32
10622,10/11/2024 10:04:31 PM,-0.29
10622,10/11/2024 10:05:31 PM,-0.35
10622,10/11/2024 10:07:31 PM,-0.32
10622,10/11/2024 10:08:31 PM,-0.35
10622,10/11/2024 10:10:31 PM,-0.32
10622,10/11/2024 10:11:01 PM,-0.35
10622,10/11/2024 10:11:31 PM,-0.32
10622,10/11/2024 10:12:31 PM,-0.35
10622,10/11/2024 10:13:01 PM,-0.29
10622,10/11/2024 10:14:01 PM,-0.35
10622,10/11/2024 10:15:01 PM,-0.32
10622,10/11/2024 10:15:31 PM,-0.38
10622,10/11/2024 10:16:31 PM,-0.32
10622,10/11/2024 10:17:01 PM,-0.35
10622,10/11/2024 10:19:01 PM,-0.38
10622,10/11/2024 10:19:31 PM,-0.35
10622,10/11/2024 10:20:31 PM,-0.38
10622,10/11/2024 10:21:01 PM,-0.35
10622,10/11/2024 10:22:01 PM,-0.32
10622,10/11/2024 10:22:31 PM,-0.29
10622,10/11/2024 10:23:01 PM,-0.35
10622,10/11/2024 10:24:31 PM,-0.38
10622,10/11/2024 10:25:01 PM,-0.35
10622,10/11/2024 10:25:31 PM,-0.32
10622,10/11/2024 10:26:01 PM,-0.35
10622,10/11/2024 10:26:31 PM,-0.32
10622,10/11/2024 10:27:01 PM,-0.35
10622,10/11/2024 10:28:01 PM,-0.29
10622,10/11/2024 10:28:31 PM,-0.32
10622,10/11/2024 10:29:01 PM,-0.29
10622,10/11/2024 10:29:31 PM,-0.32
10622,10/11/2024 10:30:01 PM,-0.29
10622,10/11/2024 10:32:01 PM,-0.32
10622,10/11/2024 10:32:31 PM,-0.35
10622,10/11/2024 10:33:01 PM,-0.32
10622,10/11/2024 10:33:31 PM,-0.35
10622,10/11/2024 10:34:01 PM,-0.29
10622,10/11/2024 10:36:01 PM,-0.32
10622,10/11/2024 10:36:31 PM,-0.29
10622,10/11/2024 10:37:01 PM,-0.32
10622,10/11/2024 10:37:31 PM,-0.35
10622,10/11/2024 10:38:01 PM,-0.29
10622,10/11/2024 10:38:31 PM,-0.32
10622,10/11/2024 10:40:01 PM,-0.29
10622,10/11/2024 10:41:01 PM,-0.32
10622,10/11/2024 10:42:01 PM,-0.29
10622,10/11/2024 10:43:01 PM,-0.32
10622,10/11/2024 10:44:31 PM,-0.29
10622,10/11/2024 10:50:31 PM,-0.32
10622,10/11/2024 10:51:01 PM,-0.29
10622,10/11/2024 10:51:31 PM,-0.26
10622,10/11/2024 10:52:01 PM,-0.29
10622,10/11/2024 10:52:31 PM,-0.26
10622,10/11/2024 10:53:01 PM,-0.29
10622,10/11/2024 10:56:01 PM,-0.32
10622,10/11/2024 10:56:31 PM,-0.35
10622,10/11/2024 10:57:01 PM,-0.32
10622,10/11/2024 10:57:31 PM,-0.35
10622,10/11/2024 10:58:01 PM,-0.29
10622,10/11/2024 10:58:31 PM,-0.26
10622,10/11/2024 10:59:31 PM,-0.17
10622,10/11/2024 11:01:01 PM,-0.20
10622,10/11/2024 11:01:31 PM,-0.17
10622,10/11/2024 11:02:31 PM,-0.20
10622,10/11/2024 11:03:01 PM,-0.17
10622,10/11/2024 11:04:01 PM,-0.23
10622,10/11/2024 11:05:31 PM,-0.17
10622,10/11/2024 11:06:01 PM,-0.20
10622,10/11/2024 11:07:01 PM,-0.17
10622,10/11/2024 11:08:01 PM,-0.20
10622,10/11/2024 11:08:31 PM,-0.17
10622,10/11/2024 11:09:01 PM,-0.20
10622,10/11/2024 11:10:01 PM,-0.23
10622,10/11/2024 11:10:31 PM,-0.20
10622,10/11/2024 11:11:01 PM,-0.26
10622,10/11/2024 11:11:31 PM,-0.20
10622,10/11/2024 11:12:01 PM,-0.29
10622,10/11/2024 11:13:31 PM,-0.32
10622,10/11/2024 11:14:01 PM,-0.23
10622,10/11/2024 11:15:01 PM,-0.26
10622,10/11/2024 11:15:31 PM,-0.17
10622,10/11/2024 11:17:01 PM,-0.23
10622,10/11/2024 11:17:31 PM,-0.20
10622,10/11/2024 11:18:01 PM,-0.23
10622,10/11/2024 11:18:31 PM,-0.20
10622,10/11/2024 11:19:01 PM,-0.29
10622,10/11/2024 11:19:31 PM,-0.26
10622,10/11/2024 11:20:01 PM,-0.20
10622,10/11/2024 11:20:31 PM,-0.17
10622,10/11/2024 11:21:01 PM,-0.20
10622,10/11/2024 11:21:31 PM,-0.17
10622,10/11/2024 11:22:01 PM,-0.20
10622,10/11/2024 11:22:31 PM,-0.23
10622,10/11/2024 11:23:31 PM,-0.26
10622,10/11/2024 11:24:01 PM,-0.23
10622,10/11/2024 11:24:31 PM,-0.20
10622,10/11/2024 11:25:31 PM,-0.17
10622,10/11/2024 11:26:01 PM,-0.23
10622,10/11/2024 11:26:31 PM,-0.17
10622,10/11/2024 11:27:01 PM,-0.26
10622,10/11/2024 11:28:31 PM,-0.29
10622,10/11/2024 11:29:01 PM,-0.32
10622,10/11/2024 11:29:31 PM,-0.29
10622,10/11/2024 11:30:01 PM,-0.20
10622,10/11/2024 11:30:31 PM,-0.17
10622,10/11/2024 11:31:31 PM,-0.11
10622,10/11/2024 11:32:01 PM,-0.14
10622,10/11/2024 11:32:31 PM,-0.17
10622,10/11/2024 11:33:01 PM,-0.20
10622,10/11/2024 11:33:31 PM,-0.17
10622,10/11/2024 11:34:31 PM,-0.20
10622,10/11/2024 11:37:01 PM,-0.17
10622,10/11/2024 11:37:31 PM,-0.14
10622,10/11/2024 11:38:01 PM,-0.17
10622,10/11/2024 11:39:01 PM,-0.20
10622,10/11/2024 11:39:31 PM,-0.23
10622,10/11/2024 11:40:01 PM,-0.26
10622,10/11/2024 11:40:31 PM,-0.20
10622,10/11/2024 11:41:01 PM,-0.23
10622,10/11/2024 11:42:01 PM,-0.26
10622,10/11/2024 11:42:31 PM,-0.23
10622,10/11/2024 11:43:31 PM,-0.17
10622,10/11/2024 11:44:01 PM,-0.20
10622,10/11/2024 11:45:01 PM,-0.17
10622,10/11/2024 11:45:31 PM,-0.23
10622,10/11/2024 11:46:31 PM,-0.17
10622,10/11/2024 11:47:01 PM,-0.20
10622,10/11/2024 11:47:31 PM,-0.17
10622,10/11/2024 11:49:01 PM,-0.14
10622,10/11/2024 11:49:31 PM,-0.17
10622,10/11/2024 11:51:31 PM,-0.14
10622,10/11/2024 11:52:31 PM,-0.17
10622,10/11/2024 11:53:01 PM,-0.14
10622,10/11/2024 11:53:31 PM,-0.17
10622,10/11/2024 11:56:01 PM,-0.14
10622,10/11/2024 11:57:01 PM,-0.11
10622,10/11/2024 11:57:31 PM,-0.14
10622,10/11/2024 11:58:31 PM,-0.20
