2021 11 06 00 00 42 23614.129  -698.277 39189.300  12.90  12.21   57  614.7 4152.43565 N 00119.95062 E 8 1 0 1
2021 11 06 00 00 43 23610.785  -696.066 39194.588  12.90  12.21   57  614.6 4152.43564 N 00119.95057 E 8 1 0 1
2021 11 06 00 00 44 23618.981  -700.757 39182.825  12.90  12.21   57  613.9 4152.43578 N 00119.95031 E 8 1 0 1
2021 11 06 00 00 45 23622.206  -702.453 39178.485  12.90  12.21   57  613.4 4152.43584 N 00119.95046 E 8 1 0 1
2021 11 06 00 00 46 23619.135  -700.854 39182.803  12.90  12.21   57  612.8 4152.43610 N 00119.94993 E 8 1 0 1
2021 11 06 00 00 47 23609.291  -695.776 39196.302  12.90  12.21   57  612.1 4152.43625 N 00119.94976 E 7 1 0 1
2021 11 06 00 00 48 23610.953  -696.533 39194.178  12.90  12.21   57  611.6 4152.43643 N 00119.94937 E 8 1 0 1
2021 11 06 00 00 49 23610.740  -696.108 39195.014  12.90  12.21   58  611.1 4152.43660 N 00119.94879 E 8 1 0 1
2021 11 06 00 00 50 23611.697  -696.989 39193.140  12.90  12.21   57  610.8 4152.43658 N 00119.94883 E 8 1 0 1
2021 11 06 00 00 51 23613.369  -698.480 39190.022  12.90  12.21   57  610.4 4152.43643 N 00119.94914 E 8 1 0 1
2021 11 06 00 00 52 23609.894  -696.654 39194.843  12.90  12.21   57  610.0 4152.43641 N 00119.94902 E 8 1 0 1
2021 11 06 00 00 53 23610.902  -697.301 39193.343  12.90  12.21   57  609.8 4152.43658 N 00119.94836 E 8 1 0 1
2021 11 06 00 00 54 23619.440  -702.564 39180.454  12.90  12.21   56  609.6 4152.43665 N 00119.94810 E 8 1 0 1
2021 11 06 00 00 55 23618.909  -702.157 39181.443  12.90  12.21   57  609.3 4152.43667 N 00119.94800 E 8 1 0 1
2021 11 06 00 00 56 23620.655  -702.894 39179.359  12.90  12.21   57  609.0 4152.43673 N 00119.94767 E 8 1 0 1
2021 11 06 00 00 57 23621.024  -703.686 39178.063  12.90  12.21   57  608.8 4152.43675 N 00119.94740 E 8 1 0 1
2021 11 06 00 00 58 23619.176  -702.455 39181.029  12.90  12.21   57  608.7 4152.43666 N 00119.94741 E 8 1 0 1
2021 11 06 00 00 59 23620.012  -702.171 39180.998  12.90  12.21   57  609.0 4152.43671 N 00119.94693 E 8 1 0 1
2021 11 06 00 01 00 23620.555  -703.202 39179.220  12.90  12.21   57  608.6 4152.43689 N 00119.94629 E 8 1 0 1
2021 11 06 00 01 01 23619.383  -702.880 39180.436  12.90  12.21   57  608.8 4152.43669 N 00119.94655 E 8 1 0 1
2021 11 06 00 01 02 23620.870  -703.119 39179.187  12.90  12.21   57  609.0 4152.43656 N 00119.94668 E 8 1 0 1
2021 11 06 00 01 03 23619.719  -702.177 39181.375  12.90  12.21   56  609.2 4152.43652 N 00119.94660 E 8 1 0 1
2021 11 06 00 01 04 23620.821  -703.365 39179.071  12.90  12.21   57  609.5 4152.43647 N 00119.94658 E 8 1 0 1
2021 11 06 00 01 05 23619.135  -703.151 39180.553  12.90  12.21   57  610.4 4152.43605 N 00119.94740 E 8 1 0 1
2021 11 06 00 01 06 23619.612  -704.081 39179.031  12.90  12.21   57  610.7 4152.43595 N 00119.94752 E 8 1 0 1
2021 11 06 00 01 07 23618.524  -703.654 39180.349  12.90  12.21   57  610.8 4152.43596 N 00119.94732 E 8 1 0 1
2021 11 06 00 01 08 23615.705  -702.239 39184.189  12.90  12.21   57  610.0 4152.43621 N 00119.94676 E 8 1 0 1
2021 11 06 00 01 09 23606.982  -696.994 39197.226  12.90  12.21   57  610.2 4152.43617 N 00119.94675 E 8 1 0 1
2021 11 06 00 01 10 23608.223  -697.735 39195.451  12.90  12.21   57  610.3 4152.43625 N 00119.94648 E 7 1 0 1
2021 11 06 00 01 11 23608.742  -697.663 39195.283  12.90  12.21   57  611.4 4152.43597 N 00119.94700 E 8 1 0 1
2021 11 06 00 01 12 23609.871  -697.832 39194.452  12.90  12.21   57  611.2 4152.43618 N 00119.94650 E 8 1 0 1
2021 11 06 00 01 13 23609.541  -697.964 39194.517  12.90  12.21   57  611.3 4152.43614 N 00119.94656 E 8 1 0 1
2021 11 06 00 01 14 23609.447  -698.233 39194.233  12.90  12.21   57  612.0 4152.43588 N 00119.94726 E 7 1 0 1
2021 11 06 00 01 15 23609.498  -698.057 39194.506  12.90  12.21   57  612.0 4152.43608 N 00119.94669 E 8 1 0 1
2021 11 06 00 01 16 23615.315  -701.161 39186.425  12.90  12.21   57  612.0 4152.43622 N 00119.94645 E 8 1 0 1
2021 11 06 00 01 17 23619.641  -703.438 39180.551  12.90  12.21   57  612.4 4152.43580 N 00119.94757 E 8 1 0 1
2021 11 06 00 01 18 23621.426  -704.343 39178.218  12.90  12.21   57  612.4 4152.43591 N 00119.94720 E 8 1 0 1
2021 11 06 00 01 19 23620.032  -703.061 39181.000  12.90  12.21   57  612.5 4152.43609 N 00119.94659 E 8 1 0 1
2021 11 06 00 01 20 23621.278  -703.543 39179.544  12.90  12.21   57  612.8 4152.43606 N 00119.94653 E 8 1 0 1
2021 11 06 00 01 21 23620.333  -702.794 39181.270  12.90  12.21   57  612.9 4152.43607 N 00119.94667 E 8 1 0 1
2021 11 06 00 01 22 23621.839  -703.471 39179.352  12.90  12.21   57  612.7 4152.43631 N 00119.94611 E 8 1 0 1
2021 11 06 00 01 23 23620.235  -702.674 39181.585  12.90  12.21   57  613.2 4152.43629 N 00119.94616 E 8 1 0 1
2021 11 06 00 01 24 23621.829  -703.616 39179.330  12.90  12.21   57  613.1 4152.43643 N 00119.94574 E 8 1 0 1
2021 11 06 00 01 25 23620.295  -702.771 39181.539  12.90  12.21   57  613.3 4152.43643 N 00119.94557 E 8 1 0 1
2021 11 06 00 01 26 23621.600  -703.504 39179.738  12.90  12.21   57  613.8 4152.43624 N 00119.94609 E 8 1 0 1
2021 11 06 00 01 27 23620.549  -702.729 39181.561  12.90  12.21   57  613.9 4152.43620 N 00119.94644 E 8 1 0 1
2021 11 06 00 01 28 23621.958  -703.240 39179.934  12.90  12.21   57  613.9 4152.43632 N 00119.94630 E 8 1 0 1
2021 11 06 00 01 29 23621.120  -702.446 39181.665  12.90  12.21   57  614.3 4152.43628 N 00119.94646 E 8 1 0 1
2021 11 06 00 01 30 23622.342  -703.023 39180.095  12.90  12.21   57  614.6 4152.43618 N 00119.94685 E 8 1 0 1
2021 11 06 00 01 31 23621.436  -702.374 39181.674  12.90  12.21   57  614.7 4152.43621 N 00119.94657 E 8 1 0 1
2021 11 06 00 01 32 23622.374  -702.819 39180.454  12.90  12.21   57  615.5 4152.43582 N 00119.94743 E 8 1 0 1
2021 11 06 00 01 33 23621.329  -702.224 39182.024  12.90  12.21   56  615.3 4152.43597 N 00119.94710 E 8 1 0 1
2021 11 06 00 01 34 23622.296  -702.747 39180.695  12.90  12.21   57  615.7 4152.43571 N 00119.94786 E 8 1 0 1
2021 11 06 00 01 35 23621.456  -702.147 39182.192  12.90  12.21   57  616.2 4152.43530 N 00119.94893 E 8 1 0 1
2021 11 06 00 01 36 23622.663  -702.859 39180.417  12.90  12.21   57  616.4 4152.43538 N 00119.94862 E 8 1 0 1
2021 11 06 00 01 37 23621.573  -702.232 39182.034  12.90  12.21   57  616.7 4152.43534 N 00119.94845 E 8 1 0 1
2021 11 06 00 01 38 23622.630  -702.825 39180.522  12.90  12.21   57  617.2 4152.43469 N 00119.95044 E 8 1 0 1
2021 11 06 00 01 39 23623.094  -702.972 39180.089  12.90  12.21   57  617.5 4152.43446 N 00119.95116 E 8 1 0 1
2021 11 06 00 01 40 23621.915  -702.007 39182.293  12.90  12.21   57  617.6 4152.43456 N 00119.95060 E 8 1 0 1
2021 11 06 00 01 41 23623.218  -702.487 39180.817  12.90  12.21   57  617.7 4152.43453 N 00119.95045 E 8 1 0 1
2021 11 06 00 01 42 23622.382  -701.800 39182.377  12.90  12.21   57  617.4 4152.43468 N 00119.95015 E 8 1 0 1
2021 11 06 00 01 43 23623.147  -702.344 39181.179  12.90  12.21   57  617.4 4152.43478 N 00119.94976 E 8 1 0 1
2021 11 06 00 01 44 23622.274  -701.930 39182.385  12.90  12.21   57  617.7 4152.43468 N 00119.94994 E 8 1 0 1
2021 11 06 00 01 45 23623.239  -702.159 39181.530  12.90  12.21   57  617.6 4152.43475 N 00119.94989 E 8 1 0 1
2021 11 06 00 01 46 23622.268  -701.907 39182.564  12.90  12.21   57  617.8 4152.43477 N 00119.94973 E 8 1 0 1
2021 11 06 00 01 47 23623.911  -703.267 39179.738  12.90  12.21   58  617.7 4152.43480 N 00119.94972 E 8 1 0 1
2021 11 06 00 01 48 23622.059  -702.139 39182.517  12.90  12.21   57  617.8 4152.43471 N 00119.94988 E 8 1 0 1
2021 11 06 00 01 49 23622.928  -703.001 39180.842  12.90  12.21   57  617.8 4152.43462 N 00119.95010 E 8 1 0 1
2021 11 06 00 01 50 23621.885  -702.551 39182.233  12.90  12.21   57  617.8 4152.43476 N 00119.94983 E 8 1 0 1
2021 11 06 00 01 51 23623.333  -703.499 39180.032  12.90  12.21   58  617.7 4152.43491 N 00119.94952 E 8 1 0 1
2021 11 06 00 01 52 23621.942  -702.701 39182.067  12.90  12.21   58  617.6 4152.43507 N 00119.94918 E 8 1 0 1
2021 11 06 00 01 53 23623.149  -703.251 39180.572  12.90  12.21   57  616.6 4152.43553 N 00119.94841 E 8 1 0 1
2021 11 06 00 01 54 23621.983  -702.339 39182.670  12.90  12.21   57  616.3 4152.43572 N 00119.94811 E 8 1 0 1
2021 11 06 00 01 55 23623.169  -702.979 39181.031  12.90  12.21   57  616.2 4152.43580 N 00119.94790 E 8 1 0 1
2021 11 06 00 01 56 23622.044  -702.257 39182.877  12.90  12.21   57  616.3 4152.43577 N 00119.94793 E 8 1 0 1
2021 11 06 00 01 57 23623.143  -702.931 39181.234  12.90  12.21   57  616.1 4152.43586 N 00119.94778 E 8 1 0 1
2021 11 06 00 01 58 23621.962  -702.286 39182.982  12.90  12.21   57  616.0 4152.43594 N 00119.94767 E 8 1 0 1
2021 11 06 00 01 59 23623.550  -703.202 39180.734  12.90  12.21   57  616.1 4152.43590 N 00119.94775 E 8 1 0 1
2021 11 06 00 02 00 23622.188  -702.273 39182.964  12.90  12.21   58  616.1 4152.43587 N 00119.94779 E 8 1 0 1
2021 11 06 00 02 01 23624.063  -703.322 39180.348  12.90  12.21   57  616.3 4152.43576 N 00119.94790 E 8 1 0 1
2021 11 06 00 02 02 23622.124  -702.263 39183.073  12.90  12.21   57  616.3 4152.43583 N 00119.94771 E 8 1 0 1
2021 11 06 00 02 03 23623.225  -703.476 39180.687  12.90  12.21   57  616.4 4152.43582 N 00119.94768 E 8 1 0 1
2021 11 06 00 02 04 23620.561  -702.558 39183.704  12.90  12.21   57  616.5 4152.43573 N 00119.94771 E 8 1 0 1
2021 11 06 00 02 05 23622.571  -704.469 39179.736  12.90  12.21   57  616.7 4152.43561 N 00119.94781 E 8 1 0 1
2021 11 06 00 02 06 23620.649  -703.637 39182.181  12.90  12.21   57  616.5 4152.43572 N 00119.94760 E 8 1 0 1
2021 11 06 00 02 07 23622.249  -704.291 39180.193  12.90  12.21   57  616.4 4152.43575 N 00119.94761 E 8 1 0 1
2021 11 06 00 02 08 23620.817  -703.246 39182.609  12.90  12.21   57  616.1 4152.43566 N 00119.94789 E 8 1 0 1
2021 11 06 00 02 09 23622.014  -703.790 39181.094  12.90  12.21   57  616.1 4152.43564 N 00119.94796 E 8 1 0 1
2021 11 06 00 02 10 23621.405  -703.110 39182.460  12.90  12.21   57  616.3 4152.43561 N 00119.94800 E 8 1 0 1
2021 11 06 00 02 11 23623.671  -703.856 39179.970  12.90  12.21   58  616.5 4152.43558 N 00119.94810 E 8 1 0 1
2021 11 06 00 02 12 23622.147  -702.515 39182.770  12.90  12.21   57  616.5 4152.43555 N 00119.94811 E 8 1 0 1
2021 11 06 00 02 13 23623.677  -702.921 39181.218  12.90  12.21   57  616.7 4152.43552 N 00119.94814 E 8 1 0 1
2021 11 06 00 02 14 23622.481  -702.079 39183.231  12.90  12.21   57  616.4 4152.43549 N 00119.94826 E 8 1 0 1
2021 11 06 00 02 15 23623.809  -702.952 39181.176  12.90  12.21   57  616.5 4152.43538 N 00119.94829 E 8 1 0 1
2021 11 06 00 02 16 23622.557  -702.105 39183.153  12.90  12.21   57  616.6 4152.43531 N 00119.94844 E 8 1 0 1
2021 11 06 00 02 17 23623.843  -702.679 39181.495  12.90  12.21   57  617.2 4152.43513 N 00119.94864 E 8 1 0 1
2021 11 06 00 02 18 23622.780  -701.949 39183.256  12.90  12.21   57  617.6 4152.43503 N 00119.94878 E 8 1 0 1
2021 11 06 00 02 19 23623.698  -702.499 39181.926  12.90  12.21   57  617.8 4152.43507 N 00119.94874 E 8 1 0 1
2021 11 06 00 02 20 23622.846  -702.153 39183.043  12.90  12.21   57  618.3 4152.43477 N 00119.94935 E 8 1 0 1
2021 11 06 00 02 21 23623.712  -702.872 39181.491  12.90  12.21   57  618.5 4152.43473 N 00119.94939 E 8 1 0 1
2021 11 06 00 02 22 23623.727  -703.522 39180.566  12.90  12.21   57  618.0 4152.43492 N 00119.94914 E 8 1 0 1
2021 11 06 00 02 23 23622.018  -702.871 39182.635  12.90  12.21   56  617.7 4152.43493 N 00119.94914 E 8 1 0 1
2021 11 06 00 02 24 23622.860  -703.559 39181.122  12.90  12.21   57  617.7 4152.43479 N 00119.94955 E 8 1 0 1
2021 11 06 00 02 25 23621.891  -702.923 39182.705  12.90  12.21   57  617.4 4152.43499 N 00119.94917 E 8 1 0 1
2021 11 06 00 02 26 23622.634  -703.731 39181.098  12.90  12.21   57  617.0 4152.43506 N 00119.94903 E 8 1 0 1
2021 11 06 00 02 27 23621.548  -703.265 39182.517  12.90  12.21   57  617.2 4152.43488 N 00119.94941 E 8 1 0 1
2021 11 06 00 02 28 23622.514  -704.014 39180.896  12.90  12.21   57  617.2 4152.43477 N 00119.94952 E 8 1 0 1
2021 11 06 00 02 29 23621.210  -703.588 39182.356  12.90  12.21   57  617.1 4152.43465 N 00119.95006 E 8 1 0 1
2021 11 06 00 02 30 23622.489  -704.125 39180.815  12.90  12.21   57  617.0 4152.43466 N 00119.95022 E 8 1 0 1
2021 11 06 00 02 31 23621.333  -703.632 39182.315  12.90  12.21   57  617.0 4152.43467 N 00119.94998 E 8 1 0 1
2021 11 06 00 02 32 23622.419  -704.421 39180.562  12.90  12.21   57  617.5 4152.43436 N 00119.95082 E 8 1 0 1
2021 11 06 00 02 33 23621.190  -703.644 39182.525  12.90  12.21   57  617.5 4152.43438 N 00119.95077 E 8 1 0 1
2021 11 06 00 02 34 23621.973  -704.041 39181.467  12.90  12.21   57  617.4 4152.43428 N 00119.95136 E 8 1 0 1
2021 11 06 00 02 35 23621.391  -703.521 39182.654  12.90  12.21   57  617.5 4152.43425 N 00119.95156 E 8 1 0 1
2021 11 06 00 02 36 23622.055  -704.264 39181.219  12.90  12.21   57  617.5 4152.43438 N 00119.95129 E 8 1 0 1
2021 11 06 00 02 37 23620.856  -703.835 39182.625  12.90  12.21   57  617.3 4152.43446 N 00119.95102 E 8 1 0 1
2021 11 06 00 02 38 23622.292  -704.623 39180.637  12.90  12.21   56  617.6 4152.43420 N 00119.95152 E 8 1 0 1
2021 11 06 00 02 39 23621.006  -703.823 39182.685  12.90  12.21   57  617.5 4152.43433 N 00119.95135 E 8 1 0 1
2021 11 06 00 02 40 23622.542  -704.794 39180.331  12.90  12.21   57  617.5 4152.43434 N 00119.95124 E 8 1 0 1
2021 11 06 00 02 41 23621.032  -704.121 39182.343  12.90  12.21   57  617.2 4152.43429 N 00119.95161 E 8 1 0 1
2021 11 06 00 02 42 23622.329  -705.009 39180.308  12.90  12.21   57  617.2 4152.43414 N 00119.95215 E 8 1 0 1
2021 11 06 00 02 43 23620.585  -704.189 39182.602  12.90  12.21   57  616.7 4152.43432 N 00119.95187 E 8 1 0 1
2021 11 06 00 02 44 23622.243  -705.078 39180.327  12.90  12.21   57  616.4 4152.43438 N 00119.95173 E 7 1 0 1
2021 11 06 00 02 45 23621.059  -703.894 39182.830  12.90  12.21   57  616.1 4152.43420 N 00119.95258 E 7 1 0 1
2021 11 06 00 02 46 23622.700  -704.868 39180.454  12.90  12.21   57  616.0 4152.43426 N 00119.95276 E 7 1 0 1
2021 11 06 00 02 47 23621.102  -704.225 39182.434  12.90  12.21   58  615.7 4152.43449 N 00119.95198 E 8 1 0 1
2021 11 06 00 02 48 23622.700  -705.214 39180.093  12.90  12.21   58  615.4 4152.43449 N 00119.95245 E 8 1 0 1
2021 11 06 00 02 49 23620.901  -704.519 39182.220  12.90  12.21   57  615.0 4152.43472 N 00119.95179 E 8 1 0 1
2021 11 06 00 02 50 23622.342  -705.198 39180.336  12.90  12.21   57  614.7 4152.43493 N 00119.95110 E 8 1 0 1
2021 11 06 00 02 51 23621.440  -704.092 39182.518  12.90  12.21   57  615.2 4152.43484 N 00119.95099 E 8 1 0 1
2021 11 06 00 02 52 23623.098  -704.490 39180.912  12.90  12.21   57  615.5 4152.43480 N 00119.95066 E 8 1 0 1
2021 11 06 00 02 53 23622.042  -703.474 39183.065  12.90  12.21   57  615.0 4152.43523 N 00119.94973 E 7 1 0 1
2021 11 06 00 02 54 23623.745  -703.972 39181.335  12.90  12.21   57  614.9 4152.43537 N 00119.94944 E 7 1 0 1
2021 11 06 00 02 55 23621.977  -703.527 39183.174  12.90  12.21   57  615.5 4152.43513 N 00119.94977 E 8 1 0 1
2021 11 06 00 02 56 23623.173  -704.482 39181.096  12.90  12.21   57  615.4 4152.43520 N 00119.94962 E 7 1 0 1
2021 11 06 00 02 57 23621.846  -703.767 39183.034  12.90  12.21   57  615.3 4152.43534 N 00119.94940 E 7 1 0 1
2021 11 06 00 02 58 23623.372  -704.459 39181.097  12.90  12.21   57  615.7 4152.43532 N 00119.94944 E 8 1 0 1
2021 11 06 00 02 59 23622.374  -703.431 39183.219  12.90  12.21   57  616.0 4152.43532 N 00119.94944 E 8 1 0 1
2021 11 06 00 03 00 23623.776  -704.135 39181.360  12.90  12.21   57  615.9 4152.43549 N 00119.94877 E 7 1 0 1
2021 11 06 00 03 01 23622.243  -703.779 39182.943  12.90  12.21   57  615.8 4152.43548 N 00119.94899 E 8 1 0 1
2021 11 06 00 03 02 23622.841  -704.885 39180.986  12.90  12.21   57  615.9 4152.43565 N 00119.94878 E 8 1 0 1
2021 11 06 00 03 03 23621.553  -704.226 39182.797  12.90  12.21   57  615.9 4152.43558 N 00119.94891 E 8 1 0 1
2021 11 06 00 03 04 23621.739  -704.224 39182.712  12.90  12.21   57  615.7 4152.43562 N 00119.94904 E 8 1 0 1
2021 11 06 00 03 05 23621.540  -704.059 39183.135  12.90  12.21   57  615.7 4152.43553 N 00119.94939 E 8 1 0 1
2021 11 06 00 03 06 23622.798  -705.465 39180.295  12.90  12.21   57  615.4 4152.43568 N 00119.94911 E 8 1 0 1
2021 11 06 00 03 07 23623.163  -705.416 39180.121  12.90  12.21   57  614.9 4152.43583 N 00119.94883 E 8 1 0 1
2021 11 06 00 03 08 23622.266  -703.934 39182.847  12.90  12.21   57  615.4 4152.43571 N 00119.94882 E 8 1 0 1
2021 11 06 00 03 09 23623.345  -704.161 39181.857  12.90  12.21   57  614.9 4152.43606 N 00119.94811 E 8 1 0 1
2021 11 06 00 03 10 23622.538  -703.855 39182.841  12.90  12.21   57  614.8 4152.43591 N 00119.94842 E 8 1 0 1
2021 11 06 00 03 11 23623.692  -704.283 39181.512  12.90  12.21   57  614.9 4152.43588 N 00119.94841 E 8 1 0 1
2021 11 06 00 03 12 23622.708  -703.414 39183.448  12.90  12.21   57  614.8 4152.43608 N 00119.94790 E 8 1 0 1
2021 11 06 00 03 13 23623.708  -704.408 39181.392  12.90  12.21   57  614.8 4152.43601 N 00119.94786 E 8 1 0 1
2021 11 06 00 03 14 23622.649  -703.578 39183.277  12.90  12.21   57  614.9 4152.43584 N 00119.94840 E 8 1 0 1
2021 11 06 00 03 15 23624.022  -704.284 39181.452  12.90  12.21   57  614.7 4152.43589 N 00119.94831 E 7 1 0 1
2021 11 06 00 03 16 23622.778  -703.564 39183.309  12.90  12.21   57  614.6 4152.43583 N 00119.94859 E 8 1 0 1
2021 11 06 00 03 17 23624.169  -704.221 39181.535  12.90  12.21   57  613.3 4152.43627 N 00119.94792 E 8 1 0 1
2021 11 06 00 03 18 23622.995  -703.368 39183.567  12.90  12.21   57  613.1 4152.43656 N 00119.94709 E 8 1 0 1
2021 11 06 00 03 19 23623.846  -704.597 39181.281  12.90  12.21   57  612.9 4152.43669 N 00119.94664 E 8 1 0 1
2021 11 06 00 03 20 23622.192  -704.124 39183.039  12.90  12.21   57  612.2 4152.43684 N 00119.94673 E 8 1 0 1
2021 11 06 00 03 21 23623.745  -705.005 39180.803  12.90  12.21   57  611.9 4152.43723 N 00119.94579 E 8 1 0 1
2021 11 06 00 03 22 23622.485  -704.000 39183.103  12.90  12.21   57  612.0 4152.43729 N 00119.94565 E 8 1 0 1
2021 11 06 00 03 23 23623.815  -704.927 39180.932  12.90  12.21   57  611.5 4152.43741 N 00119.94536 E 8 1 0 1
2021 11 06 00 03 24 23622.212  -704.013 39183.242  12.90  12.21   57  611.2 4152.43748 N 00119.94538 E 8 1 0 1
2021 11 06 00 03 25 23623.891  -704.835 39181.029  12.90  12.21   57  611.1 4152.43778 N 00119.94452 E 8 1 0 1
2021 11 06 00 03 26 23622.270  -704.000 39183.234  12.90  12.21   57  610.4 4152.43774 N 00119.94488 E 8 1 0 1
2021 11 06 00 03 27 23623.649  -705.016 39180.896  12.90  12.21   57  610.5 4152.43770 N 00119.94527 E 8 1 0 1
2021 11 06 00 03 28 23622.364  -703.951 39183.254  12.90  12.21   57  610.3 4152.43799 N 00119.94452 E 8 1 0 1
2021 11 06 00 03 29 23623.827  -704.890 39180.990  12.90  12.21   57  610.1 4152.43819 N 00119.94410 E 8 1 0 1
2021 11 06 00 03 30 23622.407  -703.956 39183.223  12.90  12.21   57  610.3 4152.43792 N 00119.94493 E 8 1 0 1
2021 11 06 00 03 31 23624.097  -705.024 39180.618  12.90  12.21   57  610.3 4152.43788 N 00119.94524 E 8 1 0 1
2021 11 06 00 03 32 23622.284  -704.083 39183.098  12.90  12.21   57  610.7 4152.43787 N 00119.94517 E 8 1 0 1
2021 11 06 00 03 33 23623.659  -704.839 39181.129  12.90  12.21   57  610.9 4152.43776 N 00119.94538 E 8 1 0 1
2021 11 06 00 03 34 23622.243  -704.224 39182.935  12.90  12.21   57  610.9 4152.43769 N 00119.94566 E 8 1 0 1
2021 11 06 00 03 35 23623.335  -704.927 39181.205  12.90  12.21   57  611.0 4152.43770 N 00119.94548 E 8 1 0 1
2021 11 06 00 03 36 23622.294  -704.161 39182.962  12.90  12.21   57  611.1 4152.43766 N 00119.94555 E 8 1 0 1
2021 11 06 00 03 37 23623.735  -704.925 39180.997  12.90  12.21   57  611.2 4152.43751 N 00119.94577 E 7 1 0 1
2021 11 06 00 03 38 23622.509  -704.225 39182.835  12.90  12.21   57  611.3 4152.43745 N 00119.94582 E 7 1 0 1
2021 11 06 00 03 39 23623.899  -705.018 39180.804  12.90  12.21   57  611.4 4152.43737 N 00119.94594 E 8 1 0 1
2021 11 06 00 03 40 23622.690  -704.201 39182.813  12.90  12.21   57  611.2 4152.43762 N 00119.94507 E 8 1 0 1
2021 11 06 00 03 41 23624.182  -705.045 39180.693  12.90  12.21   57  610.9 4152.43758 N 00119.94504 E 8 1 0 1
2021 11 06 00 03 42 23622.905  -704.092 39182.892  12.90  12.21   57  610.9 4152.43761 N 00119.94493 E 8 1 0 1
2021 11 06 00 03 43 23624.333  -704.695 39181.125  12.90  12.21   57  610.9 4152.43762 N 00119.94482 E 8 1 0 1
2021 11 06 00 03 44 23623.093  -703.990 39182.936  12.90  12.21   57  611.2 4152.43751 N 00119.94519 E 8 1 0 1
2021 11 06 00 03 45 23624.304  -704.653 39181.234  12.90  12.21   57  611.4 4152.43728 N 00119.94577 E 8 1 0 1
2021 11 06 00 03 46 23623.202  -703.987 39182.917  12.90  12.21   57  611.3 4152.43751 N 00119.94488 E 8 1 0 1
2021 11 06 00 03 47 23622.430  -703.587 39183.983  12.90  12.21   57  611.5 4152.43773 N 00119.94417 E 7 1 0 1
2021 11 06 00 03 48 23624.311  -704.635 39181.297  12.90  12.21   57  611.6 4152.43764 N 00119.94459 E 8 1 0 1
2021 11 06 00 03 49 23623.403  -703.965 39182.832  12.90  12.21   57  611.8 4152.43759 N 00119.94474 E 8 1 0 1
2021 11 06 00 03 50 23624.524  -704.608 39181.216  12.90  12.21   57  611.9 4152.43765 N 00119.94458 E 8 1 0 1
2021 11 06 00 03 51 23623.651  -704.128 39182.429  12.90  12.21   58  612.1 4152.43750 N 00119.94498 E 8 1 0 1
2021 11 06 00 03 52 23624.638  -704.633 39181.076  12.90  12.21   57  612.1 4152.43754 N 00119.94485 E 8 1 0 1
2021 11 06 00 03 53 23623.366  -703.858 39182.960  12.90  12.21   57  612.9 4152.43715 N 00119.94561 E 8 1 0 1
2021 11 06 00 03 54 23624.524  -704.413 39181.387  12.90  12.21   57  613.3 4152.43685 N 00119.94631 E 8 1 0 1
2021 11 06 00 03 55 23623.630  -703.698 39182.988  12.90  12.21   57  613.7 4152.43656 N 00119.94713 E 8 1 0 1
2021 11 06 00 03 56 23624.860  -704.333 39181.283  12.90  12.21   57  613.7 4152.43702 N 00119.94552 E 8 1 0 1
2021 11 06 00 03 57 23623.450  -703.800 39182.937  12.90  12.21   57  613.7 4152.43701 N 00119.94569 E 7 1 0 1
2021 11 06 00 03 58 23624.618  -704.645 39180.971  12.90  12.21   57  613.8 4152.43699 N 00119.94574 E 8 1 0 1
2021 11 06 00 03 59 23623.335  -703.827 39182.944  12.90  12.21   57  614.3 4152.43668 N 00119.94649 E 8 1 0 1
2021 11 06 00 04 00 23624.673  -704.589 39181.014  12.90  12.21   57  614.6 4152.43645 N 00119.94705 E 8 1 0 1
2021 11 06 00 04 01 23623.507  -703.833 39182.887  12.90  12.21   57  614.8 4152.43634 N 00119.94701 E 8 1 0 1
2021 11 06 00 04 02 23624.579  -704.757 39180.913  12.90  12.21   57  615.4 4152.43639 N 00119.94643 E 7 1 0 1
2021 11 06 00 04 03 23623.171  -703.969 39182.944  12.90  12.21   57  615.6 4152.43618 N 00119.94691 E 7 1 0 1
2021 11 06 00 04 04 23624.710  -704.717 39180.925  12.90  12.21   57  616.0 4152.43590 N 00119.94761 E 8 1 0 1
2021 11 06 00 04 05 23622.544  -703.363 39184.252  12.90  12.21   57  616.7 4152.43552 N 00119.94849 E 8 1 0 1
2021 11 06 00 04 06 23624.927  -704.545 39181.121  12.90  12.21   57  617.3 4152.43508 N 00119.94952 E 8 1 0 1
2021 11 06 00 04 07 23623.620  -703.639 39183.257  12.90  12.21   57  617.6 4152.43474 N 00119.95051 E 8 1 0 1
2021 11 06 00 04 08 23625.214  -704.487 39181.072  12.90  12.21   57  618.0 4152.43470 N 00119.95067 E 8 1 0 1
2021 11 06 00 04 09 23623.286  -703.941 39183.124  12.90  12.21   57  618.4 4152.43449 N 00119.95122 E 8 1 0 1
2021 11 06 00 04 10 23624.276  -705.194 39180.730  12.90  12.21   57  618.9 4152.43420 N 00119.95184 E 8 1 0 1
2021 11 06 00 04 11 23622.776  -704.657 39182.492  12.90  12.21   58  619.6 4152.43361 N 00119.95323 E 8 1 0 1
2021 11 06 00 04 12 23624.397  -705.366 39180.501  12.90  12.21   57  619.8 4152.43333 N 00119.95389 E 8 1 0 1
2021 11 06 00 04 13 23623.012  -704.260 39182.941  12.90  12.21   57  620.0 4152.43320 N 00119.95414 E 7 1 0 1
2021 11 06 00 04 14 23624.772  -705.002 39180.838  12.90  12.21   57  619.2 4152.43345 N 00119.95358 E 7 1 0 1
2021 11 06 00 04 15 23623.155  -704.075 39183.194  12.90  12.21   57  619.3 4152.43348 N 00119.95340 E 7 1 0 1
2021 11 06 00 04 16 23624.718  -704.981 39180.939  12.90  12.21   57  619.4 4152.43350 N 00119.95329 E 8 1 0 1
2021 11 06 00 04 17 23623.421  -704.054 39183.134  12.90  12.21   57  620.3 4152.43300 N 00119.95427 E 8 1 0 1
2021 11 06 00 04 18 23624.942  -704.882 39181.072  12.90  12.21   57  620.4 4152.43318 N 00119.95372 E 8 1 0 1
2021 11 06 00 04 19 23623.641  -703.973 39183.232  12.90  12.21   57  620.8 4152.43308 N 00119.95384 E 8 1 0 1
2021 11 06 00 04 20 23625.149  -704.652 39181.346  12.90  12.21   57  621.0 4152.43306 N 00119.95389 E 8 1 0 1
2021 11 06 00 04 21 23624.046  -703.823 39183.281  12.90  12.21   57  621.1 4152.43292 N 00119.95420 E 8 1 0 1
2021 11 06 00 04 22 23625.485  -704.481 39181.429  12.90  12.21   57  621.0 4152.43305 N 00119.95400 E 8 1 0 1
2021 11 06 00 04 23 23624.263  -703.599 39183.547  12.90  12.21   57  620.3 4152.43327 N 00119.95350 E 8 1 0 1
2021 11 06 00 04 24 23625.552  -704.263 39181.756  12.90  12.21   57  620.3 4152.43319 N 00119.95394 E 8 1 0 1
2021 11 06 00 04 25 23624.337  -703.601 39183.563  12.90  12.21   57  620.7 4152.43314 N 00119.95385 E 8 1 0 1
2021 11 06 00 04 26 23625.643  -704.366 39181.695  12.90  12.21   57  620.8 4152.43300 N 00119.95435 E 8 1 0 1
2021 11 06 00 04 27 23624.149  -703.787 39183.508  12.90  12.21   57  620.5 4152.43314 N 00119.95420 E 8 1 0 1
2021 11 06 00 04 28 23625.106  -704.686 39181.670  12.90  12.21   57  620.5 4152.43306 N 00119.95458 E 8 1 0 1
2021 11 06 00 04 29 23625.559  -704.970 39180.996  12.90  12.21   57  620.5 4152.43311 N 00119.95441 E 8 1 0 1
2021 11 06 00 04 30 23624.167  -704.103 39183.163  12.90  12.21   57  620.7 4152.43312 N 00119.95420 E 8 1 0 1
2021 11 06 00 04 31 23625.280  -704.929 39181.360  12.90  12.21   57  621.0 4152.43291 N 00119.95489 E 8 1 0 1
2021 11 06 00 04 32 23623.876  -704.301 39183.174  12.90  12.21   57  621.7 4152.43294 N 00119.95460 E 8 1 0 1
2021 11 06 00 04 33 23624.458  -705.329 39181.334  12.90  12.21   57  621.8 4152.43299 N 00119.95461 E 8 1 0 1
2021 11 06 00 04 34 23623.542  -704.668 39182.908  12.90  12.21   57  622.1 4152.43296 N 00119.95463 E 8 1 0 1
2021 11 06 00 04 35 23624.300  -704.730 39182.418  12.90  12.21   57  622.2 4152.43287 N 00119.95450 E 8 1 0 1
2021 11 06 00 04 36 23623.762  -704.461 39183.182  12.90  12.21   57  622.4 4152.43282 N 00119.95429 E 8 1 0 1
2021 11 06 00 04 37 23624.327  -705.640 39181.174  12.90  12.21   57  622.6 4152.43255 N 00119.95491 E 8 1 0 1
2021 11 06 00 04 38 23622.786  -705.181 39182.844  12.90  12.21   57  622.8 4152.43250 N 00119.95500 E 8 1 0 1
2021 11 06 00 04 39 23624.120  -705.978 39180.902  12.90  12.21   57  623.0 4152.43236 N 00119.95568 E 8 1 0 1
2021 11 06 00 04 40 23622.829  -705.600 39182.323  12.90  12.21   57  623.1 4152.43221 N 00119.95607 E 8 1 0 1
2021 11 06 00 04 41 23623.981  -706.461 39180.353  12.90  12.21   58  623.1 4152.43232 N 00119.95579 E 8 1 0 1
2021 11 06 00 04 42 23622.786  -705.443 39182.564  12.90  12.21   57  623.0 4152.43229 N 00119.95593 E 8 1 0 1
2021 11 06 00 04 43 23624.102  -706.174 39180.672  12.90  12.21   57  622.9 4152.43248 N 00119.95520 E 8 1 0 1
2021 11 06 00 04 44 23622.499  -705.496 39182.656  12.90  12.21   57  623.5 4152.43205 N 00119.95606 E 8 1 0 1
2021 11 06 00 04 45 23623.950  -706.233 39180.699  12.90  12.21   57  623.3 4152.43206 N 00119.95615 E 8 1 0 1
2021 11 06 00 04 46 23622.579  -705.492 39182.621  12.90  12.21   57  623.3 4152.43204 N 00119.95622 E 8 1 0 1
2021 11 06 00 04 47 23623.686  -706.499 39180.461  12.90  12.21   57  623.8 4152.43183 N 00119.95618 E 8 1 0 1
2021 11 06 00 04 48 23622.411  -705.545 39182.601  12.90  12.21   57  623.4 4152.43210 N 00119.95554 E 8 1 0 1
2021 11 06 00 04 49 23624.151  -705.986 39180.797  12.90  12.21   57  623.3 4152.43228 N 00119.95504 E 8 1 0 1
2021 11 06 00 04 50 23622.993  -704.906 39183.121  12.90  12.21   57  623.4 4152.43244 N 00119.95461 E 8 1 0 1
2021 11 06 00 04 51 23624.620  -706.080 39180.473  12.90  12.21   57  623.1 4152.43259 N 00119.95424 E 8 1 0 1
2021 11 06 00 04 52 23622.891  -705.103 39182.922  12.90  12.21   57  622.9 4152.43268 N 00119.95402 E 8 1 0 1
2021 11 06 00 04 53 23624.399  -705.817 39180.938  12.90  12.21   57  622.7 4152.43288 N 00119.95356 E 8 1 0 1
2021 11 06 00 04 54 23623.001  -704.869 39183.202  12.90  12.21   57  622.9 4152.43295 N 00119.95327 E 8 1 0 1
2021 11 06 00 04 55 23624.698  -705.686 39180.916  12.90  12.21   57  623.0 4152.43298 N 00119.95317 E 8 1 0 1
2021 11 06 00 04 56 23623.374  -704.529 39183.457  12.90  12.21   57  623.4 4152.43288 N 00119.95329 E 8 1 0 1
2021 11 06 00 04 57 23624.848  -705.186 39181.578  12.90  12.21   57  623.1 4152.43313 N 00119.95280 E 8 1 0 1
2021 11 06 00 04 58 23623.331  -704.635 39183.332  12.90  12.21   57  623.0 4152.43313 N 00119.95280 E 8 1 0 1
2021 11 06 00 04 59 23624.864  -705.482 39181.177  12.90  12.21   57  623.0 4152.43317 N 00119.95270 E 8 1 0 1
2021 11 06 00 05 00 23623.618  -704.505 39183.419  12.90  12.21   57  623.2 4152.43288 N 00119.95348 E 8 1 0 1
2021 11 06 00 05 01 23625.292  -705.406 39181.106  12.90  12.21   57  623.4 4152.43280 N 00119.95347 E 8 1 0 1
2021 11 06 00 05 02 23623.634  -704.563 39183.404  12.90  12.21   57  623.2 4152.43306 N 00119.95249 E 7 1 0 1
2021 11 06 00 05 03 23625.114  -705.263 39181.479  12.90  12.21   57  623.4 4152.43274 N 00119.95330 E 8 1 0 1
2021 11 06 00 05 04 23624.093  -704.267 39183.582  12.90  12.21   57  623.4 4152.43281 N 00119.95283 E 7 1 0 1
2021 11 06 00 05 05 23624.858  -705.004 39182.080  12.90  12.21   57  623.2 4152.43275 N 00119.95315 E 8 1 0 1
2021 11 06 00 05 06 23623.862  -704.428 39183.561  12.90  12.21   57  623.2 4152.43268 N 00119.95335 E 8 1 0 1
2021 11 06 00 05 07 23625.304  -705.186 39181.573  12.90  12.21   57  623.4 4152.43249 N 00119.95384 E 8 1 0 1
2021 11 06 00 05 08 23623.866  -704.479 39183.562  12.90  12.21   57  623.1 4152.43257 N 00119.95358 E 8 1 0 1
2021 11 06 00 05 09 23624.985  -705.369 39181.627  12.90  12.21   57  623.3 4152.43246 N 00119.95388 E 8 1 0 1
2021 11 06 00 05 10 23623.846  -704.695 39183.336  12.90  12.21   57  623.3 4152.43248 N 00119.95381 E 8 1 0 1
2021 11 06 00 05 11 23625.212  -705.641 39181.204  12.90  12.21   58  623.8 4152.43220 N 00119.95423 E 7 1 0 1
2021 11 06 00 05 12 23625.183  -706.122 39180.575  12.90  12.21   57  623.9 4152.43216 N 00119.95430 E 7 1 0 1
2021 11 06 00 05 13 23623.745  -705.059 39183.006  12.90  12.21   57  624.0 4152.43217 N 00119.95398 E 8 1 0 1
2021 11 06 00 05 14 23625.016  -705.415 39181.768  12.90  12.21   57  624.4 4152.43179 N 00119.95497 E 8 1 0 1
2021 11 06 00 05 15 23624.204  -704.811 39183.195  12.90  12.21   57  624.2 4152.43196 N 00119.95444 E 8 1 0 1
2021 11 06 00 05 16 23625.349  -705.261 39181.867  12.90  12.21   57  624.2 4152.43189 N 00119.95466 E 8 1 0 1
2021 11 06 00 05 17 23624.616  -704.500 39183.482  12.90  12.21   57  624.9 4152.43132 N 00119.95572 E 8 1 0 1
2021 11 06 00 05 18 23625.913  -705.056 39181.909  12.90  12.21   57  624.7 4152.43139 N 00119.95551 E 8 1 0 1
2021 11 06 00 05 19 23624.649  -704.440 39183.649  12.90  12.21   57  624.8 4152.43119 N 00119.95595 E 8 1 0 1
2021 11 06 00 05 20 23625.974  -705.123 39181.863  12.90  12.21   57  624.9 4152.43126 N 00119.95562 E 8 1 0 1
2021 11 06 00 05 21 23625.022  -704.503 39183.457  12.90  12.21   57  624.7 4152.43151 N 00119.95490 E 8 1 0 1
2021 11 06 00 05 22 23626.214  -705.142 39181.826  12.90  12.21   58  624.7 4152.43158 N 00119.95474 E 8 1 0 1
2021 11 06 00 05 23 23624.929  -704.425 39183.745  12.90  12.21   57  623.8 4152.43174 N 00119.95480 E 8 1 0 1
2021 11 06 00 05 24 23626.198  -705.228 39181.838  12.90  12.21   57  623.3 4152.43187 N 00119.95477 E 8 1 0 1
2021 11 06 00 05 25 23624.772  -704.435 39183.924  12.90  12.21   57  622.9 4152.43218 N 00119.95408 E 8 1 0 1
2021 11 06 00 05 26 23626.017  -705.093 39182.219  12.90  12.21   57  622.3 4152.43230 N 00119.95381 E 8 1 0 1
2021 11 06 00 05 27 23624.975  -704.323 39184.022  12.90  12.21   57  622.1 4152.43230 N 00119.95392 E 8 1 0 1
2021 11 06 00 05 28 23626.556  -704.980 39182.089  12.90  12.21   57  622.1 4152.43220 N 00119.95412 E 8 1 0 1
2021 11 06 00 05 29 23625.204  -704.198 39184.183  12.90  12.21   57  622.0 4152.43183 N 00119.95525 E 8 1 0 1
2021 11 06 00 05 30 23626.575  -705.300 39181.775  12.90  12.21   57  621.7 4152.43198 N 00119.95473 E 8 1 0 1
2021 11 06 00 05 31 23624.999  -704.655 39183.755  12.90  12.21   57  621.6 4152.43212 N 00119.95457 E 8 1 0 1
2021 11 06 00 05 32 23626.464  -705.628 39181.448  12.90  12.21   57  621.6 4152.43223 N 00119.95425 E 8 1 0 1
2021 11 06 00 05 33 23624.716  -704.689 39183.960  12.90  12.21   57  621.7 4152.43215 N 00119.95420 E 8 1 0 1
2021 11 06 00 05 34 23626.380  -705.702 39181.479  12.90  12.21   57  621.9 4152.43178 N 00119.95493 E 8 1 0 1
2021 11 06 00 05 35 23624.694  -704.810 39183.851  12.90  12.21   57  622.0 4152.43174 N 00119.95484 E 8 1 0 1
2021 11 06 00 05 36 23626.032  -705.579 39181.874  12.90  12.21   57  622.4 4152.43134 N 00119.95577 E 8 1 0 1
2021 11 06 00 05 37 23624.708  -704.809 39183.851  12.90  12.21   57  622.6 4152.43137 N 00119.95547 E 8 1 0 1
2021 11 06 00 05 38 23626.327  -705.757 39181.499  12.90  12.21   57  622.1 4152.43164 N 00119.95471 E 8 1 0 1
2021 11 06 00 05 39 23624.858  -704.805 39183.868  12.90  12.21   57  622.3 4152.43161 N 00119.95461 E 8 1 0 1
2021 11 06 00 05 40 23626.456  -705.669 39181.667  12.90  12.21   57  622.6 4152.43152 N 00119.95480 E 8 1 0 1
2021 11 06 00 05 41 23625.224  -704.807 39183.711  12.90  12.21   57  623.2 4152.43128 N 00119.95525 E 8 1 0 1
2021 11 06 00 05 42 23626.700  -705.505 39181.769  12.90  12.21   57  623.6 4152.43098 N 00119.95589 E 8 1 0 1
2021 11 06 00 05 43 23625.405  -704.632 39183.887  12.90  12.21   57  623.9 4152.43102 N 00119.95544 E 8 1 0 1
2021 11 06 00 05 44 23626.806  -705.428 39181.867  12.90  12.21   57  624.4 4152.43098 N 00119.95543 E 8 1 0 1
2021 11 06 00 05 45 23625.454  -704.631 39183.918  12.90  12.21   57  624.9 4152.43095 N 00119.95517 E 8 1 0 1
2021 11 06 00 05 46 23626.802  -705.493 39181.879  12.90  12.21   57  625.4 4152.43069 N 00119.95571 E 8 1 0 1
2021 11 06 00 05 47 23625.349  -704.742 39183.942  12.90  12.21   57  626.1 4152.43028 N 00119.95664 E 8 1 0 1
2021 11 06 00 05 48 23626.726  -705.507 39182.020  12.90  12.21   57  627.3 4152.42963 N 00119.95804 E 8 1 0 1
2021 11 06 00 05 49 23625.433  -704.756 39183.931  12.90  12.21   57  627.8 4152.42928 N 00119.95866 E 7 1 0 1
2021 11 06 00 05 50 23626.780  -705.542 39181.969  12.90  12.21   57  628.2 4152.42916 N 00119.95876 E 7 1 0 1
2021 11 06 00 05 51 23625.710  -704.943 39183.575  12.90  12.21   57  628.4 4152.42905 N 00119.95901 E 8 1 0 1
2021 11 06 00 05 52 23626.784  -705.638 39181.911  12.90  12.21   57  628.9 4152.42876 N 00119.95958 E 8 1 0 1
2021 11 06 00 05 53 23625.684  -704.965 39183.637  12.90  12.21   57  628.9 4152.42865 N 00119.95968 E 8 1 0 1
2021 11 06 00 05 54 23626.673  -705.514 39182.230  12.90  12.21   57  629.2 4152.42852 N 00119.95997 E 8 1 0 1
2021 11 06 00 05 55 23627.146  -705.875 39181.431  12.90  12.21   57  629.6 4152.42835 N 00119.96019 E 8 1 0 1
2021 11 06 00 05 56 23625.737  -704.971 39183.681  12.90  12.21   57  629.1 4152.42854 N 00119.95960 E 8 1 0 1
2021 11 06 00 05 57 23626.292  -705.563 39182.509  12.90  12.21   57  629.1 4152.42856 N 00119.95951 E 8 1 0 1
2021 11 06 00 05 58 23624.772  -705.819 39183.113  12.90  12.21   57  629.3 4152.42851 N 00119.95945 E 8 1 0 1
2021 11 06 00 05 59 23625.831  -706.506 39181.480  12.90  12.21   57  629.3 4152.42849 N 00119.95958 E 8 1 0 1
2021 11 06 00 06 00 23624.999  -705.531 39183.378  12.90  12.21   57  629.1 4152.42857 N 00119.95963 E 8 1 0 1
2021 11 06 00 06 01 23626.403  -706.167 39181.576  12.90  12.21   57  629.1 4152.42858 N 00119.95977 E 8 1 0 1
2021 11 06 00 06 02 23625.108  -705.669 39183.138  12.90  12.21   57  629.0 4152.42859 N 00119.95987 E 8 1 0 1
2021 11 06 00 06 03 23626.190  -706.413 39181.393  12.90  12.21   57  629.1 4152.42849 N 00119.96030 E 8 1 0 1
2021 11 06 00 06 04 23624.729  -705.756 39183.245  12.90  12.21   57  629.4 4152.42812 N 00119.96130 E 8 1 0 1
2021 11 06 00 06 05 23625.815  -706.405 39181.558  12.90  12.21   57  630.2 4152.42787 N 00119.96176 E 7 1 0 1
2021 11 06 00 06 06 23623.876  -705.259 39184.411  12.90  12.21   57  629.9 4152.42788 N 00119.96212 E 8 1 0 1
2021 11 06 00 06 07 23626.003  -706.483 39181.306  12.90  12.21   57  629.6 4152.42799 N 00119.96226 E 8 1 0 1
2021 11 06 00 06 08 23624.499  -705.687 39183.399  12.90  12.21   57  629.8 4152.42766 N 00119.96332 E 8 1 0 1
2021 11 06 00 06 09 23625.761  -706.616 39181.239  12.90  12.21   57  629.6 4152.42772 N 00119.96350 E 8 1 0 1
2021 11 06 00 06 10 23624.329  -705.860 39183.195  12.90  12.21   57  629.3 4152.42786 N 00119.96346 E 8 1 0 1
2021 11 06 00 06 11 23625.733  -706.816 39180.951  12.90  12.21   57  629.9 4152.42738 N 00119.96508 E 8 1 0 1
2021 11 06 00 06 12 23624.452  -705.715 39183.270  12.90  12.21   57  629.2 4152.42744 N 00119.96540 E 8 1 0 1
2021 11 06 00 06 13 23625.038  -706.583 39181.624  12.90  12.21   57  628.8 4152.42757 N 00119.96535 E 8 1 0 1
2021 11 06 00 06 14 23623.796  -705.996 39183.231  12.90  12.21   57  628.0 4152.42774 N 00119.96502 E 8 1 0 1
2021 11 06 00 06 15 23625.247  -706.985 39180.827  12.90  12.21   57  627.4 4152.42791 N 00119.96482 E 8 1 0 1
2021 11 06 00 06 16 23623.309  -706.273 39182.972  12.90  12.21   57  627.0 4152.42830 N 00119.96386 E 8 1 0 1
2021 11 06 00 06 17 23624.917  -707.003 39180.852  12.90  12.21   57  626.4 4152.42852 N 00119.96335 E 8 1 0 1
2021 11 06 00 06 18 23623.497  -706.075 39183.050  12.90  12.21   57  626.4 4152.42852 N 00119.96334 E 7 1 0 1
2021 11 06 00 06 19 23625.110  -706.948 39180.759  12.90  12.21   57  626.6 4152.42844 N 00119.96348 E 7 1 0 1
2021 11 06 00 06 20 23623.817  -705.785 39183.222  12.90  12.21   57  625.7 4152.42897 N 00119.96241 E 8 1 0 1
2021 11 06 00 06 21 23625.452  -706.670 39180.905  12.90  12.21   57  625.3 4152.42924 N 00119.96194 E 8 1 0 1
2021 11 06 00 06 22 23624.079  -705.468 39183.496  12.90  12.21   57  624.7 4152.42946 N 00119.96160 E 8 1 0 1
2021 11 06 00 06 23 23626.304  -705.866 39181.480  12.90  12.21   57  624.0 4152.42956 N 00119.96167 E 8 1 0 1
2021 11 06 00 06 24 23624.745  -704.912 39183.782  12.90  12.21   57  623.5 4152.42958 N 00119.96166 E 8 1 0 1
2021 11 06 00 06 25 23625.851  -705.911 39181.645  12.90  12.21   57  623.0 4152.42989 N 00119.96091 E 8 1 0 1
2021 11 06 00 06 26 23624.714  -704.990 39183.747  12.90  12.21   57  623.4 4152.42944 N 00119.96203 E 8 1 0 1
2021 11 06 00 06 27 23626.528  -705.558 39181.831  12.90  12.21   57  623.6 4152.42931 N 00119.96241 E 7 1 0 1
2021 11 06 00 06 28 23624.868  -704.829 39183.935  12.90  12.21   57  623.8 4152.42914 N 00119.96277 E 8 1 0 1
2021 11 06 00 06 29 23625.577  -706.279 39181.442  12.90  12.21   57  623.9 4152.42907 N 00119.96288 E 8 1 0 1
2021 11 06 00 06 30 23623.845  -705.804 39183.231  12.90  12.21   57  623.9 4152.42914 N 00119.96262 E 8 1 0 1
2021 11 06 00 06 31 23625.100  -706.722 39181.101  12.90  12.21   57  624.3 4152.42884 N 00119.96325 E 8 1 0 1
2021 11 06 00 06 32 23623.934  -706.071 39182.780  12.90  12.21   57  623.8 4152.42897 N 00119.96298 E 8 1 0 1
2021 11 06 00 06 33 23625.179  -706.553 39181.312  12.90  12.21   57  624.0 4152.42888 N 00119.96302 E 8 1 0 1
2021 11 06 00 06 34 23623.821  -705.906 39183.090  12.90  12.21   57  624.1 4152.42896 N 00119.96273 E 8 1 0 1
2021 11 06 00 06 35 23625.071  -706.687 39181.175  12.90  12.21   57  624.6 4152.42868 N 00119.96327 E 8 1 0 1
2021 11 06 00 06 36 23623.405  -705.842 39183.446  12.90  12.21   57  624.9 4152.42841 N 00119.96394 E 8 1 0 1
2021 11 06 00 06 37 23624.907  -706.818 39181.105  12.90  12.21   57  625.3 4152.42838 N 00119.96386 E 8 1 0 1
2021 11 06 00 06 38 23625.634  -706.805 39180.719  12.90  12.21   57  625.2 4152.42858 N 00119.96330 E 8 1 0 1
2021 11 06 00 06 39 23624.159  -705.889 39182.952  12.90  12.21   57  624.7 4152.42868 N 00119.96348 E 8 1 0 1
2021 11 06 00 06 40 23625.179  -706.622 39181.277  12.90  12.21   57  624.7 4152.42872 N 00119.96348 E 8 1 0 1
2021 11 06 00 06 41 23624.626  -705.761 39182.943  12.90  12.21   57  625.4 4152.42814 N 00119.96485 E 8 1 0 1
2021 11 06 00 06 42 23625.841  -706.280 39181.456  12.90  12.21   57  625.5 4152.42795 N 00119.96530 E 8 1 0 1
2021 11 06 00 06 43 23624.612  -705.671 39183.146  12.90  12.21   57  625.4 4152.42791 N 00119.96565 E 8 1 0 1
2021 11 06 00 06 44 23625.731  -706.376 39181.444  12.90  12.21   57  625.2 4152.42809 N 00119.96527 E 8 1 0 1
2021 11 06 00 06 45 23624.641  -705.478 39183.457  12.90  12.21   57  625.5 4152.42809 N 00119.96513 E 8 1 0 1
2021 11 06 00 06 46 23625.739  -706.222 39181.673  12.90  12.21   57  625.9 4152.42808 N 00119.96495 E 8 1 0 1
2021 11 06 00 06 47 23624.298  -705.917 39183.047  12.90  12.21   57  626.0 4152.42819 N 00119.96451 E 8 1 0 1
2021 11 06 00 06 48 23625.741  -706.544 39181.234  12.90  12.21   57  626.1 4152.42844 N 00119.96350 E 8 1 0 1
2021 11 06 00 06 49 23624.686  -705.596 39183.247  12.90  12.21   57  626.3 4152.42842 N 00119.96337 E 8 1 0 1
2021 11 06 00 06 50 23625.683  -706.250 39181.657  12.90  12.21   57  626.9 4152.42823 N 00119.96339 E 8 1 0 1
2021 11 06 00 06 51 23624.720  -705.559 39183.286  12.90  12.21   57  627.0 4152.42816 N 00119.96373 E 8 1 0 1
2021 11 06 00 06 52 23626.450  -706.329 39181.125  12.90  12.21   57  627.3 4152.42809 N 00119.96367 E 8 1 0 1
2021 11 06 00 06 53 23624.391  -705.817 39183.078  12.90  12.21   57  627.9 4152.42770 N 00119.96442 E 8 1 0 1
2021 11 06 00 06 54 23625.727  -706.630 39181.047  12.90  12.21   57  627.7 4152.42769 N 00119.96474 E 8 1 0 1
2021 11 06 00 06 55 23624.747  -705.312 39183.543  12.90  12.21   57  627.7 4152.42782 N 00119.96444 E 8 1 0 1
2021 11 06 00 06 56 23626.351  -706.063 39181.392  12.90  12.21   57  627.5 4152.42790 N 00119.96437 E 8 1 0 1
2021 11 06 00 06 57 23624.595  -705.298 39183.616  12.90  12.21   57  627.4 4152.42797 N 00119.96438 E 8 1 0 1
2021 11 06 00 06 58 23625.792  -706.408 39181.241  12.90  12.21   57  627.4 4152.42797 N 00119.96444 E 8 1 0 1
2021 11 06 00 06 59 23624.554  -705.286 39183.607  12.90  12.21   57  627.3 4152.42821 N 00119.96367 E 7 1 0 1
2021 11 06 00 07 00 23626.728  -705.684 39181.700  12.90  12.21   57  627.0 4152.42842 N 00119.96309 E 7 1 0 1
2021 11 06 00 07 01 23625.106  -704.791 39183.999  12.90  12.21   57  623.7 4152.42996 N 00119.95986 E 9 1 0 1
2021 11 06 00 07 02 23626.712  -706.035 39181.238  12.90  12.21   57  621.9 4152.43104 N 00119.95756 E 9 1 0 1
2021 11 06 00 07 03 23624.253  -705.483 39183.528  12.90  12.21   57  620.5 4152.43168 N 00119.95618 E 9 1 0 1
2021 11 06 00 07 04 23625.743  -706.407 39181.260  12.90  12.21   57  619.4 4152.43222 N 00119.95497 E 9 1 0 1
2021 11 06 00 07 05 23624.604  -705.149 39183.794  12.90  12.21   57  618.5 4152.43253 N 00119.95433 E 9 1 0 1
2021 11 06 00 07 06 23625.517  -705.517 39182.694  12.90  12.21   57  617.8 4152.43291 N 00119.95377 E 9 1 0 1
2021 11 06 00 07 07 23624.261  -705.043 39184.162  12.90  12.21   57  617.0 4152.43322 N 00119.95353 E 9 1 0 1
2021 11 06 00 07 08 23626.686  -706.253 39180.903  12.90  12.21   57  616.7 4152.43338 N 00119.95315 E 9 1 0 1
2021 11 06 00 07 09 23624.677  -705.064 39183.923  12.90  12.21   57  616.5 4152.43359 N 00119.95247 E 9 1 0 1
2021 11 06 00 07 10 23625.948  -706.051 39181.678  12.90  12.21   57  615.8 4152.43380 N 00119.95225 E 9 1 0 1
2021 11 06 00 07 11 23624.563  -705.271 39183.678  12.90  12.21   57  615.3 4152.43387 N 00119.95220 E 9 1 0 1
2021 11 06 00 07 12 23626.169  -706.093 39181.547  12.90  12.21   57  615.1 4152.43402 N 00119.95195 E 9 1 0 1
2021 11 06 00 07 13 23624.653  -705.195 39183.779  12.90  12.21   57  614.6 4152.43416 N 00119.95184 E 9 1 0 1
2021 11 06 00 07 14 23625.993  -705.986 39181.806  12.90  12.21   57  614.5 4152.43422 N 00119.95162 E 9 1 0 1
2021 11 06 00 07 15 23624.554  -705.183 39183.845  12.90  12.21   57  614.3 4152.43420 N 00119.95171 E 9 1 0 1
2021 11 06 00 07 16 23625.811  -705.875 39182.066  12.90  12.21   57  614.3 4152.43418 N 00119.95180 E 9 1 0 1
2021 11 06 00 07 17 23624.600  -705.170 39183.787  12.90  12.21   57  614.2 4152.43421 N 00119.95151 E 9 1 0 1
2021 11 06 00 07 18 23625.782  -705.861 39182.034  12.90  12.21   57  614.3 4152.43426 N 00119.95146 E 9 1 0 1
2021 11 06 00 07 19 23624.452  -705.170 39183.817  12.90  12.21   57  614.2 4152.43429 N 00119.95119 E 9 1 0 1
2021 11 06 00 07 20 23623.907  -704.884 39184.573  12.90  12.21   57  614.1 4152.43435 N 00119.95110 E 9 1 0 1
2021 11 06 00 07 21 23625.677  -705.954 39181.882  12.90  12.21   57  613.8 4152.43444 N 00119.95129 E 9 1 0 1
2021 11 06 00 07 22 23624.770  -705.550 39183.029  12.90  12.21   58  613.9 4152.43449 N 00119.95143 E 8 1 0 1
2021 11 06 00 07 23 23625.513  -706.006 39181.873  12.90  12.21   57  614.0 4152.43456 N 00119.95112 E 9 1 0 1
2021 11 06 00 07 24 23624.374  -705.479 39183.318  12.90  12.21   57  614.0 4152.43462 N 00119.95075 E 9 1 0 1
2021 11 06 00 07 25 23625.343  -706.067 39181.876  12.89  12.21   57  613.7 4152.43471 N 00119.95071 E 9 1 0 1
2021 11 06 00 07 26 23624.296  -705.388 39183.477  12.90  12.21   57  613.4 4152.43474 N 00119.95051 E 9 1 0 1
2021 11 06 00 07 27 23625.485  -706.102 39181.698  12.90  12.21   57  612.9 4152.43488 N 00119.95045 E 9 1 0 1
2021 11 06 00 07 28 23624.335  -705.424 39183.392  12.90  12.21   57  612.7 4152.43498 N 00119.95026 E 9 1 0 1
2021 11 06 00 07 29 23625.558  -706.080 39181.651  12.90  12.21   57  612.7 4152.43509 N 00119.95000 E 9 1 0 1
2021 11 06 00 07 30 23624.343  -705.358 39183.470  12.90  12.21   57  612.2 4152.43523 N 00119.95003 E 8 1 0 1
2021 11 06 00 07 31 23625.642  -706.103 39181.570  12.90  12.21   57  612.0 4152.43530 N 00119.95023 E 9 1 0 1
2021 11 06 00 07 32 23624.567  -705.376 39183.303  12.90  12.21   58  611.8 4152.43544 N 00119.95020 E 9 1 0 1
2021 11 06 00 07 33 23625.638  -706.036 39181.695  12.90  12.21   57  611.5 4152.43551 N 00119.95025 E 9 1 0 1
2021 11 06 00 07 34 23624.286  -705.291 39183.602  12.90  12.21   57  611.3 4152.43565 N 00119.95016 E 9 1 0 1
2021 11 06 00 07 35 23625.616  -706.183 39181.504  12.90  12.21   57  611.1 4152.43567 N 00119.95004 E 9 1 0 1
2021 11 06 00 07 36 23624.114  -705.401 39183.574  12.90  12.21   57  610.8 4152.43569 N 00119.95010 E 9 1 0 1
2021 11 06 00 07 37 23625.163  -706.075 39181.961  12.89  12.21   57  610.5 4152.43581 N 00119.94993 E 9 1 0 1
2021 11 06 00 07 38 23624.069  -705.412 39183.640  12.90  12.21   57  610.2 4152.43577 N 00119.95008 E 9 1 0 1
2021 11 06 00 07 39 23625.540  -706.344 39181.411  12.89  12.21   57  609.9 4152.43586 N 00119.94993 E 9 1 0 1
2021 11 06 00 07 40 23624.046  -705.493 39183.570  12.89  12.21   57  609.8 4152.43592 N 00119.94982 E 9 1 0 1
2021 11 06 00 07 41 23625.511  -706.393 39181.372  12.89  12.21   57  609.4 4152.43592 N 00119.94982 E 9 1 0 1
2021 11 06 00 07 42 23624.263  -705.593 39183.381  12.90  12.21   57  609.5 4152.43591 N 00119.94965 E 9 1 0 1
2021 11 06 00 07 43 23625.802  -706.398 39181.284  12.89  12.21   57  609.4 4152.43593 N 00119.94952 E 9 1 0 1
2021 11 06 00 07 44 23624.147  -705.370 39183.847  12.89  12.21   57  609.4 4152.43600 N 00119.94930 E 9 1 0 1
2021 11 06 00 07 45 23625.700  -706.221 39181.646  12.89  12.21   57  609.2 4152.43606 N 00119.94914 E 9 1 0 1
2021 11 06 00 07 46 23624.253  -705.272 39183.964  12.89  12.21   57  609.3 4152.43619 N 00119.94886 E 9 1 0 1
2021 11 06 00 07 47 23625.991  -706.120 39181.647  12.89  12.21   57  609.2 4152.43622 N 00119.94874 E 9 1 0 1
2021 11 06 00 07 48 23624.548  -705.154 39183.954  12.90  12.21   57  609.3 4152.43625 N 00119.94868 E 9 1 0 1
2021 11 06 00 07 49 23626.018  -705.855 39182.017  12.89  12.21   57  609.5 4152.43631 N 00119.94854 E 9 1 0 1
2021 11 06 00 07 50 23624.645  -704.956 39184.188  12.89  12.21   57  609.8 4152.43638 N 00119.94838 E 9 1 0 1
2021 11 06 00 07 51 23626.253  -705.786 39182.034  12.89  12.21   57  609.9 4152.43648 N 00119.94826 E 9 1 0 1
2021 11 06 00 07 52 23624.938  -705.216 39183.727  12.89  12.21   58  610.0 4152.43651 N 00119.94820 E 9 1 0 1
2021 11 06 00 07 53 23626.112  -705.899 39181.986  12.89  12.21   57  610.1 4152.43653 N 00119.94814 E 9 1 0 1
2021 11 06 00 07 54 23624.911  -705.158 39183.851  12.89  12.21   57  610.3 4152.43654 N 00119.94808 E 9 1 0 1
2021 11 06 00 07 55 23626.265  -705.904 39181.945  12.89  12.21   57  610.5 4152.43657 N 00119.94798 E 9 1 0 1
2021 11 06 00 07 56 23624.772  -704.919 39184.314  12.89  12.21   57  610.7 4152.43652 N 00119.94788 E 9 1 0 1
2021 11 06 00 07 57 23626.366  -705.753 39182.147  12.89  12.21   57  610.8 4152.43656 N 00119.94778 E 9 1 0 1
2021 11 06 00 07 58 23625.093  -705.017 39184.016  12.89  12.21   57  610.9 4152.43655 N 00119.94772 E 9 1 0 1
2021 11 06 00 07 59 23626.255  -705.751 39182.248  12.89  12.21   57  611.1 4152.43656 N 00119.94763 E 9 1 0 1
2021 11 06 00 08 00 23625.099  -705.098 39183.931  12.89  12.21   57  611.2 4152.43655 N 00119.94760 E 9 1 0 1
2021 11 06 00 08 01 23626.249  -705.890 39182.085  12.89  12.21   57  611.0 4152.43654 N 00119.94761 E 9 1 0 1
2021 11 06 00 08 02 23625.095  -705.290 39183.693  12.89  12.21   57  611.0 4152.43647 N 00119.94773 E 9 1 0 1
2021 11 06 00 08 03 23626.267  -705.965 39181.968  12.89  12.21   57  610.8 4152.43644 N 00119.94772 E 9 1 0 1
2021 11 06 00 08 04 23626.790  -706.313 39181.174  12.89  12.21   57  610.8 4152.43642 N 00119.94773 E 9 1 0 1
2021 11 06 00 08 05 23625.138  -705.394 39183.546  12.89  12.21   57  610.8 4152.43638 N 00119.94777 E 9 1 0 1
2021 11 06 00 08 06 23626.026  -706.041 39182.080  12.89  12.21   57  610.7 4152.43634 N 00119.94776 E 9 1 0 1
2021 11 06 00 08 07 23624.347  -705.023 39184.628  12.89  12.21   57  610.6 4152.43635 N 00119.94769 E 9 1 0 1
2021 11 06 00 08 08 23626.190  -706.169 39181.821  12.89  12.21   57  610.4 4152.43628 N 00119.94779 E 9 1 0 1
2021 11 06 00 08 09 23625.013  -705.497 39183.546  12.89  12.21   57  610.5 4152.43627 N 00119.94772 E 9 1 0 1
2021 11 06 00 08 10 23626.101  -706.154 39181.922  12.89  12.21   57  610.2 4152.43630 N 00119.94772 E 9 1 0 1
2021 11 06 00 08 11 23624.952  -705.529 39183.503  12.89  12.21   57  610.2 4152.43632 N 00119.94768 E 9 1 0 1
2021 11 06 00 08 12 23626.395  -706.435 39181.285  12.89  12.21   58  610.3 4152.43630 N 00119.94769 E 9 1 0 1
2021 11 06 00 08 13 23624.585  -705.802 39183.299  12.89  12.21   57  610.5 4152.43630 N 00119.94769 E 9 1 0 1
2021 11 06 00 08 14 23625.751  -706.536 39181.472  12.89  12.21   57  610.1 4152.43631 N 00119.94780 E 9 1 0 1
2021 11 06 00 08 15 23624.575  -705.686 39183.395  12.89  12.21   57  610.1 4152.43631 N 00119.94783 E 9 1 0 1
2021 11 06 00 08 16 23625.552  -706.745 39181.238  12.89  12.21   57  610.1 4152.43629 N 00119.94784 E 9 1 0 1
2021 11 06 00 08 17 23624.202  -705.887 39183.292  12.89  12.21   57  610.2 4152.43628 N 00119.94780 E 9 1 0 1
2021 11 06 00 08 18 23625.876  -706.559 39181.231  12.89  12.21   57  610.4 4152.43630 N 00119.94776 E 9 1 0 1
2021 11 06 00 08 19 23624.528  -705.545 39183.500  12.89  12.21   57  610.4 4152.43628 N 00119.94773 E 9 1 0 1
2021 11 06 00 08 20 23626.060  -706.366 39181.348  12.89  12.21   57  610.4 4152.43626 N 00119.94769 E 9 1 0 1
2021 11 06 00 08 21 23624.600  -705.483 39183.515  12.89  12.21   57  610.6 4152.43623 N 00119.94764 E 9 1 0 1
2021 11 06 00 08 22 23626.331  -706.463 39181.027  12.89  12.21   58  610.6 4152.43612 N 00119.94787 E 9 1 0 1
2021 11 06 00 08 23 23624.616  -705.507 39183.457  12.89  12.21   57  610.8 4152.43608 N 00119.94780 E 9 1 0 1
2021 11 06 00 08 24 23626.013  -706.348 39181.403  12.89  12.21   57  611.0 4152.43607 N 00119.94771 E 9 1 0 1
2021 11 06 00 08 25 23624.479  -705.470 39183.589  12.89  12.21   57  611.0 4152.43602 N 00119.94760 E 9 1 0 1
2021 11 06 00 08 26 23626.020  -706.364 39181.344  12.89  12.21   57  610.9 4152.43598 N 00119.94760 E 9 1 0 1
2021 11 06 00 08 27 23624.556  -705.455 39183.597  12.89  12.21   57  611.0 4152.43596 N 00119.94750 E 9 1 0 1
2021 11 06 00 08 28 23626.224  -706.402 39181.186  12.89  12.21   57  611.2 4152.43596 N 00119.94744 E 9 1 0 1
2021 11 06 00 08 29 23624.597  -705.386 39183.694  12.89  12.21   57  611.2 4152.43598 N 00119.94735 E 9 1 0 1
2021 11 06 00 08 30 23626.374  -706.296 39181.280  12.89  12.21   57  611.3 4152.43595 N 00119.94723 E 9 1 0 1
2021 11 06 00 08 31 23624.807  -705.575 39183.389  12.89  12.21   57  611.3 4152.43592 N 00119.94717 E 9 1 0 1
2021 11 06 00 08 32 23626.331  -706.512 39181.039  12.89  12.21   57  611.5 4152.43588 N 00119.94712 E 9 1 0 1
2021 11 06 00 08 33 23624.798  -705.599 39183.377  12.89  12.21   57  611.4 4152.43584 N 00119.94710 E 8 1 0 1
2021 11 06 00 08 34 23626.304  -706.412 39181.331  12.89  12.21   57  611.3 4152.43579 N 00119.94703 E 9 1 0 1
2021 11 06 00 08 35 23624.891  -705.548 39183.483  12.89  12.21   57  611.3 4152.43583 N 00119.94702 E 8 1 0 1
2021 11 06 00 08 36 23626.372  -706.334 39181.476  12.89  12.21   57  611.3 4152.43583 N 00119.94709 E 9 1 0 1
2021 11 06 00 08 37 23624.589  -705.289 39184.108  12.89  12.21   57  611.1 4152.43583 N 00119.94722 E 9 1 0 1
2021 11 06 00 08 38 23626.278  -706.365 39181.495  12.89  12.21   57  611.1 4152.43583 N 00119.94727 E 9 1 0 1
2021 11 06 00 08 39 23625.114  -705.518 39183.472  12.89  12.21   57  611.3 4152.43577 N 00119.94724 E 9 1 0 1
2021 11 06 00 08 40 23626.604  -706.151 39181.660  12.89  12.21   57  611.3 4152.43575 N 00119.94730 E 9 1 0 1
2021 11 06 00 08 41 23625.505  -705.294 39183.540  12.89  12.21   57  611.5 4152.43572 N 00119.94729 E 9 1 0 1
2021 11 06 00 08 42 23626.888  -706.016 39181.669  12.89  12.21   58  611.4 4152.43569 N 00119.94751 E 9 1 0 1
2021 11 06 00 08 43 23625.630  -705.190 39183.654  12.89  12.21   57  611.5 4152.43566 N 00119.94764 E 9 1 0 1
2021 11 06 00 08 44 23626.960  -705.931 39181.809  12.89  12.21   57  611.6 4152.43563 N 00119.94759 E 8 1 0 1
2021 11 06 00 08 45 23627.390  -706.161 39181.267  12.89  12.21   57  611.6 4152.43566 N 00119.94760 E 8 1 0 1
2021 11 06 00 08 46 23625.843  -705.438 39183.317  12.89  12.21   57  611.2 4152.43563 N 00119.94765 E 9 1 0 1
2021 11 06 00 08 47 23626.548  -706.065 39182.061  12.89  12.21   57  611.4 4152.43558 N 00119.94759 E 9 1 0 1
2021 11 06 00 08 48 23625.645  -705.597 39183.356  12.89  12.21   57  611.1 4152.43562 N 00119.94758 E 8 1 0 1
2021 11 06 00 08 49 23626.749  -706.329 39181.623  12.89  12.21   57  610.9 4152.43565 N 00119.94768 E 9 1 0 1
2021 11 06 00 08 50 23625.612  -705.847 39183.096  12.89  12.21   57  610.6 4152.43567 N 00119.94774 E 9 1 0 1
2021 11 06 00 08 51 23626.583  -706.566 39181.459  12.89  12.21   57  610.4 4152.43559 N 00119.94786 E 9 1 0 1
2021 11 06 00 08 52 23625.704  -706.009 39182.902  12.89  12.21   57  610.4 4152.43554 N 00119.94790 E 9 1 0 1
2021 11 06 00 08 53 23627.030  -706.502 39181.372  12.89  12.21   58  610.8 4152.43550 N 00119.94801 E 9 1 0 1
2021 11 06 00 08 54 23625.757  -705.580 39183.478  12.89  12.21   57  610.7 4152.43549 N 00119.94802 E 9 1 0 1
2021 11 06 00 08 55 23627.196  -706.256 39181.641  12.89  12.21   57  610.8 4152.43546 N 00119.94799 E 9 1 0 1
2021 11 06 00 08 56 23625.968  -705.577 39183.425  12.89  12.21   57  610.1 4152.43549 N 00119.94823 E 9 1 0 1
2021 11 06 00 08 57 23627.022  -706.568 39181.388  12.89  12.21   57  609.6 4152.43551 N 00119.94834 E 9 1 0 1
2021 11 06 00 08 58 23625.763  -705.806 39183.292  12.89  12.21   57  609.0 4152.43554 N 00119.94852 E 9 1 0 1
2021 11 06 00 08 59 23627.185  -706.549 39181.354  12.89  12.21   57  608.5 4152.43555 N 00119.94863 E 9 1 0 1
2021 11 06 00 09 00 23626.218  -705.381 39183.702  12.89  12.21   57  608.0 4152.43560 N 00119.94879 E 9 1 0 1
2021 11 06 00 09 01 23627.347  -706.357 39181.627  12.89  12.21   57  607.7 4152.43562 N 00119.94895 E 9 1 0 1
2021 11 06 00 09 02 23625.999  -705.807 39183.356  12.89  12.21   57  607.5 4152.43553 N 00119.94909 E 9 1 0 1
2021 11 06 00 09 03 23627.374  -706.809 39181.092  12.89  12.21   57  607.7 4152.43549 N 00119.94915 E 9 1 0 1
2021 11 06 00 09 04 23626.026  -705.674 39183.617  12.89  12.21   57  607.8 4152.43545 N 00119.94931 E 9 1 0 1
2021 11 06 00 09 05 23627.552  -706.461 39181.579  12.89  12.21   57  607.4 4152.43539 N 00119.94945 E 9 1 0 1
2021 11 06 00 09 06 23626.048  -705.583 39183.843  12.89  12.21   57  607.0 4152.43535 N 00119.94963 E 9 1 0 1
2021 11 06 00 09 07 23627.034  -705.922 39182.771  12.89  12.21   57  606.8 4152.43530 N 00119.94979 E 9 1 0 1
2021 11 06 00 09 08 23626.126  -705.210 39184.392  12.89  12.21   57  606.7 4152.43527 N 00119.94990 E 9 1 0 1
2021 11 06 00 09 09 23628.573  -706.637 39180.885  12.89  12.21   57  607.0 4152.43529 N 00119.94995 E 9 1 0 1
2021 11 06 00 09 10 23626.460  -705.360 39184.071  12.89  12.21   57  606.3 4152.43522 N 00119.95001 E 9 1 0 1
2021 11 06 00 09 11 23628.085  -706.373 39181.680  12.89  12.21   57  605.1 4152.43514 N 00119.95032 E 9 1 0 1
2021 11 06 00 09 12 23626.442  -705.561 39183.920  12.89  12.21   57  605.5 4152.43514 N 00119.95045 E 9 1 0 1
2021 11 06 00 09 13 23627.884  -706.593 39181.582  12.89  12.21   57  605.7 4152.43511 N 00119.95060 E 9 1 0 1
2021 11 06 00 09 14 23626.399  -705.727 39183.753  12.89  12.21   57  605.9 4152.43509 N 00119.95065 E 9 1 0 1
2021 11 06 00 09 15 23627.892  -706.689 39181.478  12.89  12.21   57  606.4 4152.43509 N 00119.95069 E 9 1 0 1
2021 11 06 00 09 16 23626.376  -705.803 39183.749  12.89  12.21   57  606.3 4152.43506 N 00119.95071 E 9 1 0 1
2021 11 06 00 09 17 23627.898  -706.624 39181.614  12.89  12.21   57  607.0 4152.43508 N 00119.95076 E 9 1 0 1
2021 11 06 00 09 18 23626.472  -705.838 39183.668  12.89  12.21   57  607.1 4152.43503 N 00119.95067 E 9 1 0 1
2021 11 06 00 09 19 23628.052  -706.599 39181.603  12.89  12.21   57  606.6 4152.43495 N 00119.95073 E 9 1 0 1
2021 11 06 00 09 20 23626.999  -705.606 39183.761  12.89  12.21   57  607.0 4152.43490 N 00119.95075 E 8 1 0 1
2021 11 06 00 09 21 23628.151  -706.645 39181.612  12.89  12.21   57  607.4 4152.43491 N 00119.95067 E 9 1 0 1
2021 11 06 00 09 22 23626.993  -706.023 39183.298  12.89  12.21   57  607.7 4152.43489 N 00119.95058 E 9 1 0 1
2021 11 06 00 09 23 23628.263  -706.922 39181.294  12.89  12.21   57  607.7 4152.43489 N 00119.95060 E 9 1 0 1
2021 11 06 00 09 24 23626.175  -706.658 39183.062  12.89  12.21   57  608.5 4152.43496 N 00119.95065 E 9 1 0 1
2021 11 06 00 09 25 23627.200  -707.680 39181.022  12.89  12.21   57  608.3 4152.43497 N 00119.95075 E 9 1 0 1
2021 11 06 00 09 26 23625.819  -707.151 39182.719  12.89  12.21   57  608.3 4152.43496 N 00119.95062 E 9 1 0 1
2021 11 06 00 09 27 23626.739  -708.131 39180.740  12.89  12.21   57  608.7 4152.43503 N 00119.95069 E 9 1 0 1
2021 11 06 00 09 28 23627.355  -708.357 39180.086  12.89  12.21   57  609.2 4152.43505 N 00119.95061 E 9 1 0 1
2021 11 06 00 09 29 23625.864  -707.421 39182.409  12.89  12.21   57  609.5 4152.43511 N 00119.95079 E 9 1 0 1
2021 11 06 00 09 30 23626.880  -707.990 39180.963  12.89  12.21   57  608.6 4152.43505 N 00119.95090 E 9 1 0 1
2021 11 06 00 09 31 23625.837  -707.589 39182.249  12.89  12.21   57  608.6 4152.43506 N 00119.95090 E 9 1 0 1
2021 11 06 00 09 32 23626.950  -708.387 39180.439  12.89  12.21   58  608.1 4152.43503 N 00119.95101 E 9 1 0 1
2021 11 06 00 09 33 23625.931  -707.676 39182.098  12.89  12.21   57  608.0 4152.43499 N 00119.95089 E 9 1 0 1
2021 11 06 00 09 34 23627.058  -708.088 39180.801  12.89  12.21   57  608.1 4152.43501 N 00119.95088 E 9 1 0 1
2021 11 06 00 09 35 23625.925  -707.453 39182.394  12.89  12.21   57  608.1 4152.43500 N 00119.95083 E 9 1 0 1
2021 11 06 00 09 36 23627.278  -708.000 39180.779  12.89  12.21   57  607.9 4152.43498 N 00119.95062 E 9 1 0 1
2021 11 06 00 09 37 23626.245  -707.106 39182.730  12.89  12.21   57  607.7 4152.43496 N 00119.95056 E 9 1 0 1
2021 11 06 00 09 38 23627.396  -707.533 39181.319  12.89  12.21   57  607.7 4152.43496 N 00119.95055 E 9 1 0 1
2021 11 06 00 09 39 23626.509  -706.949 39182.774  12.89  12.21   57  607.5 4152.43495 N 00119.95039 E 9 1 0 1
2021 11 06 00 09 40 23627.796  -707.605 39181.092  12.89  12.21   57  607.1 4152.43491 N 00119.95029 E 9 1 0 1
2021 11 06 00 09 41 23626.651  -706.785 39182.965  12.89  12.21   57  606.5 4152.43489 N 00119.95033 E 9 1 0 1
2021 11 06 00 09 42 23628.177  -707.580 39180.915  12.89  12.21   58  606.0 4152.43491 N 00119.95036 E 9 1 0 1
2021 11 06 00 09 43 23626.524  -706.936 39182.836  12.89  12.21   57  605.9 4152.43497 N 00119.95047 E 9 1 0 1
2021 11 06 00 09 44 23627.714  -708.025 39180.551  12.89  12.21   57  605.9 4152.43498 N 00119.95040 E 9 1 0 1
2021 11 06 00 09 45 23626.226  -707.131 39182.714  12.89  12.21   57  607.0 4152.43506 N 00119.95032 E 9 1 0 1
2021 11 06 00 09 46 23627.851  -707.838 39180.711  12.89  12.21   57  606.3 4152.43507 N 00119.95041 E 8 1 0 1
2021 11 06 00 09 47 23626.436  -706.833 39183.057  12.89  12.21   57  605.4 4152.43509 N 00119.95065 E 9 1 0 1
2021 11 06 00 09 48 23628.073  -707.657 39180.833  12.89  12.21   57  605.2 4152.43510 N 00119.95053 E 9 1 0 1
2021 11 06 00 09 49 23626.579  -706.755 39183.124  12.89  12.21   57  605.2 4152.43513 N 00119.95057 E 9 1 0 1
2021 11 06 00 09 50 23628.187  -707.640 39180.834  12.89  12.21   57  605.8 4152.43518 N 00119.95054 E 9 1 0 1
2021 11 06 00 09 51 23626.608  -706.689 39183.171  12.89  12.21   57  605.3 4152.43517 N 00119.95051 E 9 1 0 1
2021 11 06 00 09 52 23628.366  -707.663 39180.710  12.89  12.21   57  605.6 4152.43517 N 00119.95039 E 9 1 0 1
2021 11 06 00 09 53 23626.733  -706.677 39183.227  12.89  12.21   57  606.0 4152.43519 N 00119.95030 E 9 1 0 1
2021 11 06 00 09 54 23628.454  -707.563 39180.890  12.89  12.21   57  606.6 4152.43521 N 00119.95024 E 9 1 0 1
2021 11 06 00 09 55 23626.901  -706.522 39183.371  12.89  12.21   57  606.9 4152.43521 N 00119.95015 E 9 1 0 1
2021 11 06 00 09 56 23628.372  -707.429 39181.158  12.89  12.21   57  607.2 4152.43522 N 00119.95013 E 9 1 0 1
2021 11 06 00 09 57 23626.895  -706.541 39183.371  12.89  12.21   57  607.5 4152.43521 N 00119.95013 E 9 1 0 1
2021 11 06 00 09 58 23628.626  -707.263 39181.315  12.89  12.21   57  607.6 4152.43519 N 00119.95009 E 9 1 0 1
2021 11 06 00 09 59 23627.200  -706.271 39183.638  12.89  12.21   57  607.8 4152.43520 N 00119.95012 E 9 1 0 1
2021 11 06 00 10 00 23628.491  -707.262 39181.443  12.89  12.21   57  607.5 4152.43523 N 00119.95042 E 9 1 0 1
2021 11 06 00 10 01 23626.845  -706.716 39183.294  12.89  12.21   57  607.8 4152.43527 N 00119.95051 E 9 1 0 1
2021 11 06 00 10 02 23628.267  -707.693 39181.049  12.89  12.21   57  608.3 4152.43528 N 00119.95045 E 9 1 0 1
2021 11 06 00 10 03 23626.964  -706.768 39183.213  12.89  12.21   57  608.5 4152.43529 N 00119.95050 E 9 1 0 1
2021 11 06 00 10 04 23628.401  -707.449 39181.350  12.89  12.21   57  608.6 4152.43528 N 00119.95051 E 9 1 0 1
2021 11 06 00 10 05 23627.163  -706.477 39183.549  12.89  12.21   57  608.6 4152.43525 N 00119.95055 E 9 1 0 1
2021 11 06 00 10 06 23628.708  -707.121 39181.693  12.89  12.21   57  608.7 4152.43524 N 00119.95057 E 9 1 0 1
2021 11 06 00 10 07 23627.497  -706.294 39183.648  12.89  12.21   57  608.8 4152.43523 N 00119.95060 E 9 1 0 1
2021 11 06 00 10 08 23626.511  -705.720 39185.148  12.89  12.21   57  609.1 4152.43523 N 00119.95057 E 9 1 0 1
2021 11 06 00 10 09 23629.079  -706.858 39181.937  12.89  12.21   57  609.3 4152.43519 N 00119.95056 E 9 1 0 1
2021 11 06 00 10 10 23629.650  -707.110 39181.232  12.89  12.21   56  609.1 4152.43519 N 00119.95049 E 9 1 0 1
2021 11 06 00 10 11 23629.359  -707.200 39181.304  12.89  12.21   57  609.0 4152.43518 N 00119.95049 E 9 1 0 1
2021 11 06 00 10 12 23628.040  -706.417 39183.289  12.89  12.21   57  608.7 4152.43515 N 00119.95053 E 9 1 0 1
2021 11 06 00 10 13 23628.620  -706.622 39182.580  12.89  12.21   57  608.7 4152.43514 N 00119.95047 E 9 1 0 1
2021 11 06 00 10 14 23628.101  -706.265 39183.418  12.89  12.21   57  608.9 4152.43511 N 00119.95031 E 9 1 0 1
2021 11 06 00 10 15 23629.259  -706.385 39182.466  12.89  12.21   57  608.5 4152.43514 N 00119.95034 E 9 1 0 1
2021 11 06 00 10 16 23628.429  -705.624 39184.096  12.89  12.21   56  608.1 4152.43515 N 00119.95033 E 9 1 0 1
2021 11 06 00 10 17 23629.612  -706.267 39182.409  12.89  12.21   57  608.1 4152.43515 N 00119.95027 E 9 1 0 1
2021 11 06 00 10 18 23628.315  -705.703 39183.986  12.89  12.21   56  607.8 4152.43511 N 00119.95027 E 9 1 0 1
2021 11 06 00 10 19 23629.431  -706.266 39182.431  12.89  12.21   57  608.0 4152.43509 N 00119.95005 E 9 1 0 1
2021 11 06 00 10 20 23628.437  -705.541 39184.052  12.89  12.21   57  608.0 4152.43505 N 00119.94993 E 9 1 0 1
2021 11 06 00 10 21 23629.343  -705.985 39182.777  12.89  12.21   57  608.1 4152.43504 N 00119.94985 E 9 1 0 1
2021 11 06 00 10 22 23628.321  -705.614 39183.954  12.89  12.21   57  607.7 4152.43503 N 00119.94995 E 9 1 0 1
2021 11 06 00 10 23 23629.589  -706.341 39182.105  12.89  12.21   57  607.9 4152.43505 N 00119.94988 E 9 1 0 1
2021 11 06 00 10 24 23628.196  -705.791 39183.818  12.89  12.21   57  607.5 4152.43506 N 00119.94989 E 9 1 0 1
2021 11 06 00 10 25 23629.204  -706.562 39182.150  12.89  12.21   57  607.4 4152.43505 N 00119.94998 E 9 1 0 1
2021 11 06 00 10 26 23627.780  -705.881 39183.995  12.89  12.21   57  607.4 4152.43507 N 00119.95001 E 9 1 0 1
2021 11 06 00 10 27 23629.150  -706.584 39182.123  12.89  12.21   57  607.9 4152.43512 N 00119.94988 E 9 1 0 1
2021 11 06 00 10 28 23627.911  -705.715 39184.217  12.89  12.21   57  608.1 4152.43518 N 00119.95002 E 9 1 0 1
2021 11 06 00 10 29 23629.357  -706.593 39182.066  12.89  12.21   57  607.9 4152.43521 N 00119.95004 E 9 1 0 1
2021 11 06 00 10 30 23628.005  -705.742 39184.238  12.89  12.21   57  607.7 4152.43522 N 00119.94995 E 8 1 0 1
2021 11 06 00 10 31 23629.087  -706.838 39182.023  12.89  12.21   56  607.3 4152.43522 N 00119.94989 E 10 1 0 1
2021 11 06 00 10 32 23627.411  -706.336 39183.835  12.89  12.21   57  606.4 4152.43523 N 00119.95004 E 10 1 0 1
2021 11 06 00 10 33 23628.577  -706.936 39182.238  12.89  12.21   57  605.6 4152.43520 N 00119.95008 E 10 1 0 1
2021 11 06 00 10 34 23627.573  -706.159 39184.011  12.89  12.21   57  605.7 4152.43520 N 00119.94999 E 10 1 0 1
2021 11 06 00 10 35 23629.577  -706.841 39181.765  12.89  12.21   57  605.2 4152.43519 N 00119.95006 E 10 1 0 1
2021 11 06 00 10 36 23628.300  -705.433 39184.644  12.89  12.21   56  605.3 4152.43519 N 00119.94996 E 10 1 0 1
2021 11 06 00 10 37 23629.859  -705.982 39182.890  12.89  12.21   57  605.2 4152.43516 N 00119.94977 E 10 1 0 1
2021 11 06 00 10 38 23628.237  -705.004 39185.371  12.89  12.21   57  605.3 4152.43513 N 00119.94959 E 10 1 0 1
2021 11 06 00 10 39 23630.081  -705.912 39182.950  12.89  12.21   57  606.3 4152.43515 N 00119.94943 E 10 1 0 1
2021 11 06 00 10 40 23629.034  -705.126 39184.847  12.89  12.21   57  606.0 4152.43511 N 00119.94938 E 10 1 0 1
2021 11 06 00 10 41 23630.343  -706.263 39182.473  12.89  12.21   57  605.8 4152.43508 N 00119.94927 E 10 1 0 1
2021 11 06 00 10 42 23629.021  -705.633 39184.252  12.89  12.21   57  606.0 4152.43511 N 00119.94910 E 10 1 0 1
2021 11 06 00 10 43 23629.538  -706.845 39182.163  12.89  12.21   57  606.1 4152.43509 N 00119.94894 E 10 1 0 1
2021 11 06 00 10 44 23628.136  -706.353 39183.770  12.89  12.21   57  606.8 4152.43510 N 00119.94876 E 10 1 0 1
2021 11 06 00 10 45 23629.527  -706.820 39182.248  12.89  12.21   57  606.7 4152.43507 N 00119.94856 E 9 1 0 1
2021 11 06 00 10 46 23628.345  -706.117 39184.071  12.89  12.21   57  606.7 4152.43505 N 00119.94849 E 9 1 0 1
2021 11 06 00 10 47 23629.984  -706.703 39182.224  12.89  12.21   57  606.4 4152.43504 N 00119.94855 E 10 1 0 1
2021 11 06 00 10 48 23628.827  -705.913 39184.128  12.89  12.21   57  606.7 4152.43506 N 00119.94848 E 10 1 0 1
2021 11 06 00 10 49 23629.808  -706.618 39182.487  12.89  12.21   56  606.0 4152.43505 N 00119.94862 E 10 1 0 1
2021 11 06 00 10 50 23628.778  -706.118 39183.922  12.89  12.21   57  606.4 4152.43505 N 00119.94857 E 10 1 0 1
2021 11 06 00 10 51 23629.575  -706.614 39182.716  12.89  12.21   57  606.4 4152.43505 N 00119.94856 E 10 1 0 1
2021 11 06 00 10 52 23628.575  -706.382 39183.715  12.89  12.21   57  606.5 4152.43509 N 00119.94849 E 10 1 0 1
2021 11 06 00 10 53 23628.571  -705.973 39184.279  12.89  12.21   57  607.3 4152.43509 N 00119.94822 E 10 1 0 1
2021 11 06 00 10 54 23629.900  -706.674 39182.473  12.89  12.21   57  606.8 4152.43505 N 00119.94823 E 10 1 0 1
2021 11 06 00 10 55 23628.913  -706.367 39183.534  12.89  12.21   56  606.8 4152.43506 N 00119.94822 E 10 1 0 1
2021 11 06 00 10 56 23629.515  -706.791 39182.545  12.89  12.21   57  606.9 4152.43507 N 00119.94810 E 10 1 0 1
2021 11 06 00 10 57 23628.753  -706.350 39183.697  12.89  12.21   57  607.0 4152.43507 N 00119.94813 E 10 1 0 1
2021 11 06 00 10 58 23629.888  -706.837 39182.294  12.89  12.21   57  606.9 4152.43508 N 00119.94816 E 10 1 0 1
2021 11 06 00 10 59 23629.089  -706.118 39183.776  12.89  12.21   57  607.4 4152.43510 N 00119.94799 E 10 1 0 1
2021 11 06 00 11 00 23629.466  -707.018 39182.273  12.89  12.21   57  607.8 4152.43515 N 00119.94781 E 10 1 0 1
2021 11 06 00 11 01 23628.456  -706.749 39183.330  12.89  12.21   57  607.7 4152.43518 N 00119.94785 E 10 1 0 1
2021 11 06 00 11 02 23629.290  -707.329 39181.957  12.89  12.21   57  607.9 4152.43520 N 00119.94779 E 10 1 0 1
2021 11 06 00 11 03 23628.358  -706.701 39183.450  12.89  12.21   57  608.0 4152.43526 N 00119.94768 E 10 1 0 1
2021 11 06 00 11 04 23629.900  -707.385 39181.524  12.89  12.21   57  608.2 4152.43527 N 00119.94755 E 10 1 0 1
2021 11 06 00 11 05 23628.644  -706.497 39183.591  12.89  12.21   57  608.3 4152.43527 N 00119.94737 E 10 1 0 1
2021 11 06 00 11 06 23629.657  -707.044 39182.169  12.89  12.21   57  608.3 4152.43531 N 00119.94718 E 10 1 0 1
2021 11 06 00 11 07 23628.687  -706.480 39183.642  12.89  12.21   57  608.4 4152.43532 N 00119.94710 E 10 1 0 1
2021 11 06 00 11 08 23629.235  -706.656 39183.065  12.89  12.21   57  608.3 4152.43532 N 00119.94708 E 10 1 0 1
2021 11 06 00 11 09 23628.534  -706.086 39184.314  12.89  12.21   57  608.2 4152.43531 N 00119.94702 E 10 1 0 1
2021 11 06 00 11 10 23630.812  -707.426 39181.004  12.89  12.21   57  608.3 4152.43533 N 00119.94686 E 10 1 0 1
2021 11 06 00 11 11 23628.956  -706.323 39183.788  12.89  12.21   57  608.2 4152.43533 N 00119.94686 E 10 1 0 1
2021 11 06 00 11 12 23630.466  -707.145 39181.722  12.89  12.21   57  608.7 4152.43538 N 00119.94674 E 10 1 0 1
2021 11 06 00 11 13 23628.907  -706.268 39183.955  12.89  12.21   57  608.7 4152.43543 N 00119.94678 E 10 1 0 1
2021 11 06 00 11 14 23630.198  -707.013 39182.118  12.89  12.21   57  608.5 4152.43543 N 00119.94693 E 10 1 0 1
2021 11 06 00 11 15 23629.101  -706.284 39183.910  12.89  12.21   57  608.2 4152.43543 N 00119.94712 E 10 1 0 1
2021 11 06 00 11 16 23630.298  -707.025 39182.084  12.89  12.21   57  608.2 4152.43543 N 00119.94712 E 10 1 0 1
2021 11 06 00 11 17 23629.042  -706.304 39183.913  12.89  12.21   57  608.0 4152.43544 N 00119.94715 E 10 1 0 1
2021 11 06 00 11 18 23630.446  -707.113 39181.937  12.89  12.21   57  607.7 4152.43545 N 00119.94716 E 10 1 0 1
2021 11 06 00 11 19 23628.968  -706.195 39184.193  12.89  12.21   57  607.7 4152.43546 N 00119.94715 E 10 1 0 1
2021 11 06 00 11 20 23630.642  -707.099 39181.852  12.89  12.21   57  607.8 4152.43550 N 00119.94720 E 10 1 0 1
2021 11 06 00 11 21 23629.224  -706.264 39183.965  12.89  12.21   57  608.0 4152.43553 N 00119.94718 E 10 1 0 1
2021 11 06 00 11 22 23630.732  -707.085 39181.880  12.89  12.21   57  607.8 4152.43556 N 00119.94729 E 10 1 0 1
2021 11 06 00 11 23 23629.355  -706.214 39184.009  12.89  12.21   57  607.8 4152.43558 N 00119.94727 E 10 1 0 1
2021 11 06 00 11 24 23630.513  -706.851 39182.408  12.89  12.21   57  607.3 4152.43555 N 00119.94723 E 10 1 0 1
2021 11 06 00 11 25 23629.378  -706.257 39184.044  12.89  12.21   57  606.7 4152.43551 N 00119.94724 E 9 1 0 1
2021 11 06 00 11 26 23630.837  -707.013 39182.068  12.89  12.21   56  606.6 4152.43553 N 00119.94726 E 10 1 0 1
2021 11 06 00 11 27 23629.480  -706.204 39184.099  12.89  12.21   57  607.0 4152.43555 N 00119.94714 E 10 1 0 1
2021 11 06 00 11 28 23630.530  -706.689 39182.767  12.89  12.21   56  606.6 4152.43552 N 00119.94717 E 10 1 0 1
2021 11 06 00 11 29 23629.747  -706.095 39184.214  12.89  12.21   57  606.8 4152.43553 N 00119.94713 E 10 1 0 1
2021 11 06 00 11 30 23631.111  -706.731 39182.455  12.89  12.21   56  606.6 4152.43551 N 00119.94716 E 10 1 0 1
2021 11 06 00 11 31 23629.794  -706.075 39184.288  12.89  12.21   57  606.3 4152.43549 N 00119.94716 E 10 1 0 1
2021 11 06 00 11 32 23631.101  -706.818 39182.459  12.89  12.21   57  606.6 4152.43549 N 00119.94704 E 10 1 0 1
2021 11 06 00 11 33 23629.896  -706.109 39184.258  12.89  12.21   57  607.0 4152.43549 N 00119.94695 E 10 1 0 1
2021 11 06 00 11 34 23631.208  -706.882 39182.343  12.89  12.21   57  606.6 4152.43543 N 00119.94695 E 10 1 0 1
2021 11 06 00 11 35 23629.980  -706.167 39184.173  12.89  12.21   57  606.5 4152.43541 N 00119.94698 E 10 1 0 1
2021 11 06 00 11 36 23630.857  -706.654 39182.960  12.89  12.21   57  605.6 4152.43534 N 00119.94721 E 10 1 0 1
2021 11 06 00 11 37 23631.540  -707.064 39182.019  12.89  12.21   57  605.8 4152.43533 N 00119.94729 E 10 1 0 1
2021 11 06 00 11 38 23630.228  -706.164 39184.155  12.89  12.21   57  605.4 4152.43529 N 00119.94734 E 10 1 0 1
2021 11 06 00 11 39 23630.614  -706.327 39183.738  12.89  12.21   56  605.5 4152.43531 N 00119.94745 E 10 1 0 1
2021 11 06 00 11 40 23630.237  -706.249 39184.180  12.89  12.21   57  605.1 4152.43529 N 00119.94758 E 10 1 0 1
2021 11 06 00 11 41 23630.558  -707.538 39182.198  12.89  12.21   56  605.1 4152.43529 N 00119.94762 E 10 1 0 1
2021 11 06 00 11 42 23629.019  -707.360 39183.479  12.89  12.21   57  605.1 4152.43523 N 00119.94770 E 10 1 0 1
2021 11 06 00 11 43 23630.159  -708.086 39181.754  12.89  12.21   57  605.4 4152.43524 N 00119.94774 E 10 1 0 1
2021 11 06 00 11 44 23629.183  -707.225 39183.702  12.89  12.21   57  605.5 4152.43525 N 00119.94773 E 9 1 0 1
2021 11 06 00 11 45 23630.210  -707.620 39182.513  12.89  12.21   57  604.9 4152.43518 N 00119.94781 E 10 1 0 1
2021 11 06 00 11 46 23629.564  -706.993 39183.859  12.89  12.21   57  604.3 4152.43513 N 00119.94775 E 10 1 0 1
2021 11 06 00 11 47 23630.671  -707.630 39182.270  12.89  12.21   57  604.2 4152.43515 N 00119.94772 E 10 1 0 1
2021 11 06 00 11 48 23629.388  -707.051 39183.940  12.89  12.21   57  604.0 4152.43519 N 00119.94767 E 10 1 0 1
2021 11 06 00 11 49 23630.702  -707.766 39182.076  12.89  12.21   57  604.1 4152.43520 N 00119.94764 E 10 1 0 1
2021 11 06 00 11 50 23629.499  -707.063 39183.871  12.89  12.21   57  603.9 4152.43517 N 00119.94758 E 10 1 0 1
2021 11 06 00 11 51 23630.241  -708.214 39181.779  12.89  12.21   57  604.7 4152.43520 N 00119.94746 E 10 1 0 1
2021 11 06 00 11 52 23628.667  -707.673 39183.545  12.89  12.21   57  605.2 4152.43521 N 00119.94740 E 10 1 0 1
2021 11 06 00 11 53 23630.212  -708.373 39181.545  12.89  12.21   57  605.8 4152.43521 N 00119.94728 E 10 1 0 1
2021 11 06 00 11 54 23629.019  -707.265 39183.880  12.89  12.21   57  605.6 4152.43519 N 00119.94732 E 10 1 0 1
2021 11 06 00 11 55 23630.771  -707.981 39181.711  12.89  12.21   57  605.5 4152.43518 N 00119.94724 E 10 1 0 1
2021 11 06 00 11 56 23629.566  -706.965 39183.949  12.89  12.21   57  606.2 4152.43520 N 00119.94719 E 10 1 0 1
2021 11 06 00 11 57 23631.050  -707.539 39182.112  12.89  12.21   57  606.5 4152.43525 N 00119.94707 E 10 1 0 1
2021 11 06 00 11 58 23629.755  -706.628 39184.257  12.89  12.21   57  606.8 4152.43531 N 00119.94702 E 10 1 0 1
2021 11 06 00 11 59 23631.062  -707.682 39181.891  12.89  12.21   57  606.9 4152.43535 N 00119.94699 E 10 1 0 1
2021 11 06 00 12 00 23629.329  -706.892 39184.095  12.89  12.21   57  607.4 4152.43542 N 00119.94695 E 10 1 0 1
2021 11 06 00 12 01 23630.618  -707.945 39181.819  12.89  12.21   57  607.8 4152.43547 N 00119.94691 E 10 1 0 1
2021 11 06 00 12 02 23629.073  -707.242 39183.775  12.89  12.21   57  608.0 4152.43552 N 00119.94689 E 10 1 0 1
2021 11 06 00 12 03 23630.540  -708.047 39181.666  12.89  12.21   57  608.2 4152.43557 N 00119.94692 E 10 1 0 1
2021 11 06 00 12 04 23629.107  -707.262 39183.666  12.89  12.21   57  607.9 4152.43559 N 00119.94694 E 10 1 0 1
2021 11 06 00 12 05 23630.613  -707.957 39181.694  12.89  12.21   57  608.1 4152.43565 N 00119.94694 E 10 1 0 1
2021 11 06 00 12 06 23629.306  -707.030 39183.850  12.89  12.21   57  608.5 4152.43571 N 00119.94696 E 10 1 0 1
2021 11 06 00 12 07 23630.779  -707.864 39181.694  12.89  12.21   57  608.8 4152.43574 N 00119.94703 E 10 1 0 1
2021 11 06 00 12 08 23629.360  -706.970 39183.850  12.89  12.21   57  608.4 4152.43573 N 00119.94706 E 10 1 0 1
2021 11 06 00 12 09 23629.980  -707.138 39183.199  12.89  12.21   56  607.6 4152.43568 N 00119.94718 E 10 1 0 1
2021 11 06 00 12 10 23629.634  -706.774 39183.925  12.89  12.21   57  607.7 4152.43572 N 00119.94721 E 10 1 0 1
2021 11 06 00 12 11 23631.161  -707.491 39181.910  12.89  12.21   57  607.9 4152.43575 N 00119.94716 E 10 1 0 1
2021 11 06 00 12 12 23629.878  -706.671 39183.891  12.89  12.21   57  608.4 4152.43585 N 00119.94719 E 10 1 0 1
2021 11 06 00 12 13 23631.652  -707.268 39181.935  12.89  12.21   57  608.3 4152.43592 N 00119.94737 E 10 1 0 1
2021 11 06 00 12 14 23630.200  -706.538 39183.896  12.89  12.21   57  609.6 4152.43594 N 00119.94697 E 10 1 0 1
2021 11 06 00 12 15 23631.175  -707.552 39181.801  12.89  12.21   57  609.7 4152.43591 N 00119.94673 E 10 1 0 1
2021 11 06 00 12 16 23629.892  -706.859 39183.622  12.89  12.21   57  610.2 4152.43594 N 00119.94669 E 10 1 0 1
2021 11 06 00 12 17 23631.279  -707.487 39181.879  12.89  12.21   57  609.8 4152.43595 N 00119.94681 E 10 1 0 1
2021 11 06 00 12 18 23630.103  -706.695 39183.795  12.89  12.21   56  610.3 4152.43597 N 00119.94664 E 10 1 0 1
2021 11 06 00 12 19 23631.277  -707.451 39182.016  12.89  12.21   57  610.5 4152.43602 N 00119.94674 E 10 1 0 1
2021 11 06 00 12 20 23631.269  -708.254 39180.935  12.89  12.21   57  610.5 4152.43607 N 00119.94695 E 10 1 0 1
2021 11 06 00 12 21 23629.191  -707.876 39182.776  12.89  12.21   57  610.8 4152.43613 N 00119.94685 E 10 1 0 1
2021 11 06 00 12 22 23630.327  -708.512 39181.230  12.89  12.21   57  611.1 4152.43617 N 00119.94693 E 10 1 0 1
2021 11 06 00 12 23 23629.870  -707.450 39183.044  12.89  12.21   57  611.3 4152.43614 N 00119.94689 E 10 1 0 1
2021 11 06 00 12 24 23630.947  -708.025 39181.564  12.89  12.21   57  610.7 4152.43612 N 00119.94691 E 10 1 0 1
2021 11 06 00 12 25 23629.612  -707.749 39182.810  12.89  12.21   57  610.7 4152.43614 N 00119.94707 E 10 1 0 1
2021 11 06 00 12 26 23630.835  -708.096 39181.520  12.89  12.21   57  610.5 4152.43614 N 00119.94719 E 10 1 0 1
2021 11 06 00 12 27 23630.222  -707.060 39183.404  12.89  12.21   57  610.0 4152.43617 N 00119.94741 E 10 1 0 1
2021 11 06 00 12 28 23631.216  -707.779 39181.693  12.89  12.21   57  609.8 4152.43616 N 00119.94744 E 10 1 0 1
2021 11 06 00 12 29 23630.003  -707.138 39183.426  12.89  12.21   57  609.9 4152.43617 N 00119.94754 E 10 1 0 1
2021 11 06 00 12 30 23631.681  -707.653 39181.661  12.89  12.21   57  609.9 4152.43617 N 00119.94758 E 10 1 0 1
2021 11 06 00 12 31 23630.398  -706.876 39183.611  12.89  12.21   57  609.3 4152.43611 N 00119.94767 E 10 1 0 1
2021 11 06 00 12 32 23631.644  -707.841 39181.494  12.89  12.21   57  610.2 4152.43612 N 00119.94776 E 10 1 0 1
2021 11 06 00 12 33 23630.921  -706.728 39183.610  12.89  12.21   57  610.2 4152.43610 N 00119.94785 E 10 1 0 1
2021 11 06 00 12 34 23632.093  -707.513 39181.721  12.89  12.21   57  610.1 4152.43609 N 00119.94790 E 10 1 0 1
2021 11 06 00 12 35 23630.339  -707.085 39183.491  12.89  12.21   57  610.3 4152.43606 N 00119.94793 E 10 1 0 1
2021 11 06 00 12 36 23631.681  -707.798 39181.580  12.89  12.21   57  610.6 4152.43608 N 00119.94800 E 10 1 0 1
2021 11 06 00 12 37 23630.466  -706.980 39183.573  12.89  12.21   57  611.1 4152.43607 N 00119.94800 E 10 1 0 1
2021 11 06 00 12 38 23632.070  -707.738 39181.547  12.89  12.21   57  611.3 4152.43605 N 00119.94798 E 10 1 0 1
2021 11 06 00 12 39 23630.409  -706.450 39184.448  12.89  12.21   57  611.0 4152.43603 N 00119.94803 E 10 1 0 1
2021 11 06 00 12 40 23632.115  -707.579 39181.804  12.89  12.21   57  610.6 4152.43599 N 00119.94805 E 10 1 0 1
2021 11 06 00 12 41 23631.003  -706.423 39184.182  12.89  12.21   57  610.6 4152.43596 N 00119.94815 E 10 1 0 1
2021 11 06 00 12 42 23632.656  -707.330 39181.838  12.89  12.21   57  611.3 4152.43597 N 00119.94805 E 10 1 0 1
2021 11 06 00 12 43 23631.320  -706.465 39184.005  12.89  12.21   57  611.4 4152.43596 N 00119.94803 E 10 1 0 1
2021 11 06 00 12 44 23633.103  -707.004 39182.147  12.89  12.21   57  611.3 4152.43594 N 00119.94791 E 10 1 0 1
2021 11 06 00 12 45 23631.964  -706.103 39184.188  12.89  12.21   57  611.2 4152.43592 N 00119.94779 E 10 1 0 1
2021 11 06 00 12 46 23632.638  -707.440 39181.877  12.89  12.21   57  611.0 4152.43588 N 00119.94775 E 10 1 0 1
2021 11 06 00 12 47 23630.902  -706.732 39184.012  12.89  12.21   57  611.0 4152.43584 N 00119.94762 E 10 1 0 1
2021 11 06 00 12 48 23632.618  -707.327 39182.076  12.89  12.21   57  611.2 4152.43580 N 00119.94759 E 10 1 0 1
2021 11 06 00 12 49 23631.888  -705.997 39184.468  12.89  12.21   57  610.9 4152.43576 N 00119.94755 E 10 1 0 1
2021 11 06 00 12 50 23633.029  -707.066 39182.233  12.89  12.21   57  610.1 4152.43570 N 00119.94754 E 10 1 0 1
2021 11 06 00 12 51 23631.312  -706.535 39184.072  12.89  12.21   57  610.2 4152.43573 N 00119.94748 E 10 1 0 1
2021 11 06 00 12 52 23632.788  -707.250 39182.104  12.89  12.21   57  609.7 4152.43570 N 00119.94755 E 10 1 0 1
2021 11 06 00 12 53 23631.661  -706.401 39184.047  12.89  12.21   57  609.6 4152.43565 N 00119.94736 E 10 1 0 1
2021 11 06 00 12 54 23632.720  -707.316 39182.045  12.89  12.21   57  609.5 4152.43561 N 00119.94715 E 10 1 0 1
2021 11 06 00 12 55 23631.318  -706.791 39183.711  12.89  12.21   57  609.9 4152.43561 N 00119.94706 E 10 1 0 1
2021 11 06 00 12 56 23632.677  -707.186 39182.259  12.89  12.21   57  610.5 4152.43561 N 00119.94697 E 10 1 0 1
2021 11 06 00 12 57 23631.486  -706.399 39184.108  12.89  12.21   57  610.9 4152.43560 N 00119.94700 E 10 1 0 1
2021 11 06 00 12 58 23632.730  -707.140 39182.243  12.89  12.21   57  611.1 4152.43561 N 00119.94697 E 10 1 0 1
2021 11 06 00 12 59 23631.888  -706.034 39184.390  12.89  12.21   56  611.7 4152.43564 N 00119.94691 E 10 1 0 1
2021 11 06 00 13 00 23633.329  -706.537 39182.767  12.89  12.21   57  611.5 4152.43562 N 00119.94689 E 10 1 0 1
2021 11 06 00 13 01 23634.160  -706.501 39182.339  12.89  12.21   57  611.4 4152.43560 N 00119.94692 E 10 1 0 1
2021 11 06 00 13 02 23632.732  -705.755 39184.355  12.89  12.21   57  612.5 4152.43559 N 00119.94679 E 10 1 0 1
2021 11 06 00 13 03 23633.495  -706.580 39182.694  12.89  12.21   57  612.4 4152.43554 N 00119.94683 E 9 1 0 1
2021 11 06 00 13 04 23632.238  -706.258 39183.937  12.89  12.21   57  612.5 4152.43553 N 00119.94691 E 10 1 0 1
2021 11 06 00 13 05 23632.900  -706.561 39183.092  12.89  12.21   57  612.3 4152.43552 N 00119.94694 E 9 1 0 1
2021 11 06 00 13 06 23632.181  -706.341 39183.917  12.89  12.21   57  612.6 4152.43554 N 00119.94687 E 10 1 0 1
2021 11 06 00 13 07 23632.995  -706.956 39182.564  12.89  12.21   57  612.5 4152.43555 N 00119.94688 E 10 1 0 1
2021 11 06 00 13 08 23632.072  -706.298 39184.115  12.89  12.21   57  612.8 4152.43557 N 00119.94694 E 10 1 0 1
2021 11 06 00 13 09 23632.066  -706.344 39184.143  12.89  12.21   57  613.3 4152.43563 N 00119.94699 E 10 1 0 1
2021 11 06 00 13 10 23631.982  -706.241 39184.310  12.89  12.21   57  613.0 4152.43563 N 00119.94699 E 10 1 0 1
2021 11 06 00 13 11 23633.853  -707.227 39181.779  12.89  12.21   57  612.9 4152.43563 N 00119.94702 E 10 1 0 1
2021 11 06 00 13 12 23632.372  -706.074 39184.386  12.89  12.21   57  612.9 4152.43562 N 00119.94709 E 10 1 0 1
2021 11 06 00 13 13 23633.777  -706.802 39182.514  12.89  12.21   57  612.6 4152.43562 N 00119.94714 E 10 1 0 1
2021 11 06 00 13 14 23632.390  -705.997 39184.608  12.89  12.21   57  612.4 4152.43565 N 00119.94720 E 10 1 0 1
2021 11 06 00 13 15 23633.787  -706.891 39182.484  12.89  12.21   57  612.0 4152.43562 N 00119.94724 E 10 1 0 1
2021 11 06 00 13 16 23632.300  -706.229 39184.456  12.89  12.21   57  611.2 4152.43561 N 00119.94733 E 10 1 0 1
2021 11 06 00 13 17 23633.529  -707.007 39182.592  12.89  12.21   57  611.3 4152.43563 N 00119.94734 E 10 1 0 1
2021 11 06 00 13 18 23632.322  -706.210 39184.527  12.89  12.21   57  610.7 4152.43560 N 00119.94732 E 10 1 0 1
2021 11 06 00 13 19 23633.874  -706.964 39182.516  12.89  12.21   57  610.1 4152.43559 N 00119.94742 E 10 1 0 1
2021 11 06 00 13 20 23632.476  -706.086 39184.672  12.89  12.21   57  610.2 4152.43561 N 00119.94742 E 10 1 0 1
2021 11 06 00 13 21 23633.788  -706.845 39182.804  12.89  12.21   57  610.2 4152.43561 N 00119.94736 E 10 1 0 1
2021 11 06 00 13 22 23632.648  -705.971 39184.840  12.89  12.21   57  609.5 4152.43557 N 00119.94733 E 10 1 0 1
2021 11 06 00 13 23 23634.412  -706.851 39182.547  12.89  12.21   57  609.6 4152.43557 N 00119.94726 E 10 1 0 1
2021 11 06 00 13 24 23632.849  -705.835 39185.052  12.89  12.21   57  609.4 4152.43557 N 00119.94715 E 10 1 0 1
2021 11 06 00 13 25 23634.339  -706.779 39182.800  12.89  12.21   57  609.1 4152.43556 N 00119.94716 E 9 1 0 1
2021 11 06 00 13 26 23632.685  -705.929 39185.145  12.89  12.21   57  609.6 4152.43559 N 00119.94718 E 10 1 0 1
2021 11 06 00 13 27 23633.947  -706.682 39183.323  12.89  12.21   57  609.0 4152.43561 N 00119.94768 E 10 1 0 1
2021 11 06 00 13 28 23632.445  -706.205 39185.039  12.89  12.21   57  608.7 4152.43562 N 00119.94789 E 10 1 0 1
2021 11 06 00 13 29 23633.437  -707.426 39182.735  12.89  12.21   57  608.3 4152.43563 N 00119.94805 E 10 1 0 1
2021 11 06 00 13 30 23631.753  -706.991 39184.489  12.89  12.21   57  608.2 4152.43561 N 00119.94812 E 10 1 0 1
2021 11 06 00 13 31 23633.031  -707.974 39182.325  12.89  12.21   57  607.9 4152.43559 N 00119.94802 E 10 1 0 1
2021 11 06 00 13 32 23631.521  -707.223 39184.375  12.89  12.21   57  607.4 4152.43558 N 00119.94799 E 10 1 0 1
2021 11 06 00 13 33 23633.187  -708.077 39182.108  12.89  12.21   57  607.2 4152.43559 N 00119.94788 E 10 1 0 1
2021 11 06 00 13 34 23631.909  -707.079 39184.393  12.89  12.21   57  607.0 4152.43559 N 00119.94781 E 10 1 0 1
2021 11 06 00 13 35 23633.597  -707.731 39182.371  12.89  12.21   57  607.0 4152.43561 N 00119.94782 E 10 1 0 1
2021 11 06 00 13 36 23632.326  -706.834 39184.457  12.89  12.21   57  606.9 4152.43562 N 00119.94774 E 10 1 0 1
2021 11 06 00 13 37 23633.693  -707.379 39182.799  12.89  12.21   57  606.6 4152.43560 N 00119.94752 E 10 1 0 1
2021 11 06 00 13 38 23632.355  -706.571 39184.834  12.89  12.21   57  606.3 4152.43560 N 00119.94747 E 10 1 0 1
2021 11 06 00 13 39 23633.675  -707.265 39182.958  12.89  12.21   57  606.5 4152.43559 N 00119.94738 E 10 1 0 1
2021 11 06 00 13 40 23631.783  -706.110 39185.800  12.89  12.21   57  607.4 4152.43559 N 00119.94728 E 10 1 0 1
2021 11 06 00 13 41 23633.722  -707.242 39182.907  12.89  12.21   57  607.0 4152.43552 N 00119.94726 E 10 1 0 1
2021 11 06 00 13 42 23632.509  -706.554 39184.656  12.89  12.21   57  607.0 4152.43553 N 00119.94731 E 9 1 0 1
2021 11 06 00 13 43 23633.341  -707.621 39182.571  12.89  12.21   57  607.2 4152.43553 N 00119.94727 E 10 1 0 1
2021 11 06 00 13 44 23631.706  -707.022 39184.477  12.89  12.21   57  607.0 4152.43551 N 00119.94721 E 10 1 0 1
2021 11 06 00 13 45 23631.103  -706.809 39185.131  12.89  12.21   57  606.9 4152.43552 N 00119.94711 E 10 1 0 1
2021 11 06 00 13 46 23632.679  -707.615 39182.965  12.89  12.21   57  606.3 4152.43548 N 00119.94701 E 10 1 0 1
2021 11 06 00 13 47 23631.603  -707.417 39183.901  12.89  12.21   57  605.9 4152.43548 N 00119.94699 E 10 1 0 1
2021 11 06 00 13 48 23632.390  -708.057 39182.411  12.89  12.21   57  605.6 4152.43544 N 00119.94709 E 10 1 0 1
2021 11 06 00 13 49 23631.198  -707.461 39183.956  12.89  12.21   57  604.8 4152.43542 N 00119.94726 E 10 1 0 1
2021 11 06 00 13 50 23632.402  -708.012 39182.391  12.89  12.21   57  605.0 4152.43543 N 00119.94724 E 10 1 0 1
2021 11 06 00 13 51 23631.409  -707.217 39184.081  12.89  12.21   57  605.2 4152.43543 N 00119.94718 E 10 1 0 1
2021 11 06 00 13 52 23632.499  -707.940 39182.321  12.89  12.21   57  605.3 4152.43541 N 00119.94713 E 9 1 0 1
2021 11 06 00 13 53 23631.345  -707.350 39183.887  12.89  12.21   57  605.8 4152.43540 N 00119.94709 E 10 1 0 1
2021 11 06 00 13 54 23631.931  -707.771 39182.851  12.89  12.21   57  606.3 4152.43537 N 00119.94703 E 10 1 0 1
2021 11 06 00 13 55 23630.952  -707.261 39184.192  12.89  12.21   57  606.3 4152.43536 N 00119.94705 E 10 1 0 1
2021 11 06 00 13 56 23632.558  -707.692 39182.507  12.89  12.21   57  606.7 4152.43536 N 00119.94693 E 10 1 0 1
2021 11 06 00 13 57 23630.601  -707.659 39183.781  12.89  12.21   57  606.4 4152.43535 N 00119.94702 E 10 1 0 1
2021 11 06 00 13 58 23631.029  -709.029 39181.489  12.89  12.21   57  606.6 4152.43534 N 00119.94700 E 10 1 0 1
2021 11 06 00 13 59 23629.927  -708.017 39183.576  12.89  12.21   57  606.7 4152.43536 N 00119.94702 E 10 1 0 1
2021 11 06 00 14 00 23632.341  -708.818 39180.943  12.89  12.21   58  607.4 4152.43543 N 00119.94696 E 10 1 0 1
2021 11 06 00 14 01 23630.038  -707.742 39183.825  12.89  12.21   57  607.5 4152.43544 N 00119.94693 E 9 1 0 1
2021 11 06 00 14 02 23631.357  -708.620 39181.680  12.89  12.21   57  607.3 4152.43546 N 00119.94691 E 9 1 0 1
2021 11 06 00 14 03 23629.386  -708.195 39183.518  12.89  12.21   57  607.5 4152.43550 N 00119.94677 E 9 1 0 1
2021 11 06 00 14 04 23630.540  -709.643 39180.677  12.89  12.21   58  607.5 4152.43550 N 00119.94667 E 9 1 0 1
2021 11 06 00 14 05 23629.462  -708.521 39182.880  12.89  12.21   58  607.3 4152.43553 N 00119.94663 E 9 1 0 1
2021 11 06 00 14 06 23630.359  -709.358 39180.951  12.89  12.21   57  607.3 4152.43557 N 00119.94657 E 9 1 0 1
2021 11 06 00 14 07 23628.941  -708.224 39183.371  12.89  12.21   57  606.9 4152.43559 N 00119.94667 E 9 1 0 1
2021 11 06 00 14 08 23630.722  -708.862 39181.286  12.89  12.21   57  606.9 4152.43560 N 00119.94667 E 9 1 0 1
2021 11 06 00 14 09 23629.187  -707.839 39183.600  12.89  12.21   57  606.9 4152.43564 N 00119.94671 E 9 1 0 1
2021 11 06 00 14 10 23629.903  -708.029 39182.779  12.89  12.21   57  606.7 4152.43566 N 00119.94681 E 9 1 0 1
2021 11 06 00 14 11 23629.405  -707.478 39183.830  12.89  12.21   57  606.7 4152.43570 N 00119.94696 E 9 1 0 1
2021 11 06 00 14 12 23630.909  -708.133 39181.814  12.89  12.21   57  607.1 4152.43572 N 00119.94697 E 9 1 0 1
2021 11 06 00 14 13 23629.933  -707.051 39183.913  12.89  12.21   57  607.1 4152.43573 N 00119.94706 E 10 1 0 1
2021 11 06 00 14 14 23631.656  -707.487 39182.120  12.89  12.21   57  607.1 4152.43575 N 00119.94702 E 10 1 0 1
2021 11 06 00 14 15 23630.087  -706.650 39184.216  12.89  12.21   57  607.1 4152.43577 N 00119.94702 E 10 1 0 1
2021 11 06 00 14 16 23631.452  -707.346 39182.262  12.89  12.21   57  607.2 4152.43580 N 00119.94702 E 10 1 0 1
2021 11 06 00 14 17 23630.218  -706.417 39184.306  12.89  12.21   57  607.2 4152.43583 N 00119.94712 E 10 1 0 1
2021 11 06 00 14 18 23631.710  -707.145 39182.333  12.89  12.21   57  607.3 4152.43586 N 00119.94718 E 10 1 0 1
2021 11 06 00 14 19 23630.443  -706.193 39184.458  12.89  12.21   57  607.5 4152.43588 N 00119.94717 E 10 1 0 1
2021 11 06 00 14 20 23631.691  -706.911 39182.640  12.89  12.21   57  607.8 4152.43590 N 00119.94720 E 10 1 0 1
2021 11 06 00 14 21 23630.710  -706.056 39184.479  12.89  12.21   57  607.9 4152.43589 N 00119.94733 E 10 1 0 1
2021 11 06 00 14 22 23632.255  -706.411 39182.918  12.89  12.21   57  608.1 4152.43588 N 00119.94735 E 10 1 0 1
2021 11 06 00 14 23 23630.964  -705.805 39184.534  12.89  12.21   57  608.2 4152.43590 N 00119.94740 E 10 1 0 1
2021 11 06 00 14 24 23631.937  -706.607 39182.738  12.89  12.21   57  608.0 4152.43585 N 00119.94747 E 10 1 0 1
2021 11 06 00 14 25 23630.415  -705.984 39184.527  12.89  12.21   57  607.7 4152.43586 N 00119.94757 E 10 1 0 1
2021 11 06 00 14 26 23631.663  -706.728 39182.604  12.89  12.21   57  607.8 4152.43585 N 00119.94752 E 10 1 0 1
2021 11 06 00 14 27 23632.222  -706.958 39181.883  12.89  12.21   57  607.4 4152.43584 N 00119.94764 E 10 1 0 1
2021 11 06 00 14 28 23630.513  -706.149 39184.044  12.89  12.21   57  607.5 4152.43585 N 00119.94757 E 10 1 0 1
2021 11 06 00 14 29 23631.253  -706.870 39182.492  12.88  12.21   57  607.3 4152.43585 N 00119.94750 E 10 1 0 1
2021 11 06 00 14 30 23630.298  -706.051 39184.179  12.88  12.21   57  607.0 4152.43584 N 00119.94759 E 10 1 0 1
2021 11 06 00 14 31 23631.771  -706.282 39182.918  12.89  12.21   57  606.8 4152.43586 N 00119.94759 E 10 1 0 1
2021 11 06 00 14 32 23630.880  -705.375 39184.659  12.88  12.21   57  606.8 4152.43590 N 00119.94759 E 10 1 0 1
2021 11 06 00 14 33 23632.066  -705.971 39183.031  12.88  12.21   57  606.7 4152.43592 N 00119.94762 E 10 1 0 1
2021 11 06 00 14 34 23631.304  -704.982 39184.882  12.88  12.21   57  606.6 4152.43595 N 00119.94763 E 10 1 0 1
2021 11 06 00 14 35 23632.911  -705.288 39183.377  12.88  12.21   57  606.5 4152.43596 N 00119.94757 E 10 1 0 1
2021 11 06 00 14 36 23631.464  -704.858 39184.902  12.88  12.21   57  606.3 4152.43596 N 00119.94768 E 10 1 0 1
2021 11 06 00 14 37 23632.415  -705.576 39183.246  12.88  12.21   57  606.3 4152.43595 N 00119.94758 E 9 1 0 1
2021 11 06 00 14 38 23631.277  -704.762 39185.088  12.88  12.21   57  606.2 4152.43594 N 00119.94757 E 10 1 0 1
2021 11 06 00 14 39 23632.242  -705.716 39183.082  12.88  12.21   56  606.2 4152.43596 N 00119.94747 E 10 1 0 1
2021 11 06 00 14 40 23630.372  -704.780 39185.569  12.88  12.21   57  606.2 4152.43594 N 00119.94741 E 10 1 0 1
2021 11 06 00 14 41 23632.347  -705.666 39183.047  12.88  12.21   57  606.1 4152.43597 N 00119.94756 E 10 1 0 1
2021 11 06 00 14 42 23630.896  -704.834 39185.101  12.88  12.21   57  606.0 4152.43598 N 00119.94764 E 10 1 0 1
2021 11 06 00 14 43 23632.624  -705.523 39182.985  12.88  12.21   57  606.1 4152.43599 N 00119.94758 E 10 1 0 1
2021 11 06 00 14 44 23631.050  -704.703 39185.128  12.88  12.21   57  606.0 4152.43599 N 00119.94759 E 10 1 0 1
2021 11 06 00 14 45 23631.886  -705.657 39183.125  12.88  12.21   57  605.8 4152.43596 N 00119.94761 E 10 1 0 1
2021 11 06 00 14 46 23631.003  -704.598 39185.155  12.88  12.21   57  605.6 4152.43595 N 00119.94755 E 10 1 0 1
2021 11 06 00 14 47 23632.773  -705.173 39183.117  12.88  12.21   57  605.9 4152.43597 N 00119.94750 E 10 1 0 1
2021 11 06 00 14 48 23631.279  -703.994 39185.680  12.88  12.21   57  605.7 4152.43594 N 00119.94750 E 10 1 0 1
2021 11 06 00 14 49 23632.900  -704.815 39183.409  12.88  12.21   57  606.2 4152.43595 N 00119.94743 E 10 1 0 1
2021 11 06 00 14 50 23631.757  -703.566 39185.888  12.88  12.21   57  606.1 4152.43594 N 00119.94744 E 10 1 0 1
2021 11 06 00 14 51 23633.048  -704.655 39183.428  12.88  12.21   57  606.2 4152.43593 N 00119.94741 E 10 1 0 1
2021 11 06 00 14 52 23630.945  -704.133 39185.460  12.88  12.21   57  605.9 4152.43592 N 00119.94740 E 10 1 0 1
2021 11 06 00 14 53 23632.146  -705.431 39182.688  12.88  12.21   57  606.2 4152.43591 N 00119.94738 E 10 1 0 1
2021 11 06 00 14 54 23630.179  -704.676 39184.919  12.88  12.21   57  606.1 4152.43592 N 00119.94745 E 10 1 0 1
2021 11 06 00 14 55 23631.757  -705.261 39182.942  12.88  12.21   57  606.2 4152.43594 N 00119.94740 E 10 1 0 1
2021 11 06 00 14 56 23630.413  -704.316 39185.070  12.88  12.21   57  605.8 4152.43596 N 00119.94751 E 10 1 0 1
2021 11 06 00 14 57 23632.007  -705.039 39182.888  12.88  12.21   57  605.9 4152.43596 N 00119.94767 E 10 1 0 1
2021 11 06 00 14 58 23630.529  -704.073 39185.077  12.88  12.21   57  606.4 4152.43595 N 00119.94763 E 10 1 0 1
2021 11 06 00 14 59 23632.054  -704.716 39183.101  12.88  12.21   57  605.9 4152.43595 N 00119.94778 E 10 1 0 1
2021 11 06 00 15 00 23630.804  -703.635 39185.362  12.88  12.21   57  605.4 4152.43595 N 00119.94789 E 10 1 0 1
2021 11 06 00 15 01 23631.779  -704.609 39183.235  12.88  12.21   57  605.3 4152.43595 N 00119.94790 E 10 1 0 1
2021 11 06 00 15 02 23630.097  -704.050 39185.043  12.88  12.21   57  605.4 4152.43601 N 00119.94800 E 10 1 0 1
2021 11 06 00 15 03 23631.503  -704.737 39183.109  12.88  12.21   57  605.4 4152.43600 N 00119.94803 E 10 1 0 1
2021 11 06 00 15 04 23630.390  -703.750 39185.164  12.88  12.21   57  605.8 4152.43604 N 00119.94811 E 10 1 0 1
2021 11 06 00 15 05 23631.753  -704.157 39183.665  12.88  12.21   57  606.4 4152.43605 N 00119.94808 E 10 1 0 1
2021 11 06 00 15 06 23630.413  -703.661 39185.222  12.88  12.21   57  606.6 4152.43607 N 00119.94809 E 10 1 0 1
2021 11 06 00 15 07 23631.591  -704.348 39183.388  12.88  12.21   57  606.9 4152.43606 N 00119.94803 E 10 1 0 1
2021 11 06 00 15 08 23630.196  -703.768 39185.069  12.88  12.21   57  606.7 4152.43605 N 00119.94804 E 10 1 0 1
2021 11 06 00 15 09 23631.085  -704.619 39183.195  12.88  12.21   57  606.5 4152.43608 N 00119.94811 E 10 1 0 1
2021 11 06 00 15 10 23628.982  -703.947 39185.467  12.88  12.21   57  606.4 4152.43610 N 00119.94811 E 10 1 0 1
2021 11 06 00 15 11 23628.058  -703.786 39186.139  12.88  12.21   57  606.8 4152.43613 N 00119.94808 E 10 1 0 1
2021 11 06 00 15 12 23630.896  -705.221 39182.256  12.88  12.21   57  606.8 4152.43615 N 00119.94793 E 10 1 0 1
2021 11 06 00 15 13 23629.618  -704.115 39184.594  12.88  12.21   57  606.6 4152.43615 N 00119.94783 E 10 1 0 1
2021 11 06 00 15 14 23630.089  -704.597 39183.472  12.88  12.21   57  606.6 4152.43616 N 00119.94774 E 10 1 0 1
2021 11 06 00 15 15 23629.161  -704.175 39184.595  12.88  12.21   57  607.0 4152.43619 N 00119.94768 E 10 1 0 1
2021 11 06 00 15 16 23630.259  -704.827 39182.846  12.88  12.21   57  606.8 4152.43617 N 00119.94763 E 9 1 0 1
2021 11 06 00 15 17 23628.704  -704.273 39184.495  12.88  12.21   57  606.3 4152.43613 N 00119.94755 E 9 1 0 1
2021 11 06 00 15 18 23629.689  -705.119 39182.512  12.88  12.21   57  606.2 4152.43613 N 00119.94743 E 9 1 0 1
2021 11 06 00 15 19 23628.376  -704.359 39184.290  12.88  12.21   57  605.9 4152.43611 N 00119.94733 E 9 1 0 1
2021 11 06 00 15 20 23629.657  -704.962 39182.495  12.88  12.21   57  606.3 4152.43611 N 00119.94727 E 9 1 0 1
2021 11 06 00 15 21 23628.181  -704.184 39184.455  12.88  12.21   57  606.7 4152.43613 N 00119.94723 E 10 1 0 1
2021 11 06 00 15 22 23629.343  -705.077 39182.294  12.88  12.21   57  607.1 4152.43615 N 00119.94721 E 9 1 0 1
2021 11 06 00 15 23 23628.081  -704.004 39184.477  12.88  12.21   57  606.6 4152.43610 N 00119.94720 E 9 1 0 1
2021 11 06 00 15 24 23629.712  -704.648 39182.415  12.88  12.21   57  606.5 4152.43603 N 00119.94727 E 10 1 0 1
2021 11 06 00 15 25 23628.269  -703.722 39184.527  12.88  12.21   57  606.4 4152.43600 N 00119.94722 E 10 1 0 1
2021 11 06 00 15 26 23629.499  -704.628 39182.331  12.88  12.21   57  606.4 4152.43598 N 00119.94716 E 10 1 0 1
2021 11 06 00 15 27 23627.981  -703.918 39184.210  12.88  12.21   57  606.6 4152.43597 N 00119.94714 E 10 1 0 1
2021 11 06 00 15 28 23629.163  -704.646 39182.321  12.88  12.21   57  606.4 4152.43596 N 00119.94709 E 10 1 0 1
2021 11 06 00 15 29 23627.597  -703.653 39184.611  12.88  12.21   56  606.3 4152.43596 N 00119.94705 E 10 1 0 1
2021 11 06 00 15 30 23629.202  -704.510 39182.277  12.88  12.21   57  605.4 4152.43590 N 00119.94705 E 10 1 0 1
2021 11 06 00 15 31 23627.702  -703.534 39184.537  12.88  12.21   57  605.6 4152.43589 N 00119.94707 E 10 1 0 1
2021 11 06 00 15 32 23629.114  -704.451 39182.269  12.88  12.21   57  605.8 4152.43587 N 00119.94712 E 10 1 0 1
2021 11 06 00 15 33 23627.583  -703.506 39184.552  12.88  12.21   57  605.9 4152.43586 N 00119.94721 E 10 1 0 1
2021 11 06 00 15 34 23629.304  -704.395 39182.129  12.88  12.21   57  606.0 4152.43582 N 00119.94723 E 10 1 0 1
2021 11 06 00 15 35 23627.565  -703.252 39184.780  12.88  12.21   57  606.2 4152.43579 N 00119.94726 E 10 1 0 1
2021 11 06 00 15 36 23629.015  -704.138 39182.543  12.88  12.21   57  605.9 4152.43576 N 00119.94723 E 10 1 0 1
2021 11 06 00 15 37 23627.634  -703.352 39184.516  12.88  12.21   57  606.6 4152.43577 N 00119.94733 E 10 1 0 1
2021 11 06 00 15 38 23629.011  -704.170 39182.442  12.88  12.21   57  606.9 4152.43574 N 00119.94737 E 9 1 0 1
2021 11 06 00 15 39 23627.685  -703.266 39184.563  12.88  12.21   57  607.0 4152.43572 N 00119.94733 E 9 1 0 1
2021 11 06 00 15 40 23629.126  -703.921 39182.628  12.88  12.21   57  607.0 4152.43568 N 00119.94734 E 9 1 0 1
2021 11 06 00 15 41 23627.085  -702.611 39185.780  12.88  12.21   57  606.6 4152.43567 N 00119.94750 E 10 1 0 1
2021 11 06 00 15 42 23629.241  -703.743 39182.757  12.88  12.21   57  606.1 4152.43564 N 00119.94762 E 10 1 0 1
2021 11 06 00 15 43 23627.769  -703.039 39184.698  12.88  12.21   57  605.7 4152.43562 N 00119.94766 E 10 1 0 1
2021 11 06 00 15 44 23628.720  -704.290 39182.249  12.88  12.21   57  605.7 4152.43562 N 00119.94773 E 10 1 0 1
2021 11 06 00 15 45 23626.831  -703.765 39184.181  12.88  12.21   57  606.4 4152.43565 N 00119.94769 E 10 1 0 1
2021 11 06 00 15 46 23628.337  -704.491 39182.169  12.88  12.21   57  606.3 4152.43565 N 00119.94773 E 10 1 0 1
2021 11 06 00 15 47 23626.630  -703.834 39184.113  12.88  12.21   57  606.5 4152.43565 N 00119.94777 E 10 1 0 1
2021 11 06 00 15 48 23627.147  -704.826 39182.245  12.88  12.21   57  606.7 4152.43562 N 00119.94780 E 10 1 0 1
2021 11 06 00 15 49 23625.739  -704.398 39183.665  12.88  12.21   57  606.6 4152.43561 N 00119.94779 E 9 1 0 1
2021 11 06 00 15 50 23627.052  -704.911 39182.022  12.88  12.21   57  606.1 4152.43560 N 00119.94786 E 9 1 0 1
2021 11 06 00 15 51 23626.194  -703.986 39183.783  12.88  12.21   57  606.3 4152.43560 N 00119.94795 E 9 1 0 1
2021 11 06 00 15 52 23625.251  -703.778 39184.614  12.88  12.21   57  605.8 4152.43558 N 00119.94791 E 9 1 0 1
2021 11 06 00 15 53 23625.905  -704.965 39182.381  12.88  12.21   57  605.3 4152.43558 N 00119.94783 E 10 1 0 1
2021 11 06 00 15 54 23625.255  -704.766 39183.047  12.88  12.21   57  605.1 4152.43558 N 00119.94768 E 10 1 0 1
2021 11 06 00 15 55 23625.806  -705.492 39181.497  12.88  12.21   57  605.6 4152.43557 N 00119.94745 E 10 1 0 1
2021 11 06 00 15 56 23624.296  -705.064 39182.952  12.88  12.21   57  605.6 4152.43555 N 00119.94733 E 10 1 0 1
2021 11 06 00 15 57 23625.157  -705.781 39181.264  12.88  12.21   57  606.2 4152.43553 N 00119.94708 E 10 1 0 1
2021 11 06 00 15 58 23624.591  -704.713 39183.045  12.88  12.21   57  605.9 4152.43550 N 00119.94697 E 10 1 0 1
2021 11 06 00 15 59 23625.640  -705.265 39181.475  12.88  12.21   57  605.3 4152.43548 N 00119.94694 E 10 1 0 1
2021 11 06 00 16 00 23624.173  -704.764 39183.003  12.88  12.21   57  605.4 4152.43545 N 00119.94698 E 10 1 0 1
2021 11 06 00 16 01 23625.515  -705.256 39181.380  12.88  12.21   58  605.8 4152.43542 N 00119.94694 E 9 1 0 1
2021 11 06 00 16 02 23624.204  -705.251 39182.073  12.88  12.21   58  605.8 4152.43540 N 00119.94675 E 9 1 0 1
2021 11 06 00 16 03 23624.852  -705.446 39181.134  12.88  12.21   57  605.2 4152.43535 N 00119.94675 E 9 1 0 1
2021 11 06 00 16 04 23623.911  -704.878 39182.358  12.88  12.21   58  605.7 4152.43533 N 00119.94660 E 9 1 0 1
2021 11 06 00 16 05 23624.999  -705.521 39180.526  12.88  12.21   58  606.2 4152.43531 N 00119.94649 E 9 1 0 1
2021 11 06 00 16 06 23623.319  -704.290 39183.084  12.88  12.21   57  606.9 4152.43530 N 00119.94648 E 9 1 0 1
2021 11 06 00 16 07 23625.095  -704.635 39181.236  12.88  12.21   57  607.5 4152.43530 N 00119.94641 E 8 1 0 1
2021 11 06 00 16 08 23623.317  -703.943 39183.148  12.88  12.21   57  608.4 4152.43533 N 00119.94633 E 9 1 0 1
2021 11 06 00 16 09 23624.579  -704.658 39181.135  12.88  12.21   57  609.1 4152.43537 N 00119.94624 E 9 1 0 1
2021 11 06 00 16 10 23622.862  -703.708 39183.366  12.88  12.21   57  609.3 4152.43540 N 00119.94632 E 9 1 0 1
2021 11 06 00 16 11 23622.477  -702.939 39184.545  12.88  12.21   57  609.3 4152.43541 N 00119.94631 E 9 1 0 1
2021 11 06 00 16 12 23623.979  -704.157 39181.685  12.88  12.21   57  609.3 4152.43541 N 00119.94628 E 9 1 0 1
2021 11 06 00 16 13 23625.136  -704.299 39180.617  12.88  12.21   58  609.8 4152.43542 N 00119.94622 E 9 1 0 1
2021 11 06 00 16 14 23623.733  -703.227 39182.916  12.88  12.21   57  609.9 4152.43541 N 00119.94612 E 9 1 0 1
2021 11 06 00 16 15 23624.792  -703.576 39181.574  12.88  12.21   57  610.0 4152.43540 N 00119.94601 E 9 1 0 1
2021 11 06 00 16 16 23623.409  -702.444 39183.982  12.88  12.21   57  610.8 4152.43541 N 00119.94593 E 9 1 0 1
2021 11 06 00 16 17 23624.977  -703.259 39181.718  12.88  12.21   57  611.6 4152.43546 N 00119.94584 E 9 1 0 1
2021 11 06 00 16 18 23623.565  -702.165 39184.060  12.88  12.21   57  612.0 4152.43549 N 00119.94579 E 9 1 0 1
2021 11 06 00 16 19 23625.222  -702.929 39181.800  12.88  12.21   57  611.7 4152.43550 N 00119.94572 E 10 1 0 1
2021 11 06 00 16 20 23623.616  -701.952 39184.172  12.88  12.21   57  611.6 4152.43552 N 00119.94567 E 10 1 0 1
2021 11 06 00 16 21 23625.124  -702.678 39182.028  12.88  12.21   57  611.9 4152.43557 N 00119.94562 E 10 1 0 1
2021 11 06 00 16 22 23623.595  -701.729 39184.233  12.88  12.21   57  612.2 4152.43561 N 00119.94553 E 10 1 0 1
2021 11 06 00 16 23 23625.057  -702.506 39182.038  12.88  12.21   57  612.7 4152.43567 N 00119.94546 E 10 1 0 1
2021 11 06 00 16 24 23623.696  -701.662 39183.991  12.88  12.21   57  612.6 4152.43570 N 00119.94542 E 10 1 0 1
2021 11 06 00 16 25 23624.905  -702.280 39182.153  12.88  12.21   57  612.4 4152.43573 N 00119.94541 E 10 1 0 1
2021 11 06 00 16 26 23623.538  -701.234 39184.323  12.88  12.21   57  611.6 4152.43575 N 00119.94545 E 10 1 0 1
2021 11 06 00 16 27 23624.983  -701.882 39182.252  12.88  12.21   57  610.9 4152.43574 N 00119.94546 E 10 1 0 1
2021 11 06 00 16 28 23623.593  -700.959 39184.298  12.88  12.21   57  610.4 4152.43572 N 00119.94536 E 10 1 0 1
2021 11 06 00 16 29 23624.929  -701.550 39182.413  12.88  12.21   57  610.5 4152.43571 N 00119.94532 E 10 1 0 1
2021 11 06 00 16 30 23623.565  -700.725 39184.328  12.88  12.21   57  610.0 4152.43566 N 00119.94535 E 10 1 0 1
2021 11 06 00 16 31 23624.872  -701.283 39182.505  12.88  12.21   57  610.2 4152.43569 N 00119.94541 E 10 1 0 1
2021 11 06 00 16 32 23623.813  -700.396 39184.343  12.88  12.21   57  609.7 4152.43572 N 00119.94531 E 10 1 0 1
2021 11 06 00 16 33 23624.983  -701.043 39182.563  12.88  12.21   57  609.3 4152.43576 N 00119.94505 E 10 1 0 1
2021 11 06 00 16 34 23623.805  -700.260 39184.314  12.88  12.21   57  609.7 4152.43579 N 00119.94529 E 10 1 0 1
2021 11 06 00 16 35 23625.003  -700.610 39182.974  12.88  12.21   57  609.8 4152.43575 N 00119.94521 E 10 1 0 1
2021 11 06 00 16 36 23625.536  -700.862 39182.253  12.88  12.21   57  610.3 4152.43577 N 00119.94527 E 10 1 0 1
2021 11 06 00 16 37 23623.755  -700.173 39184.251  12.88  12.21   57  610.3 4152.43582 N 00119.94550 E 10 1 0 1
2021 11 06 00 16 38 23624.798  -700.932 39182.447  12.88  12.21   57  610.4 4152.43585 N 00119.94555 E 10 1 0 1
2021 11 06 00 16 39 23623.895  -700.407 39183.699  12.88  12.21   58  610.0 4152.43585 N 00119.94588 E 10 1 0 1
2021 11 06 00 16 40 23625.167  -700.812 39182.305  12.88  12.21   57  610.3 4152.43592 N 00119.94588 E 10 1 0 1
2021 11 06 00 16 41 23623.450  -699.540 39185.073  12.88  12.21   57  610.9 4152.43603 N 00119.94604 E 10 1 0 1
2021 11 06 00 16 42 23625.069  -700.306 39182.887  12.88  12.21   57  611.2 4152.43603 N 00119.94597 E 9 1 0 1
2021 11 06 00 16 43 23623.768  -699.415 39184.855  12.88  12.21   57  611.5 4152.43606 N 00119.94586 E 10 1 0 1
2021 11 06 00 16 44 23625.472  -700.334 39182.406  12.88  12.21   58  611.4 4152.43608 N 00119.94623 E 10 1 0 1
2021 11 06 00 16 45 23623.893  -699.279 39184.801  12.88  12.21   56  611.1 4152.43608 N 00119.94665 E 10 1 0 1
2021 11 06 00 16 46 23624.927  -700.101 39182.841  12.88  12.21   57  610.9 4152.43614 N 00119.94669 E 10 1 0 1
2021 11 06 00 16 47 23623.196  -699.850 39184.221  12.88  12.21   57  611.0 4152.43609 N 00119.94669 E 10 1 0 1
2021 11 06 00 16 48 23624.175  -700.589 39182.413  12.88  12.21   57  611.4 4152.43612 N 00119.94667 E 10 1 0 1
2021 11 06 00 16 49 23622.989  -699.680 39184.355  12.88  12.21   57  611.4 4152.43612 N 00119.94674 E 10 1 0 1
2021 11 06 00 16 50 23624.800  -700.059 39182.555  12.88  12.21   57  611.5 4152.43606 N 00119.94673 E 11 1 0 1
2021 11 06 00 16 51 23623.149  -699.228 39184.756  12.88  12.21   57  611.1 4152.43607 N 00119.94674 E 11 1 0 1
2021 11 06 00 16 52 23623.768  -700.553 39182.379  12.88  12.21   57  611.3 4152.43609 N 00119.94659 E 11 1 0 1
2021 11 06 00 16 53 23621.590  -700.456 39183.815  12.88  12.21   57  611.4 4152.43608 N 00119.94645 E 11 1 0 1
2021 11 06 00 16 54 23622.548  -701.573 39181.583  12.88  12.21   57  611.5 4152.43601 N 00119.94646 E 10 1 0 1
2021 11 06 00 16 55 23621.251  -700.660 39183.669  12.88  12.21   57  612.0 4152.43592 N 00119.94640 E 11 1 0 1
2021 11 06 00 16 56 23623.063  -701.150 39181.752  12.88  12.21   57  612.1 4152.43580 N 00119.94639 E 11 1 0 1
2021 11 06 00 16 57 23621.645  -700.183 39183.993  12.88  12.21   57  612.0 4152.43579 N 00119.94632 E 11 1 0 1
2021 11 06 00 16 58 23623.208  -700.952 39181.791  12.88  12.21   57  612.0 4152.43571 N 00119.94633 E 11 1 0 1
2021 11 06 00 16 59 23622.051  -699.697 39184.247  12.88  12.21   57  611.8 4152.43570 N 00119.94633 E 11 1 0 1
2021 11 06 00 17 00 23623.507  -700.485 39182.087  12.88  12.21   57  612.0 4152.43570 N 00119.94625 E 11 1 0 1
2021 11 06 00 17 01 23621.913  -699.548 39184.346  12.88  12.21   57  611.9 4152.43571 N 00119.94626 E 11 1 0 1
2021 11 06 00 17 02 23622.096  -699.151 39184.669  12.88  12.21   57  611.5 4152.43571 N 00119.94644 E 11 1 0 1
2021 11 06 00 17 03 23622.718  -699.036 39184.376  12.88  12.21   58  611.3 4152.43573 N 00119.94648 E 11 1 0 1
2021 11 06 00 17 04 23624.505  -700.435 39181.153  12.88  12.21   57  611.0 4152.43573 N 00119.94656 E 10 1 0 1
2021 11 06 00 17 05 23622.233  -699.004 39184.486  12.88  12.21   57  610.7 4152.43575 N 00119.94667 E 10 1 0 1
2021 11 06 00 17 06 23623.538  -699.820 39182.333  12.88  12.21   56  610.6 4152.43572 N 00119.94665 E 10 1 0 1
2021 11 06 00 17 07 23621.983  -699.072 39184.270  12.88  12.21   57  610.5 4152.43567 N 00119.94666 E 10 1 0 1
2021 11 06 00 17 08 23623.073  -699.747 39182.548  12.88  12.21   58  610.4 4152.43567 N 00119.94671 E 10 1 0 1
2021 11 06 00 17 09 23623.698  -700.184 39181.348  12.88  12.21   57  610.5 4152.43565 N 00119.94673 E 10 1 0 1
2021 11 06 00 17 10 23623.393  -700.326 39181.152  12.88  12.21   57  610.3 4152.43563 N 00119.94672 E 10 1 0 1
2021 11 06 00 17 11 23620.862  -699.222 39184.161  12.88  12.21   57  610.5 4152.43557 N 00119.94654 E 10 1 0 1
2021 11 06 00 17 12 23622.272  -699.883 39182.140  12.88  12.21   57  610.2 4152.43558 N 00119.94653 E 10 1 0 1
2021 11 06 00 17 13 23620.145  -698.665 39185.058  12.88  12.21   56  610.1 4152.43561 N 00119.94648 E 10 1 0 1
2021 11 06 00 17 14 23621.592  -700.207 39181.727  12.88  12.21   57  609.9 4152.43566 N 00119.94644 E 10 1 0 1
2021 11 06 00 17 15 23619.975  -699.835 39183.053  12.88  12.21   57  609.7 4152.43568 N 00119.94639 E 10 1 0 1
2021 11 06 00 17 16 23620.778  -700.544 39181.270  12.88  12.21   57  609.8 4152.43569 N 00119.94625 E 10 1 0 1
2021 11 06 00 17 17 23619.825  -699.904 39182.622  12.88  12.21   57  609.6 4152.43569 N 00119.94616 E 10 1 0 1
2021 11 06 00 17 18 23618.721  -699.502 39183.674  12.88  12.21   57  609.6 4152.43568 N 00119.94618 E 10 1 0 1
2021 11 06 00 17 19 23620.290  -700.557 39180.947  12.88  12.21   57  609.8 4152.43567 N 00119.94612 E 10 1 0 1
2021 11 06 00 17 20 23619.184  -699.856 39182.422  12.88  12.21   57  609.9 4152.43566 N 00119.94610 E 11 1 0 1
2021 11 06 00 17 21 23620.036  -700.313 39181.045  12.88  12.21   57  609.9 4152.43567 N 00119.94608 E 11 1 0 1
2021 11 06 00 17 22 23619.301  -699.457 39182.522  12.88  12.21   57  609.6 4152.43567 N 00119.94617 E 11 1 0 1
2021 11 06 00 17 23 23620.305  -700.169 39180.702  12.88  12.21   57  609.5 4152.43570 N 00119.94626 E 11 1 0 1
2021 11 06 00 17 24 23618.555  -699.715 39182.221  12.88  12.21   57  609.2 4152.43573 N 00119.94636 E 11 1 0 1
2021 11 06 00 17 25 23619.637  -700.355 39180.468  12.88  12.21   57  609.2 4152.43575 N 00119.94635 E 11 1 0 1
2021 11 06 00 17 26 23618.020  -699.986 39181.871  12.88  12.21   57  609.3 4152.43577 N 00119.94633 E 11 1 0 1
2021 11 06 00 17 27 23619.182  -700.781 39179.830  12.88  12.21   57  609.4 4152.43579 N 00119.94629 E 11 1 0 1
2021 11 06 00 17 28 23617.811  -699.937 39181.721  12.88  12.21   57  609.4 4152.43580 N 00119.94627 E 11 1 0 1
2021 11 06 00 17 29 23618.694  -700.632 39179.951  12.88  12.21   57  609.3 4152.43580 N 00119.94627 E 11 1 0 1
2021 11 06 00 17 30 23617.358  -699.741 39181.872  12.88  12.21   57  609.3 4152.43582 N 00119.94621 E 11 1 0 1
2021 11 06 00 17 31 23618.844  -700.131 39180.183  12.88  12.21   57  609.4 4152.43584 N 00119.94613 E 11 1 0 1
2021 11 06 00 17 32 23617.354  -699.491 39181.910  12.88  12.21   57  609.5 4152.43585 N 00119.94606 E 11 1 0 1
2021 11 06 00 17 33 23618.709  -700.022 39180.127  12.88  12.21   57  609.7 4152.43586 N 00119.94595 E 11 1 0 1
2021 11 06 00 17 34 23617.180  -699.139 39182.226  12.88  12.21   57  609.8 4152.43589 N 00119.94583 E 11 1 0 1
2021 11 06 00 17 35 23618.809  -699.870 39179.997  12.88  12.21   57  609.8 4152.43590 N 00119.94582 E 11 1 0 1
2021 11 06 00 17 36 23617.754  -698.474 39182.551  12.88  12.21   57  609.7 4152.43591 N 00119.94577 E 11 1 0 1
2021 11 06 00 17 37 23618.940  -699.585 39180.067  12.88  12.21   57  609.7 4152.43590 N 00119.94580 E 11 1 0 1
2021 11 06 00 17 38 23617.178  -698.909 39182.010  12.88  12.21   58  609.5 4152.43585 N 00119.94588 E 11 1 0 1
2021 11 06 00 17 39 23618.866  -699.407 39180.131  12.88  12.21   57  609.9 4152.43582 N 00119.94567 E 11 1 0 1
2021 11 06 00 17 40 23617.188  -698.386 39182.542  12.88  12.21   57  609.7 4152.43581 N 00119.94567 E 10 1 0 1
2021 11 06 00 17 41 23618.807  -699.015 39180.429  12.88  12.21   57  609.5 4152.43580 N 00119.94561 E 10 1 0 1
2021 11 06 00 17 42 23616.981  -697.642 39183.457  12.88  12.21   58  609.5 4152.43581 N 00119.94553 E 10 1 0 1
2021 11 06 00 17 43 23619.672  -698.922 39179.794  12.88  12.21   57  609.6 4152.43578 N 00119.94547 E 10 1 0 1
2021 11 06 00 17 44 23617.586  -697.579 39182.879  12.88  12.21   57  609.7 4152.43576 N 00119.94542 E 10 1 0 1
2021 11 06 00 17 45 23618.850  -698.172 39181.080  12.88  12.21   57  609.6 4152.43573 N 00119.94546 E 10 1 0 1
2021 11 06 00 17 46 23617.780  -697.088 39183.159  12.88  12.21   57  609.5 4152.43572 N 00119.94554 E 10 1 0 1
2021 11 06 00 17 47 23619.325  -698.069 39180.618  12.88  12.21   57  609.6 4152.43570 N 00119.94551 E 10 1 0 1
2021 11 06 00 17 48 23618.188  -697.587 39181.942  12.88  12.21   58  609.6 4152.43568 N 00119.94547 E 10 1 0 1
2021 11 06 00 17 49 23618.834  -698.303 39180.304  12.88  12.21   57  609.6 4152.43567 N 00119.94551 E 9 1 0 1
2021 11 06 00 17 50 23617.245  -697.334 39182.539  12.88  12.21   57  609.3 4152.43566 N 00119.94563 E 10 1 0 1
2021 11 06 00 17 51 23618.725  -697.921 39180.578  12.88  12.21   57  609.2 4152.43566 N 00119.94568 E 10 1 0 1
2021 11 06 00 17 52 23617.467  -696.867 39182.717  12.88  12.21   57  609.0 4152.43568 N 00119.94570 E 9 1 0 1
2021 11 06 00 17 53 23618.940  -697.473 39180.760  12.88  12.21   57  608.7 4152.43573 N 00119.94577 E 9 1 0 1
2021 11 06 00 17 54 23617.434  -696.626 39182.790  12.88  12.21   57  608.6 4152.43587 N 00119.94558 E 9 1 0 1
2021 11 06 00 17 55 23618.479  -697.573 39180.585  12.88  12.21   57  608.3 4152.43589 N 00119.94562 E 9 1 0 1
2021 11 06 00 17 56 23617.125  -696.762 39182.413  12.88  12.21   57  608.3 4152.43588 N 00119.94564 E 9 1 0 1
2021 11 06 00 17 57 23618.456  -697.373 39180.541  12.88  12.21   57  607.8 4152.43584 N 00119.94585 E 9 1 0 1
2021 11 06 00 17 58 23617.737  -697.009 39181.423  12.88  12.21   58  607.8 4152.43581 N 00119.94589 E 9 1 0 1
2021 11 06 00 17 59 23618.524  -697.499 39180.050  12.88  12.21   58  608.0 4152.43574 N 00119.94585 E 9 1 0 1
2021 11 06 00 18 00 23618.684  -697.461 39179.844  12.88  12.21   57  608.3 4152.43572 N 00119.94571 E 8 1 0 1
2021 11 06 00 18 01 23617.280  -696.384 39182.123  12.88  12.21   57  608.4 4152.43566 N 00119.94573 E 8 1 0 1
2021 11 06 00 18 02 23618.014  -696.634 39181.212  12.88  12.21   57  608.2 4152.43566 N 00119.94590 E 8 1 0 1
2021 11 06 00 18 03 23616.954  -696.316 39182.198  12.88  12.21   57  608.5 4152.43559 N 00119.94586 E 8 1 0 1
2021 11 06 00 18 04 23617.745  -697.131 39180.440  12.88  12.21   57  608.3 4152.43561 N 00119.94599 E 8 1 0 1
2021 11 06 00 18 05 23616.735  -696.253 39182.235  12.88  12.21   57  608.1 4152.43558 N 00119.94610 E 8 1 0 1
2021 11 06 00 18 06 23617.258  -697.386 39180.200  12.88  12.21   57  608.4 4152.43557 N 00119.94600 E 9 1 0 1
2021 11 06 00 18 07 23615.535  -697.075 39181.661  12.88  12.21   57  608.2 4152.43558 N 00119.94610 E 9 1 0 1
2021 11 06 00 18 08 23617.053  -697.970 39179.354  12.88  12.21   58  608.2 4152.43556 N 00119.94619 E 9 1 0 1
2021 11 06 00 18 09 23615.903  -697.427 39180.838  12.88  12.21   57  608.0 4152.43551 N 00119.94629 E 9 1 0 1
2021 11 06 00 18 10 23616.840  -697.698 39179.714  12.88  12.21   57  608.0 4152.43551 N 00119.94626 E 9 1 0 1
2021 11 06 00 18 11 23615.578  -696.790 39181.761  12.88  12.21   57  608.5 4152.43545 N 00119.94602 E 9 1 0 1
2021 11 06 00 18 12 23614.850  -696.092 39183.126  12.88  12.21   57  607.8 4152.43550 N 00119.94629 E 9 1 0 1
2021 11 06 00 18 13 23615.180  -696.351 39182.470  12.88  12.21   57  608.4 4152.43546 N 00119.94605 E 9 1 0 1
2021 11 06 00 18 14 23616.393  -697.698 39179.707  12.88  12.21   57  608.3 4152.43546 N 00119.94619 E 9 1 0 1
2021 11 06 00 18 15 23615.403  -696.588 39181.829  12.88  12.21   57  608.4 4152.43549 N 00119.94621 E 10 1 0 1
2021 11 06 00 18 16 23616.983  -697.112 39179.997  12.88  12.21   57  608.5 4152.43553 N 00119.94620 E 10 1 0 1
2021 11 06 00 18 17 23615.567  -696.232 39182.109  12.88  12.21   57  608.7 4152.43557 N 00119.94615 E 10 1 0 1
2021 11 06 00 18 18 23617.631  -697.488 39178.961  12.88  12.21   58  608.9 4152.43561 N 00119.94608 E 10 1 0 1
2021 11 06 00 18 19 23615.645  -696.364 39181.650  12.88  12.21   58  608.8 4152.43565 N 00119.94613 E 10 1 0 1
2021 11 06 00 18 20 23616.836  -697.114 39179.691  12.88  12.21   57  608.5 4152.43567 N 00119.94622 E 10 1 0 1
2021 11 06 00 18 21 23615.481  -695.999 39182.041  12.88  12.21   57  608.4 4152.43571 N 00119.94623 E 10 1 0 1
2021 11 06 00 18 22 23617.307  -696.593 39179.906  12.88  12.21   57  608.5 4152.43571 N 00119.94618 E 9 1 0 1
2021 11 06 00 18 23 23615.547  -695.685 39182.254  12.88  12.21   57  608.7 4152.43574 N 00119.94620 E 10 1 0 1
2021 11 06 00 18 24 23616.746  -696.735 39179.887  12.88  12.21   57  608.7 4152.43578 N 00119.94625 E 10 1 0 1
2021 11 06 00 18 25 23615.532  -695.606 39182.183  12.88  12.21   57  608.8 4152.43576 N 00119.94627 E 8 1 0 1
2021 11 06 00 18 26 23616.887  -696.657 39179.688  12.88  12.21   57  608.7 4152.43583 N 00119.94626 E 9 1 0 1
2021 11 06 00 18 27 23614.819  -696.017 39181.798  12.88  12.21   57  608.7 4152.43585 N 00119.94620 E 9 1 0 1
2021 11 06 00 18 28 23616.787  -697.075 39178.932  12.88  12.21   59  608.9 4152.43584 N 00119.94609 E 9 1 0 1
2021 11 06 00 18 29 23615.346  -696.033 39181.270  12.88  12.21   57  608.9 4152.43585 N 00119.94611 E 9 1 0 1
2021 11 06 00 18 30 23616.457  -696.502 39179.727  12.88  12.21   57  609.0 4152.43584 N 00119.94611 E 9 1 0 1
2021 11 06 00 18 31 23615.162  -695.639 39181.708  12.88  12.21   57  609.0 4152.43584 N 00119.94612 E 9 1 0 1
2021 11 06 00 18 32 23616.457  -696.367 39179.781  12.88  12.21   57  608.9 4152.43583 N 00119.94610 E 9 1 0 1
2021 11 06 00 18 33 23614.158  -696.183 39181.384  12.88  12.21   57  608.4 4152.43586 N 00119.94631 E 9 1 0 1
2021 11 06 00 18 34 23615.086  -697.353 39178.984  12.88  12.21   57  608.0 4152.43597 N 00119.94646 E 9 1 0 1
2021 11 06 00 18 35 23613.694  -696.370 39181.178  12.88  12.21   57  607.6 4152.43609 N 00119.94663 E 9 1 0 1
2021 11 06 00 18 36 23614.990  -696.939 39179.391  12.88  12.21   57  607.9 4152.43604 N 00119.94630 E 9 1 0 1
2021 11 06 00 18 37 23614.113  -696.015 39181.187  12.88  12.21   57  607.8 4152.43605 N 00119.94631 E 9 1 0 1
2021 11 06 00 18 38 23615.596  -697.023 39178.744  12.88  12.21   58  608.0 4152.43593 N 00119.94632 E 9 1 0 1
2021 11 06 00 18 39 23614.283  -696.402 39180.386  12.88  12.21   58  607.6 4152.43583 N 00119.94650 E 9 1 0 1
2021 11 06 00 18 40 23614.873  -697.073 39178.961  12.88  12.21   57  607.8 4152.43575 N 00119.94642 E 9 1 0 1
2021 11 06 00 18 41 23613.791  -696.121 39180.939  12.88  12.21   57  607.7 4152.43574 N 00119.94655 E 8 1 0 1
2021 11 06 00 18 42 23614.186  -696.588 39179.875  12.88  12.21   57  607.2 4152.43562 N 00119.94673 E 9 1 0 1
2021 11 06 00 18 43 23614.934  -697.392 39178.210  12.88  12.21   57  606.5 4152.43570 N 00119.94705 E 9 1 0 1
2021 11 06 00 18 44 23613.410  -696.433 39180.430  12.88  12.21   57  606.3 4152.43572 N 00119.94712 E 9 1 0 1
2021 11 06 00 18 45 23614.698  -696.710 39179.118  12.88  12.21   57  606.4 4152.43573 N 00119.94703 E 9 1 0 1
2021 11 06 00 18 46 23613.414  -696.140 39180.710  12.88  12.21   57  606.3 4152.43573 N 00119.94703 E 9 1 0 1
2021 11 06 00 18 47 23614.344  -697.033 39178.754  12.88  12.21   57  606.2 4152.43572 N 00119.94698 E 10 1 0 1
2021 11 06 00 18 48 23613.322  -696.571 39180.075  12.88  12.21   57  606.3 4152.43569 N 00119.94694 E 10 1 0 1
2021 11 06 00 18 49 23614.010  -697.267 39178.558  12.88  12.21   57  606.3 4152.43568 N 00119.94689 E 10 1 0 1
2021 11 06 00 18 50 23612.781  -696.514 39180.352  12.88  12.21   57  606.0 4152.43571 N 00119.94706 E 10 1 0 1
2021 11 06 00 18 51 23613.985  -697.045 39178.747  12.88  12.21   57  606.4 4152.43566 N 00119.94685 E 10 1 0 1
2021 11 06 00 18 52 23612.826  -696.233 39180.522  12.88  12.21   57  606.0 4152.43568 N 00119.94688 E 10 1 0 1
2021 11 06 00 18 53 23614.156  -696.767 39178.876  12.88  12.21   57  606.0 4152.43571 N 00119.94686 E 10 1 0 1
2021 11 06 00 18 54 23613.188  -695.883 39180.683  12.88  12.21   57  606.0 4152.43575 N 00119.94687 E 9 1 0 1
2021 11 06 00 18 55 23614.596  -696.460 39178.920  12.88  12.21   57  606.0 4152.43577 N 00119.94688 E 10 1 0 1
2021 11 06 00 18 56 23613.342  -695.655 39180.831  12.88  12.21   57  606.3 4152.43579 N 00119.94698 E 10 1 0 1
2021 11 06 00 18 57 23614.537  -696.301 39179.094  12.88  12.21   57  606.5 4152.43578 N 00119.94703 E 9 1 0 1
2021 11 06 00 18 58 23613.547  -695.555 39180.793  12.88  12.21   58  606.0 4152.43581 N 00119.94730 E 9 1 0 1
2021 11 06 00 18 59 23614.990  -696.292 39178.816  12.88  12.21   57  606.3 4152.43575 N 00119.94713 E 9 1 0 1
2021 11 06 00 19 00 23613.469  -695.329 39181.138  12.88  12.21   57  606.7 4152.43574 N 00119.94703 E 10 1 0 1
2021 11 06 00 19 01 23615.133  -695.879 39179.275  12.88  12.21   57  607.0 4152.43571 N 00119.94685 E 11 1 0 1
2021 11 06 00 19 02 23614.024  -694.879 39181.386  12.88  12.21   57  607.3 4152.43570 N 00119.94664 E 11 1 0 1
2021 11 06 00 19 03 23615.160  -695.907 39179.233  12.88  12.21   57  606.6 4152.43567 N 00119.94684 E 11 1 0 1
2021 11 06 00 19 04 23613.403  -695.203 39181.375  12.88  12.21   57  606.9 4152.43570 N 00119.94673 E 11 1 0 1
2021 11 06 00 19 05 23615.160  -695.883 39179.342  12.88  12.21   57  607.0 4152.43573 N 00119.94672 E 11 1 0 1
2021 11 06 00 19 06 23613.309  -695.345 39181.258  12.88  12.21   57  606.8 4152.43570 N 00119.94680 E 11 1 0 1
2021 11 06 00 19 07 23614.405  -696.722 39178.553  12.88  12.21   57  606.7 4152.43566 N 00119.94678 E 11 1 0 1
2021 11 06 00 19 08 23613.113  -695.773 39180.736  12.88  12.21   57  606.9 4152.43566 N 00119.94670 E 11 1 0 1
2021 11 06 00 19 09 23615.051  -696.323 39178.715  12.88  12.21   57  606.6 4152.43573 N 00119.94666 E 11 1 0 1
2021 11 06 00 19 10 23613.604  -695.060 39181.395  12.88  12.21   57  606.8 4152.43568 N 00119.94647 E 11 1 0 1
2021 11 06 00 19 11 23614.918  -696.137 39179.084  12.88  12.21   57  606.5 4152.43568 N 00119.94650 E 11 1 0 1
2021 11 06 00 19 12 23612.129  -695.843 39181.237  12.88  12.21   57  606.9 4152.43562 N 00119.94629 E 9 1 0 1
2021 11 06 00 19 13 23613.723  -697.087 39178.375  12.88  12.21   57  607.0 4152.43564 N 00119.94629 E 10 1 0 1
2021 11 06 00 19 14 23612.422  -696.101 39180.612  12.88  12.21   57  607.0 4152.43567 N 00119.94634 E 11 1 0 1
2021 11 06 00 19 15 23613.906  -696.813 39178.542  12.88  12.21   57  607.1 4152.43558 N 00119.94634 E 11 1 0 1
2021 11 06 00 19 16 23612.406  -696.020 39180.608  12.88  12.21   57  607.1 4152.43560 N 00119.94644 E 10 1 0 1
2021 11 06 00 19 17 23613.401  -697.218 39178.150  12.88  12.21   57  607.3 4152.43558 N 00119.94659 E 11 1 0 1
2021 11 06 00 19 18 23612.113  -696.577 39179.851  12.88  12.21   58  607.3 4152.43552 N 00119.94672 E 11 1 0 1
2021 11 06 00 19 19 23613.760  -696.886 39178.272  12.88  12.21   57  607.6 4152.43551 N 00119.94672 E 11 1 0 1
2021 11 06 00 19 20 23612.401  -696.045 39180.295  12.88  12.21   57  606.8 4152.43565 N 00119.94687 E 11 1 0 1
2021 11 06 00 19 21 23613.508  -696.737 39178.503  12.88  12.21   57  607.2 4152.43568 N 00119.94666 E 11 1 0 1
2021 11 06 00 19 22 23612.252  -695.932 39180.430  12.88  12.21   57  607.6 4152.43564 N 00119.94655 E 10 1 0 1
2021 11 06 00 19 23 23613.297  -696.730 39178.557  12.88  12.21   56  607.3 4152.43566 N 00119.94663 E 9 1 0 1
2021 11 06 00 19 24 23611.994  -696.120 39180.191  12.88  12.21   57  606.8 4152.43562 N 00119.94686 E 10 1 0 1
2021 11 06 00 19 25 23613.209  -696.841 39178.314  12.88  12.21   57  606.8 4152.43560 N 00119.94692 E 10 1 0 1
2021 11 06 00 19 26 23613.910  -697.020 39177.657  12.88  12.21   57  606.5 4152.43557 N 00119.94701 E 10 1 0 1
2021 11 06 00 19 27 23612.092  -696.218 39179.884  12.88  12.21   57  606.1 4152.43563 N 00119.94714 E 10 1 0 1
2021 11 06 00 19 28 23613.297  -696.760 39178.268  12.88  12.21   58  605.4 4152.43569 N 00119.94749 E 10 1 0 1
2021 11 06 00 19 29 23612.459  -696.096 39179.741  12.88  12.21   57  605.1 4152.43571 N 00119.94766 E 10 1 0 1
2021 11 06 00 19 30 23613.336  -696.561 39178.450  12.88  12.21   57  604.7 4152.43575 N 00119.94777 E 10 1 0 1
2021 11 06 00 19 31 23612.178  -696.033 39179.954  12.88  12.21   57  604.4 4152.43579 N 00119.94780 E 10 1 0 1
2021 11 06 00 19 32 23613.125  -696.754 39178.274  12.88  12.21   57  603.8 4152.43585 N 00119.94800 E 10 1 0 1
2021 11 06 00 19 33 23611.801  -696.050 39180.068  12.88  12.21   57  603.6 4152.43584 N 00119.94800 E 10 1 0 1
2021 11 06 00 19 34 23613.137  -696.798 39178.071  12.88  12.21   57  603.2 4152.43588 N 00119.94825 E 10 1 0 1
2021 11 06 00 19 35 23611.967  -696.063 39179.859  12.88  12.21   57  603.0 4152.43593 N 00119.94845 E 10 1 0 1
2021 11 06 00 19 36 23613.190  -696.719 39178.095  12.88  12.21   57  602.5 4152.43591 N 00119.94854 E 10 1 0 1
2021 11 06 00 19 37 23611.734  -696.258 39179.671  12.88  12.21   57  603.0 4152.43581 N 00119.94844 E 10 1 0 1
2021 11 06 00 19 38 23612.615  -697.433 39177.416  12.88  12.21   57  603.0 4152.43574 N 00119.94843 E 10 1 0 1
2021 11 06 00 19 39 23611.166  -696.721 39179.271  12.88  12.21   58  602.8 4152.43570 N 00119.94853 E 10 1 0 1
2021 11 06 00 19 40 23612.445  -697.405 39177.410  12.88  12.21   57  602.7 4152.43569 N 00119.94865 E 9 1 0 1
2021 11 06 00 19 41 23611.268  -696.466 39179.442  12.88  12.21   57  602.7 4152.43561 N 00119.94872 E 10 1 0 1
2021 11 06 00 19 42 23612.768  -697.145 39177.458  12.88  12.21   57  603.0 4152.43559 N 00119.94863 E 10 1 0 1
2021 11 06 00 19 43 23610.629  -695.822 39180.652  12.88  12.21   57  603.4 4152.43547 N 00119.94859 E 10 1 0 1
2021 11 06 00 19 44 23612.901  -696.954 39177.543  12.88  12.21   57  603.9 4152.43538 N 00119.94837 E 11 1 0 1
2021 11 06 00 19 45 23611.049  -696.420 39179.436  12.88  12.21   57  604.0 4152.43532 N 00119.94831 E 10 1 0 1
2021 11 06 00 19 46 23612.820  -697.137 39177.271  12.88  12.21   57  603.8 4152.43543 N 00119.94828 E 11 1 0 1
2021 11 06 00 19 47 23611.559  -696.066 39179.570  12.88  12.21   57  603.9 4152.43543 N 00119.94827 E 10 1 0 1
2021 11 06 00 19 48 23613.072  -697.090 39177.104  12.88  12.21   58  604.3 4152.43547 N 00119.94820 E 10 1 0 1
2021 11 06 00 19 49 23611.498  -696.226 39179.294  12.88  12.21   57  604.6 4152.43543 N 00119.94799 E 11 1 0 1
2021 11 06 00 19 50 23612.986  -697.073 39177.096  12.88  12.21   57  605.3 4152.43538 N 00119.94781 E 11 1 0 1
2021 11 06 00 19 51 23611.262  -696.062 39179.599  12.88  12.21   57  605.7 4152.43529 N 00119.94774 E 10 1 0 1
2021 11 06 00 19 52 23612.904  -696.888 39177.324  12.88  12.21   57  606.0 4152.43533 N 00119.94771 E 10 1 0 1
2021 11 06 00 19 53 23611.494  -695.959 39179.507  12.88  12.21   57  606.0 4152.43536 N 00119.94776 E 10 1 0 1
2021 11 06 00 19 54 23612.803  -696.946 39177.187  12.88  12.21   57  606.1 4152.43536 N 00119.94771 E 9 1 0 1
2021 11 06 00 19 55 23611.119  -696.179 39179.314  12.88  12.21   57  606.1 4152.43543 N 00119.94764 E 10 1 0 1
2021 11 06 00 19 56 23612.703  -696.873 39177.272  12.88  12.21   57  606.2 4152.43546 N 00119.94763 E 10 1 0 1
2021 11 06 00 19 57 23612.078  -696.305 39178.482  12.88  12.21   59  605.8 4152.43547 N 00119.94773 E 10 1 0 1
2021 11 06 00 19 58 23613.346  -697.006 39176.637  12.88  12.21   58  605.5 4152.43549 N 00119.94785 E 10 1 0 1
2021 11 06 00 19 59 23611.971  -696.112 39178.750  12.88  12.21   58  605.2 4152.43553 N 00119.94811 E 10 1 0 1
2021 11 06 00 20 00 23613.074  -696.674 39177.160  12.88  12.21   57  605.0 4152.43548 N 00119.94822 E 10 1 0 1
2021 11 06 00 20 01 23611.492  -695.798 39179.338  12.88  12.21   57  604.9 4152.43550 N 00119.94824 E 10 1 0 1
2021 11 06 00 20 02 23612.830  -696.634 39177.252  12.88  12.21   57  604.7 4152.43553 N 00119.94826 E 10 1 0 1
2021 11 06 00 20 03 23611.443  -695.861 39179.224  12.88  12.21   57  603.7 4152.43568 N 00119.94863 E 9 1 0 1
2021 11 06 00 20 04 23612.723  -696.676 39177.216  12.88  12.21   57  602.9 4152.43572 N 00119.94888 E 10 1 0 1
2021 11 06 00 20 05 23611.629  -696.049 39178.825  12.88  12.21   58  602.6 4152.43577 N 00119.94896 E 10 1 0 1
2021 11 06 00 20 06 23612.635  -696.597 39177.363  12.88  12.21   57  602.0 4152.43580 N 00119.94920 E 10 1 0 1
2021 11 06 00 20 07 23611.459  -695.955 39178.995  12.88  12.21   57  601.9 4152.43578 N 00119.94922 E 10 1 0 1
2021 11 06 00 20 08 23612.844  -696.859 39176.843  12.88  12.21   57  602.0 4152.43573 N 00119.94918 E 9 1 0 1
2021 11 06 00 20 09 23613.069  -697.705 39175.526  12.88  12.21   58  602.1 4152.43567 N 00119.94913 E 10 1 0 1
2021 11 06 00 20 10 23610.969  -696.851 39178.020  12.88  12.21   58  602.0 4152.43566 N 00119.94918 E 10 1 0 1
2021 11 06 00 20 11 23611.807  -697.311 39176.780  12.88  12.21   57  602.1 4152.43561 N 00119.94909 E 10 1 0 1
2021 11 06 00 20 12 23610.715  -696.647 39178.353  12.88  12.21   57  601.9 4152.43560 N 00119.94909 E 10 1 0 1
2021 11 06 00 20 13 23609.633  -696.003 39179.962  12.88  12.21   57  601.5 4152.43565 N 00119.94916 E 10 1 0 1
2021 11 06 00 20 14 23610.379  -696.336 39179.009  12.88  12.21   57  601.0 4152.43568 N 00119.94928 E 10 1 0 1
2021 11 06 00 20 15 23611.988  -697.227 39176.722  12.88  12.21   57  600.4 4152.43579 N 00119.94946 E 10 1 0 1
2021 11 06 00 20 16 23610.754  -696.499 39178.536  12.88  12.21   57  600.1 4152.43587 N 00119.94968 E 10 1 0 1
2021 11 06 00 20 17 23611.953  -697.164 39176.823  12.88  12.21   57  599.9 4152.43591 N 00119.94991 E 10 1 0 1
2021 11 06 00 20 18 23611.199  -696.651 39178.052  12.88  12.21   58  600.1 4152.43582 N 00119.94999 E 10 1 0 1
2021 11 06 00 20 19 23612.713  -697.559 39175.812  12.88  12.21   58  600.4 4152.43581 N 00119.95004 E 10 1 0 1
2021 11 06 00 20 20 23611.160  -696.452 39178.343  12.88  12.21   57  599.7 4152.43590 N 00119.95044 E 10 1 0 1
2021 11 06 00 20 21 23612.330  -696.997 39176.809  12.88  12.21   57  599.3 4152.43585 N 00119.95067 E 10 1 0 1
2021 11 06 00 20 22 23611.168  -696.360 39178.460  12.88  12.21   57  599.4 4152.43584 N 00119.95072 E 9 1 0 1
2021 11 06 00 20 23 23612.424  -697.092 39176.592  12.88  12.21   57  599.8 4152.43578 N 00119.95058 E 9 1 0 1
2021 11 06 00 20 24 23611.047  -696.257 39178.662  12.88  12.21   57  600.1 4152.43580 N 00119.95055 E 9 1 0 1
2021 11 06 00 20 25 23612.397  -697.167 39176.475  12.88  12.21   57  599.8 4152.43586 N 00119.95065 E 10 1 0 1
2021 11 06 00 20 26 23610.867  -696.262 39178.723  12.88  12.21   57  599.6 4152.43589 N 00119.95070 E 9 1 0 1
2021 11 06 00 20 27 23612.238  -697.277 39176.404  12.88  12.21   57  599.5 4152.43601 N 00119.95071 E 10 1 0 1
2021 11 06 00 20 28 23610.857  -696.454 39178.408  12.88  12.21   57  599.8 4152.43601 N 00119.95055 E 10 1 0 1
2021 11 06 00 20 29 23612.389  -697.315 39176.222  12.88  12.21   57  600.0 4152.43601 N 00119.95048 E 10 1 0 1
2021 11 06 00 20 30 23610.922  -696.337 39178.528  12.88  12.21   57  600.0 4152.43602 N 00119.95048 E 11 1 0 1
2021 11 06 00 20 31 23612.358  -697.185 39176.408  12.88  12.21   57  600.3 4152.43601 N 00119.95035 E 11 1 0 1
2021 11 06 00 20 32 23610.717  -696.335 39178.695  12.88  12.21   57  600.5 4152.43608 N 00119.95014 E 11 1 0 1
2021 11 06 00 20 33 23612.305  -697.294 39176.295  12.88  12.21   57  600.7 4152.43609 N 00119.94994 E 11 1 0 1
2021 11 06 00 20 34 23610.719  -696.335 39178.695  12.88  12.21   57  601.2 4152.43609 N 00119.94972 E 11 1 0 1
2021 11 06 00 20 35 23612.320  -697.348 39176.257  12.88  12.21   57  601.5 4152.43603 N 00119.94925 E 11 1 0 1
2021 11 06 00 20 36 23610.580  -696.563 39178.500  12.88  12.21   57  601.5 4152.43613 N 00119.94917 E 11 1 0 1
2021 11 06 00 20 37 23612.149  -697.490 39176.139  12.88  12.21   57  601.8 4152.43607 N 00119.94896 E 11 1 0 1
2021 11 06 00 20 38 23610.639  -696.669 39178.271  12.88  12.21   57  602.2 4152.43599 N 00119.94873 E 11 1 0 1
2021 11 06 00 20 39 23612.123  -697.648 39175.933  12.88  12.21   57  601.7 4152.43598 N 00119.94884 E 11 1 0 1
2021 11 06 00 20 40 23610.666  -696.739 39178.127  12.88  12.21   57  602.1 4152.43593 N 00119.94863 E 11 1 0 1
2021 11 06 00 20 41 23611.770  -697.484 39176.285  12.88  12.21   57  602.4 4152.43603 N 00119.94844 E 11 1 0 1
2021 11 06 00 20 42 23610.480  -696.777 39178.110  12.88  12.21   57  601.8 4152.43612 N 00119.94862 E 10 1 0 1
2021 11 06 00 20 43 23611.316  -697.186 39176.951  12.88  12.21   57  601.6 4152.43609 N 00119.94872 E 10 1 0 1
2021 11 06 00 20 44 23610.551  -696.656 39178.149  12.88  12.21   57  601.8 4152.43611 N 00119.94871 E 11 1 0 1
2021 11 06 00 20 45 23611.856  -697.386 39176.171  12.88  12.21   57  602.1 4152.43616 N 00119.94856 E 10 1 0 1
2021 11 06 00 20 46 23610.986  -696.367 39178.189  12.88  12.21   57  601.5 4152.43625 N 00119.94866 E 11 1 0 1
2021 11 06 00 20 47 23612.141  -697.194 39176.203  12.88  12.21   57  601.7 4152.43624 N 00119.94850 E 11 1 0 1
2021 11 06 00 20 48 23611.184  -696.414 39177.890  12.88  12.21   57  601.6 4152.43626 N 00119.94844 E 11 1 0 1
2021 11 06 00 20 49 23612.670  -696.841 39176.260  12.88  12.21   57  602.0 4152.43622 N 00119.94827 E 11 1 0 1
2021 11 06 00 20 50 23611.324  -696.136 39178.065  12.88  12.21   57  601.7 4152.43625 N 00119.94838 E 11 1 0 1
2021 11 06 00 20 51 23612.338  -696.743 39176.495  12.88  12.21   57  601.6 4152.43619 N 00119.94844 E 11 1 0 1
2021 11 06 00 20 52 23612.760  -697.070 39175.707  12.88  12.21   57  602.0 4152.43620 N 00119.94820 E 11 1 0 1
2021 11 06 00 20 53 23611.465  -696.032 39177.984  12.88  12.21   57  602.0 4152.43622 N 00119.94812 E 11 1 0 1
2021 11 06 00 20 54 23612.055  -696.609 39176.718  12.88  12.21   57  601.9 4152.43625 N 00119.94807 E 11 1 0 1
2021 11 06 00 20 55 23610.781  -696.354 39177.832  12.88  12.21   57  602.3 4152.43624 N 00119.94799 E 11 1 0 1
2021 11 06 00 20 56 23612.180  -696.813 39176.260  12.87  12.21   57  602.8 4152.43622 N 00119.94786 E 11 1 0 1
2021 11 06 00 20 57 23611.303  -695.911 39178.032  12.87  12.21   57  603.2 4152.43626 N 00119.94761 E 11 1 0 1
2021 11 06 00 20 58 23612.055  -696.594 39176.539  12.88  12.21   57  603.5 4152.43633 N 00119.94743 E 11 1 0 1
2021 11 06 00 20 59 23610.785  -696.148 39177.886  12.88  12.21   57  603.5 4152.43648 N 00119.94746 E 11 1 0 1
2021 11 06 00 21 00 23611.684  -696.611 39176.595  12.88  12.21   58  603.7 4152.43647 N 00119.94734 E 11 1 0 1
2021 11 06 00 21 01 23610.754  -695.873 39178.188  12.87  12.21   57  604.4 4152.43637 N 00119.94707 E 11 1 0 1
2021 11 06 00 21 02 23611.975  -696.761 39176.082  12.87  12.21   57  604.5 4152.43632 N 00119.94698 E 11 1 0 1
2021 11 06 00 21 03 23610.725  -695.962 39178.013  12.87  12.21   57  604.6 4152.43632 N 00119.94698 E 11 1 0 1
2021 11 06 00 21 04 23611.984  -696.686 39176.132  12.87  12.21   57  604.6 4152.43640 N 00119.94690 E 11 1 0 1
2021 11 06 00 21 05 23610.389  -696.134 39177.879  12.87  12.21   57  604.7 4152.43662 N 00119.94683 E 11 1 0 1
2021 11 06 00 21 06 23611.518  -697.021 39175.764  12.87  12.21   57  604.7 4152.43664 N 00119.94684 E 11 1 0 1
2021 11 06 00 21 07 23610.117  -696.135 39177.880  12.87  12.21   57  605.2 4152.43658 N 00119.94672 E 11 1 0 1
2021 11 06 00 21 08 23611.568  -696.863 39175.830  12.87  12.21   57  605.8 4152.43655 N 00119.94644 E 11 1 0 1
2021 11 06 00 21 09 23610.346  -696.096 39177.691  12.87  12.21   57  605.5 4152.43650 N 00119.94651 E 11 1 0 1
2021 11 06 00 21 10 23611.668  -696.803 39175.756  12.87  12.21   57  605.2 4152.43651 N 00119.94656 E 10 1 0 1
2021 11 06 00 21 11 23610.170  -695.797 39178.070  12.87  12.21   57  606.0 4152.43641 N 00119.94639 E 11 1 0 1
2021 11 06 00 21 12 23611.652  -696.585 39175.922  12.87  12.21   57  606.0 4152.43648 N 00119.94636 E 11 1 0 1
2021 11 06 00 21 13 23609.670  -695.487 39178.693  12.87  12.21   57  606.0 4152.43652 N 00119.94631 E 11 1 0 1
2021 11 06 00 21 14 23611.574  -696.621 39175.746  12.87  12.21   57  606.1 4152.43655 N 00119.94621 E 11 1 0 1
2021 11 06 00 21 15 23609.971  -695.688 39178.099  12.87  12.21   57  606.6 4152.43652 N 00119.94600 E 11 1 0 1
2021 11 06 00 21 16 23611.248  -696.298 39176.382  12.87  12.21   57  606.5 4152.43656 N 00119.94602 E 11 1 0 1
2021 11 06 00 21 17 23609.963  -695.676 39178.064  12.87  12.21   57  606.4 4152.43663 N 00119.94592 E 11 1 0 1
2021 11 06 00 21 18 23611.334  -696.742 39175.550  12.87  12.21   57  606.4 4152.43667 N 00119.94580 E 11 1 0 1
2021 11 06 00 21 19 23610.008  -695.745 39177.834  12.87  12.21   57  606.6 4152.43668 N 00119.94558 E 10 1 0 1
2021 11 06 00 21 20 23611.574  -696.563 39175.609  12.87  12.21   58  606.4 4152.43671 N 00119.94561 E 11 1 0 1
2021 11 06 00 21 21 23610.525  -696.060 39176.981  12.87  12.21   58  606.1 4152.43667 N 00119.94561 E 10 1 0 1
2021 11 06 00 21 22 23611.170  -696.564 39175.723  12.87  12.21   57  606.1 4152.43667 N 00119.94548 E 10 1 0 1
2021 11 06 00 21 23 23609.740  -695.714 39177.765  12.87  12.21   57  606.1 4152.43665 N 00119.94546 E 10 1 0 1
2021 11 06 00 21 24 23611.061  -696.398 39175.917  12.87  12.21   57  605.7 4152.43655 N 00119.94554 E 10 1 0 1
2021 11 06 00 21 25 23609.830  -695.485 39177.933  12.87  12.21   57  605.6 4152.43655 N 00119.94549 E 10 1 0 1
2021 11 06 00 21 26 23611.209  -696.249 39175.905  12.87  12.21   57  605.6 4152.43655 N 00119.94546 E 10 1 0 1
2021 11 06 00 21 27 23609.877  -695.510 39177.781  12.87  12.21   57  606.0 4152.43642 N 00119.94549 E 10 1 0 1
2021 11 06 00 21 28 23611.219  -696.157 39175.959  12.87  12.21   57  606.4 4152.43629 N 00119.94541 E 10 1 0 1
2021 11 06 00 21 29 23610.537  -695.845 39176.866  12.87  12.21   58  606.9 4152.43620 N 00119.94534 E 10 1 0 1
2021 11 06 00 21 30 23611.561  -696.481 39175.257  12.87  12.21   58  607.1 4152.43621 N 00119.94527 E 10 1 0 1
2021 11 06 00 21 31 23609.812  -695.451 39177.784  12.87  12.21   57  607.4 4152.43620 N 00119.94522 E 10 1 0 1
2021 11 06 00 21 32 23611.127  -696.244 39175.775  12.87  12.21   57  607.6 4152.43615 N 00119.94509 E 10 1 0 1
2021 11 06 00 21 33 23609.846  -695.540 39177.601  12.87  12.21   57  607.5 4152.43612 N 00119.94519 E 10 1 0 1
2021 11 06 00 21 34 23609.279  -695.279 39178.302  12.87  12.21   57  607.8 4152.43609 N 00119.94516 E 10 1 0 1
2021 11 06 00 21 35 23610.740  -696.275 39175.921  12.87  12.21   57  608.1 4152.43600 N 00119.94520 E 10 1 0 1
2021 11 06 00 21 36 23609.594  -695.710 39177.448  12.87  12.21   57  608.6 4152.43588 N 00119.94504 E 10 1 0 1
2021 11 06 00 21 37 23610.672  -696.281 39175.909  12.87  12.21   57  608.5 4152.43594 N 00119.94490 E 10 1 0 1
2021 11 06 00 21 38 23609.537  -695.784 39177.362  12.87  12.21   57  608.8 4152.43595 N 00119.94481 E 10 1 0 1
2021 11 06 00 21 39 23611.135  -696.754 39174.955  12.87  12.21   58  609.8 4152.43570 N 00119.94526 E 9 1 0 1
2021 11 06 00 21 40 23609.707  -695.950 39176.986  12.87  12.21   57  609.8 4152.43569 N 00119.94539 E 10 1 0 1
2021 11 06 00 21 41 23610.320  -696.375 39175.950  12.87  12.21   57  610.1 4152.43566 N 00119.94535 E 10 1 0 1
2021 11 06 00 21 42 23609.326  -695.643 39177.594  12.87  12.21   57  610.4 4152.43552 N 00119.94555 E 10 1 0 1
2021 11 06 00 21 43 23610.594  -696.365 39175.690  12.87  12.21   57  610.3 4152.43557 N 00119.94559 E 10 1 0 1
2021 11 06 00 21 44 23608.682  -695.060 39178.706  12.87  12.21   57  610.5 4152.43562 N 00119.94550 E 10 1 0 1
2021 11 06 00 21 45 23610.457  -695.967 39176.257  12.87  12.21   57  610.6 4152.43569 N 00119.94548 E 10 1 0 1
2021 11 06 00 21 46 23609.469  -695.301 39177.796  12.87  12.21   57  610.7 4152.43577 N 00119.94535 E 10 1 0 1
2021 11 06 00 21 47 23610.988  -695.863 39176.022  12.87  12.21   57  610.6 4152.43590 N 00119.94514 E 11 1 0 1
2021 11 06 00 21 48 23609.754  -695.031 39177.968  12.87  12.21   57  610.6 4152.43596 N 00119.94514 E 11 1 0 1
2021 11 06 00 21 49 23611.352  -695.954 39175.599  12.87  12.21   57  610.6 4152.43600 N 00119.94517 E 10 1 0 1
2021 11 06 00 21 50 23609.853  -695.044 39177.813  12.87  12.21   57  610.5 4152.43603 N 00119.94509 E 11 1 0 1
2021 11 06 00 21 51 23610.686  -695.727 39176.249  12.87  12.21   57  610.5 4152.43600 N 00119.94507 E 11 1 0 1
2021 11 06 00 21 52 23609.635  -695.023 39177.834  12.87  12.21   57  610.6 4152.43603 N 00119.94508 E 11 1 0 1
2021 11 06 00 21 53 23610.770  -695.760 39176.043  12.87  12.21   57  611.0 4152.43600 N 00119.94503 E 11 1 0 1
2021 11 06 00 21 54 23609.393  -694.950 39178.000  12.87  12.21   57  610.8 4152.43604 N 00119.94508 E 11 1 0 1
2021 11 06 00 21 55 23610.986  -695.922 39175.534  12.87  12.21   57  610.8 4152.43605 N 00119.94528 E 11 1 0 1
2021 11 06 00 21 56 23609.326  -695.049 39177.766  12.87  12.21   57  610.8 4152.43600 N 00119.94547 E 11 1 0 1
2021 11 06 00 21 57 23610.672  -695.797 39175.800  12.87  12.21   57  611.0 4152.43592 N 00119.94552 E 11 1 0 1
2021 11 06 00 21 58 23609.375  -694.889 39177.828  12.87  12.21   57  610.9 4152.43595 N 00119.94558 E 11 1 0 1
2021 11 06 00 21 59 23610.764  -695.600 39175.874  12.87  12.21   57  611.0 4152.43597 N 00119.94558 E 11 1 0 1
2021 11 06 00 22 00 23609.322  -694.790 39177.881  12.87  12.21   57  610.6 4152.43588 N 00119.94577 E 11 1 0 1
2021 11 06 00 22 01 23610.871  -695.563 39175.710  12.87  12.21   57  610.7 4152.43599 N 00119.94577 E 11 1 0 1
2021 11 06 00 22 02 23609.418  -694.735 39177.784  12.87  12.21   57  610.5 4152.43608 N 00119.94590 E 11 1 0 1
2021 11 06 00 22 03 23610.877  -695.404 39175.838  12.87  12.21   57  610.3 4152.43613 N 00119.94591 E 10 1 0 1
2021 11 06 00 22 04 23609.213  -694.714 39177.864  12.87  12.21   57  610.3 4152.43617 N 00119.94599 E 10 1 0 1
2021 11 06 00 22 05 23610.754  -695.483 39175.744  12.87  12.21   57  610.2 4152.43621 N 00119.94612 E 11 1 0 1
2021 11 06 00 22 06 23609.435  -694.514 39177.908  12.87  12.21   57  609.8 4152.43617 N 00119.94621 E 11 1 0 1
2021 11 06 00 22 07 23610.738  -695.447 39175.693  12.87  12.21   57  609.8 4152.43617 N 00119.94636 E 11 1 0 1
2021 11 06 00 22 08 23609.439  -694.610 39177.697  12.87  12.21   57  609.8 4152.43620 N 00119.94656 E 11 1 0 1
2021 11 06 00 22 09 23610.939  -695.443 39175.511  12.87  12.21   58  609.9 4152.43620 N 00119.94667 E 11 1 0 1
2021 11 06 00 22 10 23609.223  -694.827 39177.502  12.87  12.21   57  610.7 4152.43630 N 00119.94682 E 10 1 0 1
2021 11 06 00 22 11 23610.393  -695.575 39175.613  12.87  12.21   57  611.1 4152.43629 N 00119.94684 E 11 1 0 1
2021 11 06 00 22 12 23609.221  -694.754 39177.505  12.87  12.21   57  611.8 4152.43629 N 00119.94673 E 11 1 0 1
2021 11 06 00 22 13 23610.557  -695.397 39175.699  12.87  12.21   57  612.5 4152.43628 N 00119.94665 E 11 1 0 1
2021 11 06 00 22 14 23608.703  -694.212 39178.529  12.87  12.21   57  612.7 4152.43623 N 00119.94662 E 11 1 0 1
2021 11 06 00 22 15 23609.363  -694.465 39177.684  12.87  12.21   57  613.1 4152.43625 N 00119.94663 E 11 1 0 1
2021 11 06 00 22 16 23608.564  -694.111 39178.664  12.87  12.21   57  612.3 4152.43618 N 00119.94672 E 11 1 0 1
2021 11 06 00 22 17 23610.273  -695.164 39175.992  12.87  12.21   57  612.5 4152.43619 N 00119.94673 E 11 1 0 1
2021 11 06 00 22 18 23610.916  -695.567 39174.980  12.87  12.21   57  612.1 4152.43609 N 00119.94676 E 11 1 0 1
2021 11 06 00 22 19 23609.430  -694.701 39177.085  12.87  12.21   57  612.3 4152.43612 N 00119.94679 E 11 1 0 1
2021 11 06 00 22 20 23610.102  -695.059 39176.147  12.87  12.21   57  612.3 4152.43607 N 00119.94676 E 11 1 0 1
2021 11 06 00 22 21 23609.357  -694.619 39177.189  12.87  12.21   57  610.8 4152.43586 N 00119.94677 E 11 1 0 1
2021 11 06 00 22 22 23610.264  -695.006 39175.995  12.87  12.21   57  610.9 4152.43588 N 00119.94677 E 10 1 0 1
2021 11 06 00 22 23 23609.307  -694.371 39177.488  12.87  12.21   57  610.7 4152.43584 N 00119.94673 E 11 1 0 1
2021 11 06 00 22 24 23610.424  -695.033 39175.774  12.87  12.21   57  609.8 4152.43582 N 00119.94699 E 11 1 0 1
2021 11 06 00 22 25 23609.486  -694.203 39177.492  12.87  12.21   57  609.6 4152.43577 N 00119.94697 E 11 1 0 1
2021 11 06 00 22 26 23610.639  -694.673 39176.007  12.87  12.21   57  609.3 4152.43569 N 00119.94694 E 11 1 0 1
2021 11 06 00 22 27 23609.398  -694.219 39177.401  12.87  12.21   57  609.3 4152.43568 N 00119.94697 E 11 1 0 1
2021 11 06 00 22 28 23610.393  -694.979 39175.609  12.87  12.21   57  608.9 4152.43564 N 00119.94695 E 11 1 0 1
2021 11 06 00 22 29 23609.244  -694.241 39177.361  12.87  12.21   58  609.6 4152.43568 N 00119.94684 E 11 1 0 1
2021 11 06 00 22 30 23610.615  -694.976 39175.404  12.87  12.21   57  609.9 4152.43571 N 00119.94681 E 11 1 0 1
2021 11 06 00 22 31 23609.016  -694.346 39177.255  12.87  12.21   57  610.2 4152.43568 N 00119.94674 E 11 1 0 1
2021 11 06 00 22 32 23609.947  -694.736 39176.057  12.87  12.21   57  610.3 4152.43562 N 00119.94666 E 11 1 0 1
2021 11 06 00 22 33 23609.100  -693.982 39177.687  12.87  12.21   57  610.1 4152.43553 N 00119.94671 E 11 1 0 1
2021 11 06 00 22 34 23610.436  -694.699 39175.799  12.87  12.21   57  609.2 4152.43545 N 00119.94673 E 11 1 0 1
2021 11 06 00 22 35 23608.998  -693.868 39177.939  12.87  12.21   57  609.7 4152.43539 N 00119.94666 E 11 1 0 1
2021 11 06 00 22 36 23610.467  -694.717 39175.811  12.87  12.21   57  610.4 4152.43539 N 00119.94664 E 11 1 0 1
2021 11 06 00 22 37 23609.168  -693.830 39177.905  12.87  12.21   57  609.9 4152.43530 N 00119.94673 E 10 1 0 1
2021 11 06 00 22 38 23610.727  -694.654 39175.785  12.87  12.21   57  609.9 4152.43530 N 00119.94685 E 11 1 0 1
2021 11 06 00 22 39 23609.348  -693.927 39177.747  12.87  12.21   58  610.5 4152.43525 N 00119.94661 E 11 1 0 1
2021 11 06 00 22 40 23610.730  -694.337 39176.252  12.87  12.21   57  610.7 4152.43517 N 00119.94647 E 11 1 0 1
2021 11 06 00 22 41 23609.590  -693.484 39178.238  12.87  12.21   57  611.2 4152.43526 N 00119.94659 E 11 1 0 1
2021 11 06 00 22 42 23611.189  -694.319 39175.982  12.87  12.21   57  611.5 4152.43524 N 00119.94656 E 11 1 0 1
2021 11 06 00 22 43 23609.750  -693.318 39178.359  12.87  12.21   57  611.5 4152.43517 N 00119.94645 E 11 1 0 1
2021 11 06 00 22 44 23610.279  -693.675 39177.494  12.87  12.21   57  611.0 4152.43518 N 00119.94662 E 11 1 0 1
2021 11 06 00 22 45 23609.666  -693.469 39178.211  12.87  12.21   57  611.1 4152.43520 N 00119.94671 E 11 1 0 1
2021 11 06 00 22 46 23610.871  -694.116 39176.498  12.87  12.21   57  611.3 4152.43537 N 00119.94702 E 11 1 0 1
2021 11 06 00 22 47 23609.166  -693.749 39178.084  12.87  12.21   57  611.6 4152.43552 N 00119.94744 E 11 1 0 1
2021 11 06 00 22 48 23610.158  -694.830 39175.845  12.87  12.21   57  612.2 4152.43552 N 00119.94739 E 11 1 0 1
2021 11 06 00 22 49 23609.412  -693.912 39177.626  12.87  12.21   57  612.8 4152.43551 N 00119.94739 E 11 1 0 1
2021 11 06 00 22 50 23610.576  -694.268 39176.383  12.87  12.21   57  613.0 4152.43559 N 00119.94754 E 11 1 0 1
2021 11 06 00 22 51 23609.371  -693.906 39177.688  12.87  12.21   57  613.2 4152.43561 N 00119.94761 E 11 1 0 1
2021 11 06 00 22 52 23610.158  -694.629 39176.117  12.87  12.21   57  613.3 4152.43566 N 00119.94777 E 11 1 0 1
2021 11 06 00 22 53 23608.891  -693.927 39177.907  12.87  12.21   57  613.2 4152.43577 N 00119.94811 E 11 1 0 1
2021 11 06 00 22 54 23610.295  -694.724 39175.884  12.87  12.21   57  612.7 4152.43570 N 00119.94828 E 11 1 0 1
2021 11 06 00 22 55 23609.293  -693.785 39177.902  12.87  12.21   57  613.1 4152.43572 N 00119.94826 E 11 1 0 1
2021 11 06 00 22 56 23610.408  -694.309 39176.472  12.87  12.21   57  613.1 4152.43562 N 00119.94808 E 11 1 0 1
2021 11 06 00 22 57 23609.182  -693.964 39177.699  12.87  12.21   57  613.5 4152.43563 N 00119.94799 E 11 1 0 1
2021 11 06 00 22 58 23609.621  -694.742 39176.321  12.87  12.21   57  612.8 4152.43574 N 00119.94818 E 11 1 0 1
2021 11 06 00 22 59 23608.955  -694.404 39177.294  12.87  12.21   58  613.0 4152.43574 N 00119.94829 E 11 1 0 1
2021 11 06 00 23 00 23608.113  -694.043 39178.274  12.87  12.21   57  612.5 4152.43569 N 00119.94847 E 11 1 0 1
2021 11 06 00 23 01 23609.652  -694.724 39176.317  12.87  12.21   57  612.5 4152.43560 N 00119.94850 E 11 1 0 1
2021 11 06 00 23 02 23609.043  -694.119 39177.574  12.87  12.21   57  612.8 4152.43564 N 00119.94857 E 11 1 0 1
2021 11 06 00 23 03 23610.441  -694.493 39176.110  12.87  12.21   57  612.4 4152.43559 N 00119.94876 E 11 1 0 1
2021 11 06 00 23 04 23608.906  -694.126 39177.596  12.87  12.21   57  613.3 4152.43565 N 00119.94874 E 11 1 0 1
2021 11 06 00 23 05 23609.805  -694.998 39175.765  12.87  12.21   57  612.5 4152.43573 N 00119.94883 E 11 1 0 1
2021 11 06 00 23 06 23608.771  -694.282 39177.401  12.87  12.21   57  612.4 4152.43590 N 00119.94886 E 11 1 0 1
2021 11 06 00 23 07 23609.605  -694.844 39176.134  12.87  12.21   57  613.2 4152.43584 N 00119.94839 E 10 1 0 1
2021 11 06 00 23 08 23608.732  -694.325 39177.436  12.87  12.21   57  612.2 4152.43593 N 00119.94851 E 11 1 0 1
2021 11 06 00 23 09 23609.422  -694.860 39176.218  12.87  12.21   57  611.8 4152.43602 N 00119.94859 E 11 1 0 1
2021 11 06 00 23 10 23608.742  -694.299 39177.428  12.87  12.21   57  611.5 4152.43603 N 00119.94865 E 11 1 0 1
2021 11 06 00 23 11 23610.186  -695.094 39175.421  12.87  12.21   57  610.7 4152.43600 N 00119.94873 E 11 1 0 1
2021 11 06 00 23 12 23608.715  -694.396 39177.370  12.87  12.21   57  610.7 4152.43605 N 00119.94892 E 10 1 0 1
2021 11 06 00 23 13 23609.664  -695.037 39175.839  12.87  12.21   57  610.5 4152.43609 N 00119.94913 E 10 1 0 1
2021 11 06 00 23 14 23608.252  -694.206 39177.889  12.87  12.21   57  610.5 4152.43604 N 00119.94919 E 11 1 0 1
2021 11 06 00 23 15 23609.824  -694.910 39175.937  12.87  12.21   57  610.7 4152.43601 N 00119.94919 E 10 1 0 1
2021 11 06 00 23 16 23608.705  -694.247 39177.572  12.87  12.21   57  610.3 4152.43600 N 00119.94929 E 11 1 0 1
2021 11 06 00 23 17 23609.832  -695.106 39175.606  12.87  12.21   57  610.2 4152.43601 N 00119.94936 E 11 1 0 1
2021 11 06 00 23 18 23608.613  -694.295 39177.529  12.87  12.21   57  609.6 4152.43603 N 00119.94941 E 10 1 0 1
2021 11 06 00 23 19 23611.100  -694.996 39174.974  12.87  12.21   58  609.2 4152.43611 N 00119.94956 E 10 1 0 1
2021 11 06 00 23 20 23609.814  -694.323 39176.780  12.87  12.21   58  609.3 4152.43611 N 00119.94953 E 10 1 0 1
2021 11 06 00 23 21 23610.014  -695.096 39175.467  12.87  12.21   58  609.2 4152.43608 N 00119.94943 E 10 1 0 1
2021 11 06 00 23 22 23608.451  -694.412 39177.384  12.87  12.21   57  608.9 4152.43617 N 00119.94957 E 10 1 0 1
2021 11 06 00 23 23 23610.217  -694.954 39175.459  12.87  12.21   57  608.7 4152.43621 N 00119.94973 E 10 1 0 1
2021 11 06 00 23 24 23608.742  -693.857 39177.937  12.87  12.21   56  608.5 4152.43635 N 00119.94989 E 10 1 0 1
2021 11 06 00 23 25 23610.305  -694.646 39175.849  12.87  12.21   57  608.8 4152.43633 N 00119.94973 E 10 1 0 1
2021 11 06 00 23 26 23608.795  -694.023 39177.704  12.87  12.21   57  608.3 4152.43629 N 00119.94964 E 10 1 0 1
2021 11 06 00 23 27 23609.894  -694.795 39175.944  12.87  12.21   57  608.6 4152.43630 N 00119.94967 E 10 1 0 1
2021 11 06 00 23 28 23608.760  -694.043 39177.743  12.87  12.21   57  608.5 4152.43625 N 00119.94952 E 10 1 0 1
2021 11 06 00 23 29 23610.285  -695.059 39175.355  12.87  12.21   58  609.1 4152.43616 N 00119.94940 E 10 1 0 1
2021 11 06 00 23 30 23609.141  -694.450 39176.999  12.87  12.21   58  609.1 4152.43619 N 00119.94946 E 10 1 0 1
2021 11 06 00 23 31 23610.312  -694.932 39175.542  12.87  12.21   58  608.7 4152.43613 N 00119.94955 E 10 1 0 1
2021 11 06 00 23 32 23608.978  -694.333 39177.270  12.87  12.21   58  608.6 4152.43618 N 00119.94949 E 10 1 0 1
2021 11 06 00 23 33 23609.955  -695.106 39175.536  12.87  12.21   57  608.5 4152.43618 N 00119.94940 E 10 1 0 1
2021 11 06 00 23 34 23608.553  -694.381 39177.447  12.87  12.21   57  608.8 4152.43608 N 00119.94928 E 10 1 0 1
2021 11 06 00 23 35 23609.748  -695.300 39175.360  12.87  12.21   57  608.6 4152.43605 N 00119.94913 E 10 1 0 1
2021 11 06 00 23 36 23608.838  -694.207 39177.538  12.87  12.21   57  608.6 4152.43606 N 00119.94911 E 10 1 0 1
2021 11 06 00 23 37 23610.162  -694.784 39175.821  12.87  12.21   57  608.2 4152.43612 N 00119.94923 E 10 1 0 1
2021 11 06 00 23 38 23609.363  -694.575 39176.693  12.87  12.21   58  607.6 4152.43617 N 00119.94924 E 10 1 0 1
2021 11 06 00 23 39 23610.061  -695.181 39175.370  12.87  12.21   57  607.4 4152.43607 N 00119.94908 E 10 1 0 1
2021 11 06 00 23 40 23608.674  -694.380 39177.374  12.87  12.21   57  608.4 4152.43602 N 00119.94878 E 10 1 0 1
2021 11 06 00 23 41 23609.830  -695.175 39175.485  12.87  12.21   57  608.2 4152.43588 N 00119.94879 E 10 1 0 1
2021 11 06 00 23 42 23610.193  -695.345 39175.024  12.87  12.21   57  608.1 4152.43587 N 00119.94885 E 10 1 0 1
2021 11 06 00 23 43 23608.902  -694.524 39176.982  12.87  12.21   57  607.8 4152.43584 N 00119.94884 E 10 1 0 1
2021 11 06 00 23 44 23609.723  -695.031 39175.687  12.87  12.21   57  607.8 4152.43584 N 00119.94884 E 10 1 0 1
2021 11 06 00 23 45 23607.957  -694.063 39178.183  12.87  12.21   57  607.6 4152.43581 N 00119.94886 E 10 1 0 1
2021 11 06 00 23 46 23609.801  -695.167 39175.489  12.87  12.21   57  606.5 4152.43582 N 00119.94916 E 10 1 0 1
2021 11 06 00 23 47 23608.697  -694.341 39177.358  12.87  12.21   57  606.8 4152.43577 N 00119.94897 E 10 1 0 1
2021 11 06 00 23 48 23610.062  -695.200 39175.304  12.87  12.21   58  607.1 4152.43590 N 00119.94889 E 10 1 0 1
2021 11 06 00 23 49 23609.146  -694.718 39176.540  12.87  12.21   58  607.3 4152.43587 N 00119.94868 E 10 1 0 1
2021 11 06 00 23 50 23609.799  -695.106 39175.543  12.87  12.21   57  607.3 4152.43588 N 00119.94866 E 10 1 0 1
2021 11 06 00 23 51 23608.711  -694.389 39177.229  12.87  12.21   57  607.8 4152.43589 N 00119.94864 E 10 1 0 1
2021 11 06 00 23 52 23610.070  -694.978 39175.540  12.87  12.21   57  607.8 4152.43598 N 00119.94872 E 10 1 0 1
2021 11 06 00 23 53 23608.863  -694.234 39177.358  12.87  12.21   57  608.5 4152.43607 N 00119.94865 E 10 1 0 1
2021 11 06 00 23 54 23610.031  -694.938 39175.598  12.87  12.21   57  609.9 4152.43611 N 00119.94849 E 10 1 0 1
2021 11 06 00 23 55 23608.894  -694.149 39177.428  12.87  12.21   57  610.1 4152.43616 N 00119.94848 E 10 1 0 1
2021 11 06 00 23 56 23610.119  -694.781 39175.723  12.87  12.21   58  610.6 4152.43616 N 00119.94836 E 10 1 0 1
2021 11 06 00 23 57 23609.014  -693.877 39177.717  12.87  12.21   57  610.7 4152.43607 N 00119.94826 E 10 1 0 1
2021 11 06 00 23 58 23610.939  -694.933 39174.965  12.87  12.21   58  611.0 4152.43604 N 00119.94817 E 10 1 0 1
2021 11 06 00 23 59 23609.625  -694.239 39176.825  12.87  12.21   58  611.5 4152.43600 N 00119.94797 E 10 1 0 1
2021 11 06 00 24 00 23610.014  -694.601 39175.955  12.87  12.21   57  611.8 4152.43589 N 00119.94792 E 10 1 0 1
2021 11 06 00 24 01 23608.857  -693.930 39177.665  12.87  12.21   57  612.0 4152.43582 N 00119.94785 E 10 1 0 1
2021 11 06 00 24 02 23610.314  -694.854 39175.377  12.87  12.21   57  612.1 4152.43568 N 00119.94775 E 10 1 0 1
2021 11 06 00 24 03 23608.766  -694.060 39177.474  12.87  12.21   57  612.6 4152.43567 N 00119.94773 E 9 1 0 1
2021 11 06 00 24 04 23610.162  -694.858 39175.388  12.87  12.21   57  612.4 4152.43569 N 00119.94773 E 9 1 0 1
2021 11 06 00 24 05 23608.680  -693.935 39177.629  12.87  12.21   57  612.7 4152.43562 N 00119.94751 E 10 1 0 1
2021 11 06 00 24 06 23610.244  -694.921 39175.190  12.87  12.21   57  612.9 4152.43561 N 00119.94749 E 10 1 0 1
2021 11 06 00 24 07 23608.449  -694.193 39177.406  12.87  12.21   57  612.6 4152.43566 N 00119.94747 E 10 1 0 1
2021 11 06 00 24 08 23610.127  -695.137 39175.007  12.87  12.21   58  613.2 4152.43555 N 00119.94730 E 10 1 0 1
2021 11 06 00 24 09 23608.648  -694.338 39177.119  12.87  12.21   58  613.9 4152.43550 N 00119.94715 E 10 1 0 1
2021 11 06 00 24 10 23609.437  -695.520 39174.934  12.87  12.21   57  614.0 4152.43544 N 00119.94708 E 10 1 0 1
2021 11 06 00 24 11 23607.621  -695.055 39176.753  12.87  12.21   57  614.0 4152.43534 N 00119.94700 E 10 1 0 1
2021 11 06 00 24 12 23609.072  -695.745 39174.858  12.87  12.21   57  613.4 4152.43519 N 00119.94701 E 10 1 0 1
2021 11 06 00 24 13 23607.601  -695.077 39176.773  12.87  12.21   57  613.3 4152.43509 N 00119.94695 E 10 1 0 1
2021 11 06 00 24 14 23608.728  -695.672 39175.172  12.87  12.21   57  613.4 4152.43504 N 00119.94696 E 10 1 0 1
2021 11 06 00 24 15 23607.056  -694.387 39178.100  12.87  12.21   57  613.6 4152.43501 N 00119.94695 E 10 1 0 1
2021 11 06 00 24 16 23609.514  -695.744 39174.729  12.87  12.21   57  613.7 4152.43496 N 00119.94690 E 10 1 0 1
2021 11 06 00 24 17 23608.072  -694.933 39176.920  12.87  12.21   57  613.6 4152.43495 N 00119.94689 E 10 1 0 1
2021 11 06 00 24 18 23609.609  -695.797 39174.835  12.87  12.21   58  613.4 4152.43494 N 00119.94691 E 10 1 0 1
2021 11 06 00 24 19 23608.648  -695.461 39176.025  12.87  12.21   58  613.4 4152.43484 N 00119.94690 E 10 1 0 1
2021 11 06 00 24 20 23608.969  -695.915 39175.128  12.87  12.21   57  612.9 4152.43483 N 00119.94700 E 10 1 0 1
2021 11 06 00 24 21 23608.002  -695.447 39176.512  12.87  12.21   57  613.0 4152.43481 N 00119.94685 E 10 1 0 1
2021 11 06 00 24 22 23608.467  -696.490 39174.730  12.87  12.21   57  612.9 4152.43480 N 00119.94690 E 10 1 0 1
2021 11 06 00 24 23 23607.219  -696.327 39175.778  12.87  12.21   57  612.7 4152.43473 N 00119.94696 E 10 1 0 1
2021 11 06 00 24 24 23608.385  -696.368 39175.021  12.87  12.21   57  612.0 4152.43471 N 00119.94711 E 10 1 0 1
2021 11 06 00 24 25 23609.203  -696.641 39174.139  12.87  12.21   57  612.2 4152.43476 N 00119.94715 E 10 1 0 1
2021 11 06 00 24 26 23607.642  -696.091 39175.952  12.87  12.21   57  611.7 4152.43473 N 00119.94721 E 10 1 0 1
2021 11 06 00 24 27 23608.639  -696.643 39174.498  12.87  12.21   57  612.2 4152.43481 N 00119.94710 E 10 1 0 1
2021 11 06 00 24 28 23608.221  -696.255 39175.406  12.87  12.21   58  612.6 4152.43482 N 00119.94702 E 10 1 0 1
2021 11 06 00 24 29 23609.119  -696.227 39174.936  12.87  12.21   57  612.6 4152.43469 N 00119.94689 E 10 1 0 1
2021 11 06 00 24 30 23608.164  -695.565 39176.452  12.87  12.21   57  612.6 4152.43463 N 00119.94690 E 10 1 0 1
2021 11 06 00 24 31 23609.232  -696.420 39174.587  12.87  12.21   57  612.9 4152.43461 N 00119.94686 E 10 1 0 1
2021 11 06 00 24 32 23608.115  -695.790 39176.219  12.87  12.21   57  612.7 4152.43463 N 00119.94692 E 10 1 0 1
2021 11 06 00 24 33 23609.019  -696.106 39175.212  12.87  12.21   57  612.4 4152.43466 N 00119.94703 E 10 1 0 1
2021 11 06 00 24 34 23608.377  -695.524 39176.461  12.87  12.21   57  612.2 4152.43466 N 00119.94704 E 10 1 0 1
2021 11 06 00 24 35 23609.445  -695.968 39175.191  12.87  12.21   57  612.5 4152.43468 N 00119.94697 E 10 1 0 1
2021 11 06 00 24 36 23608.551  -695.350 39176.637  12.87  12.21   57  612.4 4152.43483 N 00119.94712 E 10 1 0 1
2021 11 06 00 24 37 23609.947  -696.105 39174.692  12.87  12.21   57  612.6 4152.43491 N 00119.94718 E 10 1 0 1
2021 11 06 00 24 38 23609.346  -695.657 39175.782  12.87  12.21   58  612.0 4152.43479 N 00119.94722 E 9 1 0 1
2021 11 06 00 24 39 23610.437  -696.260 39174.216  12.87  12.21   58  611.6 4152.43476 N 00119.94737 E 10 1 0 1
2021 11 06 00 24 40 23608.822  -695.245 39176.627  12.87  12.21   57  611.6 4152.43477 N 00119.94730 E 10 1 0 1
2021 11 06 00 24 41 23610.004  -695.894 39175.019  12.87  12.21   57  611.5 4152.43480 N 00119.94730 E 10 1 0 1
2021 11 06 00 24 42 23608.824  -695.227 39176.724  12.87  12.21   57  611.3 4152.43471 N 00119.94719 E 10 1 0 1
2021 11 06 00 24 43 23610.418  -696.107 39174.531  12.87  12.21   58  610.8 4152.43468 N 00119.94729 E 10 1 0 1
2021 11 06 00 24 44 23609.006  -695.137 39176.873  12.87  12.21   57  609.1 4152.43450 N 00119.94734 E 9 1 0 1
2021 11 06 00 24 45 23609.910  -695.523 39175.762  12.87  12.21   57  608.2 4152.43444 N 00119.94739 E 10 1 0 1
2021 11 06 00 24 46 23609.037  -695.101 39176.944  12.87  12.21   57  606.9 4152.43436 N 00119.94751 E 10 1 0 1
2021 11 06 00 24 47 23610.725  -695.896 39174.797  12.87  12.21   57  607.3 4152.43435 N 00119.94744 E 10 1 0 1
2021 11 06 00 24 48 23610.014  -695.169 39176.416  12.87  12.21   58  606.9 4152.43435 N 00119.94757 E 10 1 0 1
2021 11 06 00 24 49 23611.170  -696.054 39174.435  12.87  12.21   57  605.9 4152.43428 N 00119.94769 E 10 1 0 1
2021 11 06 00 24 50 23609.310  -695.145 39176.946  12.87  12.21   57  605.2 4152.43428 N 00119.94785 E 10 1 0 1
2021 11 06 00 24 51 23610.572  -695.845 39175.151  12.87  12.21   57  604.6 4152.43427 N 00119.94797 E 10 1 0 1
2021 11 06 00 24 52 23609.488  -695.208 39176.877  12.87  12.21   57  603.7 4152.43422 N 00119.94801 E 10 1 0 1
2021 11 06 00 24 53 23611.180  -695.839 39174.945  12.87  12.21   57  603.4 4152.43440 N 00119.94806 E 10 1 0 1
2021 11 06 00 24 54 23609.713  -695.082 39177.019  12.87  12.21   57  603.1 4152.43442 N 00119.94809 E 10 1 0 1
2021 11 06 00 24 55 23610.775  -696.267 39174.734  12.87  12.21   57  603.7 4152.43452 N 00119.94815 E 10 1 0 1
2021 11 06 00 24 56 23609.457  -695.549 39176.692  12.87  12.21   57  604.6 4152.43464 N 00119.94806 E 10 1 0 1
2021 11 06 00 24 57 23610.971  -696.368 39174.642  12.87  12.21   57  604.5 4152.43469 N 00119.94801 E 10 1 0 1
2021 11 06 00 24 58 23609.898  -696.023 39175.937  12.87  12.21   58  604.6 4152.43473 N 00119.94798 E 10 1 0 1
2021 11 06 00 24 59 23610.984  -696.831 39174.102  12.87  12.21   58  605.6 4152.43481 N 00119.94796 E 9 1 0 1
2021 11 06 00 25 00 23609.496  -695.975 39176.324  12.87  12.21   57  606.1 4152.43492 N 00119.94795 E 10 1 0 1
2021 11 06 00 25 01 23610.760  -696.595 39174.677  12.87  12.21   57  606.6 4152.43500 N 00119.94789 E 10 1 0 1
2021 11 06 00 25 02 23609.576  -695.879 39176.515  12.87  12.21   57  607.2 4152.43505 N 00119.94796 E 10 1 0 1
2021 11 06 00 25 03 23610.678  -696.571 39174.864  12.87  12.21   57  608.0 4152.43510 N 00119.94791 E 10 1 0 1
2021 11 06 00 25 04 23609.555  -696.146 39176.247  12.87  12.21   57  608.0 4152.43511 N 00119.94796 E 8 1 0 1
2021 11 06 00 25 05 23610.549  -696.867 39174.584  12.87  12.21   57  608.5 4152.43517 N 00119.94796 E 10 1 0 1
2021 11 06 00 25 06 23609.496  -696.059 39176.450  12.87  12.21   57  608.9 4152.43515 N 00119.94786 E 10 1 0 1
2021 11 06 00 25 07 23610.594  -696.846 39174.647  12.87  12.21   57  609.1 4152.43519 N 00119.94785 E 10 1 0 1
2021 11 06 00 25 08 23611.701  -697.439 39173.210  12.87  12.21   57  610.0 4152.43522 N 00119.94779 E 10 1 0 1
2021 11 06 00 25 09 23610.145  -696.460 39175.629  12.87  12.21   58  609.8 4152.43520 N 00119.94779 E 10 1 0 1
2021 11 06 00 25 10 23610.725  -696.799 39174.803  12.87  12.21   57  609.3 4152.43526 N 00119.94795 E 10 1 0 1
2021 11 06 00 25 11 23609.715  -696.233 39176.304  12.87  12.21   57  609.4 4152.43519 N 00119.94791 E 10 1 0 1
2021 11 06 00 25 12 23610.701  -696.935 39174.695  12.87  12.21   57  609.2 4152.43521 N 00119.94807 E 10 1 0 1
2021 11 06 00 25 13 23609.783  -696.513 39175.896  12.87  12.21   57  609.1 4152.43525 N 00119.94816 E 10 1 0 1
2021 11 06 00 25 14 23610.773  -697.017 39174.559  12.87  12.21   57  609.3 4152.43527 N 00119.94826 E 10 1 0 1
2021 11 06 00 25 15 23609.478  -696.147 39176.614  12.87  12.21   57  610.7 4152.43540 N 00119.94819 E 10 1 0 1
2021 11 06 00 25 16 23611.010  -697.014 39174.459  12.87  12.21   57  611.1 4152.43555 N 00119.94837 E 9 1 0 1
2021 11 06 00 25 17 23609.873  -696.172 39176.453  12.87  12.21   57  610.9 4152.43548 N 00119.94835 E 9 1 0 1
2021 11 06 00 25 18 23611.850  -697.299 39173.671  12.87  12.21   59  610.7 4152.43538 N 00119.94837 E 9 1 0 1
2021 11 06 00 25 19 23610.482  -696.659 39175.492  12.87  12.21   57  611.9 4152.43544 N 00119.94826 E 9 1 0 1
2021 11 06 00 25 20 23610.838  -697.009 39174.716  12.87  12.21   57  611.8 4152.43554 N 00119.94849 E 9 1 0 1
2021 11 06 00 25 21 23609.734  -696.572 39176.045  12.87  12.21   57  611.5 4152.43546 N 00119.94860 E 9 1 0 1
2021 11 06 00 25 22 23611.135  -697.476 39173.905  12.87  12.21   57  611.9 4152.43532 N 00119.94852 E 9 1 0 1
2021 11 06 00 25 23 23609.787  -696.660 39175.964  12.87  12.21   57  612.6 4152.43526 N 00119.94850 E 10 1 0 1
2021 11 06 00 25 24 23611.197  -697.404 39174.041  12.87  12.21   57  612.3 4152.43519 N 00119.94855 E 10 1 0 1
2021 11 06 00 25 25 23609.990  -696.467 39176.151  12.87  12.21   57  612.2 4152.43519 N 00119.94862 E 10 1 0 1
2021 11 06 00 25 26 23611.777  -697.126 39174.134  12.87  12.21   57  612.3 4152.43527 N 00119.94873 E 10 1 0 1
2021 11 06 00 25 27 23610.570  -696.014 39176.492  12.87  12.21   57  612.3 4152.43517 N 00119.94860 E 10 1 0 1
2021 11 06 00 25 28 23612.625  -697.247 39173.543  12.87  12.21   58  612.8 4152.43502 N 00119.94832 E 10 1 0 1
2021 11 06 00 25 29 23610.832  -696.197 39176.214  12.87  12.21   58  613.2 4152.43503 N 00119.94825 E 10 1 0 1
2021 11 06 00 25 30 23612.115  -697.067 39174.191  12.87  12.21   57  613.3 4152.43506 N 00119.94818 E 10 1 0 1
2021 11 06 00 25 31 23610.611  -696.160 39176.517  12.87  12.21   57  613.2 4152.43509 N 00119.94825 E 10 1 0 1
2021 11 06 00 25 32 23612.086  -697.166 39174.144  12.87  12.21   57  613.1 4152.43511 N 00119.94832 E 10 1 0 1
2021 11 06 00 25 33 23610.594  -696.349 39176.339  12.87  12.21   57  613.3 4152.43510 N 00119.94834 E 10 1 0 1
2021 11 06 00 25 34 23612.201  -697.284 39173.993  12.87  12.21   57  613.5 4152.43526 N 00119.94852 E 10 1 0 1
2021 11 06 00 25 35 23610.643  -696.321 39176.444  12.87  12.21   57  613.6 4152.43530 N 00119.94862 E 10 1 0 1
2021 11 06 00 25 36 23612.164  -697.093 39174.402  12.87  12.21   57  614.0 4152.43536 N 00119.94859 E 10 1 0 1
2021 11 06 00 25 37 23610.840  -696.302 39176.430  12.87  12.21   57  613.5 4152.43527 N 00119.94861 E 10 1 0 1
2021 11 06 00 25 38 23612.875  -697.369 39173.698  12.87  12.21   58  613.4 4152.43514 N 00119.94858 E 10 1 0 1
2021 11 06 00 25 39 23611.871  -696.348 39175.875  12.87  12.21   58  613.6 4152.43511 N 00119.94856 E 10 1 0 1
2021 11 06 00 25 40 23612.848  -696.643 39174.826  12.87  12.21   57  613.5 4152.43542 N 00119.94889 E 10 1 0 1
2021 11 06 00 25 41 23611.389  -695.908 39176.869  12.87  12.21   57  613.1 4152.43561 N 00119.94912 E 10 1 0 1
2021 11 06 00 25 42 23612.818  -696.814 39174.686  12.87  12.21   57  613.3 4152.43563 N 00119.94908 E 10 1 0 1
2021 11 06 00 25 43 23611.883  -695.841 39176.751  12.87  12.21   57  612.6 4152.43554 N 00119.94910 E 10 1 0 1
2021 11 06 00 25 44 23613.256  -696.650 39174.802  12.87  12.21   57  612.9 4152.43561 N 00119.94917 E 10 1 0 1
2021 11 06 00 25 45 23610.945  -696.529 39176.448  12.87  12.21   57  612.8 4152.43562 N 00119.94919 E 10 1 0 1
2021 11 06 00 25 46 23612.211  -696.976 39175.050  12.87  12.21   57  613.3 4152.43567 N 00119.94910 E 10 1 0 1
2021 11 06 00 25 47 23610.908  -696.628 39176.429  12.87  12.21   57  613.8 4152.43582 N 00119.94916 E 10 1 0 1
2021 11 06 00 25 48 23612.260  -697.919 39173.807  12.87  12.21   58  614.3 4152.43598 N 00119.94922 E 10 1 0 1
2021 11 06 00 25 49 23610.771  -697.450 39175.418  12.87  12.21   58  614.4 4152.43595 N 00119.94906 E 10 1 0 1
2021 11 06 00 25 50 23611.102  -698.082 39174.311  12.87  12.21   57  614.4 4152.43598 N 00119.94906 E 9 1 0 1
2021 11 06 00 25 51 23611.949  -698.341 39173.397  12.87  12.21   57  613.4 4152.43582 N 00119.94911 E 8 1 0 1
2021 11 06 00 25 52 23610.514  -697.336 39175.790  12.87  12.21   57  614.1 4152.43585 N 00119.94905 E 9 1 0 1
2021 11 06 00 25 53 23611.197  -698.235 39174.106  12.87  12.21   57  614.4 4152.43603 N 00119.94914 E 10 1 0 1
2021 11 06 00 25 54 23610.174  -697.784 39175.392  12.87  12.21   57  614.3 4152.43600 N 00119.94905 E 10 1 0 1
2021 11 06 00 25 55 23611.182  -698.387 39173.884  12.87  12.21   57  614.7 4152.43612 N 00119.94903 E 10 1 0 1
2021 11 06 00 25 56 23610.117  -697.699 39175.598  12.87  12.21   57  614.5 4152.43616 N 00119.94898 E 10 1 0 1
2021 11 06 00 25 57 23611.326  -698.189 39174.102  12.87  12.21   57  614.6 4152.43610 N 00119.94896 E 10 1 0 1
2021 11 06 00 25 58 23610.725  -697.424 39175.647  12.87  12.21   58  614.7 4152.43607 N 00119.94883 E 10 1 0 1
2021 11 06 00 25 59 23612.123  -698.269 39173.554  12.87  12.21   58  614.9 4152.43607 N 00119.94872 E 10 1 0 1
2021 11 06 00 26 00 23611.025  -696.912 39176.162  12.87  12.21   57  615.2 4152.43613 N 00119.94866 E 10 1 0 1
2021 11 06 00 26 01 23612.826  -697.080 39174.762  12.87  12.21   57  615.1 4152.43610 N 00119.94866 E 10 1 0 1
2021 11 06 00 26 02 23612.166  -695.817 39177.026  12.87  12.21   57  615.1 4152.43625 N 00119.94863 E 10 1 0 1
2021 11 06 00 26 03 23613.778  -696.182 39175.467  12.87  12.21   57  615.1 4152.43627 N 00119.94866 E 10 1 0 1
2021 11 06 00 26 04 23612.545  -695.381 39177.405  12.87  12.21   57  614.7 4152.43625 N 00119.94868 E 10 1 0 1
2021 11 06 00 26 05 23614.016  -696.015 39175.569  12.87  12.21   57  614.8 4152.43630 N 00119.94877 E 10 1 0 1
2021 11 06 00 26 06 23612.918  -695.025 39177.765  12.87  12.21   57  615.1 4152.43637 N 00119.94891 E 10 1 0 1
2021 11 06 00 26 07 23613.653  -695.981 39175.914  12.87  12.21   57  614.8 4152.43641 N 00119.94900 E 10 1 0 1
2021 11 06 00 26 08 23612.725  -695.724 39176.936  12.87  12.21   58  614.5 4152.43640 N 00119.94915 E 10 1 0 1
2021 11 06 00 26 09 23614.127  -696.490 39174.936  12.87  12.21   58  613.9 4152.43641 N 00119.94925 E 10 1 0 1
2021 11 06 00 26 10 23612.459  -695.225 39177.779  12.87  12.21   57  613.9 4152.43637 N 00119.94929 E 9 1 0 1
2021 11 06 00 26 11 23614.072  -695.974 39175.674  12.87  12.21   57  613.9 4152.43629 N 00119.94916 E 10 1 0 1
2021 11 06 00 26 12 23612.229  -695.345 39177.750  12.87  12.21   57  613.1 4152.43619 N 00119.94926 E 10 1 0 1
2021 11 06 00 26 13 23613.674  -696.481 39175.183  12.87  12.21   57  612.8 4152.43615 N 00119.94931 E 10 1 0 1
2021 11 06 00 26 14 23612.084  -695.673 39177.357  12.87  12.21   58  612.4 4152.43624 N 00119.94930 E 10 1 0 1
2021 11 06 00 26 15 23613.236  -696.839 39174.994  12.87  12.21   57  612.4 4152.43631 N 00119.94944 E 9 1 0 1
2021 11 06 00 26 16 23610.500  -695.790 39178.264  12.87  12.21   57  611.6 4152.43619 N 00119.94949 E 10 1 0 1
2021 11 06 00 26 17 23613.051  -697.463 39174.259  12.87  12.21   57  611.2 4152.43615 N 00119.94941 E 10 1 0 1
2021 11 06 00 26 18 23611.686  -696.510 39176.508  12.87  12.21   58  611.3 4152.43619 N 00119.94935 E 10 1 0 1
2021 11 06 00 26 19 23613.631  -696.915 39174.693  12.87  12.21   58  609.7 4152.43619 N 00119.94943 E 10 1 0 1
2021 11 06 00 26 20 23611.906  -695.756 39177.399  12.87  12.21   57  609.6 4152.43618 N 00119.94936 E 10 1 0 1
2021 11 06 00 26 21 23613.533  -696.315 39175.575  12.87  12.21   57  610.0 4152.43607 N 00119.94923 E 9 1 0 1
2021 11 06 00 26 22 23612.287  -695.484 39177.572  12.87  12.21   57  609.4 4152.43603 N 00119.94935 E 9 1 0 1
2021 11 06 00 26 23 23614.078  -695.817 39175.935  12.87  12.21   57  609.8 4152.43596 N 00119.94921 E 8 1 0 1
2021 11 06 00 26 24 23613.266  -694.940 39177.689  12.87  12.21   57  610.4 4152.43592 N 00119.94912 E 8 1 0 1
2021 11 06 00 26 25 23614.444  -695.480 39176.123  12.87  12.21   57  611.2 4152.43588 N 00119.94893 E 8 1 0 1
2021 11 06 00 26 26 23613.539  -694.513 39178.098  12.87  12.21   57  611.4 4152.43597 N 00119.94906 E 8 1 0 1
2021 11 06 00 26 27 23614.981  -695.149 39176.250  12.87  12.21   57  611.6 4152.43605 N 00119.94920 E 8 1 0 1
2021 11 06 00 26 28 23613.873  -694.995 39177.190  12.87  12.21   58  611.5 4152.43603 N 00119.94928 E 8 1 0 1
2021 11 06 00 26 29 23614.365  -696.413 39174.785  12.87  12.21   58  611.9 4152.43597 N 00119.94928 E 8 1 0 1
2021 11 06 00 26 30 23612.270  -696.078 39176.494  12.87  12.21   58  612.3 4152.43602 N 00119.94935 E 8 1 0 1
2021 11 06 00 26 31 23612.561  -696.668 39175.379  12.87  12.21   57  612.5 4152.43597 N 00119.94925 E 8 1 0 1
2021 11 06 00 26 32 23611.539  -696.162 39176.641  12.87  12.21   57  612.7 4152.43616 N 00119.94960 E 8 1 0 1
2021 11 06 00 26 33 23612.969  -696.237 39175.559  12.87  12.21   57  613.0 4152.43616 N 00119.94953 E 8 1 0 1
2021 11 06 00 26 34 23614.258  -696.418 39174.483  12.87  12.21   58  612.0 4152.43604 N 00119.94951 E 8 1 0 1
2021 11 06 00 26 35 23612.723  -695.365 39176.840  12.87  12.21   57  611.4 4152.43595 N 00119.94958 E 8 1 0 1
2021 11 06 00 26 36 23613.420  -695.674 39175.871  12.87  12.21   57  611.7 4152.43599 N 00119.94965 E 8 1 0 1
2021 11 06 00 26 37 23612.490  -695.076 39177.223  12.87  12.21   57  612.0 4152.43593 N 00119.94943 E 8 1 0 1
2021 11 06 00 26 38 23613.904  -696.154 39174.753  12.87  12.21   58  611.6 4152.43581 N 00119.94928 E 8 1 0 1
2021 11 06 00 26 39 23612.709  -695.576 39176.224  12.87  12.21   57  611.6 4152.43581 N 00119.94926 E 8 1 0 1
2021 11 06 00 26 40 23613.485  -696.093 39174.929  12.87  12.21   58  611.8 4152.43584 N 00119.94925 E 8 1 0 1
2021 11 06 00 26 41 23612.203  -695.293 39176.765  12.87  12.21   57  611.8 4152.43588 N 00119.94939 E 8 1 0 1
2021 11 06 00 26 42 23613.078  -695.988 39175.175  12.87  12.21   57  610.6 4152.43573 N 00119.94953 E 8 1 0 1
2021 11 06 00 26 43 23611.949  -695.315 39176.787  12.87  12.21   57  610.9 4152.43583 N 00119.94960 E 8 1 0 1
2021 11 06 00 26 44 23613.270  -695.985 39174.922  12.87  12.21   57  610.6 4152.43562 N 00119.94939 E 9 1 0 1
2021 11 06 00 26 45 23611.955  -695.293 39176.670  12.87  12.21   57  611.0 4152.43543 N 00119.94916 E 9 1 0 1
2021 11 06 00 26 46 23612.262  -695.807 39175.621  12.87  12.21   57  611.7 4152.43531 N 00119.94890 E 9 1 0 1
2021 11 06 00 26 47 23611.512  -695.343 39176.690  12.87  12.21   57  611.5 4152.43514 N 00119.94880 E 9 1 0 1
2021 11 06 00 26 48 23613.104  -696.049 39174.617  12.87  12.21   58  611.3 4152.43504 N 00119.94877 E 9 1 0 1
2021 11 06 00 26 49 23612.027  -695.409 39176.179  12.87  12.21   58  611.5 4152.43490 N 00119.94867 E 9 1 0 1
2021 11 06 00 26 50 23613.311  -696.109 39174.330  12.87  12.21   57  611.5 4152.43482 N 00119.94860 E 9 1 0 1
2021 11 06 00 26 51 23611.469  -695.048 39176.954  12.87  12.21   57  612.1 4152.43468 N 00119.94827 E 9 1 0 1
2021 11 06 00 26 52 23612.877  -695.809 39174.911  12.87  12.21   57  612.1 4152.43464 N 00119.94822 E 9 1 0 1
2021 11 06 00 26 53 23611.506  -694.962 39177.004  12.87  12.21   57  613.1 4152.43482 N 00119.94823 E 9 1 0 1
2021 11 06 00 26 54 23612.250  -696.449 39174.414  12.87  12.21   57  611.9 4152.43479 N 00119.94843 E 9 1 0 1
2021 11 06 00 26 55 23609.900  -696.216 39176.290  12.87  12.21   57  612.9 4152.43488 N 00119.94837 E 9 1 0 1
2021 11 06 00 26 56 23611.379  -697.186 39173.932  12.87  12.21   57  613.2 4152.43486 N 00119.94820 E 9 1 0 1
2021 11 06 00 26 57 23609.852  -696.203 39176.324  12.87  12.21   57  613.4 4152.43483 N 00119.94822 E 9 1 0 1
2021 11 06 00 26 58 23611.297  -697.109 39174.142  12.87  12.21   58  612.6 4152.43485 N 00119.94839 E 8 1 0 1
2021 11 06 00 26 59 23610.230  -696.674 39175.522  12.87  12.21   58  613.4 4152.43494 N 00119.94831 E 8 1 0 1
2021 11 06 00 27 00 23611.615  -697.305 39173.739  12.87  12.21   58  613.2 4152.43503 N 00119.94852 E 8 1 0 1
2021 11 06 00 27 01 23609.766  -696.321 39176.383  12.87  12.21   57  613.0 4152.43504 N 00119.94854 E 9 1 0 1
2021 11 06 00 27 02 23611.088  -697.354 39174.095  12.87  12.21   57  613.5 4152.43493 N 00119.94820 E 9 1 0 1
2021 11 06 00 27 03 23609.641  -696.560 39176.220  12.87  12.21   57  612.8 4152.43491 N 00119.94824 E 8 1 0 1
2021 11 06 00 27 04 23610.732  -697.301 39174.483  12.87  12.21   57  613.2 4152.43495 N 00119.94808 E 8 1 0 1
2021 11 06 00 27 05 23610.357  -695.840 39176.939  12.87  12.21   57  613.7 4152.43502 N 00119.94808 E 9 1 0 1
2021 11 06 00 27 06 23611.746  -696.301 39175.429  12.87  12.21   57  613.2 4152.43510 N 00119.94837 E 8 1 0 1
2021 11 06 00 27 07 23610.805  -695.488 39177.209  12.87  12.21   57  614.0 4152.43521 N 00119.94833 E 9 1 0 1
2021 11 06 00 27 08 23612.221  -696.410 39175.039  12.87  12.21   57  613.8 4152.43534 N 00119.94852 E 9 1 0 1
2021 11 06 00 27 09 23611.414  -695.879 39176.385  12.87  12.21   58  614.7 4152.43556 N 00119.94860 E 9 1 0 1
2021 11 06 00 27 10 23612.086  -696.589 39174.988  12.87  12.21   57  614.2 4152.43555 N 00119.94872 E 9 1 0 1
2021 11 06 00 27 11 23610.328  -696.097 39176.796  12.87  12.21   57  615.3 4152.43567 N 00119.94867 E 9 1 0 1
2021 11 06 00 27 12 23611.850  -697.547 39173.782  12.87  12.21   58  614.8 4152.43550 N 00119.94857 E 9 1 0 1
2021 11 06 00 27 13 23610.584  -696.430 39176.191  12.87  12.21   58  614.6 4152.43539 N 00119.94858 E 9 1 0 1
2021 11 06 00 27 14 23611.264  -697.061 39174.840  12.87  12.21   57  614.0 4152.43536 N 00119.94868 E 9 1 0 1
2021 11 06 00 27 15 23611.496  -697.588 39173.896  12.87  12.21   57  614.1 4152.43543 N 00119.94873 E 10 1 0 1
2021 11 06 00 27 16 23609.617  -696.443 39176.683  12.87  12.21   57  614.7 4152.43541 N 00119.94853 E 9 1 0 1
2021 11 06 00 27 17 23610.566  -697.264 39174.813  12.86  12.21   57  614.5 4152.43546 N 00119.94861 E 10 1 0 1
2021 11 06 00 27 18 23609.682  -696.491 39176.376  12.87  12.21   57  614.4 4152.43540 N 00119.94850 E 10 1 0 1
2021 11 06 00 27 19 23611.158  -696.782 39174.900  12.86  12.21   57  615.1 4152.43539 N 00119.94831 E 10 1 0 1
2021 11 06 00 27 20 23610.186  -695.885 39176.711  12.87  12.21   57  615.4 4152.43544 N 00119.94830 E 10 1 0 1
2021 11 06 00 27 21 23611.014  -696.585 39175.062  12.87  12.21   57  614.7 4152.43545 N 00119.94834 E 10 1 0 1
2021 11 06 00 27 22 23610.412  -696.242 39175.840  12.87  12.21   58  614.5 4152.43555 N 00119.94845 E 10 1 0 1
2021 11 06 00 27 23 23611.555  -696.807 39174.157  12.86  12.21   57  614.5 4152.43564 N 00119.94850 E 9 1 0 1
2021 11 06 00 27 24 23610.174  -695.780 39176.339  12.86  12.21   58  614.3 4152.43569 N 00119.94858 E 9 1 0 1
2021 11 06 00 27 25 23611.203  -696.131 39175.033  12.86  12.21   57  614.1 4152.43572 N 00119.94873 E 9 1 0 1
2021 11 06 00 27 26 23610.150  -695.222 39176.882  12.86  12.21   57  614.8 4152.43568 N 00119.94852 E 9 1 0 1
2021 11 06 00 27 27 23611.357  -695.828 39175.083  12.86  12.21   57  614.4 4152.43568 N 00119.94853 E 9 1 0 1
2021 11 06 00 27 28 23610.061  -694.984 39176.978  12.86  12.21   57  613.5 4152.43574 N 00119.94873 E 9 1 0 1
2021 11 06 00 27 29 23611.359  -695.647 39175.054  12.86  12.21   57  613.0 4152.43571 N 00119.94871 E 9 1 0 1
2021 11 06 00 27 30 23609.912  -694.691 39177.143  12.86  12.21   57  613.4 4152.43590 N 00119.94890 E 10 1 0 1
2021 11 06 00 27 31 23611.217  -695.401 39175.122  12.86  12.21   57  612.3 4152.43588 N 00119.94908 E 10 1 0 1
2021 11 06 00 27 32 23610.057  -694.829 39176.574  12.86  12.21   58  611.8 4152.43583 N 00119.94914 E 10 1 0 1
2021 11 06 00 27 33 23611.164  -695.508 39174.736  12.86  12.21   58  610.9 4152.43575 N 00119.94920 E 10 1 0 1
2021 11 06 00 27 34 23609.453  -694.527 39177.009  12.86  12.21   57  610.7 4152.43583 N 00119.94933 E 10 1 0 1
2021 11 06 00 27 35 23610.580  -695.284 39175.035  12.86  12.21   57  610.2 4152.43586 N 00119.94938 E 10 1 0 1
2021 11 06 00 27 36 23609.125  -694.207 39177.329  12.86  12.21   57  609.7 4152.43582 N 00119.94937 E 10 1 0 1
2021 11 06 00 27 37 23610.666  -694.983 39175.018  12.86  12.21   57  609.3 4152.43588 N 00119.94939 E 10 1 0 1
2021 11 06 00 27 38 23609.350  -693.688 39177.487  12.86  12.21   57  609.1 4152.43580 N 00119.94918 E 10 1 0 1
2021 11 06 00 27 39 23611.316  -694.050 39175.497  12.86  12.21   57  608.6 4152.43577 N 00119.94918 E 10 1 0 1
2021 11 06 00 27 40 23610.045  -692.739 39177.967  12.86  12.21   57  608.4 4152.43565 N 00119.94909 E 10 1 0 1
2021 11 06 00 27 41 23611.781  -693.318 39175.874  12.86  12.21   57  607.9 4152.43566 N 00119.94921 E 10 1 0 1
2021 11 06 00 27 42 23610.791  -692.564 39177.436  12.86  12.21   58  607.1 4152.43558 N 00119.94930 E 10 1 0 1
2021 11 06 00 27 43 23612.106  -693.197 39175.505  12.86  12.21   58  606.9 4152.43544 N 00119.94916 E 10 1 0 1
2021 11 06 00 27 44 23610.324  -691.971 39178.237  12.86  12.21   57  606.5 4152.43544 N 00119.94916 E 10 1 0 1
2021 11 06 00 27 45 23611.879  -692.694 39176.062  12.86  12.21   57  606.0 4152.43544 N 00119.94918 E 10 1 0 1
2021 11 06 00 27 46 23610.410  -691.484 39178.570  12.86  12.21   57  605.8 4152.43538 N 00119.94908 E 10 1 0 1
2021 11 06 00 27 47 23611.836  -691.959 39176.823  12.86  12.21   57  605.6 4152.43533 N 00119.94904 E 10 1 0 1
2021 11 06 00 27 48 23610.582  -690.989 39178.842  12.86  12.21   57  605.5 4152.43526 N 00119.94896 E 10 1 0 1
2021 11 06 00 27 49 23611.900  -691.840 39176.670  12.86  12.21   57  605.8 4152.43520 N 00119.94881 E 10 1 0 1
2021 11 06 00 27 50 23610.211  -691.225 39178.516  12.86  12.21   57  605.6 4152.43518 N 00119.94885 E 10 1 0 1
2021 11 06 00 27 51 23611.203  -691.919 39176.759  12.86  12.21   57  605.4 4152.43520 N 00119.94890 E 10 1 0 1
2021 11 06 00 27 52 23610.605  -691.390 39177.845  12.86  12.21   58  605.4 4152.43530 N 00119.94895 E 10 1 0 1
2021 11 06 00 27 53 23611.961  -691.971 39176.042  12.86  12.21   57  605.6 4152.43530 N 00119.94886 E 10 1 0 1
2021 11 06 00 27 54 23610.365  -690.914 39178.434  12.86  12.21   57  605.9 4152.43532 N 00119.94877 E 10 1 0 1
2021 11 06 00 27 55 23611.441  -691.483 39176.887  12.86  12.21   57  606.0 4152.43532 N 00119.94875 E 10 1 0 1
2021 11 06 00 27 56 23610.279  -690.737 39178.658  12.86  12.21   57  606.4 4152.43529 N 00119.94862 E 10 1 0 1
2021 11 06 00 27 57 23611.369  -691.313 39177.073  12.86  12.21   57  606.6 4152.43529 N 00119.94856 E 10 1 0 1
2021 11 06 00 27 58 23611.639  -691.464 39176.681  12.86  12.21   57  606.7 4152.43534 N 00119.94857 E 10 1 0 1
2021 11 06 00 27 59 23610.180  -690.631 39178.790  12.86  12.21   57  606.7 4152.43530 N 00119.94853 E 10 1 0 1
2021 11 06 00 28 00 23611.074  -691.253 39177.343  12.86  12.21   57  606.6 4152.43533 N 00119.94858 E 10 1 0 1
2021 11 06 00 28 01 23609.943  -690.633 39178.929  12.86  12.21   57  606.5 4152.43535 N 00119.94859 E 10 1 0 1
2021 11 06 00 28 02 23611.748  -691.748 39176.207  12.86  12.21   58  606.5 4152.43539 N 00119.94860 E 10 1 0 1
2021 11 06 00 28 03 23609.926  -690.818 39178.578  12.86  12.21   57  606.0 4152.43545 N 00119.94877 E 10 1 0 1
2021 11 06 00 28 04 23610.850  -691.439 39177.046  12.86  12.21   57  605.9 4152.43556 N 00119.94887 E 10 1 0 1
2021 11 06 00 28 05 23609.478  -690.727 39178.848  12.86  12.21   57  606.8 4152.43568 N 00119.94886 E 10 1 0 1
2021 11 06 00 28 06 23610.445  -691.481 39177.051  12.86  12.21   57  607.3 4152.43575 N 00119.94883 E 10 1 0 1
2021 11 06 00 28 07 23608.924  -690.926 39178.700  12.86  12.21   57  607.8 4152.43591 N 00119.94885 E 10 1 0 1
2021 11 06 00 28 08 23609.512  -692.028 39176.653  12.86  12.21   57  607.8 4152.43606 N 00119.94895 E 10 1 0 1
2021 11 06 00 28 09 23607.939  -691.507 39178.236  12.86  12.21   57  608.2 4152.43618 N 00119.94890 E 10 1 0 1
2021 11 06 00 28 10 23609.041  -692.315 39176.238  12.86  12.21   57  608.8 4152.43632 N 00119.94886 E 10 1 0 1
2021 11 06 00 28 11 23607.597  -691.465 39178.249  12.86  12.21   57  609.6 4152.43641 N 00119.94879 E 10 1 0 1
2021 11 06 00 28 12 23609.303  -692.453 39175.662  12.86  12.21   58  610.1 4152.43640 N 00119.94869 E 10 1 0 1
2021 11 06 00 28 13 23607.955  -691.606 39177.565  12.86  12.21   57  610.9 4152.43639 N 00119.94856 E 10 1 0 1
2021 11 06 00 28 14 23608.810  -692.050 39176.176  12.86  12.21   57  610.9 4152.43640 N 00119.94855 E 10 1 0 1
2021 11 06 00 28 15 23607.142  -691.305 39178.147  12.86  12.21   57  611.1 4152.43646 N 00119.94860 E 10 1 0 1
2021 11 06 00 28 16 23608.297  -692.051 39176.172  12.86  12.21   57  611.6 4152.43640 N 00119.94837 E 10 1 0 1
2021 11 06 00 28 17 23606.056  -690.676 39179.357  12.86  12.21   57  611.9 4152.43648 N 00119.94832 E 10 1 0 1
2021 11 06 00 28 18 23608.297  -691.885 39176.081  12.86  12.21   57  612.0 4152.43648 N 00119.94822 E 10 1 0 1
2021 11 06 00 28 19 23606.775  -690.799 39178.398  12.86  12.21   57  612.3 4152.43651 N 00119.94821 E 10 1 0 1
2021 11 06 00 28 20 23608.160  -691.536 39176.308  12.86  12.21   57  612.0 4152.43650 N 00119.94822 E 9 1 0 1
2021 11 06 00 28 21 23606.564  -690.575 39178.536  12.86  12.21   57  612.0 4152.43646 N 00119.94812 E 10 1 0 1
2021 11 06 00 28 22 23608.392  -692.010 39175.219  12.86  12.21   59  612.3 4152.43647 N 00119.94809 E 10 1 0 1
2021 11 06 00 28 23 23606.511  -690.771 39178.009  12.86  12.21   58  612.4 4152.43651 N 00119.94807 E 10 1 0 1
2021 11 06 00 28 24 23607.133  -691.564 39176.328  12.86  12.21   57  612.4 4152.43655 N 00119.94809 E 10 1 0 1
2021 11 06 00 28 25 23605.240  -691.282 39177.804  12.86  12.21   57  612.7 4152.43651 N 00119.94797 E 10 1 0 1
2021 11 06 00 28 26 23606.158  -692.526 39175.261  12.86  12.21   57  612.7 4152.43650 N 00119.94795 E 10 1 0 1
2021 11 06 00 28 27 23604.427  -691.624 39177.500  12.86  12.21   57  613.0 4152.43650 N 00119.94786 E 10 1 0 1
2021 11 06 00 28 28 23606.056  -692.307 39175.333  12.86  12.21   57  613.0 4152.43651 N 00119.94789 E 10 1 0 1
2021 11 06 00 28 29 23604.089  -691.736 39177.232  12.86  12.21   57  612.8 4152.43646 N 00119.94786 E 10 1 0 1
2021 11 06 00 28 30 23605.199  -692.571 39175.187  12.86  12.21   57  613.0 4152.43642 N 00119.94785 E 10 1 0 1
2021 11 06 00 28 31 23603.759  -691.788 39177.046  12.86  12.21   57  612.8 4152.43634 N 00119.94783 E 10 1 0 1
2021 11 06 00 28 32 23605.408  -692.893 39174.277  12.86  12.21   58  613.4 4152.43625 N 00119.94768 E 9 1 0 1
2021 11 06 00 28 33 23603.921  -691.880 39176.474  12.86  12.21   58  613.5 4152.43620 N 00119.94763 E 9 1 0 1
2021 11 06 00 28 34 23605.304  -692.048 39175.196  12.86  12.21   57  614.0 4152.43614 N 00119.94747 E 8 1 0 1
2021 11 06 00 28 35 23603.931  -691.222 39177.106  12.86  12.21   57  614.0 4152.43608 N 00119.94738 E 9 1 0 1
2021 11 06 00 28 36 23605.207  -691.858 39175.210  12.86  12.21   57  614.3 4152.43602 N 00119.94732 E 9 1 0 1
2021 11 06 00 28 37 23604.004  -690.958 39177.140  12.86  12.21   57  614.0 4152.43594 N 00119.94731 E 10 1 0 1
2021 11 06 00 28 38 23605.177  -691.455 39175.527  12.86  12.21   57  613.8 4152.43586 N 00119.94728 E 10 1 0 1
2021 11 06 00 28 39 23604.027  -690.589 39177.384  12.86  12.21   57  613.7 4152.43579 N 00119.94725 E 10 1 0 1
2021 11 06 00 28 40 23605.117  -691.101 39175.790  12.86  12.21   57  613.8 4152.43567 N 00119.94705 E 10 1 0 1
2021 11 06 00 28 41 23605.668  -691.244 39175.155  12.86  12.21   57  613.7 4152.43561 N 00119.94697 E 10 1 0 1
2021 11 06 00 28 42 23604.550  -690.590 39176.790  12.86  12.21   58  613.8 4152.43558 N 00119.94690 E 10 1 0 1
2021 11 06 00 28 43 23605.508  -691.254 39175.130  12.86  12.21   58  613.6 4152.43551 N 00119.94687 E 10 1 0 1
2021 11 06 00 28 44 23603.998  -690.315 39177.324  12.86  12.21   57  613.3 4152.43550 N 00119.94687 E 10 1 0 1
2021 11 06 00 28 45 23604.900  -690.840 39175.912  12.86  12.21   57  613.4 4152.43554 N 00119.94692 E 10 1 0 1
2021 11 06 00 28 46 23603.851  -690.092 39177.579  12.86  12.21   57  613.3 4152.43555 N 00119.94692 E 10 1 0 1
2021 11 06 00 28 47 23604.117  -690.383 39176.887  12.86  12.21   57  613.2 4152.43563 N 00119.94698 E 9 1 0 1
2021 11 06 00 28 48 23603.232  -690.172 39177.661  12.86  12.21   57  612.5 4152.43569 N 00119.94725 E 9 1 0 1
2021 11 06 00 28 49 23603.457  -691.448 39175.573  12.86  12.21   57  612.1 4152.43570 N 00119.94736 E 9 1 0 1
2021 11 06 00 28 50 23601.546  -691.240 39176.956  12.86  12.21   57  612.1 4152.43571 N 00119.94743 E 9 1 0 1
2021 11 06 00 28 51 23602.605  -692.063 39174.973  12.86  12.21   57  612.0 4152.43559 N 00119.94729 E 9 1 0 1
2021 11 06 00 28 52 23601.544  -691.429 39176.344  12.86  12.21   58  611.4 4152.43562 N 00119.94747 E 9 1 0 1
2021 11 06 00 28 53 23603.183  -692.193 39174.045  12.86  12.21   58  610.8 4152.43569 N 00119.94765 E 8 1 0 1
2021 11 06 00 28 54 23601.718  -690.879 39176.619  12.86  12.21   57  610.8 4152.43571 N 00119.94771 E 8 1 0 1
2021 11 06 00 28 55 23603.169  -691.233 39174.984  12.86  12.21   57  610.6 4152.43572 N 00119.94779 E 9 1 0 1
2021 11 06 00 28 56 23601.863  -690.060 39177.345  12.86  12.21   57  610.8 4152.43564 N 00119.94764 E 8 1 0 1
2021 11 06 00 28 57 23603.310  -690.673 39175.383  12.86  12.21   57  610.5 4152.43567 N 00119.94779 E 8 1 0 1
2021 11 06 00 28 58 23601.921  -689.542 39177.694  12.86  12.21   57  610.3 4152.43583 N 00119.94803 E 8 1 0 1
2021 11 06 00 28 59 23603.279  -690.498 39175.347  12.86  12.21   57  610.2 4152.43600 N 00119.94824 E 8 1 0 1
2021 11 06 00 29 00 23601.576  -689.696 39177.419  12.86  12.21   57  610.1 4152.43606 N 00119.94831 E 8 1 0 1
2021 11 06 00 29 01 23602.951  -690.411 39175.371  12.86  12.21   57  609.6 4152.43610 N 00119.94847 E 8 1 0 1
2021 11 06 00 29 02 23602.246  -689.137 39177.545  12.86  12.21   57  609.3 4152.43607 N 00119.94849 E 7 1 0 1
2021 11 06 00 29 03 23604.482  -689.874 39175.051  12.86  12.21   58  609.4 4152.43602 N 00119.94847 E 8 1 0 1
2021 11 06 00 29 04 23602.316  -688.924 39177.626  12.86  12.21   58  609.0 4152.43598 N 00119.94851 E 8 1 0 1
2021 11 06 00 29 05 23603.488  -689.871 39175.360  12.86  12.21   57  608.5 4152.43610 N 00119.94885 E 8 1 0 1
2021 11 06 00 29 06 23602.166  -688.721 39177.784  12.86  12.21   57  608.7 4152.43604 N 00119.94879 E 8 1 0 1
2021 11 06 00 29 07 23603.644  -689.486 39175.628  12.86  12.21   57  608.9 4152.43591 N 00119.94858 E 8 1 0 1
2021 11 06 00 29 08 23601.505  -688.927 39177.679  12.86  12.21   57  608.6 4152.43585 N 00119.94860 E 8 1 0 1
2021 11 06 00 29 09 23602.750  -689.956 39175.288  12.86  12.21   57  608.0 4152.43593 N 00119.94887 E 8 1 0 1
2021 11 06 00 29 10 23601.552  -688.779 39177.635  12.86  12.21   57  607.8 4152.43596 N 00119.94897 E 8 1 0 1
2021 11 06 00 29 11 23603.261  -689.346 39175.702  12.86  12.21   57  608.1 4152.43587 N 00119.94876 E 8 1 0 1
2021 11 06 00 29 12 23602.185  -688.883 39177.062  12.86  12.21   59  607.7 4152.43594 N 00119.94894 E 8 1 0 1
2021 11 06 00 29 13 23603.275  -689.772 39174.994  12.86  12.21   58  607.7 4152.43590 N 00119.94882 E 8 1 0 1
2021 11 06 00 29 14 23601.374  -688.795 39177.536  12.86  12.21   57  608.5 4152.43586 N 00119.94883 E 8 1 0 1
2021 11 06 00 29 15 23602.584  -689.531 39175.683  12.86  12.21   57  608.6 4152.43569 N 00119.94858 E 8 1 0 1
2021 11 06 00 29 16 23601.289  -688.670 39177.648  12.86  12.21   57  608.8 4152.43559 N 00119.94838 E 8 1 0 1
2021 11 06 00 29 17 23601.824  -688.884 39176.993  12.86  12.21   57  608.9 4152.43568 N 00119.94844 E 8 1 0 1
2021 11 06 00 29 18 23600.785  -688.404 39178.232  12.86  12.21   57  609.8 4152.43584 N 00119.94847 E 8 1 0 1
2021 11 06 00 29 19 23603.039  -689.539 39175.108  12.86  12.21   57  609.3 4152.43589 N 00119.94846 E 8 1 0 1
2021 11 06 00 29 20 23601.685  -688.034 39178.057  12.86  12.21   57  609.1 4152.43598 N 00119.94858 E 8 1 0 1
2021 11 06 00 29 21 23603.128  -688.585 39176.274  12.86  12.21   57  608.5 4152.43615 N 00119.94897 E 8 1 0 1
2021 11 06 00 29 22 23602.453  -687.825 39177.721  12.86  12.21   58  607.4 4152.43626 N 00119.94926 E 8 1 0 1
2021 11 06 00 29 23 23603.798  -688.491 39175.779  12.86  12.21   58  606.8 4152.43625 N 00119.94927 E 8 1 0 1
2021 11 06 00 29 24 23604.109  -688.436 39175.484  12.86  12.21   57  606.1 4152.43635 N 00119.94954 E 8 1 0 1
2021 11 06 00 29 25 23602.259  -687.461 39177.913  12.86  12.21   57  605.5 4152.43641 N 00119.94977 E 8 1 0 1
2021 11 06 00 29 26 23603.328  -687.965 39176.354  12.86  12.21   57  605.0 4152.43641 N 00119.94988 E 8 1 0 1
2021 11 06 00 29 27 23602.306  -687.162 39178.052  12.86  12.21   57  604.9 4152.43639 N 00119.94987 E 8 1 0 1
2021 11 06 00 29 28 23602.994  -687.916 39176.433  12.86  12.21   57  604.4 4152.43651 N 00119.95018 E 8 1 0 1
2021 11 06 00 29 29 23601.996  -687.112 39178.084  12.86  12.21   57  604.2 4152.43653 N 00119.95034 E 8 1 0 1
2021 11 06 00 29 30 23603.441  -687.394 39176.663  12.86  12.21   57  604.1 4152.43645 N 00119.95031 E 8 1 0 1
2021 11 06 00 29 31 23602.099  -686.846 39178.181  12.86  12.21   57  604.2 4152.43639 N 00119.95025 E 8 1 0 1
2021 11 06 00 29 32 23603.627  -687.613 39176.041  12.86  12.21   58  603.6 4152.43637 N 00119.95039 E 8 1 0 1
2021 11 06 00 29 33 23602.244  -687.218 39177.395  12.86  12.21   57  603.9 4152.43640 N 00119.95039 E 8 1 0 1
2021 11 06 00 29 34 23601.990  -687.211 39177.444  12.86  12.21   57  603.9 4152.43636 N 00119.95031 E 8 1 0 1
2021 11 06 00 29 35 23601.458  -687.132 39177.823  12.86  12.21   57  603.8 4152.43627 N 00119.95011 E 9 1 0 1
2021 11 06 00 29 36 23602.394  -687.798 39176.197  12.86  12.21   57  603.5 4152.43626 N 00119.95014 E 8 1 0 1
2021 11 06 00 29 37 23599.792  -686.684 39179.413  12.86  12.21   57  603.5 4152.43625 N 00119.95016 E 8 1 0 1
2021 11 06 00 29 38 23601.658  -688.568 39175.462  12.86  12.21   57  603.2 4152.43628 N 00119.95028 E 8 1 0 1
2021 11 06 00 29 39 23600.394  -687.531 39177.720  12.86  12.21   57  603.5 4152.43632 N 00119.95023 E 9 1 0 1
2021 11 06 00 29 40 23601.800  -688.156 39175.922  12.86  12.21   57  603.9 4152.43637 N 00119.95014 E 9 1 0 1
2021 11 06 00 29 41 23600.597  -687.307 39177.907  12.86  12.21   57  604.1 4152.43638 N 00119.95006 E 9 1 0 1
2021 11 06 00 29 42 23602.179  -688.613 39175.053  12.86  12.21   58  604.3 4152.43648 N 00119.95019 E 9 1 0 1
2021 11 06 00 29 43 23600.521  -687.722 39177.347  12.86  12.21   58  604.4 4152.43647 N 00119.95015 E 9 1 0 1
2021 11 06 00 29 44 23601.550  -688.392 39175.656  12.86  12.21   57  605.0 4152.43652 N 00119.95014 E 10 1 0 1
2021 11 06 00 29 45 23599.904  -687.834 39177.488  12.86  12.21   57  605.5 4152.43657 N 00119.95004 E 10 1 0 1
2021 11 06 00 29 46 23601.466  -688.497 39175.500  12.86  12.21   57  605.3 4152.43650 N 00119.94988 E 9 1 0 1
2021 11 06 00 29 47 23599.646  -687.651 39177.855  12.86  12.21   57  605.8 4152.43659 N 00119.94986 E 10 1 0 1
2021 11 06 00 29 48 23600.626  -688.546 39175.923  12.86  12.21   57  605.6 4152.43655 N 00119.94978 E 9 1 0 1
2021 11 06 00 29 49 23599.790  -687.551 39177.907  12.86  12.21   57  606.1 4152.43658 N 00119.94969 E 10 1 0 1
2021 11 06 00 29 50 23601.498  -688.318 39175.690  12.86  12.21   57  606.2 4152.43654 N 00119.94956 E 10 1 0 1
2021 11 06 00 29 51 23599.691  -687.637 39177.789  12.86  12.21   57  606.2 4152.43650 N 00119.94945 E 10 1 0 1
2021 11 06 00 29 52 23601.328  -688.710 39175.207  12.86  12.21   57  606.4 4152.43652 N 00119.94946 E 10 1 0 1
2021 11 06 00 29 53 23600.382  -687.812 39177.100  12.86  12.21   58  606.8 4152.43660 N 00119.94950 E 9 1 0 1
2021 11 06 00 29 54 23601.312  -688.345 39175.673  12.86  12.21   57  606.7 4152.43668 N 00119.94959 E 10 1 0 1
2021 11 06 00 29 55 23599.636  -687.847 39177.447  12.86  12.21   57  606.4 4152.43677 N 00119.94970 E 9 1 0 1
2021 11 06 00 29 56 23601.058  -688.414 39175.711  12.86  12.21   57  606.6 4152.43680 N 00119.94969 E 10 1 0 1
2021 11 06 00 29 57 23599.675  -687.506 39177.796  12.86  12.21   57  606.8 4152.43673 N 00119.94952 E 10 1 0 1
2021 11 06 00 29 58 23601.087  -688.453 39175.571  12.86  12.21   57  607.4 4152.43668 N 00119.94938 E 10 1 0 1
2021 11 06 00 29 59 23599.634  -687.669 39177.547  12.86  12.21   57  607.5 4152.43667 N 00119.94936 E 10 1 0 1
2021 11 06 00 30 00 23600.736  -688.578 39175.452  12.86  12.21   57  607.4 4152.43658 N 00119.94924 E 10 1 0 1
2021 11 06 00 30 01 23598.532  -687.168 39178.864  12.86  12.21   57  607.5 4152.43655 N 00119.94919 E 10 1 0 1
2021 11 06 00 30 02 23591.016  -682.758 39189.837  12.86  12.21   58  607.5 4152.43658 N 00119.94920 E 10 1 0 1
2021 11 06 00 30 03 23590.782  -683.135 39189.388  12.86  12.21   57  607.8 4152.43658 N 00119.94905 E 10 1 0 1
2021 11 06 00 30 04 23589.700  -682.373 39191.043  12.86  12.21   57  608.1 4152.43659 N 00119.94888 E 10 1 0 1
2021 11 06 00 30 05 23590.725  -682.593 39190.041  12.86  12.21   57  608.0 4152.43654 N 00119.94880 E 10 1 0 1
2021 11 06 00 30 06 23590.616  -682.332 39190.436  12.86  12.21   57  608.2 4152.43646 N 00119.94863 E 9 1 0 1
2021 11 06 00 30 07 23589.788  -682.493 39190.623  12.86  12.21   57  608.7 4152.43642 N 00119.94839 E 10 1 0 1
2021 11 06 00 30 08 23588.485  -681.975 39192.121  12.86  12.21   57  608.9 4152.43641 N 00119.94828 E 10 1 0 1
2021 11 06 00 30 09 23595.493  -686.210 39181.592  12.86  12.21   57  608.7 4152.43639 N 00119.94837 E 10 1 0 1
2021 11 06 00 30 10 23598.450  -687.916 39177.262  12.86  12.21   57  609.0 4152.43628 N 00119.94829 E 10 1 0 1
2021 11 06 00 30 11 23599.697  -688.917 39174.985  12.86  12.21   57  609.1 4152.43620 N 00119.94815 E 10 1 0 1
2021 11 06 00 30 12 23598.870  -688.313 39176.385  12.86  12.21   58  609.2 4152.43618 N 00119.94811 E 10 1 0 1
2021 11 06 00 30 13 23600.384  -689.046 39174.370  12.86  12.21   58  609.3 4152.43619 N 00119.94811 E 10 1 0 1
2021 11 06 00 30 14 23598.581  -688.153 39176.663  12.86  12.21   57  609.4 4152.43618 N 00119.94812 E 10 1 0 1
2021 11 06 00 30 15 23599.775  -688.997 39174.651  12.86  12.21   57  609.9 4152.43604 N 00119.94788 E 10 1 0 1
2021 11 06 00 30 16 23598.339  -688.314 39176.545  12.86  12.21   57  610.0 4152.43598 N 00119.94782 E 10 1 0 1
2021 11 06 00 30 17 23599.513  -688.952 39174.836  12.86  12.21   57  610.2 4152.43602 N 00119.94781 E 10 1 0 1
2021 11 06 00 30 18 23597.534  -687.702 39177.832  12.86  12.21   57  610.3 4152.43595 N 00119.94776 E 10 1 0 1
2021 11 06 00 30 19 23599.722  -688.899 39174.712  12.86  12.21   57  610.6 4152.43589 N 00119.94769 E 10 1 0 1
2021 11 06 00 30 20 23598.343  -688.009 39176.793  12.86  12.21   57  610.8 4152.43581 N 00119.94760 E 10 1 0 1
2021 11 06 00 30 21 23599.820  -688.740 39174.794  12.86  12.21   57  610.9 4152.43582 N 00119.94763 E 10 1 0 1
2021 11 06 00 30 22 23598.632  -687.795 39176.880  12.86  12.21   57  611.1 4152.43581 N 00119.94759 E 10 1 0 1
2021 11 06 00 30 23 23600.421  -688.810 39174.318  12.86  12.21   58  611.3 4152.43580 N 00119.94759 E 10 1 0 1
2021 11 06 00 30 24 23598.544  -688.184 39176.394  12.86  12.21   58  611.5 4152.43582 N 00119.94767 E 10 1 0 1
2021 11 06 00 30 25 23599.177  -689.080 39174.651  12.86  12.21   57  611.5 4152.43574 N 00119.94761 E 10 1 0 1
2021 11 06 00 30 26 23597.747  -688.488 39176.382  12.86  12.21   57  611.7 4152.43574 N 00119.94757 E 10 1 0 1
2021 11 06 00 30 27 23599.177  -689.302 39174.293  12.86  12.21   57  611.3 4152.43581 N 00119.94773 E 10 1 0 1
2021 11 06 00 30 28 23597.548  -688.369 39176.591  12.86  12.21   57  611.0 4152.43585 N 00119.94786 E 10 1 0 1
2021 11 06 00 30 29 23599.228  -689.292 39174.207  12.86  12.21   57  611.0 4152.43587 N 00119.94784 E 10 1 0 1
2021 11 06 00 30 30 23597.644  -688.281 39176.665  12.86  12.21   57  610.8 4152.43595 N 00119.94788 E 10 1 0 1
2021 11 06 00 30 31 23599.238  -689.146 39174.460  12.86  12.21   57  610.4 4152.43609 N 00119.94803 E 10 1 0 1
2021 11 06 00 30 32 23597.497  -688.173 39176.968  12.86  12.21   57  610.3 4152.43606 N 00119.94794 E 10 1 0 1
2021 11 06 00 30 33 23599.322  -689.254 39174.247  12.86  12.21   58  610.0 4152.43610 N 00119.94798 E 10 1 0 1
2021 11 06 00 30 34 23598.060  -688.479 39176.127  12.86  12.21   57  609.8 4152.43609 N 00119.94794 E 10 1 0 1
2021 11 06 00 30 35 23599.310  -689.177 39174.262  12.86  12.21   57  609.1 4152.43619 N 00119.94812 E 10 1 0 1
2021 11 06 00 30 36 23597.945  -688.326 39176.382  12.86  12.21   57  608.6 4152.43625 N 00119.94827 E 10 1 0 1
2021 11 06 00 30 37 23599.177  -689.232 39174.327  12.86  12.21   57  608.1 4152.43625 N 00119.94836 E 10 1 0 1
2021 11 06 00 30 38 23596.966  -688.009 39177.494  12.86  12.21   57  607.8 4152.43624 N 00119.94837 E 10 1 0 1
2021 11 06 00 30 39 23598.990  -689.314 39174.358  12.86  12.21   57  607.8 4152.43624 N 00119.94829 E 10 1 0 1
2021 11 06 00 30 40 23597.587  -688.532 39176.373  12.86  12.21   57  607.5 4152.43627 N 00119.94833 E 10 1 0 1
2021 11 06 00 30 41 23599.017  -689.415 39174.218  12.86  12.21   57  607.4 4152.43619 N 00119.94828 E 10 1 0 1
2021 11 06 00 30 42 23597.984  -688.861 39175.726  12.86  12.21   57  607.2 4152.43603 N 00119.94815 E 10 1 0 1
2021 11 06 00 30 43 23599.443  -689.672 39173.692  12.86  12.21   58  607.1 4152.43598 N 00119.94817 E 10 1 0 1
2021 11 06 00 30 44 23597.839  -688.692 39176.099  12.86  12.21   57  607.0 4152.43591 N 00119.94815 E 10 1 0 1
2021 11 06 00 30 45 23599.103  -689.418 39174.262  12.86  12.21   57  606.9 4152.43591 N 00119.94820 E 10 1 0 1
2021 11 06 00 30 46 23597.800  -688.707 39176.142  12.86  12.21   57  606.6 4152.43590 N 00119.94823 E 10 1 0 1
2021 11 06 00 30 47 23598.980  -689.430 39174.452  12.86  12.21   57  606.5 4152.43581 N 00119.94804 E 10 1 0 1
2021 11 06 00 30 48 23597.472  -688.530 39176.705  12.86  12.21   57  606.6 4152.43577 N 00119.94787 E 10 1 0 1
2021 11 06 00 30 49 23597.054  -688.441 39177.142  12.86  12.21   57  606.5 4152.43574 N 00119.94781 E 10 1 0 1
2021 11 06 00 30 50 23598.669  -689.627 39174.475  12.86  12.21   57  606.2 4152.43579 N 00119.94788 E 10 1 0 1
2021 11 06 00 30 51 23597.698  -689.008 39176.038  12.86  12.21   57  606.1 4152.43582 N 00119.94787 E 10 1 0 1
2021 11 06 00 30 52 23598.966  -689.674 39174.337  12.86  12.21   57  606.5 4152.43600 N 00119.94792 E 10 1 0 1
2021 11 06 00 30 53 23598.689  -689.470 39174.915  12.86  12.21   57  606.6 4152.43605 N 00119.94789 E 10 1 0 1
2021 11 06 00 30 54 23599.152  -689.684 39174.283  12.86  12.21   57  606.6 4152.43602 N 00119.94776 E 10 1 0 1
2021 11 06 00 30 55 23598.372  -688.719 39176.173  12.86  12.21   57  606.6 4152.43607 N 00119.94771 E 10 1 0 1
2021 11 06 00 30 56 23599.636  -689.314 39174.589  12.86  12.21   57  606.6 4152.43606 N 00119.94771 E 10 1 0 1
2021 11 06 00 30 57 23598.501  -688.679 39176.256  12.86  12.21   57  606.0 4152.43629 N 00119.94821 E 10 1 0 1
2021 11 06 00 30 58 23599.562  -689.316 39174.686  12.86  12.21   57  606.0 4152.43631 N 00119.94828 E 10 1 0 1
2021 11 06 00 30 59 23598.685  -688.490 39176.495  12.86  12.21   57  606.1 4152.43639 N 00119.94837 E 10 1 0 1
2021 11 06 00 31 00 23599.359  -689.697 39174.394  12.86  12.21   57  606.4 4152.43640 N 00119.94829 E 10 1 0 1
2021 11 06 00 31 01 23597.552  -689.553 39175.724  12.86  12.21   57  606.2 4152.43639 N 00119.94829 E 10 1 0 1
2021 11 06 00 31 02 23598.738  -690.585 39173.501  12.86  12.21   57  605.7 4152.43640 N 00119.94829 E 10 1 0 1
2021 11 06 00 31 03 23597.806  -690.284 39174.617  12.86  12.21   58  606.2 4152.43635 N 00119.94813 E 10 1 0 1
2021 11 06 00 31 04 23598.474  -690.690 39173.578  12.86  12.21   57  606.3 4152.43644 N 00119.94826 E 10 1 0 1
2021 11 06 00 31 05 23597.124  -689.873 39175.566  12.86  12.21   57  606.5 4152.43640 N 00119.94814 E 10 1 0 1
2021 11 06 00 31 06 23598.704  -690.699 39173.431  12.86  12.21   57  606.4 4152.43634 N 00119.94805 E 10 1 0 1
2021 11 06 00 31 07 23597.165  -689.951 39175.469  12.86  12.21   57  606.4 4152.43629 N 00119.94797 E 10 1 0 1
2021 11 06 00 31 08 23597.677  -690.418 39174.430  12.86  12.21   57  606.8 4152.43639 N 00119.94803 E 10 1 0 1
2021 11 06 00 31 09 23596.943  -689.845 39175.717  12.86  12.21   57  606.3 4152.43636 N 00119.94790 E 10 1 0 1
2021 11 06 00 31 10 23598.511  -690.751 39173.407  12.86  12.21   57  606.2 4152.43640 N 00119.94794 E 9 1 0 1
2021 11 06 00 31 11 23597.048  -689.767 39175.725  12.86  12.21   57  605.8 4152.43640 N 00119.94793 E 9 1 0 1
2021 11 06 00 31 12 23599.019  -690.479 39173.491  12.86  12.21   57  605.2 4152.43638 N 00119.94796 E 10 1 0 1
2021 11 06 00 31 13 23597.724  -690.093 39174.881  12.86  12.21   57  604.9 4152.43651 N 00119.94811 E 10 1 0 1
2021 11 06 00 31 14 23598.476  -690.897 39173.150  12.86  12.21   57  604.7 4152.43662 N 00119.94827 E 10 1 0 1
2021 11 06 00 31 15 23596.917  -689.869 39175.576  12.86  12.21   57  604.1 4152.43670 N 00119.94831 E 10 1 0 1
2021 11 06 00 31 16 23598.552  -690.629 39173.402  12.86  12.21   57  603.7 4152.43689 N 00119.94845 E 10 1 0 1
2021 11 06 00 31 17 23597.073  -689.959 39175.305  12.86  12.21   57  603.4 4152.43693 N 00119.94844 E 10 1 0 1
2021 11 06 00 31 18 23597.573  -690.400 39174.284  12.86  12.21   57  603.7 4152.43701 N 00119.94846 E 10 1 0 1
2021 11 06 00 31 19 23596.357  -689.850 39175.818  12.86  12.21   57  603.0 4152.43701 N 00119.94844 E 10 1 0 1
2021 11 06 00 31 20 23598.685  -691.180 39172.458  12.86  12.21   57  602.9 4152.43698 N 00119.94828 E 10 1 0 1
2021 11 06 00 31 21 23596.554  -690.084 39175.317  12.86  12.21   57  603.8 4152.43707 N 00119.94833 E 10 1 0 1
2021 11 06 00 31 22 23597.958  -690.844 39173.368  12.86  12.21   58  603.7 4152.43711 N 00119.94827 E 10 1 0 1
2021 11 06 00 31 23 23597.390  -690.450 39174.291  12.86  12.21   58  604.1 4152.43720 N 00119.94827 E 10 1 0 1
2021 11 06 00 31 24 23598.484  -690.763 39173.086  12.86  12.21   57  604.5 4152.43717 N 00119.94828 E 10 1 0 1
2021 11 06 00 31 25 23597.476  -689.603 39175.391  12.86  12.21   57  603.9 4152.43715 N 00119.94824 E 10 1 0 1
2021 11 06 00 31 26 23598.896  -690.295 39173.450  12.86  12.21   57  603.4 4152.43716 N 00119.94828 E 10 1 0 1
2021 11 06 00 31 27 23597.644  -689.355 39175.578  12.86  12.21   57  603.3 4152.43712 N 00119.94820 E 10 1 0 1
2021 11 06 00 31 28 23598.941  -689.943 39173.881  12.86  12.21   57  602.8 4152.43707 N 00119.94802 E 10 1 0 1
2021 11 06 00 31 29 23597.835  -689.288 39175.560  12.86  12.21   57  602.2 4152.43721 N 00119.94782 E 10 1 0 1
2021 11 06 00 31 30 23599.038  -690.070 39173.703  12.86  12.21   57  601.0 4152.43742 N 00119.94795 E 10 1 0 1
2021 11 06 00 31 31 23599.503  -690.290 39173.063  12.86  12.21   57  600.7 4152.43745 N 00119.94800 E 10 1 0 1
2021 11 06 00 31 32 23597.921  -689.461 39175.273  12.86  12.21   57  601.2 4152.43751 N 00119.94808 E 10 1 0 1
2021 11 06 00 31 33 23599.556  -690.298 39173.048  12.86  12.21   58  601.4 4152.43755 N 00119.94807 E 10 1 0 1
2021 11 06 00 31 34 23598.521  -689.321 39175.120  12.86  12.21   58  601.0 4152.43754 N 00119.94810 E 10 1 0 1
2021 11 06 00 31 35 23599.702  -689.614 39173.951  12.86  12.21   57  600.3 4152.43756 N 00119.94812 E 10 1 0 1
2021 11 06 00 31 36 23598.577  -689.033 39175.521  12.86  12.21   57  600.2 4152.43757 N 00119.94812 E 10 1 0 1
2021 11 06 00 31 37 23599.558  -689.878 39173.713  12.86  12.21   57  600.1 4152.43747 N 00119.94817 E 10 1 0 1
2021 11 06 00 31 38 23597.720  -688.902 39176.232  12.86  12.21   58  600.4 4152.43744 N 00119.94833 E 10 1 0 1
2021 11 06 00 31 39 23599.085  -690.063 39173.625  12.86  12.21   57  601.2 4152.43738 N 00119.94825 E 10 1 0 1
2021 11 06 00 31 40 23597.716  -689.500 39175.271  12.86  12.21   57  601.7 4152.43738 N 00119.94816 E 10 1 0 1
2021 11 06 00 31 41 23599.081  -690.120 39173.477  12.86  12.21   57  601.2 4152.43728 N 00119.94802 E 10 1 0 1
2021 11 06 00 31 42 23597.904  -689.381 39175.260  12.86  12.21   57  602.5 4152.43724 N 00119.94798 E 10 1 0 1
2021 11 06 00 31 43 23599.593  -690.491 39172.667  12.86  12.21   57  603.2 4152.43718 N 00119.94788 E 10 1 0 1
2021 11 06 00 31 44 23597.812  -689.634 39175.015  12.86  12.21   58  603.9 4152.43715 N 00119.94775 E 10 1 0 1
2021 11 06 00 31 45 23598.763  -690.495 39173.118  12.86  12.21   57  604.4 4152.43707 N 00119.94765 E 10 1 0 1
2021 11 06 00 31 46 23597.343  -689.873 39174.908  12.86  12.21   57  606.0 4152.43701 N 00119.94757 E 10 1 0 1
2021 11 06 00 31 47 23598.915  -690.293 39173.286  12.86  12.21   57  606.5 4152.43694 N 00119.94751 E 10 1 0 1
2021 11 06 00 31 48 23597.353  -689.531 39175.367  12.86  12.21   57  606.1 4152.43688 N 00119.94737 E 10 1 0 1
2021 11 06 00 31 49 23598.613  -690.115 39173.708  12.86  12.21   57  606.5 4152.43682 N 00119.94735 E 10 1 0 1
2021 11 06 00 31 50 23597.488  -689.407 39175.519  12.86  12.21   57  606.4 4152.43675 N 00119.94726 E 10 1 0 1
2021 11 06 00 31 51 23598.839  -690.398 39173.208  12.86  12.21   57  605.7 4152.43669 N 00119.94721 E 10 1 0 1
2021 11 06 00 31 52 23597.503  -689.524 39175.325  12.86  12.21   57  606.3 4152.43669 N 00119.94722 E 10 1 0 1
2021 11 06 00 31 53 23599.550  -690.799 39172.251  12.86  12.21   59  607.1 4152.43671 N 00119.94727 E 10 1 0 1
2021 11 06 00 31 54 23597.667  -689.662 39175.030  12.86  12.21   57  607.0 4152.43667 N 00119.94724 E 10 1 0 1
2021 11 06 00 31 55 23599.076  -690.277 39173.302  12.86  12.21   57  607.0 4152.43655 N 00119.94718 E 10 1 0 1
2021 11 06 00 31 56 23597.800  -689.303 39175.528  12.86  12.21   57  607.1 4152.43642 N 00119.94706 E 10 1 0 1
2021 11 06 00 31 57 23599.744  -689.799 39173.574  12.86  12.21   57  606.8 4152.43634 N 00119.94701 E 10 1 0 1
2021 11 06 00 31 58 23598.339  -688.745 39176.005  12.86  12.21   57  606.8 4152.43628 N 00119.94705 E 10 1 0 1
2021 11 06 00 31 59 23599.423  -689.912 39173.697  12.86  12.21   57  606.6 4152.43623 N 00119.94701 E 10 1 0 1
2021 11 06 00 32 00 23597.864  -689.228 39175.739  12.86  12.21   57  606.7 4152.43613 N 00119.94694 E 10 1 0 1
2021 11 06 00 32 01 23598.976  -690.489 39173.252  12.86  12.21   57  607.1 4152.43612 N 00119.94696 E 10 1 0 1
2021 11 06 00 32 02 23597.023  -690.043 39175.176  12.86  12.21   57  606.6 4152.43603 N 00119.94694 E 10 1 0 1
2021 11 06 00 32 03 23598.704  -691.416 39172.209  12.86  12.21   58  607.0 4152.43603 N 00119.94695 E 10 1 0 1
2021 11 06 00 32 04 23596.749  -690.835 39174.308  12.86  12.21   58  607.1 4152.43610 N 00119.94705 E 10 1 0 1
2021 11 06 00 32 05 23597.386  -691.163 39173.471  12.86  12.21   57  607.5 4152.43591 N 00119.94669 E 10 1 0 1
2021 11 06 00 32 06 23596.253  -691.162 39174.244  12.86  12.21   57  607.9 4152.43585 N 00119.94665 E 10 1 0 1
2021 11 06 00 32 07 23597.587  -691.941 39172.341  12.86  12.21   57  608.1 4152.43573 N 00119.94653 E 10 1 0 1
2021 11 06 00 32 08 23596.230  -691.023 39174.517  12.86  12.21   57  608.2 4152.43571 N 00119.94652 E 10 1 0 1
2021 11 06 00 32 09 23596.782  -691.098 39174.091  12.86  12.21   57  608.5 4152.43583 N 00119.94677 E 10 1 0 1
2021 11 06 00 32 10 23596.659  -690.858 39174.558  12.86  12.21   57  608.0 4152.43570 N 00119.94672 E 10 1 0 1
2021 11 06 00 32 11 23597.853  -691.445 39172.961  12.86  12.21   57  607.7 4152.43563 N 00119.94669 E 10 1 0 1
2021 11 06 00 32 12 23596.837  -690.820 39174.535  12.86  12.21   57  607.3 4152.43566 N 00119.94692 E 10 1 0 1
2021 11 06 00 32 13 23598.693  -691.782 39172.028  12.86  12.21   58  606.6 4152.43571 N 00119.94713 E 10 1 0 1
2021 11 06 00 32 14 23596.991  -690.701 39174.649  12.86  12.21   57  607.1 4152.43567 N 00119.94709 E 10 1 0 1
2021 11 06 00 32 15 23596.249  -690.257 39175.730  12.86  12.21   57  607.6 4152.43576 N 00119.94728 E 10 1 0 1
2021 11 06 00 32 16 23597.710  -691.128 39173.583  12.86  12.21   57  607.3 4152.43575 N 00119.94742 E 10 1 0 1
2021 11 06 00 32 17 23597.146  -690.759 39174.471  12.86  12.21   57  607.8 4152.43568 N 00119.94745 E 10 1 0 1
2021 11 06 00 32 18 23598.187  -691.210 39173.134  12.86  12.21   56  608.2 4152.43558 N 00119.94741 E 10 1 0 1
2021 11 06 00 32 19 23596.527  -690.030 39175.844  12.86  12.21   57  608.1 4152.43553 N 00119.94749 E 10 1 0 1
2021 11 06 00 32 20 23598.802  -691.084 39172.888  12.86  12.21   57  608.2 4152.43553 N 00119.94753 E 10 1 0 1
2021 11 06 00 32 21 23597.597  -690.213 39174.857  12.86  12.21   57  608.1 4152.43551 N 00119.94744 E 10 1 0 1
2021 11 06 00 32 22 23598.753  -690.840 39173.194  12.86  12.21   57  607.7 4152.43534 N 00119.94729 E 10 1 0 1
2021 11 06 00 32 23 23597.654  -690.210 39174.776  12.86  12.21   57  607.7 4152.43539 N 00119.94743 E 10 1 0 1
2021 11 06 00 32 24 23598.736  -690.821 39173.206  12.86  12.21   57  608.6 4152.43541 N 00119.94748 E 10 1 0 1
2021 11 06 00 32 25 23597.503  -690.179 39174.985  12.86  12.21   57  608.7 4152.43538 N 00119.94751 E 10 1 0 1
2021 11 06 00 32 26 23598.339  -691.473 39172.637  12.86  12.21   57  609.5 4152.43536 N 00119.94743 E 10 1 0 1
2021 11 06 00 32 27 23596.876  -690.814 39174.477  12.86  12.21   57  609.5 4152.43530 N 00119.94737 E 10 1 0 1
2021 11 06 00 32 28 23598.003  -691.584 39172.694  12.86  12.21   57  608.6 4152.43521 N 00119.94731 E 10 1 0 1
2021 11 06 00 32 29 23596.737  -690.864 39174.586  12.86  12.21   57  608.6 4152.43511 N 00119.94716 E 10 1 0 1
2021 11 06 00 32 30 23598.316  -691.543 39172.621  12.86  12.21   57  608.3 4152.43510 N 00119.94711 E 10 1 0 1
2021 11 06 00 32 31 23596.820  -690.669 39174.819  12.86  12.21   57  609.1 4152.43523 N 00119.94712 E 10 1 0 1
2021 11 06 00 32 32 23598.079  -691.625 39172.687  12.86  12.21   57  608.9 4152.43521 N 00119.94709 E 10 1 0 1
2021 11 06 00 32 33 23596.478  -691.159 39174.386  12.86  12.21   57  608.6 4152.43515 N 00119.94706 E 10 1 0 1
2021 11 06 00 32 34 23597.597  -692.265 39172.086  12.86  12.21   57  609.0 4152.43517 N 00119.94708 E 10 1 0 1
2021 11 06 00 32 35 23595.341  -690.839 39175.520  12.86  12.21   57  609.0 4152.43522 N 00119.94718 E 10 1 0 1
2021 11 06 00 32 36 23597.866  -692.199 39171.904  12.86  12.21   57  608.9 4152.43517 N 00119.94713 E 10 1 0 1
2021 11 06 00 32 37 23596.544  -690.972 39174.526  12.86  12.21   57  608.9 4152.43515 N 00119.94714 E 10 1 0 1
2021 11 06 00 32 38 23598.421  -691.832 39172.093  12.86  12.21   57  609.2 4152.43513 N 00119.94708 E 10 1 0 1
2021 11 06 00 32 39 23595.689  -690.300 39176.012  12.86  12.21   57  609.7 4152.43518 N 00119.94713 E 10 1 0 1
2021 11 06 00 32 40 23598.198  -691.875 39172.174  12.86  12.21   57  610.7 4152.43523 N 00119.94714 E 10 1 0 1
2021 11 06 00 32 41 23596.585  -691.000 39174.511  12.86  12.21   57  611.0 4152.43512 N 00119.94705 E 10 1 0 1
2021 11 06 00 32 42 23598.198  -692.009 39172.065  12.86  12.21   57  611.0 4152.43505 N 00119.94703 E 10 1 0 1
2021 11 06 00 32 43 23596.780  -691.132 39174.314  12.86  12.21   57  610.7 4152.43494 N 00119.94695 E 10 1 0 1
2021 11 06 00 32 44 23598.111  -691.835 39172.462  12.86  12.21   56  610.8 4152.43490 N 00119.94688 E 10 1 0 1
2021 11 06 00 32 45 23597.195  -690.715 39174.709  12.86  12.21   57  610.9 4152.43493 N 00119.94686 E 10 1 0 1
2021 11 06 00 32 46 23598.642  -691.610 39172.589  12.86  12.21   57  610.2 4152.43492 N 00119.94691 E 10 1 0 1
2021 11 06 00 32 47 23597.025  -690.972 39174.518  12.86  12.21   57  609.3 4152.43479 N 00119.94685 E 10 1 0 1
2021 11 06 00 32 48 23599.001  -691.428 39172.567  12.86  12.21   57  609.0 4152.43473 N 00119.94685 E 10 1 0 1
2021 11 06 00 32 49 23597.624  -689.938 39175.594  12.86  12.21   57  608.8 4152.43477 N 00119.94690 E 10 1 0 1
2021 11 06 00 32 50 23599.384  -691.041 39172.942  12.86  12.21   57  608.7 4152.43486 N 00119.94682 E 10 1 0 1
2021 11 06 00 32 51 23597.657  -690.654 39174.603  12.86  12.21   57  609.0 4152.43489 N 00119.94681 E 10 1 0 1
2021 11 06 00 32 52 23598.837  -691.540 39172.668  12.86  12.21   57  609.1 4152.43486 N 00119.94688 E 9 1 0 1
2021 11 06 00 32 53 23597.558  -691.019 39174.280  12.86  12.21   57  609.0 4152.43491 N 00119.94690 E 10 1 0 1
2021 11 06 00 32 54 23598.591  -691.757 39172.559  12.86  12.21   57  609.8 4152.43493 N 00119.94688 E 10 1 0 1
2021 11 06 00 32 55 23597.450  -690.888 39174.572  12.86  12.21   56  609.9 4152.43498 N 00119.94695 E 10 1 0 1
2021 11 06 00 32 56 23598.929  -691.527 39172.774  12.86  12.21   57  610.5 4152.43502 N 00119.94704 E 10 1 0 1
2021 11 06 00 32 57 23599.734  -691.528 39172.304  12.86  12.21   57  610.5 4152.43498 N 00119.94699 E 10 1 0 1
2021 11 06 00 32 58 23598.730  -690.308 39174.671  12.86  12.21   57  610.1 4152.43502 N 00119.94699 E 10 1 0 1
2021 11 06 00 32 59 23599.747  -690.878 39173.229  12.86  12.21   57  610.2 4152.43510 N 00119.94696 E 10 1 0 1
2021 11 06 00 33 00 23598.579  -690.399 39174.706  12.86  12.21   57  610.3 4152.43508 N 00119.94688 E 10 1 0 1
2021 11 06 00 33 01 23599.720  -691.165 39172.872  12.86  12.21   57  610.2 4152.43512 N 00119.94691 E 10 1 0 1
2021 11 06 00 33 02 23598.562  -690.556 39174.488  12.86  12.21   57  610.8 4152.43512 N 00119.94696 E 10 1 0 1
2021 11 06 00 33 03 23599.759  -691.364 39172.588  12.86  12.21   57  610.9 4152.43513 N 00119.94715 E 10 1 0 1
2021 11 06 00 33 04 23598.501  -690.592 39174.484  12.86  12.21   57  611.6 4152.43513 N 00119.94721 E 9 1 0 1
2021 11 06 00 33 05 23599.663  -691.316 39172.735  12.86  12.21   57  611.2 4152.43518 N 00119.94722 E 9 1 0 1
2021 11 06 00 33 06 23598.417  -690.627 39174.499  12.86  12.21   57  610.3 4152.43527 N 00119.94720 E 10 1 0 1
2021 11 06 00 33 07 23599.699  -691.531 39172.468  12.86  12.21   57  610.7 4152.43537 N 00119.94726 E 10 1 0 1
2021 11 06 00 33 08 23598.407  -690.876 39174.243  12.86  12.21   57  610.0 4152.43536 N 00119.94729 E 10 1 0 1
2021 11 06 00 33 09 23599.503  -691.628 39172.494  12.86  12.21   57  610.0 4152.43545 N 00119.94742 E 10 1 0 1
2021 11 06 00 33 10 23598.228  -690.899 39174.417  12.86  12.21   57  609.9 4152.43538 N 00119.94746 E 10 1 0 1
2021 11 06 00 33 11 23599.585  -691.779 39172.355  12.86  12.21   57  608.3 4152.43535 N 00119.94735 E 10 1 0 1
2021 11 06 00 33 12 23598.044  -690.912 39174.650  12.86  12.21   57  608.1 4152.43529 N 00119.94739 E 10 1 0 1
2021 11 06 00 33 13 23599.857  -691.871 39172.205  12.86  12.21   57  608.1 4152.43527 N 00119.94742 E 10 1 0 1
2021 11 06 00 33 14 23598.355  -690.940 39174.516  12.86  12.21   57  607.7 4152.43526 N 00119.94741 E 10 1 0 1
2021 11 06 00 33 15 23599.964  -691.716 39172.506  12.86  12.21   57  607.9 4152.43524 N 00119.94745 E 10 1 0 1
2021 11 06 00 33 16 23598.349  -690.968 39174.614  12.86  12.21   57  607.8 4152.43524 N 00119.94740 E 10 1 0 1
2021 11 06 00 33 17 23599.941  -691.955 39172.246  12.86  12.21   57  607.5 4152.43517 N 00119.94735 E 10 1 0 1
2021 11 06 00 33 18 23598.382  -691.052 39174.603  12.86  12.21   57  607.6 4152.43515 N 00119.94741 E 10 1 0 1
2021 11 06 00 33 19 23599.060  -691.459 39173.623  12.86  12.21   57  607.5 4152.43512 N 00119.94739 E 10 1 0 1
2021 11 06 00 33 20 23598.314  -691.003 39174.782  12.86  12.21   57  606.5 4152.43509 N 00119.94737 E 10 1 0 1
2021 11 06 00 33 21 23600.622  -692.290 39171.534  12.86  12.21   57  606.3 4152.43514 N 00119.94748 E 10 1 0 1
2021 11 06 00 33 22 23598.646  -691.046 39174.628  12.86  12.21   57  605.4 4152.43513 N 00119.94754 E 10 1 0 1
2021 11 06 00 33 23 23600.304  -691.934 39172.362  12.85  12.21   57  604.6 4152.43514 N 00119.94746 E 10 1 0 1
2021 11 06 00 33 24 23598.786  -690.914 39174.832  12.85  12.21   57  604.5 4152.43515 N 00119.94742 E 10 1 0 1
2021 11 06 00 33 25 23600.572  -691.779 39172.538  12.85  12.21   57  604.9 4152.43513 N 00119.94762 E 10 1 0 1
2021 11 06 00 33 26 23599.665  -691.143 39174.078  12.85  12.21   58  604.4 4152.43500 N 00119.94755 E 10 1 0 1
2021 11 06 00 33 27 23600.994  -691.851 39172.194  12.85  12.21   57  603.8 4152.43488 N 00119.94733 E 10 1 0 1
2021 11 06 00 33 28 23599.251  -690.896 39174.636  12.85  12.21   57  604.2 4152.43491 N 00119.94727 E 10 1 0 1
2021 11 06 00 33 29 23600.812  -691.769 39172.470  12.85  12.21   57  605.2 4152.43490 N 00119.94725 E 10 1 0 1
2021 11 06 00 33 30 23599.365  -690.886 39174.664  12.85  12.21   57  605.9 4152.43492 N 00119.94728 E 10 1 0 1
2021 11 06 00 33 31 23600.876  -691.576 39172.785  12.85  12.21   57  605.7 4152.43497 N 00119.94728 E 10 1 0 1
2021 11 06 00 33 32 23599.788  -690.766 39174.655  12.85  12.21   57  605.5 4152.43496 N 00119.94729 E 10 1 0 1
2021 11 06 00 33 33 23601.697  -691.832 39172.024  12.85  12.21   58  604.8 4152.43498 N 00119.94716 E 10 1 0 1
2021 11 06 00 33 34 23600.089  -691.105 39174.175  12.85  12.21   57  605.0 4152.43498 N 00119.94711 E 10 1 0 1
2021 11 06 00 33 35 23600.923  -691.759 39172.728  12.85  12.21   57  605.8 4152.43500 N 00119.94710 E 10 1 0 1
2021 11 06 00 33 36 23599.411  -691.191 39174.596  12.85  12.21   57  605.2 4152.43506 N 00119.94694 E 10 1 0 1
2021 11 06 00 33 37 23600.546  -692.195 39172.517  12.85  12.21   57  605.3 4152.43513 N 00119.94689 E 10 1 0 1
2021 11 06 00 33 38 23599.101  -691.897 39173.993  12.85  12.21   57  606.3 4152.43527 N 00119.94694 E 10 1 0 1
2021 11 06 00 33 39 23599.984  -692.762 39172.197  12.85  12.21   57  607.3 4152.43543 N 00119.94698 E 10 1 0 1
2021 11 06 00 33 40 23600.314  -692.895 39171.934  12.85  12.21   57  607.4 4152.43548 N 00119.94699 E 10 1 0 1
2021 11 06 00 33 41 23599.773  -691.485 39174.316  12.85  12.21   57  607.9 4152.43553 N 00119.94703 E 10 1 0 1
2021 11 06 00 33 42 23601.015  -692.078 39172.754  12.85  12.21   57  606.8 4152.43554 N 00119.94687 E 10 1 0 1
2021 11 06 00 33 43 23600.234  -692.057 39173.385  12.85  12.21   58  606.9 4152.43552 N 00119.94690 E 10 1 0 1
2021 11 06 00 33 44 23601.234  -692.233 39172.550  12.85  12.21   58  607.8 4152.43559 N 00119.94699 E 10 1 0 1
2021 11 06 00 33 45 23600.228  -691.165 39174.707  12.85  12.21   57  607.9 4152.43565 N 00119.94702 E 9 1 0 1
2021 11 06 00 33 46 23601.550  -691.792 39173.077  12.85  12.21   57  607.8 4152.43578 N 00119.94699 E 10 1 0 1
2021 11 06 00 33 47 23600.851  -690.767 39175.053  12.85  12.21   57  607.3 4152.43579 N 00119.94695 E 10 1 0 1
2021 11 06 00 33 48 23601.988  -691.629 39173.114  12.85  12.21   57  608.1 4152.43579 N 00119.94713 E 10 1 0 1
2021 11 06 00 33 49 23600.484  -691.105 39174.799  12.85  12.21   57  609.2 4152.43579 N 00119.94733 E 10 1 0 1
2021 11 06 00 33 50 23601.589  -691.668 39173.334  12.85  12.21   57  609.6 4152.43590 N 00119.94741 E 10 1 0 1
2021 11 06 00 33 51 23600.396  -691.351 39174.565  12.85  12.21   57  609.1 4152.43598 N 00119.94737 E 10 1 0 1
2021 11 06 00 33 52 23601.007  -692.025 39173.203  12.85  12.21   57  608.8 4152.43603 N 00119.94749 E 10 1 0 1
2021 11 06 00 33 53 23600.206  -692.012 39173.803  12.85  12.21   58  608.9 4152.43597 N 00119.94763 E 10 1 0 1
2021 11 06 00 33 54 23601.632  -692.940 39171.616  12.85  12.21   58  608.9 4152.43611 N 00119.94779 E 10 1 0 1
2021 11 06 00 33 55 23599.857  -691.826 39174.268  12.85  12.21   57  608.5 4152.43614 N 00119.94786 E 10 1 0 1
2021 11 06 00 33 56 23601.064  -692.224 39173.029  12.85  12.21   57  607.8 4152.43610 N 00119.94782 E 10 1 0 1
2021 11 06 00 33 57 23599.849  -691.932 39174.257  12.85  12.21   57  608.4 4152.43612 N 00119.94792 E 10 1 0 1
2021 11 06 00 33 58 23601.300  -692.800 39172.101  12.85  12.21   57  608.0 4152.43616 N 00119.94788 E 10 1 0 1
2021 11 06 00 33 59 23599.755  -691.975 39174.354  12.85  12.21   57  608.4 4152.43615 N 00119.94796 E 10 1 0 1
2021 11 06 00 34 00 23601.345  -692.866 39172.141  12.85  12.21   57  607.6 4152.43622 N 00119.94799 E 10 1 0 1
2021 11 06 00 34 01 23599.810  -691.963 39174.475  12.85  12.21   57  607.8 4152.43619 N 00119.94800 E 10 1 0 1
2021 11 06 00 34 02 23600.714  -693.097 39172.349  12.85  12.21   57  608.6 4152.43609 N 00119.94812 E 10 1 0 1
2021 11 06 00 34 03 23600.181  -692.344 39173.883  12.85  12.21   58  608.6 4152.43610 N 00119.94813 E 10 1 0 1
2021 11 06 00 34 04 23601.874  -693.094 39171.779  12.85  12.21   57  608.8 4152.43601 N 00119.94822 E 10 1 0 1
2021 11 06 00 34 05 23600.490  -691.487 39175.016  12.85  12.21   57  609.5 4152.43599 N 00119.94848 E 10 1 0 1
2021 11 06 00 34 06 23602.072  -692.525 39172.621  12.85  12.21   57  609.1 4152.43590 N 00119.94849 E 9 1 0 1
2021 11 06 00 34 07 23600.277  -691.910 39174.775  12.85  12.21   57  610.0 4152.43595 N 00119.94858 E 10 1 0 1
2021 11 06 00 34 08 23601.638  -693.082 39172.348  12.85  12.21   57  610.2 4152.43583 N 00119.94856 E 10 1 0 1
2021 11 06 00 34 09 23599.206  -692.877 39174.215  12.85  12.21   57  609.6 4152.43591 N 00119.94848 E 9 1 0 1
2021 11 06 00 34 10 23600.275  -694.197 39171.740  12.85  12.21   57  609.2 4152.43586 N 00119.94845 E 10 1 0 1
2021 11 06 00 34 11 23598.663  -693.511 39173.821  12.85  12.21   57  609.4 4152.43583 N 00119.94858 E 10 1 0 1
2021 11 06 00 34 12 23599.939  -694.596 39171.462  12.85  12.21   57  609.6 4152.43581 N 00119.94860 E 10 1 0 1
2021 11 06 00 34 13 23598.706  -694.383 39172.671  12.85  12.21   58  609.5 4152.43575 N 00119.94849 E 10 1 0 1
2021 11 06 00 34 14 23599.818  -694.684 39171.560  12.85  12.21   58  610.2 4152.43579 N 00119.94871 E 10 1 0 1
2021 11 06 00 34 15 23598.825  -693.702 39173.624  12.85  12.21   57  609.9 4152.43582 N 00119.94866 E 10 1 0 1
2021 11 06 00 34 16 23599.902  -694.589 39171.689  12.85  12.21   57  611.2 4152.43575 N 00119.94884 E 10 1 0 1
2021 11 06 00 34 17 23599.267  -693.365 39173.930  12.85  12.21   57  610.9 4152.43570 N 00119.94882 E 10 1 0 1
2021 11 06 00 34 18 23600.613  -694.125 39171.988  12.85  12.21   57  610.6 4152.43572 N 00119.94878 E 10 1 0 1
2021 11 06 00 34 19 23599.521  -693.321 39173.857  12.85  12.21   57  610.3 4152.43577 N 00119.94883 E 10 1 0 1
2021 11 06 00 34 20 23600.206  -693.044 39173.821  12.85  12.21   57  610.3 4152.43578 N 00119.94886 E 10 1 0 1
2021 11 06 00 34 21 23599.974  -692.969 39174.178  12.85  12.21   57  611.1 4152.43564 N 00119.94885 E 10 1 0 1
2021 11 06 00 34 22 23600.872  -693.748 39172.472  12.85  12.21   57  611.1 4152.43552 N 00119.94880 E 10 1 0 1
2021 11 06 00 34 23 23601.699  -693.914 39171.787  12.85  12.21   58  611.1 4152.43548 N 00119.94893 E 10 1 0 1
2021 11 06 00 34 24 23600.378  -692.753 39174.293  12.85  12.21   56  610.8 4152.43549 N 00119.94895 E 10 1 0 1
2021 11 06 00 34 25 23601.214  -693.205 39173.088  12.85  12.21   57  610.5 4152.43542 N 00119.94903 E 10 1 0 1
2021 11 06 00 34 26 23600.152  -692.983 39174.059  12.85  12.21   56  610.9 4152.43520 N 00119.94882 E 10 1 0 1
2021 11 06 00 34 27 23600.779  -693.655 39172.697  12.85  12.21   57  611.2 4152.43518 N 00119.94899 E 10 1 0 1
2021 11 06 00 34 28 23600.300  -693.101 39173.858  12.85  12.21   57  611.0 4152.43515 N 00119.94900 E 10 1 0 1
2021 11 06 00 34 29 23601.431  -693.706 39172.307  12.85  12.21   57  610.9 4152.43510 N 00119.94900 E 10 1 0 1
2021 11 06 00 34 30 23600.146  -693.114 39173.978  12.85  12.21   57  611.1 4152.43498 N 00119.94886 E 10 1 0 1
2021 11 06 00 34 31 23601.390  -693.762 39172.280  12.85  12.21   57  611.0 4152.43490 N 00119.94890 E 10 1 0 1
2021 11 06 00 34 32 23600.162  -693.029 39174.161  12.85  12.21   57  610.8 4152.43484 N 00119.94913 E 10 1 0 1
2021 11 06 00 34 33 23601.392  -693.734 39172.460  12.85  12.21   57  609.9 4152.43467 N 00119.94906 E 10 1 0 1
2021 11 06 00 34 34 23600.160  -692.986 39174.371  12.85  12.21   57  609.2 4152.43462 N 00119.94909 E 10 1 0 1
2021 11 06 00 34 35 23601.562  -693.789 39172.395  12.85  12.21   57  608.3 4152.43462 N 00119.94912 E 10 1 0 1
2021 11 06 00 34 36 23600.244  -693.012 39174.407  12.85  12.21   57  608.2 4152.43448 N 00119.94906 E 10 1 0 1
2021 11 06 00 34 37 23601.296  -693.576 39172.977  12.85  12.21   57  608.8 4152.43446 N 00119.94912 E 9 1 0 1
2021 11 06 00 34 38 23600.404  -692.893 39174.529  12.85  12.21   57  608.8 4152.43440 N 00119.94912 E 9 1 0 1
2021 11 06 00 34 39 23601.542  -693.545 39172.924  12.85  12.21   57  609.3 4152.43435 N 00119.94900 E 10 1 0 1
2021 11 06 00 34 40 23600.398  -692.798 39174.770  12.85  12.21   57  608.9 4152.43435 N 00119.94891 E 10 1 0 1
2021 11 06 00 34 41 23601.859  -693.754 39172.471  12.85  12.21   57  608.9 4152.43436 N 00119.94887 E 10 1 0 1
2021 11 06 00 34 42 23600.265  -693.037 39174.470  12.85  12.21   57  608.5 4152.43437 N 00119.94882 E 10 1 0 1
2021 11 06 00 34 43 23601.617  -693.750 39172.629  12.85  12.21   57  608.1 4152.43431 N 00119.94883 E 10 1 0 1
2021 11 06 00 34 44 23600.574  -692.801 39174.639  12.85  12.21   57  608.4 4152.43433 N 00119.94893 E 10 1 0 1
2021 11 06 00 34 45 23602.246  -693.519 39172.562  12.85  12.21   57  607.7 4152.43444 N 00119.94892 E 10 1 0 1
2021 11 06 00 34 46 23600.646  -692.533 39175.016  12.85  12.21   57  607.6 4152.43442 N 00119.94875 E 9 1 0 1
2021 11 06 00 34 47 23602.289  -693.435 39172.722  12.85  12.21   57  607.8 4152.43439 N 00119.94876 E 10 1 0 1
2021 11 06 00 34 48 23600.931  -692.547 39174.843  12.85  12.21   57  608.0 4152.43431 N 00119.94884 E 10 1 0 1
2021 11 06 00 34 49 23602.523  -693.460 39172.552  12.85  12.21   57  608.3 4152.43425 N 00119.94887 E 9 1 0 1
2021 11 06 00 34 50 23601.023  -691.919 39175.746  12.85  12.21   57  608.2 4152.43429 N 00119.94899 E 10 1 0 1
2021 11 06 00 34 51 23602.771  -692.577 39173.689  12.85  12.21   57  607.8 4152.43430 N 00119.94895 E 10 1 0 1
2021 11 06 00 34 52 23602.214  -691.429 39175.689  12.85  12.21   57  607.6 4152.43427 N 00119.94899 E 10 1 0 1
2021 11 06 00 34 53 23604.248  -692.027 39173.559  12.85  12.21   57  607.6 4152.43429 N 00119.94905 E 10 1 0 1
2021 11 06 00 34 54 23602.812  -691.137 39175.777  12.85  12.21   57  607.6 4152.43436 N 00119.94908 E 10 1 0 1
2021 11 06 00 34 55 23603.902  -691.550 39174.534  12.85  12.21   57  606.9 4152.43437 N 00119.94896 E 10 1 0 1
2021 11 06 00 34 56 23602.435  -691.311 39175.819  12.85  12.21   57  606.4 4152.43438 N 00119.94891 E 10 1 0 1
2021 11 06 00 34 57 23603.929  -691.874 39174.115  12.85  12.21   57  606.0 4152.43447 N 00119.94896 E 10 1 0 1
2021 11 06 00 34 58 23603.009  -690.834 39176.206  12.85  12.21   57  605.7 4152.43455 N 00119.94894 E 10 1 0 1
2021 11 06 00 34 59 23604.668  -691.441 39174.445  12.85  12.21   57  605.6 4152.43460 N 00119.94892 E 10 1 0 1
2021 11 06 00 35 00 23602.734  -691.222 39176.055  12.85  12.21   57  606.1 4152.43454 N 00119.94887 E 10 1 0 1
2021 11 06 00 35 01 23603.656  -692.171 39174.161  12.85  12.21   57  606.0 4152.43456 N 00119.94878 E 10 1 0 1
2021 11 06 00 35 02 23602.394  -691.696 39175.684  12.85  12.21   57  605.8 4152.43467 N 00119.94879 E 10 1 0 1
2021 11 06 00 35 03 23603.742  -692.469 39173.742  12.85  12.21   57  606.0 4152.43467 N 00119.94877 E 10 1 0 1
2021 11 06 00 35 04 23602.343  -691.620 39175.879  12.85  12.21   57  606.1 4152.43461 N 00119.94871 E 9 1 0 1
2021 11 06 00 35 05 23603.787  -692.093 39174.338  12.85  12.21   56  606.9 4152.43467 N 00119.94876 E 9 1 0 1
2021 11 06 00 35 06 23604.484  -692.292 39173.637  12.85  12.21   57  606.9 4152.43468 N 00119.94880 E 10 1 0 1
2021 11 06 00 35 07 23602.900  -691.465 39175.882  12.85  12.21   57  606.9 4152.43461 N 00119.94886 E 10 1 0 1
2021 11 06 00 35 08 23603.953  -692.141 39174.296  12.85  12.21   57  606.8 4152.43460 N 00119.94894 E 10 1 0 1
2021 11 06 00 35 09 23602.998  -691.433 39175.949  12.85  12.21   57  606.6 4152.43469 N 00119.94897 E 10 1 0 1
2021 11 06 00 35 10 23604.418  -691.724 39174.594  12.85  12.21   57  606.4 4152.43474 N 00119.94904 E 10 1 0 1
2021 11 06 00 35 11 23603.502  -691.053 39176.219  12.85  12.21   57  605.8 4152.43475 N 00119.94914 E 10 1 0 1
2021 11 06 00 35 12 23603.765  -691.793 39175.050  12.85  12.21   57  605.3 4152.43469 N 00119.94899 E 10 1 0 1
2021 11 06 00 35 13 23603.203  -691.399 39176.020  12.85  12.21   57  604.8 4152.43470 N 00119.94893 E 10 1 0 1
2021 11 06 00 35 14 23604.248  -692.029 39174.466  12.85  12.21   57  605.0 4152.43474 N 00119.94881 E 10 1 0 1
2021 11 06 00 35 15 23603.398  -691.047 39176.476  12.85  12.21   57  604.4 4152.43490 N 00119.94866 E 10 1 0 1
2021 11 06 00 35 16 23604.564  -691.797 39174.670  12.85  12.21   57  604.0 4152.43508 N 00119.94864 E 10 1 0 1
2021 11 06 00 35 17 23603.851  -690.719 39176.739  12.85  12.21   57  604.0 4152.43514 N 00119.94867 E 10 1 0 1
2021 11 06 00 35 18 23604.986  -691.182 39175.372  12.85  12.21   57  604.0 4152.43527 N 00119.94877 E 10 1 0 1
2021 11 06 00 35 19 23603.904  -690.710 39176.802  12.85  12.21   57  603.8 4152.43536 N 00119.94876 E 10 1 0 1
2021 11 06 00 35 20 23604.097  -690.687 39176.760  12.85  12.21   57  604.0 4152.43541 N 00119.94870 E 10 1 0 1
2021 11 06 00 35 21 23603.222  -690.464 39177.612  12.85  12.21   57  602.5 4152.43549 N 00119.94868 E 10 1 0 1
2021 11 06 00 35 22 23605.590  -691.997 39173.991  12.85  12.21   57  601.9 4152.43555 N 00119.94871 E 10 1 0 1
2021 11 06 00 35 23 23603.607  -690.996 39176.712  12.85  12.21   58  601.6 4152.43563 N 00119.94870 E 10 1 0 1
2021 11 06 00 35 24 23605.019  -691.623 39174.957  12.85  12.21   57  601.5 4152.43564 N 00119.94861 E 10 1 0 1
2021 11 06 00 35 25 23603.457  -691.069 39176.743  12.85  12.21   57  601.5 4152.43565 N 00119.94853 E 10 1 0 1
2021 11 06 00 35 26 23604.845  -691.839 39174.778  12.85  12.21   57  601.4 4152.43560 N 00119.94851 E 10 1 0 1
2021 11 06 00 35 27 23603.277  -691.089 39176.874  12.85  12.21   57  601.0 4152.43562 N 00119.94851 E 10 1 0 1
2021 11 06 00 35 28 23604.746  -692.059 39174.536  12.85  12.21   57  600.9 4152.43556 N 00119.94852 E 10 1 0 1
2021 11 06 00 35 29 23603.425  -691.285 39176.544  12.85  12.21   57  601.5 4152.43552 N 00119.94862 E 10 1 0 1
2021 11 06 00 35 30 23604.548  -691.958 39174.835  12.85  12.21   57  601.6 4152.43551 N 00119.94863 E 10 1 0 1
2021 11 06 00 35 31 23603.345  -691.027 39176.945  12.85  12.21   57  601.6 4152.43554 N 00119.94865 E 10 1 0 1
2021 11 06 00 35 32 23604.765  -692.136 39174.478  12.85  12.21   57  602.1 4152.43557 N 00119.94861 E 10 1 0 1
2021 11 06 00 35 33 23603.015  -691.401 39176.644  12.85  12.21   57  602.7 4152.43567 N 00119.94875 E 9 1 0 1
2021 11 06 00 35 34 23604.107  -692.171 39174.809  12.85  12.21   57  602.7 4152.43577 N 00119.94875 E 9 1 0 1
2021 11 06 00 35 35 23602.998  -691.457 39176.480  12.85  12.21   57  602.7 4152.43587 N 00119.94882 E 9 1 0 1
2021 11 06 00 35 36 23604.367  -692.188 39174.530  12.85  12.21   57  602.4 4152.43607 N 00119.94898 E 9 1 0 1
2021 11 06 00 35 37 23602.832  -691.476 39176.514  12.85  12.21   57  602.8 4152.43612 N 00119.94900 E 10 1 0 1
2021 11 06 00 35 38 23604.045  -692.408 39174.428  12.85  12.21   57  602.8 4152.43622 N 00119.94907 E 10 1 0 1
2021 11 06 00 35 39 23602.746  -691.763 39176.218  12.85  12.21   57  603.5 4152.43618 N 00119.94877 E 10 1 0 1
2021 11 06 00 35 40 23603.845  -692.511 39174.509  12.85  12.21   57  603.7 4152.43612 N 00119.94863 E 10 1 0 1
2021 11 06 00 35 41 23602.794  -691.774 39176.297  12.85  12.21   57  604.0 4152.43615 N 00119.94855 E 10 1 0 1
2021 11 06 00 35 42 23603.892  -692.192 39175.077  12.85  12.21   57  604.2 4152.43617 N 00119.94846 E 10 1 0 1
2021 11 06 00 35 43 23602.900  -691.718 39176.415  12.85  12.21   57  604.5 4152.43613 N 00119.94844 E 10 1 0 1
2021 11 06 00 35 44 23604.058  -692.452 39174.709  12.85  12.21   56  604.9 4152.43610 N 00119.94838 E 10 1 0 1
2021 11 06 00 35 45 23602.824  -691.692 39176.652  12.85  12.21   57  604.5 4152.43611 N 00119.94838 E 10 1 0 1
2021 11 06 00 35 46 23603.330  -692.529 39175.236  12.85  12.21   56  604.7 4152.43607 N 00119.94836 E 10 1 0 1
2021 11 06 00 35 47 23602.009  -692.534 39176.128  12.85  12.21   57  605.1 4152.43611 N 00119.94839 E 9 1 0 1
2021 11 06 00 35 48 23601.398  -692.431 39176.678  12.85  12.21   57  605.8 4152.43618 N 00119.94838 E 10 1 0 1
2021 11 06 00 35 49 23603.033  -693.222 39174.578  12.85  12.21   57  606.1 4152.43611 N 00119.94828 E 10 1 0 1
2021 11 06 00 35 50 23601.755  -692.824 39176.011  12.85  12.21   57  605.9 4152.43608 N 00119.94837 E 10 1 0 1
2021 11 06 00 35 51 23602.119  -693.450 39174.881  12.85  12.21   57  606.2 4152.43602 N 00119.94834 E 10 1 0 1
2021 11 06 00 35 52 23601.484  -693.205 39175.625  12.85  12.21   57  606.5 4152.43598 N 00119.94833 E 10 1 0 1
2021 11 06 00 35 53 23602.611  -693.779 39174.168  12.85  12.21   57  607.0 4152.43594 N 00119.94831 E 10 1 0 1
2021 11 06 00 35 54 23601.308  -693.268 39175.718  12.85  12.21   57  606.6 4152.43592 N 00119.94834 E 10 1 0 1
2021 11 06 00 35 55 23602.605  -693.889 39174.013  12.85  12.21   57  606.5 4152.43596 N 00119.94844 E 10 1 0 1
2021 11 06 00 35 56 23601.363  -693.274 39175.660  12.85  12.21   57  606.3 4152.43597 N 00119.94839 E 9 1 0 1
2021 11 06 00 35 57 23602.421  -693.749 39174.268  12.85  12.21   57  606.2 4152.43600 N 00119.94843 E 10 1 0 1
2021 11 06 00 35 58 23601.287  -693.221 39175.709  12.85  12.21   57  606.4 4152.43604 N 00119.94845 E 10 1 0 1
2021 11 06 00 35 59 23602.031  -693.936 39174.216  12.85  12.21   57  606.2 4152.43596 N 00119.94844 E 10 1 0 1
2021 11 06 00 36 00 23601.193  -693.340 39175.674  12.85  12.21   57  606.3 4152.43592 N 00119.94849 E 10 1 0 1
2021 11 06 00 36 01 23602.414  -694.037 39173.833  12.85  12.21   57  606.6 4152.43584 N 00119.94849 E 10 1 0 1
2021 11 06 00 36 02 23600.984  -693.224 39175.848  12.85  12.21   57  606.6 4152.43587 N 00119.94864 E 10 1 0 1
2021 11 06 00 36 03 23602.173  -693.991 39174.006  12.85  12.21   57  606.0 4152.43582 N 00119.94869 E 10 1 0 1
2021 11 06 00 36 04 23601.111  -693.389 39175.561  12.85  12.21   57  605.3 4152.43579 N 00119.94876 E 10 1 0 1
2021 11 06 00 36 05 23602.384  -694.142 39173.634  12.85  12.21   57  605.5 4152.43569 N 00119.94863 E 10 1 0 1
2021 11 06 00 36 06 23600.855  -693.348 39175.730  12.85  12.21   57  606.6 4152.43566 N 00119.94864 E 10 1 0 1
2021 11 06 00 36 07 23602.318  -694.258 39173.454  12.85  12.21   57  607.5 4152.43564 N 00119.94870 E 10 1 0 1
2021 11 06 00 36 08 23600.849  -693.385 39175.625  12.85  12.21   57  607.9 4152.43577 N 00119.94895 E 10 1 0 1
2021 11 06 00 36 09 23602.355  -694.243 39173.431  12.85  12.21   57  608.5 4152.43579 N 00119.94904 E 10 1 0 1
2021 11 06 00 36 10 23600.968  -693.424 39175.529  12.85  12.21   57  608.4 4152.43571 N 00119.94900 E 10 1 0 1
2021 11 06 00 36 11 23602.134  -694.039 39173.842  12.85  12.21   57  608.7 4152.43573 N 00119.94906 E 10 1 0 1
2021 11 06 00 36 12 23600.726  -693.446 39175.593  12.85  12.21   57  608.9 4152.43569 N 00119.94899 E 10 1 0 1
2021 11 06 00 36 13 23602.447  -694.438 39173.078  12.85  12.21   58  608.9 4152.43578 N 00119.94920 E 10 1 0 1
2021 11 06 00 36 14 23600.894  -693.420 39175.591  12.85  12.21   57  608.8 4152.43577 N 00119.94913 E 10 1 0 1
2021 11 06 00 36 15 23602.230  -694.085 39173.796  12.85  12.21   57  609.2 4152.43581 N 00119.94921 E 10 1 0 1
2021 11 06 00 36 16 23600.953  -693.275 39175.770  12.85  12.21   57  609.5 4152.43587 N 00119.94942 E 10 1 0 1
2021 11 06 00 36 17 23602.339  -694.051 39173.801  12.85  12.21   57  610.4 4152.43592 N 00119.94953 E 10 1 0 1
2021 11 06 00 36 18 23600.869  -693.257 39175.914  12.85  12.21   57  609.6 4152.43591 N 00119.94955 E 10 1 0 1
2021 11 06 00 36 19 23602.285  -694.119 39173.820  12.85  12.21   57  609.9 4152.43594 N 00119.94967 E 10 1 0 1
2021 11 06 00 36 20 23601.013  -693.401 39175.720  12.85  12.21   57  609.8 4152.43608 N 00119.94995 E 10 1 0 1
2021 11 06 00 36 21 23601.242  -693.681 39175.224  12.85  12.21   57  610.1 4152.43606 N 00119.94991 E 10 1 0 1
2021 11 06 00 36 22 23599.587  -692.759 39177.623  12.85  12.21   57  610.0 4152.43600 N 00119.94977 E 9 1 0 1
2021 11 06 00 36 23 23602.292  -694.260 39173.763  12.85  12.21   57  609.9 4152.43582 N 00119.94955 E 10 1 0 1
2021 11 06 00 36 24 23600.857  -693.293 39176.082  12.85  12.21   57  610.1 4152.43575 N 00119.94950 E 10 1 0 1
2021 11 06 00 36 25 23602.433  -693.968 39174.106  12.85  12.21   57  609.9 4152.43577 N 00119.94965 E 10 1 0 1
2021 11 06 00 36 26 23601.290  -693.108 39176.103  12.85  12.21   57  610.4 4152.43575 N 00119.94962 E 10 1 0 1
2021 11 06 00 36 27 23602.199  -693.516 39174.917  12.85  12.21   57  610.5 4152.43569 N 00119.94956 E 10 1 0 1
2021 11 06 00 36 28 23601.400  -692.995 39176.185  12.85  12.21   57  610.4 4152.43568 N 00119.94960 E 10 1 0 1
2021 11 06 00 36 29 23602.365  -693.555 39174.782  12.85  12.21   57  610.2 4152.43567 N 00119.94970 E 10 1 0 1
2021 11 06 00 36 30 23601.222  -692.933 39176.398  12.85  12.21   57  609.9 4152.43575 N 00119.94993 E 10 1 0 1
2021 11 06 00 36 31 23600.601  -692.545 39177.329  12.85  12.21   57  609.6 4152.43574 N 00119.94996 E 10 1 0 1
2021 11 06 00 36 32 23602.119  -693.260 39175.364  12.85  12.21   57  609.7 4152.43574 N 00119.94993 E 10 1 0 1
2021 11 06 00 36 33 23601.525  -692.807 39176.392  12.85  12.21   57  610.3 4152.43573 N 00119.94989 E 10 1 0 1
2021 11 06 00 36 34 23602.687  -693.391 39174.834  12.85  12.21   57  610.0 4152.43575 N 00119.94992 E 10 1 0 1
2021 11 06 00 36 35 23601.621  -692.638 39176.575  12.85  12.21   57  610.2 4152.43578 N 00119.95000 E 10 1 0 1
2021 11 06 00 36 36 23602.804  -693.242 39174.947  12.85  12.21   57  611.0 4152.43575 N 00119.94999 E 10 1 0 1
2021 11 06 00 36 37 23601.697  -692.508 39176.696  12.85  12.21   57  611.7 4152.43577 N 00119.95003 E 10 1 0 1
2021 11 06 00 36 38 23602.834  -693.158 39175.037  12.85  12.21   57  612.1 4152.43581 N 00119.95006 E 10 1 0 1
2021 11 06 00 36 39 23601.734  -692.511 39176.677  12.85  12.21   57  612.0 4152.43577 N 00119.94994 E 10 1 0 1
2021 11 06 00 36 40 23602.765  -693.055 39175.223  12.85  12.21   57  611.9 4152.43580 N 00119.94996 E 10 1 0 1
2021 11 06 00 36 41 23601.658  -692.417 39176.836  12.85  12.21   57  611.7 4152.43582 N 00119.94994 E 10 1 0 1
2021 11 06 00 36 42 23602.902  -693.166 39175.014  12.85  12.21   57  611.2 4152.43585 N 00119.94991 E 10 1 0 1
2021 11 06 00 36 43 23601.730  -692.483 39176.751  12.85  12.21   57  611.0 4152.43579 N 00119.94989 E 10 1 0 1
2021 11 06 00 36 44 23602.802  -693.108 39175.099  12.85  12.21   57  610.9 4152.43579 N 00119.94991 E 10 1 0 1
2021 11 06 00 36 45 23601.566  -692.331 39176.952  12.85  12.21   57  610.6 4152.43582 N 00119.94993 E 10 1 0 1
2021 11 06 00 36 46 23602.642  -692.943 39175.440  12.85  12.21   57  610.5 4152.43587 N 00119.94992 E 10 1 0 1
2021 11 06 00 36 47 23601.314  -692.282 39177.215  12.85  12.21   57  610.3 4152.43587 N 00119.94993 E 10 1 0 1
2021 11 06 00 36 48 23602.685  -693.198 39174.993  12.85  12.21   57  610.1 4152.43584 N 00119.94984 E 10 1 0 1
2021 11 06 00 36 49 23601.193  -692.358 39177.125  12.85  12.21   57  610.1 4152.43572 N 00119.94977 E 10 1 0 1
2021 11 06 00 36 50 23602.334  -693.038 39175.435  12.85  12.21   57  609.8 4152.43567 N 00119.94975 E 10 1 0 1
2021 11 06 00 36 51 23600.730  -692.151 39177.702  12.85  12.21   57  609.7 4152.43561 N 00119.94953 E 10 1 0 1
2021 11 06 00 36 52 23601.671  -692.696 39176.318  12.85  12.21   57  608.8 4152.43566 N 00119.94962 E 10 1 0 1
2021 11 06 00 36 53 23601.242  -692.388 39177.024  12.85  12.21   57  608.3 4152.43567 N 00119.94968 E 10 1 0 1
2021 11 06 00 36 54 23602.675  -693.133 39174.985  12.85  12.21   57  607.9 4152.43573 N 00119.94983 E 10 1 0 1
2021 11 06 00 36 55 23601.234  -692.248 39177.156  12.85  12.21   57  607.5 4152.43569 N 00119.94978 E 10 1 0 1
2021 11 06 00 36 56 23602.443  -693.037 39175.205  12.85  12.21   57  607.2 4152.43572 N 00119.94969 E 10 1 0 1
2021 11 06 00 36 57 23601.093  -692.304 39177.069  12.85  12.21   57  607.1 4152.43570 N 00119.94961 E 10 1 0 1
2021 11 06 00 36 58 23602.195  -692.923 39175.492  12.85  12.21   57  606.4 4152.43562 N 00119.94956 E 10 1 0 1
2021 11 06 00 36 59 23601.107  -692.290 39177.085  12.85  12.21   57  606.2 4152.43560 N 00119.94956 E 10 1 0 1
2021 11 06 00 37 00 23602.650  -693.282 39174.743  12.85  12.21   57  606.3 4152.43563 N 00119.94961 E 9 1 0 1
2021 11 06 00 37 01 23601.003  -692.347 39177.116  12.85  12.21   57  606.6 4152.43556 N 00119.94950 E 10 1 0 1
2021 11 06 00 37 02 23602.216  -693.001 39175.438  12.85  12.21   57  606.4 4152.43548 N 00119.94946 E 10 1 0 1
2021 11 06 00 37 03 23601.164  -692.373 39176.953  12.85  12.21   57  606.0 4152.43544 N 00119.94945 E 9 1 0 1
2021 11 06 00 37 04 23602.447  -693.146 39175.018  12.85  12.21   57  605.8 4152.43542 N 00119.94955 E 9 1 0 1
2021 11 06 00 37 05 23601.318  -692.592 39176.604  12.85  12.21   58  605.7 4152.43548 N 00119.94962 E 9 1 0 1
2021 11 06 00 37 06 23602.646  -693.449 39174.494  12.85  12.21   58  605.8 4152.43541 N 00119.94956 E 9 1 0 1
2021 11 06 00 37 07 23600.941  -692.388 39177.045  12.85  12.21   57  605.6 4152.43537 N 00119.94962 E 9 1 0 1
2021 11 06 00 37 08 23602.191  -693.156 39175.181  12.85  12.21   57  605.0 4152.43525 N 00119.94957 E 9 1 0 1
2021 11 06 00 37 09 23600.921  -692.472 39176.963  12.85  12.21   57  605.1 4152.43510 N 00119.94940 E 9 1 0 1
2021 11 06 00 37 10 23602.099  -693.210 39175.133  12.85  12.21   57  604.8 4152.43504 N 00119.94939 E 9 1 0 1
2021 11 06 00 37 11 23600.841  -692.498 39176.979  12.85  12.21   57  604.2 4152.43501 N 00119.94945 E 9 1 0 1
2021 11 06 00 37 12 23602.009  -693.245 39175.152  12.85  12.21   57  604.0 4152.43495 N 00119.94941 E 9 1 0 1
2021 11 06 00 37 13 23602.603  -693.651 39174.218  12.85  12.21   58  604.1 4152.43495 N 00119.94951 E 9 1 0 1
2021 11 06 00 37 14 23601.507  -693.096 39175.769  12.85  12.21   58  604.0 4152.43495 N 00119.94959 E 9 1 0 1
2021 11 06 00 37 15 23601.486  -693.192 39175.594  12.85  12.21   57  604.3 4152.43492 N 00119.94954 E 8 1 0 1
2021 11 06 00 37 16 23600.691  -692.804 39176.640  12.85  12.21   57  603.9 4152.43493 N 00119.94950 E 9 1 0 1
2021 11 06 00 37 17 23601.470  -693.240 39175.539  12.85  12.21   57  604.1 4152.43496 N 00119.94953 E 9 1 0 1
2021 11 06 00 37 18 23600.621  -692.810 39176.678  12.85  12.21   57  603.4 4152.43497 N 00119.94954 E 9 1 0 1
2021 11 06 00 37 19 23601.177  -693.312 39175.596  12.85  12.21   57  603.1 4152.43502 N 00119.94959 E 9 1 0 1
2021 11 06 00 37 20 23600.384  -692.952 39176.615  12.85  12.21   57  602.8 4152.43505 N 00119.94963 E 9 1 0 1
2021 11 06 00 37 21 23600.662  -693.065 39176.344  12.85  12.21   57  602.6 4152.43508 N 00119.94966 E 9 1 0 1
2021 11 06 00 37 22 23600.204  -692.782 39177.007  12.85  12.21   57  602.5 4152.43505 N 00119.94956 E 9 1 0 1
2021 11 06 00 37 23 23602.048  -693.892 39174.278  12.85  12.21   57  602.8 4152.43507 N 00119.94955 E 10 1 0 1
2021 11 06 00 37 24 23600.478  -692.945 39176.651  12.85  12.21   57  603.0 4152.43509 N 00119.94961 E 10 1 0 1
2021 11 06 00 37 25 23601.496  -693.525 39175.178  12.85  12.21   57  603.7 4152.43510 N 00119.94966 E 9 1 0 1
2021 11 06 00 37 26 23600.247  -692.815 39176.980  12.85  12.21   57  604.2 4152.43508 N 00119.94967 E 9 1 0 1
2021 11 06 00 37 27 23601.339  -693.393 39175.492  12.85  12.21   57  604.2 4152.43505 N 00119.94969 E 10 1 0 1
2021 11 06 00 37 28 23600.802  -692.330 39177.383  12.85  12.21   57  604.1 4152.43501 N 00119.94963 E 10 1 0 1
2021 11 06 00 37 29 23601.880  -693.450 39175.083  12.85  12.21   57  604.5 4152.43500 N 00119.94959 E 10 1 0 1
2021 11 06 00 37 30 23600.318  -692.999 39176.744  12.85  12.21   57  604.4 4152.43493 N 00119.94946 E 10 1 0 1
2021 11 06 00 37 31 23601.392  -693.762 39174.948  12.85  12.21   57  604.9 4152.43489 N 00119.94942 E 10 1 0 1
2021 11 06 00 37 32 23600.019  -693.080 39176.855  12.85  12.21   57  605.2 4152.43485 N 00119.94938 E 10 1 0 1
2021 11 06 00 37 33 23601.205  -693.917 39174.913  12.85  12.21   57  605.3 4152.43479 N 00119.94927 E 10 1 0 1
2021 11 06 00 37 34 23600.046  -693.182 39176.712  12.85  12.21   58  604.8 4152.43478 N 00119.94929 E 10 1 0 1
2021 11 06 00 37 35 23601.136  -693.850 39175.103  12.85  12.21   57  605.1 4152.43477 N 00119.94932 E 10 1 0 1
2021 11 06 00 37 36 23600.044  -692.970 39177.077  12.85  12.21   57  605.5 4152.43476 N 00119.94937 E 10 1 0 1
2021 11 06 00 37 37 23601.597  -693.776 39174.958  12.85  12.21   57  605.9 4152.43469 N 00119.94929 E 10 1 0 1
2021 11 06 00 37 38 23599.677  -693.199 39177.018  12.85  12.21   57  605.6 4152.43462 N 00119.94922 E 10 1 0 1
2021 11 06 00 37 39 23600.966  -694.294 39174.632  12.85  12.21   57  605.4 4152.43455 N 00119.94917 E 10 1 0 1
2021 11 06 00 37 40 23599.904  -693.472 39176.548  12.85  12.21   58  605.4 4152.43457 N 00119.94931 E 10 1 0 1
2021 11 06 00 37 41 23601.521  -694.103 39174.643  12.85  12.21   57  605.6 4152.43462 N 00119.94941 E 10 1 0 1
2021 11 06 00 37 42 23600.066  -693.211 39176.872  12.85  12.21   57  605.9 4152.43463 N 00119.94948 E 10 1 0 1
2021 11 06 00 37 43 23601.445  -694.126 39174.685  12.85  12.21   57  606.3 4152.43460 N 00119.94955 E 10 1 0 1
2021 11 06 00 37 44 23599.953  -693.171 39177.043  12.85  12.21   57  605.9 4152.43459 N 00119.94959 E 10 1 0 1
2021 11 06 00 37 45 23601.654  -693.854 39174.966  12.85  12.21   57  606.0 4152.43455 N 00119.94962 E 10 1 0 1
2021 11 06 00 37 46 23600.132  -693.178 39176.900  12.85  12.21   56  606.7 4152.43457 N 00119.94969 E 10 1 0 1
2021 11 06 00 37 47 23601.394  -693.960 39174.957  12.85  12.21   57  606.5 4152.43457 N 00119.94975 E 10 1 0 1
2021 11 06 00 37 48 23600.400  -693.080 39176.901  12.85  12.21   57  607.1 4152.43454 N 00119.94977 E 10 1 0 1
2021 11 06 00 37 49 23601.597  -694.029 39174.807  12.85  12.21   57  607.5 4152.43452 N 00119.94982 E 10 1 0 1
2021 11 06 00 37 50 23600.023  -693.575 39176.437  12.85  12.21   57  607.7 4152.43452 N 00119.94990 E 10 1 0 1
2021 11 06 00 37 51 23601.046  -694.328 39174.727  12.85  12.21   57  608.6 4152.43449 N 00119.94992 E 10 1 0 1
2021 11 06 00 37 52 23599.564  -693.397 39177.053  12.85  12.21   57  608.6 4152.43454 N 00119.95010 E 10 1 0 1
2021 11 06 00 37 53 23600.927  -694.589 39174.396  12.85  12.21   57  608.9 4152.43458 N 00119.95023 E 10 1 0 1
2021 11 06 00 37 54 23599.384  -694.097 39176.060  12.85  12.21   57  609.5 4152.43458 N 00119.95025 E 10 1 0 1
2021 11 06 00 37 55 23600.941  -694.239 39174.878  12.85  12.21   57  609.5 4152.43456 N 00119.95024 E 10 1 0 1
2021 11 06 00 37 56 23602.177  -693.874 39174.595  12.85  12.21   57  609.4 4152.43455 N 00119.95027 E 10 1 0 1
2021 11 06 00 37 57 23601.312  -692.635 39176.917  12.85  12.21   57  609.5 4152.43449 N 00119.95023 E 10 1 0 1
2021 11 06 00 37 58 23602.371  -693.058 39175.654  12.85  12.21   57  609.2 4152.43448 N 00119.95018 E 10 1 0 1
2021 11 06 00 37 59 23601.074  -692.727 39176.951  12.85  12.21   56  610.0 4152.43445 N 00119.95013 E 10 1 0 1
2021 11 06 00 38 00 23601.800  -693.603 39175.231  12.85  12.21   57  610.0 4152.43445 N 00119.95016 E 10 1 0 1
2021 11 06 00 38 01 23601.033  -692.800 39176.877  12.85  12.21   57  610.3 4152.43443 N 00119.95023 E 10 1 0 1
2021 11 06 00 38 02 23602.267  -693.393 39175.276  12.85  12.21   57  611.0 4152.43443 N 00119.95022 E 10 1 0 1
2021 11 06 00 38 03 23600.871  -692.926 39176.845  12.85  12.21   57  611.4 4152.43441 N 00119.95025 E 9 1 0 1
2021 11 06 00 38 04 23602.076  -693.628 39175.093  12.85  12.21   57  611.7 4152.43439 N 00119.95035 E 10 1 0 1
2021 11 06 00 38 05 23600.869  -692.962 39176.810  12.85  12.21   57  612.1 4152.43434 N 00119.95037 E 10 1 0 1
2021 11 06 00 38 06 23601.677  -693.625 39175.387  12.85  12.21   57  612.5 4152.43433 N 00119.95040 E 10 1 0 1
2021 11 06 00 38 07 23600.544  -693.055 39176.949  12.85  12.21   57  612.5 4152.43428 N 00119.95032 E 10 1 0 1
2021 11 06 00 38 08 23601.648  -693.818 39175.150  12.85  12.21   57  613.0 4152.43424 N 00119.95026 E 10 1 0 1
2021 11 06 00 38 09 23600.423  -693.237 39176.777  12.85  12.21   57  613.2 4152.43423 N 00119.95021 E 10 1 0 1
2021 11 06 00 38 10 23601.134  -693.873 39175.388  12.85  12.21   57  613.3 4152.43426 N 00119.95026 E 10 1 0 1
2021 11 06 00 38 11 23600.326  -693.535 39176.423  12.85  12.21   57  613.5 4152.43423 N 00119.95023 E 10 1 0 1
2021 11 06 00 38 12 23601.650  -694.239 39174.602  12.85  12.21   57  613.4 4152.43420 N 00119.95010 E 10 1 0 1
2021 11 06 00 38 13 23600.328  -693.339 39176.734  12.85  12.21   57  613.9 4152.43421 N 00119.95008 E 10 1 0 1
2021 11 06 00 38 14 23602.037  -694.046 39174.650  12.85  12.21   57  614.6 4152.43423 N 00119.95013 E 10 1 0 1
2021 11 06 00 38 15 23600.968  -692.850 39177.091  12.85  12.21   57  614.7 4152.43419 N 00119.95010 E 10 1 0 1
2021 11 06 00 38 16 23602.613  -693.566 39175.030  12.85  12.21   57  615.1 4152.43417 N 00119.95009 E 10 1 0 1
2021 11 06 00 38 17 23600.845  -692.935 39177.091  12.85  12.21   57  615.2 4152.43417 N 00119.95003 E 10 1 0 1
2021 11 06 00 38 18 23602.037  -694.108 39174.690  12.85  12.21   57  615.3 4152.43411 N 00119.95005 E 10 1 0 1
2021 11 06 00 38 19 23600.253  -693.385 39176.890  12.85  12.21   57  615.7 4152.43410 N 00119.95001 E 10 1 0 1
2021 11 06 00 38 20 23601.988  -694.596 39174.130  12.85  12.21   57  615.3 4152.43407 N 00119.94993 E 10 1 0 1
2021 11 06 00 38 21 23600.257  -693.708 39176.533  12.85  12.21   57  615.2 4152.43398 N 00119.94980 E 10 1 0 1
2021 11 06 00 38 22 23600.992  -694.439 39175.047  12.85  12.21   57  614.9 4152.43394 N 00119.94972 E 10 1 0 1
2021 11 06 00 38 23 23599.941  -693.881 39176.594  12.85  12.21   57  614.8 4152.43394 N 00119.94972 E 10 1 0 1
2021 11 06 00 38 24 23601.621  -695.028 39173.966  12.85  12.21   57  614.6 4152.43391 N 00119.94967 E 10 1 0 1
2021 11 06 00 38 25 23599.939  -693.894 39176.704  12.85  12.21   57  614.6 4152.43390 N 00119.94959 E 9 1 0 1
2021 11 06 00 38 26 23601.529  -694.851 39174.343  12.85  12.21   57  614.9 4152.43385 N 00119.94952 E 10 1 0 1
2021 11 06 00 38 27 23600.257  -694.015 39176.430  12.85  12.21   57  614.5 4152.43373 N 00119.94938 E 10 1 0 1
2021 11 06 00 38 28 23601.810  -694.860 39174.283  12.85  12.21   57  613.7 4152.43372 N 00119.94938 E 10 1 0 1
2021 11 06 00 38 29 23600.355  -694.244 39176.158  12.85  12.21   57  613.5 4152.43370 N 00119.94936 E 10 1 0 1
2021 11 06 00 38 30 23601.791  -695.169 39174.023  12.85  12.21   57  613.9 4152.43364 N 00119.94943 E 10 1 0 1
2021 11 06 00 38 31 23600.359  -694.442 39176.000  12.85  12.21   57  613.1 4152.43353 N 00119.94944 E 10 1 0 1
2021 11 06 00 38 32 23601.560  -695.302 39174.069  12.85  12.21   57  613.0 4152.43352 N 00119.94952 E 10 1 0 1
2021 11 06 00 38 33 23600.333  -694.553 39175.969  12.85  12.21   57  612.4 4152.43351 N 00119.94951 E 10 1 0 1
2021 11 06 00 38 34 23601.744  -695.353 39174.028  12.85  12.21   57  611.7 4152.43354 N 00119.94955 E 10 1 0 1
2021 11 06 00 38 35 23600.494  -694.613 39175.904  12.85  12.21   57  611.0 4152.43353 N 00119.94958 E 10 1 0 1
2021 11 06 00 38 36 23602.214  -694.925 39174.474  12.85  12.21   57  610.9 4152.43358 N 00119.94966 E 10 1 0 1
2021 11 06 00 38 37 23600.851  -694.401 39176.214  12.85  12.21   57  611.2 4152.43361 N 00119.94973 E 10 1 0 1
2021 11 06 00 38 38 23601.785  -695.059 39174.768  12.85  12.21   57  611.2 4152.43358 N 00119.94969 E 10 1 0 1
2021 11 06 00 38 39 23602.605  -695.508 39173.734  12.85  12.21   57  611.0 4152.43357 N 00119.94968 E 10 1 0 1
2021 11 06 00 38 40 23601.265  -694.634 39175.969  12.85  12.21   57  611.1 4152.43357 N 00119.94964 E 10 1 0 1
2021 11 06 00 38 41 23602.361  -695.301 39174.446  12.85  12.21   57  611.8 4152.43352 N 00119.94956 E 10 1 0 1
2021 11 06 00 38 42 23601.455  -694.664 39176.103  12.85  12.21   57  612.2 4152.43354 N 00119.94960 E 10 1 0 1
2021 11 06 00 38 43 23602.669  -695.265 39174.569  12.85  12.21   57  613.0 4152.43352 N 00119.94961 E 10 1 0 1
2021 11 06 00 38 44 23601.781  -694.722 39176.086  12.85  12.21   57  612.5 4152.43348 N 00119.94958 E 10 1 0 1
2021 11 06 00 38 45 23602.959  -695.373 39174.521  12.85  12.21   57  612.6 4152.43348 N 00119.94950 E 10 1 0 1
2021 11 06 00 38 46 23601.855  -694.661 39176.438  12.85  12.21   57  613.2 4152.43350 N 00119.94950 E 10 1 0 1
2021 11 06 00 38 47 23603.205  -695.397 39174.641  12.85  12.21   57  613.8 4152.43356 N 00119.94948 E 10 1 0 1
2021 11 06 00 38 48 23602.042  -694.736 39176.479  12.85  12.21   57  613.9 4152.43358 N 00119.94944 E 10 1 0 1
2021 11 06 00 38 49 23603.314  -695.625 39174.526  12.85  12.21   57  613.7 4152.43357 N 00119.94941 E 10 1 0 1
2021 11 06 00 38 50 23601.996  -695.091 39176.282  12.85  12.21   57  613.4 4152.43355 N 00119.94937 E 10 1 0 1
2021 11 06 00 38 51 23603.312  -695.846 39174.492  12.85  12.21   57  612.7 4152.43353 N 00119.94931 E 10 1 0 1
2021 11 06 00 38 52 23601.771  -694.987 39176.815  12.85  12.21   57  613.0 4152.43354 N 00119.94930 E 10 1 0 1
2021 11 06 00 38 53 23603.502  -696.095 39174.261  12.85  12.21   57  612.8 4152.43357 N 00119.94928 E 10 1 0 1
2021 11 06 00 38 54 23601.710  -694.923 39177.204  12.85  12.21   58  612.7 4152.43353 N 00119.94927 E 10 1 0 1
2021 11 06 00 38 55 23603.701  -696.067 39174.406  12.85  12.21   57  612.7 4152.43353 N 00119.94926 E 10 1 0 1
2021 11 06 00 38 56 23602.519  -695.234 39176.482  12.85  12.21   57  612.5 4152.43356 N 00119.94928 E 10 1 0 1
2021 11 06 00 38 57 23604.134  -696.022 39174.488  12.85  12.21   57  613.0 4152.43358 N 00119.94924 E 10 1 0 1
2021 11 06 00 38 58 23602.312  -695.465 39176.552  12.85  12.21   57  613.9 4152.43358 N 00119.94924 E 10 1 0 1
2021 11 06 00 38 59 23603.722  -696.535 39174.281  12.85  12.21   57  613.8 4152.43357 N 00119.94927 E 10 1 0 1
2021 11 06 00 39 00 23602.431  -695.690 39176.457  12.85  12.21   57  613.6 4152.43361 N 00119.94930 E 10 1 0 1
2021 11 06 00 39 01 23604.529  -696.430 39174.188  12.85  12.21   58  614.2 4152.43365 N 00119.94932 E 10 1 0 1
2021 11 06 00 39 02 23602.851  -695.551 39176.627  12.85  12.21   57  614.5 4152.43372 N 00119.94932 E 10 1 0 1
2021 11 06 00 39 03 23604.273  -696.567 39174.363  12.85  12.21   57  615.0 4152.43376 N 00119.94932 E 9 1 0 1
2021 11 06 00 39 04 23603.250  -695.601 39176.541  12.85  12.21   57  615.6 4152.43379 N 00119.94926 E 10 1 0 1
2021 11 06 00 39 05 23604.912  -696.251 39174.651  12.85  12.21   57  616.1 4152.43383 N 00119.94919 E 10 1 0 1
2021 11 06 00 39 06 23603.271  -695.245 39177.265  12.85  12.21   57  615.8 4152.43385 N 00119.94909 E 10 1 0 1
2021 11 06 00 39 07 23604.697  -696.535 39174.616  12.85  12.21   57  616.1 4152.43386 N 00119.94903 E 10 1 0 1
2021 11 06 00 39 08 23603.566  -695.328 39177.178  12.84  12.21   57  616.4 4152.43390 N 00119.94896 E 10 1 0 1
2021 11 06 00 39 09 23605.359  -696.336 39174.706  12.85  12.21   57  617.0 4152.43393 N 00119.94892 E 10 1 0 1
2021 11 06 00 39 10 23603.908  -695.654 39176.722  12.85  12.21   57  617.1 4152.43393 N 00119.94885 E 10 1 0 1
2021 11 06 00 39 11 23605.476  -696.318 39174.874  12.84  12.21   57  617.9 4152.43398 N 00119.94887 E 10 1 0 1
2021 11 06 00 39 12 23603.937  -695.722 39176.773  12.84  12.21   57  617.4 4152.43399 N 00119.94876 E 10 1 0 1
2021 11 06 00 39 13 23605.043  -696.768 39174.648  12.84  12.21   57  617.9 4152.43404 N 00119.94881 E 10 1 0 1
2021 11 06 00 39 14 23603.894  -696.016 39176.615  12.84  12.21   57  618.0 4152.43408 N 00119.94885 E 10 1 0 1
2021 11 06 00 39 15 23604.980  -696.944 39174.691  12.84  12.21   56  618.6 4152.43415 N 00119.94897 E 10 1 0 1
2021 11 06 00 39 16 23603.498  -696.496 39176.369  12.84  12.21   57  618.8 4152.43420 N 00119.94905 E 10 1 0 1
2021 11 06 00 39 17 23604.754  -697.325 39174.462  12.84  12.21   57  619.3 4152.43416 N 00119.94905 E 10 1 0 1
2021 11 06 00 39 18 23603.869  -696.497 39176.329  12.84  12.21   57  619.9 4152.43417 N 00119.94907 E 10 1 0 1
2021 11 06 00 39 19 23604.679  -697.376 39174.626  12.84  12.21   57  619.0 4152.43415 N 00119.94898 E 10 1 0 1
2021 11 06 00 39 20 23603.841  -696.997 39175.828  12.84  12.21   58  619.4 4152.43417 N 00119.94903 E 10 1 0 1
2021 11 06 00 39 21 23603.408  -696.529 39176.872  12.84  12.21   57  619.9 4152.43408 N 00119.94892 E 10 1 0 1
2021 11 06 00 39 22 23604.373  -696.966 39175.710  12.84  12.21   57  619.7 4152.43417 N 00119.94904 E 10 1 0 1
2021 11 06 00 39 23 23603.705  -696.715 39176.536  12.84  12.21   57  619.4 4152.43422 N 00119.94904 E 10 1 0 1
2021 11 06 00 39 24 23604.718  -697.827 39174.387  12.84  12.21   57  619.0 4152.43427 N 00119.94909 E 10 1 0 1
2021 11 06 00 39 25 23603.578  -697.537 39175.611  12.84  12.21   57  618.4 4152.43427 N 00119.94908 E 10 1 0 1
2021 11 06 00 39 26 23604.515  -698.287 39173.998  12.84  12.21   57  618.6 4152.43434 N 00119.94915 E 10 1 0 1
2021 11 06 00 39 27 23603.183  -697.885 39175.481  12.84  12.21   57  618.2 4152.43436 N 00119.94911 E 10 1 0 1
2021 11 06 00 39 28 23604.197  -698.559 39173.903  12.84  12.21   57  618.0 4152.43432 N 00119.94901 E 10 1 0 1
2021 11 06 00 39 29 23603.076  -698.018 39175.512  12.84  12.21   57  618.1 4152.43435 N 00119.94900 E 10 1 0 1
2021 11 06 00 39 30 23604.113  -698.860 39173.702  12.84  12.21   57  619.4 4152.43439 N 00119.94906 E 10 1 0 1
2021 11 06 00 39 31 23603.101  -698.270 39175.253  12.84  12.21   57  619.1 4152.43439 N 00119.94907 E 10 1 0 1
2021 11 06 00 39 32 23604.468  -699.002 39173.393  12.84  12.21   57  619.1 4152.43437 N 00119.94902 E 10 1 0 1
2021 11 06 00 39 33 23603.269  -698.176 39175.374  12.84  12.21   57  619.3 4152.43440 N 00119.94900 E 10 1 0 1
2021 11 06 00 39 34 23604.588  -698.963 39173.487  12.84  12.21   57  619.2 4152.43440 N 00119.94890 E 10 1 0 1
2021 11 06 00 39 35 23603.234  -698.050 39175.670  12.84  12.21   57  618.7 4152.43437 N 00119.94878 E 10 1 0 1
2021 11 06 00 39 36 23604.787  -698.938 39173.531  12.84  12.21   57  618.1 4152.43434 N 00119.94865 E 10 1 0 1
2021 11 06 00 39 37 23603.392  -698.161 39175.567  12.84  12.21   57  618.2 4152.43441 N 00119.94868 E 10 1 0 1
2021 11 06 00 39 38 23604.783  -699.143 39173.408  12.84  12.21   57  619.0 4152.43445 N 00119.94875 E 10 1 0 1
2021 11 06 00 39 39 23603.400  -698.330 39175.478  12.84  12.21   57  618.7 4152.43446 N 00119.94873 E 10 1 0 1
2021 11 06 00 39 40 23605.009  -699.166 39173.343  12.84  12.21   57  618.5 4152.43446 N 00119.94874 E 10 1 0 1
2021 11 06 00 39 41 23603.865  -698.249 39175.504  12.84  12.21   57  618.5 4152.43448 N 00119.94878 E 10 1 0 1
2021 11 06 00 39 42 23605.484  -698.997 39173.455  12.84  12.21   57  618.5 4152.43445 N 00119.94872 E 10 1 0 1
2021 11 06 00 39 43 23604.095  -698.043 39175.747  12.84  12.21   57  617.6 4152.43445 N 00119.94869 E 10 1 0 1
2021 11 06 00 39 44 23605.847  -699.083 39173.278  12.84  12.21   58  617.4 4152.43448 N 00119.94866 E 10 1 0 1
2021 11 06 00 39 45 23604.238  -697.955 39175.982  12.84  12.21   57  617.1 4152.43447 N 00119.94864 E 10 1 0 1
2021 11 06 00 39 46 23605.799  -698.865 39173.734  12.84  12.21   57  616.6 4152.43447 N 00119.94861 E 9 1 0 1
2021 11 06 00 39 47 23604.357  -697.815 39176.255  12.84  12.21   57  616.4 4152.43449 N 00119.94859 E 10 1 0 1
2021 11 06 00 39 48 23606.035  -698.581 39174.140  12.84  12.21   57  615.2 4152.43445 N 00119.94854 E 10 1 0 1
2021 11 06 00 39 49 23604.904  -697.809 39176.087  12.84  12.21   57  614.9 4152.43447 N 00119.94854 E 10 1 0 1
2021 11 06 00 39 50 23606.484  -698.658 39173.929  12.84  12.21   57  613.6 4152.43448 N 00119.94843 E 10 1 0 1
2021 11 06 00 39 51 23605.189  -697.865 39175.969  12.84  12.21   57  613.7 4152.43451 N 00119.94839 E 10 1 0 1
2021 11 06 00 39 52 23606.635  -698.553 39174.156  12.84  12.21   57  613.3 4152.43455 N 00119.94837 E 10 1 0 1
2021 11 06 00 39 53 23604.904  -697.531 39176.785  12.84  12.21   57  613.1 4152.43456 N 00119.94839 E 10 1 0 1
2021 11 06 00 39 54 23606.894  -698.592 39174.131  12.84  12.21   57  612.8 4152.43455 N 00119.94837 E 10 1 0 1
2021 11 06 00 39 55 23605.681  -697.812 39176.148  12.84  12.21   57  612.8 4152.43458 N 00119.94837 E 10 1 0 1
2021 11 06 00 39 56 23607.160  -698.552 39174.269  12.84  12.21   57  612.8 4152.43462 N 00119.94834 E 10 1 0 1
2021 11 06 00 39 57 23605.959  -697.851 39176.130  12.84  12.21   57  612.8 4152.43468 N 00119.94833 E 10 1 0 1
2021 11 06 00 39 58 23607.215  -698.682 39174.216  12.84  12.21   57  612.4 4152.43473 N 00119.94831 E 10 1 0 1
2021 11 06 00 39 59 23605.896  -697.956 39176.158  12.84  12.21   57  612.3 4152.43477 N 00119.94831 E 10 1 0 1
2021 11 06 00 40 00 23607.308  -698.782 39174.174  12.84  12.21   57  611.8 4152.43478 N 00119.94827 E 10 1 0 1
2021 11 06 00 40 01 23606.207  -698.159 39175.795  12.84  12.21   57  612.4 4152.43484 N 00119.94829 E 10 1 0 1
2021 11 06 00 40 02 23607.478  -698.803 39174.136  12.84  12.21   57  612.5 4152.43486 N 00119.94827 E 10 1 0 1
2021 11 06 00 40 03 23606.256  -698.029 39176.091  12.84  12.21   57  612.3 4152.43489 N 00119.94824 E 10 1 0 1
2021 11 06 00 40 04 23606.195  -697.929 39176.355  12.84  12.21   57  612.1 4152.43493 N 00119.94822 E 10 1 0 1
2021 11 06 00 40 05 23607.732  -698.923 39174.088  12.84  12.21   57  611.6 4152.43491 N 00119.94815 E 10 1 0 1
2021 11 06 00 40 06 23606.695  -698.352 39175.643  12.84  12.21   57  610.8 4152.43494 N 00119.94805 E 10 1 0 1
2021 11 06 00 40 07 23607.918  -699.015 39174.043  12.84  12.21   57  610.5 4152.43494 N 00119.94800 E 10 1 0 1
2021 11 06 00 40 08 23606.892  -698.298 39175.789  12.84  12.21   57  610.2 4152.43493 N 00119.94795 E 10 1 0 1
2021 11 06 00 40 09 23608.135  -698.745 39174.430  12.84  12.21   57  610.1 4152.43495 N 00119.94793 E 10 1 0 1
2021 11 06 00 40 10 23607.254  -698.006 39176.137  12.84  12.21   57  610.0 4152.43498 N 00119.94789 E 10 1 0 1
2021 11 06 00 40 11 23608.633  -698.669 39174.363  12.84  12.21   57  610.4 4152.43503 N 00119.94793 E 10 1 0 1
2021 11 06 00 40 12 23607.947  -697.853 39176.079  12.84  12.21   57  610.0 4152.43502 N 00119.94793 E 10 1 0 1
2021 11 06 00 40 13 23609.383  -698.288 39174.569  12.84  12.21   57  609.4 4152.43503 N 00119.94792 E 10 1 0 1
2021 11 06 00 40 14 23608.478  -697.461 39176.401  12.84  12.21   58  609.0 4152.43503 N 00119.94789 E 10 1 0 1
2021 11 06 00 40 15 23609.639  -698.054 39174.929  12.84  12.21   57  608.9 4152.43501 N 00119.94788 E 10 1 0 1
2021 11 06 00 40 16 23608.234  -697.282 39176.956  12.84  12.21   57  608.0 4152.43499 N 00119.94776 E 10 1 0 1
2021 11 06 00 40 17 23609.609  -698.186 39174.836  12.84  12.21   57  608.1 4152.43497 N 00119.94775 E 10 1 0 1
2021 11 06 00 40 18 23608.324  -697.422 39176.817  12.84  12.21   57  607.5 4152.43493 N 00119.94768 E 10 1 0 1
2021 11 06 00 40 19 23609.639  -698.193 39174.934  12.84  12.21   57  608.0 4152.43496 N 00119.94768 E 10 1 0 1
2021 11 06 00 40 20 23608.307  -697.537 39176.818  12.84  12.21   57  607.4 4152.43493 N 00119.94762 E 10 1 0 1
2021 11 06 00 40 21 23609.715  -698.521 39174.585  12.84  12.21   57  608.3 4152.43490 N 00119.94771 E 10 1 0 1
2021 11 06 00 40 22 23608.437  -697.810 39176.625  12.84  12.21   57  608.6 4152.43488 N 00119.94779 E 10 1 0 1
2021 11 06 00 40 23 23609.232  -698.390 39175.381  12.84  12.21   57  608.4 4152.43488 N 00119.94779 E 10 1 0 1
2021 11 06 00 40 24 23608.412  -697.915 39176.684  12.84  12.21   57  608.3 4152.43484 N 00119.94782 E 10 1 0 1
2021 11 06 00 40 25 23609.988  -698.714 39174.643  12.84  12.21   57  608.5 4152.43483 N 00119.94785 E 10 1 0 1
2021 11 06 00 40 26 23608.510  -697.810 39176.981  12.84  12.21   57  608.4 4152.43485 N 00119.94784 E 10 1 0 1
2021 11 06 00 40 27 23609.943  -698.776 39174.760  12.84  12.21   57  608.8 4152.43483 N 00119.94786 E 10 1 0 1
2021 11 06 00 40 28 23608.340  -698.001 39176.993  12.84  12.21   57  609.5 4152.43484 N 00119.94792 E 10 1 0 1
2021 11 06 00 40 29 23609.955  -698.965 39174.672  12.84  12.21   57  609.4 4152.43480 N 00119.94791 E 10 1 0 1
2021 11 06 00 40 30 23608.474  -698.038 39176.979  12.84  12.21   57  609.3 4152.43474 N 00119.94793 E 10 1 0 1
2021 11 06 00 40 31 23609.811  -698.912 39174.932  12.84  12.21   57  609.0 4152.43471 N 00119.94795 E 10 1 0 1
2021 11 06 00 40 32 23608.754  -698.295 39176.619  12.84  12.21   58  608.7 4152.43465 N 00119.94793 E 10 1 0 1
2021 11 06 00 40 33 23610.143  -699.102 39174.596  12.84  12.21   57  608.4 4152.43459 N 00119.94789 E 10 1 0 1
2021 11 06 00 40 34 23608.633  -698.340 39176.798  12.84  12.21   57  607.7 4152.43457 N 00119.94780 E 10 1 0 1
2021 11 06 00 40 35 23609.715  -699.492 39174.540  12.84  12.21   57  607.0 4152.43455 N 00119.94771 E 10 1 0 1
2021 11 06 00 40 36 23608.555  -698.616 39176.588  12.84  12.21   57  606.7 4152.43452 N 00119.94763 E 10 1 0 1
2021 11 06 00 40 37 23609.943  -699.504 39174.515  12.84  12.21   57  606.6 4152.43451 N 00119.94757 E 10 1 0 1
2021 11 06 00 40 38 23608.320  -698.866 39176.467  12.84  12.21   57  606.9 4152.43449 N 00119.94757 E 10 1 0 1
2021 11 06 00 40 39 23609.857  -699.490 39174.647  12.84  12.21   57  606.9 4152.43447 N 00119.94756 E 10 1 0 1
2021 11 06 00 40 40 23608.582  -698.606 39176.788  12.84  12.21   57  606.6 4152.43441 N 00119.94756 E 10 1 0 1
2021 11 06 00 40 41 23609.889  -699.514 39174.686  12.84  12.21   57  607.4 4152.43439 N 00119.94771 E 10 1 0 1
2021 11 06 00 40 42 23608.576  -698.903 39176.473  12.84  12.21   57  608.0 4152.43443 N 00119.94790 E 10 1 0 1
2021 11 06 00 40 43 23609.842  -699.542 39174.811  12.84  12.21   57  608.2 4152.43439 N 00119.94789 E 9 1 0 1
2021 11 06 00 40 44 23608.713  -698.887 39176.478  12.84  12.21   57  608.1 4152.43431 N 00119.94775 E 10 1 0 1
2021 11 06 00 40 45 23610.051  -699.440 39174.921  12.84  12.21   57  607.8 4152.43424 N 00119.94759 E 10 1 0 1
2021 11 06 00 40 46 23609.127  -698.547 39176.831  12.84  12.21   57  607.4 4152.43426 N 00119.94760 E 10 1 0 1
2021 11 06 00 40 47 23610.227  -699.313 39175.016  12.84  12.21   57  607.3 4152.43420 N 00119.94751 E 10 1 0 1
2021 11 06 00 40 48 23610.467  -699.597 39174.457  12.84  12.21   57  608.0 4152.43419 N 00119.94754 E 10 1 0 1
2021 11 06 00 40 49 23609.041  -698.770 39176.581  12.84  12.21   57  607.4 4152.43421 N 00119.94755 E 10 1 0 1
2021 11 06 00 40 50 23609.853  -699.410 39175.174  12.84  12.21   57  608.0 4152.43422 N 00119.94762 E 10 1 0 1
2021 11 06 00 40 51 23608.814  -698.748 39176.853  12.84  12.21   57  607.8 4152.43426 N 00119.94767 E 10 1 0 1
2021 11 06 00 40 52 23610.254  -699.309 39175.196  12.84  12.21   57  607.4 4152.43438 N 00119.94779 E 10 1 0 1
2021 11 06 00 40 53 23608.787  -698.574 39177.191  12.84  12.21   57  607.6 4152.43446 N 00119.94786 E 10 1 0 1
2021 11 06 00 40 54 23610.170  -699.633 39174.814  12.84  12.21   57  608.0 4152.43444 N 00119.94782 E 10 1 0 1
2021 11 06 00 40 55 23609.141  -698.789 39176.719  12.84  12.21   57  608.4 4152.43448 N 00119.94783 E 10 1 0 1
2021 11 06 00 40 56 23610.113  -699.501 39175.110  12.84  12.21   57  609.0 4152.43456 N 00119.94792 E 10 1 0 1
2021 11 06 00 40 57 23608.730  -698.861 39176.935  12.84  12.21   57  608.5 4152.43458 N 00119.94789 E 10 1 0 1
2021 11 06 00 40 58 23609.955  -699.738 39174.970  12.84  12.21   57  609.1 4152.43454 N 00119.94780 E 9 1 0 1
2021 11 06 00 40 59 23608.328  -698.812 39177.385  12.84  12.21   57  609.0 4152.43450 N 00119.94773 E 10 1 0 1
2021 11 06 00 41 00 23609.701  -699.961 39174.938  12.84  12.21   57  609.2 4152.43446 N 00119.94772 E 10 1 0 1
2021 11 06 00 41 01 23608.369  -699.320 39176.787  12.84  12.21   57  609.1 4152.43449 N 00119.94778 E 10 1 0 1
2021 11 06 00 41 02 23609.703  -700.332 39174.542  12.84  12.21   58  609.8 4152.43456 N 00119.94798 E 10 1 0 1
2021 11 06 00 41 03 23608.068  -699.532 39176.775  12.84  12.21   57  610.5 4152.43459 N 00119.94808 E 10 1 0 1
2021 11 06 00 41 04 23609.619  -700.441 39174.589  12.84  12.21   57  611.2 4152.43458 N 00119.94813 E 9 1 0 1
2021 11 06 00 41 05 23608.088  -699.682 39176.776  12.84  12.21   57  612.2 4152.43462 N 00119.94832 E 9 1 0 1
2021 11 06 00 41 06 23609.197  -700.348 39175.206  12.84  12.21   57  612.8 4152.43465 N 00119.94845 E 9 1 0 1
2021 11 06 00 41 07 23608.088  -699.522 39177.161  12.84  12.21   57  614.0 4152.43468 N 00119.94862 E 10 1 0 1
2021 11 06 00 41 08 23609.701  -700.354 39174.999  12.84  12.21   57  614.2 4152.43468 N 00119.94872 E 10 1 0 1
2021 11 06 00 41 09 23608.312  -699.421 39177.295  12.84  12.21   57  614.4 4152.43468 N 00119.94878 E 10 1 0 1
2021 11 06 00 41 10 23609.875  -700.331 39175.075  12.84  12.21   57  614.4 4152.43468 N 00119.94878 E 10 1 0 1
2021 11 06 00 41 11 23608.498  -699.345 39177.437  12.84  12.21   57  615.0 4152.43473 N 00119.94891 E 10 1 0 1
2021 11 06 00 41 12 23610.078  -700.254 39175.169  12.84  12.21   57  615.8 4152.43476 N 00119.94902 E 10 1 0 1
2021 11 06 00 41 13 23608.713  -699.407 39177.325  12.84  12.21   57  615.5 4152.43482 N 00119.94910 E 10 1 0 1
2021 11 06 00 41 14 23610.408  -700.186 39175.156  12.84  12.21   57  616.0 4152.43482 N 00119.94912 E 10 1 0 1
2021 11 06 00 41 15 23608.791  -699.283 39177.513  12.84  12.21   57  615.4 4152.43478 N 00119.94901 E 9 1 0 1
2021 11 06 00 41 16 23610.295  -700.148 39175.377  12.84  12.21   57  615.3 4152.43481 N 00119.94900 E 9 1 0 1
2021 11 06 00 41 17 23609.000  -699.213 39177.525  12.84  12.21   57  615.2 4152.43483 N 00119.94897 E 9 1 0 1
2021 11 06 00 41 18 23610.412  -699.997 39175.549  12.84  12.21   57  615.0 4152.43486 N 00119.94897 E 9 1 0 1
2021 11 06 00 41 19 23608.914  -699.304 39177.529  12.84  12.21   57  615.1 4152.43488 N 00119.94896 E 10 1 0 1
2021 11 06 00 41 20 23610.266  -700.143 39175.522  12.84  12.21   57  614.8 4152.43492 N 00119.94895 E 10 1 0 1
2021 11 06 00 41 21 23608.889  -699.175 39177.770  12.84  12.21   57  614.8 4152.43495 N 00119.94896 E 10 1 0 1
2021 11 06 00 41 22 23610.203  -700.041 39175.716  12.84  12.21   57  614.0 4152.43501 N 00119.94893 E 10 1 0 1
2021 11 06 00 41 23 23608.578  -699.217 39177.960  12.84  12.21   57  613.3 4152.43507 N 00119.94883 E 10 1 0 1
2021 11 06 00 41 24 23610.553  -699.999 39175.679  12.84  12.21   57  612.9 4152.43509 N 00119.94879 E 10 1 0 1
2021 11 06 00 41 25 23609.435  -699.126 39177.680  12.84  12.21   57  612.5 4152.43515 N 00119.94879 E 10 1 0 1
2021 11 06 00 41 26 23609.574  -699.699 39176.818  12.84  12.21   57  612.2 4152.43520 N 00119.94878 E 10 1 0 1
2021 11 06 00 41 27 23608.578  -699.601 39177.595  12.84  12.21   57  612.1 4152.43524 N 00119.94884 E 10 1 0 1
2021 11 06 00 41 28 23609.822  -700.373 39175.731  12.84  12.21   57  612.2 4152.43529 N 00119.94894 E 10 1 0 1
2021 11 06 00 41 29 23609.941  -700.590 39175.350  12.84  12.21   57  612.9 4152.43538 N 00119.94922 E 10 1 0 1
2021 11 06 00 41 30 23608.810  -699.715 39177.371  12.84  12.21   57  612.2 4152.43542 N 00119.94915 E 10 1 0 1
2021 11 06 00 41 31 23609.801  -700.160 39176.104  12.84  12.21   56  611.8 4152.43546 N 00119.94917 E 9 1 0 1
2021 11 06 00 41 32 23608.916  -699.675 39177.411  12.84  12.21   58  611.1 4152.43548 N 00119.94914 E 9 1 0 1
2021 11 06 00 41 33 23609.910  -700.325 39175.860  12.84  12.21   57  611.3 4152.43556 N 00119.94922 E 10 1 0 1
2021 11 06 00 41 34 23608.748  -699.763 39177.383  12.84  12.21   57  611.4 4152.43563 N 00119.94931 E 10 1 0 1
2021 11 06 00 41 35 23609.894  -700.518 39175.623  12.84  12.21   57  612.3 4152.43563 N 00119.94944 E 10 1 0 1
2021 11 06 00 41 36 23608.592  -699.825 39177.444  12.84  12.21   57  612.3 4152.43562 N 00119.94943 E 10 1 0 1
2021 11 06 00 41 37 23609.801  -700.382 39175.836  12.84  12.21   57  612.4 4152.43562 N 00119.94944 E 9 1 0 1
2021 11 06 00 41 38 23608.517  -699.606 39177.782  12.84  12.21   57  611.8 4152.43563 N 00119.94941 E 9 1 0 1
2021 11 06 00 41 39 23609.758  -700.262 39176.073  12.84  12.21   57  611.9 4152.43563 N 00119.94948 E 10 1 0 1
2021 11 06 00 41 40 23608.658  -699.491 39177.915  12.84  12.21   57  611.8 4152.43566 N 00119.94953 E 10 1 0 1
2021 11 06 00 41 41 23610.084  -700.132 39176.102  12.84  12.21   57  611.7 4152.43566 N 00119.94952 E 9 1 0 1
2021 11 06 00 41 42 23608.869  -699.390 39177.987  12.84  12.21   57  611.5 4152.43564 N 00119.94949 E 9 1 0 1
2021 11 06 00 41 43 23610.209  -700.180 39176.002  12.84  12.21   57  610.8 4152.43572 N 00119.94957 E 10 1 0 1
2021 11 06 00 41 44 23608.883  -699.235 39178.216  12.84  12.21   57  610.4 4152.43570 N 00119.94949 E 10 1 0 1
2021 11 06 00 41 45 23610.535  -700.117 39175.937  12.84  12.21   57  610.1 4152.43570 N 00119.94946 E 9 1 0 1
2021 11 06 00 41 46 23608.939  -699.210 39178.318  12.84  12.21   57  609.7 4152.43563 N 00119.94932 E 10 1 0 1
2021 11 06 00 41 47 23610.400  -699.884 39176.431  12.84  12.21   57  609.9 4152.43564 N 00119.94938 E 9 1 0 1
2021 11 06 00 41 48 23609.234  -699.021 39178.444  12.84  12.21   57  609.7 4152.43560 N 00119.94936 E 10 1 0 1
2021 11 06 00 41 49 23610.768  -699.889 39176.281  12.84  12.21   57  609.7 4152.43560 N 00119.94936 E 10 1 0 1
2021 11 06 00 41 50 23609.256  -698.895 39178.705  12.84  12.21   57  609.5 4152.43560 N 00119.94940 E 10 1 0 1
2021 11 06 00 41 51 23610.908  -699.701 39176.566  12.84  12.21   57  609.3 4152.43565 N 00119.94950 E 10 1 0 1
2021 11 06 00 41 52 23609.531  -698.749 39178.882  12.84  12.21   57  609.4 4152.43563 N 00119.94950 E 10 1 0 1
2021 11 06 00 41 53 23611.268  -699.705 39176.444  12.84  12.21   57  609.5 4152.43558 N 00119.94942 E 10 1 0 1
2021 11 06 00 41 54 23609.043  -698.474 39179.677  12.84  12.21   58  609.3 4152.43561 N 00119.94945 E 10 1 0 1
2021 11 06 00 41 55 23611.414  -699.284 39177.052  12.84  12.21   57  609.4 4152.43560 N 00119.94943 E 9 1 0 1
2021 11 06 00 41 56 23609.713  -697.790 39180.322  12.84  12.21   57  609.3 4152.43564 N 00119.94947 E 10 1 0 1
2021 11 06 00 41 57 23611.865  -698.681 39177.719  12.84  12.21   57  609.4 4152.43562 N 00119.94945 E 9 1 0 1
2021 11 06 00 41 58 23610.756  -697.906 39179.627  12.84  12.21   57  609.2 4152.43563 N 00119.94945 E 10 1 0 1
2021 11 06 00 41 59 23612.201  -698.702 39177.628  12.84  12.21   57  609.2 4152.43566 N 00119.94951 E 10 1 0 1
2021 11 06 00 42 00 23610.918  -697.944 39179.598  12.84  12.21   57  609.0 4152.43561 N 00119.94939 E 10 1 0 1
2021 11 06 00 42 01 23612.328  -698.575 39177.862  12.84  12.21   57  609.1 4152.43558 N 00119.94931 E 10 1 0 1
2021 11 06 00 42 02 23611.240  -697.864 39179.635  12.84  12.21   57  609.6 4152.43553 N 00119.94929 E 10 1 0 1
2021 11 06 00 42 03 23612.611  -698.988 39177.238  12.84  12.21   58  609.6 4152.43552 N 00119.94929 E 10 1 0 1
2021 11 06 00 42 04 23610.752  -698.321 39179.490  12.84  12.21   57  609.6 4152.43552 N 00119.94937 E 10 1 0 1
2021 11 06 00 42 05 23611.902  -699.282 39177.458  12.84  12.21   57  609.7 4152.43551 N 00119.94939 E 10 1 0 1
2021 11 06 00 42 06 23610.434  -698.626 39179.423  12.84  12.21   57  609.7 4152.43546 N 00119.94935 E 10 1 0 1
2021 11 06 00 42 07 23611.670  -699.419 39177.519  12.84  12.21   57  610.1 4152.43544 N 00119.94941 E 10 1 0 1
2021 11 06 00 42 08 23610.441  -698.770 39179.291  12.84  12.21   57  609.7 4152.43537 N 00119.94937 E 10 1 0 1
2021 11 06 00 42 09 23611.281  -699.284 39178.101  12.84  12.21   57  609.4 4152.43534 N 00119.94936 E 10 1 0 1
2021 11 06 00 42 10 23610.711  -698.750 39179.309  12.84  12.21   57  609.1 4152.43534 N 00119.94933 E 10 1 0 1
2021 11 06 00 42 11 23612.147  -699.248 39177.709  12.84  12.21   57  609.4 4152.43534 N 00119.94926 E 10 1 0 1
2021 11 06 00 42 12 23612.170  -699.725 39177.072  12.84  12.21   57  610.1 4152.43533 N 00119.94934 E 10 1 0 1
2021 11 06 00 42 13 23610.846  -699.255 39178.629  12.84  12.21   57  610.2 4152.43532 N 00119.94938 E 10 1 0 1
2021 11 06 00 42 14 23611.363  -699.614 39177.772  12.84  12.21   57  610.1 4152.43527 N 00119.94928 E 10 1 0 1
2021 11 06 00 42 15 23610.412  -699.205 39179.009  12.84  12.21   57  610.4 4152.43524 N 00119.94933 E 10 1 0 1
2021 11 06 00 42 16 23611.129  -699.981 39177.445  12.84  12.21   57  610.7 4152.43524 N 00119.94951 E 10 1 0 1
2021 11 06 00 42 17 23610.209  -699.338 39179.039  12.84  12.21   57  611.0 4152.43522 N 00119.94957 E 10 1 0 1
2021 11 06 00 42 18 23611.672  -699.775 39177.526  12.84  12.21   57  610.9 4152.43520 N 00119.94956 E 10 1 0 1
2021 11 06 00 42 19 23610.416  -699.227 39179.149  12.84  12.21   57  610.3 4152.43516 N 00119.94954 E 10 1 0 1
2021 11 06 00 42 20 23611.367  -699.995 39177.443  12.84  12.21   57  610.0 4152.43514 N 00119.94964 E 10 1 0 1
2021 11 06 00 42 21 23610.166  -699.469 39178.981  12.84  12.21   57  610.2 4152.43512 N 00119.94980 E 10 1 0 1
2021 11 06 00 42 22 23611.006  -700.463 39177.053  12.84  12.21   57  610.2 4152.43507 N 00119.94980 E 10 1 0 1
2021 11 06 00 42 23 23609.475  -700.222 39178.422  12.84  12.21   58  610.6 4152.43496 N 00119.94988 E 10 1 0 1
2021 11 06 00 42 24 23610.350  -700.321 39177.707  12.84  12.21   57  610.7 4152.43490 N 00119.94987 E 10 1 0 1
2021 11 06 00 42 25 23609.500  -699.937 39178.850  12.84  12.21   57  610.4 4152.43487 N 00119.94985 E 10 1 0 1
2021 11 06 00 42 26 23610.375  -700.945 39176.805  12.84  12.21   57  610.3 4152.43485 N 00119.94977 E 10 1 0 1
2021 11 06 00 42 27 23609.074  -700.205 39178.744  12.84  12.21   57  611.1 4152.43480 N 00119.94976 E 10 1 0 1
2021 11 06 00 42 28 23610.529  -701.019 39176.689  12.84  12.21   57  610.8 4152.43480 N 00119.94973 E 10 1 0 1
2021 11 06 00 42 29 23608.537  -700.574 39178.594  12.84  12.21   57  610.8 4152.43480 N 00119.94970 E 10 1 0 1
2021 11 06 00 42 30 23609.629  -701.697 39176.293  12.84  12.21   57  610.3 4152.43479 N 00119.94964 E 10 1 0 1
2021 11 06 00 42 31 23608.441  -700.750 39178.395  12.84  12.21   57  610.1 4152.43477 N 00119.94962 E 10 1 0 1
2021 11 06 00 42 32 23610.074  -701.478 39176.349  12.84  12.21   57  610.4 4152.43473 N 00119.94967 E 9 1 0 1
2021 11 06 00 42 33 23609.031  -700.463 39178.491  12.84  12.21   58  610.4 4152.43467 N 00119.94969 E 10 1 0 1
2021 11 06 00 42 34 23610.795  -701.088 39176.493  12.84  12.21   57  610.3 4152.43462 N 00119.94969 E 10 1 0 1
2021 11 06 00 42 35 23609.228  -699.910 39179.165  12.84  12.21   57  610.5 4152.43459 N 00119.94970 E 10 1 0 1
2021 11 06 00 42 36 23610.598  -700.951 39176.811  12.84  12.21   57  610.5 4152.43457 N 00119.94968 E 10 1 0 1
2021 11 06 00 42 37 23608.590  -700.320 39178.971  12.84  12.21   57  610.2 4152.43452 N 00119.94965 E 10 1 0 1
2021 11 06 00 42 38 23609.951  -701.559 39176.380  12.84  12.21   57  610.5 4152.43447 N 00119.94968 E 10 1 0 1
2021 11 06 00 42 39 23608.490  -700.565 39178.710  12.84  12.21   57  610.9 4152.43440 N 00119.94972 E 10 1 0 1
2021 11 06 00 42 40 23610.223  -701.360 39176.486  12.84  12.21   57  611.4 4152.43434 N 00119.94981 E 10 1 0 1
2021 11 06 00 42 41 23608.619  -700.444 39178.808  12.84  12.21   57  611.3 4152.43433 N 00119.94978 E 10 1 0 1
2021 11 06 00 42 42 23610.158  -701.218 39176.766  12.84  12.21   57  611.5 4152.43433 N 00119.94981 E 10 1 0 1
2021 11 06 00 42 43 23608.957  -700.549 39178.507  12.84  12.21   57  611.1 4152.43434 N 00119.94973 E 10 1 0 1
2021 11 06 00 42 44 23610.574  -701.139 39176.593  12.84  12.21   58  611.2 4152.43432 N 00119.94975 E 10 1 0 1
2021 11 06 00 42 45 23609.420  -699.926 39179.100  12.84  12.21   57  611.5 4152.43425 N 00119.94973 E 10 1 0 1
2021 11 06 00 42 46 23610.723  -700.685 39177.216  12.84  12.21   57  611.8 4152.43423 N 00119.94981 E 10 1 0 1
2021 11 06 00 42 47 23609.096  -700.163 39178.997  12.84  12.21   57  612.0 4152.43422 N 00119.94984 E 10 1 0 1
2021 11 06 00 42 48 23610.490  -700.921 39177.052  12.84  12.21   57  612.0 4152.43421 N 00119.94984 E 10 1 0 1
2021 11 06 00 42 49 23609.314  -700.088 39178.998  12.84  12.21   57  611.7 4152.43419 N 00119.94981 E 10 1 0 1
2021 11 06 00 42 50 23610.383  -700.863 39177.195  12.84  12.21   57  611.9 4152.43414 N 00119.94976 E 10 1 0 1
2021 11 06 00 42 51 23609.246  -700.203 39178.878  12.84  12.21   57  611.6 4152.43414 N 00119.94982 E 10 1 0 1
2021 11 06 00 42 52 23610.316  -701.050 39177.036  12.84  12.21   57  611.5 4152.43414 N 00119.94981 E 10 1 0 1
2021 11 06 00 42 53 23609.336  -700.340 39178.719  12.84  12.21   57  611.3 4152.43413 N 00119.94979 E 10 1 0 1
2021 11 06 00 42 54 23609.537  -700.914 39177.783  12.84  12.21   57  611.2 4152.43411 N 00119.94980 E 10 1 0 1
2021 11 06 00 42 55 23610.586  -701.422 39176.361  12.84  12.21   57  611.0 4152.43413 N 00119.94987 E 10 1 0 1
2021 11 06 00 42 56 23609.193  -700.437 39178.676  12.84  12.21   57  610.8 4152.43418 N 00119.94995 E 10 1 0 1
2021 11 06 00 42 57 23610.223  -701.009 39177.195  12.84  12.21   57  611.0 4152.43415 N 00119.94985 E 10 1 0 1
2021 11 06 00 42 58 23609.236  -700.206 39178.979  12.84  12.21   57  611.1 4152.43414 N 00119.94986 E 10 1 0 1
2021 11 06 00 42 59 23610.566  -700.666 39177.543  12.84  12.21   57  610.9 4152.43412 N 00119.94985 E 10 1 0 1
2021 11 06 00 43 00 23609.594  -699.916 39179.242  12.84  12.21   57  610.9 4152.43413 N 00119.94982 E 10 1 0 1
2021 11 06 00 43 01 23610.859  -700.592 39177.513  12.84  12.21   57  610.7 4152.43412 N 00119.94978 E 10 1 0 1
2021 11 06 00 43 02 23609.717  -699.931 39179.223  12.84  12.21   57  611.0 4152.43409 N 00119.94976 E 10 1 0 1
2021 11 06 00 43 03 23611.234  -700.531 39177.508  12.84  12.21   58  611.3 4152.43408 N 00119.94977 E 10 1 0 1
2021 11 06 00 43 04 23610.076  -699.787 39179.338  12.84  12.21   58  611.4 4152.43406 N 00119.94977 E 10 1 0 1
2021 11 06 00 43 05 23611.162  -700.358 39177.846  12.84  12.21   57  610.9 4152.43405 N 00119.94974 E 10 1 0 1
2021 11 06 00 43 06 23610.160  -699.551 39179.677  12.84  12.21   57  610.8 4152.43403 N 00119.94970 E 10 1 0 1
2021 11 06 00 43 07 23611.541  -700.144 39178.019  12.84  12.21   57  610.7 4152.43403 N 00119.94967 E 10 1 0 1
2021 11 06 00 43 08 23610.121  -699.558 39179.786  12.84  12.21   57  610.2 4152.43399 N 00119.94962 E 10 1 0 1
2021 11 06 00 43 09 23611.684  -700.199 39177.939  12.84  12.21   57  609.9 4152.43400 N 00119.94959 E 10 1 0 1
2021 11 06 00 43 10 23610.393  -699.268 39180.165  12.84  12.21   57  609.6 4152.43399 N 00119.94959 E 10 1 0 1
2021 11 06 00 43 11 23611.723  -700.329 39177.838  12.84  12.21   57  609.4 4152.43396 N 00119.94959 E 10 1 0 1
2021 11 06 00 43 12 23610.738  -699.027 39180.342  12.84  12.21   57  609.2 4152.43395 N 00119.94958 E 10 1 0 1
2021 11 06 00 43 13 23612.328  -699.999 39178.016  12.84  12.21   57  609.1 4152.43395 N 00119.94963 E 10 1 0 1
2021 11 06 00 43 14 23610.830  -699.367 39179.899  12.84  12.21   58  608.8 4152.43398 N 00119.94967 E 10 1 0 1
2021 11 06 00 43 15 23611.674  -700.338 39177.986  12.84  12.21   57  608.7 4152.43398 N 00119.94963 E 10 1 0 1
2021 11 06 00 43 16 23610.430  -699.140 39180.446  12.84  12.21   57  608.3 4152.43401 N 00119.94960 E 10 1 0 1
2021 11 06 00 43 17 23612.295  -699.861 39178.261  12.84  12.21   57  608.2 4152.43403 N 00119.94970 E 10 1 0 1
2021 11 06 00 43 18 23610.674  -699.017 39180.525  12.84  12.21   57  608.1 4152.43413 N 00119.94985 E 10 1 0 1
2021 11 06 00 43 19 23612.186  -699.834 39178.417  12.84  12.21   57  608.1 4152.43418 N 00119.94991 E 10 1 0 1
2021 11 06 00 43 20 23610.729  -698.973 39180.587  12.84  12.21   57  608.2 4152.43420 N 00119.94991 E 9 1 0 1
2021 11 06 00 43 21 23612.125  -700.041 39178.121  12.84  12.21   57  608.1 4152.43421 N 00119.94986 E 10 1 0 1
2021 11 06 00 43 22 23610.932  -698.677 39180.860  12.84  12.21   57  608.4 4152.43422 N 00119.94985 E 10 1 0 1
2021 11 06 00 43 23 23612.178  -700.080 39178.074  12.84  12.21   58  608.3 4152.43424 N 00119.94989 E 10 1 0 1
2021 11 06 00 43 24 23610.176  -699.171 39180.624  12.84  12.21   57  608.1 4152.43432 N 00119.95003 E 9 1 0 1
2021 11 06 00 43 25 23612.242  -699.831 39178.343  12.84  12.21   57  608.5 4152.43428 N 00119.95002 E 10 1 0 1
2021 11 06 00 43 26 23610.697  -699.051 39180.447  12.84  12.21   57  608.3 4152.43426 N 00119.94997 E 10 1 0 1
2021 11 06 00 43 27 23611.533  -700.326 39178.099  12.84  12.21   57  607.9 4152.43429 N 00119.94996 E 10 1 0 1
2021 11 06 00 43 28 23610.145  -699.344 39180.351  12.84  12.21   57  607.9 4152.43428 N 00119.94992 E 10 1 0 1
2021 11 06 00 43 29 23611.598  -700.181 39178.243  12.84  12.21   57  607.9 4152.43433 N 00119.94998 E 10 1 0 1
2021 11 06 00 43 30 23610.238  -699.353 39180.254  12.84  12.21   57  607.8 4152.43432 N 00119.94991 E 10 1 0 1
2021 11 06 00 43 31 23611.899  -699.810 39178.555  12.84  12.21   57  607.7 4152.43427 N 00119.94979 E 10 1 0 1
2021 11 06 00 43 32 23610.189  -699.239 39180.390  12.84  12.21   57  607.7 4152.43429 N 00119.94985 E 10 1 0 1
2021 11 06 00 43 33 23611.494  -700.117 39178.269  12.84  12.21   57  607.5 4152.43432 N 00119.94981 E 10 1 0 1
2021 11 06 00 43 34 23610.805  -698.891 39180.459  12.84  12.21   57  607.4 4152.43428 N 00119.94967 E 10 1 0 1
2021 11 06 00 43 35 23612.424  -699.279 39178.860  12.84  12.21   57  607.1 4152.43426 N 00119.94956 E 10 1 0 1
2021 11 06 00 43 36 23610.773  -698.914 39180.439  12.84  12.21   57  607.2 4152.43426 N 00119.94949 E 10 1 0 1
2021 11 06 00 43 37 23611.543  -699.699 39178.762  12.84  12.21   57  607.0 4152.43419 N 00119.94932 E 10 1 0 1
2021 11 06 00 43 38 23612.293  -699.819 39178.116  12.84  12.21   57  606.9 4152.43418 N 00119.94923 E 10 1 0 1
2021 11 06 00 43 39 23610.389  -699.140 39180.297  12.84  12.21   57  607.7 4152.43411 N 00119.94914 E 10 1 0 1
2021 11 06 00 43 40 23610.805  -700.122 39178.580  12.84  12.21   57  607.7 4152.43414 N 00119.94912 E 10 1 0 1
2021 11 06 00 43 41 23609.691  -699.703 39179.846  12.84  12.21   57  607.7 4152.43418 N 00119.94909 E 10 1 0 1
2021 11 06 00 43 42 23610.879  -700.275 39178.285  12.84  12.21   57  607.9 4152.43419 N 00119.94905 E 10 1 0 1
2021 11 06 00 43 43 23609.312  -700.004 39179.611  12.84  12.21   57  607.8 4152.43416 N 00119.94887 E 10 1 0 1
2021 11 06 00 43 44 23610.355  -700.954 39177.543  12.84  12.21   57  608.0 4152.43417 N 00119.94882 E 10 1 0 1
2021 11 06 00 43 45 23608.969  -700.188 39179.504  12.84  12.21   57  608.2 4152.43422 N 00119.94885 E 10 1 0 1
2021 11 06 00 43 46 23610.035  -700.920 39177.728  12.84  12.21   57  608.2 4152.43424 N 00119.94883 E 10 1 0 1
2021 11 06 00 43 47 23609.012  -700.061 39179.594  12.84  12.21   57  608.2 4152.43426 N 00119.94878 E 10 1 0 1
2021 11 06 00 43 48 23610.061  -700.847 39177.771  12.84  12.21   57  608.4 4152.43432 N 00119.94877 E 10 1 0 1
2021 11 06 00 43 49 23608.783  -700.002 39179.744  12.84  12.21   57  608.6 4152.43436 N 00119.94875 E 10 1 0 1
2021 11 06 00 43 50 23610.098  -700.832 39177.720  12.84  12.21   57  609.0 4152.43443 N 00119.94875 E 10 1 0 1
2021 11 06 00 43 51 23609.000  -699.738 39179.959  12.84  12.21   57  609.3 4152.43447 N 00119.94870 E 10 1 0 1
2021 11 06 00 43 52 23610.090  -700.822 39177.677  12.84  12.21   57  609.4 4152.43450 N 00119.94865 E 10 1 0 1
2021 11 06 00 43 53 23608.592  -700.202 39179.494  12.84  12.21   58  609.7 4152.43452 N 00119.94861 E 10 1 0 1
2021 11 06 00 43 54 23609.715  -701.353 39177.072  12.84  12.21   58  610.5 4152.43443 N 00119.94858 E 10 1 0 1
2021 11 06 00 43 55 23607.547  -699.942 39180.406  12.84  12.21   57  611.1 4152.43441 N 00119.94857 E 9 1 0 1
2021 11 06 00 43 56 23609.732  -701.123 39177.297  12.84  12.21   57  611.2 4152.43441 N 00119.94851 E 9 1 0 1
2021 11 06 00 43 57 23607.996  -700.164 39179.684  12.84  12.21   57  611.5 4152.43438 N 00119.94850 E 10 1 0 1
2021 11 06 00 43 58 23609.541  -701.047 39177.405  12.84  12.21   57  611.7 4152.43437 N 00119.94848 E 10 1 0 1
2021 11 06 00 43 59 23607.777  -700.356 39179.508  12.84  12.21   57  611.9 4152.43435 N 00119.94846 E 10 1 0 1
2021 11 06 00 44 00 23609.269  -701.346 39177.092  12.84  12.21   57  612.0 4152.43436 N 00119.94848 E 10 1 0 1
2021 11 06 00 44 01 23607.644  -700.434 39179.410  12.84  12.21   57  611.9 4152.43436 N 00119.94848 E 10 1 0 1
2021 11 06 00 44 02 23608.980  -701.417 39177.075  12.84  12.21   57  612.1 4152.43437 N 00119.94855 E 10 1 0 1
2021 11 06 00 44 03 23607.115  -700.643 39179.298  12.84  12.21   57  612.5 4152.43432 N 00119.94854 E 9 1 0 1
2021 11 06 00 44 04 23608.902  -701.579 39176.794  12.84  12.21   58  612.2 4152.43434 N 00119.94855 E 9 1 0 1
2021 11 06 00 44 05 23607.357  -700.524 39179.245  12.84  12.21   57  612.2 4152.43438 N 00119.94858 E 10 1 0 1
2021 11 06 00 44 06 23608.898  -701.104 39177.354  12.84  12.21   57  611.8 4152.43443 N 00119.94857 E 10 1 0 1
2021 11 06 00 44 07 23607.658  -700.077 39179.634  12.84  12.21   57  611.3 4152.43452 N 00119.94859 E 10 1 0 1
2021 11 06 00 44 08 23609.113  -700.801 39177.599  12.84  12.21   57  611.4 4152.43455 N 00119.94862 E 10 1 0 1
2021 11 06 00 44 09 23607.808  -699.820 39179.763  12.84  12.21   57  611.0 4152.43449 N 00119.94855 E 10 1 0 1
2021 11 06 00 44 10 23609.271  -700.544 39177.775  12.84  12.21   57  611.0 4152.43450 N 00119.94862 E 10 1 0 1
2021 11 06 00 44 11 23607.924  -699.775 39179.693  12.84  12.21   57  610.9 4152.43451 N 00119.94870 E 10 1 0 1
2021 11 06 00 44 12 23609.363  -700.475 39177.689  12.84  12.21   57  610.9 4152.43450 N 00119.94878 E 10 1 0 1
2021 11 06 00 44 13 23607.990  -699.571 39179.821  12.84  12.21   57  610.6 4152.43454 N 00119.94889 E 10 1 0 1
2021 11 06 00 44 14 23609.414  -700.369 39177.747  12.84  12.21   57  610.3 4152.43459 N 00119.94894 E 10 1 0 1
2021 11 06 00 44 15 23608.086  -699.456 39179.848  12.84  12.21   57  609.8 4152.43465 N 00119.94903 E 10 1 0 1
2021 11 06 00 44 16 23609.342  -700.053 39178.127  12.84  12.21   57  609.5 4152.43462 N 00119.94909 E 9 1 0 1
2021 11 06 00 44 17 23608.195  -699.230 39179.973  12.84  12.21   57  609.3 4152.43463 N 00119.94905 E 9 1 0 1
2021 11 06 00 44 18 23609.422  -699.768 39178.314  12.84  12.21   57  609.1 4152.43464 N 00119.94901 E 9 1 0 1
2021 11 06 00 44 19 23608.365  -699.011 39180.051  12.84  12.21   57  609.2 4152.43467 N 00119.94909 E 9 1 0 1
2021 11 06 00 44 20 23607.900  -698.740 39180.729  12.84  12.21   57  608.9 4152.43479 N 00119.94927 E 10 1 0 1
2021 11 06 00 44 21 23609.394  -699.718 39178.317  12.84  12.21   57  608.8 4152.43484 N 00119.94930 E 10 1 0 1
2021 11 06 00 44 22 23608.264  -699.125 39179.828  12.84  12.21   57  608.5 4152.43492 N 00119.94930 E 10 1 0 1
2021 11 06 00 44 23 23609.310  -699.768 39178.192  12.84  12.21   57  608.1 4152.43500 N 00119.94928 E 10 1 0 1
2021 11 06 00 44 24 23608.369  -699.256 39179.525  12.84  12.21   57  608.1 4152.43502 N 00119.94931 E 10 1 0 1
2021 11 06 00 44 25 23608.607  -699.522 39178.958  12.84  12.21   57  608.3 4152.43503 N 00119.94934 E 10 1 0 1
2021 11 06 00 44 26 23607.863  -699.230 39179.783  12.84  12.21   57  608.3 4152.43498 N 00119.94923 E 10 1 0 1
2021 11 06 00 44 27 23608.961  -699.912 39178.077  12.84  12.21   57  608.1 4152.43501 N 00119.94918 E 10 1 0 1
2021 11 06 00 44 28 23607.744  -699.234 39179.762  12.84  12.21   57  607.8 4152.43508 N 00119.94915 E 10 1 0 1
2021 11 06 00 44 29 23608.998  -699.872 39178.026  12.84  12.21   57  607.6 4152.43504 N 00119.94911 E 10 1 0 1
2021 11 06 00 44 30 23607.693  -698.986 39180.112  12.84  12.21   57  607.4 4152.43501 N 00119.94906 E 10 1 0 1
2021 11 06 00 44 31 23608.971  -699.713 39178.251  12.84  12.21   57  607.3 4152.43500 N 00119.94905 E 10 1 0 1
2021 11 06 00 44 32 23607.752  -698.976 39180.089  12.84  12.21   57  607.4 4152.43493 N 00119.94899 E 10 1 0 1
2021 11 06 00 44 33 23609.059  -699.721 39178.170  12.84  12.21   57  607.1 4152.43498 N 00119.94898 E 10 1 0 1
2021 11 06 00 44 34 23608.031  -699.074 39179.740  12.83  12.21   57  607.2 4152.43498 N 00119.94896 E 10 1 0 1
2021 11 06 00 44 35 23609.213  -699.841 39177.887  12.84  12.21   57  607.3 4152.43492 N 00119.94886 E 10 1 0 1
2021 11 06 00 44 36 23607.584  -699.035 39180.041  12.84  12.21   57  607.6 4152.43488 N 00119.94882 E 10 1 0 1
2021 11 06 00 44 37 23608.873  -699.919 39177.928  12.84  12.21   57  607.6 4152.43483 N 00119.94880 E 10 1 0 1
2021 11 06 00 44 38 23607.299  -699.077 39180.113  12.83  12.21   57  607.7 4152.43479 N 00119.94884 E 10 1 0 1
2021 11 06 00 44 39 23608.830  -699.948 39177.873  12.83  12.21   57  607.7 4152.43471 N 00119.94881 E 10 1 0 1
2021 11 06 00 44 40 23607.299  -699.055 39180.070  12.83  12.21   57  607.5 4152.43464 N 00119.94881 E 10 1 0 1
2021 11 06 00 44 41 23608.883  -699.983 39177.713  12.84  12.21   57  608.0 4152.43457 N 00119.94891 E 10 1 0 1
2021 11 06 00 44 42 23607.299  -699.079 39180.020  12.83  12.21   57  608.1 4152.43456 N 00119.94901 E 10 1 0 1
2021 11 06 00 44 43 23608.787  -699.960 39177.783  12.83  12.21   57  608.3 4152.43451 N 00119.94901 E 10 1 0 1
2021 11 06 00 44 44 23607.355  -699.155 39179.880  12.83  12.21   58  608.8 4152.43444 N 00119.94906 E 10 1 0 1
2021 11 06 00 44 45 23608.812  -700.111 39177.561  12.83  12.21   57  608.7 4152.43438 N 00119.94895 E 10 1 0 1
2021 11 06 00 44 46 23607.062  -699.139 39180.026  12.83  12.21   57  608.8 4152.43432 N 00119.94890 E 10 1 0 1
2021 11 06 00 44 47 23608.578  -700.070 39177.708  12.83  12.21   57  608.8 4152.43424 N 00119.94880 E 10 1 0 1
2021 11 06 00 44 48 23607.099  -699.093 39180.014  12.83  12.21   57  609.1 4152.43415 N 00119.94873 E 10 1 0 1
2021 11 06 00 44 49 23608.463  -700.087 39177.683  12.83  12.21   57  609.3 4152.43415 N 00119.94879 E 10 1 0 1
2021 11 06 00 44 50 23606.896  -699.229 39179.889  12.83  12.21   57  609.4 4152.43412 N 00119.94880 E 10 1 0 1
2021 11 06 00 44 51 23608.742  -699.794 39177.883  12.83  12.21   57  609.7 4152.43408 N 00119.94882 E 10 1 0 1
2021 11 06 00 44 52 23607.390  -698.843 39180.073  12.83  12.21   57  610.2 4152.43401 N 00119.94884 E 10 1 0 1
2021 11 06 00 44 53 23608.451  -699.969 39177.772  12.83  12.21   57  610.2 4152.43403 N 00119.94889 E 10 1 0 1
2021 11 06 00 44 54 23607.269  -699.285 39179.505  12.83  12.21   58  610.0 4152.43402 N 00119.94885 E 10 1 0 1
2021 11 06 00 44 55 23607.496  -699.958 39178.351  12.83  12.21   57  610.1 4152.43403 N 00119.94887 E 10 1 0 1
2021 11 06 00 44 56 23606.336  -699.733 39179.392  12.83  12.21   57  610.1 4152.43402 N 00119.94883 E 10 1 0 1
2021 11 06 00 44 57 23607.601  -700.483 39177.445  12.83  12.21   57  610.4 4152.43400 N 00119.94882 E 10 1 0 1
2021 11 06 00 44 58 23606.043  -699.888 39179.258  12.83  12.21   57  610.9 4152.43390 N 00119.94876 E 10 1 0 1
2021 11 06 00 44 59 23607.242  -700.656 39177.370  12.83  12.21   57  610.6 4152.43397 N 00119.94886 E 10 1 0 1
2021 11 06 00 45 00 23606.078  -700.030 39178.947  12.83  12.21   57  611.1 4152.43385 N 00119.94869 E 10 1 0 1
2021 11 06 00 45 01 23607.277  -700.650 39177.260  12.83  12.21   57  611.1 4152.43382 N 00119.94869 E 10 1 0 1
2021 11 06 00 45 02 23607.740  -700.821 39176.699  12.83  12.21   57  611.3 4152.43383 N 00119.94878 E 10 1 0 1
2021 11 06 00 45 03 23607.853  -700.842 39176.579  12.83  12.21   57  611.2 4152.43380 N 00119.94876 E 10 1 0 1
2021 11 06 00 45 04 23608.267  -700.703 39176.463  12.83  12.21   57  610.9 4152.43381 N 00119.94880 E 10 1 0 1
2021 11 06 00 45 05 23606.709  -699.694 39178.871  12.83  12.21   58  610.9 4152.43381 N 00119.94879 E 9 1 0 1
2021 11 06 00 45 06 23607.461  -700.359 39177.432  12.83  12.21   57  611.5 4152.43370 N 00119.94861 E 10 1 0 1
2021 11 06 00 45 07 23606.265  -699.817 39178.947  12.83  12.21   57  611.5 4152.43372 N 00119.94875 E 10 1 0 1
2021 11 06 00 45 08 23607.279  -700.389 39177.450  12.83  12.21   57  611.7 4152.43370 N 00119.94882 E 10 1 0 1
2021 11 06 00 45 09 23606.160  -699.766 39179.035  12.83  12.21   57  611.6 4152.43367 N 00119.94880 E 10 1 0 1
2021 11 06 00 45 10 23607.435  -700.457 39177.225  12.83  12.21   57  611.7 4152.43361 N 00119.94870 E 10 1 0 1
2021 11 06 00 45 11 23606.068  -699.867 39178.899  12.83  12.21   57  612.0 4152.43356 N 00119.94881 E 9 1 0 1
2021 11 06 00 45 12 23607.242  -700.720 39176.952  12.83  12.21   57  612.0 4152.43355 N 00119.94886 E 9 1 0 1
2021 11 06 00 45 13 23606.019  -699.923 39178.860  12.83  12.21   57  611.7 4152.43360 N 00119.94903 E 10 1 0 1
2021 11 06 00 45 14 23607.982  -700.453 39176.885  12.83  12.21   58  611.5 4152.43361 N 00119.94905 E 10 1 0 1
2021 11 06 00 45 15 23606.306  -699.960 39178.686  12.83  12.21   57  612.1 4152.43356 N 00119.94909 E 10 1 0 1
2021 11 06 00 45 16 23606.695  -701.281 39176.475  12.83  12.21   57  611.9 4152.43363 N 00119.94926 E 10 1 0 1
2021 11 06 00 45 17 23605.283  -700.519 39178.428  12.83  12.21   57  611.5 4152.43367 N 00119.94927 E 10 1 0 1
2021 11 06 00 45 18 23607.092  -700.923 39176.710  12.83  12.21   57  611.3 4152.43363 N 00119.94920 E 10 1 0 1
2021 11 06 00 45 19 23605.896  -699.800 39179.100  12.83  12.21   57  611.5 4152.43357 N 00119.94919 E 10 1 0 1
2021 11 06 00 45 20 23607.769  -700.366 39177.133  12.83  12.21   57  611.7 4152.43353 N 00119.94921 E 10 1 0 1
2021 11 06 00 45 21 23606.609  -699.483 39179.177  12.83  12.21   57  611.7 4152.43353 N 00119.94922 E 10 1 0 1
2021 11 06 00 45 22 23607.744  -700.572 39176.912  12.83  12.21   57  611.3 4152.43349 N 00119.94912 E 10 1 0 1
2021 11 06 00 45 23 23606.426  -699.693 39179.123  12.83  12.21   57  610.7 4152.43351 N 00119.94903 E 10 1 0 1
2021 11 06 00 45 24 23608.340  -700.554 39176.697  12.83  12.21   57  610.5 4152.43353 N 00119.94900 E 10 1 0 1
2021 11 06 00 45 25 23606.170  -699.509 39179.514  12.83  12.21   58  610.6 4152.43353 N 00119.94900 E 10 1 0 1
2021 11 06 00 45 26 23608.180  -700.405 39176.926  12.83  12.21   57  610.2 4152.43356 N 00119.94899 E 10 1 0 1
2021 11 06 00 45 27 23606.457  -699.785 39178.893  12.83  12.21   57  610.0 4152.43357 N 00119.94893 E 10 1 0 1
2021 11 06 00 45 28 23607.781  -700.949 39176.364  12.83  12.21   57  609.9 4152.43361 N 00119.94890 E 10 1 0 1
2021 11 06 00 45 29 23605.972  -700.180 39178.607  12.83  12.21   57  609.4 4152.43362 N 00119.94881 E 10 1 0 1
2021 11 06 00 45 30 23607.217  -701.441 39176.058  12.83  12.21   57  609.3 4152.43366 N 00119.94882 E 9 1 0 1
2021 11 06 00 45 31 23605.758  -700.609 39178.225  12.83  12.21   57  609.2 4152.43369 N 00119.94878 E 9 1 0 1
2021 11 06 00 45 32 23607.488  -701.327 39176.142  12.83  12.21   57  609.5 4152.43371 N 00119.94876 E 10 1 0 1
2021 11 06 00 45 33 23605.937  -700.609 39178.125  12.83  12.21   57  608.9 4152.43374 N 00119.94864 E 10 1 0 1
2021 11 06 00 45 34 23607.453  -701.535 39175.842  12.83  12.21   58  609.0 4152.43375 N 00119.94864 E 10 1 0 1
2021 11 06 00 45 35 23606.203  -700.551 39178.076  12.83  12.21   57  609.2 4152.43375 N 00119.94864 E 10 1 0 1
2021 11 06 00 45 36 23607.722  -701.295 39176.057  12.83  12.21   57  609.3 4152.43379 N 00119.94865 E 10 1 0 1
2021 11 06 00 45 37 23606.222  -700.407 39178.345  12.83  12.21   57  609.3 4152.43383 N 00119.94860 E 10 1 0 1
2021 11 06 00 45 38 23607.654  -701.146 39176.415  12.83  12.21   57  609.5 4152.43380 N 00119.94857 E 10 1 0 1
2021 11 06 00 45 39 23606.658  -700.222 39178.405  12.83  12.21   57  609.8 4152.43376 N 00119.94852 E 9 1 0 1
2021 11 06 00 45 40 23608.349  -700.686 39176.710  12.83  12.21   57  610.2 4152.43376 N 00119.94849 E 10 1 0 1
2021 11 06 00 45 41 23607.244  -699.935 39178.568  12.83  12.21   57  610.5 4152.43379 N 00119.94842 E 10 1 0 1
2021 11 06 00 45 42 23608.346  -700.710 39176.796  12.83  12.21   57  610.3 4152.43378 N 00119.94830 E 10 1 0 1
2021 11 06 00 45 43 23607.178  -700.118 39178.487  12.83  12.21   57  610.7 4152.43377 N 00119.94833 E 10 1 0 1
2021 11 06 00 45 44 23608.728  -700.941 39176.383  12.83  12.21   58  611.1 4152.43376 N 00119.94838 E 10 1 0 1
2021 11 06 00 45 45 23609.080  -701.249 39175.782  12.83  12.21   57  611.2 4152.43374 N 00119.94842 E 10 1 0 1
2021 11 06 00 45 46 23607.496  -700.242 39178.236  12.83  12.21   57  611.4 4152.43376 N 00119.94852 E 10 1 0 1
2021 11 06 00 45 47 23608.324  -700.527 39177.346  12.83  12.21   57  611.1 4152.43378 N 00119.94847 E 10 1 0 1
2021 11 06 00 45 48 23607.703  -700.059 39178.494  12.83  12.21   57  610.9 4152.43383 N 00119.94843 E 9 1 0 1
2021 11 06 00 45 49 23608.775  -700.773 39176.843  12.83  12.21   57  610.7 4152.43389 N 00119.94842 E 9 1 0 1
2021 11 06 00 45 50 23607.719  -700.170 39178.417  12.83  12.21   57  610.6 4152.43393 N 00119.94844 E 9 1 0 1
2021 11 06 00 45 51 23609.053  -700.713 39176.868  12.83  12.21   57  610.8 4152.43395 N 00119.94858 E 9 1 0 1
2021 11 06 00 45 52 23608.162  -699.932 39178.622  12.83  12.21   57  611.5 4152.43389 N 00119.94872 E 10 1 0 1
2021 11 06 00 45 53 23609.523  -700.522 39177.030  12.83  12.21   57  611.6 4152.43390 N 00119.94875 E 10 1 0 1
2021 11 06 00 45 54 23608.140  -700.123 39178.549  12.83  12.21   57  611.8 4152.43382 N 00119.94862 E 10 1 0 1
2021 11 06 00 45 55 23608.863  -700.922 39177.024  12.83  12.21   57  611.6 4152.43384 N 00119.94851 E 10 1 0 1
2021 11 06 00 45 56 23607.142  -699.945 39179.657  12.83  12.21   57  612.2 4152.43382 N 00119.94866 E 10 1 0 1
2021 11 06 00 45 57 23608.740  -701.374 39176.659  12.83  12.21   57  612.3 4152.43380 N 00119.94859 E 10 1 0 1
2021 11 06 00 45 58 23607.484  -700.664 39178.582  12.83  12.21   57  612.2 4152.43376 N 00119.94840 E 10 1 0 1
2021 11 06 00 45 59 23608.598  -701.629 39176.617  12.83  12.21   57  612.1 4152.43376 N 00119.94825 E 10 1 0 1
2021 11 06 00 46 00 23607.506  -700.757 39178.673  12.83  12.21   57  612.1 4152.43377 N 00119.94822 E 10 1 0 1
2021 11 06 00 46 01 23608.898  -701.764 39176.424  12.83  12.21   57  612.1 4152.43379 N 00119.94815 E 10 1 0 1
2021 11 06 00 46 02 23607.388  -701.109 39178.389  12.83  12.21   57  612.1 4152.43374 N 00119.94802 E 10 1 0 1
2021 11 06 00 46 03 23608.676  -702.020 39176.323  12.83  12.21   57  612.7 4152.43370 N 00119.94814 E 10 1 0 1
2021 11 06 00 46 04 23607.724  -701.074 39178.364  12.83  12.21   58  613.0 4152.43371 N 00119.94820 E 10 1 0 1
2021 11 06 00 46 05 23609.443  -701.824 39176.292  12.83  12.21   57  613.0 4152.43373 N 00119.94820 E 10 1 0 1
2021 11 06 00 46 06 23607.904  -700.817 39178.751  12.83  12.21   57  613.1 4152.43372 N 00119.94814 E 10 1 0 1
2021 11 06 00 46 07 23609.238  -701.713 39176.645  12.83  12.21   57  613.1 4152.43374 N 00119.94810 E 10 1 0 1
2021 11 06 00 46 08 23607.678  -701.016 39178.696  12.83  12.21   57  613.4 4152.43377 N 00119.94822 E 10 1 0 1
2021 11 06 00 46 09 23609.316  -701.955 39176.366  12.83  12.21   57  613.3 4152.43384 N 00119.94823 E 10 1 0 1
2021 11 06 00 46 10 23608.049  -700.805 39178.873  12.83  12.21   57  613.0 4152.43390 N 00119.94810 E 10 1 0 1
2021 11 06 00 46 11 23609.791  -701.682 39176.610  12.83  12.21   57  613.2 4152.43392 N 00119.94807 E 10 1 0 1
2021 11 06 00 46 12 23607.570  -701.372 39178.521  12.83  12.21   57  613.2 4152.43394 N 00119.94802 E 10 1 0 1
2021 11 06 00 46 13 23608.678  -702.680 39175.921  12.83  12.21   57  613.2 4152.43396 N 00119.94793 E 10 1 0 1
2021 11 06 00 46 14 23607.244  -702.018 39177.828  12.83  12.21   58  612.9 4152.43401 N 00119.94777 E 10 1 0 1
2021 11 06 00 46 15 23608.658  -702.811 39175.844  12.83  12.21   57  612.8 4152.43403 N 00119.94772 E 10 1 0 1
2021 11 06 00 46 16 23607.105  -702.180 39177.765  12.83  12.21   57  612.7 4152.43407 N 00119.94774 E 10 1 0 1
2021 11 06 00 46 17 23608.086  -703.178 39175.701  12.83  12.21   57  612.4 4152.43411 N 00119.94764 E 10 1 0 1
2021 11 06 00 46 18 23606.635  -702.433 39177.760  12.83  12.21   57  612.4 4152.43412 N 00119.94761 E 10 1 0 1
2021 11 06 00 46 19 23608.351  -703.043 39175.780  12.83  12.21   57  612.3 4152.43416 N 00119.94759 E 10 1 0 1
2021 11 06 00 46 20 23607.267  -702.030 39177.961  12.83  12.21   57  611.9 4152.43422 N 00119.94755 E 10 1 0 1
2021 11 06 00 46 21 23608.664  -702.776 39175.988  12.83  12.21   57  611.9 4152.43423 N 00119.94743 E 10 1 0 1
2021 11 06 00 46 22 23607.654  -701.838 39177.982  12.83  12.21   57  611.8 4152.43425 N 00119.94734 E 10 1 0 1
2021 11 06 00 46 23 23609.166  -702.263 39176.477  12.83  12.21   57  611.7 4152.43423 N 00119.94727 E 9 1 0 1
2021 11 06 00 46 24 23608.068  -701.703 39178.000  12.83  12.21   57  611.4 4152.43428 N 00119.94729 E 10 1 0 1
2021 11 06 00 46 25 23609.197  -702.424 39176.232  12.83  12.21   58  611.3 4152.43432 N 00119.94730 E 10 1 0 1
2021 11 06 00 46 26 23607.506  -701.283 39178.962  12.83  12.21   58  611.0 4152.43429 N 00119.94719 E 10 1 0 1
2021 11 06 00 46 27 23609.377  -702.442 39176.190  12.83  12.21   57  611.1 4152.43432 N 00119.94723 E 10 1 0 1
2021 11 06 00 46 28 23609.539  -702.571 39175.927  12.83  12.21   57  611.1 4152.43434 N 00119.94722 E 10 1 0 1
2021 11 06 00 46 29 23607.902  -701.859 39178.004  12.83  12.21   57  611.2 4152.43436 N 00119.94728 E 10 1 0 1
2021 11 06 00 46 30 23608.851  -702.616 39176.332  12.83  12.21   57  611.1 4152.43435 N 00119.94725 E 10 1 0 1
2021 11 06 00 46 31 23607.810  -702.212 39177.591  12.83  12.21   57  610.8 4152.43438 N 00119.94723 E 10 1 0 1
2021 11 06 00 46 32 23608.566  -702.749 39176.370  12.83  12.21   57  610.7 4152.43441 N 00119.94726 E 10 1 0 1
2021 11 06 00 46 33 23607.758  -702.223 39177.669  12.83  12.21   57  610.7 4152.43441 N 00119.94732 E 10 1 0 1
2021 11 06 00 46 34 23608.801  -702.764 39176.341  12.83  12.21   58  610.5 4152.43443 N 00119.94732 E 10 1 0 1
2021 11 06 00 46 35 23607.955  -702.173 39177.768  12.83  12.21   57  610.2 4152.43443 N 00119.94728 E 10 1 0 1
2021 11 06 00 46 36 23609.344  -702.807 39176.009  12.83  12.21   57  610.2 4152.43449 N 00119.94743 E 10 1 0 1
2021 11 06 00 46 37 23608.105  -701.965 39178.029  12.83  12.21   57  610.6 4152.43445 N 00119.94748 E 10 1 0 1
2021 11 06 00 46 38 23609.051  -702.483 39176.708  12.83  12.21   57  610.8 4152.43445 N 00119.94753 E 10 1 0 1
2021 11 06 00 46 39 23608.148  -701.917 39178.111  12.83  12.21   57  611.1 4152.43439 N 00119.94756 E 10 1 0 1
2021 11 06 00 46 40 23609.420  -702.457 39176.538  12.83  12.21   57  611.1 4152.43436 N 00119.94761 E 10 1 0 1
2021 11 06 00 46 41 23608.453  -701.627 39178.405  12.83  12.21   57  611.4 4152.43431 N 00119.94767 E 10 1 0 1
2021 11 06 00 46 42 23610.150  -702.066 39176.744  12.83  12.21   57  611.3 4152.43431 N 00119.94773 E 10 1 0 1
2021 11 06 00 46 43 23608.652  -701.626 39178.394  12.83  12.21   57  611.1 4152.43435 N 00119.94782 E 10 1 0 1
2021 11 06 00 46 44 23609.518  -702.662 39176.423  12.83  12.21   57  611.3 4152.43431 N 00119.94775 E 10 1 0 1
2021 11 06 00 46 45 23608.060  -701.970 39178.283  12.83  12.21   57  611.3 4152.43431 N 00119.94771 E 10 1 0 1
2021 11 06 00 46 46 23609.359  -702.616 39176.617  12.83  12.21   57  611.5 4152.43431 N 00119.94779 E 10 1 0 1
2021 11 06 00 46 47 23608.238  -701.858 39178.444  12.83  12.21   57  610.7 4152.43439 N 00119.94778 E 10 1 0 1
2021 11 06 00 46 48 23610.078  -702.589 39176.322  12.83  12.21   57  610.5 4152.43443 N 00119.94778 E 10 1 0 1
2021 11 06 00 46 49 23608.512  -701.799 39178.484  12.83  12.21   57  610.2 4152.43445 N 00119.94775 E 10 1 0 1
2021 11 06 00 46 50 23609.459  -702.617 39176.739  12.83  12.21   57  610.5 4152.43442 N 00119.94781 E 10 1 0 1
2021 11 06 00 46 51 23608.162  -701.996 39178.514  12.83  12.21   57  610.4 4152.43441 N 00119.94788 E 10 1 0 1
2021 11 06 00 46 52 23609.607  -702.978 39176.250  12.83  12.21   57  610.2 4152.43445 N 00119.94795 E 10 1 0 1
2021 11 06 00 46 53 23608.111  -701.969 39178.701  12.83  12.21   57  609.8 4152.43451 N 00119.94811 E 10 1 0 1
2021 11 06 00 46 54 23610.098  -702.851 39176.241  12.83  12.21   58  609.3 4152.43456 N 00119.94814 E 10 1 0 1
2021 11 06 00 46 55 23608.500  -702.041 39178.490  12.83  12.21   57  609.2 4152.43455 N 00119.94810 E 10 1 0 1
2021 11 06 00 46 56 23609.402  -702.859 39176.799  12.83  12.21   57  608.7 4152.43460 N 00119.94809 E 10 1 0 1
2021 11 06 00 46 57 23607.312  -701.683 39179.904  12.83  12.21   57  608.8 4152.43458 N 00119.94808 E 10 1 0 1
2021 11 06 00 46 58 23609.949  -702.986 39176.421  12.83  12.21   57  608.5 4152.43459 N 00119.94802 E 9 1 0 1
2021 11 06 00 46 59 23608.490  -702.093 39178.752  12.83  12.21   57  608.4 4152.43462 N 00119.94799 E 10 1 0 1
2021 11 06 00 47 00 23609.930  -703.054 39176.542  12.83  12.21   57  608.4 4152.43461 N 00119.94796 E 10 1 0 1
2021 11 06 00 47 01 23608.633  -702.246 39178.617  12.83  12.21   57  608.2 4152.43464 N 00119.94799 E 10 1 0 1
2021 11 06 00 47 02 23610.254  -703.095 39176.436  12.83  12.21   58  607.8 4152.43466 N 00119.94794 E 10 1 0 1
2021 11 06 00 47 03 23608.767  -702.425 39178.412  12.83  12.21   57  607.4 4152.43471 N 00119.94791 E 10 1 0 1
2021 11 06 00 47 04 23610.416  -703.172 39176.387  12.83  12.21   58  606.9 4152.43480 N 00119.94795 E 10 1 0 1
2021 11 06 00 47 05 23609.330  -702.179 39178.630  12.83  12.21   57  606.9 4152.43480 N 00119.94787 E 10 1 0 1
2021 11 06 00 47 06 23610.600  -702.987 39176.734  12.83  12.21   57  606.6 4152.43485 N 00119.94787 E 10 1 0 1
2021 11 06 00 47 07 23609.086  -702.457 39178.497  12.83  12.21   57  606.5 4152.43483 N 00119.94778 E 10 1 0 1
2021 11 06 00 47 08 23610.156  -703.243 39176.748  12.83  12.21   57  606.1 4152.43484 N 00119.94759 E 10 1 0 1
2021 11 06 00 47 09 23608.922  -702.667 39178.427  12.83  12.21   57  606.0 4152.43485 N 00119.94751 E 10 1 0 1
2021 11 06 00 47 10 23608.500  -702.597 39178.837  12.83  12.21   57  606.0 4152.43485 N 00119.94759 E 10 1 0 1
2021 11 06 00 47 11 23609.498  -703.471 39177.034  12.83  12.21   57  605.9 4152.43484 N 00119.94759 E 10 1 0 1
2021 11 06 00 47 12 23609.057  -702.961 39178.051  12.83  12.21   57  605.4 4152.43488 N 00119.94759 E 10 1 0 1
2021 11 06 00 47 13 23610.131  -703.328 39176.878  12.83  12.21   57  604.8 4152.43491 N 00119.94749 E 10 1 0 1
2021 11 06 00 47 14 23609.277  -702.958 39178.017  12.83  12.21   57  604.9 4152.43490 N 00119.94753 E 10 1 0 1
2021 11 06 00 47 15 23609.857  -703.411 39176.962  12.83  12.21   57  605.1 4152.43484 N 00119.94749 E 9 1 0 1
2021 11 06 00 47 16 23609.053  -702.894 39178.226  12.83  12.21   57  605.3 4152.43478 N 00119.94747 E 9 1 0 1
2021 11 06 00 47 17 23610.199  -703.541 39176.567  12.83  12.21   57  604.8 4152.43476 N 00119.94728 E 10 1 0 1
2021 11 06 00 47 18 23608.967  -702.799 39178.424  12.83  12.21   57  604.8 4152.43474 N 00119.94726 E 10 1 0 1
2021 11 06 00 47 19 23610.344  -703.323 39176.782  12.83  12.21   57  604.5 4152.43475 N 00119.94723 E 10 1 0 1
2021 11 06 00 47 20 23609.389  -702.511 39178.554  12.83  12.21   57  604.9 4152.43469 N 00119.94733 E 10 1 0 1
2021 11 06 00 47 21 23610.684  -703.125 39176.837  12.83  12.21   57  605.0 4152.43467 N 00119.94736 E 10 1 0 1
2021 11 06 00 47 22 23609.576  -702.255 39178.773  12.83  12.21   57  605.4 4152.43465 N 00119.94757 E 9 1 0 1
2021 11 06 00 47 23 23610.920  -702.836 39177.107  12.83  12.21   57  605.4 4152.43466 N 00119.94772 E 9 1 0 1
2021 11 06 00 47 24 23609.908  -702.177 39178.708  12.83  12.21   58  606.2 4152.43460 N 00119.94786 E 10 1 0 1
2021 11 06 00 47 25 23611.129  -702.769 39177.049  12.83  12.21   57  606.9 4152.43452 N 00119.94780 E 10 1 0 1
2021 11 06 00 47 26 23609.545  -701.779 39179.519  12.83  12.21   57  606.9 4152.43457 N 00119.94799 E 10 1 0 1
2021 11 06 00 47 27 23610.986  -702.500 39177.535  12.83  12.21   57  607.1 4152.43456 N 00119.94834 E 10 1 0 1
2021 11 06 00 47 28 23609.904  -701.814 39179.190  12.83  12.21   57  607.5 4152.43452 N 00119.94850 E 10 1 0 1
2021 11 06 00 47 29 23611.498  -702.689 39176.919  12.83  12.21   57  607.7 4152.43450 N 00119.94861 E 10 1 0 1
2021 11 06 00 47 30 23610.016  -701.821 39179.121  12.83  12.21   57  608.6 4152.43439 N 00119.94860 E 10 1 0 1
2021 11 06 00 47 31 23610.959  -702.476 39177.573  12.83  12.21   57  608.5 4152.43444 N 00119.94871 E 10 1 0 1
2021 11 06 00 47 32 23609.914  -701.875 39179.116  12.83  12.21   57  607.6 4152.43453 N 00119.94851 E 10 1 0 1
2021 11 06 00 47 33 23611.080  -702.434 39177.543  12.83  12.21   57  608.0 4152.43449 N 00119.94871 E 10 1 0 1
2021 11 06 00 47 34 23609.879  -701.738 39179.275  12.83  12.21   57  608.5 4152.43449 N 00119.94922 E 10 1 0 1
2021 11 06 00 47 35 23611.369  -702.803 39176.751  12.83  12.21   57  608.3 4152.43451 N 00119.94935 E 10 1 0 1
2021 11 06 00 47 36 23609.791  -702.049 39178.835  12.83  12.21   57  608.3 4152.43451 N 00119.94947 E 10 1 0 1
2021 11 06 00 47 37 23610.889  -702.773 39177.059  12.83  12.21   57  609.0 4152.43436 N 00119.94943 E 10 1 0 1
2021 11 06 00 47 38 23609.525  -702.116 39178.857  12.83  12.21   57  608.5 4152.43442 N 00119.94960 E 10 1 0 1
2021 11 06 00 47 39 23610.693  -702.903 39176.984  12.83  12.21   57  608.2 4152.43440 N 00119.94937 E 10 1 0 1
2021 11 06 00 47 40 23609.164  -702.247 39178.859  12.83  12.21   57  608.0 4152.43436 N 00119.94916 E 10 1 0 1
2021 11 06 00 47 41 23610.693  -703.153 39176.560  12.83  12.21   57  607.7 4152.43438 N 00119.94919 E 10 1 0 1
2021 11 06 00 47 42 23609.316  -702.300 39178.693  12.83  12.21   57  607.5 4152.43435 N 00119.94893 E 10 1 0 1
2021 11 06 00 47 43 23610.521  -703.014 39176.886  12.83  12.21   57  606.7 4152.43442 N 00119.94895 E 10 1 0 1
2021 11 06 00 47 44 23609.600  -702.102 39178.795  12.83  12.21   57  606.3 4152.43450 N 00119.94897 E 10 1 0 1
2021 11 06 00 47 45 23610.908  -702.813 39176.982  12.83  12.21   57  606.0 4152.43452 N 00119.94888 E 10 1 0 1
2021 11 06 00 47 46 23609.734  -702.182 39178.715  12.83  12.21   58  606.1 4152.43446 N 00119.94884 E 10 1 0 1
2021 11 06 00 47 47 23611.164  -702.846 39176.886  12.83  12.21   57  606.0 4152.43445 N 00119.94888 E 10 1 0 1
2021 11 06 00 47 48 23609.937  -701.682 39179.322  12.83  12.21   57  606.0 4152.43446 N 00119.94890 E 10 1 0 1
2021 11 06 00 47 49 23611.070  -702.185 39177.885  12.83  12.21   57  605.8 4152.43446 N 00119.94893 E 10 1 0 1
2021 11 06 00 47 50 23610.346  -701.518 39179.332  12.83  12.21   57  606.0 4152.43441 N 00119.94885 E 10 1 0 1
2021 11 06 00 47 51 23611.709  -702.013 39177.806  12.83  12.21   57  605.9 4152.43439 N 00119.94876 E 10 1 0 1
2021 11 06 00 47 52 23610.582  -701.532 39179.291  12.83  12.21   57  606.3 4152.43431 N 00119.94862 E 10 1 0 1
2021 11 06 00 47 53 23611.416  -701.835 39178.287  12.83  12.21   57  606.4 4152.43425 N 00119.94835 E 10 1 0 1
2021 11 06 00 47 54 23612.721  -702.166 39177.042  12.83  12.21   57  606.5 4152.43424 N 00119.94835 E 10 1 0 1
2021 11 06 00 47 55 23611.756  -700.894 39179.479  12.83  12.21   57  606.3 4152.43427 N 00119.94855 E 10 1 0 1
2021 11 06 00 47 56 23612.283  -701.393 39178.506  12.83  12.21   57  606.3 4152.43429 N 00119.94866 E 10 1 0 1
2021 11 06 00 47 57 23610.117  -701.068 39180.300  12.83  12.21   57  606.2 4152.43431 N 00119.94870 E 10 1 0 1
2021 11 06 00 47 58 23611.953  -702.014 39177.855  12.83  12.21   57  606.6 4152.43427 N 00119.94866 E 10 1 0 1
2021 11 06 00 47 59 23610.826  -701.537 39179.328  12.83  12.21   57  606.5 4152.43427 N 00119.94865 E 10 1 0 1
2021 11 06 00 48 00 23611.357  -702.307 39177.845  12.83  12.21   57  606.7 4152.43422 N 00119.94856 E 10 1 0 1
2021 11 06 00 48 01 23610.262  -701.976 39179.002  12.83  12.21   57  606.1 4152.43434 N 00119.94861 E 10 1 0 1
2021 11 06 00 48 02 23611.045  -702.772 39177.330  12.83  12.21   57  605.6 4152.43444 N 00119.94858 E 10 1 0 1
2021 11 06 00 48 03 23609.971  -702.138 39178.966  12.83  12.21   57  605.3 4152.43451 N 00119.94854 E 10 1 0 1
2021 11 06 00 48 04 23611.512  -702.746 39177.157  12.83  12.21   57  605.1 4152.43458 N 00119.94861 E 10 1 0 1
2021 11 06 00 48 05 23610.033  -702.226 39178.834  12.83  12.21   57  604.6 4152.43470 N 00119.94862 E 10 1 0 1
2021 11 06 00 48 06 23611.096  -702.563 39177.720  12.83  12.21   57  604.0 4152.43481 N 00119.94868 E 9 1 0 1
2021 11 06 00 48 07 23609.869  -702.291 39178.888  12.83  12.21   57  603.9 4152.43487 N 00119.94874 E 9 1 0 1
2021 11 06 00 48 08 23610.463  -703.575 39176.714  12.83  12.21   57  604.2 4152.43487 N 00119.94887 E 10 1 0 1
2021 11 06 00 48 09 23608.920  -703.042 39178.445  12.83  12.21   57  604.3 4152.43483 N 00119.94902 E 10 1 0 1
2021 11 06 00 48 10 23610.531  -703.779 39176.411  12.83  12.21   57  604.1 4152.43483 N 00119.94880 E 10 1 0 1
2021 11 06 00 48 11 23609.506  -702.754 39178.615  12.83  12.21   57  603.8 4152.43488 N 00119.94869 E 10 1 0 1
2021 11 06 00 48 12 23610.559  -703.699 39176.641  12.83  12.21   57  603.2 4152.43490 N 00119.94869 E 10 1 0 1
2021 11 06 00 48 13 23609.432  -702.784 39178.689  12.83  12.21   57  603.3 4152.43490 N 00119.94871 E 10 1 0 1
2021 11 06 00 48 14 23610.629  -703.474 39177.015  12.83  12.21   57  603.2 4152.43490 N 00119.94884 E 10 1 0 1
2021 11 06 00 48 15 23609.254  -703.107 39178.495  12.83  12.21   57  603.2 4152.43490 N 00119.94895 E 10 1 0 1
2021 11 06 00 48 16 23611.025  -703.696 39176.531  12.83  12.21   58  603.0 4152.43489 N 00119.94880 E 10 1 0 1
2021 11 06 00 48 17 23609.570  -702.900 39178.628  12.83  12.21   57  603.4 4152.43485 N 00119.94881 E 10 1 0 1
2021 11 06 00 48 18 23610.781  -703.475 39177.094  12.83  12.21   57  603.2 4152.43486 N 00119.94877 E 10 1 0 1
2021 11 06 00 48 19 23609.605  -702.775 39178.944  12.83  12.21   57  603.0 4152.43485 N 00119.94858 E 10 1 0 1
2021 11 06 00 48 20 23611.117  -703.566 39176.898  12.83  12.21   57  603.8 4152.43471 N 00119.94854 E 10 1 0 1
2021 11 06 00 48 21 23609.754  -702.610 39179.179  12.83  12.21   57  604.3 4152.43464 N 00119.94853 E 9 1 0 1
2021 11 06 00 48 22 23611.225  -703.528 39177.008  12.83  12.21   57  604.0 4152.43470 N 00119.94871 E 9 1 0 1
2021 11 06 00 48 23 23610.070  -702.585 39179.169  12.83  12.21   57  604.1 4152.43471 N 00119.94899 E 9 1 0 1
2021 11 06 00 48 24 23611.555  -703.595 39176.847  12.83  12.21   57  604.4 4152.43466 N 00119.94919 E 10 1 0 1
2021 11 06 00 48 25 23610.100  -702.870 39178.812  12.83  12.21   57  604.7 4152.43456 N 00119.94910 E 10 1 0 1
2021 11 06 00 48 26 23611.482  -703.559 39177.022  12.83  12.21   57  604.5 4152.43463 N 00119.94941 E 10 1 0 1
2021 11 06 00 48 27 23609.377  -702.441 39180.026  12.83  12.21   58  604.7 4152.43457 N 00119.94964 E 9 1 0 1
2021 11 06 00 48 28 23611.629  -703.914 39176.525  12.83  12.21   57  604.6 4152.43460 N 00119.94981 E 10 1 0 1
2021 11 06 00 48 29 23610.016  -702.905 39179.018  12.83  12.21   57  603.7 4152.43478 N 00119.95007 E 10 1 0 1
2021 11 06 00 48 30 23611.342  -703.664 39177.088  12.83  12.21   57  604.1 4152.43475 N 00119.95016 E 10 1 0 1
2021 11 06 00 48 31 23610.164  -702.939 39178.895  12.83  12.21   57  604.2 4152.43477 N 00119.95029 E 10 1 0 1
2021 11 06 00 48 32 23611.106  -703.445 39177.577  12.83  12.21   57  604.0 4152.43481 N 00119.95034 E 10 1 0 1
2021 11 06 00 48 33 23610.400  -702.887 39178.853  12.83  12.21   57  603.7 4152.43486 N 00119.95032 E 10 1 0 1
2021 11 06 00 48 34 23611.445  -703.471 39177.373  12.83  12.21   57  603.3 4152.43487 N 00119.95026 E 10 1 0 1
2021 11 06 00 48 35 23610.271  -703.219 39178.483  12.83  12.21   57  603.2 4152.43488 N 00119.95028 E 10 1 0 1
2021 11 06 00 48 36 23610.830  -703.636 39177.447  12.83  12.21   57  602.9 4152.43488 N 00119.95029 E 9 1 0 1
2021 11 06 00 48 37 23611.625  -704.075 39176.316  12.83  12.21   57  602.6 4152.43491 N 00119.95055 E 9 1 0 1
2021 11 06 00 48 38 23610.201  -703.167 39178.580  12.83  12.21   57  602.3 4152.43491 N 00119.95056 E 10 1 0 1
2021 11 06 00 48 39 23610.807  -703.544 39177.595  12.83  12.21   57  602.3 4152.43491 N 00119.95072 E 10 1 0 1
2021 11 06 00 48 40 23610.133  -703.188 39178.502  12.83  12.21   57  601.6 4152.43500 N 00119.95083 E 10 1 0 1
2021 11 06 00 48 41 23611.141  -703.753 39177.044  12.83  12.21   57  601.9 4152.43497 N 00119.95107 E 10 1 0 1
2021 11 06 00 48 42 23610.066  -703.049 39178.727  12.83  12.21   57  601.1 4152.43500 N 00119.95086 E 10 1 0 1
2021 11 06 00 48 43 23611.264  -703.674 39177.064  12.83  12.21   57  600.8 4152.43507 N 00119.95094 E 10 1 0 1
2021 11 06 00 48 44 23610.115  -702.941 39178.812  12.83  12.21   57  600.1 4152.43519 N 00119.95105 E 10 1 0 1
2021 11 06 00 48 45 23611.395  -703.689 39176.936  12.83  12.21   58  600.1 4152.43520 N 00119.95095 E 10 1 0 1
2021 11 06 00 48 46 23610.002  -703.012 39178.742  12.83  12.21   57  600.1 4152.43516 N 00119.95098 E 10 1 0 1
2021 11 06 00 48 47 23610.867  -703.581 39177.373  12.83  12.21   57  599.9 4152.43512 N 00119.95091 E 10 1 0 1
2021 11 06 00 48 48 23609.971  -702.918 39178.921  12.83  12.21   57  599.4 4152.43512 N 00119.95092 E 10 1 0 1
2021 11 06 00 48 49 23611.436  -703.497 39177.056  12.83  12.21   57  599.7 4152.43503 N 00119.95084 E 10 1 0 1
2021 11 06 00 48 50 23610.244  -702.639 39179.061  12.83  12.21   57  599.8 4152.43490 N 00119.95076 E 10 1 0 1
2021 11 06 00 48 51 23611.223  -703.115 39177.740  12.83  12.21   57  599.9 4152.43485 N 00119.95065 E 10 1 0 1
2021 11 06 00 48 52 23610.211  -702.612 39179.116  12.83  12.21   57  599.6 4152.43490 N 00119.95069 E 10 1 0 1
2021 11 06 00 48 53 23611.334  -703.384 39177.293  12.83  12.21   57  599.8 4152.43481 N 00119.95061 E 10 1 0 1
2021 11 06 00 48 54 23610.103  -702.614 39179.150  12.83  12.21   57  600.0 4152.43473 N 00119.95044 E 10 1 0 1
2021 11 06 00 48 55 23611.699  -703.468 39176.921  12.83  12.21   57  600.5 4152.43464 N 00119.95039 E 10 1 0 1
2021 11 06 00 48 56 23610.172  -702.560 39179.131  12.83  12.21   57  600.8 4152.43460 N 00119.95047 E 10 1 0 1
2021 11 06 00 48 57 23610.910  -702.925 39178.092  12.83  12.21   58  600.8 4152.43464 N 00119.95062 E 10 1 0 1
2021 11 06 00 48 58 23610.262  -702.527 39179.080  12.83  12.21   57  601.0 4152.43464 N 00119.95062 E 10 1 0 1
2021 11 06 00 48 59 23611.557  -703.199 39177.282  12.83  12.21   57  601.2 4152.43466 N 00119.95068 E 10 1 0 1
2021 11 06 00 49 00 23610.129  -702.275 39179.433  12.83  12.21   57  601.0 4152.43471 N 00119.95091 E 10 1 0 1
2021 11 06 00 49 01 23611.678  -703.175 39177.134  12.83  12.21   57  601.4 4152.43466 N 00119.95104 E 10 1 0 1
2021 11 06 00 49 02 23610.137  -702.253 39179.453  12.83  12.21   57  602.0 4152.43455 N 00119.95095 E 10 1 0 1
2021 11 06 00 49 03 23611.467  -702.974 39177.604  12.83  12.21   57  602.6 4152.43448 N 00119.95085 E 9 1 0 1
2021 11 06 00 49 04 23610.242  -702.266 39179.410  12.83  12.21   57  602.7 4152.43445 N 00119.95084 E 9 1 0 1
2021 11 06 00 49 05 23611.529  -703.052 39177.425  12.83  12.21   57  602.9 4152.43438 N 00119.95089 E 9 1 0 1
2021 11 06 00 49 06 23610.092  -702.269 39179.460  12.83  12.21   57  603.5 4152.43428 N 00119.95080 E 10 1 0 1
2021 11 06 00 49 07 23611.643  -703.255 39177.052  12.83  12.21   57  603.5 4152.43426 N 00119.95077 E 10 1 0 1
2021 11 06 00 49 08 23610.201  -702.422 39179.138  12.83  12.21   57  604.2 4152.43417 N 00119.95074 E 10 1 0 1
2021 11 06 00 49 09 23611.145  -703.076 39177.598  12.83  12.21   57  603.9 4152.43417 N 00119.95062 E 10 1 0 1
2021 11 06 00 49 10 23609.963  -702.426 39179.218  12.83  12.21   57  603.9 4152.43425 N 00119.95069 E 10 1 0 1
2021 11 06 00 49 11 23611.160  -703.098 39177.462  12.83  12.21   57  603.8 4152.43433 N 00119.95078 E 10 1 0 1
2021 11 06 00 49 12 23609.959  -702.351 39179.264  12.83  12.21   57  604.4 4152.43426 N 00119.95092 E 8 1 0 1
2021 11 06 00 49 13 23611.426  -703.164 39177.171  12.83  12.21   57  604.0 4152.43421 N 00119.95054 E 9 1 0 1
2021 11 06 00 49 14 23610.227  -702.340 39179.079  12.83  12.21   57  604.0 4152.43419 N 00119.95038 E 9 1 0 1
2021 11 06 00 49 15 23611.307  -703.117 39177.315  12.83  12.21   58  603.9 4152.43424 N 00119.95029 E 10 1 0 1
2021 11 06 00 49 16 23609.639  -702.873 39178.660  12.83  12.21   57  603.7 4152.43430 N 00119.95041 E 10 1 0 1
2021 11 06 00 49 17 23610.109  -703.657 39177.122  12.83  12.21   57  603.5 4152.43437 N 00119.95047 E 10 1 0 1
2021 11 06 00 49 18 23609.250  -702.978 39178.634  12.83  12.21   57  603.2 4152.43433 N 00119.95061 E 10 1 0 1
2021 11 06 00 49 19 23610.883  -703.206 39177.191  12.83  12.21   57  603.5 4152.43433 N 00119.95101 E 10 1 0 1
2021 11 06 00 49 20 23611.682  -703.274 39176.592  12.83  12.21   57  603.7 4152.43427 N 00119.95104 E 10 1 0 1
2021 11 06 00 49 21 23609.949  -702.519 39178.711  12.83  12.21   57  604.4 4152.43417 N 00119.95087 E 10 1 0 1
2021 11 06 00 49 22 23610.734  -703.013 39177.470  12.83  12.21   57  604.4 4152.43415 N 00119.95074 E 10 1 0 1
2021 11 06 00 49 23 23609.633  -702.626 39178.686  12.83  12.21   57  604.2 4152.43415 N 00119.95053 E 9 1 0 1
2021 11 06 00 49 24 23610.859  -703.253 39177.015  12.83  12.21   57  604.2 4152.43411 N 00119.95025 E 10 1 0 1
2021 11 06 00 49 25 23609.316  -703.221 39178.074  12.83  12.21   57  604.1 4152.43407 N 00119.94986 E 10 1 0 1
2021 11 06 00 49 26 23609.762  -703.994 39176.614  12.83  12.21   57  603.4 4152.43414 N 00119.94975 E 10 1 0 1
2021 11 06 00 49 27 23608.303  -703.359 39178.341  12.83  12.21   57  604.0 4152.43409 N 00119.94998 E 10 1 0 1
2021 11 06 00 49 28 23609.377  -704.407 39176.176  12.83  12.21   57  604.0 4152.43403 N 00119.94993 E 10 1 0 1
2021 11 06 00 49 29 23608.017  -704.076 39177.437  12.83  12.21   57  604.4 4152.43388 N 00119.94965 E 10 1 0 1
2021 11 06 00 49 30 23609.486  -704.658 39175.651  12.83  12.21   57  604.6 4152.43381 N 00119.94961 E 10 1 0 1
2021 11 06 00 49 31 23608.512  -703.616 39177.692  12.83  12.21   57  604.6 4152.43376 N 00119.94946 E 10 1 0 1
2021 11 06 00 49 32 23610.174  -703.806 39176.377  12.83  12.21   57  604.3 4152.43375 N 00119.94920 E 10 1 0 1
2021 11 06 00 49 33 23609.142  -703.081 39178.056  12.83  12.21   57  604.4 4152.43369 N 00119.94902 E 10 1 0 1
2021 11 06 00 49 34 23609.963  -703.707 39176.613  12.83  12.21   57  604.8 4152.43358 N 00119.94882 E 10 1 0 1
2021 11 06 00 49 35 23608.904  -703.145 39178.102  12.83  12.21   57  604.6 4152.43352 N 00119.94845 E 10 1 0 1
2021 11 06 00 49 36 23610.295  -703.889 39176.156  12.83  12.21   57  604.4 4152.43357 N 00119.94844 E 10 1 0 1
2021 11 06 00 49 37 23608.959  -703.184 39178.009  12.83  12.21   57  604.3 4152.43363 N 00119.94853 E 10 1 0 1
2021 11 06 00 49 38 23609.949  -703.837 39176.423  12.83  12.21   57  604.4 4152.43366 N 00119.94862 E 10 1 0 1
2021 11 06 00 49 39 23608.844  -703.095 39178.175  12.83  12.21   57  604.3 4152.43370 N 00119.94870 E 9 1 0 1
2021 11 06 00 49 40 23610.398  -703.842 39176.141  12.83  12.21   57  604.1 4152.43386 N 00119.94869 E 9 1 0 1
2021 11 06 00 49 41 23608.242  -703.289 39178.320  12.83  12.21   57  604.1 4152.43391 N 00119.94875 E 10 1 0 1
2021 11 06 00 49 42 23609.842  -704.342 39175.785  12.83  12.21   57  604.1 4152.43395 N 00119.94879 E 10 1 0 1
2021 11 06 00 49 43 23608.226  -703.613 39177.861  12.83  12.21   57  604.9 4152.43377 N 00119.94857 E 10 1 0 1
2021 11 06 00 49 44 23609.703  -704.575 39175.527  12.83  12.21   57  605.7 4152.43363 N 00119.94851 E 10 1 0 1
2021 11 06 00 49 45 23608.123  -703.967 39177.363  12.83  12.21   58  605.7 4152.43361 N 00119.94854 E 9 1 0 1
2021 11 06 00 49 46 23609.172  -704.717 39175.579  12.83  12.21   57  606.5 4152.43350 N 00119.94857 E 9 1 0 1
2021 11 06 00 49 47 23607.889  -704.058 39177.374  12.83  12.21   58  606.1 4152.43354 N 00119.94860 E 9 1 0 1
2021 11 06 00 49 48 23609.209  -704.850 39175.326  12.83  12.21   57  606.5 4152.43350 N 00119.94875 E 10 1 0 1
2021 11 06 00 49 49 23607.736  -703.998 39177.431  12.83  12.21   57  607.5 4152.43337 N 00119.94862 E 10 1 0 1
2021 11 06 00 49 50 23609.355  -704.525 39175.599  12.83  12.21   57  607.3 4152.43337 N 00119.94868 E 10 1 0 1
2021 11 06 00 49 51 23608.025  -703.744 39177.576  12.83  12.21   57  607.3 4152.43335 N 00119.94879 E 10 1 0 1
2021 11 06 00 49 52 23609.150  -704.656 39175.500  12.83  12.21   57  607.5 4152.43331 N 00119.94879 E 10 1 0 1
2021 11 06 00 49 53 23607.863  -703.816 39177.450  12.83  12.21   57  607.7 4152.43327 N 00119.94882 E 10 1 0 1
2021 11 06 00 49 54 23609.014  -704.496 39175.709  12.83  12.21   57  607.9 4152.43322 N 00119.94870 E 10 1 0 1
2021 11 06 00 49 55 23608.049  -703.924 39177.140  12.83  12.21   57  607.6 4152.43328 N 00119.94889 E 10 1 0 1
2021 11 06 00 49 56 23608.859  -704.398 39175.903  12.83  12.21   57  608.0 4152.43322 N 00119.94878 E 10 1 0 1
2021 11 06 00 49 57 23607.711  -703.914 39177.301  12.83  12.21   57  607.8 4152.43323 N 00119.94875 E 10 1 0 1
2021 11 06 00 49 58 23608.514  -704.071 39176.538  12.83  12.21   57  607.8 4152.43324 N 00119.94875 E 10 1 0 1
2021 11 06 00 49 59 23607.998  -703.700 39177.419  12.83  12.21   57  607.0 4152.43334 N 00119.94878 E 10 1 0 1
2021 11 06 00 50 00 23609.111  -704.433 39175.620  12.83  12.21   57  606.4 4152.43342 N 00119.94879 E 10 1 0 1
2021 11 06 00 50 01 23609.445  -704.699 39175.018  12.83  12.21   57  606.6 4152.43339 N 00119.94871 E 10 1 0 1
2021 11 06 00 50 02 23608.135  -703.789 39177.147  12.83  12.21   57  606.4 4152.43340 N 00119.94861 E 10 1 0 1
2021 11 06 00 50 03 23608.756  -704.176 39176.146  12.83  12.21   57  606.6 4152.43334 N 00119.94852 E 10 1 0 1
2021 11 06 00 50 04 23608.070  -703.729 39177.240  12.83  12.21   57  606.5 4152.43336 N 00119.94864 E 10 1 0 1
2021 11 06 00 50 05 23609.180  -704.275 39175.740  12.83  12.21   58  606.3 4152.43339 N 00119.94866 E 10 1 0 1
2021 11 06 00 50 06 23608.303  -703.506 39177.346  12.83  12.21   57  606.1 4152.43340 N 00119.94858 E 9 1 0 1
2021 11 06 00 50 07 23609.217  -703.742 39176.432  12.83  12.21   57  606.2 4152.43335 N 00119.94844 E 10 1 0 1
2021 11 06 00 50 08 23608.644  -703.041 39177.736  12.83  12.21   57  605.7 4152.43342 N 00119.94842 E 10 1 0 1
2021 11 06 00 50 09 23609.809  -703.333 39176.528  12.83  12.21   57  605.7 4152.43343 N 00119.94839 E 10 1 0 1
2021 11 06 00 50 10 23608.783  -702.625 39178.199  12.83  12.21   57  605.8 4152.43344 N 00119.94842 E 10 1 0 1
2021 11 06 00 50 11 23610.123  -703.232 39176.416  12.83  12.21   57  605.9 4152.43344 N 00119.94847 E 10 1 0 1
2021 11 06 00 50 12 23608.965  -702.446 39178.254  12.83  12.21   57  605.0 4152.43362 N 00119.94871 E 10 1 0 1
2021 11 06 00 50 13 23610.314  -703.020 39176.568  12.83  12.21   57  604.6 4152.43373 N 00119.94902 E 10 1 0 1
2021 11 06 00 50 14 23609.125  -702.106 39178.569  12.83  12.21   57  604.9 4152.43371 N 00119.94909 E 10 1 0 1
2021 11 06 00 50 15 23610.688  -702.785 39176.585  12.83  12.21   58  604.9 4152.43373 N 00119.94913 E 10 1 0 1
2021 11 06 00 50 16 23609.244  -701.840 39178.826  12.83  12.21   57  604.2 4152.43388 N 00119.94943 E 10 1 0 1
2021 11 06 00 50 17 23610.662  -702.743 39176.553  12.83  12.21   57  604.2 4152.43390 N 00119.94961 E 10 1 0 1
2021 11 06 00 50 18 23609.203  -701.921 39178.658  12.83  12.21   57  603.6 4152.43401 N 00119.94988 E 10 1 0 1
2021 11 06 00 50 19 23610.217  -702.475 39177.181  12.83  12.21   57  603.6 4152.43405 N 00119.95013 E 10 1 0 1
2021 11 06 00 50 20 23609.135  -701.755 39178.871  12.83  12.21   57  603.1 4152.43411 N 00119.95029 E 10 1 0 1
2021 11 06 00 50 21 23610.412  -702.351 39177.166  12.83  12.21   57  603.3 4152.43409 N 00119.95046 E 9 1 0 1
2021 11 06 00 50 22 23609.213  -701.562 39179.015  12.83  12.21   57  603.4 4152.43406 N 00119.95031 E 10 1 0 1
2021 11 06 00 50 23 23610.807  -702.483 39176.658  12.83  12.21   57  602.5 4152.43419 N 00119.95050 E 10 1 0 1
2021 11 06 00 50 24 23609.328  -701.351 39179.167  12.83  12.21   57  602.5 4152.43421 N 00119.95071 E 10 1 0 1
2021 11 06 00 50 25 23610.803  -702.110 39177.175  12.83  12.21   57  602.2 4152.43423 N 00119.95079 E 10 1 0 1
2021 11 06 00 50 26 23609.205  -701.453 39179.143  12.83  12.21   57  601.8 4152.43422 N 00119.95077 E 9 1 0 1
2021 11 06 00 50 27 23610.262  -702.427 39177.052  12.83  12.21   57  602.3 4152.43411 N 00119.95060 E 10 1 0 1
2021 11 06 00 50 28 23607.973  -701.347 39180.040  12.83  12.21   57  602.3 4152.43412 N 00119.95064 E 10 1 0 1
2021 11 06 00 50 29 23610.184  -702.840 39176.504  12.83  12.21   57  602.7 4152.43403 N 00119.95056 E 10 1 0 1
2021 11 06 00 50 30 23608.471  -701.960 39178.876  12.83  12.21   57  602.8 4152.43403 N 00119.95066 E 10 1 0 1
2021 11 06 00 50 31 23609.576  -702.681 39177.147  12.82  12.21   57  602.9 4152.43405 N 00119.95069 E 10 1 0 1
2021 11 06 00 50 32 23608.410  -702.085 39178.728  12.82  12.21   57  602.7 4152.43409 N 00119.95060 E 10 1 0 1
2021 11 06 00 50 33 23609.406  -702.696 39177.200  12.82  12.21   57  602.3 4152.43417 N 00119.95046 E 10 1 0 1
2021 11 06 00 50 34 23608.398  -702.196 39178.607  12.82  12.21   57  602.3 4152.43418 N 00119.95023 E 10 1 0 1
2021 11 06 00 50 35 23609.768  -702.903 39176.731  12.82  12.21   58  602.4 4152.43418 N 00119.95002 E 10 1 0 1
2021 11 06 00 50 36 23608.619  -702.076 39178.678  12.83  12.21   57  602.6 4152.43420 N 00119.95020 E 9 1 0 1
2021 11 06 00 50 37 23609.764  -702.661 39177.081  12.83  12.21   57  602.5 4152.43423 N 00119.95039 E 9 1 0 1
2021 11 06 00 50 38 23608.664  -702.020 39178.745  12.82  12.21   57  602.6 4152.43425 N 00119.95032 E 10 1 0 1
2021 11 06 00 50 39 23609.873  -702.819 39176.837  12.82  12.21   57  602.4 4152.43426 N 00119.95026 E 10 1 0 1
2021 11 06 00 50 40 23608.740  -702.053 39178.663  12.82  12.21   57  602.3 4152.43432 N 00119.95028 E 10 1 0 1
2021 11 06 00 50 41 23610.133  -702.648 39176.865  12.82  12.21   57  601.5 4152.43445 N 00119.95039 E 10 1 0 1
2021 11 06 00 50 42 23609.115  -701.810 39178.712  12.82  12.21   57  601.0 4152.43453 N 00119.95035 E 10 1 0 1
2021 11 06 00 50 43 23610.213  -702.571 39176.889  12.82  12.21   57  600.4 4152.43473 N 00119.95057 E 10 1 0 1
2021 11 06 00 50 44 23610.773  -702.472 39176.642  12.82  12.21   57  601.3 4152.43467 N 00119.95066 E 10 1 0 1
2021 11 06 00 50 45 23609.846  -701.459 39178.648  12.82  12.21   57  601.6 4152.43457 N 00119.95056 E 10 1 0 1
2021 11 06 00 50 46 23610.543  -701.970 39177.438  12.82  12.21   57  601.8 4152.43455 N 00119.95067 E 10 1 0 1
2021 11 06 00 50 47 23609.809  -701.228 39178.990  12.82  12.21   57  601.5 4152.43465 N 00119.95081 E 10 1 0 1
2021 11 06 00 50 48 23610.744  -701.611 39177.812  12.82  12.21   57  601.8 4152.43467 N 00119.95090 E 10 1 0 1
2021 11 06 00 50 49 23609.455  -701.287 39179.031  12.82  12.21   57  602.2 4152.43466 N 00119.95089 E 10 1 0 1
2021 11 06 00 50 50 23610.326  -702.183 39177.153  12.82  12.21   57  602.5 4152.43464 N 00119.95072 E 10 1 0 1
2021 11 06 00 50 51 23609.344  -701.405 39178.851  12.82  12.21   57  602.5 4152.43466 N 00119.95052 E 10 1 0 1
2021 11 06 00 50 52 23610.984  -701.923 39177.082  12.82  12.21   58  602.4 4152.43473 N 00119.95052 E 10 1 0 1
2021 11 06 00 50 53 23609.416  -701.222 39179.018  12.82  12.21   57  602.5 4152.43474 N 00119.95050 E 10 1 0 1
2021 11 06 00 50 54 23610.215  -701.756 39177.692  12.82  12.21   57  602.4 4152.43478 N 00119.95048 E 10 1 0 1
2021 11 06 00 50 55 23609.412  -701.169 39179.018  12.82  12.21   57  602.4 4152.43479 N 00119.95046 E 10 1 0 1
2021 11 06 00 50 56 23610.680  -701.707 39177.441  12.82  12.21   57  602.7 4152.43470 N 00119.95027 E 10 1 0 1
2021 11 06 00 50 57 23609.678  -700.877 39179.241  12.82  12.21   57  602.9 4152.43463 N 00119.95009 E 10 1 0 1
2021 11 06 00 50 58 23609.990  -701.247 39178.503  12.82  12.21   57  602.8 4152.43460 N 00119.95006 E 8 1 0 1
2021 11 06 00 50 59 23609.445  -701.114 39178.983  12.82  12.21   57  602.5 4152.43465 N 00119.95020 E 9 1 0 1
2021 11 06 00 51 00 23610.043  -702.294 39176.936  12.82  12.21   57  602.1 4152.43471 N 00119.95029 E 10 1 0 1
2021 11 06 00 51 01 23608.131  -702.004 39178.491  12.82  12.21   57  601.9 4152.43471 N 00119.95030 E 10 1 0 1
2021 11 06 00 51 02 23609.447  -702.876 39176.342  12.82  12.21   57  601.0 4152.43482 N 00119.95034 E 10 1 0 1
2021 11 06 00 51 03 23608.295  -701.745 39178.642  12.82  12.21   57  600.9 4152.43482 N 00119.95033 E 10 1 0 1
2021 11 06 00 51 04 23610.135  -702.160 39176.870  12.82  12.21   57  600.8 4152.43485 N 00119.95035 E 10 1 0 1
2021 11 06 00 51 05 23608.721  -701.311 39178.944  12.82  12.21   58  600.9 4152.43484 N 00119.95034 E 10 1 0 1
2021 11 06 00 51 06 23610.018  -702.182 39176.842  12.82  12.21   57  601.4 4152.43480 N 00119.95037 E 10 1 0 1
2021 11 06 00 51 07 23608.373  -701.409 39178.973  12.82  12.21   57  601.6 4152.43477 N 00119.95038 E 10 1 0 1
2021 11 06 00 51 08 23609.861  -702.535 39176.355  12.82  12.21   57  602.1 4152.43478 N 00119.95080 E 10 1 0 1
2021 11 06 00 51 09 23608.183  -701.508 39178.812  12.82  12.21   57  602.1 4152.43482 N 00119.95086 E 10 1 0 1
2021 11 06 00 51 10 23609.629  -702.349 39176.649  12.82  12.21   57  602.1 4152.43488 N 00119.95110 E 10 1 0 1
2021 11 06 00 51 11 23608.148  -701.506 39178.722  12.82  12.21   57  601.6 4152.43495 N 00119.95104 E 9 1 0 1
2021 11 06 00 51 12 23609.664  -702.336 39176.543  12.82  12.21   57  601.2 4152.43506 N 00119.95127 E 10 1 0 1
2021 11 06 00 51 13 23608.201  -701.344 39178.815  12.82  12.21   57  601.4 4152.43500 N 00119.95134 E 9 1 0 1
2021 11 06 00 51 14 23609.605  -702.124 39176.838  12.82  12.21   57  601.7 4152.43494 N 00119.95142 E 10 1 0 1
2021 11 06 00 51 15 23608.734  -701.140 39178.829  12.82  12.21   57  601.6 4152.43497 N 00119.95135 E 10 1 0 1
2021 11 06 00 51 16 23609.904  -702.052 39176.692  12.82  12.21   57  601.3 4152.43502 N 00119.95142 E 10 1 0 1
2021 11 06 00 51 17 23608.189  -701.482 39178.570  12.82  12.21   57  601.6 4152.43493 N 00119.95133 E 10 1 0 1
2021 11 06 00 51 18 23609.287  -702.400 39176.525  12.82  12.21   57  602.0 4152.43489 N 00119.95118 E 10 1 0 1
2021 11 06 00 51 19 23608.006  -701.638 39178.421  12.82  12.21   57  602.4 4152.43482 N 00119.95097 E 10 1 0 1
2021 11 06 00 51 20 23609.574  -702.224 39176.585  12.82  12.21   57  602.4 4152.43478 N 00119.95076 E 10 1 0 1
2021 11 06 00 51 21 23608.461  -701.358 39178.504  12.82  12.21   57  602.7 4152.43471 N 00119.95053 E 10 1 0 1
2021 11 06 00 51 22 23609.685  -701.970 39176.834  12.82  12.21   57  602.7 4152.43468 N 00119.95040 E 10 1 0 1
2021 11 06 00 51 23 23608.504  -701.321 39178.489  12.82  12.21   57  602.6 4152.43462 N 00119.95024 E 9 1 0 1
2021 11 06 00 51 24 23609.562  -701.929 39176.907  12.82  12.21   57  602.7 4152.43459 N 00119.95022 E 10 1 0 1
2021 11 06 00 51 25 23608.562  -701.251 39178.485  12.82  12.21   58  602.8 4152.43459 N 00119.95023 E 10 1 0 1
2021 11 06 00 51 26 23609.471  -701.565 39177.388  12.82  12.21   57  603.2 4152.43443 N 00119.95015 E 10 1 0 1
2021 11 06 00 51 27 23610.264  -701.905 39176.443  12.82  12.21   57  603.1 4152.43431 N 00119.94965 E 10 1 0 1
2021 11 06 00 51 28 23608.480  -701.020 39178.823  12.82  12.21   57  603.2 4152.43418 N 00119.94920 E 10 1 0 1
2021 11 06 00 51 29 23609.560  -701.763 39177.043  12.82  12.21   57  603.6 4152.43409 N 00119.94908 E 10 1 0 1
2021 11 06 00 51 30 23608.652  -701.065 39178.594  12.82  12.21   57  603.8 4152.43394 N 00119.94873 E 9 1 0 1
2021 11 06 00 51 31 23609.725  -701.636 39177.137  12.82  12.21   57  604.1 4152.43385 N 00119.94871 E 10 1 0 1
2021 11 06 00 51 32 23608.851  -700.879 39178.711  12.82  12.21   57  603.9 4152.43386 N 00119.94878 E 10 1 0 1
2021 11 06 00 51 33 23610.195  -701.282 39177.181  12.82  12.21   57  603.5 4152.43389 N 00119.94877 E 10 1 0 1
2021 11 06 00 51 34 23608.990  -700.494 39179.077  12.82  12.21   57  603.2 4152.43390 N 00119.94888 E 10 1 0 1
2021 11 06 00 51 35 23610.207  -701.473 39176.885  12.82  12.21   57  602.7 4152.43400 N 00119.94904 E 10 1 0 1
2021 11 06 00 51 36 23608.557  -700.821 39178.806  12.82  12.21   57  602.9 4152.43390 N 00119.94890 E 10 1 0 1
2021 11 06 00 51 37 23609.801  -701.574 39176.871  12.82  12.21   57  603.1 4152.43382 N 00119.94881 E 10 1 0 1
2021 11 06 00 51 38 23608.400  -701.019 39178.470  12.82  12.21   57  602.6 4152.43385 N 00119.94879 E 10 1 0 1
2021 11 06 00 51 39 23609.301  -702.115 39176.297  12.82  12.21   57  603.0 4152.43381 N 00119.94883 E 10 1 0 1
2021 11 06 00 51 40 23607.892  -701.305 39178.262  12.82  12.21   57  603.7 4152.43372 N 00119.94880 E 10 1 0 1
2021 11 06 00 51 41 23609.664  -701.700 39176.551  12.82  12.21   57  603.7 4152.43376 N 00119.94890 E 10 1 0 1
2021 11 06 00 51 42 23608.330  -700.760 39178.730  12.82  12.21   57  603.5 4152.43380 N 00119.94899 E 10 1 0 1
2021 11 06 00 51 43 23609.004  -702.199 39176.166  12.82  12.21   57  603.6 4152.43379 N 00119.94873 E 10 1 0 1
2021 11 06 00 51 44 23607.203  -701.552 39178.121  12.82  12.21   57  603.7 4152.43378 N 00119.94851 E 10 1 0 1
2021 11 06 00 51 45 23608.609  -702.531 39175.787  12.82  12.21   57  603.8 4152.43378 N 00119.94830 E 10 1 0 1
2021 11 06 00 51 46 23606.781  -701.745 39178.026  12.82  12.21   57  603.4 4152.43383 N 00119.94826 E 10 1 0 1
2021 11 06 00 51 47 23608.092  -702.535 39175.982  12.82  12.21   57  603.9 4152.43376 N 00119.94812 E 10 1 0 1
2021 11 06 00 51 48 23607.164  -701.326 39178.268  12.82  12.21   57  604.1 4152.43373 N 00119.94792 E 10 1 0 1
2021 11 06 00 51 49 23609.205  -701.716 39176.391  12.82  12.21   57  604.1 4152.43373 N 00119.94796 E 10 1 0 1
2021 11 06 00 51 50 23607.996  -700.443 39178.886  12.82  12.21   57  604.0 4152.43380 N 00119.94818 E 10 1 0 1
2021 11 06 00 51 51 23609.424  -701.373 39176.629  12.82  12.21   57  603.8 4152.43391 N 00119.94847 E 10 1 0 1
2021 11 06 00 51 52 23608.412  -699.943 39179.288  12.82  12.21   57  604.0 4152.43394 N 00119.94875 E 10 1 0 1
2021 11 06 00 51 53 23610.266  -700.510 39177.215  12.82  12.21   57  604.2 4152.43394 N 00119.94905 E 10 1 0 1
2021 11 06 00 51 54 23608.855  -699.442 39179.663  12.82  12.21   57  604.0 4152.43396 N 00119.94905 E 10 1 0 1
2021 11 06 00 51 55 23610.430  -700.593 39177.018  12.82  12.21   58  604.2 4152.43395 N 00119.94917 E 10 1 0 1
2021 11 06 00 51 56 23608.558  -699.950 39179.062  12.82  12.21   57  603.9 4152.43401 N 00119.94933 E 10 1 0 1
2021 11 06 00 51 57 23610.020  -700.757 39176.957  12.82  12.21   57  604.0 4152.43399 N 00119.94945 E 10 1 0 1
2021 11 06 00 51 58 23608.842  -699.697 39179.277  12.82  12.21   57  603.7 4152.43403 N 00119.94961 E 10 1 0 1
2021 11 06 00 51 59 23609.769  -700.433 39177.617  12.82  12.21   57  604.1 4152.43394 N 00119.94943 E 10 1 0 1
2021 11 06 00 52 00 23608.490  -699.761 39179.396  12.82  12.21   57  603.8 4152.43398 N 00119.94984 E 10 1 0 1
2021 11 06 00 52 01 23609.777  -700.654 39177.295  12.82  12.21   57  603.9 4152.43403 N 00119.95001 E 10 1 0 1
2021 11 06 00 52 02 23608.191  -699.952 39179.364  12.82  12.21   57  603.9 4152.43403 N 00119.94993 E 10 1 0 1
2021 11 06 00 52 03 23609.467  -700.796 39177.364  12.82  12.21   57  603.3 4152.43423 N 00119.95027 E 10 1 0 1
2021 11 06 00 52 04 23608.056  -700.149 39179.204  12.82  12.21   57  603.1 4152.43427 N 00119.95016 E 10 1 0 1
2021 11 06 00 52 05 23609.258  -700.964 39177.332  12.82  12.21   57  602.7 4152.43431 N 00119.95023 E 10 1 0 1
2021 11 06 00 52 06 23608.139  -700.305 39178.952  12.82  12.21   57  602.7 4152.43432 N 00119.95031 E 10 1 0 1
2021 11 06 00 52 07 23609.318  -700.981 39177.290  12.82  12.21   57  602.5 4152.43433 N 00119.95037 E 10 1 0 1
2021 11 06 00 52 08 23608.262  -700.223 39179.089  12.82  12.21   57  602.7 4152.43438 N 00119.95059 E 10 1 0 1
2021 11 06 00 52 09 23609.185  -700.697 39177.834  12.82  12.21   57  602.3 4152.43444 N 00119.95080 E 10 1 0 1
2021 11 06 00 52 10 23609.959  -701.067 39176.842  12.82  12.21   57  602.5 4152.43444 N 00119.95093 E 10 1 0 1
2021 11 06 00 52 11 23608.594  -700.144 39179.052  12.82  12.21   57  602.8 4152.43434 N 00119.95085 E 10 1 0 1
2021 11 06 00 52 12 23609.656  -700.468 39177.918  12.82  12.21   57  602.7 4152.43438 N 00119.95101 E 10 1 0 1
2021 11 06 00 52 13 23608.748  -699.982 39179.255  12.82  12.21   57  602.6 4152.43440 N 00119.95121 E 10 1 0 1
2021 11 06 00 52 14 23609.764  -700.642 39177.638  12.82  12.21   57  602.4 4152.43442 N 00119.95126 E 9 1 0 1
2021 11 06 00 52 15 23608.607  -700.202 39179.017  12.82  12.21   57  602.3 4152.43443 N 00119.95141 E 10 1 0 1
2021 11 06 00 52 16 23609.898  -700.701 39177.460  12.82  12.21   57  602.6 4152.43438 N 00119.95116 E 10 1 0 1
2021 11 06 00 52 17 23608.891  -699.864 39179.322  12.82  12.21   57  602.6 4152.43441 N 00119.95129 E 10 1 0 1
2021 11 06 00 52 18 23610.092  -700.708 39177.372  12.82  12.21   57  602.7 4152.43443 N 00119.95131 E 10 1 0 1
2021 11 06 00 52 19 23609.008  -699.665 39179.540  12.82  12.21   57  602.3 4152.43442 N 00119.95113 E 10 1 0 1
2021 11 06 00 52 20 23610.109  -700.361 39177.811  12.82  12.21   56  602.6 4152.43433 N 00119.95079 E 10 1 0 1
2021 11 06 00 52 21 23608.691  -699.677 39179.702  12.82  12.21   57  602.6 4152.43434 N 00119.95077 E 10 1 0 1
2021 11 06 00 52 22 23609.836  -700.527 39177.704  12.82  12.21   57  602.2 4152.43435 N 00119.95067 E 10 1 0 1
2021 11 06 00 52 23 23608.330  -699.903 39179.474  12.82  12.21   57  602.2 4152.43438 N 00119.95062 E 10 1 0 1
2021 11 06 00 52 24 23609.846  -700.449 39177.727  12.82  12.21   57  602.6 4152.43428 N 00119.95048 E 10 1 0 1
2021 11 06 00 52 25 23608.166  -699.982 39179.434  12.82  12.21   57  602.4 4152.43434 N 00119.95089 E 10 1 0 1
2021 11 06 00 52 26 23609.350  -700.999 39177.181  12.82  12.21   57  602.7 4152.43424 N 00119.95077 E 10 1 0 1
2021 11 06 00 52 27 23607.953  -700.006 39179.421  12.82  12.21   57  603.0 4152.43416 N 00119.95093 E 10 1 0 1
2021 11 06 00 52 28 23609.537  -700.696 39177.399  12.82  12.21   57  603.4 4152.43405 N 00119.95076 E 10 1 0 1
2021 11 06 00 52 29 23607.408  -699.463 39180.429  12.82  12.21   57  603.7 4152.43406 N 00119.95046 E 10 1 0 1
2021 11 06 00 52 30 23609.613  -700.844 39176.990  12.82  12.21   57  604.0 4152.43402 N 00119.95033 E 10 1 0 1
2021 11 06 00 52 31 23607.805  -699.907 39179.455  12.82  12.21   57  604.9 4152.43384 N 00119.95005 E 10 1 0 1
2021 11 06 00 52 32 23609.242  -700.720 39177.322  12.82  12.21   57  605.2 4152.43377 N 00119.95000 E 10 1 0 1
2021 11 06 00 52 33 23607.545  -699.823 39179.608  12.82  12.21   57  605.5 4152.43373 N 00119.95001 E 9 1 0 1
2021 11 06 00 52 34 23609.137  -700.844 39177.092  12.82  12.21   57  606.2 4152.43357 N 00119.94979 E 10 1 0 1
2021 11 06 00 52 35 23607.482  -700.053 39179.215  12.82  12.21   57  606.7 4152.43346 N 00119.94991 E 10 1 0 1
2021 11 06 00 52 36 23609.021  -701.034 39176.772  12.82  12.21   57  606.9 4152.43342 N 00119.94999 E 10 1 0 1
2021 11 06 00 52 37 23607.402  -700.060 39179.179  12.82  12.21   57  606.8 4152.43348 N 00119.94997 E 10 1 0 1
2021 11 06 00 52 38 23608.832  -700.927 39176.981  12.82  12.21   57  608.2 4152.43323 N 00119.94987 E 10 1 0 1
2021 11 06 00 52 39 23607.174  -700.027 39179.267  12.82  12.21   57  608.2 4152.43319 N 00119.94976 E 10 1 0 1
2021 11 06 00 52 40 23608.334  -700.859 39177.293  12.82  12.21   57  608.5 4152.43309 N 00119.94956 E 10 1 0 1
2021 11 06 00 52 41 23606.885  -700.231 39179.048  12.82  12.21   57  608.7 4152.43301 N 00119.94953 E 10 1 0 1
2021 11 06 00 52 42 23607.906  -701.170 39176.980  12.82  12.21   57  608.6 4152.43300 N 00119.94945 E 10 1 0 1
2021 11 06 00 52 43 23606.568  -700.463 39178.801  12.82  12.21   57  608.1 4152.43302 N 00119.94929 E 10 1 0 1
2021 11 06 00 52 44 23607.793  -701.298 39176.726  12.82  12.21   57  607.9 4152.43304 N 00119.94927 E 10 1 0 1
2021 11 06 00 52 45 23606.486  -700.445 39178.738  12.82  12.21   57  608.0 4152.43303 N 00119.94931 E 10 1 0 1
2021 11 06 00 52 46 23607.931  -701.171 39176.722  12.82  12.21   57  608.6 4152.43294 N 00119.94916 E 10 1 0 1
2021 11 06 00 52 47 23606.562  -700.348 39178.710  12.82  12.21   57  608.8 4152.43292 N 00119.94919 E 10 1 0 1
2021 11 06 00 52 48 23607.812  -701.130 39176.740  12.82  12.21   57  608.9 4152.43294 N 00119.94919 E 10 1 0 1
2021 11 06 00 52 49 23606.470  -700.474 39178.464  12.82  12.21   57  609.4 4152.43288 N 00119.94895 E 10 1 0 1
2021 11 06 00 52 50 23607.685  -701.234 39176.588  12.82  12.21   57  609.5 4152.43289 N 00119.94883 E 10 1 0 1
2021 11 06 00 52 51 23606.508  -700.223 39178.701  12.82  12.21   57  609.7 4152.43289 N 00119.94899 E 10 1 0 1
2021 11 06 00 52 52 23607.349  -701.188 39176.729  12.82  12.21   57  609.6 4152.43284 N 00119.94863 E 10 1 0 1
2021 11 06 00 52 53 23607.722  -701.689 39175.724  12.82  12.21   57  609.8 4152.43282 N 00119.94869 E 10 1 0 1
2021 11 06 00 52 54 23606.338  -700.532 39178.190  12.82  12.21   57  610.0 4152.43281 N 00119.94867 E 10 1 0 1
2021 11 06 00 52 55 23607.629  -700.956 39176.706  12.82  12.21   57  609.8 4152.43288 N 00119.94863 E 10 1 0 1
2021 11 06 00 52 56 23606.472  -700.217 39178.443  12.82  12.21   57  609.8 4152.43295 N 00119.94897 E 10 1 0 1
2021 11 06 00 52 57 23607.658  -700.811 39176.792  12.82  12.21   57  609.9 4152.43295 N 00119.94926 E 10 1 0 1
2021 11 06 00 52 58 23606.388  -700.152 39178.501  12.82  12.21   57  609.1 4152.43315 N 00119.94932 E 10 1 0 1
2021 11 06 00 52 59 23606.844  -700.567 39177.546  12.82  12.21   57  608.7 4152.43322 N 00119.94942 E 10 1 0 1
2021 11 06 00 53 00 23606.025  -700.326 39178.358  12.82  12.21   57  607.8 4152.43334 N 00119.94969 E 10 1 0 1
2021 11 06 00 53 01 23607.125  -701.047 39176.547  12.82  12.21   57  607.1 4152.43341 N 00119.94925 E 10 1 0 1
2021 11 06 00 53 02 23606.125  -700.035 39178.611  12.82  12.21   57  606.4 4152.43349 N 00119.94919 E 10 1 0 1
2021 11 06 00 53 03 23607.328  -700.713 39176.890  12.82  12.21   57  606.3 4152.43352 N 00119.94881 E 9 1 0 1
2021 11 06 00 53 04 23606.031  -700.172 39178.463  12.82  12.21   57  605.7 4152.43362 N 00119.94858 E 9 1 0 1
2021 11 06 00 53 05 23606.996  -700.660 39177.110  12.82  12.21   57  606.1 4152.43359 N 00119.94871 E 10 1 0 1
2021 11 06 00 53 06 23606.127  -700.129 39178.432  12.82  12.21   57  606.1 4152.43359 N 00119.94883 E 10 1 0 1
2021 11 06 00 53 07 23607.097  -700.888 39176.690  12.82  12.21   57  606.4 4152.43355 N 00119.94865 E 10 1 0 1
2021 11 06 00 53 08 23605.875  -700.084 39178.590  12.82  12.21   57  606.6 4152.43355 N 00119.94848 E 10 1 0 1
2021 11 06 00 53 09 23607.303  -700.969 39176.415  12.82  12.21   57  607.5 4152.43336 N 00119.94811 E 10 1 0 1
2021 11 06 00 53 10 23606.119  -699.976 39178.591  12.82  12.21   57  607.3 4152.43339 N 00119.94805 E 10 1 0 1
2021 11 06 00 53 11 23607.342  -700.757 39176.668  12.82  12.21   57  607.0 4152.43345 N 00119.94812 E 10 1 0 1
2021 11 06 00 53 12 23605.900  -699.904 39178.792  12.82  12.21   57  607.4 4152.43338 N 00119.94793 E 10 1 0 1
2021 11 06 00 53 13 23607.418  -700.910 39176.396  12.82  12.21   57  606.4 4152.43358 N 00119.94823 E 10 1 0 1
2021 11 06 00 53 14 23605.912  -699.865 39178.815  12.82  12.21   57  606.1 4152.43363 N 00119.94831 E 10 1 0 1
2021 11 06 00 53 15 23607.562  -700.773 39176.451  12.82  12.21   57  605.7 4152.43368 N 00119.94837 E 10 1 0 1
2021 11 06 00 53 16 23606.344  -700.202 39178.086  12.82  12.21   58  605.2 4152.43375 N 00119.94848 E 10 1 0 1
2021 11 06 00 53 17 23607.486  -700.783 39176.489  12.82  12.21   57  605.6 4152.43366 N 00119.94812 E 9 1 0 1
2021 11 06 00 53 18 23605.881  -699.880 39178.796  12.82  12.21   57  605.8 4152.43360 N 00119.94781 E 9 1 0 1
2021 11 06 00 53 19 23607.387  -700.862 39176.415  12.82  12.21   57  606.2 4152.43349 N 00119.94753 E 9 1 0 1
2021 11 06 00 53 20 23605.842  -699.730 39179.021  12.82  12.21   57  606.0 4152.43351 N 00119.94744 E 9 1 0 1
2021 11 06 00 53 21 23607.353  -700.600 39176.780  12.82  12.21   57  605.8 4152.43355 N 00119.94747 E 9 1 0 1
2021 11 06 00 53 22 23605.886  -699.781 39178.803  12.82  12.21   57  605.7 4152.43355 N 00119.94750 E 10 1 0 1
2021 11 06 00 53 23 23607.277  -700.629 39176.741  12.82  12.21   57  605.8 4152.43354 N 00119.94736 E 10 1 0 1
2021 11 06 00 53 24 23605.933  -699.747 39178.815  12.82  12.21   57  605.7 4152.43355 N 00119.94738 E 10 1 0 1
2021 11 06 00 53 25 23607.349  -700.508 39176.807  12.82  12.21   57  606.2 4152.43344 N 00119.94718 E 10 1 0 1
2021 11 06 00 53 26 23606.015  -699.717 39178.760  12.82  12.21   57  605.6 4152.43351 N 00119.94734 E 10 1 0 1
2021 11 06 00 53 27 23607.236  -700.338 39177.067  12.82  12.21   57  605.8 4152.43344 N 00119.94724 E 10 1 0 1
2021 11 06 00 53 28 23606.047  -699.619 39178.842  12.82  12.21   57  605.4 4152.43352 N 00119.94738 E 10 1 0 1
2021 11 06 00 53 29 23606.845  -699.999 39177.788  12.82  12.21   57  605.0 4152.43363 N 00119.94761 E 10 1 0 1
2021 11 06 00 53 30 23606.228  -699.600 39178.746  12.82  12.21   57  605.2 4152.43354 N 00119.94737 E 10 1 0 1
2021 11 06 00 53 31 23607.433  -700.241 39177.040  12.82  12.21   57  605.0 4152.43358 N 00119.94752 E 10 1 0 1
2021 11 06 00 53 32 23606.302  -699.500 39178.859  12.82  12.21   57  605.4 4152.43346 N 00119.94732 E 10 1 0 1
2021 11 06 00 53 33 23607.426  -700.157 39177.122  12.82  12.21   57  605.7 4152.43338 N 00119.94732 E 10 1 0 1
2021 11 06 00 53 34 23606.287  -699.508 39178.757  12.82  12.21   57  605.8 4152.43337 N 00119.94747 E 10 1 0 1
2021 11 06 00 53 35 23605.990  -699.240 39179.370  12.82  12.21   58  605.9 4152.43337 N 00119.94757 E 10 1 0 1
2021 11 06 00 53 36 23607.652  -699.678 39177.659  12.82  12.21   57  606.1 4152.43337 N 00119.94764 E 10 1 0 1
2021 11 06 00 53 37 23606.508  -699.276 39178.933  12.82  12.21   57  606.0 4152.43343 N 00119.94764 E 10 1 0 1
2021 11 06 00 53 38 23607.338  -700.081 39177.195  12.82  12.21   57  606.3 4152.43335 N 00119.94764 E 10 1 0 1
2021 11 06 00 53 39 23606.203  -699.682 39178.492  12.82  12.21   57  606.1 4152.43337 N 00119.94782 E 10 1 0 1
2021 11 06 00 53 40 23607.121  -700.327 39176.906  12.82  12.21   57  605.7 4152.43347 N 00119.94816 E 10 1 0 1
2021 11 06 00 53 41 23605.777  -699.681 39178.665  12.82  12.21   57  605.4 4152.43350 N 00119.94851 E 10 1 0 1
2021 11 06 00 53 42 23606.861  -700.533 39176.725  12.82  12.21   57  605.1 4152.43353 N 00119.94873 E 10 1 0 1
2021 11 06 00 53 43 23605.549  -699.838 39178.559  12.82  12.21   57  604.8 4152.43359 N 00119.94894 E 10 1 0 1
2021 11 06 00 53 44 23606.812  -700.502 39176.791  12.82  12.21   57  605.4 4152.43341 N 00119.94870 E 10 1 0 1
2021 11 06 00 53 45 23605.746  -699.696 39178.583  12.82  12.21   57  605.8 4152.43329 N 00119.94866 E 10 1 0 1
2021 11 06 00 53 46 23606.861  -700.561 39176.628  12.82  12.21   58  605.7 4152.43330 N 00119.94884 E 10 1 0 1
2021 11 06 00 53 47 23605.463  -699.844 39178.488  12.82  12.21   57  605.3 4152.43334 N 00119.94919 E 10 1 0 1
2021 11 06 00 53 48 23606.844  -700.413 39176.752  12.82  12.21   57  605.2 4152.43330 N 00119.94924 E 10 1 0 1
2021 11 06 00 53 49 23605.609  -699.693 39178.574  12.82  12.21   57  605.2 4152.43325 N 00119.94935 E 10 1 0 1
2021 11 06 00 53 50 23606.916  -700.378 39176.721  12.82  12.21   57  605.3 4152.43321 N 00119.94933 E 10 1 0 1
2021 11 06 00 53 51 23605.541  -699.600 39178.651  12.82  12.21   57  605.2 4152.43321 N 00119.94944 E 10 1 0 1
2021 11 06 00 53 52 23607.006  -700.416 39176.503  12.82  12.21   57  605.3 4152.43314 N 00119.94939 E 10 1 0 1
2021 11 06 00 53 53 23605.556  -699.557 39178.631  12.82  12.21   57  605.9 4152.43296 N 00119.94897 E 10 1 0 1
2021 11 06 00 53 54 23607.060  -700.156 39176.799  12.82  12.21   57  606.2 4152.43284 N 00119.94879 E 9 1 0 1
2021 11 06 00 53 55 23605.644  -699.110 39179.144  12.82  12.21   57  605.8 4152.43288 N 00119.94893 E 9 1 0 1
2021 11 06 00 53 56 23607.359  -700.112 39176.605  12.82  12.21   57  605.5 4152.43292 N 00119.94908 E 9 1 0 1
2021 11 06 00 53 57 23605.547  -699.158 39179.042  12.82  12.21   57  604.9 4152.43306 N 00119.94958 E 10 1 0 1
2021 11 06 00 53 58 23607.066  -700.015 39176.809  12.82  12.21   57  605.1 4152.43300 N 00119.94941 E 9 1 0 1
2021 11 06 00 53 59 23605.818  -698.874 39179.207  12.82  12.21   57  605.1 4152.43298 N 00119.94941 E 10 1 0 1
2021 11 06 00 54 00 23607.263  -699.397 39177.412  12.82  12.21   57  605.0 4152.43298 N 00119.94940 E 10 1 0 1
2021 11 06 00 54 01 23605.984  -698.479 39179.486  12.82  12.21   57  604.8 4152.43298 N 00119.94955 E 10 1 0 1
2021 11 06 00 54 02 23607.619  -699.296 39177.227  12.82  12.21   57  604.7 4152.43297 N 00119.94971 E 10 1 0 1
2021 11 06 00 54 03 23606.228  -698.391 39179.370  12.82  12.21   57  604.1 4152.43305 N 00119.94994 E 9 1 0 1
2021 11 06 00 54 04 23607.777  -699.179 39177.196  12.82  12.21   57  604.0 4152.43302 N 00119.94983 E 10 1 0 1
2021 11 06 00 54 05 23606.529  -698.071 39179.527  12.82  12.21   57  604.0 4152.43296 N 00119.94980 E 10 1 0 1
2021 11 06 00 54 06 23607.760  -698.979 39177.409  12.82  12.21   57  603.7 4152.43300 N 00119.94974 E 10 1 0 1
2021 11 06 00 54 07 23605.924  -698.441 39179.255  12.82  12.21   57  603.5 4152.43304 N 00119.94988 E 10 1 0 1
2021 11 06 00 54 08 23607.088  -699.485 39176.947  12.82  12.21   57  603.5 4152.43299 N 00119.94980 E 10 1 0 1
2021 11 06 00 54 09 23605.564  -698.883 39178.744  12.82  12.21   57  603.3 4152.43300 N 00119.94986 E 10 1 0 1
2021 11 06 00 54 10 23606.488  -699.784 39176.800  12.82  12.21   57  603.5 4152.43295 N 00119.94981 E 10 1 0 1
2021 11 06 00 54 11 23605.203  -699.124 39178.508  12.82  12.21   57  604.1 4152.43282 N 00119.94954 E 10 1 0 1
2021 11 06 00 54 12 23606.271  -699.776 39176.782  12.82  12.21   57  604.1 4152.43281 N 00119.94953 E 10 1 0 1
2021 11 06 00 54 13 23605.000  -699.061 39178.530  12.82  12.21   57  604.0 4152.43281 N 00119.94949 E 10 1 0 1
2021 11 06 00 54 14 23606.211  -699.823 39176.583  12.82  12.21   57  603.8 4152.43285 N 00119.94956 E 10 1 0 1
2021 11 06 00 54 15 23604.980  -699.088 39178.385  12.82  12.21   57  604.1 4152.43276 N 00119.94957 E 10 1 0 1
2021 11 06 00 54 16 23606.015  -699.823 39176.574  12.82  12.21   57  603.9 4152.43276 N 00119.94971 E 10 1 0 1
2021 11 06 00 54 17 23606.242  -700.030 39176.045  12.82  12.21   57  604.1 4152.43266 N 00119.94988 E 10 1 0 1
2021 11 06 00 54 18 23604.681  -699.112 39178.289  12.82  12.21   57  604.0 4152.43265 N 00119.95010 E 10 1 0 1
2021 11 06 00 54 19 23605.793  -699.720 39176.638  12.82  12.21   57  604.0 4152.43261 N 00119.95025 E 10 1 0 1
2021 11 06 00 54 20 23604.769  -699.041 39178.227  12.82  12.21   57  603.9 4152.43258 N 00119.95058 E 10 1 0 1
2021 11 06 00 54 21 23605.683  -699.736 39176.606  12.82  12.21   57  603.3 4152.43271 N 00119.95114 E 10 1 0 1
2021 11 06 00 54 22 23604.480  -699.134 39178.140  12.82  12.21   57  603.1 4152.43278 N 00119.95133 E 10 1 0 1
2021 11 06 00 54 23 23605.498  -699.508 39176.911  12.82  12.21   57  603.5 4152.43274 N 00119.95132 E 10 1 0 1
2021 11 06 00 54 24 23604.601  -698.758 39178.462  12.82  12.21   57  603.9 4152.43266 N 00119.95093 E 10 1 0 1
2021 11 06 00 54 25 23605.810  -699.316 39176.823  12.82  12.21   57  603.9 4152.43268 N 00119.95127 E 10 1 0 1
2021 11 06 00 54 26 23604.822  -698.670 39178.358  12.82  12.21   57  603.9 4152.43268 N 00119.95130 E 10 1 0 1
2021 11 06 00 54 27 23605.914  -699.189 39176.866  12.82  12.21   57  604.3 4152.43271 N 00119.95117 E 10 1 0 1
2021 11 06 00 54 28 23604.787  -698.460 39178.622  12.82  12.21   57  604.1 4152.43275 N 00119.95134 E 10 1 0 1
2021 11 06 00 54 29 23606.160  -699.205 39176.653  12.82  12.21   57  604.5 4152.43266 N 00119.95129 E 10 1 0 1
2021 11 06 00 54 30 23604.199  -697.902 39179.692  12.82  12.21   57  604.9 4152.43258 N 00119.95132 E 10 1 0 1
2021 11 06 00 54 31 23606.031  -699.093 39176.792  12.82  12.21   57  605.3 4152.43248 N 00119.95129 E 10 1 0 1
2021 11 06 00 54 32 23604.390  -698.564 39178.538  12.82  12.21   57  605.6 4152.43246 N 00119.95121 E 10 1 0 1
2021 11 06 00 54 33 23605.804  -699.258 39176.568  12.82  12.21   57  605.7 4152.43244 N 00119.95120 E 10 1 0 1
2021 11 06 00 54 34 23604.377  -698.496 39178.533  12.82  12.21   57  606.0 4152.43237 N 00119.95101 E 10 1 0 1
2021 11 06 00 54 35 23605.734  -699.222 39176.611  12.82  12.21   57  606.1 4152.43238 N 00119.95097 E 10 1 0 1
2021 11 06 00 54 36 23604.382  -698.366 39178.622  12.82  12.21   58  606.3 4152.43243 N 00119.95105 E 10 1 0 1
2021 11 06 00 54 37 23605.808  -698.951 39176.855  12.82  12.21   57  606.5 4152.43241 N 00119.95099 E 10 1 0 1
2021 11 06 00 54 38 23604.257  -698.194 39178.874  12.82  12.21   57  606.4 4152.43248 N 00119.95103 E 10 1 0 1
2021 11 06 00 54 39 23605.734  -699.131 39176.504  12.82  12.21   57  606.6 4152.43250 N 00119.95102 E 10 1 0 1
2021 11 06 00 54 40 23604.472  -697.902 39179.026  12.82  12.21   57  606.8 4152.43246 N 00119.95084 E 10 1 0 1
2021 11 06 00 54 41 23606.420  -698.418 39177.036  12.82  12.21   57  607.3 4152.43239 N 00119.95055 E 10 1 0 1
2021 11 06 00 54 42 23605.259  -697.077 39179.628  12.82  12.21   57  607.2 4152.43242 N 00119.95066 E 10 1 0 1
2021 11 06 00 54 43 23606.994  -698.173 39176.949  12.82  12.21   58  607.3 4152.43238 N 00119.95075 E 10 1 0 1
2021 11 06 00 54 44 23605.175  -697.152 39179.522  12.82  12.21   57  607.7 4152.43224 N 00119.95059 E 10 1 0 1
2021 11 06 00 54 45 23606.545  -697.998 39177.390  12.82  12.21   57  607.5 4152.43235 N 00119.95041 E 10 1 0 1
2021 11 06 00 54 46 23604.738  -697.677 39178.952  12.82  12.21   57  607.8 4152.43228 N 00119.95010 E 9 1 0 1
2021 11 06 00 54 47 23606.281  -698.188 39177.155  12.82  12.21   57  607.4 4152.43238 N 00119.95004 E 10 1 0 1
2021 11 06 00 54 48 23605.164  -697.153 39179.358  12.82  12.21   57  607.5 4152.43246 N 00119.94991 E 10 1 0 1
2021 11 06 00 54 49 23606.621  -697.982 39177.183  12.82  12.21   58  607.3 4152.43252 N 00119.95009 E 10 1 0 1
2021 11 06 00 54 50 23605.267  -697.189 39179.133  12.82  12.21   57  607.3 4152.43252 N 00119.95002 E 10 1 0 1
2021 11 06 00 54 51 23606.039  -698.075 39177.316  12.82  12.21   57  606.5 4152.43273 N 00119.95042 E 10 1 0 1
2021 11 06 00 54 52 23604.476  -697.408 39179.175  12.82  12.21   57  606.4 4152.43278 N 00119.95055 E 10 1 0 1
2021 11 06 00 54 53 23606.033  -698.068 39177.226  12.82  12.21   57  606.6 4152.43276 N 00119.95029 E 10 1 0 1
2021 11 06 00 54 54 23604.601  -697.369 39179.023  12.82  12.21   57  606.2 4152.43291 N 00119.95040 E 10 1 0 1
2021 11 06 00 54 55 23605.609  -698.239 39177.056  12.82  12.21   57  605.8 4152.43311 N 00119.95030 E 10 1 0 1
2021 11 06 00 54 56 23604.365  -697.723 39178.540  12.82  12.21   58  605.3 4152.43327 N 00119.95032 E 9 1 0 1
2021 11 06 00 54 57 23605.308  -698.380 39176.910  12.82  12.21   57  605.2 4152.43335 N 00119.95019 E 10 1 0 1
2021 11 06 00 54 58 23603.900  -697.760 39178.661  12.82  12.21   57  605.3 4152.43335 N 00119.95004 E 10 1 0 1
2021 11 06 00 54 59 23605.043  -698.570 39176.660  12.82  12.21   57  605.7 4152.43327 N 00119.94983 E 10 1 0 1
2021 11 06 00 55 00 23604.644  -698.615 39176.782  12.82  12.21   57  605.6 4152.43331 N 00119.94980 E 10 1 0 1
2021 11 06 00 55 01 23603.726  -698.026 39178.107  12.82  12.21   57  605.3 4152.43345 N 00119.94996 E 10 1 0 1
2021 11 06 00 55 02 23604.853  -698.451 39176.724  12.82  12.21   57  605.5 4152.43343 N 00119.94998 E 10 1 0 1
2021 11 06 00 55 03 23603.779  -697.716 39178.410  12.82  12.21   57  605.7 4152.43336 N 00119.94998 E 10 1 0 1
2021 11 06 00 55 04 23604.621  -698.230 39177.041  12.82  12.21   57  605.9 4152.43331 N 00119.94993 E 10 1 0 1
2021 11 06 00 55 05 23603.720  -697.645 39178.386  12.82  12.21   57  606.3 4152.43318 N 00119.94977 E 10 1 0 1
2021 11 06 00 55 06 23604.970  -698.384 39176.439  12.82  12.21   58  605.8 4152.43336 N 00119.95020 E 10 1 0 1
2021 11 06 00 55 07 23603.677  -697.645 39178.237  12.82  12.21   57  606.1 4152.43335 N 00119.95035 E 10 1 0 1
2021 11 06 00 55 08 23604.826  -698.335 39176.481  12.82  12.21   57  606.3 4152.43335 N 00119.95047 E 10 1 0 1
2021 11 06 00 55 09 23603.457  -697.670 39178.181  12.82  12.21   57  606.8 4152.43328 N 00119.95051 E 10 1 0 1
2021 11 06 00 55 10 23604.509  -698.372 39176.463  12.82  12.21   57  607.0 4152.43328 N 00119.95044 E 10 1 0 1
2021 11 06 00 55 11 23603.250  -697.568 39178.351  12.82  12.21   57  607.9 4152.43307 N 00119.95000 E 10 1 0 1
2021 11 06 00 55 12 23604.506  -698.170 39176.571  12.82  12.21   57  607.8 4152.43311 N 00119.95014 E 10 1 0 1
2021 11 06 00 55 13 23603.205  -697.427 39178.416  12.82  12.21   57  608.2 4152.43304 N 00119.95008 E 10 1 0 1
2021 11 06 00 55 14 23604.416  -698.208 39176.469  12.82  12.21   57  608.2 4152.43302 N 00119.95022 E 10 1 0 1
2021 11 06 00 55 15 23603.019  -697.365 39178.508  12.82  12.21   57  608.4 4152.43294 N 00119.95053 E 10 1 0 1
2021 11 06 00 55 16 23604.687  -698.202 39176.213  12.82  12.21   57  608.5 4152.43291 N 00119.95065 E 10 1 0 1
2021 11 06 00 55 17 23603.293  -697.111 39178.606  12.82  12.21   57  609.1 4152.43276 N 00119.95038 E 10 1 0 1
2021 11 06 00 55 18 23604.687  -697.991 39176.438  12.82  12.21   57  609.0 4152.43274 N 00119.95044 E 10 1 0 1
2021 11 06 00 55 19 23603.072  -697.209 39178.562  12.82  12.21   57  609.3 4152.43265 N 00119.95035 E 10 1 0 1
2021 11 06 00 55 20 23604.353  -698.073 39176.475  12.82  12.21   57  609.7 4152.43255 N 00119.95029 E 10 1 0 1
2021 11 06 00 55 21 23602.919  -697.212 39178.545  12.82  12.21   57  610.1 4152.43242 N 00119.94981 E 10 1 0 1
2021 11 06 00 55 22 23604.041  -698.206 39176.349  12.82  12.21   57  610.1 4152.43236 N 00119.94992 E 10 1 0 1
2021 11 06 00 55 23 23602.457  -697.523 39178.294  12.82  12.21   57  610.0 4152.43238 N 00119.95008 E 10 1 0 1
2021 11 06 00 55 24 23604.140  -698.385 39175.949  12.82  12.21   57  610.3 4152.43226 N 00119.94994 E 10 1 0 1
2021 11 06 00 55 25 23602.683  -697.352 39178.325  12.82  12.21   57  610.5 4152.43223 N 00119.94995 E 10 1 0 1
2021 11 06 00 55 26 23603.836  -698.709 39175.632  12.82  12.21   58  610.6 4152.43214 N 00119.94991 E 10 1 0 1
2021 11 06 00 55 27 23601.794  -698.064 39177.781  12.82  12.21   57  611.3 4152.43190 N 00119.94976 E 10 1 0 1
2021 11 06 00 55 28 23603.169  -699.085 39175.364  12.82  12.21   57  611.4 4152.43184 N 00119.94966 E 10 1 0 1
2021 11 06 00 55 29 23601.683  -698.250 39177.449  12.82  12.21   57  611.6 4152.43180 N 00119.94951 E 10 1 0 1
2021 11 06 00 55 30 23602.439  -698.689 39176.231  12.82  12.21   57  610.8 4152.43191 N 00119.95018 E 10 1 0 1
2021 11 06 00 55 31 23601.511  -698.129 39177.584  12.82  12.21   57  610.9 4152.43190 N 00119.95001 E 10 1 0 1
2021 11 06 00 55 32 23603.003  -698.855 39175.568  12.82  12.21   57  611.1 4152.43185 N 00119.95014 E 10 1 0 1
2021 11 06 00 55 33 23601.714  -697.835 39177.767  12.82  12.21   57  610.8 4152.43197 N 00119.95030 E 10 1 0 1
2021 11 06 00 55 34 23603.003  -698.741 39175.626  12.82  12.21   57  610.9 4152.43204 N 00119.95005 E 9 1 0 1
2021 11 06 00 55 35 23601.617  -697.980 39177.521  12.82  12.21   57  610.9 4152.43208 N 00119.94975 E 10 1 0 1
2021 11 06 00 55 36 23603.029  -698.836 39175.357  12.82  12.21   57  610.7 4152.43214 N 00119.94988 E 9 1 0 1
2021 11 06 00 55 37 23601.472  -698.040 39177.450  12.82  12.21   57  610.9 4152.43208 N 00119.94995 E 9 1 0 1
2021 11 06 00 55 38 23602.726  -698.789 39175.499  12.82  12.21   57  611.0 4152.43206 N 00119.94985 E 10 1 0 1
2021 11 06 00 55 39 23601.271  -698.202 39177.215  12.82  12.21   57  609.8 4152.43246 N 00119.95017 E 8 1 0 1
2021 11 06 00 55 40 23602.394  -699.056 39175.256  12.82  12.21   57  609.7 4152.43252 N 00119.95020 E 9 1 0 1
2021 11 06 00 55 41 23601.281  -698.334 39176.982  12.82  12.21   57  609.8 4152.43262 N 00119.94999 E 9 1 0 1
2021 11 06 00 55 42 23602.472  -698.816 39175.427  12.82  12.21   57  609.0 4152.43287 N 00119.95046 E 9 1 0 1
2021 11 06 00 55 43 23602.919  -699.042 39174.827  12.82  12.21   57  609.3 4152.43280 N 00119.95045 E 10 1 0 1
2021 11 06 00 55 44 23601.417  -698.170 39176.958  12.82  12.21   57  609.6 4152.43272 N 00119.95062 E 10 1 0 1
2021 11 06 00 55 45 23602.603  -698.832 39175.233  12.82  12.21   58  609.2 4152.43284 N 00119.95088 E 10 1 0 1
2021 11 06 00 55 46 23602.210  -698.637 39175.764  12.82  12.21   59  609.2 4152.43283 N 00119.95098 E 9 1 0 1
2021 11 06 00 55 47 23602.869  -698.922 39174.814  12.82  12.21   58  609.2 4152.43288 N 00119.95094 E 9 1 0 1
2021 11 06 00 55 48 23601.560  -697.975 39176.962  12.82  12.21   58  609.7 4152.43282 N 00119.95024 E 9 1 0 1
2021 11 06 00 55 49 23602.638  -698.522 39175.415  12.82  12.21   57  609.9 4152.43287 N 00119.95007 E 9 1 0 1
2021 11 06 00 55 50 23601.447  -697.820 39177.155  12.82  12.21   58  609.9 4152.43288 N 00119.95009 E 9 1 0 1
2021 11 06 00 55 51 23602.521  -698.287 39175.733  12.82  12.21   57  608.6 4152.43331 N 00119.95042 E 9 1 0 1
2021 11 06 00 55 52 23601.355  -697.629 39177.384  12.82  12.21   57  608.4 4152.43344 N 00119.95044 E 9 1 0 1
2021 11 06 00 55 53 23602.480  -698.469 39175.417  12.82  12.21   57  607.2 4152.43380 N 00119.95102 E 10 1 0 1
2021 11 06 00 55 54 23601.175  -697.785 39177.204  12.82  12.21   57  605.9 4152.43417 N 00119.95179 E 10 1 0 1
2021 11 06 00 55 55 23602.371  -698.378 39175.564  12.82  12.21   57  604.9 4152.43442 N 00119.95240 E 10 1 0 1
2021 11 06 00 55 56 23601.392  -697.700 39177.193  12.82  12.21   58  603.8 4152.43471 N 00119.95282 E 10 1 0 1
2021 11 06 00 55 57 23602.582  -698.281 39175.546  12.82  12.21   57  604.1 4152.43459 N 00119.95261 E 10 1 0 1
2021 11 06 00 55 58 23601.324  -697.523 39177.406  12.82  12.21   57  604.2 4152.43446 N 00119.95286 E 10 1 0 1
2021 11 06 00 55 59 23602.709  -698.310 39175.371  12.82  12.21   57  604.1 4152.43439 N 00119.95311 E 10 1 0 1
2021 11 06 00 56 00 23601.281  -697.436 39177.538  12.82  12.21   57  603.5 4152.43450 N 00119.95331 E 10 1 0 1
2021 11 06 00 56 01 23602.750  -698.206 39175.507  12.82  12.21   57  603.0 4152.43459 N 00119.95385 E 10 1 0 1
2021 11 06 00 56 02 23601.285  -697.413 39177.569  12.82  12.21   57  602.8 4152.43457 N 00119.95413 E 9 1 0 1
2021 11 06 00 56 03 23602.730  -698.414 39175.251  12.82  12.21   57  603.2 4152.43436 N 00119.95422 E 10 1 0 1
2021 11 06 00 56 04 23601.253  -697.612 39177.352  12.82  12.21   57  602.8 4152.43439 N 00119.95440 E 10 1 0 1
2021 11 06 00 56 05 23602.835  -698.520 39175.041  12.82  12.21   57  602.6 4152.43439 N 00119.95453 E 10 1 0 1
2021 11 06 00 56 06 23601.460  -697.613 39177.228  12.82  12.21   57  602.6 4152.43432 N 00119.95451 E 10 1 0 1
2021 11 06 00 56 07 23603.007  -698.447 39175.042  12.82  12.21   57  602.9 4152.43422 N 00119.95444 E 10 1 0 1
2021 11 06 00 56 08 23601.273  -697.421 39177.597  12.82  12.21   57  602.6 4152.43425 N 00119.95458 E 10 1 0 1
2021 11 06 00 56 09 23602.882  -698.337 39175.290  12.82  12.21   57  602.6 4152.43417 N 00119.95459 E 10 1 0 1
2021 11 06 00 56 10 23601.472  -697.568 39177.298  12.82  12.21   57  602.4 4152.43414 N 00119.95472 E 10 1 0 1
2021 11 06 00 56 11 23602.918  -698.359 39175.221  12.82  12.21   57  602.2 4152.43413 N 00119.95481 E 10 1 0 1
2021 11 06 00 56 12 23601.607  -697.337 39177.532  12.82  12.21   57  601.9 4152.43416 N 00119.95501 E 10 1 0 1
2021 11 06 00 56 13 23603.212  -698.102 39175.397  12.82  12.21   57  601.7 4152.43416 N 00119.95504 E 10 1 0 1
2021 11 06 00 56 14 23601.691  -697.330 39177.544  12.81  12.21   57  601.7 4152.43398 N 00119.95472 E 10 1 0 1
2021 11 06 00 56 15 23603.201  -698.081 39175.455  12.82  12.21   57  601.9 4152.43376 N 00119.95432 E 10 1 0 1
2021 11 06 00 56 16 23601.935  -697.253 39177.479  12.81  12.21   57  601.9 4152.43372 N 00119.95438 E 10 1 0 1
2021 11 06 00 56 17 23603.345  -697.967 39175.514  12.81  12.21   57  602.0 4152.43372 N 00119.95409 E 10 1 0 1
2021 11 06 00 56 18 23602.132  -697.066 39177.565  12.81  12.21   57  602.7 4152.43360 N 00119.95361 E 10 1 0 1
2021 11 06 00 56 19 23603.591  -697.798 39175.636  12.82  12.21   57  602.8 4152.43358 N 00119.95329 E 10 1 0 1
2021 11 06 00 56 20 23602.355  -696.991 39177.602  12.81  12.21   57  602.8 4152.43359 N 00119.95328 E 9 1 0 1
2021 11 06 00 56 21 23603.507  -697.701 39175.830  12.81  12.21   57  602.7 4152.43365 N 00119.95341 E 9 1 0 1
2021 11 06 00 56 22 23602.306  -697.008 39177.590  12.81  12.21   57  603.0 4152.43361 N 00119.95330 E 9 1 0 1
2021 11 06 00 56 23 23603.517  -697.794 39175.737  12.81  12.21   57  602.5 4152.43375 N 00119.95357 E 10 1 0 1
2021 11 06 00 56 24 23602.300  -697.086 39177.477  12.81  12.21   57  600.9 4152.43420 N 00119.95443 E 10 1 0 1
2021 11 06 00 56 25 23603.740  -697.486 39176.033  12.81  12.21   57  600.3 4152.43437 N 00119.95462 E 10 1 0 1
2021 11 06 00 56 26 23604.244  -697.896 39175.126  12.81  12.21   57  600.1 4152.43444 N 00119.95430 E 10 1 0 1
2021 11 06 00 56 27 23602.798  -696.825 39177.561  12.81  12.21   57  600.1 4152.43454 N 00119.95367 E 10 1 0 1
2021 11 06 00 56 28 23603.570  -697.056 39176.721  12.81  12.21   57  600.0 4152.43469 N 00119.95323 E 10 1 0 1
2021 11 06 00 56 29 23602.839  -696.680 39177.724  12.81  12.21   57  600.0 4152.43481 N 00119.95266 E 10 1 0 1
2021 11 06 00 56 30 23603.879  -697.406 39176.018  12.81  12.21   57  601.0 4152.43458 N 00119.95173 E 10 1 0 1
2021 11 06 00 56 31 23601.947  -696.364 39178.669  12.81  12.21   57  601.1 4152.43448 N 00119.95207 E 10 1 0 1
2021 11 06 00 56 32 23603.750  -697.479 39175.916  12.81  12.21   57  601.6 4152.43435 N 00119.95185 E 10 1 0 1
2021 11 06 00 56 33 23602.312  -696.933 39177.539  12.81  12.21   57  602.3 4152.43420 N 00119.95137 E 10 1 0 1
2021 11 06 00 56 34 23603.441  -697.255 39176.319  12.81  12.21   57  602.7 4152.43416 N 00119.95097 E 10 1 0 1
2021 11 06 00 56 35 23602.066  -697.087 39177.401  12.81  12.21   57  603.0 4152.43411 N 00119.95070 E 10 1 0 1
2021 11 06 00 56 36 23603.195  -698.143 39175.163  12.81  12.21   57  603.2 4152.43412 N 00119.95046 E 9 1 0 1
2021 11 06 00 56 37 23601.728  -697.331 39177.232  12.81  12.21   57  603.1 4152.43424 N 00119.95019 E 9 1 0 1
2021 11 06 00 56 38 23602.687  -698.318 39175.195  12.81  12.21   57  602.9 4152.43428 N 00119.95002 E 10 1 0 1
2021 11 06 00 56 39 23601.464  -697.511 39177.056  12.81  12.21   57  602.9 4152.43427 N 00119.95012 E 10 1 0 1
2021 11 06 00 56 40 23602.910  -698.307 39174.998  12.81  12.21   57  602.5 4152.43442 N 00119.94996 E 10 1 0 1
2021 11 06 00 56 41 23601.294  -697.583 39177.024  12.81  12.21   57  603.0 4152.43432 N 00119.94958 E 10 1 0 1
2021 11 06 00 56 42 23602.642  -698.432 39174.871  12.81  12.21   57  603.4 4152.43420 N 00119.94891 E 10 1 0 1
2021 11 06 00 56 43 23601.347  -697.431 39177.117  12.81  12.21   57  603.2 4152.43426 N 00119.94898 E 10 1 0 1
2021 11 06 00 56 44 23603.052  -698.064 39175.102  12.81  12.21   57  603.9 4152.43413 N 00119.94851 E 10 1 0 1
2021 11 06 00 56 45 23601.791  -697.111 39177.220  12.81  12.21   57  603.7 4152.43412 N 00119.94843 E 10 1 0 1
2021 11 06 00 56 46 23603.421  -697.897 39175.045  12.81  12.21   58  604.4 4152.43389 N 00119.94841 E 10 1 0 1
2021 11 06 00 56 47 23601.759  -697.007 39177.402  12.81  12.21   57  604.5 4152.43379 N 00119.94864 E 10 1 0 1
2021 11 06 00 56 48 23603.298  -697.823 39175.216  12.81  12.21   57  605.6 4152.43343 N 00119.94871 E 10 1 0 1
2021 11 06 00 56 49 23601.677  -696.901 39177.581  12.81  12.21   57  605.3 4152.43338 N 00119.94920 E 10 1 0 1
2021 11 06 00 56 50 23603.439  -697.869 39175.088  12.81  12.21   57  605.8 4152.43322 N 00119.94918 E 10 1 0 1
2021 11 06 00 56 51 23601.949  -696.896 39177.430  12.81  12.21   57  606.4 4152.43298 N 00119.94901 E 10 1 0 1
2021 11 06 00 56 52 23603.580  -697.745 39175.198  12.81  12.21   57  606.9 4152.43279 N 00119.94884 E 10 1 0 1
2021 11 06 00 56 53 23601.458  -697.256 39177.195  12.81  12.21   57  607.8 4152.43249 N 00119.94840 E 10 1 0 1
2021 11 06 00 56 54 23602.714  -698.175 39175.101  12.81  12.21   57  607.8 4152.43247 N 00119.94867 E 10 1 0 1
2021 11 06 00 56 55 23601.242  -697.360 39177.186  12.81  12.21   57  608.2 4152.43234 N 00119.94855 E 10 1 0 1
2021 11 06 00 56 56 23602.894  -698.265 39174.833  12.81  12.21   57  608.4 4152.43222 N 00119.94825 E 10 1 0 1
2021 11 06 00 56 57 23601.509  -697.290 39177.113  12.81  12.21   57  608.8 4152.43208 N 00119.94811 E 9 1 0 1
2021 11 06 00 56 58 23603.037  -698.066 39175.067  12.81  12.21   57  609.3 4152.43191 N 00119.94776 E 9 1 0 1
2021 11 06 00 56 59 23601.857  -697.113 39177.158  12.81  12.21   57  608.7 4152.43203 N 00119.94804 E 10 1 0 1
2021 11 06 00 57 00 23603.328  -697.954 39175.037  12.81  12.21   57  609.1 4152.43192 N 00119.94764 E 10 1 0 1
2021 11 06 00 57 01 23601.705  -696.940 39177.561  12.81  12.21   58  608.6 4152.43204 N 00119.94791 E 10 1 0 1
2021 11 06 00 57 02 23603.273  -697.999 39175.033  12.81  12.21   57  609.2 4152.43194 N 00119.94781 E 10 1 0 1
2021 11 06 00 57 03 23602.072  -697.132 39176.999  12.81  12.21   57  608.3 4152.43215 N 00119.94819 E 10 1 0 1
2021 11 06 00 57 04 23603.656  -697.548 39175.432  12.81  12.21   57  608.6 4152.43213 N 00119.94817 E 8 1 0 1
2021 11 06 00 57 05 23602.298  -697.026 39177.008  12.81  12.21   57  608.3 4152.43222 N 00119.94829 E 9 1 0 1
2021 11 06 00 57 06 23603.853  -697.637 39175.156  12.81  12.21   58  607.8 4152.43237 N 00119.94871 E 10 1 0 1
2021 11 06 00 57 07 23602.796  -696.476 39177.527  12.81  12.21   57  607.4 4152.43242 N 00119.94920 E 10 1 0 1
2021 11 06 00 57 08 23603.724  -697.408 39175.584  12.81  12.21   57  607.2 4152.43241 N 00119.94953 E 10 1 0 1
2021 11 06 00 57 09 23603.961  -697.702 39175.040  12.81  12.21   57  607.2 4152.43235 N 00119.94930 E 10 1 0 1
2021 11 06 00 57 10 23602.523  -697.043 39176.881  12.81  12.21   57  607.4 4152.43241 N 00119.94885 E 10 1 0 1
2021 11 06 00 57 11 23603.974  -697.281 39175.635  12.81  12.21   57  607.2 4152.43254 N 00119.94872 E 10 1 0 1
2021 11 06 00 57 12 23602.978  -696.483 39177.408  12.81  12.21   57  607.0 4152.43270 N 00119.94872 E 10 1 0 1
2021 11 06 00 57 13 23603.808  -697.224 39175.798  12.81  12.21   57  606.7 4152.43273 N 00119.94911 E 10 1 0 1
2021 11 06 00 57 14 23602.855  -696.521 39177.411  12.81  12.21   57  605.9 4152.43299 N 00119.94964 E 9 1 0 1
2021 11 06 00 57 15 23603.605  -697.397 39175.708  12.81  12.21   57  605.8 4152.43293 N 00119.94977 E 10 1 0 1
2021 11 06 00 57 16 23601.203  -696.746 39178.080  12.81  12.21   57  605.4 4152.43303 N 00119.95007 E 10 1 0 1
2021 11 06 00 57 17 23603.539  -697.778 39175.124  12.81  12.21   57  605.5 4152.43300 N 00119.95019 E 10 1 0 1
2021 11 06 00 57 18 23602.580  -696.745 39177.246  12.81  12.21   57  604.9 4152.43322 N 00119.95005 E 10 1 0 1
2021 11 06 00 57 19 23603.785  -697.523 39175.362  12.81  12.21   57  604.3 4152.43334 N 00119.95033 E 10 1 0 1
2021 11 06 00 57 20 23602.496  -696.919 39177.048  12.81  12.21   57  604.5 4152.43328 N 00119.95018 E 10 1 0 1
2021 11 06 00 57 21 23603.830  -697.836 39174.923  12.81  12.21   58  604.6 4152.43323 N 00119.95014 E 10 1 0 1
2021 11 06 00 57 22 23602.037  -697.275 39176.812  12.81  12.21   57  604.3 4152.43325 N 00119.95033 E 9 1 0 1
2021 11 06 00 57 23 23603.287  -698.177 39174.726  12.81  12.21   57  604.1 4152.43323 N 00119.95063 E 10 1 0 1
2021 11 06 00 57 24 23601.914  -697.205 39176.967  12.81  12.21   57  603.6 4152.43327 N 00119.95107 E 10 1 0 1
2021 11 06 00 57 25 23603.388  -697.945 39174.909  12.81  12.21   57  603.9 4152.43315 N 00119.95090 E 10 1 0 1
2021 11 06 00 57 26 23602.042  -696.952 39177.115  12.81  12.21   57  603.5 4152.43317 N 00119.95137 E 10 1 0 1
2021 11 06 00 57 27 23603.646  -697.634 39175.135  12.81  12.21   57  602.1 4152.43361 N 00119.95167 E 10 1 0 1
2021 11 06 00 57 28 23602.066  -696.804 39177.341  12.81  12.21   57  601.8 4152.43367 N 00119.95169 E 10 1 0 1
2021 11 06 00 57 29 23603.293  -697.768 39175.153  12.81  12.21   57  601.9 4152.43368 N 00119.95130 E 10 1 0 1
2021 11 06 00 57 30 23601.638  -696.920 39177.377  12.81  12.21   57  601.9 4152.43364 N 00119.95117 E 10 1 0 1
2021 11 06 00 57 31 23602.892  -697.540 39175.703  12.81  12.21   57  601.2 4152.43382 N 00119.95134 E 10 1 0 1
2021 11 06 00 57 32 23601.849  -697.007 39177.114  12.81  12.21   57  601.1 4152.43388 N 00119.95134 E 10 1 0 1
2021 11 06 00 57 33 23603.183  -697.834 39175.071  12.81  12.21   57  601.3 4152.43382 N 00119.95108 E 10 1 0 1
2021 11 06 00 57 34 23601.937  -696.714 39177.437  12.81  12.21   57  601.2 4152.43387 N 00119.95081 E 10 1 0 1
2021 11 06 00 57 35 23602.996  -697.640 39175.396  12.81  12.21   57  600.9 4152.43398 N 00119.95114 E 10 1 0 1
2021 11 06 00 57 36 23601.798  -697.088 39176.962  12.81  12.21   58  601.2 4152.43398 N 00119.95060 E 10 1 0 1
2021 11 06 00 57 37 23602.867  -697.596 39175.520  12.81  12.21   57  602.1 4152.43374 N 00119.94998 E 10 1 0 1
2021 11 06 00 57 38 23601.589  -697.172 39176.906  12.81  12.21   57  601.9 4152.43371 N 00119.95054 E 10 1 0 1
2021 11 06 00 57 39 23602.914  -698.100 39174.727  12.81  12.21   57  602.3 4152.43360 N 00119.95025 E 9 1 0 1
2021 11 06 00 57 40 23601.720  -697.050 39176.980  12.81  12.21   57  602.0 4152.43370 N 00119.95008 E 9 1 0 1
2021 11 06 00 57 41 23602.951  -697.908 39174.933  12.81  12.21   57  602.4 4152.43364 N 00119.94960 E 9 1 0 1
2021 11 06 00 57 42 23601.527  -697.202 39176.843  12.81  12.21   57  602.6 4152.43358 N 00119.94934 E 9 1 0 1
2021 11 06 00 57 43 23602.798  -698.039 39174.835  12.81  12.21   57  602.6 4152.43359 N 00119.94885 E 10 1 0 1
2021 11 06 00 57 44 23601.267  -697.328 39176.799  12.81  12.21   57  602.7 4152.43363 N 00119.94855 E 10 1 0 1
2021 11 06 00 57 45 23602.611  -698.034 39174.931  12.81  12.21   57  602.7 4152.43362 N 00119.94835 E 10 1 0 1
2021 11 06 00 57 46 23601.398  -697.206 39176.881  12.81  12.21   57  602.5 4152.43366 N 00119.94842 E 10 1 0 1
2021 11 06 00 57 47 23602.851  -697.926 39174.916  12.81  12.21   57  602.0 4152.43377 N 00119.94853 E 10 1 0 1
2021 11 06 00 57 48 23601.621  -697.124 39176.847  12.81  12.21   57  602.3 4152.43367 N 00119.94832 E 10 1 0 1
2021 11 06 00 57 49 23602.800  -697.687 39175.278  12.81  12.21   57  602.3 4152.43368 N 00119.94824 E 10 1 0 1
2021 11 06 00 57 50 23603.328  -697.992 39174.502  12.81  12.21   57  602.3 4152.43361 N 00119.94842 E 10 1 0 1
2021 11 06 00 57 51 23601.955  -697.122 39176.615  12.81  12.21   57  601.9 4152.43366 N 00119.94878 E 10 1 0 1
2021 11 06 00 57 52 23602.830  -697.572 39175.347  12.81  12.21   57  601.9 4152.43359 N 00119.94877 E 10 1 0 1
2021 11 06 00 57 53 23602.015  -696.930 39176.802  12.81  12.21   57  602.0 4152.43356 N 00119.94851 E 9 1 0 1
2021 11 06 00 57 54 23603.160  -697.389 39175.439  12.81  12.21   57  601.0 4152.43389 N 00119.94846 E 9 1 0 1
2021 11 06 00 57 55 23601.388  -697.464 39176.488  12.81  12.21   57  601.1 4152.43384 N 00119.94822 E 10 1 0 1
2021 11 06 00 57 56 23602.525  -698.125 39174.771  12.81  12.21   57  600.9 4152.43390 N 00119.94811 E 10 1 0 1
2021 11 06 00 57 57 23601.431  -697.370 39176.523  12.81  12.21   57  602.1 4152.43356 N 00119.94725 E 10 1 0 1
2021 11 06 00 57 58 23602.611  -697.990 39174.860  12.81  12.21   57  602.4 4152.43347 N 00119.94706 E 10 1 0 1
2021 11 06 00 57 59 23601.214  -697.469 39176.503  12.81  12.21   57  602.5 4152.43338 N 00119.94712 E 9 1 0 1
2021 11 06 00 58 00 23602.183  -698.403 39174.520  12.81  12.21   57  601.7 4152.43359 N 00119.94735 E 10 1 0 1
2021 11 06 00 58 01 23600.701  -697.706 39176.434  12.81  12.21   57  601.8 4152.43347 N 00119.94749 E 10 1 0 1
2021 11 06 00 58 02 23601.765  -698.239 39174.926  12.81  12.21   57  601.9 4152.43340 N 00119.94745 E 10 1 0 1
2021 11 06 00 58 03 23600.697  -697.573 39176.566  12.81  12.21   57  601.5 4152.43348 N 00119.94786 E 9 1 0 1
2021 11 06 00 58 04 23602.064  -698.287 39174.620  12.81  12.21   57  601.4 4152.43347 N 00119.94810 E 10 1 0 1
2021 11 06 00 58 05 23600.798  -697.536 39176.492  12.81  12.21   57  601.2 4152.43351 N 00119.94820 E 9 1 0 1
2021 11 06 00 58 06 23602.087  -698.224 39174.663  12.81  12.21   57  601.2 4152.43355 N 00119.94809 E 10 1 0 1
2021 11 06 00 58 07 23600.915  -697.537 39176.419  12.81  12.21   57  601.5 4152.43349 N 00119.94774 E 10 1 0 1
2021 11 06 00 58 08 23602.072  -698.355 39174.499  12.81  12.21   57  601.6 4152.43348 N 00119.94771 E 10 1 0 1
2021 11 06 00 58 09 23600.529  -697.413 39176.837  12.81  12.21   57  601.9 4152.43344 N 00119.94729 E 10 1 0 1
2021 11 06 00 58 10 23602.087  -698.226 39174.624  12.81  12.21   57  602.2 4152.43337 N 00119.94711 E 10 1 0 1
2021 11 06 00 58 11 23600.835  -697.367 39176.620  12.81  12.21   57  602.5 4152.43325 N 00119.94700 E 10 1 0 1
2021 11 06 00 58 12 23602.306  -698.314 39174.294  12.81  12.21   57  603.1 4152.43302 N 00119.94668 E 9 1 0 1
2021 11 06 00 58 13 23600.595  -697.423 39176.623  12.81  12.21   57  603.7 4152.43287 N 00119.94616 E 10 1 0 1
2021 11 06 00 58 14 23602.189  -698.133 39174.550  12.81  12.21   57  604.2 4152.43266 N 00119.94571 E 10 1 0 1
2021 11 06 00 58 15 23601.066  -696.969 39176.912  12.81  12.21   57  603.1 4152.43286 N 00119.94640 E 10 1 0 1
2021 11 06 00 58 16 23602.839  -697.813 39174.568  12.81  12.21   57  603.3 4152.43284 N 00119.94616 E 10 1 0 1
2021 11 06 00 58 17 23601.095  -697.078 39176.702  12.81  12.21   57  603.7 4152.43267 N 00119.94594 E 10 1 0 1
2021 11 06 00 58 18 23602.466  -697.849 39174.710  12.81  12.21   57  602.8 4152.43293 N 00119.94635 E 10 1 0 1
2021 11 06 00 58 19 23600.953  -697.125 39176.686  12.81  12.21   57  602.8 4152.43289 N 00119.94644 E 10 1 0 1
2021 11 06 00 58 20 23602.318  -697.922 39174.635  12.81  12.21   57  603.1 4152.43283 N 00119.94577 E 10 1 0 1
2021 11 06 00 58 21 23600.796  -697.163 39176.666  12.81  12.21   57  604.3 4152.43250 N 00119.94521 E 10 1 0 1
2021 11 06 00 58 22 23602.455  -697.889 39174.538  12.81  12.21   57  604.2 4152.43257 N 00119.94539 E 10 1 0 1
2021 11 06 00 58 23 23601.017  -696.939 39176.783  12.81  12.21   57  604.2 4152.43265 N 00119.94518 E 10 1 0 1
2021 11 06 00 58 24 23602.400  -697.730 39174.748  12.81  12.21   57  602.0 4152.43325 N 00119.94638 E 10 1 0 1
2021 11 06 00 58 25 23601.085  -696.956 39176.721  12.81  12.21   57  602.2 4152.43324 N 00119.94609 E 10 1 0 1
2021 11 06 00 58 26 23602.462  -697.708 39174.740  12.81  12.21   57  602.4 4152.43318 N 00119.94607 E 10 1 0 1
2021 11 06 00 58 27 23601.136  -696.976 39176.612  12.81  12.21   57  601.3 4152.43347 N 00119.94661 E 10 1 0 1
2021 11 06 00 58 28 23602.314  -697.726 39174.763  12.81  12.21   57  601.5 4152.43347 N 00119.94630 E 10 1 0 1
2021 11 06 00 58 29 23601.070  -696.969 39176.643  12.81  12.21   57  601.5 4152.43357 N 00119.94614 E 10 1 0 1
2021 11 06 00 58 30 23602.421  -697.619 39174.825  12.81  12.21   57  601.8 4152.43349 N 00119.94595 E 10 1 0 1
2021 11 06 00 58 31 23601.236  -696.948 39176.558  12.81  12.21   57  601.5 4152.43356 N 00119.94596 E 10 1 0 1
2021 11 06 00 58 32 23601.580  -697.098 39176.093  12.81  12.21   57  601.9 4152.43347 N 00119.94553 E 10 1 0 1
2021 11 06 00 58 33 23601.107  -696.766 39176.868  12.81  12.21   57  601.5 4152.43354 N 00119.94564 E 10 1 0 1
2021 11 06 00 58 34 23602.705  -697.552 39174.729  12.81  12.21   57  601.4 4152.43359 N 00119.94549 E 10 1 0 1
2021 11 06 00 58 35 23602.992  -697.712 39174.287  12.81  12.21   57  601.4 4152.43348 N 00119.94581 E 10 1 0 1
2021 11 06 00 58 36 23601.867  -696.602 39176.564  12.81  12.21   57  600.6 4152.43378 N 00119.94585 E 9 1 0 1
2021 11 06 00 58 37 23602.822  -697.183 39175.130  12.81  12.21   57  600.6 4152.43381 N 00119.94567 E 8 1 0 1
2021 11 06 00 58 38 23601.576  -696.670 39176.645  12.81  12.21   57  600.2 4152.43399 N 00119.94552 E 9 1 0 1
2021 11 06 00 58 39 23602.552  -697.214 39175.257  12.81  12.21   57  601.7 4152.43346 N 00119.94508 E 10 1 0 1
2021 11 06 00 58 40 23601.689  -696.389 39176.952  12.81  12.21   57  601.5 4152.43349 N 00119.94514 E 10 1 0 1
2021 11 06 00 58 41 23603.267  -696.980 39175.140  12.81  12.21   57  599.3 4152.43402 N 00119.94690 E 10 1 0 1
2021 11 06 00 58 42 23601.900  -696.428 39176.817  12.81  12.21   57  599.3 4152.43408 N 00119.94689 E 10 1 0 1
2021 11 06 00 58 43 23602.951  -697.150 39175.072  12.81  12.21   57  599.0 4152.43421 N 00119.94683 E 9 1 0 1
2021 11 06 00 58 44 23601.814  -696.315 39177.031  12.81  12.21   57  598.9 4152.43425 N 00119.94687 E 8 1 0 1
2021 11 06 00 58 45 23603.195  -697.048 39175.093  12.81  12.21   57  599.3 4152.43417 N 00119.94639 E 9 1 0 1
2021 11 06 00 58 46 23601.767  -696.411 39176.933  12.81  12.21   57  598.7 4152.43433 N 00119.94666 E 10 1 0 1
2021 11 06 00 58 47 23603.261  -697.236 39174.786  12.81  12.21   57  597.9 4152.43462 N 00119.94682 E 10 1 0 1
2021 11 06 00 58 48 23601.716  -696.387 39176.964  12.81  12.21   57  598.3 4152.43452 N 00119.94645 E 10 1 0 1
2021 11 06 00 58 49 23602.867  -697.353 39174.846  12.81  12.21   57  598.5 4152.43444 N 00119.94633 E 10 1 0 1
2021 11 06 00 58 50 23601.384  -696.489 39177.013  12.81  12.21   57  598.3 4152.43439 N 00119.94676 E 10 1 0 1
2021 11 06 00 58 51 23602.931  -697.389 39174.738  12.81  12.21   57  597.5 4152.43462 N 00119.94766 E 10 1 0 1
2021 11 06 00 58 52 23601.453  -696.606 39176.784  12.81  12.21   57  596.9 4152.43479 N 00119.94820 E 10 1 0 1
2021 11 06 00 58 53 23602.812  -697.541 39174.531  12.81  12.21   57  596.8 4152.43480 N 00119.94801 E 10 1 0 1
2021 11 06 00 58 54 23601.251  -696.662 39176.728  12.81  12.21   57  597.4 4152.43454 N 00119.94769 E 10 1 0 1
2021 11 06 00 58 55 23602.742  -697.546 39174.476  12.81  12.21   57  596.9 4152.43473 N 00119.94781 E 10 1 0 1
2021 11 06 00 58 56 23601.246  -696.503 39176.875  12.81  12.21   57  596.5 4152.43478 N 00119.94794 E 10 1 0 1
2021 11 06 00 58 57 23603.351  -697.145 39174.626  12.81  12.21   57  596.3 4152.43477 N 00119.94810 E 10 1 0 1
2021 11 06 00 58 58 23602.064  -695.775 39177.373  12.81  12.21   57  596.0 4152.43481 N 00119.94771 E 10 1 0 1
2021 11 06 00 58 59 23603.851  -696.371 39175.359  12.81  12.21   57  596.0 4152.43477 N 00119.94787 E 10 1 0 1
2021 11 06 00 59 00 23601.818  -695.819 39177.371  12.81  12.21   57  596.6 4152.43449 N 00119.94766 E 10 1 0 1
2021 11 06 00 59 01 23603.486  -696.688 39175.030  12.81  12.21   57  596.5 4152.43451 N 00119.94772 E 10 1 0 1
2021 11 06 00 59 02 23601.826  -695.324 39178.028  12.81  12.21   57  596.6 4152.43446 N 00119.94790 E 10 1 0 1
2021 11 06 00 59 03 23603.703  -696.398 39175.315  12.81  12.21   57  597.2 4152.43428 N 00119.94777 E 10 1 0 1
2021 11 06 00 59 04 23601.990  -695.772 39177.321  12.81  12.21   57  597.0 4152.43433 N 00119.94816 E 10 1 0 1
2021 11 06 00 59 05 23603.128  -696.714 39175.188  12.81  12.21   57  596.9 4152.43427 N 00119.94874 E 10 1 0 1
2021 11 06 00 59 06 23601.412  -695.963 39177.303  12.81  12.21   57  597.5 4152.43396 N 00119.94883 E 10 1 0 1
2021 11 06 00 59 07 23602.980  -696.995 39174.794  12.81  12.21   57  597.4 4152.43393 N 00119.94893 E 10 1 0 1
2021 11 06 00 59 08 23601.361  -696.126 39177.030  12.81  12.21   57  597.5 4152.43385 N 00119.94893 E 10 1 0 1
2021 11 06 00 59 09 23602.697  -696.854 39175.100  12.81  12.21   57  597.0 4152.43401 N 00119.94906 E 10 1 0 1
2021 11 06 00 59 10 23601.296  -696.183 39176.956  12.81  12.21   57  597.1 4152.43396 N 00119.94884 E 10 1 0 1
2021 11 06 00 59 11 23602.584  -696.965 39174.971  12.81  12.21   57  597.1 4152.43406 N 00119.94868 E 10 1 0 1
2021 11 06 00 59 12 23601.482  -696.277 39176.673  12.81  12.21   57  597.5 4152.43411 N 00119.94832 E 10 1 0 1
2021 11 06 00 59 13 23602.544  -696.905 39175.052  12.81  12.21   57  597.7 4152.43404 N 00119.94858 E 10 1 0 1
2021 11 06 00 59 14 23601.349  -696.184 39176.831  12.81  12.21   57  597.5 4152.43467 N 00119.94728 E 10 1 0 1
2021 11 06 00 59 15 23602.550  -696.919 39174.997  12.81  12.21   57  597.2 4152.43493 N 00119.94742 E 10 1 0 1
2021 11 06 00 59 16 23602.937  -697.010 39174.555  12.81  12.21   57  596.5 4152.43518 N 00119.94737 E 10 1 0 1
2021 11 06 00 59 17 23601.759  -696.124 39176.533  12.81  12.21   57  595.9 4152.43547 N 00119.94746 E 10 1 0 1
2021 11 06 00 59 18 23602.376  -696.421 39175.723  12.81  12.21   57  596.2 4152.43540 N 00119.94729 E 10 1 0 1
2021 11 06 00 59 19 23601.169  -696.216 39176.783  12.81  12.21   57  596.4 4152.43546 N 00119.94671 E 10 1 0 1
2021 11 06 00 59 20 23601.916  -697.178 39174.924  12.81  12.21   57  596.5 4152.43533 N 00119.94608 E 10 1 0 1
2021 11 06 00 59 21 23600.509  -696.727 39176.391  12.81  12.21   57  596.7 4152.43548 N 00119.94545 E 10 1 0 1
2021 11 06 00 59 22 23601.517  -697.075 39175.178  12.81  12.21   58  596.8 4152.43549 N 00119.94495 E 10 1 0 1
2021 11 06 00 59 23 23600.872  -696.368 39176.606  12.81  12.21   57  596.6 4152.43569 N 00119.94503 E 10 1 0 1
2021 11 06 00 59 24 23602.041  -696.731 39175.289  12.81  12.21   57  597.2 4152.43547 N 00119.94450 E 10 1 0 1
2021 11 06 00 59 25 23601.017  -696.041 39176.910  12.81  12.21   57  597.2 4152.43557 N 00119.94443 E 10 1 0 1
2021 11 06 00 59 26 23602.222  -696.603 39175.305  12.81  12.21   57  597.0 4152.43592 N 00119.94387 E 10 1 0 1
2021 11 06 00 59 27 23601.341  -695.923 39176.822  12.81  12.21   57  596.6 4152.43587 N 00119.94419 E 10 1 0 1
2021 11 06 00 59 28 23602.480  -696.483 39175.252  12.81  12.21   57  596.5 4152.43569 N 00119.94443 E 10 1 0 1
2021 11 06 00 59 29 23601.261  -695.775 39176.988  12.81  12.21   57  596.7 4152.43527 N 00119.94474 E 10 1 0 1
2021 11 06 00 59 30 23602.177  -696.331 39175.623  12.81  12.21   57  596.4 4152.43519 N 00119.94513 E 10 1 0 1
2021 11 06 00 59 31 23601.177  -695.671 39177.170  12.81  12.21   57  596.2 4152.43535 N 00119.94520 E 10 1 0 1
2021 11 06 00 59 32 23602.373  -696.299 39175.488  12.81  12.21   57  596.4 4152.43505 N 00119.94534 E 9 1 0 1
2021 11 06 00 59 33 23601.353  -695.655 39177.050  12.81  12.21   57  596.5 4152.43486 N 00119.94573 E 9 1 0 1
2021 11 06 00 59 34 23602.625  -696.414 39175.100  12.81  12.21   57  597.0 4152.43462 N 00119.94547 E 10 1 0 1
2021 11 06 00 59 35 23601.222  -695.675 39177.065  12.81  12.21   57  597.3 4152.43450 N 00119.94533 E 10 1 0 1
2021 11 06 00 59 36 23602.371  -696.861 39174.664  12.81  12.21   57  597.8 4152.43430 N 00119.94546 E 10 1 0 1
2021 11 06 00 59 37 23600.162  -696.384 39176.691  12.81  12.21   57  597.9 4152.43426 N 00119.94567 E 10 1 0 1
2021 11 06 00 59 38 23601.331  -697.357 39174.558  12.81  12.21   57  598.1 4152.43407 N 00119.94616 E 10 1 0 1
2021 11 06 00 59 39 23599.597  -696.759 39176.541  12.81  12.21   57  597.7 4152.43396 N 00119.94686 E 10 1 0 1
2021 11 06 00 59 40 23600.872  -697.587 39174.501  12.81  12.21   57  598.0 4152.43378 N 00119.94683 E 10 1 0 1
2021 11 06 00 59 41 23599.234  -696.984 39176.383  12.81  12.21   57  598.3 4152.43365 N 00119.94675 E 10 1 0 1
2021 11 06 00 59 42 23600.579  -698.080 39173.951  12.81  12.21   57  598.6 4152.43365 N 00119.94658 E 10 1 0 1
2021 11 06 00 59 43 23599.091  -697.236 39176.091  12.81  12.21   57  599.1 4152.43342 N 00119.94598 E 10 1 0 1
2021 11 06 00 59 44 23600.632  -698.129 39173.776  12.81  12.21   57  599.3 4152.43343 N 00119.94550 E 10 1 0 1
2021 11 06 00 59 45 23599.167  -697.150 39176.087  12.81  12.21   57  599.2 4152.43359 N 00119.94565 E 10 1 0 1
2021 11 06 00 59 46 23600.413  -698.023 39173.977  12.81  12.21   57  599.4 4152.43346 N 00119.94619 E 10 1 0 1
2021 11 06 00 59 47 23599.310  -697.103 39175.963  12.81  12.21   57  599.8 4152.43340 N 00119.94605 E 10 1 0 1
2021 11 06 00 59 48 23600.796  -697.757 39174.115  12.81  12.21   57  599.8 4152.43347 N 00119.94585 E 10 1 0 1
2021 11 06 00 59 49 23599.302  -696.915 39176.239  12.81  12.21   57  599.9 4152.43347 N 00119.94605 E 10 1 0 1
2021 11 06 00 59 50 23600.408  -697.844 39174.183  12.81  12.21   57  599.9 4152.43348 N 00119.94608 E 10 1 0 1
2021 11 06 00 59 51 23599.048  -697.274 39175.845  12.81  12.21   57  600.5 4152.43337 N 00119.94566 E 10 1 0 1
2021 11 06 00 59 52 23600.290  -698.070 39173.851  12.81  12.21   57  600.7 4152.43327 N 00119.94588 E 10 1 0 1
2021 11 06 00 59 53 23599.283  -697.121 39175.810  12.81  12.21   57  601.2 4152.43315 N 00119.94585 E 10 1 0 1
2021 11 06 00 59 54 23601.097  -697.288 39174.438  12.81  12.21   57  601.2 4152.43317 N 00119.94593 E 10 1 0 1
2021 11 06 00 59 55 23599.296  -696.860 39176.152  12.81  12.21   57  601.3 4152.43309 N 00119.94603 E 10 1 0 1
2021 11 06 00 59 56 23600.540  -697.516 39174.342  12.81  12.21   57  601.6 4152.43300 N 00119.94585 E 10 1 0 1
2021 11 06 00 59 57 23599.734  -696.616 39176.134  12.81  12.21   58  601.5 4152.43308 N 00119.94565 E 10 1 0 1
2021 11 06 00 59 58 23600.515  -697.489 39174.349  12.81  12.21   57  601.6 4152.43295 N 00119.94582 E 10 1 0 1
2021 11 06 00 59 59 23601.263  -697.413 39173.968  12.81  12.21   57  601.6 4152.43303 N 00119.94546 E 10 1 0 1
2021 11 06 01 00 00 23599.523  -696.642 39176.141  12.81  12.21   57  601.5 4152.43298 N 00119.94569 E 10 1 0 1
2021 11 06 01 00 01 23600.646  -697.272 39174.528  12.81  12.21   57  601.3 4152.43313 N 00119.94528 E 10 1 0 1
2021 11 06 01 00 02 23599.187  -696.711 39176.244  12.81  12.21   57  601.5 4152.43292 N 00119.94554 E 10 1 0 1
2021 11 06 01 00 03 23599.915  -697.611 39174.474  12.81  12.21   57  601.7 4152.43285 N 00119.94516 E 10 1 0 1
2021 11 06 01 00 04 23599.050  -696.972 39175.851  12.81  12.21   57  601.5 4152.43279 N 00119.94565 E 10 1 0 1
2021 11 06 01 00 05 23600.693  -697.264 39174.349  12.81  12.21   57  601.8 4152.43261 N 00119.94608 E 10 1 0 1
2021 11 06 01 00 06 23599.816  -696.297 39176.246  12.81  12.21   57  601.8 4152.43268 N 00119.94591 E 10 1 0 1
2021 11 06 01 00 07 23601.197  -696.992 39174.378  12.81  12.21   57  601.8 4152.43264 N 00119.94611 E 10 1 0 1
2021 11 06 01 00 08 23599.827  -696.283 39176.254  12.81  12.21   57  602.3 4152.43271 N 00119.94530 E 10 1 0 1
2021 11 06 01 00 09 23601.097  -696.898 39174.514  12.81  12.21   57  602.3 4152.43272 N 00119.94585 E 10 1 0 1
2021 11 06 01 00 10 23599.812  -696.015 39176.553  12.81  12.21   57  602.6 4152.43274 N 00119.94527 E 10 1 0 1
2021 11 06 01 00 11 23601.142  -696.667 39174.778  12.81  12.21   57  602.7 4152.43263 N 00119.94566 E 10 1 0 1
2021 11 06 01 00 12 23599.876  -695.834 39176.759  12.81  12.21   57  602.4 4152.43265 N 00119.94591 E 10 1 0 1
2021 11 06 01 00 13 23601.328  -696.651 39174.666  12.81  12.21   57  602.6 4152.43248 N 00119.94615 E 10 1 0 1
2021 11 06 01 00 14 23599.904  -695.764 39176.798  12.81  12.21   57  602.8 4152.43231 N 00119.94631 E 10 1 0 1
2021 11 06 01 00 15 23601.310  -696.551 39174.771  12.81  12.21   57  602.9 4152.43220 N 00119.94643 E 10 1 0 1
2021 11 06 01 00 16 23599.835  -695.674 39176.988  12.81  12.21   57  603.1 4152.43215 N 00119.94626 E 10 1 0 1
2021 11 06 01 00 17 23600.935  -696.243 39175.446  12.81  12.21   57  603.4 4152.43207 N 00119.94585 E 10 1 0 1
2021 11 06 01 00 18 23599.826  -695.608 39177.054  12.81  12.21   57  603.0 4152.43225 N 00119.94569 E 9 1 0 1
2021 11 06 01 00 19 23601.322  -696.481 39174.856  12.81  12.21   57  603.3 4152.43218 N 00119.94543 E 9 1 0 1
2021 11 06 01 00 20 23599.896  -695.552 39177.078  12.81  12.21   57  603.3 4152.43214 N 00119.94549 E 10 1 0 1
2021 11 06 01 00 21 23601.845  -696.274 39174.753  12.81  12.21   57  603.7 4152.43205 N 00119.94527 E 10 1 0 1
2021 11 06 01 00 22 23600.095  -695.536 39176.931  12.81  12.21   57  603.3 4152.43215 N 00119.94520 E 10 1 0 1
2021 11 06 01 00 23 23601.431  -696.715 39174.370  12.81  12.21   58  603.3 4152.43211 N 00119.94539 E 10 1 0 1
2021 11 06 01 00 24 23599.759  -695.688 39176.921  12.81  12.21   57  603.5 4152.43193 N 00119.94522 E 10 1 0 1
2021 11 06 01 00 25 23601.398  -696.579 39174.600  12.81  12.21   57  603.5 4152.43178 N 00119.94567 E 10 1 0 1
2021 11 06 01 00 26 23599.324  -695.822 39176.993  12.81  12.21   57  603.4 4152.43172 N 00119.94614 E 10 1 0 1
2021 11 06 01 00 27 23601.017  -696.736 39174.594  12.81  12.21   57  603.5 4152.43158 N 00119.94643 E 10 1 0 1
2021 11 06 01 00 28 23599.685  -695.704 39176.960  12.81  12.21   57  603.3 4152.43167 N 00119.94642 E 9 1 0 1
2021 11 06 01 00 29 23600.331  -697.161 39174.404  12.81  12.21   57  603.4 4152.43176 N 00119.94632 E 9 1 0 1
2021 11 06 01 00 30 23598.833  -696.196 39176.730  12.81  12.21   57  603.3 4152.43181 N 00119.94643 E 9 1 0 1
2021 11 06 01 00 31 23600.855  -696.798 39174.589  12.81  12.21   57  603.4 4152.43166 N 00119.94667 E 9 1 0 1
2021 11 06 01 00 32 23599.492  -695.923 39176.745  12.81  12.21   57  603.6 4152.43152 N 00119.94693 E 9 1 0 1
2021 11 06 01 00 33 23599.775  -696.567 39175.623  12.81  12.21   57  603.6 4152.43150 N 00119.94677 E 9 1 0 1
2021 11 06 01 00 34 23599.245  -696.113 39176.588  12.81  12.21   57  603.8 4152.43139 N 00119.94673 E 10 1 0 1
2021 11 06 01 00 35 23600.152  -696.679 39175.232  12.81  12.21   57  604.0 4152.43130 N 00119.94620 E 10 1 0 1
2021 11 06 01 00 36 23599.351  -696.147 39176.457  12.81  12.21   57  604.4 4152.43122 N 00119.94571 E 10 1 0 1
2021 11 06 01 00 37 23600.874  -696.853 39174.469  12.81  12.21   57  604.8 4152.43111 N 00119.94534 E 10 1 0 1
2021 11 06 01 00 38 23599.642  -695.924 39176.586  12.81  12.21   57  605.1 4152.43091 N 00119.94536 E 10 1 0 1
2021 11 06 01 00 39 23601.085  -696.483 39174.831  12.81  12.21   57  605.2 4152.43094 N 00119.94501 E 10 1 0 1
2021 11 06 01 00 40 23599.913  -695.631 39176.817  12.81  12.21   57  605.2 4152.43084 N 00119.94527 E 10 1 0 1
2021 11 06 01 00 41 23601.072  -696.083 39175.414  12.81  12.21   57  605.1 4152.43077 N 00119.94583 E 9 1 0 1
2021 11 06 01 00 42 23601.546  -696.350 39174.689  12.81  12.21   57  605.3 4152.43072 N 00119.94592 E 9 1 0 1
2021 11 06 01 00 43 23599.992  -695.787 39176.510  12.81  12.21   57  605.2 4152.43071 N 00119.94651 E 9 1 0 1
2021 11 06 01 00 44 23600.310  -696.724 39174.929  12.81  12.21   57  605.2 4152.43068 N 00119.94676 E 8 1 0 1
2021 11 06 01 00 45 23599.392  -696.159 39176.320  12.81  12.21   57  605.4 4152.43062 N 00119.94701 E 8 1 0 1
2021 11 06 01 00 46 23600.445  -696.814 39174.680  12.81  12.21   57  605.7 4152.43057 N 00119.94733 E 9 1 0 1
2021 11 06 01 00 47 23599.523  -695.906 39176.581  12.81  12.21   57  606.0 4152.43057 N 00119.94734 E 10 1 0 1
2021 11 06 01 00 48 23600.947  -696.556 39174.760  12.81  12.21   57  606.5 4152.43049 N 00119.94712 E 10 1 0 1
2021 11 06 01 00 49 23598.843  -696.515 39176.131  12.81  12.21   57  606.4 4152.43063 N 00119.94719 E 10 1 0 1
2021 11 06 01 00 50 23599.777  -696.900 39174.953  12.81  12.21   57  606.8 4152.43060 N 00119.94710 E 10 1 0 1
2021 11 06 01 00 51 23599.179  -696.144 39176.405  12.81  12.21   57  607.0 4152.43059 N 00119.94701 E 10 1 0 1
2021 11 06 01 00 52 23600.478  -696.567 39174.929  12.81  12.21   57  607.1 4152.43071 N 00119.94660 E 10 1 0 1
2021 11 06 01 00 53 23599.577  -695.754 39176.671  12.81  12.21   57  607.5 4152.43066 N 00119.94650 E 9 1 0 1
2021 11 06 01 00 54 23601.007  -696.383 39174.881  12.81  12.21   57  607.1 4152.43082 N 00119.94658 E 10 1 0 1
2021 11 06 01 00 55 23599.572  -695.796 39176.624  12.81  12.21   57  607.3 4152.43090 N 00119.94640 E 9 1 0 1
2021 11 06 01 00 56 23600.583  -696.820 39174.509  12.81  12.21   57  607.7 4152.43090 N 00119.94611 E 10 1 0 1
2021 11 06 01 00 57 23599.277  -696.076 39176.354  12.81  12.21   57  607.5 4152.43106 N 00119.94614 E 10 1 0 1
2021 11 06 01 00 58 23600.660  -696.652 39174.622  12.81  12.21   57  607.7 4152.43103 N 00119.94631 E 10 1 0 1
2021 11 06 01 00 59 23599.109  -695.651 39177.030  12.81  12.21   57  607.8 4152.43107 N 00119.94637 E 10 1 0 1
2021 11 06 01 01 00 23600.769  -696.527 39174.708  12.81  12.21   57  609.1 4152.43070 N 00119.94606 E 10 1 0 1
2021 11 06 01 01 01 23599.134  -695.814 39176.761  12.81  12.21   57  609.3 4152.43071 N 00119.94591 E 10 1 0 1
2021 11 06 01 01 02 23600.351  -696.545 39174.967  12.81  12.21   57  609.3 4152.43081 N 00119.94607 E 10 1 0 1
2021 11 06 01 01 03 23598.441  -695.983 39176.960  12.81  12.21   57  609.1 4152.43096 N 00119.94594 E 10 1 0 1
2021 11 06 01 01 04 23600.187  -697.120 39174.122  12.81  12.21   57  609.2 4152.43096 N 00119.94629 E 10 1 0 1
2021 11 06 01 01 05 23598.849  -695.859 39176.760  12.81  12.21   57  609.2 4152.43114 N 00119.94620 E 10 1 0 1
2021 11 06 01 01 06 23600.269  -696.796 39174.499  12.81  12.21   57  608.0 4152.43147 N 00119.94703 E 10 1 0 1
2021 11 06 01 01 07 23599.038  -695.725 39176.760  12.81  12.21   57  607.9 4152.43149 N 00119.94731 E 10 1 0 1
2021 11 06 01 01 08 23600.802  -696.587 39174.377  12.81  12.21   57  607.9 4152.43153 N 00119.94743 E 10 1 0 1
2021 11 06 01 01 09 23599.189  -695.582 39176.831  12.81  12.21   57  606.5 4152.43195 N 00119.94836 E 10 1 0 1
2021 11 06 01 01 10 23600.611  -696.408 39174.632  12.81  12.21   57  606.2 4152.43211 N 00119.94822 E 10 1 0 1
2021 11 06 01 01 11 23599.429  -695.196 39177.162  12.81  12.21   57  606.3 4152.43198 N 00119.94865 E 8 1 0 1
2021 11 06 01 01 12 23601.216  -695.829 39175.097  12.81  12.21   57  604.7 4152.43256 N 00119.94900 E 10 1 0 1
2021 11 06 01 01 13 23600.054  -694.867 39177.188  12.81  12.21   57  604.4 4152.43262 N 00119.94945 E 10 1 0 1
2021 11 06 01 01 14 23601.638  -695.667 39175.045  12.81  12.21   57  604.2 4152.43276 N 00119.94932 E 10 1 0 1
2021 11 06 01 01 15 23600.154  -694.748 39177.250  12.81  12.21   57  604.0 4152.43290 N 00119.94924 E 10 1 0 1
2021 11 06 01 01 16 23601.626  -695.504 39175.243  12.81  12.21   57  603.4 4152.43312 N 00119.94943 E 10 1 0 1
2021 11 06 01 01 17 23600.519  -694.602 39177.248  12.81  12.21   58  603.5 4152.43314 N 00119.94911 E 10 1 0 1
2021 11 06 01 01 18 23602.011  -695.147 39175.474  12.81  12.21   57  602.3 4152.43340 N 00119.94960 E 10 1 0 1
2021 11 06 01 01 19 23600.425  -694.507 39177.430  12.81  12.21   57  602.3 4152.43319 N 00119.95002 E 10 1 0 1
2021 11 06 01 01 20 23601.259  -695.388 39175.610  12.81  12.21   57  602.1 4152.43310 N 00119.95060 E 10 1 0 1
2021 11 06 01 01 21 23600.029  -694.802 39177.214  12.81  12.21   57  602.2 4152.43290 N 00119.95064 E 10 1 0 1
2021 11 06 01 01 22 23601.044  -695.378 39175.734  12.81  12.21   57  601.9 4152.43291 N 00119.95097 E 10 1 0 1
2021 11 06 01 01 23 23600.128  -694.867 39177.055  12.81  12.21   57  601.4 4152.43304 N 00119.95154 E 10 1 0 1
2021 11 06 01 01 24 23601.312  -695.200 39175.859  12.81  12.21   57  602.7 4152.43266 N 00119.95120 E 10 1 0 1
2021 11 06 01 01 25 23602.015  -695.642 39174.782  12.81  12.21   57  602.7 4152.43255 N 00119.95150 E 10 1 0 1
2021 11 06 01 01 26 23600.212  -694.906 39176.959  12.81  12.21   57  602.4 4152.43254 N 00119.95230 E 9 1 0 1
2021 11 06 01 01 27 23601.087  -695.378 39175.726  12.81  12.21   57  602.2 4152.43256 N 00119.95257 E 10 1 0 1
2021 11 06 01 01 28 23600.206  -694.884 39176.970  12.81  12.21   57  602.2 4152.43255 N 00119.95252 E 10 1 0 1
2021 11 06 01 01 29 23600.915  -695.377 39175.780  12.81  12.21   57  601.9 4152.43270 N 00119.95263 E 10 1 0 1
2021 11 06 01 01 30 23599.931  -694.941 39177.004  12.81  12.21   57  602.4 4152.43243 N 00119.95267 E 10 1 0 1
2021 11 06 01 01 31 23600.675  -695.346 39175.938  12.81  12.21   57  602.3 4152.43249 N 00119.95257 E 10 1 0 1
2021 11 06 01 01 32 23600.029  -694.794 39177.179  12.81  12.21   57  602.7 4152.43235 N 00119.95229 E 10 1 0 1
2021 11 06 01 01 33 23600.271  -694.922 39176.807  12.81  12.21   57  601.6 4152.43261 N 00119.95283 E 10 1 0 1
2021 11 06 01 01 34 23600.021  -694.624 39177.428  12.81  12.21   57  601.5 4152.43264 N 00119.95279 E 10 1 0 1
2021 11 06 01 01 35 23601.941  -695.779 39174.567  12.81  12.21   57  601.4 4152.43259 N 00119.95288 E 10 1 0 1
2021 11 06 01 01 36 23600.195  -694.741 39177.176  12.81  12.21   57  601.3 4152.43266 N 00119.95289 E 10 1 0 1
2021 11 06 01 01 37 23601.214  -695.397 39175.555  12.81  12.21   57  601.5 4152.43263 N 00119.95255 E 10 1 0 1
2021 11 06 01 01 38 23599.984  -694.892 39177.082  12.81  12.21   57  601.5 4152.43261 N 00119.95257 E 10 1 0 1
2021 11 06 01 01 39 23600.853  -695.482 39175.725  12.81  12.21   57  600.7 4152.43285 N 00119.95264 E 10 1 0 1
2021 11 06 01 01 40 23599.673  -694.982 39177.205  12.81  12.21   57  600.7 4152.43288 N 00119.95225 E 10 1 0 1
2021 11 06 01 01 41 23600.708  -695.755 39175.429  12.81  12.21   57  600.5 4152.43277 N 00119.95245 E 10 1 0 1
2021 11 06 01 01 42 23599.495  -695.033 39177.228  12.81  12.21   57  601.1 4152.43252 N 00119.95242 E 10 1 0 1
2021 11 06 01 01 43 23600.956  -695.725 39175.325  12.81  12.21   57  600.9 4152.43249 N 00119.95285 E 10 1 0 1
2021 11 06 01 01 44 23599.478  -695.017 39177.204  12.81  12.21   57  600.9 4152.43243 N 00119.95297 E 10 1 0 1
2021 11 06 01 01 45 23600.994  -696.078 39174.793  12.81  12.21   57  601.1 4152.43247 N 00119.95263 E 10 1 0 1
2021 11 06 01 01 46 23599.335  -695.151 39177.165  12.81  12.21   57  601.5 4152.43254 N 00119.95180 E 10 1 0 1
2021 11 06 01 01 47 23600.484  -696.103 39175.066  12.81  12.21   57  602.5 4152.43231 N 00119.95111 E 10 1 0 1
2021 11 06 01 01 48 23599.245  -695.215 39177.129  12.81  12.21   57  602.0 4152.43242 N 00119.95180 E 10 1 0 1
2021 11 06 01 01 49 23600.230  -696.079 39175.209  12.81  12.21   57  602.5 4152.43236 N 00119.95171 E 10 1 0 1
2021 11 06 01 01 50 23598.958  -695.329 39177.077  12.81  12.21   57  602.5 4152.43242 N 00119.95181 E 10 1 0 1
2021 11 06 01 01 51 23600.771  -696.118 39174.799  12.81  12.21   57  602.8 4152.43229 N 00119.95204 E 10 1 0 1
2021 11 06 01 01 52 23599.411  -695.093 39177.149  12.81  12.21   57  602.8 4152.43221 N 00119.95242 E 10 1 0 1
2021 11 06 01 01 53 23600.695  -696.077 39174.927  12.81  12.21   57  602.7 4152.43206 N 00119.95303 E 10 1 0 1
2021 11 06 01 01 54 23598.915  -695.777 39176.474  12.81  12.21   58  602.0 4152.43235 N 00119.95311 E 10 1 0 1
2021 11 06 01 01 55 23600.394  -696.165 39174.949  12.80  12.21   57  601.7 4152.43248 N 00119.95328 E 10 1 0 1
2021 11 06 01 01 56 23599.273  -695.250 39176.958  12.80  12.21   57  601.6 4152.43252 N 00119.95354 E 10 1 0 1
2021 11 06 01 01 57 23600.456  -696.202 39174.801  12.80  12.21   57  601.9 4152.43247 N 00119.95336 E 10 1 0 1
2021 11 06 01 01 58 23598.933  -695.393 39176.917  12.80  12.21   57  601.8 4152.43258 N 00119.95318 E 10 1 0 1
2021 11 06 01 01 59 23600.480  -696.001 39175.093  12.80  12.21   57  601.6 4152.43266 N 00119.95358 E 10 1 0 1
2021 11 06 01 02 00 23598.792  -695.638 39176.683  12.80  12.21   57  601.5 4152.43279 N 00119.95341 E 10 1 0 1
2021 11 06 01 02 01 23600.320  -696.144 39174.999  12.80  12.21   57  601.7 4152.43277 N 00119.95333 E 10 1 0 1
2021 11 06 01 02 02 23598.581  -695.749 39176.655  12.80  12.21   57  601.8 4152.43274 N 00119.95309 E 10 1 0 1
2021 11 06 01 02 03 23599.540  -696.531 39174.879  12.80  12.21   57  601.9 4152.43266 N 00119.95295 E 9 1 0 1
2021 11 06 01 02 04 23597.687  -695.235 39177.899  12.80  12.21   57  602.1 4152.43256 N 00119.95263 E 10 1 0 1
2021 11 06 01 02 05 23600.800  -696.693 39173.889  12.80  12.21   57  602.2 4152.43258 N 00119.95218 E 10 1 0 1
2021 11 06 01 02 06 23600.290  -696.896 39173.922  12.80  12.21   57  601.1 4152.43295 N 00119.95248 E 10 1 0 1
2021 11 06 01 02 07 23598.230  -696.454 39175.825  12.80  12.21   57  601.3 4152.43307 N 00119.95183 E 9 1 0 1
2021 11 06 01 02 08 23598.728  -697.183 39174.463  12.80  12.21   57  602.3 4152.43293 N 00119.95081 E 9 1 0 1
2021 11 06 01 02 09 23598.329  -696.361 39175.892  12.80  12.21   57  601.7 4152.43313 N 00119.95086 E 9 1 0 1
2021 11 06 01 02 10 23599.345  -696.995 39174.368  12.80  12.21   57  602.2 4152.43302 N 00119.95057 E 9 1 0 1
2021 11 06 01 02 11 23598.152  -696.432 39175.942  12.80  12.21   57  602.4 4152.43301 N 00119.95018 E 9 1 0 1
2021 11 06 01 02 12 23599.525  -697.011 39174.241  12.80  12.21   57  601.6 4152.43316 N 00119.95059 E 9 1 0 1
2021 11 06 01 02 13 23598.068  -696.467 39175.914  12.80  12.21   57  601.6 4152.43319 N 00119.95029 E 9 1 0 1
2021 11 06 01 02 14 23599.622  -696.937 39174.284  12.80  12.21   58  601.8 4152.43310 N 00119.95009 E 9 1 0 1
2021 11 06 01 02 15 23598.597  -696.154 39176.053  12.80  12.21   57  604.0 4152.43235 N 00119.94907 E 9 1 0 1
2021 11 06 01 02 16 23599.615  -697.025 39174.168  12.80  12.21   57  604.2 4152.43224 N 00119.94907 E 8 1 0 1
2021 11 06 01 02 17 23598.581  -696.136 39176.162  12.80  12.21   57  604.6 4152.43225 N 00119.94870 E 9 1 0 1
2021 11 06 01 02 18 23599.224  -696.737 39174.885  12.80  12.21   57  603.2 4152.43259 N 00119.94917 E 9 1 0 1
2021 11 06 01 02 19 23598.115  -696.160 39176.385  12.80  12.21   57  603.6 4152.43248 N 00119.94923 E 9 1 0 1
2021 11 06 01 02 20 23599.249  -697.258 39174.147  12.80  12.21   57  603.8 4152.43249 N 00119.94890 E 9 1 0 1
2021 11 06 01 02 21 23598.023  -696.408 39176.132  12.80  12.21   57  603.7 4152.43249 N 00119.94901 E 9 1 0 1
2021 11 06 01 02 22 23599.533  -697.023 39174.308  12.80  12.21   57  603.7 4152.43267 N 00119.94879 E 9 1 0 1
2021 11 06 01 02 23 23598.349  -696.004 39176.558  12.80  12.21   57  604.1 4152.43263 N 00119.94849 E 9 1 0 1
2021 11 06 01 02 24 23599.994  -696.916 39174.228  12.80  12.21   57  603.7 4152.43275 N 00119.94867 E 9 1 0 1
2021 11 06 01 02 25 23598.372  -696.103 39176.453  12.80  12.21   58  603.8 4152.43261 N 00119.94885 E 9 1 0 1
2021 11 06 01 02 26 23598.825  -696.533 39175.463  12.80  12.21   57  604.1 4152.43258 N 00119.94854 E 9 1 0 1
2021 11 06 01 02 27 23598.189  -696.136 39176.467  12.80  12.21   57  603.3 4152.43272 N 00119.94901 E 9 1 0 1
2021 11 06 01 02 28 23600.050  -696.938 39174.155  12.80  12.21   57  603.5 4152.43269 N 00119.94865 E 9 1 0 1
2021 11 06 01 02 29 23598.527  -695.984 39176.469  12.80  12.21   57  603.9 4152.43256 N 00119.94861 E 9 1 0 1
2021 11 06 01 02 30 23600.085  -696.885 39174.166  12.80  12.21   57  604.0 4152.43242 N 00119.94865 E 9 1 0 1
2021 11 06 01 02 31 23598.581  -695.837 39176.644  12.80  12.21   57  604.6 4152.43209 N 00119.94887 E 9 1 0 1
2021 11 06 01 02 32 23600.343  -696.679 39174.315  12.80  12.21   57  605.4 4152.43182 N 00119.94790 E 9 1 0 1
2021 11 06 01 02 33 23598.589  -695.766 39176.745  12.80  12.21   57  605.0 4152.43197 N 00119.94758 E 9 1 0 1
2021 11 06 01 02 34 23598.814  -696.779 39175.187  12.80  12.21   57  605.5 4152.43169 N 00119.94749 E 9 1 0 1
2021 11 06 01 02 35 23597.185  -696.980 39175.860  12.80  12.21   57  605.9 4152.43145 N 00119.94750 E 9 1 0 1
2021 11 06 01 02 36 23598.568  -697.829 39173.720  12.80  12.21   57  607.0 4152.43107 N 00119.94708 E 9 1 0 1
2021 11 06 01 02 37 23597.181  -696.906 39175.910  12.80  12.21   57  607.4 4152.43097 N 00119.94638 E 9 1 0 1
2021 11 06 01 02 38 23599.117  -697.695 39173.586  12.80  12.21   58  607.8 4152.43087 N 00119.94628 E 9 1 0 1
2021 11 06 01 02 39 23597.618  -696.652 39175.994  12.80  12.21   57  607.7 4152.43083 N 00119.94663 E 9 1 0 1
2021 11 06 01 02 40 23599.165  -697.386 39173.999  12.80  12.21   57  608.0 4152.43074 N 00119.94634 E 9 1 0 1
2021 11 06 01 02 41 23597.941  -696.409 39176.128  12.80  12.21   57  608.5 4152.43052 N 00119.94625 E 9 1 0 1
2021 11 06 01 02 42 23599.447  -697.121 39174.159  12.80  12.21   57  606.5 4152.43109 N 00119.94714 E 9 1 0 1
2021 11 06 01 02 43 23598.136  -696.206 39176.272  12.80  12.21   57  606.8 4152.43106 N 00119.94661 E 9 1 0 1
2021 11 06 01 02 44 23599.790  -696.840 39174.340  12.80  12.21   57  607.2 4152.43083 N 00119.94656 E 9 1 0 1
2021 11 06 01 02 45 23598.634  -696.140 39176.119  12.80  12.21   57  606.5 4152.43114 N 00119.94626 E 8 1 0 1
2021 11 06 01 02 46 23599.710  -696.833 39174.390  12.80  12.21   57  606.8 4152.43092 N 00119.94653 E 8 1 0 1
2021 11 06 01 02 47 23598.622  -696.060 39176.189  12.80  12.21   57  606.7 4152.43096 N 00119.94650 E 9 1 0 1
2021 11 06 01 02 48 23599.870  -696.877 39174.247  12.80  12.21   57  606.9 4152.43084 N 00119.94652 E 8 1 0 1
2021 11 06 01 02 49 23598.566  -696.092 39176.161  12.80  12.21   57  607.0 4152.43084 N 00119.94659 E 9 1 0 1
2021 11 06 01 02 50 23598.132  -695.650 39177.042  12.80  12.21   57  607.6 4152.43050 N 00119.94660 E 9 1 0 1
2021 11 06 01 02 51 23599.486  -696.350 39175.236  12.80  12.21   57  607.7 4152.43043 N 00119.94682 E 9 1 0 1
2021 11 06 01 02 52 23598.683  -695.833 39176.493  12.80  12.21   57  608.0 4152.43037 N 00119.94651 E 9 1 0 1
2021 11 06 01 02 53 23599.507  -696.093 39175.582  12.80  12.21   57  608.1 4152.43039 N 00119.94626 E 9 1 0 1
2021 11 06 01 02 54 23598.915  -695.726 39176.482  12.80  12.21   57  608.7 4152.43032 N 00119.94597 E 9 1 0 1
2021 11 06 01 02 55 23599.630  -695.968 39175.672  12.80  12.21   58  609.0 4152.43015 N 00119.94621 E 9 1 0 1
2021 11 06 01 02 56 23598.974  -695.859 39176.300  12.80  12.21   57  609.3 4152.43008 N 00119.94610 E 9 1 0 1
2021 11 06 01 02 57 23599.261  -696.718 39174.874  12.80  12.21   57  608.8 4152.43025 N 00119.94640 E 9 1 0 1
2021 11 06 01 02 58 23598.656  -696.130 39176.108  12.80  12.21   57  609.1 4152.43022 N 00119.94614 E 9 1 0 1
2021 11 06 01 02 59 23599.648  -696.516 39174.887  12.80  12.21   57  609.3 4152.43033 N 00119.94574 E 9 1 0 1
2021 11 06 01 03 00 23598.646  -696.024 39176.236  12.80  12.21   57  610.1 4152.43001 N 00119.94549 E 9 1 0 1
2021 11 06 01 03 01 23599.843  -696.817 39174.332  12.80  12.21   57  609.6 4152.43010 N 00119.94558 E 9 1 0 1
2021 11 06 01 03 02 23598.216  -696.371 39175.985  12.80  12.21   57  609.4 4152.43019 N 00119.94556 E 8 1 0 1
2021 11 06 01 03 03 23599.548  -697.267 39173.864  12.80  12.21   57  609.0 4152.43021 N 00119.94586 E 8 1 0 1
2021 11 06 01 03 04 23598.195  -695.979 39176.576  12.80  12.21   57  609.0 4152.43009 N 00119.94616 E 7 1 0 1
2021 11 06 01 03 05 23599.937  -697.060 39173.948  12.80  12.21   57  609.0 4152.43002 N 00119.94636 E 8 1 0 1
2021 11 06 01 03 06 23598.449  -696.131 39176.196  12.80  12.21   57  608.4 4152.43023 N 00119.94667 E 8 1 0 1
2021 11 06 01 03 07 23599.777  -696.786 39174.405  12.80  12.21   57  608.8 4152.43008 N 00119.94648 E 8 1 0 1
2021 11 06 01 03 08 23598.749  -695.765 39176.536  12.80  12.21   57  609.0 4152.42998 N 00119.94627 E 8 1 0 1
2021 11 06 01 03 09 23600.122  -696.692 39174.298  12.80  12.21   57  608.4 4152.43032 N 00119.94607 E 8 1 0 1
2021 11 06 01 03 10 23598.656  -695.710 39176.636  12.80  12.21   57  608.4 4152.43039 N 00119.94598 E 8 1 0 1
2021 11 06 01 03 11 23600.394  -696.555 39174.354  12.80  12.21   57  608.5 4152.43040 N 00119.94617 E 8 1 0 1
2021 11 06 01 03 12 23598.710  -695.758 39176.586  12.80  12.21   57  608.1 4152.43059 N 00119.94655 E 8 1 0 1
2021 11 06 01 03 13 23599.994  -696.413 39174.787  12.80  12.21   57  608.0 4152.43080 N 00119.94626 E 8 1 0 1
2021 11 06 01 03 14 23598.978  -695.584 39176.626  12.80  12.21   57  607.9 4152.43090 N 00119.94601 E 8 1 0 1
2021 11 06 01 03 15 23600.447  -696.503 39174.409  12.80  12.21   58  607.4 4152.43099 N 00119.94671 E 8 1 0 1
2021 11 06 01 03 16 23598.783  -695.742 39176.543  12.80  12.21   57  607.2 4152.43106 N 00119.94644 E 8 1 0 1
2021 11 06 01 03 17 23600.261  -696.628 39174.256  12.80  12.21   57  606.9 4152.43104 N 00119.94695 E 8 1 0 1
2021 11 06 01 03 18 23598.882  -695.784 39176.365  12.80  12.21   57  606.5 4152.43119 N 00119.94676 E 8 1 0 1
2021 11 06 01 03 19 23600.314  -696.466 39174.466  12.80  12.21   57  606.7 4152.43115 N 00119.94650 E 8 1 0 1
2021 11 06 01 03 20 23598.997  -695.411 39176.851  12.80  12.21   57  606.6 4152.43112 N 00119.94652 E 8 1 0 1
2021 11 06 01 03 21 23600.298  -696.093 39174.975  12.80  12.21   57  606.7 4152.43125 N 00119.94608 E 8 1 0 1
2021 11 06 01 03 22 23599.109  -695.369 39176.797  12.80  12.21   57  606.5 4152.43135 N 00119.94642 E 8 1 0 1
2021 11 06 01 03 23 23600.601  -696.197 39174.697  12.80  12.21   57  606.5 4152.43120 N 00119.94709 E 8 1 0 1
2021 11 06 01 03 24 23599.175  -695.397 39176.755  12.80  12.21   57  606.5 4152.43123 N 00119.94722 E 8 1 0 1
2021 11 06 01 03 25 23600.419  -696.017 39175.093  12.80  12.21   57  606.8 4152.43109 N 00119.94739 E 8 1 0 1
2021 11 06 01 03 26 23599.374  -695.399 39176.632  12.80  12.21   57  606.9 4152.43115 N 00119.94725 E 8 1 0 1
2021 11 06 01 03 27 23600.755  -696.140 39174.701  12.80  12.21   57  606.5 4152.43123 N 00119.94814 E 8 1 0 1
2021 11 06 01 03 28 23599.781  -695.183 39176.723  12.80  12.21   58  606.5 4152.43125 N 00119.94833 E 8 1 0 1
2021 11 06 01 03 29 23601.035  -695.653 39175.235  12.80  12.21   57  606.5 4152.43144 N 00119.94781 E 8 1 0 1
2021 11 06 01 03 30 23599.808  -695.149 39176.719  12.80  12.21   57  606.7 4152.43153 N 00119.94757 E 8 1 0 1
2021 11 06 01 03 31 23600.947  -695.523 39175.460  12.80  12.21   57  606.7 4152.43156 N 00119.94758 E 8 1 0 1
2021 11 06 01 03 32 23601.646  -695.812 39174.585  12.80  12.21   57  606.7 4152.43158 N 00119.94760 E 8 1 0 1
2021 11 06 01 03 33 23600.394  -694.630 39177.099  12.80  12.21   57  606.9 4152.43136 N 00119.94786 E 8 1 0 1
2021 11 06 01 03 34 23600.117  -695.221 39176.460  12.80  12.21   57  606.7 4152.43154 N 00119.94799 E 8 1 0 1
2021 11 06 01 03 35 23600.150  -694.874 39176.946  12.80  12.21   57  606.6 4152.43157 N 00119.94827 E 8 1 0 1
2021 11 06 01 03 36 23601.957  -695.748 39174.591  12.80  12.21   57  606.2 4152.43184 N 00119.94854 E 8 1 0 1
2021 11 06 01 03 37 23600.050  -694.977 39176.880  12.80  12.21   57  606.1 4152.43181 N 00119.94909 E 8 1 0 1
2021 11 06 01 03 38 23601.232  -695.233 39175.797  12.80  12.21   57  605.9 4152.43183 N 00119.94931 E 8 1 0 1
2021 11 06 01 03 39 23600.603  -694.478 39177.369  12.80  12.21   57  605.8 4152.43210 N 00119.94866 E 8 1 0 1
2021 11 06 01 03 40 23601.201  -695.562 39175.416  12.80  12.21   57  605.9 4152.43213 N 00119.94877 E 8 1 0 1
2021 11 06 01 03 41 23599.661  -695.405 39176.606  12.80  12.21   57  605.8 4152.43235 N 00119.94851 E 8 1 0 1
2021 11 06 01 03 42 23600.402  -695.886 39175.463  12.80  12.21   57  605.4 4152.43254 N 00119.94891 E 8 1 0 1
2021 11 06 01 03 43 23599.613  -695.384 39176.672  12.80  12.21   57  604.9 4152.43294 N 00119.94898 E 8 1 0 1
2021 11 06 01 03 44 23600.417  -696.466 39174.678  12.80  12.21   57  604.9 4152.43311 N 00119.94857 E 8 1 0 1
2021 11 06 01 03 45 23599.564  -695.631 39176.447  12.80  12.21   58  604.7 4152.43308 N 00119.94933 E 8 1 0 1
2021 11 06 01 03 46 23600.632  -696.453 39174.566  12.80  12.21   57  604.4 4152.43326 N 00119.94922 E 8 1 0 1
2021 11 06 01 03 47 23598.777  -696.167 39176.144  12.80  12.21   57  604.5 4152.43333 N 00119.94882 E 8 1 0 1
2021 11 06 01 03 48 23600.138  -696.840 39174.373  12.80  12.21   57  604.5 4152.43334 N 00119.94866 E 8 1 0 1
2021 11 06 01 03 49 23598.724  -696.177 39176.237  12.80  12.21   57  604.2 4152.43353 N 00119.94891 E 8 1 0 1
2021 11 06 01 03 50 23599.929  -696.478 39175.022  12.80  12.21   57  604.1 4152.43358 N 00119.94922 E 8 1 0 1
2021 11 06 01 03 51 23599.283  -695.609 39176.714  12.80  12.21   57  604.2 4152.43341 N 00119.94936 E 8 1 0 1
2021 11 06 01 03 52 23600.835  -696.412 39174.567  12.80  12.21   57  604.4 4152.43321 N 00119.94923 E 8 1 0 1
2021 11 06 01 03 53 23599.275  -695.520 39176.882  12.80  12.21   57  604.3 4152.43321 N 00119.94926 E 8 1 0 1
2021 11 06 01 03 54 23600.431  -696.362 39174.974  12.80  12.21   57  604.5 4152.43313 N 00119.94849 E 8 1 0 1
2021 11 06 01 03 55 23599.085  -695.721 39176.772  12.80  12.21   57  604.4 4152.43317 N 00119.94857 E 8 1 0 1
2021 11 06 01 03 56 23600.449  -696.493 39174.834  12.80  12.21   57  604.3 4152.43324 N 00119.94849 E 8 1 0 1
2021 11 06 01 03 57 23598.491  -696.021 39176.762  12.80  12.21   57  604.2 4152.43352 N 00119.94901 E 8 1 0 1
2021 11 06 01 03 58 23600.136  -697.263 39173.974  12.80  12.21   57  604.2 4152.43336 N 00119.94910 E 8 1 0 1
2021 11 06 01 03 59 23598.661  -696.355 39176.234  12.80  12.21   57  604.3 4152.43316 N 00119.94913 E 8 1 0 1
2021 11 06 01 04 00 23600.212  -696.784 39174.624  12.80  12.21   57  604.1 4152.43306 N 00119.94928 E 8 1 0 1
2021 11 06 01 04 01 23599.117  -696.090 39176.365  12.80  12.21   57  604.1 4152.43299 N 00119.94928 E 8 1 0 1
2021 11 06 01 04 02 23600.488  -696.702 39174.606  12.80  12.21   57  603.9 4152.43314 N 00119.94910 E 8 1 0 1
2021 11 06 01 04 03 23599.368  -695.630 39176.852  12.80  12.21   57  603.8 4152.43324 N 00119.94917 E 8 1 0 1
2021 11 06 01 04 04 23600.953  -696.321 39174.896  12.80  12.21   57  604.0 4152.43307 N 00119.94893 E 8 1 0 1
2021 11 06 01 04 05 23599.023  -694.850 39178.254  12.80  12.21   57  604.3 4152.43285 N 00119.94903 E 8 1 0 1
2021 11 06 01 04 06 23601.765  -696.592 39174.060  12.80  12.21   57  604.8 4152.43248 N 00119.94875 E 8 1 0 1
2021 11 06 01 04 07 23599.822  -695.479 39176.901  12.80  12.21   57  604.8 4152.43257 N 00119.94843 E 8 1 0 1
2021 11 06 01 04 08 23601.035  -696.284 39174.982  12.80  12.21   57  604.8 4152.43285 N 00119.94866 E 8 1 0 1
2021 11 06 01 04 09 23599.792  -695.457 39176.983  12.80  12.21   57  604.9 4152.43289 N 00119.94875 E 8 1 0 1
2021 11 06 01 04 10 23601.001  -696.148 39175.231  12.80  12.21   57  605.0 4152.43278 N 00119.94901 E 8 1 0 1
2021 11 06 01 04 11 23600.035  -695.518 39176.793  12.80  12.21   57  605.0 4152.43279 N 00119.94906 E 8 1 0 1
2021 11 06 01 04 12 23600.746  -696.093 39175.537  12.80  12.21   57  605.0 4152.43283 N 00119.94889 E 8 1 0 1
2021 11 06 01 04 13 23599.831  -695.653 39176.750  12.80  12.21   57  604.9 4152.43284 N 00119.94892 E 8 1 0 1
2021 11 06 01 04 14 23601.058  -696.199 39175.185  12.80  12.21   57  604.8 4152.43294 N 00119.94896 E 8 1 0 1
2021 11 06 01 04 15 23601.705  -696.548 39174.336  12.80  12.21   58  604.8 4152.43278 N 00119.94916 E 8 1 0 1
2021 11 06 01 04 16 23600.181  -695.722 39176.511  12.80  12.21   57  604.7 4152.43279 N 00119.94908 E 8 1 0 1
2021 11 06 01 04 17 23601.169  -696.434 39174.867  12.80  12.21   57  604.7 4152.43269 N 00119.94895 E 8 1 0 1
2021 11 06 01 04 18 23599.956  -696.056 39176.199  12.80  12.21   57  604.5 4152.43278 N 00119.94933 E 8 1 0 1
2021 11 06 01 04 19 23600.892  -696.455 39175.083  12.80  12.21   57  604.3 4152.43284 N 00119.94983 E 8 1 0 1
2021 11 06 01 04 20 23599.667  -695.971 39176.595  12.80  12.21   57  604.2 4152.43286 N 00119.95003 E 8 1 0 1
2021 11 06 01 04 21 23600.626  -697.025 39174.492  12.80  12.21   57  604.2 4152.43267 N 00119.95000 E 8 1 0 1
2021 11 06 01 04 22 23599.656  -696.171 39176.322  12.80  12.21   57  604.3 4152.43243 N 00119.95013 E 8 1 0 1
2021 11 06 01 04 23 23600.857  -696.527 39175.134  12.80  12.21   57  604.1 4152.43240 N 00119.95035 E 8 1 0 1
2021 11 06 01 04 24 23599.872  -696.006 39176.495  12.80  12.21   57  604.0 4152.43248 N 00119.95100 E 8 1 0 1
2021 11 06 01 04 25 23600.572  -696.817 39174.958  12.80  12.21   57  604.2 4152.43235 N 00119.95094 E 8 1 0 1
2021 11 06 01 04 26 23599.495  -696.358 39176.307  12.80  12.21   57  604.3 4152.43232 N 00119.95112 E 8 1 0 1
2021 11 06 01 04 27 23600.910  -697.056 39174.482  12.80  12.21   57  604.3 4152.43239 N 00119.95147 E 8 1 0 1
2021 11 06 01 04 28 23599.466  -696.364 39176.396  12.80  12.21   57  604.5 4152.43224 N 00119.95191 E 8 1 0 1
2021 11 06 01 04 29 23600.802  -697.023 39174.614  12.80  12.21   57  604.9 4152.43198 N 00119.95279 E 8 1 0 1
2021 11 06 01 04 30 23599.470  -696.391 39176.385  12.80  12.21   57  605.5 4152.43173 N 00119.95280 E 8 1 0 1
2021 11 06 01 04 31 23600.874  -697.124 39174.482  12.80  12.21   57  606.0 4152.43113 N 00119.95326 E 8 1 0 1
2021 11 06 01 04 32 23599.646  -696.371 39176.367  12.80  12.21   57  606.3 4152.43116 N 00119.95316 E 8 1 0 1
2021 11 06 01 04 33 23600.937  -697.212 39174.343  12.80  12.21   57  606.5 4152.43096 N 00119.95368 E 8 1 0 1
2021 11 06 01 04 34 23599.581  -696.429 39176.351  12.80  12.21   57  606.4 4152.43072 N 00119.95496 E 8 1 0 1
2021 11 06 01 04 35 23600.224  -696.981 39175.168  12.80  12.21   58  606.8 4152.43047 N 00119.95481 E 8 1 0 1
2021 11 06 01 04 36 23599.400  -696.635 39176.187  12.80  12.21   57  606.8 4152.43049 N 00119.95512 E 8 1 0 1
2021 11 06 01 04 37 23601.179  -697.513 39173.815  12.80  12.21   58  607.0 4152.43024 N 00119.95533 E 8 1 0 1
2021 11 06 01 04 38 23599.236  -696.530 39176.482  12.80  12.21   57  607.2 4152.43046 N 00119.95439 E 7 1 0 1
2021 11 06 01 04 39 23600.747  -697.511 39174.093  12.80  12.21   57  607.1 4152.43043 N 00119.95416 E 7 1 0 1
2021 11 06 01 04 40 23599.113  -696.632 39176.446  12.80  12.21   57  606.8 4152.43097 N 00119.95334 E 7 1 0 1
2021 11 06 01 04 41 23600.320  -697.591 39174.286  12.80  12.21   57  607.0 4152.43092 N 00119.95268 E 7 1 0 1
2021 11 06 01 04 42 23599.105  -696.996 39175.945  12.80  12.21   58  607.2 4152.43055 N 00119.95320 E 7 1 0 1
2021 11 06 01 04 43 23600.597  -697.582 39174.124  12.80  12.21   57  607.0 4152.43047 N 00119.95340 E 8 1 0 1
2021 11 06 01 04 44 23599.046  -696.685 39176.403  12.80  12.21   57  607.5 4152.43012 N 00119.95327 E 8 1 0 1
2021 11 06 01 04 45 23600.306  -697.657 39174.228  12.80  12.21   57  607.7 4152.43006 N 00119.95270 E 8 1 0 1
2021 11 06 01 04 46 23599.099  -696.953 39176.003  12.80  12.21   57  607.5 4152.42998 N 00119.95275 E 8 1 0 1
2021 11 06 01 04 47 23600.558  -697.784 39173.957  12.80  12.21   57  607.1 4152.42986 N 00119.95356 E 7 1 0 1
2021 11 06 01 04 48 23599.306  -697.025 39175.872  12.80  12.21   58  606.8 4152.42973 N 00119.95411 E 7 1 0 1
2021 11 06 01 04 49 23600.136  -697.417 39174.760  12.80  12.21   57  607.1 4152.42962 N 00119.95366 E 7 1 0 1
2021 11 06 01 04 50 23599.154  -696.830 39176.221  12.80  12.21   57  607.3 4152.42971 N 00119.95355 E 8 1 0 1
2021 11 06 01 04 51 23600.507  -697.636 39174.206  12.80  12.21   57  606.4 4152.43017 N 00119.95348 E 8 1 0 1
2021 11 06 01 04 52 23599.195  -696.923 39176.121  12.80  12.21   57  606.0 4152.43033 N 00119.95396 E 7 1 0 1
2021 11 06 01 04 53 23599.988  -697.413 39174.903  12.80  12.21   57  606.5 4152.42996 N 00119.95397 E 8 1 0 1
2021 11 06 01 04 54 23599.146  -697.018 39176.020  12.80  12.21   57  606.2 4152.43005 N 00119.95416 E 8 1 0 1
2021 11 06 01 04 55 23600.410  -697.817 39174.116  12.80  12.21   57  606.3 4152.43015 N 00119.95368 E 7 1 0 1
2021 11 06 01 04 56 23599.251  -697.193 39175.771  12.80  12.21   57  605.9 4152.43033 N 00119.95351 E 7 1 0 1
2021 11 06 01 04 57 23599.966  -697.552 39174.830  12.80  12.21   57  606.3 4152.43000 N 00119.95379 E 8 1 0 1
2021 11 06 01 04 58 23600.886  -698.063 39173.559  12.80  12.21   57  606.7 4152.42985 N 00119.95354 E 7 1 0 1
2021 11 06 01 04 59 23599.480  -697.168 39175.761  12.80  12.21   57  606.6 4152.42983 N 00119.95356 E 7 1 0 1
2021 11 06 01 05 00 23599.995  -697.468 39174.955  12.80  12.21   57  605.8 4152.43049 N 00119.95280 E 8 1 0 1
2021 11 06 01 05 01 23599.269  -697.007 39176.114  12.80  12.21   57  604.6 4152.43105 N 00119.95275 E 8 1 0 1
2021 11 06 01 05 02 23600.363  -697.596 39174.568  12.80  12.21   57  604.6 4152.43117 N 00119.95259 E 8 1 0 1
2021 11 06 01 05 03 23599.339  -697.060 39176.017  12.80  12.21   57  604.4 4152.43141 N 00119.95265 E 8 1 0 1
2021 11 06 01 05 04 23600.333  -697.692 39174.470  12.80  12.21   57  604.4 4152.43143 N 00119.95279 E 8 1 0 1
2021 11 06 01 05 05 23598.964  -696.923 39176.463  12.80  12.21   57  604.0 4152.43162 N 00119.95273 E 8 1 0 1
2021 11 06 01 05 06 23600.378  -697.550 39174.688  12.80  12.21   57  604.0 4152.43132 N 00119.95343 E 8 1 0 1
2021 11 06 01 05 07 23599.427  -696.882 39176.216  12.80  12.21   57  604.4 4152.43111 N 00119.95361 E 8 1 0 1
2021 11 06 01 05 08 23601.025  -697.523 39174.302  12.80  12.21   57  604.6 4152.43109 N 00119.95372 E 8 1 0 1
2021 11 06 01 05 09 23599.953  -696.512 39176.448  12.80  12.21   57  604.4 4152.43102 N 00119.95390 E 8 1 0 1
2021 11 06 01 05 10 23601.257  -697.014 39174.938  12.80  12.21   57  604.2 4152.43110 N 00119.95429 E 8 1 0 1
2021 11 06 01 05 11 23600.117  -696.493 39176.394  12.80  12.21   57  604.4 4152.43089 N 00119.95451 E 8 1 0 1
2021 11 06 01 05 12 23601.486  -697.207 39174.519  12.80  12.21   57  605.0 4152.43065 N 00119.95424 E 6 1 0 1
2021 11 06 01 05 13 23600.033  -696.340 39176.666  12.80  12.21   57  604.9 4152.43068 N 00119.95438 E 6 1 0 1
2021 11 06 01 05 14 23601.574  -697.090 39174.608  12.80  12.21   57  605.3 4152.43058 N 00119.95420 E 8 1 0 1
2021 11 06 01 05 15 23600.294  -696.277 39176.625  12.80  12.21   57  604.7 4152.43098 N 00119.95421 E 8 1 0 1
2021 11 06 01 05 16 23601.414  -697.027 39174.802  12.80  12.21   57  604.6 4152.43090 N 00119.95422 E 8 1 0 1
2021 11 06 01 05 17 23600.242  -696.121 39176.881  12.80  12.21   57  605.1 4152.43086 N 00119.95373 E 8 1 0 1
2021 11 06 01 05 18 23601.351  -696.864 39175.125  12.80  12.21   57  605.6 4152.43074 N 00119.95325 E 8 1 0 1
2021 11 06 01 05 19 23600.132  -696.143 39176.951  12.80  12.21   57  605.3 4152.43078 N 00119.95306 E 8 1 0 1
2021 11 06 01 05 20 23601.740  -697.128 39174.543  12.80  12.21   57  605.8 4152.43062 N 00119.95273 E 8 1 0 1
2021 11 06 01 05 21 23600.111  -696.287 39176.772  12.80  12.21   57  606.5 4152.43030 N 00119.95285 E 8 1 0 1
2021 11 06 01 05 22 23601.537  -697.097 39174.745  12.80  12.21   57  606.6 4152.43036 N 00119.95239 E 8 1 0 1
2021 11 06 01 05 23 23600.238  -696.299 39176.730  12.80  12.21   57  606.7 4152.43034 N 00119.95214 E 8 1 0 1
2021 11 06 01 05 24 23601.406  -696.993 39175.001  12.80  12.21   57  606.7 4152.43049 N 00119.95176 E 8 1 0 1
2021 11 06 01 05 25 23600.124  -696.399 39176.663  12.80  12.21   57  606.8 4152.43052 N 00119.95135 E 8 1 0 1
2021 11 06 01 05 26 23601.755  -697.452 39174.132  12.80  12.21   57  607.1 4152.43047 N 00119.95117 E 8 1 0 1
2021 11 06 01 05 27 23600.042  -696.554 39176.519  12.80  12.21   57  607.0 4152.43045 N 00119.95120 E 8 1 0 1
2021 11 06 01 05 28 23601.095  -697.235 39174.891  12.80  12.21   57  607.4 4152.43008 N 00119.95147 E 8 1 0 1
2021 11 06 01 05 29 23600.052  -696.477 39176.632  12.80  12.21   57  607.3 4152.42996 N 00119.95165 E 8 1 0 1
2021 11 06 01 05 30 23601.238  -697.201 39174.876  12.80  12.21   57  607.7 4152.42971 N 00119.95138 E 8 1 0 1
2021 11 06 01 05 31 23599.978  -696.448 39176.768  12.80  12.21   57  607.6 4152.42972 N 00119.95104 E 8 1 0 1
2021 11 06 01 05 32 23601.523  -697.175 39174.734  12.80  12.21   57  607.7 4152.42948 N 00119.95123 E 8 1 0 1
2021 11 06 01 05 33 23600.302  -696.331 39176.731  12.80  12.21   57  608.2 4152.42914 N 00119.95108 E 8 1 0 1
2021 11 06 01 05 34 23601.460  -697.265 39174.718  12.80  12.21   57  608.2 4152.42909 N 00119.95114 E 8 1 0 1
2021 11 06 01 05 35 23599.702  -696.556 39176.829  12.80  12.21   57  608.3 4152.42911 N 00119.95071 E 8 1 0 1
2021 11 06 01 05 36 23601.318  -697.434 39174.554  12.80  12.21   58  608.5 4152.42908 N 00119.95051 E 8 1 0 1
2021 11 06 01 05 37 23600.261  -696.561 39176.427  12.80  12.21   57  608.6 4152.42905 N 00119.95031 E 8 1 0 1
2021 11 06 01 05 38 23601.699  -697.289 39174.493  12.80  12.21   58  608.8 4152.42903 N 00119.94989 E 8 1 0 1
2021 11 06 01 05 39 23600.439  -696.419 39176.588  12.80  12.21   57  609.0 4152.42888 N 00119.94995 E 8 1 0 1
2021 11 06 01 05 40 23601.283  -696.783 39175.487  12.80  12.21   57  609.3 4152.42861 N 00119.95037 E 8 1 0 1
2021 11 06 01 05 41 23601.968  -697.251 39174.433  12.80  12.21   57  609.2 4152.42868 N 00119.95002 E 8 1 0 1
2021 11 06 01 05 42 23600.503  -696.406 39176.561  12.80  12.21   57  609.4 4152.42862 N 00119.95007 E 8 1 0 1
2021 11 06 01 05 43 23601.248  -697.357 39174.760  12.80  12.21   57  610.0 4152.42807 N 00119.95035 E 8 1 0 1
2021 11 06 01 05 44 23600.046  -696.840 39176.291  12.80  12.21   57  609.9 4152.42792 N 00119.95056 E 8 1 0 1
2021 11 06 01 05 45 23600.720  -697.388 39175.069  12.80  12.21   57  609.8 4152.42791 N 00119.95093 E 8 1 0 1
2021 11 06 01 05 46 23599.976  -696.994 39176.080  12.80  12.21   57  609.4 4152.42822 N 00119.95054 E 8 1 0 1
2021 11 06 01 05 47 23601.501  -697.290 39174.719  12.80  12.21   57  609.3 4152.42823 N 00119.95026 E 8 1 0 1
2021 11 06 01 05 48 23600.468  -696.573 39176.480  12.80  12.21   57  609.5 4152.42806 N 00119.95024 E 8 1 0 1
2021 11 06 01 05 49 23601.423  -697.180 39174.963  12.80  12.21   57  609.2 4152.42813 N 00119.95023 E 8 1 0 1
2021 11 06 01 05 50 23600.654  -696.370 39176.694  12.80  12.21   57  609.2 4152.42800 N 00119.95023 E 8 1 0 1
2021 11 06 01 05 51 23601.330  -697.291 39174.979  12.80  12.21   57  608.8 4152.42825 N 00119.95002 E 8 1 0 1
2021 11 06 01 05 52 23599.769  -696.975 39176.372  12.80  12.21   57  608.7 4152.42814 N 00119.95047 E 8 1 0 1
2021 11 06 01 05 53 23600.839  -697.519 39174.950  12.80  12.21   57  608.5 4152.42794 N 00119.95025 E 8 1 0 1
2021 11 06 01 05 54 23599.921  -696.758 39176.625  12.80  12.21   57  609.0 4152.42822 N 00119.94971 E 8 1 0 1
2021 11 06 01 05 55 23601.212  -697.632 39174.594  12.80  12.21   57  609.4 4152.42850 N 00119.94897 E 8 1 0 1
2021 11 06 01 05 56 23599.792  -697.047 39176.310  12.80  12.21   57  609.1 4152.42846 N 00119.94909 E 8 1 0 1
2021 11 06 01 05 57 23600.927  -697.627 39174.814  12.80  12.21   57  609.3 4152.42813 N 00119.94893 E 8 1 0 1
2021 11 06 01 05 58 23600.050  -696.869 39176.459  12.80  12.21   57  609.9 4152.42814 N 00119.94882 E 8 1 0 1
2021 11 06 01 05 59 23601.249  -697.753 39174.411  12.80  12.21   57  610.0 4152.42864 N 00119.94815 E 8 1 0 1
2021 11 06 01 06 00 23599.853  -696.722 39176.761  12.80  12.21   57  609.9 4152.42869 N 00119.94743 E 8 1 0 1
2021 11 06 01 06 01 23601.363  -697.474 39174.770  12.80  12.21   57  609.7 4152.42898 N 00119.94754 E 8 1 0 1
2021 11 06 01 06 02 23600.013  -696.626 39176.836  12.80  12.21   57  609.6 4152.42880 N 00119.94722 E 8 1 0 1
2021 11 06 01 06 03 23601.425  -697.504 39174.649  12.80  12.21   57  609.3 4152.42899 N 00119.94710 E 8 1 0 1
2021 11 06 01 06 04 23599.990  -696.688 39176.774  12.80  12.21   57  609.1 4152.42888 N 00119.94702 E 8 1 0 1
2021 11 06 01 06 05 23601.115  -697.298 39175.153  12.80  12.21   57  609.2 4152.42893 N 00119.94683 E 8 1 0 1
2021 11 06 01 06 06 23599.390  -696.100 39178.019  12.80  12.21   58  609.7 4152.42880 N 00119.94661 E 8 1 0 1
2021 11 06 01 06 07 23602.267  -697.975 39173.514  12.80  12.21   57  609.7 4152.42876 N 00119.94707 E 8 1 0 1
2021 11 06 01 06 08 23600.064  -696.946 39176.366  12.80  12.21   58  609.9 4152.42871 N 00119.94687 E 8 1 0 1
2021 11 06 01 06 09 23600.755  -697.505 39175.113  12.80  12.21   57  609.8 4152.42911 N 00119.94709 E 8 1 0 1
2021 11 06 01 06 10 23599.294  -697.312 39176.316  12.80  12.21   57  609.9 4152.42947 N 00119.94738 E 8 1 0 1
2021 11 06 01 06 11 23600.287  -698.382 39174.135  12.80  12.21   57  610.5 4152.42961 N 00119.94727 E 8 1 0 1
2021 11 06 01 06 12 23599.126  -697.498 39176.171  12.80  12.21   57  609.9 4152.42983 N 00119.94766 E 8 1 0 1
2021 11 06 01 06 13 23600.339  -698.392 39174.166  12.80  12.21   57  609.7 4152.42993 N 00119.94805 E 8 1 0 1
2021 11 06 01 06 14 23598.886  -697.786 39175.929  12.80  12.21   57  609.6 4152.42994 N 00119.94785 E 8 1 0 1
2021 11 06 01 06 15 23600.497  -698.631 39173.747  12.80  12.21   58  610.2 4152.42964 N 00119.94688 E 7 1 0 1
2021 11 06 01 06 16 23598.992  -697.763 39175.922  12.80  12.21   57  610.4 4152.42945 N 00119.94623 E 7 1 0 1
2021 11 06 01 06 17 23600.050  -698.650 39173.932  12.80  12.21   57  610.4 4152.42936 N 00119.94613 E 7 1 0 1
2021 11 06 01 06 18 23599.267  -697.861 39175.557  12.80  12.21   57  610.2 4152.42950 N 00119.94630 E 8 1 0 1
2021 11 06 01 06 19 23600.388  -698.062 39174.594  12.80  12.21   57  610.0 4152.42951 N 00119.94691 E 8 1 0 1
2021 11 06 01 06 20 23599.513  -697.423 39176.041  12.80  12.21   57  609.7 4152.42928 N 00119.94701 E 8 1 0 1
2021 11 06 01 06 21 23600.224  -698.167 39174.492  12.80  12.21   57  609.5 4152.42923 N 00119.94783 E 8 1 0 1
2021 11 06 01 06 22 23599.353  -697.320 39176.238  12.80  12.21   57  609.6 4152.42903 N 00119.94782 E 8 1 0 1
2021 11 06 01 06 23 23600.744  -697.849 39174.615  12.80  12.21   57  609.5 4152.42908 N 00119.94786 E 8 1 0 1
2021 11 06 01 06 24 23601.382  -698.079 39173.895  12.80  12.21   57  609.1 4152.42938 N 00119.94811 E 8 1 0 1
2021 11 06 01 06 25 23600.003  -697.027 39176.237  12.80  12.21   57  609.1 4152.42933 N 00119.94833 E 8 1 0 1
2021 11 06 01 06 26 23600.962  -697.501 39174.962  12.80  12.21   57  608.8 4152.42936 N 00119.94878 E 8 1 0 1
2021 11 06 01 06 27 23600.189  -696.858 39176.350  12.80  12.21   57  609.0 4152.42979 N 00119.94861 E 8 1 0 1
2021 11 06 01 06 28 23601.562  -697.342 39174.837  12.80  12.21   57  609.0 4152.42981 N 00119.94869 E 8 1 0 1
2021 11 06 01 06 29 23600.716  -696.497 39176.610  12.80  12.21   57  608.9 4152.42954 N 00119.94880 E 8 1 0 1
2021 11 06 01 06 30 23601.548  -696.781 39175.645  12.80  12.21   57  608.9 4152.42941 N 00119.94906 E 8 1 0 1
2021 11 06 01 06 31 23600.544  -696.448 39176.698  12.80  12.21   57  608.9 4152.42932 N 00119.94918 E 8 1 0 1
2021 11 06 01 06 32 23601.572  -697.168 39175.027  12.80  12.21   57  608.9 4152.42906 N 00119.94917 E 8 1 0 1
2021 11 06 01 06 33 23600.374  -696.429 39176.861  12.80  12.21   57  609.1 4152.42888 N 00119.94874 E 8 1 0 1
2021 11 06 01 06 34 23601.406  -697.449 39174.766  12.80  12.21   57  608.8 4152.42868 N 00119.94853 E 8 1 0 1
2021 11 06 01 06 35 23599.419  -697.387 39176.122  12.80  12.21   57  608.8 4152.42857 N 00119.94818 E 8 1 0 1
2021 11 06 01 06 36 23600.302  -697.791 39174.994  12.80  12.21   57  608.8 4152.42833 N 00119.94791 E 8 1 0 1
2021 11 06 01 06 37 23599.742  -697.215 39176.170  12.80  12.21   57  608.9 4152.42856 N 00119.94816 E 8 1 0 1
2021 11 06 01 06 38 23601.095  -697.756 39174.547  12.80  12.21   57  609.3 4152.42855 N 00119.94829 E 8 1 0 1
2021 11 06 01 06 39 23599.872  -696.896 39176.551  12.80  12.21   57  609.3 4152.42859 N 00119.94873 E 8 1 0 1
2021 11 06 01 06 40 23601.591  -697.494 39174.611  12.80  12.21   57  609.5 4152.42862 N 00119.94864 E 8 1 0 1
2021 11 06 01 06 41 23600.138  -696.574 39176.852  12.80  12.21   57  609.5 4152.42864 N 00119.94857 E 8 1 0 1
2021 11 06 01 06 42 23601.675  -697.218 39174.950  12.80  12.21   57  609.4 4152.42874 N 00119.94900 E 8 1 0 1
2021 11 06 01 06 43 23600.454  -696.248 39177.122  12.80  12.21   57  608.8 4152.42894 N 00119.94876 E 8 1 0 1
2021 11 06 01 06 44 23601.300  -697.275 39175.115  12.80  12.21   57  608.6 4152.42895 N 00119.94882 E 8 1 0 1
2021 11 06 01 06 45 23599.837  -696.638 39176.940  12.80  12.21   57  608.3 4152.42869 N 00119.94894 E 8 1 0 1
2021 11 06 01 06 46 23601.929  -697.171 39174.862  12.80  12.21   57  608.7 4152.42852 N 00119.94903 E 8 1 0 1
2021 11 06 01 06 47 23600.185  -696.635 39176.724  12.80  12.21   58  608.9 4152.42857 N 00119.94899 E 8 1 0 1
2021 11 06 01 06 48 23601.228  -697.498 39174.851  12.80  12.21   57  608.7 4152.42888 N 00119.94961 E 8 1 0 1
2021 11 06 01 06 49 23599.894  -696.871 39176.579  12.80  12.21   57  608.9 4152.42881 N 00119.95006 E 8 1 0 1
2021 11 06 01 06 50 23601.081  -697.992 39174.158  12.80  12.21   57  609.5 4152.42867 N 00119.95039 E 8 1 0 1
2021 11 06 01 06 51 23599.790  -696.795 39176.667  12.80  12.21   57  609.0 4152.42837 N 00119.95006 E 8 1 0 1
2021 11 06 01 06 52 23601.240  -697.636 39174.559  12.80  12.21   57  608.9 4152.42845 N 00119.95019 E 8 1 0 1
2021 11 06 01 06 53 23599.671  -696.761 39176.729  12.80  12.21   57  608.5 4152.42855 N 00119.95058 E 8 1 0 1
2021 11 06 01 06 54 23601.281  -697.458 39174.714  12.80  12.21   57  607.8 4152.42867 N 00119.95103 E 8 1 0 1
2021 11 06 01 06 55 23599.982  -696.518 39176.847  12.80  12.21   57  607.9 4152.42838 N 00119.95086 E 8 1 0 1
2021 11 06 01 06 56 23601.933  -696.862 39175.074  12.80  12.21   57  607.9 4152.42860 N 00119.95035 E 8 1 0 1
2021 11 06 01 06 57 23601.070  -695.660 39177.376  12.80  12.21   57  608.0 4152.42850 N 00119.95020 E 8 1 0 1
2021 11 06 01 06 58 23601.415  -695.408 39177.526  12.80  12.21   57  607.8 4152.42831 N 00119.95046 E 8 1 0 1
2021 11 06 01 06 59 23591.011  -688.888 39193.401  12.80  12.21   57  608.2 4152.42841 N 00119.95113 E 8 1 0 1
2021 11 06 01 07 00 23593.813  -691.290 39188.207  12.80  12.21   57  609.4 4152.42847 N 00119.95005 E 8 1 0 1
2021 11 06 01 07 01 23598.992  -694.154 39180.859  12.80  12.21   57  609.5 4152.42898 N 00119.94983 E 8 1 0 1
2021 11 06 01 07 02 23602.355  -696.274 39175.777  12.80  12.21   57  609.9 4152.42867 N 00119.94955 E 8 1 0 1
2021 11 06 01 07 03 23601.031  -695.843 39177.264  12.80  12.21   57  610.7 4152.42869 N 00119.94963 E 8 1 0 1
2021 11 06 01 07 04 23601.992  -696.896 39175.173  12.80  12.21   57  610.1 4152.42902 N 00119.94879 E 8 1 0 1
2021 11 06 01 07 05 23600.171  -696.655 39176.677  12.80  12.21   57  610.3 4152.42929 N 00119.94881 E 8 1 0 1
2021 11 06 01 07 06 23600.025  -695.658 39178.208  12.80  12.21   57  610.0 4152.42984 N 00119.94921 E 8 1 0 1
2021 11 06 01 07 07 23602.585  -696.315 39175.677  12.80  12.21   57  610.2 4152.42965 N 00119.94924 E 8 1 0 1
2021 11 06 01 07 08 23601.374  -695.951 39176.998  12.80  12.21   57  610.1 4152.42981 N 00119.94996 E 8 1 0 1
2021 11 06 01 07 09 23601.964  -696.856 39175.368  12.80  12.21   57  609.9 4152.43008 N 00119.94957 E 8 1 0 1
2021 11 06 01 07 10 23600.996  -696.183 39177.008  12.80  12.21   57  609.5 4152.43039 N 00119.94927 E 8 1 0 1
2021 11 06 01 07 11 23601.990  -696.722 39175.664  12.80  12.21   57  608.5 4152.43037 N 00119.94941 E 8 1 0 1
2021 11 06 01 07 12 23601.093  -696.244 39176.962  12.80  12.21   57  608.7 4152.43066 N 00119.94957 E 8 1 0 1
2021 11 06 01 07 13 23602.402  -696.680 39175.534  12.80  12.21   57  608.5 4152.43115 N 00119.94983 E 8 1 0 1
2021 11 06 01 07 14 23601.566  -695.935 39177.183  12.80  12.21   57  608.7 4152.43119 N 00119.95060 E 8 1 0 1
2021 11 06 01 07 15 23603.037  -696.444 39175.580  12.80  12.21   57  608.9 4152.43144 N 00119.94991 E 8 1 0 1
2021 11 06 01 07 16 23601.998  -695.699 39177.391  12.80  12.21   57  609.1 4152.43212 N 00119.95017 E 8 1 0 1
2021 11 06 01 07 17 23603.294  -696.565 39175.383  12.80  12.21   57  608.8 4152.43204 N 00119.95020 E 8 1 0 1
2021 11 06 01 07 18 23602.259  -695.773 39177.241  12.80  12.21   58  609.7 4152.43176 N 00119.94994 E 8 1 0 1
2021 11 06 01 07 19 23603.314  -696.469 39175.594  12.80  12.21   57  610.7 4152.43146 N 00119.94984 E 8 1 0 1
2021 11 06 01 07 20 23601.748  -695.824 39177.578  12.80  12.21   57  611.5 4152.43177 N 00119.94893 E 8 1 0 1
2021 11 06 01 07 21 23603.453  -696.471 39175.665  12.80  12.21   57  611.8 4152.43160 N 00119.94902 E 8 1 0 1
2021 11 06 01 07 22 23601.714  -696.027 39177.466  12.79  12.21   57  611.2 4152.43212 N 00119.94906 E 8 1 0 1
2021 11 06 01 07 23 23602.300  -697.600 39174.852  12.80  12.21   57  611.9 4152.43202 N 00119.94942 E 8 1 0 1
2021 11 06 01 07 24 23600.997  -696.730 39177.020  12.79  12.21   57  612.3 4152.43239 N 00119.94944 E 8 1 0 1
2021 11 06 01 07 25 23602.265  -697.619 39174.945  12.79  12.21   57  612.0 4152.43272 N 00119.94974 E 8 1 0 1
2021 11 06 01 07 26 23600.535  -697.117 39176.773  12.79  12.21   57  612.0 4152.43231 N 00119.94985 E 8 1 0 1
2021 11 06 01 07 27 23602.451  -697.936 39174.433  12.79  12.21   57  612.1 4152.43227 N 00119.94955 E 7 1 0 1
2021 11 06 01 07 28 23600.947  -697.050 39176.717  12.79  12.21   58  611.3 4152.43282 N 00119.95008 E 8 1 0 1
2021 11 06 01 07 29 23602.060  -698.154 39174.459  12.79  12.21   57  611.1 4152.43298 N 00119.94966 E 8 1 0 1
2021 11 06 01 07 30 23600.404  -697.443 39176.516  12.79  12.21   57  611.1 4152.43249 N 00119.95038 E 8 1 0 1
2021 11 06 01 07 31 23601.917  -698.244 39174.427  12.79  12.21   57  610.9 4152.43257 N 00119.95022 E 8 1 0 1
2021 11 06 01 07 32 23600.478  -697.202 39176.847  12.79  12.21   57  610.9 4152.43273 N 00119.94991 E 8 1 0 1
2021 11 06 01 07 33 23602.169  -697.962 39174.763  12.79  12.21   57  610.8 4152.43294 N 00119.94934 E 8 1 0 1
2021 11 06 01 07 34 23600.968  -697.015 39176.924  12.79  12.21   57  610.9 4152.43292 N 00119.94896 E 8 1 0 1
2021 11 06 01 07 35 23602.216  -698.038 39174.666  12.79  12.21   57  611.1 4152.43287 N 00119.94873 E 8 1 0 1
2021 11 06 01 07 36 23600.105  -697.143 39177.289  12.79  12.21   57  611.0 4152.43287 N 00119.94858 E 7 1 0 1
2021 11 06 01 07 37 23601.904  -698.332 39174.502  12.79  12.21   57  610.5 4152.43293 N 00119.94859 E 8 1 0 1
2021 11 06 01 07 38 23600.759  -697.586 39176.332  12.79  12.21   57  610.0 4152.43343 N 00119.94808 E 8 1 0 1
2021 11 06 01 07 39 23601.306  -697.866 39175.631  12.79  12.21   57  610.9 4152.43322 N 00119.94749 E 8 1 0 1
2021 11 06 01 07 40 23600.951  -697.428 39176.547  12.79  12.21   57  610.6 4152.43363 N 00119.94723 E 8 1 0 1
2021 11 06 01 07 41 23602.365  -698.238 39174.505  12.79  12.21   57  611.1 4152.43378 N 00119.94718 E 7 1 0 1
2021 11 06 01 07 42 23601.300  -697.227 39176.697  12.79  12.21   57  611.3 4152.43425 N 00119.94724 E 7 1 0 1
2021 11 06 01 07 43 23602.455  -698.090 39174.735  12.79  12.21   57  611.1 4152.43430 N 00119.94737 E 7 1 0 1
2021 11 06 01 07 44 23601.167  -697.270 39176.763  12.79  12.21   57  611.0 4152.43460 N 00119.94759 E 6 1 0 1
2021 11 06 01 07 45 23602.427  -698.110 39174.832  12.79  12.21   57  610.8 4152.43465 N 00119.94776 E 7 1 0 1
2021 11 06 01 07 46 23601.111  -697.516 39176.549  12.79  12.21   57  610.6 4152.43458 N 00119.94773 E 7 1 0 1
2021 11 06 01 07 47 23602.326  -698.332 39174.650  12.79  12.21   57  610.2 4152.43436 N 00119.94731 E 7 1 0 1
2021 11 06 01 07 48 23602.787  -698.714 39173.855  12.79  12.21   57  610.1 4152.43439 N 00119.94681 E 7 1 0 1
2021 11 06 01 07 49 23601.263  -697.779 39176.197  12.79  12.21   57  610.0 4152.43405 N 00119.94704 E 7 1 0 1
2021 11 06 01 07 50 23602.177  -698.296 39174.902  12.79  12.21   57  609.7 4152.43394 N 00119.94699 E 7 1 0 1
2021 11 06 01 07 51 23601.404  -697.612 39176.407  12.79  12.21   57  609.8 4152.43346 N 00119.94693 E 8 1 0 1
2021 11 06 01 07 52 23602.923  -697.981 39174.980  12.79  12.21   57  609.3 4152.43355 N 00119.94696 E 8 1 0 1
2021 11 06 01 07 53 23601.974  -697.237 39176.679  12.79  12.21   57  609.1 4152.43327 N 00119.94678 E 8 1 0 1
2021 11 06 01 07 54 23602.947  -698.110 39174.848  12.79  12.21   57  608.7 4152.43295 N 00119.94641 E 8 1 0 1
2021 11 06 01 07 55 23601.898  -697.339 39176.640  12.79  12.21   57  607.9 4152.43285 N 00119.94679 E 8 1 0 1
2021 11 06 01 07 56 23602.980  -698.162 39174.853  12.79  12.21   57  607.6 4152.43275 N 00119.94712 E 8 1 0 1
2021 11 06 01 07 57 23601.896  -697.390 39176.691  12.79  12.21   57  607.1 4152.43247 N 00119.94720 E 8 1 0 1
2021 11 06 01 07 58 23602.716  -698.097 39175.229  12.79  12.21   57  606.9 4152.43237 N 00119.94737 E 8 1 0 1
2021 11 06 01 07 59 23601.462  -697.814 39176.440  12.79  12.21   57  606.8 4152.43216 N 00119.94770 E 8 1 0 1
2021 11 06 01 08 00 23603.029  -698.308 39174.748  12.79  12.21   57  607.4 4152.43202 N 00119.94655 E 8 1 0 1
2021 11 06 01 08 01 23602.193  -697.160 39177.024  12.79  12.21   57  607.6 4152.43234 N 00119.94634 E 8 1 0 1
2021 11 06 01 08 02 23603.521  -697.932 39175.132  12.79  12.21   57  607.0 4152.43172 N 00119.94631 E 8 1 0 1
2021 11 06 01 08 03 23601.585  -697.747 39176.703  12.79  12.21   57  606.8 4152.43161 N 00119.94618 E 8 1 0 1
2021 11 06 01 08 04 23602.892  -698.724 39174.442  12.79  12.21   57  606.9 4152.43120 N 00119.94616 E 8 1 0 1
2021 11 06 01 08 05 23601.994  -697.635 39176.685  12.79  12.21   57  606.7 4152.43108 N 00119.94565 E 8 1 0 1
2021 11 06 01 08 06 23603.238  -698.441 39174.848  12.79  12.21   57  606.4 4152.43056 N 00119.94529 E 8 1 0 1
2021 11 06 01 08 07 23600.496  -697.287 39178.281  12.79  12.21   57  606.5 4152.43066 N 00119.94518 E 8 1 0 1
2021 11 06 01 08 08 23604.015  -699.191 39173.406  12.79  12.21   58  606.2 4152.43054 N 00119.94546 E 8 1 0 1
2021 11 06 01 08 09 23601.761  -697.290 39177.654  12.79  12.21   57  605.9 4152.43059 N 00119.94583 E 8 1 0 1
2021 11 06 01 08 10 23604.320  -698.055 39175.010  12.79  12.21   57  605.3 4152.43066 N 00119.94609 E 8 1 0 1
2021 11 06 01 08 11 23603.066  -696.957 39177.462  12.79  12.21   57  604.9 4152.43056 N 00119.94605 E 8 1 0 1
2021 11 06 01 08 12 23604.705  -697.901 39175.203  12.79  12.21   57  604.4 4152.43042 N 00119.94606 E 8 1 0 1
2021 11 06 01 08 13 23602.687  -697.429 39177.228  12.79  12.21   57  603.8 4152.43068 N 00119.94632 E 8 1 0 1
2021 11 06 01 08 14 23604.504  -698.208 39175.040  12.79  12.21   57  603.2 4152.43083 N 00119.94618 E 8 1 0 1
2021 11 06 01 08 15 23603.144  -697.165 39177.499  12.79  12.21   57  602.8 4152.43068 N 00119.94602 E 8 1 0 1
2021 11 06 01 08 16 23604.793  -698.228 39175.011  12.79  12.21   57  602.5 4152.43043 N 00119.94615 E 8 1 0 1
2021 11 06 01 08 17 23603.150  -697.457 39177.267  12.79  12.21   57  602.7 4152.43056 N 00119.94577 E 8 1 0 1
2021 11 06 01 08 18 23604.715  -698.623 39174.708  12.79  12.21   58  602.7 4152.43092 N 00119.94618 E 8 1 0 1
2021 11 06 01 08 19 23603.257  -697.992 39176.627  12.79  12.21   58  602.8 4152.43163 N 00119.94619 E 8 1 0 1
2021 11 06 01 08 20 23604.640  -698.756 39174.759  12.79  12.21   57  602.6 4152.43150 N 00119.94658 E 8 1 0 1
2021 11 06 01 08 21 23603.062  -698.078 39176.833  12.79  12.21   57  602.1 4152.43208 N 00119.94727 E 8 1 0 1
2021 11 06 01 08 22 23604.377  -698.796 39175.039  12.79  12.21   57  602.0 4152.43207 N 00119.94734 E 8 1 0 1
2021 11 06 01 08 23 23603.091  -698.085 39176.947  12.79  12.21   57  601.7 4152.43207 N 00119.94757 E 8 1 0 1
2021 11 06 01 08 24 23604.351  -699.051 39174.876  12.79  12.21   57  601.2 4152.43225 N 00119.94828 E 8 1 0 1
2021 11 06 01 08 25 23603.005  -698.416 39176.690  12.79  12.21   57  601.0 4152.43209 N 00119.94833 E 8 1 0 1
2021 11 06 01 08 26 23604.234  -699.173 39174.958  12.79  12.21   57  600.6 4152.43237 N 00119.94827 E 8 1 0 1
2021 11 06 01 08 27 23603.175  -698.531 39176.665  12.79  12.21   57  599.8 4152.43292 N 00119.94880 E 8 1 0 1
2021 11 06 01 08 28 23604.437  -699.250 39174.886  12.79  12.21   57  599.7 4152.43282 N 00119.94843 E 8 1 0 1
2021 11 06 01 08 29 23603.080  -698.784 39176.502  12.79  12.21   57  599.8 4152.43219 N 00119.94964 E 8 1 0 1
2021 11 06 01 08 30 23604.504  -699.408 39174.821  12.79  12.21   57  599.5 4152.43245 N 00119.94970 E 8 1 0 1
2021 11 06 01 08 31 23604.900  -699.555 39174.427  12.79  12.21   57  599.3 4152.43239 N 00119.94926 E 8 1 0 1
2021 11 06 01 08 32 23603.845  -698.718 39176.433  12.79  12.21   57  599.7 4152.43256 N 00119.94811 E 8 1 0 1
2021 11 06 01 08 33 23604.945  -699.332 39175.004  12.79  12.21   57  600.1 4152.43243 N 00119.94753 E 8 1 0 1
2021 11 06 01 08 34 23603.601  -698.930 39176.561  12.79  12.21   57  600.0 4152.43245 N 00119.94718 E 8 1 0 1
2021 11 06 01 08 35 23604.103  -700.249 39174.410  12.79  12.21   57  599.8 4152.43267 N 00119.94651 E 8 1 0 1
2021 11 06 01 08 36 23602.619  -699.883 39175.947  12.79  12.21   57  599.9 4152.43263 N 00119.94671 E 8 1 0 1
2021 11 06 01 08 37 23602.744  -700.287 39175.396  12.79  12.21   57  600.5 4152.43273 N 00119.94695 E 8 1 0 1
2021 11 06 01 08 38 23602.371  -700.348 39175.644  12.79  12.21   57  600.9 4152.43268 N 00119.94631 E 8 1 0 1
2021 11 06 01 08 39 23603.322  -701.413 39173.549  12.79  12.21   57  601.1 4152.43242 N 00119.94590 E 8 1 0 1
2021 11 06 01 08 40 23602.451  -700.151 39175.979  12.79  12.21   57  601.4 4152.43283 N 00119.94474 E 8 1 0 1
2021 11 06 01 08 41 23604.404  -700.401 39174.444  12.79  12.21   57  601.8 4152.43262 N 00119.94495 E 7 1 0 1
2021 11 06 01 08 42 23603.195  -699.734 39176.279  12.79  12.21   57  602.0 4152.43262 N 00119.94441 E 7 1 0 1
2021 11 06 01 08 43 23604.406  -700.776 39174.088  12.79  12.21   57  602.0 4152.43279 N 00119.94398 E 8 1 0 1
2021 11 06 01 08 44 23602.996  -700.126 39175.979  12.79  12.21   57  602.2 4152.43282 N 00119.94363 E 8 1 0 1
2021 11 06 01 08 45 23604.724  -700.585 39174.323  12.79  12.21   57  602.1 4152.43253 N 00119.94426 E 8 1 0 1
2021 11 06 01 08 46 23603.439  -699.723 39176.491  12.79  12.21   57  602.3 4152.43273 N 00119.94367 E 8 1 0 1
2021 11 06 01 08 47 23604.947  -700.591 39174.348  12.79  12.21   57  602.6 4152.43262 N 00119.94357 E 8 1 0 1
2021 11 06 01 08 48 23603.496  -699.748 39176.527  12.79  12.21   57  601.8 4152.43295 N 00119.94433 E 8 1 0 1
2021 11 06 01 08 49 23605.103  -700.626 39174.303  12.79  12.21   57  602.0 4152.43265 N 00119.94423 E 8 1 0 1
2021 11 06 01 08 50 23603.587  -699.800 39176.528  12.79  12.21   57  602.2 4152.43246 N 00119.94451 E 8 1 0 1
2021 11 06 01 08 51 23605.318  -700.456 39174.541  12.79  12.21   57  602.2 4152.43213 N 00119.94497 E 8 1 0 1
2021 11 06 01 08 52 23603.839  -699.542 39176.907  12.79  12.21   57  602.4 4152.43225 N 00119.94492 E 8 1 0 1
2021 11 06 01 08 53 23605.304  -700.545 39174.640  12.79  12.21   57  602.6 4152.43239 N 00119.94512 E 8 1 0 1
2021 11 06 01 08 54 23603.611  -699.758 39176.891  12.79  12.21   57  602.4 4152.43269 N 00119.94495 E 8 1 0 1
2021 11 06 01 08 55 23605.312  -700.982 39174.150  12.79  12.21   57  602.7 4152.43291 N 00119.94550 E 8 1 0 1
2021 11 06 01 08 56 23603.816  -699.995 39176.590  12.79  12.21   57  603.0 4152.43311 N 00119.94527 E 8 1 0 1
2021 11 06 01 08 57 23605.435  -700.832 39174.424  12.79  12.21   57  602.8 4152.43341 N 00119.94523 E 8 1 0 1
2021 11 06 01 08 58 23604.005  -699.878 39176.786  12.79  12.21   57  602.9 4152.43346 N 00119.94519 E 8 1 0 1
2021 11 06 01 08 59 23605.904  -700.777 39174.431  12.79  12.21   57  602.9 4152.43363 N 00119.94454 E 8 1 0 1
2021 11 06 01 09 00 23604.107  -700.019 39176.721  12.79  12.21   57  603.0 4152.43382 N 00119.94498 E 8 1 0 1
2021 11 06 01 09 01 23605.146  -701.231 39174.362  12.79  12.21   57  603.0 4152.43403 N 00119.94489 E 8 1 0 1
2021 11 06 01 09 02 23603.328  -700.716 39176.337  12.79  12.21   57  603.1 4152.43387 N 00119.94496 E 8 1 0 1
2021 11 06 01 09 03 23604.453  -701.951 39173.932  12.79  12.21   56  602.5 4152.43371 N 00119.94572 E 8 1 0 1
2021 11 06 01 09 04 23602.841  -701.169 39176.090  12.79  12.21   57  602.4 4152.43344 N 00119.94596 E 8 1 0 1
2021 11 06 01 09 05 23604.597  -701.699 39174.314  12.79  12.21   57  602.4 4152.43312 N 00119.94635 E 8 1 0 1
2021 11 06 01 09 06 23602.978  -701.360 39175.909  12.79  12.21   57  602.6 4152.43320 N 00119.94625 E 7 1 0 1
2021 11 06 01 09 07 23604.068  -701.649 39174.860  12.79  12.21   57  602.7 4152.43320 N 00119.94657 E 7 1 0 1
2021 11 06 01 09 08 23603.679  -701.138 39175.948  12.79  12.21   57  602.8 4152.43305 N 00119.94703 E 7 1 0 1
2021 11 06 01 09 09 23604.900  -702.041 39173.904  12.79  12.21   58  602.0 4152.43356 N 00119.94783 E 8 1 0 1
2021 11 06 01 09 10 23604.371  -700.609 39176.332  12.79  12.21   57  601.6 4152.43377 N 00119.94807 E 8 1 0 1
2021 11 06 01 09 11 23605.949  -701.057 39174.757  12.79  12.21   57  600.6 4152.43346 N 00119.94806 E 8 1 0 1
2021 11 06 01 09 12 23604.830  -700.205 39176.728  12.79  12.21   57  599.7 4152.43322 N 00119.94887 E 8 1 0 1
2021 11 06 01 09 13 23606.244  -700.591 39175.303  12.79  12.21   57  599.3 4152.43307 N 00119.94853 E 8 1 0 1
2021 11 06 01 09 14 23606.914  -700.730 39174.739  12.79  12.21   57  598.7 4152.43298 N 00119.94882 E 8 1 0 1
2021 11 06 01 09 15 23605.549  -699.822 39177.000  12.79  12.21   57  598.4 4152.43302 N 00119.94889 E 8 1 0 1
2021 11 06 01 09 16 23606.504  -700.634 39175.294  12.79  12.21   56  598.6 4152.43283 N 00119.94948 E 8 1 0 1
2021 11 06 01 09 17 23605.394  -700.190 39176.743  12.79  12.21   57  598.0 4152.43253 N 00119.94917 E 8 1 0 1
2021 11 06 01 09 18 23606.408  -700.759 39175.305  12.79  12.21   57  597.4 4152.43235 N 00119.94907 E 8 1 0 1
2021 11 06 01 09 19 23605.592  -700.382 39176.441  12.79  12.21   58  597.4 4152.43199 N 00119.95007 E 8 1 0 1
2021 11 06 01 09 20 23606.726  -701.031 39174.868  12.79  12.21   57  596.8 4152.43217 N 00119.95012 E 8 1 0 1
2021 11 06 01 09 21 23605.529  -700.271 39176.776  12.79  12.21   57  596.6 4152.43235 N 00119.94875 E 8 1 0 1
2021 11 06 01 09 22 23606.842  -700.686 39175.418  12.79  12.21   57  596.1 4152.43267 N 00119.94853 E 8 1 0 1
2021 11 06 01 09 23 23606.217  -699.913 39177.025  12.79  12.21   57  596.1 4152.43226 N 00119.94851 E 7 1 0 1
2021 11 06 01 09 24 23607.150  -700.793 39175.190  12.79  12.21   57  596.0 4152.43170 N 00119.94916 E 8 1 0 1
2021 11 06 01 09 25 23605.576  -700.348 39176.902  12.79  12.21   57  596.0 4152.43121 N 00119.94984 E 8 1 0 1
2021 11 06 01 09 26 23606.756  -701.157 39175.096  12.79  12.21   57  595.8 4152.43146 N 00119.94929 E 8 1 0 1
2021 11 06 01 09 27 23605.508  -700.358 39177.050  12.79  12.21   57  595.4 4152.43136 N 00119.94927 E 8 1 0 1
2021 11 06 01 09 28 23607.002  -701.056 39175.187  12.79  12.21   57  595.0 4152.43102 N 00119.94944 E 8 1 0 1
2021 11 06 01 09 29 23605.992  -700.196 39177.135  12.79  12.21   57  594.9 4152.43107 N 00119.94953 E 8 1 0 1
2021 11 06 01 09 30 23607.277  -701.160 39174.975  12.79  12.21   58  594.9 4152.43096 N 00119.94918 E 8 1 0 1
2021 11 06 01 09 31 23605.720  -700.581 39176.830  12.79  12.21   57  594.7 4152.43088 N 00119.94852 E 7 1 0 1
2021 11 06 01 09 32 23607.244  -701.288 39174.901  12.79  12.21   57  594.7 4152.43027 N 00119.94876 E 8 1 0 1
2021 11 06 01 09 33 23605.693  -700.331 39177.321  12.79  12.21   57  594.9 4152.43018 N 00119.94844 E 8 1 0 1
2021 11 06 01 09 34 23607.437  -701.107 39175.151  12.79  12.21   57  594.7 4152.42976 N 00119.94823 E 8 1 0 1
2021 11 06 01 09 35 23606.215  -699.989 39177.557  12.79  12.21   57  594.7 4152.42942 N 00119.94844 E 8 1 0 1
2021 11 06 01 09 36 23607.695  -701.133 39174.993  12.79  12.21   57  594.6 4152.42929 N 00119.94851 E 8 1 0 1
2021 11 06 01 09 37 23605.590  -700.189 39177.733  12.79  12.21   57  594.7 4152.42962 N 00119.94848 E 8 1 0 1
2021 11 06 01 09 38 23607.433  -701.215 39175.093  12.79  12.21   57  594.8 4152.43015 N 00119.94809 E 8 1 0 1
2021 11 06 01 09 39 23606.318  -700.232 39177.290  12.79  12.21   58  595.0 4152.43043 N 00119.94809 E 8 1 0 1
2021 11 06 01 09 40 23608.090  -700.843 39175.354  12.79  12.21   57  595.3 4152.43069 N 00119.94882 E 8 1 0 1
2021 11 06 01 09 41 23606.580  -699.933 39177.649  12.79  12.21   57  595.4 4152.42986 N 00119.94882 E 8 1 0 1
2021 11 06 01 09 42 23607.685  -701.158 39175.197  12.79  12.21   57  595.6 4152.42981 N 00119.94895 E 8 1 0 1
2021 11 06 01 09 43 23606.453  -700.014 39177.645  12.79  12.21   57  595.8 4152.43011 N 00119.94755 E 8 1 0 1
2021 11 06 01 09 44 23607.861  -700.963 39175.482  12.79  12.21   57  596.0 4152.42993 N 00119.94743 E 8 1 0 1
2021 11 06 01 09 45 23606.615  -699.908 39177.829  12.79  12.21   57  595.8 4152.42917 N 00119.94788 E 8 1 0 1
2021 11 06 01 09 46 23608.193  -700.812 39175.600  12.79  12.21   57  595.9 4152.42863 N 00119.94785 E 8 1 0 1
2021 11 06 01 09 47 23606.703  -700.097 39177.565  12.79  12.21   57  596.1 4152.42847 N 00119.94857 E 8 1 0 1
2021 11 06 01 09 48 23607.881  -700.864 39175.755  12.79  12.21   57  596.0 4152.42845 N 00119.94928 E 8 1 0 1
2021 11 06 01 09 49 23607.074  -700.021 39177.516  12.79  12.21   57  596.1 4152.42816 N 00119.94833 E 7 1 0 1
2021 11 06 01 09 50 23608.305  -700.808 39175.636  12.79  12.21   57  596.2 4152.42799 N 00119.94896 E 8 1 0 1
2021 11 06 01 09 51 23606.914  -699.873 39177.921  12.79  12.21   57  596.4 4152.42823 N 00119.94906 E 7 1 0 1
2021 11 06 01 09 52 23608.289  -700.816 39175.730  12.79  12.21   57  596.5 4152.42846 N 00119.94995 E 7 1 0 1
2021 11 06 01 09 53 23606.980  -700.146 39177.540  12.79  12.21   57  596.4 4152.42869 N 00119.94968 E 8 1 0 1
2021 11 06 01 09 54 23608.625  -700.690 39175.786  12.79  12.21   57  596.4 4152.42901 N 00119.94961 E 8 1 0 1
2021 11 06 01 09 55 23607.207  -700.165 39177.511  12.79  12.21   57  595.9 4152.42850 N 00119.95021 E 8 1 0 1
2021 11 06 01 09 56 23607.976  -701.199 39175.531  12.79  12.21   57  595.6 4152.42831 N 00119.95041 E 8 1 0 1
2021 11 06 01 09 57 23608.867  -701.058 39175.236  12.79  12.21   57  595.6 4152.42791 N 00119.95116 E 8 1 0 1
2021 11 06 01 09 58 23607.687  -699.980 39177.587  12.79  12.21   57  595.4 4152.42791 N 00119.95236 E 8 1 0 1
2021 11 06 01 09 59 23608.164  -700.611 39176.376  12.79  12.21   57  595.3 4152.42789 N 00119.95352 E 8 1 0 1
2021 11 06 01 10 00 23607.090  -700.552 39177.172  12.79  12.21   57  594.6 4152.42721 N 00119.95331 E 8 1 0 1
2021 11 06 01 10 01 23607.998  -701.161 39175.734  12.79  12.21   57  594.1 4152.42703 N 00119.95382 E 8 1 0 1
2021 11 06 01 10 02 23607.183  -700.156 39177.753  12.79  12.21   57  593.6 4152.42698 N 00119.95389 E 8 1 0 1
2021 11 06 01 10 03 23608.533  -700.749 39176.106  12.79  12.21   57  593.4 4152.42736 N 00119.95383 E 7 1 0 1
2021 11 06 01 10 04 23607.109  -700.374 39177.589  12.79  12.21   57  593.1 4152.42729 N 00119.95416 E 8 1 0 1
2021 11 06 01 10 05 23607.994  -701.244 39175.817  12.79  12.21   57  592.6 4152.42734 N 00119.95404 E 8 1 0 1
2021 11 06 01 10 06 23606.724  -700.930 39177.141  12.79  12.21   57  592.3 4152.42751 N 00119.95382 E 8 1 0 1
2021 11 06 01 10 07 23607.717  -701.561 39175.617  12.79  12.21   57  591.8 4152.42753 N 00119.95394 E 8 1 0 1
2021 11 06 01 10 08 23605.681  -700.084 39179.073  12.79  12.21   57  591.4 4152.42748 N 00119.95402 E 8 1 0 1
2021 11 06 01 10 09 23609.045  -701.601 39174.839  12.79  12.21   58  591.0 4152.42649 N 00119.95507 E 8 1 0 1
2021 11 06 01 10 10 23607.002  -700.755 39177.380  12.79  12.21   57  590.9 4152.42635 N 00119.95495 E 8 1 0 1
2021 11 06 01 10 11 23608.375  -701.396 39175.578  12.79  12.21   57  590.8 4152.42602 N 00119.95535 E 8 1 0 1
2021 11 06 01 10 12 23606.853  -700.661 39177.656  12.79  12.21   57  590.6 4152.42605 N 00119.95532 E 8 1 0 1
2021 11 06 01 10 13 23607.857  -701.633 39175.638  12.79  12.21   57  590.3 4152.42639 N 00119.95555 E 8 1 0 1
2021 11 06 01 10 14 23606.963  -700.420 39177.936  12.79  12.21   57  590.4 4152.42679 N 00119.95458 E 8 1 0 1
2021 11 06 01 10 15 23609.043  -700.578 39176.480  12.79  12.21   57  590.5 4152.42762 N 00119.95477 E 8 1 0 1
2021 11 06 01 10 16 23608.047  -699.502 39178.665  12.79  12.21   57  590.6 4152.42777 N 00119.95462 E 8 1 0 1
2021 11 06 01 10 17 23609.060  -700.739 39176.259  12.79  12.21   57  590.4 4152.42754 N 00119.95473 E 8 1 0 1
2021 11 06 01 10 18 23607.810  -699.633 39178.672  12.79  12.21   57  590.5 4152.42788 N 00119.95483 E 8 1 0 1
2021 11 06 01 10 19 23609.586  -700.497 39176.370  12.79  12.21   57  590.5 4152.42815 N 00119.95476 E 8 1 0 1
2021 11 06 01 10 20 23608.551  -699.309 39178.800  12.79  12.21   57  590.5 4152.42844 N 00119.95428 E 8 1 0 1
2021 11 06 01 10 21 23610.037  -700.233 39176.567  12.79  12.21   57  590.7 4152.42890 N 00119.95455 E 8 1 0 1
2021 11 06 01 10 22 23607.994  -699.682 39178.724  12.79  12.21   57  590.7 4152.42885 N 00119.95446 E 8 1 0 1
2021 11 06 01 10 23 23608.379  -701.619 39175.744  12.79  12.21   57  590.6 4152.42962 N 00119.95422 E 8 1 0 1
2021 11 06 01 10 24 23606.271  -701.153 39177.776  12.79  12.21   57  591.2 4152.42980 N 00119.95362 E 8 1 0 1
2021 11 06 01 10 25 23607.592  -702.209 39175.414  12.79  12.21   57  591.1 4152.43035 N 00119.95388 E 8 1 0 1
2021 11 06 01 10 26 23606.306  -701.429 39177.395  12.79  12.21   57  590.9 4152.43086 N 00119.95328 E 8 1 0 1
2021 11 06 01 10 27 23607.496  -702.531 39175.052  12.79  12.21   57  591.1 4152.43121 N 00119.95285 E 7 1 0 1
2021 11 06 01 10 28 23606.191  -701.531 39177.368  12.79  12.21   57  591.1 4152.43169 N 00119.95187 E 6 1 0 1
2021 11 06 01 10 29 23607.416  -702.411 39175.351  12.79  12.21   58  590.9 4152.43226 N 00119.95126 E 8 1 0 1
2021 11 06 01 10 30 23605.961  -701.755 39177.219  12.79  12.21   57  590.6 4152.43272 N 00119.95103 E 8 1 0 1
2021 11 06 01 10 31 23606.842  -702.770 39175.189  12.79  12.21   57  590.2 4152.43279 N 00119.95017 E 8 1 0 1
2021 11 06 01 10 32 23606.086  -701.548 39177.472  12.79  12.21   57  590.1 4152.43320 N 00119.95027 E 8 1 0 1
2021 11 06 01 10 33 23607.213  -702.261 39175.669  12.79  12.21   57  589.9 4152.43353 N 00119.95027 E 8 1 0 1
2021 11 06 01 10 34 23606.197  -701.448 39177.519  12.79  12.21   57  590.0 4152.43383 N 00119.95003 E 8 1 0 1
2021 11 06 01 10 35 23607.662  -702.100 39175.691  12.79  12.21   57  590.1 4152.43398 N 00119.94970 E 8 1 0 1
2021 11 06 01 10 36 23606.240  -701.400 39177.609  12.79  12.21   57  589.6 4152.43444 N 00119.94913 E 8 1 0 1
2021 11 06 01 10 37 23607.531  -702.111 39175.799  12.79  12.21   57  589.8 4152.43431 N 00119.94963 E 8 1 0 1
2021 11 06 01 10 38 23607.330  -701.843 39176.327  12.79  12.21   57  589.7 4152.43463 N 00119.94980 E 8 1 0 1
2021 11 06 01 10 39 23606.814  -701.374 39177.391  12.79  12.21   58  589.8 4152.43475 N 00119.94928 E 8 1 0 1
2021 11 06 01 10 40 23607.931  -701.874 39175.910  12.79  12.21   58  589.7 4152.43471 N 00119.94902 E 8 1 0 1
2021 11 06 01 10 41 23607.010  -701.106 39177.597  12.79  12.21   57  590.1 4152.43424 N 00119.94912 E 8 1 0 1
2021 11 06 01 10 42 23607.801  -701.764 39176.123  12.79  12.21   57  590.8 4152.43388 N 00119.94874 E 8 1 0 1
2021 11 06 01 10 43 23606.986  -701.079 39177.589  12.79  12.21   57  590.8 4152.43386 N 00119.94854 E 8 1 0 1
2021 11 06 01 10 44 23608.238  -701.422 39176.300  12.79  12.21   57  590.8 4152.43370 N 00119.94891 E 8 1 0 1
2021 11 06 01 10 45 23607.178  -700.607 39178.162  12.79  12.21   57  591.1 4152.43432 N 00119.94809 E 8 1 0 1
2021 11 06 01 10 46 23608.291  -701.211 39176.596  12.79  12.21   57  591.5 4152.43483 N 00119.94779 E 8 1 0 1
2021 11 06 01 10 47 23607.084  -700.426 39178.480  12.79  12.21   57  591.8 4152.43499 N 00119.94780 E 8 1 0 1
2021 11 06 01 10 48 23608.510  -701.178 39176.515  12.79  12.21   57  591.3 4152.43545 N 00119.94846 E 8 1 0 1
2021 11 06 01 10 49 23607.246  -700.686 39178.042  12.79  12.21   57  591.5 4152.43516 N 00119.94815 E 8 1 0 1
2021 11 06 01 10 50 23607.982  -701.722 39176.066  12.79  12.21   57  591.8 4152.43546 N 00119.94892 E 8 1 0 1
2021 11 06 01 10 51 23606.595  -701.099 39177.778  12.79  12.21   57  591.4 4152.43574 N 00119.94974 E 8 1 0 1
2021 11 06 01 10 52 23608.258  -701.605 39175.993  12.79  12.21   57  591.4 4152.43537 N 00119.95033 E 8 1 0 1
2021 11 06 01 10 53 23607.035  -700.458 39178.406  12.79  12.21   57  591.7 4152.43529 N 00119.95015 E 8 1 0 1
2021 11 06 01 10 54 23608.631  -701.046 39176.550  12.79  12.21   57  592.1 4152.43520 N 00119.94904 E 8 1 0 1
2021 11 06 01 10 55 23607.437  -700.051 39178.703  12.79  12.21   57  592.1 4152.43532 N 00119.94910 E 8 1 0 1
2021 11 06 01 10 56 23608.965  -700.792 39176.661  12.79  12.21   57  592.1 4152.43599 N 00119.94922 E 7 1 0 1
2021 11 06 01 10 57 23606.961  -700.528 39178.324  12.79  12.21   57  592.8 4152.43585 N 00119.94856 E 7 1 0 1
2021 11 06 01 10 58 23608.072  -701.671 39175.937  12.79  12.21   57  592.8 4152.43645 N 00119.94904 E 7 1 0 1
2021 11 06 01 10 59 23606.334  -700.972 39178.041  12.79  12.21   58  592.9 4152.43657 N 00119.94960 E 8 1 0 1
2021 11 06 01 11 00 23607.808  -702.042 39175.563  12.79  12.21   57  593.1 4152.43688 N 00119.94967 E 7 1 0 1
2021 11 06 01 11 01 23606.013  -701.143 39178.000  12.79  12.21   57  593.1 4152.43681 N 00119.94946 E 7 1 0 1
2021 11 06 01 11 02 23607.498  -702.049 39175.725  12.79  12.21   57  593.5 4152.43695 N 00119.94972 E 8 1 0 1
2021 11 06 01 11 03 23605.853  -701.129 39178.069  12.79  12.21   57  593.5 4152.43693 N 00119.95090 E 8 1 0 1
2021 11 06 01 11 04 23607.461  -702.047 39175.720  12.79  12.21   57  593.7 4152.43701 N 00119.95190 E 8 1 0 1
2021 11 06 01 11 05 23605.869  -701.136 39178.011  12.79  12.21   57  593.9 4152.43651 N 00119.95196 E 8 1 0 1
2021 11 06 01 11 06 23607.351  -702.154 39175.580  12.79  12.21   57  593.7 4152.43683 N 00119.95129 E 7 1 0 1
2021 11 06 01 11 07 23605.881  -701.219 39177.851  12.79  12.21   57  593.9 4152.43678 N 00119.95085 E 8 1 0 1
2021 11 06 01 11 08 23606.730  -701.678 39176.619  12.79  12.21   57  594.3 4152.43603 N 00119.95323 E 8 1 0 1
2021 11 06 01 11 09 23605.978  -701.145 39177.840  12.79  12.21   57  594.8 4152.43551 N 00119.95258 E 8 1 0 1
2021 11 06 01 11 10 23607.586  -701.856 39175.798  12.79  12.21   57  594.9 4152.43564 N 00119.95162 E 7 1 0 1
2021 11 06 01 11 11 23606.056  -700.854 39178.198  12.79  12.21   57  595.1 4152.43532 N 00119.95238 E 8 1 0 1
2021 11 06 01 11 12 23607.303  -701.869 39175.945  12.79  12.21   57  595.6 4152.43547 N 00119.95079 E 8 1 0 1
2021 11 06 01 11 13 23605.820  -701.112 39177.940  12.79  12.21   57  595.7 4152.43444 N 00119.95125 E 8 1 0 1
2021 11 06 01 11 14 23607.400  -701.819 39175.902  12.79  12.21   57  595.7 4152.43436 N 00119.95136 E 8 1 0 1
2021 11 06 01 11 15 23606.045  -700.823 39178.186  12.79  12.21   57  595.9 4152.43474 N 00119.95091 E 8 1 0 1
2021 11 06 01 11 16 23607.404  -701.524 39176.295  12.79  12.21   57  596.3 4152.43505 N 00119.95010 E 8 1 0 1
2021 11 06 01 11 17 23606.345  -700.732 39178.121  12.79  12.21   57  596.5 4152.43474 N 00119.94985 E 8 1 0 1
2021 11 06 01 11 18 23607.709  -701.400 39176.284  12.79  12.21   57  596.6 4152.43399 N 00119.95060 E 6 1 0 1
2021 11 06 01 11 19 23606.408  -700.758 39178.020  12.79  12.21   57  596.5 4152.43421 N 00119.95025 E 7 1 0 1
2021 11 06 01 11 20 23607.644  -701.389 39176.299  12.79  12.21   57  596.0 4152.43505 N 00119.95008 E 8 1 0 1
2021 11 06 01 11 21 23606.431  -700.584 39178.230  12.79  12.21   57  595.5 4152.43547 N 00119.94919 E 8 1 0 1
2021 11 06 01 11 22 23605.955  -700.215 39178.994  12.79  12.21   57  595.7 4152.43570 N 00119.94870 E 8 1 0 1
2021 11 06 01 11 23 23607.494  -701.136 39176.711  12.79  12.21   57  595.9 4152.43598 N 00119.94723 E 8 1 0 1
2021 11 06 01 11 24 23606.322  -700.570 39178.214  12.79  12.21   57  596.7 4152.43582 N 00119.94675 E 8 1 0 1
2021 11 06 01 11 25 23607.615  -701.003 39176.750  12.79  12.21   57  596.8 4152.43604 N 00119.94576 E 8 1 0 1
2021 11 06 01 11 26 23607.119  -699.937 39178.594  12.79  12.21   57  596.9 4152.43623 N 00119.94452 E 8 1 0 1
2021 11 06 01 11 27 23608.670  -700.201 39177.229  12.79  12.21   57  596.5 4152.43600 N 00119.94447 E 8 1 0 1
2021 11 06 01 11 28 23607.730  -699.296 39179.157  12.79  12.21   57  596.5 4152.43577 N 00119.94372 E 8 1 0 1
2021 11 06 01 11 29 23608.693  -700.344 39177.035  12.79  12.21   58  596.1 4152.43580 N 00119.94371 E 8 1 0 1
2021 11 06 01 11 30 23607.722  -700.320 39177.754  12.79  12.21   59  596.2 4152.43571 N 00119.94303 E 6 1 0 1
2021 11 06 01 11 31 23608.785  -700.935 39176.184  12.79  12.21   58  596.6 4152.43572 N 00119.94189 E 6 1 0 1
2021 11 06 01 11 32 23607.691  -699.859 39178.387  12.79  12.21   58  596.5 4152.43515 N 00119.94211 E 6 1 0 1
2021 11 06 01 11 33 23608.877  -700.457 39176.802  12.79  12.21   57  596.7 4152.43484 N 00119.94217 E 6 1 0 1
2021 11 06 01 11 34 23607.004  -699.793 39178.921  12.79  12.21   57  596.7 4152.43459 N 00119.94113 E 6 1 0 1
2021 11 06 01 11 35 23608.334  -700.601 39176.905  12.79  12.21   57  596.9 4152.43451 N 00119.94150 E 6 1 0 1
2021 11 06 01 11 36 23606.742  -700.039 39178.737  12.79  12.21   57  596.9 4152.43476 N 00119.94198 E 6 1 0 1
2021 11 06 01 11 37 23607.908  -700.887 39176.743  12.79  12.21   57  596.9 4152.43482 N 00119.94124 E 6 1 0 1
2021 11 06 01 11 38 23606.256  -699.777 39179.388  12.79  12.21   57  596.9 4152.43467 N 00119.94088 E 6 1 0 1
2021 11 06 01 11 39 23608.113  -700.778 39176.795  12.79  12.21   57  597.0 4152.43519 N 00119.94044 E 6 1 0 1
2021 11 06 01 11 40 23607.051  -700.126 39178.419  12.79  12.21   58  596.5 4152.43520 N 00119.94072 E 6 1 0 1
2021 11 06 01 11 41 23608.033  -700.881 39176.670  12.79  12.21   57  596.7 4152.43464 N 00119.94137 E 6 1 0 1
2021 11 06 01 11 42 23606.803  -700.173 39178.418  12.79  12.21   58  596.7 4152.43444 N 00119.94122 E 6 1 0 1
2021 11 06 01 11 43 23608.217  -701.137 39176.185  12.79  12.21   58  595.5 4152.43431 N 00119.94228 E 7 1 0 1
2021 11 06 01 11 44 23606.816  -699.531 39179.371  12.79  12.21   57  594.5 4152.43446 N 00119.94271 E 7 1 0 1
2021 11 06 01 11 45 23608.721  -700.189 39177.225  12.79  12.21   57  594.0 4152.43424 N 00119.94334 E 7 1 0 1
2021 11 06 01 11 46 23607.039  -699.337 39179.531  12.79  12.21   57  594.0 4152.43411 N 00119.94397 E 6 1 0 1
2021 11 06 01 11 47 23608.543  -700.394 39177.057  12.79  12.21   57  594.3 4152.43354 N 00119.94338 E 7 1 0 1
2021 11 06 01 11 48 23606.812  -699.621 39179.277  12.79  12.21   57  594.2 4152.43379 N 00119.94330 E 7 1 0 1
2021 11 06 01 11 49 23608.336  -700.517 39177.041  12.79  12.21   57  594.3 4152.43388 N 00119.94291 E 7 1 0 1
2021 11 06 01 11 50 23607.289  -699.960 39178.557  12.79  12.21   58  594.8 4152.43353 N 00119.94372 E 6 1 0 1
2021 11 06 01 11 51 23608.465  -700.521 39176.983  12.79  12.21   57  595.1 4152.43345 N 00119.94381 E 6 1 0 1
2021 11 06 01 11 52 23607.578  -699.504 39179.032  12.79  12.21   57  595.3 4152.43391 N 00119.94407 E 6 1 0 1
2021 11 06 01 11 53 23608.672  -700.451 39176.941  12.79  12.21   57  595.2 4152.43372 N 00119.94476 E 6 1 0 1
2021 11 06 01 11 54 23607.080  -699.590 39179.221  12.79  12.21   57  595.1 4152.43367 N 00119.94465 E 6 1 0 1
2021 11 06 01 11 55 23608.394  -700.393 39177.259  12.79  12.21   57  595.1 4152.43388 N 00119.94555 E 6 1 0 1
2021 11 06 01 11 56 23606.980  -699.537 39179.372  12.79  12.21   57  595.2 4152.43380 N 00119.94543 E 6 1 0 1
2021 11 06 01 11 57 23608.033  -700.522 39177.289  12.79  12.21   57  595.2 4152.43374 N 00119.94565 E 7 1 0 1
2021 11 06 01 11 58 23606.445  -700.023 39178.969  12.79  12.21   57  595.3 4152.43414 N 00119.94465 E 7 1 0 1
2021 11 06 01 11 59 23607.455  -701.169 39176.746  12.79  12.21   58  594.9 4152.43426 N 00119.94489 E 7 1 0 1
2021 11 06 01 12 00 23606.224  -701.043 39177.693  12.79  12.21   58  595.2 4152.43431 N 00119.94535 E 7 1 0 1
2021 11 06 01 12 01 23607.301  -701.580 39176.212  12.79  12.21   57  595.6 4152.43467 N 00119.94579 E 7 1 0 1
2021 11 06 01 12 02 23606.433  -700.171 39178.778  12.79  12.21   57  595.6 4152.43480 N 00119.94610 E 7 1 0 1
2021 11 06 01 12 03 23607.984  -700.573 39177.211  12.79  12.21   57  595.8 4152.43480 N 00119.94612 E 7 1 0 1
2021 11 06 01 12 04 23608.760  -700.612 39176.705  12.79  12.21   57  595.9 4152.43493 N 00119.94537 E 7 1 0 1
2021 11 06 01 12 05 23607.289  -699.688 39178.992  12.79  12.21   57  595.9 4152.43503 N 00119.94601 E 7 1 0 1
2021 11 06 01 12 06 23607.555  -700.224 39178.006  12.79  12.21   57  596.2 4152.43514 N 00119.94591 E 7 1 0 1
2021 11 06 01 12 07 23606.758  -699.962 39178.928  12.79  12.21   57  596.4 4152.43491 N 00119.94666 E 7 1 0 1
2021 11 06 01 12 08 23607.828  -700.572 39177.432  12.79  12.21   57  596.7 4152.43488 N 00119.94679 E 7 1 0 1
2021 11 06 01 12 09 23605.802  -699.504 39180.199  12.79  12.21   57  596.9 4152.43528 N 00119.94674 E 7 1 0 1
2021 11 06 01 12 10 23608.598  -700.942 39176.405  12.79  12.21   57  597.1 4152.43513 N 00119.94696 E 7 1 0 1
2021 11 06 01 12 11 23607.199  -699.835 39178.942  12.79  12.21   57  596.3 4152.43502 N 00119.94751 E 7 1 0 1
2021 11 06 01 12 12 23608.021  -700.633 39177.270  12.79  12.21   57  596.5 4152.43495 N 00119.94716 E 7 1 0 1
2021 11 06 01 12 13 23606.650  -700.047 39178.978  12.79  12.21   57  596.5 4152.43429 N 00119.94708 E 7 1 0 1
2021 11 06 01 12 14 23607.705  -700.817 39177.210  12.79  12.21   57  597.0 4152.43423 N 00119.94695 E 6 1 0 1
2021 11 06 01 12 15 23606.347  -700.235 39178.911  12.79  12.21   57  597.2 4152.43416 N 00119.94703 E 6 1 0 1
2021 11 06 01 12 16 23607.564  -701.093 39176.914  12.79  12.21   57  596.8 4152.43445 N 00119.94738 E 7 1 0 1
2021 11 06 01 12 17 23606.187  -700.414 39178.790  12.79  12.21   57  596.2 4152.43398 N 00119.94759 E 7 1 0 1
2021 11 06 01 12 18 23607.478  -701.208 39176.816  12.79  12.21   57  596.2 4152.43361 N 00119.94743 E 6 1 0 1
2021 11 06 01 12 19 23606.131  -700.501 39178.704  12.79  12.21   57  596.6 4152.43315 N 00119.94750 E 7 1 0 1
2021 11 06 01 12 20 23607.392  -701.429 39176.634  12.79  12.21   57  597.0 4152.43333 N 00119.94750 E 8 1 0 1
2021 11 06 01 12 21 23605.961  -700.828 39178.451  12.79  12.21   57  596.2 4152.43343 N 00119.94728 E 8 1 0 1
2021 11 06 01 12 22 23607.221  -701.691 39176.462  12.79  12.21   57  595.6 4152.43349 N 00119.94752 E 8 1 0 1
2021 11 06 01 12 23 23605.547  -701.003 39178.508  12.79  12.21   57  594.9 4152.43360 N 00119.94806 E 8 1 0 1
2021 11 06 01 12 24 23607.072  -701.903 39176.283  12.79  12.21   57  594.3 4152.43377 N 00119.94828 E 8 1 0 1
2021 11 06 01 12 25 23605.576  -700.990 39178.563  12.79  12.21   57  594.0 4152.43404 N 00119.94892 E 8 1 0 1
2021 11 06 01 12 26 23607.215  -701.916 39176.179  12.79  12.21   57  594.3 4152.43386 N 00119.94904 E 7 1 0 1
2021 11 06 01 12 27 23605.576  -700.979 39178.543  12.79  12.21   57  594.6 4152.43396 N 00119.94900 E 7 1 0 1
2021 11 06 01 12 28 23607.275  -701.803 39176.249  12.79  12.21   57  594.8 4152.43389 N 00119.94885 E 7 1 0 1
2021 11 06 01 12 29 23605.916  -700.754 39178.649  12.79  12.21   57  594.7 4152.43403 N 00119.94920 E 7 1 0 1
2021 11 06 01 12 30 23607.471  -701.568 39176.459  12.79  12.21   57  595.0 4152.43388 N 00119.94894 E 7 1 0 1
2021 11 06 01 12 31 23605.888  -700.581 39178.875  12.79  12.21   57  595.2 4152.43360 N 00119.94862 E 7 1 0 1
2021 11 06 01 12 32 23607.365  -701.450 39176.700  12.79  12.21   57  596.9 4152.43333 N 00119.94944 E 8 1 0 1
2021 11 06 01 12 33 23605.988  -700.709 39178.724  12.79  12.21   57  597.2 4152.43308 N 00119.94941 E 8 1 0 1
2021 11 06 01 12 34 23607.547  -701.731 39176.344  12.79  12.21   57  597.3 4152.43261 N 00119.94901 E 7 1 0 1
2021 11 06 01 12 35 23605.945  -700.892 39178.580  12.79  12.21   57  596.8 4152.43198 N 00119.94967 E 8 1 0 1
2021 11 06 01 12 36 23607.433  -701.625 39176.616  12.79  12.21   57  597.1 4152.43172 N 00119.94949 E 8 1 0 1
2021 11 06 01 12 37 23606.008  -700.838 39178.635  12.79  12.21   57  597.3 4152.43139 N 00119.94926 E 8 1 0 1
2021 11 06 01 12 38 23607.396  -701.650 39176.580  12.79  12.21   57  597.5 4152.43115 N 00119.94909 E 7 1 0 1
2021 11 06 01 12 39 23605.406  -700.492 39179.527  12.79  12.21   57  597.7 4152.43089 N 00119.94888 E 8 1 0 1
2021 11 06 01 12 40 23607.830  -701.782 39176.143  12.79  12.21   57  598.1 4152.43061 N 00119.94887 E 8 1 0 1
2021 11 06 01 12 41 23606.523  -700.679 39178.525  12.79  12.21   58  598.3 4152.43094 N 00119.94864 E 7 1 0 1
2021 11 06 01 12 42 23607.703  -701.432 39176.687  12.79  12.21   57  598.3 4152.43112 N 00119.94901 E 8 1 0 1
2021 11 06 01 12 43 23606.375  -700.688 39178.625  12.79  12.21   57  598.0 4152.43155 N 00119.94880 E 9 1 0 1
2021 11 06 01 12 44 23607.730  -701.515 39176.559  12.79  12.21   57  598.7 4152.43170 N 00119.94893 E 9 1 0 1
2021 11 06 01 12 45 23606.213  -700.900 39178.387  12.79  12.21   57  598.5 4152.43219 N 00119.94908 E 9 1 0 1
2021 11 06 01 12 46 23607.176  -701.649 39176.692  12.79  12.21   57  598.4 4152.43244 N 00119.94954 E 9 1 0 1
2021 11 06 01 12 47 23607.603  -701.996 39175.897  12.79  12.21   57  598.8 4152.43252 N 00119.94978 E 9 1 0 1
2021 11 06 01 12 48 23605.099  -700.492 39179.595  12.79  12.21   57  598.5 4152.43258 N 00119.94947 E 9 1 0 1
2021 11 06 01 12 49 23607.109  -701.633 39176.699  12.79  12.21   57  598.4 4152.43232 N 00119.94912 E 9 1 0 1
2021 11 06 01 12 50 23606.207  -700.890 39178.348  12.79  12.21   57  598.3 4152.43311 N 00119.94866 E 9 1 0 1
2021 11 06 01 12 51 23607.322  -701.410 39176.828  12.79  12.21   57  598.1 4152.43324 N 00119.94846 E 9 1 0 1
2021 11 06 01 12 52 23606.215  -700.745 39178.464  12.79  12.21   57  598.1 4152.43323 N 00119.94865 E 9 1 0 1
2021 11 06 01 12 53 23607.334  -701.374 39176.836  12.79  12.21   57  598.3 4152.43301 N 00119.94877 E 8 1 0 1
2021 11 06 01 12 54 23606.152  -700.646 39178.623  12.79  12.21   57  598.5 4152.43266 N 00119.94864 E 8 1 0 1
2021 11 06 01 12 55 23607.430  -701.419 39176.696  12.79  12.21   57  598.3 4152.43293 N 00119.94890 E 8 1 0 1
2021 11 06 01 12 56 23606.129  -700.745 39178.479  12.79  12.21   57  598.2 4152.43326 N 00119.94931 E 8 1 0 1
2021 11 06 01 12 57 23607.109  -701.476 39176.769  12.79  12.21   57  597.8 4152.43304 N 00119.94878 E 8 1 0 1
2021 11 06 01 12 58 23605.976  -700.794 39178.447  12.79  12.21   57  597.8 4152.43288 N 00119.94875 E 8 1 0 1
2021 11 06 01 12 59 23607.402  -701.622 39176.330  12.79  12.21   57  597.5 4152.43355 N 00119.94854 E 8 1 0 1
2021 11 06 01 13 00 23605.818  -700.769 39178.508  12.79  12.21   57  597.8 4152.43333 N 00119.94898 E 8 1 0 1
2021 11 06 01 13 01 23607.240  -701.677 39176.322  12.79  12.21   58  597.8 4152.43372 N 00119.94950 E 8 1 0 1
2021 11 06 01 13 02 23605.877  -700.794 39178.360  12.79  12.21   57  597.6 4152.43348 N 00119.94943 E 8 1 0 1
2021 11 06 01 13 03 23607.203  -701.455 39176.472  12.79  12.21   57  597.6 4152.43354 N 00119.94952 E 8 1 0 1
2021 11 06 01 13 04 23605.834  -700.517 39178.639  12.79  12.21   57  597.1 4152.43341 N 00119.94992 E 9 1 0 1
2021 11 06 01 13 05 23607.236  -701.290 39176.561  12.78  12.21   57  596.2 4152.43377 N 00119.94927 E 9 1 0 1
2021 11 06 01 13 06 23605.744  -700.408 39178.767  12.79  12.21   57  596.1 4152.43395 N 00119.94916 E 9 1 0 1
2021 11 06 01 13 07 23607.215  -701.243 39176.619  12.79  12.21   57  596.1 4152.43404 N 00119.94983 E 9 1 0 1
2021 11 06 01 13 08 23605.681  -700.329 39178.914  12.78  12.21   57  596.0 4152.43311 N 00119.95077 E 9 1 0 1
2021 11 06 01 13 09 23606.832  -701.026 39177.162  12.79  12.21   57  595.7 4152.43290 N 00119.95111 E 9 1 0 1
2021 11 06 01 13 10 23605.754  -700.460 39178.666  12.79  12.21   57  595.8 4152.43251 N 00119.95135 E 9 1 0 1
2021 11 06 01 13 11 23607.334  -701.346 39176.324  12.79  12.21   57  596.0 4152.43246 N 00119.95168 E 9 1 0 1
2021 11 06 01 13 12 23605.808  -700.322 39178.775  12.79  12.21   57  596.0 4152.43286 N 00119.95229 E 9 1 0 1
2021 11 06 01 13 13 23607.510  -701.176 39176.477  12.78  12.21   57  595.8 4152.43300 N 00119.95234 E 9 1 0 1
2021 11 06 01 13 14 23606.021  -700.226 39178.787  12.79  12.21   57  596.1 4152.43348 N 00119.95253 E 9 1 0 1
2021 11 06 01 13 15 23607.525  -701.113 39176.527  12.79  12.21   57  596.3 4152.43377 N 00119.95270 E 9 1 0 1
2021 11 06 01 13 16 23606.023  -700.170 39178.818  12.78  12.21   57  596.6 4152.43339 N 00119.95314 E 9 1 0 1
2021 11 06 01 13 17 23607.371  -700.972 39176.791  12.78  12.21   57  596.9 4152.43303 N 00119.95323 E 8 1 0 1
2021 11 06 01 13 18 23605.218  -699.817 39179.767  12.78  12.21   57  596.7 4152.43292 N 00119.95351 E 9 1 0 1
2021 11 06 01 13 19 23607.242  -701.084 39176.720  12.78  12.21   57  596.5 4152.43264 N 00119.95396 E 9 1 0 1
2021 11 06 01 13 20 23605.750  -700.275 39178.809  12.78  12.21   57  596.7 4152.43251 N 00119.95399 E 9 1 0 1
2021 11 06 01 13 21 23607.172  -701.101 39176.708  12.78  12.21   57  596.5 4152.43240 N 00119.95368 E 9 1 0 1
2021 11 06 01 13 22 23605.859  -700.351 39178.619  12.78  12.21   57  596.1 4152.43217 N 00119.95421 E 9 1 0 1
2021 11 06 01 13 23 23607.117  -701.173 39176.665  12.78  12.21   57  596.0 4152.43174 N 00119.95412 E 9 1 0 1
2021 11 06 01 13 24 23605.750  -700.384 39178.599  12.78  12.21   57  595.5 4152.43137 N 00119.95416 E 9 1 0 1
2021 11 06 01 13 25 23607.119  -701.332 39176.397  12.78  12.21   57  595.0 4152.43126 N 00119.95418 E 9 1 0 1
2021 11 06 01 13 26 23605.802  -700.623 39178.316  12.78  12.21   57  594.6 4152.43143 N 00119.95371 E 9 1 0 1
2021 11 06 01 13 27 23606.820  -701.477 39176.473  12.78  12.21   57  594.6 4152.43127 N 00119.95404 E 9 1 0 1
2021 11 06 01 13 28 23605.840  -700.674 39178.324  12.78  12.21   57  594.6 4152.43133 N 00119.95369 E 9 1 0 1
2021 11 06 01 13 29 23607.465  -701.032 39176.807  12.78  12.21   57  594.6 4152.43144 N 00119.95351 E 9 1 0 1
2021 11 06 01 13 30 23607.982  -700.934 39176.623  12.78  12.21   57  594.4 4152.43148 N 00119.95329 E 9 1 0 1
2021 11 06 01 13 31 23606.767  -700.042 39178.635  12.78  12.21   57  594.6 4152.43141 N 00119.95298 E 9 1 0 1
2021 11 06 01 13 32 23608.008  -700.552 39177.152  12.78  12.21   57  594.9 4152.43156 N 00119.95252 E 9 1 0 1
2021 11 06 01 13 33 23606.806  -699.898 39178.830  12.78  12.21   57  595.1 4152.43150 N 00119.95190 E 9 1 0 1
2021 11 06 01 13 34 23607.896  -700.648 39177.070  12.78  12.21   57  595.2 4152.43132 N 00119.95170 E 9 1 0 1
2021 11 06 01 13 35 23606.357  -700.263 39178.630  12.78  12.21   57  594.9 4152.43169 N 00119.95118 E 9 1 0 1
2021 11 06 01 13 36 23607.185  -701.232 39176.721  12.78  12.21   57  595.3 4152.43145 N 00119.95135 E 9 1 0 1
2021 11 06 01 13 37 23606.031  -700.611 39178.388  12.78  12.21   57  595.4 4152.43164 N 00119.95134 E 9 1 0 1
2021 11 06 01 13 38 23607.244  -701.315 39176.577  12.78  12.21   57  595.5 4152.43131 N 00119.95155 E 9 1 0 1
2021 11 06 01 13 39 23606.287  -700.182 39178.863  12.78  12.21   57  595.6 4152.43086 N 00119.95166 E 9 1 0 1
2021 11 06 01 13 40 23607.859  -701.076 39176.561  12.78  12.21   57  595.9 4152.43068 N 00119.95194 E 9 1 0 1
2021 11 06 01 13 41 23606.345  -700.477 39178.385  12.78  12.21   57  596.0 4152.43045 N 00119.95231 E 9 1 0 1
2021 11 06 01 13 42 23607.639  -701.313 39176.381  12.78  12.21   57  596.2 4152.43047 N 00119.95267 E 9 1 0 1
2021 11 06 01 13 43 23606.039  -700.650 39178.345  12.78  12.21   57  596.2 4152.43055 N 00119.95266 E 9 1 0 1
2021 11 06 01 13 44 23607.260  -701.576 39176.263  12.78  12.21   57  596.3 4152.43086 N 00119.95229 E 9 1 0 1
2021 11 06 01 13 45 23605.943  -700.796 39178.224  12.78  12.21   57  596.5 4152.43084 N 00119.95267 E 9 1 0 1
2021 11 06 01 13 46 23607.273  -701.603 39176.228  12.78  12.21   57  596.6 4152.43089 N 00119.95241 E 9 1 0 1
2021 11 06 01 13 47 23605.584  -700.892 39178.296  12.78  12.21   57  596.7 4152.43123 N 00119.95253 E 9 1 0 1
2021 11 06 01 13 48 23607.394  -701.417 39176.403  12.78  12.21   57  596.6 4152.43156 N 00119.95233 E 9 1 0 1
2021 11 06 01 13 49 23606.562  -700.162 39178.740  12.78  12.21   57  596.8 4152.43135 N 00119.95216 E 9 1 0 1
2021 11 06 01 13 50 23608.726  -700.628 39176.709  12.78  12.21   57  597.1 4152.43125 N 00119.95258 E 9 1 0 1
2021 11 06 01 13 51 23607.396  -699.353 39179.362  12.78  12.21   57  597.3 4152.43140 N 00119.95241 E 9 1 0 1
2021 11 06 01 13 52 23608.975  -700.358 39176.943  12.78  12.21   57  597.3 4152.43170 N 00119.95242 E 9 1 0 1
2021 11 06 01 13 53 23606.888  -699.609 39179.282  12.78  12.21   57  597.5 4152.43205 N 00119.95260 E 9 1 0 1
2021 11 06 01 13 54 23608.934  -700.195 39177.211  12.78  12.21   57  597.7 4152.43234 N 00119.95300 E 9 1 0 1
2021 11 06 01 13 55 23607.586  -699.374 39179.286  12.78  12.21   57  597.8 4152.43228 N 00119.95302 E 9 1 0 1
2021 11 06 01 13 56 23609.346  -700.039 39177.221  12.78  12.21   57  597.7 4152.43223 N 00119.95328 E 9 1 0 1
2021 11 06 01 13 57 23608.160  -699.121 39179.284  12.78  12.21   58  598.0 4152.43257 N 00119.95356 E 8 1 0 1
2021 11 06 01 13 58 23609.514  -699.965 39177.183  12.78  12.21   57  598.4 4152.43249 N 00119.95322 E 9 1 0 1
2021 11 06 01 13 59 23607.726  -699.250 39179.344  12.78  12.21   57  598.5 4152.43294 N 00119.95325 E 9 1 0 1
2021 11 06 01 14 00 23609.217  -700.039 39177.263  12.78  12.21   57  598.6 4152.43284 N 00119.95306 E 9 1 0 1
2021 11 06 01 14 01 23608.043  -699.016 39179.525  12.78  12.21   57  598.8 4152.43264 N 00119.95241 E 9 1 0 1
2021 11 06 01 14 02 23609.312  -700.211 39177.054  12.78  12.21   57  598.9 4152.43186 N 00119.95262 E 9 1 0 1
2021 11 06 01 14 03 23607.351  -699.665 39179.032  12.78  12.21   57  598.9 4152.43141 N 00119.95285 E 9 1 0 1
2021 11 06 01 14 04 23609.168  -700.134 39177.216  12.78  12.21   57  598.9 4152.43104 N 00119.95289 E 9 1 0 1
2021 11 06 01 14 05 23608.293  -698.961 39179.483  12.78  12.21   57  598.6 4152.43156 N 00119.95194 E 9 1 0 1
2021 11 06 01 14 06 23609.682  -699.828 39177.335  12.78  12.21   57  598.6 4152.43123 N 00119.95217 E 9 1 0 1
2021 11 06 01 14 07 23607.984  -699.381 39179.097  12.78  12.21   57  598.7 4152.43124 N 00119.95199 E 9 1 0 1
2021 11 06 01 14 08 23609.152  -700.111 39177.314  12.78  12.21   57  599.1 4152.43109 N 00119.95259 E 9 1 0 1
2021 11 06 01 14 09 23607.674  -699.368 39179.372  12.78  12.21   57  598.9 4152.43119 N 00119.95246 E 9 1 0 1
2021 11 06 01 14 10 23608.914  -700.387 39177.134  12.78  12.21   57  599.3 4152.43189 N 00119.95209 E 9 1 0 1
2021 11 06 01 14 11 23607.508  -699.919 39178.707  12.78  12.21   57  599.6 4152.43130 N 00119.95390 E 9 1 0 1
2021 11 06 01 14 12 23608.613  -700.735 39176.826  12.78  12.21   57  599.7 4152.43152 N 00119.95366 E 9 1 0 1
2021 11 06 01 14 13 23608.918  -701.160 39176.069  12.78  12.21   57  599.7 4152.43094 N 00119.95375 E 9 1 0 1
2021 11 06 01 14 14 23607.303  -700.276 39178.375  12.78  12.21   57  599.6 4152.43054 N 00119.95392 E 9 1 0 1
2021 11 06 01 14 15 23608.338  -700.716 39177.070  12.78  12.21   57  599.7 4152.43049 N 00119.95379 E 9 1 0 1
2021 11 06 01 14 16 23607.213  -700.287 39178.418  12.78  12.21   57  600.0 4152.43039 N 00119.95325 E 9 1 0 1
2021 11 06 01 14 17 23608.084  -701.245 39176.516  12.78  12.21   57  600.3 4152.43011 N 00119.95282 E 9 1 0 1
2021 11 06 01 14 18 23606.892  -700.706 39178.082  12.78  12.21   57  600.3 4152.43016 N 00119.95242 E 9 1 0 1
2021 11 06 01 14 19 23607.906  -701.283 39176.644  12.78  12.21   57  600.1 4152.43012 N 00119.95221 E 9 1 0 1
2021 11 06 01 14 20 23607.002  -700.805 39177.916  12.78  12.21   57  600.3 4152.43060 N 00119.95205 E 9 1 0 1
2021 11 06 01 14 21 23608.123  -701.382 39176.385  12.78  12.21   57  600.6 4152.43042 N 00119.95229 E 9 1 0 1
2021 11 06 01 14 22 23606.703  -700.856 39178.074  12.78  12.21   57  600.2 4152.43049 N 00119.95180 E 9 1 0 1
2021 11 06 01 14 23 23607.609  -701.750 39176.200  12.78  12.21   57  600.6 4152.43027 N 00119.95171 E 8 1 0 1
2021 11 06 01 14 24 23606.410  -700.920 39178.154  12.78  12.21   57  600.8 4152.43015 N 00119.95182 E 8 1 0 1
2021 11 06 01 14 25 23607.504  -701.404 39176.748  12.78  12.21   57  600.9 4152.43029 N 00119.95192 E 8 1 0 1
2021 11 06 01 14 26 23606.685  -700.849 39178.101  12.78  12.21   57  601.6 4152.42983 N 00119.95211 E 9 1 0 1
2021 11 06 01 14 27 23608.070  -701.538 39176.261  12.78  12.21   57  602.0 4152.43009 N 00119.95229 E 9 1 0 1
2021 11 06 01 14 28 23606.789  -700.661 39178.351  12.78  12.21   57  601.6 4152.43053 N 00119.95223 E 8 1 0 1
2021 11 06 01 14 29 23608.211  -701.446 39176.323  12.78  12.21   57  601.1 4152.43098 N 00119.95225 E 9 1 0 1
2021 11 06 01 14 30 23606.929  -700.636 39178.312  12.78  12.21   57  601.0 4152.43114 N 00119.95248 E 9 1 0 1
2021 11 06 01 14 31 23608.340  -701.424 39176.309  12.78  12.21   57  601.0 4152.43123 N 00119.95209 E 9 1 0 1
2021 11 06 01 14 32 23606.963  -700.533 39178.425  12.78  12.21   57  600.8 4152.43121 N 00119.95174 E 8 1 0 1
2021 11 06 01 14 33 23608.019  -701.006 39177.003  12.78  12.21   57  600.9 4152.43124 N 00119.95211 E 8 1 0 1
2021 11 06 01 14 34 23606.812  -700.275 39178.797  12.78  12.21   57  601.0 4152.43133 N 00119.95224 E 9 1 0 1
2021 11 06 01 14 35 23608.592  -701.306 39176.247  12.78  12.21   57  601.0 4152.43136 N 00119.95205 E 8 1 0 1
2021 11 06 01 14 36 23606.963  -700.418 39178.604  12.78  12.21   57  601.3 4152.43146 N 00119.95170 E 8 1 0 1
2021 11 06 01 14 37 23607.957  -701.519 39176.486  12.78  12.21   57  601.3 4152.43133 N 00119.95189 E 8 1 0 1
2021 11 06 01 14 38 23606.570  -700.907 39178.319  12.78  12.21   57  601.2 4152.43137 N 00119.95215 E 9 1 0 1
2021 11 06 01 14 39 23607.785  -701.721 39176.471  12.78  12.21   57  601.2 4152.43163 N 00119.95247 E 9 1 0 1
2021 11 06 01 14 40 23605.453  -700.808 39179.291  12.78  12.21   57  601.1 4152.43182 N 00119.95222 E 9 1 0 1
2021 11 06 01 14 41 23607.726  -702.150 39175.910  12.78  12.21   57  601.2 4152.43150 N 00119.95192 E 9 1 0 1
2021 11 06 01 14 42 23606.330  -701.366 39177.965  12.78  12.21   57  601.5 4152.43165 N 00119.95169 E 9 1 0 1
2021 11 06 01 14 43 23607.451  -702.064 39176.263  12.78  12.21   57  601.8 4152.43174 N 00119.95167 E 9 1 0 1
2021 11 06 01 14 44 23606.351  -701.467 39177.872  12.78  12.21   57  602.8 4152.43223 N 00119.95164 E 9 1 0 1
2021 11 06 01 14 45 23607.420  -702.005 39176.450  12.78  12.21   57  603.0 4152.43222 N 00119.95088 E 9 1 0 1
2021 11 06 01 14 46 23606.547  -701.392 39177.904  12.78  12.21   57  603.2 4152.43232 N 00119.95025 E 9 1 0 1
2021 11 06 01 14 47 23607.627  -701.925 39176.482  12.78  12.21   57  603.0 4152.43210 N 00119.94963 E 9 1 0 1
2021 11 06 01 14 48 23606.586  -701.360 39177.932  12.78  12.21   57  603.3 4152.43198 N 00119.94969 E 9 1 0 1
2021 11 06 01 14 49 23607.961  -702.114 39175.994  12.78  12.21   57  603.4 4152.43199 N 00119.94946 E 9 1 0 1
2021 11 06 01 14 50 23606.779  -701.355 39177.883  12.78  12.21   57  604.6 4152.43188 N 00119.94964 E 9 1 0 1
2021 11 06 01 14 51 23607.535  -702.473 39175.782  12.78  12.21   57  604.6 4152.43164 N 00119.94941 E 8 1 0 1
2021 11 06 01 14 52 23606.283  -701.852 39177.488  12.78  12.21   57  604.6 4152.43197 N 00119.94935 E 9 1 0 1
2021 11 06 01 14 53 23607.461  -702.393 39175.980  12.78  12.21   57  604.6 4152.43079 N 00119.94948 E 9 1 0 1
2021 11 06 01 14 54 23606.328  -701.675 39177.748  12.78  12.21   57  604.8 4152.43114 N 00119.94920 E 9 1 0 1
2021 11 06 01 14 55 23607.373  -702.315 39176.198  12.78  12.21   57  604.9 4152.43098 N 00119.94875 E 9 1 0 1
2021 11 06 01 14 56 23607.836  -702.796 39175.263  12.78  12.21   57  604.6 4152.43028 N 00119.94880 E 9 1 0 1
2021 11 06 01 14 57 23606.330  -701.862 39177.597  12.78  12.21   57  605.2 4152.43002 N 00119.94892 E 9 1 0 1
2021 11 06 01 14 58 23607.248  -702.242 39176.474  12.78  12.21   57  605.3 4152.43048 N 00119.94879 E 9 1 0 1
2021 11 06 01 14 59 23606.582  -701.770 39177.603  12.78  12.21   57  605.8 4152.43069 N 00119.94931 E 8 1 0 1
2021 11 06 01 15 00 23607.699  -702.051 39176.527  12.78  12.21   58  606.2 4152.43032 N 00119.94927 E 9 1 0 1
2021 11 06 01 15 01 23606.783  -701.310 39178.144  12.78  12.21   57  606.6 4152.43016 N 00119.94941 E 9 1 0 1
2021 11 06 01 15 02 23608.084  -701.985 39176.322  12.78  12.21   57  606.2 4152.42968 N 00119.94846 E 9 1 0 1
2021 11 06 01 15 03 23607.031  -701.238 39178.032  12.78  12.21   57  606.6 4152.42975 N 00119.94822 E 9 1 0 1
2021 11 06 01 15 04 23608.301  -701.827 39176.405  12.78  12.21   57  607.0 4152.42954 N 00119.94819 E 9 1 0 1
2021 11 06 01 15 05 23607.029  -701.015 39178.320  12.78  12.21   57  606.4 4152.42994 N 00119.94775 E 9 1 0 1
2021 11 06 01 15 06 23608.504  -701.724 39176.351  12.78  12.21   57  606.6 4152.42998 N 00119.94788 E 9 1 0 1
2021 11 06 01 15 07 23607.240  -700.847 39178.437  12.78  12.21   57  606.7 4152.42991 N 00119.94784 E 9 1 0 1
2021 11 06 01 15 08 23608.672  -701.545 39176.460  12.78  12.21   57  607.3 4152.43041 N 00119.94838 E 9 1 0 1
2021 11 06 01 15 09 23607.418  -700.594 39178.515  12.78  12.21   57  607.4 4152.43028 N 00119.94834 E 9 1 0 1
2021 11 06 01 15 10 23608.195  -701.000 39177.363  12.78  12.21   57  607.2 4152.43027 N 00119.94823 E 9 1 0 1
2021 11 06 01 15 11 23607.402  -700.456 39178.655  12.78  12.21   57  607.5 4152.43078 N 00119.94822 E 9 1 0 1
2021 11 06 01 15 12 23608.476  -701.457 39176.529  12.78  12.21   57  607.6 4152.43101 N 00119.94868 E 9 1 0 1
2021 11 06 01 15 13 23606.599  -700.928 39178.496  12.78  12.21   57  607.9 4152.43099 N 00119.94899 E 9 1 0 1
2021 11 06 01 15 14 23607.930  -702.017 39176.114  12.78  12.21   57  608.1 4152.43132 N 00119.94899 E 9 1 0 1
2021 11 06 01 15 15 23606.357  -701.313 39178.192  12.78  12.21   57  608.4 4152.43099 N 00119.94930 E 9 1 0 1
2021 11 06 01 15 16 23607.469  -702.211 39176.241  12.78  12.21   57  608.4 4152.43134 N 00119.94936 E 9 1 0 1
2021 11 06 01 15 17 23606.060  -701.595 39178.066  12.78  12.21   57  608.2 4152.43108 N 00119.94955 E 9 1 0 1
2021 11 06 01 15 18 23607.459  -702.465 39175.981  12.78  12.21   57  608.5 4152.43121 N 00119.94915 E 9 1 0 1
2021 11 06 01 15 19 23605.955  -701.674 39178.105  12.78  12.21   57  608.8 4152.43122 N 00119.94895 E 9 1 0 1
2021 11 06 01 15 20 23607.678  -702.741 39175.469  12.78  12.21   57  607.8 4152.43169 N 00119.94811 E 9 1 0 1
2021 11 06 01 15 21 23606.402  -701.396 39178.196  12.78  12.21   57  607.9 4152.43214 N 00119.94806 E 9 1 0 1
2021 11 06 01 15 22 23608.236  -701.965 39176.257  12.78  12.21   57  607.9 4152.43253 N 00119.94738 E 9 1 0 1
2021 11 06 01 15 23 23607.056  -701.021 39178.359  12.78  12.21   57  607.9 4152.43258 N 00119.94745 E 9 1 0 1
2021 11 06 01 15 24 23608.262  -701.658 39176.653  12.78  12.21   57  608.3 4152.43284 N 00119.94694 E 9 1 0 1
2021 11 06 01 15 25 23607.035  -700.937 39178.468  12.78  12.21   57  608.2 4152.43254 N 00119.94749 E 9 1 0 1
2021 11 06 01 15 26 23608.732  -701.764 39176.193  12.78  12.21   57  608.8 4152.43206 N 00119.94786 E 9 1 0 1
2021 11 06 01 15 27 23607.195  -700.918 39178.402  12.78  12.21   57  609.0 4152.43190 N 00119.94837 E 9 1 0 1
2021 11 06 01 15 28 23608.111  -701.563 39176.847  12.78  12.21   57  609.3 4152.43178 N 00119.94816 E 9 1 0 1
2021 11 06 01 15 29 23606.967  -700.875 39178.564  12.78  12.21   57  610.1 4152.43209 N 00119.94836 E 9 1 0 1
2021 11 06 01 15 30 23608.391  -701.507 39176.755  12.78  12.21   57  610.1 4152.43200 N 00119.94806 E 9 1 0 1
2021 11 06 01 15 31 23607.076  -700.808 39178.612  12.78  12.21   57  610.4 4152.43161 N 00119.94809 E 9 1 0 1
2021 11 06 01 15 32 23607.906  -702.095 39176.255  12.78  12.21   57  610.6 4152.43160 N 00119.94774 E 9 1 0 1
2021 11 06 01 15 33 23606.529  -701.511 39177.936  12.78  12.21   57  610.6 4152.43166 N 00119.94794 E 9 1 0 1
2021 11 06 01 15 34 23608.107  -701.891 39176.373  12.78  12.21   57  611.0 4152.43152 N 00119.94831 E 9 1 0 1
2021 11 06 01 15 35 23606.881  -701.151 39178.171  12.78  12.21   57  611.0 4152.43149 N 00119.94887 E 8 1 0 1
2021 11 06 01 15 36 23607.672  -701.642 39176.887  12.78  12.21   57  611.0 4152.43106 N 00119.94931 E 8 1 0 1
2021 11 06 01 15 37 23607.666  -700.394 39178.652  12.78  12.21   57  610.6 4152.43099 N 00119.95007 E 8 1 0 1
2021 11 06 01 15 38 23609.814  -700.348 39177.367  12.78  12.21   57  610.8 4152.43115 N 00119.95012 E 9 1 0 1
2021 11 06 01 15 39 23610.639  -700.414 39176.788  12.78  12.21   57  610.5 4152.43119 N 00119.95030 E 9 1 0 1
2021 11 06 01 15 40 23608.557  -699.544 39179.352  12.78  12.21   57  610.4 4152.43122 N 00119.95013 E 9 1 0 1
2021 11 06 01 15 41 23609.805  -699.978 39177.970  12.78  12.21   57  610.8 4152.43129 N 00119.95039 E 9 1 0 1
2021 11 06 01 15 42 23609.209  -699.375 39179.294  12.78  12.21   57  610.5 4152.43119 N 00119.95017 E 9 1 0 1
2021 11 06 01 15 43 23610.037  -700.354 39177.306  12.78  12.21   57  610.5 4152.43104 N 00119.95049 E 9 1 0 1
2021 11 06 01 15 44 23608.633  -699.678 39179.151  12.78  12.21   57  610.2 4152.43138 N 00119.95046 E 9 1 0 1
2021 11 06 01 15 45 23609.971  -700.109 39177.636  12.78  12.21   57  610.3 4152.43076 N 00119.95097 E 9 1 0 1
2021 11 06 01 15 46 23608.980  -699.527 39179.090  12.78  12.21   57  610.5 4152.43080 N 00119.95117 E 9 1 0 1
2021 11 06 01 15 47 23609.658  -700.546 39177.184  12.78  12.21   57  610.1 4152.43072 N 00119.95121 E 9 1 0 1
2021 11 06 01 15 48 23608.258  -699.892 39179.009  12.78  12.21   57  610.0 4152.43107 N 00119.95132 E 9 1 0 1
2021 11 06 01 15 49 23609.875  -700.269 39177.422  12.78  12.21   57  610.1 4152.43125 N 00119.95140 E 9 1 0 1
2021 11 06 01 15 50 23608.865  -699.532 39179.085  12.78  12.21   58  609.9 4152.43142 N 00119.95154 E 9 1 0 1
2021 11 06 01 15 51 23609.971  -700.177 39177.430  12.78  12.21   57  609.9 4152.43187 N 00119.95200 E 9 1 0 1
2021 11 06 01 15 52 23608.744  -699.451 39179.252  12.78  12.21   57  609.7 4152.43199 N 00119.95147 E 9 1 0 1
2021 11 06 01 15 53 23609.844  -699.929 39177.841  12.78  12.21   57  608.9 4152.43204 N 00119.95077 E 9 1 0 1
2021 11 06 01 15 54 23608.629  -699.246 39179.570  12.78  12.21   57  608.7 4152.43232 N 00119.95022 E 9 1 0 1
2021 11 06 01 15 55 23610.111  -700.192 39177.318  12.78  12.21   57  608.6 4152.43231 N 00119.95001 E 9 1 0 1
2021 11 06 01 15 56 23608.670  -699.402 39179.384  12.78  12.21   57  608.7 4152.43206 N 00119.95005 E 8 1 0 1
2021 11 06 01 15 57 23609.555  -700.184 39177.712  12.78  12.21   57  608.7 4152.43214 N 00119.94940 E 8 1 0 1
2021 11 06 01 15 58 23607.990  -699.847 39179.210  12.78  12.21   57  608.3 4152.43276 N 00119.94872 E 9 1 0 1
2021 11 06 01 15 59 23609.625  -700.722 39176.931  12.78  12.21   57  608.4 4152.43265 N 00119.94880 E 8 1 0 1
2021 11 06 01 16 00 23607.912  -699.950 39179.100  12.78  12.21   57  607.7 4152.43289 N 00119.94837 E 9 1 0 1
2021 11 06 01 16 01 23609.303  -700.954 39176.781  12.78  12.21   57  607.2 4152.43269 N 00119.94804 E 9 1 0 1
2021 11 06 01 16 02 23607.670  -700.118 39179.088  12.78  12.21   57  607.2 4152.43265 N 00119.94750 E 9 1 0 1
2021 11 06 01 16 03 23609.004  -700.901 39177.123  12.78  12.21   57  606.8 4152.43260 N 00119.94723 E 9 1 0 1
2021 11 06 01 16 04 23607.738  -700.136 39178.999  12.78  12.21   57  606.4 4152.43267 N 00119.94649 E 9 1 0 1
2021 11 06 01 16 05 23609.068  -700.986 39176.987  12.78  12.21   57  606.0 4152.43272 N 00119.94640 E 9 1 0 1
2021 11 06 01 16 06 23607.748  -700.223 39178.960  12.78  12.21   57  606.0 4152.43259 N 00119.94644 E 9 1 0 1
2021 11 06 01 16 07 23609.295  -701.118 39176.700  12.78  12.21   57  605.3 4152.43287 N 00119.94572 E 9 1 0 1
2021 11 06 01 16 08 23607.900  -700.183 39178.961  12.78  12.21   57  604.5 4152.43308 N 00119.94509 E 9 1 0 1
2021 11 06 01 16 09 23608.990  -700.991 39177.174  12.78  12.21   57  604.3 4152.43305 N 00119.94507 E 9 1 0 1
2021 11 06 01 16 10 23607.664  -700.296 39179.027  12.78  12.21   57  604.8 4152.43306 N 00119.94469 E 9 1 0 1
2021 11 06 01 16 11 23609.047  -700.857 39177.361  12.78  12.21   57  604.9 4152.43320 N 00119.94441 E 9 1 0 1
2021 11 06 01 16 12 23608.045  -700.226 39178.951  12.78  12.21   57  604.8 4152.43330 N 00119.94425 E 9 1 0 1
2021 11 06 01 16 13 23609.299  -701.149 39176.873  12.78  12.21   57  604.6 4152.43346 N 00119.94409 E 9 1 0 1
2021 11 06 01 16 14 23608.096  -700.341 39178.757  12.78  12.21   57  604.8 4152.43343 N 00119.94451 E 8 1 0 1
2021 11 06 01 16 15 23609.369  -700.754 39177.370  12.78  12.21   57  604.6 4152.43332 N 00119.94442 E 8 1 0 1
2021 11 06 01 16 16 23608.150  -700.246 39178.850  12.78  12.21   57  604.7 4152.43321 N 00119.94455 E 8 1 0 1
2021 11 06 01 16 17 23608.998  -700.953 39177.287  12.78  12.21   57  604.8 4152.43276 N 00119.94481 E 8 1 0 1
2021 11 06 01 16 18 23608.279  -700.208 39178.777  12.78  12.21   57  604.8 4152.43257 N 00119.94546 E 8 1 0 1
2021 11 06 01 16 19 23608.965  -700.788 39177.512  12.78  12.21   57  604.8 4152.43287 N 00119.94490 E 9 1 0 1
2021 11 06 01 16 20 23608.002  -700.454 39178.593  12.78  12.21   57  604.3 4152.43285 N 00119.94481 E 9 1 0 1
2021 11 06 01 16 21 23607.844  -700.141 39179.136  12.78  12.21   57  604.1 4152.43307 N 00119.94441 E 9 1 0 1
2021 11 06 01 16 22 23608.740  -700.827 39177.605  12.78  12.21   57  604.2 4152.43296 N 00119.94469 E 9 1 0 1
2021 11 06 01 16 23 23607.957  -700.675 39178.293  12.78  12.21   57  604.0 4152.43303 N 00119.94490 E 9 1 0 1
2021 11 06 01 16 24 23608.170  -701.479 39176.968  12.78  12.21   57  604.2 4152.43304 N 00119.94511 E 9 1 0 1
2021 11 06 01 16 25 23607.301  -701.195 39177.971  12.78  12.21   57  604.0 4152.43315 N 00119.94496 E 9 1 0 1
2021 11 06 01 16 26 23607.576  -701.756 39176.985  12.78  12.21   57  604.6 4152.43290 N 00119.94486 E 9 1 0 1
2021 11 06 01 16 27 23606.515  -701.757 39177.629  12.78  12.21   57  605.2 4152.43247 N 00119.94556 E 9 1 0 1
2021 11 06 01 16 28 23606.945  -701.943 39177.122  12.78  12.21   57  605.4 4152.43230 N 00119.94623 E 9 1 0 1
2021 11 06 01 16 29 23606.715  -701.619 39177.724  12.78  12.21   57  605.5 4152.43230 N 00119.94653 E 9 1 0 1
2021 11 06 01 16 30 23607.752  -702.107 39176.360  12.78  12.21   57  605.7 4152.43217 N 00119.94695 E 9 1 0 1
2021 11 06 01 16 31 23606.760  -701.515 39177.868  12.78  12.21   57  605.7 4152.43227 N 00119.94695 E 9 1 0 1
2021 11 06 01 16 32 23607.918  -701.887 39176.594  12.78  12.21   57  605.8 4152.43209 N 00119.94690 E 9 1 0 1
2021 11 06 01 16 33 23606.928  -701.217 39178.156  12.78  12.21   58  606.1 4152.43225 N 00119.94695 E 9 1 0 1
2021 11 06 01 16 34 23608.066  -702.203 39176.011  12.78  12.21   57  605.8 4152.43237 N 00119.94744 E 9 1 0 1
2021 11 06 01 16 35 23606.679  -701.356 39178.089  12.78  12.21   57  605.8 4152.43232 N 00119.94767 E 9 1 0 1
2021 11 06 01 16 36 23607.674  -702.000 39176.487  12.78  12.21   57  605.8 4152.43236 N 00119.94768 E 9 1 0 1
2021 11 06 01 16 37 23606.683  -701.511 39177.879  12.78  12.21   57  606.1 4152.43233 N 00119.94740 E 9 1 0 1
2021 11 06 01 16 38 23608.096  -702.157 39176.085  12.78  12.21   57  606.1 4152.43224 N 00119.94716 E 9 1 0 1
2021 11 06 01 16 39 23606.791  -701.073 39178.478  12.78  12.21   57  606.0 4152.43198 N 00119.94714 E 9 1 0 1
2021 11 06 01 16 40 23608.682  -701.899 39176.096  12.78  12.21   57  605.7 4152.43185 N 00119.94756 E 9 1 0 1
2021 11 06 01 16 41 23607.840  -701.256 39177.554  12.78  12.21   57  605.7 4152.43166 N 00119.94803 E 9 1 0 1
2021 11 06 01 16 42 23609.418  -701.836 39175.702  12.78  12.21   57  605.3 4152.43177 N 00119.94811 E 9 1 0 1
2021 11 06 01 16 43 23607.525  -700.546 39178.738  12.78  12.21   57  605.4 4152.43153 N 00119.94835 E 9 1 0 1
2021 11 06 01 16 44 23608.934  -701.184 39176.917  12.78  12.21   57  605.3 4152.43154 N 00119.94782 E 9 1 0 1
2021 11 06 01 16 45 23607.650  -700.370 39178.898  12.78  12.21   57  605.2 4152.43176 N 00119.94724 E 9 1 0 1
2021 11 06 01 16 46 23609.254  -701.251 39176.611  12.78  12.21   57  605.0 4152.43186 N 00119.94784 E 9 1 0 1
2021 11 06 01 16 47 23607.826  -700.370 39178.735  12.78  12.21   57  605.2 4152.43200 N 00119.94765 E 9 1 0 1
2021 11 06 01 16 48 23608.978  -700.973 39177.111  12.78  12.21   57  605.4 4152.43214 N 00119.94730 E 9 1 0 1
2021 11 06 01 16 49 23607.730  -700.170 39179.015  12.78  12.21   57  605.3 4152.43222 N 00119.94751 E 9 1 0 1
2021 11 06 01 16 50 23609.142  -701.023 39176.843  12.78  12.21   57  605.2 4152.43219 N 00119.94789 E 9 1 0 1
2021 11 06 01 16 51 23607.721  -700.202 39178.894  12.78  12.21   57  605.1 4152.43236 N 00119.94742 E 9 1 0 1
2021 11 06 01 16 52 23609.090  -700.999 39176.827  12.78  12.21   57  604.8 4152.43284 N 00119.94628 E 9 1 0 1
2021 11 06 01 16 53 23607.818  -700.241 39178.711  12.78  12.21   57  604.6 4152.43306 N 00119.94628 E 9 1 0 1
2021 11 06 01 16 54 23608.844  -700.883 39177.082  12.78  12.21   57  604.3 4152.43323 N 00119.94630 E 9 1 0 1
2021 11 06 01 16 55 23607.599  -700.174 39178.834  12.78  12.21   57  604.0 4152.43335 N 00119.94677 E 9 1 0 1
2021 11 06 01 16 56 23608.455  -700.678 39177.488  12.78  12.21   57  603.8 4152.43321 N 00119.94707 E 9 1 0 1
2021 11 06 01 16 57 23607.613  -700.186 39178.682  12.78  12.21   57  603.7 4152.43347 N 00119.94692 E 9 1 0 1
2021 11 06 01 16 58 23608.176  -700.530 39177.731  12.78  12.21   57  603.5 4152.43379 N 00119.94683 E 9 1 0 1
2021 11 06 01 16 59 23607.474  -700.258 39178.568  12.78  12.21   57  603.3 4152.43370 N 00119.94686 E 8 1 0 1
2021 11 06 01 17 00 23608.725  -701.025 39176.676  12.78  12.21   57  603.2 4152.43363 N 00119.94662 E 9 1 0 1
2021 11 06 01 17 01 23607.320  -700.172 39178.742  12.78  12.21   57  603.0 4152.43354 N 00119.94702 E 9 1 0 1
2021 11 06 01 17 02 23605.492  -698.932 39181.642  12.78  12.21   57  603.1 4152.43326 N 00119.94748 E 9 1 0 1
2021 11 06 01 17 03 23609.164  -700.935 39176.491  12.78  12.21   57  603.1 4152.43307 N 00119.94732 E 9 1 0 1
2021 11 06 01 17 04 23607.836  -700.194 39178.426  12.78  12.21   57  603.1 4152.43293 N 00119.94783 E 9 1 0 1
2021 11 06 01 17 05 23608.797  -700.669 39177.147  12.78  12.21   57  603.1 4152.43295 N 00119.94826 E 8 1 0 1
2021 11 06 01 17 06 23607.826  -700.033 39178.667  12.78  12.21   57  603.2 4152.43298 N 00119.94771 E 9 1 0 1
2021 11 06 01 17 07 23608.748  -700.741 39177.092  12.78  12.21   57  603.0 4152.43310 N 00119.94754 E 9 1 0 1
2021 11 06 01 17 08 23607.639  -700.141 39178.662  12.78  12.21   57  603.4 4152.43335 N 00119.94761 E 9 1 0 1
2021 11 06 01 17 09 23608.789  -700.840 39176.980  12.78  12.21   57  603.1 4152.43332 N 00119.94811 E 8 1 0 1
2021 11 06 01 17 10 23607.724  -700.268 39178.453  12.78  12.21   58  602.9 4152.43356 N 00119.94797 E 8 1 0 1
2021 11 06 01 17 11 23608.156  -700.503 39177.836  12.78  12.21   57  602.6 4152.43324 N 00119.94800 E 8 1 0 1
2021 11 06 01 17 12 23607.449  -700.292 39178.552  12.78  12.21   57  602.7 4152.43333 N 00119.94787 E 9 1 0 1
2021 11 06 01 17 13 23608.514  -700.610 39177.473  12.78  12.21   57  602.6 4152.43339 N 00119.94797 E 9 1 0 1
2021 11 06 01 17 14 23607.992  -699.773 39178.979  12.78  12.21   57  602.7 4152.43342 N 00119.94703 E 9 1 0 1
2021 11 06 01 17 15 23609.477  -700.373 39177.158  12.78  12.21   57  602.6 4152.43358 N 00119.94675 E 9 1 0 1
2021 11 06 01 17 16 23608.228  -699.576 39179.092  12.78  12.21   57  602.7 4152.43366 N 00119.94657 E 8 1 0 1
2021 11 06 01 17 17 23609.684  -700.227 39177.272  12.78  12.21   57  602.7 4152.43380 N 00119.94630 E 8 1 0 1
2021 11 06 01 17 18 23608.314  -699.479 39179.186  12.78  12.21   57  602.9 4152.43378 N 00119.94606 E 9 1 0 1
2021 11 06 01 17 19 23609.885  -700.023 39177.412  12.78  12.21   57  602.7 4152.43405 N 00119.94568 E 9 1 0 1
2021 11 06 01 17 20 23609.031  -698.754 39179.757  12.78  12.21   57  601.7 4152.43439 N 00119.94533 E 9 1 0 1
2021 11 06 01 17 21 23610.408  -699.535 39177.749  12.78  12.21   57  601.4 4152.43475 N 00119.94498 E 9 1 0 1
2021 11 06 01 17 22 23608.812  -698.736 39179.869  12.78  12.21   57  601.2 4152.43523 N 00119.94471 E 9 1 0 1
2021 11 06 01 17 23 23610.379  -699.587 39177.651  12.78  12.21   57  600.9 4152.43524 N 00119.94446 E 9 1 0 1
2021 11 06 01 17 24 23608.680  -699.038 39179.495  12.78  12.21   57  600.2 4152.43546 N 00119.94430 E 9 1 0 1
2021 11 06 01 17 25 23609.330  -699.976 39177.697  12.78  12.21   57  599.9 4152.43563 N 00119.94420 E 9 1 0 1
2021 11 06 01 17 26 23607.779  -699.417 39179.471  12.78  12.21   57  599.7 4152.43569 N 00119.94457 E 8 1 0 1
2021 11 06 01 17 27 23609.500  -700.525 39176.768  12.78  12.21   57  599.1 4152.43610 N 00119.94418 E 8 1 0 1
2021 11 06 01 17 28 23607.861  -699.589 39179.098  12.78  12.21   57  598.6 4152.43593 N 00119.94473 E 9 1 0 1
2021 11 06 01 17 29 23609.021  -700.538 39177.054  12.78  12.21   57  598.5 4152.43598 N 00119.94430 E 9 1 0 1
2021 11 06 01 17 30 23607.412  -700.037 39178.730  12.78  12.21   57  597.8 4152.43628 N 00119.94389 E 9 1 0 1
2021 11 06 01 17 31 23608.625  -700.942 39176.651  12.78  12.21   57  597.2 4152.43623 N 00119.94414 E 9 1 0 1
2021 11 06 01 17 32 23607.144  -699.878 39179.059  12.78  12.21   57  597.1 4152.43626 N 00119.94361 E 9 1 0 1
2021 11 06 01 17 33 23608.599  -700.872 39176.701  12.78  12.21   57  596.8 4152.43660 N 00119.94327 E 9 1 0 1
2021 11 06 01 17 34 23607.336  -700.097 39178.585  12.78  12.21   57  596.6 4152.43699 N 00119.94252 E 9 1 0 1
2021 11 06 01 17 35 23608.340  -700.571 39177.190  12.78  12.21   57  596.4 4152.43698 N 00119.94242 E 8 1 0 1
2021 11 06 01 17 36 23607.170  -700.040 39178.615  12.78  12.21   57  596.5 4152.43666 N 00119.94259 E 8 1 0 1
2021 11 06 01 17 37 23608.797  -700.478 39176.923  12.78  12.21   57  596.3 4152.43661 N 00119.94266 E 9 1 0 1
2021 11 06 01 17 38 23607.680  -699.559 39178.881  12.78  12.21   57  596.1 4152.43640 N 00119.94306 E 9 1 0 1
2021 11 06 01 17 39 23609.240  -700.171 39176.955  12.78  12.21   57  595.6 4152.43620 N 00119.94417 E 9 1 0 1
2021 11 06 01 17 40 23607.853  -699.554 39178.675  12.78  12.21   57  595.2 4152.43642 N 00119.94465 E 9 1 0 1
2021 11 06 01 17 41 23608.279  -699.853 39177.884  12.78  12.21   57  595.1 4152.43673 N 00119.94466 E 9 1 0 1
2021 11 06 01 17 42 23607.896  -699.356 39178.764  12.78  12.21   57  594.9 4152.43678 N 00119.94478 E 7 1 0 1
2021 11 06 01 17 43 23608.889  -699.667 39177.692  12.78  12.21   57  594.7 4152.43676 N 00119.94517 E 9 1 0 1
2021 11 06 01 17 44 23607.861  -699.384 39178.717  12.78  12.21   57  594.3 4152.43689 N 00119.94511 E 9 1 0 1
2021 11 06 01 17 45 23608.715  -699.900 39177.399  12.78  12.21   57  594.0 4152.43702 N 00119.94444 E 7 1 0 1
2021 11 06 01 17 46 23608.939  -700.546 39176.268  12.78  12.21   57  593.7 4152.43720 N 00119.94385 E 8 1 0 1
2021 11 06 01 17 47 23607.517  -700.069 39177.825  12.78  12.21   58  593.9 4152.43710 N 00119.94489 E 9 1 0 1
2021 11 06 01 17 48 23608.099  -700.148 39177.275  12.78  12.21   57  593.8 4152.43682 N 00119.94521 E 9 1 0 1
2021 11 06 01 17 49 23607.361  -699.692 39178.360  12.78  12.21   57  593.5 4152.43695 N 00119.94483 E 9 1 0 1
2021 11 06 01 17 50 23608.365  -700.409 39176.658  12.78  12.21   57  593.0 4152.43717 N 00119.94477 E 9 1 0 1
2021 11 06 01 17 51 23607.303  -699.680 39178.399  12.78  12.21   57  592.9 4152.43703 N 00119.94476 E 9 1 0 1
2021 11 06 01 17 52 23608.123  -699.964 39177.395  12.78  12.21   57  592.6 4152.43720 N 00119.94370 E 9 1 0 1
2021 11 06 01 17 53 23606.972  -699.515 39178.735  12.78  12.21   57  592.8 4152.43769 N 00119.94202 E 8 1 0 1
2021 11 06 01 17 54 23608.308  -700.306 39176.754  12.78  12.21   57  592.0 4152.43748 N 00119.94268 E 8 1 0 1
2021 11 06 01 17 55 23607.246  -699.402 39178.701  12.78  12.21   57  591.5 4152.43753 N 00119.94273 E 9 1 0 1
2021 11 06 01 17 56 23608.613  -699.957 39177.031  12.78  12.21   57  591.8 4152.43726 N 00119.94375 E 9 1 0 1
2021 11 06 01 17 57 23607.603  -699.167 39178.780  12.78  12.21   57  591.4 4152.43698 N 00119.94400 E 9 1 0 1
2021 11 06 01 17 58 23608.971  -699.524 39177.422  12.78  12.21   57  590.8 4152.43707 N 00119.94399 E 9 1 0 1
2021 11 06 01 17 59 23608.117  -698.574 39179.276  12.78  12.21   57  591.0 4152.43713 N 00119.94397 E 9 1 0 1
2021 11 06 01 18 00 23609.309  -699.244 39177.493  12.78  12.21   57  590.5 4152.43700 N 00119.94424 E 9 1 0 1
2021 11 06 01 18 01 23607.941  -698.657 39179.217  12.78  12.21   57  590.1 4152.43710 N 00119.94466 E 9 1 0 1
2021 11 06 01 18 02 23609.258  -699.443 39177.209  12.78  12.21   57  589.1 4152.43734 N 00119.94437 E 9 1 0 1
2021 11 06 01 18 03 23607.523  -698.925 39179.048  12.78  12.21   57  588.7 4152.43711 N 00119.94490 E 9 1 0 1
2021 11 06 01 18 04 23608.451  -699.824 39177.096  12.78  12.21   57  588.3 4152.43689 N 00119.94501 E 8 1 0 1
2021 11 06 01 18 05 23606.953  -699.393 39178.664  12.78  12.21   57  587.9 4152.43666 N 00119.94529 E 9 1 0 1
2021 11 06 01 18 06 23608.223  -700.115 39176.772  12.78  12.21   57  587.2 4152.43674 N 00119.94481 E 8 1 0 1
2021 11 06 01 18 07 23607.117  -699.080 39178.948  12.78  12.21   57  586.5 4152.43659 N 00119.94479 E 9 1 0 1
2021 11 06 01 18 08 23608.889  -699.850 39176.697  12.78  12.21   57  586.1 4152.43610 N 00119.94522 E 9 1 0 1
2021 11 06 01 18 09 23607.084  -699.058 39178.955  12.78  12.21   57  585.3 4152.43594 N 00119.94556 E 8 1 0 1
2021 11 06 01 18 10 23608.357  -699.920 39176.877  12.78  12.21   57  584.5 4152.43561 N 00119.94651 E 9 1 0 1
2021 11 06 01 18 11 23606.806  -699.090 39179.047  12.78  12.21   57  583.8 4152.43573 N 00119.94623 E 9 1 0 1
2021 11 06 01 18 12 23608.006  -699.733 39177.283  12.78  12.21   57  583.6 4152.43582 N 00119.94623 E 9 1 0 1
2021 11 06 01 18 13 23606.666  -699.317 39178.743  12.78  12.21   57  583.4 4152.43572 N 00119.94659 E 9 1 0 1
2021 11 06 01 18 14 23608.320  -700.260 39176.309  12.78  12.21   57  583.1 4152.43553 N 00119.94693 E 9 1 0 1
2021 11 06 01 18 15 23606.574  -699.298 39178.707  12.78  12.21   57  583.0 4152.43535 N 00119.94689 E 9 1 0 1
2021 11 06 01 18 16 23608.000  -700.082 39176.657  12.78  12.21   57  582.8 4152.43533 N 00119.94668 E 8 1 0 1
2021 11 06 01 18 17 23606.627  -699.121 39178.882  12.78  12.21   57  582.3 4152.43548 N 00119.94589 E 9 1 0 1
2021 11 06 01 18 18 23608.185  -699.955 39176.653  12.78  12.21   57  581.7 4152.43550 N 00119.94610 E 9 1 0 1
2021 11 06 01 18 19 23606.582  -699.005 39179.006  12.78  12.21   57  581.3 4152.43564 N 00119.94551 E 9 1 0 1
2021 11 06 01 18 20 23608.051  -699.805 39176.897  12.78  12.21   57  581.3 4152.43535 N 00119.94598 E 8 1 0 1
2021 11 06 01 18 21 23606.881  -699.114 39178.587  12.78  12.21   57  581.1 4152.43555 N 00119.94537 E 8 1 0 1
2021 11 06 01 18 22 23608.154  -699.790 39176.765  12.78  12.21   57  580.4 4152.43643 N 00119.94336 E 9 1 0 1
2021 11 06 01 18 23 23606.826  -698.999 39178.707  12.78  12.21   57  580.2 4152.43630 N 00119.94416 E 8 1 0 1
2021 11 06 01 18 24 23608.131  -699.555 39177.021  12.78  12.21   57  579.8 4152.43640 N 00119.94428 E 8 1 0 1
2021 11 06 01 18 25 23606.877  -698.575 39179.087  12.78  12.21   57  579.6 4152.43632 N 00119.94470 E 8 1 0 1
2021 11 06 01 18 26 23608.162  -699.202 39177.281  12.78  12.21   57  579.3 4152.43649 N 00119.94418 E 9 1 0 1
2021 11 06 01 18 27 23606.978  -698.428 39179.115  12.78  12.21   57  578.8 4152.43675 N 00119.94331 E 9 1 0 1
2021 11 06 01 18 28 23608.135  -699.214 39177.273  12.78  12.21   57  579.0 4152.43719 N 00119.94228 E 9 1 0 1
2021 11 06 01 18 29 23608.568  -699.511 39176.559  12.78  12.21   57  579.4 4152.43731 N 00119.94166 E 8 1 0 1
2021 11 06 01 18 30 23607.058  -698.648 39178.726  12.78  12.21   57  579.5 4152.43717 N 00119.94160 E 8 1 0 1
2021 11 06 01 18 31 23607.984  -699.292 39177.147  12.78  12.21   57  579.7 4152.43721 N 00119.94142 E 9 1 0 1
2021 11 06 01 18 32 23606.830  -698.669 39178.709  12.78  12.21   57  580.1 4152.43714 N 00119.94110 E 9 1 0 1
2021 11 06 01 18 33 23607.834  -699.301 39177.127  12.78  12.21   57  580.6 4152.43695 N 00119.94207 E 9 1 0 1
2021 11 06 01 18 34 23606.908  -698.730 39178.499  12.78  12.21   57  581.0 4152.43682 N 00119.94234 E 9 1 0 1
2021 11 06 01 18 35 23607.799  -699.159 39177.219  12.78  12.21   57  580.6 4152.43728 N 00119.94241 E 9 1 0 1
2021 11 06 01 18 36 23606.752  -698.480 39178.785  12.78  12.21   57  581.1 4152.43730 N 00119.94223 E 9 1 0 1
2021 11 06 01 18 37 23607.789  -699.086 39177.164  12.78  12.21   57  581.3 4152.43759 N 00119.94206 E 9 1 0 1
2021 11 06 01 18 38 23606.693  -698.502 39178.668  12.78  12.21   57  581.3 4152.43763 N 00119.94200 E 9 1 0 1
2021 11 06 01 18 39 23607.826  -699.183 39176.899  12.78  12.21   57  581.5 4152.43776 N 00119.94172 E 9 1 0 1
2021 11 06 01 18 40 23606.500  -698.404 39178.771  12.78  12.21   57  582.0 4152.43739 N 00119.94230 E 9 1 0 1
2021 11 06 01 18 41 23607.752  -699.121 39176.891  12.78  12.21   57  581.6 4152.43756 N 00119.94270 E 9 1 0 1
2021 11 06 01 18 42 23605.488  -697.746 39180.157  12.78  12.21   57  581.9 4152.43757 N 00119.94245 E 9 1 0 1
2021 11 06 01 18 43 23607.633  -699.017 39176.944  12.78  12.21   57  582.6 4152.43745 N 00119.94211 E 9 1 0 1
2021 11 06 01 18 44 23606.347  -698.332 39178.707  12.78  12.21   57  583.2 4152.43744 N 00119.94207 E 9 1 0 1
2021 11 06 01 18 45 23607.773  -698.824 39177.029  12.77  12.21   57  583.8 4152.43734 N 00119.94224 E 9 1 0 1
2021 11 06 01 18 46 23606.230  -698.127 39178.951  12.77  12.21   57  584.0 4152.43733 N 00119.94224 E 9 1 0 1
2021 11 06 01 18 47 23607.185  -699.113 39176.808  12.77  12.21   57  584.7 4152.43688 N 00119.94247 E 9 1 0 1
2021 11 06 01 18 48 23605.814  -698.252 39178.859  12.77  12.21   58  585.1 4152.43661 N 00119.94292 E 9 1 0 1
2021 11 06 01 18 49 23607.238  -698.940 39176.835  12.77  12.21   57  585.8 4152.43633 N 00119.94307 E 9 1 0 1
2021 11 06 01 18 50 23605.826  -698.031 39178.982  12.78  12.21   57  586.2 4152.43655 N 00119.94344 E 9 1 0 1
2021 11 06 01 18 51 23607.355  -698.929 39176.644  12.77  12.21   57  586.5 4152.43626 N 00119.94449 E 9 1 0 1
2021 11 06 01 18 52 23605.717  -697.963 39179.036  12.77  12.21   57  587.0 4152.43621 N 00119.94476 E 9 1 0 1
2021 11 06 01 18 53 23607.205  -698.737 39176.903  12.77  12.21   57  587.5 4152.43600 N 00119.94468 E 8 1 0 1
2021 11 06 01 18 54 23605.699  -697.778 39179.148  12.77  12.21   57  587.6 4152.43594 N 00119.94461 E 8 1 0 1
2021 11 06 01 18 55 23607.179  -698.730 39176.747  12.77  12.21   57  587.9 4152.43581 N 00119.94502 E 8 1 0 1
2021 11 06 01 18 56 23605.707  -697.761 39178.991  12.77  12.21   57  588.2 4152.43610 N 00119.94516 E 9 1 0 1
2021 11 06 01 18 57 23607.215  -698.497 39176.918  12.77  12.21   57  588.8 4152.43613 N 00119.94463 E 8 1 0 1
2021 11 06 01 18 58 23605.709  -697.491 39179.259  12.77  12.21   57  589.1 4152.43625 N 00119.94455 E 8 1 0 1
2021 11 06 01 18 59 23607.068  -698.325 39177.118  12.77  12.21   57  589.7 4152.43623 N 00119.94440 E 9 1 0 1
2021 11 06 01 19 00 23605.482  -697.537 39179.183  12.77  12.21   57  589.9 4152.43633 N 00119.94411 E 8 1 0 1
2021 11 06 01 19 01 23607.062  -698.225 39177.102  12.77  12.21   58  590.1 4152.43631 N 00119.94420 E 8 1 0 1
2021 11 06 01 19 02 23605.621  -697.457 39179.039  12.77  12.21   57  590.5 4152.43630 N 00119.94494 E 9 1 0 1
2021 11 06 01 19 03 23606.496  -698.090 39177.495  12.77  12.21   57  590.7 4152.43631 N 00119.94504 E 9 1 0 1
2021 11 06 01 19 04 23605.420  -697.601 39178.832  12.77  12.21   57  591.1 4152.43631 N 00119.94484 E 9 1 0 1
2021 11 06 01 19 05 23606.699  -697.995 39177.352  12.77  12.21   57  591.9 4152.43616 N 00119.94420 E 8 1 0 1
2021 11 06 01 19 06 23605.738  -696.982 39179.361  12.77  12.21   57  592.5 4152.43588 N 00119.94436 E 8 1 0 1
2021 11 06 01 19 07 23607.023  -697.710 39177.384  12.77  12.21   57  592.8 4152.43584 N 00119.94421 E 9 1 0 1
2021 11 06 01 19 08 23605.724  -697.138 39178.976  12.77  12.21   57  593.3 4152.43567 N 00119.94464 E 9 1 0 1
2021 11 06 01 19 09 23606.207  -698.071 39177.239  12.77  12.21   57  594.0 4152.43563 N 00119.94520 E 10 1 0 1
2021 11 06 01 19 10 23604.673  -697.858 39178.433  12.77  12.21   57  594.3 4152.43551 N 00119.94565 E 10 1 0 1
2021 11 06 01 19 11 23605.468  -698.703 39176.629  12.77  12.21   57  594.5 4152.43540 N 00119.94603 E 10 1 0 1
2021 11 06 01 19 12 23605.129  -698.560 39176.988  12.77  12.21   57  595.3 4152.43529 N 00119.94628 E 10 1 0 1
2021 11 06 01 19 13 23604.277  -697.975 39178.275  12.77  12.21   57  595.8 4152.43501 N 00119.94638 E 10 1 0 1
2021 11 06 01 19 14 23604.875  -698.460 39177.119  12.77  12.21   57  596.3 4152.43478 N 00119.94648 E 10 1 0 1
2021 11 06 01 19 15 23603.896  -698.220 39177.977  12.77  12.21   57  596.6 4152.43477 N 00119.94656 E 10 1 0 1
2021 11 06 01 19 16 23604.695  -698.936 39176.308  12.77  12.21   57  596.6 4152.43470 N 00119.94688 E 10 1 0 1
2021 11 06 01 19 17 23603.613  -698.183 39178.002  12.77  12.21   57  597.5 4152.43460 N 00119.94643 E 9 1 0 1
2021 11 06 01 19 18 23605.191  -698.495 39176.457  12.77  12.21   57  598.1 4152.43456 N 00119.94629 E 10 1 0 1
2021 11 06 01 19 19 23603.957  -697.786 39178.150  12.77  12.21   57  598.6 4152.43442 N 00119.94631 E 10 1 0 1
2021 11 06 01 19 20 23605.015  -698.367 39176.557  12.77  12.21   57  599.1 4152.43452 N 00119.94617 E 9 1 0 1
2021 11 06 01 19 21 23604.002  -697.551 39178.239  12.77  12.21   57  599.1 4152.43457 N 00119.94640 E 10 1 0 1
2021 11 06 01 19 22 23605.172  -698.176 39176.541  12.77  12.21   57  599.4 4152.43457 N 00119.94645 E 10 1 0 1
2021 11 06 01 19 23 23603.535  -697.604 39178.298  12.77  12.21   57  599.5 4152.43459 N 00119.94674 E 10 1 0 1
2021 11 06 01 19 24 23604.670  -698.463 39176.250  12.77  12.21   57  599.9 4152.43453 N 00119.94677 E 10 1 0 1
2021 11 06 01 19 25 23603.365  -697.645 39178.180  12.77  12.21   57  600.1 4152.43451 N 00119.94669 E 10 1 0 1
2021 11 06 01 19 26 23604.718  -698.074 39176.599  12.77  12.21   57  600.4 4152.43420 N 00119.94653 E 10 1 0 1
2021 11 06 01 19 27 23603.527  -697.315 39178.398  12.77  12.21   57  600.8 4152.43421 N 00119.94643 E 10 1 0 1
2021 11 06 01 19 28 23604.705  -698.287 39176.202  12.77  12.21   57  601.1 4152.43394 N 00119.94636 E 10 1 0 1
2021 11 06 01 19 29 23603.365  -697.197 39178.540  12.77  12.21   57  601.4 4152.43411 N 00119.94619 E 10 1 0 1
2021 11 06 01 19 30 23604.910  -697.904 39176.482  12.77  12.21   57  601.3 4152.43414 N 00119.94642 E 10 1 0 1
2021 11 06 01 19 31 23603.408  -697.068 39178.555  12.77  12.21   57  601.5 4152.43415 N 00119.94622 E 10 1 0 1
2021 11 06 01 19 32 23604.789  -697.885 39176.509  12.77  12.21   57  601.8 4152.43411 N 00119.94594 E 10 1 0 1
2021 11 06 01 19 33 23603.164  -697.029 39178.678  12.77  12.21   57  602.0 4152.43403 N 00119.94582 E 10 1 0 1
2021 11 06 01 19 34 23604.974  -697.893 39176.287  12.77  12.21   57  602.1 4152.43406 N 00119.94556 E 10 1 0 1
2021 11 06 01 19 35 23603.320  -697.006 39178.578  12.77  12.21   57  602.2 4152.43422 N 00119.94554 E 10 1 0 1
2021 11 06 01 19 36 23604.773  -697.857 39176.376  12.77  12.21   57  602.3 4152.43427 N 00119.94551 E 10 1 0 1
2021 11 06 01 19 37 23603.093  -697.098 39178.526  12.77  12.21   57  602.2 4152.43435 N 00119.94548 E 10 1 0 1
2021 11 06 01 19 38 23604.652  -698.031 39176.161  12.77  12.21   57  602.2 4152.43458 N 00119.94538 E 9 1 0 1
2021 11 06 01 19 39 23603.003  -697.190 39178.377  12.77  12.21   57  602.4 4152.43459 N 00119.94538 E 10 1 0 1
2021 11 06 01 19 40 23604.435  -698.021 39176.261  12.77  12.21   57  602.4 4152.43461 N 00119.94519 E 10 1 0 1
2021 11 06 01 19 41 23603.175  -697.039 39178.444  12.77  12.21   57  602.7 4152.43459 N 00119.94511 E 10 1 0 1
2021 11 06 01 19 42 23603.523  -697.714 39177.229  12.77  12.21   57  602.8 4152.43456 N 00119.94504 E 10 1 0 1
2021 11 06 01 19 43 23602.652  -697.455 39178.154  12.77  12.21   57  603.0 4152.43466 N 00119.94512 E 10 1 0 1
2021 11 06 01 19 44 23603.773  -698.140 39176.468  12.77  12.21   57  603.3 4152.43461 N 00119.94526 E 10 1 0 1
2021 11 06 01 19 45 23602.773  -697.438 39178.116  12.77  12.21   57  603.4 4152.43467 N 00119.94540 E 10 1 0 1
2021 11 06 01 19 46 23604.168  -698.148 39176.193  12.77  12.21   57  603.5 4152.43456 N 00119.94530 E 10 1 0 1
2021 11 06 01 19 47 23602.703  -697.341 39178.255  12.77  12.21   57  603.0 4152.43479 N 00119.94569 E 9 1 0 1
2021 11 06 01 19 48 23604.078  -698.012 39176.414  12.77  12.21   57  603.0 4152.43495 N 00119.94564 E 9 1 0 1
2021 11 06 01 19 49 23602.992  -697.283 39178.058  12.77  12.21   57  603.3 4152.43489 N 00119.94552 E 9 1 0 1
2021 11 06 01 19 50 23604.326  -697.919 39176.267  12.77  12.21   57  603.2 4152.43502 N 00119.94559 E 10 1 0 1
2021 11 06 01 19 51 23603.060  -697.134 39178.182  12.77  12.21   57  602.8 4152.43500 N 00119.94578 E 10 1 0 1
2021 11 06 01 19 52 23604.093  -697.773 39176.557  12.77  12.21   56  602.3 4152.43512 N 00119.94599 E 10 1 0 1
2021 11 06 01 19 53 23602.857  -697.014 39178.387  12.77  12.21   57  602.7 4152.43527 N 00119.94553 E 10 1 0 1
2021 11 06 01 19 54 23604.136  -697.673 39176.604  12.77  12.21   57  602.3 4152.43556 N 00119.94577 E 10 1 0 1
2021 11 06 01 19 55 23605.134  -697.806 39175.757  12.77  12.21   58  602.5 4152.43570 N 00119.94595 E 9 1 0 1
2021 11 06 01 19 56 23603.880  -696.523 39178.372  12.77  12.21   57  602.2 4152.43566 N 00119.94635 E 10 1 0 1
2021 11 06 01 19 57 23604.830  -697.116 39176.863  12.77  12.21   57  602.1 4152.43589 N 00119.94654 E 10 1 0 1
2021 11 06 01 19 58 23603.793  -696.440 39178.460  12.77  12.21   57  601.9 4152.43585 N 00119.94681 E 10 1 0 1
2021 11 06 01 19 59 23605.043  -697.051 39176.786  12.77  12.21   57  601.6 4152.43591 N 00119.94715 E 10 1 0 1
2021 11 06 01 20 00 23603.884  -696.426 39178.453  12.77  12.21   57  601.6 4152.43586 N 00119.94725 E 10 1 0 1
2021 11 06 01 20 01 23604.632  -697.317 39176.660  12.77  12.21   57  601.6 4152.43613 N 00119.94726 E 10 1 0 1
2021 11 06 01 20 02 23603.250  -696.786 39178.256  12.77  12.21   57  601.5 4152.43603 N 00119.94756 E 9 1 0 1
2021 11 06 01 20 03 23604.476  -697.528 39176.430  12.77  12.21   57  601.7 4152.43597 N 00119.94761 E 9 1 0 1
2021 11 06 01 20 04 23603.119  -696.795 39178.344  12.77  12.21   57  601.8 4152.43612 N 00119.94766 E 9 1 0 1
2021 11 06 01 20 05 23604.353  -697.536 39176.487  12.77  12.21   57  601.8 4152.43627 N 00119.94768 E 9 1 0 1
2021 11 06 01 20 06 23603.146  -696.845 39178.279  12.77  12.21   57  601.1 4152.43645 N 00119.94837 E 9 1 0 1
2021 11 06 01 20 07 23604.560  -697.610 39176.275  12.77  12.21   57  600.9 4152.43666 N 00119.94863 E 10 1 0 1
2021 11 06 01 20 08 23603.300  -696.763 39178.287  12.77  12.21   57  600.7 4152.43662 N 00119.94906 E 10 1 0 1
2021 11 06 01 20 09 23604.427  -697.559 39176.367  12.77  12.21   57  600.7 4152.43671 N 00119.94930 E 10 1 0 1
2021 11 06 01 20 10 23603.156  -696.765 39178.345  12.77  12.21   57  601.3 4152.43680 N 00119.94919 E 10 1 0 1
2021 11 06 01 20 11 23604.562  -697.714 39176.076  12.77  12.21   57  601.3 4152.43699 N 00119.94914 E 10 1 0 1
2021 11 06 01 20 12 23602.582  -696.617 39178.863  12.77  12.21   57  601.3 4152.43686 N 00119.94926 E 10 1 0 1
2021 11 06 01 20 13 23604.043  -697.569 39176.540  12.77  12.21   57  601.4 4152.43689 N 00119.94904 E 10 1 0 1
2021 11 06 01 20 14 23602.808  -696.983 39178.183  12.77  12.21   57  601.3 4152.43687 N 00119.94913 E 10 1 0 1
2021 11 06 01 20 15 23603.683  -698.497 39175.473  12.77  12.21   58  601.5 4152.43688 N 00119.94884 E 10 1 0 1
2021 11 06 01 20 16 23601.951  -697.628 39177.771  12.77  12.21   57  601.4 4152.43678 N 00119.94879 E 10 1 0 1
2021 11 06 01 20 17 23603.380  -698.491 39175.596  12.77  12.21   57  600.9 4152.43649 N 00119.94855 E 10 1 0 1
2021 11 06 01 20 18 23601.962  -697.578 39177.798  12.77  12.21   57  600.7 4152.43645 N 00119.94854 E 10 1 0 1
2021 11 06 01 20 19 23603.455  -698.651 39175.344  12.77  12.21   58  600.8 4152.43638 N 00119.94851 E 10 1 0 1
2021 11 06 01 20 20 23601.748  -697.753 39177.657  12.77  12.21   57  600.3 4152.43641 N 00119.94850 E 10 1 0 1
2021 11 06 01 20 21 23603.545  -698.551 39175.336  12.77  12.21   57  600.0 4152.43639 N 00119.94827 E 10 1 0 1
2021 11 06 01 20 22 23601.843  -697.698 39177.638  12.77  12.21   57  600.5 4152.43678 N 00119.94836 E 10 1 0 1
2021 11 06 01 20 23 23603.353  -698.653 39175.359  12.77  12.21   57  600.3 4152.43677 N 00119.94859 E 10 1 0 1
2021 11 06 01 20 24 23602.000  -697.718 39177.530  12.77  12.21   57  600.4 4152.43665 N 00119.94891 E 10 1 0 1
2021 11 06 01 20 25 23603.425  -698.656 39175.285  12.77  12.21   58  600.3 4152.43657 N 00119.94852 E 10 1 0 1
2021 11 06 01 20 26 23601.919  -697.871 39177.354  12.77  12.21   57  600.8 4152.43624 N 00119.94815 E 10 1 0 1
2021 11 06 01 20 27 23603.486  -698.477 39175.483  12.77  12.21   57  600.5 4152.43640 N 00119.94790 E 10 1 0 1
2021 11 06 01 20 28 23602.222  -697.512 39177.667  12.77  12.21   57  600.8 4152.43620 N 00119.94788 E 10 1 0 1
2021 11 06 01 20 29 23603.806  -698.204 39175.703  12.77  12.21   57  601.2 4152.43608 N 00119.94784 E 10 1 0 1
2021 11 06 01 20 30 23602.632  -697.261 39177.805  12.77  12.21   57  601.6 4152.43623 N 00119.94746 E 10 1 0 1
2021 11 06 01 20 31 23603.927  -698.094 39175.781  12.77  12.21   57  601.7 4152.43603 N 00119.94708 E 10 1 0 1
2021 11 06 01 20 32 23602.480  -697.380 39177.707  12.77  12.21   57  601.8 4152.43596 N 00119.94673 E 10 1 0 1
2021 11 06 01 20 33 23603.851  -698.073 39175.839  12.77  12.21   57  602.8 4152.43577 N 00119.94622 E 10 1 0 1
2021 11 06 01 20 34 23602.521  -697.338 39177.758  12.77  12.21   57  602.2 4152.43553 N 00119.94590 E 10 1 0 1
2021 11 06 01 20 35 23603.744  -698.145 39175.839  12.77  12.21   57  602.4 4152.43569 N 00119.94511 E 9 1 0 1
2021 11 06 01 20 36 23602.628  -697.421 39177.587  12.77  12.21   57  601.9 4152.43548 N 00119.94542 E 10 1 0 1
2021 11 06 01 20 37 23602.185  -697.098 39178.351  12.77  12.21   57  601.4 4152.43543 N 00119.94571 E 10 1 0 1
2021 11 06 01 20 38 23603.343  -697.823 39176.587  12.77  12.21   57  601.5 4152.43517 N 00119.94599 E 10 1 0 1
2021 11 06 01 20 39 23602.962  -697.343 39177.527  12.77  12.21   57  601.6 4152.43511 N 00119.94597 E 10 1 0 1
2021 11 06 01 20 40 23603.927  -697.856 39176.147  12.77  12.21   57  602.0 4152.43536 N 00119.94555 E 10 1 0 1
2021 11 06 01 20 41 23602.884  -697.426 39177.425  12.77  12.21   57  601.9 4152.43528 N 00119.94570 E 10 1 0 1
2021 11 06 01 20 42 23603.791  -698.106 39175.878  12.77  12.21   57  601.6 4152.43545 N 00119.94568 E 10 1 0 1
2021 11 06 01 20 43 23603.511  -697.672 39176.658  12.77  12.21   57  601.8 4152.43601 N 00119.94589 E 10 1 0 1
2021 11 06 01 20 44 23604.715  -698.161 39175.186  12.77  12.21   57  601.5 4152.43624 N 00119.94628 E 10 1 0 1
2021 11 06 01 20 45 23602.750  -697.313 39177.658  12.77  12.21   57  601.7 4152.43629 N 00119.94631 E 10 1 0 1
2021 11 06 01 20 46 23604.107  -698.126 39175.669  12.77  12.21   57  602.1 4152.43603 N 00119.94635 E 10 1 0 1
2021 11 06 01 20 47 23603.162  -697.133 39177.699  12.77  12.21   57  601.6 4152.43568 N 00119.94612 E 10 1 0 1
2021 11 06 01 20 48 23604.662  -697.666 39175.983  12.77  12.21   57  600.6 4152.43561 N 00119.94603 E 10 1 0 1
2021 11 06 01 20 49 23603.552  -696.851 39177.875  12.77  12.21   57  600.2 4152.43566 N 00119.94630 E 10 1 0 1
2021 11 06 01 20 50 23604.910  -697.475 39176.105  12.77  12.21   57  600.3 4152.43578 N 00119.94581 E 10 1 0 1
2021 11 06 01 20 51 23603.472  -696.831 39177.972  12.77  12.21   57  600.6 4152.43573 N 00119.94569 E 10 1 0 1
2021 11 06 01 20 52 23604.464  -697.890 39175.807  12.77  12.21   57  600.7 4152.43561 N 00119.94547 E 10 1 0 1
2021 11 06 01 20 53 23602.888  -697.283 39177.662  12.77  12.21   57  600.5 4152.43577 N 00119.94533 E 10 1 0 1
2021 11 06 01 20 54 23604.193  -698.227 39175.432  12.77  12.21   57  599.2 4152.43610 N 00119.94551 E 10 1 0 1
2021 11 06 01 20 55 23602.525  -697.468 39177.559  12.77  12.21   57  599.1 4152.43599 N 00119.94533 E 10 1 0 1
2021 11 06 01 20 56 23603.912  -698.381 39175.345  12.77  12.21   57  598.6 4152.43571 N 00119.94552 E 9 1 0 1
2021 11 06 01 20 57 23602.337  -697.439 39177.687  12.77  12.21   57  598.8 4152.43545 N 00119.94547 E 9 1 0 1
2021 11 06 01 20 58 23603.863  -698.481 39175.236  12.77  12.21   57  599.3 4152.43557 N 00119.94550 E 10 1 0 1
2021 11 06 01 20 59 23602.550  -697.460 39177.513  12.77  12.21   57  599.8 4152.43574 N 00119.94540 E 10 1 0 1
2021 11 06 01 21 00 23604.244  -698.185 39175.358  12.77  12.21   57  600.1 4152.43572 N 00119.94552 E 9 1 0 1
2021 11 06 01 21 01 23602.880  -697.215 39177.642  12.77  12.21   57  599.4 4152.43584 N 00119.94583 E 9 1 0 1
2021 11 06 01 21 02 23604.431  -698.004 39175.558  12.77  12.21   57  599.8 4152.43575 N 00119.94574 E 10 1 0 1
2021 11 06 01 21 03 23602.806  -697.068 39177.906  12.77  12.21   57  600.1 4152.43549 N 00119.94570 E 9 1 0 1
2021 11 06 01 21 04 23604.412  -697.902 39175.651  12.77  12.21   57  600.0 4152.43535 N 00119.94584 E 10 1 0 1
2021 11 06 01 21 05 23603.052  -697.016 39177.779  12.77  12.21   57  599.7 4152.43511 N 00119.94591 E 10 1 0 1
2021 11 06 01 21 06 23604.615  -697.907 39175.488  12.77  12.21   57  599.7 4152.43478 N 00119.94562 E 10 1 0 1
2021 11 06 01 21 07 23603.353  -696.722 39177.943  12.77  12.21   57  600.2 4152.43442 N 00119.94564 E 10 1 0 1
2021 11 06 01 21 08 23605.127  -697.206 39176.186  12.77  12.21   57  600.0 4152.43433 N 00119.94590 E 10 1 0 1
2021 11 06 01 21 09 23603.859  -696.248 39178.315  12.77  12.21   57  599.1 4152.43398 N 00119.94656 E 10 1 0 1
2021 11 06 01 21 10 23605.355  -697.082 39176.191  12.77  12.21   57  599.0 4152.43393 N 00119.94680 E 10 1 0 1
2021 11 06 01 21 11 23604.283  -696.161 39178.224  12.77  12.21   57  599.1 4152.43360 N 00119.94701 E 10 1 0 1
2021 11 06 01 21 12 23605.707  -696.712 39176.559  12.77  12.21   57  599.4 4152.43352 N 00119.94694 E 10 1 0 1
2021 11 06 01 21 13 23604.086  -695.797 39178.947  12.77  12.21   57  599.5 4152.43343 N 00119.94698 E 10 1 0 1
2021 11 06 01 21 14 23606.164  -696.486 39176.646  12.77  12.21   57  599.7 4152.43346 N 00119.94703 E 10 1 0 1
2021 11 06 01 21 15 23604.675  -695.804 39178.615  12.77  12.21   57  600.0 4152.43340 N 00119.94701 E 10 1 0 1
2021 11 06 01 21 16 23605.550  -696.951 39176.403  12.77  12.21   57  600.1 4152.43320 N 00119.94712 E 10 1 0 1
2021 11 06 01 21 17 23604.277  -696.314 39178.135  12.77  12.21   57  599.9 4152.43305 N 00119.94751 E 10 1 0 1
2021 11 06 01 21 18 23605.531  -697.064 39176.298  12.77  12.21   57  599.2 4152.43309 N 00119.94797 E 10 1 0 1
2021 11 06 01 21 19 23605.937  -697.329 39175.685  12.77  12.21   57  599.7 4152.43322 N 00119.94802 E 10 1 0 1
2021 11 06 01 21 20 23604.369  -696.578 39177.778  12.77  12.21   57  600.1 4152.43294 N 00119.94789 E 10 1 0 1
2021 11 06 01 21 21 23605.193  -697.247 39176.312  12.77  12.21   57  600.5 4152.43275 N 00119.94775 E 10 1 0 1
2021 11 06 01 21 22 23603.937  -696.897 39177.648  12.77  12.21   57  601.0 4152.43247 N 00119.94778 E 10 1 0 1
2021 11 06 01 21 23 23604.941  -697.568 39176.062  12.77  12.21   57  601.1 4152.43231 N 00119.94801 E 9 1 0 1
2021 11 06 01 21 24 23603.828  -697.006 39177.589  12.77  12.21   57  601.4 4152.43230 N 00119.94794 E 9 1 0 1
2021 11 06 01 21 25 23604.771  -697.748 39175.961  12.77  12.21   57  601.7 4152.43244 N 00119.94781 E 9 1 0 1
2021 11 06 01 21 26 23603.634  -697.225 39177.461  12.77  12.21   58  602.2 4152.43261 N 00119.94773 E 9 1 0 1
2021 11 06 01 21 27 23604.925  -697.834 39175.798  12.77  12.21   57  601.8 4152.43272 N 00119.94785 E 10 1 0 1
2021 11 06 01 21 28 23603.580  -697.236 39177.531  12.77  12.21   57  601.2 4152.43263 N 00119.94822 E 10 1 0 1
2021 11 06 01 21 29 23604.761  -697.957 39175.775  12.77  12.21   57  600.8 4152.43270 N 00119.94847 E 10 1 0 1
2021 11 06 01 21 30 23603.589  -697.381 39177.395  12.77  12.21   57  601.1 4152.43275 N 00119.94832 E 10 1 0 1
2021 11 06 01 21 31 23604.795  -698.215 39175.487  12.77  12.21   57  601.2 4152.43287 N 00119.94818 E 10 1 0 1
2021 11 06 01 21 32 23603.169  -697.500 39177.584  12.77  12.21   57  601.4 4152.43270 N 00119.94828 E 10 1 0 1
2021 11 06 01 21 33 23604.404  -698.478 39175.408  12.77  12.21   57  601.1 4152.43280 N 00119.94847 E 10 1 0 1
2021 11 06 01 21 34 23602.964  -697.750 39177.357  12.77  12.21   57  601.8 4152.43265 N 00119.94827 E 10 1 0 1
2021 11 06 01 21 35 23604.298  -698.470 39175.493  12.77  12.21   57  602.3 4152.43284 N 00119.94791 E 10 1 0 1
2021 11 06 01 21 36 23603.267  -697.581 39177.405  12.77  12.21   57  602.4 4152.43284 N 00119.94789 E 10 1 0 1
2021 11 06 01 21 37 23604.279  -697.940 39176.279  12.77  12.21   57  602.6 4152.43274 N 00119.94801 E 10 1 0 1
2021 11 06 01 21 38 23603.517  -697.407 39177.590  12.77  12.21   57  602.8 4152.43272 N 00119.94794 E 10 1 0 1
2021 11 06 01 21 39 23604.832  -698.193 39175.597  12.77  12.21   57  602.3 4152.43289 N 00119.94818 E 10 1 0 1
2021 11 06 01 21 40 23603.455  -697.374 39177.718  12.77  12.21   57  602.6 4152.43293 N 00119.94799 E 10 1 0 1
2021 11 06 01 21 41 23604.882  -698.461 39175.271  12.77  12.21   57  602.7 4152.43280 N 00119.94789 E 10 1 0 1
2021 11 06 01 21 42 23603.101  -697.669 39177.534  12.77  12.21   57  602.7 4152.43239 N 00119.94793 E 10 1 0 1
2021 11 06 01 21 43 23604.046  -698.147 39176.271  12.77  12.21   57  602.9 4152.43208 N 00119.94795 E 10 1 0 1
2021 11 06 01 21 44 23603.175  -697.572 39177.713  12.77  12.21   57  602.9 4152.43226 N 00119.94791 E 10 1 0 1
2021 11 06 01 21 45 23604.841  -698.333 39175.594  12.77  12.21   57  603.0 4152.43206 N 00119.94812 E 10 1 0 1
2021 11 06 01 21 46 23603.574  -697.530 39177.579  12.77  12.21   58  603.2 4152.43184 N 00119.94816 E 10 1 0 1
2021 11 06 01 21 47 23604.925  -698.432 39175.423  12.77  12.21   57  603.2 4152.43165 N 00119.94807 E 10 1 0 1
2021 11 06 01 21 48 23603.439  -697.536 39177.656  12.77  12.21   57  603.0 4152.43153 N 00119.94802 E 10 1 0 1
2021 11 06 01 21 49 23604.937  -698.408 39175.470  12.77  12.21   57  603.6 4152.43152 N 00119.94762 E 10 1 0 1
2021 11 06 01 21 50 23603.521  -697.566 39177.646  12.77  12.21   57  603.4 4152.43127 N 00119.94768 E 9 1 0 1
2021 11 06 01 21 51 23604.953  -698.408 39175.467  12.77  12.21   57  603.4 4152.43139 N 00119.94763 E 9 1 0 1
2021 11 06 01 21 52 23603.484  -697.660 39177.513  12.77  12.21   57  603.6 4152.43110 N 00119.94746 E 9 1 0 1
2021 11 06 01 21 53 23604.797  -698.562 39175.377  12.77  12.21   57  603.3 4152.43106 N 00119.94748 E 10 1 0 1
2021 11 06 01 21 54 23603.441  -697.671 39177.528  12.77  12.21   57  603.0 4152.43064 N 00119.94763 E 10 1 0 1
2021 11 06 01 21 55 23604.791  -698.408 39175.559  12.77  12.21   57  603.0 4152.43063 N 00119.94772 E 10 1 0 1
2021 11 06 01 21 56 23603.548  -697.626 39177.474  12.77  12.21   57  602.7 4152.43076 N 00119.94774 E 10 1 0 1
2021 11 06 01 21 57 23604.744  -698.354 39175.652  12.77  12.21   57  602.7 4152.43050 N 00119.94734 E 10 1 0 1
2021 11 06 01 21 58 23603.570  -697.618 39177.424  12.77  12.21   57  603.1 4152.43041 N 00119.94688 E 10 1 0 1
2021 11 06 01 21 59 23604.709  -698.309 39175.675  12.77  12.21   57  602.5 4152.43024 N 00119.94690 E 10 1 0 1
2021 11 06 01 22 00 23603.607  -697.703 39177.272  12.77  12.21   57  602.5 4152.43047 N 00119.94655 E 10 1 0 1
2021 11 06 01 22 01 23604.685  -698.432 39175.480  12.77  12.21   57  602.0 4152.43083 N 00119.94665 E 10 1 0 1
2021 11 06 01 22 02 23603.476  -697.552 39177.544  12.77  12.21   57  601.6 4152.43099 N 00119.94686 E 10 1 0 1
2021 11 06 01 22 03 23602.974  -697.060 39178.533  12.77  12.21   57  601.5 4152.43096 N 00119.94693 E 10 1 0 1
2021 11 06 01 22 04 23604.498  -698.033 39176.172  12.77  12.21   57  601.0 4152.43075 N 00119.94708 E 10 1 0 1
2021 11 06 01 22 05 23603.605  -697.578 39177.385  12.77  12.21   57  600.6 4152.43076 N 00119.94708 E 10 1 0 1
2021 11 06 01 22 06 23604.861  -698.364 39175.485  12.77  12.21   57  600.5 4152.43095 N 00119.94680 E 10 1 0 1
2021 11 06 01 22 07 23603.677  -697.595 39177.358  12.77  12.21   57  600.1 4152.43105 N 00119.94693 E 10 1 0 1
2021 11 06 01 22 08 23604.744  -698.341 39175.582  12.77  12.21   57  599.5 4152.43105 N 00119.94712 E 9 1 0 1
2021 11 06 01 22 09 23603.402  -697.799 39177.185  12.77  12.21   57  599.9 4152.43134 N 00119.94711 E 9 1 0 1
2021 11 06 01 22 10 23604.652  -698.377 39175.589  12.77  12.21   57  600.0 4152.43119 N 00119.94705 E 10 1 0 1
2021 11 06 01 22 11 23604.002  -697.313 39177.565  12.77  12.21   57  600.3 4152.43130 N 00119.94706 E 9 1 0 1
2021 11 06 01 22 12 23604.947  -698.317 39175.544  12.77  12.21   57  599.5 4152.43104 N 00119.94700 E 10 1 0 1
2021 11 06 01 22 13 23603.023  -697.667 39177.639  12.77  12.21   57  599.6 4152.43090 N 00119.94693 E 10 1 0 1
2021 11 06 01 22 14 23604.334  -698.462 39175.665  12.77  12.21   57  599.8 4152.43105 N 00119.94715 E 10 1 0 1
2021 11 06 01 22 15 23603.253  -697.650 39177.527  12.77  12.21   57  600.3 4152.43152 N 00119.94758 E 10 1 0 1
2021 11 06 01 22 16 23604.890  -698.481 39175.338  12.77  12.21   57  600.5 4152.43184 N 00119.94785 E 10 1 0 1
2021 11 06 01 22 17 23603.820  -697.449 39177.522  12.77  12.21   57  601.4 4152.43193 N 00119.94781 E 9 1 0 1
2021 11 06 01 22 18 23605.256  -698.189 39175.569  12.77  12.21   57  601.3 4152.43207 N 00119.94807 E 9 1 0 1
2021 11 06 01 22 19 23603.699  -697.406 39177.720  12.77  12.21   57  601.7 4152.43229 N 00119.94802 E 9 1 0 1
2021 11 06 01 22 20 23605.181  -698.128 39175.787  12.77  12.21   57  601.2 4152.43203 N 00119.94820 E 10 1 0 1
2021 11 06 01 22 21 23603.886  -697.415 39177.612  12.77  12.21   57  600.8 4152.43177 N 00119.94811 E 10 1 0 1
2021 11 06 01 22 22 23605.443  -698.173 39175.566  12.77  12.21   57  601.0 4152.43159 N 00119.94794 E 10 1 0 1
2021 11 06 01 22 23 23604.189  -697.076 39177.983  12.77  12.21   57  601.3 4152.43153 N 00119.94783 E 10 1 0 1
2021 11 06 01 22 24 23605.556  -697.966 39175.831  12.77  12.21   57  601.3 4152.43125 N 00119.94800 E 10 1 0 1
2021 11 06 01 22 25 23604.121  -697.032 39178.092  12.77  12.21   57  601.1 4152.43087 N 00119.94799 E 10 1 0 1
2021 11 06 01 22 26 23605.590  -697.992 39175.746  12.77  12.21   57  600.2 4152.43089 N 00119.94828 E 10 1 0 1
2021 11 06 01 22 27 23603.888  -697.240 39177.896  12.77  12.21   57  600.2 4152.43125 N 00119.94815 E 10 1 0 1
2021 11 06 01 22 28 23605.345  -698.238 39175.546  12.77  12.21   57  600.1 4152.43109 N 00119.94801 E 10 1 0 1
2021 11 06 01 22 29 23603.800  -697.356 39177.791  12.77  12.21   57  599.8 4152.43096 N 00119.94797 E 10 1 0 1
2021 11 06 01 22 30 23605.343  -698.316 39175.426  12.77  12.21   57  600.2 4152.43083 N 00119.94762 E 10 1 0 1
2021 11 06 01 22 31 23603.814  -697.424 39177.713  12.77  12.21   57  600.3 4152.43090 N 00119.94765 E 10 1 0 1
2021 11 06 01 22 32 23605.224  -698.078 39175.822  12.77  12.21   57  599.4 4152.43095 N 00119.94779 E 10 1 0 1
2021 11 06 01 22 33 23603.800  -697.115 39178.086  12.77  12.21   57  599.6 4152.43063 N 00119.94798 E 10 1 0 1
2021 11 06 01 22 34 23605.271  -698.148 39175.702  12.77  12.21   57  599.3 4152.43058 N 00119.94822 E 9 1 0 1
2021 11 06 01 22 35 23604.088  -697.264 39177.773  12.77  12.21   57  599.7 4152.43016 N 00119.94856 E 10 1 0 1
2021 11 06 01 22 36 23605.550  -697.985 39175.800  12.77  12.21   57  599.2 4152.43011 N 00119.94865 E 10 1 0 1
2021 11 06 01 22 37 23604.277  -697.144 39177.785  12.77  12.21   57  600.5 4152.42984 N 00119.94795 E 10 1 0 1
2021 11 06 01 22 38 23605.674  -697.891 39175.847  12.77  12.21   57  600.4 4152.42980 N 00119.94769 E 9 1 0 1
2021 11 06 01 22 39 23604.328  -697.141 39177.805  12.77  12.21   57  601.2 4152.42980 N 00119.94727 E 10 1 0 1
2021 11 06 01 22 40 23605.439  -697.969 39175.936  12.77  12.21   57  600.4 4152.42991 N 00119.94732 E 10 1 0 1
2021 11 06 01 22 41 23604.275  -697.403 39177.517  12.77  12.21   57  600.8 4152.42991 N 00119.94727 E 9 1 0 1
2021 11 06 01 22 42 23605.377  -698.137 39175.749  12.77  12.21   57  600.7 4152.43024 N 00119.94775 E 10 1 0 1
2021 11 06 01 22 43 23603.964  -697.459 39177.644  12.77  12.21   57  600.4 4152.43027 N 00119.94828 E 10 1 0 1
2021 11 06 01 22 44 23604.119  -697.765 39177.108  12.77  12.21   57  600.1 4152.43067 N 00119.94816 E 10 1 0 1
2021 11 06 01 22 45 23605.564  -698.398 39175.330  12.77  12.21   57  601.0 4152.43097 N 00119.94796 E 10 1 0 1
2021 11 06 01 22 46 23603.910  -697.741 39177.298  12.77  12.21   57  600.4 4152.43118 N 00119.94791 E 10 1 0 1
2021 11 06 01 22 47 23604.990  -698.572 39175.460  12.77  12.21   58  600.0 4152.43134 N 00119.94782 E 10 1 0 1
2021 11 06 01 22 48 23603.625  -697.950 39177.196  12.77  12.21   57  599.2 4152.43136 N 00119.94817 E 10 1 0 1
2021 11 06 01 22 49 23604.713  -698.522 39175.708  12.77  12.21   57  599.0 4152.43167 N 00119.94793 E 10 1 0 1
2021 11 06 01 22 50 23603.841  -697.892 39177.138  12.77  12.21   57  597.9 4152.43164 N 00119.94844 E 9 1 0 1
2021 11 06 01 22 51 23604.966  -698.614 39175.390  12.77  12.21   58  597.2 4152.43160 N 00119.94898 E 9 1 0 1
2021 11 06 01 22 52 23603.648  -697.822 39177.320  12.77  12.21   57  597.0 4152.43181 N 00119.94964 E 10 1 0 1
2021 11 06 01 22 53 23604.810  -698.411 39175.747  12.77  12.21   57  596.0 4152.43165 N 00119.94999 E 10 1 0 1
2021 11 06 01 22 54 23603.601  -697.833 39177.359  12.77  12.21   57  595.8 4152.43159 N 00119.94995 E 10 1 0 1
2021 11 06 01 22 55 23604.832  -698.554 39175.553  12.77  12.21   57  595.7 4152.43189 N 00119.94992 E 10 1 0 1
2021 11 06 01 22 56 23603.625  -697.796 39177.406  12.77  12.21   57  595.7 4152.43190 N 00119.94990 E 10 1 0 1
2021 11 06 01 22 57 23604.961  -698.536 39175.510  12.77  12.21   57  595.7 4152.43212 N 00119.94979 E 10 1 0 1
2021 11 06 01 22 58 23603.627  -697.816 39177.359  12.77  12.21   57  595.1 4152.43174 N 00119.94975 E 10 1 0 1
2021 11 06 01 22 59 23604.984  -698.595 39175.413  12.77  12.21   57  594.9 4152.43151 N 00119.94925 E 9 1 0 1
2021 11 06 01 23 00 23603.677  -697.660 39177.597  12.77  12.21   57  594.4 4152.43131 N 00119.94969 E 10 1 0 1
2021 11 06 01 23 01 23605.078  -698.446 39175.616  12.77  12.21   57  595.1 4152.43138 N 00119.94957 E 10 1 0 1
2021 11 06 01 23 02 23603.570  -697.668 39177.666  12.77  12.21   57  594.7 4152.43173 N 00119.94964 E 10 1 0 1
2021 11 06 01 23 03 23605.228  -698.467 39175.453  12.77  12.21   57  594.7 4152.43197 N 00119.95020 E 10 1 0 1
2021 11 06 01 23 04 23603.904  -697.424 39177.823  12.77  12.21   57  594.0 4152.43228 N 00119.95045 E 10 1 0 1
2021 11 06 01 23 05 23605.248  -698.373 39175.582  12.77  12.21   57  593.6 4152.43278 N 00119.95061 E 10 1 0 1
2021 11 06 01 23 06 23603.615  -697.541 39177.759  12.77  12.21   57  593.4 4152.43293 N 00119.95101 E 10 1 0 1
2021 11 06 01 23 07 23605.373  -698.371 39175.434  12.77  12.21   57  593.2 4152.43343 N 00119.95132 E 10 1 0 1
2021 11 06 01 23 08 23604.017  -697.099 39178.142  12.77  12.21   57  593.8 4152.43370 N 00119.95087 E 10 1 0 1
2021 11 06 01 23 09 23605.582  -698.082 39175.688  12.77  12.21   57  593.3 4152.43401 N 00119.95144 E 10 1 0 1
2021 11 06 01 23 10 23603.841  -697.355 39177.842  12.77  12.21   57  593.1 4152.43372 N 00119.95163 E 10 1 0 1
2021 11 06 01 23 11 23605.236  -698.388 39175.437  12.77  12.21   57  593.5 4152.43388 N 00119.95148 E 10 1 0 1
2021 11 06 01 23 12 23603.879  -697.345 39177.823  12.77  12.21   57  593.8 4152.43422 N 00119.95151 E 10 1 0 1
2021 11 06 01 23 13 23605.593  -697.991 39175.816  12.77  12.21   57  593.1 4152.43413 N 00119.95160 E 10 1 0 1
2021 11 06 01 23 14 23603.615  -696.971 39178.513  12.77  12.21   57  593.1 4152.43431 N 00119.95145 E 10 1 0 1
2021 11 06 01 23 15 23605.455  -697.857 39176.142  12.77  12.21   57  592.7 4152.43430 N 00119.95132 E 10 1 0 1
2021 11 06 01 23 16 23604.130  -697.044 39178.119  12.77  12.21   57  593.0 4152.43378 N 00119.95084 E 10 1 0 1
2021 11 06 01 23 17 23605.668  -697.897 39175.972  12.77  12.21   57  593.3 4152.43391 N 00119.95121 E 10 1 0 1
2021 11 06 01 23 18 23604.353  -697.044 39178.035  12.77  12.21   57  593.1 4152.43341 N 00119.95102 E 10 1 0 1
2021 11 06 01 23 19 23605.568  -697.969 39175.902  12.77  12.21   57  593.2 4152.43329 N 00119.95142 E 10 1 0 1
2021 11 06 01 23 20 23604.097  -697.338 39177.785  12.77  12.21   57  594.0 4152.43355 N 00119.95132 E 10 1 0 1
2021 11 06 01 23 21 23605.314  -698.292 39175.593  12.77  12.21   57  593.7 4152.43381 N 00119.95135 E 10 1 0 1
2021 11 06 01 23 22 23603.931  -697.541 39177.523  12.77  12.21   57  594.6 4152.43411 N 00119.95088 E 10 1 0 1
2021 11 06 01 23 23 23605.142  -698.235 39175.795  12.77  12.21   57  594.1 4152.43456 N 00119.95119 E 10 1 0 1
2021 11 06 01 23 24 23603.863  -697.434 39177.694  12.77  12.21   57  594.2 4152.43428 N 00119.95113 E 10 1 0 1
2021 11 06 01 23 25 23605.222  -698.111 39175.885  12.77  12.21   57  593.8 4152.43432 N 00119.95091 E 10 1 0 1
2021 11 06 01 23 26 23603.923  -697.439 39177.675  12.77  12.21   57  593.1 4152.43407 N 00119.95096 E 10 1 0 1
2021 11 06 01 23 27 23604.992  -698.077 39176.015  12.77  12.21   57  593.3 4152.43345 N 00119.95063 E 10 1 0 1
2021 11 06 01 23 28 23605.509  -698.507 39175.104  12.77  12.21   57  592.7 4152.43380 N 00119.95082 E 10 1 0 1
2021 11 06 01 23 29 23603.824  -697.570 39177.456  12.77  12.21   57  592.6 4152.43372 N 00119.95069 E 10 1 0 1
2021 11 06 01 23 30 23604.646  -698.315 39175.846  12.77  12.21   57  592.5 4152.43360 N 00119.95097 E 10 1 0 1
2021 11 06 01 23 31 23603.625  -697.863 39177.125  12.77  12.21   57  592.3 4152.43342 N 00119.95115 E 10 1 0 1
2021 11 06 01 23 32 23604.613  -698.403 39175.706  12.77  12.21   57  591.8 4152.43333 N 00119.95141 E 10 1 0 1
2021 11 06 01 23 33 23603.587  -697.705 39177.307  12.77  12.21   57  592.0 4152.43336 N 00119.95150 E 10 1 0 1
2021 11 06 01 23 34 23604.498  -698.444 39175.620  12.77  12.21   57  592.0 4152.43364 N 00119.95145 E 10 1 0 1
2021 11 06 01 23 35 23603.252  -697.693 39177.473  12.77  12.21   57  591.4 4152.43329 N 00119.95152 E 10 1 0 1
2021 11 06 01 23 36 23604.820  -698.304 39175.590  12.77  12.21   57  590.9 4152.43310 N 00119.95180 E 10 1 0 1
2021 11 06 01 23 37 23603.761  -697.426 39177.506  12.77  12.21   57  590.1 4152.43294 N 00119.95231 E 10 1 0 1
2021 11 06 01 23 38 23605.187  -698.104 39175.630  12.77  12.21   57  589.7 4152.43312 N 00119.95194 E 10 1 0 1
2021 11 06 01 23 39 23603.886  -697.292 39177.584  12.77  12.21   57  588.6 4152.43363 N 00119.95247 E 10 1 0 1
2021 11 06 01 23 40 23605.154  -698.006 39175.758  12.77  12.21   57  588.0 4152.43339 N 00119.95266 E 10 1 0 1
2021 11 06 01 23 41 23603.984  -697.145 39177.771  12.76  12.21   57  589.0 4152.43359 N 00119.95198 E 10 1 0 1
2021 11 06 01 23 42 23605.484  -697.889 39175.744  12.76  12.21   57  589.2 4152.43390 N 00119.95227 E 10 1 0 1
2021 11 06 01 23 43 23604.142  -696.968 39177.873  12.76  12.21   57  590.1 4152.43437 N 00119.95163 E 10 1 0 1
2021 11 06 01 23 44 23604.806  -697.305 39177.017  12.76  12.21   57  590.5 4152.43468 N 00119.95118 E 10 1 0 1
2021 11 06 01 23 45 23604.214  -696.900 39177.974  12.76  12.21   57  590.4 4152.43469 N 00119.95141 E 10 1 0 1
2021 11 06 01 23 46 23605.525  -697.712 39175.954  12.76  12.21   57  590.6 4152.43435 N 00119.95115 E 10 1 0 1
2021 11 06 01 23 47 23603.910  -696.859 39178.187  12.76  12.21   57  589.8 4152.43434 N 00119.95139 E 10 1 0 1
2021 11 06 01 23 48 23605.402  -697.960 39175.693  12.76  12.21   57  590.2 4152.43408 N 00119.95117 E 10 1 0 1
2021 11 06 01 23 49 23603.851  -697.050 39177.969  12.76  12.21   57  590.2 4152.43392 N 00119.95082 E 10 1 0 1
2021 11 06 01 23 50 23605.422  -697.973 39175.670  12.76  12.21   57  591.0 4152.43409 N 00119.95046 E 9 1 0 1
2021 11 06 01 23 51 23603.908  -697.037 39177.942  12.76  12.21   57  590.8 4152.43439 N 00119.95032 E 10 1 0 1
2021 11 06 01 23 52 23605.453  -697.954 39175.678  12.76  12.21   58  590.9 4152.43415 N 00119.94994 E 10 1 0 1
2021 11 06 01 23 53 23603.576  -697.029 39178.158  12.76  12.21   57  590.3 4152.43379 N 00119.95024 E 10 1 0 1
2021 11 06 01 23 54 23605.201  -698.036 39175.716  12.76  12.21   57  590.7 4152.43383 N 00119.95027 E 10 1 0 1
2021 11 06 01 23 55 23603.728  -697.133 39178.004  12.76  12.21   57  591.4 4152.43419 N 00119.94990 E 10 1 0 1
2021 11 06 01 23 56 23605.312  -697.946 39175.825  12.76  12.21   57  591.6 4152.43446 N 00119.94946 E 10 1 0 1
2021 11 06 01 23 57 23603.867  -697.152 39177.895  12.76  12.21   57  591.8 4152.43451 N 00119.94936 E 10 1 0 1
2021 11 06 01 23 58 23605.443  -697.870 39175.849  12.76  12.21   57  591.7 4152.43455 N 00119.94969 E 10 1 0 1
2021 11 06 01 23 59 23604.097  -696.952 39178.021  12.76  12.21   57  592.2 4152.43431 N 00119.94966 E 10 1 0 1
2021 11 06 01 24 00 23605.203  -697.947 39175.915  12.76  12.21   57  593.2 4152.43477 N 00119.94923 E 10 1 0 1
2021 11 06 01 24 01 23603.529  -697.544 39177.548  12.76  12.21   57  593.7 4152.43482 N 00119.94908 E 10 1 0 1
2021 11 06 01 24 02 23604.840  -698.433 39175.454  12.76  12.21   57  594.2 4152.43454 N 00119.94880 E 10 1 0 1
2021 11 06 01 24 03 23603.562  -697.507 39177.622  12.76  12.21   57  594.8 4152.43457 N 00119.94878 E 10 1 0 1
2021 11 06 01 24 04 23604.976  -697.986 39176.019  12.76  12.21   57  596.0 4152.43473 N 00119.94866 E 10 1 0 1
2021 11 06 01 24 05 23603.613  -697.325 39177.867  12.76  12.21   57  596.6 4152.43475 N 00119.94840 E 10 1 0 1
2021 11 06 01 24 06 23604.855  -698.240 39175.769  12.76  12.21   57  596.6 4152.43452 N 00119.94852 E 10 1 0 1
2021 11 06 01 24 07 23603.404  -697.816 39177.310  12.76  12.21   57  597.2 4152.43410 N 00119.94883 E 10 1 0 1
2021 11 06 01 24 08 23604.314  -698.660 39175.483  12.76  12.21   57  597.5 4152.43433 N 00119.94882 E 10 1 0 1
2021 11 06 01 24 09 23603.138  -698.059 39177.103  12.76  12.21   57  598.3 4152.43414 N 00119.94885 E 10 1 0 1
2021 11 06 01 24 10 23602.828  -697.735 39177.786  12.76  12.21   57  598.5 4152.43417 N 00119.94879 E 10 1 0 1
2021 11 06 01 24 11 23604.273  -698.622 39175.623  12.76  12.21   57  598.9 4152.43385 N 00119.94875 E 10 1 0 1
2021 11 06 01 24 12 23603.261  -698.124 39176.952  12.76  12.21   57  599.9 4152.43387 N 00119.94806 E 10 1 0 1
2021 11 06 01 24 13 23604.187  -698.610 39175.708  12.76  12.21   57  600.3 4152.43383 N 00119.94821 E 10 1 0 1
2021 11 06 01 24 14 23603.087  -697.878 39177.433  12.76  12.21   57  600.7 4152.43364 N 00119.94800 E 10 1 0 1
2021 11 06 01 24 15 23604.621  -698.339 39175.862  12.76  12.21   57  601.2 4152.43377 N 00119.94791 E 10 1 0 1
2021 11 06 01 24 16 23603.703  -697.630 39177.483  12.76  12.21   57  602.0 4152.43358 N 00119.94761 E 10 1 0 1
2021 11 06 01 24 17 23604.484  -698.518 39175.706  12.76  12.21   57  603.0 4152.43390 N 00119.94742 E 10 1 0 1
2021 11 06 01 24 18 23603.439  -698.021 39177.093  12.76  12.21   57  602.9 4152.43423 N 00119.94780 E 10 1 0 1
2021 11 06 01 24 19 23604.670  -698.441 39175.656  12.76  12.21   57  603.0 4152.43402 N 00119.94775 E 10 1 0 1
2021 11 06 01 24 20 23603.515  -697.661 39177.533  12.76  12.21   57  603.2 4152.43413 N 00119.94778 E 10 1 0 1
2021 11 06 01 24 21 23604.656  -698.412 39175.757  12.76  12.21   57  604.4 4152.43413 N 00119.94747 E 10 1 0 1
2021 11 06 01 24 22 23603.527  -697.882 39177.296  12.76  12.21   58  604.5 4152.43380 N 00119.94735 E 10 1 0 1
2021 11 06 01 24 23 23604.744  -698.618 39175.505  12.76  12.21   57  605.1 4152.43348 N 00119.94729 E 10 1 0 1
2021 11 06 01 24 24 23603.384  -697.750 39177.630  12.76  12.21   57  605.4 4152.43376 N 00119.94703 E 10 1 0 1
2021 11 06 01 24 25 23604.734  -698.517 39175.696  12.76  12.21   57  605.6 4152.43325 N 00119.94671 E 10 1 0 1
2021 11 06 01 24 26 23603.353  -697.747 39177.692  12.76  12.21   57  605.8 4152.43343 N 00119.94660 E 9 1 0 1
2021 11 06 01 24 27 23604.785  -698.570 39175.615  12.76  12.21   57  606.2 4152.43349 N 00119.94613 E 10 1 0 1
2021 11 06 01 24 28 23602.775  -697.233 39178.825  12.76  12.21   57  606.4 4152.43332 N 00119.94581 E 10 1 0 1
2021 11 06 01 24 29 23605.322  -698.337 39175.656  12.76  12.21   57  606.4 4152.43295 N 00119.94540 E 10 1 0 1
2021 11 06 01 24 30 23603.834  -697.383 39177.998  12.76  12.21   57  606.4 4152.43292 N 00119.94553 E 10 1 0 1
2021 11 06 01 24 31 23605.181  -698.547 39175.477  12.76  12.21   57  606.3 4152.43292 N 00119.94547 E 10 1 0 1
2021 11 06 01 24 32 23603.527  -697.769 39177.651  12.76  12.21   57  605.7 4152.43272 N 00119.94516 E 10 1 0 1
2021 11 06 01 24 33 23604.978  -698.486 39175.737  12.76  12.21   57  605.4 4152.43279 N 00119.94499 E 10 1 0 1
2021 11 06 01 24 34 23603.648  -697.543 39177.951  12.76  12.21   57  604.9 4152.43309 N 00119.94510 E 10 1 0 1
2021 11 06 01 24 35 23605.123  -698.472 39175.699  12.76  12.21   57  604.6 4152.43336 N 00119.94500 E 10 1 0 1
2021 11 06 01 24 36 23603.564  -697.540 39178.044  12.76  12.21   57  604.3 4152.43282 N 00119.94482 E 10 1 0 1
2021 11 06 01 24 37 23605.207  -698.375 39175.788  12.76  12.21   57  604.7 4152.43267 N 00119.94498 E 10 1 0 1
2021 11 06 01 24 38 23603.843  -697.425 39178.042  12.76  12.21   57  603.9 4152.43273 N 00119.94503 E 10 1 0 1
2021 11 06 01 24 39 23605.465  -698.387 39175.673  12.76  12.21   57  603.6 4152.43283 N 00119.94444 E 10 1 0 1
2021 11 06 01 24 40 23603.851  -697.523 39177.980  12.76  12.21   57  603.5 4152.43302 N 00119.94415 E 10 1 0 1
2021 11 06 01 24 41 23605.336  -698.396 39175.778  12.76  12.21   57  602.9 4152.43314 N 00119.94395 E 10 1 0 1
2021 11 06 01 24 42 23604.052  -697.671 39177.615  12.76  12.21   58  602.4 4152.43345 N 00119.94387 E 10 1 0 1
2021 11 06 01 24 43 23605.338  -698.225 39176.015  12.76  12.21   57  602.7 4152.43270 N 00119.94296 E 10 1 0 1
2021 11 06 01 24 44 23603.972  -697.522 39177.914  12.76  12.21   57  602.5 4152.43245 N 00119.94270 E 10 1 0 1
2021 11 06 01 24 45 23604.668  -698.087 39176.646  12.76  12.21   57  602.3 4152.43185 N 00119.94192 E 10 1 0 1
2021 11 06 01 24 46 23603.898  -697.504 39177.968  12.76  12.21   57  602.4 4152.43174 N 00119.94194 E 10 1 0 1
2021 11 06 01 24 47 23605.304  -698.195 39176.101  12.76  12.21   57  602.1 4152.43202 N 00119.94177 E 10 1 0 1
2021 11 06 01 24 48 23604.103  -697.519 39177.841  12.76  12.21   57  601.4 4152.43232 N 00119.94208 E 10 1 0 1
2021 11 06 01 24 49 23605.383  -698.363 39175.868  12.76  12.21   57  601.3 4152.43251 N 00119.94257 E 10 1 0 1
2021 11 06 01 24 50 23604.052  -697.599 39177.802  12.76  12.21   57  601.0 4152.43234 N 00119.94241 E 9 1 0 1
2021 11 06 01 24 51 23605.252  -698.253 39176.140  12.76  12.21   57  601.0 4152.43194 N 00119.94246 E 9 1 0 1
2021 11 06 01 24 52 23604.093  -697.616 39177.842  12.76  12.21   57  600.7 4152.43219 N 00119.94251 E 9 1 0 1
2021 11 06 01 24 53 23605.215  -698.371 39176.039  12.76  12.21   57  601.1 4152.43190 N 00119.94224 E 9 1 0 1
2021 11 06 01 24 54 23605.541  -698.603 39175.523  12.76  12.21   57  601.3 4152.43254 N 00119.94215 E 10 1 0 1
2021 11 06 01 24 55 23604.107  -697.717 39177.706  12.76  12.21   57  601.5 4152.43230 N 00119.94199 E 10 1 0 1
2021 11 06 01 24 56 23605.070  -698.306 39176.283  12.76  12.21   57  601.5 4152.43227 N 00119.94213 E 10 1 0 1
2021 11 06 01 24 57 23604.138  -697.701 39177.745  12.76  12.21   57  601.4 4152.43280 N 00119.94234 E 10 1 0 1
2021 11 06 01 24 58 23604.664  -697.968 39177.071  12.76  12.21   57  601.5 4152.43278 N 00119.94237 E 10 1 0 1
2021 11 06 01 24 59 23604.166  -697.882 39177.527  12.76  12.21   57  601.2 4152.43237 N 00119.94230 E 9 1 0 1
2021 11 06 01 25 00 23604.838  -698.358 39176.383  12.76  12.21   57  601.3 4152.43268 N 00119.94280 E 9 1 0 1
2021 11 06 01 25 01 23604.052  -697.832 39177.636  12.76  12.21   57  601.2 4152.43286 N 00119.94301 E 9 1 0 1
2021 11 06 01 25 02 23605.338  -698.540 39175.806  12.76  12.21   57  600.5 4152.43339 N 00119.94368 E 10 1 0 1
2021 11 06 01 25 03 23603.851  -697.635 39178.063  12.76  12.21   57  600.4 4152.43371 N 00119.94418 E 10 1 0 1
2021 11 06 01 25 04 23605.254  -698.466 39175.973  12.76  12.21   57  600.5 4152.43358 N 00119.94407 E 10 1 0 1
2021 11 06 01 25 05 23603.986  -697.804 39177.787  12.76  12.21   57  600.6 4152.43351 N 00119.94462 E 10 1 0 1
2021 11 06 01 25 06 23605.256  -698.598 39175.853  12.76  12.21   57  600.5 4152.43367 N 00119.94461 E 10 1 0 1
2021 11 06 01 25 07 23603.933  -697.759 39177.861  12.76  12.21   57  600.5 4152.43378 N 00119.94461 E 10 1 0 1
2021 11 06 01 25 08 23605.293  -698.484 39175.962  12.76  12.21   57  600.5 4152.43384 N 00119.94489 E 10 1 0 1
2021 11 06 01 25 09 23603.972  -697.650 39178.021  12.76  12.21   57  600.3 4152.43427 N 00119.94488 E 10 1 0 1
2021 11 06 01 25 10 23605.400  -698.478 39175.861  12.76  12.21   57  600.0 4152.43433 N 00119.94502 E 10 1 0 1
2021 11 06 01 25 11 23603.898  -697.696 39177.985  12.76  12.21   57  599.8 4152.43441 N 00119.94506 E 10 1 0 1
2021 11 06 01 25 12 23605.341  -698.581 39175.818  12.76  12.21   58  599.1 4152.43461 N 00119.94535 E 10 1 0 1
2021 11 06 01 25 13 23603.902  -697.669 39178.005  12.76  12.21   57  599.3 4152.43474 N 00119.94540 E 10 1 0 1
2021 11 06 01 25 14 23605.396  -698.562 39175.783  12.76  12.21   57  599.6 4152.43452 N 00119.94527 E 9 1 0 1
2021 11 06 01 25 15 23603.308  -697.404 39178.741  12.76  12.21   57  599.6 4152.43451 N 00119.94547 E 10 1 0 1
2021 11 06 01 25 16 23605.269  -698.633 39175.752  12.76  12.21   57  599.6 4152.43405 N 00119.94560 E 10 1 0 1
2021 11 06 01 25 17 23603.853  -697.667 39178.028  12.76  12.21   57  599.9 4152.43372 N 00119.94574 E 9 1 0 1
2021 11 06 01 25 18 23605.550  -698.423 39175.799  12.76  12.21   57  600.1 4152.43305 N 00119.94588 E 9 1 0 1
2021 11 06 01 25 19 23604.107  -697.486 39177.989  12.76  12.21   57  600.1 4152.43290 N 00119.94616 E 9 1 0 1
2021 11 06 01 25 20 23605.562  -698.191 39175.970  12.76  12.21   57  600.2 4152.43316 N 00119.94615 E 9 1 0 1
2021 11 06 01 25 21 23604.035  -697.251 39178.202  12.76  12.21   57  600.1 4152.43337 N 00119.94591 E 9 1 0 1
2021 11 06 01 25 22 23605.685  -698.226 39175.732  12.76  12.21   57  600.2 4152.43360 N 00119.94565 E 9 1 0 1
2021 11 06 01 25 23 23604.082  -697.232 39178.151  12.76  12.21   57  600.0 4152.43366 N 00119.94556 E 9 1 0 1
2021 11 06 01 25 24 23605.488  -697.992 39176.159  12.76  12.21   57  600.3 4152.43374 N 00119.94555 E 10 1 0 1
2021 11 06 01 25 25 23604.189  -697.224 39178.090  12.76  12.21   57  600.3 4152.43347 N 00119.94570 E 10 1 0 1
2021 11 06 01 25 26 23605.611  -697.989 39176.098  12.76  12.21   56  600.6 4152.43363 N 00119.94570 E 10 1 0 1
2021 11 06 01 25 27 23604.086  -697.172 39178.214  12.76  12.21   57  600.7 4152.43351 N 00119.94617 E 10 1 0 1
2021 11 06 01 25 28 23605.539  -698.093 39176.008  12.76  12.21   57  600.8 4152.43361 N 00119.94630 E 10 1 0 1
2021 11 06 01 25 29 23604.423  -697.532 39177.570  12.76  12.21   58  600.7 4152.43330 N 00119.94634 E 9 1 0 1
2021 11 06 01 25 30 23605.410  -698.177 39175.980  12.76  12.21   57  600.8 4152.43338 N 00119.94645 E 9 1 0 1
2021 11 06 01 25 31 23604.140  -697.438 39177.872  12.76  12.21   57  600.6 4152.43350 N 00119.94628 E 10 1 0 1
2021 11 06 01 25 32 23605.388  -698.163 39176.046  12.76  12.21   57  599.9 4152.43312 N 00119.94654 E 9 1 0 1
2021 11 06 01 25 33 23604.005  -697.332 39178.132  12.76  12.21   56  599.8 4152.43283 N 00119.94630 E 9 1 0 1
2021 11 06 01 25 34 23605.230  -698.106 39176.217  12.76  12.21   57  599.1 4152.43283 N 00119.94606 E 9 1 0 1
2021 11 06 01 25 35 23605.656  -698.538 39175.398  12.76  12.21   57  598.7 4152.43277 N 00119.94619 E 10 1 0 1
2021 11 06 01 25 36 23604.146  -697.809 39177.441  12.76  12.21   57  598.3 4152.43274 N 00119.94618 E 10 1 0 1
2021 11 06 01 25 37 23604.769  -698.243 39176.421  12.76  12.21   57  597.9 4152.43303 N 00119.94648 E 10 1 0 1
2021 11 06 01 25 38 23604.007  -697.773 39177.608  12.76  12.21   57  597.7 4152.43313 N 00119.94648 E 10 1 0 1
2021 11 06 01 25 39 23605.304  -698.461 39175.844  12.76  12.21   57  597.2 4152.43317 N 00119.94650 E 10 1 0 1
2021 11 06 01 25 40 23604.123  -697.766 39177.620  12.76  12.21   57  596.9 4152.43311 N 00119.94621 E 9 1 0 1
2021 11 06 01 25 41 23604.804  -698.216 39176.534  12.76  12.21   57  596.8 4152.43312 N 00119.94634 E 9 1 0 1
2021 11 06 01 25 42 23604.115  -697.945 39177.391  12.76  12.21   58  596.4 4152.43320 N 00119.94645 E 10 1 0 1
2021 11 06 01 25 43 23605.525  -698.356 39175.920  12.76  12.21   57  596.2 4152.43331 N 00119.94645 E 9 1 0 1
2021 11 06 01 25 44 23604.445  -697.378 39178.042  12.76  12.21   57  596.1 4152.43311 N 00119.94621 E 9 1 0 1
2021 11 06 01 25 45 23604.738  -697.359 39177.915  12.76  12.21   57  596.0 4152.43313 N 00119.94625 E 10 1 0 1
2021 11 06 01 25 46 23604.709  -697.129 39178.241  12.76  12.21   57  595.5 4152.43359 N 00119.94643 E 10 1 0 1
2021 11 06 01 25 47 23606.183  -697.856 39176.343  12.76  12.21   57  595.2 4152.43409 N 00119.94646 E 10 1 0 1
2021 11 06 01 25 48 23604.865  -697.168 39178.196  12.76  12.21   57  594.9 4152.43407 N 00119.94662 E 10 1 0 1
2021 11 06 01 25 49 23605.789  -697.758 39176.773  12.76  12.21   57  594.8 4152.43443 N 00119.94683 E 10 1 0 1
2021 11 06 01 25 50 23604.881  -697.099 39178.305  12.76  12.21   57  594.5 4152.43429 N 00119.94734 E 9 1 0 1
2021 11 06 01 25 51 23605.814  -698.033 39176.357  12.76  12.21   57  594.2 4152.43454 N 00119.94752 E 9 1 0 1
2021 11 06 01 25 52 23604.322  -697.594 39177.945  12.76  12.21   57  594.3 4152.43486 N 00119.94763 E 9 1 0 1
2021 11 06 01 25 53 23605.455  -698.699 39175.667  12.76  12.21   57  593.9 4152.43530 N 00119.94788 E 9 1 0 1
2021 11 06 01 25 54 23603.968  -697.770 39177.928  12.76  12.21   57  593.5 4152.43561 N 00119.94859 E 9 1 0 1
2021 11 06 01 25 55 23605.650  -698.462 39175.917  12.76  12.21   57  593.4 4152.43552 N 00119.94900 E 9 1 0 1
2021 11 06 01 25 56 23603.953  -697.644 39178.184  12.76  12.21   57  593.2 4152.43593 N 00119.94873 E 9 1 0 1
2021 11 06 01 25 57 23605.435  -698.688 39175.777  12.76  12.21   57  592.9 4152.43596 N 00119.94871 E 9 1 0 1
2021 11 06 01 25 58 23603.871  -697.794 39178.099  12.76  12.21   57  592.8 4152.43589 N 00119.94848 E 9 1 0 1
2021 11 06 01 25 59 23605.560  -698.801 39175.599  12.76  12.21   57  592.5 4152.43595 N 00119.94839 E 9 1 0 1
2021 11 06 01 26 00 23603.970  -697.846 39177.963  12.76  12.21   57  592.3 4152.43578 N 00119.94830 E 9 1 0 1
2021 11 06 01 26 01 23605.599  -698.698 39175.727  12.76  12.21   57  592.2 4152.43547 N 00119.94838 E 9 1 0 1
2021 11 06 01 26 02 23604.132  -697.822 39177.957  12.76  12.21   58  592.2 4152.43546 N 00119.94851 E 9 1 0 1
2021 11 06 01 26 03 23605.582  -698.636 39175.898  12.76  12.21   57  591.9 4152.43562 N 00119.94867 E 9 1 0 1
2021 11 06 01 26 04 23604.115  -697.629 39178.275  12.76  12.21   57  592.0 4152.43555 N 00119.94870 E 9 1 0 1
2021 11 06 01 26 05 23605.726  -698.508 39176.008  12.76  12.21   57  592.0 4152.43525 N 00119.94886 E 9 1 0 1
2021 11 06 01 26 06 23604.197  -697.699 39178.194  12.76  12.21   57  592.3 4152.43499 N 00119.94853 E 9 1 0 1
2021 11 06 01 26 07 23605.703  -698.556 39175.981  12.76  12.21   57  592.4 4152.43464 N 00119.94875 E 9 1 0 1
2021 11 06 01 26 08 23604.213  -697.715 39178.148  12.76  12.21   57  592.5 4152.43457 N 00119.94851 E 9 1 0 1
2021 11 06 01 26 09 23605.754  -698.555 39175.966  12.76  12.21   57  592.5 4152.43448 N 00119.94874 E 9 1 0 1
2021 11 06 01 26 10 23604.363  -697.742 39178.051  12.76  12.21   57  592.9 4152.43466 N 00119.94857 E 9 1 0 1
2021 11 06 01 26 11 23605.756  -698.534 39176.098  12.76  12.21   57  593.5 4152.43468 N 00119.94839 E 9 1 0 1
2021 11 06 01 26 12 23604.535  -697.772 39178.022  12.76  12.21   57  593.2 4152.43451 N 00119.94854 E 9 1 0 1
2021 11 06 01 26 13 23605.717  -698.441 39176.304  12.76  12.21   57  593.4 4152.43478 N 00119.94831 E 9 1 0 1
2021 11 06 01 26 14 23604.410  -697.592 39178.359  12.76  12.21   57  593.3 4152.43444 N 00119.94844 E 9 1 0 1
2021 11 06 01 26 15 23605.621  -698.204 39176.740  12.76  12.21   57  593.4 4152.43446 N 00119.94867 E 9 1 0 1
2021 11 06 01 26 16 23603.812  -697.249 39179.239  12.76  12.21   57  593.2 4152.43445 N 00119.94892 E 8 1 0 1
2021 11 06 01 26 17 23604.715  -697.823 39177.875  12.76  12.21   57  593.1 4152.43456 N 00119.94899 E 8 1 0 1
2021 11 06 01 26 18 23605.433  -698.213 39176.867  12.76  12.21   57  593.2 4152.43489 N 00119.94881 E 8 1 0 1
2021 11 06 01 26 19 23604.547  -697.698 39178.181  12.76  12.21   57  593.3 4152.43481 N 00119.94883 E 8 1 0 1
2021 11 06 01 26 20 23605.779  -698.426 39176.359  12.76  12.21   57  593.4 4152.43453 N 00119.94904 E 8 1 0 1
2021 11 06 01 26 21 23604.623  -697.868 39177.917  12.76  12.21   57  593.5 4152.43419 N 00119.94929 E 8 1 0 1
2021 11 06 01 26 22 23605.793  -698.564 39176.228  12.76  12.21   57  593.5 4152.43436 N 00119.94946 E 7 1 0 1
2021 11 06 01 26 23 23604.654  -697.850 39177.961  12.76  12.21   57  593.3 4152.43459 N 00119.94994 E 8 1 0 1
2021 11 06 01 26 24 23605.779  -698.450 39176.383  12.76  12.21   57  593.5 4152.43466 N 00119.95011 E 8 1 0 1
2021 11 06 01 26 25 23604.531  -697.737 39178.174  12.76  12.21   57  593.6 4152.43475 N 00119.94970 E 8 1 0 1
2021 11 06 01 26 26 23605.736  -698.426 39176.480  12.76  12.21   57  593.8 4152.43492 N 00119.94983 E 8 1 0 1
2021 11 06 01 26 27 23604.455  -697.761 39178.271  12.76  12.21   57  593.9 4152.43517 N 00119.94967 E 8 1 0 1
2021 11 06 01 26 28 23605.343  -698.516 39176.693  12.76  12.21   57  594.1 4152.43513 N 00119.94987 E 8 1 0 1
2021 11 06 01 26 29 23604.201  -698.082 39178.138  12.76  12.21   57  594.4 4152.43502 N 00119.95018 E 8 1 0 1
2021 11 06 01 26 30 23605.457  -699.056 39175.986  12.76  12.21   57  594.8 4152.43546 N 00119.95009 E 8 1 0 1
2021 11 06 01 26 31 23604.000  -698.232 39178.095  12.76  12.21   57  595.0 4152.43602 N 00119.95013 E 8 1 0 1
2021 11 06 01 26 32 23605.484  -699.098 39175.987  12.76  12.21   58  595.0 4152.43723 N 00119.95079 E 8 1 0 1
2021 11 06 01 26 33 23603.955  -698.188 39178.258  12.76  12.21   57  595.0 4152.43757 N 00119.95151 E 9 1 0 1
2021 11 06 01 26 34 23605.383  -699.042 39176.142  12.76  12.21   57  595.1 4152.43785 N 00119.95186 E 8 1 0 1
2021 11 06 01 26 35 23604.062  -698.308 39178.115  12.76  12.21   57  594.9 4152.43779 N 00119.95253 E 9 1 0 1
2021 11 06 01 26 36 23605.461  -699.118 39176.073  12.76  12.21   57  595.2 4152.43795 N 00119.95256 E 9 1 0 1
2021 11 06 01 26 37 23603.996  -698.278 39178.166  12.76  12.21   57  595.3 4152.43803 N 00119.95276 E 9 1 0 1
2021 11 06 01 26 38 23605.474  -699.192 39175.929  12.76  12.21   57  595.4 4152.43806 N 00119.95316 E 8 1 0 1
2021 11 06 01 26 39 23603.890  -698.336 39178.181  12.76  12.21   57  595.4 4152.43796 N 00119.95286 E 8 1 0 1
2021 11 06 01 26 40 23605.297  -699.220 39176.021  12.76  12.21   57  595.4 4152.43830 N 00119.95301 E 8 1 0 1
2021 11 06 01 26 41 23603.658  -698.404 39178.242  12.76  12.21   57  595.1 4152.43827 N 00119.95307 E 8 1 0 1
2021 11 06 01 26 42 23605.363  -699.445 39175.683  12.76  12.21   57  595.2 4152.43806 N 00119.95286 E 8 1 0 1
2021 11 06 01 26 43 23603.724  -698.446 39178.129  12.76  12.21   57  595.1 4152.43774 N 00119.95287 E 8 1 0 1
2021 11 06 01 26 44 23605.320  -699.130 39176.119  12.76  12.21   57  595.0 4152.43783 N 00119.95240 E 8 1 0 1
2021 11 06 01 26 45 23603.861  -698.266 39178.321  12.76  12.21   57  595.1 4152.43748 N 00119.95210 E 8 1 0 1
2021 11 06 01 26 46 23604.468  -699.257 39176.500  12.76  12.21   57  595.2 4152.43742 N 00119.95199 E 8 1 0 1
2021 11 06 01 26 47 23603.240  -698.640 39178.158  12.76  12.21   57  594.9 4152.43726 N 00119.95251 E 8 1 0 1
2021 11 06 01 26 48 23604.865  -699.468 39175.953  12.76  12.21   57  594.8 4152.43695 N 00119.95222 E 8 1 0 1
2021 11 06 01 26 49 23603.201  -698.728 39178.057  12.76  12.21   57  594.9 4152.43690 N 00119.95224 E 8 1 0 1
2021 11 06 01 26 50 23604.836  -699.644 39175.704  12.76  12.21   57  594.7 4152.43677 N 00119.95272 E 8 1 0 1
2021 11 06 01 26 51 23603.472  -698.740 39177.868  12.76  12.21   57  594.7 4152.43655 N 00119.95283 E 8 1 0 1
2021 11 06 01 26 52 23604.859  -699.581 39175.786  12.76  12.21   58  594.9 4152.43640 N 00119.95245 E 8 1 0 1
2021 11 06 01 26 53 23603.601  -698.771 39177.713  12.76  12.21   57  594.7 4152.43654 N 00119.95244 E 8 1 0 1
2021 11 06 01 26 54 23605.060  -699.332 39175.950  12.76  12.21   57  595.0 4152.43640 N 00119.95214 E 8 1 0 1
2021 11 06 01 26 55 23603.718  -698.489 39178.036  12.76  12.21   57  595.3 4152.43641 N 00119.95234 E 8 1 0 1
2021 11 06 01 26 56 23604.754  -699.283 39176.197  12.76  12.21   57  594.9 4152.43635 N 00119.95221 E 8 1 0 1
2021 11 06 01 26 57 23603.535  -698.688 39177.805  12.76  12.21   57  594.8 4152.43627 N 00119.95210 E 8 1 0 1
2021 11 06 01 26 58 23604.578  -699.579 39175.874  12.76  12.21   57  594.6 4152.43640 N 00119.95216 E 8 1 0 1
2021 11 06 01 26 59 23603.572  -698.684 39177.790  12.76  12.21   57  594.4 4152.43630 N 00119.95226 E 8 1 0 1
2021 11 06 01 27 00 23605.002  -699.354 39175.907  12.76  12.21   57  594.6 4152.43615 N 00119.95194 E 8 1 0 1
2021 11 06 01 27 01 23605.068  -699.588 39175.499  12.76  12.21   57  594.4 4152.43601 N 00119.95215 E 8 1 0 1
2021 11 06 01 27 02 23603.748  -698.819 39177.441  12.76  12.21   57  594.2 4152.43564 N 00119.95243 E 8 1 0 1
2021 11 06 01 27 03 23604.812  -699.325 39176.034  12.76  12.21   57  594.0 4152.43548 N 00119.95253 E 8 1 0 1
2021 11 06 01 27 04 23603.726  -698.699 39177.580  12.76  12.21   57  593.9 4152.43538 N 00119.95251 E 8 1 0 1
2021 11 06 01 27 05 23604.652  -699.225 39176.228  12.76  12.21   57  593.7 4152.43522 N 00119.95260 E 7 1 0 1
2021 11 06 01 27 06 23603.660  -698.549 39177.805  12.76  12.21   57  593.3 4152.43493 N 00119.95290 E 8 1 0 1
2021 11 06 01 27 07 23604.761  -699.320 39176.006  12.76  12.21   57  593.3 4152.43480 N 00119.95275 E 8 1 0 1
2021 11 06 01 27 08 23603.660  -698.639 39177.665  12.76  12.21   57  593.6 4152.43493 N 00119.95263 E 8 1 0 1
2021 11 06 01 27 09 23604.699  -699.405 39175.889  12.76  12.21   57  593.7 4152.43479 N 00119.95247 E 8 1 0 1
2021 11 06 01 27 10 23603.466  -698.922 39177.377  12.76  12.21   57  593.6 4152.43454 N 00119.95248 E 8 1 0 1
2021 11 06 01 27 11 23604.425  -699.804 39175.468  12.76  12.21   57  593.6 4152.43437 N 00119.95248 E 8 1 0 1
2021 11 06 01 27 12 23603.068  -699.164 39177.211  12.76  12.21   57  593.5 4152.43428 N 00119.95226 E 8 1 0 1
2021 11 06 01 27 13 23604.402  -699.605 39175.728  12.76  12.21   57  593.8 4152.43427 N 00119.95213 E 8 1 0 1
2021 11 06 01 27 14 23603.195  -698.887 39177.492  12.76  12.21   57  593.7 4152.43413 N 00119.95231 E 8 1 0 1
2021 11 06 01 27 15 23604.488  -699.648 39175.604  12.76  12.21   56  593.6 4152.43394 N 00119.95221 E 8 1 0 1
2021 11 06 01 27 16 23602.628  -698.645 39178.220  12.76  12.21   57  593.8 4152.43390 N 00119.95203 E 8 1 0 1
2021 11 06 01 27 17 23604.345  -699.487 39175.918  12.76  12.21   57  594.0 4152.43402 N 00119.95169 E 8 1 0 1
2021 11 06 01 27 18 23603.101  -698.791 39177.717  12.76  12.21   57  593.9 4152.43376 N 00119.95169 E 8 1 0 1
2021 11 06 01 27 19 23604.625  -699.639 39175.519  12.76  12.21   57  594.4 4152.43384 N 00119.95154 E 8 1 0 1
2021 11 06 01 27 20 23603.300  -698.849 39177.484  12.76  12.21   57  594.2 4152.43388 N 00119.95144 E 8 1 0 1
2021 11 06 01 27 21 23604.504  -699.567 39175.682  12.76  12.21   57  594.4 4152.43382 N 00119.95119 E 8 1 0 1
2021 11 06 01 27 22 23603.238  -698.882 39177.441  12.76  12.21   58  594.3 4152.43360 N 00119.95119 E 7 1 0 1
2021 11 06 01 27 23 23604.416  -699.548 39175.724  12.76  12.21   57  594.5 4152.43362 N 00119.95086 E 8 1 0 1
2021 11 06 01 27 24 23603.093  -698.712 39177.685  12.76  12.21   57  594.6 4152.43350 N 00119.95082 E 8 1 0 1
2021 11 06 01 27 25 23604.730  -699.639 39175.336  12.76  12.21   57  594.7 4152.43341 N 00119.95065 E 8 1 0 1
2021 11 06 01 27 26 23603.283  -698.584 39177.733  12.76  12.21   57  594.6 4152.43340 N 00119.95035 E 8 1 0 1
2021 11 06 01 27 27 23605.000  -699.453 39175.431  12.76  12.21   57  594.6 4152.43328 N 00119.95036 E 8 1 0 1
2021 11 06 01 27 28 23603.443  -698.479 39177.764  12.76  12.21   57  594.3 4152.43330 N 00119.95002 E 8 1 0 1
2021 11 06 01 27 29 23604.748  -699.278 39175.815  12.76  12.21   57  593.9 4152.43324 N 00119.94987 E 8 1 0 1
2021 11 06 01 27 30 23603.445  -698.584 39177.601  12.76  12.21   57  594.1 4152.43334 N 00119.94954 E 8 1 0 1
2021 11 06 01 27 31 23605.011  -699.324 39175.590  12.76  12.21   57  594.2 4152.43340 N 00119.94927 E 8 1 0 1
2021 11 06 01 27 32 23603.673  -698.607 39177.478  12.76  12.21   57  594.4 4152.43336 N 00119.94940 E 8 1 0 1
2021 11 06 01 27 33 23604.705  -699.181 39175.974  12.76  12.21   57  594.7 4152.43343 N 00119.94913 E 8 1 0 1
2021 11 06 01 27 34 23603.681  -698.554 39177.556  12.76  12.21   57  594.6 4152.43349 N 00119.94898 E 8 1 0 1
2021 11 06 01 27 35 23604.697  -699.008 39176.207  12.76  12.21   57  594.6 4152.43337 N 00119.94869 E 8 1 0 1
2021 11 06 01 27 36 23603.724  -698.347 39177.734  12.76  12.21   57  594.6 4152.43370 N 00119.94883 E 8 1 0 1
2021 11 06 01 27 37 23605.066  -699.192 39175.691  12.76  12.21   57  595.1 4152.43402 N 00119.94883 E 8 1 0 1
2021 11 06 01 27 38 23603.605  -698.498 39177.621  12.76  12.21   57  595.0 4152.43405 N 00119.94905 E 8 1 0 1
2021 11 06 01 27 39 23604.513  -698.995 39176.295  12.76  12.21   57  594.9 4152.43382 N 00119.94921 E 8 1 0 1
2021 11 06 01 27 40 23603.707  -698.409 39177.637  12.76  12.21   57  595.1 4152.43399 N 00119.94907 E 8 1 0 1
2021 11 06 01 27 41 23605.095  -699.145 39175.687  12.76  12.21   57  595.2 4152.43425 N 00119.94901 E 8 1 0 1
2021 11 06 01 27 42 23603.902  -698.362 39177.552  12.76  12.21   58  595.3 4152.43422 N 00119.94886 E 8 1 0 1
2021 11 06 01 27 43 23605.090  -698.874 39176.041  12.76  12.21   57  595.2 4152.43367 N 00119.94890 E 8 1 0 1
2021 11 06 01 27 44 23605.633  -699.146 39175.332  12.76  12.21   57  595.6 4152.43416 N 00119.94873 E 8 1 0 1
2021 11 06 01 27 45 23603.968  -698.373 39177.471  12.76  12.21   57  596.1 4152.43442 N 00119.94881 E 8 1 0 1
2021 11 06 01 27 46 23603.869  -698.422 39177.416  12.76  12.21   57  596.2 4152.43462 N 00119.94902 E 8 1 0 1
2021 11 06 01 27 47 23603.681  -698.416 39177.539  12.76  12.21   57  596.6 4152.43466 N 00119.94887 E 8 1 0 1
2021 11 06 01 27 48 23604.836  -699.033 39175.919  12.76  12.21   57  597.1 4152.43418 N 00119.94860 E 8 1 0 1
2021 11 06 01 27 49 23603.701  -698.368 39177.601  12.76  12.21   57  597.2 4152.43474 N 00119.94857 E 8 1 0 1
2021 11 06 01 27 50 23604.789  -698.926 39176.121  12.76  12.21   57  597.1 4152.43575 N 00119.94895 E 8 1 0 1
2021 11 06 01 27 51 23603.963  -698.337 39177.482  12.76  12.21   57  597.3 4152.43594 N 00119.94890 E 8 1 0 1
2021 11 06 01 27 52 23604.869  -698.927 39176.102  12.76  12.21   57  597.9 4152.43643 N 00119.94880 E 9 1 0 1
2021 11 06 01 27 53 23603.767  -698.355 39177.637  12.76  12.21   57  598.1 4152.43660 N 00119.94891 E 9 1 0 1
2021 11 06 01 27 54 23605.205  -699.046 39175.758  12.76  12.21   57  598.5 4152.43627 N 00119.94876 E 9 1 0 1
2021 11 06 01 27 55 23603.795  -698.191 39177.835  12.76  12.21   57  598.9 4152.43662 N 00119.94868 E 9 1 0 1
2021 11 06 01 27 56 23604.709  -698.762 39176.463  12.76  12.21   57  599.0 4152.43609 N 00119.94859 E 9 1 0 1
2021 11 06 01 27 57 23603.832  -698.298 39177.657  12.76  12.21   57  599.2 4152.43585 N 00119.94858 E 9 1 0 1
2021 11 06 01 27 58 23605.125  -698.803 39176.064  12.76  12.21   57  599.1 4152.43614 N 00119.94864 E 9 1 0 1
2021 11 06 01 27 59 23603.968  -698.056 39177.910  12.76  12.21   57  599.4 4152.43638 N 00119.94868 E 9 1 0 1
2021 11 06 01 28 00 23605.205  -698.969 39175.792  12.76  12.21   57  599.6 4152.43619 N 00119.94874 E 9 1 0 1
2021 11 06 01 28 01 23603.896  -698.163 39177.730  12.76  12.21   57  599.6 4152.43622 N 00119.94891 E 9 1 0 1
2021 11 06 01 28 02 23605.201  -698.909 39175.800  12.76  12.21   57  600.1 4152.43679 N 00119.94903 E 9 1 0 1
2021 11 06 01 28 03 23603.707  -698.105 39177.904  12.76  12.21   57  600.4 4152.43679 N 00119.94899 E 9 1 0 1
2021 11 06 01 28 04 23604.982  -698.828 39176.012  12.76  12.21   57  600.6 4152.43669 N 00119.94903 E 8 1 0 1
2021 11 06 01 28 05 23603.646  -697.992 39178.040  12.76  12.21   57  600.6 4152.43647 N 00119.94911 E 9 1 0 1
2021 11 06 01 28 06 23605.265  -698.898 39175.706  12.76  12.21   57  600.9 4152.43675 N 00119.94910 E 9 1 0 1
2021 11 06 01 28 07 23603.627  -697.959 39178.126  12.76  12.21   56  601.0 4152.43673 N 00119.94917 E 9 1 0 1
2021 11 06 01 28 08 23605.205  -698.770 39175.963  12.76  12.21   57  601.2 4152.43706 N 00119.94923 E 9 1 0 1
2021 11 06 01 28 09 23603.851  -697.929 39178.018  12.76  12.21   57  601.3 4152.43667 N 00119.94941 E 9 1 0 1
2021 11 06 01 28 10 23605.287  -698.869 39175.730  12.76  12.21   57  601.4 4152.43691 N 00119.94950 E 9 1 0 1
2021 11 06 01 28 11 23603.855  -697.978 39177.963  12.76  12.21   57  601.3 4152.43665 N 00119.94967 E 9 1 0 1
2021 11 06 01 28 12 23605.273  -698.709 39175.971  12.76  12.21   57  601.7 4152.43637 N 00119.94951 E 9 1 0 1
2021 11 06 01 28 13 23603.986  -697.896 39177.932  12.76  12.21   57  601.9 4152.43600 N 00119.94954 E 9 1 0 1
2021 11 06 01 28 14 23605.418  -698.644 39175.944  12.76  12.21   57  602.1 4152.43582 N 00119.94944 E 9 1 0 1
2021 11 06 01 28 15 23603.855  -697.953 39177.932  12.76  12.21   57  602.3 4152.43577 N 00119.94934 E 9 1 0 1
2021 11 06 01 28 16 23604.529  -698.580 39176.586  12.76  12.21   57  602.2 4152.43566 N 00119.94938 E 9 1 0 1
2021 11 06 01 28 17 23602.541  -697.551 39179.283  12.76  12.21   57  602.3 4152.43559 N 00119.94936 E 9 1 0 1
2021 11 06 01 28 18 23605.349  -699.322 39174.976  12.76  12.21   57  602.3 4152.43523 N 00119.94939 E 9 1 0 1
2021 11 06 01 28 19 23603.560  -698.203 39177.763  12.76  12.21   57  602.4 4152.43490 N 00119.94926 E 9 1 0 1
2021 11 06 01 28 20 23604.564  -698.763 39176.310  12.76  12.21   57  602.6 4152.43488 N 00119.94908 E 9 1 0 1
2021 11 06 01 28 21 23603.675  -698.189 39177.655  12.76  12.21   57  602.6 4152.43476 N 00119.94896 E 9 1 0 1
2021 11 06 01 28 22 23603.832  -698.231 39177.480  12.76  12.21   57  602.8 4152.43451 N 00119.94877 E 9 1 0 1
2021 11 06 01 28 23 23603.732  -698.137 39177.690  12.76  12.21   57  602.6 4152.43437 N 00119.94877 E 9 1 0 1
2021 11 06 01 28 24 23604.722  -698.622 39176.372  12.76  12.21   57  602.8 4152.43422 N 00119.94866 E 9 1 0 1
2021 11 06 01 28 25 23603.802  -698.126 39177.679  12.76  12.21   57  602.7 4152.43389 N 00119.94901 E 9 1 0 1
2021 11 06 01 28 26 23604.488  -698.582 39176.531  12.76  12.21   57  602.6 4152.43367 N 00119.94893 E 9 1 0 1
2021 11 06 01 28 27 23605.318  -698.992 39175.415  12.76  12.21   57  602.1 4152.43394 N 00119.94931 E 9 1 0 1
2021 11 06 01 28 28 23604.056  -698.044 39177.539  12.76  12.21   57  602.1 4152.43369 N 00119.94938 E 9 1 0 1
2021 11 06 01 28 29 23604.754  -698.375 39176.566  12.76  12.21   57  602.2 4152.43389 N 00119.94908 E 9 1 0 1
2021 11 06 01 28 30 23604.031  -697.895 39177.761  12.76  12.21   57  602.1 4152.43380 N 00119.94925 E 9 1 0 1
2021 11 06 01 28 31 23605.302  -698.501 39176.071  12.76  12.21   57  602.2 4152.43396 N 00119.94907 E 9 1 0 1
2021 11 06 01 28 32 23604.134  -697.815 39177.785  12.76  12.21   57  602.3 4152.43385 N 00119.94879 E 9 1 0 1
2021 11 06 01 28 33 23605.117  -698.408 39176.319  12.76  12.21   56  602.2 4152.43389 N 00119.94877 E 9 1 0 1
2021 11 06 01 28 34 23603.902  -697.844 39177.904  12.76  12.21   57  602.3 4152.43401 N 00119.94858 E 9 1 0 1
2021 11 06 01 28 35 23605.127  -698.702 39175.876  12.76  12.21   57  602.3 4152.43410 N 00119.94848 E 9 1 0 1
2021 11 06 01 28 36 23603.898  -697.994 39177.643  12.76  12.21   57  602.3 4152.43448 N 00119.94841 E 8 1 0 1
2021 11 06 01 28 37 23604.658  -698.442 39176.539  12.76  12.21   57  602.1 4152.43485 N 00119.94823 E 9 1 0 1
2021 11 06 01 28 38 23603.670  -697.918 39177.911  12.76  12.21   57  602.2 4152.43502 N 00119.94808 E 9 1 0 1
2021 11 06 01 28 39 23605.142  -698.728 39175.826  12.76  12.21   57  602.0 4152.43496 N 00119.94814 E 9 1 0 1
2021 11 06 01 28 40 23603.755  -697.879 39177.923  12.76  12.21   57  601.8 4152.43507 N 00119.94821 E 9 1 0 1
2021 11 06 01 28 41 23604.828  -698.514 39176.318  12.76  12.21   57  601.7 4152.43513 N 00119.94820 E 9 1 0 1
2021 11 06 01 28 42 23603.894  -697.969 39177.682  12.76  12.21   57  601.6 4152.43488 N 00119.94827 E 9 1 0 1
2021 11 06 01 28 43 23604.914  -698.588 39176.124  12.76  12.21   57  601.7 4152.43469 N 00119.94810 E 9 1 0 1
2021 11 06 01 28 44 23603.752  -697.906 39177.853  12.76  12.21   57  601.5 4152.43460 N 00119.94819 E 9 1 0 1
2021 11 06 01 28 45 23605.134  -698.746 39175.751  12.76  12.21   57  601.5 4152.43465 N 00119.94818 E 9 1 0 1
2021 11 06 01 28 46 23603.629  -697.805 39178.062  12.76  12.21   57  601.3 4152.43465 N 00119.94830 E 9 1 0 1
2021 11 06 01 28 47 23602.712  -697.354 39179.251  12.76  12.21   57  601.4 4152.43463 N 00119.94838 E 9 1 0 1
2021 11 06 01 28 48 23605.004  -698.795 39175.716  12.76  12.21   57  601.3 4152.43498 N 00119.94853 E 8 1 0 1
2021 11 06 01 28 49 23605.511  -699.112 39174.909  12.76  12.21   57  601.2 4152.43491 N 00119.94863 E 9 1 0 1
2021 11 06 01 28 50 23603.246  -697.795 39178.165  12.76  12.21   57  601.0 4152.43467 N 00119.94872 E 9 1 0 1
2021 11 06 01 28 51 23604.986  -698.925 39175.478  12.76  12.21   57  600.7 4152.43480 N 00119.94891 E 8 1 0 1
2021 11 06 01 28 52 23602.769  -697.656 39178.691  12.76  12.21   57  600.4 4152.43459 N 00119.94905 E 9 1 0 1
2021 11 06 01 28 53 23604.699  -698.815 39175.749  12.76  12.21   57  600.3 4152.43459 N 00119.94916 E 9 1 0 1
2021 11 06 01 28 54 23603.396  -697.827 39178.006  12.76  12.21   57  600.2 4152.43489 N 00119.94930 E 9 1 0 1
2021 11 06 01 28 55 23604.353  -698.679 39176.155  12.75  12.21   57  599.9 4152.43519 N 00119.94939 E 9 1 0 1
2021 11 06 01 28 56 23602.957  -698.204 39177.720  12.76  12.21   57  599.8 4152.43516 N 00119.94952 E 9 1 0 1
2021 11 06 01 28 57 23604.359  -699.037 39175.634  12.76  12.21   57  599.7 4152.43499 N 00119.94956 E 9 1 0 1
2021 11 06 01 28 58 23603.146  -698.211 39177.639  12.76  12.21   57  599.4 4152.43507 N 00119.94968 E 9 1 0 1
2021 11 06 01 28 59 23604.365  -698.927 39175.829  12.76  12.21   57  599.3 4152.43508 N 00119.94967 E 9 1 0 1
2021 11 06 01 29 00 23601.558  -699.395 39176.749  12.76  12.21   57  599.5 4152.43480 N 00119.94954 E 9 1 0 1
2021 11 06 01 29 01 23604.091  -699.051 39175.750  12.76  12.21   57  599.3 4152.43459 N 00119.94956 E 9 1 0 1
2021 11 06 01 29 02 23603.086  -698.254 39177.506  12.75  12.21   57  599.0 4152.43428 N 00119.94966 E 8 1 0 1
2021 11 06 01 29 03 23604.550  -698.789 39175.810  12.75  12.21   57  598.9 4152.43453 N 00119.94977 E 9 1 0 1
2021 11 06 01 29 04 23603.283  -697.861 39177.880  12.75  12.21   57  598.8 4152.43454 N 00119.94981 E 9 1 0 1
2021 11 06 01 29 05 23604.554  -698.473 39176.202  12.75  12.21   57  598.7 4152.43436 N 00119.94973 E 9 1 0 1
2021 11 06 01 29 06 23603.457  -697.826 39177.823  12.75  12.21   57  598.4 4152.43421 N 00119.94980 E 9 1 0 1
2021 11 06 01 29 07 23604.338  -698.333 39176.454  12.75  12.21   57  598.2 4152.43419 N 00119.94991 E 9 1 0 1
2021 11 06 01 29 08 23603.291  -697.841 39177.775  12.75  12.21   57  598.3 4152.43454 N 00119.94985 E 9 1 0 1
2021 11 06 01 29 09 23604.379  -698.478 39176.170  12.75  12.21   57  597.8 4152.43444 N 00119.95017 E 9 1 0 1
2021 11 06 01 29 10 23604.951  -698.781 39175.367  12.75  12.21   57  597.7 4152.43450 N 00119.95010 E 9 1 0 1
2021 11 06 01 29 11 23603.496  -697.849 39177.604  12.75  12.21   57  597.5 4152.43503 N 00119.95014 E 9 1 0 1
2021 11 06 01 29 12 23604.365  -698.476 39176.162  12.75  12.21   57  597.3 4152.43506 N 00119.95003 E 9 1 0 1
2021 11 06 01 29 13 23603.554  -697.875 39177.597  12.75  12.21   57  597.2 4152.43508 N 00119.94995 E 9 1 0 1
2021 11 06 01 29 14 23604.134  -698.790 39175.869  12.75  12.21   57  597.3 4152.43502 N 00119.94988 E 9 1 0 1
2021 11 06 01 29 15 23603.201  -698.170 39177.358  12.75  12.21   57  597.0 4152.43525 N 00119.95016 E 9 1 0 1
2021 11 06 01 29 16 23604.045  -698.544 39176.300  12.75  12.21   57  596.9 4152.43554 N 00119.95022 E 9 1 0 1
2021 11 06 01 29 17 23602.853  -697.795 39178.189  12.75  12.21   57  596.2 4152.43564 N 00119.95063 E 9 1 0 1
2021 11 06 01 29 18 23604.289  -698.513 39176.232  12.75  12.21   57  596.0 4152.43565 N 00119.95080 E 9 1 0 1
2021 11 06 01 29 19 23603.287  -697.801 39177.880  12.75  12.21   57  595.6 4152.43556 N 00119.95110 E 9 1 0 1
2021 11 06 01 29 20 23604.771  -698.667 39175.721  12.75  12.21   58  595.3 4152.43541 N 00119.95132 E 9 1 0 1
2021 11 06 01 29 21 23603.466  -697.790 39177.838  12.75  12.21   57  595.2 4152.43526 N 00119.95149 E 9 1 0 1
2021 11 06 01 29 22 23604.566  -698.579 39176.023  12.75  12.21   57  595.1 4152.43536 N 00119.95161 E 9 1 0 1
2021 11 06 01 29 23 23603.369  -697.959 39177.667  12.75  12.21   57  595.3 4152.43536 N 00119.95167 E 9 1 0 1
2021 11 06 01 29 24 23604.531  -698.557 39176.054  12.75  12.21   57  595.1 4152.43552 N 00119.95173 E 9 1 0 1
2021 11 06 01 29 25 23603.211  -697.731 39178.031  12.75  12.21   57  594.9 4152.43566 N 00119.95187 E 9 1 0 1
2021 11 06 01 29 26 23604.591  -698.561 39175.949  12.75  12.21   57  595.3 4152.43589 N 00119.95173 E 9 1 0 1
2021 11 06 01 29 27 23603.140  -697.706 39178.042  12.75  12.21   57  595.2 4152.43603 N 00119.95179 E 9 1 0 1
2021 11 06 01 29 28 23604.267  -698.376 39176.340  12.75  12.21   57  595.5 4152.43586 N 00119.95160 E 9 1 0 1
2021 11 06 01 29 29 23603.103  -697.730 39177.991  12.75  12.21   57  596.0 4152.43609 N 00119.95134 E 9 1 0 1
2021 11 06 01 29 30 23604.486  -698.563 39175.882  12.75  12.21   57  596.3 4152.43628 N 00119.95121 E 9 1 0 1
2021 11 06 01 29 31 23602.982  -697.734 39178.041  12.75  12.21   57  596.2 4152.43660 N 00119.95125 E 9 1 0 1
2021 11 06 01 29 32 23604.564  -698.671 39175.676  12.75  12.21   57  596.3 4152.43644 N 00119.95113 E 9 1 0 1
2021 11 06 01 29 33 23603.046  -697.790 39177.940  12.75  12.21   57  596.7 4152.43601 N 00119.95106 E 9 1 0 1
2021 11 06 01 29 34 23604.445  -698.610 39175.851  12.75  12.21   57  596.6 4152.43574 N 00119.95087 E 8 1 0 1
2021 11 06 01 29 35 23603.023  -697.690 39178.084  12.75  12.21   57  596.6 4152.43553 N 00119.95089 E 9 1 0 1
2021 11 06 01 29 36 23604.255  -698.353 39176.363  12.75  12.21   57  596.8 4152.43561 N 00119.95064 E 9 1 0 1
2021 11 06 01 29 37 23603.000  -697.620 39178.205  12.75  12.21   57  597.1 4152.43544 N 00119.95030 E 9 1 0 1
2021 11 06 01 29 38 23604.611  -698.531 39175.855  12.75  12.21   57  597.1 4152.43512 N 00119.94998 E 9 1 0 1
2021 11 06 01 29 39 23603.300  -697.575 39178.054  12.75  12.21   57  597.2 4152.43501 N 00119.94986 E 9 1 0 1
2021 11 06 01 29 40 23604.466  -698.062 39176.617  12.75  12.21   57  597.5 4152.43505 N 00119.95012 E 8 1 0 1
2021 11 06 01 29 41 23603.447  -697.384 39178.222  12.75  12.21   57  597.3 4152.43530 N 00119.95004 E 9 1 0 1
2021 11 06 01 29 42 23604.683  -698.065 39176.466  12.75  12.21   57  597.3 4152.43556 N 00119.95006 E 9 1 0 1
2021 11 06 01 29 43 23603.572  -697.399 39178.043  12.75  12.21   57  597.3 4152.43578 N 00119.95021 E 9 1 0 1
2021 11 06 01 29 44 23604.881  -698.165 39176.066  12.75  12.21   57  597.4 4152.43615 N 00119.94996 E 9 1 0 1
2021 11 06 01 29 45 23603.617  -697.417 39177.942  12.75  12.21   57  597.6 4152.43573 N 00119.94951 E 9 1 0 1
2021 11 06 01 29 46 23604.410  -697.945 39176.616  12.75  12.21   57  597.9 4152.43597 N 00119.94924 E 9 1 0 1
2021 11 06 01 29 47 23603.058  -697.141 39178.569  12.75  12.21   57  597.9 4152.43616 N 00119.94896 E 9 1 0 1
2021 11 06 01 29 48 23604.728  -698.036 39176.220  12.75  12.21   57  598.0 4152.43599 N 00119.94870 E 9 1 0 1
2021 11 06 01 29 49 23603.578  -697.313 39177.980  12.75  12.21   57  597.7 4152.43611 N 00119.94875 E 9 1 0 1
2021 11 06 01 29 50 23604.736  -698.019 39176.228  12.75  12.21   57  597.5 4152.43589 N 00119.94907 E 9 1 0 1
2021 11 06 01 29 51 23603.453  -697.313 39178.022  12.75  12.21   57  597.5 4152.43621 N 00119.94902 E 9 1 0 1
2021 11 06 01 29 52 23602.882  -697.004 39178.844  12.75  12.21   57  597.3 4152.43597 N 00119.94906 E 9 1 0 1
2021 11 06 01 29 53 23604.355  -697.874 39176.615  12.75  12.21   57  597.1 4152.43613 N 00119.94884 E 9 1 0 1
2021 11 06 01 29 54 23603.357  -697.420 39177.858  12.75  12.21   57  597.1 4152.43624 N 00119.94910 E 9 1 0 1
2021 11 06 01 29 55 23604.312  -698.236 39176.062  12.75  12.21   57  596.7 4152.43642 N 00119.94868 E 9 1 0 1
2021 11 06 01 29 56 23603.248  -697.638 39177.628  12.75  12.21   57  596.7 4152.43618 N 00119.94848 E 9 1 0 1
2021 11 06 01 29 57 23603.824  -698.008 39176.690  12.75  12.21   57  596.6 4152.43619 N 00119.94851 E 9 1 0 1
2021 11 06 01 29 58 23603.150  -697.496 39177.822  12.75  12.21   57  596.4 4152.43606 N 00119.94882 E 9 1 0 1
2021 11 06 01 29 59 23604.363  -698.061 39176.116  12.75  12.21   57  596.3 4152.43579 N 00119.94879 E 9 1 0 1
2021 11 06 01 30 00 23603.181  -697.318 39177.864  12.75  12.21   57  596.1 4152.43574 N 00119.94903 E 9 1 0 1
2021 11 06 01 30 01 23604.427  -697.981 39176.077  12.75  12.21   57  595.6 4152.43608 N 00119.94900 E 9 1 0 1
2021 11 06 01 30 02 23603.244  -697.335 39177.704  12.75  12.21   57  595.2 4152.43609 N 00119.94941 E 9 1 0 1
2021 11 06 01 30 03 23604.322  -698.121 39175.823  12.75  12.21   57  595.3 4152.43620 N 00119.94937 E 9 1 0 1
2021 11 06 01 30 04 23602.908  -697.215 39177.869  12.75  12.21   57  595.5 4152.43601 N 00119.94947 E 9 1 0 1
2021 11 06 01 30 05 23603.798  -697.675 39176.641  12.75  12.21   57  595.6 4152.43621 N 00119.94958 E 9 1 0 1
2021 11 06 01 30 06 23602.773  -697.192 39177.934  12.75  12.21   57  595.5 4152.43633 N 00119.94985 E 9 1 0 1
2021 11 06 01 30 07 23604.107  -698.082 39175.716  12.75  12.21   57  595.8 4152.43656 N 00119.95013 E 9 1 0 1
2021 11 06 01 30 08 23602.666  -697.287 39177.758  12.75  12.21   57  596.0 4152.43681 N 00119.95030 E 8 1 0 1
2021 11 06 01 30 09 23603.791  -697.891 39176.107  12.75  12.21   57  596.0 4152.43671 N 00119.95055 E 8 1 0 1
2021 11 06 01 30 10 23602.535  -697.279 39177.781  12.75  12.21   57  596.0 4152.43675 N 00119.95057 E 9 1 0 1
2021 11 06 01 30 11 23603.679  -697.869 39176.219  12.75  12.21   57  596.1 4152.43670 N 00119.95058 E 9 1 0 1
2021 11 06 01 30 12 23602.664  -697.027 39178.046  12.75  12.21   57  596.1 4152.43666 N 00119.95045 E 9 1 0 1
2021 11 06 01 30 13 23604.367  -697.936 39175.611  12.75  12.21   57  596.1 4152.43670 N 00119.95021 E 8 1 0 1
2021 11 06 01 30 14 23602.503  -697.060 39178.010  12.75  12.21   57  596.4 4152.43678 N 00119.95037 E 9 1 0 1
2021 11 06 01 30 15 23604.002  -697.935 39175.823  12.75  12.21   57  596.6 4152.43666 N 00119.95040 E 9 1 0 1
2021 11 06 01 30 16 23602.433  -697.109 39177.923  12.75  12.21   57  596.7 4152.43664 N 00119.95035 E 9 1 0 1
2021 11 06 01 30 17 23603.847  -697.634 39176.289  12.75  12.21   57  596.9 4152.43647 N 00119.95053 E 9 1 0 1
2021 11 06 01 30 18 23601.958  -696.324 39179.337  12.75  12.21   57  597.0 4152.43650 N 00119.95024 E 9 1 0 1
2021 11 06 01 30 19 23604.660  -698.165 39175.006  12.75  12.21   57  596.9 4152.43652 N 00119.95046 E 9 1 0 1
2021 11 06 01 30 20 23602.601  -696.983 39177.979  12.75  12.21   57  597.1 4152.43663 N 00119.95043 E 9 1 0 1
2021 11 06 01 30 21 23604.113  -697.470 39176.278  12.75  12.21   57  597.0 4152.43637 N 00119.95050 E 9 1 0 1
2021 11 06 01 30 22 23602.675  -696.894 39177.936  12.75  12.21   57  597.1 4152.43631 N 00119.95060 E 9 1 0 1
2021 11 06 01 30 23 23603.806  -697.466 39176.362  12.75  12.21   57  597.4 4152.43651 N 00119.95053 E 9 1 0 1
2021 11 06 01 30 24 23602.806  -696.717 39178.092  12.75  12.21   57  597.6 4152.43636 N 00119.95082 E 9 1 0 1
2021 11 06 01 30 25 23604.179  -697.331 39176.309  12.75  12.21   57  597.5 4152.43630 N 00119.95055 E 9 1 0 1
2021 11 06 01 30 26 23602.746  -696.843 39177.905  12.75  12.21   57  597.7 4152.43629 N 00119.95028 E 9 1 0 1
2021 11 06 01 30 27 23603.523  -697.475 39176.457  12.75  12.21   57  598.0 4152.43630 N 00119.94992 E 9 1 0 1
2021 11 06 01 30 28 23602.417  -696.999 39177.848  12.75  12.21   57  597.9 4152.43607 N 00119.94992 E 9 1 0 1
2021 11 06 01 30 29 23603.462  -697.862 39175.897  12.75  12.21   57  598.0 4152.43609 N 00119.94958 E 9 1 0 1
2021 11 06 01 30 30 23602.490  -696.898 39177.887  12.75  12.21   57  598.4 4152.43613 N 00119.94919 E 9 1 0 1
2021 11 06 01 30 31 23603.722  -697.373 39176.396  12.75  12.21   57  598.5 4152.43613 N 00119.94912 E 9 1 0 1
2021 11 06 01 30 32 23602.802  -696.681 39178.013  12.75  12.21   57  598.5 4152.43616 N 00119.94874 E 9 1 0 1
2021 11 06 01 30 33 23604.033  -697.185 39176.483  12.75  12.21   57  598.7 4152.43626 N 00119.94861 E 9 1 0 1
2021 11 06 01 30 34 23603.025  -696.400 39178.228  12.75  12.21   57  598.8 4152.43604 N 00119.94831 E 9 1 0 1
2021 11 06 01 30 35 23602.513  -695.972 39179.151  12.75  12.21   57  598.9 4152.43584 N 00119.94733 E 9 1 0 1
2021 11 06 01 30 36 23603.869  -697.006 39176.808  12.75  12.21   57  598.7 4152.43564 N 00119.94714 E 9 1 0 1
2021 11 06 01 30 37 23603.087  -696.629 39177.886  12.75  12.21   57  599.0 4152.43579 N 00119.94735 E 9 1 0 1
2021 11 06 01 30 38 23603.875  -697.124 39176.653  12.75  12.21   57  599.0 4152.43560 N 00119.94676 E 9 1 0 1
2021 11 06 01 30 39 23602.888  -696.688 39177.893  12.75  12.21   57  599.2 4152.43533 N 00119.94670 E 9 1 0 1
2021 11 06 01 30 40 23604.254  -697.189 39176.344  12.75  12.21   57  599.1 4152.43523 N 00119.94702 E 9 1 0 1
2021 11 06 01 30 41 23603.025  -696.578 39178.030  12.75  12.21   57  599.0 4152.43505 N 00119.94698 E 9 1 0 1
2021 11 06 01 30 42 23603.880  -697.292 39176.447  12.75  12.21   57  599.4 4152.43525 N 00119.94667 E 9 1 0 1
2021 11 06 01 30 43 23603.123  -696.697 39177.797  12.75  12.21   57  599.5 4152.43516 N 00119.94665 E 9 1 0 1
2021 11 06 01 30 44 23603.650  -697.346 39176.528  12.75  12.21   57  599.8 4152.43549 N 00119.94688 E 9 1 0 1
2021 11 06 01 30 45 23602.535  -696.953 39177.845  12.75  12.21   57  600.0 4152.43542 N 00119.94677 E 9 1 0 1
2021 11 06 01 30 46 23603.875  -697.556 39176.097  12.75  12.21   57  600.1 4152.43580 N 00119.94659 E 9 1 0 1
2021 11 06 01 30 47 23602.767  -696.632 39178.142  12.75  12.21   57  600.2 4152.43575 N 00119.94667 E 9 1 0 1
2021 11 06 01 30 48 23603.425  -696.782 39177.507  12.75  12.21   57  600.3 4152.43573 N 00119.94681 E 8 1 0 1
2021 11 06 01 30 49 23602.959  -696.452 39178.329  12.75  12.21   57  600.2 4152.43571 N 00119.94704 E 9 1 0 1
2021 11 06 01 30 50 23604.295  -697.370 39176.158  12.75  12.21   57  600.2 4152.43598 N 00119.94715 E 9 1 0 1
2021 11 06 01 30 51 23602.826  -696.502 39178.336  12.75  12.21   57  600.0 4152.43635 N 00119.94749 E 9 1 0 1
2021 11 06 01 30 52 23604.173  -697.242 39176.394  12.75  12.21   57  599.8 4152.43681 N 00119.94776 E 9 1 0 1
2021 11 06 01 30 53 23602.298  -696.014 39179.364  12.75  12.21   58  599.9 4152.43684 N 00119.94788 E 8 1 0 1
2021 11 06 01 30 54 23604.173  -697.243 39176.410  12.75  12.21   57  599.8 4152.43679 N 00119.94773 E 8 1 0 1
2021 11 06 01 30 55 23602.664  -696.578 39178.293  12.75  12.21   57  599.7 4152.43683 N 00119.94781 E 9 1 0 1
2021 11 06 01 30 56 23604.054  -697.277 39176.402  12.75  12.21   57  599.5 4152.43654 N 00119.94802 E 9 1 0 1
2021 11 06 01 30 57 23602.685  -696.301 39178.662  12.75  12.21   57  599.6 4152.43625 N 00119.94796 E 9 1 0 1
2021 11 06 01 30 58 23604.291  -697.172 39176.348  12.75  12.21   57  599.7 4152.43615 N 00119.94796 E 9 1 0 1
2021 11 06 01 30 59 23602.748  -696.271 39178.623  12.75  12.21   57  599.3 4152.43606 N 00119.94814 E 9 1 0 1
2021 11 06 01 31 00 23604.195  -697.237 39176.285  12.75  12.21   57  599.2 4152.43621 N 00119.94825 E 9 1 0 1
2021 11 06 01 31 01 23602.689  -696.248 39178.603  12.75  12.21   57  599.3 4152.43615 N 00119.94828 E 9 1 0 1
2021 11 06 01 31 02 23604.076  -697.013 39176.611  12.75  12.21   57  599.4 4152.43586 N 00119.94841 E 9 1 0 1
2021 11 06 01 31 03 23602.707  -696.205 39178.580  12.75  12.21   57  599.6 4152.43535 N 00119.94850 E 9 1 0 1
2021 11 06 01 31 04 23604.152  -696.976 39176.510  12.75  12.21   57  599.6 4152.43526 N 00119.94857 E 8 1 0 1
2021 11 06 01 31 05 23602.751  -696.199 39178.463  12.75  12.21   57  599.7 4152.43498 N 00119.94870 E 9 1 0 1
2021 11 06 01 31 06 23604.091  -697.059 39176.412  12.75  12.21   57  599.7 4152.43477 N 00119.94892 E 9 1 0 1
2021 11 06 01 31 07 23602.552  -696.310 39178.392  12.75  12.21   57  599.7 4152.43476 N 00119.94898 E 8 1 0 1
2021 11 06 01 31 08 23603.619  -696.957 39176.771  12.75  12.21   57  599.6 4152.43518 N 00119.94912 E 9 1 0 1
2021 11 06 01 31 09 23602.519  -696.277 39178.422  12.75  12.21   57  600.1 4152.43515 N 00119.94889 E 8 1 0 1
2021 11 06 01 31 10 23603.843  -697.058 39176.430  12.75  12.21   57  600.6 4152.43497 N 00119.94868 E 9 1 0 1
2021 11 06 01 31 11 23602.472  -696.360 39178.325  12.75  12.21   57  601.0 4152.43484 N 00119.94852 E 9 1 0 1
2021 11 06 01 31 12 23603.607  -697.131 39176.436  12.75  12.21   57  601.2 4152.43489 N 00119.94851 E 9 1 0 1
2021 11 06 01 31 13 23602.464  -696.499 39178.068  12.75  12.21   57  601.2 4152.43480 N 00119.94850 E 9 1 0 1
2021 11 06 01 31 14 23603.611  -697.193 39176.304  12.75  12.21   57  601.3 4152.43472 N 00119.94852 E 9 1 0 1
2021 11 06 01 31 15 23602.285  -696.402 39178.218  12.75  12.21   57  601.2 4152.43456 N 00119.94858 E 9 1 0 1
2021 11 06 01 31 16 23603.646  -697.202 39176.214  12.75  12.21   57  601.2 4152.43438 N 00119.94856 E 7 1 0 1
2021 11 06 01 31 17 23603.752  -697.322 39175.927  12.75  12.21   57  601.2 4152.43414 N 00119.94859 E 9 1 0 1
2021 11 06 01 31 18 23602.048  -696.309 39178.450  12.75  12.21   57  601.3 4152.43388 N 00119.94852 E 9 1 0 1
2021 11 06 01 31 19 23603.431  -697.078 39176.450  12.75  12.21   57  601.7 4152.43367 N 00119.94835 E 9 1 0 1
2021 11 06 01 31 20 23602.310  -696.460 39178.035  12.75  12.21   57  601.4 4152.43370 N 00119.94842 E 9 1 0 1
2021 11 06 01 31 21 23603.228  -696.987 39176.702  12.75  12.21   57  601.3 4152.43365 N 00119.94849 E 9 1 0 1
2021 11 06 01 31 22 23602.283  -696.345 39178.214  12.75  12.21   56  601.5 4152.43362 N 00119.94843 E 9 1 0 1
2021 11 06 01 31 23 23602.806  -696.664 39177.400  12.75  12.21   57  601.7 4152.43365 N 00119.94837 E 9 1 0 1
2021 11 06 01 31 24 23602.419  -696.457 39177.962  12.75  12.21   57  602.2 4152.43368 N 00119.94820 E 9 1 0 1
2021 11 06 01 31 25 23603.550  -697.084 39176.307  12.75  12.21   57  602.3 4152.43349 N 00119.94821 E 8 1 0 1
2021 11 06 01 31 26 23602.462  -696.396 39178.009  12.75  12.21   57  602.0 4152.43333 N 00119.94830 E 9 1 0 1
2021 11 06 01 31 27 23603.699  -697.024 39176.296  12.75  12.21   57  602.3 4152.43324 N 00119.94824 E 9 1 0 1
2021 11 06 01 31 28 23602.378  -696.310 39178.133  12.75  12.21   57  602.6 4152.43336 N 00119.94816 E 9 1 0 1
2021 11 06 01 31 29 23603.451  -697.021 39176.415  12.75  12.21   57  603.2 4152.43361 N 00119.94792 E 9 1 0 1
2021 11 06 01 31 30 23602.140  -696.259 39178.357  12.75  12.21   57  603.1 4152.43373 N 00119.94780 E 9 1 0 1
2021 11 06 01 31 31 23603.339  -697.006 39176.512  12.75  12.21   57  603.0 4152.43355 N 00119.94780 E 9 1 0 1
2021 11 06 01 31 32 23602.054  -696.316 39178.298  12.75  12.21   57  603.2 4152.43371 N 00119.94768 E 9 1 0 1
2021 11 06 01 31 33 23603.558  -697.215 39176.085  12.75  12.21   57  603.3 4152.43388 N 00119.94762 E 9 1 0 1
2021 11 06 01 31 34 23602.005  -696.343 39178.286  12.75  12.21   57  603.1 4152.43389 N 00119.94759 E 9 1 0 1
2021 11 06 01 31 35 23603.466  -697.240 39176.123  12.75  12.21   57  603.0 4152.43379 N 00119.94739 E 9 1 0 1
2021 11 06 01 31 36 23602.203  -696.393 39178.171  12.75  12.21   57  603.1 4152.43375 N 00119.94711 E 9 1 0 1
2021 11 06 01 31 37 23603.720  -697.190 39176.004  12.75  12.21   57  602.9 4152.43386 N 00119.94712 E 8 1 0 1
2021 11 06 01 31 38 23602.050  -696.167 39178.520  12.75  12.21   57  602.9 4152.43379 N 00119.94730 E 9 1 0 1
2021 11 06 01 31 39 23603.519  -697.145 39176.166  12.75  12.21   57  602.8 4152.43367 N 00119.94730 E 9 1 0 1
2021 11 06 01 31 40 23602.105  -696.245 39178.411  12.75  12.21   57  602.7 4152.43366 N 00119.94727 E 9 1 0 1
2021 11 06 01 31 41 23604.224  -697.532 39175.295  12.75  12.21   58  602.7 4152.43370 N 00119.94715 E 9 1 0 1
2021 11 06 01 31 42 23602.304  -696.490 39177.957  12.75  12.21   57  602.6 4152.43377 N 00119.94707 E 9 1 0 1
2021 11 06 01 31 43 23603.529  -697.255 39176.050  12.75  12.21   57  602.6 4152.43382 N 00119.94706 E 9 1 0 1
2021 11 06 01 31 44 23601.923  -696.399 39178.294  12.75  12.21   57  602.4 4152.43386 N 00119.94697 E 9 1 0 1
2021 11 06 01 31 45 23603.367  -697.365 39176.014  12.75  12.21   57  602.6 4152.43390 N 00119.94675 E 9 1 0 1
2021 11 06 01 31 46 23601.874  -696.589 39178.021  12.75  12.21   57  602.5 4152.43411 N 00119.94652 E 8 1 0 1
2021 11 06 01 31 47 23603.839  -697.793 39175.130  12.75  12.21   58  602.5 4152.43410 N 00119.94661 E 9 1 0 1
2021 11 06 01 31 48 23601.531  -696.371 39178.529  12.75  12.21   57  602.5 4152.43416 N 00119.94679 E 9 1 0 1
2021 11 06 01 31 49 23603.207  -697.349 39176.068  12.75  12.21   57  602.6 4152.43433 N 00119.94667 E 9 1 0 1
2021 11 06 01 31 50 23601.570  -696.532 39178.304  12.75  12.21   57  602.9 4152.43429 N 00119.94693 E 9 1 0 1
2021 11 06 01 31 51 23602.837  -697.467 39176.124  12.75  12.21   57  603.0 4152.43446 N 00119.94673 E 9 1 0 1
2021 11 06 01 31 52 23601.421  -696.840 39177.961  12.75  12.21   57  602.9 4152.43461 N 00119.94672 E 9 1 0 1
2021 11 06 01 31 53 23602.824  -697.502 39176.097  12.75  12.21   57  603.0 4152.43481 N 00119.94649 E 9 1 0 1
2021 11 06 01 31 54 23601.748  -696.736 39177.967  12.75  12.21   57  603.1 4152.43486 N 00119.94653 E 9 1 0 1
2021 11 06 01 31 55 23602.976  -697.342 39176.320  12.75  12.21   57  603.2 4152.43492 N 00119.94652 E 9 1 0 1
2021 11 06 01 31 56 23601.558  -696.808 39177.997  12.75  12.21   57  603.2 4152.43506 N 00119.94635 E 9 1 0 1
2021 11 06 01 31 57 23602.900  -697.550 39176.055  12.75  12.21   57  603.3 4152.43523 N 00119.94611 E 9 1 0 1
2021 11 06 01 31 58 23601.353  -696.803 39178.042  12.75  12.21   57  603.3 4152.43530 N 00119.94600 E 9 1 0 1
2021 11 06 01 31 59 23602.556  -697.417 39176.337  12.75  12.21   57  602.8 4152.43520 N 00119.94611 E 8 1 0 1
2021 11 06 01 32 00 23603.080  -697.720 39175.581  12.75  12.21   57  602.8 4152.43521 N 00119.94613 E 9 1 0 1
2021 11 06 01 32 01 23601.507  -696.729 39177.914  12.75  12.21   56  602.9 4152.43523 N 00119.94614 E 9 1 0 1
2021 11 06 01 32 02 23602.558  -697.238 39176.507  12.75  12.21   57  602.9 4152.43521 N 00119.94634 E 9 1 0 1
2021 11 06 01 32 03 23601.753  -696.638 39177.845  12.75  12.21   57  602.9 4152.43524 N 00119.94632 E 9 1 0 1
2021 11 06 01 32 04 23602.484  -697.029 39176.806  12.75  12.21   57  602.9 4152.43524 N 00119.94640 E 9 1 0 1
2021 11 06 01 32 05 23601.681  -696.553 39178.024  12.75  12.21   57  603.0 4152.43518 N 00119.94676 E 9 1 0 1
2021 11 06 01 32 06 23602.677  -697.192 39176.457  12.75  12.21   57  603.0 4152.43504 N 00119.94719 E 9 1 0 1
2021 11 06 01 32 07 23601.619  -696.634 39177.988  12.75  12.21   57  603.2 4152.43507 N 00119.94715 E 9 1 0 1
2021 11 06 01 32 08 23602.705  -697.297 39176.360  12.75  12.21   57  603.0 4152.43495 N 00119.94741 E 9 1 0 1
2021 11 06 01 32 09 23601.490  -696.611 39178.089  12.75  12.21   57  603.0 4152.43481 N 00119.94776 E 9 1 0 1
2021 11 06 01 32 10 23602.591  -697.229 39176.461  12.75  12.21   57  602.7 4152.43469 N 00119.94807 E 9 1 0 1
2021 11 06 01 32 11 23601.550  -696.487 39178.128  12.75  12.21   57  602.7 4152.43470 N 00119.94797 E 9 1 0 1
2021 11 06 01 32 12 23602.798  -697.238 39176.279  12.75  12.21   57  602.7 4152.43471 N 00119.94776 E 9 1 0 1
2021 11 06 01 32 13 23601.468  -696.553 39178.073  12.75  12.21   57  603.0 4152.43475 N 00119.94771 E 9 1 0 1
2021 11 06 01 32 14 23602.808  -697.375 39175.998  12.75  12.21   57  603.2 4152.43483 N 00119.94737 E 9 1 0 1
2021 11 06 01 32 15 23601.386  -696.546 39178.064  12.75  12.21   57  603.1 4152.43482 N 00119.94713 E 9 1 0 1
2021 11 06 01 32 16 23602.834  -697.323 39176.002  12.75  12.21   57  602.9 4152.43470 N 00119.94717 E 9 1 0 1
2021 11 06 01 32 17 23601.478  -696.565 39177.905  12.75  12.21   57  603.1 4152.43470 N 00119.94709 E 9 1 0 1
2021 11 06 01 32 18 23602.500  -697.222 39176.323  12.75  12.21   57  603.3 4152.43463 N 00119.94691 E 9 1 0 1
2021 11 06 01 32 19 23600.224  -695.924 39179.598  12.75  12.21   57  603.4 4152.43462 N 00119.94709 E 8 1 0 1
2021 11 06 01 32 20 23603.171  -697.778 39175.090  12.75  12.21   57  603.5 4152.43466 N 00119.94723 E 9 1 0 1
2021 11 06 01 32 21 23601.146  -696.601 39178.047  12.75  12.21   57  603.8 4152.43457 N 00119.94687 E 9 1 0 1
2021 11 06 01 32 22 23602.611  -697.501 39175.853  12.75  12.21   57  603.8 4152.43491 N 00119.94677 E 9 1 0 1
2021 11 06 01 32 23 23601.031  -696.607 39178.140  12.75  12.21   57  603.8 4152.43511 N 00119.94631 E 9 1 0 1
2021 11 06 01 32 24 23602.564  -697.513 39175.872  12.75  12.21   57  603.8 4152.43534 N 00119.94643 E 8 1 0 1
2021 11 06 01 32 25 23601.150  -696.556 39178.141  12.75  12.21   57  603.7 4152.43508 N 00119.94647 E 9 1 0 1
2021 11 06 01 32 26 23602.523  -697.482 39175.923  12.75  12.21   57  603.4 4152.43522 N 00119.94679 E 9 1 0 1
2021 11 06 01 32 27 23601.162  -696.797 39177.771  12.75  12.21   57  603.3 4152.43520 N 00119.94711 E 9 1 0 1
2021 11 06 01 32 28 23602.304  -697.559 39175.902  12.75  12.21   57  603.1 4152.43517 N 00119.94715 E 8 1 0 1
2021 11 06 01 32 29 23600.894  -696.729 39178.011  12.75  12.21   57  602.9 4152.43545 N 00119.94730 E 9 1 0 1
2021 11 06 01 32 30 23602.406  -697.549 39175.860  12.75  12.21   57  602.8 4152.43559 N 00119.94751 E 9 1 0 1
2021 11 06 01 32 31 23600.937  -696.706 39177.953  12.75  12.21   57  602.7 4152.43561 N 00119.94745 E 8 1 0 1
2021 11 06 01 32 32 23602.195  -697.442 39176.061  12.75  12.21   57  602.4 4152.43527 N 00119.94771 E 8 1 0 1
2021 11 06 01 32 33 23600.882  -696.746 39177.890  12.75  12.21   57  602.5 4152.43515 N 00119.94749 E 9 1 0 1
2021 11 06 01 32 34 23602.355  -697.609 39175.692  12.75  12.21   57  602.2 4152.43540 N 00119.94733 E 9 1 0 1
2021 11 06 01 32 35 23600.939  -696.664 39177.937  12.75  12.21   57  602.3 4152.43480 N 00119.94745 E 9 1 0 1
2021 11 06 01 32 36 23602.314  -697.451 39175.874  12.75  12.21   57  602.3 4152.43488 N 00119.94774 E 9 1 0 1
2021 11 06 01 32 37 23601.205  -696.780 39177.518  12.75  12.21   58  602.4 4152.43497 N 00119.94768 E 9 1 0 1
2021 11 06 01 32 38 23602.250  -697.432 39175.932  12.75  12.21   57  601.9 4152.43494 N 00119.94802 E 9 1 0 1
2021 11 06 01 32 39 23601.003  -696.668 39177.816  12.75  12.21   57  601.5 4152.43517 N 00119.94836 E 9 1 0 1
2021 11 06 01 32 40 23602.242  -697.338 39176.049  12.75  12.21   57  601.1 4152.43534 N 00119.94869 E 9 1 0 1
2021 11 06 01 32 41 23601.054  -696.609 39177.906  12.75  12.21   57  601.0 4152.43559 N 00119.94879 E 9 1 0 1
2021 11 06 01 32 42 23602.316  -697.305 39176.104  12.75  12.21   57  600.9 4152.43573 N 00119.94892 E 9 1 0 1
2021 11 06 01 32 43 23602.877  -697.621 39175.340  12.75  12.21   57  600.7 4152.43588 N 00119.94913 E 9 1 0 1
2021 11 06 01 32 44 23601.474  -696.793 39177.442  12.75  12.21   57  600.5 4152.43588 N 00119.94945 E 9 1 0 1
2021 11 06 01 32 45 23602.318  -697.298 39176.174  12.75  12.21   57  600.1 4152.43599 N 00119.94971 E 9 1 0 1
2021 11 06 01 32 46 23601.255  -696.736 39177.658  12.75  12.21   57  600.1 4152.43598 N 00119.94976 E 9 1 0 1
2021 11 06 01 32 47 23602.484  -697.521 39175.778  12.75  12.21   57  600.2 4152.43590 N 00119.94990 E 9 1 0 1
2021 11 06 01 32 48 23601.136  -696.840 39177.619  12.75  12.21   57  600.6 4152.43590 N 00119.94989 E 9 1 0 1
2021 11 06 01 32 49 23601.464  -697.216 39176.808  12.75  12.21   57  600.7 4152.43588 N 00119.94995 E 9 1 0 1
2021 11 06 01 32 50 23600.871  -696.980 39177.567  12.75  12.21   57  600.6 4152.43575 N 00119.94998 E 9 1 0 1
2021 11 06 01 32 51 23601.849  -697.878 39175.623  12.75  12.21   57  600.6 4152.43558 N 00119.94992 E 9 1 0 1
2021 11 06 01 32 52 23600.496  -697.180 39177.441  12.75  12.21   57  600.7 4152.43577 N 00119.94989 E 9 1 0 1
2021 11 06 01 32 53 23601.671  -697.937 39175.595  12.75  12.21   57  600.6 4152.43561 N 00119.94983 E 9 1 0 1
2021 11 06 01 32 54 23600.679  -697.166 39177.333  12.75  12.21   57  600.7 4152.43543 N 00119.94972 E 9 1 0 1
2021 11 06 01 32 55 23601.791  -697.776 39175.720  12.75  12.21   57  600.8 4152.43526 N 00119.94964 E 9 1 0 1
2021 11 06 01 32 56 23600.589  -697.045 39177.542  12.75  12.21   57  600.9 4152.43505 N 00119.94950 E 9 1 0 1
2021 11 06 01 32 57 23602.109  -697.909 39175.364  12.75  12.21   58  601.1 4152.43510 N 00119.94948 E 9 1 0 1
2021 11 06 01 32 58 23600.568  -696.978 39177.647  12.75  12.21   57  601.6 4152.43483 N 00119.94924 E 9 1 0 1
2021 11 06 01 32 59 23601.960  -697.827 39175.565  12.75  12.21   57  601.7 4152.43462 N 00119.94912 E 9 1 0 1
2021 11 06 01 33 00 23600.492  -696.982 39177.701  12.75  12.21   56  601.8 4152.43451 N 00119.94899 E 9 1 0 1
2021 11 06 01 33 01 23601.912  -697.817 39175.620  12.75  12.21   57  602.3 4152.43437 N 00119.94869 E 9 1 0 1
2021 11 06 01 33 02 23600.558  -696.932 39177.725  12.75  12.21   57  602.4 4152.43432 N 00119.94859 E 9 1 0 1
2021 11 06 01 33 03 23602.035  -697.747 39175.632  12.75  12.21   57  602.5 4152.43422 N 00119.94846 E 8 1 0 1
2021 11 06 01 33 04 23600.576  -696.875 39177.787  12.75  12.21   57  602.8 4152.43420 N 00119.94831 E 9 1 0 1
2021 11 06 01 33 05 23602.001  -697.721 39175.667  12.75  12.21   57  602.9 4152.43410 N 00119.94823 E 8 1 0 1
2021 11 06 01 33 06 23600.509  -696.840 39177.864  12.75  12.21   57  603.0 4152.43392 N 00119.94817 E 8 1 0 1
2021 11 06 01 33 07 23602.134  -697.758 39175.504  12.75  12.21   57  603.2 4152.43380 N 00119.94807 E 8 1 0 1
2021 11 06 01 33 08 23600.529  -696.772 39177.946  12.75  12.21   57  603.5 4152.43372 N 00119.94794 E 9 1 0 1
2021 11 06 01 33 09 23602.097  -697.684 39175.604  12.75  12.21   57  603.7 4152.43368 N 00119.94784 E 9 1 0 1
2021 11 06 01 33 10 23600.593  -696.826 39177.779  12.75  12.21   58  604.1 4152.43372 N 00119.94764 E 9 1 0 1
2021 11 06 01 33 11 23601.953  -697.606 39175.763  12.75  12.21   57  603.9 4152.43360 N 00119.94767 E 9 1 0 1
2021 11 06 01 33 12 23600.464  -696.767 39177.899  12.75  12.21   57  604.0 4152.43354 N 00119.94763 E 9 1 0 1
2021 11 06 01 33 13 23601.882  -697.549 39175.864  12.75  12.21   57  604.3 4152.43346 N 00119.94750 E 9 1 0 1
2021 11 06 01 33 14 23600.665  -696.745 39177.791  12.75  12.21   57  604.6 4152.43341 N 00119.94742 E 9 1 0 1
2021 11 06 01 33 15 23601.986  -697.468 39175.926  12.75  12.21   57  604.7 4152.43335 N 00119.94738 E 9 1 0 1
2021 11 06 01 33 16 23600.642  -696.675 39177.970  12.75  12.21   57  604.7 4152.43324 N 00119.94739 E 9 1 0 1
2021 11 06 01 33 17 23602.179  -697.559 39175.721  12.75  12.21   57  605.0 4152.43316 N 00119.94731 E 9 1 0 1
2021 11 06 01 33 18 23600.697  -696.687 39177.923  12.75  12.21   57  605.4 4152.43304 N 00119.94717 E 9 1 0 1
2021 11 06 01 33 19 23601.285  -697.127 39176.907  12.75  12.21   56  605.5 4152.43294 N 00119.94718 E 9 1 0 1
2021 11 06 01 33 20 23600.677  -696.693 39177.876  12.75  12.21   57  605.6 4152.43288 N 00119.94723 E 8 1 0 1
2021 11 06 01 33 21 23602.046  -697.449 39175.892  12.75  12.21   57  605.9 4152.43286 N 00119.94717 E 9 1 0 1
2021 11 06 01 33 22 23600.790  -696.623 39177.865  12.75  12.21   57  606.2 4152.43297 N 00119.94707 E 9 1 0 1
2021 11 06 01 33 23 23601.900  -697.262 39176.245  12.75  12.21   57  606.9 4152.43315 N 00119.94689 E 9 1 0 1
2021 11 06 01 33 24 23600.763  -696.863 39177.538  12.75  12.21   57  606.8 4152.43322 N 00119.94694 E 9 1 0 1
2021 11 06 01 33 25 23601.777  -697.507 39175.952  12.75  12.21   57  607.3 4152.43332 N 00119.94680 E 9 1 0 1
2021 11 06 01 33 26 23602.310  -697.811 39175.150  12.75  12.21   57  607.1 4152.43331 N 00119.94688 E 9 1 0 1
2021 11 06 01 33 27 23600.845  -696.935 39177.352  12.75  12.21   58  607.2 4152.43333 N 00119.94687 E 9 1 0 1
2021 11 06 01 33 28 23601.730  -697.435 39176.065  12.75  12.21   57  607.5 4152.43344 N 00119.94678 E 9 1 0 1
2021 11 06 01 33 29 23600.716  -696.754 39177.647  12.75  12.21   57  607.8 4152.43353 N 00119.94673 E 9 1 0 1
2021 11 06 01 33 30 23601.845  -697.494 39175.836  12.75  12.21   57  607.9 4152.43366 N 00119.94679 E 9 1 0 1
2021 11 06 01 33 31 23600.632  -696.738 39177.568  12.75  12.21   57  608.1 4152.43365 N 00119.94668 E 9 1 0 1
2021 11 06 01 33 32 23601.226  -697.048 39176.723  12.75  12.21   57  608.4 4152.43372 N 00119.94656 E 9 1 0 1
2021 11 06 01 33 33 23600.544  -696.539 39177.831  12.75  12.21   57  608.4 4152.43367 N 00119.94654 E 9 1 0 1
2021 11 06 01 33 34 23602.062  -697.376 39175.626  12.75  12.21   57  608.5 4152.43373 N 00119.94660 E 9 1 0 1
2021 11 06 01 33 35 23600.792  -696.604 39177.517  12.75  12.21   57  608.6 4152.43367 N 00119.94658 E 9 1 0 1
2021 11 06 01 33 36 23602.117  -697.263 39175.680  12.75  12.21   57  608.4 4152.43356 N 00119.94664 E 9 1 0 1
2021 11 06 01 33 37 23601.052  -696.545 39177.382  12.75  12.21   57  608.2 4152.43351 N 00119.94673 E 9 1 0 1
2021 11 06 01 33 38 23602.253  -697.172 39175.676  12.75  12.21   57  607.9 4152.43358 N 00119.94684 E 9 1 0 1
2021 11 06 01 33 39 23600.781  -696.321 39177.797  12.75  12.21   57  607.6 4152.43352 N 00119.94697 E 9 1 0 1
2021 11 06 01 33 40 23602.111  -697.149 39175.738  12.75  12.21   57  607.4 4152.43350 N 00119.94703 E 9 1 0 1
2021 11 06 01 33 41 23600.835  -696.449 39177.544  12.75  12.21   57  607.3 4152.43350 N 00119.94712 E 9 1 0 1
2021 11 06 01 33 42 23602.152  -697.285 39175.469  12.75  12.21   57  607.2 4152.43348 N 00119.94719 E 9 1 0 1
2021 11 06 01 33 43 23600.630  -696.466 39177.597  12.75  12.21   57  607.1 4152.43351 N 00119.94732 E 9 1 0 1
2021 11 06 01 33 44 23602.111  -697.315 39175.477  12.75  12.21   57  606.8 4152.43354 N 00119.94749 E 9 1 0 1
2021 11 06 01 33 45 23600.632  -696.420 39177.687  12.75  12.21   57  606.6 4152.43362 N 00119.94767 E 9 1 0 1
2021 11 06 01 33 46 23602.169  -697.361 39175.345  12.75  12.21   57  606.5 4152.43365 N 00119.94775 E 9 1 0 1
2021 11 06 01 33 47 23600.728  -696.536 39177.469  12.75  12.21   57  606.4 4152.43363 N 00119.94787 E 9 1 0 1
2021 11 06 01 33 48 23602.183  -697.372 39175.345  12.75  12.21   57  606.3 4152.43364 N 00119.94797 E 9 1 0 1
2021 11 06 01 33 49 23600.283  -696.259 39178.144  12.75  12.21   57  606.1 4152.43367 N 00119.94809 E 9 1 0 1
2021 11 06 01 33 50 23602.208  -697.348 39175.377  12.75  12.21   57  606.1 4152.43371 N 00119.94808 E 9 1 0 1
2021 11 06 01 33 51 23600.505  -696.344 39177.927  12.75  12.21   57  605.9 4152.43375 N 00119.94815 E 9 1 0 1
2021 11 06 01 33 52 23602.054  -697.410 39175.407  12.75  12.21   57  606.0 4152.43375 N 00119.94811 E 9 1 0 1
2021 11 06 01 33 53 23600.505  -696.531 39177.628  12.75  12.21   57  605.7 4152.43381 N 00119.94820 E 9 1 0 1
2021 11 06 01 33 54 23601.990  -697.498 39175.325  12.75  12.21   57  605.5 4152.43383 N 00119.94820 E 9 1 0 1
2021 11 06 01 33 55 23600.550  -696.706 39177.376  12.75  12.21   57  605.3 4152.43387 N 00119.94828 E 9 1 0 1
2021 11 06 01 33 56 23601.685  -697.508 39175.464  12.75  12.21   57  605.2 4152.43389 N 00119.94833 E 9 1 0 1
2021 11 06 01 33 57 23600.517  -696.789 39177.270  12.75  12.21   58  605.1 4152.43389 N 00119.94832 E 9 1 0 1
2021 11 06 01 33 58 23601.804  -697.725 39175.138  12.75  12.21   57  605.0 4152.43384 N 00119.94836 E 9 1 0 1
2021 11 06 01 33 59 23600.437  -696.610 39177.573  12.75  12.21   57  605.2 4152.43389 N 00119.94831 E 9 1 0 1
2021 11 06 01 34 00 23601.656  -697.541 39175.405  12.75  12.21   57  605.3 4152.43392 N 00119.94829 E 9 1 0 1
2021 11 06 01 34 01 23600.179  -696.627 39177.622  12.75  12.21   57  605.3 4152.43390 N 00119.94823 E 9 1 0 1
2021 11 06 01 34 02 23601.367  -696.752 39176.691  12.75  12.21   57  605.7 4152.43380 N 00119.94799 E 9 1 0 1
2021 11 06 01 34 03 23600.994  -696.284 39177.591  12.75  12.21   57  605.8 4152.43375 N 00119.94792 E 9 1 0 1
2021 11 06 01 34 04 23602.361  -696.845 39175.886  12.75  12.21   57  605.9 4152.43376 N 00119.94785 E 9 1 0 1
2021 11 06 01 34 05 23601.257  -696.043 39177.728  12.75  12.21   57  606.0 4152.43379 N 00119.94781 E 9 1 0 1
2021 11 06 01 34 06 23602.597  -696.646 39176.000  12.75  12.21   57  605.8 4152.43371 N 00119.94784 E 9 1 0 1
2021 11 06 01 34 07 23601.640  -695.882 39177.741  12.75  12.21   57  606.0 4152.43377 N 00119.94773 E 9 1 0 1
2021 11 06 01 34 08 23601.081  -695.236 39178.991  12.75  12.21   57  605.8 4152.43382 N 00119.94781 E 9 1 0 1
2021 11 06 01 34 09 23602.476  -696.473 39176.341  12.75  12.21   57  605.8 4152.43379 N 00119.94787 E 9 1 0 1
2021 11 06 01 34 10 23600.953  -696.512 39177.217  12.75  12.21   57  605.7 4152.43372 N 00119.94789 E 9 1 0 1
2021 11 06 01 34 11 23602.296  -696.887 39175.796  12.75  12.21   57  605.8 4152.43365 N 00119.94787 E 9 1 0 1
2021 11 06 01 34 12 23601.441  -696.048 39177.534  12.74  12.21   57  606.1 4152.43360 N 00119.94776 E 9 1 0 1
2021 11 06 01 34 13 23602.091  -696.913 39175.881  12.74  12.21   57  606.4 4152.43365 N 00119.94765 E 9 1 0 1
2021 11 06 01 34 14 23600.747  -696.452 39177.328  12.74  12.21   57  606.3 4152.43368 N 00119.94770 E 9 1 0 1
2021 11 06 01 34 15 23601.697  -697.421 39175.291  12.74  12.21   57  606.2 4152.43365 N 00119.94775 E 9 1 0 1
2021 11 06 01 34 16 23600.759  -696.382 39177.340  12.74  12.21   57  606.0 4152.43367 N 00119.94782 E 9 1 0 1
2021 11 06 01 34 17 23602.166  -696.820 39175.814  12.74  12.21   57  606.0 4152.43369 N 00119.94783 E 9 1 0 1
2021 11 06 01 34 18 23600.960  -696.243 39177.329  12.74  12.21   57  606.0 4152.43362 N 00119.94782 E 9 1 0 1
2021 11 06 01 34 19 23601.839  -696.677 39176.127  12.74  12.21   57  605.9 4152.43357 N 00119.94781 E 9 1 0 1
2021 11 06 01 34 20 23599.800  -695.385 39179.158  12.74  12.21   57  605.7 4152.43360 N 00119.94794 E 9 1 0 1
2021 11 06 01 34 21 23602.695  -696.854 39175.256  12.74  12.21   57  605.5 4152.43355 N 00119.94799 E 9 1 0 1
2021 11 06 01 34 22 23601.039  -695.931 39177.616  12.74  12.21   57  605.5 4152.43359 N 00119.94800 E 9 1 0 1
2021 11 06 01 34 23 23601.966  -697.071 39175.318  12.74  12.21   57  605.4 4152.43361 N 00119.94800 E 9 1 0 1
2021 11 06 01 34 24 23600.656  -696.099 39177.552  12.74  12.21   57  605.5 4152.43355 N 00119.94787 E 9 1 0 1
2021 11 06 01 34 25 23602.175  -696.924 39175.377  12.74  12.21   57  605.2 4152.43354 N 00119.94795 E 9 1 0 1
2021 11 06 01 34 26 23600.695  -696.086 39177.533  12.74  12.21   57  605.1 4152.43374 N 00119.94810 E 9 1 0 1
2021 11 06 01 34 27 23601.718  -697.004 39175.546  12.74  12.21   57  605.1 4152.43375 N 00119.94798 E 9 1 0 1
2021 11 06 01 34 28 23600.304  -696.542 39177.091  12.74  12.21   57  605.1 4152.43383 N 00119.94776 E 9 1 0 1
2021 11 06 01 34 29 23601.937  -697.237 39175.073  12.74  12.21   57  605.0 4152.43395 N 00119.94778 E 9 1 0 1
2021 11 06 01 34 30 23600.349  -696.186 39177.566  12.74  12.21   57  604.9 4152.43396 N 00119.94784 E 9 1 0 1
2021 11 06 01 34 31 23601.451  -697.346 39175.176  12.74  12.21   57  605.1 4152.43398 N 00119.94780 E 9 1 0 1
2021 11 06 01 34 32 23599.902  -696.506 39177.338  12.74  12.21   57  605.1 4152.43397 N 00119.94779 E 9 1 0 1
2021 11 06 01 34 33 23601.333  -697.614 39174.872  12.74  12.21   57  605.0 4152.43411 N 00119.94777 E 9 1 0 1
2021 11 06 01 34 34 23599.714  -696.672 39177.189  12.74  12.21   57  605.0 4152.43430 N 00119.94782 E 9 1 0 1
2021 11 06 01 34 35 23601.560  -697.385 39174.981  12.74  12.21   57  604.6 4152.43446 N 00119.94794 E 9 1 0 1
2021 11 06 01 34 36 23599.829  -696.566 39177.279  12.74  12.21   57  604.3 4152.43450 N 00119.94799 E 9 1 0 1
2021 11 06 01 34 37 23601.410  -697.503 39174.848  12.74  12.21   57  604.0 4152.43460 N 00119.94810 E 9 1 0 1
2021 11 06 01 34 38 23600.492  -696.265 39177.263  12.74  12.21   57  603.9 4152.43461 N 00119.94820 E 9 1 0 1
2021 11 06 01 34 39 23601.792  -697.063 39175.290  12.74  12.21   57  603.6 4152.43445 N 00119.94824 E 9 1 0 1
2021 11 06 01 34 40 23600.206  -696.432 39177.184  12.74  12.21   57  603.3 4152.43442 N 00119.94828 E 9 1 0 1
2021 11 06 01 34 41 23601.621  -697.296 39175.063  12.74  12.21   57  603.1 4152.43443 N 00119.94836 E 9 1 0 1
2021 11 06 01 34 42 23600.138  -696.401 39177.265  12.74  12.21   57  603.0 4152.43442 N 00119.94836 E 9 1 0 1
2021 11 06 01 34 43 23601.388  -697.250 39175.194  12.74  12.21   57  602.6 4152.43439 N 00119.94840 E 9 1 0 1
2021 11 06 01 34 44 23600.085  -696.602 39176.950  12.74  12.21   57  602.4 4152.43439 N 00119.94846 E 9 1 0 1
2021 11 06 01 34 45 23601.501  -697.333 39174.977  12.74  12.21   57  602.4 4152.43440 N 00119.94843 E 9 1 0 1
2021 11 06 01 34 46 23600.294  -696.483 39176.962  12.74  12.21   57  602.5 4152.43445 N 00119.94835 E 9 1 0 1
2021 11 06 01 34 47 23601.478  -697.181 39175.218  12.74  12.21   57  602.2 4152.43436 N 00119.94852 E 9 1 0 1
2021 11 06 01 34 48 23600.140  -696.337 39177.218  12.74  12.21   57  602.2 4152.43438 N 00119.94852 E 9 1 0 1
2021 11 06 01 34 49 23601.498  -697.177 39175.155  12.74  12.21   57  602.0 4152.43437 N 00119.94859 E 9 1 0 1
2021 11 06 01 34 50 23601.029  -696.885 39175.830  12.74  12.21   57  601.5 4152.43427 N 00119.94877 E 9 1 0 1
2021 11 06 01 34 51 23600.492  -696.495 39176.714  12.74  12.21   57  601.3 4152.43416 N 00119.94892 E 9 1 0 1
2021 11 06 01 34 52 23601.374  -696.934 39175.485  12.74  12.21   57  601.1 4152.43414 N 00119.94892 E 8 1 0 1
2021 11 06 01 34 53 23600.355  -696.311 39177.036  12.74  12.21   57  601.0 4152.43412 N 00119.94897 E 8 1 0 1
2021 11 06 01 34 54 23601.582  -696.930 39175.353  12.74  12.21   57  600.2 4152.43393 N 00119.94929 E 8 1 0 1
2021 11 06 01 34 55 23600.583  -696.381 39176.764  12.74  12.21   57  599.9 4152.43385 N 00119.94945 E 8 1 0 1
2021 11 06 01 34 56 23601.580  -696.937 39175.295  12.74  12.21   57  599.9 4152.43389 N 00119.94946 E 8 1 0 1
2021 11 06 01 34 57 23600.548  -696.314 39176.881  12.74  12.21   57  599.7 4152.43387 N 00119.94954 E 8 1 0 1
2021 11 06 01 34 58 23601.761  -696.984 39175.101  12.74  12.21   57  599.3 4152.43380 N 00119.94968 E 8 1 0 1
2021 11 06 01 34 59 23600.398  -696.203 39177.062  12.74  12.21   57  598.9 4152.43375 N 00119.94982 E 8 1 0 1
2021 11 06 01 35 00 23601.501  -696.887 39175.368  12.74  12.21   57  598.9 4152.43377 N 00119.94983 E 8 1 0 1
2021 11 06 01 35 01 23600.329  -696.275 39176.969  12.74  12.21   57  598.6 4152.43375 N 00119.94993 E 8 1 0 1
2021 11 06 01 35 02 23601.544  -697.094 39175.007  12.74  12.21   57  598.0 4152.43373 N 00119.95009 E 8 1 0 1
2021 11 06 01 35 03 23600.181  -696.374 39176.964  12.74  12.21   57  597.7 4152.43375 N 00119.95016 E 8 1 0 1
2021 11 06 01 35 04 23601.415  -697.106 39175.084  12.74  12.21   57  597.6 4152.43382 N 00119.95015 E 8 1 0 1
2021 11 06 01 35 05 23600.074  -696.300 39177.135  12.74  12.21   57  597.4 4152.43383 N 00119.95022 E 8 1 0 1
2021 11 06 01 35 06 23601.648  -697.091 39174.996  12.74  12.21   57  597.3 4152.43386 N 00119.95021 E 8 1 0 1
2021 11 06 01 35 07 23600.214  -696.462 39176.813  12.74  12.21   57  596.9 4152.43384 N 00119.95029 E 8 1 0 1
2021 11 06 01 35 08 23601.122  -697.614 39174.620  12.74  12.21   57  596.6 4152.43384 N 00119.95032 E 8 1 0 1
2021 11 06 01 35 09 23599.513  -697.025 39176.507  12.74  12.21   57  596.1 4152.43382 N 00119.95039 E 8 1 0 1
2021 11 06 01 35 10 23600.667  -698.130 39174.175  12.74  12.21   57  595.5 4152.43378 N 00119.95051 E 8 1 0 1
2021 11 06 01 35 11 23599.025  -697.145 39176.601  12.74  12.21   57  595.1 4152.43378 N 00119.95058 E 8 1 0 1
2021 11 06 01 35 12 23600.732  -697.805 39174.556  12.74  12.21   57  595.2 4152.43383 N 00119.95053 E 8 1 0 1
2021 11 06 01 35 13 23599.384  -696.933 39176.611  12.74  12.21   57  595.1 4152.43380 N 00119.95056 E 8 1 0 1
2021 11 06 01 35 14 23600.706  -698.056 39174.116  12.74  12.21   57  594.5 4152.43371 N 00119.95077 E 8 1 0 1
2021 11 06 01 35 15 23598.892  -697.369 39176.207  12.74  12.21   58  594.6 4152.43373 N 00119.95076 E 8 1 0 1
2021 11 06 01 35 16 23600.458  -697.994 39174.262  12.74  12.21   57  594.4 4152.43373 N 00119.95085 E 8 1 0 1
2021 11 06 01 35 17 23599.353  -696.786 39176.691  12.74  12.21   57  594.6 4152.43373 N 00119.95086 E 8 1 0 1
2021 11 06 01 35 18 23601.076  -697.449 39174.607  12.74  12.21   57  594.4 4152.43371 N 00119.95095 E 8 1 0 1
2021 11 06 01 35 19 23599.607  -696.561 39176.836  12.74  12.21   57  594.1 4152.43368 N 00119.95113 E 8 1 0 1
2021 11 06 01 35 20 23600.392  -697.029 39175.607  12.74  12.21   57  594.4 4152.43371 N 00119.95114 E 8 1 0 1
2021 11 06 01 35 21 23599.687  -696.515 39176.805  12.74  12.21   57  594.5 4152.43384 N 00119.95108 E 8 1 0 1
2021 11 06 01 35 22 23601.197  -697.330 39174.677  12.74  12.21   57  594.2 4152.43380 N 00119.95119 E 8 1 0 1
2021 11 06 01 35 23 23599.736  -696.462 39176.844  12.74  12.21   57  593.8 4152.43383 N 00119.95138 E 8 1 0 1
2021 11 06 01 35 24 23601.158  -697.294 39174.802  12.74  12.21   57  594.8 4152.43418 N 00119.95109 E 8 1 0 1
2021 11 06 01 35 25 23599.921  -696.547 39176.674  12.74  12.21   57  595.6 4152.43410 N 00119.95079 E 8 1 0 1
2021 11 06 01 35 26 23601.216  -697.299 39174.779  12.74  12.21   57  596.3 4152.43410 N 00119.95057 E 8 1 0 1
2021 11 06 01 35 27 23599.994  -696.495 39176.765  12.74  12.21   57  596.8 4152.43413 N 00119.95036 E 8 1 0 1
2021 11 06 01 35 28 23601.382  -697.336 39174.726  12.74  12.21   57  596.7 4152.43405 N 00119.95037 E 8 1 0 1
2021 11 06 01 35 29 23600.013  -696.486 39176.729  12.74  12.21   57  596.8 4152.43402 N 00119.95033 E 8 1 0 1
2021 11 06 01 35 30 23601.384  -696.991 39175.134  12.74  12.21   57  596.8 4152.43391 N 00119.95028 E 8 1 0 1
2021 11 06 01 35 31 23600.240  -696.177 39176.987  12.74  12.21   57  596.7 4152.43382 N 00119.95030 E 8 1 0 1
2021 11 06 01 35 32 23601.546  -696.857 39175.189  12.74  12.21   57  596.5 4152.43368 N 00119.95034 E 8 1 0 1
2021 11 06 01 35 33 23601.880  -697.046 39174.681  12.74  12.21   57  596.6 4152.43365 N 00119.95035 E 8 1 0 1
2021 11 06 01 35 34 23600.484  -696.170 39176.770  12.74  12.21   57  596.3 4152.43378 N 00119.95044 E 8 1 0 1
2021 11 06 01 35 35 23601.535  -696.688 39175.352  12.74  12.21   57  596.0 4152.43369 N 00119.95050 E 8 1 0 1
2021 11 06 01 35 36 23600.552  -696.131 39176.758  12.74  12.21   57  596.0 4152.43383 N 00119.95051 E 8 1 0 1
2021 11 06 01 35 37 23601.447  -696.749 39175.308  12.74  12.21   57  596.1 4152.43396 N 00119.95053 E 8 1 0 1
2021 11 06 01 35 38 23600.492  -696.136 39176.793  12.74  12.21   57  595.5 4152.43396 N 00119.95077 E 8 1 0 1
2021 11 06 01 35 39 23601.683  -696.814 39175.076  12.74  12.21   57  594.6 4152.43371 N 00119.95107 E 8 1 0 1
2021 11 06 01 35 40 23600.417  -696.059 39176.984  12.74  12.21   57  594.6 4152.43404 N 00119.95124 E 8 1 0 1
2021 11 06 01 35 41 23601.652  -696.775 39175.181  12.74  12.21   57  594.3 4152.43423 N 00119.95146 E 8 1 0 1
2021 11 06 01 35 42 23600.214  -696.215 39176.893  12.74  12.21   57  594.1 4152.43448 N 00119.95164 E 8 1 0 1
2021 11 06 01 35 43 23601.410  -696.961 39175.075  12.74  12.21   57  594.4 4152.43429 N 00119.95143 E 8 1 0 1
2021 11 06 01 35 44 23600.054  -696.307 39176.920  12.74  12.21   57  594.4 4152.43428 N 00119.95142 E 8 1 0 1
2021 11 06 01 35 45 23601.328  -697.230 39174.764  12.74  12.21   57  594.3 4152.43430 N 00119.95136 E 8 1 0 1
2021 11 06 01 35 46 23599.935  -696.516 39176.710  12.74  12.21   57  594.5 4152.43410 N 00119.95102 E 8 1 0 1
2021 11 06 01 35 47 23601.226  -697.377 39174.701  12.74  12.21   57  593.6 4152.43383 N 00119.95125 E 8 1 0 1
2021 11 06 01 35 48 23599.951  -696.604 39176.597  12.74  12.21   57  593.6 4152.43363 N 00119.95119 E 8 1 0 1
2021 11 06 01 35 49 23601.046  -697.354 39174.864  12.74  12.21   57  593.4 4152.43362 N 00119.95112 E 8 1 0 1
2021 11 06 01 35 50 23599.240  -696.526 39177.220  12.74  12.21   57  594.2 4152.43384 N 00119.95074 E 8 1 0 1
2021 11 06 01 35 51 23600.990  -697.581 39174.623  12.74  12.21   57  594.4 4152.43373 N 00119.95050 E 8 1 0 1
2021 11 06 01 35 52 23599.525  -696.727 39176.817  12.74  12.21   57  594.9 4152.43385 N 00119.95006 E 8 1 0 1
2021 11 06 01 35 53 23601.050  -697.720 39174.495  12.74  12.21   57  594.7 4152.43359 N 00119.95007 E 8 1 0 1
2021 11 06 01 35 54 23599.611  -696.841 39176.729  12.74  12.21   57  594.4 4152.43340 N 00119.95015 E 8 1 0 1
2021 11 06 01 35 55 23601.208  -697.749 39174.438  12.74  12.21   57  593.9 4152.43320 N 00119.95029 E 8 1 0 1
2021 11 06 01 35 56 23599.781  -696.839 39176.691  12.74  12.21   57  593.6 4152.43311 N 00119.95035 E 8 1 0 1
2021 11 06 01 35 57 23601.160  -697.729 39174.567  12.74  12.21   57  593.7 4152.43303 N 00119.95023 E 8 1 0 1
2021 11 06 01 35 58 23599.718  -696.836 39176.839  12.74  12.21   57  594.0 4152.43301 N 00119.95010 E 8 1 0 1
2021 11 06 01 35 59 23601.507  -697.572 39174.650  12.74  12.21   57  594.6 4152.43322 N 00119.94999 E 8 1 0 1
2021 11 06 01 36 00 23599.978  -696.655 39176.969  12.74  12.21   57  595.4 4152.43344 N 00119.94976 E 8 1 0 1
2021 11 06 01 36 01 23601.415  -697.404 39174.961  12.74  12.21   57  596.0 4152.43348 N 00119.94958 E 8 1 0 1
2021 11 06 01 36 02 23599.960  -696.622 39177.027  12.74  12.21   57  596.4 4152.43348 N 00119.94940 E 7 1 0 1
2021 11 06 01 36 03 23601.337  -697.651 39174.704  12.74  12.21   57  596.0 4152.43331 N 00119.94959 E 8 1 0 1
2021 11 06 01 36 04 23599.886  -696.770 39176.875  12.74  12.21   57  596.7 4152.43341 N 00119.94934 E 8 1 0 1
2021 11 06 01 36 05 23601.474  -697.528 39174.782  12.74  12.21   57  597.7 4152.43355 N 00119.94901 E 7 1 0 1
2021 11 06 01 36 06 23600.216  -696.678 39176.834  12.74  12.21   57  596.9 4152.43336 N 00119.94921 E 7 1 0 1
2021 11 06 01 36 07 23601.679  -697.419 39174.826  12.74  12.21   57  597.0 4152.43332 N 00119.94916 E 8 1 0 1
2021 11 06 01 36 08 23600.365  -696.607 39176.831  12.74  12.21   57  596.7 4152.43321 N 00119.94923 E 8 1 0 1
2021 11 06 01 36 09 23601.701  -697.377 39174.885  12.74  12.21   57  596.9 4152.43324 N 00119.94914 E 8 1 0 1
2021 11 06 01 36 10 23600.372  -696.480 39177.045  12.74  12.21   57  597.4 4152.43335 N 00119.94903 E 8 1 0 1
2021 11 06 01 36 11 23602.017  -696.874 39175.446  12.74  12.21   57  597.6 4152.43339 N 00119.94897 E 8 1 0 1
2021 11 06 01 36 12 23600.841  -696.049 39177.401  12.74  12.21   57  597.5 4152.43334 N 00119.94892 E 8 1 0 1
2021 11 06 01 36 13 23602.078  -696.887 39175.384  12.74  12.21   56  597.7 4152.43334 N 00119.94891 E 8 1 0 1
2021 11 06 01 36 14 23600.790  -696.155 39177.241  12.74  12.21   57  598.8 4152.43373 N 00119.94866 E 8 1 0 1
2021 11 06 01 36 15 23601.994  -696.855 39175.512  12.74  12.21   57  599.2 4152.43382 N 00119.94856 E 8 1 0 1
2021 11 06 01 36 16 23602.519  -697.142 39174.756  12.74  12.21   58  600.4 4152.43421 N 00119.94828 E 8 1 0 1
2021 11 06 01 36 17 23601.124  -696.257 39176.908  12.74  12.21   57  600.4 4152.43434 N 00119.94827 E 8 1 0 1
2021 11 06 01 36 18 23602.298  -696.909 39175.284  12.74  12.21   58  599.8 4152.43444 N 00119.94847 E 8 1 0 1
2021 11 06 01 36 19 23601.126  -696.279 39176.904  12.74  12.21   57  600.7 4152.43466 N 00119.94822 E 8 1 0 1
2021 11 06 01 36 20 23601.898  -696.722 39175.776  12.74  12.21   57  600.4 4152.43467 N 00119.94830 E 8 1 0 1
2021 11 06 01 36 21 23600.009  -695.637 39178.501  12.74  12.21   57  600.5 4152.43471 N 00119.94823 E 8 1 0 1
2021 11 06 01 36 22 23602.750  -697.207 39174.594  12.74  12.21   57  600.1 4152.43471 N 00119.94842 E 8 1 0 1
2021 11 06 01 36 23 23600.863  -696.437 39176.927  12.74  12.21   57  599.6 4152.43460 N 00119.94858 E 8 1 0 1
2021 11 06 01 36 24 23601.720  -697.352 39175.084  12.74  12.21   57  599.5 4152.43462 N 00119.94863 E 8 1 0 1
2021 11 06 01 36 25 23600.497  -696.716 39176.832  12.74  12.21   57  600.2 4152.43501 N 00119.94851 E 8 1 0 1
2021 11 06 01 36 26 23601.707  -697.471 39175.010  12.74  12.21   57  600.5 4152.43518 N 00119.94842 E 8 1 0 1
2021 11 06 01 36 27 23600.566  -696.818 39176.708  12.74  12.21   57  600.4 4152.43516 N 00119.94840 E 8 1 0 1
2021 11 06 01 36 28 23601.578  -697.374 39175.286  12.74  12.21   57  600.5 4152.43504 N 00119.94831 E 8 1 0 1
2021 11 06 01 36 29 23600.744  -696.662 39176.877  12.74  12.21   57  601.1 4152.43520 N 00119.94814 E 8 1 0 1
2021 11 06 01 36 30 23602.326  -697.313 39175.030  12.74  12.21   57  601.2 4152.43536 N 00119.94806 E 8 1 0 1
2021 11 06 01 36 31 23600.831  -696.495 39177.185  12.74  12.21   57  601.6 4152.43545 N 00119.94784 E 8 1 0 1
2021 11 06 01 36 32 23602.125  -697.398 39175.091  12.74  12.21   57  601.6 4152.43542 N 00119.94770 E 8 1 0 1
2021 11 06 01 36 33 23600.656  -696.605 39177.196  12.74  12.21   57  601.4 4152.43551 N 00119.94778 E 8 1 0 1
2021 11 06 01 36 34 23602.263  -697.494 39174.882  12.74  12.21   57  601.7 4152.43553 N 00119.94768 E 8 1 0 1
2021 11 06 01 36 35 23601.128  -696.367 39177.296  12.74  12.21   57  601.8 4152.43565 N 00119.94761 E 8 1 0 1
2021 11 06 01 36 36 23602.699  -697.260 39175.087  12.74  12.21   57  602.2 4152.43575 N 00119.94752 E 8 1 0 1
2021 11 06 01 36 37 23601.136  -696.356 39177.370  12.74  12.21   57  602.4 4152.43582 N 00119.94741 E 8 1 0 1
2021 11 06 01 36 38 23602.669  -697.387 39174.923  12.74  12.21   57  602.7 4152.43592 N 00119.94731 E 8 1 0 1
2021 11 06 01 36 39 23600.843  -696.453 39177.376  12.74  12.21   57  602.8 4152.43609 N 00119.94722 E 8 1 0 1
2021 11 06 01 36 40 23602.363  -697.332 39175.174  12.74  12.21   57  602.6 4152.43615 N 00119.94732 E 8 1 0 1
2021 11 06 01 36 41 23600.845  -696.316 39177.586  12.74  12.21   57  602.3 4152.43623 N 00119.94737 E 8 1 0 1
2021 11 06 01 36 42 23602.535  -697.322 39175.094  12.74  12.21   57  602.0 4152.43623 N 00119.94740 E 8 1 0 1
2021 11 06 01 36 43 23600.933  -696.427 39177.380  12.74  12.21   57  601.6 4152.43611 N 00119.94759 E 8 1 0 1
2021 11 06 01 36 44 23602.449  -697.385 39175.047  12.74  12.21   57  601.5 4152.43612 N 00119.94756 E 8 1 0 1
2021 11 06 01 36 45 23600.751  -696.644 39177.111  12.74  12.21   57  601.0 4152.43608 N 00119.94766 E 8 1 0 1
2021 11 06 01 36 46 23602.056  -697.617 39174.893  12.74  12.21   57  600.8 4152.43612 N 00119.94781 E 8 1 0 1
2021 11 06 01 36 47 23600.624  -696.808 39176.971  12.74  12.21   57  600.1 4152.43600 N 00119.94795 E 8 1 0 1
2021 11 06 01 36 48 23601.970  -697.779 39174.698  12.74  12.21   57  599.7 4152.43586 N 00119.94810 E 8 1 0 1
2021 11 06 01 36 49 23600.443  -696.853 39176.950  12.74  12.21   57  599.4 4152.43592 N 00119.94816 E 8 1 0 1
2021 11 06 01 36 50 23601.882  -697.779 39174.705  12.74  12.21   57  599.0 4152.43597 N 00119.94825 E 8 1 0 1
2021 11 06 01 36 51 23601.257  -697.227 39175.919  12.74  12.21   57  598.8 4152.43590 N 00119.94832 E 8 1 0 1
2021 11 06 01 36 52 23602.144  -697.894 39174.364  12.74  12.21   57  598.6 4152.43599 N 00119.94849 E 8 1 0 1
2021 11 06 01 36 53 23600.751  -696.628 39177.029  12.74  12.21   57  598.6 4152.43597 N 00119.94847 E 8 1 0 1
2021 11 06 01 36 54 23602.232  -697.267 39175.193  12.74  12.21   57  598.5 4152.43585 N 00119.94856 E 8 1 0 1
2021 11 06 01 36 55 23600.955  -696.492 39177.147  12.74  12.21   57  598.5 4152.43579 N 00119.94859 E 8 1 0 1
2021 11 06 01 36 56 23602.078  -697.352 39175.200  12.74  12.21   57  598.3 4152.43582 N 00119.94866 E 8 1 0 1
2021 11 06 01 36 57 23600.882  -696.717 39176.929  12.74  12.21   57  598.1 4152.43578 N 00119.94872 E 8 1 0 1
2021 11 06 01 36 58 23602.080  -697.423 39175.142  12.74  12.21   57  597.8 4152.43578 N 00119.94880 E 8 1 0 1
2021 11 06 01 36 59 23602.488  -697.766 39174.424  12.74  12.21   57  597.8 4152.43583 N 00119.94882 E 8 1 0 1
2021 11 06 01 37 00 23601.060  -696.832 39176.720  12.74  12.21   57  597.9 4152.43590 N 00119.94879 E 8 1 0 1
2021 11 06 01 37 01 23602.023  -697.495 39175.177  12.74  12.21   57  598.0 4152.43586 N 00119.94876 E 8 1 0 1
2021 11 06 01 37 02 23600.972  -696.872 39176.790  12.74  12.21   57  597.9 4152.43589 N 00119.94880 E 8 1 0 1
2021 11 06 01 37 03 23601.947  -697.588 39175.173  12.74  12.21   57  598.2 4152.43593 N 00119.94871 E 8 1 0 1
2021 11 06 01 37 04 23600.843  -696.886 39176.895  12.74  12.21   57  598.7 4152.43596 N 00119.94856 E 8 1 0 1
2021 11 06 01 37 05 23602.308  -697.746 39174.778  12.74  12.21   57  598.7 4152.43599 N 00119.94852 E 8 1 0 1
2021 11 06 01 37 06 23601.167  -697.069 39176.511  12.74  12.21   58  598.6 4152.43595 N 00119.94849 E 8 1 0 1
2021 11 06 01 37 07 23602.007  -697.608 39175.193  12.74  12.21   57  598.6 4152.43597 N 00119.94843 E 8 1 0 1
2021 11 06 01 37 08 23600.974  -697.013 39176.732  12.74  12.21   57  598.4 4152.43589 N 00119.94841 E 8 1 0 1
2021 11 06 01 37 09 23601.984  -697.598 39175.271  12.74  12.21   57  598.5 4152.43579 N 00119.94833 E 8 1 0 1
2021 11 06 01 37 10 23600.955  -697.022 39176.787  12.74  12.21   57  598.6 4152.43575 N 00119.94826 E 8 1 0 1
2021 11 06 01 37 11 23602.308  -697.716 39174.950  12.74  12.21   57  599.0 4152.43568 N 00119.94810 E 8 1 0 1
2021 11 06 01 37 12 23600.894  -696.890 39177.094  12.74  12.21   57  599.1 4152.43565 N 00119.94802 E 8 1 0 1
2021 11 06 01 37 13 23602.187  -697.737 39175.074  12.74  12.21   57  599.1 4152.43563 N 00119.94798 E 8 1 0 1
2021 11 06 01 37 14 23600.679  -697.034 39177.054  12.74  12.21   57  599.3 4152.43553 N 00119.94791 E 8 1 0 1
2021 11 06 01 37 15 23602.232  -697.881 39174.865  12.74  12.21   57  599.5 4152.43548 N 00119.94779 E 8 1 0 1
2021 11 06 01 37 16 23600.824  -697.082 39176.962  12.74  12.21   57  599.7 4152.43541 N 00119.94778 E 8 1 0 1
2021 11 06 01 37 17 23602.316  -697.883 39174.904  12.74  12.21   57  599.9 4152.43530 N 00119.94767 E 9 1 0 1
2021 11 06 01 37 18 23600.919  -697.048 39177.052  12.74  12.21   57  599.9 4152.43526 N 00119.94772 E 9 1 0 1
2021 11 06 01 37 19 23602.306  -697.954 39174.932  12.74  12.21   57  600.0 4152.43522 N 00119.94771 E 9 1 0 1
2021 11 06 01 37 20 23600.880  -697.017 39177.193  12.74  12.21   57  600.6 4152.43517 N 00119.94754 E 9 1 0 1
2021 11 06 01 37 21 23600.538  -696.762 39177.755  12.74  12.21   57  600.7 4152.43510 N 00119.94751 E 9 1 0 1
2021 11 06 01 37 22 23600.154  -696.484 39178.418  12.74  12.21   57  600.6 4152.43506 N 00119.94749 E 9 1 0 1
2021 11 06 01 37 23 23602.474  -697.907 39174.949  12.74  12.21   57  600.7 4152.43500 N 00119.94739 E 9 1 0 1
2021 11 06 01 37 24 23600.798  -697.019 39177.340  12.74  12.21   57  600.7 4152.43497 N 00119.94739 E 9 1 0 1
2021 11 06 01 37 25 23602.392  -697.962 39174.960  12.74  12.21   57  600.5 4152.43495 N 00119.94749 E 9 1 0 1
2021 11 06 01 37 26 23600.906  -697.039 39177.228  12.74  12.21   57  600.4 4152.43493 N 00119.94755 E 9 1 0 1
2021 11 06 01 37 27 23602.365  -697.994 39174.902  12.74  12.21   57  600.5 4152.43492 N 00119.94752 E 9 1 0 1
2021 11 06 01 37 28 23600.947  -697.106 39177.073  12.74  12.21   57  600.8 4152.43489 N 00119.94744 E 9 1 0 1
2021 11 06 01 37 29 23602.363  -697.893 39175.049  12.74  12.21   57  600.8 4152.43474 N 00119.94739 E 8 1 0 1
2021 11 06 01 37 30 23600.882  -697.043 39177.169  12.74  12.21   57  600.8 4152.43478 N 00119.94736 E 8 1 0 1
2021 11 06 01 37 31 23602.269  -697.834 39175.134  12.74  12.21   57  600.8 4152.43485 N 00119.94737 E 8 1 0 1
2021 11 06 01 37 32 23600.874  -697.015 39177.208  12.74  12.21   57  600.3 4152.43474 N 00119.94751 E 9 1 0 1
2021 11 06 01 37 33 23602.189  -697.820 39175.231  12.74  12.21   57  600.1 4152.43481 N 00119.94759 E 9 1 0 1
2021 11 06 01 37 34 23600.896  -697.096 39177.064  12.74  12.21   57  599.6 4152.43467 N 00119.94776 E 9 1 0 1
2021 11 06 01 37 35 23602.205  -697.782 39175.239  12.74  12.21   57  599.4 4152.43485 N 00119.94783 E 9 1 0 1
2021 11 06 01 37 36 23600.775  -697.101 39177.153  12.74  12.21   57  599.0 4152.43492 N 00119.94797 E 9 1 0 1
2021 11 06 01 37 37 23602.117  -697.922 39175.130  12.74  12.21   57  598.9 4152.43503 N 00119.94801 E 9 1 0 1
2021 11 06 01 37 38 23600.867  -697.318 39176.804  12.74  12.21   57  598.9 4152.43525 N 00119.94812 E 9 1 0 1
2021 11 06 01 37 39 23601.869  -697.922 39175.276  12.74  12.21   57  598.6 4152.43535 N 00119.94829 E 9 1 0 1
2021 11 06 01 37 40 23600.890  -697.228 39176.878  12.74  12.21   57  598.3 4152.43538 N 00119.94841 E 9 1 0 1
2021 11 06 01 37 41 23600.497  -696.967 39177.518  12.74  12.21   57  597.9 4152.43527 N 00119.94852 E 9 1 0 1
2021 11 06 01 37 42 23601.970  -697.745 39175.483  12.74  12.21   57  597.4 4152.43525 N 00119.94870 E 9 1 0 1
2021 11 06 01 37 43 23601.080  -697.262 39176.789  12.74  12.21   57  597.4 4152.43540 N 00119.94875 E 9 1 0 1
2021 11 06 01 37 44 23602.128  -697.845 39175.270  12.74  12.21   57  597.3 4152.43538 N 00119.94885 E 9 1 0 1
2021 11 06 01 37 45 23601.070  -697.268 39176.797  12.74  12.21   57  597.4 4152.43549 N 00119.94888 E 9 1 0 1
2021 11 06 01 37 46 23602.136  -697.955 39175.134  12.74  12.21   57  597.4 4152.43554 N 00119.94887 E 9 1 0 1
2021 11 06 01 37 47 23601.042  -697.318 39176.790  12.74  12.21   57  597.8 4152.43568 N 00119.94880 E 9 1 0 1
2021 11 06 01 37 48 23602.335  -698.025 39175.023  12.74  12.21   57  597.6 4152.43576 N 00119.94887 E 9 1 0 1
2021 11 06 01 37 49 23601.160  -697.296 39176.798  12.74  12.21   57  597.7 4152.43581 N 00119.94887 E 9 1 0 1
2021 11 06 01 37 50 23602.529  -698.057 39174.891  12.74  12.21   57  597.3 4152.43568 N 00119.94900 E 9 1 0 1
2021 11 06 01 37 51 23600.872  -696.996 39177.470  12.74  12.21   57  597.1 4152.43562 N 00119.94905 E 9 1 0 1
2021 11 06 01 37 52 23602.402  -697.949 39175.187  12.74  12.21   57  597.0 4152.43558 N 00119.94910 E 9 1 0 1
2021 11 06 01 37 53 23601.257  -697.290 39176.943  12.74  12.21   57  596.9 4152.43551 N 00119.94914 E 9 1 0 1
2021 11 06 01 37 54 23602.720  -698.064 39174.979  12.74  12.21   57  596.8 4152.43546 N 00119.94921 E 9 1 0 1
2021 11 06 01 37 55 23601.398  -697.309 39176.960  12.74  12.21   57  596.5 4152.43535 N 00119.94930 E 9 1 0 1
2021 11 06 01 37 56 23602.849  -697.934 39175.209  12.74  12.21   57  596.8 4152.43533 N 00119.94921 E 9 1 0 1
2021 11 06 01 37 57 23601.611  -697.218 39177.098  12.74  12.21   57  597.0 4152.43520 N 00119.94917 E 8 1 0 1
2021 11 06 01 37 58 23602.992  -698.170 39174.903  12.74  12.21   57  597.0 4152.43514 N 00119.94916 E 9 1 0 1
2021 11 06 01 37 59 23601.410  -697.282 39177.222  12.74  12.21   57  597.5 4152.43514 N 00119.94898 E 9 1 0 1
2021 11 06 01 38 00 23602.828  -698.184 39175.062  12.74  12.21   57  597.6 4152.43509 N 00119.94891 E 9 1 0 1
2021 11 06 01 38 01 23601.396  -697.310 39177.230  12.74  12.21   57  597.7 4152.43505 N 00119.94886 E 9 1 0 1
2021 11 06 01 38 02 23602.953  -698.234 39174.978  12.74  12.21   57  597.9 4152.43503 N 00119.94879 E 9 1 0 1
2021 11 06 01 38 03 23601.333  -697.389 39177.245  12.74  12.21   57  598.1 4152.43499 N 00119.94870 E 9 1 0 1
2021 11 06 01 38 04 23602.896  -698.298 39174.978  12.74  12.21   57  598.4 4152.43500 N 00119.94859 E 9 1 0 1
2021 11 06 01 38 05 23601.314  -697.282 39177.459  12.74  12.21   57  598.4 4152.43494 N 00119.94859 E 9 1 0 1
2021 11 06 01 38 06 23602.976  -698.361 39174.912  12.74  12.21   57  598.5 4152.43490 N 00119.94856 E 9 1 0 1
2021 11 06 01 38 07 23601.544  -697.510 39177.064  12.74  12.21   57  598.9 4152.43484 N 00119.94844 E 9 1 0 1
2021 11 06 01 38 08 23603.144  -698.323 39174.956  12.74  12.21   57  598.9 4152.43476 N 00119.94842 E 9 1 0 1
2021 11 06 01 38 09 23601.167  -697.848 39176.919  12.74  12.21   57  599.2 4152.43480 N 00119.94829 E 9 1 0 1
2021 11 06 01 38 10 23602.199  -699.009 39174.610  12.74  12.21   57  599.2 4152.43471 N 00119.94821 E 9 1 0 1
2021 11 06 01 38 11 23600.562  -698.318 39176.707  12.74  12.21   57  599.1 4152.43460 N 00119.94822 E 9 1 0 1
2021 11 06 01 38 12 23602.138  -699.251 39174.443  12.74  12.21   57  599.2 4152.43455 N 00119.94818 E 9 1 0 1
2021 11 06 01 38 13 23600.779  -698.435 39176.541  12.74  12.21   57  599.3 4152.43440 N 00119.94810 E 9 1 0 1
2021 11 06 01 38 14 23602.281  -699.250 39174.468  12.74  12.21   57  599.4 4152.43428 N 00119.94797 E 9 1 0 1
2021 11 06 01 38 15 23601.015  -698.433 39176.535  12.74  12.21   57  599.7 4152.43441 N 00119.94786 E 9 1 0 1
2021 11 06 01 38 16 23602.367  -699.276 39174.570  12.74  12.21   57  600.1 4152.43448 N 00119.94774 E 9 1 0 1
2021 11 06 01 38 17 23601.167  -698.345 39176.676  12.74  12.21   57  600.5 4152.43451 N 00119.94755 E 9 1 0 1
2021 11 06 01 38 18 23602.919  -698.826 39174.915  12.74  12.21   57  600.8 4152.43449 N 00119.94743 E 9 1 0 1
2021 11 06 01 38 19 23601.794  -697.923 39176.983  12.74  12.21   57  601.3 4152.43456 N 00119.94728 E 9 1 0 1
2021 11 06 01 38 20 23603.281  -698.584 39175.143  12.74  12.21   57  601.1 4152.43439 N 00119.94728 E 9 1 0 1
2021 11 06 01 38 21 23601.947  -697.617 39177.400  12.74  12.21   57  601.2 4152.43433 N 00119.94726 E 9 1 0 1
2021 11 06 01 38 22 23603.220  -698.396 39175.493  12.74  12.21   57  601.2 4152.43423 N 00119.94727 E 9 1 0 1
2021 11 06 01 38 23 23602.154  -697.710 39177.207  12.74  12.21   57  601.6 4152.43430 N 00119.94719 E 9 1 0 1
2021 11 06 01 38 24 23603.476  -698.369 39175.424  12.74  12.21   57  601.7 4152.43426 N 00119.94714 E 9 1 0 1
2021 11 06 01 38 25 23603.906  -698.519 39174.991  12.74  12.21   57  601.8 4152.43420 N 00119.94710 E 9 1 0 1
2021 11 06 01 38 26 23602.564  -697.632 39177.100  12.74  12.21   57  601.8 4152.43412 N 00119.94712 E 9 1 0 1
2021 11 06 01 38 27 23603.447  -698.292 39175.658  12.74  12.21   57  602.0 4152.43397 N 00119.94716 E 9 1 0 1
2021 11 06 01 38 28 23602.445  -697.803 39177.026  12.74  12.21   57  601.9 4152.43389 N 00119.94715 E 9 1 0 1
2021 11 06 01 38 29 23603.507  -698.430 39175.499  12.74  12.21   57  602.1 4152.43389 N 00119.94713 E 9 1 0 1
2021 11 06 01 38 30 23602.351  -697.866 39177.022  12.74  12.21   57  602.3 4152.43389 N 00119.94708 E 9 1 0 1
2021 11 06 01 38 31 23602.623  -698.218 39176.362  12.74  12.21   57  602.3 4152.43389 N 00119.94708 E 9 1 0 1
2021 11 06 01 38 32 23602.074  -697.969 39177.110  12.74  12.21   57  602.4 4152.43397 N 00119.94700 E 9 1 0 1
2021 11 06 01 38 33 23603.521  -698.555 39175.344  12.74  12.21   57  602.0 4152.43391 N 00119.94716 E 9 1 0 1
2021 11 06 01 38 34 23602.193  -697.705 39177.453  12.74  12.21   57  601.6 4152.43385 N 00119.94722 E 9 1 0 1
2021 11 06 01 38 35 23603.445  -698.617 39175.355  12.74  12.21   57  601.9 4152.43391 N 00119.94715 E 9 1 0 1
2021 11 06 01 38 36 23602.527  -697.644 39177.350  12.74  12.21   57  601.7 4152.43383 N 00119.94728 E 9 1 0 1
2021 11 06 01 38 37 23604.095  -698.386 39175.331  12.74  12.21   57  601.8 4152.43378 N 00119.94728 E 9 1 0 1
2021 11 06 01 38 38 23602.777  -697.619 39177.316  12.74  12.21   57  601.1 4152.43369 N 00119.94750 E 9 1 0 1
2021 11 06 01 38 39 23604.078  -698.393 39175.405  12.74  12.21   57  600.6 4152.43350 N 00119.94770 E 9 1 0 1
2021 11 06 01 38 40 23602.201  -697.897 39177.318  12.74  12.21   57  600.5 4152.43352 N 00119.94780 E 9 1 0 1
2021 11 06 01 38 41 23603.294  -698.874 39175.219  12.74  12.21   57  600.9 4152.43360 N 00119.94778 E 9 1 0 1
2021 11 06 01 38 42 23602.119  -697.981 39177.286  12.74  12.21   57  599.5 4152.43349 N 00119.94814 E 9 1 0 1
2021 11 06 01 38 43 23603.884  -698.638 39175.269  12.74  12.21   57  599.2 4152.43346 N 00119.94825 E 9 1 0 1
2021 11 06 01 38 44 23602.693  -697.549 39177.624  12.74  12.21   57  598.9 4152.43345 N 00119.94831 E 9 1 0 1
2021 11 06 01 38 45 23604.205  -698.469 39175.371  12.74  12.21   57  598.1 4152.43337 N 00119.94854 E 9 1 0 1
2021 11 06 01 38 46 23602.626  -697.492 39177.802  12.74  12.21   57  598.0 4152.43340 N 00119.94854 E 9 1 0 1
2021 11 06 01 38 47 23604.388  -698.451 39175.388  12.74  12.21   57  597.3 4152.43337 N 00119.94870 E 9 1 0 1
2021 11 06 01 38 48 23602.841  -697.577 39177.680  12.74  12.21   57  596.8 4152.43329 N 00119.94885 E 9 1 0 1
2021 11 06 01 38 49 23604.365  -698.415 39175.532  12.74  12.21   57  596.7 4152.43324 N 00119.94895 E 9 1 0 1
2021 11 06 01 38 50 23602.777  -697.497 39177.874  12.74  12.21   57  597.0 4152.43338 N 00119.94880 E 8 1 0 1
2021 11 06 01 38 51 23604.386  -698.366 39175.638  12.74  12.21   57  597.3 4152.43346 N 00119.94867 E 9 1 0 1
2021 11 06 01 38 52 23603.677  -697.951 39176.704  12.74  12.21   57  597.8 4152.43363 N 00119.94846 E 9 1 0 1
2021 11 06 01 38 53 23604.976  -698.755 39174.793  12.74  12.21   57  598.1 4152.43376 N 00119.94833 E 9 1 0 1
2021 11 06 01 38 54 23602.962  -697.599 39177.743  12.74  12.21   57  597.9 4152.43380 N 00119.94836 E 9 1 0 1
2021 11 06 01 38 55 23604.338  -698.409 39175.735  12.74  12.21   57  598.2 4152.43395 N 00119.94825 E 9 1 0 1
2021 11 06 01 38 56 23602.982  -697.556 39177.837  12.74  12.21   57  598.1 4152.43393 N 00119.94830 E 9 1 0 1
2021 11 06 01 38 57 23604.437  -698.425 39175.725  12.74  12.21   57  598.6 4152.43401 N 00119.94814 E 9 1 0 1
2021 11 06 01 38 58 23603.193  -697.689 39177.648  12.74  12.21   57  598.7 4152.43401 N 00119.94813 E 9 1 0 1
2021 11 06 01 38 59 23603.857  -698.055 39176.675  12.74  12.21   57  599.2 4152.43408 N 00119.94802 E 9 1 0 1
2021 11 06 01 39 00 23603.095  -697.675 39177.710  12.74  12.21   57  598.7 4152.43399 N 00119.94816 E 9 1 0 1
2021 11 06 01 39 01 23603.781  -698.051 39176.795  12.74  12.21   57  599.1 4152.43408 N 00119.94801 E 9 1 0 1
2021 11 06 01 39 02 23602.986  -697.607 39177.978  12.74  12.21   57  599.4 4152.43411 N 00119.94795 E 9 1 0 1
2021 11 06 01 39 03 23604.361  -698.398 39175.993  12.74  12.21   57  599.5 4152.43423 N 00119.94790 E 9 1 0 1
2021 11 06 01 39 04 23603.269  -697.725 39177.707  12.74  12.21   57  599.9 4152.43428 N 00119.94785 E 9 1 0 1
2021 11 06 01 39 05 23604.539  -698.474 39175.901  12.73  12.21   57  599.8 4152.43417 N 00119.94798 E 9 1 0 1
2021 11 06 01 39 06 23604.900  -698.663 39175.421  12.73  12.21   57  600.4 4152.43431 N 00119.94787 E 9 1 0 1
2021 11 06 01 39 07 23603.531  -697.797 39177.616  12.73  12.21   57  600.7 4152.43435 N 00119.94782 E 9 1 0 1
2021 11 06 01 39 08 23604.732  -698.426 39176.016  12.73  12.21   58  600.4 4152.43431 N 00119.94797 E 9 1 0 1
2021 11 06 01 39 09 23603.623  -697.801 39177.617  12.73  12.21   57  601.2 4152.43442 N 00119.94779 E 9 1 0 1
2021 11 06 01 39 10 23604.699  -698.499 39176.000  12.73  12.21   57  601.9 4152.43454 N 00119.94758 E 9 1 0 1
2021 11 06 01 39 11 23603.646  -697.894 39177.571  12.73  12.21   57  601.5 4152.43448 N 00119.94771 E 9 1 0 1
2021 11 06 01 39 12 23604.632  -698.506 39176.117  12.73  12.21   57  601.8 4152.43451 N 00119.94766 E 9 1 0 1
2021 11 06 01 39 13 23603.492  -697.848 39177.803  12.73  12.21   57  601.9 4152.43448 N 00119.94765 E 9 1 0 1
2021 11 06 01 39 14 23604.750  -698.569 39175.990  12.73  12.21   57  602.0 4152.43446 N 00119.94766 E 9 1 0 1
2021 11 06 01 39 15 23603.796  -697.715 39177.844  12.73  12.21   57  602.7 4152.43453 N 00119.94746 E 9 1 0 1
2021 11 06 01 39 16 23605.258  -698.141 39176.373  12.73  12.21   57  602.6 4152.43443 N 00119.94753 E 9 1 0 1
2021 11 06 01 39 17 23603.923  -697.580 39178.028  12.73  12.21   57  602.8 4152.43442 N 00119.94751 E 9 1 0 1
2021 11 06 01 39 18 23605.156  -698.441 39176.058  12.73  12.21   57  603.1 4152.43441 N 00119.94743 E 9 1 0 1
2021 11 06 01 39 19 23603.716  -697.707 39178.058  12.73  12.21   57  603.0 4152.43438 N 00119.94738 E 9 1 0 1
2021 11 06 01 39 20 23604.855  -698.722 39175.948  12.73  12.21   57  601.3 4152.43407 N 00119.94782 E 9 1 0 1
2021 11 06 01 39 21 23603.746  -697.815 39178.008  12.73  12.21   57  601.2 4152.43398 N 00119.94790 E 9 1 0 1
2021 11 06 01 39 22 23603.197  -697.557 39178.823  12.73  12.21   57  601.0 4152.43379 N 00119.94799 E 9 1 0 1
2021 11 06 01 39 23 23602.832  -697.522 39179.140  12.73  12.21   57  601.1 4152.43377 N 00119.94793 E 9 1 0 1
2021 11 06 01 39 24 23605.150  -698.548 39176.254  12.73  12.21   57  600.5 4152.43360 N 00119.94807 E 9 1 0 1
2021 11 06 01 39 25 23604.045  -697.523 39178.509  12.73  12.21   57  601.0 4152.43361 N 00119.94792 E 9 1 0 1
2021 11 06 01 39 26 23605.578  -698.396 39176.362  12.73  12.21   57  601.3 4152.43374 N 00119.94763 E 9 1 0 1
2021 11 06 01 39 27 23603.947  -697.749 39178.416  12.73  12.21   57  601.9 4152.43381 N 00119.94736 E 9 1 0 1
2021 11 06 01 39 28 23605.404  -698.801 39176.035  12.73  12.21   57  601.2 4152.43366 N 00119.94763 E 9 1 0 1
2021 11 06 01 39 29 23603.808  -697.910 39178.337  12.73  12.21   57  601.1 4152.43360 N 00119.94767 E 9 1 0 1
2021 11 06 01 39 30 23605.193  -698.900 39176.124  12.73  12.21   57  600.5 4152.43342 N 00119.94794 E 9 1 0 1
2021 11 06 01 39 31 23603.724  -698.024 39178.365  12.73  12.21   57  600.7 4152.43347 N 00119.94788 E 9 1 0 1
2021 11 06 01 39 32 23605.578  -698.822 39176.056  12.73  12.21   57  601.2 4152.43362 N 00119.94764 E 9 1 0 1
2021 11 06 01 39 33 23604.132  -697.801 39178.507  12.73  12.21   57  600.4 4152.43344 N 00119.94782 E 9 1 0 1
2021 11 06 01 39 34 23605.707  -698.797 39176.166  12.73  12.21   57  600.1 4152.43333 N 00119.94794 E 9 1 0 1
2021 11 06 01 39 35 23604.048  -698.037 39178.364  12.73  12.21   57  599.8 4152.43328 N 00119.94805 E 9 1 0 1
2021 11 06 01 39 36 23605.312  -698.862 39176.406  12.73  12.21   57  599.5 4152.43322 N 00119.94813 E 9 1 0 1
2021 11 06 01 39 37 23604.134  -697.977 39178.524  12.73  12.21   57  600.1 4152.43338 N 00119.94785 E 9 1 0 1
2021 11 06 01 39 38 23605.707  -698.954 39176.237  12.73  12.21   57  599.8 4152.43336 N 00119.94794 E 9 1 0 1
2021 11 06 01 39 39 23604.172  -698.200 39178.319  12.73  12.21   57  600.4 4152.43352 N 00119.94776 E 9 1 0 1
2021 11 06 01 39 40 23605.465  -699.144 39176.174  12.73  12.21   57  599.8 4152.43339 N 00119.94794 E 9 1 0 1
2021 11 06 01 39 41 23604.203  -698.470 39178.039  12.73  12.21   57  598.9 4152.43324 N 00119.94815 E 9 1 0 1
2021 11 06 01 39 42 23605.439  -699.277 39176.136  12.73  12.21   57  599.0 4152.43337 N 00119.94814 E 8 1 0 1
2021 11 06 01 39 43 23603.947  -698.418 39178.315  12.73  12.21   57  599.0 4152.43352 N 00119.94819 E 9 1 0 1
2021 11 06 01 39 44 23605.322  -699.208 39176.373  12.73  12.21   57  599.0 4152.43323 N 00119.94817 E 9 1 0 1
2021 11 06 01 39 45 23604.172  -698.558 39178.130  12.73  12.21   57  599.6 4152.43329 N 00119.94802 E 9 1 0 1
2021 11 06 01 39 46 23605.357  -699.280 39176.331  12.73  12.21   57  599.1 4152.43344 N 00119.94820 E 9 1 0 1
2021 11 06 01 39 47 23604.181  -698.626 39178.091  12.73  12.21   57  598.5 4152.43332 N 00119.94838 E 9 1 0 1
2021 11 06 01 39 48 23605.467  -699.440 39176.176  12.73  12.21   57  599.2 4152.43361 N 00119.94826 E 9 1 0 1
2021 11 06 01 39 49 23604.257  -698.791 39177.952  12.73  12.21   57  598.6 4152.43354 N 00119.94842 E 9 1 0 1
2021 11 06 01 39 50 23603.441  -698.304 39179.165  12.73  12.21   56  598.0 4152.43383 N 00119.94867 E 9 1 0 1
2021 11 06 01 39 51 23604.910  -699.164 39177.049  12.73  12.21   57  598.3 4152.43373 N 00119.94856 E 9 1 0 1
2021 11 06 01 39 52 23603.920  -698.665 39178.406  12.73  12.21   57  598.5 4152.43395 N 00119.94861 E 9 1 0 1
2021 11 06 01 39 53 23605.054  -699.371 39176.743  12.73  12.21   57  599.2 4152.43403 N 00119.94843 E 9 1 0 1
2021 11 06 01 39 54 23604.175  -698.929 39177.992  12.73  12.21   57  599.0 4152.43423 N 00119.94856 E 9 1 0 1
2021 11 06 01 39 55 23605.373  -699.627 39176.282  12.73  12.21   57  598.7 4152.43444 N 00119.94872 E 9 1 0 1
2021 11 06 01 39 56 23604.287  -699.010 39177.930  12.73  12.21   57  599.1 4152.43459 N 00119.94866 E 9 1 0 1
2021 11 06 01 39 57 23605.275  -699.583 39176.547  12.73  12.21   57  599.2 4152.43458 N 00119.94872 E 9 1 0 1
2021 11 06 01 39 58 23604.345  -699.050 39177.974  12.73  12.21   57  599.3 4152.43459 N 00119.94872 E 9 1 0 1
2021 11 06 01 39 59 23605.357  -699.643 39176.544  12.73  12.21   57  599.4 4152.43446 N 00119.94872 E 9 1 0 1
2021 11 06 01 40 00 23604.289  -699.073 39178.111  12.73  12.21   57  599.4 4152.43440 N 00119.94867 E 9 1 0 1
2021 11 06 01 40 01 23605.558  -699.864 39176.199  12.73  12.21   57  599.1 4152.43405 N 00119.94863 E 9 1 0 1
2021 11 06 01 40 02 23604.220  -699.099 39178.196  12.73  12.21   57  599.2 4152.43407 N 00119.94860 E 9 1 0 1
2021 11 06 01 40 03 23605.634  -699.941 39176.165  12.73  12.21   57  599.8 4152.43411 N 00119.94843 E 9 1 0 1
2021 11 06 01 40 04 23604.320  -699.245 39178.073  12.73  12.21   57  600.1 4152.43426 N 00119.94832 E 9 1 0 1
2021 11 06 01 40 05 23605.732  -700.092 39176.003  12.73  12.21   57  600.5 4152.43425 N 00119.94819 E 9 1 0 1
2021 11 06 01 40 06 23604.341  -699.237 39178.202  12.73  12.21   57  600.6 4152.43421 N 00119.94819 E 7 1 0 1
2021 11 06 01 40 07 23605.799  -700.102 39176.093  12.73  12.21   57  600.0 4152.43404 N 00119.94834 E 8 1 0 1
2021 11 06 01 40 08 23604.414  -699.382 39178.051  12.73  12.21   58  600.5 4152.43409 N 00119.94821 E 8 1 0 1
2021 11 06 01 40 09 23605.746  -700.166 39176.097  12.73  12.21   57  600.8 4152.43406 N 00119.94814 E 8 1 0 1
2021 11 06 01 40 10 23604.263  -699.282 39178.370  12.73  12.21   57  601.1 4152.43408 N 00119.94810 E 7 1 0 1
2021 11 06 01 40 11 23605.908  -700.123 39176.192  12.73  12.21   57  601.2 4152.43398 N 00119.94799 E 8 1 0 1
2021 11 06 01 40 12 23604.509  -699.323 39178.294  12.73  12.21   57  601.6 4152.43406 N 00119.94788 E 8 1 0 1
2021 11 06 01 40 13 23606.058  -700.219 39176.069  12.73  12.21   57  601.4 4152.43394 N 00119.94795 E 8 1 0 1
2021 11 06 01 40 14 23604.597  -699.361 39178.275  12.73  12.21   57  600.8 4152.43370 N 00119.94808 E 8 1 0 1
2021 11 06 01 40 15 23605.842  -700.068 39176.519  12.73  12.21   57  601.2 4152.43381 N 00119.94798 E 8 1 0 1
2021 11 06 01 40 16 23604.603  -699.308 39178.443  12.73  12.21   56  601.2 4152.43385 N 00119.94796 E 8 1 0 1
2021 11 06 01 40 17 23606.179  -700.246 39176.211  12.73  12.21   57  601.4 4152.43385 N 00119.94792 E 8 1 0 1
2021 11 06 01 40 18 23604.884  -699.427 39178.309  12.73  12.21   57  601.2 4152.43382 N 00119.94805 E 8 1 0 1
2021 11 06 01 40 19 23606.265  -700.303 39176.215  12.73  12.21   57  601.7 4152.43385 N 00119.94798 E 8 1 0 1
2021 11 06 01 40 20 23604.840  -699.545 39178.266  12.73  12.21   57  601.8 4152.43390 N 00119.94799 E 8 1 0 1
2021 11 06 01 40 21 23606.203  -700.408 39176.235  12.73  12.21   57  601.8 4152.43396 N 00119.94803 E 8 1 0 1
2021 11 06 01 40 22 23604.713  -699.540 39178.535  12.73  12.21   57  602.3 4152.43410 N 00119.94786 E 8 1 0 1
2021 11 06 01 40 23 23606.103  -700.335 39176.492  12.73  12.21   57  602.3 4152.43413 N 00119.94785 E 8 1 0 1
2021 11 06 01 40 24 23604.914  -699.650 39178.346  12.73  12.21   57  601.9 4152.43411 N 00119.94801 E 8 1 0 1
2021 11 06 01 40 25 23606.234  -700.465 39176.345  12.73  12.21   57  601.9 4152.43414 N 00119.94804 E 8 1 0 1
2021 11 06 01 40 26 23604.875  -699.780 39178.256  12.73  12.21   57  601.9 4152.43420 N 00119.94808 E 8 1 0 1
2021 11 06 01 40 27 23606.131  -700.350 39176.637  12.73  12.21   57  601.9 4152.43426 N 00119.94816 E 8 1 0 1
2021 11 06 01 40 28 23605.486  -699.631 39178.178  12.73  12.21   57  601.2 4152.43425 N 00119.94843 E 8 1 0 1
2021 11 06 01 40 29 23606.908  -700.285 39176.412  12.73  12.21   57  601.2 4152.43429 N 00119.94846 E 8 1 0 1
2021 11 06 01 40 30 23605.627  -699.441 39178.459  12.73  12.21   57  600.9 4152.43428 N 00119.94860 E 8 1 0 1
2021 11 06 01 40 31 23606.599  -700.232 39176.764  12.73  12.21   57  600.2 4152.43422 N 00119.94884 E 8 1 0 1
2021 11 06 01 40 32 23607.029  -700.703 39175.861  12.73  12.21   57  600.3 4152.43427 N 00119.94885 E 8 1 0 1
2021 11 06 01 40 33 23605.334  -699.989 39177.999  12.73  12.21   57  600.3 4152.43428 N 00119.94888 E 8 1 0 1
2021 11 06 01 40 34 23606.388  -700.447 39176.717  12.73  12.21   57  600.1 4152.43431 N 00119.94897 E 8 1 0 1
2021 11 06 01 40 35 23605.490  -699.849 39178.230  12.73  12.21   57  600.4 4152.43440 N 00119.94891 E 7 1 0 1
2021 11 06 01 40 36 23606.650  -700.595 39176.474  12.73  12.21   57  600.2 4152.43447 N 00119.94894 E 7 1 0 1
2021 11 06 01 40 37 23605.537  -699.993 39178.079  12.73  12.21   57  600.2 4152.43457 N 00119.94891 E 8 1 0 1
2021 11 06 01 40 38 23606.763  -700.728 39176.355  12.73  12.21   57  600.6 4152.43469 N 00119.94884 E 8 1 0 1
2021 11 06 01 40 39 23605.732  -700.103 39177.948  12.73  12.21   57  600.9 4152.43481 N 00119.94878 E 8 1 0 1
2021 11 06 01 40 40 23606.521  -700.613 39176.766  12.73  12.21   57  600.4 4152.43477 N 00119.94894 E 8 1 0 1
2021 11 06 01 40 41 23605.500  -700.069 39178.204  12.73  12.21   57  600.3 4152.43476 N 00119.94899 E 8 1 0 1
2021 11 06 01 40 42 23606.845  -700.843 39176.309  12.73  12.21   57  600.3 4152.43478 N 00119.94901 E 8 1 0 1
2021 11 06 01 40 43 23605.580  -700.048 39178.263  12.73  12.21   57  600.4 4152.43480 N 00119.94901 E 8 1 0 1
2021 11 06 01 40 44 23606.629  -700.622 39176.810  12.73  12.21   57  600.5 4152.43488 N 00119.94901 E 8 1 0 1
2021 11 06 01 40 45 23605.771  -700.104 39178.136  12.73  12.21   57  600.6 4152.43494 N 00119.94899 E 8 1 0 1
2021 11 06 01 40 46 23607.113  -700.861 39176.202  12.73  12.21   57  600.4 4152.43489 N 00119.94908 E 8 1 0 1
2021 11 06 01 40 47 23605.754  -700.128 39178.191  12.73  12.21   57  600.5 4152.43497 N 00119.94900 E 8 1 0 1
2021 11 06 01 40 48 23607.197  -701.034 39176.028  12.73  12.21   57  600.7 4152.43494 N 00119.94897 E 8 1 0 1
2021 11 06 01 40 49 23605.845  -700.210 39178.083  12.73  12.21   57  600.5 4152.43490 N 00119.94904 E 8 1 0 1
2021 11 06 01 40 50 23606.943  -700.778 39176.622  12.73  12.21   57  600.2 4152.43487 N 00119.94912 E 8 1 0 1
2021 11 06 01 40 51 23605.843  -700.044 39178.359  12.73  12.21   57  599.6 4152.43480 N 00119.94926 E 8 1 0 1
2021 11 06 01 40 52 23607.392  -700.972 39176.064  12.73  12.21   58  599.5 4152.43486 N 00119.94928 E 8 1 0 1
2021 11 06 01 40 53 23605.043  -699.605 39179.538  12.73  12.21   57  599.1 4152.43487 N 00119.94936 E 8 1 0 1
2021 11 06 01 40 54 23607.344  -700.981 39176.130  12.73  12.21   57  599.0 4152.43493 N 00119.94937 E 8 1 0 1
2021 11 06 01 40 55 23605.717  -700.094 39178.448  12.73  12.21   57  598.4 4152.43491 N 00119.94950 E 8 1 0 1
2021 11 06 01 40 56 23607.174  -700.944 39176.351  12.73  12.21   57  597.9 4152.43491 N 00119.94960 E 8 1 0 1
2021 11 06 01 40 57 23605.914  -700.182 39178.259  12.73  12.21   57  597.9 4152.43498 N 00119.94957 E 8 1 0 1
2021 11 06 01 40 58 23607.199  -700.975 39176.344  12.73  12.21   57  597.9 4152.43502 N 00119.94954 E 8 1 0 1
2021 11 06 01 40 59 23605.916  -700.184 39178.341  12.73  12.21   57  597.6 4152.43498 N 00119.94958 E 8 1 0 1
2021 11 06 01 41 00 23607.851  -700.825 39176.196  12.73  12.21   57  597.6 4152.43502 N 00119.94955 E 8 1 0 1
2021 11 06 01 41 01 23606.664  -699.717 39178.566  12.73  12.21   57  597.4 4152.43506 N 00119.94955 E 8 1 0 1
2021 11 06 01 41 02 23607.980  -700.342 39176.908  12.73  12.21   57  597.2 4152.43506 N 00119.94963 E 7 1 0 1
2021 11 06 01 41 03 23606.490  -699.873 39178.515  12.73  12.21   57  597.0 4152.43507 N 00119.94964 E 7 1 0 1
2021 11 06 01 41 04 23607.980  -700.720 39176.407  12.73  12.21   57  596.9 4152.43506 N 00119.94969 E 7 1 0 1
2021 11 06 01 41 05 23605.498  -699.313 39180.035  12.73  12.21   57  596.6 4152.43506 N 00119.94975 E 8 1 0 1
2021 11 06 01 41 06 23607.851  -700.866 39176.376  12.73  12.21   57  596.9 4152.43513 N 00119.94965 E 8 1 0 1
2021 11 06 01 41 07 23606.422  -700.210 39178.298  12.73  12.21   57  596.6 4152.43503 N 00119.94972 E 8 1 0 1
2021 11 06 01 41 08 23607.699  -701.062 39176.262  12.73  12.21   57  596.5 4152.43498 N 00119.94973 E 8 1 0 1
2021 11 06 01 41 09 23606.545  -700.393 39178.035  12.73  12.21   57  596.3 4152.43484 N 00119.94981 E 8 1 0 1
2021 11 06 01 41 10 23607.068  -700.642 39177.392  12.73  12.21   57  596.4 4152.43487 N 00119.94976 E 8 1 0 1
2021 11 06 01 41 11 23605.256  -699.587 39180.070  12.73  12.21   57  596.4 4152.43486 N 00119.94975 E 8 1 0 1
2021 11 06 01 41 12 23607.293  -700.584 39177.377  12.73  12.21   57  596.3 4152.43487 N 00119.94974 E 8 1 0 1
2021 11 06 01 41 13 23606.201  -699.947 39179.049  12.73  12.21   57  596.1 4152.43484 N 00119.94977 E 8 1 0 1
2021 11 06 01 41 14 23607.150  -700.483 39177.735  12.73  12.21   57  596.1 4152.43479 N 00119.94976 E 8 1 0 1
2021 11 06 01 41 15 23607.875  -701.017 39176.517  12.73  12.21   57  595.8 4152.43467 N 00119.94989 E 8 1 0 1
2021 11 06 01 41 16 23606.560  -700.074 39178.755  12.73  12.21   57  595.7 4152.43461 N 00119.94994 E 8 1 0 1
2021 11 06 01 41 17 23607.387  -700.660 39177.437  12.73  12.21   57  595.4 4152.43450 N 00119.95008 E 8 1 0 1
2021 11 06 01 41 18 23607.890  -701.038 39176.654  12.73  12.21   57  595.8 4152.43452 N 00119.94999 E 8 1 0 1
2021 11 06 01 41 19 23608.012  -701.191 39176.402  12.73  12.21   57  595.9 4152.43448 N 00119.94997 E 8 1 0 1
2021 11 06 01 41 20 23606.511  -700.152 39178.861  12.73  12.21   57  595.9 4152.43446 N 00119.94999 E 8 1 0 1
2021 11 06 01 41 21 23607.488  -700.608 39177.641  12.73  12.21   57  595.7 4152.43437 N 00119.95009 E 8 1 0 1
2021 11 06 01 41 22 23606.484  -700.078 39179.079  12.73  12.21   57  595.5 4152.43426 N 00119.95022 E 8 1 0 1
2021 11 06 01 41 23 23605.967  -699.470 39180.309  12.73  12.21   57  595.6 4152.43425 N 00119.95021 E 7 1 0 1
2021 11 06 01 41 24 23607.670  -700.509 39177.794  12.73  12.21   57  595.1 4152.43411 N 00119.95038 E 7 1 0 1
2021 11 06 01 41 25 23608.312  -701.267 39176.362  12.73  12.21   57  594.8 4152.43406 N 00119.95049 E 8 1 0 1
2021 11 06 01 41 26 23606.465  -700.304 39178.959  12.73  12.21   57  594.3 4152.43396 N 00119.95062 E 8 1 0 1
2021 11 06 01 41 27 23607.543  -700.691 39177.802  12.73  12.21   57  594.8 4152.43404 N 00119.95051 E 8 1 0 1
2021 11 06 01 41 28 23606.535  -700.201 39179.201  12.73  12.21   57  595.2 4152.43412 N 00119.95040 E 8 1 0 1
2021 11 06 01 41 29 23607.832  -701.129 39177.104  12.73  12.21   58  595.7 4152.43428 N 00119.95021 E 8 1 0 1
2021 11 06 01 41 30 23606.332  -700.502 39178.979  12.73  12.21   57  596.2 4152.43437 N 00119.95010 E 8 1 0 1
2021 11 06 01 41 31 23607.408  -701.021 39177.588  12.73  12.21   57  596.1 4152.43435 N 00119.95014 E 8 1 0 1
2021 11 06 01 41 32 23606.498  -700.306 39179.272  12.73  12.21   57  596.4 4152.43444 N 00119.95000 E 8 1 0 1
2021 11 06 01 41 33 23607.847  -701.167 39177.245  12.73  12.21   57  596.3 4152.43436 N 00119.95012 E 8 1 0 1
2021 11 06 01 41 34 23606.486  -700.340 39179.342  12.73  12.21   57  596.5 4152.43435 N 00119.95012 E 8 1 0 1
2021 11 06 01 41 35 23608.062  -701.333 39177.025  12.73  12.21   57  596.3 4152.43428 N 00119.95015 E 8 1 0 1
2021 11 06 01 41 36 23606.697  -700.450 39179.216  12.73  12.21   57  596.6 4152.43434 N 00119.95005 E 8 1 0 1
2021 11 06 01 41 37 23608.219  -701.224 39177.178  12.73  12.21   57  596.7 4152.43434 N 00119.95002 E 8 1 0 1
2021 11 06 01 41 38 23606.814  -700.404 39179.330  12.73  12.21   57  596.3 4152.43421 N 00119.95017 E 7 1 0 1
2021 11 06 01 41 39 23608.211  -701.297 39177.280  12.73  12.21   57  596.2 4152.43414 N 00119.95024 E 7 1 0 1
2021 11 06 01 41 40 23606.738  -700.480 39179.501  12.73  12.21   57  596.4 4152.43424 N 00119.95015 E 7 1 0 1
2021 11 06 01 41 41 23608.389  -701.408 39177.192  12.73  12.21   57  596.2 4152.43422 N 00119.95019 E 7 1 0 1
2021 11 06 01 41 42 23607.117  -700.598 39179.259  12.73  12.21   57  596.2 4152.43421 N 00119.95023 E 7 1 0 1
2021 11 06 01 41 43 23608.473  -701.380 39177.384  12.73  12.21   57  596.4 4152.43432 N 00119.95019 E 7 1 0 1
2021 11 06 01 41 44 23607.262  -700.639 39179.377  12.73  12.21   57  596.4 4152.43428 N 00119.95021 E 7 1 0 1
2021 11 06 01 41 45 23608.697  -701.418 39177.432  12.73  12.21   57  596.3 4152.43419 N 00119.95030 E 8 1 0 1
2021 11 06 01 41 46 23607.303  -700.548 39179.678  12.73  12.21   57  596.0 4152.43401 N 00119.95040 E 8 1 0 1
2021 11 06 01 41 47 23608.787  -701.397 39177.656  12.73  12.21   57  595.7 4152.43386 N 00119.95055 E 8 1 0 1
2021 11 06 01 41 48 23607.633  -700.693 39179.556  12.73  12.21   57  595.7 4152.43389 N 00119.95054 E 8 1 0 1
2021 11 06 01 41 49 23609.225  -701.647 39177.266  12.73  12.21   57  595.8 4152.43399 N 00119.95059 E 8 1 0 1
2021 11 06 01 41 50 23608.344  -701.132 39178.775  12.73  12.21   57  595.2 4152.43388 N 00119.95077 E 8 1 0 1
2021 11 06 01 41 51 23609.359  -701.609 39177.575  12.73  12.21   57  595.0 4152.43390 N 00119.95082 E 8 1 0 1
2021 11 06 01 41 52 23608.691  -701.179 39178.790  12.73  12.21   57  594.8 4152.43389 N 00119.95092 E 8 1 0 1
2021 11 06 01 41 53 23609.543  -701.617 39177.733  12.73  12.21   57  594.9 4152.43388 N 00119.95083 E 8 1 0 1
2021 11 06 01 41 54 23608.689  -701.120 39179.149  12.73  12.21   56  594.5 4152.43365 N 00119.95094 E 8 1 0 1
2021 11 06 01 41 55 23609.576  -701.592 39178.003  12.73  12.21   57  594.2 4152.43351 N 00119.95100 E 8 1 0 1
2021 11 06 01 41 56 23608.961  -701.237 39179.042  12.73  12.21   57  594.3 4152.43346 N 00119.95101 E 7 1 0 1
2021 11 06 01 41 57 23609.852  -701.793 39177.830  12.73  12.21   57  594.3 4152.43350 N 00119.95098 E 8 1 0 1
2021 11 06 01 41 58 23610.600  -702.200 39176.846  12.73  12.21   57  594.1 4152.43341 N 00119.95104 E 8 1 0 1
2021 11 06 01 41 59 23609.398  -701.499 39178.731  12.73  12.21   58  593.3 4152.43320 N 00119.95130 E 8 1 0 1
2021 11 06 01 42 00 23609.988  -701.828 39177.980  12.73  12.21   57  593.3 4152.43318 N 00119.95127 E 8 1 0 1
2021 11 06 01 42 01 23609.236  -701.461 39179.046  12.73  12.21   57  593.0 4152.43311 N 00119.95130 E 8 1 0 1
2021 11 06 01 42 02 23610.346  -702.137 39177.492  12.73  12.21   57  592.8 4152.43307 N 00119.95128 E 7 1 0 1
2021 11 06 01 42 03 23609.232  -701.458 39179.233  12.73  12.21   57  592.6 4152.43305 N 00119.95127 E 8 1 0 1
2021 11 06 01 42 04 23610.490  -702.143 39177.501  12.73  12.21   57  592.4 4152.43302 N 00119.95130 E 8 1 0 1
2021 11 06 01 42 05 23609.355  -701.469 39179.274  12.73  12.21   57  592.4 4152.43308 N 00119.95132 E 8 1 0 1
2021 11 06 01 42 06 23610.467  -702.121 39177.669  12.73  12.21   57  592.4 4152.43319 N 00119.95126 E 8 1 0 1
2021 11 06 01 42 07 23609.215  -701.422 39179.507  12.73  12.21   57  592.0 4152.43307 N 00119.95136 E 8 1 0 1
2021 11 06 01 42 08 23610.621  -702.208 39177.573  12.73  12.21   57  591.9 4152.43299 N 00119.95138 E 8 1 0 1
2021 11 06 01 42 09 23609.299  -701.479 39179.484  12.73  12.21   57  592.2 4152.43321 N 00119.95129 E 8 1 0 1
2021 11 06 01 42 10 23610.617  -702.332 39177.484  12.73  12.21   57  592.0 4152.43314 N 00119.95137 E 8 1 0 1
2021 11 06 01 42 11 23609.348  -701.517 39179.473  12.73  12.21   57  591.6 4152.43320 N 00119.95150 E 8 1 0 1
2021 11 06 01 42 12 23610.566  -702.132 39177.806  12.73  12.21   57  591.7 4152.43325 N 00119.95148 E 8 1 0 1
2021 11 06 01 42 13 23609.310  -701.450 39179.589  12.73  12.21   57  592.1 4152.43326 N 00119.95138 E 8 1 0 1
2021 11 06 01 42 14 23610.543  -702.125 39177.826  12.73  12.21   57  592.0 4152.43325 N 00119.95139 E 8 1 0 1
2021 11 06 01 42 15 23609.225  -701.362 39179.741  12.73  12.21   57  591.8 4152.43311 N 00119.95144 E 8 1 0 1
2021 11 06 01 42 16 23610.652  -702.203 39177.616  12.73  12.21   57  591.7 4152.43303 N 00119.95142 E 8 1 0 1
2021 11 06 01 42 17 23609.129  -701.479 39179.569  12.73  12.21   57  591.9 4152.43314 N 00119.95140 E 8 1 0 1
2021 11 06 01 42 18 23610.064  -702.198 39177.889  12.73  12.21   57  591.9 4152.43324 N 00119.95142 E 8 1 0 1
2021 11 06 01 42 19 23608.764  -701.587 39179.559  12.73  12.21   57  591.7 4152.43324 N 00119.95147 E 7 1 0 1
2021 11 06 01 42 20 23609.650  -702.203 39178.027  12.73  12.21   57  591.5 4152.43338 N 00119.95160 E 8 1 0 1
2021 11 06 01 42 21 23608.336  -701.518 39179.813  12.73  12.21   57  591.5 4152.43341 N 00119.95168 E 8 1 0 1
2021 11 06 01 42 22 23609.334  -702.116 39178.235  12.73  12.21   57  591.5 4152.43362 N 00119.95175 E 8 1 0 1
2021 11 06 01 42 23 23608.140  -701.481 39179.882  12.73  12.21   57  591.4 4152.43369 N 00119.95175 E 8 1 0 1
2021 11 06 01 42 24 23609.420  -702.268 39177.846  12.73  12.21   57  591.4 4152.43370 N 00119.95181 E 8 1 0 1
2021 11 06 01 42 25 23608.158  -701.595 39179.500  12.73  12.21   57  591.6 4152.43372 N 00119.95181 E 8 1 0 1
2021 11 06 01 42 26 23609.361  -702.297 39177.709  12.73  12.21   57  591.3 4152.43378 N 00119.95192 E 8 1 0 1
2021 11 06 01 42 27 23608.121  -701.524 39179.526  12.73  12.21   57  591.2 4152.43367 N 00119.95198 E 8 1 0 1
2021 11 06 01 42 28 23609.465  -702.311 39177.436  12.73  12.21   57  591.0 4152.43367 N 00119.95206 E 8 1 0 1
2021 11 06 01 42 29 23608.107  -701.575 39179.253  12.73  12.21   57  591.3 4152.43371 N 00119.95202 E 8 1 0 1
2021 11 06 01 42 30 23609.041  -702.113 39177.799  12.73  12.21   57  591.5 4152.43355 N 00119.95190 E 8 1 0 1
2021 11 06 01 42 31 23607.887  -701.533 39179.267  12.73  12.21   57  591.7 4152.43376 N 00119.95187 E 8 1 0 1
2021 11 06 01 42 32 23609.078  -702.257 39177.390  12.73  12.21   58  591.7 4152.43381 N 00119.95189 E 8 1 0 1
2021 11 06 01 42 33 23607.707  -701.479 39179.250  12.73  12.21   57  591.6 4152.43380 N 00119.95196 E 8 1 0 1
2021 11 06 01 42 34 23608.961  -702.192 39177.338  12.73  12.21   57  591.6 4152.43386 N 00119.95200 E 8 1 0 1
2021 11 06 01 42 35 23607.605  -701.385 39179.264  12.73  12.21   57  591.6 4152.43390 N 00119.95200 E 8 1 0 1
2021 11 06 01 42 36 23608.527  -702.015 39177.697  12.73  12.21   57  591.3 4152.43378 N 00119.95203 E 8 1 0 1
2021 11 06 01 42 37 23607.435  -701.318 39179.309  12.73  12.21   57  591.1 4152.43376 N 00119.95210 E 8 1 0 1
2021 11 06 01 42 38 23608.484  -701.963 39177.649  12.73  12.21   57  590.7 4152.43376 N 00119.95221 E 8 1 0 1
2021 11 06 01 42 39 23607.412  -701.309 39179.188  12.73  12.21   57  590.4 4152.43359 N 00119.95227 E 8 1 0 1
2021 11 06 01 42 40 23608.441  -701.860 39177.637  12.73  12.21   57  590.0 4152.43350 N 00119.95234 E 8 1 0 1
2021 11 06 01 42 41 23609.023  -702.235 39176.671  12.73  12.21   57  589.7 4152.43346 N 00119.95240 E 8 1 0 1
2021 11 06 01 42 42 23607.590  -701.332 39178.795  12.73  12.21   58  589.2 4152.43340 N 00119.95253 E 8 1 0 1
2021 11 06 01 42 43 23608.115  -701.770 39177.758  12.73  12.21   57  589.0 4152.43351 N 00119.95259 E 8 1 0 1
2021 11 06 01 42 44 23607.135  -701.215 39179.103  12.73  12.21   57  588.9 4152.43355 N 00119.95259 E 8 1 0 1
2021 11 06 01 42 45 23607.771  -702.089 39177.379  12.73  12.21   57  588.7 4152.43350 N 00119.95259 E 8 1 0 1
2021 11 06 01 42 46 23606.533  -701.631 39178.758  12.73  12.21   57  588.7 4152.43360 N 00119.95266 E 8 1 0 1
2021 11 06 01 42 47 23607.187  -702.103 39177.605  12.73  12.21   57  588.7 4152.43364 N 00119.95267 E 8 1 0 1
2021 11 06 01 42 48 23606.310  -701.555 39178.888  12.73  12.21   57  588.1 4152.43343 N 00119.95281 E 8 1 0 1
2021 11 06 01 42 49 23607.428  -701.883 39177.574  12.73  12.21   57  588.0 4152.43341 N 00119.95287 E 8 1 0 1
2021 11 06 01 42 50 23606.763  -701.235 39178.905  12.73  12.21   57  588.3 4152.43344 N 00119.95279 E 8 1 0 1
2021 11 06 01 42 51 23608.019  -701.795 39177.223  12.73  12.21   57  588.5 4152.43360 N 00119.95273 E 8 1 0 1
2021 11 06 01 42 52 23606.678  -700.952 39179.184  12.73  12.21   57  588.5 4152.43377 N 00119.95275 E 8 1 0 1
2021 11 06 01 42 53 23607.816  -701.525 39177.559  12.73  12.21   57  589.0 4152.43401 N 00119.95264 E 8 1 0 1
2021 11 06 01 42 54 23607.457  -701.230 39178.105  12.73  12.21   57  589.3 4152.43417 N 00119.95257 E 8 1 0 1
2021 11 06 01 42 55 23608.527  -701.793 39176.551  12.73  12.21   57  589.2 4152.43412 N 00119.95255 E 8 1 0 1
2021 11 06 01 42 56 23606.523  -700.593 39179.415  12.73  12.21   57  589.8 4152.43429 N 00119.95238 E 8 1 0 1
2021 11 06 01 42 57 23608.004  -701.389 39177.286  12.73  12.21   57  590.0 4152.43431 N 00119.95232 E 8 1 0 1
2021 11 06 01 42 58 23606.451  -700.505 39179.413  12.73  12.21   57  590.1 4152.43428 N 00119.95227 E 8 1 0 1
2021 11 06 01 42 59 23607.586  -701.168 39177.657  12.73  12.21   57  590.4 4152.43420 N 00119.95215 E 8 1 0 1
2021 11 06 01 43 00 23606.355  -700.478 39179.381  12.73  12.21   58  590.5 4152.43416 N 00119.95211 E 8 1 0 1
2021 11 06 01 43 01 23607.646  -701.319 39177.240  12.73  12.21   57  590.5 4152.43407 N 00119.95215 E 8 1 0 1
2021 11 06 01 43 02 23605.968  -700.321 39179.588  12.73  12.21   57  590.4 4152.43403 N 00119.95223 E 8 1 0 1
2021 11 06 01 43 03 23607.461  -701.241 39177.215  12.73  12.21   57  590.5 4152.43398 N 00119.95225 E 8 1 0 1
2021 11 06 01 43 04 23605.926  -700.263 39179.517  12.73  12.21   57  590.9 4152.43404 N 00119.95215 E 8 1 0 1
2021 11 06 01 43 05 23607.299  -701.008 39177.450  12.73  12.21   57  591.0 4152.43409 N 00119.95212 E 8 1 0 1
2021 11 06 01 43 06 23605.801  -700.023 39179.687  12.73  12.21   57  591.2 4152.43414 N 00119.95209 E 8 1 0 1
2021 11 06 01 43 07 23607.312  -700.187 39178.347  12.73  12.21   57  590.9 4152.43406 N 00119.95221 E 8 1 0 1
2021 11 06 01 43 08 23606.342  -699.294 39180.139  12.73  12.21   57  590.8 4152.43392 N 00119.95222 E 8 1 0 1
2021 11 06 01 43 09 23607.961  -700.206 39177.731  12.73  12.21   57  590.9 4152.43383 N 00119.95223 E 8 1 0 1
2021 11 06 01 43 10 23606.174  -699.540 39179.725  12.73  12.21   57  590.9 4152.43371 N 00119.95224 E 8 1 0 1
2021 11 06 01 43 11 23607.215  -699.934 39178.396  12.73  12.21   57  591.0 4152.43371 N 00119.95220 E 8 1 0 1
2021 11 06 01 43 12 23606.238  -699.258 39179.919  12.73  12.21   57  591.8 4152.43379 N 00119.95199 E 8 1 0 1
2021 11 06 01 43 13 23607.277  -700.164 39177.859  12.73  12.21   57  591.9 4152.43368 N 00119.95197 E 8 1 0 1
2021 11 06 01 43 14 23605.773  -699.398 39179.807  12.73  12.21   57  592.3 4152.43367 N 00119.95190 E 8 1 0 1
2021 11 06 01 43 15 23607.099  -699.965 39178.055  12.73  12.21   57  592.5 4152.43362 N 00119.95188 E 8 1 0 1
2021 11 06 01 43 16 23605.445  -699.384 39179.777  12.73  12.21   57  592.9 4152.43364 N 00119.95178 E 8 1 0 1
2021 11 06 01 43 17 23606.277  -700.106 39178.062  12.73  12.21   57  592.9 4152.43360 N 00119.95176 E 7 1 0 1
2021 11 06 01 43 18 23605.168  -699.651 39179.367  12.73  12.21   57  593.0 4152.43361 N 00119.95168 E 7 1 0 1
2021 11 06 01 43 19 23605.898  -700.254 39177.900  12.73  12.21   57  593.1 4152.43364 N 00119.95165 E 8 1 0 1
2021 11 06 01 43 20 23605.228  -699.589 39179.226  12.73  12.21   58  593.3 4152.43375 N 00119.95154 E 8 1 0 1
2021 11 06 01 43 21 23606.254  -700.216 39177.570  12.73  12.21   57  593.6 4152.43379 N 00119.95143 E 8 1 0 1
2021 11 06 01 43 22 23604.904  -699.475 39179.403  12.73  12.21   57  593.8 4152.43379 N 00119.95135 E 8 1 0 1
2021 11 06 01 43 23 23604.263  -698.842 39180.574  12.73  12.21   57  593.9 4152.43380 N 00119.95128 E 8 1 0 1
2021 11 06 01 43 24 23603.964  -698.494 39181.206  12.73  12.21   57  593.4 4152.43376 N 00119.95135 E 8 1 0 1
2021 11 06 01 43 25 23604.066  -699.090 39180.160  12.73  12.21   57  593.7 4152.43391 N 00119.95123 E 8 1 0 1
2021 11 06 01 43 26 23605.562  -700.260 39177.448  12.73  12.21   57  593.6 4152.43397 N 00119.95121 E 8 1 0 1
2021 11 06 01 43 27 23604.677  -699.417 39179.159  12.73  12.21   57  593.5 4152.43399 N 00119.95123 E 8 1 0 1
2021 11 06 01 43 28 23605.287  -699.919 39177.971  12.73  12.21   57  593.7 4152.43403 N 00119.95118 E 8 1 0 1
2021 11 06 01 43 29 23604.373  -699.442 39179.125  12.73  12.21   57  593.7 4152.43396 N 00119.95108 E 8 1 0 1
2021 11 06 01 43 30 23605.246  -700.184 39177.391  12.73  12.21   57  593.7 4152.43392 N 00119.95110 E 8 1 0 1
2021 11 06 01 43 31 23604.111  -699.533 39178.960  12.73  12.21   57  594.0 4152.43391 N 00119.95103 E 8 1 0 1
2021 11 06 01 43 32 23605.031  -699.667 39178.116  12.73  12.21   57  593.6 4152.43381 N 00119.95108 E 8 1 0 1
2021 11 06 01 43 33 23604.191  -699.139 39179.337  12.73  12.21   57  594.0 4152.43388 N 00119.95094 E 8 1 0 1
2021 11 06 01 43 34 23605.299  -700.070 39177.195  12.73  12.21   57  594.2 4152.43385 N 00119.95082 E 8 1 0 1
2021 11 06 01 43 35 23603.841  -699.308 39179.144  12.73  12.21   57  594.4 4152.43391 N 00119.95077 E 7 1 0 1
2021 11 06 01 43 36 23604.531  -699.860 39177.844  12.73  12.21   57  594.5 4152.43388 N 00119.95070 E 7 1 0 1
2021 11 06 01 43 37 23603.716  -699.181 39179.255  12.73  12.21   57  594.9 4152.43369 N 00119.95047 E 7 1 0 1
2021 11 06 01 43 38 23604.607  -699.814 39177.715  12.73  12.21   57  595.2 4152.43362 N 00119.95033 E 8 1 0 1
2021 11 06 01 43 39 23603.587  -699.125 39179.281  12.73  12.21   57  595.4 4152.43349 N 00119.95018 E 8 1 0 1
2021 11 06 01 43 40 23605.097  -699.935 39177.099  12.73  12.21   57  595.7 4152.43365 N 00119.95009 E 8 1 0 1
2021 11 06 01 43 41 23603.445  -699.062 39179.374  12.73  12.21   57  595.5 4152.43368 N 00119.95014 E 8 1 0 1
2021 11 06 01 43 42 23604.740  -700.116 39176.996  12.73  12.21   57  595.7 4152.43372 N 00119.95009 E 8 1 0 1
2021 11 06 01 43 43 23603.257  -699.179 39179.150  12.73  12.21   57  595.8 4152.43384 N 00119.95011 E 8 1 0 1
2021 11 06 01 43 44 23604.359  -699.854 39177.476  12.73  12.21   57  596.4 4152.43379 N 00119.94994 E 8 1 0 1
2021 11 06 01 43 45 23603.109  -699.126 39179.266  12.73  12.21   57  596.4 4152.43383 N 00119.94997 E 8 1 0 1
2021 11 06 01 43 46 23604.476  -699.638 39177.538  12.73  12.21   57  596.3 4152.43372 N 00119.94996 E 8 1 0 1
2021 11 06 01 43 47 23603.169  -698.775 39179.503  12.73  12.21   57  596.8 4152.43390 N 00119.94987 E 8 1 0 1
2021 11 06 01 43 48 23604.929  -699.634 39177.127  12.73  12.21   57  596.6 4152.43403 N 00119.95001 E 8 1 0 1
2021 11 06 01 43 49 23603.416  -698.568 39179.530  12.73  12.21   57  596.7 4152.43398 N 00119.94997 E 8 1 0 1
2021 11 06 01 43 50 23605.140  -699.364 39177.240  12.73  12.21   58  596.7 4152.43409 N 00119.95000 E 8 1 0 1
2021 11 06 01 43 51 23603.373  -698.255 39179.840  12.73  12.21   57  596.6 4152.43414 N 00119.95008 E 8 1 0 1
2021 11 06 01 43 52 23604.769  -698.984 39177.864  12.73  12.21   57  596.3 4152.43448 N 00119.95034 E 8 1 0 1
2021 11 06 01 43 53 23603.500  -698.217 39179.732  12.73  12.21   57  596.3 4152.43461 N 00119.95043 E 8 1 0 1
2021 11 06 01 43 54 23604.531  -698.699 39178.293  12.73  12.21   57  596.2 4152.43470 N 00119.95059 E 8 1 0 1
2021 11 06 01 43 55 23603.699  -698.085 39179.670  12.73  12.21   57  596.4 4152.43468 N 00119.95056 E 8 1 0 1
2021 11 06 01 43 56 23604.923  -698.997 39177.568  12.73  12.21   57  596.5 4152.43484 N 00119.95066 E 8 1 0 1
2021 11 06 01 43 57 23602.824  -698.842 39179.028  12.73  12.21   57  596.3 4152.43479 N 00119.95074 E 8 1 0 1
2021 11 06 01 43 58 23603.849  -699.638 39177.150  12.73  12.21   57  596.4 4152.43493 N 00119.95083 E 8 1 0 1
2021 11 06 01 43 59 23602.789  -698.750 39179.085  12.73  12.21   57  595.9 4152.43500 N 00119.95105 E 8 1 0 1
2021 11 06 01 44 00 23604.461  -699.442 39176.938  12.73  12.21   57  595.7 4152.43491 N 00119.95115 E 8 1 0 1
2021 11 06 01 44 01 23603.173  -698.496 39179.087  12.73  12.21   57  595.6 4152.43505 N 00119.95128 E 8 1 0 1
2021 11 06 01 44 02 23603.937  -698.940 39177.877  12.73  12.21   57  595.8 4152.43534 N 00119.95138 E 8 1 0 1
2021 11 06 01 44 03 23602.982  -698.453 39179.132  12.73  12.21   57  595.6 4152.43545 N 00119.95155 E 8 1 0 1
2021 11 06 01 44 04 23604.066  -699.083 39177.476  12.73  12.21   57  595.5 4152.43528 N 00119.95156 E 8 1 0 1
2021 11 06 01 44 05 23602.900  -698.405 39179.143  12.72  12.21   57  595.2 4152.43526 N 00119.95171 E 8 1 0 1
2021 11 06 01 44 06 23602.251  -697.987 39180.076  12.73  12.21   57  594.8 4152.43529 N 00119.95188 E 8 1 0 1
2021 11 06 01 44 07 23603.711  -698.829 39177.929  12.72  12.21   57  594.8 4152.43536 N 00119.95195 E 8 1 0 1
2021 11 06 01 44 08 23603.037  -698.357 39179.007  12.73  12.21   57  594.7 4152.43524 N 00119.95198 E 8 1 0 1
2021 11 06 01 44 09 23603.851  -698.937 39177.681  12.72  12.21   57  595.0 4152.43520 N 00119.95188 E 8 1 0 1
2021 11 06 01 44 10 23602.974  -698.512 39178.804  12.72  12.21   57  595.3 4152.43540 N 00119.95182 E 8 1 0 1
2021 11 06 01 44 11 23603.986  -699.174 39177.195  12.72  12.21   57  595.7 4152.43570 N 00119.95175 E 8 1 0 1
2021 11 06 01 44 12 23602.714  -698.477 39178.993  12.72  12.21   57  595.7 4152.43587 N 00119.95179 E 8 1 0 1
2021 11 06 01 44 13 23603.459  -699.063 39177.604  12.72  12.21   57  595.8 4152.43577 N 00119.95172 E 8 1 0 1
2021 11 06 01 44 14 23602.642  -698.610 39178.759  12.72  12.21   57  595.4 4152.43571 N 00119.95181 E 8 1 0 1
2021 11 06 01 44 15 23603.488  -699.166 39177.386  12.72  12.21   57  595.7 4152.43577 N 00119.95170 E 8 1 0 1
2021 11 06 01 44 16 23602.478  -698.524 39178.914  12.72  12.21   57  595.9 4152.43602 N 00119.95165 E 8 1 0 1
2021 11 06 01 44 17 23603.720  -699.301 39176.983  12.72  12.21   57  595.5 4152.43602 N 00119.95177 E 7 1 0 1
2021 11 06 01 44 18 23602.386  -698.572 39178.835  12.72  12.21   57  595.8 4152.43616 N 00119.95170 E 7 1 0 1
2021 11 06 01 44 19 23603.660  -699.336 39176.920  12.72  12.21   57  596.1 4152.43642 N 00119.95171 E 8 1 0 1
2021 11 06 01 44 20 23602.494  -698.657 39178.630  12.72  12.21   58  596.3 4152.43629 N 00119.95162 E 8 1 0 1
2021 11 06 01 44 21 23603.752  -699.293 39176.831  12.72  12.21   57  596.2 4152.43621 N 00119.95156 E 8 1 0 1
2021 11 06 01 44 22 23602.396  -698.299 39179.095  12.72  12.21   57  596.0 4152.43607 N 00119.95157 E 8 1 0 1
2021 11 06 01 44 23 23603.873  -699.091 39177.006  12.72  12.21   57  596.0 4152.43606 N 00119.95158 E 8 1 0 1
2021 11 06 01 44 24 23602.228  -697.996 39179.584  12.72  12.21   57  596.2 4152.43615 N 00119.95149 E 8 1 0 1
2021 11 06 01 44 25 23603.861  -698.971 39177.099  12.72  12.21   57  596.9 4152.43642 N 00119.95134 E 8 1 0 1
2021 11 06 01 44 26 23602.396  -698.116 39179.242  12.72  12.21   57  597.2 4152.43659 N 00119.95132 E 8 1 0 1
2021 11 06 01 44 27 23603.929  -698.886 39177.122  12.72  12.21   57  597.1 4152.43659 N 00119.95137 E 8 1 0 1
2021 11 06 01 44 28 23602.449  -697.922 39179.402  12.72  12.21   57  597.2 4152.43652 N 00119.95133 E 8 1 0 1
2021 11 06 01 44 29 23604.039  -698.822 39177.080  12.72  12.21   57  597.5 4152.43659 N 00119.95126 E 7 1 0 1
2021 11 06 01 44 30 23602.617  -698.012 39179.091  12.72  12.21   57  597.7 4152.43663 N 00119.95119 E 8 1 0 1
2021 11 06 01 44 31 23603.873  -698.791 39177.074  12.72  12.21   57  597.9 4152.43660 N 00119.95114 E 8 1 0 1
2021 11 06 01 44 32 23602.330  -697.997 39179.155  12.72  12.21   57  598.3 4152.43649 N 00119.95097 E 8 1 0 1
2021 11 06 01 44 33 23603.701  -698.867 39177.038  12.72  12.21   57  598.4 4152.43636 N 00119.95084 E 8 1 0 1
2021 11 06 01 44 34 23602.125  -698.031 39179.220  12.72  12.21   57  599.0 4152.43629 N 00119.95066 E 8 1 0 1
2021 11 06 01 44 35 23603.654  -698.785 39177.127  12.72  12.21   57  599.4 4152.43626 N 00119.95052 E 8 1 0 1
2021 11 06 01 44 36 23602.128  -698.155 39179.045  12.72  12.21   57  599.8 4152.43624 N 00119.95043 E 8 1 0 1
2021 11 06 01 44 37 23602.962  -699.507 39176.463  12.72  12.21   57  600.5 4152.43629 N 00119.95023 E 8 1 0 1
2021 11 06 01 44 38 23602.138  -698.672 39178.275  12.72  12.21   58  601.0 4152.43629 N 00119.95006 E 8 1 0 1
2021 11 06 01 44 39 23603.318  -699.047 39176.962  12.72  12.21   57  601.3 4152.43631 N 00119.94996 E 7 1 0 1
2021 11 06 01 44 40 23602.199  -698.242 39178.859  12.72  12.21   58  601.9 4152.43631 N 00119.94981 E 7 1 0 1
2021 11 06 01 44 41 23603.476  -698.894 39177.084  12.72  12.21   57  602.2 4152.43629 N 00119.94967 E 7 1 0 1
2021 11 06 01 44 42 23602.341  -698.218 39178.758  12.72  12.21   58  602.5 4152.43627 N 00119.94953 E 7 1 0 1
2021 11 06 01 44 43 23603.502  -698.896 39177.072  12.72  12.21   57  603.2 4152.43626 N 00119.94928 E 8 1 0 1
2021 11 06 01 44 44 23602.324  -698.155 39178.894  12.72  12.21   57  603.6 4152.43620 N 00119.94913 E 8 1 0 1
2021 11 06 01 44 45 23603.658  -698.917 39176.995  12.72  12.21   57  604.1 4152.43618 N 00119.94891 E 8 1 0 1
2021 11 06 01 44 46 23602.263  -698.198 39178.914  12.72  12.21   57  604.3 4152.43610 N 00119.94882 E 8 1 0 1
2021 11 06 01 44 47 23603.502  -698.905 39177.111  12.72  12.21   57  604.7 4152.43604 N 00119.94867 E 8 1 0 1
2021 11 06 01 44 48 23603.963  -699.056 39176.635  12.72  12.21   57  605.0 4152.43594 N 00119.94854 E 8 1 0 1
2021 11 06 01 44 49 23602.478  -698.175 39178.833  12.72  12.21   57  605.5 4152.43590 N 00119.94837 E 8 1 0 1
2021 11 06 01 44 50 23603.574  -698.781 39177.260  12.72  12.21   57  606.3 4152.43592 N 00119.94813 E 8 1 0 1
2021 11 06 01 44 51 23602.722  -698.006 39178.865  12.72  12.21   57  606.4 4152.43583 N 00119.94808 E 8 1 0 1
2021 11 06 01 44 52 23603.605  -698.658 39177.333  12.72  12.21   57  606.8 4152.43581 N 00119.94797 E 8 1 0 1
2021 11 06 01 44 53 23602.748  -697.934 39178.877  12.72  12.21   57  607.0 4152.43577 N 00119.94786 E 8 1 0 1
2021 11 06 01 44 54 23603.781  -698.614 39177.236  12.72  12.21   57  607.3 4152.43573 N 00119.94771 E 8 1 0 1
2021 11 06 01 44 55 23603.420  -698.287 39177.966  12.72  12.21   57  607.6 4152.43569 N 00119.94760 E 8 1 0 1
2021 11 06 01 44 56 23604.154  -698.923 39176.589  12.72  12.21   57  608.0 4152.43563 N 00119.94745 E 8 1 0 1
2021 11 06 01 44 57 23602.220  -698.227 39178.769  12.72  12.21   57  608.1 4152.43551 N 00119.94738 E 8 1 0 1
2021 11 06 01 44 58 23603.298  -699.036 39176.954  12.72  12.21   57  608.0 4152.43535 N 00119.94737 E 8 1 0 1
2021 11 06 01 44 59 23601.874  -698.538 39178.542  12.72  12.21   57  608.1 4152.43523 N 00119.94731 E 8 1 0 1
2021 11 06 01 45 00 23603.369  -699.166 39176.745  12.72  12.21   57  608.1 4152.43512 N 00119.94731 E 8 1 0 1
2021 11 06 01 45 01 23601.695  -698.735 39178.390  12.72  12.21   57  608.4 4152.43507 N 00119.94721 E 8 1 0 1
2021 11 06 01 45 02 23602.832  -699.148 39177.096  12.72  12.21   57  608.2 4152.43495 N 00119.94722 E 7 1 0 1
2021 11 06 01 45 03 23601.474  -698.764 39178.498  12.72  12.21   57  608.0 4152.43481 N 00119.94725 E 8 1 0 1
2021 11 06 01 45 04 23602.951  -699.428 39176.611  12.72  12.21   57  607.7 4152.43465 N 00119.94734 E 8 1 0 1
2021 11 06 01 45 05 23601.968  -698.522 39178.558  12.72  12.21   57  607.5 4152.43456 N 00119.94736 E 8 1 0 1
2021 11 06 01 45 06 23603.115  -699.059 39177.043  12.72  12.21   57  607.5 4152.43450 N 00119.94732 E 8 1 0 1
2021 11 06 01 45 07 23601.994  -698.344 39178.749  12.72  12.21   57  607.6 4152.43449 N 00119.94727 E 8 1 0 1
2021 11 06 01 45 08 23603.277  -699.155 39176.748  12.72  12.21   57  607.4 4152.43442 N 00119.94732 E 8 1 0 1
2021 11 06 01 45 09 23601.914  -698.128 39179.090  12.72  12.21   57  607.5 4152.43444 N 00119.94728 E 8 1 0 1
2021 11 06 01 45 10 23603.937  -698.920 39176.619  12.72  12.21   57  607.4 4152.43442 N 00119.94728 E 8 1 0 1
2021 11 06 01 45 11 23602.334  -697.868 39179.107  12.72  12.21   57  607.1 4152.43436 N 00119.94730 E 8 1 0 1
2021 11 06 01 45 12 23604.045  -698.682 39176.801  12.72  12.21   57  606.9 4152.43436 N 00119.94729 E 8 1 0 1
2021 11 06 01 45 13 23602.355  -697.688 39179.235  12.72  12.21   57  606.8 4152.43430 N 00119.94730 E 8 1 0 1
2021 11 06 01 45 14 23604.013  -698.621 39176.809  12.72  12.21   57  606.9 4152.43437 N 00119.94723 E 8 1 0 1
2021 11 06 01 45 15 23601.687  -697.189 39180.313  12.72  12.21   57  607.1 4152.43440 N 00119.94718 E 8 1 0 1
2021 11 06 01 45 16 23603.859  -698.414 39177.111  12.72  12.21   57  607.0 4152.43438 N 00119.94719 E 8 1 0 1
2021 11 06 01 45 17 23602.402  -697.587 39179.137  12.72  12.21   57  606.6 4152.43432 N 00119.94724 E 8 1 0 1
2021 11 06 01 45 18 23603.873  -698.412 39176.896  12.72  12.21   57  606.1 4152.43428 N 00119.94743 E 8 1 0 1
2021 11 06 01 45 19 23602.367  -697.577 39178.989  12.72  12.21   57  605.8 4152.43427 N 00119.94749 E 8 1 0 1
2021 11 06 01 45 20 23603.728  -698.495 39176.747  12.72  12.21   57  605.6 4152.43432 N 00119.94752 E 8 1 0 1
2021 11 06 01 45 21 23602.371  -697.463 39179.019  12.72  12.21   57  605.4 4152.43437 N 00119.94753 E 8 1 0 1
2021 11 06 01 45 22 23603.738  -697.977 39177.310  12.72  12.21   57  605.6 4152.43454 N 00119.94746 E 8 1 0 1
2021 11 06 01 45 23 23602.568  -697.228 39179.062  12.72  12.21   57  604.9 4152.43448 N 00119.94764 E 8 1 0 1
2021 11 06 01 45 24 23603.890  -697.954 39177.139  12.72  12.21   57  604.9 4152.43444 N 00119.94769 E 8 1 0 1
2021 11 06 01 45 25 23602.261  -697.000 39179.488  12.72  12.21   57  605.0 4152.43452 N 00119.94768 E 8 1 0 1
2021 11 06 01 45 26 23603.748  -697.871 39177.181  12.72  12.21   57  604.9 4152.43468 N 00119.94778 E 8 1 0 1
2021 11 06 01 45 27 23602.515  -697.104 39179.061  12.72  12.21   57  604.6 4152.43461 N 00119.94784 E 7 1 0 1
2021 11 06 01 45 28 23603.656  -697.885 39177.176  12.72  12.21   57  604.6 4152.43459 N 00119.94781 E 8 1 0 1
2021 11 06 01 45 29 23601.949  -697.589 39178.614  12.72  12.21   57  604.9 4152.43468 N 00119.94777 E 8 1 0 1
2021 11 06 01 45 30 23603.148  -698.287 39176.890  12.72  12.21   57  605.1 4152.43470 N 00119.94765 E 8 1 0 1
2021 11 06 01 45 31 23603.527  -698.698 39176.020  12.72  12.21   57  605.5 4152.43479 N 00119.94759 E 8 1 0 1
2021 11 06 01 45 32 23601.898  -697.712 39178.431  12.72  12.21   57  605.4 4152.43464 N 00119.94754 E 8 1 0 1
2021 11 06 01 45 33 23602.976  -698.267 39176.990  12.72  12.21   57  605.9 4152.43465 N 00119.94743 E 8 1 0 1
2021 11 06 01 45 34 23601.576  -698.040 39178.169  12.72  12.21   57  606.0 4152.43464 N 00119.94738 E 8 1 0 1
2021 11 06 01 45 35 23602.548  -698.804 39176.412  12.72  12.21   57  605.9 4152.43462 N 00119.94744 E 8 1 0 1
2021 11 06 01 45 36 23601.292  -698.243 39177.981  12.72  12.21   57  605.7 4152.43445 N 00119.94743 E 8 1 0 1
2021 11 06 01 45 37 23602.429  -698.572 39176.714  12.72  12.21   57  605.7 4152.43438 N 00119.94746 E 8 1 0 1
2021 11 06 01 45 38 23601.546  -697.698 39178.530  12.72  12.21   57  605.8 4152.43436 N 00119.94740 E 7 1 0 1
2021 11 06 01 45 39 23602.828  -698.376 39176.720  12.72  12.21   57  605.9 4152.43438 N 00119.94739 E 8 1 0 1
2021 11 06 01 45 40 23601.800  -697.636 39178.414  12.72  12.21   57  605.8 4152.43436 N 00119.94737 E 8 1 0 1
2021 11 06 01 45 41 23602.980  -698.376 39176.530  12.72  12.21   57  605.9 4152.43448 N 00119.94736 E 8 1 0 1
2021 11 06 01 45 42 23601.808  -697.459 39178.601  12.72  12.21   57  605.6 4152.43434 N 00119.94738 E 8 1 0 1
2021 11 06 01 45 43 23602.888  -698.023 39177.015  12.72  12.21   57  606.0 4152.43446 N 00119.94729 E 8 1 0 1
2021 11 06 01 45 44 23601.748  -697.295 39178.759  12.72  12.21   57  606.5 4152.43470 N 00119.94716 E 8 1 0 1
2021 11 06 01 45 45 23602.646  -697.695 39177.620  12.72  12.21   57  606.7 4152.43490 N 00119.94712 E 8 1 0 1
2021 11 06 01 45 46 23601.976  -697.104 39178.877  12.72  12.21   57  606.8 4152.43508 N 00119.94708 E 8 1 0 1
2021 11 06 01 45 47 23603.252  -697.790 39177.055  12.72  12.21   57  606.6 4152.43501 N 00119.94713 E 8 1 0 1
2021 11 06 01 45 48 23601.728  -697.190 39178.864  12.72  12.21   57  606.6 4152.43505 N 00119.94715 E 8 1 0 1
2021 11 06 01 45 49 23602.964  -698.177 39176.595  12.72  12.21   57  606.7 4152.43510 N 00119.94711 E 8 1 0 1
2021 11 06 01 45 50 23601.748  -697.109 39178.922  12.72  12.21   57  606.3 4152.43498 N 00119.94722 E 8 1 0 1
2021 11 06 01 45 51 23603.127  -698.009 39176.696  12.72  12.21   57  606.2 4152.43503 N 00119.94728 E 8 1 0 1
2021 11 06 01 45 52 23602.132  -696.745 39179.126  12.72  12.21   57  606.2 4152.43510 N 00119.94732 E 8 1 0 1
2021 11 06 01 45 53 23603.789  -697.541 39176.921  12.72  12.21   57  606.5 4152.43526 N 00119.94726 E 8 1 0 1
2021 11 06 01 45 54 23602.214  -696.593 39179.262  12.72  12.21   57  606.8 4152.43540 N 00119.94724 E 8 1 0 1
2021 11 06 01 45 55 23603.084  -697.345 39177.641  12.72  12.21   57  606.9 4152.43535 N 00119.94719 E 8 1 0 1
2021 11 06 01 45 56 23601.830  -696.909 39179.078  12.72  12.21   57  606.8 4152.43534 N 00119.94729 E 8 1 0 1
2021 11 06 01 45 57 23603.351  -697.870 39176.709  12.72  12.21   57  607.0 4152.43532 N 00119.94724 E 8 1 0 1
2021 11 06 01 45 58 23601.910  -696.913 39179.020  12.72  12.21   57  607.5 4152.43531 N 00119.94714 E 8 1 0 1
2021 11 06 01 45 59 23603.148  -697.873 39176.860  12.72  12.21   57  608.4 4152.43548 N 00119.94697 E 8 1 0 1
2021 11 06 01 46 00 23601.789  -697.087 39178.879  12.72  12.21   57  608.7 4152.43547 N 00119.94682 E 8 1 0 1
2021 11 06 01 46 01 23603.367  -697.882 39176.744  12.72  12.21   57  608.7 4152.43537 N 00119.94677 E 8 1 0 1
2021 11 06 01 46 02 23602.369  -697.350 39178.194  12.72  12.21   58  608.3 4152.43526 N 00119.94678 E 8 1 0 1
2021 11 06 01 46 03 23603.271  -697.858 39176.818  12.72  12.21   56  608.5 4152.43539 N 00119.94667 E 8 1 0 1
2021 11 06 01 46 04 23601.746  -696.994 39179.000  12.72  12.21   57  608.4 4152.43529 N 00119.94660 E 8 1 0 1
2021 11 06 01 46 05 23603.050  -697.875 39176.921  12.72  12.21   57  608.7 4152.43531 N 00119.94651 E 8 1 0 1
2021 11 06 01 46 06 23601.667  -697.058 39178.949  12.72  12.21   57  609.0 4152.43541 N 00119.94646 E 8 1 0 1
2021 11 06 01 46 07 23602.925  -697.870 39176.967  12.72  12.21   57  609.2 4152.43534 N 00119.94648 E 8 1 0 1
2021 11 06 01 46 08 23601.597  -697.117 39178.878  12.72  12.21   57  609.2 4152.43523 N 00119.94646 E 8 1 0 1
2021 11 06 01 46 09 23602.951  -697.936 39176.843  12.72  12.21   57  609.3 4152.43522 N 00119.94647 E 8 1 0 1
2021 11 06 01 46 10 23601.863  -697.290 39178.471  12.72  12.21   57  609.4 4152.43521 N 00119.94648 E 8 1 0 1
2021 11 06 01 46 11 23603.707  -698.284 39175.917  12.72  12.21   58  609.1 4152.43493 N 00119.94653 E 8 1 0 1
2021 11 06 01 46 12 23601.751  -697.262 39178.517  12.72  12.21   57  609.3 4152.43460 N 00119.94635 E 8 1 0 1
2021 11 06 01 46 13 23602.300  -697.684 39177.493  12.72  12.21   57  609.1 4152.43455 N 00119.94645 E 8 1 0 1
2021 11 06 01 46 14 23603.103  -698.193 39176.279  12.72  12.21   56  609.1 4152.43442 N 00119.94638 E 8 1 0 1
2021 11 06 01 46 15 23601.624  -697.294 39178.442  12.72  12.21   57  608.8 4152.43460 N 00119.94649 E 8 1 0 1
2021 11 06 01 46 16 23602.849  -697.848 39176.853  12.72  12.21   57  608.5 4152.43469 N 00119.94669 E 8 1 0 1
2021 11 06 01 46 17 23601.779  -697.100 39178.536  12.72  12.21   57  607.9 4152.43431 N 00119.94681 E 8 1 0 1
2021 11 06 01 46 18 23602.982  -697.690 39176.935  12.72  12.21   57  608.0 4152.43434 N 00119.94684 E 8 1 0 1
2021 11 06 01 46 19 23601.785  -697.003 39178.641  12.72  12.21   57  608.2 4152.43431 N 00119.94679 E 8 1 0 1
2021 11 06 01 46 20 23603.093  -697.829 39176.625  12.72  12.21   57  608.1 4152.43416 N 00119.94681 E 8 1 0 1
2021 11 06 01 46 21 23602.183  -697.305 39177.946  12.72  12.21   58  608.1 4152.43406 N 00119.94678 E 8 1 0 1
2021 11 06 01 46 22 23603.068  -697.879 39176.543  12.72  12.21   58  607.4 4152.43383 N 00119.94699 E 8 1 0 1
2021 11 06 01 46 23 23601.638  -697.035 39178.589  12.72  12.21   57  607.2 4152.43369 N 00119.94704 E 8 1 0 1
2021 11 06 01 46 24 23602.666  -697.690 39176.968  12.72  12.21   57  607.2 4152.43374 N 00119.94706 E 8 1 0 1
2021 11 06 01 46 25 23601.115  -696.923 39179.041  12.72  12.21   57  607.4 4152.43371 N 00119.94706 E 8 1 0 1
2021 11 06 01 46 26 23602.695  -697.860 39176.669  12.72  12.21   57  607.4 4152.43375 N 00119.94707 E 8 1 0 1
2021 11 06 01 46 27 23601.396  -697.099 39178.572  12.72  12.21   57  607.7 4152.43371 N 00119.94699 E 8 1 0 1
2021 11 06 01 46 28 23602.589  -697.856 39176.758  12.72  12.21   57  607.7 4152.43367 N 00119.94704 E 8 1 0 1
2021 11 06 01 46 29 23601.355  -697.058 39178.649  12.72  12.21   57  607.5 4152.43355 N 00119.94713 E 8 1 0 1
2021 11 06 01 46 30 23603.019  -698.023 39176.215  12.72  12.21   58  607.4 4152.43341 N 00119.94723 E 8 1 0 1
2021 11 06 01 46 31 23601.593  -697.266 39178.203  12.72  12.21   58  607.2 4152.43331 N 00119.94735 E 8 1 0 1
2021 11 06 01 46 32 23602.914  -698.063 39176.180  12.72  12.21   57  607.3 4152.43328 N 00119.94737 E 8 1 0 1
2021 11 06 01 46 33 23601.234  -697.037 39178.688  12.72  12.21   57  606.9 4152.43313 N 00119.94747 E 8 1 0 1
2021 11 06 01 46 34 23602.513  -697.929 39176.555  12.72  12.21   57  606.8 4152.43305 N 00119.94750 E 8 1 0 1
2021 11 06 01 46 35 23600.982  -697.065 39178.780  12.72  12.21   57  606.9 4152.43301 N 00119.94742 E 8 1 0 1
2021 11 06 01 46 36 23602.566  -697.986 39176.446  12.72  12.21   57  606.8 4152.43295 N 00119.94741 E 8 1 0 1
2021 11 06 01 46 37 23600.894  -697.019 39178.861  12.72  12.21   57  606.9 4152.43294 N 00119.94733 E 8 1 0 1
2021 11 06 01 46 38 23602.351  -697.915 39176.667  12.72  12.21   57  606.6 4152.43290 N 00119.94731 E 8 1 0 1
2021 11 06 01 46 39 23600.847  -697.205 39178.604  12.72  12.21   57  606.3 4152.43284 N 00119.94735 E 8 1 0 1
2021 11 06 01 46 40 23602.464  -698.152 39176.173  12.72  12.21   57  606.0 4152.43282 N 00119.94736 E 8 1 0 1
2021 11 06 01 46 41 23600.804  -697.268 39178.506  12.72  12.21   57  605.6 4152.43270 N 00119.94738 E 8 1 0 1
2021 11 06 01 46 42 23602.156  -698.175 39176.307  12.72  12.21   57  605.1 4152.43254 N 00119.94742 E 8 1 0 1
2021 11 06 01 46 43 23600.421  -697.412 39178.489  12.72  12.21   57  604.6 4152.43242 N 00119.94752 E 8 1 0 1
2021 11 06 01 46 44 23601.990  -698.318 39176.237  12.72  12.21   57  604.1 4152.43230 N 00119.94763 E 8 1 0 1
2021 11 06 01 46 45 23600.585  -697.493 39178.295  12.72  12.21   57  603.9 4152.43227 N 00119.94766 E 8 1 0 1
2021 11 06 01 46 46 23601.998  -698.415 39176.081  12.72  12.21   57  603.9 4152.43229 N 00119.94766 E 8 1 0 1
2021 11 06 01 46 47 23600.470  -697.531 39178.302  12.72  12.21   57  603.2 4152.43211 N 00119.94790 E 8 1 0 1
2021 11 06 01 46 48 23601.902  -698.363 39176.193  12.72  12.21   57  602.9 4152.43205 N 00119.94798 E 8 1 0 1
2021 11 06 01 46 49 23600.480  -697.556 39178.240  12.72  12.21   57  602.7 4152.43208 N 00119.94799 E 8 1 0 1
2021 11 06 01 46 50 23601.855  -698.378 39176.189  12.72  12.21   57  602.4 4152.43204 N 00119.94807 E 8 1 0 1
2021 11 06 01 46 51 23600.537  -697.610 39178.077  12.72  12.21   57  602.1 4152.43202 N 00119.94812 E 8 1 0 1
2021 11 06 01 46 52 23601.865  -698.378 39176.143  12.72  12.21   57  602.2 4152.43206 N 00119.94813 E 8 1 0 1
2021 11 06 01 46 53 23600.499  -697.526 39178.177  12.72  12.21   57  602.1 4152.43206 N 00119.94822 E 8 1 0 1
2021 11 06 01 46 54 23601.589  -698.173 39176.522  12.72  12.21   57  602.1 4152.43215 N 00119.94828 E 8 1 0 1
2021 11 06 01 46 55 23600.394  -697.480 39178.258  12.72  12.21   57  601.8 4152.43214 N 00119.94840 E 8 1 0 1
2021 11 06 01 46 56 23601.052  -697.864 39177.235  12.72  12.21   57  601.6 4152.43214 N 00119.94848 E 8 1 0 1
2021 11 06 01 46 57 23602.105  -698.499 39175.688  12.72  12.21   57  601.5 4152.43216 N 00119.94854 E 8 1 0 1
2021 11 06 01 46 58 23600.591  -697.622 39177.812  12.72  12.21   57  601.5 4152.43218 N 00119.94862 E 8 1 0 1
2021 11 06 01 46 59 23601.601  -698.258 39176.249  12.72  12.21   57  601.4 4152.43214 N 00119.94876 E 8 1 0 1
2021 11 06 01 47 00 23600.384  -697.692 39177.811  12.72  12.21   57  601.0 4152.43208 N 00119.94893 E 8 1 0 1
2021 11 06 01 47 01 23601.535  -698.173 39176.334  12.72  12.21   57  600.9 4152.43205 N 00119.94905 E 8 1 0 1
2021 11 06 01 47 02 23600.369  -697.557 39177.966  12.72  12.21   57  600.8 4152.43206 N 00119.94909 E 8 1 0 1
2021 11 06 01 47 03 23601.458  -698.153 39176.408  12.72  12.21   57  600.3 4152.43200 N 00119.94922 E 8 1 0 1
2021 11 06 01 47 04 23600.400  -697.474 39178.032  12.72  12.21   57  600.1 4152.43201 N 00119.94928 E 8 1 0 1
2021 11 06 01 47 05 23601.582  -698.159 39176.276  12.72  12.21   57  599.8 4152.43198 N 00119.94942 E 8 1 0 1
2021 11 06 01 47 06 23600.501  -697.432 39178.032  12.72  12.21   57  599.7 4152.43202 N 00119.94950 E 8 1 0 1
2021 11 06 01 47 07 23601.728  -698.047 39176.354  12.72  12.21   57  599.7 4152.43216 N 00119.94957 E 8 1 0 1
2021 11 06 01 47 08 23600.550  -697.264 39178.207  12.72  12.21   57  599.3 4152.43226 N 00119.94968 E 8 1 0 1
2021 11 06 01 47 09 23601.972  -698.003 39176.219  12.72  12.21   57  599.4 4152.43231 N 00119.94967 E 8 1 0 1
2021 11 06 01 47 10 23600.701  -697.180 39178.188  12.72  12.21   57  599.3 4152.43227 N 00119.94971 E 8 1 0 1
2021 11 06 01 47 11 23602.136  -697.995 39176.060  12.72  12.21   57  599.3 4152.43230 N 00119.94972 E 8 1 0 1
2021 11 06 01 47 12 23600.609  -697.152 39178.195  12.72  12.21   57  599.1 4152.43230 N 00119.94970 E 8 1 0 1
2021 11 06 01 47 13 23602.029  -697.925 39176.168  12.72  12.21   57  598.9 4152.43222 N 00119.94968 E 8 1 0 1
2021 11 06 01 47 14 23600.663  -697.031 39178.320  12.72  12.21   57  598.7 4152.43214 N 00119.94965 E 8 1 0 1
2021 11 06 01 47 15 23602.052  -697.750 39176.351  12.72  12.21   57  598.7 4152.43212 N 00119.94963 E 8 1 0 1
2021 11 06 01 47 16 23600.578  -696.988 39178.382  12.72  12.21   57  598.9 4152.43223 N 00119.94958 E 8 1 0 1
2021 11 06 01 47 17 23601.949  -698.025 39176.008  12.72  12.21   57  598.6 4152.43213 N 00119.94964 E 8 1 0 1
2021 11 06 01 47 18 23600.240  -697.104 39178.356  12.72  12.21   57  598.8 4152.43223 N 00119.94967 E 8 1 0 1
2021 11 06 01 47 19 23601.839  -697.963 39176.124  12.72  12.21   57  598.8 4152.43222 N 00119.94966 E 8 1 0 1
2021 11 06 01 47 20 23600.419  -697.184 39178.159  12.72  12.21   57  598.6 4152.43226 N 00119.94973 E 8 1 0 1
2021 11 06 01 47 21 23601.994  -698.088 39175.813  12.72  12.21   57  598.6 4152.43234 N 00119.94978 E 8 1 0 1
2021 11 06 01 47 22 23600.380  -697.191 39178.147  12.72  12.21   57  598.7 4152.43231 N 00119.94969 E 8 1 0 1
2021 11 06 01 47 23 23601.800  -697.945 39176.135  12.72  12.21   57  598.7 4152.43229 N 00119.94971 E 8 1 0 1
2021 11 06 01 47 24 23600.208  -697.067 39178.387  12.72  12.21   57  598.6 4152.43222 N 00119.94972 E 8 1 0 1
2021 11 06 01 47 25 23601.708  -697.911 39176.154  12.72  12.21   57  598.4 4152.43213 N 00119.94973 E 8 1 0 1
2021 11 06 01 47 26 23599.880  -696.842 39178.801  12.72  12.21   57  598.5 4152.43212 N 00119.94967 E 7 1 0 1
2021 11 06 01 47 27 23601.593  -697.871 39176.247  12.72  12.21   57  598.1 4152.43198 N 00119.94974 E 7 1 0 1
2021 11 06 01 47 28 23600.228  -697.141 39178.130  12.72  12.21   57  598.0 4152.43198 N 00119.94977 E 7 1 0 1
2021 11 06 01 47 29 23601.675  -697.950 39176.029  12.72  12.21   57  597.9 4152.43194 N 00119.94979 E 8 1 0 1
2021 11 06 01 47 30 23600.050  -697.060 39178.319  12.72  12.21   57  597.6 4152.43188 N 00119.94985 E 8 1 0 1
2021 11 06 01 47 31 23601.580  -697.892 39176.141  12.72  12.21   57  597.2 4152.43184 N 00119.94990 E 8 1 0 1
2021 11 06 01 47 32 23600.318  -697.140 39177.990  12.72  12.21   57  596.7 4152.43172 N 00119.94999 E 8 1 0 1
2021 11 06 01 47 33 23601.345  -697.807 39176.326  12.72  12.21   57  597.2 4152.43183 N 00119.94987 E 8 1 0 1
2021 11 06 01 47 34 23600.193  -697.064 39178.086  12.72  12.21   57  596.8 4152.43172 N 00119.94999 E 8 1 0 1
2021 11 06 01 47 35 23601.443  -697.918 39176.050  12.72  12.21   57  597.0 4152.43176 N 00119.94996 E 8 1 0 1
2021 11 06 01 47 36 23600.097  -697.185 39177.946  12.72  12.21   57  596.5 4152.43155 N 00119.95009 E 8 1 0 1
2021 11 06 01 47 37 23601.359  -697.997 39175.937  12.72  12.21   57  596.8 4152.43166 N 00119.95001 E 8 1 0 1
2021 11 06 01 47 38 23599.980  -697.273 39177.809  12.72  12.21   57  596.5 4152.43158 N 00119.95007 E 8 1 0 1
2021 11 06 01 47 39 23599.527  -697.049 39178.417  12.72  12.21   57  596.5 4152.43167 N 00119.95010 E 8 1 0 1
2021 11 06 01 47 40 23600.997  -697.992 39176.141  12.72  12.21   57  596.8 4152.43175 N 00119.95003 E 8 1 0 1
2021 11 06 01 47 41 23599.757  -697.332 39177.843  12.72  12.21   57  596.3 4152.43158 N 00119.95011 E 8 1 0 1
2021 11 06 01 47 42 23601.101  -698.036 39175.924  12.72  12.21   57  596.1 4152.43157 N 00119.95021 E 8 1 0 1
2021 11 06 01 47 43 23600.029  -697.371 39177.521  12.72  12.21   57  595.9 4152.43148 N 00119.95028 E 8 1 0 1
2021 11 06 01 47 44 23601.042  -697.897 39176.079  12.72  12.21   57  595.9 4152.43156 N 00119.95029 E 8 1 0 1
2021 11 06 01 47 45 23599.197  -696.827 39178.741  12.72  12.21   57  595.7 4152.43145 N 00119.95038 E 8 1 0 1
2021 11 06 01 47 46 23601.138  -697.940 39175.880  12.72  12.21   57  595.8 4152.43154 N 00119.95038 E 8 1 0 1
2021 11 06 01 47 47 23599.968  -697.144 39177.745  12.72  12.21   57  595.8 4152.43156 N 00119.95034 E 8 1 0 1
2021 11 06 01 47 48 23601.113  -697.827 39176.059  12.72  12.21   57  595.5 4152.43150 N 00119.95037 E 8 1 0 1
2021 11 06 01 47 49 23599.224  -697.812 39177.311  12.72  12.21   57  595.1 4152.43127 N 00119.95043 E 8 1 0 1
2021 11 06 01 47 50 23600.093  -698.920 39175.106  12.72  12.21   57  595.4 4152.43136 N 00119.95034 E 8 1 0 1
2021 11 06 01 47 51 23598.626  -698.385 39176.783  12.72  12.21   57  595.1 4152.43125 N 00119.95039 E 8 1 0 1
2021 11 06 01 47 52 23599.626  -699.174 39174.975  12.72  12.21   57  595.0 4152.43108 N 00119.95032 E 8 1 0 1
2021 11 06 01 47 53 23598.046  -698.531 39176.857  12.72  12.21   57  594.6 4152.43102 N 00119.95037 E 8 1 0 1
2021 11 06 01 47 54 23599.306  -699.425 39174.755  12.72  12.21   57  594.4 4152.43104 N 00119.95035 E 8 1 0 1
2021 11 06 01 47 55 23597.913  -698.638 39176.732  12.72  12.21   57  594.5 4152.43128 N 00119.95034 E 8 1 0 1
2021 11 06 01 47 56 23598.956  -698.912 39175.597  12.72  12.21   57  594.9 4152.43155 N 00119.95022 E 8 1 0 1
2021 11 06 01 47 57 23598.540  -697.942 39177.197  12.72  12.21   57  594.9 4152.43164 N 00119.95021 E 8 1 0 1
2021 11 06 01 47 58 23600.078  -698.541 39175.314  12.72  12.21   57  595.1 4152.43168 N 00119.95012 E 8 1 0 1
2021 11 06 01 47 59 23598.982  -697.451 39177.556  12.72  12.21   57  595.1 4152.43165 N 00119.95005 E 8 1 0 1
2021 11 06 01 48 00 23600.603  -698.325 39175.176  12.72  12.21   57  595.1 4152.43169 N 00119.95004 E 8 1 0 1
2021 11 06 01 48 01 23599.222  -697.356 39177.374  12.72  12.21   57  595.6 4152.43182 N 00119.94988 E 8 1 0 1
2021 11 06 01 48 02 23600.826  -698.133 39175.200  12.72  12.21   57  595.4 4152.43165 N 00119.94982 E 8 1 0 1
2021 11 06 01 48 03 23599.185  -697.159 39177.595  12.72  12.21   57  595.7 4152.43185 N 00119.94973 E 8 1 0 1
2021 11 06 01 48 04 23600.646  -697.983 39175.389  12.72  12.21   57  595.6 4152.43190 N 00119.94976 E 8 1 0 1
2021 11 06 01 48 05 23599.107  -697.020 39177.691  12.72  12.21   57  595.8 4152.43199 N 00119.94976 E 8 1 0 1
2021 11 06 01 48 06 23600.587  -697.798 39175.598  12.72  12.21   57  596.0 4152.43201 N 00119.94974 E 8 1 0 1
2021 11 06 01 48 07 23599.273  -697.053 39177.435  12.72  12.21   57  596.1 4152.43202 N 00119.94976 E 8 1 0 1
2021 11 06 01 48 08 23600.636  -697.849 39175.360  12.72  12.21   57  596.1 4152.43205 N 00119.94982 E 8 1 0 1
2021 11 06 01 48 09 23598.853  -696.898 39177.829  12.72  12.21   57  595.9 4152.43190 N 00119.94992 E 8 1 0 1
2021 11 06 01 48 10 23600.519  -697.818 39175.363  12.72  12.21   57  596.1 4152.43204 N 00119.94995 E 8 1 0 1
2021 11 06 01 48 11 23599.294  -697.045 39177.259  12.72  12.21   57  596.3 4152.43221 N 00119.94993 E 8 1 0 1
2021 11 06 01 48 12 23600.607  -697.703 39175.422  12.72  12.21   57  596.9 4152.43251 N 00119.94983 E 8 1 0 1
2021 11 06 01 48 13 23599.292  -696.872 39177.434  12.72  12.21   57  597.3 4152.43273 N 00119.94975 E 8 1 0 1
2021 11 06 01 48 14 23600.451  -697.585 39175.595  12.72  12.21   57  597.8 4152.43284 N 00119.94958 E 8 1 0 1
2021 11 06 01 48 15 23598.429  -696.517 39178.409  12.72  12.21   57  598.2 4152.43288 N 00119.94946 E 8 1 0 1
2021 11 06 01 48 16 23600.408  -697.742 39175.342  12.72  12.21   57  598.3 4152.43293 N 00119.94944 E 8 1 0 1
2021 11 06 01 48 17 23599.193  -697.034 39177.094  12.72  12.21   58  598.9 4152.43302 N 00119.94929 E 8 1 0 1
2021 11 06 01 48 18 23600.287  -697.689 39175.431  12.72  12.21   57  599.5 4152.43317 N 00119.94915 E 8 1 0 1
2021 11 06 01 48 19 23599.050  -697.008 39177.152  12.72  12.21   57  600.1 4152.43331 N 00119.94902 E 8 1 0 1
2021 11 06 01 48 20 23600.281  -697.684 39175.310  12.72  12.21   57  600.3 4152.43338 N 00119.94901 E 8 1 0 1
2021 11 06 01 48 21 23600.693  -697.987 39174.623  12.72  12.21   57  600.5 4152.43343 N 00119.94897 E 8 1 0 1
2021 11 06 01 48 22 23600.730  -697.769 39174.845  12.72  12.21   57  600.6 4152.43344 N 00119.94893 E 8 1 0 1
2021 11 06 01 48 23 23600.673  -697.820 39174.774  12.72  12.21   57  600.8 4152.43344 N 00119.94887 E 8 1 0 1
2021 11 06 01 48 24 23599.316  -696.834 39176.996  12.72  12.21   57  601.0 4152.43344 N 00119.94880 E 8 1 0 1
2021 11 06 01 48 25 23600.546  -697.283 39175.579  12.72  12.21   57  601.2 4152.43346 N 00119.94872 E 8 1 0 1
2021 11 06 01 48 26 23599.306  -696.781 39177.086  12.72  12.21   58  601.2 4152.43352 N 00119.94863 E 8 1 0 1
2021 11 06 01 48 27 23600.245  -697.420 39175.569  12.72  12.21   57  601.5 4152.43362 N 00119.94851 E 8 1 0 1
2021 11 06 01 48 28 23599.159  -696.786 39177.174  12.72  12.21   57  601.8 4152.43372 N 00119.94842 E 8 1 0 1
2021 11 06 01 48 29 23600.447  -697.452 39175.368  12.72  12.21   57  601.9 4152.43373 N 00119.94837 E 8 1 0 1
2021 11 06 01 48 30 23599.296  -696.696 39177.210  12.72  12.21   57  601.5 4152.43364 N 00119.94852 E 8 1 0 1
2021 11 06 01 48 31 23600.669  -697.437 39175.307  12.72  12.21   57  601.6 4152.43365 N 00119.94849 E 8 1 0 1
2021 11 06 01 48 32 23599.314  -696.627 39177.323  12.72  12.21   57  601.8 4152.43368 N 00119.94844 E 8 1 0 1
2021 11 06 01 48 33 23600.814  -697.516 39175.121  12.72  12.21   57  601.8 4152.43369 N 00119.94841 E 8 1 0 1
2021 11 06 01 48 34 23599.322  -696.570 39177.401  12.72  12.21   57  601.4 4152.43360 N 00119.94851 E 8 1 0 1
2021 11 06 01 48 35 23600.654  -697.287 39175.548  12.72  12.21   57  601.6 4152.43362 N 00119.94847 E 8 1 0 1
2021 11 06 01 48 36 23599.458  -696.461 39177.518  12.72  12.21   57  601.5 4152.43362 N 00119.94851 E 8 1 0 1
2021 11 06 01 48 37 23600.917  -697.276 39175.406  12.72  12.21   57  601.7 4152.43365 N 00119.94848 E 8 1 0 1
2021 11 06 01 48 38 23599.525  -696.400 39177.546  12.72  12.21   57  601.7 4152.43364 N 00119.94843 E 8 1 0 1
2021 11 06 01 48 39 23600.921  -697.121 39175.639  12.72  12.21   57  601.8 4152.43364 N 00119.94839 E 8 1 0 1
2021 11 06 01 48 40 23599.587  -696.318 39177.639  12.72  12.21   57  601.7 4152.43357 N 00119.94839 E 8 1 0 1
2021 11 06 01 48 41 23601.191  -697.257 39175.321  12.72  12.21   57  601.8 4152.43354 N 00119.94840 E 8 1 0 1
2021 11 06 01 48 42 23599.624  -696.280 39177.706  12.72  12.21   57  601.5 4152.43351 N 00119.94844 E 8 1 0 1
2021 11 06 01 48 43 23601.169  -697.128 39175.516  12.72  12.21   57  601.5 4152.43351 N 00119.94847 E 8 1 0 1
2021 11 06 01 48 44 23599.572  -696.183 39177.912  12.72  12.21   57  601.6 4152.43351 N 00119.94852 E 8 1 0 1
2021 11 06 01 48 45 23601.165  -697.072 39175.613  12.72  12.21   57  602.1 4152.43360 N 00119.94837 E 8 1 0 1
2021 11 06 01 48 46 23599.583  -696.194 39177.884  12.72  12.21   57  601.7 4152.43354 N 00119.94847 E 8 1 0 1
2021 11 06 01 48 47 23601.171  -697.129 39175.520  12.72  12.21   57  601.8 4152.43355 N 00119.94847 E 8 1 0 1
2021 11 06 01 48 48 23599.763  -696.207 39177.741  12.72  12.21   57  601.6 4152.43350 N 00119.94854 E 8 1 0 1
2021 11 06 01 48 49 23601.236  -696.994 39175.633  12.72  12.21   57  601.5 4152.43346 N 00119.94857 E 8 1 0 1
2021 11 06 01 48 50 23599.677  -696.148 39177.842  12.72  12.21   57  601.2 4152.43343 N 00119.94868 E 8 1 0 1
2021 11 06 01 48 51 23601.248  -697.081 39175.485  12.72  12.21   57  601.0 4152.43341 N 00119.94871 E 8 1 0 1
2021 11 06 01 48 52 23599.706  -696.158 39177.756  12.72  12.21   57  601.1 4152.43343 N 00119.94873 E 8 1 0 1
2021 11 06 01 48 53 23601.257  -697.032 39175.516  12.72  12.21   57  601.2 4152.43350 N 00119.94871 E 8 1 0 1
2021 11 06 01 48 54 23599.790  -696.166 39177.683  12.72  12.21   57  601.2 4152.43352 N 00119.94873 E 8 1 0 1
2021 11 06 01 48 55 23600.992  -696.841 39175.981  12.72  12.21   57  601.1 4152.43355 N 00119.94874 E 8 1 0 1
2021 11 06 01 48 56 23599.829  -696.126 39177.710  12.72  12.21   57  600.7 4152.43352 N 00119.94881 E 8 1 0 1
2021 11 06 01 48 57 23598.790  -695.494 39179.284  12.72  12.21   57  600.7 4152.43357 N 00119.94882 E 8 1 0 1
2021 11 06 01 48 58 23599.941  -696.165 39177.578  12.72  12.21   57  600.4 4152.43356 N 00119.94887 E 8 1 0 1
2021 11 06 01 48 59 23601.576  -696.680 39175.852  12.72  12.21   57  600.6 4152.43365 N 00119.94878 E 8 1 0 1
2021 11 06 01 49 00 23600.605  -695.611 39177.955  12.72  12.21   57  600.4 4152.43372 N 00119.94876 E 8 1 0 1
2021 11 06 01 49 01 23602.109  -696.175 39176.153  12.72  12.21   57  600.0 4152.43367 N 00119.94885 E 8 1 0 1
2021 11 06 01 49 02 23600.790  -695.225 39178.328  12.72  12.21   57  599.3 4152.43354 N 00119.94900 E 8 1 0 1
2021 11 06 01 49 03 23602.181  -695.891 39176.511  12.72  12.21   57  599.2 4152.43353 N 00119.94901 E 8 1 0 1
2021 11 06 01 49 04 23602.716  -696.145 39175.833  12.72  12.21   57  598.9 4152.43347 N 00119.94909 E 8 1 0 1
2021 11 06 01 49 05 23601.330  -695.240 39177.985  12.72  12.21   57  598.8 4152.43348 N 00119.94914 E 8 1 0 1
2021 11 06 01 49 06 23602.396  -695.811 39176.532  12.72  12.21   57  599.0 4152.43355 N 00119.94910 E 7 1 0 1
2021 11 06 01 49 07 23601.363  -695.095 39178.230  12.72  12.21   57  598.9 4152.43361 N 00119.94914 E 7 1 0 1
2021 11 06 01 49 08 23602.330  -695.837 39176.567  12.72  12.21   57  598.7 4152.43359 N 00119.94921 E 7 1 0 1
2021 11 06 01 49 09 23600.746  -695.624 39177.917  12.72  12.21   57  598.6 4152.43361 N 00119.94927 E 8 1 0 1
2021 11 06 01 49 10 23601.832  -696.524 39175.946  12.72  12.21   57  598.4 4152.43376 N 00119.94937 E 8 1 0 1
2021 11 06 01 49 11 23600.765  -695.922 39177.473  12.72  12.21   58  598.3 4152.43380 N 00119.94942 E 8 1 0 1
2021 11 06 01 49 12 23601.703  -696.521 39176.020  12.72  12.21   57  598.2 4152.43383 N 00119.94946 E 8 1 0 1
2021 11 06 01 49 13 23600.615  -695.896 39177.597  12.72  12.21   57  598.3 4152.43388 N 00119.94944 E 8 1 0 1
2021 11 06 01 49 14 23601.746  -696.565 39175.903  12.72  12.21   57  598.5 4152.43408 N 00119.94951 E 8 1 0 1
2021 11 06 01 49 15 23600.453  -695.868 39177.717  12.72  12.21   57  599.1 4152.43429 N 00119.94943 E 8 1 0 1
2021 11 06 01 49 16 23601.742  -696.640 39175.751  12.72  12.21   57  599.3 4152.43446 N 00119.94933 E 8 1 0 1
2021 11 06 01 49 17 23600.380  -695.895 39177.697  12.72  12.21   57  599.1 4152.43447 N 00119.94926 E 8 1 0 1
2021 11 06 01 49 18 23601.785  -696.735 39175.600  12.72  12.21   57  599.0 4152.43459 N 00119.94931 E 8 1 0 1
2021 11 06 01 49 19 23600.232  -695.922 39177.704  12.71  12.21   57  599.2 4152.43469 N 00119.94929 E 8 1 0 1
2021 11 06 01 49 20 23601.703  -696.822 39175.506  12.71  12.21   57  599.4 4152.43467 N 00119.94937 E 8 1 0 1
2021 11 06 01 49 21 23600.359  -696.034 39177.487  12.71  12.21   57  600.0 4152.43474 N 00119.94929 E 8 1 0 1
2021 11 06 01 49 22 23601.701  -696.845 39175.467  12.71  12.21   57  600.7 4152.43492 N 00119.94922 E 8 1 0 1
2021 11 06 01 49 23 23600.056  -695.935 39177.808  12.71  12.21   57  600.8 4152.43486 N 00119.94926 E 8 1 0 1
2021 11 06 01 49 24 23601.634  -696.977 39175.339  12.71  12.21   57  601.0 4152.43484 N 00119.94931 E 8 1 0 1
2021 11 06 01 49 25 23599.931  -696.064 39177.769  12.71  12.21   57  601.3 4152.43488 N 00119.94937 E 8 1 0 1
2021 11 06 01 49 26 23601.490  -697.095 39175.319  12.71  12.21   57  601.6 4152.43481 N 00119.94947 E 8 1 0 1
2021 11 06 01 49 27 23599.585  -696.007 39178.122  12.71  12.21   57  603.1 4152.43508 N 00119.94942 E 8 1 0 1
2021 11 06 01 49 28 23601.558  -697.241 39175.133  12.71  12.21   57  603.7 4152.43517 N 00119.94951 E 8 1 0 1
2021 11 06 01 49 29 23599.880  -696.255 39177.621  12.71  12.21   57  604.2 4152.43523 N 00119.94948 E 8 1 0 1
2021 11 06 01 49 30 23601.671  -697.076 39175.281  12.71  12.21   57  604.5 4152.43531 N 00119.94948 E 8 1 0 1
2021 11 06 01 49 31 23600.193  -696.165 39177.565  12.71  12.21   57  603.9 4152.43529 N 00119.94960 E 8 1 0 1
2021 11 06 01 49 32 23601.855  -696.810 39175.581  12.71  12.21   57  603.5 4152.43531 N 00119.94968 E 8 1 0 1
2021 11 06 01 49 33 23600.181  -696.030 39177.771  12.71  12.21   57  603.0 4152.43533 N 00119.94981 E 7 1 0 1
2021 11 06 01 49 34 23601.665  -697.021 39175.429  12.71  12.21   57  602.8 4152.43519 N 00119.94972 E 7 1 0 1
2021 11 06 01 49 35 23600.109  -696.187 39177.619  12.71  12.21   57  602.7 4152.43516 N 00119.94966 E 7 1 0 1
2021 11 06 01 49 36 23601.535  -697.075 39175.389  12.71  12.21   57  602.5 4152.43514 N 00119.94967 E 7 1 0 1
2021 11 06 01 49 37 23599.958  -696.253 39177.536  12.71  12.21   57  602.7 4152.43507 N 00119.94955 E 7 1 0 1
2021 11 06 01 49 38 23601.488  -696.965 39175.533  12.71  12.21   57  602.1 4152.43490 N 00119.94956 E 7 1 0 1
2021 11 06 01 49 39 23600.095  -696.096 39177.645  12.71  12.21   57  602.0 4152.43486 N 00119.94953 E 7 1 0 1
2021 11 06 01 49 40 23601.564  -696.869 39175.576  12.71  12.21   57  601.8 4152.43477 N 00119.94957 E 8 1 0 1
2021 11 06 01 49 41 23600.370  -696.118 39177.405  12.71  12.21   58  601.6 4152.43461 N 00119.94960 E 8 1 0 1
2021 11 06 01 49 42 23601.439  -696.826 39175.633  12.71  12.21   57  601.9 4152.43456 N 00119.94947 E 8 1 0 1
2021 11 06 01 49 43 23600.189  -696.036 39177.544  12.71  12.21   57  602.9 4152.43461 N 00119.94935 E 8 1 0 1
2021 11 06 01 49 44 23602.025  -696.403 39175.853  12.71  12.21   57  603.1 4152.43458 N 00119.94935 E 8 1 0 1
2021 11 06 01 49 45 23600.617  -695.729 39177.709  12.71  12.21   57  602.5 4152.43434 N 00119.94937 E 8 1 0 1
2021 11 06 01 49 46 23601.703  -696.369 39176.108  12.71  12.21   57  602.2 4152.43427 N 00119.94940 E 8 1 0 1
2021 11 06 01 49 47 23602.146  -696.720 39175.313  12.71  12.21   57  602.3 4152.43422 N 00119.94938 E 8 1 0 1
2021 11 06 01 49 48 23600.445  -695.914 39177.522  12.71  12.21   57  601.9 4152.43410 N 00119.94936 E 8 1 0 1
2021 11 06 01 49 49 23601.624  -696.581 39175.922  12.71  12.21   57  601.8 4152.43403 N 00119.94929 E 8 1 0 1
2021 11 06 01 49 50 23600.546  -695.903 39177.530  12.71  12.21   57  601.4 4152.43396 N 00119.94937 E 8 1 0 1
2021 11 06 01 49 51 23601.568  -696.727 39175.723  12.71  12.21   57  601.9 4152.43396 N 00119.94920 E 8 1 0 1
2021 11 06 01 49 52 23600.624  -695.796 39177.651  12.71  12.21   57  602.6 4152.43389 N 00119.94896 E 8 1 0 1
2021 11 06 01 49 53 23602.005  -696.378 39176.017  12.71  12.21   57  601.5 4152.43363 N 00119.94908 E 8 1 0 1
2021 11 06 01 49 54 23600.669  -695.751 39177.737  12.71  12.21   57  602.1 4152.43365 N 00119.94890 E 8 1 0 1
2021 11 06 01 49 55 23601.761  -696.424 39176.125  12.71  12.21   57  601.4 4152.43352 N 00119.94895 E 8 1 0 1
2021 11 06 01 49 56 23600.624  -695.778 39177.784  12.71  12.21   57  601.6 4152.43354 N 00119.94893 E 8 1 0 1
2021 11 06 01 49 57 23601.099  -696.139 39177.016  12.71  12.21   57  601.9 4152.43349 N 00119.94884 E 8 1 0 1
2021 11 06 01 49 58 23600.624  -695.886 39177.726  12.71  12.21   57  601.4 4152.43334 N 00119.94886 E 8 1 0 1
2021 11 06 01 49 59 23601.865  -696.718 39175.823  12.71  12.21   57  601.9 4152.43341 N 00119.94876 E 8 1 0 1
2021 11 06 01 50 00 23600.529  -695.890 39177.850  12.71  12.21   57  601.4 4152.43328 N 00119.94884 E 8 1 0 1
2021 11 06 01 50 01 23602.287  -696.660 39175.689  12.71  12.21   58  601.6 4152.43322 N 00119.94874 E 8 1 0 1
2021 11 06 01 50 02 23600.654  -695.889 39177.840  12.71  12.21   57  601.4 4152.43319 N 00119.94880 E 8 1 0 1
2021 11 06 01 50 03 23602.037  -696.631 39175.976  12.71  12.21   57  600.9 4152.43304 N 00119.94892 E 8 1 0 1
2021 11 06 01 50 04 23600.646  -696.017 39177.751  12.71  12.21   57  600.8 4152.43293 N 00119.94891 E 8 1 0 1
2021 11 06 01 50 05 23601.953  -696.881 39175.680  12.71  12.21   57  600.1 4152.43280 N 00119.94906 E 8 1 0 1
2021 11 06 01 50 06 23600.351  -695.918 39178.099  12.71  12.21   57  599.9 4152.43270 N 00119.94914 E 7 1 0 1
2021 11 06 01 50 07 23601.998  -696.889 39175.673  12.71  12.21   57  599.7 4152.43264 N 00119.94926 E 8 1 0 1
2021 11 06 01 50 08 23600.535  -696.075 39177.820  12.71  12.21   57  599.8 4152.43261 N 00119.94929 E 8 1 0 1
2021 11 06 01 50 09 23602.080  -696.995 39175.561  12.71  12.21   57  600.2 4152.43264 N 00119.94924 E 8 1 0 1
2021 11 06 01 50 10 23600.413  -696.061 39177.987  12.71  12.21   57  600.5 4152.43271 N 00119.94914 E 7 1 0 1
2021 11 06 01 50 11 23602.101  -697.054 39175.510  12.71  12.21   57  600.7 4152.43276 N 00119.94903 E 7 1 0 1
2021 11 06 01 50 12 23600.376  -696.056 39178.061  12.71  12.21   57  601.4 4152.43289 N 00119.94889 E 7 1 0 1
2021 11 06 01 50 13 23601.986  -697.004 39175.705  12.71  12.21   57  601.1 4152.43290 N 00119.94896 E 8 1 0 1
2021 11 06 01 50 14 23600.492  -696.201 39177.860  12.71  12.21   57  601.5 4152.43298 N 00119.94890 E 8 1 0 1
2021 11 06 01 50 15 23601.886  -696.999 39175.841  12.71  12.21   57  601.9 4152.43305 N 00119.94886 E 8 1 0 1
2021 11 06 01 50 16 23600.533  -696.195 39177.852  12.71  12.21   57  601.9 4152.43309 N 00119.94891 E 8 1 0 1
2021 11 06 01 50 17 23602.072  -697.085 39175.663  12.71  12.21   57  601.2 4152.43287 N 00119.94904 E 8 1 0 1
2021 11 06 01 50 18 23600.578  -696.176 39177.931  12.71  12.21   57  601.5 4152.43291 N 00119.94903 E 8 1 0 1
2021 11 06 01 50 19 23602.023  -697.089 39175.678  12.71  12.21   57  601.9 4152.43298 N 00119.94899 E 8 1 0 1
2021 11 06 01 50 20 23600.449  -696.210 39177.954  12.71  12.21   57  602.0 4152.43309 N 00119.94903 E 8 1 0 1
2021 11 06 01 50 21 23602.208  -697.052 39175.671  12.71  12.21   57  602.1 4152.43313 N 00119.94899 E 8 1 0 1
2021 11 06 01 50 22 23600.663  -696.207 39177.877  12.71  12.21   57  601.7 4152.43301 N 00119.94901 E 8 1 0 1
2021 11 06 01 50 23 23601.847  -696.930 39176.031  12.71  12.21   57  601.7 4152.43304 N 00119.94902 E 7 1 0 1
2021 11 06 01 50 24 23600.621  -696.226 39177.822  12.71  12.21   57  601.9 4152.43303 N 00119.94899 E 8 1 0 1
2021 11 06 01 50 25 23601.929  -697.003 39175.864  12.71  12.21   57  601.9 4152.43308 N 00119.94906 E 8 1 0 1
2021 11 06 01 50 26 23600.603  -696.215 39177.798  12.71  12.21   57  601.6 4152.43308 N 00119.94910 E 8 1 0 1
2021 11 06 01 50 27 23601.632  -696.865 39176.185  12.71  12.21   57  601.7 4152.43312 N 00119.94909 E 8 1 0 1
2021 11 06 01 50 28 23599.667  -695.741 39179.011  12.71  12.21   57  602.2 4152.43319 N 00119.94897 E 8 1 0 1
2021 11 06 01 50 29 23600.693  -696.354 39177.511  12.71  12.21   57  601.6 4152.43301 N 00119.94906 E 8 1 0 1
2021 11 06 01 50 30 23601.697  -696.909 39176.018  12.71  12.21   57  602.1 4152.43299 N 00119.94892 E 8 1 0 1
2021 11 06 01 50 31 23600.820  -696.362 39177.309  12.71  12.21   58  601.5 4152.43281 N 00119.94905 E 8 1 0 1
2021 11 06 01 50 32 23601.572  -696.867 39176.087  12.71  12.21   57  601.5 4152.43275 N 00119.94906 E 8 1 0 1
2021 11 06 01 50 33 23600.513  -696.314 39177.498  12.71  12.21   57  601.7 4152.43272 N 00119.94901 E 8 1 0 1
2021 11 06 01 50 34 23601.648  -696.953 39175.850  12.71  12.21   57  601.6 4152.43259 N 00119.94899 E 8 1 0 1
2021 11 06 01 50 35 23600.408  -696.269 39177.563  12.71  12.21   57  601.8 4152.43254 N 00119.94897 E 8 1 0 1
2021 11 06 01 50 36 23601.488  -696.936 39175.904  12.71  12.21   57  602.4 4152.43253 N 00119.94886 E 8 1 0 1
2021 11 06 01 50 37 23600.318  -696.244 39177.601  12.71  12.21   57  603.0 4152.43257 N 00119.94874 E 8 1 0 1
2021 11 06 01 50 38 23601.499  -696.943 39175.794  12.71  12.21   57  603.5 4152.43261 N 00119.94863 E 8 1 0 1
2021 11 06 01 50 39 23600.287  -696.245 39177.562  12.71  12.21   57  604.3 4152.43268 N 00119.94841 E 8 1 0 1
2021 11 06 01 50 40 23601.498  -697.007 39175.674  12.71  12.21   57  604.8 4152.43270 N 00119.94827 E 8 1 0 1
2021 11 06 01 50 41 23600.195  -696.334 39177.417  12.71  12.21   57  605.2 4152.43273 N 00119.94815 E 8 1 0 1
2021 11 06 01 50 42 23601.427  -697.082 39175.572  12.71  12.21   57  605.2 4152.43266 N 00119.94814 E 8 1 0 1
2021 11 06 01 50 43 23600.046  -696.287 39177.576  12.71  12.21   57  605.2 4152.43257 N 00119.94816 E 8 1 0 1
2021 11 06 01 50 44 23601.310  -696.996 39175.707  12.71  12.21   57  605.2 4152.43255 N 00119.94814 E 8 1 0 1
2021 11 06 01 50 45 23599.956  -696.240 39177.649  12.71  12.21   57  605.6 4152.43253 N 00119.94811 E 8 1 0 1
2021 11 06 01 50 46 23601.330  -697.135 39175.482  12.71  12.21   57  606.0 4152.43257 N 00119.94804 E 8 1 0 1
2021 11 06 01 50 47 23599.792  -696.290 39177.625  12.71  12.21   57  606.0 4152.43258 N 00119.94808 E 8 1 0 1
2021 11 06 01 50 48 23601.181  -697.109 39175.535  12.71  12.21   57  606.5 4152.43265 N 00119.94800 E 8 1 0 1
2021 11 06 01 50 49 23599.843  -696.383 39177.403  12.71  12.21   57  606.8 4152.43273 N 00119.94796 E 8 1 0 1
2021 11 06 01 50 50 23600.496  -696.798 39176.333  12.71  12.21   57  606.8 4152.43273 N 00119.94797 E 8 1 0 1
2021 11 06 01 50 51 23599.767  -696.397 39177.344  12.71  12.21   58  607.2 4152.43276 N 00119.94792 E 8 1 0 1
2021 11 06 01 50 52 23601.205  -697.155 39175.262  12.71  12.21   57  607.2 4152.43280 N 00119.94792 E 8 1 0 1
2021 11 06 01 50 53 23600.058  -696.476 39176.995  12.71  12.21   58  607.3 4152.43285 N 00119.94793 E 8 1 0 1
2021 11 06 01 50 54 23601.499  -697.259 39174.882  12.71  12.21   57  607.4 4152.43291 N 00119.94790 E 8 1 0 1
2021 11 06 01 50 55 23599.640  -696.138 39177.631  12.71  12.21   57  607.6 4152.43301 N 00119.94786 E 8 1 0 1
2021 11 06 01 50 56 23601.095  -696.991 39175.436  12.71  12.21   56  608.0 4152.43316 N 00119.94778 E 8 1 0 1
2021 11 06 01 50 57 23599.642  -696.114 39177.580  12.71  12.21   57  608.3 4152.43327 N 00119.94771 E 8 1 0 1
2021 11 06 01 50 58 23598.654  -695.498 39179.060  12.71  12.21   56  608.3 4152.43334 N 00119.94772 E 8 1 0 1
2021 11 06 01 50 59 23599.460  -695.949 39177.843  12.71  12.21   57  608.3 4152.43339 N 00119.94776 E 8 1 0 1
2021 11 06 01 51 00 23601.173  -696.884 39175.377  12.71  12.21   57  608.3 4152.43342 N 00119.94780 E 8 1 0 1
2021 11 06 01 51 01 23599.976  -696.135 39177.223  12.71  12.21   58  608.2 4152.43341 N 00119.94788 E 8 1 0 1
2021 11 06 01 51 02 23601.736  -697.186 39174.626  12.71  12.21   58  608.4 4152.43350 N 00119.94791 E 8 1 0 1
2021 11 06 01 51 03 23599.824  -695.969 39177.521  12.71  12.21   57  608.7 4152.43357 N 00119.94790 E 8 1 0 1
2021 11 06 01 51 04 23601.210  -696.759 39175.447  12.71  12.21   57  608.8 4152.43359 N 00119.94791 E 8 1 0 1
2021 11 06 01 51 05 23599.804  -695.981 39177.443  12.71  12.21   57  608.7 4152.43355 N 00119.94795 E 8 1 0 1
2021 11 06 01 51 06 23601.048  -696.686 39175.649  12.71  12.21   57  609.0 4152.43353 N 00119.94790 E 8 1 0 1
2021 11 06 01 51 07 23599.777  -695.995 39177.451  12.71  12.21   57  609.6 4152.43366 N 00119.94782 E 8 1 0 1
2021 11 06 01 51 08 23601.050  -696.717 39175.575  12.71  12.21   57  609.3 4152.43362 N 00119.94789 E 8 1 0 1
2021 11 06 01 51 09 23599.775  -695.985 39177.470  12.71  12.21   57  609.1 4152.43357 N 00119.94798 E 8 1 0 1
2021 11 06 01 51 10 23600.960  -696.671 39175.718  12.71  12.21   57  608.9 4152.43361 N 00119.94804 E 8 1 0 1
2021 11 06 01 51 11 23599.859  -696.008 39177.417  12.71  12.21   57  608.9 4152.43370 N 00119.94809 E 8 1 0 1
2021 11 06 01 51 12 23601.560  -697.020 39174.928  12.71  12.21   58  608.5 4152.43365 N 00119.94823 E 8 1 0 1
2021 11 06 01 51 13 23601.882  -697.268 39174.405  12.71  12.21   58  608.5 4152.43368 N 00119.94826 E 8 1 0 1
2021 11 06 01 51 14 23600.044  -696.143 39177.141  12.71  12.21   57  608.5 4152.43372 N 00119.94821 E 8 1 0 1
2021 11 06 01 51 15 23601.105  -696.799 39175.595  12.71  12.21   57  608.1 4152.43374 N 00119.94833 E 7 1 0 1
2021 11 06 01 51 16 23599.742  -696.015 39177.560  12.71  12.21   57  607.7 4152.43372 N 00119.94850 E 7 1 0 1
2021 11 06 01 51 17 23601.058  -696.746 39175.684  12.71  12.21   57  607.1 4152.43375 N 00119.94867 E 7 1 0 1
2021 11 06 01 51 18 23599.853  -696.071 39177.409  12.71  12.21   57  606.2 4152.43368 N 00119.94890 E 7 1 0 1
2021 11 06 01 51 19 23601.144  -696.603 39175.797  12.71  12.21   57  605.8 4152.43364 N 00119.94903 E 7 1 0 1
2021 11 06 01 51 20 23599.320  -695.551 39178.421  12.71  12.21   57  605.2 4152.43362 N 00119.94919 E 7 1 0 1
2021 11 06 01 51 21 23601.257  -696.672 39175.576  12.71  12.21   57  604.7 4152.43356 N 00119.94932 E 7 1 0 1
2021 11 06 01 51 22 23600.345  -696.191 39176.847  12.71  12.21   58  604.1 4152.43352 N 00119.94951 E 7 1 0 1
2021 11 06 01 51 23 23601.423  -696.702 39175.425  12.71  12.21   57  603.7 4152.43357 N 00119.94973 E 8 1 0 1
2021 11 06 01 51 24 23599.792  -695.915 39177.486  12.71  12.21   57  603.8 4152.43353 N 00119.94962 E 8 1 0 1
2021 11 06 01 51 25 23601.244  -696.656 39175.517  12.71  12.21   57  603.6 4152.43345 N 00119.94966 E 8 1 0 1
2021 11 06 01 51 26 23599.790  -695.866 39177.591  12.71  12.21   57  603.2 4152.43343 N 00119.94973 E 8 1 0 1
2021 11 06 01 51 27 23600.988  -696.562 39175.804  12.71  12.21   57  602.8 4152.43339 N 00119.94985 E 8 1 0 1
2021 11 06 01 51 28 23599.451  -695.497 39178.297  12.71  12.21   57  602.5 4152.43338 N 00119.94999 E 8 1 0 1
2021 11 06 01 51 29 23601.197  -696.673 39175.486  12.71  12.21   57  602.1 4152.43340 N 00119.95012 E 8 1 0 1
2021 11 06 01 51 30 23599.777  -695.874 39177.536  12.71  12.21   57  601.8 4152.43334 N 00119.95039 E 8 1 0 1
2021 11 06 01 51 31 23601.185  -696.706 39175.443  12.71  12.21   57  601.3 4152.43328 N 00119.95053 E 8 1 0 1
2021 11 06 01 51 32 23600.253  -696.156 39176.885  12.71  12.21   58  600.7 4152.43321 N 00119.95071 E 8 1 0 1
2021 11 06 01 51 33 23601.822  -696.975 39174.738  12.71  12.21   57  600.1 4152.43323 N 00119.95088 E 8 1 0 1
2021 11 06 01 51 34 23599.734  -695.765 39177.754  12.71  12.21   57  599.5 4152.43294 N 00119.95097 E 8 1 0 1
2021 11 06 01 51 35 23601.238  -696.734 39175.400  12.71  12.21   57  599.1 4152.43288 N 00119.95106 E 8 1 0 1
2021 11 06 01 51 36 23599.753  -695.800 39177.703  12.71  12.21   57  598.6 4152.43283 N 00119.95118 E 8 1 0 1
2021 11 06 01 51 37 23601.396  -696.686 39175.378  12.71  12.21   57  598.4 4152.43282 N 00119.95123 E 8 1 0 1
2021 11 06 01 51 38 23599.749  -695.780 39177.672  12.71  12.21   57  598.6 4152.43288 N 00119.95119 E 8 1 0 1
2021 11 06 01 51 39 23601.134  -696.664 39175.579  12.71  12.21   57  598.4 4152.43293 N 00119.95126 E 8 1 0 1
2021 11 06 01 51 40 23599.638  -695.780 39177.769  12.71  12.21   57  598.5 4152.43301 N 00119.95121 E 8 1 0 1
2021 11 06 01 51 41 23601.322  -696.659 39175.455  12.71  12.21   57  598.4 4152.43310 N 00119.95122 E 8 1 0 1
2021 11 06 01 51 42 23600.494  -696.140 39176.793  12.71  12.21   57  598.4 4152.43321 N 00119.95116 E 8 1 0 1
2021 11 06 01 51 43 23601.353  -696.776 39175.300  12.71  12.21   58  598.6 4152.43335 N 00119.95116 E 8 1 0 1
2021 11 06 01 51 44 23600.140  -695.515 39177.853  12.71  12.21   57  598.4 4152.43338 N 00119.95119 E 8 1 0 1
2021 11 06 01 51 45 23601.566  -696.296 39175.833  12.71  12.21   58  598.3 4152.43331 N 00119.95115 E 8 1 0 1
2021 11 06 01 51 46 23600.615  -695.075 39178.178  12.71  12.21   57  598.1 4152.43319 N 00119.95115 E 8 1 0 1
2021 11 06 01 51 47 23602.400  -695.572 39176.331  12.71  12.21   57  598.1 4152.43322 N 00119.95109 E 8 1 0 1
2021 11 06 01 51 48 23601.220  -694.720 39178.371  12.71  12.21   57  597.7 4152.43310 N 00119.95107 E 8 1 0 1
2021 11 06 01 51 49 23602.523  -695.529 39176.359  12.71  12.21   57  597.4 4152.43302 N 00119.95108 E 8 1 0 1
2021 11 06 01 51 50 23601.119  -694.904 39178.165  12.71  12.21   57  597.0 4152.43288 N 00119.95116 E 8 1 0 1
2021 11 06 01 51 51 23602.195  -695.581 39176.564  12.71  12.21   57  596.7 4152.43269 N 00119.95116 E 8 1 0 1
2021 11 06 01 51 52 23601.896  -695.146 39177.465  12.71  12.21   58  596.4 4152.43261 N 00119.95116 E 8 1 0 1
2021 11 06 01 51 53 23602.892  -695.932 39175.755  12.71  12.21   57  596.6 4152.43242 N 00119.95091 E 8 1 0 1
2021 11 06 01 51 54 23602.781  -695.996 39175.731  12.71  12.21   57  596.9 4152.43240 N 00119.95078 E 8 1 0 1
2021 11 06 01 51 55 23602.660  -695.998 39175.793  12.71  12.21   57  596.8 4152.43253 N 00119.95083 E 8 1 0 1
2021 11 06 01 51 56 23602.691  -696.085 39175.680  12.71  12.21   57  596.2 4152.43273 N 00119.95102 E 8 1 0 1
2021 11 06 01 51 57 23601.339  -694.895 39178.209  12.71  12.21   57  596.2 4152.43311 N 00119.95124 E 8 1 0 1
2021 11 06 01 51 58 23601.732  -695.074 39177.721  12.71  12.21   57  596.1 4152.43326 N 00119.95142 E 8 1 0 1
2021 11 06 01 51 59 23601.281  -694.999 39178.131  12.71  12.21   57  596.0 4152.43315 N 00119.95141 E 8 1 0 1
2021 11 06 01 52 00 23602.599  -696.107 39175.774  12.71  12.21   59  596.0 4152.43306 N 00119.95136 E 8 1 0 1
2021 11 06 01 52 01 23601.238  -695.674 39177.237  12.71  12.21   57  595.7 4152.43302 N 00119.95135 E 8 1 0 1
2021 11 06 01 52 02 23602.105  -696.326 39175.728  12.71  12.21   57  595.7 4152.43298 N 00119.95131 E 8 1 0 1
2021 11 06 01 52 03 23600.492  -695.582 39177.793  12.71  12.21   57  595.5 4152.43305 N 00119.95139 E 8 1 0 1
2021 11 06 01 52 04 23601.669  -696.376 39175.925  12.71  12.21   57  595.6 4152.43290 N 00119.95124 E 8 1 0 1
2021 11 06 01 52 05 23600.445  -695.692 39177.661  12.71  12.21   57  595.5 4152.43296 N 00119.95126 E 8 1 0 1
2021 11 06 01 52 06 23601.708  -696.547 39175.571  12.71  12.21   57  595.3 4152.43319 N 00119.95142 E 8 1 0 1
2021 11 06 01 52 07 23600.245  -695.747 39177.664  12.71  12.21   57  595.3 4152.43348 N 00119.95158 E 8 1 0 1
2021 11 06 01 52 08 23601.531  -696.576 39175.671  12.71  12.21   57  595.3 4152.43346 N 00119.95156 E 8 1 0 1
2021 11 06 01 52 09 23600.107  -695.740 39177.749  12.71  12.21   57  595.2 4152.43360 N 00119.95165 E 8 1 0 1
2021 11 06 01 52 10 23601.917  -696.854 39175.000  12.71  12.21   58  595.0 4152.43391 N 00119.95183 E 8 1 0 1
2021 11 06 01 52 11 23600.335  -696.014 39177.186  12.71  12.21   58  594.9 4152.43402 N 00119.95185 E 8 1 0 1
2021 11 06 01 52 12 23601.367  -696.604 39175.608  12.71  12.21   57  595.2 4152.43411 N 00119.95175 E 8 1 0 1
2021 11 06 01 52 13 23599.704  -695.751 39177.796  12.71  12.21   57  595.3 4152.43410 N 00119.95168 E 8 1 0 1
2021 11 06 01 52 14 23601.578  -696.417 39175.647  12.71  12.21   57  595.1 4152.43431 N 00119.95182 E 8 1 0 1
2021 11 06 01 52 15 23600.035  -695.479 39177.918  12.71  12.21   57  595.2 4152.43442 N 00119.95183 E 8 1 0 1
2021 11 06 01 52 16 23601.499  -696.590 39175.405  12.71  12.21   57  595.4 4152.43453 N 00119.95179 E 8 1 0 1
2021 11 06 01 52 17 23599.824  -695.660 39177.734  12.71  12.21   57  595.5 4152.43476 N 00119.95182 E 8 1 0 1
2021 11 06 01 52 18 23600.980  -696.382 39175.935  12.71  12.21   57  595.7 4152.43469 N 00119.95169 E 8 1 0 1
2021 11 06 01 52 19 23599.706  -695.669 39177.733  12.71  12.21   57  595.7 4152.43476 N 00119.95168 E 8 1 0 1
2021 11 06 01 52 20 23601.894  -696.834 39174.672  12.71  12.21   58  595.8 4152.43481 N 00119.95164 E 8 1 0 1
2021 11 06 01 52 21 23600.208  -695.493 39177.560  12.71  12.21   57  595.8 4152.43492 N 00119.95167 E 8 1 0 1
2021 11 06 01 52 22 23601.658  -695.961 39175.914  12.71  12.21   57  595.9 4152.43517 N 00119.95177 E 8 1 0 1
2021 11 06 01 52 23 23600.148  -695.080 39178.120  12.71  12.21   57  595.8 4152.43521 N 00119.95174 E 8 1 0 1
2021 11 06 01 52 24 23601.613  -696.202 39175.532  12.71  12.21   58  595.8 4152.43516 N 00119.95170 E 8 1 0 1
2021 11 06 01 52 25 23600.023  -695.220 39177.936  12.71  12.21   57  595.7 4152.43516 N 00119.95174 E 8 1 0 1
2021 11 06 01 52 26 23601.435  -696.061 39175.788  12.71  12.21   57  595.3 4152.43505 N 00119.95179 E 8 1 0 1
2021 11 06 01 52 27 23599.884  -695.139 39178.040  12.71  12.21   57  595.5 4152.43481 N 00119.95160 E 8 1 0 1
2021 11 06 01 52 28 23601.214  -695.840 39176.168  12.71  12.21   57  595.5 4152.43489 N 00119.95158 E 8 1 0 1
2021 11 06 01 52 29 23599.128  -694.590 39179.245  12.71  12.21   57  595.5 4152.43494 N 00119.95160 E 8 1 0 1
2021 11 06 01 52 30 23602.431  -696.426 39174.536  12.71  12.21   58  595.7 4152.43489 N 00119.95154 E 8 1 0 1
2021 11 06 01 52 31 23600.507  -695.188 39177.478  12.71  12.21   58  595.5 4152.43479 N 00119.95163 E 8 1 0 1
2021 11 06 01 52 32 23601.425  -695.626 39176.199  12.71  12.21   57  595.6 4152.43478 N 00119.95160 E 8 1 0 1
2021 11 06 01 52 33 23600.210  -694.841 39178.072  12.71  12.21   57  595.9 4152.43500 N 00119.95164 E 8 1 0 1
2021 11 06 01 52 34 23601.304  -695.107 39176.910  12.71  12.21   57  595.9 4152.43500 N 00119.95170 E 8 1 0 1
2021 11 06 01 52 35 23600.386  -694.735 39178.072  12.71  12.21   57  596.2 4152.43479 N 00119.95160 E 8 1 0 1
2021 11 06 01 52 36 23601.667  -695.520 39176.091  12.71  12.21   57  596.8 4152.43477 N 00119.95148 E 8 1 0 1
2021 11 06 01 52 37 23600.376  -694.673 39178.087  12.71  12.21   57  596.8 4152.43444 N 00119.95138 E 8 1 0 1
2021 11 06 01 52 38 23601.423  -695.399 39176.424  12.71  12.21   57  597.3 4152.43419 N 00119.95111 E 8 1 0 1
2021 11 06 01 52 39 23601.806  -695.847 39175.512  12.71  12.21   57  597.8 4152.43428 N 00119.95100 E 8 1 0 1
2021 11 06 01 52 40 23600.671  -695.326 39177.024  12.71  12.21   58  598.3 4152.43432 N 00119.95087 E 8 1 0 1
2021 11 06 01 52 41 23601.556  -695.798 39175.783  12.71  12.21   58  598.7 4152.43425 N 00119.95073 E 8 1 0 1
2021 11 06 01 52 42 23600.103  -695.019 39177.756  12.71  12.21   57  599.2 4152.43433 N 00119.95056 E 8 1 0 1
2021 11 06 01 52 43 23601.103  -695.672 39176.162  12.71  12.21   57  599.3 4152.43426 N 00119.95051 E 8 1 0 1
2021 11 06 01 52 44 23599.997  -695.040 39177.763  12.71  12.21   57  599.5 4152.43407 N 00119.95035 E 8 1 0 1
2021 11 06 01 52 45 23600.992  -695.706 39176.181  12.71  12.21   57  600.0 4152.43405 N 00119.95021 E 8 1 0 1
2021 11 06 01 52 46 23599.982  -695.139 39177.611  12.71  12.21   57  600.1 4152.43390 N 00119.95009 E 8 1 0 1
2021 11 06 01 52 47 23600.931  -695.717 39176.173  12.71  12.21   57  600.7 4152.43375 N 00119.94982 E 8 1 0 1
2021 11 06 01 52 48 23599.884  -695.002 39177.902  12.71  12.21   57  600.7 4152.43381 N 00119.94987 E 8 1 0 1
2021 11 06 01 52 49 23601.287  -695.794 39175.863  12.71  12.21   57  600.9 4152.43376 N 00119.94984 E 8 1 0 1
2021 11 06 01 52 50 23600.423  -695.310 39177.186  12.71  12.21   58  601.0 4152.43372 N 00119.94988 E 8 1 0 1
2021 11 06 01 52 51 23601.378  -695.858 39175.849  12.71  12.21   57  601.3 4152.43343 N 00119.94969 E 8 1 0 1
2021 11 06 01 52 52 23600.027  -695.056 39177.779  12.71  12.21   57  601.4 4152.43341 N 00119.94979 E 8 1 0 1
2021 11 06 01 52 53 23601.294  -695.778 39175.973  12.71  12.21   57  601.6 4152.43340 N 00119.94977 E 8 1 0 1
2021 11 06 01 52 54 23599.966  -694.981 39177.930  12.71  12.21   57  601.8 4152.43314 N 00119.94960 E 8 1 0 1
2021 11 06 01 52 55 23601.349  -695.799 39175.899  12.71  12.21   57  601.9 4152.43313 N 00119.94960 E 8 1 0 1
2021 11 06 01 52 56 23600.076  -695.035 39177.822  12.71  12.21   57  601.8 4152.43310 N 00119.94964 E 8 1 0 1
2021 11 06 01 52 57 23601.275  -695.795 39175.980  12.71  12.21   57  601.9 4152.43317 N 00119.94966 E 8 1 0 1
2021 11 06 01 52 58 23599.869  -694.915 39178.120  12.71  12.21   57  602.0 4152.43319 N 00119.94969 E 8 1 0 1
2021 11 06 01 52 59 23600.781  -695.447 39176.795  12.71  12.21   57  602.2 4152.43317 N 00119.94966 E 8 1 0 1
2021 11 06 01 53 00 23600.036  -695.022 39177.888  12.71  12.21   57  602.4 4152.43330 N 00119.94972 E 8 1 0 1
2021 11 06 01 53 01 23601.601  -695.939 39175.566  12.71  12.21   57  602.4 4152.43340 N 00119.94987 E 8 1 0 1
2021 11 06 01 53 02 23599.855  -694.978 39178.062  12.71  12.21   57  602.5 4152.43343 N 00119.94982 E 8 1 0 1
2021 11 06 01 53 03 23601.326  -695.826 39175.887  12.71  12.21   57  602.3 4152.43321 N 00119.94974 E 8 1 0 1
2021 11 06 01 53 04 23599.869  -694.944 39178.089  12.71  12.21   57  602.6 4152.43313 N 00119.94965 E 8 1 0 1
2021 11 06 01 53 05 23601.412  -695.873 39175.740  12.71  12.21   57  602.5 4152.43307 N 00119.94962 E 8 1 0 1
2021 11 06 01 53 06 23599.869  -695.036 39177.937  12.71  12.21   57  602.2 4152.43301 N 00119.94964 E 8 1 0 1
2021 11 06 01 53 07 23601.453  -695.914 39175.666  12.71  12.21   57  602.3 4152.43303 N 00119.94962 E 8 1 0 1
2021 11 06 01 53 08 23599.951  -695.030 39177.883  12.71  12.21   57  602.0 4152.43277 N 00119.94953 E 8 1 0 1
2021 11 06 01 53 09 23601.244  -695.713 39176.101  12.71  12.21   57  602.0 4152.43264 N 00119.94943 E 8 1 0 1
2021 11 06 01 53 10 23600.119  -695.080 39177.721  12.71  12.21   58  602.1 4152.43275 N 00119.94943 E 8 1 0 1
2021 11 06 01 53 11 23601.361  -695.769 39175.918  12.71  12.21   57  602.1 4152.43260 N 00119.94931 E 8 1 0 1
2021 11 06 01 53 12 23599.886  -695.029 39177.938  12.71  12.21   57  602.0 4152.43249 N 00119.94927 E 8 1 0 1
2021 11 06 01 53 13 23601.099  -695.931 39175.843  12.71  12.21   57  601.8 4152.43242 N 00119.94923 E 8 1 0 1
2021 11 06 01 53 14 23599.777  -695.189 39177.723  12.71  12.21   57  601.7 4152.43224 N 00119.94918 E 8 1 0 1
2021 11 06 01 53 15 23600.808  -696.198 39175.601  12.71  12.21   57  601.6 4152.43205 N 00119.94911 E 8 1 0 1
2021 11 06 01 53 16 23599.372  -695.734 39177.177  12.71  12.21   57  601.5 4152.43183 N 00119.94899 E 8 1 0 1
2021 11 06 01 53 17 23600.240  -696.290 39175.808  12.71  12.21   57  601.3 4152.43186 N 00119.94904 E 8 1 0 1
2021 11 06 01 53 18 23599.169  -695.707 39177.335  12.71  12.21   57  601.0 4152.43194 N 00119.94912 E 8 1 0 1
2021 11 06 01 53 19 23600.376  -696.452 39175.494  12.71  12.21   57  600.8 4152.43191 N 00119.94909 E 8 1 0 1
2021 11 06 01 53 20 23600.746  -696.688 39174.928  12.71  12.21   57  600.8 4152.43193 N 00119.94899 E 8 1 0 1
2021 11 06 01 53 21 23599.411  -695.888 39176.912  12.71  12.21   57  600.6 4152.43179 N 00119.94889 E 8 1 0 1
2021 11 06 01 53 22 23600.040  -696.222 39176.017  12.71  12.21   57  600.9 4152.43206 N 00119.94887 E 8 1 0 1
2021 11 06 01 53 23 23599.158  -695.749 39177.296  12.71  12.21   57  600.8 4152.43200 N 00119.94885 E 8 1 0 1
2021 11 06 01 53 24 23600.228  -696.399 39175.723  12.71  12.21   57  600.6 4152.43231 N 00119.94886 E 8 1 0 1
2021 11 06 01 53 25 23599.304  -695.851 39177.126  12.71  12.21   57  600.3 4152.43230 N 00119.94898 E 8 1 0 1
2021 11 06 01 53 26 23600.181  -696.408 39175.789  12.71  12.21   57  600.3 4152.43225 N 00119.94914 E 8 1 0 1
2021 11 06 01 53 27 23599.394  -695.718 39177.267  12.71  12.21   57  600.2 4152.43233 N 00119.94918 E 8 1 0 1
2021 11 06 01 53 28 23600.861  -695.984 39175.959  12.71  12.21   57  600.3 4152.43235 N 00119.94916 E 8 1 0 1
2021 11 06 01 53 29 23599.663  -694.823 39178.384  12.71  12.21   57  600.1 4152.43245 N 00119.94925 E 8 1 0 1
2021 11 06 01 53 30 23601.751  -695.644 39175.971  12.71  12.21   57  600.2 4152.43268 N 00119.94924 E 8 1 0 1
2021 11 06 01 53 31 23600.406  -694.905 39177.917  12.71  12.21   57  599.6 4152.43258 N 00119.94935 E 8 1 0 1
2021 11 06 01 53 32 23601.263  -695.450 39176.626  12.71  12.21   57  599.9 4152.43264 N 00119.94936 E 8 1 0 1
2021 11 06 01 53 33 23600.263  -694.984 39177.964  12.71  12.21   57  599.9 4152.43244 N 00119.94943 E 8 1 0 1
2021 11 06 01 53 34 23601.175  -695.627 39176.494  12.71  12.21   57  599.8 4152.43225 N 00119.94946 E 8 1 0 1
2021 11 06 01 53 35 23600.038  -694.933 39178.235  12.71  12.21   57  598.9 4152.43213 N 00119.94961 E 8 1 0 1
2021 11 06 01 53 36 23601.148  -695.802 39176.358  12.71  12.21   57  599.0 4152.43182 N 00119.94956 E 8 1 0 1
2021 11 06 01 53 37 23599.827  -695.264 39177.978  12.71  12.21   57  598.8 4152.43177 N 00119.94954 E 8 1 0 1
2021 11 06 01 53 38 23600.988  -696.160 39175.965  12.71  12.21   57  599.2 4152.43182 N 00119.94955 E 8 1 0 1
2021 11 06 01 53 39 23599.632  -695.561 39177.767  12.71  12.21   57  599.2 4152.43186 N 00119.94965 E 8 1 0 1
2021 11 06 01 53 40 23601.039  -696.594 39175.468  12.71  12.21   58  599.3 4152.43177 N 00119.94971 E 8 1 0 1
2021 11 06 01 53 41 23599.927  -696.038 39176.984  12.71  12.21   57  600.4 4152.43178 N 00119.94953 E 8 1 0 1
2021 11 06 01 53 42 23601.437  -696.963 39174.700  12.71  12.21   58  601.1 4152.43150 N 00119.94931 E 8 1 0 1
2021 11 06 01 53 43 23599.443  -695.901 39177.499  12.71  12.21   57  602.2 4152.43147 N 00119.94907 E 8 1 0 1
2021 11 06 01 53 44 23600.572  -696.607 39175.762  12.71  12.21   57  601.9 4152.43131 N 00119.94904 E 8 1 0 1
2021 11 06 01 53 45 23599.159  -695.841 39177.770  12.71  12.21   57  602.2 4152.43130 N 00119.94905 E 8 1 0 1
2021 11 06 01 53 46 23601.111  -696.567 39175.512  12.71  12.21   57  601.1 4152.43116 N 00119.94912 E 8 1 0 1
2021 11 06 01 53 47 23600.103  -695.243 39178.101  12.71  12.21   57  600.8 4152.43123 N 00119.94916 E 8 1 0 1
2021 11 06 01 53 48 23601.574  -696.137 39175.868  12.71  12.21   57  599.6 4152.43121 N 00119.94936 E 8 1 0 1
2021 11 06 01 53 49 23599.800  -695.497 39177.952  12.71  12.21   57  600.4 4152.43091 N 00119.94929 E 8 1 0 1
2021 11 06 01 53 50 23600.746  -696.300 39176.175  12.71  12.21   57  600.7 4152.43073 N 00119.94923 E 8 1 0 1
2021 11 06 01 53 51 23599.554  -695.808 39177.628  12.71  12.21   57  601.8 4152.43084 N 00119.94909 E 8 1 0 1
2021 11 06 01 53 52 23600.746  -696.595 39175.755  12.71  12.21   57  601.9 4152.43078 N 00119.94914 E 8 1 0 1
2021 11 06 01 53 53 23599.322  -695.860 39177.740  12.71  12.21   57  602.2 4152.43075 N 00119.94919 E 8 1 0 1
2021 11 06 01 53 54 23600.660  -696.721 39175.607  12.71  12.21   57  602.5 4152.43090 N 00119.94922 E 8 1 0 1
2021 11 06 01 53 55 23599.294  -695.993 39177.494  12.71  12.21   57  603.1 4152.43084 N 00119.94913 E 8 1 0 1
2021 11 06 01 53 56 23600.523  -696.667 39175.656  12.71  12.21   57  602.8 4152.43090 N 00119.94923 E 8 1 0 1
2021 11 06 01 53 57 23599.404  -695.939 39177.389  12.71  12.21   57  603.0 4152.43092 N 00119.94921 E 8 1 0 1
2021 11 06 01 53 58 23600.224  -696.390 39176.191  12.71  12.21   57  602.8 4152.43071 N 00119.94917 E 8 1 0 1
2021 11 06 01 53 59 23598.851  -695.615 39178.106  12.71  12.21   57  602.5 4152.43098 N 00119.94938 E 8 1 0 1
2021 11 06 01 54 00 23600.953  -696.375 39175.638  12.71  12.21   57  601.4 4152.43087 N 00119.94957 E 8 1 0 1
2021 11 06 01 54 01 23599.820  -695.375 39177.760  12.71  12.21   57  601.2 4152.43090 N 00119.94962 E 8 1 0 1
2021 11 06 01 54 02 23600.853  -695.991 39176.162  12.71  12.21   57  601.3 4152.43091 N 00119.94962 E 8 1 0 1
2021 11 06 01 54 03 23601.244  -696.236 39175.530  12.71  12.21   57  600.7 4152.43116 N 00119.94985 E 8 1 0 1
2021 11 06 01 54 04 23599.820  -695.355 39177.592  12.71  12.21   57  600.7 4152.43128 N 00119.94991 E 8 1 0 1
2021 11 06 01 54 05 23600.568  -695.766 39176.412  12.71  12.21   57  600.3 4152.43131 N 00119.95003 E 8 1 0 1
2021 11 06 01 54 06 23599.562  -695.208 39177.827  12.71  12.21   57  600.4 4152.43137 N 00119.95006 E 8 1 0 1
2021 11 06 01 54 07 23600.658  -695.587 39176.564  12.71  12.21   57  599.4 4152.43119 N 00119.95016 E 8 1 0 1
2021 11 06 01 54 08 23599.798  -694.989 39177.878  12.71  12.21   57  599.0 4152.43121 N 00119.95023 E 8 1 0 1
2021 11 06 01 54 09 23600.648  -695.444 39176.657  12.70  12.21   57  598.7 4152.43115 N 00119.95031 E 8 1 0 1
2021 11 06 01 54 10 23599.855  -694.921 39177.898  12.71  12.21   58  599.4 4152.43112 N 00119.95018 E 8 1 0 1
2021 11 06 01 54 11 23601.236  -695.648 39176.030  12.71  12.21   57  599.2 4152.43101 N 00119.95021 E 8 1 0 1
2021 11 06 01 54 12 23600.003  -694.730 39178.104  12.71  12.21   57  599.6 4152.43090 N 00119.95011 E 8 1 0 1
2021 11 06 01 54 13 23601.306  -695.133 39176.679  12.71  12.21   57  600.2 4152.43085 N 00119.94999 E 8 1 0 1
2021 11 06 01 54 14 23600.148  -694.580 39178.222  12.71  12.21   57  600.6 4152.43095 N 00119.94992 E 8 1 0 1
2021 11 06 01 54 15 23601.042  -695.121 39176.861  12.71  12.21   57  601.3 4152.43106 N 00119.94981 E 8 1 0 1
2021 11 06 01 54 16 23600.099  -694.594 39178.249  12.71  12.21   57  602.0 4152.43129 N 00119.94976 E 8 1 0 1
2021 11 06 01 54 17 23601.435  -695.489 39176.077  12.71  12.21   57  601.8 4152.43123 N 00119.94982 E 8 1 0 1
2021 11 06 01 54 18 23600.021  -694.804 39178.035  12.71  12.21   57  601.4 4152.43131 N 00119.94992 E 8 1 0 1
2021 11 06 01 54 19 23600.951  -695.425 39176.550  12.71  12.21   57  600.6 4152.43125 N 00119.95003 E 8 1 0 1
2021 11 06 01 54 20 23599.939  -694.942 39177.930  12.71  12.21   57  601.0 4152.43130 N 00119.95000 E 8 1 0 1
2021 11 06 01 54 21 23601.335  -695.888 39175.665  12.70  12.21   58  601.1 4152.43128 N 00119.95002 E 8 1 0 1
2021 11 06 01 54 22 23599.538  -694.990 39178.079  12.70  12.21   57  600.9 4152.43132 N 00119.95008 E 8 1 0 1
2021 11 06 01 54 23 23600.968  -695.939 39175.831  12.70  12.21   57  600.8 4152.43133 N 00119.95006 E 8 1 0 1
2021 11 06 01 54 24 23599.380  -695.113 39178.020  12.70  12.21   57  600.2 4152.43126 N 00119.95007 E 8 1 0 1
2021 11 06 01 54 25 23600.609  -695.873 39176.113  12.70  12.21   57  599.9 4152.43126 N 00119.95009 E 8 1 0 1
2021 11 06 01 54 26 23599.343  -695.245 39177.841  12.71  12.21   57  599.4 4152.43116 N 00119.95011 E 8 1 0 1
2021 11 06 01 54 27 23600.494  -695.972 39176.058  12.70  12.21   57  599.2 4152.43115 N 00119.95011 E 8 1 0 1
2021 11 06 01 54 28 23599.107  -695.265 39177.910  12.70  12.21   57  599.4 4152.43111 N 00119.95010 E 8 1 0 1
2021 11 06 01 54 29 23600.542  -696.137 39175.739  12.70  12.21   57  599.8 4152.43117 N 00119.95005 E 8 1 0 1
2021 11 06 01 54 30 23598.376  -694.813 39178.980  12.70  12.21   57  600.6 4152.43129 N 00119.94995 E 8 1 0 1
2021 11 06 01 54 31 23601.205  -696.536 39174.719  12.70  12.21   57  600.3 4152.43126 N 00119.94998 E 8 1 0 1
2021 11 06 01 54 32 23599.142  -695.355 39177.696  12.70  12.21   57  600.0 4152.43119 N 00119.94997 E 8 1 0 1
2021 11 06 01 54 33 23600.253  -696.023 39176.080  12.70  12.21   57  600.3 4152.43119 N 00119.94992 E 8 1 0 1
2021 11 06 01 54 34 23598.954  -695.278 39177.948  12.70  12.21   57  600.5 4152.43120 N 00119.94988 E 8 1 0 1
2021 11 06 01 54 35 23600.638  -696.228 39175.510  12.70  12.21   57  600.7 4152.43126 N 00119.94981 E 8 1 0 1
2021 11 06 01 54 36 23599.243  -695.435 39177.525  12.70  12.21   57  600.8 4152.43126 N 00119.94978 E 8 1 0 1
2021 11 06 01 54 37 23600.320  -696.097 39175.858  12.70  12.21   57  600.9 4152.43127 N 00119.94972 E 8 1 0 1
2021 11 06 01 54 38 23599.210  -695.408 39177.548  12.70  12.21   57  601.2 4152.43133 N 00119.94964 E 8 1 0 1
2021 11 06 01 54 39 23600.328  -696.045 39175.928  12.70  12.21   57  601.1 4152.43133 N 00119.94963 E 8 1 0 1
2021 11 06 01 54 40 23599.120  -695.314 39177.707  12.70  12.21   57  601.5 4152.43139 N 00119.94959 E 8 1 0 1
2021 11 06 01 54 41 23600.619  -696.271 39175.428  12.70  12.21   57  601.4 4152.43132 N 00119.94958 E 8 1 0 1
2021 11 06 01 54 42 23599.273  -695.460 39177.432  12.70  12.21   57  601.4 4152.43131 N 00119.94954 E 8 1 0 1
2021 11 06 01 54 43 23600.148  -695.946 39176.192  12.70  12.21   57  601.1 4152.43121 N 00119.94952 E 8 1 0 1
2021 11 06 01 54 44 23599.288  -695.422 39177.487  12.70  12.21   57  601.0 4152.43117 N 00119.94950 E 8 1 0 1
2021 11 06 01 54 45 23600.031  -695.860 39176.354  12.70  12.21   57  601.0 4152.43114 N 00119.94944 E 8 1 0 1
2021 11 06 01 54 46 23600.781  -696.345 39175.195  12.70  12.21   57  601.3 4152.43114 N 00119.94937 E 8 1 0 1
2021 11 06 01 54 47 23599.367  -695.538 39177.226  12.70  12.21   57  601.1 4152.43108 N 00119.94932 E 8 1 0 1
2021 11 06 01 54 48 23600.111  -695.944 39176.168  12.70  12.21   57  600.8 4152.43099 N 00119.94931 E 8 1 0 1
2021 11 06 01 54 49 23599.335  -695.515 39177.265  12.70  12.21   57  600.8 4152.43097 N 00119.94928 E 8 1 0 1
2021 11 06 01 54 50 23600.099  -695.964 39176.141  12.70  12.21   57  601.0 4152.43097 N 00119.94924 E 8 1 0 1
2021 11 06 01 54 51 23599.404  -695.601 39177.125  12.70  12.21   57  601.1 4152.43099 N 00119.94917 E 8 1 0 1
2021 11 06 01 54 52 23600.357  -696.193 39175.586  12.70  12.21   57  601.2 4152.43106 N 00119.94913 E 8 1 0 1
2021 11 06 01 54 53 23599.187  -695.534 39177.299  12.70  12.21   57  601.2 4152.43110 N 00119.94908 E 8 1 0 1
2021 11 06 01 54 54 23600.169  -696.099 39175.837  12.70  12.21   57  601.3 4152.43107 N 00119.94907 E 8 1 0 1
2021 11 06 01 54 55 23599.120  -695.440 39177.439  12.70  12.21   57  601.1 4152.43109 N 00119.94905 E 8 1 0 1
2021 11 06 01 54 56 23600.103  -696.012 39176.008  12.70  12.21   57  601.1 4152.43109 N 00119.94901 E 8 1 0 1
2021 11 06 01 54 57 23599.095  -695.471 39177.458  12.70  12.21   57  601.0 4152.43117 N 00119.94899 E 8 1 0 1
2021 11 06 01 54 58 23600.333  -696.258 39175.461  12.70  12.21   57  600.9 4152.43119 N 00119.94899 E 8 1 0 1
2021 11 06 01 54 59 23599.044  -695.534 39177.321  12.70  12.21   57  600.5 4152.43127 N 00119.94904 E 8 1 0 1
2021 11 06 01 55 00 23599.728  -695.925 39176.298  12.70  12.21   58  600.4 4152.43135 N 00119.94906 E 8 1 0 1
2021 11 06 01 55 01 23598.990  -695.503 39177.317  12.70  12.21   57  600.2 4152.43142 N 00119.94906 E 8 1 0 1
2021 11 06 01 55 02 23600.146  -696.279 39175.432  12.70  12.21   57  599.9 4152.43149 N 00119.94913 E 8 1 0 1
2021 11 06 01 55 03 23598.734  -695.413 39177.557  12.70  12.21   57  599.3 4152.43161 N 00119.94925 E 8 1 0 1
2021 11 06 01 55 04 23600.234  -696.300 39175.285  12.70  12.21   57  598.9 4152.43169 N 00119.94935 E 8 1 0 1
2021 11 06 01 55 05 23598.736  -695.396 39177.467  12.70  12.21   57  598.8 4152.43166 N 00119.94927 E 8 1 0 1
2021 11 06 01 55 06 23599.949  -696.119 39175.668  12.70  12.21   57  598.4 4152.43169 N 00119.94930 E 8 1 0 1
2021 11 06 01 55 07 23598.829  -695.484 39177.312  12.70  12.21   57  598.5 4152.43168 N 00119.94922 E 8 1 0 1
2021 11 06 01 55 08 23599.994  -696.201 39175.520  12.70  12.21   57  598.3 4152.43176 N 00119.94926 E 8 1 0 1
2021 11 06 01 55 09 23598.599  -695.464 39177.532  12.70  12.21   57  597.9 4152.43188 N 00119.94941 E 9 1 0 1
2021 11 06 01 55 10 23600.218  -696.339 39175.253  12.70  12.21   57  597.8 4152.43192 N 00119.94939 E 9 1 0 1
2021 11 06 01 55 11 23599.050  -695.354 39177.469  12.70  12.21   57  597.6 4152.43193 N 00119.94937 E 9 1 0 1
2021 11 06 01 55 12 23600.288  -696.239 39175.433  12.70  12.21   57  597.7 4152.43204 N 00119.94941 E 9 1 0 1
2021 11 06 01 55 13 23598.669  -695.453 39177.615  12.70  12.21   57  597.8 4152.43209 N 00119.94935 E 9 1 0 1
2021 11 06 01 55 14 23600.294  -696.129 39175.616  12.70  12.21   57  597.8 4152.43211 N 00119.94933 E 9 1 0 1
2021 11 06 01 55 15 23599.115  -695.250 39177.668  12.70  12.21   57  597.8 4152.43212 N 00119.94926 E 9 1 0 1
2021 11 06 01 55 16 23600.746  -696.056 39175.529  12.70  12.21   57  597.8 4152.43228 N 00119.94931 E 9 1 0 1
2021 11 06 01 55 17 23599.415  -695.225 39177.611  12.70  12.21   57  597.8 4152.43239 N 00119.94940 E 9 1 0 1
2021 11 06 01 55 18 23600.349  -695.769 39176.227  12.70  12.21   57  597.7 4152.43244 N 00119.94947 E 9 1 0 1
2021 11 06 01 55 19 23599.372  -695.252 39177.666  12.70  12.21   57  597.7 4152.43254 N 00119.94954 E 9 1 0 1
2021 11 06 01 55 20 23600.634  -695.992 39175.832  12.70  12.21   57  597.7 4152.43256 N 00119.94952 E 9 1 0 1
2021 11 06 01 55 21 23599.431  -695.406 39177.476  12.70  12.21   57  597.8 4152.43258 N 00119.94950 E 9 1 0 1
2021 11 06 01 55 22 23600.591  -696.345 39175.428  12.70  12.21   57  597.7 4152.43263 N 00119.94956 E 9 1 0 1
2021 11 06 01 55 23 23599.117  -695.695 39177.303  12.70  12.21   57  597.9 4152.43272 N 00119.94960 E 9 1 0 1
2021 11 06 01 55 24 23600.294  -696.505 39175.407  12.70  12.21   57  597.9 4152.43280 N 00119.94962 E 9 1 0 1
2021 11 06 01 55 25 23598.966  -695.880 39177.206  12.70  12.21   57  597.9 4152.43291 N 00119.94966 E 9 1 0 1
2021 11 06 01 55 26 23599.773  -696.367 39175.989  12.70  12.21   57  597.8 4152.43288 N 00119.94969 E 9 1 0 1
2021 11 06 01 55 27 23599.191  -695.712 39177.343  12.70  12.21   57  597.6 4152.43293 N 00119.94974 E 9 1 0 1
2021 11 06 01 55 28 23600.144  -696.300 39175.936  12.70  12.21   57  597.6 4152.43306 N 00119.94975 E 9 1 0 1
2021 11 06 01 55 29 23600.824  -696.829 39174.769  12.70  12.21   57  597.8 4152.43311 N 00119.94970 E 9 1 0 1
2021 11 06 01 55 30 23598.896  -695.766 39177.552  12.70  12.21   57  597.4 4152.43315 N 00119.94984 E 9 1 0 1
2021 11 06 01 55 31 23600.363  -696.644 39175.421  12.70  12.21   57  597.4 4152.43319 N 00119.94989 E 9 1 0 1
2021 11 06 01 55 32 23599.370  -696.016 39176.960  12.70  12.21   57  597.5 4152.43312 N 00119.94983 E 9 1 0 1
2021 11 06 01 55 33 23600.453  -696.601 39175.483  12.70  12.21   57  597.2 4152.43317 N 00119.94994 E 9 1 0 1
2021 11 06 01 55 34 23599.423  -695.946 39177.124  12.70  12.21   57  597.1 4152.43309 N 00119.94989 E 9 1 0 1
2021 11 06 01 55 35 23600.173  -696.375 39176.085  12.70  12.21   57  596.9 4152.43303 N 00119.94987 E 9 1 0 1
2021 11 06 01 55 36 23599.431  -695.946 39177.194  12.70  12.21   57  596.7 4152.43294 N 00119.94988 E 9 1 0 1
2021 11 06 01 55 37 23600.669  -696.598 39175.532  12.70  12.21   57  596.5 4152.43282 N 00119.94983 E 9 1 0 1
2021 11 06 01 55 38 23599.523  -695.926 39177.273  12.70  12.21   57  596.5 4152.43267 N 00119.94977 E 9 1 0 1
2021 11 06 01 55 39 23600.695  -696.688 39175.486  12.70  12.21   57  596.6 4152.43277 N 00119.94983 E 9 1 0 1
2021 11 06 01 55 40 23599.490  -696.050 39177.195  12.70  12.21   57  596.6 4152.43278 N 00119.94982 E 9 1 0 1
2021 11 06 01 55 41 23600.517  -696.645 39175.750  12.70  12.21   57  596.4 4152.43267 N 00119.94976 E 9 1 0 1
2021 11 06 01 55 42 23599.566  -696.017 39177.246  12.70  12.21   57  596.2 4152.43268 N 00119.94977 E 9 1 0 1
2021 11 06 01 55 43 23600.755  -696.735 39175.506  12.70  12.21   57  596.2 4152.43274 N 00119.94976 E 9 1 0 1
2021 11 06 01 55 44 23599.376  -695.910 39177.541  12.70  12.21   57  596.0 4152.43268 N 00119.94972 E 9 1 0 1
2021 11 06 01 55 45 23601.093  -696.551 39175.550  12.70  12.21   57  596.0 4152.43257 N 00119.94963 E 9 1 0 1
2021 11 06 01 55 46 23599.753  -695.742 39177.582  12.70  12.21   57  596.0 4152.43252 N 00119.94952 E 9 1 0 1
2021 11 06 01 55 47 23601.011  -696.372 39175.881  12.70  12.21   57  596.0 4152.43247 N 00119.94946 E 9 1 0 1
2021 11 06 01 55 48 23599.951  -695.766 39177.451  12.70  12.21   57  595.7 4152.43251 N 00119.94955 E 9 1 0 1
2021 11 06 01 55 49 23601.089  -696.511 39175.671  12.70  12.21   58  595.6 4152.43255 N 00119.94953 E 9 1 0 1
2021 11 06 01 55 50 23600.685  -695.903 39176.875  12.70  12.21   58  595.3 4152.43248 N 00119.94950 E 9 1 0 1
2021 11 06 01 55 51 23602.035  -696.818 39174.727  12.70  12.21   58  595.2 4152.43254 N 00119.94954 E 9 1 0 1
2021 11 06 01 55 52 23600.165  -695.977 39177.067  12.70  12.21   58  595.2 4152.43253 N 00119.94950 E 9 1 0 1
2021 11 06 01 55 53 23601.330  -696.268 39175.882  12.70  12.21   57  595.2 4152.43253 N 00119.94947 E 9 1 0 1
2021 11 06 01 55 54 23600.228  -695.364 39177.880  12.70  12.21   57  595.0 4152.43259 N 00119.94952 E 9 1 0 1
2021 11 06 01 55 55 23601.544  -695.935 39176.175  12.70  12.21   57  595.2 4152.43266 N 00119.94951 E 9 1 0 1
2021 11 06 01 55 56 23600.406  -695.158 39178.020  12.70  12.21   57  595.2 4152.43273 N 00119.94956 E 9 1 0 1
2021 11 06 01 55 57 23601.970  -696.037 39175.745  12.70  12.21   57  595.3 4152.43277 N 00119.94955 E 9 1 0 1
2021 11 06 01 55 58 23600.562  -695.246 39177.796  12.70  12.21   57  595.3 4152.43283 N 00119.94959 E 9 1 0 1
2021 11 06 01 55 59 23601.371  -695.753 39176.520  12.70  12.21   57  595.5 4152.43292 N 00119.94961 E 9 1 0 1
2021 11 06 01 56 00 23599.974  -695.111 39178.329  12.70  12.21   57  595.4 4152.43274 N 00119.94954 E 9 1 0 1
2021 11 06 01 56 01 23601.232  -695.869 39176.457  12.70  12.21   58  595.2 4152.43259 N 00119.94949 E 9 1 0 1
2021 11 06 01 56 02 23600.540  -695.230 39177.733  12.70  12.21   57  595.2 4152.43257 N 00119.94947 E 9 1 0 1
2021 11 06 01 56 03 23601.935  -695.894 39175.837  12.70  12.21   57  595.1 4152.43246 N 00119.94944 E 9 1 0 1
2021 11 06 01 56 04 23600.523  -695.076 39177.888  12.70  12.21   57  595.1 4152.43236 N 00119.94942 E 9 1 0 1
2021 11 06 01 56 05 23601.531  -695.737 39176.275  12.70  12.21   57  595.1 4152.43226 N 00119.94938 E 9 1 0 1
2021 11 06 01 56 06 23600.474  -695.153 39177.787  12.70  12.21   57  595.4 4152.43227 N 00119.94937 E 9 1 0 1
2021 11 06 01 56 07 23601.539  -695.790 39176.189  12.70  12.21   57  595.5 4152.43231 N 00119.94935 E 9 1 0 1
2021 11 06 01 56 08 23600.646  -695.084 39177.768  12.70  12.21   57  595.5 4152.43226 N 00119.94934 E 8 1 0 1
2021 11 06 01 56 09 23601.517  -695.598 39176.442  12.70  12.21   57  595.5 4152.43216 N 00119.94933 E 8 1 0 1
2021 11 06 01 56 10 23600.544  -695.168 39177.717  12.70  12.21   57  595.8 4152.43220 N 00119.94929 E 8 1 0 1
2021 11 06 01 56 11 23601.943  -696.089 39175.534  12.70  12.21   57  596.2 4152.43222 N 00119.94926 E 9 1 0 1
2021 11 06 01 56 12 23602.195  -696.356 39175.022  12.70  12.21   58  596.5 4152.43222 N 00119.94921 E 9 1 0 1
2021 11 06 01 56 13 23600.433  -695.378 39177.483  12.70  12.21   57  596.7 4152.43223 N 00119.94917 E 9 1 0 1
2021 11 06 01 56 14 23601.347  -695.995 39176.041  12.70  12.21   57  596.8 4152.43217 N 00119.94913 E 9 1 0 1
2021 11 06 01 56 15 23600.544  -695.544 39177.227  12.70  12.21   57  597.1 4152.43217 N 00119.94908 E 9 1 0 1
2021 11 06 01 56 16 23601.152  -695.922 39176.297  12.70  12.21   57  597.5 4152.43223 N 00119.94902 E 9 1 0 1
2021 11 06 01 56 17 23600.351  -695.424 39177.580  12.70  12.21   57  597.8 4152.43223 N 00119.94898 E 9 1 0 1
2021 11 06 01 56 18 23601.208  -696.032 39176.200  12.70  12.21   57  598.3 4152.43225 N 00119.94899 E 9 1 0 1
2021 11 06 01 56 19 23600.171  -695.587 39177.498  12.70  12.21   57  598.9 4152.43238 N 00119.94894 E 9 1 0 1
2021 11 06 01 56 20 23601.357  -696.372 39175.594  12.70  12.21   57  599.2 4152.43251 N 00119.94886 E 9 1 0 1
2021 11 06 01 56 21 23600.646  -696.106 39176.509  12.70  12.21   59  599.5 4152.43264 N 00119.94881 E 9 1 0 1
2021 11 06 01 56 22 23601.218  -696.441 39175.633  12.70  12.21   57  599.9 4152.43271 N 00119.94874 E 9 1 0 1
2021 11 06 01 56 23 23599.945  -695.747 39177.376  12.70  12.21   57  600.3 4152.43277 N 00119.94872 E 9 1 0 1
2021 11 06 01 56 24 23600.830  -696.398 39175.872  12.70  12.21   57  600.6 4152.43280 N 00119.94866 E 9 1 0 1
2021 11 06 01 56 25 23599.708  -695.785 39177.500  12.70  12.21   57  600.8 4152.43279 N 00119.94863 E 9 1 0 1
2021 11 06 01 56 26 23600.988  -696.621 39175.464  12.70  12.21   57  600.6 4152.43274 N 00119.94859 E 9 1 0 1
2021 11 06 01 56 27 23599.490  -695.770 39177.643  12.70  12.21   57  600.6 4152.43269 N 00119.94846 E 9 1 0 1
2021 11 06 01 56 28 23600.943  -696.647 39175.527  12.70  12.21   57  600.5 4152.43263 N 00119.94837 E 9 1 0 1
2021 11 06 01 56 29 23599.706  -696.008 39177.236  12.70  12.21   57  600.6 4152.43263 N 00119.94830 E 8 1 0 1
2021 11 06 01 56 30 23600.777  -696.650 39175.666  12.70  12.21   57  600.8 4152.43257 N 00119.94819 E 9 1 0 1
2021 11 06 01 56 31 23599.443  -695.848 39177.674  12.70  12.21   59  600.9 4152.43250 N 00119.94814 E 9 1 0 1
2021 11 06 01 56 32 23601.804  -697.229 39174.263  12.70  12.21   57  600.9 4152.43247 N 00119.94814 E 9 1 0 1
2021 11 06 01 56 33 23599.519  -695.955 39177.527  12.70  12.21   57  600.9 4152.43245 N 00119.94810 E 9 1 0 1
2021 11 06 01 56 34 23600.769  -696.712 39175.635  12.70  12.21   57  601.1 4152.43248 N 00119.94805 E 9 1 0 1
2021 11 06 01 56 35 23599.564  -695.998 39177.457  12.70  12.21   57  601.3 4152.43245 N 00119.94803 E 9 1 0 1
2021 11 06 01 56 36 23600.996  -696.831 39175.391  12.70  12.21   57  601.3 4152.43238 N 00119.94805 E 9 1 0 1
2021 11 06 01 56 37 23599.626  -696.032 39177.411  12.70  12.21   57  601.4 4152.43238 N 00119.94811 E 9 1 0 1
2021 11 06 01 56 38 23601.107  -696.920 39175.248  12.70  12.21   57  601.4 4152.43234 N 00119.94814 E 9 1 0 1
2021 11 06 01 56 39 23599.656  -696.087 39177.326  12.70  12.21   57  601.3 4152.43224 N 00119.94816 E 9 1 0 1
2021 11 06 01 56 40 23601.027  -696.872 39175.368  12.70  12.21   57  601.0 4152.43217 N 00119.94815 E 9 1 0 1
2021 11 06 01 56 41 23599.732  -696.167 39177.221  12.70  12.21   57  600.6 4152.43208 N 00119.94814 E 9 1 0 1
2021 11 06 01 56 42 23601.351  -697.059 39174.923  12.70  12.21   58  600.7 4152.43201 N 00119.94815 E 9 1 0 1
2021 11 06 01 56 43 23599.867  -695.981 39177.381  12.70  12.21   57  600.6 4152.43200 N 00119.94816 E 9 1 0 1
2021 11 06 01 56 44 23601.318  -696.625 39175.592  12.70  12.21   57  600.3 4152.43194 N 00119.94816 E 9 1 0 1
2021 11 06 01 56 45 23600.023  -695.880 39177.487  12.70  12.21   57  600.2 4152.43182 N 00119.94821 E 9 1 0 1
2021 11 06 01 56 46 23601.152  -696.599 39175.700  12.70  12.21   56  600.0 4152.43172 N 00119.94823 E 9 1 0 1
2021 11 06 01 56 47 23599.849  -695.853 39177.634  12.70  12.21   57  599.7 4152.43171 N 00119.94825 E 9 1 0 1
2021 11 06 01 56 48 23601.195  -696.699 39175.591  12.70  12.21   57  599.6 4152.43161 N 00119.94828 E 9 1 0 1
2021 11 06 01 56 49 23599.941  -695.991 39177.433  12.70  12.21   57  599.5 4152.43157 N 00119.94833 E 9 1 0 1
2021 11 06 01 56 50 23601.109  -696.632 39175.801  12.70  12.21   57  599.3 4152.43147 N 00119.94840 E 9 1 0 1
2021 11 06 01 56 51 23600.175  -696.018 39177.306  12.70  12.21   58  599.1 4152.43143 N 00119.94847 E 9 1 0 1
2021 11 06 01 56 52 23601.279  -696.660 39175.689  12.70  12.21   57  599.0 4152.43140 N 00119.94851 E 9 1 0 1
2021 11 06 01 56 53 23600.091  -695.932 39177.472  12.70  12.21   57  598.9 4152.43142 N 00119.94855 E 9 1 0 1
2021 11 06 01 56 54 23599.681  -695.691 39178.120  12.70  12.21   56  598.9 4152.43139 N 00119.94861 E 9 1 0 1
2021 11 06 01 56 55 23600.708  -696.339 39176.589  12.70  12.21   57  599.2 4152.43136 N 00119.94868 E 9 1 0 1
2021 11 06 01 56 56 23600.183  -696.077 39177.333  12.70  12.21   57  599.3 4152.43125 N 00119.94876 E 9 1 0 1
2021 11 06 01 56 57 23601.124  -696.629 39175.934  12.70  12.21   57  599.4 4152.43117 N 00119.94881 E 9 1 0 1
2021 11 06 01 56 58 23600.119  -696.128 39177.380  12.70  12.21   57  599.3 4152.43114 N 00119.94883 E 9 1 0 1
2021 11 06 01 56 59 23601.181  -696.809 39175.740  12.70  12.21   57  599.6 4152.43113 N 00119.94887 E 9 1 0 1
2021 11 06 01 57 00 23600.105  -696.158 39177.404  12.70  12.21   57  599.6 4152.43113 N 00119.94889 E 9 1 0 1
2021 11 06 01 57 01 23600.615  -696.543 39176.551  12.70  12.21   57  599.7 4152.43105 N 00119.94890 E 9 1 0 1
2021 11 06 01 57 02 23599.966  -696.116 39177.598  12.70  12.21   57  599.8 4152.43106 N 00119.94888 E 9 1 0 1
2021 11 06 01 57 03 23601.177  -696.838 39175.826  12.70  12.21   57  599.7 4152.43108 N 00119.94885 E 9 1 0 1
2021 11 06 01 57 04 23600.046  -696.129 39177.649  12.70  12.21   57  599.6 4152.43097 N 00119.94882 E 9 1 0 1
2021 11 06 01 57 05 23601.417  -696.905 39175.684  12.70  12.21   57  599.7 4152.43089 N 00119.94880 E 9 1 0 1
2021 11 06 01 57 06 23600.165  -696.189 39177.588  12.70  12.21   57  599.6 4152.43080 N 00119.94881 E 9 1 0 1
2021 11 06 01 57 07 23601.078  -696.730 39176.313  12.70  12.21   57  599.5 4152.43100 N 00119.94881 E 9 1 0 1
2021 11 06 01 57 08 23600.230  -696.210 39177.596  12.70  12.21   57  599.5 4152.43099 N 00119.94875 E 9 1 0 1
2021 11 06 01 57 09 23601.636  -697.069 39175.554  12.70  12.21   57  599.7 4152.43086 N 00119.94865 E 9 1 0 1
2021 11 06 01 57 10 23600.122  -696.249 39177.740  12.70  12.21   57  600.5 4152.43094 N 00119.94864 E 9 1 0 1
2021 11 06 01 57 11 23601.531  -697.104 39175.694  12.70  12.21   57  600.3 4152.43091 N 00119.94865 E 9 1 0 1
2021 11 06 01 57 12 23600.199  -696.305 39177.737  12.70  12.21   57  600.8 4152.43100 N 00119.94867 E 9 1 0 1
2021 11 06 01 57 13 23601.662  -697.224 39175.544  12.70  12.21   57  600.6 4152.43105 N 00119.94867 E 9 1 0 1
2021 11 06 01 57 14 23600.052  -696.329 39177.842  12.70  12.21   57  600.5 4152.43097 N 00119.94871 E 9 1 0 1
2021 11 06 01 57 15 23601.437  -697.232 39175.757  12.70  12.21   57  600.2 4152.43066 N 00119.94870 E 9 1 0 1
2021 11 06 01 57 16 23600.015  -696.431 39177.815  12.70  12.21   57  600.0 4152.43044 N 00119.94866 E 9 1 0 1
2021 11 06 01 57 17 23601.453  -697.344 39175.644  12.70  12.21   57  600.1 4152.43056 N 00119.94865 E 9 1 0 1
2021 11 06 01 57 18 23600.036  -696.552 39177.742  12.70  12.21   57  600.2 4152.43052 N 00119.94859 E 9 1 0 1
2021 11 06 01 57 19 23601.650  -697.540 39175.350  12.70  12.21   57  600.6 4152.43071 N 00119.94852 E 9 1 0 1
2021 11 06 01 57 20 23600.013  -696.626 39177.719  12.70  12.21   57  601.2 4152.43066 N 00119.94844 E 9 1 0 1
2021 11 06 01 57 21 23601.576  -697.612 39175.342  12.70  12.21   57  600.8 4152.43052 N 00119.94846 E 9 1 0 1
2021 11 06 01 57 22 23599.945  -696.671 39177.773  12.70  12.21   57  600.7 4152.43034 N 00119.94850 E 9 1 0 1
2021 11 06 01 57 23 23601.490  -697.620 39175.490  12.70  12.21   57  600.5 4152.43037 N 00119.94848 E 9 1 0 1
2021 11 06 01 57 24 23600.054  -696.813 39177.560  12.70  12.21   57  600.1 4152.43032 N 00119.94846 E 9 1 0 1
2021 11 06 01 57 25 23601.476  -697.716 39175.420  12.70  12.21   57  600.7 4152.43047 N 00119.94838 E 9 1 0 1
2021 11 06 01 57 26 23599.962  -696.867 39177.603  12.70  12.21   57  600.3 4152.43053 N 00119.94833 E 9 1 0 1
2021 11 06 01 57 27 23601.287  -697.634 39175.692  12.70  12.21   57  600.4 4152.43054 N 00119.94833 E 9 1 0 1
2021 11 06 01 57 28 23600.087  -696.862 39177.565  12.70  12.21   57  600.4 4152.43063 N 00119.94832 E 9 1 0 1
2021 11 06 01 57 29 23601.412  -697.679 39175.592  12.70  12.21   57  599.5 4152.43043 N 00119.94838 E 9 1 0 1
2021 11 06 01 57 30 23600.113  -696.960 39177.499  12.70  12.21   57  598.9 4152.43031 N 00119.94844 E 9 1 0 1
2021 11 06 01 57 31 23599.634  -696.675 39178.197  12.70  12.21   57  598.9 4152.43041 N 00119.94844 E 9 1 0 1
2021 11 06 01 57 32 23599.388  -696.525 39178.639  12.70  12.21   57  598.3 4152.43049 N 00119.94842 E 9 1 0 1
2021 11 06 01 57 33 23601.363  -697.714 39175.701  12.70  12.21   57  597.6 4152.43053 N 00119.94841 E 9 1 0 1
2021 11 06 01 57 34 23599.994  -697.017 39177.580  12.70  12.21   57  597.4 4152.43060 N 00119.94840 E 9 1 0 1
2021 11 06 01 57 35 23601.380  -697.709 39175.732  12.70  12.21   57  597.3 4152.43054 N 00119.94844 E 9 1 0 1
2021 11 06 01 57 36 23601.685  -697.940 39175.298  12.70  12.21   57  597.3 4152.43047 N 00119.94850 E 9 1 0 1
2021 11 06 01 57 37 23600.376  -697.127 39177.350  12.70  12.21   57  597.2 4152.43049 N 00119.94852 E 9 1 0 1
2021 11 06 01 57 38 23601.472  -697.745 39175.823  12.70  12.21   57  596.8 4152.43026 N 00119.94852 E 9 1 0 1
2021 11 06 01 57 39 23600.435  -697.197 39177.343  12.70  12.21   58  596.6 4152.43022 N 00119.94851 E 9 1 0 1
2021 11 06 01 57 40 23601.439  -697.860 39175.800  12.70  12.21   57  596.6 4152.43041 N 00119.94850 E 9 1 0 1
2021 11 06 01 57 41 23600.357  -697.298 39177.316  12.70  12.21   57  596.2 4152.43023 N 00119.94847 E 9 1 0 1
2021 11 06 01 57 42 23601.365  -697.907 39175.843  12.70  12.21   57  596.5 4152.43046 N 00119.94843 E 9 1 0 1
2021 11 06 01 57 43 23600.435  -697.304 39177.355  12.70  12.21   57  596.8 4152.43089 N 00119.94837 E 9 1 0 1
2021 11 06 01 57 44 23601.554  -697.969 39175.688  12.70  12.21   57  596.9 4152.43113 N 00119.94831 E 9 1 0 1
2021 11 06 01 57 45 23600.144  -697.259 39177.575  12.70  12.21   57  597.1 4152.43131 N 00119.94828 E 9 1 0 1
2021 11 06 01 57 46 23601.708  -697.674 39175.969  12.70  12.21   57  597.1 4152.43137 N 00119.94826 E 9 1 0 1
2021 11 06 01 57 47 23601.052  -696.565 39177.960  12.70  12.21   57  597.0 4152.43151 N 00119.94826 E 9 1 0 1
2021 11 06 01 57 48 23602.584  -697.080 39176.253  12.70  12.21   57  596.9 4152.43146 N 00119.94833 E 9 1 0 1
2021 11 06 01 57 49 23601.289  -696.390 39178.043  12.70  12.21   57  596.9 4152.43123 N 00119.94833 E 9 1 0 1
2021 11 06 01 57 50 23602.480  -697.171 39176.135  12.70  12.21   57  597.5 4152.43119 N 00119.94836 E 9 1 0 1
2021 11 06 01 57 51 23601.076  -696.442 39178.050  12.70  12.21   57  597.8 4152.43152 N 00119.94840 E 9 1 0 1
2021 11 06 01 57 52 23602.095  -697.105 39176.370  12.70  12.21   57  598.1 4152.43172 N 00119.94840 E 9 1 0 1
2021 11 06 01 57 53 23600.872  -696.263 39178.316  12.70  12.21   57  597.9 4152.43162 N 00119.94842 E 9 1 0 1
2021 11 06 01 57 54 23602.408  -697.003 39176.184  12.70  12.21   57  597.9 4152.43157 N 00119.94838 E 9 1 0 1
2021 11 06 01 57 55 23600.908  -696.215 39178.195  12.70  12.21   57  597.7 4152.43157 N 00119.94840 E 9 1 0 1
2021 11 06 01 57 56 23602.287  -697.087 39176.016  12.70  12.21   57  597.9 4152.43165 N 00119.94838 E 9 1 0 1
2021 11 06 01 57 57 23600.626  -696.209 39178.217  12.70  12.21   57  597.8 4152.43164 N 00119.94836 E 9 1 0 1
2021 11 06 01 57 58 23602.031  -697.090 39176.018  12.70  12.21   57  598.2 4152.43161 N 00119.94828 E 9 1 0 1
2021 11 06 01 57 59 23600.652  -696.181 39178.146  12.70  12.21   57  598.7 4152.43160 N 00119.94818 E 9 1 0 1
2021 11 06 01 58 00 23602.173  -697.004 39175.952  12.70  12.21   57  598.6 4152.43149 N 00119.94813 E 9 1 0 1
2021 11 06 01 58 01 23600.341  -695.910 39178.634  12.70  12.21   57  598.5 4152.43129 N 00119.94814 E 9 1 0 1
2021 11 06 01 58 02 23601.980  -697.042 39175.916  12.70  12.21   57  598.9 4152.43133 N 00119.94819 E 9 1 0 1
2021 11 06 01 58 03 23600.382  -696.189 39178.129  12.70  12.21   57  598.8 4152.43147 N 00119.94818 E 9 1 0 1
2021 11 06 01 58 04 23601.808  -697.096 39175.864  12.70  12.21   56  598.6 4152.43168 N 00119.94820 E 9 1 0 1
2021 11 06 01 58 05 23600.183  -696.190 39178.166  12.70  12.21   57  598.7 4152.43195 N 00119.94819 E 9 1 0 1
2021 11 06 01 58 06 23601.662  -697.133 39175.859  12.70  12.21   57  598.8 4152.43227 N 00119.94815 E 9 1 0 1
2021 11 06 01 58 07 23600.226  -696.363 39177.859  12.70  12.21   57  598.8 4152.43239 N 00119.94820 E 9 1 0 1
2021 11 06 01 58 08 23601.468  -697.165 39175.846  12.70  12.21   57  598.7 4152.43270 N 00119.94823 E 9 1 0 1
2021 11 06 01 58 09 23600.052  -696.380 39177.917  12.70  12.21   57  598.7 4152.43278 N 00119.94820 E 9 1 0 1
2021 11 06 01 58 10 23601.384  -697.204 39175.819  12.70  12.21   57  598.7 4152.43301 N 00119.94817 E 9 1 0 1
2021 11 06 01 58 11 23600.144  -696.318 39177.870  12.70  12.21   57  598.9 4152.43310 N 00119.94820 E 9 1 0 1
2021 11 06 01 58 12 23601.330  -697.109 39175.943  12.70  12.21   57  599.3 4152.43312 N 00119.94827 E 9 1 0 1
2021 11 06 01 58 13 23600.109  -696.377 39177.784  12.70  12.21   57  599.4 4152.43322 N 00119.94830 E 9 1 0 1
2021 11 06 01 58 14 23601.402  -697.146 39175.846  12.70  12.21   57  599.6 4152.43324 N 00119.94835 E 9 1 0 1
2021 11 06 01 58 15 23600.093  -696.355 39177.811  12.70  12.21   57  599.3 4152.43324 N 00119.94828 E 9 1 0 1
2021 11 06 01 58 16 23601.376  -697.039 39175.978  12.70  12.21   57  599.9 4152.43329 N 00119.94812 E 9 1 0 1
2021 11 06 01 58 17 23600.244  -696.323 39177.726  12.70  12.21   57  599.0 4152.43313 N 00119.94824 E 9 1 0 1
2021 11 06 01 58 18 23601.259  -696.935 39176.203  12.70  12.21   57  599.1 4152.43330 N 00119.94832 E 9 1 0 1
2021 11 06 01 58 19 23601.818  -697.251 39175.408  12.70  12.21   57  598.1 4152.43314 N 00119.94848 E 9 1 0 1
2021 11 06 01 58 20 23600.292  -696.350 39177.692  12.70  12.21   57  597.6 4152.43326 N 00119.94860 E 9 1 0 1
2021 11 06 01 58 21 23601.453  -697.030 39176.021  12.70  12.21   57  597.8 4152.43320 N 00119.94850 E 9 1 0 1
2021 11 06 01 58 22 23600.386  -696.398 39177.630  12.70  12.21   57  598.2 4152.43328 N 00119.94846 E 9 1 0 1
2021 11 06 01 58 23 23601.287  -696.883 39176.386  12.70  12.21   56  598.4 4152.43321 N 00119.94845 E 9 1 0 1
2021 11 06 01 58 24 23600.376  -696.340 39177.774  12.70  12.21   57  598.8 4152.43333 N 00119.94847 E 9 1 0 1
2021 11 06 01 58 25 23601.464  -697.063 39176.135  12.70  12.21   57  599.0 4152.43355 N 00119.94851 E 9 1 0 1
2021 11 06 01 58 26 23600.273  -696.363 39177.926  12.70  12.21   57  598.8 4152.43373 N 00119.94863 E 9 1 0 1
2021 11 06 01 58 27 23601.523  -697.062 39176.178  12.70  12.21   57  598.5 4152.43386 N 00119.94866 E 9 1 0 1
2021 11 06 01 58 28 23600.429  -696.414 39177.810  12.70  12.21   57  598.4 4152.43396 N 00119.94880 E 9 1 0 1
2021 11 06 01 58 29 23601.667  -697.142 39176.027  12.70  12.21   57  597.5 4152.43404 N 00119.94901 E 9 1 0 1
2021 11 06 01 58 30 23600.482  -696.449 39177.799  12.70  12.21   57  597.1 4152.43391 N 00119.94913 E 9 1 0 1
2021 11 06 01 58 31 23601.435  -697.080 39176.346  12.70  12.21   57  597.6 4152.43382 N 00119.94910 E 9 1 0 1
2021 11 06 01 58 32 23599.378  -695.877 39179.412  12.70  12.21   57  597.7 4152.43375 N 00119.94921 E 9 1 0 1
2021 11 06 01 58 33 23602.175  -697.576 39175.225  12.70  12.21   57  598.1 4152.43383 N 00119.94930 E 9 1 0 1
2021 11 06 01 58 34 23600.423  -696.556 39177.807  12.70  12.21   57  598.5 4152.43400 N 00119.94936 E 9 1 0 1
2021 11 06 01 58 35 23601.546  -697.175 39176.226  12.70  12.21   57  598.1 4152.43413 N 00119.94954 E 9 1 0 1
2021 11 06 01 58 36 23600.277  -696.466 39178.040  12.70  12.21   57  598.8 4152.43444 N 00119.94953 E 9 1 0 1
2021 11 06 01 58 37 23601.755  -697.325 39175.924  12.70  12.21   57  598.0 4152.43457 N 00119.94969 E 9 1 0 1
2021 11 06 01 58 38 23600.378  -696.519 39177.982  12.70  12.21   57  597.9 4152.43476 N 00119.94978 E 9 1 0 1
2021 11 06 01 58 39 23601.431  -697.218 39176.327  12.70  12.21   57  596.7 4152.43475 N 00119.94993 E 9 1 0 1
2021 11 06 01 58 40 23600.343  -696.544 39177.990  12.70  12.21   57  595.2 4152.43453 N 00119.95020 E 9 1 0 1
2021 11 06 01 58 41 23601.876  -697.434 39175.785  12.70  12.21   57  594.4 4152.43430 N 00119.95045 E 9 1 0 1
2021 11 06 01 58 42 23600.238  -696.465 39178.239  12.70  12.21   57  595.0 4152.43423 N 00119.95044 E 9 1 0 1
2021 11 06 01 58 43 23601.867  -697.428 39175.863  12.70  12.21   56  595.2 4152.43439 N 00119.95049 E 9 1 0 1
2021 11 06 01 58 44 23600.476  -696.643 39177.859  12.70  12.21   57  594.8 4152.43435 N 00119.95064 E 9 1 0 1
2021 11 06 01 58 45 23602.031  -697.508 39175.607  12.70  12.21   57  594.6 4152.43430 N 00119.95071 E 9 1 0 1
2021 11 06 01 58 46 23600.464  -696.583 39177.956  12.70  12.21   57  593.6 4152.43395 N 00119.95090 E 9 1 0 1
2021 11 06 01 58 47 23601.896  -697.388 39175.933  12.70  12.21   57  593.4 4152.43410 N 00119.95092 E 9 1 0 1
2021 11 06 01 58 48 23600.400  -696.523 39178.158  12.70  12.21   57  594.0 4152.43422 N 00119.95088 E 9 1 0 1
2021 11 06 01 58 49 23602.048  -697.483 39175.708  12.70  12.21   57  593.2 4152.43435 N 00119.95106 E 9 1 0 1
2021 11 06 01 58 50 23600.650  -696.645 39177.809  12.70  12.21   57  593.4 4152.43455 N 00119.95112 E 9 1 0 1
2021 11 06 01 58 51 23602.050  -697.528 39175.666  12.70  12.21   57  592.9 4152.43460 N 00119.95116 E 8 1 0 1
2021 11 06 01 58 52 23600.533  -696.669 39177.817  12.70  12.21   57  593.1 4152.43464 N 00119.95113 E 9 1 0 1
2021 11 06 01 58 53 23601.921  -697.499 39175.758  12.70  12.21   57  592.6 4152.43454 N 00119.95125 E 8 1 0 1
2021 11 06 01 58 54 23600.447  -696.626 39177.960  12.70  12.21   57  592.9 4152.43465 N 00119.95120 E 8 1 0 1
2021 11 06 01 58 55 23601.830  -697.451 39175.859  12.70  12.21   57  592.8 4152.43463 N 00119.95123 E 9 1 0 1
2021 11 06 01 58 56 23600.622  -696.703 39177.728  12.70  12.21   57  593.4 4152.43463 N 00119.95116 E 9 1 0 1
2021 11 06 01 58 57 23601.814  -697.444 39175.905  12.70  12.21   57  593.2 4152.43456 N 00119.95127 E 9 1 0 1
2021 11 06 01 58 58 23600.581  -696.762 39177.716  12.70  12.21   57  592.7 4152.43453 N 00119.95147 E 9 1 0 1
2021 11 06 01 58 59 23601.798  -697.516 39175.875  12.70  12.21   57  593.3 4152.43432 N 00119.95125 E 9 1 0 1
2021 11 06 01 59 00 23600.695  -696.821 39177.592  12.70  12.21   57  593.1 4152.43430 N 00119.95118 E 9 1 0 1
2021 11 06 01 59 01 23601.863  -697.482 39175.914  12.70  12.21   57  593.3 4152.43411 N 00119.95110 E 9 1 0 1
2021 11 06 01 59 02 23599.835  -696.246 39178.906  12.70  12.21   57  593.2 4152.43409 N 00119.95121 E 9 1 0 1
2021 11 06 01 59 03 23602.357  -697.687 39175.290  12.70  12.21   57  593.2 4152.43414 N 00119.95129 E 9 1 0 1
2021 11 06 01 59 04 23602.421  -697.769 39175.127  12.70  12.21   57  593.2 4152.43406 N 00119.95127 E 9 1 0 1
2021 11 06 01 59 05 23600.736  -696.796 39177.585  12.70  12.21   57  592.9 4152.43397 N 00119.95127 E 9 1 0 1
2021 11 06 01 59 06 23601.781  -697.385 39176.018  12.70  12.21   57  593.1 4152.43380 N 00119.95118 E 9 1 0 1
2021 11 06 01 59 07 23600.732  -696.709 39177.654  12.70  12.21   57  592.8 4152.43356 N 00119.95109 E 9 1 0 1
2021 11 06 01 59 08 23601.949  -697.420 39175.863  12.70  12.21   57  592.7 4152.43339 N 00119.95096 E 9 1 0 1
2021 11 06 01 59 09 23600.724  -696.795 39177.487  12.70  12.21   57  592.1 4152.43334 N 00119.95106 E 9 1 0 1
2021 11 06 01 59 10 23601.849  -697.534 39175.688  12.70  12.21   57  592.2 4152.43342 N 00119.95111 E 9 1 0 1
2021 11 06 01 59 11 23600.593  -696.853 39177.447  12.70  12.21   57  591.7 4152.43344 N 00119.95119 E 9 1 0 1
2021 11 06 01 59 12 23601.769  -697.508 39175.749  12.70  12.21   57  591.5 4152.43329 N 00119.95112 E 9 1 0 1
2021 11 06 01 59 13 23600.441  -696.781 39177.684  12.70  12.21   56  591.6 4152.43305 N 00119.95103 E 9 1 0 1
2021 11 06 01 59 14 23601.691  -697.552 39175.796  12.70  12.21   57  591.7 4152.43297 N 00119.95099 E 9 1 0 1
2021 11 06 01 59 15 23600.597  -696.898 39177.467  12.70  12.21   57  591.9 4152.43284 N 00119.95091 E 9 1 0 1
2021 11 06 01 59 16 23601.753  -697.605 39175.746  12.70  12.21   57  591.8 4152.43270 N 00119.95084 E 9 1 0 1
2021 11 06 01 59 17 23600.523  -696.891 39177.560  12.70  12.21   57  591.6 4152.43255 N 00119.95080 E 9 1 0 1
2021 11 06 01 59 18 23601.619  -697.532 39175.983  12.70  12.21   57  592.0 4152.43253 N 00119.95074 E 9 1 0 1
2021 11 06 01 59 19 23600.540  -696.939 39177.568  12.70  12.21   57  592.0 4152.43253 N 00119.95077 E 9 1 0 1
2021 11 06 01 59 20 23602.099  -697.883 39175.309  12.70  12.21   57  592.7 4152.43264 N 00119.95070 E 9 1 0 1
2021 11 06 01 59 21 23600.503  -696.940 39177.666  12.70  12.21   57  592.9 4152.43258 N 00119.95065 E 9 1 0 1
2021 11 06 01 59 22 23601.865  -697.771 39175.642  12.69  12.21   57  592.9 4152.43253 N 00119.95062 E 9 1 0 1
2021 11 06 01 59 23 23600.392  -697.007 39177.728  12.69  12.21   57  593.5 4152.43255 N 00119.95057 E 9 1 0 1
2021 11 06 01 59 24 23602.134  -697.870 39175.446  12.69  12.21   57  593.8 4152.43249 N 00119.95051 E 9 1 0 1
2021 11 06 01 59 25 23600.583  -697.033 39177.667  12.69  12.21   57  594.2 4152.43248 N 00119.95049 E 9 1 0 1
2021 11 06 01 59 26 23602.082  -697.910 39175.450  12.69  12.21   57  594.3 4152.43241 N 00119.95045 E 9 1 0 1
2021 11 06 01 59 27 23600.646  -696.998 39177.734  12.69  12.21   57  594.8 4152.43240 N 00119.95035 E 9 1 0 1
2021 11 06 01 59 28 23602.255  -698.005 39175.307  12.69  12.21   57  594.1 4152.43223 N 00119.95032 E 9 1 0 1
2021 11 06 01 59 29 23600.689  -697.073 39177.660  12.69  12.21   57  594.3 4152.43217 N 00119.95023 E 9 1 0 1
2021 11 06 01 59 30 23602.261  -697.986 39175.389  12.69  12.21   57  594.5 4152.43213 N 00119.95015 E 9 1 0 1
2021 11 06 01 59 31 23600.896  -697.179 39177.455  12.69  12.21   57  594.5 4152.43209 N 00119.95007 E 9 1 0 1
2021 11 06 01 59 32 23600.370  -696.849 39178.235  12.69  12.21   57  594.4 4152.43202 N 00119.95006 E 9 1 0 1
2021 11 06 01 59 33 23599.962  -696.676 39178.765  12.69  12.21   56  594.2 4152.43202 N 00119.95011 E 9 1 0 1
2021 11 06 01 59 34 23602.072  -697.944 39175.622  12.69  12.21   57  594.2 4152.43198 N 00119.95010 E 9 1 0 1
2021 11 06 01 59 35 23600.910  -697.232 39177.413  12.69  12.21   57  593.9 4152.43187 N 00119.95008 E 9 1 0 1
2021 11 06 01 59 36 23602.349  -697.942 39175.522  12.70  12.21   57  593.6 4152.43178 N 00119.95008 E 9 1 0 1
2021 11 06 01 59 37 23601.164  -697.038 39177.617  12.69  12.21   57  593.6 4152.43174 N 00119.95008 E 9 1 0 1
2021 11 06 01 59 38 23602.453  -697.704 39175.896  12.69  12.21   57  593.3 4152.43170 N 00119.95010 E 9 1 0 1
2021 11 06 01 59 39 23601.251  -696.974 39177.769  12.69  12.21   57  593.4 4152.43157 N 00119.95007 E 9 1 0 1
2021 11 06 01 59 40 23602.513  -697.700 39175.948  12.69  12.21   57  593.3 4152.43164 N 00119.95018 E 9 1 0 1
2021 11 06 01 59 41 23601.455  -697.071 39177.576  12.69  12.21   57  593.0 4152.43163 N 00119.95023 E 9 1 0 1
2021 11 06 01 59 42 23602.548  -697.710 39175.983  12.69  12.21   57  592.6 4152.43161 N 00119.95028 E 9 1 0 1
2021 11 06 01 59 43 23601.423  -697.039 39177.689  12.69  12.21   57  592.3 4152.43154 N 00119.95033 E 9 1 0 1
2021 11 06 01 59 44 23602.501  -697.701 39176.069  12.69  12.21   56  592.2 4152.43153 N 00119.95033 E 9 1 0 1
2021 11 06 01 59 45 23602.904  -697.897 39175.612  12.69  12.21   57  592.1 4152.43150 N 00119.95033 E 9 1 0 1
2021 11 06 01 59 46 23601.492  -697.093 39177.678  12.69  12.21   57  591.4 4152.43156 N 00119.95046 E 9 1 0 1
2021 11 06 01 59 47 23602.312  -697.522 39176.543  12.69  12.21   57  591.0 4152.43168 N 00119.95053 E 9 1 0 1
2021 11 06 01 59 48 23601.583  -697.180 39177.578  12.69  12.21   57  591.3 4152.43174 N 00119.95046 E 9 1 0 1
2021 11 06 01 59 49 23602.968  -697.553 39176.184  12.69  12.21   57  591.5 4152.43188 N 00119.95034 E 9 1 0 1
2021 11 06 01 59 50 23602.203  -696.678 39177.985  12.69  12.21   57  591.3 4152.43200 N 00119.95043 E 9 1 0 1
2021 11 06 01 59 51 23603.509  -697.292 39176.351  12.69  12.21   58  591.4 4152.43207 N 00119.95040 E 9 1 0 1
2021 11 06 01 59 52 23602.449  -696.583 39178.139  12.69  12.21   57  591.1 4152.43232 N 00119.95052 E 9 1 0 1
2021 11 06 01 59 53 23603.695  -697.307 39176.395  12.69  12.21   57  590.9 4152.43249 N 00119.95064 E 9 1 0 1
2021 11 06 01 59 54 23602.562  -696.604 39178.222  12.69  12.21   57  590.5 4152.43254 N 00119.95064 E 9 1 0 1
2021 11 06 01 59 55 23603.884  -697.396 39176.288  12.69  12.21   57  590.6 4152.43250 N 00119.95059 E 9 1 0 1
2021 11 06 01 59 56 23602.509  -696.535 39178.522  12.69  12.21   57  590.4 4152.43250 N 00119.95057 E 9 1 0 1
2021 11 06 01 59 57 23603.873  -697.359 39176.569  12.69  12.21   56  590.4 4152.43254 N 00119.95057 E 9 1 0 1
2021 11 06 01 59 58 23602.710  -696.670 39178.411  12.69  12.21   57  590.0 4152.43275 N 00119.95069 E 9 1 0 1
2021 11 06 01 59 59 23603.781  -697.583 39176.495  12.69  12.21   57  589.4 4152.43291 N 00119.95077 E 9 1 0 1
2021 11 06 02 00 00 23602.398  -696.989 39178.239  12.69  12.21   57  589.4 4152.43297 N 00119.95069 E 9 1 0 1
2021 11 06 02 00 01 23604.404  -697.483 39176.355  12.69  12.21   57  590.3 4152.43280 N 00119.95054 E 9 1 0 1
2021 11 06 02 00 02 23602.683  -696.127 39179.477  12.69  12.21   57  589.6 4152.43276 N 00119.95066 E 9 1 0 1
2021 11 06 02 00 03 23604.343  -697.292 39176.790  12.69  12.21   56  589.7 4152.43276 N 00119.95054 E 9 1 0 1
2021 11 06 02 00 04 23602.890  -696.578 39178.845  12.69  12.21   57  589.5 4152.43267 N 00119.95053 E 9 1 0 1
2021 11 06 02 00 05 23604.691  -697.711 39176.167  12.69  12.21   57  589.6 4152.43260 N 00119.95042 E 9 1 0 1
2021 11 06 02 00 06 23602.955  -696.725 39178.761  12.69  12.21   57  589.6 4152.43248 N 00119.95040 E 9 1 0 1
2021 11 06 02 00 07 23604.408  -697.630 39176.633  12.69  12.21   57  589.4 4152.43251 N 00119.95038 E 9 1 0 1
2021 11 06 02 00 08 23602.869  -696.772 39178.870  12.69  12.21   57  589.5 4152.43253 N 00119.95039 E 9 1 0 1
2021 11 06 02 00 09 23604.500  -697.802 39176.428  12.69  12.21   57  589.6 4152.43246 N 00119.95042 E 9 1 0 1
2021 11 06 02 00 10 23602.919  -696.952 39178.739  12.69  12.21   57  589.5 4152.43251 N 00119.95040 E 9 1 0 1
2021 11 06 02 00 11 23604.589  -697.883 39176.413  12.69  12.21   58  589.6 4152.43247 N 00119.95038 E 9 1 0 1
2021 11 06 02 00 12 23602.906  -696.994 39178.797  12.69  12.21   57  589.5 4152.43242 N 00119.95028 E 9 1 0 1
2021 11 06 02 00 13 23604.357  -697.915 39176.623  12.69  12.21   57  589.8 4152.43245 N 00119.95022 E 9 1 0 1
2021 11 06 02 00 14 23602.951  -697.037 39178.806  12.69  12.21   57  589.8 4152.43245 N 00119.95026 E 9 1 0 1
2021 11 06 02 00 15 23604.302  -697.932 39176.744  12.69  12.21   57  589.9 4152.43236 N 00119.95028 E 9 1 0 1
2021 11 06 02 00 16 23602.853  -697.132 39178.841  12.69  12.21   56  589.8 4152.43241 N 00119.95036 E 8 1 0 1
2021 11 06 02 00 17 23604.334  -698.040 39176.666  12.69  12.21   57  589.7 4152.43242 N 00119.95039 E 9 1 0 1
2021 11 06 02 00 18 23602.992  -697.238 39178.745  12.69  12.21   57  589.6 4152.43242 N 00119.95030 E 8 1 0 1
2021 11 06 02 00 19 23604.365  -698.095 39176.694  12.69  12.21   57  589.6 4152.43241 N 00119.95026 E 9 1 0 1
2021 11 06 02 00 20 23603.013  -697.297 39178.761  12.69  12.21   57  589.4 4152.43235 N 00119.95024 E 8 1 0 1
2021 11 06 02 00 21 23604.478  -698.119 39176.688  12.69  12.21   58  589.1 4152.43240 N 00119.95022 E 8 1 0 1
2021 11 06 02 00 22 23603.181  -697.285 39178.774  12.69  12.21   57  588.9 4152.43233 N 00119.95018 E 8 1 0 1
2021 11 06 02 00 23 23604.453  -698.017 39176.952  12.69  12.21   56  589.1 4152.43219 N 00119.95023 E 9 1 0 1
2021 11 06 02 00 24 23603.207  -697.393 39178.693  12.69  12.21   57  589.3 4152.43209 N 00119.95013 E 9 1 0 1
2021 11 06 02 00 25 23604.439  -698.183 39176.864  12.69  12.21   57  589.5 4152.43185 N 00119.95011 E 9 1 0 1
2021 11 06 02 00 26 23603.105  -697.447 39178.794  12.69  12.21   57  589.5 4152.43173 N 00119.95007 E 9 1 0 1
2021 11 06 02 00 27 23604.400  -698.198 39176.965  12.69  12.21   57  589.6 4152.43134 N 00119.95015 E 9 1 0 1
2021 11 06 02 00 28 23604.857  -698.539 39176.228  12.69  12.21   57  589.4 4152.43124 N 00119.95019 E 9 1 0 1
2021 11 06 02 00 29 23603.377  -697.683 39178.509  12.69  12.21   57  589.0 4152.43125 N 00119.95018 E 9 1 0 1
2021 11 06 02 00 30 23604.504  -698.317 39176.935  12.69  12.21   57  589.0 4152.43090 N 00119.95029 E 9 1 0 1
2021 11 06 02 00 31 23603.502  -697.758 39178.533  12.69  12.21   57  588.8 4152.43066 N 00119.95029 E 9 1 0 1
2021 11 06 02 00 32 23604.326  -698.314 39177.317  12.69  12.21   57  588.9 4152.43043 N 00119.95031 E 9 1 0 1
2021 11 06 02 00 33 23602.503  -697.197 39180.124  12.69  12.21   57  588.7 4152.43036 N 00119.95031 E 9 1 0 1
2021 11 06 02 00 34 23605.068  -698.778 39176.325  12.69  12.21   57  588.8 4152.43025 N 00119.95035 E 9 1 0 1
2021 11 06 02 00 35 23603.099  -697.635 39179.256  12.69  12.21   57  589.0 4152.43019 N 00119.95038 E 9 1 0 1
2021 11 06 02 00 36 23604.754  -698.599 39176.896  12.69  12.21   57  588.8 4152.43025 N 00119.95032 E 9 1 0 1
2021 11 06 02 00 37 23603.435  -697.844 39178.830  12.69  12.21   57  588.5 4152.43022 N 00119.95023 E 9 1 0 1
2021 11 06 02 00 38 23604.722  -698.605 39176.978  12.69  12.21   57  588.7 4152.43006 N 00119.95023 E 9 1 0 1
2021 11 06 02 00 39 23603.457  -697.847 39178.858  12.69  12.21   57  588.7 4152.42998 N 00119.95023 E 8 1 0 1
2021 11 06 02 00 40 23604.654  -698.518 39177.063  12.69  12.21   57  588.8 4152.42993 N 00119.95023 E 9 1 0 1
2021 11 06 02 00 41 23603.339  -697.768 39179.009  12.69  12.21   57  589.2 4152.42994 N 00119.95025 E 9 1 0 1
2021 11 06 02 00 42 23604.763  -698.581 39176.927  12.69  12.21   57  589.3 4152.42993 N 00119.95026 E 9 1 0 1
2021 11 06 02 00 43 23603.310  -697.770 39179.009  12.69  12.21   57  589.2 4152.42990 N 00119.95022 E 9 1 0 1
2021 11 06 02 00 44 23604.759  -698.585 39176.888  12.69  12.21   57  589.2 4152.42982 N 00119.95021 E 9 1 0 1
2021 11 06 02 00 45 23603.392  -697.801 39178.904  12.69  12.21   57  589.2 4152.42974 N 00119.95025 E 9 1 0 1
2021 11 06 02 00 46 23604.800  -698.628 39176.869  12.69  12.21   57  589.4 4152.42994 N 00119.95028 E 9 1 0 1
2021 11 06 02 00 47 23603.343  -697.724 39179.095  12.69  12.21   57  589.4 4152.42999 N 00119.95028 E 9 1 0 1
2021 11 06 02 00 48 23604.873  -698.625 39176.854  12.69  12.21   57  589.4 4152.43007 N 00119.95030 E 9 1 0 1
2021 11 06 02 00 49 23603.250  -697.658 39179.261  12.69  12.21   57  588.9 4152.43003 N 00119.95025 E 9 1 0 1
2021 11 06 02 00 50 23604.777  -698.496 39177.040  12.69  12.21   57  588.5 4152.42997 N 00119.95020 E 9 1 0 1
2021 11 06 02 00 51 23603.293  -697.677 39179.164  12.69  12.21   57  588.3 4152.42991 N 00119.95019 E 9 1 0 1
2021 11 06 02 00 52 23604.935  -698.631 39176.761  12.69  12.21   57  588.5 4152.43004 N 00119.95021 E 9 1 0 1
2021 11 06 02 00 53 23603.173  -697.588 39179.292  12.69  12.21   57  588.6 4152.43010 N 00119.95018 E 9 1 0 1
2021 11 06 02 00 54 23605.146  -698.710 39176.404  12.69  12.21   58  588.8 4152.43024 N 00119.95022 E 9 1 0 1
2021 11 06 02 00 55 23603.437  -697.750 39178.802  12.69  12.21   57  588.4 4152.43017 N 00119.95025 E 9 1 0 1
2021 11 06 02 00 56 23604.591  -698.382 39177.053  12.69  12.21   57  588.3 4152.43022 N 00119.95034 E 9 1 0 1
2021 11 06 02 00 57 23603.000  -697.462 39179.266  12.69  12.21   57  588.5 4152.43025 N 00119.95032 E 9 1 0 1
2021 11 06 02 00 58 23604.445  -698.290 39177.161  12.69  12.21   57  589.0 4152.43033 N 00119.95029 E 9 1 0 1
2021 11 06 02 00 59 23603.392  -697.253 39179.252  12.69  12.21   57  588.9 4152.43027 N 00119.95028 E 9 1 0 1
2021 11 06 02 01 00 23604.853  -697.978 39177.260  12.69  12.21   57  589.3 4152.43022 N 00119.95024 E 9 1 0 1
2021 11 06 02 01 01 23603.656  -697.396 39178.860  12.69  12.21   58  589.4 4152.42997 N 00119.95008 E 9 1 0 1
2021 11 06 02 01 02 23604.957  -698.251 39176.809  12.69  12.21   57  589.5 4152.42995 N 00119.95010 E 9 1 0 1
2021 11 06 02 01 03 23602.177  -696.771 39180.587  12.69  12.21   57  589.3 4152.42998 N 00119.95018 E 9 1 0 1
2021 11 06 02 01 04 23604.724  -698.385 39176.605  12.69  12.21   57  589.5 4152.43001 N 00119.95017 E 9 1 0 1
2021 11 06 02 01 05 23602.861  -697.460 39179.081  12.69  12.21   57  589.7 4152.43015 N 00119.95021 E 9 1 0 1
2021 11 06 02 01 06 23603.724  -698.124 39177.538  12.69  12.21   57  589.8 4152.43016 N 00119.95014 E 9 1 0 1
2021 11 06 02 01 07 23602.689  -697.611 39178.870  12.69  12.21   57  589.7 4152.43013 N 00119.95014 E 9 1 0 1
2021 11 06 02 01 08 23603.937  -698.353 39176.986  12.69  12.21   57  589.9 4152.43019 N 00119.95010 E 9 1 0 1
2021 11 06 02 01 09 23602.601  -697.549 39178.912  12.69  12.21   57  590.2 4152.43023 N 00119.95004 E 9 1 0 1
2021 11 06 02 01 10 23602.011  -697.213 39179.675  12.69  12.21   57  590.4 4152.43020 N 00119.95000 E 9 1 0 1
2021 11 06 02 01 11 23603.652  -698.179 39177.248  12.69  12.21   58  590.2 4152.43006 N 00119.94998 E 9 1 0 1
2021 11 06 02 01 12 23603.127  -697.845 39178.074  12.69  12.21   58  590.5 4152.43004 N 00119.94988 E 8 1 0 1
2021 11 06 02 01 13 23604.060  -698.357 39176.627  12.69  12.21   57  590.8 4152.43016 N 00119.94986 E 7 1 0 1
2021 11 06 02 01 14 23602.751  -697.527 39178.593  12.69  12.21   57  590.6 4152.43003 N 00119.94973 E 8 1 0 1
2021 11 06 02 01 15 23603.605  -698.035 39177.259  12.69  12.21   56  590.7 4152.43005 N 00119.94966 E 8 1 0 1
2021 11 06 02 01 16 23602.685  -697.527 39178.538  12.69  12.21   58  590.4 4152.43008 N 00119.94959 E 8 1 0 1
2021 11 06 02 01 17 23603.734  -698.107 39176.948  12.69  12.21   57  590.4 4152.43020 N 00119.94957 E 8 1 0 1
2021 11 06 02 01 18 23602.431  -697.383 39178.746  12.69  12.21   57  590.5 4152.43039 N 00119.94956 E 8 1 0 1
2021 11 06 02 01 19 23603.537  -698.050 39177.043  12.69  12.21   57  590.3 4152.43040 N 00119.94947 E 8 1 0 1
2021 11 06 02 01 20 23602.353  -697.384 39178.651  12.69  12.21   57  590.4 4152.43067 N 00119.94946 E 8 1 0 1
2021 11 06 02 01 21 23603.712  -698.177 39176.604  12.69  12.21   58  590.1 4152.43074 N 00119.94938 E 8 1 0 1
2021 11 06 02 01 22 23602.960  -697.731 39177.744  12.69  12.21   58  589.8 4152.43071 N 00119.94925 E 8 1 0 1
2021 11 06 02 01 23 23603.517  -698.070 39176.790  12.69  12.21   57  589.5 4152.43062 N 00119.94911 E 8 1 0 1
2021 11 06 02 01 24 23602.140  -697.288 39178.774  12.69  12.21   57  589.6 4152.43066 N 00119.94900 E 8 1 0 1
2021 11 06 02 01 25 23603.488  -698.124 39176.657  12.69  12.21   57  589.5 4152.43056 N 00119.94884 E 8 1 0 1
2021 11 06 02 01 26 23602.017  -697.338 39178.715  12.69  12.21   57  589.2 4152.43056 N 00119.94881 E 8 1 0 1
2021 11 06 02 01 27 23603.257  -698.009 39176.924  12.69  12.21   57  588.6 4152.43049 N 00119.94884 E 8 1 0 1
2021 11 06 02 01 28 23601.937  -697.238 39178.827  12.69  12.21   57  587.6 4152.43034 N 00119.94885 E 8 1 0 1
2021 11 06 02 01 29 23603.529  -698.176 39176.505  12.69  12.21   57  586.9 4152.43019 N 00119.94880 E 8 1 0 1
2021 11 06 02 01 30 23601.998  -697.223 39178.839  12.69  12.21   57  586.5 4152.43019 N 00119.94879 E 8 1 0 1
2021 11 06 02 01 31 23603.824  -698.232 39176.258  12.69  12.21   58  586.1 4152.43026 N 00119.94883 E 8 1 0 1
2021 11 06 02 01 32 23602.556  -697.528 39178.068  12.69  12.21   57  585.7 4152.43020 N 00119.94881 E 8 1 0 1
2021 11 06 02 01 33 23601.794  -697.036 39179.149  12.69  12.21   57  585.7 4152.43020 N 00119.94879 E 7 1 0 1
2021 11 06 02 01 34 23601.384  -696.796 39179.742  12.69  12.21   56  585.6 4152.43020 N 00119.94876 E 7 1 0 1
2021 11 06 02 01 35 23603.576  -698.076 39176.536  12.69  12.21   57  586.0 4152.43015 N 00119.94866 E 8 1 0 1
2021 11 06 02 01 36 23601.851  -697.070 39179.032  12.69  12.21   57  586.7 4152.43030 N 00119.94864 E 8 1 0 1
2021 11 06 02 01 37 23603.523  -698.072 39176.579  12.69  12.21   57  586.9 4152.43034 N 00119.94867 E 8 1 0 1
2021 11 06 02 01 38 23601.832  -697.085 39178.993  12.69  12.21   57  586.6 4152.43030 N 00119.94864 E 8 1 0 1
2021 11 06 02 01 39 23603.482  -698.042 39176.559  12.69  12.21   57  586.6 4152.43036 N 00119.94864 E 8 1 0 1
2021 11 06 02 01 40 23601.998  -697.199 39178.714  12.69  12.21   57  586.7 4152.43046 N 00119.94870 E 8 1 0 1
2021 11 06 02 01 41 23603.742  -698.206 39176.198  12.69  12.21   58  586.7 4152.43048 N 00119.94873 E 8 1 0 1
2021 11 06 02 01 42 23602.546  -697.499 39177.974  12.69  12.21   58  586.8 4152.43056 N 00119.94877 E 8 1 0 1
2021 11 06 02 01 43 23603.435  -698.065 39176.547  12.69  12.21   56  586.9 4152.43059 N 00119.94878 E 8 1 0 1
2021 11 06 02 01 44 23601.978  -697.202 39178.667  12.69  12.21   57  586.4 4152.43060 N 00119.94883 E 8 1 0 1
2021 11 06 02 01 45 23603.353  -697.945 39176.698  12.69  12.21   56  586.7 4152.43074 N 00119.94882 E 8 1 0 1
2021 11 06 02 01 46 23602.080  -697.198 39178.609  12.69  12.21   57  586.1 4152.43069 N 00119.94889 E 8 1 0 1
2021 11 06 02 01 47 23603.566  -697.995 39176.551  12.69  12.21   57  586.0 4152.43076 N 00119.94893 E 8 1 0 1
2021 11 06 02 01 48 23602.244  -697.147 39178.622  12.69  12.21   57  586.4 4152.43093 N 00119.94900 E 8 1 0 1
2021 11 06 02 01 49 23603.546  -697.847 39176.835  12.69  12.21   57  586.1 4152.43092 N 00119.94910 E 8 1 0 1
2021 11 06 02 01 50 23602.447  -697.175 39178.596  12.69  12.21   57  586.6 4152.43102 N 00119.94914 E 8 1 0 1
2021 11 06 02 01 51 23603.681  -697.855 39176.840  12.69  12.21   57  586.1 4152.43086 N 00119.94919 E 8 1 0 1
2021 11 06 02 01 52 23604.103  -698.064 39176.313  12.69  12.21   57  586.0 4152.43076 N 00119.94924 E 8 1 0 1
2021 11 06 02 01 53 23602.615  -697.100 39178.644  12.69  12.21   57  585.5 4152.43057 N 00119.94928 E 8 1 0 1
2021 11 06 02 01 54 23603.716  -697.722 39177.093  12.69  12.21   57  585.4 4152.43055 N 00119.94929 E 8 1 0 1
2021 11 06 02 01 55 23602.771  -697.102 39178.613  12.69  12.21   57  585.5 4152.43069 N 00119.94940 E 8 1 0 1
2021 11 06 02 01 56 23603.789  -697.709 39177.149  12.69  12.21   57  585.8 4152.43081 N 00119.94944 E 8 1 0 1
2021 11 06 02 01 57 23602.800  -697.067 39178.695  12.69  12.21   57  586.2 4152.43093 N 00119.94939 E 8 1 0 1
2021 11 06 02 01 58 23603.902  -697.712 39177.106  12.69  12.21   57  585.7 4152.43094 N 00119.94945 E 8 1 0 1
2021 11 06 02 01 59 23602.785  -697.059 39178.785  12.69  12.21   57  586.0 4152.43119 N 00119.94954 E 8 1 0 1
2021 11 06 02 02 00 23604.009  -697.774 39177.026  12.69  12.21   57  585.9 4152.43134 N 00119.94961 E 8 1 0 1
2021 11 06 02 02 01 23602.884  -697.121 39178.681  12.69  12.21   58  586.0 4152.43144 N 00119.94962 E 8 1 0 1
2021 11 06 02 02 02 23604.035  -697.806 39176.967  12.69  12.21   57  586.6 4152.43171 N 00119.94969 E 8 1 0 1
2021 11 06 02 02 03 23602.398  -696.817 39179.382  12.69  12.21   57  586.9 4152.43176 N 00119.94968 E 8 1 0 1
2021 11 06 02 02 04 23603.974  -697.787 39177.021  12.69  12.21   57  587.4 4152.43192 N 00119.94970 E 8 1 0 1
2021 11 06 02 02 05 23602.548  -696.968 39179.084  12.69  12.21   56  587.8 4152.43211 N 00119.94968 E 8 1 0 1
2021 11 06 02 02 06 23603.783  -697.710 39177.254  12.69  12.21   57  587.7 4152.43214 N 00119.94968 E 8 1 0 1
2021 11 06 02 02 07 23602.716  -697.095 39178.836  12.69  12.21   57  587.8 4152.43212 N 00119.94965 E 8 1 0 1
2021 11 06 02 02 08 23604.045  -697.943 39176.769  12.69  12.21   57  588.1 4152.43216 N 00119.94967 E 8 1 0 1
2021 11 06 02 02 09 23602.607  -697.144 39178.835  12.69  12.21   57  588.2 4152.43223 N 00119.94971 E 8 1 0 1
2021 11 06 02 02 10 23603.937  -697.952 39176.850  12.69  12.21   57  588.1 4152.43226 N 00119.94974 E 8 1 0 1
2021 11 06 02 02 11 23602.494  -697.139 39178.928  12.69  12.21   57  588.1 4152.43230 N 00119.94979 E 8 1 0 1
2021 11 06 02 02 12 23603.988  -698.077 39176.598  12.69  12.21   57  588.9 4152.43242 N 00119.94975 E 8 1 0 1
2021 11 06 02 02 13 23602.462  -697.194 39178.811  12.69  12.21   57  589.7 4152.43268 N 00119.94981 E 8 1 0 1
2021 11 06 02 02 14 23603.937  -698.038 39176.652  12.69  12.21   57  589.7 4152.43263 N 00119.94978 E 8 1 0 1
2021 11 06 02 02 15 23602.406  -697.125 39178.916  12.69  12.21   57  590.1 4152.43267 N 00119.94974 E 8 1 0 1
2021 11 06 02 02 16 23604.031  -698.023 39176.586  12.69  12.21   57  590.2 4152.43273 N 00119.94977 E 8 1 0 1
2021 11 06 02 02 17 23602.343  -697.039 39179.079  12.69  12.21   57  590.4 4152.43280 N 00119.94982 E 8 1 0 1
2021 11 06 02 02 18 23603.941  -697.890 39176.819  12.69  12.21   57  590.5 4152.43289 N 00119.94987 E 8 1 0 1
2021 11 06 02 02 19 23602.564  -697.052 39178.908  12.69  12.21   57  590.4 4152.43289 N 00119.94988 E 8 1 0 1
2021 11 06 02 02 20 23604.181  -697.934 39176.598  12.69  12.21   57  590.3 4152.43284 N 00119.94987 E 8 1 0 1
2021 11 06 02 02 21 23602.619  -697.024 39178.889  12.69  12.21   57  590.4 4152.43291 N 00119.94994 E 8 1 0 1
2021 11 06 02 02 22 23604.107  -697.894 39176.683  12.69  12.21   57  590.4 4152.43284 N 00119.94989 E 8 1 0 1
2021 11 06 02 02 23 23602.466  -696.910 39179.071  12.69  12.21   57  590.6 4152.43291 N 00119.94990 E 8 1 0 1
2021 11 06 02 02 24 23603.900  -697.739 39176.993  12.69  12.21   56  590.9 4152.43298 N 00119.94994 E 8 1 0 1
2021 11 06 02 02 25 23602.396  -696.998 39178.915  12.69  12.21   57  591.2 4152.43299 N 00119.94987 E 8 1 0 1
2021 11 06 02 02 26 23603.746  -697.717 39177.078  12.69  12.21   57  591.6 4152.43309 N 00119.94989 E 8 1 0 1
2021 11 06 02 02 27 23602.388  -697.068 39178.841  12.69  12.21   57  591.9 4152.43318 N 00119.94997 E 8 1 0 1
2021 11 06 02 02 28 23603.654  -697.871 39176.844  12.69  12.21   57  592.1 4152.43312 N 00119.94996 E 8 1 0 1
2021 11 06 02 02 29 23602.306  -697.096 39178.813  12.69  12.21   57  592.5 4152.43323 N 00119.94998 E 8 1 0 1
2021 11 06 02 02 30 23603.619  -697.931 39176.766  12.69  12.21   57  593.3 4152.43333 N 00119.94996 E 8 1 0 1
2021 11 06 02 02 31 23602.361  -697.292 39178.506  12.69  12.21   57  593.1 4152.43315 N 00119.94993 E 8 1 0 1
2021 11 06 02 02 32 23603.636  -698.057 39176.622  12.69  12.21   57  593.7 4152.43325 N 00119.94994 E 8 1 0 1
2021 11 06 02 02 33 23601.935  -697.089 39179.088  12.69  12.21   57  594.3 4152.43344 N 00119.94996 E 8 1 0 1
2021 11 06 02 02 34 23603.263  -697.882 39177.087  12.69  12.21   57  595.2 4152.43352 N 00119.94986 E 8 1 0 1
2021 11 06 02 02 35 23602.156  -697.264 39178.657  12.69  12.21   57  596.0 4152.43353 N 00119.94973 E 8 1 0 1
2021 11 06 02 02 36 23601.683  -696.976 39179.327  12.69  12.21   57  595.7 4152.43341 N 00119.94972 E 8 1 0 1
2021 11 06 02 02 37 23603.365  -698.030 39176.749  12.69  12.21   57  596.1 4152.43342 N 00119.94964 E 7 1 0 1
2021 11 06 02 02 38 23602.320  -697.389 39178.350  12.69  12.21   57  595.8 4152.43336 N 00119.94957 E 8 1 0 1
2021 11 06 02 02 39 23603.451  -698.089 39176.649  12.69  12.21   58  596.0 4152.43338 N 00119.94950 E 8 1 0 1
2021 11 06 02 02 40 23602.750  -697.712 39177.664  12.69  12.21   58  595.8 4152.43334 N 00119.94942 E 8 1 0 1
2021 11 06 02 02 41 23603.629  -698.191 39176.377  12.69  12.21   57  596.8 4152.43358 N 00119.94932 E 8 1 0 1
2021 11 06 02 02 42 23602.863  -697.755 39177.513  12.69  12.21   58  597.0 4152.43367 N 00119.94928 E 8 1 0 1
2021 11 06 02 02 43 23603.392  -697.995 39176.729  12.69  12.21   57  596.2 4152.43351 N 00119.94924 E 8 1 0 1
2021 11 06 02 02 44 23602.136  -697.284 39178.567  12.69  12.21   57  596.7 4152.43361 N 00119.94920 E 8 1 0 1
2021 11 06 02 02 45 23603.511  -698.080 39176.583  12.69  12.21   57  596.8 4152.43362 N 00119.94917 E 8 1 0 1
2021 11 06 02 02 46 23602.164  -697.283 39178.540  12.69  12.21   57  597.0 4152.43365 N 00119.94914 E 8 1 0 1
2021 11 06 02 02 47 23603.455  -698.051 39176.664  12.69  12.21   57  597.4 4152.43373 N 00119.94909 E 8 1 0 1
2021 11 06 02 02 48 23602.195  -697.369 39178.435  12.69  12.21   57  597.0 4152.43361 N 00119.94905 E 8 1 0 1
2021 11 06 02 02 49 23603.404  -698.126 39176.566  12.69  12.21   57  597.3 4152.43367 N 00119.94898 E 8 1 0 1
2021 11 06 02 02 50 23602.099  -697.381 39178.458  12.69  12.21   57  597.6 4152.43376 N 00119.94892 E 8 1 0 1
2021 11 06 02 02 51 23603.427  -698.172 39176.477  12.69  12.21   57  597.9 4152.43386 N 00119.94888 E 8 1 0 1
2021 11 06 02 02 52 23602.761  -697.824 39177.481  12.69  12.21   59  598.3 4152.43393 N 00119.94885 E 8 1 0 1
2021 11 06 02 02 53 23603.652  -698.378 39176.050  12.69  12.21   57  598.5 4152.43393 N 00119.94881 E 8 1 0 1
2021 11 06 02 02 54 23602.017  -697.450 39178.415  12.69  12.21   57  598.5 4152.43387 N 00119.94880 E 8 1 0 1
2021 11 06 02 02 55 23603.490  -698.351 39176.190  12.69  12.21   57  599.9 4152.43405 N 00119.94876 E 8 1 0 1
2021 11 06 02 02 56 23601.951  -697.431 39178.504  12.69  12.21   57  600.0 4152.43399 N 00119.94875 E 8 1 0 1
2021 11 06 02 02 57 23603.586  -698.416 39176.066  12.69  12.21   57  599.3 4152.43371 N 00119.94873 E 8 1 0 1
2021 11 06 02 02 58 23601.791  -697.374 39178.651  12.69  12.21   57  598.9 4152.43351 N 00119.94872 E 8 1 0 1
2021 11 06 02 02 59 23603.443  -698.329 39176.224  12.69  12.21   57  598.5 4152.43339 N 00119.94870 E 8 1 0 1
2021 11 06 02 03 00 23601.865  -697.389 39178.566  12.69  12.21   57  598.4 4152.43327 N 00119.94866 E 8 1 0 1
2021 11 06 02 03 01 23603.652  -698.454 39175.926  12.69  12.21   58  598.2 4152.43306 N 00119.94855 E 8 1 0 1
2021 11 06 02 03 02 23602.564  -697.838 39177.558  12.69  12.21   59  598.7 4152.43305 N 00119.94850 E 7 1 0 1
2021 11 06 02 03 03 23603.621  -698.425 39175.953  12.69  12.21   57  598.8 4152.43301 N 00119.94854 E 7 1 0 1
2021 11 06 02 03 04 23600.886  -696.796 39180.027  12.69  12.21   57  599.0 4152.43285 N 00119.94854 E 7 1 0 1
2021 11 06 02 03 05 23603.906  -698.621 39175.499  12.69  12.21   57  599.3 4152.43284 N 00119.94850 E 7 1 0 1
2021 11 06 02 03 06 23601.972  -697.467 39178.364  12.69  12.21   57  599.1 4152.43289 N 00119.94857 E 7 1 0 1
2021 11 06 02 03 07 23603.302  -698.244 39176.367  12.69  12.21   57  599.0 4152.43283 N 00119.94856 E 7 1 0 1
2021 11 06 02 03 08 23601.908  -697.485 39178.352  12.69  12.21   57  599.2 4152.43287 N 00119.94856 E 7 1 0 1
2021 11 06 02 03 09 23603.259  -698.254 39176.379  12.69  12.21   57  598.4 4152.43264 N 00119.94861 E 7 1 0 1
2021 11 06 02 03 10 23601.949  -697.521 39178.259  12.69  12.21   57  599.6 4152.43283 N 00119.94864 E 7 1 0 1
2021 11 06 02 03 11 23603.199  -698.247 39176.402  12.69  12.21   57  598.9 4152.43265 N 00119.94865 E 7 1 0 1
2021 11 06 02 03 12 23602.679  -697.997 39177.154  12.69  12.21   58  598.6 4152.43253 N 00119.94866 E 7 1 0 1
2021 11 06 02 03 13 23603.404  -698.331 39176.216  12.69  12.21   58  599.0 4152.43264 N 00119.94870 E 7 1 0 1
2021 11 06 02 03 14 23602.021  -697.491 39178.247  12.69  12.21   57  599.2 4152.43269 N 00119.94869 E 7 1 0 1
2021 11 06 02 03 15 23603.283  -698.262 39176.355  12.69  12.21   57  600.3 4152.43284 N 00119.94868 E 7 1 0 1
2021 11 06 02 03 16 23602.033  -697.514 39178.173  12.69  12.21   57  600.1 4152.43276 N 00119.94869 E 7 1 0 1
2021 11 06 02 03 17 23603.187  -698.216 39176.409  12.69  12.21   57  601.0 4152.43292 N 00119.94863 E 7 1 0 1
2021 11 06 02 03 18 23603.808  -698.491 39175.689  12.69  12.21   57  600.5 4152.43274 N 00119.94862 E 7 1 0 1
2021 11 06 02 03 19 23602.171  -697.517 39178.127  12.69  12.21   57  600.3 4152.43262 N 00119.94860 E 6 1 0 1
2021 11 06 02 03 20 23603.261  -698.143 39176.542  12.69  12.21   57  600.2 4152.43251 N 00119.94864 E 7 1 0 1
2021 11 06 02 03 21 23602.240  -697.558 39178.081  12.69  12.21   57  600.8 4152.43260 N 00119.94869 E 7 1 0 1
2021 11 06 02 03 22 23604.007  -698.532 39175.605  12.69  12.21   59  600.5 4152.43248 N 00119.94871 E 7 1 0 1
2021 11 06 02 03 23 23602.699  -697.747 39177.547  12.69  12.21   57  600.6 4152.43251 N 00119.94878 E 7 1 0 1
2021 11 06 02 03 24 23603.500  -698.197 39176.419  12.69  12.21   57  600.7 4152.43251 N 00119.94880 E 7 1 0 1
2021 11 06 02 03 25 23602.279  -697.484 39178.253  12.69  12.21   57  600.5 4152.43230 N 00119.94875 E 7 1 0 1
2021 11 06 02 03 26 23603.533  -698.183 39176.466  12.69  12.21   57  600.2 4152.43231 N 00119.94883 E 7 1 0 1
2021 11 06 02 03 27 23602.310  -697.447 39178.288  12.69  12.21   57  599.8 4152.43217 N 00119.94881 E 7 1 0 1
2021 11 06 02 03 28 23603.638  -698.224 39176.405  12.69  12.21   57  599.3 4152.43208 N 00119.94878 E 7 1 0 1
2021 11 06 02 03 29 23602.269  -697.442 39178.405  12.69  12.21   57  599.3 4152.43203 N 00119.94869 E 7 1 0 1
2021 11 06 02 03 30 23603.537  -698.205 39176.552  12.69  12.21   57  598.8 4152.43183 N 00119.94859 E 7 1 0 1
2021 11 06 02 03 31 23602.078  -697.357 39178.704  12.69  12.21   57  598.6 4152.43174 N 00119.94851 E 7 1 0 1
2021 11 06 02 03 32 23604.175  -698.585 39175.642  12.69  12.21   58  598.4 4152.43176 N 00119.94852 E 7 1 0 1
2021 11 06 02 03 33 23602.615  -697.682 39177.952  12.69  12.21   58  599.2 4152.43198 N 00119.94851 E 7 1 0 1
2021 11 06 02 03 34 23601.892  -697.273 39178.975  12.69  12.21   57  598.9 4152.43203 N 00119.94852 E 7 1 0 1
2021 11 06 02 03 35 23601.408  -696.988 39179.739  12.69  12.21   57  599.1 4152.43212 N 00119.94848 E 7 1 0 1
2021 11 06 02 03 36 23603.656  -698.377 39176.379  12.69  12.21   57  600.1 4152.43239 N 00119.94843 E 7 1 0 1
2021 11 06 02 03 37 23602.060  -697.535 39178.634  12.69  12.21   57  599.6 4152.43237 N 00119.94851 E 7 1 0 1
2021 11 06 02 03 38 23603.629  -698.336 39176.511  12.69  12.21   57  599.6 4152.43241 N 00119.94854 E 7 1 0 1
2021 11 06 02 03 39 23602.509  -697.284 39178.769  12.69  12.21   57  599.7 4152.43244 N 00119.94854 E 7 1 0 1
2021 11 06 02 03 40 23604.226  -698.143 39176.502  12.69  12.21   57  599.0 4152.43231 N 00119.94852 E 7 1 0 1
2021 11 06 02 03 41 23602.691  -697.177 39178.906  12.69  12.21   57  599.1 4152.43230 N 00119.94851 E 7 1 0 1
2021 11 06 02 03 42 23604.910  -698.488 39175.705  12.69  12.21   57  598.2 4152.43212 N 00119.94853 E 7 1 0 1
2021 11 06 02 03 43 23602.699  -697.255 39178.883  12.69  12.21   57  597.7 4152.43198 N 00119.94855 E 7 1 0 1
2021 11 06 02 03 44 23604.146  -698.184 39176.647  12.69  12.21   57  597.8 4152.43199 N 00119.94852 E 7 1 0 1
2021 11 06 02 03 45 23602.576  -697.279 39178.945  12.69  12.21   57  598.1 4152.43209 N 00119.94850 E 7 1 0 1
2021 11 06 02 03 46 23604.068  -698.206 39176.724  12.69  12.21   57  599.6 4152.43245 N 00119.94845 E 7 1 0 1
2021 11 06 02 03 47 23602.509  -697.417 39178.844  12.69  12.21   57  600.9 4152.43279 N 00119.94842 E 7 1 0 1
2021 11 06 02 03 48 23604.027  -698.435 39176.479  12.69  12.21   57  600.5 4152.43271 N 00119.94840 E 7 1 0 1
2021 11 06 02 03 49 23602.394  -697.626 39178.684  12.69  12.21   57  599.4 4152.43250 N 00119.94842 E 7 1 0 1
2021 11 06 02 03 50 23603.666  -698.448 39176.656  12.69  12.21   57  599.5 4152.43252 N 00119.94841 E 7 1 0 1
2021 11 06 02 03 51 23602.396  -697.744 39178.513  12.69  12.21   57  600.2 4152.43273 N 00119.94836 E 7 1 0 1
2021 11 06 02 03 52 23603.845  -698.682 39176.276  12.69  12.21   57  600.1 4152.43259 N 00119.94836 E 7 1 0 1
2021 11 06 02 03 53 23602.410  -697.875 39178.382  12.69  12.21   57  601.0 4152.43277 N 00119.94832 E 7 1 0 1
2021 11 06 02 03 54 23603.629  -698.620 39176.517  12.69  12.21   57  601.8 4152.43308 N 00119.94823 E 7 1 0 1
2021 11 06 02 03 55 23602.197  -697.803 39178.575  12.69  12.21   57  601.7 4152.43305 N 00119.94823 E 7 1 0 1
2021 11 06 02 03 56 23603.730  -698.701 39176.350  12.69  12.21   58  602.4 4152.43331 N 00119.94818 E 7 1 0 1
2021 11 06 02 03 57 23602.398  -697.906 39178.331  12.69  12.21   57  602.2 4152.43334 N 00119.94814 E 7 1 0 1
2021 11 06 02 03 58 23603.714  -698.726 39176.319  12.69  12.21   57  603.6 4152.43371 N 00119.94808 E 7 1 0 1
2021 11 06 02 03 59 23602.244  -697.877 39178.447  12.69  12.21   57  604.3 4152.43393 N 00119.94805 E 7 1 0 1
2021 11 06 02 04 00 23603.431  -698.567 39176.734  12.69  12.21   57  603.7 4152.43388 N 00119.94802 E 7 1 0 1
2021 11 06 02 04 01 23604.033  -698.905 39175.881  12.69  12.21   57  602.1 4152.43350 N 00119.94806 E 7 1 0 1
2021 11 06 02 04 02 23602.580  -698.027 39178.075  12.69  12.21   57  602.2 4152.43349 N 00119.94806 E 7 1 0 1
2021 11 06 02 04 03 23603.502  -698.569 39176.707  12.69  12.21   57  602.3 4152.43348 N 00119.94806 E 7 1 0 1
2021 11 06 02 04 04 23602.048  -697.767 39178.753  12.69  12.21   57  603.1 4152.43372 N 00119.94807 E 7 1 0 1
2021 11 06 02 04 05 23603.466  -698.605 39176.652  12.69  12.21   57  603.4 4152.43383 N 00119.94807 E 7 1 0 1
2021 11 06 02 04 06 23602.300  -697.979 39178.284  12.69  12.21   57  603.6 4152.43385 N 00119.94807 E 7 1 0 1
2021 11 06 02 04 07 23603.382  -698.648 39176.663  12.69  12.21   57  604.6 4152.43419 N 00119.94802 E 7 1 0 1
2021 11 06 02 04 08 23602.365  -698.084 39178.129  12.69  12.21   57  605.3 4152.43428 N 00119.94803 E 7 1 0 1
2021 11 06 02 04 09 23603.466  -698.748 39176.446  12.69  12.21   57  605.8 4152.43443 N 00119.94798 E 7 1 0 1
2021 11 06 02 04 10 23602.222  -698.061 39178.233  12.69  12.21   57  606.4 4152.43471 N 00119.94791 E 7 1 0 1
2021 11 06 02 04 11 23603.408  -698.771 39176.469  12.69  12.21   57  607.0 4152.43488 N 00119.94793 E 7 1 0 1
2021 11 06 02 04 12 23602.242  -698.094 39178.206  12.69  12.21   58  607.1 4152.43492 N 00119.94794 E 7 1 0 1
2021 11 06 02 04 13 23603.455  -698.818 39176.364  12.69  12.21   57  606.8 4152.43486 N 00119.94797 E 7 1 0 1
2021 11 06 02 04 14 23602.097  -698.031 39178.372  12.69  12.21   57  606.9 4152.43492 N 00119.94797 E 7 1 0 1
2021 11 06 02 04 15 23603.461  -698.892 39176.267  12.69  12.21   57  606.8 4152.43490 N 00119.94798 E 7 1 0 1
2021 11 06 02 04 16 23601.826  -698.124 39178.359  12.69  12.21   57  607.1 4152.43497 N 00119.94798 E 7 1 0 1
2021 11 06 02 04 17 23603.158  -699.034 39176.176  12.69  12.21   57  607.8 4152.43512 N 00119.94799 E 7 1 0 1
2021 11 06 02 04 18 23601.597  -698.219 39178.354  12.69  12.21   57  608.0 4152.43512 N 00119.94799 E 7 1 0 1
2021 11 06 02 04 19 23603.033  -699.067 39176.179  12.69  12.21   57  608.4 4152.43514 N 00119.94800 E 7 1 0 1
2021 11 06 02 04 20 23601.552  -698.211 39178.303  12.69  12.21   57  608.5 4152.43515 N 00119.94803 E 7 1 0 1
2021 11 06 02 04 21 23603.005  -699.209 39175.969  12.69  12.21   57  609.2 4152.43529 N 00119.94805 E 7 1 0 1
2021 11 06 02 04 22 23601.476  -698.427 39178.074  12.69  12.21   58  609.4 4152.43537 N 00119.94806 E 6 1 0 1
2021 11 06 02 04 23 23602.960  -699.287 39175.903  12.69  12.21   57  609.7 4152.43542 N 00119.94801 E 8 1 0 1
2021 11 06 02 04 24 23601.289  -698.324 39178.384  12.69  12.21   57  610.0 4152.43551 N 00119.94805 E 8 1 0 1
2021 11 06 02 04 25 23602.900  -699.231 39176.054  12.69  12.21   57  610.5 4152.43565 N 00119.94808 E 8 1 0 1
2021 11 06 02 04 26 23601.330  -698.324 39178.412  12.69  12.21   57  69  69  69  69  69  69  69  69  69  69  69  69  69  69  69  69  69  69