MagnetometerDeviceID,SampleDateTime,GeoBfieldMeasureNorth,GeoBfieldMeasureEast,GeoBfieldMeasureVertical
50127,4/9/2022 12:00:00 AM,22723.47,5301.25,41659.24
50127,4/9/2022 12:01:00 AM,22723.75,5301.17,41659.32
50127,4/9/2022 12:02:00 AM,22723.75,5301.25,41659.36
50127,4/9/2022 12:03:00 AM,22723.62,5301.46,41659.40
50127,4/9/2022 12:04:00 AM,22723.36,5301.65,41659.41
50127,4/9/2022 12:05:00 AM,22723.11,5301.96,41659.43
50127,4/9/2022 12:06:00 AM,22723.10,5302.13,41659.46
50127,4/9/2022 12:07:00 AM,22723.36,5302.18,41659.54
50127,4/9/2022 12:08:00 AM,22723.28,5302.23,41659.55
50127,4/9/2022 12:09:00 AM,22722.49,5302.74,41659.58
50127,4/9/2022 12:10:00 AM,22721.68,5303.25,41659.58
50127,4/9/2022 12:11:00 AM,22720.54,5303.52,41659.45
50127,4/9/2022 12:12:00 AM,22721.27,5303.39,41659.59
50127,4/9/2022 12:13:00 AM,22719.99,5303.35,41659.42
50127,4/9/2022 12:14:00 AM,22720.57,5303.06,41659.46
50127,4/9/2022 12:15:00 AM,22720.45,5303.45,41659.52
50127,4/9/2022 12:16:00 AM,22721.54,5302.65,41659.43
50127,4/9/2022 12:17:00 AM,22720.84,5302.06,41659.27
50127,4/9/2022 12:18:00 AM,22720.22,5302.77,41659.39
50127,4/9/2022 12:19:00 AM,22721.21,5302.41,41659.50
50127,4/9/2022 12:20:00 AM,22721.05,5302.06,41659.46
50127,4/9/2022 12:21:00 AM,22720.38,5302.00,41659.43
50127,4/9/2022 12:22:00 AM,22721.60,5301.09,41659.56
50127,4/9/2022 12:23:00 AM,22721.74,5300.36,41659.55
50127,4/9/2022 12:24:00 AM,22721.69,5299.81,41659.53
50127,4/9/2022 12:25:00 AM,22720.91,5299.67,41659.50
50127,4/9/2022 12:26:00 AM,22719.73,5299.42,41659.38
50127,4/9/2022 12:27:00 AM,22719.02,5298.85,41659.30
50127,4/9/2022 12:28:00 AM,22718.17,5298.57,41659.23
50127,4/9/2022 12:29:00 AM,22716.95,5298.62,41659.14
50127,4/9/2022 12:30:00 AM,22716.18,5298.32,41659.01
50127,4/9/2022 12:31:00 AM,22714.69,5298.56,41658.89
50127,4/9/2022 12:32:00 AM,22713.96,5299.14,41658.86
50127,4/9/2022 12:33:00 AM,22714.27,5298.78,41658.83
50127,4/9/2022 12:34:00 AM,22714.00,5298.60,41658.71
50127,4/9/2022 12:35:00 AM,22712.67,5298.87,41658.59
50127,4/9/2022 12:36:00 AM,22710.82,5299.47,41658.50
50127,4/9/2022 12:37:00 AM,22708.71,5299.93,41658.31
50127,4/9/2022 12:38:00 AM,22705.99,5300.83,41658.09
50127,4/9/2022 12:39:00 AM,22703.41,5302.01,41657.86
50127,4/9/2022 12:40:00 AM,22702.17,5302.99,41657.73
50127,4/9/2022 12:41:00 AM,22701.81,5303.56,41657.63
50127,4/9/2022 12:42:00 AM,22702.59,5303.68,41657.63
50127,4/9/2022 12:43:00 AM,22703.22,5303.86,41657.61
50127,4/9/2022 12:44:00 AM,22703.77,5304.11,41657.61
50127,4/9/2022 12:45:00 AM,22704.01,5304.54,41657.56
50127,4/9/2022 12:46:00 AM,22704.35,5304.96,41657.56
50127,4/9/2022 12:47:00 AM,22705.12,5305.15,41657.60
50127,4/9/2022 12:48:00 AM,22705.79,5305.31,41657.62
50127,4/9/2022 12:49:00 AM,22706.45,5305.49,41657.65
50127,4/9/2022 12:50:00 AM,22707.08,5305.90,41657.74
50127,4/9/2022 12:51:00 AM,22707.64,5306.20,41657.80
50127,4/9/2022 12:52:00 AM,22708.29,5306.42,41657.90
50127,4/9/2022 12:53:00 AM,22708.42,5306.77,41657.95
50127,4/9/2022 12:54:00 AM,22709.53,5306.64,41658.09
50127,4/9/2022 12:55:00 AM,22710.48,5306.63,41658.22
50127,4/9/2022 12:56:00 AM,22711.20,5306.64,41658.33
50127,4/9/2022 12:57:00 AM,22711.26,5306.95,41658.41
50127,4/9/2022 12:58:00 AM,22711.83,5307.12,41658.55
50127,4/9/2022 12:59:00 AM,22712.82,5307.01,41658.71
50127,4/9/2022 1:00:00 AM,22713.27,5307.10,41658.81
50127,4/9/2022 1:01:00 AM,22714.19,5307.06,41658.98
50127,4/9/2022 1:02:00 AM,22714.81,5307.27,41659.12
50127,4/9/2022 1:03:00 AM,22715.29,5307.44,41659.23
50127,4/9/2022 1:04:00 AM,22716.15,5307.42,41659.40
50127,4/9/2022 1:05:00 AM,22716.61,5307.57,41659.54
50127,4/9/2022 1:06:00 AM,22716.60,5307.59,41659.61
50127,4/9/2022 1:07:00 AM,22717.10,5307.63,41659.81
50127,4/9/2022 1:08:00 AM,22717.11,5307.86,41659.92
50127,4/9/2022 1:09:00 AM,22717.01,5308.03,41659.99
50127,4/9/2022 1:10:00 AM,22717.02,5308.01,41660.07
50127,4/9/2022 1:11:00 AM,22717.10,5308.15,41660.18
50127,4/9/2022 1:12:00 AM,22716.91,5308.21,41660.21
50127,4/9/2022 1:13:00 AM,22717.20,5308.22,41660.34
50127,4/9/2022 1:14:00 AM,22717.49,5308.11,41660.43
50127,4/9/2022 1:15:00 AM,22717.66,5308.04,41660.52
50127,4/9/2022 1:16:00 AM,22718.16,5307.90,41660.63
50127,4/9/2022 1:17:00 AM,22718.48,5307.71,41660.69
50127,4/9/2022 1:18:00 AM,22718.58,5307.62,41660.75
50127,4/9/2022 1:19:00 AM,22718.78,5307.45,41660.85
50127,4/9/2022 1:20:00 AM,22718.81,5307.29,41660.93
50127,4/9/2022 1:21:00 AM,22718.86,5307.34,41661.03
50127,4/9/2022 1:22:00 AM,22719.03,5307.03,41661.07
50127,4/9/2022 1:23:00 AM,22719.22,5306.66,41661.12
50127,4/9/2022 1:24:00 AM,22719.45,5306.42,41661.19
50127,4/9/2022 1:25:00 AM,22719.43,5306.28,41661.22
50127,4/9/2022 1:26:00 AM,22719.23,5306.09,41661.25
50127,4/9/2022 1:27:00 AM,22719.08,5305.94,41661.29
50127,4/9/2022 1:28:00 AM,22718.75,5305.94,41661.30
50127,4/9/2022 1:29:00 AM,22718.52,5305.94,41661.35
50127,4/9/2022 1:30:00 AM,22718.25,5306.01,41661.37
50127,4/9/2022 1:31:00 AM,22718.05,5306.03,41661.40
50127,4/9/2022 1:32:00 AM,22717.73,5306.06,41661.41
50127,4/9/2022 1:33:00 AM,22717.51,5306.12,41661.44
50127,4/9/2022 1:34:00 AM,22717.38,5306.21,41661.47
50127,4/9/2022 1:35:00 AM,22717.21,5306.20,41661.49
50127,4/9/2022 1:36:00 AM,22717.34,5306.14,41661.54
50127,4/9/2022 1:37:00 AM,22717.08,5306.13,41661.51
50127,4/9/2022 1:38:00 AM,22717.10,5306.11,41661.53
50127,4/9/2022 1:39:00 AM,22717.02,5306.26,41661.56
50127,4/9/2022 1:40:00 AM,22716.97,5306.16,41661.56
50127,4/9/2022 1:41:00 AM,22716.81,5306.11,41661.55
50127,4/9/2022 1:42:00 AM,22717.19,5306.17,41661.68
50127,4/9/2022 1:43:00 AM,22717.21,5306.41,41661.74
50127,4/9/2022 1:44:00 AM,22716.95,5306.65,41661.75
50127,4/9/2022 1:45:00 AM,22717.05,5306.74,41661.83
50127,4/9/2022 1:46:00 AM,22716.97,5306.80,41661.86
50127,4/9/2022 1:47:00 AM,22716.98,5306.79,41661.89
50127,4/9/2022 1:48:00 AM,22717.17,5306.85,41661.97
50127,4/9/2022 1:49:00 AM,22717.07,5306.99,41662.00
50127,4/9/2022 1:50:00 AM,22717.15,5306.92,41662.04
50127,4/9/2022 1:51:00 AM,22717.06,5306.85,41662.05
50127,4/9/2022 1:52:00 AM,22716.97,5306.69,41662.06
50127,4/9/2022 1:53:00 AM,22716.82,5306.64,41662.10
50127,4/9/2022 1:54:00 AM,22716.94,5306.58,41662.19
50127,4/9/2022 1:55:00 AM,22717.22,5306.57,41662.29
50127,4/9/2022 1:56:00 AM,22717.29,5306.50,41662.32
50127,4/9/2022 1:57:00 AM,22717.57,5306.35,41662.36
50127,4/9/2022 1:58:00 AM,22717.38,5306.38,41662.40
50127,4/9/2022 1:59:00 AM,22717.34,5306.41,41662.48
50127,4/9/2022 2:00:00 AM,22717.55,5306.38,41662.57
50127,4/9/2022 2:01:00 AM,22717.62,5306.34,41662.63
50127,4/9/2022 2:02:00 AM,22717.48,5306.31,41662.68
50127,4/9/2022 2:03:00 AM,22717.56,5306.24,41662.76
50127,4/9/2022 2:04:00 AM,22717.36,5306.17,41662.77
50127,4/9/2022 2:05:00 AM,22717.31,5306.21,41662.85
50127,4/9/2022 2:06:00 AM,22716.75,5306.29,41662.87
50127,4/9/2022 2:07:00 AM,22717.22,5306.50,41663.09
50127,4/9/2022 2:08:00 AM,22716.96,5306.69,41663.08
50127,4/9/2022 2:09:00 AM,22717.08,5306.77,41663.19
50127,4/9/2022 2:10:00 AM,22717.17,5307.12,41663.31
50127,4/9/2022 2:11:00 AM,22717.28,5307.27,41663.38
50127,4/9/2022 2:12:00 AM,22717.38,5307.72,41663.52
50127,4/9/2022 2:13:00 AM,22717.36,5308.22,41663.65
50127,4/9/2022 2:14:00 AM,22717.48,5308.36,41663.73
50127,4/9/2022 2:15:00 AM,22717.79,5308.48,41663.88
50127,4/9/2022 2:16:00 AM,22717.83,5308.94,41664.01
50127,4/9/2022 2:17:00 AM,22717.80,5309.26,41664.10
50127,4/9/2022 2:18:00 AM,22717.75,5309.43,41664.21
50127,4/9/2022 2:19:00 AM,22718.09,5309.69,41664.41
50127,4/9/2022 2:20:00 AM,22718.56,5309.65,41664.53
50127,4/9/2022 2:21:00 AM,22718.55,5309.81,41664.62
50127,4/9/2022 2:22:00 AM,22718.99,5310.10,41664.81
50127,4/9/2022 2:23:00 AM,22719.14,5309.96,41664.89
50127,4/9/2022 2:24:00 AM,22719.38,5309.88,41665.00
50127,4/9/2022 2:25:00 AM,22719.52,5310.00,41665.12
50127,4/9/2022 2:26:00 AM,22719.49,5310.28,41665.24
50127,4/9/2022 2:27:00 AM,22719.50,5310.02,41665.26
50127,4/9/2022 2:28:00 AM,22719.34,5310.24,41665.36
50127,4/9/2022 2:29:00 AM,22719.10,5309.91,41665.34
50127,4/9/2022 2:30:00 AM,22719.03,5309.88,41665.41
50127,4/9/2022 2:31:00 AM,22718.84,5309.36,41665.38
50127,4/9/2022 2:32:00 AM,22718.72,5309.21,41665.43
50127,4/9/2022 2:33:00 AM,22718.29,5309.12,41665.42
50127,4/9/2022 2:34:00 AM,22718.10,5308.83,41665.38
50127,4/9/2022 2:35:00 AM,22717.83,5308.55,41665.36
50127,4/9/2022 2:36:00 AM,22717.64,5308.24,41665.31
50127,4/9/2022 2:37:00 AM,22717.88,5307.66,41665.28
50127,4/9/2022 2:38:00 AM,22718.06,5307.29,41665.25
50127,4/9/2022 2:39:00 AM,22717.18,5307.06,41665.09
50127,4/9/2022 2:40:00 AM,22716.38,5306.92,41664.99
50127,4/9/2022 2:41:00 AM,22715.82,5306.23,41664.81
50127,4/9/2022 2:42:00 AM,22714.96,5306.30,41664.78
50127,4/9/2022 2:43:00 AM,22714.48,5306.07,41664.65
50127,4/9/2022 2:44:00 AM,22714.04,5305.76,41664.59
50127,4/9/2022 2:45:00 AM,22713.80,5305.39,41664.52
50127,4/9/2022 2:46:00 AM,22712.68,5304.94,41664.34
50127,4/9/2022 2:47:00 AM,22711.91,5305.15,41664.34
50127,4/9/2022 2:48:00 AM,22711.92,5304.76,41664.34
50127,4/9/2022 2:49:00 AM,22712.02,5303.92,41664.23
50127,4/9/2022 2:50:00 AM,22712.24,5303.56,41664.27
50127,4/9/2022 2:51:00 AM,22712.58,5302.62,41664.15
50127,4/9/2022 2:52:00 AM,22712.03,5301.56,41663.95
50127,4/9/2022 2:53:00 AM,22710.76,5301.42,41663.88
50127,4/9/2022 2:54:00 AM,22710.11,5301.37,41663.89
50127,4/9/2022 2:55:00 AM,22709.73,5301.24,41663.89
50127,4/9/2022 2:56:00 AM,22709.40,5301.40,41663.90
50127,4/9/2022 2:57:00 AM,22708.94,5301.73,41663.91
50127,4/9/2022 2:58:00 AM,22708.72,5301.88,41663.94
50127,4/9/2022 2:59:00 AM,22707.94,5302.51,41663.94
50127,4/9/2022 3:00:00 AM,22707.34,5302.72,41663.91
50127,4/9/2022 3:01:00 AM,22706.83,5303.08,41663.94
50127,4/9/2022 3:02:00 AM,22706.70,5303.16,41663.95
50127,4/9/2022 3:03:00 AM,22706.12,5302.97,41663.88
50127,4/9/2022 3:04:00 AM,22705.76,5303.47,41663.96
50127,4/9/2022 3:05:00 AM,22705.40,5303.75,41663.94
50127,4/9/2022 3:06:00 AM,22705.24,5304.06,41663.99
50127,4/9/2022 3:07:00 AM,22705.18,5304.29,41664.00
50127,4/9/2022 3:08:00 AM,22705.28,5304.34,41664.00
50127,4/9/2022 3:09:00 AM,22705.33,5304.37,41664.00
50127,4/9/2022 3:10:00 AM,22705.15,5304.27,41663.94
50127,4/9/2022 3:11:00 AM,22705.18,5304.18,41663.95
50127,4/9/2022 3:12:00 AM,22705.28,5304.40,41664.01
50127,4/9/2022 3:13:00 AM,22705.44,5304.47,41664.01
50127,4/9/2022 3:14:00 AM,22705.48,5304.56,41664.03
50127,4/9/2022 3:15:00 AM,22705.50,5304.70,41664.03
50127,4/9/2022 3:16:00 AM,22705.56,5304.79,41664.04
50127,4/9/2022 3:17:00 AM,22705.63,5304.93,41664.08
50127,4/9/2022 3:18:00 AM,22705.56,5305.31,41664.11
50127,4/9/2022 3:19:00 AM,22705.46,5305.81,41664.16
50127,4/9/2022 3:20:00 AM,22705.61,5306.00,41664.18
50127,4/9/2022 3:21:00 AM,22705.69,5306.31,41664.22
50127,4/9/2022 3:22:00 AM,22705.92,5306.36,41664.22
50127,4/9/2022 3:23:00 AM,22706.18,5306.30,41664.25
50127,4/9/2022 3:24:00 AM,22706.49,5306.58,41664.32
50127,4/9/2022 3:25:00 AM,22706.96,5306.85,41664.38
50127,4/9/2022 3:26:00 AM,22707.35,5307.07,41664.42
50127,4/9/2022 3:27:00 AM,22707.74,5307.35,41664.49
50127,4/9/2022 3:28:00 AM,22708.15,5307.40,41664.51
50127,4/9/2022 3:29:00 AM,22708.51,5307.44,41664.54
50127,4/9/2022 3:30:00 AM,22708.70,5307.59,41664.58
50127,4/9/2022 3:31:00 AM,22708.70,5307.70,41664.59
50127,4/9/2022 3:32:00 AM,22709.20,5307.95,41664.69
50127,4/9/2022 3:33:00 AM,22709.60,5308.02,41664.71
50127,4/9/2022 3:34:00 AM,22709.83,5307.88,41664.70
50127,4/9/2022 3:35:00 AM,22710.23,5308.05,41664.77
50127,4/9/2022 3:36:00 AM,22710.44,5308.16,41664.81
50127,4/9/2022 3:37:00 AM,22710.79,5308.36,41664.87
50127,4/9/2022 3:38:00 AM,22710.92,5308.49,41664.89
50127,4/9/2022 3:39:00 AM,22711.39,5308.70,41665.00
50127,4/9/2022 3:40:00 AM,22711.53,5308.90,41665.01
50127,4/9/2022 3:41:00 AM,22712.06,5309.11,41665.13
50127,4/9/2022 3:42:00 AM,22712.44,5309.07,41665.12
50127,4/9/2022 3:43:00 AM,22712.64,5309.21,41665.17
50127,4/9/2022 3:44:00 AM,22712.90,5309.48,41665.25
50127,4/9/2022 3:45:00 AM,22713.21,5309.89,41665.33
50127,4/9/2022 3:46:00 AM,22713.37,5310.17,41665.37
50127,4/9/2022 3:47:00 AM,22713.65,5310.46,41665.43
50127,4/9/2022 3:48:00 AM,22713.93,5310.57,41665.47
50127,4/9/2022 3:49:00 AM,22714.32,5310.59,41665.52
50127,4/9/2022 3:50:00 AM,22714.74,5310.65,41665.59
50127,4/9/2022 3:51:00 AM,22715.07,5310.66,41665.62
50127,4/9/2022 3:52:00 AM,22715.13,5310.56,41665.62
50127,4/9/2022 3:53:00 AM,22715.40,5310.40,41665.64
50127,4/9/2022 3:54:00 AM,22715.58,5310.36,41665.66
50127,4/9/2022 3:55:00 AM,22715.93,5310.28,41665.71
50127,4/9/2022 3:56:00 AM,22716.29,5310.36,41665.76
50127,4/9/2022 3:57:00 AM,22716.04,5310.48,41665.73
50127,4/9/2022 3:58:00 AM,22716.19,5310.23,41665.74
50127,4/9/2022 3:59:00 AM,22716.62,5310.03,41665.78
50127,4/9/2022 4:00:00 AM,22717.29,5310.02,41665.86
50127,4/9/2022 4:01:00 AM,22717.19,5309.64,41665.75
50127,4/9/2022 4:02:00 AM,22717.39,5309.34,41665.76
50127,4/9/2022 4:03:00 AM,22717.31,5309.31,41665.75
50127,4/9/2022 4:04:00 AM,22717.32,5309.12,41665.72
50127,4/9/2022 4:05:00 AM,22717.31,5308.69,41665.67
50127,4/9/2022 4:06:00 AM,22717.41,5308.27,41665.65
50127,4/9/2022 4:07:00 AM,22717.28,5307.89,41665.59
50127,4/9/2022 4:08:00 AM,22717.22,5307.94,41665.63
50127,4/9/2022 4:09:00 AM,22716.86,5307.84,41665.57
50127,4/9/2022 4:10:00 AM,22716.46,5307.67,41665.52
50127,4/9/2022 4:11:00 AM,22716.20,5307.74,41665.53
50127,4/9/2022 4:12:00 AM,22716.00,5307.53,41665.49
50127,4/9/2022 4:13:00 AM,22715.74,5307.56,41665.48
50127,4/9/2022 4:14:00 AM,22715.60,5307.52,41665.47
50127,4/9/2022 4:15:00 AM,22715.24,5307.36,41665.43
50127,4/9/2022 4:16:00 AM,22714.95,5307.31,41665.40
50127,4/9/2022 4:17:00 AM,22714.68,5307.35,41665.40
50127,4/9/2022 4:18:00 AM,22714.58,5307.42,41665.40
50127,4/9/2022 4:19:00 AM,22714.31,5307.46,41665.38
50127,4/9/2022 4:20:00 AM,22714.44,5307.64,41665.43
50127,4/9/2022 4:21:00 AM,22714.50,5307.71,41665.43
50127,4/9/2022 4:22:00 AM,22714.61,5307.70,41665.42
50127,4/9/2022 4:23:00 AM,22714.51,5307.59,41665.38
50127,4/9/2022 4:24:00 AM,22714.49,5307.54,41665.37
50127,4/9/2022 4:25:00 AM,22714.57,5307.64,41665.38
50127,4/9/2022 4:26:00 AM,22714.40,5307.69,41665.36
50127,4/9/2022 4:27:00 AM,22714.44,5307.95,41665.40
50127,4/9/2022 4:28:00 AM,22714.85,5308.10,41665.46
50127,4/9/2022 4:29:00 AM,22715.07,5308.11,41665.45
50127,4/9/2022 4:30:00 AM,22715.20,5308.03,41665.43
50127,4/9/2022 4:31:00 AM,22715.54,5307.80,41665.41
50127,4/9/2022 4:32:00 AM,22715.48,5307.88,41665.39
50127,4/9/2022 4:33:00 AM,22715.74,5307.76,41665.39
50127,4/9/2022 4:34:00 AM,22715.78,5307.60,41665.35
50127,4/9/2022 4:35:00 AM,22716.08,5307.38,41665.35
50127,4/9/2022 4:36:00 AM,22716.30,5307.23,41665.34
50127,4/9/2022 4:37:00 AM,22716.77,5307.10,41665.37
50127,4/9/2022 4:38:00 AM,22717.26,5307.23,41665.39
50127,4/9/2022 4:39:00 AM,22717.49,5307.15,41665.33
50127,4/9/2022 4:40:00 AM,22717.72,5307.08,41665.31
50127,4/9/2022 4:41:00 AM,22718.18,5306.87,41665.32
50127,4/9/2022 4:42:00 AM,22718.69,5306.11,41665.23
50127,4/9/2022 4:43:00 AM,22718.90,5305.73,41665.21
50127,4/9/2022 4:44:00 AM,22719.49,5304.90,41665.15
50127,4/9/2022 4:45:00 AM,22719.92,5303.99,41665.08
50127,4/9/2022 4:46:00 AM,22720.15,5303.12,41665.00
50127,4/9/2022 4:47:00 AM,22720.24,5302.54,41664.98
50127,4/9/2022 4:48:00 AM,22720.72,5301.72,41664.93
50127,4/9/2022 4:49:00 AM,22720.97,5300.78,41664.83
50127,4/9/2022 4:50:00 AM,22721.31,5299.59,41664.72
50127,4/9/2022 4:51:00 AM,22721.30,5298.26,41664.56
50127,4/9/2022 4:52:00 AM,22721.04,5297.40,41664.47
50127,4/9/2022 4:53:00 AM,22720.38,5296.75,41664.38
50127,4/9/2022 4:54:00 AM,22719.83,5296.82,41664.43
50127,4/9/2022 4:55:00 AM,22719.49,5297.13,41664.48
50127,4/9/2022 4:56:00 AM,22718.88,5297.18,41664.43
50127,4/9/2022 4:57:00 AM,22718.06,5297.56,41664.43
50127,4/9/2022 4:58:00 AM,22717.12,5297.77,41664.39
50127,4/9/2022 4:59:00 AM,22716.53,5297.43,41664.35
50127,4/9/2022 5:00:00 AM,22716.51,5297.34,41664.44
50127,4/9/2022 5:01:00 AM,22716.12,5297.22,41664.43
50127,4/9/2022 5:02:00 AM,22715.73,5297.03,41664.43
50127,4/9/2022 5:03:00 AM,22715.49,5296.71,41664.42
50127,4/9/2022 5:04:00 AM,22714.87,5296.84,41664.47
50127,4/9/2022 5:05:00 AM,22714.03,5297.27,41664.51
50127,4/9/2022 5:06:00 AM,22713.11,5297.92,41664.58
50127,4/9/2022 5:07:00 AM,22712.51,5298.66,41664.70
50127,4/9/2022 5:08:00 AM,22712.15,5299.39,41664.82
50127,4/9/2022 5:09:00 AM,22712.31,5300.67,41665.05
50127,4/9/2022 5:10:00 AM,22712.51,5302.01,41665.25
50127,4/9/2022 5:11:00 AM,22713.04,5303.10,41665.42
50127,4/9/2022 5:12:00 AM,22713.70,5304.10,41665.60
50127,4/9/2022 5:13:00 AM,22715.09,5305.74,41665.97
50127,4/9/2022 5:14:00 AM,22715.83,5306.94,41666.09
50127,4/9/2022 5:15:00 AM,22715.94,5307.44,41666.08
50127,4/9/2022 5:16:00 AM,22715.86,5307.52,41666.10
50127,4/9/2022 5:17:00 AM,22715.77,5307.05,41666.10
50127,4/9/2022 5:18:00 AM,22715.44,5307.14,41666.20
50127,4/9/2022 5:19:00 AM,22714.10,5306.93,41666.12
50127,4/9/2022 5:20:00 AM,22712.46,5306.47,41666.03
50127,4/9/2022 5:21:00 AM,22711.41,5305.49,41666.01
50127,4/9/2022 5:22:00 AM,22710.61,5304.20,41665.95
50127,4/9/2022 5:23:00 AM,22710.90,5303.80,41666.17
50127,4/9/2022 5:24:00 AM,22711.43,5304.33,41666.44
50127,4/9/2022 5:25:00 AM,22711.31,5305.32,41666.56
50127,4/9/2022 5:26:00 AM,22710.61,5306.21,41666.61
50127,4/9/2022 5:27:00 AM,22709.87,5306.77,41666.62
50127,4/9/2022 5:28:00 AM,22708.87,5307.23,41666.62
50127,4/9/2022 5:29:00 AM,22708.06,5307.49,41666.62
50127,4/9/2022 5:30:00 AM,22706.76,5307.82,41666.61
50127,4/9/2022 5:31:00 AM,22705.49,5307.71,41666.55
50127,4/9/2022 5:32:00 AM,22704.21,5307.32,41666.49
50127,4/9/2022 5:33:00 AM,22703.13,5307.28,41666.50
50127,4/9/2022 5:34:00 AM,22702.31,5307.37,41666.57
50127,4/9/2022 5:35:00 AM,22701.26,5307.88,41666.59
50127,4/9/2022 5:36:00 AM,22699.74,5308.38,41666.54
50127,4/9/2022 5:37:00 AM,22698.64,5308.92,41666.59
50127,4/9/2022 5:38:00 AM,22697.84,5309.34,41666.61
50127,4/9/2022 5:39:00 AM,22697.33,5309.57,41666.62
50127,4/9/2022 5:40:00 AM,22696.77,5309.70,41666.60
50127,4/9/2022 5:41:00 AM,22696.11,5309.61,41666.54
50127,4/9/2022 5:42:00 AM,22695.90,5309.51,41666.55
50127,4/9/2022 5:43:00 AM,22695.16,5309.59,41666.51
50127,4/9/2022 5:44:00 AM,22694.28,5309.77,41666.45
50127,4/9/2022 5:45:00 AM,22692.89,5309.71,41666.31
50127,4/9/2022 5:46:00 AM,22691.78,5309.71,41666.29
50127,4/9/2022 5:47:00 AM,22691.43,5309.91,41666.34
50127,4/9/2022 5:48:00 AM,22690.91,5310.49,41666.39
50127,4/9/2022 5:49:00 AM,22690.04,5310.90,41666.39
50127,4/9/2022 5:50:00 AM,22690.19,5310.60,41666.40
50127,4/9/2022 5:51:00 AM,22689.56,5311.04,41666.47
50127,4/9/2022 5:52:00 AM,22688.93,5312.31,41666.62
50127,4/9/2022 5:53:00 AM,22689.18,5312.84,41666.72
50127,4/9/2022 5:54:00 AM,22689.66,5313.26,41666.79
50127,4/9/2022 5:55:00 AM,22690.25,5313.61,41666.86
50127,4/9/2022 5:56:00 AM,22690.73,5313.78,41666.89
50127,4/9/2022 5:57:00 AM,22690.98,5313.99,41666.91
50127,4/9/2022 5:58:00 AM,22691.33,5314.78,41667.04
50127,4/9/2022 5:59:00 AM,22692.80,5314.97,41667.15
50127,4/9/2022 6:00:00 AM,22694.36,5314.99,41667.21
50127,4/9/2022 6:01:00 AM,22695.84,5315.46,41667.31
50127,4/9/2022 6:02:00 AM,22697.09,5315.69,41667.31
50127,4/9/2022 6:03:00 AM,22698.51,5316.19,41667.40
50127,4/9/2022 6:04:00 AM,22699.94,5316.79,41667.48
50127,4/9/2022 6:05:00 AM,22701.25,5316.77,41667.43
50127,4/9/2022 6:06:00 AM,22702.09,5316.94,41667.42
50127,4/9/2022 6:07:00 AM,22702.90,5317.02,41667.42
50127,4/9/2022 6:08:00 AM,22704.07,5316.85,41667.45
50127,4/9/2022 6:09:00 AM,22705.11,5316.86,41667.50
50127,4/9/2022 6:10:00 AM,22705.88,5316.58,41667.47
50127,4/9/2022 6:11:00 AM,22706.30,5316.15,41667.43
50127,4/9/2022 6:12:00 AM,22706.52,5315.47,41667.35
50127,4/9/2022 6:13:00 AM,22706.57,5314.51,41667.24
50127,4/9/2022 6:14:00 AM,22706.57,5313.47,41667.16
50127,4/9/2022 6:15:00 AM,22706.33,5312.43,41667.07
50127,4/9/2022 6:16:00 AM,22705.75,5312.11,41667.06
50127,4/9/2022 6:17:00 AM,22705.02,5311.95,41667.01
50127,4/9/2022 6:18:00 AM,22704.20,5312.08,41667.00
50127,4/9/2022 6:19:00 AM,22703.43,5312.33,41666.97
50127,4/9/2022 6:20:00 AM,22702.83,5312.44,41666.93
50127,4/9/2022 6:21:00 AM,22702.16,5312.67,41666.91
50127,4/9/2022 6:22:00 AM,22701.60,5313.14,41666.92
50127,4/9/2022 6:23:00 AM,22701.39,5313.78,41666.97
50127,4/9/2022 6:24:00 AM,22700.80,5314.37,41666.93
50127,4/9/2022 6:25:00 AM,22700.23,5314.84,41666.89
50127,4/9/2022 6:26:00 AM,22699.66,5315.29,41666.86
50127,4/9/2022 6:27:00 AM,22698.98,5315.73,41666.81
50127,4/9/2022 6:28:00 AM,22698.26,5316.36,41666.82
50127,4/9/2022 6:29:00 AM,22697.24,5316.99,41666.79
50127,4/9/2022 6:30:00 AM,22696.26,5317.73,41666.80
50127,4/9/2022 6:31:00 AM,22695.43,5318.55,41666.84
50127,4/9/2022 6:32:00 AM,22694.83,5319.31,41666.89
50127,4/9/2022 6:33:00 AM,22694.49,5320.05,41666.96
50127,4/9/2022 6:34:00 AM,22693.98,5321.02,41667.03
50127,4/9/2022 6:35:00 AM,22693.69,5321.90,41667.11
50127,4/9/2022 6:36:00 AM,22693.42,5322.92,41667.19
50127,4/9/2022 6:37:00 AM,22693.05,5323.75,41667.23
50127,4/9/2022 6:38:00 AM,22692.88,5324.62,41667.32
50127,4/9/2022 6:39:00 AM,22692.83,5325.26,41667.37
50127,4/9/2022 6:40:00 AM,22692.87,5325.66,41667.39
50127,4/9/2022 6:41:00 AM,22692.55,5326.00,41667.39
50127,4/9/2022 6:42:00 AM,22692.46,5326.34,41667.43
50127,4/9/2022 6:43:00 AM,22692.38,5326.44,41667.43
50127,4/9/2022 6:44:00 AM,22692.26,5326.35,41667.40
50127,4/9/2022 6:45:00 AM,22692.17,5326.34,41667.41
50127,4/9/2022 6:46:00 AM,22692.27,5326.51,41667.46
50127,4/9/2022 6:47:00 AM,22692.15,5326.47,41667.45
50127,4/9/2022 6:48:00 AM,22692.20,5326.36,41667.44
50127,4/9/2022 6:49:00 AM,22692.11,5326.07,41667.39
50127,4/9/2022 6:50:00 AM,22692.02,5325.67,41667.37
50127,4/9/2022 6:51:00 AM,22692.14,5325.33,41667.37
50127,4/9/2022 6:52:00 AM,22691.80,5325.12,41667.34
50127,4/9/2022 6:53:00 AM,22691.50,5324.90,41667.32
50127,4/9/2022 6:54:00 AM,22690.99,5324.71,41667.28
50127,4/9/2022 6:55:00 AM,22690.38,5324.42,41667.24
50127,4/9/2022 6:56:00 AM,22689.92,5324.07,41667.22
50127,4/9/2022 6:57:00 AM,22689.02,5323.89,41667.18
50127,4/9/2022 6:58:00 AM,22688.32,5323.81,41667.18
50127,4/9/2022 6:59:00 AM,22687.79,5323.85,41667.20
50127,4/9/2022 7:00:00 AM,22687.30,5323.96,41667.22
50127,4/9/2022 7:01:00 AM,22686.88,5324.14,41667.25
50127,4/9/2022 7:02:00 AM,22686.95,5324.37,41667.32
50127,4/9/2022 7:03:00 AM,22686.99,5324.45,41667.33
50127,4/9/2022 7:04:00 AM,22687.06,5324.40,41667.31
50127,4/9/2022 7:05:00 AM,22687.05,5324.43,41667.31
50127,4/9/2022 7:06:00 AM,22687.23,5324.41,41667.33
50127,4/9/2022 7:07:00 AM,22687.17,5324.44,41667.31
50127,4/9/2022 7:08:00 AM,22687.13,5324.52,41667.31
50127,4/9/2022 7:09:00 AM,22686.72,5324.73,41667.26
50127,4/9/2022 7:10:00 AM,22686.00,5325.02,41667.22
50127,4/9/2022 7:11:00 AM,22685.35,5325.25,41667.20
50127,4/9/2022 7:12:00 AM,22684.82,5325.23,41667.16
50127,4/9/2022 7:13:00 AM,22684.34,5325.31,41667.14
50127,4/9/2022 7:14:00 AM,22684.19,5325.02,41667.11
50127,4/9/2022 7:15:00 AM,22684.14,5324.97,41667.14
50127,4/9/2022 7:16:00 AM,22684.17,5325.16,41667.19
50127,4/9/2022 7:17:00 AM,22684.34,5325.43,41667.22
50127,4/9/2022 7:18:00 AM,22684.62,5325.58,41667.23
50127,4/9/2022 7:19:00 AM,22684.81,5326.10,41667.26
50127,4/9/2022 7:20:00 AM,22684.94,5326.44,41667.26
50127,4/9/2022 7:21:00 AM,22685.41,5326.62,41667.29
50127,4/9/2022 7:22:00 AM,22685.62,5327.46,41667.36
50127,4/9/2022 7:23:00 AM,22686.31,5328.19,41667.47
50127,4/9/2022 7:24:00 AM,22686.63,5328.76,41667.47
50127,4/9/2022 7:25:00 AM,22686.97,5329.22,41667.50
50127,4/9/2022 7:26:00 AM,22687.97,5329.39,41667.58
50127,4/9/2022 7:27:00 AM,22689.09,5329.85,41667.69
50127,4/9/2022 7:28:00 AM,22689.84,5330.42,41667.75
50127,4/9/2022 7:29:00 AM,22690.58,5330.76,41667.78
50127,4/9/2022 7:30:00 AM,22690.99,5330.97,41667.76
50127,4/9/2022 7:31:00 AM,22691.34,5331.15,41667.78
50127,4/9/2022 7:32:00 AM,22691.27,5330.99,41667.71
50127,4/9/2022 7:33:00 AM,22691.02,5330.80,41667.68
50127,4/9/2022 7:34:00 AM,22690.92,5330.26,41667.63
50127,4/9/2022 7:35:00 AM,22690.78,5329.65,41667.59
50127,4/9/2022 7:36:00 AM,22690.43,5328.99,41667.53
50127,4/9/2022 7:37:00 AM,22690.10,5328.34,41667.48
50127,4/9/2022 7:38:00 AM,22689.91,5327.90,41667.48
50127,4/9/2022 7:39:00 AM,22689.61,5327.51,41667.45
50127,4/9/2022 7:40:00 AM,22689.28,5327.20,41667.43
50127,4/9/2022 7:41:00 AM,22689.26,5327.38,41667.53
50127,4/9/2022 7:42:00 AM,22688.94,5327.89,41667.58
50127,4/9/2022 7:43:00 AM,22688.53,5328.40,41667.61
50127,4/9/2022 7:44:00 AM,22688.21,5328.73,41667.62
50127,4/9/2022 7:45:00 AM,22687.95,5328.94,41667.64
50127,4/9/2022 7:46:00 AM,22687.56,5329.41,41667.68
50127,4/9/2022 7:47:00 AM,22687.20,5329.93,41667.72
50127,4/9/2022 7:48:00 AM,22686.86,5330.46,41667.75
50127,4/9/2022 7:49:00 AM,22686.60,5331.00,41667.78
50127,4/9/2022 7:50:00 AM,22686.56,5331.58,41667.83
50127,4/9/2022 7:51:00 AM,22686.67,5331.88,41667.85
50127,4/9/2022 7:52:00 AM,22687.10,5331.88,41667.85
50127,4/9/2022 7:53:00 AM,22687.75,5332.10,41667.90
50127,4/9/2022 7:54:00 AM,22688.35,5332.36,41667.91
50127,4/9/2022 7:55:00 AM,22688.88,5332.23,41667.89
50127,4/9/2022 7:56:00 AM,22689.32,5332.22,41667.86
50127,4/9/2022 7:57:00 AM,22689.49,5332.14,41667.82
50127,4/9/2022 7:58:00 AM,22689.76,5332.20,41667.85
50127,4/9/2022 7:59:00 AM,22690.23,5332.14,41667.86
50127,4/9/2022 8:00:00 AM,22691.00,5331.93,41667.88
50127,4/9/2022 8:01:00 AM,22692.48,5332.03,41668.08
50127,4/9/2022 8:02:00 AM,22694.81,5332.39,41668.33
50127,4/9/2022 8:03:00 AM,22696.47,5333.05,41668.46
50127,4/9/2022 8:04:00 AM,22697.69,5333.28,41668.44
50127,4/9/2022 8:05:00 AM,22698.10,5333.31,41668.39
50127,4/9/2022 8:06:00 AM,22698.09,5333.42,41668.36
50127,4/9/2022 8:07:00 AM,22697.13,5333.60,41668.26
50127,4/9/2022 8:08:00 AM,22695.67,5333.42,41668.13
50127,4/9/2022 8:09:00 AM,22694.52,5333.17,41668.08
50127,4/9/2022 8:10:00 AM,22693.85,5332.63,41668.06
50127,4/9/2022 8:11:00 AM,22693.58,5331.97,41668.03
50127,4/9/2022 8:12:00 AM,22693.19,5331.20,41667.93
50127,4/9/2022 8:13:00 AM,22692.30,5331.05,41667.88
50127,4/9/2022 8:14:00 AM,22691.76,5330.84,41667.83
50127,4/9/2022 8:15:00 AM,22690.85,5330.79,41667.74
50127,4/9/2022 8:16:00 AM,22689.86,5330.67,41667.64
50127,4/9/2022 8:17:00 AM,22688.83,5330.73,41667.57
50127,4/9/2022 8:18:00 AM,22687.97,5330.90,41667.55
50127,4/9/2022 8:19:00 AM,22687.26,5331.05,41667.51
50127,4/9/2022 8:20:00 AM,22686.79,5331.15,41667.49
50127,4/9/2022 8:21:00 AM,22686.27,5331.33,41667.46
50127,4/9/2022 8:22:00 AM,22685.72,5331.50,41667.43
50127,4/9/2022 8:23:00 AM,22685.29,5331.77,41667.44
50127,4/9/2022 8:24:00 AM,22684.65,5331.77,41667.36
50127,4/9/2022 8:25:00 AM,22684.00,5331.39,41667.26
50127,4/9/2022 8:26:00 AM,22683.71,5331.12,41667.26
50127,4/9/2022 8:27:00 AM,22683.56,5330.68,41667.21
50127,4/9/2022 8:28:00 AM,22683.47,5330.08,41667.14
50127,4/9/2022 8:29:00 AM,22683.05,5329.73,41667.07
50127,4/9/2022 8:30:00 AM,22682.62,5329.62,41667.07
50127,4/9/2022 8:31:00 AM,22682.53,5329.54,41667.09
50127,4/9/2022 8:32:00 AM,22682.07,5329.60,41667.04
50127,4/9/2022 8:33:00 AM,22681.48,5329.25,41666.96
50127,4/9/2022 8:34:00 AM,22681.05,5328.54,41666.86
50127,4/9/2022 8:35:00 AM,22680.68,5327.92,41666.81
50127,4/9/2022 8:36:00 AM,22680.82,5327.32,41666.82
50127,4/9/2022 8:37:00 AM,22680.97,5326.70,41666.79
50127,4/9/2022 8:38:00 AM,22681.37,5326.08,41666.79
50127,4/9/2022 8:39:00 AM,22682.27,5325.48,41666.83
50127,4/9/2022 8:40:00 AM,22682.80,5324.78,41666.76
50127,4/9/2022 8:41:00 AM,22683.27,5324.00,41666.70
50127,4/9/2022 8:42:00 AM,22683.33,5323.56,41666.65
50127,4/9/2022 8:43:00 AM,22683.47,5323.17,41666.63
50127,4/9/2022 8:44:00 AM,22683.88,5322.68,41666.61
50127,4/9/2022 8:45:00 AM,22684.66,5321.84,41666.58
50127,4/9/2022 8:46:00 AM,22685.37,5321.50,41666.60
50127,4/9/2022 8:47:00 AM,22685.86,5321.23,41666.59
50127,4/9/2022 8:48:00 AM,22685.91,5320.81,41666.51
50127,4/9/2022 8:49:00 AM,22685.37,5320.86,41666.44
50127,4/9/2022 8:50:00 AM,22684.49,5320.82,41666.37
50127,4/9/2022 8:51:00 AM,22684.14,5320.74,41666.39
50127,4/9/2022 8:52:00 AM,22684.04,5320.94,41666.46
50127,4/9/2022 8:53:00 AM,22684.27,5321.66,41666.60
50127,4/9/2022 8:54:00 AM,22685.93,5321.79,41666.78
50127,4/9/2022 8:55:00 AM,22688.36,5321.06,41666.82
50127,4/9/2022 8:56:00 AM,22689.96,5320.22,41666.75
50127,4/9/2022 8:57:00 AM,22690.82,5319.75,41666.70
50127,4/9/2022 8:58:00 AM,22691.23,5319.41,41666.67
50127,4/9/2022 8:59:00 AM,22691.34,5318.89,41666.60
50127,4/9/2022 9:00:00 AM,22691.15,5318.45,41666.55
50127,4/9/2022 9:01:00 AM,22690.92,5318.55,41666.61
50127,4/9/2022 9:02:00 AM,22690.41,5318.88,41666.64
50127,4/9/2022 9:03:00 AM,22690.09,5319.10,41666.68
50127,4/9/2022 9:04:00 AM,22690.10,5319.24,41666.73
50127,4/9/2022 9:05:00 AM,22690.22,5319.62,41666.82
50127,4/9/2022 9:06:00 AM,22690.78,5320.00,41666.94
50127,4/9/2022 9:07:00 AM,22691.08,5320.42,41666.98
50127,4/9/2022 9:08:00 AM,22691.40,5320.86,41667.08
50127,4/9/2022 9:09:00 AM,22691.89,5321.11,41667.14
50127,4/9/2022 9:10:00 AM,22692.39,5321.50,41667.23
50127,4/9/2022 9:11:00 AM,22693.03,5322.06,41667.38
50127,4/9/2022 9:12:00 AM,22694.15,5322.62,41667.56
50127,4/9/2022 9:13:00 AM,22695.28,5323.01,41667.67
50127,4/9/2022 9:14:00 AM,22696.18,5323.60,41667.79
50127,4/9/2022 9:15:00 AM,22696.81,5324.15,41667.88
50127,4/9/2022 9:16:00 AM,22697.58,5324.33,41667.96
50127,4/9/2022 9:17:00 AM,22698.47,5324.22,41668.01
50127,4/9/2022 9:18:00 AM,22698.99,5324.23,41668.07
50127,4/9/2022 9:19:00 AM,22699.62,5324.48,41668.16
50127,4/9/2022 9:20:00 AM,22700.41,5324.67,41668.28
50127,4/9/2022 9:21:00 AM,22701.33,5325.23,41668.43
50127,4/9/2022 9:22:00 AM,22702.20,5325.65,41668.53
50127,4/9/2022 9:23:00 AM,22703.17,5325.81,41668.60
50127,4/9/2022 9:24:00 AM,22703.97,5325.94,41668.64
50127,4/9/2022 9:25:00 AM,22704.72,5326.49,41668.78
50127,4/9/2022 9:26:00 AM,22705.45,5326.85,41668.85
50127,4/9/2022 9:27:00 AM,22706.23,5327.12,41668.93
50127,4/9/2022 9:28:00 AM,22706.74,5327.41,41668.99
50127,4/9/2022 9:29:00 AM,22706.76,5327.91,41669.03
50127,4/9/2022 9:30:00 AM,22706.97,5328.34,41669.09
50127,4/9/2022 9:31:00 AM,22707.31,5328.74,41669.16
50127,4/9/2022 9:32:00 AM,22707.76,5328.98,41669.21
50127,4/9/2022 9:33:00 AM,22708.24,5329.18,41669.25
50127,4/9/2022 9:34:00 AM,22708.75,5329.40,41669.32
50127,4/9/2022 9:35:00 AM,22709.10,5329.90,41669.39
50127,4/9/2022 9:36:00 AM,22709.54,5330.16,41669.43
50127,4/9/2022 9:37:00 AM,22709.97,5330.53,41669.50
50127,4/9/2022 9:38:00 AM,22710.30,5330.82,41669.52
50127,4/9/2022 9:39:00 AM,22710.51,5331.11,41669.55
50127,4/9/2022 9:40:00 AM,22710.97,5331.53,41669.64
50127,4/9/2022 9:41:00 AM,22711.26,5331.70,41669.65
50127,4/9/2022 9:42:00 AM,22711.33,5331.87,41669.65
50127,4/9/2022 9:43:00 AM,22711.52,5331.94,41669.67
50127,4/9/2022 9:44:00 AM,22711.64,5331.87,41669.64
50127,4/9/2022 9:45:00 AM,22711.72,5331.69,41669.60
50127,4/9/2022 9:46:00 AM,22711.81,5331.63,41669.60
50127,4/9/2022 9:47:00 AM,22712.04,5331.51,41669.59
50127,4/9/2022 9:48:00 AM,22712.18,5331.16,41669.51
50127,4/9/2022 9:49:00 AM,22711.74,5331.03,41669.43
50127,4/9/2022 9:50:00 AM,22711.99,5330.62,41669.40
50127,4/9/2022 9:51:00 AM,22711.75,5330.49,41669.31
50127,4/9/2022 9:52:00 AM,22711.06,5330.82,41669.27
50127,4/9/2022 9:53:00 AM,22710.79,5331.23,41669.27
50127,4/9/2022 9:54:00 AM,22710.59,5331.54,41669.23
50127,4/9/2022 9:55:00 AM,22710.78,5332.00,41669.26
50127,4/9/2022 9:56:00 AM,22711.17,5332.50,41669.31
50127,4/9/2022 9:57:00 AM,22711.79,5333.16,41669.38
50127,4/9/2022 9:58:00 AM,22712.56,5333.76,41669.41
50127,4/9/2022 9:59:00 AM,22713.07,5333.79,41669.32
50127,4/9/2022 10:00:00 AM,22713.49,5333.78,41669.28
50127,4/9/2022 10:01:00 AM,22713.63,5333.85,41669.23
50127,4/9/2022 10:02:00 AM,22713.45,5334.06,41669.19
50127,4/9/2022 10:03:00 AM,22713.37,5334.37,41669.19
50127,4/9/2022 10:04:00 AM,22713.33,5334.76,41669.21
50127,4/9/2022 10:05:00 AM,22713.52,5335.00,41669.21
50127,4/9/2022 10:06:00 AM,22713.49,5335.17,41669.16
50127,4/9/2022 10:07:00 AM,22713.34,5335.26,41669.12
50127,4/9/2022 10:08:00 AM,22713.13,5335.37,41669.09
50127,4/9/2022 10:09:00 AM,22713.24,5335.69,41669.14
50127,4/9/2022 10:10:00 AM,22713.34,5336.31,41669.19
50127,4/9/2022 10:11:00 AM,22713.19,5336.84,41669.19
50127,4/9/2022 10:12:00 AM,22712.96,5337.29,41669.18
50127,4/9/2022 10:13:00 AM,22712.80,5337.57,41669.16
50127,4/9/2022 10:14:00 AM,22712.75,5337.55,41669.14
50127,4/9/2022 10:15:00 AM,22712.83,5337.39,41669.12
50127,4/9/2022 10:16:00 AM,22713.29,5337.23,41669.16
50127,4/9/2022 10:17:00 AM,22713.44,5337.38,41669.17
50127,4/9/2022 10:18:00 AM,22713.52,5337.73,41669.20
50127,4/9/2022 10:19:00 AM,22713.30,5338.29,41669.25
50127,4/9/2022 10:20:00 AM,22713.09,5338.83,41669.27
50127,4/9/2022 10:21:00 AM,22712.70,5339.43,41669.31
50127,4/9/2022 10:22:00 AM,22712.23,5339.94,41669.33
50127,4/9/2022 10:23:00 AM,22711.70,5340.32,41669.32
50127,4/9/2022 10:24:00 AM,22711.28,5340.84,41669.39
50127,4/9/2022 10:25:00 AM,22711.07,5341.56,41669.50
50127,4/9/2022 10:26:00 AM,22710.91,5341.90,41669.52
50127,4/9/2022 10:27:00 AM,22710.72,5342.58,41669.63
50127,4/9/2022 10:28:00 AM,22710.41,5343.28,41669.68
50127,4/9/2022 10:29:00 AM,22710.29,5343.76,41669.75
50127,4/9/2022 10:30:00 AM,22710.05,5343.63,41669.66
50127,4/9/2022 10:31:00 AM,22709.56,5343.56,41669.67
50127,4/9/2022 10:32:00 AM,22708.87,5344.08,41669.76
50127,4/9/2022 10:33:00 AM,22708.91,5344.53,41669.88
50127,4/9/2022 10:34:00 AM,22708.54,5345.19,41669.96
50127,4/9/2022 10:35:00 AM,22708.41,5345.92,41670.06
50127,4/9/2022 10:36:00 AM,22708.14,5346.78,41670.15
50127,4/9/2022 10:37:00 AM,22708.01,5346.97,41670.15
50127,4/9/2022 10:38:00 AM,22707.73,5347.00,41670.14
50127,4/9/2022 10:39:00 AM,22707.43,5347.07,41670.16
50127,4/9/2022 10:40:00 AM,22707.23,5347.18,41670.19
50127,4/9/2022 10:41:00 AM,22707.36,5346.74,41670.17
50127,4/9/2022 10:42:00 AM,22707.71,5346.47,41670.22
50127,4/9/2022 10:43:00 AM,22708.09,5346.01,41670.18
50127,4/9/2022 10:44:00 AM,22708.13,5344.04,41669.86
50127,4/9/2022 10:45:00 AM,22708.32,5344.15,41670.10
50127,4/9/2022 10:46:00 AM,22710.07,5344.23,41670.30
50127,4/9/2022 10:47:00 AM,22710.28,5343.28,41670.03
50127,4/9/2022 10:48:00 AM,22709.32,5342.61,41669.85
50127,4/9/2022 10:49:00 AM,22708.61,5342.43,41669.85
50127,4/9/2022 10:50:00 AM,22707.71,5341.94,41669.76
50127,4/9/2022 10:51:00 AM,22707.16,5341.97,41669.81
50127,4/9/2022 10:52:00 AM,22705.67,5342.08,41669.71
50127,4/9/2022 10:53:00 AM,22703.99,5342.71,41669.71
50127,4/9/2022 10:54:00 AM,22702.91,5342.77,41669.69
50127,4/9/2022 10:55:00 AM,22703.20,5343.03,41669.85
50127,4/9/2022 10:56:00 AM,22703.58,5343.21,41669.91
50127,4/9/2022 10:57:00 AM,22703.76,5343.58,41669.94
50127,4/9/2022 10:58:00 AM,22703.73,5344.41,41670.03
50127,4/9/2022 10:59:00 AM,22704.00,5345.86,41670.21
50127,4/9/2022 11:00:00 AM,22704.29,5347.06,41670.31
50127,4/9/2022 11:01:00 AM,22704.48,5348.60,41670.47
50127,4/9/2022 11:02:00 AM,22704.40,5349.56,41670.46
50127,4/9/2022 11:03:00 AM,22704.27,5350.85,41670.58
50127,4/9/2022 11:04:00 AM,22704.27,5352.15,41670.71
50127,4/9/2022 11:05:00 AM,22705.50,5352.71,41670.86
50127,4/9/2022 11:06:00 AM,22706.94,5353.46,41671.06
50127,4/9/2022 11:07:00 AM,22708.65,5354.63,41671.31
50127,4/9/2022 11:08:00 AM,22711.07,5355.48,41671.54
50127,4/9/2022 11:09:00 AM,22713.39,5355.36,41671.57
50127,4/9/2022 11:10:00 AM,22715.17,5354.65,41671.52
50127,4/9/2022 11:11:00 AM,22716.45,5353.23,41671.37
50127,4/9/2022 11:12:00 AM,22716.83,5351.71,41671.18
50127,4/9/2022 11:13:00 AM,22716.01,5349.77,41670.88
50127,4/9/2022 11:14:00 AM,22714.80,5347.64,41670.63
50127,4/9/2022 11:15:00 AM,22713.62,5345.72,41670.46
50127,4/9/2022 11:16:00 AM,22712.77,5344.60,41670.46
50127,4/9/2022 11:17:00 AM,22712.66,5344.33,41670.59
50127,4/9/2022 11:18:00 AM,22712.94,5344.93,41670.77
50127,4/9/2022 11:19:00 AM,22713.72,5345.70,41670.90
50127,4/9/2022 11:20:00 AM,22713.30,5345.96,41670.72
50127,4/9/2022 11:21:00 AM,22712.39,5346.12,41670.58
50127,4/9/2022 11:22:00 AM,22712.99,5346.17,41670.68
50127,4/9/2022 11:23:00 AM,22714.00,5345.90,41670.71
50127,4/9/2022 11:24:00 AM,22714.57,5345.94,41670.71
50127,4/9/2022 11:25:00 AM,22715.14,5345.45,41670.63
50127,4/9/2022 11:26:00 AM,22714.76,5344.25,41670.36
50127,4/9/2022 11:27:00 AM,22712.78,5343.84,41670.14
50127,4/9/2022 11:28:00 AM,22711.07,5343.58,41670.03
50127,4/9/2022 11:29:00 AM,22709.43,5343.30,41669.93
50127,4/9/2022 11:30:00 AM,22708.50,5343.20,41669.93
50127,4/9/2022 11:31:00 AM,22708.53,5343.81,41670.12
50127,4/9/2022 11:32:00 AM,22709.73,5344.32,41670.27
50127,4/9/2022 11:33:00 AM,22711.11,5344.80,41670.36
50127,4/9/2022 11:34:00 AM,22712.33,5344.87,41670.34
50127,4/9/2022 11:35:00 AM,22713.38,5344.79,41670.31
50127,4/9/2022 11:36:00 AM,22714.22,5344.48,41670.23
50127,4/9/2022 11:37:00 AM,22714.22,5344.22,41670.11
50127,4/9/2022 11:38:00 AM,22714.20,5343.83,41670.05
50127,4/9/2022 11:39:00 AM,22714.01,5343.44,41669.98
50127,4/9/2022 11:40:00 AM,22713.64,5343.11,41669.90
50127,4/9/2022 11:41:00 AM,22713.57,5342.91,41669.92
50127,4/9/2022 11:42:00 AM,22713.82,5342.68,41669.94
50127,4/9/2022 11:43:00 AM,22714.14,5342.49,41669.95
50127,4/9/2022 11:44:00 AM,22714.77,5342.52,41670.02
50127,4/9/2022 11:45:00 AM,22715.43,5342.47,41670.04
50127,4/9/2022 11:46:00 AM,22715.81,5342.56,41670.04
50127,4/9/2022 11:47:00 AM,22716.38,5342.52,41670.06
50127,4/9/2022 11:48:00 AM,22716.54,5342.36,41670.00
50127,4/9/2022 11:49:00 AM,22716.70,5342.07,41669.95
50127,4/9/2022 11:50:00 AM,22716.42,5341.53,41669.82
50127,4/9/2022 11:51:00 AM,22715.97,5340.85,41669.70
50127,4/9/2022 11:52:00 AM,22715.49,5340.13,41669.59
50127,4/9/2022 11:53:00 AM,22715.03,5339.64,41669.53
50127,4/9/2022 11:54:00 AM,22714.35,5339.59,41669.50
50127,4/9/2022 11:55:00 AM,22714.15,5339.86,41669.55
50127,4/9/2022 11:56:00 AM,22714.44,5340.01,41669.59
50127,4/9/2022 11:57:00 AM,22714.90,5340.06,41669.60
50127,4/9/2022 11:58:00 AM,22715.33,5340.01,41669.57
50127,4/9/2022 11:59:00 AM,22715.42,5339.72,41669.46
50127,4/9/2022 12:00:00 PM,22714.97,5339.30,41669.32
50127,4/9/2022 12:01:00 PM,22714.98,5339.40,41669.38
50127,4/9/2022 12:02:00 PM,22715.89,5339.55,41669.50
50127,4/9/2022 12:03:00 PM,22716.30,5339.61,41669.46
50127,4/9/2022 12:04:00 PM,22716.24,5339.90,41669.46
50127,4/9/2022 12:05:00 PM,22716.37,5340.20,41669.47
50127,4/9/2022 12:06:00 PM,22716.46,5340.53,41669.47
50127,4/9/2022 12:07:00 PM,22716.65,5341.04,41669.55
50127,4/9/2022 12:08:00 PM,22717.58,5341.26,41669.64
50127,4/9/2022 12:09:00 PM,22718.83,5341.23,41669.69
50127,4/9/2022 12:10:00 PM,22719.63,5341.16,41669.69
50127,4/9/2022 12:11:00 PM,22720.16,5341.36,41669.72
50127,4/9/2022 12:12:00 PM,22720.38,5341.45,41669.70
50127,4/9/2022 12:13:00 PM,22720.50,5341.33,41669.68
50127,4/9/2022 12:14:00 PM,22720.78,5341.16,41669.69
50127,4/9/2022 12:15:00 PM,22721.02,5341.07,41669.73
50127,4/9/2022 12:16:00 PM,22721.51,5341.06,41669.79
50127,4/9/2022 12:17:00 PM,22721.80,5341.20,41669.84
50127,4/9/2022 12:18:00 PM,22722.09,5341.49,41669.89
50127,4/9/2022 12:19:00 PM,22722.22,5341.61,41669.88
50127,4/9/2022 12:20:00 PM,22722.26,5341.70,41669.89
50127,4/9/2022 12:21:00 PM,22722.31,5341.57,41669.88
50127,4/9/2022 12:22:00 PM,22722.40,5341.48,41669.89
50127,4/9/2022 12:23:00 PM,22722.41,5341.13,41669.86
50127,4/9/2022 12:24:00 PM,22722.15,5340.97,41669.83
50127,4/9/2022 12:25:00 PM,22721.62,5341.14,41669.84
50127,4/9/2022 12:26:00 PM,22721.41,5341.31,41669.89
50127,4/9/2022 12:27:00 PM,22721.82,5341.38,41669.96
50127,4/9/2022 12:28:00 PM,22721.97,5341.10,41669.91
50127,4/9/2022 12:29:00 PM,22721.46,5341.25,41669.88
50127,4/9/2022 12:30:00 PM,22721.25,5341.39,41669.91
50127,4/9/2022 12:31:00 PM,22721.28,5341.62,41669.94
50127,4/9/2022 12:32:00 PM,22721.30,5341.80,41669.97
50127,4/9/2022 12:33:00 PM,22721.38,5341.89,41669.98
50127,4/9/2022 12:34:00 PM,22721.65,5342.08,41670.03
50127,4/9/2022 12:35:00 PM,22721.81,5342.12,41670.03
50127,4/9/2022 12:36:00 PM,22722.17,5342.19,41670.08
50127,4/9/2022 12:37:00 PM,22722.58,5342.37,41670.14
50127,4/9/2022 12:38:00 PM,22722.90,5342.44,41670.14
50127,4/9/2022 12:39:00 PM,22722.64,5342.35,41670.06
50127,4/9/2022 12:40:00 PM,22721.76,5342.38,41669.99
50127,4/9/2022 12:41:00 PM,22721.23,5342.34,41669.98
50127,4/9/2022 12:42:00 PM,22720.94,5342.49,41670.04
50127,4/9/2022 12:43:00 PM,22721.30,5342.74,41670.15
50127,4/9/2022 12:44:00 PM,22722.12,5342.76,41670.23
50127,4/9/2022 12:45:00 PM,22723.40,5342.38,41670.28
50127,4/9/2022 12:46:00 PM,22724.18,5341.85,41670.21
50127,4/9/2022 12:47:00 PM,22723.98,5341.73,41670.15
50127,4/9/2022 12:48:00 PM,22723.68,5341.62,41670.11
50127,4/9/2022 12:49:00 PM,22723.13,5341.74,41670.11
50127,4/9/2022 12:50:00 PM,22722.50,5341.94,41670.10
50127,4/9/2022 12:51:00 PM,22720.69,5341.86,41669.90
50127,4/9/2022 12:52:00 PM,22717.34,5342.56,41669.76
50127,4/9/2022 12:53:00 PM,22714.81,5343.03,41669.75
50127,4/9/2022 12:54:00 PM,22713.53,5343.92,41669.99
50127,4/9/2022 12:55:00 PM,22714.61,5345.75,41670.50
50127,4/9/2022 12:56:00 PM,22718.68,5345.68,41670.74
50127,4/9/2022 12:57:00 PM,22721.57,5344.16,41670.51
50127,4/9/2022 12:58:00 PM,22722.75,5343.04,41670.31
50127,4/9/2022 12:59:00 PM,22722.91,5341.65,41670.04
50127,4/9/2022 1:00:00 PM,22722.19,5341.09,41669.98
50127,4/9/2022 1:01:00 PM,22720.83,5340.89,41669.92
50127,4/9/2022 1:02:00 PM,22718.88,5341.78,41670.02
50127,4/9/2022 1:03:00 PM,22717.91,5343.04,41670.27
50127,4/9/2022 1:04:00 PM,22718.22,5344.11,41670.47
50127,4/9/2022 1:05:00 PM,22719.64,5343.91,41670.57
50127,4/9/2022 1:06:00 PM,22721.26,5342.49,41670.49
50127,4/9/2022 1:07:00 PM,22722.06,5341.16,41670.43
50127,4/9/2022 1:08:00 PM,22722.77,5340.51,41670.50
50127,4/9/2022 1:09:00 PM,22723.26,5340.05,41670.53
50127,4/9/2022 1:10:00 PM,22723.09,5339.88,41670.52
50127,4/9/2022 1:11:00 PM,22722.36,5340.39,41670.59
50127,4/9/2022 1:12:00 PM,22721.67,5341.46,41670.72
50127,4/9/2022 1:13:00 PM,22721.07,5342.72,41670.82
50127,4/9/2022 1:14:00 PM,22720.99,5343.02,41670.81
50127,4/9/2022 1:15:00 PM,22720.49,5343.12,41670.79
50127,4/9/2022 1:16:00 PM,22720.15,5343.46,41670.83
50127,4/9/2022 1:17:00 PM,22719.96,5343.50,41670.81
50127,4/9/2022 1:18:00 PM,22719.90,5343.34,41670.79
50127,4/9/2022 1:19:00 PM,22720.06,5343.20,41670.79
50127,4/9/2022 1:20:00 PM,22720.06,5343.12,41670.75
50127,4/9/2022 1:21:00 PM,22720.39,5342.66,41670.70
50127,4/9/2022 1:22:00 PM,22720.07,5342.49,41670.62
50127,4/9/2022 1:23:00 PM,22720.03,5341.88,41670.53
50127,4/9/2022 1:24:00 PM,22719.59,5343.06,41670.76
50127,4/9/2022 1:25:00 PM,22724.56,5343.41,41671.22
50127,4/9/2022 1:26:00 PM,22729.08,5340.60,41670.82
50127,4/9/2022 1:27:00 PM,22730.09,5339.27,41670.54
50127,4/9/2022 1:28:00 PM,22730.67,5338.88,41670.60
50127,4/9/2022 1:29:00 PM,22730.44,5338.86,41670.68
50127,4/9/2022 1:30:00 PM,22729.43,5340.17,41670.95
50127,4/9/2022 1:31:00 PM,22727.87,5341.55,41671.16
50127,4/9/2022 1:32:00 PM,22726.60,5343.03,41671.42
50127,4/9/2022 1:33:00 PM,22725.32,5344.23,41671.60
50127,4/9/2022 1:34:00 PM,22724.30,5346.17,41671.93
50127,4/9/2022 1:35:00 PM,22723.89,5348.11,41672.26
50127,4/9/2022 1:36:00 PM,22724.19,5349.58,41672.47
50127,4/9/2022 1:37:00 PM,22724.55,5350.29,41672.51
50127,4/9/2022 1:38:00 PM,22723.44,5351.58,41672.56
50127,4/9/2022 1:39:00 PM,22722.38,5353.18,41672.74
50127,4/9/2022 1:40:00 PM,22721.99,5354.40,41672.83
50127,4/9/2022 1:41:00 PM,22721.55,5355.08,41672.79
50127,4/9/2022 1:42:00 PM,22721.66,5355.58,41672.81
50127,4/9/2022 1:43:00 PM,22722.19,5355.65,41672.72
50127,4/9/2022 1:44:00 PM,22722.44,5355.92,41672.66
50127,4/9/2022 1:45:00 PM,22722.64,5355.88,41672.51
50127,4/9/2022 1:46:00 PM,22722.74,5355.93,41672.38
50127,4/9/2022 1:47:00 PM,22722.62,5356.28,41672.27
50127,4/9/2022 1:48:00 PM,22722.58,5356.44,41672.14
50127,4/9/2022 1:49:00 PM,22722.74,5356.52,41672.00
50127,4/9/2022 1:50:00 PM,22722.72,5356.34,41671.80
50127,4/9/2022 1:51:00 PM,22722.58,5356.38,41671.68
50127,4/9/2022 1:52:00 PM,22722.68,5357.11,41671.75
50127,4/9/2022 1:53:00 PM,22722.80,5357.80,41671.75
50127,4/9/2022 1:54:00 PM,22723.26,5358.26,41671.73
50127,4/9/2022 1:55:00 PM,22723.85,5358.40,41671.63
50127,4/9/2022 1:56:00 PM,22723.86,5358.39,41671.45
50127,4/9/2022 1:57:00 PM,22723.15,5358.90,41671.36
50127,4/9/2022 1:58:00 PM,22722.31,5359.52,41671.33
50127,4/9/2022 1:59:00 PM,22721.46,5359.91,41671.26
50127,4/9/2022 2:00:00 PM,22720.88,5360.28,41671.22
50127,4/9/2022 2:01:00 PM,22720.75,5360.80,41671.23
50127,4/9/2022 2:02:00 PM,22720.92,5360.67,41671.14
50127,4/9/2022 2:03:00 PM,22720.98,5360.37,41670.99
50127,4/9/2022 2:04:00 PM,22720.68,5360.33,41670.89
50127,4/9/2022 2:05:00 PM,22720.42,5360.52,41670.86
50127,4/9/2022 2:06:00 PM,22720.40,5360.75,41670.84
50127,4/9/2022 2:07:00 PM,22720.33,5360.49,41670.71
50127,4/9/2022 2:08:00 PM,22720.39,5360.02,41670.57
50127,4/9/2022 2:09:00 PM,22720.20,5359.69,41670.43
50127,4/9/2022 2:10:00 PM,22720.01,5359.05,41670.22
50127,4/9/2022 2:11:00 PM,22719.13,5356.10,41669.48
50127,4/9/2022 2:12:00 PM,22715.21,5354.95,41668.99
50127,4/9/2022 2:13:00 PM,22710.67,5356.61,41669.04
50127,4/9/2022 2:14:00 PM,22708.63,5357.33,41669.07
50127,4/9/2022 2:15:00 PM,22708.78,5356.04,41668.87
50127,4/9/2022 2:16:00 PM,22710.03,5353.45,41668.49
50127,4/9/2022 2:17:00 PM,22711.42,5350.15,41667.95
50127,4/9/2022 2:18:00 PM,22712.89,5346.29,41667.32
50127,4/9/2022 2:19:00 PM,22713.91,5343.49,41666.87
50127,4/9/2022 2:20:00 PM,22714.83,5341.34,41666.44
50127,4/9/2022 2:21:00 PM,22714.94,5340.08,41666.07
50127,4/9/2022 2:22:00 PM,22714.06,5340.09,41665.83
50127,4/9/2022 2:23:00 PM,22712.86,5340.41,41665.66
50127,4/9/2022 2:24:00 PM,22711.69,5341.39,41665.61
50127,4/9/2022 2:25:00 PM,22710.98,5341.66,41665.50
50127,4/9/2022 2:26:00 PM,22710.57,5341.70,41665.39
50127,4/9/2022 2:27:00 PM,22710.27,5341.60,41665.30
50127,4/9/2022 2:28:00 PM,22710.15,5341.51,41665.21
50127,4/9/2022 2:29:00 PM,22710.13,5341.57,41665.15
50127,4/9/2022 2:30:00 PM,22710.09,5342.14,41665.21
50127,4/9/2022 2:31:00 PM,22710.13,5342.84,41665.27
50127,4/9/2022 2:32:00 PM,22710.02,5343.60,41665.34
50127,4/9/2022 2:33:00 PM,22709.60,5344.76,41665.47
50127,4/9/2022 2:34:00 PM,22709.77,5345.44,41665.58
50127,4/9/2022 2:35:00 PM,22710.62,5345.57,41665.67
50127,4/9/2022 2:36:00 PM,22710.67,5346.31,41665.82
50127,4/9/2022 2:37:00 PM,22710.26,5347.39,41666.04
50127,4/9/2022 2:38:00 PM,22709.89,5348.21,41666.21
50127,4/9/2022 2:39:00 PM,22709.85,5348.63,41666.36
50127,4/9/2022 2:40:00 PM,22708.99,5349.06,41666.42
50127,4/9/2022 2:41:00 PM,22707.61,5349.90,41666.54
50127,4/9/2022 2:42:00 PM,22706.10,5350.83,41666.70
50127,4/9/2022 2:43:00 PM,22705.23,5351.88,41666.93
50127,4/9/2022 2:44:00 PM,22705.77,5351.11,41666.92
50127,4/9/2022 2:45:00 PM,22705.78,5350.94,41667.03
50127,4/9/2022 2:46:00 PM,22705.49,5351.40,41667.16
50127,4/9/2022 2:47:00 PM,22705.72,5351.29,41667.19
50127,4/9/2022 2:48:00 PM,22705.91,5350.66,41667.15
50127,4/9/2022 2:49:00 PM,22706.46,5349.52,41667.08
50127,4/9/2022 2:50:00 PM,22707.01,5348.63,41667.06
50127,4/9/2022 2:51:00 PM,22706.74,5348.61,41667.08
50127,4/9/2022 2:52:00 PM,22706.06,5349.17,41667.13
50127,4/9/2022 2:53:00 PM,22705.72,5349.53,41667.20
50127,4/9/2022 2:54:00 PM,22705.31,5349.93,41667.27
50127,4/9/2022 2:55:00 PM,22704.98,5350.35,41667.32
50127,4/9/2022 2:56:00 PM,22704.20,5351.21,41667.42
50127,4/9/2022 2:57:00 PM,22704.51,5351.48,41667.48
50127,4/9/2022 2:58:00 PM,22705.10,5350.44,41667.37
50127,4/9/2022 2:59:00 PM,22705.18,5350.31,41667.39
50127,4/9/2022 3:00:00 PM,22704.72,5350.78,41667.46
50127,4/9/2022 3:01:00 PM,22703.87,5352.02,41667.60
50127,4/9/2022 3:02:00 PM,22702.87,5353.29,41667.70
50127,4/9/2022 3:03:00 PM,22702.63,5354.14,41667.80
50127,4/9/2022 3:04:00 PM,22703.80,5354.67,41667.95
50127,4/9/2022 3:05:00 PM,22703.73,5354.34,41667.87
50127,4/9/2022 3:06:00 PM,22702.93,5355.64,41668.08
50127,4/9/2022 3:07:00 PM,22701.12,5357.77,41668.30
50127,4/9/2022 3:08:00 PM,22699.03,5360.96,41668.69
50127,4/9/2022 3:09:00 PM,22698.43,5363.17,41668.95
50127,4/9/2022 3:10:00 PM,22698.63,5362.31,41668.76
50127,4/9/2022 3:11:00 PM,22696.03,5362.15,41668.61
50127,4/9/2022 3:12:00 PM,22693.83,5365.02,41668.93
50127,4/9/2022 3:13:00 PM,22694.66,5364.53,41668.77
50127,4/9/2022 3:14:00 PM,22698.06,5360.09,41668.27
50127,4/9/2022 3:15:00 PM,22700.37,5354.75,41667.60
50127,4/9/2022 3:16:00 PM,22700.44,5351.70,41667.26
50127,4/9/2022 3:17:00 PM,22699.76,5350.48,41667.08
50127,4/9/2022 3:18:00 PM,22699.58,5349.95,41667.00
50127,4/9/2022 3:19:00 PM,22698.76,5348.77,41666.71
50127,4/9/2022 3:20:00 PM,22697.86,5349.44,41666.75
50127,4/9/2022 3:21:00 PM,22697.80,5349.38,41666.60
50127,4/9/2022 3:22:00 PM,22698.58,5348.34,41666.41
50127,4/9/2022 3:23:00 PM,22699.43,5346.59,41666.08
50127,4/9/2022 3:24:00 PM,22699.65,5345.12,41665.81
50127,4/9/2022 3:25:00 PM,22698.73,5345.90,41665.79
50127,4/9/2022 3:26:00 PM,22698.08,5346.96,41665.72
50127,4/9/2022 3:27:00 PM,22697.33,5347.67,41665.57
50127,4/9/2022 3:28:00 PM,22696.82,5347.65,41665.38
50127,4/9/2022 3:29:00 PM,22696.93,5346.81,41665.18
50127,4/9/2022 3:30:00 PM,22696.83,5346.40,41665.02
50127,4/9/2022 3:31:00 PM,22696.19,5346.20,41664.84
50127,4/9/2022 3:32:00 PM,22695.15,5346.64,41664.74
50127,4/9/2022 3:33:00 PM,22694.25,5347.88,41664.74
50127,4/9/2022 3:34:00 PM,22694.49,5348.23,41664.68
50127,4/9/2022 3:35:00 PM,22693.17,5349.05,41664.57
50127,4/9/2022 3:36:00 PM,22691.37,5350.32,41664.51
50127,4/9/2022 3:37:00 PM,22689.45,5352.05,41664.48
50127,4/9/2022 3:38:00 PM,22687.34,5353.85,41664.41
50127,4/9/2022 3:39:00 PM,22686.63,5353.85,41664.23
50127,4/9/2022 3:40:00 PM,22686.19,5353.65,41664.08
50127,4/9/2022 3:41:00 PM,22685.58,5353.24,41663.86
50127,4/9/2022 3:42:00 PM,22683.50,5353.76,41663.68
50127,4/9/2022 3:43:00 PM,22681.02,5355.55,41663.60
50127,4/9/2022 3:44:00 PM,22678.62,5356.73,41663.38
50127,4/9/2022 3:45:00 PM,22677.41,5357.43,41663.24
50127,4/9/2022 3:46:00 PM,22677.06,5356.27,41662.88
50127,4/9/2022 3:47:00 PM,22676.30,5355.14,41662.59
50127,4/9/2022 3:48:00 PM,22675.97,5354.35,41662.37
50127,4/9/2022 3:49:00 PM,22676.12,5352.83,41662.05
50127,4/9/2022 3:50:00 PM,22676.65,5350.63,41661.66
50127,4/9/2022 3:51:00 PM,22676.61,5349.47,41661.45
50127,4/9/2022 3:52:00 PM,22676.44,5347.41,41660.99
50127,4/9/2022 3:53:00 PM,22676.66,5345.78,41660.75
50127,4/9/2022 3:54:00 PM,22676.71,5345.28,41660.53
50127,4/9/2022 3:55:00 PM,22676.93,5343.54,41660.08
50127,4/9/2022 3:56:00 PM,22676.41,5342.25,41659.68
50127,4/9/2022 3:57:00 PM,22675.67,5341.79,41659.40
50127,4/9/2022 3:58:00 PM,22675.30,5340.81,41659.07
50127,4/9/2022 3:59:00 PM,22675.28,5339.24,41658.70
50127,4/9/2022 4:00:00 PM,22676.30,5337.93,41658.53
50127,4/9/2022 4:01:00 PM,22676.42,5336.60,41658.21
50127,4/9/2022 4:02:00 PM,22675.37,5337.19,41658.06
50127,4/9/2022 4:03:00 PM,22674.36,5337.99,41657.87
50127,4/9/2022 4:04:00 PM,22673.47,5338.71,41657.64
50127,4/9/2022 4:05:00 PM,22673.35,5337.34,41657.18
50127,4/9/2022 4:06:00 PM,22674.24,5335.53,41656.86
50127,4/9/2022 4:07:00 PM,22674.69,5334.29,41656.62
50127,4/9/2022 4:08:00 PM,22674.16,5332.98,41656.22
50127,4/9/2022 4:09:00 PM,22672.20,5334.42,41656.10
50127,4/9/2022 4:10:00 PM,22672.94,5333.16,41655.79
50127,4/9/2022 4:11:00 PM,22674.40,5330.91,41655.44
50127,4/9/2022 4:12:00 PM,22674.43,5329.32,41655.10
50127,4/9/2022 4:13:00 PM,22674.92,5328.22,41654.89
50127,4/9/2022 4:14:00 PM,22675.59,5326.50,41654.57
50127,4/9/2022 4:15:00 PM,22676.18,5324.62,41654.29
50127,4/9/2022 4:16:00 PM,22677.59,5323.04,41654.16
50127,4/9/2022 4:17:00 PM,22678.73,5321.63,41653.91
50127,4/9/2022 4:18:00 PM,22679.97,5319.61,41653.58
50127,4/9/2022 4:19:00 PM,22681.23,5317.67,41653.33
50127,4/9/2022 4:20:00 PM,22682.93,5315.71,41653.13
50127,4/9/2022 4:21:00 PM,22684.83,5313.68,41652.89
50127,4/9/2022 4:22:00 PM,22686.54,5312.46,41652.75
50127,4/9/2022 4:23:00 PM,22688.98,5310.42,41652.53
50127,4/9/2022 4:24:00 PM,22691.83,5309.02,41652.48
50127,4/9/2022 4:25:00 PM,22694.36,5307.98,41652.31
50127,4/9/2022 4:26:00 PM,22696.56,5305.81,41651.98
50127,4/9/2022 4:27:00 PM,22697.83,5304.79,41651.78
50127,4/9/2022 4:28:00 PM,22699.03,5303.88,41651.62
50127,4/9/2022 4:29:00 PM,22700.44,5302.79,41651.48
50127,4/9/2022 4:30:00 PM,22701.10,5302.64,41651.35
50127,4/9/2022 4:31:00 PM,22701.98,5302.58,41651.32
50127,4/9/2022 4:32:00 PM,22702.59,5302.40,41651.21
50127,4/9/2022 4:33:00 PM,22703.40,5302.24,41651.15
50127,4/9/2022 4:34:00 PM,22705.29,5301.34,41651.12
50127,4/9/2022 4:35:00 PM,22707.87,5300.10,41651.10
50127,4/9/2022 4:36:00 PM,22708.58,5299.71,41651.01
50127,4/9/2022 4:37:00 PM,22708.68,5299.81,41651.00
50127,4/9/2022 4:38:00 PM,22709.38,5300.01,41651.09
50127,4/9/2022 4:39:00 PM,22709.63,5300.82,41651.21
50127,4/9/2022 4:40:00 PM,22709.60,5302.32,41651.37
50127,4/9/2022 4:41:00 PM,22709.49,5303.85,41651.50
50127,4/9/2022 4:42:00 PM,22709.59,5304.92,41651.58
50127,4/9/2022 4:43:00 PM,22709.26,5305.98,41651.64
50127,4/9/2022 4:44:00 PM,22709.15,5306.75,41651.71
50127,4/9/2022 4:45:00 PM,22708.58,5308.96,41651.97
50127,4/9/2022 4:46:00 PM,22707.61,5311.18,41652.09
50127,4/9/2022 4:47:00 PM,22707.24,5313.11,41652.24
50127,4/9/2022 4:48:00 PM,22706.67,5314.25,41652.23
50127,4/9/2022 4:49:00 PM,22705.80,5315.21,41652.27
50127,4/9/2022 4:50:00 PM,22705.44,5316.16,41652.39
50127,4/9/2022 4:51:00 PM,22704.89,5316.62,41652.38
50127,4/9/2022 4:52:00 PM,22704.17,5317.59,41652.49
50127,4/9/2022 4:53:00 PM,22703.56,5318.59,41652.55
50127,4/9/2022 4:54:00 PM,22703.18,5319.12,41652.57
50127,4/9/2022 4:55:00 PM,22703.03,5319.58,41652.65
50127,4/9/2022 4:56:00 PM,22702.82,5320.00,41652.69
50127,4/9/2022 4:57:00 PM,22703.27,5320.19,41652.78
50127,4/9/2022 4:58:00 PM,22703.47,5320.33,41652.81
50127,4/9/2022 4:59:00 PM,22703.67,5320.49,41652.82
50127,4/9/2022 5:00:00 PM,22704.63,5320.16,41652.85
50127,4/9/2022 5:01:00 PM,22705.32,5319.53,41652.79
50127,4/9/2022 5:02:00 PM,22704.96,5319.71,41652.79
50127,4/9/2022 5:03:00 PM,22704.09,5320.52,41652.83
50127,4/9/2022 5:04:00 PM,22703.56,5321.19,41652.86
50127,4/9/2022 5:05:00 PM,22703.18,5321.79,41652.87
50127,4/9/2022 5:06:00 PM,22702.99,5321.95,41652.83
50127,4/9/2022 5:07:00 PM,22703.02,5322.20,41652.86
50127,4/9/2022 5:08:00 PM,22702.22,5322.74,41652.82
50127,4/9/2022 5:09:00 PM,22701.76,5323.13,41652.82
50127,4/9/2022 5:10:00 PM,22701.40,5323.13,41652.78
50127,4/9/2022 5:11:00 PM,22701.00,5323.29,41652.81
50127,4/9/2022 5:12:00 PM,22700.90,5324.07,41652.94
50127,4/9/2022 5:13:00 PM,22701.30,5324.56,41653.00
50127,4/9/2022 5:14:00 PM,22700.75,5325.07,41652.94
50127,4/9/2022 5:15:00 PM,22700.24,5325.58,41652.97
50127,4/9/2022 5:16:00 PM,22700.14,5326.11,41653.01
50127,4/9/2022 5:17:00 PM,22700.35,5326.07,41653.00
50127,4/9/2022 5:18:00 PM,22700.20,5326.37,41653.02
50127,4/9/2022 5:19:00 PM,22700.14,5326.49,41653.02
50127,4/9/2022 5:20:00 PM,22699.96,5326.40,41652.99
50127,4/9/2022 5:21:00 PM,22700.15,5326.12,41653.02
50127,4/9/2022 5:22:00 PM,22700.98,5325.47,41653.06
50127,4/9/2022 5:23:00 PM,22701.58,5324.45,41653.02
50127,4/9/2022 5:24:00 PM,22701.09,5324.41,41653.03
50127,4/9/2022 5:25:00 PM,22700.99,5324.29,41653.10
50127,4/9/2022 5:26:00 PM,22701.75,5323.73,41653.16
50127,4/9/2022 5:27:00 PM,22702.06,5323.72,41653.21
50127,4/9/2022 5:28:00 PM,22702.32,5323.93,41653.29
50127,4/9/2022 5:29:00 PM,22702.26,5324.35,41653.33
50127,4/9/2022 5:30:00 PM,22702.12,5324.58,41653.34
50127,4/9/2022 5:31:00 PM,22701.52,5325.31,41653.38
50127,4/9/2022 5:32:00 PM,22701.44,5325.80,41653.45
50127,4/9/2022 5:33:00 PM,22702.04,5325.86,41653.54
50127,4/9/2022 5:34:00 PM,22702.12,5325.97,41653.53
50127,4/9/2022 5:35:00 PM,22702.10,5326.11,41653.56
50127,4/9/2022 5:36:00 PM,22701.91,5326.46,41653.59
50127,4/9/2022 5:37:00 PM,22702.32,5326.72,41653.67
50127,4/9/2022 5:38:00 PM,22702.76,5326.86,41653.71
50127,4/9/2022 5:39:00 PM,22703.08,5327.00,41653.72
50127,4/9/2022 5:40:00 PM,22703.61,5326.73,41653.72
50127,4/9/2022 5:41:00 PM,22704.09,5326.22,41653.69
50127,4/9/2022 5:42:00 PM,22704.17,5325.93,41653.69
50127,4/9/2022 5:43:00 PM,22703.94,5325.75,41653.69
50127,4/9/2022 5:44:00 PM,22704.12,5325.18,41653.70
50127,4/9/2022 5:45:00 PM,22704.64,5324.50,41653.75
50127,4/9/2022 5:46:00 PM,22704.73,5324.25,41653.81
50127,4/9/2022 5:47:00 PM,22705.04,5324.26,41653.91
50127,4/9/2022 5:48:00 PM,22705.27,5324.01,41653.91
50127,4/9/2022 5:49:00 PM,22705.26,5323.92,41653.93
50127,4/9/2022 5:50:00 PM,22705.00,5323.94,41653.94
50127,4/9/2022 5:51:00 PM,22705.56,5323.63,41654.00
50127,4/9/2022 5:52:00 PM,22706.04,5323.30,41654.04
50127,4/9/2022 5:53:00 PM,22706.28,5323.28,41654.08
50127,4/9/2022 5:54:00 PM,22706.27,5323.30,41654.08
50127,4/9/2022 5:55:00 PM,22706.60,5323.64,41654.17
50127,4/9/2022 5:56:00 PM,22706.96,5323.79,41654.16
50127,4/9/2022 5:57:00 PM,22707.00,5323.22,41654.04
50127,4/9/2022 5:58:00 PM,22707.88,5322.62,41654.10
50127,4/9/2022 5:59:00 PM,22707.71,5322.15,41654.02
50127,4/9/2022 6:00:00 PM,22707.46,5321.86,41654.03
50127,4/9/2022 6:01:00 PM,22707.52,5321.40,41654.04
50127,4/9/2022 6:02:00 PM,22707.63,5320.73,41654.04
50127,4/9/2022 6:03:00 PM,22707.82,5320.20,41654.10
50127,4/9/2022 6:04:00 PM,22708.09,5320.07,41654.18
50127,4/9/2022 6:05:00 PM,22708.17,5320.00,41654.22
50127,4/9/2022 6:06:00 PM,22708.44,5319.80,41654.28
50127,4/9/2022 6:07:00 PM,22708.88,5319.67,41654.33
50127,4/9/2022 6:08:00 PM,22709.14,5319.52,41654.37
50127,4/9/2022 6:09:00 PM,22709.03,5319.28,41654.36
50127,4/9/2022 6:10:00 PM,22708.25,5319.49,41654.38
50127,4/9/2022 6:11:00 PM,22707.86,5319.46,41654.39
50127,4/9/2022 6:12:00 PM,22707.77,5319.27,41654.45
50127,4/9/2022 6:13:00 PM,22708.10,5318.68,41654.49
50127,4/9/2022 6:14:00 PM,22708.16,5318.11,41654.49
50127,4/9/2022 6:15:00 PM,22708.13,5317.74,41654.54
50127,4/9/2022 6:16:00 PM,22707.72,5317.67,41654.58
50127,4/9/2022 6:17:00 PM,22707.76,5317.47,41654.62
50127,4/9/2022 6:18:00 PM,22707.67,5317.41,41654.63
50127,4/9/2022 6:19:00 PM,22707.58,5317.60,41654.65
50127,4/9/2022 6:20:00 PM,22707.57,5317.77,41654.68
50127,4/9/2022 6:21:00 PM,22707.02,5317.95,41654.58
50127,4/9/2022 6:22:00 PM,22706.81,5317.94,41654.57
50127,4/9/2022 6:23:00 PM,22706.98,5318.03,41654.61
50127,4/9/2022 6:24:00 PM,22706.84,5318.18,41654.58
50127,4/9/2022 6:25:00 PM,22707.28,5318.44,41654.62
50127,4/9/2022 6:26:00 PM,22706.56,5318.77,41654.48
50127,4/9/2022 6:27:00 PM,22706.13,5319.09,41654.40
50127,4/9/2022 6:28:00 PM,22705.74,5319.73,41654.38
50127,4/9/2022 6:29:00 PM,22705.59,5320.11,41654.28
50127,4/9/2022 6:30:00 PM,22705.81,5319.88,41654.17
50127,4/9/2022 6:31:00 PM,22705.89,5319.54,41654.05
50127,4/9/2022 6:32:00 PM,22705.72,5319.67,41653.97
50127,4/9/2022 6:33:00 PM,22705.71,5319.65,41653.88
50127,4/9/2022 6:34:00 PM,22706.01,5319.35,41653.76
50127,4/9/2022 6:35:00 PM,22705.60,5318.91,41653.58
50127,4/9/2022 6:36:00 PM,22704.90,5318.70,41653.45
50127,4/9/2022 6:37:00 PM,22705.24,5318.46,41653.45
50127,4/9/2022 6:38:00 PM,22705.49,5318.13,41653.35
50127,4/9/2022 6:39:00 PM,22705.63,5317.66,41653.25
50127,4/9/2022 6:40:00 PM,22704.83,5317.31,41653.07
50127,4/9/2022 6:41:00 PM,22704.67,5316.71,41652.98
50127,4/9/2022 6:42:00 PM,22704.74,5316.37,41652.96
50127,4/9/2022 6:43:00 PM,22705.18,5315.81,41652.92
50127,4/9/2022 6:44:00 PM,22705.74,5315.21,41652.85
50127,4/9/2022 6:45:00 PM,22704.79,5314.88,41652.63
50127,4/9/2022 6:46:00 PM,22704.13,5314.86,41652.59
50127,4/9/2022 6:47:00 PM,22703.47,5314.87,41652.50
50127,4/9/2022 6:48:00 PM,22703.50,5314.49,41652.44
50127,4/9/2022 6:49:00 PM,22703.71,5314.12,41652.39
50127,4/9/2022 6:50:00 PM,22704.19,5313.79,41652.35
50127,4/9/2022 6:51:00 PM,22704.27,5313.22,41652.21
50127,4/9/2022 6:52:00 PM,22704.23,5312.70,41652.13
50127,4/9/2022 6:53:00 PM,22704.32,5312.09,41652.05
50127,4/9/2022 6:54:00 PM,22704.55,5311.65,41652.02
50127,4/9/2022 6:55:00 PM,22704.96,5311.33,41651.95
50127,4/9/2022 6:56:00 PM,22704.61,5311.21,41651.80
50127,4/9/2022 6:57:00 PM,22705.06,5310.60,41651.74
50127,4/9/2022 6:58:00 PM,22705.35,5309.89,41651.66
50127,4/9/2022 6:59:00 PM,22705.27,5309.27,41651.56
50127,4/9/2022 7:00:00 PM,22705.55,5308.67,41651.55
50127,4/9/2022 7:01:00 PM,22705.76,5308.00,41651.49
50127,4/9/2022 7:02:00 PM,22705.97,5307.66,41651.48
50127,4/9/2022 7:03:00 PM,22705.73,5307.81,41651.45
50127,4/9/2022 7:04:00 PM,22705.82,5307.78,41651.43
50127,4/9/2022 7:05:00 PM,22706.27,5307.60,41651.42
50127,4/9/2022 7:06:00 PM,22706.38,5307.61,41651.39
50127,4/9/2022 7:07:00 PM,22706.57,5307.41,41651.32
50127,4/9/2022 7:08:00 PM,22706.31,5307.45,41651.28
50127,4/9/2022 7:09:00 PM,22706.67,5307.42,41651.31
50127,4/9/2022 7:10:00 PM,22707.06,5307.38,41651.32
50127,4/9/2022 7:11:00 PM,22707.35,5307.37,41651.32
50127,4/9/2022 7:12:00 PM,22707.36,5307.53,41651.33
50127,4/9/2022 7:13:00 PM,22707.77,5307.64,41651.38
50127,4/9/2022 7:14:00 PM,22708.00,5307.87,41651.40
50127,4/9/2022 7:15:00 PM,22708.04,5308.02,41651.37
50127,4/9/2022 7:16:00 PM,22707.89,5308.08,41651.37
50127,4/9/2022 7:17:00 PM,22708.12,5307.84,41651.39
50127,4/9/2022 7:18:00 PM,22708.69,5307.59,41651.49
50127,4/9/2022 7:19:00 PM,22708.71,5307.66,41651.51
50127,4/9/2022 7:20:00 PM,22708.65,5307.45,41651.53
50127,4/9/2022 7:21:00 PM,22708.80,5307.14,41651.60
50127,4/9/2022 7:22:00 PM,22709.04,5306.81,41651.68
50127,4/9/2022 7:23:00 PM,22709.25,5306.63,41651.80
50127,4/9/2022 7:24:00 PM,22709.06,5306.72,41651.89
50127,4/9/2022 7:25:00 PM,22708.47,5307.08,41651.94
50127,4/9/2022 7:26:00 PM,22707.97,5307.51,41652.01
50127,4/9/2022 7:27:00 PM,22707.66,5307.89,41652.09
50127,4/9/2022 7:28:00 PM,22707.53,5308.23,41652.14
50127,4/9/2022 7:29:00 PM,22707.63,5308.45,41652.19
50127,4/9/2022 7:30:00 PM,22708.04,5308.59,41652.26
50127,4/9/2022 7:31:00 PM,22708.14,5308.79,41652.27
50127,4/9/2022 7:32:00 PM,22708.27,5308.98,41652.31
50127,4/9/2022 7:33:00 PM,22708.48,5309.18,41652.35
50127,4/9/2022 7:34:00 PM,22708.47,5309.59,41652.36
50127,4/9/2022 7:35:00 PM,22708.36,5309.75,41652.35
50127,4/9/2022 7:36:00 PM,22709.00,5309.53,41652.42
50127,4/9/2022 7:37:00 PM,22709.06,5309.50,41652.43
50127,4/9/2022 7:38:00 PM,22708.89,5309.62,41652.50
50127,4/9/2022 7:39:00 PM,22708.75,5309.78,41652.53
50127,4/9/2022 7:40:00 PM,22708.60,5309.80,41652.56
50127,4/9/2022 7:41:00 PM,22708.70,5309.74,41652.63
50127,4/9/2022 7:42:00 PM,22709.17,5309.52,41652.74
50127,4/9/2022 7:43:00 PM,22709.00,5309.68,41652.81
50127,4/9/2022 7:44:00 PM,22708.48,5310.44,41652.88
50127,4/9/2022 7:45:00 PM,22708.20,5311.10,41652.89
50127,4/9/2022 7:46:00 PM,22708.06,5311.34,41652.89
50127,4/9/2022 7:47:00 PM,22708.98,5311.11,41652.96
50127,4/9/2022 7:48:00 PM,22709.25,5311.15,41652.96
50127,4/9/2022 7:49:00 PM,22709.48,5311.22,41652.97
50127,4/9/2022 7:50:00 PM,22709.73,5311.30,41652.99
50127,4/9/2022 7:51:00 PM,22709.62,5311.40,41652.96
50127,4/9/2022 7:52:00 PM,22709.98,5311.33,41652.99
50127,4/9/2022 7:53:00 PM,22710.17,5311.48,41653.01
50127,4/9/2022 7:54:00 PM,22710.29,5311.62,41653.00
50127,4/9/2022 7:55:00 PM,22710.53,5311.71,41653.01
50127,4/9/2022 7:56:00 PM,22710.96,5311.68,41653.02
50127,4/9/2022 7:57:00 PM,22711.29,5311.60,41653.02
50127,4/9/2022 7:58:00 PM,22711.62,5311.56,41653.03
50127,4/9/2022 7:59:00 PM,22711.71,5311.55,41652.99
50127,4/9/2022 8:00:00 PM,22711.81,5311.44,41652.96
50127,4/9/2022 8:01:00 PM,22711.84,5311.34,41652.99
50127,4/9/2022 8:02:00 PM,22711.73,5311.28,41652.98
50127,4/9/2022 8:03:00 PM,22711.60,5311.20,41653.01
50127,4/9/2022 8:04:00 PM,22711.30,5311.23,41653.01
50127,4/9/2022 8:05:00 PM,22710.99,5311.34,41653.04
50127,4/9/2022 8:06:00 PM,22710.12,5311.35,41652.93
50127,4/9/2022 8:07:00 PM,22710.41,5310.70,41653.01
50127,4/9/2022 8:08:00 PM,22710.81,5310.82,41653.18
50127,4/9/2022 8:09:00 PM,22709.87,5311.54,41653.16
50127,4/9/2022 8:10:00 PM,22710.00,5311.83,41653.18
50127,4/9/2022 8:11:00 PM,22710.04,5311.96,41653.13
50127,4/9/2022 8:12:00 PM,22710.16,5311.84,41653.09
50127,4/9/2022 8:13:00 PM,22710.34,5311.54,41653.07
50127,4/9/2022 8:14:00 PM,22710.46,5311.36,41653.05
50127,4/9/2022 8:15:00 PM,22710.53,5311.26,41653.03
50127,4/9/2022 8:16:00 PM,22710.29,5311.30,41653.01
50127,4/9/2022 8:17:00 PM,22709.96,5311.22,41652.98
50127,4/9/2022 8:18:00 PM,22709.46,5311.19,41652.97
50127,4/9/2022 8:19:00 PM,22709.21,5310.83,41652.94
50127,4/9/2022 8:20:00 PM,22708.52,5310.88,41652.96
50127,4/9/2022 8:21:00 PM,22707.55,5311.28,41652.93
50127,4/9/2022 8:22:00 PM,22706.91,5311.37,41652.89
50127,4/9/2022 8:23:00 PM,22706.61,5311.30,41652.86
50127,4/9/2022 8:24:00 PM,22706.12,5311.43,41652.83
50127,4/9/2022 8:25:00 PM,22705.78,5311.54,41652.79
50127,4/9/2022 8:26:00 PM,22705.62,5311.64,41652.75
50127,4/9/2022 8:27:00 PM,22705.41,5311.73,41652.68
50127,4/9/2022 8:28:00 PM,22705.43,5311.59,41652.60
50127,4/9/2022 8:29:00 PM,22705.14,5311.48,41652.51
50127,4/9/2022 8:30:00 PM,22704.48,5311.73,41652.42
50127,4/9/2022 8:31:00 PM,22703.65,5312.03,41652.31
50127,4/9/2022 8:32:00 PM,22703.44,5311.92,41652.24
50127,4/9/2022 8:33:00 PM,22703.14,5311.95,41652.20
50127,4/9/2022 8:34:00 PM,22702.67,5312.18,41652.16
50127,4/9/2022 8:35:00 PM,22702.21,5312.39,41652.10
50127,4/9/2022 8:36:00 PM,22701.92,5312.42,41652.04
50127,4/9/2022 8:37:00 PM,22701.91,5312.23,41651.98
50127,4/9/2022 8:38:00 PM,22701.81,5312.20,41651.94
50127,4/9/2022 8:39:00 PM,22701.49,5312.37,41651.89
50127,4/9/2022 8:40:00 PM,22701.41,5312.20,41651.84
50127,4/9/2022 8:41:00 PM,22701.45,5312.02,41651.81
50127,4/9/2022 8:42:00 PM,22701.53,5311.90,41651.80
50127,4/9/2022 8:43:00 PM,22701.57,5311.77,41651.76
50127,4/9/2022 8:44:00 PM,22701.44,5311.67,41651.70
50127,4/9/2022 8:45:00 PM,22701.51,5311.59,41651.70
50127,4/9/2022 8:46:00 PM,22701.38,5311.62,41651.68
50127,4/9/2022 8:47:00 PM,22701.35,5311.48,41651.66
50127,4/9/2022 8:48:00 PM,22701.23,5311.36,41651.62
50127,4/9/2022 8:49:00 PM,22701.12,5311.21,41651.58
50127,4/9/2022 8:50:00 PM,22701.00,5311.14,41651.57
50127,4/9/2022 8:51:00 PM,22700.83,5311.10,41651.55
50127,4/9/2022 8:52:00 PM,22700.75,5310.90,41651.52
50127,4/9/2022 8:53:00 PM,22700.54,5310.94,41651.52
50127,4/9/2022 8:54:00 PM,22700.35,5310.92,41651.49
50127,4/9/2022 8:55:00 PM,22700.29,5310.80,41651.50
50127,4/9/2022 8:56:00 PM,22700.05,5310.83,41651.48
50127,4/9/2022 8:57:00 PM,22699.70,5310.99,41651.46
50127,4/9/2022 8:58:00 PM,22699.57,5310.93,41651.45
50127,4/9/2022 8:59:00 PM,22699.66,5310.77,41651.47
50127,4/9/2022 9:00:00 PM,22699.51,5310.63,41651.46
50127,4/9/2022 9:01:00 PM,22699.28,5310.70,41651.47
50127,4/9/2022 9:02:00 PM,22699.03,5310.70,41651.46
50127,4/9/2022 9:03:00 PM,22699.00,5310.64,41651.48
50127,4/9/2022 9:04:00 PM,22699.04,5310.55,41651.50
50127,4/9/2022 9:05:00 PM,22698.99,5310.34,41651.49
50127,4/9/2022 9:06:00 PM,22699.11,5310.13,41651.51
50127,4/9/2022 9:07:00 PM,22698.96,5310.08,41651.54
50127,4/9/2022 9:08:00 PM,22698.83,5310.17,41651.59
50127,4/9/2022 9:09:00 PM,22698.54,5310.27,41651.60
50127,4/9/2022 9:10:00 PM,22698.57,5310.26,41651.65
50127,4/9/2022 9:11:00 PM,22698.63,5310.25,41651.67
50127,4/9/2022 9:12:00 PM,22698.85,5310.04,41651.69
50127,4/9/2022 9:13:00 PM,22699.04,5309.86,41651.71
50127,4/9/2022 9:14:00 PM,22699.28,5309.72,41651.74
50127,4/9/2022 9:15:00 PM,22699.59,5309.55,41651.79
50127,4/9/2022 9:16:00 PM,22699.73,5309.35,41651.79
50127,4/9/2022 9:17:00 PM,22699.64,5309.17,41651.80
50127,4/9/2022 9:18:00 PM,22699.50,5308.90,41651.80
50127,4/9/2022 9:19:00 PM,22699.46,5308.57,41651.83
50127,4/9/2022 9:20:00 PM,22699.24,5308.44,41651.86
50127,4/9/2022 9:21:00 PM,22699.00,5308.35,41651.90
50127,4/9/2022 9:22:00 PM,22698.78,5308.56,41652.00
50127,4/9/2022 9:23:00 PM,22698.93,5308.52,41652.05
50127,4/9/2022 9:24:00 PM,22698.69,5308.29,41652.01
50127,4/9/2022 9:25:00 PM,22698.63,5307.99,41652.03
50127,4/9/2022 9:26:00 PM,22698.50,5307.76,41652.08
50127,4/9/2022 9:27:00 PM,22698.04,5307.80,41652.11
50127,4/9/2022 9:28:00 PM,22697.64,5307.89,41652.17
50127,4/9/2022 9:29:00 PM,22697.38,5307.91,41652.22
50127,4/9/2022 9:30:00 PM,22697.12,5307.87,41652.27
50127,4/9/2022 9:31:00 PM,22696.99,5307.83,41652.33
50127,4/9/2022 9:32:00 PM,22696.73,5307.82,41652.37
50127,4/9/2022 9:33:00 PM,22696.43,5307.86,41652.43
50127,4/9/2022 9:34:00 PM,22696.23,5307.86,41652.49
50127,4/9/2022 9:35:00 PM,22696.10,5307.89,41652.55
50127,4/9/2022 9:36:00 PM,22696.07,5307.89,41652.62
50127,4/9/2022 9:37:00 PM,22696.08,5307.84,41652.67
50127,4/9/2022 9:38:00 PM,22695.96,5307.78,41652.72
50127,4/9/2022 9:39:00 PM,22695.92,5307.70,41652.78
50127,4/9/2022 9:40:00 PM,22696.01,5307.58,41652.85
50127,4/9/2022 9:41:00 PM,22696.26,5307.45,41652.95
50127,4/9/2022 9:42:00 PM,22696.62,5307.32,41653.05
50127,4/9/2022 9:43:00 PM,22696.79,5307.22,41653.12
50127,4/9/2022 9:44:00 PM,22697.03,5307.13,41653.21
50127,4/9/2022 9:45:00 PM,22697.27,5306.87,41653.28
50127,4/9/2022 9:46:00 PM,22697.48,5306.70,41653.36
50127,4/9/2022 9:47:00 PM,22697.87,5306.49,41653.47
50127,4/9/2022 9:48:00 PM,22698.18,5306.37,41653.55
50127,4/9/2022 9:49:00 PM,22698.33,5306.22,41653.60
50127,4/9/2022 9:50:00 PM,22698.44,5305.97,41653.66
50127,4/9/2022 9:51:00 PM,22698.42,5305.85,41653.73
50127,4/9/2022 9:52:00 PM,22698.49,5305.65,41653.80
50127,4/9/2022 9:53:00 PM,22698.49,5305.56,41653.88
50127,4/9/2022 9:54:00 PM,22698.49,5305.58,41653.95
50127,4/9/2022 9:55:00 PM,22698.61,5305.43,41654.02
50127,4/9/2022 9:56:00 PM,22698.79,5305.31,41654.09
50127,4/9/2022 9:57:00 PM,22699.09,5305.13,41654.17
50127,4/9/2022 9:58:00 PM,22699.21,5305.08,41654.24
50127,4/9/2022 9:59:00 PM,22699.46,5305.00,41654.30
50127,4/9/2022 10:00:00 PM,22699.82,5304.86,41654.36
50127,4/9/2022 10:01:00 PM,22700.06,5304.79,41654.40
50127,4/9/2022 10:02:00 PM,22700.48,5304.60,41654.45
50127,4/9/2022 10:03:00 PM,22700.96,5304.32,41654.51
50127,4/9/2022 10:04:00 PM,22701.44,5304.06,41654.56
50127,4/9/2022 10:05:00 PM,22701.86,5303.95,41654.64
50127,4/9/2022 10:06:00 PM,22702.07,5303.91,41654.67
50127,4/9/2022 10:07:00 PM,22702.22,5303.84,41654.71
50127,4/9/2022 10:08:00 PM,22702.38,5303.88,41654.77
50127,4/9/2022 10:09:00 PM,22702.72,5303.67,41654.83
50127,4/9/2022 10:10:00 PM,22702.95,5303.61,41654.89
50127,4/9/2022 10:11:00 PM,22703.15,5303.47,41654.94
50127,4/9/2022 10:12:00 PM,22702.91,5303.55,41654.98
50127,4/9/2022 10:13:00 PM,22702.69,5303.63,41655.05
50127,4/9/2022 10:14:00 PM,22702.77,5303.66,41655.15
50127,4/9/2022 10:15:00 PM,22702.85,5303.79,41655.23
50127,4/9/2022 10:16:00 PM,22703.10,5303.89,41655.35
50127,4/9/2022 10:17:00 PM,22703.96,5303.77,41655.48
50127,4/9/2022 10:18:00 PM,22704.67,5303.59,41655.56
50127,4/9/2022 10:19:00 PM,22705.47,5303.27,41655.64
50127,4/9/2022 10:20:00 PM,22705.97,5303.06,41655.71
50127,4/9/2022 10:21:00 PM,22706.43,5302.95,41655.81
50127,4/9/2022 10:22:00 PM,22706.76,5303.02,41655.92
50127,4/9/2022 10:23:00 PM,22707.53,5302.96,41656.05
50127,4/9/2022 10:24:00 PM,22708.28,5302.84,41656.16
50127,4/9/2022 10:25:00 PM,22708.55,5302.90,41656.22
50127,4/9/2022 10:26:00 PM,22708.39,5303.02,41656.25
50127,4/9/2022 10:27:00 PM,22708.13,5303.19,41656.29
50127,4/9/2022 10:28:00 PM,22707.92,5303.41,41656.36
50127,4/9/2022 10:29:00 PM,22707.89,5303.49,41656.42
50127,4/9/2022 10:30:00 PM,22708.25,5303.44,41656.52
50127,4/9/2022 10:31:00 PM,22708.60,5303.42,41656.60
50127,4/9/2022 10:32:00 PM,22708.84,5303.39,41656.67
50127,4/9/2022 10:33:00 PM,22708.76,5303.57,41656.73
50127,4/9/2022 10:34:00 PM,22708.68,5303.64,41656.78
50127,4/9/2022 10:35:00 PM,22708.67,5303.85,41656.85
50127,4/9/2022 10:36:00 PM,22709.16,5303.83,41656.95
50127,4/9/2022 10:37:00 PM,22709.53,5303.79,41657.01
50127,4/9/2022 10:38:00 PM,22709.75,5303.70,41657.07
50127,4/9/2022 10:39:00 PM,22709.47,5303.73,41657.07
50127,4/9/2022 10:40:00 PM,22709.48,5303.77,41657.15
50127,4/9/2022 10:41:00 PM,22709.54,5303.87,41657.21
50127,4/9/2022 10:42:00 PM,22709.46,5303.88,41657.27
50127,4/9/2022 10:43:00 PM,22709.67,5304.02,41657.39
50127,4/9/2022 10:44:00 PM,22708.73,5304.73,41657.39
50127,4/9/2022 10:45:00 PM,22708.45,5304.99,41657.46
50127,4/9/2022 10:46:00 PM,22709.35,5304.93,41657.62
50127,4/9/2022 10:47:00 PM,22710.04,5304.80,41657.72
50127,4/9/2022 10:48:00 PM,22710.30,5304.96,41657.80
50127,4/9/2022 10:49:00 PM,22711.01,5304.84,41657.91
50127,4/9/2022 10:50:00 PM,22711.23,5304.71,41657.95
50127,4/9/2022 10:51:00 PM,22711.21,5304.57,41657.99
50127,4/9/2022 10:52:00 PM,22711.01,5304.67,41658.08
50127,4/9/2022 10:53:00 PM,22711.16,5304.80,41658.18
50127,4/9/2022 10:54:00 PM,22711.68,5304.64,41658.29
50127,4/9/2022 10:55:00 PM,22711.90,5304.62,41658.39
50127,4/9/2022 10:56:00 PM,22711.68,5304.79,41658.45
50127,4/9/2022 10:57:00 PM,22711.29,5305.02,41658.53
50127,4/9/2022 10:58:00 PM,22711.07,5305.19,41658.62
50127,4/9/2022 10:59:00 PM,22711.19,5305.25,41658.72
50127,4/9/2022 11:00:00 PM,22711.52,5305.24,41658.85
50127,4/9/2022 11:01:00 PM,22711.83,5305.32,41658.97
50127,4/9/2022 11:02:00 PM,22711.88,5305.46,41659.06
50127,4/9/2022 11:03:00 PM,22711.87,5305.71,41659.16
50127,4/9/2022 11:04:00 PM,22711.88,5305.84,41659.23
50127,4/9/2022 11:05:00 PM,22711.86,5305.88,41659.31
50127,4/9/2022 11:06:00 PM,22711.93,5305.95,41659.40
50127,4/9/2022 11:07:00 PM,22711.64,5306.30,41659.48
50127,4/9/2022 11:08:00 PM,22712.50,5306.14,41659.64
50127,4/9/2022 11:09:00 PM,22712.74,5306.00,41659.70
50127,4/9/2022 11:10:00 PM,22712.28,5306.15,41659.74
50127,4/9/2022 11:11:00 PM,22711.93,5306.42,41659.82
50127,4/9/2022 11:12:00 PM,22712.07,5306.50,41659.95
50127,4/9/2022 11:13:00 PM,22712.11,5306.72,41660.07
50127,4/9/2022 11:14:00 PM,22712.06,5306.79,41660.13
50127,4/9/2022 11:15:00 PM,22712.29,5306.67,41660.23
50127,4/9/2022 11:16:00 PM,22712.54,5306.84,41660.37
50127,4/9/2022 11:17:00 PM,22712.89,5307.03,41660.50
50127,4/9/2022 11:18:00 PM,22713.24,5306.87,41660.55
50127,4/9/2022 11:19:00 PM,22713.26,5306.90,41660.62
50127,4/9/2022 11:20:00 PM,22712.95,5307.11,41660.68
50127,4/9/2022 11:21:00 PM,22713.10,5307.19,41660.79
50127,4/9/2022 11:22:00 PM,22713.61,5307.30,41660.93
50127,4/9/2022 11:23:00 PM,22714.06,5307.37,41661.05
50127,4/9/2022 11:24:00 PM,22714.26,5307.53,41661.15
50127,4/9/2022 11:25:00 PM,22714.60,5307.64,41661.27
50127,4/9/2022 11:26:00 PM,22715.21,5307.54,41661.40
50127,4/9/2022 11:27:00 PM,22715.63,5307.57,41661.53
50127,4/9/2022 11:28:00 PM,22716.06,5307.43,41661.65
50127,4/9/2022 11:29:00 PM,22716.50,5307.43,41661.77
50127,4/9/2022 11:30:00 PM,22716.75,5307.53,41661.88
50127,4/9/2022 11:31:00 PM,22716.81,5307.46,41661.96
50127,4/9/2022 11:32:00 PM,22716.73,5307.44,41662.04
50127,4/9/2022 11:33:00 PM,22716.54,5307.53,41662.12
50127,4/9/2022 11:34:00 PM,22716.58,5307.63,41662.24
50127,4/9/2022 11:35:00 PM,22716.62,5307.67,41662.34
50127,4/9/2022 11:36:00 PM,22716.69,5307.60,41662.43
50127,4/9/2022 11:37:00 PM,22716.93,5307.57,41662.54
50127,4/9/2022 11:38:00 PM,22717.56,5307.45,41662.67
50127,4/9/2022 11:39:00 PM,22718.23,5307.43,41662.80
50127,4/9/2022 11:40:00 PM,22718.65,5307.28,41662.86
50127,4/9/2022 11:41:00 PM,22718.43,5307.39,41662.90
50127,4/9/2022 11:42:00 PM,22718.58,5307.60,41663.04
50127,4/9/2022 11:43:00 PM,22718.85,5307.78,41663.15
50127,4/9/2022 11:44:00 PM,22718.77,5307.83,41663.21
50127,4/9/2022 11:45:00 PM,22718.35,5308.05,41663.26
50127,4/9/2022 11:46:00 PM,22718.77,5307.98,41663.40
50127,4/9/2022 11:47:00 PM,22718.71,5307.95,41663.49
50127,4/9/2022 11:48:00 PM,22718.24,5308.19,41663.52
50127,4/9/2022 11:49:00 PM,22718.83,5308.31,41663.68
50127,4/9/2022 11:50:00 PM,22720.01,5308.27,41663.87
50127,4/9/2022 11:51:00 PM,22720.91,5308.18,41663.98
50127,4/9/2022 11:52:00 PM,22721.12,5308.18,41664.04
50127,4/9/2022 11:53:00 PM,22721.32,5308.30,41664.13
50127,4/9/2022 11:54:00 PM,22721.09,5308.51,41664.17
50127,4/9/2022 11:55:00 PM,22721.41,5308.61,41664.29
50127,4/9/2022 11:56:00 PM,22721.40,5308.57,41664.34
50127,4/9/2022 11:57:00 PM,22721.39,5308.62,41664.45
50127,4/9/2022 11:58:00 PM,22721.87,5308.81,41664.60
50127,4/9/2022 11:59:00 PM,22722.44,5308.85,41664.70
50127,4/10/2022 12:00:00 AM,22722.88,5308.80,41664.79
50127,4/10/2022 12:01:00 AM,22723.49,5308.75,41664.90
50127,4/10/2022 12:02:00 AM,22723.99,5308.68,41664.99
50127,4/10/2022 12:03:00 AM,22724.31,5308.69,41665.09
50127,4/10/2022 12:04:00 AM,22724.17,5308.86,41665.13
50127,4/10/2022 12:05:00 AM,22723.89,5308.88,41665.17
50127,4/10/2022 12:06:00 AM,22723.98,5308.99,41665.26
50127,4/10/2022 12:07:00 AM,22724.58,5308.86,41665.35
50127,4/10/2022 12:08:00 AM,22724.50,5308.55,41665.35
50127,4/10/2022 12:09:00 AM,22724.25,5308.70,41665.43
50127,4/10/2022 12:10:00 AM,22723.78,5309.03,41665.47
50127,4/10/2022 12:11:00 AM,22723.65,5309.27,41665.52
50127,4/10/2022 12:12:00 AM,22723.83,5309.24,41665.55
50127,4/10/2022 12:13:00 AM,22723.87,5309.22,41665.57
50127,4/10/2022 12:14:00 AM,22724.16,5309.19,41665.63
50127,4/10/2022 12:15:00 AM,22724.40,5309.22,41665.68
50127,4/10/2022 12:16:00 AM,22724.80,5309.16,41665.75
50127,4/10/2022 12:17:00 AM,22724.86,5309.24,41665.76
50127,4/10/2022 12:18:00 AM,22724.79,5309.23,41665.74
50127,4/10/2022 12:19:00 AM,22725.31,5309.10,41665.78
50127,4/10/2022 12:20:00 AM,22725.96,5309.10,41665.82
50127,4/10/2022 12:21:00 AM,22726.37,5309.14,41665.86
50127,4/10/2022 12:22:00 AM,22726.71,5309.24,41665.92
50127,4/10/2022 12:23:00 AM,22727.15,5309.30,41665.97
50127,4/10/2022 12:24:00 AM,22726.90,5309.38,41665.93
50127,4/10/2022 12:25:00 AM,22726.96,5309.44,41665.95
50127,4/10/2022 12:26:00 AM,22727.79,5309.46,41666.04
50127,4/10/2022 12:27:00 AM,22728.93,5309.38,41666.13
50127,4/10/2022 12:28:00 AM,22729.31,5309.40,41666.15
50127,4/10/2022 12:29:00 AM,22729.13,5309.48,41666.12
50127,4/10/2022 12:30:00 AM,22728.85,5309.37,41666.07
50127,4/10/2022 12:31:00 AM,22728.77,5309.33,41666.09
50127,4/10/2022 12:32:00 AM,22729.06,5309.31,41666.14
50127,4/10/2022 12:33:00 AM,22729.37,5309.39,41666.19
50127,4/10/2022 12:34:00 AM,22729.68,5309.44,41666.23
50127,4/10/2022 12:35:00 AM,22729.74,5309.61,41666.25
50127,4/10/2022 12:36:00 AM,22729.52,5309.71,41666.21
50127,4/10/2022 12:37:00 AM,22729.56,5309.73,41666.22
50127,4/10/2022 12:38:00 AM,22729.91,5309.73,41666.25
50127,4/10/2022 12:39:00 AM,22730.07,5309.69,41666.25
50127,4/10/2022 12:40:00 AM,22730.24,5309.67,41666.25
50127,4/10/2022 12:41:00 AM,22730.53,5309.62,41666.27
50127,4/10/2022 12:42:00 AM,22730.94,5309.49,41666.30
50127,4/10/2022 12:43:00 AM,22731.17,5309.53,41666.32
50127,4/10/2022 12:44:00 AM,22731.79,5309.44,41666.37
50127,4/10/2022 12:45:00 AM,22732.03,5309.31,41666.35
50127,4/10/2022 12:46:00 AM,22731.89,5309.31,41666.34
50127,4/10/2022 12:47:00 AM,22732.43,5309.22,41666.41
50127,4/10/2022 12:48:00 AM,22733.04,5309.17,41666.46
50127,4/10/2022 12:49:00 AM,22733.73,5309.28,41666.53
50127,4/10/2022 12:50:00 AM,22734.00,5309.43,41666.56
50127,4/10/2022 12:51:00 AM,22734.38,5309.53,41666.64
50127,4/10/2022 12:52:00 AM,22732.67,5309.89,41666.41
50127,4/10/2022 12:53:00 AM,22732.14,5309.75,41666.33
50127,4/10/2022 12:54:00 AM,22734.39,5309.67,41666.71
50127,4/10/2022 12:55:00 AM,22733.86,5310.16,41666.61
50127,4/10/2022 12:56:00 AM,22733.13,5310.34,41666.49
50127,4/10/2022 12:57:00 AM,22733.08,5310.52,41666.50
50127,4/10/2022 12:58:00 AM,22732.62,5310.65,41666.43
50127,4/10/2022 12:59:00 AM,22732.40,5310.74,41666.41
50127,4/10/2022 1:00:00 AM,22731.74,5310.70,41666.30
50127,4/10/2022 1:01:00 AM,22731.83,5310.64,41666.32
50127,4/10/2022 1:02:00 AM,22732.28,5310.78,41666.38
50127,4/10/2022 1:03:00 AM,22732.32,5310.87,41666.33
50127,4/10/2022 1:04:00 AM,22733.32,5310.81,41666.41
50127,4/10/2022 1:05:00 AM,22734.00,5310.98,41666.44
50127,4/10/2022 1:06:00 AM,22734.74,5310.94,41666.43
50127,4/10/2022 1:07:00 AM,22736.60,5310.84,41666.60
50127,4/10/2022 1:08:00 AM,22737.63,5311.31,41666.68
50127,4/10/2022 1:09:00 AM,22737.97,5311.44,41666.62
50127,4/10/2022 1:10:00 AM,22738.81,5311.71,41666.73
50127,4/10/2022 1:11:00 AM,22738.85,5311.83,41666.72
50127,4/10/2022 1:12:00 AM,22738.64,5311.95,41666.72
50127,4/10/2022 1:13:00 AM,22738.66,5312.27,41666.75
50127,4/10/2022 1:14:00 AM,22738.83,5312.47,41666.76
50127,4/10/2022 1:15:00 AM,22739.17,5312.91,41666.85
50127,4/10/2022 1:16:00 AM,22739.34,5313.48,41666.96
50127,4/10/2022 1:17:00 AM,22738.06,5313.88,41666.82
50127,4/10/2022 1:18:00 AM,22737.79,5313.68,41666.81
50127,4/10/2022 1:19:00 AM,22738.77,5314.44,41667.28
50127,4/10/2022 1:20:00 AM,22732.06,5315.89,41666.54
50127,4/10/2022 1:21:00 AM,22725.96,5315.85,41665.82
50127,4/10/2022 1:22:00 AM,22725.87,5315.21,41666.01
50127,4/10/2022 1:23:00 AM,22727.23,5314.86,41666.16
50127,4/10/2022 1:24:00 AM,22728.75,5315.72,41666.47
50127,4/10/2022 1:25:00 AM,22726.99,5316.48,41666.19
50127,4/10/2022 1:26:00 AM,22725.98,5316.72,41665.97
50127,4/10/2022 1:27:00 AM,22727.26,5316.25,41666.04
50127,4/10/2022 1:28:00 AM,22728.24,5316.45,41666.09
50127,4/10/2022 1:29:00 AM,22728.20,5316.73,41666.01
50127,4/10/2022 1:30:00 AM,22728.20,5316.93,41665.95
50127,4/10/2022 1:31:00 AM,22728.34,5317.19,41665.95
50127,4/10/2022 1:32:00 AM,22728.69,5317.36,41665.94
50127,4/10/2022 1:33:00 AM,22728.58,5317.51,41665.85
50127,4/10/2022 1:34:00 AM,22728.67,5317.61,41665.84
50127,4/10/2022 1:35:00 AM,22728.67,5317.51,41665.77
50127,4/10/2022 1:36:00 AM,22728.63,5317.49,41665.73
50127,4/10/2022 1:37:00 AM,22728.57,5317.64,41665.72
50127,4/10/2022 1:38:00 AM,22728.19,5317.87,41665.66
50127,4/10/2022 1:39:00 AM,22727.84,5318.06,41665.62
50127,4/10/2022 1:40:00 AM,22727.81,5318.25,41665.63
50127,4/10/2022 1:41:00 AM,22727.97,5318.40,41665.65
50127,4/10/2022 1:42:00 AM,22728.16,5318.49,41665.67
50127,4/10/2022 1:43:00 AM,22727.43,5318.78,41665.55
50127,4/10/2022 1:44:00 AM,22727.04,5318.63,41665.44
50127,4/10/2022 1:45:00 AM,22727.60,5318.79,41665.55
50127,4/10/2022 1:46:00 AM,22727.20,5319.20,41665.51
50127,4/10/2022 1:47:00 AM,22726.79,5318.83,41665.35
50127,4/10/2022 1:48:00 AM,22727.29,5318.54,41665.36
50127,4/10/2022 1:49:00 AM,22727.43,5318.69,41665.32
50127,4/10/2022 1:50:00 AM,22727.53,5318.71,41665.27
50127,4/10/2022 1:51:00 AM,22727.07,5318.78,41665.13
50127,4/10/2022 1:52:00 AM,22727.44,5318.75,41665.15
50127,4/10/2022 1:53:00 AM,22727.92,5318.97,41665.21
50127,4/10/2022 1:54:00 AM,22728.39,5319.26,41665.25
50127,4/10/2022 1:55:00 AM,22728.69,5319.38,41665.25
50127,4/10/2022 1:56:00 AM,22728.56,5319.12,41665.14
50127,4/10/2022 1:57:00 AM,22728.62,5318.84,41665.09
50127,4/10/2022 1:58:00 AM,22728.58,5318.82,41665.10
50127,4/10/2022 1:59:00 AM,22728.75,5318.86,41665.13
50127,4/10/2022 2:00:00 AM,22728.88,5319.11,41665.18
50127,4/10/2022 2:01:00 AM,22728.72,5319.19,41665.16
50127,4/10/2022 2:02:00 AM,22728.58,5319.02,41665.13
50127,4/10/2022 2:03:00 AM,22728.42,5318.91,41665.11
50127,4/10/2022 2:04:00 AM,22728.23,5319.15,41665.16
50127,4/10/2022 2:05:00 AM,22726.99,5318.97,41664.90
50127,4/10/2022 2:06:00 AM,22726.49,5318.28,41664.75
50127,4/10/2022 2:07:00 AM,22727.48,5318.38,41664.96
50127,4/10/2022 2:08:00 AM,22727.76,5319.21,41665.08
50127,4/10/2022 2:09:00 AM,22726.98,5319.92,41665.00
50127,4/10/2022 2:10:00 AM,22726.28,5319.99,41664.88
50127,4/10/2022 2:11:00 AM,22726.06,5319.88,41664.85
50127,4/10/2022 2:12:00 AM,22725.91,5319.98,41664.82
50127,4/10/2022 2:13:00 AM,22725.73,5320.11,41664.80
50127,4/10/2022 2:14:00 AM,22725.39,5320.01,41664.68
50127,4/10/2022 2:15:00 AM,22726.24,5319.88,41664.78
50127,4/10/2022 2:16:00 AM,22726.09,5320.52,41664.77
50127,4/10/2022 2:17:00 AM,22725.26,5321.07,41664.69
50127,4/10/2022 2:18:00 AM,22723.64,5320.59,41664.35
50127,4/10/2022 2:19:00 AM,22722.80,5319.63,41664.10
50127,4/10/2022 2:20:00 AM,22723.07,5319.32,41664.15
50127,4/10/2022 2:21:00 AM,22723.18,5319.60,41664.18
50127,4/10/2022 2:22:00 AM,22723.36,5320.07,41664.21
50127,4/10/2022 2:23:00 AM,22723.49,5320.39,41664.18
50127,4/10/2022 2:24:00 AM,22723.47,5320.50,41664.11
50127,4/10/2022 2:25:00 AM,22723.47,5320.36,41664.00
50127,4/10/2022 2:26:00 AM,22723.52,5320.14,41663.92
50127,4/10/2022 2:27:00 AM,22723.53,5320.14,41663.87
50127,4/10/2022 2:28:00 AM,22723.67,5320.20,41663.86
50127,4/10/2022 2:29:00 AM,22723.82,5320.42,41663.87
50127,4/10/2022 2:30:00 AM,22723.97,5320.47,41663.83
50127,4/10/2022 2:31:00 AM,22724.49,5320.49,41663.86
50127,4/10/2022 2:32:00 AM,22724.88,5320.84,41663.90
50127,4/10/2022 2:33:00 AM,22724.67,5320.86,41663.78
50127,4/10/2022 2:34:00 AM,22724.43,5320.63,41663.66
50127,4/10/2022 2:35:00 AM,22724.51,5320.47,41663.64
50127,4/10/2022 2:36:00 AM,22724.34,5320.42,41663.60
50127,4/10/2022 2:37:00 AM,22724.11,5320.45,41663.54
50127,4/10/2022 2:38:00 AM,22723.86,5320.49,41663.49
50127,4/10/2022 2:39:00 AM,22723.80,5320.50,41663.47
50127,4/10/2022 2:40:00 AM,22723.81,5320.56,41663.44
50127,4/10/2022 2:41:00 AM,22723.88,5320.53,41663.39
50127,4/10/2022 2:42:00 AM,22723.97,5320.26,41663.32
50127,4/10/2022 2:43:00 AM,22724.22,5320.02,41663.28
50127,4/10/2022 2:44:00 AM,22724.40,5319.83,41663.23
50127,4/10/2022 2:45:00 AM,22724.55,5319.70,41663.19
50127,4/10/2022 2:46:00 AM,22724.82,5319.73,41663.18
50127,4/10/2022 2:47:00 AM,22724.78,5319.90,41663.16
50127,4/10/2022 2:48:00 AM,22724.81,5319.74,41663.10
50127,4/10/2022 2:49:00 AM,22724.84,5319.86,41663.10
50127,4/10/2022 2:50:00 AM,22724.62,5319.85,41663.02
50127,4/10/2022 2:51:00 AM,22724.43,5319.70,41662.97
50127,4/10/2022 2:52:00 AM,22724.51,5319.79,41663.00
50127,4/10/2022 2:53:00 AM,22724.55,5319.56,41662.93
50127,4/10/2022 2:54:00 AM,22724.61,5320.38,41663.08
50127,4/10/2022 2:55:00 AM,22724.12,5320.42,41662.94
50127,4/10/2022 2:56:00 AM,22724.57,5319.74,41662.90
50127,4/10/2022 2:57:00 AM,22725.56,5319.93,41663.05
50127,4/10/2022 2:58:00 AM,22726.23,5320.56,41663.14
50127,4/10/2022 2:59:00 AM,22726.38,5320.84,41663.07
50127,4/10/2022 3:00:00 AM,22726.65,5318.78,41662.61
50127,4/10/2022 3:01:00 AM,22733.04,5318.70,41663.67
50127,4/10/2022 3:02:00 AM,22736.97,5322.34,41664.13
50127,4/10/2022 3:03:00 AM,22742.16,5323.80,41664.52
50127,4/10/2022 3:04:00 AM,22746.55,5326.86,41665.00
50127,4/10/2022 3:05:00 AM,22746.99,5327.01,41664.54
50127,4/10/2022 3:06:00 AM,22747.05,5325.76,41664.28
50127,4/10/2022 3:07:00 AM,22745.88,5326.10,41664.31
50127,4/10/2022 3:08:00 AM,22745.16,5322.43,41663.73
50127,4/10/2022 3:09:00 AM,22751.54,5323.31,41665.12
50127,4/10/2022 3:10:00 AM,22755.36,5327.56,41665.89
50127,4/10/2022 3:11:00 AM,22756.64,5330.82,41666.04
50127,4/10/2022 3:12:00 AM,22756.59,5330.79,41665.76
50127,4/10/2022 3:13:00 AM,22756.11,5332.56,41666.05
50127,4/10/2022 3:14:00 AM,22751.95,5332.52,41665.61
50127,4/10/2022 3:15:00 AM,22745.92,5333.41,41665.43
50127,4/10/2022 3:16:00 AM,22736.95,5328.84,41664.22
50127,4/10/2022 3:17:00 AM,22732.32,5326.46,41664.46
50127,4/10/2022 3:18:00 AM,22725.24,5322.28,41663.66
50127,4/10/2022 3:19:00 AM,22720.42,5317.60,41663.23
50127,4/10/2022 3:20:00 AM,22718.68,5316.04,41663.54
50127,4/10/2022 3:21:00 AM,22717.88,5317.03,41663.86
50127,4/10/2022 3:22:00 AM,22717.74,5318.27,41663.98
50127,4/10/2022 3:23:00 AM,22718.79,5319.70,41664.17
50127,4/10/2022 3:24:00 AM,22720.19,5320.69,41664.20
50127,4/10/2022 3:25:00 AM,22721.88,5320.95,41664.18
50127,4/10/2022 3:26:00 AM,22723.97,5320.77,41664.15
50127,4/10/2022 3:27:00 AM,22725.36,5320.65,41664.14
50127,4/10/2022 3:28:00 AM,22726.84,5321.03,41664.21
50127,4/10/2022 3:29:00 AM,22727.59,5320.86,41664.13
50127,4/10/2022 3:30:00 AM,22729.59,5320.25,41664.28
50127,4/10/2022 3:31:00 AM,22733.15,5320.34,41664.68
50127,4/10/2022 3:32:00 AM,22736.34,5320.60,41664.91
50127,4/10/2022 3:33:00 AM,22737.83,5320.92,41664.96
50127,4/10/2022 3:34:00 AM,22738.53,5320.91,41664.91
50127,4/10/2022 3:35:00 AM,22738.47,5320.08,41664.81
50127,4/10/2022 3:36:00 AM,22737.02,5318.86,41664.57
50127,4/10/2022 3:37:00 AM,22736.28,5317.55,41664.55
50127,4/10/2022 3:38:00 AM,22734.78,5316.84,41664.54
50127,4/10/2022 3:39:00 AM,22734.09,5315.52,41664.53
50127,4/10/2022 3:40:00 AM,22735.49,5315.14,41664.90
50127,4/10/2022 3:41:00 AM,22735.15,5314.98,41664.87
50127,4/10/2022 3:42:00 AM,22734.29,5314.84,41664.82
50127,4/10/2022 3:43:00 AM,22733.17,5314.60,41664.75
50127,4/10/2022 3:44:00 AM,22731.69,5314.33,41664.66
50127,4/10/2022 3:45:00 AM,22730.61,5313.86,41664.66
50127,4/10/2022 3:46:00 AM,22729.78,5313.39,41664.66
50127,4/10/2022 3:47:00 AM,22728.59,5313.13,41664.58
50127,4/10/2022 3:48:00 AM,22727.70,5312.75,41664.57
50127,4/10/2022 3:49:00 AM,22726.68,5312.19,41664.48
50127,4/10/2022 3:50:00 AM,22725.77,5311.69,41664.43
50127,4/10/2022 3:51:00 AM,22725.29,5311.10,41664.40
50127,4/10/2022 3:52:00 AM,22724.79,5311.10,41664.44
50127,4/10/2022 3:53:00 AM,22723.93,5311.31,41664.39
50127,4/10/2022 3:54:00 AM,22724.11,5310.64,41664.40
50127,4/10/2022 3:55:00 AM,22724.14,5310.43,41664.37
50127,4/10/2022 3:56:00 AM,22723.30,5310.21,41664.27
50127,4/10/2022 3:57:00 AM,22723.36,5309.99,41664.36
50127,4/10/2022 3:58:00 AM,22722.14,5309.86,41664.21
50127,4/10/2022 3:59:00 AM,22721.13,5309.65,41664.18
50127,4/10/2022 4:00:00 AM,22719.32,5312.28,41664.54
50127,4/10/2022 4:01:00 AM,22718.17,5310.64,41664.23
50127,4/10/2022 4:02:00 AM,22717.03,5311.29,41664.33
50127,4/10/2022 4:03:00 AM,22715.24,5311.76,41664.40
50127,4/10/2022 4:04:00 AM,22714.72,5311.75,41664.49
50127,4/10/2022 4:05:00 AM,22713.95,5311.90,41664.53
50127,4/10/2022 4:06:00 AM,22712.19,5311.79,41664.41
50127,4/10/2022 4:07:00 AM,22710.41,5311.58,41664.36
50127,4/10/2022 4:08:00 AM,22709.56,5311.74,41664.46
50127,4/10/2022 4:09:00 AM,22708.31,5312.30,41664.55
50127,4/10/2022 4:10:00 AM,22708.03,5312.02,41664.57
50127,4/10/2022 4:11:00 AM,22707.62,5312.71,41664.72
50127,4/10/2022 4:12:00 AM,22705.60,5312.84,41664.53
50127,4/10/2022 4:13:00 AM,22705.22,5312.19,41664.54
50127,4/10/2022 4:14:00 AM,22703.60,5312.26,41664.51
50127,4/10/2022 4:15:00 AM,22703.68,5312.57,41664.77
50127,4/10/2022 4:16:00 AM,22703.56,5313.58,41664.95
50127,4/10/2022 4:17:00 AM,22702.09,5312.44,41664.62
50127,4/10/2022 4:18:00 AM,22702.20,5312.15,41664.82
50127,4/10/2022 4:19:00 AM,22702.25,5313.13,41665.10
50127,4/10/2022 4:20:00 AM,22702.84,5313.76,41665.28
50127,4/10/2022 4:21:00 AM,22704.99,5316.27,41665.89
50127,4/10/2022 4:22:00 AM,22706.22,5317.68,41666.00
50127,4/10/2022 4:23:00 AM,22706.99,5319.06,41666.10
50127,4/10/2022 4:24:00 AM,22708.46,5318.77,41666.14
50127,4/10/2022 4:25:00 AM,22707.35,5317.95,41665.83
50127,4/10/2022 4:26:00 AM,22705.71,5318.05,41665.88
50127,4/10/2022 4:27:00 AM,22703.76,5318.52,41665.97
50127,4/10/2022 4:28:00 AM,22702.54,5320.58,41666.34
50127,4/10/2022 4:29:00 AM,22701.62,5321.83,41666.52
50127,4/10/2022 4:30:00 AM,22700.64,5323.92,41666.84
50127,4/10/2022 4:31:00 AM,22700.51,5325.91,41667.19
50127,4/10/2022 4:32:00 AM,22702.58,5328.52,41667.82
50127,4/10/2022 4:33:00 AM,22702.58,5329.82,41667.79
50127,4/10/2022 4:34:00 AM,22701.48,5330.75,41667.79
50127,4/10/2022 4:35:00 AM,22700.43,5331.74,41667.91
50127,4/10/2022 4:36:00 AM,22699.17,5333.13,41668.09
50127,4/10/2022 4:37:00 AM,22701.40,5329.55,41667.82
50127,4/10/2022 4:38:00 AM,22701.58,5335.29,41668.97
50127,4/10/2022 4:39:00 AM,22702.11,5340.83,41669.61
50127,4/10/2022 4:40:00 AM,22706.08,5348.42,41670.81
50127,4/10/2022 4:41:00 AM,22712.28,5356.52,41671.87
50127,4/10/2022 4:42:00 AM,22713.70,5365.04,41672.39
50127,4/10/2022 4:43:00 AM,22715.73,5370.13,41672.68
50127,4/10/2022 4:44:00 AM,22718.45,5373.99,41673.03
50127,4/10/2022 4:45:00 AM,22719.34,5375.90,41673.16
50127,4/10/2022 4:46:00 AM,22723.71,5378.69,41674.20
50127,4/10/2022 4:47:00 AM,22726.39,5384.10,41674.96
50127,4/10/2022 4:48:00 AM,22729.50,5385.08,41675.18
50127,4/10/2022 4:49:00 AM,22731.09,5386.77,41675.55
50127,4/10/2022 4:50:00 AM,22732.73,5386.46,41675.69
50127,4/10/2022 4:51:00 AM,22733.27,5385.61,41675.77
50127,4/10/2022 4:52:00 AM,22733.63,5387.41,41676.22
50127,4/10/2022 4:53:00 AM,22734.00,5390.52,41676.75
50127,4/10/2022 4:54:00 AM,22735.02,5392.96,41676.95
50127,4/10/2022 4:55:00 AM,22735.27,5393.55,41676.76
50127,4/10/2022 4:56:00 AM,22738.07,5394.04,41676.88
50127,4/10/2022 4:57:00 AM,22740.15,5394.82,41676.75
50127,4/10/2022 4:58:00 AM,22743.81,5394.36,41676.57
50127,4/10/2022 4:59:00 AM,22746.11,5393.93,41676.29
50127,4/10/2022 5:00:00 AM,22748.50,5392.27,41675.87
50127,4/10/2022 5:01:00 AM,22749.51,5389.71,41675.19
50127,4/10/2022 5:02:00 AM,22749.91,5386.76,41674.60
50127,4/10/2022 5:03:00 AM,22749.73,5382.70,41673.82
50127,4/10/2022 5:04:00 AM,22748.52,5378.94,41673.05
50127,4/10/2022 5:05:00 AM,22747.73,5375.30,41672.44
50127,4/10/2022 5:06:00 AM,22745.91,5370.64,41671.50
50127,4/10/2022 5:07:00 AM,22743.21,5366.25,41670.64
50127,4/10/2022 5:08:00 AM,22740.61,5362.48,41669.93
50127,4/10/2022 5:09:00 AM,22738.93,5359.97,41669.49
50127,4/10/2022 5:10:00 AM,22737.41,5357.97,41668.93
50127,4/10/2022 5:11:00 AM,22736.24,5355.38,41668.28
50127,4/10/2022 5:12:00 AM,22733.48,5353.66,41667.51
50127,4/10/2022 5:13:00 AM,22730.03,5348.80,41666.24
50127,4/10/2022 5:14:00 AM,22725.55,5344.81,41665.26
50127,4/10/2022 5:15:00 AM,22722.05,5340.96,41664.47
50127,4/10/2022 5:16:00 AM,22719.28,5338.59,41663.96
50127,4/10/2022 5:17:00 AM,22717.38,5337.10,41663.54
50127,4/10/2022 5:18:00 AM,22716.30,5336.60,41663.17
50127,4/10/2022 5:19:00 AM,22714.16,5335.67,41662.51
50127,4/10/2022 5:20:00 AM,22712.90,5334.84,41662.07
50127,4/10/2022 5:21:00 AM,22716.14,5333.58,41662.11
50127,4/10/2022 5:22:00 AM,22717.34,5333.11,41661.66
50127,4/10/2022 5:23:00 AM,22717.15,5331.16,41660.92
50127,4/10/2022 5:24:00 AM,22716.92,5328.74,41660.31
50127,4/10/2022 5:25:00 AM,22716.49,5326.05,41659.70
50127,4/10/2022 5:26:00 AM,22721.58,5323.22,41659.96
50127,4/10/2022 5:27:00 AM,22724.50,5323.26,41659.86
50127,4/10/2022 5:28:00 AM,22723.72,5321.20,41658.96
50127,4/10/2022 5:29:00 AM,22720.94,5318.60,41658.14
50127,4/10/2022 5:30:00 AM,22716.35,5315.14,41657.23
50127,4/10/2022 5:31:00 AM,22712.40,5311.96,41656.76
50127,4/10/2022 5:32:00 AM,22706.43,5309.28,41656.00
50127,4/10/2022 5:33:00 AM,22699.11,5307.06,41655.39
50127,4/10/2022 5:34:00 AM,22695.59,5305.90,41655.39
50127,4/10/2022 5:35:00 AM,22693.38,5304.74,41655.27
50127,4/10/2022 5:36:00 AM,22691.06,5303.68,41654.99
50127,4/10/2022 5:37:00 AM,22688.74,5303.09,41654.75
50127,4/10/2022 5:38:00 AM,22687.69,5302.69,41654.70
50127,4/10/2022 5:39:00 AM,22687.46,5303.20,41654.77
50127,4/10/2022 5:40:00 AM,22686.90,5303.69,41654.69
50127,4/10/2022 5:41:00 AM,22687.01,5304.17,41654.73
50127,4/10/2022 5:42:00 AM,22685.57,5305.14,41654.67
50127,4/10/2022 5:43:00 AM,22684.46,5306.73,41654.86
50127,4/10/2022 5:44:00 AM,22683.60,5307.87,41654.97
50127,4/10/2022 5:45:00 AM,22681.91,5309.89,41655.17
50127,4/10/2022 5:46:00 AM,22679.51,5312.14,41655.26
50127,4/10/2022 5:47:00 AM,22676.15,5314.22,41655.32
50127,4/10/2022 5:48:00 AM,22674.02,5316.39,41655.61
50127,4/10/2022 5:49:00 AM,22672.15,5318.54,41655.86
50127,4/10/2022 5:50:00 AM,22671.52,5320.71,41656.23
50127,4/10/2022 5:51:00 AM,22670.75,5323.28,41656.52
50127,4/10/2022 5:52:00 AM,22669.37,5326.02,41656.77
50127,4/10/2022 5:53:00 AM,22666.71,5329.22,41656.94
50127,4/10/2022 5:54:00 AM,22661.89,5331.30,41656.71
50127,4/10/2022 5:55:00 AM,22657.62,5332.91,41656.79
50127,4/10/2022 5:56:00 AM,22652.58,5334.20,41656.72
50127,4/10/2022 5:57:00 AM,22650.22,5335.27,41657.09
50127,4/10/2022 5:58:00 AM,22650.55,5337.27,41657.75
50127,4/10/2022 5:59:00 AM,22652.22,5339.86,41658.39
50127,4/10/2022 6:00:00 AM,22652.57,5341.64,41658.52
50127,4/10/2022 6:01:00 AM,22651.86,5342.45,41658.50
50127,4/10/2022 6:02:00 AM,22651.48,5342.95,41658.64
50127,4/10/2022 6:03:00 AM,22652.64,5343.79,41659.05
50127,4/10/2022 6:04:00 AM,22653.28,5344.57,41659.22
50127,4/10/2022 6:05:00 AM,22653.10,5345.61,41659.36
50127,4/10/2022 6:06:00 AM,22650.33,5344.55,41658.90
50127,4/10/2022 6:07:00 AM,22648.38,5343.11,41658.86
50127,4/10/2022 6:08:00 AM,22649.40,5342.34,41659.31
50127,4/10/2022 6:09:00 AM,22651.28,5342.55,41659.73
50127,4/10/2022 6:10:00 AM,22652.79,5343.50,41660.09
50127,4/10/2022 6:11:00 AM,22654.72,5344.16,41660.34
50127,4/10/2022 6:12:00 AM,22656.60,5344.63,41660.52
50127,4/10/2022 6:13:00 AM,22658.24,5344.97,41660.71
50127,4/10/2022 6:14:00 AM,22659.97,5345.48,41660.97
50127,4/10/2022 6:15:00 AM,22660.55,5346.82,41661.20
50127,4/10/2022 6:16:00 AM,22661.78,5348.00,41661.52
50127,4/10/2022 6:17:00 AM,22663.92,5349.26,41661.92
50127,4/10/2022 6:18:00 AM,22664.19,5350.86,41662.02
50127,4/10/2022 6:19:00 AM,22661.86,5351.22,41661.76
50127,4/10/2022 6:20:00 AM,22659.87,5350.93,41661.75
50127,4/10/2022 6:21:00 AM,22659.23,5351.17,41662.02
50127,4/10/2022 6:22:00 AM,22658.19,5351.42,41662.19
50127,4/10/2022 6:23:00 AM,22657.99,5351.69,41662.44
50127,4/10/2022 6:24:00 AM,22658.22,5352.26,41662.71
50127,4/10/2022 6:25:00 AM,22657.09,5352.79,41662.73
50127,4/10/2022 6:26:00 AM,22655.96,5352.80,41662.77
50127,4/10/2022 6:27:00 AM,22655.18,5352.07,41662.78
50127,4/10/2022 6:28:00 AM,22654.19,5350.90,41662.76
50127,4/10/2022 6:29:00 AM,22653.36,5349.78,41662.78
50127,4/10/2022 6:30:00 AM,22651.53,5347.93,41662.58
50127,4/10/2022 6:31:00 AM,22651.38,5345.96,41662.67
50127,4/10/2022 6:32:00 AM,22651.85,5344.73,41662.89
50127,4/10/2022 6:33:00 AM,22652.11,5344.04,41662.97
50127,4/10/2022 6:34:00 AM,22651.83,5343.33,41662.97
50127,4/10/2022 6:35:00 AM,22651.42,5342.52,41662.97
50127,4/10/2022 6:36:00 AM,22651.07,5340.87,41662.86
50127,4/10/2022 6:37:00 AM,22650.31,5338.88,41662.74
50127,4/10/2022 6:38:00 AM,22649.55,5336.38,41662.58
50127,4/10/2022 6:39:00 AM,22648.96,5333.23,41662.37
50127,4/10/2022 6:40:00 AM,22649.08,5329.96,41662.33
50127,4/10/2022 6:41:00 AM,22648.83,5328.54,41662.42
50127,4/10/2022 6:42:00 AM,22649.13,5326.85,41662.42
50127,4/10/2022 6:43:00 AM,22649.63,5324.60,41662.35
50127,4/10/2022 6:44:00 AM,22650.06,5322.74,41662.34
50127,4/10/2022 6:45:00 AM,22649.98,5321.30,41662.31
50127,4/10/2022 6:46:00 AM,22649.88,5320.02,41662.32
50127,4/10/2022 6:47:00 AM,22650.10,5318.81,41662.36
50127,4/10/2022 6:48:00 AM,22649.97,5318.23,41662.45
50127,4/10/2022 6:49:00 AM,22650.06,5318.02,41662.54
50127,4/10/2022 6:50:00 AM,22649.79,5317.03,41662.47
50127,4/10/2022 6:51:00 AM,22649.62,5315.91,41662.47
50127,4/10/2022 6:52:00 AM,22650.07,5315.81,41662.73
50127,4/10/2022 6:53:00 AM,22651.04,5316.19,41662.98
50127,4/10/2022 6:54:00 AM,22651.29,5316.83,41663.08
50127,4/10/2022 6:55:00 AM,22651.38,5317.30,41663.17
50127,4/10/2022 6:56:00 AM,22652.07,5317.88,41663.34
50127,4/10/2022 6:57:00 AM,22652.82,5318.71,41663.57
50127,4/10/2022 6:58:00 AM,22654.12,5319.51,41663.81
50127,4/10/2022 6:59:00 AM,22654.95,5319.90,41663.90
50127,4/10/2022 7:00:00 AM,22655.49,5320.17,41663.99
50127,4/10/2022 7:01:00 AM,22655.62,5320.57,41664.10
50127,4/10/2022 7:02:00 AM,22655.42,5320.86,41664.18
50127,4/10/2022 7:03:00 AM,22652.82,5321.66,41664.06
50127,4/10/2022 7:04:00 AM,22649.37,5321.81,41663.90
50127,4/10/2022 7:05:00 AM,22646.93,5321.40,41663.94
50127,4/10/2022 7:06:00 AM,22646.51,5320.92,41664.20
50127,4/10/2022 7:07:00 AM,22647.38,5320.69,41664.51
50127,4/10/2022 7:08:00 AM,22648.60,5320.99,41664.80
50127,4/10/2022 7:09:00 AM,22649.92,5321.35,41665.03
50127,4/10/2022 7:10:00 AM,22651.71,5321.87,41665.29
50127,4/10/2022 7:11:00 AM,22651.95,5322.47,41665.30
50127,4/10/2022 7:12:00 AM,22650.81,5322.63,41665.18
50127,4/10/2022 7:13:00 AM,22650.40,5323.00,41665.33
50127,4/10/2022 7:14:00 AM,22650.72,5323.72,41665.61
50127,4/10/2022 7:15:00 AM,22651.62,5324.08,41665.82
50127,4/10/2022 7:16:00 AM,22652.58,5323.73,41665.91
50127,4/10/2022 7:17:00 AM,22653.30,5323.34,41665.99
50127,4/10/2022 7:18:00 AM,22653.89,5323.53,41666.20
50127,4/10/2022 7:19:00 AM,22654.16,5324.27,41666.40
50127,4/10/2022 7:20:00 AM,22653.42,5324.94,41666.43
50127,4/10/2022 7:21:00 AM,22652.62,5325.60,41666.57
50127,4/10/2022 7:22:00 AM,22652.52,5326.13,41666.76
50127,4/10/2022 7:23:00 AM,22652.49,5326.63,41666.94
50127,4/10/2022 7:24:00 AM,22652.62,5326.86,41667.07
50127,4/10/2022 7:25:00 AM,22653.48,5326.79,41667.25
50127,4/10/2022 7:26:00 AM,22654.15,5326.39,41667.32
50127,4/10/2022 7:27:00 AM,22653.97,5325.81,41667.30
50127,4/10/2022 7:28:00 AM,22653.89,5325.48,41667.38
50127,4/10/2022 7:29:00 AM,22654.38,5325.33,41667.58
50127,4/10/2022 7:30:00 AM,22655.32,5325.12,41667.74
50127,4/10/2022 7:31:00 AM,22654.99,5325.04,41667.73
50127,4/10/2022 7:32:00 AM,22653.97,5324.95,41667.72
50127,4/10/2022 7:33:00 AM,22653.20,5324.95,41667.78
50127,4/10/2022 7:34:00 AM,22652.80,5325.06,41667.91
50127,4/10/2022 7:35:00 AM,22652.64,5325.09,41668.00
50127,4/10/2022 7:36:00 AM,22652.61,5325.20,41668.10
50127,4/10/2022 7:37:00 AM,22652.65,5325.22,41668.17
50127,4/10/2022 7:38:00 AM,22652.50,5325.21,41668.21
50127,4/10/2022 7:39:00 AM,22652.46,5325.28,41668.28
50127,4/10/2022 7:40:00 AM,22652.62,5325.31,41668.35
50127,4/10/2022 7:41:00 AM,22653.01,5325.28,41668.44
50127,4/10/2022 7:42:00 AM,22653.70,5325.43,41668.60
50127,4/10/2022 7:43:00 AM,22654.30,5325.53,41668.68
50127,4/10/2022 7:44:00 AM,22654.33,5325.71,41668.73
50127,4/10/2022 7:45:00 AM,22654.71,5325.85,41668.88
50127,4/10/2022 7:46:00 AM,22655.43,5325.89,41669.03
50127,4/10/2022 7:47:00 AM,22655.74,5325.99,41669.12
50127,4/10/2022 7:48:00 AM,22656.58,5326.15,41669.32
50127,4/10/2022 7:49:00 AM,22657.87,5326.30,41669.53
50127,4/10/2022 7:50:00 AM,22659.00,5326.41,41669.68
50127,4/10/2022 7:51:00 AM,22659.99,5326.67,41669.85
50127,4/10/2022 7:52:00 AM,22661.26,5326.83,41670.04
50127,4/10/2022 7:53:00 AM,22659.83,5326.50,41669.76
50127,4/10/2022 7:54:00 AM,22657.26,5326.49,41669.70
50127,4/10/2022 7:55:00 AM,22656.93,5326.07,41669.90
50127,4/10/2022 7:56:00 AM,22657.18,5325.36,41670.03
50127,4/10/2022 7:57:00 AM,22657.03,5324.95,41670.13
50127,4/10/2022 7:58:00 AM,22657.32,5324.40,41670.23
50127,4/10/2022 7:59:00 AM,22658.25,5323.83,41670.38
50127,4/10/2022 8:00:00 AM,22659.86,5323.60,41670.60
50127,4/10/2022 8:01:00 AM,22661.49,5323.85,41670.85
50127,4/10/2022 8:02:00 AM,22663.30,5324.16,41671.05
50127,4/10/2022 8:03:00 AM,22664.77,5323.82,41671.08
50127,4/10/2022 8:04:00 AM,22666.49,5321.39,41670.84
50127,4/10/2022 8:05:00 AM,22665.64,5320.16,41670.64
50127,4/10/2022 8:06:00 AM,22665.87,5318.32,41670.59
50127,4/10/2022 8:07:00 AM,22666.32,5317.26,41670.60
50127,4/10/2022 8:08:00 AM,22666.53,5316.71,41670.65
50127,4/10/2022 8:09:00 AM,22667.16,5315.78,41670.62
50127,4/10/2022 8:10:00 AM,22667.58,5314.61,41670.55
50127,4/10/2022 8:11:00 AM,22668.44,5313.05,41670.46
50127,4/10/2022 8:12:00 AM,22670.46,5310.15,41670.32
50127,4/10/2022 8:13:00 AM,22677.63,5303.39,41670.16
50127,4/10/2022 8:14:00 AM,22681.62,5300.65,41670.14
50127,4/10/2022 8:15:00 AM,22686.86,5297.40,41670.06
50127,4/10/2022 8:16:00 AM,22689.06,5295.02,41669.70
50127,4/10/2022 8:17:00 AM,22691.38,5293.27,41669.52
50127,4/10/2022 8:18:00 AM,22692.13,5293.04,41669.42
50127,4/10/2022 8:19:00 AM,22693.13,5292.56,41669.30
50127,4/10/2022 8:20:00 AM,22693.40,5292.63,41669.21
50127,4/10/2022 8:21:00 AM,22693.99,5291.89,41669.04
50127,4/10/2022 8:22:00 AM,22693.60,5292.24,41668.96
50127,4/10/2022 8:23:00 AM,22692.73,5292.50,41668.85
50127,4/10/2022 8:24:00 AM,22691.83,5292.73,41668.77
50127,4/10/2022 8:25:00 AM,22690.73,5292.82,41668.67
50127,4/10/2022 8:26:00 AM,22690.09,5292.80,41668.65
50127,4/10/2022 8:27:00 AM,22689.64,5293.04,41668.68
50127,4/10/2022 8:28:00 AM,22688.55,5293.46,41668.63
50127,4/10/2022 8:29:00 AM,22686.92,5294.58,41668.67
50127,4/10/2022 8:30:00 AM,22686.03,5295.73,41668.79
50127,4/10/2022 8:31:00 AM,22685.31,5296.07,41668.74
50127,4/10/2022 8:32:00 AM,22684.71,5295.62,41668.63
50127,4/10/2022 8:33:00 AM,22684.30,5294.40,41668.45
50127,4/10/2022 8:34:00 AM,22683.31,5293.85,41668.40
50127,4/10/2022 8:35:00 AM,22682.02,5294.29,41668.43
50127,4/10/2022 8:36:00 AM,22680.98,5296.38,41668.74
50127,4/10/2022 8:37:00 AM,22680.04,5296.81,41668.65
50127,4/10/2022 8:38:00 AM,22679.14,5298.27,41668.83
50127,4/10/2022 8:39:00 AM,22678.11,5299.42,41668.86
50127,4/10/2022 8:40:00 AM,22676.88,5300.98,41669.00
50127,4/10/2022 8:41:00 AM,22676.13,5302.32,41669.09
50127,4/10/2022 8:42:00 AM,22675.37,5304.28,41669.30
50127,4/10/2022 8:43:00 AM,22675.00,5305.19,41669.33
50127,4/10/2022 8:44:00 AM,22674.66,5306.20,41669.42
50127,4/10/2022 8:45:00 AM,22674.55,5307.31,41669.55
50127,4/10/2022 8:46:00 AM,22674.79,5308.20,41669.66
50127,4/10/2022 8:47:00 AM,22675.60,5308.68,41669.79
50127,4/10/2022 8:48:00 AM,22676.94,5308.91,41669.89
50127,4/10/2022 8:49:00 AM,22677.53,5309.07,41669.88
50127,4/10/2022 8:50:00 AM,22678.18,5309.53,41669.98
50127,4/10/2022 8:51:00 AM,22679.07,5309.76,41670.07
50127,4/10/2022 8:52:00 AM,22680.01,5311.14,41670.32
50127,4/10/2022 8:53:00 AM,22681.07,5312.34,41670.49
50127,4/10/2022 8:54:00 AM,22681.43,5313.22,41670.51
50127,4/10/2022 8:55:00 AM,22681.85,5314.60,41670.72
50127,4/10/2022 8:56:00 AM,22683.31,5315.84,41671.00
50127,4/10/2022 8:57:00 AM,22684.55,5316.63,41671.11
50127,4/10/2022 8:58:00 AM,22686.24,5317.10,41671.29
50127,4/10/2022 8:59:00 AM,22688.56,5317.10,41671.45
50127,4/10/2022 9:00:00 AM,22690.16,5316.47,41671.41
50127,4/10/2022 9:01:00 AM,22690.97,5316.05,41671.42
50127,4/10/2022 9:02:00 AM,22691.28,5316.60,41671.57
50127,4/10/2022 9:03:00 AM,22691.93,5316.44,41671.64
50127,4/10/2022 9:04:00 AM,22692.09,5316.84,41671.72
50127,4/10/2022 9:05:00 AM,22692.21,5316.66,41671.74
50127,4/10/2022 9:06:00 AM,22692.54,5316.49,41671.79
50127,4/10/2022 9:07:00 AM,22692.24,5316.56,41671.78
50127,4/10/2022 9:08:00 AM,22691.79,5316.63,41671.81
50127,4/10/2022 9:09:00 AM,22692.51,5316.99,41672.02
50127,4/10/2022 9:10:00 AM,22694.32,5317.62,41672.30
50127,4/10/2022 9:11:00 AM,22696.18,5318.03,41672.42
50127,4/10/2022 9:12:00 AM,22697.81,5317.87,41672.37
50127,4/10/2022 9:13:00 AM,22698.93,5317.27,41672.26
50127,4/10/2022 9:14:00 AM,22699.39,5316.93,41672.15
50127,4/10/2022 9:15:00 AM,22699.46,5317.43,41672.19
50127,4/10/2022 9:16:00 AM,22699.92,5318.06,41672.25
50127,4/10/2022 9:17:00 AM,22700.13,5318.54,41672.24
50127,4/10/2022 9:18:00 AM,22700.64,5319.51,41672.34
50127,4/10/2022 9:19:00 AM,22701.16,5320.19,41672.35
50127,4/10/2022 9:20:00 AM,22701.44,5320.43,41672.28
50127,4/10/2022 9:21:00 AM,22701.35,5320.62,41672.18
50127,4/10/2022 9:22:00 AM,22701.33,5320.69,41672.15
50127,4/10/2022 9:23:00 AM,22701.37,5320.60,41672.09
50127,4/10/2022 9:24:00 AM,22701.45,5320.98,41672.14
50127,4/10/2022 9:25:00 AM,22701.85,5321.23,41672.16
50127,4/10/2022 9:26:00 AM,22701.51,5320.90,41671.95
50127,4/10/2022 9:27:00 AM,22701.03,5321.11,41671.97
50127,4/10/2022 9:28:00 AM,22701.61,5321.63,41672.10
50127,4/10/2022 9:29:00 AM,22701.60,5321.97,41672.04
50127,4/10/2022 9:30:00 AM,22701.06,5322.02,41671.92
50127,4/10/2022 9:31:00 AM,22700.28,5322.28,41671.85
50127,4/10/2022 9:32:00 AM,22699.16,5322.65,41671.79
50127,4/10/2022 9:33:00 AM,22697.82,5322.69,41671.66
50127,4/10/2022 9:34:00 AM,22696.58,5322.54,41671.58
50127,4/10/2022 9:35:00 AM,22695.38,5322.13,41671.44
50127,4/10/2022 9:36:00 AM,22693.91,5322.32,41671.38
50127,4/10/2022 9:37:00 AM,22693.07,5322.76,41671.42
50127,4/10/2022 9:38:00 AM,22692.39,5322.86,41671.37
50127,4/10/2022 9:39:00 AM,22691.88,5322.53,41671.25
50127,4/10/2022 9:40:00 AM,22691.00,5321.47,41670.98
50127,4/10/2022 9:41:00 AM,22689.92,5320.64,41670.81
50127,4/10/2022 9:42:00 AM,22689.07,5320.89,41670.84
50127,4/10/2022 9:43:00 AM,22688.58,5320.95,41670.78
50127,4/10/2022 9:44:00 AM,22688.14,5321.08,41670.73
50127,4/10/2022 9:45:00 AM,22688.08,5320.87,41670.64
50127,4/10/2022 9:46:00 AM,22687.43,5321.31,41670.59
50127,4/10/2022 9:47:00 AM,22686.79,5322.66,41670.69
50127,4/10/2022 9:48:00 AM,22686.90,5323.45,41670.70
50127,4/10/2022 9:49:00 AM,22686.52,5323.20,41670.45
50127,4/10/2022 9:50:00 AM,22685.15,5323.26,41670.28
50127,4/10/2022 9:51:00 AM,22684.64,5323.87,41670.34
50127,4/10/2022 9:52:00 AM,22684.43,5324.53,41670.38
50127,4/10/2022 9:53:00 AM,22684.48,5324.55,41670.30
50127,4/10/2022 9:54:00 AM,22684.13,5323.91,41670.08
50127,4/10/2022 9:55:00 AM,22683.57,5323.16,41669.90
50127,4/10/2022 9:56:00 AM,22683.10,5322.65,41669.81
50127,4/10/2022 9:57:00 AM,22682.60,5322.12,41669.71
50127,4/10/2022 9:58:00 AM,22682.27,5321.76,41669.65
50127,4/10/2022 9:59:00 AM,22681.58,5321.42,41669.54
50127,4/10/2022 10:00:00 AM,22680.93,5321.44,41669.53
50127,4/10/2022 10:01:00 AM,22680.81,5321.64,41669.58
50127,4/10/2022 10:02:00 AM,22680.91,5321.57,41669.55
50127,4/10/2022 10:03:00 AM,22680.96,5320.84,41669.44
50127,4/10/2022 10:04:00 AM,22681.11,5320.66,41669.47
50127,4/10/2022 10:05:00 AM,22681.15,5321.33,41669.59
50127,4/10/2022 10:06:00 AM,22681.44,5322.80,41669.80
50127,4/10/2022 10:07:00 AM,22681.32,5324.46,41669.90
50127,4/10/2022 10:08:00 AM,22681.68,5325.64,41670.02
50127,4/10/2022 10:09:00 AM,22682.31,5326.44,41670.11
50127,4/10/2022 10:10:00 AM,22682.76,5327.48,41670.23
50127,4/10/2022 10:11:00 AM,22682.82,5328.28,41670.28
50127,4/10/2022 10:12:00 AM,22682.69,5329.34,41670.40
50127,4/10/2022 10:13:00 AM,22682.90,5329.89,41670.46
50127,4/10/2022 10:14:00 AM,22682.83,5330.19,41670.47
50127,4/10/2022 10:15:00 AM,22682.65,5330.53,41670.52
50127,4/10/2022 10:16:00 AM,22682.71,5330.56,41670.58
50127,4/10/2022 10:17:00 AM,22682.90,5330.24,41670.60
50127,4/10/2022 10:18:00 AM,22683.15,5329.90,41670.65
50127,4/10/2022 10:19:00 AM,22683.41,5329.79,41670.71
50127,4/10/2022 10:20:00 AM,22683.76,5329.64,41670.76
50127,4/10/2022 10:21:00 AM,22683.72,5329.74,41670.79
50127,4/10/2022 10:22:00 AM,22683.59,5329.60,41670.79
50127,4/10/2022 10:23:00 AM,22683.38,5329.47,41670.80
50127,4/10/2022 10:24:00 AM,22683.23,5329.78,41670.92
50127,4/10/2022 10:25:00 AM,22683.58,5330.10,41671.05
50127,4/10/2022 10:26:00 AM,22684.30,5330.33,41671.18
50127,4/10/2022 10:27:00 AM,22684.79,5330.45,41671.23
50127,4/10/2022 10:28:00 AM,22684.85,5330.62,41671.25
50127,4/10/2022 10:29:00 AM,22684.66,5331.03,41671.32
50127,4/10/2022 10:30:00 AM,22685.09,5331.56,41671.48
50127,4/10/2022 10:31:00 AM,22685.97,5331.35,41671.52
50127,4/10/2022 10:32:00 AM,22686.17,5331.27,41671.51
50127,4/10/2022 10:33:00 AM,22685.81,5331.29,41671.51
50127,4/10/2022 10:34:00 AM,22685.48,5331.09,41671.47
50127,4/10/2022 10:35:00 AM,22685.12,5331.17,41671.54
50127,4/10/2022 10:36:00 AM,22685.31,5331.68,41671.70
50127,4/10/2022 10:37:00 AM,22685.49,5332.09,41671.78
50127,4/10/2022 10:38:00 AM,22685.43,5332.44,41671.84
50127,4/10/2022 10:39:00 AM,22685.49,5332.42,41671.84
50127,4/10/2022 10:40:00 AM,22685.44,5332.16,41671.82
50127,4/10/2022 10:41:00 AM,22685.39,5331.84,41671.82
50127,4/10/2022 10:42:00 AM,22685.29,5331.53,41671.82
50127,4/10/2022 10:43:00 AM,22685.15,5331.45,41671.86
50127,4/10/2022 10:44:00 AM,22685.20,5331.55,41671.94
50127,4/10/2022 10:45:00 AM,22685.62,5331.35,41671.99
50127,4/10/2022 10:46:00 AM,22685.75,5331.18,41671.98
50127,4/10/2022 10:47:00 AM,22685.58,5330.72,41671.91
50127,4/10/2022 10:48:00 AM,22684.89,5330.80,41671.92
50127,4/10/2022 10:49:00 AM,22684.28,5331.30,41672.02
50127,4/10/2022 10:50:00 AM,22683.89,5331.72,41672.07
50127,4/10/2022 10:51:00 AM,22683.57,5331.84,41672.07
50127,4/10/2022 10:52:00 AM,22683.21,5331.83,41672.07
50127,4/10/2022 10:53:00 AM,22682.97,5331.81,41672.09
50127,4/10/2022 10:54:00 AM,22682.95,5331.91,41672.15
50127,4/10/2022 10:55:00 AM,22683.15,5331.96,41672.20
50127,4/10/2022 10:56:00 AM,22683.31,5331.91,41672.21
50127,4/10/2022 10:57:00 AM,22683.41,5331.71,41672.19
50127,4/10/2022 10:58:00 AM,22683.58,5331.34,41672.14
50127,4/10/2022 10:59:00 AM,22683.90,5330.45,41672.08
50127,4/10/2022 11:00:00 AM,22684.06,5329.80,41672.03
50127,4/10/2022 11:01:00 AM,22684.03,5329.54,41672.03
50127,4/10/2022 11:02:00 AM,22683.69,5329.75,41672.03
50127,4/10/2022 11:03:00 AM,22683.81,5329.57,41672.03
50127,4/10/2022 11:04:00 AM,22683.72,5329.78,41672.04
50127,4/10/2022 11:05:00 AM,22683.69,5329.86,41672.05
50127,4/10/2022 11:06:00 AM,22683.25,5330.29,41672.05
50127,4/10/2022 11:07:00 AM,22683.06,5330.57,41672.07
50127,4/10/2022 11:08:00 AM,22682.73,5330.93,41672.09
50127,4/10/2022 11:09:00 AM,22682.50,5331.10,41672.09
50127,4/10/2022 11:10:00 AM,22682.30,5331.29,41672.09
50127,4/10/2022 11:11:00 AM,22682.08,5331.69,41672.12
50127,4/10/2022 11:12:00 AM,22681.83,5331.75,41672.08
50127,4/10/2022 11:13:00 AM,22681.63,5331.95,41672.13
50127,4/10/2022 11:14:00 AM,22681.87,5332.65,41672.26
50127,4/10/2022 11:15:00 AM,22682.18,5333.20,41672.31
50127,4/10/2022 11:16:00 AM,22682.79,5333.06,41672.30
50127,4/10/2022 11:17:00 AM,22683.40,5332.80,41672.27
50127,4/10/2022 11:18:00 AM,22683.79,5332.44,41672.22
50127,4/10/2022 11:19:00 AM,22683.95,5331.34,41672.05
50127,4/10/2022 11:20:00 AM,22684.32,5330.71,41672.06
50127,4/10/2022 11:21:00 AM,22684.74,5330.75,41672.16
50127,4/10/2022 11:22:00 AM,22684.92,5330.88,41672.16
50127,4/10/2022 11:23:00 AM,22685.47,5330.82,41672.20
50127,4/10/2022 11:24:00 AM,22685.88,5330.79,41672.18
50127,4/10/2022 11:25:00 AM,22686.19,5330.00,41672.07
50127,4/10/2022 11:26:00 AM,22686.30,5329.86,41672.05
50127,4/10/2022 11:27:00 AM,22686.75,5329.63,41672.07
50127,4/10/2022 11:28:00 AM,22686.78,5329.37,41671.99
50127,4/10/2022 11:29:00 AM,22686.49,5329.74,41672.01
50127,4/10/2022 11:30:00 AM,22686.33,5329.79,41671.97
50127,4/10/2022 11:31:00 AM,22686.31,5329.82,41671.97
50127,4/10/2022 11:32:00 AM,22686.43,5329.94,41671.99
50127,4/10/2022 11:33:00 AM,22686.67,5330.18,41672.02
50127,4/10/2022 11:34:00 AM,22686.57,5330.12,41671.96
50127,4/10/2022 11:35:00 AM,22686.39,5330.31,41671.96
50127,4/10/2022 11:36:00 AM,22686.35,5330.35,41671.95
50127,4/10/2022 11:37:00 AM,22686.38,5330.36,41671.94
50127,4/10/2022 11:38:00 AM,22686.36,5330.64,41671.97
50127,4/10/2022 11:39:00 AM,22686.63,5330.86,41672.00
50127,4/10/2022 11:40:00 AM,22686.94,5330.77,41671.95
50127,4/10/2022 11:41:00 AM,22687.16,5330.91,41671.96
50127,4/10/2022 11:42:00 AM,22687.60,5331.11,41671.99
50127,4/10/2022 11:43:00 AM,22687.74,5331.29,41671.96
50127,4/10/2022 11:44:00 AM,22687.82,5331.11,41671.89
50127,4/10/2022 11:45:00 AM,22688.04,5330.60,41671.82
50127,4/10/2022 11:46:00 AM,22688.26,5330.31,41671.79
50127,4/10/2022 11:47:00 AM,22688.47,5329.79,41671.73
50127,4/10/2022 11:48:00 AM,22688.92,5329.65,41671.76
50127,4/10/2022 11:49:00 AM,22689.29,5329.46,41671.73
50127,4/10/2022 11:50:00 AM,22689.94,5328.78,41671.64
50127,4/10/2022 11:51:00 AM,22690.48,5328.11,41671.55
50127,4/10/2022 11:52:00 AM,22691.37,5327.59,41671.55
50127,4/10/2022 11:53:00 AM,22692.10,5327.22,41671.51
50127,4/10/2022 11:54:00 AM,22692.39,5327.39,41671.50
50127,4/10/2022 11:55:00 AM,22693.01,5327.22,41671.47
50127,4/10/2022 11:56:00 AM,22693.90,5327.04,41671.47
50127,4/10/2022 11:57:00 AM,22694.72,5327.04,41671.48
50127,4/10/2022 11:58:00 AM,22695.33,5326.75,41671.42
50127,4/10/2022 11:59:00 AM,22695.78,5326.51,41671.36
50127,4/10/2022 12:00:00 PM,22696.51,5325.69,41671.26
50127,4/10/2022 12:01:00 PM,22696.95,5325.11,41671.20
50127,4/10/2022 12:02:00 PM,22697.44,5324.83,41671.19
50127,4/10/2022 12:03:00 PM,22697.95,5324.51,41671.16
50127,4/10/2022 12:04:00 PM,22698.30,5324.35,41671.15
50127,4/10/2022 12:05:00 PM,22699.02,5323.61,41671.07
50127,4/10/2022 12:06:00 PM,22699.37,5322.58,41670.90
50127,4/10/2022 12:07:00 PM,22699.38,5322.16,41670.86
50127,4/10/2022 12:08:00 PM,22699.66,5322.05,41670.86
50127,4/10/2022 12:09:00 PM,22699.89,5321.62,41670.78
50127,4/10/2022 12:10:00 PM,22700.29,5321.73,41670.83
50127,4/10/2022 12:11:00 PM,22700.81,5321.84,41670.83
50127,4/10/2022 12:12:00 PM,22701.25,5321.67,41670.74
50127,4/10/2022 12:13:00 PM,22701.53,5321.33,41670.65
50127,4/10/2022 12:14:00 PM,22701.39,5320.78,41670.50
50127,4/10/2022 12:15:00 PM,22701.25,5321.33,41670.58
50127,4/10/2022 12:16:00 PM,22701.63,5321.75,41670.62
50127,4/10/2022 12:17:00 PM,22702.19,5321.65,41670.57
50127,4/10/2022 12:18:00 PM,22702.33,5321.39,41670.44
50127,4/10/2022 12:19:00 PM,22702.04,5321.44,41670.38
50127,4/10/2022 12:20:00 PM,22701.76,5322.18,41670.43
50127,4/10/2022 12:21:00 PM,22702.06,5323.02,41670.52
50127,4/10/2022 12:22:00 PM,22702.59,5323.15,41670.47
50127,4/10/2022 12:23:00 PM,22702.55,5323.15,41670.37
50127,4/10/2022 12:24:00 PM,22702.19,5323.55,41670.33
50127,4/10/2022 12:25:00 PM,22701.95,5323.73,41670.28
50127,4/10/2022 12:26:00 PM,22701.79,5323.64,41670.21
50127,4/10/2022 12:27:00 PM,22701.68,5323.42,41670.15
50127,4/10/2022 12:28:00 PM,22701.50,5323.45,41670.12
50127,4/10/2022 12:29:00 PM,22701.61,5323.10,41670.04
50127,4/10/2022 12:30:00 PM,22701.45,5322.89,41669.98
50127,4/10/2022 12:31:00 PM,22700.98,5322.95,41669.92
50127,4/10/2022 12:32:00 PM,22700.28,5323.22,41669.90
50127,4/10/2022 12:33:00 PM,22699.66,5324.11,41669.96
50127,4/10/2022 12:34:00 PM,22698.93,5324.88,41669.99
50127,4/10/2022 12:35:00 PM,22698.60,5325.74,41670.05
50127,4/10/2022 12:36:00 PM,22698.42,5326.24,41670.06
50127,4/10/2022 12:37:00 PM,22698.57,5327.07,41670.17
50127,4/10/2022 12:38:00 PM,22698.83,5326.87,41670.08
50127,4/10/2022 12:39:00 PM,22699.09,5326.29,41669.99
50127,4/10/2022 12:40:00 PM,22699.37,5325.85,41669.95
50127,4/10/2022 12:41:00 PM,22700.00,5325.98,41670.04
50127,4/10/2022 12:42:00 PM,22700.37,5324.76,41669.77
50127,4/10/2022 12:43:00 PM,22699.37,5324.38,41669.65
50127,4/10/2022 12:44:00 PM,22699.24,5324.95,41669.80
50127,4/10/2022 12:45:00 PM,22699.69,5325.16,41669.86
50127,4/10/2022 12:46:00 PM,22699.67,5325.51,41669.87
50127,4/10/2022 12:47:00 PM,22699.98,5326.32,41670.00
50127,4/10/2022 12:48:00 PM,22700.30,5326.60,41670.00
50127,4/10/2022 12:49:00 PM,22700.05,5327.07,41669.99
50127,4/10/2022 12:50:00 PM,22699.87,5328.34,41670.19
50127,4/10/2022 12:51:00 PM,22700.19,5329.22,41670.30
50127,4/10/2022 12:52:00 PM,22700.35,5329.91,41670.37
50127,4/10/2022 12:53:00 PM,22700.75,5330.59,41670.49
50127,4/10/2022 12:54:00 PM,22701.26,5331.14,41670.59
50127,4/10/2022 12:55:00 PM,22701.41,5331.47,41670.61
50127,4/10/2022 12:56:00 PM,22700.97,5331.90,41670.64
50127,4/10/2022 12:57:00 PM,22700.41,5332.60,41670.74
50127,4/10/2022 12:58:00 PM,22700.22,5333.60,41670.93
50127,4/10/2022 12:59:00 PM,22699.91,5334.33,41671.03
50127,4/10/2022 1:00:00 PM,22699.66,5334.92,41671.14
50127,4/10/2022 1:01:00 PM,22699.50,5335.60,41671.28
50127,4/10/2022 1:02:00 PM,22699.46,5336.14,41671.40
50127,4/10/2022 1:03:00 PM,22699.50,5336.59,41671.50
50127,4/10/2022 1:04:00 PM,22699.59,5336.88,41671.60
50127,4/10/2022 1:05:00 PM,22699.56,5337.16,41671.70
50127,4/10/2022 1:06:00 PM,22699.58,5337.63,41671.83
50127,4/10/2022 1:07:00 PM,22699.49,5337.54,41671.82
50127,4/10/2022 1:08:00 PM,22699.19,5337.70,41671.91
50127,4/10/2022 1:09:00 PM,22698.82,5338.17,41672.07
50127,4/10/2022 1:10:00 PM,22698.79,5338.49,41672.21
50127,4/10/2022 1:11:00 PM,22698.90,5338.54,41672.28
50127,4/10/2022 1:12:00 PM,22699.15,5338.53,41672.36
50127,4/10/2022 1:13:00 PM,22699.01,5338.55,41672.41
50127,4/10/2022 1:14:00 PM,22698.59,5338.47,41672.45
50127,4/10/2022 1:15:00 PM,22698.12,5338.87,41672.59
50127,4/10/2022 1:16:00 PM,22697.91,5339.45,41672.81
50127,4/10/2022 1:17:00 PM,22698.17,5339.83,41672.96
50127,4/10/2022 1:18:00 PM,22698.47,5340.26,41673.07
50127,4/10/2022 1:19:00 PM,22698.64,5340.47,41673.10
50127,4/10/2022 1:20:00 PM,22698.77,5340.35,41673.08
50127,4/10/2022 1:21:00 PM,22698.98,5340.46,41673.14
50127,4/10/2022 1:22:00 PM,22699.21,5340.93,41673.24
50127,4/10/2022 1:23:00 PM,22699.50,5341.15,41673.27
50127,4/10/2022 1:24:00 PM,22699.61,5341.11,41673.27
50127,4/10/2022 1:25:00 PM,22699.68,5341.18,41673.29
50127,4/10/2022 1:26:00 PM,22699.53,5341.31,41673.29
50127,4/10/2022 1:27:00 PM,22699.46,5341.58,41673.34
50127,4/10/2022 1:28:00 PM,22699.42,5341.69,41673.35
50127,4/10/2022 1:29:00 PM,22699.32,5341.87,41673.39
50127,4/10/2022 1:30:00 PM,22698.92,5342.32,41673.46
50127,4/10/2022 1:31:00 PM,22698.96,5342.80,41673.57
50127,4/10/2022 1:32:00 PM,22698.86,5343.45,41673.69
50127,4/10/2022 1:33:00 PM,22698.66,5343.92,41673.77
50127,4/10/2022 1:34:00 PM,22698.43,5344.27,41673.83
50127,4/10/2022 1:35:00 PM,22698.67,5344.44,41673.89
50127,4/10/2022 1:36:00 PM,22698.90,5344.02,41673.82
50127,4/10/2022 1:37:00 PM,22699.26,5343.83,41673.85
50127,4/10/2022 1:38:00 PM,22699.45,5343.35,41673.76
50127,4/10/2022 1:39:00 PM,22699.68,5343.24,41673.74
50127,4/10/2022 1:40:00 PM,22699.73,5343.08,41673.67
50127,4/10/2022 1:41:00 PM,22699.71,5342.45,41673.55
50127,4/10/2022 1:42:00 PM,22699.41,5342.62,41673.61
50127,4/10/2022 1:43:00 PM,22698.92,5342.94,41673.66
50127,4/10/2022 1:44:00 PM,22698.03,5344.03,41673.86
50127,4/10/2022 1:45:00 PM,22697.74,5345.38,41674.13
50127,4/10/2022 1:46:00 PM,22698.00,5345.99,41674.28
50127,4/10/2022 1:47:00 PM,22698.40,5345.82,41674.31
50127,4/10/2022 1:48:00 PM,22698.80,5345.40,41674.30
50127,4/10/2022 1:49:00 PM,22698.63,5345.35,41674.35
50127,4/10/2022 1:50:00 PM,22698.89,5345.56,41674.46
50127,4/10/2022 1:51:00 PM,22698.60,5346.18,41674.59
50127,4/10/2022 1:52:00 PM,22698.67,5346.83,41674.73
50127,4/10/2022 1:53:00 PM,22698.61,5346.45,41674.66
50127,4/10/2022 1:54:00 PM,22698.57,5346.02,41674.65
50127,4/10/2022 1:55:00 PM,22698.73,5345.42,41674.63
50127,4/10/2022 1:56:00 PM,22698.42,5345.72,41674.71
50127,4/10/2022 1:57:00 PM,22698.42,5346.13,41674.82
50127,4/10/2022 1:58:00 PM,22698.54,5346.02,41674.82
50127,4/10/2022 1:59:00 PM,22698.43,5346.00,41674.82
50127,4/10/2022 2:00:00 PM,22697.90,5346.20,41674.85
50127,4/10/2022 2:01:00 PM,22697.33,5346.63,41674.91
50127,4/10/2022 2:02:00 PM,22696.46,5347.48,41675.03
50127,4/10/2022 2:03:00 PM,22695.42,5349.06,41675.26
50127,4/10/2022 2:04:00 PM,22694.66,5351.03,41675.57
50127,4/10/2022 2:05:00 PM,22694.64,5352.26,41675.78
50127,4/10/2022 2:06:00 PM,22695.14,5352.26,41675.82
50127,4/10/2022 2:07:00 PM,22695.96,5351.06,41675.73
50127,4/10/2022 2:08:00 PM,22696.45,5349.81,41675.63
50127,4/10/2022 2:09:00 PM,22696.90,5348.57,41675.54
50127,4/10/2022 2:10:00 PM,22697.00,5347.76,41675.47
50127,4/10/2022 2:11:00 PM,22696.98,5347.80,41675.56
50127,4/10/2022 2:12:00 PM,22696.52,5348.43,41675.68
50127,4/10/2022 2:13:00 PM,22696.37,5349.23,41675.84
50127,4/10/2022 2:14:00 PM,22696.22,5349.80,41675.92
50127,4/10/2022 2:15:00 PM,22695.62,5350.06,41675.96
50127,4/10/2022 2:16:00 PM,22695.21,5350.19,41676.03
50127,4/10/2022 2:17:00 PM,22695.33,5350.23,41676.08
50127,4/10/2022 2:18:00 PM,22695.46,5350.21,41676.04
50127,4/10/2022 2:19:00 PM,22696.28,5349.14,41675.91
50127,4/10/2022 2:20:00 PM,22697.33,5347.23,41675.67
50127,4/10/2022 2:21:00 PM,22697.85,5345.69,41675.48
50127,4/10/2022 2:22:00 PM,22698.02,5344.00,41675.23
50127,4/10/2022 2:23:00 PM,22698.38,5342.88,41675.13
50127,4/10/2022 2:24:00 PM,22697.97,5342.81,41675.10
50127,4/10/2022 2:25:00 PM,22698.47,5342.45,41675.04
50127,4/10/2022 2:26:00 PM,22698.07,5342.49,41674.97
50127,4/10/2022 2:27:00 PM,22697.79,5342.68,41674.96
50127,4/10/2022 2:28:00 PM,22697.97,5342.63,41674.95
50127,4/10/2022 2:29:00 PM,22697.36,5343.16,41674.93
50127,4/10/2022 2:30:00 PM,22696.83,5343.80,41674.99
50127,4/10/2022 2:31:00 PM,22696.28,5345.22,41675.17
50127,4/10/2022 2:32:00 PM,22695.52,5346.56,41675.26
50127,4/10/2022 2:33:00 PM,22694.95,5347.65,41675.35
50127,4/10/2022 2:34:00 PM,22694.10,5349.67,41675.59
50127,4/10/2022 2:35:00 PM,22693.49,5350.95,41675.71
50127,4/10/2022 2:36:00 PM,22693.08,5351.62,41675.80
50127,4/10/2022 2:37:00 PM,22692.95,5352.62,41675.99
50127,4/10/2022 2:38:00 PM,22692.99,5353.39,41676.12
50127,4/10/2022 2:39:00 PM,22692.56,5354.02,41676.17
50127,4/10/2022 2:40:00 PM,22692.91,5353.67,41676.22
50127,4/10/2022 2:41:00 PM,22693.53,5353.04,41676.21
50127,4/10/2022 2:42:00 PM,22693.55,5352.85,41676.23
50127,4/10/2022 2:43:00 PM,22693.86,5352.66,41676.28
50127,4/10/2022 2:44:00 PM,22693.92,5352.71,41676.34
50127,4/10/2022 2:45:00 PM,22694.41,5352.35,41676.34
50127,4/10/2022 2:46:00 PM,22694.39,5351.88,41676.29
50127,4/10/2022 2:47:00 PM,22693.73,5352.67,41676.41
50127,4/10/2022 2:48:00 PM,22692.86,5353.97,41676.57
50127,4/10/2022 2:49:00 PM,22692.41,5355.74,41676.84
50127,4/10/2022 2:50:00 PM,22692.38,5357.08,41677.00
50127,4/10/2022 2:51:00 PM,22692.41,5357.83,41677.05
50127,4/10/2022 2:52:00 PM,22692.85,5358.06,41677.09
50127,4/10/2022 2:53:00 PM,22692.51,5358.35,41677.10
50127,4/10/2022 2:54:00 PM,22692.64,5358.58,41677.15
50127,4/10/2022 2:55:00 PM,22693.13,5358.62,41677.21
50127,4/10/2022 2:56:00 PM,22693.49,5358.70,41677.22
50127,4/10/2022 2:57:00 PM,22693.74,5358.35,41677.15
50127,4/10/2022 2:58:00 PM,22693.34,5357.70,41677.00
50127,4/10/2022 2:59:00 PM,22692.85,5357.71,41677.00
50127,4/10/2022 3:00:00 PM,22692.48,5357.65,41676.96
50127,4/10/2022 3:01:00 PM,22692.21,5358.18,41677.04
50127,4/10/2022 3:02:00 PM,22692.48,5358.41,41677.03
50127,4/10/2022 3:03:00 PM,22692.97,5357.28,41676.85
50127,4/10/2022 3:04:00 PM,22693.65,5355.50,41676.64
50127,4/10/2022 3:05:00 PM,22693.61,5355.00,41676.60
50127,4/10/2022 3:06:00 PM,22693.71,5353.82,41676.43
50127,4/10/2022 3:07:00 PM,22693.54,5353.87,41676.47
50127,4/10/2022 3:08:00 PM,22693.37,5354.57,41676.51
50127,4/10/2022 3:09:00 PM,22693.12,5355.16,41676.48
50127,4/10/2022 3:10:00 PM,22693.02,5355.42,41676.43
50127,4/10/2022 3:11:00 PM,22692.72,5355.43,41676.29
50127,4/10/2022 3:12:00 PM,22692.53,5354.78,41676.15
50127,4/10/2022 3:13:00 PM,22692.59,5354.00,41676.05
50127,4/10/2022 3:14:00 PM,22692.83,5353.21,41675.97
50127,4/10/2022 3:15:00 PM,22693.13,5352.02,41675.79
50127,4/10/2022 3:16:00 PM,22692.96,5351.41,41675.69
50127,4/10/2022 3:17:00 PM,22692.66,5351.36,41675.64
50127,4/10/2022 3:18:00 PM,22692.04,5351.91,41675.61
50127,4/10/2022 3:19:00 PM,22691.90,5351.68,41675.47
50127,4/10/2022 3:20:00 PM,22691.51,5351.95,41675.40
50127,4/10/2022 3:21:00 PM,22690.91,5352.50,41675.34
50127,4/10/2022 3:22:00 PM,22690.56,5352.85,41675.25
50127,4/10/2022 3:23:00 PM,22690.05,5352.85,41675.10
50127,4/10/2022 3:24:00 PM,22689.75,5352.69,41675.01
50127,4/10/2022 3:25:00 PM,22688.95,5353.70,41674.99
50127,4/10/2022 3:26:00 PM,22688.60,5354.08,41674.88
50127,4/10/2022 3:27:00 PM,22689.23,5354.02,41674.83
50127,4/10/2022 3:28:00 PM,22689.04,5353.72,41674.60
50127,4/10/2022 3:29:00 PM,22688.05,5354.06,41674.47
50127,4/10/2022 3:30:00 PM,22687.84,5354.34,41674.44
50127,4/10/2022 3:31:00 PM,22687.59,5354.91,41674.36
50127,4/10/2022 3:32:00 PM,22687.53,5354.81,41674.21
50127,4/10/2022 3:33:00 PM,22687.14,5355.61,41674.16
50127,4/10/2022 3:34:00 PM,22686.45,5356.36,41674.03
50127,4/10/2022 3:35:00 PM,22685.58,5357.51,41673.94
50127,4/10/2022 3:36:00 PM,22685.46,5357.85,41673.81
50127,4/10/2022 3:37:00 PM,22685.45,5357.37,41673.59
50127,4/10/2022 3:38:00 PM,22685.05,5357.05,41673.40
50127,4/10/2022 3:39:00 PM,22684.93,5356.66,41673.26
50127,4/10/2022 3:40:00 PM,22684.64,5356.82,41673.16
50127,4/10/2022 3:41:00 PM,22684.26,5357.71,41673.08
50127,4/10/2022 3:42:00 PM,22684.11,5357.62,41672.83
50127,4/10/2022 3:43:00 PM,22684.04,5357.30,41672.64
50127,4/10/2022 3:44:00 PM,22683.71,5356.84,41672.40
50127,4/10/2022 3:45:00 PM,22683.90,5356.26,41672.23
50127,4/10/2022 3:46:00 PM,22683.72,5355.89,41672.02
50127,4/10/2022 3:47:00 PM,22683.13,5355.74,41671.79
50127,4/10/2022 3:48:00 PM,22682.84,5355.65,41671.62
50127,4/10/2022 3:49:00 PM,22682.56,5355.37,41671.39
50127,4/10/2022 3:50:00 PM,22682.49,5355.11,41671.20
50127,4/10/2022 3:51:00 PM,22682.24,5355.02,41670.99
50127,4/10/2022 3:52:00 PM,22682.27,5355.15,41670.83
50127,4/10/2022 3:53:00 PM,22682.33,5355.03,41670.62
50127,4/10/2022 3:54:00 PM,22682.61,5353.84,41670.26
50127,4/10/2022 3:55:00 PM,22682.46,5353.01,41670.00
50127,4/10/2022 3:56:00 PM,22682.08,5352.76,41669.82
50127,4/10/2022 3:57:00 PM,22681.65,5353.22,41669.71
50127,4/10/2022 3:58:00 PM,22681.06,5354.18,41669.58
50127,4/10/2022 3:59:00 PM,22680.89,5354.89,41669.41
50127,4/10/2022 4:00:00 PM,22681.21,5354.79,41669.15
50127,4/10/2022 4:01:00 PM,22680.88,5354.34,41668.80
50127,4/10/2022 4:02:00 PM,22680.36,5354.09,41668.56
50127,4/10/2022 4:03:00 PM,22680.21,5354.01,41668.39
50127,4/10/2022 4:04:00 PM,22680.10,5354.07,41668.19
50127,4/10/2022 4:05:00 PM,22680.11,5353.93,41667.96
50127,4/10/2022 4:06:00 PM,22679.90,5353.84,41667.72
50127,4/10/2022 4:07:00 PM,22679.79,5353.33,41667.43
50127,4/10/2022 4:08:00 PM,22679.00,5353.25,41667.17
50127,4/10/2022 4:09:00 PM,22678.55,5353.54,41667.03
50127,4/10/2022 4:10:00 PM,22678.40,5353.73,41666.81
50127,4/10/2022 4:11:00 PM,22678.13,5354.17,41666.63
50127,4/10/2022 4:12:00 PM,22677.99,5354.14,41666.37
50127,4/10/2022 4:13:00 PM,22678.26,5353.10,41666.06
50127,4/10/2022 4:14:00 PM,22678.31,5352.25,41665.81
50127,4/10/2022 4:15:00 PM,22678.02,5352.09,41665.60
50127,4/10/2022 4:16:00 PM,22678.01,5351.22,41665.31
50127,4/10/2022 4:17:00 PM,22677.74,5351.03,41665.12
50127,4/10/2022 4:18:00 PM,22677.66,5351.68,41665.01
50127,4/10/2022 4:19:00 PM,22677.49,5351.68,41664.73
50127,4/10/2022 4:20:00 PM,22677.63,5351.40,41664.46
50127,4/10/2022 4:21:00 PM,22677.74,5350.77,41664.15
50127,4/10/2022 4:22:00 PM,22677.30,5350.42,41663.86
50127,4/10/2022 4:23:00 PM,22676.67,5350.12,41663.58
50127,4/10/2022 4:24:00 PM,22676.21,5350.14,41663.37
50127,4/10/2022 4:25:00 PM,22676.31,5350.11,41663.18
50127,4/10/2022 4:26:00 PM,22676.20,5349.80,41662.89
50127,4/10/2022 4:27:00 PM,22676.29,5349.40,41662.64
50127,4/10/2022 4:28:00 PM,22676.18,5349.51,41662.42
50127,4/10/2022 4:29:00 PM,22675.96,5349.73,41662.17
50127,4/10/2022 4:30:00 PM,22675.91,5349.70,41661.88
50127,4/10/2022 4:31:00 PM,22676.06,5349.22,41661.57
50127,4/10/2022 4:32:00 PM,22675.33,5349.26,41661.26
50127,4/10/2022 4:33:00 PM,22674.92,5349.44,41661.01
50127,4/10/2022 4:34:00 PM,22674.91,5349.61,41660.79
50127,4/10/2022 4:35:00 PM,22674.91,5349.71,41660.51
50127,4/10/2022 4:36:00 PM,22675.10,5349.39,41660.20
50127,4/10/2022 4:37:00 PM,22675.25,5348.90,41659.87
50127,4/10/2022 4:38:00 PM,22675.52,5348.08,41659.55
50127,4/10/2022 4:39:00 PM,22675.48,5347.30,41659.23
50127,4/10/2022 4:40:00 PM,22675.58,5346.58,41658.96
50127,4/10/2022 4:41:00 PM,22675.73,5346.19,41658.72
50127,4/10/2022 4:42:00 PM,22676.03,5345.79,41658.46
50127,4/10/2022 4:43:00 PM,22676.06,5345.39,41658.15
50127,4/10/2022 4:44:00 PM,22675.53,5344.85,41657.78
50127,4/10/2022 4:45:00 PM,22675.41,5344.43,41657.55
50127,4/10/2022 4:46:00 PM,22675.14,5344.48,41657.31
50127,4/10/2022 4:47:00 PM,22674.85,5344.60,41657.07
50127,4/10/2022 4:48:00 PM,22674.76,5344.66,41656.82
50127,4/10/2022 4:49:00 PM,22674.62,5344.61,41656.54
50127,4/10/2022 4:50:00 PM,22674.36,5344.55,41656.26
50127,4/10/2022 4:51:00 PM,22674.39,5343.92,41655.96
50127,4/10/2022 4:52:00 PM,22674.54,5343.12,41655.66
50127,4/10/2022 4:53:00 PM,22674.21,5342.85,41655.42
50127,4/10/2022 4:54:00 PM,22673.80,5342.66,41655.16
50127,4/10/2022 4:55:00 PM,22673.44,5342.57,41654.93
50127,4/10/2022 4:56:00 PM,22673.42,5342.69,41654.75
50127,4/10/2022 4:57:00 PM,22672.98,5342.68,41654.48
50127,4/10/2022 4:58:00 PM,22673.06,5342.34,41654.26
50127,4/10/2022 4:59:00 PM,22673.62,5341.55,41654.03
50127,4/10/2022 5:00:00 PM,22673.62,5340.43,41653.68
50127,4/10/2022 5:01:00 PM,22672.67,5339.93,41653.40
50127,4/10/2022 5:02:00 PM,22671.73,5340.90,41653.31
50127,4/10/2022 5:03:00 PM,22671.68,5341.98,41653.22
50127,4/10/2022 5:04:00 PM,22671.79,5342.54,41652.97
50127,4/10/2022 5:05:00 PM,22671.79,5342.90,41652.69
50127,4/10/2022 5:06:00 PM,22671.89,5343.01,41652.45
50127,4/10/2022 5:07:00 PM,22672.28,5342.71,41652.19
50127,4/10/2022 5:08:00 PM,22672.39,5342.31,41651.92
50127,4/10/2022 5:09:00 PM,22672.05,5342.20,41651.67
50127,4/10/2022 5:10:00 PM,22671.44,5341.98,41651.41
50127,4/10/2022 5:11:00 PM,22671.64,5341.71,41651.26
50127,4/10/2022 5:12:00 PM,22671.76,5342.00,41651.13
50127,4/10/2022 5:13:00 PM,22671.56,5342.16,41650.91
50127,4/10/2022 5:14:00 PM,22671.22,5342.40,41650.69
50127,4/10/2022 5:15:00 PM,22671.27,5342.41,41650.50
50127,4/10/2022 5:16:00 PM,22671.69,5341.82,41650.29
50127,4/10/2022 5:17:00 PM,22671.31,5341.74,41650.06
50127,4/10/2022 5:18:00 PM,22670.52,5342.12,41649.89
50127,4/10/2022 5:19:00 PM,22670.38,5342.24,41649.73
50127,4/10/2022 5:20:00 PM,22670.97,5342.04,41649.60
50127,4/10/2022 5:21:00 PM,22671.68,5341.40,41649.40
50127,4/10/2022 5:22:00 PM,22672.12,5340.58,41649.19
50127,4/10/2022 5:23:00 PM,22672.02,5340.13,41648.97
50127,4/10/2022 5:24:00 PM,22672.15,5339.90,41648.85
50127,4/10/2022 5:25:00 PM,22672.90,5339.12,41648.70
50127,4/10/2022 5:26:00 PM,22673.25,5338.66,41648.53
50127,4/10/2022 5:27:00 PM,22673.01,5338.31,41648.30
50127,4/10/2022 5:28:00 PM,22673.49,5337.48,41648.13
50127,4/10/2022 5:29:00 PM,22673.84,5337.07,41647.99
50127,4/10/2022 5:30:00 PM,22674.42,5336.02,41647.78
50127,4/10/2022 5:31:00 PM,22674.10,5335.74,41647.61
50127,4/10/2022 5:32:00 PM,22673.33,5335.78,41647.43
50127,4/10/2022 5:33:00 PM,22673.51,5335.35,41647.32
50127,4/10/2022 5:34:00 PM,22673.45,5335.29,41647.20
50127,4/10/2022 5:35:00 PM,22673.31,5334.97,41647.02
50127,4/10/2022 5:36:00 PM,22673.73,5334.54,41646.93
50127,4/10/2022 5:37:00 PM,22674.87,5333.44,41646.84
50127,4/10/2022 5:38:00 PM,22675.70,5332.32,41646.67
50127,4/10/2022 5:39:00 PM,22674.44,5331.81,41646.44
50127,4/10/2022 5:40:00 PM,22673.73,5331.65,41646.40
50127,4/10/2022 5:41:00 PM,22674.51,5330.90,41646.40
50127,4/10/2022 5:42:00 PM,22675.12,5330.02,41646.30
50127,4/10/2022 5:43:00 PM,22675.95,5329.15,41646.25
50127,4/10/2022 5:44:00 PM,22676.25,5328.59,41646.15
50127,4/10/2022 5:45:00 PM,22675.59,5327.58,41645.96
50127,4/10/2022 5:46:00 PM,22675.98,5326.86,41646.01
50127,4/10/2022 5:47:00 PM,22676.14,5326.50,41645.99
50127,4/10/2022 5:48:00 PM,22676.89,5326.23,41646.04
50127,4/10/2022 5:49:00 PM,22677.55,5325.86,41646.03
50127,4/10/2022 5:50:00 PM,22678.33,5325.11,41645.99
50127,4/10/2022 5:51:00 PM,22677.99,5324.63,41645.88
50127,4/10/2022 5:52:00 PM,22677.64,5324.52,41645.89
50127,4/10/2022 5:53:00 PM,22678.71,5323.79,41645.94
50127,4/10/2022 5:54:00 PM,22679.48,5323.14,41645.93
50127,4/10/2022 5:55:00 PM,22679.09,5322.82,41645.85
50127,4/10/2022 5:56:00 PM,22678.94,5322.27,41645.80
50127,4/10/2022 5:57:00 PM,22679.42,5321.64,41645.83
50127,4/10/2022 5:58:00 PM,22679.24,5321.37,41645.78
50127,4/10/2022 5:59:00 PM,22679.00,5321.05,41645.76
50127,4/10/2022 6:00:00 PM,22679.05,5320.44,41645.75
50127,4/10/2022 6:01:00 PM,22679.54,5319.99,41645.78
50127,4/10/2022 6:02:00 PM,22680.20,5319.40,41645.79
50127,4/10/2022 6:03:00 PM,22679.85,5319.03,41645.70
50127,4/10/2022 6:04:00 PM,22679.90,5318.85,41645.74
50127,4/10/2022 6:05:00 PM,22679.84,5318.55,41645.71
50127,4/10/2022 6:06:00 PM,22679.84,5318.32,41645.71
50127,4/10/2022 6:07:00 PM,22679.68,5318.24,41645.70
50127,4/10/2022 6:08:00 PM,22679.01,5318.52,41645.69
50127,4/10/2022 6:09:00 PM,22678.72,5318.70,41645.72
50127,4/10/2022 6:10:00 PM,22678.89,5319.01,41645.79
50127,4/10/2022 6:11:00 PM,22678.97,5319.04,41645.75
50127,4/10/2022 6:12:00 PM,22678.72,5318.89,41645.68
50127,4/10/2022 6:13:00 PM,22678.75,5318.53,41645.69
50127,4/10/2022 6:14:00 PM,22678.74,5318.97,41645.77
50127,4/10/2022 6:15:00 PM,22678.91,5318.92,41645.79
50127,4/10/2022 6:16:00 PM,22678.67,5318.94,41645.77
50127,4/10/2022 6:17:00 PM,22678.54,5318.89,41645.77
50127,4/10/2022 6:18:00 PM,22678.13,5318.87,41645.74
50127,4/10/2022 6:19:00 PM,22677.66,5318.92,41645.74
50127,4/10/2022 6:20:00 PM,22677.64,5318.98,41645.79
50127,4/10/2022 6:21:00 PM,22677.60,5319.22,41645.85
50127,4/10/2022 6:22:00 PM,22678.71,5319.10,41645.95
50127,4/10/2022 6:23:00 PM,22678.94,5319.25,41645.94
50127,4/10/2022 6:24:00 PM,22678.38,5319.52,41645.89
50127,4/10/2022 6:25:00 PM,22678.29,5319.36,41645.90
50127,4/10/2022 6:26:00 PM,22678.65,5318.65,41645.92
50127,4/10/2022 6:27:00 PM,22678.66,5318.36,41645.94
50127,4/10/2022 6:28:00 PM,22679.39,5317.95,41646.04
50127,4/10/2022 6:29:00 PM,22679.85,5317.98,41646.11
50127,4/10/2022 6:30:00 PM,22679.75,5317.95,41646.09
50127,4/10/2022 6:31:00 PM,22680.00,5317.60,41646.10
50127,4/10/2022 6:32:00 PM,22680.52,5316.67,41646.10
50127,4/10/2022 6:33:00 PM,22680.10,5316.33,41646.08
50127,4/10/2022 6:34:00 PM,22679.23,5316.57,41646.14
50127,4/10/2022 6:35:00 PM,22678.56,5316.83,41646.19
50127,4/10/2022 6:36:00 PM,22679.60,5316.43,41646.33
50127,4/10/2022 6:37:00 PM,22680.79,5315.45,41646.34
50127,4/10/2022 6:38:00 PM,22680.73,5315.27,41646.38
50127,4/10/2022 6:39:00 PM,22680.58,5315.31,41646.41
50127,4/10/2022 6:40:00 PM,22680.55,5314.92,41646.41
50127,4/10/2022 6:41:00 PM,22680.35,5314.82,41646.46
50127,4/10/2022 6:42:00 PM,22680.22,5314.56,41646.48
50127,4/10/2022 6:43:00 PM,22680.25,5314.29,41646.53
50127,4/10/2022 6:44:00 PM,22679.91,5314.35,41646.56
50127,4/10/2022 6:45:00 PM,22680.14,5314.00,41646.59
50127,4/10/2022 6:46:00 PM,22680.74,5313.50,41646.64
50127,4/10/2022 6:47:00 PM,22680.86,5313.04,41646.63
50127,4/10/2022 6:48:00 PM,22680.63,5312.60,41646.61
50127,4/10/2022 6:49:00 PM,22680.65,5312.34,41646.66
50127,4/10/2022 6:50:00 PM,22680.20,5312.30,41646.68
50127,4/10/2022 6:51:00 PM,22679.78,5312.60,41646.75
50127,4/10/2022 6:52:00 PM,22679.97,5312.57,41646.81
50127,4/10/2022 6:53:00 PM,22679.88,5312.39,41646.79
50127,4/10/2022 6:54:00 PM,22680.27,5312.19,41646.85
50127,4/10/2022 6:55:00 PM,22680.47,5312.20,41646.86
50127,4/10/2022 6:56:00 PM,22680.65,5312.13,41646.85
50127,4/10/2022 6:57:00 PM,22680.97,5312.17,41646.85
50127,4/10/2022 6:58:00 PM,22681.67,5311.85,41646.87
50127,4/10/2022 6:59:00 PM,22682.22,5311.83,41646.89
50127,4/10/2022 7:00:00 PM,22682.42,5311.76,41646.83
50127,4/10/2022 7:01:00 PM,22682.39,5311.63,41646.77
50127,4/10/2022 7:02:00 PM,22681.83,5311.42,41646.65
50127,4/10/2022 7:03:00 PM,22681.80,5310.90,41646.62
50127,4/10/2022 7:04:00 PM,22681.60,5310.51,41646.59
50127,4/10/2022 7:05:00 PM,22681.28,5310.33,41646.56
50127,4/10/2022 7:06:00 PM,22681.59,5309.89,41646.58
50127,4/10/2022 7:07:00 PM,22681.90,5309.56,41646.59
50127,4/10/2022 7:08:00 PM,22682.29,5309.17,41646.59
50127,4/10/2022 7:09:00 PM,22682.17,5309.18,41646.59
50127,4/10/2022 7:10:00 PM,22681.93,5309.09,41646.56
50127,4/10/2022 7:11:00 PM,22682.01,5308.76,41646.52
50127,4/10/2022 7:12:00 PM,22682.46,5308.20,41646.51
50127,4/10/2022 7:13:00 PM,22682.83,5307.81,41646.51
50127,4/10/2022 7:14:00 PM,22682.77,5307.61,41646.46
50127,4/10/2022 7:15:00 PM,22682.66,5307.48,41646.46
50127,4/10/2022 7:16:00 PM,22682.98,5307.27,41646.48
50127,4/10/2022 7:17:00 PM,22683.49,5306.93,41646.48
50127,4/10/2022 7:18:00 PM,22683.90,5306.43,41646.42
50127,4/10/2022 7:19:00 PM,22683.84,5306.12,41646.37
50127,4/10/2022 7:20:00 PM,22684.00,5305.81,41646.37
50127,4/10/2022 7:21:00 PM,22683.96,5305.71,41646.37
50127,4/10/2022 7:22:00 PM,22683.88,5305.53,41646.36
50127,4/10/2022 7:23:00 PM,22683.90,5305.44,41646.38
50127,4/10/2022 7:24:00 PM,22683.55,5305.55,41646.37
50127,4/10/2022 7:25:00 PM,22683.38,5305.58,41646.39
50127,4/10/2022 7:26:00 PM,22683.35,5305.54,41646.39
50127,4/10/2022 7:27:00 PM,22683.79,5305.36,41646.43
50127,4/10/2022 7:28:00 PM,22684.17,5305.46,41646.45
50127,4/10/2022 7:29:00 PM,22684.90,5305.33,41646.47
50127,4/10/2022 7:30:00 PM,22686.05,5304.78,41646.46
50127,4/10/2022 7:31:00 PM,22686.56,5304.30,41646.39
50127,4/10/2022 7:32:00 PM,22686.88,5304.01,41646.36
50127,4/10/2022 7:33:00 PM,22687.06,5303.90,41646.32
50127,4/10/2022 7:34:00 PM,22686.82,5303.96,41646.25
50127,4/10/2022 7:35:00 PM,22687.35,5303.64,41646.26
50127,4/10/2022 7:36:00 PM,22687.56,5303.30,41646.20
50127,4/10/2022 7:37:00 PM,22687.11,5303.12,41646.09
50127,4/10/2022 7:38:00 PM,22686.59,5303.01,41646.05
50127,4/10/2022 7:39:00 PM,22685.90,5302.98,41645.99
50127,4/10/2022 7:40:00 PM,22685.46,5302.76,41645.98
50127,4/10/2022 7:41:00 PM,22685.20,5302.81,41645.99
50127,4/10/2022 7:42:00 PM,22685.40,5302.70,41646.04
50127,4/10/2022 7:43:00 PM,22685.47,5302.50,41646.01
50127,4/10/2022 7:44:00 PM,22685.46,5302.32,41646.03
50127,4/10/2022 7:45:00 PM,22686.07,5301.80,41646.03
50127,4/10/2022 7:46:00 PM,22686.30,5301.57,41646.04
50127,4/10/2022 7:47:00 PM,22686.49,5301.55,41646.07
50127,4/10/2022 7:48:00 PM,22686.75,5301.41,41646.06
50127,4/10/2022 7:49:00 PM,22686.99,5301.15,41646.05
50127,4/10/2022 7:50:00 PM,22686.94,5300.92,41646.04
50127,4/10/2022 7:51:00 PM,22686.46,5300.96,41646.02
50127,4/10/2022 7:52:00 PM,22685.74,5301.16,41646.02
50127,4/10/2022 7:53:00 PM,22685.04,5301.59,41646.07
50127,4/10/2022 7:54:00 PM,22684.56,5301.83,41646.12
50127,4/10/2022 7:55:00 PM,22684.64,5301.86,41646.19
50127,4/10/2022 7:56:00 PM,22684.84,5301.82,41646.25
50127,4/10/2022 7:57:00 PM,22685.04,5301.81,41646.31
50127,4/10/2022 7:58:00 PM,22685.23,5301.81,41646.35
50127,4/10/2022 7:59:00 PM,22685.46,5301.73,41646.40
50127,4/10/2022 8:00:00 PM,22685.50,5301.53,41646.42
50127,4/10/2022 8:01:00 PM,22685.54,5301.33,41646.44
50127,4/10/2022 8:02:00 PM,22685.51,5301.13,41646.47
50127,4/10/2022 8:03:00 PM,22685.58,5301.09,41646.54
50127,4/10/2022 8:04:00 PM,22686.17,5300.72,41646.60
50127,4/10/2022 8:05:00 PM,22686.74,5300.45,41646.66
50127,4/10/2022 8:06:00 PM,22687.05,5300.17,41646.68
50127,4/10/2022 8:07:00 PM,22687.35,5299.74,41646.68
50127,4/10/2022 8:08:00 PM,22687.22,5299.64,41646.70
50127,4/10/2022 8:09:00 PM,22686.86,5299.56,41646.69
50127,4/10/2022 8:10:00 PM,22687.15,5299.45,41646.79
50127,4/10/2022 8:11:00 PM,22687.18,5299.42,41646.83
50127,4/10/2022 8:12:00 PM,22687.03,5299.36,41646.86
50127,4/10/2022 8:13:00 PM,22686.22,5299.69,41646.87
50127,4/10/2022 8:14:00 PM,22685.62,5299.97,41646.92
50127,4/10/2022 8:15:00 PM,22685.34,5299.95,41646.96
50127,4/10/2022 8:16:00 PM,22685.09,5299.82,41647.00
50127,4/10/2022 8:17:00 PM,22685.00,5299.70,41647.04
50127,4/10/2022 8:18:00 PM,22684.68,5299.77,41647.08
50127,4/10/2022 8:19:00 PM,22684.91,5299.76,41647.19
50127,4/10/2022 8:20:00 PM,22685.61,5299.60,41647.27
50127,4/10/2022 8:21:00 PM,22685.47,5299.58,41647.25
50127,4/10/2022 8:22:00 PM,22685.31,5299.62,41647.28
50127,4/10/2022 8:23:00 PM,22685.70,5299.65,41647.35
50127,4/10/2022 8:24:00 PM,22686.09,5299.47,41647.39
50127,4/10/2022 8:25:00 PM,22686.22,5299.24,41647.37
50127,4/10/2022 8:26:00 PM,22686.07,5299.23,41647.38
50127,4/10/2022 8:27:00 PM,22686.35,5299.03,41647.40
50127,4/10/2022 8:28:00 PM,22686.50,5298.64,41647.38
50127,4/10/2022 8:29:00 PM,22686.85,5298.42,41647.43
50127,4/10/2022 8:30:00 PM,22687.68,5298.16,41647.50
50127,4/10/2022 8:31:00 PM,22687.85,5298.01,41647.46
50127,4/10/2022 8:32:00 PM,22687.76,5297.98,41647.45
50127,4/10/2022 8:33:00 PM,22687.00,5298.23,41647.38
50127,4/10/2022 8:34:00 PM,22687.09,5298.03,41647.41
50127,4/10/2022 8:35:00 PM,22687.53,5297.57,41647.41
50127,4/10/2022 8:36:00 PM,22688.15,5297.07,41647.44
50127,4/10/2022 8:37:00 PM,22688.60,5296.69,41647.45
50127,4/10/2022 8:38:00 PM,22688.12,5296.99,41647.45
50127,4/10/2022 8:39:00 PM,22687.32,5297.42,41647.42
50127,4/10/2022 8:40:00 PM,22686.61,5297.59,41647.37
50127,4/10/2022 8:41:00 PM,22686.69,5297.38,41647.42
50127,4/10/2022 8:42:00 PM,22687.01,5297.06,41647.44
50127,4/10/2022 8:43:00 PM,22687.68,5296.77,41647.49
50127,4/10/2022 8:44:00 PM,22687.68,5296.72,41647.46
50127,4/10/2022 8:45:00 PM,22687.30,5296.85,41647.43
50127,4/10/2022 8:46:00 PM,22687.14,5296.77,41647.41
50127,4/10/2022 8:47:00 PM,22687.16,5296.59,41647.40
50127,4/10/2022 8:48:00 PM,22687.06,5296.49,41647.39
50127,4/10/2022 8:49:00 PM,22687.40,5296.23,41647.40
50127,4/10/2022 8:50:00 PM,22687.33,5296.05,41647.37
50127,4/10/2022 8:51:00 PM,22687.21,5296.04,41647.38
50127,4/10/2022 8:52:00 PM,22687.61,5295.96,41647.44
50127,4/10/2022 8:53:00 PM,22688.03,5295.87,41647.47
50127,4/10/2022 8:54:00 PM,22687.99,5295.93,41647.46
50127,4/10/2022 8:55:00 PM,22687.88,5295.95,41647.46
50127,4/10/2022 8:56:00 PM,22687.90,5295.78,41647.47
50127,4/10/2022 8:57:00 PM,22688.30,5295.47,41647.48
50127,4/10/2022 8:58:00 PM,22688.50,5295.28,41647.49
50127,4/10/2022 8:59:00 PM,22688.29,5295.23,41647.48
50127,4/10/2022 9:00:00 PM,22688.10,5295.24,41647.47
50127,4/10/2022 9:01:00 PM,22688.33,5294.98,41647.50
50127,4/10/2022 9:02:00 PM,22688.65,5294.62,41647.49
50127,4/10/2022 9:03:00 PM,22688.44,5294.51,41647.50
50127,4/10/2022 9:04:00 PM,22688.06,5294.69,41647.55
50127,4/10/2022 9:05:00 PM,22687.52,5294.80,41647.55
50127,4/10/2022 9:06:00 PM,22687.35,5294.80,41647.62
50127,4/10/2022 9:07:00 PM,22687.45,5294.98,41647.74
50127,4/10/2022 9:08:00 PM,22687.55,5295.06,41647.82
50127,4/10/2022 9:09:00 PM,22687.89,5295.10,41647.93
50127,4/10/2022 9:10:00 PM,22688.33,5295.08,41648.04
50127,4/10/2022 9:11:00 PM,22688.95,5295.02,41648.14
50127,4/10/2022 9:12:00 PM,22689.51,5295.01,41648.25
50127,4/10/2022 9:13:00 PM,22689.54,5295.24,41648.34
50127,4/10/2022 9:14:00 PM,22689.54,5295.53,41648.43
50127,4/10/2022 9:15:00 PM,22690.13,5295.63,41648.57
50127,4/10/2022 9:16:00 PM,22690.25,5295.59,41648.63
50127,4/10/2022 9:17:00 PM,22690.79,5295.44,41648.75
50127,4/10/2022 9:18:00 PM,22691.24,5295.26,41648.85
50127,4/10/2022 9:19:00 PM,22691.73,5295.15,41648.98
50127,4/10/2022 9:20:00 PM,22692.17,5295.00,41649.08
50127,4/10/2022 9:21:00 PM,22692.40,5294.98,41649.15
50127,4/10/2022 9:22:00 PM,22692.83,5294.84,41649.24
50127,4/10/2022 9:23:00 PM,22692.96,5294.88,41649.30
50127,4/10/2022 9:24:00 PM,22692.96,5294.87,41649.35
50127,4/10/2022 9:25:00 PM,22692.87,5294.88,41649.42
50127,4/10/2022 9:26:00 PM,22693.10,5294.82,41649.49
50127,4/10/2022 9:27:00 PM,22693.29,5294.90,41649.57
50127,4/10/2022 9:28:00 PM,22693.71,5294.90,41649.65
50127,4/10/2022 9:29:00 PM,22694.08,5294.88,41649.74
50127,4/10/2022 9:30:00 PM,22694.42,5294.82,41649.81
50127,4/10/2022 9:31:00 PM,22694.41,5294.86,41649.86
50127,4/10/2022 9:32:00 PM,22693.92,5295.24,41649.89
50127,4/10/2022 9:33:00 PM,22693.85,5295.56,41649.97
50127,4/10/2022 9:34:00 PM,22694.05,5295.60,41650.04
50127,4/10/2022 9:35:00 PM,22694.12,5295.73,41650.08
50127,4/10/2022 9:36:00 PM,22694.39,5295.84,41650.16
50127,4/10/2022 9:37:00 PM,22694.71,5295.90,41650.23
50127,4/10/2022 9:38:00 PM,22695.35,5295.65,41650.30
50127,4/10/2022 9:39:00 PM,22695.77,5295.58,41650.37
50127,4/10/2022 9:40:00 PM,22695.94,5295.65,41650.43
50127,4/10/2022 9:41:00 PM,22695.81,5295.94,41650.50
50127,4/10/2022 9:42:00 PM,22695.78,5296.08,41650.56
50127,4/10/2022 9:43:00 PM,22696.05,5296.13,41650.67
50127,4/10/2022 9:44:00 PM,22696.09,5296.30,41650.74
50127,4/10/2022 9:45:00 PM,22696.60,5296.32,41650.87
50127,4/10/2022 9:46:00 PM,22696.86,5296.43,41650.95
50127,4/10/2022 9:47:00 PM,22696.77,5296.65,41651.01
50127,4/10/2022 9:48:00 PM,22696.85,5296.78,41651.13
50127,4/10/2022 9:49:00 PM,22697.30,5296.68,41651.24
50127,4/10/2022 9:50:00 PM,22697.48,5296.63,41651.33
50127,4/10/2022 9:51:00 PM,22697.53,5296.76,41651.43
50127,4/10/2022 9:52:00 PM,22697.57,5296.80,41651.52
50127,4/10/2022 9:53:00 PM,22697.69,5296.88,41651.62
50127,4/10/2022 9:54:00 PM,22697.74,5297.01,41651.74
50127,4/10/2022 9:55:00 PM,22697.90,5297.20,41651.87
50127,4/10/2022 9:56:00 PM,22698.20,5297.30,41652.01
50127,4/10/2022 9:57:00 PM,22698.81,5297.16,41652.15
50127,4/10/2022 9:58:00 PM,22699.13,5297.06,41652.25
50127,4/10/2022 9:59:00 PM,22699.59,5296.94,41652.40
50127,4/10/2022 10:00:00 PM,22700.20,5296.73,41652.56
50127,4/10/2022 10:01:00 PM,22701.04,5296.53,41652.73
50127,4/10/2022 10:02:00 PM,22700.90,5296.77,41652.84
50127,4/10/2022 10:03:00 PM,22701.22,5296.74,41652.99
50127,4/10/2022 10:04:00 PM,22701.74,5296.61,41653.16
50127,4/10/2022 10:05:00 PM,22702.03,5296.53,41653.31
50127,4/10/2022 10:06:00 PM,22702.23,5296.43,41653.46
50127,4/10/2022 10:07:00 PM,22702.39,5296.26,41653.61
50127,4/10/2022 10:08:00 PM,22702.05,5296.27,41653.73
50127,4/10/2022 10:09:00 PM,22702.56,5295.97,41653.96
50127,4/10/2022 10:10:00 PM,22703.01,5295.62,41654.15
50127,4/10/2022 10:11:00 PM,22703.07,5295.54,41654.32
50127,4/10/2022 10:12:00 PM,22703.24,5295.27,41654.49
50127,4/10/2022 10:13:00 PM,22703.35,5294.91,41654.64
50127,4/10/2022 10:14:00 PM,22703.57,5294.70,41654.82
50127,4/10/2022 10:15:00 PM,22703.98,5294.35,41655.00
50127,4/10/2022 10:16:00 PM,22704.15,5294.08,41655.16
50127,4/10/2022 10:17:00 PM,22704.25,5293.86,41655.32
50127,4/10/2022 10:18:00 PM,22704.40,5293.51,41655.45
50127,4/10/2022 10:19:00 PM,22704.59,5293.43,41655.65
50127,4/10/2022 10:20:00 PM,22704.78,5293.38,41655.84
50127,4/10/2022 10:21:00 PM,22704.90,5293.42,41656.03
50127,4/10/2022 10:22:00 PM,22704.87,5293.30,41656.16
50127,4/10/2022 10:23:00 PM,22704.47,5293.34,41656.30
50127,4/10/2022 10:24:00 PM,22703.79,5293.57,41656.44
50127,4/10/2022 10:25:00 PM,22703.82,5293.41,41656.60
50127,4/10/2022 10:26:00 PM,22703.43,5293.45,41656.73
50127,4/10/2022 10:27:00 PM,22703.14,5293.44,41656.85
50127,4/10/2022 10:28:00 PM,22702.62,5293.50,41656.96
50127,4/10/2022 10:29:00 PM,22702.54,5293.51,41657.11
50127,4/10/2022 10:30:00 PM,22702.27,5293.37,41657.19
50127,4/10/2022 10:31:00 PM,22701.87,5293.32,41657.28
50127,4/10/2022 10:32:00 PM,22701.68,5293.21,41657.39
50127,4/10/2022 10:33:00 PM,22701.60,5293.05,41657.50
50127,4/10/2022 10:34:00 PM,22701.45,5292.88,41657.59
50127,4/10/2022 10:35:00 PM,22700.94,5292.97,41657.67
50127,4/10/2022 10:36:00 PM,22700.24,5293.14,41657.74
50127,4/10/2022 10:37:00 PM,22699.92,5293.26,41657.84
50127,4/10/2022 10:38:00 PM,22699.77,5293.05,41657.91
50127,4/10/2022 10:39:00 PM,22699.45,5293.03,41658.00
50127,4/10/2022 10:40:00 PM,22699.51,5292.79,41658.10
50127,4/10/2022 10:41:00 PM,22699.54,5292.60,41658.17
50127,4/10/2022 10:42:00 PM,22698.90,5292.69,41658.21
50127,4/10/2022 10:43:00 PM,22698.81,5292.46,41658.28
50127,4/10/2022 10:44:00 PM,22698.83,5292.46,41658.39
50127,4/10/2022 10:45:00 PM,22698.95,5292.48,41658.49
50127,4/10/2022 10:46:00 PM,22699.33,5292.40,41658.61
50127,4/10/2022 10:47:00 PM,22699.78,5292.38,41658.72
50127,4/10/2022 10:48:00 PM,22700.51,5292.20,41658.84
50127,4/10/2022 10:49:00 PM,22701.33,5292.13,41658.97
50127,4/10/2022 10:50:00 PM,22701.72,5292.21,41659.05
50127,4/10/2022 10:51:00 PM,22701.98,5292.17,41659.14
50127,4/10/2022 10:52:00 PM,22701.99,5292.24,41659.22
50127,4/10/2022 10:53:00 PM,22701.93,5292.47,41659.32
50127,4/10/2022 10:54:00 PM,22702.10,5292.44,41659.42
50127,4/10/2022 10:55:00 PM,22701.43,5292.97,41659.51
50127,4/10/2022 10:56:00 PM,22700.72,5293.61,41659.62
50127,4/10/2022 10:57:00 PM,22699.97,5294.29,41659.72
50127,4/10/2022 10:58:00 PM,22699.06,5294.89,41659.79
50127,4/10/2022 10:59:00 PM,22698.60,5295.39,41659.91
50127,4/10/2022 11:00:00 PM,22698.62,5295.85,41660.03
50127,4/10/2022 11:01:00 PM,22698.51,5296.08,41660.10
50127,4/10/2022 11:02:00 PM,22698.28,5296.51,41660.19
50127,4/10/2022 11:03:00 PM,22698.16,5296.94,41660.30
50127,4/10/2022 11:04:00 PM,22698.05,5297.21,41660.37
50127,4/10/2022 11:05:00 PM,22697.88,5297.57,41660.49
50127,4/10/2022 11:06:00 PM,22698.49,5297.58,41660.63
50127,4/10/2022 11:07:00 PM,22698.99,5297.43,41660.73
50127,4/10/2022 11:08:00 PM,22699.37,5297.45,41660.84
50127,4/10/2022 11:09:00 PM,22699.50,5297.66,41660.93
50127,4/10/2022 11:10:00 PM,22699.85,5297.96,41661.06
50127,4/10/2022 11:11:00 PM,22700.48,5297.83,41661.13
50127,4/10/2022 11:12:00 PM,22701.18,5297.54,41661.23
50127,4/10/2022 11:13:00 PM,22702.09,5297.37,41661.37
50127,4/10/2022 11:14:00 PM,22703.07,5297.06,41661.47
50127,4/10/2022 11:15:00 PM,22703.23,5297.01,41661.52
50127,4/10/2022 11:16:00 PM,22703.88,5296.88,41661.65
50127,4/10/2022 11:17:00 PM,22704.50,5296.82,41661.77
50127,4/10/2022 11:18:00 PM,22705.18,5296.66,41661.87
50127,4/10/2022 11:19:00 PM,22705.64,5296.43,41661.95
50127,4/10/2022 11:20:00 PM,22705.32,5296.52,41661.99
50127,4/10/2022 11:21:00 PM,22705.01,5296.70,41662.06
50127,4/10/2022 11:22:00 PM,22705.00,5296.76,41662.16
50127,4/10/2022 11:23:00 PM,22705.09,5296.69,41662.25
50127,4/10/2022 11:24:00 PM,22704.58,5296.98,41662.32
50127,4/10/2022 11:25:00 PM,22704.60,5297.16,41662.41
50127,4/10/2022 11:26:00 PM,22704.95,5297.16,41662.53
50127,4/10/2022 11:27:00 PM,22705.07,5297.36,41662.62
50127,4/10/2022 11:28:00 PM,22705.40,5297.33,41662.72
50127,4/10/2022 11:29:00 PM,22705.96,5297.15,41662.81
50127,4/10/2022 11:30:00 PM,22706.31,5297.01,41662.89
50127,4/10/2022 11:31:00 PM,22706.71,5296.80,41662.97
50127,4/10/2022 11:32:00 PM,22707.37,5296.48,41663.09
50127,4/10/2022 11:33:00 PM,22707.06,5296.56,41663.14
50127,4/10/2022 11:34:00 PM,22707.01,5296.71,41663.25
50127,4/10/2022 11:35:00 PM,22707.21,5296.93,41663.39
50127,4/10/2022 11:36:00 PM,22707.22,5297.07,41663.47
50127,4/10/2022 11:37:00 PM,22706.78,5297.39,41663.55
50127,4/10/2022 11:38:00 PM,22706.71,5297.68,41663.66
50127,4/10/2022 11:39:00 PM,22706.58,5297.84,41663.72
50127,4/10/2022 11:40:00 PM,22707.22,5297.71,41663.87
50127,4/10/2022 11:41:00 PM,22707.73,5297.49,41663.94
50127,4/10/2022 11:42:00 PM,22707.71,5297.55,41664.01
50127,4/10/2022 11:43:00 PM,22707.80,5297.44,41664.09
50127,4/10/2022 11:44:00 PM,22708.18,5297.36,41664.22
50127,4/10/2022 11:45:00 PM,22708.53,5297.34,41664.35
50127,4/10/2022 11:46:00 PM,22708.33,5297.55,41664.40
50127,4/10/2022 11:47:00 PM,22708.45,5297.38,41664.49
50127,4/10/2022 11:48:00 PM,22708.82,5297.32,41664.64
50127,4/10/2022 11:49:00 PM,22709.04,5297.19,41664.72
50127,4/10/2022 11:50:00 PM,22709.15,5297.22,41664.86
50127,4/10/2022 11:51:00 PM,22709.58,5297.14,41664.96
50127,4/10/2022 11:52:00 PM,22710.38,5296.57,41665.04
50127,4/10/2022 11:53:00 PM,22711.27,5295.80,41665.13
50127,4/10/2022 11:54:00 PM,22712.25,5295.21,41665.29
50127,4/10/2022 11:55:00 PM,22712.32,5295.35,41665.42
50127,4/10/2022 11:56:00 PM,22712.14,5295.80,41665.55
50127,4/10/2022 11:57:00 PM,22711.64,5296.25,41665.66
50127,4/10/2022 11:58:00 PM,22710.85,5297.14,41665.79
50127,4/10/2022 11:59:00 PM,22710.40,5297.40,41665.89
