2020 08 30 00 00 00 27406.218   149.198 33791.798  31.19  12.27   61  509.6 3702.99808 N 00210.91366 W 12 2 0 1
2020 08 30 00 00 01 27406.222   149.196 33791.837  31.19  12.27   63  509.6 3702.99808 N 00210.91368 W 12 2 0 1
2020 08 30 00 00 02 27406.240   149.207 33791.760  31.19  12.27   61  509.6 3702.99807 N 00210.91370 W 12 2 0 1
2020 08 30 00 00 03 27406.244   149.215 33791.873  31.19  12.27   62  509.6 3702.99806 N 00210.91373 W 12 2 0 1
2020 08 30 00 00 04 27406.230   149.180 33791.678  31.19  12.27   61  509.6 3702.99805 N 00210.91374 W 12 2 0 1
2020 08 30 00 00 05 27406.199   149.162 33791.935  31.19  12.27   62  509.6 3702.99802 N 00210.91375 W 12 2 0 1
2020 08 30 00 00 06 27406.218   149.185 33791.775  31.19  12.27   62  509.7 3702.99798 N 00210.91372 W 12 2 0 1
2020 08 30 00 00 07 27406.219   149.165 33791.904  31.19  12.27   62  509.6 3702.99793 N 00210.91369 W 12 2 0 1
2020 08 30 00 00 08 27406.212   149.153 33791.740  31.18  12.27   62  509.5 3702.99789 N 00210.91366 W 12 2 0 1
2020 08 30 00 00 09 27406.232   149.154 33791.915  31.18  12.27   62  509.5 3702.99786 N 00210.91365 W 12 2 0 1
2020 08 30 00 00 10 27406.215   149.156 33791.892  31.18  12.27   62  509.4 3702.99786 N 00210.91365 W 12 2 0 1
2020 08 30 00 00 11 27406.250   149.186 33791.744  31.18  12.27   61  509.4 3702.99788 N 00210.91365 W 12 2 0 1
2020 08 30 00 00 12 27406.207   149.155 33791.872  31.18  12.27   62  509.5 3702.99789 N 00210.91367 W 12 2 0 1
2020 08 30 00 00 13 27406.228   149.155 33791.802  31.18  12.27   61  509.4 3702.99789 N 00210.91367 W 12 2 0 1
2020 08 30 00 00 14 27406.236   149.152 33791.873  31.18  12.27   62  509.4 3702.99793 N 00210.91365 W 12 2 0 1
2020 08 30 00 00 15 27406.218   149.138 33791.740  31.18  12.27   61  509.4 3702.99795 N 00210.91362 W 12 2 0 1
2020 08 30 00 00 16 27406.201   149.112 33791.908  31.18  12.27   62  509.4 3702.99795 N 00210.91363 W 12 2 0 1
2020 08 30 00 00 17 27406.178   149.109 33791.880  31.18  12.27   62  509.4 3702.99796 N 00210.91366 W 12 2 0 1
2020 08 30 00 00 18 27406.238   149.146 33791.775  31.18  12.27   62  509.4 3702.99794 N 00210.91369 W 12 2 0 1
2020 08 30 00 00 19 27406.219   149.106 33791.989  31.18  12.27   62  509.4 3702.99792 N 00210.91370 W 12 2 0 1
2020 08 30 00 00 20 27406.263   149.128 33791.853  31.18  12.27   61  509.3 3702.99792 N 00210.91369 W 12 2 0 1
2020 08 30 00 00 21 27406.220   149.106 33791.841  31.18  12.27   62  509.3 3702.99792 N 00210.91371 W 12 2 0 1
2020 08 30 00 00 22 27406.232   149.095 33791.838  31.18  12.27   61  509.3 3702.99793 N 00210.91374 W 12 2 0 1
2020 08 30 00 00 23 27406.219   149.075 33791.876  31.18  12.27   62  509.3 3702.99794 N 00210.91377 W 12 2 0 1
2020 08 30 00 00 24 27406.232   149.086 33791.892  31.18  12.27   61  509.3 3702.99793 N 00210.91378 W 12 2 0 1
2020 08 30 00 00 25 27406.213   149.081 33791.947  31.18  12.27   62  509.4 3702.99791 N 00210.91379 W 12 2 0 1
2020 08 30 00 00 26 27406.213   149.073 33791.806  31.18  12.27   61  509.3 3702.99792 N 00210.91380 W 12 2 0 1
2020 08 30 00 00 27 27406.258   149.108 33791.927  31.18  12.27   62  509.4 3702.99792 N 00210.91380 W 12 2 0 1
2020 08 30 00 00 28 27406.279   149.112 33791.799  31.18  12.27   62  509.5 3702.99792 N 00210.91382 W 12 2 0 1
2020 08 30 00 00 29 27406.287   149.108 33791.888  31.18  12.27   62  509.5 3702.99795 N 00210.91380 W 12 2 0 1
2020 08 30 00 00 30 27406.279   149.094 33791.908  31.18  12.27   62  509.5 3702.99799 N 00210.91376 W 12 2 0 1
2020 08 30 00 00 31 27406.219   149.076 33791.931  31.18  12.27   61  509.6 3702.99802 N 00210.91376 W 12 2 0 1
2020 08 30 00 00 32 27406.256   149.087 33791.892  31.18  12.27   62  509.6 3702.99806 N 00210.91376 W 12 2 0 1
2020 08 30 00 00 33 27406.226   149.083 33791.931  31.18  12.27   61  509.7 3702.99808 N 00210.91377 W 12 2 0 1
2020 08 30 00 00 34 27406.269   149.098 33791.814  31.18  12.27   62  509.7 3702.99811 N 00210.91378 W 12 2 0 1
2020 08 30 00 00 35 27406.195   149.061 33791.978  31.18  12.27   61  509.8 3702.99812 N 00210.91379 W 12 2 0 1
2020 08 30 00 00 36 27406.275   149.085 33791.955  31.18  12.27   62  509.9 3702.99812 N 00210.91382 W 12 2 0 1
2020 08 30 00 00 37 27406.275   149.092 33791.845  31.18  12.27   61  510.0 3702.99811 N 00210.91385 W 12 2 0 1
2020 08 30 00 00 38 27406.279   149.069 33791.958  31.18  12.27   62  510.1 3702.99811 N 00210.91387 W 12 2 0 1
2020 08 30 00 00 39 27406.287   149.067 33791.978  31.18  12.27   62  510.2 3702.99813 N 00210.91389 W 12 2 0 1
2020 08 30 00 00 40 27406.238   149.048 33791.912  31.18  12.27   61  510.2 3702.99813 N 00210.91392 W 12 2 0 1
2020 08 30 00 00 41 27406.266   149.065 33791.970  31.18  12.27   62  510.2 3702.99815 N 00210.91394 W 12 2 0 1
2020 08 30 00 00 42 27406.234   149.061 33791.954  31.18  12.27   61  510.3 3702.99817 N 00210.91395 W 12 2 0 1
2020 08 30 00 00 43 27406.226   149.066 33791.884  31.18  12.27   62  510.2 3702.99819 N 00210.91394 W 12 2 0 1
2020 08 30 00 00 44 27406.240   149.063 33791.970  31.18  12.27   61  510.1 3702.99821 N 00210.91394 W 12 2 0 1
2020 08 30 00 00 45 27406.271   149.083 33791.752  31.18  12.27   62  510.0 3702.99822 N 00210.91394 W 12 2 0 1
2020 08 30 00 00 46 27406.199   149.055 33792.044  31.18  12.27   61  509.9 3702.99821 N 00210.91391 W 12 2 0 1
2020 08 30 00 00 47 27406.248   149.083 33791.869  31.18  12.27   62  509.8 3702.99821 N 00210.91388 W 12 2 0 1
2020 08 30 00 00 48 27406.231   149.068 33792.025  31.18  12.27   62  509.7 3702.99819 N 00210.91388 W 12 2 0 1
2020 08 30 00 00 49 27406.256   149.074 33791.884  31.18  12.27   62  509.6 3702.99817 N 00210.91390 W 12 2 0 1
2020 08 30 00 00 50 27406.236   149.053 33791.993  31.18  12.27   62  509.5 3702.99819 N 00210.91390 W 12 2 0 1
2020 08 30 00 00 51 27406.267   149.056 33791.752  31.18  12.27   61  509.5 3702.99818 N 00210.91390 W 12 2 0 1
2020 08 30 00 00 52 27405.801   148.793 33792.713  31.18  12.27   62  509.6 3702.99815 N 00210.91391 W 12 2 0 1
2020 08 30 00 00 53 27406.452   149.152 33791.503  31.18  12.27   61  509.6 3702.99813 N 00210.91392 W 12 2 0 1
2020 08 30 00 00 54 27406.254   149.055 33791.873  31.18  12.27   62  509.6 3702.99811 N 00210.91393 W 12 2 0 1
2020 08 30 00 00 55 27406.213   149.025 33791.873  31.18  12.27   61  509.6 3702.99811 N 00210.91396 W 12 2 0 1
2020 08 30 00 00 56 27406.174   149.002 33791.923  31.18  12.27   62  509.6 3702.99811 N 00210.91401 W 12 2 0 1
2020 08 30 00 00 57 27406.186   149.011 33791.989  31.18  12.27   61  509.6 3702.99812 N 00210.91407 W 12 2 0 1
2020 08 30 00 00 58 27406.189   149.019 33791.896  31.18  12.27   62  509.6 3702.99813 N 00210.91412 W 12 2 0 1
2020 08 30 00 00 59 27406.219   149.029 33791.865  31.18  12.27   61  509.7 3702.99816 N 00210.91414 W 12 2 0 1
2020 08 30 00 01 00 27406.193   148.996 33791.954  31.18  12.27   62  509.8 3702.99819 N 00210.91416 W 12 2 0 1
2020 08 30 00 01 01 27406.229   149.017 33792.118  31.18  12.27   62  509.9 3702.99821 N 00210.91415 W 12 2 0 1
2020 08 30 00 01 02 27406.219   149.017 33791.888  31.18  12.27   61  510.0 3702.99823 N 00210.91415 W 12 2 0 1
2020 08 30 00 01 03 27406.211   149.012 33791.997  31.18  12.27   62  510.1 3702.99822 N 00210.91415 W 12 2 0 1
2020 08 30 00 01 04 27406.226   149.007 33791.869  31.18  12.27   61  510.1 3702.99821 N 00210.91415 W 12 2 0 1
2020 08 30 00 01 05 27406.191   149.005 33791.978  31.18  12.27   62  510.2 3702.99821 N 00210.91417 W 12 2 0 1
2020 08 30 00 01 06 27406.230   149.005 33791.912  31.18  12.27   61  510.2 3702.99820 N 00210.91419 W 12 2 0 1
2020 08 30 00 01 07 27406.246   148.972 33791.997  31.18  12.27   62  510.3 3702.99818 N 00210.91420 W 12 2 0 1
2020 08 30 00 01 08 27406.219   148.978 33791.986  31.18  12.27   61  510.2 3702.99813 N 00210.91421 W 12 2 0 1
2020 08 30 00 01 09 27406.217   148.973 33791.958  31.18  12.27   62  510.3 3702.99810 N 00210.91420 W 12 2 0 1
2020 08 30 00 01 10 27406.244   148.987 33792.017  31.18  12.27   62  510.3 3702.99811 N 00210.91417 W 12 2 0 1
2020 08 30 00 01 11 27406.230   148.986 33791.873  31.18  12.27   61  510.3 3702.99810 N 00210.91415 W 12 2 0 1
2020 08 30 00 01 12 27406.281   148.985 33792.091  31.18  12.27   62  510.4 3702.99810 N 00210.91413 W 12 2 0 1
2020 08 30 00 01 13 27406.265   148.967 33791.935  31.18  12.27   61  510.3 3702.99811 N 00210.91409 W 12 2 0 1
2020 08 30 00 01 14 27406.260   148.958 33792.033  31.18  12.27   62  510.3 3702.99809 N 00210.91410 W 12 2 0 1
2020 08 30 00 01 15 27406.289   148.963 33792.029  31.18  12.27   61  510.2 3702.99808 N 00210.91411 W 12 2 0 1
2020 08 30 00 01 16 27406.269   148.972 33791.884  31.18  12.27   62  510.1 3702.99806 N 00210.91413 W 12 2 0 1
2020 08 30 00 01 17 27406.256   148.967 33791.916  31.18  12.27   61  510.0 3702.99803 N 00210.91414 W 12 2 0 1
2020 08 30 00 01 18 27406.268   148.954 33792.040  31.18  12.27   62  509.9 3702.99802 N 00210.91415 W 12 2 0 1
2020 08 30 00 01 19 27406.312   148.975 33792.044  31.18  12.27   62  509.9 3702.99799 N 00210.91414 W 12 2 0 1
2020 08 30 00 01 20 27406.281   148.948 33792.068  31.18  12.27   62  510.0 3702.99798 N 00210.91412 W 12 2 0 1
2020 08 30 00 01 21 27406.310   148.950 33791.939  31.18  12.27   62  509.9 3702.99800 N 00210.91412 W 12 2 0 1
2020 08 30 00 01 22 27406.287   148.951 33791.994  31.18  12.27   61  509.9 3702.99799 N 00210.91411 W 12 2 0 1
2020 08 30 00 01 23 27406.270   148.922 33792.056  31.18  12.27   62  509.9 3702.99797 N 00210.91410 W 12 2 0 1
2020 08 30 00 01 24 27406.289   148.924 33792.013  31.18  12.27   61  509.8 3702.99794 N 00210.91408 W 12 2 0 1
2020 08 30 00 01 25 27406.274   148.913 33792.095  31.18  12.27   62  509.7 3702.99791 N 00210.91408 W 12 2 0 1
2020 08 30 00 01 26 27406.285   148.913 33792.017  31.18  12.27   61  509.7 3702.99786 N 00210.91407 W 12 2 0 1
2020 08 30 00 01 27 27406.311   148.930 33792.087  31.18  12.27   63  509.7 3702.99785 N 00210.91405 W 12 2 0 1
2020 08 30 00 01 28 27406.326   148.907 33792.029  31.18  12.27   61  509.7 3702.99782 N 00210.91404 W 12 2 0 1
2020 08 30 00 01 29 27406.330   148.925 33791.982  31.18  12.27   62  509.7 3702.99778 N 00210.91404 W 12 2 0 1
2020 08 30 00 01 30 27406.326   148.905 33792.048  31.18  12.27   62  509.7 3702.99776 N 00210.91405 W 12 2 0 1
2020 08 30 00 01 31 27406.371   148.920 33791.994  31.18  12.27   62  509.7 3702.99776 N 00210.91403 W 12 2 0 1
2020 08 30 00 01 32 27406.363   148.894 33792.189  31.18  12.27   62  509.7 3702.99774 N 00210.91402 W 12 2 0 1
2020 08 30 00 01 33 27406.367   148.899 33791.784  31.18  12.27   61  509.7 3702.99774 N 00210.91399 W 12 2 0 1
2020 08 30 00 01 34 27406.344   148.870 33792.278  31.18  12.27   62  509.7 3702.99775 N 00210.91398 W 12 2 0 1
2020 08 30 00 01 35 27406.342   148.878 33792.321  31.18  12.27   61  509.7 3702.99775 N 00210.91397 W 12 2 0 1
2020 08 30 00 01 36 27406.349   148.904 33791.612  31.18  12.27   62  509.6 3702.99774 N 00210.91396 W 12 2 0 1
2020 08 30 00 01 37 27406.375   148.880 33791.971  31.18  12.27   61  509.5 3702.99774 N 00210.91398 W 12 2 0 1
2020 08 30 00 01 38 27406.359   148.880 33792.068  31.18  12.27   62  509.5 3702.99775 N 00210.91399 W 12 2 0 1
2020 08 30 00 01 39 27406.346   148.877 33792.154  31.18  12.27   61  509.6 3702.99779 N 00210.91399 W 12 2 0 1
2020 08 30 00 01 40 27406.365   148.876 33791.975  31.18  12.27   62  509.6 3702.99780 N 00210.91397 W 12 2 0 1
2020 08 30 00 01 41 27406.369   148.878 33792.091  31.18  12.27   62  509.5 3702.99784 N 00210.91394 W 12 2 0 1
2020 08 30 00 01 42 27406.367   148.849 33792.091  31.18  12.27   62  509.4 3702.99789 N 00210.91393 W 12 2 0 1
2020 08 30 00 01 43 27406.353   148.838 33792.080  31.18  12.27   62  509.4 3702.99793 N 00210.91393 W 12 2 0 1
2020 08 30 00 01 44 27406.371   148.849 33792.084  31.18  12.27   61  509.2 3702.99796 N 00210.91390 W 12 2 0 1
2020 08 30 00 01 45 27406.340   148.843 33792.064  31.18  12.27   62  509.1 3702.99800 N 00210.91388 W 12 2 0 1
2020 08 30 00 01 46 27406.365   148.866 33792.294  31.18  12.27   61  509.0 3702.99801 N 00210.91385 W 12 2 0 1
2020 08 30 00 01 47 27406.332   148.854 33791.920  31.18  12.27   62  509.0 3702.99803 N 00210.91380 W 12 2 0 1
2020 08 30 00 01 48 27406.332   148.815 33792.013  31.18  12.27   61  509.0 3702.99805 N 00210.91377 W 12 2 0 1
2020 08 30 00 01 49 27406.359   148.827 33792.123  31.18  12.27   62  509.2 3702.99803 N 00210.91378 W 12 2 0 1
2020 08 30 00 01 50 27406.328   148.819 33792.048  31.18  12.27   61  509.3 3702.99803 N 00210.91377 W 12 2 0 1
2020 08 30 00 01 51 27406.334   148.807 33792.138  31.18  12.27   62  509.3 3702.99800 N 00210.91377 W 12 2 0 1
2020 08 30 00 01 52 27406.342   148.820 33791.936  31.18  12.27   62  509.3 3702.99799 N 00210.91375 W 12 2 0 1
2020 08 30 00 01 53 27406.328   148.812 33792.119  31.18  12.27   61  509.3 3702.99796 N 00210.91374 W 12 2 0 1
2020 08 30 00 01 54 27406.322   148.789 33792.173  31.18  12.27   62  509.2 3702.99795 N 00210.91371 W 12 2 0 1
2020 08 30 00 01 55 27406.291   148.785 33791.974  31.18  12.27   61  509.1 3702.99795 N 00210.91371 W 12 2 0 1
2020 08 30 00 01 56 27406.404   148.822 33792.255  31.18  12.27   62  509.2 3702.99797 N 00210.91374 W 12 2 0 1
2020 08 30 00 01 57 27406.367   148.820 33792.127  31.18  12.27   61  509.2 3702.99798 N 00210.91375 W 12 2 0 1
2020 08 30 00 01 58 27406.367   148.823 33792.236  31.18  12.27   62  509.2 3702.99797 N 00210.91376 W 12 2 0 1
2020 08 30 00 01 59 27406.377   148.815 33792.154  31.18  12.27   61  509.0 3702.99796 N 00210.91379 W 12 2 0 1
2020 08 30 00 02 00 27406.396   148.815 33792.088  31.18  12.27   62  509.0 3702.99796 N 00210.91380 W 12 2 0 1
2020 08 30 00 02 01 27406.363   148.778 33792.123  31.18  12.27   62  508.9 3702.99794 N 00210.91383 W 12 2 0 1
2020 08 30 00 02 02 27406.361   148.823 33792.010  31.18  12.27   62  509.0 3702.99792 N 00210.91388 W 12 2 0 1
2020 08 30 00 02 03 27406.342   148.796 33792.095  31.18  12.27   62  509.1 3702.99791 N 00210.91393 W 12 2 0 1
2020 08 30 00 02 04 27406.348   148.779 33792.142  31.18  12.27   61  509.2 3702.99792 N 00210.91396 W 12 2 0 1
2020 08 30 00 02 05 27406.401   148.794 33792.403  31.18  12.27   62  509.1 3702.99792 N 00210.91396 W 12 2 0 1
2020 08 30 00 02 06 27406.350   148.800 33792.107  31.18  12.27   61  509.0 3702.99793 N 00210.91395 W 12 2 0 1
2020 08 30 00 02 07 27406.344   148.774 33792.088  31.18  12.27   62  509.0 3702.99797 N 00210.91393 W 12 2 0 1
2020 08 30 00 02 08 27406.356   148.789 33792.232  31.18  12.27   61  508.9 3702.99799 N 00210.91391 W 12 2 0 1
2020 08 30 00 02 09 27406.359   148.808 33792.049  31.18  12.27   62  509.1 3702.99798 N 00210.91392 W 12 2 0 1
2020 08 30 00 02 10 27406.346   148.803 33792.169  31.18  12.27   61  509.1 3702.99798 N 00210.91394 W 12 2 0 1
2020 08 30 00 02 11 27406.375   148.823 33791.940  31.18  12.27   62  509.2 3702.99798 N 00210.91395 W 12 2 0 1
2020 08 30 00 02 12 27406.379   148.805 33792.232  31.18  12.27   62  509.3 3702.99797 N 00210.91396 W 12 2 0 1
2020 08 30 00 02 13 27406.379   148.794 33792.267  31.18  12.27   62  509.2 3702.99799 N 00210.91395 W 12 2 0 1
2020 08 30 00 02 14 27406.344   148.790 33792.072  31.18  12.27   62  509.3 3702.99800 N 00210.91395 W 12 2 0 1
2020 08 30 00 02 15 27406.330   148.772 33792.197  31.18  12.27   61  509.2 3702.99800 N 00210.91396 W 12 2 0 1
2020 08 30 00 02 16 27406.361   148.808 33792.130  31.18  12.27   62  509.2 3702.99801 N 00210.91396 W 12 2 0 1
2020 08 30 00 02 17 27406.354   148.781 33792.333  31.18  12.27   61  509.2 3702.99798 N 00210.91395 W 12 2 0 1
2020 08 30 00 02 18 27406.332   148.792 33792.146  31.18  12.27   62  509.2 3702.99799 N 00210.91391 W 12 2 0 1
2020 08 30 00 02 19 27406.371   148.811 33792.138  31.18  12.27   61  509.2 3702.99799 N 00210.91387 W 12 2 0 1
2020 08 30 00 02 20 27406.303   148.795 33792.142  31.18  12.27   62  509.3 3702.99799 N 00210.91386 W 12 2 0 1
2020 08 30 00 02 21 27406.309   148.795 33792.130  31.18  12.27   61  509.3 3702.99799 N 00210.91385 W 12 2 0 1
2020 08 30 00 02 22 27406.324   148.804 33792.087  31.18  12.27   62  509.4 3702.99797 N 00210.91386 W 12 2 0 1
2020 08 30 00 02 23 27406.326   148.790 33792.200  31.18  12.27   62  509.5 3702.99794 N 00210.91387 W 12 2 0 1
2020 08 30 00 02 24 27406.327   148.789 33792.345  31.18  12.27   62  509.5 3702.99793 N 00210.91386 W 12 2 0 1
2020 08 30 00 02 25 27406.344   148.814 33792.200  31.18  12.27   62  509.5 3702.99792 N 00210.91385 W 12 2 0 1
2020 08 30 00 02 26 27406.338   148.811 33791.994  31.18  12.27   61  509.5 3702.99795 N 00210.91384 W 12 2 0 1
2020 08 30 00 02 27 27406.348   148.805 33792.084  31.18  12.27   62  509.5 3702.99799 N 00210.91383 W 12 2 0 1
2020 08 30 00 02 28 27406.311   148.785 33792.185  31.18  12.27   61  509.5 3702.99800 N 00210.91386 W 12 2 0 1
2020 08 30 00 02 29 27406.303   148.787 33792.216  31.18  12.27   62  509.5 3702.99801 N 00210.91389 W 12 2 0 1
2020 08 30 00 02 30 27406.356   148.822 33792.333  31.18  12.27   61  509.5 3702.99802 N 00210.91391 W 12 2 0 1
2020 08 30 00 02 31 27406.246   148.773 33792.231  31.18  12.27   62  509.6 3702.99802 N 00210.91394 W 12 2 0 1
2020 08 30 00 02 32 27406.239   148.779 33792.200  31.18  12.27   61  509.7 3702.99803 N 00210.91396 W 12 2 0 1
2020 08 30 00 02 33 27406.316   148.798 33792.072  31.18  12.27   62  509.8 3702.99805 N 00210.91397 W 12 2 0 1
2020 08 30 00 02 34 27406.297   148.803 33792.111  31.18  12.27   62  509.8 3702.99806 N 00210.91395 W 12 2 0 1
2020 08 30 00 02 35 27406.301   148.800 33792.259  31.18  12.27   61  509.7 3702.99810 N 00210.91393 W 12 2 0 1
2020 08 30 00 02 36 27406.346   148.830 33792.072  31.18  12.27   62  509.7 3702.99814 N 00210.91391 W 12 2 0 1
2020 08 30 00 02 37 27406.274   148.783 33792.391  31.18  12.27   61  509.6 3702.99816 N 00210.91391 W 12 2 0 1
2020 08 30 00 02 38 27406.318   148.812 33791.822  31.18  12.27   62  509.6 3702.99815 N 00210.91392 W 12 2 0 1
2020 08 30 00 02 39 27406.257   148.783 33792.520  31.18  12.27   61  509.6 3702.99814 N 00210.91391 W 12 2 0 1
2020 08 30 00 02 40 27406.248   148.801 33791.978  31.18  12.27   62  509.5 3702.99816 N 00210.91390 W 12 2 0 1
2020 08 30 00 02 41 27406.293   148.807 33792.204  31.18  12.27   61  509.5 3702.99814 N 00210.91390 W 12 2 0 1
2020 08 30 00 02 42 27406.270   148.815 33792.087  31.18  12.27   62  509.3 3702.99816 N 00210.91390 W 12 2 0 1
2020 08 30 00 02 43 27406.257   148.783 33792.656  31.18  12.27   61  509.2 3702.99816 N 00210.91389 W 12 2 0 1
2020 08 30 00 02 44 27406.275   148.807 33792.040  31.18  12.27   62  509.1 3702.99816 N 00210.91387 W 12 2 0 1
2020 08 30 00 02 45 27406.273   148.835 33791.931  31.18  12.27   62  509.0 3702.99816 N 00210.91387 W 12 2 0 1
2020 08 30 00 02 46 27406.287   148.829 33792.173  31.18  12.27   61  508.9 3702.99816 N 00210.91387 W 12 2 0 1
2020 08 30 00 02 47 27406.256   148.817 33792.220  31.18  12.27   63  508.9 3702.99815 N 00210.91388 W 12 2 0 1
2020 08 30 00 02 48 27406.295   148.826 33792.329  31.18  12.27   62  508.9 3702.99812 N 00210.91387 W 12 2 0 1
2020 08 30 00 02 49 27406.242   148.810 33792.083  31.18  12.27   62  508.9 3702.99810 N 00210.91388 W 12 2 0 1
2020 08 30 00 02 50 27406.239   148.795 33792.305  31.18  12.27   61  508.9 3702.99807 N 00210.91389 W 12 2 0 1
2020 08 30 00 02 51 27406.250   148.806 33792.114  31.18  12.27   62  508.9 3702.99805 N 00210.91387 W 12 2 0 1
2020 08 30 00 02 52 27406.213   148.792 33792.169  31.18  12.27   61  508.8 3702.99806 N 00210.91386 W 12 2 0 1
2020 08 30 00 02 53 27406.260   148.801 33792.130  31.18  12.27   62  508.9 3702.99806 N 00210.91386 W 12 2 0 1
2020 08 30 00 02 54 27406.287   148.822 33792.153  31.18  12.27   62  508.9 3702.99805 N 00210.91388 W 12 2 0 1
2020 08 30 00 02 55 27406.268   148.791 33792.255  31.18  12.27   62  508.9 3702.99804 N 00210.91392 W 12 2 0 1
2020 08 30 00 02 56 27406.299   148.848 33792.122  31.18  12.27   62  509.0 3702.99803 N 00210.91393 W 12 2 0 1
2020 08 30 00 02 57 27406.223   148.797 33792.344  31.18  12.27   61  509.1 3702.99804 N 00210.91392 W 12 2 0 1
2020 08 30 00 02 58 27406.287   148.824 33792.095  31.18  12.27   62  509.1 3702.99803 N 00210.91391 W 12 2 0 1
2020 08 30 00 02 59 27406.232   148.810 33792.009  31.18  12.27   61  509.1 3702.99802 N 00210.91391 W 12 2 0 1
2020 08 30 00 03 00 27406.297   148.808 33792.372  31.18  12.27   62  509.2 3702.99800 N 00210.91392 W 12 2 0 1
2020 08 30 00 03 01 27406.229   148.776 33792.149  31.18  12.27   61  509.1 3702.99799 N 00210.91390 W 12 2 0 1
2020 08 30 00 03 02 27406.225   148.775 33792.068  31.18  12.27   62  509.2 3702.99801 N 00210.91390 W 12 2 0 1
2020 08 30 00 03 03 27406.239   148.793 33792.270  31.18  12.27   61  509.1 3702.99803 N 00210.91389 W 12 2 0 1
2020 08 30 00 03 04 27406.211   148.781 33792.188  31.18  12.27   62  509.1 3702.99804 N 00210.91386 W 12 2 0 1
2020 08 30 00 03 05 27406.223   148.765 33792.177  31.18  12.27   62  509.1 3702.99804 N 00210.91383 W 12 2 0 1
2020 08 30 00 03 06 27406.237   148.784 33792.212  31.18  12.27   62  509.2 3702.99804 N 00210.91382 W 12 2 0 1
2020 08 30 00 03 07 27406.211   148.782 33792.134  31.18  12.27   62  509.3 3702.99806 N 00210.91380 W 12 2 0 1
2020 08 30 00 03 08 27406.225   148.789 33792.021  31.18  12.27   61  509.3 3702.99807 N 00210.91378 W 12 2 0 1
2020 08 30 00 03 09 27406.231   148.758 33792.477  31.18  12.27   62  509.5 3702.99807 N 00210.91375 W 12 2 0 1
2020 08 30 00 03 10 27406.227   148.779 33792.204  31.18  12.27   61  509.6 3702.99806 N 00210.91372 W 12 2 0 1
2020 08 30 00 03 11 27406.213   148.768 33792.079  31.18  12.27   62  509.6 3702.99806 N 00210.91369 W 12 2 0 1
2020 08 30 00 03 12 27406.211   148.765 33792.204  31.18  12.27   61  509.6 3702.99803 N 00210.91367 W 12 2 0 1
2020 08 30 00 03 13 27406.277   148.820 33792.111  31.18  12.27   62  509.7 3702.99801 N 00210.91364 W 12 2 0 1
2020 08 30 00 03 14 27406.262   148.797 33792.301  31.18  12.27   61  509.7 3702.99802 N 00210.91363 W 12 2 0 1
2020 08 30 00 03 15 27406.309   148.801 33792.220  31.18  12.27   62  509.7 3702.99802 N 00210.91361 W 12 2 0 1
2020 08 30 00 03 16 27406.209   148.789 33792.169  31.18  12.27   62  509.8 3702.99801 N 00210.91359 W 12 2 0 1
2020 08 30 00 03 17 27406.242   148.806 33792.036  31.18  12.27   61  510.0 3702.99800 N 00210.91358 W 12 2 0 1
2020 08 30 00 03 18 27406.209   148.785 33792.142  31.18  12.27   62  510.0 3702.99796 N 00210.91357 W 12 2 0 1
2020 08 30 00 03 19 27406.276   148.803 33792.270  31.18  12.27   61  510.1 3702.99792 N 00210.91357 W 12 2 0 1
2020 08 30 00 03 20 27406.227   148.794 33792.208  31.18  12.27   62  510.1 3702.99787 N 00210.91357 W 12 2 0 1
2020 08 30 00 03 21 27406.270   148.818 33792.251  31.18  12.27   61  510.1 3702.99783 N 00210.91358 W 12 2 0 1
2020 08 30 00 03 22 27406.227   148.823 33792.087  31.18  12.27   62  510.1 3702.99784 N 00210.91359 W 12 2 0 1
2020 08 30 00 03 23 27406.236   148.825 33792.095  31.18  12.27   61  510.1 3702.99786 N 00210.91359 W 12 2 0 1
2020 08 30 00 03 24 27406.227   148.821 33792.114  31.18  12.27   62  510.1 3702.99786 N 00210.91360 W 12 2 0 1
2020 08 30 00 03 25 27406.231   148.829 33792.317  31.18  12.27   62  510.1 3702.99787 N 00210.91363 W 12 2 0 1
2020 08 30 00 03 26 27406.186   148.811 33792.188  31.18  12.27   62  510.1 3702.99787 N 00210.91366 W 12 2 0 1
2020 08 30 00 03 27 27406.198   148.814 33792.184  31.18  12.27   62  510.2 3702.99788 N 00210.91369 W 12 2 0 1
2020 08 30 00 03 28 27406.178   148.826 33792.063  31.18  12.27   61  510.2 3702.99787 N 00210.91368 W 12 2 0 1
2020 08 30 00 03 29 27406.180   148.818 33792.176  31.18  12.27   62  510.4 3702.99787 N 00210.91369 W 12 2 0 1
2020 08 30 00 03 30 27406.182   148.829 33792.040  31.18  12.27   61  510.5 3702.99785 N 00210.91368 W 12 2 0 1
2020 08 30 00 03 31 27406.145   148.802 33792.293  31.18  12.27   62  510.6 3702.99784 N 00210.91369 W 12 2 0 1
2020 08 30 00 03 32 27406.176   148.823 33792.161  31.18  12.27   61  510.7 3702.99780 N 00210.91370 W 12 2 0 1
2020 08 30 00 03 33 27406.207   148.855 33792.079  31.18  12.27   62  510.6 3702.99778 N 00210.91370 W 12 2 0 1
2020 08 30 00 03 34 27406.178   148.816 33792.208  31.18  12.27   61  510.6 3702.99777 N 00210.91368 W 12 2 0 1
2020 08 30 00 03 35 27406.172   148.832 33792.106  31.18  12.27   62  510.5 3702.99777 N 00210.91367 W 12 2 0 1
2020 08 30 00 03 36 27406.188   148.810 33792.274  31.18  12.27   61  510.5 3702.99776 N 00210.91367 W 12 2 0 1
2020 08 30 00 03 37 27406.195   148.832 33792.052  31.18  12.27   62  510.4 3702.99777 N 00210.91368 W 12 2 0 1
2020 08 30 00 03 38 27406.168   148.847 33792.196  31.18  12.27   62  510.5 3702.99776 N 00210.91366 W 12 2 0 1
2020 08 30 00 03 39 27406.207   148.847 33792.153  31.18  12.27   61  510.5 3702.99775 N 00210.91368 W 12 2 0 1
2020 08 30 00 03 40 27406.186   148.833 33792.336  31.18  12.27   62  510.5 3702.99773 N 00210.91367 W 12 2 0 1
2020 08 30 00 03 41 27406.158   148.818 33792.021  31.18  12.27   61  510.5 3702.99774 N 00210.91367 W 12 2 0 1
2020 08 30 00 03 42 27406.159   148.828 33792.211  31.18  12.27   62  510.4 3702.99775 N 00210.91369 W 12 2 0 1
2020 08 30 00 03 43 27406.178   148.844 33792.270  31.18  12.27   61  510.4 3702.99777 N 00210.91373 W 12 2 0 1
2020 08 30 00 03 44 27406.158   148.816 33791.904  31.18  12.27   62  510.4 3702.99778 N 00210.91377 W 12 2 0 1
2020 08 30 00 03 45 27406.178   148.823 33792.297  31.18  12.27   61  510.4 3702.99779 N 00210.91382 W 12 2 0 1
2020 08 30 00 03 46 27406.178   148.810 33792.219  31.18  12.27   62  510.4 3702.99781 N 00210.91386 W 12 2 0 1
2020 08 30 00 03 47 27406.205   148.861 33791.970  31.18  12.27   62  510.5 3702.99782 N 00210.91390 W 12 2 0 1
2020 08 30 00 03 48 27406.178   148.837 33792.188  31.18  12.27   62  510.5 3702.99782 N 00210.91393 W 12 2 0 1
2020 08 30 00 03 49 27406.153   148.815 33792.106  31.18  12.27   62  510.5 3702.99781 N 00210.91395 W 12 2 0 1
2020 08 30 00 03 50 27406.196   148.848 33792.204  31.18  12.27   61  510.5 3702.99781 N 00210.91397 W 12 2 0 1
2020 08 30 00 03 51 27406.198   148.833 33792.243  31.18  12.27   62  510.5 3702.99781 N 00210.91399 W 12 2 0 1
2020 08 30 00 03 52 27406.131   148.825 33792.137  31.18  12.27   61  510.5 3702.99780 N 00210.91401 W 12 2 0 1
2020 08 30 00 03 53 27406.143   148.834 33792.172  31.18  12.27   62  510.5 3702.99781 N 00210.91404 W 12 2 0 1
2020 08 30 00 03 54 27406.199   148.845 33792.017  31.18  12.27   61  510.6 3702.99780 N 00210.91408 W 12 2 0 1
2020 08 30 00 03 55 27406.194   148.861 33792.087  31.18  12.27   62  510.6 3702.99781 N 00210.91410 W 12 2 0 1
2020 08 30 00 03 56 27406.124   148.815 33792.371  31.18  12.27   61  510.6 3702.99781 N 00210.91412 W 12 2 0 1
2020 08 30 00 03 57 27406.108   148.823 33792.157  31.18  12.27   62  510.7 3702.99782 N 00210.91413 W 12 2 0 1
2020 08 30 00 03 58 27406.189   148.863 33791.876  31.18  12.27   62  510.8 3702.99781 N 00210.91416 W 12 2 0 1
2020 08 30 00 03 59 27406.139   148.818 33792.254  31.18  12.27   61  510.8 3702.99780 N 00210.91418 W 12 2 0 1
2020 08 30 00 04 00 27406.117   148.854 33792.048  31.18  12.27   62  510.8 3702.99781 N 00210.91419 W 12 2 0 1
2020 08 30 00 04 01 27406.149   148.880 33792.184  31.18  12.27   61  510.9 3702.99780 N 00210.91420 W 12 2 0 1
2020 08 30 00 04 02 27406.172   148.880 33792.208  31.18  12.27   62  510.8 3702.99782 N 00210.91420 W 12 2 0 1
2020 08 30 00 04 03 27406.137   148.873 33792.254  31.18  12.27   61  510.8 3702.99784 N 00210.91422 W 12 2 0 1
2020 08 30 00 04 04 27406.174   148.876 33792.130  31.18  12.27   62  510.8 3702.99786 N 00210.91425 W 12 2 0 1
2020 08 30 00 04 05 27406.135   148.862 33792.114  31.18  12.27   61  510.7 3702.99788 N 00210.91427 W 12 2 0 1
2020 08 30 00 04 06 27406.149   148.869 33792.118  31.18  12.27   62  510.7 3702.99787 N 00210.91427 W 12 2 0 1
2020 08 30 00 04 07 27406.110   148.864 33792.020  31.18  12.27   61  510.8 3702.99786 N 00210.91426 W 12 2 0 1
2020 08 30 00 04 08 27406.196   148.890 33792.449  31.18  12.27   62  510.8 3702.99785 N 00210.91423 W 12 2 0 1
2020 08 30 00 04 09 27406.067   148.843 33792.067  31.18  12.27   62  510.8 3702.99785 N 00210.91419 W 12 2 0 1
2020 08 30 00 04 10 27406.104   148.836 33792.231  31.18  12.27   61  510.7 3702.99783 N 00210.91417 W 12 2 0 1
2020 08 30 00 04 11 27406.194   148.904 33792.114  31.18  12.27   62  510.8 3702.99782 N 00210.91418 W 12 2 0 1
2020 08 30 00 04 12 27406.026   148.817 33792.297  31.18  12.27   61  510.8 3702.99780 N 00210.91417 W 12 2 0 1
2020 08 30 00 04 13 27406.158   148.882 33791.982  31.18  12.27   62  510.8 3702.99780 N 00210.91417 W 12 2 0 1
2020 08 30 00 04 14 27406.088   148.872 33792.098  31.18  12.27   61  510.8 3702.99780 N 00210.91416 W 12 2 0 1
2020 08 30 00 04 15 27406.147   148.893 33792.094  31.18  12.27   62  510.8 3702.99780 N 00210.91415 W 12 2 0 1
2020 08 30 00 04 16 27406.135   148.882 33792.215  31.18  12.27   61  510.9 3702.99782 N 00210.91414 W 12 2 0 1
2020 08 30 00 04 17 27406.080   148.872 33792.028  31.18  12.27   62  511.0 3702.99783 N 00210.91416 W 12 2 0 1
2020 08 30 00 04 18 27406.057   148.882 33792.172  31.18  12.27   62  511.0 3702.99784 N 00210.91416 W 12 2 0 1
2020 08 30 00 04 19 27406.014   148.863 33791.685  31.18  12.27   62  511.0 3702.99784 N 00210.91417 W 12 2 0 1
2020 08 30 00 04 20 27406.124   148.882 33792.780  31.18  12.27   62  511.0 3702.99784 N 00210.91417 W 12 2 0 1
2020 08 30 00 04 21 27406.088   148.884 33792.090  31.18  12.27   61  510.9 3702.99785 N 00210.91414 W 12 2 0 1
2020 08 30 00 04 22 27406.100   148.875 33792.250  31.18  12.27   62  510.7 3702.99785 N 00210.91413 W 12 2 0 1
2020 08 30 00 04 23 27406.115   148.888 33792.005  31.18  12.27   61  510.6 3702.99787 N 00210.91412 W 12 2 0 1
2020 08 30 00 04 24 27406.088   148.878 33792.141  31.18  12.27   62  510.5 3702.99788 N 00210.91410 W 12 2 0 1
2020 08 30 00 04 25 27406.075   148.869 33792.301  31.18  12.27   61  510.4 3702.99790 N 00210.91408 W 12 2 0 1
2020 08 30 00 04 26 27406.039   148.882 33791.767  31.18  12.27   62  510.4 3702.99792 N 00210.91405 W 12 2 0 1
2020 08 30 00 04 27 27406.083   148.866 33792.238  31.18  12.27   61  510.3 3702.99793 N 00210.91403 W 12 2 0 1
2020 08 30 00 04 28 27406.058   148.853 33792.371  31.18  12.27   62  510.3 3702.99794 N 00210.91402 W 12 2 0 1
2020 08 30 00 04 29 27406.067   148.855 33792.063  31.18  12.27   62  510.2 3702.99797 N 00210.91402 W 12 2 0 1
2020 08 30 00 04 30 27406.057   148.873 33792.250  31.18  12.27   62  510.2 3702.99800 N 00210.91403 W 12 2 0 1
2020 08 30 00 04 31 27406.102   148.886 33791.938  31.18  12.27   62  510.1 3702.99802 N 00210.91402 W 12 2 0 1
2020 08 30 00 04 32 27406.075   148.868 33792.344  31.18  12.27   61  510.1 3702.99805 N 00210.91401 W 12 2 0 1
2020 08 30 00 04 33 27406.014   148.859 33791.895  31.18  12.27   62  510.0 3702.99809 N 00210.91399 W 12 2 0 1
2020 08 30 00 04 34 27406.073   148.842 33792.566  31.18  12.27   61  509.8 3702.99812 N 00210.91398 W 12 2 0 1
2020 08 30 00 04 35 27406.023   148.846 33791.790  31.18  12.27   62  509.8 3702.99814 N 00210.91396 W 12 2 0 1
2020 08 30 00 04 36 27406.009   148.830 33792.262  31.18  12.27   61  509.7 3702.99816 N 00210.91394 W 12 2 0 1
2020 08 30 00 04 37 27406.006   148.831 33791.973  31.18  12.27   62  509.6 3702.99816 N 00210.91391 W 12 2 0 1
2020 08 30 00 04 38 27406.057   148.853 33791.997  31.18  12.27   61  509.5 3702.99816 N 00210.91388 W 12 2 0 1
2020 08 30 00 04 39 27406.048   148.830 33792.355  31.18  12.27   62  509.5 3702.99816 N 00210.91387 W 12 2 0 1
2020 08 30 00 04 40 27406.104   148.878 33792.215  31.18  12.27   62  509.5 3702.99817 N 00210.91386 W 12 2 0 1
2020 08 30 00 04 41 27405.990   148.841 33791.895  31.18  12.27   61  509.4 3702.99816 N 00210.91385 W 12 2 0 1
2020 08 30 00 04 42 27406.063   148.845 33792.297  31.18  12.27   62  509.5 3702.99816 N 00210.91383 W 12 2 0 1
2020 08 30 00 04 43 27405.987   148.798 33792.199  31.18  12.27   62  509.5 3702.99816 N 00210.91382 W 12 2 0 1
2020 08 30 00 04 44 27405.977   148.807 33791.977  31.18  12.27   62  509.6 3702.99814 N 00210.91382 W 12 2 0 1
2020 08 30 00 04 45 27406.032   148.797 33792.371  31.18  12.27   61  509.7 3702.99813 N 00210.91382 W 12 2 0 1
2020 08 30 00 04 46 27405.986   148.818 33791.782  31.18  12.27   62  509.8 3702.99814 N 00210.91384 W 12 2 0 1
2020 08 30 00 04 47 27406.030   148.803 33792.351  31.18  12.27   61  509.9 3702.99813 N 00210.91386 W 12 2 0 1
2020 08 30 00 04 48 27406.055   148.833 33792.024  31.18  12.27   62  510.0 3702.99812 N 00210.91388 W 12 2 0 1
2020 08 30 00 04 49 27406.028   148.824 33792.063  31.18  12.27   62  510.0 3702.99812 N 00210.91392 W 12 2 0 1
2020 08 30 00 04 50 27406.010   148.795 33792.137  31.18  12.27   62  510.0 3702.99812 N 00210.91393 W 12 2 0 1
2020 08 30 00 04 51 27405.993   148.780 33792.020  31.18  12.27   62  510.1 3702.99813 N 00210.91395 W 12 2 0 1
2020 08 30 00 04 52 27406.034   148.796 33792.211  31.18  12.27   61  510.1 3702.99812 N 00210.91395 W 12 2 0 1
2020 08 30 00 04 53 27406.034   148.787 33792.320  31.18  12.27   62  510.1 3702.99813 N 00210.91396 W 12 2 0 1
2020 08 30 00 04 54 27406.034   148.784 33792.168  31.18  12.27   61  510.1 3702.99813 N 00210.91395 W 12 2 0 1
2020 08 30 00 04 55 27406.024   148.784 33791.872  31.18  12.27   62  510.1 3702.99810 N 00210.91394 W 12 2 0 1
2020 08 30 00 04 56 27406.036   148.787 33792.246  31.18  12.27   61  510.1 3702.99808 N 00210.91393 W 12 2 0 1
2020 08 30 00 04 57 27406.057   148.810 33792.051  31.18  12.27   62  510.1 3702.99806 N 00210.91391 W 12 2 0 1
2020 08 30 00 04 58 27406.034   148.783 33792.160  31.18  12.27   61  510.2 3702.99802 N 00210.91393 W 12 2 0 1
2020 08 30 00 04 59 27405.995   148.745 33792.250  31.18  12.27   62  510.2 3702.99796 N 00210.91395 W 12 2 0 1
2020 08 30 00 05 00 27405.975   148.733 33792.129  31.18  12.27   62  510.2 3702.99789 N 00210.91399 W 12 2 0 1
2020 08 30 00 05 01 27406.079   148.762 33792.083  31.18  12.27   62  510.4 3702.99784 N 00210.91402 W 12 2 0 1
2020 08 30 00 05 02 27406.010   148.730 33792.121  31.18  12.27   62  510.5 3702.99780 N 00210.91402 W 12 2 0 1
2020 08 30 00 05 03 27406.040   148.747 33792.277  31.18  12.27   61  510.7 3702.99776 N 00210.91399 W 12 2 0 1
2020 08 30 00 05 04 27406.070   148.763 33791.919  31.18  12.27   62  510.8 3702.99773 N 00210.91398 W 12 2 0 1
2020 08 30 00 05 05 27405.980   148.689 33792.577  31.18  12.27   61  510.9 3702.99771 N 00210.91399 W 12 2 0 1
2020 08 30 00 05 06 27406.049   148.747 33791.845  31.18  12.27   62  511.0 3702.99768 N 00210.91401 W 12 2 0 1
2020 08 30 00 05 07 27406.022   148.721 33792.207  31.18  12.27   61  511.0 3702.99767 N 00210.91403 W 12 2 0 1
2020 08 30 00 05 08 27406.069   148.751 33791.974  31.18  12.27   62  511.1 3702.99767 N 00210.91404 W 12 2 0 1
2020 08 30 00 05 09 27406.077   148.761 33792.122  31.18  12.27   61  511.2 3702.99769 N 00210.91402 W 12 2 0 1
2020 08 30 00 05 10 27406.020   148.727 33792.199  31.18  12.27   62  511.2 3702.99771 N 00210.91399 W 12 2 0 1
2020 08 30 00 05 11 27406.086   148.758 33791.981  31.18  12.27   62  511.3 3702.99773 N 00210.91395 W 12 2 0 1
2020 08 30 00 05 12 27406.102   148.749 33792.270  31.18  12.27   62  511.2 3702.99774 N 00210.91392 W 12 2 0 1
2020 08 30 00 05 13 27406.067   148.752 33792.012  31.18  12.27   62  511.2 3702.99775 N 00210.91387 W 12 2 0 1
2020 08 30 00 05 14 27406.112   148.740 33792.157  31.18  12.27   61  511.1 3702.99776 N 00210.91384 W 12 2 0 1
2020 08 30 00 05 15 27406.067   148.727 33792.274  31.18  12.27   62  511.0 3702.99775 N 00210.91382 W 12 2 0 1
2020 08 30 00 05 16 27406.069   148.746 33792.005  31.18  12.27   61  510.9 3702.99775 N 00210.91379 W 12 2 0 1
2020 08 30 00 05 17 27406.085   148.725 33792.227  31.18  12.27   62  510.9 3702.99775 N 00210.91376 W 12 2 0 1
2020 08 30 00 05 18 27406.092   148.741 33792.196  31.18  12.27   61  510.8 3702.99776 N 00210.91376 W 12 2 0 1
2020 08 30 00 05 19 27406.094   148.740 33792.075  31.18  12.27   62  510.8 3702.99777 N 00210.91376 W 12 2 0 1
2020 08 30 00 05 20 27406.122   148.758 33792.211  31.18  12.27   62  510.7 3702.99778 N 00210.91377 W 12 2 0 1
2020 08 30 00 05 21 27406.129   148.724 33792.133  31.18  12.27   62  510.7 3702.99778 N 00210.91379 W 12 2 0 1
2020 08 30 00 05 22 27406.096   148.721 33792.137  31.18  12.27   62  510.6 3702.99779 N 00210.91381 W 12 2 0 1
2020 08 30 00 05 23 27406.061   148.724 33792.067  31.18  12.27   61  510.6 3702.99779 N 00210.91384 W 12 2 0 1
2020 08 30 00 05 24 27406.138   148.730 33792.422  31.18  12.27   62  510.5 3702.99780 N 00210.91386 W 12 2 0 1
2020 08 30 00 05 25 27406.102   148.718 33792.036  31.18  12.27   62  510.4 3702.99780 N 00210.91387 W 12 2 0 1
2020 08 30 00 05 26 27406.073   148.680 33792.188  31.18  12.27   62  510.4 3702.99779 N 00210.91388 W 12 2 0 1
2020 08 30 00 05 27 27406.079   148.703 33792.118  31.18  12.27   61  510.3 3702.99779 N 00210.91390 W 12 2 0 1
2020 08 30 00 05 28 27406.122   148.730 33792.282  31.18  12.27   62  510.2 3702.99778 N 00210.91391 W 12 2 0 1
2020 08 30 00 05 29 27406.115   148.711 33792.013  31.18  12.27   61  510.2 3702.99779 N 00210.91392 W 12 2 0 1
2020 08 30 00 05 30 27406.059   148.681 33792.020  31.18  12.27   62  510.2 3702.99779 N 00210.91392 W 12 2 0 1
2020 08 30 00 05 31 27406.112   148.722 33792.278  31.18  12.27   61  510.1 3702.99779 N 00210.91391 W 12 2 0 1
2020 08 30 00 05 32 27406.067   148.700 33792.293  31.18  12.27   62  510.1 3702.99780 N 00210.91391 W 12 2 0 1
2020 08 30 00 05 33 27406.085   148.688 33792.246  31.18  12.27   62  510.0 3702.99780 N 00210.91391 W 12 2 0 1
2020 08 30 00 05 34 27406.109   148.713 33791.923  31.18  12.27   62  509.9 3702.99781 N 00210.91390 W 12 2 0 1
2020 08 30 00 05 35 27406.139   148.702 33792.313  31.18  12.27   62  509.9 3702.99780 N 00210.91391 W 12 2 0 1
2020 08 30 00 05 36 27405.998   148.648 33791.927  31.18  12.27   61  509.9 3702.99780 N 00210.91391 W 12 2 0 1
2020 08 30 00 05 37 27406.061   148.687 33792.266  31.18  12.27   62  509.9 3702.99782 N 00210.91391 W 12 2 0 1
2020 08 30 00 05 38 27406.102   148.693 33792.336  31.18  12.27   61  509.9 3702.99783 N 00210.91390 W 12 2 0 1
2020 08 30 00 05 39 27406.100   148.693 33792.130  31.18  12.27   62  509.9 3702.99786 N 00210.91389 W 12 2 0 1
2020 08 30 00 05 40 27406.108   148.706 33792.254  31.18  12.27   61  509.9 3702.99788 N 00210.91388 W 12 2 0 1
2020 08 30 00 05 41 27405.911   148.612 33792.363  31.18  12.27   62  510.0 3702.99791 N 00210.91388 W 12 2 0 1
2020 08 30 00 05 42 27406.141   148.716 33792.208  31.18  12.27   62  510.0 3702.99793 N 00210.91387 W 12 2 0 1
2020 08 30 00 05 43 27406.124   148.716 33792.188  31.18  12.27   62  510.1 3702.99793 N 00210.91388 W 12 2 0 1
2020 08 30 00 05 44 27406.067   148.696 33791.997  31.18  12.27   62  510.1 3702.99794 N 00210.91389 W 12 2 0 1
2020 08 30 00 05 45 27406.145   148.719 33792.395  31.18  12.27   61  510.1 3702.99792 N 00210.91390 W 12 2 0 1
2020 08 30 00 05 46 27406.086   148.689 33792.161  31.18  12.27   62  510.2 3702.99790 N 00210.91390 W 12 2 0 1
2020 08 30 00 05 47 27406.010   148.665 33792.180  31.18  12.27   61  510.2 3702.99787 N 00210.91388 W 12 2 0 1
2020 08 30 00 05 48 27406.076   148.715 33791.923  31.18  12.27   62  510.3 3702.99786 N 00210.91389 W 12 2 0 1
2020 08 30 00 05 49 27406.056   148.671 33792.507  31.18  12.27   61  510.3 3702.99783 N 00210.91389 W 12 2 0 1
2020 08 30 00 05 50 27406.045   148.676 33792.071  31.18  12.27   62  510.4 3702.99784 N 00210.91391 W 12 2 0 1
2020 08 30 00 05 51 27406.080   148.710 33792.083  31.18  12.27   61  510.3 3702.99786 N 00210.91392 W 12 2 0 1
2020 08 30 00 05 52 27405.983   148.660 33792.363  31.18  12.27   62  510.3 3702.99788 N 00210.91394 W 12 2 0 1
2020 08 30 00 05 53 27406.110   148.726 33792.013  31.18  12.27   62  510.2 3702.99790 N 00210.91397 W 12 2 0 1
2020 08 30 00 05 54 27406.122   148.704 33792.383  31.18  12.27   61  510.1 3702.99786 N 00210.91398 W 12 2 0 1
2020 08 30 00 05 55 27406.067   148.710 33792.059  31.18  12.27   62  510.1 3702.99782 N 00210.91397 W 12 2 0 1
2020 08 30 00 05 56 27406.087   148.695 33792.367  31.18  12.27   61  510.0 3702.99780 N 00210.91395 W 12 2 0 1
2020 08 30 00 05 57 27406.063   148.693 33792.207  31.18  12.27   62  510.0 3702.99777 N 00210.91393 W 12 2 0 1
2020 08 30 00 05 58 27406.135   148.714 33792.145  31.18  12.27   61  510.0 3702.99779 N 00210.91391 W 12 2 0 1
2020 08 30 00 05 59 27406.067   148.692 33791.919  31.18  12.27   62  509.9 3702.99779 N 00210.91391 W 12 2 0 1
2020 08 30 00 06 00 27406.051   148.687 33792.005  31.18  12.27   61  509.9 3702.99779 N 00210.91390 W 12 2 0 1
2020 08 30 00 06 01 27406.087   148.693 33792.484  31.18  12.27   62  509.9 3702.99778 N 00210.91388 W 12 2 0 1
2020 08 30 00 06 02 27406.095   148.675 33792.359  31.18  12.27   62  509.9 3702.99777 N 00210.91385 W 12 2 0 1
2020 08 30 00 06 03 27406.067   148.691 33792.110  31.18  12.27   62  509.9 3702.99776 N 00210.91384 W 12 2 0 1
2020 08 30 00 06 04 27406.096   148.705 33792.324  31.18  12.27   62  509.9 3702.99775 N 00210.91384 W 12 2 0 1
2020 08 30 00 06 05 27406.039   148.684 33791.915  31.18  12.27   61  509.9 3702.99773 N 00210.91384 W 12 2 0 1
2020 08 30 00 06 06 27406.087   148.698 33792.324  31.18  12.27   62  509.8 3702.99772 N 00210.91385 W 12 2 0 1
2020 08 30 00 06 07 27406.108   148.721 33792.133  31.17  12.27   61  509.9 3702.99770 N 00210.91388 W 12 2 0 1
2020 08 30 00 06 08 27406.030   148.692 33791.927  31.17  12.27   62  510.0 3702.99768 N 00210.91391 W 12 2 0 1
2020 08 30 00 06 09 27406.108   148.695 33791.923  31.17  12.27   61  510.1 3702.99767 N 00210.91393 W 12 2 0 1
2020 08 30 00 06 10 27406.147   148.695 33792.484  31.17  12.27   62  510.2 3702.99767 N 00210.91393 W 12 2 0 1
2020 08 30 00 06 11 27406.098   148.686 33792.180  31.17  12.27   61  510.3 3702.99767 N 00210.91392 W 12 2 0 1
2020 08 30 00 06 12 27406.063   148.660 33792.114  31.17  12.27   62  510.4 3702.99768 N 00210.91391 W 12 2 0 1
2020 08 30 00 06 13 27406.082   148.699 33792.122  31.17  12.27   62  510.4 3702.99768 N 00210.91389 W 12 2 0 1
2020 08 30 00 06 14 27406.046   148.664 33792.344  31.17  12.27   62  510.4 3702.99769 N 00210.91386 W 12 2 0 1
2020 08 30 00 06 15 27406.137   148.718 33791.954  31.17  12.27   62  510.4 3702.99770 N 00210.91383 W 12 2 0 1
2020 08 30 00 06 16 27406.100   148.684 33792.367  31.17  12.27   61  510.4 3702.99772 N 00210.91381 W 12 2 0 1
2020 08 30 00 06 17 27406.082   148.688 33792.118  31.17  12.27   62  510.5 3702.99773 N 00210.91381 W 12 2 0 1
2020 08 30 00 06 18 27406.153   148.708 33792.305  31.17  12.27   61  510.5 3702.99773 N 00210.91380 W 12 2 0 1
2020 08 30 00 06 19 27406.020   148.655 33792.223  31.17  12.27   62  510.6 3702.99773 N 00210.91380 W 12 2 0 1
2020 08 30 00 06 20 27406.098   148.690 33791.868  31.17  12.27   61  510.6 3702.99772 N 00210.91380 W 12 2 0 1
2020 08 30 00 06 21 27406.075   148.669 33792.297  31.17  12.27   62  510.5 3702.99771 N 00210.91380 W 12 2 0 1
2020 08 30 00 06 22 27406.096   148.702 33792.075  31.17  12.27   61  510.4 3702.99772 N 00210.91379 W 12 2 0 1
2020 08 30 00 06 23 27406.059   148.703 33792.012  31.17  12.27   62  510.2 3702.99771 N 00210.91379 W 12 2 0 1
2020 08 30 00 06 24 27406.084   148.672 33792.153  31.17  12.27   62  510.1 3702.99772 N 00210.91378 W 12 2 0 1
2020 08 30 00 06 25 27406.091   148.675 33792.620  31.17  12.27   62  510.0 3702.99773 N 00210.91376 W 12 2 0 1
2020 08 30 00 06 26 27406.075   148.686 33792.262  31.17  12.27   62  509.9 3702.99773 N 00210.91375 W 12 2 0 1
2020 08 30 00 06 27 27406.104   148.685 33792.161  31.17  12.27   61  509.9 3702.99771 N 00210.91373 W 12 2 0 1
2020 08 30 00 06 28 27406.121   148.713 33792.009  31.17  12.27   62  509.9 3702.99770 N 00210.91372 W 12 2 0 1
2020 08 30 00 06 29 27406.085   148.683 33792.219  31.17  12.27   61  509.9 3702.99768 N 00210.91373 W 12 2 0 1
2020 08 30 00 06 30 27406.102   148.693 33792.192  31.17  12.27   62  509.9 3702.99768 N 00210.91374 W 12 2 0 1
2020 08 30 00 06 31 27406.096   148.681 33792.153  31.17  12.27   61  510.0 3702.99768 N 00210.91376 W 12 2 0 1
2020 08 30 00 06 32 27406.124   148.693 33792.188  31.17  12.27   62  510.0 3702.99768 N 00210.91377 W 12 2 0 1
2020 08 30 00 06 33 27406.129   148.703 33792.258  31.17  12.27   61  510.0 3702.99768 N 00210.91378 W 12 2 0 1
2020 08 30 00 06 34 27406.120   148.723 33792.239  31.17  12.27   62  510.1 3702.99768 N 00210.91378 W 12 2 0 1
2020 08 30 00 06 35 27406.112   148.686 33792.235  31.17  12.27   62  510.0 3702.99770 N 00210.91379 W 12 2 0 1
2020 08 30 00 06 36 27406.104   148.676 33792.172  31.17  12.27   62  509.9 3702.99771 N 00210.91380 W 12 2 0 1
2020 08 30 00 06 37 27406.173   148.688 33792.332  31.17  12.27   62  509.9 3702.99770 N 00210.91381 W 12 2 0 1
2020 08 30 00 06 38 27406.106   148.688 33791.954  31.17  12.27   61  509.8 3702.99770 N 00210.91381 W 12 2 0 1
2020 08 30 00 06 39 27406.184   148.700 33792.399  31.17  12.27   62  509.8 3702.99769 N 00210.91381 W 12 2 0 1
2020 08 30 00 06 40 27406.141   148.667 33792.106  31.17  12.27   61  509.8 3702.99770 N 00210.91382 W 12 2 0 1
2020 08 30 00 06 41 27406.139   148.681 33792.176  31.17  12.27   62  509.8 3702.99771 N 00210.91382 W 12 2 0 1
2020 08 30 00 06 42 27406.092   148.683 33792.192  31.17  12.27   61  509.8 3702.99773 N 00210.91383 W 12 2 0 1
2020 08 30 00 06 43 27406.100   148.668 33792.165  31.17  12.27   62  509.8 3702.99775 N 00210.91382 W 12 2 0 1
2020 08 30 00 06 44 27406.147   148.682 33792.305  31.17  12.27   61  509.8 3702.99777 N 00210.91384 W 12 2 0 1
2020 08 30 00 06 45 27406.112   148.674 33792.200  31.17  12.27   63  509.8 3702.99778 N 00210.91382 W 12 2 0 1
2020 08 30 00 06 46 27406.133   148.671 33792.211  31.17  12.27   62  509.8 3702.99779 N 00210.91380 W 12 2 0 1
2020 08 30 00 06 47 27406.135   148.672 33792.250  31.17  12.27   61  509.7 3702.99780 N 00210.91378 W 12 2 0 1
2020 08 30 00 06 48 27406.129   148.678 33792.095  31.17  12.27   62  509.7 3702.99781 N 00210.91378 W 12 2 0 1
2020 08 30 00 06 49 27406.075   148.634 33792.348  31.17  12.27   61  509.7 3702.99781 N 00210.91377 W 12 2 0 1
2020 08 30 00 06 50 27406.121   148.679 33792.056  31.17  12.27   62  509.7 3702.99787 N 00210.91374 W 12 2 0 1
2020 08 30 00 06 51 27406.089   148.639 33792.254  31.17  12.27   61  509.7 3702.99791 N 00210.91377 W 12 2 0 1
2020 08 30 00 06 52 27406.096   148.651 33792.258  31.17  12.27   62  509.8 3702.99793 N 00210.91378 W 12 2 0 1
2020 08 30 00 06 53 27406.096   148.658 33792.044  31.17  12.27   61  509.7 3702.99793 N 00210.91378 W 12 2 0 1
2020 08 30 00 06 54 27406.137   148.680 33792.332  31.17  12.27   62  509.8 3702.99794 N 00210.91378 W 12 2 0 1
2020 08 30 00 06 55 27406.122   148.667 33792.305  31.17  12.27   62  509.8 3702.99798 N 00210.91376 W 12 2 0 1
2020 08 30 00 06 56 27406.118   148.644 33792.188  31.17  12.27   62  509.9 3702.99798 N 00210.91377 W 12 2 0 1
2020 08 30 00 06 57 27406.100   148.656 33791.810  31.17  12.27   62  509.8 3702.99797 N 00210.91377 W 12 2 0 1
2020 08 30 00 06 58 27406.083   148.634 33792.484  31.17  12.27   61  509.9 3702.99794 N 00210.91380 W 12 2 0 1
2020 08 30 00 06 59 27406.075   148.626 33792.578  31.17  12.27   62  510.0 3702.99791 N 00210.91382 W 12 2 0 1
2020 08 30 00 07 00 27406.051   148.636 33792.067  31.17  12.27   61  509.9 3702.99790 N 00210.91385 W 12 2 0 1
2020 08 30 00 07 01 27406.118   148.666 33792.087  31.17  12.27   62  509.9 3702.99788 N 00210.91386 W 12 2 0 1
2020 08 30 00 07 02 27406.104   148.642 33792.352  31.17  12.27   61  509.9 3702.99787 N 00210.91388 W 12 2 0 1
2020 08 30 00 07 03 27406.110   148.665 33792.227  31.17  12.27   62  509.8 3702.99786 N 00210.91388 W 12 2 0 1
2020 08 30 00 07 04 27406.116   148.666 33792.079  31.17  12.27   61  509.8 3702.99785 N 00210.91390 W 12 2 0 1
2020 08 30 00 07 05 27406.102   148.637 33792.231  31.17  12.27   62  509.8 3702.99783 N 00210.91392 W 12 2 0 1
2020 08 30 00 07 06 27406.065   148.627 33792.145  31.17  12.27   62  509.8 3702.99781 N 00210.91394 W 12 2 0 1
2020 08 30 00 07 07 27406.116   148.658 33792.332  31.17  12.27   62  509.7 3702.99780 N 00210.91394 W 12 2 0 1
2020 08 30 00 07 08 27406.083   148.653 33792.250  31.17  12.27   62  509.7 3702.99777 N 00210.91393 W 12 2 0 1
2020 08 30 00 07 09 27406.063   148.656 33792.079  31.17  12.27   61  509.7 3702.99776 N 00210.91394 W 12 2 0 1
2020 08 30 00 07 10 27406.044   148.623 33792.390  31.17  12.27   62  509.7 3702.99776 N 00210.91393 W 12 2 0 1
2020 08 30 00 07 11 27406.094   148.667 33792.133  31.17  12.27   61  509.7 3702.99776 N 00210.91390 W 12 2 0 1
2020 08 30 00 07 12 27406.048   148.640 33792.297  31.17  12.27   62  509.7 3702.99775 N 00210.91388 W 12 2 0 1
2020 08 30 00 07 13 27406.079   148.659 33792.083  31.17  12.27   61  509.8 3702.99775 N 00210.91386 W 12 2 0 1
2020 08 30 00 07 14 27406.108   148.653 33792.102  31.17  12.27   62  510.0 3702.99773 N 00210.91384 W 12 2 0 1
2020 08 30 00 07 15 27406.118   148.646 33792.398  31.17  12.27   61  510.1 3702.99772 N 00210.91382 W 12 2 0 1
2020 08 30 00 07 16 27406.081   148.638 33792.301  31.17  12.27   63  510.2 3702.99773 N 00210.91380 W 12 2 0 1
2020 08 30 00 07 17 27406.036   148.615 33792.153  31.17  12.27   62  510.3 3702.99774 N 00210.91378 W 12 2 0 1
2020 08 30 00 07 18 27406.061   148.632 33792.293  31.17  12.27   62  510.4 3702.99774 N 00210.91378 W 12 2 0 1
2020 08 30 00 07 19 27406.087   148.629 33792.293  31.17  12.27   62  510.4 3702.99774 N 00210.91376 W 12 2 0 1
2020 08 30 00 07 20 27406.112   148.658 33792.024  31.17  12.27   61  510.5 3702.99776 N 00210.91378 W 12 2 0 1
2020 08 30 00 07 21 27406.071   148.640 33792.367  31.17  12.27   62  510.5 3702.99776 N 00210.91379 W 12 2 0 1
2020 08 30 00 07 22 27406.108   148.661 33792.243  31.17  12.27   61  510.5 3702.99775 N 00210.91380 W 12 2 0 1
2020 08 30 00 07 23 27406.073   148.645 33792.188  31.17  12.27   62  510.5 3702.99775 N 00210.91383 W 12 2 0 1
2020 08 30 00 07 24 27406.088   148.641 33792.141  31.17  12.27   61  510.4 3702.99774 N 00210.91384 W 12 2 0 1
2020 08 30 00 07 25 27406.093   148.634 33792.461  31.17  12.27   62  510.4 3702.99775 N 00210.91385 W 12 2 0 1
2020 08 30 00 07 26 27406.067   148.642 33792.180  31.17  12.27   62  510.4 3702.99777 N 00210.91386 W 12 2 0 1
2020 08 30 00 07 27 27406.098   148.668 33792.348  31.17  12.27   62  510.4 3702.99776 N 00210.91389 W 12 2 0 1
2020 08 30 00 07 28 27406.065   148.629 33792.016  31.17  12.27   62  510.3 3702.99774 N 00210.91392 W 12 2 0 1
2020 08 30 00 07 29 27406.122   148.641 33792.227  31.17  12.27   61  510.4 3702.99772 N 00210.91394 W 12 2 0 1
2020 08 30 00 07 30 27406.071   148.613 33792.328  31.17  12.27   62  510.3 3702.99772 N 00210.91395 W 12 2 0 1
2020 08 30 00 07 31 27406.116   148.647 33792.110  31.17  12.27   61  510.3 3702.99772 N 00210.91393 W 12 2 0 1
2020 08 30 00 07 32 27406.165   148.650 33792.309  31.17  12.27   62  510.3 3702.99770 N 00210.91392 W 12 2 0 1
2020 08 30 00 07 33 27406.112   148.669 33792.056  31.17  12.27   61  510.3 3702.99770 N 00210.91387 W 12 2 0 1
2020 08 30 00 07 34 27406.151   148.663 33792.289  31.17  12.27   62  510.3 3702.99766 N 00210.91385 W 12 2 0 1
2020 08 30 00 07 35 27406.141   148.663 33792.208  31.17  12.27   61  510.2 3702.99762 N 00210.91383 W 12 2 0 1
2020 08 30 00 07 36 27406.127   148.635 33792.200  31.17  12.27   62  510.2 3702.99760 N 00210.91383 W 12 2 0 1
2020 08 30 00 07 37 27406.157   148.648 33792.387  31.17  12.27   62  510.1 3702.99759 N 00210.91383 W 12 2 0 1
2020 08 30 00 07 38 27406.123   148.656 33792.122  31.17  12.27   62  510.1 3702.99758 N 00210.91382 W 12 2 0 1
2020 08 30 00 07 39 27406.102   148.640 33792.169  31.17  12.27   62  510.1 3702.99758 N 00210.91381 W 12 2 0 1
2020 08 30 00 07 40 27406.100   148.622 33792.406  31.17  12.27   61  510.1 3702.99758 N 00210.91380 W 12 2 0 1
2020 08 30 00 07 41 27406.098   148.640 33792.180  31.17  12.27   62  510.1 3702.99759 N 00210.91380 W 12 2 0 1
2020 08 30 00 07 42 27406.100   148.636 33792.020  31.17  12.27   61  510.1 3702.99760 N 00210.91378 W 12 2 0 1
2020 08 30 00 07 43 27406.102   148.619 33792.398  31.17  12.27   62  510.1 3702.99759 N 00210.91375 W 12 2 0 1
2020 08 30 00 07 44 27406.092   148.625 33792.172  31.17  12.27   61  510.0 3702.99760 N 00210.91372 W 12 2 0 1
2020 08 30 00 07 45 27406.100   148.629 33792.126  31.17  12.27   62  510.0 3702.99762 N 00210.91370 W 12 2 0 1
2020 08 30 00 07 46 27406.143   148.630 33792.231  31.17  12.27   61  510.0 3702.99762 N 00210.91368 W 12 2 0 1
2020 08 30 00 07 47 27406.130   148.633 33792.410  31.17  12.27   62  510.1 3702.99763 N 00210.91368 W 12 2 0 1
2020 08 30 00 07 48 27406.114   148.627 33792.052  31.17  12.27   62  510.1 3702.99764 N 00210.91369 W 12 2 0 1
2020 08 30 00 07 49 27406.139   148.627 33792.258  31.17  12.27   62  510.1 3702.99766 N 00210.91369 W 12 2 0 1
2020 08 30 00 07 50 27406.088   148.642 33791.981  31.17  12.27   62  510.1 3702.99768 N 00210.91371 W 12 2 0 1
2020 08 30 00 07 51 27406.135   148.643 33792.332  31.17  12.27   61  510.1 3702.99769 N 00210.91372 W 12 2 0 1
2020 08 30 00 07 52 27406.116   148.647 33792.270  31.17  12.27   62  510.1 3702.99770 N 00210.91373 W 12 2 0 1
2020 08 30 00 07 53 27406.122   148.678 33792.208  31.17  12.27   61  510.0 3702.99771 N 00210.91372 W 12 2 0 1
2020 08 30 00 07 54 27406.102   148.666 33792.258  31.17  12.27   62  509.9 3702.99771 N 00210.91372 W 12 2 0 1
2020 08 30 00 07 55 27406.063   148.645 33792.223  31.17  12.27   61  509.9 3702.99772 N 00210.91372 W 12 2 0 1
2020 08 30 00 07 56 27406.119   148.669 33792.005  31.17  12.27   62  509.9 3702.99773 N 00210.91373 W 12 2 0 1
2020 08 30 00 07 57 27406.081   148.659 33792.301  31.17  12.27   61  509.9 3702.99773 N 00210.91376 W 12 2 0 1
2020 08 30 00 07 58 27406.095   148.641 33792.348  31.17  12.27   62  509.9 3702.99773 N 00210.91378 W 12 2 0 1
2020 08 30 00 07 59 27406.100   148.643 33792.204  31.17  12.27   62  509.9 3702.99772 N 00210.91381 W 12 2 0 1
2020 08 30 00 08 00 27406.069   148.638 33792.083  31.17  12.27   62  509.9 3702.99772 N 00210.91383 W 12 2 0 1
2020 08 30 00 08 01 27406.079   148.640 33792.344  31.17  12.27   62  509.9 3702.99773 N 00210.91384 W 12 2 0 1
2020 08 30 00 08 02 27406.083   148.641 33792.227  31.17  12.27   61  509.9 3702.99773 N 00210.91384 W 12 2 0 1
2020 08 30 00 08 03 27406.081   148.639 33792.168  31.17  12.27   62  510.0 3702.99773 N 00210.91386 W 12 2 0 1
2020 08 30 00 08 04 27406.057   148.651 33792.157  31.17  12.27   61  510.0 3702.99773 N 00210.91388 W 12 2 0 1
2020 08 30 00 08 05 27406.071   148.636 33792.324  31.17  12.27   63  510.0 3702.99774 N 00210.91390 W 12 2 0 1
2020 08 30 00 08 06 27406.121   148.650 33792.083  31.17  12.27   62  510.0 3702.99775 N 00210.91394 W 12 2 0 1
2020 08 30 00 08 07 27406.106   148.655 33792.095  31.17  12.27   63  510.0 3702.99776 N 00210.91396 W 12 2 0 1
2020 08 30 00 08 08 27406.104   148.658 33792.172  31.17  12.27   62  510.0 3702.99777 N 00210.91398 W 12 2 0 1
2020 08 30 00 08 09 27406.133   148.667 33792.282  31.17  12.27   62  510.1 3702.99779 N 00210.91400 W 12 2 0 1
2020 08 30 00 08 10 27406.069   148.639 33792.246  31.17  12.27   62  510.1 3702.99779 N 00210.91401 W 12 2 0 1
2020 08 30 00 08 11 27406.124   148.645 33792.223  31.17  12.27   61  510.1 3702.99779 N 00210.91399 W 12 2 0 1
2020 08 30 00 08 12 27406.110   148.631 33792.219  31.17  12.27   62  510.1 3702.99779 N 00210.91400 W 12 2 0 1
2020 08 30 00 08 13 27406.120   148.643 33792.204  31.17  12.27   61  510.1 3702.99778 N 00210.91401 W 12 2 0 1
2020 08 30 00 08 14 27406.122   148.663 33792.176  31.17  12.27   62  510.0 3702.99778 N 00210.91404 W 12 2 0 1
2020 08 30 00 08 15 27406.102   148.639 33792.258  31.17  12.27   61  510.0 3702.99779 N 00210.91406 W 12 2 0 1
2020 08 30 00 08 16 27406.112   148.649 33792.250  31.17  12.27   62  509.9 3702.99780 N 00210.91406 W 12 2 0 1
2020 08 30 00 08 17 27406.112   148.647 33792.211  31.17  12.27   61  509.9 3702.99783 N 00210.91406 W 12 2 0 1
2020 08 30 00 08 18 27406.122   148.650 33792.375  31.17  12.27   62  509.9 3702.99783 N 00210.91406 W 12 2 0 1
2020 08 30 00 08 19 27406.114   148.660 33792.118  31.17  12.27   62  510.0 3702.99785 N 00210.91404 W 12 2 0 1
2020 08 30 00 08 20 27406.114   148.652 33792.285  31.17  12.27   62  510.0 3702.99788 N 00210.91403 W 12 2 0 1
2020 08 30 00 08 21 27406.137   148.672 33792.161  31.17  12.27   62  510.0 3702.99789 N 00210.91403 W 12 2 0 1
2020 08 30 00 08 22 27406.118   148.646 33792.176  31.17  12.27   61  509.9 3702.99788 N 00210.91402 W 12 2 0 1
2020 08 30 00 08 23 27406.120   148.648 33792.130  31.17  12.27   62  509.8 3702.99788 N 00210.91402 W 12 2 0 1
2020 08 30 00 08 24 27406.100   148.632 33792.278  31.17  12.27   61  509.7 3702.99788 N 00210.91401 W 12 2 0 1
2020 08 30 00 08 25 27406.163   148.637 33792.313  31.17  12.27   62  509.7 3702.99789 N 00210.91400 W 12 2 0 1
2020 08 30 00 08 26 27406.086   148.599 33792.098  31.17  12.27   61  509.7 3702.99790 N 00210.91397 W 12 2 0 1
2020 08 30 00 08 27 27406.112   148.613 33792.266  31.17  12.27   62  509.6 3702.99792 N 00210.91395 W 12 2 0 1
2020 08 30 00 08 28 27406.120   148.616 33792.262  31.17  12.27   61  509.6 3702.99792 N 00210.91395 W 12 2 0 1
2020 08 30 00 08 29 27406.170   148.643 33792.036  31.17  12.27   62  509.6 3702.99792 N 00210.91395 W 12 2 0 1
2020 08 30 00 08 30 27406.192   148.648 33792.368  31.17  12.27   62  509.6 3702.99792 N 00210.91395 W 12 2 0 1
2020 08 30 00 08 31 27406.192   148.634 33792.149  31.17  12.27   62  509.7 3702.99793 N 00210.91395 W 12 2 0 1
2020 08 30 00 08 32 27406.127   148.608 33792.215  31.17  12.27   62  509.7 3702.99796 N 00210.91393 W 12 2 0 1
2020 08 30 00 08 33 27406.153   148.609 33792.266  31.17  12.27   61  509.7 3702.99796 N 00210.91391 W 12 2 0 1
2020 08 30 00 08 34 27406.127   148.601 33792.137  31.17  12.27   62  509.7 3702.99795 N 00210.91390 W 12 2 0 1
2020 08 30 00 08 35 27406.182   148.603 33792.395  31.17  12.27   61  509.6 3702.99794 N 00210.91389 W 12 2 0 1
2020 08 30 00 08 36 27406.137   148.593 33792.060  31.17  12.27   62  509.5 3702.99792 N 00210.91388 W 12 2 0 1
2020 08 30 00 08 37 27406.192   148.609 33792.344  31.17  12.27   61  509.5 3702.99791 N 00210.91387 W 12 2 0 1
2020 08 30 00 08 38 27406.147   148.621 33792.138  31.17  12.27   62  509.4 3702.99790 N 00210.91385 W 12 2 0 1
2020 08 30 00 08 39 27406.221   148.634 33792.372  31.17  12.27   61  509.3 3702.99789 N 00210.91381 W 12 2 0 1
2020 08 30 00 08 40 27406.172   148.583 33792.153  31.17  12.27   62  509.3 3702.99787 N 00210.91380 W 12 2 0 1
2020 08 30 00 08 41 27406.221   148.620 33792.251  31.17  12.27   62  509.2 3702.99783 N 00210.91377 W 12 2 0 1
2020 08 30 00 08 42 27406.200   148.615 33792.216  31.17  12.27   61  509.1 3702.99780 N 00210.91374 W 12 2 0 1
2020 08 30 00 08 43 27406.219   148.622 33792.095  31.17  12.27   62  509.0 3702.99777 N 00210.91371 W 12 2 0 1
2020 08 30 00 08 44 27406.169   148.585 33792.336  31.17  12.27   61  508.9 3702.99777 N 00210.91368 W 12 2 0 1
2020 08 30 00 08 45 27406.204   148.614 33792.309  31.17  12.27   62  508.9 3702.99778 N 00210.91366 W 12 2 0 1
2020 08 30 00 08 46 27406.172   148.594 33792.157  31.17  12.27   61  508.9 3702.99778 N 00210.91364 W 12 2 0 1
2020 08 30 00 08 47 27406.227   148.603 33792.457  31.17  12.27   62  508.8 3702.99778 N 00210.91362 W 12 2 0 1
2020 08 30 00 08 48 27406.174   148.617 33792.177  31.17  12.27   61  508.7 3702.99776 N 00210.91359 W 12 2 0 1
2020 08 30 00 08 49 27406.166   148.586 33792.180  31.17  12.27   62  508.7 3702.99774 N 00210.91356 W 12 2 0 1
2020 08 30 00 08 50 27406.180   148.590 33792.243  31.17  12.27   62  508.6 3702.99774 N 00210.91355 W 12 2 0 1
2020 08 30 00 08 51 27406.188   148.601 33792.251  31.17  12.27   62  508.5 3702.99773 N 00210.91354 W 12 2 0 1
2020 08 30 00 08 52 27406.163   148.584 33792.290  31.17  12.27   62  508.5 3702.99774 N 00210.91351 W 12 2 0 1
2020 08 30 00 08 53 27406.149   148.570 33792.219  31.17  12.27   61  508.5 3702.99774 N 00210.91349 W 12 2 0 1
2020 08 30 00 08 54 27406.143   148.581 33792.344  31.17  12.27   62  508.5 3702.99774 N 00210.91346 W 12 2 0 1
2020 08 30 00 08 55 27406.135   148.592 33792.332  31.17  12.27   61  508.6 3702.99773 N 00210.91345 W 12 2 0 1
2020 08 30 00 08 56 27406.124   148.580 33792.208  31.17  12.27   62  508.7 3702.99774 N 00210.91346 W 12 2 0 1
2020 08 30 00 08 57 27406.128   148.559 33792.282  31.17  12.27   61  508.7 3702.99774 N 00210.91346 W 12 2 0 1
2020 08 30 00 08 58 27406.128   148.571 33792.250  31.17  12.27   62  508.8 3702.99772 N 00210.91346 W 12 2 0 1
2020 08 30 00 08 59 27406.178   148.567 33792.247  31.17  12.27   61  508.8 3702.99770 N 00210.91345 W 12 2 0 1
2020 08 30 00 09 00 27406.145   148.563 33792.208  31.17  12.27   62  509.0 3702.99768 N 00210.91344 W 12 2 0 1
2020 08 30 00 09 01 27406.102   148.541 33792.309  31.17  12.27   62  509.0 3702.99770 N 00210.91343 W 12 2 0 1
2020 08 30 00 09 02 27406.126   148.554 33792.258  31.17  12.27   62  509.1 3702.99772 N 00210.91341 W 12 2 0 1
2020 08 30 00 09 03 27406.172   148.577 33792.286  31.17  12.27   62  509.2 3702.99775 N 00210.91342 W 12 2 0 1
2020 08 30 00 09 04 27406.149   148.555 33792.254  31.17  12.27   61  509.3 3702.99779 N 00210.91343 W 12 2 0 1
2020 08 30 00 09 05 27406.165   148.552 33792.258  31.17  12.27   62  509.4 3702.99781 N 00210.91344 W 12 2 0 1
2020 08 30 00 09 06 27406.120   148.529 33792.340  31.17  12.27   61  509.4 3702.99783 N 00210.91343 W 12 2 0 1
2020 08 30 00 09 07 27406.178   148.538 33792.297  31.17  12.27   62  509.6 3702.99783 N 00210.91344 W 12 2 0 1
2020 08 30 00 09 08 27406.104   148.499 33792.091  31.17  12.27   61  509.7 3702.99785 N 00210.91346 W 12 2 0 1
2020 08 30 00 09 09 27406.161   148.520 33792.356  31.17  12.27   62  509.7 3702.99786 N 00210.91346 W 12 2 0 1
2020 08 30 00 09 10 27406.141   148.518 33792.239  31.17  12.27   61  509.8 3702.99788 N 00210.91347 W 12 2 0 1
2020 08 30 00 09 11 27406.167   148.534 33792.360  31.17  12.27   62  509.8 3702.99790 N 00210.91347 W 12 2 0 1
2020 08 30 00 09 12 27406.135   148.529 33792.336  31.17  12.27   62  509.7 3702.99792 N 00210.91348 W 12 2 0 1
2020 08 30 00 09 13 27406.188   148.527 33792.188  31.17  12.27   62  509.7 3702.99793 N 00210.91348 W 12 2 0 1
2020 08 30 00 09 14 27406.147   148.515 33792.091  31.17  12.27   62  509.5 3702.99794 N 00210.91349 W 12 2 0 1
2020 08 30 00 09 15 27406.167   148.497 33792.477  31.17  12.27   61  509.3 3702.99796 N 00210.91349 W 12 2 0 1
2020 08 30 00 09 16 27406.176   148.494 33792.220  31.17  12.27   62  509.2 3702.99796 N 00210.91348 W 12 2 0 1
2020 08 30 00 09 17 27406.169   148.467 33792.368  31.17  12.27   61  509.0 3702.99797 N 00210.91348 W 12 2 0 1
2020 08 30 00 09 18 27406.269   148.595 33790.720  31.17  12.27   62  508.9 3702.99798 N 00210.91347 W 12 2 0 1
2020 08 30 00 09 19 27406.158   148.448 33792.968  31.17  12.27   61  508.9 3702.99798 N 00210.91347 W 12 2 0 1
2020 08 30 00 09 20 27406.177   148.448 33792.796  31.17  12.27   62  508.9 3702.99801 N 00210.91348 W 12 2 0 1
2020 08 30 00 09 21 27406.231   148.474 33792.477  31.17  12.27   62  508.9 3702.99804 N 00210.91349 W 12 2 0 1
2020 08 30 00 09 22 27406.167   148.461 33792.309  31.17  12.27   62  508.8 3702.99806 N 00210.91351 W 12 2 0 1
2020 08 30 00 09 23 27406.165   148.442 33792.430  31.17  12.27   62  508.8 3702.99806 N 00210.91355 W 12 2 0 1
2020 08 30 00 09 24 27406.174   148.453 33792.352  31.17  12.27   62  508.8 3702.99806 N 00210.91356 W 12 2 0 1
2020 08 30 00 09 25 27406.153   148.434 33792.375  31.17  12.27   62  508.9 3702.99805 N 00210.91357 W 12 2 0 1
2020 08 30 00 09 26 27406.168   148.442 33792.181  31.17  12.27   61  508.9 3702.99804 N 00210.91358 W 12 2 0 1
2020 08 30 00 09 27 27406.206   148.449 33792.473  31.17  12.27   62  508.9 3702.99803 N 00210.91361 W 12 2 0 1
2020 08 30 00 09 28 27406.200   148.437 33792.321  31.17  12.27   61  509.0 3702.99802 N 00210.91362 W 12 2 0 1
2020 08 30 00 09 29 27406.176   148.415 33792.259  31.17  12.27   62  508.9 3702.99802 N 00210.91362 W 12 2 0 1
2020 08 30 00 09 30 27406.225   148.415 33792.267  31.17  12.27   61  509.0 3702.99802 N 00210.91363 W 12 2 0 1
2020 08 30 00 09 31 27406.239   148.379 33792.528  31.17  12.27   62  509.0 3702.99803 N 00210.91364 W 12 2 0 1
2020 08 30 00 09 32 27406.243   148.434 33792.228  31.17  12.27   61  509.0 3702.99804 N 00210.91364 W 12 2 0 1
2020 08 30 00 09 33 27406.231   148.399 33792.317  31.17  12.27   62  509.0 3702.99804 N 00210.91366 W 12 2 0 1
2020 08 30 00 09 34 27406.206   148.390 33792.317  31.17  12.27   62  508.9 3702.99806 N 00210.91367 W 12 2 0 1
2020 08 30 00 09 35 27406.264   148.390 33792.415  31.17  12.27   61  508.9 3702.99809 N 00210.91367 W 12 2 0 1
2020 08 30 00 09 36 27406.257   148.377 33792.489  31.17  12.27   62  508.9 3702.99809 N 00210.91368 W 12 2 0 1
2020 08 30 00 09 37 27406.276   148.391 33792.150  31.17  12.27   61  508.8 3702.99810 N 00210.91370 W 12 2 0 1
2020 08 30 00 09 38 27406.263   148.374 33792.528  31.17  12.27   62  508.7 3702.99811 N 00210.91371 W 12 2 0 1
2020 08 30 00 09 39 27406.276   148.383 33792.259  31.17  12.27   61  508.6 3702.99812 N 00210.91372 W 12 2 0 1
2020 08 30 00 09 40 27406.248   148.362 33792.247  31.17  12.27   62  508.6 3702.99812 N 00210.91373 W 12 2 0 1
2020 08 30 00 09 41 27406.222   148.350 33792.528  31.17  12.27   61  508.5 3702.99812 N 00210.91373 W 12 2 0 1
2020 08 30 00 09 42 27406.282   148.361 33792.368  31.17  12.27   62  508.4 3702.99811 N 00210.91374 W 12 2 0 1
2020 08 30 00 09 43 27406.241   148.341 33792.352  31.17  12.27   62  508.4 3702.99812 N 00210.91375 W 12 2 0 1
2020 08 30 00 09 44 27406.248   148.355 33792.259  31.17  12.27   62  508.3 3702.99812 N 00210.91378 W 12 2 0 1
2020 08 30 00 09 45 27406.233   148.334 33792.504  31.17  12.27   62  508.3 3702.99813 N 00210.91380 W 12 2 0 1
2020 08 30 00 09 46 27406.253   148.337 33792.380  31.17  12.27   61  508.3 3702.99813 N 00210.91381 W 12 2 0 1
2020 08 30 00 09 47 27406.262   148.348 33792.313  31.17  12.27   62  508.2 3702.99813 N 00210.91383 W 12 2 0 1
2020 08 30 00 09 48 27406.260   148.357 33792.310  31.17  12.27   61  508.3 3702.99812 N 00210.91384 W 12 2 0 1
2020 08 30 00 09 49 27406.200   148.324 33792.481  31.17  12.27   62  508.3 3702.99812 N 00210.91384 W 12 2 0 1
2020 08 30 00 09 50 27406.290   148.363 33792.427  31.17  12.27   62  508.3 3702.99812 N 00210.91382 W 12 2 0 1
2020 08 30 00 09 51 27406.248   148.360 33792.177  31.17  12.27   62  508.3 3702.99810 N 00210.91382 W 12 2 0 1
2020 08 30 00 09 52 27406.272   148.341 33792.590  31.17  12.27   61  508.3 3702.99806 N 00210.91382 W 12 2 0 1
2020 08 30 00 09 53 27406.217   148.335 33792.415  31.17  12.27   62  508.3 3702.99804 N 00210.91383 W 12 2 0 1
2020 08 30 00 09 54 27406.274   148.352 33792.539  31.17  12.27   62  508.4 3702.99801 N 00210.91384 W 12 2 0 1
2020 08 30 00 09 55 27406.285   148.347 33792.181  31.17  12.27   62  508.4 3702.99799 N 00210.91385 W 12 2 0 1
2020 08 30 00 09 56 27406.319   148.354 33792.392  31.17  12.27   62  508.3 3702.99797 N 00210.91385 W 12 2 0 1
2020 08 30 00 09 57 27406.229   148.326 33792.368  31.17  12.27   61  508.3 3702.99793 N 00210.91384 W 12 2 0 1
2020 08 30 00 09 58 27406.276   148.347 33792.263  31.17  12.27   62  508.4 3702.99792 N 00210.91384 W 12 2 0 1
2020 08 30 00 09 59 27406.346   148.374 33792.228  31.17  12.27   61  508.5 3702.99792 N 00210.91385 W 12 2 0 1
2020 08 30 00 10 00 27406.245   148.320 33792.567  31.17  12.27   62  508.6 3702.99790 N 00210.91386 W 12 2 0 1
2020 08 30 00 10 01 27406.231   148.310 33792.161  31.17  12.27   61  508.6 3702.99790 N 00210.91388 W 12 2 0 1
2020 08 30 00 10 02 27406.270   148.329 33792.458  31.17  12.27   62  508.7 3702.99791 N 00210.91391 W 12 2 0 1
2020 08 30 00 10 03 27406.220   148.293 33792.691  31.17  12.27   61  508.8 3702.99790 N 00210.91392 W 12 2 0 1
2020 08 30 00 10 04 27406.244   148.320 33792.091  31.17  12.27   62  508.8 3702.99788 N 00210.91393 W 12 2 0 1
2020 08 30 00 10 05 27406.243   148.312 33792.571  31.17  12.27   62  508.9 3702.99788 N 00210.91394 W 12 2 0 1
2020 08 30 00 10 06 27406.223   148.307 33792.220  31.17  12.27   61  508.8 3702.99786 N 00210.91391 W 12 2 0 1
2020 08 30 00 10 07 27406.266   148.317 33792.286  31.17  12.27   62  508.9 3702.99784 N 00210.91388 W 12 2 0 1
2020 08 30 00 10 08 27406.253   148.306 33792.446  31.17  12.27   61  508.9 3702.99782 N 00210.91387 W 12 2 0 1
2020 08 30 00 10 09 27406.255   148.301 33792.539  31.17  12.27   62  508.9 3702.99780 N 00210.91384 W 12 2 0 1
2020 08 30 00 10 10 27406.291   148.326 33792.310  31.17  12.27   61  508.9 3702.99780 N 00210.91382 W 12 2 0 1
2020 08 30 00 10 11 27406.285   148.321 33792.224  31.17  12.27   62  509.0 3702.99781 N 00210.91380 W 12 2 0 1
2020 08 30 00 10 12 27406.261   148.276 33792.707  31.17  12.27   61  509.0 3702.99782 N 00210.91378 W 12 2 0 1
2020 08 30 00 10 13 27406.288   148.291 33792.450  31.17  12.27   62  509.0 3702.99783 N 00210.91377 W 12 2 0 1
2020 08 30 00 10 14 27406.293   148.299 33792.364  31.17  12.27   62  509.1 3702.99784 N 00210.91376 W 12 2 0 1
2020 08 30 00 10 15 27406.311   148.294 33792.209  31.17  12.27   62  509.2 3702.99784 N 00210.91374 W 12 2 0 1
2020 08 30 00 10 16 27406.290   148.254 33792.575  31.17  12.27   62  509.3 3702.99782 N 00210.91370 W 12 2 0 1
2020 08 30 00 10 17 27406.305   148.262 33792.380  31.17  12.27   61  509.4 3702.99780 N 00210.91367 W 12 2 0 1
2020 08 30 00 10 18 27406.309   148.276 33792.271  31.17  12.27   62  509.4 3702.99781 N 00210.91364 W 12 2 0 1
2020 08 30 00 10 19 27406.247   148.250 33792.649  31.17  12.27   61  509.5 3702.99779 N 00210.91363 W 12 2 0 1
2020 08 30 00 10 20 27406.268   148.256 33792.434  31.17  12.27   62  509.5 3702.99779 N 00210.91360 W 12 2 0 1
2020 08 30 00 10 21 27406.287   148.269 33792.224  31.17  12.27   61  509.5 3702.99778 N 00210.91359 W 12 2 0 1
2020 08 30 00 10 22 27406.327   148.270 33792.516  31.17  12.27   62  509.5 3702.99779 N 00210.91356 W 12 2 0 1
2020 08 30 00 10 23 27406.288   148.248 33792.310  31.17  12.27   61  509.6 3702.99781 N 00210.91355 W 12 2 0 1
2020 08 30 00 10 24 27406.333   148.261 33792.435  31.17  12.27   62  509.5 3702.99782 N 00210.91353 W 12 2 0 1
2020 08 30 00 10 25 27406.288   148.252 33792.633  31.17  12.27   62  509.5 3702.99784 N 00210.91351 W 12 2 0 1
2020 08 30 00 10 26 27406.298   148.247 33792.473  31.17  12.27   62  509.5 3702.99784 N 00210.91350 W 12 2 0 1
2020 08 30 00 10 27 27406.282   148.236 33792.368  31.17  12.27   62  509.6 3702.99784 N 00210.91349 W 12 2 0 1
2020 08 30 00 10 28 27406.325   148.257 33792.532  31.17  12.27   61  509.6 3702.99784 N 00210.91349 W 12 2 0 1
2020 08 30 00 10 29 27406.299   148.249 33792.002  31.17  12.27   62  509.6 3702.99783 N 00210.91349 W 12 2 0 1
2020 08 30 00 10 30 27406.305   148.241 33792.388  31.17  12.27   61  509.6 3702.99780 N 00210.91349 W 12 2 0 1
2020 08 30 00 10 31 27406.257   148.202 33792.769  31.17  12.27   62  509.7 3702.99780 N 00210.91350 W 12 2 0 1
2020 08 30 00 10 32 27406.327   148.249 33792.314  31.17  12.27   61  509.8 3702.99781 N 00210.91349 W 12 2 0 1
2020 08 30 00 10 33 27406.280   148.234 33792.403  31.17  12.27   62  509.8 3702.99783 N 00210.91347 W 12 2 0 1
2020 08 30 00 10 34 27406.295   148.255 33792.321  31.17  12.27   61  509.7 3702.99783 N 00210.91345 W 12 2 0 1
2020 08 30 00 10 35 27406.323   148.239 33792.633  31.17  12.27   62  509.7 3702.99784 N 00210.91344 W 12 2 0 1
2020 08 30 00 10 36 27406.321   148.222 33792.442  31.17  12.27   62  509.6 3702.99784 N 00210.91340 W 12 2 0 1
2020 08 30 00 10 37 27406.327   148.251 33792.380  31.17  12.27   61  509.5 3702.99785 N 00210.91339 W 12 2 0 1
2020 08 30 00 10 38 27406.261   148.217 33792.703  31.17  12.27   62  509.4 3702.99786 N 00210.91339 W 12 2 0 1
2020 08 30 00 10 39 27406.292   148.238 33792.380  31.17  12.27   61  509.4 3702.99787 N 00210.91339 W 12 2 0 1
2020 08 30 00 10 40 27406.269   148.209 33792.625  31.17  12.27   62  509.4 3702.99787 N 00210.91340 W 12 2 0 1
2020 08 30 00 10 41 27406.295   148.248 33792.283  31.17  12.27   61  509.4 3702.99788 N 00210.91339 W 12 2 0 1
2020 08 30 00 10 42 27406.260   148.228 33792.430  31.17  12.27   62  509.4 3702.99789 N 00210.91337 W 12 2 0 1
2020 08 30 00 10 43 27406.280   148.240 33792.442  31.17  12.27   61  509.4 3702.99790 N 00210.91336 W 12 2 0 1
2020 08 30 00 10 44 27406.300   148.241 33792.512  31.17  12.27   63  509.5 3702.99792 N 00210.91335 W 12 2 0 1
2020 08 30 00 10 45 27406.329   148.255 33792.657  31.17  12.27   62  509.5 3702.99794 N 00210.91335 W 12 2 0 1
2020 08 30 00 10 46 27406.309   148.260 33792.392  31.17  12.27   62  509.5 3702.99796 N 00210.91336 W 12 2 0 1
2020 08 30 00 10 47 27406.321   148.237 33792.497  31.17  12.27   62  509.4 3702.99798 N 00210.91337 W 12 2 0 1
2020 08 30 00 10 48 27406.282   148.227 33792.528  31.17  12.27   61  509.4 3702.99798 N 00210.91339 W 12 2 0 1
2020 08 30 00 10 49 27406.336   148.260 33792.415  31.17  12.27   62  509.4 3702.99799 N 00210.91340 W 12 2 0 1
2020 08 30 00 10 50 27406.313   148.266 33792.431  31.17  12.27   61  509.4 3702.99799 N 00210.91341 W 12 2 0 1
2020 08 30 00 10 51 27406.307   148.274 33792.411  31.17  12.27   62  509.3 3702.99800 N 00210.91342 W 12 2 0 1
2020 08 30 00 10 52 27406.309   148.272 33792.458  31.17  12.27   61  509.3 3702.99799 N 00210.91342 W 12 2 0 1
2020 08 30 00 10 53 27406.288   148.270 33792.462  31.17  12.27   62  509.2 3702.99799 N 00210.91343 W 12 2 0 1
2020 08 30 00 10 54 27406.284   148.283 33792.543  31.17  12.27   61  509.1 3702.99800 N 00210.91344 W 12 2 0 1
2020 08 30 00 10 55 27406.311   148.301 33792.423  31.17  12.27   62  509.0 3702.99800 N 00210.91346 W 12 2 0 1
2020 08 30 00 10 56 27406.305   148.286 33792.423  31.17  12.27   62  508.9 3702.99800 N 00210.91348 W 12 2 0 1
2020 08 30 00 10 57 27406.294   148.272 33792.485  31.17  12.27   62  508.8 3702.99799 N 00210.91349 W 12 2 0 1
2020 08 30 00 10 58 27406.317   148.296 33792.427  31.17  12.27   62  508.8 3702.99799 N 00210.91350 W 12 2 0 1
2020 08 30 00 10 59 27406.294   148.280 33792.466  31.17  12.27   61  508.8 3702.99798 N 00210.91350 W 12 2 0 1
2020 08 30 00 11 00 27406.354   148.307 33792.509  31.17  12.27   62  508.8 3702.99796 N 00210.91351 W 12 2 0 1
2020 08 30 00 11 01 27406.282   148.285 33792.442  31.17  12.27   61  508.8 3702.99795 N 00210.91350 W 12 2 0 1
2020 08 30 00 11 02 27406.319   148.308 33792.458  31.17  12.27   62  508.9 3702.99794 N 00210.91348 W 12 2 0 1
2020 08 30 00 11 03 27406.311   148.301 33792.450  31.17  12.27   61  508.9 3702.99793 N 00210.91347 W 12 2 0 1
2020 08 30 00 11 04 27406.280   148.283 33792.512  31.17  12.27   62  508.8 3702.99794 N 00210.91347 W 12 2 0 1
2020 08 30 00 11 05 27406.286   148.296 33792.423  31.17  12.27   61  508.8 3702.99794 N 00210.91346 W 12 2 0 1
2020 08 30 00 11 06 27406.302   148.301 33792.641  31.17  12.27   62  508.7 3702.99796 N 00210.91344 W 12 2 0 1
2020 08 30 00 11 07 27406.291   148.296 33792.360  31.17  12.27   61  508.7 3702.99798 N 00210.91342 W 12 2 0 1
2020 08 30 00 11 08 27406.305   148.305 33792.376  31.17  12.27   62  508.7 3702.99800 N 00210.91340 W 12 2 0 1
2020 08 30 00 11 09 27406.317   148.286 33792.497  31.17  12.27   62  508.6 3702.99802 N 00210.91338 W 12 2 0 1
2020 08 30 00 11 10 27406.325   148.297 33792.536  31.17  12.27   61  508.6 3702.99806 N 00210.91336 W 12 2 0 1
2020 08 30 00 11 11 27406.315   148.312 33792.415  31.17  12.27   62  508.6 3702.99810 N 00210.91333 W 12 2 0 1
2020 08 30 00 11 12 27406.333   148.312 33792.454  31.17  12.27   61  508.6 3702.99813 N 00210.91331 W 12 2 0 1
2020 08 30 00 11 13 27406.311   148.310 33792.415  31.17  12.27   62  508.6 3702.99817 N 00210.91329 W 12 2 0 1
2020 08 30 00 11 14 27406.280   148.295 33792.520  31.17  12.27   61  508.6 3702.99820 N 00210.91329 W 12 2 0 1
2020 08 30 00 11 15 27406.288   148.294 33792.442  31.17  12.27   62  508.6 3702.99823 N 00210.91328 W 12 2 0 1
2020 08 30 00 11 16 27406.307   148.295 33792.415  31.17  12.27   61  508.6 3702.99824 N 00210.91328 W 12 2 0 1
2020 08 30 00 11 17 27406.305   148.298 33792.508  31.17  12.27   62  508.6 3702.99825 N 00210.91325 W 12 2 0 1
2020 08 30 00 11 18 27406.330   148.318 33792.361  31.17  12.27   62  508.6 3702.99825 N 00210.91325 W 12 2 0 1
2020 08 30 00 11 19 27406.309   148.314 33792.427  31.17  12.27   61  508.6 3702.99826 N 00210.91325 W 12 2 0 1
2020 08 30 00 11 20 27406.268   148.324 33792.598  31.17  12.27   62  508.6 3702.99826 N 00210.91325 W 12 2 0 1
2020 08 30 00 11 21 27406.313   148.329 33792.368  31.17  12.27   61  508.5 3702.99828 N 00210.91325 W 12 2 0 1
2020 08 30 00 11 22 27406.278   148.304 33792.504  31.17  12.27   62  508.5 3702.99829 N 00210.91325 W 12 2 0 1
2020 08 30 00 11 23 27406.288   148.312 33792.384  31.17  12.27   61  508.5 3702.99830 N 00210.91324 W 12 2 0 1
2020 08 30 00 11 24 27406.300   148.327 33792.536  31.17  12.27   62  508.5 3702.99830 N 00210.91321 W 12 2 0 1
2020 08 30 00 11 25 27406.296   148.325 33792.489  31.17  12.27   61  508.5 3702.99831 N 00210.91319 W 12 2 0 1
2020 08 30 00 11 26 27406.297   148.350 33792.407  31.17  12.27   62  508.4 3702.99831 N 00210.91318 W 12 2 0 1
2020 08 30 00 11 27 27406.259   148.340 33792.497  31.17  12.27   62  508.4 3702.99831 N 00210.91318 W 12 2 0 1
2020 08 30 00 11 28 27406.270   148.349 33792.434  31.17  12.27   62  508.4 3702.99830 N 00210.91319 W 12 2 0 1
2020 08 30 00 11 29 27406.239   148.327 33792.434  31.17  12.27   62  508.4 3702.99830 N 00210.91320 W 12 2 0 1
2020 08 30 00 11 30 27406.258   148.347 33792.430  31.17  12.27   61  508.4 3702.99832 N 00210.91320 W 12 2 0 1
2020 08 30 00 11 31 27406.249   148.356 33792.497  31.17  12.27   62  508.4 3702.99832 N 00210.91320 W 12 2 0 1
2020 08 30 00 11 32 27406.260   148.385 33792.407  31.17  12.27   62  508.3 3702.99832 N 00210.91321 W 12 2 0 1
2020 08 30 00 11 33 27406.216   148.342 33792.500  31.17  12.27   62  508.2 3702.99833 N 00210.91322 W 12 2 0 1
2020 08 30 00 11 34 27406.260   148.389 33792.446  31.17  12.27   61  508.1 3702.99836 N 00210.91322 W 12 2 0 1
2020 08 30 00 11 35 27406.256   148.378 33792.395  31.17  12.27   62  508.1 3702.99837 N 00210.91321 W 12 2 0 1
2020 08 30 00 11 36 27406.335   148.417 33792.614  31.17  12.27   61  508.1 3702.99837 N 00210.91321 W 12 2 0 1
2020 08 30 00 11 37 27406.180   148.367 33792.259  31.17  12.27   62  508.1 3702.99837 N 00210.91322 W 12 2 0 1
2020 08 30 00 11 38 27406.317   148.406 33792.380  31.17  12.27   61  508.0 3702.99838 N 00210.91322 W 12 2 0 1
2020 08 30 00 11 39 27406.241   148.372 33792.532  31.17  12.27   62  508.0 3702.99839 N 00210.91324 W 12 2 0 1
2020 08 30 00 11 40 27406.255   148.392 33792.403  31.17  12.27   62  508.0 3702.99840 N 00210.91324 W 12 2 0 1
2020 08 30 00 11 41 27406.243   148.406 33792.434  31.17  12.27   61  507.9 3702.99840 N 00210.91324 W 12 2 0 1
2020 08 30 00 11 42 27406.190   148.382 33792.442  31.17  12.27   62  507.8 3702.99841 N 00210.91322 W 12 2 0 1
2020 08 30 00 11 43 27406.219   148.407 33792.426  31.17  12.27   61  507.7 3702.99842 N 00210.91321 W 12 2 0 1
2020 08 30 00 11 44 27406.208   148.409 33792.399  31.17  12.27   62  507.6 3702.99842 N 00210.91322 W 12 2 0 1
2020 08 30 00 11 45 27406.216   148.423 33792.442  31.17  12.27   61  507.6 3702.99841 N 00210.91324 W 12 2 0 1
2020 08 30 00 11 46 27406.184   148.432 33792.399  31.17  12.27   62  507.5 3702.99839 N 00210.91326 W 12 2 0 1
2020 08 30 00 11 47 27406.192   148.436 33792.403  31.17  12.27   61  507.5 3702.99837 N 00210.91325 W 12 2 0 1
2020 08 30 00 11 48 27406.206   148.448 33792.376  31.17  12.27   62  507.6 3702.99834 N 00210.91326 W 12 2 0 1
2020 08 30 00 11 49 27406.163   148.405 33792.473  31.17  12.27   62  507.7 3702.99833 N 00210.91327 W 12 2 0 1
2020 08 30 00 11 50 27406.174   148.414 33792.298  31.17  12.27   62  507.8 3702.99832 N 00210.91329 W 12 2 0 1
2020 08 30 00 11 51 27406.184   148.400 33792.481  31.17  12.27   62  508.0 3702.99829 N 00210.91331 W 12 2 0 1
2020 08 30 00 11 52 27406.184   148.425 33792.278  31.17  12.27   62  508.2 3702.99826 N 00210.91333 W 12 2 0 1
2020 08 30 00 11 53 27406.179   148.420 33792.457  31.17  12.27   62  508.2 3702.99827 N 00210.91336 W 12 2 0 1
2020 08 30 00 11 54 27406.196   148.423 33792.426  31.17  12.27   61  508.3 3702.99827 N 00210.91339 W 12 2 0 1
2020 08 30 00 11 55 27406.151   148.413 33792.360  31.17  12.27   62  508.2 3702.99828 N 00210.91342 W 12 2 0 1
2020 08 30 00 11 56 27406.157   148.420 33792.414  31.17  12.27   61  508.2 3702.99827 N 00210.91345 W 12 2 0 1
2020 08 30 00 11 57 27406.122   148.430 33792.344  31.16  12.27   62  508.2 3702.99826 N 00210.91348 W 12 2 0 1
2020 08 30 00 11 58 27406.153   148.428 33792.430  31.17  12.27   61  508.2 3702.99827 N 00210.91349 W 12 2 0 1
2020 08 30 00 11 59 27406.112   148.429 33792.364  31.17  12.27   62  508.2 3702.99827 N 00210.91350 W 12 2 0 1
2020 08 30 00 12 00 27406.122   148.443 33792.371  31.16  12.27   62  508.2 3702.99826 N 00210.91352 W 12 2 0 1
2020 08 30 00 12 01 27406.071   148.400 33792.398  31.16  12.27   61  508.1 3702.99825 N 00210.91352 W 12 2 0 1
2020 08 30 00 12 02 27406.106   148.429 33792.422  31.16  12.27   62  508.2 3702.99823 N 00210.91352 W 12 2 0 1
2020 08 30 00 12 03 27406.104   148.426 33792.406  31.16  12.27   62  508.2 3702.99823 N 00210.91352 W 12 2 0 1
2020 08 30 00 12 04 27406.095   148.427 33792.387  31.16  12.27   62  508.2 3702.99824 N 00210.91352 W 12 2 0 1
2020 08 30 00 12 05 27406.071   148.407 33792.371  31.16  12.27   61  508.2 3702.99825 N 00210.91351 W 12 2 0 1
2020 08 30 00 12 06 27406.091   148.415 33792.375  31.16  12.27   62  508.4 3702.99825 N 00210.91352 W 12 2 0 1
2020 08 30 00 12 07 27406.073   148.418 33792.398  31.16  12.27   61  508.5 3702.99824 N 00210.91352 W 12 2 0 1
2020 08 30 00 12 08 27406.091   148.421 33792.305  31.16  12.27   62  508.7 3702.99822 N 00210.91353 W 12 2 0 1
2020 08 30 00 12 09 27406.071   148.421 33792.379  31.16  12.27   62  508.7 3702.99820 N 00210.91354 W 12 2 0 1
2020 08 30 00 12 10 27406.081   148.432 33792.383  31.16  12.27   62  508.8 3702.99819 N 00210.91354 W 12 2 0 1
2020 08 30 00 12 11 27406.063   148.403 33792.344  31.16  12.27   62  508.9 3702.99817 N 00210.91355 W 12 2 0 1
2020 08 30 00 12 12 27406.071   148.437 33792.398  31.16  12.27   61  508.9 3702.99816 N 00210.91356 W 12 2 0 1
2020 08 30 00 12 13 27406.056   148.422 33792.356  31.16  12.27   62  508.9 3702.99815 N 00210.91355 W 12 2 0 1
2020 08 30 00 12 14 27406.077   148.434 33792.332  31.16  12.27   61  508.9 3702.99814 N 00210.91353 W 12 2 0 1
2020 08 30 00 12 15 27406.087   148.443 33792.379  31.16  12.27   62  509.0 3702.99813 N 00210.91351 W 12 2 0 1
2020 08 30 00 12 16 27406.034   148.432 33792.371  31.16  12.27   61  509.0 3702.99813 N 00210.91350 W 12 2 0 1
2020 08 30 00 12 17 27406.018   148.417 33792.316  31.16  12.27   62  509.0 3702.99812 N 00210.91348 W 12 2 0 1
2020 08 30 00 12 18 27406.065   148.441 33792.293  31.16  12.27   61  508.9 3702.99812 N 00210.91347 W 12 2 0 1
2020 08 30 00 12 19 27406.021   148.401 33792.390  31.16  12.27   62  508.9 3702.99811 N 00210.91347 W 12 2 0 1
2020 08 30 00 12 20 27406.044   148.402 33792.317  31.16  12.27   62  509.1 3702.99810 N 00210.91344 W 12 2 0 1
2020 08 30 00 12 21 27406.030   148.402 33792.414  31.16  12.27   62  509.1 3702.99810 N 00210.91343 W 12 2 0 1
2020 08 30 00 12 22 27406.048   148.417 33792.305  31.16  12.27   62  509.1 3702.99809 N 00210.91342 W 12 2 0 1
2020 08 30 00 12 23 27406.011   148.400 33792.476  31.16  12.27   62  509.0 3702.99809 N 00210.91341 W 12 2 0 1
2020 08 30 00 12 24 27406.032   148.424 33792.332  31.16  12.27   62  509.0 3702.99809 N 00210.91343 W 12 2 0 1
2020 08 30 00 12 25 27406.020   148.400 33792.363  31.16  12.27   61  509.0 3702.99808 N 00210.91345 W 12 2 0 1
2020 08 30 00 12 26 27406.040   148.407 33792.332  31.16  12.27   62  509.1 3702.99808 N 00210.91345 W 12 2 0 1
2020 08 30 00 12 27 27406.065   148.439 33792.324  31.16  12.27   61  509.2 3702.99808 N 00210.91345 W 12 2 0 1
2020 08 30 00 12 28 27406.052   148.442 33792.328  31.16  12.27   62  509.3 3702.99808 N 00210.91345 W 12 2 0 1
2020 08 30 00 12 29 27406.061   148.442 33792.348  31.16  12.27   61  509.4 3702.99809 N 00210.91344 W 12 2 0 1
2020 08 30 00 12 30 27406.044   148.442 33792.336  31.16  12.27   62  509.5 3702.99808 N 00210.91344 W 12 2 0 1
2020 08 30 00 12 31 27406.042   148.437 33792.340  31.16  12.27   62  509.5 3702.99807 N 00210.91343 W 12 2 0 1
2020 08 30 00 12 32 27406.040   148.420 33792.246  31.16  12.27   62  509.5 3702.99806 N 00210.91343 W 12 2 0 1
2020 08 30 00 12 33 27406.044   148.439 33792.414  31.16  12.27   62  509.5 3702.99805 N 00210.91344 W 12 2 0 1
2020 08 30 00 12 34 27405.985   148.429 33792.308  31.16  12.27   61  509.6 3702.99805 N 00210.91343 W 12 2 0 1
2020 08 30 00 12 35 27406.028   148.451 33792.293  31.16  12.27   62  509.6 3702.99806 N 00210.91343 W 12 2 0 1
2020 08 30 00 12 36 27406.011   148.435 33792.293  31.16  12.27   61  509.7 3702.99806 N 00210.91343 W 12 2 0 1
2020 08 30 00 12 37 27406.001   148.425 33792.320  31.16  12.27   62  509.7 3702.99806 N 00210.91342 W 12 2 0 1
2020 08 30 00 12 38 27406.015   148.445 33792.312  31.16  12.27   61  509.8 3702.99806 N 00210.91341 W 12 2 0 1
2020 08 30 00 12 39 27406.028   148.439 33792.316  31.16  12.27   62  509.8 3702.99806 N 00210.91339 W 12 2 0 1
2020 08 30 00 12 40 27406.036   148.469 33792.231  31.16  12.27   61  510.0 3702.99803 N 00210.91338 W 12 2 0 1
2020 08 30 00 12 41 27405.999   148.431 33792.367  31.16  12.27   62  510.1 3702.99802 N 00210.91337 W 12 2 0 1
2020 08 30 00 12 42 27406.005   148.415 33792.328  31.16  12.27   62  510.2 3702.99799 N 00210.91337 W 12 2 0 1
2020 08 30 00 12 43 27405.966   148.398 33792.293  31.16  12.27   62  510.2 3702.99797 N 00210.91338 W 12 2 0 1
2020 08 30 00 12 44 27406.003   148.429 33792.316  31.16  12.27   62  510.2 3702.99795 N 00210.91339 W 12 2 0 1
2020 08 30 00 12 45 27405.978   148.420 33792.320  31.16  12.27   61  510.2 3702.99793 N 00210.91339 W 12 2 0 1
2020 08 30 00 12 46 27406.009   148.452 33792.289  31.16  12.27   62  510.1 3702.99792 N 00210.91339 W 12 2 0 1
2020 08 30 00 12 47 27406.040   148.437 33792.293  31.16  12.27   61  510.1 3702.99790 N 00210.91340 W 12 2 0 1
2020 08 30 00 12 48 27406.026   148.430 33792.313  31.16  12.27   62  510.1 3702.99790 N 00210.91341 W 12 2 0 1
2020 08 30 00 12 49 27406.011   148.429 33792.328  31.16  12.27   61  510.1 3702.99791 N 00210.91343 W 12 2 0 1
2020 08 30 00 12 50 27405.978   148.444 33792.324  31.16  12.27   62  510.0 3702.99790 N 00210.91345 W 12 2 0 1
2020 08 30 00 12 51 27405.987   148.443 33792.316  31.16  12.27   61  510.0 3702.99789 N 00210.91347 W 12 2 0 1
2020 08 30 00 12 52 27405.991   148.442 33792.328  31.16  12.27   62  510.0 3702.99788 N 00210.91348 W 12 2 0 1
2020 08 30 00 12 53 27406.020   148.436 33792.340  31.16  12.27   62  510.0 3702.99788 N 00210.91348 W 12 2 0 1
2020 08 30 00 12 54 27405.970   148.415 33792.258  31.16  12.27   61  510.0 3702.99788 N 00210.91348 W 12 2 0 1
2020 08 30 00 12 55 27405.972   148.432 33792.250  31.16  12.27   62  509.9 3702.99788 N 00210.91347 W 12 2 0 1
2020 08 30 00 12 56 27405.968   148.426 33792.246  31.16  12.27   61  509.9 3702.99788 N 00210.91347 W 12 2 0 1
2020 08 30 00 12 57 27405.970   148.436 33792.308  31.16  12.27   62  509.9 3702.99789 N 00210.91346 W 12 2 0 1
2020 08 30 00 12 58 27405.962   148.403 33792.289  31.16  12.27   61  509.8 3702.99790 N 00210.91346 W 12 2 0 1
2020 08 30 00 12 59 27405.958   148.414 33792.234  31.16  12.27   62  509.8 3702.99790 N 00210.91347 W 12 2 0 1
2020 08 30 00 13 00 27405.974   148.414 33792.285  31.16  12.27   61  509.7 3702.99790 N 00210.91347 W 12 2 0 1
2020 08 30 00 13 01 27405.948   148.384 33792.324  31.16  12.27   62  509.7 3702.99787 N 00210.91347 W 12 2 0 1
2020 08 30 00 13 02 27405.940   148.397 33792.301  31.16  12.27   62  509.5 3702.99784 N 00210.91347 W 12 2 0 1
2020 08 30 00 13 03 27405.913   148.425 33792.312  31.16  12.27   62  509.4 3702.99782 N 00210.91345 W 12 2 0 1
2020 08 30 00 13 04 27405.940   148.418 33792.293  31.16  12.27   62  509.3 3702.99781 N 00210.91343 W 12 2 0 1
2020 08 30 00 13 05 27405.972   148.432 33792.285  31.16  12.27   61  509.2 3702.99777 N 00210.91342 W 12 2 0 1
2020 08 30 00 13 06 27405.956   148.410 33792.246  31.16  12.27   62  509.2 3702.99775 N 00210.91341 W 12 2 0 1
2020 08 30 00 13 07 27405.944   148.423 33792.293  31.16  12.27   61  509.2 3702.99773 N 00210.91340 W 12 2 0 1
2020 08 30 00 13 08 27405.929   148.416 33792.250  31.16  12.27   62  509.3 3702.99771 N 00210.91340 W 12 2 0 1
2020 08 30 00 13 09 27405.929   148.407 33792.289  31.16  12.27   61  509.3 3702.99771 N 00210.91342 W 12 2 0 1
2020 08 30 00 13 10 27405.942   148.409 33792.285  31.16  12.27   62  509.2 3702.99771 N 00210.91344 W 12 2 0 1
2020 08 30 00 13 11 27405.937   148.432 33792.277  31.16  12.27   61  509.2 3702.99772 N 00210.91345 W 12 2 0 1
2020 08 30 00 13 12 27405.966   148.436 33792.219  31.16  12.27   62  509.1 3702.99774 N 00210.91344 W 12 2 0 1
2020 08 30 00 13 13 27405.979   148.433 33792.234  31.16  12.27   62  509.1 3702.99775 N 00210.91342 W 12 2 0 1
2020 08 30 00 13 14 27406.001   148.447 33792.273  31.16  12.27   62  509.2 3702.99776 N 00210.91344 W 12 2 0 1
2020 08 30 00 13 15 27405.995   148.449 33792.242  31.16  12.27   62  509.2 3702.99776 N 00210.91345 W 12 2 0 1
2020 08 30 00 13 16 27406.005   148.451 33792.277  31.16  12.27   61  509.3 3702.99777 N 00210.91347 W 12 2 0 1
2020 08 30 00 13 17 27406.020   148.461 33792.238  31.16  12.27   62  509.3 3702.99778 N 00210.91347 W 12 2 0 1
2020 08 30 00 13 18 27405.970   148.415 33792.297  31.16  12.27   61  509.4 3702.99778 N 00210.91346 W 12 2 0 1
2020 08 30 00 13 19 27405.956   148.423 33792.211  31.16  12.27   62  509.4 3702.99779 N 00210.91347 W 12 2 0 1
2020 08 30 00 13 20 27405.948   148.426 33792.227  31.16  12.27   61  509.4 3702.99781 N 00210.91347 W 12 2 0 1
2020 08 30 00 13 21 27405.933   148.431 33792.262  31.16  12.27   62  509.5 3702.99781 N 00210.91347 W 12 2 0 1
2020 08 30 00 13 22 27405.935   148.413 33792.258  31.16  12.27   61  509.5 3702.99781 N 00210.91348 W 12 2 0 1
2020 08 30 00 13 23 27405.956   148.420 33792.192  31.16  12.27   63  509.5 3702.99781 N 00210.91349 W 12 2 0 1
2020 08 30 00 13 24 27405.927   148.391 33792.304  31.16  12.27   62  509.5 3702.99780 N 00210.91347 W 12 2 0 1
2020 08 30 00 13 25 27405.931   148.395 33792.215  31.16  12.27   61  509.4 3702.99780 N 00210.91344 W 12 2 0 1
2020 08 30 00 13 26 27405.940   148.401 33792.289  31.16  12.27   62  509.5 3702.99782 N 00210.91344 W 12 2 0 1
2020 08 30 00 13 27 27405.946   148.399 33792.250  31.16  12.27   61  509.5 3702.99784 N 00210.91346 W 12 2 0 1
2020 08 30 00 13 28 27406.004   148.429 33791.899  31.16  12.27   62  509.5 3702.99786 N 00210.91349 W 12 2 0 1
2020 08 30 00 13 29 27405.960   148.399 33792.082  31.16  12.27   61  509.5 3702.99787 N 00210.91353 W 12 2 0 1
2020 08 30 00 13 30 27405.915   148.350 33792.476  31.16  12.27   62  509.5 3702.99789 N 00210.91354 W 12 2 0 1
2020 08 30 00 13 31 27405.925   148.361 33792.332  31.16  12.27   61  509.5 3702.99790 N 00210.91356 W 12 2 0 1
2020 08 30 00 13 32 27405.894   148.352 33792.382  31.16  12.27   62  509.6 3702.99791 N 00210.91356 W 12 2 0 1
2020 08 30 00 13 33 27405.927   148.347 33792.238  31.16  12.27   62  509.5 3702.99793 N 00210.91356 W 12 2 0 1
2020 08 30 00 13 34 27405.962   148.377 33792.258  31.16  12.27   62  509.5 3702.99794 N 00210.91357 W 12 2 0 1
2020 08 30 00 13 35 27405.973   148.372 33792.219  31.16  12.27   62  509.4 3702.99795 N 00210.91360 W 12 2 0 1
2020 08 30 00 13 36 27405.958   148.371 33792.215  31.16  12.27   61  509.5 3702.99795 N 00210.91362 W 12 2 0 1
2020 08 30 00 13 37 27405.946   148.349 33792.266  31.16  12.27   62  509.5 3702.99794 N 00210.91365 W 12 2 0 1
2020 08 30 00 13 38 27405.925   148.343 33792.254  31.16  12.27   61  509.5 3702.99794 N 00210.91369 W 12 2 0 1
2020 08 30 00 13 39 27405.773   148.278 33792.281  31.16  12.27   62  509.5 3702.99796 N 00210.91372 W 12 2 0 1
2020 08 30 00 13 40 27405.973   148.356 33792.188  31.16  12.27   61  509.5 3702.99796 N 00210.91373 W 12 2 0 1
2020 08 30 00 13 41 27405.970   148.344 33792.246  31.16  12.27   62  509.6 3702.99798 N 00210.91374 W 12 2 0 1
2020 08 30 00 13 42 27405.931   148.334 33792.234  31.16  12.27   61  509.6 3702.99800 N 00210.91374 W 12 2 0 1
2020 08 30 00 13 43 27405.960   148.358 33792.281  31.16  12.27   62  509.7 3702.99802 N 00210.91373 W 12 2 0 1
2020 08 30 00 13 44 27405.979   148.358 33792.223  31.16  12.27   62  509.7 3702.99804 N 00210.91372 W 12 2 0 1
2020 08 30 00 13 45 27405.972   148.335 33792.234  31.16  12.27   62  509.7 3702.99806 N 00210.91372 W 12 2 0 1
2020 08 30 00 13 46 27405.968   148.346 33792.246  31.16  12.27   62  509.8 3702.99808 N 00210.91371 W 12 2 0 1
2020 08 30 00 13 47 27405.942   148.312 33792.273  31.16  12.27   61  509.8 3702.99810 N 00210.91371 W 12 2 0 1
2020 08 30 00 13 48 27405.956   148.316 33792.227  31.16  12.27   62  509.8 3702.99811 N 00210.91373 W 12 2 0 1
2020 08 30 00 13 49 27405.944   148.298 33792.188  31.16  12.27   61  509.8 3702.99811 N 00210.91374 W 12 2 0 1
2020 08 30 00 13 50 27405.966   148.309 33792.289  31.16  12.27   62  509.8 3702.99811 N 00210.91375 W 12 2 0 1
2020 08 30 00 13 51 27405.966   148.317 33792.207  31.16  12.27   61  509.8 3702.99809 N 00210.91375 W 12 2 0 1
2020 08 30 00 13 52 27405.964   148.317 33792.242  31.16  12.27   62  509.9 3702.99806 N 00210.91374 W 12 2 0 1
2020 08 30 00 13 53 27405.956   148.307 33792.199  31.16  12.27   61  510.0 3702.99805 N 00210.91374 W 12 2 0 1
2020 08 30 00 13 54 27405.948   148.310 33792.188  31.16  12.27   62  510.0 3702.99803 N 00210.91374 W 12 2 0 1
2020 08 30 00 13 55 27405.968   148.288 33792.238  31.16  12.27   62  510.0 3702.99803 N 00210.91374 W 12 2 0 1
2020 08 30 00 13 56 27405.960   148.273 33792.281  31.16  12.27   61  510.0 3702.99802 N 00210.91376 W 12 2 0 1
2020 08 30 00 13 57 27405.944   148.289 33792.231  31.16  12.27   62  510.1 3702.99801 N 00210.91376 W 12 2 0 1
2020 08 30 00 13 58 27405.940   148.279 33792.262  31.16  12.27   61  510.1 3702.99797 N 00210.91376 W 12 2 0 1
2020 08 30 00 13 59 27405.894   148.253 33792.250  31.16  12.27   62  510.1 3702.99796 N 00210.91378 W 12 2 0 1
2020 08 30 00 14 00 27405.954   148.284 33792.246  31.16  12.27   61  510.2 3702.99795 N 00210.91377 W 12 2 0 1
2020 08 30 00 14 01 27405.956   148.283 33792.219  31.16  12.27   62  510.3 3702.99796 N 00210.91377 W 12 2 0 1
2020 08 30 00 14 02 27405.966   148.281 33792.238  31.16  12.27   61  510.3 3702.99797 N 00210.91376 W 12 2 0 1
2020 08 30 00 14 03 27405.977   148.266 33792.262  31.16  12.27   62  510.2 3702.99800 N 00210.91374 W 12 2 0 1
2020 08 30 00 14 04 27405.958   148.276 33792.262  31.16  12.27   61  510.1 3702.99803 N 00210.91372 W 12 2 0 1
2020 08 30 00 14 05 27405.946   148.273 33792.258  31.16  12.27   62  510.0 3702.99805 N 00210.91371 W 12 2 0 1
2020 08 30 00 14 06 27405.942   148.261 33792.250  31.16  12.27   62  509.9 3702.99808 N 00210.91370 W 12 2 0 1
2020 08 30 00 14 07 27405.933   148.242 33792.258  31.16  12.27   61  509.8 3702.99811 N 00210.91369 W 12 2 0 1
2020 08 30 00 14 08 27405.938   148.238 33792.285  31.16  12.27   62  509.7 3702.99813 N 00210.91368 W 12 2 0 1
2020 08 30 00 14 09 27405.940   148.248 33792.289  31.16  12.27   61  509.6 3702.99813 N 00210.91367 W 12 2 0 1
2020 08 30 00 14 10 27405.933   148.242 33792.258  31.16  12.27   62  509.7 3702.99814 N 00210.91367 W 12 2 0 1
2020 08 30 00 14 11 27405.987   148.246 33792.289  31.16  12.27   61  509.8 3702.99812 N 00210.91367 W 12 2 0 1
2020 08 30 00 14 12 27405.956   148.244 33792.289  31.16  12.27   62  509.9 3702.99810 N 00210.91365 W 12 2 0 1
2020 08 30 00 14 13 27405.989   148.260 33792.297  31.16  12.27   61  509.9 3702.99810 N 00210.91366 W 12 2 0 1
2020 08 30 00 14 14 27405.956   148.254 33792.285  31.16  12.27   62  509.9 3702.99811 N 00210.91367 W 12 2 0 1
2020 08 30 00 14 15 27405.940   148.238 33792.266  31.16  12.27   62  509.8 3702.99810 N 00210.91367 W 12 2 0 1
2020 08 30 00 14 16 27405.938   148.252 33792.238  31.16  12.27   62  509.8 3702.99812 N 00210.91369 W 12 2 0 1
2020 08 30 00 14 17 27405.940   148.230 33792.223  31.16  12.27   62  509.7 3702.99811 N 00210.91372 W 12 2 0 1
2020 08 30 00 14 18 27405.944   148.243 33792.231  31.16  12.27   61  509.7 3702.99811 N 00210.91376 W 12 2 0 1
2020 08 30 00 14 19 27405.948   148.231 33792.250  31.16  12.27   62  509.7 3702.99811 N 00210.91380 W 12 2 0 1
2020 08 30 00 14 20 27405.976   148.235 33792.328  31.16  12.27   61  509.7 3702.99810 N 00210.91384 W 12 2 0 1
2020 08 30 00 14 21 27405.960   148.254 33792.254  31.16  12.27   62  509.6 3702.99809 N 00210.91385 W 12 2 0 1
2020 08 30 00 14 22 27405.954   148.228 33792.309  31.16  12.27   61  509.6 3702.99810 N 00210.91386 W 12 2 0 1
2020 08 30 00 14 23 27405.936   148.221 33792.215  31.16  12.27   62  509.5 3702.99810 N 00210.91387 W 12 2 0 1
2020 08 30 00 14 24 27405.956   148.219 33792.293  31.16  12.27   61  509.5 3702.99811 N 00210.91388 W 12 2 0 1
2020 08 30 00 14 25 27405.938   148.229 33792.262  31.16  12.27   62  509.5 3702.99810 N 00210.91387 W 12 2 0 1
2020 08 30 00 14 26 27405.950   148.215 33792.289  31.16  12.27   62  509.5 3702.99810 N 00210.91386 W 12 2 0 1
2020 08 30 00 14 27 27405.925   148.227 33792.192  31.16  12.27   62  509.6 3702.99809 N 00210.91385 W 12 2 0 1
2020 08 30 00 14 28 27405.919   148.220 33792.273  31.16  12.27   62  509.7 3702.99808 N 00210.91382 W 12 2 0 1
2020 08 30 00 14 29 27405.923   148.219 33792.254  31.16  12.27   62  509.7 3702.99807 N 00210.91376 W 12 2 0 1
2020 08 30 00 14 30 27405.903   148.220 33792.250  31.16  12.27   62  509.7 3702.99807 N 00210.91373 W 12 2 0 1
2020 08 30 00 14 31 27405.917   148.210 33792.269  31.16  12.27   61  509.6 3702.99805 N 00210.91370 W 12 2 0 1
2020 08 30 00 14 32 27405.931   148.210 33792.293  31.16  12.27   62  509.6 3702.99803 N 00210.91368 W 12 2 0 1
2020 08 30 00 14 33 27405.933   148.219 33792.297  31.16  12.27   61  509.6 3702.99801 N 00210.91367 W 12 2 0 1
2020 08 30 00 14 34 27405.925   148.221 33792.258  31.16  12.27   62  509.6 3702.99800 N 00210.91366 W 12 2 0 1
2020 08 30 00 14 35 27405.880   148.210 33792.226  31.16  12.27   61  509.6 3702.99799 N 00210.91365 W 12 2 0 1
2020 08 30 00 14 36 27405.884   148.208 33792.281  31.16  12.27   62  509.6 3702.99798 N 00210.91366 W 12 2 0 1
2020 08 30 00 14 37 27405.868   148.177 33792.262  31.16  12.27   62  509.6 3702.99797 N 00210.91366 W 12 2 0 1
2020 08 30 00 14 38 27405.864   148.174 33792.223  31.16  12.27   62  509.6 3702.99796 N 00210.91368 W 12 2 0 1
2020 08 30 00 14 39 27405.892   148.200 33792.246  31.16  12.27   62  509.5 3702.99795 N 00210.91370 W 12 2 0 1
2020 08 30 00 14 40 27405.905   148.229 33792.258  31.16  12.27   61  509.5 3702.99794 N 00210.91372 W 12 2 0 1
2020 08 30 00 14 41 27405.890   148.224 33792.332  31.16  12.27   62  509.4 3702.99794 N 00210.91373 W 12 2 0 1
2020 08 30 00 14 42 27405.909   148.219 33792.293  31.16  12.27   62  509.4 3702.99792 N 00210.91374 W 12 2 0 1
2020 08 30 00 14 43 27405.878   148.194 33792.308  31.16  12.27   62  509.4 3702.99791 N 00210.91373 W 12 2 0 1
2020 08 30 00 14 44 27405.913   148.216 33792.215  31.16  12.27   61  509.4 3702.99790 N 00210.91371 W 12 2 0 1
2020 08 30 00 14 45 27405.874   148.186 33792.250  31.16  12.27   62  509.3 3702.99790 N 00210.91368 W 12 2 0 1
2020 08 30 00 14 46 27405.888   148.199 33792.308  31.16  12.27   62  509.3 3702.99790 N 00210.91364 W 12 2 0 1
2020 08 30 00 14 47 27405.880   148.208 33792.234  31.16  12.27   62  509.2 3702.99791 N 00210.91361 W 12 2 0 1
2020 08 30 00 14 48 27405.859   148.173 33792.300  31.16  12.27   62  509.3 3702.99792 N 00210.91360 W 12 2 0 1
2020 08 30 00 14 49 27405.880   148.203 33792.258  31.16  12.27   61  509.3 3702.99793 N 00210.91357 W 12 2 0 1
2020 08 30 00 14 50 27405.845   148.202 33792.254  31.16  12.27   62  509.2 3702.99793 N 00210.91354 W 12 2 0 1
2020 08 30 00 14 51 27405.833   148.180 33792.261  31.16  12.27   61  509.1 3702.99794 N 00210.91352 W 12 2 0 1
2020 08 30 00 14 52 27405.847   148.190 33792.281  31.16  12.27   62  509.0 3702.99794 N 00210.91351 W 12 2 0 1
2020 08 30 00 14 53 27405.800   148.196 33791.346  31.16  12.27   61  509.1 3702.99793 N 00210.91350 W 12 2 0 1
2020 08 30 00 14 54 27405.855   148.143 33793.430  31.16  12.27   62  509.1 3702.99793 N 00210.91348 W 12 2 0 1
2020 08 30 00 14 55 27405.845   148.164 33792.261  31.16  12.27   61  509.2 3702.99793 N 00210.91345 W 12 2 0 1
2020 08 30 00 14 56 27405.835   148.164 33792.203  31.16  12.27   62  509.3 3702.99790 N 00210.91343 W 12 2 0 1
2020 08 30 00 14 57 27405.864   148.171 33792.265  31.16  12.27   62  509.3 3702.99787 N 00210.91341 W 12 2 0 1
2020 08 30 00 14 58 27405.796   148.141 33792.156  31.16  12.27   62  509.2 3702.99785 N 00210.91338 W 12 2 0 1
2020 08 30 00 14 59 27405.825   148.158 33792.257  31.16  12.27   62  509.2 3702.99783 N 00210.91336 W 12 2 0 1
2020 08 30 00 15 00 27405.798   148.136 33792.211  31.16  12.27   62  509.1 3702.99781 N 00210.91335 W 12 2 0 1
2020 08 30 00 15 01 27405.845   148.180 33792.246  31.16  12.27   62  509.1 3702.99779 N 00210.91334 W 12 2 0 1
2020 08 30 00 15 02 27405.757   148.141 33792.390  31.16  12.27   61  509.1 3702.99778 N 00210.91335 W 12 2 0 1
2020 08 30 00 15 03 27405.784   148.162 33791.934  31.16  12.27   62  509.1 3702.99778 N 00210.91337 W 12 2 0 1
2020 08 30 00 15 04 27405.784   148.140 33792.105  31.16  12.27   61  509.1 3702.99778 N 00210.91339 W 12 2 0 1
2020 08 30 00 15 05 27405.644   148.074 33792.413  31.16  12.27   62  509.2 3702.99778 N 00210.91342 W 12 2 0 1
2020 08 30 00 15 06 27405.823   148.153 33792.234  31.16  12.27   61  509.2 3702.99779 N 00210.91345 W 12 2 0 1
2020 08 30 00 15 07 27405.822   148.139 33792.476  31.16  12.27   62  509.2 3702.99779 N 00210.91348 W 12 2 0 1
2020 08 30 00 15 08 27405.792   148.137 33792.230  31.16  12.27   62  509.2 3702.99779 N 00210.91350 W 12 2 0 1
2020 08 30 00 15 09 27405.788   148.127 33792.292  31.16  12.27   62  509.2 3702.99780 N 00210.91351 W 12 2 0 1
2020 08 30 00 15 10 27405.754   148.106 33792.464  31.16  12.27   62  509.2 3702.99782 N 00210.91356 W 12 2 0 1
2020 08 30 00 15 11 27405.851   148.151 33792.265  31.16  12.27   61  509.2 3702.99783 N 00210.91358 W 12 2 0 1
2020 08 30 00 15 12 27405.784   148.102 33792.129  31.16  12.27   62  509.1 3702.99784 N 00210.91360 W 12 2 0 1
2020 08 30 00 15 13 27405.746   148.068 33792.464  31.16  12.27   61  509.1 3702.99783 N 00210.91363 W 12 2 0 1
2020 08 30 00 15 14 27405.772   148.090 33792.055  31.16  12.27   62  509.1 3702.99783 N 00210.91364 W 12 2 0 1
2020 08 30 00 15 15 27405.747   148.072 33792.253  31.16  12.27   61  509.1 3702.99783 N 00210.91365 W 12 2 0 1
2020 08 30 00 15 16 27405.678   147.966 33794.115  31.16  12.27   62  509.1 3702.99782 N 00210.91367 W 12 2 0 1
2020 08 30 00 15 17 27405.828   148.138 33791.506  31.16  12.27   61  509.1 3702.99780 N 00210.91365 W 12 2 0 1
2020 08 30 00 15 18 27405.811   148.102 33791.685  31.16  12.27   62  509.2 3702.99777 N 00210.91363 W 12 2 0 1
2020 08 30 00 15 19 27405.798   148.059 33792.059  31.16  12.27   62  509.2 3702.99777 N 00210.91363 W 12 2 0 1
2020 08 30 00 15 20 27405.765   148.033 33792.109  31.16  12.27   62  509.2 3702.99777 N 00210.91363 W 12 2 0 1
2020 08 30 00 15 21 27405.759   148.027 33792.351  31.16  12.27   62  509.2 3702.99779 N 00210.91363 W 12 2 0 1
2020 08 30 00 15 22 27405.782   148.027 33792.273  31.16  12.27   61  509.3 3702.99777 N 00210.91362 W 12 2 0 1
2020 08 30 00 15 23 27405.788   148.036 33792.285  31.16  12.27   62  509.2 3702.99778 N 00210.91362 W 12 2 0 1
2020 08 30 00 15 24 27405.815   148.037 33792.137  31.16  12.27   61  509.2 3702.99778 N 00210.91362 W 12 2 0 1
2020 08 30 00 15 25 27405.783   148.029 33792.405  31.16  12.27   62  509.2 3702.99777 N 00210.91361 W 12 2 0 1
2020 08 30 00 15 26 27405.773   148.027 33792.176  31.16  12.27   61  509.2 3702.99775 N 00210.91360 W 12 2 0 1
2020 08 30 00 15 27 27405.708   147.996 33792.234  31.16  12.27   62  509.2 3702.99773 N 00210.91361 W 12 2 0 1
2020 08 30 00 15 28 27405.728   147.988 33792.296  31.16  12.27   62  509.1 3702.99772 N 00210.91363 W 12 2 0 1
2020 08 30 00 15 29 27405.757   147.978 33792.382  31.16  12.27   62  509.0 3702.99770 N 00210.91362 W 12 2 0 1
2020 08 30 00 15 30 27405.706   147.980 33792.004  31.16  12.27   62  509.0 3702.99770 N 00210.91361 W 12 2 0 1
2020 08 30 00 15 31 27405.738   147.962 33792.417  31.16  12.27   61  509.0 3702.99771 N 00210.91362 W 12 2 0 1
2020 08 30 00 15 32 27405.777   147.960 33792.429  31.16  12.27   62  509.1 3702.99772 N 00210.91363 W 12 2 0 1
2020 08 30 00 15 33 27405.753   147.962 33792.078  31.16  12.27   61  509.1 3702.99773 N 00210.91363 W 12 2 0 1
2020 08 30 00 15 34 27405.775   147.972 33792.328  31.16  12.27   62  509.2 3702.99773 N 00210.91366 W 12 2 0 1
2020 08 30 00 15 35 27405.741   147.969 33792.160  31.16  12.27   61  509.3 3702.99774 N 00210.91368 W 12 2 0 1
2020 08 30 00 15 36 27405.732   147.966 33792.304  31.16  12.27   62  509.3 3702.99773 N 00210.91369 W 12 2 0 1
2020 08 30 00 15 37 27405.732   147.926 33792.300  31.16  12.27   61  509.4 3702.99770 N 00210.91373 W 12 2 0 1
2020 08 30 00 15 38 27405.689   147.895 33792.421  31.16  12.27   62  509.5 3702.99768 N 00210.91375 W 12 2 0 1
2020 08 30 00 15 39 27405.683   147.899 33792.300  31.16  12.27   62  509.6 3702.99766 N 00210.91378 W 12 2 0 1
2020 08 30 00 15 40 27405.747   147.927 33792.304  31.16  12.27   62  509.6 3702.99765 N 00210.91379 W 12 2 0 1
2020 08 30 00 15 41 27405.747   147.924 33792.308  31.16  12.27   62  509.6 3702.99763 N 00210.91381 W 12 2 0 1
2020 08 30 00 15 42 27405.767   147.926 33792.265  31.16  12.27   61  509.6 3702.99763 N 00210.91383 W 12 2 0 1
2020 08 30 00 15 43 27405.730   147.885 33792.343  31.16  12.27   62  509.7 3702.99762 N 00210.91385 W 12 2 0 1
2020 08 30 00 15 44 27405.769   147.903 33792.261  31.16  12.27   61  509.8 3702.99760 N 00210.91384 W 12 2 0 1
2020 08 30 00 15 45 27405.751   147.888 33792.324  31.16  12.27   62  509.9 3702.99760 N 00210.91383 W 12 2 0 1
2020 08 30 00 15 46 27405.732   147.893 33792.246  31.16  12.27   61  510.0 3702.99758 N 00210.91382 W 12 2 0 1
2020 08 30 00 15 47 27405.720   147.874 33792.421  31.16  12.27   62  510.1 3702.99757 N 00210.91382 W 12 2 0 1
2020 08 30 00 15 48 27405.769   147.876 33792.359  31.16  12.27   61  510.2 3702.99756 N 00210.91382 W 12 2 0 1
2020 08 30 00 15 49 27405.818   147.893 33792.324  31.16  12.27   62  510.2 3702.99755 N 00210.91382 W 12 2 0 1
2020 08 30 00 15 50 27405.806   147.891 33792.273  31.16  12.27   62  510.3 3702.99754 N 00210.91383 W 12 2 0 1
2020 08 30 00 15 51 27405.802   147.845 33792.406  31.16  12.27   62  510.4 3702.99753 N 00210.91385 W 12 2 0 1
2020 08 30 00 15 52 27405.786   147.823 33792.335  31.16  12.27   62  510.6 3702.99753 N 00210.91388 W 12 2 0 1
2020 08 30 00 15 53 27405.822   147.843 33792.421  31.16  12.27   62  510.7 3702.99753 N 00210.91390 W 12 2 0 1
2020 08 30 00 15 54 27405.775   147.828 33792.183  31.16  12.27   62  510.7 3702.99754 N 00210.91390 W 12 2 0 1
2020 08 30 00 15 55 27405.790   147.846 33792.289  31.16  12.27   61  510.7 3702.99754 N 00210.91391 W 12 2 0 1
2020 08 30 00 15 56 27405.781   147.820 33792.448  31.16  12.27   62  510.7 3702.99755 N 00210.91392 W 12 2 0 1
2020 08 30 00 15 57 27405.833   147.849 33792.402  31.16  12.27   61  510.8 3702.99758 N 00210.91393 W 12 2 0 1
2020 08 30 00 15 58 27405.831   147.797 33792.355  31.16  12.27   62  510.9 3702.99760 N 00210.91392 W 12 2 0 1
2020 08 30 00 15 59 27405.835   147.815 33792.297  31.16  12.27   61  510.9 3702.99764 N 00210.91392 W 12 2 0 1
2020 08 30 00 16 00 27405.753   147.791 33792.413  31.16  12.27   62  511.0 3702.99767 N 00210.91393 W 12 2 0 1
2020 08 30 00 16 01 27405.806   147.818 33792.308  31.16  12.27   62  510.9 3702.99771 N 00210.91393 W 12 2 0 1
2020 08 30 00 16 02 27405.804   147.802 33792.468  31.16  12.27   62  510.9 3702.99774 N 00210.91395 W 12 2 0 1
2020 08 30 00 16 03 27405.753   147.782 33792.324  31.16  12.27   62  510.9 3702.99777 N 00210.91396 W 12 2 0 1
2020 08 30 00 16 04 27405.831   147.817 33792.379  31.16  12.27   61  510.8 3702.99780 N 00210.91396 W 12 2 0 1
2020 08 30 00 16 05 27405.829   147.817 33792.227  31.16  12.27   62  510.8 3702.99781 N 00210.91397 W 12 2 0 1
2020 08 30 00 16 06 27405.869   147.806 33792.714  31.16  12.27   61  510.8 3702.99784 N 00210.91396 W 12 2 0 1
2020 08 30 00 16 07 27405.716   147.743 33792.269  31.16  12.27   62  510.7 3702.99788 N 00210.91395 W 12 2 0 1
2020 08 30 00 16 08 27405.837   147.801 33792.156  31.16  12.27   61  510.6 3702.99792 N 00210.91393 W 12 2 0 1
2020 08 30 00 16 09 27405.818   147.771 33792.554  31.16  12.27   62  510.6 3702.99796 N 00210.91391 W 12 2 0 1
2020 08 30 00 16 10 27405.740   147.750 33792.452  31.16  12.27   62  510.5 3702.99800 N 00210.91389 W 12 2 0 1
2020 08 30 00 16 11 27405.790   147.747 33792.347  31.16  12.27   62  510.4 3702.99803 N 00210.91385 W 12 2 0 1
2020 08 30 00 16 12 27405.821   147.766 33792.246  31.16  12.27   62  510.3 3702.99804 N 00210.91382 W 12 2 0 1
2020 08 30 00 16 13 27405.791   147.732 33792.456  31.16  12.27   61  510.3 3702.99807 N 00210.91380 W 12 2 0 1
2020 08 30 00 16 14 27405.790   147.743 33792.289  31.16  12.27   62  510.1 3702.99808 N 00210.91378 W 12 2 0 1
2020 08 30 00 16 15 27405.837   147.750 33792.488  31.16  12.27   61  510.1 3702.99811 N 00210.91376 W 12 2 0 1
2020 08 30 00 16 16 27405.775   147.707 33792.499  31.16  12.27   62  510.0 3702.99813 N 00210.91376 W 12 2 0 1
2020 08 30 00 16 17 27405.759   147.699 33792.390  31.16  12.27   61  510.0 3702.99816 N 00210.91377 W 12 2 0 1
2020 08 30 00 16 18 27405.892   147.760 33792.480  31.16  12.27   62  509.9 3702.99818 N 00210.91379 W 12 2 0 1
2020 08 30 00 16 19 27405.774   147.706 33792.086  31.16  12.27   61  510.0 3702.99820 N 00210.91383 W 12 2 0 1
2020 08 30 00 16 20 27405.783   147.676 33792.620  31.16  12.27   62  510.0 3702.99821 N 00210.91384 W 12 2 0 1
2020 08 30 00 16 21 27405.900   147.732 33792.391  31.16  12.27   62  510.0 3702.99822 N 00210.91385 W 12 2 0 1
2020 08 30 00 16 22 27405.777   147.690 33792.417  31.16  12.27   62  510.0 3702.99823 N 00210.91385 W 12 2 0 1
2020 08 30 00 16 23 27405.876   147.745 33792.297  31.16  12.27   62  510.0 3702.99824 N 00210.91386 W 12 2 0 1
2020 08 30 00 16 24 27405.818   147.695 33792.519  31.16  12.27   61  510.0 3702.99823 N 00210.91388 W 12 2 0 1
2020 08 30 00 16 25 27405.838   147.679 33792.636  31.16  12.27   62  510.1 3702.99822 N 00210.91392 W 12 2 0 1
2020 08 30 00 16 26 27405.819   147.708 33792.129  31.16  12.27   61  510.1 3702.99822 N 00210.91394 W 12 2 0 1
2020 08 30 00 16 27 27405.812   147.674 33792.425  31.16  12.27   62  510.1 3702.99822 N 00210.91394 W 12 2 0 1
2020 08 30 00 16 28 27405.841   147.698 33792.215  31.16  12.27   61  510.1 3702.99820 N 00210.91396 W 12 2 0 1
2020 08 30 00 16 29 27405.852   147.667 33792.850  31.16  12.27   62  510.1 3702.99819 N 00210.91396 W 12 2 0 1
2020 08 30 00 16 30 27405.835   147.655 33792.437  31.16  12.27   61  510.2 3702.99817 N 00210.91397 W 12 2 0 1
2020 08 30 00 16 31 27405.808   147.644 33792.219  31.16  12.27   62  510.2 3702.99816 N 00210.91400 W 12 2 0 1
2020 08 30 00 16 32 27405.887   147.671 33792.842  31.16  12.27   62  510.3 3702.99815 N 00210.91401 W 12 2 0 1
2020 08 30 00 16 33 27405.830   147.643 33792.425  31.16  12.27   62  510.2 3702.99815 N 00210.91401 W 12 2 0 1
2020 08 30 00 16 34 27405.874   147.693 33792.219  31.16  12.27   62  510.1 3702.99815 N 00210.91400 W 12 2 0 1
2020 08 30 00 16 35 27405.857   147.639 33792.609  31.16  12.27   61  510.0 3702.99814 N 00210.91400 W 12 2 0 1
2020 08 30 00 16 36 27405.890   147.673 33792.172  31.16  12.27   62  509.9 3702.99813 N 00210.91399 W 12 2 0 1
2020 08 30 00 16 37 27405.918   147.655 33792.866  31.16  12.27   61  509.8 3702.99811 N 00210.91399 W 12 2 0 1
2020 08 30 00 16 38 27405.864   147.633 33792.016  31.16  12.27   62  509.7 3702.99809 N 00210.91398 W 12 2 0 1
2020 08 30 00 16 39 27405.900   147.618 33792.804  31.16  12.27   62  509.6 3702.99808 N 00210.91398 W 12 2 0 1
2020 08 30 00 16 40 27405.851   147.616 33792.242  31.16  12.27   62  509.5 3702.99805 N 00210.91398 W 12 2 0 1
2020 08 30 00 16 41 27405.956   147.663 33792.371  31.16  12.27   61  509.6 3702.99803 N 00210.91396 W 12 2 0 1
2020 08 30 00 16 42 27405.907   147.615 33792.387  31.16  12.27   62  509.5 3702.99803 N 00210.91395 W 12 2 0 1
2020 08 30 00 16 43 27405.917   147.618 33792.437  31.16  12.27   62  509.5 3702.99800 N 00210.91394 W 12 2 0 1
2020 08 30 00 16 44 27405.873   147.611 33792.531  31.16  12.27   61  509.5 3702.99799 N 00210.91394 W 12 2 0 1
2020 08 30 00 16 45 27405.943   147.618 33792.410  31.16  12.27   62  509.5 3702.99798 N 00210.91397 W 12 2 0 1
2020 08 30 00 16 46 27405.952   147.620 33792.352  31.16  12.27   62  509.5 3702.99797 N 00210.91398 W 12 2 0 1
2020 08 30 00 16 47 27405.906   147.593 33792.823  31.16  12.27   62  509.5 3702.99795 N 00210.91399 W 12 2 0 1
2020 08 30 00 16 48 27405.968   147.618 33792.301  31.16  12.27   61  509.4 3702.99794 N 00210.91399 W 12 2 0 1
2020 08 30 00 16 49 27405.966   147.612 33792.379  31.16  12.27   62  509.4 3702.99793 N 00210.91401 W 12 2 0 1
2020 08 30 00 16 50 27405.954   147.588 33792.461  31.16  12.27   61  509.3 3702.99794 N 00210.91401 W 12 2 0 1
2020 08 30 00 16 51 27405.942   147.613 33792.215  31.16  12.27   62  509.3 3702.99793 N 00210.91402 W 12 2 0 1
2020 08 30 00 16 52 27405.974   147.590 33792.675  31.16  12.27   62  509.2 3702.99793 N 00210.91402 W 12 2 0 1
2020 08 30 00 16 53 27405.949   147.572 33792.535  31.16  12.27   62  509.2 3702.99793 N 00210.91402 W 12 2 0 1
2020 08 30 00 16 54 27405.925   147.559 33792.476  31.16  12.27   62  509.1 3702.99791 N 00210.91401 W 12 2 0 1
2020 08 30 00 16 55 27405.927   147.540 33792.547  31.16  12.27   61  509.2 3702.99790 N 00210.91401 W 12 2 0 1
2020 08 30 00 16 56 27405.986   147.558 33792.582  31.16  12.27   62  509.2 3702.99789 N 00210.91400 W 12 2 0 1
2020 08 30 00 16 57 27405.931   147.545 33792.305  31.16  12.27   61  509.2 3702.99787 N 00210.91400 W 12 2 0 1
2020 08 30 00 16 58 27405.925   147.506 33792.695  31.16  12.27   62  509.3 3702.99783 N 00210.91401 W 12 2 0 1
2020 08 30 00 16 59 27406.017   147.547 33792.512  31.16  12.27   61  509.2 3702.99779 N 00210.91399 W 12 2 0 1
2020 08 30 00 17 00 27405.949   147.517 33792.547  31.16  12.27   62  509.3 3702.99773 N 00210.91398 W 12 2 0 1
2020 08 30 00 17 01 27405.960   147.507 33792.453  31.16  12.27   61  509.4 3702.99771 N 00210.91396 W 12 2 0 1
2020 08 30 00 17 02 27406.052   147.517 33792.450  31.16  12.27   62  509.5 3702.99764 N 00210.91393 W 12 2 0 1
2020 08 30 00 17 03 27405.951   147.487 33792.726  31.16  12.27   62  509.5 3702.99759 N 00210.91390 W 12 2 0 1
2020 08 30 00 17 04 27406.028   147.532 33792.344  31.16  12.27   62  509.6 3702.99754 N 00210.91387 W 12 2 0 1
2020 08 30 00 17 05 27406.031   147.491 33792.602  31.16  12.27   62  509.6 3702.99748 N 00210.91386 W 12 2 0 1
2020 08 30 00 17 06 27406.001   147.495 33792.485  31.16  12.27   61  509.6 3702.99746 N 00210.91385 W 12 2 0 1
2020 08 30 00 17 07 27406.088   147.504 33792.874  31.16  12.27   62  509.7 3702.99745 N 00210.91383 W 12 2 0 1
2020 08 30 00 17 08 27406.001   147.500 33792.072  31.16  12.27   61  509.7 3702.99743 N 00210.91382 W 12 2 0 1
2020 08 30 00 17 09 27405.984   147.460 33792.866  31.16  12.27   62  509.7 3702.99742 N 00210.91382 W 12 2 0 1
2020 08 30 00 17 10 27406.067   147.514 33792.294  31.16  12.27   61  509.7 3702.99742 N 00210.91383 W 12 2 0 1
2020 08 30 00 17 11 27406.046   147.499 33792.496  31.16  12.27   62  509.8 3702.99741 N 00210.91383 W 12 2 0 1
2020 08 30 00 17 12 27406.046   147.492 33792.742  31.16  12.27   61  509.8 3702.99741 N 00210.91382 W 12 2 0 1
2020 08 30 00 17 13 27406.062   147.494 33792.481  31.16  12.27   62  509.7 3702.99741 N 00210.91380 W 12 2 0 1
2020 08 30 00 17 14 27405.988   147.451 33792.566  31.16  12.27   62  509.7 3702.99742 N 00210.91382 W 12 2 0 1
2020 08 30 00 17 15 27406.097   147.505 33792.555  31.16  12.27   62  509.7 3702.99745 N 00210.91385 W 12 2 0 1
2020 08 30 00 17 16 27406.050   147.461 33792.703  31.16  12.27   62  509.7 3702.99747 N 00210.91389 W 12 2 0 1
2020 08 30 00 17 17 27406.038   147.447 33792.543  31.16  12.27   61  509.7 3702.99749 N 00210.91393 W 12 2 0 1
2020 08 30 00 17 18 27406.083   147.470 33792.613  31.16  12.27   62  509.8 3702.99750 N 00210.91396 W 12 2 0 1
2020 08 30 00 17 19 27406.087   147.454 33792.497  31.16  12.27   61  509.8 3702.99753 N 00210.91399 W 12 2 0 1
2020 08 30 00 17 20 27406.107   147.436 33792.789  31.16  12.27   63  509.8 3702.99753 N 00210.91402 W 12 2 0 1
2020 08 30 00 17 21 27406.124   147.467 33792.337  31.16  12.27   61  509.9 3702.99754 N 00210.91403 W 12 2 0 1
2020 08 30 00 17 22 27406.074   147.421 33792.723  31.16  12.27   62  509.9 3702.99754 N 00210.91405 W 12 2 0 1
2020 08 30 00 17 23 27406.112   147.442 33792.559  31.16  12.27   61  510.0 3702.99756 N 00210.91406 W 12 2 0 1
2020 08 30 00 17 24 27406.159   147.450 33792.462  31.16  12.27   62  510.1 3702.99756 N 00210.91406 W 12 2 0 1
2020 08 30 00 17 25 27406.150   147.445 33792.735  31.16  12.27   62  510.2 3702.99758 N 00210.91405 W 12 2 0 1
2020 08 30 00 17 26 27406.181   147.446 33792.684  31.16  12.27   62  510.2 3702.99759 N 00210.91403 W 12 2 0 1
2020 08 30 00 17 27 27406.173   147.430 33792.816  31.16  12.27   62  510.2 3702.99759 N 00210.91403 W 12 2 0 1
2020 08 30 00 17 28 27406.120   147.406 33792.384  31.16  12.27   61  510.3 3702.99757 N 00210.91403 W 12 2 0 1
2020 08 30 00 17 29 27406.151   147.420 33792.493  31.16  12.27   62  510.3 3702.99756 N 00210.91402 W 12 2 0 1
2020 08 30 00 17 30 27406.150   147.404 33792.851  31.16  12.27   61  510.3 3702.99756 N 00210.91401 W 12 2 0 1
2020 08 30 00 17 31 27406.218   147.431 33792.602  31.16  12.27   62  510.3 3702.99757 N 00210.91401 W 12 2 0 1
2020 08 30 00 17 32 27406.165   147.408 33792.489  31.16  12.27   61  510.4 3702.99759 N 00210.91400 W 12 2 0 1
2020 08 30 00 17 33 27406.226   147.434 33792.618  31.16  12.27   62  510.4 3702.99761 N 00210.91399 W 12 2 0 1
2020 08 30 00 17 34 27406.236   147.414 33792.898  31.16  12.27   62  510.4 3702.99761 N 00210.91399 W 12 2 0 1
2020 08 30 00 17 35 27406.163   147.420 33792.458  31.16  12.27   62  510.3 3702.99763 N 00210.91399 W 12 2 0 1
2020 08 30 00 17 36 27406.192   147.435 33792.396  31.16  12.27   62  510.3 3702.99765 N 00210.91398 W 12 2 0 1
2020 08 30 00 17 37 27406.152   147.386 33792.781  31.16  12.27   62  510.2 3702.99768 N 00210.91397 W 12 2 0 1
2020 08 30 00 17 38 27406.245   147.457 33792.466  31.16  12.27   62  510.0 3702.99771 N 00210.91396 W 12 2 0 1
2020 08 30 00 17 39 27406.208   147.398 33792.489  31.16  12.27   61  509.9 3702.99776 N 00210.91395 W 12 2 0 1
2020 08 30 00 17 40 27406.178   147.365 33793.078  31.16  12.27   62  509.8 3702.99782 N 00210.91393 W 12 2 0 1
2020 08 30 00 17 41 27406.223   147.420 33792.341  31.16  12.27   61  509.8 3702.99785 N 00210.91393 W 12 2 0 1
2020 08 30 00 17 42 27406.243   147.418 33792.509  31.16  12.27   62  509.8 3702.99789 N 00210.91393 W 12 2 0 1
2020 08 30 00 17 43 27406.236   147.393 33792.817  31.16  12.27   61  509.7 3702.99791 N 00210.91393 W 12 2 0 1
2020 08 30 00 17 44 27406.247   147.405 33792.634  31.16  12.27   62  509.6 3702.99792 N 00210.91394 W 12 2 0 1
2020 08 30 00 17 45 27406.181   147.370 33792.501  31.16  12.27   62  509.7 3702.99791 N 00210.91396 W 12 2 0 1
2020 08 30 00 17 46 27406.328   147.419 33793.035  31.16  12.27   62  509.6 3702.99792 N 00210.91397 W 12 2 0 1
2020 08 30 00 17 47 27406.118   147.355 33792.407  31.16  12.27   62  509.6 3702.99791 N 00210.91397 W 12 2 0 1
2020 08 30 00 17 48 27406.212   147.396 33792.680  31.16  12.27   61  509.7 3702.99791 N 00210.91400 W 12 2 0 1
2020 08 30 00 17 49 27406.226   147.370 33792.743  31.16  12.27   62  509.9 3702.99789 N 00210.91401 W 12 2 0 1
2020 08 30 00 17 50 27406.237   147.389 33792.657  31.16  12.27   61  509.9 3702.99790 N 00210.91401 W 12 2 0 1
2020 08 30 00 17 51 27406.298   147.404 33792.681  31.16  12.27   62  510.0 3702.99791 N 00210.91402 W 12 2 0 1
2020 08 30 00 17 52 27406.175   147.351 33792.766  31.16  12.27   61  510.1 3702.99791 N 00210.91402 W 12 2 0 1
2020 08 30 00 17 53 27406.250   147.406 33792.104  31.16  12.27   62  510.1 3702.99792 N 00210.91401 W 12 2 0 1
2020 08 30 00 17 54 27406.302   147.377 33793.008  31.16  12.27   61  510.1 3702.99792 N 00210.91400 W 12 2 0 1
2020 08 30 00 17 55 27406.298   147.403 33792.770  31.16  12.27   62  510.1 3702.99793 N 00210.91399 W 12 2 0 1
2020 08 30 00 17 56 27406.300   147.397 33792.653  31.16  12.27   62  510.0 3702.99794 N 00210.91396 W 12 2 0 1
2020 08 30 00 17 57 27406.265   147.374 33792.844  31.16  12.27   62  510.0 3702.99794 N 00210.91394 W 12 2 0 1
2020 08 30 00 17 58 27406.278   147.394 33792.657  31.16  12.27   62  509.9 3702.99793 N 00210.91392 W 12 2 0 1
2020 08 30 00 17 59 27406.245   147.366 33792.653  31.16  12.27   61  509.9 3702.99793 N 00210.91388 W 12 2 0 1
2020 08 30 00 18 00 27406.290   147.370 33792.751  31.16  12.27   62  509.8 3702.99792 N 00210.91385 W 12 2 0 1
2020 08 30 00 18 01 27406.272   147.377 33792.626  31.16  12.27   61  509.7 3702.99790 N 00210.91383 W 12 2 0 1
2020 08 30 00 18 02 27406.284   147.399 33792.614  31.16  12.27   62  509.7 3702.99789 N 00210.91381 W 12 2 0 1
2020 08 30 00 18 03 27406.199   147.360 33792.727  31.16  12.27   61  509.5 3702.99789 N 00210.91379 W 12 2 0 1
2020 08 30 00 18 04 27406.273   147.375 33792.770  31.15  12.27   62  509.4 3702.99789 N 00210.91377 W 12 2 0 1
2020 08 30 00 18 05 27406.257   147.362 33792.603  31.16  12.27   62  509.4 3702.99788 N 00210.91377 W 12 2 0 1
2020 08 30 00 18 06 27406.266   147.355 33792.536  31.16  12.27   62  509.4 3702.99789 N 00210.91376 W 12 2 0 1
2020 08 30 00 18 07 27406.296   147.363 33792.797  31.16  12.27   62  509.4 3702.99789 N 00210.91375 W 12 2 0 1
2020 08 30 00 18 08 27406.308   147.355 33792.864  31.16  12.27   62  509.4 3702.99789 N 00210.91374 W 12 2 0 1
2020 08 30 00 18 09 27406.253   147.352 33792.595  31.16  12.27   62  509.4 3702.99787 N 00210.91372 W 12 2 0 1
2020 08 30 00 18 10 27406.292   147.373 33792.638  31.16  12.27   61  509.4 3702.99784 N 00210.91369 W 12 2 0 1
2020 08 30 00 18 11 27406.310   147.355 33792.805  31.15  12.27   62  509.4 3702.99783 N 00210.91367 W 12 2 0 1
2020 08 30 00 18 12 27406.251   147.318 33792.867  31.16  12.27   61  509.5 3702.99781 N 00210.91365 W 12 2 0 1
2020 08 30 00 18 13 27406.292   147.341 33792.548  31.15  12.27   62  509.6 3702.99779 N 00210.91366 W 12 2 0 1
2020 08 30 00 18 14 27406.261   147.314 33792.848  31.15  12.27   61  509.6 3702.99778 N 00210.91366 W 12 2 0 1
2020 08 30 00 18 15 27406.239   147.320 33792.727  31.15  12.27   62  509.7 3702.99776 N 00210.91367 W 12 2 0 1
2020 08 30 00 18 16 27406.273   147.310 33792.700  31.15  12.27   62  509.7 3702.99774 N 00210.91368 W 12 2 0 1
2020 08 30 00 18 17 27406.292   147.321 33792.844  31.15  12.27   62  509.6 3702.99772 N 00210.91368 W 12 2 0 1
2020 08 30 00 18 18 27406.269   147.314 33792.642  31.15  12.27   62  509.6 3702.99772 N 00210.91368 W 12 2 0 1
2020 08 30 00 18 19 27406.320   147.311 33792.875  31.15  12.27   61  509.5 3702.99772 N 00210.91368 W 12 2 0 1
2020 08 30 00 18 20 27406.310   147.320 33792.926  31.15  12.27   62  509.4 3702.99772 N 00210.91369 W 12 2 0 1
2020 08 30 00 18 21 27406.301   147.347 33792.408  31.15  12.27   61  509.4 3702.99773 N 00210.91368 W 12 2 0 1
2020 08 30 00 18 22 27406.333   147.315 33792.809  31.15  12.27   62  509.2 3702.99774 N 00210.91366 W 12 2 0 1
2020 08 30 00 18 23 27406.286   147.310 33792.790  31.15  12.27   61  509.2 3702.99775 N 00210.91364 W 12 2 0 1
2020 08 30 00 18 24 27406.310   147.310 33792.665  31.15  12.27   62  509.2 3702.99774 N 00210.91363 W 12 2 0 1
2020 08 30 00 18 25 27406.333   147.308 33792.938  31.15  12.27   61  509.2 3702.99772 N 00210.91362 W 12 2 0 1
2020 08 30 00 18 26 27406.272   147.277 33792.607  31.15  12.27   62  509.1 3702.99770 N 00210.91361 W 12 2 0 1
2020 08 30 00 18 27 27406.296   147.285 33792.840  31.15  12.27   62  509.1 3702.99768 N 00210.91360 W 12 2 0 1
2020 08 30 00 18 28 27406.327   147.293 33792.821  31.15  12.27   62  509.1 3702.99767 N 00210.91360 W 12 2 0 1
2020 08 30 00 18 29 27406.282   147.284 33792.743  31.15  12.27   62  509.1 3702.99768 N 00210.91358 W 12 2 0 1
2020 08 30 00 18 30 27406.323   147.287 33792.817  31.15  12.27   61  509.1 3702.99768 N 00210.91356 W 12 2 0 1
2020 08 30 00 18 31 27406.284   147.275 33792.720  31.15  12.27   62  509.1 3702.99767 N 00210.91353 W 12 2 0 1
2020 08 30 00 18 32 27406.277   147.272 33792.887  31.15  12.27   62  509.0 3702.99768 N 00210.91348 W 12 2 0 1
2020 08 30 00 18 33 27406.251   147.264 33792.571  31.15  12.27   62  509.0 3702.99769 N 00210.91345 W 12 2 0 1
2020 08 30 00 18 34 27406.328   147.291 33792.918  31.15  12.27   61  508.9 3702.99771 N 00210.91345 W 12 2 0 1
2020 08 30 00 18 35 27406.302   147.261 33792.868  31.15  12.27   62  508.9 3702.99773 N 00210.91345 W 12 2 0 1
2020 08 30 00 18 36 27406.267   147.255 33792.766  31.15  12.27   61  508.8 3702.99774 N 00210.91343 W 12 2 0 1
2020 08 30 00 18 37 27406.277   147.256 33792.864  31.15  12.27   62  508.8 3702.99776 N 00210.91341 W 12 2 0 1
2020 08 30 00 18 38 27406.292   147.260 33792.766  31.15  12.27   62  508.9 3702.99778 N 00210.91340 W 12 2 0 1
2020 08 30 00 18 39 27406.259   147.225 33792.848  31.15  12.27   62  509.0 3702.99780 N 00210.91340 W 12 2 0 1
2020 08 30 00 18 40 27406.288   147.235 33792.646  31.15  12.27   62  509.1 3702.99780 N 00210.91340 W 12 2 0 1
2020 08 30 00 18 41 27406.251   147.202 33792.930  31.15  12.27   62  509.1 3702.99781 N 00210.91340 W 12 2 0 1
2020 08 30 00 18 42 27406.339   147.260 33792.743  31.15  12.27   62  509.2 3702.99784 N 00210.91341 W 12 2 0 1
2020 08 30 00 18 43 27406.277   147.205 33792.965  31.15  12.27   61  509.3 3702.99784 N 00210.91343 W 12 2 0 1
2020 08 30 00 18 44 27406.274   147.220 33792.673  31.15  12.27   62  509.3 3702.99783 N 00210.91343 W 12 2 0 1
2020 08 30 00 18 45 27406.308   147.211 33792.801  31.15  12.27   61  509.3 3702.99784 N 00210.91344 W 12 2 0 1
2020 08 30 00 18 46 27406.240   147.183 33792.805  31.15  12.27   62  509.2 3702.99783 N 00210.91344 W 12 2 0 1
2020 08 30 00 18 47 27406.333   147.209 33792.685  31.15  12.27   62  509.2 3702.99783 N 00210.91343 W 12 2 0 1
2020 08 30 00 18 48 27406.306   147.176 33792.856  31.15  12.27   62  509.1 3702.99783 N 00210.91343 W 12 2 0 1
2020 08 30 00 18 49 27406.263   147.164 33792.809  31.15  12.27   62  509.1 3702.99782 N 00210.91345 W 12 2 0 1
2020 08 30 00 18 50 27406.298   147.161 33792.755  31.15  12.27   61  509.1 3702.99782 N 00210.91346 W 12 2 0 1
2020 08 30 00 18 51 27406.294   147.132 33792.981  31.15  12.27   62  509.0 3702.99781 N 00210.91349 W 12 2 0 1
2020 08 30 00 18 52 27406.351   147.157 33792.774  31.15  12.27   61  509.0 3702.99781 N 00210.91351 W 12 2 0 1
2020 08 30 00 18 53 27406.318   147.128 33792.880  31.15  12.27   62  508.9 3702.99783 N 00210.91352 W 12 2 0 1
2020 08 30 00 18 54 27406.331   147.128 33792.708  31.15  12.27   61  509.0 3702.99784 N 00210.91353 W 12 2 0 1
2020 08 30 00 18 55 27406.328   147.112 33793.032  31.15  12.27   62  509.0 3702.99785 N 00210.91352 W 12 2 0 1
2020 08 30 00 18 56 27406.357   147.136 33792.837  31.15  12.27   61  509.0 3702.99785 N 00210.91350 W 12 2 0 1
2020 08 30 00 18 57 27406.413   147.144 33792.899  31.15  12.27   62  509.1 3702.99785 N 00210.91350 W 12 2 0 1
2020 08 30 00 18 58 27406.378   147.132 33792.899  31.15  12.27   61  509.0 3702.99786 N 00210.91351 W 12 2 0 1
2020 08 30 00 18 59 27406.353   147.103 33792.946  31.15  12.27   62  509.0 3702.99786 N 00210.91352 W 12 2 0 1
2020 08 30 00 19 00 27406.382   147.119 33792.841  31.15  12.27   62  509.0 3702.99787 N 00210.91352 W 12 2 0 1
2020 08 30 00 19 01 27406.332   147.064 33793.043  31.15  12.27   61  508.9 3702.99788 N 00210.91353 W 12 2 0 1
2020 08 30 00 19 02 27406.436   147.140 33792.720  31.15  12.27   62  508.9 3702.99789 N 00210.91354 W 12 2 0 1
2020 08 30 00 19 03 27406.372   147.100 33792.728  31.15  12.27   61  508.8 3702.99789 N 00210.91355 W 12 2 0 1
2020 08 30 00 19 04 27406.373   147.094 33793.063  31.15  12.27   62  508.9 3702.99790 N 00210.91358 W 12 2 0 1
2020 08 30 00 19 05 27406.362   147.086 33792.724  31.15  12.27   61  508.8 3702.99790 N 00210.91361 W 12 2 0 1
2020 08 30 00 19 06 27406.386   147.115 33792.989  31.15  12.27   62  508.7 3702.99788 N 00210.91364 W 12 2 0 1
2020 08 30 00 19 07 27406.409   147.091 33792.946  31.15  12.27   61  508.7 3702.99789 N 00210.91368 W 12 2 0 1
2020 08 30 00 19 08 27406.380   147.080 33792.810  31.15  12.27   62  508.6 3702.99790 N 00210.91372 W 12 2 0 1
2020 08 30 00 19 09 27406.437   147.089 33792.833  31.15  12.27   62  508.7 3702.99791 N 00210.91375 W 12 2 0 1
2020 08 30 00 19 10 27406.374   147.053 33792.825  31.15  12.27   62  508.6 3702.99793 N 00210.91377 W 12 2 0 1
2020 08 30 00 19 11 27406.445   147.089 33792.970  31.15  12.27   62  508.6 3702.99795 N 00210.91378 W 12 2 0 1
2020 08 30 00 19 12 27406.409   147.072 33792.884  31.15  12.27   61  508.5 3702.99798 N 00210.91378 W 12 2 0 1
2020 08 30 00 19 13 27406.407   147.088 33792.802  31.15  12.27   63  508.5 3702.99801 N 00210.91377 W 12 2 0 1
2020 08 30 00 19 14 27406.433   147.092 33792.911  31.15  12.27   61  508.4 3702.99803 N 00210.91375 W 12 2 0 1
2020 08 30 00 19 15 27406.431   147.074 33792.958  31.15  12.27   62  508.4 3702.99805 N 00210.91373 W 12 2 0 1
2020 08 30 00 19 16 27406.441   147.051 33792.981  31.15  12.27   61  508.3 3702.99807 N 00210.91372 W 12 2 0 1
2020 08 30 00 19 17 27406.364   147.029 33792.884  31.15  12.27   62  508.3 3702.99809 N 00210.91370 W 12 2 0 1
2020 08 30 00 19 18 27406.402   147.040 33793.086  31.15  12.27   61  508.3 3702.99809 N 00210.91368 W 12 2 0 1
2020 08 30 00 19 19 27406.446   147.072 33792.833  31.15  12.27   62  508.3 3702.99810 N 00210.91366 W 12 2 0 1
2020 08 30 00 19 20 27406.417   147.041 33792.872  31.15  12.27   62  508.3 3702.99809 N 00210.91363 W 12 2 0 1
2020 08 30 00 19 21 27406.411   147.024 33792.927  31.15  12.27   62  508.4 3702.99809 N 00210.91360 W 12 2 0 1
2020 08 30 00 19 22 27406.454   147.046 33792.939  31.15  12.27   62  508.4 3702.99808 N 00210.91356 W 12 2 0 1
2020 08 30 00 19 23 27406.400   147.016 33792.895  31.15  12.27   62  508.4 3702.99807 N 00210.91353 W 12 2 0 1
2020 08 30 00 19 24 27406.378   147.015 33793.008  31.15  12.27   62  508.4 3702.99807 N 00210.91350 W 12 2 0 1
2020 08 30 00 19 25 27406.380   147.019 33792.821  31.15  12.27   61  508.4 3702.99806 N 00210.91350 W 12 2 0 1
2020 08 30 00 19 26 27406.396   146.997 33793.172  31.15  12.27   62  508.4 3702.99806 N 00210.91351 W 12 2 0 1
2020 08 30 00 19 27 27406.438   147.032 33792.763  31.15  12.27   61  508.4 3702.99805 N 00210.91351 W 12 2 0 1
2020 08 30 00 19 28 27406.365   146.996 33793.047  31.15  12.27   62  508.4 3702.99803 N 00210.91352 W 12 2 0 1
2020 08 30 00 19 29 27406.409   146.997 33792.919  31.15  12.27   62  508.3 3702.99802 N 00210.91352 W 12 2 0 1
2020 08 30 00 19 30 27406.400   146.985 33792.985  31.15  12.27   62  508.4 3702.99801 N 00210.91352 W 12 2 0 1
2020 08 30 00 19 31 27406.394   146.971 33793.051  31.15  12.27   62  508.3 3702.99800 N 00210.91353 W 12 2 0 1
2020 08 30 00 19 32 27406.364   146.953 33793.542  31.15  12.27   61  508.4 3702.99797 N 00210.91354 W 12 2 0 1
2020 08 30 00 19 33 27406.411   146.988 33792.709  31.15  12.27   62  508.5 3702.99795 N 00210.91356 W 12 2 0 1
2020 08 30 00 19 34 27406.429   146.980 33792.993  31.15  12.27   61  508.7 3702.99793 N 00210.91359 W 12 2 0 1
2020 08 30 00 19 35 27406.388   146.978 33792.818  31.15  12.27   62  508.8 3702.99792 N 00210.91360 W 12 2 0 1
2020 08 30 00 19 36 27406.460   146.978 33793.094  31.15  12.27   61  508.9 3702.99791 N 00210.91361 W 12 2 0 1
2020 08 30 00 19 37 27406.427   146.987 33792.872  31.15  12.27   62  509.0 3702.99791 N 00210.91360 W 12 2 0 1
2020 08 30 00 19 38 27406.406   146.970 33793.040  31.15  12.27   61  509.1 3702.99792 N 00210.91359 W 12 2 0 1
2020 08 30 00 19 39 27406.456   146.978 33792.857  31.15  12.27   62  509.0 3702.99791 N 00210.91358 W 12 2 0 1
2020 08 30 00 19 40 27406.404   146.928 33793.122  31.15  12.27   62  509.0 3702.99791 N 00210.91355 W 12 2 0 1
2020 08 30 00 19 41 27406.452   146.945 33792.946  31.15  12.27   62  509.0 3702.99789 N 00210.91353 W 12 2 0 1
2020 08 30 00 19 42 27406.446   146.971 33792.763  31.15  12.27   62  509.0 3702.99788 N 00210.91353 W 12 2 0 1
2020 08 30 00 19 43 27406.443   146.941 33793.239  31.15  12.27   62  509.1 3702.99784 N 00210.91354 W 12 2 0 1
2020 08 30 00 19 44 27406.449   146.955 33793.087  31.15  12.27   62  509.1 3702.99782 N 00210.91356 W 12 2 0 1
2020 08 30 00 19 45 27406.396   146.949 33792.771  31.15  12.27   61  509.2 3702.99780 N 00210.91356 W 12 2 0 1
2020 08 30 00 19 46 27406.470   146.962 33793.009  31.15  12.27   62  509.2 3702.99779 N 00210.91357 W 12 2 0 1
2020 08 30 00 19 47 27406.400   146.919 33792.938  31.15  12.27   61  509.2 3702.99778 N 00210.91357 W 12 2 0 1
2020 08 30 00 19 48 27406.425   146.921 33793.094  31.15  12.27   62  509.2 3702.99778 N 00210.91357 W 12 2 0 1
2020 08 30 00 19 49 27406.468   146.947 33792.989  31.15  12.27   61  509.2 3702.99779 N 00210.91355 W 12 2 0 1
2020 08 30 00 19 50 27406.416   146.919 33793.246  31.15  12.27   62  509.2 3702.99780 N 00210.91354 W 12 2 0 1
2020 08 30 00 19 51 27406.448   146.938 33792.857  31.15  12.27   62  509.3 3702.99782 N 00210.91355 W 12 2 0 1
2020 08 30 00 19 52 27406.386   146.860 33793.040  31.15  12.27   62  509.4 3702.99784 N 00210.91356 W 12 2 0 1
2020 08 30 00 19 53 27406.497   146.921 33793.099  31.15  12.27   62  509.4 3702.99786 N 00210.91356 W 12 2 0 1
2020 08 30 00 19 54 27406.489   146.943 33792.783  31.15  12.27   61  509.4 3702.99788 N 00210.91357 W 12 2 0 1
2020 08 30 00 19 55 27406.424   146.889 33793.289  31.15  12.27   62  509.5 3702.99789 N 00210.91359 W 12 2 0 1
2020 08 30 00 19 56 27406.501   146.928 33792.931  31.15  12.27   61  509.5 3702.99790 N 00210.91361 W 12 2 0 1
2020 08 30 00 19 57 27406.454   146.898 33792.935  31.15  12.27   62  509.5 3702.99789 N 00210.91361 W 12 2 0 1
2020 08 30 00 19 58 27406.458   146.916 33793.013  31.15  12.27   61  509.6 3702.99788 N 00210.91363 W 12 2 0 1
2020 08 30 00 19 59 27406.474   146.919 33792.982  31.15  12.27   63  509.6 3702.99787 N 00210.91365 W 12 2 0 1
2020 08 30 00 20 00 27406.478   146.891 33793.180  31.15  12.27   61  509.5 3702.99787 N 00210.91368 W 12 2 0 1
2020 08 30 00 20 01 27406.447   146.872 33793.091  31.15  12.27   62  509.5 3702.99787 N 00210.91370 W 12 2 0 1
2020 08 30 00 20 02 27406.538   146.885 33793.017  31.15  12.27   62  509.4 3702.99787 N 00210.91371 W 12 2 0 1
2020 08 30 00 20 03 27406.476   146.869 33792.978  31.15  12.27   62  509.3 3702.99787 N 00210.91371 W 12 2 0 1
2020 08 30 00 20 04 27406.453   146.876 33793.114  31.15  12.27   62  509.3 3702.99785 N 00210.91368 W 12 2 0 1
2020 08 30 00 20 05 27406.456   146.891 33793.063  31.15  12.27   61  509.2 3702.99783 N 00210.91365 W 12 2 0 1
2020 08 30 00 20 06 27406.445   146.853 33793.017  31.15  12.27   62  509.1 3702.99780 N 00210.91361 W 12 2 0 1
2020 08 30 00 20 07 27406.392   146.826 33793.168  31.15  12.27   61  509.1 3702.99779 N 00210.91356 W 12 2 0 1
2020 08 30 00 20 08 27406.441   146.834 33792.915  31.15  12.27   62  509.0 3702.99778 N 00210.91353 W 12 2 0 1
2020 08 30 00 20 09 27406.494   146.832 33793.188  31.15  12.27   61  509.0 3702.99778 N 00210.91351 W 12 2 0 1
2020 08 30 00 20 10 27406.435   146.824 33792.943  31.15  12.27   62  509.0 3702.99778 N 00210.91352 W 12 2 0 1
2020 08 30 00 20 11 27406.476   146.837 33793.141  31.15  12.27   62  509.0 3702.99779 N 00210.91352 W 12 2 0 1
2020 08 30 00 20 12 27406.453   146.817 33793.059  31.15  12.27   62  509.0 3702.99780 N 00210.91350 W 12 2 0 1
2020 08 30 00 20 13 27406.460   146.822 33793.126  31.15  12.27   62  509.0 3702.99780 N 00210.91352 W 12 2 0 1
2020 08 30 00 20 14 27406.454   146.806 33793.040  31.15  12.27   61  509.1 3702.99781 N 00210.91353 W 12 2 0 1
2020 08 30 00 20 15 27406.453   146.794 33793.215  31.15  12.27   62  509.1 3702.99782 N 00210.91355 W 12 2 0 1
2020 08 30 00 20 16 27406.462   146.807 33792.896  31.15  12.27   61  509.1 3702.99783 N 00210.91357 W 12 2 0 1
2020 08 30 00 20 17 27406.412   146.778 33793.020  31.15  12.27   62  509.2 3702.99783 N 00210.91359 W 12 2 0 1
2020 08 30 00 20 18 27406.396   146.757 33793.075  31.15  12.27   61  509.1 3702.99784 N 00210.91359 W 12 2 0 1
2020 08 30 00 20 19 27406.453   146.782 33793.313  31.15  12.27   62  509.1 3702.99785 N 00210.91360 W 12 2 0 1
2020 08 30 00 20 20 27406.402   146.762 33793.172  31.15  12.27   61  509.0 3702.99786 N 00210.91359 W 12 2 0 1
2020 08 30 00 20 21 27406.445   146.781 33793.036  31.15  12.27   62  508.9 3702.99786 N 00210.91358 W 12 2 0 1
2020 08 30 00 20 22 27406.429   146.757 33793.071  31.15  12.27   62  508.9 3702.99788 N 00210.91357 W 12 2 0 1
2020 08 30 00 20 23 27406.416   146.735 33793.172  31.15  12.27   62  508.9 3702.99790 N 00210.91358 W 12 2 0 1
2020 08 30 00 20 24 27406.456   146.772 33792.830  31.15  12.27   62  508.9 3702.99791 N 00210.91359 W 12 2 0 1
2020 08 30 00 20 25 27406.410   146.714 33793.484  31.15  12.27   61  509.0 3702.99791 N 00210.91358 W 12 2 0 1
2020 08 30 00 20 26 27406.486   146.755 33793.106  31.15  12.27   62  509.0 3702.99790 N 00210.91357 W 12 2 0 1
2020 08 30 00 20 27 27406.400   146.732 33793.005  31.15  12.27   61  509.0 3702.99790 N 00210.91357 W 12 2 0 1
2020 08 30 00 20 28 27406.423   146.732 33792.853  31.15  12.27   62  509.1 3702.99789 N 00210.91358 W 12 2 0 1
2020 08 30 00 20 29 27406.484   146.749 33793.032  31.15  12.27   61  509.1 3702.99787 N 00210.91357 W 12 2 0 1
2020 08 30 00 20 30 27406.439   146.705 33793.426  31.15  12.27   62  509.0 3702.99785 N 00210.91356 W 12 2 0 1
2020 08 30 00 20 31 27406.431   146.732 33793.067  31.15  12.27   61  509.0 3702.99783 N 00210.91355 W 12 2 0 1
2020 08 30 00 20 32 27406.466   146.751 33793.173  31.15  12.27   62  509.0 3702.99780 N 00210.91355 W 12 2 0 1
2020 08 30 00 20 33 27406.455   146.706 33793.102  31.15  12.27   62  509.0 3702.99777 N 00210.91354 W 12 2 0 1
2020 08 30 00 20 34 27406.505   146.746 33793.157  31.15  12.27   62  509.1 3702.99775 N 00210.91355 W 12 2 0 1
2020 08 30 00 20 35 27406.495   146.736 33793.091  31.15  12.27   62  509.1 3702.99772 N 00210.91357 W 12 2 0 1
2020 08 30 00 20 36 27406.463   146.714 33793.212  31.15  12.27   61  509.1 3702.99770 N 00210.91359 W 12 2 0 1
2020 08 30 00 20 37 27406.524   146.763 33792.818  31.15  12.27   62  509.1 3702.99769 N 00210.91360 W 12 2 0 1
2020 08 30 00 20 38 27406.474   146.722 33793.262  31.15  12.27   61  509.2 3702.99767 N 00210.91362 W 12 2 0 1
2020 08 30 00 20 39 27406.470   146.710 33793.114  31.15  12.27   62  509.2 3702.99765 N 00210.91362 W 12 2 0 1
2020 08 30 00 20 40 27406.462   146.711 33793.149  31.15  12.27   61  509.2 3702.99765 N 00210.91362 W 12 2 0 1
2020 08 30 00 20 41 27406.513   146.723 33793.149  31.15  12.27   62  509.2 3702.99766 N 00210.91361 W 12 2 0 1
2020 08 30 00 20 42 27406.463   146.706 33793.208  31.15  12.27   61  509.2 3702.99768 N 00210.91361 W 12 2 0 1
2020 08 30 00 20 43 27406.496   146.717 33793.196  31.15  12.27   62  509.3 3702.99768 N 00210.91361 W 12 2 0 1
2020 08 30 00 20 44 27406.505   146.710 33793.048  31.15  12.27   62  509.4 3702.99768 N 00210.91360 W 12 2 0 1
2020 08 30 00 20 45 27406.511   146.717 33793.216  31.15  12.27   62  509.5 3702.99770 N 00210.91358 W 12 2 0 1
2020 08 30 00 20 46 27406.478   146.699 33793.247  31.15  12.27   62  509.5 3702.99772 N 00210.91359 W 12 2 0 1
2020 08 30 00 20 47 27406.534   146.728 33793.075  31.15  12.27   61  509.5 3702.99773 N 00210.91359 W 12 2 0 1
2020 08 30 00 20 48 27406.521   146.716 33793.153  31.15  12.27   62  509.5 3702.99772 N 00210.91360 W 12 2 0 1
2020 08 30 00 20 49 27406.552   146.723 33793.111  31.15  12.27   61  509.6 3702.99772 N 00210.91360 W 12 2 0 1
2020 08 30 00 20 50 27406.496   146.681 33793.169  31.15  12.27   62  509.7 3702.99772 N 00210.91359 W 12 2 0 1
2020 08 30 00 20 51 27406.566   146.713 33793.126  31.15  12.27   61  509.9 3702.99770 N 00210.91358 W 12 2 0 1
2020 08 30 00 20 52 27406.550   146.705 33793.169  31.15  12.27   62  510.0 3702.99770 N 00210.91358 W 12 2 0 1
2020 08 30 00 20 53 27406.530   146.714 33792.990  31.15  12.27   62  510.1 3702.99770 N 00210.91358 W 12 2 0 1
2020 08 30 00 20 54 27406.547   146.701 33793.391  31.15  12.27   62  510.1 3702.99770 N 00210.91357 W 12 2 0 1
2020 08 30 00 20 55 27406.521   146.697 33793.130  31.15  12.27   62  510.2 3702.99770 N 00210.91356 W 12 2 0 1
2020 08 30 00 20 56 27406.535   146.717 33793.317  31.15  12.27   62  510.3 3702.99767 N 00210.91356 W 12 2 0 1
2020 08 30 00 20 57 27406.529   146.719 33793.161  31.15  12.27   62  510.4 3702.99764 N 00210.91359 W 12 2 0 1
2020 08 30 00 20 58 27406.570   146.726 33793.122  31.15  12.27   61  510.5 3702.99761 N 00210.91360 W 12 2 0 1
2020 08 30 00 20 59 27406.515   146.697 33793.071  31.15  12.27   62  510.6 3702.99758 N 00210.91362 W 12 2 0 1
2020 08 30 00 21 00 27406.543   146.703 33793.251  31.15  12.27   61  510.7 3702.99755 N 00210.91363 W 12 2 0 1
2020 08 30 00 21 01 27406.566   146.698 33793.340  31.15  12.27   62  510.8 3702.99751 N 00210.91364 W 12 2 0 1
2020 08 30 00 21 02 27406.567   146.734 33792.966  31.15  12.27   61  510.9 3702.99749 N 00210.91365 W 12 2 0 1
2020 08 30 00 21 03 27406.552   146.699 33793.161  31.15  12.27   62  510.9 3702.99747 N 00210.91366 W 12 2 0 1
2020 08 30 00 21 04 27406.595   146.723 33793.122  31.15  12.27   62  511.0 3702.99747 N 00210.91368 W 12 2 0 1
2020 08 30 00 21 05 27406.521   146.674 33793.161  31.15  12.27   62  511.0 3702.99747 N 00210.91371 W 12 2 0 1
2020 08 30 00 21 06 27406.562   146.686 33793.200  31.15  12.27   62  511.0 3702.99749 N 00210.91373 W 12 2 0 1
2020 08 30 00 21 07 27406.562   146.683 33793.340  31.15  12.27   61  511.0 3702.99750 N 00210.91375 W 12 2 0 1
2020 08 30 00 21 08 27406.546   146.708 33793.087  31.15  12.27   62  511.0 3702.99752 N 00210.91377 W 12 2 0 1
2020 08 30 00 21 09 27406.579   146.726 33793.208  31.15  12.27   61  511.0 3702.99753 N 00210.91379 W 12 2 0 1
2020 08 30 00 21 10 27406.517   146.682 33792.974  31.15  12.27   62  511.0 3702.99754 N 00210.91380 W 12 2 0 1
2020 08 30 00 21 11 27406.590   146.694 33793.430  31.15  12.27   61  510.9 3702.99754 N 00210.91380 W 12 2 0 1
2020 08 30 00 21 12 27406.560   146.694 33793.040  31.15  12.27   62  510.8 3702.99754 N 00210.91381 W 12 2 0 1
2020 08 30 00 21 13 27406.552   146.674 33793.329  31.15  12.27   61  510.7 3702.99753 N 00210.91381 W 12 2 0 1
2020 08 30 00 21 14 27406.618   146.750 33792.908  31.15  12.27   62  510.6 3702.99754 N 00210.91380 W 12 2 0 1
2020 08 30 00 21 15 27406.603   146.700 33793.352  31.15  12.27   62  510.5 3702.99756 N 00210.91379 W 12 2 0 1
2020 08 30 00 21 16 27406.583   146.688 33793.200  31.15  12.27   62  510.5 3702.99758 N 00210.91377 W 12 2 0 1
2020 08 30 00 21 17 27406.587   146.679 33793.146  31.15  12.27   62  510.4 3702.99759 N 00210.91376 W 12 2 0 1
2020 08 30 00 21 18 27406.574   146.686 33793.220  31.15  12.27   62  510.3 3702.99759 N 00210.91376 W 12 2 0 1
2020 08 30 00 21 19 27406.599   146.673 33793.282  31.15  12.27   62  510.3 3702.99759 N 00210.91378 W 12 2 0 1
2020 08 30 00 21 20 27406.597   146.663 33793.181  31.15  12.27   61  510.2 3702.99760 N 00210.91378 W 12 2 0 1
2020 08 30 00 21 21 27406.650   146.700 33793.349  31.15  12.27   62  510.2 3702.99761 N 00210.91377 W 12 2 0 1
2020 08 30 00 21 22 27406.581   146.666 33792.994  31.15  12.27   61  510.2 3702.99762 N 00210.91377 W 12 2 0 1
2020 08 30 00 21 23 27406.613   146.680 33793.189  31.15  12.27   62  510.3 3702.99763 N 00210.91378 W 12 2 0 1
2020 08 30 00 21 24 27406.625   146.672 33793.356  31.15  12.27   61  510.4 3702.99764 N 00210.91377 W 12 2 0 1
2020 08 30 00 21 25 27406.615   146.675 33793.286  31.15  12.27   62  510.5 3702.99765 N 00210.91374 W 12 2 0 1
2020 08 30 00 21 26 27406.603   146.681 33793.189  31.15  12.27   62  510.6 3702.99764 N 00210.91371 W 12 2 0 1
2020 08 30 00 21 27 27406.589   146.677 33793.208  31.15  12.27   61  510.6 3702.99763 N 00210.91369 W 12 2 0 1
2020 08 30 00 21 28 27406.681   146.708 33793.329  31.15  12.27   62  510.5 3702.99764 N 00210.91370 W 12 2 0 1
2020 08 30 00 21 29 27406.638   146.709 33793.072  31.15  12.27   61  510.6 3702.99765 N 00210.91369 W 12 2 0 1
2020 08 30 00 21 30 27406.613   146.680 33793.298  31.15  12.27   62  510.6 3702.99767 N 00210.91369 W 12 2 0 1
2020 08 30 00 21 31 27406.607   146.685 33793.282  31.15  12.27   61  510.6 3702.99769 N 00210.91370 W 12 2 0 1
2020 08 30 00 21 32 27406.609   146.676 33793.122  31.15  12.27   62  510.6 3702.99770 N 00210.91373 W 12 2 0 1
2020 08 30 00 21 33 27406.648   146.683 33793.150  31.15  12.27   61  510.6 3702.99770 N 00210.91375 W 12 2 0 1
2020 08 30 00 21 34 27406.624   146.675 33793.197  31.15  12.27   62  510.6 3702.99771 N 00210.91377 W 12 2 0 1
2020 08 30 00 21 35 27406.654   146.695 33793.278  31.15  12.27   62  510.7 3702.99772 N 00210.91379 W 12 2 0 1
2020 08 30 00 21 36 27406.653   146.692 33793.076  31.15  12.27   62  510.8 3702.99773 N 00210.91381 W 12 2 0 1
2020 08 30 00 21 37 27406.652   146.699 33793.325  31.15  12.27   62  510.8 3702.99770 N 00210.91388 W 12 2 0 1
2020 08 30 00 21 38 27406.622   146.693 33793.243  31.15  12.27   61  510.8 3702.99772 N 00210.91392 W 12 2 0 1
2020 08 30 00 21 39 27406.628   146.706 33793.189  31.15  12.27   62  510.7 3702.99773 N 00210.91393 W 12 2 0 1
2020 08 30 00 21 40 27406.687   146.730 33793.193  31.15  12.27   61  510.7 3702.99774 N 00210.91395 W 12 2 0 1
2020 08 30 00 21 41 27406.665   146.718 33793.236  31.15  12.27   62  510.7 3702.99775 N 00210.91395 W 12 2 0 1
2020 08 30 00 21 42 27406.638   146.704 33793.123  31.15  12.27   61  510.6 3702.99774 N 00210.91395 W 12 2 0 1
2020 08 30 00 21 43 27406.644   146.691 33793.271  31.15  12.27   62  510.6 3702.99773 N 00210.91396 W 12 2 0 1
2020 08 30 00 21 44 27406.605   146.677 33793.333  31.15  12.27   61  510.6 3702.99772 N 00210.91398 W 12 2 0 1
2020 08 30 00 21 45 27406.657   146.710 33793.185  31.15  12.27   62  510.6 3702.99772 N 00210.91398 W 12 2 0 1
2020 08 30 00 21 46 27406.638   146.698 33793.162  31.15  12.27   62  510.5 3702.99772 N 00210.91398 W 12 2 0 1
2020 08 30 00 21 47 27406.679   146.719 33793.201  31.15  12.27   62  510.5 3702.99772 N 00210.91399 W 12 2 0 1
2020 08 30 00 21 48 27406.618   146.721 33793.161  31.15  12.27   62  510.4 3702.99772 N 00210.91398 W 12 2 0 1
2020 08 30 00 21 49 27406.675   146.707 33793.263  31.15  12.27   61  510.4 3702.99774 N 00210.91397 W 12 2 0 1
2020 08 30 00 21 50 27406.671   146.688 33793.216  31.15  12.27   62  510.3 3702.99775 N 00210.91395 W 12 2 0 1
2020 08 30 00 21 51 27406.696   146.713 33793.181  31.15  12.27   61  510.3 3702.99777 N 00210.91393 W 12 2 0 1
2020 08 30 00 21 52 27406.656   146.676 33793.446  31.15  12.27   62  510.3 3702.99778 N 00210.91392 W 12 2 0 1
2020 08 30 00 21 53 27406.615   146.685 33793.294  31.15  12.27   61  510.3 3702.99779 N 00210.91390 W 12 2 0 1
2020 08 30 00 21 54 27406.671   146.704 33793.064  31.15  12.27   62  510.5 3702.99777 N 00210.91389 W 12 2 0 1
2020 08 30 00 21 55 27406.691   146.721 33793.150  31.15  12.27   61  510.5 3702.99776 N 00210.91388 W 12 2 0 1
2020 08 30 00 21 56 27406.634   146.702 33793.247  31.15  12.27   62  510.5 3702.99775 N 00210.91386 W 12 2 0 1
2020 08 30 00 21 57 27406.621   146.699 33793.251  31.15  12.27   62  510.5 3702.99773 N 00210.91385 W 12 2 0 1
2020 08 30 00 21 58 27406.650   146.699 33793.251  31.15  12.27   62  510.5 3702.99771 N 00210.91385 W 12 2 0 1
2020 08 30 00 21 59 27406.626   146.702 33793.282  31.15  12.27   62  510.5 3702.99770 N 00210.91385 W 12 2 0 1
2020 08 30 00 22 00 27406.628   146.701 33793.212  31.15  12.27   62  510.5 3702.99770 N 00210.91387 W 12 2 0 1
2020 08 30 00 22 01 27406.642   146.717 33793.150  31.15  12.27   62  510.5 3702.99770 N 00210.91388 W 12 2 0 1
2020 08 30 00 22 02 27406.619   146.682 33793.333  31.15  12.27   61  510.5 3702.99767 N 00210.91394 W 12 2 0 1
2020 08 30 00 22 03 27406.624   146.718 33793.255  31.15  12.27   62  510.5 3702.99768 N 00210.91396 W 12 2 0 1
2020 08 30 00 22 04 27406.614   146.721 33793.130  31.15  12.27   61  510.4 3702.99768 N 00210.91399 W 12 2 0 1
2020 08 30 00 22 05 27406.677   146.746 33793.150  31.15  12.27   62  510.4 3702.99767 N 00210.91401 W 12 2 0 1
2020 08 30 00 22 06 27406.660   146.729 33793.329  31.15  12.27   61  510.4 3702.99764 N 00210.91402 W 12 2 0 1
2020 08 30 00 22 07 27406.691   146.710 33793.259  31.15  12.27   62  510.4 3702.99764 N 00210.91402 W 12 2 0 1
2020 08 30 00 22 08 27406.691   146.719 33793.263  31.15  12.27   62  510.4 3702.99763 N 00210.91402 W 12 2 0 1
2020 08 30 00 22 09 27406.648   146.727 33793.232  31.15  12.27   62  510.5 3702.99761 N 00210.91403 W 12 2 0 1
2020 08 30 00 22 10 27406.624   146.714 33793.161  31.15  12.27   62  510.5 3702.99761 N 00210.91401 W 12 2 0 1
2020 08 30 00 22 11 27406.650   146.708 33793.508  31.15  12.27   61  510.5 3702.99759 N 00210.91400 W 12 2 0 1
2020 08 30 00 22 12 27406.656   146.714 33793.208  31.15  12.27   62  510.5 3702.99756 N 00210.91398 W 12 2 0 1
2020 08 30 00 22 13 27406.566   146.685 33793.263  31.15  12.27   61  510.5 3702.99754 N 00210.91398 W 12 2 0 1
2020 08 30 00 22 14 27406.659   146.751 33792.971  31.15  12.27   62  510.4 3702.99753 N 00210.91397 W 12 2 0 1
2020 08 30 00 22 15 27406.665   146.728 33793.275  31.15  12.27   61  510.4 3702.99752 N 00210.91396 W 12 2 0 1
2020 08 30 00 22 16 27406.632   146.691 33793.391  31.15  12.27   62  510.4 3702.99751 N 00210.91395 W 12 2 0 1
2020 08 30 00 22 17 27406.597   146.678 33793.345  31.15  12.27   62  510.3 3702.99750 N 00210.91394 W 12 2 0 1
2020 08 30 00 22 18 27406.611   146.706 33793.150  31.15  12.27   62  510.3 3702.99749 N 00210.91392 W 12 2 0 1
2020 08 30 00 22 19 27406.624   146.719 33793.239  31.15  12.27   62  510.3 3702.99748 N 00210.91390 W 12 2 0 1
2020 08 30 00 22 20 27406.642   146.722 33793.247  31.15  12.27   62  510.2 3702.99749 N 00210.91388 W 12 2 0 1
2020 08 30 00 22 21 27406.617   146.722 33793.189  31.15  12.27   62  510.2 3702.99750 N 00210.91388 W 12 2 0 1
2020 08 30 00 22 22 27406.630   146.727 33793.255  31.15  12.27   61  510.2 3702.99750 N 00210.91388 W 12 2 0 1
2020 08 30 00 22 23 27406.615   146.717 33793.313  31.15  12.27   62  510.2 3702.99751 N 00210.91389 W 12 2 0 1
2020 08 30 00 22 24 27406.650   146.744 33793.317  31.15  12.27   61  510.2 3702.99750 N 00210.91391 W 12 2 0 1
2020 08 30 00 22 25 27406.619   146.696 33793.376  31.15  12.27   62  510.3 3702.99750 N 00210.91394 W 12 2 0 1
2020 08 30 00 22 26 27406.658   146.720 33793.290  31.15  12.27   61  510.3 3702.99751 N 00210.91396 W 12 2 0 1
2020 08 30 00 22 27 27406.620   146.714 33792.998  31.15  12.27   62  510.3 3702.99753 N 00210.91396 W 12 2 0 1
2020 08 30 00 22 28 27406.611   146.698 33793.302  31.15  12.27   62  510.3 3702.99754 N 00210.91398 W 12 2 0 1
2020 08 30 00 22 29 27406.636   146.720 33793.197  31.15  12.27   62  510.3 3702.99756 N 00210.91399 W 12 2 0 1
2020 08 30 00 22 30 27406.658   146.704 33793.224  31.15  12.27   62  510.3 3702.99756 N 00210.91400 W 12 2 0 1
2020 08 30 00 22 31 27406.597   146.657 33793.360  31.15  12.27   62  510.4 3702.99756 N 00210.91402 W 12 2 0 1
2020 08 30 00 22 32 27406.667   146.710 33793.130  31.15  12.27   62  510.4 3702.99755 N 00210.91404 W 12 2 0 1
2020 08 30 00 22 33 27406.618   146.708 33793.037  31.15  12.27   61  510.5 3702.99755 N 00210.91406 W 12 2 0 1
2020 08 30 00 22 34 27406.664   146.717 33793.403  31.15  12.27   62  510.5 3702.99754 N 00210.91406 W 12 2 0 1
2020 08 30 00 22 35 27406.654   146.683 33793.321  31.15  12.27   61  510.6 3702.99753 N 00210.91405 W 12 2 0 1
2020 08 30 00 22 36 27406.630   146.693 33793.239  31.15  12.27   62  510.6 3702.99752 N 00210.91403 W 12 2 0 1
2020 08 30 00 22 37 27406.644   146.680 33793.384  31.15  12.27   61  510.6 3702.99751 N 00210.91402 W 12 2 0 1
2020 08 30 00 22 38 27406.621   146.671 33793.274  31.15  12.27   63  510.6 3702.99753 N 00210.91400 W 12 2 0 1
2020 08 30 00 22 39 27406.611   146.672 33793.267  31.15  12.27   62  510.6 3702.99753 N 00210.91400 W 12 2 0 1
2020 08 30 00 22 40 27406.671   146.712 33793.060  31.15  12.27   62  510.5 3702.99754 N 00210.91399 W 12 2 0 1
2020 08 30 00 22 41 27406.576   146.640 33793.298  31.15  12.27   62  510.4 3702.99755 N 00210.91399 W 12 2 0 1
2020 08 30 00 22 42 27406.646   146.671 33793.286  31.15  12.27   61  510.4 3702.99756 N 00210.91397 W 12 2 0 1
2020 08 30 00 22 43 27406.630   146.674 33793.349  31.15  12.27   62  510.3 3702.99758 N 00210.91396 W 12 2 0 1
2020 08 30 00 22 44 27406.616   146.669 33793.126  31.15  12.27   61  510.3 3702.99758 N 00210.91396 W 12 2 0 1
2020 08 30 00 22 45 27406.666   146.642 33793.380  31.15  12.27   62  510.1 3702.99757 N 00210.91396 W 12 2 0 1
2020 08 30 00 22 46 27406.638   146.649 33793.162  31.15  12.27   61  510.0 3702.99757 N 00210.91393 W 12 2 0 1
2020 08 30 00 22 47 27406.612   146.641 33793.087  31.15  12.27   62  509.9 3702.99758 N 00210.91391 W 12 2 0 1
2020 08 30 00 22 48 27406.609   146.634 33793.387  31.15  12.27   62  509.8 3702.99759 N 00210.91391 W 12 2 0 1
2020 08 30 00 22 49 27406.652   146.638 33793.224  31.15  12.27   62  509.8 3702.99759 N 00210.91391 W 12 2 0 1
2020 08 30 00 22 50 27406.667   146.655 33793.279  31.15  12.27   62  509.7 3702.99758 N 00210.91396 W 12 2 0 1
2020 08 30 00 22 51 27406.640   146.650 33793.224  31.15  12.27   62  509.7 3702.99758 N 00210.91398 W 12 2 0 1
2020 08 30 00 22 52 27406.632   146.633 33793.341  31.15  12.27   62  509.7 3702.99759 N 00210.91401 W 12 2 0 1
2020 08 30 00 22 53 27406.611   146.612 33793.302  31.15  12.27   61  509.8 3702.99760 N 00210.91405 W 12 2 0 1
2020 08 30 00 22 54 27406.652   146.640 33793.267  31.15  12.27   62  509.8 3702.99761 N 00210.91406 W 12 2 0 1
2020 08 30 00 22 55 27406.613   146.606 33793.228  31.15  12.27   61  509.8 3702.99762 N 00210.91406 W 12 2 0 1
2020 08 30 00 22 56 27406.654   146.616 33793.279  31.15  12.27   62  509.8 3702.99763 N 00210.91406 W 12 2 0 1
2020 08 30 00 22 57 27406.656   146.610 33793.189  31.15  12.27   61  509.7 3702.99763 N 00210.91403 W 12 2 0 1
2020 08 30 00 22 58 27406.634   146.599 33793.232  31.15  12.27   62  509.7 3702.99763 N 00210.91405 W 12 2 0 1
2020 08 30 00 22 59 27406.683   146.610 33793.458  31.15  12.27   62  509.7 3702.99761 N 00210.91408 W 12 2 0 1
2020 08 30 00 23 00 27406.624   146.592 33793.275  31.15  12.27   62  509.8 3702.99759 N 00210.91412 W 12 2 0 1
2020 08 30 00 23 01 27406.656   146.602 33793.251  31.15  12.27   62  509.8 3702.99758 N 00210.91416 W 12 2 0 1
2020 08 30 00 23 02 27406.642   146.593 33793.333  31.15  12.27   62  509.9 3702.99759 N 00210.91419 W 12 2 0 1
2020 08 30 00 23 03 27406.636   146.561 33793.395  31.15  12.27   62  509.9 3702.99762 N 00210.91419 W 12 2 0 1
2020 08 30 00 23 04 27406.677   146.575 33793.064  31.15  12.27   61  509.8 3702.99764 N 00210.91418 W 12 2 0 1
2020 08 30 00 23 05 27406.663   146.564 33793.228  31.15  12.27   62  509.7 3702.99764 N 00210.91419 W 12 2 0 1
2020 08 30 00 23 06 27406.672   146.568 33793.497  31.15  12.27   61  509.6 3702.99765 N 00210.91420 W 12 2 0 1
2020 08 30 00 23 07 27406.691   146.569 33793.224  31.15  12.27   62  509.5 3702.99765 N 00210.91421 W 12 2 0 1
2020 08 30 00 23 08 27406.664   146.562 33793.458  31.15  12.27   61  509.5 3702.99767 N 00210.91422 W 12 2 0 1
2020 08 30 00 23 09 27406.716   146.578 33793.088  31.15  12.27   62  509.5 3702.99768 N 00210.91422 W 12 2 0 1
2020 08 30 00 23 10 27406.629   146.528 33793.497  31.15  12.27   62  509.6 3702.99770 N 00210.91420 W 12 2 0 1
2020 08 30 00 23 11 27406.650   146.552 33793.240  31.15  12.27   62  509.7 3702.99770 N 00210.91418 W 12 2 0 1
2020 08 30 00 23 12 27406.677   146.540 33793.462  31.15  12.27   62  509.7 3702.99770 N 00210.91417 W 12 2 0 1
2020 08 30 00 23 13 27406.671   146.567 33793.224  31.15  12.27   61  509.7 3702.99769 N 00210.91414 W 12 2 0 1
2020 08 30 00 23 14 27406.685   146.586 33793.057  31.15  12.27   62  509.7 3702.99769 N 00210.91413 W 12 2 0 1
2020 08 30 00 23 15 27406.613   146.508 33793.567  31.15  12.27   61  509.6 3702.99767 N 00210.91414 W 12 2 0 1
2020 08 30 00 23 16 27406.689   146.539 33793.341  31.15  12.27   62  509.6 3702.99764 N 00210.91413 W 12 2 0 1
2020 08 30 00 23 17 27406.691   146.546 33793.248  31.15  12.27   61  509.6 3702.99764 N 00210.91411 W 12 2 0 1
2020 08 30 00 23 18 27406.648   146.514 33793.232  31.15  12.27   62  509.6 3702.99763 N 00210.91408 W 12 2 0 1
2020 08 30 00 23 19 27406.666   146.518 33793.614  31.15  12.27   61  509.6 3702.99760 N 00210.91406 W 12 2 0 1
2020 08 30 00 23 20 27406.702   146.559 33792.916  31.15  12.27   62  509.7 3702.99758 N 00210.91404 W 12 2 0 1
2020 08 30 00 23 21 27406.672   146.505 33793.668  31.15  12.27   62  509.7 3702.99757 N 00210.91402 W 12 2 0 1
2020 08 30 00 23 22 27406.716   146.547 33793.142  31.15  12.27   62  509.6 3702.99759 N 00210.91400 W 12 2 0 1
2020 08 30 00 23 23 27406.715   146.525 33793.555  31.15  12.27   62  509.6 3702.99758 N 00210.91400 W 12 2 0 1
2020 08 30 00 23 24 27406.687   146.516 33793.142  31.15  12.27   61  509.6 3702.99758 N 00210.91402 W 12 2 0 1
2020 08 30 00 23 25 27406.722   146.522 33793.442  31.15  12.27   62  509.7 3702.99756 N 00210.91403 W 12 2 0 1
2020 08 30 00 23 26 27406.701   146.527 33793.368  31.15  12.27   61  509.7 3702.99756 N 00210.91402 W 12 2 0 1
2020 08 30 00 23 27 27406.730   146.549 33793.294  31.15  12.27   62  509.7 3702.99756 N 00210.91401 W 12 2 0 1
2020 08 30 00 23 28 27406.745   146.532 33793.326  31.15  12.27   61  509.8 3702.99757 N 00210.91401 W 12 2 0 1
2020 08 30 00 23 29 27406.722   146.536 33793.298  31.15  12.27   63  509.7 3702.99758 N 00210.91399 W 12 2 0 1
2020 08 30 00 23 30 27406.718   146.534 33793.310  31.15  12.27   62  509.7 3702.99759 N 00210.91398 W 12 2 0 1
2020 08 30 00 23 31 27406.699   146.518 33793.302  31.15  12.27   62  509.7 3702.99760 N 00210.91398 W 12 2 0 1
2020 08 30 00 23 32 27406.699   146.526 33793.306  31.15  12.27   62  509.8 3702.99762 N 00210.91399 W 12 2 0 1
2020 08 30 00 23 33 27406.707   146.514 33793.497  31.15  12.27   62  509.8 3702.99764 N 00210.91403 W 12 2 0 1
2020 08 30 00 23 34 27406.710   146.517 33793.100  31.15  12.27   62  509.8 3702.99769 N 00210.91406 W 12 2 0 1
2020 08 30 00 23 35 27406.738   146.519 33793.485  31.15  12.27   61  509.8 3702.99773 N 00210.91406 W 12 2 0 1
2020 08 30 00 23 36 27406.701   146.511 33793.294  31.15  12.27   62  509.7 3702.99776 N 00210.91407 W 12 2 0 1
2020 08 30 00 23 37 27406.675   146.496 33793.333  31.15  12.27   61  509.8 3702.99779 N 00210.91409 W 12 2 0 1
2020 08 30 00 23 38 27406.712   146.519 33793.314  31.15  12.27   62  509.8 3702.99782 N 00210.91410 W 12 2 0 1
2020 08 30 00 23 39 27406.745   146.547 33793.267  31.15  12.27   61  509.9 3702.99785 N 00210.91409 W 12 2 0 1
2020 08 30 00 23 40 27406.658   146.486 33793.294  31.15  12.27   62  510.0 3702.99787 N 00210.91410 W 12 2 0 1
2020 08 30 00 23 41 27406.714   146.512 33793.442  31.15  12.27   62  510.1 3702.99790 N 00210.91409 W 12 2 0 1
2020 08 30 00 23 42 27406.728   146.544 33793.158  31.15  12.27   62  510.2 3702.99791 N 00210.91406 W 12 2 0 1
2020 08 30 00 23 43 27406.699   146.499 33793.594  31.15  12.27   62  510.2 3702.99789 N 00210.91405 W 12 2 0 1
2020 08 30 00 23 44 27406.650   146.498 33793.298  31.15  12.27   61  510.3 3702.99786 N 00210.91404 W 12 2 0 1
2020 08 30 00 23 45 27406.706   146.532 33793.267  31.15  12.27   62  510.3 3702.99784 N 00210.91402 W 12 2 0 1
2020 08 30 00 23 46 27406.702   146.523 33793.267  31.15  12.27   62  510.3 3702.99786 N 00210.91401 W 12 2 0 1
2020 08 30 00 23 47 27406.724   146.500 33793.493  31.15  12.27   62  510.3 3702.99788 N 00210.91400 W 12 2 0 1
2020 08 30 00 23 48 27406.712   146.502 33793.341  31.15  12.27   61  510.3 3702.99790 N 00210.91401 W 12 2 0 1
2020 08 30 00 23 49 27406.730   146.511 33793.353  31.15  12.27   62  510.5 3702.99792 N 00210.91402 W 12 2 0 1
2020 08 30 00 23 50 27406.742   146.526 33793.388  31.15  12.27   61  510.5 3702.99792 N 00210.91399 W 12 2 0 1
2020 08 30 00 23 51 27406.673   146.508 33793.189  31.15  12.27   62  510.5 3702.99792 N 00210.91400 W 12 2 0 1
2020 08 30 00 23 52 27406.740   146.519 33793.563  31.15  12.27   62  510.5 3702.99790 N 00210.91398 W 12 2 0 1
2020 08 30 00 23 53 27406.710   146.534 33793.248  31.15  12.27   62  510.5 3702.99787 N 00210.91397 W 12 2 0 1
2020 08 30 00 23 54 27406.726   146.516 33793.415  31.15  12.27   62  510.5 3702.99786 N 00210.91397 W 12 2 0 1
2020 08 30 00 23 55 27406.675   146.508 33793.298  31.15  12.27   61  510.5 3702.99783 N 00210.91397 W 12 2 0 1
2020 08 30 00 23 56 27406.699   146.524 33793.341  31.15  12.27   62  510.6 3702.99781 N 00210.91399 W 12 2 0 1
2020 08 30 00 23 57 27406.666   146.490 33793.477  31.15  12.27   61  510.6 3702.99781 N 00210.91401 W 12 2 0 1
2020 08 30 00 23 58 27406.667   146.484 33793.357  31.15  12.27   63  510.6 3702.99781 N 00210.91403 W 12 2 0 1
2020 08 30 00 23 59 27406.656   146.473 33793.357  31.15  12.27   61  510.6 3702.99781 N 00210.91404 W 12 2 0 1
2020 08 30 00 24 00 27406.677   146.498 33793.310  31.15  12.27   62  510.5 3702.99781 N 00210.91404 W 12 2 0 1
2020 08 30 00 24 01 27406.689   146.503 33793.372  31.15  12.27   61  510.4 3702.99782 N 00210.91404 W 12 2 0 1
2020 08 30 00 24 02 27406.605   146.464 33793.352  31.15  12.27   62  510.3 3702.99784 N 00210.91406 W 12 2 0 1
2020 08 30 00 24 03 27406.704   146.502 33793.337  31.15  12.27   62  510.3 3702.99785 N 00210.91409 W 12 2 0 1
2020 08 30 00 24 04 27406.642   146.486 33793.392  31.15  12.27   61  510.1 3702.99787 N 00210.91412 W 12 2 0 1
2020 08 30 00 24 05 27406.640   146.474 33793.142  31.15  12.27   62  510.0 3702.99789 N 00210.91415 W 12 2 0 1
2020 08 30 00 24 06 27406.650   146.464 33793.563  31.15  12.27   61  509.9 3702.99791 N 00210.91417 W 12 2 0 1
2020 08 30 00 24 07 27406.689   146.487 33793.474  31.15  12.27   62  509.8 3702.99793 N 00210.91418 W 12 2 0 1
2020 08 30 00 24 08 27406.650   146.493 33793.298  31.15  12.27   61  509.7 3702.99795 N 00210.91420 W 12 2 0 1
2020 08 30 00 24 09 27406.720   146.492 33793.326  31.15  12.27   62  509.7 3702.99796 N 00210.91420 W 12 2 0 1
2020 08 30 00 24 10 27406.665   146.474 33793.322  31.15  12.27   61  509.7 3702.99796 N 00210.91422 W 12 2 0 1
2020 08 30 00 24 11 27406.681   146.495 33793.403  31.15  12.27   62  509.6 3702.99796 N 00210.91422 W 12 2 0 1
2020 08 30 00 24 12 27406.679   146.497 33793.212  31.15  12.27   62  509.5 3702.99795 N 00210.91422 W 12 2 0 1
2020 08 30 00 24 13 27406.654   146.465 33793.360  31.15  12.27   62  509.3 3702.99794 N 00210.91421 W 12 2 0 1
2020 08 30 00 24 14 27406.670   146.460 33793.497  31.15  12.27   62  509.3 3702.99792 N 00210.91421 W 12 2 0 1
2020 08 30 00 24 15 27406.630   146.450 33793.395  31.15  12.27   61  509.3 3702.99789 N 00210.91420 W 12 2 0 1
2020 08 30 00 24 16 27406.658   146.480 33793.283  31.15  12.27   62  509.3 3702.99787 N 00210.91420 W 12 2 0 1
2020 08 30 00 24 17 27406.663   146.477 33793.279  31.15  12.27   62  509.3 3702.99783 N 00210.91418 W 12 2 0 1
2020 08 30 00 24 18 27406.693   146.492 33793.392  31.15  12.27   62  509.3 3702.99781 N 00210.91417 W 12 2 0 1
2020 08 30 00 24 19 27406.654   146.449 33793.380  31.15  12.27   61  509.3 3702.99779 N 00210.91415 W 12 2 0 1
2020 08 30 00 24 20 27406.625   146.443 33793.399  31.15  12.27   63  509.3 3702.99776 N 00210.91412 W 12 2 0 1
2020 08 30 00 24 21 27406.648   146.458 33793.228  31.14  12.27   61  509.2 3702.99775 N 00210.91407 W 12 2 0 1
2020 08 30 00 24 22 27406.666   146.461 33793.438  31.14  12.27   62  509.3 3702.99771 N 00210.91403 W 12 2 0 1
2020 08 30 00 24 23 27406.652   146.464 33793.337  31.14  12.27   62  509.4 3702.99768 N 00210.91400 W 12 2 0 1
2020 08 30 00 24 24 27406.661   146.469 33793.267  31.14  12.27   62  509.4 3702.99765 N 00210.91395 W 12 2 0 1
2020 08 30 00 24 25 27406.656   146.464 33793.384  31.14  12.27   62  509.5 3702.99763 N 00210.91390 W 12 2 0 1
2020 08 30 00 24 26 27406.656   146.484 33793.298  31.14  12.27   62  509.5 3702.99763 N 00210.91387 W 12 2 0 1
2020 08 30 00 24 27 27406.658   146.477 33793.364  31.14  12.27   62  509.5 3702.99763 N 00210.91384 W 12 2 0 1
2020 08 30 00 24 28 27406.731   146.520 33792.882  31.14  12.27   61  509.5 3702.99765 N 00210.91382 W 12 2 0 1
2020 08 30 00 24 29 27406.666   146.469 33793.458  31.14  12.27   62  509.4 3702.99765 N 00210.91381 W 12 2 0 1
2020 08 30 00 24 30 27406.607   146.463 33793.462  31.14  12.27   61  509.5 3702.99767 N 00210.91379 W 12 2 0 1
2020 08 30 00 24 31 27406.654   146.467 33793.614  31.14  12.27   62  509.6 3702.99768 N 00210.91378 W 12 2 0 1
2020 08 30 00 24 32 27406.630   146.478 33793.356  31.14  12.27   61  509.6 3702.99770 N 00210.91378 W 12 2 0 1
2020 08 30 00 24 33 27406.627   146.469 33793.376  31.14  12.27   62  509.6 3702.99769 N 00210.91378 W 12 2 0 1
2020 08 30 00 24 34 27406.621   146.485 33793.282  31.15  12.27   62  509.7 3702.99769 N 00210.91379 W 12 2 0 1
2020 08 30 00 24 35 27406.648   146.466 33793.508  31.14  12.27   62  509.7 3702.99768 N 00210.91380 W 12 2 0 1
2020 08 30 00 24 36 27406.607   146.472 33793.247  31.14  12.27   62  509.6 3702.99767 N 00210.91382 W 12 2 0 1
2020 08 30 00 24 37 27406.613   146.464 33793.376  31.14  12.27   62  509.6 3702.99765 N 00210.91382 W 12 2 0 1
2020 08 30 00 24 38 27406.621   146.469 33793.314  31.14  12.27   62  509.5 3702.99764 N 00210.91384 W 12 2 0 1
2020 08 30 00 24 39 27406.582   146.422 33793.395  31.14  12.27   61  509.4 3702.99764 N 00210.91385 W 12 2 0 1
2020 08 30 00 24 40 27406.597   146.432 33793.267  31.14  12.27   62  509.5 3702.99761 N 00210.91387 W 12 2 0 1
2020 08 30 00 24 41 27406.609   146.421 33793.325  31.14  12.27   61  509.5 3702.99759 N 00210.91387 W 12 2 0 1
2020 08 30 00 24 42 27406.658   146.446 33793.411  31.14  12.27   62  509.5 3702.99760 N 00210.91387 W 12 2 0 1
2020 08 30 00 24 43 27406.650   146.441 33793.368  31.14  12.27   61  509.6 3702.99761 N 00210.91389 W 12 2 0 1
2020 08 30 00 24 44 27406.634   146.425 33793.321  31.14  12.27   62  509.6 3702.99761 N 00210.91389 W 12 2 0 1
2020 08 30 00 24 45 27406.662   146.454 33793.368  31.14  12.27   62  509.6 3702.99762 N 00210.91388 W 12 2 0 1
2020 08 30 00 24 46 27406.609   146.414 33793.317  31.14  12.27   61  509.5 3702.99763 N 00210.91387 W 12 2 0 1
2020 08 30 00 24 47 27406.603   146.436 33793.325  31.14  12.27   62  509.5 3702.99764 N 00210.91390 W 12 2 0 1
2020 08 30 00 24 48 27406.605   146.426 33793.232  31.14  12.27   61  509.4 3702.99766 N 00210.91391 W 12 2 0 1
2020 08 30 00 24 49 27406.630   146.436 33793.360  31.14  12.27   62  509.4 3702.99769 N 00210.91392 W 12 2 0 1
2020 08 30 00 24 50 27406.627   146.454 33793.356  31.14  12.27   61  509.3 3702.99773 N 00210.91394 W 12 2 0 1
2020 08 30 00 24 51 27406.589   146.433 33793.356  31.14  12.27   62  509.3 3702.99777 N 00210.91397 W 12 2 0 1
2020 08 30 00 24 52 27406.593   146.458 33793.271  31.14  12.27   61  509.3 3702.99780 N 00210.91397 W 12 2 0 1
2020 08 30 00 24 53 27406.597   146.434 33793.384  31.14  12.27   62  509.2 3702.99784 N 00210.91398 W 12 2 0 1
2020 08 30 00 24 54 27406.599   146.421 33793.236  31.14  12.27   62  509.2 3702.99789 N 00210.91402 W 12 2 0 1
2020 08 30 00 24 55 27406.609   146.436 33793.341  31.14  12.27   62  509.2 3702.99793 N 00210.91405 W 12 2 0 1
2020 08 30 00 24 56 27406.601   146.434 33793.384  31.14  12.27   62  509.2 3702.99796 N 00210.91408 W 12 2 0 1
2020 08 30 00 24 57 27406.601   146.431 33793.419  31.14  12.27   62  509.2 3702.99798 N 00210.91410 W 12 2 0 1
2020 08 30 00 24 58 27406.642   146.432 33793.306  31.14  12.27   62  509.3 3702.99798 N 00210.91415 W 12 2 0 1
2020 08 30 00 24 59 27406.615   146.449 33793.337  31.14  12.27   61  509.3 3702.99799 N 00210.91418 W 12 2 0 1
2020 08 30 00 25 00 27406.607   146.451 33793.271  31.14  12.27   62  509.4 3702.99800 N 00210.91422 W 12 2 0 1
2020 08 30 00 25 01 27406.583   146.437 33793.216  31.14  12.27   61  509.3 3702.99802 N 00210.91422 W 12 2 0 1
2020 08 30 00 25 02 27406.596   146.450 33793.462  31.14  12.27   62  509.2 3702.99802 N 00210.91421 W 12 2 0 1
2020 08 30 00 25 03 27406.558   146.445 33793.193  31.14  12.27   61  509.2 3702.99802 N 00210.91421 W 12 2 0 1
2020 08 30 00 25 04 27406.605   146.459 33793.415  31.14  12.27   62  509.0 3702.99805 N 00210.91421 W 12 2 0 1
2020 08 30 00 25 05 27406.609   146.447 33793.345  31.14  12.27   62  509.0 3702.99808 N 00210.91420 W 12 2 0 1
2020 08 30 00 25 06 27406.609   146.464 33793.333  31.14  12.27   62  509.0 3702.99809 N 00210.91420 W 12 2 0 1
2020 08 30 00 25 07 27406.615   146.468 33793.384  31.14  12.27   62  509.0 3702.99810 N 00210.91420 W 12 2 0 1
2020 08 30 00 25 08 27406.597   146.473 33793.239  31.14  12.27   61  509.0 3702.99810 N 00210.91420 W 12 2 0 1
2020 08 30 00 25 09 27406.589   146.468 33793.345  31.14  12.27   62  509.0 3702.99810 N 00210.91419 W 12 2 0 1
2020 08 30 00 25 10 27406.576   146.478 33793.310  31.14  12.27   61  509.1 3702.99808 N 00210.91418 W 12 2 0 1
2020 08 30 00 25 11 27406.587   146.494 33793.267  31.14  12.27   62  509.1 3702.99806 N 00210.91417 W 12 2 0 1
2020 08 30 00 25 12 27406.566   146.455 33793.481  31.14  12.27   61  509.2 3702.99804 N 00210.91417 W 12 2 0 1
2020 08 30 00 25 13 27406.603   146.498 33793.282  31.14  12.27   62  509.2 3702.99802 N 00210.91416 W 12 2 0 1
2020 08 30 00 25 14 27406.551   146.493 33793.380  31.14  12.27   61  509.3 3702.99799 N 00210.91417 W 12 2 0 1
2020 08 30 00 25 15 27406.578   146.485 33793.325  31.14  12.27   62  509.3 3702.99798 N 00210.91416 W 12 2 0 1
2020 08 30 00 25 16 27406.564   146.491 33793.337  31.14  12.27   62  509.3 3702.99797 N 00210.91414 W 12 2 0 1
2020 08 30 00 25 17 27406.556   146.503 33793.274  31.14  12.27   63  509.2 3702.99798 N 00210.91413 W 12 2 0 1
2020 08 30 00 25 18 27406.558   146.512 33793.430  31.14  12.27   62  509.2 3702.99798 N 00210.91413 W 12 2 0 1
2020 08 30 00 25 19 27406.585   146.522 33793.251  31.14  12.27   62  509.1 3702.99799 N 00210.91412 W 12 2 0 1
2020 08 30 00 25 20 27406.568   146.538 33793.372  31.14  12.27   63  509.0 3702.99801 N 00210.91412 W 12 2 0 1
2020 08 30 00 25 21 27406.525   146.514 33793.321  31.14  12.27   61  509.0 3702.99801 N 00210.91411 W 12 2 0 1
2020 08 30 00 25 22 27406.507   146.536 33793.274  31.14  12.27   62  509.0 3702.99802 N 00210.91408 W 12 2 0 1
2020 08 30 00 25 23 27406.492   146.527 33793.313  31.14  12.27   61  509.0 3702.99801 N 00210.91405 W 12 2 0 1
2020 08 30 00 25 24 27406.449   146.522 33793.290  31.14  12.27   62  509.0 3702.99801 N 00210.91402 W 12 2 0 1
2020 08 30 00 25 25 27406.475   146.551 33793.426  31.14  12.27   61  509.1 3702.99800 N 00210.91399 W 12 2 0 1
2020 08 30 00 25 26 27406.437   146.553 33793.219  31.14  12.27   62  509.2 3702.99799 N 00210.91397 W 12 2 0 1
2020 08 30 00 25 27 27406.453   146.536 33793.383  31.14  12.27   62  509.3 3702.99795 N 00210.91397 W 12 2 0 1
2020 08 30 00 25 28 27406.439   146.558 33793.231  31.14  12.27   62  509.4 3702.99792 N 00210.91397 W 12 2 0 1
2020 08 30 00 25 29 27406.470   146.573 33793.239  31.14  12.27   63  509.6 3702.99789 N 00210.91397 W 12 2 0 1
2020 08 30 00 25 30 27406.441   146.558 33793.461  31.14  12.27   61  509.7 3702.99787 N 00210.91396 W 12 2 0 1
2020 08 30 00 25 31 27406.457   146.562 33793.282  31.14  12.27   62  509.8 3702.99783 N 00210.91394 W 12 2 0 1
2020 08 30 00 25 32 27406.414   146.567 33793.254  31.14  12.27   61  509.9 3702.99781 N 00210.91393 W 12 2 0 1
2020 08 30 00 25 33 27406.435   146.574 33793.258  31.14  12.27   62  509.9 3702.99777 N 00210.91392 W 12 2 0 1
2020 08 30 00 25 34 27406.404   146.581 33793.285  31.14  12.27   61  510.0 3702.99773 N 00210.91390 W 12 2 0 1
2020 08 30 00 25 35 27406.353   146.581 33793.270  31.14  12.27   62  510.0 3702.99768 N 00210.91388 W 12 2 0 1
2020 08 30 00 25 36 27406.357   146.565 33793.203  31.14  12.27   62  510.0 3702.99765 N 00210.91387 W 12 2 0 1
2020 08 30 00 25 37 27406.381   146.577 33793.289  31.14  12.27   62  510.0 3702.99762 N 00210.91387 W 12 2 0 1
2020 08 30 00 25 38 27406.357   146.553 33793.313  31.14  12.27   63  510.0 3702.99760 N 00210.91386 W 12 2 0 1
2020 08 30 00 25 39 27406.406   146.595 33793.297  31.14  12.27   62  510.0 3702.99758 N 00210.91384 W 12 2 0 1
2020 08 30 00 25 40 27406.418   146.631 33793.141  31.14  12.27   62  509.9 3702.99756 N 00210.91381 W 12 2 0 1
2020 08 30 00 25 41 27406.422   146.635 33793.266  31.14  12.27   61  509.9 3702.99756 N 00210.91381 W 12 2 0 1
2020 08 30 00 25 42 27406.398   146.640 33793.219  31.14  12.27   63  509.8 3702.99757 N 00210.91382 W 12 2 0 1
2020 08 30 00 25 43 27406.377   146.627 33793.165  31.14  12.27   61  509.8 3702.99756 N 00210.91384 W 12 2 0 1
2020 08 30 00 25 44 27406.377   146.630 33793.227  31.14  12.27   62  509.7 3702.99757 N 00210.91386 W 12 2 0 1
2020 08 30 00 25 45 27406.344   146.613 33793.270  31.14  12.27   61  509.7 3702.99756 N 00210.91388 W 12 2 0 1
2020 08 30 00 25 46 27406.383   146.677 33793.262  31.14  12.27   62  509.7 3702.99757 N 00210.91391 W 12 2 0 1
2020 08 30 00 25 47 27406.353   146.678 33793.164  31.14  12.27   63  509.8 3702.99756 N 00210.91395 W 12 2 0 1
2020 08 30 00 25 48 27406.322   146.672 33793.250  31.14  12.27   62  509.8 3702.99757 N 00210.91399 W 12 2 0 1
2020 08 30 00 25 49 27406.355   146.684 33793.192  31.14  12.27   62  509.8 3702.99757 N 00210.91400 W 12 2 0 1
2020 08 30 00 25 50 27406.318   146.675 33793.195  31.14  12.27   61  509.8 3702.99758 N 00210.91402 W 12 2 0 1
2020 08 30 00 25 51 27406.351   146.697 33793.199  31.14  12.27   63  509.8 3702.99759 N 00210.91403 W 12 2 0 1
2020 08 30 00 25 52 27406.318   146.690 33793.164  31.14  12.27   61  509.8 3702.99760 N 00210.91406 W 12 2 0 1
2020 08 30 00 25 53 27406.312   146.715 33793.199  31.14  12.27   62  509.8 3702.99763 N 00210.91408 W 12 2 0 1
2020 08 30 00 25 54 27406.303   146.710 33793.184  31.14  12.27   61  509.8 3702.99766 N 00210.91410 W 12 2 0 1
2020 08 30 00 25 55 27406.308   146.701 33793.082  31.14  12.27   62  509.7 3702.99767 N 00210.91412 W 12 2 0 1
2020 08 30 00 25 56 27406.318   146.716 33793.102  31.14  12.27   61  509.6 3702.99769 N 00210.91414 W 12 2 0 1
2020 08 30 00 25 57 27406.303   146.732 33793.172  31.14  12.27   62  509.6 3702.99772 N 00210.91415 W 12 2 0 1
2020 08 30 00 25 58 27406.295   146.734 33793.149  31.14  12.27   62  509.5 3702.99774 N 00210.91415 W 12 2 0 1
2020 08 30 00 25 59 27406.246   146.725 33793.117  31.14  12.27   62  509.5 3702.99776 N 00210.91414 W 12 2 0 1
2020 08 30 00 26 00 27406.279   146.758 33793.160  31.14  12.27   63  509.4 3702.99777 N 00210.91414 W 12 2 0 1
2020 08 30 00 26 01 27406.232   146.751 33793.109  31.14  12.27   61  509.3 3702.99776 N 00210.91415 W 12 2 0 1
2020 08 30 00 26 02 27406.283   146.770 33793.145  31.14  12.27   62  509.2 3702.99775 N 00210.91412 W 12 2 0 1
2020 08 30 00 26 03 27406.259   146.756 33793.063  31.14  12.27   61  509.2 3702.99774 N 00210.91410 W 12 2 0 1
2020 08 30 00 26 04 27406.269   146.769 33793.098  31.14  12.26   63  509.2 3702.99774 N 00210.91407 W 12 2 0 1
2020 08 30 00 26 05 27406.246   146.777 33793.117  31.14  12.27   61  509.2 3702.99774 N 00210.91405 W 12 2 0 1
2020 08 30 00 26 06 27406.221   146.788 33793.082  31.14  12.27   62  509.2 3702.99774 N 00210.91404 W 12 2 0 1
2020 08 30 00 26 07 27406.230   146.799 33793.117  31.14  12.27   61  509.3 3702.99774 N 00210.91404 W 12 2 0 1
2020 08 30 00 26 08 27406.207   146.800 33793.043  31.14  12.27   62  509.3 3702.99775 N 00210.91405 W 12 2 0 1
2020 08 30 00 26 09 27406.219   146.807 33793.148  31.14  12.27   63  509.3 3702.99775 N 00210.91404 W 12 2 0 1
2020 08 30 00 26 10 27406.184   146.780 33793.136  31.14  12.27   61  509.2 3702.99777 N 00210.91401 W 12 2 0 1
2020 08 30 00 26 11 27406.191   146.788 33793.051  31.14  12.27   62  509.3 3702.99777 N 00210.91399 W 12 2 0 1
2020 08 30 00 26 12 27406.174   146.797 33793.144  31.14  12.27   61  509.4 3702.99777 N 00210.91396 W 12 2 0 1
2020 08 30 00 26 13 27406.162   146.796 33793.129  31.14  12.27   63  509.5 3702.99777 N 00210.91393 W 12 2 0 1
2020 08 30 00 26 14 27406.189   146.811 33793.012  31.14  12.27   61  509.6 3702.99775 N 00210.91393 W 12 2 0 1
2020 08 30 00 26 15 27406.195   146.807 33793.160  31.14  12.27   62  509.7 3702.99774 N 00210.91393 W 12 2 0 1
2020 08 30 00 26 16 27406.193   146.811 33793.023  31.14  12.27   61  509.8 3702.99773 N 00210.91394 W 12 2 0 1
2020 08 30 00 26 17 27406.158   146.829 33793.078  31.14  12.27   62  509.9 3702.99772 N 00210.91394 W 12 2 0 1
2020 08 30 00 26 18 27406.141   146.825 33793.132  31.14  12.27   62  510.0 3702.99771 N 00210.91392 W 12 2 0 1
2020 08 30 00 26 19 27406.119   146.816 33793.085  31.14  12.27   62  510.1 3702.99771 N 00210.91390 W 12 2 0 1
2020 08 30 00 26 20 27406.115   146.808 33792.976  31.14  12.27   62  510.1 3702.99769 N 00210.91387 W 12 2 0 1
2020 08 30 00 26 21 27406.137   146.838 33793.031  31.14  12.27   61  510.2 3702.99766 N 00210.91384 W 12 2 0 1
2020 08 30 00 26 22 27406.162   146.849 33793.090  31.14  12.27   63  510.3 3702.99765 N 00210.91381 W 12 2 0 1
2020 08 30 00 26 23 27406.183   146.861 33793.023  31.14  12.27   61  510.4 3702.99766 N 00210.91379 W 12 2 0 1
2020 08 30 00 26 24 27406.111   146.852 33793.043  31.14  12.27   62  510.5 3702.99766 N 00210.91379 W 12 2 0 1
2020 08 30 00 26 25 27406.127   146.844 33793.023  31.14  12.27   61  510.5 3702.99768 N 00210.91377 W 12 2 0 1
2020 08 30 00 26 26 27406.129   146.831 33793.062  31.14  12.27   63  510.5 3702.99769 N 00210.91375 W 12 2 0 1
2020 08 30 00 26 27 27406.123   146.834 33792.988  31.14  12.27   61  510.4 3702.99768 N 00210.91373 W 12 2 0 1
2020 08 30 00 26 28 27406.084   146.834 33792.996  31.14  12.27   62  510.4 3702.99766 N 00210.91371 W 12 2 0 1
2020 08 30 00 26 29 27406.138   146.875 33792.984  31.14  12.27   62  510.3 3702.99766 N 00210.91370 W 12 2 0 1
2020 08 30 00 26 30 27406.092   146.856 33792.926  31.14  12.27   62  510.1 3702.99766 N 00210.91368 W 12 2 0 1
2020 08 30 00 26 31 27406.113   146.847 33793.191  31.14  12.27   62  510.0 3702.99766 N 00210.91366 W 12 2 0 1
2020 08 30 00 26 32 27406.123   146.868 33792.883  31.14  12.27   62  509.9 3702.99767 N 00210.91366 W 12 2 0 1
2020 08 30 00 26 33 27406.135   146.870 33793.015  31.14  12.27   62  509.9 3702.99766 N 00210.91363 W 12 2 0 1
2020 08 30 00 26 34 27406.139   146.861 33793.019  31.14  12.27   61  509.8 3702.99766 N 00210.91362 W 12 2 0 1
2020 08 30 00 26 35 27406.099   146.857 33792.988  31.14  12.26   65  509.7 3702.99766 N 00210.91360 W 12 2 0 1
2020 08 30 00 26 36 27406.094   146.856 33793.031  31.14  12.27   61  509.7 3702.99766 N 00210.91358 W 12 2 0 1
2020 08 30 00 26 37 27406.094   146.864 33792.957  31.14  12.27   62  509.7 3702.99764 N 00210.91356 W 12 2 0 1
2020 08 30 00 26 38 27406.084   146.869 33792.976  31.14  12.27   61  509.8 3702.99763 N 00210.91357 W 12 2 0 1
2020 08 30 00 26 39 27406.074   146.873 33792.957  31.14  12.27   62  509.8 3702.99763 N 00210.91359 W 12 2 0 1
2020 08 30 00 26 40 27406.131   146.892 33792.996  31.14  12.27   62  509.7 3702.99764 N 00210.91361 W 12 2 0 1
2020 08 30 00 26 41 27406.111   146.899 33792.930  31.14  12.27   62  509.7 3702.99765 N 00210.91365 W 12 2 0 1
2020 08 30 00 26 42 27406.070   146.870 33793.007  31.14  12.27   62  509.7 3702.99766 N 00210.91367 W 12 2 0 1
2020 08 30 00 26 43 27406.069   146.877 33793.140  31.14  12.27   61  509.7 3702.99768 N 00210.91369 W 12 2 0 1
2020 08 30 00 26 44 27406.033   146.863 33792.867  31.14  12.27   62  509.6 3702.99769 N 00210.91372 W 12 2 0 1
2020 08 30 00 26 45 27406.047   146.887 33792.894  31.14  12.27   61  509.6 3702.99769 N 00210.91373 W 12 2 0 1
2020 08 30 00 26 46 27406.059   146.898 33792.968  31.14  12.27   62  509.6 3702.99771 N 00210.91375 W 12 2 0 1
2020 08 30 00 26 47 27406.033   146.880 33792.918  31.14  12.27   61  509.5 3702.99771 N 00210.91377 W 12 2 0 1
2020 08 30 00 26 48 27406.029   146.881 33792.957  31.14  12.27   62  509.5 3702.99774 N 00210.91378 W 12 2 0 1
2020 08 30 00 26 49 27406.047   146.914 33792.922  31.14  12.27   61  509.3 3702.99775 N 00210.91379 W 12 2 0 1
2020 08 30 00 26 50 27406.053   146.905 33792.929  31.14  12.27   62  509.3 3702.99777 N 00210.91379 W 12 2 0 1
2020 08 30 00 26 51 27406.074   146.923 33792.902  31.14  12.27   62  509.2 3702.99779 N 00210.91382 W 12 2 0 1
2020 08 30 00 26 52 27406.047   146.903 33792.879  31.14  12.27   61  509.2 3702.99780 N 00210.91385 W 12 2 0 1
2020 08 30 00 26 53 27406.070   146.909 33792.898  31.14  12.27   62  509.1 3702.99781 N 00210.91386 W 12 2 0 1
2020 08 30 00 26 54 27406.037   146.898 33792.898  31.14  12.27   62  509.1 3702.99781 N 00210.91388 W 12 2 0 1
2020 08 30 00 26 55 27406.068   146.919 33792.902  31.14  12.27   62  509.1 3702.99781 N 00210.91388 W 12 2 0 1
2020 08 30 00 26 56 27406.033   146.886 33792.941  31.14  12.27   61  509.1 3702.99779 N 00210.91390 W 12 2 0 1
2020 08 30 00 26 57 27406.021   146.901 33792.898  31.14  12.27   62  509.2 3702.99777 N 00210.91393 W 12 2 0 1
2020 08 30 00 26 58 27406.029   146.901 33792.851  31.14  12.27   61  509.3 3702.99775 N 00210.91394 W 12 2 0 1
2020 08 30 00 26 59 27406.010   146.908 33792.953  31.14  12.27   62  509.3 3702.99775 N 00210.91396 W 12 2 0 1
2020 08 30 00 27 00 27406.027   146.899 33792.879  31.14  12.27   62  509.5 3702.99774 N 00210.91397 W 12 2 0 1
2020 08 30 00 27 01 27406.017   146.909 33792.859  31.14  12.27   62  509.5 3702.99774 N 00210.91397 W 12 2 0 1
2020 08 30 00 27 02 27406.033   146.912 33792.906  31.14  12.27   62  509.5 3702.99774 N 00210.91396 W 12 2 0 1
2020 08 30 00 27 03 27406.023   146.917 33792.855  31.14  12.27   61  509.5 3702.99772 N 00210.91396 W 12 2 0 1
2020 08 30 00 27 04 27406.037   146.926 33792.890  31.14  12.27   62  509.5 3702.99773 N 00210.91395 W 12 2 0 1
2020 08 30 00 27 05 27406.000   146.914 33792.878  31.14  12.27   61  509.5 3702.99774 N 00210.91393 W 12 2 0 1
2020 08 30 00 27 06 27406.008   146.932 33792.914  31.14  12.27   62  509.6 3702.99775 N 00210.91392 W 12 2 0 1
2020 08 30 00 27 07 27405.978   146.916 33792.851  31.14  12.27   61  509.6 3702.99775 N 00210.91391 W 12 2 0 1
2020 08 30 00 27 08 27405.969   146.931 33792.832  31.14  12.27   62  509.7 3702.99773 N 00210.91389 W 12 2 0 1
2020 08 30 00 27 09 27405.967   146.915 33792.882  31.14  12.27   61  509.9 3702.99772 N 00210.91387 W 12 2 0 1
2020 08 30 00 27 10 27405.980   146.940 33792.785  31.14  12.27   62  510.1 3702.99770 N 00210.91384 W 12 2 0 1
2020 08 30 00 27 11 27405.965   146.919 33792.808  31.14  12.27   62  510.2 3702.99767 N 00210.91381 W 12 2 0 1
2020 08 30 00 27 12 27405.980   146.940 33792.890  31.14  12.27   62  510.3 3702.99765 N 00210.91380 W 12 2 0 1
2020 08 30 00 27 13 27405.994   146.944 33792.816  31.14  12.27   62  510.5 3702.99761 N 00210.91379 W 12 2 0 1
2020 08 30 00 27 14 27405.969   146.949 33792.855  31.14  12.27   61  510.6 3702.99758 N 00210.91379 W 12 2 0 1
2020 08 30 00 27 15 27405.982   146.947 33792.871  31.14  12.27   62  510.7 3702.99756 N 00210.91380 W 12 2 0 1
2020 08 30 00 27 16 27405.986   146.975 33792.816  31.14  12.27   61  510.8 3702.99755 N 00210.91380 W 12 2 0 1
2020 08 30 00 27 17 27405.920   146.924 33792.828  31.14  12.27   62  510.9 3702.99754 N 00210.91380 W 12 2 0 1
2020 08 30 00 27 18 27405.980   146.972 33792.824  31.14  12.27   61  510.9 3702.99753 N 00210.91381 W 12 2 0 1
2020 08 30 00 27 19 27405.969   146.963 33792.847  31.14  12.27   62  510.9 3702.99751 N 00210.91383 W 12 2 0 1
2020 08 30 00 27 20 27405.974   146.978 33792.804  31.14  12.27   61  510.9 3702.99749 N 00210.91384 W 12 2 0 1
2020 08 30 00 27 21 27405.963   146.973 33792.843  31.14  12.27   62  510.9 3702.99747 N 00210.91386 W 12 2 0 1
2020 08 30 00 27 22 27405.955   146.978 33792.839  31.14  12.27   62  510.9 3702.99747 N 00210.91387 W 12 2 0 1
2020 08 30 00 27 23 27406.060   147.043 33792.715  31.14  12.27   62  510.9 3702.99745 N 00210.91387 W 12 2 0 1
2020 08 30 00 27 24 27405.955   146.987 33792.800  31.14  12.27   62  511.0 3702.99746 N 00210.91387 W 12 2 0 1
2020 08 30 00 27 25 27405.922   146.977 33792.687  31.14  12.27   61  511.1 3702.99746 N 00210.91386 W 12 2 0 1
2020 08 30 00 27 26 27405.937   146.995 33792.839  31.14  12.27   62  511.1 3702.99746 N 00210.91386 W 12 2 0 1
2020 08 30 00 27 27 27405.939   146.994 33792.687  31.14  12.27   61  511.2 3702.99744 N 00210.91387 W 12 2 0 1
2020 08 30 00 27 28 27405.990   146.999 33792.816  31.14  12.27   62  511.3 3702.99744 N 00210.91390 W 12 2 0 1
2020 08 30 00 27 29 27405.986   147.022 33792.824  31.14  12.27   61  511.3 3702.99744 N 00210.91392 W 12 2 0 1
2020 08 30 00 27 30 27405.963   147.034 33792.754  31.14  12.27   62  511.3 3702.99744 N 00210.91394 W 12 2 0 1
2020 08 30 00 27 31 27405.930   146.997 33792.824  31.14  12.27   62  511.3 3702.99744 N 00210.91395 W 12 2 0 1
2020 08 30 00 27 32 27405.982   147.007 33792.687  31.14  12.27   62  511.2 3702.99745 N 00210.91395 W 12 2 0 1
2020 08 30 00 27 33 27405.949   147.011 33792.738  31.14  12.27   62  511.1 3702.99746 N 00210.91396 W 12 2 0 1
2020 08 30 00 27 34 27405.902   147.004 33792.886  31.14  12.27   61  511.0 3702.99747 N 00210.91397 W 12 2 0 1
2020 08 30 00 27 35 27405.926   147.012 33792.792  31.14  12.27   62  511.0 3702.99746 N 00210.91398 W 12 2 0 1
2020 08 30 00 27 36 27405.904   147.013 33792.773  31.14  12.27   61  510.9 3702.99746 N 00210.91398 W 12 2 0 1
2020 08 30 00 27 37 27405.912   147.017 33792.796  31.14  12.27   62  510.8 3702.99747 N 00210.91400 W 12 2 0 1
2020 08 30 00 27 38 27405.937   147.040 33792.812  31.14  12.27   61  510.8 3702.99749 N 00210.91403 W 12 2 0 1
2020 08 30 00 27 39 27405.939   147.026 33792.726  31.14  12.27   62  510.7 3702.99752 N 00210.91407 W 12 2 0 1
2020 08 30 00 27 40 27405.920   147.029 33792.746  31.14  12.27   61  510.7 3702.99754 N 00210.91410 W 12 2 0 1
2020 08 30 00 27 41 27405.912   147.019 33792.831  31.14  12.27   62  510.7 3702.99755 N 00210.91413 W 12 2 0 1
2020 08 30 00 27 42 27405.898   147.021 33792.816  31.14  12.27   62  510.8 3702.99755 N 00210.91416 W 12 2 0 1
2020 08 30 00 27 43 27406.387   147.273 33792.245  31.14  12.27   62  510.8 3702.99755 N 00210.91418 W 12 2 0 1
2020 08 30 00 27 44 27405.684   146.899 33793.127  31.14  12.27   62  510.8 3702.99756 N 00210.91421 W 12 2 0 1
2020 08 30 00 27 45 27405.826   146.978 33792.925  31.14  12.26   64  510.8 3702.99757 N 00210.91423 W 12 2 0 1
2020 08 30 00 27 46 27405.894   147.017 33792.804  31.14  12.27   63  510.8 3702.99759 N 00210.91423 W 12 2 0 1
2020 08 30 00 27 47 27405.930   147.029 33792.781  31.14  12.27   61  510.8 3702.99763 N 00210.91423 W 12 2 0 1
2020 08 30 00 27 48 27405.920   147.042 33792.757  31.14  12.27   62  510.7 3702.99765 N 00210.91424 W 12 2 0 1
2020 08 30 00 27 49 27405.914   147.028 33792.827  31.14  12.27   61  510.7 3702.99766 N 00210.91425 W 12 2 0 1
2020 08 30 00 27 50 27405.894   147.040 33792.707  31.14  12.27   62  510.7 3702.99766 N 00210.91424 W 12 2 0 1
2020 08 30 00 27 51 27405.930   147.070 33792.765  31.14  12.27   61  510.7 3702.99767 N 00210.91422 W 12 2 0 1
2020 08 30 00 27 52 27405.922   147.067 33792.726  31.14  12.27   62  510.6 3702.99767 N 00210.91421 W 12 2 0 1
2020 08 30 00 27 53 27405.920   147.068 33792.742  31.14  12.27   62  510.6 3702.99768 N 00210.91422 W 12 2 0 1
2020 08 30 00 27 54 27405.931   147.063 33792.722  31.14  12.27   62  510.6 3702.99767 N 00210.91420 W 12 2 0 1
2020 08 30 00 27 55 27405.953   147.089 33792.765  31.14  12.27   62  510.5 3702.99766 N 00210.91422 W 12 2 0 1
2020 08 30 00 27 56 27405.943   147.083 33792.718  31.14  12.27   61  510.5 3702.99764 N 00210.91423 W 12 2 0 1
2020 08 30 00 27 57 27405.925   147.094 33792.683  31.14  12.27   62  510.4 3702.99763 N 00210.91425 W 12 2 0 1
2020 08 30 00 27 58 27405.941   147.095 33792.660  31.14  12.27   61  510.3 3702.99761 N 00210.91427 W 12 2 0 1
2020 08 30 00 27 59 27405.945   147.117 33792.695  31.14  12.27   62  510.3 3702.99761 N 00210.91428 W 12 2 0 1
2020 08 30 00 28 00 27405.953   147.094 33792.773  31.14  12.27   61  510.2 3702.99761 N 00210.91429 W 12 2 0 1
2020 08 30 00 28 01 27405.927   147.095 33792.664  31.14  12.27   62  510.2 3702.99762 N 00210.91431 W 12 2 0 1
2020 08 30 00 28 02 27405.943   147.112 33792.726  31.14  12.27   61  510.1 3702.99762 N 00210.91431 W 12 2 0 1
2020 08 30 00 28 03 27405.972   147.141 33792.699  31.14  12.27   62  510.0 3702.99763 N 00210.91434 W 12 2 0 1
2020 08 30 00 28 04 27405.922   147.138 33792.656  31.14  12.27   62  509.9 3702.99765 N 00210.91436 W 12 2 0 1
2020 08 30 00 28 05 27405.922   147.111 33792.707  31.14  12.27   62  509.8 3702.99765 N 00210.91437 W 12 2 0 1
2020 08 30 00 28 06 27405.926   147.131 33792.785  31.14  12.27   62  509.8 3702.99763 N 00210.91438 W 12 2 0 1
2020 08 30 00 28 07 27405.900   147.132 33792.582  31.14  12.27   61  509.7 3702.99762 N 00210.91437 W 12 2 0 1
2020 08 30 00 28 08 27405.890   147.125 33792.714  31.14  12.27   62  509.6 3702.99761 N 00210.91435 W 12 2 0 1
2020 08 30 00 28 09 27405.884   147.120 33792.625  31.14  12.27   61  509.6 3702.99759 N 00210.91432 W 12 2 0 1
2020 08 30 00 28 10 27405.908   147.140 33792.664  31.14  12.27   62  509.5 3702.99758 N 00210.91431 W 12 2 0 1
2020 08 30 00 28 11 27405.933   147.163 33792.718  31.14  12.27   61  509.4 3702.99758 N 00210.91431 W 12 2 0 1
2020 08 30 00 28 12 27405.972   147.202 33792.473  31.14  12.27   62  509.4 3702.99757 N 00210.91430 W 12 2 0 1
2020 08 30 00 28 13 27405.842   147.114 33792.928  31.14  12.27   62  509.4 3702.99756 N 00210.91429 W 12 2 0 1
2020 08 30 00 28 14 27405.925   147.152 33792.660  31.14  12.27   62  509.4 3702.99756 N 00210.91427 W 12 2 0 1
2020 08 30 00 28 15 27405.927   147.156 33792.718  31.14  12.27   62  509.3 3702.99756 N 00210.91425 W 12 2 0 1
2020 08 30 00 28 16 27405.906   147.166 33792.644  31.14  12.27   61  509.3 3702.99758 N 00210.91424 W 12 2 0 1
2020 08 30 00 28 17 27405.894   147.148 33792.796  31.14  12.27   62  509.3 3702.99760 N 00210.91422 W 12 2 0 1
2020 08 30 00 28 18 27405.873   147.170 33792.699  31.14  12.27   61  509.3 3702.99762 N 00210.91423 W 12 2 0 1
2020 08 30 00 28 19 27405.888   147.193 33792.395  31.14  12.27   62  509.3 3702.99763 N 00210.91421 W 12 2 0 1
2020 08 30 00 28 20 27405.916   147.197 33792.695  31.14  12.27   61  509.2 3702.99764 N 00210.91422 W 12 2 0 1
2020 08 30 00 28 21 27405.879   147.172 33792.784  31.14  12.27   62  509.3 3702.99763 N 00210.91425 W 12 2 0 1
2020 08 30 00 28 22 27405.770   147.135 33792.800  31.14  12.27   61  509.4 3702.99764 N 00210.91428 W 12 2 0 1
2020 08 30 00 28 23 27405.924   147.213 33792.820  31.14  12.27   62  509.6 3702.99765 N 00210.91430 W 12 2 0 1
2020 08 30 00 28 24 27405.824   147.181 33792.784  31.14  12.27   62  509.6 3702.99766 N 00210.91431 W 12 2 0 1
2020 08 30 00 28 25 27405.899   147.245 33792.068  31.14  12.27   62  509.7 3702.99769 N 00210.91432 W 12 2 0 1
2020 08 30 00 28 26 27405.894   147.221 33792.671  31.14  12.27   62  509.8 3702.99770 N 00210.91433 W 12 2 0 1
2020 08 30 00 28 27 27405.834   147.202 33792.675  31.14  12.27   61  509.9 3702.99772 N 00210.91434 W 12 2 0 1
2020 08 30 00 28 28 27405.847   147.196 33792.586  31.14  12.27   62  510.0 3702.99772 N 00210.91433 W 12 2 0 1
2020 08 30 00 28 29 27405.891   147.216 33792.800  31.14  12.27   61  510.1 3702.99773 N 00210.91431 W 12 2 0 1
2020 08 30 00 28 30 27405.886   147.237 33792.644  31.14  12.27   62  510.2 3702.99775 N 00210.91430 W 12 2 0 1
2020 08 30 00 28 31 27405.849   147.209 33792.582  31.14  12.27   61  510.3 3702.99775 N 00210.91427 W 12 2 0 1
2020 08 30 00 28 32 27405.733   147.143 33793.068  31.14  12.27   62  510.3 3702.99775 N 00210.91426 W 12 2 0 1
2020 08 30 00 28 33 27405.901   147.263 33792.196  31.14  12.27   61  510.4 3702.99774 N 00210.91423 W 12 2 0 1
2020 08 30 00 28 34 27405.793   147.195 33792.718  31.14  12.27   62  510.5 3702.99773 N 00210.91422 W 12 2 0 1
2020 08 30 00 28 35 27405.888   147.244 33792.519  31.14  12.27   62  510.6 3702.99769 N 00210.91423 W 12 2 0 1
2020 08 30 00 28 36 27405.906   147.253 33792.679  31.14  12.27   63  510.6 3702.99766 N 00210.91423 W 12 2 0 1
2020 08 30 00 28 37 27405.855   147.229 33792.636  31.14  12.27   62  510.7 3702.99764 N 00210.91420 W 12 2 0 1
2020 08 30 00 28 38 27405.845   147.226 33792.652  31.14  12.27   61  510.9 3702.99762 N 00210.91420 W 12 2 0 1
2020 08 30 00 28 39 27405.869   147.237 33792.671  31.14  12.27   62  511.0 3702.99759 N 00210.91419 W 12 2 0 1
2020 08 30 00 28 40 27405.802   147.201 33792.554  31.14  12.27   61  511.1 3702.99756 N 00210.91417 W 12 2 0 1
2020 08 30 00 28 41 27405.836   147.221 33792.718  31.14  12.27   62  511.2 3702.99751 N 00210.91415 W 12 2 0 1
2020 08 30 00 28 42 27405.793   147.225 33792.648  31.14  12.27   61  511.3 3702.99745 N 00210.91413 W 12 2 0 1
2020 08 30 00 28 43 27405.791   147.213 33792.605  31.14  12.27   62  511.5 3702.99741 N 00210.91411 W 12 2 0 1
2020 08 30 00 28 44 27405.799   147.216 33792.597  31.14  12.27   61  511.5 3702.99741 N 00210.91409 W 12 2 0 1
2020 08 30 00 28 45 27405.836   147.228 33792.718  31.14  12.27   62  511.5 3702.99741 N 00210.91408 W 12 2 0 1
2020 08 30 00 28 46 27405.832   147.222 33792.691  31.14  12.27   62  511.6 3702.99739 N 00210.91409 W 12 2 0 1
2020 08 30 00 28 47 27405.857   147.246 33792.519  31.14  12.27   62  511.6 3702.99738 N 00210.91408 W 12 2 0 1
2020 08 30 00 28 48 27405.806   147.244 33792.589  31.14  12.27   62  511.6 3702.99739 N 00210.91408 W 12 2 0 1
2020 08 30 00 28 49 27405.760   147.212 33792.601  31.14  12.27   61  511.5 3702.99740 N 00210.91407 W 12 2 0 1
2020 08 30 00 28 50 27405.820   147.241 33792.694  31.14  12.27   62  511.5 3702.99740 N 00210.91404 W 12 2 0 1
2020 08 30 00 28 51 27405.795   147.234 33792.702  31.14  12.27   61  511.4 3702.99742 N 00210.91403 W 12 2 0 1
2020 08 30 00 28 52 27405.800   147.274 33792.227  31.14  12.27   62  511.3 3702.99743 N 00210.91402 W 12 2 0 1
2020 08 30 00 28 53 27405.844   147.254 33792.718  31.14  12.27   61  511.4 3702.99743 N 00210.91403 W 12 2 0 1
2020 08 30 00 28 54 27405.795   147.256 33792.503  31.14  12.27   62  511.4 3702.99744 N 00210.91406 W 12 2 0 1
2020 08 30 00 28 55 27405.839   147.285 33792.449  31.14  12.27   62  511.4 3702.99745 N 00210.91408 W 12 2 0 1
2020 08 30 00 28 56 27405.832   147.256 33792.811  31.14  12.27   62  511.3 3702.99746 N 00210.91408 W 12 2 0 1
2020 08 30 00 28 57 27405.802   147.254 33792.554  31.14  12.27   62  511.3 3702.99746 N 00210.91410 W 12 2 0 1
2020 08 30 00 28 58 27405.797   147.275 33792.593  31.14  12.27   61  511.4 3702.99747 N 00210.91411 W 12 2 0 1
2020 08 30 00 28 59 27405.750   147.268 33792.468  31.14  12.27   62  511.4 3702.99748 N 00210.91411 W 12 2 0 1
2020 08 30 00 29 00 27405.828   147.301 33792.605  31.14  12.27   61  511.3 3702.99751 N 00210.91409 W 12 2 0 1
2020 08 30 00 29 01 27405.793   147.273 33792.706  31.14  12.27   62  511.2 3702.99753 N 00210.91408 W 12 2 0 1
2020 08 30 00 29 02 27405.810   147.308 33792.511  31.14  12.27   62  511.2 3702.99755 N 00210.91407 W 12 2 0 1
2020 08 30 00 29 03 27405.793   147.318 33792.574  31.14  12.27   63  511.1 3702.99757 N 00210.91405 W 12 2 0 1
2020 08 30 00 29 04 27405.795   147.295 33792.535  31.14  12.27   61  511.1 3702.99760 N 00210.91404 W 12 2 0 1
2020 08 30 00 29 05 27405.773   147.308 33792.390  31.14  12.27   62  511.1 3702.99761 N 00210.91402 W 12 2 0 1
2020 08 30 00 29 06 27405.822   147.301 33792.694  31.14  12.27   62  511.0 3702.99763 N 00210.91401 W 12 2 0 1
2020 08 30 00 29 07 27405.757   147.296 33792.414  31.14  12.27   62  510.9 3702.99764 N 00210.91399 W 12 2 0 1
2020 08 30 00 29 08 27405.793   147.311 33792.507  31.14  12.27   62  510.8 3702.99765 N 00210.91397 W 12 2 0 1
2020 08 30 00 29 09 27405.803   147.327 33792.636  31.14  12.27   61  510.8 3702.99763 N 00210.91397 W 12 2 0 1
2020 08 30 00 29 10 27405.844   147.334 33792.710  31.14  12.27   62  510.7 3702.99763 N 00210.91396 W 12 2 0 1
2020 08 30 00 29 11 27405.828   147.331 33792.542  31.14  12.27   61  510.6 3702.99762 N 00210.91394 W 12 2 0 1
2020 08 30 00 29 12 27405.795   147.340 33792.496  31.14  12.27   62  510.6 3702.99760 N 00210.91392 W 12 2 0 1
2020 08 30 00 29 13 27405.830   147.330 33792.706  31.14  12.27   61  510.5 3702.99759 N 00210.91391 W 12 2 0 1
2020 08 30 00 29 14 27405.759   147.281 33792.418  31.14  12.27   62  510.5 3702.99757 N 00210.91391 W 12 2 0 1
2020 08 30 00 29 15 27405.804   147.339 33792.554  31.14  12.27   61  510.5 3702.99753 N 00210.91391 W 12 2 0 1
2020 08 30 00 29 16 27405.795   147.322 33792.558  31.14  12.27   62  510.4 3702.99752 N 00210.91390 W 12 2 0 1
2020 08 30 00 29 17 27405.759   147.320 33792.499  31.14  12.27   62  510.4 3702.99751 N 00210.91391 W 12 2 0 1
2020 08 30 00 29 18 27405.812   147.344 33792.577  31.14  12.27   62  510.4 3702.99750 N 00210.91392 W 12 2 0 1
2020 08 30 00 29 19 27405.785   147.359 33792.460  31.14  12.27   62  510.3 3702.99749 N 00210.91392 W 12 2 0 1
2020 08 30 00 29 20 27405.802   147.354 33792.589  31.14  12.27   62  510.3 3702.99748 N 00210.91393 W 12 2 0 1
2020 08 30 00 29 21 27405.759   147.363 33792.519  31.14  12.27   62  510.3 3702.99748 N 00210.91394 W 12 2 0 1
2020 08 30 00 29 22 27405.760   147.352 33792.593  31.14  12.27   61  510.2 3702.99747 N 00210.91394 W 12 2 0 1
2020 08 30 00 29 23 27405.734   147.346 33792.316  31.14  12.27   62  510.2 3702.99747 N 00210.91395 W 12 2 0 1
2020 08 30 00 29 24 27405.781   147.386 33792.659  31.14  12.27   61  510.1 3702.99748 N 00210.91397 W 12 2 0 1
2020 08 30 00 29 25 27405.752   147.391 33792.515  31.14  12.27   62  510.1 3702.99750 N 00210.91399 W 12 2 0 1
2020 08 30 00 29 26 27405.814   147.423 33792.511  31.14  12.27   61  510.0 3702.99751 N 00210.91402 W 12 2 0 1
2020 08 30 00 29 27 27405.763   147.398 33792.511  31.14  12.27   63  510.0 3702.99753 N 00210.91405 W 12 2 0 1
2020 08 30 00 29 28 27405.851   147.444 33792.648  31.14  12.27   62  509.9 3702.99756 N 00210.91406 W 12 2 0 1
2020 08 30 00 29 29 27405.796   147.433 33792.496  31.14  12.27   62  509.9 3702.99759 N 00210.91408 W 12 2 0 1
2020 08 30 00 29 30 27405.787   147.445 33792.488  31.14  12.27   62  509.9 3702.99760 N 00210.91411 W 12 2 0 1
2020 08 30 00 29 31 27405.734   147.431 33792.316  31.14  12.27   61  509.9 3702.99759 N 00210.91415 W 12 2 0 1
2020 08 30 00 29 32 27405.826   147.462 33792.601  31.14  12.27   62  510.0 3702.99759 N 00210.91417 W 12 2 0 1
2020 08 30 00 29 33 27405.754   147.454 33792.511  31.14  12.27   61  510.0 3702.99760 N 00210.91419 W 12 2 0 1
2020 08 30 00 29 34 27405.843   147.503 33792.535  31.14  12.27   62  510.1 3702.99761 N 00210.91419 W 12 2 0 1
2020 08 30 00 29 35 27405.769   147.486 33792.301  31.14  12.27   61  510.1 3702.99760 N 00210.91419 W 12 2 0 1
2020 08 30 00 29 36 27405.765   147.480 33792.491  31.14  12.27   62  510.2 3702.99759 N 00210.91420 W 12 2 0 1
2020 08 30 00 29 37 27405.777   147.493 33792.675  31.14  12.27   62  510.2 3702.99758 N 00210.91421 W 12 2 0 1
2020 08 30 00 29 38 27405.722   147.490 33792.328  31.14  12.27   62  510.3 3702.99757 N 00210.91421 W 12 2 0 1
2020 08 30 00 29 39 27405.746   147.481 33792.406  31.14  12.27   62  510.4 3702.99758 N 00210.91422 W 12 2 0 1
2020 08 30 00 29 40 27405.746   147.482 33792.464  31.14  12.27   61  510.5 3702.99759 N 00210.91423 W 12 2 0 1
2020 08 30 00 29 41 27405.759   147.521 33792.445  31.14  12.27   62  510.6 3702.99760 N 00210.91424 W 12 2 0 1
2020 08 30 00 29 42 27405.718   147.500 33792.429  31.14  12.27   61  510.7 3702.99760 N 00210.91424 W 12 2 0 1
2020 08 30 00 29 43 27405.732   147.507 33792.526  31.14  12.27   62  510.8 3702.99760 N 00210.91423 W 12 2 0 1
2020 08 30 00 29 44 27405.664   147.506 33792.281  31.14  12.27   61  510.9 3702.99761 N 00210.91422 W 12 2 0 1
2020 08 30 00 29 45 27405.736   147.541 33792.523  31.14  12.27   62  511.1 3702.99761 N 00210.91422 W 12 2 0 1
2020 08 30 00 29 46 27405.689   147.538 33792.472  31.14  12.27   61  511.1 3702.99762 N 00210.91422 W 12 2 0 1
2020 08 30 00 29 47 27405.660   147.524 33792.448  31.14  12.27   62  511.2 3702.99761 N 00210.91422 W 12 2 0 1
2020 08 30 00 29 48 27405.746   147.572 33792.581  31.14  12.27   62  511.3 3702.99759 N 00210.91424 W 12 2 0 1
2020 08 30 00 29 49 27405.718   147.569 33792.343  31.14  12.27   62  511.4 3702.99757 N 00210.91424 W 12 2 0 1
2020 08 30 00 29 50 27405.699   147.562 33792.335  31.14  12.27   62  511.5 3702.99755 N 00210.91425 W 12 2 0 1
2020 08 30 00 29 51 27405.703   147.554 33792.417  31.14  12.27   61  511.5 3702.99753 N 00210.91426 W 12 2 0 1
2020 08 30 00 29 52 27405.679   147.589 33792.359  31.14  12.27   62  511.5 3702.99751 N 00210.91425 W 12 2 0 1
2020 08 30 00 29 53 27405.683   147.593 33792.351  31.14  12.27   61  511.6 3702.99748 N 00210.91425 W 12 2 0 1
2020 08 30 00 29 54 27405.668   147.576 33792.366  31.14  12.27   62  511.7 3702.99747 N 00210.91426 W 12 2 0 1
2020 08 30 00 29 55 27405.689   147.580 33792.565  31.14  12.27   61  511.8 3702.99745 N 00210.91427 W 12 2 0 1
2020 08 30 00 29 56 27405.656   147.588 33792.288  31.14  12.27   62  511.9 3702.99745 N 00210.91427 W 12 2 0 1
2020 08 30 00 29 57 27405.642   147.600 33792.460  31.14  12.27   61  512.0 3702.99746 N 00210.91429 W 12 2 0 1
2020 08 30 00 29 58 27405.670   147.623 33792.401  31.14  12.27   62  512.1 3702.99746 N 00210.91430 W 12 2 0 1
2020 08 30 00 29 59 27405.634   147.595 33792.347  31.14  12.27   62  512.2 3702.99746 N 00210.91429 W 12 2 0 1
2020 08 30 00 30 00 27405.619   147.590 33792.401  31.14  12.27   62  512.3 3702.99744 N 00210.91431 W 12 2 0 1
2020 08 30 00 30 01 27405.662   147.648 33792.351  31.14  12.27   62  512.4 3702.99744 N 00210.91434 W 12 2 0 1
2020 08 30 00 30 02 27405.625   147.619 33792.401  31.14  12.27   61  512.5 3702.99744 N 00210.91437 W 12 2 0 1
2020 08 30 00 30 03 27405.670   147.652 33792.374  31.14  12.27   62  512.4 3702.99744 N 00210.91440 W 12 2 0 1
2020 08 30 00 30 04 27405.646   147.628 33792.378  31.14  12.27   61  512.3 3702.99743 N 00210.91442 W 12 2 0 1
2020 08 30 00 30 05 27405.674   147.655 33792.413  31.14  12.27   62  512.2 3702.99743 N 00210.91443 W 12 2 0 1
2020 08 30 00 30 06 27405.679   147.685 33792.409  31.14  12.27   61  512.1 3702.99742 N 00210.91443 W 12 2 0 1
2020 08 30 00 30 07 27405.646   147.668 33792.471  31.14  12.27   62  512.0 3702.99743 N 00210.91441 W 12 2 0 1
2020 08 30 00 30 08 27405.726   147.710 33792.230  31.14  12.27   61  512.0 3702.99745 N 00210.91440 W 12 2 0 1
2020 08 30 00 30 09 27405.679   147.695 33792.094  31.14  12.27   62  511.9 3702.99747 N 00210.91438 W 12 2 0 1
2020 08 30 00 30 10 27405.682   147.694 33792.608  31.14  12.27   62  511.7 3702.99751 N 00210.91436 W 12 2 0 1
2020 08 30 00 30 11 27405.701   147.748 33792.324  31.14  12.27   62  511.6 3702.99754 N 00210.91432 W 12 2 0 1
2020 08 30 00 30 12 27405.681   147.754 33792.265  31.14  12.27   62  511.4 3702.99756 N 00210.91429 W 12 2 0 1
2020 08 30 00 30 13 27405.685   147.749 33792.401  31.14  12.27   61  511.2 3702.99759 N 00210.91427 W 12 2 0 1
2020 08 30 00 30 14 27405.630   147.736 33792.175  31.14  12.27   62  511.1 3702.99763 N 00210.91424 W 12 2 0 1
2020 08 30 00 30 15 27405.676   147.758 33792.452  31.14  12.27   61  510.9 3702.99767 N 00210.91420 W 12 2 0 1
2020 08 30 00 30 16 27405.624   147.737 33792.195  31.14  12.27   62  510.8 3702.99772 N 00210.91416 W 12 2 0 1
2020 08 30 00 30 17 27405.658   147.759 33792.288  31.14  12.27   61  510.7 3702.99777 N 00210.91414 W 12 2 0 1
2020 08 30 00 30 18 27405.621   147.752 33792.238  31.14  12.27   62  510.6 3702.99781 N 00210.91411 W 12 2 0 1
2020 08 30 00 30 19 27405.675   147.775 33792.362  31.14  12.27   62  510.6 3702.99782 N 00210.91410 W 12 2 0 1
2020 08 30 00 30 20 27405.642   147.761 33792.374  31.14  12.27   62  510.5 3702.99783 N 00210.91409 W 12 2 0 1
2020 08 30 00 30 21 27405.619   147.750 33792.273  31.14  12.27   62  510.5 3702.99784 N 00210.91409 W 12 2 0 1
2020 08 30 00 30 22 27405.640   147.773 33792.417  31.14  12.27   62  510.4 3702.99783 N 00210.91409 W 12 2 0 1
2020 08 30 00 30 23 27405.611   147.779 33792.269  31.14  12.27   62  510.3 3702.99784 N 00210.91407 W 12 2 0 1
2020 08 30 00 30 24 27405.619   147.807 33792.304  31.14  12.27   61  510.2 3702.99784 N 00210.91404 W 12 2 0 1
2020 08 30 00 30 25 27405.613   147.802 33792.269  31.14  12.27   62  510.2 3702.99785 N 00210.91402 W 12 2 0 1
2020 08 30 00 30 26 27405.654   147.812 33792.195  31.14  12.27   61  510.1 3702.99786 N 00210.91400 W 12 2 0 1
2020 08 30 00 30 27 27405.617   147.809 33792.144  31.14  12.27   62  510.1 3702.99786 N 00210.91399 W 12 2 0 1
2020 08 30 00 30 28 27405.599   147.801 33792.331  31.14  12.27   61  510.0 3702.99786 N 00210.91399 W 12 2 0 1
2020 08 30 00 30 29 27405.625   147.818 33792.257  31.14  12.27   62  509.9 3702.99785 N 00210.91398 W 12 2 0 1
2020 08 30 00 30 30 27405.629   147.826 33792.347  31.14  12.27   62  509.9 3702.99784 N 00210.91397 W 12 2 0 1
2020 08 30 00 30 31 27405.585   147.833 33792.027  31.14  12.27   62  509.9 3702.99783 N 00210.91395 W 12 2 0 1
2020 08 30 00 30 32 27405.625   147.832 33792.327  31.14  12.27   62  509.9 3702.99781 N 00210.91394 W 12 2 0 1
2020 08 30 00 30 33 27405.624   147.857 33792.175  31.14  12.27   61  509.9 3702.99779 N 00210.91393 W 12 2 0 1
2020 08 30 00 30 34 27405.597   147.865 33792.082  31.14  12.27   62  509.9 3702.99778 N 00210.91391 W 12 2 0 1
2020 08 30 00 30 35 27405.607   147.835 33792.253  31.14  12.27   61  509.9 3702.99776 N 00210.91389 W 12 2 0 1
2020 08 30 00 30 36 27405.627   147.878 33792.292  31.14  12.27   62  509.9 3702.99773 N 00210.91388 W 12 2 0 1
2020 08 30 00 30 37 27405.560   147.854 33792.187  31.14  12.27   61  509.8 3702.99769 N 00210.91387 W 12 2 0 1
2020 08 30 00 30 38 27405.550   147.865 33792.214  31.14  12.27   62  509.8 3702.99766 N 00210.91388 W 12 2 0 1
2020 08 30 00 30 39 27405.568   147.882 33792.140  31.14  12.27   61  510.0 3702.99762 N 00210.91389 W 12 2 0 1
2020 08 30 00 30 40 27405.545   147.885 33792.405  31.14  12.27   62  510.1 3702.99759 N 00210.91389 W 12 2 0 1
2020 08 30 00 30 41 27405.554   147.889 33792.062  31.14  12.27   62  510.2 3702.99755 N 00210.91390 W 12 2 0 1
2020 08 30 00 30 42 27405.552   147.887 33792.179  31.14  12.27   62  510.4 3702.99753 N 00210.91391 W 12 2 0 1
2020 08 30 00 30 43 27405.539   147.880 33792.206  31.14  12.27   62  510.5 3702.99751 N 00210.91391 W 12 2 0 1
2020 08 30 00 30 44 27405.552   147.895 33792.093  31.13  12.27   61  510.6 3702.99749 N 00210.91392 W 12 2 0 1
2020 08 30 00 30 45 27405.537   147.892 33792.144  31.13  12.27   62  510.7 3702.99747 N 00210.91391 W 12 2 0 1
2020 08 30 00 30 46 27405.517   147.897 33792.112  31.13  12.27   61  510.7 3702.99745 N 00210.91390 W 12 2 0 1
2020 08 30 00 30 47 27405.578   147.908 33792.276  31.13  12.27   62  510.7 3702.99744 N 00210.91391 W 12 2 0 1
2020 08 30 00 30 48 27405.519   147.894 33792.019  31.13  12.27   61  510.7 3702.99742 N 00210.91392 W 12 2 0 1
2020 08 30 00 30 49 27405.490   147.880 33792.260  31.13  12.27   62  510.7 3702.99741 N 00210.91392 W 12 2 0 1
2020 08 30 00 30 50 27405.535   147.918 33792.105  31.13  12.27   61  510.7 3702.99742 N 00210.91391 W 12 2 0 1
2020 08 30 00 30 51 27405.498   147.912 33792.147  31.13  12.27   62  510.8 3702.99741 N 00210.91390 W 12 2 0 1
2020 08 30 00 30 52 27405.484   147.904 33792.175  31.13  12.27   62  510.8 3702.99740 N 00210.91391 W 12 2 0 1
2020 08 30 00 30 53 27405.459   147.900 33792.089  31.13  12.27   61  510.9 3702.99739 N 00210.91392 W 12 2 0 1
2020 08 30 00 30 54 27405.494   147.917 33792.190  31.13  12.27   62  510.9 3702.99736 N 00210.91391 W 12 2 0 1
2020 08 30 00 30 55 27405.500   147.922 33792.221  31.13  12.27   61  510.9 3702.99735 N 00210.91389 W 12 2 0 1
2020 08 30 00 30 56 27405.480   147.924 33792.089  31.13  12.27   62  510.8 3702.99737 N 00210.91387 W 12 2 0 1
2020 08 30 00 30 57 27405.443   147.897 33792.007  31.13  12.27   61  510.8 3702.99738 N 00210.91384 W 12 2 0 1
2020 08 30 00 30 58 27405.508   147.919 33792.292  31.13  12.27   62  510.7 3702.99738 N 00210.91383 W 12 2 0 1
2020 08 30 00 30 59 27405.478   147.935 33791.890  31.13  12.27   61  510.7 3702.99739 N 00210.91383 W 12 2 0 1
2020 08 30 00 31 00 27405.472   147.930 33792.264  31.13  12.27   62  510.8 3702.99737 N 00210.91384 W 12 2 0 1
2020 08 30 00 31 01 27405.482   147.931 33792.155  31.13  12.27   62  510.8 3702.99738 N 00210.91386 W 12 2 0 1
2020 08 30 00 31 02 27405.418   147.920 33792.217  31.13  12.27   62  510.7 3702.99738 N 00210.91388 W 12 2 0 1
2020 08 30 00 31 03 27405.439   147.933 33792.081  31.13  12.27   62  510.7 3702.99739 N 00210.91389 W 12 2 0 1
2020 08 30 00 31 04 27405.480   147.968 33791.871  31.13  12.27   61  510.6 3702.99740 N 00210.91389 W 12 2 0 1
2020 08 30 00 31 05 27405.459   147.940 33792.217  31.13  12.27   62  510.5 3702.99741 N 00210.91389 W 12 2 0 1
2020 08 30 00 31 06 27405.488   147.961 33792.260  31.13  12.27   61  510.5 3702.99743 N 00210.91388 W 12 2 0 1
2020 08 30 00 31 07 27405.462   147.953 33792.073  31.13  12.27   62  510.5 3702.99744 N 00210.91388 W 12 2 0 1
2020 08 30 00 31 08 27405.447   147.957 33792.069  31.13  12.27   61  510.5 3702.99746 N 00210.91388 W 12 2 0 1
2020 08 30 00 31 09 27405.472   147.992 33792.081  31.13  12.27   63  510.5 3702.99747 N 00210.91388 W 12 2 0 1
2020 08 30 00 31 10 27405.462   147.987 33791.898  31.13  12.27   61  510.5 3702.99749 N 00210.91387 W 12 2 0 1
2020 08 30 00 31 11 27405.484   147.981 33792.280  31.13  12.27   62  510.5 3702.99752 N 00210.91385 W 12 2 0 1
2020 08 30 00 31 12 27405.462   147.978 33791.976  31.13  12.27   62  510.5 3702.99754 N 00210.91385 W 12 2 0 1
2020 08 30 00 31 13 27405.489   148.001 33791.890  31.13  12.27   62  510.4 3702.99756 N 00210.91384 W 12 2 0 1
2020 08 30 00 31 14 27405.478   147.986 33792.139  31.13  12.27   62  510.4 3702.99758 N 00210.91384 W 12 2 0 1
2020 08 30 00 31 15 27405.460   147.989 33792.112  31.13  12.27   61  510.3 3702.99761 N 00210.91383 W 12 2 0 1
2020 08 30 00 31 16 27405.455   147.977 33792.124  31.13  12.27   62  510.3 3702.99763 N 00210.91383 W 12 2 0 1
2020 08 30 00 31 17 27405.486   148.013 33791.972  31.13  12.27   61  510.2 3702.99766 N 00210.91383 W 12 2 0 1
2020 08 30 00 31 18 27405.459   148.007 33792.104  31.13  12.27   62  510.3 3702.99768 N 00210.91385 W 12 2 0 1
2020 08 30 00 31 19 27405.445   148.022 33792.061  31.13  12.27   61  510.2 3702.99769 N 00210.91385 W 12 2 0 1
2020 08 30 00 31 20 27405.460   148.039 33792.026  31.13  12.27   62  510.2 3702.99768 N 00210.91384 W 12 2 0 1
2020 08 30 00 31 21 27405.474   148.044 33792.081  31.13  12.27   61  510.2 3702.99769 N 00210.91383 W 12 2 0 1
2020 08 30 00 31 22 27405.496   148.045 33792.190  31.13  12.27   62  510.2 3702.99770 N 00210.91383 W 12 2 0 1
2020 08 30 00 31 23 27405.445   148.023 33791.882  31.13  12.27   62  510.2 3702.99771 N 00210.91383 W 12 2 0 1
2020 08 30 00 31 24 27405.437   148.039 33791.905  31.13  12.27   62  510.1 3702.99773 N 00210.91384 W 12 2 0 1
2020 08 30 00 31 25 27405.414   148.015 33792.291  31.13  12.27   62  510.1 3702.99774 N 00210.91385 W 12 2 0 1
2020 08 30 00 31 26 27405.449   148.029 33792.054  31.13  12.27   61  510.1 3702.99776 N 00210.91384 W 12 2 0 1
2020 08 30 00 31 27 27405.419   148.021 33791.979  31.13  12.27   62  510.1 3702.99779 N 00210.91383 W 12 2 0 1
2020 08 30 00 31 28 27405.454   148.057 33791.999  31.13  12.27   61  510.1 3702.99780 N 00210.91383 W 12 2 0 1
2020 08 30 00 31 29 27405.465   148.041 33792.256  31.13  12.27   62  510.0 3702.99783 N 00210.91383 W 12 2 0 1
2020 08 30 00 31 30 27405.396   148.023 33791.890  31.13  12.27   61  510.0 3702.99786 N 00210.91382 W 12 2 0 1
2020 08 30 00 31 31 27405.402   148.031 33792.116  31.13  12.27   62  510.0 3702.99787 N 00210.91382 W 12 2 0 1
2020 08 30 00 31 32 27405.474   148.041 33792.019  31.13  12.27   61  510.0 3702.99789 N 00210.91383 W 12 2 0 1
2020 08 30 00 31 33 27405.417   148.022 33791.991  31.13  12.27   62  510.0 3702.99788 N 00210.91384 W 12 2 0 1
2020 08 30 00 31 34 27405.503   148.080 33791.816  31.13  12.27   62  510.1 3702.99786 N 00210.91384 W 12 2 0 1
2020 08 30 00 31 35 27405.458   148.042 33791.828  31.13  12.27   61  510.2 3702.99786 N 00210.91384 W 12 2 0 1
2020 08 30 00 31 36 27405.418   148.020 33792.096  31.13  12.27   62  510.2 3702.99785 N 00210.91385 W 12 2 0 1
2020 08 30 00 31 37 27405.430   148.039 33792.260  31.13  12.27   61  510.2 3702.99783 N 00210.91383 W 12 2 0 1
2020 08 30 00 31 38 27405.330   147.986 33792.018  31.13  12.27   62  510.2 3702.99781 N 00210.91384 W 12 2 0 1
2020 08 30 00 31 39 27405.410   148.029 33792.155  31.13  12.27   61  510.3 3702.99778 N 00210.91384 W 12 2 0 1
2020 08 30 00 31 40 27405.380   148.011 33791.979  31.13  12.27   62  510.4 3702.99776 N 00210.91384 W 12 2 0 1
2020 08 30 00 31 41 27405.472   148.039 33792.186  31.13  12.27   61  510.5 3702.99774 N 00210.91382 W 12 2 0 1
2020 08 30 00 31 42 27405.425   148.029 33792.061  31.13  12.27   63  510.6 3702.99772 N 00210.91383 W 12 2 0 1
2020 08 30 00 31 43 27405.382   148.028 33791.936  31.13  12.27   62  510.8 3702.99772 N 00210.91385 W 12 2 0 1
2020 08 30 00 31 44 27405.390   148.017 33792.022  31.13  12.27   62  510.9 3702.99772 N 00210.91389 W 12 2 0 1
2020 08 30 00 31 45 27405.451   148.048 33792.163  31.13  12.27   62  511.0 3702.99771 N 00210.91392 W 12 2 0 1
2020 08 30 00 31 46 27405.402   148.027 33791.925  31.13  12.27   62  511.0 3702.99770 N 00210.91395 W 12 2 0 1
2020 08 30 00 31 47 27405.414   148.059 33792.022  31.13  12.27   62  511.2 3702.99771 N 00210.91397 W 12 2 0 1
2020 08 30 00 31 48 27405.392   148.068 33791.987  31.13  12.27   61  511.2 3702.99774 N 00210.91398 W 12 2 0 1
2020 08 30 00 31 49 27405.417   148.069 33792.022  31.13  12.27   62  511.3 3702.99774 N 00210.91399 W 12 2 0 1
2020 08 30 00 31 50 27405.330   148.009 33792.232  31.13  12.27   61  511.3 3702.99776 N 00210.91401 W 12 2 0 1
2020 08 30 00 31 51 27405.349   148.043 33791.765  31.13  12.27   62  511.4 3702.99775 N 00210.91402 W 12 2 0 1
2020 08 30 00 31 52 27405.380   148.070 33792.049  31.13  12.27   61  511.3 3702.99776 N 00210.91401 W 12 2 0 1
2020 08 30 00 31 53 27405.367   148.086 33792.084  31.13  12.27   62  511.4 3702.99777 N 00210.91401 W 12 2 0 1
2020 08 30 00 31 54 27405.357   148.081 33791.858  31.13  12.27   62  511.4 3702.99778 N 00210.91399 W 12 2 0 1
2020 08 30 00 31 55 27405.334   148.036 33792.049  31.13  12.27   62  511.5 3702.99777 N 00210.91398 W 12 2 0 1
2020 08 30 00 31 56 27405.374   148.065 33791.897  31.13  12.27   62  511.5 3702.99779 N 00210.91399 W 12 2 0 1
2020 08 30 00 31 57 27405.301   148.016 33792.108  31.13  12.27   61  511.4 3702.99782 N 00210.91398 W 12 2 0 1
2020 08 30 00 31 58 27405.320   148.034 33791.784  31.13  12.27   62  511.4 3702.99784 N 00210.91398 W 12 2 0 1
2020 08 30 00 31 59 27405.359   148.054 33791.929  31.13  12.27   62  511.4 3702.99784 N 00210.91399 W 12 2 0 1
2020 08 30 00 32 00 27405.330   148.053 33792.225  31.13  12.27   62  511.4 3702.99784 N 00210.91402 W 12 2 0 1
2020 08 30 00 32 01 27405.329   148.060 33791.667  31.13  12.27   61  511.4 3702.99782 N 00210.91403 W 12 2 0 1
2020 08 30 00 32 02 27405.330   148.032 33792.135  31.13  12.27   62  511.4 3702.99781 N 00210.91405 W 12 2 0 1
2020 08 30 00 32 03 27405.334   148.049 33792.061  31.13  12.27   61  511.4 3702.99779 N 00210.91408 W 12 2 0 1
2020 08 30 00 32 04 27405.398   148.079 33792.182  31.13  12.27   62  511.4 3702.99776 N 00210.91410 W 12 2 0 1
2020 08 30 00 32 05 27405.367   148.069 33791.866  31.13  12.27   62  511.3 3702.99775 N 00210.91411 W 12 2 0 1
2020 08 30 00 32 06 27405.398   148.081 33791.905  31.13  12.27   62  511.3 3702.99773 N 00210.91413 W 12 2 0 1
2020 08 30 00 32 07 27405.347   148.064 33792.065  31.13  12.27   62  511.3 3702.99771 N 00210.91414 W 12 2 0 1
2020 08 30 00 32 08 27405.332   148.054 33791.928  31.13  12.27   61  511.2 3702.99769 N 00210.91416 W 12 2 0 1
2020 08 30 00 32 09 27405.353   148.076 33791.854  31.13  12.27   62  511.1 3702.99767 N 00210.91419 W 12 2 0 1
2020 08 30 00 32 10 27405.408   148.083 33792.003  31.13  12.27   61  511.1 3702.99765 N 00210.91419 W 12 2 0 1
2020 08 30 00 32 11 27405.365   148.088 33791.975  31.13  12.27   62  511.1 3702.99764 N 00210.91419 W 12 2 0 1
2020 08 30 00 32 12 27405.397   148.098 33792.369  31.13  12.27   61  511.0 3702.99762 N 00210.91416 W 12 2 0 1
2020 08 30 00 32 13 27405.341   148.099 33791.714  31.13  12.27   62  510.8 3702.99762 N 00210.91411 W 12 2 0 1
2020 08 30 00 32 14 27405.408   148.109 33792.022  31.13  12.27   62  510.8 3702.99761 N 00210.91410 W 12 2 0 1
2020 08 30 00 32 15 27405.357   148.099 33791.936  31.13  12.27   62  510.7 3702.99759 N 00210.91411 W 12 2 0 1
2020 08 30 00 32 16 27405.378   148.110 33791.929  31.13  12.27   62  510.7 3702.99755 N 00210.91414 W 12 2 0 1
2020 08 30 00 32 17 27405.365   148.091 33791.940  31.13  12.27   61  510.7 3702.99753 N 00210.91412 W 12 2 0 1
2020 08 30 00 32 18 27405.343   148.090 33792.030  31.13  12.27   62  510.7 3702.99751 N 00210.91412 W 12 2 0 1
2020 08 30 00 32 19 27405.351   148.088 33791.800  31.13  12.27   62  510.6 3702.99750 N 00210.91410 W 12 2 0 1
2020 08 30 00 32 20 27405.343   148.097 33791.831  31.13  12.27   62  510.6 3702.99748 N 00210.91407 W 12 2 0 1
2020 08 30 00 32 21 27405.429   148.130 33792.178  31.13  12.27   61  510.5 3702.99747 N 00210.91403 W 12 2 0 1
2020 08 30 00 32 22 27405.332   148.074 33792.073  31.13  12.27   62  510.5 3702.99747 N 00210.91400 W 12 2 0 1
2020 08 30 00 32 23 27405.364   148.102 33791.761  31.13  12.27   61  510.6 3702.99743 N 00210.91399 W 12 2 0 1
2020 08 30 00 32 24 27405.355   148.101 33791.851  31.13  12.27   62  510.6 3702.99741 N 00210.91399 W 12 2 0 1
2020 08 30 00 32 25 27405.303   148.070 33792.131  31.13  12.27   62  510.6 3702.99740 N 00210.91399 W 12 2 0 1
2020 08 30 00 32 26 27405.343   148.084 33792.014  31.13  12.27   62  510.6 3702.99741 N 00210.91396 W 12 2 0 1
2020 08 30 00 32 27 27405.335   148.073 33791.960  31.13  12.27   62  510.6 3702.99743 N 00210.91394 W 12 2 0 1
2020 08 30 00 32 28 27405.331   148.079 33791.780  31.13  12.27   62  510.6 3702.99745 N 00210.91393 W 12 2 0 1
2020 08 30 00 32 29 27405.357   148.105 33791.967  31.13  12.27   62  510.6 3702.99746 N 00210.91393 W 12 2 0 1
2020 08 30 00 32 30 27405.402   148.112 33791.948  31.13  12.27   61  510.6 3702.99748 N 00210.91392 W 12 2 0 1
2020 08 30 00 32 31 27405.415   148.128 33792.011  31.13  12.27   62  510.6 3702.99750 N 00210.91391 W 12 2 0 1
2020 08 30 00 32 32 27405.431   148.124 33791.917  31.13  12.27   61  510.5 3702.99752 N 00210.91391 W 12 2 0 1
2020 08 30 00 32 33 27405.437   148.139 33791.890  31.13  12.27   62  510.5 3702.99753 N 00210.91390 W 12 2 0 1
2020 08 30 00 32 34 27405.400   148.106 33791.975  31.13  12.27   61  510.5 3702.99755 N 00210.91391 W 12 2 0 1
2020 08 30 00 32 35 27405.404   148.122 33791.913  31.13  12.27   62  510.4 3702.99759 N 00210.91390 W 12 2 0 1
2020 08 30 00 32 36 27405.406   148.118 33791.960  31.13  12.27   62  510.3 3702.99763 N 00210.91391 W 12 2 0 1
2020 08 30 00 32 37 27405.427   148.140 33791.983  31.13  12.27   62  510.3 3702.99766 N 00210.91394 W 12 2 0 1
2020 08 30 00 32 38 27405.374   148.107 33791.886  31.13  12.27   62  510.4 3702.99769 N 00210.91397 W 12 2 0 1
2020 08 30 00 32 39 27405.425   148.131 33791.968  31.13  12.27   61  510.4 3702.99771 N 00210.91400 W 12 2 0 1
2020 08 30 00 32 40 27405.384   148.131 33792.007  31.13  12.27   62  510.4 3702.99774 N 00210.91402 W 12 2 0 1
2020 08 30 00 32 41 27405.361   148.130 33791.870  31.13  12.27   61  510.4 3702.99776 N 00210.91402 W 12 2 0 1
2020 08 30 00 32 42 27405.343   148.110 33791.999  31.13  12.27   62  510.4 3702.99778 N 00210.91400 W 12 2 0 1
2020 08 30 00 32 43 27405.347   148.133 33791.858  31.13  12.27   61  510.4 3702.99777 N 00210.91402 W 12 2 0 1
2020 08 30 00 32 44 27405.349   148.116 33791.940  31.13  12.27   62  510.4 3702.99778 N 00210.91401 W 12 2 0 1
2020 08 30 00 32 45 27405.396   148.133 33791.960  31.13  12.27   61  510.4 3702.99779 N 00210.91399 W 12 2 0 1
2020 08 30 00 32 46 27405.355   148.109 33791.921  31.13  12.27   62  510.4 3702.99780 N 00210.91398 W 12 2 0 1
2020 08 30 00 32 47 27405.359   148.114 33791.967  31.13  12.27   62  510.4 3702.99782 N 00210.91398 W 12 2 0 1
2020 08 30 00 32 48 27405.355   148.122 33791.870  31.13  12.27   62  510.3 3702.99782 N 00210.91400 W 12 2 0 1
2020 08 30 00 32 49 27405.343   148.123 33791.995  31.13  12.27   62  510.3 3702.99783 N 00210.91400 W 12 2 0 1
2020 08 30 00 32 50 27405.339   148.101 33791.936  31.13  12.27   62  510.2 3702.99782 N 00210.91400 W 12 2 0 1
2020 08 30 00 32 51 27405.312   148.084 33791.870  31.13  12.27   62  510.2 3702.99781 N 00210.91401 W 12 2 0 1
2020 08 30 00 32 52 27405.123   148.059 33789.816  31.13  12.27   61  510.1 3702.99780 N 00210.91401 W 12 2 0 1
2020 08 30 00 32 53 27405.488   148.107 33793.246  31.13  12.27   62  510.1 3702.99778 N 00210.91400 W 12 2 0 1
2020 08 30 00 32 54 27405.362   148.062 33792.447  31.13  12.27   61  510.0 3702.99777 N 00210.91400 W 12 2 0 1
2020 08 30 00 32 55 27405.387   148.071 33792.178  31.13  12.27   62  510.0 3702.99776 N 00210.91397 W 12 2 0 1
2020 08 30 00 32 56 27405.369   148.105 33792.042  31.13  12.27   62  510.0 3702.99774 N 00210.91395 W 12 2 0 1
2020 08 30 00 32 57 27405.363   148.088 33791.936  31.13  12.27   62  510.0 3702.99773 N 00210.91394 W 12 2 0 1
2020 08 30 00 32 58 27405.351   148.066 33792.034  31.13  12.27   62  510.1 3702.99772 N 00210.91395 W 12 2 0 1
2020 08 30 00 32 59 27405.335   148.072 33791.944  31.13  12.27   62  510.2 3702.99771 N 00210.91396 W 12 2 0 1
2020 08 30 00 33 00 27405.345   148.073 33791.925  31.13  12.27   63  510.2 3702.99769 N 00210.91397 W 12 2 0 1
2020 08 30 00 33 01 27405.341   148.071 33791.967  31.13  12.27   61  510.2 3702.99766 N 00210.91398 W 12 2 0 1
2020 08 30 00 33 02 27405.355   148.080 33791.917  31.13  12.27   62  510.3 3702.99764 N 00210.91399 W 12 2 0 1
2020 08 30 00 33 03 27405.333   148.047 33791.940  31.13  12.27   61  510.3 3702.99763 N 00210.91397 W 12 2 0 1
2020 08 30 00 33 04 27405.361   148.069 33791.971  31.13  12.27   62  510.3 3702.99761 N 00210.91397 W 12 2 0 1
2020 08 30 00 33 05 27405.347   148.072 33791.878  31.13  12.27   61  510.2 3702.99759 N 00210.91397 W 12 2 0 1
2020 08 30 00 33 06 27405.349   148.048 33791.932  31.13  12.27   62  510.2 3702.99757 N 00210.91395 W 12 2 0 1
2020 08 30 00 33 07 27405.339   148.063 33791.928  31.13  12.27   62  510.3 3702.99753 N 00210.91395 W 12 2 0 1
2020 08 30 00 33 08 27405.336   148.040 33791.995  31.13  12.27   62  510.4 3702.99750 N 00210.91396 W 12 2 0 1
2020 08 30 00 33 09 27405.306   148.039 33791.983  31.13  12.27   62  510.4 3702.99749 N 00210.91394 W 12 2 0 1
2020 08 30 00 33 10 27405.322   148.058 33792.022  31.13  12.27   62  510.5 3702.99747 N 00210.91395 W 12 2 0 1
2020 08 30 00 33 11 27405.273   148.035 33792.080  31.13  12.27   62  510.6 3702.99747 N 00210.91396 W 12 2 0 1
2020 08 30 00 33 12 27405.357   148.091 33791.808  31.13  12.27   61  510.6 3702.99747 N 00210.91397 W 12 2 0 1
2020 08 30 00 33 13 27405.334   148.068 33791.995  31.13  12.27   62  510.6 3702.99747 N 00210.91398 W 12 2 0 1
2020 08 30 00 33 14 27405.333   148.064 33791.905  31.13  12.27   61  510.8 3702.99746 N 00210.91403 W 12 2 0 1
2020 08 30 00 33 15 27405.351   148.078 33791.940  31.13  12.27   62  510.8 3702.99745 N 00210.91406 W 12 2 0 1
2020 08 30 00 33 16 27405.312   148.036 33792.186  31.13  12.27   61  510.9 3702.99744 N 00210.91408 W 12 2 0 1
2020 08 30 00 33 17 27405.341   148.080 33791.702  31.13  12.27   62  510.9 3702.99744 N 00210.91411 W 12 2 0 1
2020 08 30 00 33 18 27405.341   148.096 33791.952  31.13  12.27   62  511.0 3702.99746 N 00210.91414 W 12 2 0 1
2020 08 30 00 33 19 27405.306   148.087 33791.847  31.13  12.27   62  511.0 3702.99747 N 00210.91417 W 12 2 0 1
2020 08 30 00 33 20 27405.326   148.082 33791.917  31.13  12.27   62  511.0 3702.99748 N 00210.91421 W 12 2 0 1
2020 08 30 00 33 21 27405.295   148.064 33792.185  31.13  12.27   61  511.1 3702.99748 N 00210.91426 W 12 2 0 1
2020 08 30 00 33 22 27405.294   148.083 33791.866  31.13  12.27   62  511.1 3702.99747 N 00210.91431 W 12 2 0 1
2020 08 30 00 33 23 27405.291   148.070 33791.975  31.13  12.27   61  511.1 3702.99747 N 00210.91435 W 12 2 0 1
2020 08 30 00 33 24 27405.299   148.060 33792.037  31.13  12.27   62  511.0 3702.99746 N 00210.91437 W 12 2 0 1
2020 08 30 00 33 25 27405.263   148.061 33791.737  31.13  12.27   61  510.9 3702.99747 N 00210.91438 W 12 2 0 1
2020 08 30 00 33 26 27405.273   148.042 33792.045  31.13  12.27   62  510.8 3702.99747 N 00210.91439 W 12 2 0 1
2020 08 30 00 33 27 27405.299   148.058 33792.119  31.13  12.27   61  510.7 3702.99747 N 00210.91440 W 12 2 0 1
2020 08 30 00 33 28 27405.336   148.067 33792.236  31.13  12.27   62  510.7 3702.99749 N 00210.91443 W 12 2 0 1
2020 08 30 00 33 29 27405.294   148.084 33791.659  31.13  12.27   62  510.7 3702.99752 N 00210.91443 W 12 2 0 1
2020 08 30 00 33 30 27405.324   148.092 33792.010  31.13  12.27   62  510.6 3702.99757 N 00210.91442 W 12 2 0 1
2020 08 30 00 33 31 27405.275   148.074 33791.885  31.13  12.27   62  510.5 3702.99759 N 00210.91443 W 12 2 0 1
2020 08 30 00 33 32 27405.234   148.050 33791.842  31.13  12.27   61  510.5 3702.99763 N 00210.91444 W 12 2 0 1
2020 08 30 00 33 33 27405.310   148.073 33791.901  31.13  12.27   62  510.5 3702.99766 N 00210.91446 W 12 2 0 1
2020 08 30 00 33 34 27405.293   148.066 33792.018  31.13  12.27   61  510.6 3702.99769 N 00210.91447 W 12 2 0 1
2020 08 30 00 33 35 27405.249   148.054 33791.667  31.13  12.27   62  510.7 3702.99770 N 00210.91448 W 12 2 0 1
2020 08 30 00 33 36 27405.326   148.096 33792.073  31.13  12.27   61  510.8 3702.99770 N 00210.91448 W 12 2 0 1
2020 08 30 00 33 37 27405.256   148.058 33791.979  31.13  12.27   62  510.8 3702.99770 N 00210.91447 W 12 2 0 1
2020 08 30 00 33 38 27405.279   148.050 33791.776  31.13  12.27   62  510.8 3702.99769 N 00210.91446 W 12 2 0 1
2020 08 30 00 33 39 27405.292   148.079 33791.846  31.13  12.27   62  510.8 3702.99767 N 00210.91446 W 12 2 0 1
2020 08 30 00 33 40 27405.230   148.047 33792.068  31.13  12.27   62  510.7 3702.99766 N 00210.91445 W 12 2 0 1
2020 08 30 00 33 41 27405.275   148.083 33791.792  31.13  12.27   61  510.7 3702.99765 N 00210.91445 W 12 2 0 1
2020 08 30 00 33 42 27405.271   148.074 33791.998  31.13  12.27   62  510.6 3702.99764 N 00210.91445 W 12 2 0 1
2020 08 30 00 33 43 27405.246   148.054 33791.811  31.13  12.27   62  510.5 3702.99762 N 00210.91445 W 12 2 0 1
2020 08 30 00 33 44 27405.281   148.079 33792.037  31.13  12.27   62  510.5 3702.99762 N 00210.91444 W 12 2 0 1
2020 08 30 00 33 45 27405.240   148.074 33791.850  31.13  12.27   61  510.4 3702.99761 N 00210.91444 W 12 2 0 1
2020 08 30 00 33 46 27405.273   148.079 33791.765  31.13  12.27   62  510.3 3702.99761 N 00210.91443 W 12 2 0 1
2020 08 30 00 33 47 27405.244   148.073 33792.197  31.13  12.27   61  510.3 3702.99761 N 00210.91444 W 12 2 0 1
2020 08 30 00 33 48 27405.230   148.099 33791.659  31.13  12.27   62  510.2 3702.99761 N 00210.91446 W 12 2 0 1
2020 08 30 00 33 49 27405.250   148.090 33791.866  31.13  12.27   62  510.2 3702.99762 N 00210.91447 W 12 2 0 1
2020 08 30 00 33 50 27405.187   148.059 33791.869  31.13  12.27   62  510.2 3702.99762 N 00210.91446 W 12 2 0 1
2020 08 30 00 33 51 27405.191   148.062 33791.858  31.13  12.27   62  510.2 3702.99760 N 00210.91446 W 12 2 0 1
2020 08 30 00 33 52 27405.186   148.045 33792.282  31.13  12.27   61  510.3 3702.99760 N 00210.91446 W 12 2 0 1
2020 08 30 00 33 53 27405.214   148.078 33791.834  31.13  12.27   62  510.3 3702.99760 N 00210.91447 W 12 2 0 1
2020 08 30 00 33 54 27405.218   148.085 33791.776  31.13  12.27   61  510.5 3702.99758 N 00210.91450 W 12 2 0 1
2020 08 30 00 33 55 27405.193   148.049 33791.881  31.13  12.27   62  510.6 3702.99760 N 00210.91449 W 12 2 0 1
2020 08 30 00 33 56 27405.244   148.092 33791.807  31.13  12.27   61  510.6 3702.99763 N 00210.91448 W 12 2 0 1
2020 08 30 00 33 57 27405.216   148.089 33791.885  31.13  12.27   62  510.6 3702.99765 N 00210.91446 W 12 2 0 1
2020 08 30 00 33 58 27405.228   148.075 33791.971  31.13  12.27   61  510.7 3702.99765 N 00210.91442 W 12 2 0 1
2020 08 30 00 33 59 27405.195   148.049 33792.057  31.13  12.27   62  510.8 3702.99763 N 00210.91440 W 12 2 0 1
2020 08 30 00 34 00 27405.201   148.073 33791.897  31.13  12.27   62  510.8 3702.99759 N 00210.91438 W 12 2 0 1
2020 08 30 00 34 01 27405.216   148.068 33791.924  31.13  12.27   62  510.8 3702.99757 N 00210.91433 W 12 2 0 1
2020 08 30 00 34 02 27405.199   148.061 33792.033  31.13  12.27   62  510.8 3702.99753 N 00210.91431 W 12 2 0 1
2020 08 30 00 34 03 27405.234   148.094 33791.811  31.13  12.27   61  510.8 3702.99751 N 00210.91429 W 12 2 0 1
2020 08 30 00 34 04 27405.236   148.096 33791.948  31.13  12.27   62  510.8 3702.99750 N 00210.91428 W 12 2 0 1
2020 08 30 00 34 05 27405.216   148.062 33791.940  31.13  12.27   61  510.8 3702.99749 N 00210.91426 W 12 2 0 1
2020 08 30 00 34 06 27405.166   148.070 33791.838  31.13  12.27   62  510.8 3702.99748 N 00210.91426 W 12 2 0 1
2020 08 30 00 34 07 27405.244   148.118 33791.858  31.13  12.27   61  510.8 3702.99748 N 00210.91426 W 12 2 0 1
2020 08 30 00 34 08 27405.209   148.110 33791.959  31.13  12.27   62  510.8 3702.99747 N 00210.91427 W 12 2 0 1
2020 08 30 00 34 09 27405.238   148.127 33791.963  31.13  12.27   61  510.9 3702.99747 N 00210.91427 W 12 2 0 1
2020 08 30 00 34 10 27405.191   148.141 33791.924  31.13  12.27   62  511.0 3702.99746 N 00210.91426 W 12 2 0 1
2020 08 30 00 34 11 27405.193   148.152 33791.854  31.13  12.27   62  510.9 3702.99748 N 00210.91424 W 12 2 0 1
2020 08 30 00 34 12 27405.166   148.130 33791.955  31.13  12.27   62  510.9 3702.99749 N 00210.91421 W 12 2 0 1
2020 08 30 00 34 13 27405.154   148.134 33792.021  31.13  12.27   62  510.9 3702.99749 N 00210.91420 W 12 2 0 1
2020 08 30 00 34 14 27405.175   148.166 33791.850  31.13  12.27   61  510.9 3702.99749 N 00210.91419 W 12 2 0 1
2020 08 30 00 34 15 27405.206   148.189 33791.764  31.13  12.27   62  510.8 3702.99750 N 00210.91416 W 12 2 0 1
2020 08 30 00 34 16 27405.121   148.143 33792.017  31.13  12.27   61  510.7 3702.99751 N 00210.91413 W 12 2 0 1
2020 08 30 00 34 17 27405.152   148.176 33791.822  31.13  12.27   62  510.7 3702.99751 N 00210.91414 W 12 2 0 1
2020 08 30 00 34 18 27405.144   148.198 33791.896  31.13  12.27   61  510.7 3702.99751 N 00210.91414 W 12 2 0 1
2020 08 30 00 34 19 27405.115   148.178 33791.721  31.13  12.27   62  510.7 3702.99751 N 00210.91416 W 12 2 0 1
2020 08 30 00 34 20 27405.117   148.190 33791.970  31.13  12.27   62  510.7 3702.99751 N 00210.91418 W 12 2 0 1
2020 08 30 00 34 21 27405.113   148.190 33791.959  31.13  12.27   63  510.7 3702.99751 N 00210.91419 W 12 2 0 1
2020 08 30 00 34 22 27405.104   148.170 33792.107  31.13  12.27   62  510.8 3702.99749 N 00210.91420 W 12 2 0 1
2020 08 30 00 34 23 27405.103   148.200 33791.772  31.13  12.27   61  510.7 3702.99750 N 00210.91418 W 12 2 0 1
2020 08 30 00 34 24 27405.099   148.198 33791.538  31.13  12.27   62  510.7 3702.99751 N 00210.91416 W 12 2 0 1
2020 08 30 00 34 25 27405.086   148.178 33791.963  31.13  12.27   61  510.6 3702.99752 N 00210.91414 W 12 2 0 1
2020 08 30 00 34 26 27405.097   148.198 33791.846  31.13  12.27   62  510.6 3702.99753 N 00210.91410 W 12 2 0 1
2020 08 30 00 34 27 27405.074   148.182 33792.009  31.13  12.27   61  510.5 3702.99753 N 00210.91409 W 12 2 0 1
2020 08 30 00 34 28 27405.070   148.192 33791.787  31.13  12.27   62  510.5 3702.99752 N 00210.91409 W 12 2 0 1
2020 08 30 00 34 29 27405.074   148.210 33791.705  31.13  12.27   61  510.5 3702.99753 N 00210.91408 W 12 2 0 1
2020 08 30 00 34 30 27405.063   148.177 33791.974  31.13  12.27   62  510.4 3702.99753 N 00210.91407 W 12 2 0 1
2020 08 30 00 34 31 27405.033   148.164 33791.853  31.13  12.27   62  510.3 3702.99753 N 00210.91406 W 12 2 0 1
2020 08 30 00 34 32 27405.039   148.184 33791.881  31.13  12.27   62  510.4 3702.99753 N 00210.91405 W 12 2 0 1
2020 08 30 00 34 33 27405.023   148.184 33791.767  31.13  12.27   62  510.4 3702.99753 N 00210.91404 W 12 2 0 1
2020 08 30 00 34 34 27405.047   148.192 33791.760  31.13  12.27   62  510.5 3702.99754 N 00210.91404 W 12 2 0 1
2020 08 30 00 34 35 27405.025   148.204 33791.799  31.13  12.27   62  510.6 3702.99755 N 00210.91404 W 12 2 0 1
2020 08 30 00 34 36 27405.047   148.207 33791.935  31.13  12.27   61  510.7 3702.99757 N 00210.91404 W 12 2 0 1
2020 08 30 00 34 37 27405.056   148.227 33791.538  31.13  12.27   62  510.7 3702.99759 N 00210.91403 W 12 2 0 1
2020 08 30 00 34 38 27405.027   148.213 33791.954  31.13  12.27   61  510.6 3702.99761 N 00210.91404 W 12 2 0 1
2020 08 30 00 34 39 27405.078   148.245 33791.729  31.13  12.27   62  510.5 3702.99763 N 00210.91402 W 12 2 0 1
2020 08 30 00 34 40 27405.016   148.204 33791.841  31.13  12.27   61  510.5 3702.99763 N 00210.91402 W 12 2 0 1
2020 08 30 00 34 41 27405.031   148.221 33791.869  31.13  12.27   62  510.5 3702.99762 N 00210.91402 W 12 2 0 1
2020 08 30 00 34 42 27405.041   148.247 33791.756  31.13  12.27   62  510.5 3702.99762 N 00210.91402 W 12 2 0 1
2020 08 30 00 34 43 27405.052   148.249 33791.756  31.13  12.27   62  510.5 3702.99763 N 00210.91403 W 12 2 0 1
2020 08 30 00 34 44 27405.044   148.251 33791.678  31.13  12.27   62  510.6 3702.99763 N 00210.91405 W 12 2 0 1
2020 08 30 00 34 45 27405.015   148.221 33791.814  31.13  12.27   61  510.6 3702.99763 N 00210.91406 W 12 2 0 1
2020 08 30 00 34 46 27405.047   148.243 33791.939  31.13  12.27   62  510.6 3702.99762 N 00210.91407 W 12 2 0 1
2020 08 30 00 34 47 27405.044   148.252 33791.670  31.13  12.27   61  510.7 3702.99760 N 00210.91410 W 12 2 0 1
2020 08 30 00 34 48 27405.043   148.251 33791.670  31.13  12.27   62  510.8 3702.99758 N 00210.91412 W 12 2 0 1
2020 08 30 00 34 49 27405.080   148.259 33791.955  31.13  12.27   61  510.9 3702.99756 N 00210.91415 W 12 2 0 1
2020 08 30 00 34 50 27405.058   148.255 33791.635  31.13  12.27   62  511.0 3702.99756 N 00210.91417 W 12 2 0 1
2020 08 30 00 34 51 27405.091   148.293 33791.779  31.13  12.27   61  511.0 3702.99756 N 00210.91420 W 12 2 0 1
2020 08 30 00 34 52 27405.021   148.252 33791.892  31.13  12.27   62  510.9 3702.99757 N 00210.91421 W 12 2 0 1
2020 08 30 00 34 53 27405.037   148.279 33791.771  31.13  12.27   62  510.9 3702.99756 N 00210.91423 W 12 2 0 1
2020 08 30 00 34 54 27405.021   148.275 33791.693  31.13  12.27   61  510.9 3702.99756 N 00210.91422 W 12 2 0 1
2020 08 30 00 34 55 27405.027   148.288 33791.725  31.13  12.27   62  510.9 3702.99757 N 00210.91423 W 12 2 0 1
2020 08 30 00 34 56 27405.014   148.290 33791.826  31.13  12.27   61  510.9 3702.99760 N 00210.91422 W 12 2 0 1
2020 08 30 00 34 57 27405.027   148.313 33791.658  31.13  12.27   62  510.9 3702.99761 N 00210.91422 W 12 2 0 1
2020 08 30 00 34 58 27405.021   148.299 33791.869  31.13  12.27   61  510.9 3702.99761 N 00210.91422 W 12 2 0 1
2020 08 30 00 34 59 27405.039   148.336 33791.670  31.13  12.27   62  510.9 3702.99759 N 00210.91424 W 12 2 0 1
2020 08 30 00 35 00 27405.006   148.316 33791.791  31.13  12.27   61  510.9 3702.99758 N 00210.91428 W 12 2 0 1
2020 08 30 00 35 01 27405.037   148.326 33791.623  31.13  12.27   62  510.9 3702.99757 N 00210.91430 W 12 2 0 1
2020 08 30 00 35 02 27405.013   148.321 33791.771  31.13  12.27   62  510.9 3702.99757 N 00210.91431 W 12 2 0 1
2020 08 30 00 35 03 27404.998   148.314 33791.872  31.13  12.27   62  511.0 3702.99756 N 00210.91432 W 12 2 0 1
2020 08 30 00 35 04 27405.004   148.322 33791.927  31.13  12.27   62  511.0 3702.99754 N 00210.91431 W 12 2 0 1
2020 08 30 00 35 05 27405.048   148.366 33791.588  31.13  12.27   61  511.1 3702.99754 N 00210.91431 W 12 2 0 1
2020 08 30 00 35 06 27405.029   148.361 33791.717  31.13  12.27   62  511.0 3702.99753 N 00210.91430 W 12 2 0 1
2020 08 30 00 35 07 27405.070   148.370 33791.580  31.13  12.27   61  511.0 3702.99753 N 00210.91428 W 12 2 0 1
2020 08 30 00 35 08 27405.002   148.325 33791.993  31.13  12.27   62  511.0 3702.99752 N 00210.91427 W 12 2 0 1
2020 08 30 00 35 09 27405.056   148.383 33791.701  31.13  12.27   61  511.0 3702.99755 N 00210.91426 W 12 2 0 1
2020 08 30 00 35 10 27405.029   148.392 33791.592  31.13  12.27   62  511.0 3702.99756 N 00210.91426 W 12 2 0 1
2020 08 30 00 35 11 27405.058   148.387 33791.869  31.13  12.27   61  511.0 3702.99756 N 00210.91427 W 12 2 0 1
2020 08 30 00 35 12 27405.054   148.404 33791.830  31.13  12.27   62  511.0 3702.99757 N 00210.91426 W 12 2 0 1
2020 08 30 00 35 13 27405.019   148.396 33791.479  31.13  12.27   62  510.9 3702.99758 N 00210.91425 W 12 2 0 1
2020 08 30 00 35 14 27405.044   148.401 33791.608  31.13  12.27   62  510.9 3702.99759 N 00210.91424 W 12 2 0 1
2020 08 30 00 35 15 27405.017   148.386 33791.853  31.13  12.27   62  510.9 3702.99758 N 00210.91427 W 12 2 0 1
2020 08 30 00 35 16 27405.031   148.394 33791.666  31.13  12.27   61  510.9 3702.99758 N 00210.91427 W 12 2 0 1
2020 08 30 00 35 17 27405.033   148.395 33791.857  31.13  12.27   62  510.9 3702.99757 N 00210.91427 W 12 2 0 1
2020 08 30 00 35 18 27405.035   148.406 33791.623  31.13  12.27   61  510.9 3702.99757 N 00210.91425 W 12 2 0 1
2020 08 30 00 35 19 27405.039   148.401 33791.876  31.13  12.27   62  510.9 3702.99756 N 00210.91424 W 12 2 0 1
2020 08 30 00 35 20 27405.015   148.415 33791.658  31.13  12.27   61  510.9 3702.99756 N 00210.91424 W 12 2 0 1
2020 08 30 00 35 21 27405.035   148.428 33791.779  31.13  12.27   62  511.0 3702.99756 N 00210.91422 W 12 2 0 1
2020 08 30 00 35 22 27405.003   148.441 33791.643  31.13  12.27   61  510.9 3702.99755 N 00210.91420 W 12 2 0 1
2020 08 30 00 35 23 27405.031   148.452 33791.549  31.13  12.27   62  510.9 3702.99754 N 00210.91419 W 12 2 0 1
2020 08 30 00 35 24 27405.021   148.413 33791.744  31.13  12.27   62  510.9 3702.99754 N 00210.91416 W 12 2 0 1
2020 08 30 00 35 25 27405.054   148.438 33791.810  31.13  12.27   62  510.9 3702.99752 N 00210.91416 W 12 2 0 1
2020 08 30 00 35 26 27405.022   148.486 33791.331  31.13  12.27   62  511.0 3702.99752 N 00210.91415 W 12 2 0 1
2020 08 30 00 35 27 27405.021   148.460 33791.872  31.13  12.27   61  511.0 3702.99753 N 00210.91412 W 12 2 0 1
2020 08 30 00 35 28 27404.994   148.462 33791.619  31.13  12.27   62  510.9 3702.99753 N 00210.91409 W 12 2 0 1
2020 08 30 00 35 29 27404.982   148.459 33791.767  31.13  12.27   61  510.9 3702.99753 N 00210.91409 W 12 2 0 1
2020 08 30 00 35 30 27405.013   148.477 33791.693  31.13  12.27   62  510.9 3702.99755 N 00210.91409 W 12 2 0 1
2020 08 30 00 35 31 27404.998   148.482 33791.592  31.13  12.27   61  510.9 3702.99756 N 00210.91409 W 12 2 0 1
2020 08 30 00 35 32 27404.970   148.459 33791.701  31.13  12.27   62  511.0 3702.99755 N 00210.91409 W 12 2 0 1
2020 08 30 00 35 33 27405.015   148.492 33791.549  31.13  12.27   61  511.1 3702.99753 N 00210.91407 W 12 2 0 1
2020 08 30 00 35 34 27404.980   148.498 33791.584  31.13  12.27   62  511.2 3702.99750 N 00210.91405 W 12 2 0 1
2020 08 30 00 35 35 27405.004   148.494 33791.662  31.13  12.27   62  511.4 3702.99748 N 00210.91404 W 12 2 0 1
2020 08 30 00 35 36 27405.030   148.532 33791.444  31.13  12.27   61  511.5 3702.99747 N 00210.91403 W 12 2 0 1
2020 08 30 00 35 37 27405.006   148.508 33791.837  31.13  12.27   62  511.5 3702.99746 N 00210.91403 W 12 2 0 1
2020 08 30 00 35 38 27405.048   148.560 33791.615  31.13  12.27   61  511.5 3702.99745 N 00210.91403 W 12 2 0 1
2020 08 30 00 35 39 27404.949   148.543 33791.763  31.13  12.27   63  511.5 3702.99745 N 00210.91404 W 12 2 0 1
2020 08 30 00 35 40 27404.982   148.543 33791.689  31.13  12.27   62  511.5 3702.99745 N 00210.91403 W 12 2 0 1
2020 08 30 00 35 41 27405.003   148.546 33791.631  31.13  12.27   62  511.6 3702.99743 N 00210.91402 W 12 2 0 1
2020 08 30 00 35 42 27404.963   148.554 33791.638  31.13  12.27   61  511.6 3702.99740 N 00210.91402 W 12 2 0 1
2020 08 30 00 35 43 27404.947   148.553 33791.592  31.13  12.27   62  511.6 3702.99737 N 00210.91403 W 12 2 0 1
2020 08 30 00 35 44 27404.963   148.586 33791.627  31.13  12.27   62  511.7 3702.99734 N 00210.91404 W 12 2 0 1
2020 08 30 00 35 45 27405.011   148.603 33791.759  31.13  12.27   62  511.7 3702.99734 N 00210.91404 W 12 2 0 1
2020 08 30 00 35 46 27404.988   148.621 33791.603  31.13  12.27   62  511.6 3702.99735 N 00210.91401 W 12 2 0 1
2020 08 30 00 35 47 27404.966   148.615 33791.619  31.13  12.27   61  511.5 3702.99737 N 00210.91401 W 12 2 0 1
2020 08 30 00 35 48 27404.959   148.614 33791.611  31.13  12.27   62  511.5 3702.99737 N 00210.91401 W 12 2 0 1
2020 08 30 00 35 49 27404.931   148.622 33791.646  31.13  12.27   61  511.4 3702.99738 N 00210.91401 W 12 2 0 1
2020 08 30 00 35 50 27404.955   148.652 33791.666  31.13  12.27   62  511.4 3702.99739 N 00210.91402 W 12 2 0 1
2020 08 30 00 35 51 27404.925   148.660 33791.580  31.13  12.27   61  511.4 3702.99739 N 00210.91401 W 12 2 0 1
2020 08 30 00 35 52 27404.931   148.663 33791.576  31.13  12.27   62  511.3 3702.99739 N 00210.91403 W 12 2 0 1
2020 08 30 00 35 53 27404.851   148.632 33791.482  31.13  12.27   61  511.3 3702.99738 N 00210.91404 W 12 2 0 1
2020 08 30 00 35 54 27404.841   148.628 33791.548  31.13  12.27   62  511.3 3702.99736 N 00210.91407 W 12 2 0 1
2020 08 30 00 35 55 27404.882   148.677 33791.467  31.13  12.27   62  511.3 3702.99736 N 00210.91408 W 12 2 0 1
2020 08 30 00 35 56 27404.902   148.688 33791.693  31.13  12.27   62  511.3 3702.99738 N 00210.91408 W 12 2 0 1
2020 08 30 00 35 57 27404.885   148.654 33791.642  31.13  12.27   62  511.4 3702.99738 N 00210.91411 W 12 2 0 1
2020 08 30 00 35 58 27404.922   148.659 33791.794  31.13  12.27   61  511.4 3702.99739 N 00210.91410 W 12 2 0 1
2020 08 30 00 35 59 27404.828   148.638 33791.587  31.13  12.27   62  511.4 3702.99741 N 00210.91411 W 12 2 0 1
2020 08 30 00 36 00 27404.906   148.669 33791.630  31.13  12.27   61  511.3 3702.99742 N 00210.91412 W 12 2 0 1
2020 08 30 00 36 01 27404.897   148.680 33791.077  31.13  12.27   62  511.3 3702.99744 N 00210.91411 W 12 2 0 1
2020 08 30 00 36 02 27404.865   148.674 33791.712  31.13  12.27   61  511.3 3702.99745 N 00210.91411 W 12 2 0 1
2020 08 30 00 36 03 27404.812   148.668 33791.381  31.13  12.27   62  511.3 3702.99747 N 00210.91411 W 12 2 0 1
2020 08 30 00 36 04 27404.861   148.676 33791.704  31.13  12.27   61  511.3 3702.99747 N 00210.91413 W 12 2 0 1
2020 08 30 00 36 05 27404.777   148.659 33791.606  31.13  12.27   62  511.4 3702.99748 N 00210.91413 W 12 2 0 1
2020 08 30 00 36 06 27404.845   148.709 33791.295  31.13  12.27   62  511.4 3702.99749 N 00210.91413 W 12 2 0 1
2020 08 30 00 36 07 27404.842   148.696 33791.646  31.13  12.27   62  511.5 3702.99750 N 00210.91415 W 12 2 0 1
2020 08 30 00 36 08 27404.762   148.653 33791.692  31.13  12.27   62  511.4 3702.99751 N 00210.91416 W 12 2 0 1
2020 08 30 00 36 09 27404.748   148.662 33791.692  31.13  12.27   61  511.4 3702.99753 N 00210.91418 W 12 2 0 1
2020 08 30 00 36 10 27404.794   148.704 33791.369  31.13  12.27   62  511.3 3702.99755 N 00210.91419 W 12 2 0 1
2020 08 30 00 36 11 27404.789   148.700 33791.353  31.13  12.27   61  511.3 3702.99756 N 00210.91421 W 12 2 0 1
2020 08 30 00 36 12 27404.812   148.724 33791.455  31.13  12.27   62  511.2 3702.99759 N 00210.91422 W 12 2 0 1
2020 08 30 00 36 13 27404.847   148.765 33791.264  31.13  12.27   61  511.2 3702.99758 N 00210.91425 W 12 2 0 1
2020 08 30 00 36 14 27404.802   148.727 33791.443  31.13  12.27   62  511.0 3702.99756 N 00210.91428 W 12 2 0 1
2020 08 30 00 36 15 27404.814   148.727 33791.536  31.13  12.27   61  511.0 3702.99756 N 00210.91429 W 12 2 0 1
2020 08 30 00 36 16 27404.787   148.726 33791.521  31.13  12.27   63  510.9 3702.99755 N 00210.91430 W 12 2 0 1
2020 08 30 00 36 17 27404.781   148.715 33791.521  31.13  12.27   62  510.8 3702.99755 N 00210.91430 W 12 2 0 1
2020 08 30 00 36 18 27404.785   148.736 33791.486  31.13  12.27   62  510.7 3702.99754 N 00210.91429 W 12 2 0 1
2020 08 30 00 36 19 27404.808   148.738 33791.544  31.13  12.27   62  510.7 3702.99753 N 00210.91427 W 12 2 0 1
2020 08 30 00 36 20 27404.807   148.736 33791.638  31.13  12.27   61  510.6 3702.99752 N 00210.91425 W 12 2 0 1
2020 08 30 00 36 21 27404.794   148.755 33791.404  31.13  12.27   62  510.5 3702.99751 N 00210.91423 W 12 2 0 1
2020 08 30 00 36 22 27404.750   148.730 33791.493  31.13  12.27   61  510.4 3702.99751 N 00210.91421 W 12 2 0 1
2020 08 30 00 36 23 27404.814   148.775 33791.408  31.13  12.27   62  510.4 3702.99751 N 00210.91419 W 12 2 0 1
2020 08 30 00 36 24 27404.808   148.761 33791.568  31.13  12.27   61  510.3 3702.99752 N 00210.91417 W 12 2 0 1
2020 08 30 00 36 25 27404.804   148.765 33791.342  31.13  12.27   62  510.3 3702.99754 N 00210.91414 W 12 2 0 1
2020 08 30 00 36 26 27404.744   148.714 33791.606  31.13  12.27   62  510.2 3702.99756 N 00210.91414 W 12 2 0 1
2020 08 30 00 36 27 27404.816   148.746 33791.338  31.13  12.27   62  510.1 3702.99758 N 00210.91413 W 12 2 0 1
2020 08 30 00 36 28 27404.756   148.741 33791.536  31.13  12.27   62  510.1 3702.99759 N 00210.91413 W 12 2 0 1
2020 08 30 00 36 29 27404.721   148.729 33791.602  31.13  12.27   61  510.0 3702.99761 N 00210.91414 W 12 2 0 1
2020 08 30 00 36 30 27404.773   148.764 33791.380  31.13  12.27   62  510.0 3702.99763 N 00210.91414 W 12 2 0 1
2020 08 30 00 36 31 27404.730   148.740 33791.353  31.13  12.27   61  510.0 3702.99764 N 00210.91417 W 12 2 0 1
2020 08 30 00 36 32 27404.751   148.757 33791.260  31.13  12.27   62  510.0 3702.99767 N 00210.91417 W 12 2 0 1
2020 08 30 00 36 33 27404.721   148.743 33791.665  31.13  12.27   61  510.1 3702.99769 N 00210.91417 W 12 2 0 1
2020 08 30 00 36 34 27404.724   148.782 33791.443  31.13  12.27   62  510.2 3702.99772 N 00210.91417 W 12 2 0 1
2020 08 30 00 36 35 27404.649   148.713 33791.575  31.13  12.27   61  510.3 3702.99774 N 00210.91418 W 12 2 0 1
2020 08 30 00 36 36 27404.744   148.778 33791.388  31.13  12.27   62  510.4 3702.99776 N 00210.91419 W 12 2 0 1
2020 08 30 00 36 37 27404.737   148.804 33790.991  31.13  12.27   62  510.5 3702.99779 N 00210.91421 W 12 2 0 1
2020 08 30 00 36 38 27404.845   148.915 33789.098  31.13  12.27   62  510.6 3702.99783 N 00210.91422 W 12 2 0 1
2020 08 30 00 36 39 27404.612   148.663 33793.040  31.13  12.27   62  510.7 3702.99786 N 00210.91422 W 12 2 0 1
2020 08 30 00 36 40 27404.593   148.703 33792.093  31.13  12.27   61  510.9 3702.99788 N 00210.91423 W 12 2 0 1
2020 08 30 00 36 41 27404.692   148.731 33791.668  31.13  12.27   62  511.0 3702.99788 N 00210.91424 W 12 2 0 1
2020 08 30 00 36 42 27404.659   148.730 33791.820  31.13  12.27   61  511.1 3702.99788 N 00210.91426 W 12 2 0 1
2020 08 30 00 36 43 27404.652   148.757 33791.364  31.13  12.27   62  511.1 3702.99788 N 00210.91427 W 12 2 0 1
2020 08 30 00 36 44 27404.638   148.745 33791.357  31.13  12.27   61  511.1 3702.99788 N 00210.91428 W 12 2 0 1
2020 08 30 00 36 45 27404.633   148.763 33791.329  31.13  12.27   62  511.2 3702.99789 N 00210.91428 W 12 2 0 1
2020 08 30 00 36 46 27404.713   148.805 33791.579  31.13  12.27   61  511.2 3702.99790 N 00210.91428 W 12 2 0 1
2020 08 30 00 36 47 27404.707   148.818 33791.516  31.13  12.27   62  511.1 3702.99790 N 00210.91428 W 12 2 0 1
2020 08 30 00 36 48 27404.703   148.792 33791.384  31.13  12.27   62  511.1 3702.99790 N 00210.91426 W 12 2 0 1
2020 08 30 00 36 49 27404.711   148.798 33791.431  31.13  12.27   62  511.0 3702.99790 N 00210.91425 W 12 2 0 1
2020 08 30 00 36 50 27404.707   148.824 33791.411  31.13  12.27   62  510.9 3702.99791 N 00210.91423 W 12 2 0 1
2020 08 30 00 36 51 27404.664   148.792 33791.415  31.13  12.27   61  510.9 3702.99790 N 00210.91422 W 12 2 0 1
2020 08 30 00 36 52 27404.670   148.810 33791.372  31.13  12.27   62  510.8 3702.99790 N 00210.91421 W 12 2 0 1
2020 08 30 00 36 53 27404.150   148.580 33790.525  31.13  12.27   61  510.8 3702.99788 N 00210.91421 W 12 2 0 1
2020 08 30 00 36 54 27405.100   148.994 33792.063  31.13  12.27   62  510.8 3702.99787 N 00210.91421 W 12 2 0 1
2020 08 30 00 36 55 27404.721   148.841 33791.489  31.13  12.27   61  510.8 3702.99785 N 00210.91421 W 12 2 0 1
2020 08 30 00 36 56 27404.752   148.838 33791.392  31.13  12.27   62  510.8 3702.99781 N 00210.91422 W 12 2 0 1
2020 08 30 00 36 57 27404.683   148.801 33791.477  31.13  12.27   62  510.8 3702.99779 N 00210.91421 W 12 2 0 1
2020 08 30 00 36 58 27404.681   148.827 33791.337  31.13  12.27   63  510.8 3702.99775 N 00210.91421 W 12 2 0 1
2020 08 30 00 36 59 27404.644   148.823 33791.419  31.12  12.27   63  510.9 3702.99773 N 00210.91419 W 12 2 0 1
2020 08 30 00 37 00 27404.617   148.811 33791.376  31.13  12.27   61  510.8 3702.99770 N 00210.91419 W 12 2 0 1
2020 08 30 00 37 01 27404.638   148.815 33791.376  31.13  12.27   62  510.8 3702.99768 N 00210.91420 W 12 2 0 1
2020 08 30 00 37 02 27404.650   148.836 33791.368  31.13  12.27   61  510.8 3702.99766 N 00210.91420 W 12 2 0 1
2020 08 30 00 37 03 27404.644   148.863 33791.302  31.13  12.27   62  510.8 3702.99765 N 00210.91421 W 12 2 0 1
2020 08 30 00 37 04 27404.662   148.857 33791.376  31.13  12.27   61  510.9 3702.99763 N 00210.91423 W 12 2 0 1
2020 08 30 00 37 05 27404.605   148.845 33791.341  31.12  12.27   62  510.8 3702.99763 N 00210.91425 W 12 2 0 1
2020 08 30 00 37 06 27404.629   148.871 33791.399  31.13  12.27   61  510.9 3702.99764 N 00210.91428 W 12 2 0 1
2020 08 30 00 37 07 27404.623   148.855 33791.462  31.13  12.27   63  510.9 3702.99765 N 00210.91431 W 12 2 0 1
2020 08 30 00 37 08 27404.603   148.860 33791.290  31.13  12.27   62  510.9 3702.99766 N 00210.91432 W 12 2 0 1
2020 08 30 00 37 09 27404.613   148.862 33791.391  31.12  12.27   62  510.9 3702.99766 N 00210.91434 W 12 2 0 1
2020 08 30 00 37 10 27404.605   148.874 33791.294  31.12  12.27   62  510.9 3702.99766 N 00210.91437 W 12 2 0 1
2020 08 30 00 37 11 27404.594   148.860 33791.360  31.12  12.27   61  511.0 3702.99766 N 00210.91440 W 12 2 0 1
2020 08 30 00 37 12 27404.576   148.829 33791.352  31.13  12.27   62  511.0 3702.99765 N 00210.91444 W 12 2 0 1
2020 08 30 00 37 13 27404.597   148.868 33791.103  31.12  12.27   61  511.1 3702.99764 N 00210.91447 W 12 2 0 1
2020 08 30 00 37 14 27404.551   148.832 33791.531  31.12  12.27   62  511.1 3702.99763 N 00210.91450 W 12 2 0 1
2020 08 30 00 37 15 27404.676   148.894 33791.403  31.12  12.27   61  511.2 3702.99762 N 00210.91455 W 12 2 0 1
2020 08 30 00 37 16 27404.588   148.887 33791.232  31.12  12.27   62  511.3 3702.99762 N 00210.91459 W 12 2 0 1
2020 08 30 00 37 17 27404.564   148.849 33791.177  31.12  12.27   61  511.4 3702.99762 N 00210.91463 W 12 2 0 1
2020 08 30 00 37 18 27404.568   148.844 33791.387  31.12  12.27   62  511.4 3702.99762 N 00210.91465 W 12 2 0 1
2020 08 30 00 37 19 27404.555   148.830 33791.399  31.12  12.27   62  511.4 3702.99762 N 00210.91465 W 12 2 0 1
2020 08 30 00 37 20 27404.551   148.841 33791.380  31.12  12.27   62  511.5 3702.99763 N 00210.91466 W 12 2 0 1
2020 08 30 00 37 21 27404.523   148.837 33791.282  31.12  12.27   62  511.5 3702.99764 N 00210.91467 W 12 2 0 1
2020 08 30 00 37 22 27404.921   148.981 33792.359  31.12  12.27   61  511.6 3702.99765 N 00210.91468 W 12 2 0 1
2020 08 30 00 37 23 27404.349   148.767 33790.974  31.12  12.27   62  511.5 3702.99766 N 00210.91466 W 12 2 0 1
2020 08 30 00 37 24 27404.417   148.794 33790.900  31.12  12.27   61  511.5 3702.99767 N 00210.91467 W 12 2 0 1
2020 08 30 00 37 25 27404.506   148.839 33791.270  31.12  12.27   62  511.5 3702.99766 N 00210.91468 W 12 2 0 1
2020 08 30 00 37 26 27404.496   148.833 33791.134  31.12  12.27   61  511.5 3702.99765 N 00210.91470 W 12 2 0 1
2020 08 30 00 37 27 27404.500   148.801 33791.372  31.12  12.27   62  511.4 3702.99765 N 00210.91471 W 12 2 0 1
2020 08 30 00 37 28 27404.529   148.839 33791.255  31.12  12.27   61  511.3 3702.99765 N 00210.91472 W 12 2 0 1
2020 08 30 00 37 29 27404.539   148.841 33791.247  31.12  12.27   62  511.2 3702.99764 N 00210.91472 W 12 2 0 1
2020 08 30 00 37 30 27404.476   148.822 33791.239  31.12  12.27   62  511.2 3702.99762 N 00210.91470 W 12 2 0 1
2020 08 30 00 37 31 27404.525   148.827 33791.305  31.12  12.27   62  511.1 3702.99761 N 00210.91467 W 12 2 0 1
2020 08 30 00 37 32 27404.518   148.842 33791.434  31.12  12.27   62  511.1 3702.99760 N 00210.91465 W 12 2 0 1
2020 08 30 00 37 33 27404.519   148.866 33791.263  31.12  12.27   61  511.0 3702.99758 N 00210.91463 W 12 2 0 1
2020 08 30 00 37 34 27404.465   148.835 33791.255  31.12  12.27   62  511.1 3702.99759 N 00210.91461 W 12 2 0 1
2020 08 30 00 37 35 27404.504   148.864 33791.414  31.12  12.27   61  511.1 3702.99757 N 00210.91459 W 12 2 0 1
2020 08 30 00 37 36 27404.523   148.859 33791.286  31.12  12.27   62  511.1 3702.99756 N 00210.91459 W 12 2 0 1
2020 08 30 00 37 37 27404.515   148.859 33791.251  31.12  12.27   61  511.2 3702.99753 N 00210.91460 W 12 2 0 1
2020 08 30 00 37 38 27404.506   148.885 33791.305  31.12  12.27   62  511.3 3702.99750 N 00210.91462 W 12 2 0 1
2020 08 30 00 37 39 27404.512   148.866 33791.411  31.12  12.27   62  511.4 3702.99748 N 00210.91464 W 12 2 0 1
2020 08 30 00 37 40 27404.502   148.871 33791.270  31.12  12.27   62  511.6 3702.99747 N 00210.91466 W 12 2 0 1
2020 08 30 00 37 41 27404.498   148.883 33791.188  31.12  12.27   62  511.7 3702.99746 N 00210.91466 W 12 2 0 1
2020 08 30 00 37 42 27404.482   148.883 33791.251  31.12  12.27   62  511.8 3702.99745 N 00210.91467 W 12 2 0 1
2020 08 30 00 37 43 27404.500   148.912 33791.286  31.12  12.27   62  511.8 3702.99744 N 00210.91468 W 12 2 0 1
2020 08 30 00 37 44 27404.523   148.924 33791.375  31.12  12.27   61  511.9 3702.99743 N 00210.91468 W 12 2 0 1
2020 08 30 00 37 45 27404.459   148.899 33791.605  31.12  12.27   62  512.0 3702.99741 N 00210.91468 W 12 2 0 1
2020 08 30 00 37 46 27404.472   148.932 33791.177  31.12  12.27   61  512.0 3702.99740 N 00210.91468 W 12 2 0 1
2020 08 30 00 37 47 27404.455   148.934 33791.278  31.12  12.27   62  512.1 3702.99739 N 00210.91467 W 12 2 0 1
2020 08 30 00 37 48 27404.388   148.906 33791.149  31.12  12.27   61  512.1 3702.99739 N 00210.91466 W 12 2 0 1
2020 08 30 00 37 49 27404.480   148.978 33791.145  31.12  12.27   62  512.1 3702.99738 N 00210.91466 W 12 2 0 1
2020 08 30 00 37 50 27404.418   148.942 33791.321  31.12  12.27   62  512.2 3702.99737 N 00210.91466 W 12 2 0 1
2020 08 30 00 37 51 27404.373   148.875 33791.285  31.12  12.27   62  512.2 3702.99737 N 00210.91466 W 12 2 0 1
2020 08 30 00 37 52 27404.451   148.948 33791.332  31.12  12.27   62  512.3 3702.99737 N 00210.91466 W 12 2 0 1
2020 08 30 00 37 53 27404.408   148.918 33791.282  31.12  12.27   61  512.2 3702.99738 N 00210.91465 W 12 2 0 1
2020 08 30 00 37 54 27404.416   148.944 33791.297  31.12  12.27   62  512.2 3702.99739 N 00210.91463 W 12 2 0 1
2020 08 30 00 37 55 27404.377   148.924 33791.165  31.12  12.27   61  512.2 3702.99739 N 00210.91462 W 12 2 0 1
2020 08 30 00 37 56 27404.397   148.919 33791.332  31.12  12.27   62  512.3 3702.99739 N 00210.91461 W 12 2 0 1
2020 08 30 00 37 57 27404.408   148.943 33791.059  31.12  12.27   61  512.3 3702.99738 N 00210.91461 W 12 2 0 1
2020 08 30 00 37 58 27404.408   148.952 33791.430  31.12  12.27   63  512.4 3702.99737 N 00210.91458 W 12 2 0 1
2020 08 30 00 37 59 27404.359   148.917 33791.067  31.12  12.27   61  512.4 3702.99738 N 00210.91455 W 12 2 0 1
2020 08 30 00 38 00 27404.371   148.934 33791.340  31.12  12.27   62  512.4 3702.99740 N 00210.91455 W 12 2 0 1
2020 08 30 00 38 01 27404.410   148.956 33791.289  31.12  12.27   62  512.4 3702.99741 N 00210.91452 W 12 2 0 1
2020 08 30 00 38 02 27404.375   148.939 33791.235  31.12  12.27   62  512.4 3702.99740 N 00210.91450 W 12 2 0 1
2020 08 30 00 38 03 27404.318   148.934 33791.211  31.12  12.27   62  512.3 3702.99741 N 00210.91449 W 12 2 0 1
2020 08 30 00 38 04 27404.354   148.957 33791.242  31.12  12.27   61  512.3 3702.99740 N 00210.91446 W 12 2 0 1
2020 08 30 00 38 05 27404.318   148.931 33791.172  31.12  12.27   62  512.4 3702.99738 N 00210.91442 W 12 2 0 1
2020 08 30 00 38 06 27404.315   148.922 33791.231  31.12  12.27   61  512.4 3702.99737 N 00210.91438 W 12 2 0 1
2020 08 30 00 38 07 27404.336   148.947 33791.231  31.12  12.27   62  512.5 3702.99736 N 00210.91438 W 12 2 0 1
2020 08 30 00 38 08 27404.363   148.945 33791.141  31.12  12.27   61  512.6 3702.99736 N 00210.91436 W 12 2 0 1
2020 08 30 00 38 09 27404.317   148.929 33791.324  31.12  12.27   62  512.6 3702.99737 N 00210.91436 W 12 2 0 1
2020 08 30 00 38 10 27404.332   148.935 33791.192  31.12  12.27   61  512.5 3702.99737 N 00210.91435 W 12 2 0 1
2020 08 30 00 38 11 27404.345   148.941 33790.919  31.12  12.27   62  512.6 3702.99737 N 00210.91434 W 12 2 0 1
2020 08 30 00 38 12 27404.291   148.906 33791.215  31.12  12.27   62  512.6 3702.99737 N 00210.91434 W 12 2 0 1
2020 08 30 00 38 13 27404.286   148.896 33791.417  31.12  12.27   61  512.6 3702.99737 N 00210.91433 W 12 2 0 1
2020 08 30 00 38 14 27404.336   148.933 33791.145  31.12  12.27   62  512.6 3702.99738 N 00210.91432 W 12 2 0 1
2020 08 30 00 38 15 27404.311   148.917 33791.246  31.12  12.27   61  512.6 3702.99738 N 00210.91430 W 12 2 0 1
2020 08 30 00 38 16 27404.318   148.929 33791.188  31.12  12.27   62  512.6 3702.99741 N 00210.91429 W 12 2 0 1
2020 08 30 00 38 17 27404.291   148.906 33791.153  31.12  12.27   61  512.6 3702.99741 N 00210.91429 W 12 2 0 1
2020 08 30 00 38 18 27404.305   148.932 33791.414  31.12  12.27   63  512.6 3702.99742 N 00210.91429 W 12 2 0 1
2020 08 30 00 38 19 27404.275   148.955 33791.137  31.12  12.27   61  512.6 3702.99742 N 00210.91429 W 12 2 0 1
2020 08 30 00 38 20 27404.274   148.935 33791.250  31.12  12.27   62  512.7 3702.99741 N 00210.91430 W 12 2 0 1
2020 08 30 00 38 21 27404.289   148.948 33791.258  31.12  12.27   62  512.7 3702.99741 N 00210.91432 W 12 2 0 1
2020 08 30 00 38 22 27404.276   148.964 33791.300  31.12  12.27   62  512.6 3702.99742 N 00210.91433 W 12 2 0 1
2020 08 30 00 38 23 27404.262   148.941 33791.297  31.12  12.27   62  512.5 3702.99742 N 00210.91433 W 12 2 0 1
2020 08 30 00 38 24 27404.231   148.923 33791.148  31.12  12.27   61  512.5 3702.99742 N 00210.91434 W 12 2 0 1
2020 08 30 00 38 25 27404.287   148.935 33791.067  31.12  12.27   62  512.5 3702.99741 N 00210.91435 W 12 2 0 1
2020 08 30 00 38 26 27404.236   148.915 33791.168  31.12  12.27   61  512.4 3702.99741 N 00210.91436 W 12 2 0 1
2020 08 30 00 38 27 27404.311   148.937 33791.285  31.12  12.27   62  512.4 3702.99741 N 00210.91437 W 12 2 0 1
2020 08 30 00 38 28 27404.287   148.942 33791.141  31.12  12.27   61  512.4 3702.99740 N 00210.91440 W 12 2 0 1
2020 08 30 00 38 29 27404.287   148.945 33791.036  31.12  12.27   62  512.4 3702.99740 N 00210.91442 W 12 2 0 1
2020 08 30 00 38 30 27404.271   148.934 33791.094  31.12  12.27   61  512.4 3702.99739 N 00210.91445 W 12 2 0 1
2020 08 30 00 38 31 27404.319   148.977 33791.316  31.12  12.27   62  512.3 3702.99741 N 00210.91447 W 12 2 0 1
2020 08 30 00 38 32 27404.310   148.953 33791.141  31.12  12.27   62  512.3 3702.99744 N 00210.91446 W 12 2 0 1
2020 08 30 00 38 33 27404.297   148.943 33791.398  31.12  12.27   62  512.2 3702.99746 N 00210.91447 W 12 2 0 1
2020 08 30 00 38 34 27404.306   148.965 33791.016  31.12  12.27   62  512.2 3702.99749 N 00210.91445 W 12 2 0 1
2020 08 30 00 38 35 27404.287   148.940 33791.117  31.12  12.27   61  512.2 3702.99750 N 00210.91446 W 12 2 0 1
2020 08 30 00 38 36 27404.268   148.940 33791.149  31.12  12.27   62  512.2 3702.99751 N 00210.91448 W 12 2 0 1
2020 08 30 00 38 37 27404.254   148.928 33791.211  31.12  12.27   61  512.2 3702.99752 N 00210.91449 W 12 2 0 1
2020 08 30 00 38 38 27404.289   148.947 33791.047  31.12  12.27   62  512.3 3702.99753 N 00210.91450 W 12 2 0 1
2020 08 30 00 38 39 27404.246   148.934 33791.113  31.12  12.27   61  512.3 3702.99755 N 00210.91451 W 12 2 0 1
2020 08 30 00 38 40 27404.297   148.948 33791.437  31.12  12.27   62  512.4 3702.99756 N 00210.91451 W 12 2 0 1
2020 08 30 00 38 41 27404.304   148.970 33791.012  31.12  12.27   61  512.3 3702.99759 N 00210.91452 W 12 2 0 1
2020 08 30 00 38 42 27404.297   148.945 33791.227  31.12  12.27   62  512.3 3702.99759 N 00210.91452 W 12 2 0 1
2020 08 30 00 38 43 27404.347   148.992 33791.028  31.12  12.27   62  512.4 3702.99759 N 00210.91452 W 12 2 0 1
2020 08 30 00 38 44 27404.250   148.946 33791.141  31.12  12.27   62  512.4 3702.99761 N 00210.91450 W 12 2 0 1
2020 08 30 00 38 45 27404.231   148.917 33791.277  31.12  12.27   62  512.5 3702.99761 N 00210.91450 W 12 2 0 1
2020 08 30 00 38 46 27404.285   148.954 33791.312  31.12  12.27   62  512.4 3702.99763 N 00210.91450 W 12 2 0 1
2020 08 30 00 38 47 27404.287   148.954 33791.078  31.12  12.27   62  512.5 3702.99762 N 00210.91452 W 12 2 0 1
2020 08 30 00 38 48 27404.289   148.958 33791.207  31.12  12.27   61  512.4 3702.99761 N 00210.91454 W 12 2 0 1
2020 08 30 00 38 49 27404.295   148.957 33791.090  31.12  12.27   62  512.4 3702.99759 N 00210.91456 W 12 2 0 1
2020 08 30 00 38 50 27404.268   148.953 33791.238  31.12  12.27   61  512.4 3702.99757 N 00210.91458 W 12 2 0 1
2020 08 30 00 38 51 27404.311   148.983 33791.293  31.12  12.27   62  512.4 3702.99755 N 00210.91458 W 12 2 0 1
2020 08 30 00 38 52 27404.277   148.992 33791.086  31.12  12.27   61  512.4 3702.99752 N 00210.91458 W 12 2 0 1
2020 08 30 00 38 53 27404.264   148.979 33791.258  31.12  12.27   62  512.3 3702.99749 N 00210.91458 W 12 2 0 1
2020 08 30 00 38 54 27404.248   148.972 33790.965  31.12  12.27   62  512.2 3702.99746 N 00210.91460 W 12 2 0 1
2020 08 30 00 38 55 27404.207   148.975 33791.168  31.12  12.27   62  512.2 3702.99744 N 00210.91463 W 12 2 0 1
2020 08 30 00 38 56 27404.280   148.992 33791.285  31.12  12.27   62  512.2 3702.99743 N 00210.91464 W 12 2 0 1
2020 08 30 00 38 57 27404.242   148.985 33790.954  31.12  12.27   61  512.1 3702.99742 N 00210.91464 W 12 2 0 1
2020 08 30 00 38 58 27404.291   149.013 33791.258  31.12  12.27   62  512.1 3702.99742 N 00210.91465 W 12 2 0 1
2020 08 30 00 38 59 27404.291   149.013 33791.203  31.12  12.27   61  512.0 3702.99743 N 00210.91466 W 12 2 0 1
2020 08 30 00 39 00 27404.295   149.027 33790.985  31.12  12.27   62  512.0 3702.99743 N 00210.91466 W 12 2 0 1
2020 08 30 00 39 01 27404.225   148.982 33791.261  31.12  12.27   61  512.1 3702.99743 N 00210.91466 W 12 2 0 1
2020 08 30 00 39 02 27404.225   148.982 33791.043  31.12  12.27   62  512.1 3702.99744 N 00210.91465 W 12 2 0 1
2020 08 30 00 39 03 27404.283   149.034 33791.320  31.12  12.27   62  512.1 3702.99744 N 00210.91464 W 12 2 0 1
2020 08 30 00 39 04 27404.192   148.985 33791.292  31.12  12.27   62  512.0 3702.99744 N 00210.91463 W 12 2 0 1
2020 08 30 00 39 05 27404.218   149.020 33790.774  31.12  12.27   62  512.1 3702.99744 N 00210.91463 W 12 2 0 1
2020 08 30 00 39 06 27404.277   149.046 33791.164  31.12  12.27   62  512.1 3702.99743 N 00210.91463 W 12 2 0 1
2020 08 30 00 39 07 27404.217   149.025 33791.105  31.12  12.27   62  512.0 3702.99742 N 00210.91463 W 12 2 0 1
2020 08 30 00 39 08 27404.254   149.037 33791.195  31.12  12.27   61  512.0 3702.99743 N 00210.91461 W 12 2 0 1
2020 08 30 00 39 09 27404.191   149.022 33790.934  31.12  12.27   62  511.9 3702.99745 N 00210.91460 W 12 2 0 1
2020 08 30 00 39 10 27404.268   149.048 33791.308  31.12  12.27   61  511.8 3702.99746 N 00210.91459 W 12 2 0 1
2020 08 30 00 39 11 27404.151   148.988 33791.351  31.12  12.27   62  511.8 3702.99748 N 00210.91457 W 12 2 0 1
2020 08 30 00 39 12 27404.256   149.021 33791.098  31.12  12.27   61  511.7 3702.99751 N 00210.91457 W 12 2 0 1
2020 08 30 00 39 13 27404.162   149.027 33790.844  31.12  12.27   62  511.7 3702.99753 N 00210.91455 W 12 2 0 1
2020 08 30 00 39 14 27404.223   149.057 33791.226  31.12  12.27   62  511.7 3702.99754 N 00210.91454 W 12 2 0 1
2020 08 30 00 39 15 27404.277   149.068 33791.152  31.12  12.27   62  511.6 3702.99755 N 00210.91453 W 12 2 0 1
2020 08 30 00 39 16 27404.225   149.045 33791.363  31.12  12.27   62  511.6 3702.99757 N 00210.91452 W 12 2 0 1
2020 08 30 00 39 17 27404.208   149.082 33790.704  31.12  12.27   61  511.4 3702.99758 N 00210.91451 W 12 2 0 1
2020 08 30 00 39 18 27404.213   149.054 33790.930  31.12  12.27   62  511.3 3702.99759 N 00210.91451 W 12 2 0 1
2020 08 30 00 39 19 27404.227   149.057 33791.125  31.12  12.27   61  511.2 3702.99762 N 00210.91451 W 12 2 0 1
2020 08 30 00 39 20 27404.204   149.047 33791.316  31.12  12.27   62  511.2 3702.99763 N 00210.91451 W 12 2 0 1
2020 08 30 00 39 21 27404.293   149.101 33791.238  31.12  12.27   61  511.1 3702.99766 N 00210.91452 W 12 2 0 1
2020 08 30 00 39 22 27404.200   149.062 33791.234  31.12  12.27   62  511.0 3702.99768 N 00210.91453 W 12 2 0 1
2020 08 30 00 39 23 27404.195   149.086 33790.914  31.12  12.27   61  510.9 3702.99770 N 00210.91453 W 12 2 0 1
2020 08 30 00 39 24 27404.180   149.086 33791.121  31.12  12.27   62  510.8 3702.99773 N 00210.91454 W 12 2 0 1
2020 08 30 00 39 25 27404.197   149.104 33791.098  31.12  12.27   62  510.8 3702.99774 N 00210.91454 W 12 2 0 1
2020 08 30 00 39 26 27404.220   149.142 33790.798  31.12  12.27   62  510.7 3702.99774 N 00210.91453 W 12 2 0 1
2020 08 30 00 39 27 27404.142   149.087 33790.719  31.12  12.27   62  510.6 3702.99773 N 00210.91452 W 12 2 0 1
2020 08 30 00 39 28 27404.198   149.111 33791.327  31.12  12.27   61  510.6 3702.99772 N 00210.91452 W 12 2 0 1
2020 08 30 00 39 29 27404.131   149.087 33791.136  31.12  12.27   62  510.6 3702.99771 N 00210.91451 W 12 2 0 1
2020 08 30 00 39 30 27404.217   149.115 33791.483  31.12  12.27   61  510.6 3702.99768 N 00210.91450 W 12 2 0 1
2020 08 30 00 39 31 27404.172   149.104 33790.914  31.12  12.27   62  510.6 3702.99765 N 00210.91448 W 12 2 0 1
2020 08 30 00 39 32 27404.182   149.098 33791.082  31.12  12.27   61  510.6 3702.99761 N 00210.91447 W 12 2 0 1
2020 08 30 00 39 33 27404.229   149.110 33791.218  31.12  12.27   62  510.6 3702.99759 N 00210.91446 W 12 2 0 1
2020 08 30 00 39 34 27404.160   149.103 33790.984  31.12  12.27   61  510.6 3702.99758 N 00210.91444 W 12 2 0 1
2020 08 30 00 39 35 27404.180   149.108 33791.269  31.12  12.27   62  510.6 3702.99755 N 00210.91443 W 12 2 0 1
2020 08 30 00 39 36 27404.205   149.124 33790.903  31.12  12.27   62  510.6 3702.99752 N 00210.91443 W 12 2 0 1
2020 08 30 00 39 37 27404.186   149.111 33791.121  31.12  12.27   61  510.7 3702.99750 N 00210.91444 W 12 2 0 1
2020 08 30 00 39 38 27404.155   149.110 33791.167  31.12  12.27   63  510.7 3702.99748 N 00210.91445 W 12 2 0 1
2020 08 30 00 39 39 27404.143   149.093 33791.195  31.12  12.27   62  510.7 3702.99748 N 00210.91445 W 12 2 0 1
2020 08 30 00 39 40 27404.187   149.118 33790.794  31.12  12.27   62  510.7 3702.99748 N 00210.91446 W 12 2 0 1
2020 08 30 00 39 41 27404.174   149.123 33791.222  31.12  12.27   61  510.6 3702.99747 N 00210.91446 W 12 2 0 1
2020 08 30 00 39 42 27404.145   149.117 33791.277  31.12  12.27   62  510.6 3702.99746 N 00210.91447 W 12 2 0 1
2020 08 30 00 39 43 27404.137   149.127 33790.883  31.12  12.27   61  510.7 3702.99745 N 00210.91449 W 12 2 0 1
2020 08 30 00 39 44 27404.162   149.144 33790.988  31.12  12.27   62  510.7 3702.99745 N 00210.91450 W 12 2 0 1
2020 08 30 00 39 45 27404.172   149.109 33791.035  31.12  12.27   62  510.7 3702.99743 N 00210.91452 W 12 2 0 1
2020 08 30 00 39 46 27404.184   149.129 33790.988  31.12  12.27   62  510.7 3702.99742 N 00210.91455 W 12 2 0 1
2020 08 30 00 39 47 27404.143   149.124 33791.206  31.12  12.27   62  510.7 3702.99741 N 00210.91457 W 12 2 0 1
2020 08 30 00 39 48 27404.164   149.127 33791.199  31.12  12.27   61  510.7 3702.99741 N 00210.91459 W 12 2 0 1
2020 08 30 00 39 49 27404.106   149.085 33791.171  31.12  12.27   62  510.7 3702.99742 N 00210.91461 W 12 2 0 1
2020 08 30 00 39 50 27404.162   149.129 33790.871  31.12  12.27   61  510.7 3702.99742 N 00210.91463 W 12 2 0 1
2020 08 30 00 39 51 27404.172   149.118 33791.132  31.12  12.27   62  510.7 3702.99742 N 00210.91462 W 12 2 0 1
2020 08 30 00 39 52 27404.152   149.108 33791.031  31.12  12.27   61  510.7 3702.99743 N 00210.91462 W 12 2 0 1
2020 08 30 00 39 53 27404.152   149.110 33791.012  31.12  12.27   62  510.7 3702.99744 N 00210.91460 W 12 2 0 1
2020 08 30 00 39 54 27404.156   149.106 33791.019  31.12  12.27   61  510.7 3702.99745 N 00210.91460 W 12 2 0 1
2020 08 30 00 39 55 27404.179   149.124 33790.910  31.12  12.27   62  510.7 3702.99744 N 00210.91461 W 12 2 0 1
2020 08 30 00 39 56 27404.170   149.128 33791.086  31.12  12.27   62  510.7 3702.99743 N 00210.91462 W 12 2 0 1
2020 08 30 00 39 57 27404.178   149.109 33791.132  31.12  12.27   62  510.8 3702.99742 N 00210.91464 W 12 2 0 1
2020 08 30 00 39 58 27404.121   149.087 33791.136  31.12  12.27   62  510.8 3702.99742 N 00210.91465 W 12 2 0 1
2020 08 30 00 39 59 27404.162   149.131 33791.066  31.12  12.27   61  510.8 3702.99742 N 00210.91468 W 12 2 0 1
2020 08 30 00 40 00 27404.188   149.133 33791.195  31.12  12.27   62  510.9 3702.99741 N 00210.91469 W 12 2 0 1
2020 08 30 00 40 01 27404.150   149.099 33791.039  31.12  12.27   61  511.0 3702.99739 N 00210.91472 W 12 2 0 1
2020 08 30 00 40 02 27404.174   149.109 33791.043  31.12  12.27   62  511.1 3702.99738 N 00210.91476 W 12 2 0 1
2020 08 30 00 40 03 27404.146   149.111 33790.903  31.12  12.27   61  511.1 3702.99737 N 00210.91478 W 12 2 0 1
2020 08 30 00 40 04 27404.209   149.140 33791.136  31.12  12.27   62  511.1 3702.99735 N 00210.91479 W 12 2 0 1
2020 08 30 00 40 05 27404.148   149.111 33790.922  31.12  12.27   61  511.2 3702.99733 N 00210.91482 W 12 2 0 1
2020 08 30 00 40 06 27404.188   149.128 33791.125  31.12  12.27   62  511.3 3702.99732 N 00210.91484 W 12 2 0 1
2020 08 30 00 40 07 27404.186   149.130 33791.020  31.12  12.27   62  511.4 3702.99731 N 00210.91486 W 12 2 0 1
2020 08 30 00 40 08 27404.145   149.082 33791.230  31.12  12.27   62  511.4 3702.99730 N 00210.91486 W 12 2 0 1
2020 08 30 00 40 09 27404.211   149.126 33790.965  31.12  12.27   62  511.5 3702.99730 N 00210.91487 W 12 2 0 1
2020 08 30 00 40 10 27404.192   149.093 33791.207  31.12  12.27   61  511.5 3702.99731 N 00210.91486 W 12 2 0 1
2020 08 30 00 40 11 27404.209   149.104 33791.039  31.12  12.27   62  511.5 3702.99730 N 00210.91484 W 12 2 0 1
2020 08 30 00 40 12 27404.221   149.122 33791.043  31.12  12.27   62  511.5 3702.99729 N 00210.91484 W 12 2 0 1
2020 08 30 00 40 13 27404.228   149.121 33790.989  31.12  12.27   62  511.6 3702.99729 N 00210.91483 W 12 2 0 1
2020 08 30 00 40 14 27404.223   149.123 33791.109  31.12  12.27   61  511.5 3702.99728 N 00210.91482 W 12 2 0 1
2020 08 30 00 40 15 27404.246   149.129 33791.024  31.12  12.27   62  511.4 3702.99727 N 00210.91482 W 12 2 0 1
2020 08 30 00 40 16 27404.188   149.113 33791.125  31.12  12.27   61  511.4 3702.99726 N 00210.91482 W 12 2 0 1
2020 08 30 00 40 17 27404.178   149.081 33791.222  31.12  12.27   62  511.3 3702.99726 N 00210.91482 W 12 2 0 1
2020 08 30 00 40 18 27404.219   149.115 33790.930  31.12  12.27   62  511.4 3702.99726 N 00210.91481 W 12 2 0 1
2020 08 30 00 40 19 27404.222   149.109 33790.957  31.12  12.27   62  511.4 3702.99727 N 00210.91480 W 12 2 0 1
2020 08 30 00 40 20 27404.254   149.103 33791.137  31.12  12.27   62  511.5 3702.99727 N 00210.91479 W 12 2 0 1
2020 08 30 00 40 21 27404.240   149.101 33791.055  31.12  12.27   61  511.7 3702.99727 N 00210.91479 W 12 2 0 1
2020 08 30 00 40 22 27404.248   149.098 33791.059  31.12  12.27   62  511.7 3702.99728 N 00210.91477 W 12 2 0 1
2020 08 30 00 40 23 27404.260   149.084 33791.207  31.12  12.27   61  511.7 3702.99728 N 00210.91474 W 12 2 0 1
2020 08 30 00 40 24 27404.273   149.113 33791.043  31.12  12.27   62  511.7 3702.99729 N 00210.91471 W 12 2 0 1
2020 08 30 00 40 25 27404.203   149.064 33791.222  31.12  12.27   61  511.7 3702.99729 N 00210.91467 W 12 2 0 1
2020 08 30 00 40 26 27404.250   149.094 33791.035  31.12  12.27   62  511.7 3702.99730 N 00210.91462 W 12 2 0 1
2020 08 30 00 40 27 27404.240   149.090 33790.926  31.12  12.27   62  511.7 3702.99730 N 00210.91459 W 12 2 0 1
2020 08 30 00 40 28 27404.295   149.125 33790.915  31.12  12.27   62  511.7 3702.99731 N 00210.91456 W 12 2 0 1
2020 08 30 00 40 29 27404.312   149.108 33791.152  31.12  12.27   62  511.6 3702.99733 N 00210.91453 W 12 2 0 1
2020 08 30 00 40 30 27404.256   149.079 33791.125  31.12  12.27   62  511.6 3702.99734 N 00210.91451 W 12 2 0 1
2020 08 30 00 40 31 27404.273   149.110 33790.973  31.12  12.27   62  511.7 3702.99734 N 00210.91451 W 12 2 0 1
2020 08 30 00 40 32 27404.260   149.094 33791.094  31.12  12.27   62  511.7 3702.99736 N 00210.91450 W 12 2 0 1
2020 08 30 00 40 33 27404.287   149.108 33790.985  31.12  12.27   62  511.8 3702.99736 N 00210.91450 W 12 2 0 1
2020 08 30 00 40 34 27404.209   149.058 33791.214  31.12  12.27   61  511.8 3702.99736 N 00210.91450 W 12 2 0 1
2020 08 30 00 40 35 27404.242   149.102 33791.055  31.12  12.27   62  511.8 3702.99736 N 00210.91448 W 12 2 0 1
2020 08 30 00 40 36 27404.261   149.101 33790.852  31.12  12.27   61  511.8 3702.99737 N 00210.91445 W 12 2 0 1
2020 08 30 00 40 37 27404.260   149.098 33791.113  31.12  12.27   62  511.8 3702.99738 N 00210.91442 W 12 2 0 1
2020 08 30 00 40 38 27404.301   149.121 33791.055  31.12  12.27   61  511.8 3702.99737 N 00210.91439 W 12 2 0 1
2020 08 30 00 40 39 27404.217   149.072 33791.191  31.12  12.27   62  511.8 3702.99738 N 00210.91438 W 12 2 0 1
2020 08 30 00 40 40 27404.341   149.130 33790.985  31.12  12.27   62  511.7 3702.99738 N 00210.91435 W 12 2 0 1
2020 08 30 00 40 41 27404.244   149.095 33791.070  31.12  12.27   61  511.7 3702.99739 N 00210.91432 W 12 2 0 1
2020 08 30 00 40 42 27404.234   149.082 33791.152  31.12  12.27   62  511.6 3702.99741 N 00210.91430 W 12 2 0 1
2020 08 30 00 40 43 27404.172   149.045 33791.335  31.12  12.27   61  511.5 3702.99741 N 00210.91428 W 12 2 0 1
2020 08 30 00 40 44 27404.297   149.104 33790.965  31.12  12.27   62  511.5 3702.99742 N 00210.91427 W 12 2 0 1
2020 08 30 00 40 45 27404.256   149.062 33791.012  31.12  12.27   61  511.5 3702.99742 N 00210.91425 W 12 2 0 1
2020 08 30 00 40 46 27404.238   149.067 33791.222  31.12  12.27   62  511.5 3702.99742 N 00210.91422 W 12 2 0 1
2020 08 30 00 40 47 27404.289   149.089 33791.141  31.12  12.27   61  511.4 3702.99741 N 00210.91419 W 12 2 0 1
2020 08 30 00 40 48 27404.312   149.107 33790.833  31.12  12.27   62  511.4 3702.99740 N 00210.91417 W 12 2 0 1
2020 08 30 00 40 49 27404.262   149.070 33791.180  31.12  12.27   62  511.4 3702.99740 N 00210.91418 W 12 2 0 1
2020 08 30 00 40 50 27404.281   149.082 33791.106  31.12  12.27   62  511.4 3702.99740 N 00210.91418 W 12 2 0 1
2020 08 30 00 40 51 27404.270   149.053 33791.152  31.12  12.27   62  511.4 3702.99739 N 00210.91419 W 12 2 0 1
2020 08 30 00 40 52 27404.275   149.070 33791.051  31.12  12.27   62  511.4 3702.99741 N 00210.91421 W 12 2 0 1
2020 08 30 00 40 53 27404.314   149.093 33790.899  31.12  12.27   62  511.3 3702.99742 N 00210.91422 W 12 2 0 1
2020 08 30 00 40 54 27404.289   149.087 33791.145  31.12  12.27   61  511.3 3702.99743 N 00210.91424 W 12 2 0 1
2020 08 30 00 40 55 27404.336   149.103 33791.336  31.12  12.27   62  511.3 3702.99744 N 00210.91426 W 12 2 0 1
2020 08 30 00 40 56 27404.266   149.064 33791.133  31.12  12.27   61  511.3 3702.99745 N 00210.91429 W 12 2 0 1
2020 08 30 00 40 57 27404.299   149.086 33791.043  31.12  12.27   63  511.4 3702.99746 N 00210.91431 W 12 2 0 1
2020 08 30 00 40 58 27404.279   149.066 33791.152  31.12  12.27   61  511.3 3702.99747 N 00210.91433 W 12 2 0 1
2020 08 30 00 40 59 27404.299   149.102 33791.141  31.12  12.27   62  511.3 3702.99749 N 00210.91435 W 12 2 0 1
2020 08 30 00 41 00 27404.275   149.088 33791.133  31.12  12.27   62  511.4 3702.99751 N 00210.91437 W 12 2 0 1
2020 08 30 00 41 01 27404.283   149.097 33791.211  31.12  12.27   61  511.4 3702.99753 N 00210.91437 W 12 2 0 1
2020 08 30 00 41 02 27404.285   149.095 33790.973  31.12  12.27   62  511.4 3702.99754 N 00210.91439 W 12 2 0 1
2020 08 30 00 41 03 27404.297   149.086 33791.258  31.12  12.27   62  511.4 3702.99756 N 00210.91440 W 12 2 0 1
2020 08 30 00 41 04 27404.302   149.094 33791.012  31.12  12.27   62  511.3 3702.99759 N 00210.91440 W 12 2 0 1
2020 08 30 00 41 05 27404.295   149.099 33791.133  31.12  12.27   61  511.2 3702.99763 N 00210.91437 W 12 2 0 1
2020 08 30 00 41 06 27404.289   149.073 33791.199  31.12  12.27   62  511.2 3702.99764 N 00210.91435 W 12 2 0 1
2020 08 30 00 41 07 27404.270   149.076 33791.152  31.12  12.27   61  511.1 3702.99764 N 00210.91433 W 12 2 0 1
2020 08 30 00 41 08 27404.301   149.092 33791.117  31.12  12.27   62  511.1 3702.99764 N 00210.91433 W 12 2 0 1
2020 08 30 00 41 09 27404.281   149.105 33791.102  31.12  12.27   62  511.0 3702.99766 N 00210.91434 W 12 2 0 1
2020 08 30 00 41 10 27404.309   149.107 33791.121  31.12  12.27   62  510.9 3702.99766 N 00210.91435 W 12 2 0 1
2020 08 30 00 41 11 27404.351   149.128 33791.001  31.12  12.27   62  510.8 3702.99766 N 00210.91435 W 12 2 0 1
2020 08 30 00 41 12 27404.346   149.106 33791.192  31.12  12.27   62  510.8 3702.99768 N 00210.91435 W 12 2 0 1
2020 08 30 00 41 13 27404.351   149.116 33791.125  31.12  12.27   62  510.7 3702.99770 N 00210.91435 W 12 2 0 1
2020 08 30 00 41 14 27404.295   149.091 33791.160  31.12  12.27   61  510.7 3702.99772 N 00210.91436 W 12 2 0 1
2020 08 30 00 41 15 27404.321   149.110 33791.336  31.12  12.27   62  510.7 3702.99772 N 00210.91437 W 12 2 0 1
2020 08 30 00 41 16 27404.351   149.138 33791.121  31.12  12.27   61  510.7 3702.99773 N 00210.91439 W 12 2 0 1
2020 08 30 00 41 17 27404.291   149.113 33791.000  31.12  12.27   62  510.7 3702.99775 N 00210.91441 W 12 2 0 1
2020 08 30 00 41 18 27404.338   149.112 33791.269  31.12  12.27   61  510.7 3702.99775 N 00210.91443 W 12 2 0 1
2020 08 30 00 41 19 27404.355   149.103 33791.164  31.12  12.27   62  510.7 3702.99775 N 00210.91443 W 12 2 0 1
2020 08 30 00 41 20 27404.309   149.107 33791.125  31.12  12.27   62  510.7 3702.99776 N 00210.91443 W 12 2 0 1
2020 08 30 00 41 21 27404.324   149.124 33791.059  31.12  12.27   62  510.8 3702.99776 N 00210.91443 W 12 2 0 1
2020 08 30 00 41 22 27404.336   149.124 33791.242  31.12  12.27   62  510.7 3702.99775 N 00210.91443 W 12 2 0 1
2020 08 30 00 41 23 27404.369   149.159 33791.083  31.12  12.27   62  510.7 3702.99775 N 00210.91442 W 12 2 0 1
2020 08 30 00 41 24 27404.303   149.120 33791.187  31.12  12.27   62  510.7 3702.99775 N 00210.91441 W 12 2 0 1
2020 08 30 00 41 25 27404.375   149.152 33791.164  31.12  12.27   61  510.6 3702.99774 N 00210.91442 W 12 2 0 1
2020 08 30 00 41 26 27404.320   149.130 33791.004  31.12  12.27   62  510.5 3702.99773 N 00210.91443 W 12 2 0 1
2020 08 30 00 41 27 27404.322   149.121 33791.020  31.12  12.27   61  510.5 3702.99775 N 00210.91443 W 12 2 0 1
2020 08 30 00 41 28 27404.344   149.123 33791.238  31.12  12.27   62  510.4 3702.99775 N 00210.91444 W 12 2 0 1
2020 08 30 00 41 29 27404.385   149.152 33791.098  31.12  12.27   61  510.4 3702.99774 N 00210.91445 W 12 2 0 1
2020 08 30 00 41 30 27404.348   149.135 33791.149  31.12  12.27   62  510.3 3702.99777 N 00210.91446 W 12 2 0 1
2020 08 30 00 41 31 27404.385   149.132 33791.277  31.12  12.27   62  510.3 3702.99778 N 00210.91447 W 12 2 0 1
2020 08 30 00 41 32 27404.340   149.145 33791.145  31.12  12.27   62  510.2 3702.99780 N 00210.91445 W 12 2 0 1
2020 08 30 00 41 33 27404.353   149.153 33791.020  31.12  12.27   62  510.2 3702.99783 N 00210.91445 W 12 2 0 1
2020 08 30 00 41 34 27404.406   149.167 33791.250  31.12  12.27   61  510.2 3702.99783 N 00210.91445 W 12 2 0 1
2020 08 30 00 41 35 27404.330   149.147 33791.051  31.12  12.27   62  510.3 3702.99784 N 00210.91445 W 12 2 0 1
2020 08 30 00 41 36 27404.396   149.175 33791.063  31.12  12.27   61  510.3 3702.99785 N 00210.91445 W 12 2 0 1
2020 08 30 00 41 37 27404.351   149.150 33791.032  31.12  12.27   62  510.3 3702.99786 N 00210.91444 W 12 2 0 1
2020 08 30 00 41 38 27404.410   149.189 33791.270  31.12  12.27   61  510.3 3702.99787 N 00210.91443 W 12 2 0 1
2020 08 30 00 41 39 27404.375   149.153 33791.094  31.12  12.27   62  510.2 3702.99788 N 00210.91443 W 12 2 0 1
2020 08 30 00 41 40 27404.330   149.161 33791.071  31.12  12.27   62  510.1 3702.99788 N 00210.91443 W 12 2 0 1
2020 08 30 00 41 41 27404.373   149.177 33791.094  31.12  12.27   62  510.1 3702.99788 N 00210.91443 W 12 2 0 1
2020 08 30 00 41 42 27404.369   149.185 33791.199  31.12  12.27   62  510.0 3702.99788 N 00210.91444 W 12 2 0 1
2020 08 30 00 41 43 27404.367   149.187 33791.269  31.12  12.27   62  510.0 3702.99789 N 00210.91444 W 12 2 0 1
2020 08 30 00 41 44 27404.326   149.170 33791.125  31.12  12.27   62  510.0 3702.99789 N 00210.91444 W 12 2 0 1
2020 08 30 00 41 45 27404.351   149.192 33791.168  31.12  12.27   61  509.9 3702.99789 N 00210.91442 W 12 2 0 1
2020 08 30 00 41 46 27404.346   149.207 33791.094  31.12  12.27   62  509.8 3702.99790 N 00210.91440 W 12 2 0 1
2020 08 30 00 41 47 27404.340   149.212 33791.168  31.12  12.27   61  509.8 3702.99790 N 00210.91439 W 12 2 0 1
2020 08 30 00 41 48 27404.326   149.206 33791.082  31.12  12.27   62  509.8 3702.99790 N 00210.91438 W 12 2 0 1
2020 08 30 00 41 49 27404.392   149.244 33791.122  31.12  12.27   61  509.8 3702.99790 N 00210.91439 W 12 2 0 1
2020 08 30 00 41 50 27404.365   149.212 33791.137  31.12  12.27   62  509.8 3702.99792 N 00210.91439 W 12 2 0 1
2020 08 30 00 41 51 27404.367   149.235 33791.137  31.12  12.27   62  509.9 3702.99793 N 00210.91437 W 12 2 0 1
2020 08 30 00 41 52 27404.371   149.254 33791.075  31.12  12.27   62  509.9 3702.99795 N 00210.91435 W 12 2 0 1
2020 08 30 00 41 53 27404.379   149.256 33791.269  31.12  12.27   62  509.9 3702.99797 N 00210.91432 W 12 2 0 1
2020 08 30 00 41 54 27404.361   149.262 33791.094  31.12  12.27   61  509.9 3702.99796 N 00210.91432 W 12 2 0 1
2020 08 30 00 41 55 27404.324   149.246 33791.152  31.12  12.27   62  509.9 3702.99797 N 00210.91431 W 12 2 0 1
2020 08 30 00 41 56 27404.320   149.270 33791.133  31.12  12.27   61  509.9 3702.99797 N 00210.91431 W 12 2 0 1
2020 08 30 00 41 57 27404.351   149.281 33791.114  31.12  12.27   62  509.9 3702.99797 N 00210.91431 W 12 2 0 1
2020 08 30 00 41 58 27404.326   149.259 33791.043  31.12  12.27   61  509.9 3702.99797 N 00210.91432 W 12 2 0 1
2020 08 30 00 41 59 27404.320   149.258 33791.230  31.12  12.27   62  509.9 3702.99795 N 00210.91433 W 12 2 0 1
2020 08 30 00 42 00 27404.314   149.278 33791.074  31.12  12.27   61  509.9 3702.99793 N 00210.91433 W 12 2 0 1
2020 08 30 00 42 01 27404.318   149.267 33791.168  31.12  12.27   62  509.9 3702.99791 N 00210.91435 W 12 2 0 1
2020 08 30 00 42 02 27404.307   149.272 33791.113  31.12  12.27   62  509.9 3702.99789 N 00210.91438 W 12 2 0 1
2020 08 30 00 42 03 27404.283   149.283 33791.183  31.12  12.27   62  509.9 3702.99790 N 00210.91440 W 12 2 0 1
2020 08 30 00 42 04 27404.305   149.273 33791.203  31.12  12.27   62  509.9 3702.99790 N 00210.91442 W 12 2 0 1
2020 08 30 00 42 05 27404.310   149.280 33791.016  31.12  12.27   61  509.9 3702.99790 N 00210.91442 W 12 2 0 1
2020 08 30 00 42 06 27404.303   149.262 33791.219  31.12  12.27   62  509.9 3702.99792 N 00210.91441 W 12 2 0 1
2020 08 30 00 42 07 27404.291   149.286 33791.012  31.12  12.27   61  509.8 3702.99790 N 00210.91439 W 12 2 0 1
2020 08 30 00 42 08 27404.299   149.294 33791.148  31.12  12.27   62  509.8 3702.99789 N 00210.91438 W 12 2 0 1
2020 08 30 00 42 09 27404.262   149.271 33791.125  31.12  12.27   61  509.8 3702.99788 N 00210.91436 W 12 2 0 1
2020 08 30 00 42 10 27404.269   149.299 33790.572  31.12  12.27   62  509.8 3702.99787 N 00210.91434 W 12 2 0 1
2020 08 30 00 42 11 27404.243   149.265 33791.573  31.12  12.27   61  509.8 3702.99788 N 00210.91430 W 12 2 0 1
2020 08 30 00 42 12 27404.322   149.306 33791.304  31.12  12.27   62  509.9 3702.99788 N 00210.91429 W 12 2 0 1
2020 08 30 00 42 13 27404.262   149.287 33791.074  31.12  12.27   62  509.9 3702.99789 N 00210.91427 W 12 2 0 1
2020 08 30 00 42 14 27404.312   149.312 33790.996  31.12  12.27   62  509.9 3702.99788 N 00210.91427 W 12 2 0 1
2020 08 30 00 42 15 27404.272   149.293 33791.218  31.12  12.27   62  509.9 3702.99785 N 00210.91427 W 12 2 0 1
2020 08 30 00 42 16 27404.279   149.297 33791.156  31.12  12.27   61  509.8 3702.99782 N 00210.91427 W 12 2 0 1
2020 08 30 00 42 17 27404.301   149.324 33791.172  31.12  12.26   63  509.8 3702.99781 N 00210.91428 W 12 2 0 1
2020 08 30 00 42 18 27404.265   149.290 33791.035  31.12  12.27   62  509.8 3702.99779 N 00210.91428 W 12 2 0 1
2020 08 30 00 42 19 27404.322   149.317 33791.145  31.12  12.27   62  509.7 3702.99779 N 00210.91427 W 12 2 0 1
2020 08 30 00 42 20 27404.338   149.343 33791.055  31.12  12.27   61  509.6 3702.99780 N 00210.91426 W 12 2 0 1
2020 08 30 00 42 21 27404.307   149.320 33791.191  31.12  12.27   62  509.6 3702.99782 N 00210.91424 W 12 2 0 1
2020 08 30 00 42 22 27404.266   149.289 33791.211  31.12  12.27   62  509.5 3702.99783 N 00210.91421 W 12 2 0 1
2020 08 30 00 42 23 27404.334   149.326 33790.985  31.12  12.27   62  509.5 3702.99782 N 00210.91421 W 12 2 0 1
2020 08 30 00 42 24 27404.340   149.328 33791.254  31.12  12.27   62  509.6 3702.99781 N 00210.91419 W 12 2 0 1
2020 08 30 00 42 25 27404.265   149.322 33790.907  31.12  12.27   62  509.7 3702.99779 N 00210.91420 W 12 2 0 1
2020 08 30 00 42 26 27404.222   149.312 33790.961  31.12  12.27   62  509.8 3702.99777 N 00210.91421 W 12 2 0 1
2020 08 30 00 42 27 27404.266   149.332 33791.129  31.12  12.27   61  509.9 3702.99774 N 00210.91422 W 12 2 0 1
2020 08 30 00 42 28 27404.205   149.313 33791.183  31.12  12.27   62  510.0 3702.99773 N 00210.91423 W 12 2 0 1
2020 08 30 00 42 29 27404.213   149.325 33791.226  31.12  12.27   61  510.1 3702.99770 N 00210.91424 W 12 2 0 1
2020 08 30 00 42 30 27404.270   149.357 33791.152  31.12  12.27   62  510.2 3702.99770 N 00210.91424 W 12 2 0 1
2020 08 30 00 42 31 27404.228   149.354 33790.805  31.12  12.27   61  510.4 3702.99768 N 00210.91423 W 12 2 0 1
2020 08 30 00 42 32 27404.287   149.360 33791.125  31.12  12.27   62  510.5 3702.99766 N 00210.91423 W 12 2 0 1
2020 08 30 00 42 33 27404.248   149.342 33791.362  31.12  12.27   62  510.6 3702.99764 N 00210.91425 W 12 2 0 1
2020 08 30 00 42 34 27404.246   149.362 33791.156  31.12  12.27   62  510.6 3702.99763 N 00210.91425 W 12 2 0 1
2020 08 30 00 42 35 27404.213   149.355 33791.144  31.12  12.27   62  510.7 3702.99763 N 00210.91424 W 12 2 0 1
2020 08 30 00 42 36 27404.246   149.365 33790.953  31.12  12.27   62  510.8 3702.99761 N 00210.91424 W 12 2 0 1
2020 08 30 00 42 37 27404.250   149.375 33791.125  31.12  12.27   62  510.9 3702.99759 N 00210.91425 W 12 2 0 1
2020 08 30 00 42 38 27404.219   149.355 33791.199  31.12  12.27   61  511.0 3702.99757 N 00210.91426 W 12 2 0 1
2020 08 30 00 42 39 27404.225   149.341 33791.090  31.12  12.27   62  511.0 3702.99755 N 00210.91426 W 12 2 0 1
2020 08 30 00 42 40 27404.233   149.344 33791.230  31.12  12.27   61  511.0 3702.99754 N 00210.91426 W 12 2 0 1
2020 08 30 00 42 41 27404.246   149.373 33791.008  31.12  12.27   62  511.0 3702.99752 N 00210.91426 W 12 2 0 1
2020 08 30 00 42 42 27404.262   149.374 33791.253  31.12  12.27   61  511.0 3702.99751 N 00210.91427 W 12 2 0 1
2020 08 30 00 42 43 27404.229   149.352 33791.195  31.12  12.27   62  511.0 3702.99751 N 00210.91428 W 12 2 0 1
2020 08 30 00 42 44 27404.219   149.355 33791.125  31.12  12.27   62  511.0 3702.99749 N 00210.91432 W 12 2 0 1
2020 08 30 00 42 45 27404.250   149.351 33791.004  31.12  12.27   62  511.0 3702.99748 N 00210.91435 W 12 2 0 1
2020 08 30 00 42 46 27404.276   149.371 33791.207  31.12  12.27   62  511.1 3702.99748 N 00210.91436 W 12 2 0 1
2020 08 30 00 42 47 27404.283   149.382 33791.020  31.12  12.27   61  511.1 3702.99747 N 00210.91438 W 12 2 0 1
2020 08 30 00 42 48 27404.194   149.343 33791.206  31.12  12.27   62  511.1 3702.99747 N 00210.91440 W 12 2 0 1
2020 08 30 00 42 49 27404.277   149.372 33791.226  31.12  12.27   61  511.2 3702.99747 N 00210.91440 W 12 2 0 1
2020 08 30 00 42 50 27404.211   149.361 33791.136  31.12  12.27   62  511.2 3702.99746 N 00210.91442 W 12 2 0 1
2020 08 30 00 42 51 27404.248   149.391 33790.957  31.12  12.27   61  511.2 3702.99747 N 00210.91444 W 12 2 0 1
2020 08 30 00 42 52 27404.193   149.368 33791.113  31.12  12.27   62  511.2 3702.99747 N 00210.91446 W 12 2 0 1
2020 08 30 00 42 53 27404.236   149.387 33791.191  31.12  12.27   61  511.3 3702.99748 N 00210.91449 W 12 2 0 1
2020 08 30 00 42 54 27404.238   149.377 33790.996  31.12  12.27   62  511.3 3702.99750 N 00210.91450 W 12 2 0 1
2020 08 30 00 42 55 27404.196   149.359 33791.183  31.12  12.27   62  511.2 3702.99752 N 00210.91450 W 12 2 0 1
2020 08 30 00 42 56 27404.222   149.384 33790.910  31.12  12.27   62  511.2 3702.99754 N 00210.91451 W 12 2 0 1
2020 08 30 00 42 57 27404.176   149.354 33790.973  31.12  12.27   62  511.1 3702.99754 N 00210.91450 W 12 2 0 1
2020 08 30 00 42 58 27404.201   149.370 33791.218  31.12  12.27   61  511.1 3702.99755 N 00210.91449 W 12 2 0 1
2020 08 30 00 42 59 27404.297   149.415 33791.269  31.12  12.27   62  511.1 3702.99757 N 00210.91450 W 12 2 0 1
2020 08 30 00 43 00 27404.273   149.413 33791.152  31.12  12.27   61  511.1 3702.99759 N 00210.91450 W 12 2 0 1
2020 08 30 00 43 01 27404.211   149.388 33791.023  31.12  12.27   62  511.1 3702.99760 N 00210.91451 W 12 2 0 1
2020 08 30 00 43 02 27404.258   149.404 33791.230  31.12  12.27   61  511.2 3702.99761 N 00210.91452 W 12 2 0 1
2020 08 30 00 43 03 27404.236   149.420 33791.035  31.12  12.27   62  511.2 3702.99763 N 00210.91451 W 12 2 0 1
2020 08 30 00 43 04 27404.256   149.440 33791.090  31.12  12.27   62  511.3 3702.99763 N 00210.91453 W 12 2 0 1
2020 08 30 00 43 05 27404.240   149.436 33791.094  31.12  12.27   63  511.3 3702.99763 N 00210.91453 W 12 2 0 1
2020 08 30 00 43 06 27404.277   149.466 33790.988  31.12  12.27   62  511.3 3702.99764 N 00210.91453 W 12 2 0 1
2020 08 30 00 43 07 27404.256   149.444 33791.051  31.12  12.27   61  511.3 3702.99764 N 00210.91453 W 12 2 0 1
2020 08 30 00 43 08 27404.258   149.463 33790.992  31.12  12.27   62  511.3 3702.99765 N 00210.91454 W 12 2 0 1
2020 08 30 00 43 09 27404.235   149.455 33791.351  31.12  12.27   61  511.3 3702.99766 N 00210.91456 W 12 2 0 1
2020 08 30 00 43 10 27404.258   149.476 33791.300  31.12  12.27   62  511.3 3702.99766 N 00210.91457 W 12 2 0 1
2020 08 30 00 43 11 27404.283   149.493 33791.191  31.12  12.27   61  511.3 3702.99765 N 00210.91459 W 12 2 0 1
2020 08 30 00 43 12 27404.283   149.514 33791.105  31.12  12.27   62  511.2 3702.99764 N 00210.91461 W 12 2 0 1
2020 08 30 00 43 13 27404.236   149.499 33791.004  31.12  12.27   61  511.1 3702.99764 N 00210.91460 W 12 2 0 1
2020 08 30 00 43 14 27404.258   149.528 33791.160  31.12  12.27   62  511.1 3702.99764 N 00210.91458 W 12 2 0 1
2020 08 30 00 43 15 27404.338   149.555 33791.121  31.12  12.27   62  511.1 3702.99765 N 00210.91456 W 12 2 0 1
2020 08 30 00 43 16 27404.145   149.457 33791.144  31.12  12.27   62  511.2 3702.99762 N 00210.91455 W 12 2 0 1
2020 08 30 00 43 17 27404.226   149.526 33790.977  31.12  12.27   62  511.2 3702.99759 N 00210.91454 W 12 2 0 1
2020 08 30 00 43 18 27404.205   149.509 33791.195  31.12  12.27   61  511.3 3702.99758 N 00210.91451 W 12 2 0 1
2020 08 30 00 43 19 27404.232   149.523 33790.887  31.12  12.27   62  511.3 3702.99757 N 00210.91448 W 12 2 0 1
2020 08 30 00 43 20 27404.231   149.522 33791.144  31.12  12.27   61  511.4 3702.99756 N 00210.91447 W 12 2 0 1
2020 08 30 00 43 21 27404.242   149.528 33791.132  31.12  12.27   62  511.5 3702.99754 N 00210.91445 W 12 2 0 1
2020 08 30 00 43 22 27404.264   149.551 33791.164  31.12  12.27   61  511.5 3702.99752 N 00210.91444 W 12 2 0 1
2020 08 30 00 43 23 27404.234   149.551 33790.969  31.12  12.27   62  511.5 3702.99749 N 00210.91444 W 12 2 0 1
2020 08 30 00 43 24 27404.203   149.563 33790.754  31.12  12.27   61  511.5 3702.99748 N 00210.91443 W 12 2 0 1
2020 08 30 00 43 25 27404.254   149.578 33791.347  31.12  12.27   62  511.5 3702.99748 N 00210.91442 W 12 2 0 1
2020 08 30 00 43 26 27404.191   149.575 33791.101  31.12  12.27   62  511.6 3702.99748 N 00210.91441 W 12 2 0 1
2020 08 30 00 43 27 27404.209   149.582 33790.996  31.12  12.27   62  511.6 3702.99747 N 00210.91440 W 12 2 0 1
2020 08 30 00 43 28 27404.189   149.584 33790.863  31.12  12.27   62  511.6 3702.99747 N 00210.91437 W 12 2 0 1
2020 08 30 00 43 29 27404.236   149.611 33790.789  31.12  12.27   61  511.6 3702.99748 N 00210.91436 W 12 2 0 1
2020 08 30 00 43 30 27404.186   149.587 33791.136  31.11  12.27   62  511.6 3702.99749 N 00210.91434 W 12 2 0 1
2020 08 30 00 43 31 27404.194   149.582 33791.191  31.12  12.27   61  511.6 3702.99751 N 00210.91432 W 12 2 0 1
2020 08 30 00 43 32 27404.184   149.595 33791.183  31.11  12.27   62  511.6 3702.99752 N 00210.91431 W 12 2 0 1
2020 08 30 00 43 33 27404.242   149.637 33790.957  31.11  12.27   61  511.6 3702.99753 N 00210.91429 W 12 2 0 1
2020 08 30 00 43 34 27404.166   149.604 33791.222  31.11  12.27   62  511.6 3702.99753 N 00210.91428 W 12 2 0 1
2020 08 30 00 43 35 27404.217   149.633 33791.011  31.11  12.27   61  511.7 3702.99752 N 00210.91425 W 12 2 0 1
2020 08 30 00 43 36 27404.244   149.646 33791.148  31.11  12.26   63  511.7 3702.99752 N 00210.91424 W 12 2 0 1
2020 08 30 00 43 37 27404.213   149.643 33790.953  31.11  12.27   62  511.7 3702.99752 N 00210.91422 W 12 2 0 1
2020 08 30 00 43 38 27404.131   149.618 33790.875  31.11  12.27   62  511.6 3702.99753 N 00210.91422 W 12 2 0 1
2020 08 30 00 43 39 27404.178   149.686 33790.965  31.11  12.27   62  511.6 3702.99755 N 00210.91421 W 12 2 0 1
2020 08 30 00 43 40 27404.250   149.717 33791.136  31.11  12.27   61  511.5 3702.99757 N 00210.91419 W 12 2 0 1
2020 08 30 00 43 41 27404.043   149.638 33790.863  31.11  12.27   62  511.4 3702.99757 N 00210.91419 W 12 2 0 1
2020 08 30 00 43 42 27404.209   149.689 33791.230  31.11  12.27   61  511.3 3702.99758 N 00210.91418 W 12 2 0 1
2020 08 30 00 43 43 27404.174   149.713 33791.027  31.11  12.27   62  511.2 3702.99760 N 00210.91416 W 12 2 0 1
2020 08 30 00 43 44 27404.166   149.703 33791.035  31.11  12.27   61  511.2 3702.99761 N 00210.91415 W 12 2 0 1
2020 08 30 00 43 45 27404.145   149.691 33791.007  31.11  12.27   62  511.2 3702.99761 N 00210.91414 W 12 2 0 1
2020 08 30 00 43 46 27404.172   149.713 33791.046  31.11  12.27   62  511.1 3702.99762 N 00210.91415 W 12 2 0 1
2020 08 30 00 43 47 27404.139   149.691 33791.128  31.11  12.27   62  511.1 3702.99761 N 00210.91419 W 12 2 0 1
2020 08 30 00 43 48 27404.159   149.707 33791.253  31.11  12.27   62  511.1 3702.99760 N 00210.91421 W 12 2 0 1
2020 08 30 00 43 49 27404.146   149.724 33790.949  31.11  12.27   62  511.1 3702.99759 N 00210.91424 W 12 2 0 1
2020 08 30 00 43 50 27404.195   149.737 33790.968  31.11  12.27   62  511.1 3702.99756 N 00210.91427 W 12 2 0 1
2020 08 30 00 43 51 27404.184   149.739 33791.128  31.11  12.27   61  511.0 3702.99754 N 00210.91428 W 12 2 0 1
2020 08 30 00 43 52 27404.143   149.747 33790.984  31.11  12.27   62  511.0 3702.99752 N 00210.91431 W 12 2 0 1
2020 08 30 00 43 53 27404.127   149.733 33791.097  31.11  12.27   61  511.0 3702.99751 N 00210.91431 W 12 2 0 1
2020 08 30 00 43 54 27404.183   149.755 33790.945  31.11  12.27   62  511.1 3702.99751 N 00210.91431 W 12 2 0 1
2020 08 30 00 43 55 27404.195   149.808 33791.011  31.11  12.27   61  511.2 3702.99751 N 00210.91430 W 12 2 0 1
2020 08 30 00 43 56 27404.106   149.759 33790.988  31.11  12.27   63  511.3 3702.99751 N 00210.91431 W 12 2 0 1
2020 08 30 00 43 57 27404.129   149.767 33791.007  31.11  12.27   62  511.4 3702.99750 N 00210.91433 W 12 2 0 1
2020 08 30 00 43 58 27404.164   149.784 33791.054  31.11  12.27   62  511.4 3702.99750 N 00210.91432 W 12 2 0 1
2020 08 30 00 43 59 27404.172   149.820 33790.980  31.11  12.27   62  511.5 3702.99748 N 00210.91431 W 12 2 0 1
2020 08 30 00 44 00 27404.059   149.763 33790.937  31.11  12.27   61  511.5 3702.99746 N 00210.91430 W 12 2 0 1
2020 08 30 00 44 01 27404.105   149.800 33790.952  31.11  12.27   62  511.5 3702.99744 N 00210.91429 W 12 2 0 1
2020 08 30 00 44 02 27404.077   149.798 33791.135  31.11  12.27   61  511.5 3702.99741 N 00210.91430 W 12 2 0 1
2020 08 30 00 44 03 27404.080   149.816 33791.011  31.11  12.27   62  511.5 3702.99740 N 00210.91431 W 12 2 0 1
2020 08 30 00 44 04 27404.092   149.833 33791.069  31.11  12.27   61  511.4 3702.99739 N 00210.91432 W 12 2 0 1
2020 08 30 00 44 05 27404.028   149.810 33790.991  31.11  12.27   62  511.3 3702.99738 N 00210.91433 W 12 2 0 1
2020 08 30 00 44 06 27404.129   149.858 33790.906  31.11  12.27   61  511.2 3702.99738 N 00210.91435 W 12 2 0 1
2020 08 30 00 44 07 27404.037   149.827 33790.933  31.11  12.27   62  511.2 3702.99737 N 00210.91436 W 12 2 0 1
2020 08 30 00 44 08 27404.070   149.857 33790.968  31.11  12.27   62  511.2 3702.99736 N 00210.91438 W 12 2 0 1
2020 08 30 00 44 09 27404.035   149.868 33790.976  31.11  12.27   62  511.1 3702.99737 N 00210.91439 W 12 2 0 1
2020 08 30 00 44 10 27404.092   149.898 33791.116  31.11  12.27   62  511.1 3702.99738 N 00210.91439 W 12 2 0 1
2020 08 30 00 44 11 27404.062   149.893 33790.863  31.11  12.27   61  511.0 3702.99739 N 00210.91438 W 12 2 0 1
2020 08 30 00 44 12 27404.092   149.868 33792.277  31.11  12.27   62  511.0 3702.99741 N 00210.91439 W 12 2 0 1
2020 08 30 00 44 13 27404.008   149.895 33789.986  31.11  12.27   61  511.0 3702.99742 N 00210.91440 W 12 2 0 1
2020 08 30 00 44 14 27404.011   149.885 33790.652  31.11  12.27   62  511.0 3702.99745 N 00210.91441 W 12 2 0 1
2020 08 30 00 44 15 27404.021   149.900 33790.785  31.11  12.27   61  511.0 3702.99746 N 00210.91441 W 12 2 0 1
2020 08 30 00 44 16 27404.092   149.905 33791.334  31.11  12.27   62  511.1 3702.99745 N 00210.91441 W 12 2 0 1
2020 08 30 00 44 17 27404.000   149.904 33790.636  31.11  12.27   61  511.1 3702.99745 N 00210.91441 W 12 2 0 1
2020 08 30 00 44 18 27404.059   149.943 33790.933  31.11  12.27   62  511.2 3702.99745 N 00210.91442 W 12 2 0 1
2020 08 30 00 44 19 27404.012   149.880 33791.049  31.11  12.27   62  511.3 3702.99746 N 00210.91443 W 12 2 0 1
2020 08 30 00 44 20 27404.029   149.923 33790.757  31.11  12.27   61  511.3 3702.99746 N 00210.91445 W 12 2 0 1
2020 08 30 00 44 21 27403.985   149.923 33790.999  31.11  12.27   62  511.4 3702.99745 N 00210.91447 W 12 2 0 1
2020 08 30 00 44 22 27404.066   149.970 33790.800  31.11  12.27   61  511.5 3702.99746 N 00210.91447 W 12 2 0 1
2020 08 30 00 44 23 27403.991   149.912 33791.201  31.11  12.27   62  511.6 3702.99747 N 00210.91448 W 12 2 0 1
2020 08 30 00 44 24 27403.948   149.906 33790.944  31.11  12.27   61  511.7 3702.99746 N 00210.91450 W 12 2 0 1
2020 08 30 00 44 25 27403.996   149.920 33790.897  31.11  12.27   62  511.8 3702.99745 N 00210.91450 W 12 2 0 1
2020 08 30 00 44 26 27403.966   149.933 33790.625  31.11  12.27   61  511.8 3702.99743 N 00210.91451 W 12 2 0 1
2020 08 30 00 44 27 27403.986   149.955 33790.913  31.11  12.27   62  511.9 3702.99742 N 00210.91450 W 12 2 0 1
2020 08 30 00 44 28 27403.926   149.913 33791.037  31.11  12.27   62  511.9 3702.99742 N 00210.91450 W 12 2 0 1
2020 08 30 00 44 29 27403.970   149.981 33790.667  31.11  12.27   62  511.9 3702.99742 N 00210.91448 W 12 2 0 1
2020 08 30 00 44 30 27403.957   149.948 33791.088  31.11  12.27   62  511.9 3702.99742 N 00210.91448 W 12 2 0 1
2020 08 30 00 44 31 27403.893   149.926 33790.804  31.11  12.27   61  511.9 3702.99742 N 00210.91449 W 12 2 0 1
2020 08 30 00 44 32 27403.969   149.989 33790.893  31.11  12.27   62  511.9 3702.99743 N 00210.91449 W 12 2 0 1
2020 08 30 00 44 33 27403.942   149.979 33790.882  31.11  12.27   61  511.9 3702.99744 N 00210.91448 W 12 2 0 1
2020 08 30 00 44 34 27403.940   149.985 33790.843  31.11  12.27   62  511.9 3702.99744 N 00210.91444 W 12 2 0 1
2020 08 30 00 44 35 27403.934   149.977 33791.037  31.11  12.27   61  511.8 3702.99744 N 00210.91441 W 12 2 0 1
2020 08 30 00 44 36 27403.903   149.970 33790.994  31.11  12.27   62  511.8 3702.99743 N 00210.91438 W 12 2 0 1
2020 08 30 00 44 37 27403.963   150.006 33791.026  31.11  12.27   61  511.8 3702.99743 N 00210.91435 W 12 2 0 1
2020 08 30 00 44 38 27403.930   149.985 33791.072  31.11  12.27   62  511.7 3702.99742 N 00210.91433 W 12 2 0 1
2020 08 30 00 44 39 27403.959   150.045 33790.550  31.11  12.27   62  511.7 3702.99741 N 00210.91432 W 12 2 0 1
2020 08 30 00 44 40 27403.969   150.028 33790.948  31.11  12.27   62  511.7 3702.99741 N 00210.91430 W 12 2 0 1
2020 08 30 00 44 41 27403.935   150.043 33790.730  31.11  12.27   62  511.6 3702.99741 N 00210.91428 W 12 2 0 1
2020 08 30 00 44 42 27403.977   150.047 33790.991  31.11  12.27   61  511.6 3702.99741 N 00210.91426 W 12 2 0 1
2020 08 30 00 44 43 27403.998   150.086 33790.960  31.11  12.27   62  511.6 3702.99742 N 00210.91426 W 12 2 0 1
2020 08 30 00 44 44 27403.887   150.039 33790.722  31.11  12.27   61  511.6 3702.99743 N 00210.91425 W 12 2 0 1
2020 08 30 00 44 45 27403.952   150.048 33791.135  31.11  12.27   62  511.6 3702.99744 N 00210.91424 W 12 2 0 1
2020 08 30 00 44 46 27403.910   150.065 33790.558  31.11  12.27   61  511.6 3702.99744 N 00210.91424 W 12 2 0 1
2020 08 30 00 44 47 27403.901   150.040 33790.940  31.11  12.27   62  511.7 3702.99745 N 00210.91423 W 12 2 0 1
2020 08 30 00 44 48 27403.870   150.034 33791.123  31.11  12.27   61  511.7 3702.99745 N 00210.91423 W 12 2 0 1
2020 08 30 00 44 49 27403.947   150.102 33790.523  31.11  12.27   62  511.7 3702.99745 N 00210.91423 W 12 2 0 1
2020 08 30 00 44 50 27403.904   150.087 33790.761  31.11  12.27   62  511.8 3702.99747 N 00210.91423 W 12 2 0 1
2020 08 30 00 44 51 27403.911   150.070 33791.139  31.11  12.27   62  511.8 3702.99748 N 00210.91422 W 12 2 0 1
2020 08 30 00 44 52 27403.914   150.125 33790.589  31.11  12.27   62  511.8 3702.99747 N 00210.91422 W 12 2 0 1
2020 08 30 00 44 53 27403.850   150.082 33791.068  31.11  12.27   61  511.8 3702.99747 N 00210.91423 W 12 2 0 1
2020 08 30 00 44 54 27403.932   150.119 33790.940  31.11  12.27   62  511.9 3702.99747 N 00210.91423 W 12 2 0 1
2020 08 30 00 44 55 27403.889   150.103 33790.955  31.11  12.27   62  511.9 3702.99746 N 00210.91421 W 12 2 0 1
2020 08 30 00 44 56 27403.974   150.189 33790.726  31.11  12.27   62  511.9 3702.99746 N 00210.91420 W 12 2 0 1
2020 08 30 00 44 57 27403.879   150.132 33790.846  31.11  12.27   61  511.9 3702.99745 N 00210.91420 W 12 2 0 1
2020 08 30 00 44 58 27403.926   150.160 33790.761  31.11  12.27   62  512.0 3702.99744 N 00210.91420 W 12 2 0 1
2020 08 30 00 44 59 27403.918   150.160 33790.870  31.11  12.27   61  512.0 3702.99744 N 00210.91419 W 12 2 0 1
2020 08 30 00 45 00 27403.885   150.154 33790.597  31.11  12.27   62  511.9 3702.99745 N 00210.91421 W 12 2 0 1
2020 08 30 00 45 01 27403.944   150.179 33790.913  31.11  12.27   62  511.9 3702.99747 N 00210.91423 W 12 2 0 1
2020 08 30 00 45 02 27403.963   150.176 33791.041  31.11  12.27   62  511.8 3702.99749 N 00210.91424 W 12 2 0 1
2020 08 30 00 45 03 27403.889   150.192 33790.733  31.11  12.27   62  511.8 3702.99751 N 00210.91423 W 12 2 0 1
2020 08 30 00 45 04 27403.860   150.175 33790.807  31.11  12.27   61  511.7 3702.99754 N 00210.91424 W 12 2 0 1
2020 08 30 00 45 05 27403.928   150.206 33790.971  31.11  12.27   62  511.6 3702.99756 N 00210.91426 W 12 2 0 1
2020 08 30 00 45 06 27403.908   150.207 33790.679  31.11  12.27   61  511.5 3702.99758 N 00210.91426 W 12 2 0 1
2020 08 30 00 45 07 27403.848   150.212 33790.632  31.11  12.27   62  511.6 3702.99759 N 00210.91426 W 12 2 0 1
2020 08 30 00 45 08 27403.902   150.247 33790.593  31.11  12.27   61  511.6 3702.99760 N 00210.91428 W 12 2 0 1
2020 08 30 00 45 09 27403.947   150.258 33790.901  31.11  12.27   62  511.6 3702.99762 N 00210.91428 W 12 2 0 1
2020 08 30 00 45 10 27403.986   150.310 33790.765  31.11  12.27   62  511.6 3702.99763 N 00210.91430 W 12 2 0 1
2020 08 30 00 45 11 27403.803   150.208 33790.920  31.11  12.27   62  511.5 3702.99764 N 00210.91432 W 12 2 0 1
2020 08 30 00 45 12 27403.826   150.241 33790.686  31.11  12.27   62  511.5 3702.99766 N 00210.91433 W 12 2 0 1
2020 08 30 00 45 13 27403.984   150.332 33790.796  31.11  12.27   61  511.5 3702.99767 N 00210.91434 W 12 2 0 1
2020 08 30 00 45 14 27403.814   150.241 33790.628  31.11  12.27   62  511.4 3702.99770 N 00210.91432 W 12 2 0 1
2020 08 30 00 45 15 27403.924   150.309 33790.893  31.11  12.27   61  511.5 3702.99770 N 00210.91434 W 12 2 0 1
2020 08 30 00 45 16 27403.873   150.303 33790.901  31.11  12.27   62  511.5 3702.99769 N 00210.91435 W 12 2 0 1
2020 08 30 00 45 17 27403.904   150.346 33790.760  31.11  12.27   61  511.4 3702.99768 N 00210.91437 W 12 2 0 1
2020 08 30 00 45 18 27403.920   150.358 33790.655  31.11  12.27   62  511.3 3702.99766 N 00210.91439 W 12 2 0 1
2020 08 30 00 45 19 27403.873   150.368 33790.729  31.11  12.27   61  511.3 3702.99766 N 00210.91439 W 12 2 0 1
2020 08 30 00 45 20 27403.844   150.341 33790.877  31.11  12.27   62  511.2 3702.99766 N 00210.91439 W 12 2 0 1
2020 08 30 00 45 21 27403.883   150.368 33790.854  31.11  12.27   62  511.1 3702.99765 N 00210.91441 W 12 2 0 1
2020 08 30 00 45 22 27403.861   150.366 33790.538  31.11  12.27   62  511.1 3702.99765 N 00210.91442 W 12 2 0 1
2020 08 30 00 45 23 27403.922   150.391 33790.745  31.11  12.27   62  511.1 3702.99765 N 00210.91443 W 12 2 0 1
2020 08 30 00 45 24 27403.830   150.368 33790.663  31.11  12.27   61  511.0 3702.99765 N 00210.91443 W 12 2 0 1
2020 08 30 00 45 25 27403.875   150.394 33790.862  31.11  12.27   62  510.9 3702.99766 N 00210.91443 W 12 2 0 1
2020 08 30 00 45 26 27403.852   150.375 33790.741  31.11  12.27   61  510.8 3702.99767 N 00210.91444 W 12 2 0 1
2020 08 30 00 45 27 27403.908   150.423 33790.714  31.11  12.27   62  510.8 3702.99765 N 00210.91446 W 12 2 0 1
2020 08 30 00 45 28 27403.843   150.421 33790.523  31.11  12.27   61  510.8 3702.99764 N 00210.91447 W 12 2 0 1
2020 08 30 00 45 29 27403.881   150.455 33790.768  31.11  12.27   62  510.9 3702.99760 N 00210.91453 W 12 2 0 1
2020 08 30 00 45 30 27403.817   150.412 33790.994  31.11  12.27   61  510.9 3702.99756 N 00210.91458 W 12 2 0 1
2020 08 30 00 45 31 27403.815   150.409 33790.795  31.11  12.27   62  511.0 3702.99755 N 00210.91463 W 12 2 0 1
2020 08 30 00 45 32 27403.797   150.443 33790.737  31.11  12.27   62  511.1 3702.99754 N 00210.91465 W 12 2 0 1
2020 08 30 00 45 33 27403.855   150.468 33790.468  31.11  12.27   62  511.2 3702.99755 N 00210.91465 W 12 2 0 1
2020 08 30 00 45 34 27403.802   150.461 33790.456  31.11  12.27   62  511.2 3702.99754 N 00210.91465 W 12 2 0 1
2020 08 30 00 45 35 27403.889   150.496 33791.099  31.11  12.27   62  511.2 3702.99754 N 00210.91466 W 12 2 0 1
2020 08 30 00 45 36 27403.783   150.472 33790.752  31.11  12.27   62  511.2 3702.99754 N 00210.91464 W 12 2 0 1
2020 08 30 00 45 37 27403.885   150.538 33790.667  31.11  12.27   61  511.2 3702.99754 N 00210.91464 W 12 2 0 1
2020 08 30 00 45 38 27403.742   150.493 33790.545  31.11  12.27   62  511.2 3702.99753 N 00210.91463 W 12 2 0 1
2020 08 30 00 45 39 27403.836   150.520 33790.834  31.11  12.27   62  511.3 3702.99753 N 00210.91463 W 12 2 0 1
2020 08 30 00 45 40 27403.838   150.533 33790.670  31.11  12.27   62  511.4 3702.99751 N 00210.91463 W 12 2 0 1
2020 08 30 00 45 41 27403.781   150.519 33790.557  31.11  12.27   61  511.4 3702.99748 N 00210.91465 W 12 2 0 1
2020 08 30 00 45 42 27403.799   150.519 33790.850  31.11  12.27   62  511.4 3702.99744 N 00210.91466 W 12 2 0 1
2020 08 30 00 45 43 27403.830   150.547 33790.698  31.11  12.27   62  511.5 3702.99741 N 00210.91466 W 12 2 0 1
2020 08 30 00 45 44 27403.782   150.489 33790.779  31.11  12.27   61  511.5 3702.99738 N 00210.91466 W 12 2 0 1
2020 08 30 00 45 45 27403.754   150.529 33790.542  31.11  12.27   62  511.6 3702.99735 N 00210.91465 W 12 2 0 1
2020 08 30 00 45 46 27403.776   150.518 33790.803  31.11  12.27   61  511.6 3702.99734 N 00210.91466 W 12 2 0 1
2020 08 30 00 45 47 27403.803   150.538 33790.709  31.11  12.27   62  511.5 3702.99732 N 00210.91466 W 12 2 0 1
2020 08 30 00 45 48 27403.748   150.530 33790.479  31.11  12.27   61  511.4 3702.99731 N 00210.91464 W 12 2 0 1
2020 08 30 00 45 49 27403.789   150.558 33790.592  31.11  12.27   62  511.4 3702.99730 N 00210.91463 W 12 2 0 1
2020 08 30 00 45 50 27403.737   150.535 33790.877  31.11  12.27   61  511.4 3702.99731 N 00210.91461 W 12 2 0 1
2020 08 30 00 45 51 27403.728   150.547 33790.370  31.11  12.27   62  511.4 3702.99731 N 00210.91459 W 12 2 0 1
2020 08 30 00 45 52 27403.715   150.553 33790.693  31.11  12.27   62  511.4 3702.99731 N 00210.91457 W 12 2 0 1
2020 08 30 00 45 53 27403.740   150.561 33790.608  31.11  12.27   62  511.4 3702.99731 N 00210.91454 W 12 2 0 1
2020 08 30 00 45 54 27403.801   150.594 33790.849  31.11  12.27   62  511.5 3702.99732 N 00210.91450 W 12 2 0 1
2020 08 30 00 45 55 27403.769   150.585 33790.452  31.11  12.27   61  511.5 3702.99733 N 00210.91448 W 12 2 0 1
2020 08 30 00 45 56 27403.807   150.594 33790.834  31.11  12.27   62  511.5 3702.99734 N 00210.91447 W 12 2 0 1
2020 08 30 00 45 57 27403.768   150.577 33790.612  31.11  12.27   61  511.4 3702.99735 N 00210.91446 W 12 2 0 1
2020 08 30 00 45 58 27403.777   150.590 33790.362  31.11  12.27   62  511.4 3702.99736 N 00210.91445 W 12 2 0 1
2020 08 30 00 45 59 27403.784   150.588 33790.818  31.11  12.27   61  511.4 3702.99737 N 00210.91444 W 12 2 0 1
2020 08 30 00 46 00 27403.758   150.566 33790.639  31.11  12.27   62  511.4 3702.99738 N 00210.91442 W 12 2 0 1
2020 08 30 00 46 01 27403.824   150.601 33790.491  31.11  12.27   61  511.4 3702.99740 N 00210.91440 W 12 2 0 1
2020 08 30 00 46 02 27403.790   150.589 33790.904  31.11  12.27   62  511.3 3702.99742 N 00210.91438 W 12 2 0 1
2020 08 30 00 46 03 27403.807   150.605 33790.585  31.11  12.27   62  511.2 3702.99744 N 00210.91436 W 12 2 0 1
2020 08 30 00 46 04 27403.742   150.592 33790.565  31.11  12.27   62  511.1 3702.99745 N 00210.91437 W 12 2 0 1
2020 08 30 00 46 05 27403.834   150.628 33790.553  31.11  12.27   62  511.1 3702.99743 N 00210.91440 W 12 2 0 1
2020 08 30 00 46 06 27403.703   150.574 33790.619  31.11  12.27   62  511.0 3702.99745 N 00210.91439 W 12 2 0 1
2020 08 30 00 46 07 27403.799   150.621 33790.526  31.11  12.27   62  511.0 3702.99747 N 00210.91438 W 12 2 0 1
2020 08 30 00 46 08 27403.817   150.630 33790.744  31.11  12.27   61  510.9 3702.99748 N 00210.91440 W 12 2 0 1
2020 08 30 00 46 09 27403.906   150.716 33790.448  31.11  12.27   62  510.8 3702.99749 N 00210.91442 W 12 2 0 1
2020 08 30 00 46 10 27403.744   150.623 33790.662  31.11  12.27   61  510.8 3702.99750 N 00210.91442 W 12 2 0 1
2020 08 30 00 46 11 27403.725   150.613 33790.763  31.11  12.27   62  510.8 3702.99752 N 00210.91443 W 12 2 0 1
2020 08 30 00 46 12 27403.880   150.699 33790.355  31.11  12.27   61  510.8 3702.99752 N 00210.91445 W 12 2 0 1
2020 08 30 00 46 13 27403.785   150.666 33790.588  31.11  12.27   62  510.7 3702.99752 N 00210.91447 W 12 2 0 1
2020 08 30 00 46 14 27403.729   150.663 33790.627  31.11  12.27   62  510.6 3702.99753 N 00210.91447 W 12 2 0 1
2020 08 30 00 46 15 27403.797   150.693 33790.775  31.11  12.26   63  510.6 3702.99753 N 00210.91446 W 12 2 0 1
2020 08 30 00 46 16 27403.820   150.715 33790.701  31.11  12.27   62  510.6 3702.99753 N 00210.91443 W 12 2 0 1
2020 08 30 00 46 17 27403.775   150.684 33790.588  31.11  12.27   61  510.6 3702.99753 N 00210.91441 W 12 2 0 1
2020 08 30 00 46 18 27403.765   150.703 33790.479  31.11  12.27   62  510.6 3702.99754 N 00210.91439 W 12 2 0 1
2020 08 30 00 46 19 27403.750   150.699 33790.530  31.11  12.27   61  510.5 3702.99755 N 00210.91437 W 12 2 0 1
2020 08 30 00 46 20 27403.771   150.696 33790.534  31.11  12.27   62  510.4 3702.99756 N 00210.91436 W 12 2 0 1
2020 08 30 00 46 21 27403.717   150.704 33790.701  31.11  12.27   61  510.4 3702.99756 N 00210.91437 W 12 2 0 1
2020 08 30 00 46 22 27403.731   150.718 33790.717  31.11  12.27   62  510.5 3702.99756 N 00210.91435 W 12 2 0 1
2020 08 30 00 46 23 27403.732   150.715 33790.463  31.11  12.27   61  510.5 3702.99755 N 00210.91434 W 12 2 0 1
2020 08 30 00 46 24 27403.732   150.696 33790.413  31.11  12.27   62  510.5 3702.99755 N 00210.91433 W 12 2 0 1
2020 08 30 00 46 25 27403.797   150.719 33790.756  31.11  12.27   62  510.5 3702.99755 N 00210.91433 W 12 2 0 1
2020 08 30 00 46 26 27403.824   150.766 33790.444  31.11  12.27   62  510.6 3702.99754 N 00210.91432 W 12 2 0 1
2020 08 30 00 46 27 27403.700   150.701 33791.219  31.11  12.27   62  510.6 3702.99754 N 00210.91429 W 12 2 0 1
2020 08 30 00 46 28 27403.841   150.802 33790.187  31.11  12.27   61  510.6 3702.99753 N 00210.91427 W 12 2 0 1
2020 08 30 00 46 29 27403.687   150.723 33790.487  31.11  12.27   62  510.6 3702.99752 N 00210.91427 W 12 2 0 1
2020 08 30 00 46 30 27403.768   150.769 33790.682  31.11  12.27   62  510.6 3702.99750 N 00210.91426 W 12 2 0 1
2020 08 30 00 46 31 27403.752   150.769 33790.553  31.11  12.27   62  510.7 3702.99748 N 00210.91426 W 12 2 0 1
2020 08 30 00 46 32 27403.766   150.784 33790.631  31.11  12.27   61  510.7 3702.99745 N 00210.91427 W 12 2 0 1
2020 08 30 00 46 33 27403.727   150.785 33790.569  31.11  12.27   62  510.8 3702.99742 N 00210.91427 W 12 2 0 1
2020 08 30 00 46 34 27403.758   150.795 33790.530  31.11  12.27   62  510.9 3702.99738 N 00210.91427 W 12 2 0 1
2020 08 30 00 46 35 27403.756   150.789 33790.506  31.11  12.27   62  510.9 3702.99737 N 00210.91426 W 12 2 0 1
2020 08 30 00 46 36 27403.795   150.827 33790.561  31.11  12.27   62  511.0 3702.99736 N 00210.91426 W 12 2 0 1
2020 08 30 00 46 37 27403.767   150.829 33790.448  31.11  12.27   61  511.0 3702.99735 N 00210.91426 W 12 2 0 1
2020 08 30 00 46 38 27403.735   150.814 33790.872  31.11  12.27   62  511.1 3702.99735 N 00210.91426 W 12 2 0 1
2020 08 30 00 46 39 27403.740   150.857 33790.265  31.11  12.27   62  511.1 3702.99736 N 00210.91425 W 12 2 0 1
2020 08 30 00 46 40 27403.688   150.825 33790.592  31.11  12.27   62  511.2 3702.99735 N 00210.91426 W 12 2 0 1
2020 08 30 00 46 41 27403.684   150.826 33790.623  31.11  12.27   61  511.3 3702.99735 N 00210.91427 W 12 2 0 1
2020 08 30 00 46 42 27403.746   150.874 33790.565  31.11  12.27   62  511.4 3702.99734 N 00210.91429 W 12 2 0 1
2020 08 30 00 46 43 27403.772   150.859 33790.650  31.11  12.27   61  511.5 3702.99735 N 00210.91431 W 12 2 0 1
2020 08 30 00 46 44 27403.689   150.845 33790.276  31.11  12.27   62  511.6 3702.99734 N 00210.91434 W 12 2 0 1
2020 08 30 00 46 45 27403.723   150.866 33790.518  31.11  12.27   62  511.6 3702.99734 N 00210.91436 W 12 2 0 1
2020 08 30 00 46 46 27403.781   150.913 33790.541  31.11  12.27   62  511.6 3702.99734 N 00210.91439 W 12 2 0 1
2020 08 30 00 46 47 27403.743   150.876 33790.826  31.11  12.27   62  511.5 3702.99736 N 00210.91442 W 12 2 0 1
2020 08 30 00 46 48 27403.670   150.849 33790.342  31.11  12.27   61  511.6 3702.99737 N 00210.91445 W 12 2 0 1
2020 08 30 00 46 49 27403.776   150.918 33790.787  31.11  12.27   62  511.6 3702.99737 N 00210.91448 W 12 2 0 1
2020 08 30 00 46 50 27403.746   150.926 33790.382  31.11  12.27   61  511.6 3702.99737 N 00210.91451 W 12 2 0 1
2020 08 30 00 46 51 27403.728   150.911 33790.428  31.11  12.27   62  511.6 3702.99738 N 00210.91454 W 12 2 0 1
2020 08 30 00 46 52 27403.723   150.902 33790.619  31.11  12.27   61  511.6 3702.99737 N 00210.91455 W 12 2 0 1
2020 08 30 00 46 53 27403.658   150.889 33790.599  31.11  12.27   62  511.6 3702.99738 N 00210.91454 W 12 2 0 1
2020 08 30 00 46 54 27403.722   150.944 33790.370  31.11  12.27   61  511.6 3702.99737 N 00210.91454 W 12 2 0 1
2020 08 30 00 46 55 27403.695   150.949 33790.596  31.11  12.27   62  511.6 3702.99737 N 00210.91455 W 12 2 0 1
2020 08 30 00 46 56 27403.709   150.939 33790.596  31.11  12.27   62  511.7 3702.99735 N 00210.91456 W 12 2 0 1
2020 08 30 00 46 57 27403.695   150.961 33790.237  31.11  12.27   62  511.7 3702.99735 N 00210.91457 W 12 2 0 1
2020 08 30 00 46 58 27403.656   150.939 33790.623  31.11  12.27   62  511.7 3702.99734 N 00210.91457 W 12 2 0 1
2020 08 30 00 46 59 27403.711   150.995 33790.370  31.11  12.27   62  511.7 3702.99734 N 00210.91457 W 12 2 0 1
2020 08 30 00 47 00 27403.602   150.909 33790.868  31.11  12.27   62  511.8 3702.99732 N 00210.91459 W 12 2 0 1
2020 08 30 00 47 01 27403.687   150.997 33790.159  31.11  12.27   61  511.7 3702.99732 N 00210.91460 W 12 2 0 1
2020 08 30 00 47 02 27403.672   150.996 33790.381  31.11  12.27   62  511.7 3702.99731 N 00210.91459 W 12 2 0 1
2020 08 30 00 47 03 27403.602   150.952 33790.630  31.11  12.27   61  511.8 3702.99731 N 00210.91457 W 12 2 0 1
2020 08 30 00 47 04 27403.633   150.984 33790.619  31.11  12.27   62  511.8 3702.99731 N 00210.91454 W 12 2 0 1
2020 08 30 00 47 05 27403.637   151.003 33790.420  31.11  12.27   62  511.7 3702.99729 N 00210.91453 W 12 2 0 1
2020 08 30 00 47 06 27403.648   151.010 33790.381  31.11  12.27   62  511.6 3702.99728 N 00210.91453 W 12 2 0 1
2020 08 30 00 47 07 27403.575   150.978 33790.603  31.11  12.27   62  511.6 3702.99728 N 00210.91453 W 12 2 0 1
2020 08 30 00 47 08 27403.631   151.002 33790.498  31.11  12.27   62  511.6 3702.99727 N 00210.91454 W 12 2 0 1
2020 08 30 00 47 09 27403.687   151.033 33790.408  31.11  12.27   62  511.6 3702.99727 N 00210.91456 W 12 2 0 1
2020 08 30 00 47 10 27403.558   151.002 33790.268  31.11  12.27   61  511.6 3702.99725 N 00210.91460 W 12 2 0 1
2020 08 30 00 47 11 27403.594   151.016 33790.619  31.11  12.27   62  511.6 3702.99725 N 00210.91463 W 12 2 0 1
2020 08 30 00 47 12 27403.633   151.037 33790.623  31.11  12.27   61  511.6 3702.99727 N 00210.91463 W 12 2 0 1
2020 08 30 00 47 13 27403.547   151.024 33790.361  31.11  12.27   62  511.6 3702.99726 N 00210.91465 W 12 2 0 1
2020 08 30 00 47 14 27403.623   151.059 33790.385  31.11  12.27   61  511.5 3702.99725 N 00210.91464 W 12 2 0 1
2020 08 30 00 47 15 27403.530   150.997 33790.568  31.11  12.27   62  511.5 3702.99724 N 00210.91464 W 12 2 0 1
2020 08 30 00 47 16 27403.623   151.054 33790.584  31.11  12.27   62  511.4 3702.99724 N 00210.91463 W 12 2 0 1
2020 08 30 00 47 17 27403.613   151.080 33790.365  31.11  12.27   62  511.4 3702.99725 N 00210.91461 W 12 2 0 1
2020 08 30 00 47 18 27403.553   151.059 33790.424  31.11  12.27   62  511.3 3702.99726 N 00210.91457 W 12 2 0 1
2020 08 30 00 47 19 27403.613   151.081 33790.533  31.11  12.27   61  511.3 3702.99728 N 00210.91454 W 12 2 0 1
2020 08 30 00 47 20 27403.576   151.076 33790.276  31.11  12.27   62  511.3 3702.99729 N 00210.91453 W 12 2 0 1
2020 08 30 00 47 21 27403.541   151.073 33790.361  31.11  12.27   61  511.3 3702.99729 N 00210.91454 W 12 2 0 1
2020 08 30 00 47 22 27403.520   151.064 33790.439  31.11  12.27   62  511.3 3702.99729 N 00210.91454 W 12 2 0 1
2020 08 30 00 47 23 27403.586   151.112 33790.599  31.11  12.27   61  511.2 3702.99729 N 00210.91457 W 12 2 0 1
2020 08 30 00 47 24 27403.539   151.135 33790.318  31.11  12.27   62  511.2 3702.99729 N 00210.91459 W 12 2 0 1
2020 08 30 00 47 25 27403.615   151.144 33790.537  31.11  12.27   61  511.1 3702.99729 N 00210.91459 W 12 2 0 1
2020 08 30 00 47 26 27403.500   151.107 33790.525  31.11  12.27   62  511.1 3702.99731 N 00210.91461 W 12 2 0 1
2020 08 30 00 47 27 27403.525   151.148 33790.236  31.11  12.27   62  511.1 3702.99732 N 00210.91461 W 12 2 0 1
2020 08 30 00 47 28 27403.588   151.172 33790.420  31.11  12.27   62  511.1 3702.99734 N 00210.91460 W 12 2 0 1
2020 08 30 00 47 29 27403.551   151.150 33790.599  31.11  12.27   62  511.0 3702.99736 N 00210.91458 W 12 2 0 1
2020 08 30 00 47 30 27403.522   151.154 33790.361  31.11  12.27   61  511.1 3702.99737 N 00210.91458 W 12 2 0 1
2020 08 30 00 47 31 27403.552   151.174 33790.166  31.11  12.27   62  511.1 3702.99738 N 00210.91457 W 12 2 0 1
2020 08 30 00 47 32 27403.481   151.136 33790.392  31.11  12.27   61  511.1 3702.99739 N 00210.91456 W 12 2 0 1
2020 08 30 00 47 33 27403.592   151.201 33790.505  31.11  12.27   62  511.2 3702.99740 N 00210.91456 W 12 2 0 1
2020 08 30 00 47 34 27403.494   151.159 33790.369  31.11  12.27   61  511.2 3702.99741 N 00210.91456 W 12 2 0 1
2020 08 30 00 47 35 27403.543   151.204 33790.381  31.11  12.27   63  511.2 3702.99743 N 00210.91456 W 12 2 0 1
2020 08 30 00 47 36 27403.541   151.208 33790.369  31.11  12.27   61  511.2 3702.99745 N 00210.91454 W 12 2 0 1
2020 08 30 00 47 37 27403.580   151.236 33790.334  31.11  12.27   62  511.2 3702.99747 N 00210.91453 W 12 2 0 1
2020 08 30 00 47 38 27403.449   151.173 33790.275  31.11  12.27   62  511.3 3702.99748 N 00210.91454 W 12 2 0 1
2020 08 30 00 47 39 27403.479   151.180 33790.458  31.11  12.27   62  511.2 3702.99751 N 00210.91453 W 12 2 0 1
2020 08 30 00 47 40 27403.574   151.247 33790.521  31.11  12.27   62  511.3 3702.99751 N 00210.91453 W 12 2 0 1
2020 08 30 00 47 41 27403.506   151.222 33790.380  31.11  12.27   61  511.4 3702.99752 N 00210.91451 W 12 2 0 1
2020 08 30 00 47 42 27403.527   151.246 33790.053  31.11  12.27   62  511.5 3702.99751 N 00210.91451 W 12 2 0 1
2020 08 30 00 47 43 27403.522   151.231 33790.614  31.11  12.27   61  511.5 3702.99751 N 00210.91452 W 12 2 0 1
2020 08 30 00 47 44 27403.529   151.268 33790.373  31.11  12.27   62  511.6 3702.99752 N 00210.91451 W 12 2 0 1
2020 08 30 00 47 45 27403.418   151.222 33790.326  31.11  12.27   61  511.6 3702.99752 N 00210.91451 W 12 2 0 1
2020 08 30 00 47 46 27403.496   151.288 33790.279  31.11  12.27   62  511.7 3702.99752 N 00210.91452 W 12 2 0 1
2020 08 30 00 47 47 27403.477   151.256 33790.579  31.11  12.27   62  511.7 3702.99752 N 00210.91454 W 12 2 0 1
2020 08 30 00 47 48 27403.467   151.234 33790.583  31.11  12.27   62  511.7 3702.99750 N 00210.91458 W 12 2 0 1
2020 08 30 00 47 49 27403.499   151.313 33789.847  31.11  12.27   62  511.8 3702.99746 N 00210.91462 W 12 2 0 1
2020 08 30 00 47 50 27403.434   151.247 33790.376  31.11  12.27   62  512.0 3702.99741 N 00210.91466 W 12 2 0 1
2020 08 30 00 47 51 27403.418   151.246 33790.364  31.11  12.27   62  512.1 3702.99739 N 00210.91469 W 12 2 0 1
2020 08 30 00 47 52 27403.438   151.264 33790.411  31.11  12.27   61  512.3 3702.99736 N 00210.91470 W 12 2 0 1
2020 08 30 00 47 53 27403.416   151.251 33790.431  31.11  12.27   62  512.5 3702.99731 N 00210.91472 W 12 2 0 1
2020 08 30 00 47 54 27403.489   151.247 33790.474  31.11  12.27   61  512.6 3702.99728 N 00210.91472 W 12 2 0 1
2020 08 30 00 47 55 27403.422   151.253 33790.205  31.11  12.27   62  512.6 3702.99726 N 00210.91471 W 12 2 0 1
2020 08 30 00 47 56 27403.500   151.295 33790.486  31.11  12.27   61  512.7 3702.99725 N 00210.91471 W 12 2 0 1
2020 08 30 00 47 57 27403.449   151.268 33790.201  31.11  12.27   62  512.6 3702.99724 N 00210.91470 W 12 2 0 1
2020 08 30 00 47 58 27403.455   151.275 33790.333  31.11  12.27   62  512.6 3702.99725 N 00210.91467 W 12 2 0 1
2020 08 30 00 47 59 27403.369   151.257 33790.228  31.11  12.27   62  512.6 3702.99725 N 00210.91466 W 12 2 0 1
2020 08 30 00 48 00 27403.436   151.293 33790.400  31.11  12.27   62  512.6 3702.99726 N 00210.91467 W 12 2 0 1
2020 08 30 00 48 01 27403.363   151.258 33790.240  31.11  12.27   61  512.7 3702.99726 N 00210.91468 W 12 2 0 1
2020 08 30 00 48 02 27403.397   151.276 33790.318  31.11  12.27   62  512.7 3702.99726 N 00210.91472 W 12 2 0 1
2020 08 30 00 48 03 27403.442   151.303 33790.462  31.11  12.27   61  512.7 3702.99726 N 00210.91475 W 12 2 0 1
2020 08 30 00 48 04 27403.502   151.319 33790.380  31.11  12.27   62  512.6 3702.99727 N 00210.91477 W 12 2 0 1
2020 08 30 00 48 05 27403.379   151.278 33790.244  31.11  12.27   61  512.6 3702.99728 N 00210.91478 W 12 2 0 1
2020 08 30 00 48 06 27403.406   151.299 33790.286  31.11  12.27   62  512.5 3702.99728 N 00210.91479 W 12 2 0 1
2020 08 30 00 48 07 27403.334   151.258 33790.138  31.11  12.27   61  512.4 3702.99729 N 00210.91480 W 12 2 0 1
2020 08 30 00 48 08 27403.477   151.319 33790.454  31.11  12.27   62  512.3 3702.99730 N 00210.91480 W 12 2 0 1
2020 08 30 00 48 09 27403.439   151.323 33790.263  31.11  12.27   62  512.3 3702.99730 N 00210.91481 W 12 2 0 1
2020 08 30 00 48 10 27403.391   151.309 33790.283  31.11  12.27   62  512.3 3702.99729 N 00210.91482 W 12 2 0 1
2020 08 30 00 48 11 27403.410   151.300 33790.368  31.11  12.27   62  512.3 3702.99729 N 00210.91482 W 12 2 0 1
2020 08 30 00 48 12 27403.399   151.293 33790.407  31.11  12.27   62  512.4 3702.99729 N 00210.91482 W 12 2 0 1
2020 08 30 00 48 13 27403.368   151.305 33790.384  31.11  12.27   62  512.5 3702.99726 N 00210.91483 W 12 2 0 1
2020 08 30 00 48 14 27403.416   151.324 33790.431  31.11  12.27   61  512.5 3702.99727 N 00210.91483 W 12 2 0 1
2020 08 30 00 48 15 27403.404   151.337 33790.286  31.11  12.27   62  512.6 3702.99728 N 00210.91483 W 12 2 0 1
2020 08 30 00 48 16 27403.403   151.351 33790.341  31.11  12.27   61  512.6 3702.99729 N 00210.91484 W 12 2 0 1
2020 08 30 00 48 17 27403.332   151.322 33790.204  31.11  12.27   62  512.6 3702.99729 N 00210.91484 W 12 2 0 1
2020 08 30 00 48 18 27403.416   151.361 33790.333  31.11  12.27   61  512.6 3702.99731 N 00210.91484 W 12 2 0 1
2020 08 30 00 48 19 27403.317   151.327 33790.290  31.11  12.27   62  512.7 3702.99731 N 00210.91484 W 12 2 0 1
2020 08 30 00 48 20 27403.395   151.349 33790.493  31.11  12.27   62  512.7 3702.99733 N 00210.91480 W 12 2 0 1
2020 08 30 00 48 21 27403.356   151.339 33790.321  31.11  12.27   62  512.7 3702.99734 N 00210.91477 W 12 2 0 1
2020 08 30 00 48 22 27403.360   151.319 33790.325  31.11  12.27   62  512.6 3702.99736 N 00210.91475 W 12 2 0 1
2020 08 30 00 48 23 27403.387   151.336 33790.271  31.11  12.27   61  512.5 3702.99737 N 00210.91473 W 12 2 0 1
2020 08 30 00 48 24 27403.352   151.321 33790.302  31.11  12.27   62  512.4 3702.99739 N 00210.91471 W 12 2 0 1
2020 08 30 00 48 25 27403.352   151.353 33790.302  31.11  12.27   61  512.2 3702.99740 N 00210.91468 W 12 2 0 1
2020 08 30 00 48 26 27403.328   151.338 33790.325  31.11  12.27   62  512.1 3702.99742 N 00210.91464 W 12 2 0 1
2020 08 30 00 48 27 27403.320   151.329 33790.235  31.11  12.27   61  511.9 3702.99744 N 00210.91461 W 12 2 0 1
2020 08 30 00 48 28 27403.332   151.324 33790.126  31.11  12.27   62  511.8 3702.99748 N 00210.91457 W 12 2 0 1
2020 08 30 00 48 29 27403.329   151.318 33790.407  31.11  12.27   62  511.7 3702.99751 N 00210.91455 W 12 2 0 1
2020 08 30 00 48 30 27403.354   151.343 33790.352  31.11  12.27   62  511.6 3702.99755 N 00210.91451 W 12 2 0 1
2020 08 30 00 48 31 27403.299   151.302 33790.286  31.11  12.27   62  511.5 3702.99757 N 00210.91448 W 12 2 0 1
2020 08 30 00 48 32 27403.294   151.288 33790.485  31.11  12.27   61  511.4 3702.99759 N 00210.91442 W 12 2 0 1
2020 08 30 00 48 33 27403.369   151.325 33790.138  31.11  12.27   62  511.3 3702.99762 N 00210.91438 W 12 2 0 1
2020 08 30 00 48 34 27403.303   151.295 33790.329  31.11  12.27   61  511.3 3702.99762 N 00210.91436 W 12 2 0 1
2020 08 30 00 48 35 27403.340   151.308 33790.349  31.11  12.27   62  511.2 3702.99763 N 00210.91435 W 12 2 0 1
2020 08 30 00 48 36 27403.328   151.310 33790.212  31.11  12.27   61  511.1 3702.99765 N 00210.91432 W 12 2 0 1
2020 08 30 00 48 37 27403.350   151.301 33790.489  31.11  12.27   62  511.0 3702.99766 N 00210.91432 W 12 2 0 1
2020 08 30 00 48 38 27403.351   151.315 33790.123  31.11  12.27   61  511.1 3702.99767 N 00210.91431 W 12 2 0 1
2020 08 30 00 48 39 27403.348   151.305 33790.333  31.11  12.27   62  511.1 3702.99769 N 00210.91429 W 12 2 0 1
2020 08 30 00 48 40 27403.364   151.311 33790.321  31.11  12.27   62  511.0 3702.99772 N 00210.91424 W 12 2 0 1
2020 08 30 00 48 41 27403.303   151.279 33790.372  31.11  12.27   62  511.0 3702.99774 N 00210.91421 W 12 2 0 1
2020 08 30 00 48 42 27403.293   151.270 33790.278  31.11  12.27   62  511.0 3702.99775 N 00210.91419 W 12 2 0 1
2020 08 30 00 48 43 27403.301   151.266 33790.411  31.11  12.27   61  511.0 3702.99776 N 00210.91415 W 12 2 0 1
2020 08 30 00 48 44 27403.291   151.258 33790.294  31.11  12.27   62  510.9 3702.99776 N 00210.91413 W 12 2 0 1
2020 08 30 00 48 45 27403.352   151.292 33790.364  31.11  12.27   61  510.8 3702.99776 N 00210.91410 W 12 2 0 1
2020 08 30 00 48 46 27403.324   151.279 33790.228  31.11  12.27   62  510.8 3702.99777 N 00210.91409 W 12 2 0 1
2020 08 30 00 48 47 27403.278   151.239 33790.481  31.11  12.27   61  510.8 3702.99777 N 00210.91408 W 12 2 0 1
2020 08 30 00 48 48 27403.297   151.252 33790.298  31.11  12.27   62  510.8 3702.99778 N 00210.91406 W 12 2 0 1
2020 08 30 00 48 49 27403.301   151.233 33790.267  31.11  12.27   61  510.7 3702.99778 N 00210.91404 W 12 2 0 1
2020 08 30 00 48 50 27403.318   151.254 33790.130  31.11  12.27   62  510.8 3702.99778 N 00210.91404 W 12 2 0 1
2020 08 30 00 48 51 27403.299   151.204 33790.520  31.11  12.27   62  510.8 3702.99778 N 00210.91404 W 12 2 0 1
2020 08 30 00 48 52 27403.280   151.205 33790.329  31.11  12.27   62  510.9 3702.99778 N 00210.91403 W 12 2 0 1
2020 08 30 00 48 53 27403.326   151.232 33790.317  31.11  12.27   62  510.9 3702.99780 N 00210.91400 W 12 2 0 1
2020 08 30 00 48 54 27403.282   151.213 33790.434  31.11  12.27   62  510.9 3702.99781 N 00210.91398 W 12 2 0 1
2020 08 30 00 48 55 27403.321   151.202 33790.399  31.11  12.27   62  510.9 3702.99782 N 00210.91397 W 12 2 0 1
2020 08 30 00 48 56 27403.323   151.180 33790.434  31.11  12.27   61  511.0 3702.99783 N 00210.91396 W 12 2 0 1
2020 08 30 00 48 57 27403.299   151.153 33790.360  31.11  12.27   62  511.0 3702.99783 N 00210.91397 W 12 2 0 1
2020 08 30 00 48 58 27403.276   151.130 33790.235  31.11  12.27   61  511.0 3702.99783 N 00210.91399 W 12 2 0 1
2020 08 30 00 48 59 27403.313   151.142 33790.473  31.11  12.27   62  511.0 3702.99781 N 00210.91401 W 12 2 0 1
2020 08 30 00 49 00 27403.328   151.122 33790.356  31.11  12.27   61  511.1 3702.99778 N 00210.91403 W 12 2 0 1
2020 08 30 00 49 01 27403.283   151.093 33790.274  31.11  12.27   62  511.1 3702.99776 N 00210.91404 W 12 2 0 1
2020 08 30 00 49 02 27403.321   151.109 33790.508  31.11  12.27   62  511.2 3702.99776 N 00210.91404 W 12 2 0 1
2020 08 30 00 49 03 27403.307   151.066 33790.403  31.11  12.27   62  511.2 3702.99777 N 00210.91404 W 12 2 0 1
2020 08 30 00 49 04 27403.217   151.026 33790.352  31.11  12.27   62  511.2 3702.99776 N 00210.91403 W 12 2 0 1
2020 08 30 00 49 05 27403.321   151.051 33790.388  31.11  12.27   61  511.2 3702.99775 N 00210.91403 W 12 2 0 1
2020 08 30 00 49 06 27403.401   151.048 33790.587  31.11  12.27   62  511.2 3702.99773 N 00210.91403 W 12 2 0 1
2020 08 30 00 49 07 27403.338   151.014 33790.244  31.11  12.27   61  511.3 3702.99772 N 00210.91404 W 12 2 0 1
2020 08 30 00 49 08 27403.354   151.003 33790.629  31.11  12.27   62  511.3 3702.99771 N 00210.91403 W 12 2 0 1
2020 08 30 00 49 09 27403.327   150.975 33790.403  31.11  12.27   61  511.4 3702.99769 N 00210.91402 W 12 2 0 1
2020 08 30 00 49 10 27403.348   150.977 33790.388  31.11  12.27   62  511.5 3702.99768 N 00210.91401 W 12 2 0 1
2020 08 30 00 49 11 27403.387   150.971 33790.481  31.11  12.27   62  511.5 3702.99766 N 00210.91400 W 12 2 0 1
2020 08 30 00 49 12 27403.428   150.984 33790.540  31.11  12.27   62  511.6 3702.99765 N 00210.91399 W 12 2 0 1
2020 08 30 00 49 13 27403.326   150.953 33790.325  31.11  12.27   62  511.7 3702.99763 N 00210.91399 W 12 2 0 1
2020 08 30 00 49 14 27403.418   150.966 33790.532  31.11  12.27   61  511.8 3702.99760 N 00210.91399 W 12 2 0 1
2020 08 30 00 49 15 27403.444   150.955 33790.739  31.11  12.27   62  511.8 3702.99758 N 00210.91400 W 12 2 0 1
2020 08 30 00 49 16 27403.407   150.944 33790.439  31.11  12.27   61  511.8 3702.99756 N 00210.91401 W 12 2 0 1
2020 08 30 00 49 17 27403.399   150.930 33790.388  31.11  12.27   62  511.8 3702.99754 N 00210.91400 W 12 2 0 1
2020 08 30 00 49 18 27403.387   150.954 33790.291  31.11  12.27   61  511.8 3702.99753 N 00210.91400 W 12 2 0 1
2020 08 30 00 49 19 27403.384   150.920 33790.817  31.11  12.27   62  511.8 3702.99750 N 00210.91404 W 12 2 0 1
2020 08 30 00 49 20 27403.434   150.954 33790.384  31.11  12.27   61  511.8 3702.99748 N 00210.91404 W 12 2 0 1
2020 08 30 00 49 21 27403.471   150.987 33790.380  31.11  12.27   62  511.9 3702.99748 N 00210.91404 W 12 2 0 1
2020 08 30 00 49 22 27403.432   150.957 33790.548  31.11  12.27   62  511.8 3702.99747 N 00210.91405 W 12 2 0 1
2020 08 30 00 49 23 27403.450   150.954 33790.560  31.11  12.27   62  511.9 3702.99745 N 00210.91405 W 12 2 0 1
2020 08 30 00 49 24 27403.417   150.939 33790.653  31.11  12.27   62  511.9 3702.99744 N 00210.91406 W 12 2 0 1
2020 08 30 00 49 25 27403.465   150.994 33790.451  31.11  12.27   61  511.9 3702.99743 N 00210.91407 W 12 2 0 1
2020 08 30 00 49 26 27403.361   150.965 33790.236  31.11  12.27   62  511.9 3702.99741 N 00210.91407 W 12 2 0 1
2020 08 30 00 49 27 27403.431   150.959 33790.801  31.11  12.27   61  511.8 3702.99742 N 00210.91406 W 12 2 0 1
2020 08 30 00 49 28 27403.377   150.985 33790.322  31.11  12.27   62  511.8 3702.99741 N 00210.91407 W 12 2 0 1
2020 08 30 00 49 29 27403.485   151.005 33790.634  31.11  12.27   61  511.9 3702.99740 N 00210.91410 W 12 2 0 1
2020 08 30 00 49 30 27403.446   150.999 33790.622  31.11  12.27   62  511.9 3702.99738 N 00210.91415 W 12 2 0 1
2020 08 30 00 49 31 27403.442   151.013 33790.486  31.11  12.27   61  512.0 3702.99735 N 00210.91420 W 12 2 0 1
2020 08 30 00 49 32 27403.405   150.997 33790.559  31.11  12.27   62  512.1 3702.99731 N 00210.91425 W 12 2 0 1
2020 08 30 00 49 33 27403.428   150.986 33790.505  31.11  12.27   61  512.1 3702.99729 N 00210.91428 W 12 2 0 1
2020 08 30 00 49 34 27403.469   150.994 33790.556  31.11  12.27   62  512.2 3702.99728 N 00210.91431 W 12 2 0 1
2020 08 30 00 49 35 27403.448   151.014 33790.427  31.11  12.27   62  512.2 3702.99729 N 00210.91433 W 12 2 0 1
2020 08 30 00 49 36 27403.421   150.983 33790.676  31.11  12.27   61  512.2 3702.99732 N 00210.91435 W 12 2 0 1
2020 08 30 00 49 37 27403.455   151.009 33790.404  31.11  12.27   62  512.2 3702.99733 N 00210.91436 W 12 2 0 1
2020 08 30 00 49 38 27403.424   150.979 33790.400  31.11  12.27   61  512.1 3702.99734 N 00210.91439 W 12 2 0 1
2020 08 30 00 49 39 27403.370   150.956 33790.633  31.11  12.27   62  512.1 3702.99736 N 00210.91442 W 12 2 0 1
2020 08 30 00 49 40 27403.389   150.954 33790.676  31.11  12.27   61  512.0 3702.99738 N 00210.91444 W 12 2 0 1
2020 08 30 00 49 41 27403.366   150.936 33790.544  31.11  12.27   62  511.9 3702.99740 N 00210.91446 W 12 2 0 1
2020 08 30 00 49 42 27403.368   150.935 33790.532  31.11  12.27   61  511.8 3702.99741 N 00210.91447 W 12 2 0 1
2020 08 30 00 49 43 27403.418   150.938 33790.528  31.11  12.27   62  511.8 3702.99743 N 00210.91447 W 12 2 0 1
2020 08 30 00 49 44 27403.344   150.887 33790.563  31.11  12.27   62  511.7 3702.99744 N 00210.91449 W 12 2 0 1
2020 08 30 00 49 45 27403.416   150.920 33790.513  31.11  12.27   61  511.7 3702.99745 N 00210.91449 W 12 2 0 1
2020 08 30 00 49 46 27403.348   150.859 33790.536  31.11  12.27   62  511.6 3702.99745 N 00210.91449 W 12 2 0 1
2020 08 30 00 49 47 27403.368   150.856 33790.618  31.11  12.27   61  511.5 3702.99746 N 00210.91450 W 12 2 0 1
2020 08 30 00 49 48 27403.310   150.821 33790.703  31.11  12.27   62  511.5 3702.99747 N 00210.91451 W 12 2 0 1
2020 08 30 00 49 49 27403.391   150.840 33790.637  31.10  12.27   61  511.5 3702.99747 N 00210.91454 W 12 2 0 1
2020 08 30 00 49 50 27403.372   150.818 33790.532  31.11  12.27   62  511.4 3702.99748 N 00210.91457 W 12 2 0 1
2020 08 30 00 49 51 27403.362   150.805 33790.454  31.11  12.27   61  511.3 3702.99750 N 00210.91459 W 12 2 0 1
2020 08 30 00 49 52 27403.317   150.766 33790.633  31.11  12.27   62  511.3 3702.99753 N 00210.91460 W 12 2 0 1
2020 08 30 00 49 53 27403.345   150.784 33790.676  31.11  12.27   62  511.2 3702.99754 N 00210.91461 W 12 2 0 1
2020 08 30 00 49 54 27403.340   150.772 33790.536  31.11  12.27   62  511.1 3702.99756 N 00210.91460 W 12 2 0 1
2020 08 30 00 49 55 27403.399   150.785 33790.598  31.11  12.27   62  511.0 3702.99758 N 00210.91460 W 12 2 0 1
2020 08 30 00 49 56 27403.374   150.750 33790.848  31.11  12.27   61  511.0 3702.99761 N 00210.91461 W 12 2 0 1
2020 08 30 00 49 57 27403.323   150.729 33790.707  31.10  12.27   62  510.9 3702.99764 N 00210.91461 W 12 2 0 1
2020 08 30 00 49 58 27403.401   150.738 33790.665  31.10  12.27   61  510.8 3702.99766 N 00210.91462 W 12 2 0 1
2020 08 30 00 49 59 27403.360   150.723 33790.493  31.10  12.27   62  510.8 3702.99768 N 00210.91463 W 12 2 0 1
2020 08 30 00 50 00 27403.382   150.699 33790.700  31.10  12.27   61  510.7 3702.99771 N 00210.91463 W 12 2 0 1
2020 08 30 00 50 01 27403.397   150.710 33790.836  31.10  12.27   62  510.6 3702.99774 N 00210.91462 W 12 2 0 1
2020 08 30 00 50 02 27403.459   150.767 33790.349  31.10  12.27   61  510.6 3702.99775 N 00210.91462 W 12 2 0 1
2020 08 30 00 50 03 27403.364   150.703 33790.902  31.10  12.27   62  510.4 3702.99777 N 00210.91463 W 12 2 0 1
2020 08 30 00 50 04 27403.413   150.742 33790.622  31.10  12.27   62  510.3 3702.99779 N 00210.91462 W 12 2 0 1
2020 08 30 00 50 05 27403.469   150.785 33790.525  31.10  12.27   62  510.2 3702.99779 N 00210.91461 W 12 2 0 1
2020 08 30 00 50 06 27403.434   150.759 33790.754  31.10  12.27   62  510.2 3702.99778 N 00210.91460 W 12 2 0 1
2020 08 30 00 50 07 27403.405   150.761 33790.715  31.10  12.27   61  510.2 3702.99777 N 00210.91458 W 12 2 0 1
2020 08 30 00 50 08 27403.428   150.785 33790.614  31.10  12.27   62  510.2 3702.99778 N 00210.91454 W 12 2 0 1
2020 08 30 00 50 09 27403.458   150.815 33790.766  31.10  12.27   61  510.2 3702.99777 N 00210.91453 W 12 2 0 1
2020 08 30 00 50 10 27403.506   150.858 33790.420  31.10  12.27   62  510.3 3702.99776 N 00210.91452 W 12 2 0 1
2020 08 30 00 50 11 27403.489   150.839 33790.942  31.10  12.27   61  510.3 3702.99775 N 00210.91451 W 12 2 0 1
2020 08 30 00 50 12 27403.487   150.877 33790.626  31.10  12.27   62  510.4 3702.99772 N 00210.91450 W 12 2 0 1
2020 08 30 00 50 13 27403.457   150.905 33790.564  31.10  12.27   61  510.3 3702.99770 N 00210.91448 W 12 2 0 1
2020 08 30 00 50 14 27403.481   150.879 33790.794  31.10  12.26   63  510.3 3702.99768 N 00210.91447 W 12 2 0 1
2020 08 30 00 50 15 27403.500   150.898 33790.556  31.10  12.27   62  510.3 3702.99765 N 00210.91447 W 12 2 0 1
2020 08 30 00 50 16 27403.454   150.876 33790.704  31.10  12.27   62  510.4 3702.99764 N 00210.91445 W 12 2 0 1
2020 08 30 00 50 17 27403.524   150.934 33790.544  31.10  12.27   62  510.4 3702.99764 N 00210.91443 W 12 2 0 1
2020 08 30 00 50 18 27403.522   150.932 33790.911  31.10  12.27   61  510.5 3702.99762 N 00210.91439 W 12 2 0 1
2020 08 30 00 50 19 27403.523   150.969 33790.275  31.10  12.27   62  510.7 3702.99762 N 00210.91437 W 12 2 0 1
2020 08 30 00 50 20 27403.530   150.924 33790.805  31.10  12.27   61  510.9 3702.99760 N 00210.91434 W 12 2 0 1
2020 08 30 00 50 21 27403.534   150.931 33790.696  31.10  12.27   62  511.1 3702.99758 N 00210.91431 W 12 2 0 1
2020 08 30 00 50 22 27403.511   150.928 33790.829  31.10  12.27   61  511.3 3702.99755 N 00210.91427 W 12 2 0 1
2020 08 30 00 50 23 27403.426   150.889 33790.591  31.10  12.27   62  511.4 3702.99753 N 00210.91425 W 12 2 0 1
2020 08 30 00 50 24 27403.522   150.928 33790.630  31.10  12.27   61  511.5 3702.99752 N 00210.91422 W 12 2 0 1
2020 08 30 00 50 25 27403.428   150.910 33790.470  31.10  12.27   62  511.6 3702.99752 N 00210.91420 W 12 2 0 1
2020 08 30 00 50 26 27403.497   150.921 33790.891  31.10  12.27   62  511.6 3702.99751 N 00210.91417 W 12 2 0 1
2020 08 30 00 50 27 27403.481   150.925 33790.610  31.10  12.27   61  511.6 3702.99751 N 00210.91414 W 12 2 0 1
2020 08 30 00 50 28 27403.462   150.906 33790.875  31.10  12.27   62  511.6 3702.99750 N 00210.91412 W 12 2 0 1
2020 08 30 00 50 29 27403.482   150.942 33790.244  31.10  12.27   61  511.6 3702.99750 N 00210.91411 W 12 2 0 1
2020 08 30 00 50 30 27403.495   150.930 33790.774  31.10  12.27   62  511.6 3702.99750 N 00210.91413 W 12 2 0 1
2020 08 30 00 50 31 27403.471   150.914 33790.642  31.10  12.27   61  511.6 3702.99750 N 00210.91413 W 12 2 0 1
2020 08 30 00 50 32 27403.454   150.896 33790.848  31.10  12.27   62  511.5 3702.99751 N 00210.91413 W 12 2 0 1
2020 08 30 00 50 33 27403.542   150.919 33790.739  31.10  12.27   61  511.5 3702.99750 N 00210.91414 W 12 2 0 1
2020 08 30 00 50 34 27403.489   150.874 33791.008  31.10  12.27   62  511.6 3702.99750 N 00210.91415 W 12 2 0 1
2020 08 30 00 50 35 27403.463   150.876 33790.536  31.10  12.27   62  511.7 3702.99750 N 00210.91413 W 12 2 0 1
2020 08 30 00 50 36 27403.479   150.853 33790.544  31.10  12.27   62  511.7 3702.99750 N 00210.91412 W 12 2 0 1
2020 08 30 00 50 37 27403.389   150.773 33790.676  31.10  12.27   62  511.7 3702.99751 N 00210.91412 W 12 2 0 1
2020 08 30 00 50 38 27403.445   150.807 33790.267  31.10  12.27   61  511.7 3702.99753 N 00210.91410 W 12 2 0 1
2020 08 30 00 50 39 27403.428   150.744 33790.712  31.10  12.27   62  511.7 3702.99753 N 00210.91410 W 12 2 0 1
2020 08 30 00 50 40 27403.484   150.755 33791.055  31.10  12.27   61  511.7 3702.99755 N 00210.91409 W 12 2 0 1
2020 08 30 00 50 41 27403.465   150.741 33790.607  31.10  12.27   62  511.6 3702.99756 N 00210.91409 W 12 2 0 1
2020 08 30 00 50 42 27403.470   150.721 33790.926  31.10  12.27   61  511.6 3702.99757 N 00210.91408 W 12 2 0 1
2020 08 30 00 50 43 27403.442   150.698 33790.825  31.10  12.27   62  511.6 3702.99757 N 00210.91410 W 12 2 0 1
2020 08 30 00 50 44 27403.510   150.754 33790.634  31.10  12.27   61  511.6 3702.99757 N 00210.91412 W 12 2 0 1
2020 08 30 00 50 45 27403.540   150.746 33790.724  31.10  12.26   62  511.5 3702.99758 N 00210.91411 W 12 2 0 1
2020 08 30 00 50 46 27403.477   150.691 33790.868  31.10  12.27   61  511.4 3702.99759 N 00210.91410 W 12 2 0 1
2020 08 30 00 50 47 27403.473   150.701 33790.677  31.10  12.27   62  511.3 3702.99761 N 00210.91409 W 12 2 0 1
2020 08 30 00 50 48 27403.528   150.721 33790.685  31.10  12.27   62  511.3 3702.99763 N 00210.91409 W 12 2 0 1
2020 08 30 00 50 49 27403.501   150.701 33790.915  31.10  12.27   62  511.2 3702.99765 N 00210.91409 W 12 2 0 1
2020 08 30 00 50 50 27403.627   150.766 33790.553  31.10  12.27   62  511.1 3702.99766 N 00210.91408 W 12 2 0 1
2020 08 30 00 50 51 27403.581   150.733 33790.802  31.10  12.27   61  511.1 3702.99766 N 00210.91411 W 12 2 0 1
2020 08 30 00 50 52 27403.600   150.740 33790.841  31.10  12.27   62  511.1 3702.99767 N 00210.91413 W 12 2 0 1
2020 08 30 00 50 53 27403.622   150.755 33790.755  31.10  12.27   61  511.1 3702.99767 N 00210.91414 W 12 2 0 1
2020 08 30 00 50 54 27403.561   150.728 33790.759  31.10  12.27   62  511.1 3702.99768 N 00210.91415 W 12 2 0 1
2020 08 30 00 50 55 27403.635   150.753 33790.888  31.10  12.27   61  511.1 3702.99769 N 00210.91415 W 12 2 0 1
2020 08 30 00 50 56 27403.542   150.727 33790.806  31.10  12.27   62  511.1 3702.99770 N 00210.91416 W 12 2 0 1
2020 08 30 00 50 57 27403.577   150.737 33790.782  31.10  12.27   62  511.1 3702.99772 N 00210.91416 W 12 2 0 1
2020 08 30 00 50 58 27403.645   150.791 33790.841  31.10  12.27   62  511.0 3702.99773 N 00210.91416 W 12 2 0 1
2020 08 30 00 50 59 27403.548   150.764 33790.790  31.10  12.27   62  510.9 3702.99774 N 00210.91413 W 12 2 0 1
2020 08 30 00 51 00 27403.528   150.766 33790.837  31.10  12.27   61  510.9 3702.99774 N 00210.91412 W 12 2 0 1
2020 08 30 00 51 01 27403.600   150.833 33790.736  31.10  12.27   62  510.8 3702.99774 N 00210.91411 W 12 2 0 1
2020 08 30 00 51 02 27403.569   150.816 33790.576  31.10  12.27   62  510.8 3702.99775 N 00210.91411 W 12 2 0 1
2020 08 30 00 51 03 27403.577   150.815 33790.821  31.10  12.27   62  510.8 3702.99776 N 00210.91411 W 12 2 0 1
2020 08 30 00 51 04 27403.585   150.840 33790.841  31.10  12.27   61  510.8 3702.99778 N 00210.91411 W 12 2 0 1
2020 08 30 00 51 05 27403.606   150.876 33790.829  31.10  12.27   62  510.8 3702.99780 N 00210.91413 W 12 2 0 1
2020 08 30 00 51 06 27403.600   150.897 33790.537  31.10  12.27   61  510.7 3702.99782 N 00210.91414 W 12 2 0 1
2020 08 30 00 51 07 27403.628   150.919 33790.919  31.10  12.27   62  510.7 3702.99784 N 00210.91414 W 12 2 0 1
2020 08 30 00 51 08 27403.645   150.933 33790.891  31.10  12.27   62  510.7 3702.99787 N 00210.91414 W 12 2 0 1
2020 08 30 00 51 09 27403.653   150.954 33790.864  31.10  12.27   62  510.7 3702.99788 N 00210.91416 W 12 2 0 1
2020 08 30 00 51 10 27403.717   151.005 33790.779  31.10  12.27   62  510.7 3702.99789 N 00210.91416 W 12 2 0 1
2020 08 30 00 51 11 27403.618   150.989 33790.802  31.10  12.27   61  510.7 3702.99790 N 00210.91417 W 12 2 0 1
2020 08 30 00 51 12 27403.590   150.994 33790.611  31.10  12.27   62  510.8 3702.99791 N 00210.91418 W 12 2 0 1
2020 08 30 00 51 13 27403.614   151.019 33790.954  31.10  12.27   61  510.8 3702.99793 N 00210.91419 W 12 2 0 1
2020 08 30 00 51 14 27403.614   151.052 33790.638  31.10  12.27   62  510.7 3702.99795 N 00210.91419 W 12 2 0 1
2020 08 30 00 51 15 27403.598   151.062 33790.704  31.10  12.27   61  510.7 3702.99796 N 00210.91422 W 12 2 0 1
2020 08 30 00 51 16 27403.645   151.097 33790.798  31.10  12.27   62  510.6 3702.99798 N 00210.91424 W 12 2 0 1
2020 08 30 00 51 17 27403.577   151.062 33790.724  31.10  12.27   62  510.6 3702.99799 N 00210.91427 W 12 2 0 1
2020 08 30 00 51 18 27403.571   151.066 33790.848  31.10  12.27   62  510.6 3702.99800 N 00210.91429 W 12 2 0 1
2020 08 30 00 51 19 27403.524   151.060 33790.708  31.10  12.27   62  510.6 3702.99801 N 00210.91432 W 12 2 0 1
2020 08 30 00 51 20 27403.534   151.081 33790.770  31.10  12.27   61  510.5 3702.99803 N 00210.91434 W 12 2 0 1
2020 08 30 00 51 21 27403.466   151.057 33790.789  31.10  12.27   62  510.5 3702.99804 N 00210.91434 W 12 2 0 1
2020 08 30 00 51 22 27403.553   151.115 33790.696  31.10  12.27   61  510.5 3702.99804 N 00210.91436 W 12 2 0 1
2020 08 30 00 51 23 27403.550   151.125 33790.946  31.10  12.27   62  510.4 3702.99804 N 00210.91437 W 12 2 0 1
2020 08 30 00 51 24 27403.514   151.155 33790.743  31.10  12.27   61  510.5 3702.99803 N 00210.91440 W 12 2 0 1
2020 08 30 00 51 25 27403.520   151.160 33790.525  31.10  12.27   62  510.4 3702.99804 N 00210.91442 W 12 2 0 1
2020 08 30 00 51 26 27403.565   151.199 33790.864  31.10  12.27   61  510.4 3702.99803 N 00210.91444 W 12 2 0 1
2020 08 30 00 51 27 27403.514   151.176 33790.684  31.10  12.27   62  510.4 3702.99803 N 00210.91448 W 12 2 0 1
2020 08 30 00 51 28 27403.486   151.196 33790.334  31.10  12.27   62  510.4 3702.99803 N 00210.91449 W 12 2 0 1
2020 08 30 00 51 29 27403.542   151.198 33790.969  31.10  12.27   62  510.4 3702.99804 N 00210.91451 W 12 2 0 1
2020 08 30 00 51 30 27403.512   151.217 33790.638  31.10  12.27   62  510.4 3702.99805 N 00210.91452 W 12 2 0 1
2020 08 30 00 51 31 27403.518   151.212 33790.774  31.10  12.27   61  510.3 3702.99806 N 00210.91452 W 12 2 0 1
2020 08 30 00 51 32 27403.462   151.191 33790.641  31.10  12.27   62  510.3 3702.99806 N 00210.91450 W 12 2 0 1
2020 08 30 00 51 33 27403.516   151.213 33790.832  31.10  12.27   62  510.2 3702.99805 N 00210.91447 W 12 2 0 1
2020 08 30 00 51 34 27403.524   151.231 33790.478  31.10  12.27   62  510.2 3702.99806 N 00210.91443 W 12 2 0 1
2020 08 30 00 51 35 27403.419   151.192 33790.770  31.10  12.27   61  510.1 3702.99807 N 00210.91440 W 12 2 0 1
2020 08 30 00 51 36 27403.413   151.172 33790.672  31.10  12.27   62  510.1 3702.99807 N 00210.91437 W 12 2 0 1
2020 08 30 00 51 37 27403.391   151.160 33790.532  31.10  12.27   61  510.1 3702.99807 N 00210.91434 W 12 2 0 1
2020 08 30 00 51 38 27403.400   151.135 33791.144  31.10  12.27   62  510.1 3702.99807 N 00210.91432 W 12 2 0 1
2020 08 30 00 51 39 27403.393   151.143 33790.423  31.10  12.27   62  510.1 3702.99807 N 00210.91431 W 12 2 0 1
2020 08 30 00 51 40 27403.329   151.087 33790.843  31.10  12.27   62  510.2 3702.99808 N 00210.91431 W 12 2 0 1
2020 08 30 00 51 41 27403.350   151.098 33790.466  31.10  12.27   62  510.3 3702.99806 N 00210.91431 W 12 2 0 1
2020 08 30 00 51 42 27403.358   151.050 33790.770  31.10  12.27   61  510.3 3702.99806 N 00210.91432 W 12 2 0 1
2020 08 30 00 51 43 27403.335   151.047 33790.473  31.10  12.27   62  510.3 3702.99807 N 00210.91430 W 12 2 0 1
2020 08 30 00 51 44 27403.306   150.989 33791.007  31.10  12.27   61  510.3 3702.99807 N 00210.91431 W 12 2 0 1
2020 08 30 00 51 45 27403.257   150.973 33790.555  31.10  12.27   62  510.3 3702.99806 N 00210.91431 W 12 2 0 1
2020 08 30 00 51 46 27403.190   150.911 33790.465  31.10  12.27   61  510.3 3702.99806 N 00210.91430 W 12 2 0 1
2020 08 30 00 51 47 27403.310   150.900 33790.789  31.10  12.27   62  510.2 3702.99806 N 00210.91427 W 12 2 0 1
2020 08 30 00 51 48 27403.343   150.885 33791.077  31.10  12.27   61  510.2 3702.99806 N 00210.91425 W 12 2 0 1
2020 08 30 00 51 49 27403.395   150.889 33790.762  31.10  12.27   62  510.2 3702.99808 N 00210.91423 W 12 2 0 1
2020 08 30 00 51 50 27403.329   150.833 33790.910  31.10  12.27   62  510.2 3702.99809 N 00210.91422 W 12 2 0 1
2020 08 30 00 51 51 27403.249   150.777 33790.598  31.10  12.27   61  510.2 3702.99809 N 00210.91420 W 12 2 0 1
2020 08 30 00 51 52 27403.327   150.786 33790.925  31.10  12.27   62  510.2 3702.99811 N 00210.91417 W 12 2 0 1
2020 08 30 00 51 53 27403.342   150.798 33790.579  31.10  12.27   61  510.3 3702.99813 N 00210.91416 W 12 2 0 1
2020 08 30 00 51 54 27403.364   150.762 33790.926  31.10  12.27   62  510.3 3702.99814 N 00210.91415 W 12 2 0 1
2020 08 30 00 51 55 27403.345   150.725 33790.875  31.10  12.27   61  510.4 3702.99814 N 00210.91413 W 12 2 0 1
2020 08 30 00 51 56 27403.441   150.731 33791.148  31.10  12.27   62  510.4 3702.99813 N 00210.91412 W 12 2 0 1
2020 08 30 00 51 57 27403.475   150.728 33790.587  31.10  12.27   61  510.4 3702.99810 N 00210.91412 W 12 2 0 1
2020 08 30 00 51 58 27403.503   150.727 33790.829  31.10  12.27   62  510.5 3702.99808 N 00210.91413 W 12 2 0 1
2020 08 30 00 51 59 27403.536   150.737 33790.942  31.10  12.27   62  510.6 3702.99806 N 00210.91415 W 12 2 0 1
2020 08 30 00 52 00 27403.483   150.688 33790.833  31.10  12.27   62  510.6 3702.99804 N 00210.91416 W 12 2 0 1
2020 08 30 00 52 01 27403.593   150.739 33790.868  31.10  12.27   62  510.7 3702.99803 N 00210.91416 W 12 2 0 1
2020 08 30 00 52 02 27403.577   150.743 33790.856  31.10  12.27   61  510.6 3702.99801 N 00210.91416 W 12 2 0 1
2020 08 30 00 52 03 27403.645   150.761 33790.818  31.10  12.27   62  510.6 3702.99800 N 00210.91416 W 12 2 0 1
2020 08 30 00 52 04 27403.628   150.723 33791.082  31.10  12.27   61  510.6 3702.99800 N 00210.91414 W 12 2 0 1
2020 08 30 00 52 05 27403.639   150.756 33790.771  31.10  12.27   62  510.6 3702.99800 N 00210.91414 W 12 2 0 1
2020 08 30 00 52 06 27403.665   150.777 33790.837  31.10  12.27   61  510.6 3702.99800 N 00210.91414 W 12 2 0 1
2020 08 30 00 52 07 27403.717   150.797 33790.896  31.10  12.27   62  510.6 3702.99798 N 00210.91414 W 12 2 0 1
2020 08 30 00 52 08 27403.739   150.844 33790.810  31.10  12.27   61  510.6 3702.99797 N 00210.91416 W 12 2 0 1
2020 08 30 00 52 09 27403.784   150.865 33791.001  31.10  12.27   62  510.6 3702.99796 N 00210.91416 W 12 2 0 1
2020 08 30 00 52 10 27403.731   150.872 33790.915  31.10  12.27   62  510.6 3702.99797 N 00210.91415 W 12 2 0 1
2020 08 30 00 52 11 27403.805   150.915 33790.841  31.10  12.27   62  510.5 3702.99797 N 00210.91414 W 12 2 0 1
2020 08 30 00 52 12 27403.717   150.876 33790.974  31.10  12.27   62  510.5 3702.99797 N 00210.91412 W 12 2 0 1
2020 08 30 00 52 13 27403.754   150.931 33790.884  31.10  12.27   62  510.4 3702.99795 N 00210.91412 W 12 2 0 1
2020 08 30 00 52 14 27403.788   150.948 33790.935  31.10  12.27   62  510.4 3702.99793 N 00210.91413 W 12 2 0 1
2020 08 30 00 52 15 27403.854   150.984 33790.912  31.10  12.27   61  510.4 3702.99791 N 00210.91415 W 12 2 0 1
2020 08 30 00 52 16 27403.795   150.978 33790.943  31.10  12.27   62  510.5 3702.99790 N 00210.91416 W 12 2 0 1
2020 08 30 00 52 17 27403.838   151.019 33790.892  31.10  12.27   61  510.5 3702.99790 N 00210.91418 W 12 2 0 1
2020 08 30 00 52 18 27403.778   151.003 33790.966  31.10  12.27   62  510.7 3702.99788 N 00210.91421 W 12 2 0 1
2020 08 30 00 52 19 27403.813   151.043 33790.752  31.10  12.27   61  510.8 3702.99787 N 00210.91423 W 12 2 0 1
2020 08 30 00 52 20 27403.778   151.041 33790.841  31.10  12.27   62  510.8 3702.99785 N 00210.91427 W 12 2 0 1
2020 08 30 00 52 21 27403.796   151.059 33791.005  31.10  12.27   62  510.9 3702.99784 N 00210.91430 W 12 2 0 1
2020 08 30 00 52 22 27403.768   151.070 33790.919  31.10  12.27   62  511.0 3702.99782 N 00210.91433 W 12 2 0 1
2020 08 30 00 52 23 27403.756   151.042 33790.904  31.10  12.27   62  511.1 3702.99780 N 00210.91435 W 12 2 0 1
2020 08 30 00 52 24 27403.805   151.094 33790.767  31.10  12.27   61  511.2 3702.99778 N 00210.91436 W 12 2 0 1
2020 08 30 00 52 25 27403.753   151.085 33790.958  31.10  12.27   62  511.2 3702.99777 N 00210.91434 W 12 2 0 1
2020 08 30 00 52 26 27403.741   151.090 33790.853  31.10  12.27   61  511.3 3702.99774 N 00210.91435 W 12 2 0 1
2020 08 30 00 52 27 27403.766   151.115 33790.958  31.10  12.27   62  511.4 3702.99771 N 00210.91433 W 12 2 0 1
2020 08 30 00 52 28 27403.729   151.106 33790.779  31.10  12.27   61  511.5 3702.99767 N 00210.91433 W 12 2 0 1
2020 08 30 00 52 29 27403.719   151.101 33790.907  31.10  12.27   62  511.5 3702.99764 N 00210.91435 W 12 2 0 1
2020 08 30 00 52 30 27403.753   151.100 33790.977  31.10  12.27   62  511.5 3702.99762 N 00210.91435 W 12 2 0 1
2020 08 30 00 52 31 27403.746   151.123 33790.701  31.10  12.27   62  511.5 3702.99760 N 00210.91437 W 12 2 0 1
2020 08 30 00 52 32 27403.684   151.099 33790.817  31.10  12.27   62  511.6 3702.99758 N 00210.91439 W 12 2 0 1
2020 08 30 00 52 33 27403.667   151.101 33790.919  31.10  12.27   62  511.7 3702.99757 N 00210.91440 W 12 2 0 1
2020 08 30 00 52 34 27403.680   151.137 33790.872  31.10  12.27   62  511.7 3702.99756 N 00210.91441 W 12 2 0 1
2020 08 30 00 52 35 27403.680   151.160 33790.911  31.10  12.27   61  511.7 3702.99756 N 00210.91441 W 12 2 0 1
2020 08 30 00 52 36 27403.649   151.160 33790.876  31.10  12.27   62  511.8 3702.99755 N 00210.91441 W 12 2 0 1
2020 08 30 00 52 37 27403.665   151.167 33790.973  31.10  12.27   61  511.8 3702.99753 N 00210.91442 W 12 2 0 1
2020 08 30 00 52 38 27403.688   151.197 33790.880  31.10  12.27   62  511.8 3702.99752 N 00210.91442 W 12 2 0 1
2020 08 30 00 52 39 27403.657   151.175 33790.813  31.10  12.27   61  511.7 3702.99751 N 00210.91443 W 12 2 0 1
2020 08 30 00 52 40 27403.657   151.192 33790.911  31.10  12.27   62  511.7 3702.99751 N 00210.91445 W 12 2 0 1
2020 08 30 00 52 41 27403.661   151.179 33790.821  31.10  12.27   62  511.8 3702.99750 N 00210.91447 W 12 2 0 1
2020 08 30 00 52 42 27403.641   151.178 33790.848  31.10  12.27   62  511.8 3702.99749 N 00210.91445 W 12 2 0 1
2020 08 30 00 52 43 27403.594   151.173 33790.868  31.10  12.27   62  511.8 3702.99748 N 00210.91443 W 12 2 0 1
2020 08 30 00 52 44 27403.596   151.185 33790.872  31.10  12.27   61  511.8 3702.99747 N 00210.91440 W 12 2 0 1
2020 08 30 00 52 45 27403.592   151.188 33790.805  31.10  12.27   62  511.8 3702.99747 N 00210.91439 W 12 2 0 1
2020 08 30 00 52 46 27403.573   151.197 33790.946  31.10  12.27   61  511.9 3702.99747 N 00210.91438 W 12 2 0 1
2020 08 30 00 52 47 27403.550   151.148 33790.961  31.10  12.27   62  511.9 3702.99747 N 00210.91438 W 12 2 0 1
2020 08 30 00 52 48 27403.559   151.184 33790.860  31.10  12.27   61  512.0 3702.99745 N 00210.91440 W 12 2 0 1
2020 08 30 00 52 49 27403.513   151.186 33790.914  31.10  12.27   62  512.0 3702.99743 N 00210.91442 W 12 2 0 1
2020 08 30 00 52 50 27403.556   151.208 33791.113  31.10  12.27   61  512.0 3702.99743 N 00210.91444 W 12 2 0 1
2020 08 30 00 52 51 27403.590   151.229 33790.696  31.10  12.26   63  512.1 3702.99742 N 00210.91445 W 12 2 0 1
2020 08 30 00 52 52 27403.530   151.199 33791.000  31.10  12.27   62  512.1 3702.99742 N 00210.91443 W 12 2 0 1
2020 08 30 00 52 53 27403.506   151.202 33790.649  31.10  12.27   62  512.0 3702.99744 N 00210.91442 W 12 2 0 1
2020 08 30 00 52 54 27403.491   151.189 33790.937  31.10  12.27   62  512.0 3702.99745 N 00210.91442 W 12 2 0 1
2020 08 30 00 52 55 27403.542   151.213 33790.825  31.10  12.27   61  512.0 3702.99746 N 00210.91441 W 12 2 0 1
2020 08 30 00 52 56 27403.493   151.198 33790.860  31.10  12.27   62  511.9 3702.99748 N 00210.91442 W 12 2 0 1
2020 08 30 00 52 57 27403.472   151.154 33790.949  31.10  12.27   61  511.9 3702.99750 N 00210.91441 W 12 2 0 1
2020 08 30 00 52 58 27403.428   151.182 33790.626  31.10  12.27   62  511.9 3702.99751 N 00210.91441 W 12 2 0 1
2020 08 30 00 52 59 27403.460   151.175 33791.008  31.10  12.27   61  511.8 3702.99753 N 00210.91440 W 12 2 0 1
2020 08 30 00 53 00 27403.419   151.149 33791.077  31.10  12.27   62  511.8 3702.99754 N 00210.91441 W 12 2 0 1
2020 08 30 00 53 01 27403.429   151.153 33790.762  31.10  12.27   61  511.8 3702.99754 N 00210.91442 W 12 2 0 1
2020 08 30 00 53 02 27403.386   151.122 33790.894  31.10  12.27   62  511.7 3702.99754 N 00210.91439 W 12 2 0 1
2020 08 30 00 53 03 27403.409   151.139 33790.859  31.10  12.27   62  511.8 3702.99754 N 00210.91438 W 12 2 0 1
2020 08 30 00 53 04 27403.382   151.120 33790.801  31.10  12.27   62  511.8 3702.99753 N 00210.91437 W 12 2 0 1
2020 08 30 00 53 05 27403.388   151.114 33790.941  31.10  12.27   62  511.7 3702.99752 N 00210.91436 W 12 2 0 1
2020 08 30 00 53 06 27403.426   151.154 33790.575  31.10  12.27   61  511.7 3702.99752 N 00210.91435 W 12 2 0 1
2020 08 30 00 53 07 27403.446   151.150 33790.820  31.10  12.27   62  511.7 3702.99752 N 00210.91432 W 12 2 0 1
2020 08 30 00 53 08 27403.396   151.130 33790.945  31.10  12.27   61  511.8 3702.99753 N 00210.91430 W 12 2 0 1
2020 08 30 00 53 09 27403.485   151.181 33790.567  31.10  12.27   62  511.8 3702.99752 N 00210.91430 W 12 2 0 1
2020 08 30 00 53 10 27403.443   151.140 33791.362  31.10  12.27   61  511.7 3702.99752 N 00210.91430 W 12 2 0 1
2020 08 30 00 53 11 27403.472   151.168 33791.031  31.10  12.27   62  511.7 3702.99751 N 00210.91430 W 12 2 0 1
2020 08 30 00 53 12 27403.522   151.194 33790.821  31.10  12.27   62  511.8 3702.99750 N 00210.91430 W 12 2 0 1
2020 08 30 00 53 13 27403.546   151.194 33790.864  31.10  12.27   62  511.9 3702.99750 N 00210.91430 W 12 2 0 1
2020 08 30 00 53 14 27403.555   151.232 33790.614  31.10  12.27   62  512.0 3702.99747 N 00210.91430 W 12 2 0 1
2020 08 30 00 53 15 27403.535   151.202 33790.505  31.10  12.27   61  512.0 3702.99746 N 00210.91429 W 12 2 0 1
2020 08 30 00 53 16 27403.521   151.150 33791.257  31.10  12.27   62  512.1 3702.99745 N 00210.91429 W 12 2 0 1
2020 08 30 00 53 17 27403.587   151.189 33791.324  31.10  12.27   61  512.2 3702.99741 N 00210.91430 W 12 2 0 1
2020 08 30 00 53 18 27403.548   151.199 33791.039  31.10  12.27   62  512.2 3702.99738 N 00210.91432 W 12 2 0 1
2020 08 30 00 53 19 27403.541   151.235 33790.451  31.10  12.27   61  512.2 3702.99737 N 00210.91431 W 12 2 0 1
2020 08 30 00 53 20 27403.505   151.209 33790.754  31.10  12.27   62  512.2 3702.99736 N 00210.91430 W 12 2 0 1
2020 08 30 00 53 21 27403.490   151.185 33791.117  31.10  12.27   61  512.2 3702.99738 N 00210.91428 W 12 2 0 1
2020 08 30 00 53 22 27403.562   151.210 33791.020  31.10  12.27   62  512.1 3702.99740 N 00210.91425 W 12 2 0 1
2020 08 30 00 53 23 27403.546   151.226 33790.992  31.10  12.27   62  512.0 3702.99740 N 00210.91426 W 12 2 0 1
2020 08 30 00 53 24 27403.509   151.207 33790.793  31.10  12.27   62  512.1 3702.99740 N 00210.91427 W 12 2 0 1
2020 08 30 00 53 25 27403.540   151.207 33790.988  31.10  12.27   62  512.2 3702.99737 N 00210.91427 W 12 2 0 1
2020 08 30 00 53 26 27403.582   151.243 33790.556  31.10  12.27   62  512.2 3702.99737 N 00210.91426 W 12 2 0 1
2020 08 30 00 53 27 27403.478   151.160 33791.128  31.10  12.27   62  512.3 3702.99735 N 00210.91427 W 12 2 0 1
2020 08 30 00 53 28 27403.567   151.226 33790.864  31.10  12.27   61  512.3 3702.99735 N 00210.91428 W 12 2 0 1
2020 08 30 00 53 29 27403.586   151.252 33790.626  31.10  12.27   62  512.3 3702.99734 N 00210.91427 W 12 2 0 1
2020 08 30 00 53 30 27403.571   151.206 33790.899  31.10  12.27   61  512.3 3702.99734 N 00210.91427 W 12 2 0 1
2020 08 30 00 53 31 27403.561   151.215 33790.782  31.10  12.27   62  512.4 3702.99734 N 00210.91426 W 12 2 0 1
2020 08 30 00 53 32 27403.498   151.145 33791.226  31.10  12.27   61  512.4 3702.99733 N 00210.91424 W 12 2 0 1
2020 08 30 00 53 33 27403.559   151.175 33790.700  31.10  12.27   62  512.3 3702.99734 N 00210.91422 W 12 2 0 1
2020 08 30 00 53 34 27403.562   151.168 33791.035  31.10  12.27   62  512.3 3702.99734 N 00210.91420 W 12 2 0 1
2020 08 30 00 53 35 27403.588   151.180 33790.747  31.10  12.27   62  512.3 3702.99734 N 00210.91419 W 12 2 0 1
2020 08 30 00 53 36 27403.567   151.150 33790.973  31.10  12.27   62  512.4 3702.99732 N 00210.91419 W 12 2 0 1
2020 08 30 00 53 37 27403.567   151.155 33790.805  31.10  12.27   61  512.4 3702.99730 N 00210.91420 W 12 2 0 1
2020 08 30 00 53 38 27403.552   151.130 33790.868  31.10  12.27   62  512.5 3702.99728 N 00210.91421 W 12 2 0 1
2020 08 30 00 53 39 27403.565   151.119 33791.027  31.10  12.27   61  512.5 3702.99726 N 00210.91421 W 12 2 0 1
2020 08 30 00 53 40 27403.565   151.125 33790.903  31.10  12.27   62  512.5 3702.99725 N 00210.91420 W 12 2 0 1
2020 08 30 00 53 41 27403.483   151.054 33790.961  31.10  12.27   61  512.6 3702.99724 N 00210.91419 W 12 2 0 1
2020 08 30 00 53 42 27403.602   151.096 33790.852  31.10  12.27   62  512.6 3702.99723 N 00210.91418 W 12 2 0 1
2020 08 30 00 53 43 27403.552   151.068 33791.144  31.10  12.27   61  512.6 3702.99723 N 00210.91417 W 12 2 0 1
2020 08 30 00 53 44 27403.546   151.041 33791.031  31.10  12.27   62  512.6 3702.99723 N 00210.91416 W 12 2 0 1
2020 08 30 00 53 45 27403.565   151.030 33790.879  31.10  12.27   62  512.6 3702.99724 N 00210.91415 W 12 2 0 1
2020 08 30 00 53 46 27403.565   151.022 33790.802  31.10  12.27   61  512.7 3702.99725 N 00210.91414 W 12 2 0 1
2020 08 30 00 53 47 27403.628   151.070 33790.806  31.10  12.27   62  512.7 3702.99725 N 00210.91413 W 12 2 0 1
2020 08 30 00 53 48 27403.556   151.011 33791.230  31.10  12.27   61  512.7 3702.99725 N 00210.91412 W 12 2 0 1
2020 08 30 00 53 49 27403.624   151.021 33790.798  31.10  12.27   62  512.7 3702.99725 N 00210.91410 W 12 2 0 1
2020 08 30 00 53 50 27403.645   151.046 33791.028  31.10  12.27   61  512.7 3702.99725 N 00210.91410 W 12 2 0 1
2020 08 30 00 53 51 27403.663   151.056 33790.927  31.10  12.27   62  512.7 3702.99726 N 00210.91409 W 12 2 0 1
2020 08 30 00 53 52 27403.628   151.024 33790.950  31.10  12.27   61  512.7 3702.99728 N 00210.91410 W 12 2 0 1
2020 08 30 00 53 53 27403.665   151.049 33790.962  31.10  12.27   62  512.7 3702.99729 N 00210.91410 W 12 2 0 1
2020 08 30 00 53 54 27403.618   151.021 33791.039  31.10  12.27   62  512.8 3702.99731 N 00210.91411 W 12 2 0 1
2020 08 30 00 53 55 27403.630   151.017 33791.269  31.10  12.27   62  512.9 3702.99732 N 00210.91413 W 12 2 0 1
2020 08 30 00 53 56 27403.668   151.033 33790.755  31.10  12.27   62  513.0 3702.99732 N 00210.91414 W 12 2 0 1
2020 08 30 00 53 57 27403.661   151.027 33791.055  31.10  12.27   61  513.1 3702.99732 N 00210.91417 W 12 2 0 1
2020 08 30 00 53 58 27403.684   151.038 33790.985  31.10  12.27   62  513.1 3702.99733 N 00210.91419 W 12 2 0 1
2020 08 30 00 53 59 27403.613   151.050 33790.545  31.10  12.27   61  513.1 3702.99735 N 00210.91419 W 12 2 0 1
2020 08 30 00 54 00 27403.692   151.097 33791.028  31.10  12.27   62  513.0 3702.99738 N 00210.91418 W 12 2 0 1
2020 08 30 00 54 01 27403.638   151.075 33791.269  31.10  12.27   61  512.8 3702.99741 N 00210.91419 W 12 2 0 1
2020 08 30 00 54 02 27403.671   151.094 33791.020  31.10  12.27   62  512.7 3702.99744 N 00210.91418 W 12 2 0 1
2020 08 30 00 54 03 27403.677   151.103 33791.153  31.10  12.27   61  512.6 3702.99747 N 00210.91416 W 12 2 0 1
2020 08 30 00 54 04 27403.643   151.108 33790.884  31.10  12.27   62  512.5 3702.99750 N 00210.91418 W 12 2 0 1
2020 08 30 00 54 05 27403.675   151.116 33791.043  31.10  12.27   62  512.4 3702.99752 N 00210.91421 W 12 2 0 1
2020 08 30 00 54 06 27403.667   151.115 33790.954  31.10  12.27   62  512.3 3702.99754 N 00210.91423 W 12 2 0 1
2020 08 30 00 54 07 27403.688   151.128 33791.121  31.10  12.27   62  512.3 3702.99755 N 00210.91425 W 12 2 0 1
2020 08 30 00 54 08 27403.653   151.110 33791.063  31.10  12.27   61  512.2 3702.99756 N 00210.91425 W 12 2 0 1
2020 08 30 00 54 09 27403.663   151.107 33791.320  31.10  12.27   62  512.2 3702.99756 N 00210.91425 W 12 2 0 1
2020 08 30 00 54 10 27403.629   151.120 33790.735  31.10  12.27   61  512.2 3702.99756 N 00210.91425 W 12 2 0 1
2020 08 30 00 54 11 27403.680   151.127 33790.888  31.10  12.26   63  512.1 3702.99754 N 00210.91424 W 12 2 0 1
2020 08 30 00 54 12 27403.655   151.130 33791.047  31.10  12.27   61  512.1 3702.99754 N 00210.91423 W 12 2 0 1
2020 08 30 00 54 13 27403.616   151.126 33790.985  31.10  12.27   62  512.1 3702.99756 N 00210.91423 W 12 2 0 1
2020 08 30 00 54 14 27403.702   151.153 33791.036  31.10  12.27   61  512.1 3702.99759 N 00210.91422 W 12 2 0 1
2020 08 30 00 54 15 27403.742   151.208 33790.603  31.10  12.27   62  512.0 3702.99761 N 00210.91422 W 12 2 0 1
2020 08 30 00 54 16 27403.688   151.173 33791.020  31.10  12.27   62  512.0 3702.99763 N 00210.91422 W 12 2 0 1
2020 08 30 00 54 17 27403.622   151.160 33791.199  31.10  12.27   62  512.0 3702.99765 N 00210.91422 W 12 2 0 1
2020 08 30 00 54 18 27403.624   151.173 33791.106  31.10  12.27   62  511.9 3702.99767 N 00210.91421 W 12 2 0 1
2020 08 30 00 54 19 27403.636   151.183 33791.028  31.10  12.27   61  511.9 3702.99768 N 00210.91420 W 12 2 0 1
2020 08 30 00 54 20 27403.632   151.188 33791.211  31.10  12.27   62  511.9 3702.99770 N 00210.91420 W 12 2 0 1
2020 08 30 00 54 21 27403.608   151.185 33791.074  31.10  12.27   61  511.9 3702.99770 N 00210.91419 W 12 2 0 1
2020 08 30 00 54 22 27403.612   151.184 33791.035  31.10  12.26   62  511.9 3702.99771 N 00210.91420 W 12 2 0 1
2020 08 30 00 54 23 27403.616   151.182 33791.164  31.10  12.27   61  511.9 3702.99773 N 00210.91418 W 12 2 0 1
2020 08 30 00 54 24 27403.581   151.178 33791.086  31.10  12.27   62  512.0 3702.99774 N 00210.91417 W 12 2 0 1
2020 08 30 00 54 25 27403.599   151.158 33790.981  31.10  12.27   61  511.9 3702.99774 N 00210.91417 W 12 2 0 1
2020 08 30 00 54 26 27403.630   151.187 33791.113  31.10  12.27   62  511.8 3702.99774 N 00210.91417 W 12 2 0 1
2020 08 30 00 54 27 27403.581   151.160 33790.985  31.10  12.27   62  511.8 3702.99775 N 00210.91417 W 12 2 0 1
2020 08 30 00 54 28 27403.591   151.145 33791.125  31.10  12.27   62  511.8 3702.99776 N 00210.91417 W 12 2 0 1
2020 08 30 00 54 29 27403.554   151.120 33790.992  31.10  12.27   62  511.8 3702.99776 N 00210.91416 W 12 2 0 1
2020 08 30 00 54 30 27403.601   151.126 33791.374  31.10  12.27   61  511.8 3702.99776 N 00210.91415 W 12 2 0 1
2020 08 30 00 54 31 27403.561   151.142 33790.653  31.10  12.27   62  511.9 3702.99776 N 00210.91414 W 12 2 0 1
2020 08 30 00 54 32 27403.552   151.117 33791.066  31.10  12.27   61  511.9 3702.99777 N 00210.91413 W 12 2 0 1
2020 08 30 00 54 33 27403.538   151.122 33791.090  31.10  12.27   62  511.9 3702.99777 N 00210.91412 W 12 2 0 1
2020 08 30 00 54 34 27403.606   151.152 33791.008  31.10  12.27   61  511.9 3702.99777 N 00210.91410 W 12 2 0 1
2020 08 30 00 54 35 27403.542   151.110 33790.871  31.10  12.27   62  511.9 3702.99776 N 00210.91408 W 12 2 0 1
2020 08 30 00 54 36 27403.607   151.110 33791.164  31.10  12.27   62  511.9 3702.99776 N 00210.91406 W 12 2 0 1
2020 08 30 00 54 37 27403.561   151.123 33790.887  31.10  12.27   62  511.8 3702.99775 N 00210.91405 W 12 2 0 1
2020 08 30 00 54 38 27403.579   151.117 33791.214  31.10  12.27   62  511.8 3702.99772 N 00210.91404 W 12 2 0 1
2020 08 30 00 54 39 27403.655   151.126 33791.067  31.10  12.27   61  511.7 3702.99771 N 00210.91403 W 12 2 0 1
2020 08 30 00 54 40 27403.634   151.106 33791.207  31.10  12.27   62  511.7 3702.99770 N 00210.91405 W 12 2 0 1
2020 08 30 00 54 41 27403.649   151.135 33791.024  31.10  12.27   61  511.8 3702.99767 N 00210.91406 W 12 2 0 1
2020 08 30 00 54 42 27403.546   151.097 33790.961  31.10  12.27   62  511.9 3702.99765 N 00210.91407 W 12 2 0 1
2020 08 30 00 54 43 27403.587   151.107 33790.911  31.10  12.27   61  511.9 3702.99764 N 00210.91406 W 12 2 0 1
2020 08 30 00 54 44 27403.665   151.120 33791.316  31.10  12.27   62  511.9 3702.99762 N 00210.91404 W 12 2 0 1
2020 08 30 00 54 45 27403.605   151.095 33791.199  31.10  12.27   61  512.0 3702.99760 N 00210.91401 W 12 2 0 1
2020 08 30 00 54 46 27403.599   151.100 33791.067  31.10  12.27   62  511.9 3702.99758 N 00210.91400 W 12 2 0 1
2020 08 30 00 54 47 27403.591   151.108 33790.981  31.10  12.27   62  511.9 3702.99756 N 00210.91399 W 12 2 0 1
2020 08 30 00 54 48 27403.628   151.124 33791.160  31.10  12.27   62  511.9 3702.99754 N 00210.91398 W 12 2 0 1
2020 08 30 00 54 49 27403.597   151.100 33791.074  31.10  12.27   62  511.9 3702.99754 N 00210.91396 W 12 2 0 1
2020 08 30 00 54 50 27403.663   151.121 33791.067  31.10  12.27   61  511.9 3702.99753 N 00210.91395 W 12 2 0 1
2020 08 30 00 54 51 27403.587   151.094 33791.207  31.10  12.27   62  511.9 3702.99752 N 00210.91396 W 12 2 0 1
2020 08 30 00 54 52 27403.610   151.098 33790.973  31.10  12.27   61  512.0 3702.99749 N 00210.91399 W 12 2 0 1
2020 08 30 00 54 53 27403.612   151.099 33790.934  31.10  12.27   62  512.0 3702.99747 N 00210.91400 W 12 2 0 1
2020 08 30 00 54 54 27403.700   151.125 33791.094  31.10  12.27   61  512.0 3702.99746 N 00210.91404 W 12 2 0 1
2020 08 30 00 54 55 27403.655   151.112 33791.207  31.10  12.27   62  511.9 3702.99745 N 00210.91406 W 12 2 0 1
2020 08 30 00 54 56 27403.652   151.101 33791.265  31.10  12.27   61  511.9 3702.99744 N 00210.91407 W 12 2 0 1
2020 08 30 00 54 57 27403.737   151.161 33790.958  31.10  12.27   62  511.9 3702.99745 N 00210.91408 W 12 2 0 1
2020 08 30 00 54 58 27403.673   151.123 33791.172  31.10  12.27   62  511.9 3702.99746 N 00210.91408 W 12 2 0 1
2020 08 30 00 54 59 27403.690   151.162 33791.047  31.10  12.27   62  511.9 3702.99745 N 00210.91409 W 12 2 0 1
2020 08 30 00 55 00 27403.690   151.167 33791.028  31.10  12.27   62  511.8 3702.99744 N 00210.91411 W 12 2 0 1
2020 08 30 00 55 01 27403.710   151.167 33791.215  31.10  12.27   62  511.8 3702.99743 N 00210.91413 W 12 2 0 1
2020 08 30 00 55 02 27403.727   151.192 33790.903  31.10  12.27   62  511.7 3702.99743 N 00210.91415 W 12 2 0 1
2020 08 30 00 55 03 27403.778   151.188 33791.316  31.10  12.27   61  511.7 3702.99743 N 00210.91417 W 12 2 0 1
2020 08 30 00 55 04 27403.865   151.271 33790.767  31.10  12.27   62  511.7 3702.99744 N 00210.91419 W 12 2 0 1
2020 08 30 00 55 05 27403.763   151.246 33791.172  31.10  12.27   61  511.7 3702.99746 N 00210.91420 W 12 2 0 1
2020 08 30 00 55 06 27403.788   151.273 33790.942  31.10  12.27   62  511.7 3702.99748 N 00210.91422 W 12 2 0 1
2020 08 30 00 55 07 27403.786   151.264 33791.005  31.10  12.27   61  511.7 3702.99750 N 00210.91425 W 12 2 0 1
2020 08 30 00 55 08 27403.779   151.249 33791.371  31.10  12.27   62  511.7 3702.99751 N 00210.91427 W 12 2 0 1
2020 08 30 00 55 09 27403.798   151.253 33791.211  31.10  12.27   62  511.7 3702.99753 N 00210.91430 W 12 2 0 1
2020 08 30 00 55 10 27403.794   151.268 33791.223  31.10  12.27   61  511.7 3702.99755 N 00210.91434 W 12 2 0 1
2020 08 30 00 55 11 27403.750   151.279 33790.677  31.10  12.27   62  511.7 3702.99756 N 00210.91435 W 12 2 0 1
2020 08 30 00 55 12 27403.821   151.302 33791.215  31.10  12.27   62  511.6 3702.99757 N 00210.91437 W 12 2 0 1
2020 08 30 00 55 13 27403.784   151.290 33790.931  31.10  12.27   62  511.6 3702.99758 N 00210.91439 W 12 2 0 1
2020 08 30 00 55 14 27403.756   151.302 33790.864  31.10  12.27   61  511.5 3702.99761 N 00210.91442 W 12 2 0 1
2020 08 30 00 55 15 27403.811   151.296 33791.231  31.10  12.27   62  511.4 3702.99765 N 00210.91445 W 12 2 0 1
2020 08 30 00 55 16 27403.696   151.272 33791.012  31.10  12.27   61  511.4 3702.99767 N 00210.91448 W 12 2 0 1
2020 08 30 00 55 17 27403.671   151.260 33791.343  31.10  12.27   62  511.4 3702.99769 N 00210.91453 W 12 2 0 1
2020 08 30 00 55 18 27403.804   151.320 33791.410  31.10  12.27   62  511.3 3702.99772 N 00210.91455 W 12 2 0 1
2020 08 30 00 55 19 27403.761   151.294 33791.359  31.10  12.27   62  511.3 3702.99774 N 00210.91457 W 12 2 0 1
2020 08 30 00 55 20 27403.724   151.303 33791.090  31.10  12.27   62  511.3 3702.99777 N 00210.91458 W 12 2 0 1
2020 08 30 00 55 21 27403.722   151.298 33791.086  31.10  12.27   61  511.2 3702.99780 N 00210.91460 W 12 2 0 1
2020 08 30 00 55 22 27403.718   151.281 33791.040  31.10  12.27   62  511.2 3702.99782 N 00210.91461 W 12 2 0 1
2020 08 30 00 55 23 27403.695   151.234 33791.336  31.10  12.27   61  511.3 3702.99781 N 00210.91464 W 12 2 0 1
2020 08 30 00 55 24 27403.735   151.278 33790.892  31.10  12.27   62  511.3 3702.99780 N 00210.91466 W 12 2 0 1
2020 08 30 00 55 25 27403.726   151.236 33791.433  31.10  12.27   61  511.4 3702.99779 N 00210.91466 W 12 2 0 1
2020 08 30 00 55 26 27403.675   151.214 33791.250  31.10  12.27   62  511.5 3702.99775 N 00210.91466 W 12 2 0 1
2020 08 30 00 55 27 27403.766   151.271 33790.783  31.10  12.27   61  511.6 3702.99770 N 00210.91466 W 12 2 0 1
2020 08 30 00 55 28 27403.708   151.195 33791.371  31.10  12.27   62  511.8 3702.99765 N 00210.91468 W 12 2 0 1
2020 08 30 00 55 29 27403.679   151.198 33791.242  31.10  12.27   62  511.9 3702.99761 N 00210.91468 W 12 2 0 1
2020 08 30 00 55 30 27403.688   151.227 33791.008  31.10  12.27   62  512.0 3702.99758 N 00210.91466 W 12 2 0 1
2020 08 30 00 55 31 27403.708   151.216 33791.110  31.10  12.27   62  512.1 3702.99754 N 00210.91464 W 12 2 0 1
2020 08 30 00 55 32 27403.675   151.198 33791.211  31.10  12.27   62  512.2 3702.99751 N 00210.91464 W 12 2 0 1
2020 08 30 00 55 33 27403.700   151.196 33791.203  31.10  12.26   62  512.4 3702.99746 N 00210.91463 W 12 2 0 1
2020 08 30 00 55 34 27403.733   151.201 33791.157  31.10  12.27   61  512.5 3702.99743 N 00210.91464 W 12 2 0 1
2020 08 30 00 55 35 27403.710   151.213 33790.892  31.10  12.27   62  512.6 3702.99740 N 00210.91465 W 12 2 0 1
2020 08 30 00 55 36 27403.742   151.201 33791.507  31.10  12.27   61  512.7 3702.99736 N 00210.91466 W 12 2 0 1
2020 08 30 00 55 37 27403.751   151.229 33791.118  31.10  12.27   62  512.7 3702.99734 N 00210.91465 W 12 2 0 1
2020 08 30 00 55 38 27403.687   151.200 33791.227  31.10  12.27   61  512.7 3702.99732 N 00210.91464 W 12 2 0 1
2020 08 30 00 55 39 27403.683   151.211 33791.059  31.10  12.27   62  512.7 3702.99730 N 00210.91462 W 12 2 0 1
2020 08 30 00 55 40 27403.718   151.234 33791.001  31.10  12.27   62  512.7 3702.99729 N 00210.91459 W 12 2 0 1
2020 08 30 00 55 41 27403.684   151.217 33791.043  31.10  12.27   62  512.6 3702.99727 N 00210.91458 W 12 2 0 1
2020 08 30 00 55 42 27403.648   151.194 33791.226  31.10  12.27   62  512.6 3702.99724 N 00210.91457 W 12 2 0 1
2020 08 30 00 55 43 27403.751   151.287 33790.993  31.10  12.27   61  512.6 3702.99723 N 00210.91456 W 12 2 0 1
2020 08 30 00 55 44 27403.697   151.258 33791.328  31.10  12.27   62  512.6 3702.99721 N 00210.91455 W 12 2 0 1
2020 08 30 00 55 45 27403.657   151.260 33791.145  31.10  12.27   61  512.5 3702.99720 N 00210.91453 W 12 2 0 1
2020 08 30 00 55 46 27403.692   151.257 33791.152  31.10  12.26   62  512.5 3702.99719 N 00210.91451 W 12 2 0 1
2020 08 30 00 55 47 27403.687   151.252 33791.215  31.10  12.27   61  512.4 3702.99718 N 00210.91449 W 12 2 0 1
2020 08 30 00 55 48 27403.702   151.274 33791.207  31.10  12.27   62  512.4 3702.99717 N 00210.91448 W 12 2 0 1
2020 08 30 00 55 49 27403.675   151.287 33791.187  31.10  12.27   61  512.4 3702.99716 N 00210.91447 W 12 2 0 1
2020 08 30 00 55 50 27403.677   151.305 33790.969  31.10  12.27   62  512.3 3702.99716 N 00210.91446 W 12 2 0 1
2020 08 30 00 55 51 27403.696   151.286 33791.195  31.10  12.27   62  512.2 3702.99716 N 00210.91444 W 12 2 0 1
2020 08 30 00 55 52 27403.679   151.269 33791.250  31.10  12.27   62  512.2 3702.99717 N 00210.91443 W 12 2 0 1
2020 08 30 00 55 53 27403.701   151.255 33791.359  31.10  12.27   62  512.1 3702.99717 N 00210.91442 W 12 2 0 1
2020 08 30 00 55 54 27403.724   151.257 33791.172  31.10  12.27   61  512.0 3702.99718 N 00210.91439 W 12 2 0 1
2020 08 30 00 55 55 27403.692   151.237 33791.117  31.10  12.27   62  511.9 3702.99719 N 00210.91437 W 12 2 0 1
2020 08 30 00 55 56 27403.698   151.254 33791.145  31.10  12.27   61  511.8 3702.99721 N 00210.91436 W 12 2 0 1
2020 08 30 00 55 57 27403.745   151.272 33791.160  31.10  12.27   62  511.7 3702.99722 N 00210.91435 W 12 2 0 1
2020 08 30 00 55 58 27403.694   151.245 33791.180  31.10  12.27   61  511.7 3702.99724 N 00210.91436 W 12 2 0 1
2020 08 30 00 55 59 27403.717   151.256 33790.915  31.10  12.27   62  511.7 3702.99726 N 00210.91436 W 12 2 0 1
2020 08 30 00 56 00 27403.796   151.302 33791.196  31.10  12.27   62  511.7 3702.99727 N 00210.91436 W 12 2 0 1
2020 08 30 00 56 01 27403.763   151.301 33791.122  31.10  12.27   62  511.6 3702.99728 N 00210.91438 W 12 2 0 1
2020 08 30 00 56 02 27403.786   151.297 33791.196  31.10  12.27   62  511.6 3702.99729 N 00210.91439 W 12 2 0 1
2020 08 30 00 56 03 27403.702   151.256 33791.184  31.10  12.27   62  511.6 3702.99729 N 00210.91442 W 12 2 0 1
2020 08 30 00 56 04 27403.751   151.255 33791.118  31.10  12.27   62  511.6 3702.99727 N 00210.91445 W 12 2 0 1
2020 08 30 00 56 05 27403.777   151.246 33791.433  31.10  12.27   61  511.6 3702.99729 N 00210.91447 W 12 2 0 1
2020 08 30 00 56 06 27403.726   151.212 33791.227  31.10  12.27   62  511.6 3702.99730 N 00210.91449 W 12 2 0 1
2020 08 30 00 56 07 27403.710   151.196 33791.176  31.10  12.27   61  511.6 3702.99729 N 00210.91452 W 12 2 0 1
2020 08 30 00 56 08 27403.729   151.197 33791.114  31.10  12.27   62  511.6 3702.99730 N 00210.91453 W 12 2 0 1
2020 08 30 00 56 09 27403.706   151.197 33791.219  31.10  12.27   61  511.5 3702.99732 N 00210.91453 W 12 2 0 1
2020 08 30 00 56 10 27403.685   151.171 33791.160  31.10  12.27   62  511.5 3702.99734 N 00210.91454 W 12 2 0 1
2020 08 30 00 56 11 27403.745   151.169 33791.289  31.10  12.27   62  511.5 3702.99735 N 00210.91455 W 12 2 0 1
2020 08 30 00 56 12 27403.690   151.139 33790.962  31.10  12.27   62  511.6 3702.99737 N 00210.91456 W 12 2 0 1
2020 08 30 00 56 13 27403.689   151.105 33791.304  31.10  12.27   62  511.6 3702.99738 N 00210.91457 W 12 2 0 1
2020 08 30 00 56 14 27403.667   151.096 33791.180  31.10  12.27   61  511.6 3702.99740 N 00210.91456 W 12 2 0 1
2020 08 30 00 56 15 27403.704   151.092 33791.266  31.10  12.27   62  511.6 3702.99742 N 00210.91456 W 12 2 0 1
2020 08 30 00 56 16 27403.667   151.057 33791.269  31.10  12.27   61  511.6 3702.99743 N 00210.91454 W 12 2 0 1
2020 08 30 00 56 17 27403.681   151.019 33791.246  31.10  12.27   62  511.6 3702.99745 N 00210.91451 W 12 2 0 1
2020 08 30 00 56 18 27403.689   151.004 33791.188  31.10  12.27   61  511.6 3702.99749 N 00210.91448 W 12 2 0 1
2020 08 30 00 56 19 27403.732   151.000 33791.285  31.10  12.27   62  511.6 3702.99752 N 00210.91445 W 12 2 0 1
2020 08 30 00 56 20 27403.700   150.971 33791.324  31.10  12.27   61  511.6 3702.99754 N 00210.91444 W 12 2 0 1
2020 08 30 00 56 21 27403.728   150.974 33791.332  31.10  12.27   62  511.5 3702.99756 N 00210.91443 W 12 2 0 1
2020 08 30 00 56 22 27403.759   150.943 33791.480  31.10  12.27   62  511.5 3702.99760 N 00210.91440 W 12 2 0 1
2020 08 30 00 56 23 27403.808   150.985 33791.196  31.10  12.27   62  511.4 3702.99763 N 00210.91436 W 12 2 0 1
2020 08 30 00 56 24 27403.854   150.967 33791.181  31.10  12.27   62  511.4 3702.99764 N 00210.91434 W 12 2 0 1
2020 08 30 00 56 25 27403.837   150.946 33791.301  31.10  12.27   61  511.4 3702.99765 N 00210.91431 W 12 2 0 1
2020 08 30 00 56 26 27403.814   150.917 33791.438  31.10  12.27   62  511.4 3702.99768 N 00210.91427 W 12 2 0 1
2020 08 30 00 56 27 27403.841   150.934 33791.239  31.10  12.27   61  511.5 3702.99769 N 00210.91424 W 12 2 0 1
2020 08 30 00 56 28 27403.855   150.925 33791.317  31.10  12.27   62  511.5 3702.99769 N 00210.91424 W 12 2 0 1
2020 08 30 00 56 29 27403.888   150.915 33791.403  31.10  12.27   61  511.5 3702.99769 N 00210.91425 W 12 2 0 1
2020 08 30 00 56 30 27403.925   150.919 33791.309  31.10  12.27   62  511.5 3702.99769 N 00210.91425 W 12 2 0 1
2020 08 30 00 56 31 27403.927   150.891 33791.461  31.10  12.27   61  511.5 3702.99769 N 00210.91424 W 12 2 0 1
2020 08 30 00 56 32 27403.997   150.945 33791.395  31.09  12.27   62  511.6 3702.99769 N 00210.91423 W 12 2 0 1
2020 08 30 00 56 33 27404.001   150.924 33791.372  31.09  12.27   62  511.7 3702.99768 N 00210.91423 W 12 2 0 1
2020 08 30 00 56 34 27404.005   150.932 33791.353  31.10  12.27   61  511.8 3702.99768 N 00210.91423 W 12 2 0 1
2020 08 30 00 56 35 27404.007   150.942 33791.364  31.10  12.27   62  511.8 3702.99767 N 00210.91423 W 12 2 0 1
2020 08 30 00 56 36 27404.026   150.951 33791.485  31.10  12.27   61  511.8 3702.99769 N 00210.91421 W 12 2 0 1
2020 08 30 00 56 37 27404.018   150.974 33791.349  31.10  12.27   62  511.9 3702.99770 N 00210.91421 W 12 2 0 1
2020 08 30 00 56 38 27404.079   151.026 33791.419  31.09  12.27   61  511.9 3702.99770 N 00210.91423 W 12 2 0 1
2020 08 30 00 56 39 27404.093   151.033 33791.481  31.09  12.27   62  511.9 3702.99771 N 00210.91423 W 12 2 0 1
2020 08 30 00 56 40 27404.046   151.027 33791.302  31.10  12.27   61  511.9 3702.99771 N 00210.91424 W 12 2 0 1
2020 08 30 00 56 41 27404.179   151.095 33791.528  31.09  12.27   62  512.0 3702.99771 N 00210.91424 W 12 2 0 1
2020 08 30 00 56 42 27404.251   151.148 33791.435  31.09  12.27   62  512.0 3702.99771 N 00210.91423 W 12 2 0 1
2020 08 30 00 56 43 27404.182   151.132 33791.310  31.09  12.26   63  512.1 3702.99770 N 00210.91423 W 12 2 0 1
2020 08 30 00 56 44 27404.198   151.155 33791.392  31.09  12.27   62  512.1 3702.99771 N 00210.91423 W 12 2 0 1
2020 08 30 00 56 45 27404.204   151.166 33791.338  31.09  12.27   61  512.2 3702.99772 N 00210.91419 W 12 2 0 1
2020 08 30 00 56 46 27404.212   151.201 33791.435  31.09  12.27   62  512.2 3702.99772 N 00210.91418 W 12 2 0 1
2020 08 30 00 56 47 27404.256   151.228 33791.338  31.09  12.27   61  512.3 3702.99774 N 00210.91416 W 12 2 0 1
2020 08 30 00 56 48 27404.260   151.245 33791.408  31.09  12.27   62  512.3 3702.99775 N 00210.91413 W 12 2 0 1
2020 08 30 00 56 49 27404.332   151.325 33791.342  31.09  12.27   61  512.3 3702.99775 N 00210.91411 W 12 2 0 1
2020 08 30 00 56 50 27404.182   151.275 33791.392  31.09  12.27   62  512.4 3702.99776 N 00210.91409 W 12 2 0 1
2020 08 30 00 56 51 27404.225   151.339 33791.334  31.09  12.27   61  512.3 3702.99776 N 00210.91409 W 12 2 0 1
2020 08 30 00 56 52 27404.250   151.368 33791.388  31.09  12.27   62  512.3 3702.99775 N 00210.91409 W 12 2 0 1
2020 08 30 00 56 53 27404.208   151.362 33791.466  31.09  12.27   62  512.2 3702.99774 N 00210.91408 W 12 2 0 1
2020 08 30 00 56 54 27404.147   151.366 33791.396  31.09  12.27   62  512.2 3702.99773 N 00210.91408 W 12 2 0 1
2020 08 30 00 56 55 27404.172   151.398 33791.244  31.09  12.27   62  512.2 3702.99772 N 00210.91409 W 12 2 0 1
2020 08 30 00 56 56 27404.209   151.419 33791.376  31.09  12.27   61  512.2 3702.99770 N 00210.91410 W 12 2 0 1
2020 08 30 00 56 57 27404.145   151.447 33791.384  31.09  12.27   62  512.1 3702.99770 N 00210.91408 W 12 2 0 1
2020 08 30 00 56 58 27404.151   151.471 33791.255  31.09  12.27   61  512.0 3702.99769 N 00210.91406 W 12 2 0 1
2020 08 30 00 56 59 27404.094   151.480 33791.352  31.09  12.27   62  511.9 3702.99770 N 00210.91406 W 12 2 0 1
2020 08 30 00 57 00 27404.038   151.485 33791.302  31.09  12.27   61  511.9 3702.99770 N 00210.91405 W 12 2 0 1
2020 08 30 00 57 01 27404.067   151.502 33791.341  31.09  12.27   62  511.9 3702.99770 N 00210.91405 W 12 2 0 1
2020 08 30 00 57 02 27404.030   151.519 33791.407  31.09  12.27   61  511.9 3702.99767 N 00210.91408 W 12 2 0 1
2020 08 30 00 57 03 27404.014   151.525 33791.329  31.09  12.27   62  511.8 3702.99767 N 00210.91410 W 12 2 0 1
2020 08 30 00 57 04 27403.979   151.512 33791.266  31.09  12.27   62  511.7 3702.99766 N 00210.91412 W 12 2 0 1
2020 08 30 00 57 05 27403.964   151.521 33791.403  31.09  12.27   62  511.7 3702.99765 N 00210.91414 W 12 2 0 1
2020 08 30 00 57 06 27403.938   151.522 33791.305  31.09  12.27   62  511.6 3702.99765 N 00210.91415 W 12 2 0 1
2020 08 30 00 57 07 27403.905   151.526 33791.324  31.09  12.27   61  511.7 3702.99764 N 00210.91416 W 12 2 0 1
2020 08 30 00 57 08 27403.878   151.507 33791.371  31.09  12.27   62  511.7 3702.99763 N 00210.91418 W 12 2 0 1
2020 08 30 00 57 09 27403.899   151.540 33791.180  31.09  12.27   61  511.6 3702.99762 N 00210.91420 W 12 2 0 1
2020 08 30 00 57 10 27403.872   151.536 33791.394  31.09  12.27   62  511.6 3702.99760 N 00210.91423 W 12 2 0 1
2020 08 30 00 57 11 27403.868   151.536 33791.297  31.09  12.27   61  511.6 3702.99760 N 00210.91423 W 12 2 0 1
2020 08 30 00 57 12 27403.843   151.547 33791.196  31.09  12.27   62  511.6 3702.99758 N 00210.91424 W 12 2 0 1
2020 08 30 00 57 13 27403.782   151.498 33791.285  31.09  12.27   61  511.6 3702.99756 N 00210.91426 W 12 2 0 1
2020 08 30 00 57 14 27403.806   151.519 33791.316  31.09  12.27   62  511.6 3702.99757 N 00210.91426 W 12 2 0 1
2020 08 30 00 57 15 27403.775   151.521 33791.305  31.09  12.27   62  511.6 3702.99757 N 00210.91426 W 12 2 0 1
2020 08 30 00 57 16 27403.745   151.491 33791.347  31.09  12.27   61  511.5 3702.99758 N 00210.91426 W 12 2 0 1
2020 08 30 00 57 17 27403.747   151.510 33791.195  31.09  12.27   62  511.5 3702.99759 N 00210.91427 W 12 2 0 1
2020 08 30 00 57 18 27403.726   151.509 33791.145  31.09  12.27   61  511.5 3702.99759 N 00210.91428 W 12 2 0 1
2020 08 30 00 57 19 27403.753   151.484 33791.460  31.09  12.27   62  511.5 3702.99759 N 00210.91428 W 12 2 0 1
2020 08 30 00 57 20 27403.673   151.451 33791.207  31.09  12.27   61  511.5 3702.99760 N 00210.91427 W 12 2 0 1
2020 08 30 00 57 21 27403.716   151.461 33791.242  31.09  12.27   62  511.5 3702.99759 N 00210.91428 W 12 2 0 1
2020 08 30 00 57 22 27403.673   151.430 33791.285  31.09  12.27   61  511.5 3702.99757 N 00210.91428 W 12 2 0 1
2020 08 30 00 57 23 27403.704   151.427 33791.390  31.09  12.27   62  511.5 3702.99756 N 00210.91429 W 12 2 0 1
2020 08 30 00 57 24 27403.681   151.412 33791.304  31.09  12.27   62  511.5 3702.99755 N 00210.91431 W 12 2 0 1
2020 08 30 00 57 25 27403.640   151.392 33791.183  31.09  12.27   62  511.5 3702.99756 N 00210.91431 W 12 2 0 1
2020 08 30 00 57 26 27403.654   151.376 33791.238  31.09  12.27   62  511.5 3702.99758 N 00210.91428 W 12 2 0 1
2020 08 30 00 57 27 27403.652   151.341 33791.343  31.09  12.27   62  511.5 3702.99760 N 00210.91428 W 12 2 0 1
2020 08 30 00 57 28 27403.660   151.344 33791.359  31.09  12.27   62  511.5 3702.99762 N 00210.91426 W 12 2 0 1
2020 08 30 00 57 29 27403.679   151.353 33791.320  31.09  12.27   61  511.6 3702.99764 N 00210.91424 W 12 2 0 1
2020 08 30 00 57 30 27403.607   151.283 33791.398  31.09  12.27   62  511.5 3702.99765 N 00210.91423 W 12 2 0 1
2020 08 30 00 57 31 27403.692   151.313 33790.907  31.09  12.27   61  511.5 3702.99765 N 00210.91422 W 12 2 0 1
2020 08 30 00 57 32 27403.677   151.305 33791.460  31.09  12.27   62  511.4 3702.99766 N 00210.91421 W 12 2 0 1
2020 08 30 00 57 33 27403.708   151.287 33791.258  31.09  12.27   61  511.4 3702.99768 N 00210.91420 W 12 2 0 1
2020 08 30 00 57 34 27403.665   151.241 33791.359  31.09  12.26   63  511.4 3702.99769 N 00210.91419 W 12 2 0 1
2020 08 30 00 57 35 27403.706   151.246 33791.371  31.09  12.27   61  511.5 3702.99768 N 00210.91419 W 12 2 0 1
2020 08 30 00 57 36 27403.747   151.246 33791.441  31.09  12.27   62  511.5 3702.99769 N 00210.91421 W 12 2 0 1
2020 08 30 00 57 37 27403.734   151.243 33791.328  31.09  12.27   62  511.6 3702.99768 N 00210.91423 W 12 2 0 1
2020 08 30 00 57 38 27403.733   151.220 33791.203  31.09  12.27   61  511.6 3702.99768 N 00210.91425 W 12 2 0 1
2020 08 30 00 57 39 27403.716   151.186 33791.441  31.09  12.27   62  511.6 3702.99768 N 00210.91425 W 12 2 0 1
2020 08 30 00 57 40 27403.743   151.197 33791.367  31.09  12.27   61  511.6 3702.99770 N 00210.91425 W 12 2 0 1
2020 08 30 00 57 41 27403.794   151.182 33791.394  31.09  12.27   62  511.6 3702.99771 N 00210.91424 W 12 2 0 1
2020 08 30 00 57 42 27403.775   151.153 33791.348  31.09  12.27   61  511.6 3702.99773 N 00210.91423 W 12 2 0 1
2020 08 30 00 57 43 27403.786   151.158 33791.383  31.09  12.27   62  511.6 3702.99774 N 00210.91421 W 12 2 0 1
2020 08 30 00 57 44 27403.859   151.151 33791.589  31.09  12.27   61  511.5 3702.99775 N 00210.91421 W 12 2 0 1
2020 08 30 00 57 45 27403.841   151.141 33791.293  31.09  12.27   62  511.5 3702.99776 N 00210.91421 W 12 2 0 1
2020 08 30 00 57 46 27403.866   151.097 33791.438  31.09  12.27   62  511.5 3702.99776 N 00210.91422 W 12 2 0 1
2020 08 30 00 57 47 27403.849   151.110 33791.371  31.09  12.27   62  511.5 3702.99775 N 00210.91422 W 12 2 0 1
2020 08 30 00 57 48 27403.855   151.078 33791.625  31.09  12.27   62  511.6 3702.99776 N 00210.91421 W 12 2 0 1
2020 08 30 00 57 49 27403.880   151.108 33791.286  31.09  12.27   61  511.6 3702.99777 N 00210.91421 W 12 2 0 1
2020 08 30 00 57 50 27403.900   151.087 33791.543  31.09  12.27   62  511.6 3702.99778 N 00210.91418 W 12 2 0 1
2020 08 30 00 57 51 27403.886   151.054 33791.504  31.09  12.27   61  511.5 3702.99780 N 00210.91416 W 12 2 0 1
2020 08 30 00 57 52 27403.907   151.075 33791.208  31.09  12.27   62  511.4 3702.99781 N 00210.91415 W 12 2 0 1
2020 08 30 00 57 53 27403.882   151.035 33791.555  31.09  12.27   61  511.3 3702.99783 N 00210.91412 W 12 2 0 1
2020 08 30 00 57 54 27403.904   151.027 33791.621  31.09  12.27   62  511.2 3702.99786 N 00210.91410 W 12 2 0 1
2020 08 30 00 57 55 27403.931   151.023 33791.430  31.09  12.27   62  511.0 3702.99789 N 00210.91407 W 12 2 0 1
2020 08 30 00 57 56 27403.968   151.039 33791.516  31.09  12.27   62  510.8 3702.99791 N 00210.91404 W 12 2 0 1
2020 08 30 00 57 57 27403.989   151.050 33791.586  31.09  12.27   62  510.6 3702.99793 N 00210.91401 W 12 2 0 1
2020 08 30 00 57 58 27403.952   151.023 33791.247  31.09  12.27   61  510.6 3702.99794 N 00210.91401 W 12 2 0 1
2020 08 30 00 57 59 27404.036   151.048 33791.477  31.09  12.27   62  510.5 3702.99795 N 00210.91402 W 12 2 0 1
2020 08 30 00 58 00 27403.995   151.008 33791.668  31.09  12.27   61  510.5 3702.99795 N 00210.91402 W 12 2 0 1
2020 08 30 00 58 01 27404.067   151.083 33791.306  31.09  12.27   62  510.4 3702.99796 N 00210.91400 W 12 2 0 1
2020 08 30 00 58 02 27404.019   151.053 33791.442  31.09  12.27   61  510.4 3702.99797 N 00210.91399 W 12 2 0 1
2020 08 30 00 58 03 27404.064   151.076 33791.551  31.09  12.27   62  510.4 3702.99798 N 00210.91399 W 12 2 0 1
2020 08 30 00 58 04 27404.023   151.083 33791.516  31.09  12.27   61  510.3 3702.99799 N 00210.91400 W 12 2 0 1
2020 08 30 00 58 05 27404.093   151.125 33791.493  31.09  12.27   62  510.4 3702.99798 N 00210.91402 W 12 2 0 1
2020 08 30 00 58 06 27404.079   151.104 33791.509  31.09  12.27   62  510.3 3702.99796 N 00210.91404 W 12 2 0 1
2020 08 30 00 58 07 27404.052   151.113 33791.540  31.09  12.26   62  510.4 3702.99794 N 00210.91406 W 12 2 0 1
2020 08 30 00 58 08 27404.120   151.165 33791.571  31.09  12.27   62  510.4 3702.99793 N 00210.91407 W 12 2 0 1
2020 08 30 00 58 09 27404.116   151.161 33791.450  31.09  12.27   61  510.4 3702.99795 N 00210.91407 W 12 2 0 1
2020 08 30 00 58 10 27404.128   151.172 33791.633  31.09  12.26   62  510.4 3702.99795 N 00210.91411 W 12 2 0 1
2020 08 30 00 58 11 27404.132   151.213 33791.629  31.09  12.27   62  510.3 3702.99796 N 00210.91411 W 12 2 0 1
2020 08 30 00 58 12 27404.131   151.242 33791.368  31.09  12.27   62  510.2 3702.99797 N 00210.91409 W 12 2 0 1
2020 08 30 00 58 13 27404.145   151.271 33791.446  31.09  12.27   61  510.1 3702.99797 N 00210.91409 W 12 2 0 1
2020 08 30 00 58 14 27404.077   151.263 33791.536  31.09  12.27   62  510.0 3702.99798 N 00210.91409 W 12 2 0 1
2020 08 30 00 58 15 27404.145   151.296 33791.587  31.09  12.27   61  510.1 3702.99798 N 00210.91410 W 12 2 0 1
2020 08 30 00 58 16 27404.136   151.327 33791.454  31.09  12.27   62  510.1 3702.99798 N 00210.91410 W 12 2 0 1
2020 08 30 00 58 17 27404.112   151.340 33791.633  31.09  12.27   62  510.1 3702.99799 N 00210.91408 W 12 2 0 1
2020 08 30 00 58 18 27404.116   151.374 33791.505  31.09  12.27   62  510.1 3702.99802 N 00210.91407 W 12 2 0 1
2020 08 30 00 58 19 27404.085   151.377 33791.551  31.09  12.27   62  510.1 3702.99804 N 00210.91405 W 12 2 0 1
2020 08 30 00 58 20 27404.060   151.403 33791.489  31.09  12.27   61  510.1 3702.99805 N 00210.91405 W 12 2 0 1
2020 08 30 00 58 21 27404.075   151.405 33791.539  31.09  12.27   62  510.0 3702.99806 N 00210.91404 W 12 2 0 1
2020 08 30 00 58 22 27404.050   151.443 33791.337  31.09  12.27   61  510.0 3702.99808 N 00210.91403 W 12 2 0 1
2020 08 30 00 58 23 27404.056   151.463 33791.481  31.09  12.27   62  509.9 3702.99811 N 00210.91403 W 12 2 0 1
2020 08 30 00 58 24 27404.044   151.478 33791.387  31.09  12.27   61  509.8 3702.99812 N 00210.91402 W 12 2 0 1
2020 08 30 00 58 25 27403.993   151.454 33791.590  31.09  12.26   63  509.8 3702.99813 N 00210.91401 W 12 2 0 1
2020 08 30 00 58 26 27403.917   151.444 33791.406  31.09  12.27   61  509.8 3702.99814 N 00210.91401 W 12 2 0 1
2020 08 30 00 58 27 27403.939   151.489 33791.465  31.09  12.27   62  509.9 3702.99813 N 00210.91401 W 12 2 0 1
2020 08 30 00 58 28 27403.912   151.479 33791.652  31.09  12.27   62  509.9 3702.99814 N 00210.91400 W 12 2 0 1
2020 08 30 00 58 29 27403.823   151.433 33791.355  31.09  12.27   62  510.0 3702.99814 N 00210.91400 W 12 2 0 1
2020 08 30 00 58 30 27403.876   151.461 33791.527  31.09  12.27   62  510.0 3702.99813 N 00210.91400 W 12 2 0 1
2020 08 30 00 58 31 27403.808   151.455 33791.227  31.09  12.27   61  510.0 3702.99812 N 00210.91399 W 12 2 0 1
2020 08 30 00 58 32 27403.763   151.442 33791.453  31.09  12.27   62  510.0 3702.99811 N 00210.91398 W 12 2 0 1
2020 08 30 00 58 33 27403.740   151.426 33791.480  31.09  12.27   61  510.0 3702.99810 N 00210.91399 W 12 2 0 1
2020 08 30 00 58 34 27403.715   151.410 33791.561  31.09  12.27   62  510.0 3702.99810 N 00210.91398 W 12 2 0 1
2020 08 30 00 58 35 27403.667   151.399 33791.378  31.09  12.27   61  510.0 3702.99808 N 00210.91400 W 12 2 0 1
2020 08 30 00 58 36 27403.695   151.369 33791.406  31.09  12.27   62  510.0 3702.99806 N 00210.91401 W 12 2 0 1
2020 08 30 00 58 37 27403.704   151.392 33791.343  31.09  12.27   62  510.0 3702.99805 N 00210.91403 W 12 2 0 1
2020 08 30 00 58 38 27403.693   151.349 33791.433  31.09  12.27   62  510.0 3702.99803 N 00210.91404 W 12 2 0 1
2020 08 30 00 58 39 27403.695   151.325 33791.569  31.09  12.27   62  510.0 3702.99800 N 00210.91406 W 12 2 0 1
2020 08 30 00 58 40 27403.712   151.368 33791.347  31.09  12.27   61  510.0 3702.99797 N 00210.91406 W 12 2 0 1
2020 08 30 00 58 41 27403.687   151.332 33791.448  31.09  12.27   62  510.1 3702.99795 N 00210.91406 W 12 2 0 1
2020 08 30 00 58 42 27403.739   151.377 33791.184  31.09  12.27   61  510.1 3702.99794 N 00210.91406 W 12 2 0 1
2020 08 30 00 58 43 27403.764   151.363 33791.718  31.09  12.27   62  510.2 3702.99792 N 00210.91406 W 12 2 0 1
2020 08 30 00 58 44 27403.810   151.393 33791.320  31.09  12.27   61  510.2 3702.99792 N 00210.91405 W 12 2 0 1
2020 08 30 00 58 45 27403.759   151.382 33791.616  31.09  12.27   62  510.3 3702.99792 N 00210.91406 W 12 2 0 1
2020 08 30 00 58 46 27403.771   151.374 33791.223  31.09  12.27   61  510.2 3702.99792 N 00210.91406 W 12 2 0 1
2020 08 30 00 58 47 27403.781   151.385 33791.464  31.09  12.27   62  510.3 3702.99791 N 00210.91408 W 12 2 0 1
2020 08 30 00 58 48 27403.724   151.341 33791.515  31.09  12.27   62  510.3 3702.99790 N 00210.91413 W 12 2 0 1
2020 08 30 00 58 49 27403.744   151.324 33791.663  31.09  12.27   62  510.4 3702.99790 N 00210.91414 W 12 2 0 1
2020 08 30 00 58 50 27403.646   151.306 33791.363  31.09  12.27   62  510.4 3702.99791 N 00210.91416 W 12 2 0 1
2020 08 30 00 58 51 27403.717   151.319 33791.651  31.09  12.27   61  510.5 3702.99791 N 00210.91418 W 12 2 0 1
2020 08 30 00 58 52 27403.667   151.304 33791.386  31.09  12.27   62  510.6 3702.99790 N 00210.91421 W 12 2 0 1
2020 08 30 00 58 53 27403.740   151.323 33791.386  31.09  12.27   61  510.6 3702.99791 N 00210.91422 W 12 2 0 1
2020 08 30 00 58 54 27403.728   151.284 33791.456  31.09  12.27   62  510.6 3702.99791 N 00210.91423 W 12 2 0 1
2020 08 30 00 58 55 27403.759   151.277 33791.593  31.09  12.27   61  510.6 3702.99789 N 00210.91424 W 12 2 0 1
2020 08 30 00 58 56 27403.740   151.284 33791.398  31.09  12.27   62  510.7 3702.99788 N 00210.91425 W 12 2 0 1
2020 08 30 00 58 57 27403.715   151.251 33791.573  31.09  12.27   61  510.7 3702.99788 N 00210.91428 W 12 2 0 1
2020 08 30 00 58 58 27403.767   151.267 33791.457  31.09  12.26   62  510.7 3702.99787 N 00210.91432 W 12 2 0 1
2020 08 30 00 58 59 27403.743   151.264 33791.273  31.09  12.27   62  510.6 3702.99787 N 00210.91435 W 12 2 0 1
2020 08 30 00 59 00 27403.758   151.247 33791.784  31.09  12.27   62  510.6 3702.99787 N 00210.91438 W 12 2 0 1
2020 08 30 00 59 01 27403.765   151.251 33791.324  31.09  12.27   62  510.6 3702.99787 N 00210.91440 W 12 2 0 1
2020 08 30 00 59 02 27403.826   151.267 33791.496  31.09  12.27   61  510.6 3702.99786 N 00210.91443 W 12 2 0 1
2020 08 30 00 59 03 27403.777   151.222 33791.496  31.09  12.27   62  510.6 3702.99787 N 00210.91446 W 12 2 0 1
2020 08 30 00 59 04 27403.855   151.235 33791.488  31.09  12.27   61  510.7 3702.99787 N 00210.91448 W 12 2 0 1
2020 08 30 00 59 05 27403.847   151.229 33791.480  31.09  12.26   62  510.7 3702.99789 N 00210.91449 W 12 2 0 1
2020 08 30 00 59 06 27403.860   151.239 33791.379  31.09  12.27   61  510.7 3702.99792 N 00210.91448 W 12 2 0 1
2020 08 30 00 59 07 27403.896   151.224 33791.656  31.09  12.27   62  510.6 3702.99795 N 00210.91446 W 12 2 0 1
2020 08 30 00 59 08 27403.919   151.246 33791.520  31.09  12.27   61  510.6 3702.99797 N 00210.91445 W 12 2 0 1
2020 08 30 00 59 09 27403.886   151.212 33791.403  31.09  12.26   62  510.7 3702.99799 N 00210.91445 W 12 2 0 1
2020 08 30 00 59 10 27403.944   151.245 33791.434  31.09  12.27   62  510.6 3702.99803 N 00210.91444 W 12 2 0 1
2020 08 30 00 59 11 27403.925   151.235 33791.710  31.09  12.27   62  510.7 3702.99805 N 00210.91444 W 12 2 0 1
2020 08 30 00 59 12 27403.960   151.239 33791.434  31.09  12.27   62  510.7 3702.99807 N 00210.91443 W 12 2 0 1
2020 08 30 00 59 13 27404.007   151.270 33791.711  31.09  12.27   61  510.8 3702.99809 N 00210.91444 W 12 2 0 1
2020 08 30 00 59 14 27404.024   151.286 33791.399  31.09  12.27   62  510.8 3702.99810 N 00210.91445 W 12 2 0 1
2020 08 30 00 59 15 27403.989   151.274 33791.473  31.09  12.27   61  510.8 3702.99812 N 00210.91447 W 12 2 0 1
2020 08 30 00 59 16 27404.009   151.261 33791.668  31.09  12.27   62  510.8 3702.99813 N 00210.91447 W 12 2 0 1
2020 08 30 00 59 17 27403.983   151.239 33791.489  31.09  12.27   61  510.8 3702.99814 N 00210.91449 W 12 2 0 1
2020 08 30 00 59 18 27404.007   151.271 33791.403  31.09  12.26   62  510.7 3702.99815 N 00210.91449 W 12 2 0 1
2020 08 30 00 59 19 27403.974   151.238 33791.796  31.09  12.27   62  510.7 3702.99815 N 00210.91448 W 12 2 0 1
2020 08 30 00 59 20 27403.972   151.252 33791.368  31.09  12.27   62  510.8 3702.99816 N 00210.91447 W 12 2 0 1
2020 08 30 00 59 21 27403.962   151.244 33791.496  31.09  12.27   62  510.9 3702.99815 N 00210.91446 W 12 2 0 1
2020 08 30 00 59 22 27404.035   151.260 33791.855  31.09  12.27   61  511.0 3702.99812 N 00210.91444 W 12 2 0 1
2020 08 30 00 59 23 27403.900   151.203 33791.410  31.09  12.26   62  511.0 3702.99811 N 00210.91444 W 12 2 0 1
2020 08 30 00 59 24 27403.943   151.212 33791.734  31.09  12.27   62  511.1 3702.99809 N 00210.91445 W 12 2 0 1
2020 08 30 00 59 25 27403.960   151.221 33791.524  31.09  12.27   62  511.1 3702.99806 N 00210.91445 W 12 2 0 1
2020 08 30 00 59 26 27403.655   151.126 33790.697  31.09  12.27   61  511.1 3702.99803 N 00210.91445 W 12 2 0 1
2020 08 30 00 59 27 27404.143   151.279 33792.374  31.09  12.27   62  511.2 3702.99799 N 00210.91445 W 12 2 0 1
2020 08 30 00 59 28 27403.947   151.224 33791.765  31.09  12.27   61  511.3 3702.99796 N 00210.91446 W 12 2 0 1
2020 08 30 00 59 29 27403.882   151.185 33791.582  31.09  12.26   63  511.4 3702.99793 N 00210.91448 W 12 2 0 1
2020 08 30 00 59 30 27403.831   151.174 33791.449  31.09  12.26   62  511.5 3702.99790 N 00210.91447 W 12 2 0 1
2020 08 30 00 59 31 27403.867   151.168 33791.815  31.09  12.27   62  511.6 3702.99785 N 00210.91448 W 12 2 0 1
2020 08 30 00 59 32 27403.876   151.189 33791.492  31.09  12.27   62  511.7 3702.99783 N 00210.91450 W 12 2 0 1
2020 08 30 00 59 33 27403.857   151.147 33791.539  31.09  12.27   61  511.8 3702.99780 N 00210.91450 W 12 2 0 1
2020 08 30 00 59 34 27403.802   151.126 33791.694  31.09  12.27   62  511.8 3702.99777 N 00210.91447 W 12 2 0 1
2020 08 30 00 59 35 27403.900   151.144 33791.570  31.09  12.27   61  511.7 3702.99775 N 00210.91445 W 12 2 0 1
2020 08 30 00 59 36 27403.874   151.121 33791.449  31.09  12.26   62  511.7 3702.99774 N 00210.91444 W 12 2 0 1
2020 08 30 00 59 37 27403.869   151.097 33791.734  31.09  12.27   61  511.8 3702.99771 N 00210.91447 W 12 2 0 1
2020 08 30 00 59 38 27403.875   151.084 33791.781  31.09  12.26   62  511.9 3702.99770 N 00210.91446 W 12 2 0 1
2020 08 30 00 59 39 27403.894   151.100 33791.621  31.09  12.27   61  512.0 3702.99769 N 00210.91446 W 12 2 0 1
2020 08 30 00 59 40 27403.907   151.128 33791.469  31.09  12.27   62  512.1 3702.99768 N 00210.91444 W 12 2 0 1
2020 08 30 00 59 41 27403.896   151.102 33791.644  31.09  12.27   62  512.2 3702.99767 N 00210.91444 W 12 2 0 1
2020 08 30 00 59 42 27403.869   151.116 33791.648  31.09  12.27   62  512.2 3702.99764 N 00210.91446 W 12 2 0 1
2020 08 30 00 59 43 27403.908   151.112 33791.796  31.09  12.27   62  512.2 3702.99762 N 00210.91447 W 12 2 0 1
2020 08 30 00 59 44 27403.892   151.115 33791.508  31.09  12.27   61  512.1 3702.99760 N 00210.91448 W 12 2 0 1
2020 08 30 00 59 45 27403.890   151.116 33791.590  31.09  12.27   62  512.0 3702.99758 N 00210.91449 W 12 2 0 1
2020 08 30 00 59 46 27403.929   151.138 33791.648  31.09  12.27   61  512.1 3702.99755 N 00210.91450 W 12 2 0 1
2020 08 30 00 59 47 27403.838   151.091 33791.687  31.09  12.27   62  512.1 3702.99753 N 00210.91452 W 12 2 0 1
2020 08 30 00 59 48 27403.865   151.108 33791.901  31.09  12.27   61  512.1 3702.99750 N 00210.91454 W 12 2 0 1
2020 08 30 00 59 49 27403.828   151.090 33791.609  31.09  12.27   62  512.2 3702.99748 N 00210.91453 W 12 2 0 1
2020 08 30 00 59 50 27403.836   151.087 33791.695  31.09  12.27   61  512.2 3702.99745 N 00210.91454 W 12 2 0 1
2020 08 30 00 59 51 27403.880   151.119 33791.231  31.09  12.27   62  512.2 3702.99743 N 00210.91455 W 12 2 0 1
2020 08 30 00 59 52 27403.791   151.040 33791.952  31.09  12.27   62  512.2 3702.99741 N 00210.91456 W 12 2 0 1
2020 08 30 00 59 53 27403.900   151.088 33791.714  31.09  12.27   62  512.2 3702.99740 N 00210.91457 W 12 2 0 1
2020 08 30 00 59 54 27403.802   151.045 33791.698  31.09  12.27   62  512.2 3702.99740 N 00210.91458 W 12 2 0 1
2020 08 30 00 59 55 27403.855   151.030 33791.703  31.09  12.27   61  512.2 3702.99739 N 00210.91458 W 12 2 0 1
2020 08 30 00 59 56 27403.857   151.044 33791.742  31.09  12.26   62  512.2 3702.99739 N 00210.91457 W 12 2 0 1
2020 08 30 00 59 57 27403.832   151.038 33791.617  31.09  12.27   61  512.2 3702.99739 N 00210.91456 W 12 2 0 1
2020 08 30 00 59 58 27403.877   151.032 33791.734  31.09  12.27   62  512.1 3702.99739 N 00210.91456 W 12 2 0 1
2020 08 30 00 59 59 27403.867   151.036 33791.648  31.09  12.27   61  512.1 3702.99738 N 00210.91457 W 12 2 0 1
2020 08 30 01 00 00 27403.888   151.051 33791.753  31.09  12.27   62  512.1 3702.99737 N 00210.91458 W 12 2 0 1
2020 08 30 01 00 01 27403.939   151.050 33791.769  31.09  12.27   62  512.2 3702.99737 N 00210.91457 W 12 2 0 1
2020 08 30 01 00 02 27403.896   151.033 33791.757  31.09  12.27   62  512.2 3702.99735 N 00210.91457 W 12 2 0 1
2020 08 30 01 00 03 27403.959   151.055 33791.874  31.09  12.27   62  512.2 3702.99733 N 00210.91457 W 12 2 0 1
2020 08 30 01 00 04 27403.909   151.061 33791.551  31.09  12.27   61  512.1 3702.99732 N 00210.91457 W 12 2 0 1
2020 08 30 01 00 05 27403.923   151.048 33791.738  31.09  12.27   62  512.0 3702.99733 N 00210.91458 W 12 2 0 1
2020 08 30 01 00 06 27403.912   151.071 33791.691  31.09  12.27   61  512.0 3702.99735 N 00210.91457 W 12 2 0 1
2020 08 30 01 00 07 27403.877   151.064 33791.668  31.09  12.27   62  512.0 3702.99738 N 00210.91457 W 12 2 0 1
2020 08 30 01 00 08 27403.871   151.059 33791.722  31.09  12.27   62  512.0 3702.99739 N 00210.91456 W 12 2 0 1
2020 08 30 01 00 09 27403.919   151.090 33791.617  31.09  12.27   62  512.0 3702.99739 N 00210.91455 W 12 2 0 1
2020 08 30 01 00 10 27403.890   151.067 33791.718  31.09  12.27   61  512.0 3702.99739 N 00210.91454 W 12 2 0 1
2020 08 30 01 00 11 27403.861   151.050 33791.710  31.09  12.27   62  512.0 3702.99739 N 00210.91455 W 12 2 0 1
2020 08 30 01 00 12 27403.900   151.069 33791.757  31.09  12.27   62  512.0 3702.99739 N 00210.91456 W 12 2 0 1
2020 08 30 01 00 13 27403.865   151.074 33791.843  31.09  12.27   62  512.0 3702.99739 N 00210.91458 W 12 2 0 1
2020 08 30 01 00 14 27403.878   151.120 33791.593  31.09  12.27   62  512.0 3702.99738 N 00210.91458 W 12 2 0 1
2020 08 30 01 00 15 27403.855   151.107 33791.718  31.09  12.27   61  512.0 3702.99738 N 00210.91458 W 12 2 0 1
2020 08 30 01 00 16 27403.894   151.111 33791.792  31.09  12.27   62  512.0 3702.99740 N 00210.91457 W 12 2 0 1
2020 08 30 01 00 17 27404.216   151.342 33790.402  31.09  12.27   61  512.0 3702.99741 N 00210.91456 W 12 2 0 1
2020 08 30 01 00 18 27403.691   151.017 33792.633  31.09  12.27   62  512.1 3702.99742 N 00210.91456 W 12 2 0 1
2020 08 30 01 00 19 27403.818   151.126 33791.726  31.09  12.27   61  512.1 3702.99743 N 00210.91457 W 12 2 0 1
2020 08 30 01 00 20 27403.830   151.135 33791.897  31.09  12.27   62  512.1 3702.99746 N 00210.91458 W 12 2 0 1
2020 08 30 01 00 21 27403.828   151.147 33791.702  31.09  12.27   61  512.0 3702.99749 N 00210.91457 W 12 2 0 1
2020 08 30 01 00 22 27403.845   151.154 33791.679  31.09  12.26   62  512.1 3702.99750 N 00210.91458 W 12 2 0 1
2020 08 30 01 00 23 27403.894   151.213 33791.558  31.09  12.27   62  512.0 3702.99753 N 00210.91456 W 12 2 0 1
2020 08 30 01 00 24 27403.900   151.232 33791.757  31.09  12.27   62  511.9 3702.99756 N 00210.91455 W 12 2 0 1
2020 08 30 01 00 25 27403.914   151.230 33791.691  31.09  12.27   62  511.8 3702.99757 N 00210.91453 W 12 2 0 1
2020 08 30 01 00 26 27403.897   151.217 33792.108  31.09  12.27   62  511.8 3702.99760 N 00210.91451 W 12 2 0 1
2020 08 30 01 00 27 27403.923   151.293 33791.629  31.09  12.27   62  511.7 3702.99762 N 00210.91450 W 12 2 0 1
2020 08 30 01 00 28 27403.868   151.278 33791.340  31.09  12.27   61  511.6 3702.99764 N 00210.91449 W 12 2 0 1
2020 08 30 01 00 29 27403.883   151.277 33792.057  31.09  12.26   62  511.6 3702.99766 N 00210.91449 W 12 2 0 1
2020 08 30 01 00 30 27403.873   151.319 33791.597  31.09  12.27   61  511.5 3702.99767 N 00210.91451 W 12 2 0 1
2020 08 30 01 00 31 27403.939   151.355 33791.738  31.09  12.27   62  511.5 3702.99767 N 00210.91453 W 12 2 0 1
2020 08 30 01 00 32 27403.872   151.344 33791.441  31.09  12.27   61  511.4 3702.99766 N 00210.91455 W 12 2 0 1
2020 08 30 01 00 33 27403.861   151.341 33791.667  31.09  12.26   62  511.4 3702.99765 N 00210.91457 W 12 2 0 1
2020 08 30 01 00 34 27403.869   151.346 33791.858  31.09  12.27   62  511.3 3702.99765 N 00210.91456 W 12 2 0 1
2020 08 30 01 00 35 27403.824   151.346 33791.616  31.09  12.27   61  511.3 3702.99765 N 00210.91457 W 12 2 0 1
2020 08 30 01 00 36 27403.917   151.412 33791.574  31.09  12.26   62  511.4 3702.99766 N 00210.91456 W 12 2 0 1
2020 08 30 01 00 37 27403.814   151.361 33791.745  31.09  12.27   61  511.4 3702.99765 N 00210.91454 W 12 2 0 1
2020 08 30 01 00 38 27403.880   151.422 33791.519  31.09  12.27   62  511.4 3702.99765 N 00210.91452 W 12 2 0 1
2020 08 30 01 00 39 27403.802   151.392 33791.531  31.09  12.27   61  511.5 3702.99765 N 00210.91449 W 12 2 0 1
2020 08 30 01 00 40 27403.820   151.400 33791.616  31.09  12.27   62  511.6 3702.99765 N 00210.91446 W 12 2 0 1
2020 08 30 01 00 41 27403.789   151.384 33791.671  31.09  12.27   61  511.6 3702.99764 N 00210.91444 W 12 2 0 1
2020 08 30 01 00 42 27403.779   151.405 33791.585  31.09  12.27   62  511.6 3702.99765 N 00210.91441 W 12 2 0 1
2020 08 30 01 00 43 27403.833   151.441 33791.539  31.09  12.27   62  511.6 3702.99764 N 00210.91440 W 12 2 0 1
2020 08 30 01 00 44 27403.804   151.457 33791.542  31.09  12.27   62  511.6 3702.99765 N 00210.91438 W 12 2 0 1
2020 08 30 01 00 45 27403.822   151.473 33791.671  31.09  12.27   62  511.6 3702.99765 N 00210.91435 W 12 2 0 1
2020 08 30 01 00 46 27403.709   151.400 33791.655  31.09  12.27   62  511.6 3702.99766 N 00210.91434 W 12 2 0 1
2020 08 30 01 00 47 27403.744   151.425 33791.959  31.09  12.27   62  511.6 3702.99767 N 00210.91432 W 12 2 0 1
2020 08 30 01 00 48 27403.734   151.435 33791.542  31.09  12.27   61  511.6 3702.99767 N 00210.91432 W 12 2 0 1
2020 08 30 01 00 49 27403.798   151.484 33791.496  31.09  12.26   63  511.6 3702.99767 N 00210.91432 W 12 2 0 1
2020 08 30 01 00 50 27403.798   151.502 33791.223  31.09  12.27   62  511.6 3702.99766 N 00210.91431 W 12 2 0 1
2020 08 30 01 00 51 27403.797   151.517 33790.615  31.09  12.27   62  511.6 3702.99765 N 00210.91431 W 12 2 0 1
2020 08 30 01 00 52 27403.642   151.365 33792.368  31.09  12.27   61  511.5 3702.99763 N 00210.91431 W 12 2 0 1
2020 08 30 01 00 53 27403.649   151.383 33792.169  31.09  12.27   62  511.4 3702.99762 N 00210.91430 W 12 2 0 1
2020 08 30 01 00 54 27403.691   151.420 33791.647  31.09  12.27   62  511.4 3702.99759 N 00210.91429 W 12 2 0 1
2020 08 30 01 00 55 27403.649   151.438 33791.063  31.09  12.27   62  511.4 3702.99758 N 00210.91428 W 12 2 0 1
2020 08 30 01 00 56 27403.683   151.385 33792.274  31.09  12.27   62  511.4 3702.99757 N 00210.91428 W 12 2 0 1
2020 08 30 01 00 57 27403.689   151.421 33791.390  31.09  12.27   61  511.4 3702.99757 N 00210.91427 W 12 2 0 1
2020 08 30 01 00 58 27403.656   151.415 33791.437  31.09  12.27   62  511.5 3702.99756 N 00210.91426 W 12 2 0 1
2020 08 30 01 00 59 27403.539   151.371 33791.483  31.09  12.27   62  511.5 3702.99756 N 00210.91425 W 12 2 0 1
2020 08 30 01 01 00 27403.663   151.424 33791.300  31.09  12.27   62  511.6 3702.99756 N 00210.91424 W 12 2 0 1
2020 08 30 01 01 01 27403.721   151.401 33792.146  31.09  12.27   61  511.6 3702.99756 N 00210.91422 W 12 2 0 1
2020 08 30 01 01 02 27403.606   151.381 33791.756  31.09  12.26   62  511.6 3702.99757 N 00210.91420 W 12 2 0 1
2020 08 30 01 01 03 27403.562   151.356 33791.588  31.09  12.27   61  511.6 3702.99756 N 00210.91420 W 12 2 0 1
2020 08 30 01 01 04 27403.584   151.342 33791.717  31.09  12.27   62  511.6 3702.99758 N 00210.91419 W 12 2 0 1
2020 08 30 01 01 05 27403.644   151.374 33791.495  31.09  12.27   62  511.6 3702.99759 N 00210.91419 W 12 2 0 1
2020 08 30 01 01 06 27403.639   151.367 33791.857  31.09  12.27   62  511.5 3702.99761 N 00210.91420 W 12 2 0 1
2020 08 30 01 01 07 27403.679   151.391 33791.472  31.09  12.27   62  511.5 3702.99763 N 00210.91422 W 12 2 0 1
2020 08 30 01 01 08 27403.574   151.344 33791.538  31.09  12.27   61  511.5 3702.99765 N 00210.91422 W 12 2 0 1
2020 08 30 01 01 09 27403.658   151.393 33791.628  31.09  12.26   62  511.5 3702.99766 N 00210.91424 W 12 2 0 1
2020 08 30 01 01 10 27403.627   151.346 33791.717  31.09  12.27   61  511.5 3702.99766 N 00210.91427 W 12 2 0 1
2020 08 30 01 01 11 27403.625   151.347 33791.534  31.09  12.27   62  511.5 3702.99767 N 00210.91428 W 12 2 0 1
2020 08 30 01 01 12 27403.627   151.340 33791.752  31.09  12.27   61  511.5 3702.99767 N 00210.91430 W 12 2 0 1
2020 08 30 01 01 13 27403.677   151.349 33791.495  31.09  12.27   62  511.5 3702.99768 N 00210.91432 W 12 2 0 1
2020 08 30 01 01 14 27403.625   151.306 33791.686  31.09  12.27   61  511.5 3702.99769 N 00210.91432 W 12 2 0 1
2020 08 30 01 01 15 27403.584   151.274 33791.701  31.09  12.27   62  511.5 3702.99770 N 00210.91431 W 12 2 0 1
2020 08 30 01 01 16 27403.600   151.277 33791.616  31.09  12.27   62  511.5 3702.99772 N 00210.91428 W 12 2 0 1
2020 08 30 01 01 17 27403.627   151.299 33791.429  31.09  12.27   61  511.5 3702.99774 N 00210.91426 W 12 2 0 1
2020 08 30 01 01 18 27403.590   151.251 33791.666  31.09  12.27   62  511.5 3702.99775 N 00210.91425 W 12 2 0 1
2020 08 30 01 01 19 27403.615   151.249 33791.359  31.09  12.27   62  511.5 3702.99777 N 00210.91422 W 12 2 0 1
2020 08 30 01 01 20 27403.565   151.209 33791.686  31.09  12.27   62  511.5 3702.99781 N 00210.91419 W 12 2 0 1
2020 08 30 01 01 21 27403.643   151.209 33792.080  31.09  12.27   61  511.5 3702.99783 N 00210.91417 W 12 2 0 1
2020 08 30 01 01 22 27403.635   151.209 33791.511  31.09  12.27   62  511.5 3702.99784 N 00210.91418 W 12 2 0 1
2020 08 30 01 01 23 27403.567   151.159 33791.659  31.09  12.27   61  511.4 3702.99787 N 00210.91416 W 12 2 0 1
2020 08 30 01 01 24 27403.580   151.161 33791.775  31.09  12.27   62  511.4 3702.99790 N 00210.91414 W 12 2 0 1
2020 08 30 01 01 25 27403.586   151.146 33791.643  31.09  12.27   62  511.3 3702.99793 N 00210.91414 W 12 2 0 1
2020 08 30 01 01 26 27403.670   151.155 33791.749  31.09  12.26   62  511.3 3702.99796 N 00210.91414 W 12 2 0 1
2020 08 30 01 01 27 27403.639   151.124 33791.900  31.09  12.27   62  511.3 3702.99798 N 00210.91416 W 12 2 0 1
2020 08 30 01 01 28 27403.672   151.130 33791.577  31.09  12.27   61  511.2 3702.99798 N 00210.91417 W 12 2 0 1
2020 08 30 01 01 29 27403.688   151.117 33791.830  31.09  12.27   62  511.2 3702.99799 N 00210.91418 W 12 2 0 1
2020 08 30 01 01 30 27403.691   151.111 33791.367  31.09  12.27   61  511.2 3702.99801 N 00210.91419 W 12 2 0 1
2020 08 30 01 01 31 27403.727   151.105 33791.760  31.09  12.27   62  511.1 3702.99804 N 00210.91420 W 12 2 0 1
2020 08 30 01 01 32 27403.724   151.122 33791.655  31.09  12.27   61  511.0 3702.99805 N 00210.91422 W 12 2 0 1
2020 08 30 01 01 33 27403.746   151.131 33791.636  31.09  12.27   62  511.1 3702.99805 N 00210.91426 W 12 2 0 1
2020 08 30 01 01 34 27403.707   151.098 33791.675  31.09  12.27   61  511.1 3702.99806 N 00210.91427 W 12 2 0 1
2020 08 30 01 01 35 27403.756   151.119 33791.901  31.09  12.26   62  511.1 3702.99805 N 00210.91428 W 12 2 0 1
2020 08 30 01 01 36 27403.781   151.105 33791.535  31.09  12.27   62  511.1 3702.99804 N 00210.91429 W 12 2 0 1
2020 08 30 01 01 37 27403.742   151.096 33791.893  31.09  12.27   62  511.1 3702.99802 N 00210.91430 W 12 2 0 1
2020 08 30 01 01 38 27403.752   151.109 33791.535  31.09  12.27   62  511.1 3702.99801 N 00210.91431 W 12 2 0 1
2020 08 30 01 01 39 27403.787   151.122 33791.963  31.09  12.27   62  511.0 3702.99801 N 00210.91431 W 12 2 0 1
2020 08 30 01 01 40 27403.746   151.116 33791.624  31.09  12.27   62  510.9 3702.99801 N 00210.91431 W 12 2 0 1
2020 08 30 01 01 41 27403.788   151.104 33792.092  31.09  12.27   61  510.9 3702.99802 N 00210.91432 W 12 2 0 1
2020 08 30 01 01 42 27403.769   151.138 33791.305  31.09  12.27   62  510.8 3702.99801 N 00210.91432 W 12 2 0 1
2020 08 30 01 01 43 27403.724   151.114 33791.542  31.09  12.27   61  510.8 3702.99799 N 00210.91434 W 12 2 0 1
2020 08 30 01 01 44 27403.795   151.132 33792.068  31.09  12.26   62  510.8 3702.99799 N 00210.91436 W 12 2 0 1
2020 08 30 01 01 45 27403.838   151.140 33791.897  31.09  12.27   61  510.8 3702.99796 N 00210.91441 W 12 2 0 1
2020 08 30 01 01 46 27403.781   151.141 33791.784  31.09  12.27   62  510.8 3702.99792 N 00210.91445 W 12 2 0 1
2020 08 30 01 01 47 27403.769   151.148 33791.422  31.09  12.27   62  510.9 3702.99790 N 00210.91449 W 12 2 0 1
2020 08 30 01 01 48 27403.762   151.134 33791.733  31.09  12.27   62  511.0 3702.99788 N 00210.91452 W 12 2 0 1
2020 08 30 01 01 49 27403.789   151.169 33791.737  31.09  12.27   62  511.1 3702.99785 N 00210.91455 W 12 2 0 1
2020 08 30 01 01 50 27403.740   151.146 33791.749  31.09  12.27   61  511.2 3702.99783 N 00210.91457 W 12 2 0 1
2020 08 30 01 01 51 27403.760   151.134 33791.998  31.09  12.26   62  511.3 3702.99781 N 00210.91459 W 12 2 0 1
2020 08 30 01 01 52 27403.766   151.149 33792.014  31.09  12.27   61  511.3 3702.99780 N 00210.91460 W 12 2 0 1
2020 08 30 01 01 53 27403.730   151.154 33791.768  31.09  12.27   62  511.4 3702.99778 N 00210.91462 W 12 2 0 1
2020 08 30 01 01 54 27403.738   151.166 33791.757  31.09  12.27   61  511.5 3702.99779 N 00210.91463 W 12 2 0 1
2020 08 30 01 01 55 27403.748   151.180 33791.636  31.09  12.27   62  511.6 3702.99779 N 00210.91465 W 12 2 0 1
2020 08 30 01 01 56 27403.730   151.188 33791.718  31.09  12.27   61  511.6 3702.99779 N 00210.91465 W 12 2 0 1
2020 08 30 01 01 57 27403.793   151.220 33791.877  31.09  12.27   62  511.5 3702.99781 N 00210.91465 W 12 2 0 1
2020 08 30 01 01 58 27403.720   151.203 33791.390  31.09  12.27   62  511.5 3702.99781 N 00210.91464 W 12 2 0 1
2020 08 30 01 01 59 27403.824   151.239 33791.765  31.09  12.27   62  511.5 3702.99780 N 00210.91463 W 12 2 0 1
2020 08 30 01 02 00 27403.668   151.185 33791.920  31.09  12.26   62  511.4 3702.99779 N 00210.91462 W 12 2 0 1
2020 08 30 01 02 01 27403.771   151.255 33791.788  31.09  12.27   61  511.4 3702.99778 N 00210.91461 W 12 2 0 1
2020 08 30 01 02 02 27403.662   151.223 33791.558  31.09  12.27   62  511.4 3702.99776 N 00210.91460 W 12 2 0 1
2020 08 30 01 02 03 27403.754   151.259 33791.854  31.09  12.27   61  511.4 3702.99775 N 00210.91459 W 12 2 0 1
2020 08 30 01 02 04 27403.686   151.242 33791.990  31.09  12.27   62  511.4 3702.99774 N 00210.91459 W 12 2 0 1
2020 08 30 01 02 05 27403.801   151.321 33791.737  31.09  12.27   61  511.3 3702.99774 N 00210.91460 W 12 2 0 1
2020 08 30 01 02 06 27403.690   151.284 33791.900  31.09  12.27   62  511.3 3702.99773 N 00210.91461 W 12 2 0 1
2020 08 30 01 02 07 27403.625   151.273 33791.476  31.09  12.27   62  511.4 3702.99770 N 00210.91464 W 12 2 0 1
2020 08 30 01 02 08 27403.678   151.291 33792.064  31.09  12.26   63  511.4 3702.99769 N 00210.91465 W 12 2 0 1
2020 08 30 01 02 09 27403.701   151.314 33791.600  31.09  12.26   62  511.5 3702.99767 N 00210.91466 W 12 2 0 1
2020 08 30 01 02 10 27403.654   151.317 33791.780  31.09  12.27   61  511.5 3702.99767 N 00210.91465 W 12 2 0 1
2020 08 30 01 02 11 27403.656   151.337 33791.737  31.09  12.27   62  511.4 3702.99767 N 00210.91465 W 12 2 0 1
2020 08 30 01 02 12 27403.656   151.328 33791.631  31.09  12.27   61  511.4 3702.99766 N 00210.91464 W 12 2 0 1
2020 08 30 01 02 13 27403.660   151.344 33791.651  31.09  12.27   62  511.4 3702.99765 N 00210.91464 W 12 2 0 1
2020 08 30 01 02 14 27403.651   151.329 33792.087  31.09  12.27   61  511.5 3702.99764 N 00210.91463 W 12 2 0 1
2020 08 30 01 02 15 27403.547   151.317 33791.487  31.09  12.27   62  511.5 3702.99764 N 00210.91461 W 12 2 0 1
2020 08 30 01 02 16 27403.605   151.357 33791.585  31.09  12.27   61  511.5 3702.99762 N 00210.91459 W 12 2 0 1
2020 08 30 01 02 17 27403.518   151.307 33791.775  31.09  12.26   62  511.5 3702.99760 N 00210.91457 W 12 2 0 1
2020 08 30 01 02 18 27403.592   151.353 33791.764  31.09  12.27   62  511.5 3702.99759 N 00210.91456 W 12 2 0 1
2020 08 30 01 02 19 27403.606   151.357 33791.799  31.09  12.27   62  511.6 3702.99757 N 00210.91457 W 12 2 0 1
2020 08 30 01 02 20 27403.579   151.337 33791.849  31.09  12.27   62  511.6 3702.99757 N 00210.91458 W 12 2 0 1
2020 08 30 01 02 21 27403.555   151.331 33791.592  31.09  12.27   61  511.7 3702.99756 N 00210.91458 W 12 2 0 1
2020 08 30 01 02 22 27403.580   151.338 33791.639  31.09  12.27   62  511.7 3702.99757 N 00210.91457 W 12 2 0 1
2020 08 30 01 02 23 27403.532   151.304 33792.036  31.09  12.27   61  511.7 3702.99757 N 00210.91454 W 12 2 0 1
2020 08 30 01 02 24 27403.511   151.338 33791.121  31.09  12.27   62  511.8 3702.99756 N 00210.91452 W 12 2 0 1
2020 08 30 01 02 25 27403.543   151.334 33791.756  31.09  12.27   61  511.8 3702.99756 N 00210.91452 W 12 2 0 1
2020 08 30 01 02 26 27403.441   151.287 33791.526  31.09  12.27   62  511.9 3702.99756 N 00210.91450 W 12 2 0 1
2020 08 30 01 02 27 27403.529   151.331 33791.608  31.09  12.27   61  511.9 3702.99756 N 00210.91448 W 12 2 0 1
2020 08 30 01 02 28 27403.468   151.278 33792.013  31.09  12.27   62  512.0 3702.99756 N 00210.91446 W 12 2 0 1
2020 08 30 01 02 29 27403.504   151.302 33791.748  31.09  12.27   62  512.1 3702.99756 N 00210.91444 W 12 2 0 1
2020 08 30 01 02 30 27403.422   151.291 33791.467  31.09  12.27   62  512.1 3702.99755 N 00210.91443 W 12 2 0 1
2020 08 30 01 02 31 27403.523   151.331 33791.518  31.09  12.27   62  512.3 3702.99754 N 00210.91444 W 12 2 0 1
2020 08 30 01 02 32 27403.444   151.304 33791.568  31.09  12.27   61  512.3 3702.99753 N 00210.91444 W 12 2 0 1
2020 08 30 01 02 33 27403.524   151.333 33791.806  31.09  12.27   62  512.3 3702.99753 N 00210.91445 W 12 2 0 1
2020 08 30 01 02 34 27403.494   151.286 33791.721  31.09  12.27   61  512.4 3702.99753 N 00210.91443 W 12 2 0 1
2020 08 30 01 02 35 27403.475   151.273 33791.627  31.09  12.27   62  512.5 3702.99752 N 00210.91442 W 12 2 0 1
2020 08 30 01 02 36 27403.477   151.268 33791.826  31.09  12.27   61  512.5 3702.99752 N 00210.91441 W 12 2 0 1
2020 08 30 01 02 37 27403.424   151.243 33791.366  31.09  12.26   62  512.6 3702.99752 N 00210.91439 W 12 2 0 1
2020 08 30 01 02 38 27403.524   151.250 33791.869  31.09  12.27   61  512.6 3702.99752 N 00210.91436 W 12 2 0 1
2020 08 30 01 02 39 27403.453   151.231 33791.440  31.09  12.27   62  512.6 3702.99752 N 00210.91434 W 12 2 0 1
2020 08 30 01 02 40 27403.514   151.221 33791.923  31.09  12.27   62  512.6 3702.99752 N 00210.91432 W 12 2 0 1
2020 08 30 01 02 41 27403.491   151.226 33791.756  31.09  12.27   62  512.6 3702.99753 N 00210.91431 W 12 2 0 1
2020 08 30 01 02 42 27403.475   151.220 33791.498  31.09  12.27   62  512.5 3702.99754 N 00210.91431 W 12 2 0 1
2020 08 30 01 02 43 27403.469   151.164 33791.884  31.09  12.27   61  512.6 3702.99752 N 00210.91431 W 12 2 0 1
2020 08 30 01 02 44 27403.476   151.174 33791.463  31.09  12.27   62  512.6 3702.99752 N 00210.91431 W 12 2 0 1
2020 08 30 01 02 45 27403.510   151.177 33791.810  31.09  12.27   61  512.6 3702.99752 N 00210.91431 W 12 2 0 1
2020 08 30 01 02 46 27403.483   151.165 33791.697  31.09  12.27   62  512.7 3702.99752 N 00210.91430 W 12 2 0 1
2020 08 30 01 02 47 27403.484   151.165 33791.537  31.09  12.27   61  512.7 3702.99753 N 00210.91431 W 12 2 0 1
2020 08 30 01 02 48 27403.499   151.121 33791.951  31.09  12.26   62  512.7 3702.99753 N 00210.91432 W 12 2 0 1
2020 08 30 01 02 49 27403.469   151.129 33791.763  31.09  12.27   62  512.8 3702.99754 N 00210.91432 W 12 2 0 1
2020 08 30 01 02 50 27403.518   151.118 33791.608  31.09  12.26   62  512.8 3702.99754 N 00210.91433 W 12 2 0 1
2020 08 30 01 02 51 27403.516   151.107 33791.713  31.09  12.27   62  512.9 3702.99755 N 00210.91434 W 12 2 0 1
2020 08 30 01 02 52 27403.553   151.140 33791.499  31.09  12.27   62  513.0 3702.99757 N 00210.91435 W 12 2 0 1
2020 08 30 01 02 53 27403.524   151.100 33791.838  31.09  12.26   62  513.1 3702.99756 N 00210.91438 W 12 2 0 1
2020 08 30 01 02 54 27403.547   151.099 33791.736  31.09  12.27   61  513.2 3702.99754 N 00210.91442 W 12 2 0 1
2020 08 30 01 02 55 27403.564   151.120 33791.370  31.09  12.26   62  513.3 3702.99753 N 00210.91443 W 12 2 0 1
2020 08 30 01 02 56 27403.552   151.067 33792.142  31.09  12.27   61  513.4 3702.99752 N 00210.91444 W 12 2 0 1
2020 08 30 01 02 57 27403.572   151.082 33791.705  31.09  12.26   62  513.5 3702.99751 N 00210.91444 W 12 2 0 1
2020 08 30 01 02 58 27403.580   151.060 33791.818  31.09  12.27   61  513.6 3702.99751 N 00210.91444 W 12 2 0 1
2020 08 30 01 02 59 27403.598   151.061 33791.741  31.09  12.26   62  513.5 3702.99751 N 00210.91443 W 12 2 0 1
2020 08 30 01 03 00 27403.590   151.049 33791.889  31.09  12.27   62  513.5 3702.99753 N 00210.91442 W 12 2 0 1
2020 08 30 01 03 01 27403.631   151.088 33791.503  31.09  12.26   62  513.4 3702.99754 N 00210.91441 W 12 2 0 1
2020 08 30 01 03 02 27403.633   151.065 33791.967  31.09  12.27   62  513.3 3702.99756 N 00210.91440 W 12 2 0 1
2020 08 30 01 03 03 27403.662   151.078 33791.756  31.09  12.27   61  513.3 3702.99756 N 00210.91441 W 12 2 0 1
2020 08 30 01 03 04 27403.715   151.104 33791.729  31.09  12.27   62  513.3 3702.99757 N 00210.91441 W 12 2 0 1
2020 08 30 01 03 05 27403.655   151.042 33791.971  31.09  12.27   61  513.2 3702.99757 N 00210.91440 W 12 2 0 1
2020 08 30 01 03 06 27403.673   151.061 33791.503  31.09  12.27   62  513.2 3702.99757 N 00210.91439 W 12 2 0 1
2020 08 30 01 03 07 27403.674   151.027 33792.115  31.08  12.27   61  513.2 3702.99757 N 00210.91439 W 12 2 0 1
2020 08 30 01 03 08 27403.703   151.047 33791.757  31.08  12.26   62  513.1 3702.99757 N 00210.91440 W 12 2 0 1
2020 08 30 01 03 09 27403.676   151.007 33791.947  31.08  12.27   61  513.1 3702.99754 N 00210.91443 W 12 2 0 1
2020 08 30 01 03 10 27403.703   150.999 33791.733  31.08  12.26   62  513.2 3702.99751 N 00210.91445 W 12 2 0 1
2020 08 30 01 03 11 27403.653   150.947 33791.967  31.08  12.27   62  513.2 3702.99749 N 00210.91448 W 12 2 0 1
2020 08 30 01 03 12 27403.651   150.934 33792.006  31.08  12.27   62  513.2 3702.99748 N 00210.91449 W 12 2 0 1
2020 08 30 01 03 13 27403.660   150.936 33791.889  31.08  12.27   62  513.2 3702.99748 N 00210.91451 W 12 2 0 1
2020 08 30 01 03 14 27403.673   150.950 33791.382  31.09  12.27   61  513.1 3702.99748 N 00210.91450 W 12 2 0 1
2020 08 30 01 03 15 27403.636   150.853 33792.150  31.08  12.26   62  513.1 3702.99749 N 00210.91451 W 12 2 0 1
2020 08 30 01 03 16 27403.656   150.871 33791.655  31.08  12.27   61  513.0 3702.99749 N 00210.91453 W 12 2 0 1
2020 08 30 01 03 17 27403.676   150.834 33791.831  31.08  12.26   62  513.0 3702.99748 N 00210.91455 W 12 2 0 1
2020 08 30 01 03 18 27403.663   150.802 33792.103  31.08  12.27   61  512.9 3702.99747 N 00210.91458 W 12 2 0 1
2020 08 30 01 03 19 27403.674   150.765 33791.998  31.08  12.26   62  512.9 3702.99747 N 00210.91458 W 12 2 0 1
2020 08 30 01 03 20 27403.697   150.770 33791.441  31.08  12.27   61  512.9 3702.99747 N 00210.91460 W 12 2 0 1
2020 08 30 01 03 21 27403.695   150.704 33791.831  31.08  12.27   62  512.9 3702.99745 N 00210.91462 W 12 2 0 1
2020 08 30 01 03 22 27403.711   150.666 33791.897  31.08  12.27   62  512.9 3702.99742 N 00210.91465 W 12 2 0 1
2020 08 30 01 03 23 27403.740   150.644 33791.913  31.08  12.27   61  512.9 3702.99740 N 00210.91468 W 12 2 0 1
2020 08 30 01 03 24 27403.678   150.590 33792.123  31.08  12.27   62  512.7 3702.99739 N 00210.91469 W 12 2 0 1
2020 08 30 01 03 25 27403.713   150.552 33791.983  31.08  12.27   61  512.7 3702.99739 N 00210.91468 W 12 2 0 1
2020 08 30 01 03 26 27403.727   150.530 33791.815  31.08  12.27   62  512.6 3702.99738 N 00210.91471 W 12 2 0 1
2020 08 30 01 03 27 27403.725   150.494 33792.182  31.08  12.27   62  512.6 3702.99739 N 00210.91471 W 12 2 0 1
2020 08 30 01 03 28 27403.682   150.406 33792.193  31.08  12.26   63  512.5 3702.99738 N 00210.91472 W 12 2 0 1
2020 08 30 01 03 29 27403.727   150.408 33791.839  31.08  12.27   61  512.5 3702.99736 N 00210.91475 W 12 2 0 1
2020 08 30 01 03 30 27403.745   150.387 33792.178  31.08  12.27   62  512.4 3702.99736 N 00210.91475 W 12 2 0 1
2020 08 30 01 03 31 27403.719   150.353 33791.765  31.08  12.27   62  512.4 3702.99736 N 00210.91475 W 12 2 0 1
2020 08 30 01 03 32 27403.735   150.311 33792.326  31.08  12.26   63  512.4 3702.99734 N 00210.91476 W 12 2 0 1
2020 08 30 01 03 33 27403.799   150.287 33791.847  31.08  12.27   62  512.4 3702.99735 N 00210.91473 W 12 2 0 1
2020 08 30 01 03 34 27403.756   150.237 33792.011  31.08  12.27   61  512.4 3702.99736 N 00210.91472 W 12 2 0 1
2020 08 30 01 03 35 27403.784   150.210 33792.170  31.08  12.27   62  512.4 3702.99737 N 00210.91470 W 12 2 0 1
2020 08 30 01 03 36 27403.758   150.156 33792.213  31.08  12.27   61  512.4 3702.99737 N 00210.91466 W 12 2 0 1
2020 08 30 01 03 37 27403.787   150.161 33791.983  31.08  12.27   62  512.4 3702.99737 N 00210.91462 W 12 2 0 1
2020 08 30 01 03 38 27403.803   150.116 33792.245  31.08  12.27   61  512.5 3702.99737 N 00210.91460 W 12 2 0 1
2020 08 30 01 03 39 27403.809   150.102 33792.042  31.08  12.27   62  512.5 3702.99736 N 00210.91458 W 12 2 0 1
2020 08 30 01 03 40 27403.786   150.042 33792.268  31.08  12.27   61  512.5 3702.99736 N 00210.91455 W 12 2 0 1
2020 08 30 01 03 41 27403.826   150.044 33791.929  31.08  12.26   62  512.5 3702.99736 N 00210.91452 W 12 2 0 1
2020 08 30 01 03 42 27403.833   149.998 33792.549  31.08  12.27   62  512.5 3702.99735 N 00210.91448 W 12 2 0 1
2020 08 30 01 03 43 27403.780   149.971 33792.311  31.08  12.27   62  512.5 3702.99734 N 00210.91446 W 12 2 0 1
2020 08 30 01 03 44 27403.810   149.977 33792.459  31.08  12.27   62  512.5 3702.99732 N 00210.91446 W 12 2 0 1
2020 08 30 01 03 45 27403.805   149.984 33791.945  31.08  12.27   61  512.5 3702.99730 N 00210.91444 W 12 2 0 1
2020 08 30 01 03 46 27403.800   149.969 33792.358  31.08  12.27   62  512.5 3702.99729 N 00210.91443 W 12 2 0 1
2020 08 30 01 03 47 27403.811   149.991 33792.116  31.08  12.27   61  512.6 3702.99727 N 00210.91441 W 12 2 0 1
2020 08 30 01 03 48 27403.875   150.015 33792.097  31.08  12.26   62  512.6 3702.99726 N 00210.91440 W 12 2 0 1
2020 08 30 01 03 49 27403.845   150.019 33792.705  31.08  12.27   61  512.6 3702.99724 N 00210.91440 W 12 2 0 1
2020 08 30 01 03 50 27403.934   150.111 33792.292  31.08  12.26   62  512.6 3702.99724 N 00210.91439 W 12 2 0 1
2020 08 30 01 03 51 27403.942   150.160 33792.331  31.08  12.27   61  512.6 3702.99722 N 00210.91438 W 12 2 0 1
2020 08 30 01 03 52 27403.898   150.176 33792.903  31.08  12.27   62  512.5 3702.99722 N 00210.91438 W 12 2 0 1
2020 08 30 01 03 53 27404.015   150.308 33791.902  31.08  12.27   62  512.5 3702.99721 N 00210.91437 W 12 2 0 1
2020 08 30 01 03 54 27404.039   150.381 33792.276  31.08  12.27   62  512.4 3702.99721 N 00210.91435 W 12 2 0 1
2020 08 30 01 03 55 27404.052   150.468 33791.961  31.08  12.26   62  512.4 3702.99722 N 00210.91434 W 12 2 0 1
2020 08 30 01 03 56 27404.040   150.515 33792.475  31.08  12.27   61  512.3 3702.99723 N 00210.91431 W 12 2 0 1
2020 08 30 01 03 57 27404.090   150.621 33792.222  31.08  12.27   62  512.3 3702.99724 N 00210.91431 W 12 2 0 1
2020 08 30 01 03 58 27404.090   150.712 33792.237  31.08  12.27   61  512.3 3702.99725 N 00210.91431 W 12 2 0 1
2020 08 30 01 03 59 27404.063   150.774 33792.210  31.08  12.26   62  512.3 3702.99726 N 00210.91431 W 12 2 0 1
2020 08 30 01 04 00 27404.077   150.850 33792.358  31.08  12.27   61  512.3 3702.99727 N 00210.91432 W 12 2 0 1
2020 08 30 01 04 01 27404.055   150.943 33792.023  31.08  12.26   62  512.3 3702.99727 N 00210.91433 W 12 2 0 1
2020 08 30 01 04 02 27404.033   150.979 33792.179  31.08  12.27   62  512.3 3702.99728 N 00210.91431 W 12 2 0 1
2020 08 30 01 04 03 27404.039   151.060 33792.147  31.08  12.26   62  512.3 3702.99730 N 00210.91430 W 12 2 0 1
2020 08 30 01 04 04 27403.981   151.107 33792.385  31.08  12.27   62  512.4 3702.99731 N 00210.91429 W 12 2 0 1
2020 08 30 01 04 05 27403.936   151.145 33792.050  31.08  12.27   61  512.3 3702.99733 N 00210.91428 W 12 2 0 1
2020 08 30 01 04 06 27403.846   151.171 33792.244  31.08  12.26   62  512.3 3702.99736 N 00210.91427 W 12 2 0 1
2020 08 30 01 04 07 27403.877   151.266 33791.788  31.08  12.27   61  512.2 3702.99739 N 00210.91426 W 12 2 0 1
2020 08 30 01 04 08 27403.754   151.257 33792.154  31.08  12.26   62  512.2 3702.99742 N 00210.91426 W 12 2 0 1
2020 08 30 01 04 09 27403.759   151.340 33791.608  31.08  12.27   61  512.1 3702.99746 N 00210.91425 W 12 2 0 1
2020 08 30 01 04 10 27403.702   151.323 33792.084  31.08  12.26   62  512.1 3702.99750 N 00210.91424 W 12 2 0 1
2020 08 30 01 04 11 27403.741   151.366 33791.959  31.08  12.27   61  512.0 3702.99754 N 00210.91422 W 12 2 0 1
2020 08 30 01 04 12 27403.649   151.354 33791.982  31.08  12.26   62  511.9 3702.99758 N 00210.91420 W 12 2 0 1
2020 08 30 01 04 13 27403.569   151.342 33791.826  31.08  12.27   62  511.9 3702.99761 N 00210.91419 W 12 2 0 1
2020 08 30 01 04 14 27403.587   151.355 33792.142  31.08  12.26   62  511.9 3702.99762 N 00210.91420 W 12 2 0 1
2020 08 30 01 04 15 27403.526   151.336 33791.873  31.08  12.26   62  511.8 3702.99765 N 00210.91420 W 12 2 0 1
2020 08 30 01 04 16 27403.458   151.299 33791.907  31.08  12.27   61  511.8 3702.99767 N 00210.91420 W 12 2 0 1
2020 08 30 01 04 17 27403.430   151.291 33791.853  31.08  12.26   62  511.7 3702.99769 N 00210.91421 W 12 2 0 1
2020 08 30 01 04 18 27403.417   151.281 33791.744  31.08  12.27   61  511.6 3702.99771 N 00210.91422 W 12 2 0 1
2020 08 30 01 04 19 27403.411   151.251 33791.880  31.08  12.26   62  511.5 3702.99774 N 00210.91422 W 12 2 0 1
2020 08 30 01 04 20 27403.302   151.175 33792.082  31.08  12.27   61  511.4 3702.99777 N 00210.91422 W 12 2 0 1
2020 08 30 01 04 21 27403.282   151.152 33791.790  31.08  12.26   62  511.4 3702.99779 N 00210.91423 W 12 2 0 1
2020 08 30 01 04 22 27403.290   151.134 33791.922  31.08  12.27   61  511.3 3702.99781 N 00210.91424 W 12 2 0 1
2020 08 30 01 04 23 27403.261   151.070 33791.883  31.08  12.26   62  511.2 3702.99783 N 00210.91426 W 12 2 0 1
2020 08 30 01 04 24 27403.294   151.045 33791.833  31.08  12.27   62  511.2 3702.99784 N 00210.91428 W 12 2 0 1
2020 08 30 01 04 25 27403.173   150.956 33791.786  31.08  12.26   62  511.2 3702.99786 N 00210.91430 W 12 2 0 1
2020 08 30 01 04 26 27403.214   150.931 33791.856  31.08  12.26   62  511.2 3702.99787 N 00210.91433 W 12 2 0 1
2020 08 30 01 04 27 27403.151   150.869 33791.766  31.08  12.27   61  511.1 3702.99788 N 00210.91433 W 12 2 0 1
2020 08 30 01 04 28 27403.163   150.816 33791.759  31.08  12.26   62  511.0 3702.99788 N 00210.91433 W 12 2 0 1
2020 08 30 01 04 29 27403.152   150.737 33792.242  31.08  12.27   61  511.0 3702.99788 N 00210.91433 W 12 2 0 1
2020 08 30 01 04 30 27403.128   150.667 33791.875  31.08  12.26   62  511.0 3702.99789 N 00210.91433 W 12 2 0 1
2020 08 30 01 04 31 27403.163   150.630 33791.759  31.08  12.27   61  510.8 3702.99792 N 00210.91431 W 12 2 0 1
2020 08 30 01 04 32 27403.136   150.546 33792.047  31.08  12.27   62  510.7 3702.99794 N 00210.91429 W 12 2 0 1
2020 08 30 01 04 33 27403.085   150.468 33791.934  31.08  12.27   61  510.7 3702.99795 N 00210.91428 W 12 2 0 1
2020 08 30 01 04 34 27403.158   150.424 33792.008  31.08  12.27   62  510.7 3702.99796 N 00210.91427 W 12 2 0 1
2020 08 30 01 04 35 27403.130   150.348 33791.965  31.08  12.27   62  510.7 3702.99796 N 00210.91426 W 12 2 0 1
2020 08 30 01 04 36 27403.187   150.283 33792.168  31.08  12.27   62  510.7 3702.99798 N 00210.91426 W 12 2 0 1
2020 08 30 01 04 37 27403.224   150.215 33791.993  31.08  12.26   62  510.7 3702.99798 N 00210.91426 W 12 2 0 1
2020 08 30 01 04 38 27403.241   150.172 33791.974  31.08  12.27   61  510.8 3702.99797 N 00210.91428 W 12 2 0 1
2020 08 30 01 04 39 27403.252   150.090 33792.223  31.08  12.26   62  510.8 3702.99796 N 00210.91428 W 12 2 0 1
2020 08 30 01 04 40 27403.337   150.064 33791.923  31.08  12.27   61  510.8 3702.99794 N 00210.91429 W 12 2 0 1
2020 08 30 01 04 41 27403.358   149.979 33792.005  31.08  12.26   62  510.8 3702.99793 N 00210.91430 W 12 2 0 1
2020 08 30 01 04 42 27403.382   149.919 33792.212  31.08  12.27   61  510.9 3702.99792 N 00210.91430 W 12 2 0 1
2020 08 30 01 04 43 27403.411   149.837 33792.150  31.08  12.26   62  510.9 3702.99791 N 00210.91429 W 12 2 0 1
2020 08 30 01 04 44 27403.441   149.785 33792.349  31.08  12.27   61  511.0 3702.99789 N 00210.91430 W 12 2 0 1
2020 08 30 01 04 45 27403.485   149.726 33792.135  31.08  12.26   62  511.1 3702.99787 N 00210.91429 W 12 2 0 1
2020 08 30 01 04 46 27403.605   149.716 33792.279  31.08  12.26   62  511.1 3702.99786 N 00210.91427 W 12 2 0 1
2020 08 30 01 04 47 27403.649   149.681 33792.182  31.08  12.27   62  511.1 3702.99786 N 00210.91424 W 12 2 0 1
2020 08 30 01 04 48 27403.681   149.609 33792.315  31.08  12.27   62  511.1 3702.99785 N 00210.91423 W 12 2 0 1
2020 08 30 01 04 49 27403.811   149.631 33792.109  31.08  12.27   61  511.1 3702.99783 N 00210.91422 W 12 2 0 1
2020 08 30 01 04 50 27403.862   149.588 33792.241  31.08  12.26   62  511.1 3702.99780 N 00210.91423 W 12 2 0 1
2020 08 30 01 04 51 27403.936   149.554 33792.573  31.08  12.27   61  511.2 3702.99777 N 00210.91426 W 12 2 0 1
2020 08 30 01 04 52 27403.977   149.522 33792.394  31.08  12.26   62  511.2 3702.99774 N 00210.91428 W 12 2 0 1
2020 08 30 01 04 53 27404.104   149.566 33792.320  31.08  12.27   61  511.2 3702.99774 N 00210.91427 W 12 2 0 1
2020 08 30 01 04 54 27404.114   149.521 33792.421  31.08  12.26   62  511.2 3702.99773 N 00210.91428 W 12 2 0 1
2020 08 30 01 04 55 27404.217   149.546 33792.519  31.08  12.27   62  511.2 3702.99771 N 00210.91428 W 12 2 0 1
2020 08 30 01 04 56 27404.289   149.546 33792.605  31.08  12.26   62  511.2 3702.99770 N 00210.91430 W 12 2 0 1
2020 08 30 01 04 57 27404.283   149.520 33792.379  31.08  12.27   62  511.2 3702.99769 N 00210.91431 W 12 2 0 1
2020 08 30 01 04 58 27404.355   149.542 33792.348  31.08  12.27   61  511.3 3702.99768 N 00210.91433 W 12 2 0 1
2020 08 30 01 04 59 27404.441   149.562 33792.411  31.08  12.26   62  511.3 3702.99767 N 00210.91434 W 12 2 0 1
2020 08 30 01 05 00 27404.488   149.591 33792.220  31.08  12.27   61  511.4 3702.99768 N 00210.91435 W 12 2 0 1
2020 08 30 01 05 01 27404.519   149.595 33792.583  31.08  12.26   62  511.5 3702.99769 N 00210.91437 W 12 2 0 1
2020 08 30 01 05 02 27404.611   149.638 33792.454  31.08  12.27   61  511.6 3702.99771 N 00210.91438 W 12 2 0 1
2020 08 30 01 05 03 27404.652   149.676 33792.642  31.08  12.26   62  511.6 3702.99773 N 00210.91437 W 12 2 0 1
2020 08 30 01 05 04 27404.711   149.700 33792.626  31.08  12.27   61  511.6 3702.99774 N 00210.91436 W 12 2 0 1
2020 08 30 01 05 05 27404.746   149.732 33792.817  31.08  12.27   62  511.6 3702.99775 N 00210.91435 W 12 2 0 1
2020 08 30 01 05 06 27404.740   149.754 33792.841  31.08  12.27   62  511.6 3702.99777 N 00210.91434 W 12 2 0 1
2020 08 30 01 05 07 27404.775   149.799 33792.595  31.08  12.26   62  511.6 3702.99780 N 00210.91431 W 12 2 0 1
2020 08 30 01 05 08 27404.798   149.854 33792.607  31.08  12.27   62  511.7 3702.99781 N 00210.91430 W 12 2 0 1
2020 08 30 01 05 09 27404.800   149.901 33792.615  31.08  12.27   61  511.6 3702.99781 N 00210.91430 W 12 2 0 1
2020 08 30 01 05 10 27404.835   149.950 33792.599  31.08  12.27   62  511.7 3702.99781 N 00210.91432 W 12 2 0 1
2020 08 30 01 05 11 27404.873   150.003 33792.685  31.08  12.27   61  511.7 3702.99781 N 00210.91431 W 12 2 0 1
2020 08 30 01 05 12 27404.855   150.038 33792.658  31.08  12.26   62  511.6 3702.99782 N 00210.91431 W 12 2 0 1
2020 08 30 01 05 13 27404.824   150.057 33792.568  31.08  12.27   61  511.6 3702.99785 N 00210.91429 W 12 2 0 1
2020 08 30 01 05 14 27404.875   150.118 33792.743  31.08  12.26   62  511.5 3702.99787 N 00210.91429 W 12 2 0 1
2020 08 30 01 05 15 27404.759   150.134 33792.209  31.08  12.27   61  511.6 3702.99788 N 00210.91429 W 12 2 0 1
2020 08 30 01 05 16 27404.750   150.148 33792.661  31.08  12.26   62  511.6 3702.99790 N 00210.91431 W 12 2 0 1
2020 08 30 01 05 17 27404.719   150.167 33793.004  31.08  12.26   62  511.7 3702.99790 N 00210.91433 W 12 2 0 1
2020 08 30 01 05 18 27404.644   150.211 33792.485  31.08  12.27   61  511.7 3702.99788 N 00210.91436 W 12 2 0 1
2020 08 30 01 05 19 27404.638   150.259 33792.376  31.08  12.26   62  511.8 3702.99789 N 00210.91438 W 12 2 0 1
2020 08 30 01 05 20 27404.568   150.266 33792.536  31.08  12.27   61  511.8 3702.99788 N 00210.91440 W 12 2 0 1