GICDeviceID,SampleDateTime,GICMeasured
10441,4/23/2023 12:00:00 AM,-9.98
10441,4/23/2023 12:00:00 AM,-9.92
10441,4/23/2023 12:00:00 AM,-9.86
10441,4/23/2023 12:00:00 AM,-9.92
10441,4/23/2023 12:00:00 AM,-9.86
10441,4/23/2023 12:00:00 AM,-9.80
10441,4/23/2023 12:00:00 AM,-9.86
10441,4/23/2023 12:00:00 AM,-9.92
10441,4/23/2023 12:00:00 AM,-9.86
10441,4/23/2023 12:00:00 AM,-9.92
10441,4/23/2023 12:00:00 AM,-9.86
10441,4/23/2023 12:00:00 AM,-9.92
10441,4/23/2023 12:01:00 AM,-9.80
10441,4/23/2023 12:01:00 AM,-9.98
10441,4/23/2023 12:01:00 AM,-9.74
10441,4/23/2023 12:01:00 AM,-9.68
10441,4/23/2023 12:01:00 AM,-9.86
10441,4/23/2023 12:01:00 AM,-9.74
10441,4/23/2023 12:01:00 AM,-9.62
10441,4/23/2023 12:01:00 AM,-9.86
10441,4/23/2023 12:01:00 AM,-9.80
10441,4/23/2023 12:01:00 AM,-9.68
10441,4/23/2023 12:01:00 AM,-9.80
10441,4/23/2023 12:02:00 AM,-9.74
10441,4/23/2023 12:02:00 AM,-9.68
10441,4/23/2023 12:02:00 AM,-9.80
10441,4/23/2023 12:02:00 AM,-9.74
10441,4/23/2023 12:02:00 AM,-9.80
10441,4/23/2023 12:02:00 AM,-9.74
10441,4/23/2023 12:02:00 AM,-9.92
10441,4/23/2023 12:02:00 AM,-10.10
10441,4/23/2023 12:02:00 AM,-9.38
10441,4/23/2023 12:02:00 AM,-9.92
10441,4/23/2023 12:02:00 AM,-9.74
10441,4/23/2023 12:03:00 AM,-9.68
10441,4/23/2023 12:03:00 AM,-9.74
10441,4/23/2023 12:03:00 AM,-9.68
10441,4/23/2023 12:03:00 AM,-9.74
10441,4/23/2023 12:03:00 AM,-9.68
10441,4/23/2023 12:03:00 AM,-9.74
10441,4/23/2023 12:03:00 AM,-9.62
10441,4/23/2023 12:03:00 AM,-9.86
10441,4/23/2023 12:04:00 AM,-9.80
10441,4/23/2023 12:04:00 AM,-10.10
10441,4/23/2023 12:04:00 AM,-9.74
10441,4/23/2023 12:04:00 AM,-9.56
10441,4/23/2023 12:04:00 AM,-9.80
10441,4/23/2023 12:04:00 AM,-9.68
10441,4/23/2023 12:04:00 AM,-9.74
10441,4/23/2023 12:04:00 AM,-9.62
10441,4/23/2023 12:04:00 AM,-9.14
10441,4/23/2023 12:04:00 AM,-9.68
10441,4/23/2023 12:04:00 AM,-9.80
10441,4/23/2023 12:04:00 AM,-9.86
10441,4/23/2023 12:04:00 AM,-9.92
10441,4/23/2023 12:05:00 AM,-10.10
10441,4/23/2023 12:05:00 AM,-9.68
10441,4/23/2023 12:05:00 AM,-9.80
10441,4/23/2023 12:05:00 AM,-9.68
10441,4/23/2023 12:05:00 AM,-9.80
10441,4/23/2023 12:05:00 AM,-9.98
10441,4/23/2023 12:05:00 AM,-9.92
10441,4/23/2023 12:05:00 AM,-9.80
10441,4/23/2023 12:05:00 AM,-9.74
10441,4/23/2023 12:05:00 AM,-9.86
10441,4/23/2023 12:06:00 AM,-9.80
10441,4/23/2023 12:06:00 AM,-9.68
10441,4/23/2023 12:06:00 AM,-9.74
10441,4/23/2023 12:06:00 AM,-9.80
10441,4/23/2023 12:06:00 AM,-9.74
10441,4/23/2023 12:06:00 AM,-9.86
10441,4/23/2023 12:06:00 AM,-9.74
10441,4/23/2023 12:07:00 AM,-10.16
10441,4/23/2023 12:07:00 AM,-9.80
10441,4/23/2023 12:07:00 AM,-9.86
10441,4/23/2023 12:07:00 AM,-9.74
10441,4/23/2023 12:07:00 AM,-9.80
10441,4/23/2023 12:07:00 AM,-9.68
10441,4/23/2023 12:07:00 AM,-9.74
10441,4/23/2023 12:07:00 AM,-9.86
10441,4/23/2023 12:07:00 AM,-9.80
10441,4/23/2023 12:07:00 AM,-9.68
10441,4/23/2023 12:08:00 AM,-9.74
10441,4/23/2023 12:08:00 AM,-9.80
10441,4/23/2023 12:08:00 AM,-9.74
10441,4/23/2023 12:08:00 AM,-9.68
10441,4/23/2023 12:08:00 AM,-9.80
10441,4/23/2023 12:08:00 AM,-9.74
10441,4/23/2023 12:08:00 AM,-9.80
10441,4/23/2023 12:08:00 AM,-9.92
10441,4/23/2023 12:08:00 AM,-9.56
10441,4/23/2023 12:08:00 AM,-9.86
10441,4/23/2023 12:08:00 AM,-9.80
10441,4/23/2023 12:09:00 AM,-9.86
10441,4/23/2023 12:09:00 AM,-9.92
10441,4/23/2023 12:09:00 AM,-9.80
10441,4/23/2023 12:09:00 AM,-9.86
10441,4/23/2023 12:09:00 AM,-9.92
10441,4/23/2023 12:09:00 AM,-9.86
10441,4/23/2023 12:09:00 AM,-9.80
10441,4/23/2023 12:09:00 AM,-9.74
10441,4/23/2023 12:09:00 AM,-9.92
10441,4/23/2023 12:09:00 AM,-9.68
10441,4/23/2023 12:10:00 AM,-9.86
10441,4/23/2023 12:10:00 AM,-9.92
10441,4/23/2023 12:10:00 AM,-9.80
10441,4/23/2023 12:10:00 AM,-9.74
10441,4/23/2023 12:10:00 AM,-9.92
10441,4/23/2023 12:10:00 AM,-9.32
10441,4/23/2023 12:10:00 AM,-9.74
10441,4/23/2023 12:10:00 AM,-9.68
10441,4/23/2023 12:10:00 AM,-9.86
10441,4/23/2023 12:10:00 AM,-9.62
10441,4/23/2023 12:10:00 AM,-9.86
10441,4/23/2023 12:10:00 AM,-9.80
10441,4/23/2023 12:11:00 AM,-9.86
10441,4/23/2023 12:11:00 AM,-9.68
10441,4/23/2023 12:11:00 AM,-9.80
10441,4/23/2023 12:11:00 AM,-9.74
10441,4/23/2023 12:11:00 AM,-9.92
10441,4/23/2023 12:11:00 AM,-9.86
10441,4/23/2023 12:11:00 AM,-9.80
10441,4/23/2023 12:11:00 AM,-9.86
10441,4/23/2023 12:11:00 AM,-9.80
10441,4/23/2023 12:11:00 AM,-9.74
10441,4/23/2023 12:12:00 AM,-9.80
10441,4/23/2023 12:12:00 AM,-9.86
10441,4/23/2023 12:12:00 AM,-10.16
10441,4/23/2023 12:12:00 AM,-9.68
10441,4/23/2023 12:12:00 AM,-9.80
10441,4/23/2023 12:12:00 AM,-9.62
10441,4/23/2023 12:12:00 AM,-9.80
10441,4/23/2023 12:12:00 AM,-9.86
10441,4/23/2023 12:12:00 AM,-9.80
10441,4/23/2023 12:12:00 AM,-9.86
10441,4/23/2023 12:12:00 AM,-9.68
10441,4/23/2023 12:12:00 AM,-9.86
10441,4/23/2023 12:13:00 AM,-9.74
10441,4/23/2023 12:13:00 AM,-9.98
10441,4/23/2023 12:13:00 AM,-10.16
10441,4/23/2023 12:13:00 AM,-9.74
10441,4/23/2023 12:13:00 AM,-9.68
10441,4/23/2023 12:13:00 AM,-9.80
10441,4/23/2023 12:13:00 AM,-9.92
10441,4/23/2023 12:13:00 AM,-9.80
10441,4/23/2023 12:13:00 AM,-9.74
10441,4/23/2023 12:13:00 AM,-9.80
10441,4/23/2023 12:13:00 AM,-9.74
10441,4/23/2023 12:14:00 AM,-9.86
10441,4/23/2023 12:14:00 AM,-9.80
10441,4/23/2023 12:14:00 AM,-9.92
10441,4/23/2023 12:14:00 AM,-9.86
10441,4/23/2023 12:14:00 AM,-10.22
10441,4/23/2023 12:14:00 AM,-9.86
10441,4/23/2023 12:15:00 AM,-9.74
10441,4/23/2023 12:15:00 AM,-9.80
10441,4/23/2023 12:15:00 AM,-9.74
10441,4/23/2023 12:15:00 AM,-10.04
10441,4/23/2023 12:15:00 AM,-9.86
10441,4/23/2023 12:15:00 AM,-9.80
10441,4/23/2023 12:15:00 AM,-9.86
10441,4/23/2023 12:15:00 AM,-9.98
10441,4/23/2023 12:16:00 AM,-10.40
10441,4/23/2023 12:16:00 AM,-9.92
10441,4/23/2023 12:16:00 AM,-10.04
10441,4/23/2023 12:16:00 AM,-9.80
10441,4/23/2023 12:16:00 AM,-9.98
10441,4/23/2023 12:16:00 AM,-9.68
10441,4/23/2023 12:16:00 AM,-9.86
10441,4/23/2023 12:16:00 AM,-9.98
10441,4/23/2023 12:16:00 AM,-9.80
10441,4/23/2023 12:16:00 AM,-9.86
10441,4/23/2023 12:16:00 AM,-9.80
10441,4/23/2023 12:16:00 AM,-9.86
10441,4/23/2023 12:17:00 AM,-9.68
10441,4/23/2023 12:17:00 AM,-9.80
10441,4/23/2023 12:17:00 AM,-9.86
10441,4/23/2023 12:17:00 AM,-9.80
10441,4/23/2023 12:17:00 AM,-9.98
10441,4/23/2023 12:17:00 AM,-9.92
10441,4/23/2023 12:17:00 AM,-9.80
10441,4/23/2023 12:18:00 AM,-9.68
10441,4/23/2023 12:18:00 AM,-9.74
10441,4/23/2023 12:18:00 AM,-9.68
10441,4/23/2023 12:18:00 AM,-9.98
10441,4/23/2023 12:18:00 AM,-9.44
10441,4/23/2023 12:18:00 AM,-10.22
10441,4/23/2023 12:18:00 AM,-9.98
10441,4/23/2023 12:18:00 AM,-9.74
10441,4/23/2023 12:18:00 AM,-9.80
10441,4/23/2023 12:18:00 AM,-9.86
10441,4/23/2023 12:18:00 AM,-9.92
10441,4/23/2023 12:18:00 AM,-9.80
10441,4/23/2023 12:19:00 AM,-9.86
10441,4/23/2023 12:19:00 AM,-9.98
10441,4/23/2023 12:19:00 AM,-9.86
10441,4/23/2023 12:19:00 AM,-9.80
10441,4/23/2023 12:19:00 AM,-9.86
10441,4/23/2023 12:19:00 AM,-9.80
10441,4/23/2023 12:19:00 AM,-9.68
10441,4/23/2023 12:19:00 AM,-9.74
10441,4/23/2023 12:19:00 AM,-9.86
10441,4/23/2023 12:19:00 AM,-9.74
10441,4/23/2023 12:19:00 AM,-9.80
10441,4/23/2023 12:20:00 AM,-9.86
10441,4/23/2023 12:20:00 AM,-9.92
10441,4/23/2023 12:20:00 AM,-9.74
10441,4/23/2023 12:20:00 AM,-9.92
10441,4/23/2023 12:20:00 AM,-9.86
10441,4/23/2023 12:20:00 AM,-9.98
10441,4/23/2023 12:20:00 AM,-9.92
10441,4/23/2023 12:20:00 AM,-9.98
10441,4/23/2023 12:20:00 AM,-9.80
10441,4/23/2023 12:20:00 AM,-9.92
10441,4/23/2023 12:20:00 AM,-9.86
10441,4/23/2023 12:21:00 AM,-9.92
10441,4/23/2023 12:21:00 AM,-9.68
10441,4/23/2023 12:21:00 AM,-9.86
10441,4/23/2023 12:21:00 AM,-9.80
10441,4/23/2023 12:21:00 AM,-9.74
10441,4/23/2023 12:21:00 AM,-9.86
10441,4/23/2023 12:21:00 AM,-9.62
10441,4/23/2023 12:21:00 AM,-9.92
10441,4/23/2023 12:21:00 AM,-9.74
10441,4/23/2023 12:21:00 AM,-9.92
10441,4/23/2023 12:22:00 AM,-9.86
10441,4/23/2023 12:22:00 AM,-9.98
10441,4/23/2023 12:22:00 AM,-9.86
10441,4/23/2023 12:22:00 AM,-9.80
10441,4/23/2023 12:22:00 AM,-9.92
10441,4/23/2023 12:22:00 AM,-9.86
10441,4/23/2023 12:22:00 AM,-9.80
10441,4/23/2023 12:22:00 AM,-9.86
10441,4/23/2023 12:23:00 AM,-9.92
10441,4/23/2023 12:23:00 AM,-9.86
10441,4/23/2023 12:23:00 AM,-9.68
10441,4/23/2023 12:23:00 AM,-9.74
10441,4/23/2023 12:23:00 AM,-9.92
10441,4/23/2023 12:23:00 AM,-9.80
10441,4/23/2023 12:23:00 AM,-9.86
10441,4/23/2023 12:24:00 AM,-9.80
10441,4/23/2023 12:24:00 AM,-9.92
10441,4/23/2023 12:24:00 AM,-9.86
10441,4/23/2023 12:24:00 AM,-9.80
10441,4/23/2023 12:24:00 AM,-9.92
10441,4/23/2023 12:25:00 AM,-9.92
10441,4/23/2023 12:25:00 AM,-9.86
10441,4/23/2023 12:25:00 AM,-9.92
10441,4/23/2023 12:25:00 AM,-9.98
10441,4/23/2023 12:26:00 AM,-9.62
10441,4/23/2023 12:26:00 AM,-9.74
10441,4/23/2023 12:26:00 AM,-9.80
10441,4/23/2023 12:26:00 AM,-9.98
10441,4/23/2023 12:26:00 AM,-9.80
10441,4/23/2023 12:26:00 AM,-9.86
10441,4/23/2023 12:26:00 AM,-9.80
10441,4/23/2023 12:26:00 AM,-9.86
10441,4/23/2023 12:27:00 AM,-9.80
10441,4/23/2023 12:27:00 AM,-9.92
10441,4/23/2023 12:27:00 AM,-9.86
10441,4/23/2023 12:28:00 AM,-9.80
10441,4/23/2023 12:28:00 AM,-9.74
10441,4/23/2023 12:28:00 AM,-9.86
10441,4/23/2023 12:28:00 AM,-9.74
10441,4/23/2023 12:28:00 AM,-10.10
10441,4/23/2023 12:28:00 AM,-9.86
10441,4/23/2023 12:28:00 AM,-9.80
10441,4/23/2023 12:28:00 AM,-9.92
10441,4/23/2023 12:28:00 AM,-9.98
10441,4/23/2023 12:28:00 AM,-9.62
10441,4/23/2023 12:28:00 AM,-9.80
10441,4/23/2023 12:29:00 AM,-9.80
10441,4/23/2023 12:29:00 AM,-9.74
10441,4/23/2023 12:29:00 AM,-9.86
10441,4/23/2023 12:29:00 AM,-10.22
10441,4/23/2023 12:29:00 AM,-9.86
10441,4/23/2023 12:29:00 AM,-9.44
10441,4/23/2023 12:29:00 AM,-9.74
10441,4/23/2023 12:29:00 AM,-9.68
10441,4/23/2023 12:29:00 AM,-9.80
10441,4/23/2023 12:29:00 AM,-10.16
10441,4/23/2023 12:30:00 AM,-9.80
10441,4/23/2023 12:30:00 AM,-9.74
10441,4/23/2023 12:30:00 AM,-9.80
10441,4/23/2023 12:30:00 AM,-9.74
10441,4/23/2023 12:30:00 AM,-9.92
10441,4/23/2023 12:30:00 AM,-10.22
10441,4/23/2023 12:30:00 AM,-10.16
10441,4/23/2023 12:30:00 AM,-9.56
10441,4/23/2023 12:30:00 AM,-9.74
10441,4/23/2023 12:30:00 AM,-9.80
10441,4/23/2023 12:30:00 AM,-9.92
10441,4/23/2023 12:30:00 AM,-9.86
10441,4/23/2023 12:30:00 AM,-9.74
10441,4/23/2023 12:31:00 AM,-10.04
10441,4/23/2023 12:31:00 AM,-9.92
10441,4/23/2023 12:31:00 AM,-9.98
10441,4/23/2023 12:31:00 AM,-9.86
10441,4/23/2023 12:31:00 AM,-9.80
10441,4/23/2023 12:31:00 AM,-9.86
10441,4/23/2023 12:31:00 AM,-9.92
10441,4/23/2023 12:31:00 AM,-9.68
10441,4/23/2023 12:31:00 AM,-9.92
10441,4/23/2023 12:31:00 AM,-9.68
10441,4/23/2023 12:31:00 AM,-9.74
10441,4/23/2023 12:32:00 AM,-9.80
10441,4/23/2023 12:32:00 AM,-9.86
10441,4/23/2023 12:32:00 AM,-9.80
10441,4/23/2023 12:32:00 AM,-10.10
10441,4/23/2023 12:32:00 AM,-9.92
10441,4/23/2023 12:32:00 AM,-9.74
10441,4/23/2023 12:32:00 AM,-9.92
10441,4/23/2023 12:32:00 AM,-9.86
10441,4/23/2023 12:32:00 AM,-9.92
10441,4/23/2023 12:32:00 AM,-9.38
10441,4/23/2023 12:32:00 AM,-9.92
10441,4/23/2023 12:33:00 AM,-9.80
10441,4/23/2023 12:33:00 AM,-9.68
10441,4/23/2023 12:33:00 AM,-9.74
10441,4/23/2023 12:33:00 AM,-9.86
10441,4/23/2023 12:33:00 AM,-9.44
10441,4/23/2023 12:33:00 AM,-9.92
10441,4/23/2023 12:33:00 AM,-9.74
10441,4/23/2023 12:33:00 AM,-9.68
10441,4/23/2023 12:33:00 AM,-9.86
10441,4/23/2023 12:33:00 AM,-9.74
10441,4/23/2023 12:33:00 AM,-9.80
10441,4/23/2023 12:33:00 AM,-9.74
10441,4/23/2023 12:34:00 AM,-9.86
10441,4/23/2023 12:34:00 AM,-9.68
10441,4/23/2023 12:34:00 AM,-9.74
10441,4/23/2023 12:34:00 AM,-9.86
10441,4/23/2023 12:34:00 AM,-9.80
10441,4/23/2023 12:34:00 AM,-9.92
10441,4/23/2023 12:34:00 AM,-9.68
10441,4/23/2023 12:34:00 AM,-9.62
10441,4/23/2023 12:34:00 AM,-9.74
10441,4/23/2023 12:34:00 AM,-9.80
10441,4/23/2023 12:35:00 AM,-9.74
10441,4/23/2023 12:35:00 AM,-9.80
10441,4/23/2023 12:35:00 AM,-9.86
10441,4/23/2023 12:35:00 AM,-9.80
10441,4/23/2023 12:35:00 AM,-10.57
10441,4/23/2023 12:35:00 AM,-9.56
10441,4/23/2023 12:35:00 AM,-9.68
10441,4/23/2023 12:35:00 AM,-9.86
10441,4/23/2023 12:35:00 AM,-9.74
10441,4/23/2023 12:35:00 AM,-9.92
10441,4/23/2023 12:35:00 AM,-9.98
10441,4/23/2023 12:35:00 AM,-9.80
10441,4/23/2023 12:36:00 AM,-9.86
10441,4/23/2023 12:36:00 AM,-9.92
10441,4/23/2023 12:36:00 AM,-10.04
10441,4/23/2023 12:36:00 AM,-9.92
10441,4/23/2023 12:36:00 AM,-9.80
10441,4/23/2023 12:36:00 AM,-9.74
10441,4/23/2023 12:36:00 AM,-9.80
10441,4/23/2023 12:36:00 AM,-9.98
10441,4/23/2023 12:36:00 AM,-9.80
10441,4/23/2023 12:36:00 AM,-9.98
10441,4/23/2023 12:37:00 AM,-9.86
10441,4/23/2023 12:37:00 AM,-9.92
10441,4/23/2023 12:37:00 AM,-9.86
10441,4/23/2023 12:37:00 AM,-9.80
10441,4/23/2023 12:37:00 AM,-9.86
10441,4/23/2023 12:37:00 AM,-9.80
10441,4/23/2023 12:37:00 AM,-9.86
10441,4/23/2023 12:37:00 AM,-9.92
10441,4/23/2023 12:37:00 AM,-9.80
10441,4/23/2023 12:37:00 AM,-9.98
10441,4/23/2023 12:37:00 AM,-9.92
10441,4/23/2023 12:37:00 AM,-9.86
10441,4/23/2023 12:38:00 AM,-9.80
10441,4/23/2023 12:38:00 AM,-9.86
10441,4/23/2023 12:38:00 AM,-9.74
10441,4/23/2023 12:38:00 AM,-9.80
10441,4/23/2023 12:38:00 AM,-9.86
10441,4/23/2023 12:38:00 AM,-9.92
10441,4/23/2023 12:38:00 AM,-9.98
10441,4/23/2023 12:38:00 AM,-9.86
10441,4/23/2023 12:39:00 AM,-9.80
10441,4/23/2023 12:39:00 AM,-10.34
10441,4/23/2023 12:39:00 AM,-9.68
10441,4/23/2023 12:39:00 AM,-9.92
10441,4/23/2023 12:39:00 AM,-9.68
10441,4/23/2023 12:39:00 AM,-9.74
10441,4/23/2023 12:39:00 AM,-9.74
10441,4/23/2023 12:39:00 AM,-9.80
10441,4/23/2023 12:39:00 AM,-9.92
10441,4/23/2023 12:39:00 AM,-9.56
10441,4/23/2023 12:39:00 AM,-10.10
10441,4/23/2023 12:39:00 AM,-9.86
10441,4/23/2023 12:39:00 AM,-9.68
10441,4/23/2023 12:39:00 AM,-9.86
10441,4/23/2023 12:40:00 AM,-9.68
10441,4/23/2023 12:40:00 AM,-9.74
10441,4/23/2023 12:40:00 AM,-9.80
10441,4/23/2023 12:40:00 AM,-9.74
10441,4/23/2023 12:40:00 AM,-9.74
10441,4/23/2023 12:40:00 AM,-10.10
10441,4/23/2023 12:40:00 AM,-9.92
10441,4/23/2023 12:40:00 AM,-9.80
10441,4/23/2023 12:40:00 AM,-9.74
10441,4/23/2023 12:40:00 AM,-9.68
10441,4/23/2023 12:41:00 AM,-9.86
10441,4/23/2023 12:41:00 AM,-9.74
10441,4/23/2023 12:41:00 AM,-9.86
10441,4/23/2023 12:41:00 AM,-9.80
10441,4/23/2023 12:41:00 AM,-10.04
10441,4/23/2023 12:41:00 AM,-9.44
10441,4/23/2023 12:41:00 AM,-9.80
10441,4/23/2023 12:41:00 AM,-9.74
10441,4/23/2023 12:41:00 AM,-9.68
10441,4/23/2023 12:41:00 AM,-9.74
10441,4/23/2023 12:42:00 AM,-9.80
10441,4/23/2023 12:42:00 AM,-9.56
10441,4/23/2023 12:42:00 AM,-9.80
10441,4/23/2023 12:42:00 AM,-9.74
10441,4/23/2023 12:42:00 AM,-9.92
10441,4/23/2023 12:42:00 AM,-9.86
10441,4/23/2023 12:42:00 AM,-9.74
10441,4/23/2023 12:42:00 AM,-9.80
10441,4/23/2023 12:43:00 AM,-9.80
10441,4/23/2023 12:43:00 AM,-9.98
10441,4/23/2023 12:43:00 AM,-9.86
10441,4/23/2023 12:43:00 AM,-9.80
10441,4/23/2023 12:43:00 AM,-9.68
10441,4/23/2023 12:43:00 AM,-9.74
10441,4/23/2023 12:44:00 AM,-9.86
10441,4/23/2023 12:44:00 AM,-9.74
10441,4/23/2023 12:44:00 AM,-9.86
10441,4/23/2023 12:44:00 AM,-9.74
10441,4/23/2023 12:44:00 AM,-9.68
10441,4/23/2023 12:44:00 AM,-9.80
10441,4/23/2023 12:44:00 AM,-9.74
10441,4/23/2023 12:44:00 AM,-9.80
10441,4/23/2023 12:45:00 AM,-9.68
10441,4/23/2023 12:45:00 AM,-9.74
10441,4/23/2023 12:45:00 AM,-9.80
10441,4/23/2023 12:45:00 AM,-9.68
10441,4/23/2023 12:45:00 AM,-9.62
10441,4/23/2023 12:46:00 AM,-9.56
10441,4/23/2023 12:46:00 AM,-9.68
10441,4/23/2023 12:46:00 AM,-9.80
10441,4/23/2023 12:46:00 AM,-10.04
10441,4/23/2023 12:46:00 AM,-9.92
10441,4/23/2023 12:46:00 AM,-9.86
10441,4/23/2023 12:46:00 AM,-9.86
10441,4/23/2023 12:46:00 AM,-9.80
10441,4/23/2023 12:46:00 AM,-9.44
10441,4/23/2023 12:46:00 AM,-9.80
10441,4/23/2023 12:47:00 AM,-9.80
10441,4/23/2023 12:47:00 AM,-10.10
10441,4/23/2023 12:47:00 AM,-9.92
10441,4/23/2023 12:47:00 AM,-9.80
10441,4/23/2023 12:47:00 AM,-9.68
10441,4/23/2023 12:47:00 AM,-9.86
10441,4/23/2023 12:47:00 AM,-9.68
10441,4/23/2023 12:47:00 AM,-9.80
10441,4/23/2023 12:47:00 AM,-9.68
10441,4/23/2023 12:47:00 AM,-9.74
10441,4/23/2023 12:48:00 AM,-9.80
10441,4/23/2023 12:48:00 AM,-9.86
10441,4/23/2023 12:48:00 AM,-9.80
10441,4/23/2023 12:48:00 AM,-9.74
10441,4/23/2023 12:48:00 AM,-9.80
10441,4/23/2023 12:48:00 AM,-9.74
10441,4/23/2023 12:48:00 AM,-9.80
10441,4/23/2023 12:48:00 AM,-9.74
10441,4/23/2023 12:48:00 AM,-9.80
10441,4/23/2023 12:48:00 AM,-9.92
10441,4/23/2023 12:49:00 AM,-9.92
10441,4/23/2023 12:49:00 AM,-9.80
10441,4/23/2023 12:49:00 AM,-9.62
10441,4/23/2023 12:49:00 AM,-9.44
10441,4/23/2023 12:49:00 AM,-9.86
10441,4/23/2023 12:49:00 AM,-9.92
10441,4/23/2023 12:49:00 AM,-9.80
10441,4/23/2023 12:49:00 AM,-9.74
10441,4/23/2023 12:49:00 AM,-9.80
10441,4/23/2023 12:49:00 AM,-9.74
10441,4/23/2023 12:49:00 AM,-9.80
10441,4/23/2023 12:49:00 AM,-9.74
10441,4/23/2023 12:50:00 AM,-9.14
10441,4/23/2023 12:50:00 AM,-9.74
10441,4/23/2023 12:50:00 AM,-9.80
10441,4/23/2023 12:50:00 AM,-9.74
10441,4/23/2023 12:50:00 AM,-9.68
10441,4/23/2023 12:50:00 AM,-9.50
10441,4/23/2023 12:50:00 AM,-9.92
10441,4/23/2023 12:50:00 AM,-9.80
10441,4/23/2023 12:50:00 AM,-9.74
10441,4/23/2023 12:50:00 AM,-9.86
10441,4/23/2023 12:50:00 AM,-9.56
10441,4/23/2023 12:51:00 AM,-9.62
10441,4/23/2023 12:51:00 AM,-9.68
10441,4/23/2023 12:51:00 AM,-9.62
10441,4/23/2023 12:51:00 AM,-9.80
10441,4/23/2023 12:51:00 AM,-9.38
10441,4/23/2023 12:51:00 AM,-9.80
10441,4/23/2023 12:51:00 AM,-9.74
10441,4/23/2023 12:51:00 AM,-9.68
10441,4/23/2023 12:52:00 AM,-9.62
10441,4/23/2023 12:52:00 AM,-9.74
10441,4/23/2023 12:52:00 AM,-9.68
10441,4/23/2023 12:52:00 AM,-9.62
10441,4/23/2023 12:52:00 AM,-10.22
10441,4/23/2023 12:52:00 AM,-9.74
10441,4/23/2023 12:52:00 AM,-9.68
10441,4/23/2023 12:52:00 AM,-9.74
10441,4/23/2023 12:52:00 AM,-9.98
10441,4/23/2023 12:52:00 AM,-9.32
10441,4/23/2023 12:52:00 AM,-9.74
10441,4/23/2023 12:53:00 AM,-9.68
10441,4/23/2023 12:53:00 AM,-9.86
10441,4/23/2023 12:53:00 AM,-9.80
10441,4/23/2023 12:53:00 AM,-9.74
10441,4/23/2023 12:53:00 AM,-9.68
10441,4/23/2023 12:53:00 AM,-9.80
10441,4/23/2023 12:53:00 AM,-9.68
10441,4/23/2023 12:53:00 AM,-9.80
10441,4/23/2023 12:53:00 AM,-9.74
10441,4/23/2023 12:53:00 AM,-9.68
10441,4/23/2023 12:53:00 AM,-9.56
10441,4/23/2023 12:53:00 AM,-9.86
10441,4/23/2023 12:54:00 AM,-9.74
10441,4/23/2023 12:54:00 AM,-9.56
10441,4/23/2023 12:54:00 AM,-9.68
10441,4/23/2023 12:54:00 AM,-9.56
10441,4/23/2023 12:54:00 AM,-9.50
10441,4/23/2023 12:54:00 AM,-9.56
10441,4/23/2023 12:54:00 AM,-9.62
10441,4/23/2023 12:54:00 AM,-9.68
10441,4/23/2023 12:54:00 AM,-9.50
10441,4/23/2023 12:54:00 AM,-9.74
10441,4/23/2023 12:55:00 AM,-9.74
10441,4/23/2023 12:55:00 AM,-9.68
10441,4/23/2023 12:55:00 AM,-9.80
10441,4/23/2023 12:55:00 AM,-9.68
10441,4/23/2023 12:55:00 AM,-9.74
10441,4/23/2023 12:55:00 AM,-9.68
10441,4/23/2023 12:55:00 AM,-9.86
10441,4/23/2023 12:55:00 AM,-9.62
10441,4/23/2023 12:56:00 AM,-9.68
10441,4/23/2023 12:56:00 AM,-9.74
10441,4/23/2023 12:56:00 AM,-9.68
10441,4/23/2023 12:56:00 AM,-9.38
10441,4/23/2023 12:56:00 AM,-9.62
10441,4/23/2023 12:56:00 AM,-9.74
10441,4/23/2023 12:57:00 AM,-9.68
10441,4/23/2023 12:57:00 AM,-9.38
10441,4/23/2023 12:57:00 AM,-9.74
10441,4/23/2023 12:57:00 AM,-9.80
10441,4/23/2023 12:57:00 AM,-9.62
10441,4/23/2023 12:57:00 AM,-9.56
10441,4/23/2023 12:57:00 AM,-10.10
10441,4/23/2023 12:57:00 AM,-9.80
10441,4/23/2023 12:57:00 AM,-9.68
10441,4/23/2023 12:57:00 AM,-10.16
10441,4/23/2023 12:58:00 AM,-9.86
10441,4/23/2023 12:58:00 AM,-9.68
10441,4/23/2023 12:58:00 AM,-9.74
10441,4/23/2023 12:58:00 AM,-9.62
10441,4/23/2023 12:58:00 AM,-9.38
10441,4/23/2023 12:58:00 AM,-9.56
10441,4/23/2023 12:58:00 AM,-9.86
10441,4/23/2023 12:58:00 AM,-9.62
10441,4/23/2023 12:58:00 AM,-9.86
10441,4/23/2023 12:58:00 AM,-9.68
10441,4/23/2023 12:58:00 AM,-9.62
10441,4/23/2023 12:58:00 AM,-9.80
10441,4/23/2023 12:58:00 AM,-9.86
10441,4/23/2023 12:58:00 AM,-9.68
10441,4/23/2023 12:58:00 AM,-9.62
10441,4/23/2023 12:59:00 AM,-9.80
10441,4/23/2023 12:59:00 AM,-9.74
10441,4/23/2023 12:59:00 AM,-10.10
10441,4/23/2023 12:59:00 AM,-9.56
10441,4/23/2023 12:59:00 AM,-9.68
10441,4/23/2023 12:59:00 AM,-9.62
10441,4/23/2023 12:59:00 AM,-9.86
10441,4/23/2023 12:59:00 AM,-9.68
10441,4/23/2023 1:00:00 AM,-9.62
10441,4/23/2023 1:00:00 AM,-9.68
10441,4/23/2023 1:00:00 AM,-9.62
10441,4/23/2023 1:00:00 AM,-9.74
10441,4/23/2023 1:00:00 AM,-9.80
10441,4/23/2023 1:00:00 AM,-9.74
10441,4/23/2023 1:00:00 AM,-9.68
10441,4/23/2023 1:00:00 AM,-9.74
10441,4/23/2023 1:00:00 AM,-9.68
10441,4/23/2023 1:01:00 AM,-9.92
10441,4/23/2023 1:01:00 AM,-9.86
10441,4/23/2023 1:01:00 AM,-9.74
10441,4/23/2023 1:01:00 AM,-9.86
10441,4/23/2023 1:01:00 AM,-9.92
10441,4/23/2023 1:01:00 AM,-9.86
10441,4/23/2023 1:01:00 AM,-9.92
10441,4/23/2023 1:01:00 AM,-9.80
10441,4/23/2023 1:01:00 AM,-9.92
10441,4/23/2023 1:01:00 AM,-9.86
10441,4/23/2023 1:01:00 AM,-9.80
10441,4/23/2023 1:01:00 AM,-9.86
10441,4/23/2023 1:02:00 AM,-9.80
10441,4/23/2023 1:03:00 AM,-9.92
10441,4/23/2023 1:03:00 AM,-10.40
10441,4/23/2023 1:03:00 AM,-9.20
10441,4/23/2023 1:03:00 AM,-9.74
10441,4/23/2023 1:03:00 AM,-9.98
10441,4/23/2023 1:03:00 AM,-9.74
10441,4/23/2023 1:03:00 AM,-9.86
10441,4/23/2023 1:03:00 AM,-9.74
10441,4/23/2023 1:03:00 AM,-9.92
10441,4/23/2023 1:04:00 AM,-9.80
10441,4/23/2023 1:04:00 AM,-9.74
10441,4/23/2023 1:05:00 AM,-9.80
10441,4/23/2023 1:05:00 AM,-9.86
10441,4/23/2023 1:05:00 AM,-9.68
10441,4/23/2023 1:05:00 AM,-9.74
10441,4/23/2023 1:05:00 AM,-9.80
10441,4/23/2023 1:05:00 AM,-9.74
10441,4/23/2023 1:05:00 AM,-9.86
10441,4/23/2023 1:05:00 AM,-9.92
10441,4/23/2023 1:05:00 AM,-9.74
10441,4/23/2023 1:05:00 AM,-9.68
10441,4/23/2023 1:05:00 AM,-9.80
10441,4/23/2023 1:05:00 AM,-9.74
10441,4/23/2023 1:06:00 AM,-9.80
10441,4/23/2023 1:06:00 AM,-9.74
10441,4/23/2023 1:06:00 AM,-9.86
10441,4/23/2023 1:06:00 AM,-9.74
10441,4/23/2023 1:06:00 AM,-9.80
10441,4/23/2023 1:06:00 AM,-9.74
10441,4/23/2023 1:06:00 AM,-9.80
10441,4/23/2023 1:06:00 AM,-9.92
10441,4/23/2023 1:06:00 AM,-9.80
10441,4/23/2023 1:07:00 AM,-9.92
10441,4/23/2023 1:07:00 AM,-9.68
10441,4/23/2023 1:07:00 AM,-9.80
10441,4/23/2023 1:07:00 AM,-9.86
10441,4/23/2023 1:07:00 AM,-9.74
10441,4/23/2023 1:07:00 AM,-9.80
10441,4/23/2023 1:08:00 AM,-9.68
10441,4/23/2023 1:08:00 AM,-9.50
10441,4/23/2023 1:08:00 AM,-9.86
10441,4/23/2023 1:08:00 AM,-9.74
10441,4/23/2023 1:08:00 AM,-9.62
10441,4/23/2023 1:08:00 AM,-9.80
10441,4/23/2023 1:08:00 AM,-9.74
10441,4/23/2023 1:08:00 AM,-9.68
10441,4/23/2023 1:08:00 AM,-10.10
10441,4/23/2023 1:08:00 AM,-9.86
10441,4/23/2023 1:08:00 AM,-9.74
10441,4/23/2023 1:09:00 AM,-9.80
10441,4/23/2023 1:09:00 AM,-9.86
10441,4/23/2023 1:09:00 AM,-9.80
10441,4/23/2023 1:09:00 AM,-9.62
10441,4/23/2023 1:09:00 AM,-9.74
10441,4/23/2023 1:09:00 AM,-9.80
10441,4/23/2023 1:09:00 AM,-10.34
10441,4/23/2023 1:09:00 AM,-9.98
10441,4/23/2023 1:09:00 AM,-9.86
10441,4/23/2023 1:09:00 AM,-9.80
10441,4/23/2023 1:09:00 AM,-9.98
10441,4/23/2023 1:09:00 AM,-9.86
10441,4/23/2023 1:09:00 AM,-9.80
10441,4/23/2023 1:10:00 AM,-9.74
10441,4/23/2023 1:10:00 AM,-9.98
10441,4/23/2023 1:10:00 AM,-9.80
10441,4/23/2023 1:10:00 AM,-9.68
10441,4/23/2023 1:10:00 AM,-9.74
10441,4/23/2023 1:10:00 AM,-9.62
10441,4/23/2023 1:10:00 AM,-9.68
10441,4/23/2023 1:10:00 AM,-9.62
10441,4/23/2023 1:10:00 AM,-9.32
10441,4/23/2023 1:11:00 AM,-9.80
10441,4/23/2023 1:11:00 AM,-9.68
10441,4/23/2023 1:11:00 AM,-9.56
10441,4/23/2023 1:11:00 AM,-9.86
10441,4/23/2023 1:11:00 AM,-9.68
10441,4/23/2023 1:11:00 AM,-9.74
10441,4/23/2023 1:11:00 AM,-9.80
10441,4/23/2023 1:11:00 AM,-9.74
10441,4/23/2023 1:11:00 AM,-9.68
10441,4/23/2023 1:11:00 AM,-9.74
10441,4/23/2023 1:12:00 AM,-9.68
10441,4/23/2023 1:12:00 AM,-9.74
10441,4/23/2023 1:12:00 AM,-9.80
10441,4/23/2023 1:12:00 AM,-9.74
10441,4/23/2023 1:12:00 AM,-9.68
10441,4/23/2023 1:12:00 AM,-9.68
10441,4/23/2023 1:12:00 AM,-9.74
10441,4/23/2023 1:13:00 AM,-9.92
10441,4/23/2023 1:13:00 AM,-9.74
10441,4/23/2023 1:13:00 AM,-9.92
10441,4/23/2023 1:13:00 AM,-9.86
10441,4/23/2023 1:13:00 AM,-9.80
10441,4/23/2023 1:13:00 AM,-9.74
10441,4/23/2023 1:13:00 AM,-9.68
10441,4/23/2023 1:13:00 AM,-9.80
10441,4/23/2023 1:13:00 AM,-9.62
10441,4/23/2023 1:13:00 AM,-9.80
10441,4/23/2023 1:13:00 AM,-9.74
10441,4/23/2023 1:14:00 AM,-9.86
10441,4/23/2023 1:14:00 AM,-10.28
10441,4/23/2023 1:14:00 AM,-9.74
10441,4/23/2023 1:14:00 AM,-9.80
10441,4/23/2023 1:14:00 AM,-9.74
10441,4/23/2023 1:14:00 AM,-9.68
10441,4/23/2023 1:14:00 AM,-9.74
10441,4/23/2023 1:14:00 AM,-9.86
10441,4/23/2023 1:14:00 AM,-9.62
10441,4/23/2023 1:14:00 AM,-9.80
10441,4/23/2023 1:14:00 AM,-9.74
10441,4/23/2023 1:14:00 AM,-9.68
10441,4/23/2023 1:15:00 AM,-9.86
10441,4/23/2023 1:15:00 AM,-10.04
10441,4/23/2023 1:15:00 AM,-9.80
10441,4/23/2023 1:15:00 AM,-9.50
10441,4/23/2023 1:15:00 AM,-9.98
10441,4/23/2023 1:15:00 AM,-9.62
10441,4/23/2023 1:15:00 AM,-9.68
10441,4/23/2023 1:15:00 AM,-9.74
10441,4/23/2023 1:16:00 AM,-9.62
10441,4/23/2023 1:16:00 AM,-9.74
10441,4/23/2023 1:16:00 AM,-9.68
10441,4/23/2023 1:16:00 AM,-9.74
10441,4/23/2023 1:16:00 AM,-9.86
10441,4/23/2023 1:16:00 AM,-9.68
10441,4/23/2023 1:16:00 AM,-9.62
10441,4/23/2023 1:16:00 AM,-9.86
10441,4/23/2023 1:17:00 AM,-9.68
10441,4/23/2023 1:17:00 AM,-9.74
10441,4/23/2023 1:17:00 AM,-9.74
10441,4/23/2023 1:17:00 AM,-9.62
10441,4/23/2023 1:17:00 AM,-9.74
10441,4/23/2023 1:18:00 AM,-10.16
10441,4/23/2023 1:18:00 AM,-10.10
10441,4/23/2023 1:18:00 AM,-9.80
10441,4/23/2023 1:18:00 AM,-9.86
10441,4/23/2023 1:18:00 AM,-9.74
10441,4/23/2023 1:18:00 AM,-9.86
10441,4/23/2023 1:18:00 AM,-9.80
10441,4/23/2023 1:18:00 AM,-9.74
10441,4/23/2023 1:18:00 AM,-9.86
10441,4/23/2023 1:18:00 AM,-9.92
10441,4/23/2023 1:18:00 AM,-9.68
10441,4/23/2023 1:19:00 AM,-9.74
10441,4/23/2023 1:19:00 AM,-9.80
10441,4/23/2023 1:19:00 AM,-9.86
10441,4/23/2023 1:19:00 AM,-10.10
10441,4/23/2023 1:19:00 AM,-9.74
10441,4/23/2023 1:19:00 AM,-10.04
10441,4/23/2023 1:19:00 AM,-9.68
10441,4/23/2023 1:19:00 AM,-9.80
10441,4/23/2023 1:19:00 AM,-9.86
10441,4/23/2023 1:19:00 AM,-9.74
10441,4/23/2023 1:19:00 AM,-9.80
10441,4/23/2023 1:19:00 AM,-9.74
10441,4/23/2023 1:19:00 AM,-9.86
10441,4/23/2023 1:20:00 AM,-9.74
10441,4/23/2023 1:20:00 AM,-9.80
10441,4/23/2023 1:20:00 AM,-9.92
10441,4/23/2023 1:20:00 AM,-9.80
10441,4/23/2023 1:20:00 AM,-9.74
10441,4/23/2023 1:20:00 AM,-9.68
10441,4/23/2023 1:20:00 AM,-9.74
10441,4/23/2023 1:20:00 AM,-9.80
10441,4/23/2023 1:20:00 AM,-9.62
10441,4/23/2023 1:21:00 AM,-9.92
10441,4/23/2023 1:21:00 AM,-9.80
10441,4/23/2023 1:21:00 AM,-9.86
10441,4/23/2023 1:21:00 AM,-9.98
10441,4/23/2023 1:21:00 AM,-9.80
10441,4/23/2023 1:21:00 AM,-9.86
10441,4/23/2023 1:21:00 AM,-9.80
10441,4/23/2023 1:21:00 AM,-9.86
10441,4/23/2023 1:21:00 AM,-9.74
10441,4/23/2023 1:21:00 AM,-9.80
10441,4/23/2023 1:22:00 AM,-9.68
10441,4/23/2023 1:22:00 AM,-9.80
10441,4/23/2023 1:22:00 AM,-9.86
10441,4/23/2023 1:22:00 AM,-9.74
10441,4/23/2023 1:22:00 AM,-9.80
10441,4/23/2023 1:22:00 AM,-9.92
10441,4/23/2023 1:22:00 AM,-9.86
10441,4/23/2023 1:23:00 AM,-9.92
10441,4/23/2023 1:23:00 AM,-9.98
10441,4/23/2023 1:23:00 AM,-9.74
10441,4/23/2023 1:23:00 AM,-9.68
10441,4/23/2023 1:23:00 AM,-9.92
10441,4/23/2023 1:23:00 AM,-9.98
10441,4/23/2023 1:23:00 AM,-9.92
10441,4/23/2023 1:23:00 AM,-9.86
10441,4/23/2023 1:23:00 AM,-10.04
10441,4/23/2023 1:23:00 AM,-9.98
10441,4/23/2023 1:23:00 AM,-9.92
10441,4/23/2023 1:23:00 AM,-10.04
10441,4/23/2023 1:24:00 AM,-10.16
10441,4/23/2023 1:24:00 AM,-9.92
10441,4/23/2023 1:24:00 AM,-10.22
10441,4/23/2023 1:24:00 AM,-10.10
10441,4/23/2023 1:24:00 AM,-9.98
10441,4/23/2023 1:24:00 AM,-9.80
10441,4/23/2023 1:24:00 AM,-9.86
10441,4/23/2023 1:24:00 AM,-9.92
10441,4/23/2023 1:24:00 AM,-9.86
10441,4/23/2023 1:24:00 AM,-9.80
10441,4/23/2023 1:25:00 AM,-9.74
10441,4/23/2023 1:25:00 AM,-9.92
10441,4/23/2023 1:25:00 AM,-9.86
10441,4/23/2023 1:25:00 AM,-9.92
10441,4/23/2023 1:25:00 AM,-9.86
10441,4/23/2023 1:25:00 AM,-9.44
10441,4/23/2023 1:25:00 AM,-10.16
10441,4/23/2023 1:25:00 AM,-10.34
10441,4/23/2023 1:25:00 AM,-9.86
10441,4/23/2023 1:25:00 AM,-9.92
10441,4/23/2023 1:25:00 AM,-9.86
10441,4/23/2023 1:25:00 AM,-9.92
10441,4/23/2023 1:26:00 AM,-9.80
10441,4/23/2023 1:26:00 AM,-9.86
10441,4/23/2023 1:26:00 AM,-9.80
10441,4/23/2023 1:26:00 AM,-9.74
10441,4/23/2023 1:26:00 AM,-9.68
10441,4/23/2023 1:26:00 AM,-9.74
10441,4/23/2023 1:26:00 AM,-9.68
10441,4/23/2023 1:26:00 AM,-9.74
10441,4/23/2023 1:26:00 AM,-9.68
10441,4/23/2023 1:27:00 AM,-9.74
10441,4/23/2023 1:27:00 AM,-9.62
10441,4/23/2023 1:27:00 AM,-9.74
10441,4/23/2023 1:27:00 AM,-9.68
10441,4/23/2023 1:27:00 AM,-9.92
10441,4/23/2023 1:27:00 AM,-9.86
10441,4/23/2023 1:27:00 AM,-9.68
10441,4/23/2023 1:27:00 AM,-9.92
10441,4/23/2023 1:27:00 AM,-9.26
10441,4/23/2023 1:27:00 AM,-9.86
10441,4/23/2023 1:27:00 AM,-9.80
10441,4/23/2023 1:27:00 AM,-9.74
10441,4/23/2023 1:28:00 AM,-9.74
10441,4/23/2023 1:28:00 AM,-9.68
10441,4/23/2023 1:28:00 AM,-9.74
10441,4/23/2023 1:28:00 AM,-9.62
10441,4/23/2023 1:28:00 AM,-9.68
10441,4/23/2023 1:28:00 AM,-9.80
10441,4/23/2023 1:28:00 AM,-9.74
10441,4/23/2023 1:28:00 AM,-9.68
10441,4/23/2023 1:28:00 AM,-9.86
10441,4/23/2023 1:28:00 AM,-9.50
10441,4/23/2023 1:28:00 AM,-9.20
10441,4/23/2023 1:29:00 AM,-9.56
10441,4/23/2023 1:29:00 AM,-9.68
10441,4/23/2023 1:29:00 AM,-9.62
10441,4/23/2023 1:29:00 AM,-9.56
10441,4/23/2023 1:29:00 AM,-9.50
10441,4/23/2023 1:29:00 AM,-9.44
10441,4/23/2023 1:29:00 AM,-9.74
10441,4/23/2023 1:29:00 AM,-9.68
10441,4/23/2023 1:29:00 AM,-9.62
10441,4/23/2023 1:29:00 AM,-9.56
10441,4/23/2023 1:29:00 AM,-9.50
10441,4/23/2023 1:30:00 AM,-9.68
10441,4/23/2023 1:30:00 AM,-9.62
10441,4/23/2023 1:30:00 AM,-9.74
10441,4/23/2023 1:30:00 AM,-9.68
10441,4/23/2023 1:30:00 AM,-9.68
10441,4/23/2023 1:30:00 AM,-9.50
10441,4/23/2023 1:30:00 AM,-9.74
10441,4/23/2023 1:30:00 AM,-9.62
10441,4/23/2023 1:30:00 AM,-9.56
10441,4/23/2023 1:30:00 AM,-9.62
10441,4/23/2023 1:31:00 AM,-9.62
10441,4/23/2023 1:31:00 AM,-9.56
10441,4/23/2023 1:31:00 AM,-9.50
10441,4/23/2023 1:31:00 AM,-9.74
10441,4/23/2023 1:31:00 AM,-9.68
10441,4/23/2023 1:31:00 AM,-9.62
10441,4/23/2023 1:31:00 AM,-9.44
10441,4/23/2023 1:31:00 AM,-9.62
10441,4/23/2023 1:31:00 AM,-9.68
10441,4/23/2023 1:31:00 AM,-9.86
10441,4/23/2023 1:31:00 AM,-9.62
10441,4/23/2023 1:31:00 AM,-9.68
10441,4/23/2023 1:31:00 AM,-9.38
10441,4/23/2023 1:31:00 AM,-9.86
10441,4/23/2023 1:32:00 AM,-9.74
10441,4/23/2023 1:32:00 AM,-9.62
10441,4/23/2023 1:32:00 AM,-9.68
10441,4/23/2023 1:32:00 AM,-9.62
10441,4/23/2023 1:32:00 AM,-9.56
10441,4/23/2023 1:32:00 AM,-9.62
10441,4/23/2023 1:32:00 AM,-9.56
10441,4/23/2023 1:32:00 AM,-9.62
10441,4/23/2023 1:32:00 AM,-10.04
10441,4/23/2023 1:32:00 AM,-9.74
10441,4/23/2023 1:32:00 AM,-9.44
10441,4/23/2023 1:32:00 AM,-9.50
10441,4/23/2023 1:32:00 AM,-9.56
10441,4/23/2023 1:32:00 AM,-9.62
10441,4/23/2023 1:33:00 AM,-9.62
10441,4/23/2023 1:33:00 AM,-9.74
10441,4/23/2023 1:33:00 AM,-9.68
10441,4/23/2023 1:33:00 AM,-9.62
10441,4/23/2023 1:33:00 AM,-9.50
10441,4/23/2023 1:33:00 AM,-9.56
10441,4/23/2023 1:33:00 AM,-9.62
10441,4/23/2023 1:33:00 AM,-9.56
10441,4/23/2023 1:34:00 AM,-9.56
10441,4/23/2023 1:34:00 AM,-9.44
10441,4/23/2023 1:34:00 AM,-9.68
10441,4/23/2023 1:34:00 AM,-9.56
10441,4/23/2023 1:34:00 AM,-9.50
10441,4/23/2023 1:34:00 AM,-9.68
10441,4/23/2023 1:34:00 AM,-9.62
10441,4/23/2023 1:34:00 AM,-9.56
10441,4/23/2023 1:34:00 AM,-9.68
10441,4/23/2023 1:34:00 AM,-9.62
10441,4/23/2023 1:35:00 AM,-9.68
10441,4/23/2023 1:35:00 AM,-9.62
10441,4/23/2023 1:35:00 AM,-9.68
10441,4/23/2023 1:35:00 AM,-9.62
10441,4/23/2023 1:35:00 AM,-9.74
10441,4/23/2023 1:35:00 AM,-9.80
10441,4/23/2023 1:36:00 AM,-9.74
10441,4/23/2023 1:36:00 AM,-9.68
10441,4/23/2023 1:36:00 AM,-9.74
10441,4/23/2023 1:36:00 AM,-9.56
10441,4/23/2023 1:36:00 AM,-9.62
10441,4/23/2023 1:36:00 AM,-9.74
10441,4/23/2023 1:36:00 AM,-9.68
10441,4/23/2023 1:36:00 AM,-9.80
10441,4/23/2023 1:36:00 AM,-9.74
10441,4/23/2023 1:36:00 AM,-9.80
10441,4/23/2023 1:36:00 AM,-9.92
10441,4/23/2023 1:36:00 AM,-9.80
10441,4/23/2023 1:36:00 AM,-10.10
10441,4/23/2023 1:37:00 AM,-9.74
10441,4/23/2023 1:37:00 AM,-9.62
10441,4/23/2023 1:37:00 AM,-9.74
10441,4/23/2023 1:37:00 AM,-9.38
10441,4/23/2023 1:37:00 AM,-9.74
10441,4/23/2023 1:37:00 AM,-9.68
10441,4/23/2023 1:37:00 AM,-9.74
10441,4/23/2023 1:37:00 AM,-9.68
10441,4/23/2023 1:37:00 AM,-9.74
10441,4/23/2023 1:37:00 AM,-9.92
10441,4/23/2023 1:37:00 AM,-9.80
10441,4/23/2023 1:37:00 AM,-9.68
10441,4/23/2023 1:38:00 AM,-9.74
10441,4/23/2023 1:38:00 AM,-9.68
10441,4/23/2023 1:38:00 AM,-9.62
10441,4/23/2023 1:38:00 AM,-9.92
10441,4/23/2023 1:38:00 AM,-9.74
10441,4/23/2023 1:38:00 AM,-9.80
10441,4/23/2023 1:38:00 AM,-9.80
10441,4/23/2023 1:38:00 AM,-9.86
10441,4/23/2023 1:38:00 AM,-9.80
10441,4/23/2023 1:38:00 AM,-9.86
10441,4/23/2023 1:38:00 AM,-9.80
10441,4/23/2023 1:38:00 AM,-9.74
10441,4/23/2023 1:38:00 AM,-9.68
10441,4/23/2023 1:39:00 AM,-9.68
10441,4/23/2023 1:39:00 AM,-9.74
10441,4/23/2023 1:39:00 AM,-9.50
10441,4/23/2023 1:39:00 AM,-9.92
10441,4/23/2023 1:39:00 AM,-9.68
10441,4/23/2023 1:39:00 AM,-9.44
10441,4/23/2023 1:39:00 AM,-9.80
10441,4/23/2023 1:39:00 AM,-9.74
10441,4/23/2023 1:40:00 AM,-9.74
10441,4/23/2023 1:40:00 AM,-9.62
10441,4/23/2023 1:40:00 AM,-9.38
10441,4/23/2023 1:40:00 AM,-9.86
10441,4/23/2023 1:40:00 AM,-9.80
10441,4/23/2023 1:41:00 AM,-9.86
10441,4/23/2023 1:41:00 AM,-9.74
10441,4/23/2023 1:41:00 AM,-9.74
10441,4/23/2023 1:41:00 AM,-9.38
10441,4/23/2023 1:41:00 AM,-9.92
10441,4/23/2023 1:41:00 AM,-9.98
10441,4/23/2023 1:41:00 AM,-9.56
10441,4/23/2023 1:41:00 AM,-9.80
10441,4/23/2023 1:41:00 AM,-9.68
10441,4/23/2023 1:41:00 AM,-9.50
10441,4/23/2023 1:41:00 AM,-9.74
10441,4/23/2023 1:41:00 AM,-9.86
10441,4/23/2023 1:42:00 AM,-10.10
10441,4/23/2023 1:42:00 AM,-9.62
10441,4/23/2023 1:42:00 AM,-9.68
10441,4/23/2023 1:42:00 AM,-9.74
10441,4/23/2023 1:42:00 AM,-9.62
10441,4/23/2023 1:43:00 AM,-9.68
10441,4/23/2023 1:43:00 AM,-9.56
10441,4/23/2023 1:43:00 AM,-9.74
10441,4/23/2023 1:43:00 AM,-9.80
10441,4/23/2023 1:43:00 AM,-9.74
10441,4/23/2023 1:43:00 AM,-9.68
10441,4/23/2023 1:43:00 AM,-9.62
10441,4/23/2023 1:44:00 AM,-9.62
10441,4/23/2023 1:44:00 AM,-9.68
10441,4/23/2023 1:44:00 AM,-9.74
10441,4/23/2023 1:44:00 AM,-9.86
10441,4/23/2023 1:44:00 AM,-9.68
10441,4/23/2023 1:44:00 AM,-9.74
10441,4/23/2023 1:44:00 AM,-9.56
10441,4/23/2023 1:44:00 AM,-9.68
10441,4/23/2023 1:44:00 AM,-9.62
10441,4/23/2023 1:44:00 AM,-9.74
10441,4/23/2023 1:45:00 AM,-9.68
10441,4/23/2023 1:45:00 AM,-9.62
10441,4/23/2023 1:45:00 AM,-9.74
10441,4/23/2023 1:45:00 AM,-9.92
10441,4/23/2023 1:45:00 AM,-9.86
10441,4/23/2023 1:45:00 AM,-9.98
10441,4/23/2023 1:45:00 AM,-9.68
10441,4/23/2023 1:45:00 AM,-9.62
10441,4/23/2023 1:45:00 AM,-9.68
10441,4/23/2023 1:45:00 AM,-9.62
10441,4/23/2023 1:45:00 AM,-9.74
10441,4/23/2023 1:46:00 AM,-9.80
10441,4/23/2023 1:46:00 AM,-9.74
10441,4/23/2023 1:46:00 AM,-9.62
10441,4/23/2023 1:46:00 AM,-9.68
10441,4/23/2023 1:46:00 AM,-9.38
10441,4/23/2023 1:46:00 AM,-9.68
10441,4/23/2023 1:46:00 AM,-9.56
10441,4/23/2023 1:46:00 AM,-9.62
10441,4/23/2023 1:46:00 AM,-9.80
10441,4/23/2023 1:46:00 AM,-9.86
10441,4/23/2023 1:46:00 AM,-9.74
10441,4/23/2023 1:46:00 AM,-9.62
10441,4/23/2023 1:47:00 AM,-10.16
10441,4/23/2023 1:47:00 AM,-10.04
10441,4/23/2023 1:47:00 AM,-9.80
10441,4/23/2023 1:47:00 AM,-9.74
10441,4/23/2023 1:47:00 AM,-9.62
10441,4/23/2023 1:47:00 AM,-9.68
10441,4/23/2023 1:47:00 AM,-9.62
10441,4/23/2023 1:47:00 AM,-9.68
10441,4/23/2023 1:47:00 AM,-9.62
10441,4/23/2023 1:48:00 AM,-9.74
10441,4/23/2023 1:48:00 AM,-9.62
10441,4/23/2023 1:48:00 AM,-9.68
10441,4/23/2023 1:48:00 AM,-9.50
10441,4/23/2023 1:48:00 AM,-9.38
10441,4/23/2023 1:48:00 AM,-9.74
10441,4/23/2023 1:48:00 AM,-9.62
10441,4/23/2023 1:48:00 AM,-9.56
10441,4/23/2023 1:48:00 AM,-9.62
10441,4/23/2023 1:49:00 AM,-9.62
10441,4/23/2023 1:49:00 AM,-9.86
10441,4/23/2023 1:49:00 AM,-9.50
10441,4/23/2023 1:49:00 AM,-9.68
10441,4/23/2023 1:49:00 AM,-9.74
10441,4/23/2023 1:49:00 AM,-9.80
10441,4/23/2023 1:49:00 AM,-9.74
10441,4/23/2023 1:49:00 AM,-9.68
10441,4/23/2023 1:49:00 AM,-9.68
10441,4/23/2023 1:49:00 AM,-9.62
10441,4/23/2023 1:49:00 AM,-9.68
10441,4/23/2023 1:50:00 AM,-9.56
10441,4/23/2023 1:50:00 AM,-9.62
10441,4/23/2023 1:50:00 AM,-9.74
10441,4/23/2023 1:50:00 AM,-9.14
10441,4/23/2023 1:50:00 AM,-9.38
10441,4/23/2023 1:50:00 AM,-9.80
10441,4/23/2023 1:50:00 AM,-9.74
10441,4/23/2023 1:50:00 AM,-9.68
10441,4/23/2023 1:50:00 AM,-9.98
10441,4/23/2023 1:50:00 AM,-10.22
10441,4/23/2023 1:50:00 AM,-9.62
10441,4/23/2023 1:50:00 AM,-9.68
10441,4/23/2023 1:51:00 AM,-9.86
10441,4/23/2023 1:51:00 AM,-9.68
10441,4/23/2023 1:51:00 AM,-9.80
10441,4/23/2023 1:51:00 AM,-9.56
10441,4/23/2023 1:51:00 AM,-9.80
10441,4/23/2023 1:51:00 AM,-9.68
10441,4/23/2023 1:51:00 AM,-10.04
10441,4/23/2023 1:51:00 AM,-9.56
10441,4/23/2023 1:51:00 AM,-9.62
10441,4/23/2023 1:51:00 AM,-9.68
10441,4/23/2023 1:52:00 AM,-9.68
10441,4/23/2023 1:52:00 AM,-9.62
10441,4/23/2023 1:52:00 AM,-9.74
10441,4/23/2023 1:52:00 AM,-9.68
10441,4/23/2023 1:52:00 AM,-9.74
10441,4/23/2023 1:52:00 AM,-9.68
10441,4/23/2023 1:52:00 AM,-9.80
10441,4/23/2023 1:52:00 AM,-9.74
10441,4/23/2023 1:53:00 AM,-9.68
10441,4/23/2023 1:53:00 AM,-9.62
10441,4/23/2023 1:53:00 AM,-9.80
10441,4/23/2023 1:53:00 AM,-9.74
10441,4/23/2023 1:53:00 AM,-9.56
10441,4/23/2023 1:53:00 AM,-9.74
10441,4/23/2023 1:53:00 AM,-9.62
10441,4/23/2023 1:53:00 AM,-9.74
10441,4/23/2023 1:53:00 AM,-9.68
10441,4/23/2023 1:53:00 AM,-9.50
10441,4/23/2023 1:53:00 AM,-9.62
10441,4/23/2023 1:54:00 AM,-9.68
10441,4/23/2023 1:54:00 AM,-9.62
10441,4/23/2023 1:54:00 AM,-9.74
10441,4/23/2023 1:54:00 AM,-9.68
10441,4/23/2023 1:55:00 AM,-9.62
10441,4/23/2023 1:55:00 AM,-9.68
10441,4/23/2023 1:56:00 AM,-9.74
10441,4/23/2023 1:57:00 AM,-9.80
10441,4/23/2023 1:57:00 AM,-9.86
10441,4/23/2023 1:57:00 AM,-9.62
10441,4/23/2023 1:57:00 AM,-9.74
10441,4/23/2023 1:57:00 AM,-9.68
10441,4/23/2023 1:57:00 AM,-9.20
10441,4/23/2023 1:57:00 AM,-9.80
10441,4/23/2023 1:57:00 AM,-9.26
10441,4/23/2023 1:57:00 AM,-9.62
10441,4/23/2023 1:57:00 AM,-9.74
10441,4/23/2023 1:57:00 AM,-9.68
10441,4/23/2023 1:57:00 AM,-9.56
10441,4/23/2023 1:57:00 AM,-9.74
10441,4/23/2023 1:59:00 AM,-9.74
10441,4/23/2023 2:00:00 AM,-9.68
10441,4/23/2023 2:00:00 AM,-9.74
10441,4/23/2023 2:00:00 AM,-9.68
10441,4/23/2023 2:00:00 AM,-9.86
10441,4/23/2023 2:00:00 AM,-9.74
10441,4/23/2023 2:00:00 AM,-9.86
10441,4/23/2023 2:00:00 AM,-9.80
10441,4/23/2023 2:01:00 AM,-9.68
10441,4/23/2023 2:01:00 AM,-9.62
10441,4/23/2023 2:01:00 AM,-9.80
10441,4/23/2023 2:01:00 AM,-9.68
10441,4/23/2023 2:01:00 AM,-9.74
10441,4/23/2023 2:01:00 AM,-9.68
10441,4/23/2023 2:01:00 AM,-9.50
10441,4/23/2023 2:01:00 AM,-9.92
10441,4/23/2023 2:01:00 AM,-9.74
10441,4/23/2023 2:01:00 AM,-9.80
10441,4/23/2023 2:01:00 AM,-9.74
10441,4/23/2023 2:02:00 AM,-9.62
10441,4/23/2023 2:02:00 AM,-9.74
10441,4/23/2023 2:02:00 AM,-9.62
10441,4/23/2023 2:02:00 AM,-9.68
10441,4/23/2023 2:02:00 AM,-9.80
10441,4/23/2023 2:02:00 AM,-9.68
10441,4/23/2023 2:02:00 AM,-9.80
10441,4/23/2023 2:02:00 AM,-9.80
10441,4/23/2023 2:02:00 AM,-9.68
10441,4/23/2023 2:02:00 AM,-9.62
10441,4/23/2023 2:03:00 AM,-9.80
10441,4/23/2023 2:03:00 AM,-9.86
10441,4/23/2023 2:03:00 AM,-9.80
10441,4/23/2023 2:03:00 AM,-9.86
10441,4/23/2023 2:03:00 AM,-9.80
10441,4/23/2023 2:03:00 AM,-9.74
10441,4/23/2023 2:03:00 AM,-9.68
10441,4/23/2023 2:03:00 AM,-9.86
10441,4/23/2023 2:03:00 AM,-9.74
10441,4/23/2023 2:03:00 AM,-9.92
10441,4/23/2023 2:03:00 AM,-9.74
10441,4/23/2023 2:03:00 AM,-9.80
10441,4/23/2023 2:04:00 AM,-9.74
10441,4/23/2023 2:04:00 AM,-9.68
10441,4/23/2023 2:04:00 AM,-9.74
10441,4/23/2023 2:04:00 AM,-9.68
10441,4/23/2023 2:04:00 AM,-10.28
10441,4/23/2023 2:04:00 AM,-10.04
10441,4/23/2023 2:04:00 AM,-9.74
10441,4/23/2023 2:04:00 AM,-9.62
10441,4/23/2023 2:04:00 AM,-9.68
10441,4/23/2023 2:04:00 AM,-9.80
10441,4/23/2023 2:05:00 AM,-9.74
10441,4/23/2023 2:05:00 AM,-9.68
10441,4/23/2023 2:05:00 AM,-9.74
10441,4/23/2023 2:05:00 AM,-9.68
10441,4/23/2023 2:05:00 AM,-9.56
10441,4/23/2023 2:05:00 AM,-9.74
10441,4/23/2023 2:05:00 AM,-9.86
10441,4/23/2023 2:05:00 AM,-9.80
10441,4/23/2023 2:05:00 AM,-9.74
10441,4/23/2023 2:06:00 AM,-9.68
10441,4/23/2023 2:06:00 AM,-9.86
10441,4/23/2023 2:06:00 AM,-9.62
10441,4/23/2023 2:06:00 AM,-9.68
10441,4/23/2023 2:06:00 AM,-9.74
10441,4/23/2023 2:06:00 AM,-9.62
10441,4/23/2023 2:06:00 AM,-9.56
10441,4/23/2023 2:07:00 AM,-9.68
10441,4/23/2023 2:07:00 AM,-9.80
10441,4/23/2023 2:07:00 AM,-9.62
10441,4/23/2023 2:07:00 AM,-9.38
10441,4/23/2023 2:07:00 AM,-9.74
10441,4/23/2023 2:07:00 AM,-9.62
10441,4/23/2023 2:07:00 AM,-9.68
10441,4/23/2023 2:07:00 AM,-9.62
10441,4/23/2023 2:07:00 AM,-9.56
10441,4/23/2023 2:07:00 AM,-9.62
10441,4/23/2023 2:07:00 AM,-9.74
10441,4/23/2023 2:07:00 AM,-9.56
10441,4/23/2023 2:08:00 AM,-9.20
10441,4/23/2023 2:08:00 AM,-9.50
10441,4/23/2023 2:08:00 AM,-9.62
10441,4/23/2023 2:08:00 AM,-9.50
10441,4/23/2023 2:08:00 AM,-9.68
10441,4/23/2023 2:08:00 AM,-9.62
10441,4/23/2023 2:08:00 AM,-9.56
10441,4/23/2023 2:08:00 AM,-9.68
10441,4/23/2023 2:08:00 AM,-9.74
10441,4/23/2023 2:09:00 AM,-9.68
10441,4/23/2023 2:09:00 AM,-9.62
10441,4/23/2023 2:09:00 AM,-9.68
10441,4/23/2023 2:09:00 AM,-9.62
10441,4/23/2023 2:09:00 AM,-9.68
10441,4/23/2023 2:09:00 AM,-9.74
10441,4/23/2023 2:09:00 AM,-9.68
10441,4/23/2023 2:09:00 AM,-10.04
10441,4/23/2023 2:10:00 AM,-9.56
10441,4/23/2023 2:10:00 AM,-9.80
10441,4/23/2023 2:10:00 AM,-9.68
10441,4/23/2023 2:10:00 AM,-9.56
10441,4/23/2023 2:10:00 AM,-9.92
10441,4/23/2023 2:10:00 AM,-9.86
10441,4/23/2023 2:10:00 AM,-9.08
10441,4/23/2023 2:10:00 AM,-9.62
10441,4/23/2023 2:10:00 AM,-9.44
10441,4/23/2023 2:10:00 AM,-9.62
10441,4/23/2023 2:11:00 AM,-9.50
10441,4/23/2023 2:11:00 AM,-9.56
10441,4/23/2023 2:11:00 AM,-9.44
10441,4/23/2023 2:11:00 AM,-9.56
10441,4/23/2023 2:11:00 AM,-9.50
10441,4/23/2023 2:11:00 AM,-9.44
10441,4/23/2023 2:11:00 AM,-9.50
10441,4/23/2023 2:11:00 AM,-9.44
10441,4/23/2023 2:11:00 AM,-9.38
10441,4/23/2023 2:12:00 AM,-9.80
10441,4/23/2023 2:12:00 AM,-9.44
10441,4/23/2023 2:12:00 AM,-9.56
10441,4/23/2023 2:12:00 AM,-9.68
10441,4/23/2023 2:12:00 AM,-9.38
10441,4/23/2023 2:12:00 AM,-9.32
10441,4/23/2023 2:12:00 AM,-9.38
10441,4/23/2023 2:12:00 AM,-9.56
10441,4/23/2023 2:12:00 AM,-9.68
10441,4/23/2023 2:13:00 AM,-9.50
10441,4/23/2023 2:13:00 AM,-9.44
10441,4/23/2023 2:13:00 AM,-9.56
10441,4/23/2023 2:13:00 AM,-9.50
10441,4/23/2023 2:13:00 AM,-9.44
10441,4/23/2023 2:13:00 AM,-9.38
10441,4/23/2023 2:13:00 AM,-9.32
10441,4/23/2023 2:13:00 AM,-9.38
10441,4/23/2023 2:13:00 AM,-9.44
10441,4/23/2023 2:13:00 AM,-9.38
10441,4/23/2023 2:14:00 AM,-9.50
10441,4/23/2023 2:14:00 AM,-9.38
10441,4/23/2023 2:14:00 AM,-9.32
10441,4/23/2023 2:14:00 AM,-9.26
10441,4/23/2023 2:14:00 AM,-9.20
10441,4/23/2023 2:14:00 AM,-9.26
10441,4/23/2023 2:14:00 AM,-9.56
10441,4/23/2023 2:14:00 AM,-9.44
10441,4/23/2023 2:14:00 AM,-9.50
10441,4/23/2023 2:14:00 AM,-9.44
10441,4/23/2023 2:15:00 AM,-9.50
10441,4/23/2023 2:15:00 AM,-9.38
10441,4/23/2023 2:15:00 AM,-9.20
10441,4/23/2023 2:15:00 AM,-9.38
10441,4/23/2023 2:15:00 AM,-9.62
10441,4/23/2023 2:15:00 AM,-9.56
10441,4/23/2023 2:15:00 AM,-9.44
10441,4/23/2023 2:15:00 AM,-9.56
10441,4/23/2023 2:15:00 AM,-9.50
10441,4/23/2023 2:15:00 AM,-9.56
10441,4/23/2023 2:15:00 AM,-9.38
10441,4/23/2023 2:15:00 AM,-9.44
10441,4/23/2023 2:16:00 AM,-9.44
10441,4/23/2023 2:16:00 AM,-9.32
10441,4/23/2023 2:16:00 AM,-9.44
10441,4/23/2023 2:16:00 AM,-9.50
10441,4/23/2023 2:16:00 AM,-9.38
10441,4/23/2023 2:16:00 AM,-9.02
10441,4/23/2023 2:16:00 AM,-9.44
10441,4/23/2023 2:16:00 AM,-9.74
10441,4/23/2023 2:16:00 AM,-9.26
10441,4/23/2023 2:16:00 AM,-9.32
10441,4/23/2023 2:16:00 AM,-9.14
10441,4/23/2023 2:17:00 AM,-9.68
10441,4/23/2023 2:17:00 AM,-9.50
10441,4/23/2023 2:17:00 AM,-9.44
10441,4/23/2023 2:17:00 AM,-9.26
10441,4/23/2023 2:17:00 AM,-9.44
10441,4/23/2023 2:17:00 AM,-9.38
10441,4/23/2023 2:18:00 AM,-9.50
10441,4/23/2023 2:18:00 AM,-9.38
10441,4/23/2023 2:18:00 AM,-9.44
10441,4/23/2023 2:18:00 AM,-9.38
10441,4/23/2023 2:18:00 AM,-9.56
10441,4/23/2023 2:18:00 AM,-9.44
10441,4/23/2023 2:18:00 AM,-9.50
10441,4/23/2023 2:18:00 AM,-9.44
10441,4/23/2023 2:18:00 AM,-9.50
10441,4/23/2023 2:19:00 AM,-9.44
10441,4/23/2023 2:19:00 AM,-9.56
10441,4/23/2023 2:19:00 AM,-9.62
10441,4/23/2023 2:19:00 AM,-9.68
10441,4/23/2023 2:19:00 AM,-9.62
10441,4/23/2023 2:19:00 AM,-9.56
10441,4/23/2023 2:19:00 AM,-9.50
10441,4/23/2023 2:19:00 AM,-9.38
10441,4/23/2023 2:19:00 AM,-9.50
10441,4/23/2023 2:19:00 AM,-9.62
10441,4/23/2023 2:19:00 AM,-9.86
10441,4/23/2023 2:20:00 AM,-9.50
10441,4/23/2023 2:20:00 AM,-9.56
10441,4/23/2023 2:20:00 AM,-9.50
10441,4/23/2023 2:20:00 AM,-9.44
10441,4/23/2023 2:20:00 AM,-9.50
10441,4/23/2023 2:20:00 AM,-9.44
10441,4/23/2023 2:20:00 AM,-9.38
10441,4/23/2023 2:20:00 AM,-9.50
10441,4/23/2023 2:20:00 AM,-9.44
10441,4/23/2023 2:20:00 AM,-9.50
10441,4/23/2023 2:20:00 AM,-9.56
10441,4/23/2023 2:21:00 AM,-9.50
10441,4/23/2023 2:21:00 AM,-9.56
10441,4/23/2023 2:21:00 AM,-9.50
10441,4/23/2023 2:21:00 AM,-9.68
10441,4/23/2023 2:21:00 AM,-10.04
10441,4/23/2023 2:21:00 AM,-9.38
10441,4/23/2023 2:21:00 AM,-9.62
10441,4/23/2023 2:21:00 AM,-9.68
10441,4/23/2023 2:21:00 AM,-9.62
10441,4/23/2023 2:21:00 AM,-9.50
10441,4/23/2023 2:21:00 AM,-9.56
10441,4/23/2023 2:21:00 AM,-10.10
10441,4/23/2023 2:22:00 AM,-9.80
10441,4/23/2023 2:22:00 AM,-9.56
10441,4/23/2023 2:22:00 AM,-9.68
10441,4/23/2023 2:22:00 AM,-9.62
10441,4/23/2023 2:22:00 AM,-9.50
10441,4/23/2023 2:22:00 AM,-9.80
10441,4/23/2023 2:22:00 AM,-9.68
10441,4/23/2023 2:22:00 AM,-9.56
10441,4/23/2023 2:22:00 AM,-9.62
10441,4/23/2023 2:22:00 AM,-9.92
10441,4/23/2023 2:23:00 AM,-9.56
10441,4/23/2023 2:23:00 AM,-9.68
10441,4/23/2023 2:23:00 AM,-9.62
10441,4/23/2023 2:23:00 AM,-9.68
10441,4/23/2023 2:23:00 AM,-9.44
10441,4/23/2023 2:23:00 AM,-9.50
10441,4/23/2023 2:23:00 AM,-9.62
10441,4/23/2023 2:23:00 AM,-9.56
10441,4/23/2023 2:23:00 AM,-9.50
10441,4/23/2023 2:23:00 AM,-9.62
10441,4/23/2023 2:24:00 AM,-9.44
10441,4/23/2023 2:24:00 AM,-9.56
10441,4/23/2023 2:24:00 AM,-9.62
10441,4/23/2023 2:24:00 AM,-9.68
10441,4/23/2023 2:24:00 AM,-9.62
10441,4/23/2023 2:24:00 AM,-9.68
10441,4/23/2023 2:24:00 AM,-9.74
10441,4/23/2023 2:24:00 AM,-9.68
10441,4/23/2023 2:24:00 AM,-9.50
10441,4/23/2023 2:24:00 AM,-10.04
10441,4/23/2023 2:24:00 AM,-9.80
10441,4/23/2023 2:24:00 AM,-9.74
10441,4/23/2023 2:25:00 AM,-9.68
10441,4/23/2023 2:25:00 AM,-9.62
10441,4/23/2023 2:25:00 AM,-9.68
10441,4/23/2023 2:25:00 AM,-9.62
10441,4/23/2023 2:25:00 AM,-9.26
10441,4/23/2023 2:25:00 AM,-9.02
10441,4/23/2023 2:25:00 AM,-10.22
10441,4/23/2023 2:25:00 AM,-9.68
10441,4/23/2023 2:25:00 AM,-9.92
10441,4/23/2023 2:25:00 AM,-9.68
10441,4/23/2023 2:26:00 AM,-9.68
10441,4/23/2023 2:26:00 AM,-9.80
10441,4/23/2023 2:26:00 AM,-9.50
10441,4/23/2023 2:26:00 AM,-9.86
10441,4/23/2023 2:26:00 AM,-9.74
10441,4/23/2023 2:26:00 AM,-9.62
10441,4/23/2023 2:26:00 AM,-9.44
10441,4/23/2023 2:26:00 AM,-9.74
10441,4/23/2023 2:26:00 AM,-9.68
10441,4/23/2023 2:27:00 AM,-9.86
10441,4/23/2023 2:27:00 AM,-9.74
10441,4/23/2023 2:27:00 AM,-9.68
10441,4/23/2023 2:27:00 AM,-9.74
10441,4/23/2023 2:27:00 AM,-9.80
10441,4/23/2023 2:28:00 AM,-9.74
10441,4/23/2023 2:28:00 AM,-9.80
10441,4/23/2023 2:28:00 AM,-9.02
10441,4/23/2023 2:28:00 AM,-10.45
10441,4/23/2023 2:28:00 AM,-9.68
10441,4/23/2023 2:28:00 AM,-9.74
10441,4/23/2023 2:28:00 AM,-9.80
10441,4/23/2023 2:28:00 AM,-9.86
10441,4/23/2023 2:29:00 AM,-9.80
10441,4/23/2023 2:29:00 AM,-9.74
10441,4/23/2023 2:30:00 AM,-9.80
10441,4/23/2023 2:30:00 AM,-9.62
10441,4/23/2023 2:30:00 AM,-9.80
10441,4/23/2023 2:30:00 AM,-9.74
10441,4/23/2023 2:30:00 AM,-9.80
10441,4/23/2023 2:30:00 AM,-9.68
10441,4/23/2023 2:30:00 AM,-9.74
10441,4/23/2023 2:30:00 AM,-9.80
10441,4/23/2023 2:30:00 AM,-9.62
10441,4/23/2023 2:30:00 AM,-9.56
10441,4/23/2023 2:30:00 AM,-9.86
10441,4/23/2023 2:30:00 AM,-9.80
10441,4/23/2023 2:31:00 AM,-9.80
10441,4/23/2023 2:31:00 AM,-9.86
10441,4/23/2023 2:31:00 AM,-9.80
10441,4/23/2023 2:31:00 AM,-9.86
10441,4/23/2023 2:31:00 AM,-9.62
10441,4/23/2023 2:31:00 AM,-9.86
10441,4/23/2023 2:31:00 AM,-9.80
10441,4/23/2023 2:31:00 AM,-10.16
10441,4/23/2023 2:31:00 AM,-9.68
10441,4/23/2023 2:31:00 AM,-9.98
10441,4/23/2023 2:31:00 AM,-9.86
10441,4/23/2023 2:32:00 AM,-9.98
10441,4/23/2023 2:32:00 AM,-9.86
10441,4/23/2023 2:32:00 AM,-9.74
10441,4/23/2023 2:32:00 AM,-9.86
10441,4/23/2023 2:32:00 AM,-9.68
10441,4/23/2023 2:32:00 AM,-10.10
10441,4/23/2023 2:33:00 AM,-9.80
10441,4/23/2023 2:33:00 AM,-9.74
10441,4/23/2023 2:33:00 AM,-9.62
10441,4/23/2023 2:33:00 AM,-9.92
10441,4/23/2023 2:33:00 AM,-9.86
10441,4/23/2023 2:33:00 AM,-9.74
10441,4/23/2023 2:33:00 AM,-9.86
10441,4/23/2023 2:33:00 AM,-9.92
10441,4/23/2023 2:33:00 AM,-9.86
10441,4/23/2023 2:33:00 AM,-9.74
10441,4/23/2023 2:33:00 AM,-9.44
10441,4/23/2023 2:33:00 AM,-9.80
10441,4/23/2023 2:33:00 AM,-9.74
10441,4/23/2023 2:34:00 AM,-9.86
10441,4/23/2023 2:34:00 AM,-9.80
10441,4/23/2023 2:34:00 AM,-9.86
10441,4/23/2023 2:34:00 AM,-9.80
10441,4/23/2023 2:34:00 AM,-9.80
10441,4/23/2023 2:34:00 AM,-9.74
10441,4/23/2023 2:34:00 AM,-9.80
10441,4/23/2023 2:35:00 AM,-10.04
10441,4/23/2023 2:35:00 AM,-9.68
10441,4/23/2023 2:35:00 AM,-9.92
10441,4/23/2023 2:35:00 AM,-9.74
10441,4/23/2023 2:35:00 AM,-9.86
10441,4/23/2023 2:35:00 AM,-9.80
10441,4/23/2023 2:35:00 AM,-9.86
10441,4/23/2023 2:35:00 AM,-9.80
10441,4/23/2023 2:35:00 AM,-9.68
10441,4/23/2023 2:35:00 AM,-9.80
10441,4/23/2023 2:35:00 AM,-9.86
10441,4/23/2023 2:35:00 AM,-9.92
10441,4/23/2023 2:36:00 AM,-9.86
10441,4/23/2023 2:36:00 AM,-9.80
10441,4/23/2023 2:36:00 AM,-9.92
10441,4/23/2023 2:36:00 AM,-9.50
10441,4/23/2023 2:36:00 AM,-10.16
10441,4/23/2023 2:36:00 AM,-9.56
10441,4/23/2023 2:36:00 AM,-9.80
10441,4/23/2023 2:36:00 AM,-9.74
10441,4/23/2023 2:36:00 AM,-9.80
10441,4/23/2023 2:36:00 AM,-9.86
10441,4/23/2023 2:36:00 AM,-9.92
10441,4/23/2023 2:36:00 AM,-9.80
10441,4/23/2023 2:37:00 AM,-9.86
10441,4/23/2023 2:37:00 AM,-9.80
10441,4/23/2023 2:37:00 AM,-9.92
10441,4/23/2023 2:37:00 AM,-9.80
10441,4/23/2023 2:37:00 AM,-9.98
10441,4/23/2023 2:37:00 AM,-9.56
10441,4/23/2023 2:37:00 AM,-9.74
10441,4/23/2023 2:37:00 AM,-9.80
10441,4/23/2023 2:37:00 AM,-9.86
10441,4/23/2023 2:37:00 AM,-9.80
10441,4/23/2023 2:37:00 AM,-9.62
10441,4/23/2023 2:37:00 AM,-9.68
10441,4/23/2023 2:38:00 AM,-9.74
10441,4/23/2023 2:38:00 AM,-9.86
10441,4/23/2023 2:38:00 AM,-9.80
10441,4/23/2023 2:38:00 AM,-9.68
10441,4/23/2023 2:38:00 AM,-9.50
10441,4/23/2023 2:38:00 AM,-9.62
10441,4/23/2023 2:38:00 AM,-9.80
10441,4/23/2023 2:38:00 AM,-10.10
10441,4/23/2023 2:38:00 AM,-9.62
10441,4/23/2023 2:38:00 AM,-9.68
10441,4/23/2023 2:38:00 AM,-9.74
10441,4/23/2023 2:38:00 AM,-9.80
10441,4/23/2023 2:38:00 AM,-9.74
10441,4/23/2023 2:39:00 AM,-9.74
10441,4/23/2023 2:39:00 AM,-9.68
10441,4/23/2023 2:39:00 AM,-9.74
10441,4/23/2023 2:39:00 AM,-9.68
10441,4/23/2023 2:39:00 AM,-9.74
10441,4/23/2023 2:39:00 AM,-9.68
10441,4/23/2023 2:39:00 AM,-9.62
10441,4/23/2023 2:39:00 AM,-9.98
10441,4/23/2023 2:39:00 AM,-9.80
10441,4/23/2023 2:39:00 AM,-9.74
10441,4/23/2023 2:39:00 AM,-9.68
10441,4/23/2023 2:39:00 AM,-9.80
10441,4/23/2023 2:40:00 AM,-9.74
10441,4/23/2023 2:40:00 AM,-9.62
10441,4/23/2023 2:40:00 AM,-9.74
10441,4/23/2023 2:40:00 AM,-10.28
10441,4/23/2023 2:40:00 AM,-9.62
10441,4/23/2023 2:41:00 AM,-9.80
10441,4/23/2023 2:41:00 AM,-9.44
10441,4/23/2023 2:41:00 AM,-9.56
10441,4/23/2023 2:41:00 AM,-9.62
10441,4/23/2023 2:42:00 AM,-9.56
10441,4/23/2023 2:42:00 AM,-9.68
10441,4/23/2023 2:42:00 AM,-9.62
10441,4/23/2023 2:42:00 AM,-9.50
10441,4/23/2023 2:42:00 AM,-9.62
10441,4/23/2023 2:42:00 AM,-9.68
10441,4/23/2023 2:42:00 AM,-9.62
10441,4/23/2023 2:42:00 AM,-9.68
10441,4/23/2023 2:42:00 AM,-9.56
10441,4/23/2023 2:42:00 AM,-9.50
10441,4/23/2023 2:43:00 AM,-9.44
10441,4/23/2023 2:43:00 AM,-9.56
10441,4/23/2023 2:43:00 AM,-9.20
10441,4/23/2023 2:43:00 AM,-9.68
10441,4/23/2023 2:43:00 AM,-9.32
10441,4/23/2023 2:43:00 AM,-9.74
10441,4/23/2023 2:43:00 AM,-9.44
10441,4/23/2023 2:43:00 AM,-9.50
10441,4/23/2023 2:43:00 AM,-9.56
10441,4/23/2023 2:43:00 AM,-9.50
10441,4/23/2023 2:44:00 AM,-9.44
10441,4/23/2023 2:44:00 AM,-9.38
10441,4/23/2023 2:44:00 AM,-9.68
10441,4/23/2023 2:44:00 AM,-9.74
10441,4/23/2023 2:44:00 AM,-9.62
10441,4/23/2023 2:44:00 AM,-9.50
10441,4/23/2023 2:44:00 AM,-9.56
10441,4/23/2023 2:44:00 AM,-9.38
10441,4/23/2023 2:45:00 AM,-9.62
10441,4/23/2023 2:45:00 AM,-9.56
10441,4/23/2023 2:45:00 AM,-9.50
10441,4/23/2023 2:45:00 AM,-9.56
10441,4/23/2023 2:45:00 AM,-9.50
10441,4/23/2023 2:45:00 AM,-9.50
10441,4/23/2023 2:45:00 AM,-9.86
10441,4/23/2023 2:45:00 AM,-9.68
10441,4/23/2023 2:45:00 AM,-9.50
10441,4/23/2023 2:45:00 AM,-9.56
10441,4/23/2023 2:45:00 AM,-9.50
10441,4/23/2023 2:46:00 AM,-9.44
10441,4/23/2023 2:46:00 AM,-9.38
10441,4/23/2023 2:46:00 AM,-9.44
10441,4/23/2023 2:46:00 AM,-9.38
10441,4/23/2023 2:46:00 AM,-9.44
10441,4/23/2023 2:46:00 AM,-9.80
10441,4/23/2023 2:46:00 AM,-8.90
10441,4/23/2023 2:46:00 AM,-9.26
10441,4/23/2023 2:46:00 AM,-9.32
10441,4/23/2023 2:46:00 AM,-9.50
10441,4/23/2023 2:47:00 AM,-9.56
10441,4/23/2023 2:47:00 AM,-9.50
10441,4/23/2023 2:47:00 AM,-9.44
10441,4/23/2023 2:47:00 AM,-9.26
10441,4/23/2023 2:47:00 AM,-9.44
10441,4/23/2023 2:47:00 AM,-9.50
10441,4/23/2023 2:47:00 AM,-9.44
10441,4/23/2023 2:47:00 AM,-9.50
10441,4/23/2023 2:47:00 AM,-9.44
10441,4/23/2023 2:47:00 AM,-9.50
10441,4/23/2023 2:48:00 AM,-9.50
10441,4/23/2023 2:48:00 AM,-9.38
10441,4/23/2023 2:48:00 AM,-9.44
10441,4/23/2023 2:48:00 AM,-9.68
10441,4/23/2023 2:48:00 AM,-9.62
10441,4/23/2023 2:48:00 AM,-9.50
10441,4/23/2023 2:48:00 AM,-9.38
10441,4/23/2023 2:48:00 AM,-9.44
10441,4/23/2023 2:48:00 AM,-9.56
10441,4/23/2023 2:48:00 AM,-9.80
10441,4/23/2023 2:49:00 AM,-9.50
10441,4/23/2023 2:49:00 AM,-9.44
10441,4/23/2023 2:49:00 AM,-9.56
10441,4/23/2023 2:49:00 AM,-9.44
10441,4/23/2023 2:49:00 AM,-9.32
10441,4/23/2023 2:49:00 AM,-9.68
10441,4/23/2023 2:50:00 AM,-9.62
10441,4/23/2023 2:50:00 AM,-9.44
10441,4/23/2023 2:50:00 AM,-9.50
10441,4/23/2023 2:50:00 AM,-9.32
10441,4/23/2023 2:50:00 AM,-9.44
10441,4/23/2023 2:50:00 AM,-9.38
10441,4/23/2023 2:51:00 AM,-9.44
10441,4/23/2023 2:51:00 AM,-9.32
10441,4/23/2023 2:51:00 AM,-9.44
10441,4/23/2023 2:51:00 AM,-9.38
10441,4/23/2023 2:51:00 AM,-9.44
10441,4/23/2023 2:51:00 AM,-9.44
10441,4/23/2023 2:51:00 AM,-9.32
10441,4/23/2023 2:51:00 AM,-9.38
10441,4/23/2023 2:51:00 AM,-9.44
10441,4/23/2023 2:51:00 AM,-9.08
10441,4/23/2023 2:51:00 AM,-9.50
10441,4/23/2023 2:52:00 AM,-9.38
10441,4/23/2023 2:52:00 AM,-9.44
10441,4/23/2023 2:52:00 AM,-9.32
10441,4/23/2023 2:52:00 AM,-9.62
10441,4/23/2023 2:52:00 AM,-9.44
10441,4/23/2023 2:52:00 AM,-9.14
10441,4/23/2023 2:52:00 AM,-9.68
10441,4/23/2023 2:52:00 AM,-9.56
10441,4/23/2023 2:52:00 AM,-9.50
10441,4/23/2023 2:52:00 AM,-9.44
10441,4/23/2023 2:53:00 AM,-9.50
10441,4/23/2023 2:53:00 AM,-9.56
10441,4/23/2023 2:53:00 AM,-9.44
10441,4/23/2023 2:53:00 AM,-9.32
10441,4/23/2023 2:53:00 AM,-9.44
10441,4/23/2023 2:53:00 AM,-9.32
10441,4/23/2023 2:53:00 AM,-9.38
10441,4/23/2023 2:53:00 AM,-9.44
10441,4/23/2023 2:54:00 AM,-9.38
10441,4/23/2023 2:54:00 AM,-9.68
10441,4/23/2023 2:54:00 AM,-9.56
10441,4/23/2023 2:54:00 AM,-9.50
10441,4/23/2023 2:54:00 AM,-9.44
10441,4/23/2023 2:54:00 AM,-9.38
10441,4/23/2023 2:54:00 AM,-9.50
10441,4/23/2023 2:54:00 AM,-9.68
10441,4/23/2023 2:55:00 AM,-9.50
10441,4/23/2023 2:55:00 AM,-9.56
10441,4/23/2023 2:55:00 AM,-9.32
10441,4/23/2023 2:55:00 AM,-9.38
10441,4/23/2023 2:55:00 AM,-9.32
10441,4/23/2023 2:55:00 AM,-9.26
10441,4/23/2023 2:55:00 AM,-9.62
10441,4/23/2023 2:55:00 AM,-9.68
10441,4/23/2023 2:55:00 AM,-9.44
10441,4/23/2023 2:55:00 AM,-9.50
10441,4/23/2023 2:55:00 AM,-9.56
10441,4/23/2023 2:55:00 AM,-9.44
10441,4/23/2023 2:56:00 AM,-9.08
10441,4/23/2023 2:56:00 AM,-9.32
10441,4/23/2023 2:56:00 AM,-9.56
10441,4/23/2023 2:56:00 AM,-9.92
10441,4/23/2023 2:56:00 AM,-9.56
10441,4/23/2023 2:56:00 AM,-9.32
10441,4/23/2023 2:56:00 AM,-9.50
10441,4/23/2023 2:56:00 AM,-9.38
10441,4/23/2023 2:56:00 AM,-9.50
10441,4/23/2023 2:56:00 AM,-9.44
10441,4/23/2023 2:56:00 AM,-9.56
10441,4/23/2023 2:57:00 AM,-9.32
10441,4/23/2023 2:57:00 AM,-9.38
10441,4/23/2023 2:57:00 AM,-9.50
10441,4/23/2023 2:57:00 AM,-9.50
10441,4/23/2023 2:57:00 AM,-9.56
10441,4/23/2023 2:57:00 AM,-9.26
10441,4/23/2023 2:57:00 AM,-9.56
10441,4/23/2023 2:57:00 AM,-9.92
10441,4/23/2023 2:57:00 AM,-9.38
10441,4/23/2023 2:57:00 AM,-9.44
10441,4/23/2023 2:57:00 AM,-9.38
10441,4/23/2023 2:57:00 AM,-9.50
10441,4/23/2023 2:57:00 AM,-9.56
10441,4/23/2023 2:57:00 AM,-9.50
10441,4/23/2023 2:58:00 AM,-9.56
10441,4/23/2023 2:58:00 AM,-9.32
10441,4/23/2023 2:58:00 AM,-9.38
10441,4/23/2023 2:58:00 AM,-9.44
10441,4/23/2023 2:58:00 AM,-9.62
10441,4/23/2023 2:58:00 AM,-9.44
10441,4/23/2023 2:58:00 AM,-9.56
10441,4/23/2023 2:58:00 AM,-9.44
10441,4/23/2023 2:58:00 AM,-9.32
10441,4/23/2023 2:58:00 AM,-9.68
10441,4/23/2023 2:58:00 AM,-9.20
10441,4/23/2023 2:58:00 AM,-9.44
10441,4/23/2023 2:58:00 AM,-9.62
10441,4/23/2023 2:58:00 AM,-9.38
10441,4/23/2023 2:59:00 AM,-9.62
10441,4/23/2023 2:59:00 AM,-9.50
10441,4/23/2023 2:59:00 AM,-9.20
10441,4/23/2023 2:59:00 AM,-9.38
10441,4/23/2023 2:59:00 AM,-9.50
10441,4/23/2023 2:59:00 AM,-9.08
10441,4/23/2023 2:59:00 AM,-9.44
10441,4/23/2023 2:59:00 AM,-9.50
10441,4/23/2023 2:59:00 AM,-9.02
10441,4/23/2023 2:59:00 AM,-9.32
10441,4/23/2023 2:59:00 AM,-9.38
10441,4/23/2023 2:59:00 AM,-9.50
10441,4/23/2023 2:59:00 AM,-9.38
10441,4/23/2023 2:59:00 AM,-9.32
10441,4/23/2023 3:00:00 AM,-9.74
10441,4/23/2023 3:00:00 AM,-9.62
10441,4/23/2023 3:00:00 AM,-9.14
10441,4/23/2023 3:00:00 AM,-9.74
10441,4/23/2023 3:00:00 AM,-9.38
10441,4/23/2023 3:00:00 AM,-9.32
10441,4/23/2023 3:00:00 AM,-9.38
10441,4/23/2023 3:00:00 AM,-9.32
10441,4/23/2023 3:00:00 AM,-9.44
10441,4/23/2023 3:00:00 AM,-9.50
10441,4/23/2023 3:00:00 AM,-9.44
10441,4/23/2023 3:00:00 AM,-9.20
10441,4/23/2023 3:01:00 AM,-9.44
10441,4/23/2023 3:01:00 AM,-9.38
10441,4/23/2023 3:01:00 AM,-9.44
10441,4/23/2023 3:01:00 AM,-9.38
10441,4/23/2023 3:01:00 AM,-9.50
10441,4/23/2023 3:01:00 AM,-9.44
10441,4/23/2023 3:01:00 AM,-9.32
10441,4/23/2023 3:01:00 AM,-9.38
10441,4/23/2023 3:02:00 AM,-9.44
10441,4/23/2023 3:02:00 AM,-9.38
10441,4/23/2023 3:02:00 AM,-9.44
10441,4/23/2023 3:02:00 AM,-9.50
10441,4/23/2023 3:02:00 AM,-9.44
10441,4/23/2023 3:02:00 AM,-9.38
10441,4/23/2023 3:03:00 AM,-9.44
10441,4/23/2023 3:03:00 AM,-9.38
10441,4/23/2023 3:03:00 AM,-9.50
10441,4/23/2023 3:03:00 AM,-9.56
10441,4/23/2023 3:03:00 AM,-9.50
10441,4/23/2023 3:03:00 AM,-9.44
10441,4/23/2023 3:03:00 AM,-9.50
10441,4/23/2023 3:04:00 AM,-9.44
10441,4/23/2023 3:04:00 AM,-9.50
10441,4/23/2023 3:04:00 AM,-9.44
10441,4/23/2023 3:04:00 AM,-9.56
10441,4/23/2023 3:04:00 AM,-9.44
10441,4/23/2023 3:04:00 AM,-9.38
10441,4/23/2023 3:04:00 AM,-9.32
10441,4/23/2023 3:04:00 AM,-9.44
10441,4/23/2023 3:05:00 AM,-9.38
10441,4/23/2023 3:05:00 AM,-9.44
10441,4/23/2023 3:05:00 AM,-9.38
10441,4/23/2023 3:05:00 AM,-9.44
10441,4/23/2023 3:05:00 AM,-9.50
10441,4/23/2023 3:07:00 AM,-9.56
10441,4/23/2023 3:07:00 AM,-9.50
10441,4/23/2023 3:08:00 AM,-9.56
10441,4/23/2023 3:08:00 AM,-9.50
10441,4/23/2023 3:08:00 AM,-9.44
10441,4/23/2023 3:08:00 AM,-9.32
10441,4/23/2023 3:08:00 AM,-9.80
10441,4/23/2023 3:08:00 AM,-9.98
10441,4/23/2023 3:08:00 AM,-9.62
10441,4/23/2023 3:08:00 AM,-9.50
10441,4/23/2023 3:08:00 AM,-9.38
10441,4/23/2023 3:08:00 AM,-9.68
10441,4/23/2023 3:08:00 AM,-9.92
10441,4/23/2023 3:08:00 AM,-9.62
10441,4/23/2023 3:08:00 AM,-9.50
10441,4/23/2023 3:08:00 AM,-9.68
10441,4/23/2023 3:10:00 AM,-9.44
10441,4/23/2023 3:11:00 AM,-9.50
10441,4/23/2023 3:11:00 AM,-9.44
10441,4/23/2023 3:12:00 AM,-9.50
10441,4/23/2023 3:13:00 AM,-9.44
10441,4/23/2023 3:13:00 AM,-9.50
10441,4/23/2023 3:13:00 AM,-9.38
10441,4/23/2023 3:13:00 AM,-9.56
10441,4/23/2023 3:13:00 AM,-9.50
10441,4/23/2023 3:13:00 AM,-9.32
10441,4/23/2023 3:13:00 AM,-9.38
10441,4/23/2023 3:13:00 AM,-9.26
10441,4/23/2023 3:13:00 AM,-9.56
10441,4/23/2023 3:14:00 AM,-9.50
10441,4/23/2023 3:14:00 AM,-9.74
10441,4/23/2023 3:14:00 AM,-9.44
10441,4/23/2023 3:14:00 AM,-9.38
10441,4/23/2023 3:14:00 AM,-9.56
10441,4/23/2023 3:14:00 AM,-9.74
10441,4/23/2023 3:14:00 AM,-9.56
10441,4/23/2023 3:14:00 AM,-9.02
10441,4/23/2023 3:14:00 AM,-9.50
10441,4/23/2023 3:14:00 AM,-9.80
10441,4/23/2023 3:14:00 AM,-9.50
10441,4/23/2023 3:14:00 AM,-9.44
10441,4/23/2023 3:15:00 AM,-9.68
10441,4/23/2023 3:15:00 AM,-9.62
10441,4/23/2023 3:15:00 AM,-9.56
10441,4/23/2023 3:15:00 AM,-9.44
10441,4/23/2023 3:15:00 AM,-9.50
10441,4/23/2023 3:15:00 AM,-9.68
10441,4/23/2023 3:15:00 AM,-10.22
10441,4/23/2023 3:15:00 AM,-9.26
10441,4/23/2023 3:15:00 AM,-9.56
10441,4/23/2023 3:15:00 AM,-9.32
10441,4/23/2023 3:15:00 AM,-9.56
10441,4/23/2023 3:15:00 AM,-9.44
10441,4/23/2023 3:15:00 AM,-9.50
10441,4/23/2023 3:15:00 AM,-9.20
10441,4/23/2023 3:16:00 AM,-9.38
10441,4/23/2023 3:16:00 AM,-9.56
10441,4/23/2023 3:16:00 AM,-9.44
10441,4/23/2023 3:16:00 AM,-9.14
10441,4/23/2023 3:16:00 AM,-9.56
10441,4/23/2023 3:16:00 AM,-9.38
10441,4/23/2023 3:16:00 AM,-9.62
10441,4/23/2023 3:16:00 AM,-9.44
10441,4/23/2023 3:16:00 AM,-9.56
10441,4/23/2023 3:16:00 AM,-9.50
10441,4/23/2023 3:16:00 AM,-9.44
10441,4/23/2023 3:16:00 AM,-9.32
10441,4/23/2023 3:16:00 AM,-9.50
10441,4/23/2023 3:16:00 AM,-9.56
10441,4/23/2023 3:16:00 AM,-9.32
10441,4/23/2023 3:17:00 AM,-9.38
10441,4/23/2023 3:17:00 AM,-9.62
10441,4/23/2023 3:17:00 AM,-9.50
10441,4/23/2023 3:17:00 AM,-9.38
10441,4/23/2023 3:17:00 AM,-9.32
10441,4/23/2023 3:17:00 AM,-9.80
10441,4/23/2023 3:17:00 AM,-9.50
10441,4/23/2023 3:17:00 AM,-9.56
10441,4/23/2023 3:17:00 AM,-9.50
10441,4/23/2023 3:17:00 AM,-9.44
10441,4/23/2023 3:18:00 AM,-9.56
10441,4/23/2023 3:18:00 AM,-9.50
10441,4/23/2023 3:18:00 AM,-9.56
10441,4/23/2023 3:18:00 AM,-9.50
10441,4/23/2023 3:18:00 AM,-9.80
10441,4/23/2023 3:18:00 AM,-9.44
10441,4/23/2023 3:18:00 AM,-9.56
10441,4/23/2023 3:18:00 AM,-9.20
10441,4/23/2023 3:18:00 AM,-9.56
10441,4/23/2023 3:18:00 AM,-9.50
10441,4/23/2023 3:19:00 AM,-9.44
10441,4/23/2023 3:19:00 AM,-9.50
10441,4/23/2023 3:19:00 AM,-9.62
10441,4/23/2023 3:19:00 AM,-9.44
10441,4/23/2023 3:19:00 AM,-9.68
10441,4/23/2023 3:19:00 AM,-9.56
10441,4/23/2023 3:19:00 AM,-9.62
10441,4/23/2023 3:19:00 AM,-9.56
10441,4/23/2023 3:19:00 AM,-9.44
10441,4/23/2023 3:20:00 AM,-9.68
10441,4/23/2023 3:20:00 AM,-9.56
10441,4/23/2023 3:20:00 AM,-9.50
10441,4/23/2023 3:20:00 AM,-9.44
10441,4/23/2023 3:20:00 AM,-9.50
10441,4/23/2023 3:20:00 AM,-9.56
10441,4/23/2023 3:20:00 AM,-9.62
10441,4/23/2023 3:20:00 AM,-9.50
10441,4/23/2023 3:20:00 AM,-9.56
10441,4/23/2023 3:21:00 AM,-9.50
10441,4/23/2023 3:21:00 AM,-9.62
10441,4/23/2023 3:21:00 AM,-9.50
10441,4/23/2023 3:21:00 AM,-9.44
10441,4/23/2023 3:21:00 AM,-9.50
10441,4/23/2023 3:22:00 AM,-9.44
10441,4/23/2023 3:22:00 AM,-9.50
10441,4/23/2023 3:22:00 AM,-9.74
10441,4/23/2023 3:22:00 AM,-9.32
10441,4/23/2023 3:22:00 AM,-9.44
10441,4/23/2023 3:22:00 AM,-9.62
10441,4/23/2023 3:22:00 AM,-9.56
10441,4/23/2023 3:22:00 AM,-9.50
10441,4/23/2023 3:22:00 AM,-9.32
10441,4/23/2023 3:22:00 AM,-9.98
10441,4/23/2023 3:23:00 AM,-9.62
10441,4/23/2023 3:23:00 AM,-9.56
10441,4/23/2023 3:23:00 AM,-9.50
10441,4/23/2023 3:23:00 AM,-9.56
10441,4/23/2023 3:23:00 AM,-9.62
10441,4/23/2023 3:23:00 AM,-9.56
10441,4/23/2023 3:23:00 AM,-9.68
10441,4/23/2023 3:24:00 AM,-9.56
10441,4/23/2023 3:24:00 AM,-9.62
10441,4/23/2023 3:24:00 AM,-9.56
10441,4/23/2023 3:24:00 AM,-9.50
10441,4/23/2023 3:24:00 AM,-9.56
10441,4/23/2023 3:24:00 AM,-9.50
10441,4/23/2023 3:25:00 AM,-9.50
10441,4/23/2023 3:25:00 AM,-9.56
10441,4/23/2023 3:25:00 AM,-9.56
10441,4/23/2023 3:25:00 AM,-9.62
10441,4/23/2023 3:25:00 AM,-9.86
10441,4/23/2023 3:25:00 AM,-9.68
10441,4/23/2023 3:25:00 AM,-9.62
10441,4/23/2023 3:25:00 AM,-9.56
10441,4/23/2023 3:26:00 AM,-9.44
10441,4/23/2023 3:26:00 AM,-9.62
10441,4/23/2023 3:26:00 AM,-9.50
10441,4/23/2023 3:26:00 AM,-9.62
10441,4/23/2023 3:26:00 AM,-9.68
10441,4/23/2023 3:26:00 AM,-9.56
10441,4/23/2023 3:26:00 AM,-9.62
10441,4/23/2023 3:26:00 AM,-9.50
10441,4/23/2023 3:26:00 AM,-9.74
10441,4/23/2023 3:26:00 AM,-9.56
10441,4/23/2023 3:26:00 AM,-9.74
10441,4/23/2023 3:26:00 AM,-9.68
10441,4/23/2023 3:27:00 AM,-9.74
10441,4/23/2023 3:27:00 AM,-9.68
10441,4/23/2023 3:27:00 AM,-9.56
10441,4/23/2023 3:27:00 AM,-9.62
10441,4/23/2023 3:27:00 AM,-9.56
10441,4/23/2023 3:27:00 AM,-9.50
10441,4/23/2023 3:27:00 AM,-9.56
10441,4/23/2023 3:27:00 AM,-9.50
10441,4/23/2023 3:28:00 AM,-9.50
10441,4/23/2023 3:28:00 AM,-9.62
10441,4/23/2023 3:28:00 AM,-9.56
10441,4/23/2023 3:28:00 AM,-9.50
10441,4/23/2023 3:28:00 AM,-9.56
10441,4/23/2023 3:28:00 AM,-9.50
10441,4/23/2023 3:28:00 AM,-9.62
10441,4/23/2023 3:28:00 AM,-9.62
10441,4/23/2023 3:28:00 AM,-9.38
10441,4/23/2023 3:28:00 AM,-10.16
10441,4/23/2023 3:28:00 AM,-9.02
10441,4/23/2023 3:28:00 AM,-9.38
10441,4/23/2023 3:29:00 AM,-9.50
10441,4/23/2023 3:29:00 AM,-9.56
10441,4/23/2023 3:29:00 AM,-9.50
10441,4/23/2023 3:29:00 AM,-9.56
10441,4/23/2023 3:29:00 AM,-9.50
10441,4/23/2023 3:29:00 AM,-9.56
10441,4/23/2023 3:29:00 AM,-9.68
10441,4/23/2023 3:29:00 AM,-9.62
10441,4/23/2023 3:29:00 AM,-9.56
10441,4/23/2023 3:29:00 AM,-9.62
10441,4/23/2023 3:30:00 AM,-9.56
10441,4/23/2023 3:30:00 AM,-9.74
10441,4/23/2023 3:30:00 AM,-9.56
10441,4/23/2023 3:30:00 AM,-9.38
10441,4/23/2023 3:30:00 AM,-9.56
10441,4/23/2023 3:30:00 AM,-9.44
10441,4/23/2023 3:30:00 AM,-9.50
10441,4/23/2023 3:30:00 AM,-9.56
10441,4/23/2023 3:30:00 AM,-9.50
10441,4/23/2023 3:30:00 AM,-9.44
10441,4/23/2023 3:30:00 AM,-9.56
10441,4/23/2023 3:31:00 AM,-9.44
10441,4/23/2023 3:31:00 AM,-9.56
10441,4/23/2023 3:31:00 AM,-9.50
10441,4/23/2023 3:31:00 AM,-9.68
10441,4/23/2023 3:31:00 AM,-10.34
10441,4/23/2023 3:31:00 AM,-9.98
10441,4/23/2023 3:31:00 AM,-9.32
10441,4/23/2023 3:31:00 AM,-9.38
10441,4/23/2023 3:31:00 AM,-9.86
10441,4/23/2023 3:31:00 AM,-9.50
10441,4/23/2023 3:31:00 AM,-9.56
10441,4/23/2023 3:31:00 AM,-9.68
10441,4/23/2023 3:31:00 AM,-9.80
10441,4/23/2023 3:32:00 AM,-9.26
10441,4/23/2023 3:32:00 AM,-9.56
10441,4/23/2023 3:32:00 AM,-9.44
10441,4/23/2023 3:32:00 AM,-9.50
10441,4/23/2023 3:32:00 AM,-9.38
10441,4/23/2023 3:32:00 AM,-9.50
10441,4/23/2023 3:32:00 AM,-9.20
10441,4/23/2023 3:32:00 AM,-9.56
10441,4/23/2023 3:32:00 AM,-9.08
10441,4/23/2023 3:32:00 AM,-9.74
10441,4/23/2023 3:32:00 AM,-9.32
10441,4/23/2023 3:32:00 AM,-9.74
10441,4/23/2023 3:33:00 AM,-9.38
10441,4/23/2023 3:33:00 AM,-9.50
10441,4/23/2023 3:33:00 AM,-9.44
10441,4/23/2023 3:33:00 AM,-9.38
10441,4/23/2023 3:33:00 AM,-9.44
10441,4/23/2023 3:33:00 AM,-9.50
10441,4/23/2023 3:33:00 AM,-9.44
10441,4/23/2023 3:33:00 AM,-9.50
10441,4/23/2023 3:33:00 AM,-9.44
10441,4/23/2023 3:34:00 AM,-9.50
10441,4/23/2023 3:34:00 AM,-9.44
10441,4/23/2023 3:34:00 AM,-9.32
10441,4/23/2023 3:34:00 AM,-9.44
10441,4/23/2023 3:34:00 AM,-9.50
10441,4/23/2023 3:34:00 AM,-9.44
10441,4/23/2023 3:34:00 AM,-9.50
10441,4/23/2023 3:34:00 AM,-9.56
10441,4/23/2023 3:34:00 AM,-9.44
10441,4/23/2023 3:35:00 AM,-9.50
10441,4/23/2023 3:35:00 AM,-9.56
10441,4/23/2023 3:35:00 AM,-9.50
10441,4/23/2023 3:35:00 AM,-9.62
10441,4/23/2023 3:35:00 AM,-9.56
10441,4/23/2023 3:35:00 AM,-9.44
10441,4/23/2023 3:35:00 AM,-9.56
10441,4/23/2023 3:35:00 AM,-9.62
10441,4/23/2023 3:35:00 AM,-9.80
10441,4/23/2023 3:36:00 AM,-9.44
10441,4/23/2023 3:36:00 AM,-9.80
10441,4/23/2023 3:36:00 AM,-9.50
10441,4/23/2023 3:36:00 AM,-9.56
10441,4/23/2023 3:36:00 AM,-9.32
10441,4/23/2023 3:36:00 AM,-9.56
10441,4/23/2023 3:36:00 AM,-9.56
10441,4/23/2023 3:36:00 AM,-9.62
10441,4/23/2023 3:36:00 AM,-9.80
10441,4/23/2023 3:36:00 AM,-9.44
10441,4/23/2023 3:36:00 AM,-9.56
10441,4/23/2023 3:36:00 AM,-9.50
10441,4/23/2023 3:36:00 AM,-9.62
10441,4/23/2023 3:37:00 AM,-9.50
10441,4/23/2023 3:37:00 AM,-9.56
10441,4/23/2023 3:37:00 AM,-9.50
10441,4/23/2023 3:37:00 AM,-9.56
10441,4/23/2023 3:37:00 AM,-9.50
10441,4/23/2023 3:37:00 AM,-9.62
10441,4/23/2023 3:37:00 AM,-9.56
10441,4/23/2023 3:37:00 AM,-9.98
10441,4/23/2023 3:37:00 AM,-9.02
10441,4/23/2023 3:37:00 AM,-10.16
10441,4/23/2023 3:37:00 AM,-9.08
10441,4/23/2023 3:38:00 AM,-9.80
10441,4/23/2023 3:38:00 AM,-9.62
10441,4/23/2023 3:38:00 AM,-9.56
10441,4/23/2023 3:38:00 AM,-9.44
10441,4/23/2023 3:38:00 AM,-9.50
10441,4/23/2023 3:38:00 AM,-9.56
10441,4/23/2023 3:38:00 AM,-9.86
10441,4/23/2023 3:38:00 AM,-9.80
10441,4/23/2023 3:38:00 AM,-9.74
10441,4/23/2023 3:38:00 AM,-9.68
10441,4/23/2023 3:38:00 AM,-9.56
10441,4/23/2023 3:39:00 AM,-9.44
10441,4/23/2023 3:39:00 AM,-9.50
10441,4/23/2023 3:39:00 AM,-9.56
10441,4/23/2023 3:39:00 AM,-9.50
10441,4/23/2023 3:39:00 AM,-9.56
10441,4/23/2023 3:39:00 AM,-9.50
10441,4/23/2023 3:40:00 AM,-9.50
10441,4/23/2023 3:40:00 AM,-9.44
10441,4/23/2023 3:40:00 AM,-9.50
10441,4/23/2023 3:40:00 AM,-9.62
10441,4/23/2023 3:40:00 AM,-9.50
10441,4/23/2023 3:40:00 AM,-9.38
10441,4/23/2023 3:40:00 AM,-9.80
10441,4/23/2023 3:40:00 AM,-9.26
10441,4/23/2023 3:41:00 AM,-9.56
10441,4/23/2023 3:41:00 AM,-9.62
10441,4/23/2023 3:41:00 AM,-9.68
10441,4/23/2023 3:41:00 AM,-9.50
10441,4/23/2023 3:41:00 AM,-9.80
10441,4/23/2023 3:41:00 AM,-9.50
10441,4/23/2023 3:41:00 AM,-9.62
10441,4/23/2023 3:41:00 AM,-9.56
10441,4/23/2023 3:41:00 AM,-9.50
10441,4/23/2023 3:41:00 AM,-9.86
10441,4/23/2023 3:41:00 AM,-9.62
10441,4/23/2023 3:42:00 AM,-9.56
10441,4/23/2023 3:42:00 AM,-9.50
10441,4/23/2023 3:42:00 AM,-9.62
10441,4/23/2023 3:42:00 AM,-9.56
10441,4/23/2023 3:42:00 AM,-9.44
10441,4/23/2023 3:42:00 AM,-9.50
10441,4/23/2023 3:42:00 AM,-9.68
10441,4/23/2023 3:42:00 AM,-9.74
10441,4/23/2023 3:42:00 AM,-9.62
10441,4/23/2023 3:43:00 AM,-9.50
10441,4/23/2023 3:43:00 AM,-9.56
10441,4/23/2023 3:43:00 AM,-9.44
10441,4/23/2023 3:43:00 AM,-9.50
10441,4/23/2023 3:43:00 AM,-9.26
10441,4/23/2023 3:43:00 AM,-9.80
10441,4/23/2023 3:43:00 AM,-9.62
10441,4/23/2023 3:43:00 AM,-9.44
10441,4/23/2023 3:43:00 AM,-9.50
10441,4/23/2023 3:43:00 AM,-9.38
10441,4/23/2023 3:44:00 AM,-9.50
10441,4/23/2023 3:44:00 AM,-9.32
10441,4/23/2023 3:44:00 AM,-9.44
10441,4/23/2023 3:44:00 AM,-9.38
10441,4/23/2023 3:44:00 AM,-9.44
10441,4/23/2023 3:44:00 AM,-9.38
10441,4/23/2023 3:44:00 AM,-9.50
10441,4/23/2023 3:44:00 AM,-9.44
10441,4/23/2023 3:45:00 AM,-9.50
10441,4/23/2023 3:45:00 AM,-9.08
10441,4/23/2023 3:45:00 AM,-9.38
10441,4/23/2023 3:45:00 AM,-9.56
10441,4/23/2023 3:45:00 AM,-9.50
10441,4/23/2023 3:45:00 AM,-9.44
10441,4/23/2023 3:45:00 AM,-9.38
10441,4/23/2023 3:45:00 AM,-9.32
10441,4/23/2023 3:45:00 AM,-9.44
10441,4/23/2023 3:45:00 AM,-9.62
10441,4/23/2023 3:45:00 AM,-9.56
10441,4/23/2023 3:45:00 AM,-9.38
10441,4/23/2023 3:46:00 AM,-9.44
10441,4/23/2023 3:46:00 AM,-9.38
10441,4/23/2023 3:46:00 AM,-9.44
10441,4/23/2023 3:46:00 AM,-9.50
10441,4/23/2023 3:47:00 AM,-9.44
10441,4/23/2023 3:47:00 AM,-9.38
10441,4/23/2023 3:47:00 AM,-9.32
10441,4/23/2023 3:47:00 AM,-9.44
10441,4/23/2023 3:47:00 AM,-9.50
10441,4/23/2023 3:47:00 AM,-9.44
10441,4/23/2023 3:47:00 AM,-9.14
10441,4/23/2023 3:47:00 AM,-8.90
10441,4/23/2023 3:48:00 AM,-9.44
10441,4/23/2023 3:48:00 AM,-9.38
10441,4/23/2023 3:48:00 AM,-9.44
10441,4/23/2023 3:48:00 AM,-9.38
10441,4/23/2023 3:48:00 AM,-9.44
10441,4/23/2023 3:48:00 AM,-9.50
10441,4/23/2023 3:48:00 AM,-9.38
10441,4/23/2023 3:48:00 AM,-9.44
10441,4/23/2023 3:49:00 AM,-9.32
10441,4/23/2023 3:49:00 AM,-9.50
10441,4/23/2023 3:49:00 AM,-9.38
10441,4/23/2023 3:49:00 AM,-9.44
10441,4/23/2023 3:49:00 AM,-9.38
10441,4/23/2023 3:49:00 AM,-9.56
10441,4/23/2023 3:49:00 AM,-9.44
10441,4/23/2023 3:49:00 AM,-9.32
10441,4/23/2023 3:49:00 AM,-9.26
10441,4/23/2023 3:49:00 AM,-9.32
10441,4/23/2023 3:49:00 AM,-9.44
10441,4/23/2023 3:49:00 AM,-9.32
10441,4/23/2023 3:49:00 AM,-9.56
10441,4/23/2023 3:50:00 AM,-9.50
10441,4/23/2023 3:50:00 AM,-9.80
10441,4/23/2023 3:50:00 AM,-9.68
10441,4/23/2023 3:50:00 AM,-9.62
10441,4/23/2023 3:50:00 AM,-9.38
10441,4/23/2023 3:50:00 AM,-9.32
10441,4/23/2023 3:50:00 AM,-9.44
10441,4/23/2023 3:50:00 AM,-9.38
10441,4/23/2023 3:50:00 AM,-9.44
10441,4/23/2023 3:50:00 AM,-9.38
10441,4/23/2023 3:51:00 AM,-9.44
10441,4/23/2023 3:51:00 AM,-9.56
10441,4/23/2023 3:51:00 AM,-9.44
10441,4/23/2023 3:51:00 AM,-9.38
10441,4/23/2023 3:51:00 AM,-9.62
10441,4/23/2023 3:51:00 AM,-9.56
10441,4/23/2023 3:51:00 AM,-9.44
10441,4/23/2023 3:51:00 AM,-9.56
10441,4/23/2023 3:51:00 AM,-9.32
10441,4/23/2023 3:51:00 AM,-9.62
10441,4/23/2023 3:52:00 AM,-9.44
10441,4/23/2023 3:52:00 AM,-9.50
10441,4/23/2023 3:52:00 AM,-9.32
10441,4/23/2023 3:52:00 AM,-9.50
10441,4/23/2023 3:52:00 AM,-9.44
10441,4/23/2023 3:52:00 AM,-9.38
10441,4/23/2023 3:52:00 AM,-9.50
10441,4/23/2023 3:52:00 AM,-9.56
10441,4/23/2023 3:52:00 AM,-9.38
10441,4/23/2023 3:52:00 AM,-9.32
10441,4/23/2023 3:53:00 AM,-9.38
10441,4/23/2023 3:53:00 AM,-9.44
10441,4/23/2023 3:53:00 AM,-9.50
10441,4/23/2023 3:53:00 AM,-9.38
10441,4/23/2023 3:53:00 AM,-9.50
10441,4/23/2023 3:53:00 AM,-9.32
10441,4/23/2023 3:53:00 AM,-9.44
10441,4/23/2023 3:53:00 AM,-9.38
10441,4/23/2023 3:53:00 AM,-9.44
10441,4/23/2023 3:53:00 AM,-9.38
10441,4/23/2023 3:53:00 AM,-9.44
10441,4/23/2023 3:54:00 AM,-9.32
10441,4/23/2023 3:54:00 AM,-9.68
10441,4/23/2023 3:54:00 AM,-9.44
10441,4/23/2023 3:54:00 AM,-9.38
10441,4/23/2023 3:54:00 AM,-9.44
10441,4/23/2023 3:54:00 AM,-9.38
10441,4/23/2023 3:54:00 AM,-9.68
10441,4/23/2023 3:54:00 AM,-9.74
10441,4/23/2023 3:54:00 AM,-9.20
10441,4/23/2023 3:54:00 AM,-9.26
10441,4/23/2023 3:54:00 AM,-9.44
10441,4/23/2023 3:54:00 AM,-9.50
10441,4/23/2023 3:55:00 AM,-9.56
10441,4/23/2023 3:55:00 AM,-9.44
10441,4/23/2023 3:55:00 AM,-9.38
10441,4/23/2023 3:55:00 AM,-9.44
10441,4/23/2023 3:56:00 AM,-9.56
10441,4/23/2023 3:56:00 AM,-9.20
10441,4/23/2023 3:56:00 AM,-9.86
10441,4/23/2023 3:56:00 AM,-9.50
10441,4/23/2023 3:56:00 AM,-9.44
10441,4/23/2023 3:57:00 AM,-9.50
10441,4/23/2023 3:57:00 AM,-9.44
10441,4/23/2023 3:57:00 AM,-9.50
10441,4/23/2023 3:57:00 AM,-9.20
10441,4/23/2023 3:57:00 AM,-9.32
10441,4/23/2023 3:57:00 AM,-9.38
10441,4/23/2023 3:57:00 AM,-9.14
10441,4/23/2023 3:57:00 AM,-8.84
10441,4/23/2023 3:57:00 AM,-9.32
10441,4/23/2023 3:57:00 AM,-9.38
10441,4/23/2023 3:57:00 AM,-9.32
10441,4/23/2023 3:58:00 AM,-9.56
10441,4/23/2023 3:58:00 AM,-9.50
10441,4/23/2023 3:58:00 AM,-9.44
10441,4/23/2023 3:58:00 AM,-9.08
10441,4/23/2023 3:58:00 AM,-9.26
10441,4/23/2023 3:58:00 AM,-9.50
10441,4/23/2023 3:58:00 AM,-9.44
10441,4/23/2023 3:58:00 AM,-9.50
10441,4/23/2023 3:58:00 AM,-9.44
10441,4/23/2023 3:58:00 AM,-9.38
10441,4/23/2023 3:59:00 AM,-9.32
10441,4/23/2023 3:59:00 AM,-9.38
10441,4/23/2023 3:59:00 AM,-9.14
10441,4/23/2023 3:59:00 AM,-9.38
10441,4/23/2023 3:59:00 AM,-9.50
10441,4/23/2023 3:59:00 AM,-9.38
10441,4/23/2023 3:59:00 AM,-9.32
10441,4/23/2023 3:59:00 AM,-9.44
10441,4/23/2023 4:00:00 AM,-9.26
10441,4/23/2023 4:00:00 AM,-9.44
10441,4/23/2023 4:00:00 AM,-9.32
10441,4/23/2023 4:00:00 AM,-9.44
10441,4/23/2023 4:00:00 AM,-9.38
10441,4/23/2023 4:00:00 AM,-9.62
10441,4/23/2023 4:00:00 AM,-9.98
10441,4/23/2023 4:00:00 AM,-9.62
10441,4/23/2023 4:00:00 AM,-9.50
10441,4/23/2023 4:00:00 AM,-9.56
10441,4/23/2023 4:00:00 AM,-9.44
10441,4/23/2023 4:00:00 AM,-9.38
10441,4/23/2023 4:01:00 AM,-9.44
10441,4/23/2023 4:01:00 AM,-9.32
10441,4/23/2023 4:01:00 AM,-9.38
10441,4/23/2023 4:01:00 AM,-9.44
10441,4/23/2023 4:01:00 AM,-9.86
10441,4/23/2023 4:01:00 AM,-9.44
10441,4/23/2023 4:01:00 AM,-9.38
10441,4/23/2023 4:01:00 AM,-9.44
10441,4/23/2023 4:01:00 AM,-9.32
10441,4/23/2023 4:01:00 AM,-9.44
10441,4/23/2023 4:01:00 AM,-9.32
10441,4/23/2023 4:02:00 AM,-9.32
10441,4/23/2023 4:02:00 AM,-9.62
10441,4/23/2023 4:02:00 AM,-9.50
10441,4/23/2023 4:02:00 AM,-9.32
10441,4/23/2023 4:02:00 AM,-9.26
10441,4/23/2023 4:02:00 AM,-9.32
10441,4/23/2023 4:02:00 AM,-9.56
10441,4/23/2023 4:02:00 AM,-9.20
10441,4/23/2023 4:02:00 AM,-9.32
10441,4/23/2023 4:02:00 AM,-9.26
10441,4/23/2023 4:02:00 AM,-9.32
10441,4/23/2023 4:02:00 AM,-9.62
10441,4/23/2023 4:03:00 AM,-9.38
10441,4/23/2023 4:03:00 AM,-9.32
10441,4/23/2023 4:03:00 AM,-9.26
10441,4/23/2023 4:03:00 AM,-9.32
10441,4/23/2023 4:03:00 AM,-9.38
10441,4/23/2023 4:03:00 AM,-9.68
10441,4/23/2023 4:03:00 AM,-9.32
10441,4/23/2023 4:03:00 AM,-9.26
10441,4/23/2023 4:03:00 AM,-9.38
10441,4/23/2023 4:03:00 AM,-9.32
10441,4/23/2023 4:03:00 AM,-9.26
10441,4/23/2023 4:03:00 AM,-9.32
10441,4/23/2023 4:04:00 AM,-9.38
10441,4/23/2023 4:04:00 AM,-9.32
10441,4/23/2023 4:04:00 AM,-9.26
10441,4/23/2023 4:04:00 AM,-9.32
10441,4/23/2023 4:04:00 AM,-9.26
10441,4/23/2023 4:04:00 AM,-9.44
10441,4/23/2023 4:04:00 AM,-9.38
10441,4/23/2023 4:04:00 AM,-9.26
10441,4/23/2023 4:04:00 AM,-9.50
10441,4/23/2023 4:04:00 AM,-9.26
10441,4/23/2023 4:04:00 AM,-9.02
10441,4/23/2023 4:04:00 AM,-8.78
10441,4/23/2023 4:04:00 AM,-9.26
10441,4/23/2023 4:05:00 AM,-9.44
10441,4/23/2023 4:05:00 AM,-9.38
10441,4/23/2023 4:05:00 AM,-9.32
10441,4/23/2023 4:05:00 AM,-9.20
10441,4/23/2023 4:05:00 AM,-9.38
10441,4/23/2023 4:05:00 AM,-9.32
10441,4/23/2023 4:05:00 AM,-9.26
10441,4/23/2023 4:05:00 AM,-9.32
10441,4/23/2023 4:05:00 AM,-9.62
10441,4/23/2023 4:06:00 AM,-9.14
10441,4/23/2023 4:06:00 AM,-9.08
10441,4/23/2023 4:06:00 AM,-9.20
10441,4/23/2023 4:06:00 AM,-9.14
10441,4/23/2023 4:06:00 AM,-9.20
10441,4/23/2023 4:06:00 AM,-9.32
10441,4/23/2023 4:06:00 AM,-9.20
10441,4/23/2023 4:06:00 AM,-9.32
10441,4/23/2023 4:06:00 AM,-9.20
10441,4/23/2023 4:06:00 AM,-9.32
10441,4/23/2023 4:06:00 AM,-9.26
10441,4/23/2023 4:06:00 AM,-9.44
10441,4/23/2023 4:07:00 AM,-9.38
10441,4/23/2023 4:07:00 AM,-9.20
10441,4/23/2023 4:07:00 AM,-9.62
10441,4/23/2023 4:07:00 AM,-9.44
10441,4/23/2023 4:07:00 AM,-9.38
10441,4/23/2023 4:07:00 AM,-9.32
10441,4/23/2023 4:07:00 AM,-9.38
10441,4/23/2023 4:07:00 AM,-9.44
10441,4/23/2023 4:07:00 AM,-9.26
10441,4/23/2023 4:07:00 AM,-9.44
10441,4/23/2023 4:07:00 AM,-9.26
10441,4/23/2023 4:08:00 AM,-9.44
10441,4/23/2023 4:08:00 AM,-9.56
10441,4/23/2023 4:08:00 AM,-9.62
10441,4/23/2023 4:08:00 AM,-9.44
10441,4/23/2023 4:08:00 AM,-9.26
10441,4/23/2023 4:08:00 AM,-9.32
10441,4/23/2023 4:08:00 AM,-9.38
10441,4/23/2023 4:08:00 AM,-9.44
10441,4/23/2023 4:08:00 AM,-9.38
10441,4/23/2023 4:09:00 AM,-9.50
10441,4/23/2023 4:09:00 AM,-9.44
10441,4/23/2023 4:09:00 AM,-9.38
10441,4/23/2023 4:09:00 AM,-9.50
10441,4/23/2023 4:09:00 AM,-9.56
10441,4/23/2023 4:09:00 AM,-9.38
10441,4/23/2023 4:09:00 AM,-9.44
10441,4/23/2023 4:09:00 AM,-9.50
10441,4/23/2023 4:09:00 AM,-9.38
10441,4/23/2023 4:09:00 AM,-9.26
10441,4/23/2023 4:09:00 AM,-9.62
10441,4/23/2023 4:09:00 AM,-9.50
10441,4/23/2023 4:10:00 AM,-9.44
10441,4/23/2023 4:10:00 AM,-9.50
10441,4/23/2023 4:10:00 AM,-9.38
10441,4/23/2023 4:10:00 AM,-9.62
10441,4/23/2023 4:10:00 AM,-9.50
10441,4/23/2023 4:10:00 AM,-9.56
10441,4/23/2023 4:10:00 AM,-9.50
10441,4/23/2023 4:10:00 AM,-9.50
10441,4/23/2023 4:10:00 AM,-9.44
10441,4/23/2023 4:10:00 AM,-9.56
10441,4/23/2023 4:10:00 AM,-9.50
10441,4/23/2023 4:10:00 AM,-9.62
10441,4/23/2023 4:10:00 AM,-9.44
10441,4/23/2023 4:11:00 AM,-9.50
10441,4/23/2023 4:11:00 AM,-9.62
10441,4/23/2023 4:11:00 AM,-9.44
10441,4/23/2023 4:11:00 AM,-9.50
10441,4/23/2023 4:11:00 AM,-9.44
10441,4/23/2023 4:11:00 AM,-9.62
10441,4/23/2023 4:11:00 AM,-9.14
10441,4/23/2023 4:11:00 AM,-9.74
10441,4/23/2023 4:11:00 AM,-9.68
10441,4/23/2023 4:11:00 AM,-9.50
10441,4/23/2023 4:11:00 AM,-9.44
10441,4/23/2023 4:11:00 AM,-9.56
10441,4/23/2023 4:12:00 AM,-9.56
10441,4/23/2023 4:12:00 AM,-9.92
10441,4/23/2023 4:12:00 AM,-9.86
10441,4/23/2023 4:12:00 AM,-8.78
10441,4/23/2023 4:12:00 AM,-9.32
10441,4/23/2023 4:12:00 AM,-9.50
10441,4/23/2023 4:12:00 AM,-9.50
10441,4/23/2023 4:12:00 AM,-9.62
10441,4/23/2023 4:12:00 AM,-9.68
10441,4/23/2023 4:12:00 AM,-9.62
10441,4/23/2023 4:12:00 AM,-9.56
10441,4/23/2023 4:12:00 AM,-9.50
10441,4/23/2023 4:12:00 AM,-9.56
10441,4/23/2023 4:13:00 AM,-9.56
10441,4/23/2023 4:13:00 AM,-9.44
10441,4/23/2023 4:13:00 AM,-9.50
10441,4/23/2023 4:13:00 AM,-9.74
10441,4/23/2023 4:13:00 AM,-9.44
10441,4/23/2023 4:13:00 AM,-9.56
10441,4/23/2023 4:13:00 AM,-9.44
10441,4/23/2023 4:13:00 AM,-9.50
10441,4/23/2023 4:13:00 AM,-9.44
10441,4/23/2023 4:13:00 AM,-9.50
10441,4/23/2023 4:13:00 AM,-9.44
10441,4/23/2023 4:13:00 AM,-9.50
10441,4/23/2023 4:14:00 AM,-9.56
10441,4/23/2023 4:14:00 AM,-9.62
10441,4/23/2023 4:14:00 AM,-9.32
10441,4/23/2023 4:14:00 AM,-9.50
10441,4/23/2023 4:14:00 AM,-10.16
10441,4/23/2023 4:14:00 AM,-9.14
10441,4/23/2023 4:14:00 AM,-9.56
10441,4/23/2023 4:14:00 AM,-10.04
10441,4/23/2023 4:14:00 AM,-9.56
10441,4/23/2023 4:14:00 AM,-9.86
10441,4/23/2023 4:14:00 AM,-9.44
10441,4/23/2023 4:14:00 AM,-9.62
10441,4/23/2023 4:15:00 AM,-9.50
10441,4/23/2023 4:15:00 AM,-9.62
10441,4/23/2023 4:15:00 AM,-9.44
10441,4/23/2023 4:15:00 AM,-9.62
10441,4/23/2023 4:15:00 AM,-9.50
10441,4/23/2023 4:15:00 AM,-9.74
10441,4/23/2023 4:15:00 AM,-9.44
10441,4/23/2023 4:15:00 AM,-9.56
10441,4/23/2023 4:15:00 AM,-9.44
10441,4/23/2023 4:15:00 AM,-9.74
10441,4/23/2023 4:15:00 AM,-9.50
10441,4/23/2023 4:15:00 AM,-9.38
10441,4/23/2023 4:15:00 AM,-9.50
10441,4/23/2023 4:16:00 AM,-9.56
10441,4/23/2023 4:16:00 AM,-9.68
10441,4/23/2023 4:16:00 AM,-9.74
10441,4/23/2023 4:16:00 AM,-9.62
10441,4/23/2023 4:16:00 AM,-9.74
10441,4/23/2023 4:16:00 AM,-9.68
10441,4/23/2023 4:16:00 AM,-9.62
10441,4/23/2023 4:16:00 AM,-9.68
10441,4/23/2023 4:16:00 AM,-9.56
10441,4/23/2023 4:16:00 AM,-9.62
10441,4/23/2023 4:16:00 AM,-9.80
10441,4/23/2023 4:17:00 AM,-9.74
10441,4/23/2023 4:17:00 AM,-9.68
10441,4/23/2023 4:17:00 AM,-9.44
10441,4/23/2023 4:17:00 AM,-9.50
10441,4/23/2023 4:17:00 AM,-9.62
10441,4/23/2023 4:17:00 AM,-9.56
10441,4/23/2023 4:17:00 AM,-9.62
10441,4/23/2023 4:17:00 AM,-9.56
10441,4/23/2023 4:17:00 AM,-9.50
10441,4/23/2023 4:18:00 AM,-9.62
10441,4/23/2023 4:18:00 AM,-9.56
10441,4/23/2023 4:18:00 AM,-9.62
10441,4/23/2023 4:18:00 AM,-9.80
10441,4/23/2023 4:18:00 AM,-9.68
10441,4/23/2023 4:18:00 AM,-9.62
10441,4/23/2023 4:18:00 AM,-9.56
10441,4/23/2023 4:18:00 AM,-9.50
10441,4/23/2023 4:18:00 AM,-9.68
10441,4/23/2023 4:18:00 AM,-9.62
10441,4/23/2023 4:18:00 AM,-9.74
10441,4/23/2023 4:19:00 AM,-9.62
10441,4/23/2023 4:19:00 AM,-9.56
10441,4/23/2023 4:19:00 AM,-9.62
10441,4/23/2023 4:19:00 AM,-9.56
10441,4/23/2023 4:19:00 AM,-9.50
10441,4/23/2023 4:19:00 AM,-9.62
10441,4/23/2023 4:19:00 AM,-9.56
10441,4/23/2023 4:19:00 AM,-9.50
10441,4/23/2023 4:20:00 AM,-9.44
10441,4/23/2023 4:20:00 AM,-9.50
10441,4/23/2023 4:21:00 AM,-9.56
10441,4/23/2023 4:22:00 AM,-9.50
10441,4/23/2023 4:22:00 AM,-9.44
10441,4/23/2023 4:23:00 AM,-9.50
10441,4/23/2023 4:24:00 AM,-9.56
10441,4/23/2023 4:24:00 AM,-9.50
10441,4/23/2023 4:24:00 AM,-9.68
10441,4/23/2023 4:24:00 AM,-9.62
10441,4/23/2023 4:24:00 AM,-9.56
10441,4/23/2023 4:24:00 AM,-9.62
10441,4/23/2023 4:24:00 AM,-9.68
10441,4/23/2023 4:25:00 AM,-9.56
10441,4/23/2023 4:25:00 AM,-9.68
10441,4/23/2023 4:25:00 AM,-9.56
10441,4/23/2023 4:25:00 AM,-9.68
10441,4/23/2023 4:25:00 AM,-9.62
10441,4/23/2023 4:25:00 AM,-9.26
10441,4/23/2023 4:25:00 AM,-9.20
10441,4/23/2023 4:25:00 AM,-9.62
10441,4/23/2023 4:25:00 AM,-9.98
10441,4/23/2023 4:25:00 AM,-9.50
10441,4/23/2023 4:25:00 AM,-9.62
10441,4/23/2023 4:25:00 AM,-9.50
10441,4/23/2023 4:26:00 AM,-9.62
10441,4/23/2023 4:26:00 AM,-9.56
10441,4/23/2023 4:26:00 AM,-9.62
10441,4/23/2023 4:26:00 AM,-9.44
10441,4/23/2023 4:26:00 AM,-9.50
10441,4/23/2023 4:26:00 AM,-9.56
10441,4/23/2023 4:26:00 AM,-9.38
10441,4/23/2023 4:26:00 AM,-9.68
10441,4/23/2023 4:26:00 AM,-9.56
10441,4/23/2023 4:28:00 AM,-9.50
10441,4/23/2023 4:28:00 AM,-9.56
10441,4/23/2023 4:28:00 AM,-9.62
10441,4/23/2023 4:29:00 AM,-9.50
10441,4/23/2023 4:29:00 AM,-9.62
10441,4/23/2023 4:29:00 AM,-9.68
10441,4/23/2023 4:29:00 AM,-9.56
10441,4/23/2023 4:29:00 AM,-9.50
10441,4/23/2023 4:29:00 AM,-9.62
10441,4/23/2023 4:29:00 AM,-9.56
10441,4/23/2023 4:29:00 AM,-9.62
10441,4/23/2023 4:29:00 AM,-9.56
10441,4/23/2023 4:30:00 AM,-9.80
10441,4/23/2023 4:30:00 AM,-9.62
10441,4/23/2023 4:30:00 AM,-9.68
10441,4/23/2023 4:30:00 AM,-9.74
10441,4/23/2023 4:30:00 AM,-9.80
10441,4/23/2023 4:30:00 AM,-9.68
10441,4/23/2023 4:30:00 AM,-9.62
10441,4/23/2023 4:30:00 AM,-9.56
10441,4/23/2023 4:30:00 AM,-9.74
10441,4/23/2023 4:30:00 AM,-9.56
10441,4/23/2023 4:30:00 AM,-9.68
10441,4/23/2023 4:30:00 AM,-9.26
10441,4/23/2023 4:30:00 AM,-9.92
10441,4/23/2023 4:31:00 AM,-9.74
10441,4/23/2023 4:31:00 AM,-9.68
10441,4/23/2023 4:31:00 AM,-9.74
10441,4/23/2023 4:31:00 AM,-9.44
10441,4/23/2023 4:31:00 AM,-9.74
10441,4/23/2023 4:31:00 AM,-9.68
10441,4/23/2023 4:31:00 AM,-9.50
10441,4/23/2023 4:31:00 AM,-9.68
10441,4/23/2023 4:31:00 AM,-9.74
10441,4/23/2023 4:31:00 AM,-9.14
10441,4/23/2023 4:31:00 AM,-9.50
10441,4/23/2023 4:32:00 AM,-9.68
10441,4/23/2023 4:32:00 AM,-9.62
10441,4/23/2023 4:32:00 AM,-9.68
10441,4/23/2023 4:32:00 AM,-9.56
10441,4/23/2023 4:32:00 AM,-9.14
10441,4/23/2023 4:32:00 AM,-9.62
10441,4/23/2023 4:32:00 AM,-9.68
10441,4/23/2023 4:32:00 AM,-9.20
10441,4/23/2023 4:32:00 AM,-9.80
10441,4/23/2023 4:32:00 AM,-9.68
10441,4/23/2023 4:32:00 AM,-9.62
10441,4/23/2023 4:32:00 AM,-9.74
10441,4/23/2023 4:32:00 AM,-9.68
10441,4/23/2023 4:33:00 AM,-9.56
10441,4/23/2023 4:33:00 AM,-9.74
10441,4/23/2023 4:33:00 AM,-9.80
10441,4/23/2023 4:33:00 AM,-9.62
10441,4/23/2023 4:33:00 AM,-9.56
10441,4/23/2023 4:33:00 AM,-9.62
10441,4/23/2023 4:33:00 AM,-9.62
10441,4/23/2023 4:33:00 AM,-9.74
10441,4/23/2023 4:33:00 AM,-9.68
10441,4/23/2023 4:33:00 AM,-9.74
10441,4/23/2023 4:33:00 AM,-9.80
10441,4/23/2023 4:33:00 AM,-9.68
10441,4/23/2023 4:34:00 AM,-9.62
10441,4/23/2023 4:34:00 AM,-10.04
10441,4/23/2023 4:34:00 AM,-9.56
10441,4/23/2023 4:34:00 AM,-9.50
10441,4/23/2023 4:34:00 AM,-9.56
10441,4/23/2023 4:34:00 AM,-9.98
10441,4/23/2023 4:34:00 AM,-9.80
10441,4/23/2023 4:34:00 AM,-9.50
10441,4/23/2023 4:34:00 AM,-9.68
10441,4/23/2023 4:34:00 AM,-9.56
10441,4/23/2023 4:35:00 AM,-9.56
10441,4/23/2023 4:35:00 AM,-9.50
10441,4/23/2023 4:35:00 AM,-9.56
10441,4/23/2023 4:35:00 AM,-9.62
10441,4/23/2023 4:35:00 AM,-9.74
10441,4/23/2023 4:35:00 AM,-9.56
10441,4/23/2023 4:35:00 AM,-9.86
10441,4/23/2023 4:35:00 AM,-9.50
10441,4/23/2023 4:35:00 AM,-9.56
10441,4/23/2023 4:36:00 AM,-9.32
10441,4/23/2023 4:36:00 AM,-9.74
10441,4/23/2023 4:36:00 AM,-9.68
10441,4/23/2023 4:36:00 AM,-9.62
10441,4/23/2023 4:36:00 AM,-9.56
10441,4/23/2023 4:36:00 AM,-9.74
10441,4/23/2023 4:36:00 AM,-9.50
10441,4/23/2023 4:36:00 AM,-9.44
10441,4/23/2023 4:36:00 AM,-9.50
10441,4/23/2023 4:36:00 AM,-9.62
10441,4/23/2023 4:36:00 AM,-9.50
10441,4/23/2023 4:36:00 AM,-9.56
10441,4/23/2023 4:37:00 AM,-9.68
10441,4/23/2023 4:37:00 AM,-9.56
10441,4/23/2023 4:37:00 AM,-9.50
10441,4/23/2023 4:37:00 AM,-9.62
10441,4/23/2023 4:37:00 AM,-9.56
10441,4/23/2023 4:37:00 AM,-9.62
10441,4/23/2023 4:37:00 AM,-9.50
10441,4/23/2023 4:37:00 AM,-9.44
10441,4/23/2023 4:37:00 AM,-9.50
10441,4/23/2023 4:37:00 AM,-9.38
10441,4/23/2023 4:38:00 AM,-9.50
10441,4/23/2023 4:38:00 AM,-9.56
10441,4/23/2023 4:38:00 AM,-9.50
10441,4/23/2023 4:38:00 AM,-9.56
10441,4/23/2023 4:38:00 AM,-9.44
10441,4/23/2023 4:38:00 AM,-9.56
10441,4/23/2023 4:38:00 AM,-9.68
10441,4/23/2023 4:38:00 AM,-9.50
10441,4/23/2023 4:38:00 AM,-9.56
10441,4/23/2023 4:39:00 AM,-9.56
10441,4/23/2023 4:39:00 AM,-9.50
10441,4/23/2023 4:39:00 AM,-9.68
10441,4/23/2023 4:39:00 AM,-9.62
10441,4/23/2023 4:39:00 AM,-9.56
10441,4/23/2023 4:39:00 AM,-9.44
10441,4/23/2023 4:39:00 AM,-9.80
10441,4/23/2023 4:39:00 AM,-9.26
10441,4/23/2023 4:39:00 AM,-9.20
10441,4/23/2023 4:39:00 AM,-9.68
10441,4/23/2023 4:39:00 AM,-9.56
10441,4/23/2023 4:39:00 AM,-9.50
10441,4/23/2023 4:39:00 AM,-9.68
10441,4/23/2023 4:39:00 AM,-9.92
10441,4/23/2023 4:39:00 AM,-9.26
10441,4/23/2023 4:40:00 AM,-9.38
10441,4/23/2023 4:40:00 AM,-9.62
10441,4/23/2023 4:40:00 AM,-9.56
10441,4/23/2023 4:40:00 AM,-9.44
10441,4/23/2023 4:40:00 AM,-9.62
10441,4/23/2023 4:40:00 AM,-9.68
10441,4/23/2023 4:40:00 AM,-9.62
10441,4/23/2023 4:40:00 AM,-9.56
10441,4/23/2023 4:40:00 AM,-9.50
10441,4/23/2023 4:40:00 AM,-9.56
10441,4/23/2023 4:41:00 AM,-9.62
10441,4/23/2023 4:41:00 AM,-9.56
10441,4/23/2023 4:41:00 AM,-9.68
10441,4/23/2023 4:41:00 AM,-9.56
10441,4/23/2023 4:41:00 AM,-9.62
10441,4/23/2023 4:41:00 AM,-9.44
10441,4/23/2023 4:41:00 AM,-9.38
10441,4/23/2023 4:41:00 AM,-9.56
10441,4/23/2023 4:41:00 AM,-9.50
10441,4/23/2023 4:42:00 AM,-9.56
10441,4/23/2023 4:42:00 AM,-9.50
10441,4/23/2023 4:42:00 AM,-9.56
10441,4/23/2023 4:42:00 AM,-9.62
10441,4/23/2023 4:42:00 AM,-9.56
10441,4/23/2023 4:42:00 AM,-9.38
10441,4/23/2023 4:42:00 AM,-9.44
10441,4/23/2023 4:42:00 AM,-9.50
10441,4/23/2023 4:42:00 AM,-9.44
10441,4/23/2023 4:42:00 AM,-9.38
10441,4/23/2023 4:42:00 AM,-9.44
10441,4/23/2023 4:43:00 AM,-9.92
10441,4/23/2023 4:43:00 AM,-9.38
10441,4/23/2023 4:43:00 AM,-9.26
10441,4/23/2023 4:43:00 AM,-9.44
10441,4/23/2023 4:43:00 AM,-9.38
10441,4/23/2023 4:43:00 AM,-9.50
10441,4/23/2023 4:43:00 AM,-9.56
10441,4/23/2023 4:43:00 AM,-9.38
10441,4/23/2023 4:43:00 AM,-9.62
10441,4/23/2023 4:43:00 AM,-9.56
10441,4/23/2023 4:43:00 AM,-9.44
10441,4/23/2023 4:43:00 AM,-9.08
10441,4/23/2023 4:44:00 AM,-9.50
10441,4/23/2023 4:44:00 AM,-9.56
10441,4/23/2023 4:44:00 AM,-9.62
10441,4/23/2023 4:44:00 AM,-9.56
10441,4/23/2023 4:44:00 AM,-9.68
10441,4/23/2023 4:44:00 AM,-9.50
10441,4/23/2023 4:44:00 AM,-9.38
10441,4/23/2023 4:45:00 AM,-9.32
10441,4/23/2023 4:45:00 AM,-9.38
10441,4/23/2023 4:45:00 AM,-9.44
10441,4/23/2023 4:45:00 AM,-9.56
10441,4/23/2023 4:45:00 AM,-9.50
10441,4/23/2023 4:45:00 AM,-9.56
10441,4/23/2023 4:45:00 AM,-9.44
10441,4/23/2023 4:45:00 AM,-9.56
10441,4/23/2023 4:45:00 AM,-9.44
10441,4/23/2023 4:46:00 AM,-9.50
10441,4/23/2023 4:46:00 AM,-9.44
10441,4/23/2023 4:46:00 AM,-9.32
10441,4/23/2023 4:46:00 AM,-9.38
10441,4/23/2023 4:46:00 AM,-9.44
10441,4/23/2023 4:46:00 AM,-9.32
10441,4/23/2023 4:46:00 AM,-9.50
10441,4/23/2023 4:46:00 AM,-9.44
10441,4/23/2023 4:46:00 AM,-9.38
10441,4/23/2023 4:47:00 AM,-9.68
10441,4/23/2023 4:47:00 AM,-9.44
10441,4/23/2023 4:47:00 AM,-9.56
10441,4/23/2023 4:47:00 AM,-9.62
10441,4/23/2023 4:47:00 AM,-9.20
10441,4/23/2023 4:47:00 AM,-9.80
10441,4/23/2023 4:47:00 AM,-9.44
10441,4/23/2023 4:47:00 AM,-9.32
10441,4/23/2023 4:47:00 AM,-9.44
10441,4/23/2023 4:47:00 AM,-9.38
10441,4/23/2023 4:47:00 AM,-9.44
10441,4/23/2023 4:47:00 AM,-9.38
10441,4/23/2023 4:48:00 AM,-9.44
10441,4/23/2023 4:48:00 AM,-9.32
10441,4/23/2023 4:48:00 AM,-9.38
10441,4/23/2023 4:48:00 AM,-9.32
10441,4/23/2023 4:48:00 AM,-9.38
10441,4/23/2023 4:48:00 AM,-9.26
10441,4/23/2023 4:48:00 AM,-9.38
10441,4/23/2023 4:48:00 AM,-9.32
10441,4/23/2023 4:48:00 AM,-9.44
10441,4/23/2023 4:48:00 AM,-9.50
10441,4/23/2023 4:48:00 AM,-9.32
10441,4/23/2023 4:48:00 AM,-9.44
10441,4/23/2023 4:48:00 AM,-9.50
10441,4/23/2023 4:49:00 AM,-9.38
10441,4/23/2023 4:49:00 AM,-9.32
10441,4/23/2023 4:49:00 AM,-9.44
10441,4/23/2023 4:49:00 AM,-9.32
10441,4/23/2023 4:49:00 AM,-9.38
10441,4/23/2023 4:49:00 AM,-9.26
10441,4/23/2023 4:49:00 AM,-9.38
10441,4/23/2023 4:49:00 AM,-9.32
10441,4/23/2023 4:49:00 AM,-9.38
10441,4/23/2023 4:49:00 AM,-9.44
10441,4/23/2023 4:49:00 AM,-9.32
10441,4/23/2023 4:49:00 AM,-9.50
10441,4/23/2023 4:49:00 AM,-9.32
10441,4/23/2023 4:50:00 AM,-9.38
10441,4/23/2023 4:50:00 AM,-9.44
10441,4/23/2023 4:50:00 AM,-9.38
10441,4/23/2023 4:50:00 AM,-9.44
10441,4/23/2023 4:50:00 AM,-9.38
10441,4/23/2023 4:50:00 AM,-9.50
10441,4/23/2023 4:50:00 AM,-9.44
10441,4/23/2023 4:51:00 AM,-9.44
10441,4/23/2023 4:51:00 AM,-9.38
10441,4/23/2023 4:51:00 AM,-9.50
10441,4/23/2023 4:51:00 AM,-9.68
10441,4/23/2023 4:51:00 AM,-9.62
10441,4/23/2023 4:51:00 AM,-9.56
10441,4/23/2023 4:51:00 AM,-9.50
10441,4/23/2023 4:52:00 AM,-9.44
10441,4/23/2023 4:52:00 AM,-9.50
10441,4/23/2023 4:52:00 AM,-9.38
10441,4/23/2023 4:52:00 AM,-9.50
10441,4/23/2023 4:52:00 AM,-9.14
10441,4/23/2023 4:52:00 AM,-9.68
10441,4/23/2023 4:52:00 AM,-9.62
10441,4/23/2023 4:52:00 AM,-9.80
10441,4/23/2023 4:52:00 AM,-9.38
10441,4/23/2023 4:52:00 AM,-9.44
10441,4/23/2023 4:52:00 AM,-9.50
10441,4/23/2023 4:53:00 AM,-9.44
10441,4/23/2023 4:53:00 AM,-9.50
10441,4/23/2023 4:53:00 AM,-9.38
10441,4/23/2023 4:53:00 AM,-9.56
10441,4/23/2023 4:53:00 AM,-9.44
10441,4/23/2023 4:53:00 AM,-9.38
10441,4/23/2023 4:53:00 AM,-9.26
10441,4/23/2023 4:53:00 AM,-9.62
10441,4/23/2023 4:53:00 AM,-9.50
10441,4/23/2023 4:53:00 AM,-9.56
10441,4/23/2023 4:53:00 AM,-9.44
10441,4/23/2023 4:53:00 AM,-9.92
10441,4/23/2023 4:54:00 AM,-9.62
10441,4/23/2023 4:54:00 AM,-9.56
10441,4/23/2023 4:54:00 AM,-9.68
10441,4/23/2023 4:54:00 AM,-9.50
10441,4/23/2023 4:54:00 AM,-9.56
10441,4/23/2023 4:54:00 AM,-9.62
10441,4/23/2023 4:54:00 AM,-9.56
10441,4/23/2023 4:55:00 AM,-9.50
10441,4/23/2023 4:56:00 AM,-9.38
10441,4/23/2023 4:56:00 AM,-9.44
10441,4/23/2023 4:56:00 AM,-9.50
10441,4/23/2023 4:56:00 AM,-9.56
10441,4/23/2023 4:56:00 AM,-9.44
10441,4/23/2023 4:56:00 AM,-9.38
10441,4/23/2023 4:56:00 AM,-9.74
10441,4/23/2023 4:56:00 AM,-9.80
10441,4/23/2023 4:56:00 AM,-9.56
10441,4/23/2023 4:56:00 AM,-9.80
10441,4/23/2023 4:56:00 AM,-9.32
10441,4/23/2023 4:56:00 AM,-9.44
10441,4/23/2023 4:57:00 AM,-9.50
10441,4/23/2023 4:57:00 AM,-9.44
10441,4/23/2023 4:57:00 AM,-9.50
10441,4/23/2023 4:58:00 AM,-9.38
10441,4/23/2023 4:58:00 AM,-9.44
10441,4/23/2023 4:58:00 AM,-9.56
10441,4/23/2023 4:58:00 AM,-9.50
10441,4/23/2023 4:58:00 AM,-9.44
10441,4/23/2023 4:58:00 AM,-9.50
10441,4/23/2023 4:58:00 AM,-9.38
10441,4/23/2023 4:58:00 AM,-9.44
10441,4/23/2023 4:58:00 AM,-9.50
10441,4/23/2023 4:58:00 AM,-9.44
10441,4/23/2023 4:59:00 AM,-9.44
10441,4/23/2023 4:59:00 AM,-9.38
10441,4/23/2023 4:59:00 AM,-9.32
10441,4/23/2023 4:59:00 AM,-9.38
10441,4/23/2023 4:59:00 AM,-9.32
10441,4/23/2023 5:00:00 AM,-9.38
10441,4/23/2023 5:00:00 AM,-9.44
10441,4/23/2023 5:00:00 AM,-9.56
10441,4/23/2023 5:00:00 AM,-9.44
10441,4/23/2023 5:00:00 AM,-9.50
10441,4/23/2023 5:00:00 AM,-9.44
10441,4/23/2023 5:00:00 AM,-9.38
10441,4/23/2023 5:00:00 AM,-9.26
10441,4/23/2023 5:00:00 AM,-9.38
10441,4/23/2023 5:00:00 AM,-9.44
10441,4/23/2023 5:00:00 AM,-9.26
10441,4/23/2023 5:00:00 AM,-9.38
10441,4/23/2023 5:01:00 AM,-9.74
10441,4/23/2023 5:01:00 AM,-9.56
10441,4/23/2023 5:01:00 AM,-9.20
10441,4/23/2023 5:01:00 AM,-9.26
10441,4/23/2023 5:01:00 AM,-9.50
10441,4/23/2023 5:01:00 AM,-9.32
10441,4/23/2023 5:01:00 AM,-9.26
10441,4/23/2023 5:01:00 AM,-9.56
10441,4/23/2023 5:01:00 AM,-9.32
10441,4/23/2023 5:01:00 AM,-9.26
10441,4/23/2023 5:01:00 AM,-9.32
10441,4/23/2023 5:01:00 AM,-9.44
10441,4/23/2023 5:01:00 AM,-9.38
10441,4/23/2023 5:02:00 AM,-9.20
10441,4/23/2023 5:02:00 AM,-9.44
10441,4/23/2023 5:02:00 AM,-9.50
10441,4/23/2023 5:02:00 AM,-9.26
10441,4/23/2023 5:02:00 AM,-9.20
10441,4/23/2023 5:02:00 AM,-9.26
10441,4/23/2023 5:02:00 AM,-9.44
10441,4/23/2023 5:02:00 AM,-9.38
10441,4/23/2023 5:02:00 AM,-8.96
10441,4/23/2023 5:02:00 AM,-10.16
10441,4/23/2023 5:02:00 AM,-9.86
10441,4/23/2023 5:02:00 AM,-8.90
10441,4/23/2023 5:02:00 AM,-9.26
10441,4/23/2023 5:03:00 AM,-9.56
10441,4/23/2023 5:03:00 AM,-9.20
10441,4/23/2023 5:03:00 AM,-9.62
10441,4/23/2023 5:03:00 AM,-9.38
10441,4/23/2023 5:03:00 AM,-9.62
10441,4/23/2023 5:03:00 AM,-9.38
10441,4/23/2023 5:03:00 AM,-9.38
10441,4/23/2023 5:03:00 AM,-9.32
10441,4/23/2023 5:03:00 AM,-9.26
10441,4/23/2023 5:03:00 AM,-9.32
10441,4/23/2023 5:03:00 AM,-9.44
10441,4/23/2023 5:04:00 AM,-9.50
10441,4/23/2023 5:04:00 AM,-9.44
10441,4/23/2023 5:04:00 AM,-9.38
10441,4/23/2023 5:04:00 AM,-9.44
10441,4/23/2023 5:04:00 AM,-9.32
10441,4/23/2023 5:04:00 AM,-9.44
10441,4/23/2023 5:04:00 AM,-9.50
10441,4/23/2023 5:04:00 AM,-9.56
10441,4/23/2023 5:05:00 AM,-9.50
10441,4/23/2023 5:05:00 AM,-9.80
10441,4/23/2023 5:05:00 AM,-9.62
10441,4/23/2023 5:05:00 AM,-9.50
10441,4/23/2023 5:05:00 AM,-9.44
10441,4/23/2023 5:06:00 AM,-9.44
10441,4/23/2023 5:06:00 AM,-9.56
10441,4/23/2023 5:06:00 AM,-9.62
10441,4/23/2023 5:06:00 AM,-9.50
10441,4/23/2023 5:06:00 AM,-9.56
10441,4/23/2023 5:07:00 AM,-9.50
10441,4/23/2023 5:07:00 AM,-9.44
10441,4/23/2023 5:07:00 AM,-9.68
10441,4/23/2023 5:07:00 AM,-9.44
10441,4/23/2023 5:07:00 AM,-9.56
10441,4/23/2023 5:07:00 AM,-9.62
10441,4/23/2023 5:07:00 AM,-9.56
10441,4/23/2023 5:07:00 AM,-9.68
10441,4/23/2023 5:07:00 AM,-9.50
10441,4/23/2023 5:07:00 AM,-9.44
10441,4/23/2023 5:07:00 AM,-9.98
10441,4/23/2023 5:07:00 AM,-9.80
10441,4/23/2023 5:07:00 AM,-9.14
10441,4/23/2023 5:08:00 AM,-9.44
10441,4/23/2023 5:08:00 AM,-9.50
10441,4/23/2023 5:08:00 AM,-9.44
10441,4/23/2023 5:08:00 AM,-9.38
10441,4/23/2023 5:08:00 AM,-9.62
10441,4/23/2023 5:08:00 AM,-9.50
10441,4/23/2023 5:08:00 AM,-9.44
10441,4/23/2023 5:08:00 AM,-9.50
10441,4/23/2023 5:08:00 AM,-9.44
10441,4/23/2023 5:08:00 AM,-9.56
10441,4/23/2023 5:08:00 AM,-9.50
10441,4/23/2023 5:09:00 AM,-9.56
10441,4/23/2023 5:09:00 AM,-9.50
10441,4/23/2023 5:09:00 AM,-9.44
10441,4/23/2023 5:09:00 AM,-9.38
10441,4/23/2023 5:09:00 AM,-9.50
10441,4/23/2023 5:09:00 AM,-9.38
10441,4/23/2023 5:09:00 AM,-9.68
10441,4/23/2023 5:09:00 AM,-9.50
10441,4/23/2023 5:09:00 AM,-9.56
10441,4/23/2023 5:09:00 AM,-9.74
10441,4/23/2023 5:10:00 AM,-9.44
10441,4/23/2023 5:10:00 AM,-9.38
10441,4/23/2023 5:10:00 AM,-9.50
10441,4/23/2023 5:10:00 AM,-9.44
10441,4/23/2023 5:10:00 AM,-9.50
10441,4/23/2023 5:10:00 AM,-9.44
10441,4/23/2023 5:10:00 AM,-9.38
10441,4/23/2023 5:10:00 AM,-9.62
10441,4/23/2023 5:10:00 AM,-8.84
10441,4/23/2023 5:10:00 AM,-9.62
10441,4/23/2023 5:11:00 AM,-9.44
10441,4/23/2023 5:11:00 AM,-9.38
10441,4/23/2023 5:11:00 AM,-9.62
10441,4/23/2023 5:11:00 AM,-9.50
10441,4/23/2023 5:11:00 AM,-9.38
10441,4/23/2023 5:11:00 AM,-9.44
10441,4/23/2023 5:11:00 AM,-9.50
10441,4/23/2023 5:11:00 AM,-9.38
10441,4/23/2023 5:11:00 AM,-9.50
10441,4/23/2023 5:12:00 AM,-9.56
10441,4/23/2023 5:12:00 AM,-9.50
10441,4/23/2023 5:12:00 AM,-9.44
10441,4/23/2023 5:12:00 AM,-9.50
10441,4/23/2023 5:12:00 AM,-9.56
10441,4/23/2023 5:12:00 AM,-10.04
10441,4/23/2023 5:12:00 AM,-9.44
10441,4/23/2023 5:12:00 AM,-9.98
10441,4/23/2023 5:13:00 AM,-9.50
10441,4/23/2023 5:13:00 AM,-9.44
10441,4/23/2023 5:13:00 AM,-9.38
10441,4/23/2023 5:13:00 AM,-9.50
10441,4/23/2023 5:13:00 AM,-9.38
10441,4/23/2023 5:13:00 AM,-9.50
10441,4/23/2023 5:13:00 AM,-9.38
10441,4/23/2023 5:13:00 AM,-9.32
10441,4/23/2023 5:13:00 AM,-9.44
10441,4/23/2023 5:13:00 AM,-9.32
10441,4/23/2023 5:13:00 AM,-9.44
10441,4/23/2023 5:13:00 AM,-9.38
10441,4/23/2023 5:13:00 AM,-9.44
10441,4/23/2023 5:14:00 AM,-9.68
10441,4/23/2023 5:14:00 AM,-9.44
10441,4/23/2023 5:14:00 AM,-9.56
10441,4/23/2023 5:14:00 AM,-9.44
10441,4/23/2023 5:14:00 AM,-9.38
10441,4/23/2023 5:14:00 AM,-9.44
10441,4/23/2023 5:14:00 AM,-9.38
10441,4/23/2023 5:14:00 AM,-9.44
10441,4/23/2023 5:14:00 AM,-9.50
10441,4/23/2023 5:14:00 AM,-9.56
10441,4/23/2023 5:14:00 AM,-9.50
10441,4/23/2023 5:15:00 AM,-9.56
10441,4/23/2023 5:15:00 AM,-9.62
10441,4/23/2023 5:15:00 AM,-9.50
10441,4/23/2023 5:15:00 AM,-9.56
10441,4/23/2023 5:15:00 AM,-9.62
10441,4/23/2023 5:16:00 AM,-9.56
10441,4/23/2023 5:17:00 AM,-9.62
10441,4/23/2023 5:17:00 AM,-9.56
10441,4/23/2023 5:17:00 AM,-9.62
10441,4/23/2023 5:17:00 AM,-9.74
10441,4/23/2023 5:17:00 AM,-9.68
10441,4/23/2023 5:17:00 AM,-9.62
10441,4/23/2023 5:17:00 AM,-9.74
10441,4/23/2023 5:17:00 AM,-9.68
10441,4/23/2023 5:17:00 AM,-9.74
10441,4/23/2023 5:18:00 AM,-9.68
10441,4/23/2023 5:18:00 AM,-9.62
10441,4/23/2023 5:18:00 AM,-9.68
10441,4/23/2023 5:18:00 AM,-9.74
10441,4/23/2023 5:18:00 AM,-9.68
10441,4/23/2023 5:18:00 AM,-9.74
10441,4/23/2023 5:18:00 AM,-9.62
10441,4/23/2023 5:18:00 AM,-9.92
10441,4/23/2023 5:18:00 AM,-9.50
10441,4/23/2023 5:18:00 AM,-9.62
10441,4/23/2023 5:18:00 AM,-9.86
10441,4/23/2023 5:18:00 AM,-9.26
10441,4/23/2023 5:18:00 AM,-9.14
10441,4/23/2023 5:19:00 AM,-8.90
10441,4/23/2023 5:19:00 AM,-9.62
10441,4/23/2023 5:19:00 AM,-9.44
10441,4/23/2023 5:19:00 AM,-9.80
10441,4/23/2023 5:19:00 AM,-9.50
10441,4/23/2023 5:19:00 AM,-9.68
10441,4/23/2023 5:19:00 AM,-9.50
10441,4/23/2023 5:19:00 AM,-9.56
10441,4/23/2023 5:19:00 AM,-9.50
10441,4/23/2023 5:19:00 AM,-9.92
10441,4/23/2023 5:19:00 AM,-9.14
10441,4/23/2023 5:19:00 AM,-9.32
10441,4/23/2023 5:19:00 AM,-9.44
10441,4/23/2023 5:19:00 AM,-10.10
10441,4/23/2023 5:19:00 AM,-10.04
10441,4/23/2023 5:20:00 AM,-9.50
10441,4/23/2023 5:20:00 AM,-9.56
10441,4/23/2023 5:20:00 AM,-9.44
10441,4/23/2023 5:20:00 AM,-9.50
10441,4/23/2023 5:20:00 AM,-9.56
10441,4/23/2023 5:21:00 AM,-9.44
10441,4/23/2023 5:21:00 AM,-9.50
10441,4/23/2023 5:21:00 AM,-9.56
10441,4/23/2023 5:21:00 AM,-9.50
10441,4/23/2023 5:21:00 AM,-9.44
10441,4/23/2023 5:22:00 AM,-9.44
10441,4/23/2023 5:22:00 AM,-9.50
10441,4/23/2023 5:22:00 AM,-9.32
10441,4/23/2023 5:22:00 AM,-9.38
10441,4/23/2023 5:22:00 AM,-9.50
10441,4/23/2023 5:22:00 AM,-9.44
10441,4/23/2023 5:22:00 AM,-9.38
10441,4/23/2023 5:23:00 AM,-9.44
10441,4/23/2023 5:23:00 AM,-9.38
10441,4/23/2023 5:23:00 AM,-9.44
10441,4/23/2023 5:23:00 AM,-9.38
10441,4/23/2023 5:23:00 AM,-9.44
10441,4/23/2023 5:23:00 AM,-9.32
10441,4/23/2023 5:23:00 AM,-9.44
10441,4/23/2023 5:23:00 AM,-9.50
10441,4/23/2023 5:23:00 AM,-9.38
10441,4/23/2023 5:24:00 AM,-9.44
10441,4/23/2023 5:24:00 AM,-9.38
10441,4/23/2023 5:24:00 AM,-9.26
10441,4/23/2023 5:24:00 AM,-9.32
10441,4/23/2023 5:24:00 AM,-9.20
10441,4/23/2023 5:24:00 AM,-9.38
10441,4/23/2023 5:24:00 AM,-9.32
10441,4/23/2023 5:24:00 AM,-9.26
10441,4/23/2023 5:25:00 AM,-9.32
10441,4/23/2023 5:25:00 AM,-9.38
10441,4/23/2023 5:25:00 AM,-9.32
10441,4/23/2023 5:25:00 AM,-9.26
10441,4/23/2023 5:25:00 AM,-9.32
10441,4/23/2023 5:25:00 AM,-9.20
10441,4/23/2023 5:25:00 AM,-9.26
10441,4/23/2023 5:25:00 AM,-9.32
10441,4/23/2023 5:25:00 AM,-9.38
10441,4/23/2023 5:26:00 AM,-9.50
10441,4/23/2023 5:26:00 AM,-9.44
10441,4/23/2023 5:26:00 AM,-9.20
10441,4/23/2023 5:26:00 AM,-9.38
10441,4/23/2023 5:26:00 AM,-9.74
10441,4/23/2023 5:26:00 AM,-8.84
10441,4/23/2023 5:26:00 AM,-9.14
10441,4/23/2023 5:26:00 AM,-9.80
10441,4/23/2023 5:26:00 AM,-9.38
10441,4/23/2023 5:26:00 AM,-8.96
10441,4/23/2023 5:26:00 AM,-9.68
10441,4/23/2023 5:26:00 AM,-9.32
10441,4/23/2023 5:27:00 AM,-9.44
10441,4/23/2023 5:27:00 AM,-9.26
10441,4/23/2023 5:27:00 AM,-9.32
10441,4/23/2023 5:27:00 AM,-9.26
10441,4/23/2023 5:27:00 AM,-9.32
10441,4/23/2023 5:27:00 AM,-9.26
10441,4/23/2023 5:27:00 AM,-9.32
10441,4/23/2023 5:28:00 AM,-9.32
10441,4/23/2023 5:28:00 AM,-9.44
10441,4/23/2023 5:28:00 AM,-9.38
10441,4/23/2023 5:28:00 AM,-9.20
10441,4/23/2023 5:28:00 AM,-9.26
10441,4/23/2023 5:28:00 AM,-9.44
10441,4/23/2023 5:28:00 AM,-9.32
10441,4/23/2023 5:28:00 AM,-9.26
10441,4/23/2023 5:28:00 AM,-9.44
10441,4/23/2023 5:28:00 AM,-9.38
10441,4/23/2023 5:28:00 AM,-9.20
10441,4/23/2023 5:28:00 AM,-9.38
10441,4/23/2023 5:28:00 AM,-9.26
10441,4/23/2023 5:28:00 AM,-9.38
10441,4/23/2023 5:29:00 AM,-9.38
10441,4/23/2023 5:29:00 AM,-9.26
10441,4/23/2023 5:29:00 AM,-9.32
10441,4/23/2023 5:29:00 AM,-9.26
10441,4/23/2023 5:29:00 AM,-9.32
10441,4/23/2023 5:29:00 AM,-9.38
10441,4/23/2023 5:30:00 AM,-9.26
10441,4/23/2023 5:30:00 AM,-9.32
10441,4/23/2023 5:30:00 AM,-9.26
10441,4/23/2023 5:30:00 AM,-9.32
10441,4/23/2023 5:30:00 AM,-9.56
10441,4/23/2023 5:30:00 AM,-9.14
10441,4/23/2023 5:30:00 AM,-9.14
10441,4/23/2023 5:30:00 AM,-9.32
10441,4/23/2023 5:30:00 AM,-9.26
10441,4/23/2023 5:30:00 AM,-9.44
10441,4/23/2023 5:30:00 AM,-9.32
10441,4/23/2023 5:30:00 AM,-9.26
10441,4/23/2023 5:30:00 AM,-9.20
10441,4/23/2023 5:31:00 AM,-9.32
10441,4/23/2023 5:31:00 AM,-9.38
10441,4/23/2023 5:31:00 AM,-9.26
10441,4/23/2023 5:31:00 AM,-9.32
10441,4/23/2023 5:31:00 AM,-9.26
10441,4/23/2023 5:31:00 AM,-9.20
10441,4/23/2023 5:31:00 AM,-9.26
10441,4/23/2023 5:31:00 AM,-9.32
10441,4/23/2023 5:31:00 AM,-9.38
10441,4/23/2023 5:31:00 AM,-9.32
10441,4/23/2023 5:32:00 AM,-8.96
10441,4/23/2023 5:32:00 AM,-9.20
10441,4/23/2023 5:32:00 AM,-9.14
10441,4/23/2023 5:32:00 AM,-9.26
10441,4/23/2023 5:32:00 AM,-9.14
10441,4/23/2023 5:32:00 AM,-9.20
10441,4/23/2023 5:32:00 AM,-9.38
10441,4/23/2023 5:32:00 AM,-9.44
10441,4/23/2023 5:32:00 AM,-9.26
10441,4/23/2023 5:32:00 AM,-9.44
10441,4/23/2023 5:32:00 AM,-9.32
10441,4/23/2023 5:32:00 AM,-9.50
10441,4/23/2023 5:32:00 AM,-9.44
10441,4/23/2023 5:32:00 AM,-9.08
10441,4/23/2023 5:33:00 AM,-9.26
10441,4/23/2023 5:33:00 AM,-9.20
10441,4/23/2023 5:33:00 AM,-9.08
10441,4/23/2023 5:33:00 AM,-9.26
10441,4/23/2023 5:33:00 AM,-9.20
10441,4/23/2023 5:33:00 AM,-9.26
10441,4/23/2023 5:33:00 AM,-9.20
10441,4/23/2023 5:33:00 AM,-9.32
10441,4/23/2023 5:34:00 AM,-9.26
10441,4/23/2023 5:34:00 AM,-9.14
10441,4/23/2023 5:34:00 AM,-9.08
10441,4/23/2023 5:34:00 AM,-9.80
10441,4/23/2023 5:34:00 AM,-9.02
10441,4/23/2023 5:34:00 AM,-8.90
10441,4/23/2023 5:34:00 AM,-9.32
10441,4/23/2023 5:34:00 AM,-9.26
10441,4/23/2023 5:34:00 AM,-9.20
10441,4/23/2023 5:34:00 AM,-9.38
10441,4/23/2023 5:35:00 AM,-8.54
10441,4/23/2023 5:35:00 AM,-9.50
10441,4/23/2023 5:35:00 AM,-9.14
10441,4/23/2023 5:35:00 AM,-9.32
10441,4/23/2023 5:35:00 AM,-9.26
10441,4/23/2023 5:35:00 AM,-9.32
10441,4/23/2023 5:35:00 AM,-9.26
10441,4/23/2023 5:35:00 AM,-9.14
10441,4/23/2023 5:35:00 AM,-9.26
10441,4/23/2023 5:35:00 AM,-9.32
10441,4/23/2023 5:35:00 AM,-9.26
10441,4/23/2023 5:35:00 AM,-9.14
10441,4/23/2023 5:35:00 AM,-9.08
10441,4/23/2023 5:35:00 AM,-9.20
10441,4/23/2023 5:36:00 AM,-9.20
10441,4/23/2023 5:36:00 AM,-9.14
10441,4/23/2023 5:36:00 AM,-9.02
10441,4/23/2023 5:36:00 AM,-9.26
10441,4/23/2023 5:36:00 AM,-9.20
10441,4/23/2023 5:36:00 AM,-9.14
10441,4/23/2023 5:36:00 AM,-9.08
10441,4/23/2023 5:36:00 AM,-9.14
10441,4/23/2023 5:37:00 AM,-9.08
10441,4/23/2023 5:37:00 AM,-9.14
10441,4/23/2023 5:37:00 AM,-9.08
10441,4/23/2023 5:37:00 AM,-9.26
10441,4/23/2023 5:37:00 AM,-9.20
10441,4/23/2023 5:37:00 AM,-8.96
10441,4/23/2023 5:37:00 AM,-9.26
10441,4/23/2023 5:38:00 AM,-9.20
10441,4/23/2023 5:38:00 AM,-9.14
10441,4/23/2023 5:38:00 AM,-9.20
10441,4/23/2023 5:38:00 AM,-9.02
10441,4/23/2023 5:38:00 AM,-9.26
10441,4/23/2023 5:38:00 AM,-9.20
10441,4/23/2023 5:38:00 AM,-9.08
10441,4/23/2023 5:38:00 AM,-9.14
10441,4/23/2023 5:38:00 AM,-9.20
10441,4/23/2023 5:39:00 AM,-9.14
10441,4/23/2023 5:39:00 AM,-9.08
10441,4/23/2023 5:39:00 AM,-9.14
10441,4/23/2023 5:39:00 AM,-9.20
10441,4/23/2023 5:40:00 AM,-9.26
10441,4/23/2023 5:40:00 AM,-9.20
10441,4/23/2023 5:40:00 AM,-9.26
10441,4/23/2023 5:40:00 AM,-9.32
10441,4/23/2023 5:40:00 AM,-9.14
10441,4/23/2023 5:40:00 AM,-9.32
10441,4/23/2023 5:40:00 AM,-9.26
10441,4/23/2023 5:40:00 AM,-9.32
10441,4/23/2023 5:40:00 AM,-9.26
10441,4/23/2023 5:40:00 AM,-9.14
10441,4/23/2023 5:41:00 AM,-9.32
10441,4/23/2023 5:41:00 AM,-9.26
10441,4/23/2023 5:41:00 AM,-9.14
10441,4/23/2023 5:41:00 AM,-9.80
10441,4/23/2023 5:41:00 AM,-9.38
10441,4/23/2023 5:41:00 AM,-9.92
10441,4/23/2023 5:41:00 AM,-9.32
10441,4/23/2023 5:41:00 AM,-9.50
10441,4/23/2023 5:41:00 AM,-9.44
10441,4/23/2023 5:41:00 AM,-9.74
10441,4/23/2023 5:41:00 AM,-9.44
10441,4/23/2023 5:41:00 AM,-9.26
10441,4/23/2023 5:41:00 AM,-9.44
10441,4/23/2023 5:41:00 AM,-9.56
10441,4/23/2023 5:42:00 AM,-9.38
10441,4/23/2023 5:42:00 AM,-9.14
10441,4/23/2023 5:42:00 AM,-9.08
10441,4/23/2023 5:42:00 AM,-9.20
10441,4/23/2023 5:42:00 AM,-9.26
10441,4/23/2023 5:42:00 AM,-9.38
10441,4/23/2023 5:42:00 AM,-9.32
10441,4/23/2023 5:42:00 AM,-9.26
10441,4/23/2023 5:42:00 AM,-9.44
10441,4/23/2023 5:42:00 AM,-9.38
10441,4/23/2023 5:42:00 AM,-9.44
10441,4/23/2023 5:42:00 AM,-9.26
10441,4/23/2023 5:43:00 AM,-9.32
10441,4/23/2023 5:43:00 AM,-9.20
10441,4/23/2023 5:43:00 AM,-9.26
10441,4/23/2023 5:43:00 AM,-9.14
10441,4/23/2023 5:43:00 AM,-9.32
10441,4/23/2023 5:43:00 AM,-9.20
10441,4/23/2023 5:43:00 AM,-9.32
10441,4/23/2023 5:43:00 AM,-9.20
10441,4/23/2023 5:43:00 AM,-9.32
10441,4/23/2023 5:43:00 AM,-9.38
10441,4/23/2023 5:43:00 AM,-9.26
10441,4/23/2023 5:44:00 AM,-9.20
10441,4/23/2023 5:44:00 AM,-9.38
10441,4/23/2023 5:44:00 AM,-9.32
10441,4/23/2023 5:44:00 AM,-9.20
10441,4/23/2023 5:44:00 AM,-9.14
10441,4/23/2023 5:44:00 AM,-9.20
10441,4/23/2023 5:44:00 AM,-9.68
10441,4/23/2023 5:44:00 AM,-9.20
10441,4/23/2023 5:44:00 AM,-9.38
10441,4/23/2023 5:44:00 AM,-9.26
10441,4/23/2023 5:44:00 AM,-9.32
10441,4/23/2023 5:44:00 AM,-9.38
10441,4/23/2023 5:44:00 AM,-9.26
10441,4/23/2023 5:45:00 AM,-9.50
10441,4/23/2023 5:45:00 AM,-9.14
10441,4/23/2023 5:45:00 AM,-8.84
10441,4/23/2023 5:45:00 AM,-9.32
10441,4/23/2023 5:45:00 AM,-9.20
10441,4/23/2023 5:45:00 AM,-9.26
10441,4/23/2023 5:45:00 AM,-9.86
10441,4/23/2023 5:45:00 AM,-9.50
10441,4/23/2023 5:45:00 AM,-9.20
10441,4/23/2023 5:45:00 AM,-9.62
10441,4/23/2023 5:45:00 AM,-9.14
10441,4/23/2023 5:45:00 AM,-9.38
10441,4/23/2023 5:45:00 AM,-9.32
10441,4/23/2023 5:45:00 AM,-9.26
10441,4/23/2023 5:45:00 AM,-9.32
10441,4/23/2023 5:46:00 AM,-9.26
10441,4/23/2023 5:46:00 AM,-9.20
10441,4/23/2023 5:46:00 AM,-9.26
10441,4/23/2023 5:46:00 AM,-9.20
10441,4/23/2023 5:46:00 AM,-9.26
10441,4/23/2023 5:46:00 AM,-9.20
10441,4/23/2023 5:46:00 AM,-9.26
10441,4/23/2023 5:46:00 AM,-9.20
10441,4/23/2023 5:47:00 AM,-9.32
10441,4/23/2023 5:47:00 AM,-9.26
10441,4/23/2023 5:47:00 AM,-9.32
10441,4/23/2023 5:47:00 AM,-9.20
10441,4/23/2023 5:47:00 AM,-9.38
10441,4/23/2023 5:47:00 AM,-9.32
10441,4/23/2023 5:47:00 AM,-9.20
10441,4/23/2023 5:47:00 AM,-9.14
10441,4/23/2023 5:47:00 AM,-9.20
10441,4/23/2023 5:47:00 AM,-9.14
10441,4/23/2023 5:47:00 AM,-9.44
10441,4/23/2023 5:48:00 AM,-9.32
10441,4/23/2023 5:48:00 AM,-9.26
10441,4/23/2023 5:48:00 AM,-9.32
10441,4/23/2023 5:48:00 AM,-9.38
10441,4/23/2023 5:48:00 AM,-9.44
10441,4/23/2023 5:48:00 AM,-9.38
10441,4/23/2023 5:48:00 AM,-9.32
10441,4/23/2023 5:48:00 AM,-9.26
10441,4/23/2023 5:48:00 AM,-9.32
10441,4/23/2023 5:48:00 AM,-9.26
10441,4/23/2023 5:48:00 AM,-9.14
10441,4/23/2023 5:49:00 AM,-9.32
10441,4/23/2023 5:49:00 AM,-9.20
10441,4/23/2023 5:49:00 AM,-9.02
10441,4/23/2023 5:49:00 AM,-9.44
10441,4/23/2023 5:49:00 AM,-8.96
10441,4/23/2023 5:49:00 AM,-9.20
10441,4/23/2023 5:49:00 AM,-9.32
10441,4/23/2023 5:49:00 AM,-9.20
10441,4/23/2023 5:49:00 AM,-9.32
10441,4/23/2023 5:49:00 AM,-9.44
10441,4/23/2023 5:50:00 AM,-9.02
10441,4/23/2023 5:50:00 AM,-8.96
10441,4/23/2023 5:50:00 AM,-9.02
10441,4/23/2023 5:50:00 AM,-9.08
10441,4/23/2023 5:50:00 AM,-9.26
10441,4/23/2023 5:50:00 AM,-9.38
10441,4/23/2023 5:50:00 AM,-9.14
10441,4/23/2023 5:50:00 AM,-9.08
10441,4/23/2023 5:50:00 AM,-9.14
10441,4/23/2023 5:51:00 AM,-9.14
10441,4/23/2023 5:51:00 AM,-9.08
10441,4/23/2023 5:52:00 AM,-9.26
10441,4/23/2023 5:52:00 AM,-9.32
10441,4/23/2023 5:52:00 AM,-9.44
10441,4/23/2023 5:52:00 AM,-9.98
10441,4/23/2023 5:52:00 AM,-8.66
10441,4/23/2023 5:52:00 AM,-9.50
10441,4/23/2023 5:52:00 AM,-9.32
10441,4/23/2023 5:52:00 AM,-9.50
10441,4/23/2023 5:52:00 AM,-9.62
10441,4/23/2023 5:52:00 AM,-9.44
10441,4/23/2023 5:52:00 AM,-9.38
10441,4/23/2023 5:52:00 AM,-9.20
10441,4/23/2023 5:53:00 AM,-9.14
10441,4/23/2023 5:53:00 AM,-9.20
10441,4/23/2023 5:54:00 AM,-9.14
10441,4/23/2023 5:54:00 AM,-9.20
10441,4/23/2023 5:54:00 AM,-9.14
10441,4/23/2023 5:54:00 AM,-9.20
10441,4/23/2023 5:54:00 AM,-9.26
10441,4/23/2023 5:54:00 AM,-9.32
10441,4/23/2023 5:55:00 AM,-9.44
10441,4/23/2023 5:55:00 AM,-9.20
10441,4/23/2023 5:55:00 AM,-9.26
10441,4/23/2023 5:55:00 AM,-9.32
10441,4/23/2023 5:55:00 AM,-9.26
10441,4/23/2023 5:55:00 AM,-9.20
10441,4/23/2023 5:55:00 AM,-9.38
10441,4/23/2023 5:55:00 AM,-9.32
10441,4/23/2023 5:55:00 AM,-9.26
10441,4/23/2023 5:55:00 AM,-9.38
10441,4/23/2023 5:55:00 AM,-9.32
10441,4/23/2023 5:55:00 AM,-9.20
10441,4/23/2023 5:55:00 AM,-9.26
10441,4/23/2023 5:55:00 AM,-9.38
10441,4/23/2023 5:56:00 AM,-9.14
10441,4/23/2023 5:56:00 AM,-9.08
10441,4/23/2023 5:56:00 AM,-9.14
10441,4/23/2023 5:56:00 AM,-9.08
10441,4/23/2023 5:56:00 AM,-9.26
10441,4/23/2023 5:56:00 AM,-9.14
10441,4/23/2023 5:56:00 AM,-9.20
10441,4/23/2023 5:56:00 AM,-9.14
10441,4/23/2023 5:56:00 AM,-9.26
10441,4/23/2023 5:56:00 AM,-9.20
10441,4/23/2023 5:57:00 AM,-9.80
10441,4/23/2023 5:57:00 AM,-9.32
10441,4/23/2023 5:57:00 AM,-9.44
10441,4/23/2023 5:57:00 AM,-9.38
10441,4/23/2023 5:57:00 AM,-9.14
10441,4/23/2023 5:57:00 AM,-9.20
10441,4/23/2023 5:57:00 AM,-9.14
10441,4/23/2023 5:57:00 AM,-9.32
10441,4/23/2023 5:57:00 AM,-9.38
10441,4/23/2023 5:57:00 AM,-9.74
10441,4/23/2023 5:58:00 AM,-9.38
10441,4/23/2023 5:58:00 AM,-9.50
10441,4/23/2023 5:58:00 AM,-9.44
10441,4/23/2023 5:58:00 AM,-9.50
10441,4/23/2023 5:58:00 AM,-8.96
10441,4/23/2023 5:58:00 AM,-8.78
10441,4/23/2023 5:58:00 AM,-9.62
10441,4/23/2023 5:58:00 AM,-9.56
10441,4/23/2023 5:58:00 AM,-9.44
10441,4/23/2023 5:58:00 AM,-9.14
10441,4/23/2023 5:58:00 AM,-9.26
10441,4/23/2023 5:58:00 AM,-9.20
10441,4/23/2023 5:59:00 AM,-9.38
10441,4/23/2023 5:59:00 AM,-9.32
10441,4/23/2023 5:59:00 AM,-9.44
10441,4/23/2023 5:59:00 AM,-9.74
10441,4/23/2023 5:59:00 AM,-9.68
10441,4/23/2023 5:59:00 AM,-9.62
10441,4/23/2023 5:59:00 AM,-9.68
10441,4/23/2023 5:59:00 AM,-9.56
10441,4/23/2023 5:59:00 AM,-9.44
10441,4/23/2023 5:59:00 AM,-9.56
10441,4/23/2023 5:59:00 AM,-9.68
10441,4/23/2023 6:00:00 AM,-9.62
10441,4/23/2023 6:00:00 AM,-9.56
10441,4/23/2023 6:00:00 AM,-9.68
10441,4/23/2023 6:00:00 AM,-9.62
10441,4/23/2023 6:00:00 AM,-9.68
10441,4/23/2023 6:00:00 AM,-9.50
10441,4/23/2023 6:00:00 AM,-9.38
10441,4/23/2023 6:00:00 AM,-9.32
10441,4/23/2023 6:01:00 AM,-9.74
10441,4/23/2023 6:01:00 AM,-9.62
10441,4/23/2023 6:01:00 AM,-9.74
10441,4/23/2023 6:01:00 AM,-9.68
10441,4/23/2023 6:01:00 AM,-9.44
10441,4/23/2023 6:01:00 AM,-9.32
10441,4/23/2023 6:01:00 AM,-9.68
10441,4/23/2023 6:01:00 AM,-9.80
10441,4/23/2023 6:01:00 AM,-9.68
10441,4/23/2023 6:01:00 AM,-9.92
10441,4/23/2023 6:01:00 AM,-9.14
10441,4/23/2023 6:02:00 AM,-9.56
10441,4/23/2023 6:02:00 AM,-9.68
10441,4/23/2023 6:02:00 AM,-9.50
10441,4/23/2023 6:02:00 AM,-9.68
10441,4/23/2023 6:02:00 AM,-9.56
10441,4/23/2023 6:02:00 AM,-9.62
10441,4/23/2023 6:02:00 AM,-9.56
10441,4/23/2023 6:02:00 AM,-9.68
10441,4/23/2023 6:02:00 AM,-9.62
10441,4/23/2023 6:03:00 AM,-9.74
10441,4/23/2023 6:03:00 AM,-9.74
10441,4/23/2023 6:03:00 AM,-9.92
10441,4/23/2023 6:03:00 AM,-9.98
10441,4/23/2023 6:03:00 AM,-8.96
10441,4/23/2023 6:03:00 AM,-8.72
10441,4/23/2023 6:03:00 AM,-9.68
10441,4/23/2023 6:03:00 AM,-9.92
10441,4/23/2023 6:03:00 AM,-9.62
10441,4/23/2023 6:03:00 AM,-10.04
10441,4/23/2023 6:03:00 AM,-9.98
10441,4/23/2023 6:03:00 AM,-9.62
10441,4/23/2023 6:03:00 AM,-9.68
10441,4/23/2023 6:03:00 AM,-9.86
10441,4/23/2023 6:04:00 AM,-9.80
10441,4/23/2023 6:04:00 AM,-9.86
10441,4/23/2023 6:04:00 AM,-9.80
10441,4/23/2023 6:04:00 AM,-9.86
10441,4/23/2023 6:04:00 AM,-9.92
10441,4/23/2023 6:04:00 AM,-9.86
10441,4/23/2023 6:04:00 AM,-9.80
10441,4/23/2023 6:04:00 AM,-9.68
10441,4/23/2023 6:05:00 AM,-9.62
10441,4/23/2023 6:05:00 AM,-9.98
10441,4/23/2023 6:05:00 AM,-9.80
10441,4/23/2023 6:05:00 AM,-9.68
10441,4/23/2023 6:05:00 AM,-9.80
10441,4/23/2023 6:05:00 AM,-9.74
10441,4/23/2023 6:05:00 AM,-9.80
10441,4/23/2023 6:05:00 AM,-9.68
10441,4/23/2023 6:05:00 AM,-9.62
10441,4/23/2023 6:05:00 AM,-9.68
10441,4/23/2023 6:05:00 AM,-9.62
10441,4/23/2023 6:05:00 AM,-9.80
10441,4/23/2023 6:06:00 AM,-9.68
10441,4/23/2023 6:06:00 AM,-9.74
10441,4/23/2023 6:06:00 AM,-9.68
10441,4/23/2023 6:06:00 AM,-9.74
10441,4/23/2023 6:06:00 AM,-9.80
10441,4/23/2023 6:06:00 AM,-9.74
10441,4/23/2023 6:06:00 AM,-9.56
10441,4/23/2023 6:06:00 AM,-9.68
10441,4/23/2023 6:06:00 AM,-9.80
10441,4/23/2023 6:06:00 AM,-9.56
10441,4/23/2023 6:07:00 AM,-9.68
10441,4/23/2023 6:07:00 AM,-9.56
10441,4/23/2023 6:07:00 AM,-9.50
10441,4/23/2023 6:07:00 AM,-9.32
10441,4/23/2023 6:07:00 AM,-9.50
10441,4/23/2023 6:07:00 AM,-9.56
10441,4/23/2023 6:07:00 AM,-9.62
10441,4/23/2023 6:07:00 AM,-9.68
10441,4/23/2023 6:07:00 AM,-9.62
10441,4/23/2023 6:07:00 AM,-9.62
10441,4/23/2023 6:07:00 AM,-9.56
10441,4/23/2023 6:07:00 AM,-9.50
10441,4/23/2023 6:07:00 AM,-9.56
10441,4/23/2023 6:07:00 AM,-9.62
10441,4/23/2023 6:07:00 AM,-9.56
10441,4/23/2023 6:08:00 AM,-9.68
10441,4/23/2023 6:08:00 AM,-9.62
10441,4/23/2023 6:08:00 AM,-9.56
10441,4/23/2023 6:08:00 AM,-9.50
10441,4/23/2023 6:08:00 AM,-9.56
10441,4/23/2023 6:08:00 AM,-9.50
10441,4/23/2023 6:08:00 AM,-9.56
10441,4/23/2023 6:08:00 AM,-9.86
10441,4/23/2023 6:08:00 AM,-9.68
10441,4/23/2023 6:08:00 AM,-9.56
10441,4/23/2023 6:09:00 AM,-9.80
10441,4/23/2023 6:09:00 AM,-9.38
10441,4/23/2023 6:09:00 AM,-9.32
10441,4/23/2023 6:09:00 AM,-9.50
10441,4/23/2023 6:09:00 AM,-9.74
10441,4/23/2023 6:09:00 AM,-9.50
10441,4/23/2023 6:09:00 AM,-9.62
10441,4/23/2023 6:09:00 AM,-9.50
10441,4/23/2023 6:09:00 AM,-9.56
10441,4/23/2023 6:09:00 AM,-9.68
10441,4/23/2023 6:09:00 AM,-9.62
10441,4/23/2023 6:09:00 AM,-9.56
10441,4/23/2023 6:10:00 AM,-9.50
10441,4/23/2023 6:10:00 AM,-9.68
10441,4/23/2023 6:10:00 AM,-9.86
10441,4/23/2023 6:10:00 AM,-9.74
10441,4/23/2023 6:10:00 AM,-9.80
10441,4/23/2023 6:10:00 AM,-9.74
10441,4/23/2023 6:10:00 AM,-9.68
10441,4/23/2023 6:10:00 AM,-9.74
10441,4/23/2023 6:10:00 AM,-9.80
10441,4/23/2023 6:10:00 AM,-9.92
10441,4/23/2023 6:10:00 AM,-9.68
10441,4/23/2023 6:10:00 AM,-9.80
10441,4/23/2023 6:10:00 AM,-9.62
10441,4/23/2023 6:11:00 AM,-9.56
10441,4/23/2023 6:11:00 AM,-9.50
10441,4/23/2023 6:11:00 AM,-9.62
10441,4/23/2023 6:11:00 AM,-9.74
10441,4/23/2023 6:11:00 AM,-9.80
10441,4/23/2023 6:11:00 AM,-9.62
10441,4/23/2023 6:11:00 AM,-9.68
10441,4/23/2023 6:11:00 AM,-9.74
10441,4/23/2023 6:11:00 AM,-9.68
10441,4/23/2023 6:12:00 AM,-9.62
10441,4/23/2023 6:12:00 AM,-9.56
10441,4/23/2023 6:12:00 AM,-9.62
10441,4/23/2023 6:12:00 AM,-9.56
10441,4/23/2023 6:12:00 AM,-9.50
10441,4/23/2023 6:12:00 AM,-9.44
10441,4/23/2023 6:12:00 AM,-9.44
10441,4/23/2023 6:12:00 AM,-9.38
10441,4/23/2023 6:12:00 AM,-9.56
10441,4/23/2023 6:12:00 AM,-9.74
10441,4/23/2023 6:12:00 AM,-9.62
10441,4/23/2023 6:12:00 AM,-9.80
10441,4/23/2023 6:13:00 AM,-9.56
10441,4/23/2023 6:13:00 AM,-9.50
10441,4/23/2023 6:13:00 AM,-9.62
10441,4/23/2023 6:13:00 AM,-9.50
10441,4/23/2023 6:13:00 AM,-9.56
10441,4/23/2023 6:13:00 AM,-9.50
10441,4/23/2023 6:13:00 AM,-9.56
10441,4/23/2023 6:13:00 AM,-9.50
10441,4/23/2023 6:13:00 AM,-9.68
10441,4/23/2023 6:13:00 AM,-9.44
10441,4/23/2023 6:13:00 AM,-9.56
10441,4/23/2023 6:13:00 AM,-9.50
10441,4/23/2023 6:14:00 AM,-9.44
10441,4/23/2023 6:14:00 AM,-9.50
10441,4/23/2023 6:14:00 AM,-9.56
10441,4/23/2023 6:14:00 AM,-9.50
10441,4/23/2023 6:14:00 AM,-9.56
10441,4/23/2023 6:14:00 AM,-9.62
10441,4/23/2023 6:14:00 AM,-9.56
10441,4/23/2023 6:15:00 AM,-9.50
10441,4/23/2023 6:15:00 AM,-9.62
10441,4/23/2023 6:15:00 AM,-9.68
10441,4/23/2023 6:15:00 AM,-9.74
10441,4/23/2023 6:15:00 AM,-9.80
10441,4/23/2023 6:15:00 AM,-9.74
10441,4/23/2023 6:15:00 AM,-9.80
10441,4/23/2023 6:15:00 AM,-9.62
10441,4/23/2023 6:15:00 AM,-9.74
10441,4/23/2023 6:16:00 AM,-9.62
10441,4/23/2023 6:16:00 AM,-9.56
10441,4/23/2023 6:16:00 AM,-9.62
10441,4/23/2023 6:16:00 AM,-9.50
10441,4/23/2023 6:16:00 AM,-9.32
10441,4/23/2023 6:16:00 AM,-9.92
10441,4/23/2023 6:17:00 AM,-9.86
10441,4/23/2023 6:17:00 AM,-9.62
10441,4/23/2023 6:17:00 AM,-9.74
10441,4/23/2023 6:17:00 AM,-9.68
10441,4/23/2023 6:17:00 AM,-9.62
10441,4/23/2023 6:17:00 AM,-9.68
10441,4/23/2023 6:17:00 AM,-9.62
10441,4/23/2023 6:17:00 AM,-9.56
10441,4/23/2023 6:17:00 AM,-9.62
10441,4/23/2023 6:17:00 AM,-9.68
10441,4/23/2023 6:17:00 AM,-9.56
10441,4/23/2023 6:17:00 AM,-9.44
10441,4/23/2023 6:17:00 AM,-9.50
10441,4/23/2023 6:18:00 AM,-9.50
10441,4/23/2023 6:18:00 AM,-9.62
10441,4/23/2023 6:18:00 AM,-9.68
10441,4/23/2023 6:18:00 AM,-9.86
10441,4/23/2023 6:18:00 AM,-9.80
10441,4/23/2023 6:18:00 AM,-9.86
10441,4/23/2023 6:18:00 AM,-9.80
10441,4/23/2023 6:18:00 AM,-9.86
10441,4/23/2023 6:18:00 AM,-9.92
10441,4/23/2023 6:18:00 AM,-9.80
10441,4/23/2023 6:18:00 AM,-9.86
10441,4/23/2023 6:18:00 AM,-9.80
10441,4/23/2023 6:19:00 AM,-9.86
10441,4/23/2023 6:19:00 AM,-9.92
10441,4/23/2023 6:19:00 AM,-9.86
10441,4/23/2023 6:19:00 AM,-9.80
10441,4/23/2023 6:19:00 AM,-9.86
10441,4/23/2023 6:19:00 AM,-9.62
10441,4/23/2023 6:19:00 AM,-10.04
10441,4/23/2023 6:19:00 AM,-9.50
10441,4/23/2023 6:19:00 AM,-9.74
10441,4/23/2023 6:19:00 AM,-10.34
10441,4/23/2023 6:19:00 AM,-9.38
10441,4/23/2023 6:19:00 AM,-10.22
10441,4/23/2023 6:19:00 AM,-10.16
10441,4/23/2023 6:19:00 AM,-9.50
10441,4/23/2023 6:20:00 AM,-9.98
10441,4/23/2023 6:20:00 AM,-9.62
10441,4/23/2023 6:20:00 AM,-10.28
10441,4/23/2023 6:20:00 AM,-10.04
10441,4/23/2023 6:20:00 AM,-9.92
10441,4/23/2023 6:20:00 AM,-9.86
10441,4/23/2023 6:20:00 AM,-10.16
10441,4/23/2023 6:20:00 AM,-9.44
10441,4/23/2023 6:20:00 AM,-9.86
10441,4/23/2023 6:20:00 AM,-10.04
10441,4/23/2023 6:20:00 AM,-9.92
10441,4/23/2023 6:20:00 AM,-9.86
10441,4/23/2023 6:20:00 AM,-9.80
10441,4/23/2023 6:21:00 AM,-9.92
10441,4/23/2023 6:21:00 AM,-10.04
10441,4/23/2023 6:21:00 AM,-9.92
10441,4/23/2023 6:21:00 AM,-10.40
10441,4/23/2023 6:21:00 AM,-9.86
10441,4/23/2023 6:21:00 AM,-10.10
10441,4/23/2023 6:21:00 AM,-9.92
10441,4/23/2023 6:21:00 AM,-9.80
10441,4/23/2023 6:21:00 AM,-9.92
10441,4/23/2023 6:21:00 AM,-9.68
10441,4/23/2023 6:21:00 AM,-9.92
10441,4/23/2023 6:21:00 AM,-9.86
10441,4/23/2023 6:21:00 AM,-9.92
10441,4/23/2023 6:21:00 AM,-9.80
10441,4/23/2023 6:22:00 AM,-9.74
10441,4/23/2023 6:22:00 AM,-9.68
10441,4/23/2023 6:22:00 AM,-9.86
10441,4/23/2023 6:22:00 AM,-9.92
10441,4/23/2023 6:22:00 AM,-9.80
10441,4/23/2023 6:22:00 AM,-9.92
10441,4/23/2023 6:22:00 AM,-9.74
10441,4/23/2023 6:22:00 AM,-9.86
10441,4/23/2023 6:22:00 AM,-9.80
10441,4/23/2023 6:23:00 AM,-9.74
10441,4/23/2023 6:23:00 AM,-9.86
10441,4/23/2023 6:23:00 AM,-9.92
10441,4/23/2023 6:23:00 AM,-9.98
10441,4/23/2023 6:23:00 AM,-9.92
10441,4/23/2023 6:23:00 AM,-9.86
10441,4/23/2023 6:23:00 AM,-9.80
10441,4/23/2023 6:23:00 AM,-9.74
10441,4/23/2023 6:24:00 AM,-9.68
10441,4/23/2023 6:24:00 AM,-9.74
10441,4/23/2023 6:24:00 AM,-9.80
10441,4/23/2023 6:24:00 AM,-9.86
10441,4/23/2023 6:25:00 AM,-9.80
10441,4/23/2023 6:25:00 AM,-9.74
10441,4/23/2023 6:25:00 AM,-9.68
10441,4/23/2023 6:26:00 AM,-9.80
10441,4/23/2023 6:26:00 AM,-9.74
10441,4/23/2023 6:26:00 AM,-9.44
10441,4/23/2023 6:26:00 AM,-9.68
10441,4/23/2023 6:26:00 AM,-9.74
10441,4/23/2023 6:27:00 AM,-9.80
10441,4/23/2023 6:27:00 AM,-9.86
10441,4/23/2023 6:27:00 AM,-9.32
10441,4/23/2023 6:27:00 AM,-9.44
10441,4/23/2023 6:27:00 AM,-9.74
10441,4/23/2023 6:27:00 AM,-9.32
10441,4/23/2023 6:27:00 AM,-9.56
10441,4/23/2023 6:27:00 AM,-9.74
10441,4/23/2023 6:27:00 AM,-9.62
10441,4/23/2023 6:27:00 AM,-9.56
10441,4/23/2023 6:27:00 AM,-9.68
10441,4/23/2023 6:27:00 AM,-9.62
10441,4/23/2023 6:28:00 AM,-9.56
10441,4/23/2023 6:28:00 AM,-9.68
10441,4/23/2023 6:28:00 AM,-9.74
10441,4/23/2023 6:29:00 AM,-9.62
10441,4/23/2023 6:29:00 AM,-9.56
10441,4/23/2023 6:29:00 AM,-9.50
10441,4/23/2023 6:29:00 AM,-9.56
10441,4/23/2023 6:29:00 AM,-9.80
10441,4/23/2023 6:29:00 AM,-9.74
10441,4/23/2023 6:30:00 AM,-9.62
10441,4/23/2023 6:30:00 AM,-9.74
10441,4/23/2023 6:30:00 AM,-9.62
10441,4/23/2023 6:30:00 AM,-9.68
10441,4/23/2023 6:30:00 AM,-9.62
10441,4/23/2023 6:30:00 AM,-9.50
10441,4/23/2023 6:31:00 AM,-9.56
10441,4/23/2023 6:32:00 AM,-9.62
10441,4/23/2023 6:32:00 AM,-9.56
10441,4/23/2023 6:32:00 AM,-9.62
10441,4/23/2023 6:32:00 AM,-9.56
10441,4/23/2023 6:32:00 AM,-9.62
10441,4/23/2023 6:32:00 AM,-9.56
10441,4/23/2023 6:32:00 AM,-9.62
10441,4/23/2023 6:33:00 AM,-9.50
10441,4/23/2023 6:33:00 AM,-9.56
10441,4/23/2023 6:33:00 AM,-9.50
10441,4/23/2023 6:33:00 AM,-9.38
10441,4/23/2023 6:33:00 AM,-9.50
10441,4/23/2023 6:33:00 AM,-9.38
10441,4/23/2023 6:33:00 AM,-9.44
10441,4/23/2023 6:33:00 AM,-9.56
10441,4/23/2023 6:33:00 AM,-9.62
10441,4/23/2023 6:33:00 AM,-9.44
10441,4/23/2023 6:34:00 AM,-9.86
10441,4/23/2023 6:34:00 AM,-9.74
10441,4/23/2023 6:34:00 AM,-9.62
10441,4/23/2023 6:34:00 AM,-9.50
10441,4/23/2023 6:34:00 AM,-9.68
10441,4/23/2023 6:34:00 AM,-9.44
10441,4/23/2023 6:34:00 AM,-9.26
10441,4/23/2023 6:34:00 AM,-9.44
10441,4/23/2023 6:34:00 AM,-9.50
10441,4/23/2023 6:34:00 AM,-9.44
10441,4/23/2023 6:34:00 AM,-9.56
10441,4/23/2023 6:35:00 AM,-9.80
10441,4/23/2023 6:35:00 AM,-9.32
10441,4/23/2023 6:35:00 AM,-9.62
10441,4/23/2023 6:35:00 AM,-9.80
10441,4/23/2023 6:35:00 AM,-10.10
10441,4/23/2023 6:35:00 AM,-9.74
10441,4/23/2023 6:35:00 AM,-9.44
10441,4/23/2023 6:35:00 AM,-9.80
10441,4/23/2023 6:35:00 AM,-9.26
10441,4/23/2023 6:35:00 AM,-9.62
10441,4/23/2023 6:35:00 AM,-9.56
10441,4/23/2023 6:35:00 AM,-9.50
10441,4/23/2023 6:35:00 AM,-9.68
10441,4/23/2023 6:35:00 AM,-9.62
10441,4/23/2023 6:35:00 AM,-9.50
10441,4/23/2023 6:36:00 AM,-9.74
10441,4/23/2023 6:36:00 AM,-9.50
10441,4/23/2023 6:36:00 AM,-9.44
10441,4/23/2023 6:36:00 AM,-9.56
10441,4/23/2023 6:36:00 AM,-9.98
10441,4/23/2023 6:36:00 AM,-9.68
10441,4/23/2023 6:36:00 AM,-9.44
10441,4/23/2023 6:36:00 AM,-9.38
10441,4/23/2023 6:36:00 AM,-9.62
10441,4/23/2023 6:36:00 AM,-9.44
10441,4/23/2023 6:36:00 AM,-9.80
10441,4/23/2023 6:36:00 AM,-9.20
10441,4/23/2023 6:36:00 AM,-9.50
10441,4/23/2023 6:37:00 AM,-9.32
10441,4/23/2023 6:37:00 AM,-9.20
10441,4/23/2023 6:37:00 AM,-9.56
10441,4/23/2023 6:37:00 AM,-9.50
10441,4/23/2023 6:37:00 AM,-9.44
10441,4/23/2023 6:37:00 AM,-9.68
10441,4/23/2023 6:37:00 AM,-9.32
10441,4/23/2023 6:37:00 AM,-9.44
10441,4/23/2023 6:37:00 AM,-8.96
10441,4/23/2023 6:37:00 AM,-9.68
10441,4/23/2023 6:37:00 AM,-9.44
10441,4/23/2023 6:37:00 AM,-9.68
10441,4/23/2023 6:38:00 AM,-9.98
10441,4/23/2023 6:38:00 AM,-9.62
10441,4/23/2023 6:38:00 AM,-9.38
10441,4/23/2023 6:38:00 AM,-9.32
10441,4/23/2023 6:38:00 AM,-9.26
10441,4/23/2023 6:38:00 AM,-9.44
10441,4/23/2023 6:38:00 AM,-9.62
10441,4/23/2023 6:38:00 AM,-9.62
10441,4/23/2023 6:38:00 AM,-9.80
10441,4/23/2023 6:38:00 AM,-9.62
10441,4/23/2023 6:38:00 AM,-9.50
10441,4/23/2023 6:38:00 AM,-9.32
10441,4/23/2023 6:38:00 AM,-9.68
10441,4/23/2023 6:39:00 AM,-9.80
10441,4/23/2023 6:39:00 AM,-10.10
10441,4/23/2023 6:39:00 AM,-9.44
10441,4/23/2023 6:39:00 AM,-9.56
10441,4/23/2023 6:39:00 AM,-9.74
10441,4/23/2023 6:39:00 AM,-9.38
10441,4/23/2023 6:39:00 AM,-8.96
10441,4/23/2023 6:39:00 AM,-9.62
10441,4/23/2023 6:39:00 AM,-9.68
10441,4/23/2023 6:39:00 AM,-9.38
10441,4/23/2023 6:39:00 AM,-9.44
10441,4/23/2023 6:39:00 AM,-9.32
10441,4/23/2023 6:39:00 AM,-9.26
10441,4/23/2023 6:40:00 AM,-9.44
10441,4/23/2023 6:40:00 AM,-9.44
10441,4/23/2023 6:40:00 AM,-9.38
10441,4/23/2023 6:40:00 AM,-9.32
10441,4/23/2023 6:40:00 AM,-9.50
10441,4/23/2023 6:40:00 AM,-9.32
10441,4/23/2023 6:40:00 AM,-9.26
10441,4/23/2023 6:40:00 AM,-9.32
10441,4/23/2023 6:40:00 AM,-9.50
10441,4/23/2023 6:40:00 AM,-9.02
10441,4/23/2023 6:40:00 AM,-9.20
10441,4/23/2023 6:40:00 AM,-10.04
10441,4/23/2023 6:40:00 AM,-9.86
10441,4/23/2023 6:41:00 AM,-9.20
10441,4/23/2023 6:41:00 AM,-9.32
10441,4/23/2023 6:41:00 AM,-9.26
10441,4/23/2023 6:41:00 AM,-9.32
10441,4/23/2023 6:41:00 AM,-9.26
10441,4/23/2023 6:41:00 AM,-9.38
10441,4/23/2023 6:41:00 AM,-9.56
10441,4/23/2023 6:41:00 AM,-9.02
10441,4/23/2023 6:41:00 AM,-8.72
10441,4/23/2023 6:41:00 AM,-9.20
10441,4/23/2023 6:41:00 AM,-9.38
10441,4/23/2023 6:41:00 AM,-8.96
10441,4/23/2023 6:42:00 AM,-9.56
10441,4/23/2023 6:42:00 AM,-9.38
10441,4/23/2023 6:42:00 AM,-9.26
10441,4/23/2023 6:42:00 AM,-9.14
10441,4/23/2023 6:42:00 AM,-9.80
10441,4/23/2023 6:42:00 AM,-9.02
10441,4/23/2023 6:42:00 AM,-9.26
10441,4/23/2023 6:42:00 AM,-9.32
10441,4/23/2023 6:42:00 AM,-9.26
10441,4/23/2023 6:42:00 AM,-9.20
10441,4/23/2023 6:42:00 AM,-9.44
10441,4/23/2023 6:42:00 AM,-9.08
10441,4/23/2023 6:43:00 AM,-9.26
10441,4/23/2023 6:43:00 AM,-9.80
10441,4/23/2023 6:43:00 AM,-9.74
10441,4/23/2023 6:43:00 AM,-9.62
10441,4/23/2023 6:43:00 AM,-9.56
10441,4/23/2023 6:43:00 AM,-9.50
10441,4/23/2023 6:43:00 AM,-9.44
10441,4/23/2023 6:43:00 AM,-9.50
10441,4/23/2023 6:43:00 AM,-9.44
10441,4/23/2023 6:43:00 AM,-9.26
10441,4/23/2023 6:44:00 AM,-9.62
10441,4/23/2023 6:44:00 AM,-9.38
10441,4/23/2023 6:44:00 AM,-9.44
10441,4/23/2023 6:44:00 AM,-9.32
10441,4/23/2023 6:44:00 AM,-9.92
10441,4/23/2023 6:44:00 AM,-9.02
10441,4/23/2023 6:44:00 AM,-9.32
10441,4/23/2023 6:44:00 AM,-9.92
10441,4/23/2023 6:44:00 AM,-9.08
10441,4/23/2023 6:44:00 AM,-9.32
10441,4/23/2023 6:44:00 AM,-9.38
10441,4/23/2023 6:45:00 AM,-9.38
10441,4/23/2023 6:45:00 AM,-9.32
10441,4/23/2023 6:45:00 AM,-9.38
10441,4/23/2023 6:45:00 AM,-9.32
10441,4/23/2023 6:45:00 AM,-9.26
10441,4/23/2023 6:46:00 AM,-9.44
10441,4/23/2023 6:46:00 AM,-9.56
10441,4/23/2023 6:46:00 AM,-9.38
10441,4/23/2023 6:46:00 AM,-9.20
10441,4/23/2023 6:46:00 AM,-9.26
10441,4/23/2023 6:46:00 AM,-9.14
10441,4/23/2023 6:46:00 AM,-9.44
10441,4/23/2023 6:46:00 AM,-9.32
10441,4/23/2023 6:46:00 AM,-9.20
10441,4/23/2023 6:47:00 AM,-9.32
10441,4/23/2023 6:47:00 AM,-9.26
10441,4/23/2023 6:47:00 AM,-9.38
10441,4/23/2023 6:47:00 AM,-9.32
10441,4/23/2023 6:47:00 AM,-9.50
10441,4/23/2023 6:47:00 AM,-9.44
10441,4/23/2023 6:47:00 AM,-9.26
10441,4/23/2023 6:47:00 AM,-9.38
10441,4/23/2023 6:48:00 AM,-9.26
10441,4/23/2023 6:48:00 AM,-9.44
10441,4/23/2023 6:48:00 AM,-9.26
10441,4/23/2023 6:48:00 AM,-9.20
10441,4/23/2023 6:48:00 AM,-9.32
10441,4/23/2023 6:48:00 AM,-9.38
10441,4/23/2023 6:48:00 AM,-9.44
10441,4/23/2023 6:48:00 AM,-9.50
10441,4/23/2023 6:48:00 AM,-9.32
10441,4/23/2023 6:49:00 AM,-9.44
10441,4/23/2023 6:49:00 AM,-9.38
10441,4/23/2023 6:49:00 AM,-9.44
10441,4/23/2023 6:49:00 AM,-9.32
10441,4/23/2023 6:49:00 AM,-9.62
10441,4/23/2023 6:49:00 AM,-9.44
10441,4/23/2023 6:49:00 AM,-9.50
10441,4/23/2023 6:49:00 AM,-9.32
10441,4/23/2023 6:49:00 AM,-9.38
10441,4/23/2023 6:49:00 AM,-9.44
10441,4/23/2023 6:49:00 AM,-9.38
10441,4/23/2023 6:50:00 AM,-9.44
10441,4/23/2023 6:50:00 AM,-9.50
10441,4/23/2023 6:50:00 AM,-9.44
10441,4/23/2023 6:50:00 AM,-9.32
10441,4/23/2023 6:50:00 AM,-9.44
10441,4/23/2023 6:50:00 AM,-9.50
10441,4/23/2023 6:50:00 AM,-9.44
10441,4/23/2023 6:50:00 AM,-9.26
10441,4/23/2023 6:50:00 AM,-9.50
10441,4/23/2023 6:50:00 AM,-9.44
10441,4/23/2023 6:50:00 AM,-9.56
10441,4/23/2023 6:51:00 AM,-9.62
10441,4/23/2023 6:51:00 AM,-9.56
10441,4/23/2023 6:51:00 AM,-9.62
10441,4/23/2023 6:51:00 AM,-9.68
10441,4/23/2023 6:51:00 AM,-9.74
10441,4/23/2023 6:51:00 AM,-9.80
10441,4/23/2023 6:51:00 AM,-9.92
10441,4/23/2023 6:51:00 AM,-9.74
10441,4/23/2023 6:51:00 AM,-9.68
10441,4/23/2023 6:51:00 AM,-9.86
10441,4/23/2023 6:52:00 AM,-9.80
10441,4/23/2023 6:52:00 AM,-10.10
10441,4/23/2023 6:52:00 AM,-9.98
10441,4/23/2023 6:52:00 AM,-9.86
10441,4/23/2023 6:52:00 AM,-9.92
10441,4/23/2023 6:52:00 AM,-9.74
10441,4/23/2023 6:52:00 AM,-9.98
10441,4/23/2023 6:52:00 AM,-9.80
10441,4/23/2023 6:52:00 AM,-9.98
10441,4/23/2023 6:52:00 AM,-9.86
10441,4/23/2023 6:52:00 AM,-9.62
10441,4/23/2023 6:53:00 AM,-9.80
10441,4/23/2023 6:53:00 AM,-9.98
10441,4/23/2023 6:53:00 AM,-9.92
10441,4/23/2023 6:53:00 AM,-9.98
10441,4/23/2023 6:53:00 AM,-9.86
10441,4/23/2023 6:53:00 AM,-9.98
10441,4/23/2023 6:53:00 AM,-9.92
10441,4/23/2023 6:53:00 AM,-9.86
10441,4/23/2023 6:53:00 AM,-9.92
10441,4/23/2023 6:53:00 AM,-9.80
10441,4/23/2023 6:53:00 AM,-9.92
10441,4/23/2023 6:53:00 AM,-9.86
10441,4/23/2023 6:54:00 AM,-9.86
10441,4/23/2023 6:54:00 AM,-9.98
10441,4/23/2023 6:54:00 AM,-9.92
10441,4/23/2023 6:54:00 AM,-9.86
10441,4/23/2023 6:55:00 AM,-9.80
10441,4/23/2023 6:55:00 AM,-9.86
10441,4/23/2023 6:55:00 AM,-9.92
10441,4/23/2023 6:55:00 AM,-10.10
10441,4/23/2023 6:55:00 AM,-9.98
10441,4/23/2023 6:55:00 AM,-9.92
10441,4/23/2023 6:55:00 AM,-10.04
10441,4/23/2023 6:55:00 AM,-9.86
10441,4/23/2023 6:55:00 AM,-10.10
10441,4/23/2023 6:55:00 AM,-9.56
10441,4/23/2023 6:55:00 AM,-10.04
10441,4/23/2023 6:55:00 AM,-9.98
10441,4/23/2023 6:56:00 AM,-9.86
10441,4/23/2023 6:56:00 AM,-9.62
10441,4/23/2023 6:56:00 AM,-10.04
10441,4/23/2023 6:56:00 AM,-10.10
10441,4/23/2023 6:56:00 AM,-9.44
10441,4/23/2023 6:56:00 AM,-10.22
10441,4/23/2023 6:56:00 AM,-9.74
10441,4/23/2023 6:56:00 AM,-9.92
10441,4/23/2023 6:56:00 AM,-10.04
10441,4/23/2023 6:56:00 AM,-9.80
10441,4/23/2023 6:56:00 AM,-9.74
10441,4/23/2023 6:56:00 AM,-9.80
10441,4/23/2023 6:56:00 AM,-9.98
10441,4/23/2023 6:56:00 AM,-9.86
10441,4/23/2023 6:57:00 AM,-9.98
10441,4/23/2023 6:57:00 AM,-9.92
10441,4/23/2023 6:57:00 AM,-9.56
10441,4/23/2023 6:57:00 AM,-9.68
10441,4/23/2023 6:57:00 AM,-9.92
10441,4/23/2023 6:57:00 AM,-9.74
10441,4/23/2023 6:57:00 AM,-9.80
10441,4/23/2023 6:57:00 AM,-9.92
10441,4/23/2023 6:58:00 AM,-9.98
10441,4/23/2023 6:58:00 AM,-9.92
10441,4/23/2023 6:58:00 AM,-9.98
10441,4/23/2023 6:58:00 AM,-9.92
10441,4/23/2023 6:58:00 AM,-9.86
10441,4/23/2023 6:59:00 AM,-9.80
10441,4/23/2023 6:59:00 AM,-9.86
10441,4/23/2023 6:59:00 AM,-9.80
10441,4/23/2023 6:59:00 AM,-9.86
10441,4/23/2023 6:59:00 AM,-9.92
10441,4/23/2023 6:59:00 AM,-9.86
10441,4/23/2023 7:00:00 AM,-9.80
10441,4/23/2023 7:00:00 AM,-9.86
10441,4/23/2023 7:00:00 AM,-9.80
10441,4/23/2023 7:00:00 AM,-9.86
10441,4/23/2023 7:00:00 AM,-9.92
10441,4/23/2023 7:01:00 AM,-9.86
10441,4/23/2023 7:01:00 AM,-9.80
10441,4/23/2023 7:01:00 AM,-9.86
10441,4/23/2023 7:01:00 AM,-9.92
10441,4/23/2023 7:01:00 AM,-9.86
10441,4/23/2023 7:01:00 AM,-9.80
10441,4/23/2023 7:01:00 AM,-9.92
10441,4/23/2023 7:02:00 AM,-9.86
10441,4/23/2023 7:02:00 AM,-9.80
10441,4/23/2023 7:02:00 AM,-9.74
10441,4/23/2023 7:02:00 AM,-9.80
10441,4/23/2023 7:02:00 AM,-9.86
10441,4/23/2023 7:02:00 AM,-9.92
10441,4/23/2023 7:02:00 AM,-9.86
10441,4/23/2023 7:03:00 AM,-9.80
10441,4/23/2023 7:03:00 AM,-9.86
10441,4/23/2023 7:03:00 AM,-9.80
10441,4/23/2023 7:03:00 AM,-9.86
10441,4/23/2023 7:04:00 AM,-9.98
10441,4/23/2023 7:04:00 AM,-10.04
10441,4/23/2023 7:04:00 AM,-9.98
10441,4/23/2023 7:04:00 AM,-10.04
10441,4/23/2023 7:04:00 AM,-9.98
10441,4/23/2023 7:04:00 AM,-9.92
10441,4/23/2023 7:04:00 AM,-9.86
10441,4/23/2023 7:04:00 AM,-9.80
10441,4/23/2023 7:04:00 AM,-9.86
10441,4/23/2023 7:05:00 AM,-9.86
10441,4/23/2023 7:05:00 AM,-9.80
10441,4/23/2023 7:05:00 AM,-9.74
10441,4/23/2023 7:05:00 AM,-9.92
10441,4/23/2023 7:05:00 AM,-9.98
10441,4/23/2023 7:05:00 AM,-10.10
10441,4/23/2023 7:05:00 AM,-10.16
10441,4/23/2023 7:05:00 AM,-9.98
10441,4/23/2023 7:05:00 AM,-9.92
10441,4/23/2023 7:06:00 AM,-10.16
10441,4/23/2023 7:06:00 AM,-10.10
10441,4/23/2023 7:06:00 AM,-10.04
10441,4/23/2023 7:06:00 AM,-9.86
10441,4/23/2023 7:06:00 AM,-9.80
10441,4/23/2023 7:06:00 AM,-9.98
10441,4/23/2023 7:06:00 AM,-10.10
10441,4/23/2023 7:06:00 AM,-10.22
10441,4/23/2023 7:06:00 AM,-10.28
10441,4/23/2023 7:07:00 AM,-10.10
10441,4/23/2023 7:07:00 AM,-10.04
10441,4/23/2023 7:07:00 AM,-10.22
10441,4/23/2023 7:07:00 AM,-10.16
10441,4/23/2023 7:07:00 AM,-10.04
10441,4/23/2023 7:07:00 AM,-9.98
10441,4/23/2023 7:07:00 AM,-9.92
10441,4/23/2023 7:07:00 AM,-10.16
10441,4/23/2023 7:07:00 AM,-10.22
10441,4/23/2023 7:08:00 AM,-10.10
10441,4/23/2023 7:08:00 AM,-10.16
10441,4/23/2023 7:08:00 AM,-10.22
10441,4/23/2023 7:08:00 AM,-10.16
10441,4/23/2023 7:08:00 AM,-9.98
10441,4/23/2023 7:08:00 AM,-10.04
10441,4/23/2023 7:08:00 AM,-10.10
10441,4/23/2023 7:08:00 AM,-10.28
10441,4/23/2023 7:08:00 AM,-10.10
10441,4/23/2023 7:09:00 AM,-10.04
10441,4/23/2023 7:09:00 AM,-9.92
10441,4/23/2023 7:09:00 AM,-9.86
10441,4/23/2023 7:09:00 AM,-10.40
10441,4/23/2023 7:09:00 AM,-10.10
10441,4/23/2023 7:09:00 AM,-10.16
10441,4/23/2023 7:09:00 AM,-10.28
10441,4/23/2023 7:09:00 AM,-10.22
10441,4/23/2023 7:09:00 AM,-10.10
10441,4/23/2023 7:09:00 AM,-10.22
10441,4/23/2023 7:09:00 AM,-10.16
10441,4/23/2023 7:10:00 AM,-10.16
10441,4/23/2023 7:10:00 AM,-10.10
10441,4/23/2023 7:10:00 AM,-10.16
10441,4/23/2023 7:10:00 AM,-9.92
10441,4/23/2023 7:10:00 AM,-10.22
10441,4/23/2023 7:10:00 AM,-9.98
10441,4/23/2023 7:10:00 AM,-10.16
10441,4/23/2023 7:10:00 AM,-10.04
10441,4/23/2023 7:10:00 AM,-10.04
10441,4/23/2023 7:10:00 AM,-10.34
10441,4/23/2023 7:10:00 AM,-9.80
10441,4/23/2023 7:10:00 AM,-10.45
10441,4/23/2023 7:10:00 AM,-10.28
10441,4/23/2023 7:10:00 AM,-9.98
10441,4/23/2023 7:11:00 AM,-10.40
10441,4/23/2023 7:11:00 AM,-10.34
10441,4/23/2023 7:11:00 AM,-10.16
10441,4/23/2023 7:11:00 AM,-10.28
10441,4/23/2023 7:11:00 AM,-10.16
10441,4/23/2023 7:11:00 AM,-10.22
10441,4/23/2023 7:11:00 AM,-10.16
10441,4/23/2023 7:11:00 AM,-10.22
10441,4/23/2023 7:12:00 AM,-10.28
10441,4/23/2023 7:12:00 AM,-10.40
10441,4/23/2023 7:12:00 AM,-10.34
10441,4/23/2023 7:12:00 AM,-10.28
10441,4/23/2023 7:12:00 AM,-10.22
10441,4/23/2023 7:12:00 AM,-10.10
10441,4/23/2023 7:12:00 AM,-10.22
10441,4/23/2023 7:12:00 AM,-10.28
10441,4/23/2023 7:12:00 AM,-10.40
10441,4/23/2023 7:12:00 AM,-10.16
10441,4/23/2023 7:12:00 AM,-10.34
10441,4/23/2023 7:13:00 AM,-10.40
10441,4/23/2023 7:13:00 AM,-10.28
10441,4/23/2023 7:13:00 AM,-10.69
10441,4/23/2023 7:13:00 AM,-10.51
10441,4/23/2023 7:13:00 AM,-10.45
10441,4/23/2023 7:13:00 AM,-10.40
10441,4/23/2023 7:13:00 AM,-9.98
10441,4/23/2023 7:13:00 AM,-10.10
10441,4/23/2023 7:13:00 AM,-10.16
10441,4/23/2023 7:13:00 AM,-10.22
10441,4/23/2023 7:13:00 AM,-10.28
10441,4/23/2023 7:13:00 AM,-10.34
10441,4/23/2023 7:14:00 AM,-10.51
10441,4/23/2023 7:14:00 AM,-10.45
10441,4/23/2023 7:14:00 AM,-10.69
10441,4/23/2023 7:14:00 AM,-10.63
10441,4/23/2023 7:14:00 AM,-10.45
10441,4/23/2023 7:14:00 AM,-10.40
10441,4/23/2023 7:14:00 AM,-10.51
10441,4/23/2023 7:14:00 AM,-10.63
10441,4/23/2023 7:15:00 AM,-10.34
10441,4/23/2023 7:15:00 AM,-10.45
10441,4/23/2023 7:15:00 AM,-10.16
10441,4/23/2023 7:15:00 AM,-10.34
10441,4/23/2023 7:15:00 AM,-10.28
10441,4/23/2023 7:15:00 AM,-10.22
10441,4/23/2023 7:15:00 AM,-10.57
10441,4/23/2023 7:15:00 AM,-10.45
10441,4/23/2023 7:15:00 AM,-10.51
10441,4/23/2023 7:15:00 AM,-10.28
10441,4/23/2023 7:16:00 AM,-10.28
10441,4/23/2023 7:16:00 AM,-10.34
10441,4/23/2023 7:16:00 AM,-10.40
10441,4/23/2023 7:16:00 AM,-10.51
10441,4/23/2023 7:16:00 AM,-10.45
10441,4/23/2023 7:16:00 AM,-10.40
10441,4/23/2023 7:16:00 AM,-10.22
10441,4/23/2023 7:16:00 AM,-10.10
10441,4/23/2023 7:16:00 AM,-10.22
10441,4/23/2023 7:17:00 AM,-10.22
10441,4/23/2023 7:17:00 AM,-10.40
10441,4/23/2023 7:17:00 AM,-10.34
10441,4/23/2023 7:17:00 AM,-10.16
10441,4/23/2023 7:17:00 AM,-10.28
10441,4/23/2023 7:17:00 AM,-10.34
10441,4/23/2023 7:17:00 AM,-10.28
10441,4/23/2023 7:17:00 AM,-10.40
10441,4/23/2023 7:17:00 AM,-10.28
10441,4/23/2023 7:18:00 AM,-10.40
10441,4/23/2023 7:18:00 AM,-10.34
10441,4/23/2023 7:18:00 AM,-10.22
10441,4/23/2023 7:18:00 AM,-10.40
10441,4/23/2023 7:18:00 AM,-10.34
10441,4/23/2023 7:18:00 AM,-10.40
10441,4/23/2023 7:18:00 AM,-10.28
10441,4/23/2023 7:19:00 AM,-10.57
10441,4/23/2023 7:19:00 AM,-10.16
10441,4/23/2023 7:19:00 AM,-10.45
10441,4/23/2023 7:19:00 AM,-10.57
10441,4/23/2023 7:19:00 AM,-10.34
10441,4/23/2023 7:19:00 AM,-10.45
10441,4/23/2023 7:19:00 AM,-10.40
10441,4/23/2023 7:20:00 AM,-10.28
10441,4/23/2023 7:20:00 AM,-10.10
10441,4/23/2023 7:20:00 AM,-10.57
10441,4/23/2023 7:20:00 AM,-10.40
10441,4/23/2023 7:20:00 AM,-10.34
10441,4/23/2023 7:20:00 AM,-10.51
10441,4/23/2023 7:20:00 AM,-10.57
10441,4/23/2023 7:20:00 AM,-10.45
10441,4/23/2023 7:20:00 AM,-10.40
10441,4/23/2023 7:20:00 AM,-10.34
10441,4/23/2023 7:21:00 AM,-10.34
10441,4/23/2023 7:21:00 AM,-10.28
10441,4/23/2023 7:21:00 AM,-10.34
10441,4/23/2023 7:21:00 AM,-10.16
10441,4/23/2023 7:21:00 AM,-10.28
10441,4/23/2023 7:22:00 AM,-10.34
10441,4/23/2023 7:22:00 AM,-10.40
10441,4/23/2023 7:22:00 AM,-10.16
10441,4/23/2023 7:22:00 AM,-10.10
10441,4/23/2023 7:22:00 AM,-10.45
10441,4/23/2023 7:22:00 AM,-10.75
10441,4/23/2023 7:22:00 AM,-9.86
10441,4/23/2023 7:22:00 AM,-10.45
10441,4/23/2023 7:22:00 AM,-10.45
10441,4/23/2023 7:22:00 AM,-10.51
10441,4/23/2023 7:22:00 AM,-10.51
10441,4/23/2023 7:23:00 AM,-10.57
10441,4/23/2023 7:23:00 AM,-10.40
10441,4/23/2023 7:23:00 AM,-10.22
10441,4/23/2023 7:23:00 AM,-10.40
10441,4/23/2023 7:23:00 AM,-10.22
10441,4/23/2023 7:23:00 AM,-9.98
10441,4/23/2023 7:23:00 AM,-10.10
10441,4/23/2023 7:23:00 AM,-10.40
10441,4/23/2023 7:23:00 AM,-10.93
10441,4/23/2023 7:23:00 AM,-10.45
10441,4/23/2023 7:23:00 AM,-10.51
10441,4/23/2023 7:23:00 AM,-10.28
10441,4/23/2023 7:24:00 AM,-10.40
10441,4/23/2023 7:24:00 AM,-9.74
10441,4/23/2023 7:24:00 AM,-10.81
10441,4/23/2023 7:24:00 AM,-10.51
10441,4/23/2023 7:24:00 AM,-10.99
10441,4/23/2023 7:24:00 AM,-10.10
10441,4/23/2023 7:24:00 AM,-10.45
10441,4/23/2023 7:24:00 AM,-10.40
10441,4/23/2023 7:24:00 AM,-10.51
10441,4/23/2023 7:24:00 AM,-10.40
10441,4/23/2023 7:24:00 AM,-10.28
10441,4/23/2023 7:24:00 AM,-10.34
10441,4/23/2023 7:25:00 AM,-10.34
10441,4/23/2023 7:25:00 AM,-10.16
10441,4/23/2023 7:25:00 AM,-10.45
10441,4/23/2023 7:25:00 AM,-10.40
10441,4/23/2023 7:25:00 AM,-10.34
10441,4/23/2023 7:25:00 AM,-10.40
10441,4/23/2023 7:25:00 AM,-11.11
10441,4/23/2023 7:25:00 AM,-10.34
10441,4/23/2023 7:25:00 AM,-10.63
10441,4/23/2023 7:25:00 AM,-10.34
10441,4/23/2023 7:25:00 AM,-10.45
10441,4/23/2023 7:25:00 AM,-10.63
10441,4/23/2023 7:25:00 AM,-10.75
10441,4/23/2023 7:25:00 AM,-10.28
10441,4/23/2023 7:25:00 AM,-11.17
10441,4/23/2023 7:26:00 AM,-10.34
10441,4/23/2023 7:26:00 AM,-10.22
10441,4/23/2023 7:26:00 AM,-10.34
10441,4/23/2023 7:26:00 AM,-10.40
10441,4/23/2023 7:26:00 AM,-10.75
10441,4/23/2023 7:26:00 AM,-10.22
10441,4/23/2023 7:26:00 AM,-10.63
10441,4/23/2023 7:26:00 AM,-10.16
10441,4/23/2023 7:26:00 AM,-10.69
10441,4/23/2023 7:26:00 AM,-10.34
10441,4/23/2023 7:26:00 AM,-10.22
10441,4/23/2023 7:26:00 AM,-10.40
10441,4/23/2023 7:26:00 AM,-10.45
10441,4/23/2023 7:27:00 AM,-10.40
10441,4/23/2023 7:27:00 AM,-10.34
10441,4/23/2023 7:27:00 AM,-10.04
10441,4/23/2023 7:27:00 AM,-10.28
10441,4/23/2023 7:27:00 AM,-10.22
10441,4/23/2023 7:27:00 AM,-10.16
10441,4/23/2023 7:27:00 AM,-10.40
10441,4/23/2023 7:27:00 AM,-10.63
10441,4/23/2023 7:27:00 AM,-10.57
10441,4/23/2023 7:27:00 AM,-10.40
10441,4/23/2023 7:27:00 AM,-10.51
10441,4/23/2023 7:27:00 AM,-10.45
10441,4/23/2023 7:28:00 AM,-10.10
10441,4/23/2023 7:28:00 AM,-10.22
10441,4/23/2023 7:28:00 AM,-9.98
10441,4/23/2023 7:28:00 AM,-10.04
10441,4/23/2023 7:28:00 AM,-9.98
10441,4/23/2023 7:28:00 AM,-10.28
10441,4/23/2023 7:28:00 AM,-10.34
10441,4/23/2023 7:28:00 AM,-10.22
10441,4/23/2023 7:28:00 AM,-10.28
10441,4/23/2023 7:28:00 AM,-10.04
10441,4/23/2023 7:28:00 AM,-9.92
10441,4/23/2023 7:28:00 AM,-10.04
10441,4/23/2023 7:29:00 AM,-9.86
10441,4/23/2023 7:29:00 AM,-10.22
10441,4/23/2023 7:29:00 AM,-10.10
10441,4/23/2023 7:29:00 AM,-10.16
10441,4/23/2023 7:29:00 AM,-10.34
10441,4/23/2023 7:29:00 AM,-10.10
10441,4/23/2023 7:29:00 AM,-10.22
10441,4/23/2023 7:29:00 AM,-10.28
10441,4/23/2023 7:29:00 AM,-10.16
10441,4/23/2023 7:29:00 AM,-10.22
10441,4/23/2023 7:29:00 AM,-10.16
10441,4/23/2023 7:29:00 AM,-10.04
10441,4/23/2023 7:29:00 AM,-9.98
10441,4/23/2023 7:30:00 AM,-9.92
10441,4/23/2023 7:30:00 AM,-9.98
10441,4/23/2023 7:30:00 AM,-10.16
10441,4/23/2023 7:30:00 AM,-10.10
10441,4/23/2023 7:31:00 AM,-10.04
10441,4/23/2023 7:31:00 AM,-9.92
10441,4/23/2023 7:31:00 AM,-9.86
10441,4/23/2023 7:31:00 AM,-9.80
10441,4/23/2023 7:31:00 AM,-9.92
10441,4/23/2023 7:31:00 AM,-9.86
10441,4/23/2023 7:32:00 AM,-9.80
10441,4/23/2023 7:32:00 AM,-9.74
10441,4/23/2023 7:32:00 AM,-9.68
10441,4/23/2023 7:33:00 AM,-9.62
10441,4/23/2023 7:33:00 AM,-9.56
10441,4/23/2023 7:33:00 AM,-9.74
10441,4/23/2023 7:33:00 AM,-9.68
10441,4/23/2023 7:33:00 AM,-8.90
10441,4/23/2023 7:33:00 AM,-10.04
10441,4/23/2023 7:33:00 AM,-9.62
10441,4/23/2023 7:33:00 AM,-9.80
10441,4/23/2023 7:34:00 AM,-9.56
10441,4/23/2023 7:34:00 AM,-9.92
10441,4/23/2023 7:34:00 AM,-9.80
10441,4/23/2023 7:34:00 AM,-9.68
10441,4/23/2023 7:34:00 AM,-9.74
10441,4/23/2023 7:34:00 AM,-9.68
10441,4/23/2023 7:34:00 AM,-9.62
10441,4/23/2023 7:35:00 AM,-9.62
10441,4/23/2023 7:36:00 AM,-9.56
10441,4/23/2023 7:36:00 AM,-9.92
10441,4/23/2023 7:36:00 AM,-9.86
10441,4/23/2023 7:36:00 AM,-9.62
10441,4/23/2023 7:36:00 AM,-9.80
10441,4/23/2023 7:36:00 AM,-9.86
10441,4/23/2023 7:37:00 AM,-9.80
10441,4/23/2023 7:37:00 AM,-9.68
10441,4/23/2023 7:37:00 AM,-9.62
10441,4/23/2023 7:37:00 AM,-9.68
10441,4/23/2023 7:37:00 AM,-9.56
10441,4/23/2023 7:37:00 AM,-9.44
10441,4/23/2023 7:37:00 AM,-9.56
10441,4/23/2023 7:37:00 AM,-9.44
10441,4/23/2023 7:37:00 AM,-9.50
10441,4/23/2023 7:38:00 AM,-9.38
10441,4/23/2023 7:38:00 AM,-9.50
10441,4/23/2023 7:38:00 AM,-9.56
10441,4/23/2023 7:38:00 AM,-9.50
10441,4/23/2023 7:38:00 AM,-9.62
10441,4/23/2023 7:38:00 AM,-9.50
10441,4/23/2023 7:38:00 AM,-9.56
10441,4/23/2023 7:38:00 AM,-9.86
10441,4/23/2023 7:38:00 AM,-9.26
10441,4/23/2023 7:38:00 AM,-9.56
10441,4/23/2023 7:38:00 AM,-9.44
10441,4/23/2023 7:38:00 AM,-9.80
10441,4/23/2023 7:38:00 AM,-9.68
10441,4/23/2023 7:38:00 AM,-9.62
10441,4/23/2023 7:39:00 AM,-9.32
10441,4/23/2023 7:39:00 AM,-9.56
10441,4/23/2023 7:39:00 AM,-9.68
10441,4/23/2023 7:39:00 AM,-9.74
10441,4/23/2023 7:39:00 AM,-9.92
10441,4/23/2023 7:39:00 AM,-8.96
10441,4/23/2023 7:39:00 AM,-10.04
10441,4/23/2023 7:39:00 AM,-9.74
10441,4/23/2023 7:39:00 AM,-9.62
10441,4/23/2023 7:39:00 AM,-9.92
10441,4/23/2023 7:39:00 AM,-9.62
10441,4/23/2023 7:39:00 AM,-9.32
10441,4/23/2023 7:39:00 AM,-9.68
10441,4/23/2023 7:40:00 AM,-9.68
10441,4/23/2023 7:40:00 AM,-9.62
10441,4/23/2023 7:40:00 AM,-10.34
10441,4/23/2023 7:40:00 AM,-9.80
10441,4/23/2023 7:40:00 AM,-9.74
10441,4/23/2023 7:40:00 AM,-9.86
10441,4/23/2023 7:40:00 AM,-9.80
10441,4/23/2023 7:40:00 AM,-9.44
10441,4/23/2023 7:40:00 AM,-9.38
10441,4/23/2023 7:40:00 AM,-9.56
10441,4/23/2023 7:40:00 AM,-9.50
10441,4/23/2023 7:40:00 AM,-9.20
10441,4/23/2023 7:40:00 AM,-9.50
10441,4/23/2023 7:41:00 AM,-9.86
10441,4/23/2023 7:41:00 AM,-9.68
10441,4/23/2023 7:41:00 AM,-9.74
10441,4/23/2023 7:41:00 AM,-9.80
10441,4/23/2023 7:41:00 AM,-10.10
10441,4/23/2023 7:41:00 AM,-9.86
10441,4/23/2023 7:41:00 AM,-9.92
10441,4/23/2023 7:41:00 AM,-9.86
10441,4/23/2023 7:41:00 AM,-9.80
10441,4/23/2023 7:41:00 AM,-9.86
10441,4/23/2023 7:42:00 AM,-9.80
10441,4/23/2023 7:42:00 AM,-9.86
10441,4/23/2023 7:42:00 AM,-9.74
10441,4/23/2023 7:42:00 AM,-9.50
10441,4/23/2023 7:42:00 AM,-9.56
10441,4/23/2023 7:42:00 AM,-9.62
10441,4/23/2023 7:42:00 AM,-9.56
10441,4/23/2023 7:42:00 AM,-9.50
10441,4/23/2023 7:42:00 AM,-9.62
10441,4/23/2023 7:42:00 AM,-9.68
10441,4/23/2023 7:42:00 AM,-9.62
10441,4/23/2023 7:43:00 AM,-9.56
10441,4/23/2023 7:43:00 AM,-9.44
10441,4/23/2023 7:43:00 AM,-9.50
10441,4/23/2023 7:43:00 AM,-9.44
10441,4/23/2023 7:43:00 AM,-9.50
10441,4/23/2023 7:43:00 AM,-9.44
10441,4/23/2023 7:43:00 AM,-9.56
10441,4/23/2023 7:43:00 AM,-9.68
10441,4/23/2023 7:43:00 AM,-9.74
10441,4/23/2023 7:43:00 AM,-9.62
10441,4/23/2023 7:43:00 AM,-9.68
10441,4/23/2023 7:44:00 AM,-9.62
10441,4/23/2023 7:44:00 AM,-9.74
10441,4/23/2023 7:44:00 AM,-9.68
10441,4/23/2023 7:44:00 AM,-9.80
10441,4/23/2023 7:44:00 AM,-9.62
10441,4/23/2023 7:44:00 AM,-9.68
10441,4/23/2023 7:44:00 AM,-9.80
10441,4/23/2023 7:44:00 AM,-9.56
10441,4/23/2023 7:44:00 AM,-9.62
10441,4/23/2023 7:44:00 AM,-9.68
10441,4/23/2023 7:44:00 AM,-9.62
10441,4/23/2023 7:44:00 AM,-9.68
10441,4/23/2023 7:44:00 AM,-9.74
10441,4/23/2023 7:44:00 AM,-9.26
10441,4/23/2023 7:45:00 AM,-9.68
10441,4/23/2023 7:45:00 AM,-9.74
10441,4/23/2023 7:45:00 AM,-9.68
10441,4/23/2023 7:45:00 AM,-9.62
10441,4/23/2023 7:45:00 AM,-9.74
10441,4/23/2023 7:45:00 AM,-9.44
10441,4/23/2023 7:45:00 AM,-10.04
10441,4/23/2023 7:45:00 AM,-9.86
10441,4/23/2023 7:45:00 AM,-9.80
10441,4/23/2023 7:46:00 AM,-9.74
10441,4/23/2023 7:46:00 AM,-9.92
10441,4/23/2023 7:46:00 AM,-9.98
10441,4/23/2023 7:46:00 AM,-9.92
10441,4/23/2023 7:46:00 AM,-9.68
10441,4/23/2023 7:46:00 AM,-9.56
10441,4/23/2023 7:46:00 AM,-9.92
10441,4/23/2023 7:46:00 AM,-9.80
10441,4/23/2023 7:46:00 AM,-9.86
10441,4/23/2023 7:47:00 AM,-9.80
10441,4/23/2023 7:47:00 AM,-9.74
10441,4/23/2023 7:47:00 AM,-9.68
10441,4/23/2023 7:47:00 AM,-9.80
10441,4/23/2023 7:47:00 AM,-9.86
10441,4/23/2023 7:47:00 AM,-10.04
10441,4/23/2023 7:47:00 AM,-10.04
10441,4/23/2023 7:47:00 AM,-9.98
10441,4/23/2023 7:47:00 AM,-9.80
10441,4/23/2023 7:47:00 AM,-9.86
10441,4/23/2023 7:47:00 AM,-9.80
10441,4/23/2023 7:47:00 AM,-9.68
10441,4/23/2023 7:47:00 AM,-9.74
10441,4/23/2023 7:47:00 AM,-9.86
10441,4/23/2023 7:48:00 AM,-10.04
10441,4/23/2023 7:48:00 AM,-9.92
10441,4/23/2023 7:48:00 AM,-10.10
10441,4/23/2023 7:48:00 AM,-10.04
10441,4/23/2023 7:48:00 AM,-10.10
10441,4/23/2023 7:48:00 AM,-9.92
10441,4/23/2023 7:48:00 AM,-10.04
10441,4/23/2023 7:48:00 AM,-10.10
10441,4/23/2023 7:48:00 AM,-10.04
10441,4/23/2023 7:48:00 AM,-9.92
10441,4/23/2023 7:48:00 AM,-9.80
10441,4/23/2023 7:48:00 AM,-10.10
10441,4/23/2023 7:48:00 AM,-10.04
10441,4/23/2023 7:48:00 AM,-9.98
10441,4/23/2023 7:49:00 AM,-10.04
10441,4/23/2023 7:49:00 AM,-9.98
10441,4/23/2023 7:49:00 AM,-10.04
10441,4/23/2023 7:49:00 AM,-10.10
10441,4/23/2023 7:49:00 AM,-10.04
10441,4/23/2023 7:49:00 AM,-10.10
10441,4/23/2023 7:49:00 AM,-10.28
10441,4/23/2023 7:49:00 AM,-10.57
10441,4/23/2023 7:49:00 AM,-10.10
10441,4/23/2023 7:49:00 AM,-9.98
10441,4/23/2023 7:49:00 AM,-10.10
10441,4/23/2023 7:49:00 AM,-10.22
10441,4/23/2023 7:50:00 AM,-10.04
10441,4/23/2023 7:50:00 AM,-9.98
10441,4/23/2023 7:50:00 AM,-10.45
10441,4/23/2023 7:50:00 AM,-10.04
10441,4/23/2023 7:50:00 AM,-10.10
10441,4/23/2023 7:50:00 AM,-10.04
10441,4/23/2023 7:50:00 AM,-9.98
10441,4/23/2023 7:50:00 AM,-9.92
10441,4/23/2023 7:50:00 AM,-9.86
10441,4/23/2023 7:51:00 AM,-9.44
10441,4/23/2023 7:51:00 AM,-9.50
10441,4/23/2023 7:51:00 AM,-9.56
10441,4/23/2023 7:51:00 AM,-9.98
10441,4/23/2023 7:51:00 AM,-9.44
10441,4/23/2023 7:51:00 AM,-9.62
10441,4/23/2023 7:51:00 AM,-9.50
10441,4/23/2023 7:51:00 AM,-9.68
10441,4/23/2023 7:51:00 AM,-9.80
10441,4/23/2023 7:51:00 AM,-9.56
10441,4/23/2023 7:51:00 AM,-9.44
10441,4/23/2023 7:51:00 AM,-9.50
10441,4/23/2023 7:51:00 AM,-9.44
10441,4/23/2023 7:52:00 AM,-9.38
10441,4/23/2023 7:52:00 AM,-9.62
10441,4/23/2023 7:52:00 AM,-9.56
10441,4/23/2023 7:52:00 AM,-9.62
10441,4/23/2023 7:52:00 AM,-9.56
10441,4/23/2023 7:52:00 AM,-9.50
10441,4/23/2023 7:52:00 AM,-9.56
10441,4/23/2023 7:52:00 AM,-9.74
10441,4/23/2023 7:53:00 AM,-9.56
10441,4/23/2023 7:53:00 AM,-9.50
10441,4/23/2023 7:53:00 AM,-9.50
10441,4/23/2023 7:53:00 AM,-9.62
10441,4/23/2023 7:53:00 AM,-9.68
10441,4/23/2023 7:53:00 AM,-9.56
10441,4/23/2023 7:53:00 AM,-9.62
10441,4/23/2023 7:53:00 AM,-9.56
10441,4/23/2023 7:53:00 AM,-9.62
10441,4/23/2023 7:53:00 AM,-9.86
10441,4/23/2023 7:53:00 AM,-9.92
10441,4/23/2023 7:53:00 AM,-9.56
10441,4/23/2023 7:54:00 AM,-9.56
10441,4/23/2023 7:54:00 AM,-9.50
10441,4/23/2023 7:54:00 AM,-9.62
10441,4/23/2023 7:54:00 AM,-9.80
10441,4/23/2023 7:54:00 AM,-10.34
10441,4/23/2023 7:54:00 AM,-9.74
10441,4/23/2023 7:54:00 AM,-9.50
10441,4/23/2023 7:54:00 AM,-9.56
10441,4/23/2023 7:54:00 AM,-9.50
10441,4/23/2023 7:54:00 AM,-9.68
10441,4/23/2023 7:54:00 AM,-9.56
10441,4/23/2023 7:55:00 AM,-9.68
10441,4/23/2023 7:55:00 AM,-9.56
10441,4/23/2023 7:55:00 AM,-9.62
10441,4/23/2023 7:55:00 AM,-9.68
10441,4/23/2023 7:55:00 AM,-9.80
10441,4/23/2023 7:55:00 AM,-9.74
10441,4/23/2023 7:55:00 AM,-9.68
10441,4/23/2023 7:55:00 AM,-9.80
10441,4/23/2023 7:56:00 AM,-9.86
10441,4/23/2023 7:56:00 AM,-9.80
10441,4/23/2023 7:56:00 AM,-9.86
10441,4/23/2023 7:56:00 AM,-9.80
10441,4/23/2023 7:56:00 AM,-9.86
10441,4/23/2023 7:56:00 AM,-9.80
10441,4/23/2023 7:56:00 AM,-9.92
10441,4/23/2023 7:56:00 AM,-9.80
10441,4/23/2023 7:57:00 AM,-9.74
10441,4/23/2023 7:57:00 AM,-9.92
10441,4/23/2023 7:57:00 AM,-10.10
10441,4/23/2023 7:57:00 AM,-9.98
10441,4/23/2023 7:57:00 AM,-9.80
10441,4/23/2023 7:57:00 AM,-9.92
10441,4/23/2023 7:57:00 AM,-10.10
10441,4/23/2023 7:57:00 AM,-9.80
10441,4/23/2023 7:57:00 AM,-9.74
10441,4/23/2023 7:57:00 AM,-9.62
10441,4/23/2023 7:57:00 AM,-9.44
10441,4/23/2023 7:58:00 AM,-9.38
10441,4/23/2023 7:58:00 AM,-9.32
10441,4/23/2023 7:58:00 AM,-9.62
10441,4/23/2023 7:58:00 AM,-9.44
10441,4/23/2023 7:58:00 AM,-9.50
10441,4/23/2023 7:58:00 AM,-9.56
10441,4/23/2023 7:58:00 AM,-9.44
10441,4/23/2023 7:58:00 AM,-9.56
10441,4/23/2023 7:58:00 AM,-9.50
10441,4/23/2023 7:58:00 AM,-9.44
10441,4/23/2023 7:59:00 AM,-9.44
10441,4/23/2023 7:59:00 AM,-9.50
10441,4/23/2023 7:59:00 AM,-9.62
10441,4/23/2023 7:59:00 AM,-9.68
10441,4/23/2023 7:59:00 AM,-9.74
10441,4/23/2023 7:59:00 AM,-9.62
10441,4/23/2023 7:59:00 AM,-9.50
10441,4/23/2023 7:59:00 AM,-9.50
10441,4/23/2023 7:59:00 AM,-9.80
10441,4/23/2023 7:59:00 AM,-9.38
10441,4/23/2023 8:00:00 AM,-9.32
10441,4/23/2023 8:00:00 AM,-9.44
10441,4/23/2023 8:00:00 AM,-9.38
10441,4/23/2023 8:00:00 AM,-9.44
10441,4/23/2023 8:00:00 AM,-9.74
10441,4/23/2023 8:00:00 AM,-9.62
10441,4/23/2023 8:00:00 AM,-9.50
10441,4/23/2023 8:00:00 AM,-9.44
10441,4/23/2023 8:00:00 AM,-9.56
10441,4/23/2023 8:01:00 AM,-9.32
10441,4/23/2023 8:01:00 AM,-9.44
10441,4/23/2023 8:01:00 AM,-9.38
10441,4/23/2023 8:01:00 AM,-9.50
10441,4/23/2023 8:01:00 AM,-9.38
10441,4/23/2023 8:01:00 AM,-9.56
10441,4/23/2023 8:01:00 AM,-10.16
10441,4/23/2023 8:01:00 AM,-9.92
10441,4/23/2023 8:01:00 AM,-9.68
10441,4/23/2023 8:01:00 AM,-9.50
10441,4/23/2023 8:01:00 AM,-9.62
10441,4/23/2023 8:01:00 AM,-9.80
10441,4/23/2023 8:02:00 AM,-9.74
10441,4/23/2023 8:02:00 AM,-9.80
10441,4/23/2023 8:02:00 AM,-9.92
10441,4/23/2023 8:02:00 AM,-9.98
10441,4/23/2023 8:02:00 AM,-9.86
10441,4/23/2023 8:02:00 AM,-9.80
10441,4/23/2023 8:02:00 AM,-9.74
10441,4/23/2023 8:02:00 AM,-9.56
10441,4/23/2023 8:02:00 AM,-9.38
10441,4/23/2023 8:02:00 AM,-9.86
10441,4/23/2023 8:03:00 AM,-9.80
10441,4/23/2023 8:03:00 AM,-9.74
10441,4/23/2023 8:03:00 AM,-9.80
10441,4/23/2023 8:03:00 AM,-9.74
10441,4/23/2023 8:03:00 AM,-9.68
10441,4/23/2023 8:03:00 AM,-9.86
10441,4/23/2023 8:03:00 AM,-9.68
10441,4/23/2023 8:03:00 AM,-9.80
10441,4/23/2023 8:03:00 AM,-9.62
10441,4/23/2023 8:04:00 AM,-9.56
10441,4/23/2023 8:04:00 AM,-9.62
10441,4/23/2023 8:04:00 AM,-9.68
10441,4/23/2023 8:04:00 AM,-9.62
10441,4/23/2023 8:04:00 AM,-9.68
10441,4/23/2023 8:04:00 AM,-9.74
10441,4/23/2023 8:04:00 AM,-9.86
10441,4/23/2023 8:04:00 AM,-9.74
10441,4/23/2023 8:04:00 AM,-9.38
10441,4/23/2023 8:04:00 AM,-9.80
10441,4/23/2023 8:04:00 AM,-9.68
10441,4/23/2023 8:04:00 AM,-9.62
10441,4/23/2023 8:05:00 AM,-9.62
10441,4/23/2023 8:05:00 AM,-9.68
10441,4/23/2023 8:05:00 AM,-9.56
10441,4/23/2023 8:05:00 AM,-9.68
10441,4/23/2023 8:05:00 AM,-9.50
10441,4/23/2023 8:05:00 AM,-9.56
10441,4/23/2023 8:05:00 AM,-9.56
10441,4/23/2023 8:05:00 AM,-9.62
10441,4/23/2023 8:05:00 AM,-9.56
10441,4/23/2023 8:05:00 AM,-9.80
10441,4/23/2023 8:05:00 AM,-9.74
10441,4/23/2023 8:05:00 AM,-9.68
10441,4/23/2023 8:06:00 AM,-9.68
10441,4/23/2023 8:06:00 AM,-9.62
10441,4/23/2023 8:06:00 AM,-9.68
10441,4/23/2023 8:06:00 AM,-9.74
10441,4/23/2023 8:06:00 AM,-9.62
10441,4/23/2023 8:06:00 AM,-9.20
10441,4/23/2023 8:06:00 AM,-9.56
10441,4/23/2023 8:06:00 AM,-9.62
10441,4/23/2023 8:06:00 AM,-9.56
10441,4/23/2023 8:06:00 AM,-9.80
10441,4/23/2023 8:06:00 AM,-9.74
10441,4/23/2023 8:06:00 AM,-9.80
10441,4/23/2023 8:06:00 AM,-9.32
10441,4/23/2023 8:07:00 AM,-9.80
10441,4/23/2023 8:07:00 AM,-9.62
10441,4/23/2023 8:07:00 AM,-9.80
10441,4/23/2023 8:07:00 AM,-9.62
10441,4/23/2023 8:07:00 AM,-9.56
10441,4/23/2023 8:07:00 AM,-9.86
10441,4/23/2023 8:07:00 AM,-9.62
10441,4/23/2023 8:07:00 AM,-9.56
10441,4/23/2023 8:07:00 AM,-9.50
10441,4/23/2023 8:07:00 AM,-9.32
10441,4/23/2023 8:07:00 AM,-9.56
10441,4/23/2023 8:07:00 AM,-9.50
10441,4/23/2023 8:08:00 AM,-9.44
10441,4/23/2023 8:08:00 AM,-9.50
10441,4/23/2023 8:08:00 AM,-9.44
10441,4/23/2023 8:08:00 AM,-9.32
10441,4/23/2023 8:08:00 AM,-9.38
10441,4/23/2023 8:09:00 AM,-9.44
10441,4/23/2023 8:09:00 AM,-9.62
10441,4/23/2023 8:09:00 AM,-9.56
10441,4/23/2023 8:09:00 AM,-9.44
10441,4/23/2023 8:09:00 AM,-9.74
10441,4/23/2023 8:09:00 AM,-9.44
10441,4/23/2023 8:10:00 AM,-9.50
10441,4/23/2023 8:10:00 AM,-9.44
10441,4/23/2023 8:11:00 AM,-9.38
10441,4/23/2023 8:11:00 AM,-9.44
10441,4/23/2023 8:11:00 AM,-9.50
10441,4/23/2023 8:11:00 AM,-9.56
10441,4/23/2023 8:11:00 AM,-9.50
10441,4/23/2023 8:11:00 AM,-9.44
10441,4/23/2023 8:11:00 AM,-9.50
10441,4/23/2023 8:11:00 AM,-9.56
10441,4/23/2023 8:11:00 AM,-9.68
10441,4/23/2023 8:11:00 AM,-9.62
10441,4/23/2023 8:11:00 AM,-9.56
10441,4/23/2023 8:11:00 AM,-9.74
10441,4/23/2023 8:11:00 AM,-9.80
10441,4/23/2023 8:11:00 AM,-9.56
10441,4/23/2023 8:12:00 AM,-9.50
10441,4/23/2023 8:12:00 AM,-9.44
10441,4/23/2023 8:12:00 AM,-9.50
10441,4/23/2023 8:12:00 AM,-9.38
10441,4/23/2023 8:12:00 AM,-9.50
10441,4/23/2023 8:12:00 AM,-9.44
10441,4/23/2023 8:12:00 AM,-9.32
10441,4/23/2023 8:12:00 AM,-9.50
10441,4/23/2023 8:12:00 AM,-9.20
10441,4/23/2023 8:12:00 AM,-9.50
10441,4/23/2023 8:12:00 AM,-9.38
10441,4/23/2023 8:12:00 AM,-9.44
10441,4/23/2023 8:13:00 AM,-9.26
10441,4/23/2023 8:13:00 AM,-9.44
10441,4/23/2023 8:13:00 AM,-9.50
10441,4/23/2023 8:13:00 AM,-9.44
10441,4/23/2023 8:13:00 AM,-9.56
10441,4/23/2023 8:13:00 AM,-9.50
10441,4/23/2023 8:13:00 AM,-9.26
10441,4/23/2023 8:13:00 AM,-9.44
10441,4/23/2023 8:14:00 AM,-9.50
10441,4/23/2023 8:14:00 AM,-9.68
10441,4/23/2023 8:14:00 AM,-9.62
10441,4/23/2023 8:14:00 AM,-9.56
10441,4/23/2023 8:14:00 AM,-9.50
10441,4/23/2023 8:14:00 AM,-9.38
10441,4/23/2023 8:14:00 AM,-9.86
10441,4/23/2023 8:14:00 AM,-9.56
10441,4/23/2023 8:14:00 AM,-9.50
10441,4/23/2023 8:14:00 AM,-9.56
10441,4/23/2023 8:14:00 AM,-9.74
10441,4/23/2023 8:15:00 AM,-9.56
10441,4/23/2023 8:15:00 AM,-9.68
10441,4/23/2023 8:15:00 AM,-9.56
10441,4/23/2023 8:15:00 AM,-9.68
10441,4/23/2023 8:15:00 AM,-9.74
10441,4/23/2023 8:15:00 AM,-9.68
10441,4/23/2023 8:15:00 AM,-9.50
10441,4/23/2023 8:15:00 AM,-8.78
10441,4/23/2023 8:15:00 AM,-9.62
10441,4/23/2023 8:15:00 AM,-9.56
10441,4/23/2023 8:15:00 AM,-9.62
10441,4/23/2023 8:16:00 AM,-9.56
10441,4/23/2023 8:16:00 AM,-9.62
10441,4/23/2023 8:16:00 AM,-9.50
10441,4/23/2023 8:16:00 AM,-9.56
10441,4/23/2023 8:16:00 AM,-9.50
10441,4/23/2023 8:16:00 AM,-9.62
10441,4/23/2023 8:16:00 AM,-9.74
10441,4/23/2023 8:16:00 AM,-9.62
10441,4/23/2023 8:16:00 AM,-9.56
10441,4/23/2023 8:16:00 AM,-9.50
10441,4/23/2023 8:17:00 AM,-9.74
10441,4/23/2023 8:17:00 AM,-9.56
10441,4/23/2023 8:17:00 AM,-9.38
10441,4/23/2023 8:17:00 AM,-9.56
10441,4/23/2023 8:17:00 AM,-9.50
10441,4/23/2023 8:17:00 AM,-9.56
10441,4/23/2023 8:17:00 AM,-9.62
10441,4/23/2023 8:17:00 AM,-9.68
10441,4/23/2023 8:18:00 AM,-9.74
10441,4/23/2023 8:18:00 AM,-9.68
10441,4/23/2023 8:18:00 AM,-9.56
10441,4/23/2023 8:18:00 AM,-9.44
10441,4/23/2023 8:18:00 AM,-9.56
10441,4/23/2023 8:18:00 AM,-9.50
10441,4/23/2023 8:18:00 AM,-9.62
10441,4/23/2023 8:18:00 AM,-9.74
10441,4/23/2023 8:18:00 AM,-9.56
10441,4/23/2023 8:19:00 AM,-9.38
10441,4/23/2023 8:19:00 AM,-9.44
10441,4/23/2023 8:19:00 AM,-9.50
10441,4/23/2023 8:19:00 AM,-9.56
10441,4/23/2023 8:19:00 AM,-9.44
10441,4/23/2023 8:19:00 AM,-10.10
10441,4/23/2023 8:19:00 AM,-9.74
10441,4/23/2023 8:19:00 AM,-9.68
10441,4/23/2023 8:19:00 AM,-9.44
10441,4/23/2023 8:19:00 AM,-9.56
10441,4/23/2023 8:19:00 AM,-9.62
10441,4/23/2023 8:20:00 AM,-9.50
10441,4/23/2023 8:20:00 AM,-9.38
10441,4/23/2023 8:20:00 AM,-9.50
10441,4/23/2023 8:20:00 AM,-9.38
10441,4/23/2023 8:20:00 AM,-9.32
10441,4/23/2023 8:20:00 AM,-9.98
10441,4/23/2023 8:20:00 AM,-9.44
10441,4/23/2023 8:20:00 AM,-9.62
10441,4/23/2023 8:20:00 AM,-9.80
10441,4/23/2023 8:20:00 AM,-9.44
10441,4/23/2023 8:20:00 AM,-9.56
10441,4/23/2023 8:21:00 AM,-9.56
10441,4/23/2023 8:21:00 AM,-9.56
10441,4/23/2023 8:21:00 AM,-9.32
10441,4/23/2023 8:21:00 AM,-9.44
10441,4/23/2023 8:21:00 AM,-9.38
10441,4/23/2023 8:21:00 AM,-9.08
10441,4/23/2023 8:21:00 AM,-9.26
10441,4/23/2023 8:21:00 AM,-9.38
10441,4/23/2023 8:21:00 AM,-9.32
10441,4/23/2023 8:21:00 AM,-9.26
10441,4/23/2023 8:21:00 AM,-9.38
10441,4/23/2023 8:22:00 AM,-9.50
10441,4/23/2023 8:22:00 AM,-9.44
10441,4/23/2023 8:22:00 AM,-9.38
10441,4/23/2023 8:22:00 AM,-9.32
10441,4/23/2023 8:22:00 AM,-9.50
10441,4/23/2023 8:22:00 AM,-9.32
10441,4/23/2023 8:22:00 AM,-9.44
10441,4/23/2023 8:22:00 AM,-9.86
10441,4/23/2023 8:22:00 AM,-9.56
10441,4/23/2023 8:22:00 AM,-9.26
10441,4/23/2023 8:22:00 AM,-9.32
10441,4/23/2023 8:22:00 AM,-9.26
10441,4/23/2023 8:23:00 AM,-9.38
10441,4/23/2023 8:23:00 AM,-9.32
10441,4/23/2023 8:23:00 AM,-9.44
10441,4/23/2023 8:23:00 AM,-9.32
10441,4/23/2023 8:23:00 AM,-9.56
10441,4/23/2023 8:23:00 AM,-9.50
10441,4/23/2023 8:23:00 AM,-9.32
10441,4/23/2023 8:23:00 AM,-9.62
10441,4/23/2023 8:23:00 AM,-9.38
10441,4/23/2023 8:23:00 AM,-9.32
10441,4/23/2023 8:23:00 AM,-9.50
10441,4/23/2023 8:24:00 AM,-9.56
10441,4/23/2023 8:24:00 AM,-9.44
10441,4/23/2023 8:24:00 AM,-9.38
10441,4/23/2023 8:24:00 AM,-9.32
10441,4/23/2023 8:24:00 AM,-9.26
10441,4/23/2023 8:24:00 AM,-9.32
10441,4/23/2023 8:24:00 AM,-8.66
10441,4/23/2023 8:24:00 AM,-9.14
10441,4/23/2023 8:24:00 AM,-9.26
10441,4/23/2023 8:24:00 AM,-9.20
10441,4/23/2023 8:25:00 AM,-9.32
10441,4/23/2023 8:25:00 AM,-9.26
10441,4/23/2023 8:25:00 AM,-9.14
10441,4/23/2023 8:25:00 AM,-9.32
10441,4/23/2023 8:25:00 AM,-9.20
10441,4/23/2023 8:25:00 AM,-9.32
10441,4/23/2023 8:25:00 AM,-9.26
10441,4/23/2023 8:25:00 AM,-9.26
10441,4/23/2023 8:25:00 AM,-9.14
10441,4/23/2023 8:25:00 AM,-9.26
10441,4/23/2023 8:25:00 AM,-8.90
10441,4/23/2023 8:25:00 AM,-9.14
10441,4/23/2023 8:25:00 AM,-9.32
10441,4/23/2023 8:26:00 AM,-9.14
10441,4/23/2023 8:26:00 AM,-9.02
10441,4/23/2023 8:26:00 AM,-9.14
10441,4/23/2023 8:26:00 AM,-8.90
10441,4/23/2023 8:26:00 AM,-8.96
10441,4/23/2023 8:26:00 AM,-9.08
10441,4/23/2023 8:26:00 AM,-9.14
10441,4/23/2023 8:26:00 AM,-9.26
10441,4/23/2023 8:27:00 AM,-9.38
10441,4/23/2023 8:27:00 AM,-9.20
10441,4/23/2023 8:27:00 AM,-8.96
10441,4/23/2023 8:27:00 AM,-8.78
10441,4/23/2023 8:27:00 AM,-9.20
10441,4/23/2023 8:27:00 AM,-9.14
10441,4/23/2023 8:27:00 AM,-9.20
10441,4/23/2023 8:27:00 AM,-9.02
10441,4/23/2023 8:27:00 AM,-9.08
10441,4/23/2023 8:27:00 AM,-9.14
10441,4/23/2023 8:27:00 AM,-8.96
10441,4/23/2023 8:27:00 AM,-9.08
10441,4/23/2023 8:27:00 AM,-9.02
10441,4/23/2023 8:28:00 AM,-9.08
10441,4/23/2023 8:28:00 AM,-9.02
10441,4/23/2023 8:28:00 AM,-9.08
10441,4/23/2023 8:28:00 AM,-9.20
10441,4/23/2023 8:28:00 AM,-9.14
10441,4/23/2023 8:28:00 AM,-9.26
10441,4/23/2023 8:28:00 AM,-9.20
10441,4/23/2023 8:28:00 AM,-9.32
10441,4/23/2023 8:29:00 AM,-9.08
10441,4/23/2023 8:29:00 AM,-9.14
10441,4/23/2023 8:29:00 AM,-8.90
10441,4/23/2023 8:29:00 AM,-8.84
10441,4/23/2023 8:29:00 AM,-9.38
10441,4/23/2023 8:29:00 AM,-8.96
10441,4/23/2023 8:29:00 AM,-9.68
10441,4/23/2023 8:29:00 AM,-9.14
10441,4/23/2023 8:29:00 AM,-8.84
10441,4/23/2023 8:29:00 AM,-8.66
10441,4/23/2023 8:29:00 AM,-9.14
10441,4/23/2023 8:29:00 AM,-8.96
10441,4/23/2023 8:29:00 AM,-8.60
10441,4/23/2023 8:30:00 AM,-9.26
10441,4/23/2023 8:30:00 AM,-9.32
10441,4/23/2023 8:30:00 AM,-9.26
10441,4/23/2023 8:31:00 AM,-9.26
10441,4/23/2023 8:31:00 AM,-9.32
10441,4/23/2023 8:31:00 AM,-9.32
10441,4/23/2023 8:31:00 AM,-9.44
10441,4/23/2023 8:31:00 AM,-9.38
10441,4/23/2023 8:31:00 AM,-9.32
10441,4/23/2023 8:32:00 AM,-9.26
10441,4/23/2023 8:32:00 AM,-9.44
10441,4/23/2023 8:32:00 AM,-9.32
10441,4/23/2023 8:32:00 AM,-9.38
10441,4/23/2023 8:32:00 AM,-9.44
10441,4/23/2023 8:32:00 AM,-9.50
10441,4/23/2023 8:32:00 AM,-9.32
10441,4/23/2023 8:32:00 AM,-9.26
10441,4/23/2023 8:32:00 AM,-9.38
10441,4/23/2023 8:32:00 AM,-9.44
10441,4/23/2023 8:32:00 AM,-9.26
10441,4/23/2023 8:33:00 AM,-9.50
10441,4/23/2023 8:33:00 AM,-9.62
10441,4/23/2023 8:33:00 AM,-9.56
10441,4/23/2023 8:33:00 AM,-9.50
10441,4/23/2023 8:33:00 AM,-9.68
10441,4/23/2023 8:33:00 AM,-9.56
10441,4/23/2023 8:33:00 AM,-9.74
10441,4/23/2023 8:33:00 AM,-9.50
10441,4/23/2023 8:33:00 AM,-9.44
10441,4/23/2023 8:33:00 AM,-9.32
10441,4/23/2023 8:33:00 AM,-9.44
10441,4/23/2023 8:33:00 AM,-9.38
10441,4/23/2023 8:34:00 AM,-9.50
10441,4/23/2023 8:34:00 AM,-9.44
10441,4/23/2023 8:34:00 AM,-9.44
10441,4/23/2023 8:34:00 AM,-9.86
10441,4/23/2023 8:34:00 AM,-9.50
10441,4/23/2023 8:34:00 AM,-9.44
10441,4/23/2023 8:34:00 AM,-9.32
10441,4/23/2023 8:34:00 AM,-9.80
10441,4/23/2023 8:35:00 AM,-9.32
10441,4/23/2023 8:35:00 AM,-9.44
10441,4/23/2023 8:35:00 AM,-8.90
10441,4/23/2023 8:35:00 AM,-9.32
10441,4/23/2023 8:35:00 AM,-9.26
10441,4/23/2023 8:35:00 AM,-9.50
10441,4/23/2023 8:35:00 AM,-9.44
10441,4/23/2023 8:35:00 AM,-9.38
10441,4/23/2023 8:35:00 AM,-9.68
10441,4/23/2023 8:35:00 AM,-9.74
10441,4/23/2023 8:35:00 AM,-9.44
10441,4/23/2023 8:36:00 AM,-9.44
10441,4/23/2023 8:36:00 AM,-9.32
10441,4/23/2023 8:36:00 AM,-9.44
10441,4/23/2023 8:36:00 AM,-9.38
10441,4/23/2023 8:36:00 AM,-9.62
10441,4/23/2023 8:36:00 AM,-9.56
10441,4/23/2023 8:36:00 AM,-9.50
10441,4/23/2023 8:36:00 AM,-9.38
10441,4/23/2023 8:36:00 AM,-9.26
10441,4/23/2023 8:36:00 AM,-9.14
10441,4/23/2023 8:36:00 AM,-9.44
10441,4/23/2023 8:36:00 AM,-9.32
10441,4/23/2023 8:36:00 AM,-9.38
10441,4/23/2023 8:37:00 AM,-9.08
10441,4/23/2023 8:37:00 AM,-9.20
10441,4/23/2023 8:37:00 AM,-8.72
10441,4/23/2023 8:37:00 AM,-9.02
10441,4/23/2023 8:37:00 AM,-9.14
10441,4/23/2023 8:37:00 AM,-9.38
10441,4/23/2023 8:37:00 AM,-9.20
10441,4/23/2023 8:37:00 AM,-9.14
10441,4/23/2023 8:37:00 AM,-9.08
10441,4/23/2023 8:37:00 AM,-9.26
10441,4/23/2023 8:37:00 AM,-9.14
10441,4/23/2023 8:38:00 AM,-9.08
10441,4/23/2023 8:38:00 AM,-9.20
10441,4/23/2023 8:38:00 AM,-9.02
10441,4/23/2023 8:38:00 AM,-9.08
10441,4/23/2023 8:38:00 AM,-9.02
10441,4/23/2023 8:38:00 AM,-9.08
10441,4/23/2023 8:38:00 AM,-8.90
10441,4/23/2023 8:38:00 AM,-9.08
10441,4/23/2023 8:38:00 AM,-9.02
10441,4/23/2023 8:39:00 AM,-9.08
10441,4/23/2023 8:39:00 AM,-8.90
10441,4/23/2023 8:39:00 AM,-9.08
10441,4/23/2023 8:39:00 AM,-8.90
10441,4/23/2023 8:39:00 AM,-9.38
10441,4/23/2023 8:39:00 AM,-9.26
10441,4/23/2023 8:39:00 AM,-9.20
10441,4/23/2023 8:39:00 AM,-9.14
10441,4/23/2023 8:39:00 AM,-9.26
10441,4/23/2023 8:39:00 AM,-9.14
10441,4/23/2023 8:39:00 AM,-9.20
10441,4/23/2023 8:39:00 AM,-9.02
10441,4/23/2023 8:40:00 AM,-9.08
10441,4/23/2023 8:40:00 AM,-9.14
10441,4/23/2023 8:40:00 AM,-9.20
10441,4/23/2023 8:40:00 AM,-9.14
10441,4/23/2023 8:40:00 AM,-9.20
10441,4/23/2023 8:40:00 AM,-9.14
10441,4/23/2023 8:40:00 AM,-9.08
10441,4/23/2023 8:40:00 AM,-9.26
10441,4/23/2023 8:40:00 AM,-9.08
10441,4/23/2023 8:40:00 AM,-9.32
10441,4/23/2023 8:40:00 AM,-9.20
10441,4/23/2023 8:40:00 AM,-9.50
10441,4/23/2023 8:41:00 AM,-9.08
10441,4/23/2023 8:41:00 AM,-9.02
10441,4/23/2023 8:41:00 AM,-9.08
10441,4/23/2023 8:41:00 AM,-9.20
10441,4/23/2023 8:41:00 AM,-9.02
10441,4/23/2023 8:41:00 AM,-9.20
10441,4/23/2023 8:41:00 AM,-9.26
10441,4/23/2023 8:41:00 AM,-9.32
10441,4/23/2023 8:41:00 AM,-9.02
10441,4/23/2023 8:42:00 AM,-9.32
10441,4/23/2023 8:42:00 AM,-9.20
10441,4/23/2023 8:42:00 AM,-9.14
10441,4/23/2023 8:42:00 AM,-8.72
10441,4/23/2023 8:42:00 AM,-9.20
10441,4/23/2023 8:42:00 AM,-9.26
10441,4/23/2023 8:42:00 AM,-9.32
10441,4/23/2023 8:42:00 AM,-9.14
10441,4/23/2023 8:42:00 AM,-9.32
10441,4/23/2023 8:42:00 AM,-9.26
10441,4/23/2023 8:43:00 AM,-9.14
10441,4/23/2023 8:43:00 AM,-9.08
10441,4/23/2023 8:43:00 AM,-9.26
10441,4/23/2023 8:43:00 AM,-9.38
10441,4/23/2023 8:43:00 AM,-9.26
10441,4/23/2023 8:43:00 AM,-9.32
10441,4/23/2023 8:43:00 AM,-9.08
10441,4/23/2023 8:43:00 AM,-9.20
10441,4/23/2023 8:43:00 AM,-9.44
10441,4/23/2023 8:43:00 AM,-9.20
10441,4/23/2023 8:43:00 AM,-9.14
10441,4/23/2023 8:43:00 AM,-9.32
10441,4/23/2023 8:43:00 AM,-9.14
10441,4/23/2023 8:44:00 AM,-9.50
10441,4/23/2023 8:44:00 AM,-9.32
10441,4/23/2023 8:44:00 AM,-9.26
10441,4/23/2023 8:44:00 AM,-9.32
10441,4/23/2023 8:44:00 AM,-9.26
10441,4/23/2023 8:44:00 AM,-9.20
10441,4/23/2023 8:44:00 AM,-9.32
10441,4/23/2023 8:44:00 AM,-9.38
10441,4/23/2023 8:44:00 AM,-9.32
10441,4/23/2023 8:44:00 AM,-8.84
10441,4/23/2023 8:44:00 AM,-9.32
10441,4/23/2023 8:44:00 AM,-9.20
10441,4/23/2023 8:44:00 AM,-9.26
10441,4/23/2023 8:45:00 AM,-9.14
10441,4/23/2023 8:45:00 AM,-9.38
10441,4/23/2023 8:45:00 AM,-9.08
10441,4/23/2023 8:45:00 AM,-9.14
10441,4/23/2023 8:46:00 AM,-9.20
10441,4/23/2023 8:46:00 AM,-9.26
10441,4/23/2023 8:46:00 AM,-9.14
10441,4/23/2023 8:46:00 AM,-9.08
10441,4/23/2023 8:46:00 AM,-9.20
10441,4/23/2023 8:46:00 AM,-9.02
10441,4/23/2023 8:46:00 AM,-9.08
10441,4/23/2023 8:46:00 AM,-8.78
10441,4/23/2023 8:46:00 AM,-9.08
10441,4/23/2023 8:47:00 AM,-9.14
10441,4/23/2023 8:47:00 AM,-9.20
10441,4/23/2023 8:47:00 AM,-9.14
10441,4/23/2023 8:47:00 AM,-9.44
10441,4/23/2023 8:47:00 AM,-9.50
10441,4/23/2023 8:47:00 AM,-10.10
10441,4/23/2023 8:47:00 AM,-9.68
10441,4/23/2023 8:47:00 AM,-9.98
10441,4/23/2023 8:47:00 AM,-9.74
10441,4/23/2023 8:47:00 AM,-9.68
10441,4/23/2023 8:47:00 AM,-9.56
10441,4/23/2023 8:47:00 AM,-9.68
10441,4/23/2023 8:47:00 AM,-9.74
10441,4/23/2023 8:47:00 AM,-9.86
10441,4/23/2023 8:48:00 AM,-9.68
10441,4/23/2023 8:48:00 AM,-9.98
10441,4/23/2023 8:48:00 AM,-9.56
10441,4/23/2023 8:48:00 AM,-9.44
10441,4/23/2023 8:48:00 AM,-9.38
10441,4/23/2023 8:48:00 AM,-9.50
10441,4/23/2023 8:48:00 AM,-9.32
10441,4/23/2023 8:48:00 AM,-9.74
10441,4/23/2023 8:49:00 AM,-9.26
10441,4/23/2023 8:49:00 AM,-9.14
10441,4/23/2023 8:49:00 AM,-9.02
10441,4/23/2023 8:49:00 AM,-9.14
10441,4/23/2023 8:49:00 AM,-9.32
10441,4/23/2023 8:49:00 AM,-9.08
10441,4/23/2023 8:49:00 AM,-9.02
10441,4/23/2023 8:49:00 AM,-8.78
10441,4/23/2023 8:49:00 AM,-8.96
10441,4/23/2023 8:49:00 AM,-9.02
10441,4/23/2023 8:49:00 AM,-9.08
10441,4/23/2023 8:50:00 AM,-10.10
10441,4/23/2023 8:50:00 AM,-9.26
10441,4/23/2023 8:50:00 AM,-9.14
10441,4/23/2023 8:50:00 AM,-9.08
10441,4/23/2023 8:50:00 AM,-9.14
10441,4/23/2023 8:50:00 AM,-9.26
10441,4/23/2023 8:50:00 AM,-8.90
10441,4/23/2023 8:50:00 AM,-9.26
10441,4/23/2023 8:50:00 AM,-9.44
10441,4/23/2023 8:50:00 AM,-8.84
10441,4/23/2023 8:50:00 AM,-9.08
10441,4/23/2023 8:50:00 AM,-9.44
10441,4/23/2023 8:51:00 AM,-9.08
10441,4/23/2023 8:51:00 AM,-9.14
10441,4/23/2023 8:51:00 AM,-8.90
10441,4/23/2023 8:51:00 AM,-9.32
10441,4/23/2023 8:51:00 AM,-9.26
10441,4/23/2023 8:51:00 AM,-9.32
10441,4/23/2023 8:51:00 AM,-9.26
10441,4/23/2023 8:51:00 AM,-9.14
10441,4/23/2023 8:51:00 AM,-9.20
10441,4/23/2023 8:52:00 AM,-8.96
10441,4/23/2023 8:52:00 AM,-9.02
10441,4/23/2023 8:52:00 AM,-9.14
10441,4/23/2023 8:52:00 AM,-9.32
10441,4/23/2023 8:52:00 AM,-9.02
10441,4/23/2023 8:52:00 AM,-9.26
10441,4/23/2023 8:52:00 AM,-9.20
10441,4/23/2023 8:52:00 AM,-9.14
10441,4/23/2023 8:52:00 AM,-9.02
10441,4/23/2023 8:52:00 AM,-8.96
10441,4/23/2023 8:52:00 AM,-9.02
10441,4/23/2023 8:52:00 AM,-8.90
10441,4/23/2023 8:53:00 AM,-9.32
10441,4/23/2023 8:53:00 AM,-8.96
10441,4/23/2023 8:53:00 AM,-9.02
10441,4/23/2023 8:53:00 AM,-8.96
10441,4/23/2023 8:53:00 AM,-9.68
10441,4/23/2023 8:53:00 AM,-9.14
10441,4/23/2023 8:53:00 AM,-8.78
10441,4/23/2023 8:53:00 AM,-9.14
10441,4/23/2023 8:53:00 AM,-9.02
10441,4/23/2023 8:53:00 AM,-8.96
10441,4/23/2023 8:53:00 AM,-9.02
10441,4/23/2023 8:54:00 AM,-9.20
10441,4/23/2023 8:54:00 AM,-9.14
10441,4/23/2023 8:54:00 AM,-9.20
10441,4/23/2023 8:54:00 AM,-9.26
10441,4/23/2023 8:54:00 AM,-9.14
10441,4/23/2023 8:54:00 AM,-9.20
10441,4/23/2023 8:54:00 AM,-9.14
10441,4/23/2023 8:54:00 AM,-9.02
10441,4/23/2023 8:54:00 AM,-8.96
10441,4/23/2023 8:54:00 AM,-9.20
10441,4/23/2023 8:54:00 AM,-9.14
10441,4/23/2023 8:54:00 AM,-9.56
10441,4/23/2023 8:55:00 AM,-9.32
10441,4/23/2023 8:55:00 AM,-9.50
10441,4/23/2023 8:55:00 AM,-9.20
10441,4/23/2023 8:55:00 AM,-9.38
10441,4/23/2023 8:55:00 AM,-9.32
10441,4/23/2023 8:55:00 AM,-9.56
10441,4/23/2023 8:55:00 AM,-9.62
10441,4/23/2023 8:55:00 AM,-9.50
10441,4/23/2023 8:55:00 AM,-9.38
10441,4/23/2023 8:55:00 AM,-9.80
10441,4/23/2023 8:55:00 AM,-9.62
10441,4/23/2023 8:55:00 AM,-9.50
10441,4/23/2023 8:55:00 AM,-9.44
10441,4/23/2023 8:56:00 AM,-9.68
10441,4/23/2023 8:56:00 AM,-9.74
10441,4/23/2023 8:56:00 AM,-9.80
10441,4/23/2023 8:56:00 AM,-9.68
10441,4/23/2023 8:56:00 AM,-9.80
10441,4/23/2023 8:56:00 AM,-9.86
10441,4/23/2023 8:56:00 AM,-9.92
10441,4/23/2023 8:56:00 AM,-9.98
10441,4/23/2023 8:56:00 AM,-9.92
10441,4/23/2023 8:56:00 AM,-9.74
10441,4/23/2023 8:57:00 AM,-9.86
10441,4/23/2023 8:57:00 AM,-9.56
10441,4/23/2023 8:57:00 AM,-9.50
10441,4/23/2023 8:57:00 AM,-9.14
10441,4/23/2023 8:57:00 AM,-9.32
10441,4/23/2023 8:57:00 AM,-9.44
10441,4/23/2023 8:57:00 AM,-9.38
10441,4/23/2023 8:57:00 AM,-9.56
10441,4/23/2023 8:57:00 AM,-9.50
10441,4/23/2023 8:58:00 AM,-9.38
10441,4/23/2023 8:58:00 AM,-9.68
10441,4/23/2023 8:58:00 AM,-9.44
10441,4/23/2023 8:58:00 AM,-9.50
10441,4/23/2023 8:58:00 AM,-9.38
10441,4/23/2023 8:58:00 AM,-9.44
10441,4/23/2023 8:58:00 AM,-9.50
10441,4/23/2023 8:58:00 AM,-9.38
10441,4/23/2023 8:58:00 AM,-9.56
10441,4/23/2023 8:58:00 AM,-9.50
10441,4/23/2023 8:58:00 AM,-10.34
10441,4/23/2023 8:59:00 AM,-9.80
10441,4/23/2023 8:59:00 AM,-9.74
10441,4/23/2023 8:59:00 AM,-9.80
10441,4/23/2023 8:59:00 AM,-9.86
10441,4/23/2023 8:59:00 AM,-9.74
10441,4/23/2023 8:59:00 AM,-9.86
10441,4/23/2023 8:59:00 AM,-9.74
10441,4/23/2023 8:59:00 AM,-9.80
10441,4/23/2023 8:59:00 AM,-9.74
10441,4/23/2023 8:59:00 AM,-9.56
10441,4/23/2023 8:59:00 AM,-9.74
10441,4/23/2023 8:59:00 AM,-9.92
10441,4/23/2023 9:00:00 AM,-9.68
10441,4/23/2023 9:00:00 AM,-9.92
10441,4/23/2023 9:00:00 AM,-9.80
10441,4/23/2023 9:00:00 AM,-10.04
10441,4/23/2023 9:00:00 AM,-9.86
10441,4/23/2023 9:00:00 AM,-9.74
10441,4/23/2023 9:00:00 AM,-10.22
10441,4/23/2023 9:00:00 AM,-9.92
10441,4/23/2023 9:00:00 AM,-9.86
10441,4/23/2023 9:00:00 AM,-9.80
10441,4/23/2023 9:00:00 AM,-9.86
10441,4/23/2023 9:00:00 AM,-9.92
10441,4/23/2023 9:01:00 AM,-9.86
10441,4/23/2023 9:01:00 AM,-9.74
10441,4/23/2023 9:01:00 AM,-9.80
10441,4/23/2023 9:01:00 AM,-9.86
10441,4/23/2023 9:01:00 AM,-9.92
10441,4/23/2023 9:01:00 AM,-9.80
10441,4/23/2023 9:01:00 AM,-9.98
10441,4/23/2023 9:01:00 AM,-9.86
10441,4/23/2023 9:02:00 AM,-9.92
10441,4/23/2023 9:02:00 AM,-9.98
10441,4/23/2023 9:02:00 AM,-9.92
10441,4/23/2023 9:02:00 AM,-9.80
10441,4/23/2023 9:02:00 AM,-9.86
10441,4/23/2023 9:02:00 AM,-9.92
10441,4/23/2023 9:03:00 AM,-10.10
10441,4/23/2023 9:03:00 AM,-10.28
10441,4/23/2023 9:03:00 AM,-10.16
10441,4/23/2023 9:03:00 AM,-9.68
10441,4/23/2023 9:03:00 AM,-9.80
10441,4/23/2023 9:03:00 AM,-9.92
10441,4/23/2023 9:03:00 AM,-9.68
10441,4/23/2023 9:03:00 AM,-9.86
10441,4/23/2023 9:03:00 AM,-9.86
10441,4/23/2023 9:03:00 AM,-9.80
10441,4/23/2023 9:03:00 AM,-9.98
10441,4/23/2023 9:03:00 AM,-9.86
10441,4/23/2023 9:03:00 AM,-10.10
10441,4/23/2023 9:03:00 AM,-9.98
10441,4/23/2023 9:04:00 AM,-9.74
10441,4/23/2023 9:04:00 AM,-9.86
10441,4/23/2023 9:04:00 AM,-9.80
10441,4/23/2023 9:04:00 AM,-10.34
10441,4/23/2023 9:04:00 AM,-9.86
10441,4/23/2023 9:04:00 AM,-9.92
10441,4/23/2023 9:04:00 AM,-9.80
10441,4/23/2023 9:04:00 AM,-9.74
10441,4/23/2023 9:04:00 AM,-9.98
10441,4/23/2023 9:04:00 AM,-9.80
10441,4/23/2023 9:04:00 AM,-9.86
10441,4/23/2023 9:04:00 AM,-9.20
10441,4/23/2023 9:04:00 AM,-9.80
10441,4/23/2023 9:04:00 AM,-9.86
10441,4/23/2023 9:05:00 AM,-9.86
10441,4/23/2023 9:05:00 AM,-9.74
10441,4/23/2023 9:05:00 AM,-9.62
10441,4/23/2023 9:05:00 AM,-9.80
10441,4/23/2023 9:05:00 AM,-9.74
10441,4/23/2023 9:05:00 AM,-9.44
10441,4/23/2023 9:05:00 AM,-9.62
10441,4/23/2023 9:05:00 AM,-9.92
10441,4/23/2023 9:05:00 AM,-9.86
10441,4/23/2023 9:05:00 AM,-9.80
10441,4/23/2023 9:05:00 AM,-10.10
10441,4/23/2023 9:05:00 AM,-9.92
10441,4/23/2023 9:06:00 AM,-9.56
10441,4/23/2023 9:06:00 AM,-9.38
10441,4/23/2023 9:06:00 AM,-9.56
10441,4/23/2023 9:06:00 AM,-9.68
10441,4/23/2023 9:06:00 AM,-9.74
10441,4/23/2023 9:06:00 AM,-9.68
10441,4/23/2023 9:06:00 AM,-9.62
10441,4/23/2023 9:06:00 AM,-9.74
10441,4/23/2023 9:06:00 AM,-9.86
10441,4/23/2023 9:06:00 AM,-9.68
10441,4/23/2023 9:07:00 AM,-9.86
10441,4/23/2023 9:07:00 AM,-9.80
10441,4/23/2023 9:07:00 AM,-9.86
10441,4/23/2023 9:07:00 AM,-9.80
10441,4/23/2023 9:07:00 AM,-9.74
10441,4/23/2023 9:07:00 AM,-9.92
10441,4/23/2023 9:07:00 AM,-10.16
10441,4/23/2023 9:07:00 AM,-9.86
10441,4/23/2023 9:07:00 AM,-9.98
10441,4/23/2023 9:08:00 AM,-9.92
10441,4/23/2023 9:08:00 AM,-9.80
10441,4/23/2023 9:08:00 AM,-9.50
10441,4/23/2023 9:08:00 AM,-9.74
10441,4/23/2023 9:08:00 AM,-9.98
10441,4/23/2023 9:08:00 AM,-9.92
10441,4/23/2023 9:08:00 AM,-9.86
10441,4/23/2023 9:08:00 AM,-9.92
10441,4/23/2023 9:08:00 AM,-10.04
10441,4/23/2023 9:08:00 AM,-9.74
10441,4/23/2023 9:08:00 AM,-9.92
10441,4/23/2023 9:08:00 AM,-9.80
10441,4/23/2023 9:09:00 AM,-9.74
10441,4/23/2023 9:09:00 AM,-9.62
10441,4/23/2023 9:09:00 AM,-9.56
10441,4/23/2023 9:09:00 AM,-9.74
10441,4/23/2023 9:09:00 AM,-9.62
10441,4/23/2023 9:09:00 AM,-9.56
10441,4/23/2023 9:09:00 AM,-9.80
10441,4/23/2023 9:09:00 AM,-9.68
10441,4/23/2023 9:09:00 AM,-9.62
10441,4/23/2023 9:09:00 AM,-9.56
10441,4/23/2023 9:10:00 AM,-9.50
10441,4/23/2023 9:10:00 AM,-9.62
10441,4/23/2023 9:10:00 AM,-9.74
10441,4/23/2023 9:10:00 AM,-9.62
10441,4/23/2023 9:10:00 AM,-9.56
10441,4/23/2023 9:10:00 AM,-9.62
10441,4/23/2023 9:10:00 AM,-9.56
10441,4/23/2023 9:10:00 AM,-9.68
10441,4/23/2023 9:10:00 AM,-9.62
10441,4/23/2023 9:10:00 AM,-9.50
10441,4/23/2023 9:10:00 AM,-9.44
10441,4/23/2023 9:10:00 AM,-9.68
10441,4/23/2023 9:10:00 AM,-9.50
10441,4/23/2023 9:11:00 AM,-9.62
10441,4/23/2023 9:11:00 AM,-10.04
10441,4/23/2023 9:11:00 AM,-9.80
10441,4/23/2023 9:11:00 AM,-9.74
10441,4/23/2023 9:11:00 AM,-9.80
10441,4/23/2023 9:11:00 AM,-9.62
10441,4/23/2023 9:11:00 AM,-9.50
10441,4/23/2023 9:11:00 AM,-9.62
10441,4/23/2023 9:11:00 AM,-9.74
10441,4/23/2023 9:11:00 AM,-9.68
10441,4/23/2023 9:11:00 AM,-9.80
10441,4/23/2023 9:12:00 AM,-9.86
10441,4/23/2023 9:12:00 AM,-9.44
10441,4/23/2023 9:12:00 AM,-9.68
10441,4/23/2023 9:12:00 AM,-10.04
10441,4/23/2023 9:12:00 AM,-9.86
10441,4/23/2023 9:12:00 AM,-9.80
10441,4/23/2023 9:12:00 AM,-9.86
10441,4/23/2023 9:12:00 AM,-9.80
10441,4/23/2023 9:12:00 AM,-9.86
10441,4/23/2023 9:12:00 AM,-9.74
10441,4/23/2023 9:12:00 AM,-9.74
10441,4/23/2023 9:12:00 AM,-9.92
10441,4/23/2023 9:13:00 AM,-9.86
10441,4/23/2023 9:13:00 AM,-9.80
10441,4/23/2023 9:13:00 AM,-9.68
10441,4/23/2023 9:13:00 AM,-10.10
10441,4/23/2023 9:13:00 AM,-9.74
10441,4/23/2023 9:13:00 AM,-9.80
10441,4/23/2023 9:13:00 AM,-9.86
10441,4/23/2023 9:13:00 AM,-9.80
10441,4/23/2023 9:13:00 AM,-9.92
10441,4/23/2023 9:13:00 AM,-9.80
10441,4/23/2023 9:13:00 AM,-9.68
10441,4/23/2023 9:13:00 AM,-9.74
10441,4/23/2023 9:14:00 AM,-9.80
10441,4/23/2023 9:14:00 AM,-10.16
10441,4/23/2023 9:14:00 AM,-9.86
10441,4/23/2023 9:14:00 AM,-9.74
10441,4/23/2023 9:14:00 AM,-9.32
10441,4/23/2023 9:14:00 AM,-9.74
10441,4/23/2023 9:14:00 AM,-9.68
10441,4/23/2023 9:14:00 AM,-9.74
10441,4/23/2023 9:14:00 AM,-9.86
10441,4/23/2023 9:14:00 AM,-9.62
10441,4/23/2023 9:14:00 AM,-9.26
10441,4/23/2023 9:14:00 AM,-9.50
10441,4/23/2023 9:15:00 AM,-9.68
10441,4/23/2023 9:15:00 AM,-9.80
10441,4/23/2023 9:15:00 AM,-9.56
10441,4/23/2023 9:15:00 AM,-9.68
10441,4/23/2023 9:15:00 AM,-9.80
10441,4/23/2023 9:15:00 AM,-9.68
10441,4/23/2023 9:15:00 AM,-9.80
10441,4/23/2023 9:15:00 AM,-9.56
10441,4/23/2023 9:15:00 AM,-9.62
10441,4/23/2023 9:15:00 AM,-9.56
10441,4/23/2023 9:16:00 AM,-9.62
10441,4/23/2023 9:16:00 AM,-9.56
10441,4/23/2023 9:16:00 AM,-9.62
10441,4/23/2023 9:16:00 AM,-9.56
10441,4/23/2023 9:16:00 AM,-9.62
10441,4/23/2023 9:17:00 AM,-9.62
10441,4/23/2023 9:17:00 AM,-9.80
10441,4/23/2023 9:17:00 AM,-9.86
10441,4/23/2023 9:17:00 AM,-9.98
10441,4/23/2023 9:17:00 AM,-9.56
10441,4/23/2023 9:17:00 AM,-9.92
10441,4/23/2023 9:17:00 AM,-9.80
10441,4/23/2023 9:18:00 AM,-9.98
10441,4/23/2023 9:18:00 AM,-9.92
10441,4/23/2023 9:18:00 AM,-9.86
10441,4/23/2023 9:18:00 AM,-10.04
10441,4/23/2023 9:18:00 AM,-9.92
10441,4/23/2023 9:18:00 AM,-9.86
10441,4/23/2023 9:18:00 AM,-10.10
10441,4/23/2023 9:18:00 AM,-9.92
10441,4/23/2023 9:18:00 AM,-9.86
10441,4/23/2023 9:18:00 AM,-9.98
10441,4/23/2023 9:18:00 AM,-10.16
10441,4/23/2023 9:18:00 AM,-10.10
10441,4/23/2023 9:19:00 AM,-9.98
10441,4/23/2023 9:19:00 AM,-9.92
10441,4/23/2023 9:19:00 AM,-9.98
10441,4/23/2023 9:19:00 AM,-9.86
10441,4/23/2023 9:19:00 AM,-10.04
10441,4/23/2023 9:19:00 AM,-10.22
10441,4/23/2023 9:19:00 AM,-10.04
10441,4/23/2023 9:19:00 AM,-10.10
10441,4/23/2023 9:19:00 AM,-10.04
10441,4/23/2023 9:20:00 AM,-10.22
10441,4/23/2023 9:20:00 AM,-10.16
10441,4/23/2023 9:20:00 AM,-10.28
10441,4/23/2023 9:20:00 AM,-10.22
10441,4/23/2023 9:20:00 AM,-10.28
10441,4/23/2023 9:20:00 AM,-10.40
10441,4/23/2023 9:20:00 AM,-10.10
10441,4/23/2023 9:20:00 AM,-10.28
10441,4/23/2023 9:20:00 AM,-10.10
10441,4/23/2023 9:20:00 AM,-10.04
10441,4/23/2023 9:20:00 AM,-10.10
10441,4/23/2023 9:20:00 AM,-9.92
10441,4/23/2023 9:21:00 AM,-10.16
10441,4/23/2023 9:21:00 AM,-10.10
10441,4/23/2023 9:21:00 AM,-10.16
10441,4/23/2023 9:21:00 AM,-10.28
10441,4/23/2023 9:21:00 AM,-10.34
10441,4/23/2023 9:21:00 AM,-10.22
10441,4/23/2023 9:21:00 AM,-10.34
10441,4/23/2023 9:21:00 AM,-10.28
10441,4/23/2023 9:21:00 AM,-10.16
10441,4/23/2023 9:21:00 AM,-10.40
10441,4/23/2023 9:22:00 AM,-10.28
10441,4/23/2023 9:22:00 AM,-10.22
10441,4/23/2023 9:22:00 AM,-10.28
10441,4/23/2023 9:22:00 AM,-10.10
10441,4/23/2023 9:22:00 AM,-10.22
10441,4/23/2023 9:22:00 AM,-10.16
10441,4/23/2023 9:22:00 AM,-10.34
10441,4/23/2023 9:22:00 AM,-10.40
10441,4/23/2023 9:22:00 AM,-10.28
10441,4/23/2023 9:22:00 AM,-10.16
10441,4/23/2023 9:23:00 AM,-10.22
10441,4/23/2023 9:23:00 AM,-10.04
10441,4/23/2023 9:23:00 AM,-10.10
10441,4/23/2023 9:23:00 AM,-10.16
10441,4/23/2023 9:23:00 AM,-10.10
10441,4/23/2023 9:23:00 AM,-10.04
10441,4/23/2023 9:23:00 AM,-10.22
10441,4/23/2023 9:23:00 AM,-10.16
10441,4/23/2023 9:23:00 AM,-10.10
10441,4/23/2023 9:24:00 AM,-10.28
10441,4/23/2023 9:24:00 AM,-10.22
10441,4/23/2023 9:24:00 AM,-9.98
10441,4/23/2023 9:24:00 AM,-10.10
10441,4/23/2023 9:24:00 AM,-10.16
10441,4/23/2023 9:24:00 AM,-10.10
10441,4/23/2023 9:24:00 AM,-10.45
10441,4/23/2023 9:24:00 AM,-10.10
10441,4/23/2023 9:24:00 AM,-10.16
10441,4/23/2023 9:24:00 AM,-10.28
10441,4/23/2023 9:24:00 AM,-10.16
10441,4/23/2023 9:25:00 AM,-10.28
10441,4/23/2023 9:25:00 AM,-10.34
10441,4/23/2023 9:25:00 AM,-10.45
10441,4/23/2023 9:25:00 AM,-10.40
10441,4/23/2023 9:25:00 AM,-10.81
10441,4/23/2023 9:25:00 AM,-10.28
10441,4/23/2023 9:25:00 AM,-10.22
10441,4/23/2023 9:25:00 AM,-10.04
10441,4/23/2023 9:25:00 AM,-10.22
10441,4/23/2023 9:25:00 AM,-10.16
10441,4/23/2023 9:25:00 AM,-10.04
10441,4/23/2023 9:26:00 AM,-10.10
10441,4/23/2023 9:26:00 AM,-10.04
10441,4/23/2023 9:26:00 AM,-10.34
10441,4/23/2023 9:26:00 AM,-10.16
10441,4/23/2023 9:26:00 AM,-10.28
10441,4/23/2023 9:26:00 AM,-10.34
10441,4/23/2023 9:27:00 AM,-10.04
10441,4/23/2023 9:27:00 AM,-10.28
10441,4/23/2023 9:27:00 AM,-10.16
10441,4/23/2023 9:27:00 AM,-10.40
10441,4/23/2023 9:27:00 AM,-10.16
10441,4/23/2023 9:27:00 AM,-10.22
10441,4/23/2023 9:27:00 AM,-10.28
10441,4/23/2023 9:27:00 AM,-10.57
10441,4/23/2023 9:27:00 AM,-10.28
10441,4/23/2023 9:27:00 AM,-10.16
10441,4/23/2023 9:27:00 AM,-9.86
10441,4/23/2023 9:27:00 AM,-10.04
10441,4/23/2023 9:28:00 AM,-10.16
10441,4/23/2023 9:28:00 AM,-10.28
10441,4/23/2023 9:28:00 AM,-10.10
10441,4/23/2023 9:28:00 AM,-10.16
10441,4/23/2023 9:28:00 AM,-10.04
10441,4/23/2023 9:28:00 AM,-10.28
10441,4/23/2023 9:28:00 AM,-10.22
10441,4/23/2023 9:28:00 AM,-10.04
10441,4/23/2023 9:28:00 AM,-10.28
10441,4/23/2023 9:28:00 AM,-10.10
10441,4/23/2023 9:29:00 AM,-10.16
10441,4/23/2023 9:29:00 AM,-9.44
10441,4/23/2023 9:29:00 AM,-10.22
10441,4/23/2023 9:29:00 AM,-10.28
10441,4/23/2023 9:29:00 AM,-10.40
10441,4/23/2023 9:29:00 AM,-10.10
10441,4/23/2023 9:29:00 AM,-10.16
10441,4/23/2023 9:29:00 AM,-10.22
10441,4/23/2023 9:29:00 AM,-10.10
10441,4/23/2023 9:30:00 AM,-10.22
10441,4/23/2023 9:30:00 AM,-10.16
10441,4/23/2023 9:30:00 AM,-10.22
10441,4/23/2023 9:30:00 AM,-10.34
10441,4/23/2023 9:30:00 AM,-10.28
10441,4/23/2023 9:30:00 AM,-10.22
10441,4/23/2023 9:30:00 AM,-10.10
10441,4/23/2023 9:30:00 AM,-10.34
10441,4/23/2023 9:30:00 AM,-10.10
10441,4/23/2023 9:30:00 AM,-10.28
10441,4/23/2023 9:31:00 AM,-10.16
10441,4/23/2023 9:31:00 AM,-9.44
10441,4/23/2023 9:31:00 AM,-10.22
10441,4/23/2023 9:31:00 AM,-10.34
10441,4/23/2023 9:31:00 AM,-10.16
10441,4/23/2023 9:31:00 AM,-9.80
10441,4/23/2023 9:31:00 AM,-10.28
10441,4/23/2023 9:31:00 AM,-10.45
10441,4/23/2023 9:31:00 AM,-10.28
10441,4/23/2023 9:31:00 AM,-10.51
10441,4/23/2023 9:31:00 AM,-10.63
10441,4/23/2023 9:31:00 AM,-10.34
10441,4/23/2023 9:31:00 AM,-10.40
10441,4/23/2023 9:32:00 AM,-10.28
10441,4/23/2023 9:32:00 AM,-10.22
10441,4/23/2023 9:32:00 AM,-10.10
10441,4/23/2023 9:32:00 AM,-10.22
10441,4/23/2023 9:32:00 AM,-10.34
10441,4/23/2023 9:32:00 AM,-10.04
10441,4/23/2023 9:32:00 AM,-10.22
10441,4/23/2023 9:32:00 AM,-10.10
10441,4/23/2023 9:33:00 AM,-10.34
10441,4/23/2023 9:33:00 AM,-10.28
10441,4/23/2023 9:33:00 AM,-10.34
10441,4/23/2023 9:33:00 AM,-10.28
10441,4/23/2023 9:33:00 AM,-10.40
10441,4/23/2023 9:33:00 AM,-10.34
10441,4/23/2023 9:33:00 AM,-10.40
10441,4/23/2023 9:33:00 AM,-10.34
10441,4/23/2023 9:33:00 AM,-10.28
10441,4/23/2023 9:34:00 AM,-10.22
10441,4/23/2023 9:34:00 AM,-11.11
10441,4/23/2023 9:34:00 AM,-10.34
10441,4/23/2023 9:34:00 AM,-10.28
10441,4/23/2023 9:35:00 AM,-10.40
10441,4/23/2023 9:35:00 AM,-10.40
10441,4/23/2023 9:35:00 AM,-10.34
10441,4/23/2023 9:35:00 AM,-10.40
10441,4/23/2023 9:35:00 AM,-10.45
10441,4/23/2023 9:35:00 AM,-10.57
10441,4/23/2023 9:35:00 AM,-10.51
10441,4/23/2023 9:35:00 AM,-10.22
10441,4/23/2023 9:35:00 AM,-10.34
10441,4/23/2023 9:35:00 AM,-10.40
10441,4/23/2023 9:35:00 AM,-10.34
10441,4/23/2023 9:35:00 AM,-10.22
10441,4/23/2023 9:35:00 AM,-10.34
10441,4/23/2023 9:36:00 AM,-10.45
10441,4/23/2023 9:36:00 AM,-10.81
10441,4/23/2023 9:36:00 AM,-10.40
10441,4/23/2023 9:36:00 AM,-10.22
10441,4/23/2023 9:36:00 AM,-10.34
10441,4/23/2023 9:36:00 AM,-10.75
10441,4/23/2023 9:36:00 AM,-10.51
10441,4/23/2023 9:36:00 AM,-10.40
10441,4/23/2023 9:36:00 AM,-10.45
10441,4/23/2023 9:36:00 AM,-10.28
10441,4/23/2023 9:36:00 AM,-10.57
10441,4/23/2023 9:36:00 AM,-10.75
10441,4/23/2023 9:36:00 AM,-10.51
10441,4/23/2023 9:37:00 AM,-10.28
10441,4/23/2023 9:37:00 AM,-10.22
10441,4/23/2023 9:37:00 AM,-10.28
10441,4/23/2023 9:37:00 AM,-10.34
10441,4/23/2023 9:37:00 AM,-10.45
10441,4/23/2023 9:37:00 AM,-10.22
10441,4/23/2023 9:37:00 AM,-10.34
10441,4/23/2023 9:37:00 AM,-10.28
10441,4/23/2023 9:37:00 AM,-10.57
10441,4/23/2023 9:37:00 AM,-10.45
10441,4/23/2023 9:37:00 AM,-10.57
10441,4/23/2023 9:37:00 AM,-10.45
10441,4/23/2023 9:37:00 AM,-10.34
10441,4/23/2023 9:38:00 AM,-10.34
10441,4/23/2023 9:38:00 AM,-10.51
10441,4/23/2023 9:38:00 AM,-10.40
10441,4/23/2023 9:38:00 AM,-10.28
10441,4/23/2023 9:38:00 AM,-10.22
10441,4/23/2023 9:39:00 AM,-10.34
10441,4/23/2023 9:39:00 AM,-10.22
10441,4/23/2023 9:39:00 AM,-10.34
10441,4/23/2023 9:39:00 AM,-10.22
10441,4/23/2023 9:39:00 AM,-10.10
10441,4/23/2023 9:39:00 AM,-10.16
10441,4/23/2023 9:39:00 AM,-10.22
10441,4/23/2023 9:40:00 AM,-10.10
10441,4/23/2023 9:40:00 AM,-10.40
10441,4/23/2023 9:40:00 AM,-10.16
10441,4/23/2023 9:40:00 AM,-10.69
10441,4/23/2023 9:40:00 AM,-10.22
10441,4/23/2023 9:40:00 AM,-10.16
10441,4/23/2023 9:40:00 AM,-10.22
10441,4/23/2023 9:40:00 AM,-10.28
10441,4/23/2023 9:40:00 AM,-10.10
10441,4/23/2023 9:40:00 AM,-10.28
10441,4/23/2023 9:40:00 AM,-10.45
10441,4/23/2023 9:40:00 AM,-10.40
10441,4/23/2023 9:41:00 AM,-10.28
10441,4/23/2023 9:41:00 AM,-10.34
10441,4/23/2023 9:41:00 AM,-10.45
10441,4/23/2023 9:41:00 AM,-10.28
10441,4/23/2023 9:41:00 AM,-10.10
10441,4/23/2023 9:41:00 AM,-10.16
10441,4/23/2023 9:41:00 AM,-10.28
10441,4/23/2023 9:41:00 AM,-10.22
10441,4/23/2023 9:41:00 AM,-10.34
10441,4/23/2023 9:41:00 AM,-10.22
10441,4/23/2023 9:41:00 AM,-10.34
10441,4/23/2023 9:42:00 AM,-10.34
10441,4/23/2023 9:42:00 AM,-10.28
10441,4/23/2023 9:42:00 AM,-10.34
10441,4/23/2023 9:42:00 AM,-10.22
10441,4/23/2023 9:42:00 AM,-10.40
10441,4/23/2023 9:42:00 AM,-10.34
10441,4/23/2023 9:42:00 AM,-10.22
10441,4/23/2023 9:42:00 AM,-10.51
10441,4/23/2023 9:42:00 AM,-10.28
10441,4/23/2023 9:42:00 AM,-10.40
10441,4/23/2023 9:43:00 AM,-10.22
10441,4/23/2023 9:43:00 AM,-10.28
10441,4/23/2023 9:43:00 AM,-10.40
10441,4/23/2023 9:43:00 AM,-10.28
10441,4/23/2023 9:43:00 AM,-10.51
10441,4/23/2023 9:43:00 AM,-10.75
10441,4/23/2023 9:43:00 AM,-10.57
10441,4/23/2023 9:43:00 AM,-10.28
10441,4/23/2023 9:43:00 AM,-10.34
10441,4/23/2023 9:43:00 AM,-10.40
10441,4/23/2023 9:43:00 AM,-10.57
10441,4/23/2023 9:44:00 AM,-10.51
10441,4/23/2023 9:44:00 AM,-10.45
10441,4/23/2023 9:44:00 AM,-10.57
10441,4/23/2023 9:44:00 AM,-10.51
10441,4/23/2023 9:44:00 AM,-10.57
10441,4/23/2023 9:44:00 AM,-10.93
10441,4/23/2023 9:44:00 AM,-10.63
10441,4/23/2023 9:44:00 AM,-10.51
10441,4/23/2023 9:45:00 AM,-10.34
10441,4/23/2023 9:45:00 AM,-10.45
10441,4/23/2023 9:45:00 AM,-10.40
10441,4/23/2023 9:45:00 AM,-10.63
10441,4/23/2023 9:45:00 AM,-10.51
10441,4/23/2023 9:45:00 AM,-10.28
10441,4/23/2023 9:45:00 AM,-10.10
10441,4/23/2023 9:45:00 AM,-10.45
10441,4/23/2023 9:45:00 AM,-10.40
10441,4/23/2023 9:45:00 AM,-10.45
10441,4/23/2023 9:45:00 AM,-10.51
10441,4/23/2023 9:46:00 AM,-10.22
10441,4/23/2023 9:46:00 AM,-10.40
10441,4/23/2023 9:46:00 AM,-10.87
10441,4/23/2023 9:46:00 AM,-10.57
10441,4/23/2023 9:46:00 AM,-10.51
10441,4/23/2023 9:46:00 AM,-10.40
10441,4/23/2023 9:46:00 AM,-10.16
10441,4/23/2023 9:46:00 AM,-10.40
10441,4/23/2023 9:46:00 AM,-10.57
10441,4/23/2023 9:46:00 AM,-10.40
10441,4/23/2023 9:46:00 AM,-10.45
10441,4/23/2023 9:46:00 AM,-10.34
10441,4/23/2023 9:47:00 AM,-9.92
10441,4/23/2023 9:47:00 AM,-10.28
10441,4/23/2023 9:47:00 AM,-10.34
10441,4/23/2023 9:47:00 AM,-10.16
10441,4/23/2023 9:47:00 AM,-10.57
10441,4/23/2023 9:47:00 AM,-10.51
10441,4/23/2023 9:47:00 AM,-10.45
10441,4/23/2023 9:47:00 AM,-10.40
10441,4/23/2023 9:47:00 AM,-10.22
10441,4/23/2023 9:47:00 AM,-10.34
10441,4/23/2023 9:47:00 AM,-10.28
10441,4/23/2023 9:47:00 AM,-10.40
10441,4/23/2023 9:48:00 AM,-10.34
10441,4/23/2023 9:48:00 AM,-10.51
10441,4/23/2023 9:48:00 AM,-10.45
10441,4/23/2023 9:48:00 AM,-10.81
10441,4/23/2023 9:48:00 AM,-10.34
10441,4/23/2023 9:48:00 AM,-10.22
10441,4/23/2023 9:48:00 AM,-10.22
10441,4/23/2023 9:48:00 AM,-10.40
10441,4/23/2023 9:48:00 AM,-10.51
10441,4/23/2023 9:48:00 AM,-10.34
10441,4/23/2023 9:48:00 AM,-10.57
10441,4/23/2023 9:48:00 AM,-10.45
10441,4/23/2023 9:48:00 AM,-10.28
10441,4/23/2023 9:49:00 AM,-10.40
10441,4/23/2023 9:49:00 AM,-10.57
10441,4/23/2023 9:49:00 AM,-10.34
10441,4/23/2023 9:49:00 AM,-10.51
10441,4/23/2023 9:49:00 AM,-10.45
10441,4/23/2023 9:49:00 AM,-10.57
10441,4/23/2023 9:49:00 AM,-10.45
10441,4/23/2023 9:49:00 AM,-10.40
10441,4/23/2023 9:50:00 AM,-10.34
10441,4/23/2023 9:50:00 AM,-10.22
10441,4/23/2023 9:50:00 AM,-10.34
10441,4/23/2023 9:50:00 AM,-10.40
10441,4/23/2023 9:50:00 AM,-10.28
10441,4/23/2023 9:50:00 AM,-10.34
10441,4/23/2023 9:50:00 AM,-10.40
10441,4/23/2023 9:50:00 AM,-10.45
10441,4/23/2023 9:51:00 AM,-10.28
10441,4/23/2023 9:51:00 AM,-10.34
10441,4/23/2023 9:51:00 AM,-10.40
10441,4/23/2023 9:51:00 AM,-10.45
10441,4/23/2023 9:51:00 AM,-10.34
10441,4/23/2023 9:51:00 AM,-10.51
10441,4/23/2023 9:52:00 AM,-10.57
10441,4/23/2023 9:52:00 AM,-10.34
10441,4/23/2023 9:52:00 AM,-10.28
10441,4/23/2023 9:52:00 AM,-10.34
10441,4/23/2023 9:52:00 AM,-10.40
10441,4/23/2023 9:52:00 AM,-10.34
10441,4/23/2023 9:52:00 AM,-10.28
10441,4/23/2023 9:52:00 AM,-10.22
10441,4/23/2023 9:52:00 AM,-10.63
10441,4/23/2023 9:52:00 AM,-10.28
10441,4/23/2023 9:52:00 AM,-10.10
10441,4/23/2023 9:52:00 AM,-10.16
10441,4/23/2023 9:52:00 AM,-10.28
10441,4/23/2023 9:53:00 AM,-10.57
10441,4/23/2023 9:53:00 AM,-10.16
10441,4/23/2023 9:53:00 AM,-10.34
10441,4/23/2023 9:53:00 AM,-10.22
10441,4/23/2023 9:53:00 AM,-10.28
10441,4/23/2023 9:53:00 AM,-10.51
10441,4/23/2023 9:53:00 AM,-10.40
10441,4/23/2023 9:53:00 AM,-10.28
10441,4/23/2023 9:53:00 AM,-10.34
10441,4/23/2023 9:54:00 AM,-10.22
10441,4/23/2023 9:54:00 AM,-10.51
10441,4/23/2023 9:54:00 AM,-10.63
10441,4/23/2023 9:54:00 AM,-10.45
10441,4/23/2023 9:54:00 AM,-10.40
10441,4/23/2023 9:54:00 AM,-10.63
10441,4/23/2023 9:54:00 AM,-10.40
10441,4/23/2023 9:54:00 AM,-10.45
10441,4/23/2023 9:55:00 AM,-10.45
10441,4/23/2023 9:55:00 AM,-9.92
10441,4/23/2023 9:55:00 AM,-9.98
10441,4/23/2023 9:55:00 AM,-10.28
10441,4/23/2023 9:55:00 AM,-10.57
10441,4/23/2023 9:55:00 AM,-10.51
10441,4/23/2023 9:55:00 AM,-10.57
10441,4/23/2023 9:55:00 AM,-11.17
10441,4/23/2023 9:55:00 AM,-10.51
10441,4/23/2023 9:55:00 AM,-10.57
10441,4/23/2023 9:56:00 AM,-10.63
10441,4/23/2023 9:56:00 AM,-10.75
10441,4/23/2023 9:56:00 AM,-10.51
10441,4/23/2023 9:56:00 AM,-10.63
10441,4/23/2023 9:56:00 AM,-10.57
10441,4/23/2023 9:56:00 AM,-10.63
10441,4/23/2023 9:56:00 AM,-10.40
10441,4/23/2023 9:56:00 AM,-10.51
10441,4/23/2023 9:56:00 AM,-10.57
10441,4/23/2023 9:56:00 AM,-10.45
10441,4/23/2023 9:56:00 AM,-10.63
10441,4/23/2023 9:57:00 AM,-11.23
10441,4/23/2023 9:57:00 AM,-10.57
10441,4/23/2023 9:57:00 AM,-10.63
10441,4/23/2023 9:57:00 AM,-10.69
10441,4/23/2023 9:57:00 AM,-10.63
10441,4/23/2023 9:57:00 AM,-10.51
10441,4/23/2023 9:57:00 AM,-10.63
10441,4/23/2023 9:57:00 AM,-10.69
10441,4/23/2023 9:57:00 AM,-10.75
10441,4/23/2023 9:57:00 AM,-10.63
10441,4/23/2023 9:57:00 AM,-10.69
10441,4/23/2023 9:57:00 AM,-10.99
10441,4/23/2023 9:57:00 AM,-10.63
10441,4/23/2023 9:58:00 AM,-10.75
10441,4/23/2023 9:58:00 AM,-10.69
10441,4/23/2023 9:58:00 AM,-10.63
10441,4/23/2023 9:58:00 AM,-10.69
10441,4/23/2023 9:58:00 AM,-10.75
10441,4/23/2023 9:58:00 AM,-10.63
10441,4/23/2023 9:58:00 AM,-10.81
10441,4/23/2023 9:58:00 AM,-10.87
10441,4/23/2023 9:58:00 AM,-10.75
10441,4/23/2023 9:58:00 AM,-10.69
10441,4/23/2023 9:58:00 AM,-10.40
10441,4/23/2023 9:58:00 AM,-10.63
10441,4/23/2023 9:59:00 AM,-10.75
10441,4/23/2023 9:59:00 AM,-10.57
10441,4/23/2023 9:59:00 AM,-10.63
10441,4/23/2023 9:59:00 AM,-10.69
10441,4/23/2023 9:59:00 AM,-10.75
10441,4/23/2023 9:59:00 AM,-10.57
10441,4/23/2023 9:59:00 AM,-10.63
10441,4/23/2023 9:59:00 AM,-10.57
10441,4/23/2023 9:59:00 AM,-10.45
10441,4/23/2023 9:59:00 AM,-10.63
10441,4/23/2023 9:59:00 AM,-10.51
10441,4/23/2023 9:59:00 AM,-10.75
10441,4/23/2023 9:59:00 AM,-10.63
10441,4/23/2023 10:00:00 AM,-10.75
10441,4/23/2023 10:00:00 AM,-10.87
10441,4/23/2023 10:00:00 AM,-10.63
10441,4/23/2023 10:00:00 AM,-10.81
10441,4/23/2023 10:00:00 AM,-10.93
10441,4/23/2023 10:00:00 AM,-11.05
10441,4/23/2023 10:00:00 AM,-10.87
10441,4/23/2023 10:00:00 AM,-10.93
10441,4/23/2023 10:01:00 AM,-10.51
10441,4/23/2023 10:01:00 AM,-10.57
10441,4/23/2023 10:01:00 AM,-10.63
10441,4/23/2023 10:01:00 AM,-10.57
10441,4/23/2023 10:01:00 AM,-10.87
10441,4/23/2023 10:01:00 AM,-11.17
10441,4/23/2023 10:01:00 AM,-10.75
10441,4/23/2023 10:01:00 AM,-10.93
10441,4/23/2023 10:01:00 AM,-10.81
10441,4/23/2023 10:01:00 AM,-10.87
10441,4/23/2023 10:01:00 AM,-10.87
10441,4/23/2023 10:01:00 AM,-10.81
10441,4/23/2023 10:01:00 AM,-10.87
10441,4/23/2023 10:02:00 AM,-10.93
10441,4/23/2023 10:02:00 AM,-10.81
10441,4/23/2023 10:02:00 AM,-10.87
10441,4/23/2023 10:02:00 AM,-10.75
10441,4/23/2023 10:02:00 AM,-10.81
10441,4/23/2023 10:02:00 AM,-10.93
10441,4/23/2023 10:02:00 AM,-10.69
10441,4/23/2023 10:02:00 AM,-10.93
10441,4/23/2023 10:02:00 AM,-10.87
10441,4/23/2023 10:02:00 AM,-10.93
10441,4/23/2023 10:02:00 AM,-10.99
10441,4/23/2023 10:02:00 AM,-11.11
10441,4/23/2023 10:03:00 AM,-11.35
10441,4/23/2023 10:03:00 AM,-11.05
10441,4/23/2023 10:03:00 AM,-11.05
10441,4/23/2023 10:03:00 AM,-11.11
10441,4/23/2023 10:03:00 AM,-11.17
10441,4/23/2023 10:03:00 AM,-11.23
10441,4/23/2023 10:03:00 AM,-11.17
10441,4/23/2023 10:03:00 AM,-11.29
10441,4/23/2023 10:03:00 AM,-11.47
10441,4/23/2023 10:03:00 AM,-11.11
10441,4/23/2023 10:04:00 AM,-10.75
10441,4/23/2023 10:04:00 AM,-11.23
10441,4/23/2023 10:04:00 AM,-11.05
10441,4/23/2023 10:04:00 AM,-11.11
10441,4/23/2023 10:04:00 AM,-11.17
10441,4/23/2023 10:04:00 AM,-11.23
10441,4/23/2023 10:04:00 AM,-11.05
10441,4/23/2023 10:04:00 AM,-11.11
10441,4/23/2023 10:04:00 AM,-10.99
10441,4/23/2023 10:04:00 AM,-10.87
10441,4/23/2023 10:04:00 AM,-11.05
10441,4/23/2023 10:05:00 AM,-11.29
10441,4/23/2023 10:05:00 AM,-11.35
10441,4/23/2023 10:05:00 AM,-11.23
10441,4/23/2023 10:05:00 AM,-11.35
10441,4/23/2023 10:05:00 AM,-11.65
10441,4/23/2023 10:05:00 AM,-11.29
10441,4/23/2023 10:05:00 AM,-11.29
10441,4/23/2023 10:05:00 AM,-11.23
10441,4/23/2023 10:05:00 AM,-11.11
10441,4/23/2023 10:05:00 AM,-11.05
10441,4/23/2023 10:05:00 AM,-11.17
10441,4/23/2023 10:05:00 AM,-11.35
10441,4/23/2023 10:05:00 AM,-11.23
10441,4/23/2023 10:05:00 AM,-11.17
10441,4/23/2023 10:06:00 AM,-11.59
10441,4/23/2023 10:06:00 AM,-11.53
10441,4/23/2023 10:06:00 AM,-11.83
10441,4/23/2023 10:06:00 AM,-11.29
10441,4/23/2023 10:06:00 AM,-11.47
10441,4/23/2023 10:06:00 AM,-11.41
10441,4/23/2023 10:06:00 AM,-11.59
10441,4/23/2023 10:06:00 AM,-11.53
10441,4/23/2023 10:06:00 AM,-11.65
10441,4/23/2023 10:06:00 AM,-11.77
10441,4/23/2023 10:07:00 AM,-11.35
10441,4/23/2023 10:07:00 AM,-11.77
10441,4/23/2023 10:07:00 AM,-11.65
10441,4/23/2023 10:07:00 AM,-11.77
10441,4/23/2023 10:07:00 AM,-11.89
10441,4/23/2023 10:07:00 AM,-11.71
10441,4/23/2023 10:07:00 AM,-11.77
10441,4/23/2023 10:07:00 AM,-11.83
10441,4/23/2023 10:07:00 AM,-11.65
10441,4/23/2023 10:08:00 AM,-11.47
10441,4/23/2023 10:08:00 AM,-11.53
10441,4/23/2023 10:08:00 AM,-11.47
10441,4/23/2023 10:08:00 AM,-11.95
10441,4/23/2023 10:08:00 AM,-11.65
10441,4/23/2023 10:08:00 AM,-11.47
10441,4/23/2023 10:08:00 AM,-11.47
10441,4/23/2023 10:08:00 AM,-11.65
10441,4/23/2023 10:08:00 AM,-11.29
10441,4/23/2023 10:08:00 AM,-11.35
10441,4/23/2023 10:08:00 AM,-11.29
10441,4/23/2023 10:08:00 AM,-11.41
10441,4/23/2023 10:08:00 AM,-11.59
10441,4/23/2023 10:08:00 AM,-11.41
10441,4/23/2023 10:09:00 AM,-11.59
10441,4/23/2023 10:09:00 AM,-11.65
10441,4/23/2023 10:09:00 AM,-11.59
10441,4/23/2023 10:09:00 AM,-11.53
10441,4/23/2023 10:09:00 AM,-11.65
10441,4/23/2023 10:10:00 AM,-11.71
10441,4/23/2023 10:10:00 AM,-11.83
10441,4/23/2023 10:10:00 AM,-11.77
10441,4/23/2023 10:10:00 AM,-11.59
10441,4/23/2023 10:10:00 AM,-12.25
10441,4/23/2023 10:10:00 AM,-11.65
10441,4/23/2023 10:10:00 AM,-11.77
10441,4/23/2023 10:10:00 AM,-11.71
10441,4/23/2023 10:11:00 AM,-11.89
10441,4/23/2023 10:11:00 AM,-11.83
10441,4/23/2023 10:11:00 AM,-11.71
10441,4/23/2023 10:11:00 AM,-11.77
10441,4/23/2023 10:11:00 AM,-11.71
10441,4/23/2023 10:11:00 AM,-11.59
10441,4/23/2023 10:11:00 AM,-11.71
10441,4/23/2023 10:11:00 AM,-11.59
10441,4/23/2023 10:11:00 AM,-11.77
10441,4/23/2023 10:11:00 AM,-11.59
10441,4/23/2023 10:11:00 AM,-11.71
10441,4/23/2023 10:11:00 AM,-11.65
10441,4/23/2023 10:12:00 AM,-11.65
10441,4/23/2023 10:12:00 AM,-11.47
10441,4/23/2023 10:12:00 AM,-11.71
10441,4/23/2023 10:12:00 AM,-11.65
10441,4/23/2023 10:12:00 AM,-11.53
10441,4/23/2023 10:12:00 AM,-11.47
10441,4/23/2023 10:12:00 AM,-11.41
10441,4/23/2023 10:12:00 AM,-11.29
10441,4/23/2023 10:12:00 AM,-11.23
10441,4/23/2023 10:12:00 AM,-11.41
10441,4/23/2023 10:12:00 AM,-11.47
10441,4/23/2023 10:13:00 AM,-11.77
10441,4/23/2023 10:13:00 AM,-11.83
10441,4/23/2023 10:13:00 AM,-11.77
10441,4/23/2023 10:13:00 AM,-11.71
10441,4/23/2023 10:13:00 AM,-11.65
10441,4/23/2023 10:13:00 AM,-11.41
10441,4/23/2023 10:13:00 AM,-11.65
10441,4/23/2023 10:13:00 AM,-11.47
10441,4/23/2023 10:13:00 AM,-11.41
10441,4/23/2023 10:13:00 AM,-11.35
10441,4/23/2023 10:13:00 AM,-11.65
10441,4/23/2023 10:13:00 AM,-11.35
10441,4/23/2023 10:14:00 AM,-11.77
10441,4/23/2023 10:14:00 AM,-11.47
10441,4/23/2023 10:14:00 AM,-11.29
10441,4/23/2023 10:14:00 AM,-11.35
10441,4/23/2023 10:14:00 AM,-11.23
10441,4/23/2023 10:14:00 AM,-11.41
10441,4/23/2023 10:14:00 AM,-11.29
10441,4/23/2023 10:14:00 AM,-11.47
10441,4/23/2023 10:15:00 AM,-11.53
10441,4/23/2023 10:15:00 AM,-11.17
10441,4/23/2023 10:15:00 AM,-11.59
10441,4/23/2023 10:15:00 AM,-11.35
10441,4/23/2023 10:15:00 AM,-11.41
10441,4/23/2023 10:15:00 AM,-11.23
10441,4/23/2023 10:15:00 AM,-10.75
10441,4/23/2023 10:15:00 AM,-11.71
10441,4/23/2023 10:15:00 AM,-11.53
10441,4/23/2023 10:15:00 AM,-11.47
10441,4/23/2023 10:15:00 AM,-11.11
10441,4/23/2023 10:15:00 AM,-10.93
10441,4/23/2023 10:15:00 AM,-10.81
10441,4/23/2023 10:16:00 AM,-10.28
10441,4/23/2023 10:16:00 AM,-10.81
10441,4/23/2023 10:16:00 AM,-10.63
10441,4/23/2023 10:16:00 AM,-11.05
10441,4/23/2023 10:16:00 AM,-10.87
10441,4/23/2023 10:16:00 AM,-10.93
10441,4/23/2023 10:17:00 AM,-10.99
10441,4/23/2023 10:17:00 AM,-11.05
10441,4/23/2023 10:17:00 AM,-11.41
10441,4/23/2023 10:17:00 AM,-11.23
10441,4/23/2023 10:17:00 AM,-11.17
10441,4/23/2023 10:17:00 AM,-11.11
10441,4/23/2023 10:17:00 AM,-11.17
10441,4/23/2023 10:17:00 AM,-11.11
10441,4/23/2023 10:17:00 AM,-10.99
10441,4/23/2023 10:17:00 AM,-11.05
10441,4/23/2023 10:17:00 AM,-10.99
10441,4/23/2023 10:18:00 AM,-10.87
10441,4/23/2023 10:18:00 AM,-10.75
10441,4/23/2023 10:18:00 AM,-10.57
10441,4/23/2023 10:18:00 AM,-10.63
10441,4/23/2023 10:18:00 AM,-10.57
10441,4/23/2023 10:18:00 AM,-10.51
10441,4/23/2023 10:18:00 AM,-10.45
10441,4/23/2023 10:18:00 AM,-10.34
10441,4/23/2023 10:18:00 AM,-10.22
10441,4/23/2023 10:19:00 AM,-10.34
10441,4/23/2023 10:19:00 AM,-10.57
10441,4/23/2023 10:19:00 AM,-10.22
10441,4/23/2023 10:19:00 AM,-10.51
10441,4/23/2023 10:19:00 AM,-10.69
10441,4/23/2023 10:19:00 AM,-10.51
10441,4/23/2023 10:19:00 AM,-10.57
10441,4/23/2023 10:19:00 AM,-10.40
10441,4/23/2023 10:19:00 AM,-10.87
10441,4/23/2023 10:19:00 AM,-10.75
10441,4/23/2023 10:19:00 AM,-10.81
10441,4/23/2023 10:20:00 AM,-10.99
10441,4/23/2023 10:20:00 AM,-10.87
10441,4/23/2023 10:20:00 AM,-10.75
10441,4/23/2023 10:20:00 AM,-10.81
10441,4/23/2023 10:20:00 AM,-11.17
10441,4/23/2023 10:20:00 AM,-10.69
10441,4/23/2023 10:20:00 AM,-10.63
10441,4/23/2023 10:20:00 AM,-10.69
10441,4/23/2023 10:20:00 AM,-10.75
10441,4/23/2023 10:21:00 AM,-10.93
10441,4/23/2023 10:21:00 AM,-10.87
10441,4/23/2023 10:21:00 AM,-11.05
10441,4/23/2023 10:21:00 AM,-11.17
10441,4/23/2023 10:21:00 AM,-11.29
10441,4/23/2023 10:21:00 AM,-10.87
10441,4/23/2023 10:21:00 AM,-10.93
10441,4/23/2023 10:21:00 AM,-10.69
10441,4/23/2023 10:21:00 AM,-10.63
10441,4/23/2023 10:21:00 AM,-10.75
10441,4/23/2023 10:21:00 AM,-10.81
10441,4/23/2023 10:22:00 AM,-11.47
10441,4/23/2023 10:22:00 AM,-11.53
10441,4/23/2023 10:22:00 AM,-11.41
10441,4/23/2023 10:22:00 AM,-11.65
10441,4/23/2023 10:22:00 AM,-11.47
10441,4/23/2023 10:22:00 AM,-11.35
10441,4/23/2023 10:22:00 AM,-10.75
10441,4/23/2023 10:22:00 AM,-11.29
10441,4/23/2023 10:22:00 AM,-11.47
10441,4/23/2023 10:22:00 AM,-11.41
10441,4/23/2023 10:23:00 AM,-11.35
10441,4/23/2023 10:23:00 AM,-11.11
10441,4/23/2023 10:23:00 AM,-11.29
10441,4/23/2023 10:23:00 AM,-11.23
10441,4/23/2023 10:23:00 AM,-11.47
10441,4/23/2023 10:23:00 AM,-11.35
10441,4/23/2023 10:23:00 AM,-11.29
10441,4/23/2023 10:23:00 AM,-11.35
10441,4/23/2023 10:23:00 AM,-11.29
10441,4/23/2023 10:23:00 AM,-11.47
10441,4/23/2023 10:23:00 AM,-11.41
10441,4/23/2023 10:23:00 AM,-11.65
10441,4/23/2023 10:24:00 AM,-11.53
10441,4/23/2023 10:24:00 AM,-11.47
10441,4/23/2023 10:24:00 AM,-11.77
10441,4/23/2023 10:24:00 AM,-11.65
10441,4/23/2023 10:24:00 AM,-11.71
10441,4/23/2023 10:24:00 AM,-11.83
10441,4/23/2023 10:24:00 AM,-11.77
10441,4/23/2023 10:24:00 AM,-11.71
10441,4/23/2023 10:24:00 AM,-11.65
10441,4/23/2023 10:24:00 AM,-11.77
10441,4/23/2023 10:25:00 AM,-11.35
10441,4/23/2023 10:25:00 AM,-11.65
10441,4/23/2023 10:25:00 AM,-11.53
10441,4/23/2023 10:25:00 AM,-11.41
10441,4/23/2023 10:25:00 AM,-11.29
10441,4/23/2023 10:25:00 AM,-11.35
10441,4/23/2023 10:25:00 AM,-12.01
10441,4/23/2023 10:25:00 AM,-11.65
10441,4/23/2023 10:25:00 AM,-11.53
10441,4/23/2023 10:25:00 AM,-11.47
10441,4/23/2023 10:25:00 AM,-11.53
10441,4/23/2023 10:25:00 AM,-11.77
10441,4/23/2023 10:26:00 AM,-11.95
10441,4/23/2023 10:26:00 AM,-12.07
10441,4/23/2023 10:26:00 AM,-11.71
10441,4/23/2023 10:26:00 AM,-11.77
10441,4/23/2023 10:26:00 AM,-11.65
10441,4/23/2023 10:26:00 AM,-11.59
10441,4/23/2023 10:26:00 AM,-11.95
10441,4/23/2023 10:26:00 AM,-11.65
10441,4/23/2023 10:26:00 AM,-11.65
10441,4/23/2023 10:26:00 AM,-11.71
10441,4/23/2023 10:26:00 AM,-12.01
10441,4/23/2023 10:26:00 AM,-11.59
10441,4/23/2023 10:26:00 AM,-11.47
10441,4/23/2023 10:26:00 AM,-11.53
10441,4/23/2023 10:27:00 AM,-11.71
10441,4/23/2023 10:27:00 AM,-11.65
10441,4/23/2023 10:27:00 AM,-11.71
10441,4/23/2023 10:27:00 AM,-11.65
10441,4/23/2023 10:27:00 AM,-11.89
10441,4/23/2023 10:27:00 AM,-12.01
10441,4/23/2023 10:27:00 AM,-11.89
10441,4/23/2023 10:27:00 AM,-11.83
10441,4/23/2023 10:27:00 AM,-11.89
10441,4/23/2023 10:27:00 AM,-11.83
10441,4/23/2023 10:28:00 AM,-11.95
10441,4/23/2023 10:28:00 AM,-11.83
10441,4/23/2023 10:28:00 AM,-11.89
10441,4/23/2023 10:28:00 AM,-11.95
10441,4/23/2023 10:28:00 AM,-12.07
10441,4/23/2023 10:28:00 AM,-12.19
10441,4/23/2023 10:28:00 AM,-12.07
10441,4/23/2023 10:28:00 AM,-11.95
10441,4/23/2023 10:28:00 AM,-11.89
10441,4/23/2023 10:28:00 AM,-11.95
10441,4/23/2023 10:29:00 AM,-11.89
10441,4/23/2023 10:29:00 AM,-12.01
10441,4/23/2023 10:29:00 AM,-11.71
10441,4/23/2023 10:29:00 AM,-11.77
10441,4/23/2023 10:29:00 AM,-11.83
10441,4/23/2023 10:29:00 AM,-11.77
10441,4/23/2023 10:29:00 AM,-11.95
10441,4/23/2023 10:29:00 AM,-12.13
10441,4/23/2023 10:29:00 AM,-11.95
10441,4/23/2023 10:29:00 AM,-11.71
10441,4/23/2023 10:29:00 AM,-11.95
10441,4/23/2023 10:29:00 AM,-11.83
10441,4/23/2023 10:30:00 AM,-12.01
10441,4/23/2023 10:30:00 AM,-11.59
10441,4/23/2023 10:30:00 AM,-11.89
10441,4/23/2023 10:30:00 AM,-11.83
10441,4/23/2023 10:30:00 AM,-11.89
10441,4/23/2023 10:30:00 AM,-11.71
10441,4/23/2023 10:30:00 AM,-11.77
10441,4/23/2023 10:30:00 AM,-11.71
10441,4/23/2023 10:30:00 AM,-11.83
10441,4/23/2023 10:30:00 AM,-11.71
10441,4/23/2023 10:31:00 AM,-11.83
10441,4/23/2023 10:31:00 AM,-11.65
10441,4/23/2023 10:31:00 AM,-11.89
10441,4/23/2023 10:31:00 AM,-11.77
10441,4/23/2023 10:31:00 AM,-11.47
10441,4/23/2023 10:31:00 AM,-11.59
10441,4/23/2023 10:31:00 AM,-11.53
10441,4/23/2023 10:31:00 AM,-11.71
10441,4/23/2023 10:31:00 AM,-11.59
10441,4/23/2023 10:31:00 AM,-11.53
10441,4/23/2023 10:31:00 AM,-12.07
10441,4/23/2023 10:31:00 AM,-11.71
10441,4/23/2023 10:32:00 AM,-11.59
10441,4/23/2023 10:32:00 AM,-11.23
10441,4/23/2023 10:32:00 AM,-11.53
10441,4/23/2023 10:32:00 AM,-11.95
10441,4/23/2023 10:32:00 AM,-11.59
10441,4/23/2023 10:32:00 AM,-11.83
10441,4/23/2023 10:32:00 AM,-11.59
10441,4/23/2023 10:32:00 AM,-11.65
10441,4/23/2023 10:32:00 AM,-11.59
10441,4/23/2023 10:32:00 AM,-11.53
10441,4/23/2023 10:32:00 AM,-11.59
10441,4/23/2023 10:32:00 AM,-11.65
10441,4/23/2023 10:32:00 AM,-11.53
10441,4/23/2023 10:33:00 AM,-11.53
10441,4/23/2023 10:33:00 AM,-11.47
10441,4/23/2023 10:33:00 AM,-11.41
10441,4/23/2023 10:34:00 AM,-11.47
10441,4/23/2023 10:34:00 AM,-11.29
10441,4/23/2023 10:34:00 AM,-10.87
10441,4/23/2023 10:34:00 AM,-11.59
10441,4/23/2023 10:34:00 AM,-11.29
10441,4/23/2023 10:34:00 AM,-11.35
10441,4/23/2023 10:34:00 AM,-11.29
10441,4/23/2023 10:34:00 AM,-11.23
10441,4/23/2023 10:35:00 AM,-11.29
10441,4/23/2023 10:35:00 AM,-10.99
10441,4/23/2023 10:35:00 AM,-11.29
10441,4/23/2023 10:35:00 AM,-11.17
10441,4/23/2023 10:35:00 AM,-11.05
10441,4/23/2023 10:35:00 AM,-11.11
10441,4/23/2023 10:35:00 AM,-11.23
10441,4/23/2023 10:35:00 AM,-11.29
10441,4/23/2023 10:35:00 AM,-11.35
10441,4/23/2023 10:36:00 AM,-11.17
10441,4/23/2023 10:36:00 AM,-11.29
10441,4/23/2023 10:36:00 AM,-11.47
10441,4/23/2023 10:36:00 AM,-11.29
10441,4/23/2023 10:36:00 AM,-11.23
10441,4/23/2023 10:36:00 AM,-11.11
10441,4/23/2023 10:36:00 AM,-10.93
10441,4/23/2023 10:36:00 AM,-10.99
10441,4/23/2023 10:36:00 AM,-11.11
10441,4/23/2023 10:36:00 AM,-10.93
10441,4/23/2023 10:36:00 AM,-11.05
10441,4/23/2023 10:36:00 AM,-11.17
10441,4/23/2023 10:36:00 AM,-11.89
10441,4/23/2023 10:37:00 AM,-11.23
10441,4/23/2023 10:37:00 AM,-11.05
10441,4/23/2023 10:37:00 AM,-11.23
10441,4/23/2023 10:37:00 AM,-11.29
10441,4/23/2023 10:37:00 AM,-11.23
10441,4/23/2023 10:37:00 AM,-11.17
10441,4/23/2023 10:37:00 AM,-11.05
10441,4/23/2023 10:37:00 AM,-11.29
10441,4/23/2023 10:37:00 AM,-11.23
10441,4/23/2023 10:37:00 AM,-11.17
10441,4/23/2023 10:37:00 AM,-11.11
10441,4/23/2023 10:37:00 AM,-11.35
10441,4/23/2023 10:37:00 AM,-11.29
10441,4/23/2023 10:38:00 AM,-11.17
10441,4/23/2023 10:38:00 AM,-11.05
10441,4/23/2023 10:38:00 AM,-11.11
10441,4/23/2023 10:38:00 AM,-10.93
10441,4/23/2023 10:38:00 AM,-11.11
10441,4/23/2023 10:38:00 AM,-11.17
10441,4/23/2023 10:38:00 AM,-11.23
10441,4/23/2023 10:38:00 AM,-11.17
10441,4/23/2023 10:38:00 AM,-11.11
10441,4/23/2023 10:38:00 AM,-11.17
10441,4/23/2023 10:39:00 AM,-11.23
10441,4/23/2023 10:39:00 AM,-11.17
10441,4/23/2023 10:39:00 AM,-11.11
10441,4/23/2023 10:39:00 AM,-11.17
10441,4/23/2023 10:39:00 AM,-11.29
10441,4/23/2023 10:39:00 AM,-11.41
10441,4/23/2023 10:39:00 AM,-10.93
10441,4/23/2023 10:39:00 AM,-11.17
10441,4/23/2023 10:39:00 AM,-11.11
10441,4/23/2023 10:39:00 AM,-11.17
10441,4/23/2023 10:39:00 AM,-11.05
10441,4/23/2023 10:39:00 AM,-10.93
10441,4/23/2023 10:39:00 AM,-11.23
10441,4/23/2023 10:40:00 AM,-10.99
10441,4/23/2023 10:40:00 AM,-11.17
10441,4/23/2023 10:40:00 AM,-11.05
10441,4/23/2023 10:40:00 AM,-11.47
10441,4/23/2023 10:40:00 AM,-11.17
10441,4/23/2023 10:40:00 AM,-11.23
10441,4/23/2023 10:40:00 AM,-10.99
10441,4/23/2023 10:40:00 AM,-10.81
10441,4/23/2023 10:40:00 AM,-10.99
10441,4/23/2023 10:40:00 AM,-11.11
10441,4/23/2023 10:40:00 AM,-10.99
10441,4/23/2023 10:40:00 AM,-11.05
10441,4/23/2023 10:40:00 AM,-11.11
10441,4/23/2023 10:41:00 AM,-11.17
10441,4/23/2023 10:41:00 AM,-11.23
10441,4/23/2023 10:41:00 AM,-11.47
10441,4/23/2023 10:41:00 AM,-10.99
10441,4/23/2023 10:41:00 AM,-11.05
10441,4/23/2023 10:41:00 AM,-11.11
10441,4/23/2023 10:41:00 AM,-11.05
10441,4/23/2023 10:41:00 AM,-10.99
10441,4/23/2023 10:41:00 AM,-10.93
10441,4/23/2023 10:41:00 AM,-10.87
10441,4/23/2023 10:41:00 AM,-10.93
10441,4/23/2023 10:42:00 AM,-10.81
10441,4/23/2023 10:42:00 AM,-10.99
10441,4/23/2023 10:42:00 AM,-10.93
10441,4/23/2023 10:42:00 AM,-10.99
10441,4/23/2023 10:42:00 AM,-11.05
10441,4/23/2023 10:42:00 AM,-11.11
10441,4/23/2023 10:42:00 AM,-11.11
10441,4/23/2023 10:42:00 AM,-10.93
10441,4/23/2023 10:42:00 AM,-10.81
10441,4/23/2023 10:42:00 AM,-10.87
10441,4/23/2023 10:42:00 AM,-10.69
10441,4/23/2023 10:42:00 AM,-10.87
10441,4/23/2023 10:43:00 AM,-11.11
10441,4/23/2023 10:43:00 AM,-11.05
10441,4/23/2023 10:43:00 AM,-11.11
10441,4/23/2023 10:43:00 AM,-11.29
10441,4/23/2023 10:43:00 AM,-11.47
10441,4/23/2023 10:43:00 AM,-11.05
10441,4/23/2023 10:43:00 AM,-11.23
10441,4/23/2023 10:43:00 AM,-11.05
10441,4/23/2023 10:43:00 AM,-10.93
10441,4/23/2023 10:43:00 AM,-11.41
10441,4/23/2023 10:43:00 AM,-11.17
10441,4/23/2023 10:43:00 AM,-11.23
10441,4/23/2023 10:43:00 AM,-11.11
10441,4/23/2023 10:43:00 AM,-11.05
10441,4/23/2023 10:44:00 AM,-10.87
10441,4/23/2023 10:44:00 AM,-10.45
10441,4/23/2023 10:44:00 AM,-10.99
10441,4/23/2023 10:44:00 AM,-11.05
10441,4/23/2023 10:44:00 AM,-10.93
10441,4/23/2023 10:44:00 AM,-10.81
10441,4/23/2023 10:44:00 AM,-10.99
10441,4/23/2023 10:44:00 AM,-10.93
10441,4/23/2023 10:45:00 AM,-10.81
10441,4/23/2023 10:45:00 AM,-10.63
10441,4/23/2023 10:45:00 AM,-10.75
10441,4/23/2023 10:45:00 AM,-11.17
10441,4/23/2023 10:45:00 AM,-10.93
10441,4/23/2023 10:45:00 AM,-10.87
10441,4/23/2023 10:45:00 AM,-10.81
10441,4/23/2023 10:45:00 AM,-10.87
10441,4/23/2023 10:45:00 AM,-10.93
10441,4/23/2023 10:46:00 AM,-10.81
10441,4/23/2023 10:46:00 AM,-10.93
10441,4/23/2023 10:46:00 AM,-10.87
10441,4/23/2023 10:46:00 AM,-11.05
10441,4/23/2023 10:46:00 AM,-10.93
10441,4/23/2023 10:46:00 AM,-10.87
10441,4/23/2023 10:46:00 AM,-10.99
10441,4/23/2023 10:46:00 AM,-10.81
10441,4/23/2023 10:46:00 AM,-11.17
10441,4/23/2023 10:47:00 AM,-10.93
10441,4/23/2023 10:47:00 AM,-10.87
10441,4/23/2023 10:47:00 AM,-10.81
10441,4/23/2023 10:47:00 AM,-10.75
10441,4/23/2023 10:47:00 AM,-10.87
10441,4/23/2023 10:48:00 AM,-10.81
10441,4/23/2023 10:48:00 AM,-10.87
10441,4/23/2023 10:48:00 AM,-11.17
10441,4/23/2023 10:48:00 AM,-10.99
10441,4/23/2023 10:48:00 AM,-11.05
10441,4/23/2023 10:48:00 AM,-10.93
10441,4/23/2023 10:48:00 AM,-10.99
10441,4/23/2023 10:48:00 AM,-11.05
10441,4/23/2023 10:48:00 AM,-10.99
10441,4/23/2023 10:48:00 AM,-10.93
10441,4/23/2023 10:48:00 AM,-10.99
10441,4/23/2023 10:49:00 AM,-10.93
10441,4/23/2023 10:49:00 AM,-10.99
10441,4/23/2023 10:49:00 AM,-11.11
10441,4/23/2023 10:49:00 AM,-10.99
10441,4/23/2023 10:49:00 AM,-11.17
10441,4/23/2023 10:49:00 AM,-10.99
10441,4/23/2023 10:49:00 AM,-11.05
10441,4/23/2023 10:49:00 AM,-11.35
10441,4/23/2023 10:49:00 AM,-11.05
10441,4/23/2023 10:49:00 AM,-11.11
10441,4/23/2023 10:49:00 AM,-10.99
10441,4/23/2023 10:49:00 AM,-11.05
10441,4/23/2023 10:49:00 AM,-10.93
10441,4/23/2023 10:50:00 AM,-10.81
10441,4/23/2023 10:50:00 AM,-10.99
10441,4/23/2023 10:50:00 AM,-10.45
10441,4/23/2023 10:50:00 AM,-10.93
10441,4/23/2023 10:50:00 AM,-10.99
10441,4/23/2023 10:50:00 AM,-10.93
10441,4/23/2023 10:50:00 AM,-10.87
10441,4/23/2023 10:50:00 AM,-10.69
10441,4/23/2023 10:50:00 AM,-10.75
10441,4/23/2023 10:51:00 AM,-11.23
10441,4/23/2023 10:51:00 AM,-10.57
10441,4/23/2023 10:51:00 AM,-10.75
10441,4/23/2023 10:51:00 AM,-10.63
10441,4/23/2023 10:51:00 AM,-10.57
10441,4/23/2023 10:51:00 AM,-10.63
10441,4/23/2023 10:51:00 AM,-10.75
10441,4/23/2023 10:51:00 AM,-10.63
10441,4/23/2023 10:51:00 AM,-10.69
10441,4/23/2023 10:51:00 AM,-10.81
10441,4/23/2023 10:52:00 AM,-10.87
10441,4/23/2023 10:52:00 AM,-10.40
10441,4/23/2023 10:52:00 AM,-10.69
10441,4/23/2023 10:52:00 AM,-10.75
10441,4/23/2023 10:52:00 AM,-10.69
10441,4/23/2023 10:52:00 AM,-11.17
10441,4/23/2023 10:52:00 AM,-10.63
10441,4/23/2023 10:52:00 AM,-10.75
10441,4/23/2023 10:52:00 AM,-10.69
10441,4/23/2023 10:52:00 AM,-10.75
10441,4/23/2023 10:52:00 AM,-10.81
10441,4/23/2023 10:53:00 AM,-10.99
10441,4/23/2023 10:53:00 AM,-10.57
10441,4/23/2023 10:53:00 AM,-10.45
10441,4/23/2023 10:53:00 AM,-10.69
10441,4/23/2023 10:53:00 AM,-10.75
10441,4/23/2023 10:53:00 AM,-10.81
10441,4/23/2023 10:53:00 AM,-10.63
10441,4/23/2023 10:53:00 AM,-10.57
10441,4/23/2023 10:53:00 AM,-10.63
10441,4/23/2023 10:53:00 AM,-10.57
10441,4/23/2023 10:54:00 AM,-10.69
10441,4/23/2023 10:54:00 AM,-10.57
10441,4/23/2023 10:54:00 AM,-10.75
10441,4/23/2023 10:54:00 AM,-10.69
10441,4/23/2023 10:54:00 AM,-10.81
10441,4/23/2023 10:54:00 AM,-10.75
10441,4/23/2023 10:54:00 AM,-10.63
10441,4/23/2023 10:54:00 AM,-10.57
10441,4/23/2023 10:54:00 AM,-10.93
10441,4/23/2023 10:54:00 AM,-10.75
10441,4/23/2023 10:54:00 AM,-10.81
10441,4/23/2023 10:54:00 AM,-10.75
10441,4/23/2023 10:55:00 AM,-10.51
10441,4/23/2023 10:55:00 AM,-10.16
10441,4/23/2023 10:55:00 AM,-10.51
10441,4/23/2023 10:55:00 AM,-10.57
10441,4/23/2023 10:55:00 AM,-10.51
10441,4/23/2023 10:55:00 AM,-10.57
10441,4/23/2023 10:55:00 AM,-10.40
10441,4/23/2023 10:55:00 AM,-10.51
10441,4/23/2023 10:55:00 AM,-10.45
10441,4/23/2023 10:55:00 AM,-10.63
10441,4/23/2023 10:55:00 AM,-10.75
10441,4/23/2023 10:55:00 AM,-10.63
10441,4/23/2023 10:55:00 AM,-10.93
10441,4/23/2023 10:56:00 AM,-10.63
10441,4/23/2023 10:56:00 AM,-10.57
10441,4/23/2023 10:56:00 AM,-10.51
10441,4/23/2023 10:56:00 AM,-10.81
10441,4/23/2023 10:56:00 AM,-10.57
10441,4/23/2023 10:56:00 AM,-10.40
10441,4/23/2023 10:56:00 AM,-10.63
10441,4/23/2023 10:56:00 AM,-10.69
10441,4/23/2023 10:56:00 AM,-10.75
10441,4/23/2023 10:56:00 AM,-10.69
10441,4/23/2023 10:56:00 AM,-10.45
10441,4/23/2023 10:56:00 AM,-10.57
10441,4/23/2023 10:56:00 AM,-10.51
10441,4/23/2023 10:56:00 AM,-10.69
10441,4/23/2023 10:57:00 AM,-10.81
10441,4/23/2023 10:57:00 AM,-10.75
10441,4/23/2023 10:57:00 AM,-10.75
10441,4/23/2023 10:57:00 AM,-10.16
10441,4/23/2023 10:57:00 AM,-10.81
10441,4/23/2023 10:57:00 AM,-10.75
10441,4/23/2023 10:57:00 AM,-10.69
10441,4/23/2023 10:57:00 AM,-10.93
10441,4/23/2023 10:57:00 AM,-10.63
10441,4/23/2023 10:58:00 AM,-10.87
10441,4/23/2023 10:58:00 AM,-10.93
10441,4/23/2023 10:58:00 AM,-10.87
10441,4/23/2023 10:58:00 AM,-10.81
10441,4/23/2023 10:58:00 AM,-10.87
10441,4/23/2023 10:58:00 AM,-11.23
10441,4/23/2023 10:58:00 AM,-11.05
10441,4/23/2023 10:58:00 AM,-10.87
10441,4/23/2023 10:58:00 AM,-10.93
10441,4/23/2023 10:58:00 AM,-10.87
10441,4/23/2023 10:59:00 AM,-10.99
10441,4/23/2023 10:59:00 AM,-10.93
10441,4/23/2023 10:59:00 AM,-10.99
10441,4/23/2023 10:59:00 AM,-10.87
10441,4/23/2023 10:59:00 AM,-11.05
10441,4/23/2023 10:59:00 AM,-10.75
10441,4/23/2023 10:59:00 AM,-10.69
10441,4/23/2023 10:59:00 AM,-10.57
10441,4/23/2023 10:59:00 AM,-10.75
10441,4/23/2023 10:59:00 AM,-10.81
10441,4/23/2023 10:59:00 AM,-10.63
10441,4/23/2023 10:59:00 AM,-10.81
10441,4/23/2023 11:00:00 AM,-10.69
10441,4/23/2023 11:00:00 AM,-10.81
10441,4/23/2023 11:00:00 AM,-10.69
10441,4/23/2023 11:00:00 AM,-10.81
10441,4/23/2023 11:00:00 AM,-10.87
10441,4/23/2023 11:00:00 AM,-10.93
10441,4/23/2023 11:00:00 AM,-10.87
10441,4/23/2023 11:00:00 AM,-10.81
10441,4/23/2023 11:00:00 AM,-10.87
10441,4/23/2023 11:01:00 AM,-10.93
10441,4/23/2023 11:01:00 AM,-10.87
10441,4/23/2023 11:01:00 AM,-10.81
10441,4/23/2023 11:02:00 AM,-10.99
10441,4/23/2023 11:02:00 AM,-11.05
10441,4/23/2023 11:02:00 AM,-10.99
10441,4/23/2023 11:02:00 AM,-10.81
10441,4/23/2023 11:02:00 AM,-10.51
10441,4/23/2023 11:02:00 AM,-11.29
10441,4/23/2023 11:02:00 AM,-10.81
10441,4/23/2023 11:02:00 AM,-10.87
10441,4/23/2023 11:02:00 AM,-10.81
10441,4/23/2023 11:02:00 AM,-10.87
10441,4/23/2023 11:02:00 AM,-10.99
10441,4/23/2023 11:02:00 AM,-10.87
10441,4/23/2023 11:03:00 AM,-10.93
10441,4/23/2023 11:03:00 AM,-10.93
10441,4/23/2023 11:03:00 AM,-10.87
10441,4/23/2023 11:03:00 AM,-10.81
10441,4/23/2023 11:03:00 AM,-10.87
10441,4/23/2023 11:04:00 AM,-10.75
10441,4/23/2023 11:04:00 AM,-10.87
10441,4/23/2023 11:04:00 AM,-10.75
10441,4/23/2023 11:04:00 AM,-11.05
10441,4/23/2023 11:04:00 AM,-10.81
10441,4/23/2023 11:04:00 AM,-10.93
10441,4/23/2023 11:04:00 AM,-10.87
10441,4/23/2023 11:04:00 AM,-10.81
10441,4/23/2023 11:04:00 AM,-10.75
10441,4/23/2023 11:04:00 AM,-10.87
10441,4/23/2023 11:05:00 AM,-10.63
10441,4/23/2023 11:05:00 AM,-10.69
10441,4/23/2023 11:05:00 AM,-10.75
10441,4/23/2023 11:05:00 AM,-10.87
10441,4/23/2023 11:05:00 AM,-10.81
10441,4/23/2023 11:05:00 AM,-11.17
10441,4/23/2023 11:05:00 AM,-11.05
10441,4/23/2023 11:05:00 AM,-10.75
10441,4/23/2023 11:05:00 AM,-10.63
10441,4/23/2023 11:05:00 AM,-11.05
10441,4/23/2023 11:05:00 AM,-10.75
10441,4/23/2023 11:06:00 AM,-10.51
10441,4/23/2023 11:06:00 AM,-10.63
10441,4/23/2023 11:06:00 AM,-10.75
10441,4/23/2023 11:06:00 AM,-10.81
10441,4/23/2023 11:06:00 AM,-10.69
10441,4/23/2023 11:06:00 AM,-10.75
10441,4/23/2023 11:06:00 AM,-10.81
10441,4/23/2023 11:06:00 AM,-10.75
10441,4/23/2023 11:06:00 AM,-11.05
10441,4/23/2023 11:07:00 AM,-10.75
10441,4/23/2023 11:07:00 AM,-10.69
10441,4/23/2023 11:07:00 AM,-10.81
10441,4/23/2023 11:07:00 AM,-10.69
10441,4/23/2023 11:07:00 AM,-10.57
10441,4/23/2023 11:07:00 AM,-10.63
10441,4/23/2023 11:07:00 AM,-10.93
10441,4/23/2023 11:07:00 AM,-10.75
10441,4/23/2023 11:07:00 AM,-10.81
10441,4/23/2023 11:07:00 AM,-10.69
10441,4/23/2023 11:08:00 AM,-10.69
10441,4/23/2023 11:08:00 AM,-10.51
10441,4/23/2023 11:08:00 AM,-10.69
10441,4/23/2023 11:08:00 AM,-10.75
10441,4/23/2023 11:08:00 AM,-10.63
10441,4/23/2023 11:08:00 AM,-10.75
10441,4/23/2023 11:08:00 AM,-10.75
10441,4/23/2023 11:08:00 AM,-10.69
10441,4/23/2023 11:08:00 AM,-10.69
10441,4/23/2023 11:08:00 AM,-10.81
10441,4/23/2023 11:08:00 AM,-10.57
10441,4/23/2023 11:08:00 AM,-10.69
10441,4/23/2023 11:08:00 AM,-10.63
10441,4/23/2023 11:08:00 AM,-10.81
10441,4/23/2023 11:09:00 AM,-10.75
10441,4/23/2023 11:09:00 AM,-10.69
10441,4/23/2023 11:09:00 AM,-10.57
10441,4/23/2023 11:09:00 AM,-10.99
10441,4/23/2023 11:09:00 AM,-10.63
10441,4/23/2023 11:09:00 AM,-10.75
10441,4/23/2023 11:09:00 AM,-10.69
10441,4/23/2023 11:09:00 AM,-10.93
10441,4/23/2023 11:09:00 AM,-10.75
10441,4/23/2023 11:09:00 AM,-10.51
10441,4/23/2023 11:09:00 AM,-10.69
10441,4/23/2023 11:10:00 AM,-10.75
10441,4/23/2023 11:10:00 AM,-10.69
10441,4/23/2023 11:10:00 AM,-10.87
10441,4/23/2023 11:10:00 AM,-10.75
10441,4/23/2023 11:10:00 AM,-10.81
10441,4/23/2023 11:10:00 AM,-10.75
10441,4/23/2023 11:10:00 AM,-10.81
10441,4/23/2023 11:10:00 AM,-10.75
10441,4/23/2023 11:10:00 AM,-10.34
10441,4/23/2023 11:10:00 AM,-10.69
10441,4/23/2023 11:11:00 AM,-10.69
10441,4/23/2023 11:11:00 AM,-10.57
10441,4/23/2023 11:11:00 AM,-10.63
10441,4/23/2023 11:11:00 AM,-10.99
10441,4/23/2023 11:11:00 AM,-10.69
10441,4/23/2023 11:11:00 AM,-10.63
10441,4/23/2023 11:11:00 AM,-10.69
10441,4/23/2023 11:11:00 AM,-10.63
10441,4/23/2023 11:11:00 AM,-10.57
10441,4/23/2023 11:11:00 AM,-10.34
10441,4/23/2023 11:11:00 AM,-10.69
10441,4/23/2023 11:11:00 AM,-10.75
10441,4/23/2023 11:11:00 AM,-10.63
10441,4/23/2023 11:12:00 AM,-10.69
10441,4/23/2023 11:12:00 AM,-10.81
10441,4/23/2023 11:12:00 AM,-10.75
10441,4/23/2023 11:12:00 AM,-10.81
10441,4/23/2023 11:12:00 AM,-10.93
10441,4/23/2023 11:12:00 AM,-10.87
10441,4/23/2023 11:12:00 AM,-10.81
10441,4/23/2023 11:13:00 AM,-10.75
10441,4/23/2023 11:13:00 AM,-10.69
10441,4/23/2023 11:13:00 AM,-11.35
10441,4/23/2023 11:13:00 AM,-10.57
10441,4/23/2023 11:13:00 AM,-10.75
10441,4/23/2023 11:13:00 AM,-10.69
10441,4/23/2023 11:13:00 AM,-10.81
10441,4/23/2023 11:13:00 AM,-10.75
10441,4/23/2023 11:13:00 AM,-10.81
10441,4/23/2023 11:14:00 AM,-10.75
10441,4/23/2023 11:14:00 AM,-10.69
10441,4/23/2023 11:14:00 AM,-10.75
10441,4/23/2023 11:14:00 AM,-10.69
10441,4/23/2023 11:14:00 AM,-11.05
10441,4/23/2023 11:14:00 AM,-10.69
10441,4/23/2023 11:14:00 AM,-10.81
10441,4/23/2023 11:14:00 AM,-10.75
10441,4/23/2023 11:14:00 AM,-10.87
10441,4/23/2023 11:14:00 AM,-11.17
10441,4/23/2023 11:14:00 AM,-10.69
10441,4/23/2023 11:15:00 AM,-10.75
10441,4/23/2023 11:15:00 AM,-10.69
10441,4/23/2023 11:15:00 AM,-10.63
10441,4/23/2023 11:15:00 AM,-10.81
10441,4/23/2023 11:15:00 AM,-10.75
10441,4/23/2023 11:15:00 AM,-10.57
10441,4/23/2023 11:15:00 AM,-10.69
10441,4/23/2023 11:15:00 AM,-10.63
10441,4/23/2023 11:15:00 AM,-10.57
10441,4/23/2023 11:15:00 AM,-10.63
10441,4/23/2023 11:15:00 AM,-10.75
10441,4/23/2023 11:16:00 AM,-10.87
10441,4/23/2023 11:16:00 AM,-11.05
10441,4/23/2023 11:16:00 AM,-10.51
10441,4/23/2023 11:16:00 AM,-10.28
10441,4/23/2023 11:16:00 AM,-10.63
10441,4/23/2023 11:16:00 AM,-10.69
10441,4/23/2023 11:16:00 AM,-10.63
10441,4/23/2023 11:16:00 AM,-10.69
10441,4/23/2023 11:16:00 AM,-10.63
10441,4/23/2023 11:16:00 AM,-10.69
10441,4/23/2023 11:17:00 AM,-10.45
10441,4/23/2023 11:17:00 AM,-10.57
10441,4/23/2023 11:17:00 AM,-10.63
10441,4/23/2023 11:17:00 AM,-10.57
10441,4/23/2023 11:17:00 AM,-10.75
10441,4/23/2023 11:17:00 AM,-10.69
10441,4/23/2023 11:17:00 AM,-10.69
10441,4/23/2023 11:17:00 AM,-10.75
10441,4/23/2023 11:17:00 AM,-10.51
10441,4/23/2023 11:17:00 AM,-10.69
10441,4/23/2023 11:17:00 AM,-10.63
10441,4/23/2023 11:17:00 AM,-10.57
10441,4/23/2023 11:17:00 AM,-10.75
10441,4/23/2023 11:18:00 AM,-10.69
10441,4/23/2023 11:18:00 AM,-10.63
10441,4/23/2023 11:18:00 AM,-10.75
10441,4/23/2023 11:18:00 AM,-10.69
10441,4/23/2023 11:18:00 AM,-10.57
10441,4/23/2023 11:18:00 AM,-10.63
10441,4/23/2023 11:18:00 AM,-10.63
10441,4/23/2023 11:18:00 AM,-10.69
10441,4/23/2023 11:18:00 AM,-10.69
10441,4/23/2023 11:18:00 AM,-10.81
10441,4/23/2023 11:18:00 AM,-10.45
10441,4/23/2023 11:18:00 AM,-10.81
10441,4/23/2023 11:18:00 AM,-10.45
10441,4/23/2023 11:18:00 AM,-10.81
10441,4/23/2023 11:19:00 AM,-10.93
10441,4/23/2023 11:19:00 AM,-10.87
10441,4/23/2023 11:19:00 AM,-10.81
10441,4/23/2023 11:19:00 AM,-10.75
10441,4/23/2023 11:20:00 AM,-10.57
10441,4/23/2023 11:20:00 AM,-10.75
10441,4/23/2023 11:20:00 AM,-11.05
10441,4/23/2023 11:20:00 AM,-10.93
10441,4/23/2023 11:20:00 AM,-10.51
10441,4/23/2023 11:20:00 AM,-10.75
10441,4/23/2023 11:20:00 AM,-10.69
10441,4/23/2023 11:20:00 AM,-10.75
10441,4/23/2023 11:21:00 AM,-10.81
10441,4/23/2023 11:21:00 AM,-10.69
10441,4/23/2023 11:21:00 AM,-10.81
10441,4/23/2023 11:21:00 AM,-10.87
10441,4/23/2023 11:21:00 AM,-10.57
10441,4/23/2023 11:21:00 AM,-11.05
10441,4/23/2023 11:21:00 AM,-10.81
10441,4/23/2023 11:21:00 AM,-10.75
10441,4/23/2023 11:21:00 AM,-10.75
10441,4/23/2023 11:21:00 AM,-10.51
10441,4/23/2023 11:21:00 AM,-10.81
10441,4/23/2023 11:21:00 AM,-10.69
10441,4/23/2023 11:21:00 AM,-10.81
10441,4/23/2023 11:21:00 AM,-10.75
10441,4/23/2023 11:22:00 AM,-10.87
10441,4/23/2023 11:22:00 AM,-10.81
10441,4/23/2023 11:22:00 AM,-10.87
10441,4/23/2023 11:22:00 AM,-10.69
10441,4/23/2023 11:22:00 AM,-10.63
10441,4/23/2023 11:22:00 AM,-10.75
10441,4/23/2023 11:22:00 AM,-10.69
10441,4/23/2023 11:22:00 AM,-10.81
10441,4/23/2023 11:22:00 AM,-10.69
10441,4/23/2023 11:22:00 AM,-10.75
10441,4/23/2023 11:23:00 AM,-10.75
10441,4/23/2023 11:23:00 AM,-10.81
10441,4/23/2023 11:23:00 AM,-10.93
10441,4/23/2023 11:23:00 AM,-10.57
10441,4/23/2023 11:23:00 AM,-10.69
10441,4/23/2023 11:23:00 AM,-10.75
10441,4/23/2023 11:23:00 AM,-10.87
10441,4/23/2023 11:23:00 AM,-10.81
10441,4/23/2023 11:23:00 AM,-10.69
10441,4/23/2023 11:23:00 AM,-10.75
10441,4/23/2023 11:23:00 AM,-10.93
10441,4/23/2023 11:23:00 AM,-10.87
10441,4/23/2023 11:24:00 AM,-10.81
10441,4/23/2023 11:24:00 AM,-10.69
10441,4/23/2023 11:24:00 AM,-10.93
10441,4/23/2023 11:24:00 AM,-10.87
10441,4/23/2023 11:24:00 AM,-10.81
10441,4/23/2023 11:24:00 AM,-10.69
10441,4/23/2023 11:24:00 AM,-10.87
10441,4/23/2023 11:24:00 AM,-10.75
10441,4/23/2023 11:24:00 AM,-10.81
10441,4/23/2023 11:24:00 AM,-10.93
10441,4/23/2023 11:25:00 AM,-10.81
10441,4/23/2023 11:25:00 AM,-10.99
10441,4/23/2023 11:25:00 AM,-10.63
10441,4/23/2023 11:25:00 AM,-11.11
10441,4/23/2023 11:25:00 AM,-10.75
10441,4/23/2023 11:25:00 AM,-10.99
10441,4/23/2023 11:25:00 AM,-10.93
10441,4/23/2023 11:25:00 AM,-10.87
10441,4/23/2023 11:25:00 AM,-10.93
10441,4/23/2023 11:25:00 AM,-10.87
10441,4/23/2023 11:25:00 AM,-10.81
10441,4/23/2023 11:25:00 AM,-10.69
10441,4/23/2023 11:25:00 AM,-10.87
10441,4/23/2023 11:25:00 AM,-10.93
10441,4/23/2023 11:25:00 AM,-10.87
10441,4/23/2023 11:26:00 AM,-10.87
10441,4/23/2023 11:26:00 AM,-10.93
10441,4/23/2023 11:26:00 AM,-10.87
10441,4/23/2023 11:26:00 AM,-10.75
10441,4/23/2023 11:26:00 AM,-10.63
10441,4/23/2023 11:26:00 AM,-10.93
10441,4/23/2023 11:26:00 AM,-11.05
10441,4/23/2023 11:27:00 AM,-10.81
10441,4/23/2023 11:27:00 AM,-10.75
10441,4/23/2023 11:27:00 AM,-10.69
10441,4/23/2023 11:27:00 AM,-10.93
10441,4/23/2023 11:27:00 AM,-10.75
10441,4/23/2023 11:27:00 AM,-10.81
10441,4/23/2023 11:27:00 AM,-11.29
10441,4/23/2023 11:27:00 AM,-10.45
10441,4/23/2023 11:27:00 AM,-10.69
10441,4/23/2023 11:27:00 AM,-10.81
10441,4/23/2023 11:27:00 AM,-10.69
10441,4/23/2023 11:27:00 AM,-10.75
10441,4/23/2023 11:28:00 AM,-10.69
10441,4/23/2023 11:28:00 AM,-10.63
10441,4/23/2023 11:28:00 AM,-10.69
10441,4/23/2023 11:28:00 AM,-10.75
10441,4/23/2023 11:28:00 AM,-10.81
10441,4/23/2023 11:28:00 AM,-10.99
10441,4/23/2023 11:28:00 AM,-10.51
10441,4/23/2023 11:28:00 AM,-10.75
10441,4/23/2023 11:28:00 AM,-10.81
10441,4/23/2023 11:28:00 AM,-10.40
10441,4/23/2023 11:28:00 AM,-10.63
10441,4/23/2023 11:28:00 AM,-10.51
10441,4/23/2023 11:28:00 AM,-10.69
10441,4/23/2023 11:28:00 AM,-10.75
10441,4/23/2023 11:29:00 AM,-10.63
10441,4/23/2023 11:29:00 AM,-10.51
10441,4/23/2023 11:29:00 AM,-10.45
10441,4/23/2023 11:29:00 AM,-10.63
10441,4/23/2023 11:29:00 AM,-10.69
10441,4/23/2023 11:29:00 AM,-10.57
10441,4/23/2023 11:29:00 AM,-10.63
10441,4/23/2023 11:29:00 AM,-10.87
10441,4/23/2023 11:29:00 AM,-10.63
10441,4/23/2023 11:29:00 AM,-10.75
10441,4/23/2023 11:29:00 AM,-10.69
10441,4/23/2023 11:29:00 AM,-11.11
10441,4/23/2023 11:29:00 AM,-10.75
10441,4/23/2023 11:29:00 AM,-10.69
10441,4/23/2023 11:30:00 AM,-10.69
10441,4/23/2023 11:30:00 AM,-10.45
10441,4/23/2023 11:30:00 AM,-10.69
10441,4/23/2023 11:30:00 AM,-10.75
10441,4/23/2023 11:30:00 AM,-10.69
10441,4/23/2023 11:30:00 AM,-10.81
10441,4/23/2023 11:30:00 AM,-10.40
10441,4/23/2023 11:30:00 AM,-10.63
10441,4/23/2023 11:30:00 AM,-10.75
10441,4/23/2023 11:31:00 AM,-10.57
10441,4/23/2023 11:31:00 AM,-10.69
10441,4/23/2023 11:31:00 AM,-10.63
10441,4/23/2023 11:31:00 AM,-10.69
10441,4/23/2023 11:31:00 AM,-10.87
10441,4/23/2023 11:31:00 AM,-10.69
10441,4/23/2023 11:31:00 AM,-10.87
10441,4/23/2023 11:31:00 AM,-10.75
10441,4/23/2023 11:32:00 AM,-10.81
10441,4/23/2023 11:32:00 AM,-10.63
10441,4/23/2023 11:32:00 AM,-10.51
10441,4/23/2023 11:32:00 AM,-11.11
10441,4/23/2023 11:32:00 AM,-10.81
10441,4/23/2023 11:32:00 AM,-10.69
10441,4/23/2023 11:32:00 AM,-10.57
10441,4/23/2023 11:32:00 AM,-10.69
10441,4/23/2023 11:32:00 AM,-10.81
10441,4/23/2023 11:32:00 AM,-10.69
10441,4/23/2023 11:33:00 AM,-10.81
10441,4/23/2023 11:33:00 AM,-10.75
10441,4/23/2023 11:33:00 AM,-10.63
10441,4/23/2023 11:33:00 AM,-10.87
10441,4/23/2023 11:33:00 AM,-10.81
10441,4/23/2023 11:33:00 AM,-10.69
10441,4/23/2023 11:33:00 AM,-10.99
10441,4/23/2023 11:33:00 AM,-10.81
10441,4/23/2023 11:33:00 AM,-10.75
10441,4/23/2023 11:33:00 AM,-11.11
10441,4/23/2023 11:33:00 AM,-10.69
10441,4/23/2023 11:34:00 AM,-10.87
10441,4/23/2023 11:34:00 AM,-10.69
10441,4/23/2023 11:34:00 AM,-10.81
10441,4/23/2023 11:34:00 AM,-10.87
10441,4/23/2023 11:34:00 AM,-10.69
10441,4/23/2023 11:34:00 AM,-10.75
10441,4/23/2023 11:34:00 AM,-10.93
10441,4/23/2023 11:34:00 AM,-10.69
10441,4/23/2023 11:34:00 AM,-10.75
10441,4/23/2023 11:34:00 AM,-10.81
10441,4/23/2023 11:34:00 AM,-11.23
10441,4/23/2023 11:34:00 AM,-10.69
10441,4/23/2023 11:34:00 AM,-11.05
10441,4/23/2023 11:34:00 AM,-10.87
10441,4/23/2023 11:34:00 AM,-10.81
10441,4/23/2023 11:35:00 AM,-10.93
10441,4/23/2023 11:35:00 AM,-10.57
10441,4/23/2023 11:35:00 AM,-10.63
10441,4/23/2023 11:35:00 AM,-10.75
10441,4/23/2023 11:36:00 AM,-10.69
10441,4/23/2023 11:36:00 AM,-10.93
10441,4/23/2023 11:36:00 AM,-10.51
10441,4/23/2023 11:36:00 AM,-10.81
10441,4/23/2023 11:36:00 AM,-10.69
10441,4/23/2023 11:36:00 AM,-10.75
10441,4/23/2023 11:36:00 AM,-10.81
10441,4/23/2023 11:37:00 AM,-10.75
10441,4/23/2023 11:37:00 AM,-10.81
10441,4/23/2023 11:37:00 AM,-10.87
10441,4/23/2023 11:37:00 AM,-10.93
10441,4/23/2023 11:37:00 AM,-10.87
10441,4/23/2023 11:37:00 AM,-10.57
10441,4/23/2023 11:38:00 AM,-10.81
10441,4/23/2023 11:38:00 AM,-10.93
10441,4/23/2023 11:38:00 AM,-11.11
10441,4/23/2023 11:38:00 AM,-10.99
10441,4/23/2023 11:38:00 AM,-10.93
10441,4/23/2023 11:38:00 AM,-10.87
10441,4/23/2023 11:38:00 AM,-10.99
10441,4/23/2023 11:38:00 AM,-10.93
10441,4/23/2023 11:38:00 AM,-11.05
10441,4/23/2023 11:38:00 AM,-10.93
10441,4/23/2023 11:38:00 AM,-11.17
10441,4/23/2023 11:38:00 AM,-11.47
10441,4/23/2023 11:38:00 AM,-10.93
10441,4/23/2023 11:39:00 AM,-10.93
10441,4/23/2023 11:39:00 AM,-10.99
10441,4/23/2023 11:39:00 AM,-11.05
10441,4/23/2023 11:39:00 AM,-10.87
10441,4/23/2023 11:39:00 AM,-11.05
10441,4/23/2023 11:39:00 AM,-10.93
10441,4/23/2023 11:39:00 AM,-10.99
10441,4/23/2023 11:39:00 AM,-10.93
10441,4/23/2023 11:39:00 AM,-11.17
10441,4/23/2023 11:40:00 AM,-10.99
10441,4/23/2023 11:40:00 AM,-11.11
10441,4/23/2023 11:40:00 AM,-11.17
10441,4/23/2023 11:40:00 AM,-11.05
10441,4/23/2023 11:40:00 AM,-10.99
10441,4/23/2023 11:40:00 AM,-11.05
10441,4/23/2023 11:40:00 AM,-11.17
10441,4/23/2023 11:40:00 AM,-11.05
10441,4/23/2023 11:40:00 AM,-11.11
10441,4/23/2023 11:41:00 AM,-10.93
10441,4/23/2023 11:41:00 AM,-11.11
10441,4/23/2023 11:41:00 AM,-10.99
10441,4/23/2023 11:41:00 AM,-10.93
10441,4/23/2023 11:41:00 AM,-10.99
10441,4/23/2023 11:41:00 AM,-10.93
10441,4/23/2023 11:41:00 AM,-11.05
10441,4/23/2023 11:41:00 AM,-10.93
10441,4/23/2023 11:41:00 AM,-10.99
10441,4/23/2023 11:41:00 AM,-10.87
10441,4/23/2023 11:42:00 AM,-11.05
10441,4/23/2023 11:42:00 AM,-10.93
10441,4/23/2023 11:42:00 AM,-11.17
10441,4/23/2023 11:42:00 AM,-11.11
10441,4/23/2023 11:42:00 AM,-11.17
10441,4/23/2023 11:42:00 AM,-11.11
10441,4/23/2023 11:42:00 AM,-11.05
10441,4/23/2023 11:42:00 AM,-10.99
10441,4/23/2023 11:42:00 AM,-10.93
10441,4/23/2023 11:42:00 AM,-11.05
10441,4/23/2023 11:43:00 AM,-11.17
10441,4/23/2023 11:43:00 AM,-11.05
10441,4/23/2023 11:43:00 AM,-10.99
10441,4/23/2023 11:43:00 AM,-10.93
10441,4/23/2023 11:43:00 AM,-10.87
10441,4/23/2023 11:43:00 AM,-10.93
10441,4/23/2023 11:43:00 AM,-11.29
10441,4/23/2023 11:43:00 AM,-11.05
10441,4/23/2023 11:43:00 AM,-10.99
10441,4/23/2023 11:44:00 AM,-11.05
10441,4/23/2023 11:44:00 AM,-11.05
10441,4/23/2023 11:44:00 AM,-10.99
10441,4/23/2023 11:44:00 AM,-10.93
10441,4/23/2023 11:44:00 AM,-10.99
10441,4/23/2023 11:44:00 AM,-10.57
10441,4/23/2023 11:44:00 AM,-10.99
10441,4/23/2023 11:44:00 AM,-10.87
10441,4/23/2023 11:44:00 AM,-11.05
10441,4/23/2023 11:44:00 AM,-10.99
10441,4/23/2023 11:44:00 AM,-10.93
10441,4/23/2023 11:44:00 AM,-10.99
10441,4/23/2023 11:45:00 AM,-11.05
10441,4/23/2023 11:45:00 AM,-11.11
10441,4/23/2023 11:45:00 AM,-11.41
10441,4/23/2023 11:45:00 AM,-11.05
10441,4/23/2023 11:45:00 AM,-10.93
10441,4/23/2023 11:45:00 AM,-11.11
10441,4/23/2023 11:45:00 AM,-11.05
10441,4/23/2023 11:45:00 AM,-10.99
10441,4/23/2023 11:45:00 AM,-10.87
10441,4/23/2023 11:45:00 AM,-10.99
10441,4/23/2023 11:46:00 AM,-11.05
10441,4/23/2023 11:46:00 AM,-10.93
10441,4/23/2023 11:46:00 AM,-11.05
10441,4/23/2023 11:46:00 AM,-10.99
10441,4/23/2023 11:46:00 AM,-10.93
10441,4/23/2023 11:46:00 AM,-11.11
10441,4/23/2023 11:46:00 AM,-11.05
10441,4/23/2023 11:46:00 AM,-10.87
10441,4/23/2023 11:46:00 AM,-11.17
10441,4/23/2023 11:46:00 AM,-11.23
10441,4/23/2023 11:46:00 AM,-11.11
10441,4/23/2023 11:47:00 AM,-11.11
10441,4/23/2023 11:47:00 AM,-10.93
10441,4/23/2023 11:47:00 AM,-10.75
10441,4/23/2023 11:48:00 AM,-10.93
10441,4/23/2023 11:48:00 AM,-10.99
10441,4/23/2023 11:48:00 AM,-11.05
10441,4/23/2023 11:48:00 AM,-11.11
10441,4/23/2023 11:48:00 AM,-10.99
10441,4/23/2023 11:48:00 AM,-11.11
10441,4/23/2023 11:48:00 AM,-10.99
10441,4/23/2023 11:48:00 AM,-10.93
10441,4/23/2023 11:48:00 AM,-10.99
10441,4/23/2023 11:48:00 AM,-10.87
10441,4/23/2023 11:48:00 AM,-10.93
10441,4/23/2023 11:49:00 AM,-10.99
10441,4/23/2023 11:49:00 AM,-11.05
10441,4/23/2023 11:49:00 AM,-11.11
10441,4/23/2023 11:49:00 AM,-11.17
10441,4/23/2023 11:49:00 AM,-10.99
10441,4/23/2023 11:49:00 AM,-10.93
10441,4/23/2023 11:49:00 AM,-10.87
10441,4/23/2023 11:49:00 AM,-10.99
10441,4/23/2023 11:49:00 AM,-11.17
10441,4/23/2023 11:49:00 AM,-11.23
10441,4/23/2023 11:50:00 AM,-11.11
10441,4/23/2023 11:50:00 AM,-10.99
10441,4/23/2023 11:50:00 AM,-10.93
10441,4/23/2023 11:50:00 AM,-10.99
10441,4/23/2023 11:50:00 AM,-11.23
10441,4/23/2023 11:50:00 AM,-11.17
10441,4/23/2023 11:50:00 AM,-11.05
10441,4/23/2023 11:50:00 AM,-10.99
10441,4/23/2023 11:50:00 AM,-11.05
10441,4/23/2023 11:50:00 AM,-10.75
10441,4/23/2023 11:50:00 AM,-11.17
10441,4/23/2023 11:51:00 AM,-10.93
10441,4/23/2023 11:51:00 AM,-11.05
10441,4/23/2023 11:51:00 AM,-10.99
10441,4/23/2023 11:51:00 AM,-11.05
10441,4/23/2023 11:51:00 AM,-10.99
10441,4/23/2023 11:51:00 AM,-11.35
10441,4/23/2023 11:51:00 AM,-11.05
10441,4/23/2023 11:51:00 AM,-10.99
10441,4/23/2023 11:51:00 AM,-10.93
10441,4/23/2023 11:51:00 AM,-11.05
10441,4/23/2023 11:51:00 AM,-11.11
10441,4/23/2023 11:52:00 AM,-10.99
10441,4/23/2023 11:52:00 AM,-11.05
10441,4/23/2023 11:52:00 AM,-10.99
10441,4/23/2023 11:52:00 AM,-11.11
10441,4/23/2023 11:52:00 AM,-10.99
10441,4/23/2023 11:52:00 AM,-11.05
10441,4/23/2023 11:52:00 AM,-10.99
10441,4/23/2023 11:52:00 AM,-10.93
10441,4/23/2023 11:52:00 AM,-11.05
10441,4/23/2023 11:53:00 AM,-11.05
10441,4/23/2023 11:53:00 AM,-10.93
10441,4/23/2023 11:53:00 AM,-10.99
10441,4/23/2023 11:53:00 AM,-11.05
10441,4/23/2023 11:53:00 AM,-10.99
10441,4/23/2023 11:53:00 AM,-11.05
10441,4/23/2023 11:53:00 AM,-10.69
10441,4/23/2023 11:53:00 AM,-10.99
10441,4/23/2023 11:53:00 AM,-11.05
10441,4/23/2023 11:53:00 AM,-10.99
10441,4/23/2023 11:54:00 AM,-11.11
10441,4/23/2023 11:54:00 AM,-10.99
10441,4/23/2023 11:54:00 AM,-10.87
10441,4/23/2023 11:54:00 AM,-10.93
10441,4/23/2023 11:54:00 AM,-11.05
10441,4/23/2023 11:54:00 AM,-10.99
10441,4/23/2023 11:54:00 AM,-10.93
10441,4/23/2023 11:54:00 AM,-10.81
10441,4/23/2023 11:54:00 AM,-10.93
10441,4/23/2023 11:54:00 AM,-10.99
10441,4/23/2023 11:54:00 AM,-11.41
10441,4/23/2023 11:54:00 AM,-11.47
10441,4/23/2023 11:55:00 AM,-10.87
10441,4/23/2023 11:55:00 AM,-10.93
10441,4/23/2023 11:55:00 AM,-11.11
10441,4/23/2023 11:55:00 AM,-10.63
10441,4/23/2023 11:55:00 AM,-11.17
10441,4/23/2023 11:55:00 AM,-11.41
10441,4/23/2023 11:55:00 AM,-11.17
10441,4/23/2023 11:55:00 AM,-11.05
10441,4/23/2023 11:55:00 AM,-11.11
10441,4/23/2023 11:55:00 AM,-10.99
10441,4/23/2023 11:55:00 AM,-11.05
10441,4/23/2023 11:56:00 AM,-11.05
10441,4/23/2023 11:56:00 AM,-11.41
10441,4/23/2023 11:56:00 AM,-11.11
10441,4/23/2023 11:56:00 AM,-10.81
10441,4/23/2023 11:56:00 AM,-11.05
10441,4/23/2023 11:56:00 AM,-10.99
10441,4/23/2023 11:56:00 AM,-11.05
10441,4/23/2023 11:56:00 AM,-11.47
10441,4/23/2023 11:56:00 AM,-10.99
10441,4/23/2023 11:56:00 AM,-10.93
10441,4/23/2023 11:56:00 AM,-11.11
10441,4/23/2023 11:57:00 AM,-11.17
10441,4/23/2023 11:57:00 AM,-11.11
10441,4/23/2023 11:57:00 AM,-10.93
10441,4/23/2023 11:58:00 AM,-10.99
10441,4/23/2023 11:58:00 AM,-11.23
10441,4/23/2023 11:58:00 AM,-11.11
10441,4/23/2023 11:58:00 AM,-11.17
10441,4/23/2023 11:58:00 AM,-11.11
10441,4/23/2023 11:58:00 AM,-11.05
10441,4/23/2023 11:59:00 AM,-10.93
10441,4/23/2023 11:59:00 AM,-10.99
10441,4/23/2023 11:59:00 AM,-11.17
10441,4/23/2023 11:59:00 AM,-10.99
10441,4/23/2023 11:59:00 AM,-11.05
10441,4/23/2023 11:59:00 AM,-10.99
10441,4/23/2023 12:00:00 PM,-10.87
10441,4/23/2023 12:00:00 PM,-11.17
10441,4/23/2023 12:00:00 PM,-11.05
10441,4/23/2023 12:00:00 PM,-10.99
10441,4/23/2023 12:00:00 PM,-11.11
10441,4/23/2023 12:00:00 PM,-11.23
10441,4/23/2023 12:00:00 PM,-11.11
10441,4/23/2023 12:00:00 PM,-11.05
10441,4/23/2023 12:01:00 PM,-11.23
10441,4/23/2023 12:01:00 PM,-11.29
10441,4/23/2023 12:01:00 PM,-10.93
10441,4/23/2023 12:01:00 PM,-11.11
10441,4/23/2023 12:01:00 PM,-11.17
10441,4/23/2023 12:01:00 PM,-11.29
10441,4/23/2023 12:01:00 PM,-10.81
10441,4/23/2023 12:01:00 PM,-11.23
10441,4/23/2023 12:01:00 PM,-11.35
10441,4/23/2023 12:01:00 PM,-11.41
10441,4/23/2023 12:01:00 PM,-11.11
10441,4/23/2023 12:02:00 PM,-11.17
10441,4/23/2023 12:02:00 PM,-11.11
10441,4/23/2023 12:02:00 PM,-11.17
10441,4/23/2023 12:02:00 PM,-11.11
10441,4/23/2023 12:02:00 PM,-11.29
10441,4/23/2023 12:02:00 PM,-11.35
10441,4/23/2023 12:02:00 PM,-11.05
10441,4/23/2023 12:02:00 PM,-11.11
10441,4/23/2023 12:02:00 PM,-11.05
10441,4/23/2023 12:02:00 PM,-11.11
10441,4/23/2023 12:03:00 PM,-11.17
10441,4/23/2023 12:03:00 PM,-11.11
10441,4/23/2023 12:03:00 PM,-11.05
10441,4/23/2023 12:03:00 PM,-11.11
10441,4/23/2023 12:03:00 PM,-11.17
10441,4/23/2023 12:03:00 PM,-11.11
10441,4/23/2023 12:03:00 PM,-11.35
10441,4/23/2023 12:03:00 PM,-11.41
10441,4/23/2023 12:03:00 PM,-11.29
10441,4/23/2023 12:03:00 PM,-11.17
10441,4/23/2023 12:04:00 PM,-11.11
10441,4/23/2023 12:04:00 PM,-11.05
10441,4/23/2023 12:04:00 PM,-10.99
10441,4/23/2023 12:04:00 PM,-10.93
10441,4/23/2023 12:04:00 PM,-10.87
10441,4/23/2023 12:04:00 PM,-10.81
10441,4/23/2023 12:05:00 PM,-10.87
10441,4/23/2023 12:05:00 PM,-10.81
10441,4/23/2023 12:05:00 PM,-10.93
10441,4/23/2023 12:05:00 PM,-10.87
10441,4/23/2023 12:05:00 PM,-11.05
10441,4/23/2023 12:05:00 PM,-11.17
10441,4/23/2023 12:05:00 PM,-11.05
10441,4/23/2023 12:05:00 PM,-11.11
10441,4/23/2023 12:06:00 PM,-11.05
10441,4/23/2023 12:06:00 PM,-10.87
10441,4/23/2023 12:06:00 PM,-10.93
10441,4/23/2023 12:06:00 PM,-11.29
10441,4/23/2023 12:06:00 PM,-10.99
10441,4/23/2023 12:06:00 PM,-11.23
10441,4/23/2023 12:06:00 PM,-10.93
10441,4/23/2023 12:06:00 PM,-11.41
10441,4/23/2023 12:06:00 PM,-11.29
10441,4/23/2023 12:06:00 PM,-11.11
10441,4/23/2023 12:06:00 PM,-10.99
10441,4/23/2023 12:06:00 PM,-11.05
10441,4/23/2023 12:06:00 PM,-10.99
10441,4/23/2023 12:06:00 PM,-11.23
10441,4/23/2023 12:06:00 PM,-10.99
10441,4/23/2023 12:07:00 PM,-11.23
10441,4/23/2023 12:07:00 PM,-11.29
10441,4/23/2023 12:07:00 PM,-11.23
10441,4/23/2023 12:07:00 PM,-11.29
10441,4/23/2023 12:07:00 PM,-11.65
10441,4/23/2023 12:07:00 PM,-11.35
10441,4/23/2023 12:07:00 PM,-11.29
10441,4/23/2023 12:08:00 PM,-11.41
10441,4/23/2023 12:08:00 PM,-11.23
10441,4/23/2023 12:08:00 PM,-10.99
10441,4/23/2023 12:08:00 PM,-11.23
10441,4/23/2023 12:08:00 PM,-11.17
10441,4/23/2023 12:08:00 PM,-11.05
10441,4/23/2023 12:08:00 PM,-11.17
10441,4/23/2023 12:08:00 PM,-10.99
10441,4/23/2023 12:08:00 PM,-11.11
10441,4/23/2023 12:08:00 PM,-11.17
10441,4/23/2023 12:08:00 PM,-11.23
10441,4/23/2023 12:09:00 PM,-10.81
10441,4/23/2023 12:09:00 PM,-10.93
10441,4/23/2023 12:09:00 PM,-10.99
10441,4/23/2023 12:09:00 PM,-10.87
10441,4/23/2023 12:09:00 PM,-11.05
10441,4/23/2023 12:09:00 PM,-10.99
10441,4/23/2023 12:09:00 PM,-10.93
10441,4/23/2023 12:09:00 PM,-11.05
10441,4/23/2023 12:09:00 PM,-10.99
10441,4/23/2023 12:09:00 PM,-11.23
10441,4/23/2023 12:09:00 PM,-11.05
10441,4/23/2023 12:09:00 PM,-10.99
10441,4/23/2023 12:10:00 PM,-11.17
10441,4/23/2023 12:10:00 PM,-11.11
10441,4/23/2023 12:10:00 PM,-11.35
10441,4/23/2023 12:10:00 PM,-11.11
10441,4/23/2023 12:10:00 PM,-11.17
10441,4/23/2023 12:10:00 PM,-11.11
10441,4/23/2023 12:10:00 PM,-11.05
10441,4/23/2023 12:10:00 PM,-11.17
10441,4/23/2023 12:10:00 PM,-11.23
10441,4/23/2023 12:10:00 PM,-11.35
10441,4/23/2023 12:11:00 PM,-11.29
10441,4/23/2023 12:11:00 PM,-11.11
10441,4/23/2023 12:11:00 PM,-11.23
10441,4/23/2023 12:11:00 PM,-11.35
10441,4/23/2023 12:11:00 PM,-11.23
10441,4/23/2023 12:11:00 PM,-10.81
10441,4/23/2023 12:11:00 PM,-11.23
10441,4/23/2023 12:11:00 PM,-11.17
10441,4/23/2023 12:11:00 PM,-11.29
10441,4/23/2023 12:11:00 PM,-11.23
10441,4/23/2023 12:11:00 PM,-11.17
10441,4/23/2023 12:12:00 PM,-11.29
10441,4/23/2023 12:12:00 PM,-11.17
10441,4/23/2023 12:12:00 PM,-11.29
10441,4/23/2023 12:12:00 PM,-11.17
10441,4/23/2023 12:12:00 PM,-11.23
10441,4/23/2023 12:12:00 PM,-11.17
10441,4/23/2023 12:12:00 PM,-11.53
10441,4/23/2023 12:12:00 PM,-11.23
10441,4/23/2023 12:12:00 PM,-11.17
10441,4/23/2023 12:12:00 PM,-11.05
10441,4/23/2023 12:12:00 PM,-11.17
10441,4/23/2023 12:13:00 PM,-10.93
10441,4/23/2023 12:13:00 PM,-11.05
10441,4/23/2023 12:13:00 PM,-11.11
10441,4/23/2023 12:13:00 PM,-11.17
10441,4/23/2023 12:13:00 PM,-11.23
10441,4/23/2023 12:13:00 PM,-11.11
10441,4/23/2023 12:13:00 PM,-11.05
10441,4/23/2023 12:13:00 PM,-11.11
10441,4/23/2023 12:13:00 PM,-11.05
10441,4/23/2023 12:13:00 PM,-10.99
10441,4/23/2023 12:13:00 PM,-11.05
10441,4/23/2023 12:13:00 PM,-10.99
10441,4/23/2023 12:14:00 PM,-11.05
10441,4/23/2023 12:14:00 PM,-11.11
10441,4/23/2023 12:14:00 PM,-10.87
10441,4/23/2023 12:14:00 PM,-10.81
10441,4/23/2023 12:14:00 PM,-10.99
10441,4/23/2023 12:14:00 PM,-10.87
10441,4/23/2023 12:14:00 PM,-10.93
10441,4/23/2023 12:14:00 PM,-10.99
10441,4/23/2023 12:14:00 PM,-11.65
10441,4/23/2023 12:14:00 PM,-11.05
10441,4/23/2023 12:14:00 PM,-10.93
10441,4/23/2023 12:14:00 PM,-10.99
10441,4/23/2023 12:14:00 PM,-11.05
10441,4/23/2023 12:15:00 PM,-10.99
10441,4/23/2023 12:15:00 PM,-10.93
10441,4/23/2023 12:15:00 PM,-10.87
10441,4/23/2023 12:15:00 PM,-11.29
10441,4/23/2023 12:15:00 PM,-10.93
10441,4/23/2023 12:15:00 PM,-11.11
10441,4/23/2023 12:15:00 PM,-11.05
10441,4/23/2023 12:15:00 PM,-10.93
10441,4/23/2023 12:15:00 PM,-10.99
10441,4/23/2023 12:15:00 PM,-11.11
10441,4/23/2023 12:16:00 PM,-10.93
10441,4/23/2023 12:16:00 PM,-10.99
10441,4/23/2023 12:16:00 PM,-11.11
10441,4/23/2023 12:16:00 PM,-10.93
10441,4/23/2023 12:16:00 PM,-11.05
10441,4/23/2023 12:16:00 PM,-10.99
10441,4/23/2023 12:16:00 PM,-10.87
10441,4/23/2023 12:16:00 PM,-10.99
10441,4/23/2023 12:16:00 PM,-10.93
10441,4/23/2023 12:16:00 PM,-11.17
10441,4/23/2023 12:17:00 PM,-11.05
10441,4/23/2023 12:17:00 PM,-10.87
10441,4/23/2023 12:17:00 PM,-10.99
10441,4/23/2023 12:17:00 PM,-11.05
10441,4/23/2023 12:17:00 PM,-10.99
10441,4/23/2023 12:17:00 PM,-11.05
10441,4/23/2023 12:17:00 PM,-11.23
10441,4/23/2023 12:17:00 PM,-11.05
10441,4/23/2023 12:17:00 PM,-10.99
10441,4/23/2023 12:17:00 PM,-11.29
10441,4/23/2023 12:18:00 PM,-11.17
10441,4/23/2023 12:18:00 PM,-10.99
10441,4/23/2023 12:18:00 PM,-11.05
10441,4/23/2023 12:18:00 PM,-11.35
10441,4/23/2023 12:18:00 PM,-11.05
10441,4/23/2023 12:18:00 PM,-11.17
10441,4/23/2023 12:18:00 PM,-11.23
10441,4/23/2023 12:18:00 PM,-10.81
10441,4/23/2023 12:18:00 PM,-11.05
10441,4/23/2023 12:18:00 PM,-11.11
10441,4/23/2023 12:18:00 PM,-11.23
10441,4/23/2023 12:19:00 PM,-11.05
10441,4/23/2023 12:19:00 PM,-11.11
10441,4/23/2023 12:19:00 PM,-11.29
10441,4/23/2023 12:19:00 PM,-11.23
10441,4/23/2023 12:20:00 PM,-11.17
10441,4/23/2023 12:20:00 PM,-11.17
10441,4/23/2023 12:20:00 PM,-11.47
10441,4/23/2023 12:20:00 PM,-11.17
10441,4/23/2023 12:20:00 PM,-11.47
10441,4/23/2023 12:20:00 PM,-11.17
10441,4/23/2023 12:20:00 PM,-11.23
10441,4/23/2023 12:21:00 PM,-11.23
10441,4/23/2023 12:21:00 PM,-11.29
10441,4/23/2023 12:22:00 PM,-11.35
10441,4/23/2023 12:22:00 PM,-11.23
10441,4/23/2023 12:22:00 PM,-11.11
10441,4/23/2023 12:22:00 PM,-11.23
10441,4/23/2023 12:22:00 PM,-11.05
10441,4/23/2023 12:22:00 PM,-11.29
10441,4/23/2023 12:22:00 PM,-11.41
10441,4/23/2023 12:22:00 PM,-11.11
10441,4/23/2023 12:22:00 PM,-11.35
10441,4/23/2023 12:23:00 PM,-11.41
10441,4/23/2023 12:23:00 PM,-11.29
10441,4/23/2023 12:23:00 PM,-11.77
10441,4/23/2023 12:23:00 PM,-11.65
10441,4/23/2023 12:23:00 PM,-11.59
10441,4/23/2023 12:23:00 PM,-11.77
10441,4/23/2023 12:23:00 PM,-11.47
10441,4/23/2023 12:23:00 PM,-11.59
10441,4/23/2023 12:23:00 PM,-11.47
10441,4/23/2023 12:23:00 PM,-11.53
10441,4/23/2023 12:23:00 PM,-11.35
10441,4/23/2023 12:23:00 PM,-11.59
10441,4/23/2023 12:23:00 PM,-11.53
10441,4/23/2023 12:24:00 PM,-11.65
10441,4/23/2023 12:24:00 PM,-11.59
10441,4/23/2023 12:24:00 PM,-11.71
10441,4/23/2023 12:24:00 PM,-11.65
10441,4/23/2023 12:24:00 PM,-11.59
10441,4/23/2023 12:24:00 PM,-11.65
10441,4/23/2023 12:24:00 PM,-11.47
10441,4/23/2023 12:25:00 PM,-11.53
10441,4/23/2023 12:25:00 PM,-11.65
10441,4/23/2023 12:25:00 PM,-11.53
10441,4/23/2023 12:25:00 PM,-11.59
10441,4/23/2023 12:25:00 PM,-11.53
10441,4/23/2023 12:25:00 PM,-11.65
10441,4/23/2023 12:25:00 PM,-11.47
10441,4/23/2023 12:25:00 PM,-11.53
10441,4/23/2023 12:25:00 PM,-11.47
10441,4/23/2023 12:25:00 PM,-11.71
10441,4/23/2023 12:25:00 PM,-11.65
10441,4/23/2023 12:25:00 PM,-11.11
10441,4/23/2023 12:26:00 PM,-11.53
10441,4/23/2023 12:26:00 PM,-12.07
10441,4/23/2023 12:26:00 PM,-11.71
10441,4/23/2023 12:26:00 PM,-11.47
10441,4/23/2023 12:26:00 PM,-11.59
10441,4/23/2023 12:26:00 PM,-11.53
10441,4/23/2023 12:26:00 PM,-11.59
10441,4/23/2023 12:26:00 PM,-11.47
10441,4/23/2023 12:26:00 PM,-11.59
10441,4/23/2023 12:26:00 PM,-11.53
10441,4/23/2023 12:26:00 PM,-11.65
10441,4/23/2023 12:27:00 PM,-11.47
10441,4/23/2023 12:27:00 PM,-11.59
10441,4/23/2023 12:27:00 PM,-11.71
10441,4/23/2023 12:27:00 PM,-11.17
10441,4/23/2023 12:27:00 PM,-11.59
10441,4/23/2023 12:27:00 PM,-11.53
10441,4/23/2023 12:27:00 PM,-11.59
10441,4/23/2023 12:27:00 PM,-11.59
10441,4/23/2023 12:27:00 PM,-11.53
10441,4/23/2023 12:28:00 PM,-11.53
10441,4/23/2023 12:28:00 PM,-11.47
10441,4/23/2023 12:28:00 PM,-11.65
10441,4/23/2023 12:28:00 PM,-11.59
10441,4/23/2023 12:28:00 PM,-11.47
10441,4/23/2023 12:28:00 PM,-11.41
10441,4/23/2023 12:28:00 PM,-11.53
10441,4/23/2023 12:28:00 PM,-11.59
10441,4/23/2023 12:28:00 PM,-11.41
10441,4/23/2023 12:28:00 PM,-11.53
10441,4/23/2023 12:28:00 PM,-11.47
10441,4/23/2023 12:29:00 PM,-11.53
10441,4/23/2023 12:29:00 PM,-11.41
10441,4/23/2023 12:29:00 PM,-10.75
10441,4/23/2023 12:29:00 PM,-11.89
10441,4/23/2023 12:29:00 PM,-11.65
10441,4/23/2023 12:29:00 PM,-11.59
10441,4/23/2023 12:29:00 PM,-11.65
10441,4/23/2023 12:29:00 PM,-11.59
10441,4/23/2023 12:30:00 PM,-11.59
10441,4/23/2023 12:30:00 PM,-11.53
10441,4/23/2023 12:30:00 PM,-11.47
10441,4/23/2023 12:30:00 PM,-11.53
10441,4/23/2023 12:30:00 PM,-11.59
10441,4/23/2023 12:30:00 PM,-11.89
10441,4/23/2023 12:30:00 PM,-11.41
10441,4/23/2023 12:30:00 PM,-11.47
10441,4/23/2023 12:30:00 PM,-11.77
10441,4/23/2023 12:30:00 PM,-11.71
10441,4/23/2023 12:30:00 PM,-11.59
10441,4/23/2023 12:30:00 PM,-11.53
10441,4/23/2023 12:31:00 PM,-11.35
10441,4/23/2023 12:31:00 PM,-11.53
10441,4/23/2023 12:31:00 PM,-11.47
10441,4/23/2023 12:31:00 PM,-11.41
10441,4/23/2023 12:31:00 PM,-11.65
10441,4/23/2023 12:31:00 PM,-11.29
10441,4/23/2023 12:31:00 PM,-11.47
10441,4/23/2023 12:31:00 PM,-11.41
10441,4/23/2023 12:31:00 PM,-11.35
10441,4/23/2023 12:32:00 PM,-11.41
10441,4/23/2023 12:32:00 PM,-11.29
10441,4/23/2023 12:32:00 PM,-11.17
10441,4/23/2023 12:32:00 PM,-11.53
10441,4/23/2023 12:32:00 PM,-11.35
10441,4/23/2023 12:32:00 PM,-11.41
10441,4/23/2023 12:32:00 PM,-11.35
10441,4/23/2023 12:32:00 PM,-11.29
10441,4/23/2023 12:32:00 PM,-11.23
10441,4/23/2023 12:33:00 PM,-11.11
10441,4/23/2023 12:33:00 PM,-11.17
10441,4/23/2023 12:33:00 PM,-11.35
10441,4/23/2023 12:33:00 PM,-11.29
10441,4/23/2023 12:33:00 PM,-11.35
10441,4/23/2023 12:33:00 PM,-11.29
10441,4/23/2023 12:33:00 PM,-11.23
10441,4/23/2023 12:33:00 PM,-11.65
10441,4/23/2023 12:34:00 PM,-11.17
10441,4/23/2023 12:34:00 PM,-11.35
10441,4/23/2023 12:34:00 PM,-11.23
10441,4/23/2023 12:34:00 PM,-11.17
10441,4/23/2023 12:34:00 PM,-11.29
10441,4/23/2023 12:34:00 PM,-11.05
10441,4/23/2023 12:34:00 PM,-11.29
10441,4/23/2023 12:34:00 PM,-11.35
10441,4/23/2023 12:34:00 PM,-11.41
10441,4/23/2023 12:34:00 PM,-11.23
10441,4/23/2023 12:35:00 PM,-11.41
10441,4/23/2023 12:35:00 PM,-11.53
10441,4/23/2023 12:35:00 PM,-11.59
10441,4/23/2023 12:35:00 PM,-11.47
10441,4/23/2023 12:35:00 PM,-11.41
10441,4/23/2023 12:35:00 PM,-10.87
10441,4/23/2023 12:35:00 PM,-11.05
10441,4/23/2023 12:35:00 PM,-10.93
10441,4/23/2023 12:35:00 PM,-11.23
10441,4/23/2023 12:35:00 PM,-11.29
10441,4/23/2023 12:35:00 PM,-11.35
10441,4/23/2023 12:36:00 PM,-11.35
10441,4/23/2023 12:36:00 PM,-11.41
10441,4/23/2023 12:36:00 PM,-11.23
10441,4/23/2023 12:36:00 PM,-11.41
10441,4/23/2023 12:36:00 PM,-11.53
10441,4/23/2023 12:36:00 PM,-11.47
10441,4/23/2023 12:36:00 PM,-11.41
10441,4/23/2023 12:36:00 PM,-11.47
10441,4/23/2023 12:36:00 PM,-11.41
10441,4/23/2023 12:37:00 PM,-11.35
10441,4/23/2023 12:37:00 PM,-11.23
10441,4/23/2023 12:37:00 PM,-10.87
10441,4/23/2023 12:37:00 PM,-11.59
10441,4/23/2023 12:37:00 PM,-11.53
10441,4/23/2023 12:37:00 PM,-11.35
10441,4/23/2023 12:37:00 PM,-11.41
10441,4/23/2023 12:37:00 PM,-11.35
10441,4/23/2023 12:37:00 PM,-11.29
10441,4/23/2023 12:37:00 PM,-11.35
10441,4/23/2023 12:37:00 PM,-11.41
10441,4/23/2023 12:37:00 PM,-11.29
10441,4/23/2023 12:38:00 PM,-11.35
10441,4/23/2023 12:38:00 PM,-11.29
10441,4/23/2023 12:38:00 PM,-11.41
10441,4/23/2023 12:38:00 PM,-11.29
10441,4/23/2023 12:38:00 PM,-11.71
10441,4/23/2023 12:38:00 PM,-11.47
10441,4/23/2023 12:38:00 PM,-11.35
10441,4/23/2023 12:38:00 PM,-11.29
10441,4/23/2023 12:38:00 PM,-11.23
10441,4/23/2023 12:38:00 PM,-11.17
10441,4/23/2023 12:39:00 PM,-11.41
10441,4/23/2023 12:39:00 PM,-11.53
10441,4/23/2023 12:39:00 PM,-11.23
10441,4/23/2023 12:39:00 PM,-11.29
10441,4/23/2023 12:39:00 PM,-11.23
10441,4/23/2023 12:39:00 PM,-10.93
10441,4/23/2023 12:39:00 PM,-11.23
10441,4/23/2023 12:39:00 PM,-11.35
10441,4/23/2023 12:39:00 PM,-11.05
10441,4/23/2023 12:40:00 PM,-10.99
10441,4/23/2023 12:40:00 PM,-11.23
10441,4/23/2023 12:40:00 PM,-11.11
10441,4/23/2023 12:40:00 PM,-11.17
10441,4/23/2023 12:40:00 PM,-11.29
10441,4/23/2023 12:40:00 PM,-11.17
10441,4/23/2023 12:40:00 PM,-11.05
10441,4/23/2023 12:40:00 PM,-11.41
10441,4/23/2023 12:40:00 PM,-11.23
10441,4/23/2023 12:40:00 PM,-11.29
10441,4/23/2023 12:40:00 PM,-11.23
10441,4/23/2023 12:40:00 PM,-11.17
10441,4/23/2023 12:41:00 PM,-11.29
10441,4/23/2023 12:41:00 PM,-11.17
10441,4/23/2023 12:41:00 PM,-10.75
10441,4/23/2023 12:41:00 PM,-11.11
10441,4/23/2023 12:41:00 PM,-11.17
10441,4/23/2023 12:41:00 PM,-11.41
10441,4/23/2023 12:41:00 PM,-11.23
10441,4/23/2023 12:41:00 PM,-11.29
10441,4/23/2023 12:41:00 PM,-11.23
10441,4/23/2023 12:42:00 PM,-11.11
10441,4/23/2023 12:42:00 PM,-11.05
10441,4/23/2023 12:42:00 PM,-11.11
10441,4/23/2023 12:42:00 PM,-11.23
10441,4/23/2023 12:42:00 PM,-11.35
10441,4/23/2023 12:42:00 PM,-11.65
10441,4/23/2023 12:42:00 PM,-11.29
10441,4/23/2023 12:42:00 PM,-11.23
10441,4/23/2023 12:42:00 PM,-11.65
10441,4/23/2023 12:42:00 PM,-11.41
10441,4/23/2023 12:42:00 PM,-11.59
10441,4/23/2023 12:43:00 PM,-11.35
10441,4/23/2023 12:43:00 PM,-11.29
10441,4/23/2023 12:43:00 PM,-11.53
10441,4/23/2023 12:43:00 PM,-11.47
10441,4/23/2023 12:43:00 PM,-11.41
10441,4/23/2023 12:43:00 PM,-11.47
10441,4/23/2023 12:43:00 PM,-11.41
10441,4/23/2023 12:43:00 PM,-11.47
10441,4/23/2023 12:43:00 PM,-11.41
10441,4/23/2023 12:43:00 PM,-11.35
10441,4/23/2023 12:43:00 PM,-11.29
10441,4/23/2023 12:44:00 PM,-11.53
10441,4/23/2023 12:44:00 PM,-11.41
10441,4/23/2023 12:44:00 PM,-11.35
10441,4/23/2023 12:44:00 PM,-11.23
10441,4/23/2023 12:44:00 PM,-11.41
10441,4/23/2023 12:44:00 PM,-11.53
10441,4/23/2023 12:44:00 PM,-11.35
10441,4/23/2023 12:44:00 PM,-11.29
10441,4/23/2023 12:44:00 PM,-11.41
10441,4/23/2023 12:45:00 PM,-11.53
10441,4/23/2023 12:45:00 PM,-11.47
10441,4/23/2023 12:45:00 PM,-11.53
10441,4/23/2023 12:45:00 PM,-11.23
10441,4/23/2023 12:45:00 PM,-11.65
10441,4/23/2023 12:45:00 PM,-11.29
10441,4/23/2023 12:45:00 PM,-11.65
10441,4/23/2023 12:45:00 PM,-11.53
10441,4/23/2023 12:45:00 PM,-11.47
10441,4/23/2023 12:46:00 PM,-11.41
10441,4/23/2023 12:46:00 PM,-11.47
10441,4/23/2023 12:46:00 PM,-11.41
10441,4/23/2023 12:46:00 PM,-11.35
10441,4/23/2023 12:46:00 PM,-11.47
10441,4/23/2023 12:47:00 PM,-11.41
10441,4/23/2023 12:47:00 PM,-11.35
10441,4/23/2023 12:47:00 PM,-11.29
10441,4/23/2023 12:47:00 PM,-11.35
10441,4/23/2023 12:47:00 PM,-11.47
10441,4/23/2023 12:47:00 PM,-11.35
10441,4/23/2023 12:47:00 PM,-11.59
10441,4/23/2023 12:48:00 PM,-10.93
10441,4/23/2023 12:48:00 PM,-10.99
10441,4/23/2023 12:48:00 PM,-11.71
10441,4/23/2023 12:48:00 PM,-11.53
10441,4/23/2023 12:48:00 PM,-11.47
10441,4/23/2023 12:48:00 PM,-11.53
10441,4/23/2023 12:48:00 PM,-11.41
10441,4/23/2023 12:48:00 PM,-11.47
10441,4/23/2023 12:48:00 PM,-11.53
10441,4/23/2023 12:49:00 PM,-11.65
10441,4/23/2023 12:49:00 PM,-11.59
10441,4/23/2023 12:49:00 PM,-11.53
10441,4/23/2023 12:49:00 PM,-11.59
10441,4/23/2023 12:49:00 PM,-11.65
10441,4/23/2023 12:49:00 PM,-11.47
10441,4/23/2023 12:49:00 PM,-11.59
10441,4/23/2023 12:49:00 PM,-11.89
10441,4/23/2023 12:49:00 PM,-11.47
10441,4/23/2023 12:49:00 PM,-11.65
10441,4/23/2023 12:49:00 PM,-11.47
10441,4/23/2023 12:50:00 PM,-11.41
10441,4/23/2023 12:50:00 PM,-11.65
10441,4/23/2023 12:50:00 PM,-11.35
10441,4/23/2023 12:50:00 PM,-11.47
10441,4/23/2023 12:50:00 PM,-11.41
10441,4/23/2023 12:50:00 PM,-11.47
10441,4/23/2023 12:50:00 PM,-11.53
10441,4/23/2023 12:50:00 PM,-11.59
10441,4/23/2023 12:50:00 PM,-11.47
10441,4/23/2023 12:50:00 PM,-11.59
10441,4/23/2023 12:51:00 PM,-11.71
10441,4/23/2023 12:51:00 PM,-11.65
10441,4/23/2023 12:51:00 PM,-11.59
10441,4/23/2023 12:51:00 PM,-11.71
10441,4/23/2023 12:51:00 PM,-11.59
10441,4/23/2023 12:51:00 PM,-11.71
10441,4/23/2023 12:51:00 PM,-11.65
10441,4/23/2023 12:52:00 PM,-11.41
10441,4/23/2023 12:52:00 PM,-11.89
10441,4/23/2023 12:52:00 PM,-11.59
10441,4/23/2023 12:52:00 PM,-11.53
10441,4/23/2023 12:52:00 PM,-11.71
10441,4/23/2023 12:52:00 PM,-11.65
10441,4/23/2023 12:52:00 PM,-11.29
10441,4/23/2023 12:52:00 PM,-11.65
10441,4/23/2023 12:52:00 PM,-11.53
10441,4/23/2023 12:52:00 PM,-11.35
10441,4/23/2023 12:52:00 PM,-11.59
10441,4/23/2023 12:52:00 PM,-11.65
10441,4/23/2023 12:52:00 PM,-11.71
10441,4/23/2023 12:53:00 PM,-11.47
10441,4/23/2023 12:53:00 PM,-11.59
10441,4/23/2023 12:53:00 PM,-11.53
10441,4/23/2023 12:53:00 PM,-11.47
10441,4/23/2023 12:53:00 PM,-11.53
10441,4/23/2023 12:53:00 PM,-11.71
10441,4/23/2023 12:53:00 PM,-11.59
10441,4/23/2023 12:53:00 PM,-11.53
10441,4/23/2023 12:54:00 PM,-11.53
10441,4/23/2023 12:54:00 PM,-11.59
10441,4/23/2023 12:54:00 PM,-11.71
10441,4/23/2023 12:54:00 PM,-11.53
10441,4/23/2023 12:54:00 PM,-11.47
10441,4/23/2023 12:54:00 PM,-11.71
10441,4/23/2023 12:55:00 PM,-11.77
10441,4/23/2023 12:55:00 PM,-11.77
10441,4/23/2023 12:55:00 PM,-11.59
10441,4/23/2023 12:55:00 PM,-11.65
10441,4/23/2023 12:55:00 PM,-11.59
10441,4/23/2023 12:55:00 PM,-11.65
10441,4/23/2023 12:55:00 PM,-11.77
10441,4/23/2023 12:55:00 PM,-11.71
10441,4/23/2023 12:55:00 PM,-11.95
10441,4/23/2023 12:55:00 PM,-11.53
10441,4/23/2023 12:55:00 PM,-11.65
10441,4/23/2023 12:55:00 PM,-11.89
10441,4/23/2023 12:55:00 PM,-11.65
10441,4/23/2023 12:56:00 PM,-11.53
10441,4/23/2023 12:56:00 PM,-11.59
10441,4/23/2023 12:56:00 PM,-11.53
10441,4/23/2023 12:56:00 PM,-11.47
10441,4/23/2023 12:56:00 PM,-11.53
10441,4/23/2023 12:56:00 PM,-11.59
10441,4/23/2023 12:56:00 PM,-12.37
10441,4/23/2023 12:57:00 PM,-11.83
10441,4/23/2023 12:57:00 PM,-11.59
10441,4/23/2023 12:57:00 PM,-11.65
10441,4/23/2023 12:57:00 PM,-11.71
10441,4/23/2023 12:57:00 PM,-11.65
10441,4/23/2023 12:57:00 PM,-11.71
10441,4/23/2023 12:57:00 PM,-11.65
10441,4/23/2023 12:58:00 PM,-11.59
10441,4/23/2023 12:58:00 PM,-11.41
10441,4/23/2023 12:58:00 PM,-11.29
10441,4/23/2023 12:58:00 PM,-11.59
10441,4/23/2023 12:58:00 PM,-11.59
10441,4/23/2023 12:58:00 PM,-11.71
10441,4/23/2023 12:58:00 PM,-11.59
10441,4/23/2023 12:58:00 PM,-11.65
10441,4/23/2023 12:58:00 PM,-11.71
10441,4/23/2023 12:58:00 PM,-11.53
10441,4/23/2023 12:59:00 PM,-11.23
10441,4/23/2023 12:59:00 PM,-11.41
10441,4/23/2023 12:59:00 PM,-11.35
10441,4/23/2023 12:59:00 PM,-11.23
10441,4/23/2023 12:59:00 PM,-11.47
10441,4/23/2023 12:59:00 PM,-11.53
10441,4/23/2023 12:59:00 PM,-11.47
10441,4/23/2023 12:59:00 PM,-11.41
10441,4/23/2023 12:59:00 PM,-11.65
10441,4/23/2023 12:59:00 PM,-11.53
10441,4/23/2023 12:59:00 PM,-11.47
10441,4/23/2023 1:00:00 PM,-11.17
10441,4/23/2023 1:00:00 PM,-11.65
10441,4/23/2023 1:00:00 PM,-11.35
10441,4/23/2023 1:00:00 PM,-11.41
10441,4/23/2023 1:00:00 PM,-11.35
10441,4/23/2023 1:00:00 PM,-11.41
10441,4/23/2023 1:00:00 PM,-11.77
10441,4/23/2023 1:00:00 PM,-11.47
10441,4/23/2023 1:01:00 PM,-11.53
10441,4/23/2023 1:01:00 PM,-11.47
10441,4/23/2023 1:01:00 PM,-11.59
10441,4/23/2023 1:01:00 PM,-11.47
10441,4/23/2023 1:01:00 PM,-11.53
10441,4/23/2023 1:02:00 PM,-11.65
10441,4/23/2023 1:02:00 PM,-11.47
10441,4/23/2023 1:02:00 PM,-11.71
10441,4/23/2023 1:02:00 PM,-11.59
10441,4/23/2023 1:02:00 PM,-11.65
10441,4/23/2023 1:03:00 PM,-11.71
10441,4/23/2023 1:03:00 PM,-11.65
10441,4/23/2023 1:03:00 PM,-11.71
10441,4/23/2023 1:03:00 PM,-11.65
10441,4/23/2023 1:03:00 PM,-11.71
10441,4/23/2023 1:03:00 PM,-11.65
10441,4/23/2023 1:03:00 PM,-11.59
10441,4/23/2023 1:04:00 PM,-11.53
10441,4/23/2023 1:04:00 PM,-11.59
10441,4/23/2023 1:05:00 PM,-11.35
10441,4/23/2023 1:05:00 PM,-11.41
10441,4/23/2023 1:05:00 PM,-11.53
10441,4/23/2023 1:05:00 PM,-11.59
10441,4/23/2023 1:05:00 PM,-11.47
10441,4/23/2023 1:05:00 PM,-11.35
10441,4/23/2023 1:05:00 PM,-11.47
10441,4/23/2023 1:06:00 PM,-11.41
10441,4/23/2023 1:06:00 PM,-11.23
10441,4/23/2023 1:06:00 PM,-11.77
10441,4/23/2023 1:06:00 PM,-11.47
10441,4/23/2023 1:06:00 PM,-11.53
10441,4/23/2023 1:06:00 PM,-11.47
10441,4/23/2023 1:06:00 PM,-11.41
10441,4/23/2023 1:06:00 PM,-11.47
10441,4/23/2023 1:07:00 PM,-11.47
10441,4/23/2023 1:07:00 PM,-11.41
10441,4/23/2023 1:07:00 PM,-11.35
10441,4/23/2023 1:07:00 PM,-11.53
10441,4/23/2023 1:07:00 PM,-11.59
10441,4/23/2023 1:07:00 PM,-11.53
10441,4/23/2023 1:07:00 PM,-11.47
10441,4/23/2023 1:08:00 PM,-11.59
10441,4/23/2023 1:08:00 PM,-11.71
10441,4/23/2023 1:08:00 PM,-11.65
10441,4/23/2023 1:08:00 PM,-11.47
10441,4/23/2023 1:08:00 PM,-11.53
10441,4/23/2023 1:08:00 PM,-11.47
10441,4/23/2023 1:08:00 PM,-11.71
10441,4/23/2023 1:08:00 PM,-11.65
10441,4/23/2023 1:08:00 PM,-11.59
10441,4/23/2023 1:08:00 PM,-11.53
10441,4/23/2023 1:09:00 PM,-11.53
10441,4/23/2023 1:09:00 PM,-11.59
10441,4/23/2023 1:09:00 PM,-11.65
10441,4/23/2023 1:09:00 PM,-11.53
10441,4/23/2023 1:09:00 PM,-11.59
10441,4/23/2023 1:09:00 PM,-11.53
10441,4/23/2023 1:09:00 PM,-10.81
10441,4/23/2023 1:09:00 PM,-11.83
10441,4/23/2023 1:09:00 PM,-11.47
10441,4/23/2023 1:10:00 PM,-11.53
10441,4/23/2023 1:10:00 PM,-11.47
10441,4/23/2023 1:10:00 PM,-11.53
10441,4/23/2023 1:10:00 PM,-11.59
10441,4/23/2023 1:10:00 PM,-11.53
10441,4/23/2023 1:10:00 PM,-11.41
10441,4/23/2023 1:10:00 PM,-11.47
10441,4/23/2023 1:10:00 PM,-11.53
10441,4/23/2023 1:10:00 PM,-11.29
10441,4/23/2023 1:10:00 PM,-11.47
10441,4/23/2023 1:10:00 PM,-11.59
10441,4/23/2023 1:10:00 PM,-11.41
10441,4/23/2023 1:10:00 PM,-11.53
10441,4/23/2023 1:11:00 PM,-11.35
10441,4/23/2023 1:11:00 PM,-11.59
10441,4/23/2023 1:11:00 PM,-11.47
10441,4/23/2023 1:11:00 PM,-11.23
10441,4/23/2023 1:11:00 PM,-11.59
10441,4/23/2023 1:11:00 PM,-11.53
10441,4/23/2023 1:11:00 PM,-11.65
10441,4/23/2023 1:12:00 PM,-11.53
10441,4/23/2023 1:12:00 PM,-11.59
10441,4/23/2023 1:12:00 PM,-11.53
10441,4/23/2023 1:12:00 PM,-11.65
10441,4/23/2023 1:12:00 PM,-11.59
10441,4/23/2023 1:12:00 PM,-11.83
10441,4/23/2023 1:12:00 PM,-11.47
10441,4/23/2023 1:12:00 PM,-11.41
10441,4/23/2023 1:12:00 PM,-11.59
10441,4/23/2023 1:12:00 PM,-11.47
10441,4/23/2023 1:13:00 PM,-11.65
10441,4/23/2023 1:13:00 PM,-11.53
10441,4/23/2023 1:13:00 PM,-11.59
10441,4/23/2023 1:13:00 PM,-11.47
10441,4/23/2023 1:13:00 PM,-11.59
10441,4/23/2023 1:13:00 PM,-11.65
10441,4/23/2023 1:13:00 PM,-11.59
10441,4/23/2023 1:13:00 PM,-11.65
10441,4/23/2023 1:13:00 PM,-11.47
10441,4/23/2023 1:13:00 PM,-11.59
10441,4/23/2023 1:13:00 PM,-11.47
10441,4/23/2023 1:13:00 PM,-11.77
10441,4/23/2023 1:13:00 PM,-11.71
10441,4/23/2023 1:14:00 PM,-11.59
10441,4/23/2023 1:14:00 PM,-11.53
10441,4/23/2023 1:14:00 PM,-11.71
10441,4/23/2023 1:14:00 PM,-11.35
10441,4/23/2023 1:14:00 PM,-10.93
10441,4/23/2023 1:14:00 PM,-11.41
10441,4/23/2023 1:15:00 PM,-11.59
10441,4/23/2023 1:15:00 PM,-11.53
10441,4/23/2023 1:15:00 PM,-11.59
10441,4/23/2023 1:15:00 PM,-11.53
10441,4/23/2023 1:16:00 PM,-11.59
10441,4/23/2023 1:16:00 PM,-11.71
10441,4/23/2023 1:16:00 PM,-11.53
10441,4/23/2023 1:16:00 PM,-11.41
10441,4/23/2023 1:16:00 PM,-11.53
10441,4/23/2023 1:16:00 PM,-11.47
10441,4/23/2023 1:16:00 PM,-11.59
10441,4/23/2023 1:16:00 PM,-11.41
10441,4/23/2023 1:17:00 PM,-11.53
10441,4/23/2023 1:17:00 PM,-11.47
10441,4/23/2023 1:17:00 PM,-11.41
10441,4/23/2023 1:17:00 PM,-11.47
10441,4/23/2023 1:17:00 PM,-11.23
10441,4/23/2023 1:17:00 PM,-11.41
10441,4/23/2023 1:17:00 PM,-11.53
10441,4/23/2023 1:17:00 PM,-11.59
10441,4/23/2023 1:17:00 PM,-11.77
10441,4/23/2023 1:17:00 PM,-11.65
10441,4/23/2023 1:17:00 PM,-11.59
10441,4/23/2023 1:17:00 PM,-11.47
10441,4/23/2023 1:18:00 PM,-11.53
10441,4/23/2023 1:18:00 PM,-11.47
10441,4/23/2023 1:18:00 PM,-11.41
10441,4/23/2023 1:18:00 PM,-11.59
10441,4/23/2023 1:18:00 PM,-11.29
10441,4/23/2023 1:18:00 PM,-11.47
10441,4/23/2023 1:18:00 PM,-11.41
10441,4/23/2023 1:18:00 PM,-11.35
10441,4/23/2023 1:18:00 PM,-11.47
10441,4/23/2023 1:18:00 PM,-11.35
10441,4/23/2023 1:18:00 PM,-11.47
10441,4/23/2023 1:18:00 PM,-11.59
10441,4/23/2023 1:18:00 PM,-11.53
10441,4/23/2023 1:19:00 PM,-11.35
10441,4/23/2023 1:19:00 PM,-11.47
10441,4/23/2023 1:19:00 PM,-11.35
10441,4/23/2023 1:19:00 PM,-11.59
10441,4/23/2023 1:19:00 PM,-10.93
10441,4/23/2023 1:19:00 PM,-11.35
10441,4/23/2023 1:19:00 PM,-11.53
10441,4/23/2023 1:19:00 PM,-11.47
10441,4/23/2023 1:19:00 PM,-11.53
10441,4/23/2023 1:19:00 PM,-11.41
10441,4/23/2023 1:19:00 PM,-11.47
10441,4/23/2023 1:20:00 PM,-11.53
10441,4/23/2023 1:20:00 PM,-11.29
10441,4/23/2023 1:20:00 PM,-11.41
10441,4/23/2023 1:20:00 PM,-11.53
10441,4/23/2023 1:20:00 PM,-11.47
10441,4/23/2023 1:20:00 PM,-11.41
10441,4/23/2023 1:20:00 PM,-11.35
10441,4/23/2023 1:20:00 PM,-11.47
10441,4/23/2023 1:20:00 PM,-11.53
10441,4/23/2023 1:20:00 PM,-11.47
10441,4/23/2023 1:21:00 PM,-11.41
10441,4/23/2023 1:21:00 PM,-11.35
10441,4/23/2023 1:21:00 PM,-11.41
10441,4/23/2023 1:21:00 PM,-11.47
10441,4/23/2023 1:21:00 PM,-11.83
10441,4/23/2023 1:21:00 PM,-11.47
10441,4/23/2023 1:21:00 PM,-11.59
10441,4/23/2023 1:21:00 PM,-11.65
10441,4/23/2023 1:21:00 PM,-11.83
10441,4/23/2023 1:21:00 PM,-11.23
10441,4/23/2023 1:21:00 PM,-11.41
10441,4/23/2023 1:21:00 PM,-11.47
10441,4/23/2023 1:22:00 PM,-11.41
10441,4/23/2023 1:22:00 PM,-11.47
10441,4/23/2023 1:22:00 PM,-11.65
10441,4/23/2023 1:22:00 PM,-11.59
10441,4/23/2023 1:22:00 PM,-11.47
10441,4/23/2023 1:22:00 PM,-11.71
10441,4/23/2023 1:22:00 PM,-11.23
10441,4/23/2023 1:22:00 PM,-11.35
10441,4/23/2023 1:22:00 PM,-11.47
10441,4/23/2023 1:22:00 PM,-11.53
10441,4/23/2023 1:23:00 PM,-11.65
10441,4/23/2023 1:23:00 PM,-11.53
10441,4/23/2023 1:23:00 PM,-11.59
10441,4/23/2023 1:23:00 PM,-11.41
10441,4/23/2023 1:23:00 PM,-11.89
10441,4/23/2023 1:23:00 PM,-11.71
10441,4/23/2023 1:23:00 PM,-11.77
10441,4/23/2023 1:23:00 PM,-11.35
10441,4/23/2023 1:23:00 PM,-11.41
10441,4/23/2023 1:23:00 PM,-11.35
10441,4/23/2023 1:23:00 PM,-11.23
10441,4/23/2023 1:23:00 PM,-11.47
10441,4/23/2023 1:24:00 PM,-11.53
10441,4/23/2023 1:24:00 PM,-11.47
10441,4/23/2023 1:24:00 PM,-11.59
10441,4/23/2023 1:24:00 PM,-11.47
10441,4/23/2023 1:24:00 PM,-11.59
10441,4/23/2023 1:24:00 PM,-11.53
10441,4/23/2023 1:24:00 PM,-12.07
10441,4/23/2023 1:24:00 PM,-11.59
10441,4/23/2023 1:24:00 PM,-11.47
10441,4/23/2023 1:24:00 PM,-11.59
10441,4/23/2023 1:24:00 PM,-11.53
10441,4/23/2023 1:24:00 PM,-11.41
10441,4/23/2023 1:25:00 PM,-11.47
10441,4/23/2023 1:25:00 PM,-11.53
10441,4/23/2023 1:25:00 PM,-11.47
10441,4/23/2023 1:25:00 PM,-11.41
10441,4/23/2023 1:25:00 PM,-11.53
10441,4/23/2023 1:25:00 PM,-11.23
10441,4/23/2023 1:25:00 PM,-11.47
10441,4/23/2023 1:25:00 PM,-11.59
10441,4/23/2023 1:26:00 PM,-11.47
10441,4/23/2023 1:26:00 PM,-11.41
10441,4/23/2023 1:26:00 PM,-11.59
10441,4/23/2023 1:26:00 PM,-11.65
10441,4/23/2023 1:26:00 PM,-11.71
10441,4/23/2023 1:26:00 PM,-11.65
10441,4/23/2023 1:26:00 PM,-11.53
10441,4/23/2023 1:26:00 PM,-11.65
10441,4/23/2023 1:26:00 PM,-11.53
10441,4/23/2023 1:26:00 PM,-11.47
10441,4/23/2023 1:26:00 PM,-11.59
10441,4/23/2023 1:27:00 PM,-11.47
10441,4/23/2023 1:27:00 PM,-11.71
10441,4/23/2023 1:27:00 PM,-11.47
10441,4/23/2023 1:27:00 PM,-11.53
10441,4/23/2023 1:27:00 PM,-11.59
10441,4/23/2023 1:27:00 PM,-11.53
10441,4/23/2023 1:27:00 PM,-11.41
10441,4/23/2023 1:27:00 PM,-11.65
10441,4/23/2023 1:27:00 PM,-11.53
10441,4/23/2023 1:27:00 PM,-11.41
10441,4/23/2023 1:28:00 PM,-11.47
10441,4/23/2023 1:28:00 PM,-11.35
10441,4/23/2023 1:28:00 PM,-11.47
10441,4/23/2023 1:28:00 PM,-11.35
10441,4/23/2023 1:28:00 PM,-11.47
10441,4/23/2023 1:28:00 PM,-11.65
10441,4/23/2023 1:28:00 PM,-11.59
10441,4/23/2023 1:28:00 PM,-11.53
10441,4/23/2023 1:29:00 PM,-12.07
10441,4/23/2023 1:29:00 PM,-11.65
10441,4/23/2023 1:29:00 PM,-11.53
10441,4/23/2023 1:29:00 PM,-11.41
10441,4/23/2023 1:29:00 PM,-11.47
10441,4/23/2023 1:29:00 PM,-11.53
10441,4/23/2023 1:29:00 PM,-11.41
10441,4/23/2023 1:29:00 PM,-11.47
10441,4/23/2023 1:29:00 PM,-11.41
10441,4/23/2023 1:29:00 PM,-11.77
10441,4/23/2023 1:29:00 PM,-11.59
10441,4/23/2023 1:30:00 PM,-11.59
10441,4/23/2023 1:30:00 PM,-11.47
10441,4/23/2023 1:30:00 PM,-11.59
10441,4/23/2023 1:30:00 PM,-11.83
10441,4/23/2023 1:30:00 PM,-11.47
10441,4/23/2023 1:30:00 PM,-11.59
10441,4/23/2023 1:30:00 PM,-11.59
10441,4/23/2023 1:30:00 PM,-11.47
10441,4/23/2023 1:30:00 PM,-11.65
10441,4/23/2023 1:30:00 PM,-11.59
10441,4/23/2023 1:30:00 PM,-11.53
10441,4/23/2023 1:30:00 PM,-11.65
10441,4/23/2023 1:31:00 PM,-11.53
10441,4/23/2023 1:31:00 PM,-11.29
10441,4/23/2023 1:31:00 PM,-11.53
10441,4/23/2023 1:31:00 PM,-11.29
10441,4/23/2023 1:31:00 PM,-11.41
10441,4/23/2023 1:31:00 PM,-11.47
10441,4/23/2023 1:31:00 PM,-11.41
10441,4/23/2023 1:31:00 PM,-11.47
10441,4/23/2023 1:32:00 PM,-11.65
10441,4/23/2023 1:32:00 PM,-11.53
10441,4/23/2023 1:32:00 PM,-11.11
10441,4/23/2023 1:32:00 PM,-11.35
10441,4/23/2023 1:32:00 PM,-11.29
10441,4/23/2023 1:32:00 PM,-11.41
10441,4/23/2023 1:32:00 PM,-11.47
10441,4/23/2023 1:32:00 PM,-11.35
10441,4/23/2023 1:32:00 PM,-11.59
10441,4/23/2023 1:32:00 PM,-11.41
10441,4/23/2023 1:32:00 PM,-11.47
10441,4/23/2023 1:33:00 PM,-11.53
10441,4/23/2023 1:33:00 PM,-11.47
10441,4/23/2023 1:33:00 PM,-11.41
10441,4/23/2023 1:33:00 PM,-11.47
10441,4/23/2023 1:33:00 PM,-11.41
10441,4/23/2023 1:33:00 PM,-11.35
10441,4/23/2023 1:33:00 PM,-11.65
10441,4/23/2023 1:33:00 PM,-11.53
10441,4/23/2023 1:33:00 PM,-11.53
10441,4/23/2023 1:33:00 PM,-11.59
10441,4/23/2023 1:34:00 PM,-11.89
10441,4/23/2023 1:34:00 PM,-11.83
10441,4/23/2023 1:34:00 PM,-11.59
10441,4/23/2023 1:34:00 PM,-11.53
10441,4/23/2023 1:34:00 PM,-11.47
10441,4/23/2023 1:34:00 PM,-11.65
10441,4/23/2023 1:34:00 PM,-11.59
10441,4/23/2023 1:34:00 PM,-11.53
10441,4/23/2023 1:34:00 PM,-11.59
10441,4/23/2023 1:34:00 PM,-11.53
10441,4/23/2023 1:34:00 PM,-11.59
10441,4/23/2023 1:34:00 PM,-11.77
10441,4/23/2023 1:35:00 PM,-12.01
10441,4/23/2023 1:35:00 PM,-11.95
10441,4/23/2023 1:35:00 PM,-11.89
10441,4/23/2023 1:35:00 PM,-11.71
10441,4/23/2023 1:35:00 PM,-11.41
10441,4/23/2023 1:35:00 PM,-11.35
10441,4/23/2023 1:35:00 PM,-11.65
10441,4/23/2023 1:35:00 PM,-11.47
10441,4/23/2023 1:35:00 PM,-11.29
10441,4/23/2023 1:35:00 PM,-11.95
10441,4/23/2023 1:36:00 PM,-11.77
10441,4/23/2023 1:36:00 PM,-13.33
10441,4/23/2023 1:36:00 PM,-12.85
10441,4/23/2023 1:36:00 PM,-12.55
10441,4/23/2023 1:36:00 PM,-11.71
10441,4/23/2023 1:36:00 PM,-11.29
10441,4/23/2023 1:36:00 PM,-9.98
10441,4/23/2023 1:36:00 PM,-10.22
10441,4/23/2023 1:36:00 PM,-10.99
10441,4/23/2023 1:36:00 PM,-10.93
10441,4/23/2023 1:36:00 PM,-10.75
10441,4/23/2023 1:36:00 PM,-10.63
10441,4/23/2023 1:36:00 PM,-10.57
10441,4/23/2023 1:36:00 PM,-10.34
10441,4/23/2023 1:37:00 PM,-10.16
10441,4/23/2023 1:37:00 PM,-10.34
10441,4/23/2023 1:37:00 PM,-10.22
10441,4/23/2023 1:37:00 PM,-10.34
10441,4/23/2023 1:37:00 PM,-9.86
10441,4/23/2023 1:37:00 PM,-9.56
10441,4/23/2023 1:37:00 PM,-9.50
10441,4/23/2023 1:37:00 PM,-9.74
10441,4/23/2023 1:37:00 PM,-9.44
10441,4/23/2023 1:37:00 PM,-9.74
10441,4/23/2023 1:37:00 PM,-9.86
10441,4/23/2023 1:37:00 PM,-9.92
10441,4/23/2023 1:37:00 PM,-9.80
10441,4/23/2023 1:38:00 PM,-9.50
10441,4/23/2023 1:38:00 PM,-9.26
10441,4/23/2023 1:38:00 PM,-9.56
10441,4/23/2023 1:38:00 PM,-9.62
10441,4/23/2023 1:38:00 PM,-9.56
10441,4/23/2023 1:38:00 PM,-9.74
10441,4/23/2023 1:38:00 PM,-9.56
10441,4/23/2023 1:38:00 PM,-9.98
10441,4/23/2023 1:38:00 PM,-10.04
10441,4/23/2023 1:38:00 PM,-9.98
10441,4/23/2023 1:39:00 PM,-10.28
10441,4/23/2023 1:39:00 PM,-10.16
10441,4/23/2023 1:39:00 PM,-10.10
10441,4/23/2023 1:39:00 PM,-10.22
10441,4/23/2023 1:39:00 PM,-10.10
10441,4/23/2023 1:39:00 PM,-10.28
10441,4/23/2023 1:39:00 PM,-10.34
10441,4/23/2023 1:39:00 PM,-10.45
10441,4/23/2023 1:39:00 PM,-9.92
10441,4/23/2023 1:39:00 PM,-10.04
10441,4/23/2023 1:39:00 PM,-10.10
10441,4/23/2023 1:39:00 PM,-10.22
10441,4/23/2023 1:40:00 PM,-10.28
10441,4/23/2023 1:40:00 PM,-10.34
10441,4/23/2023 1:40:00 PM,-10.10
10441,4/23/2023 1:40:00 PM,-10.22
10441,4/23/2023 1:40:00 PM,-9.98
10441,4/23/2023 1:40:00 PM,-10.16
10441,4/23/2023 1:40:00 PM,-10.40
10441,4/23/2023 1:40:00 PM,-10.45
10441,4/23/2023 1:40:00 PM,-10.51
10441,4/23/2023 1:40:00 PM,-10.40
10441,4/23/2023 1:40:00 PM,-10.57
10441,4/23/2023 1:41:00 PM,-10.51
10441,4/23/2023 1:41:00 PM,-10.57
10441,4/23/2023 1:41:00 PM,-10.75
10441,4/23/2023 1:41:00 PM,-10.69
10441,4/23/2023 1:41:00 PM,-10.57
10441,4/23/2023 1:41:00 PM,-10.45
10441,4/23/2023 1:41:00 PM,-10.99
10441,4/23/2023 1:41:00 PM,-10.75
10441,4/23/2023 1:41:00 PM,-10.69
10441,4/23/2023 1:41:00 PM,-10.75
10441,4/23/2023 1:41:00 PM,-10.69
10441,4/23/2023 1:41:00 PM,-10.75
10441,4/23/2023 1:41:00 PM,-10.87
10441,4/23/2023 1:42:00 PM,-11.11
10441,4/23/2023 1:42:00 PM,-11.17
10441,4/23/2023 1:42:00 PM,-10.93
10441,4/23/2023 1:42:00 PM,-11.05
10441,4/23/2023 1:42:00 PM,-11.11
10441,4/23/2023 1:42:00 PM,-11.17
10441,4/23/2023 1:42:00 PM,-11.29
10441,4/23/2023 1:43:00 PM,-11.23
10441,4/23/2023 1:43:00 PM,-11.35
10441,4/23/2023 1:43:00 PM,-11.17
10441,4/23/2023 1:43:00 PM,-11.23
10441,4/23/2023 1:43:00 PM,-11.35
10441,4/23/2023 1:43:00 PM,-11.17
10441,4/23/2023 1:43:00 PM,-11.11
10441,4/23/2023 1:43:00 PM,-11.17
10441,4/23/2023 1:43:00 PM,-11.29
10441,4/23/2023 1:43:00 PM,-10.99
10441,4/23/2023 1:43:00 PM,-11.53
10441,4/23/2023 1:43:00 PM,-11.47
10441,4/23/2023 1:44:00 PM,-11.53
10441,4/23/2023 1:44:00 PM,-11.41
10441,4/23/2023 1:44:00 PM,-11.59
10441,4/23/2023 1:44:00 PM,-11.53
10441,4/23/2023 1:44:00 PM,-11.47
10441,4/23/2023 1:44:00 PM,-11.89
10441,4/23/2023 1:44:00 PM,-11.35
10441,4/23/2023 1:44:00 PM,-11.41
10441,4/23/2023 1:44:00 PM,-11.59
10441,4/23/2023 1:44:00 PM,-11.77
10441,4/23/2023 1:44:00 PM,-11.65
10441,4/23/2023 1:45:00 PM,-11.71
10441,4/23/2023 1:45:00 PM,-11.65
10441,4/23/2023 1:45:00 PM,-11.59
10441,4/23/2023 1:45:00 PM,-11.53
10441,4/23/2023 1:45:00 PM,-11.65
10441,4/23/2023 1:45:00 PM,-11.77
10441,4/23/2023 1:45:00 PM,-11.89
10441,4/23/2023 1:45:00 PM,-11.77
10441,4/23/2023 1:45:00 PM,-11.83
10441,4/23/2023 1:45:00 PM,-11.95
10441,4/23/2023 1:46:00 PM,-12.07
10441,4/23/2023 1:46:00 PM,-12.01
10441,4/23/2023 1:46:00 PM,-11.95
10441,4/23/2023 1:46:00 PM,-11.89
10441,4/23/2023 1:46:00 PM,-12.25
10441,4/23/2023 1:46:00 PM,-11.95
10441,4/23/2023 1:46:00 PM,-11.83
10441,4/23/2023 1:46:00 PM,-11.77
10441,4/23/2023 1:46:00 PM,-11.89
10441,4/23/2023 1:46:00 PM,-11.77
10441,4/23/2023 1:46:00 PM,-11.59
10441,4/23/2023 1:47:00 PM,-11.89
10441,4/23/2023 1:47:00 PM,-11.77
10441,4/23/2023 1:47:00 PM,-11.65
10441,4/23/2023 1:47:00 PM,-11.77
10441,4/23/2023 1:47:00 PM,-11.65
10441,4/23/2023 1:47:00 PM,-11.59
10441,4/23/2023 1:47:00 PM,-11.65
10441,4/23/2023 1:47:00 PM,-11.53
10441,4/23/2023 1:47:00 PM,-11.47
10441,4/23/2023 1:48:00 PM,-11.41
10441,4/23/2023 1:48:00 PM,-11.29
10441,4/23/2023 1:48:00 PM,-11.35
10441,4/23/2023 1:48:00 PM,-11.47
10441,4/23/2023 1:48:00 PM,-11.53
10441,4/23/2023 1:48:00 PM,-11.65
10441,4/23/2023 1:48:00 PM,-10.81
10441,4/23/2023 1:48:00 PM,-11.71
10441,4/23/2023 1:49:00 PM,-11.23
10441,4/23/2023 1:49:00 PM,-11.29
10441,4/23/2023 1:49:00 PM,-11.23
10441,4/23/2023 1:49:00 PM,-11.17
10441,4/23/2023 1:49:00 PM,-11.11
10441,4/23/2023 1:49:00 PM,-11.29
10441,4/23/2023 1:49:00 PM,-11.53
10441,4/23/2023 1:49:00 PM,-11.59
10441,4/23/2023 1:49:00 PM,-11.53
10441,4/23/2023 1:49:00 PM,-11.29
10441,4/23/2023 1:49:00 PM,-10.99
10441,4/23/2023 1:50:00 PM,-11.05
10441,4/23/2023 1:50:00 PM,-11.11
10441,4/23/2023 1:50:00 PM,-11.05
10441,4/23/2023 1:50:00 PM,-10.87
10441,4/23/2023 1:51:00 PM,-10.81
10441,4/23/2023 1:51:00 PM,-10.87
10441,4/23/2023 1:51:00 PM,-10.93
10441,4/23/2023 1:51:00 PM,-10.87
10441,4/23/2023 1:51:00 PM,-10.81
10441,4/23/2023 1:51:00 PM,-10.99
10441,4/23/2023 1:51:00 PM,-10.75
10441,4/23/2023 1:51:00 PM,-10.69
10441,4/23/2023 1:51:00 PM,-10.63
10441,4/23/2023 1:51:00 PM,-10.69
10441,4/23/2023 1:51:00 PM,-10.87
10441,4/23/2023 1:51:00 PM,-10.99
10441,4/23/2023 1:52:00 PM,-11.05
10441,4/23/2023 1:52:00 PM,-11.17
10441,4/23/2023 1:52:00 PM,-11.29
10441,4/23/2023 1:52:00 PM,-11.35
10441,4/23/2023 1:52:00 PM,-11.41
10441,4/23/2023 1:52:00 PM,-11.35
10441,4/23/2023 1:52:00 PM,-11.17
10441,4/23/2023 1:52:00 PM,-11.23
10441,4/23/2023 1:52:00 PM,-11.17
10441,4/23/2023 1:52:00 PM,-10.93
10441,4/23/2023 1:53:00 PM,-12.01
10441,4/23/2023 1:53:00 PM,-11.53
10441,4/23/2023 1:53:00 PM,-11.11
10441,4/23/2023 1:53:00 PM,-11.71
10441,4/23/2023 1:53:00 PM,-10.99
10441,4/23/2023 1:53:00 PM,-11.77
10441,4/23/2023 1:53:00 PM,-11.17
10441,4/23/2023 1:53:00 PM,-11.29
10441,4/23/2023 1:53:00 PM,-11.35
10441,4/23/2023 1:53:00 PM,-11.53
10441,4/23/2023 1:53:00 PM,-11.47
10441,4/23/2023 1:53:00 PM,-11.23
10441,4/23/2023 1:54:00 PM,-11.29
10441,4/23/2023 1:54:00 PM,-11.05
10441,4/23/2023 1:54:00 PM,-10.99
10441,4/23/2023 1:54:00 PM,-10.93
10441,4/23/2023 1:54:00 PM,-10.81
10441,4/23/2023 1:54:00 PM,-10.93
10441,4/23/2023 1:54:00 PM,-11.35
10441,4/23/2023 1:54:00 PM,-11.41
10441,4/23/2023 1:54:00 PM,-11.05
10441,4/23/2023 1:54:00 PM,-11.11
10441,4/23/2023 1:54:00 PM,-11.23
10441,4/23/2023 1:54:00 PM,-10.93
10441,4/23/2023 1:54:00 PM,-11.05
10441,4/23/2023 1:54:00 PM,-11.17
10441,4/23/2023 1:55:00 PM,-10.99
10441,4/23/2023 1:55:00 PM,-11.11
10441,4/23/2023 1:55:00 PM,-11.17
10441,4/23/2023 1:55:00 PM,-11.29
10441,4/23/2023 1:55:00 PM,-11.35
10441,4/23/2023 1:55:00 PM,-11.23
10441,4/23/2023 1:55:00 PM,-11.35
10441,4/23/2023 1:55:00 PM,-10.40
10441,4/23/2023 1:55:00 PM,-10.75
10441,4/23/2023 1:55:00 PM,-11.71
10441,4/23/2023 1:56:00 PM,-11.17
10441,4/23/2023 1:56:00 PM,-11.11
10441,4/23/2023 1:56:00 PM,-11.41
10441,4/23/2023 1:56:00 PM,-11.35
10441,4/23/2023 1:56:00 PM,-11.41
10441,4/23/2023 1:56:00 PM,-11.35
10441,4/23/2023 1:56:00 PM,-11.35
10441,4/23/2023 1:56:00 PM,-11.29
10441,4/23/2023 1:56:00 PM,-11.41
10441,4/23/2023 1:56:00 PM,-10.93
10441,4/23/2023 1:56:00 PM,-11.35
10441,4/23/2023 1:56:00 PM,-11.29
10441,4/23/2023 1:57:00 PM,-11.29
10441,4/23/2023 1:57:00 PM,-11.35
10441,4/23/2023 1:57:00 PM,-11.29
10441,4/23/2023 1:57:00 PM,-11.23
10441,4/23/2023 1:57:00 PM,-11.17
10441,4/23/2023 1:57:00 PM,-11.11
10441,4/23/2023 1:57:00 PM,-11.41
10441,4/23/2023 1:57:00 PM,-11.17
10441,4/23/2023 1:57:00 PM,-11.23
10441,4/23/2023 1:58:00 PM,-11.29
10441,4/23/2023 1:58:00 PM,-11.35
10441,4/23/2023 1:58:00 PM,-11.29
10441,4/23/2023 1:58:00 PM,-11.23
10441,4/23/2023 1:58:00 PM,-11.29
10441,4/23/2023 1:58:00 PM,-11.23
10441,4/23/2023 1:58:00 PM,-11.29
10441,4/23/2023 1:58:00 PM,-11.23
10441,4/23/2023 1:59:00 PM,-11.29
10441,4/23/2023 1:59:00 PM,-11.11
10441,4/23/2023 1:59:00 PM,-11.17
10441,4/23/2023 1:59:00 PM,-11.29
10441,4/23/2023 1:59:00 PM,-11.71
10441,4/23/2023 1:59:00 PM,-11.65
10441,4/23/2023 1:59:00 PM,-11.35
10441,4/23/2023 1:59:00 PM,-11.17
10441,4/23/2023 1:59:00 PM,-11.11
10441,4/23/2023 2:00:00 PM,-11.05
10441,4/23/2023 2:00:00 PM,-11.17
10441,4/23/2023 2:00:00 PM,-11.11
10441,4/23/2023 2:00:00 PM,-11.17
10441,4/23/2023 2:00:00 PM,-11.29
10441,4/23/2023 2:00:00 PM,-11.23
10441,4/23/2023 2:00:00 PM,-11.17
10441,4/23/2023 2:00:00 PM,-11.11
10441,4/23/2023 2:00:00 PM,-10.93
10441,4/23/2023 2:00:00 PM,-10.75
10441,4/23/2023 2:00:00 PM,-10.99
10441,4/23/2023 2:01:00 PM,-11.05
10441,4/23/2023 2:01:00 PM,-10.81
10441,4/23/2023 2:01:00 PM,-10.93
10441,4/23/2023 2:01:00 PM,-11.23
10441,4/23/2023 2:01:00 PM,-11.29
10441,4/23/2023 2:01:00 PM,-11.71
10441,4/23/2023 2:01:00 PM,-11.05
10441,4/23/2023 2:01:00 PM,-11.29
10441,4/23/2023 2:01:00 PM,-11.47
10441,4/23/2023 2:01:00 PM,-11.17
10441,4/23/2023 2:01:00 PM,-11.23
10441,4/23/2023 2:01:00 PM,-11.11
10441,4/23/2023 2:01:00 PM,-11.17
10441,4/23/2023 2:02:00 PM,-11.35
10441,4/23/2023 2:02:00 PM,-11.23
10441,4/23/2023 2:02:00 PM,-11.17
10441,4/23/2023 2:02:00 PM,-11.05
10441,4/23/2023 2:02:00 PM,-10.99
10441,4/23/2023 2:02:00 PM,-11.11
10441,4/23/2023 2:02:00 PM,-11.17
10441,4/23/2023 2:02:00 PM,-11.29
10441,4/23/2023 2:02:00 PM,-11.05
10441,4/23/2023 2:02:00 PM,-11.47
10441,4/23/2023 2:03:00 PM,-11.11
10441,4/23/2023 2:03:00 PM,-11.17
10441,4/23/2023 2:03:00 PM,-11.23
10441,4/23/2023 2:03:00 PM,-11.35
10441,4/23/2023 2:03:00 PM,-11.23
10441,4/23/2023 2:03:00 PM,-11.53
10441,4/23/2023 2:03:00 PM,-11.17
10441,4/23/2023 2:03:00 PM,-11.23
10441,4/23/2023 2:04:00 PM,-11.29
10441,4/23/2023 2:04:00 PM,-11.35
10441,4/23/2023 2:04:00 PM,-11.29
10441,4/23/2023 2:04:00 PM,-11.23
10441,4/23/2023 2:04:00 PM,-11.17
10441,4/23/2023 2:04:00 PM,-11.35
10441,4/23/2023 2:04:00 PM,-11.11
10441,4/23/2023 2:04:00 PM,-11.23
10441,4/23/2023 2:04:00 PM,-11.47
10441,4/23/2023 2:04:00 PM,-11.41
10441,4/23/2023 2:04:00 PM,-11.35
10441,4/23/2023 2:05:00 PM,-11.11
10441,4/23/2023 2:05:00 PM,-11.17
10441,4/23/2023 2:05:00 PM,-11.23
10441,4/23/2023 2:05:00 PM,-11.11
10441,4/23/2023 2:05:00 PM,-10.99
10441,4/23/2023 2:05:00 PM,-11.05
10441,4/23/2023 2:05:00 PM,-11.17
10441,4/23/2023 2:05:00 PM,-11.23
10441,4/23/2023 2:05:00 PM,-11.17
10441,4/23/2023 2:06:00 PM,-11.23
10441,4/23/2023 2:06:00 PM,-11.29
10441,4/23/2023 2:06:00 PM,-11.23
10441,4/23/2023 2:06:00 PM,-11.11
10441,4/23/2023 2:06:00 PM,-11.17
10441,4/23/2023 2:06:00 PM,-11.47
10441,4/23/2023 2:06:00 PM,-11.23
10441,4/23/2023 2:06:00 PM,-11.47
10441,4/23/2023 2:06:00 PM,-11.41
10441,4/23/2023 2:06:00 PM,-11.35
10441,4/23/2023 2:06:00 PM,-11.47
10441,4/23/2023 2:06:00 PM,-11.65
10441,4/23/2023 2:07:00 PM,-11.77
10441,4/23/2023 2:07:00 PM,-11.65
10441,4/23/2023 2:07:00 PM,-11.53
10441,4/23/2023 2:07:00 PM,-11.41
10441,4/23/2023 2:07:00 PM,-11.35
10441,4/23/2023 2:07:00 PM,-11.23
10441,4/23/2023 2:07:00 PM,-11.11
10441,4/23/2023 2:07:00 PM,-10.99
10441,4/23/2023 2:07:00 PM,-11.05
10441,4/23/2023 2:08:00 PM,-11.11
10441,4/23/2023 2:08:00 PM,-11.35
10441,4/23/2023 2:08:00 PM,-11.29
10441,4/23/2023 2:08:00 PM,-11.41
10441,4/23/2023 2:08:00 PM,-11.59
10441,4/23/2023 2:08:00 PM,-11.65
10441,4/23/2023 2:08:00 PM,-11.35
10441,4/23/2023 2:08:00 PM,-11.59
10441,4/23/2023 2:08:00 PM,-11.65
10441,4/23/2023 2:08:00 PM,-11.59
10441,4/23/2023 2:08:00 PM,-11.65
10441,4/23/2023 2:09:00 PM,-11.53
10441,4/23/2023 2:09:00 PM,-11.71
10441,4/23/2023 2:09:00 PM,-11.65
10441,4/23/2023 2:09:00 PM,-11.59
10441,4/23/2023 2:09:00 PM,-11.53
10441,4/23/2023 2:09:00 PM,-11.59
10441,4/23/2023 2:09:00 PM,-11.65
10441,4/23/2023 2:09:00 PM,-12.31
10441,4/23/2023 2:09:00 PM,-12.07
10441,4/23/2023 2:09:00 PM,-11.59
10441,4/23/2023 2:09:00 PM,-11.71
10441,4/23/2023 2:09:00 PM,-11.35
10441,4/23/2023 2:09:00 PM,-11.41
10441,4/23/2023 2:09:00 PM,-11.47
10441,4/23/2023 2:10:00 PM,-11.59
10441,4/23/2023 2:10:00 PM,-11.65
10441,4/23/2023 2:10:00 PM,-11.35
10441,4/23/2023 2:10:00 PM,-11.53
10441,4/23/2023 2:10:00 PM,-11.65
10441,4/23/2023 2:10:00 PM,-11.59
10441,4/23/2023 2:10:00 PM,-11.77
10441,4/23/2023 2:10:00 PM,-11.83
10441,4/23/2023 2:10:00 PM,-11.65
10441,4/23/2023 2:10:00 PM,-11.47
10441,4/23/2023 2:10:00 PM,-11.53
10441,4/23/2023 2:11:00 PM,-11.83
10441,4/23/2023 2:11:00 PM,-11.89
10441,4/23/2023 2:11:00 PM,-11.77
10441,4/23/2023 2:11:00 PM,-11.59
10441,4/23/2023 2:11:00 PM,-11.59
10441,4/23/2023 2:11:00 PM,-11.95
10441,4/23/2023 2:11:00 PM,-12.01
10441,4/23/2023 2:11:00 PM,-11.95
10441,4/23/2023 2:11:00 PM,-11.83
10441,4/23/2023 2:11:00 PM,-11.89
10441,4/23/2023 2:12:00 PM,-11.47
10441,4/23/2023 2:12:00 PM,-11.59
10441,4/23/2023 2:12:00 PM,-11.71
10441,4/23/2023 2:12:00 PM,-11.77
10441,4/23/2023 2:12:00 PM,-11.71
10441,4/23/2023 2:12:00 PM,-11.65
10441,4/23/2023 2:13:00 PM,-11.83
10441,4/23/2023 2:13:00 PM,-11.89
10441,4/23/2023 2:13:00 PM,-11.83
10441,4/23/2023 2:13:00 PM,-11.77
10441,4/23/2023 2:13:00 PM,-11.71
10441,4/23/2023 2:13:00 PM,-11.53
10441,4/23/2023 2:13:00 PM,-11.59
10441,4/23/2023 2:13:00 PM,-11.65
10441,4/23/2023 2:14:00 PM,-11.53
10441,4/23/2023 2:14:00 PM,-11.59
10441,4/23/2023 2:14:00 PM,-11.77
10441,4/23/2023 2:14:00 PM,-11.59
10441,4/23/2023 2:14:00 PM,-11.53
10441,4/23/2023 2:14:00 PM,-11.47
10441,4/23/2023 2:14:00 PM,-11.53
10441,4/23/2023 2:14:00 PM,-11.47
10441,4/23/2023 2:14:00 PM,-11.59
10441,4/23/2023 2:15:00 PM,-11.53
10441,4/23/2023 2:15:00 PM,-11.47
10441,4/23/2023 2:15:00 PM,-11.41
10441,4/23/2023 2:15:00 PM,-11.23
10441,4/23/2023 2:15:00 PM,-11.53
10441,4/23/2023 2:15:00 PM,-11.65
10441,4/23/2023 2:15:00 PM,-11.83
10441,4/23/2023 2:15:00 PM,-11.71
10441,4/23/2023 2:16:00 PM,-11.77
10441,4/23/2023 2:16:00 PM,-11.89
10441,4/23/2023 2:16:00 PM,-12.07
10441,4/23/2023 2:16:00 PM,-12.01
10441,4/23/2023 2:16:00 PM,-11.89
10441,4/23/2023 2:16:00 PM,-11.77
10441,4/23/2023 2:16:00 PM,-11.53
10441,4/23/2023 2:16:00 PM,-11.77
10441,4/23/2023 2:16:00 PM,-11.65
10441,4/23/2023 2:16:00 PM,-11.59
10441,4/23/2023 2:16:00 PM,-11.65
10441,4/23/2023 2:17:00 PM,-11.83
10441,4/23/2023 2:17:00 PM,-11.71
10441,4/23/2023 2:17:00 PM,-11.65
10441,4/23/2023 2:17:00 PM,-11.59
10441,4/23/2023 2:17:00 PM,-11.41
10441,4/23/2023 2:17:00 PM,-11.65
10441,4/23/2023 2:17:00 PM,-11.77
10441,4/23/2023 2:17:00 PM,-11.89
10441,4/23/2023 2:17:00 PM,-11.95
10441,4/23/2023 2:17:00 PM,-11.83
10441,4/23/2023 2:17:00 PM,-11.95
10441,4/23/2023 2:18:00 PM,-12.07
10441,4/23/2023 2:18:00 PM,-12.13
10441,4/23/2023 2:18:00 PM,-12.37
10441,4/23/2023 2:18:00 PM,-12.25
10441,4/23/2023 2:18:00 PM,-12.01
10441,4/23/2023 2:18:00 PM,-11.95
10441,4/23/2023 2:18:00 PM,-11.89
10441,4/23/2023 2:18:00 PM,-11.83
10441,4/23/2023 2:18:00 PM,-11.77
10441,4/23/2023 2:18:00 PM,-11.89
10441,4/23/2023 2:19:00 PM,-12.31
10441,4/23/2023 2:19:00 PM,-12.13
10441,4/23/2023 2:19:00 PM,-12.07
10441,4/23/2023 2:19:00 PM,-12.19
10441,4/23/2023 2:19:00 PM,-12.31
10441,4/23/2023 2:19:00 PM,-12.37
10441,4/23/2023 2:19:00 PM,-11.59
10441,4/23/2023 2:19:00 PM,-12.55
10441,4/23/2023 2:19:00 PM,-12.25
10441,4/23/2023 2:19:00 PM,-12.19
10441,4/23/2023 2:19:00 PM,-12.37
10441,4/23/2023 2:19:00 PM,-12.25
10441,4/23/2023 2:19:00 PM,-12.01
10441,4/23/2023 2:20:00 PM,-11.41
10441,4/23/2023 2:20:00 PM,-11.47
10441,4/23/2023 2:20:00 PM,-11.41
10441,4/23/2023 2:20:00 PM,-11.71
10441,4/23/2023 2:20:00 PM,-11.95
10441,4/23/2023 2:20:00 PM,-12.01
10441,4/23/2023 2:20:00 PM,-12.19
10441,4/23/2023 2:20:00 PM,-12.13
10441,4/23/2023 2:20:00 PM,-12.07
10441,4/23/2023 2:20:00 PM,-12.19
10441,4/23/2023 2:20:00 PM,-12.43
10441,4/23/2023 2:20:00 PM,-12.13
10441,4/23/2023 2:21:00 PM,-12.01
10441,4/23/2023 2:21:00 PM,-12.07
10441,4/23/2023 2:21:00 PM,-12.01
10441,4/23/2023 2:21:00 PM,-11.95
10441,4/23/2023 2:21:00 PM,-11.89
10441,4/23/2023 2:21:00 PM,-11.95
10441,4/23/2023 2:21:00 PM,-12.01
10441,4/23/2023 2:21:00 PM,-12.07
10441,4/23/2023 2:21:00 PM,-12.25
10441,4/23/2023 2:21:00 PM,-12.19
10441,4/23/2023 2:21:00 PM,-12.01
10441,4/23/2023 2:21:00 PM,-12.13
10441,4/23/2023 2:22:00 PM,-11.83
10441,4/23/2023 2:22:00 PM,-11.89
10441,4/23/2023 2:22:00 PM,-11.95
10441,4/23/2023 2:22:00 PM,-12.19
10441,4/23/2023 2:22:00 PM,-12.07
10441,4/23/2023 2:22:00 PM,-12.19
10441,4/23/2023 2:22:00 PM,-12.13
10441,4/23/2023 2:22:00 PM,-12.25
10441,4/23/2023 2:22:00 PM,-11.83
10441,4/23/2023 2:22:00 PM,-11.95
10441,4/23/2023 2:22:00 PM,-12.07
10441,4/23/2023 2:23:00 PM,-11.95
10441,4/23/2023 2:23:00 PM,-11.83
10441,4/23/2023 2:23:00 PM,-11.77
10441,4/23/2023 2:23:00 PM,-11.71
10441,4/23/2023 2:23:00 PM,-11.59
10441,4/23/2023 2:23:00 PM,-11.95
10441,4/23/2023 2:23:00 PM,-11.77
10441,4/23/2023 2:23:00 PM,-12.13
10441,4/23/2023 2:23:00 PM,-12.37
10441,4/23/2023 2:23:00 PM,-12.19
10441,4/23/2023 2:23:00 PM,-12.43
10441,4/23/2023 2:23:00 PM,-12.19
10441,4/23/2023 2:23:00 PM,-11.65
10441,4/23/2023 2:24:00 PM,-11.89
10441,4/23/2023 2:24:00 PM,-12.43
10441,4/23/2023 2:24:00 PM,-12.01
10441,4/23/2023 2:24:00 PM,-12.07
10441,4/23/2023 2:24:00 PM,-12.31
10441,4/23/2023 2:24:00 PM,-12.43
10441,4/23/2023 2:24:00 PM,-12.37
10441,4/23/2023 2:24:00 PM,-12.19
10441,4/23/2023 2:24:00 PM,-11.83
10441,4/23/2023 2:24:00 PM,-11.71
10441,4/23/2023 2:24:00 PM,-12.55
10441,4/23/2023 2:24:00 PM,-12.37
10441,4/23/2023 2:24:00 PM,-12.31
10441,4/23/2023 2:24:00 PM,-12.07
10441,4/23/2023 2:25:00 PM,-12.61
10441,4/23/2023 2:25:00 PM,-11.89
10441,4/23/2023 2:25:00 PM,-12.55
10441,4/23/2023 2:25:00 PM,-12.13
10441,4/23/2023 2:25:00 PM,-12.01
10441,4/23/2023 2:25:00 PM,-12.19
10441,4/23/2023 2:25:00 PM,-12.31
10441,4/23/2023 2:25:00 PM,-12.37
10441,4/23/2023 2:25:00 PM,-12.31
10441,4/23/2023 2:26:00 PM,-12.43
10441,4/23/2023 2:26:00 PM,-12.37
10441,4/23/2023 2:26:00 PM,-12.43
10441,4/23/2023 2:26:00 PM,-12.19
10441,4/23/2023 2:26:00 PM,-12.37
10441,4/23/2023 2:27:00 PM,-12.31
10441,4/23/2023 2:27:00 PM,-12.19
10441,4/23/2023 2:27:00 PM,-12.31
10441,4/23/2023 2:27:00 PM,-12.01
10441,4/23/2023 2:27:00 PM,-12.31
10441,4/23/2023 2:27:00 PM,-12.25
10441,4/23/2023 2:27:00 PM,-12.31
10441,4/23/2023 2:27:00 PM,-12.55
10441,4/23/2023 2:27:00 PM,-12.49
10441,4/23/2023 2:27:00 PM,-12.37
10441,4/23/2023 2:28:00 PM,-12.19
10441,4/23/2023 2:28:00 PM,-12.31
10441,4/23/2023 2:28:00 PM,-12.19
10441,4/23/2023 2:28:00 PM,-12.43
10441,4/23/2023 2:28:00 PM,-12.25
10441,4/23/2023 2:28:00 PM,-12.19
10441,4/23/2023 2:28:00 PM,-12.25
10441,4/23/2023 2:28:00 PM,-12.19
10441,4/23/2023 2:29:00 PM,-11.95
10441,4/23/2023 2:29:00 PM,-11.89
10441,4/23/2023 2:29:00 PM,-11.95
10441,4/23/2023 2:29:00 PM,-12.07
10441,4/23/2023 2:29:00 PM,-12.01
10441,4/23/2023 2:29:00 PM,-11.89
10441,4/23/2023 2:29:00 PM,-12.07
10441,4/23/2023 2:29:00 PM,-12.13
10441,4/23/2023 2:29:00 PM,-12.01
10441,4/23/2023 2:29:00 PM,-11.41
10441,4/23/2023 2:29:00 PM,-11.89
10441,4/23/2023 2:29:00 PM,-12.13
10441,4/23/2023 2:30:00 PM,-11.47
10441,4/23/2023 2:30:00 PM,-11.89
10441,4/23/2023 2:30:00 PM,-11.95
10441,4/23/2023 2:30:00 PM,-11.89
10441,4/23/2023 2:30:00 PM,-12.01
10441,4/23/2023 2:30:00 PM,-12.07
10441,4/23/2023 2:30:00 PM,-11.83
10441,4/23/2023 2:30:00 PM,-11.89
10441,4/23/2023 2:30:00 PM,-11.83
10441,4/23/2023 2:30:00 PM,-11.89
10441,4/23/2023 2:31:00 PM,-11.83
10441,4/23/2023 2:31:00 PM,-11.77
10441,4/23/2023 2:31:00 PM,-11.83
10441,4/23/2023 2:31:00 PM,-11.77
10441,4/23/2023 2:31:00 PM,-11.71
10441,4/23/2023 2:31:00 PM,-11.77
10441,4/23/2023 2:31:00 PM,-11.83
10441,4/23/2023 2:31:00 PM,-11.59
10441,4/23/2023 2:31:00 PM,-11.83
10441,4/23/2023 2:31:00 PM,-11.77
10441,4/23/2023 2:32:00 PM,-12.07
10441,4/23/2023 2:32:00 PM,-12.01
10441,4/23/2023 2:32:00 PM,-11.95
10441,4/23/2023 2:32:00 PM,-11.77
10441,4/23/2023 2:32:00 PM,-11.71
10441,4/23/2023 2:32:00 PM,-11.83
10441,4/23/2023 2:32:00 PM,-12.25
10441,4/23/2023 2:33:00 PM,-11.65
10441,4/23/2023 2:33:00 PM,-11.59
10441,4/23/2023 2:33:00 PM,-11.77
10441,4/23/2023 2:33:00 PM,-11.41
10441,4/23/2023 2:33:00 PM,-11.05
10441,4/23/2023 2:33:00 PM,-11.89
10441,4/23/2023 2:33:00 PM,-11.77
10441,4/23/2023 2:33:00 PM,-11.71
10441,4/23/2023 2:33:00 PM,-11.53
10441,4/23/2023 2:33:00 PM,-11.65
10441,4/23/2023 2:33:00 PM,-11.47
10441,4/23/2023 2:34:00 PM,-11.71
10441,4/23/2023 2:34:00 PM,-11.77
10441,4/23/2023 2:34:00 PM,-11.71
10441,4/23/2023 2:34:00 PM,-11.83
10441,4/23/2023 2:34:00 PM,-11.77
10441,4/23/2023 2:34:00 PM,-11.71
10441,4/23/2023 2:34:00 PM,-11.53
10441,4/23/2023 2:34:00 PM,-11.47
10441,4/23/2023 2:34:00 PM,-11.71
10441,4/23/2023 2:34:00 PM,-11.65
10441,4/23/2023 2:34:00 PM,-11.71
10441,4/23/2023 2:35:00 PM,-11.65
10441,4/23/2023 2:35:00 PM,-11.83
10441,4/23/2023 2:35:00 PM,-11.77
10441,4/23/2023 2:35:00 PM,-11.89
10441,4/23/2023 2:35:00 PM,-11.77
10441,4/23/2023 2:35:00 PM,-11.95
10441,4/23/2023 2:35:00 PM,-11.77
10441,4/23/2023 2:35:00 PM,-11.65
10441,4/23/2023 2:35:00 PM,-11.71
10441,4/23/2023 2:35:00 PM,-11.59
10441,4/23/2023 2:36:00 PM,-11.65
10441,4/23/2023 2:36:00 PM,-11.83
10441,4/23/2023 2:36:00 PM,-11.95
10441,4/23/2023 2:36:00 PM,-11.65
10441,4/23/2023 2:36:00 PM,-11.77
10441,4/23/2023 2:36:00 PM,-11.83
10441,4/23/2023 2:36:00 PM,-11.89
10441,4/23/2023 2:36:00 PM,-12.01
10441,4/23/2023 2:37:00 PM,-11.95
10441,4/23/2023 2:37:00 PM,-11.83
10441,4/23/2023 2:37:00 PM,-11.95
10441,4/23/2023 2:37:00 PM,-11.77
10441,4/23/2023 2:37:00 PM,-11.95
10441,4/23/2023 2:37:00 PM,-11.89
10441,4/23/2023 2:37:00 PM,-12.07
10441,4/23/2023 2:37:00 PM,-12.19
10441,4/23/2023 2:37:00 PM,-12.01
10441,4/23/2023 2:37:00 PM,-11.95
10441,4/23/2023 2:38:00 PM,-11.89
10441,4/23/2023 2:38:00 PM,-12.19
10441,4/23/2023 2:38:00 PM,-11.95
10441,4/23/2023 2:38:00 PM,-11.89
10441,4/23/2023 2:38:00 PM,-11.83
10441,4/23/2023 2:38:00 PM,-12.13
10441,4/23/2023 2:38:00 PM,-11.95
10441,4/23/2023 2:38:00 PM,-11.89
10441,4/23/2023 2:38:00 PM,-11.77
10441,4/23/2023 2:38:00 PM,-11.83
10441,4/23/2023 2:39:00 PM,-11.89
10441,4/23/2023 2:39:00 PM,-11.71
10441,4/23/2023 2:39:00 PM,-11.89
10441,4/23/2023 2:39:00 PM,-12.01
10441,4/23/2023 2:39:00 PM,-11.95
10441,4/23/2023 2:39:00 PM,-12.43
10441,4/23/2023 2:39:00 PM,-12.61
10441,4/23/2023 2:39:00 PM,-12.19
10441,4/23/2023 2:39:00 PM,-12.25
10441,4/23/2023 2:39:00 PM,-12.37
10441,4/23/2023 2:39:00 PM,-12.31
10441,4/23/2023 2:39:00 PM,-12.73
10441,4/23/2023 2:39:00 PM,-12.79
10441,4/23/2023 2:40:00 PM,-12.31
10441,4/23/2023 2:40:00 PM,-12.25
10441,4/23/2023 2:40:00 PM,-12.31
10441,4/23/2023 2:40:00 PM,-12.37
10441,4/23/2023 2:40:00 PM,-12.43
10441,4/23/2023 2:40:00 PM,-12.55
10441,4/23/2023 2:40:00 PM,-12.37
10441,4/23/2023 2:40:00 PM,-12.61
10441,4/23/2023 2:40:00 PM,-12.49
10441,4/23/2023 2:40:00 PM,-12.19
10441,4/23/2023 2:40:00 PM,-12.13
10441,4/23/2023 2:41:00 PM,-12.07
10441,4/23/2023 2:41:00 PM,-12.61
10441,4/23/2023 2:41:00 PM,-12.49
10441,4/23/2023 2:41:00 PM,-12.43
10441,4/23/2023 2:41:00 PM,-12.49
10441,4/23/2023 2:41:00 PM,-12.73
10441,4/23/2023 2:41:00 PM,-12.55
10441,4/23/2023 2:41:00 PM,-12.43
10441,4/23/2023 2:42:00 PM,-12.85
10441,4/23/2023 2:42:00 PM,-12.91
10441,4/23/2023 2:42:00 PM,-12.85
10441,4/23/2023 2:42:00 PM,-12.61
10441,4/23/2023 2:42:00 PM,-12.79
10441,4/23/2023 2:42:00 PM,-12.91
10441,4/23/2023 2:42:00 PM,-12.79
10441,4/23/2023 2:42:00 PM,-12.73
10441,4/23/2023 2:42:00 PM,-12.85
10441,4/23/2023 2:43:00 PM,-12.91
10441,4/23/2023 2:43:00 PM,-12.85
10441,4/23/2023 2:43:00 PM,-13.09
10441,4/23/2023 2:43:00 PM,-12.91
10441,4/23/2023 2:43:00 PM,-13.09
10441,4/23/2023 2:43:00 PM,-12.97
10441,4/23/2023 2:43:00 PM,-13.03
10441,4/23/2023 2:43:00 PM,-12.97
10441,4/23/2023 2:44:00 PM,-12.97
10441,4/23/2023 2:44:00 PM,-13.09
10441,4/23/2023 2:44:00 PM,-12.85
10441,4/23/2023 2:44:00 PM,-13.09
10441,4/23/2023 2:44:00 PM,-13.03
10441,4/23/2023 2:44:00 PM,-13.15
10441,4/23/2023 2:44:00 PM,-13.27
10441,4/23/2023 2:44:00 PM,-12.67
10441,4/23/2023 2:44:00 PM,-12.43
10441,4/23/2023 2:44:00 PM,-12.73
10441,4/23/2023 2:44:00 PM,-12.67
10441,4/23/2023 2:44:00 PM,-12.73
10441,4/23/2023 2:44:00 PM,-12.67
10441,4/23/2023 2:45:00 PM,-12.43
10441,4/23/2023 2:45:00 PM,-12.73
10441,4/23/2023 2:45:00 PM,-12.79
10441,4/23/2023 2:45:00 PM,-12.97
10441,4/23/2023 2:45:00 PM,-12.73
10441,4/23/2023 2:45:00 PM,-12.67
10441,4/23/2023 2:45:00 PM,-12.85
10441,4/23/2023 2:45:00 PM,-12.91
10441,4/23/2023 2:45:00 PM,-12.85
10441,4/23/2023 2:45:00 PM,-12.73
10441,4/23/2023 2:46:00 PM,-13.15
10441,4/23/2023 2:46:00 PM,-13.03
10441,4/23/2023 2:46:00 PM,-13.03
10441,4/23/2023 2:46:00 PM,-12.97
10441,4/23/2023 2:46:00 PM,-12.85
10441,4/23/2023 2:46:00 PM,-12.79
10441,4/23/2023 2:46:00 PM,-12.67
10441,4/23/2023 2:47:00 PM,-12.73
10441,4/23/2023 2:47:00 PM,-12.79
10441,4/23/2023 2:47:00 PM,-12.97
10441,4/23/2023 2:47:00 PM,-12.91
10441,4/23/2023 2:47:00 PM,-12.85
10441,4/23/2023 2:47:00 PM,-12.79
10441,4/23/2023 2:47:00 PM,-12.73
10441,4/23/2023 2:47:00 PM,-12.55
10441,4/23/2023 2:48:00 PM,-12.43
10441,4/23/2023 2:48:00 PM,-12.37
10441,4/23/2023 2:48:00 PM,-12.55
10441,4/23/2023 2:48:00 PM,-12.73
10441,4/23/2023 2:48:00 PM,-12.79
10441,4/23/2023 2:48:00 PM,-12.91
10441,4/23/2023 2:48:00 PM,-12.79
10441,4/23/2023 2:48:00 PM,-12.73
10441,4/23/2023 2:48:00 PM,-12.85
10441,4/23/2023 2:48:00 PM,-12.79
10441,4/23/2023 2:48:00 PM,-12.85
10441,4/23/2023 2:49:00 PM,-12.73
10441,4/23/2023 2:49:00 PM,-13.03
10441,4/23/2023 2:49:00 PM,-13.09
10441,4/23/2023 2:49:00 PM,-13.21
10441,4/23/2023 2:49:00 PM,-13.27
10441,4/23/2023 2:49:00 PM,-13.15
10441,4/23/2023 2:49:00 PM,-13.09
10441,4/23/2023 2:50:00 PM,-13.09
10441,4/23/2023 2:50:00 PM,-13.15
10441,4/23/2023 2:50:00 PM,-13.09
10441,4/23/2023 2:50:00 PM,-13.15
10441,4/23/2023 2:50:00 PM,-13.21
10441,4/23/2023 2:50:00 PM,-13.09
10441,4/23/2023 2:50:00 PM,-13.15
10441,4/23/2023 2:50:00 PM,-13.03
10441,4/23/2023 2:51:00 PM,-13.86
10441,4/23/2023 2:51:00 PM,-12.85
10441,4/23/2023 2:51:00 PM,-13.44
10441,4/23/2023 2:51:00 PM,-12.73
10441,4/23/2023 2:51:00 PM,-13.03
10441,4/23/2023 2:51:00 PM,-13.21
10441,4/23/2023 2:51:00 PM,-13.03
10441,4/23/2023 2:51:00 PM,-13.21
10441,4/23/2023 2:51:00 PM,-12.97
10441,4/23/2023 2:51:00 PM,-13.15
10441,4/23/2023 2:51:00 PM,-12.97
10441,4/23/2023 2:51:00 PM,-12.85
10441,4/23/2023 2:51:00 PM,-12.97
10441,4/23/2023 2:51:00 PM,-12.85
10441,4/23/2023 2:52:00 PM,-13.39
10441,4/23/2023 2:52:00 PM,-13.50
10441,4/23/2023 2:52:00 PM,-13.39
10441,4/23/2023 2:52:00 PM,-13.33
10441,4/23/2023 2:52:00 PM,-13.15
10441,4/23/2023 2:52:00 PM,-13.21
10441,4/23/2023 2:52:00 PM,-13.09
10441,4/23/2023 2:52:00 PM,-13.15
10441,4/23/2023 2:52:00 PM,-13.27
10441,4/23/2023 2:52:00 PM,-13.21
10441,4/23/2023 2:52:00 PM,-13.80
10441,4/23/2023 2:52:00 PM,-13.50
10441,4/23/2023 2:53:00 PM,-13.15
10441,4/23/2023 2:53:00 PM,-13.21
10441,4/23/2023 2:53:00 PM,-13.15
10441,4/23/2023 2:53:00 PM,-13.27
10441,4/23/2023 2:53:00 PM,-13.09
10441,4/23/2023 2:53:00 PM,-13.03
10441,4/23/2023 2:53:00 PM,-13.09
10441,4/23/2023 2:53:00 PM,-13.03
10441,4/23/2023 2:54:00 PM,-13.33
10441,4/23/2023 2:54:00 PM,-12.97
10441,4/23/2023 2:54:00 PM,-12.91
10441,4/23/2023 2:54:00 PM,-13.09
10441,4/23/2023 2:54:00 PM,-13.15
10441,4/23/2023 2:54:00 PM,-13.27
10441,4/23/2023 2:54:00 PM,-13.15
10441,4/23/2023 2:54:00 PM,-13.27
10441,4/23/2023 2:54:00 PM,-12.85
10441,4/23/2023 2:55:00 PM,-13.33
10441,4/23/2023 2:55:00 PM,-13.21
10441,4/23/2023 2:55:00 PM,-13.09
10441,4/23/2023 2:55:00 PM,-13.03
10441,4/23/2023 2:55:00 PM,-13.15
10441,4/23/2023 2:55:00 PM,-13.21
10441,4/23/2023 2:55:00 PM,-13.15
10441,4/23/2023 2:55:00 PM,-13.27
10441,4/23/2023 2:55:00 PM,-13.21
10441,4/23/2023 2:56:00 PM,-13.33
10441,4/23/2023 2:56:00 PM,-13.44
10441,4/23/2023 2:56:00 PM,-13.56
10441,4/23/2023 2:56:00 PM,-14.10
10441,4/23/2023 2:56:00 PM,-13.56
10441,4/23/2023 2:56:00 PM,-13.33
10441,4/23/2023 2:56:00 PM,-13.39
10441,4/23/2023 2:56:00 PM,-13.33
10441,4/23/2023 2:56:00 PM,-13.15
10441,4/23/2023 2:56:00 PM,-13.33
10441,4/23/2023 2:56:00 PM,-13.27
10441,4/23/2023 2:56:00 PM,-13.39
10441,4/23/2023 2:57:00 PM,-13.44
10441,4/23/2023 2:57:00 PM,-13.50
10441,4/23/2023 2:57:00 PM,-13.62
10441,4/23/2023 2:57:00 PM,-13.56
10441,4/23/2023 2:57:00 PM,-13.50
10441,4/23/2023 2:57:00 PM,-13.68
10441,4/23/2023 2:57:00 PM,-13.56
10441,4/23/2023 2:57:00 PM,-13.21
10441,4/23/2023 2:57:00 PM,-12.85
10441,4/23/2023 2:57:00 PM,-13.33
10441,4/23/2023 2:58:00 PM,-13.62
10441,4/23/2023 2:58:00 PM,-13.39
10441,4/23/2023 2:58:00 PM,-13.27
10441,4/23/2023 2:58:00 PM,-13.33
10441,4/23/2023 2:58:00 PM,-13.50
10441,4/23/2023 2:58:00 PM,-13.39
10441,4/23/2023 2:58:00 PM,-12.85
10441,4/23/2023 2:58:00 PM,-13.33
10441,4/23/2023 2:58:00 PM,-13.09
10441,4/23/2023 2:58:00 PM,-12.79
10441,4/23/2023 2:58:00 PM,-13.21
10441,4/23/2023 2:59:00 PM,-12.91
10441,4/23/2023 2:59:00 PM,-12.67
10441,4/23/2023 2:59:00 PM,-12.61
10441,4/23/2023 2:59:00 PM,-12.97
10441,4/23/2023 2:59:00 PM,-12.91
10441,4/23/2023 2:59:00 PM,-13.21
10441,4/23/2023 2:59:00 PM,-13.03
10441,4/23/2023 2:59:00 PM,-13.09
10441,4/23/2023 2:59:00 PM,-13.21
10441,4/23/2023 2:59:00 PM,-13.44
10441,4/23/2023 3:00:00 PM,-12.25
10441,4/23/2023 3:00:00 PM,-12.85
10441,4/23/2023 3:00:00 PM,-12.61
10441,4/23/2023 3:00:00 PM,-12.49
10441,4/23/2023 3:00:00 PM,-12.79
10441,4/23/2023 3:00:00 PM,-12.55
10441,4/23/2023 3:00:00 PM,-12.49
10441,4/23/2023 3:00:00 PM,-13.33
10441,4/23/2023 3:00:00 PM,-13.27
10441,4/23/2023 3:00:00 PM,-13.15
10441,4/23/2023 3:00:00 PM,-13.33
10441,4/23/2023 3:00:00 PM,-13.09
10441,4/23/2023 3:00:00 PM,-13.03
10441,4/23/2023 3:01:00 PM,-12.67
10441,4/23/2023 3:01:00 PM,-12.73
10441,4/23/2023 3:01:00 PM,-12.85
10441,4/23/2023 3:01:00 PM,-12.79
10441,4/23/2023 3:01:00 PM,-12.61
10441,4/23/2023 3:01:00 PM,-12.67
10441,4/23/2023 3:01:00 PM,-12.55
10441,4/23/2023 3:01:00 PM,-12.49
10441,4/23/2023 3:01:00 PM,-12.61
10441,4/23/2023 3:01:00 PM,-12.55
10441,4/23/2023 3:01:00 PM,-12.73
10441,4/23/2023 3:01:00 PM,-12.31
10441,4/23/2023 3:02:00 PM,-12.37
10441,4/23/2023 3:02:00 PM,-12.19
10441,4/23/2023 3:02:00 PM,-12.07
10441,4/23/2023 3:02:00 PM,-12.13
10441,4/23/2023 3:02:00 PM,-11.59
10441,4/23/2023 3:02:00 PM,-12.01
10441,4/23/2023 3:03:00 PM,-11.83
10441,4/23/2023 3:03:00 PM,-11.65
10441,4/23/2023 3:03:00 PM,-11.53
10441,4/23/2023 3:03:00 PM,-11.83
10441,4/23/2023 3:03:00 PM,-12.07
10441,4/23/2023 3:03:00 PM,-12.13
10441,4/23/2023 3:03:00 PM,-12.19
10441,4/23/2023 3:03:00 PM,-12.37
10441,4/23/2023 3:03:00 PM,-12.31
10441,4/23/2023 3:03:00 PM,-12.07
10441,4/23/2023 3:04:00 PM,-12.31
10441,4/23/2023 3:04:00 PM,-11.71
10441,4/23/2023 3:04:00 PM,-11.53
10441,4/23/2023 3:04:00 PM,-11.35
10441,4/23/2023 3:04:00 PM,-10.99
10441,4/23/2023 3:04:00 PM,-11.23
10441,4/23/2023 3:04:00 PM,-11.83
10441,4/23/2023 3:04:00 PM,-11.71
10441,4/23/2023 3:04:00 PM,-11.65
10441,4/23/2023 3:04:00 PM,-11.71
10441,4/23/2023 3:04:00 PM,-11.77
10441,4/23/2023 3:04:00 PM,-11.59
10441,4/23/2023 3:04:00 PM,-11.47
10441,4/23/2023 3:05:00 PM,-12.07
10441,4/23/2023 3:05:00 PM,-12.19
10441,4/23/2023 3:05:00 PM,-12.67
10441,4/23/2023 3:05:00 PM,-12.61
10441,4/23/2023 3:05:00 PM,-12.67
10441,4/23/2023 3:05:00 PM,-12.55
10441,4/23/2023 3:05:00 PM,-12.31
10441,4/23/2023 3:05:00 PM,-12.49
10441,4/23/2023 3:05:00 PM,-11.95
10441,4/23/2023 3:05:00 PM,-12.01
10441,4/23/2023 3:05:00 PM,-12.19
10441,4/23/2023 3:05:00 PM,-12.61
10441,4/23/2023 3:06:00 PM,-12.49
10441,4/23/2023 3:06:00 PM,-12.37
10441,4/23/2023 3:06:00 PM,-12.43
10441,4/23/2023 3:06:00 PM,-12.49
10441,4/23/2023 3:06:00 PM,-12.55
10441,4/23/2023 3:06:00 PM,-12.61
10441,4/23/2023 3:06:00 PM,-12.25
10441,4/23/2023 3:06:00 PM,-12.55
10441,4/23/2023 3:07:00 PM,-12.49
10441,4/23/2023 3:07:00 PM,-12.73
10441,4/23/2023 3:07:00 PM,-12.67
10441,4/23/2023 3:07:00 PM,-12.91
10441,4/23/2023 3:07:00 PM,-12.73
10441,4/23/2023 3:07:00 PM,-12.97
10441,4/23/2023 3:07:00 PM,-12.49
10441,4/23/2023 3:07:00 PM,-12.37
10441,4/23/2023 3:07:00 PM,-12.79
10441,4/23/2023 3:07:00 PM,-12.97
10441,4/23/2023 3:07:00 PM,-12.73
10441,4/23/2023 3:07:00 PM,-12.79
10441,4/23/2023 3:07:00 PM,-12.67
10441,4/23/2023 3:07:00 PM,-12.61
10441,4/23/2023 3:08:00 PM,-12.43
10441,4/23/2023 3:08:00 PM,-12.49
10441,4/23/2023 3:08:00 PM,-12.73
10441,4/23/2023 3:08:00 PM,-12.67
10441,4/23/2023 3:08:00 PM,-12.79
10441,4/23/2023 3:08:00 PM,-12.85
10441,4/23/2023 3:08:00 PM,-13.09
10441,4/23/2023 3:08:00 PM,-12.85
10441,4/23/2023 3:08:00 PM,-12.97
10441,4/23/2023 3:08:00 PM,-13.09
10441,4/23/2023 3:08:00 PM,-13.33
10441,4/23/2023 3:08:00 PM,-13.21
10441,4/23/2023 3:09:00 PM,-13.21
10441,4/23/2023 3:09:00 PM,-13.03
10441,4/23/2023 3:09:00 PM,-12.91
10441,4/23/2023 3:09:00 PM,-12.85
10441,4/23/2023 3:09:00 PM,-12.91
10441,4/23/2023 3:09:00 PM,-12.79
10441,4/23/2023 3:09:00 PM,-13.50
10441,4/23/2023 3:09:00 PM,-13.39
10441,4/23/2023 3:09:00 PM,-13.33
10441,4/23/2023 3:09:00 PM,-13.21
10441,4/23/2023 3:09:00 PM,-13.33
10441,4/23/2023 3:09:00 PM,-12.73
10441,4/23/2023 3:09:00 PM,-13.15
10441,4/23/2023 3:10:00 PM,-12.73
10441,4/23/2023 3:10:00 PM,-12.67
10441,4/23/2023 3:10:00 PM,-12.61
10441,4/23/2023 3:10:00 PM,-12.67
10441,4/23/2023 3:10:00 PM,-12.79
10441,4/23/2023 3:10:00 PM,-12.67
10441,4/23/2023 3:10:00 PM,-12.85
10441,4/23/2023 3:10:00 PM,-12.73
10441,4/23/2023 3:10:00 PM,-12.67
10441,4/23/2023 3:11:00 PM,-12.49
10441,4/23/2023 3:11:00 PM,-12.55
10441,4/23/2023 3:11:00 PM,-12.43
10441,4/23/2023 3:11:00 PM,-12.25
10441,4/23/2023 3:11:00 PM,-12.31
10441,4/23/2023 3:11:00 PM,-12.49
10441,4/23/2023 3:11:00 PM,-12.67
10441,4/23/2023 3:11:00 PM,-12.97
10441,4/23/2023 3:12:00 PM,-12.55
10441,4/23/2023 3:12:00 PM,-12.97
10441,4/23/2023 3:12:00 PM,-12.55
10441,4/23/2023 3:12:00 PM,-12.91
10441,4/23/2023 3:12:00 PM,-12.61
10441,4/23/2023 3:12:00 PM,-12.73
10441,4/23/2023 3:12:00 PM,-12.55
10441,4/23/2023 3:12:00 PM,-12.85
10441,4/23/2023 3:12:00 PM,-12.55
10441,4/23/2023 3:12:00 PM,-13.09
10441,4/23/2023 3:12:00 PM,-12.73
10441,4/23/2023 3:12:00 PM,-12.79
10441,4/23/2023 3:12:00 PM,-12.91
10441,4/23/2023 3:12:00 PM,-13.09
10441,4/23/2023 3:13:00 PM,-12.73
10441,4/23/2023 3:13:00 PM,-12.91
10441,4/23/2023 3:13:00 PM,-12.79
10441,4/23/2023 3:13:00 PM,-12.85
10441,4/23/2023 3:13:00 PM,-12.97
10441,4/23/2023 3:13:00 PM,-12.91
10441,4/23/2023 3:13:00 PM,-12.85
10441,4/23/2023 3:13:00 PM,-12.73
10441,4/23/2023 3:13:00 PM,-12.61
10441,4/23/2023 3:13:00 PM,-12.49
10441,4/23/2023 3:14:00 PM,-12.55
10441,4/23/2023 3:14:00 PM,-12.49
10441,4/23/2023 3:14:00 PM,-12.61
10441,4/23/2023 3:14:00 PM,-12.31
10441,4/23/2023 3:14:00 PM,-12.25
10441,4/23/2023 3:14:00 PM,-12.37
10441,4/23/2023 3:14:00 PM,-12.31
10441,4/23/2023 3:14:00 PM,-12.25
10441,4/23/2023 3:15:00 PM,-12.49
10441,4/23/2023 3:15:00 PM,-12.43
10441,4/23/2023 3:15:00 PM,-12.61
10441,4/23/2023 3:15:00 PM,-12.55
10441,4/23/2023 3:15:00 PM,-12.31
10441,4/23/2023 3:15:00 PM,-12.01
10441,4/23/2023 3:15:00 PM,-12.13
10441,4/23/2023 3:15:00 PM,-12.37
10441,4/23/2023 3:15:00 PM,-11.47
10441,4/23/2023 3:15:00 PM,-12.13
10441,4/23/2023 3:15:00 PM,-12.07
10441,4/23/2023 3:16:00 PM,-12.01
10441,4/23/2023 3:16:00 PM,-12.07
10441,4/23/2023 3:16:00 PM,-12.13
10441,4/23/2023 3:16:00 PM,-12.07
10441,4/23/2023 3:16:00 PM,-12.01
10441,4/23/2023 3:16:00 PM,-11.95
10441,4/23/2023 3:16:00 PM,-12.01
10441,4/23/2023 3:16:00 PM,-11.95
10441,4/23/2023 3:16:00 PM,-12.07
10441,4/23/2023 3:16:00 PM,-12.31
10441,4/23/2023 3:16:00 PM,-12.73
10441,4/23/2023 3:16:00 PM,-12.31
10441,4/23/2023 3:17:00 PM,-13.50
10441,4/23/2023 3:17:00 PM,-13.44
10441,4/23/2023 3:17:00 PM,-13.33
10441,4/23/2023 3:17:00 PM,-13.56
10441,4/23/2023 3:17:00 PM,-13.44
10441,4/23/2023 3:17:00 PM,-13.56
10441,4/23/2023 3:17:00 PM,-13.62
10441,4/23/2023 3:17:00 PM,-13.68
10441,4/23/2023 3:17:00 PM,-12.49
10441,4/23/2023 3:17:00 PM,-12.67
10441,4/23/2023 3:17:00 PM,-12.91
10441,4/23/2023 3:17:00 PM,-13.03
10441,4/23/2023 3:17:00 PM,-13.33
10441,4/23/2023 3:17:00 PM,-13.03
10441,4/23/2023 3:18:00 PM,-13.33
10441,4/23/2023 3:18:00 PM,-13.39
10441,4/23/2023 3:18:00 PM,-13.44
10441,4/23/2023 3:18:00 PM,-13.39
10441,4/23/2023 3:18:00 PM,-13.44
10441,4/23/2023 3:19:00 PM,-13.50
10441,4/23/2023 3:19:00 PM,-13.44
10441,4/23/2023 3:19:00 PM,-13.50
10441,4/23/2023 3:19:00 PM,-13.56
10441,4/23/2023 3:19:00 PM,-13.21
10441,4/23/2023 3:19:00 PM,-13.39
10441,4/23/2023 3:19:00 PM,-13.50
10441,4/23/2023 3:20:00 PM,-13.68
10441,4/23/2023 3:20:00 PM,-13.62
10441,4/23/2023 3:20:00 PM,-13.56
10441,4/23/2023 3:20:00 PM,-13.62
10441,4/23/2023 3:20:00 PM,-13.68
10441,4/23/2023 3:20:00 PM,-13.56
10441,4/23/2023 3:20:00 PM,-13.68
10441,4/23/2023 3:20:00 PM,-13.74
10441,4/23/2023 3:20:00 PM,-14.10
10441,4/23/2023 3:20:00 PM,-14.04
10441,4/23/2023 3:21:00 PM,-14.10
10441,4/23/2023 3:21:00 PM,-14.16
10441,4/23/2023 3:21:00 PM,-13.98
10441,4/23/2023 3:21:00 PM,-13.98
10441,4/23/2023 3:21:00 PM,-13.92
10441,4/23/2023 3:21:00 PM,-13.74
10441,4/23/2023 3:21:00 PM,-13.80
10441,4/23/2023 3:21:00 PM,-13.86
10441,4/23/2023 3:21:00 PM,-13.92
10441,4/23/2023 3:21:00 PM,-14.04
10441,4/23/2023 3:21:00 PM,-14.16
10441,4/23/2023 3:21:00 PM,-13.98
10441,4/23/2023 3:21:00 PM,-14.16
10441,4/23/2023 3:22:00 PM,-13.86
10441,4/23/2023 3:22:00 PM,-14.28
10441,4/23/2023 3:22:00 PM,-14.16
10441,4/23/2023 3:22:00 PM,-13.92
10441,4/23/2023 3:22:00 PM,-13.98
10441,4/23/2023 3:22:00 PM,-13.80
10441,4/23/2023 3:22:00 PM,-13.86
10441,4/23/2023 3:22:00 PM,-13.98
10441,4/23/2023 3:23:00 PM,-14.04
10441,4/23/2023 3:23:00 PM,-14.10
10441,4/23/2023 3:23:00 PM,-14.46
10441,4/23/2023 3:23:00 PM,-14.22
10441,4/23/2023 3:23:00 PM,-14.10
10441,4/23/2023 3:23:00 PM,-13.98
10441,4/23/2023 3:23:00 PM,-14.04
10441,4/23/2023 3:23:00 PM,-13.98
10441,4/23/2023 3:23:00 PM,-13.92
10441,4/23/2023 3:23:00 PM,-13.98
10441,4/23/2023 3:24:00 PM,-13.74
10441,4/23/2023 3:24:00 PM,-13.92
10441,4/23/2023 3:24:00 PM,-13.86
10441,4/23/2023 3:24:00 PM,-13.80
10441,4/23/2023 3:24:00 PM,-13.86
10441,4/23/2023 3:24:00 PM,-13.92
10441,4/23/2023 3:24:00 PM,-13.86
10441,4/23/2023 3:24:00 PM,-13.80
10441,4/23/2023 3:24:00 PM,-13.68
10441,4/23/2023 3:24:00 PM,-13.74
10441,4/23/2023 3:24:00 PM,-13.80
10441,4/23/2023 3:24:00 PM,-13.74
10441,4/23/2023 3:25:00 PM,-13.68
10441,4/23/2023 3:25:00 PM,-13.74
10441,4/23/2023 3:25:00 PM,-14.16
10441,4/23/2023 3:25:00 PM,-13.86
10441,4/23/2023 3:25:00 PM,-13.80
10441,4/23/2023 3:25:00 PM,-13.74
10441,4/23/2023 3:25:00 PM,-13.09
10441,4/23/2023 3:25:00 PM,-13.39
10441,4/23/2023 3:25:00 PM,-13.50
10441,4/23/2023 3:25:00 PM,-13.39
10441,4/23/2023 3:25:00 PM,-13.33
10441,4/23/2023 3:25:00 PM,-13.68
10441,4/23/2023 3:25:00 PM,-13.50
10441,4/23/2023 3:26:00 PM,-13.56
10441,4/23/2023 3:26:00 PM,-13.50
10441,4/23/2023 3:26:00 PM,-13.44
10441,4/23/2023 3:26:00 PM,-13.33
10441,4/23/2023 3:26:00 PM,-13.39
10441,4/23/2023 3:26:00 PM,-13.33
10441,4/23/2023 3:26:00 PM,-13.56
10441,4/23/2023 3:26:00 PM,-13.33
10441,4/23/2023 3:26:00 PM,-13.27
10441,4/23/2023 3:27:00 PM,-13.50
10441,4/23/2023 3:27:00 PM,-13.56
10441,4/23/2023 3:27:00 PM,-13.86
10441,4/23/2023 3:27:00 PM,-14.16
10441,4/23/2023 3:27:00 PM,-14.22
10441,4/23/2023 3:27:00 PM,-13.09
10441,4/23/2023 3:27:00 PM,-13.21
10441,4/23/2023 3:27:00 PM,-13.68
10441,4/23/2023 3:27:00 PM,-13.44
10441,4/23/2023 3:27:00 PM,-13.33
10441,4/23/2023 3:27:00 PM,-13.39
10441,4/23/2023 3:28:00 PM,-14.28
10441,4/23/2023 3:28:00 PM,-14.22
10441,4/23/2023 3:28:00 PM,-14.28
10441,4/23/2023 3:28:00 PM,-14.40
10441,4/23/2023 3:28:00 PM,-13.86
10441,4/23/2023 3:28:00 PM,-13.98
10441,4/23/2023 3:28:00 PM,-14.28
10441,4/23/2023 3:28:00 PM,-14.34
10441,4/23/2023 3:29:00 PM,-13.86
10441,4/23/2023 3:29:00 PM,-13.74
10441,4/23/2023 3:29:00 PM,-14.04
10441,4/23/2023 3:29:00 PM,-14.22
10441,4/23/2023 3:29:00 PM,-13.68
10441,4/23/2023 3:29:00 PM,-13.86
10441,4/23/2023 3:29:00 PM,-14.04
10441,4/23/2023 3:29:00 PM,-13.92
10441,4/23/2023 3:29:00 PM,-13.98
10441,4/23/2023 3:29:00 PM,-14.40
10441,4/23/2023 3:30:00 PM,-14.46
10441,4/23/2023 3:30:00 PM,-14.40
10441,4/23/2023 3:30:00 PM,-14.46
10441,4/23/2023 3:30:00 PM,-14.34
10441,4/23/2023 3:30:00 PM,-14.52
10441,4/23/2023 3:30:00 PM,-14.76
10441,4/23/2023 3:30:00 PM,-14.64
10441,4/23/2023 3:30:00 PM,-14.22
10441,4/23/2023 3:30:00 PM,-14.10
10441,4/23/2023 3:30:00 PM,-14.40
10441,4/23/2023 3:31:00 PM,-14.22
10441,4/23/2023 3:31:00 PM,-14.16
10441,4/23/2023 3:31:00 PM,-13.86
10441,4/23/2023 3:31:00 PM,-13.80
10441,4/23/2023 3:31:00 PM,-13.92
10441,4/23/2023 3:31:00 PM,-14.04
10441,4/23/2023 3:31:00 PM,-14.10
10441,4/23/2023 3:31:00 PM,-14.34
10441,4/23/2023 3:31:00 PM,-14.22
10441,4/23/2023 3:31:00 PM,-13.92
10441,4/23/2023 3:31:00 PM,-13.80
10441,4/23/2023 3:32:00 PM,-14.28
10441,4/23/2023 3:32:00 PM,-14.40
10441,4/23/2023 3:32:00 PM,-14.46
10441,4/23/2023 3:32:00 PM,-14.16
10441,4/23/2023 3:32:00 PM,-13.92
10441,4/23/2023 3:32:00 PM,-13.98
10441,4/23/2023 3:32:00 PM,-13.92
10441,4/23/2023 3:32:00 PM,-13.98
10441,4/23/2023 3:32:00 PM,-13.74
10441,4/23/2023 3:32:00 PM,-13.56
10441,4/23/2023 3:32:00 PM,-13.33
10441,4/23/2023 3:32:00 PM,-13.44
10441,4/23/2023 3:33:00 PM,-13.80
10441,4/23/2023 3:33:00 PM,-13.86
10441,4/23/2023 3:33:00 PM,-13.80
10441,4/23/2023 3:33:00 PM,-13.68
10441,4/23/2023 3:33:00 PM,-13.50
10441,4/23/2023 3:33:00 PM,-13.33
10441,4/23/2023 3:33:00 PM,-13.44
10441,4/23/2023 3:33:00 PM,-13.39
10441,4/23/2023 3:33:00 PM,-13.27
10441,4/23/2023 3:33:00 PM,-13.33
10441,4/23/2023 3:33:00 PM,-13.74
10441,4/23/2023 3:34:00 PM,-13.62
10441,4/23/2023 3:34:00 PM,-14.04
10441,4/23/2023 3:34:00 PM,-14.22
10441,4/23/2023 3:34:00 PM,-14.28
10441,4/23/2023 3:34:00 PM,-14.16
10441,4/23/2023 3:34:00 PM,-12.73
10441,4/23/2023 3:34:00 PM,-13.92
10441,4/23/2023 3:34:00 PM,-13.86
10441,4/23/2023 3:34:00 PM,-13.98
10441,4/23/2023 3:34:00 PM,-13.92
10441,4/23/2023 3:34:00 PM,-13.68
10441,4/23/2023 3:34:00 PM,-13.39
10441,4/23/2023 3:34:00 PM,-13.21
10441,4/23/2023 3:34:00 PM,-12.91
10441,4/23/2023 3:35:00 PM,-12.31
10441,4/23/2023 3:35:00 PM,-12.61
10441,4/23/2023 3:35:00 PM,-13.15
10441,4/23/2023 3:35:00 PM,-11.89
10441,4/23/2023 3:35:00 PM,-12.07
10441,4/23/2023 3:35:00 PM,-12.37
10441,4/23/2023 3:35:00 PM,-12.79
10441,4/23/2023 3:35:00 PM,-12.13
10441,4/23/2023 3:35:00 PM,-12.43
10441,4/23/2023 3:35:00 PM,-12.61
10441,4/23/2023 3:35:00 PM,-12.19
10441,4/23/2023 3:36:00 PM,-13.56
10441,4/23/2023 3:36:00 PM,-13.09
10441,4/23/2023 3:36:00 PM,-13.27
10441,4/23/2023 3:36:00 PM,-13.21
10441,4/23/2023 3:36:00 PM,-12.85
10441,4/23/2023 3:36:00 PM,-12.73
10441,4/23/2023 3:36:00 PM,-12.55
10441,4/23/2023 3:36:00 PM,-12.49
10441,4/23/2023 3:36:00 PM,-12.43
10441,4/23/2023 3:36:00 PM,-12.61
10441,4/23/2023 3:36:00 PM,-12.73
10441,4/23/2023 3:36:00 PM,-13.98
10441,4/23/2023 3:36:00 PM,-14.64
10441,4/23/2023 3:36:00 PM,-14.58
10441,4/23/2023 3:36:00 PM,-14.10
10441,4/23/2023 3:37:00 PM,-12.79
10441,4/23/2023 3:37:00 PM,-12.73
10441,4/23/2023 3:37:00 PM,-12.61
10441,4/23/2023 3:37:00 PM,-12.55
10441,4/23/2023 3:37:00 PM,-12.43
10441,4/23/2023 3:37:00 PM,-12.37
10441,4/23/2023 3:37:00 PM,-12.19
10441,4/23/2023 3:37:00 PM,-12.31
10441,4/23/2023 3:37:00 PM,-12.37
10441,4/23/2023 3:37:00 PM,-12.91
10441,4/23/2023 3:37:00 PM,-12.97
10441,4/23/2023 3:37:00 PM,-12.79
10441,4/23/2023 3:38:00 PM,-13.50
10441,4/23/2023 3:38:00 PM,-12.73
10441,4/23/2023 3:38:00 PM,-12.85
10441,4/23/2023 3:38:00 PM,-12.97
10441,4/23/2023 3:38:00 PM,-12.85
10441,4/23/2023 3:38:00 PM,-13.03
10441,4/23/2023 3:38:00 PM,-14.04
10441,4/23/2023 3:38:00 PM,-12.97
10441,4/23/2023 3:38:00 PM,-13.03
10441,4/23/2023 3:38:00 PM,-13.15
10441,4/23/2023 3:38:00 PM,-13.39
10441,4/23/2023 3:38:00 PM,-13.68
10441,4/23/2023 3:38:00 PM,-13.62
10441,4/23/2023 3:39:00 PM,-13.56
10441,4/23/2023 3:39:00 PM,-14.04
10441,4/23/2023 3:39:00 PM,-12.91
10441,4/23/2023 3:39:00 PM,-13.09
10441,4/23/2023 3:39:00 PM,-13.39
10441,4/23/2023 3:39:00 PM,-13.86
10441,4/23/2023 3:39:00 PM,-14.04
10441,4/23/2023 3:39:00 PM,-14.34
10441,4/23/2023 3:39:00 PM,-13.98
10441,4/23/2023 3:39:00 PM,-13.68
10441,4/23/2023 3:39:00 PM,-13.33
10441,4/23/2023 3:39:00 PM,-13.44
10441,4/23/2023 3:39:00 PM,-13.15
10441,4/23/2023 3:39:00 PM,-12.85
10441,4/23/2023 3:40:00 PM,-13.86
10441,4/23/2023 3:40:00 PM,-13.80
10441,4/23/2023 3:40:00 PM,-13.86
10441,4/23/2023 3:40:00 PM,-13.92
10441,4/23/2023 3:40:00 PM,-13.74
10441,4/23/2023 3:40:00 PM,-13.33
10441,4/23/2023 3:40:00 PM,-12.61
10441,4/23/2023 3:40:00 PM,-13.15
10441,4/23/2023 3:40:00 PM,-12.97
10441,4/23/2023 3:40:00 PM,-13.03
10441,4/23/2023 3:40:00 PM,-12.91
10441,4/23/2023 3:40:00 PM,-12.85
10441,4/23/2023 3:40:00 PM,-13.09
10441,4/23/2023 3:41:00 PM,-12.31
10441,4/23/2023 3:41:00 PM,-12.01
10441,4/23/2023 3:41:00 PM,-11.95
10441,4/23/2023 3:41:00 PM,-11.89
10441,4/23/2023 3:41:00 PM,-11.71
10441,4/23/2023 3:41:00 PM,-11.59
10441,4/23/2023 3:41:00 PM,-12.07
10441,4/23/2023 3:41:00 PM,-12.13
10441,4/23/2023 3:41:00 PM,-12.19
10441,4/23/2023 3:41:00 PM,-12.25
10441,4/23/2023 3:41:00 PM,-12.19
10441,4/23/2023 3:41:00 PM,-12.01
10441,4/23/2023 3:41:00 PM,-12.19
10441,4/23/2023 3:42:00 PM,-11.23
10441,4/23/2023 3:42:00 PM,-11.11
10441,4/23/2023 3:42:00 PM,-11.05
10441,4/23/2023 3:42:00 PM,-10.93
10441,4/23/2023 3:42:00 PM,-10.99
10441,4/23/2023 3:42:00 PM,-10.93
10441,4/23/2023 3:42:00 PM,-10.87
10441,4/23/2023 3:42:00 PM,-11.29
10441,4/23/2023 3:42:00 PM,-11.83
10441,4/23/2023 3:42:00 PM,-12.25
10441,4/23/2023 3:42:00 PM,-11.77
10441,4/23/2023 3:42:00 PM,-11.71
10441,4/23/2023 3:42:00 PM,-11.65
10441,4/23/2023 3:42:00 PM,-11.47
10441,4/23/2023 3:43:00 PM,-11.29
10441,4/23/2023 3:43:00 PM,-11.23
10441,4/23/2023 3:43:00 PM,-11.17
10441,4/23/2023 3:43:00 PM,-11.11
10441,4/23/2023 3:43:00 PM,-11.65
10441,4/23/2023 3:43:00 PM,-11.83
10441,4/23/2023 3:43:00 PM,-12.01
10441,4/23/2023 3:43:00 PM,-11.71
10441,4/23/2023 3:43:00 PM,-11.53
10441,4/23/2023 3:43:00 PM,-11.41
10441,4/23/2023 3:43:00 PM,-11.23
10441,4/23/2023 3:44:00 PM,-10.81
10441,4/23/2023 3:44:00 PM,-10.40
10441,4/23/2023 3:44:00 PM,-10.28
10441,4/23/2023 3:44:00 PM,-10.10
10441,4/23/2023 3:44:00 PM,-9.80
10441,4/23/2023 3:44:00 PM,-9.74
10441,4/23/2023 3:44:00 PM,-9.62
10441,4/23/2023 3:44:00 PM,-9.50
10441,4/23/2023 3:44:00 PM,-9.38
10441,4/23/2023 3:44:00 PM,-9.20
10441,4/23/2023 3:44:00 PM,-9.26
10441,4/23/2023 3:45:00 PM,-9.20
10441,4/23/2023 3:45:00 PM,-9.56
10441,4/23/2023 3:45:00 PM,-9.50
10441,4/23/2023 3:45:00 PM,-10.87
10441,4/23/2023 3:45:00 PM,-11.11
10441,4/23/2023 3:45:00 PM,-10.63
10441,4/23/2023 3:45:00 PM,-10.57
10441,4/23/2023 3:45:00 PM,-10.69
10441,4/23/2023 3:45:00 PM,-11.29
10441,4/23/2023 3:45:00 PM,-11.11
10441,4/23/2023 3:45:00 PM,-10.93
10441,4/23/2023 3:46:00 PM,-11.35
10441,4/23/2023 3:46:00 PM,-11.47
10441,4/23/2023 3:46:00 PM,-11.41
10441,4/23/2023 3:46:00 PM,-11.17
10441,4/23/2023 3:46:00 PM,-10.99
10441,4/23/2023 3:46:00 PM,-10.93
10441,4/23/2023 3:46:00 PM,-11.29
10441,4/23/2023 3:46:00 PM,-11.35
10441,4/23/2023 3:46:00 PM,-11.23
10441,4/23/2023 3:46:00 PM,-11.05
10441,4/23/2023 3:47:00 PM,-9.50
10441,4/23/2023 3:47:00 PM,-9.38
10441,4/23/2023 3:47:00 PM,-9.62
10441,4/23/2023 3:47:00 PM,-9.86
10441,4/23/2023 3:47:00 PM,-10.04
10441,4/23/2023 3:47:00 PM,-10.10
10441,4/23/2023 3:47:00 PM,-9.86
10441,4/23/2023 3:47:00 PM,-10.87
10441,4/23/2023 3:47:00 PM,-10.75
10441,4/23/2023 3:47:00 PM,-10.69
10441,4/23/2023 3:47:00 PM,-10.10
10441,4/23/2023 3:47:00 PM,-10.16
10441,4/23/2023 3:47:00 PM,-9.92
10441,4/23/2023 3:48:00 PM,-9.80
10441,4/23/2023 3:48:00 PM,-10.10
10441,4/23/2023 3:48:00 PM,-9.92
10441,4/23/2023 3:48:00 PM,-9.80
10441,4/23/2023 3:48:00 PM,-9.74
10441,4/23/2023 3:48:00 PM,-9.80
10441,4/23/2023 3:48:00 PM,-9.92
10441,4/23/2023 3:48:00 PM,-10.22
10441,4/23/2023 3:48:00 PM,-10.40
10441,4/23/2023 3:48:00 PM,-10.51
10441,4/23/2023 3:48:00 PM,-10.63
10441,4/23/2023 3:48:00 PM,-10.93
10441,4/23/2023 3:48:00 PM,-10.87
10441,4/23/2023 3:49:00 PM,-11.65
10441,4/23/2023 3:49:00 PM,-11.71
10441,4/23/2023 3:49:00 PM,-11.65
10441,4/23/2023 3:49:00 PM,-11.59
10441,4/23/2023 3:49:00 PM,-10.75
10441,4/23/2023 3:49:00 PM,-10.81
10441,4/23/2023 3:49:00 PM,-11.35
10441,4/23/2023 3:49:00 PM,-11.41
10441,4/23/2023 3:49:00 PM,-11.53
10441,4/23/2023 3:49:00 PM,-11.59
10441,4/23/2023 3:50:00 PM,-11.47
10441,4/23/2023 3:50:00 PM,-11.41
10441,4/23/2023 3:50:00 PM,-11.29
10441,4/23/2023 3:50:00 PM,-11.11
10441,4/23/2023 3:50:00 PM,-11.23
10441,4/23/2023 3:50:00 PM,-11.17
10441,4/23/2023 3:50:00 PM,-11.47
10441,4/23/2023 3:50:00 PM,-11.71
10441,4/23/2023 3:51:00 PM,-11.59
10441,4/23/2023 3:51:00 PM,-11.53
10441,4/23/2023 3:51:00 PM,-11.71
10441,4/23/2023 3:51:00 PM,-11.77
10441,4/23/2023 3:51:00 PM,-12.01
10441,4/23/2023 3:51:00 PM,-12.31
10441,4/23/2023 3:51:00 PM,-13.92
10441,4/23/2023 3:51:00 PM,-12.55
10441,4/23/2023 3:51:00 PM,-12.79
10441,4/23/2023 3:51:00 PM,-13.44
10441,4/23/2023 3:51:00 PM,-13.27
10441,4/23/2023 3:51:00 PM,-13.56
10441,4/23/2023 3:51:00 PM,-13.80
10441,4/23/2023 3:52:00 PM,-13.98
10441,4/23/2023 3:52:00 PM,-14.10
10441,4/23/2023 3:52:00 PM,-14.28
10441,4/23/2023 3:52:00 PM,-14.46
10441,4/23/2023 3:52:00 PM,-14.58
10441,4/23/2023 3:52:00 PM,-14.64
10441,4/23/2023 3:52:00 PM,-16.61
10441,4/23/2023 3:52:00 PM,-14.70
10441,4/23/2023 3:52:00 PM,-15.00
10441,4/23/2023 3:52:00 PM,-15.36
10441,4/23/2023 3:52:00 PM,-15.54
10441,4/23/2023 3:52:00 PM,-15.78
10441,4/23/2023 3:52:00 PM,-16.43
10441,4/23/2023 3:53:00 PM,-15.18
10441,4/23/2023 3:53:00 PM,-15.30
10441,4/23/2023 3:53:00 PM,-16.14
10441,4/23/2023 3:53:00 PM,-15.96
10441,4/23/2023 3:53:00 PM,-15.84
10441,4/23/2023 3:53:00 PM,-15.78
10441,4/23/2023 3:53:00 PM,-15.54
10441,4/23/2023 3:53:00 PM,-15.36
10441,4/23/2023 3:53:00 PM,-16.73
10441,4/23/2023 3:53:00 PM,-16.79
10441,4/23/2023 3:53:00 PM,-16.67
10441,4/23/2023 3:53:00 PM,-16.38
10441,4/23/2023 3:53:00 PM,-16.32
10441,4/23/2023 3:53:00 PM,-16.38
10441,4/23/2023 3:54:00 PM,-14.58
10441,4/23/2023 3:54:00 PM,-14.46
10441,4/23/2023 3:54:00 PM,-14.34
10441,4/23/2023 3:54:00 PM,-14.40
10441,4/23/2023 3:54:00 PM,-14.34
10441,4/23/2023 3:54:00 PM,-14.16
10441,4/23/2023 3:54:00 PM,-14.64
10441,4/23/2023 3:54:00 PM,-14.76
10441,4/23/2023 3:54:00 PM,-13.98
10441,4/23/2023 3:54:00 PM,-14.28
10441,4/23/2023 3:54:00 PM,-14.64
10441,4/23/2023 3:54:00 PM,-13.74
10441,4/23/2023 3:54:00 PM,-15.24
10441,4/23/2023 3:54:00 PM,-14.88
10441,4/23/2023 3:55:00 PM,-13.98
10441,4/23/2023 3:55:00 PM,-13.86
10441,4/23/2023 3:55:00 PM,-13.15
10441,4/23/2023 3:55:00 PM,-13.39
10441,4/23/2023 3:55:00 PM,-12.85
10441,4/23/2023 3:55:00 PM,-12.43
10441,4/23/2023 3:55:00 PM,-11.23
10441,4/23/2023 3:55:00 PM,-11.11
10441,4/23/2023 3:55:00 PM,-10.69
10441,4/23/2023 3:55:00 PM,-12.31
10441,4/23/2023 3:55:00 PM,-12.13
10441,4/23/2023 3:55:00 PM,-11.95
10441,4/23/2023 3:55:00 PM,-11.89
10441,4/23/2023 3:55:00 PM,-11.83
10441,4/23/2023 3:55:00 PM,-11.53
10441,4/23/2023 3:56:00 PM,-9.50
10441,4/23/2023 3:56:00 PM,-9.74
10441,4/23/2023 3:56:00 PM,-9.62
10441,4/23/2023 3:56:00 PM,-10.28
10441,4/23/2023 3:56:00 PM,-9.98
10441,4/23/2023 3:56:00 PM,-9.80
10441,4/23/2023 3:56:00 PM,-9.50
10441,4/23/2023 3:56:00 PM,-9.62
10441,4/23/2023 3:56:00 PM,-9.56
10441,4/23/2023 3:56:00 PM,-10.51
10441,4/23/2023 3:57:00 PM,-9.56
10441,4/23/2023 3:57:00 PM,-9.68
10441,4/23/2023 3:57:00 PM,-9.80
10441,4/23/2023 3:57:00 PM,-9.74
10441,4/23/2023 3:57:00 PM,-9.62
10441,4/23/2023 3:57:00 PM,-9.56
10441,4/23/2023 3:57:00 PM,-9.62
10441,4/23/2023 3:57:00 PM,-9.56
10441,4/23/2023 3:57:00 PM,-9.68
10441,4/23/2023 3:57:00 PM,-9.62
10441,4/23/2023 3:57:00 PM,-9.56
10441,4/23/2023 3:57:00 PM,-9.92
10441,4/23/2023 3:58:00 PM,-9.74
10441,4/23/2023 3:58:00 PM,-10.16
10441,4/23/2023 3:58:00 PM,-10.57
10441,4/23/2023 3:58:00 PM,-9.38
10441,4/23/2023 3:58:00 PM,-9.62
10441,4/23/2023 3:58:00 PM,-10.16
10441,4/23/2023 3:58:00 PM,-9.14
10441,4/23/2023 3:58:00 PM,-9.38
10441,4/23/2023 3:58:00 PM,-9.32
10441,4/23/2023 3:58:00 PM,-9.50
10441,4/23/2023 3:58:00 PM,-9.26
10441,4/23/2023 3:58:00 PM,-9.50
10441,4/23/2023 3:58:00 PM,-9.86
10441,4/23/2023 3:58:00 PM,-9.14
10441,4/23/2023 3:58:00 PM,-9.98
10441,4/23/2023 3:59:00 PM,-9.50
10441,4/23/2023 3:59:00 PM,-9.44
10441,4/23/2023 3:59:00 PM,-9.20
10441,4/23/2023 3:59:00 PM,-9.02
10441,4/23/2023 3:59:00 PM,-9.08
10441,4/23/2023 3:59:00 PM,-9.32
10441,4/23/2023 3:59:00 PM,-9.14
10441,4/23/2023 3:59:00 PM,-9.02
10441,4/23/2023 3:59:00 PM,-8.96
10441,4/23/2023 3:59:00 PM,-9.08
10441,4/23/2023 3:59:00 PM,-9.20
10441,4/23/2023 4:00:00 PM,-9.38
10441,4/23/2023 4:00:00 PM,-9.20
10441,4/23/2023 4:00:00 PM,-9.32
10441,4/23/2023 4:00:00 PM,-9.20
10441,4/23/2023 4:00:00 PM,-9.14
10441,4/23/2023 4:00:00 PM,-9.08
10441,4/23/2023 4:00:00 PM,-9.02
10441,4/23/2023 4:00:00 PM,-8.96
10441,4/23/2023 4:00:00 PM,-8.90
10441,4/23/2023 4:00:00 PM,-8.72
10441,4/23/2023 4:00:00 PM,-8.78
10441,4/23/2023 4:00:00 PM,-8.60
10441,4/23/2023 4:01:00 PM,-8.18
10441,4/23/2023 4:01:00 PM,-7.82
10441,4/23/2023 4:01:00 PM,-7.94
10441,4/23/2023 4:01:00 PM,-7.52
10441,4/23/2023 4:01:00 PM,-7.76
10441,4/23/2023 4:01:00 PM,-8.06
10441,4/23/2023 4:01:00 PM,-8.18
10441,4/23/2023 4:01:00 PM,-8.12
10441,4/23/2023 4:01:00 PM,-7.88
10441,4/23/2023 4:01:00 PM,-7.52
10441,4/23/2023 4:02:00 PM,-7.23
10441,4/23/2023 4:02:00 PM,-7.11
10441,4/23/2023 4:02:00 PM,-7.23
10441,4/23/2023 4:02:00 PM,-7.11
10441,4/23/2023 4:02:00 PM,-6.93
10441,4/23/2023 4:02:00 PM,-6.81
10441,4/23/2023 4:02:00 PM,-6.75
10441,4/23/2023 4:02:00 PM,-6.81
10441,4/23/2023 4:02:00 PM,-7.17
10441,4/23/2023 4:02:00 PM,-7.41
10441,4/23/2023 4:02:00 PM,-7.35
10441,4/23/2023 4:02:00 PM,-7.29
10441,4/23/2023 4:02:00 PM,-7.23
10441,4/23/2023 4:03:00 PM,-6.33
10441,4/23/2023 4:03:00 PM,-7.17
10441,4/23/2023 4:03:00 PM,-7.05
10441,4/23/2023 4:03:00 PM,-6.87
10441,4/23/2023 4:03:00 PM,-6.63
10441,4/23/2023 4:03:00 PM,-6.33
10441,4/23/2023 4:03:00 PM,-6.03
10441,4/23/2023 4:03:00 PM,-5.61
10441,4/23/2023 4:03:00 PM,-5.13
10441,4/23/2023 4:03:00 PM,-5.67
10441,4/23/2023 4:03:00 PM,-5.97
10441,4/23/2023 4:03:00 PM,-6.03
10441,4/23/2023 4:03:00 PM,-6.27
10441,4/23/2023 4:04:00 PM,-6.45
10441,4/23/2023 4:04:00 PM,-6.51
10441,4/23/2023 4:04:00 PM,-7.29
10441,4/23/2023 4:04:00 PM,-7.58
10441,4/23/2023 4:04:00 PM,-7.70
10441,4/23/2023 4:04:00 PM,-7.58
10441,4/23/2023 4:04:00 PM,-7.52
10441,4/23/2023 4:04:00 PM,-7.46
10441,4/23/2023 4:04:00 PM,-6.69
10441,4/23/2023 4:04:00 PM,-6.75
10441,4/23/2023 4:04:00 PM,-6.87
10441,4/23/2023 4:04:00 PM,-6.81
10441,4/23/2023 4:04:00 PM,-6.75
10441,4/23/2023 4:04:00 PM,-6.87
10441,4/23/2023 4:05:00 PM,-7.76
10441,4/23/2023 4:05:00 PM,-7.82
10441,4/23/2023 4:05:00 PM,-7.76
10441,4/23/2023 4:05:00 PM,-7.64
10441,4/23/2023 4:05:00 PM,-7.70
10441,4/23/2023 4:05:00 PM,-8.06
10441,4/23/2023 4:05:00 PM,-8.54
10441,4/23/2023 4:05:00 PM,-8.12
10441,4/23/2023 4:05:00 PM,-8.42
10441,4/23/2023 4:05:00 PM,-8.48
10441,4/23/2023 4:05:00 PM,-8.24
10441,4/23/2023 4:05:00 PM,-8.90
10441,4/23/2023 4:05:00 PM,-8.66
10441,4/23/2023 4:06:00 PM,-8.42
10441,4/23/2023 4:06:00 PM,-8.36
10441,4/23/2023 4:06:00 PM,-8.30
10441,4/23/2023 4:06:00 PM,-8.06
10441,4/23/2023 4:06:00 PM,-7.94
10441,4/23/2023 4:06:00 PM,-8.00
10441,4/23/2023 4:06:00 PM,-7.70
10441,4/23/2023 4:06:00 PM,-7.94
10441,4/23/2023 4:06:00 PM,-7.88
10441,4/23/2023 4:06:00 PM,-7.82
10441,4/23/2023 4:07:00 PM,-7.76
10441,4/23/2023 4:07:00 PM,-7.52
10441,4/23/2023 4:07:00 PM,-7.46
10441,4/23/2023 4:07:00 PM,-7.23
10441,4/23/2023 4:07:00 PM,-6.99
10441,4/23/2023 4:07:00 PM,-6.87
10441,4/23/2023 4:07:00 PM,-8.54
10441,4/23/2023 4:07:00 PM,-8.00
10441,4/23/2023 4:07:00 PM,-6.81
10441,4/23/2023 4:07:00 PM,-7.41
10441,4/23/2023 4:07:00 PM,-7.58
10441,4/23/2023 4:07:00 PM,-7.64
10441,4/23/2023 4:07:00 PM,-7.88
10441,4/23/2023 4:07:00 PM,-7.94
10441,4/23/2023 4:08:00 PM,-8.30
10441,4/23/2023 4:08:00 PM,-8.48
10441,4/23/2023 4:08:00 PM,-8.60
10441,4/23/2023 4:08:00 PM,-8.78
10441,4/23/2023 4:08:00 PM,-9.14
10441,4/23/2023 4:08:00 PM,-9.08
10441,4/23/2023 4:08:00 PM,-9.26
10441,4/23/2023 4:08:00 PM,-9.20
10441,4/23/2023 4:08:00 PM,-9.50
10441,4/23/2023 4:08:00 PM,-9.74
10441,4/23/2023 4:08:00 PM,-9.80
10441,4/23/2023 4:08:00 PM,-9.98
10441,4/23/2023 4:08:00 PM,-10.34
10441,4/23/2023 4:09:00 PM,-10.28
10441,4/23/2023 4:09:00 PM,-9.98
10441,4/23/2023 4:09:00 PM,-10.10
10441,4/23/2023 4:09:00 PM,-10.04
10441,4/23/2023 4:09:00 PM,-10.22
10441,4/23/2023 4:09:00 PM,-10.34
10441,4/23/2023 4:09:00 PM,-10.40
10441,4/23/2023 4:09:00 PM,-10.75
10441,4/23/2023 4:09:00 PM,-10.28
10441,4/23/2023 4:09:00 PM,-9.92
10441,4/23/2023 4:09:00 PM,-9.80
10441,4/23/2023 4:10:00 PM,-10.22
10441,4/23/2023 4:10:00 PM,-10.40
10441,4/23/2023 4:10:00 PM,-10.45
10441,4/23/2023 4:10:00 PM,-10.63
10441,4/23/2023 4:10:00 PM,-10.57
10441,4/23/2023 4:10:00 PM,-10.28
10441,4/23/2023 4:10:00 PM,-10.16
10441,4/23/2023 4:10:00 PM,-10.10
10441,4/23/2023 4:10:00 PM,-10.22
10441,4/23/2023 4:10:00 PM,-10.16
10441,4/23/2023 4:10:00 PM,-10.34
10441,4/23/2023 4:10:00 PM,-10.51
10441,4/23/2023 4:11:00 PM,-10.87
10441,4/23/2023 4:11:00 PM,-10.99
10441,4/23/2023 4:11:00 PM,-11.35
10441,4/23/2023 4:11:00 PM,-11.59
10441,4/23/2023 4:11:00 PM,-11.65
10441,4/23/2023 4:11:00 PM,-11.83
10441,4/23/2023 4:11:00 PM,-11.47
10441,4/23/2023 4:11:00 PM,-11.23
10441,4/23/2023 4:11:00 PM,-11.41
10441,4/23/2023 4:11:00 PM,-11.23
10441,4/23/2023 4:11:00 PM,-10.99
10441,4/23/2023 4:11:00 PM,-11.41
10441,4/23/2023 4:11:00 PM,-11.29
10441,4/23/2023 4:12:00 PM,-12.37
10441,4/23/2023 4:12:00 PM,-12.49
10441,4/23/2023 4:12:00 PM,-12.25
10441,4/23/2023 4:12:00 PM,-12.13
10441,4/23/2023 4:12:00 PM,-12.19
10441,4/23/2023 4:12:00 PM,-11.65
10441,4/23/2023 4:12:00 PM,-11.89
10441,4/23/2023 4:12:00 PM,-12.01
10441,4/23/2023 4:12:00 PM,-12.19
10441,4/23/2023 4:12:00 PM,-12.25
10441,4/23/2023 4:12:00 PM,-12.31
10441,4/23/2023 4:13:00 PM,-12.01
10441,4/23/2023 4:13:00 PM,-12.07
10441,4/23/2023 4:13:00 PM,-12.13
10441,4/23/2023 4:13:00 PM,-12.25
10441,4/23/2023 4:13:00 PM,-12.19
10441,4/23/2023 4:13:00 PM,-12.79
10441,4/23/2023 4:13:00 PM,-11.77
10441,4/23/2023 4:13:00 PM,-12.43
10441,4/23/2023 4:13:00 PM,-12.25
10441,4/23/2023 4:13:00 PM,-12.13
10441,4/23/2023 4:13:00 PM,-12.01
10441,4/23/2023 4:13:00 PM,-11.95
10441,4/23/2023 4:13:00 PM,-12.01
10441,4/23/2023 4:14:00 PM,-11.83
10441,4/23/2023 4:14:00 PM,-11.95
10441,4/23/2023 4:14:00 PM,-12.25
10441,4/23/2023 4:14:00 PM,-12.19
10441,4/23/2023 4:14:00 PM,-12.13
10441,4/23/2023 4:14:00 PM,-12.25
10441,4/23/2023 4:14:00 PM,-12.49
10441,4/23/2023 4:14:00 PM,-12.55
10441,4/23/2023 4:14:00 PM,-12.73
10441,4/23/2023 4:15:00 PM,-13.03
10441,4/23/2023 4:15:00 PM,-12.61
10441,4/23/2023 4:15:00 PM,-12.49
10441,4/23/2023 4:15:00 PM,-12.73
10441,4/23/2023 4:15:00 PM,-12.79
10441,4/23/2023 4:15:00 PM,-12.43
10441,4/23/2023 4:15:00 PM,-12.61
10441,4/23/2023 4:15:00 PM,-12.31
10441,4/23/2023 4:16:00 PM,-12.07
10441,4/23/2023 4:16:00 PM,-12.13
10441,4/23/2023 4:16:00 PM,-12.19
10441,4/23/2023 4:16:00 PM,-12.13
10441,4/23/2023 4:16:00 PM,-12.01
10441,4/23/2023 4:16:00 PM,-11.95
10441,4/23/2023 4:16:00 PM,-11.83
10441,4/23/2023 4:16:00 PM,-11.71
10441,4/23/2023 4:16:00 PM,-11.53
10441,4/23/2023 4:17:00 PM,-11.41
10441,4/23/2023 4:17:00 PM,-11.35
10441,4/23/2023 4:17:00 PM,-11.29
10441,4/23/2023 4:17:00 PM,-11.11
10441,4/23/2023 4:17:00 PM,-10.99
10441,4/23/2023 4:17:00 PM,-10.75
10441,4/23/2023 4:17:00 PM,-10.28
10441,4/23/2023 4:17:00 PM,-10.40
10441,4/23/2023 4:17:00 PM,-10.28
10441,4/23/2023 4:18:00 PM,-10.69
10441,4/23/2023 4:18:00 PM,-10.57
10441,4/23/2023 4:18:00 PM,-10.45
10441,4/23/2023 4:18:00 PM,-10.40
10441,4/23/2023 4:18:00 PM,-10.10
10441,4/23/2023 4:18:00 PM,-9.98
10441,4/23/2023 4:18:00 PM,-9.92
10441,4/23/2023 4:18:00 PM,-9.86
10441,4/23/2023 4:18:00 PM,-9.80
10441,4/23/2023 4:18:00 PM,-9.74
10441,4/23/2023 4:18:00 PM,-9.62
10441,4/23/2023 4:18:00 PM,-9.68
10441,4/23/2023 4:19:00 PM,-9.74
10441,4/23/2023 4:19:00 PM,-9.68
10441,4/23/2023 4:19:00 PM,-9.50
10441,4/23/2023 4:19:00 PM,-9.32
10441,4/23/2023 4:19:00 PM,-9.26
10441,4/23/2023 4:19:00 PM,-9.20
10441,4/23/2023 4:20:00 PM,-9.98
10441,4/23/2023 4:20:00 PM,-10.51
10441,4/23/2023 4:20:00 PM,-10.45
10441,4/23/2023 4:20:00 PM,-9.32
10441,4/23/2023 4:20:00 PM,-9.50
10441,4/23/2023 4:20:00 PM,-9.62
10441,4/23/2023 4:20:00 PM,-9.68
10441,4/23/2023 4:20:00 PM,-9.62
10441,4/23/2023 4:20:00 PM,-9.74
10441,4/23/2023 4:21:00 PM,-10.28
10441,4/23/2023 4:21:00 PM,-10.45
10441,4/23/2023 4:21:00 PM,-10.69
10441,4/23/2023 4:21:00 PM,-10.63
10441,4/23/2023 4:21:00 PM,-10.69
10441,4/23/2023 4:21:00 PM,-10.10
10441,4/23/2023 4:21:00 PM,-10.16
10441,4/23/2023 4:21:00 PM,-10.22
10441,4/23/2023 4:22:00 PM,-10.75
10441,4/23/2023 4:22:00 PM,-10.63
10441,4/23/2023 4:22:00 PM,-10.51
10441,4/23/2023 4:22:00 PM,-10.45
10441,4/23/2023 4:22:00 PM,-10.51
10441,4/23/2023 4:22:00 PM,-10.63
10441,4/23/2023 4:22:00 PM,-11.05
10441,4/23/2023 4:22:00 PM,-11.11
10441,4/23/2023 4:22:00 PM,-11.17
10441,4/23/2023 4:22:00 PM,-11.29
10441,4/23/2023 4:22:00 PM,-11.53
10441,4/23/2023 4:22:00 PM,-11.47
10441,4/23/2023 4:23:00 PM,-11.41
10441,4/23/2023 4:23:00 PM,-11.47
10441,4/23/2023 4:23:00 PM,-11.53
10441,4/23/2023 4:23:00 PM,-11.47
10441,4/23/2023 4:23:00 PM,-11.53
10441,4/23/2023 4:23:00 PM,-11.47
10441,4/23/2023 4:23:00 PM,-11.41
10441,4/23/2023 4:23:00 PM,-11.23
10441,4/23/2023 4:23:00 PM,-11.35
10441,4/23/2023 4:23:00 PM,-11.59
10441,4/23/2023 4:23:00 PM,-11.89
10441,4/23/2023 4:24:00 PM,-11.95
10441,4/23/2023 4:24:00 PM,-12.01
10441,4/23/2023 4:24:00 PM,-12.07
10441,4/23/2023 4:24:00 PM,-12.13
10441,4/23/2023 4:24:00 PM,-12.25
10441,4/23/2023 4:24:00 PM,-12.31
10441,4/23/2023 4:24:00 PM,-12.43
10441,4/23/2023 4:24:00 PM,-12.67
10441,4/23/2023 4:24:00 PM,-12.97
10441,4/23/2023 4:24:00 PM,-12.79
10441,4/23/2023 4:24:00 PM,-13.09
10441,4/23/2023 4:25:00 PM,-13.03
10441,4/23/2023 4:25:00 PM,-13.27
10441,4/23/2023 4:25:00 PM,-12.85
10441,4/23/2023 4:25:00 PM,-12.91
10441,4/23/2023 4:25:00 PM,-12.85
10441,4/23/2023 4:25:00 PM,-12.73
10441,4/23/2023 4:25:00 PM,-12.79
10441,4/23/2023 4:25:00 PM,-12.85
10441,4/23/2023 4:26:00 PM,-12.97
10441,4/23/2023 4:26:00 PM,-12.91
10441,4/23/2023 4:26:00 PM,-12.97
10441,4/23/2023 4:26:00 PM,-13.03
10441,4/23/2023 4:26:00 PM,-13.15
10441,4/23/2023 4:26:00 PM,-13.21
10441,4/23/2023 4:26:00 PM,-13.15
10441,4/23/2023 4:26:00 PM,-13.09
10441,4/23/2023 4:27:00 PM,-12.97
10441,4/23/2023 4:27:00 PM,-12.79
10441,4/23/2023 4:27:00 PM,-12.73
10441,4/23/2023 4:27:00 PM,-12.67
10441,4/23/2023 4:27:00 PM,-12.73
10441,4/23/2023 4:27:00 PM,-12.49
10441,4/23/2023 4:28:00 PM,-12.37
10441,4/23/2023 4:28:00 PM,-12.91
10441,4/23/2023 4:28:00 PM,-12.37
10441,4/23/2023 4:28:00 PM,-12.07
10441,4/23/2023 4:28:00 PM,-11.71
10441,4/23/2023 4:28:00 PM,-12.01
10441,4/23/2023 4:28:00 PM,-12.43
10441,4/23/2023 4:28:00 PM,-12.61
10441,4/23/2023 4:28:00 PM,-12.97
10441,4/23/2023 4:29:00 PM,-12.43
10441,4/23/2023 4:29:00 PM,-12.91
10441,4/23/2023 4:29:00 PM,-12.61
10441,4/23/2023 4:29:00 PM,-13.33
10441,4/23/2023 4:29:00 PM,-13.15
10441,4/23/2023 4:29:00 PM,-12.97
10441,4/23/2023 4:29:00 PM,-13.74
10441,4/23/2023 4:29:00 PM,-13.44
10441,4/23/2023 4:29:00 PM,-13.21
10441,4/23/2023 4:29:00 PM,-13.15
10441,4/23/2023 4:29:00 PM,-13.21
10441,4/23/2023 4:29:00 PM,-13.33
10441,4/23/2023 4:29:00 PM,-13.56
10441,4/23/2023 4:29:00 PM,-13.86
10441,4/23/2023 4:30:00 PM,-13.50
10441,4/23/2023 4:30:00 PM,-13.62
10441,4/23/2023 4:30:00 PM,-13.50
10441,4/23/2023 4:30:00 PM,-13.44
10441,4/23/2023 4:30:00 PM,-13.98
10441,4/23/2023 4:30:00 PM,-14.28
10441,4/23/2023 4:30:00 PM,-14.22
10441,4/23/2023 4:30:00 PM,-14.34
10441,4/23/2023 4:30:00 PM,-14.46
10441,4/23/2023 4:30:00 PM,-14.16
10441,4/23/2023 4:30:00 PM,-13.98
10441,4/23/2023 4:30:00 PM,-14.04
10441,4/23/2023 4:30:00 PM,-14.22
10441,4/23/2023 4:30:00 PM,-14.46
10441,4/23/2023 4:30:00 PM,-14.28
10441,4/23/2023 4:31:00 PM,-14.58
10441,4/23/2023 4:31:00 PM,-14.70
10441,4/23/2023 4:31:00 PM,-14.76
10441,4/23/2023 4:31:00 PM,-14.88
10441,4/23/2023 4:31:00 PM,-15.00
10441,4/23/2023 4:31:00 PM,-15.12
10441,4/23/2023 4:31:00 PM,-15.54
10441,4/23/2023 4:31:00 PM,-15.72
10441,4/23/2023 4:31:00 PM,-15.84
10441,4/23/2023 4:31:00 PM,-16.43
10441,4/23/2023 4:31:00 PM,-16.79
10441,4/23/2023 4:32:00 PM,-15.90
10441,4/23/2023 4:32:00 PM,-16.26
10441,4/23/2023 4:32:00 PM,-16.61
10441,4/23/2023 4:32:00 PM,-16.55
10441,4/23/2023 4:32:00 PM,-16.43
10441,4/23/2023 4:32:00 PM,-16.49
10441,4/23/2023 4:32:00 PM,-16.38
10441,4/23/2023 4:32:00 PM,-16.32
10441,4/23/2023 4:32:00 PM,-16.14
10441,4/23/2023 4:32:00 PM,-16.26
10441,4/23/2023 4:32:00 PM,-16.32
10441,4/23/2023 4:32:00 PM,-16.14
10441,4/23/2023 4:32:00 PM,-16.49
10441,4/23/2023 4:32:00 PM,-16.67
10441,4/23/2023 4:33:00 PM,-16.73
10441,4/23/2023 4:33:00 PM,-16.38
10441,4/23/2023 4:33:00 PM,-16.14
10441,4/23/2023 4:33:00 PM,-16.20
10441,4/23/2023 4:33:00 PM,-16.43
10441,4/23/2023 4:33:00 PM,-16.55
10441,4/23/2023 4:33:00 PM,-16.61
10441,4/23/2023 4:34:00 PM,-16.85
10441,4/23/2023 4:34:00 PM,-16.73
10441,4/23/2023 4:35:00 PM,-16.79
10441,4/23/2023 4:35:00 PM,-16.73
10441,4/23/2023 4:35:00 PM,-16.85
10441,4/23/2023 4:35:00 PM,-15.84
10441,4/23/2023 4:35:00 PM,-17.09
10441,4/23/2023 4:35:00 PM,-16.91
10441,4/23/2023 4:35:00 PM,-17.03
10441,4/23/2023 4:35:00 PM,-17.69
10441,4/23/2023 4:35:00 PM,-17.09
10441,4/23/2023 4:35:00 PM,-16.97
10441,4/23/2023 4:35:00 PM,-17.03
10441,4/23/2023 4:35:00 PM,-17.27
10441,4/23/2023 4:35:00 PM,-17.09
10441,4/23/2023 4:36:00 PM,-16.49
10441,4/23/2023 4:36:00 PM,-16.43
10441,4/23/2023 4:36:00 PM,-16.49
10441,4/23/2023 4:36:00 PM,-16.61
10441,4/23/2023 4:36:00 PM,-16.55
10441,4/23/2023 4:36:00 PM,-16.61
10441,4/23/2023 4:36:00 PM,-16.85
10441,4/23/2023 4:36:00 PM,-16.79
10441,4/23/2023 4:36:00 PM,-16.67
10441,4/23/2023 4:36:00 PM,-16.79
10441,4/23/2023 4:36:00 PM,-16.61
10441,4/23/2023 4:36:00 PM,-16.67
10441,4/23/2023 4:37:00 PM,-15.60
10441,4/23/2023 4:37:00 PM,-15.66
10441,4/23/2023 4:37:00 PM,-16.32
10441,4/23/2023 4:37:00 PM,-16.20
10441,4/23/2023 4:37:00 PM,-15.96
10441,4/23/2023 4:37:00 PM,-16.02
10441,4/23/2023 4:37:00 PM,-15.96
10441,4/23/2023 4:37:00 PM,-15.54
10441,4/23/2023 4:37:00 PM,-16.79
10441,4/23/2023 4:37:00 PM,-16.38
10441,4/23/2023 4:37:00 PM,-17.03
10441,4/23/2023 4:37:00 PM,-15.66
10441,4/23/2023 4:37:00 PM,-16.43
10441,4/23/2023 4:37:00 PM,-16.14
10441,4/23/2023 4:38:00 PM,-15.90
10441,4/23/2023 4:38:00 PM,-15.78
10441,4/23/2023 4:38:00 PM,-15.72
10441,4/23/2023 4:38:00 PM,-15.66
10441,4/23/2023 4:38:00 PM,-15.60
10441,4/23/2023 4:38:00 PM,-15.54
10441,4/23/2023 4:38:00 PM,-15.48
10441,4/23/2023 4:38:00 PM,-15.42
10441,4/23/2023 4:39:00 PM,-15.30
10441,4/23/2023 4:39:00 PM,-15.18
10441,4/23/2023 4:39:00 PM,-15.12
10441,4/23/2023 4:39:00 PM,-15.06
10441,4/23/2023 4:39:00 PM,-14.88
10441,4/23/2023 4:39:00 PM,-14.82
10441,4/23/2023 4:39:00 PM,-14.70
10441,4/23/2023 4:39:00 PM,-14.52
10441,4/23/2023 4:39:00 PM,-14.34
10441,4/23/2023 4:39:00 PM,-14.04
10441,4/23/2023 4:39:00 PM,-15.36
10441,4/23/2023 4:40:00 PM,-13.92
10441,4/23/2023 4:40:00 PM,-13.86
10441,4/23/2023 4:40:00 PM,-13.80
10441,4/23/2023 4:40:00 PM,-13.74
10441,4/23/2023 4:40:00 PM,-13.27
10441,4/23/2023 4:40:00 PM,-13.39
10441,4/23/2023 4:40:00 PM,-13.27
10441,4/23/2023 4:40:00 PM,-13.21
10441,4/23/2023 4:40:00 PM,-13.15
10441,4/23/2023 4:40:00 PM,-12.91
10441,4/23/2023 4:40:00 PM,-12.73
10441,4/23/2023 4:40:00 PM,-12.61
10441,4/23/2023 4:41:00 PM,-13.33
10441,4/23/2023 4:41:00 PM,-12.79
10441,4/23/2023 4:41:00 PM,-12.67
10441,4/23/2023 4:41:00 PM,-12.73
10441,4/23/2023 4:41:00 PM,-12.79
10441,4/23/2023 4:41:00 PM,-12.91
10441,4/23/2023 4:41:00 PM,-13.21
10441,4/23/2023 4:42:00 PM,-13.39
10441,4/23/2023 4:42:00 PM,-13.15
10441,4/23/2023 4:42:00 PM,-13.21
10441,4/23/2023 4:42:00 PM,-13.27
10441,4/23/2023 4:42:00 PM,-13.56
10441,4/23/2023 4:42:00 PM,-13.50
10441,4/23/2023 4:42:00 PM,-13.39
10441,4/23/2023 4:42:00 PM,-13.44
10441,4/23/2023 4:42:00 PM,-13.39
10441,4/23/2023 4:42:00 PM,-13.33
10441,4/23/2023 4:42:00 PM,-13.15
10441,4/23/2023 4:42:00 PM,-13.03
10441,4/23/2023 4:43:00 PM,-12.91
10441,4/23/2023 4:43:00 PM,-12.97
10441,4/23/2023 4:43:00 PM,-12.85
10441,4/23/2023 4:43:00 PM,-12.73
10441,4/23/2023 4:43:00 PM,-12.67
10441,4/23/2023 4:43:00 PM,-12.49
10441,4/23/2023 4:43:00 PM,-12.55
10441,4/23/2023 4:44:00 PM,-12.61
10441,4/23/2023 4:44:00 PM,-12.55
10441,4/23/2023 4:44:00 PM,-12.49
10441,4/23/2023 4:44:00 PM,-12.61
10441,4/23/2023 4:44:00 PM,-12.73
10441,4/23/2023 4:44:00 PM,-13.09
10441,4/23/2023 4:44:00 PM,-12.61
10441,4/23/2023 4:44:00 PM,-12.79
10441,4/23/2023 4:44:00 PM,-13.09
10441,4/23/2023 4:44:00 PM,-13.03
10441,4/23/2023 4:44:00 PM,-13.27
10441,4/23/2023 4:44:00 PM,-13.21
10441,4/23/2023 4:45:00 PM,-14.04
10441,4/23/2023 4:45:00 PM,-14.16
10441,4/23/2023 4:45:00 PM,-14.10
10441,4/23/2023 4:45:00 PM,-14.22
10441,4/23/2023 4:45:00 PM,-13.98
10441,4/23/2023 4:45:00 PM,-14.16
10441,4/23/2023 4:45:00 PM,-13.98
10441,4/23/2023 4:45:00 PM,-13.27
10441,4/23/2023 4:45:00 PM,-13.50
10441,4/23/2023 4:45:00 PM,-13.56
10441,4/23/2023 4:45:00 PM,-13.92
10441,4/23/2023 4:45:00 PM,-13.44
10441,4/23/2023 4:45:00 PM,-14.10
10441,4/23/2023 4:46:00 PM,-14.04
10441,4/23/2023 4:46:00 PM,-14.10
10441,4/23/2023 4:46:00 PM,-14.16
10441,4/23/2023 4:46:00 PM,-14.22
10441,4/23/2023 4:46:00 PM,-14.28
10441,4/23/2023 4:46:00 PM,-14.46
10441,4/23/2023 4:46:00 PM,-14.58
10441,4/23/2023 4:47:00 PM,-14.76
10441,4/23/2023 4:47:00 PM,-14.82
10441,4/23/2023 4:47:00 PM,-14.94
10441,4/23/2023 4:47:00 PM,-15.12
10441,4/23/2023 4:47:00 PM,-15.48
10441,4/23/2023 4:47:00 PM,-14.88
10441,4/23/2023 4:48:00 PM,-14.82
10441,4/23/2023 4:48:00 PM,-14.76
10441,4/23/2023 4:48:00 PM,-14.94
10441,4/23/2023 4:48:00 PM,-15.06
10441,4/23/2023 4:48:00 PM,-15.18
10441,4/23/2023 4:49:00 PM,-15.36
10441,4/23/2023 4:49:00 PM,-15.30
10441,4/23/2023 4:49:00 PM,-15.18
10441,4/23/2023 4:49:00 PM,-15.24
10441,4/23/2023 4:49:00 PM,-15.30
10441,4/23/2023 4:49:00 PM,-15.42
10441,4/23/2023 4:49:00 PM,-15.36
10441,4/23/2023 4:49:00 PM,-15.42
10441,4/23/2023 4:49:00 PM,-15.54
10441,4/23/2023 4:49:00 PM,-15.60
10441,4/23/2023 4:49:00 PM,-15.66
10441,4/23/2023 4:50:00 PM,-15.42
10441,4/23/2023 4:50:00 PM,-15.30
10441,4/23/2023 4:50:00 PM,-15.48
10441,4/23/2023 4:50:00 PM,-15.42
10441,4/23/2023 4:50:00 PM,-15.54
10441,4/23/2023 4:50:00 PM,-15.78
10441,4/23/2023 4:50:00 PM,-15.66
10441,4/23/2023 4:50:00 PM,-15.60
10441,4/23/2023 4:50:00 PM,-15.54
10441,4/23/2023 4:50:00 PM,-15.60
10441,4/23/2023 4:50:00 PM,-15.72
10441,4/23/2023 4:51:00 PM,-15.06
10441,4/23/2023 4:51:00 PM,-14.70
10441,4/23/2023 4:51:00 PM,-15.24
10441,4/23/2023 4:51:00 PM,-15.54
10441,4/23/2023 4:51:00 PM,-15.48
10441,4/23/2023 4:51:00 PM,-15.54
10441,4/23/2023 4:51:00 PM,-15.42
10441,4/23/2023 4:51:00 PM,-15.36
10441,4/23/2023 4:51:00 PM,-15.18
10441,4/23/2023 4:51:00 PM,-15.36
10441,4/23/2023 4:51:00 PM,-15.12
10441,4/23/2023 4:51:00 PM,-15.06
10441,4/23/2023 4:51:00 PM,-14.88
10441,4/23/2023 4:51:00 PM,-14.58
10441,4/23/2023 4:52:00 PM,-14.04
10441,4/23/2023 4:52:00 PM,-13.86
10441,4/23/2023 4:52:00 PM,-14.64
10441,4/23/2023 4:52:00 PM,-14.58
10441,4/23/2023 4:52:00 PM,-14.52
10441,4/23/2023 4:52:00 PM,-14.34
10441,4/23/2023 4:52:00 PM,-14.10
10441,4/23/2023 4:52:00 PM,-14.16
10441,4/23/2023 4:52:00 PM,-13.98
10441,4/23/2023 4:52:00 PM,-14.28
10441,4/23/2023 4:53:00 PM,-13.74
10441,4/23/2023 4:53:00 PM,-13.62
10441,4/23/2023 4:53:00 PM,-13.50
10441,4/23/2023 4:53:00 PM,-13.39
10441,4/23/2023 4:53:00 PM,-13.44
10441,4/23/2023 4:53:00 PM,-12.73
10441,4/23/2023 4:53:00 PM,-13.27
10441,4/23/2023 4:53:00 PM,-13.44
10441,4/23/2023 4:53:00 PM,-13.50
10441,4/23/2023 4:53:00 PM,-13.39
10441,4/23/2023 4:53:00 PM,-13.33
10441,4/23/2023 4:54:00 PM,-13.15
10441,4/23/2023 4:54:00 PM,-12.91
10441,4/23/2023 4:54:00 PM,-12.73
10441,4/23/2023 4:54:00 PM,-12.43
10441,4/23/2023 4:54:00 PM,-12.31
10441,4/23/2023 4:54:00 PM,-11.95
10441,4/23/2023 4:54:00 PM,-10.51
10441,4/23/2023 4:54:00 PM,-10.28
10441,4/23/2023 4:54:00 PM,-10.16
10441,4/23/2023 4:54:00 PM,-11.83
10441,4/23/2023 4:54:00 PM,-11.65
10441,4/23/2023 4:54:00 PM,-11.47
10441,4/23/2023 4:54:00 PM,-11.23
10441,4/23/2023 4:54:00 PM,-10.87
10441,4/23/2023 4:54:00 PM,-10.81
10441,4/23/2023 4:55:00 PM,-9.98
10441,4/23/2023 4:55:00 PM,-9.92
10441,4/23/2023 4:55:00 PM,-9.86
10441,4/23/2023 4:55:00 PM,-9.74
10441,4/23/2023 4:55:00 PM,-9.32
10441,4/23/2023 4:55:00 PM,-9.80
10441,4/23/2023 4:55:00 PM,-9.44
10441,4/23/2023 4:55:00 PM,-9.32
10441,4/23/2023 4:55:00 PM,-9.26
10441,4/23/2023 4:55:00 PM,-9.14
10441,4/23/2023 4:55:00 PM,-9.02
10441,4/23/2023 4:55:00 PM,-8.78
10441,4/23/2023 4:56:00 PM,-7.46
10441,4/23/2023 4:56:00 PM,-7.35
10441,4/23/2023 4:56:00 PM,-6.75
10441,4/23/2023 4:56:00 PM,-8.90
10441,4/23/2023 4:56:00 PM,-8.30
10441,4/23/2023 4:56:00 PM,-8.36
10441,4/23/2023 4:56:00 PM,-8.24
10441,4/23/2023 4:56:00 PM,-8.42
10441,4/23/2023 4:56:00 PM,-8.12
10441,4/23/2023 4:56:00 PM,-8.06
10441,4/23/2023 4:56:00 PM,-7.94
10441,4/23/2023 4:56:00 PM,-7.70
10441,4/23/2023 4:56:00 PM,-7.58
10441,4/23/2023 4:56:00 PM,-7.64
10441,4/23/2023 4:56:00 PM,-7.23
10441,4/23/2023 4:57:00 PM,-7.05
10441,4/23/2023 4:57:00 PM,-6.93
10441,4/23/2023 4:57:00 PM,-6.81
10441,4/23/2023 4:57:00 PM,-6.75
10441,4/23/2023 4:57:00 PM,-6.81
10441,4/23/2023 4:57:00 PM,-6.63
10441,4/23/2023 4:57:00 PM,-6.57
10441,4/23/2023 4:57:00 PM,-6.51
10441,4/23/2023 4:57:00 PM,-6.39
10441,4/23/2023 4:57:00 PM,-6.21
10441,4/23/2023 4:58:00 PM,-6.33
10441,4/23/2023 4:58:00 PM,-6.27
10441,4/23/2023 4:58:00 PM,-6.33
10441,4/23/2023 4:58:00 PM,-6.63
10441,4/23/2023 4:58:00 PM,-6.15
10441,4/23/2023 4:58:00 PM,-6.21
10441,4/23/2023 4:58:00 PM,-6.45
10441,4/23/2023 4:58:00 PM,-6.27
10441,4/23/2023 4:58:00 PM,-6.33
10441,4/23/2023 4:58:00 PM,-6.57
10441,4/23/2023 4:58:00 PM,-6.51
10441,4/23/2023 4:58:00 PM,-6.57
10441,4/23/2023 4:59:00 PM,-6.87
10441,4/23/2023 4:59:00 PM,-6.51
10441,4/23/2023 4:59:00 PM,-6.63
10441,4/23/2023 4:59:00 PM,-6.69
10441,4/23/2023 4:59:00 PM,-6.81
10441,4/23/2023 4:59:00 PM,-7.29
10441,4/23/2023 4:59:00 PM,-7.17
10441,4/23/2023 4:59:00 PM,-7.05
10441,4/23/2023 4:59:00 PM,-7.29
10441,4/23/2023 4:59:00 PM,-7.35
10441,4/23/2023 4:59:00 PM,-7.29
10441,4/23/2023 5:00:00 PM,-7.88
10441,4/23/2023 5:00:00 PM,-7.76
10441,4/23/2023 5:00:00 PM,-7.88
10441,4/23/2023 5:00:00 PM,-7.94
10441,4/23/2023 5:00:00 PM,-8.00
10441,4/23/2023 5:00:00 PM,-8.06
10441,4/23/2023 5:00:00 PM,-8.18
10441,4/23/2023 5:00:00 PM,-8.42
10441,4/23/2023 5:00:00 PM,-8.36
10441,4/23/2023 5:01:00 PM,-8.42
10441,4/23/2023 5:01:00 PM,-8.48
10441,4/23/2023 5:01:00 PM,-8.66
10441,4/23/2023 5:01:00 PM,-8.78
10441,4/23/2023 5:01:00 PM,-8.84
10441,4/23/2023 5:01:00 PM,-9.02
10441,4/23/2023 5:01:00 PM,-9.26
10441,4/23/2023 5:01:00 PM,-9.50
10441,4/23/2023 5:01:00 PM,-9.68
10441,4/23/2023 5:01:00 PM,-10.04
10441,4/23/2023 5:02:00 PM,-10.75
10441,4/23/2023 5:02:00 PM,-10.93
10441,4/23/2023 5:02:00 PM,-11.17
10441,4/23/2023 5:02:00 PM,-11.53
10441,4/23/2023 5:02:00 PM,-11.65
10441,4/23/2023 5:02:00 PM,-11.77
10441,4/23/2023 5:02:00 PM,-11.89
10441,4/23/2023 5:02:00 PM,-12.13
10441,4/23/2023 5:02:00 PM,-12.07
10441,4/23/2023 5:02:00 PM,-12.13
10441,4/23/2023 5:02:00 PM,-12.43
10441,4/23/2023 5:02:00 PM,-9.92
10441,4/23/2023 5:02:00 PM,-10.45
10441,4/23/2023 5:02:00 PM,-10.57
10441,4/23/2023 5:03:00 PM,-12.25
10441,4/23/2023 5:03:00 PM,-12.43
10441,4/23/2023 5:03:00 PM,-12.55
10441,4/23/2023 5:03:00 PM,-12.49
10441,4/23/2023 5:03:00 PM,-12.67
10441,4/23/2023 5:03:00 PM,-12.85
10441,4/23/2023 5:03:00 PM,-13.21
10441,4/23/2023 5:03:00 PM,-12.91
10441,4/23/2023 5:03:00 PM,-13.03
10441,4/23/2023 5:03:00 PM,-12.97
10441,4/23/2023 5:03:00 PM,-13.09
10441,4/23/2023 5:04:00 PM,-13.03
10441,4/23/2023 5:04:00 PM,-12.97
10441,4/23/2023 5:04:00 PM,-13.03
10441,4/23/2023 5:04:00 PM,-13.44
10441,4/23/2023 5:04:00 PM,-13.03
10441,4/23/2023 5:04:00 PM,-12.97
10441,4/23/2023 5:04:00 PM,-13.15
10441,4/23/2023 5:04:00 PM,-13.09
10441,4/23/2023 5:04:00 PM,-12.67
10441,4/23/2023 5:04:00 PM,-13.03
10441,4/23/2023 5:04:00 PM,-13.09
10441,4/23/2023 5:04:00 PM,-13.21
10441,4/23/2023 5:05:00 PM,-13.15
10441,4/23/2023 5:05:00 PM,-13.03
10441,4/23/2023 5:05:00 PM,-13.15
10441,4/23/2023 5:05:00 PM,-12.97
10441,4/23/2023 5:05:00 PM,-12.85
10441,4/23/2023 5:05:00 PM,-12.91
10441,4/23/2023 5:05:00 PM,-12.85
10441,4/23/2023 5:06:00 PM,-12.73
10441,4/23/2023 5:06:00 PM,-12.55
10441,4/23/2023 5:06:00 PM,-12.49
10441,4/23/2023 5:06:00 PM,-12.55
10441,4/23/2023 5:06:00 PM,-12.49
10441,4/23/2023 5:06:00 PM,-12.61
10441,4/23/2023 5:06:00 PM,-12.73
10441,4/23/2023 5:07:00 PM,-12.67
10441,4/23/2023 5:07:00 PM,-12.55
10441,4/23/2023 5:07:00 PM,-12.67
10441,4/23/2023 5:07:00 PM,-12.67
10441,4/23/2023 5:07:00 PM,-12.61
10441,4/23/2023 5:07:00 PM,-12.73
10441,4/23/2023 5:08:00 PM,-12.31
10441,4/23/2023 5:08:00 PM,-12.43
10441,4/23/2023 5:08:00 PM,-12.31
10441,4/23/2023 5:08:00 PM,-12.73
10441,4/23/2023 5:08:00 PM,-12.61
10441,4/23/2023 5:08:00 PM,-12.55
10441,4/23/2023 5:08:00 PM,-12.31
10441,4/23/2023 5:08:00 PM,-12.43
10441,4/23/2023 5:08:00 PM,-12.37
10441,4/23/2023 5:09:00 PM,-12.25
10441,4/23/2023 5:09:00 PM,-12.19
10441,4/23/2023 5:09:00 PM,-12.61
10441,4/23/2023 5:09:00 PM,-12.49
10441,4/23/2023 5:09:00 PM,-12.31
10441,4/23/2023 5:09:00 PM,-12.37
10441,4/23/2023 5:09:00 PM,-12.25
10441,4/23/2023 5:09:00 PM,-12.43
10441,4/23/2023 5:09:00 PM,-12.31
10441,4/23/2023 5:09:00 PM,-12.37
10441,4/23/2023 5:10:00 PM,-12.49
10441,4/23/2023 5:10:00 PM,-12.61
10441,4/23/2023 5:10:00 PM,-12.67
10441,4/23/2023 5:10:00 PM,-12.37
10441,4/23/2023 5:10:00 PM,-12.31
10441,4/23/2023 5:10:00 PM,-12.37
10441,4/23/2023 5:10:00 PM,-12.43
10441,4/23/2023 5:10:00 PM,-12.37
10441,4/23/2023 5:10:00 PM,-12.31
10441,4/23/2023 5:10:00 PM,-12.25
10441,4/23/2023 5:11:00 PM,-11.95
10441,4/23/2023 5:11:00 PM,-12.55
10441,4/23/2023 5:11:00 PM,-12.37
10441,4/23/2023 5:11:00 PM,-12.31
10441,4/23/2023 5:11:00 PM,-13.09
10441,4/23/2023 5:11:00 PM,-12.49
10441,4/23/2023 5:11:00 PM,-12.43
10441,4/23/2023 5:11:00 PM,-12.37
10441,4/23/2023 5:11:00 PM,-12.43
10441,4/23/2023 5:11:00 PM,-12.49
10441,4/23/2023 5:12:00 PM,-12.37
10441,4/23/2023 5:12:00 PM,-12.73
10441,4/23/2023 5:12:00 PM,-12.67
10441,4/23/2023 5:12:00 PM,-12.73
10441,4/23/2023 5:12:00 PM,-12.67
10441,4/23/2023 5:12:00 PM,-12.73
10441,4/23/2023 5:13:00 PM,-12.91
10441,4/23/2023 5:13:00 PM,-12.79
10441,4/23/2023 5:13:00 PM,-12.85
10441,4/23/2023 5:13:00 PM,-12.67
10441,4/23/2023 5:13:00 PM,-12.79
10441,4/23/2023 5:13:00 PM,-12.85
10441,4/23/2023 5:13:00 PM,-12.79
10441,4/23/2023 5:14:00 PM,-12.73
10441,4/23/2023 5:14:00 PM,-12.85
10441,4/23/2023 5:14:00 PM,-12.67
10441,4/23/2023 5:14:00 PM,-12.91
10441,4/23/2023 5:14:00 PM,-12.85
10441,4/23/2023 5:14:00 PM,-12.91
10441,4/23/2023 5:14:00 PM,-12.97
10441,4/23/2023 5:14:00 PM,-13.03
10441,4/23/2023 5:14:00 PM,-12.91
10441,4/23/2023 5:14:00 PM,-12.85
10441,4/23/2023 5:15:00 PM,-12.91
10441,4/23/2023 5:15:00 PM,-12.97
10441,4/23/2023 5:15:00 PM,-12.91
10441,4/23/2023 5:15:00 PM,-12.97
10441,4/23/2023 5:15:00 PM,-12.91
10441,4/23/2023 5:15:00 PM,-13.03
10441,4/23/2023 5:15:00 PM,-13.15
10441,4/23/2023 5:15:00 PM,-13.09
10441,4/23/2023 5:15:00 PM,-13.15
10441,4/23/2023 5:15:00 PM,-13.21
10441,4/23/2023 5:16:00 PM,-13.09
10441,4/23/2023 5:16:00 PM,-12.97
10441,4/23/2023 5:16:00 PM,-13.03
10441,4/23/2023 5:16:00 PM,-13.27
10441,4/23/2023 5:16:00 PM,-12.85
10441,4/23/2023 5:16:00 PM,-12.97
10441,4/23/2023 5:16:00 PM,-13.50
10441,4/23/2023 5:16:00 PM,-13.09
10441,4/23/2023 5:16:00 PM,-12.85
10441,4/23/2023 5:16:00 PM,-13.15
10441,4/23/2023 5:16:00 PM,-13.09
10441,4/23/2023 5:16:00 PM,-13.03
10441,4/23/2023 5:16:00 PM,-13.15
10441,4/23/2023 5:17:00 PM,-13.44
10441,4/23/2023 5:17:00 PM,-13.68
10441,4/23/2023 5:17:00 PM,-13.74
10441,4/23/2023 5:17:00 PM,-13.62
10441,4/23/2023 5:17:00 PM,-13.56
10441,4/23/2023 5:17:00 PM,-13.62
10441,4/23/2023 5:17:00 PM,-13.56
10441,4/23/2023 5:17:00 PM,-13.62
10441,4/23/2023 5:17:00 PM,-13.50
10441,4/23/2023 5:17:00 PM,-13.56
10441,4/23/2023 5:17:00 PM,-13.44
10441,4/23/2023 5:17:00 PM,-13.39
10441,4/23/2023 5:18:00 PM,-13.44
10441,4/23/2023 5:18:00 PM,-13.39
10441,4/23/2023 5:18:00 PM,-13.44
10441,4/23/2023 5:18:00 PM,-13.50
10441,4/23/2023 5:18:00 PM,-13.92
10441,4/23/2023 5:18:00 PM,-13.62
10441,4/23/2023 5:18:00 PM,-13.74
10441,4/23/2023 5:18:00 PM,-13.68
10441,4/23/2023 5:18:00 PM,-13.62
10441,4/23/2023 5:18:00 PM,-13.56
10441,4/23/2023 5:19:00 PM,-13.44
10441,4/23/2023 5:19:00 PM,-13.33
10441,4/23/2023 5:19:00 PM,-13.56
10441,4/23/2023 5:19:00 PM,-13.74
10441,4/23/2023 5:19:00 PM,-13.39
10441,4/23/2023 5:19:00 PM,-13.44
10441,4/23/2023 5:19:00 PM,-13.50
10441,4/23/2023 5:19:00 PM,-13.39
10441,4/23/2023 5:19:00 PM,-13.44
10441,4/23/2023 5:19:00 PM,-13.33
10441,4/23/2023 5:19:00 PM,-13.27
10441,4/23/2023 5:19:00 PM,-13.21
10441,4/23/2023 5:20:00 PM,-13.09
10441,4/23/2023 5:20:00 PM,-13.50
10441,4/23/2023 5:20:00 PM,-13.27
10441,4/23/2023 5:20:00 PM,-13.21
10441,4/23/2023 5:20:00 PM,-13.09
10441,4/23/2023 5:20:00 PM,-13.21
10441,4/23/2023 5:20:00 PM,-13.15
10441,4/23/2023 5:20:00 PM,-13.09
10441,4/23/2023 5:20:00 PM,-13.15
10441,4/23/2023 5:21:00 PM,-12.61
10441,4/23/2023 5:21:00 PM,-12.73
10441,4/23/2023 5:21:00 PM,-12.61
10441,4/23/2023 5:21:00 PM,-12.85
10441,4/23/2023 5:21:00 PM,-12.79
10441,4/23/2023 5:21:00 PM,-12.91
10441,4/23/2023 5:21:00 PM,-13.44
10441,4/23/2023 5:21:00 PM,-13.21
10441,4/23/2023 5:21:00 PM,-12.91
10441,4/23/2023 5:21:00 PM,-12.79
10441,4/23/2023 5:21:00 PM,-13.44
10441,4/23/2023 5:21:00 PM,-12.37
10441,4/23/2023 5:22:00 PM,-12.67
10441,4/23/2023 5:22:00 PM,-13.15
10441,4/23/2023 5:22:00 PM,-12.67
10441,4/23/2023 5:22:00 PM,-12.85
10441,4/23/2023 5:22:00 PM,-12.73
10441,4/23/2023 5:22:00 PM,-13.09
10441,4/23/2023 5:22:00 PM,-12.97
10441,4/23/2023 5:22:00 PM,-13.03
10441,4/23/2023 5:22:00 PM,-12.91
10441,4/23/2023 5:22:00 PM,-12.79
10441,4/23/2023 5:22:00 PM,-12.73
10441,4/23/2023 5:23:00 PM,-12.73
10441,4/23/2023 5:23:00 PM,-12.79
10441,4/23/2023 5:23:00 PM,-12.73
10441,4/23/2023 5:23:00 PM,-12.67
10441,4/23/2023 5:23:00 PM,-12.79
10441,4/23/2023 5:23:00 PM,-12.73
10441,4/23/2023 5:23:00 PM,-12.91
10441,4/23/2023 5:23:00 PM,-13.03
10441,4/23/2023 5:23:00 PM,-12.91
10441,4/23/2023 5:23:00 PM,-12.85
10441,4/23/2023 5:24:00 PM,-12.73
10441,4/23/2023 5:24:00 PM,-12.61
10441,4/23/2023 5:24:00 PM,-12.73
10441,4/23/2023 5:24:00 PM,-12.79
10441,4/23/2023 5:24:00 PM,-12.67
10441,4/23/2023 5:24:00 PM,-12.61
10441,4/23/2023 5:24:00 PM,-12.49
10441,4/23/2023 5:24:00 PM,-12.55
10441,4/23/2023 5:25:00 PM,-12.49
10441,4/23/2023 5:25:00 PM,-12.37
10441,4/23/2023 5:25:00 PM,-12.31
10441,4/23/2023 5:25:00 PM,-12.55
10441,4/23/2023 5:25:00 PM,-12.37
10441,4/23/2023 5:25:00 PM,-12.25
10441,4/23/2023 5:25:00 PM,-12.19
10441,4/23/2023 5:25:00 PM,-12.25
10441,4/23/2023 5:26:00 PM,-12.19
10441,4/23/2023 5:26:00 PM,-12.31
10441,4/23/2023 5:26:00 PM,-12.37
10441,4/23/2023 5:26:00 PM,-12.31
10441,4/23/2023 5:26:00 PM,-12.19
10441,4/23/2023 5:26:00 PM,-12.13
10441,4/23/2023 5:26:00 PM,-12.01
10441,4/23/2023 5:26:00 PM,-11.89
10441,4/23/2023 5:26:00 PM,-11.77
10441,4/23/2023 5:26:00 PM,-11.83
10441,4/23/2023 5:26:00 PM,-11.71
10441,4/23/2023 5:27:00 PM,-11.65
10441,4/23/2023 5:27:00 PM,-11.53
10441,4/23/2023 5:27:00 PM,-11.47
10441,4/23/2023 5:27:00 PM,-11.53
10441,4/23/2023 5:27:00 PM,-11.47
10441,4/23/2023 5:27:00 PM,-11.41
10441,4/23/2023 5:27:00 PM,-11.35
10441,4/23/2023 5:27:00 PM,-11.23
10441,4/23/2023 5:27:00 PM,-11.41
10441,4/23/2023 5:28:00 PM,-10.99
10441,4/23/2023 5:28:00 PM,-11.05
10441,4/23/2023 5:28:00 PM,-11.35
10441,4/23/2023 5:28:00 PM,-11.29
10441,4/23/2023 5:28:00 PM,-11.17
10441,4/23/2023 5:28:00 PM,-11.11
10441,4/23/2023 5:28:00 PM,-11.05
10441,4/23/2023 5:29:00 PM,-11.29
10441,4/23/2023 5:29:00 PM,-11.47
10441,4/23/2023 5:29:00 PM,-11.11
10441,4/23/2023 5:29:00 PM,-11.23
10441,4/23/2023 5:29:00 PM,-11.17
10441,4/23/2023 5:29:00 PM,-11.11
10441,4/23/2023 5:29:00 PM,-11.17
10441,4/23/2023 5:29:00 PM,-11.35
10441,4/23/2023 5:30:00 PM,-11.35
10441,4/23/2023 5:30:00 PM,-11.29
10441,4/23/2023 5:30:00 PM,-11.17
10441,4/23/2023 5:30:00 PM,-10.81
10441,4/23/2023 5:30:00 PM,-11.47
10441,4/23/2023 5:30:00 PM,-11.23
10441,4/23/2023 5:30:00 PM,-11.83
10441,4/23/2023 5:30:00 PM,-11.41
10441,4/23/2023 5:30:00 PM,-11.59
10441,4/23/2023 5:30:00 PM,-11.53
10441,4/23/2023 5:31:00 PM,-11.47
10441,4/23/2023 5:31:00 PM,-11.59
10441,4/23/2023 5:31:00 PM,-11.53
10441,4/23/2023 5:31:00 PM,-11.65
10441,4/23/2023 5:31:00 PM,-11.71
10441,4/23/2023 5:31:00 PM,-11.83
10441,4/23/2023 5:31:00 PM,-11.71
10441,4/23/2023 5:31:00 PM,-11.65
10441,4/23/2023 5:31:00 PM,-11.47
10441,4/23/2023 5:31:00 PM,-11.83
10441,4/23/2023 5:31:00 PM,-11.71
10441,4/23/2023 5:31:00 PM,-11.59
10441,4/23/2023 5:32:00 PM,-11.65
10441,4/23/2023 5:32:00 PM,-11.77
10441,4/23/2023 5:32:00 PM,-11.71
10441,4/23/2023 5:32:00 PM,-11.53
10441,4/23/2023 5:32:00 PM,-11.41
10441,4/23/2023 5:32:00 PM,-11.35
10441,4/23/2023 5:32:00 PM,-10.75
10441,4/23/2023 5:32:00 PM,-11.71
10441,4/23/2023 5:32:00 PM,-11.47
10441,4/23/2023 5:32:00 PM,-11.29
10441,4/23/2023 5:32:00 PM,-11.23
10441,4/23/2023 5:32:00 PM,-11.11
10441,4/23/2023 5:32:00 PM,-10.63
10441,4/23/2023 5:32:00 PM,-11.59
10441,4/23/2023 5:32:00 PM,-11.05
10441,4/23/2023 5:33:00 PM,-10.87
10441,4/23/2023 5:33:00 PM,-11.35
10441,4/23/2023 5:33:00 PM,-11.05
10441,4/23/2023 5:33:00 PM,-11.17
10441,4/23/2023 5:33:00 PM,-10.99
10441,4/23/2023 5:33:00 PM,-11.41
10441,4/23/2023 5:33:00 PM,-11.53
10441,4/23/2023 5:33:00 PM,-11.11
10441,4/23/2023 5:33:00 PM,-11.05
10441,4/23/2023 5:33:00 PM,-10.99
10441,4/23/2023 5:33:00 PM,-11.11
10441,4/23/2023 5:34:00 PM,-10.93
10441,4/23/2023 5:34:00 PM,-11.35
10441,4/23/2023 5:34:00 PM,-11.23
10441,4/23/2023 5:34:00 PM,-11.17
10441,4/23/2023 5:34:00 PM,-11.35
10441,4/23/2023 5:34:00 PM,-11.05
10441,4/23/2023 5:34:00 PM,-11.11
10441,4/23/2023 5:34:00 PM,-11.05
10441,4/23/2023 5:34:00 PM,-11.11
10441,4/23/2023 5:34:00 PM,-11.29
10441,4/23/2023 5:34:00 PM,-11.23
10441,4/23/2023 5:34:00 PM,-11.35
10441,4/23/2023 5:35:00 PM,-11.41
10441,4/23/2023 5:35:00 PM,-11.29
10441,4/23/2023 5:35:00 PM,-11.23
10441,4/23/2023 5:35:00 PM,-11.29
10441,4/23/2023 5:35:00 PM,-11.41
10441,4/23/2023 5:35:00 PM,-11.53
10441,4/23/2023 5:35:00 PM,-11.59
10441,4/23/2023 5:35:00 PM,-11.59
10441,4/23/2023 5:35:00 PM,-11.65
10441,4/23/2023 5:35:00 PM,-11.71
10441,4/23/2023 5:35:00 PM,-11.77
10441,4/23/2023 5:35:00 PM,-11.71
10441,4/23/2023 5:35:00 PM,-11.65
10441,4/23/2023 5:36:00 PM,-11.71
10441,4/23/2023 5:36:00 PM,-11.65
10441,4/23/2023 5:36:00 PM,-11.71
10441,4/23/2023 5:36:00 PM,-11.65
10441,4/23/2023 5:36:00 PM,-11.71
10441,4/23/2023 5:36:00 PM,-11.83
10441,4/23/2023 5:36:00 PM,-11.89
10441,4/23/2023 5:36:00 PM,-11.83
10441,4/23/2023 5:37:00 PM,-11.77
10441,4/23/2023 5:37:00 PM,-11.83
10441,4/23/2023 5:37:00 PM,-11.77
10441,4/23/2023 5:37:00 PM,-11.89
10441,4/23/2023 5:37:00 PM,-11.83
10441,4/23/2023 5:37:00 PM,-12.01
10441,4/23/2023 5:37:00 PM,-11.95
10441,4/23/2023 5:37:00 PM,-12.01
10441,4/23/2023 5:37:00 PM,-12.13
10441,4/23/2023 5:38:00 PM,-12.01
10441,4/23/2023 5:38:00 PM,-11.95
10441,4/23/2023 5:38:00 PM,-11.89
10441,4/23/2023 5:38:00 PM,-11.83
10441,4/23/2023 5:38:00 PM,-11.95
10441,4/23/2023 5:38:00 PM,-11.83
10441,4/23/2023 5:38:00 PM,-11.71
10441,4/23/2023 5:38:00 PM,-11.77
10441,4/23/2023 5:38:00 PM,-11.89
10441,4/23/2023 5:39:00 PM,-11.89
10441,4/23/2023 5:39:00 PM,-11.83
10441,4/23/2023 5:39:00 PM,-11.89
10441,4/23/2023 5:39:00 PM,-11.83
10441,4/23/2023 5:39:00 PM,-12.01
10441,4/23/2023 5:39:00 PM,-11.89
10441,4/23/2023 5:39:00 PM,-11.83
10441,4/23/2023 5:39:00 PM,-11.71
10441,4/23/2023 5:39:00 PM,-11.77
10441,4/23/2023 5:39:00 PM,-11.71
10441,4/23/2023 5:39:00 PM,-11.77
10441,4/23/2023 5:39:00 PM,-11.83
10441,4/23/2023 5:40:00 PM,-12.13
10441,4/23/2023 5:40:00 PM,-12.07
10441,4/23/2023 5:40:00 PM,-11.65
10441,4/23/2023 5:40:00 PM,-12.07
10441,4/23/2023 5:40:00 PM,-11.89
10441,4/23/2023 5:40:00 PM,-11.95
10441,4/23/2023 5:40:00 PM,-11.89
10441,4/23/2023 5:40:00 PM,-11.95
10441,4/23/2023 5:40:00 PM,-12.19
10441,4/23/2023 5:40:00 PM,-12.01
10441,4/23/2023 5:41:00 PM,-12.43
10441,4/23/2023 5:41:00 PM,-12.19
10441,4/23/2023 5:41:00 PM,-12.07
10441,4/23/2023 5:41:00 PM,-12.19
10441,4/23/2023 5:41:00 PM,-12.37
10441,4/23/2023 5:41:00 PM,-12.19
10441,4/23/2023 5:41:00 PM,-11.95
10441,4/23/2023 5:41:00 PM,-12.07
10441,4/23/2023 5:41:00 PM,-12.13
10441,4/23/2023 5:42:00 PM,-12.13
10441,4/23/2023 5:42:00 PM,-12.19
10441,4/23/2023 5:42:00 PM,-12.43
10441,4/23/2023 5:42:00 PM,-12.25
10441,4/23/2023 5:42:00 PM,-12.55
10441,4/23/2023 5:42:00 PM,-12.25
10441,4/23/2023 5:42:00 PM,-12.07
10441,4/23/2023 5:42:00 PM,-12.13
10441,4/23/2023 5:42:00 PM,-12.07
10441,4/23/2023 5:42:00 PM,-12.43
10441,4/23/2023 5:42:00 PM,-12.19
10441,4/23/2023 5:42:00 PM,-12.07
10441,4/23/2023 5:42:00 PM,-11.83
10441,4/23/2023 5:43:00 PM,-11.89
10441,4/23/2023 5:43:00 PM,-12.13
10441,4/23/2023 5:43:00 PM,-12.07
10441,4/23/2023 5:43:00 PM,-11.95
10441,4/23/2023 5:43:00 PM,-12.13
10441,4/23/2023 5:43:00 PM,-12.07
10441,4/23/2023 5:43:00 PM,-12.01
10441,4/23/2023 5:43:00 PM,-11.83
10441,4/23/2023 5:43:00 PM,-12.07
10441,4/23/2023 5:43:00 PM,-11.95
10441,4/23/2023 5:43:00 PM,-11.89
10441,4/23/2023 5:44:00 PM,-12.01
10441,4/23/2023 5:44:00 PM,-11.95
10441,4/23/2023 5:44:00 PM,-12.01
10441,4/23/2023 5:44:00 PM,-12.07
10441,4/23/2023 5:44:00 PM,-11.95
10441,4/23/2023 5:45:00 PM,-12.13
10441,4/23/2023 5:45:00 PM,-11.95
10441,4/23/2023 5:45:00 PM,-11.65
10441,4/23/2023 5:45:00 PM,-12.07
10441,4/23/2023 5:45:00 PM,-12.13
10441,4/23/2023 5:45:00 PM,-12.01
10441,4/23/2023 5:45:00 PM,-12.07
10441,4/23/2023 5:45:00 PM,-11.71
10441,4/23/2023 5:45:00 PM,-11.89
10441,4/23/2023 5:45:00 PM,-12.07
10441,4/23/2023 5:45:00 PM,-12.25
10441,4/23/2023 5:46:00 PM,-12.25
10441,4/23/2023 5:46:00 PM,-12.07
10441,4/23/2023 5:46:00 PM,-12.13
10441,4/23/2023 5:46:00 PM,-12.19
10441,4/23/2023 5:46:00 PM,-12.07
10441,4/23/2023 5:46:00 PM,-12.25
10441,4/23/2023 5:46:00 PM,-12.07
10441,4/23/2023 5:46:00 PM,-12.13
10441,4/23/2023 5:46:00 PM,-12.07
10441,4/23/2023 5:46:00 PM,-12.31
10441,4/23/2023 5:47:00 PM,-12.31
10441,4/23/2023 5:47:00 PM,-12.07
10441,4/23/2023 5:47:00 PM,-12.19
10441,4/23/2023 5:47:00 PM,-12.13
10441,4/23/2023 5:47:00 PM,-12.07
10441,4/23/2023 5:47:00 PM,-11.95
10441,4/23/2023 5:47:00 PM,-12.01
10441,4/23/2023 5:47:00 PM,-12.13
10441,4/23/2023 5:47:00 PM,-12.07
10441,4/23/2023 5:48:00 PM,-12.01
10441,4/23/2023 5:48:00 PM,-11.89
10441,4/23/2023 5:48:00 PM,-11.83
10441,4/23/2023 5:48:00 PM,-11.95
10441,4/23/2023 5:48:00 PM,-12.01
10441,4/23/2023 5:48:00 PM,-12.13
10441,4/23/2023 5:48:00 PM,-12.01
10441,4/23/2023 5:48:00 PM,-11.77
10441,4/23/2023 5:48:00 PM,-11.89
10441,4/23/2023 5:48:00 PM,-12.13
10441,4/23/2023 5:48:00 PM,-12.31
10441,4/23/2023 5:48:00 PM,-11.89
10441,4/23/2023 5:48:00 PM,-11.95
10441,4/23/2023 5:49:00 PM,-11.77
10441,4/23/2023 5:49:00 PM,-11.89
10441,4/23/2023 5:49:00 PM,-11.95
10441,4/23/2023 5:49:00 PM,-12.07
10441,4/23/2023 5:49:00 PM,-12.31
10441,4/23/2023 5:49:00 PM,-12.25
10441,4/23/2023 5:49:00 PM,-12.37
10441,4/23/2023 5:49:00 PM,-12.49
10441,4/23/2023 5:49:00 PM,-12.31
10441,4/23/2023 5:49:00 PM,-12.25
10441,4/23/2023 5:49:00 PM,-12.19
10441,4/23/2023 5:49:00 PM,-12.43
10441,4/23/2023 5:50:00 PM,-12.13
10441,4/23/2023 5:50:00 PM,-12.37
10441,4/23/2023 5:50:00 PM,-12.19
10441,4/23/2023 5:50:00 PM,-12.55
10441,4/23/2023 5:50:00 PM,-12.31
10441,4/23/2023 5:50:00 PM,-12.25
10441,4/23/2023 5:50:00 PM,-12.19
10441,4/23/2023 5:50:00 PM,-12.13
10441,4/23/2023 5:50:00 PM,-12.25
10441,4/23/2023 5:51:00 PM,-12.19
10441,4/23/2023 5:51:00 PM,-12.07
10441,4/23/2023 5:51:00 PM,-12.19
10441,4/23/2023 5:51:00 PM,-12.13
10441,4/23/2023 5:51:00 PM,-12.31
10441,4/23/2023 5:51:00 PM,-12.19
10441,4/23/2023 5:51:00 PM,-12.07
10441,4/23/2023 5:51:00 PM,-11.95
10441,4/23/2023 5:51:00 PM,-12.01
10441,4/23/2023 5:51:00 PM,-11.95
10441,4/23/2023 5:51:00 PM,-12.61
10441,4/23/2023 5:51:00 PM,-12.25
10441,4/23/2023 5:51:00 PM,-12.13
10441,4/23/2023 5:52:00 PM,-12.19
10441,4/23/2023 5:52:00 PM,-12.31
10441,4/23/2023 5:52:00 PM,-12.49
10441,4/23/2023 5:52:00 PM,-12.19
10441,4/23/2023 5:52:00 PM,-12.13
10441,4/23/2023 5:52:00 PM,-12.31
10441,4/23/2023 5:52:00 PM,-12.19
10441,4/23/2023 5:52:00 PM,-12.01
10441,4/23/2023 5:52:00 PM,-12.07
10441,4/23/2023 5:52:00 PM,-12.25
10441,4/23/2023 5:52:00 PM,-11.83
10441,4/23/2023 5:53:00 PM,-12.01
10441,4/23/2023 5:53:00 PM,-12.07
10441,4/23/2023 5:53:00 PM,-12.01
10441,4/23/2023 5:53:00 PM,-12.07
10441,4/23/2023 5:53:00 PM,-11.95
10441,4/23/2023 5:53:00 PM,-12.13
10441,4/23/2023 5:53:00 PM,-12.25
10441,4/23/2023 5:53:00 PM,-12.13
10441,4/23/2023 5:54:00 PM,-12.07
10441,4/23/2023 5:54:00 PM,-12.13
10441,4/23/2023 5:54:00 PM,-12.37
10441,4/23/2023 5:54:00 PM,-12.25
10441,4/23/2023 5:54:00 PM,-12.19
10441,4/23/2023 5:54:00 PM,-12.13
10441,4/23/2023 5:54:00 PM,-12.19
10441,4/23/2023 5:55:00 PM,-12.13
10441,4/23/2023 5:55:00 PM,-11.95
10441,4/23/2023 5:55:00 PM,-12.25
10441,4/23/2023 5:55:00 PM,-12.19
10441,4/23/2023 5:55:00 PM,-12.13
10441,4/23/2023 5:55:00 PM,-12.07
10441,4/23/2023 5:55:00 PM,-12.19
10441,4/23/2023 5:56:00 PM,-12.31
10441,4/23/2023 5:56:00 PM,-12.43
10441,4/23/2023 5:56:00 PM,-12.37
10441,4/23/2023 5:56:00 PM,-12.31
10441,4/23/2023 5:56:00 PM,-12.19
10441,4/23/2023 5:56:00 PM,-12.25
10441,4/23/2023 5:56:00 PM,-12.19
10441,4/23/2023 5:56:00 PM,-12.31
10441,4/23/2023 5:56:00 PM,-12.25
10441,4/23/2023 5:57:00 PM,-12.31
10441,4/23/2023 5:57:00 PM,-12.61
10441,4/23/2023 5:57:00 PM,-12.37
10441,4/23/2023 5:57:00 PM,-12.31
10441,4/23/2023 5:57:00 PM,-12.49
10441,4/23/2023 5:57:00 PM,-12.37
10441,4/23/2023 5:57:00 PM,-12.19
10441,4/23/2023 5:57:00 PM,-12.31
10441,4/23/2023 5:57:00 PM,-12.25
10441,4/23/2023 5:57:00 PM,-12.31
10441,4/23/2023 5:57:00 PM,-12.19
10441,4/23/2023 5:57:00 PM,-12.37
10441,4/23/2023 5:58:00 PM,-12.31
10441,4/23/2023 5:58:00 PM,-12.37
10441,4/23/2023 5:58:00 PM,-12.43
10441,4/23/2023 5:58:00 PM,-12.73
10441,4/23/2023 5:58:00 PM,-12.55
10441,4/23/2023 5:58:00 PM,-12.43
10441,4/23/2023 5:58:00 PM,-12.01
10441,4/23/2023 5:59:00 PM,-12.31
10441,4/23/2023 5:59:00 PM,-12.73
10441,4/23/2023 5:59:00 PM,-12.43
10441,4/23/2023 5:59:00 PM,-12.37
10441,4/23/2023 5:59:00 PM,-12.49
10441,4/23/2023 5:59:00 PM,-12.43
10441,4/23/2023 5:59:00 PM,-12.37
10441,4/23/2023 5:59:00 PM,-12.43
10441,4/23/2023 5:59:00 PM,-12.25
10441,4/23/2023 5:59:00 PM,-12.37
10441,4/23/2023 6:00:00 PM,-12.37
10441,4/23/2023 6:00:00 PM,-12.25
10441,4/23/2023 6:00:00 PM,-12.31
10441,4/23/2023 6:00:00 PM,-12.43
10441,4/23/2023 6:00:00 PM,-12.25
10441,4/23/2023 6:00:00 PM,-12.31
10441,4/23/2023 6:01:00 PM,-12.25
10441,4/23/2023 6:01:00 PM,-12.19
10441,4/23/2023 6:01:00 PM,-12.13
10441,4/23/2023 6:01:00 PM,-12.25
10441,4/23/2023 6:01:00 PM,-12.31
10441,4/23/2023 6:01:00 PM,-12.37
10441,4/23/2023 6:01:00 PM,-12.25
10441,4/23/2023 6:01:00 PM,-12.49
10441,4/23/2023 6:01:00 PM,-12.43
10441,4/23/2023 6:01:00 PM,-12.31
10441,4/23/2023 6:01:00 PM,-12.19
10441,4/23/2023 6:02:00 PM,-12.25
10441,4/23/2023 6:02:00 PM,-12.37
10441,4/23/2023 6:02:00 PM,-12.25
10441,4/23/2023 6:02:00 PM,-12.19
10441,4/23/2023 6:02:00 PM,-12.13
10441,4/23/2023 6:02:00 PM,-12.19
10441,4/23/2023 6:02:00 PM,-12.31
10441,4/23/2023 6:02:00 PM,-12.25
10441,4/23/2023 6:03:00 PM,-12.19
10441,4/23/2023 6:03:00 PM,-12.13
10441,4/23/2023 6:04:00 PM,-12.01
10441,4/23/2023 6:04:00 PM,-12.07
10441,4/23/2023 6:04:00 PM,-12.25
10441,4/23/2023 6:04:00 PM,-12.19
10441,4/23/2023 6:04:00 PM,-12.25
10441,4/23/2023 6:04:00 PM,-12.13
10441,4/23/2023 6:04:00 PM,-12.07
10441,4/23/2023 6:05:00 PM,-12.13
10441,4/23/2023 6:05:00 PM,-12.37
10441,4/23/2023 6:05:00 PM,-11.77
10441,4/23/2023 6:05:00 PM,-12.07
10441,4/23/2023 6:05:00 PM,-12.19
10441,4/23/2023 6:05:00 PM,-12.37
10441,4/23/2023 6:05:00 PM,-12.13
10441,4/23/2023 6:05:00 PM,-12.07
10441,4/23/2023 6:05:00 PM,-12.13
10441,4/23/2023 6:05:00 PM,-11.89
10441,4/23/2023 6:06:00 PM,-12.01
10441,4/23/2023 6:06:00 PM,-12.07
10441,4/23/2023 6:06:00 PM,-12.01
10441,4/23/2023 6:06:00 PM,-12.13
10441,4/23/2023 6:06:00 PM,-12.01
10441,4/23/2023 6:06:00 PM,-12.07
10441,4/23/2023 6:06:00 PM,-12.01
10441,4/23/2023 6:06:00 PM,-12.07
10441,4/23/2023 6:06:00 PM,-12.01
10441,4/23/2023 6:06:00 PM,-12.19
10441,4/23/2023 6:07:00 PM,-12.01
10441,4/23/2023 6:07:00 PM,-12.13
10441,4/23/2023 6:07:00 PM,-12.25
10441,4/23/2023 6:07:00 PM,-12.01
10441,4/23/2023 6:07:00 PM,-11.83
10441,4/23/2023 6:07:00 PM,-11.89
10441,4/23/2023 6:07:00 PM,-12.07
10441,4/23/2023 6:07:00 PM,-12.31
10441,4/23/2023 6:07:00 PM,-12.19
10441,4/23/2023 6:07:00 PM,-12.13
10441,4/23/2023 6:07:00 PM,-12.07
10441,4/23/2023 6:08:00 PM,-12.01
10441,4/23/2023 6:08:00 PM,-11.95
10441,4/23/2023 6:08:00 PM,-12.01
10441,4/23/2023 6:09:00 PM,-11.95
10441,4/23/2023 6:09:00 PM,-12.07
10441,4/23/2023 6:09:00 PM,-12.31
10441,4/23/2023 6:09:00 PM,-12.25
10441,4/23/2023 6:09:00 PM,-12.07
10441,4/23/2023 6:09:00 PM,-11.95
10441,4/23/2023 6:10:00 PM,-11.83
10441,4/23/2023 6:10:00 PM,-11.77
10441,4/23/2023 6:10:00 PM,-11.83
10441,4/23/2023 6:10:00 PM,-11.77
10441,4/23/2023 6:10:00 PM,-11.83
10441,4/23/2023 6:11:00 PM,-11.89
10441,4/23/2023 6:11:00 PM,-11.77
10441,4/23/2023 6:11:00 PM,-12.01
10441,4/23/2023 6:11:00 PM,-11.83
10441,4/23/2023 6:11:00 PM,-11.95
10441,4/23/2023 6:11:00 PM,-11.89
10441,4/23/2023 6:11:00 PM,-11.83
10441,4/23/2023 6:11:00 PM,-11.77
10441,4/23/2023 6:11:00 PM,-11.71
10441,4/23/2023 6:11:00 PM,-11.53
10441,4/23/2023 6:11:00 PM,-11.83
10441,4/23/2023 6:11:00 PM,-11.71
10441,4/23/2023 6:11:00 PM,-12.07
10441,4/23/2023 6:11:00 PM,-11.95
10441,4/23/2023 6:12:00 PM,-11.35
10441,4/23/2023 6:12:00 PM,-11.59
10441,4/23/2023 6:12:00 PM,-11.47
10441,4/23/2023 6:12:00 PM,-11.83
10441,4/23/2023 6:12:00 PM,-11.89
10441,4/23/2023 6:12:00 PM,-11.77
10441,4/23/2023 6:12:00 PM,-11.89
10441,4/23/2023 6:12:00 PM,-11.71
10441,4/23/2023 6:12:00 PM,-11.65
10441,4/23/2023 6:12:00 PM,-11.71
10441,4/23/2023 6:13:00 PM,-11.65
10441,4/23/2023 6:13:00 PM,-11.47
10441,4/23/2023 6:13:00 PM,-11.35
10441,4/23/2023 6:13:00 PM,-11.05
10441,4/23/2023 6:13:00 PM,-11.41
10441,4/23/2023 6:13:00 PM,-11.47
10441,4/23/2023 6:13:00 PM,-11.41
10441,4/23/2023 6:13:00 PM,-11.89
10441,4/23/2023 6:13:00 PM,-11.29
10441,4/23/2023 6:13:00 PM,-11.23
10441,4/23/2023 6:14:00 PM,-11.23
10441,4/23/2023 6:14:00 PM,-11.17
10441,4/23/2023 6:14:00 PM,-11.71
10441,4/23/2023 6:14:00 PM,-11.23
10441,4/23/2023 6:14:00 PM,-11.35
10441,4/23/2023 6:14:00 PM,-11.17
10441,4/23/2023 6:14:00 PM,-11.11
10441,4/23/2023 6:14:00 PM,-11.17
10441,4/23/2023 6:14:00 PM,-11.29
10441,4/23/2023 6:14:00 PM,-11.41
10441,4/23/2023 6:15:00 PM,-11.23
10441,4/23/2023 6:15:00 PM,-10.93
10441,4/23/2023 6:15:00 PM,-11.11
10441,4/23/2023 6:15:00 PM,-11.23
10441,4/23/2023 6:15:00 PM,-11.17
10441,4/23/2023 6:15:00 PM,-11.35
10441,4/23/2023 6:15:00 PM,-11.05
10441,4/23/2023 6:15:00 PM,-11.23
10441,4/23/2023 6:15:00 PM,-11.17
10441,4/23/2023 6:16:00 PM,-11.17
10441,4/23/2023 6:16:00 PM,-11.11
10441,4/23/2023 6:16:00 PM,-10.99
10441,4/23/2023 6:16:00 PM,-11.05
10441,4/23/2023 6:16:00 PM,-11.59
10441,4/23/2023 6:16:00 PM,-11.29
10441,4/23/2023 6:16:00 PM,-11.17
10441,4/23/2023 6:16:00 PM,-11.11
10441,4/23/2023 6:16:00 PM,-11.29
10441,4/23/2023 6:17:00 PM,-10.81
10441,4/23/2023 6:17:00 PM,-10.99
10441,4/23/2023 6:17:00 PM,-10.81
10441,4/23/2023 6:17:00 PM,-10.99
10441,4/23/2023 6:17:00 PM,-10.81
10441,4/23/2023 6:17:00 PM,-10.99
10441,4/23/2023 6:17:00 PM,-11.11
10441,4/23/2023 6:17:00 PM,-11.05
10441,4/23/2023 6:17:00 PM,-10.99
10441,4/23/2023 6:17:00 PM,-11.05
10441,4/23/2023 6:18:00 PM,-10.87
10441,4/23/2023 6:18:00 PM,-11.05
10441,4/23/2023 6:18:00 PM,-10.87
10441,4/23/2023 6:18:00 PM,-10.93
10441,4/23/2023 6:18:00 PM,-10.87
10441,4/23/2023 6:18:00 PM,-10.69
10441,4/23/2023 6:18:00 PM,-10.63
10441,4/23/2023 6:18:00 PM,-10.75
10441,4/23/2023 6:18:00 PM,-10.69
10441,4/23/2023 6:18:00 PM,-10.87
10441,4/23/2023 6:18:00 PM,-11.05
10441,4/23/2023 6:19:00 PM,-10.87
10441,4/23/2023 6:19:00 PM,-10.81
10441,4/23/2023 6:19:00 PM,-10.69
10441,4/23/2023 6:19:00 PM,-10.81
10441,4/23/2023 6:19:00 PM,-10.87
10441,4/23/2023 6:19:00 PM,-10.81
10441,4/23/2023 6:19:00 PM,-10.75
10441,4/23/2023 6:19:00 PM,-11.17
10441,4/23/2023 6:20:00 PM,-10.81
10441,4/23/2023 6:20:00 PM,-10.69
10441,4/23/2023 6:20:00 PM,-10.63
10441,4/23/2023 6:20:00 PM,-10.69
10441,4/23/2023 6:20:00 PM,-10.57
10441,4/23/2023 6:21:00 PM,-10.40
10441,4/23/2023 6:21:00 PM,-10.16
10441,4/23/2023 6:21:00 PM,-10.40
10441,4/23/2023 6:21:00 PM,-10.63
10441,4/23/2023 6:21:00 PM,-10.40
10441,4/23/2023 6:21:00 PM,-10.51
10441,4/23/2023 6:21:00 PM,-10.57
10441,4/23/2023 6:21:00 PM,-10.51
10441,4/23/2023 6:21:00 PM,-10.69
10441,4/23/2023 6:21:00 PM,-10.51
10441,4/23/2023 6:21:00 PM,-10.34
10441,4/23/2023 6:22:00 PM,-10.16
10441,4/23/2023 6:22:00 PM,-10.34
10441,4/23/2023 6:22:00 PM,-10.28
10441,4/23/2023 6:22:00 PM,-10.34
10441,4/23/2023 6:22:00 PM,-10.28
10441,4/23/2023 6:22:00 PM,-10.34
10441,4/23/2023 6:22:00 PM,-10.28
10441,4/23/2023 6:22:00 PM,-10.34
10441,4/23/2023 6:23:00 PM,-10.22
10441,4/23/2023 6:23:00 PM,-10.16
10441,4/23/2023 6:23:00 PM,-10.22
10441,4/23/2023 6:23:00 PM,-10.40
10441,4/23/2023 6:23:00 PM,-10.63
10441,4/23/2023 6:23:00 PM,-10.22
10441,4/23/2023 6:23:00 PM,-10.34
10441,4/23/2023 6:23:00 PM,-10.28
10441,4/23/2023 6:23:00 PM,-10.40
10441,4/23/2023 6:23:00 PM,-10.63
10441,4/23/2023 6:24:00 PM,-10.28
10441,4/23/2023 6:24:00 PM,-10.51
10441,4/23/2023 6:24:00 PM,-10.45
10441,4/23/2023 6:24:00 PM,-10.45
10441,4/23/2023 6:24:00 PM,-10.40
10441,4/23/2023 6:24:00 PM,-10.34
10441,4/23/2023 6:24:00 PM,-10.40
10441,4/23/2023 6:24:00 PM,-10.22
10441,4/23/2023 6:24:00 PM,-10.40
10441,4/23/2023 6:25:00 PM,-10.40
10441,4/23/2023 6:25:00 PM,-10.34
10441,4/23/2023 6:25:00 PM,-10.45
10441,4/23/2023 6:25:00 PM,-10.34
10441,4/23/2023 6:25:00 PM,-10.51
10441,4/23/2023 6:25:00 PM,-9.86
10441,4/23/2023 6:25:00 PM,-10.34
10441,4/23/2023 6:25:00 PM,-10.51
10441,4/23/2023 6:25:00 PM,-10.22
10441,4/23/2023 6:25:00 PM,-11.11
10441,4/23/2023 6:25:00 PM,-10.75
10441,4/23/2023 6:25:00 PM,-10.51
10441,4/23/2023 6:25:00 PM,-10.75
10441,4/23/2023 6:25:00 PM,-10.45
10441,4/23/2023 6:26:00 PM,-9.86
10441,4/23/2023 6:26:00 PM,-10.22
10441,4/23/2023 6:26:00 PM,-10.10
10441,4/23/2023 6:26:00 PM,-10.34
10441,4/23/2023 6:26:00 PM,-10.45
10441,4/23/2023 6:26:00 PM,-10.28
10441,4/23/2023 6:26:00 PM,-10.40
10441,4/23/2023 6:26:00 PM,-10.45
10441,4/23/2023 6:26:00 PM,-10.51
10441,4/23/2023 6:26:00 PM,-10.57
10441,4/23/2023 6:26:00 PM,-10.75
10441,4/23/2023 6:26:00 PM,-10.40
10441,4/23/2023 6:27:00 PM,-10.28
10441,4/23/2023 6:27:00 PM,-10.40
10441,4/23/2023 6:27:00 PM,-10.45
10441,4/23/2023 6:27:00 PM,-10.40
10441,4/23/2023 6:27:00 PM,-10.34
10441,4/23/2023 6:27:00 PM,-10.34
10441,4/23/2023 6:27:00 PM,-10.28
10441,4/23/2023 6:27:00 PM,-10.34
10441,4/23/2023 6:27:00 PM,-10.40
10441,4/23/2023 6:27:00 PM,-10.28
10441,4/23/2023 6:27:00 PM,-10.34
10441,4/23/2023 6:27:00 PM,-10.40
10441,4/23/2023 6:28:00 PM,-10.28
10441,4/23/2023 6:28:00 PM,-10.34
10441,4/23/2023 6:28:00 PM,-10.22
10441,4/23/2023 6:28:00 PM,-10.28
10441,4/23/2023 6:28:00 PM,-10.51
10441,4/23/2023 6:28:00 PM,-10.40
10441,4/23/2023 6:28:00 PM,-10.28
10441,4/23/2023 6:28:00 PM,-10.22
10441,4/23/2023 6:28:00 PM,-10.34
10441,4/23/2023 6:28:00 PM,-10.45
10441,4/23/2023 6:28:00 PM,-10.40
10441,4/23/2023 6:29:00 PM,-10.34
10441,4/23/2023 6:29:00 PM,-10.40
10441,4/23/2023 6:29:00 PM,-10.22
10441,4/23/2023 6:29:00 PM,-10.34
10441,4/23/2023 6:29:00 PM,-10.22
10441,4/23/2023 6:29:00 PM,-10.28
10441,4/23/2023 6:29:00 PM,-10.22
10441,4/23/2023 6:29:00 PM,-10.28
10441,4/23/2023 6:30:00 PM,-10.40
10441,4/23/2023 6:30:00 PM,-10.28
10441,4/23/2023 6:30:00 PM,-10.40
10441,4/23/2023 6:30:00 PM,-10.28
10441,4/23/2023 6:30:00 PM,-10.34
10441,4/23/2023 6:30:00 PM,-10.28
10441,4/23/2023 6:30:00 PM,-10.28
10441,4/23/2023 6:30:00 PM,-10.40
10441,4/23/2023 6:30:00 PM,-9.80
10441,4/23/2023 6:30:00 PM,-10.10
10441,4/23/2023 6:30:00 PM,-10.22
10441,4/23/2023 6:30:00 PM,-10.63
10441,4/23/2023 6:30:00 PM,-10.22
10441,4/23/2023 6:31:00 PM,-10.40
10441,4/23/2023 6:31:00 PM,-10.22
10441,4/23/2023 6:31:00 PM,-10.16
10441,4/23/2023 6:31:00 PM,-10.10
10441,4/23/2023 6:31:00 PM,-10.16
10441,4/23/2023 6:32:00 PM,-10.10
10441,4/23/2023 6:32:00 PM,-10.81
10441,4/23/2023 6:32:00 PM,-10.16
10441,4/23/2023 6:32:00 PM,-10.22
10441,4/23/2023 6:32:00 PM,-10.10
10441,4/23/2023 6:32:00 PM,-10.04
10441,4/23/2023 6:33:00 PM,-10.10
10441,4/23/2023 6:33:00 PM,-10.16
10441,4/23/2023 6:33:00 PM,-10.10
10441,4/23/2023 6:33:00 PM,-10.16
10441,4/23/2023 6:33:00 PM,-10.40
10441,4/23/2023 6:33:00 PM,-10.04
10441,4/23/2023 6:33:00 PM,-10.28
10441,4/23/2023 6:34:00 PM,-10.10
10441,4/23/2023 6:34:00 PM,-10.04
10441,4/23/2023 6:34:00 PM,-9.92
10441,4/23/2023 6:34:00 PM,-10.22
10441,4/23/2023 6:34:00 PM,-10.16
10441,4/23/2023 6:34:00 PM,-9.86
10441,4/23/2023 6:34:00 PM,-10.04
10441,4/23/2023 6:34:00 PM,-10.10
10441,4/23/2023 6:34:00 PM,-10.40
10441,4/23/2023 6:34:00 PM,-10.16
10441,4/23/2023 6:34:00 PM,-10.22
10441,4/23/2023 6:34:00 PM,-9.98
10441,4/23/2023 6:35:00 PM,-10.10
10441,4/23/2023 6:35:00 PM,-10.04
10441,4/23/2023 6:35:00 PM,-10.10
10441,4/23/2023 6:35:00 PM,-10.04
10441,4/23/2023 6:35:00 PM,-10.10
10441,4/23/2023 6:35:00 PM,-10.16
10441,4/23/2023 6:35:00 PM,-10.22
10441,4/23/2023 6:35:00 PM,-10.34
10441,4/23/2023 6:35:00 PM,-10.04
10441,4/23/2023 6:35:00 PM,-9.98
10441,4/23/2023 6:35:00 PM,-9.92
10441,4/23/2023 6:35:00 PM,-10.04
10441,4/23/2023 6:36:00 PM,-10.28
10441,4/23/2023 6:36:00 PM,-10.10
10441,4/23/2023 6:36:00 PM,-10.16
10441,4/23/2023 6:36:00 PM,-10.10
10441,4/23/2023 6:36:00 PM,-10.16
10441,4/23/2023 6:36:00 PM,-9.92
10441,4/23/2023 6:36:00 PM,-10.16
10441,4/23/2023 6:36:00 PM,-10.22
10441,4/23/2023 6:37:00 PM,-10.22
10441,4/23/2023 6:37:00 PM,-10.04
10441,4/23/2023 6:37:00 PM,-10.22
10441,4/23/2023 6:37:00 PM,-10.10
10441,4/23/2023 6:37:00 PM,-10.22
10441,4/23/2023 6:37:00 PM,-10.34
10441,4/23/2023 6:37:00 PM,-10.16
10441,4/23/2023 6:37:00 PM,-10.28
10441,4/23/2023 6:37:00 PM,-10.16
10441,4/23/2023 6:37:00 PM,-10.04
10441,4/23/2023 6:37:00 PM,-10.16
10441,4/23/2023 6:37:00 PM,-10.10
10441,4/23/2023 6:37:00 PM,-10.16
10441,4/23/2023 6:37:00 PM,-10.10
10441,4/23/2023 6:38:00 PM,-10.16
10441,4/23/2023 6:38:00 PM,-10.22
10441,4/23/2023 6:38:00 PM,-10.16
10441,4/23/2023 6:38:00 PM,-10.34
10441,4/23/2023 6:38:00 PM,-10.28
10441,4/23/2023 6:38:00 PM,-10.10
10441,4/23/2023 6:38:00 PM,-10.16
10441,4/23/2023 6:38:00 PM,-10.22
10441,4/23/2023 6:39:00 PM,-10.22
10441,4/23/2023 6:39:00 PM,-10.16
10441,4/23/2023 6:39:00 PM,-10.22
10441,4/23/2023 6:39:00 PM,-10.28
10441,4/23/2023 6:39:00 PM,-10.16
10441,4/23/2023 6:39:00 PM,-10.22
10441,4/23/2023 6:40:00 PM,-10.28
10441,4/23/2023 6:40:00 PM,-10.69
10441,4/23/2023 6:40:00 PM,-10.51
10441,4/23/2023 6:40:00 PM,-10.34
10441,4/23/2023 6:40:00 PM,-10.28
10441,4/23/2023 6:40:00 PM,-10.04
10441,4/23/2023 6:40:00 PM,-10.16
10441,4/23/2023 6:40:00 PM,-10.10
10441,4/23/2023 6:40:00 PM,-10.28
10441,4/23/2023 6:40:00 PM,-10.16
10441,4/23/2023 6:41:00 PM,-10.10
10441,4/23/2023 6:41:00 PM,-10.22
10441,4/23/2023 6:41:00 PM,-9.98
10441,4/23/2023 6:41:00 PM,-10.28
10441,4/23/2023 6:41:00 PM,-10.22
10441,4/23/2023 6:41:00 PM,-10.34
10441,4/23/2023 6:41:00 PM,-10.22
10441,4/23/2023 6:41:00 PM,-10.45
10441,4/23/2023 6:41:00 PM,-10.28
10441,4/23/2023 6:41:00 PM,-10.04
10441,4/23/2023 6:41:00 PM,-10.10
10441,4/23/2023 6:41:00 PM,-10.22
10441,4/23/2023 6:41:00 PM,-9.92
10441,4/23/2023 6:41:00 PM,-10.22
10441,4/23/2023 6:41:00 PM,-10.87
10441,4/23/2023 6:42:00 PM,-10.34
10441,4/23/2023 6:42:00 PM,-10.04
10441,4/23/2023 6:42:00 PM,-10.22
10441,4/23/2023 6:42:00 PM,-10.16
10441,4/23/2023 6:42:00 PM,-10.04
10441,4/23/2023 6:42:00 PM,-10.16
10441,4/23/2023 6:42:00 PM,-10.28
10441,4/23/2023 6:42:00 PM,-10.04
10441,4/23/2023 6:42:00 PM,-10.28
10441,4/23/2023 6:42:00 PM,-10.10
10441,4/23/2023 6:42:00 PM,-9.92
10441,4/23/2023 6:42:00 PM,-10.10
10441,4/23/2023 6:42:00 PM,-10.04
10441,4/23/2023 6:42:00 PM,-10.10
10441,4/23/2023 6:43:00 PM,-10.04
10441,4/23/2023 6:43:00 PM,-10.10
10441,4/23/2023 6:43:00 PM,-10.04
10441,4/23/2023 6:43:00 PM,-10.10
10441,4/23/2023 6:43:00 PM,-10.16
10441,4/23/2023 6:43:00 PM,-10.04
10441,4/23/2023 6:43:00 PM,-9.92
10441,4/23/2023 6:43:00 PM,-9.98
10441,4/23/2023 6:43:00 PM,-9.98
10441,4/23/2023 6:43:00 PM,-10.10
10441,4/23/2023 6:43:00 PM,-10.04
10441,4/23/2023 6:43:00 PM,-9.98
10441,4/23/2023 6:43:00 PM,-10.16
10441,4/23/2023 6:43:00 PM,-10.22
10441,4/23/2023 6:44:00 PM,-9.92
10441,4/23/2023 6:44:00 PM,-10.04
10441,4/23/2023 6:44:00 PM,-9.92
10441,4/23/2023 6:44:00 PM,-9.98
10441,4/23/2023 6:44:00 PM,-10.04
10441,4/23/2023 6:44:00 PM,-9.98
10441,4/23/2023 6:44:00 PM,-9.92
10441,4/23/2023 6:45:00 PM,-9.80
10441,4/23/2023 6:45:00 PM,-9.98
10441,4/23/2023 6:45:00 PM,-9.92
10441,4/23/2023 6:45:00 PM,-9.98
10441,4/23/2023 6:45:00 PM,-10.10
10441,4/23/2023 6:45:00 PM,-9.98
10441,4/23/2023 6:45:00 PM,-9.92
10441,4/23/2023 6:46:00 PM,-9.98
10441,4/23/2023 6:46:00 PM,-9.44
10441,4/23/2023 6:46:00 PM,-10.22
10441,4/23/2023 6:46:00 PM,-9.98
10441,4/23/2023 6:46:00 PM,-10.16
10441,4/23/2023 6:46:00 PM,-10.10
10441,4/23/2023 6:46:00 PM,-10.16
10441,4/23/2023 6:46:00 PM,-10.22
10441,4/23/2023 6:46:00 PM,-10.10
10441,4/23/2023 6:46:00 PM,-10.04
10441,4/23/2023 6:46:00 PM,-9.98
10441,4/23/2023 6:47:00 PM,-10.10
10441,4/23/2023 6:47:00 PM,-9.98
10441,4/23/2023 6:47:00 PM,-10.04
10441,4/23/2023 6:47:00 PM,-9.98
10441,4/23/2023 6:47:00 PM,-9.86
10441,4/23/2023 6:47:00 PM,-9.80
10441,4/23/2023 6:47:00 PM,-9.74
10441,4/23/2023 6:47:00 PM,-9.80
10441,4/23/2023 6:47:00 PM,-9.86
10441,4/23/2023 6:47:00 PM,-9.92
10441,4/23/2023 6:48:00 PM,-9.98
10441,4/23/2023 6:48:00 PM,-9.86
10441,4/23/2023 6:48:00 PM,-9.98
10441,4/23/2023 6:48:00 PM,-9.86
10441,4/23/2023 6:48:00 PM,-10.10
10441,4/23/2023 6:48:00 PM,-9.92
10441,4/23/2023 6:48:00 PM,-9.68
10441,4/23/2023 6:48:00 PM,-10.16
10441,4/23/2023 6:48:00 PM,-9.98
10441,4/23/2023 6:48:00 PM,-9.32
10441,4/23/2023 6:48:00 PM,-8.78
10441,4/23/2023 6:49:00 PM,-9.68
10441,4/23/2023 6:49:00 PM,-9.56
10441,4/23/2023 6:49:00 PM,-9.62
10441,4/23/2023 6:49:00 PM,-9.74
10441,4/23/2023 6:49:00 PM,-9.56
10441,4/23/2023 6:49:00 PM,-9.68
10441,4/23/2023 6:49:00 PM,-10.04
10441,4/23/2023 6:49:00 PM,-9.86
10441,4/23/2023 6:49:00 PM,-9.80
10441,4/23/2023 6:49:00 PM,-9.74
10441,4/23/2023 6:50:00 PM,-9.68
10441,4/23/2023 6:50:00 PM,-9.74
10441,4/23/2023 6:50:00 PM,-9.68
10441,4/23/2023 6:50:00 PM,-9.74
10441,4/23/2023 6:50:00 PM,-9.68
10441,4/23/2023 6:50:00 PM,-9.80
10441,4/23/2023 6:50:00 PM,-9.68
10441,4/23/2023 6:50:00 PM,-9.62
10441,4/23/2023 6:50:00 PM,-9.50
10441,4/23/2023 6:50:00 PM,-9.56
10441,4/23/2023 6:50:00 PM,-9.50
10441,4/23/2023 6:51:00 PM,-9.38
10441,4/23/2023 6:51:00 PM,-9.86
10441,4/23/2023 6:51:00 PM,-9.68
10441,4/23/2023 6:51:00 PM,-9.38
10441,4/23/2023 6:51:00 PM,-9.08
10441,4/23/2023 6:51:00 PM,-9.50
10441,4/23/2023 6:51:00 PM,-9.50
10441,4/23/2023 6:51:00 PM,-9.38
10441,4/23/2023 6:51:00 PM,-9.14
10441,4/23/2023 6:51:00 PM,-9.44
10441,4/23/2023 6:51:00 PM,-9.26
10441,4/23/2023 6:51:00 PM,-9.32
10441,4/23/2023 6:51:00 PM,-9.44
10441,4/23/2023 6:52:00 PM,-9.38
10441,4/23/2023 6:52:00 PM,-9.32
10441,4/23/2023 6:52:00 PM,-9.32
10441,4/23/2023 6:52:00 PM,-9.38
10441,4/23/2023 6:52:00 PM,-9.44
10441,4/23/2023 6:53:00 PM,-9.92
10441,4/23/2023 6:53:00 PM,-9.38
10441,4/23/2023 6:53:00 PM,-9.44
10441,4/23/2023 6:53:00 PM,-9.26
10441,4/23/2023 6:53:00 PM,-9.38
10441,4/23/2023 6:53:00 PM,-9.44
10441,4/23/2023 6:53:00 PM,-9.56
10441,4/23/2023 6:53:00 PM,-9.38
10441,4/23/2023 6:53:00 PM,-9.26
10441,4/23/2023 6:53:00 PM,-9.38
10441,4/23/2023 6:53:00 PM,-9.44
10441,4/23/2023 6:54:00 PM,-9.20
10441,4/23/2023 6:54:00 PM,-9.32
10441,4/23/2023 6:54:00 PM,-9.56
10441,4/23/2023 6:54:00 PM,-9.38
10441,4/23/2023 6:54:00 PM,-9.32
10441,4/23/2023 6:54:00 PM,-9.38
10441,4/23/2023 6:54:00 PM,-9.56
10441,4/23/2023 6:54:00 PM,-9.08
10441,4/23/2023 6:55:00 PM,-9.44
10441,4/23/2023 6:55:00 PM,-9.38
10441,4/23/2023 6:55:00 PM,-9.32
10441,4/23/2023 6:55:00 PM,-9.56
10441,4/23/2023 6:55:00 PM,-9.62
10441,4/23/2023 6:55:00 PM,-9.56
10441,4/23/2023 6:55:00 PM,-9.50
10441,4/23/2023 6:55:00 PM,-9.44
10441,4/23/2023 6:55:00 PM,-9.56
10441,4/23/2023 6:56:00 PM,-9.56
10441,4/23/2023 6:56:00 PM,-9.68
10441,4/23/2023 6:56:00 PM,-9.56
10441,4/23/2023 6:56:00 PM,-9.62
10441,4/23/2023 6:56:00 PM,-9.50
10441,4/23/2023 6:56:00 PM,-9.62
10441,4/23/2023 6:56:00 PM,-9.56
10441,4/23/2023 6:56:00 PM,-9.50
10441,4/23/2023 6:56:00 PM,-9.62
10441,4/23/2023 6:56:00 PM,-9.92
10441,4/23/2023 6:57:00 PM,-9.50
10441,4/23/2023 6:57:00 PM,-9.80
10441,4/23/2023 6:57:00 PM,-9.68
10441,4/23/2023 6:57:00 PM,-9.74
10441,4/23/2023 6:57:00 PM,-9.62
10441,4/23/2023 6:57:00 PM,-9.68
10441,4/23/2023 6:57:00 PM,-9.80
10441,4/23/2023 6:57:00 PM,-9.62
10441,4/23/2023 6:58:00 PM,-9.62
10441,4/23/2023 6:58:00 PM,-9.74
10441,4/23/2023 6:58:00 PM,-9.98
10441,4/23/2023 6:58:00 PM,-9.68
10441,4/23/2023 6:58:00 PM,-9.62
10441,4/23/2023 6:58:00 PM,-9.68
10441,4/23/2023 6:58:00 PM,-9.62
10441,4/23/2023 6:58:00 PM,-9.68
10441,4/23/2023 6:58:00 PM,-9.62
10441,4/23/2023 6:58:00 PM,-9.68
10441,4/23/2023 6:59:00 PM,-9.68
10441,4/23/2023 6:59:00 PM,-9.50
10441,4/23/2023 6:59:00 PM,-9.56
10441,4/23/2023 6:59:00 PM,-9.68
10441,4/23/2023 7:00:00 PM,-9.74
10441,4/23/2023 7:00:00 PM,-9.68
10441,4/23/2023 7:00:00 PM,-9.62
10441,4/23/2023 7:00:00 PM,-9.56
10441,4/23/2023 7:00:00 PM,-9.44
10441,4/23/2023 7:00:00 PM,-9.38
10441,4/23/2023 7:01:00 PM,-9.50
10441,4/23/2023 7:01:00 PM,-9.44
10441,4/23/2023 7:01:00 PM,-9.38
10441,4/23/2023 7:01:00 PM,-9.44
10441,4/23/2023 7:01:00 PM,-9.50
10441,4/23/2023 7:01:00 PM,-9.68
10441,4/23/2023 7:01:00 PM,-9.74
10441,4/23/2023 7:01:00 PM,-9.92
10441,4/23/2023 7:01:00 PM,-9.86
10441,4/23/2023 7:02:00 PM,-9.98
10441,4/23/2023 7:02:00 PM,-10.04
10441,4/23/2023 7:02:00 PM,-9.98
10441,4/23/2023 7:02:00 PM,-9.74
10441,4/23/2023 7:02:00 PM,-9.80
10441,4/23/2023 7:02:00 PM,-9.68
10441,4/23/2023 7:02:00 PM,-9.62
10441,4/23/2023 7:02:00 PM,-9.56
10441,4/23/2023 7:02:00 PM,-9.50
10441,4/23/2023 7:03:00 PM,-9.56
10441,4/23/2023 7:03:00 PM,-9.62
10441,4/23/2023 7:03:00 PM,-9.50
10441,4/23/2023 7:03:00 PM,-9.68
10441,4/23/2023 7:03:00 PM,-9.62
10441,4/23/2023 7:03:00 PM,-9.50
10441,4/23/2023 7:03:00 PM,-9.44
10441,4/23/2023 7:03:00 PM,-9.50
10441,4/23/2023 7:04:00 PM,-10.04
10441,4/23/2023 7:04:00 PM,-9.50
10441,4/23/2023 7:04:00 PM,-9.68
10441,4/23/2023 7:04:00 PM,-9.62
10441,4/23/2023 7:04:00 PM,-9.56
10441,4/23/2023 7:04:00 PM,-9.62
10441,4/23/2023 7:04:00 PM,-9.50
10441,4/23/2023 7:04:00 PM,-9.56
10441,4/23/2023 7:04:00 PM,-9.74
10441,4/23/2023 7:05:00 PM,-9.80
10441,4/23/2023 7:05:00 PM,-9.86
10441,4/23/2023 7:05:00 PM,-9.98
10441,4/23/2023 7:05:00 PM,-10.04
10441,4/23/2023 7:05:00 PM,-9.98
10441,4/23/2023 7:05:00 PM,-9.74
10441,4/23/2023 7:06:00 PM,-10.04
10441,4/23/2023 7:06:00 PM,-10.22
10441,4/23/2023 7:06:00 PM,-10.04
10441,4/23/2023 7:06:00 PM,-9.98
10441,4/23/2023 7:06:00 PM,-10.10
10441,4/23/2023 7:06:00 PM,-9.80
10441,4/23/2023 7:06:00 PM,-9.92
10441,4/23/2023 7:06:00 PM,-9.98
10441,4/23/2023 7:06:00 PM,-10.04
10441,4/23/2023 7:06:00 PM,-9.86
10441,4/23/2023 7:06:00 PM,-9.80
10441,4/23/2023 7:06:00 PM,-10.10
10441,4/23/2023 7:06:00 PM,-9.98
10441,4/23/2023 7:07:00 PM,-10.16
10441,4/23/2023 7:07:00 PM,-10.04
10441,4/23/2023 7:07:00 PM,-10.10
10441,4/23/2023 7:07:00 PM,-10.22
10441,4/23/2023 7:07:00 PM,-9.92
10441,4/23/2023 7:07:00 PM,-9.98
10441,4/23/2023 7:07:00 PM,-10.04
10441,4/23/2023 7:07:00 PM,-9.98
10441,4/23/2023 7:07:00 PM,-10.04
10441,4/23/2023 7:08:00 PM,-10.40
10441,4/23/2023 7:08:00 PM,-10.45
10441,4/23/2023 7:08:00 PM,-10.34
10441,4/23/2023 7:08:00 PM,-10.22
10441,4/23/2023 7:08:00 PM,-10.40
10441,4/23/2023 7:08:00 PM,-9.98
10441,4/23/2023 7:08:00 PM,-10.04
10441,4/23/2023 7:08:00 PM,-10.16
10441,4/23/2023 7:08:00 PM,-10.10
10441,4/23/2023 7:08:00 PM,-10.22
10441,4/23/2023 7:08:00 PM,-10.51
10441,4/23/2023 7:09:00 PM,-10.34
10441,4/23/2023 7:09:00 PM,-10.45
10441,4/23/2023 7:09:00 PM,-10.81
10441,4/23/2023 7:09:00 PM,-10.45
10441,4/23/2023 7:09:00 PM,-10.40
10441,4/23/2023 7:09:00 PM,-10.28
10441,4/23/2023 7:09:00 PM,-10.22
10441,4/23/2023 7:09:00 PM,-10.16
10441,4/23/2023 7:09:00 PM,-9.98
10441,4/23/2023 7:09:00 PM,-9.92
10441,4/23/2023 7:10:00 PM,-9.86
10441,4/23/2023 7:10:00 PM,-9.68
10441,4/23/2023 7:10:00 PM,-9.56
10441,4/23/2023 7:10:00 PM,-9.50
10441,4/23/2023 7:10:00 PM,-9.62
10441,4/23/2023 7:10:00 PM,-9.68
10441,4/23/2023 7:10:00 PM,-9.56
10441,4/23/2023 7:10:00 PM,-9.80
10441,4/23/2023 7:10:00 PM,-9.62
10441,4/23/2023 7:10:00 PM,-9.56
10441,4/23/2023 7:10:00 PM,-9.50
10441,4/23/2023 7:10:00 PM,-9.74
10441,4/23/2023 7:11:00 PM,-9.50
10441,4/23/2023 7:11:00 PM,-9.38
10441,4/23/2023 7:11:00 PM,-9.74
10441,4/23/2023 7:11:00 PM,-9.50
10441,4/23/2023 7:11:00 PM,-9.26
10441,4/23/2023 7:11:00 PM,-9.44
10441,4/23/2023 7:11:00 PM,-9.50
10441,4/23/2023 7:11:00 PM,-9.62
10441,4/23/2023 7:11:00 PM,-9.44
10441,4/23/2023 7:11:00 PM,-9.38
10441,4/23/2023 7:11:00 PM,-9.56
10441,4/23/2023 7:11:00 PM,-9.50
10441,4/23/2023 7:12:00 PM,-9.62
10441,4/23/2023 7:12:00 PM,-9.68
10441,4/23/2023 7:12:00 PM,-9.86
10441,4/23/2023 7:12:00 PM,-10.28
10441,4/23/2023 7:12:00 PM,-9.92
10441,4/23/2023 7:12:00 PM,-9.74
10441,4/23/2023 7:12:00 PM,-9.92
10441,4/23/2023 7:12:00 PM,-9.98
10441,4/23/2023 7:12:00 PM,-9.56
10441,4/23/2023 7:12:00 PM,-9.50
10441,4/23/2023 7:13:00 PM,-9.80
10441,4/23/2023 7:13:00 PM,-9.92
10441,4/23/2023 7:13:00 PM,-10.10
10441,4/23/2023 7:13:00 PM,-10.16
10441,4/23/2023 7:13:00 PM,-10.28
10441,4/23/2023 7:13:00 PM,-10.63
10441,4/23/2023 7:13:00 PM,-10.04
10441,4/23/2023 7:13:00 PM,-9.98
10441,4/23/2023 7:14:00 PM,-10.22
10441,4/23/2023 7:14:00 PM,-10.34
10441,4/23/2023 7:14:00 PM,-10.28
10441,4/23/2023 7:14:00 PM,-10.22
10441,4/23/2023 7:14:00 PM,-10.40
10441,4/23/2023 7:14:00 PM,-10.28
10441,4/23/2023 7:14:00 PM,-10.22
10441,4/23/2023 7:14:00 PM,-10.51
10441,4/23/2023 7:15:00 PM,-9.80
10441,4/23/2023 7:15:00 PM,-9.92
10441,4/23/2023 7:15:00 PM,-9.98
10441,4/23/2023 7:15:00 PM,-10.22
10441,4/23/2023 7:15:00 PM,-10.10
10441,4/23/2023 7:15:00 PM,-10.22
10441,4/23/2023 7:15:00 PM,-10.45
10441,4/23/2023 7:15:00 PM,-10.22
10441,4/23/2023 7:15:00 PM,-10.04
10441,4/23/2023 7:16:00 PM,-9.92
10441,4/23/2023 7:16:00 PM,-10.04
10441,4/23/2023 7:16:00 PM,-9.92
10441,4/23/2023 7:16:00 PM,-9.98
10441,4/23/2023 7:16:00 PM,-10.22
10441,4/23/2023 7:16:00 PM,-10.16
10441,4/23/2023 7:16:00 PM,-10.34
10441,4/23/2023 7:16:00 PM,-10.04
10441,4/23/2023 7:16:00 PM,-9.98
10441,4/23/2023 7:16:00 PM,-9.92
10441,4/23/2023 7:16:00 PM,-9.86
10441,4/23/2023 7:17:00 PM,-9.80
10441,4/23/2023 7:17:00 PM,-9.74
10441,4/23/2023 7:17:00 PM,-9.68
10441,4/23/2023 7:17:00 PM,-9.80
10441,4/23/2023 7:17:00 PM,-9.86
10441,4/23/2023 7:17:00 PM,-9.92
10441,4/23/2023 7:17:00 PM,-9.98
10441,4/23/2023 7:17:00 PM,-9.92
10441,4/23/2023 7:17:00 PM,-9.44
10441,4/23/2023 7:17:00 PM,-9.80
10441,4/23/2023 7:17:00 PM,-9.74
10441,4/23/2023 7:18:00 PM,-9.56
10441,4/23/2023 7:18:00 PM,-9.80
10441,4/23/2023 7:18:00 PM,-9.56
10441,4/23/2023 7:18:00 PM,-9.62
10441,4/23/2023 7:18:00 PM,-9.74
10441,4/23/2023 7:18:00 PM,-9.68
10441,4/23/2023 7:18:00 PM,-9.62
10441,4/23/2023 7:18:00 PM,-9.56
10441,4/23/2023 7:18:00 PM,-9.68
10441,4/23/2023 7:18:00 PM,-9.62
10441,4/23/2023 7:19:00 PM,-9.62
10441,4/23/2023 7:19:00 PM,-9.68
10441,4/23/2023 7:19:00 PM,-9.62
10441,4/23/2023 7:19:00 PM,-9.74
10441,4/23/2023 7:19:00 PM,-9.68
10441,4/23/2023 7:19:00 PM,-9.62
10441,4/23/2023 7:19:00 PM,-9.50
10441,4/23/2023 7:19:00 PM,-9.68
10441,4/23/2023 7:19:00 PM,-9.74
10441,4/23/2023 7:19:00 PM,-10.40
10441,4/23/2023 7:20:00 PM,-9.68
10441,4/23/2023 7:20:00 PM,-9.80
10441,4/23/2023 7:20:00 PM,-9.56
10441,4/23/2023 7:20:00 PM,-9.62
10441,4/23/2023 7:20:00 PM,-9.68
10441,4/23/2023 7:20:00 PM,-9.38
10441,4/23/2023 7:20:00 PM,-9.74
10441,4/23/2023 7:20:00 PM,-9.86
10441,4/23/2023 7:20:00 PM,-9.74
10441,4/23/2023 7:20:00 PM,-9.68
10441,4/23/2023 7:20:00 PM,-9.62
10441,4/23/2023 7:20:00 PM,-10.22
10441,4/23/2023 7:21:00 PM,-9.44
10441,4/23/2023 7:21:00 PM,-9.50
10441,4/23/2023 7:21:00 PM,-9.68
10441,4/23/2023 7:21:00 PM,-9.50
10441,4/23/2023 7:21:00 PM,-9.44
10441,4/23/2023 7:21:00 PM,-9.62
10441,4/23/2023 7:21:00 PM,-9.56
10441,4/23/2023 7:22:00 PM,-9.68
10441,4/23/2023 7:22:00 PM,-9.92
10441,4/23/2023 7:22:00 PM,-9.98
10441,4/23/2023 7:22:00 PM,-10.22
10441,4/23/2023 7:22:00 PM,-10.04
10441,4/23/2023 7:22:00 PM,-9.92
10441,4/23/2023 7:22:00 PM,-9.98
10441,4/23/2023 7:22:00 PM,-9.92
10441,4/23/2023 7:22:00 PM,-9.98
10441,4/23/2023 7:23:00 PM,-10.04
10441,4/23/2023 7:23:00 PM,-10.10
10441,4/23/2023 7:23:00 PM,-9.92
10441,4/23/2023 7:23:00 PM,-9.98
10441,4/23/2023 7:24:00 PM,-10.04
10441,4/23/2023 7:24:00 PM,-9.80
10441,4/23/2023 7:24:00 PM,-9.74
10441,4/23/2023 7:24:00 PM,-9.86
10441,4/23/2023 7:24:00 PM,-9.92
10441,4/23/2023 7:24:00 PM,-9.98
10441,4/23/2023 7:24:00 PM,-10.10
10441,4/23/2023 7:24:00 PM,-9.86
10441,4/23/2023 7:24:00 PM,-9.62
10441,4/23/2023 7:24:00 PM,-9.98
10441,4/23/2023 7:24:00 PM,-9.92
10441,4/23/2023 7:24:00 PM,-10.22
10441,4/23/2023 7:24:00 PM,-9.98
10441,4/23/2023 7:24:00 PM,-9.92
10441,4/23/2023 7:24:00 PM,-9.80
10441,4/23/2023 7:25:00 PM,-9.20
10441,4/23/2023 7:25:00 PM,-9.14
10441,4/23/2023 7:25:00 PM,-9.08
10441,4/23/2023 7:25:00 PM,-9.02
10441,4/23/2023 7:25:00 PM,-8.90
10441,4/23/2023 7:25:00 PM,-9.08
10441,4/23/2023 7:25:00 PM,-9.68
10441,4/23/2023 7:25:00 PM,-9.62
10441,4/23/2023 7:25:00 PM,-9.50
10441,4/23/2023 7:25:00 PM,-9.32
10441,4/23/2023 7:25:00 PM,-9.26
10441,4/23/2023 7:25:00 PM,-9.44
10441,4/23/2023 7:26:00 PM,-9.32
10441,4/23/2023 7:26:00 PM,-9.38
10441,4/23/2023 7:26:00 PM,-8.96
10441,4/23/2023 7:26:00 PM,-9.08
10441,4/23/2023 7:26:00 PM,-9.14
10441,4/23/2023 7:26:00 PM,-8.78
10441,4/23/2023 7:26:00 PM,-9.14
10441,4/23/2023 7:26:00 PM,-9.26
10441,4/23/2023 7:26:00 PM,-9.02
10441,4/23/2023 7:26:00 PM,-9.20
10441,4/23/2023 7:26:00 PM,-8.90
10441,4/23/2023 7:26:00 PM,-8.96
10441,4/23/2023 7:26:00 PM,-9.08
10441,4/23/2023 7:26:00 PM,-8.84
10441,4/23/2023 7:27:00 PM,-9.44
10441,4/23/2023 7:27:00 PM,-9.68
10441,4/23/2023 7:27:00 PM,-9.62
10441,4/23/2023 7:27:00 PM,-9.56
10441,4/23/2023 7:27:00 PM,-9.50
10441,4/23/2023 7:27:00 PM,-9.38
10441,4/23/2023 7:27:00 PM,-9.50
10441,4/23/2023 7:27:00 PM,-9.68
10441,4/23/2023 7:27:00 PM,-9.74
10441,4/23/2023 7:27:00 PM,-9.98
10441,4/23/2023 7:27:00 PM,-9.92
10441,4/23/2023 7:28:00 PM,-10.16
10441,4/23/2023 7:28:00 PM,-10.22
10441,4/23/2023 7:28:00 PM,-10.10
10441,4/23/2023 7:28:00 PM,-10.16
10441,4/23/2023 7:28:00 PM,-10.22
10441,4/23/2023 7:28:00 PM,-10.16
10441,4/23/2023 7:28:00 PM,-10.10
10441,4/23/2023 7:28:00 PM,-10.51
10441,4/23/2023 7:29:00 PM,-10.04
10441,4/23/2023 7:29:00 PM,-9.86
10441,4/23/2023 7:29:00 PM,-10.10
10441,4/23/2023 7:29:00 PM,-10.04
10441,4/23/2023 7:29:00 PM,-9.86
10441,4/23/2023 7:29:00 PM,-10.22
10441,4/23/2023 7:29:00 PM,-10.28
10441,4/23/2023 7:29:00 PM,-10.16
10441,4/23/2023 7:29:00 PM,-10.22
10441,4/23/2023 7:29:00 PM,-10.16
10441,4/23/2023 7:29:00 PM,-10.10
10441,4/23/2023 7:30:00 PM,-9.32
10441,4/23/2023 7:30:00 PM,-9.50
10441,4/23/2023 7:30:00 PM,-9.38
10441,4/23/2023 7:30:00 PM,-9.44
10441,4/23/2023 7:30:00 PM,-9.38
10441,4/23/2023 7:30:00 PM,-9.74
10441,4/23/2023 7:30:00 PM,-9.74
10441,4/23/2023 7:30:00 PM,-9.98
10441,4/23/2023 7:30:00 PM,-9.74
10441,4/23/2023 7:30:00 PM,-9.68
10441,4/23/2023 7:30:00 PM,-9.62
10441,4/23/2023 7:30:00 PM,-9.44
10441,4/23/2023 7:31:00 PM,-9.38
10441,4/23/2023 7:31:00 PM,-9.56
10441,4/23/2023 7:31:00 PM,-9.38
10441,4/23/2023 7:31:00 PM,-9.62
10441,4/23/2023 7:31:00 PM,-9.50
10441,4/23/2023 7:31:00 PM,-9.38
10441,4/23/2023 7:31:00 PM,-9.44
10441,4/23/2023 7:31:00 PM,-9.38
10441,4/23/2023 7:31:00 PM,-9.44
10441,4/23/2023 7:31:00 PM,-9.32
10441,4/23/2023 7:31:00 PM,-9.50
10441,4/23/2023 7:32:00 PM,-9.38
10441,4/23/2023 7:32:00 PM,-9.50
10441,4/23/2023 7:32:00 PM,-9.68
10441,4/23/2023 7:32:00 PM,-9.62
10441,4/23/2023 7:32:00 PM,-9.86
10441,4/23/2023 7:32:00 PM,-9.44
10441,4/23/2023 7:32:00 PM,-9.80
10441,4/23/2023 7:32:00 PM,-9.98
10441,4/23/2023 7:32:00 PM,-9.74
10441,4/23/2023 7:33:00 PM,-9.68
10441,4/23/2023 7:33:00 PM,-9.74
10441,4/23/2023 7:33:00 PM,-9.92
10441,4/23/2023 7:33:00 PM,-9.98
10441,4/23/2023 7:33:00 PM,-10.28
10441,4/23/2023 7:33:00 PM,-9.92
10441,4/23/2023 7:34:00 PM,-9.98
10441,4/23/2023 7:34:00 PM,-10.04
10441,4/23/2023 7:34:00 PM,-10.10
10441,4/23/2023 7:34:00 PM,-10.22
10441,4/23/2023 7:34:00 PM,-10.28
10441,4/23/2023 7:34:00 PM,-10.22
10441,4/23/2023 7:34:00 PM,-10.57
10441,4/23/2023 7:34:00 PM,-10.40
10441,4/23/2023 7:34:00 PM,-10.45
10441,4/23/2023 7:35:00 PM,-11.05
10441,4/23/2023 7:35:00 PM,-10.34
10441,4/23/2023 7:35:00 PM,-10.45
10441,4/23/2023 7:35:00 PM,-10.40
10441,4/23/2023 7:35:00 PM,-10.45
10441,4/23/2023 7:35:00 PM,-10.51
10441,4/23/2023 7:35:00 PM,-10.40
10441,4/23/2023 7:35:00 PM,-10.34
10441,4/23/2023 7:35:00 PM,-10.45
10441,4/23/2023 7:35:00 PM,-10.22
10441,4/23/2023 7:35:00 PM,-10.40
10441,4/23/2023 7:35:00 PM,-10.45
10441,4/23/2023 7:36:00 PM,-10.34
10441,4/23/2023 7:36:00 PM,-10.40
10441,4/23/2023 7:36:00 PM,-10.51
10441,4/23/2023 7:36:00 PM,-10.45
10441,4/23/2023 7:36:00 PM,-10.51
10441,4/23/2023 7:36:00 PM,-10.34
10441,4/23/2023 7:36:00 PM,-10.51
10441,4/23/2023 7:36:00 PM,-10.57
10441,4/23/2023 7:36:00 PM,-10.45
10441,4/23/2023 7:36:00 PM,-10.40
10441,4/23/2023 7:36:00 PM,-10.10
10441,4/23/2023 7:36:00 PM,-10.34
10441,4/23/2023 7:36:00 PM,-10.45
10441,4/23/2023 7:37:00 PM,-10.22
10441,4/23/2023 7:37:00 PM,-10.34
10441,4/23/2023 7:37:00 PM,-10.40
10441,4/23/2023 7:37:00 PM,-10.10
10441,4/23/2023 7:37:00 PM,-10.57
10441,4/23/2023 7:37:00 PM,-10.34
10441,4/23/2023 7:37:00 PM,-10.28
10441,4/23/2023 7:37:00 PM,-10.22
10441,4/23/2023 7:37:00 PM,-10.34
10441,4/23/2023 7:37:00 PM,-10.40
10441,4/23/2023 7:37:00 PM,-10.22
10441,4/23/2023 7:38:00 PM,-10.16
10441,4/23/2023 7:38:00 PM,-10.10
10441,4/23/2023 7:38:00 PM,-10.34
10441,4/23/2023 7:38:00 PM,-10.10
10441,4/23/2023 7:38:00 PM,-10.04
10441,4/23/2023 7:38:00 PM,-10.16
10441,4/23/2023 7:38:00 PM,-10.34
10441,4/23/2023 7:38:00 PM,-10.28
10441,4/23/2023 7:38:00 PM,-9.98
10441,4/23/2023 7:38:00 PM,-10.28
10441,4/23/2023 7:38:00 PM,-10.16
10441,4/23/2023 7:38:00 PM,-10.34
10441,4/23/2023 7:39:00 PM,-10.04
10441,4/23/2023 7:39:00 PM,-10.16
10441,4/23/2023 7:39:00 PM,-10.28
10441,4/23/2023 7:39:00 PM,-9.86
10441,4/23/2023 7:39:00 PM,-10.16
10441,4/23/2023 7:39:00 PM,-10.22
10441,4/23/2023 7:39:00 PM,-10.34
10441,4/23/2023 7:39:00 PM,-10.16
10441,4/23/2023 7:39:00 PM,-10.04
10441,4/23/2023 7:39:00 PM,-10.16
10441,4/23/2023 7:40:00 PM,-10.28
10441,4/23/2023 7:40:00 PM,-10.22
10441,4/23/2023 7:40:00 PM,-10.22
10441,4/23/2023 7:40:00 PM,-10.16
10441,4/23/2023 7:40:00 PM,-10.10
10441,4/23/2023 7:40:00 PM,-10.28
10441,4/23/2023 7:40:00 PM,-10.22
10441,4/23/2023 7:40:00 PM,-10.28
10441,4/23/2023 7:40:00 PM,-10.57
10441,4/23/2023 7:40:00 PM,-10.45
10441,4/23/2023 7:40:00 PM,-10.28
10441,4/23/2023 7:41:00 PM,-10.16
10441,4/23/2023 7:41:00 PM,-10.40
10441,4/23/2023 7:41:00 PM,-10.34
10441,4/23/2023 7:41:00 PM,-10.22
10441,4/23/2023 7:41:00 PM,-10.16
10441,4/23/2023 7:41:00 PM,-10.81
10441,4/23/2023 7:41:00 PM,-10.51
10441,4/23/2023 7:41:00 PM,-10.45
10441,4/23/2023 7:41:00 PM,-10.34
10441,4/23/2023 7:41:00 PM,-10.40
10441,4/23/2023 7:42:00 PM,-10.51
10441,4/23/2023 7:42:00 PM,-10.45
10441,4/23/2023 7:42:00 PM,-10.81
10441,4/23/2023 7:42:00 PM,-10.57
10441,4/23/2023 7:42:00 PM,-10.51
10441,4/23/2023 7:42:00 PM,-10.57
10441,4/23/2023 7:42:00 PM,-11.05
10441,4/23/2023 7:42:00 PM,-10.69
10441,4/23/2023 7:42:00 PM,-10.63
10441,4/23/2023 7:42:00 PM,-10.51
10441,4/23/2023 7:42:00 PM,-10.87
10441,4/23/2023 7:43:00 PM,-10.69
10441,4/23/2023 7:43:00 PM,-10.63
10441,4/23/2023 7:43:00 PM,-10.22
10441,4/23/2023 7:43:00 PM,-10.57
10441,4/23/2023 7:43:00 PM,-10.51
10441,4/23/2023 7:43:00 PM,-10.34
10441,4/23/2023 7:43:00 PM,-10.40
10441,4/23/2023 7:43:00 PM,-10.45
10441,4/23/2023 7:43:00 PM,-10.34
10441,4/23/2023 7:43:00 PM,-10.40
10441,4/23/2023 7:43:00 PM,-10.28
10441,4/23/2023 7:43:00 PM,-10.57
10441,4/23/2023 7:44:00 PM,-10.40
10441,4/23/2023 7:44:00 PM,-10.45
10441,4/23/2023 7:44:00 PM,-10.51
10441,4/23/2023 7:44:00 PM,-10.45
10441,4/23/2023 7:44:00 PM,-10.40
10441,4/23/2023 7:44:00 PM,-10.34
10441,4/23/2023 7:44:00 PM,-10.28
10441,4/23/2023 7:44:00 PM,-10.34
10441,4/23/2023 7:44:00 PM,-10.40
10441,4/23/2023 7:44:00 PM,-10.45
10441,4/23/2023 7:45:00 PM,-10.51
10441,4/23/2023 7:45:00 PM,-10.69
10441,4/23/2023 7:45:00 PM,-10.51
10441,4/23/2023 7:45:00 PM,-10.40
10441,4/23/2023 7:45:00 PM,-10.45
10441,4/23/2023 7:45:00 PM,-10.51
10441,4/23/2023 7:45:00 PM,-10.63
10441,4/23/2023 7:45:00 PM,-10.28
10441,4/23/2023 7:45:00 PM,-10.63
10441,4/23/2023 7:45:00 PM,-10.57
10441,4/23/2023 7:46:00 PM,-10.69
10441,4/23/2023 7:46:00 PM,-10.75
10441,4/23/2023 7:46:00 PM,-10.69
10441,4/23/2023 7:46:00 PM,-10.57
10441,4/23/2023 7:46:00 PM,-10.81
10441,4/23/2023 7:46:00 PM,-10.69
10441,4/23/2023 7:46:00 PM,-10.75
10441,4/23/2023 7:46:00 PM,-10.63
10441,4/23/2023 7:47:00 PM,-10.81
10441,4/23/2023 7:47:00 PM,-10.93
10441,4/23/2023 7:47:00 PM,-10.69
10441,4/23/2023 7:47:00 PM,-11.23
10441,4/23/2023 7:47:00 PM,-10.99
10441,4/23/2023 7:47:00 PM,-11.05
10441,4/23/2023 7:47:00 PM,-10.99
10441,4/23/2023 7:48:00 PM,-10.93
10441,4/23/2023 7:48:00 PM,-10.99
10441,4/23/2023 7:48:00 PM,-11.05
10441,4/23/2023 7:48:00 PM,-10.99
10441,4/23/2023 7:48:00 PM,-10.93
10441,4/23/2023 7:48:00 PM,-11.23
10441,4/23/2023 7:48:00 PM,-11.47
10441,4/23/2023 7:48:00 PM,-11.17
10441,4/23/2023 7:49:00 PM,-11.17
10441,4/23/2023 7:49:00 PM,-11.35
10441,4/23/2023 7:49:00 PM,-11.23
10441,4/23/2023 7:49:00 PM,-11.29
10441,4/23/2023 7:49:00 PM,-11.23
10441,4/23/2023 7:49:00 PM,-11.23
10441,4/23/2023 7:49:00 PM,-11.17
10441,4/23/2023 7:49:00 PM,-11.23
10441,4/23/2023 7:49:00 PM,-11.17
10441,4/23/2023 7:49:00 PM,-11.11
10441,4/23/2023 7:49:00 PM,-11.17
10441,4/23/2023 7:50:00 PM,-11.11
10441,4/23/2023 7:50:00 PM,-11.29
10441,4/23/2023 7:50:00 PM,-11.23
10441,4/23/2023 7:50:00 PM,-11.29
10441,4/23/2023 7:50:00 PM,-11.23
10441,4/23/2023 7:50:00 PM,-11.29
10441,4/23/2023 7:50:00 PM,-11.47
10441,4/23/2023 7:50:00 PM,-11.35
10441,4/23/2023 7:50:00 PM,-11.23
10441,4/23/2023 7:51:00 PM,-11.35
10441,4/23/2023 7:51:00 PM,-11.29
10441,4/23/2023 7:51:00 PM,-11.59
10441,4/23/2023 7:51:00 PM,-11.35
10441,4/23/2023 7:51:00 PM,-11.47
10441,4/23/2023 7:51:00 PM,-11.35
10441,4/23/2023 7:51:00 PM,-11.41
10441,4/23/2023 7:51:00 PM,-11.05
10441,4/23/2023 7:51:00 PM,-11.17
10441,4/23/2023 7:51:00 PM,-11.35
10441,4/23/2023 7:51:00 PM,-11.41
10441,4/23/2023 7:52:00 PM,-11.53
10441,4/23/2023 7:52:00 PM,-11.23
10441,4/23/2023 7:52:00 PM,-11.35
10441,4/23/2023 7:52:00 PM,-11.53
10441,4/23/2023 7:52:00 PM,-11.35
10441,4/23/2023 7:52:00 PM,-11.29
10441,4/23/2023 7:52:00 PM,-11.23
10441,4/23/2023 7:52:00 PM,-11.11
10441,4/23/2023 7:52:00 PM,-11.41
10441,4/23/2023 7:52:00 PM,-11.35
10441,4/23/2023 7:52:00 PM,-11.29
10441,4/23/2023 7:52:00 PM,-11.35
10441,4/23/2023 7:53:00 PM,-11.23
10441,4/23/2023 7:53:00 PM,-11.47
10441,4/23/2023 7:53:00 PM,-11.41
10441,4/23/2023 7:53:00 PM,-11.35
10441,4/23/2023 7:53:00 PM,-11.29
10441,4/23/2023 7:53:00 PM,-11.35
10441,4/23/2023 7:53:00 PM,-11.23
10441,4/23/2023 7:53:00 PM,-11.29
10441,4/23/2023 7:53:00 PM,-11.11
10441,4/23/2023 7:54:00 PM,-11.17
10441,4/23/2023 7:54:00 PM,-10.99
10441,4/23/2023 7:54:00 PM,-10.93
10441,4/23/2023 7:54:00 PM,-11.05
10441,4/23/2023 7:54:00 PM,-11.11
10441,4/23/2023 7:54:00 PM,-11.29
10441,4/23/2023 7:54:00 PM,-11.11
10441,4/23/2023 7:54:00 PM,-10.99
10441,4/23/2023 7:54:00 PM,-10.87
10441,4/23/2023 7:55:00 PM,-10.93
10441,4/23/2023 7:55:00 PM,-10.93
10441,4/23/2023 7:55:00 PM,-10.87
10441,4/23/2023 7:55:00 PM,-10.93
10441,4/23/2023 7:55:00 PM,-10.99
10441,4/23/2023 7:55:00 PM,-10.93
10441,4/23/2023 7:55:00 PM,-10.99
10441,4/23/2023 7:55:00 PM,-10.87
10441,4/23/2023 7:55:00 PM,-10.99
10441,4/23/2023 7:55:00 PM,-10.93
10441,4/23/2023 7:55:00 PM,-10.87
10441,4/23/2023 7:55:00 PM,-10.81
10441,4/23/2023 7:56:00 PM,-11.05
10441,4/23/2023 7:56:00 PM,-10.99
10441,4/23/2023 7:56:00 PM,-10.93
10441,4/23/2023 7:56:00 PM,-10.87
10441,4/23/2023 7:56:00 PM,-10.81
10441,4/23/2023 7:56:00 PM,-11.05
10441,4/23/2023 7:56:00 PM,-11.41
10441,4/23/2023 7:56:00 PM,-11.11
10441,4/23/2023 7:56:00 PM,-10.99
10441,4/23/2023 7:57:00 PM,-10.87
10441,4/23/2023 7:57:00 PM,-10.81
10441,4/23/2023 7:57:00 PM,-10.93
10441,4/23/2023 7:57:00 PM,-10.87
10441,4/23/2023 7:57:00 PM,-10.63
10441,4/23/2023 7:57:00 PM,-10.81
10441,4/23/2023 7:57:00 PM,-10.99
10441,4/23/2023 7:57:00 PM,-10.93
10441,4/23/2023 7:57:00 PM,-10.87
10441,4/23/2023 7:57:00 PM,-10.81
10441,4/23/2023 7:57:00 PM,-10.75
10441,4/23/2023 7:58:00 PM,-10.93
10441,4/23/2023 7:58:00 PM,-10.87
10441,4/23/2023 7:58:00 PM,-10.75
10441,4/23/2023 7:58:00 PM,-10.81
10441,4/23/2023 7:58:00 PM,-10.75
10441,4/23/2023 7:58:00 PM,-10.81
10441,4/23/2023 7:58:00 PM,-10.99
10441,4/23/2023 7:58:00 PM,-10.93
10441,4/23/2023 7:58:00 PM,-10.87
10441,4/23/2023 7:58:00 PM,-10.93
10441,4/23/2023 7:58:00 PM,-10.99
10441,4/23/2023 7:59:00 PM,-10.57
10441,4/23/2023 7:59:00 PM,-10.87
10441,4/23/2023 7:59:00 PM,-11.11
10441,4/23/2023 7:59:00 PM,-10.93
10441,4/23/2023 7:59:00 PM,-10.87
10441,4/23/2023 7:59:00 PM,-10.93
10441,4/23/2023 7:59:00 PM,-10.87
10441,4/23/2023 7:59:00 PM,-10.93
10441,4/23/2023 7:59:00 PM,-10.81
10441,4/23/2023 7:59:00 PM,-10.63
10441,4/23/2023 8:00:00 PM,-10.81
10441,4/23/2023 8:00:00 PM,-10.69
10441,4/23/2023 8:00:00 PM,-10.93
10441,4/23/2023 8:00:00 PM,-10.99
10441,4/23/2023 8:00:00 PM,-10.87
10441,4/23/2023 8:00:00 PM,-10.99
10441,4/23/2023 8:00:00 PM,-10.75
10441,4/23/2023 8:00:00 PM,-11.05
10441,4/23/2023 8:00:00 PM,-10.81
10441,4/23/2023 8:00:00 PM,-10.51
10441,4/23/2023 8:00:00 PM,-10.81
10441,4/23/2023 8:00:00 PM,-10.87
10441,4/23/2023 8:01:00 PM,-11.05
10441,4/23/2023 8:01:00 PM,-10.45
10441,4/23/2023 8:01:00 PM,-11.71
10441,4/23/2023 8:01:00 PM,-10.93
10441,4/23/2023 8:01:00 PM,-11.11
10441,4/23/2023 8:01:00 PM,-11.05
10441,4/23/2023 8:01:00 PM,-11.41
10441,4/23/2023 8:01:00 PM,-11.11
10441,4/23/2023 8:01:00 PM,-11.29
10441,4/23/2023 8:01:00 PM,-11.59
10441,4/23/2023 8:01:00 PM,-11.47
10441,4/23/2023 8:01:00 PM,-11.59
10441,4/23/2023 8:01:00 PM,-11.47
10441,4/23/2023 8:02:00 PM,-11.53
10441,4/23/2023 8:02:00 PM,-11.29
10441,4/23/2023 8:02:00 PM,-11.35
10441,4/23/2023 8:02:00 PM,-11.53
10441,4/23/2023 8:02:00 PM,-11.41
10441,4/23/2023 8:02:00 PM,-11.53
10441,4/23/2023 8:02:00 PM,-11.47
10441,4/23/2023 8:02:00 PM,-11.41
10441,4/23/2023 8:02:00 PM,-11.47
10441,4/23/2023 8:02:00 PM,-11.41
10441,4/23/2023 8:02:00 PM,-11.59
10441,4/23/2023 8:03:00 PM,-11.53
10441,4/23/2023 8:03:00 PM,-11.65
10441,4/23/2023 8:03:00 PM,-11.77
10441,4/23/2023 8:03:00 PM,-11.83
10441,4/23/2023 8:03:00 PM,-11.65
10441,4/23/2023 8:03:00 PM,-11.59
10441,4/23/2023 8:03:00 PM,-11.65
10441,4/23/2023 8:03:00 PM,-11.65
10441,4/23/2023 8:03:00 PM,-11.53
10441,4/23/2023 8:03:00 PM,-11.71
10441,4/23/2023 8:03:00 PM,-11.95
10441,4/23/2023 8:03:00 PM,-11.59
10441,4/23/2023 8:03:00 PM,-11.53
10441,4/23/2023 8:04:00 PM,-11.77
10441,4/23/2023 8:04:00 PM,-11.65
10441,4/23/2023 8:04:00 PM,-11.59
10441,4/23/2023 8:04:00 PM,-11.65
10441,4/23/2023 8:04:00 PM,-11.71
10441,4/23/2023 8:04:00 PM,-11.83
10441,4/23/2023 8:04:00 PM,-11.89
10441,4/23/2023 8:04:00 PM,-11.95
10441,4/23/2023 8:04:00 PM,-11.83
10441,4/23/2023 8:04:00 PM,-11.95
10441,4/23/2023 8:05:00 PM,-11.35
10441,4/23/2023 8:05:00 PM,-11.41
10441,4/23/2023 8:05:00 PM,-11.59
10441,4/23/2023 8:05:00 PM,-11.47
10441,4/23/2023 8:05:00 PM,-11.53
10441,4/23/2023 8:05:00 PM,-10.99
10441,4/23/2023 8:05:00 PM,-11.53
10441,4/23/2023 8:05:00 PM,-11.47
10441,4/23/2023 8:06:00 PM,-11.35
10441,4/23/2023 8:06:00 PM,-11.41
10441,4/23/2023 8:06:00 PM,-11.29
10441,4/23/2023 8:06:00 PM,-11.41
10441,4/23/2023 8:06:00 PM,-11.59
10441,4/23/2023 8:06:00 PM,-11.35
10441,4/23/2023 8:06:00 PM,-11.47
10441,4/23/2023 8:06:00 PM,-11.65
10441,4/23/2023 8:07:00 PM,-11.83
10441,4/23/2023 8:07:00 PM,-11.53
10441,4/23/2023 8:07:00 PM,-11.65
10441,4/23/2023 8:07:00 PM,-11.89
10441,4/23/2023 8:07:00 PM,-11.65
10441,4/23/2023 8:07:00 PM,-11.53
10441,4/23/2023 8:07:00 PM,-11.41
10441,4/23/2023 8:07:00 PM,-11.71
10441,4/23/2023 8:07:00 PM,-11.65
10441,4/23/2023 8:07:00 PM,-11.83
10441,4/23/2023 8:07:00 PM,-11.77
10441,4/23/2023 8:07:00 PM,-11.71
10441,4/23/2023 8:07:00 PM,-11.95
10441,4/23/2023 8:08:00 PM,-12.13
10441,4/23/2023 8:08:00 PM,-11.83
10441,4/23/2023 8:08:00 PM,-11.89
10441,4/23/2023 8:08:00 PM,-11.95
10441,4/23/2023 8:08:00 PM,-11.89
10441,4/23/2023 8:08:00 PM,-11.83
10441,4/23/2023 8:08:00 PM,-11.77
10441,4/23/2023 8:08:00 PM,-11.89
10441,4/23/2023 8:08:00 PM,-12.01
10441,4/23/2023 8:08:00 PM,-11.71
10441,4/23/2023 8:08:00 PM,-11.65
10441,4/23/2023 8:08:00 PM,-11.59
10441,4/23/2023 8:09:00 PM,-11.77
10441,4/23/2023 8:09:00 PM,-11.71
10441,4/23/2023 8:09:00 PM,-11.77
10441,4/23/2023 8:09:00 PM,-11.83
10441,4/23/2023 8:09:00 PM,-11.95
10441,4/23/2023 8:09:00 PM,-11.83
10441,4/23/2023 8:09:00 PM,-11.95
10441,4/23/2023 8:09:00 PM,-12.07
10441,4/23/2023 8:09:00 PM,-12.01
10441,4/23/2023 8:09:00 PM,-12.07
10441,4/23/2023 8:09:00 PM,-12.13
10441,4/23/2023 8:09:00 PM,-11.77
10441,4/23/2023 8:10:00 PM,-12.37
10441,4/23/2023 8:10:00 PM,-12.13
10441,4/23/2023 8:10:00 PM,-12.01
10441,4/23/2023 8:10:00 PM,-11.71
10441,4/23/2023 8:10:00 PM,-12.01
10441,4/23/2023 8:10:00 PM,-11.95
10441,4/23/2023 8:10:00 PM,-12.19
10441,4/23/2023 8:10:00 PM,-11.83
10441,4/23/2023 8:10:00 PM,-11.89
10441,4/23/2023 8:10:00 PM,-11.83
10441,4/23/2023 8:10:00 PM,-11.89
10441,4/23/2023 8:11:00 PM,-11.53
10441,4/23/2023 8:11:00 PM,-11.47
10441,4/23/2023 8:11:00 PM,-11.59
10441,4/23/2023 8:11:00 PM,-11.47
10441,4/23/2023 8:11:00 PM,-11.41
10441,4/23/2023 8:11:00 PM,-11.47
10441,4/23/2023 8:11:00 PM,-12.07
10441,4/23/2023 8:11:00 PM,-11.89
10441,4/23/2023 8:11:00 PM,-11.83
10441,4/23/2023 8:11:00 PM,-11.77
10441,4/23/2023 8:11:00 PM,-11.65
10441,4/23/2023 8:11:00 PM,-11.59
10441,4/23/2023 8:12:00 PM,-11.05
10441,4/23/2023 8:12:00 PM,-10.81
10441,4/23/2023 8:12:00 PM,-10.63
10441,4/23/2023 8:12:00 PM,-10.93
10441,4/23/2023 8:12:00 PM,-11.59
10441,4/23/2023 8:12:00 PM,-11.35
10441,4/23/2023 8:12:00 PM,-11.29
10441,4/23/2023 8:12:00 PM,-11.17
10441,4/23/2023 8:12:00 PM,-11.05
10441,4/23/2023 8:12:00 PM,-10.99
10441,4/23/2023 8:13:00 PM,-10.99
10441,4/23/2023 8:13:00 PM,-10.51
10441,4/23/2023 8:13:00 PM,-10.45
10441,4/23/2023 8:13:00 PM,-10.51
10441,4/23/2023 8:13:00 PM,-10.45
10441,4/23/2023 8:13:00 PM,-10.40
10441,4/23/2023 8:13:00 PM,-10.57
10441,4/23/2023 8:13:00 PM,-10.51
10441,4/23/2023 8:13:00 PM,-10.69
10441,4/23/2023 8:13:00 PM,-10.75
10441,4/23/2023 8:13:00 PM,-10.81
10441,4/23/2023 8:13:00 PM,-10.45
10441,4/23/2023 8:13:00 PM,-10.22
10441,4/23/2023 8:13:00 PM,-10.04
10441,4/23/2023 8:14:00 PM,-9.92
10441,4/23/2023 8:14:00 PM,-9.80
10441,4/23/2023 8:14:00 PM,-9.68
10441,4/23/2023 8:14:00 PM,-9.50
10441,4/23/2023 8:14:00 PM,-9.44
10441,4/23/2023 8:14:00 PM,-9.50
10441,4/23/2023 8:14:00 PM,-9.14
10441,4/23/2023 8:14:00 PM,-9.32
10441,4/23/2023 8:14:00 PM,-9.26
10441,4/23/2023 8:14:00 PM,-9.50
10441,4/23/2023 8:14:00 PM,-9.44
10441,4/23/2023 8:14:00 PM,-9.38
10441,4/23/2023 8:14:00 PM,-9.26
10441,4/23/2023 8:14:00 PM,-9.20
10441,4/23/2023 8:15:00 PM,-9.08
10441,4/23/2023 8:15:00 PM,-8.96
10441,4/23/2023 8:15:00 PM,-8.90
10441,4/23/2023 8:15:00 PM,-8.42
10441,4/23/2023 8:15:00 PM,-8.84
10441,4/23/2023 8:15:00 PM,-8.66
10441,4/23/2023 8:15:00 PM,-8.78
10441,4/23/2023 8:15:00 PM,-8.60
10441,4/23/2023 8:15:00 PM,-8.54
10441,4/23/2023 8:15:00 PM,-8.72
10441,4/23/2023 8:15:00 PM,-8.54
10441,4/23/2023 8:15:00 PM,-8.60
10441,4/23/2023 8:15:00 PM,-8.66
10441,4/23/2023 8:16:00 PM,-9.56
10441,4/23/2023 8:16:00 PM,-8.72
10441,4/23/2023 8:16:00 PM,-8.60
10441,4/23/2023 8:16:00 PM,-8.90
10441,4/23/2023 8:16:00 PM,-8.84
10441,4/23/2023 8:16:00 PM,-8.78
10441,4/23/2023 8:16:00 PM,-9.86
10441,4/23/2023 8:16:00 PM,-8.90
10441,4/23/2023 8:16:00 PM,-9.02
10441,4/23/2023 8:16:00 PM,-9.32
10441,4/23/2023 8:16:00 PM,-9.44
10441,4/23/2023 8:16:00 PM,-9.32
10441,4/23/2023 8:16:00 PM,-9.56
10441,4/23/2023 8:17:00 PM,-9.62
10441,4/23/2023 8:17:00 PM,-9.68
10441,4/23/2023 8:17:00 PM,-9.74
10441,4/23/2023 8:17:00 PM,-9.86
10441,4/23/2023 8:17:00 PM,-9.92
10441,4/23/2023 8:17:00 PM,-10.04
10441,4/23/2023 8:17:00 PM,-9.98
10441,4/23/2023 8:17:00 PM,-10.04
10441,4/23/2023 8:17:00 PM,-10.16
10441,4/23/2023 8:18:00 PM,-10.34
10441,4/23/2023 8:18:00 PM,-10.51
10441,4/23/2023 8:18:00 PM,-10.34
10441,4/23/2023 8:18:00 PM,-10.40
10441,4/23/2023 8:18:00 PM,-10.75
10441,4/23/2023 8:18:00 PM,-10.34
10441,4/23/2023 8:18:00 PM,-10.63
10441,4/23/2023 8:18:00 PM,-10.45
10441,4/23/2023 8:18:00 PM,-10.51
10441,4/23/2023 8:18:00 PM,-10.57
10441,4/23/2023 8:18:00 PM,-10.63
10441,4/23/2023 8:18:00 PM,-10.57
10441,4/23/2023 8:18:00 PM,-10.45
10441,4/23/2023 8:19:00 PM,-10.87
10441,4/23/2023 8:19:00 PM,-10.99
10441,4/23/2023 8:19:00 PM,-10.87
10441,4/23/2023 8:19:00 PM,-10.75
10441,4/23/2023 8:19:00 PM,-10.81
10441,4/23/2023 8:19:00 PM,-10.75
10441,4/23/2023 8:19:00 PM,-10.10
10441,4/23/2023 8:19:00 PM,-10.63
10441,4/23/2023 8:19:00 PM,-10.69
10441,4/23/2023 8:19:00 PM,-10.63
10441,4/23/2023 8:19:00 PM,-10.69
10441,4/23/2023 8:19:00 PM,-10.51
10441,4/23/2023 8:20:00 PM,-10.87
10441,4/23/2023 8:20:00 PM,-10.81
10441,4/23/2023 8:20:00 PM,-10.57
10441,4/23/2023 8:20:00 PM,-10.63
10441,4/23/2023 8:20:00 PM,-10.57
10441,4/23/2023 8:20:00 PM,-10.69
10441,4/23/2023 8:20:00 PM,-10.63
10441,4/23/2023 8:20:00 PM,-10.87
10441,4/23/2023 8:20:00 PM,-10.57
10441,4/23/2023 8:20:00 PM,-10.51
10441,4/23/2023 8:20:00 PM,-10.40
10441,4/23/2023 8:21:00 PM,-10.45
10441,4/23/2023 8:21:00 PM,-10.34
10441,4/23/2023 8:21:00 PM,-10.40
10441,4/23/2023 8:21:00 PM,-10.28
10441,4/23/2023 8:21:00 PM,-10.16
10441,4/23/2023 8:21:00 PM,-10.22
10441,4/23/2023 8:21:00 PM,-10.34
10441,4/23/2023 8:21:00 PM,-10.28
10441,4/23/2023 8:21:00 PM,-10.22
10441,4/23/2023 8:21:00 PM,-10.16
10441,4/23/2023 8:21:00 PM,-10.10
10441,4/23/2023 8:21:00 PM,-10.04
10441,4/23/2023 8:22:00 PM,-9.74
10441,4/23/2023 8:22:00 PM,-10.10
10441,4/23/2023 8:22:00 PM,-10.04
10441,4/23/2023 8:22:00 PM,-10.28
10441,4/23/2023 8:22:00 PM,-9.92
10441,4/23/2023 8:22:00 PM,-10.04
10441,4/23/2023 8:22:00 PM,-10.10
10441,4/23/2023 8:22:00 PM,-9.98
10441,4/23/2023 8:22:00 PM,-10.22
10441,4/23/2023 8:22:00 PM,-9.92
10441,4/23/2023 8:22:00 PM,-9.98
10441,4/23/2023 8:22:00 PM,-9.86
10441,4/23/2023 8:22:00 PM,-10.10
10441,4/23/2023 8:22:00 PM,-9.98
10441,4/23/2023 8:23:00 PM,-9.92
10441,4/23/2023 8:23:00 PM,-9.86
10441,4/23/2023 8:23:00 PM,-9.80
10441,4/23/2023 8:23:00 PM,-9.74
10441,4/23/2023 8:24:00 PM,-9.56
10441,4/23/2023 8:24:00 PM,-9.68
10441,4/23/2023 8:24:00 PM,-10.04
10441,4/23/2023 8:24:00 PM,-9.80
10441,4/23/2023 8:24:00 PM,-9.56
10441,4/23/2023 8:24:00 PM,-9.38
10441,4/23/2023 8:24:00 PM,-9.50
10441,4/23/2023 8:24:00 PM,-9.44
10441,4/23/2023 8:24:00 PM,-9.38
10441,4/23/2023 8:25:00 PM,-9.32
10441,4/23/2023 8:25:00 PM,-9.26
10441,4/23/2023 8:25:00 PM,-9.44
10441,4/23/2023 8:25:00 PM,-9.32
10441,4/23/2023 8:25:00 PM,-9.44
10441,4/23/2023 8:25:00 PM,-9.20
10441,4/23/2023 8:25:00 PM,-9.38
10441,4/23/2023 8:26:00 PM,-9.86
10441,4/23/2023 8:26:00 PM,-9.68
10441,4/23/2023 8:26:00 PM,-9.62
10441,4/23/2023 8:26:00 PM,-9.56
10441,4/23/2023 8:26:00 PM,-9.68
10441,4/23/2023 8:26:00 PM,-9.74
10441,4/23/2023 8:26:00 PM,-9.92
10441,4/23/2023 8:26:00 PM,-9.56
10441,4/23/2023 8:26:00 PM,-9.44
10441,4/23/2023 8:26:00 PM,-9.20
10441,4/23/2023 8:26:00 PM,-9.86
10441,4/23/2023 8:26:00 PM,-9.56
10441,4/23/2023 8:26:00 PM,-9.74
10441,4/23/2023 8:27:00 PM,-9.92
10441,4/23/2023 8:27:00 PM,-9.86
10441,4/23/2023 8:27:00 PM,-9.92
10441,4/23/2023 8:27:00 PM,-9.92
10441,4/23/2023 8:27:00 PM,-9.98
10441,4/23/2023 8:27:00 PM,-9.92
10441,4/23/2023 8:27:00 PM,-9.86
10441,4/23/2023 8:27:00 PM,-9.98
10441,4/23/2023 8:27:00 PM,-10.04
10441,4/23/2023 8:28:00 PM,-10.10
10441,4/23/2023 8:28:00 PM,-10.16
10441,4/23/2023 8:28:00 PM,-9.92
10441,4/23/2023 8:28:00 PM,-9.98
10441,4/23/2023 8:28:00 PM,-10.28
10441,4/23/2023 8:28:00 PM,-9.98
10441,4/23/2023 8:28:00 PM,-10.10
10441,4/23/2023 8:28:00 PM,-10.16
10441,4/23/2023 8:28:00 PM,-10.04
10441,4/23/2023 8:28:00 PM,-9.44
10441,4/23/2023 8:28:00 PM,-10.28
10441,4/23/2023 8:29:00 PM,-10.22
10441,4/23/2023 8:29:00 PM,-10.34
10441,4/23/2023 8:29:00 PM,-10.22
10441,4/23/2023 8:29:00 PM,-10.45
10441,4/23/2023 8:29:00 PM,-9.98
10441,4/23/2023 8:29:00 PM,-10.10
10441,4/23/2023 8:29:00 PM,-9.86
10441,4/23/2023 8:29:00 PM,-10.22
10441,4/23/2023 8:29:00 PM,-10.28
10441,4/23/2023 8:29:00 PM,-10.16
10441,4/23/2023 8:29:00 PM,-10.34
10441,4/23/2023 8:29:00 PM,-10.28
10441,4/23/2023 8:29:00 PM,-10.22
10441,4/23/2023 8:29:00 PM,-10.40
10441,4/23/2023 8:29:00 PM,-10.28
10441,4/23/2023 8:30:00 PM,-10.40
10441,4/23/2023 8:30:00 PM,-10.63
10441,4/23/2023 8:30:00 PM,-10.51
10441,4/23/2023 8:30:00 PM,-10.40
10441,4/23/2023 8:30:00 PM,-10.69
10441,4/23/2023 8:30:00 PM,-10.63
10441,4/23/2023 8:30:00 PM,-10.75
10441,4/23/2023 8:30:00 PM,-10.81
10441,4/23/2023 8:30:00 PM,-10.69
10441,4/23/2023 8:30:00 PM,-10.63
10441,4/23/2023 8:31:00 PM,-10.57
10441,4/23/2023 8:31:00 PM,-10.63
10441,4/23/2023 8:31:00 PM,-10.75
10441,4/23/2023 8:31:00 PM,-10.69
10441,4/23/2023 8:31:00 PM,-10.51
10441,4/23/2023 8:31:00 PM,-10.45
10441,4/23/2023 8:31:00 PM,-10.75
10441,4/23/2023 8:31:00 PM,-10.69
10441,4/23/2023 8:31:00 PM,-10.75
10441,4/23/2023 8:31:00 PM,-10.81
10441,4/23/2023 8:31:00 PM,-10.75
10441,4/23/2023 8:31:00 PM,-10.69
10441,4/23/2023 8:32:00 PM,-10.57
10441,4/23/2023 8:32:00 PM,-10.45
10441,4/23/2023 8:32:00 PM,-10.57
10441,4/23/2023 8:32:00 PM,-10.51
10441,4/23/2023 8:32:00 PM,-10.63
10441,4/23/2023 8:32:00 PM,-10.40
10441,4/23/2023 8:32:00 PM,-10.34
10441,4/23/2023 8:32:00 PM,-10.51
10441,4/23/2023 8:32:00 PM,-10.40
10441,4/23/2023 8:33:00 PM,-10.28
10441,4/23/2023 8:33:00 PM,-10.16
10441,4/23/2023 8:33:00 PM,-10.22
10441,4/23/2023 8:33:00 PM,-10.40
10441,4/23/2023 8:33:00 PM,-10.04
10441,4/23/2023 8:33:00 PM,-10.22
10441,4/23/2023 8:33:00 PM,-10.22
10441,4/23/2023 8:33:00 PM,-10.34
10441,4/23/2023 8:33:00 PM,-10.40
10441,4/23/2023 8:33:00 PM,-10.63
10441,4/23/2023 8:33:00 PM,-10.28
10441,4/23/2023 8:33:00 PM,-10.22
10441,4/23/2023 8:34:00 PM,-10.22
10441,4/23/2023 8:34:00 PM,-10.28
10441,4/23/2023 8:34:00 PM,-10.04
10441,4/23/2023 8:34:00 PM,-10.10
10441,4/23/2023 8:34:00 PM,-10.57
10441,4/23/2023 8:34:00 PM,-10.22
10441,4/23/2023 8:34:00 PM,-10.16
10441,4/23/2023 8:34:00 PM,-10.16
10441,4/23/2023 8:34:00 PM,-10.10
10441,4/23/2023 8:34:00 PM,-10.22
10441,4/23/2023 8:34:00 PM,-10.10
10441,4/23/2023 8:34:00 PM,-10.16
10441,4/23/2023 8:34:00 PM,-10.10
10441,4/23/2023 8:35:00 PM,-10.16
10441,4/23/2023 8:35:00 PM,-10.04
10441,4/23/2023 8:35:00 PM,-10.10
10441,4/23/2023 8:35:00 PM,-10.16
10441,4/23/2023 8:35:00 PM,-10.22
10441,4/23/2023 8:35:00 PM,-11.05
10441,4/23/2023 8:35:00 PM,-10.10
10441,4/23/2023 8:35:00 PM,-10.16
10441,4/23/2023 8:35:00 PM,-10.10
10441,4/23/2023 8:36:00 PM,-10.40
10441,4/23/2023 8:36:00 PM,-10.34
10441,4/23/2023 8:36:00 PM,-10.28
10441,4/23/2023 8:36:00 PM,-10.34
10441,4/23/2023 8:36:00 PM,-10.10
10441,4/23/2023 8:36:00 PM,-10.28
10441,4/23/2023 8:36:00 PM,-10.04
10441,4/23/2023 8:36:00 PM,-10.10
10441,4/23/2023 8:36:00 PM,-10.04
10441,4/23/2023 8:36:00 PM,-10.28
10441,4/23/2023 8:36:00 PM,-10.69
10441,4/23/2023 8:36:00 PM,-10.10
10441,4/23/2023 8:37:00 PM,-10.22
10441,4/23/2023 8:37:00 PM,-10.16
10441,4/23/2023 8:37:00 PM,-10.22
10441,4/23/2023 8:37:00 PM,-10.40
10441,4/23/2023 8:37:00 PM,-10.34
10441,4/23/2023 8:37:00 PM,-10.28
10441,4/23/2023 8:37:00 PM,-10.45
10441,4/23/2023 8:37:00 PM,-10.34
10441,4/23/2023 8:37:00 PM,-10.40
10441,4/23/2023 8:37:00 PM,-10.45
10441,4/23/2023 8:37:00 PM,-10.51
10441,4/23/2023 8:38:00 PM,-10.40
10441,4/23/2023 8:38:00 PM,-10.45
10441,4/23/2023 8:38:00 PM,-10.34
10441,4/23/2023 8:38:00 PM,-10.28
10441,4/23/2023 8:38:00 PM,-10.22
10441,4/23/2023 8:38:00 PM,-10.16
10441,4/23/2023 8:38:00 PM,-10.10
10441,4/23/2023 8:38:00 PM,-10.34
10441,4/23/2023 8:38:00 PM,-10.10
10441,4/23/2023 8:38:00 PM,-10.16
10441,4/23/2023 8:38:00 PM,-10.34
10441,4/23/2023 8:38:00 PM,-10.16
10441,4/23/2023 8:39:00 PM,-10.10
10441,4/23/2023 8:39:00 PM,-10.34
10441,4/23/2023 8:39:00 PM,-10.22
10441,4/23/2023 8:39:00 PM,-10.16
10441,4/23/2023 8:39:00 PM,-10.22
10441,4/23/2023 8:39:00 PM,-10.10
10441,4/23/2023 8:39:00 PM,-10.45
10441,4/23/2023 8:39:00 PM,-10.22
10441,4/23/2023 8:39:00 PM,-10.16
10441,4/23/2023 8:39:00 PM,-10.10
10441,4/23/2023 8:39:00 PM,-10.04
10441,4/23/2023 8:39:00 PM,-10.16
10441,4/23/2023 8:39:00 PM,-10.10
10441,4/23/2023 8:40:00 PM,-10.10
10441,4/23/2023 8:40:00 PM,-10.16
10441,4/23/2023 8:40:00 PM,-10.28
10441,4/23/2023 8:40:00 PM,-10.45
10441,4/23/2023 8:40:00 PM,-10.51
10441,4/23/2023 8:40:00 PM,-10.34
10441,4/23/2023 8:40:00 PM,-10.22
10441,4/23/2023 8:40:00 PM,-10.34
10441,4/23/2023 8:40:00 PM,-10.28
10441,4/23/2023 8:41:00 PM,-10.34
10441,4/23/2023 8:41:00 PM,-10.16
10441,4/23/2023 8:41:00 PM,-10.28
10441,4/23/2023 8:41:00 PM,-10.34
10441,4/23/2023 8:41:00 PM,-10.45
10441,4/23/2023 8:41:00 PM,-10.63
10441,4/23/2023 8:41:00 PM,-10.45
10441,4/23/2023 8:41:00 PM,-10.51
10441,4/23/2023 8:41:00 PM,-10.63
10441,4/23/2023 8:41:00 PM,-10.51
10441,4/23/2023 8:41:00 PM,-10.34
10441,4/23/2023 8:42:00 PM,-10.16
10441,4/23/2023 8:42:00 PM,-10.22
10441,4/23/2023 8:42:00 PM,-10.10
10441,4/23/2023 8:42:00 PM,-10.04
10441,4/23/2023 8:42:00 PM,-10.16
10441,4/23/2023 8:42:00 PM,-9.98
10441,4/23/2023 8:42:00 PM,-9.92
10441,4/23/2023 8:42:00 PM,-10.16
10441,4/23/2023 8:42:00 PM,-10.10
10441,4/23/2023 8:42:00 PM,-10.28
10441,4/23/2023 8:42:00 PM,-10.22
10441,4/23/2023 8:43:00 PM,-10.04
10441,4/23/2023 8:43:00 PM,-9.86
10441,4/23/2023 8:43:00 PM,-9.92
10441,4/23/2023 8:43:00 PM,-10.28
10441,4/23/2023 8:43:00 PM,-9.86
10441,4/23/2023 8:43:00 PM,-10.04
10441,4/23/2023 8:43:00 PM,-10.16
10441,4/23/2023 8:43:00 PM,-10.04
10441,4/23/2023 8:43:00 PM,-9.92
10441,4/23/2023 8:43:00 PM,-9.80
10441,4/23/2023 8:43:00 PM,-10.10
10441,4/23/2023 8:43:00 PM,-10.04
10441,4/23/2023 8:44:00 PM,-10.10
10441,4/23/2023 8:44:00 PM,-10.28
10441,4/23/2023 8:44:00 PM,-10.57
10441,4/23/2023 8:44:00 PM,-10.28
10441,4/23/2023 8:44:00 PM,-10.04
10441,4/23/2023 8:44:00 PM,-10.22
10441,4/23/2023 8:44:00 PM,-10.28
10441,4/23/2023 8:44:00 PM,-10.22
10441,4/23/2023 8:44:00 PM,-10.28
10441,4/23/2023 8:45:00 PM,-10.34
10441,4/23/2023 8:45:00 PM,-10.28
10441,4/23/2023 8:45:00 PM,-10.40
10441,4/23/2023 8:45:00 PM,-10.75
10441,4/23/2023 8:45:00 PM,-10.40
10441,4/23/2023 8:45:00 PM,-10.51
10441,4/23/2023 8:45:00 PM,-10.75
10441,4/23/2023 8:45:00 PM,-10.69
10441,4/23/2023 8:45:00 PM,-10.57
10441,4/23/2023 8:45:00 PM,-10.75
10441,4/23/2023 8:46:00 PM,-10.34
10441,4/23/2023 8:46:00 PM,-10.75
10441,4/23/2023 8:46:00 PM,-10.57
10441,4/23/2023 8:46:00 PM,-10.40
10441,4/23/2023 8:46:00 PM,-10.63
10441,4/23/2023 8:46:00 PM,-10.51
10441,4/23/2023 8:46:00 PM,-10.45
10441,4/23/2023 8:46:00 PM,-10.51
10441,4/23/2023 8:46:00 PM,-10.63
10441,4/23/2023 8:46:00 PM,-10.51
10441,4/23/2023 8:46:00 PM,-10.63
10441,4/23/2023 8:46:00 PM,-10.57
10441,4/23/2023 8:47:00 PM,-10.45
10441,4/23/2023 8:47:00 PM,-10.63
10441,4/23/2023 8:47:00 PM,-10.63
10441,4/23/2023 8:47:00 PM,-10.57
10441,4/23/2023 8:47:00 PM,-10.69
10441,4/23/2023 8:47:00 PM,-10.69
10441,4/23/2023 8:47:00 PM,-10.57
10441,4/23/2023 8:47:00 PM,-10.63
10441,4/23/2023 8:47:00 PM,-10.81
10441,4/23/2023 8:47:00 PM,-10.63
10441,4/23/2023 8:47:00 PM,-10.69
10441,4/23/2023 8:48:00 PM,-10.63
10441,4/23/2023 8:48:00 PM,-10.57
10441,4/23/2023 8:48:00 PM,-10.51
10441,4/23/2023 8:48:00 PM,-10.45
10441,4/23/2023 8:48:00 PM,-10.51
10441,4/23/2023 8:49:00 PM,-10.87
10441,4/23/2023 8:49:00 PM,-10.99
10441,4/23/2023 8:49:00 PM,-11.23
10441,4/23/2023 8:49:00 PM,-10.57
10441,4/23/2023 8:49:00 PM,-10.81
10441,4/23/2023 8:49:00 PM,-10.87
10441,4/23/2023 8:49:00 PM,-10.93
10441,4/23/2023 8:50:00 PM,-10.75
10441,4/23/2023 8:50:00 PM,-11.17
10441,4/23/2023 8:50:00 PM,-10.93
10441,4/23/2023 8:50:00 PM,-10.99
10441,4/23/2023 8:50:00 PM,-10.93
10441,4/23/2023 8:50:00 PM,-10.87
10441,4/23/2023 8:50:00 PM,-10.81
10441,4/23/2023 8:50:00 PM,-10.87
10441,4/23/2023 8:50:00 PM,-10.81
10441,4/23/2023 8:51:00 PM,-10.69
10441,4/23/2023 8:51:00 PM,-10.63
10441,4/23/2023 8:51:00 PM,-10.57
10441,4/23/2023 8:51:00 PM,-10.45
10441,4/23/2023 8:51:00 PM,-10.40
10441,4/23/2023 8:51:00 PM,-10.34
10441,4/23/2023 8:51:00 PM,-10.28
10441,4/23/2023 8:51:00 PM,-10.22
10441,4/23/2023 8:51:00 PM,-10.16
10441,4/23/2023 8:51:00 PM,-10.22
10441,4/23/2023 8:52:00 PM,-10.16
10441,4/23/2023 8:52:00 PM,-10.10
10441,4/23/2023 8:52:00 PM,-9.98
10441,4/23/2023 8:52:00 PM,-10.04
10441,4/23/2023 8:52:00 PM,-9.98
10441,4/23/2023 8:52:00 PM,-9.86
10441,4/23/2023 8:53:00 PM,-9.98
10441,4/23/2023 8:53:00 PM,-10.04
10441,4/23/2023 8:53:00 PM,-10.22
10441,4/23/2023 8:53:00 PM,-9.80
10441,4/23/2023 8:53:00 PM,-9.86
10441,4/23/2023 8:53:00 PM,-9.80
10441,4/23/2023 8:53:00 PM,-9.92
10441,4/23/2023 8:53:00 PM,-9.80
10441,4/23/2023 8:53:00 PM,-9.74
10441,4/23/2023 8:53:00 PM,-9.68
10441,4/23/2023 8:54:00 PM,-9.56
10441,4/23/2023 8:54:00 PM,-9.68
10441,4/23/2023 8:54:00 PM,-9.56
10441,4/23/2023 8:54:00 PM,-9.32
10441,4/23/2023 8:54:00 PM,-9.74
10441,4/23/2023 8:54:00 PM,-9.68
10441,4/23/2023 8:54:00 PM,-9.74
10441,4/23/2023 8:54:00 PM,-9.68
10441,4/23/2023 8:54:00 PM,-9.74
10441,4/23/2023 8:55:00 PM,-9.38
10441,4/23/2023 8:55:00 PM,-9.26
10441,4/23/2023 8:55:00 PM,-9.86
10441,4/23/2023 8:55:00 PM,-9.26
10441,4/23/2023 8:55:00 PM,-9.20
10441,4/23/2023 8:55:00 PM,-9.50
10441,4/23/2023 8:55:00 PM,-9.38
10441,4/23/2023 8:55:00 PM,-9.44
10441,4/23/2023 8:55:00 PM,-9.20
10441,4/23/2023 8:55:00 PM,-9.38
10441,4/23/2023 8:55:00 PM,-9.26
10441,4/23/2023 8:56:00 PM,-9.14
10441,4/23/2023 8:56:00 PM,-9.20
10441,4/23/2023 8:56:00 PM,-9.14
10441,4/23/2023 8:56:00 PM,-8.72
10441,4/23/2023 8:56:00 PM,-8.90
10441,4/23/2023 8:56:00 PM,-9.02
10441,4/23/2023 8:56:00 PM,-9.08
10441,4/23/2023 8:56:00 PM,-8.96
10441,4/23/2023 8:56:00 PM,-9.08
10441,4/23/2023 8:56:00 PM,-9.44
10441,4/23/2023 8:56:00 PM,-9.08
10441,4/23/2023 8:56:00 PM,-9.02
10441,4/23/2023 8:56:00 PM,-9.14
10441,4/23/2023 8:57:00 PM,-9.14
10441,4/23/2023 8:57:00 PM,-9.02
10441,4/23/2023 8:57:00 PM,-9.14
10441,4/23/2023 8:57:00 PM,-9.20
10441,4/23/2023 8:57:00 PM,-9.14
10441,4/23/2023 8:57:00 PM,-9.20
10441,4/23/2023 8:57:00 PM,-9.38
10441,4/23/2023 8:57:00 PM,-9.32
10441,4/23/2023 8:58:00 PM,-9.32
10441,4/23/2023 8:58:00 PM,-9.26
10441,4/23/2023 8:58:00 PM,-9.32
10441,4/23/2023 8:58:00 PM,-9.20
10441,4/23/2023 8:58:00 PM,-9.38
10441,4/23/2023 8:58:00 PM,-8.96
10441,4/23/2023 8:58:00 PM,-8.66
10441,4/23/2023 8:58:00 PM,-9.26
10441,4/23/2023 8:58:00 PM,-9.20
10441,4/23/2023 8:58:00 PM,-9.44
10441,4/23/2023 8:58:00 PM,-9.32
10441,4/23/2023 8:59:00 PM,-8.42
10441,4/23/2023 8:59:00 PM,-8.66
10441,4/23/2023 8:59:00 PM,-7.82
10441,4/23/2023 8:59:00 PM,-7.94
10441,4/23/2023 8:59:00 PM,-7.88
10441,4/23/2023 8:59:00 PM,-8.12
10441,4/23/2023 8:59:00 PM,-8.36
10441,4/23/2023 8:59:00 PM,-8.30
10441,4/23/2023 8:59:00 PM,-9.02
10441,4/23/2023 8:59:00 PM,-9.14
10441,4/23/2023 8:59:00 PM,-9.02
10441,4/23/2023 8:59:00 PM,-8.84
10441,4/23/2023 8:59:00 PM,-8.54
10441,4/23/2023 8:59:00 PM,-8.36
10441,4/23/2023 9:00:00 PM,-8.72
10441,4/23/2023 9:00:00 PM,-8.66
10441,4/23/2023 9:00:00 PM,-8.42
10441,4/23/2023 9:00:00 PM,-8.12
10441,4/23/2023 9:00:00 PM,-7.82
10441,4/23/2023 9:00:00 PM,-7.88
10441,4/23/2023 9:00:00 PM,-8.90
10441,4/23/2023 9:00:00 PM,-9.02
10441,4/23/2023 9:00:00 PM,-9.08
10441,4/23/2023 9:00:00 PM,-9.02
10441,4/23/2023 9:00:00 PM,-8.78
10441,4/23/2023 9:00:00 PM,-8.90
10441,4/23/2023 9:01:00 PM,-7.82
10441,4/23/2023 9:01:00 PM,-7.88
10441,4/23/2023 9:01:00 PM,-7.76
10441,4/23/2023 9:01:00 PM,-7.58
10441,4/23/2023 9:01:00 PM,-7.76
10441,4/23/2023 9:01:00 PM,-7.70
10441,4/23/2023 9:01:00 PM,-7.64
10441,4/23/2023 9:01:00 PM,-7.46
10441,4/23/2023 9:01:00 PM,-7.76
10441,4/23/2023 9:01:00 PM,-7.88
10441,4/23/2023 9:02:00 PM,-7.82
10441,4/23/2023 9:02:00 PM,-7.70
10441,4/23/2023 9:02:00 PM,-7.64
10441,4/23/2023 9:02:00 PM,-7.52
10441,4/23/2023 9:02:00 PM,-7.35
10441,4/23/2023 9:02:00 PM,-7.29
10441,4/23/2023 9:02:00 PM,-7.88
10441,4/23/2023 9:02:00 PM,-7.41
10441,4/23/2023 9:02:00 PM,-7.58
10441,4/23/2023 9:02:00 PM,-7.41
10441,4/23/2023 9:02:00 PM,-7.29
10441,4/23/2023 9:02:00 PM,-7.46
10441,4/23/2023 9:02:00 PM,-7.70
10441,4/23/2023 9:03:00 PM,-8.42
10441,4/23/2023 9:03:00 PM,-8.12
10441,4/23/2023 9:03:00 PM,-8.30
10441,4/23/2023 9:03:00 PM,-8.42
10441,4/23/2023 9:03:00 PM,-8.72
10441,4/23/2023 9:03:00 PM,-8.42
10441,4/23/2023 9:03:00 PM,-8.60
10441,4/23/2023 9:03:00 PM,-8.54
10441,4/23/2023 9:03:00 PM,-8.60
10441,4/23/2023 9:03:00 PM,-8.84
10441,4/23/2023 9:03:00 PM,-8.60
10441,4/23/2023 9:04:00 PM,-8.30
10441,4/23/2023 9:04:00 PM,-8.42
10441,4/23/2023 9:04:00 PM,-8.42
10441,4/23/2023 9:04:00 PM,-8.18
10441,4/23/2023 9:04:00 PM,-8.36
10441,4/23/2023 9:04:00 PM,-7.70
10441,4/23/2023 9:04:00 PM,-8.18
10441,4/23/2023 9:04:00 PM,-8.48
10441,4/23/2023 9:04:00 PM,-8.36
10441,4/23/2023 9:05:00 PM,-8.54
10441,4/23/2023 9:05:00 PM,-8.48
10441,4/23/2023 9:05:00 PM,-8.60
10441,4/23/2023 9:05:00 PM,-8.48
10441,4/23/2023 9:05:00 PM,-8.42
10441,4/23/2023 9:05:00 PM,-8.48
10441,4/23/2023 9:05:00 PM,-8.42
10441,4/23/2023 9:05:00 PM,-9.26
10441,4/23/2023 9:06:00 PM,-8.18
10441,4/23/2023 9:06:00 PM,-8.12
10441,4/23/2023 9:06:00 PM,-8.24
10441,4/23/2023 9:06:00 PM,-8.18
10441,4/23/2023 9:06:00 PM,-8.48
10441,4/23/2023 9:06:00 PM,-8.72
10441,4/23/2023 9:06:00 PM,-8.66
10441,4/23/2023 9:06:00 PM,-8.42
10441,4/23/2023 9:06:00 PM,-8.36
10441,4/23/2023 9:06:00 PM,-8.30
10441,4/23/2023 9:07:00 PM,-8.30
10441,4/23/2023 9:07:00 PM,-8.48
10441,4/23/2023 9:07:00 PM,-8.54
10441,4/23/2023 9:07:00 PM,-8.60
10441,4/23/2023 9:07:00 PM,-8.54
10441,4/23/2023 9:07:00 PM,-8.72
10441,4/23/2023 9:07:00 PM,-8.78
10441,4/23/2023 9:07:00 PM,-8.66
10441,4/23/2023 9:07:00 PM,-8.60
10441,4/23/2023 9:07:00 PM,-8.72
10441,4/23/2023 9:07:00 PM,-8.66
10441,4/23/2023 9:08:00 PM,-8.60
10441,4/23/2023 9:08:00 PM,-8.54
10441,4/23/2023 9:08:00 PM,-8.36
10441,4/23/2023 9:08:00 PM,-8.30
10441,4/23/2023 9:08:00 PM,-8.12
10441,4/23/2023 9:08:00 PM,-8.54
10441,4/23/2023 9:08:00 PM,-8.36
10441,4/23/2023 9:08:00 PM,-8.48
10441,4/23/2023 9:08:00 PM,-8.36
10441,4/23/2023 9:08:00 PM,-8.18
10441,4/23/2023 9:08:00 PM,-8.24
10441,4/23/2023 9:09:00 PM,-8.00
10441,4/23/2023 9:09:00 PM,-7.94
10441,4/23/2023 9:09:00 PM,-7.88
10441,4/23/2023 9:09:00 PM,-7.94
10441,4/23/2023 9:09:00 PM,-8.30
10441,4/23/2023 9:09:00 PM,-8.48
10441,4/23/2023 9:09:00 PM,-8.36
10441,4/23/2023 9:09:00 PM,-8.36
10441,4/23/2023 9:09:00 PM,-8.24
10441,4/23/2023 9:09:00 PM,-8.18
10441,4/23/2023 9:09:00 PM,-8.30
10441,4/23/2023 9:09:00 PM,-8.18
10441,4/23/2023 9:09:00 PM,-8.42
10441,4/23/2023 9:10:00 PM,-8.84
10441,4/23/2023 9:10:00 PM,-9.02
10441,4/23/2023 9:10:00 PM,-9.08
10441,4/23/2023 9:10:00 PM,-8.48
10441,4/23/2023 9:10:00 PM,-8.30
10441,4/23/2023 9:10:00 PM,-8.36
10441,4/23/2023 9:10:00 PM,-8.42
10441,4/23/2023 9:10:00 PM,-8.60
10441,4/23/2023 9:10:00 PM,-8.72
10441,4/23/2023 9:10:00 PM,-8.42
10441,4/23/2023 9:11:00 PM,-9.92
10441,4/23/2023 9:11:00 PM,-9.14
10441,4/23/2023 9:11:00 PM,-9.08
10441,4/23/2023 9:12:00 PM,-9.02
10441,4/23/2023 9:12:00 PM,-8.78
10441,4/23/2023 9:12:00 PM,-8.84
10441,4/23/2023 9:12:00 PM,-8.90
10441,4/23/2023 9:12:00 PM,-8.96
10441,4/23/2023 9:12:00 PM,-9.14
10441,4/23/2023 9:12:00 PM,-9.26
10441,4/23/2023 9:12:00 PM,-9.08
10441,4/23/2023 9:13:00 PM,-9.38
10441,4/23/2023 9:13:00 PM,-9.32
10441,4/23/2023 9:13:00 PM,-9.44
10441,4/23/2023 9:13:00 PM,-9.32
10441,4/23/2023 9:13:00 PM,-9.20
10441,4/23/2023 9:13:00 PM,-9.14
10441,4/23/2023 9:13:00 PM,-9.08
10441,4/23/2023 9:14:00 PM,-9.26
10441,4/23/2023 9:14:00 PM,-9.20
10441,4/23/2023 9:14:00 PM,-9.56
10441,4/23/2023 9:14:00 PM,-9.92
10441,4/23/2023 9:14:00 PM,-10.10
10441,4/23/2023 9:14:00 PM,-9.98
10441,4/23/2023 9:14:00 PM,-10.04
10441,4/23/2023 9:14:00 PM,-9.14
10441,4/23/2023 9:14:00 PM,-9.38
10441,4/23/2023 9:14:00 PM,-9.32
10441,4/23/2023 9:14:00 PM,-9.26
10441,4/23/2023 9:14:00 PM,-9.20
10441,4/23/2023 9:14:00 PM,-9.08
10441,4/23/2023 9:15:00 PM,-9.20
10441,4/23/2023 9:15:00 PM,-9.98
10441,4/23/2023 9:15:00 PM,-9.50
10441,4/23/2023 9:15:00 PM,-8.90
10441,4/23/2023 9:15:00 PM,-9.80
10441,4/23/2023 9:15:00 PM,-10.04
10441,4/23/2023 9:15:00 PM,-10.16
10441,4/23/2023 9:15:00 PM,-10.04
10441,4/23/2023 9:15:00 PM,-9.62
10441,4/23/2023 9:15:00 PM,-9.56
10441,4/23/2023 9:15:00 PM,-9.38
10441,4/23/2023 9:15:00 PM,-9.26
10441,4/23/2023 9:15:00 PM,-9.32
10441,4/23/2023 9:16:00 PM,-8.66
10441,4/23/2023 9:16:00 PM,-8.72
10441,4/23/2023 9:16:00 PM,-8.90
10441,4/23/2023 9:16:00 PM,-9.02
10441,4/23/2023 9:16:00 PM,-9.20
10441,4/23/2023 9:16:00 PM,-9.14
10441,4/23/2023 9:16:00 PM,-9.98
10441,4/23/2023 9:16:00 PM,-9.32
10441,4/23/2023 9:16:00 PM,-9.98
10441,4/23/2023 9:16:00 PM,-9.56
10441,4/23/2023 9:16:00 PM,-9.74
10441,4/23/2023 9:16:00 PM,-9.68
10441,4/23/2023 9:16:00 PM,-9.80
10441,4/23/2023 9:17:00 PM,-9.80
10441,4/23/2023 9:17:00 PM,-9.86
10441,4/23/2023 9:17:00 PM,-10.04
10441,4/23/2023 9:17:00 PM,-10.99
10441,4/23/2023 9:17:00 PM,-10.87
10441,4/23/2023 9:17:00 PM,-10.34
10441,4/23/2023 9:17:00 PM,-10.40
10441,4/23/2023 9:17:00 PM,-10.57
10441,4/23/2023 9:17:00 PM,-10.81
10441,4/23/2023 9:17:00 PM,-10.87
10441,4/23/2023 9:17:00 PM,-10.93
10441,4/23/2023 9:18:00 PM,-11.05
10441,4/23/2023 9:18:00 PM,-11.11
10441,4/23/2023 9:18:00 PM,-11.17
10441,4/23/2023 9:18:00 PM,-11.11
10441,4/23/2023 9:18:00 PM,-11.77
10441,4/23/2023 9:18:00 PM,-11.47
10441,4/23/2023 9:18:00 PM,-10.75
10441,4/23/2023 9:18:00 PM,-10.99
10441,4/23/2023 9:18:00 PM,-10.69
10441,4/23/2023 9:18:00 PM,-10.87
10441,4/23/2023 9:18:00 PM,-10.81
10441,4/23/2023 9:18:00 PM,-10.93
10441,4/23/2023 9:19:00 PM,-11.71
10441,4/23/2023 9:19:00 PM,-11.77
10441,4/23/2023 9:19:00 PM,-12.19
10441,4/23/2023 9:19:00 PM,-12.13
10441,4/23/2023 9:19:00 PM,-12.07
10441,4/23/2023 9:19:00 PM,-12.01
10441,4/23/2023 9:19:00 PM,-11.77
10441,4/23/2023 9:19:00 PM,-11.71
10441,4/23/2023 9:19:00 PM,-11.83
10441,4/23/2023 9:19:00 PM,-12.01
10441,4/23/2023 9:19:00 PM,-12.07
10441,4/23/2023 9:19:00 PM,-12.31
10441,4/23/2023 9:19:00 PM,-12.37
10441,4/23/2023 9:19:00 PM,-12.31
10441,4/23/2023 9:20:00 PM,-11.65
10441,4/23/2023 9:20:00 PM,-11.83
10441,4/23/2023 9:20:00 PM,-11.77
10441,4/23/2023 9:20:00 PM,-11.83
10441,4/23/2023 9:20:00 PM,-11.89
10441,4/23/2023 9:20:00 PM,-11.71
10441,4/23/2023 9:20:00 PM,-11.89
10441,4/23/2023 9:20:00 PM,-11.77
10441,4/23/2023 9:20:00 PM,-11.59
10441,4/23/2023 9:20:00 PM,-11.53
10441,4/23/2023 9:20:00 PM,-11.47
10441,4/23/2023 9:21:00 PM,-10.04
10441,4/23/2023 9:21:00 PM,-9.80
10441,4/23/2023 9:21:00 PM,-9.68
10441,4/23/2023 9:21:00 PM,-11.11
10441,4/23/2023 9:21:00 PM,-11.05
10441,4/23/2023 9:21:00 PM,-10.93
10441,4/23/2023 9:21:00 PM,-10.63
10441,4/23/2023 9:21:00 PM,-10.57
10441,4/23/2023 9:21:00 PM,-10.40
10441,4/23/2023 9:21:00 PM,-10.04
10441,4/23/2023 9:21:00 PM,-10.10
10441,4/23/2023 9:22:00 PM,-9.50
10441,4/23/2023 9:22:00 PM,-9.44
10441,4/23/2023 9:22:00 PM,-9.38
10441,4/23/2023 9:22:00 PM,-9.20
10441,4/23/2023 9:22:00 PM,-9.14
10441,4/23/2023 9:22:00 PM,-9.08
10441,4/23/2023 9:22:00 PM,-9.02
10441,4/23/2023 9:22:00 PM,-8.84
10441,4/23/2023 9:22:00 PM,-8.78
10441,4/23/2023 9:23:00 PM,-8.72
10441,4/23/2023 9:23:00 PM,-8.78
10441,4/23/2023 9:23:00 PM,-8.96
10441,4/23/2023 9:23:00 PM,-8.48
10441,4/23/2023 9:23:00 PM,-8.60
10441,4/23/2023 9:24:00 PM,-9.32
10441,4/23/2023 9:24:00 PM,-9.26
10441,4/23/2023 9:24:00 PM,-9.14
10441,4/23/2023 9:24:00 PM,-9.20
10441,4/23/2023 9:24:00 PM,-9.26
10441,4/23/2023 9:24:00 PM,-9.20
10441,4/23/2023 9:24:00 PM,-9.26
10441,4/23/2023 9:24:00 PM,-8.78
10441,4/23/2023 9:24:00 PM,-9.26
10441,4/23/2023 9:24:00 PM,-9.14
10441,4/23/2023 9:24:00 PM,-9.02
10441,4/23/2023 9:25:00 PM,-8.84
10441,4/23/2023 9:25:00 PM,-8.54
10441,4/23/2023 9:25:00 PM,-8.42
10441,4/23/2023 9:25:00 PM,-8.36
10441,4/23/2023 9:25:00 PM,-9.26
10441,4/23/2023 9:25:00 PM,-9.38
10441,4/23/2023 9:25:00 PM,-9.26
10441,4/23/2023 9:25:00 PM,-9.20
10441,4/23/2023 9:25:00 PM,-9.08
10441,4/23/2023 9:25:00 PM,-8.90
10441,4/23/2023 9:26:00 PM,-8.18
10441,4/23/2023 9:26:00 PM,-8.00
10441,4/23/2023 9:26:00 PM,-7.94
10441,4/23/2023 9:26:00 PM,-7.82
10441,4/23/2023 9:26:00 PM,-7.76
10441,4/23/2023 9:26:00 PM,-7.58
10441,4/23/2023 9:26:00 PM,-7.41
10441,4/23/2023 9:26:00 PM,-7.29
10441,4/23/2023 9:26:00 PM,-7.11
10441,4/23/2023 9:26:00 PM,-6.75
10441,4/23/2023 9:26:00 PM,-6.69
10441,4/23/2023 9:27:00 PM,-6.03
10441,4/23/2023 9:27:00 PM,-6.33
10441,4/23/2023 9:27:00 PM,-6.39
10441,4/23/2023 9:27:00 PM,-6.45
10441,4/23/2023 9:27:00 PM,-6.51
10441,4/23/2023 9:27:00 PM,-6.33
10441,4/23/2023 9:27:00 PM,-6.57
10441,4/23/2023 9:27:00 PM,-6.39
10441,4/23/2023 9:27:00 PM,-6.33
10441,4/23/2023 9:27:00 PM,-6.27
10441,4/23/2023 9:27:00 PM,-6.21
10441,4/23/2023 9:27:00 PM,-6.15
10441,4/23/2023 9:27:00 PM,-6.03
10441,4/23/2023 9:28:00 PM,-5.97
10441,4/23/2023 9:28:00 PM,-6.09
10441,4/23/2023 9:28:00 PM,-6.21
10441,4/23/2023 9:28:00 PM,-6.03
10441,4/23/2023 9:28:00 PM,-5.91
10441,4/23/2023 9:28:00 PM,-6.03
10441,4/23/2023 9:28:00 PM,-6.15
10441,4/23/2023 9:28:00 PM,-6.09
10441,4/23/2023 9:28:00 PM,-6.15
10441,4/23/2023 9:28:00 PM,-6.03
10441,4/23/2023 9:28:00 PM,-6.27
10441,4/23/2023 9:28:00 PM,-5.97
10441,4/23/2023 9:28:00 PM,-6.03
10441,4/23/2023 9:29:00 PM,-6.39
10441,4/23/2023 9:29:00 PM,-6.15
10441,4/23/2023 9:29:00 PM,-6.21
10441,4/23/2023 9:29:00 PM,-6.15
10441,4/23/2023 9:29:00 PM,-6.27
10441,4/23/2023 9:29:00 PM,-6.33
10441,4/23/2023 9:29:00 PM,-6.39
10441,4/23/2023 9:29:00 PM,-6.57
10441,4/23/2023 9:29:00 PM,-6.75
10441,4/23/2023 9:30:00 PM,-6.93
10441,4/23/2023 9:30:00 PM,-7.11
10441,4/23/2023 9:30:00 PM,-7.35
10441,4/23/2023 9:30:00 PM,-7.05
10441,4/23/2023 9:30:00 PM,-7.23
10441,4/23/2023 9:30:00 PM,-7.17
10441,4/23/2023 9:30:00 PM,-7.29
10441,4/23/2023 9:30:00 PM,-7.35
10441,4/23/2023 9:30:00 PM,-7.46
10441,4/23/2023 9:30:00 PM,-7.41
10441,4/23/2023 9:30:00 PM,-7.46
10441,4/23/2023 9:30:00 PM,-7.23
10441,4/23/2023 9:31:00 PM,-7.82
10441,4/23/2023 9:31:00 PM,-7.64
10441,4/23/2023 9:31:00 PM,-7.46
10441,4/23/2023 9:31:00 PM,-7.23
10441,4/23/2023 9:31:00 PM,-7.11
10441,4/23/2023 9:31:00 PM,-7.17
10441,4/23/2023 9:31:00 PM,-7.35
10441,4/23/2023 9:31:00 PM,-7.17
10441,4/23/2023 9:31:00 PM,-7.23
10441,4/23/2023 9:31:00 PM,-7.05
10441,4/23/2023 9:31:00 PM,-7.17
10441,4/23/2023 9:31:00 PM,-7.11
10441,4/23/2023 9:31:00 PM,-7.64
10441,4/23/2023 9:32:00 PM,-7.05
10441,4/23/2023 9:32:00 PM,-7.46
10441,4/23/2023 9:32:00 PM,-7.58
10441,4/23/2023 9:32:00 PM,-7.70
10441,4/23/2023 9:32:00 PM,-7.64
10441,4/23/2023 9:32:00 PM,-7.76
10441,4/23/2023 9:32:00 PM,-7.82
10441,4/23/2023 9:32:00 PM,-8.18
10441,4/23/2023 9:32:00 PM,-8.06
10441,4/23/2023 9:32:00 PM,-8.24
10441,4/23/2023 9:32:00 PM,-8.12
10441,4/23/2023 9:32:00 PM,-8.00
10441,4/23/2023 9:33:00 PM,-8.30
10441,4/23/2023 9:33:00 PM,-8.00
10441,4/23/2023 9:33:00 PM,-7.94
10441,4/23/2023 9:33:00 PM,-8.00
10441,4/23/2023 9:33:00 PM,-7.88
10441,4/23/2023 9:33:00 PM,-8.00
10441,4/23/2023 9:33:00 PM,-8.06
10441,4/23/2023 9:33:00 PM,-7.94
10441,4/23/2023 9:33:00 PM,-8.06
10441,4/23/2023 9:34:00 PM,-7.94
10441,4/23/2023 9:34:00 PM,-7.82
10441,4/23/2023 9:34:00 PM,-7.88
10441,4/23/2023 9:34:00 PM,-7.94
10441,4/23/2023 9:34:00 PM,-8.06
10441,4/23/2023 9:34:00 PM,-7.52
10441,4/23/2023 9:34:00 PM,-8.06
10441,4/23/2023 9:34:00 PM,-8.12
10441,4/23/2023 9:34:00 PM,-7.88
10441,4/23/2023 9:34:00 PM,-7.82
10441,4/23/2023 9:34:00 PM,-7.88
10441,4/23/2023 9:34:00 PM,-8.00
10441,4/23/2023 9:34:00 PM,-8.06
10441,4/23/2023 9:34:00 PM,-8.24
10441,4/23/2023 9:35:00 PM,-8.30
10441,4/23/2023 9:35:00 PM,-8.24
10441,4/23/2023 9:35:00 PM,-8.06
10441,4/23/2023 9:35:00 PM,-8.12
10441,4/23/2023 9:35:00 PM,-8.24
10441,4/23/2023 9:35:00 PM,-8.18
10441,4/23/2023 9:35:00 PM,-8.12
10441,4/23/2023 9:35:00 PM,-8.00
10441,4/23/2023 9:35:00 PM,-8.24
10441,4/23/2023 9:35:00 PM,-8.12
10441,4/23/2023 9:35:00 PM,-8.42
10441,4/23/2023 9:35:00 PM,-7.88
10441,4/23/2023 9:35:00 PM,-7.76
10441,4/23/2023 9:35:00 PM,-8.66
10441,4/23/2023 9:36:00 PM,-8.24
10441,4/23/2023 9:36:00 PM,-8.12
10441,4/23/2023 9:36:00 PM,-8.18
10441,4/23/2023 9:36:00 PM,-8.30
10441,4/23/2023 9:36:00 PM,-8.36
10441,4/23/2023 9:36:00 PM,-8.18
10441,4/23/2023 9:36:00 PM,-8.06
10441,4/23/2023 9:36:00 PM,-8.18
10441,4/23/2023 9:36:00 PM,-8.06
10441,4/23/2023 9:36:00 PM,-8.12
10441,4/23/2023 9:37:00 PM,-8.42
10441,4/23/2023 9:37:00 PM,-8.54
10441,4/23/2023 9:37:00 PM,-8.72
10441,4/23/2023 9:37:00 PM,-8.54
10441,4/23/2023 9:37:00 PM,-8.60
10441,4/23/2023 9:37:00 PM,-8.54
10441,4/23/2023 9:37:00 PM,-8.48
10441,4/23/2023 9:37:00 PM,-8.66
10441,4/23/2023 9:37:00 PM,-8.36
10441,4/23/2023 9:37:00 PM,-8.54
10441,4/23/2023 9:37:00 PM,-8.42
10441,4/23/2023 9:37:00 PM,-8.48
10441,4/23/2023 9:37:00 PM,-8.90
10441,4/23/2023 9:37:00 PM,-8.84
10441,4/23/2023 9:38:00 PM,-8.90
10441,4/23/2023 9:38:00 PM,-9.02
10441,4/23/2023 9:38:00 PM,-9.08
10441,4/23/2023 9:38:00 PM,-9.44
10441,4/23/2023 9:38:00 PM,-8.90
10441,4/23/2023 9:38:00 PM,-8.84
10441,4/23/2023 9:38:00 PM,-8.90
10441,4/23/2023 9:38:00 PM,-9.50
10441,4/23/2023 9:38:00 PM,-9.32
10441,4/23/2023 9:38:00 PM,-9.44
10441,4/23/2023 9:38:00 PM,-9.38
10441,4/23/2023 9:38:00 PM,-8.78
10441,4/23/2023 9:39:00 PM,-9.56
10441,4/23/2023 9:39:00 PM,-9.68
10441,4/23/2023 9:39:00 PM,-9.86
10441,4/23/2023 9:39:00 PM,-9.92
10441,4/23/2023 9:39:00 PM,-10.04
10441,4/23/2023 9:39:00 PM,-10.10
10441,4/23/2023 9:39:00 PM,-10.04
10441,4/23/2023 9:40:00 PM,-10.10
10441,4/23/2023 9:40:00 PM,-10.87
10441,4/23/2023 9:40:00 PM,-10.34
10441,4/23/2023 9:40:00 PM,-10.22
10441,4/23/2023 9:40:00 PM,-10.28
10441,4/23/2023 9:40:00 PM,-10.34
10441,4/23/2023 9:40:00 PM,-10.45
10441,4/23/2023 9:40:00 PM,-10.63
10441,4/23/2023 9:40:00 PM,-10.34
10441,4/23/2023 9:41:00 PM,-10.63
10441,4/23/2023 9:41:00 PM,-10.57
10441,4/23/2023 9:41:00 PM,-10.63
10441,4/23/2023 9:41:00 PM,-10.69
10441,4/23/2023 9:41:00 PM,-10.45
10441,4/23/2023 9:41:00 PM,-10.81
10441,4/23/2023 9:41:00 PM,-10.69
10441,4/23/2023 9:41:00 PM,-10.81
10441,4/23/2023 9:41:00 PM,-10.93
10441,4/23/2023 9:41:00 PM,-10.51
10441,4/23/2023 9:41:00 PM,-10.75
10441,4/23/2023 9:42:00 PM,-10.51
10441,4/23/2023 9:42:00 PM,-10.57
10441,4/23/2023 9:42:00 PM,-10.51
10441,4/23/2023 9:42:00 PM,-10.45
10441,4/23/2023 9:42:00 PM,-10.63
10441,4/23/2023 9:42:00 PM,-10.51
10441,4/23/2023 9:42:00 PM,-10.45
10441,4/23/2023 9:43:00 PM,-10.57
10441,4/23/2023 9:43:00 PM,-10.69
10441,4/23/2023 9:43:00 PM,-10.75
10441,4/23/2023 9:43:00 PM,-10.69
10441,4/23/2023 9:43:00 PM,-10.75
10441,4/23/2023 9:43:00 PM,-10.63
10441,4/23/2023 9:43:00 PM,-10.51
10441,4/23/2023 9:43:00 PM,-10.63
10441,4/23/2023 9:44:00 PM,-10.57
10441,4/23/2023 9:44:00 PM,-10.63
10441,4/23/2023 9:44:00 PM,-10.81
10441,4/23/2023 9:44:00 PM,-10.75
10441,4/23/2023 9:44:00 PM,-10.63
10441,4/23/2023 9:44:00 PM,-10.40
10441,4/23/2023 9:44:00 PM,-10.34
10441,4/23/2023 9:44:00 PM,-10.22
10441,4/23/2023 9:44:00 PM,-10.16
10441,4/23/2023 9:44:00 PM,-9.98
10441,4/23/2023 9:45:00 PM,-9.86
10441,4/23/2023 9:45:00 PM,-9.74
10441,4/23/2023 9:45:00 PM,-9.62
10441,4/23/2023 9:45:00 PM,-9.68
10441,4/23/2023 9:45:00 PM,-9.50
10441,4/23/2023 9:45:00 PM,-9.44
10441,4/23/2023 9:45:00 PM,-9.32
10441,4/23/2023 9:45:00 PM,-9.14
10441,4/23/2023 9:45:00 PM,-9.08
10441,4/23/2023 9:45:00 PM,-9.92
10441,4/23/2023 9:45:00 PM,-9.80
10441,4/23/2023 9:46:00 PM,-8.96
10441,4/23/2023 9:46:00 PM,-8.90
10441,4/23/2023 9:46:00 PM,-8.78
10441,4/23/2023 9:46:00 PM,-8.72
10441,4/23/2023 9:46:00 PM,-8.66
10441,4/23/2023 9:46:00 PM,-8.60
10441,4/23/2023 9:46:00 PM,-8.54
10441,4/23/2023 9:46:00 PM,-8.48
10441,4/23/2023 9:46:00 PM,-8.54
10441,4/23/2023 9:46:00 PM,-8.48
10441,4/23/2023 9:46:00 PM,-8.54
10441,4/23/2023 9:47:00 PM,-8.60
10441,4/23/2023 9:47:00 PM,-8.54
10441,4/23/2023 9:47:00 PM,-8.48
10441,4/23/2023 9:47:00 PM,-8.66
10441,4/23/2023 9:47:00 PM,-8.72
10441,4/23/2023 9:47:00 PM,-9.02
10441,4/23/2023 9:47:00 PM,-9.20
10441,4/23/2023 9:47:00 PM,-9.44
10441,4/23/2023 9:47:00 PM,-9.62
10441,4/23/2023 9:47:00 PM,-9.86
10441,4/23/2023 9:47:00 PM,-9.92
10441,4/23/2023 9:48:00 PM,-9.98
10441,4/23/2023 9:48:00 PM,-10.22
10441,4/23/2023 9:48:00 PM,-10.34
10441,4/23/2023 9:48:00 PM,-10.40
10441,4/23/2023 9:48:00 PM,-10.87
10441,4/23/2023 9:48:00 PM,-11.11
10441,4/23/2023 9:48:00 PM,-11.41
10441,4/23/2023 9:48:00 PM,-11.59
10441,4/23/2023 9:48:00 PM,-11.77
10441,4/23/2023 9:48:00 PM,-11.89
10441,4/23/2023 9:48:00 PM,-12.13
10441,4/23/2023 9:49:00 PM,-12.25
10441,4/23/2023 9:49:00 PM,-12.37
10441,4/23/2023 9:49:00 PM,-12.49
10441,4/23/2023 9:49:00 PM,-12.31
10441,4/23/2023 9:49:00 PM,-12.19
10441,4/23/2023 9:49:00 PM,-12.13
10441,4/23/2023 9:49:00 PM,-11.95
10441,4/23/2023 9:49:00 PM,-11.89
10441,4/23/2023 9:49:00 PM,-11.83
10441,4/23/2023 9:50:00 PM,-12.19
10441,4/23/2023 9:50:00 PM,-12.13
10441,4/23/2023 9:50:00 PM,-11.77
10441,4/23/2023 9:50:00 PM,-11.71
10441,4/23/2023 9:50:00 PM,-11.77
10441,4/23/2023 9:50:00 PM,-11.89
10441,4/23/2023 9:50:00 PM,-12.31
10441,4/23/2023 9:50:00 PM,-11.95
10441,4/23/2023 9:50:00 PM,-12.19
10441,4/23/2023 9:50:00 PM,-12.07
10441,4/23/2023 9:50:00 PM,-11.95
10441,4/23/2023 9:50:00 PM,-11.89
10441,4/23/2023 9:50:00 PM,-12.25
10441,4/23/2023 9:51:00 PM,-11.95
10441,4/23/2023 9:51:00 PM,-12.07
10441,4/23/2023 9:51:00 PM,-11.71
10441,4/23/2023 9:51:00 PM,-12.01
10441,4/23/2023 9:51:00 PM,-11.89
10441,4/23/2023 9:51:00 PM,-11.77
10441,4/23/2023 9:51:00 PM,-11.83
10441,4/23/2023 9:51:00 PM,-11.77
10441,4/23/2023 9:52:00 PM,-12.01
10441,4/23/2023 9:52:00 PM,-11.77
10441,4/23/2023 9:52:00 PM,-11.71
10441,4/23/2023 9:52:00 PM,-11.53
10441,4/23/2023 9:52:00 PM,-11.47
10441,4/23/2023 9:52:00 PM,-11.29
10441,4/23/2023 9:52:00 PM,-11.05
10441,4/23/2023 9:52:00 PM,-10.87
10441,4/23/2023 9:52:00 PM,-10.81
10441,4/23/2023 9:52:00 PM,-10.87
10441,4/23/2023 9:53:00 PM,-10.81
10441,4/23/2023 9:53:00 PM,-10.87
10441,4/23/2023 9:53:00 PM,-10.81
10441,4/23/2023 9:53:00 PM,-10.93
10441,4/23/2023 9:53:00 PM,-10.87
10441,4/23/2023 9:53:00 PM,-10.93
10441,4/23/2023 9:53:00 PM,-11.59
10441,4/23/2023 9:53:00 PM,-11.53
10441,4/23/2023 9:53:00 PM,-11.05
10441,4/23/2023 9:53:00 PM,-11.11
10441,4/23/2023 9:53:00 PM,-11.17
10441,4/23/2023 9:53:00 PM,-11.05
10441,4/23/2023 9:53:00 PM,-11.29
10441,4/23/2023 9:53:00 PM,-11.35
10441,4/23/2023 9:54:00 PM,-11.47
10441,4/23/2023 9:54:00 PM,-11.59
10441,4/23/2023 9:54:00 PM,-11.77
10441,4/23/2023 9:54:00 PM,-11.71
10441,4/23/2023 9:54:00 PM,-11.83
10441,4/23/2023 9:54:00 PM,-11.71
10441,4/23/2023 9:54:00 PM,-11.65
10441,4/23/2023 9:54:00 PM,-11.71
10441,4/23/2023 9:54:00 PM,-11.65
10441,4/23/2023 9:54:00 PM,-11.59
10441,4/23/2023 9:54:00 PM,-11.53
10441,4/23/2023 9:55:00 PM,-11.65
10441,4/23/2023 9:55:00 PM,-11.53
10441,4/23/2023 9:55:00 PM,-11.71
10441,4/23/2023 9:55:00 PM,-11.59
10441,4/23/2023 9:55:00 PM,-11.65
10441,4/23/2023 9:55:00 PM,-11.23
10441,4/23/2023 9:55:00 PM,-11.65
10441,4/23/2023 9:55:00 PM,-11.35
10441,4/23/2023 9:55:00 PM,-11.71
10441,4/23/2023 9:55:00 PM,-11.65
10441,4/23/2023 9:55:00 PM,-11.59
10441,4/23/2023 9:56:00 PM,-11.53
10441,4/23/2023 9:56:00 PM,-11.47
10441,4/23/2023 9:56:00 PM,-11.23
10441,4/23/2023 9:56:00 PM,-11.35
10441,4/23/2023 9:56:00 PM,-11.29
10441,4/23/2023 9:56:00 PM,-11.41
10441,4/23/2023 9:56:00 PM,-11.29
10441,4/23/2023 9:56:00 PM,-11.35
10441,4/23/2023 9:56:00 PM,-11.11
10441,4/23/2023 9:56:00 PM,-11.65
10441,4/23/2023 9:56:00 PM,-11.59
10441,4/23/2023 9:57:00 PM,-11.17
10441,4/23/2023 9:57:00 PM,-11.23
10441,4/23/2023 9:57:00 PM,-11.35
10441,4/23/2023 9:57:00 PM,-10.57
10441,4/23/2023 9:57:00 PM,-10.69
10441,4/23/2023 9:57:00 PM,-10.75
10441,4/23/2023 9:57:00 PM,-10.81
10441,4/23/2023 9:57:00 PM,-10.75
10441,4/23/2023 9:57:00 PM,-10.57
10441,4/23/2023 9:57:00 PM,-10.51
10441,4/23/2023 9:57:00 PM,-10.45
10441,4/23/2023 9:57:00 PM,-10.34
10441,4/23/2023 9:58:00 PM,-9.86
10441,4/23/2023 9:58:00 PM,-10.04
10441,4/23/2023 9:58:00 PM,-9.98
10441,4/23/2023 9:58:00 PM,-9.86
10441,4/23/2023 9:58:00 PM,-9.92
10441,4/23/2023 9:58:00 PM,-10.04
10441,4/23/2023 9:58:00 PM,-9.92
10441,4/23/2023 9:58:00 PM,-10.45
10441,4/23/2023 9:58:00 PM,-10.28
10441,4/23/2023 9:58:00 PM,-10.22
10441,4/23/2023 9:58:00 PM,-10.16
10441,4/23/2023 9:58:00 PM,-9.98
10441,4/23/2023 9:58:00 PM,-10.10
10441,4/23/2023 9:59:00 PM,-10.10
10441,4/23/2023 9:59:00 PM,-10.34
10441,4/23/2023 9:59:00 PM,-9.80
10441,4/23/2023 9:59:00 PM,-9.92
10441,4/23/2023 9:59:00 PM,-9.98
10441,4/23/2023 9:59:00 PM,-10.10
10441,4/23/2023 9:59:00 PM,-10.16
10441,4/23/2023 9:59:00 PM,-9.92
10441,4/23/2023 9:59:00 PM,-10.40
10441,4/23/2023 9:59:00 PM,-9.80
10441,4/23/2023 10:00:00 PM,-10.22
10441,4/23/2023 10:00:00 PM,-10.04
10441,4/23/2023 10:00:00 PM,-10.10
10441,4/23/2023 10:00:00 PM,-9.74
10441,4/23/2023 10:00:00 PM,-9.86
10441,4/23/2023 10:00:00 PM,-9.92
10441,4/23/2023 10:00:00 PM,-9.86
10441,4/23/2023 10:00:00 PM,-9.80
10441,4/23/2023 10:00:00 PM,-9.62
10441,4/23/2023 10:00:00 PM,-9.74
10441,4/23/2023 10:01:00 PM,-9.68
10441,4/23/2023 10:01:00 PM,-9.62
10441,4/23/2023 10:01:00 PM,-9.50
10441,4/23/2023 10:01:00 PM,-9.62
10441,4/23/2023 10:01:00 PM,-9.80
10441,4/23/2023 10:01:00 PM,-9.56
10441,4/23/2023 10:01:00 PM,-9.68
10441,4/23/2023 10:01:00 PM,-9.50
10441,4/23/2023 10:01:00 PM,-9.44
10441,4/23/2023 10:01:00 PM,-9.38
10441,4/23/2023 10:01:00 PM,-9.32
10441,4/23/2023 10:01:00 PM,-9.26
10441,4/23/2023 10:02:00 PM,-9.20
10441,4/23/2023 10:02:00 PM,-9.14
10441,4/23/2023 10:02:00 PM,-9.20
10441,4/23/2023 10:02:00 PM,-9.32
10441,4/23/2023 10:02:00 PM,-9.20
10441,4/23/2023 10:02:00 PM,-9.26
10441,4/23/2023 10:02:00 PM,-9.20
10441,4/23/2023 10:02:00 PM,-9.26
10441,4/23/2023 10:02:00 PM,-8.96
10441,4/23/2023 10:02:00 PM,-9.08
10441,4/23/2023 10:03:00 PM,-8.72
10441,4/23/2023 10:03:00 PM,-8.66
10441,4/23/2023 10:03:00 PM,-9.20
10441,4/23/2023 10:03:00 PM,-9.26
10441,4/23/2023 10:03:00 PM,-9.08
10441,4/23/2023 10:03:00 PM,-8.84
10441,4/23/2023 10:03:00 PM,-8.90
10441,4/23/2023 10:03:00 PM,-8.84
10441,4/23/2023 10:04:00 PM,-8.72
10441,4/23/2023 10:04:00 PM,-8.60
10441,4/23/2023 10:04:00 PM,-8.72
10441,4/23/2023 10:04:00 PM,-9.02
10441,4/23/2023 10:04:00 PM,-8.60
10441,4/23/2023 10:04:00 PM,-8.84
10441,4/23/2023 10:04:00 PM,-8.78
10441,4/23/2023 10:05:00 PM,-8.90
10441,4/23/2023 10:05:00 PM,-8.96
10441,4/23/2023 10:05:00 PM,-9.20
10441,4/23/2023 10:05:00 PM,-9.14
10441,4/23/2023 10:05:00 PM,-9.08
10441,4/23/2023 10:05:00 PM,-9.14
10441,4/23/2023 10:05:00 PM,-9.32
10441,4/23/2023 10:05:00 PM,-9.14
10441,4/23/2023 10:06:00 PM,-9.26
10441,4/23/2023 10:06:00 PM,-9.14
10441,4/23/2023 10:06:00 PM,-9.02
10441,4/23/2023 10:06:00 PM,-9.08
10441,4/23/2023 10:06:00 PM,-9.02
10441,4/23/2023 10:06:00 PM,-8.96
10441,4/23/2023 10:06:00 PM,-9.02
10441,4/23/2023 10:06:00 PM,-9.08
10441,4/23/2023 10:07:00 PM,-9.20
10441,4/23/2023 10:07:00 PM,-9.14
10441,4/23/2023 10:07:00 PM,-9.02
10441,4/23/2023 10:07:00 PM,-9.14
10441,4/23/2023 10:07:00 PM,-9.08
10441,4/23/2023 10:07:00 PM,-9.14
10441,4/23/2023 10:07:00 PM,-9.20
10441,4/23/2023 10:07:00 PM,-9.14
10441,4/23/2023 10:07:00 PM,-9.26
10441,4/23/2023 10:08:00 PM,-9.38
10441,4/23/2023 10:08:00 PM,-9.50
10441,4/23/2023 10:08:00 PM,-9.38
10441,4/23/2023 10:08:00 PM,-9.74
10441,4/23/2023 10:08:00 PM,-9.38
10441,4/23/2023 10:08:00 PM,-9.32
10441,4/23/2023 10:08:00 PM,-9.20
10441,4/23/2023 10:09:00 PM,-9.32
10441,4/23/2023 10:09:00 PM,-9.26
10441,4/23/2023 10:09:00 PM,-9.20
10441,4/23/2023 10:09:00 PM,-9.26
10441,4/23/2023 10:09:00 PM,-9.32
10441,4/23/2023 10:09:00 PM,-9.50
10441,4/23/2023 10:09:00 PM,-9.44
10441,4/23/2023 10:10:00 PM,-9.56
10441,4/23/2023 10:10:00 PM,-9.44
10441,4/23/2023 10:10:00 PM,-9.38
10441,4/23/2023 10:10:00 PM,-9.26
10441,4/23/2023 10:10:00 PM,-9.38
10441,4/23/2023 10:10:00 PM,-9.26
10441,4/23/2023 10:10:00 PM,-9.38
10441,4/23/2023 10:10:00 PM,-9.44
10441,4/23/2023 10:10:00 PM,-9.50
10441,4/23/2023 10:10:00 PM,-9.44
10441,4/23/2023 10:11:00 PM,-9.80
10441,4/23/2023 10:11:00 PM,-9.68
10441,4/23/2023 10:11:00 PM,-9.62
10441,4/23/2023 10:11:00 PM,-9.50
10441,4/23/2023 10:11:00 PM,-9.56
10441,4/23/2023 10:11:00 PM,-9.80
10441,4/23/2023 10:11:00 PM,-9.74
10441,4/23/2023 10:11:00 PM,-9.98
10441,4/23/2023 10:11:00 PM,-9.80
10441,4/23/2023 10:11:00 PM,-9.86
10441,4/23/2023 10:11:00 PM,-9.74
10441,4/23/2023 10:11:00 PM,-9.62
10441,4/23/2023 10:11:00 PM,-9.68
10441,4/23/2023 10:12:00 PM,-9.74
10441,4/23/2023 10:12:00 PM,-9.80
10441,4/23/2023 10:12:00 PM,-9.62
10441,4/23/2023 10:12:00 PM,-9.80
10441,4/23/2023 10:12:00 PM,-10.10
10441,4/23/2023 10:12:00 PM,-9.92
10441,4/23/2023 10:12:00 PM,-9.98
10441,4/23/2023 10:12:00 PM,-9.92
10441,4/23/2023 10:12:00 PM,-10.04
10441,4/23/2023 10:12:00 PM,-10.16
10441,4/23/2023 10:12:00 PM,-10.22
10441,4/23/2023 10:13:00 PM,-10.16
10441,4/23/2023 10:13:00 PM,-10.22
10441,4/23/2023 10:13:00 PM,-10.10
10441,4/23/2023 10:13:00 PM,-10.22
10441,4/23/2023 10:13:00 PM,-10.04
10441,4/23/2023 10:13:00 PM,-10.40
10441,4/23/2023 10:13:00 PM,-10.28
10441,4/23/2023 10:13:00 PM,-10.22
10441,4/23/2023 10:14:00 PM,-10.28
10441,4/23/2023 10:14:00 PM,-10.34
10441,4/23/2023 10:14:00 PM,-10.40
10441,4/23/2023 10:14:00 PM,-10.45
10441,4/23/2023 10:14:00 PM,-10.40
10441,4/23/2023 10:14:00 PM,-10.45
10441,4/23/2023 10:14:00 PM,-10.63
10441,4/23/2023 10:14:00 PM,-10.69
10441,4/23/2023 10:15:00 PM,-10.81
10441,4/23/2023 10:15:00 PM,-10.87
10441,4/23/2023 10:15:00 PM,-10.99
10441,4/23/2023 10:16:00 PM,-11.53
10441,4/23/2023 10:16:00 PM,-11.71
10441,4/23/2023 10:16:00 PM,-11.65
10441,4/23/2023 10:16:00 PM,-11.29
10441,4/23/2023 10:16:00 PM,-11.11
10441,4/23/2023 10:16:00 PM,-11.29
10441,4/23/2023 10:16:00 PM,-11.35
10441,4/23/2023 10:16:00 PM,-11.53
10441,4/23/2023 10:16:00 PM,-11.47
10441,4/23/2023 10:17:00 PM,-11.47
10441,4/23/2023 10:17:00 PM,-11.71
10441,4/23/2023 10:17:00 PM,-11.53
10441,4/23/2023 10:17:00 PM,-11.35
10441,4/23/2023 10:17:00 PM,-11.41
10441,4/23/2023 10:17:00 PM,-11.29
10441,4/23/2023 10:17:00 PM,-10.87
10441,4/23/2023 10:17:00 PM,-11.23
10441,4/23/2023 10:17:00 PM,-10.75
10441,4/23/2023 10:17:00 PM,-10.22
10441,4/23/2023 10:17:00 PM,-11.23
10441,4/23/2023 10:17:00 PM,-10.75
10441,4/23/2023 10:17:00 PM,-10.93
10441,4/23/2023 10:18:00 PM,-10.99
10441,4/23/2023 10:18:00 PM,-10.57
10441,4/23/2023 10:18:00 PM,-10.81
10441,4/23/2023 10:18:00 PM,-10.63
10441,4/23/2023 10:18:00 PM,-10.93
10441,4/23/2023 10:18:00 PM,-10.57
10441,4/23/2023 10:18:00 PM,-10.63
10441,4/23/2023 10:18:00 PM,-10.69
10441,4/23/2023 10:18:00 PM,-10.63
10441,4/23/2023 10:18:00 PM,-10.69
10441,4/23/2023 10:18:00 PM,-10.63
10441,4/23/2023 10:18:00 PM,-10.75
10441,4/23/2023 10:18:00 PM,-10.81
10441,4/23/2023 10:18:00 PM,-10.69
10441,4/23/2023 10:19:00 PM,-10.81
10441,4/23/2023 10:19:00 PM,-10.69
10441,4/23/2023 10:19:00 PM,-10.63
10441,4/23/2023 10:19:00 PM,-10.57
10441,4/23/2023 10:20:00 PM,-10.63
10441,4/23/2023 10:20:00 PM,-10.69
10441,4/23/2023 10:20:00 PM,-10.63
10441,4/23/2023 10:21:00 PM,-10.69
10441,4/23/2023 10:21:00 PM,-10.75
10441,4/23/2023 10:21:00 PM,-10.81
10441,4/23/2023 10:21:00 PM,-10.87
10441,4/23/2023 10:21:00 PM,-10.81
10441,4/23/2023 10:21:00 PM,-10.87
10441,4/23/2023 10:22:00 PM,-10.87
10441,4/23/2023 10:22:00 PM,-11.11
10441,4/23/2023 10:22:00 PM,-11.05
10441,4/23/2023 10:22:00 PM,-10.93
10441,4/23/2023 10:22:00 PM,-11.05
10441,4/23/2023 10:22:00 PM,-11.11
10441,4/23/2023 10:22:00 PM,-10.93
10441,4/23/2023 10:22:00 PM,-10.87
10441,4/23/2023 10:22:00 PM,-10.81
10441,4/23/2023 10:23:00 PM,-11.77
10441,4/23/2023 10:23:00 PM,-11.65
10441,4/23/2023 10:23:00 PM,-11.41
10441,4/23/2023 10:23:00 PM,-11.29
10441,4/23/2023 10:23:00 PM,-11.53
10441,4/23/2023 10:23:00 PM,-11.47
10441,4/23/2023 10:23:00 PM,-11.53
10441,4/23/2023 10:23:00 PM,-11.35
10441,4/23/2023 10:23:00 PM,-11.71
10441,4/23/2023 10:23:00 PM,-11.83
10441,4/23/2023 10:23:00 PM,-11.23
10441,4/23/2023 10:23:00 PM,-11.11
10441,4/23/2023 10:23:00 PM,-11.17
10441,4/23/2023 10:23:00 PM,-11.05
10441,4/23/2023 10:24:00 PM,-12.07
10441,4/23/2023 10:24:00 PM,-11.89
10441,4/23/2023 10:24:00 PM,-12.01
10441,4/23/2023 10:24:00 PM,-11.95
10441,4/23/2023 10:24:00 PM,-11.89
10441,4/23/2023 10:24:00 PM,-11.83
10441,4/23/2023 10:24:00 PM,-11.89
10441,4/23/2023 10:24:00 PM,-11.95
10441,4/23/2023 10:24:00 PM,-11.89
10441,4/23/2023 10:24:00 PM,-12.01
10441,4/23/2023 10:24:00 PM,-12.07
10441,4/23/2023 10:24:00 PM,-11.95
10441,4/23/2023 10:25:00 PM,-12.01
10441,4/23/2023 10:25:00 PM,-12.07
10441,4/23/2023 10:25:00 PM,-12.19
10441,4/23/2023 10:25:00 PM,-12.07
10441,4/23/2023 10:25:00 PM,-12.01
10441,4/23/2023 10:25:00 PM,-12.13
10441,4/23/2023 10:25:00 PM,-12.01
10441,4/23/2023 10:25:00 PM,-12.07
10441,4/23/2023 10:25:00 PM,-12.19
10441,4/23/2023 10:26:00 PM,-12.37
10441,4/23/2023 10:26:00 PM,-12.43
10441,4/23/2023 10:26:00 PM,-12.49
10441,4/23/2023 10:26:00 PM,-12.61
10441,4/23/2023 10:26:00 PM,-12.67
10441,4/23/2023 10:26:00 PM,-12.55
10441,4/23/2023 10:26:00 PM,-12.67
10441,4/23/2023 10:27:00 PM,-12.73
10441,4/23/2023 10:27:00 PM,-12.67
10441,4/23/2023 10:27:00 PM,-12.61
10441,4/23/2023 10:27:00 PM,-12.67
10441,4/23/2023 10:27:00 PM,-12.55
10441,4/23/2023 10:27:00 PM,-12.67
10441,4/23/2023 10:27:00 PM,-12.61
10441,4/23/2023 10:27:00 PM,-12.55
10441,4/23/2023 10:28:00 PM,-12.49
10441,4/23/2023 10:28:00 PM,-12.43
10441,4/23/2023 10:28:00 PM,-12.31
10441,4/23/2023 10:28:00 PM,-12.43
10441,4/23/2023 10:28:00 PM,-12.25
10441,4/23/2023 10:28:00 PM,-12.31
10441,4/23/2023 10:29:00 PM,-12.25
10441,4/23/2023 10:29:00 PM,-12.37
10441,4/23/2023 10:29:00 PM,-12.31
10441,4/23/2023 10:29:00 PM,-12.25
10441,4/23/2023 10:29:00 PM,-12.37
10441,4/23/2023 10:29:00 PM,-12.31
10441,4/23/2023 10:30:00 PM,-12.31
10441,4/23/2023 10:30:00 PM,-12.25
10441,4/23/2023 10:30:00 PM,-12.01
10441,4/23/2023 10:30:00 PM,-11.95
10441,4/23/2023 10:30:00 PM,-12.01
10441,4/23/2023 10:30:00 PM,-12.13
10441,4/23/2023 10:30:00 PM,-11.77
10441,4/23/2023 10:30:00 PM,-11.83
10441,4/23/2023 10:30:00 PM,-11.71
10441,4/23/2023 10:31:00 PM,-11.71
10441,4/23/2023 10:31:00 PM,-11.77
10441,4/23/2023 10:31:00 PM,-11.83
10441,4/23/2023 10:31:00 PM,-11.77
10441,4/23/2023 10:32:00 PM,-11.83
10441,4/23/2023 10:32:00 PM,-11.77
10441,4/23/2023 10:32:00 PM,-11.83
10441,4/23/2023 10:32:00 PM,-11.77
10441,4/23/2023 10:32:00 PM,-11.83
10441,4/23/2023 10:32:00 PM,-11.77
10441,4/23/2023 10:32:00 PM,-11.83
10441,4/23/2023 10:32:00 PM,-11.89
10441,4/23/2023 10:33:00 PM,-11.83
10441,4/23/2023 10:33:00 PM,-11.77
10441,4/23/2023 10:33:00 PM,-11.83
10441,4/23/2023 10:33:00 PM,-11.89
10441,4/23/2023 10:33:00 PM,-11.53
10441,4/23/2023 10:33:00 PM,-11.83
10441,4/23/2023 10:33:00 PM,-11.89
10441,4/23/2023 10:33:00 PM,-11.95
10441,4/23/2023 10:33:00 PM,-11.71
10441,4/23/2023 10:33:00 PM,-12.13
10441,4/23/2023 10:34:00 PM,-12.07
10441,4/23/2023 10:34:00 PM,-12.19
10441,4/23/2023 10:34:00 PM,-11.95
10441,4/23/2023 10:34:00 PM,-12.01
10441,4/23/2023 10:34:00 PM,-11.89
10441,4/23/2023 10:34:00 PM,-11.83
10441,4/23/2023 10:34:00 PM,-11.89
10441,4/23/2023 10:34:00 PM,-11.95
10441,4/23/2023 10:34:00 PM,-12.01
10441,4/23/2023 10:34:00 PM,-12.07
10441,4/23/2023 10:34:00 PM,-12.13
10441,4/23/2023 10:35:00 PM,-12.19
10441,4/23/2023 10:35:00 PM,-12.01
10441,4/23/2023 10:35:00 PM,-12.19
10441,4/23/2023 10:35:00 PM,-11.95
10441,4/23/2023 10:35:00 PM,-11.83
10441,4/23/2023 10:35:00 PM,-11.71
10441,4/23/2023 10:35:00 PM,-11.65
10441,4/23/2023 10:35:00 PM,-11.47
10441,4/23/2023 10:36:00 PM,-11.35
10441,4/23/2023 10:36:00 PM,-11.41
10441,4/23/2023 10:36:00 PM,-11.29
10441,4/23/2023 10:36:00 PM,-11.17
10441,4/23/2023 10:36:00 PM,-11.23
10441,4/23/2023 10:36:00 PM,-11.17
10441,4/23/2023 10:36:00 PM,-11.23
10441,4/23/2023 10:36:00 PM,-11.29
10441,4/23/2023 10:36:00 PM,-11.23
10441,4/23/2023 10:36:00 PM,-11.17
10441,4/23/2023 10:37:00 PM,-11.35
10441,4/23/2023 10:37:00 PM,-11.41
10441,4/23/2023 10:37:00 PM,-11.29
10441,4/23/2023 10:37:00 PM,-11.53
10441,4/23/2023 10:37:00 PM,-11.29
10441,4/23/2023 10:37:00 PM,-11.41
10441,4/23/2023 10:37:00 PM,-11.23
10441,4/23/2023 10:37:00 PM,-11.29
10441,4/23/2023 10:37:00 PM,-11.35
10441,4/23/2023 10:37:00 PM,-11.29
10441,4/23/2023 10:37:00 PM,-11.23
10441,4/23/2023 10:37:00 PM,-11.35
10441,4/23/2023 10:37:00 PM,-11.23
10441,4/23/2023 10:38:00 PM,-11.47
10441,4/23/2023 10:38:00 PM,-11.53
10441,4/23/2023 10:38:00 PM,-11.65
10441,4/23/2023 10:38:00 PM,-11.95
10441,4/23/2023 10:38:00 PM,-12.01
10441,4/23/2023 10:38:00 PM,-12.07
10441,4/23/2023 10:38:00 PM,-12.31
10441,4/23/2023 10:38:00 PM,-12.25
10441,4/23/2023 10:38:00 PM,-12.19
10441,4/23/2023 10:38:00 PM,-12.31
10441,4/23/2023 10:38:00 PM,-12.13
10441,4/23/2023 10:39:00 PM,-12.61
10441,4/23/2023 10:39:00 PM,-12.67
10441,4/23/2023 10:39:00 PM,-12.31
10441,4/23/2023 10:39:00 PM,-12.55
10441,4/23/2023 10:39:00 PM,-12.49
10441,4/23/2023 10:39:00 PM,-12.43
10441,4/23/2023 10:39:00 PM,-12.49
10441,4/23/2023 10:39:00 PM,-12.55
10441,4/23/2023 10:39:00 PM,-12.25
10441,4/23/2023 10:39:00 PM,-12.13
10441,4/23/2023 10:39:00 PM,-12.25
10441,4/23/2023 10:39:00 PM,-12.31
10441,4/23/2023 10:39:00 PM,-12.25
10441,4/23/2023 10:40:00 PM,-12.61
10441,4/23/2023 10:40:00 PM,-12.49
10441,4/23/2023 10:40:00 PM,-12.67
10441,4/23/2023 10:40:00 PM,-12.61
10441,4/23/2023 10:40:00 PM,-12.67
10441,4/23/2023 10:40:00 PM,-12.79
10441,4/23/2023 10:40:00 PM,-12.73
10441,4/23/2023 10:40:00 PM,-12.67
10441,4/23/2023 10:40:00 PM,-12.85
10441,4/23/2023 10:40:00 PM,-12.97
10441,4/23/2023 10:40:00 PM,-12.91
10441,4/23/2023 10:40:00 PM,-12.97
10441,4/23/2023 10:41:00 PM,-13.03
10441,4/23/2023 10:41:00 PM,-12.97
10441,4/23/2023 10:41:00 PM,-13.03
10441,4/23/2023 10:41:00 PM,-12.91
10441,4/23/2023 10:41:00 PM,-13.09
10441,4/23/2023 10:41:00 PM,-13.03
10441,4/23/2023 10:42:00 PM,-12.97
10441,4/23/2023 10:42:00 PM,-12.91
10441,4/23/2023 10:42:00 PM,-12.97
10441,4/23/2023 10:42:00 PM,-13.09
10441,4/23/2023 10:42:00 PM,-13.15
10441,4/23/2023 10:42:00 PM,-13.09
10441,4/23/2023 10:42:00 PM,-13.15
10441,4/23/2023 10:42:00 PM,-13.09
10441,4/23/2023 10:42:00 PM,-13.15
10441,4/23/2023 10:42:00 PM,-13.09
10441,4/23/2023 10:43:00 PM,-13.03
10441,4/23/2023 10:43:00 PM,-12.97
10441,4/23/2023 10:43:00 PM,-12.97
10441,4/23/2023 10:43:00 PM,-13.03
10441,4/23/2023 10:43:00 PM,-13.09
10441,4/23/2023 10:43:00 PM,-13.15
10441,4/23/2023 10:43:00 PM,-13.21
10441,4/23/2023 10:43:00 PM,-13.15
10441,4/23/2023 10:43:00 PM,-13.27
10441,4/23/2023 10:43:00 PM,-13.21
10441,4/23/2023 10:43:00 PM,-13.15
10441,4/23/2023 10:43:00 PM,-13.09
10441,4/23/2023 10:44:00 PM,-12.85
10441,4/23/2023 10:44:00 PM,-12.91
10441,4/23/2023 10:44:00 PM,-12.97
10441,4/23/2023 10:44:00 PM,-12.61
10441,4/23/2023 10:44:00 PM,-13.21
10441,4/23/2023 10:44:00 PM,-12.43
10441,4/23/2023 10:44:00 PM,-12.79
10441,4/23/2023 10:44:00 PM,-12.73
10441,4/23/2023 10:44:00 PM,-12.91
10441,4/23/2023 10:44:00 PM,-12.67
10441,4/23/2023 10:44:00 PM,-12.49
10441,4/23/2023 10:44:00 PM,-12.85
10441,4/23/2023 10:45:00 PM,-12.19
10441,4/23/2023 10:45:00 PM,-12.07
10441,4/23/2023 10:45:00 PM,-11.95
10441,4/23/2023 10:45:00 PM,-11.89
10441,4/23/2023 10:45:00 PM,-12.61
10441,4/23/2023 10:45:00 PM,-12.55
10441,4/23/2023 10:45:00 PM,-12.43
10441,4/23/2023 10:45:00 PM,-12.37
10441,4/23/2023 10:45:00 PM,-12.31
10441,4/23/2023 10:45:00 PM,-12.25
10441,4/23/2023 10:46:00 PM,-11.77
10441,4/23/2023 10:46:00 PM,-11.71
10441,4/23/2023 10:46:00 PM,-11.65
10441,4/23/2023 10:46:00 PM,-11.47
10441,4/23/2023 10:46:00 PM,-11.35
10441,4/23/2023 10:46:00 PM,-11.29
10441,4/23/2023 10:46:00 PM,-11.23
10441,4/23/2023 10:46:00 PM,-11.17
10441,4/23/2023 10:46:00 PM,-11.23
10441,4/23/2023 10:47:00 PM,-11.11
10441,4/23/2023 10:47:00 PM,-10.99
10441,4/23/2023 10:47:00 PM,-11.17
10441,4/23/2023 10:47:00 PM,-11.05
10441,4/23/2023 10:47:00 PM,-11.11
10441,4/23/2023 10:47:00 PM,-10.81
10441,4/23/2023 10:47:00 PM,-11.17
10441,4/23/2023 10:47:00 PM,-10.87
10441,4/23/2023 10:47:00 PM,-10.63
10441,4/23/2023 10:47:00 PM,-11.11
10441,4/23/2023 10:47:00 PM,-10.87
10441,4/23/2023 10:47:00 PM,-10.81
10441,4/23/2023 10:48:00 PM,-10.75
10441,4/23/2023 10:48:00 PM,-10.69
10441,4/23/2023 10:48:00 PM,-10.63
10441,4/23/2023 10:48:00 PM,-10.57
10441,4/23/2023 10:48:00 PM,-10.51
10441,4/23/2023 10:48:00 PM,-10.63
10441,4/23/2023 10:49:00 PM,-9.92
10441,4/23/2023 10:49:00 PM,-10.28
10441,4/23/2023 10:49:00 PM,-10.40
10441,4/23/2023 10:49:00 PM,-10.34
10441,4/23/2023 10:49:00 PM,-10.22
10441,4/23/2023 10:49:00 PM,-10.16
10441,4/23/2023 10:49:00 PM,-10.10
10441,4/23/2023 10:49:00 PM,-10.81
10441,4/23/2023 10:49:00 PM,-10.34
10441,4/23/2023 10:49:00 PM,-10.45
10441,4/23/2023 10:49:00 PM,-10.40
10441,4/23/2023 10:50:00 PM,-9.86
10441,4/23/2023 10:50:00 PM,-9.68
10441,4/23/2023 10:50:00 PM,-9.74
10441,4/23/2023 10:50:00 PM,-9.56
10441,4/23/2023 10:50:00 PM,-9.62
10441,4/23/2023 10:50:00 PM,-9.56
10441,4/23/2023 10:50:00 PM,-9.50
10441,4/23/2023 10:50:00 PM,-9.44
10441,4/23/2023 10:51:00 PM,-9.02
10441,4/23/2023 10:51:00 PM,-9.26
10441,4/23/2023 10:51:00 PM,-9.14
10441,4/23/2023 10:51:00 PM,-9.50
10441,4/23/2023 10:51:00 PM,-9.56
10441,4/23/2023 10:51:00 PM,-9.32
10441,4/23/2023 10:51:00 PM,-9.26
10441,4/23/2023 10:51:00 PM,-9.20
10441,4/23/2023 10:51:00 PM,-9.08
10441,4/23/2023 10:52:00 PM,-9.20
10441,4/23/2023 10:52:00 PM,-9.08
10441,4/23/2023 10:52:00 PM,-9.14
10441,4/23/2023 10:52:00 PM,-9.08
10441,4/23/2023 10:52:00 PM,-9.02
10441,4/23/2023 10:52:00 PM,-8.84
10441,4/23/2023 10:52:00 PM,-8.90
10441,4/23/2023 10:52:00 PM,-8.72
10441,4/23/2023 10:52:00 PM,-8.60
10441,4/23/2023 10:52:00 PM,-8.66
10441,4/23/2023 10:53:00 PM,-8.78
10441,4/23/2023 10:53:00 PM,-8.66
10441,4/23/2023 10:53:00 PM,-8.60
10441,4/23/2023 10:53:00 PM,-8.66
10441,4/23/2023 10:53:00 PM,-8.72
10441,4/23/2023 10:53:00 PM,-8.66
10441,4/23/2023 10:53:00 PM,-8.72
10441,4/23/2023 10:53:00 PM,-8.66
10441,4/23/2023 10:53:00 PM,-8.60
10441,4/23/2023 10:53:00 PM,-8.54
10441,4/23/2023 10:53:00 PM,-8.42
10441,4/23/2023 10:53:00 PM,-8.60
10441,4/23/2023 10:54:00 PM,-8.54
10441,4/23/2023 10:54:00 PM,-8.60
10441,4/23/2023 10:54:00 PM,-8.66
10441,4/23/2023 10:54:00 PM,-8.60
10441,4/23/2023 10:54:00 PM,-8.66
10441,4/23/2023 10:54:00 PM,-8.60
10441,4/23/2023 10:54:00 PM,-8.54
10441,4/23/2023 10:55:00 PM,-8.60
10441,4/23/2023 10:55:00 PM,-8.48
10441,4/23/2023 10:55:00 PM,-8.42
10441,4/23/2023 10:55:00 PM,-8.48
10441,4/23/2023 10:55:00 PM,-8.42
10441,4/23/2023 10:56:00 PM,-8.30
10441,4/23/2023 10:56:00 PM,-8.24
10441,4/23/2023 10:56:00 PM,-8.30
10441,4/23/2023 10:56:00 PM,-8.36
10441,4/23/2023 10:56:00 PM,-8.42
10441,4/23/2023 10:56:00 PM,-8.36
10441,4/23/2023 10:57:00 PM,-8.30
10441,4/23/2023 10:57:00 PM,-8.24
10441,4/23/2023 10:57:00 PM,-8.30
10441,4/23/2023 10:58:00 PM,-8.42
10441,4/23/2023 10:58:00 PM,-8.60
10441,4/23/2023 10:58:00 PM,-8.72
10441,4/23/2023 10:58:00 PM,-8.48
10441,4/23/2023 10:58:00 PM,-8.36
10441,4/23/2023 10:59:00 PM,-8.84
10441,4/23/2023 10:59:00 PM,-8.90
10441,4/23/2023 10:59:00 PM,-8.96
10441,4/23/2023 10:59:00 PM,-8.90
10441,4/23/2023 11:00:00 PM,-8.84
10441,4/23/2023 11:00:00 PM,-8.90
10441,4/23/2023 11:00:00 PM,-8.78
10441,4/23/2023 11:00:00 PM,-8.96
10441,4/23/2023 11:00:00 PM,-8.84
10441,4/23/2023 11:00:00 PM,-8.72
10441,4/23/2023 11:00:00 PM,-8.84
10441,4/23/2023 11:01:00 PM,-8.90
10441,4/23/2023 11:01:00 PM,-9.02
10441,4/23/2023 11:01:00 PM,-8.96
10441,4/23/2023 11:01:00 PM,-9.02
10441,4/23/2023 11:01:00 PM,-8.84
10441,4/23/2023 11:01:00 PM,-8.90
10441,4/23/2023 11:01:00 PM,-9.44
10441,4/23/2023 11:01:00 PM,-9.20
10441,4/23/2023 11:01:00 PM,-8.78
10441,4/23/2023 11:01:00 PM,-8.72
10441,4/23/2023 11:01:00 PM,-9.02
10441,4/23/2023 11:01:00 PM,-8.96
10441,4/23/2023 11:01:00 PM,-9.02
10441,4/23/2023 11:01:00 PM,-9.08
10441,4/23/2023 11:02:00 PM,-9.14
10441,4/23/2023 11:02:00 PM,-9.26
10441,4/23/2023 11:02:00 PM,-9.20
10441,4/23/2023 11:02:00 PM,-9.14
10441,4/23/2023 11:02:00 PM,-9.08
10441,4/23/2023 11:02:00 PM,-8.96
10441,4/23/2023 11:02:00 PM,-9.20
10441,4/23/2023 11:02:00 PM,-9.74
10441,4/23/2023 11:02:00 PM,-9.14
10441,4/23/2023 11:02:00 PM,-9.32
10441,4/23/2023 11:02:00 PM,-9.20
10441,4/23/2023 11:02:00 PM,-9.26
10441,4/23/2023 11:02:00 PM,-9.50
10441,4/23/2023 11:03:00 PM,-9.14
10441,4/23/2023 11:03:00 PM,-9.32
10441,4/23/2023 11:03:00 PM,-9.02
10441,4/23/2023 11:03:00 PM,-9.50
10441,4/23/2023 11:03:00 PM,-9.26
10441,4/23/2023 11:03:00 PM,-9.68
10441,4/23/2023 11:03:00 PM,-8.54
10441,4/23/2023 11:03:00 PM,-9.86
10441,4/23/2023 11:03:00 PM,-9.98
10441,4/23/2023 11:03:00 PM,-9.80
10441,4/23/2023 11:03:00 PM,-9.98
10441,4/23/2023 11:03:00 PM,-8.48
10441,4/23/2023 11:03:00 PM,-9.26
10441,4/23/2023 11:03:00 PM,-10.45
10441,4/23/2023 11:03:00 PM,-9.14
10441,4/23/2023 11:04:00 PM,-9.32
10441,4/23/2023 11:04:00 PM,-9.14
10441,4/23/2023 11:04:00 PM,-9.26
10441,4/23/2023 11:04:00 PM,-9.38
10441,4/23/2023 11:04:00 PM,-9.44
10441,4/23/2023 11:04:00 PM,-9.32
10441,4/23/2023 11:04:00 PM,-9.38
10441,4/23/2023 11:04:00 PM,-9.62
10441,4/23/2023 11:04:00 PM,-9.14
10441,4/23/2023 11:04:00 PM,-8.90
10441,4/23/2023 11:04:00 PM,-9.32
10441,4/23/2023 11:04:00 PM,-9.44
10441,4/23/2023 11:05:00 PM,-9.56
10441,4/23/2023 11:05:00 PM,-9.50
10441,4/23/2023 11:05:00 PM,-9.44
10441,4/23/2023 11:05:00 PM,-9.38
10441,4/23/2023 11:05:00 PM,-9.44
10441,4/23/2023 11:06:00 PM,-9.50
10441,4/23/2023 11:06:00 PM,-9.56
10441,4/23/2023 11:06:00 PM,-9.44
10441,4/23/2023 11:06:00 PM,-9.38
10441,4/23/2023 11:07:00 PM,-9.44
10441,4/23/2023 11:07:00 PM,-9.50
10441,4/23/2023 11:07:00 PM,-9.56
10441,4/23/2023 11:07:00 PM,-9.62
10441,4/23/2023 11:07:00 PM,-9.68
10441,4/23/2023 11:07:00 PM,-9.74
10441,4/23/2023 11:08:00 PM,-9.80
10441,4/23/2023 11:08:00 PM,-9.74
10441,4/23/2023 11:08:00 PM,-9.68
10441,4/23/2023 11:08:00 PM,-9.80
10441,4/23/2023 11:08:00 PM,-9.74
10441,4/23/2023 11:08:00 PM,-9.68
10441,4/23/2023 11:08:00 PM,-9.62
10441,4/23/2023 11:09:00 PM,-9.56
10441,4/23/2023 11:09:00 PM,-9.50
10441,4/23/2023 11:10:00 PM,-9.62
10441,4/23/2023 11:10:00 PM,-9.56
10441,4/23/2023 11:10:00 PM,-9.62
10441,4/23/2023 11:10:00 PM,-9.68
10441,4/23/2023 11:10:00 PM,-9.74
10441,4/23/2023 11:11:00 PM,-9.68
10441,4/23/2023 11:11:00 PM,-9.62
10441,4/23/2023 11:12:00 PM,-9.50
10441,4/23/2023 11:12:00 PM,-9.44
10441,4/23/2023 11:12:00 PM,-9.50
10441,4/23/2023 11:13:00 PM,-10.04
10441,4/23/2023 11:13:00 PM,-9.56
10441,4/23/2023 11:13:00 PM,-9.68
10441,4/23/2023 11:13:00 PM,-9.74
10441,4/23/2023 11:13:00 PM,-9.80
10441,4/23/2023 11:13:00 PM,-10.04
10441,4/23/2023 11:13:00 PM,-10.10
10441,4/23/2023 11:13:00 PM,-9.44
10441,4/23/2023 11:14:00 PM,-10.51
10441,4/23/2023 11:14:00 PM,-10.40
10441,4/23/2023 11:14:00 PM,-10.51
10441,4/23/2023 11:14:00 PM,-10.63
10441,4/23/2023 11:14:00 PM,-10.75
10441,4/23/2023 11:14:00 PM,-10.10
10441,4/23/2023 11:14:00 PM,-10.16
10441,4/23/2023 11:14:00 PM,-10.22
10441,4/23/2023 11:14:00 PM,-10.34
10441,4/23/2023 11:14:00 PM,-10.28
10441,4/23/2023 11:14:00 PM,-10.45
10441,4/23/2023 11:15:00 PM,-10.69
10441,4/23/2023 11:15:00 PM,-10.75
10441,4/23/2023 11:15:00 PM,-10.69
10441,4/23/2023 11:15:00 PM,-10.87
10441,4/23/2023 11:15:00 PM,-10.69
10441,4/23/2023 11:15:00 PM,-10.93
10441,4/23/2023 11:15:00 PM,-10.75
10441,4/23/2023 11:15:00 PM,-10.81
10441,4/23/2023 11:15:00 PM,-10.87
10441,4/23/2023 11:15:00 PM,-10.81
10441,4/23/2023 11:15:00 PM,-10.75
10441,4/23/2023 11:15:00 PM,-10.93
10441,4/23/2023 11:16:00 PM,-11.23
10441,4/23/2023 11:16:00 PM,-11.11
10441,4/23/2023 11:16:00 PM,-11.23
10441,4/23/2023 11:16:00 PM,-11.11
10441,4/23/2023 11:16:00 PM,-11.23
10441,4/23/2023 11:16:00 PM,-10.87
10441,4/23/2023 11:16:00 PM,-10.93
10441,4/23/2023 11:16:00 PM,-10.99
10441,4/23/2023 11:16:00 PM,-10.93
10441,4/23/2023 11:16:00 PM,-10.99
10441,4/23/2023 11:16:00 PM,-10.93
10441,4/23/2023 11:17:00 PM,-11.89
10441,4/23/2023 11:17:00 PM,-11.77
10441,4/23/2023 11:17:00 PM,-11.89
10441,4/23/2023 11:17:00 PM,-12.13
10441,4/23/2023 11:17:00 PM,-12.01
10441,4/23/2023 11:17:00 PM,-11.35
10441,4/23/2023 11:17:00 PM,-11.53
10441,4/23/2023 11:17:00 PM,-11.77
10441,4/23/2023 11:17:00 PM,-11.71
10441,4/23/2023 11:17:00 PM,-11.89
10441,4/23/2023 11:17:00 PM,-11.83
10441,4/23/2023 11:18:00 PM,-12.13
10441,4/23/2023 11:18:00 PM,-12.19
10441,4/23/2023 11:18:00 PM,-12.25
10441,4/23/2023 11:18:00 PM,-12.31
10441,4/23/2023 11:18:00 PM,-12.37
10441,4/23/2023 11:18:00 PM,-12.61
10441,4/23/2023 11:18:00 PM,-12.07
10441,4/23/2023 11:18:00 PM,-12.19
10441,4/23/2023 11:18:00 PM,-12.13
10441,4/23/2023 11:18:00 PM,-12.07
10441,4/23/2023 11:19:00 PM,-12.61
10441,4/23/2023 11:19:00 PM,-12.55
10441,4/23/2023 11:19:00 PM,-12.55
10441,4/23/2023 11:19:00 PM,-12.49
10441,4/23/2023 11:19:00 PM,-12.43
10441,4/23/2023 11:19:00 PM,-12.55
10441,4/23/2023 11:19:00 PM,-12.67
10441,4/23/2023 11:19:00 PM,-12.61
10441,4/23/2023 11:19:00 PM,-12.73
10441,4/23/2023 11:19:00 PM,-12.67
10441,4/23/2023 11:19:00 PM,-12.55
10441,4/23/2023 11:19:00 PM,-12.67
10441,4/23/2023 11:19:00 PM,-12.61
10441,4/23/2023 11:19:00 PM,-12.49
10441,4/23/2023 11:20:00 PM,-12.91
10441,4/23/2023 11:20:00 PM,-12.67
10441,4/23/2023 11:20:00 PM,-12.97
10441,4/23/2023 11:20:00 PM,-12.85
10441,4/23/2023 11:20:00 PM,-12.97
10441,4/23/2023 11:20:00 PM,-12.67
10441,4/23/2023 11:20:00 PM,-12.37
10441,4/23/2023 11:20:00 PM,-12.67
10441,4/23/2023 11:20:00 PM,-12.79
10441,4/23/2023 11:20:00 PM,-12.49
10441,4/23/2023 11:20:00 PM,-12.61
10441,4/23/2023 11:20:00 PM,-12.67
10441,4/23/2023 11:21:00 PM,-12.85
10441,4/23/2023 11:21:00 PM,-13.03
10441,4/23/2023 11:21:00 PM,-12.97
10441,4/23/2023 11:21:00 PM,-13.09
10441,4/23/2023 11:21:00 PM,-13.15
10441,4/23/2023 11:21:00 PM,-13.03
10441,4/23/2023 11:21:00 PM,-13.09
10441,4/23/2023 11:21:00 PM,-13.21
10441,4/23/2023 11:21:00 PM,-13.15
10441,4/23/2023 11:22:00 PM,-13.21
10441,4/23/2023 11:22:00 PM,-13.39
10441,4/23/2023 11:22:00 PM,-13.44
10441,4/23/2023 11:22:00 PM,-13.68
10441,4/23/2023 11:22:00 PM,-13.50
10441,4/23/2023 11:22:00 PM,-13.56
10441,4/23/2023 11:22:00 PM,-13.33
10441,4/23/2023 11:22:00 PM,-13.56
10441,4/23/2023 11:22:00 PM,-13.50
10441,4/23/2023 11:22:00 PM,-13.62
10441,4/23/2023 11:22:00 PM,-13.74
10441,4/23/2023 11:22:00 PM,-13.44
10441,4/23/2023 11:23:00 PM,-13.50
10441,4/23/2023 11:23:00 PM,-13.39
10441,4/23/2023 11:23:00 PM,-13.33
10441,4/23/2023 11:23:00 PM,-13.56
10441,4/23/2023 11:23:00 PM,-13.44
10441,4/23/2023 11:23:00 PM,-13.39
10441,4/23/2023 11:23:00 PM,-13.33
10441,4/23/2023 11:23:00 PM,-13.27
10441,4/23/2023 11:23:00 PM,-13.39
10441,4/23/2023 11:23:00 PM,-13.27
10441,4/23/2023 11:23:00 PM,-13.39
10441,4/23/2023 11:23:00 PM,-13.27
10441,4/23/2023 11:24:00 PM,-13.15
10441,4/23/2023 11:24:00 PM,-13.33
10441,4/23/2023 11:24:00 PM,-13.21
10441,4/23/2023 11:24:00 PM,-13.09
10441,4/23/2023 11:24:00 PM,-13.21
10441,4/23/2023 11:24:00 PM,-13.09
10441,4/23/2023 11:24:00 PM,-13.21
10441,4/23/2023 11:24:00 PM,-13.15
10441,4/23/2023 11:24:00 PM,-13.09
10441,4/23/2023 11:24:00 PM,-13.03
10441,4/23/2023 11:24:00 PM,-12.97
10441,4/23/2023 11:25:00 PM,-13.03
10441,4/23/2023 11:25:00 PM,-12.97
10441,4/23/2023 11:25:00 PM,-12.91
10441,4/23/2023 11:25:00 PM,-12.79
10441,4/23/2023 11:25:00 PM,-12.73
10441,4/23/2023 11:25:00 PM,-12.61
10441,4/23/2023 11:26:00 PM,-12.49
10441,4/23/2023 11:26:00 PM,-12.43
10441,4/23/2023 11:26:00 PM,-12.37
10441,4/23/2023 11:26:00 PM,-12.31
10441,4/23/2023 11:27:00 PM,-12.25
10441,4/23/2023 11:28:00 PM,-12.19
10441,4/23/2023 11:28:00 PM,-12.13
10441,4/23/2023 11:28:00 PM,-12.07
10441,4/23/2023 11:28:00 PM,-12.01
10441,4/23/2023 11:28:00 PM,-11.95
10441,4/23/2023 11:28:00 PM,-11.89
10441,4/23/2023 11:29:00 PM,-11.95
10441,4/23/2023 11:29:00 PM,-12.01
10441,4/23/2023 11:29:00 PM,-12.07
10441,4/23/2023 11:29:00 PM,-12.13
10441,4/23/2023 11:29:00 PM,-12.19
10441,4/23/2023 11:29:00 PM,-12.13
10441,4/23/2023 11:30:00 PM,-12.01
10441,4/23/2023 11:30:00 PM,-11.95
10441,4/23/2023 11:30:00 PM,-11.83
10441,4/23/2023 11:30:00 PM,-11.77
10441,4/23/2023 11:30:00 PM,-11.71
10441,4/23/2023 11:30:00 PM,-11.59
10441,4/23/2023 11:30:00 PM,-11.53
10441,4/23/2023 11:30:00 PM,-11.65
10441,4/23/2023 11:30:00 PM,-11.77
10441,4/23/2023 11:30:00 PM,-11.83
10441,4/23/2023 11:31:00 PM,-11.95
10441,4/23/2023 11:31:00 PM,-12.01
10441,4/23/2023 11:31:00 PM,-12.07
10441,4/23/2023 11:31:00 PM,-11.95
10441,4/23/2023 11:31:00 PM,-11.89
10441,4/23/2023 11:31:00 PM,-11.71
10441,4/23/2023 11:31:00 PM,-11.65
10441,4/23/2023 11:31:00 PM,-11.47
10441,4/23/2023 11:31:00 PM,-11.41
10441,4/23/2023 11:31:00 PM,-11.35
10441,4/23/2023 11:32:00 PM,-11.53
10441,4/23/2023 11:32:00 PM,-11.71
10441,4/23/2023 11:32:00 PM,-11.77
10441,4/23/2023 11:32:00 PM,-11.95
10441,4/23/2023 11:32:00 PM,-12.01
10441,4/23/2023 11:32:00 PM,-11.95
10441,4/23/2023 11:32:00 PM,-11.83
10441,4/23/2023 11:33:00 PM,-11.77
10441,4/23/2023 11:33:00 PM,-11.71
10441,4/23/2023 11:33:00 PM,-11.65
10441,4/23/2023 11:33:00 PM,-11.71
10441,4/23/2023 11:33:00 PM,-11.65
10441,4/23/2023 11:33:00 PM,-11.59
10441,4/23/2023 11:33:00 PM,-11.47
10441,4/23/2023 11:34:00 PM,-11.65
10441,4/23/2023 11:34:00 PM,-11.59
10441,4/23/2023 11:34:00 PM,-11.53
10441,4/23/2023 11:34:00 PM,-11.47
10441,4/23/2023 11:34:00 PM,-11.35
10441,4/23/2023 11:34:00 PM,-11.17
10441,4/23/2023 11:34:00 PM,-11.23
10441,4/23/2023 11:34:00 PM,-11.47
10441,4/23/2023 11:34:00 PM,-11.35
10441,4/23/2023 11:34:00 PM,-11.29
10441,4/23/2023 11:34:00 PM,-11.47
10441,4/23/2023 11:34:00 PM,-11.41
10441,4/23/2023 11:35:00 PM,-11.17
10441,4/23/2023 11:35:00 PM,-11.11
10441,4/23/2023 11:35:00 PM,-11.17
10441,4/23/2023 11:35:00 PM,-11.11
10441,4/23/2023 11:35:00 PM,-11.17
10441,4/23/2023 11:35:00 PM,-11.05
10441,4/23/2023 11:35:00 PM,-11.23
10441,4/23/2023 11:35:00 PM,-11.11
10441,4/23/2023 11:35:00 PM,-11.35
10441,4/23/2023 11:35:00 PM,-11.11
10441,4/23/2023 11:35:00 PM,-11.23
10441,4/23/2023 11:36:00 PM,-11.17
10441,4/23/2023 11:36:00 PM,-11.05
10441,4/23/2023 11:36:00 PM,-10.87
10441,4/23/2023 11:36:00 PM,-11.05
10441,4/23/2023 11:36:00 PM,-11.17
10441,4/23/2023 11:36:00 PM,-10.93
10441,4/23/2023 11:36:00 PM,-10.87
10441,4/23/2023 11:36:00 PM,-11.05
10441,4/23/2023 11:36:00 PM,-11.11
10441,4/23/2023 11:36:00 PM,-11.05
10441,4/23/2023 11:37:00 PM,-10.99
10441,4/23/2023 11:37:00 PM,-10.93
10441,4/23/2023 11:37:00 PM,-10.87
10441,4/23/2023 11:37:00 PM,-10.69
10441,4/23/2023 11:37:00 PM,-10.93
10441,4/23/2023 11:37:00 PM,-10.99
10441,4/23/2023 11:37:00 PM,-10.87
10441,4/23/2023 11:37:00 PM,-11.17
10441,4/23/2023 11:37:00 PM,-10.81
10441,4/23/2023 11:37:00 PM,-10.93
10441,4/23/2023 11:38:00 PM,-10.63
10441,4/23/2023 11:38:00 PM,-10.57
10441,4/23/2023 11:38:00 PM,-10.51
10441,4/23/2023 11:38:00 PM,-10.45
10441,4/23/2023 11:38:00 PM,-10.51
10441,4/23/2023 11:38:00 PM,-10.40
10441,4/23/2023 11:38:00 PM,-10.22
10441,4/23/2023 11:38:00 PM,-10.40
10441,4/23/2023 11:39:00 PM,-10.34
10441,4/23/2023 11:39:00 PM,-10.45
10441,4/23/2023 11:39:00 PM,-10.40
10441,4/23/2023 11:39:00 PM,-10.34
10441,4/23/2023 11:40:00 PM,-10.22
10441,4/23/2023 11:40:00 PM,-10.28
10441,4/23/2023 11:40:00 PM,-10.34
10441,4/23/2023 11:40:00 PM,-10.45
10441,4/23/2023 11:40:00 PM,-10.34
10441,4/23/2023 11:40:00 PM,-10.45
10441,4/23/2023 11:40:00 PM,-10.28
10441,4/23/2023 11:40:00 PM,-10.16
10441,4/23/2023 11:40:00 PM,-10.28
10441,4/23/2023 11:41:00 PM,-10.45
10441,4/23/2023 11:41:00 PM,-10.57
10441,4/23/2023 11:41:00 PM,-10.45
10441,4/23/2023 11:41:00 PM,-10.81
10441,4/23/2023 11:41:00 PM,-10.45
10441,4/23/2023 11:41:00 PM,-10.51
10441,4/23/2023 11:41:00 PM,-10.40
10441,4/23/2023 11:42:00 PM,-10.63
10441,4/23/2023 11:42:00 PM,-10.87
10441,4/23/2023 11:42:00 PM,-10.10
10441,4/23/2023 11:42:00 PM,-10.63
10441,4/23/2023 11:42:00 PM,-10.45
10441,4/23/2023 11:42:00 PM,-10.63
10441,4/23/2023 11:42:00 PM,-10.51
10441,4/23/2023 11:42:00 PM,-10.45
10441,4/23/2023 11:42:00 PM,-10.40
10441,4/23/2023 11:42:00 PM,-10.45
10441,4/23/2023 11:42:00 PM,-10.34
10441,4/23/2023 11:42:00 PM,-10.22
10441,4/23/2023 11:43:00 PM,-9.92
10441,4/23/2023 11:43:00 PM,-9.80
10441,4/23/2023 11:43:00 PM,-9.98
10441,4/23/2023 11:43:00 PM,-10.16
10441,4/23/2023 11:43:00 PM,-10.10
10441,4/23/2023 11:43:00 PM,-10.04
10441,4/23/2023 11:43:00 PM,-9.98
10441,4/23/2023 11:43:00 PM,-9.92
10441,4/23/2023 11:43:00 PM,-9.80
10441,4/23/2023 11:44:00 PM,-10.28
10441,4/23/2023 11:44:00 PM,-10.34
10441,4/23/2023 11:44:00 PM,-10.28
10441,4/23/2023 11:44:00 PM,-10.34
10441,4/23/2023 11:44:00 PM,-10.45
10441,4/23/2023 11:44:00 PM,-9.92
10441,4/23/2023 11:44:00 PM,-10.16
10441,4/23/2023 11:44:00 PM,-10.04
10441,4/23/2023 11:44:00 PM,-10.51
10441,4/23/2023 11:44:00 PM,-10.10
10441,4/23/2023 11:44:00 PM,-10.34
10441,4/23/2023 11:44:00 PM,-10.22
10441,4/23/2023 11:45:00 PM,-10.40
10441,4/23/2023 11:45:00 PM,-10.45
10441,4/23/2023 11:45:00 PM,-10.69
10441,4/23/2023 11:45:00 PM,-10.81
10441,4/23/2023 11:45:00 PM,-10.57
10441,4/23/2023 11:45:00 PM,-10.51
10441,4/23/2023 11:45:00 PM,-10.69
10441,4/23/2023 11:45:00 PM,-10.57
10441,4/23/2023 11:45:00 PM,-10.69
10441,4/23/2023 11:45:00 PM,-10.81
10441,4/23/2023 11:45:00 PM,-10.75
10441,4/23/2023 11:45:00 PM,-10.69
10441,4/23/2023 11:46:00 PM,-10.87
10441,4/23/2023 11:46:00 PM,-10.87
10441,4/23/2023 11:46:00 PM,-10.93
10441,4/23/2023 11:46:00 PM,-10.81
10441,4/23/2023 11:46:00 PM,-10.45
10441,4/23/2023 11:46:00 PM,-10.75
10441,4/23/2023 11:46:00 PM,-10.93
10441,4/23/2023 11:46:00 PM,-11.35
10441,4/23/2023 11:46:00 PM,-10.75
10441,4/23/2023 11:46:00 PM,-10.99
10441,4/23/2023 11:46:00 PM,-10.81
10441,4/23/2023 11:46:00 PM,-11.11
10441,4/23/2023 11:46:00 PM,-10.99
10441,4/23/2023 11:47:00 PM,-10.81
10441,4/23/2023 11:47:00 PM,-10.87
10441,4/23/2023 11:47:00 PM,-10.51
10441,4/23/2023 11:47:00 PM,-10.99
10441,4/23/2023 11:47:00 PM,-11.05
10441,4/23/2023 11:47:00 PM,-11.29
10441,4/23/2023 11:47:00 PM,-10.99
10441,4/23/2023 11:47:00 PM,-10.87
10441,4/23/2023 11:47:00 PM,-10.93
10441,4/23/2023 11:47:00 PM,-10.99
10441,4/23/2023 11:47:00 PM,-10.81
10441,4/23/2023 11:47:00 PM,-10.93
10441,4/23/2023 11:48:00 PM,-10.87
10441,4/23/2023 11:48:00 PM,-10.51
10441,4/23/2023 11:48:00 PM,-10.57
10441,4/23/2023 11:48:00 PM,-10.45
10441,4/23/2023 11:48:00 PM,-10.51
10441,4/23/2023 11:48:00 PM,-10.40
10441,4/23/2023 11:48:00 PM,-10.45
10441,4/23/2023 11:48:00 PM,-10.57
10441,4/23/2023 11:48:00 PM,-10.45
10441,4/23/2023 11:48:00 PM,-10.40
10441,4/23/2023 11:48:00 PM,-10.34
10441,4/23/2023 11:48:00 PM,-10.40
10441,4/23/2023 11:48:00 PM,-10.45
10441,4/23/2023 11:49:00 PM,-10.16
10441,4/23/2023 11:49:00 PM,-10.28
10441,4/23/2023 11:49:00 PM,-10.51
10441,4/23/2023 11:49:00 PM,-10.22
10441,4/23/2023 11:49:00 PM,-10.28
10441,4/23/2023 11:49:00 PM,-10.51
10441,4/23/2023 11:49:00 PM,-10.45
10441,4/23/2023 11:49:00 PM,-10.63
10441,4/23/2023 11:49:00 PM,-10.57
10441,4/23/2023 11:49:00 PM,-10.40
10441,4/23/2023 11:49:00 PM,-10.28
10441,4/23/2023 11:49:00 PM,-10.04
10441,4/23/2023 11:49:00 PM,-10.10
10441,4/23/2023 11:50:00 PM,-9.92
10441,4/23/2023 11:50:00 PM,-10.04
10441,4/23/2023 11:50:00 PM,-9.98
10441,4/23/2023 11:50:00 PM,-9.86
10441,4/23/2023 11:50:00 PM,-9.92
10441,4/23/2023 11:50:00 PM,-10.04
10441,4/23/2023 11:50:00 PM,-9.74
10441,4/23/2023 11:50:00 PM,-9.80
10441,4/23/2023 11:50:00 PM,-9.74
10441,4/23/2023 11:50:00 PM,-9.92
10441,4/23/2023 11:50:00 PM,-10.04
10441,4/23/2023 11:50:00 PM,-9.92
10441,4/23/2023 11:51:00 PM,-9.98
10441,4/23/2023 11:51:00 PM,-9.92
10441,4/23/2023 11:51:00 PM,-9.80
10441,4/23/2023 11:51:00 PM,-9.86
10441,4/23/2023 11:51:00 PM,-9.74
10441,4/23/2023 11:51:00 PM,-9.68
10441,4/23/2023 11:51:00 PM,-9.20
10441,4/23/2023 11:51:00 PM,-9.62
10441,4/23/2023 11:51:00 PM,-9.50
10441,4/23/2023 11:51:00 PM,-9.80
10441,4/23/2023 11:51:00 PM,-9.74
10441,4/23/2023 11:51:00 PM,-9.62
10441,4/23/2023 11:52:00 PM,-9.68
10441,4/23/2023 11:52:00 PM,-9.74
10441,4/23/2023 11:52:00 PM,-9.92
10441,4/23/2023 11:52:00 PM,-10.10
10441,4/23/2023 11:52:00 PM,-10.16
10441,4/23/2023 11:52:00 PM,-10.75
10441,4/23/2023 11:52:00 PM,-9.20
10441,4/23/2023 11:52:00 PM,-8.66
10441,4/23/2023 11:52:00 PM,-10.69
10441,4/23/2023 11:52:00 PM,-10.63
10441,4/23/2023 11:52:00 PM,-10.57
10441,4/23/2023 11:52:00 PM,-10.28
10441,4/23/2023 11:52:00 PM,-9.92
10441,4/23/2023 11:52:00 PM,-9.68
10441,4/23/2023 11:53:00 PM,-8.24
10441,4/23/2023 11:53:00 PM,-7.88
10441,4/23/2023 11:53:00 PM,-7.52
10441,4/23/2023 11:53:00 PM,-7.23
10441,4/23/2023 11:53:00 PM,-6.75
10441,4/23/2023 11:53:00 PM,-6.45
10441,4/23/2023 11:53:00 PM,-6.21
10441,4/23/2023 11:53:00 PM,-6.03
10441,4/23/2023 11:53:00 PM,-5.91
10441,4/23/2023 11:53:00 PM,-5.85
10441,4/23/2023 11:53:00 PM,-5.79
10441,4/23/2023 11:54:00 PM,-5.85
10441,4/23/2023 11:54:00 PM,-5.97
10441,4/23/2023 11:54:00 PM,-6.15
10441,4/23/2023 11:54:00 PM,-6.27
10441,4/23/2023 11:54:00 PM,-6.21
10441,4/23/2023 11:54:00 PM,-6.51
10441,4/23/2023 11:54:00 PM,-6.93
10441,4/23/2023 11:54:00 PM,-7.23
10441,4/23/2023 11:54:00 PM,-7.46
10441,4/23/2023 11:54:00 PM,-6.03
10441,4/23/2023 11:54:00 PM,-6.27
10441,4/23/2023 11:54:00 PM,-6.09
10441,4/23/2023 11:54:00 PM,-6.39
10441,4/23/2023 11:54:00 PM,-6.63
10441,4/23/2023 11:54:00 PM,-7.11
10441,4/23/2023 11:55:00 PM,-7.70
10441,4/23/2023 11:55:00 PM,-8.00
10441,4/23/2023 11:55:00 PM,-8.18
10441,4/23/2023 11:55:00 PM,-8.42
10441,4/23/2023 11:55:00 PM,-8.48
10441,4/23/2023 11:55:00 PM,-8.60
10441,4/23/2023 11:55:00 PM,-9.56
10441,4/23/2023 11:55:00 PM,-8.84
10441,4/23/2023 11:55:00 PM,-9.32
10441,4/23/2023 11:55:00 PM,-9.44
10441,4/23/2023 11:55:00 PM,-9.62
10441,4/23/2023 11:55:00 PM,-9.56
10441,4/23/2023 11:55:00 PM,-9.50
10441,4/23/2023 11:56:00 PM,-9.62
10441,4/23/2023 11:56:00 PM,-9.56
10441,4/23/2023 11:56:00 PM,-9.74
10441,4/23/2023 11:56:00 PM,-9.92
10441,4/23/2023 11:56:00 PM,-9.98
10441,4/23/2023 11:56:00 PM,-10.16
10441,4/23/2023 11:56:00 PM,-10.57
10441,4/23/2023 11:56:00 PM,-10.63
10441,4/23/2023 11:56:00 PM,-10.81
10441,4/23/2023 11:56:00 PM,-11.17
10441,4/23/2023 11:56:00 PM,-11.23
10441,4/23/2023 11:56:00 PM,-11.35
10441,4/23/2023 11:57:00 PM,-12.79
10441,4/23/2023 11:57:00 PM,-13.27
10441,4/23/2023 11:57:00 PM,-12.25
10441,4/23/2023 11:57:00 PM,-12.19
10441,4/23/2023 11:57:00 PM,-12.31
10441,4/23/2023 11:57:00 PM,-12.55
10441,4/23/2023 11:57:00 PM,-12.67
10441,4/23/2023 11:57:00 PM,-11.71
10441,4/23/2023 11:57:00 PM,-11.77
10441,4/23/2023 11:57:00 PM,-11.95
10441,4/23/2023 11:57:00 PM,-12.07
10441,4/23/2023 11:57:00 PM,-12.73
10441,4/23/2023 11:57:00 PM,-13.09
10441,4/23/2023 11:58:00 PM,-13.39
10441,4/23/2023 11:58:00 PM,-13.56
10441,4/23/2023 11:58:00 PM,-13.68
10441,4/23/2023 11:58:00 PM,-13.80
10441,4/23/2023 11:58:00 PM,-13.74
10441,4/23/2023 11:58:00 PM,-13.86
10441,4/23/2023 11:58:00 PM,-13.92
10441,4/23/2023 11:58:00 PM,-14.04
10441,4/23/2023 11:58:00 PM,-14.34
10441,4/23/2023 11:58:00 PM,-14.52
10441,4/23/2023 11:58:00 PM,-14.64
10441,4/23/2023 11:58:00 PM,-14.70
10441,4/23/2023 11:59:00 PM,-14.64
10441,4/23/2023 11:59:00 PM,-14.70
10441,4/23/2023 11:59:00 PM,-14.88
10441,4/23/2023 11:59:00 PM,-14.82
10441,4/23/2023 11:59:00 PM,-14.94
10441,4/23/2023 11:59:00 PM,-15.12
10441,4/23/2023 11:59:00 PM,-14.88
10441,4/23/2023 11:59:00 PM,-15.18
10441,4/24/2023 12:00:00 AM,-14.94
10441,4/24/2023 12:00:00 AM,-14.88
10441,4/24/2023 12:00:00 AM,-14.82
10441,4/24/2023 12:00:00 AM,-15.24
10441,4/24/2023 12:00:00 AM,-15.18
10441,4/24/2023 12:00:00 AM,-15.24
10441,4/24/2023 12:00:00 AM,-15.06
10441,4/24/2023 12:00:00 AM,-14.94
10441,4/24/2023 12:00:00 AM,-14.88
10441,4/24/2023 12:01:00 AM,-14.76
10441,4/24/2023 12:01:00 AM,-14.58
10441,4/24/2023 12:01:00 AM,-14.46
10441,4/24/2023 12:01:00 AM,-14.28
10441,4/24/2023 12:01:00 AM,-14.16
10441,4/24/2023 12:01:00 AM,-14.04
10441,4/24/2023 12:01:00 AM,-13.98
10441,4/24/2023 12:01:00 AM,-13.86
10441,4/24/2023 12:01:00 AM,-13.74
10441,4/24/2023 12:01:00 AM,-13.68
10441,4/24/2023 12:01:00 AM,-13.39
10441,4/24/2023 12:01:00 AM,-13.44
10441,4/24/2023 12:02:00 AM,-13.33
10441,4/24/2023 12:02:00 AM,-13.27
10441,4/24/2023 12:02:00 AM,-13.39
10441,4/24/2023 12:02:00 AM,-13.15
10441,4/24/2023 12:02:00 AM,-13.09
10441,4/24/2023 12:02:00 AM,-13.21
10441,4/24/2023 12:02:00 AM,-12.97
10441,4/24/2023 12:02:00 AM,-13.09
10441,4/24/2023 12:02:00 AM,-13.15
10441,4/24/2023 12:02:00 AM,-12.85
10441,4/24/2023 12:02:00 AM,-12.91
10441,4/24/2023 12:02:00 AM,-12.85
10441,4/24/2023 12:02:00 AM,-13.09
10441,4/24/2023 12:03:00 AM,-12.97
10441,4/24/2023 12:03:00 AM,-13.03
10441,4/24/2023 12:03:00 AM,-12.91
10441,4/24/2023 12:03:00 AM,-12.85
10441,4/24/2023 12:03:00 AM,-12.79
10441,4/24/2023 12:03:00 AM,-13.03
10441,4/24/2023 12:03:00 AM,-13.09
10441,4/24/2023 12:03:00 AM,-12.97
10441,4/24/2023 12:03:00 AM,-13.09
10441,4/24/2023 12:03:00 AM,-12.97
10441,4/24/2023 12:03:00 AM,-13.03
10441,4/24/2023 12:04:00 AM,-12.73
10441,4/24/2023 12:04:00 AM,-12.79
10441,4/24/2023 12:04:00 AM,-12.67
10441,4/24/2023 12:04:00 AM,-12.73
10441,4/24/2023 12:04:00 AM,-12.67
10441,4/24/2023 12:04:00 AM,-12.49
10441,4/24/2023 12:04:00 AM,-12.55
10441,4/24/2023 12:04:00 AM,-12.49
10441,4/24/2023 12:04:00 AM,-12.55
10441,4/24/2023 12:04:00 AM,-12.43
10441,4/24/2023 12:04:00 AM,-12.61
10441,4/24/2023 12:05:00 AM,-15.60
10441,4/24/2023 12:05:00 AM,-14.58
10441,4/24/2023 12:05:00 AM,-15.54
10441,4/24/2023 12:05:00 AM,-16.67
10441,4/24/2023 12:05:00 AM,-17.51
10441,4/24/2023 12:05:00 AM,-17.63
10441,4/24/2023 12:05:00 AM,-17.27
10441,4/24/2023 12:05:00 AM,-12.67
10441,4/24/2023 12:05:00 AM,-12.85
10441,4/24/2023 12:05:00 AM,-12.97
10441,4/24/2023 12:05:00 AM,-13.21
10441,4/24/2023 12:05:00 AM,-13.39
10441,4/24/2023 12:05:00 AM,-13.80
10441,4/24/2023 12:06:00 AM,-14.04
10441,4/24/2023 12:06:00 AM,-12.85
10441,4/24/2023 12:06:00 AM,-12.31
10441,4/24/2023 12:06:00 AM,-12.55
10441,4/24/2023 12:06:00 AM,-12.91
10441,4/24/2023 12:06:00 AM,-14.04
10441,4/24/2023 12:06:00 AM,-15.00
10441,4/24/2023 12:06:00 AM,-15.78
10441,4/24/2023 12:06:00 AM,-16.67
10441,4/24/2023 12:06:00 AM,-16.85
10441,4/24/2023 12:06:00 AM,-16.49
10441,4/24/2023 12:06:00 AM,-16.02
10441,4/24/2023 12:06:00 AM,-15.84
10441,4/24/2023 12:07:00 AM,-16.08
10441,4/24/2023 12:07:00 AM,-16.73
10441,4/24/2023 12:07:00 AM,-17.09
10441,4/24/2023 12:07:00 AM,-16.85
10441,4/24/2023 12:07:00 AM,-16.61
10441,4/24/2023 12:07:00 AM,-16.26
10441,4/24/2023 12:07:00 AM,-16.08
10441,4/24/2023 12:07:00 AM,-15.96
10441,4/24/2023 12:07:00 AM,-15.78
10441,4/24/2023 12:07:00 AM,-15.66
10441,4/24/2023 12:07:00 AM,-15.60
10441,4/24/2023 12:07:00 AM,-15.66
10441,4/24/2023 12:07:00 AM,-15.90
10441,4/24/2023 12:08:00 AM,-16.43
10441,4/24/2023 12:08:00 AM,-16.61
10441,4/24/2023 12:08:00 AM,-16.67
10441,4/24/2023 12:08:00 AM,-16.97
10441,4/24/2023 12:08:00 AM,-16.91
10441,4/24/2023 12:08:00 AM,-16.85
10441,4/24/2023 12:08:00 AM,-16.02
10441,4/24/2023 12:08:00 AM,-16.79
10441,4/24/2023 12:08:00 AM,-16.61
10441,4/24/2023 12:08:00 AM,-16.08
10441,4/24/2023 12:08:00 AM,-16.32
10441,4/24/2023 12:08:00 AM,-16.49
10441,4/24/2023 12:08:00 AM,-16.43
10441,4/24/2023 12:09:00 AM,-15.96
10441,4/24/2023 12:09:00 AM,-16.02
10441,4/24/2023 12:09:00 AM,-15.96
10441,4/24/2023 12:09:00 AM,-16.14
10441,4/24/2023 12:09:00 AM,-16.20
10441,4/24/2023 12:09:00 AM,-15.90
10441,4/24/2023 12:09:00 AM,-15.72
10441,4/24/2023 12:09:00 AM,-15.66
10441,4/24/2023 12:09:00 AM,-16.08
10441,4/24/2023 12:09:00 AM,-15.90
10441,4/24/2023 12:09:00 AM,-16.02
10441,4/24/2023 12:09:00 AM,-15.90
10441,4/24/2023 12:09:00 AM,-16.55
10441,4/24/2023 12:09:00 AM,-16.20
10441,4/24/2023 12:10:00 AM,-15.42
10441,4/24/2023 12:10:00 AM,-15.30
10441,4/24/2023 12:10:00 AM,-13.80
10441,4/24/2023 12:10:00 AM,-14.58
10441,4/24/2023 12:10:00 AM,-14.46
10441,4/24/2023 12:10:00 AM,-14.58
10441,4/24/2023 12:10:00 AM,-14.46
10441,4/24/2023 12:10:00 AM,-13.98
10441,4/24/2023 12:10:00 AM,-13.74
10441,4/24/2023 12:11:00 AM,-13.09
10441,4/24/2023 12:11:00 AM,-13.03
10441,4/24/2023 12:11:00 AM,-12.97
10441,4/24/2023 12:11:00 AM,-12.91
10441,4/24/2023 12:11:00 AM,-12.85
10441,4/24/2023 12:11:00 AM,-12.79
10441,4/24/2023 12:11:00 AM,-12.97
10441,4/24/2023 12:11:00 AM,-13.74
10441,4/24/2023 12:11:00 AM,-13.33
10441,4/24/2023 12:12:00 AM,-11.89
10441,4/24/2023 12:12:00 AM,-11.83
10441,4/24/2023 12:12:00 AM,-12.73
10441,4/24/2023 12:12:00 AM,-12.55
10441,4/24/2023 12:12:00 AM,-12.37
10441,4/24/2023 12:12:00 AM,-12.25
10441,4/24/2023 12:12:00 AM,-12.19
10441,4/24/2023 12:12:00 AM,-11.95
10441,4/24/2023 12:12:00 AM,-13.03
10441,4/24/2023 12:12:00 AM,-13.09
10441,4/24/2023 12:12:00 AM,-12.97
10441,4/24/2023 12:12:00 AM,-12.91
10441,4/24/2023 12:12:00 AM,-12.85
10441,4/24/2023 12:13:00 AM,-10.63
10441,4/24/2023 12:13:00 AM,-10.69
10441,4/24/2023 12:13:00 AM,-11.23
10441,4/24/2023 12:13:00 AM,-10.93
10441,4/24/2023 12:13:00 AM,-10.81
10441,4/24/2023 12:13:00 AM,-10.45
10441,4/24/2023 12:13:00 AM,-10.51
10441,4/24/2023 12:13:00 AM,-10.69
10441,4/24/2023 12:13:00 AM,-11.71
10441,4/24/2023 12:13:00 AM,-11.65
10441,4/24/2023 12:13:00 AM,-11.47
10441,4/24/2023 12:13:00 AM,-11.35
10441,4/24/2023 12:13:00 AM,-11.29
10441,4/24/2023 12:13:00 AM,-11.17
10441,4/24/2023 12:14:00 AM,-9.80
10441,4/24/2023 12:14:00 AM,-9.86
10441,4/24/2023 12:14:00 AM,-10.51
10441,4/24/2023 12:14:00 AM,-9.98
10441,4/24/2023 12:14:00 AM,-9.44
10441,4/24/2023 12:14:00 AM,-9.56
10441,4/24/2023 12:14:00 AM,-10.34
10441,4/24/2023 12:14:00 AM,-10.63
10441,4/24/2023 12:14:00 AM,-10.69
10441,4/24/2023 12:14:00 AM,-10.99
10441,4/24/2023 12:14:00 AM,-10.28
10441,4/24/2023 12:14:00 AM,-10.40
10441,4/24/2023 12:14:00 AM,-9.44
10441,4/24/2023 12:14:00 AM,-10.40
10441,4/24/2023 12:15:00 AM,-9.38
10441,4/24/2023 12:15:00 AM,-9.20
10441,4/24/2023 12:15:00 AM,-9.14
10441,4/24/2023 12:15:00 AM,-9.02
10441,4/24/2023 12:15:00 AM,-9.14
10441,4/24/2023 12:15:00 AM,-9.20
10441,4/24/2023 12:15:00 AM,-9.26
10441,4/24/2023 12:15:00 AM,-9.20
10441,4/24/2023 12:15:00 AM,-9.32
10441,4/24/2023 12:15:00 AM,-9.38
10441,4/24/2023 12:16:00 AM,-9.50
10441,4/24/2023 12:16:00 AM,-9.38
10441,4/24/2023 12:16:00 AM,-9.44
10441,4/24/2023 12:16:00 AM,-9.68
10441,4/24/2023 12:16:00 AM,-9.32
10441,4/24/2023 12:16:00 AM,-9.38
10441,4/24/2023 12:16:00 AM,-9.50
10441,4/24/2023 12:16:00 AM,-9.98
10441,4/24/2023 12:16:00 AM,-9.32
10441,4/24/2023 12:16:00 AM,-9.26
10441,4/24/2023 12:16:00 AM,-9.14
10441,4/24/2023 12:16:00 AM,-9.20
10441,4/24/2023 12:16:00 AM,-9.74
10441,4/24/2023 12:17:00 AM,-9.14
10441,4/24/2023 12:17:00 AM,-9.20
10441,4/24/2023 12:17:00 AM,-8.90
10441,4/24/2023 12:17:00 AM,-8.72
10441,4/24/2023 12:17:00 AM,-8.66
10441,4/24/2023 12:17:00 AM,-8.72
10441,4/24/2023 12:17:00 AM,-8.66
10441,4/24/2023 12:17:00 AM,-8.78
10441,4/24/2023 12:17:00 AM,-8.66
10441,4/24/2023 12:17:00 AM,-8.72
10441,4/24/2023 12:17:00 AM,-8.66
10441,4/24/2023 12:17:00 AM,-8.60
10441,4/24/2023 12:18:00 AM,-8.72
10441,4/24/2023 12:18:00 AM,-8.66
10441,4/24/2023 12:18:00 AM,-8.42
10441,4/24/2023 12:18:00 AM,-8.24
10441,4/24/2023 12:18:00 AM,-8.12
10441,4/24/2023 12:18:00 AM,-8.00
10441,4/24/2023 12:18:00 AM,-7.82
10441,4/24/2023 12:18:00 AM,-7.94
10441,4/24/2023 12:18:00 AM,-8.06
10441,4/24/2023 12:19:00 AM,-8.18
10441,4/24/2023 12:19:00 AM,-8.30
10441,4/24/2023 12:19:00 AM,-8.24
10441,4/24/2023 12:19:00 AM,-8.30
10441,4/24/2023 12:19:00 AM,-7.82
10441,4/24/2023 12:19:00 AM,-7.64
10441,4/24/2023 12:19:00 AM,-7.41
10441,4/24/2023 12:19:00 AM,-7.29
10441,4/24/2023 12:19:00 AM,-6.99
10441,4/24/2023 12:19:00 AM,-7.29
10441,4/24/2023 12:19:00 AM,-7.17
10441,4/24/2023 12:20:00 AM,-7.58
10441,4/24/2023 12:20:00 AM,-7.88
10441,4/24/2023 12:20:00 AM,-7.94
10441,4/24/2023 12:20:00 AM,-7.88
10441,4/24/2023 12:20:00 AM,-9.44
10441,4/24/2023 12:20:00 AM,-9.26
10441,4/24/2023 12:20:00 AM,-8.84
10441,4/24/2023 12:20:00 AM,-9.50
10441,4/24/2023 12:20:00 AM,-8.30
10441,4/24/2023 12:20:00 AM,-8.48
10441,4/24/2023 12:20:00 AM,-8.90
10441,4/24/2023 12:20:00 AM,-9.02
10441,4/24/2023 12:20:00 AM,-8.54
10441,4/24/2023 12:20:00 AM,-9.32
10441,4/24/2023 12:21:00 AM,-9.44
10441,4/24/2023 12:21:00 AM,-9.08
10441,4/24/2023 12:21:00 AM,-8.60
10441,4/24/2023 12:21:00 AM,-8.78
10441,4/24/2023 12:21:00 AM,-8.84
10441,4/24/2023 12:21:00 AM,-8.96
10441,4/24/2023 12:21:00 AM,-9.86
10441,4/24/2023 12:21:00 AM,-10.22
10441,4/24/2023 12:21:00 AM,-9.50
10441,4/24/2023 12:21:00 AM,-9.02
10441,4/24/2023 12:21:00 AM,-10.16
10441,4/24/2023 12:21:00 AM,-10.40
10441,4/24/2023 12:21:00 AM,-10.22
10441,4/24/2023 12:21:00 AM,-9.44
10441,4/24/2023 12:21:00 AM,-9.68
10441,4/24/2023 12:22:00 AM,-9.32
10441,4/24/2023 12:22:00 AM,-9.50
10441,4/24/2023 12:22:00 AM,-9.56
10441,4/24/2023 12:22:00 AM,-9.38
10441,4/24/2023 12:22:00 AM,-9.74
10441,4/24/2023 12:22:00 AM,-9.86
10441,4/24/2023 12:22:00 AM,-10.10
10441,4/24/2023 12:22:00 AM,-9.98
10441,4/24/2023 12:22:00 AM,-9.80
10441,4/24/2023 12:22:00 AM,-9.44
10441,4/24/2023 12:22:00 AM,-9.32
10441,4/24/2023 12:23:00 AM,-10.04
10441,4/24/2023 12:23:00 AM,-10.34
10441,4/24/2023 12:23:00 AM,-10.04
10441,4/24/2023 12:23:00 AM,-9.74
10441,4/24/2023 12:23:00 AM,-9.68
10441,4/24/2023 12:23:00 AM,-9.62
10441,4/24/2023 12:23:00 AM,-9.98
10441,4/24/2023 12:23:00 AM,-9.80
10441,4/24/2023 12:23:00 AM,-9.86
10441,4/24/2023 12:23:00 AM,-9.80
10441,4/24/2023 12:23:00 AM,-9.74
10441,4/24/2023 12:23:00 AM,-9.68
10441,4/24/2023 12:24:00 AM,-9.68
10441,4/24/2023 12:24:00 AM,-9.80
10441,4/24/2023 12:24:00 AM,-9.56
10441,4/24/2023 12:24:00 AM,-9.32
10441,4/24/2023 12:24:00 AM,-9.26
10441,4/24/2023 12:24:00 AM,-9.32
10441,4/24/2023 12:24:00 AM,-9.50
10441,4/24/2023 12:24:00 AM,-9.44
10441,4/24/2023 12:24:00 AM,-9.38
10441,4/24/2023 12:24:00 AM,-9.20
10441,4/24/2023 12:24:00 AM,-9.14
10441,4/24/2023 12:24:00 AM,-9.20
10441,4/24/2023 12:24:00 AM,-9.32
10441,4/24/2023 12:25:00 AM,-9.38
10441,4/24/2023 12:25:00 AM,-9.26
10441,4/24/2023 12:25:00 AM,-9.20
10441,4/24/2023 12:25:00 AM,-9.14
10441,4/24/2023 12:25:00 AM,-8.90
10441,4/24/2023 12:25:00 AM,-8.84
10441,4/24/2023 12:25:00 AM,-8.60
10441,4/24/2023 12:25:00 AM,-8.30
10441,4/24/2023 12:25:00 AM,-8.18
10441,4/24/2023 12:25:00 AM,-8.06
10441,4/24/2023 12:25:00 AM,-8.12
10441,4/24/2023 12:26:00 AM,-8.96
10441,4/24/2023 12:26:00 AM,-8.12
10441,4/24/2023 12:26:00 AM,-7.46
10441,4/24/2023 12:26:00 AM,-7.35
10441,4/24/2023 12:26:00 AM,-7.29
10441,4/24/2023 12:26:00 AM,-7.41
10441,4/24/2023 12:26:00 AM,-6.39
10441,4/24/2023 12:26:00 AM,-5.91
10441,4/24/2023 12:26:00 AM,-7.17
10441,4/24/2023 12:26:00 AM,-6.87
10441,4/24/2023 12:26:00 AM,-6.81
10441,4/24/2023 12:26:00 AM,-6.69
10441,4/24/2023 12:26:00 AM,-6.63
10441,4/24/2023 12:26:00 AM,-6.51
10441,4/24/2023 12:27:00 AM,-6.21
10441,4/24/2023 12:27:00 AM,-5.91
10441,4/24/2023 12:27:00 AM,-5.85
10441,4/24/2023 12:27:00 AM,-5.79
10441,4/24/2023 12:27:00 AM,-5.61
10441,4/24/2023 12:27:00 AM,-5.85
10441,4/24/2023 12:27:00 AM,-5.61
10441,4/24/2023 12:27:00 AM,-5.49
10441,4/24/2023 12:27:00 AM,-5.79
10441,4/24/2023 12:27:00 AM,-5.85
10441,4/24/2023 12:27:00 AM,-5.67
10441,4/24/2023 12:27:00 AM,-5.85
10441,4/24/2023 12:27:00 AM,-5.43
10441,4/24/2023 12:27:00 AM,-5.91
10441,4/24/2023 12:28:00 AM,-4.89
10441,4/24/2023 12:28:00 AM,-4.83
10441,4/24/2023 12:28:00 AM,-4.71
10441,4/24/2023 12:28:00 AM,-4.47
10441,4/24/2023 12:28:00 AM,-4.42
10441,4/24/2023 12:28:00 AM,-4.24
10441,4/24/2023 12:28:00 AM,-4.18
10441,4/24/2023 12:28:00 AM,-4.12
10441,4/24/2023 12:28:00 AM,-4.18
10441,4/24/2023 12:28:00 AM,-5.43
10441,4/24/2023 12:28:00 AM,-5.37
10441,4/24/2023 12:28:00 AM,-5.01
10441,4/24/2023 12:29:00 AM,-3.94
10441,4/24/2023 12:29:00 AM,-3.88
10441,4/24/2023 12:29:00 AM,-3.76
10441,4/24/2023 12:29:00 AM,-3.82
10441,4/24/2023 12:29:00 AM,-4.00
10441,4/24/2023 12:29:00 AM,-4.24
10441,4/24/2023 12:29:00 AM,-4.30
10441,4/24/2023 12:29:00 AM,-3.82
10441,4/24/2023 12:29:00 AM,-4.00
10441,4/24/2023 12:29:00 AM,-4.24
10441,4/24/2023 12:29:00 AM,-4.42
10441,4/24/2023 12:29:00 AM,-4.12
10441,4/24/2023 12:29:00 AM,-4.06
10441,4/24/2023 12:30:00 AM,-3.76
10441,4/24/2023 12:30:00 AM,-3.70
10441,4/24/2023 12:30:00 AM,-3.64
10441,4/24/2023 12:30:00 AM,-4.18
10441,4/24/2023 12:30:00 AM,-4.00
10441,4/24/2023 12:30:00 AM,-3.94
10441,4/24/2023 12:30:00 AM,-3.82
10441,4/24/2023 12:30:00 AM,-3.76
10441,4/24/2023 12:30:00 AM,-3.58
10441,4/24/2023 12:31:00 AM,-3.82
10441,4/24/2023 12:31:00 AM,-3.70
10441,4/24/2023 12:31:00 AM,-3.64
10441,4/24/2023 12:31:00 AM,-3.58
10441,4/24/2023 12:31:00 AM,-3.70
10441,4/24/2023 12:31:00 AM,-3.58
10441,4/24/2023 12:31:00 AM,-3.52
10441,4/24/2023 12:31:00 AM,-3.46
10441,4/24/2023 12:32:00 AM,-3.40
10441,4/24/2023 12:32:00 AM,-3.34
10441,4/24/2023 12:32:00 AM,-3.28
10441,4/24/2023 12:32:00 AM,-3.22
10441,4/24/2023 12:32:00 AM,-3.16
10441,4/24/2023 12:32:00 AM,-3.10
10441,4/24/2023 12:33:00 AM,-3.04
10441,4/24/2023 12:33:00 AM,-2.74
10441,4/24/2023 12:33:00 AM,-2.80
10441,4/24/2023 12:33:00 AM,-2.74
10441,4/24/2023 12:33:00 AM,-2.68
10441,4/24/2023 12:33:00 AM,-2.98
10441,4/24/2023 12:33:00 AM,-2.80
10441,4/24/2023 12:33:00 AM,-2.92
10441,4/24/2023 12:33:00 AM,-2.86
10441,4/24/2023 12:33:00 AM,-2.68
10441,4/24/2023 12:33:00 AM,-2.86
10441,4/24/2023 12:34:00 AM,-3.16
10441,4/24/2023 12:34:00 AM,-2.80
10441,4/24/2023 12:34:00 AM,-3.34
10441,4/24/2023 12:34:00 AM,-2.86
10441,4/24/2023 12:34:00 AM,-2.62
10441,4/24/2023 12:34:00 AM,-3.16
10441,4/24/2023 12:34:00 AM,-2.98
10441,4/24/2023 12:34:00 AM,-2.74
10441,4/24/2023 12:34:00 AM,-2.62
10441,4/24/2023 12:34:00 AM,-2.68
10441,4/24/2023 12:34:00 AM,-2.92
10441,4/24/2023 12:34:00 AM,-2.56
10441,4/24/2023 12:34:00 AM,-2.50
10441,4/24/2023 12:35:00 AM,-2.92
10441,4/24/2023 12:35:00 AM,-2.68
10441,4/24/2023 12:35:00 AM,-3.16
10441,4/24/2023 12:35:00 AM,-2.44
10441,4/24/2023 12:35:00 AM,-2.32
10441,4/24/2023 12:35:00 AM,-2.38
10441,4/24/2023 12:35:00 AM,-2.68
10441,4/24/2023 12:35:00 AM,-3.04
10441,4/24/2023 12:35:00 AM,-3.22
10441,4/24/2023 12:35:00 AM,-2.74
10441,4/24/2023 12:35:00 AM,-2.86
10441,4/24/2023 12:35:00 AM,-2.92
10441,4/24/2023 12:36:00 AM,-2.86
10441,4/24/2023 12:36:00 AM,-2.92
10441,4/24/2023 12:36:00 AM,-2.98
10441,4/24/2023 12:36:00 AM,-3.10
10441,4/24/2023 12:36:00 AM,-3.04
10441,4/24/2023 12:36:00 AM,-3.10
10441,4/24/2023 12:36:00 AM,-3.22
10441,4/24/2023 12:36:00 AM,-3.16
10441,4/24/2023 12:36:00 AM,-3.22
10441,4/24/2023 12:36:00 AM,-3.46
10441,4/24/2023 12:36:00 AM,-3.40
10441,4/24/2023 12:36:00 AM,-3.46
10441,4/24/2023 12:37:00 AM,-3.58
10441,4/24/2023 12:37:00 AM,-3.82
10441,4/24/2023 12:37:00 AM,-3.76
10441,4/24/2023 12:37:00 AM,-3.94
10441,4/24/2023 12:37:00 AM,-4.24
10441,4/24/2023 12:37:00 AM,-4.30
10441,4/24/2023 12:37:00 AM,-4.42
10441,4/24/2023 12:37:00 AM,-4.47
10441,4/24/2023 12:37:00 AM,-4.59
10441,4/24/2023 12:38:00 AM,-4.65
10441,4/24/2023 12:38:00 AM,-4.71
10441,4/24/2023 12:38:00 AM,-4.83
10441,4/24/2023 12:38:00 AM,-4.89
10441,4/24/2023 12:38:00 AM,-5.07
10441,4/24/2023 12:38:00 AM,-5.19
10441,4/24/2023 12:38:00 AM,-6.03
10441,4/24/2023 12:38:00 AM,-6.21
10441,4/24/2023 12:38:00 AM,-5.37
10441,4/24/2023 12:38:00 AM,-5.43
10441,4/24/2023 12:38:00 AM,-5.61
10441,4/24/2023 12:38:00 AM,-5.73
10441,4/24/2023 12:38:00 AM,-5.85
10441,4/24/2023 12:38:00 AM,-5.97
10441,4/24/2023 12:39:00 AM,-6.39
10441,4/24/2023 12:39:00 AM,-6.51
10441,4/24/2023 12:39:00 AM,-6.57
10441,4/24/2023 12:39:00 AM,-6.81
10441,4/24/2023 12:39:00 AM,-6.87
10441,4/24/2023 12:39:00 AM,-6.99
10441,4/24/2023 12:39:00 AM,-7.76
10441,4/24/2023 12:39:00 AM,-7.17
10441,4/24/2023 12:39:00 AM,-7.23
10441,4/24/2023 12:39:00 AM,-7.41
10441,4/24/2023 12:39:00 AM,-7.46
10441,4/24/2023 12:39:00 AM,-7.58
10441,4/24/2023 12:39:00 AM,-7.70
10441,4/24/2023 12:40:00 AM,-7.82
10441,4/24/2023 12:40:00 AM,-8.96
10441,4/24/2023 12:40:00 AM,-9.20
10441,4/24/2023 12:40:00 AM,-9.32
10441,4/24/2023 12:40:00 AM,-8.18
10441,4/24/2023 12:40:00 AM,-8.30
10441,4/24/2023 12:40:00 AM,-8.36
10441,4/24/2023 12:40:00 AM,-8.42
10441,4/24/2023 12:40:00 AM,-8.60
10441,4/24/2023 12:40:00 AM,-8.72
10441,4/24/2023 12:40:00 AM,-8.00
10441,4/24/2023 12:40:00 AM,-8.12
10441,4/24/2023 12:41:00 AM,-9.74
10441,4/24/2023 12:41:00 AM,-9.86
10441,4/24/2023 12:41:00 AM,-9.98
10441,4/24/2023 12:41:00 AM,-9.44
10441,4/24/2023 12:41:00 AM,-9.56
10441,4/24/2023 12:41:00 AM,-9.74
10441,4/24/2023 12:41:00 AM,-9.86
10441,4/24/2023 12:41:00 AM,-9.80
10441,4/24/2023 12:41:00 AM,-9.98
10441,4/24/2023 12:41:00 AM,-9.20
10441,4/24/2023 12:42:00 AM,-10.04
10441,4/24/2023 12:42:00 AM,-9.98
10441,4/24/2023 12:42:00 AM,-10.04
10441,4/24/2023 12:42:00 AM,-10.10
10441,4/24/2023 12:42:00 AM,-10.57
10441,4/24/2023 12:42:00 AM,-10.16
10441,4/24/2023 12:42:00 AM,-10.51
10441,4/24/2023 12:42:00 AM,-10.40
10441,4/24/2023 12:42:00 AM,-10.34
10441,4/24/2023 12:42:00 AM,-10.45
10441,4/24/2023 12:42:00 AM,-10.51
10441,4/24/2023 12:43:00 AM,-10.75
10441,4/24/2023 12:43:00 AM,-10.63
10441,4/24/2023 12:43:00 AM,-10.57
10441,4/24/2023 12:43:00 AM,-10.40
10441,4/24/2023 12:43:00 AM,-10.51
10441,4/24/2023 12:43:00 AM,-10.87
10441,4/24/2023 12:43:00 AM,-10.45
10441,4/24/2023 12:43:00 AM,-10.45
10441,4/24/2023 12:43:00 AM,-10.34
10441,4/24/2023 12:43:00 AM,-10.93
10441,4/24/2023 12:43:00 AM,-10.69
10441,4/24/2023 12:43:00 AM,-10.51
10441,4/24/2023 12:43:00 AM,-10.57
10441,4/24/2023 12:44:00 AM,-10.57
10441,4/24/2023 12:44:00 AM,-10.51
10441,4/24/2023 12:44:00 AM,-10.22
10441,4/24/2023 12:44:00 AM,-10.16
10441,4/24/2023 12:44:00 AM,-10.10
10441,4/24/2023 12:44:00 AM,-10.04
10441,4/24/2023 12:44:00 AM,-9.98
10441,4/24/2023 12:44:00 AM,-9.92
10441,4/24/2023 12:44:00 AM,-9.86
10441,4/24/2023 12:44:00 AM,-10.10
10441,4/24/2023 12:44:00 AM,-9.68
10441,4/24/2023 12:45:00 AM,-9.74
10441,4/24/2023 12:45:00 AM,-9.68
10441,4/24/2023 12:45:00 AM,-9.50
10441,4/24/2023 12:45:00 AM,-9.56
10441,4/24/2023 12:45:00 AM,-9.74
10441,4/24/2023 12:45:00 AM,-9.50
10441,4/24/2023 12:45:00 AM,-9.26
10441,4/24/2023 12:45:00 AM,-9.38
10441,4/24/2023 12:45:00 AM,-9.32
10441,4/24/2023 12:45:00 AM,-9.20
10441,4/24/2023 12:45:00 AM,-9.56
10441,4/24/2023 12:45:00 AM,-9.56
10441,4/24/2023 12:46:00 AM,-9.26
10441,4/24/2023 12:46:00 AM,-9.20
10441,4/24/2023 12:46:00 AM,-9.26
10441,4/24/2023 12:46:00 AM,-9.08
10441,4/24/2023 12:46:00 AM,-9.20
10441,4/24/2023 12:46:00 AM,-9.02
10441,4/24/2023 12:46:00 AM,-9.14
10441,4/24/2023 12:46:00 AM,-9.14
10441,4/24/2023 12:46:00 AM,-9.02
10441,4/24/2023 12:46:00 AM,-9.14
10441,4/24/2023 12:46:00 AM,-9.20
10441,4/24/2023 12:46:00 AM,-9.26
10441,4/24/2023 12:46:00 AM,-9.32
10441,4/24/2023 12:47:00 AM,-9.38
10441,4/24/2023 12:47:00 AM,-9.44
10441,4/24/2023 12:47:00 AM,-9.56
10441,4/24/2023 12:47:00 AM,-9.50
10441,4/24/2023 12:48:00 AM,-9.68
10441,4/24/2023 12:48:00 AM,-9.86
10441,4/24/2023 12:48:00 AM,-9.92
10441,4/24/2023 12:48:00 AM,-9.56
10441,4/24/2023 12:49:00 AM,-9.92
10441,4/24/2023 12:49:00 AM,-10.10
10441,4/24/2023 12:49:00 AM,-9.98
10441,4/24/2023 12:49:00 AM,-9.74
10441,4/24/2023 12:49:00 AM,-10.10
10441,4/24/2023 12:49:00 AM,-9.26
10441,4/24/2023 12:49:00 AM,-9.98
10441,4/24/2023 12:49:00 AM,-10.04
10441,4/24/2023 12:49:00 AM,-9.92
10441,4/24/2023 12:49:00 AM,-9.98
10441,4/24/2023 12:50:00 AM,-10.34
10441,4/24/2023 12:50:00 AM,-10.34
10441,4/24/2023 12:50:00 AM,-10.40
10441,4/24/2023 12:50:00 AM,-10.45
10441,4/24/2023 12:50:00 AM,-10.28
10441,4/24/2023 12:50:00 AM,-10.40
10441,4/24/2023 12:50:00 AM,-10.63
10441,4/24/2023 12:50:00 AM,-10.22
10441,4/24/2023 12:50:00 AM,-10.28
10441,4/24/2023 12:50:00 AM,-10.63
10441,4/24/2023 12:50:00 AM,-10.99
10441,4/24/2023 12:50:00 AM,-10.28
10441,4/24/2023 12:50:00 AM,-10.22
10441,4/24/2023 12:51:00 AM,-10.45
10441,4/24/2023 12:51:00 AM,-10.34
10441,4/24/2023 12:51:00 AM,-10.57
10441,4/24/2023 12:51:00 AM,-10.45
10441,4/24/2023 12:51:00 AM,-10.51
10441,4/24/2023 12:51:00 AM,-10.63
10441,4/24/2023 12:51:00 AM,-10.40
10441,4/24/2023 12:51:00 AM,-10.57
10441,4/24/2023 12:51:00 AM,-10.57
10441,4/24/2023 12:51:00 AM,-10.51
10441,4/24/2023 12:51:00 AM,-10.40
10441,4/24/2023 12:51:00 AM,-10.45
10441,4/24/2023 12:51:00 AM,-10.28
10441,4/24/2023 12:51:00 AM,-10.45
10441,4/24/2023 12:52:00 AM,-10.45
10441,4/24/2023 12:52:00 AM,-10.51
10441,4/24/2023 12:52:00 AM,-10.40
10441,4/24/2023 12:52:00 AM,-10.28
10441,4/24/2023 12:52:00 AM,-10.51
10441,4/24/2023 12:52:00 AM,-10.69
10441,4/24/2023 12:52:00 AM,-10.40
10441,4/24/2023 12:52:00 AM,-10.51
10441,4/24/2023 12:52:00 AM,-10.16
10441,4/24/2023 12:52:00 AM,-10.40
10441,4/24/2023 12:52:00 AM,-10.63
10441,4/24/2023 12:52:00 AM,-10.51
10441,4/24/2023 12:52:00 AM,-10.45
10441,4/24/2023 12:52:00 AM,-10.51
10441,4/24/2023 12:53:00 AM,-10.34
10441,4/24/2023 12:53:00 AM,-10.57
10441,4/24/2023 12:53:00 AM,-10.63
10441,4/24/2023 12:53:00 AM,-10.75
10441,4/24/2023 12:53:00 AM,-10.69
10441,4/24/2023 12:53:00 AM,-10.75
10441,4/24/2023 12:53:00 AM,-10.51
10441,4/24/2023 12:53:00 AM,-10.57
10441,4/24/2023 12:53:00 AM,-10.34
10441,4/24/2023 12:53:00 AM,-10.81
10441,4/24/2023 12:53:00 AM,-10.99
10441,4/24/2023 12:53:00 AM,-10.87
10441,4/24/2023 12:54:00 AM,-10.69
10441,4/24/2023 12:54:00 AM,-10.69
10441,4/24/2023 12:54:00 AM,-10.81
10441,4/24/2023 12:54:00 AM,-10.87
10441,4/24/2023 12:54:00 AM,-10.93
10441,4/24/2023 12:54:00 AM,-10.63
10441,4/24/2023 12:54:00 AM,-10.69
10441,4/24/2023 12:54:00 AM,-10.63
10441,4/24/2023 12:54:00 AM,-10.69
10441,4/24/2023 12:54:00 AM,-10.75
10441,4/24/2023 12:54:00 AM,-10.63
10441,4/24/2023 12:55:00 AM,-10.87
10441,4/24/2023 12:55:00 AM,-10.75
10441,4/24/2023 12:55:00 AM,-10.81
10441,4/24/2023 12:55:00 AM,-10.75
10441,4/24/2023 12:55:00 AM,-10.81
10441,4/24/2023 12:55:00 AM,-10.69
10441,4/24/2023 12:55:00 AM,-10.75
10441,4/24/2023 12:55:00 AM,-10.81
10441,4/24/2023 12:55:00 AM,-10.93
10441,4/24/2023 12:56:00 AM,-10.87
10441,4/24/2023 12:56:00 AM,-10.81
10441,4/24/2023 12:56:00 AM,-10.87
10441,4/24/2023 12:56:00 AM,-10.81
10441,4/24/2023 12:56:00 AM,-10.75
10441,4/24/2023 12:56:00 AM,-10.81
10441,4/24/2023 12:57:00 AM,-10.57
10441,4/24/2023 12:57:00 AM,-10.51
10441,4/24/2023 12:57:00 AM,-10.34
10441,4/24/2023 12:57:00 AM,-10.10
10441,4/24/2023 12:57:00 AM,-10.75
10441,4/24/2023 12:57:00 AM,-10.63
10441,4/24/2023 12:58:00 AM,-9.92
10441,4/24/2023 12:58:00 AM,-9.32
10441,4/24/2023 12:58:00 AM,-8.90
10441,4/24/2023 12:58:00 AM,-10.40
10441,4/24/2023 12:58:00 AM,-10.45
10441,4/24/2023 12:58:00 AM,-10.40
10441,4/24/2023 12:58:00 AM,-10.28
10441,4/24/2023 12:58:00 AM,-9.92
10441,4/24/2023 12:58:00 AM,-8.66
10441,4/24/2023 12:58:00 AM,-8.36
10441,4/24/2023 12:58:00 AM,-8.12
10441,4/24/2023 12:58:00 AM,-8.18
10441,4/24/2023 12:58:00 AM,-9.32
10441,4/24/2023 12:58:00 AM,-9.68
10441,4/24/2023 12:59:00 AM,-9.44
10441,4/24/2023 12:59:00 AM,-10.22
10441,4/24/2023 12:59:00 AM,-9.74
10441,4/24/2023 12:59:00 AM,-7.94
10441,4/24/2023 12:59:00 AM,-7.52
10441,4/24/2023 12:59:00 AM,-6.81
10441,4/24/2023 12:59:00 AM,-7.52
10441,4/24/2023 12:59:00 AM,-7.46
10441,4/24/2023 12:59:00 AM,-7.70
10441,4/24/2023 12:59:00 AM,-7.41
10441,4/24/2023 12:59:00 AM,-6.99
10441,4/24/2023 12:59:00 AM,-6.45
10441,4/24/2023 12:59:00 AM,-6.21
10441,4/24/2023 12:59:00 AM,-7.46
10441,4/24/2023 12:59:00 AM,-7.17
10441,4/24/2023 1:00:00 AM,-6.81
10441,4/24/2023 1:00:00 AM,-5.79
10441,4/24/2023 1:00:00 AM,-7.11
10441,4/24/2023 1:00:00 AM,-6.27
10441,4/24/2023 1:00:00 AM,-6.45
10441,4/24/2023 1:00:00 AM,-7.11
10441,4/24/2023 1:00:00 AM,-7.05
10441,4/24/2023 1:00:00 AM,-6.93
10441,4/24/2023 1:00:00 AM,-6.51
10441,4/24/2023 1:00:00 AM,-6.93
10441,4/24/2023 1:00:00 AM,-6.03
10441,4/24/2023 1:00:00 AM,-6.51
10441,4/24/2023 1:00:00 AM,-6.81
10441,4/24/2023 1:00:00 AM,-7.29
10441,4/24/2023 1:01:00 AM,-6.87
10441,4/24/2023 1:01:00 AM,-6.39
10441,4/24/2023 1:01:00 AM,-6.45
10441,4/24/2023 1:01:00 AM,-5.73
10441,4/24/2023 1:01:00 AM,-6.33
10441,4/24/2023 1:01:00 AM,-6.03
10441,4/24/2023 1:01:00 AM,-5.97
10441,4/24/2023 1:01:00 AM,-5.13
10441,4/24/2023 1:01:00 AM,-6.69
10441,4/24/2023 1:01:00 AM,-6.99
10441,4/24/2023 1:01:00 AM,-6.87
10441,4/24/2023 1:01:00 AM,-6.63
10441,4/24/2023 1:01:00 AM,-6.87
10441,4/24/2023 1:01:00 AM,-7.23
10441,4/24/2023 1:02:00 AM,-6.39
10441,4/24/2023 1:02:00 AM,-6.33
10441,4/24/2023 1:02:00 AM,-7.17
10441,4/24/2023 1:02:00 AM,-7.05
10441,4/24/2023 1:02:00 AM,-6.87
10441,4/24/2023 1:02:00 AM,-6.81
10441,4/24/2023 1:02:00 AM,-6.69
10441,4/24/2023 1:02:00 AM,-6.51
10441,4/24/2023 1:02:00 AM,-6.33
10441,4/24/2023 1:02:00 AM,-5.91
10441,4/24/2023 1:02:00 AM,-5.85
10441,4/24/2023 1:02:00 AM,-6.39
10441,4/24/2023 1:02:00 AM,-6.45
10441,4/24/2023 1:02:00 AM,-6.75
10441,4/24/2023 1:02:00 AM,-6.75
10441,4/24/2023 1:03:00 AM,-7.70
10441,4/24/2023 1:03:00 AM,-7.58
10441,4/24/2023 1:03:00 AM,-7.17
10441,4/24/2023 1:03:00 AM,-7.46
10441,4/24/2023 1:03:00 AM,-7.41
10441,4/24/2023 1:03:00 AM,-7.46
10441,4/24/2023 1:03:00 AM,-7.58
10441,4/24/2023 1:03:00 AM,-7.76
10441,4/24/2023 1:03:00 AM,-6.39
10441,4/24/2023 1:03:00 AM,-6.51
10441,4/24/2023 1:03:00 AM,-6.81
10441,4/24/2023 1:03:00 AM,-6.93
10441,4/24/2023 1:04:00 AM,-7.64
10441,4/24/2023 1:04:00 AM,-7.58
10441,4/24/2023 1:04:00 AM,-7.70
10441,4/24/2023 1:04:00 AM,-7.64
10441,4/24/2023 1:04:00 AM,-7.88
10441,4/24/2023 1:04:00 AM,-8.00
10441,4/24/2023 1:04:00 AM,-8.90
10441,4/24/2023 1:04:00 AM,-8.24
10441,4/24/2023 1:04:00 AM,-8.54
10441,4/24/2023 1:04:00 AM,-8.72
10441,4/24/2023 1:04:00 AM,-8.60
10441,4/24/2023 1:04:00 AM,-8.66
10441,4/24/2023 1:04:00 AM,-8.78
10441,4/24/2023 1:05:00 AM,-9.14
10441,4/24/2023 1:05:00 AM,-9.08
10441,4/24/2023 1:05:00 AM,-8.90
10441,4/24/2023 1:05:00 AM,-9.02
10441,4/24/2023 1:05:00 AM,-9.08
10441,4/24/2023 1:05:00 AM,-9.20
10441,4/24/2023 1:05:00 AM,-9.02
10441,4/24/2023 1:05:00 AM,-9.14
10441,4/24/2023 1:05:00 AM,-9.20
10441,4/24/2023 1:05:00 AM,-9.26
10441,4/24/2023 1:05:00 AM,-9.20
10441,4/24/2023 1:05:00 AM,-9.26
10441,4/24/2023 1:06:00 AM,-9.32
10441,4/24/2023 1:06:00 AM,-10.57
10441,4/24/2023 1:06:00 AM,-10.63
10441,4/24/2023 1:06:00 AM,-10.45
10441,4/24/2023 1:06:00 AM,-10.10
10441,4/24/2023 1:06:00 AM,-9.86
10441,4/24/2023 1:06:00 AM,-9.92
10441,4/24/2023 1:06:00 AM,-9.56
10441,4/24/2023 1:06:00 AM,-9.50
10441,4/24/2023 1:06:00 AM,-9.80
10441,4/24/2023 1:06:00 AM,-10.10
10441,4/24/2023 1:06:00 AM,-10.34
10441,4/24/2023 1:06:00 AM,-10.40
10441,4/24/2023 1:07:00 AM,-10.16
10441,4/24/2023 1:07:00 AM,-10.34
10441,4/24/2023 1:07:00 AM,-10.40
10441,4/24/2023 1:07:00 AM,-10.93
10441,4/24/2023 1:07:00 AM,-11.23
10441,4/24/2023 1:07:00 AM,-11.35
10441,4/24/2023 1:07:00 AM,-10.93
10441,4/24/2023 1:07:00 AM,-10.75
10441,4/24/2023 1:07:00 AM,-11.47
10441,4/24/2023 1:07:00 AM,-11.29
10441,4/24/2023 1:07:00 AM,-11.05
10441,4/24/2023 1:07:00 AM,-11.41
10441,4/24/2023 1:07:00 AM,-10.75
10441,4/24/2023 1:07:00 AM,-10.87
10441,4/24/2023 1:08:00 AM,-10.69
10441,4/24/2023 1:08:00 AM,-10.57
10441,4/24/2023 1:08:00 AM,-10.45
10441,4/24/2023 1:08:00 AM,-10.57
10441,4/24/2023 1:08:00 AM,-10.69
10441,4/24/2023 1:08:00 AM,-10.87
10441,4/24/2023 1:08:00 AM,-10.93
10441,4/24/2023 1:08:00 AM,-10.99
10441,4/24/2023 1:08:00 AM,-11.05
10441,4/24/2023 1:08:00 AM,-10.93
10441,4/24/2023 1:08:00 AM,-10.63
10441,4/24/2023 1:08:00 AM,-10.57
10441,4/24/2023 1:09:00 AM,-10.75
10441,4/24/2023 1:09:00 AM,-10.81
10441,4/24/2023 1:09:00 AM,-10.10
10441,4/24/2023 1:09:00 AM,-10.75
10441,4/24/2023 1:09:00 AM,-10.57
10441,4/24/2023 1:09:00 AM,-10.45
10441,4/24/2023 1:09:00 AM,-10.57
10441,4/24/2023 1:09:00 AM,-10.34
10441,4/24/2023 1:09:00 AM,-10.45
10441,4/24/2023 1:09:00 AM,-10.40
10441,4/24/2023 1:09:00 AM,-10.51
10441,4/24/2023 1:09:00 AM,-10.57
10441,4/24/2023 1:09:00 AM,-10.69
10441,4/24/2023 1:10:00 AM,-10.45
10441,4/24/2023 1:10:00 AM,-10.87
10441,4/24/2023 1:10:00 AM,-10.40
10441,4/24/2023 1:10:00 AM,-10.45
10441,4/24/2023 1:10:00 AM,-10.69
10441,4/24/2023 1:10:00 AM,-10.63
10441,4/24/2023 1:10:00 AM,-10.69
10441,4/24/2023 1:10:00 AM,-10.40
10441,4/24/2023 1:10:00 AM,-10.75
10441,4/24/2023 1:10:00 AM,-10.40
10441,4/24/2023 1:10:00 AM,-10.45
10441,4/24/2023 1:10:00 AM,-10.40
10441,4/24/2023 1:10:00 AM,-10.34
10441,4/24/2023 1:11:00 AM,-10.63
10441,4/24/2023 1:11:00 AM,-10.34
10441,4/24/2023 1:11:00 AM,-10.63
10441,4/24/2023 1:11:00 AM,-10.28
10441,4/24/2023 1:11:00 AM,-10.16
10441,4/24/2023 1:11:00 AM,-10.28
10441,4/24/2023 1:11:00 AM,-10.10
10441,4/24/2023 1:11:00 AM,-10.34
10441,4/24/2023 1:11:00 AM,-10.16
10441,4/24/2023 1:11:00 AM,-10.63
10441,4/24/2023 1:11:00 AM,-10.10
10441,4/24/2023 1:11:00 AM,-9.92
10441,4/24/2023 1:11:00 AM,-10.63
10441,4/24/2023 1:11:00 AM,-10.40
10441,4/24/2023 1:12:00 AM,-10.57
10441,4/24/2023 1:12:00 AM,-10.63
10441,4/24/2023 1:12:00 AM,-10.57
10441,4/24/2023 1:12:00 AM,-10.45
10441,4/24/2023 1:12:00 AM,-10.40
10441,4/24/2023 1:12:00 AM,-9.92
10441,4/24/2023 1:12:00 AM,-10.63
10441,4/24/2023 1:12:00 AM,-9.86
10441,4/24/2023 1:12:00 AM,-10.57
10441,4/24/2023 1:12:00 AM,-10.51
10441,4/24/2023 1:12:00 AM,-10.57
10441,4/24/2023 1:12:00 AM,-10.87
10441,4/24/2023 1:12:00 AM,-10.57
10441,4/24/2023 1:12:00 AM,-10.51
10441,4/24/2023 1:12:00 AM,-10.63
10441,4/24/2023 1:13:00 AM,-10.28
10441,4/24/2023 1:13:00 AM,-10.34
10441,4/24/2023 1:13:00 AM,-10.40
10441,4/24/2023 1:13:00 AM,-10.45
10441,4/24/2023 1:13:00 AM,-10.51
10441,4/24/2023 1:13:00 AM,-10.81
10441,4/24/2023 1:13:00 AM,-10.57
10441,4/24/2023 1:13:00 AM,-10.45
10441,4/24/2023 1:13:00 AM,-10.28
10441,4/24/2023 1:13:00 AM,-10.34
10441,4/24/2023 1:14:00 AM,-10.63
10441,4/24/2023 1:14:00 AM,-10.69
10441,4/24/2023 1:14:00 AM,-10.75
10441,4/24/2023 1:14:00 AM,-10.81
10441,4/24/2023 1:14:00 AM,-10.75
10441,4/24/2023 1:14:00 AM,-10.69
10441,4/24/2023 1:14:00 AM,-10.63
10441,4/24/2023 1:14:00 AM,-10.57
10441,4/24/2023 1:15:00 AM,-10.51
10441,4/24/2023 1:15:00 AM,-10.57
10441,4/24/2023 1:15:00 AM,-10.75
10441,4/24/2023 1:15:00 AM,-10.34
10441,4/24/2023 1:15:00 AM,-10.45
10441,4/24/2023 1:15:00 AM,-10.51
10441,4/24/2023 1:15:00 AM,-10.57
10441,4/24/2023 1:15:00 AM,-10.28
10441,4/24/2023 1:15:00 AM,-10.45
10441,4/24/2023 1:15:00 AM,-10.57
10441,4/24/2023 1:15:00 AM,-10.04
10441,4/24/2023 1:15:00 AM,-10.51
10441,4/24/2023 1:16:00 AM,-10.22
10441,4/24/2023 1:16:00 AM,-10.40
10441,4/24/2023 1:16:00 AM,-10.34
10441,4/24/2023 1:16:00 AM,-10.40
10441,4/24/2023 1:16:00 AM,-10.34
10441,4/24/2023 1:16:00 AM,-10.40
10441,4/24/2023 1:16:00 AM,-10.28
10441,4/24/2023 1:16:00 AM,-10.34
10441,4/24/2023 1:16:00 AM,-10.28
10441,4/24/2023 1:16:00 AM,-10.22
10441,4/24/2023 1:16:00 AM,-10.16
10441,4/24/2023 1:17:00 AM,-10.04
10441,4/24/2023 1:17:00 AM,-9.98
10441,4/24/2023 1:17:00 AM,-9.92
10441,4/24/2023 1:17:00 AM,-9.98
10441,4/24/2023 1:17:00 AM,-10.04
10441,4/24/2023 1:17:00 AM,-10.10
10441,4/24/2023 1:17:00 AM,-10.28
10441,4/24/2023 1:17:00 AM,-10.16
10441,4/24/2023 1:17:00 AM,-10.04
10441,4/24/2023 1:17:00 AM,-9.80
10441,4/24/2023 1:18:00 AM,-10.10
10441,4/24/2023 1:18:00 AM,-10.16
10441,4/24/2023 1:18:00 AM,-9.98
10441,4/24/2023 1:18:00 AM,-10.34
10441,4/24/2023 1:18:00 AM,-10.04
10441,4/24/2023 1:18:00 AM,-10.28
10441,4/24/2023 1:18:00 AM,-10.45
10441,4/24/2023 1:18:00 AM,-10.28
10441,4/24/2023 1:18:00 AM,-10.22
10441,4/24/2023 1:18:00 AM,-10.28
10441,4/24/2023 1:18:00 AM,-10.22
10441,4/24/2023 1:19:00 AM,-10.40
10441,4/24/2023 1:19:00 AM,-10.22
10441,4/24/2023 1:19:00 AM,-9.86
10441,4/24/2023 1:19:00 AM,-10.40
10441,4/24/2023 1:19:00 AM,-10.28
10441,4/24/2023 1:19:00 AM,-10.22
10441,4/24/2023 1:19:00 AM,-10.16
10441,4/24/2023 1:19:00 AM,-10.10
10441,4/24/2023 1:19:00 AM,-9.98
10441,4/24/2023 1:20:00 AM,-9.74
10441,4/24/2023 1:20:00 AM,-9.62
10441,4/24/2023 1:20:00 AM,-9.68
10441,4/24/2023 1:20:00 AM,-9.50
10441,4/24/2023 1:20:00 AM,-9.44
10441,4/24/2023 1:20:00 AM,-9.32
10441,4/24/2023 1:20:00 AM,-9.38
10441,4/24/2023 1:20:00 AM,-9.20
10441,4/24/2023 1:20:00 AM,-9.26
10441,4/24/2023 1:20:00 AM,-9.20
10441,4/24/2023 1:21:00 AM,-8.36
10441,4/24/2023 1:21:00 AM,-8.72
10441,4/24/2023 1:21:00 AM,-8.60
10441,4/24/2023 1:21:00 AM,-8.48
10441,4/24/2023 1:21:00 AM,-8.60
10441,4/24/2023 1:21:00 AM,-8.48
10441,4/24/2023 1:21:00 AM,-8.42
10441,4/24/2023 1:21:00 AM,-9.08
10441,4/24/2023 1:21:00 AM,-8.96
10441,4/24/2023 1:21:00 AM,-8.90
10441,4/24/2023 1:21:00 AM,-8.96
10441,4/24/2023 1:21:00 AM,-8.84
10441,4/24/2023 1:21:00 AM,-8.66
10441,4/24/2023 1:22:00 AM,-8.24
10441,4/24/2023 1:22:00 AM,-8.12
10441,4/24/2023 1:22:00 AM,-8.06
10441,4/24/2023 1:22:00 AM,-8.00
10441,4/24/2023 1:22:00 AM,-7.94
10441,4/24/2023 1:22:00 AM,-7.82
10441,4/24/2023 1:22:00 AM,-7.76
10441,4/24/2023 1:22:00 AM,-7.64
10441,4/24/2023 1:22:00 AM,-7.41
10441,4/24/2023 1:22:00 AM,-7.23
10441,4/24/2023 1:22:00 AM,-7.29
10441,4/24/2023 1:22:00 AM,-7.35
10441,4/24/2023 1:23:00 AM,-7.29
10441,4/24/2023 1:23:00 AM,-7.17
10441,4/24/2023 1:23:00 AM,-6.99
10441,4/24/2023 1:23:00 AM,-6.81
10441,4/24/2023 1:23:00 AM,-6.93
10441,4/24/2023 1:23:00 AM,-6.87
10441,4/24/2023 1:23:00 AM,-6.93
10441,4/24/2023 1:23:00 AM,-7.11
10441,4/24/2023 1:23:00 AM,-7.35
10441,4/24/2023 1:23:00 AM,-7.41
10441,4/24/2023 1:23:00 AM,-7.52
10441,4/24/2023 1:23:00 AM,-7.58
10441,4/24/2023 1:24:00 AM,-6.93
10441,4/24/2023 1:24:00 AM,-6.87
10441,4/24/2023 1:24:00 AM,-6.93
10441,4/24/2023 1:24:00 AM,-7.05
10441,4/24/2023 1:24:00 AM,-6.99
10441,4/24/2023 1:24:00 AM,-7.05
10441,4/24/2023 1:24:00 AM,-7.11
10441,4/24/2023 1:24:00 AM,-7.05
10441,4/24/2023 1:24:00 AM,-7.17
10441,4/24/2023 1:24:00 AM,-7.11
10441,4/24/2023 1:25:00 AM,-6.99
10441,4/24/2023 1:25:00 AM,-7.23
10441,4/24/2023 1:25:00 AM,-6.99
10441,4/24/2023 1:25:00 AM,-7.11
10441,4/24/2023 1:25:00 AM,-6.93
10441,4/24/2023 1:25:00 AM,-7.11
10441,4/24/2023 1:25:00 AM,-6.99
10441,4/24/2023 1:25:00 AM,-6.93
10441,4/24/2023 1:25:00 AM,-6.99
10441,4/24/2023 1:25:00 AM,-7.11
10441,4/24/2023 1:26:00 AM,-7.46
10441,4/24/2023 1:26:00 AM,-7.41
10441,4/24/2023 1:26:00 AM,-7.23
10441,4/24/2023 1:26:00 AM,-7.17
10441,4/24/2023 1:26:00 AM,-7.11
10441,4/24/2023 1:26:00 AM,-7.29
10441,4/24/2023 1:26:00 AM,-7.46
10441,4/24/2023 1:26:00 AM,-7.52
10441,4/24/2023 1:26:00 AM,-7.70
10441,4/24/2023 1:27:00 AM,-8.12
10441,4/24/2023 1:27:00 AM,-7.82
10441,4/24/2023 1:27:00 AM,-7.94
10441,4/24/2023 1:27:00 AM,-7.70
10441,4/24/2023 1:27:00 AM,-8.00
10441,4/24/2023 1:27:00 AM,-7.82
10441,4/24/2023 1:27:00 AM,-7.76
10441,4/24/2023 1:27:00 AM,-7.82
10441,4/24/2023 1:27:00 AM,-7.94
10441,4/24/2023 1:27:00 AM,-8.00
10441,4/24/2023 1:27:00 AM,-8.06
10441,4/24/2023 1:27:00 AM,-7.94
10441,4/24/2023 1:28:00 AM,-8.42
10441,4/24/2023 1:28:00 AM,-8.36
10441,4/24/2023 1:28:00 AM,-8.42
10441,4/24/2023 1:28:00 AM,-8.30
10441,4/24/2023 1:28:00 AM,-7.94
10441,4/24/2023 1:28:00 AM,-8.06
10441,4/24/2023 1:28:00 AM,-8.18
10441,4/24/2023 1:28:00 AM,-8.24
10441,4/24/2023 1:28:00 AM,-8.42
10441,4/24/2023 1:28:00 AM,-8.36
10441,4/24/2023 1:29:00 AM,-8.48
10441,4/24/2023 1:29:00 AM,-8.54
10441,4/24/2023 1:29:00 AM,-8.42
10441,4/24/2023 1:29:00 AM,-8.36
10441,4/24/2023 1:29:00 AM,-8.42
10441,4/24/2023 1:30:00 AM,-8.60
10441,4/24/2023 1:30:00 AM,-8.66
10441,4/24/2023 1:30:00 AM,-8.72
10441,4/24/2023 1:30:00 AM,-8.90
10441,4/24/2023 1:30:00 AM,-8.84
10441,4/24/2023 1:30:00 AM,-9.08
10441,4/24/2023 1:30:00 AM,-8.96
10441,4/24/2023 1:30:00 AM,-9.08
10441,4/24/2023 1:31:00 AM,-9.14
10441,4/24/2023 1:31:00 AM,-9.26
10441,4/24/2023 1:31:00 AM,-9.44
10441,4/24/2023 1:31:00 AM,-9.50
10441,4/24/2023 1:31:00 AM,-9.62
10441,4/24/2023 1:31:00 AM,-9.68
10441,4/24/2023 1:31:00 AM,-10.04
10441,4/24/2023 1:31:00 AM,-10.16
10441,4/24/2023 1:31:00 AM,-10.40
10441,4/24/2023 1:32:00 AM,-10.45
10441,4/24/2023 1:32:00 AM,-10.51
10441,4/24/2023 1:32:00 AM,-10.63
10441,4/24/2023 1:32:00 AM,-10.28
10441,4/24/2023 1:32:00 AM,-10.22
10441,4/24/2023 1:32:00 AM,-10.28
10441,4/24/2023 1:32:00 AM,-10.40
10441,4/24/2023 1:32:00 AM,-10.51
10441,4/24/2023 1:32:00 AM,-10.57
10441,4/24/2023 1:33:00 AM,-10.69
10441,4/24/2023 1:33:00 AM,-10.87
10441,4/24/2023 1:33:00 AM,-10.81
10441,4/24/2023 1:33:00 AM,-10.75
10441,4/24/2023 1:33:00 AM,-10.87
10441,4/24/2023 1:33:00 AM,-11.05
10441,4/24/2023 1:33:00 AM,-10.81
10441,4/24/2023 1:33:00 AM,-11.23
10441,4/24/2023 1:33:00 AM,-11.11
10441,4/24/2023 1:33:00 AM,-10.93
10441,4/24/2023 1:33:00 AM,-11.05
10441,4/24/2023 1:33:00 AM,-10.99
10441,4/24/2023 1:34:00 AM,-11.17
10441,4/24/2023 1:34:00 AM,-11.29
10441,4/24/2023 1:34:00 AM,-11.23
10441,4/24/2023 1:34:00 AM,-11.29
10441,4/24/2023 1:34:00 AM,-11.23
10441,4/24/2023 1:34:00 AM,-11.17
10441,4/24/2023 1:34:00 AM,-11.29
10441,4/24/2023 1:34:00 AM,-11.47
10441,4/24/2023 1:34:00 AM,-11.41
10441,4/24/2023 1:34:00 AM,-11.35
10441,4/24/2023 1:34:00 AM,-11.29
10441,4/24/2023 1:35:00 AM,-11.65
10441,4/24/2023 1:35:00 AM,-11.59
10441,4/24/2023 1:35:00 AM,-11.77
10441,4/24/2023 1:35:00 AM,-11.53
10441,4/24/2023 1:35:00 AM,-11.71
10441,4/24/2023 1:35:00 AM,-11.41
10441,4/24/2023 1:35:00 AM,-12.19
10441,4/24/2023 1:35:00 AM,-12.01
10441,4/24/2023 1:35:00 AM,-11.83
10441,4/24/2023 1:35:00 AM,-11.59
10441,4/24/2023 1:35:00 AM,-11.89
10441,4/24/2023 1:35:00 AM,-11.71
10441,4/24/2023 1:35:00 AM,-11.47
10441,4/24/2023 1:36:00 AM,-11.65
10441,4/24/2023 1:36:00 AM,-11.53
10441,4/24/2023 1:36:00 AM,-11.59
10441,4/24/2023 1:36:00 AM,-11.65
10441,4/24/2023 1:36:00 AM,-11.71
10441,4/24/2023 1:36:00 AM,-11.77
10441,4/24/2023 1:36:00 AM,-11.83
10441,4/24/2023 1:36:00 AM,-11.77
10441,4/24/2023 1:36:00 AM,-11.71
10441,4/24/2023 1:36:00 AM,-11.65
10441,4/24/2023 1:37:00 AM,-11.71
10441,4/24/2023 1:37:00 AM,-11.77
10441,4/24/2023 1:37:00 AM,-11.59
10441,4/24/2023 1:37:00 AM,-11.65
10441,4/24/2023 1:37:00 AM,-11.59
10441,4/24/2023 1:37:00 AM,-11.83
10441,4/24/2023 1:37:00 AM,-11.77
10441,4/24/2023 1:37:00 AM,-11.89
10441,4/24/2023 1:37:00 AM,-11.77
10441,4/24/2023 1:37:00 AM,-11.95
10441,4/24/2023 1:37:00 AM,-12.01
10441,4/24/2023 1:37:00 AM,-12.07
10441,4/24/2023 1:38:00 AM,-12.13
10441,4/24/2023 1:38:00 AM,-12.31
10441,4/24/2023 1:38:00 AM,-12.19
10441,4/24/2023 1:38:00 AM,-12.01
10441,4/24/2023 1:38:00 AM,-11.89
10441,4/24/2023 1:38:00 AM,-12.43
10441,4/24/2023 1:38:00 AM,-12.19
10441,4/24/2023 1:38:00 AM,-12.07
10441,4/24/2023 1:38:00 AM,-12.13
10441,4/24/2023 1:38:00 AM,-12.01
10441,4/24/2023 1:38:00 AM,-11.77
10441,4/24/2023 1:38:00 AM,-12.19
10441,4/24/2023 1:38:00 AM,-12.25
10441,4/24/2023 1:38:00 AM,-12.43
10441,4/24/2023 1:38:00 AM,-12.13
10441,4/24/2023 1:39:00 AM,-12.07
10441,4/24/2023 1:39:00 AM,-12.01
10441,4/24/2023 1:39:00 AM,-11.89
10441,4/24/2023 1:39:00 AM,-11.95
10441,4/24/2023 1:39:00 AM,-12.01
10441,4/24/2023 1:39:00 AM,-12.07
10441,4/24/2023 1:39:00 AM,-12.13
10441,4/24/2023 1:39:00 AM,-12.01
10441,4/24/2023 1:39:00 AM,-12.13
10441,4/24/2023 1:39:00 AM,-12.07
10441,4/24/2023 1:39:00 AM,-12.13
10441,4/24/2023 1:39:00 AM,-12.07
10441,4/24/2023 1:39:00 AM,-11.83
10441,4/24/2023 1:40:00 AM,-12.13
10441,4/24/2023 1:40:00 AM,-11.95
10441,4/24/2023 1:40:00 AM,-11.83
10441,4/24/2023 1:40:00 AM,-11.95
10441,4/24/2023 1:40:00 AM,-12.01
10441,4/24/2023 1:40:00 AM,-11.89
10441,4/24/2023 1:40:00 AM,-11.77
10441,4/24/2023 1:40:00 AM,-11.71
10441,4/24/2023 1:40:00 AM,-11.95
10441,4/24/2023 1:40:00 AM,-11.89
10441,4/24/2023 1:40:00 AM,-12.19
10441,4/24/2023 1:40:00 AM,-11.89
10441,4/24/2023 1:41:00 AM,-12.07
10441,4/24/2023 1:41:00 AM,-12.01
10441,4/24/2023 1:41:00 AM,-12.19
10441,4/24/2023 1:41:00 AM,-12.01
10441,4/24/2023 1:41:00 AM,-12.13
10441,4/24/2023 1:41:00 AM,-12.01
10441,4/24/2023 1:41:00 AM,-11.95
10441,4/24/2023 1:41:00 AM,-12.13
10441,4/24/2023 1:41:00 AM,-12.07
10441,4/24/2023 1:41:00 AM,-12.13
10441,4/24/2023 1:41:00 AM,-12.07
10441,4/24/2023 1:41:00 AM,-12.13
10441,4/24/2023 1:42:00 AM,-12.07
10441,4/24/2023 1:42:00 AM,-11.95
10441,4/24/2023 1:42:00 AM,-11.89
10441,4/24/2023 1:42:00 AM,-11.29
10441,4/24/2023 1:42:00 AM,-11.89
10441,4/24/2023 1:42:00 AM,-12.31
10441,4/24/2023 1:42:00 AM,-12.43
10441,4/24/2023 1:42:00 AM,-12.25
10441,4/24/2023 1:42:00 AM,-11.83
10441,4/24/2023 1:42:00 AM,-12.07
10441,4/24/2023 1:42:00 AM,-12.01
10441,4/24/2023 1:42:00 AM,-11.65
10441,4/24/2023 1:43:00 AM,-11.95
10441,4/24/2023 1:43:00 AM,-11.77
10441,4/24/2023 1:43:00 AM,-11.83
10441,4/24/2023 1:43:00 AM,-11.89
10441,4/24/2023 1:43:00 AM,-11.95
10441,4/24/2023 1:43:00 AM,-11.59
10441,4/24/2023 1:43:00 AM,-11.65
10441,4/24/2023 1:43:00 AM,-11.53
10441,4/24/2023 1:43:00 AM,-11.59
10441,4/24/2023 1:43:00 AM,-11.77
10441,4/24/2023 1:43:00 AM,-11.83
10441,4/24/2023 1:44:00 AM,-11.83
10441,4/24/2023 1:44:00 AM,-11.89
10441,4/24/2023 1:44:00 AM,-11.71
10441,4/24/2023 1:44:00 AM,-11.65
10441,4/24/2023 1:44:00 AM,-11.71
10441,4/24/2023 1:44:00 AM,-11.65
10441,4/24/2023 1:44:00 AM,-11.71
10441,4/24/2023 1:44:00 AM,-11.65
10441,4/24/2023 1:44:00 AM,-11.77
10441,4/24/2023 1:45:00 AM,-11.59
10441,4/24/2023 1:45:00 AM,-11.77
10441,4/24/2023 1:45:00 AM,-11.71
10441,4/24/2023 1:45:00 AM,-11.53
10441,4/24/2023 1:45:00 AM,-11.41
10441,4/24/2023 1:45:00 AM,-11.53
10441,4/24/2023 1:45:00 AM,-11.59
10441,4/24/2023 1:45:00 AM,-11.41
10441,4/24/2023 1:45:00 AM,-11.53
10441,4/24/2023 1:45:00 AM,-11.17
10441,4/24/2023 1:45:00 AM,-11.65
10441,4/24/2023 1:45:00 AM,-11.23
10441,4/24/2023 1:45:00 AM,-11.53
10441,4/24/2023 1:46:00 AM,-11.53
10441,4/24/2023 1:46:00 AM,-11.47
10441,4/24/2023 1:46:00 AM,-11.41
10441,4/24/2023 1:46:00 AM,-11.35
10441,4/24/2023 1:46:00 AM,-11.47
10441,4/24/2023 1:46:00 AM,-11.41
10441,4/24/2023 1:46:00 AM,-11.65
10441,4/24/2023 1:46:00 AM,-11.53
10441,4/24/2023 1:46:00 AM,-11.77
10441,4/24/2023 1:46:00 AM,-11.59
10441,4/24/2023 1:47:00 AM,-11.41
10441,4/24/2023 1:47:00 AM,-11.53
10441,4/24/2023 1:47:00 AM,-11.47
10441,4/24/2023 1:47:00 AM,-11.53
10441,4/24/2023 1:47:00 AM,-11.59
10441,4/24/2023 1:47:00 AM,-11.71
10441,4/24/2023 1:47:00 AM,-11.53
10441,4/24/2023 1:47:00 AM,-11.59
10441,4/24/2023 1:47:00 AM,-11.41
10441,4/24/2023 1:47:00 AM,-11.47
10441,4/24/2023 1:48:00 AM,-11.59
10441,4/24/2023 1:48:00 AM,-11.71
10441,4/24/2023 1:48:00 AM,-11.65
10441,4/24/2023 1:48:00 AM,-11.59
10441,4/24/2023 1:48:00 AM,-11.53
10441,4/24/2023 1:49:00 AM,-11.59
10441,4/24/2023 1:49:00 AM,-11.65
10441,4/24/2023 1:49:00 AM,-11.71
10441,4/24/2023 1:50:00 AM,-11.77
10441,4/24/2023 1:50:00 AM,-11.83
10441,4/24/2023 1:50:00 AM,-11.77
10441,4/24/2023 1:51:00 AM,-11.71
10441,4/24/2023 1:51:00 AM,-11.65
10441,4/24/2023 1:51:00 AM,-11.53
10441,4/24/2023 1:51:00 AM,-11.47
10441,4/24/2023 1:51:00 AM,-11.41
10441,4/24/2023 1:51:00 AM,-11.47
10441,4/24/2023 1:51:00 AM,-11.35
10441,4/24/2023 1:52:00 AM,-11.23
10441,4/24/2023 1:52:00 AM,-11.11
10441,4/24/2023 1:52:00 AM,-11.05
10441,4/24/2023 1:52:00 AM,-10.99
10441,4/24/2023 1:52:00 AM,-10.93
10441,4/24/2023 1:52:00 AM,-10.87
10441,4/24/2023 1:52:00 AM,-10.75
10441,4/24/2023 1:53:00 AM,-10.40
10441,4/24/2023 1:53:00 AM,-10.34
10441,4/24/2023 1:53:00 AM,-10.28
10441,4/24/2023 1:53:00 AM,-10.34
10441,4/24/2023 1:53:00 AM,-10.40
10441,4/24/2023 1:53:00 AM,-10.69
10441,4/24/2023 1:53:00 AM,-10.63
10441,4/24/2023 1:53:00 AM,-10.57
10441,4/24/2023 1:53:00 AM,-10.45
10441,4/24/2023 1:53:00 AM,-10.40
10441,4/24/2023 1:53:00 AM,-10.45
10441,4/24/2023 1:54:00 AM,-9.92
10441,4/24/2023 1:54:00 AM,-9.98
10441,4/24/2023 1:54:00 AM,-9.86
10441,4/24/2023 1:54:00 AM,-10.34
10441,4/24/2023 1:54:00 AM,-10.28
10441,4/24/2023 1:54:00 AM,-10.22
10441,4/24/2023 1:54:00 AM,-10.16
10441,4/24/2023 1:54:00 AM,-10.10
10441,4/24/2023 1:54:00 AM,-9.98
10441,4/24/2023 1:55:00 AM,-9.80
10441,4/24/2023 1:55:00 AM,-9.02
10441,4/24/2023 1:55:00 AM,-10.93
10441,4/24/2023 1:55:00 AM,-9.92
10441,4/24/2023 1:55:00 AM,-10.10
10441,4/24/2023 1:55:00 AM,-10.04
10441,4/24/2023 1:55:00 AM,-10.34
10441,4/24/2023 1:55:00 AM,-9.92
10441,4/24/2023 1:55:00 AM,-9.74
10441,4/24/2023 1:55:00 AM,-9.86
10441,4/24/2023 1:55:00 AM,-9.80
10441,4/24/2023 1:55:00 AM,-9.86
10441,4/24/2023 1:55:00 AM,-10.04
10441,4/24/2023 1:56:00 AM,-10.22
10441,4/24/2023 1:56:00 AM,-10.16
10441,4/24/2023 1:56:00 AM,-9.80
10441,4/24/2023 1:56:00 AM,-9.92
10441,4/24/2023 1:56:00 AM,-10.22
10441,4/24/2023 1:56:00 AM,-9.98
10441,4/24/2023 1:56:00 AM,-9.92
10441,4/24/2023 1:56:00 AM,-10.04
10441,4/24/2023 1:56:00 AM,-10.10
10441,4/24/2023 1:57:00 AM,-10.22
10441,4/24/2023 1:57:00 AM,-10.28
10441,4/24/2023 1:58:00 AM,-10.34
10441,4/24/2023 1:58:00 AM,-10.40
10441,4/24/2023 1:58:00 AM,-10.45
10441,4/24/2023 1:59:00 AM,-10.57
10441,4/24/2023 1:59:00 AM,-10.63
10441,4/24/2023 1:59:00 AM,-10.69
10441,4/24/2023 2:01:00 AM,-10.75
10441,4/24/2023 2:01:00 AM,-10.87
10441,4/24/2023 2:01:00 AM,-10.99
10441,4/24/2023 2:01:00 AM,-10.93
10441,4/24/2023 2:02:00 AM,-11.11
10441,4/24/2023 2:02:00 AM,-11.05
10441,4/24/2023 2:02:00 AM,-10.93
10441,4/24/2023 2:02:00 AM,-11.05
10441,4/24/2023 2:02:00 AM,-10.99
10441,4/24/2023 2:02:00 AM,-10.87
10441,4/24/2023 2:02:00 AM,-10.99
10441,4/24/2023 2:02:00 AM,-10.93
10441,4/24/2023 2:02:00 AM,-10.99
10441,4/24/2023 2:02:00 AM,-11.05
10441,4/24/2023 2:02:00 AM,-10.99
10441,4/24/2023 2:03:00 AM,-10.93
10441,4/24/2023 2:03:00 AM,-11.05
10441,4/24/2023 2:03:00 AM,-11.41
10441,4/24/2023 2:03:00 AM,-11.05
10441,4/24/2023 2:03:00 AM,-11.17
10441,4/24/2023 2:03:00 AM,-11.35
10441,4/24/2023 2:03:00 AM,-10.99
10441,4/24/2023 2:03:00 AM,-11.05
10441,4/24/2023 2:03:00 AM,-10.99
10441,4/24/2023 2:03:00 AM,-11.11
10441,4/24/2023 2:03:00 AM,-10.99
10441,4/24/2023 2:03:00 AM,-11.11
10441,4/24/2023 2:03:00 AM,-11.17
10441,4/24/2023 2:04:00 AM,-11.17
10441,4/24/2023 2:04:00 AM,-10.16
10441,4/24/2023 2:04:00 AM,-10.99
10441,4/24/2023 2:04:00 AM,-11.05
10441,4/24/2023 2:04:00 AM,-11.23
10441,4/24/2023 2:04:00 AM,-10.99
10441,4/24/2023 2:04:00 AM,-11.29
10441,4/24/2023 2:04:00 AM,-10.87
10441,4/24/2023 2:04:00 AM,-11.11
10441,4/24/2023 2:04:00 AM,-12.43
10441,4/24/2023 2:04:00 AM,-10.75
10441,4/24/2023 2:04:00 AM,-10.87
10441,4/24/2023 2:04:00 AM,-11.95
10441,4/24/2023 2:04:00 AM,-10.81
10441,4/24/2023 2:05:00 AM,-12.43
10441,4/24/2023 2:05:00 AM,-11.23
10441,4/24/2023 2:05:00 AM,-11.71
10441,4/24/2023 2:05:00 AM,-11.05
10441,4/24/2023 2:05:00 AM,-11.11
10441,4/24/2023 2:05:00 AM,-11.05
10441,4/24/2023 2:05:00 AM,-11.29
10441,4/24/2023 2:05:00 AM,-10.99
10441,4/24/2023 2:05:00 AM,-11.17
10441,4/24/2023 2:05:00 AM,-11.05
10441,4/24/2023 2:05:00 AM,-10.99
10441,4/24/2023 2:05:00 AM,-11.17
10441,4/24/2023 2:05:00 AM,-10.99
10441,4/24/2023 2:05:00 AM,-11.11
10441,4/24/2023 2:06:00 AM,-11.05
10441,4/24/2023 2:06:00 AM,-11.11
10441,4/24/2023 2:06:00 AM,-11.05
10441,4/24/2023 2:06:00 AM,-11.17
10441,4/24/2023 2:06:00 AM,-11.23
10441,4/24/2023 2:06:00 AM,-11.17
10441,4/24/2023 2:07:00 AM,-11.11
10441,4/24/2023 2:07:00 AM,-11.05
10441,4/24/2023 2:07:00 AM,-11.11
10441,4/24/2023 2:07:00 AM,-11.17
10441,4/24/2023 2:08:00 AM,-11.11
10441,4/24/2023 2:08:00 AM,-11.05
10441,4/24/2023 2:08:00 AM,-10.99
10441,4/24/2023 2:08:00 AM,-10.93
10441,4/24/2023 2:08:00 AM,-10.87
10441,4/24/2023 2:08:00 AM,-10.81
10441,4/24/2023 2:09:00 AM,-10.75
10441,4/24/2023 2:09:00 AM,-10.81
10441,4/24/2023 2:09:00 AM,-10.75
10441,4/24/2023 2:09:00 AM,-10.69
10441,4/24/2023 2:09:00 AM,-10.57
10441,4/24/2023 2:09:00 AM,-10.45
10441,4/24/2023 2:10:00 AM,-10.40
10441,4/24/2023 2:10:00 AM,-10.45
10441,4/24/2023 2:10:00 AM,-10.28
10441,4/24/2023 2:10:00 AM,-10.22
10441,4/24/2023 2:10:00 AM,-10.28
10441,4/24/2023 2:10:00 AM,-10.40
10441,4/24/2023 2:10:00 AM,-10.28
10441,4/24/2023 2:11:00 AM,-10.40
10441,4/24/2023 2:11:00 AM,-10.28
10441,4/24/2023 2:11:00 AM,-10.22
10441,4/24/2023 2:11:00 AM,-10.34
10441,4/24/2023 2:11:00 AM,-10.28
10441,4/24/2023 2:11:00 AM,-10.34
10441,4/24/2023 2:11:00 AM,-10.28
10441,4/24/2023 2:11:00 AM,-10.22
10441,4/24/2023 2:11:00 AM,-10.16
10441,4/24/2023 2:11:00 AM,-10.22
10441,4/24/2023 2:11:00 AM,-10.34
10441,4/24/2023 2:12:00 AM,-9.98
10441,4/24/2023 2:12:00 AM,-10.10
10441,4/24/2023 2:12:00 AM,-10.04
10441,4/24/2023 2:12:00 AM,-9.92
10441,4/24/2023 2:12:00 AM,-9.80
10441,4/24/2023 2:12:00 AM,-9.92
10441,4/24/2023 2:12:00 AM,-10.22
10441,4/24/2023 2:12:00 AM,-10.10
10441,4/24/2023 2:12:00 AM,-9.98
10441,4/24/2023 2:12:00 AM,-10.10
10441,4/24/2023 2:12:00 AM,-9.98
10441,4/24/2023 2:12:00 AM,-9.92
10441,4/24/2023 2:12:00 AM,-10.22
10441,4/24/2023 2:12:00 AM,-10.16
10441,4/24/2023 2:13:00 AM,-9.74
10441,4/24/2023 2:13:00 AM,-9.68
10441,4/24/2023 2:13:00 AM,-9.74
10441,4/24/2023 2:13:00 AM,-9.62
10441,4/24/2023 2:13:00 AM,-9.56
10441,4/24/2023 2:13:00 AM,-9.50
10441,4/24/2023 2:13:00 AM,-9.32
10441,4/24/2023 2:13:00 AM,-9.74
10441,4/24/2023 2:13:00 AM,-9.80
10441,4/24/2023 2:13:00 AM,-9.86
10441,4/24/2023 2:13:00 AM,-9.56
10441,4/24/2023 2:13:00 AM,-9.50
10441,4/24/2023 2:13:00 AM,-9.44
10441,4/24/2023 2:14:00 AM,-9.26
10441,4/24/2023 2:14:00 AM,-9.50
10441,4/24/2023 2:14:00 AM,-9.44
10441,4/24/2023 2:14:00 AM,-9.50
10441,4/24/2023 2:14:00 AM,-9.38
10441,4/24/2023 2:14:00 AM,-9.56
10441,4/24/2023 2:14:00 AM,-9.50
10441,4/24/2023 2:14:00 AM,-9.56
10441,4/24/2023 2:14:00 AM,-9.50
10441,4/24/2023 2:14:00 AM,-9.38
10441,4/24/2023 2:14:00 AM,-9.44
10441,4/24/2023 2:15:00 AM,-9.38
10441,4/24/2023 2:15:00 AM,-9.32
10441,4/24/2023 2:15:00 AM,-9.38
10441,4/24/2023 2:15:00 AM,-9.44
10441,4/24/2023 2:15:00 AM,-9.38
10441,4/24/2023 2:15:00 AM,-9.62
10441,4/24/2023 2:15:00 AM,-9.80
10441,4/24/2023 2:15:00 AM,-9.68
10441,4/24/2023 2:16:00 AM,-9.56
10441,4/24/2023 2:16:00 AM,-9.50
10441,4/24/2023 2:16:00 AM,-9.56
10441,4/24/2023 2:16:00 AM,-9.50
10441,4/24/2023 2:16:00 AM,-9.32
10441,4/24/2023 2:16:00 AM,-9.62
10441,4/24/2023 2:16:00 AM,-8.96
10441,4/24/2023 2:16:00 AM,-9.44
10441,4/24/2023 2:16:00 AM,-9.68
10441,4/24/2023 2:16:00 AM,-9.02
10441,4/24/2023 2:16:00 AM,-8.84
10441,4/24/2023 2:16:00 AM,-9.38
10441,4/24/2023 2:16:00 AM,-9.08
10441,4/24/2023 2:17:00 AM,-9.38
10441,4/24/2023 2:17:00 AM,-9.32
10441,4/24/2023 2:17:00 AM,-9.62
10441,4/24/2023 2:17:00 AM,-9.44
10441,4/24/2023 2:17:00 AM,-9.86
10441,4/24/2023 2:17:00 AM,-9.38
10441,4/24/2023 2:17:00 AM,-9.32
10441,4/24/2023 2:17:00 AM,-9.26
10441,4/24/2023 2:17:00 AM,-9.44
10441,4/24/2023 2:17:00 AM,-9.50
10441,4/24/2023 2:17:00 AM,-9.44
10441,4/24/2023 2:18:00 AM,-9.26
10441,4/24/2023 2:18:00 AM,-9.38
10441,4/24/2023 2:18:00 AM,-9.32
10441,4/24/2023 2:18:00 AM,-9.20
10441,4/24/2023 2:18:00 AM,-9.44
10441,4/24/2023 2:18:00 AM,-9.38
10441,4/24/2023 2:18:00 AM,-9.20
10441,4/24/2023 2:18:00 AM,-9.38
10441,4/24/2023 2:18:00 AM,-9.26
10441,4/24/2023 2:18:00 AM,-9.32
10441,4/24/2023 2:19:00 AM,-9.26
10441,4/24/2023 2:19:00 AM,-9.32
10441,4/24/2023 2:19:00 AM,-9.26
10441,4/24/2023 2:19:00 AM,-9.50
10441,4/24/2023 2:19:00 AM,-9.14
10441,4/24/2023 2:19:00 AM,-9.50
10441,4/24/2023 2:19:00 AM,-9.62
10441,4/24/2023 2:19:00 AM,-9.92
10441,4/24/2023 2:19:00 AM,-9.56
10441,4/24/2023 2:19:00 AM,-9.02
10441,4/24/2023 2:19:00 AM,-9.56
10441,4/24/2023 2:19:00 AM,-9.14
10441,4/24/2023 2:19:00 AM,-9.86
10441,4/24/2023 2:19:00 AM,-9.32
10441,4/24/2023 2:20:00 AM,-9.32
10441,4/24/2023 2:20:00 AM,-9.74
10441,4/24/2023 2:20:00 AM,-9.80
10441,4/24/2023 2:20:00 AM,-9.68
10441,4/24/2023 2:20:00 AM,-9.62
10441,4/24/2023 2:20:00 AM,-9.56
10441,4/24/2023 2:20:00 AM,-9.62
10441,4/24/2023 2:20:00 AM,-9.68
10441,4/24/2023 2:20:00 AM,-9.62
10441,4/24/2023 2:20:00 AM,-9.68
10441,4/24/2023 2:21:00 AM,-9.62
10441,4/24/2023 2:21:00 AM,-9.74
10441,4/24/2023 2:21:00 AM,-9.68
10441,4/24/2023 2:21:00 AM,-9.74
10441,4/24/2023 2:21:00 AM,-9.68
10441,4/24/2023 2:21:00 AM,-9.80
10441,4/24/2023 2:21:00 AM,-9.80
10441,4/24/2023 2:21:00 AM,-9.92
10441,4/24/2023 2:21:00 AM,-9.80
10441,4/24/2023 2:21:00 AM,-9.68
10441,4/24/2023 2:21:00 AM,-9.56
10441,4/24/2023 2:21:00 AM,-10.04
10441,4/24/2023 2:21:00 AM,-9.86
10441,4/24/2023 2:22:00 AM,-9.74
10441,4/24/2023 2:22:00 AM,-9.80
10441,4/24/2023 2:22:00 AM,-9.74
10441,4/24/2023 2:22:00 AM,-9.80
10441,4/24/2023 2:22:00 AM,-9.92
10441,4/24/2023 2:22:00 AM,-9.86
10441,4/24/2023 2:22:00 AM,-9.98
10441,4/24/2023 2:22:00 AM,-10.04
10441,4/24/2023 2:23:00 AM,-10.04
10441,4/24/2023 2:23:00 AM,-9.98
10441,4/24/2023 2:23:00 AM,-10.10
10441,4/24/2023 2:23:00 AM,-10.04
10441,4/24/2023 2:23:00 AM,-10.16
10441,4/24/2023 2:23:00 AM,-10.10
10441,4/24/2023 2:24:00 AM,-10.22
10441,4/24/2023 2:24:00 AM,-10.28
10441,4/24/2023 2:24:00 AM,-10.34
10441,4/24/2023 2:24:00 AM,-10.40
10441,4/24/2023 2:24:00 AM,-10.28
10441,4/24/2023 2:24:00 AM,-10.22
10441,4/24/2023 2:24:00 AM,-10.34
10441,4/24/2023 2:24:00 AM,-10.40
10441,4/24/2023 2:24:00 AM,-10.28
10441,4/24/2023 2:24:00 AM,-10.34
10441,4/24/2023 2:24:00 AM,-10.22
10441,4/24/2023 2:25:00 AM,-10.57
10441,4/24/2023 2:25:00 AM,-10.51
10441,4/24/2023 2:25:00 AM,-10.57
10441,4/24/2023 2:25:00 AM,-10.40
10441,4/24/2023 2:25:00 AM,-10.45
10441,4/24/2023 2:25:00 AM,-10.16
10441,4/24/2023 2:25:00 AM,-10.63
10441,4/24/2023 2:25:00 AM,-9.98
10441,4/24/2023 2:25:00 AM,-10.16
10441,4/24/2023 2:25:00 AM,-9.92
10441,4/24/2023 2:25:00 AM,-9.98
10441,4/24/2023 2:25:00 AM,-10.40
10441,4/24/2023 2:25:00 AM,-10.45
10441,4/24/2023 2:25:00 AM,-10.34
10441,4/24/2023 2:26:00 AM,-9.80
10441,4/24/2023 2:26:00 AM,-10.16
10441,4/24/2023 2:26:00 AM,-10.51
10441,4/24/2023 2:26:00 AM,-10.57
10441,4/24/2023 2:26:00 AM,-10.40
10441,4/24/2023 2:26:00 AM,-10.51
10441,4/24/2023 2:26:00 AM,-10.69
10441,4/24/2023 2:26:00 AM,-10.16
10441,4/24/2023 2:26:00 AM,-10.04
10441,4/24/2023 2:26:00 AM,-10.63
10441,4/24/2023 2:26:00 AM,-10.40
10441,4/24/2023 2:26:00 AM,-10.51
10441,4/24/2023 2:26:00 AM,-10.45
10441,4/24/2023 2:27:00 AM,-9.08
10441,4/24/2023 2:27:00 AM,-10.81
10441,4/24/2023 2:27:00 AM,-10.45
10441,4/24/2023 2:27:00 AM,-10.51
10441,4/24/2023 2:27:00 AM,-10.40
10441,4/24/2023 2:27:00 AM,-10.51
10441,4/24/2023 2:27:00 AM,-9.44
10441,4/24/2023 2:27:00 AM,-9.26
10441,4/24/2023 2:27:00 AM,-9.14
10441,4/24/2023 2:27:00 AM,-10.45
10441,4/24/2023 2:27:00 AM,-10.34
10441,4/24/2023 2:27:00 AM,-10.22
10441,4/24/2023 2:27:00 AM,-10.10
10441,4/24/2023 2:27:00 AM,-10.04
10441,4/24/2023 2:27:00 AM,-9.62
10441,4/24/2023 2:28:00 AM,-8.66
10441,4/24/2023 2:28:00 AM,-8.54
10441,4/24/2023 2:28:00 AM,-8.48
10441,4/24/2023 2:28:00 AM,-8.54
10441,4/24/2023 2:28:00 AM,-8.42
10441,4/24/2023 2:28:00 AM,-8.36
10441,4/24/2023 2:28:00 AM,-8.24
10441,4/24/2023 2:28:00 AM,-9.14
10441,4/24/2023 2:28:00 AM,-9.08
10441,4/24/2023 2:28:00 AM,-9.14
10441,4/24/2023 2:28:00 AM,-8.42
10441,4/24/2023 2:28:00 AM,-9.32
10441,4/24/2023 2:28:00 AM,-8.48
10441,4/24/2023 2:29:00 AM,-7.70
10441,4/24/2023 2:29:00 AM,-7.41
10441,4/24/2023 2:29:00 AM,-8.48
10441,4/24/2023 2:29:00 AM,-8.66
10441,4/24/2023 2:29:00 AM,-8.60
10441,4/24/2023 2:29:00 AM,-8.12
10441,4/24/2023 2:29:00 AM,-7.94
10441,4/24/2023 2:29:00 AM,-7.82
10441,4/24/2023 2:29:00 AM,-7.58
10441,4/24/2023 2:29:00 AM,-7.76
10441,4/24/2023 2:29:00 AM,-7.58
10441,4/24/2023 2:29:00 AM,-7.46
10441,4/24/2023 2:29:00 AM,-7.70
10441,4/24/2023 2:29:00 AM,-7.82
10441,4/24/2023 2:30:00 AM,-6.99
10441,4/24/2023 2:30:00 AM,-6.93
10441,4/24/2023 2:30:00 AM,-7.11
10441,4/24/2023 2:30:00 AM,-6.99
10441,4/24/2023 2:30:00 AM,-7.05
10441,4/24/2023 2:30:00 AM,-6.69
10441,4/24/2023 2:30:00 AM,-6.57
10441,4/24/2023 2:30:00 AM,-6.63
10441,4/24/2023 2:30:00 AM,-6.87
10441,4/24/2023 2:30:00 AM,-6.75
10441,4/24/2023 2:30:00 AM,-6.63
10441,4/24/2023 2:31:00 AM,-6.87
10441,4/24/2023 2:31:00 AM,-7.05
10441,4/24/2023 2:31:00 AM,-6.87
10441,4/24/2023 2:31:00 AM,-6.69
10441,4/24/2023 2:31:00 AM,-6.27
10441,4/24/2023 2:31:00 AM,-6.03
10441,4/24/2023 2:31:00 AM,-6.81
10441,4/24/2023 2:31:00 AM,-6.03
10441,4/24/2023 2:31:00 AM,-5.97
10441,4/24/2023 2:31:00 AM,-6.27
10441,4/24/2023 2:31:00 AM,-6.45
10441,4/24/2023 2:31:00 AM,-6.27
10441,4/24/2023 2:31:00 AM,-6.63
10441,4/24/2023 2:31:00 AM,-6.93
10441,4/24/2023 2:32:00 AM,-5.43
10441,4/24/2023 2:32:00 AM,-5.55
10441,4/24/2023 2:32:00 AM,-5.97
10441,4/24/2023 2:32:00 AM,-5.61
10441,4/24/2023 2:32:00 AM,-5.67
10441,4/24/2023 2:32:00 AM,-5.85
10441,4/24/2023 2:32:00 AM,-5.97
10441,4/24/2023 2:32:00 AM,-6.27
10441,4/24/2023 2:32:00 AM,-6.15
10441,4/24/2023 2:32:00 AM,-5.97
10441,4/24/2023 2:32:00 AM,-5.49
10441,4/24/2023 2:33:00 AM,-5.79
10441,4/24/2023 2:33:00 AM,-5.67
10441,4/24/2023 2:33:00 AM,-5.55
10441,4/24/2023 2:33:00 AM,-5.79
10441,4/24/2023 2:33:00 AM,-5.55
10441,4/24/2023 2:33:00 AM,-5.91
10441,4/24/2023 2:33:00 AM,-6.03
10441,4/24/2023 2:33:00 AM,-6.15
10441,4/24/2023 2:33:00 AM,-6.03
10441,4/24/2023 2:33:00 AM,-6.51
10441,4/24/2023 2:33:00 AM,-6.21
10441,4/24/2023 2:34:00 AM,-4.95
10441,4/24/2023 2:34:00 AM,-5.61
10441,4/24/2023 2:34:00 AM,-5.37
10441,4/24/2023 2:34:00 AM,-5.49
10441,4/24/2023 2:34:00 AM,-5.37
10441,4/24/2023 2:34:00 AM,-5.49
10441,4/24/2023 2:34:00 AM,-5.85
10441,4/24/2023 2:34:00 AM,-6.09
10441,4/24/2023 2:34:00 AM,-6.39
10441,4/24/2023 2:34:00 AM,-6.45
10441,4/24/2023 2:34:00 AM,-6.51
10441,4/24/2023 2:34:00 AM,-6.39
10441,4/24/2023 2:35:00 AM,-6.51
10441,4/24/2023 2:35:00 AM,-6.21
10441,4/24/2023 2:35:00 AM,-5.79
10441,4/24/2023 2:35:00 AM,-5.73
10441,4/24/2023 2:35:00 AM,-5.85
10441,4/24/2023 2:35:00 AM,-6.03
10441,4/24/2023 2:35:00 AM,-7.23
10441,4/24/2023 2:35:00 AM,-7.17
10441,4/24/2023 2:35:00 AM,-6.21
10441,4/24/2023 2:35:00 AM,-6.93
10441,4/24/2023 2:35:00 AM,-7.23
10441,4/24/2023 2:35:00 AM,-6.75
10441,4/24/2023 2:35:00 AM,-6.99
10441,4/24/2023 2:35:00 AM,-7.35
10441,4/24/2023 2:36:00 AM,-7.11
10441,4/24/2023 2:36:00 AM,-7.41
10441,4/24/2023 2:36:00 AM,-7.17
10441,4/24/2023 2:36:00 AM,-7.23
10441,4/24/2023 2:36:00 AM,-7.17
10441,4/24/2023 2:36:00 AM,-7.29
10441,4/24/2023 2:36:00 AM,-7.17
10441,4/24/2023 2:36:00 AM,-7.11
10441,4/24/2023 2:36:00 AM,-7.35
10441,4/24/2023 2:36:00 AM,-7.17
10441,4/24/2023 2:36:00 AM,-6.99
10441,4/24/2023 2:36:00 AM,-7.05
10441,4/24/2023 2:36:00 AM,-6.99
10441,4/24/2023 2:37:00 AM,-8.24
10441,4/24/2023 2:37:00 AM,-8.12
10441,4/24/2023 2:37:00 AM,-8.18
10441,4/24/2023 2:37:00 AM,-7.41
10441,4/24/2023 2:37:00 AM,-7.46
10441,4/24/2023 2:37:00 AM,-7.41
10441,4/24/2023 2:37:00 AM,-7.58
10441,4/24/2023 2:37:00 AM,-7.76
10441,4/24/2023 2:37:00 AM,-7.94
10441,4/24/2023 2:38:00 AM,-8.30
10441,4/24/2023 2:38:00 AM,-8.60
10441,4/24/2023 2:38:00 AM,-8.54
10441,4/24/2023 2:38:00 AM,-8.36
10441,4/24/2023 2:38:00 AM,-8.60
10441,4/24/2023 2:38:00 AM,-8.96
10441,4/24/2023 2:38:00 AM,-8.84
10441,4/24/2023 2:38:00 AM,-8.12
10441,4/24/2023 2:38:00 AM,-8.30
10441,4/24/2023 2:38:00 AM,-8.24
10441,4/24/2023 2:38:00 AM,-8.48
10441,4/24/2023 2:38:00 AM,-8.54
10441,4/24/2023 2:38:00 AM,-8.66
10441,4/24/2023 2:39:00 AM,-9.02
10441,4/24/2023 2:39:00 AM,-9.26
10441,4/24/2023 2:39:00 AM,-9.08
10441,4/24/2023 2:39:00 AM,-8.96
10441,4/24/2023 2:39:00 AM,-8.90
10441,4/24/2023 2:39:00 AM,-9.14
10441,4/24/2023 2:39:00 AM,-9.50
10441,4/24/2023 2:39:00 AM,-9.62
10441,4/24/2023 2:39:00 AM,-9.26
10441,4/24/2023 2:39:00 AM,-9.32
10441,4/24/2023 2:39:00 AM,-9.20
10441,4/24/2023 2:39:00 AM,-9.32
10441,4/24/2023 2:39:00 AM,-9.38
10441,4/24/2023 2:39:00 AM,-9.56
10441,4/24/2023 2:40:00 AM,-9.56
10441,4/24/2023 2:40:00 AM,-9.50
10441,4/24/2023 2:40:00 AM,-9.62
10441,4/24/2023 2:40:00 AM,-9.56
10441,4/24/2023 2:40:00 AM,-9.44
10441,4/24/2023 2:40:00 AM,-9.74
10441,4/24/2023 2:40:00 AM,-9.62
10441,4/24/2023 2:40:00 AM,-9.98
10441,4/24/2023 2:40:00 AM,-9.92
10441,4/24/2023 2:40:00 AM,-9.68
10441,4/24/2023 2:40:00 AM,-10.04
10441,4/24/2023 2:40:00 AM,-10.10
10441,4/24/2023 2:40:00 AM,-10.04
10441,4/24/2023 2:40:00 AM,-10.10
10441,4/24/2023 2:40:00 AM,-10.16
10441,4/24/2023 2:41:00 AM,-9.74
10441,4/24/2023 2:41:00 AM,-9.68
10441,4/24/2023 2:41:00 AM,-10.10
10441,4/24/2023 2:41:00 AM,-10.04
10441,4/24/2023 2:41:00 AM,-9.98
10441,4/24/2023 2:41:00 AM,-9.74
10441,4/24/2023 2:41:00 AM,-9.68
10441,4/24/2023 2:41:00 AM,-9.26
10441,4/24/2023 2:41:00 AM,-9.38
10441,4/24/2023 2:41:00 AM,-9.44
10441,4/24/2023 2:41:00 AM,-9.26
10441,4/24/2023 2:42:00 AM,-9.32
10441,4/24/2023 2:42:00 AM,-9.50
10441,4/24/2023 2:42:00 AM,-9.20
10441,4/24/2023 2:42:00 AM,-9.44
10441,4/24/2023 2:42:00 AM,-9.20
10441,4/24/2023 2:42:00 AM,-9.26
10441,4/24/2023 2:42:00 AM,-9.02
10441,4/24/2023 2:42:00 AM,-8.90
10441,4/24/2023 2:42:00 AM,-9.02
10441,4/24/2023 2:43:00 AM,-9.14
10441,4/24/2023 2:43:00 AM,-8.66
10441,4/24/2023 2:43:00 AM,-9.02
10441,4/24/2023 2:43:00 AM,-8.90
10441,4/24/2023 2:43:00 AM,-9.02
10441,4/24/2023 2:43:00 AM,-8.90
10441,4/24/2023 2:43:00 AM,-9.14
10441,4/24/2023 2:43:00 AM,-8.90
10441,4/24/2023 2:43:00 AM,-8.78
10441,4/24/2023 2:43:00 AM,-8.72
10441,4/24/2023 2:43:00 AM,-8.84
10441,4/24/2023 2:43:00 AM,-8.78
10441,4/24/2023 2:44:00 AM,-8.60
10441,4/24/2023 2:44:00 AM,-8.66
10441,4/24/2023 2:44:00 AM,-8.48
10441,4/24/2023 2:44:00 AM,-8.42
10441,4/24/2023 2:44:00 AM,-8.48
10441,4/24/2023 2:44:00 AM,-8.54
10441,4/24/2023 2:44:00 AM,-8.60
10441,4/24/2023 2:44:00 AM,-8.54
10441,4/24/2023 2:44:00 AM,-8.48
10441,4/24/2023 2:44:00 AM,-8.36
10441,4/24/2023 2:44:00 AM,-8.42
10441,4/24/2023 2:44:00 AM,-8.60
10441,4/24/2023 2:45:00 AM,-8.42
10441,4/24/2023 2:45:00 AM,-8.36
10441,4/24/2023 2:45:00 AM,-8.42
10441,4/24/2023 2:45:00 AM,-8.36
10441,4/24/2023 2:45:00 AM,-8.30
10441,4/24/2023 2:45:00 AM,-8.36
10441,4/24/2023 2:45:00 AM,-8.30
10441,4/24/2023 2:45:00 AM,-8.36
10441,4/24/2023 2:45:00 AM,-8.30
10441,4/24/2023 2:45:00 AM,-8.42
10441,4/24/2023 2:46:00 AM,-8.30
10441,4/24/2023 2:46:00 AM,-8.42
10441,4/24/2023 2:46:00 AM,-8.54
10441,4/24/2023 2:46:00 AM,-8.12
10441,4/24/2023 2:46:00 AM,-8.42
10441,4/24/2023 2:46:00 AM,-8.30
10441,4/24/2023 2:46:00 AM,-8.42
10441,4/24/2023 2:46:00 AM,-8.48
10441,4/24/2023 2:46:00 AM,-8.42
10441,4/24/2023 2:46:00 AM,-8.48
10441,4/24/2023 2:46:00 AM,-8.36
10441,4/24/2023 2:46:00 AM,-8.30
10441,4/24/2023 2:47:00 AM,-8.36
10441,4/24/2023 2:47:00 AM,-8.54
10441,4/24/2023 2:47:00 AM,-8.42
10441,4/24/2023 2:47:00 AM,-8.60
10441,4/24/2023 2:47:00 AM,-8.54
10441,4/24/2023 2:47:00 AM,-8.48
10441,4/24/2023 2:47:00 AM,-8.54
10441,4/24/2023 2:47:00 AM,-8.48
10441,4/24/2023 2:47:00 AM,-8.90
10441,4/24/2023 2:47:00 AM,-8.84
10441,4/24/2023 2:47:00 AM,-8.72
10441,4/24/2023 2:47:00 AM,-8.48
10441,4/24/2023 2:48:00 AM,-8.54
10441,4/24/2023 2:48:00 AM,-8.66
10441,4/24/2023 2:48:00 AM,-8.72
10441,4/24/2023 2:48:00 AM,-8.78
10441,4/24/2023 2:48:00 AM,-8.84
10441,4/24/2023 2:48:00 AM,-8.90
10441,4/24/2023 2:49:00 AM,-9.14
10441,4/24/2023 2:49:00 AM,-9.02
10441,4/24/2023 2:49:00 AM,-9.32
10441,4/24/2023 2:49:00 AM,-8.96
10441,4/24/2023 2:49:00 AM,-9.14
10441,4/24/2023 2:49:00 AM,-9.26
10441,4/24/2023 2:49:00 AM,-9.14
10441,4/24/2023 2:50:00 AM,-9.44
10441,4/24/2023 2:50:00 AM,-9.20
10441,4/24/2023 2:50:00 AM,-9.32
10441,4/24/2023 2:50:00 AM,-8.66
10441,4/24/2023 2:50:00 AM,-9.14
10441,4/24/2023 2:50:00 AM,-9.20
10441,4/24/2023 2:50:00 AM,-9.14
10441,4/24/2023 2:50:00 AM,-9.08
10441,4/24/2023 2:50:00 AM,-9.26
10441,4/24/2023 2:50:00 AM,-9.20
10441,4/24/2023 2:50:00 AM,-9.26
10441,4/24/2023 2:50:00 AM,-9.32
10441,4/24/2023 2:50:00 AM,-9.26
10441,4/24/2023 2:50:00 AM,-9.14
10441,4/24/2023 2:51:00 AM,-9.14
10441,4/24/2023 2:51:00 AM,-9.08
10441,4/24/2023 2:51:00 AM,-9.02
10441,4/24/2023 2:51:00 AM,-8.96
10441,4/24/2023 2:51:00 AM,-8.84
10441,4/24/2023 2:51:00 AM,-8.90
10441,4/24/2023 2:51:00 AM,-8.84
10441,4/24/2023 2:51:00 AM,-9.02
10441,4/24/2023 2:51:00 AM,-9.08
10441,4/24/2023 2:51:00 AM,-8.96
10441,4/24/2023 2:52:00 AM,-9.14
10441,4/24/2023 2:52:00 AM,-9.08
10441,4/24/2023 2:52:00 AM,-8.96
10441,4/24/2023 2:52:00 AM,-8.90
10441,4/24/2023 2:52:00 AM,-9.20
10441,4/24/2023 2:52:00 AM,-9.14
10441,4/24/2023 2:52:00 AM,-9.20
10441,4/24/2023 2:52:00 AM,-9.14
10441,4/24/2023 2:52:00 AM,-9.02
10441,4/24/2023 2:52:00 AM,-9.14
10441,4/24/2023 2:52:00 AM,-8.96
10441,4/24/2023 2:53:00 AM,-9.14
10441,4/24/2023 2:53:00 AM,-9.02
10441,4/24/2023 2:53:00 AM,-8.96
10441,4/24/2023 2:53:00 AM,-8.90
10441,4/24/2023 2:53:00 AM,-9.02
10441,4/24/2023 2:53:00 AM,-8.96
10441,4/24/2023 2:53:00 AM,-8.84
10441,4/24/2023 2:53:00 AM,-9.02
10441,4/24/2023 2:53:00 AM,-9.20
10441,4/24/2023 2:53:00 AM,-9.02
10441,4/24/2023 2:53:00 AM,-8.96
10441,4/24/2023 2:54:00 AM,-9.14
10441,4/24/2023 2:54:00 AM,-9.08
10441,4/24/2023 2:54:00 AM,-9.20
10441,4/24/2023 2:54:00 AM,-9.26
10441,4/24/2023 2:54:00 AM,-9.20
10441,4/24/2023 2:54:00 AM,-9.38
10441,4/24/2023 2:54:00 AM,-9.32
10441,4/24/2023 2:54:00 AM,-9.20
10441,4/24/2023 2:54:00 AM,-9.02
10441,4/24/2023 2:54:00 AM,-8.96
10441,4/24/2023 2:54:00 AM,-9.02
10441,4/24/2023 2:55:00 AM,-9.26
10441,4/24/2023 2:55:00 AM,-9.20
10441,4/24/2023 2:55:00 AM,-9.26
10441,4/24/2023 2:55:00 AM,-9.20
10441,4/24/2023 2:55:00 AM,-9.26
10441,4/24/2023 2:55:00 AM,-9.32
10441,4/24/2023 2:55:00 AM,-9.50
10441,4/24/2023 2:55:00 AM,-9.56
10441,4/24/2023 2:56:00 AM,-9.32
10441,4/24/2023 2:56:00 AM,-9.26
10441,4/24/2023 2:56:00 AM,-9.20
10441,4/24/2023 2:56:00 AM,-9.44
10441,4/24/2023 2:56:00 AM,-9.62
10441,4/24/2023 2:56:00 AM,-9.74
10441,4/24/2023 2:56:00 AM,-9.92
10441,4/24/2023 2:56:00 AM,-9.80
10441,4/24/2023 2:56:00 AM,-9.74
10441,4/24/2023 2:56:00 AM,-9.86
10441,4/24/2023 2:56:00 AM,-10.04
10441,4/24/2023 2:56:00 AM,-9.98
10441,4/24/2023 2:57:00 AM,-10.10
10441,4/24/2023 2:57:00 AM,-10.28
10441,4/24/2023 2:57:00 AM,-10.22
10441,4/24/2023 2:57:00 AM,-10.34
10441,4/24/2023 2:57:00 AM,-10.51
10441,4/24/2023 2:57:00 AM,-10.34
10441,4/24/2023 2:57:00 AM,-10.34
10441,4/24/2023 2:57:00 AM,-9.44
10441,4/24/2023 2:57:00 AM,-10.63
10441,4/24/2023 2:57:00 AM,-10.34
10441,4/24/2023 2:57:00 AM,-10.04
10441,4/24/2023 2:57:00 AM,-10.34
10441,4/24/2023 2:57:00 AM,-10.57
10441,4/24/2023 2:58:00 AM,-10.69
10441,4/24/2023 2:58:00 AM,-10.63
10441,4/24/2023 2:58:00 AM,-10.69
10441,4/24/2023 2:58:00 AM,-10.75
10441,4/24/2023 2:58:00 AM,-10.63
10441,4/24/2023 2:58:00 AM,-10.63
10441,4/24/2023 2:58:00 AM,-10.93
10441,4/24/2023 2:58:00 AM,-10.69
10441,4/24/2023 2:58:00 AM,-10.28
10441,4/24/2023 2:58:00 AM,-10.69
10441,4/24/2023 2:58:00 AM,-10.57
10441,4/24/2023 2:59:00 AM,-10.93
10441,4/24/2023 2:59:00 AM,-10.63
10441,4/24/2023 2:59:00 AM,-10.69
10441,4/24/2023 2:59:00 AM,-10.87
10441,4/24/2023 2:59:00 AM,-10.75
10441,4/24/2023 2:59:00 AM,-10.57
10441,4/24/2023 2:59:00 AM,-10.51
10441,4/24/2023 2:59:00 AM,-10.45
10441,4/24/2023 2:59:00 AM,-10.28
10441,4/24/2023 3:00:00 AM,-10.16
10441,4/24/2023 3:00:00 AM,-9.98
10441,4/24/2023 3:00:00 AM,-9.86
10441,4/24/2023 3:00:00 AM,-10.22
10441,4/24/2023 3:00:00 AM,-9.98
10441,4/24/2023 3:00:00 AM,-10.22
10441,4/24/2023 3:00:00 AM,-10.16
10441,4/24/2023 3:00:00 AM,-10.10
10441,4/24/2023 3:00:00 AM,-10.16
10441,4/24/2023 3:00:00 AM,-10.40
10441,4/24/2023 3:00:00 AM,-9.98
10441,4/24/2023 3:01:00 AM,-9.98
10441,4/24/2023 3:01:00 AM,-10.04
10441,4/24/2023 3:01:00 AM,-10.10
10441,4/24/2023 3:01:00 AM,-10.04
10441,4/24/2023 3:01:00 AM,-10.10
10441,4/24/2023 3:01:00 AM,-10.04
10441,4/24/2023 3:01:00 AM,-9.92
10441,4/24/2023 3:01:00 AM,-9.98
10441,4/24/2023 3:01:00 AM,-10.04
10441,4/24/2023 3:02:00 AM,-10.22
10441,4/24/2023 3:02:00 AM,-10.34
10441,4/24/2023 3:02:00 AM,-10.22
10441,4/24/2023 3:02:00 AM,-10.16
10441,4/24/2023 3:02:00 AM,-10.45
10441,4/24/2023 3:02:00 AM,-10.22
10441,4/24/2023 3:02:00 AM,-10.22
10441,4/24/2023 3:02:00 AM,-10.16
10441,4/24/2023 3:02:00 AM,-10.22
10441,4/24/2023 3:02:00 AM,-10.04
10441,4/24/2023 3:02:00 AM,-9.86
10441,4/24/2023 3:02:00 AM,-10.16
10441,4/24/2023 3:03:00 AM,-10.16
10441,4/24/2023 3:03:00 AM,-10.04
10441,4/24/2023 3:03:00 AM,-9.74
10441,4/24/2023 3:03:00 AM,-10.34
10441,4/24/2023 3:03:00 AM,-10.22
10441,4/24/2023 3:03:00 AM,-9.80
10441,4/24/2023 3:03:00 AM,-9.62
10441,4/24/2023 3:03:00 AM,-9.80
10441,4/24/2023 3:03:00 AM,-9.50
10441,4/24/2023 3:03:00 AM,-10.10
10441,4/24/2023 3:03:00 AM,-9.98
10441,4/24/2023 3:03:00 AM,-9.44
10441,4/24/2023 3:03:00 AM,-10.45
10441,4/24/2023 3:03:00 AM,-9.86
10441,4/24/2023 3:03:00 AM,-9.80
10441,4/24/2023 3:04:00 AM,-9.92
10441,4/24/2023 3:04:00 AM,-9.74
10441,4/24/2023 3:04:00 AM,-9.68
10441,4/24/2023 3:04:00 AM,-9.56
10441,4/24/2023 3:04:00 AM,-9.38
10441,4/24/2023 3:04:00 AM,-9.32
10441,4/24/2023 3:04:00 AM,-9.50
10441,4/24/2023 3:04:00 AM,-9.44
10441,4/24/2023 3:05:00 AM,-9.32
10441,4/24/2023 3:05:00 AM,-9.14
10441,4/24/2023 3:05:00 AM,-9.20
10441,4/24/2023 3:05:00 AM,-9.26
10441,4/24/2023 3:05:00 AM,-9.14
10441,4/24/2023 3:05:00 AM,-9.02
10441,4/24/2023 3:06:00 AM,-8.84
10441,4/24/2023 3:06:00 AM,-8.90
10441,4/24/2023 3:06:00 AM,-9.14
10441,4/24/2023 3:06:00 AM,-9.08
10441,4/24/2023 3:06:00 AM,-9.02
10441,4/24/2023 3:06:00 AM,-9.08
10441,4/24/2023 3:06:00 AM,-9.02
10441,4/24/2023 3:06:00 AM,-8.84
10441,4/24/2023 3:06:00 AM,-8.96
10441,4/24/2023 3:07:00 AM,-8.78
10441,4/24/2023 3:07:00 AM,-8.84
10441,4/24/2023 3:07:00 AM,-8.78
10441,4/24/2023 3:07:00 AM,-8.72
10441,4/24/2023 3:07:00 AM,-8.78
10441,4/24/2023 3:07:00 AM,-8.84
10441,4/24/2023 3:07:00 AM,-8.78
10441,4/24/2023 3:07:00 AM,-8.84
10441,4/24/2023 3:07:00 AM,-8.96
10441,4/24/2023 3:08:00 AM,-8.90
10441,4/24/2023 3:08:00 AM,-9.02
10441,4/24/2023 3:08:00 AM,-8.90
10441,4/24/2023 3:08:00 AM,-8.96
10441,4/24/2023 3:08:00 AM,-9.02
10441,4/24/2023 3:08:00 AM,-9.08
10441,4/24/2023 3:08:00 AM,-8.90
10441,4/24/2023 3:08:00 AM,-9.02
10441,4/24/2023 3:08:00 AM,-9.08
10441,4/24/2023 3:08:00 AM,-9.26
10441,4/24/2023 3:08:00 AM,-9.02
10441,4/24/2023 3:08:00 AM,-8.90
10441,4/24/2023 3:09:00 AM,-8.66
10441,4/24/2023 3:09:00 AM,-8.84
10441,4/24/2023 3:09:00 AM,-8.48
10441,4/24/2023 3:09:00 AM,-8.84
10441,4/24/2023 3:09:00 AM,-8.66
10441,4/24/2023 3:09:00 AM,-8.48
10441,4/24/2023 3:09:00 AM,-8.84
10441,4/24/2023 3:09:00 AM,-8.90
10441,4/24/2023 3:09:00 AM,-8.60
10441,4/24/2023 3:09:00 AM,-8.84
10441,4/24/2023 3:09:00 AM,-8.96
10441,4/24/2023 3:09:00 AM,-8.72
10441,4/24/2023 3:09:00 AM,-8.84
10441,4/24/2023 3:10:00 AM,-8.66
10441,4/24/2023 3:10:00 AM,-8.72
10441,4/24/2023 3:10:00 AM,-8.78
10441,4/24/2023 3:10:00 AM,-8.72
10441,4/24/2023 3:10:00 AM,-8.66
10441,4/24/2023 3:10:00 AM,-8.72
10441,4/24/2023 3:10:00 AM,-8.78
10441,4/24/2023 3:10:00 AM,-8.72
10441,4/24/2023 3:10:00 AM,-8.78
10441,4/24/2023 3:10:00 AM,-8.84
10441,4/24/2023 3:10:00 AM,-8.66
10441,4/24/2023 3:10:00 AM,-8.60
10441,4/24/2023 3:11:00 AM,-8.54
10441,4/24/2023 3:11:00 AM,-8.54
10441,4/24/2023 3:11:00 AM,-8.60
10441,4/24/2023 3:11:00 AM,-8.54
10441,4/24/2023 3:11:00 AM,-8.60
10441,4/24/2023 3:12:00 AM,-8.66
10441,4/24/2023 3:12:00 AM,-8.78
10441,4/24/2023 3:12:00 AM,-8.90
10441,4/24/2023 3:12:00 AM,-8.96
10441,4/24/2023 3:12:00 AM,-9.08
10441,4/24/2023 3:12:00 AM,-8.96
10441,4/24/2023 3:13:00 AM,-8.96
10441,4/24/2023 3:13:00 AM,-9.26
10441,4/24/2023 3:13:00 AM,-8.96
10441,4/24/2023 3:13:00 AM,-8.84
10441,4/24/2023 3:13:00 AM,-8.90
10441,4/24/2023 3:13:00 AM,-9.08
10441,4/24/2023 3:13:00 AM,-8.96
10441,4/24/2023 3:13:00 AM,-9.02
10441,4/24/2023 3:13:00 AM,-8.90
10441,4/24/2023 3:14:00 AM,-9.02
10441,4/24/2023 3:14:00 AM,-9.08
10441,4/24/2023 3:14:00 AM,-9.26
10441,4/24/2023 3:14:00 AM,-9.08
10441,4/24/2023 3:14:00 AM,-8.96
10441,4/24/2023 3:15:00 AM,-9.08
10441,4/24/2023 3:15:00 AM,-9.20
10441,4/24/2023 3:15:00 AM,-9.26
10441,4/24/2023 3:15:00 AM,-9.08
10441,4/24/2023 3:15:00 AM,-9.02
10441,4/24/2023 3:15:00 AM,-8.96
10441,4/24/2023 3:15:00 AM,-8.84
10441,4/24/2023 3:15:00 AM,-9.08
10441,4/24/2023 3:15:00 AM,-9.20
10441,4/24/2023 3:16:00 AM,-9.32
10441,4/24/2023 3:16:00 AM,-9.38
10441,4/24/2023 3:16:00 AM,-9.86
10441,4/24/2023 3:16:00 AM,-9.92
10441,4/24/2023 3:16:00 AM,-9.44
10441,4/24/2023 3:16:00 AM,-9.50
10441,4/24/2023 3:16:00 AM,-9.62
10441,4/24/2023 3:16:00 AM,-9.68
10441,4/24/2023 3:16:00 AM,-9.62
10441,4/24/2023 3:16:00 AM,-9.92
10441,4/24/2023 3:17:00 AM,-9.98
10441,4/24/2023 3:17:00 AM,-10.04
10441,4/24/2023 3:17:00 AM,-10.10
10441,4/24/2023 3:17:00 AM,-10.28
10441,4/24/2023 3:17:00 AM,-10.22
10441,4/24/2023 3:17:00 AM,-10.34
10441,4/24/2023 3:17:00 AM,-10.40
10441,4/24/2023 3:17:00 AM,-10.45
10441,4/24/2023 3:18:00 AM,-10.51
10441,4/24/2023 3:18:00 AM,-10.57
10441,4/24/2023 3:18:00 AM,-10.51
10441,4/24/2023 3:18:00 AM,-10.45
10441,4/24/2023 3:18:00 AM,-10.57
10441,4/24/2023 3:18:00 AM,-10.51
10441,4/24/2023 3:18:00 AM,-10.81
10441,4/24/2023 3:18:00 AM,-10.45
10441,4/24/2023 3:18:00 AM,-10.63
10441,4/24/2023 3:18:00 AM,-10.69
10441,4/24/2023 3:18:00 AM,-10.87
10441,4/24/2023 3:18:00 AM,-10.99
10441,4/24/2023 3:18:00 AM,-10.93
10441,4/24/2023 3:19:00 AM,-10.93
10441,4/24/2023 3:19:00 AM,-10.87
10441,4/24/2023 3:19:00 AM,-10.81
10441,4/24/2023 3:19:00 AM,-10.87
10441,4/24/2023 3:19:00 AM,-10.99
10441,4/24/2023 3:19:00 AM,-10.81
10441,4/24/2023 3:19:00 AM,-11.59
10441,4/24/2023 3:19:00 AM,-10.75
10441,4/24/2023 3:19:00 AM,-10.87
10441,4/24/2023 3:19:00 AM,-11.17
10441,4/24/2023 3:19:00 AM,-11.29
10441,4/24/2023 3:19:00 AM,-11.41
10441,4/24/2023 3:19:00 AM,-11.47
10441,4/24/2023 3:20:00 AM,-11.53
10441,4/24/2023 3:20:00 AM,-11.47
10441,4/24/2023 3:20:00 AM,-11.29
10441,4/24/2023 3:20:00 AM,-11.17
10441,4/24/2023 3:20:00 AM,-11.11
10441,4/24/2023 3:20:00 AM,-11.17
10441,4/24/2023 3:20:00 AM,-11.23
10441,4/24/2023 3:20:00 AM,-11.29
10441,4/24/2023 3:20:00 AM,-11.23
10441,4/24/2023 3:20:00 AM,-11.47
10441,4/24/2023 3:21:00 AM,-11.71
10441,4/24/2023 3:21:00 AM,-11.59
10441,4/24/2023 3:21:00 AM,-11.65
10441,4/24/2023 3:21:00 AM,-11.77
10441,4/24/2023 3:21:00 AM,-11.71
10441,4/24/2023 3:21:00 AM,-11.77
10441,4/24/2023 3:21:00 AM,-11.65
10441,4/24/2023 3:21:00 AM,-11.83
10441,4/24/2023 3:21:00 AM,-11.89
10441,4/24/2023 3:22:00 AM,-12.31
10441,4/24/2023 3:22:00 AM,-12.25
10441,4/24/2023 3:22:00 AM,-12.31
10441,4/24/2023 3:22:00 AM,-12.37
10441,4/24/2023 3:22:00 AM,-12.31
10441,4/24/2023 3:22:00 AM,-11.77
10441,4/24/2023 3:22:00 AM,-12.13
10441,4/24/2023 3:22:00 AM,-12.25
10441,4/24/2023 3:23:00 AM,-12.25
10441,4/24/2023 3:23:00 AM,-12.31
10441,4/24/2023 3:23:00 AM,-12.37
10441,4/24/2023 3:23:00 AM,-12.43
10441,4/24/2023 3:23:00 AM,-12.37
10441,4/24/2023 3:23:00 AM,-12.31
10441,4/24/2023 3:23:00 AM,-12.07
10441,4/24/2023 3:23:00 AM,-12.25
10441,4/24/2023 3:23:00 AM,-12.13
10441,4/24/2023 3:24:00 AM,-12.19
10441,4/24/2023 3:24:00 AM,-12.31
10441,4/24/2023 3:24:00 AM,-12.25
10441,4/24/2023 3:24:00 AM,-12.13
10441,4/24/2023 3:24:00 AM,-12.01
10441,4/24/2023 3:24:00 AM,-12.13
10441,4/24/2023 3:24:00 AM,-12.25
10441,4/24/2023 3:24:00 AM,-12.19
10441,4/24/2023 3:24:00 AM,-12.37
10441,4/24/2023 3:25:00 AM,-12.31
10441,4/24/2023 3:25:00 AM,-12.25
10441,4/24/2023 3:25:00 AM,-11.95
10441,4/24/2023 3:25:00 AM,-11.89
10441,4/24/2023 3:25:00 AM,-11.65
10441,4/24/2023 3:25:00 AM,-12.07
10441,4/24/2023 3:25:00 AM,-11.71
10441,4/24/2023 3:25:00 AM,-11.35
10441,4/24/2023 3:25:00 AM,-12.19
10441,4/24/2023 3:25:00 AM,-11.11
10441,4/24/2023 3:25:00 AM,-11.53
10441,4/24/2023 3:25:00 AM,-11.83
10441,4/24/2023 3:26:00 AM,-11.95
10441,4/24/2023 3:26:00 AM,-11.89
10441,4/24/2023 3:26:00 AM,-11.83
10441,4/24/2023 3:26:00 AM,-11.89
10441,4/24/2023 3:26:00 AM,-11.83
10441,4/24/2023 3:26:00 AM,-11.71
10441,4/24/2023 3:26:00 AM,-11.89
10441,4/24/2023 3:26:00 AM,-11.77
10441,4/24/2023 3:26:00 AM,-11.71
10441,4/24/2023 3:26:00 AM,-11.65
10441,4/24/2023 3:26:00 AM,-11.59
10441,4/24/2023 3:27:00 AM,-11.47
10441,4/24/2023 3:27:00 AM,-11.29
10441,4/24/2023 3:27:00 AM,-11.47
10441,4/24/2023 3:27:00 AM,-11.53
10441,4/24/2023 3:27:00 AM,-11.71
10441,4/24/2023 3:27:00 AM,-11.89
10441,4/24/2023 3:27:00 AM,-11.77
10441,4/24/2023 3:27:00 AM,-11.71
10441,4/24/2023 3:27:00 AM,-11.53
10441,4/24/2023 3:27:00 AM,-11.59
10441,4/24/2023 3:27:00 AM,-11.71
10441,4/24/2023 3:28:00 AM,-11.35
10441,4/24/2023 3:28:00 AM,-11.29
10441,4/24/2023 3:28:00 AM,-11.59
10441,4/24/2023 3:28:00 AM,-11.65
10441,4/24/2023 3:28:00 AM,-11.59
10441,4/24/2023 3:28:00 AM,-11.53
10441,4/24/2023 3:28:00 AM,-11.47
10441,4/24/2023 3:28:00 AM,-11.41
10441,4/24/2023 3:28:00 AM,-11.65
10441,4/24/2023 3:28:00 AM,-11.53
10441,4/24/2023 3:29:00 AM,-11.11
10441,4/24/2023 3:29:00 AM,-11.17
10441,4/24/2023 3:29:00 AM,-10.81
10441,4/24/2023 3:29:00 AM,-11.23
10441,4/24/2023 3:29:00 AM,-10.99
10441,4/24/2023 3:29:00 AM,-10.93
10441,4/24/2023 3:29:00 AM,-11.17
10441,4/24/2023 3:29:00 AM,-11.05
10441,4/24/2023 3:29:00 AM,-10.99
10441,4/24/2023 3:30:00 AM,-10.75
10441,4/24/2023 3:30:00 AM,-11.05
10441,4/24/2023 3:30:00 AM,-10.87
10441,4/24/2023 3:30:00 AM,-11.29
10441,4/24/2023 3:30:00 AM,-10.81
10441,4/24/2023 3:30:00 AM,-11.47
10441,4/24/2023 3:30:00 AM,-11.11
10441,4/24/2023 3:30:00 AM,-11.17
10441,4/24/2023 3:30:00 AM,-11.11
10441,4/24/2023 3:30:00 AM,-11.23
10441,4/24/2023 3:30:00 AM,-11.35
10441,4/24/2023 3:30:00 AM,-11.65
10441,4/24/2023 3:30:00 AM,-11.41
10441,4/24/2023 3:30:00 AM,-11.35
10441,4/24/2023 3:30:00 AM,-11.17
10441,4/24/2023 3:31:00 AM,-11.59
10441,4/24/2023 3:31:00 AM,-11.65
10441,4/24/2023 3:31:00 AM,-11.17
10441,4/24/2023 3:31:00 AM,-11.23
10441,4/24/2023 3:31:00 AM,-11.35
10441,4/24/2023 3:31:00 AM,-11.41
10441,4/24/2023 3:31:00 AM,-11.47
10441,4/24/2023 3:31:00 AM,-11.53
10441,4/24/2023 3:31:00 AM,-11.59
10441,4/24/2023 3:31:00 AM,-11.83
10441,4/24/2023 3:31:00 AM,-11.71
10441,4/24/2023 3:32:00 AM,-11.71
10441,4/24/2023 3:32:00 AM,-11.83
10441,4/24/2023 3:32:00 AM,-11.71
10441,4/24/2023 3:32:00 AM,-11.95
10441,4/24/2023 3:32:00 AM,-11.83
10441,4/24/2023 3:32:00 AM,-11.71
10441,4/24/2023 3:32:00 AM,-11.95
10441,4/24/2023 3:32:00 AM,-12.01
10441,4/24/2023 3:32:00 AM,-12.07
10441,4/24/2023 3:32:00 AM,-12.49
10441,4/24/2023 3:32:00 AM,-12.55
10441,4/24/2023 3:32:00 AM,-12.25
10441,4/24/2023 3:32:00 AM,-12.13
10441,4/24/2023 3:33:00 AM,-12.01
10441,4/24/2023 3:33:00 AM,-11.53
10441,4/24/2023 3:33:00 AM,-11.59
10441,4/24/2023 3:33:00 AM,-11.77
10441,4/24/2023 3:33:00 AM,-11.95
10441,4/24/2023 3:33:00 AM,-12.01
10441,4/24/2023 3:33:00 AM,-11.95
10441,4/24/2023 3:33:00 AM,-11.65
10441,4/24/2023 3:33:00 AM,-11.59
10441,4/24/2023 3:33:00 AM,-11.95
10441,4/24/2023 3:33:00 AM,-12.37
10441,4/24/2023 3:33:00 AM,-12.19
10441,4/24/2023 3:33:00 AM,-11.89
10441,4/24/2023 3:33:00 AM,-11.83
10441,4/24/2023 3:33:00 AM,-11.71
10441,4/24/2023 3:34:00 AM,-11.41
10441,4/24/2023 3:34:00 AM,-11.35
10441,4/24/2023 3:34:00 AM,-11.11
10441,4/24/2023 3:34:00 AM,-11.23
10441,4/24/2023 3:34:00 AM,-11.11
10441,4/24/2023 3:34:00 AM,-11.23
10441,4/24/2023 3:34:00 AM,-11.65
10441,4/24/2023 3:34:00 AM,-11.59
10441,4/24/2023 3:34:00 AM,-11.53
10441,4/24/2023 3:35:00 AM,-10.75
10441,4/24/2023 3:35:00 AM,-10.69
10441,4/24/2023 3:35:00 AM,-10.75
10441,4/24/2023 3:35:00 AM,-10.81
10441,4/24/2023 3:35:00 AM,-10.75
10441,4/24/2023 3:35:00 AM,-10.87
10441,4/24/2023 3:35:00 AM,-11.11
10441,4/24/2023 3:35:00 AM,-10.99
10441,4/24/2023 3:35:00 AM,-10.81
10441,4/24/2023 3:36:00 AM,-10.93
10441,4/24/2023 3:36:00 AM,-11.17
10441,4/24/2023 3:36:00 AM,-11.11
10441,4/24/2023 3:36:00 AM,-11.29
10441,4/24/2023 3:36:00 AM,-11.11
10441,4/24/2023 3:36:00 AM,-11.29
10441,4/24/2023 3:36:00 AM,-11.11
10441,4/24/2023 3:36:00 AM,-11.35
10441,4/24/2023 3:36:00 AM,-10.99
10441,4/24/2023 3:36:00 AM,-11.05
10441,4/24/2023 3:36:00 AM,-10.69
10441,4/24/2023 3:36:00 AM,-10.99
10441,4/24/2023 3:37:00 AM,-11.29
10441,4/24/2023 3:37:00 AM,-11.11
10441,4/24/2023 3:37:00 AM,-11.35
10441,4/24/2023 3:37:00 AM,-11.23
10441,4/24/2023 3:37:00 AM,-11.35
10441,4/24/2023 3:37:00 AM,-11.29
10441,4/24/2023 3:37:00 AM,-11.23
10441,4/24/2023 3:37:00 AM,-11.17
10441,4/24/2023 3:37:00 AM,-11.41
10441,4/24/2023 3:37:00 AM,-11.35
10441,4/24/2023 3:37:00 AM,-11.35
10441,4/24/2023 3:37:00 AM,-11.11
10441,4/24/2023 3:38:00 AM,-11.59
10441,4/24/2023 3:38:00 AM,-12.07
10441,4/24/2023 3:38:00 AM,-11.53
10441,4/24/2023 3:38:00 AM,-11.95
10441,4/24/2023 3:38:00 AM,-11.77
10441,4/24/2023 3:38:00 AM,-11.71
10441,4/24/2023 3:38:00 AM,-11.47
10441,4/24/2023 3:38:00 AM,-11.53
10441,4/24/2023 3:38:00 AM,-11.59
10441,4/24/2023 3:38:00 AM,-11.53
10441,4/24/2023 3:38:00 AM,-11.35
10441,4/24/2023 3:38:00 AM,-11.59
10441,4/24/2023 3:38:00 AM,-11.23
10441,4/24/2023 3:39:00 AM,-11.53
10441,4/24/2023 3:39:00 AM,-11.65
10441,4/24/2023 3:39:00 AM,-11.59
10441,4/24/2023 3:39:00 AM,-11.53
10441,4/24/2023 3:39:00 AM,-11.77
10441,4/24/2023 3:39:00 AM,-11.59
10441,4/24/2023 3:39:00 AM,-11.47
10441,4/24/2023 3:39:00 AM,-11.35
10441,4/24/2023 3:39:00 AM,-11.59
10441,4/24/2023 3:40:00 AM,-11.47
10441,4/24/2023 3:40:00 AM,-11.59
10441,4/24/2023 3:40:00 AM,-11.71
10441,4/24/2023 3:40:00 AM,-11.77
10441,4/24/2023 3:40:00 AM,-11.41
10441,4/24/2023 3:40:00 AM,-11.53
10441,4/24/2023 3:40:00 AM,-11.59
10441,4/24/2023 3:40:00 AM,-11.65
10441,4/24/2023 3:40:00 AM,-11.59
10441,4/24/2023 3:40:00 AM,-11.71
10441,4/24/2023 3:41:00 AM,-12.91
10441,4/24/2023 3:41:00 AM,-12.43
10441,4/24/2023 3:41:00 AM,-12.37
10441,4/24/2023 3:41:00 AM,-12.43
10441,4/24/2023 3:41:00 AM,-12.25
10441,4/24/2023 3:41:00 AM,-11.83
10441,4/24/2023 3:41:00 AM,-11.95
10441,4/24/2023 3:41:00 AM,-12.31
10441,4/24/2023 3:41:00 AM,-12.13
10441,4/24/2023 3:41:00 AM,-12.07
10441,4/24/2023 3:41:00 AM,-12.37
10441,4/24/2023 3:41:00 AM,-11.47
10441,4/24/2023 3:42:00 AM,-12.19
10441,4/24/2023 3:42:00 AM,-12.13
10441,4/24/2023 3:42:00 AM,-12.07
10441,4/24/2023 3:42:00 AM,-12.19
10441,4/24/2023 3:42:00 AM,-12.31
10441,4/24/2023 3:42:00 AM,-12.37
10441,4/24/2023 3:42:00 AM,-11.47
10441,4/24/2023 3:42:00 AM,-12.07
10441,4/24/2023 3:43:00 AM,-12.19
10441,4/24/2023 3:43:00 AM,-12.25
10441,4/24/2023 3:43:00 AM,-12.31
10441,4/24/2023 3:43:00 AM,-12.07
10441,4/24/2023 3:43:00 AM,-12.31
10441,4/24/2023 3:43:00 AM,-12.25
10441,4/24/2023 3:43:00 AM,-12.31
10441,4/24/2023 3:43:00 AM,-12.25
10441,4/24/2023 3:44:00 AM,-12.31
10441,4/24/2023 3:44:00 AM,-12.37
10441,4/24/2023 3:44:00 AM,-12.43
10441,4/24/2023 3:44:00 AM,-12.49
10441,4/24/2023 3:44:00 AM,-12.43
10441,4/24/2023 3:44:00 AM,-12.55
10441,4/24/2023 3:44:00 AM,-12.61
10441,4/24/2023 3:45:00 AM,-12.67
10441,4/24/2023 3:45:00 AM,-12.61
10441,4/24/2023 3:45:00 AM,-12.55
10441,4/24/2023 3:45:00 AM,-12.37
10441,4/24/2023 3:45:00 AM,-12.73
10441,4/24/2023 3:45:00 AM,-12.37
10441,4/24/2023 3:45:00 AM,-12.55
10441,4/24/2023 3:45:00 AM,-12.25
10441,4/24/2023 3:46:00 AM,-11.83
10441,4/24/2023 3:46:00 AM,-12.19
10441,4/24/2023 3:46:00 AM,-12.07
10441,4/24/2023 3:46:00 AM,-12.13
10441,4/24/2023 3:46:00 AM,-12.07
10441,4/24/2023 3:46:00 AM,-12.01
10441,4/24/2023 3:46:00 AM,-11.95
10441,4/24/2023 3:47:00 AM,-11.47
10441,4/24/2023 3:47:00 AM,-11.53
10441,4/24/2023 3:47:00 AM,-11.41
10441,4/24/2023 3:47:00 AM,-11.29
10441,4/24/2023 3:47:00 AM,-11.71
10441,4/24/2023 3:47:00 AM,-11.77
10441,4/24/2023 3:47:00 AM,-11.71
10441,4/24/2023 3:47:00 AM,-11.65
10441,4/24/2023 3:47:00 AM,-11.77
10441,4/24/2023 3:47:00 AM,-11.59
10441,4/24/2023 3:47:00 AM,-11.71
10441,4/24/2023 3:47:00 AM,-11.95
10441,4/24/2023 3:48:00 AM,-11.05
10441,4/24/2023 3:48:00 AM,-11.11
10441,4/24/2023 3:48:00 AM,-10.87
10441,4/24/2023 3:48:00 AM,-10.81
10441,4/24/2023 3:48:00 AM,-10.99
10441,4/24/2023 3:48:00 AM,-11.17
10441,4/24/2023 3:48:00 AM,-11.11
10441,4/24/2023 3:48:00 AM,-11.05
10441,4/24/2023 3:48:00 AM,-10.99
10441,4/24/2023 3:48:00 AM,-10.87
10441,4/24/2023 3:48:00 AM,-10.81
10441,4/24/2023 3:49:00 AM,-10.45
10441,4/24/2023 3:49:00 AM,-10.28
10441,4/24/2023 3:49:00 AM,-10.75
10441,4/24/2023 3:49:00 AM,-10.63
10441,4/24/2023 3:49:00 AM,-10.69
10441,4/24/2023 3:49:00 AM,-10.57
10441,4/24/2023 3:49:00 AM,-10.40
10441,4/24/2023 3:50:00 AM,-10.28
10441,4/24/2023 3:50:00 AM,-10.45
10441,4/24/2023 3:50:00 AM,-10.40
10441,4/24/2023 3:50:00 AM,-10.45
10441,4/24/2023 3:50:00 AM,-10.57
10441,4/24/2023 3:50:00 AM,-10.45
10441,4/24/2023 3:50:00 AM,-10.10
10441,4/24/2023 3:50:00 AM,-10.40
10441,4/24/2023 3:50:00 AM,-10.57
10441,4/24/2023 3:50:00 AM,-10.34
10441,4/24/2023 3:50:00 AM,-10.57
10441,4/24/2023 3:50:00 AM,-10.22
10441,4/24/2023 3:50:00 AM,-10.40
10441,4/24/2023 3:50:00 AM,-10.28
10441,4/24/2023 3:50:00 AM,-10.34
10441,4/24/2023 3:51:00 AM,-10.45
10441,4/24/2023 3:51:00 AM,-10.40
10441,4/24/2023 3:51:00 AM,-10.34
10441,4/24/2023 3:51:00 AM,-10.28
10441,4/24/2023 3:51:00 AM,-10.51
10441,4/24/2023 3:52:00 AM,-10.22
10441,4/24/2023 3:52:00 AM,-10.16
10441,4/24/2023 3:52:00 AM,-10.16
10441,4/24/2023 3:52:00 AM,-9.98
10441,4/24/2023 3:52:00 AM,-10.10
10441,4/24/2023 3:52:00 AM,-10.16
10441,4/24/2023 3:52:00 AM,-10.10
10441,4/24/2023 3:52:00 AM,-10.45
10441,4/24/2023 3:52:00 AM,-10.40
10441,4/24/2023 3:52:00 AM,-10.10
10441,4/24/2023 3:52:00 AM,-9.92
10441,4/24/2023 3:52:00 AM,-10.22
10441,4/24/2023 3:53:00 AM,-10.34
10441,4/24/2023 3:53:00 AM,-10.04
10441,4/24/2023 3:53:00 AM,-9.92
10441,4/24/2023 3:53:00 AM,-9.98
10441,4/24/2023 3:53:00 AM,-9.62
10441,4/24/2023 3:53:00 AM,-10.22
10441,4/24/2023 3:53:00 AM,-10.10
10441,4/24/2023 3:53:00 AM,-9.98
10441,4/24/2023 3:53:00 AM,-10.04
10441,4/24/2023 3:53:00 AM,-9.86
10441,4/24/2023 3:53:00 AM,-9.98
10441,4/24/2023 3:54:00 AM,-9.74
10441,4/24/2023 3:54:00 AM,-9.80
10441,4/24/2023 3:54:00 AM,-9.74
10441,4/24/2023 3:54:00 AM,-9.56
10441,4/24/2023 3:54:00 AM,-9.62
10441,4/24/2023 3:54:00 AM,-9.56
10441,4/24/2023 3:54:00 AM,-9.80
10441,4/24/2023 3:54:00 AM,-9.56
10441,4/24/2023 3:54:00 AM,-9.68
10441,4/24/2023 3:54:00 AM,-9.56
10441,4/24/2023 3:54:00 AM,-9.68
10441,4/24/2023 3:55:00 AM,-9.50
10441,4/24/2023 3:55:00 AM,-9.74
10441,4/24/2023 3:55:00 AM,-9.68
10441,4/24/2023 3:55:00 AM,-9.74
10441,4/24/2023 3:55:00 AM,-9.68
10441,4/24/2023 3:55:00 AM,-9.56
10441,4/24/2023 3:55:00 AM,-9.74
10441,4/24/2023 3:55:00 AM,-9.68
10441,4/24/2023 3:55:00 AM,-9.62
10441,4/24/2023 3:55:00 AM,-9.56
10441,4/24/2023 3:55:00 AM,-9.68
10441,4/24/2023 3:56:00 AM,-9.38
10441,4/24/2023 3:56:00 AM,-9.26
10441,4/24/2023 3:56:00 AM,-9.08
10441,4/24/2023 3:56:00 AM,-9.20
10441,4/24/2023 3:56:00 AM,-9.38
10441,4/24/2023 3:56:00 AM,-9.44
10441,4/24/2023 3:56:00 AM,-9.26
10441,4/24/2023 3:56:00 AM,-9.44
10441,4/24/2023 3:56:00 AM,-9.68
10441,4/24/2023 3:56:00 AM,-9.56
10441,4/24/2023 3:57:00 AM,-9.20
10441,4/24/2023 3:57:00 AM,-9.38
10441,4/24/2023 3:57:00 AM,-9.08
10441,4/24/2023 3:57:00 AM,-9.20
10441,4/24/2023 3:57:00 AM,-9.14
10441,4/24/2023 3:57:00 AM,-9.32
10441,4/24/2023 3:57:00 AM,-9.26
10441,4/24/2023 3:57:00 AM,-9.20
10441,4/24/2023 3:57:00 AM,-9.08
10441,4/24/2023 3:57:00 AM,-9.26
10441,4/24/2023 3:57:00 AM,-9.20
10441,4/24/2023 3:57:00 AM,-9.14
10441,4/24/2023 3:58:00 AM,-9.08
10441,4/24/2023 3:58:00 AM,-9.02
10441,4/24/2023 3:58:00 AM,-9.26
10441,4/24/2023 3:58:00 AM,-9.08
10441,4/24/2023 3:58:00 AM,-9.20
10441,4/24/2023 3:58:00 AM,-8.78
10441,4/24/2023 3:58:00 AM,-9.20
10441,4/24/2023 3:58:00 AM,-9.26
10441,4/24/2023 3:58:00 AM,-9.14
10441,4/24/2023 3:59:00 AM,-8.96
10441,4/24/2023 3:59:00 AM,-9.02
10441,4/24/2023 3:59:00 AM,-9.08
10441,4/24/2023 3:59:00 AM,-9.02
10441,4/24/2023 4:00:00 AM,-8.96
10441,4/24/2023 4:00:00 AM,-9.14
10441,4/24/2023 4:00:00 AM,-9.08
10441,4/24/2023 4:00:00 AM,-9.50
10441,4/24/2023 4:00:00 AM,-9.32
10441,4/24/2023 4:00:00 AM,-8.90
10441,4/24/2023 4:00:00 AM,-9.02
10441,4/24/2023 4:00:00 AM,-9.08
10441,4/24/2023 4:00:00 AM,-9.14
10441,4/24/2023 4:00:00 AM,-9.02
10441,4/24/2023 4:00:00 AM,-8.96
10441,4/24/2023 4:00:00 AM,-9.08
10441,4/24/2023 4:01:00 AM,-8.84
10441,4/24/2023 4:01:00 AM,-8.66
10441,4/24/2023 4:01:00 AM,-8.72
10441,4/24/2023 4:01:00 AM,-8.66
10441,4/24/2023 4:02:00 AM,-8.42
10441,4/24/2023 4:02:00 AM,-8.36
10441,4/24/2023 4:02:00 AM,-8.48
10441,4/24/2023 4:02:00 AM,-8.36
10441,4/24/2023 4:02:00 AM,-8.60
10441,4/24/2023 4:02:00 AM,-8.54
10441,4/24/2023 4:02:00 AM,-8.48
10441,4/24/2023 4:03:00 AM,-8.48
10441,4/24/2023 4:03:00 AM,-8.36
10441,4/24/2023 4:03:00 AM,-8.30
10441,4/24/2023 4:03:00 AM,-8.24
10441,4/24/2023 4:03:00 AM,-8.36
10441,4/24/2023 4:03:00 AM,-8.54
10441,4/24/2023 4:03:00 AM,-8.48
10441,4/24/2023 4:03:00 AM,-8.54
10441,4/24/2023 4:03:00 AM,-8.48
10441,4/24/2023 4:03:00 AM,-8.42
10441,4/24/2023 4:04:00 AM,-8.42
10441,4/24/2023 4:04:00 AM,-8.72
10441,4/24/2023 4:04:00 AM,-8.66
10441,4/24/2023 4:04:00 AM,-8.78
10441,4/24/2023 4:04:00 AM,-8.54
10441,4/24/2023 4:04:00 AM,-8.42
10441,4/24/2023 4:04:00 AM,-8.60
10441,4/24/2023 4:04:00 AM,-8.42
10441,4/24/2023 4:04:00 AM,-8.54
10441,4/24/2023 4:04:00 AM,-8.48
10441,4/24/2023 4:04:00 AM,-8.42
10441,4/24/2023 4:04:00 AM,-8.36
10441,4/24/2023 4:05:00 AM,-8.30
10441,4/24/2023 4:05:00 AM,-8.48
10441,4/24/2023 4:05:00 AM,-8.54
10441,4/24/2023 4:05:00 AM,-8.48
10441,4/24/2023 4:05:00 AM,-8.36
10441,4/24/2023 4:05:00 AM,-8.42
10441,4/24/2023 4:06:00 AM,-8.84
10441,4/24/2023 4:06:00 AM,-8.54
10441,4/24/2023 4:06:00 AM,-8.60
10441,4/24/2023 4:06:00 AM,-8.42
10441,4/24/2023 4:06:00 AM,-8.60
10441,4/24/2023 4:06:00 AM,-8.66
10441,4/24/2023 4:06:00 AM,-8.84
10441,4/24/2023 4:06:00 AM,-8.36
10441,4/24/2023 4:07:00 AM,-8.54
10441,4/24/2023 4:07:00 AM,-8.36
10441,4/24/2023 4:07:00 AM,-8.42
10441,4/24/2023 4:07:00 AM,-8.36
10441,4/24/2023 4:07:00 AM,-8.30
10441,4/24/2023 4:07:00 AM,-8.36
10441,4/24/2023 4:07:00 AM,-8.30
10441,4/24/2023 4:07:00 AM,-8.36
10441,4/24/2023 4:08:00 AM,-8.30
10441,4/24/2023 4:08:00 AM,-7.76
10441,4/24/2023 4:08:00 AM,-8.24
10441,4/24/2023 4:08:00 AM,-8.36
10441,4/24/2023 4:08:00 AM,-8.42
10441,4/24/2023 4:08:00 AM,-8.30
10441,4/24/2023 4:08:00 AM,-8.42
10441,4/24/2023 4:08:00 AM,-8.06
10441,4/24/2023 4:08:00 AM,-8.18
10441,4/24/2023 4:08:00 AM,-8.12
10441,4/24/2023 4:08:00 AM,-8.18
10441,4/24/2023 4:08:00 AM,-8.30
10441,4/24/2023 4:09:00 AM,-8.06
10441,4/24/2023 4:09:00 AM,-8.78
10441,4/24/2023 4:09:00 AM,-8.36
10441,4/24/2023 4:09:00 AM,-8.24
10441,4/24/2023 4:09:00 AM,-8.06
10441,4/24/2023 4:09:00 AM,-8.12
10441,4/24/2023 4:09:00 AM,-8.18
10441,4/24/2023 4:10:00 AM,-8.24
10441,4/24/2023 4:10:00 AM,-8.18
10441,4/24/2023 4:10:00 AM,-8.12
10441,4/24/2023 4:10:00 AM,-8.24
10441,4/24/2023 4:10:00 AM,-8.30
10441,4/24/2023 4:11:00 AM,-8.06
10441,4/24/2023 4:11:00 AM,-8.18
10441,4/24/2023 4:11:00 AM,-8.24
10441,4/24/2023 4:11:00 AM,-8.18
10441,4/24/2023 4:11:00 AM,-8.24
10441,4/24/2023 4:11:00 AM,-8.18
10441,4/24/2023 4:11:00 AM,-8.12
10441,4/24/2023 4:11:00 AM,-8.18
10441,4/24/2023 4:11:00 AM,-8.06
10441,4/24/2023 4:11:00 AM,-8.24
10441,4/24/2023 4:12:00 AM,-8.06
10441,4/24/2023 4:12:00 AM,-8.12
10441,4/24/2023 4:12:00 AM,-8.36
10441,4/24/2023 4:12:00 AM,-8.18
10441,4/24/2023 4:12:00 AM,-8.24
10441,4/24/2023 4:12:00 AM,-8.06
10441,4/24/2023 4:12:00 AM,-8.12
10441,4/24/2023 4:12:00 AM,-8.18
10441,4/24/2023 4:12:00 AM,-8.12
10441,4/24/2023 4:12:00 AM,-8.12
10441,4/24/2023 4:12:00 AM,-8.18
10441,4/24/2023 4:12:00 AM,-8.24
10441,4/24/2023 4:13:00 AM,-7.76
10441,4/24/2023 4:13:00 AM,-8.18
10441,4/24/2023 4:13:00 AM,-8.00
10441,4/24/2023 4:13:00 AM,-7.94
10441,4/24/2023 4:13:00 AM,-7.88
10441,4/24/2023 4:13:00 AM,-7.94
10441,4/24/2023 4:13:00 AM,-8.18
10441,4/24/2023 4:13:00 AM,-8.30
10441,4/24/2023 4:13:00 AM,-7.52
10441,4/24/2023 4:13:00 AM,-8.06
10441,4/24/2023 4:14:00 AM,-7.88
10441,4/24/2023 4:14:00 AM,-7.94
10441,4/24/2023 4:14:00 AM,-8.00
10441,4/24/2023 4:14:00 AM,-8.06
10441,4/24/2023 4:14:00 AM,-7.94
10441,4/24/2023 4:14:00 AM,-8.00
10441,4/24/2023 4:14:00 AM,-7.88
10441,4/24/2023 4:14:00 AM,-7.94
10441,4/24/2023 4:14:00 AM,-7.88
10441,4/24/2023 4:15:00 AM,-7.94
10441,4/24/2023 4:15:00 AM,-7.88
10441,4/24/2023 4:15:00 AM,-8.00
10441,4/24/2023 4:15:00 AM,-7.94
10441,4/24/2023 4:15:00 AM,-7.76
10441,4/24/2023 4:15:00 AM,-8.12
10441,4/24/2023 4:15:00 AM,-7.76
10441,4/24/2023 4:15:00 AM,-7.70
10441,4/24/2023 4:15:00 AM,-8.06
10441,4/24/2023 4:15:00 AM,-8.00
10441,4/24/2023 4:16:00 AM,-7.82
10441,4/24/2023 4:16:00 AM,-8.00
10441,4/24/2023 4:16:00 AM,-8.06
10441,4/24/2023 4:16:00 AM,-8.00
10441,4/24/2023 4:16:00 AM,-8.12
10441,4/24/2023 4:16:00 AM,-8.00
10441,4/24/2023 4:16:00 AM,-7.94
10441,4/24/2023 4:16:00 AM,-8.00
10441,4/24/2023 4:16:00 AM,-7.94
10441,4/24/2023 4:16:00 AM,-8.00
10441,4/24/2023 4:16:00 AM,-7.94
10441,4/24/2023 4:16:00 AM,-8.06
10441,4/24/2023 4:17:00 AM,-7.88
10441,4/24/2023 4:17:00 AM,-7.94
10441,4/24/2023 4:17:00 AM,-8.00
10441,4/24/2023 4:17:00 AM,-7.88
10441,4/24/2023 4:17:00 AM,-7.94
10441,4/24/2023 4:17:00 AM,-7.88
10441,4/24/2023 4:17:00 AM,-7.82
10441,4/24/2023 4:17:00 AM,-7.88
10441,4/24/2023 4:17:00 AM,-8.00
10441,4/24/2023 4:17:00 AM,-7.76
10441,4/24/2023 4:17:00 AM,-7.82
10441,4/24/2023 4:18:00 AM,-8.00
10441,4/24/2023 4:18:00 AM,-7.94
10441,4/24/2023 4:18:00 AM,-7.88
10441,4/24/2023 4:18:00 AM,-7.82
10441,4/24/2023 4:18:00 AM,-8.06
10441,4/24/2023 4:18:00 AM,-8.00
10441,4/24/2023 4:18:00 AM,-7.88
10441,4/24/2023 4:18:00 AM,-8.00
10441,4/24/2023 4:18:00 AM,-7.88
10441,4/24/2023 4:18:00 AM,-7.64
10441,4/24/2023 4:18:00 AM,-7.94
10441,4/24/2023 4:18:00 AM,-7.76
10441,4/24/2023 4:19:00 AM,-7.88
10441,4/24/2023 4:19:00 AM,-7.58
10441,4/24/2023 4:19:00 AM,-7.76
10441,4/24/2023 4:19:00 AM,-7.88
10441,4/24/2023 4:19:00 AM,-8.30
10441,4/24/2023 4:19:00 AM,-7.82
10441,4/24/2023 4:19:00 AM,-8.18
10441,4/24/2023 4:19:00 AM,-8.00
10441,4/24/2023 4:19:00 AM,-7.82
10441,4/24/2023 4:19:00 AM,-7.94
10441,4/24/2023 4:19:00 AM,-7.82
10441,4/24/2023 4:19:00 AM,-8.12
10441,4/24/2023 4:19:00 AM,-7.76
10441,4/24/2023 4:19:00 AM,-8.42
10441,4/24/2023 4:20:00 AM,-8.54
10441,4/24/2023 4:20:00 AM,-8.24
10441,4/24/2023 4:20:00 AM,-8.48
10441,4/24/2023 4:20:00 AM,-8.24
10441,4/24/2023 4:20:00 AM,-8.48
10441,4/24/2023 4:20:00 AM,-8.06
10441,4/24/2023 4:20:00 AM,-7.94
10441,4/24/2023 4:20:00 AM,-8.30
10441,4/24/2023 4:20:00 AM,-8.24
10441,4/24/2023 4:20:00 AM,-8.12
10441,4/24/2023 4:20:00 AM,-8.24
10441,4/24/2023 4:20:00 AM,-8.12
10441,4/24/2023 4:20:00 AM,-8.06
10441,4/24/2023 4:21:00 AM,-8.00
10441,4/24/2023 4:21:00 AM,-7.94
10441,4/24/2023 4:21:00 AM,-8.00
10441,4/24/2023 4:21:00 AM,-8.30
10441,4/24/2023 4:21:00 AM,-8.24
10441,4/24/2023 4:21:00 AM,-8.24
10441,4/24/2023 4:21:00 AM,-8.30
10441,4/24/2023 4:21:00 AM,-8.06
10441,4/24/2023 4:21:00 AM,-8.18
10441,4/24/2023 4:21:00 AM,-8.30
10441,4/24/2023 4:22:00 AM,-8.36
10441,4/24/2023 4:22:00 AM,-8.42
10441,4/24/2023 4:22:00 AM,-8.36
10441,4/24/2023 4:22:00 AM,-8.48
10441,4/24/2023 4:22:00 AM,-8.42
10441,4/24/2023 4:22:00 AM,-8.54
10441,4/24/2023 4:23:00 AM,-8.66
10441,4/24/2023 4:23:00 AM,-8.78
10441,4/24/2023 4:23:00 AM,-8.84
10441,4/24/2023 4:23:00 AM,-8.90
10441,4/24/2023 4:24:00 AM,-8.96
10441,4/24/2023 4:24:00 AM,-9.02
10441,4/24/2023 4:25:00 AM,-8.90
10441,4/24/2023 4:25:00 AM,-8.96
10441,4/24/2023 4:25:00 AM,-9.02
10441,4/24/2023 4:25:00 AM,-8.72
10441,4/24/2023 4:25:00 AM,-8.36
10441,4/24/2023 4:25:00 AM,-8.84
10441,4/24/2023 4:25:00 AM,-8.48
10441,4/24/2023 4:25:00 AM,-8.96
10441,4/24/2023 4:25:00 AM,-8.84
10441,4/24/2023 4:25:00 AM,-9.26
10441,4/24/2023 4:25:00 AM,-9.02
10441,4/24/2023 4:25:00 AM,-8.90
10441,4/24/2023 4:25:00 AM,-8.84
10441,4/24/2023 4:26:00 AM,-8.84
10441,4/24/2023 4:26:00 AM,-9.68
10441,4/24/2023 4:26:00 AM,-9.08
10441,4/24/2023 4:26:00 AM,-9.20
10441,4/24/2023 4:26:00 AM,-9.02
10441,4/24/2023 4:26:00 AM,-9.32
10441,4/24/2023 4:26:00 AM,-9.14
10441,4/24/2023 4:26:00 AM,-9.02
10441,4/24/2023 4:26:00 AM,-9.08
10441,4/24/2023 4:26:00 AM,-8.96
10441,4/24/2023 4:27:00 AM,-9.02
10441,4/24/2023 4:27:00 AM,-8.96
10441,4/24/2023 4:27:00 AM,-8.90
10441,4/24/2023 4:27:00 AM,-8.84
10441,4/24/2023 4:27:00 AM,-8.96
10441,4/24/2023 4:27:00 AM,-8.90
10441,4/24/2023 4:28:00 AM,-8.96
10441,4/24/2023 4:28:00 AM,-8.78
10441,4/24/2023 4:28:00 AM,-8.72
10441,4/24/2023 4:28:00 AM,-8.66
10441,4/24/2023 4:29:00 AM,-9.14
10441,4/24/2023 4:29:00 AM,-8.78
10441,4/24/2023 4:29:00 AM,-8.96
10441,4/24/2023 4:29:00 AM,-8.84
10441,4/24/2023 4:29:00 AM,-8.78
10441,4/24/2023 4:29:00 AM,-8.96
10441,4/24/2023 4:29:00 AM,-8.84
10441,4/24/2023 4:29:00 AM,-8.78
10441,4/24/2023 4:29:00 AM,-8.84
10441,4/24/2023 4:29:00 AM,-8.84
10441,4/24/2023 4:29:00 AM,-8.60
10441,4/24/2023 4:29:00 AM,-8.90
10441,4/24/2023 4:30:00 AM,-9.08
10441,4/24/2023 4:30:00 AM,-8.84
10441,4/24/2023 4:30:00 AM,-8.96
10441,4/24/2023 4:30:00 AM,-8.96
10441,4/24/2023 4:30:00 AM,-8.90
10441,4/24/2023 4:30:00 AM,-9.02
10441,4/24/2023 4:30:00 AM,-8.72
10441,4/24/2023 4:30:00 AM,-8.66
10441,4/24/2023 4:30:00 AM,-9.14
10441,4/24/2023 4:30:00 AM,-8.90
10441,4/24/2023 4:30:00 AM,-8.72
10441,4/24/2023 4:30:00 AM,-8.90
10441,4/24/2023 4:30:00 AM,-8.96
10441,4/24/2023 4:30:00 AM,-9.08
10441,4/24/2023 4:30:00 AM,-9.02
10441,4/24/2023 4:31:00 AM,-8.78
10441,4/24/2023 4:31:00 AM,-8.84
10441,4/24/2023 4:31:00 AM,-8.72
10441,4/24/2023 4:31:00 AM,-8.84
10441,4/24/2023 4:31:00 AM,-8.54
10441,4/24/2023 4:31:00 AM,-8.66
10441,4/24/2023 4:31:00 AM,-8.84
10441,4/24/2023 4:32:00 AM,-8.54
10441,4/24/2023 4:32:00 AM,-8.96
10441,4/24/2023 4:32:00 AM,-8.66
10441,4/24/2023 4:32:00 AM,-8.78
10441,4/24/2023 4:32:00 AM,-8.60
10441,4/24/2023 4:32:00 AM,-8.54
10441,4/24/2023 4:32:00 AM,-8.42
10441,4/24/2023 4:32:00 AM,-8.60
10441,4/24/2023 4:32:00 AM,-8.54
10441,4/24/2023 4:32:00 AM,-8.66
10441,4/24/2023 4:32:00 AM,-8.54
10441,4/24/2023 4:33:00 AM,-8.72
10441,4/24/2023 4:33:00 AM,-8.66
10441,4/24/2023 4:33:00 AM,-8.60
10441,4/24/2023 4:33:00 AM,-8.54
10441,4/24/2023 4:33:00 AM,-8.66
10441,4/24/2023 4:33:00 AM,-8.60
10441,4/24/2023 4:33:00 AM,-8.54
10441,4/24/2023 4:33:00 AM,-8.60
10441,4/24/2023 4:34:00 AM,-8.54
10441,4/24/2023 4:34:00 AM,-8.36
10441,4/24/2023 4:34:00 AM,-8.48
10441,4/24/2023 4:34:00 AM,-8.54
10441,4/24/2023 4:34:00 AM,-8.60
10441,4/24/2023 4:34:00 AM,-8.66
10441,4/24/2023 4:34:00 AM,-8.72
10441,4/24/2023 4:34:00 AM,-8.60
10441,4/24/2023 4:35:00 AM,-8.48
10441,4/24/2023 4:35:00 AM,-8.36
10441,4/24/2023 4:35:00 AM,-8.42
10441,4/24/2023 4:35:00 AM,-8.48
10441,4/24/2023 4:35:00 AM,-8.54
10441,4/24/2023 4:35:00 AM,-8.48
10441,4/24/2023 4:35:00 AM,-8.42
10441,4/24/2023 4:35:00 AM,-8.60
10441,4/24/2023 4:36:00 AM,-8.60
10441,4/24/2023 4:36:00 AM,-8.42
10441,4/24/2023 4:36:00 AM,-8.60
10441,4/24/2023 4:36:00 AM,-8.30
10441,4/24/2023 4:36:00 AM,-8.42
10441,4/24/2023 4:36:00 AM,-8.54
10441,4/24/2023 4:36:00 AM,-8.54
10441,4/24/2023 4:36:00 AM,-8.60
10441,4/24/2023 4:36:00 AM,-8.54
10441,4/24/2023 4:36:00 AM,-8.66
10441,4/24/2023 4:36:00 AM,-8.90
10441,4/24/2023 4:36:00 AM,-8.78
10441,4/24/2023 4:37:00 AM,-8.60
10441,4/24/2023 4:37:00 AM,-8.42
10441,4/24/2023 4:37:00 AM,-8.30
10441,4/24/2023 4:37:00 AM,-8.36
10441,4/24/2023 4:37:00 AM,-8.18
10441,4/24/2023 4:37:00 AM,-8.48
10441,4/24/2023 4:37:00 AM,-8.30
10441,4/24/2023 4:37:00 AM,-8.00
10441,4/24/2023 4:37:00 AM,-8.30
10441,4/24/2023 4:37:00 AM,-8.24
10441,4/24/2023 4:37:00 AM,-8.30
10441,4/24/2023 4:37:00 AM,-8.42
10441,4/24/2023 4:37:00 AM,-8.36
10441,4/24/2023 4:38:00 AM,-8.18
10441,4/24/2023 4:38:00 AM,-8.36
10441,4/24/2023 4:38:00 AM,-8.30
10441,4/24/2023 4:38:00 AM,-8.30
10441,4/24/2023 4:38:00 AM,-8.24
10441,4/24/2023 4:38:00 AM,-8.18
10441,4/24/2023 4:38:00 AM,-8.24
10441,4/24/2023 4:38:00 AM,-8.42
10441,4/24/2023 4:38:00 AM,-8.06
10441,4/24/2023 4:38:00 AM,-8.24
10441,4/24/2023 4:39:00 AM,-9.02
10441,4/24/2023 4:39:00 AM,-8.30
10441,4/24/2023 4:39:00 AM,-8.36
10441,4/24/2023 4:39:00 AM,-8.42
10441,4/24/2023 4:39:00 AM,-8.72
10441,4/24/2023 4:39:00 AM,-8.48
10441,4/24/2023 4:39:00 AM,-8.66
10441,4/24/2023 4:39:00 AM,-8.30
10441,4/24/2023 4:39:00 AM,-8.36
10441,4/24/2023 4:39:00 AM,-8.42
10441,4/24/2023 4:39:00 AM,-8.48
10441,4/24/2023 4:40:00 AM,-8.72
10441,4/24/2023 4:40:00 AM,-8.60
10441,4/24/2023 4:40:00 AM,-8.54
10441,4/24/2023 4:40:00 AM,-8.66
10441,4/24/2023 4:40:00 AM,-8.54
10441,4/24/2023 4:40:00 AM,-8.60
10441,4/24/2023 4:40:00 AM,-8.54
10441,4/24/2023 4:40:00 AM,-8.72
10441,4/24/2023 4:40:00 AM,-8.48
10441,4/24/2023 4:40:00 AM,-8.42
10441,4/24/2023 4:41:00 AM,-8.42
10441,4/24/2023 4:41:00 AM,-8.42
10441,4/24/2023 4:41:00 AM,-8.78
10441,4/24/2023 4:41:00 AM,-8.18
10441,4/24/2023 4:41:00 AM,-8.48
10441,4/24/2023 4:41:00 AM,-8.42
10441,4/24/2023 4:41:00 AM,-8.60
10441,4/24/2023 4:41:00 AM,-8.60
10441,4/24/2023 4:41:00 AM,-8.72
10441,4/24/2023 4:41:00 AM,-8.54
10441,4/24/2023 4:41:00 AM,-8.60
10441,4/24/2023 4:41:00 AM,-8.48
10441,4/24/2023 4:41:00 AM,-8.60
10441,4/24/2023 4:42:00 AM,-8.60
10441,4/24/2023 4:42:00 AM,-8.54
10441,4/24/2023 4:42:00 AM,-8.78
10441,4/24/2023 4:42:00 AM,-8.48
10441,4/24/2023 4:42:00 AM,-8.54
10441,4/24/2023 4:42:00 AM,-8.60
10441,4/24/2023 4:42:00 AM,-8.54
10441,4/24/2023 4:42:00 AM,-8.42
10441,4/24/2023 4:43:00 AM,-8.48
10441,4/24/2023 4:43:00 AM,-8.90
10441,4/24/2023 4:43:00 AM,-8.48
10441,4/24/2023 4:43:00 AM,-8.90
10441,4/24/2023 4:43:00 AM,-8.42
10441,4/24/2023 4:43:00 AM,-8.36
10441,4/24/2023 4:43:00 AM,-8.42
10441,4/24/2023 4:43:00 AM,-8.36
10441,4/24/2023 4:44:00 AM,-8.30
10441,4/24/2023 4:44:00 AM,-8.24
10441,4/24/2023 4:44:00 AM,-8.30
10441,4/24/2023 4:44:00 AM,-8.24
10441,4/24/2023 4:44:00 AM,-8.36
10441,4/24/2023 4:44:00 AM,-8.42
10441,4/24/2023 4:44:00 AM,-8.36
10441,4/24/2023 4:44:00 AM,-8.60
10441,4/24/2023 4:44:00 AM,-8.18
10441,4/24/2023 4:44:00 AM,-8.24
10441,4/24/2023 4:44:00 AM,-8.30
10441,4/24/2023 4:44:00 AM,-8.36
10441,4/24/2023 4:44:00 AM,-8.24
10441,4/24/2023 4:45:00 AM,-8.30
10441,4/24/2023 4:45:00 AM,-8.48
10441,4/24/2023 4:45:00 AM,-8.12
10441,4/24/2023 4:45:00 AM,-8.24
10441,4/24/2023 4:45:00 AM,-8.18
10441,4/24/2023 4:45:00 AM,-8.24
10441,4/24/2023 4:45:00 AM,-8.30
10441,4/24/2023 4:45:00 AM,-8.54
10441,4/24/2023 4:45:00 AM,-8.36
10441,4/24/2023 4:45:00 AM,-8.30
10441,4/24/2023 4:45:00 AM,-8.24
10441,4/24/2023 4:45:00 AM,-8.36
10441,4/24/2023 4:46:00 AM,-8.18
10441,4/24/2023 4:46:00 AM,-8.30
10441,4/24/2023 4:46:00 AM,-8.36
10441,4/24/2023 4:46:00 AM,-8.42
10441,4/24/2023 4:46:00 AM,-8.60
10441,4/24/2023 4:46:00 AM,-8.30
10441,4/24/2023 4:46:00 AM,-8.42
10441,4/24/2023 4:47:00 AM,-8.24
10441,4/24/2023 4:47:00 AM,-8.36
10441,4/24/2023 4:47:00 AM,-8.54
10441,4/24/2023 4:47:00 AM,-8.60
10441,4/24/2023 4:47:00 AM,-8.72
10441,4/24/2023 4:47:00 AM,-8.54
10441,4/24/2023 4:47:00 AM,-8.30
10441,4/24/2023 4:47:00 AM,-8.48
10441,4/24/2023 4:47:00 AM,-8.42
10441,4/24/2023 4:48:00 AM,-9.14
10441,4/24/2023 4:48:00 AM,-8.72
10441,4/24/2023 4:48:00 AM,-8.78
10441,4/24/2023 4:48:00 AM,-8.60
10441,4/24/2023 4:48:00 AM,-8.84
10441,4/24/2023 4:48:00 AM,-8.66
10441,4/24/2023 4:48:00 AM,-8.66
10441,4/24/2023 4:48:00 AM,-8.72
10441,4/24/2023 4:48:00 AM,-8.78
10441,4/24/2023 4:49:00 AM,-8.72
10441,4/24/2023 4:49:00 AM,-8.66
10441,4/24/2023 4:49:00 AM,-8.72
10441,4/24/2023 4:49:00 AM,-8.60
10441,4/24/2023 4:49:00 AM,-9.08
10441,4/24/2023 4:49:00 AM,-8.84
10441,4/24/2023 4:49:00 AM,-9.02
10441,4/24/2023 4:49:00 AM,-8.90
10441,4/24/2023 4:49:00 AM,-8.84
10441,4/24/2023 4:49:00 AM,-9.14
10441,4/24/2023 4:50:00 AM,-8.90
10441,4/24/2023 4:50:00 AM,-8.96
10441,4/24/2023 4:50:00 AM,-8.78
10441,4/24/2023 4:50:00 AM,-8.72
10441,4/24/2023 4:50:00 AM,-8.48
10441,4/24/2023 4:50:00 AM,-8.90
10441,4/24/2023 4:50:00 AM,-9.26
10441,4/24/2023 4:50:00 AM,-8.96
10441,4/24/2023 4:50:00 AM,-8.90
10441,4/24/2023 4:50:00 AM,-8.84
10441,4/24/2023 4:50:00 AM,-9.14
10441,4/24/2023 4:50:00 AM,-9.08
10441,4/24/2023 4:50:00 AM,-9.14
10441,4/24/2023 4:51:00 AM,-9.14
10441,4/24/2023 4:51:00 AM,-9.08
10441,4/24/2023 4:51:00 AM,-9.02
10441,4/24/2023 4:51:00 AM,-8.90
10441,4/24/2023 4:51:00 AM,-8.90
10441,4/24/2023 4:51:00 AM,-9.02
10441,4/24/2023 4:51:00 AM,-8.90
10441,4/24/2023 4:51:00 AM,-9.32
10441,4/24/2023 4:51:00 AM,-8.96
10441,4/24/2023 4:51:00 AM,-9.20
10441,4/24/2023 4:51:00 AM,-9.44
10441,4/24/2023 4:51:00 AM,-9.14
10441,4/24/2023 4:51:00 AM,-9.08
10441,4/24/2023 4:52:00 AM,-9.02
10441,4/24/2023 4:52:00 AM,-9.08
10441,4/24/2023 4:52:00 AM,-9.14
10441,4/24/2023 4:52:00 AM,-9.02
10441,4/24/2023 4:52:00 AM,-8.96
10441,4/24/2023 4:52:00 AM,-9.02
10441,4/24/2023 4:52:00 AM,-9.14
10441,4/24/2023 4:52:00 AM,-9.02
10441,4/24/2023 4:52:00 AM,-8.96
10441,4/24/2023 4:53:00 AM,-8.90
10441,4/24/2023 4:53:00 AM,-8.96
10441,4/24/2023 4:53:00 AM,-8.84
10441,4/24/2023 4:53:00 AM,-8.90
10441,4/24/2023 4:53:00 AM,-8.84
10441,4/24/2023 4:53:00 AM,-8.90
10441,4/24/2023 4:54:00 AM,-9.02
10441,4/24/2023 4:54:00 AM,-9.08
10441,4/24/2023 4:54:00 AM,-9.02
10441,4/24/2023 4:54:00 AM,-9.26
10441,4/24/2023 4:54:00 AM,-8.90
10441,4/24/2023 4:54:00 AM,-9.02
10441,4/24/2023 4:54:00 AM,-9.08
10441,4/24/2023 4:54:00 AM,-8.90
10441,4/24/2023 4:54:00 AM,-8.96
10441,4/24/2023 4:54:00 AM,-9.02
10441,4/24/2023 4:54:00 AM,-8.78
10441,4/24/2023 4:54:00 AM,-8.96
10441,4/24/2023 4:55:00 AM,-9.20
10441,4/24/2023 4:55:00 AM,-9.02
10441,4/24/2023 4:55:00 AM,-9.14
10441,4/24/2023 4:55:00 AM,-9.08
10441,4/24/2023 4:55:00 AM,-9.14
10441,4/24/2023 4:55:00 AM,-9.32
10441,4/24/2023 4:55:00 AM,-9.26
10441,4/24/2023 4:56:00 AM,-9.32
10441,4/24/2023 4:56:00 AM,-9.44
10441,4/24/2023 4:56:00 AM,-9.50
10441,4/24/2023 4:57:00 AM,-9.62
10441,4/24/2023 4:57:00 AM,-9.68
10441,4/24/2023 4:57:00 AM,-9.56
10441,4/24/2023 4:57:00 AM,-9.50
10441,4/24/2023 4:57:00 AM,-9.44
10441,4/24/2023 4:57:00 AM,-9.50
10441,4/24/2023 4:57:00 AM,-9.56
10441,4/24/2023 4:57:00 AM,-9.62
10441,4/24/2023 4:58:00 AM,-9.44
10441,4/24/2023 4:58:00 AM,-9.56
10441,4/24/2023 4:58:00 AM,-9.50
10441,4/24/2023 4:58:00 AM,-9.38
10441,4/24/2023 4:58:00 AM,-9.80
10441,4/24/2023 4:58:00 AM,-9.86
10441,4/24/2023 4:58:00 AM,-9.50
10441,4/24/2023 4:59:00 AM,-9.02
10441,4/24/2023 4:59:00 AM,-9.44
10441,4/24/2023 4:59:00 AM,-9.62
10441,4/24/2023 4:59:00 AM,-9.56
10441,4/24/2023 4:59:00 AM,-9.50
10441,4/24/2023 4:59:00 AM,-9.44
10441,4/24/2023 4:59:00 AM,-9.38
10441,4/24/2023 4:59:00 AM,-9.32
10441,4/24/2023 5:00:00 AM,-9.26
10441,4/24/2023 5:00:00 AM,-9.32
10441,4/24/2023 5:00:00 AM,-9.26
10441,4/24/2023 5:00:00 AM,-9.32
10441,4/24/2023 5:01:00 AM,-9.50
10441,4/24/2023 5:01:00 AM,-9.32
10441,4/24/2023 5:01:00 AM,-9.38
10441,4/24/2023 5:01:00 AM,-9.32
10441,4/24/2023 5:01:00 AM,-9.38
10441,4/24/2023 5:01:00 AM,-9.50
10441,4/24/2023 5:01:00 AM,-9.38
10441,4/24/2023 5:01:00 AM,-9.44
10441,4/24/2023 5:01:00 AM,-9.50
10441,4/24/2023 5:01:00 AM,-9.44
10441,4/24/2023 5:01:00 AM,-9.32
10441,4/24/2023 5:01:00 AM,-9.20
10441,4/24/2023 5:02:00 AM,-9.44
10441,4/24/2023 5:02:00 AM,-9.56
10441,4/24/2023 5:02:00 AM,-9.62
10441,4/24/2023 5:02:00 AM,-9.50
10441,4/24/2023 5:02:00 AM,-9.44
10441,4/24/2023 5:02:00 AM,-9.56
10441,4/24/2023 5:02:00 AM,-9.50
10441,4/24/2023 5:02:00 AM,-9.44
10441,4/24/2023 5:02:00 AM,-9.50
10441,4/24/2023 5:02:00 AM,-9.62
10441,4/24/2023 5:03:00 AM,-9.74
10441,4/24/2023 5:03:00 AM,-9.68
10441,4/24/2023 5:03:00 AM,-9.62
10441,4/24/2023 5:03:00 AM,-9.56
10441,4/24/2023 5:03:00 AM,-9.62
10441,4/24/2023 5:04:00 AM,-9.56
10441,4/24/2023 5:04:00 AM,-9.50
10441,4/24/2023 5:04:00 AM,-9.32
10441,4/24/2023 5:04:00 AM,-9.62
10441,4/24/2023 5:04:00 AM,-9.68
10441,4/24/2023 5:04:00 AM,-9.62
10441,4/24/2023 5:04:00 AM,-9.56
10441,4/24/2023 5:04:00 AM,-9.62
10441,4/24/2023 5:04:00 AM,-9.56
10441,4/24/2023 5:04:00 AM,-9.62
10441,4/24/2023 5:05:00 AM,-9.50
10441,4/24/2023 5:05:00 AM,-9.44
10441,4/24/2023 5:05:00 AM,-9.56
10441,4/24/2023 5:05:00 AM,-9.62
10441,4/24/2023 5:05:00 AM,-9.50
10441,4/24/2023 5:05:00 AM,-9.44
10441,4/24/2023 5:05:00 AM,-9.56
10441,4/24/2023 5:05:00 AM,-9.44
10441,4/24/2023 5:05:00 AM,-9.20
10441,4/24/2023 5:06:00 AM,-9.44
10441,4/24/2023 5:06:00 AM,-9.32
10441,4/24/2023 5:06:00 AM,-9.26
10441,4/24/2023 5:06:00 AM,-9.14
10441,4/24/2023 5:06:00 AM,-9.38
10441,4/24/2023 5:06:00 AM,-9.26
10441,4/24/2023 5:06:00 AM,-9.20
10441,4/24/2023 5:06:00 AM,-8.96
10441,4/24/2023 5:06:00 AM,-9.14
10441,4/24/2023 5:07:00 AM,-8.96
10441,4/24/2023 5:07:00 AM,-8.90
10441,4/24/2023 5:07:00 AM,-9.20
10441,4/24/2023 5:07:00 AM,-8.66
10441,4/24/2023 5:07:00 AM,-8.90
10441,4/24/2023 5:07:00 AM,-8.78
10441,4/24/2023 5:07:00 AM,-9.08
10441,4/24/2023 5:07:00 AM,-9.02
10441,4/24/2023 5:07:00 AM,-9.14
10441,4/24/2023 5:07:00 AM,-9.02
10441,4/24/2023 5:07:00 AM,-9.08
10441,4/24/2023 5:07:00 AM,-8.90
10441,4/24/2023 5:07:00 AM,-9.14
10441,4/24/2023 5:07:00 AM,-9.20
10441,4/24/2023 5:07:00 AM,-9.02
10441,4/24/2023 5:08:00 AM,-9.08
10441,4/24/2023 5:08:00 AM,-9.20
10441,4/24/2023 5:08:00 AM,-9.38
10441,4/24/2023 5:08:00 AM,-9.14
10441,4/24/2023 5:08:00 AM,-9.08
10441,4/24/2023 5:08:00 AM,-9.26
10441,4/24/2023 5:08:00 AM,-9.38
10441,4/24/2023 5:08:00 AM,-9.08
10441,4/24/2023 5:08:00 AM,-9.14
10441,4/24/2023 5:08:00 AM,-9.20
10441,4/24/2023 5:08:00 AM,-9.14
10441,4/24/2023 5:09:00 AM,-9.32
10441,4/24/2023 5:09:00 AM,-9.38
10441,4/24/2023 5:09:00 AM,-9.44
10441,4/24/2023 5:09:00 AM,-9.38
10441,4/24/2023 5:09:00 AM,-9.44
10441,4/24/2023 5:09:00 AM,-9.38
10441,4/24/2023 5:09:00 AM,-9.50
10441,4/24/2023 5:09:00 AM,-9.56
10441,4/24/2023 5:10:00 AM,-9.50
10441,4/24/2023 5:10:00 AM,-9.44
10441,4/24/2023 5:10:00 AM,-9.80
10441,4/24/2023 5:10:00 AM,-9.62
10441,4/24/2023 5:10:00 AM,-9.56
10441,4/24/2023 5:10:00 AM,-9.44
10441,4/24/2023 5:10:00 AM,-9.74
10441,4/24/2023 5:10:00 AM,-9.62
10441,4/24/2023 5:10:00 AM,-9.50
10441,4/24/2023 5:10:00 AM,-9.56
10441,4/24/2023 5:10:00 AM,-9.62
10441,4/24/2023 5:10:00 AM,-9.68
10441,4/24/2023 5:10:00 AM,-9.62
10441,4/24/2023 5:10:00 AM,-9.50
10441,4/24/2023 5:11:00 AM,-9.68
10441,4/24/2023 5:11:00 AM,-9.62
10441,4/24/2023 5:11:00 AM,-9.74
10441,4/24/2023 5:11:00 AM,-9.80
10441,4/24/2023 5:11:00 AM,-9.92
10441,4/24/2023 5:11:00 AM,-9.86
10441,4/24/2023 5:11:00 AM,-9.80
10441,4/24/2023 5:11:00 AM,-9.74
10441,4/24/2023 5:11:00 AM,-9.80
10441,4/24/2023 5:11:00 AM,-9.62
10441,4/24/2023 5:12:00 AM,-9.86
10441,4/24/2023 5:12:00 AM,-9.68
10441,4/24/2023 5:12:00 AM,-9.50
10441,4/24/2023 5:12:00 AM,-9.86
10441,4/24/2023 5:12:00 AM,-9.62
10441,4/24/2023 5:12:00 AM,-9.68
10441,4/24/2023 5:12:00 AM,-9.92
10441,4/24/2023 5:13:00 AM,-10.10
10441,4/24/2023 5:13:00 AM,-9.92
10441,4/24/2023 5:13:00 AM,-10.16
10441,4/24/2023 5:13:00 AM,-9.20
10441,4/24/2023 5:13:00 AM,-10.16
10441,4/24/2023 5:13:00 AM,-10.04
10441,4/24/2023 5:13:00 AM,-10.28
10441,4/24/2023 5:13:00 AM,-10.10
10441,4/24/2023 5:13:00 AM,-10.16
10441,4/24/2023 5:13:00 AM,-9.86
10441,4/24/2023 5:13:00 AM,-9.80
10441,4/24/2023 5:14:00 AM,-10.28
10441,4/24/2023 5:14:00 AM,-10.22
10441,4/24/2023 5:14:00 AM,-10.16
10441,4/24/2023 5:14:00 AM,-10.22
10441,4/24/2023 5:14:00 AM,-10.10
10441,4/24/2023 5:14:00 AM,-10.10
10441,4/24/2023 5:14:00 AM,-10.04
10441,4/24/2023 5:14:00 AM,-10.16
10441,4/24/2023 5:14:00 AM,-10.22
10441,4/24/2023 5:14:00 AM,-10.10
10441,4/24/2023 5:15:00 AM,-10.75
10441,4/24/2023 5:15:00 AM,-10.57
10441,4/24/2023 5:15:00 AM,-10.81
10441,4/24/2023 5:15:00 AM,-10.22
10441,4/24/2023 5:15:00 AM,-10.93
10441,4/24/2023 5:15:00 AM,-11.05
10441,4/24/2023 5:15:00 AM,-10.75
10441,4/24/2023 5:15:00 AM,-10.87
10441,4/24/2023 5:15:00 AM,-10.16
10441,4/24/2023 5:15:00 AM,-10.28
10441,4/24/2023 5:15:00 AM,-10.34
10441,4/24/2023 5:15:00 AM,-10.63
10441,4/24/2023 5:16:00 AM,-10.51
10441,4/24/2023 5:16:00 AM,-10.57
10441,4/24/2023 5:16:00 AM,-10.63
10441,4/24/2023 5:16:00 AM,-10.69
10441,4/24/2023 5:16:00 AM,-10.63
10441,4/24/2023 5:16:00 AM,-10.45
10441,4/24/2023 5:16:00 AM,-10.69
10441,4/24/2023 5:16:00 AM,-10.75
10441,4/24/2023 5:16:00 AM,-10.63
10441,4/24/2023 5:16:00 AM,-10.75
10441,4/24/2023 5:17:00 AM,-10.87
10441,4/24/2023 5:17:00 AM,-10.93
10441,4/24/2023 5:17:00 AM,-10.87
10441,4/24/2023 5:17:00 AM,-11.05
10441,4/24/2023 5:17:00 AM,-10.81
10441,4/24/2023 5:17:00 AM,-10.87
10441,4/24/2023 5:17:00 AM,-10.81
10441,4/24/2023 5:17:00 AM,-10.93
10441,4/24/2023 5:17:00 AM,-10.69
10441,4/24/2023 5:17:00 AM,-10.81
10441,4/24/2023 5:18:00 AM,-10.93
10441,4/24/2023 5:18:00 AM,-10.87
10441,4/24/2023 5:18:00 AM,-11.11
10441,4/24/2023 5:18:00 AM,-11.17
10441,4/24/2023 5:18:00 AM,-11.23
10441,4/24/2023 5:18:00 AM,-11.17
10441,4/24/2023 5:18:00 AM,-11.11
10441,4/24/2023 5:18:00 AM,-10.99
10441,4/24/2023 5:19:00 AM,-10.57
10441,4/24/2023 5:19:00 AM,-10.81
10441,4/24/2023 5:19:00 AM,-10.87
10441,4/24/2023 5:19:00 AM,-10.81
10441,4/24/2023 5:19:00 AM,-10.87
10441,4/24/2023 5:19:00 AM,-10.81
10441,4/24/2023 5:19:00 AM,-10.69
10441,4/24/2023 5:20:00 AM,-10.69
10441,4/24/2023 5:20:00 AM,-10.63
10441,4/24/2023 5:20:00 AM,-10.57
10441,4/24/2023 5:20:00 AM,-10.51
10441,4/24/2023 5:20:00 AM,-10.57
10441,4/24/2023 5:20:00 AM,-10.45
10441,4/24/2023 5:20:00 AM,-10.34
10441,4/24/2023 5:21:00 AM,-10.16
10441,4/24/2023 5:21:00 AM,-10.10
10441,4/24/2023 5:21:00 AM,-9.98
10441,4/24/2023 5:21:00 AM,-10.28
10441,4/24/2023 5:21:00 AM,-10.34
10441,4/24/2023 5:21:00 AM,-10.28
10441,4/24/2023 5:21:00 AM,-10.16
10441,4/24/2023 5:21:00 AM,-10.10
10441,4/24/2023 5:22:00 AM,-9.92
10441,4/24/2023 5:22:00 AM,-9.86
10441,4/24/2023 5:22:00 AM,-9.92
10441,4/24/2023 5:22:00 AM,-9.86
10441,4/24/2023 5:22:00 AM,-9.74
10441,4/24/2023 5:22:00 AM,-9.80
10441,4/24/2023 5:22:00 AM,-9.68
10441,4/24/2023 5:22:00 AM,-9.62
10441,4/24/2023 5:22:00 AM,-9.50
10441,4/24/2023 5:22:00 AM,-9.62
10441,4/24/2023 5:22:00 AM,-9.56
10441,4/24/2023 5:23:00 AM,-9.44
10441,4/24/2023 5:23:00 AM,-9.32
10441,4/24/2023 5:23:00 AM,-9.26
10441,4/24/2023 5:23:00 AM,-9.32
10441,4/24/2023 5:23:00 AM,-9.26
10441,4/24/2023 5:24:00 AM,-8.54
10441,4/24/2023 5:24:00 AM,-8.60
10441,4/24/2023 5:24:00 AM,-8.54
10441,4/24/2023 5:24:00 AM,-8.36
10441,4/24/2023 5:24:00 AM,-8.24
10441,4/24/2023 5:24:00 AM,-9.14
10441,4/24/2023 5:24:00 AM,-9.08
10441,4/24/2023 5:24:00 AM,-9.02
10441,4/24/2023 5:24:00 AM,-8.90
10441,4/24/2023 5:24:00 AM,-8.96
10441,4/24/2023 5:24:00 AM,-8.84
10441,4/24/2023 5:25:00 AM,-8.30
10441,4/24/2023 5:25:00 AM,-8.24
10441,4/24/2023 5:25:00 AM,-8.18
10441,4/24/2023 5:25:00 AM,-8.00
10441,4/24/2023 5:25:00 AM,-8.06
10441,4/24/2023 5:25:00 AM,-8.00
10441,4/24/2023 5:25:00 AM,-7.70
10441,4/24/2023 5:25:00 AM,-7.76
10441,4/24/2023 5:25:00 AM,-7.64
10441,4/24/2023 5:25:00 AM,-7.58
10441,4/24/2023 5:26:00 AM,-7.46
10441,4/24/2023 5:26:00 AM,-7.94
10441,4/24/2023 5:26:00 AM,-8.24
10441,4/24/2023 5:26:00 AM,-8.12
10441,4/24/2023 5:26:00 AM,-8.00
10441,4/24/2023 5:26:00 AM,-7.64
10441,4/24/2023 5:26:00 AM,-7.52
10441,4/24/2023 5:26:00 AM,-7.82
10441,4/24/2023 5:26:00 AM,-7.88
10441,4/24/2023 5:26:00 AM,-7.82
10441,4/24/2023 5:26:00 AM,-7.70
10441,4/24/2023 5:27:00 AM,-5.97
10441,4/24/2023 5:27:00 AM,-6.15
10441,4/24/2023 5:27:00 AM,-6.69
10441,4/24/2023 5:27:00 AM,-6.45
10441,4/24/2023 5:27:00 AM,-6.81
10441,4/24/2023 5:27:00 AM,-6.45
10441,4/24/2023 5:27:00 AM,-7.52
10441,4/24/2023 5:27:00 AM,-7.35
10441,4/24/2023 5:27:00 AM,-7.23
10441,4/24/2023 5:27:00 AM,-7.17
10441,4/24/2023 5:27:00 AM,-6.81
10441,4/24/2023 5:27:00 AM,-6.69
10441,4/24/2023 5:28:00 AM,-6.51
10441,4/24/2023 5:28:00 AM,-6.63
10441,4/24/2023 5:28:00 AM,-6.75
10441,4/24/2023 5:28:00 AM,-6.81
10441,4/24/2023 5:28:00 AM,-6.81
10441,4/24/2023 5:28:00 AM,-6.63
10441,4/24/2023 5:28:00 AM,-6.51
10441,4/24/2023 5:28:00 AM,-6.69
10441,4/24/2023 5:28:00 AM,-6.69
10441,4/24/2023 5:28:00 AM,-6.45
10441,4/24/2023 5:28:00 AM,-6.93
10441,4/24/2023 5:28:00 AM,-6.87
10441,4/24/2023 5:29:00 AM,-6.63
10441,4/24/2023 5:29:00 AM,-6.75
10441,4/24/2023 5:29:00 AM,-6.63
10441,4/24/2023 5:29:00 AM,-6.81
10441,4/24/2023 5:29:00 AM,-6.93
10441,4/24/2023 5:29:00 AM,-7.05
10441,4/24/2023 5:30:00 AM,-7.23
10441,4/24/2023 5:30:00 AM,-7.11
10441,4/24/2023 5:30:00 AM,-7.17
10441,4/24/2023 5:30:00 AM,-7.29
10441,4/24/2023 5:30:00 AM,-7.11
10441,4/24/2023 5:30:00 AM,-7.05
10441,4/24/2023 5:30:00 AM,-6.93
10441,4/24/2023 5:30:00 AM,-6.81
10441,4/24/2023 5:30:00 AM,-6.69
10441,4/24/2023 5:30:00 AM,-6.57
10441,4/24/2023 5:30:00 AM,-6.45
10441,4/24/2023 5:31:00 AM,-6.75
10441,4/24/2023 5:31:00 AM,-6.93
10441,4/24/2023 5:31:00 AM,-6.87
10441,4/24/2023 5:31:00 AM,-6.39
10441,4/24/2023 5:31:00 AM,-6.57
10441,4/24/2023 5:31:00 AM,-6.63
10441,4/24/2023 5:31:00 AM,-6.69
10441,4/24/2023 5:31:00 AM,-6.63
10441,4/24/2023 5:31:00 AM,-6.57
10441,4/24/2023 5:32:00 AM,-6.93
10441,4/24/2023 5:32:00 AM,-6.81
10441,4/24/2023 5:32:00 AM,-6.87
10441,4/24/2023 5:32:00 AM,-6.81
10441,4/24/2023 5:32:00 AM,-6.69
10441,4/24/2023 5:32:00 AM,-6.63
10441,4/24/2023 5:33:00 AM,-6.81
10441,4/24/2023 5:33:00 AM,-6.75
10441,4/24/2023 5:33:00 AM,-6.69
10441,4/24/2023 5:33:00 AM,-6.57
10441,4/24/2023 5:33:00 AM,-6.45
10441,4/24/2023 5:33:00 AM,-6.69
10441,4/24/2023 5:33:00 AM,-6.57
10441,4/24/2023 5:33:00 AM,-6.69
10441,4/24/2023 5:33:00 AM,-6.39
10441,4/24/2023 5:33:00 AM,-6.45
10441,4/24/2023 5:33:00 AM,-6.57
10441,4/24/2023 5:33:00 AM,-6.51
10441,4/24/2023 5:34:00 AM,-6.69
10441,4/24/2023 5:34:00 AM,-6.99
10441,4/24/2023 5:34:00 AM,-7.05
10441,4/24/2023 5:34:00 AM,-7.11
10441,4/24/2023 5:34:00 AM,-6.99
10441,4/24/2023 5:34:00 AM,-6.87
10441,4/24/2023 5:34:00 AM,-7.11
10441,4/24/2023 5:34:00 AM,-6.93
10441,4/24/2023 5:34:00 AM,-6.63
10441,4/24/2023 5:34:00 AM,-6.69
10441,4/24/2023 5:34:00 AM,-6.87
10441,4/24/2023 5:34:00 AM,-6.75
10441,4/24/2023 5:34:00 AM,-6.87
10441,4/24/2023 5:34:00 AM,-6.99
10441,4/24/2023 5:34:00 AM,-7.17
10441,4/24/2023 5:35:00 AM,-6.57
10441,4/24/2023 5:35:00 AM,-6.87
10441,4/24/2023 5:35:00 AM,-7.35
10441,4/24/2023 5:35:00 AM,-7.17
10441,4/24/2023 5:35:00 AM,-7.23
10441,4/24/2023 5:35:00 AM,-7.11
10441,4/24/2023 5:35:00 AM,-7.23
10441,4/24/2023 5:35:00 AM,-7.11
10441,4/24/2023 5:35:00 AM,-7.11
10441,4/24/2023 5:35:00 AM,-6.81
10441,4/24/2023 5:35:00 AM,-6.93
10441,4/24/2023 5:35:00 AM,-7.05
10441,4/24/2023 5:35:00 AM,-7.11
10441,4/24/2023 5:35:00 AM,-7.29
10441,4/24/2023 5:36:00 AM,-7.29
10441,4/24/2023 5:36:00 AM,-7.46
10441,4/24/2023 5:36:00 AM,-7.29
10441,4/24/2023 5:36:00 AM,-7.23
10441,4/24/2023 5:36:00 AM,-7.05
10441,4/24/2023 5:36:00 AM,-7.29
10441,4/24/2023 5:36:00 AM,-7.05
10441,4/24/2023 5:36:00 AM,-7.23
10441,4/24/2023 5:36:00 AM,-7.17
10441,4/24/2023 5:36:00 AM,-7.35
10441,4/24/2023 5:36:00 AM,-7.41
10441,4/24/2023 5:36:00 AM,-7.52
10441,4/24/2023 5:37:00 AM,-7.46
10441,4/24/2023 5:37:00 AM,-7.76
10441,4/24/2023 5:37:00 AM,-7.46
10441,4/24/2023 5:37:00 AM,-7.29
10441,4/24/2023 5:37:00 AM,-7.23
10441,4/24/2023 5:37:00 AM,-7.64
10441,4/24/2023 5:37:00 AM,-7.46
10441,4/24/2023 5:37:00 AM,-7.41
10441,4/24/2023 5:37:00 AM,-7.46
10441,4/24/2023 5:37:00 AM,-7.82
10441,4/24/2023 5:37:00 AM,-7.64
10441,4/24/2023 5:37:00 AM,-7.52
10441,4/24/2023 5:37:00 AM,-7.76
10441,4/24/2023 5:37:00 AM,-8.00
10441,4/24/2023 5:37:00 AM,-7.17
10441,4/24/2023 5:38:00 AM,-7.64
10441,4/24/2023 5:38:00 AM,-7.70
10441,4/24/2023 5:38:00 AM,-7.82
10441,4/24/2023 5:38:00 AM,-7.76
10441,4/24/2023 5:38:00 AM,-7.70
10441,4/24/2023 5:38:00 AM,-7.64
10441,4/24/2023 5:38:00 AM,-7.76
10441,4/24/2023 5:38:00 AM,-7.82
10441,4/24/2023 5:38:00 AM,-7.76
10441,4/24/2023 5:38:00 AM,-7.64
10441,4/24/2023 5:38:00 AM,-7.58
10441,4/24/2023 5:38:00 AM,-7.82
10441,4/24/2023 5:39:00 AM,-8.18
10441,4/24/2023 5:39:00 AM,-8.48
10441,4/24/2023 5:39:00 AM,-7.76
10441,4/24/2023 5:39:00 AM,-7.94
10441,4/24/2023 5:39:00 AM,-7.88
10441,4/24/2023 5:39:00 AM,-7.94
10441,4/24/2023 5:39:00 AM,-8.06
10441,4/24/2023 5:39:00 AM,-8.18
10441,4/24/2023 5:39:00 AM,-8.12
10441,4/24/2023 5:40:00 AM,-8.66
10441,4/24/2023 5:40:00 AM,-8.60
10441,4/24/2023 5:40:00 AM,-8.66
10441,4/24/2023 5:40:00 AM,-8.72
10441,4/24/2023 5:40:00 AM,-8.78
10441,4/24/2023 5:40:00 AM,-8.84
10441,4/24/2023 5:40:00 AM,-8.90
10441,4/24/2023 5:40:00 AM,-8.96
10441,4/24/2023 5:40:00 AM,-9.02
10441,4/24/2023 5:40:00 AM,-8.84
10441,4/24/2023 5:40:00 AM,-9.20
10441,4/24/2023 5:41:00 AM,-8.96
10441,4/24/2023 5:41:00 AM,-9.26
10441,4/24/2023 5:41:00 AM,-9.32
10441,4/24/2023 5:41:00 AM,-8.66
10441,4/24/2023 5:41:00 AM,-9.44
10441,4/24/2023 5:41:00 AM,-9.26
10441,4/24/2023 5:41:00 AM,-9.14
10441,4/24/2023 5:41:00 AM,-9.08
10441,4/24/2023 5:41:00 AM,-9.02
10441,4/24/2023 5:41:00 AM,-9.08
10441,4/24/2023 5:41:00 AM,-9.20
10441,4/24/2023 5:42:00 AM,-9.32
10441,4/24/2023 5:42:00 AM,-9.38
10441,4/24/2023 5:42:00 AM,-9.44
10441,4/24/2023 5:42:00 AM,-9.56
10441,4/24/2023 5:42:00 AM,-9.68
10441,4/24/2023 5:42:00 AM,-9.74
10441,4/24/2023 5:42:00 AM,-9.86
10441,4/24/2023 5:43:00 AM,-9.86
10441,4/24/2023 5:43:00 AM,-9.74
10441,4/24/2023 5:43:00 AM,-9.92
10441,4/24/2023 5:43:00 AM,-10.04
10441,4/24/2023 5:43:00 AM,-9.98
10441,4/24/2023 5:43:00 AM,-10.04
10441,4/24/2023 5:43:00 AM,-9.98
10441,4/24/2023 5:43:00 AM,-9.80
10441,4/24/2023 5:44:00 AM,-9.50
10441,4/24/2023 5:44:00 AM,-9.74
10441,4/24/2023 5:44:00 AM,-10.10
10441,4/24/2023 5:44:00 AM,-9.68
10441,4/24/2023 5:44:00 AM,-9.92
10441,4/24/2023 5:44:00 AM,-9.80
10441,4/24/2023 5:44:00 AM,-9.86
10441,4/24/2023 5:44:00 AM,-9.68
10441,4/24/2023 5:44:00 AM,-9.74
10441,4/24/2023 5:44:00 AM,-9.56
10441,4/24/2023 5:44:00 AM,-9.62
10441,4/24/2023 5:44:00 AM,-9.80
10441,4/24/2023 5:45:00 AM,-10.16
10441,4/24/2023 5:45:00 AM,-10.16
10441,4/24/2023 5:45:00 AM,-9.98
10441,4/24/2023 5:45:00 AM,-9.92
10441,4/24/2023 5:45:00 AM,-10.34
10441,4/24/2023 5:45:00 AM,-10.45
10441,4/24/2023 5:45:00 AM,-10.34
10441,4/24/2023 5:45:00 AM,-10.22
10441,4/24/2023 5:45:00 AM,-10.28
10441,4/24/2023 5:45:00 AM,-10.34
10441,4/24/2023 5:45:00 AM,-9.92
10441,4/24/2023 5:45:00 AM,-9.98
10441,4/24/2023 5:45:00 AM,-9.80
10441,4/24/2023 5:46:00 AM,-10.22
10441,4/24/2023 5:46:00 AM,-10.16
10441,4/24/2023 5:46:00 AM,-10.22
10441,4/24/2023 5:46:00 AM,-10.34
10441,4/24/2023 5:46:00 AM,-10.28
10441,4/24/2023 5:46:00 AM,-10.51
10441,4/24/2023 5:46:00 AM,-10.40
10441,4/24/2023 5:46:00 AM,-10.28
10441,4/24/2023 5:46:00 AM,-10.40
10441,4/24/2023 5:46:00 AM,-10.28
10441,4/24/2023 5:46:00 AM,-10.34
10441,4/24/2023 5:47:00 AM,-10.34
10441,4/24/2023 5:47:00 AM,-10.28
10441,4/24/2023 5:47:00 AM,-10.22
10441,4/24/2023 5:47:00 AM,-10.40
10441,4/24/2023 5:47:00 AM,-10.34
10441,4/24/2023 5:47:00 AM,-10.28
10441,4/24/2023 5:47:00 AM,-10.40
10441,4/24/2023 5:48:00 AM,-10.34
10441,4/24/2023 5:48:00 AM,-10.22
10441,4/24/2023 5:48:00 AM,-10.40
10441,4/24/2023 5:48:00 AM,-10.22
10441,4/24/2023 5:48:00 AM,-10.28
10441,4/24/2023 5:48:00 AM,-10.04
10441,4/24/2023 5:48:00 AM,-10.57
10441,4/24/2023 5:48:00 AM,-10.45
10441,4/24/2023 5:48:00 AM,-10.34
10441,4/24/2023 5:48:00 AM,-10.28
10441,4/24/2023 5:48:00 AM,-10.16
10441,4/24/2023 5:48:00 AM,-10.40
10441,4/24/2023 5:48:00 AM,-10.57
10441,4/24/2023 5:48:00 AM,-10.51
10441,4/24/2023 5:49:00 AM,-10.40
10441,4/24/2023 5:49:00 AM,-10.22
10441,4/24/2023 5:49:00 AM,-10.45
10441,4/24/2023 5:49:00 AM,-10.51
10441,4/24/2023 5:49:00 AM,-10.22
10441,4/24/2023 5:49:00 AM,-10.34
10441,4/24/2023 5:49:00 AM,-10.51
10441,4/24/2023 5:49:00 AM,-10.34
10441,4/24/2023 5:49:00 AM,-10.51
10441,4/24/2023 5:49:00 AM,-10.22
10441,4/24/2023 5:49:00 AM,-10.51
10441,4/24/2023 5:49:00 AM,-10.34
10441,4/24/2023 5:49:00 AM,-10.40
10441,4/24/2023 5:49:00 AM,-10.63
10441,4/24/2023 5:50:00 AM,-10.63
10441,4/24/2023 5:50:00 AM,-10.40
10441,4/24/2023 5:50:00 AM,-10.69
10441,4/24/2023 5:50:00 AM,-10.28
10441,4/24/2023 5:50:00 AM,-10.45
10441,4/24/2023 5:50:00 AM,-10.40
10441,4/24/2023 5:50:00 AM,-10.45
10441,4/24/2023 5:50:00 AM,-10.51
10441,4/24/2023 5:50:00 AM,-10.45
10441,4/24/2023 5:51:00 AM,-10.57
10441,4/24/2023 5:51:00 AM,-10.45
10441,4/24/2023 5:51:00 AM,-10.40
10441,4/24/2023 5:51:00 AM,-10.45
10441,4/24/2023 5:51:00 AM,-10.40
10441,4/24/2023 5:51:00 AM,-10.28
10441,4/24/2023 5:51:00 AM,-10.34
10441,4/24/2023 5:51:00 AM,-10.45
10441,4/24/2023 5:51:00 AM,-10.40
10441,4/24/2023 5:51:00 AM,-10.34
10441,4/24/2023 5:51:00 AM,-10.28
10441,4/24/2023 5:52:00 AM,-10.34
10441,4/24/2023 5:52:00 AM,-10.40
10441,4/24/2023 5:52:00 AM,-10.22
10441,4/24/2023 5:52:00 AM,-10.04
10441,4/24/2023 5:52:00 AM,-10.51
10441,4/24/2023 5:52:00 AM,-10.16
10441,4/24/2023 5:52:00 AM,-10.28
10441,4/24/2023 5:52:00 AM,-10.16
10441,4/24/2023 5:52:00 AM,-10.40
10441,4/24/2023 5:52:00 AM,-10.45
10441,4/24/2023 5:52:00 AM,-10.40
10441,4/24/2023 5:52:00 AM,-10.63
10441,4/24/2023 5:53:00 AM,-10.51
10441,4/24/2023 5:53:00 AM,-10.40
10441,4/24/2023 5:53:00 AM,-10.63
10441,4/24/2023 5:53:00 AM,-10.45
10441,4/24/2023 5:53:00 AM,-10.75
10441,4/24/2023 5:53:00 AM,-10.87
10441,4/24/2023 5:53:00 AM,-10.51
10441,4/24/2023 5:53:00 AM,-10.63
10441,4/24/2023 5:53:00 AM,-10.57
10441,4/24/2023 5:53:00 AM,-10.51
10441,4/24/2023 5:53:00 AM,-10.40
10441,4/24/2023 5:53:00 AM,-10.22
10441,4/24/2023 5:54:00 AM,-10.57
10441,4/24/2023 5:54:00 AM,-10.63
10441,4/24/2023 5:54:00 AM,-10.69
10441,4/24/2023 5:54:00 AM,-10.87
10441,4/24/2023 5:54:00 AM,-10.81
10441,4/24/2023 5:54:00 AM,-11.05
10441,4/24/2023 5:55:00 AM,-10.99
10441,4/24/2023 5:55:00 AM,-10.81
10441,4/24/2023 5:55:00 AM,-10.93
10441,4/24/2023 5:55:00 AM,-10.99
10441,4/24/2023 5:55:00 AM,-10.93
10441,4/24/2023 5:55:00 AM,-10.87
10441,4/24/2023 5:55:00 AM,-10.93
10441,4/24/2023 5:55:00 AM,-10.99
10441,4/24/2023 5:56:00 AM,-10.16
10441,4/24/2023 5:56:00 AM,-10.75
10441,4/24/2023 5:56:00 AM,-11.29
10441,4/24/2023 5:56:00 AM,-10.93
10441,4/24/2023 5:56:00 AM,-11.11
10441,4/24/2023 5:56:00 AM,-11.47
10441,4/24/2023 5:56:00 AM,-11.05
10441,4/24/2023 5:56:00 AM,-10.93
10441,4/24/2023 5:56:00 AM,-10.87
10441,4/24/2023 5:56:00 AM,-10.99
10441,4/24/2023 5:56:00 AM,-10.93
10441,4/24/2023 5:56:00 AM,-10.87
10441,4/24/2023 5:56:00 AM,-10.57
10441,4/24/2023 5:56:00 AM,-10.93
10441,4/24/2023 5:57:00 AM,-10.99
10441,4/24/2023 5:57:00 AM,-11.05
10441,4/24/2023 5:57:00 AM,-11.11
10441,4/24/2023 5:57:00 AM,-10.87
10441,4/24/2023 5:57:00 AM,-10.99
10441,4/24/2023 5:57:00 AM,-10.93
10441,4/24/2023 5:58:00 AM,-11.05
10441,4/24/2023 5:58:00 AM,-11.11
10441,4/24/2023 5:58:00 AM,-11.05
10441,4/24/2023 5:58:00 AM,-11.11
10441,4/24/2023 5:58:00 AM,-11.17
10441,4/24/2023 5:59:00 AM,-11.11
10441,4/24/2023 5:59:00 AM,-11.17
10441,4/24/2023 5:59:00 AM,-11.11
10441,4/24/2023 5:59:00 AM,-11.23
10441,4/24/2023 5:59:00 AM,-11.05
10441,4/24/2023 5:59:00 AM,-10.99
10441,4/24/2023 5:59:00 AM,-10.93
10441,4/24/2023 5:59:00 AM,-11.05
10441,4/24/2023 6:00:00 AM,-11.17
10441,4/24/2023 6:00:00 AM,-11.23
10441,4/24/2023 6:00:00 AM,-11.29
10441,4/24/2023 6:00:00 AM,-11.11
10441,4/24/2023 6:00:00 AM,-11.29
10441,4/24/2023 6:00:00 AM,-11.47
10441,4/24/2023 6:00:00 AM,-11.17
10441,4/24/2023 6:00:00 AM,-11.65
10441,4/24/2023 6:00:00 AM,-11.41
10441,4/24/2023 6:00:00 AM,-11.11
10441,4/24/2023 6:00:00 AM,-11.23
10441,4/24/2023 6:00:00 AM,-10.69
10441,4/24/2023 6:01:00 AM,-11.41
10441,4/24/2023 6:01:00 AM,-11.23
10441,4/24/2023 6:01:00 AM,-11.41
10441,4/24/2023 6:01:00 AM,-10.99
10441,4/24/2023 6:01:00 AM,-10.45
10441,4/24/2023 6:01:00 AM,-11.11
10441,4/24/2023 6:01:00 AM,-11.05
10441,4/24/2023 6:01:00 AM,-11.23
10441,4/24/2023 6:01:00 AM,-11.17
10441,4/24/2023 6:01:00 AM,-10.99
10441,4/24/2023 6:01:00 AM,-11.17
10441,4/24/2023 6:01:00 AM,-11.05
10441,4/24/2023 6:01:00 AM,-10.99
10441,4/24/2023 6:02:00 AM,-10.87
10441,4/24/2023 6:02:00 AM,-10.99
10441,4/24/2023 6:02:00 AM,-11.05
10441,4/24/2023 6:02:00 AM,-11.11
10441,4/24/2023 6:02:00 AM,-11.05
10441,4/24/2023 6:02:00 AM,-10.99
10441,4/24/2023 6:02:00 AM,-11.11
10441,4/24/2023 6:02:00 AM,-11.41
10441,4/24/2023 6:02:00 AM,-11.71
10441,4/24/2023 6:02:00 AM,-11.35
10441,4/24/2023 6:02:00 AM,-11.17
10441,4/24/2023 6:02:00 AM,-11.53
10441,4/24/2023 6:03:00 AM,-11.65
10441,4/24/2023 6:03:00 AM,-11.71
10441,4/24/2023 6:03:00 AM,-11.47
10441,4/24/2023 6:03:00 AM,-11.35
10441,4/24/2023 6:03:00 AM,-11.29
10441,4/24/2023 6:03:00 AM,-11.23
10441,4/24/2023 6:03:00 AM,-11.17
10441,4/24/2023 6:03:00 AM,-11.29
10441,4/24/2023 6:03:00 AM,-11.23
10441,4/24/2023 6:03:00 AM,-11.17
10441,4/24/2023 6:04:00 AM,-11.23
10441,4/24/2023 6:04:00 AM,-11.17
10441,4/24/2023 6:04:00 AM,-11.17
10441,4/24/2023 6:04:00 AM,-11.23
10441,4/24/2023 6:04:00 AM,-11.29
10441,4/24/2023 6:04:00 AM,-11.29
10441,4/24/2023 6:04:00 AM,-11.23
10441,4/24/2023 6:04:00 AM,-11.29
10441,4/24/2023 6:04:00 AM,-11.23
10441,4/24/2023 6:04:00 AM,-11.35
10441,4/24/2023 6:04:00 AM,-11.29
10441,4/24/2023 6:05:00 AM,-11.41
10441,4/24/2023 6:05:00 AM,-11.11
10441,4/24/2023 6:05:00 AM,-11.53
10441,4/24/2023 6:05:00 AM,-11.35
10441,4/24/2023 6:05:00 AM,-11.05
10441,4/24/2023 6:05:00 AM,-10.99
10441,4/24/2023 6:05:00 AM,-11.35
10441,4/24/2023 6:05:00 AM,-11.41
10441,4/24/2023 6:05:00 AM,-11.53
10441,4/24/2023 6:05:00 AM,-11.47
10441,4/24/2023 6:05:00 AM,-11.41
10441,4/24/2023 6:05:00 AM,-11.47
10441,4/24/2023 6:05:00 AM,-11.35
10441,4/24/2023 6:05:00 AM,-11.41
10441,4/24/2023 6:05:00 AM,-11.29
10441,4/24/2023 6:06:00 AM,-11.29
10441,4/24/2023 6:06:00 AM,-11.35
10441,4/24/2023 6:06:00 AM,-11.17
10441,4/24/2023 6:06:00 AM,-11.35
10441,4/24/2023 6:06:00 AM,-11.29
10441,4/24/2023 6:06:00 AM,-11.23
10441,4/24/2023 6:06:00 AM,-11.11
10441,4/24/2023 6:06:00 AM,-10.99
10441,4/24/2023 6:07:00 AM,-10.93
10441,4/24/2023 6:07:00 AM,-11.11
10441,4/24/2023 6:07:00 AM,-10.99
10441,4/24/2023 6:07:00 AM,-11.05
10441,4/24/2023 6:07:00 AM,-11.23
10441,4/24/2023 6:07:00 AM,-11.05
10441,4/24/2023 6:07:00 AM,-10.99
10441,4/24/2023 6:07:00 AM,-11.05
10441,4/24/2023 6:07:00 AM,-10.93
10441,4/24/2023 6:07:00 AM,-10.87
10441,4/24/2023 6:08:00 AM,-10.75
10441,4/24/2023 6:08:00 AM,-10.81
10441,4/24/2023 6:08:00 AM,-10.87
10441,4/24/2023 6:08:00 AM,-10.81
10441,4/24/2023 6:08:00 AM,-10.63
10441,4/24/2023 6:08:00 AM,-10.87
10441,4/24/2023 6:09:00 AM,-10.69
10441,4/24/2023 6:09:00 AM,-10.63
10441,4/24/2023 6:09:00 AM,-10.51
10441,4/24/2023 6:09:00 AM,-10.63
10441,4/24/2023 6:09:00 AM,-10.69
10441,4/24/2023 6:09:00 AM,-10.69
10441,4/24/2023 6:09:00 AM,-10.81
10441,4/24/2023 6:09:00 AM,-10.40
10441,4/24/2023 6:09:00 AM,-10.87
10441,4/24/2023 6:09:00 AM,-11.05
10441,4/24/2023 6:09:00 AM,-10.57
10441,4/24/2023 6:10:00 AM,-10.51
10441,4/24/2023 6:10:00 AM,-10.63
10441,4/24/2023 6:10:00 AM,-10.51
10441,4/24/2023 6:10:00 AM,-10.57
10441,4/24/2023 6:10:00 AM,-10.45
10441,4/24/2023 6:10:00 AM,-10.40
10441,4/24/2023 6:10:00 AM,-10.51
10441,4/24/2023 6:10:00 AM,-10.45
10441,4/24/2023 6:11:00 AM,-10.45
10441,4/24/2023 6:11:00 AM,-10.57
10441,4/24/2023 6:11:00 AM,-10.87
10441,4/24/2023 6:11:00 AM,-10.93
10441,4/24/2023 6:11:00 AM,-10.87
10441,4/24/2023 6:11:00 AM,-10.75
10441,4/24/2023 6:11:00 AM,-10.51
10441,4/24/2023 6:11:00 AM,-10.57
10441,4/24/2023 6:11:00 AM,-10.63
10441,4/24/2023 6:11:00 AM,-10.69
10441,4/24/2023 6:11:00 AM,-10.93
10441,4/24/2023 6:11:00 AM,-10.81
10441,4/24/2023 6:12:00 AM,-11.23
10441,4/24/2023 6:12:00 AM,-11.29
10441,4/24/2023 6:12:00 AM,-11.05
10441,4/24/2023 6:12:00 AM,-10.87
10441,4/24/2023 6:12:00 AM,-10.93
10441,4/24/2023 6:12:00 AM,-10.87
10441,4/24/2023 6:12:00 AM,-10.63
10441,4/24/2023 6:12:00 AM,-10.81
10441,4/24/2023 6:12:00 AM,-10.93
10441,4/24/2023 6:13:00 AM,-10.57
10441,4/24/2023 6:13:00 AM,-10.87
10441,4/24/2023 6:13:00 AM,-10.99
10441,4/24/2023 6:13:00 AM,-10.87
10441,4/24/2023 6:13:00 AM,-10.81
10441,4/24/2023 6:13:00 AM,-10.75
10441,4/24/2023 6:13:00 AM,-10.99
10441,4/24/2023 6:13:00 AM,-10.93
10441,4/24/2023 6:13:00 AM,-11.11
10441,4/24/2023 6:13:00 AM,-10.93
10441,4/24/2023 6:13:00 AM,-10.75
10441,4/24/2023 6:13:00 AM,-10.99
10441,4/24/2023 6:14:00 AM,-10.81
10441,4/24/2023 6:14:00 AM,-10.87
10441,4/24/2023 6:14:00 AM,-10.81
10441,4/24/2023 6:14:00 AM,-10.87
10441,4/24/2023 6:14:00 AM,-10.87
10441,4/24/2023 6:14:00 AM,-10.81
10441,4/24/2023 6:14:00 AM,-10.69
10441,4/24/2023 6:14:00 AM,-10.75
10441,4/24/2023 6:14:00 AM,-10.81
10441,4/24/2023 6:14:00 AM,-10.75
10441,4/24/2023 6:15:00 AM,-10.69
10441,4/24/2023 6:15:00 AM,-10.63
10441,4/24/2023 6:15:00 AM,-10.69
10441,4/24/2023 6:15:00 AM,-10.75
10441,4/24/2023 6:16:00 AM,-10.63
10441,4/24/2023 6:16:00 AM,-10.69
10441,4/24/2023 6:17:00 AM,-10.57
10441,4/24/2023 6:17:00 AM,-10.51
10441,4/24/2023 6:17:00 AM,-10.57
10441,4/24/2023 6:17:00 AM,-10.34
10441,4/24/2023 6:17:00 AM,-10.51
10441,4/24/2023 6:17:00 AM,-10.40
10441,4/24/2023 6:17:00 AM,-10.45
10441,4/24/2023 6:17:00 AM,-10.10
10441,4/24/2023 6:17:00 AM,-10.63
10441,4/24/2023 6:17:00 AM,-10.28
10441,4/24/2023 6:17:00 AM,-10.45
10441,4/24/2023 6:17:00 AM,-10.99
10441,4/24/2023 6:18:00 AM,-10.69
10441,4/24/2023 6:18:00 AM,-10.57
10441,4/24/2023 6:18:00 AM,-10.10
10441,4/24/2023 6:18:00 AM,-10.57
10441,4/24/2023 6:18:00 AM,-10.51
10441,4/24/2023 6:18:00 AM,-10.57
10441,4/24/2023 6:18:00 AM,-10.51
10441,4/24/2023 6:18:00 AM,-10.34
10441,4/24/2023 6:18:00 AM,-10.22
10441,4/24/2023 6:18:00 AM,-10.34
10441,4/24/2023 6:18:00 AM,-10.45
10441,4/24/2023 6:18:00 AM,-10.34
10441,4/24/2023 6:19:00 AM,-10.28
10441,4/24/2023 6:19:00 AM,-10.40
10441,4/24/2023 6:19:00 AM,-10.34
10441,4/24/2023 6:19:00 AM,-10.28
10441,4/24/2023 6:19:00 AM,-10.22
10441,4/24/2023 6:20:00 AM,-10.16
10441,4/24/2023 6:20:00 AM,-10.10
10441,4/24/2023 6:21:00 AM,-9.98
10441,4/24/2023 6:21:00 AM,-9.92
10441,4/24/2023 6:21:00 AM,-10.04
10441,4/24/2023 6:21:00 AM,-9.98
10441,4/24/2023 6:21:00 AM,-9.92
10441,4/24/2023 6:21:00 AM,-10.04
10441,4/24/2023 6:22:00 AM,-9.92
10441,4/24/2023 6:22:00 AM,-9.86
10441,4/24/2023 6:22:00 AM,-9.80
10441,4/24/2023 6:22:00 AM,-9.86
10441,4/24/2023 6:22:00 AM,-9.92
10441,4/24/2023 6:23:00 AM,-9.86
10441,4/24/2023 6:23:00 AM,-9.92
10441,4/24/2023 6:23:00 AM,-9.98
10441,4/24/2023 6:23:00 AM,-9.86
10441,4/24/2023 6:23:00 AM,-10.04
10441,4/24/2023 6:23:00 AM,-9.98
10441,4/24/2023 6:23:00 AM,-9.92
10441,4/24/2023 6:24:00 AM,-9.86
10441,4/24/2023 6:24:00 AM,-9.92
10441,4/24/2023 6:24:00 AM,-9.86
10441,4/24/2023 6:24:00 AM,-9.92
10441,4/24/2023 6:24:00 AM,-10.04
10441,4/24/2023 6:24:00 AM,-10.10
10441,4/24/2023 6:24:00 AM,-9.98
10441,4/24/2023 6:25:00 AM,-10.04
10441,4/24/2023 6:25:00 AM,-9.98
10441,4/24/2023 6:25:00 AM,-10.16
10441,4/24/2023 6:25:00 AM,-10.10
10441,4/24/2023 6:25:00 AM,-10.16
10441,4/24/2023 6:25:00 AM,-10.10
10441,4/24/2023 6:25:00 AM,-9.98
10441,4/24/2023 6:25:00 AM,-10.04
10441,4/24/2023 6:25:00 AM,-10.10
10441,4/24/2023 6:25:00 AM,-9.98
10441,4/24/2023 6:26:00 AM,-9.92
10441,4/24/2023 6:26:00 AM,-9.98
10441,4/24/2023 6:26:00 AM,-9.92
10441,4/24/2023 6:26:00 AM,-9.86
10441,4/24/2023 6:26:00 AM,-9.80
10441,4/24/2023 6:26:00 AM,-10.04
10441,4/24/2023 6:27:00 AM,-10.16
10441,4/24/2023 6:27:00 AM,-10.04
10441,4/24/2023 6:27:00 AM,-9.98
10441,4/24/2023 6:27:00 AM,-9.80
10441,4/24/2023 6:27:00 AM,-10.04
10441,4/24/2023 6:27:00 AM,-9.98
10441,4/24/2023 6:27:00 AM,-10.04
10441,4/24/2023 6:27:00 AM,-10.22
10441,4/24/2023 6:27:00 AM,-10.16
10441,4/24/2023 6:27:00 AM,-9.98
10441,4/24/2023 6:27:00 AM,-9.86
10441,4/24/2023 6:27:00 AM,-10.40
10441,4/24/2023 6:28:00 AM,-10.45
10441,4/24/2023 6:28:00 AM,-10.34
10441,4/24/2023 6:28:00 AM,-10.22
10441,4/24/2023 6:28:00 AM,-10.04
10441,4/24/2023 6:28:00 AM,-9.98
10441,4/24/2023 6:28:00 AM,-9.86
10441,4/24/2023 6:28:00 AM,-10.16
10441,4/24/2023 6:28:00 AM,-10.16
10441,4/24/2023 6:28:00 AM,-10.10
10441,4/24/2023 6:28:00 AM,-10.04
10441,4/24/2023 6:28:00 AM,-9.98
10441,4/24/2023 6:28:00 AM,-10.04
10441,4/24/2023 6:28:00 AM,-10.10
10441,4/24/2023 6:29:00 AM,-10.10
10441,4/24/2023 6:29:00 AM,-10.04
10441,4/24/2023 6:29:00 AM,-10.10
10441,4/24/2023 6:29:00 AM,-9.92
10441,4/24/2023 6:29:00 AM,-9.98
10441,4/24/2023 6:29:00 AM,-10.04
10441,4/24/2023 6:29:00 AM,-9.98
10441,4/24/2023 6:29:00 AM,-10.22
10441,4/24/2023 6:29:00 AM,-10.10
10441,4/24/2023 6:29:00 AM,-9.98
10441,4/24/2023 6:29:00 AM,-10.04
10441,4/24/2023 6:30:00 AM,-10.16
10441,4/24/2023 6:30:00 AM,-10.28
10441,4/24/2023 6:30:00 AM,-10.16
10441,4/24/2023 6:30:00 AM,-10.16
10441,4/24/2023 6:30:00 AM,-10.04
10441,4/24/2023 6:30:00 AM,-9.98
10441,4/24/2023 6:30:00 AM,-10.04
10441,4/24/2023 6:30:00 AM,-10.16
10441,4/24/2023 6:30:00 AM,-10.28
10441,4/24/2023 6:30:00 AM,-10.57
10441,4/24/2023 6:30:00 AM,-10.22
10441,4/24/2023 6:30:00 AM,-9.92
10441,4/24/2023 6:30:00 AM,-10.16
10441,4/24/2023 6:30:00 AM,-10.22
10441,4/24/2023 6:31:00 AM,-10.45
10441,4/24/2023 6:31:00 AM,-10.34
10441,4/24/2023 6:31:00 AM,-10.40
10441,4/24/2023 6:31:00 AM,-10.10
10441,4/24/2023 6:31:00 AM,-10.34
10441,4/24/2023 6:31:00 AM,-10.16
10441,4/24/2023 6:31:00 AM,-10.10
10441,4/24/2023 6:31:00 AM,-10.34
10441,4/24/2023 6:31:00 AM,-10.75
10441,4/24/2023 6:31:00 AM,-10.34
10441,4/24/2023 6:32:00 AM,-10.45
10441,4/24/2023 6:32:00 AM,-10.40
10441,4/24/2023 6:32:00 AM,-10.34
10441,4/24/2023 6:32:00 AM,-10.28
10441,4/24/2023 6:32:00 AM,-10.34
10441,4/24/2023 6:32:00 AM,-10.45
10441,4/24/2023 6:32:00 AM,-10.57
10441,4/24/2023 6:32:00 AM,-10.40
10441,4/24/2023 6:32:00 AM,-10.51
10441,4/24/2023 6:32:00 AM,-10.57
10441,4/24/2023 6:32:00 AM,-10.63
10441,4/24/2023 6:33:00 AM,-10.69
10441,4/24/2023 6:33:00 AM,-10.63
10441,4/24/2023 6:33:00 AM,-10.57
10441,4/24/2023 6:33:00 AM,-10.51
10441,4/24/2023 6:33:00 AM,-10.63
10441,4/24/2023 6:33:00 AM,-10.69
10441,4/24/2023 6:33:00 AM,-10.81
10441,4/24/2023 6:33:00 AM,-10.51
10441,4/24/2023 6:33:00 AM,-10.93
10441,4/24/2023 6:33:00 AM,-10.87
10441,4/24/2023 6:33:00 AM,-10.75
10441,4/24/2023 6:34:00 AM,-10.69
10441,4/24/2023 6:34:00 AM,-10.63
10441,4/24/2023 6:34:00 AM,-10.57
10441,4/24/2023 6:34:00 AM,-10.51
10441,4/24/2023 6:34:00 AM,-10.57
10441,4/24/2023 6:35:00 AM,-10.69
10441,4/24/2023 6:35:00 AM,-10.81
10441,4/24/2023 6:35:00 AM,-10.69
10441,4/24/2023 6:35:00 AM,-10.57
10441,4/24/2023 6:35:00 AM,-10.75
10441,4/24/2023 6:35:00 AM,-10.69
10441,4/24/2023 6:35:00 AM,-10.75
10441,4/24/2023 6:35:00 AM,-10.69
10441,4/24/2023 6:36:00 AM,-10.57
10441,4/24/2023 6:36:00 AM,-10.57
10441,4/24/2023 6:36:00 AM,-10.63
10441,4/24/2023 6:36:00 AM,-10.69
10441,4/24/2023 6:36:00 AM,-10.28
10441,4/24/2023 6:36:00 AM,-10.22
10441,4/24/2023 6:36:00 AM,-10.34
10441,4/24/2023 6:36:00 AM,-10.45
10441,4/24/2023 6:36:00 AM,-10.40
10441,4/24/2023 6:36:00 AM,-10.63
10441,4/24/2023 6:37:00 AM,-10.63
10441,4/24/2023 6:37:00 AM,-10.69
10441,4/24/2023 6:37:00 AM,-10.63
10441,4/24/2023 6:37:00 AM,-10.51
10441,4/24/2023 6:37:00 AM,-10.75
10441,4/24/2023 6:37:00 AM,-10.87
10441,4/24/2023 6:37:00 AM,-10.81
10441,4/24/2023 6:37:00 AM,-10.45
10441,4/24/2023 6:37:00 AM,-10.69
10441,4/24/2023 6:37:00 AM,-10.57
10441,4/24/2023 6:37:00 AM,-10.45
10441,4/24/2023 6:37:00 AM,-10.57
10441,4/24/2023 6:38:00 AM,-10.63
10441,4/24/2023 6:38:00 AM,-10.69
10441,4/24/2023 6:38:00 AM,-10.75
10441,4/24/2023 6:38:00 AM,-10.63
10441,4/24/2023 6:38:00 AM,-10.51
10441,4/24/2023 6:38:00 AM,-10.45
10441,4/24/2023 6:38:00 AM,-10.22
10441,4/24/2023 6:38:00 AM,-10.40
10441,4/24/2023 6:38:00 AM,-10.34
10441,4/24/2023 6:38:00 AM,-10.28
10441,4/24/2023 6:38:00 AM,-10.34
10441,4/24/2023 6:38:00 AM,-10.22
10441,4/24/2023 6:38:00 AM,-10.34
10441,4/24/2023 6:39:00 AM,-10.28
10441,4/24/2023 6:39:00 AM,-10.22
10441,4/24/2023 6:39:00 AM,-10.10
10441,4/24/2023 6:39:00 AM,-10.16
10441,4/24/2023 6:39:00 AM,-10.10
10441,4/24/2023 6:39:00 AM,-10.22
10441,4/24/2023 6:39:00 AM,-10.28
10441,4/24/2023 6:39:00 AM,-10.22
10441,4/24/2023 6:39:00 AM,-10.28
10441,4/24/2023 6:39:00 AM,-10.34
10441,4/24/2023 6:40:00 AM,-10.28
10441,4/24/2023 6:40:00 AM,-10.16
10441,4/24/2023 6:40:00 AM,-10.10
10441,4/24/2023 6:40:00 AM,-10.16
10441,4/24/2023 6:40:00 AM,-10.10
10441,4/24/2023 6:40:00 AM,-10.16
10441,4/24/2023 6:40:00 AM,-10.22
10441,4/24/2023 6:40:00 AM,-9.98
10441,4/24/2023 6:40:00 AM,-10.04
10441,4/24/2023 6:40:00 AM,-10.22
10441,4/24/2023 6:40:00 AM,-10.16
10441,4/24/2023 6:41:00 AM,-10.28
10441,4/24/2023 6:41:00 AM,-10.16
10441,4/24/2023 6:41:00 AM,-10.10
10441,4/24/2023 6:41:00 AM,-10.04
10441,4/24/2023 6:41:00 AM,-9.86
10441,4/24/2023 6:41:00 AM,-10.04
10441,4/24/2023 6:41:00 AM,-9.92
10441,4/24/2023 6:41:00 AM,-9.74
10441,4/24/2023 6:41:00 AM,-9.80
10441,4/24/2023 6:41:00 AM,-9.86
10441,4/24/2023 6:41:00 AM,-9.74
10441,4/24/2023 6:41:00 AM,-9.68
10441,4/24/2023 6:42:00 AM,-9.80
10441,4/24/2023 6:42:00 AM,-9.74
10441,4/24/2023 6:42:00 AM,-9.68
10441,4/24/2023 6:42:00 AM,-9.74
10441,4/24/2023 6:42:00 AM,-9.80
10441,4/24/2023 6:42:00 AM,-9.86
10441,4/24/2023 6:42:00 AM,-9.80
10441,4/24/2023 6:42:00 AM,-9.68
10441,4/24/2023 6:42:00 AM,-9.62
10441,4/24/2023 6:42:00 AM,-9.68
10441,4/24/2023 6:43:00 AM,-9.86
10441,4/24/2023 6:43:00 AM,-9.74
10441,4/24/2023 6:43:00 AM,-9.68
10441,4/24/2023 6:43:00 AM,-9.62
10441,4/24/2023 6:43:00 AM,-9.86
10441,4/24/2023 6:43:00 AM,-9.68
10441,4/24/2023 6:43:00 AM,-9.74
10441,4/24/2023 6:43:00 AM,-9.62
10441,4/24/2023 6:43:00 AM,-9.74
10441,4/24/2023 6:43:00 AM,-9.68
10441,4/24/2023 6:43:00 AM,-9.80
10441,4/24/2023 6:43:00 AM,-9.68
10441,4/24/2023 6:44:00 AM,-9.62
10441,4/24/2023 6:44:00 AM,-9.68
10441,4/24/2023 6:44:00 AM,-9.62
10441,4/24/2023 6:44:00 AM,-9.74
10441,4/24/2023 6:44:00 AM,-9.80
10441,4/24/2023 6:44:00 AM,-9.74
10441,4/24/2023 6:44:00 AM,-9.68
10441,4/24/2023 6:44:00 AM,-9.86
10441,4/24/2023 6:44:00 AM,-9.68
10441,4/24/2023 6:44:00 AM,-9.86
10441,4/24/2023 6:44:00 AM,-9.80
10441,4/24/2023 6:45:00 AM,-9.80
10441,4/24/2023 6:45:00 AM,-9.86
10441,4/24/2023 6:45:00 AM,-10.16
10441,4/24/2023 6:45:00 AM,-10.10
10441,4/24/2023 6:45:00 AM,-10.16
10441,4/24/2023 6:45:00 AM,-10.22
10441,4/24/2023 6:45:00 AM,-9.86
10441,4/24/2023 6:45:00 AM,-9.74
10441,4/24/2023 6:45:00 AM,-9.86
10441,4/24/2023 6:45:00 AM,-9.80
10441,4/24/2023 6:45:00 AM,-9.74
10441,4/24/2023 6:46:00 AM,-10.28
10441,4/24/2023 6:46:00 AM,-10.22
10441,4/24/2023 6:46:00 AM,-10.28
10441,4/24/2023 6:46:00 AM,-10.34
10441,4/24/2023 6:46:00 AM,-10.51
10441,4/24/2023 6:47:00 AM,-10.69
10441,4/24/2023 6:47:00 AM,-10.63
10441,4/24/2023 6:47:00 AM,-10.51
10441,4/24/2023 6:47:00 AM,-10.75
10441,4/24/2023 6:47:00 AM,-10.69
10441,4/24/2023 6:47:00 AM,-10.75
10441,4/24/2023 6:47:00 AM,-10.81
10441,4/24/2023 6:47:00 AM,-10.81
10441,4/24/2023 6:47:00 AM,-10.87
10441,4/24/2023 6:47:00 AM,-10.81
10441,4/24/2023 6:47:00 AM,-10.75
10441,4/24/2023 6:47:00 AM,-10.87
10441,4/24/2023 6:47:00 AM,-10.81
10441,4/24/2023 6:48:00 AM,-10.99
10441,4/24/2023 6:48:00 AM,-11.05
10441,4/24/2023 6:48:00 AM,-10.93
10441,4/24/2023 6:48:00 AM,-10.87
10441,4/24/2023 6:48:00 AM,-10.81
10441,4/24/2023 6:48:00 AM,-10.69
10441,4/24/2023 6:48:00 AM,-10.87
10441,4/24/2023 6:48:00 AM,-10.81
10441,4/24/2023 6:48:00 AM,-11.23
10441,4/24/2023 6:48:00 AM,-11.11
10441,4/24/2023 6:48:00 AM,-11.17
10441,4/24/2023 6:48:00 AM,-11.23
10441,4/24/2023 6:48:00 AM,-11.17
10441,4/24/2023 6:48:00 AM,-10.99
10441,4/24/2023 6:49:00 AM,-10.75
10441,4/24/2023 6:49:00 AM,-10.34
10441,4/24/2023 6:49:00 AM,-10.51
10441,4/24/2023 6:49:00 AM,-10.69
10441,4/24/2023 6:49:00 AM,-10.69
10441,4/24/2023 6:49:00 AM,-10.75
10441,4/24/2023 6:49:00 AM,-10.69
10441,4/24/2023 6:49:00 AM,-10.81
10441,4/24/2023 6:49:00 AM,-10.69
10441,4/24/2023 6:49:00 AM,-10.81
10441,4/24/2023 6:49:00 AM,-10.63
10441,4/24/2023 6:49:00 AM,-10.45
10441,4/24/2023 6:50:00 AM,-9.86
10441,4/24/2023 6:50:00 AM,-9.92
10441,4/24/2023 6:50:00 AM,-10.51
10441,4/24/2023 6:50:00 AM,-10.16
10441,4/24/2023 6:50:00 AM,-10.22
10441,4/24/2023 6:50:00 AM,-10.10
10441,4/24/2023 6:50:00 AM,-10.04
10441,4/24/2023 6:50:00 AM,-9.92
10441,4/24/2023 6:50:00 AM,-10.57
10441,4/24/2023 6:50:00 AM,-10.51
10441,4/24/2023 6:50:00 AM,-10.63
10441,4/24/2023 6:50:00 AM,-10.57
10441,4/24/2023 6:51:00 AM,-9.80
10441,4/24/2023 6:51:00 AM,-9.92
10441,4/24/2023 6:51:00 AM,-10.04
10441,4/24/2023 6:51:00 AM,-10.16
10441,4/24/2023 6:51:00 AM,-10.10
10441,4/24/2023 6:51:00 AM,-10.04
10441,4/24/2023 6:51:00 AM,-10.10
10441,4/24/2023 6:51:00 AM,-9.98
10441,4/24/2023 6:51:00 AM,-10.22
10441,4/24/2023 6:52:00 AM,-10.16
10441,4/24/2023 6:52:00 AM,-10.28
10441,4/24/2023 6:52:00 AM,-10.22
10441,4/24/2023 6:52:00 AM,-10.16
10441,4/24/2023 6:52:00 AM,-10.40
10441,4/24/2023 6:52:00 AM,-10.22
10441,4/24/2023 6:52:00 AM,-10.40
10441,4/24/2023 6:52:00 AM,-10.63
10441,4/24/2023 6:52:00 AM,-10.51
10441,4/24/2023 6:52:00 AM,-10.63
10441,4/24/2023 6:52:00 AM,-10.57
10441,4/24/2023 6:53:00 AM,-10.22
10441,4/24/2023 6:53:00 AM,-10.04
10441,4/24/2023 6:53:00 AM,-9.86
10441,4/24/2023 6:53:00 AM,-9.74
10441,4/24/2023 6:53:00 AM,-9.62
10441,4/24/2023 6:53:00 AM,-9.74
10441,4/24/2023 6:53:00 AM,-9.62
10441,4/24/2023 6:53:00 AM,-9.68
10441,4/24/2023 6:53:00 AM,-9.92
10441,4/24/2023 6:53:00 AM,-9.98
10441,4/24/2023 6:54:00 AM,-10.16
10441,4/24/2023 6:54:00 AM,-10.22
10441,4/24/2023 6:54:00 AM,-10.28
10441,4/24/2023 6:54:00 AM,-10.40
10441,4/24/2023 6:54:00 AM,-10.57
10441,4/24/2023 6:54:00 AM,-10.69
10441,4/24/2023 6:54:00 AM,-10.57
10441,4/24/2023 6:54:00 AM,-10.45
10441,4/24/2023 6:54:00 AM,-10.51
10441,4/24/2023 6:54:00 AM,-10.40
10441,4/24/2023 6:54:00 AM,-10.34
10441,4/24/2023 6:54:00 AM,-10.28
10441,4/24/2023 6:55:00 AM,-10.22
10441,4/24/2023 6:55:00 AM,-10.16
10441,4/24/2023 6:55:00 AM,-10.04
10441,4/24/2023 6:55:00 AM,-10.10
10441,4/24/2023 6:55:00 AM,-10.28
10441,4/24/2023 6:55:00 AM,-10.34
10441,4/24/2023 6:55:00 AM,-10.34
10441,4/24/2023 6:56:00 AM,-10.87
10441,4/24/2023 6:56:00 AM,-11.23
10441,4/24/2023 6:56:00 AM,-10.57
10441,4/24/2023 6:56:00 AM,-10.22
10441,4/24/2023 6:56:00 AM,-10.51
10441,4/24/2023 6:56:00 AM,-10.57
10441,4/24/2023 6:56:00 AM,-10.75
10441,4/24/2023 6:56:00 AM,-10.22
10441,4/24/2023 6:56:00 AM,-10.16
10441,4/24/2023 6:56:00 AM,-10.51
10441,4/24/2023 6:56:00 AM,-10.40
10441,4/24/2023 6:56:00 AM,-10.57
10441,4/24/2023 6:57:00 AM,-10.81
10441,4/24/2023 6:57:00 AM,-10.75
10441,4/24/2023 6:57:00 AM,-10.87
10441,4/24/2023 6:57:00 AM,-10.75
10441,4/24/2023 6:57:00 AM,-11.17
10441,4/24/2023 6:57:00 AM,-10.81
10441,4/24/2023 6:57:00 AM,-10.63
10441,4/24/2023 6:57:00 AM,-10.75
10441,4/24/2023 6:57:00 AM,-10.81
10441,4/24/2023 6:57:00 AM,-10.69
10441,4/24/2023 6:57:00 AM,-10.99
10441,4/24/2023 6:58:00 AM,-10.99
10441,4/24/2023 6:58:00 AM,-10.75
10441,4/24/2023 6:58:00 AM,-10.45
10441,4/24/2023 6:58:00 AM,-10.75
10441,4/24/2023 6:58:00 AM,-10.87
10441,4/24/2023 6:58:00 AM,-10.81
10441,4/24/2023 6:58:00 AM,-10.93
10441,4/24/2023 6:58:00 AM,-10.69
10441,4/24/2023 6:58:00 AM,-10.34
10441,4/24/2023 6:59:00 AM,-11.29
10441,4/24/2023 6:59:00 AM,-11.05
10441,4/24/2023 6:59:00 AM,-10.69
10441,4/24/2023 6:59:00 AM,-10.57
10441,4/24/2023 6:59:00 AM,-10.40
10441,4/24/2023 6:59:00 AM,-10.34
10441,4/24/2023 6:59:00 AM,-10.40
10441,4/24/2023 6:59:00 AM,-10.75
10441,4/24/2023 6:59:00 AM,-10.93
10441,4/24/2023 6:59:00 AM,-10.99
10441,4/24/2023 6:59:00 AM,-10.81
10441,4/24/2023 6:59:00 AM,-10.69
10441,4/24/2023 6:59:00 AM,-10.63
10441,4/24/2023 7:00:00 AM,-10.40
10441,4/24/2023 7:00:00 AM,-10.34
10441,4/24/2023 7:00:00 AM,-10.34
10441,4/24/2023 7:00:00 AM,-10.28
10441,4/24/2023 7:00:00 AM,-10.34
10441,4/24/2023 7:00:00 AM,-10.28
10441,4/24/2023 7:00:00 AM,-10.34
10441,4/24/2023 7:00:00 AM,-10.51
10441,4/24/2023 7:00:00 AM,-10.57
10441,4/24/2023 7:00:00 AM,-10.51
10441,4/24/2023 7:00:00 AM,-10.45
10441,4/24/2023 7:00:00 AM,-10.51
10441,4/24/2023 7:01:00 AM,-10.22
10441,4/24/2023 7:01:00 AM,-10.28
10441,4/24/2023 7:01:00 AM,-10.63
10441,4/24/2023 7:01:00 AM,-10.45
10441,4/24/2023 7:01:00 AM,-10.34
10441,4/24/2023 7:01:00 AM,-10.28
10441,4/24/2023 7:01:00 AM,-10.16
10441,4/24/2023 7:01:00 AM,-10.28
10441,4/24/2023 7:01:00 AM,-10.22
10441,4/24/2023 7:01:00 AM,-10.16
10441,4/24/2023 7:02:00 AM,-10.22
10441,4/24/2023 7:02:00 AM,-10.28
10441,4/24/2023 7:02:00 AM,-10.40
10441,4/24/2023 7:02:00 AM,-10.63
10441,4/24/2023 7:02:00 AM,-10.75
10441,4/24/2023 7:02:00 AM,-10.81
10441,4/24/2023 7:02:00 AM,-10.99
10441,4/24/2023 7:03:00 AM,-11.05
10441,4/24/2023 7:03:00 AM,-11.11
10441,4/24/2023 7:03:00 AM,-11.17
10441,4/24/2023 7:03:00 AM,-11.05
10441,4/24/2023 7:03:00 AM,-10.99
10441,4/24/2023 7:03:00 AM,-10.87
10441,4/24/2023 7:03:00 AM,-11.11
10441,4/24/2023 7:03:00 AM,-10.99
10441,4/24/2023 7:03:00 AM,-10.93
10441,4/24/2023 7:03:00 AM,-11.05
10441,4/24/2023 7:03:00 AM,-10.99
10441,4/24/2023 7:03:00 AM,-11.11
10441,4/24/2023 7:04:00 AM,-10.81
10441,4/24/2023 7:04:00 AM,-10.75
10441,4/24/2023 7:04:00 AM,-10.81
10441,4/24/2023 7:04:00 AM,-10.75
10441,4/24/2023 7:04:00 AM,-10.87
10441,4/24/2023 7:04:00 AM,-10.75
10441,4/24/2023 7:04:00 AM,-11.11
10441,4/24/2023 7:04:00 AM,-10.93
10441,4/24/2023 7:04:00 AM,-11.17
10441,4/24/2023 7:04:00 AM,-10.75
10441,4/24/2023 7:04:00 AM,-11.23
10441,4/24/2023 7:04:00 AM,-11.11
10441,4/24/2023 7:04:00 AM,-10.69
10441,4/24/2023 7:05:00 AM,-10.99
10441,4/24/2023 7:05:00 AM,-11.11
10441,4/24/2023 7:05:00 AM,-10.57
10441,4/24/2023 7:05:00 AM,-10.69
10441,4/24/2023 7:05:00 AM,-10.57
10441,4/24/2023 7:05:00 AM,-10.75
10441,4/24/2023 7:05:00 AM,-10.69
10441,4/24/2023 7:05:00 AM,-10.57
10441,4/24/2023 7:05:00 AM,-10.45
10441,4/24/2023 7:05:00 AM,-10.51
10441,4/24/2023 7:05:00 AM,-10.57
10441,4/24/2023 7:06:00 AM,-10.69
10441,4/24/2023 7:06:00 AM,-10.45
10441,4/24/2023 7:06:00 AM,-10.51
10441,4/24/2023 7:06:00 AM,-10.45
10441,4/24/2023 7:06:00 AM,-10.51
10441,4/24/2023 7:06:00 AM,-10.63
10441,4/24/2023 7:06:00 AM,-10.57
10441,4/24/2023 7:06:00 AM,-10.87
10441,4/24/2023 7:06:00 AM,-10.93
10441,4/24/2023 7:07:00 AM,-10.99
10441,4/24/2023 7:07:00 AM,-11.11
10441,4/24/2023 7:07:00 AM,-11.23
10441,4/24/2023 7:07:00 AM,-11.17
10441,4/24/2023 7:07:00 AM,-10.99
10441,4/24/2023 7:07:00 AM,-11.05
10441,4/24/2023 7:08:00 AM,-11.23
10441,4/24/2023 7:08:00 AM,-11.35
10441,4/24/2023 7:08:00 AM,-11.29
10441,4/24/2023 7:08:00 AM,-11.23
10441,4/24/2023 7:08:00 AM,-10.87
10441,4/24/2023 7:08:00 AM,-11.41
10441,4/24/2023 7:08:00 AM,-11.47
10441,4/24/2023 7:08:00 AM,-10.93
10441,4/24/2023 7:08:00 AM,-10.81
10441,4/24/2023 7:08:00 AM,-11.11
10441,4/24/2023 7:08:00 AM,-11.17
10441,4/24/2023 7:08:00 AM,-11.35
10441,4/24/2023 7:08:00 AM,-11.29
10441,4/24/2023 7:09:00 AM,-11.29
10441,4/24/2023 7:09:00 AM,-11.17
10441,4/24/2023 7:09:00 AM,-11.23
10441,4/24/2023 7:09:00 AM,-11.11
10441,4/24/2023 7:09:00 AM,-11.05
10441,4/24/2023 7:09:00 AM,-10.99
10441,4/24/2023 7:09:00 AM,-11.11
10441,4/24/2023 7:09:00 AM,-11.41
10441,4/24/2023 7:09:00 AM,-11.17
10441,4/24/2023 7:09:00 AM,-10.69
10441,4/24/2023 7:09:00 AM,-11.23
10441,4/24/2023 7:09:00 AM,-11.29
10441,4/24/2023 7:09:00 AM,-10.99
10441,4/24/2023 7:10:00 AM,-11.23
10441,4/24/2023 7:10:00 AM,-11.77
10441,4/24/2023 7:10:00 AM,-11.71
10441,4/24/2023 7:10:00 AM,-11.89
10441,4/24/2023 7:10:00 AM,-11.35
10441,4/24/2023 7:10:00 AM,-11.17
10441,4/24/2023 7:10:00 AM,-11.41
10441,4/24/2023 7:10:00 AM,-11.53
10441,4/24/2023 7:10:00 AM,-11.29
10441,4/24/2023 7:10:00 AM,-11.41
10441,4/24/2023 7:10:00 AM,-11.35
10441,4/24/2023 7:10:00 AM,-11.23
10441,4/24/2023 7:11:00 AM,-11.41
10441,4/24/2023 7:11:00 AM,-11.47
10441,4/24/2023 7:11:00 AM,-11.53
10441,4/24/2023 7:11:00 AM,-11.65
10441,4/24/2023 7:11:00 AM,-11.59
10441,4/24/2023 7:11:00 AM,-11.23
10441,4/24/2023 7:11:00 AM,-11.29
10441,4/24/2023 7:11:00 AM,-11.35
10441,4/24/2023 7:11:00 AM,-11.41
10441,4/24/2023 7:11:00 AM,-11.35
10441,4/24/2023 7:12:00 AM,-11.41
10441,4/24/2023 7:12:00 AM,-11.59
10441,4/24/2023 7:12:00 AM,-11.47
10441,4/24/2023 7:12:00 AM,-11.77
10441,4/24/2023 7:12:00 AM,-11.47
10441,4/24/2023 7:12:00 AM,-11.71
10441,4/24/2023 7:12:00 AM,-11.41
10441,4/24/2023 7:12:00 AM,-11.47
10441,4/24/2023 7:12:00 AM,-11.53
10441,4/24/2023 7:12:00 AM,-11.41
10441,4/24/2023 7:12:00 AM,-11.47
10441,4/24/2023 7:12:00 AM,-11.53
10441,4/24/2023 7:13:00 AM,-11.29
10441,4/24/2023 7:13:00 AM,-11.35
10441,4/24/2023 7:13:00 AM,-11.29
10441,4/24/2023 7:13:00 AM,-11.23
10441,4/24/2023 7:13:00 AM,-11.35
10441,4/24/2023 7:13:00 AM,-11.41
10441,4/24/2023 7:14:00 AM,-11.47
10441,4/24/2023 7:14:00 AM,-11.35
10441,4/24/2023 7:14:00 AM,-11.29
10441,4/24/2023 7:14:00 AM,-11.35
10441,4/24/2023 7:14:00 AM,-11.41
10441,4/24/2023 7:14:00 AM,-11.47
10441,4/24/2023 7:14:00 AM,-11.59
10441,4/24/2023 7:14:00 AM,-11.41
10441,4/24/2023 7:14:00 AM,-11.29
10441,4/24/2023 7:14:00 AM,-11.23
10441,4/24/2023 7:14:00 AM,-11.35
10441,4/24/2023 7:15:00 AM,-11.35
10441,4/24/2023 7:15:00 AM,-11.59
10441,4/24/2023 7:15:00 AM,-11.65
10441,4/24/2023 7:15:00 AM,-11.71
10441,4/24/2023 7:15:00 AM,-11.59
10441,4/24/2023 7:15:00 AM,-11.53
10441,4/24/2023 7:15:00 AM,-11.59
10441,4/24/2023 7:15:00 AM,-11.47
10441,4/24/2023 7:15:00 AM,-11.65
10441,4/24/2023 7:15:00 AM,-11.83
10441,4/24/2023 7:15:00 AM,-11.47
10441,4/24/2023 7:15:00 AM,-11.29
10441,4/24/2023 7:15:00 AM,-11.83
10441,4/24/2023 7:16:00 AM,-11.35
10441,4/24/2023 7:16:00 AM,-11.41
10441,4/24/2023 7:16:00 AM,-11.47
10441,4/24/2023 7:16:00 AM,-11.59
10441,4/24/2023 7:16:00 AM,-11.47
10441,4/24/2023 7:16:00 AM,-11.59
10441,4/24/2023 7:16:00 AM,-11.53
10441,4/24/2023 7:16:00 AM,-11.35
10441,4/24/2023 7:16:00 AM,-11.41
10441,4/24/2023 7:17:00 AM,-11.89
10441,4/24/2023 7:17:00 AM,-11.95
10441,4/24/2023 7:17:00 AM,-11.77
10441,4/24/2023 7:17:00 AM,-11.95
10441,4/24/2023 7:17:00 AM,-12.01
10441,4/24/2023 7:17:00 AM,-11.95
10441,4/24/2023 7:17:00 AM,-11.89
10441,4/24/2023 7:17:00 AM,-12.01
10441,4/24/2023 7:17:00 AM,-11.65
10441,4/24/2023 7:17:00 AM,-11.71
10441,4/24/2023 7:17:00 AM,-11.65
10441,4/24/2023 7:17:00 AM,-11.71
10441,4/24/2023 7:17:00 AM,-11.77
10441,4/24/2023 7:17:00 AM,-11.83
10441,4/24/2023 7:18:00 AM,-11.59
10441,4/24/2023 7:18:00 AM,-11.83
10441,4/24/2023 7:18:00 AM,-11.71
10441,4/24/2023 7:18:00 AM,-11.65
10441,4/24/2023 7:18:00 AM,-11.77
10441,4/24/2023 7:18:00 AM,-11.71
10441,4/24/2023 7:18:00 AM,-11.77
10441,4/24/2023 7:18:00 AM,-11.77
10441,4/24/2023 7:18:00 AM,-11.71
10441,4/24/2023 7:18:00 AM,-11.77
10441,4/24/2023 7:18:00 AM,-11.71
10441,4/24/2023 7:18:00 AM,-11.89
10441,4/24/2023 7:18:00 AM,-11.95
10441,4/24/2023 7:19:00 AM,-11.65
10441,4/24/2023 7:19:00 AM,-11.41
10441,4/24/2023 7:19:00 AM,-11.29
10441,4/24/2023 7:19:00 AM,-11.47
10441,4/24/2023 7:19:00 AM,-11.41
10441,4/24/2023 7:19:00 AM,-11.47
10441,4/24/2023 7:19:00 AM,-11.53
10441,4/24/2023 7:19:00 AM,-11.65
10441,4/24/2023 7:19:00 AM,-11.59
10441,4/24/2023 7:19:00 AM,-11.65
10441,4/24/2023 7:19:00 AM,-11.53
10441,4/24/2023 7:20:00 AM,-11.35
10441,4/24/2023 7:20:00 AM,-11.29
10441,4/24/2023 7:20:00 AM,-11.23
10441,4/24/2023 7:20:00 AM,-11.17
10441,4/24/2023 7:20:00 AM,-10.99
10441,4/24/2023 7:20:00 AM,-11.05
10441,4/24/2023 7:20:00 AM,-11.65
10441,4/24/2023 7:20:00 AM,-11.41
10441,4/24/2023 7:20:00 AM,-11.35
10441,4/24/2023 7:20:00 AM,-11.23
10441,4/24/2023 7:21:00 AM,-11.11
10441,4/24/2023 7:21:00 AM,-11.17
10441,4/24/2023 7:21:00 AM,-11.11
10441,4/24/2023 7:21:00 AM,-10.57
10441,4/24/2023 7:21:00 AM,-10.99
10441,4/24/2023 7:21:00 AM,-10.81
10441,4/24/2023 7:21:00 AM,-10.87
10441,4/24/2023 7:21:00 AM,-10.81
10441,4/24/2023 7:21:00 AM,-10.87
10441,4/24/2023 7:22:00 AM,-10.99
10441,4/24/2023 7:22:00 AM,-10.45
10441,4/24/2023 7:22:00 AM,-11.05
10441,4/24/2023 7:22:00 AM,-10.87
10441,4/24/2023 7:22:00 AM,-10.75
10441,4/24/2023 7:22:00 AM,-10.69
10441,4/24/2023 7:22:00 AM,-10.75
10441,4/24/2023 7:22:00 AM,-11.29
10441,4/24/2023 7:22:00 AM,-10.93
10441,4/24/2023 7:22:00 AM,-10.81
10441,4/24/2023 7:22:00 AM,-11.11
10441,4/24/2023 7:22:00 AM,-10.81
10441,4/24/2023 7:23:00 AM,-10.75
10441,4/24/2023 7:23:00 AM,-10.57
10441,4/24/2023 7:23:00 AM,-10.45
10441,4/24/2023 7:23:00 AM,-10.40
10441,4/24/2023 7:23:00 AM,-10.34
10441,4/24/2023 7:23:00 AM,-10.28
10441,4/24/2023 7:23:00 AM,-10.22
10441,4/24/2023 7:23:00 AM,-10.16
10441,4/24/2023 7:23:00 AM,-10.28
10441,4/24/2023 7:23:00 AM,-10.22
10441,4/24/2023 7:24:00 AM,-10.28
10441,4/24/2023 7:24:00 AM,-10.34
10441,4/24/2023 7:24:00 AM,-10.40
10441,4/24/2023 7:24:00 AM,-10.16
10441,4/24/2023 7:24:00 AM,-10.22
10441,4/24/2023 7:25:00 AM,-10.45
10441,4/24/2023 7:25:00 AM,-10.40
10441,4/24/2023 7:25:00 AM,-10.34
10441,4/24/2023 7:25:00 AM,-10.28
10441,4/24/2023 7:25:00 AM,-10.40
10441,4/24/2023 7:25:00 AM,-10.45
10441,4/24/2023 7:25:00 AM,-10.51
10441,4/24/2023 7:25:00 AM,-10.57
10441,4/24/2023 7:25:00 AM,-10.63
10441,4/24/2023 7:26:00 AM,-10.69
10441,4/24/2023 7:26:00 AM,-10.87
10441,4/24/2023 7:26:00 AM,-10.81
10441,4/24/2023 7:26:00 AM,-10.87
10441,4/24/2023 7:26:00 AM,-10.93
10441,4/24/2023 7:26:00 AM,-10.81
10441,4/24/2023 7:26:00 AM,-10.93
10441,4/24/2023 7:26:00 AM,-10.40
10441,4/24/2023 7:26:00 AM,-11.05
10441,4/24/2023 7:26:00 AM,-10.75
10441,4/24/2023 7:26:00 AM,-10.81
10441,4/24/2023 7:26:00 AM,-11.17
10441,4/24/2023 7:26:00 AM,-10.87
10441,4/24/2023 7:26:00 AM,-10.69
10441,4/24/2023 7:26:00 AM,-11.11
10441,4/24/2023 7:27:00 AM,-10.81
10441,4/24/2023 7:27:00 AM,-10.93
10441,4/24/2023 7:27:00 AM,-10.81
10441,4/24/2023 7:27:00 AM,-10.87
10441,4/24/2023 7:27:00 AM,-10.81
10441,4/24/2023 7:27:00 AM,-10.93
10441,4/24/2023 7:27:00 AM,-10.99
10441,4/24/2023 7:27:00 AM,-10.93
10441,4/24/2023 7:27:00 AM,-10.81
10441,4/24/2023 7:28:00 AM,-10.93
10441,4/24/2023 7:28:00 AM,-10.81
10441,4/24/2023 7:28:00 AM,-10.75
10441,4/24/2023 7:28:00 AM,-10.69
10441,4/24/2023 7:28:00 AM,-10.75
10441,4/24/2023 7:28:00 AM,-10.69
10441,4/24/2023 7:28:00 AM,-10.87
10441,4/24/2023 7:29:00 AM,-10.28
10441,4/24/2023 7:29:00 AM,-10.16
10441,4/24/2023 7:29:00 AM,-10.28
10441,4/24/2023 7:29:00 AM,-10.57
10441,4/24/2023 7:29:00 AM,-10.51
10441,4/24/2023 7:29:00 AM,-10.57
10441,4/24/2023 7:29:00 AM,-10.51
10441,4/24/2023 7:29:00 AM,-10.40
10441,4/24/2023 7:29:00 AM,-10.34
10441,4/24/2023 7:30:00 AM,-10.34
10441,4/24/2023 7:30:00 AM,-10.22
10441,4/24/2023 7:30:00 AM,-10.16
10441,4/24/2023 7:30:00 AM,-10.22
10441,4/24/2023 7:30:00 AM,-9.98
10441,4/24/2023 7:30:00 AM,-10.45
10441,4/24/2023 7:30:00 AM,-11.05
10441,4/24/2023 7:30:00 AM,-10.22
10441,4/24/2023 7:30:00 AM,-10.10
10441,4/24/2023 7:30:00 AM,-10.22
10441,4/24/2023 7:30:00 AM,-10.28
10441,4/24/2023 7:30:00 AM,-10.16
10441,4/24/2023 7:30:00 AM,-10.28
10441,4/24/2023 7:31:00 AM,-10.22
10441,4/24/2023 7:31:00 AM,-10.28
10441,4/24/2023 7:31:00 AM,-10.57
10441,4/24/2023 7:31:00 AM,-10.40
10441,4/24/2023 7:31:00 AM,-10.34
10441,4/24/2023 7:31:00 AM,-10.34
10441,4/24/2023 7:31:00 AM,-10.16
10441,4/24/2023 7:31:00 AM,-10.34
10441,4/24/2023 7:31:00 AM,-10.28
10441,4/24/2023 7:31:00 AM,-10.22
10441,4/24/2023 7:31:00 AM,-10.28
10441,4/24/2023 7:31:00 AM,-10.10
10441,4/24/2023 7:31:00 AM,-10.04
10441,4/24/2023 7:31:00 AM,-10.22
10441,4/24/2023 7:32:00 AM,-10.22
10441,4/24/2023 7:32:00 AM,-10.34
10441,4/24/2023 7:32:00 AM,-10.16
10441,4/24/2023 7:32:00 AM,-10.28
10441,4/24/2023 7:32:00 AM,-9.98
10441,4/24/2023 7:32:00 AM,-10.16
10441,4/24/2023 7:32:00 AM,-9.80
10441,4/24/2023 7:32:00 AM,-9.86
10441,4/24/2023 7:32:00 AM,-9.98
10441,4/24/2023 7:32:00 AM,-9.92
10441,4/24/2023 7:32:00 AM,-9.14
10441,4/24/2023 7:32:00 AM,-9.62
10441,4/24/2023 7:32:00 AM,-9.44
10441,4/24/2023 7:33:00 AM,-9.92
10441,4/24/2023 7:33:00 AM,-10.04
10441,4/24/2023 7:33:00 AM,-9.98
10441,4/24/2023 7:33:00 AM,-9.86
10441,4/24/2023 7:33:00 AM,-9.86
10441,4/24/2023 7:33:00 AM,-9.74
10441,4/24/2023 7:33:00 AM,-9.68
10441,4/24/2023 7:33:00 AM,-9.74
10441,4/24/2023 7:33:00 AM,-9.80
10441,4/24/2023 7:33:00 AM,-9.86
10441,4/24/2023 7:34:00 AM,-10.04
10441,4/24/2023 7:34:00 AM,-9.92
10441,4/24/2023 7:34:00 AM,-9.98
10441,4/24/2023 7:34:00 AM,-9.86
10441,4/24/2023 7:34:00 AM,-9.74
10441,4/24/2023 7:34:00 AM,-9.86
10441,4/24/2023 7:34:00 AM,-10.16
10441,4/24/2023 7:34:00 AM,-9.86
10441,4/24/2023 7:34:00 AM,-9.98
10441,4/24/2023 7:34:00 AM,-9.26
10441,4/24/2023 7:34:00 AM,-9.68
10441,4/24/2023 7:34:00 AM,-9.98
10441,4/24/2023 7:35:00 AM,-9.86
10441,4/24/2023 7:35:00 AM,-9.74
10441,4/24/2023 7:35:00 AM,-9.80
10441,4/24/2023 7:35:00 AM,-9.86
10441,4/24/2023 7:35:00 AM,-9.62
10441,4/24/2023 7:35:00 AM,-9.56
10441,4/24/2023 7:35:00 AM,-9.62
10441,4/24/2023 7:35:00 AM,-9.56
10441,4/24/2023 7:35:00 AM,-9.62
10441,4/24/2023 7:36:00 AM,-9.44
10441,4/24/2023 7:36:00 AM,-9.38
10441,4/24/2023 7:36:00 AM,-9.32
10441,4/24/2023 7:36:00 AM,-9.44
10441,4/24/2023 7:36:00 AM,-9.56
10441,4/24/2023 7:36:00 AM,-9.62
10441,4/24/2023 7:36:00 AM,-9.74
10441,4/24/2023 7:36:00 AM,-9.80
10441,4/24/2023 7:36:00 AM,-10.04
10441,4/24/2023 7:36:00 AM,-10.10
10441,4/24/2023 7:37:00 AM,-9.98
10441,4/24/2023 7:37:00 AM,-9.86
10441,4/24/2023 7:37:00 AM,-9.62
10441,4/24/2023 7:37:00 AM,-9.50
10441,4/24/2023 7:37:00 AM,-9.56
10441,4/24/2023 7:37:00 AM,-9.68
10441,4/24/2023 7:37:00 AM,-9.74
10441,4/24/2023 7:37:00 AM,-9.68
10441,4/24/2023 7:37:00 AM,-9.62
10441,4/24/2023 7:38:00 AM,-9.56
10441,4/24/2023 7:38:00 AM,-9.86
10441,4/24/2023 7:38:00 AM,-9.92
10441,4/24/2023 7:38:00 AM,-9.98
10441,4/24/2023 7:38:00 AM,-9.92
10441,4/24/2023 7:38:00 AM,-9.86
10441,4/24/2023 7:38:00 AM,-9.56
10441,4/24/2023 7:39:00 AM,-9.74
10441,4/24/2023 7:39:00 AM,-9.80
10441,4/24/2023 7:39:00 AM,-9.74
10441,4/24/2023 7:39:00 AM,-9.80
10441,4/24/2023 7:39:00 AM,-9.62
10441,4/24/2023 7:39:00 AM,-9.68
10441,4/24/2023 7:39:00 AM,-9.80
10441,4/24/2023 7:39:00 AM,-9.74
10441,4/24/2023 7:39:00 AM,-9.68
10441,4/24/2023 7:39:00 AM,-9.56
10441,4/24/2023 7:39:00 AM,-9.68
10441,4/24/2023 7:40:00 AM,-10.04
10441,4/24/2023 7:40:00 AM,-10.16
10441,4/24/2023 7:40:00 AM,-9.86
10441,4/24/2023 7:40:00 AM,-10.10
10441,4/24/2023 7:40:00 AM,-9.80
10441,4/24/2023 7:40:00 AM,-9.68
10441,4/24/2023 7:40:00 AM,-10.04
10441,4/24/2023 7:40:00 AM,-9.62
10441,4/24/2023 7:40:00 AM,-10.16
10441,4/24/2023 7:40:00 AM,-9.68
10441,4/24/2023 7:40:00 AM,-9.56
10441,4/24/2023 7:40:00 AM,-9.74
10441,4/24/2023 7:40:00 AM,-9.62
10441,4/24/2023 7:41:00 AM,-9.86
10441,4/24/2023 7:41:00 AM,-9.74
10441,4/24/2023 7:41:00 AM,-9.74
10441,4/24/2023 7:41:00 AM,-9.68
10441,4/24/2023 7:41:00 AM,-9.62
10441,4/24/2023 7:41:00 AM,-9.98
10441,4/24/2023 7:41:00 AM,-9.92
10441,4/24/2023 7:41:00 AM,-9.56
10441,4/24/2023 7:41:00 AM,-9.92
10441,4/24/2023 7:41:00 AM,-9.80
10441,4/24/2023 7:41:00 AM,-9.50
10441,4/24/2023 7:42:00 AM,-9.92
10441,4/24/2023 7:42:00 AM,-9.86
10441,4/24/2023 7:42:00 AM,-9.92
10441,4/24/2023 7:42:00 AM,-9.68
10441,4/24/2023 7:42:00 AM,-9.74
10441,4/24/2023 7:42:00 AM,-9.80
10441,4/24/2023 7:42:00 AM,-9.92
10441,4/24/2023 7:42:00 AM,-10.04
10441,4/24/2023 7:42:00 AM,-9.98
10441,4/24/2023 7:43:00 AM,-9.86
10441,4/24/2023 7:43:00 AM,-9.92
10441,4/24/2023 7:43:00 AM,-9.98
10441,4/24/2023 7:43:00 AM,-9.86
10441,4/24/2023 7:43:00 AM,-9.98
10441,4/24/2023 7:43:00 AM,-10.10
10441,4/24/2023 7:43:00 AM,-10.04
10441,4/24/2023 7:43:00 AM,-9.98
10441,4/24/2023 7:43:00 AM,-9.86
10441,4/24/2023 7:44:00 AM,-9.80
10441,4/24/2023 7:44:00 AM,-9.68
10441,4/24/2023 7:44:00 AM,-9.62
10441,4/24/2023 7:44:00 AM,-9.68
10441,4/24/2023 7:45:00 AM,-9.44
10441,4/24/2023 7:45:00 AM,-9.50
10441,4/24/2023 7:45:00 AM,-9.56
10441,4/24/2023 7:45:00 AM,-9.62
10441,4/24/2023 7:45:00 AM,-9.56
10441,4/24/2023 7:45:00 AM,-9.56
10441,4/24/2023 7:46:00 AM,-9.74
10441,4/24/2023 7:46:00 AM,-9.62
10441,4/24/2023 7:46:00 AM,-9.50
10441,4/24/2023 7:46:00 AM,-9.44
10441,4/24/2023 7:47:00 AM,-9.50
10441,4/24/2023 7:47:00 AM,-9.44
10441,4/24/2023 7:47:00 AM,-9.32
10441,4/24/2023 7:47:00 AM,-9.38
10441,4/24/2023 7:47:00 AM,-9.26
10441,4/24/2023 7:47:00 AM,-9.20
10441,4/24/2023 7:47:00 AM,-9.26
10441,4/24/2023 7:48:00 AM,-9.32
10441,4/24/2023 7:48:00 AM,-9.44
10441,4/24/2023 7:48:00 AM,-9.50
10441,4/24/2023 7:48:00 AM,-9.44
10441,4/24/2023 7:48:00 AM,-9.38
10441,4/24/2023 7:48:00 AM,-9.44
10441,4/24/2023 7:48:00 AM,-9.56
10441,4/24/2023 7:48:00 AM,-9.62
10441,4/24/2023 7:49:00 AM,-10.22
10441,4/24/2023 7:49:00 AM,-10.16
10441,4/24/2023 7:49:00 AM,-9.74
10441,4/24/2023 7:49:00 AM,-9.80
10441,4/24/2023 7:49:00 AM,-9.92
10441,4/24/2023 7:49:00 AM,-9.98
10441,4/24/2023 7:49:00 AM,-10.04
10441,4/24/2023 7:49:00 AM,-10.28
10441,4/24/2023 7:50:00 AM,-9.92
10441,4/24/2023 7:50:00 AM,-9.86
10441,4/24/2023 7:50:00 AM,-9.80
10441,4/24/2023 7:50:00 AM,-9.68
10441,4/24/2023 7:50:00 AM,-10.10
10441,4/24/2023 7:50:00 AM,-10.04
10441,4/24/2023 7:50:00 AM,-9.98
10441,4/24/2023 7:50:00 AM,-9.62
10441,4/24/2023 7:50:00 AM,-9.68
10441,4/24/2023 7:50:00 AM,-9.44
10441,4/24/2023 7:51:00 AM,-9.50
10441,4/24/2023 7:51:00 AM,-9.38
10441,4/24/2023 7:51:00 AM,-9.68
10441,4/24/2023 7:51:00 AM,-9.62
10441,4/24/2023 7:51:00 AM,-9.74
10441,4/24/2023 7:51:00 AM,-9.38
10441,4/24/2023 7:51:00 AM,-9.20
10441,4/24/2023 7:51:00 AM,-9.32
10441,4/24/2023 7:51:00 AM,-9.14
10441,4/24/2023 7:51:00 AM,-10.16
10441,4/24/2023 7:51:00 AM,-9.56
10441,4/24/2023 7:51:00 AM,-9.14
10441,4/24/2023 7:51:00 AM,-9.32
10441,4/24/2023 7:52:00 AM,-9.38
10441,4/24/2023 7:52:00 AM,-9.44
10441,4/24/2023 7:52:00 AM,-9.50
10441,4/24/2023 7:52:00 AM,-9.44
10441,4/24/2023 7:52:00 AM,-9.50
10441,4/24/2023 7:52:00 AM,-9.62
10441,4/24/2023 7:52:00 AM,-9.56
10441,4/24/2023 7:52:00 AM,-9.50
10441,4/24/2023 7:52:00 AM,-9.44
10441,4/24/2023 7:53:00 AM,-9.38
10441,4/24/2023 7:53:00 AM,-9.44
10441,4/24/2023 7:53:00 AM,-9.38
10441,4/24/2023 7:53:00 AM,-9.32
10441,4/24/2023 7:54:00 AM,-9.20
10441,4/24/2023 7:54:00 AM,-9.32
10441,4/24/2023 7:54:00 AM,-9.26
10441,4/24/2023 7:54:00 AM,-9.20
10441,4/24/2023 7:54:00 AM,-9.08
10441,4/24/2023 7:54:00 AM,-9.14
10441,4/24/2023 7:54:00 AM,-9.20
10441,4/24/2023 7:54:00 AM,-9.38
10441,4/24/2023 7:54:00 AM,-9.50
10441,4/24/2023 7:55:00 AM,-9.56
10441,4/24/2023 7:55:00 AM,-9.50
10441,4/24/2023 7:55:00 AM,-9.44
10441,4/24/2023 7:55:00 AM,-9.50
10441,4/24/2023 7:55:00 AM,-9.56
10441,4/24/2023 7:55:00 AM,-9.44
10441,4/24/2023 7:55:00 AM,-9.56
10441,4/24/2023 7:55:00 AM,-9.44
10441,4/24/2023 7:56:00 AM,-9.38
10441,4/24/2023 7:56:00 AM,-8.96
10441,4/24/2023 7:56:00 AM,-9.56
10441,4/24/2023 7:56:00 AM,-9.62
10441,4/24/2023 7:56:00 AM,-9.50
10441,4/24/2023 7:56:00 AM,-9.20
10441,4/24/2023 7:56:00 AM,-9.32
10441,4/24/2023 7:56:00 AM,-9.50
10441,4/24/2023 7:56:00 AM,-9.20
10441,4/24/2023 7:56:00 AM,-9.08
10441,4/24/2023 7:56:00 AM,-9.02
10441,4/24/2023 7:57:00 AM,-9.08
10441,4/24/2023 7:57:00 AM,-9.08
10441,4/24/2023 7:57:00 AM,-9.50
10441,4/24/2023 7:57:00 AM,-9.02
10441,4/24/2023 7:57:00 AM,-9.14
10441,4/24/2023 7:57:00 AM,-9.20
10441,4/24/2023 7:57:00 AM,-9.26
10441,4/24/2023 7:57:00 AM,-9.20
10441,4/24/2023 7:57:00 AM,-9.14
10441,4/24/2023 7:58:00 AM,-9.32
10441,4/24/2023 7:58:00 AM,-9.68
10441,4/24/2023 7:58:00 AM,-9.26
10441,4/24/2023 7:58:00 AM,-8.90
10441,4/24/2023 7:58:00 AM,-9.38
10441,4/24/2023 7:58:00 AM,-9.26
10441,4/24/2023 7:58:00 AM,-9.26
10441,4/24/2023 7:58:00 AM,-9.38
10441,4/24/2023 7:58:00 AM,-9.26
10441,4/24/2023 7:58:00 AM,-9.44
10441,4/24/2023 7:58:00 AM,-9.50
10441,4/24/2023 7:58:00 AM,-9.44
10441,4/24/2023 7:58:00 AM,-9.32
10441,4/24/2023 7:58:00 AM,-9.38
10441,4/24/2023 7:58:00 AM,-9.32
10441,4/24/2023 7:59:00 AM,-9.14
10441,4/24/2023 7:59:00 AM,-9.08
10441,4/24/2023 7:59:00 AM,-9.14
10441,4/24/2023 7:59:00 AM,-9.02
10441,4/24/2023 7:59:00 AM,-8.72
10441,4/24/2023 7:59:00 AM,-9.14
10441,4/24/2023 7:59:00 AM,-9.32
10441,4/24/2023 7:59:00 AM,-9.26
10441,4/24/2023 7:59:00 AM,-9.44
10441,4/24/2023 7:59:00 AM,-9.38
10441,4/24/2023 7:59:00 AM,-9.32
10441,4/24/2023 8:00:00 AM,-9.14
10441,4/24/2023 8:00:00 AM,-9.20
10441,4/24/2023 8:00:00 AM,-9.08
10441,4/24/2023 8:00:00 AM,-9.26
10441,4/24/2023 8:00:00 AM,-9.14
10441,4/24/2023 8:00:00 AM,-9.32
10441,4/24/2023 8:00:00 AM,-9.38
10441,4/24/2023 8:00:00 AM,-9.14
10441,4/24/2023 8:00:00 AM,-9.26
10441,4/24/2023 8:00:00 AM,-9.38
10441,4/24/2023 8:01:00 AM,-9.44
10441,4/24/2023 8:01:00 AM,-9.50
10441,4/24/2023 8:01:00 AM,-9.38
10441,4/24/2023 8:01:00 AM,-9.26
10441,4/24/2023 8:01:00 AM,-9.20
10441,4/24/2023 8:01:00 AM,-9.26
10441,4/24/2023 8:01:00 AM,-9.20
10441,4/24/2023 8:01:00 AM,-9.44
10441,4/24/2023 8:02:00 AM,-8.96
10441,4/24/2023 8:02:00 AM,-8.90
10441,4/24/2023 8:02:00 AM,-8.84
10441,4/24/2023 8:02:00 AM,-8.72
10441,4/24/2023 8:02:00 AM,-9.08
10441,4/24/2023 8:02:00 AM,-9.20
10441,4/24/2023 8:02:00 AM,-9.26
10441,4/24/2023 8:02:00 AM,-9.14
10441,4/24/2023 8:02:00 AM,-9.02
10441,4/24/2023 8:03:00 AM,-8.66
10441,4/24/2023 8:03:00 AM,-8.72
10441,4/24/2023 8:03:00 AM,-8.78
10441,4/24/2023 8:03:00 AM,-8.66
10441,4/24/2023 8:03:00 AM,-8.72
10441,4/24/2023 8:03:00 AM,-8.90
10441,4/24/2023 8:03:00 AM,-8.84
10441,4/24/2023 8:03:00 AM,-9.20
10441,4/24/2023 8:03:00 AM,-9.26
10441,4/24/2023 8:03:00 AM,-8.96
10441,4/24/2023 8:03:00 AM,-9.02
10441,4/24/2023 8:04:00 AM,-8.78
10441,4/24/2023 8:04:00 AM,-8.96
10441,4/24/2023 8:04:00 AM,-9.44
10441,4/24/2023 8:04:00 AM,-8.84
10441,4/24/2023 8:04:00 AM,-9.26
10441,4/24/2023 8:04:00 AM,-9.08
10441,4/24/2023 8:04:00 AM,-9.14
10441,4/24/2023 8:04:00 AM,-9.32
10441,4/24/2023 8:05:00 AM,-9.26
10441,4/24/2023 8:05:00 AM,-9.26
10441,4/24/2023 8:05:00 AM,-9.20
10441,4/24/2023 8:05:00 AM,-9.14
10441,4/24/2023 8:05:00 AM,-9.32
10441,4/24/2023 8:05:00 AM,-9.44
10441,4/24/2023 8:05:00 AM,-9.38
10441,4/24/2023 8:05:00 AM,-9.44
10441,4/24/2023 8:05:00 AM,-9.38
10441,4/24/2023 8:05:00 AM,-9.20
10441,4/24/2023 8:06:00 AM,-9.20
10441,4/24/2023 8:06:00 AM,-9.44
10441,4/24/2023 8:06:00 AM,-9.32
10441,4/24/2023 8:06:00 AM,-9.74
10441,4/24/2023 8:06:00 AM,-9.56
10441,4/24/2023 8:06:00 AM,-9.38
10441,4/24/2023 8:06:00 AM,-8.66
10441,4/24/2023 8:06:00 AM,-9.44
10441,4/24/2023 8:06:00 AM,-9.32
10441,4/24/2023 8:06:00 AM,-9.56
10441,4/24/2023 8:06:00 AM,-9.44
10441,4/24/2023 8:06:00 AM,-9.26
10441,4/24/2023 8:07:00 AM,-9.20
10441,4/24/2023 8:07:00 AM,-9.08
10441,4/24/2023 8:07:00 AM,-9.02
10441,4/24/2023 8:07:00 AM,-9.08
10441,4/24/2023 8:07:00 AM,-8.96
10441,4/24/2023 8:07:00 AM,-9.02
10441,4/24/2023 8:07:00 AM,-9.14
10441,4/24/2023 8:07:00 AM,-9.26
10441,4/24/2023 8:07:00 AM,-9.20
10441,4/24/2023 8:07:00 AM,-9.14
10441,4/24/2023 8:08:00 AM,-9.08
10441,4/24/2023 8:08:00 AM,-9.02
10441,4/24/2023 8:08:00 AM,-9.26
10441,4/24/2023 8:08:00 AM,-8.66
10441,4/24/2023 8:08:00 AM,-8.96
10441,4/24/2023 8:08:00 AM,-9.08
10441,4/24/2023 8:08:00 AM,-9.02
10441,4/24/2023 8:08:00 AM,-9.14
10441,4/24/2023 8:09:00 AM,-9.02
10441,4/24/2023 8:09:00 AM,-8.96
10441,4/24/2023 8:09:00 AM,-8.48
10441,4/24/2023 8:09:00 AM,-8.84
10441,4/24/2023 8:09:00 AM,-9.20
10441,4/24/2023 8:09:00 AM,-8.72
10441,4/24/2023 8:09:00 AM,-8.90
10441,4/24/2023 8:09:00 AM,-8.96
10441,4/24/2023 8:09:00 AM,-8.78
10441,4/24/2023 8:09:00 AM,-8.84
10441,4/24/2023 8:09:00 AM,-8.78
10441,4/24/2023 8:09:00 AM,-8.84
10441,4/24/2023 8:10:00 AM,-8.72
10441,4/24/2023 8:10:00 AM,-8.78
10441,4/24/2023 8:10:00 AM,-8.96
10441,4/24/2023 8:10:00 AM,-9.08
10441,4/24/2023 8:10:00 AM,-8.72
10441,4/24/2023 8:10:00 AM,-8.84
10441,4/24/2023 8:10:00 AM,-9.02
10441,4/24/2023 8:10:00 AM,-8.96
10441,4/24/2023 8:10:00 AM,-8.78
10441,4/24/2023 8:10:00 AM,-8.90
10441,4/24/2023 8:11:00 AM,-9.20
10441,4/24/2023 8:11:00 AM,-9.26
10441,4/24/2023 8:11:00 AM,-9.26
10441,4/24/2023 8:11:00 AM,-9.32
10441,4/24/2023 8:11:00 AM,-9.26
10441,4/24/2023 8:11:00 AM,-9.08
10441,4/24/2023 8:11:00 AM,-8.84
10441,4/24/2023 8:11:00 AM,-8.72
10441,4/24/2023 8:11:00 AM,-9.32
10441,4/24/2023 8:11:00 AM,-9.02
10441,4/24/2023 8:11:00 AM,-9.32
10441,4/24/2023 8:11:00 AM,-9.26
10441,4/24/2023 8:11:00 AM,-9.20
10441,4/24/2023 8:11:00 AM,-9.38
10441,4/24/2023 8:12:00 AM,-8.60
10441,4/24/2023 8:12:00 AM,-8.66
10441,4/24/2023 8:12:00 AM,-8.90
10441,4/24/2023 8:12:00 AM,-8.96
10441,4/24/2023 8:12:00 AM,-9.02
10441,4/24/2023 8:12:00 AM,-9.14
10441,4/24/2023 8:13:00 AM,-9.20
10441,4/24/2023 8:13:00 AM,-9.14
10441,4/24/2023 8:13:00 AM,-9.20
10441,4/24/2023 8:13:00 AM,-9.26
10441,4/24/2023 8:13:00 AM,-9.32
10441,4/24/2023 8:13:00 AM,-9.20
10441,4/24/2023 8:13:00 AM,-9.26
10441,4/24/2023 8:14:00 AM,-9.38
10441,4/24/2023 8:14:00 AM,-9.50
10441,4/24/2023 8:14:00 AM,-9.56
10441,4/24/2023 8:14:00 AM,-9.86
10441,4/24/2023 8:14:00 AM,-9.44
10441,4/24/2023 8:14:00 AM,-9.50
10441,4/24/2023 8:14:00 AM,-9.44
10441,4/24/2023 8:14:00 AM,-9.50
10441,4/24/2023 8:14:00 AM,-9.44
10441,4/24/2023 8:14:00 AM,-9.56
10441,4/24/2023 8:15:00 AM,-9.32
10441,4/24/2023 8:15:00 AM,-9.26
10441,4/24/2023 8:15:00 AM,-9.20
10441,4/24/2023 8:15:00 AM,-9.56
10441,4/24/2023 8:15:00 AM,-9.44
10441,4/24/2023 8:15:00 AM,-9.32
10441,4/24/2023 8:15:00 AM,-9.14
10441,4/24/2023 8:15:00 AM,-9.20
10441,4/24/2023 8:16:00 AM,-9.68
10441,4/24/2023 8:16:00 AM,-9.56
10441,4/24/2023 8:16:00 AM,-9.62
10441,4/24/2023 8:16:00 AM,-9.56
10441,4/24/2023 8:16:00 AM,-9.68
10441,4/24/2023 8:16:00 AM,-9.62
10441,4/24/2023 8:16:00 AM,-9.56
10441,4/24/2023 8:16:00 AM,-9.38
10441,4/24/2023 8:16:00 AM,-9.56
10441,4/24/2023 8:16:00 AM,-9.62
10441,4/24/2023 8:17:00 AM,-9.68
10441,4/24/2023 8:17:00 AM,-10.51
10441,4/24/2023 8:17:00 AM,-9.44
10441,4/24/2023 8:17:00 AM,-9.38
10441,4/24/2023 8:17:00 AM,-9.56
10441,4/24/2023 8:17:00 AM,-9.32
10441,4/24/2023 8:17:00 AM,-9.38
10441,4/24/2023 8:17:00 AM,-9.26
10441,4/24/2023 8:18:00 AM,-9.74
10441,4/24/2023 8:18:00 AM,-9.80
10441,4/24/2023 8:18:00 AM,-9.62
10441,4/24/2023 8:18:00 AM,-9.74
10441,4/24/2023 8:18:00 AM,-9.98
10441,4/24/2023 8:18:00 AM,-9.68
10441,4/24/2023 8:18:00 AM,-9.68
10441,4/24/2023 8:18:00 AM,-9.62
10441,4/24/2023 8:18:00 AM,-9.80
10441,4/24/2023 8:18:00 AM,-9.74
10441,4/24/2023 8:18:00 AM,-9.68
10441,4/24/2023 8:18:00 AM,-9.86
10441,4/24/2023 8:19:00 AM,-9.74
10441,4/24/2023 8:19:00 AM,-9.74
10441,4/24/2023 8:19:00 AM,-9.86
10441,4/24/2023 8:19:00 AM,-9.92
10441,4/24/2023 8:19:00 AM,-10.04
10441,4/24/2023 8:19:00 AM,-9.98
10441,4/24/2023 8:19:00 AM,-9.86
10441,4/24/2023 8:19:00 AM,-9.80
10441,4/24/2023 8:20:00 AM,-10.22
10441,4/24/2023 8:20:00 AM,-10.28
10441,4/24/2023 8:20:00 AM,-10.04
10441,4/24/2023 8:20:00 AM,-10.10
10441,4/24/2023 8:20:00 AM,-9.86
10441,4/24/2023 8:20:00 AM,-9.92
10441,4/24/2023 8:20:00 AM,-9.62
10441,4/24/2023 8:20:00 AM,-9.74
10441,4/24/2023 8:20:00 AM,-9.86
10441,4/24/2023 8:20:00 AM,-9.98
10441,4/24/2023 8:20:00 AM,-10.10
10441,4/24/2023 8:20:00 AM,-10.28
10441,4/24/2023 8:20:00 AM,-9.86
10441,4/24/2023 8:21:00 AM,-9.68
10441,4/24/2023 8:21:00 AM,-9.50
10441,4/24/2023 8:21:00 AM,-9.80
10441,4/24/2023 8:21:00 AM,-9.80
10441,4/24/2023 8:21:00 AM,-9.92
10441,4/24/2023 8:21:00 AM,-9.98
10441,4/24/2023 8:21:00 AM,-10.10
10441,4/24/2023 8:21:00 AM,-10.04
10441,4/24/2023 8:21:00 AM,-10.10
10441,4/24/2023 8:22:00 AM,-9.98
10441,4/24/2023 8:22:00 AM,-9.68
10441,4/24/2023 8:22:00 AM,-10.34
10441,4/24/2023 8:22:00 AM,-10.28
10441,4/24/2023 8:22:00 AM,-10.16
10441,4/24/2023 8:22:00 AM,-9.98
10441,4/24/2023 8:22:00 AM,-9.92
10441,4/24/2023 8:22:00 AM,-9.86
10441,4/24/2023 8:22:00 AM,-9.74
10441,4/24/2023 8:22:00 AM,-9.80
10441,4/24/2023 8:22:00 AM,-9.92
10441,4/24/2023 8:22:00 AM,-10.10
10441,4/24/2023 8:22:00 AM,-10.16
10441,4/24/2023 8:23:00 AM,-10.45
10441,4/24/2023 8:23:00 AM,-10.34
10441,4/24/2023 8:23:00 AM,-10.28
10441,4/24/2023 8:23:00 AM,-10.22
10441,4/24/2023 8:23:00 AM,-10.28
10441,4/24/2023 8:23:00 AM,-10.16
10441,4/24/2023 8:23:00 AM,-10.22
10441,4/24/2023 8:23:00 AM,-10.34
10441,4/24/2023 8:24:00 AM,-10.28
10441,4/24/2023 8:24:00 AM,-10.34
10441,4/24/2023 8:24:00 AM,-10.40
10441,4/24/2023 8:24:00 AM,-10.28
10441,4/24/2023 8:24:00 AM,-10.57
10441,4/24/2023 8:24:00 AM,-10.22
10441,4/24/2023 8:24:00 AM,-10.04
10441,4/24/2023 8:24:00 AM,-9.98
10441,4/24/2023 8:24:00 AM,-9.86
10441,4/24/2023 8:24:00 AM,-9.92
10441,4/24/2023 8:24:00 AM,-9.86
10441,4/24/2023 8:25:00 AM,-9.92
10441,4/24/2023 8:25:00 AM,-10.04
10441,4/24/2023 8:25:00 AM,-10.22
10441,4/24/2023 8:25:00 AM,-10.34
10441,4/24/2023 8:25:00 AM,-10.87
10441,4/24/2023 8:25:00 AM,-10.63
10441,4/24/2023 8:26:00 AM,-10.04
10441,4/24/2023 8:26:00 AM,-9.92
10441,4/24/2023 8:26:00 AM,-9.74
10441,4/24/2023 8:26:00 AM,-9.68
10441,4/24/2023 8:26:00 AM,-9.80
10441,4/24/2023 8:26:00 AM,-10.45
10441,4/24/2023 8:26:00 AM,-10.69
10441,4/24/2023 8:26:00 AM,-10.51
10441,4/24/2023 8:26:00 AM,-10.22
10441,4/24/2023 8:27:00 AM,-9.68
10441,4/24/2023 8:27:00 AM,-9.50
10441,4/24/2023 8:27:00 AM,-9.56
10441,4/24/2023 8:27:00 AM,-9.44
10441,4/24/2023 8:27:00 AM,-9.38
10441,4/24/2023 8:27:00 AM,-9.32
10441,4/24/2023 8:27:00 AM,-9.38
10441,4/24/2023 8:27:00 AM,-9.50
10441,4/24/2023 8:27:00 AM,-9.62
10441,4/24/2023 8:27:00 AM,-9.68
10441,4/24/2023 8:27:00 AM,-9.74
10441,4/24/2023 8:27:00 AM,-9.98
10441,4/24/2023 8:28:00 AM,-10.04
10441,4/24/2023 8:28:00 AM,-9.98
10441,4/24/2023 8:28:00 AM,-10.04
10441,4/24/2023 8:28:00 AM,-10.16
10441,4/24/2023 8:28:00 AM,-10.28
10441,4/24/2023 8:28:00 AM,-10.22
10441,4/24/2023 8:29:00 AM,-10.75
10441,4/24/2023 8:29:00 AM,-10.69
10441,4/24/2023 8:29:00 AM,-10.63
10441,4/24/2023 8:29:00 AM,-10.57
10441,4/24/2023 8:29:00 AM,-10.34
10441,4/24/2023 8:29:00 AM,-10.28
10441,4/24/2023 8:29:00 AM,-10.34
10441,4/24/2023 8:29:00 AM,-10.40
10441,4/24/2023 8:29:00 AM,-10.51
10441,4/24/2023 8:29:00 AM,-10.57
10441,4/24/2023 8:29:00 AM,-10.51
10441,4/24/2023 8:29:00 AM,-10.63
10441,4/24/2023 8:30:00 AM,-10.45
10441,4/24/2023 8:30:00 AM,-10.51
10441,4/24/2023 8:30:00 AM,-10.63
10441,4/24/2023 8:30:00 AM,-10.45
10441,4/24/2023 8:30:00 AM,-10.40
10441,4/24/2023 8:30:00 AM,-10.45
10441,4/24/2023 8:30:00 AM,-10.51
10441,4/24/2023 8:30:00 AM,-10.40
10441,4/24/2023 8:30:00 AM,-10.51
10441,4/24/2023 8:31:00 AM,-10.34
10441,4/24/2023 8:31:00 AM,-10.28
10441,4/24/2023 8:31:00 AM,-10.16
10441,4/24/2023 8:31:00 AM,-10.28
10441,4/24/2023 8:31:00 AM,-10.40
10441,4/24/2023 8:31:00 AM,-10.57
10441,4/24/2023 8:31:00 AM,-10.51
10441,4/24/2023 8:31:00 AM,-10.45
10441,4/24/2023 8:31:00 AM,-10.40
10441,4/24/2023 8:31:00 AM,-10.10
10441,4/24/2023 8:31:00 AM,-10.22
10441,4/24/2023 8:32:00 AM,-10.81
10441,4/24/2023 8:32:00 AM,-10.10
10441,4/24/2023 8:32:00 AM,-10.16
10441,4/24/2023 8:32:00 AM,-10.34
10441,4/24/2023 8:32:00 AM,-10.22
10441,4/24/2023 8:32:00 AM,-10.04
10441,4/24/2023 8:32:00 AM,-10.10
10441,4/24/2023 8:32:00 AM,-10.16
10441,4/24/2023 8:32:00 AM,-10.34
10441,4/24/2023 8:32:00 AM,-10.10
10441,4/24/2023 8:32:00 AM,-10.57
10441,4/24/2023 8:32:00 AM,-10.34
10441,4/24/2023 8:32:00 AM,-10.16
10441,4/24/2023 8:32:00 AM,-10.04
10441,4/24/2023 8:33:00 AM,-10.34
10441,4/24/2023 8:33:00 AM,-10.28
10441,4/24/2023 8:33:00 AM,-10.34
10441,4/24/2023 8:33:00 AM,-10.28
10441,4/24/2023 8:33:00 AM,-10.16
10441,4/24/2023 8:33:00 AM,-10.22
10441,4/24/2023 8:33:00 AM,-10.28
10441,4/24/2023 8:33:00 AM,-10.22
10441,4/24/2023 8:33:00 AM,-10.16
10441,4/24/2023 8:33:00 AM,-10.28
10441,4/24/2023 8:33:00 AM,-10.34
10441,4/24/2023 8:33:00 AM,-10.28
10441,4/24/2023 8:34:00 AM,-10.10
10441,4/24/2023 8:34:00 AM,-10.22
10441,4/24/2023 8:34:00 AM,-10.16
10441,4/24/2023 8:34:00 AM,-10.22
10441,4/24/2023 8:34:00 AM,-10.28
10441,4/24/2023 8:34:00 AM,-9.98
10441,4/24/2023 8:34:00 AM,-9.86
10441,4/24/2023 8:34:00 AM,-10.04
10441,4/24/2023 8:34:00 AM,-9.92
10441,4/24/2023 8:34:00 AM,-10.10
10441,4/24/2023 8:34:00 AM,-10.16
10441,4/24/2023 8:34:00 AM,-10.04
10441,4/24/2023 8:34:00 AM,-9.86
10441,4/24/2023 8:34:00 AM,-10.04
10441,4/24/2023 8:35:00 AM,-10.16
10441,4/24/2023 8:35:00 AM,-10.10
10441,4/24/2023 8:35:00 AM,-10.22
10441,4/24/2023 8:35:00 AM,-10.16
10441,4/24/2023 8:35:00 AM,-10.10
10441,4/24/2023 8:35:00 AM,-10.04
10441,4/24/2023 8:35:00 AM,-10.22
10441,4/24/2023 8:35:00 AM,-10.28
10441,4/24/2023 8:35:00 AM,-10.22
10441,4/24/2023 8:35:00 AM,-10.10
10441,4/24/2023 8:35:00 AM,-10.45
10441,4/24/2023 8:36:00 AM,-10.04
10441,4/24/2023 8:36:00 AM,-10.28
10441,4/24/2023 8:36:00 AM,-10.10
10441,4/24/2023 8:36:00 AM,-10.22
10441,4/24/2023 8:36:00 AM,-10.16
10441,4/24/2023 8:36:00 AM,-10.04
10441,4/24/2023 8:36:00 AM,-9.86
10441,4/24/2023 8:36:00 AM,-10.10
10441,4/24/2023 8:36:00 AM,-9.98
10441,4/24/2023 8:36:00 AM,-10.10
10441,4/24/2023 8:37:00 AM,-10.34
10441,4/24/2023 8:37:00 AM,-10.40
10441,4/24/2023 8:37:00 AM,-10.28
10441,4/24/2023 8:37:00 AM,-10.34
10441,4/24/2023 8:37:00 AM,-10.22
10441,4/24/2023 8:37:00 AM,-10.04
10441,4/24/2023 8:37:00 AM,-10.28
10441,4/24/2023 8:37:00 AM,-10.04
10441,4/24/2023 8:37:00 AM,-10.10
10441,4/24/2023 8:38:00 AM,-10.16
10441,4/24/2023 8:38:00 AM,-10.22
10441,4/24/2023 8:38:00 AM,-10.16
10441,4/24/2023 8:38:00 AM,-10.22
10441,4/24/2023 8:38:00 AM,-10.28
10441,4/24/2023 8:38:00 AM,-10.22
10441,4/24/2023 8:38:00 AM,-10.10
10441,4/24/2023 8:38:00 AM,-10.04
10441,4/24/2023 8:39:00 AM,-10.22
10441,4/24/2023 8:39:00 AM,-10.28
10441,4/24/2023 8:39:00 AM,-10.40
10441,4/24/2023 8:39:00 AM,-10.34
10441,4/24/2023 8:39:00 AM,-10.28
10441,4/24/2023 8:39:00 AM,-10.45
10441,4/24/2023 8:40:00 AM,-10.16
10441,4/24/2023 8:40:00 AM,-10.28
10441,4/24/2023 8:40:00 AM,-10.28
10441,4/24/2023 8:40:00 AM,-10.34
10441,4/24/2023 8:40:00 AM,-10.28
10441,4/24/2023 8:40:00 AM,-10.16
10441,4/24/2023 8:40:00 AM,-10.34
10441,4/24/2023 8:40:00 AM,-10.75
10441,4/24/2023 8:40:00 AM,-10.40
10441,4/24/2023 8:40:00 AM,-10.34
10441,4/24/2023 8:40:00 AM,-10.16
10441,4/24/2023 8:40:00 AM,-10.28
10441,4/24/2023 8:41:00 AM,-10.40
10441,4/24/2023 8:41:00 AM,-10.34
10441,4/24/2023 8:41:00 AM,-10.57
10441,4/24/2023 8:41:00 AM,-10.45
10441,4/24/2023 8:41:00 AM,-10.51
10441,4/24/2023 8:41:00 AM,-10.22
10441,4/24/2023 8:41:00 AM,-10.45
10441,4/24/2023 8:41:00 AM,-10.28
10441,4/24/2023 8:41:00 AM,-10.63
10441,4/24/2023 8:41:00 AM,-10.45
10441,4/24/2023 8:41:00 AM,-10.34
10441,4/24/2023 8:42:00 AM,-10.45
10441,4/24/2023 8:42:00 AM,-10.51
10441,4/24/2023 8:42:00 AM,-10.63
10441,4/24/2023 8:42:00 AM,-10.75
10441,4/24/2023 8:42:00 AM,-10.69
10441,4/24/2023 8:42:00 AM,-10.81
10441,4/24/2023 8:42:00 AM,-10.81
10441,4/24/2023 8:42:00 AM,-10.75
10441,4/24/2023 8:42:00 AM,-10.87
10441,4/24/2023 8:42:00 AM,-10.87
10441,4/24/2023 8:42:00 AM,-10.81
10441,4/24/2023 8:42:00 AM,-10.87
10441,4/24/2023 8:42:00 AM,-11.17
10441,4/24/2023 8:42:00 AM,-10.99
10441,4/24/2023 8:42:00 AM,-10.93
10441,4/24/2023 8:43:00 AM,-10.75
10441,4/24/2023 8:43:00 AM,-10.69
10441,4/24/2023 8:43:00 AM,-10.63
10441,4/24/2023 8:43:00 AM,-10.69
10441,4/24/2023 8:43:00 AM,-10.75
10441,4/24/2023 8:43:00 AM,-10.93
10441,4/24/2023 8:43:00 AM,-10.99
10441,4/24/2023 8:43:00 AM,-10.93
10441,4/24/2023 8:43:00 AM,-10.87
10441,4/24/2023 8:43:00 AM,-10.81
10441,4/24/2023 8:44:00 AM,-10.75
10441,4/24/2023 8:44:00 AM,-10.87
10441,4/24/2023 8:44:00 AM,-10.81
10441,4/24/2023 8:44:00 AM,-10.87
10441,4/24/2023 8:44:00 AM,-10.93
10441,4/24/2023 8:44:00 AM,-11.11
10441,4/24/2023 8:45:00 AM,-11.05
10441,4/24/2023 8:45:00 AM,-10.99
10441,4/24/2023 8:45:00 AM,-10.87
10441,4/24/2023 8:45:00 AM,-10.63
10441,4/24/2023 8:45:00 AM,-10.45
10441,4/24/2023 8:45:00 AM,-10.93
10441,4/24/2023 8:45:00 AM,-10.75
10441,4/24/2023 8:45:00 AM,-10.57
10441,4/24/2023 8:46:00 AM,-10.51
10441,4/24/2023 8:46:00 AM,-10.57
10441,4/24/2023 8:46:00 AM,-10.75
10441,4/24/2023 8:46:00 AM,-10.57
10441,4/24/2023 8:46:00 AM,-10.51
10441,4/24/2023 8:46:00 AM,-10.69
10441,4/24/2023 8:46:00 AM,-10.63
10441,4/24/2023 8:46:00 AM,-10.57
10441,4/24/2023 8:46:00 AM,-10.69
10441,4/24/2023 8:46:00 AM,-10.63
10441,4/24/2023 8:47:00 AM,-10.51
10441,4/24/2023 8:47:00 AM,-10.69
10441,4/24/2023 8:47:00 AM,-10.28
10441,4/24/2023 8:47:00 AM,-10.16
10441,4/24/2023 8:47:00 AM,-10.22
10441,4/24/2023 8:47:00 AM,-10.40
10441,4/24/2023 8:47:00 AM,-10.28
10441,4/24/2023 8:47:00 AM,-10.45
10441,4/24/2023 8:47:00 AM,-10.16
10441,4/24/2023 8:47:00 AM,-9.98
10441,4/24/2023 8:47:00 AM,-10.10
10441,4/24/2023 8:48:00 AM,-10.81
10441,4/24/2023 8:48:00 AM,-10.87
10441,4/24/2023 8:48:00 AM,-10.93
10441,4/24/2023 8:48:00 AM,-10.99
10441,4/24/2023 8:48:00 AM,-11.05
10441,4/24/2023 8:48:00 AM,-10.99
10441,4/24/2023 8:48:00 AM,-11.05
10441,4/24/2023 8:48:00 AM,-10.93
10441,4/24/2023 8:48:00 AM,-10.99
10441,4/24/2023 8:48:00 AM,-10.93
10441,4/24/2023 8:49:00 AM,-10.75
10441,4/24/2023 8:49:00 AM,-10.87
10441,4/24/2023 8:49:00 AM,-10.93
10441,4/24/2023 8:49:00 AM,-10.51
10441,4/24/2023 8:49:00 AM,-10.81
10441,4/24/2023 8:49:00 AM,-10.51
10441,4/24/2023 8:49:00 AM,-10.81
10441,4/24/2023 8:49:00 AM,-10.75
10441,4/24/2023 8:49:00 AM,-10.81
10441,4/24/2023 8:49:00 AM,-10.75
10441,4/24/2023 8:49:00 AM,-10.63
10441,4/24/2023 8:49:00 AM,-10.57
10441,4/24/2023 8:50:00 AM,-10.57
10441,4/24/2023 8:50:00 AM,-10.81
10441,4/24/2023 8:50:00 AM,-10.69
10441,4/24/2023 8:50:00 AM,-10.51
10441,4/24/2023 8:50:00 AM,-10.87
10441,4/24/2023 8:50:00 AM,-10.57
10441,4/24/2023 8:50:00 AM,-10.57
10441,4/24/2023 8:50:00 AM,-10.69
10441,4/24/2023 8:50:00 AM,-10.63
10441,4/24/2023 8:50:00 AM,-10.45
10441,4/24/2023 8:50:00 AM,-10.40
10441,4/24/2023 8:50:00 AM,-10.45
10441,4/24/2023 8:50:00 AM,-10.51
10441,4/24/2023 8:51:00 AM,-10.57
10441,4/24/2023 8:51:00 AM,-10.87
10441,4/24/2023 8:51:00 AM,-10.81
10441,4/24/2023 8:51:00 AM,-10.75
10441,4/24/2023 8:51:00 AM,-10.87
10441,4/24/2023 8:51:00 AM,-10.75
10441,4/24/2023 8:51:00 AM,-10.69
10441,4/24/2023 8:51:00 AM,-10.69
10441,4/24/2023 8:51:00 AM,-10.51
10441,4/24/2023 8:51:00 AM,-10.75
10441,4/24/2023 8:51:00 AM,-10.57
10441,4/24/2023 8:51:00 AM,-10.69
10441,4/24/2023 8:51:00 AM,-10.93
10441,4/24/2023 8:52:00 AM,-10.51
10441,4/24/2023 8:52:00 AM,-10.40
10441,4/24/2023 8:52:00 AM,-10.34
10441,4/24/2023 8:52:00 AM,-10.57
10441,4/24/2023 8:52:00 AM,-10.45
10441,4/24/2023 8:52:00 AM,-10.63
10441,4/24/2023 8:52:00 AM,-10.57
10441,4/24/2023 8:52:00 AM,-10.45
10441,4/24/2023 8:53:00 AM,-10.34
10441,4/24/2023 8:53:00 AM,-10.40
10441,4/24/2023 8:53:00 AM,-10.34
10441,4/24/2023 8:53:00 AM,-10.40
10441,4/24/2023 8:53:00 AM,-10.57
10441,4/24/2023 8:53:00 AM,-10.10
10441,4/24/2023 8:53:00 AM,-10.34
10441,4/24/2023 8:53:00 AM,-10.22
10441,4/24/2023 8:53:00 AM,-10.40
10441,4/24/2023 8:53:00 AM,-10.34
10441,4/24/2023 8:54:00 AM,-10.57
10441,4/24/2023 8:54:00 AM,-10.45
10441,4/24/2023 8:54:00 AM,-10.40
10441,4/24/2023 8:54:00 AM,-10.45
10441,4/24/2023 8:54:00 AM,-10.22
10441,4/24/2023 8:54:00 AM,-10.16
10441,4/24/2023 8:54:00 AM,-10.10
10441,4/24/2023 8:54:00 AM,-10.34
10441,4/24/2023 8:54:00 AM,-10.22
10441,4/24/2023 8:54:00 AM,-10.16
10441,4/24/2023 8:55:00 AM,-10.51
10441,4/24/2023 8:55:00 AM,-10.34
10441,4/24/2023 8:55:00 AM,-10.40
10441,4/24/2023 8:55:00 AM,-10.34
10441,4/24/2023 8:55:00 AM,-10.40
10441,4/24/2023 8:55:00 AM,-10.45
10441,4/24/2023 8:55:00 AM,-10.87
10441,4/24/2023 8:55:00 AM,-10.45
10441,4/24/2023 8:55:00 AM,-10.40
10441,4/24/2023 8:55:00 AM,-10.34
10441,4/24/2023 8:55:00 AM,-10.57
10441,4/24/2023 8:55:00 AM,-10.63
10441,4/24/2023 8:56:00 AM,-10.63
10441,4/24/2023 8:56:00 AM,-10.57
10441,4/24/2023 8:56:00 AM,-10.63
10441,4/24/2023 8:56:00 AM,-10.51
10441,4/24/2023 8:56:00 AM,-10.57
10441,4/24/2023 8:56:00 AM,-10.81
10441,4/24/2023 8:56:00 AM,-10.69
10441,4/24/2023 8:56:00 AM,-10.63
10441,4/24/2023 8:56:00 AM,-10.57
10441,4/24/2023 8:57:00 AM,-10.69
10441,4/24/2023 8:57:00 AM,-10.75
10441,4/24/2023 8:57:00 AM,-10.93
10441,4/24/2023 8:57:00 AM,-10.81
10441,4/24/2023 8:57:00 AM,-10.93
10441,4/24/2023 8:57:00 AM,-10.87
10441,4/24/2023 8:57:00 AM,-10.75
10441,4/24/2023 8:57:00 AM,-10.81
10441,4/24/2023 8:57:00 AM,-10.75
10441,4/24/2023 8:57:00 AM,-10.69
10441,4/24/2023 8:58:00 AM,-10.63
10441,4/24/2023 8:58:00 AM,-10.57
10441,4/24/2023 8:58:00 AM,-10.45
10441,4/24/2023 8:58:00 AM,-10.40
10441,4/24/2023 8:58:00 AM,-10.57
10441,4/24/2023 8:58:00 AM,-10.63
10441,4/24/2023 8:58:00 AM,-10.81
10441,4/24/2023 8:58:00 AM,-10.40
10441,4/24/2023 8:58:00 AM,-10.99
10441,4/24/2023 8:58:00 AM,-11.11
10441,4/24/2023 8:58:00 AM,-10.69
10441,4/24/2023 8:59:00 AM,-10.45
10441,4/24/2023 8:59:00 AM,-10.57
10441,4/24/2023 8:59:00 AM,-10.51
10441,4/24/2023 8:59:00 AM,-10.75
10441,4/24/2023 8:59:00 AM,-10.81
10441,4/24/2023 8:59:00 AM,-10.69
10441,4/24/2023 8:59:00 AM,-10.63
10441,4/24/2023 8:59:00 AM,-10.57
10441,4/24/2023 9:00:00 AM,-10.40
10441,4/24/2023 9:00:00 AM,-10.34
10441,4/24/2023 9:00:00 AM,-10.28
10441,4/24/2023 9:00:00 AM,-10.45
10441,4/24/2023 9:01:00 AM,-10.40
10441,4/24/2023 9:01:00 AM,-10.34
10441,4/24/2023 9:01:00 AM,-10.40
10441,4/24/2023 9:01:00 AM,-10.51
10441,4/24/2023 9:01:00 AM,-10.57
10441,4/24/2023 9:01:00 AM,-10.63
10441,4/24/2023 9:01:00 AM,-10.57
10441,4/24/2023 9:01:00 AM,-10.45
10441,4/24/2023 9:01:00 AM,-10.57
10441,4/24/2023 9:01:00 AM,-10.40
10441,4/24/2023 9:01:00 AM,-10.34
10441,4/24/2023 9:01:00 AM,-10.40
10441,4/24/2023 9:02:00 AM,-10.87
10441,4/24/2023 9:02:00 AM,-10.81
10441,4/24/2023 9:02:00 AM,-10.87
10441,4/24/2023 9:02:00 AM,-10.75
10441,4/24/2023 9:02:00 AM,-10.34
10441,4/24/2023 9:02:00 AM,-10.45
10441,4/24/2023 9:02:00 AM,-10.40
10441,4/24/2023 9:02:00 AM,-10.51
10441,4/24/2023 9:02:00 AM,-10.69
10441,4/24/2023 9:02:00 AM,-10.75
10441,4/24/2023 9:03:00 AM,-10.93
10441,4/24/2023 9:03:00 AM,-10.69
10441,4/24/2023 9:03:00 AM,-10.81
10441,4/24/2023 9:03:00 AM,-10.75
10441,4/24/2023 9:03:00 AM,-10.69
10441,4/24/2023 9:03:00 AM,-10.63
10441,4/24/2023 9:03:00 AM,-10.69
10441,4/24/2023 9:03:00 AM,-10.75
10441,4/24/2023 9:03:00 AM,-10.69
10441,4/24/2023 9:04:00 AM,-10.69
10441,4/24/2023 9:04:00 AM,-10.63
10441,4/24/2023 9:04:00 AM,-10.57
10441,4/24/2023 9:04:00 AM,-10.45
10441,4/24/2023 9:04:00 AM,-10.57
10441,4/24/2023 9:04:00 AM,-11.05
10441,4/24/2023 9:04:00 AM,-10.75
10441,4/24/2023 9:04:00 AM,-10.93
10441,4/24/2023 9:04:00 AM,-10.81
10441,4/24/2023 9:04:00 AM,-10.75
10441,4/24/2023 9:05:00 AM,-10.87
10441,4/24/2023 9:05:00 AM,-10.51
10441,4/24/2023 9:05:00 AM,-10.28
10441,4/24/2023 9:05:00 AM,-10.40
10441,4/24/2023 9:05:00 AM,-10.81
10441,4/24/2023 9:05:00 AM,-10.63
10441,4/24/2023 9:05:00 AM,-10.45
10441,4/24/2023 9:05:00 AM,-10.69
10441,4/24/2023 9:05:00 AM,-10.57
10441,4/24/2023 9:05:00 AM,-10.51
10441,4/24/2023 9:05:00 AM,-10.57
10441,4/24/2023 9:05:00 AM,-10.40
10441,4/24/2023 9:05:00 AM,-10.63
10441,4/24/2023 9:06:00 AM,-10.51
10441,4/24/2023 9:06:00 AM,-10.57
10441,4/24/2023 9:06:00 AM,-10.63
10441,4/24/2023 9:06:00 AM,-10.75
10441,4/24/2023 9:06:00 AM,-10.81
10441,4/24/2023 9:06:00 AM,-10.75
10441,4/24/2023 9:06:00 AM,-10.69
10441,4/24/2023 9:07:00 AM,-10.34
10441,4/24/2023 9:07:00 AM,-10.81
10441,4/24/2023 9:07:00 AM,-10.40
10441,4/24/2023 9:07:00 AM,-10.51
10441,4/24/2023 9:07:00 AM,-10.45
10441,4/24/2023 9:07:00 AM,-10.51
10441,4/24/2023 9:07:00 AM,-10.40
10441,4/24/2023 9:07:00 AM,-10.45
10441,4/24/2023 9:08:00 AM,-10.22
10441,4/24/2023 9:08:00 AM,-10.51
10441,4/24/2023 9:08:00 AM,-10.10
10441,4/24/2023 9:08:00 AM,-10.04
10441,4/24/2023 9:08:00 AM,-10.40
10441,4/24/2023 9:08:00 AM,-10.34
10441,4/24/2023 9:08:00 AM,-10.22
10441,4/24/2023 9:08:00 AM,-10.28
10441,4/24/2023 9:08:00 AM,-10.16
10441,4/24/2023 9:08:00 AM,-10.63
10441,4/24/2023 9:08:00 AM,-9.68
10441,4/24/2023 9:08:00 AM,-10.22
10441,4/24/2023 9:08:00 AM,-10.28
10441,4/24/2023 9:08:00 AM,-10.22
10441,4/24/2023 9:09:00 AM,-10.34
10441,4/24/2023 9:09:00 AM,-10.45
10441,4/24/2023 9:09:00 AM,-10.51
10441,4/24/2023 9:09:00 AM,-10.57
10441,4/24/2023 9:09:00 AM,-10.51
10441,4/24/2023 9:09:00 AM,-10.45
10441,4/24/2023 9:09:00 AM,-10.51
10441,4/24/2023 9:09:00 AM,-10.57
10441,4/24/2023 9:09:00 AM,-11.17
10441,4/24/2023 9:09:00 AM,-10.81
10441,4/24/2023 9:09:00 AM,-10.51
10441,4/24/2023 9:09:00 AM,-10.57
10441,4/24/2023 9:10:00 AM,-10.51
10441,4/24/2023 9:10:00 AM,-10.63
10441,4/24/2023 9:10:00 AM,-10.81
10441,4/24/2023 9:10:00 AM,-10.93
10441,4/24/2023 9:10:00 AM,-10.99
10441,4/24/2023 9:10:00 AM,-11.05
10441,4/24/2023 9:10:00 AM,-11.23
10441,4/24/2023 9:10:00 AM,-11.17
10441,4/24/2023 9:10:00 AM,-11.11
10441,4/24/2023 9:10:00 AM,-11.05
10441,4/24/2023 9:10:00 AM,-10.81
10441,4/24/2023 9:11:00 AM,-10.87
10441,4/24/2023 9:11:00 AM,-11.05
10441,4/24/2023 9:11:00 AM,-11.05
10441,4/24/2023 9:11:00 AM,-10.40
10441,4/24/2023 9:11:00 AM,-10.34
10441,4/24/2023 9:11:00 AM,-10.28
10441,4/24/2023 9:11:00 AM,-10.16
10441,4/24/2023 9:11:00 AM,-10.28
10441,4/24/2023 9:11:00 AM,-10.99
10441,4/24/2023 9:11:00 AM,-10.93
10441,4/24/2023 9:11:00 AM,-10.87
10441,4/24/2023 9:11:00 AM,-10.63
10441,4/24/2023 9:11:00 AM,-10.57
10441,4/24/2023 9:11:00 AM,-10.51
10441,4/24/2023 9:12:00 AM,-10.45
10441,4/24/2023 9:12:00 AM,-10.40
10441,4/24/2023 9:12:00 AM,-10.51
10441,4/24/2023 9:12:00 AM,-10.57
10441,4/24/2023 9:12:00 AM,-10.63
10441,4/24/2023 9:12:00 AM,-10.51
10441,4/24/2023 9:12:00 AM,-10.63
10441,4/24/2023 9:12:00 AM,-10.57
10441,4/24/2023 9:13:00 AM,-10.69
10441,4/24/2023 9:13:00 AM,-10.57
10441,4/24/2023 9:13:00 AM,-10.69
10441,4/24/2023 9:13:00 AM,-10.99
10441,4/24/2023 9:13:00 AM,-10.75
10441,4/24/2023 9:13:00 AM,-10.69
10441,4/24/2023 9:13:00 AM,-10.63
10441,4/24/2023 9:13:00 AM,-10.63
10441,4/24/2023 9:13:00 AM,-10.57
10441,4/24/2023 9:13:00 AM,-10.93
10441,4/24/2023 9:13:00 AM,-10.81
10441,4/24/2023 9:13:00 AM,-10.51
10441,4/24/2023 9:14:00 AM,-10.63
10441,4/24/2023 9:14:00 AM,-10.51
10441,4/24/2023 9:14:00 AM,-10.57
10441,4/24/2023 9:14:00 AM,-10.51
10441,4/24/2023 9:14:00 AM,-10.63
10441,4/24/2023 9:14:00 AM,-10.34
10441,4/24/2023 9:14:00 AM,-10.69
10441,4/24/2023 9:14:00 AM,-10.63
10441,4/24/2023 9:14:00 AM,-10.34
10441,4/24/2023 9:14:00 AM,-10.51
10441,4/24/2023 9:14:00 AM,-10.45
10441,4/24/2023 9:15:00 AM,-10.69
10441,4/24/2023 9:15:00 AM,-10.63
10441,4/24/2023 9:15:00 AM,-10.69
10441,4/24/2023 9:15:00 AM,-10.63
10441,4/24/2023 9:15:00 AM,-10.57
10441,4/24/2023 9:15:00 AM,-10.81
10441,4/24/2023 9:15:00 AM,-10.57
10441,4/24/2023 9:15:00 AM,-10.63
10441,4/24/2023 9:16:00 AM,-10.57
10441,4/24/2023 9:16:00 AM,-10.51
10441,4/24/2023 9:16:00 AM,-10.63
10441,4/24/2023 9:16:00 AM,-10.69
10441,4/24/2023 9:16:00 AM,-10.75
10441,4/24/2023 9:16:00 AM,-10.69
10441,4/24/2023 9:16:00 AM,-10.63
10441,4/24/2023 9:16:00 AM,-10.51
10441,4/24/2023 9:17:00 AM,-10.81
10441,4/24/2023 9:17:00 AM,-10.75
10441,4/24/2023 9:17:00 AM,-10.69
10441,4/24/2023 9:17:00 AM,-10.75
10441,4/24/2023 9:17:00 AM,-10.63
10441,4/24/2023 9:17:00 AM,-10.69
10441,4/24/2023 9:17:00 AM,-10.75
10441,4/24/2023 9:17:00 AM,-10.69
10441,4/24/2023 9:18:00 AM,-10.63
10441,4/24/2023 9:18:00 AM,-10.51
10441,4/24/2023 9:18:00 AM,-10.45
10441,4/24/2023 9:18:00 AM,-10.51
10441,4/24/2023 9:18:00 AM,-10.45
10441,4/24/2023 9:18:00 AM,-10.40
10441,4/24/2023 9:18:00 AM,-10.75
10441,4/24/2023 9:18:00 AM,-10.69
10441,4/24/2023 9:19:00 AM,-10.51
10441,4/24/2023 9:19:00 AM,-10.57
10441,4/24/2023 9:19:00 AM,-10.45
10441,4/24/2023 9:19:00 AM,-10.57
10441,4/24/2023 9:19:00 AM,-10.69
10441,4/24/2023 9:19:00 AM,-10.63
10441,4/24/2023 9:19:00 AM,-10.57
10441,4/24/2023 9:19:00 AM,-10.63
10441,4/24/2023 9:20:00 AM,-10.57
10441,4/24/2023 9:20:00 AM,-10.63
10441,4/24/2023 9:20:00 AM,-10.75
10441,4/24/2023 9:20:00 AM,-10.69
10441,4/24/2023 9:20:00 AM,-10.75
10441,4/24/2023 9:20:00 AM,-10.81
10441,4/24/2023 9:20:00 AM,-10.75
10441,4/24/2023 9:20:00 AM,-11.11
10441,4/24/2023 9:20:00 AM,-11.29
10441,4/24/2023 9:20:00 AM,-10.69
10441,4/24/2023 9:20:00 AM,-10.75
10441,4/24/2023 9:21:00 AM,-10.75
10441,4/24/2023 9:21:00 AM,-10.63
10441,4/24/2023 9:21:00 AM,-10.57
10441,4/24/2023 9:21:00 AM,-10.51
10441,4/24/2023 9:21:00 AM,-10.34
10441,4/24/2023 9:21:00 AM,-10.28
10441,4/24/2023 9:21:00 AM,-10.93
10441,4/24/2023 9:21:00 AM,-10.87
10441,4/24/2023 9:22:00 AM,-10.34
10441,4/24/2023 9:22:00 AM,-10.45
10441,4/24/2023 9:22:00 AM,-10.51
10441,4/24/2023 9:22:00 AM,-10.63
10441,4/24/2023 9:22:00 AM,-10.40
10441,4/24/2023 9:22:00 AM,-10.04
10441,4/24/2023 9:22:00 AM,-9.86
10441,4/24/2023 9:22:00 AM,-10.51
10441,4/24/2023 9:22:00 AM,-9.86
10441,4/24/2023 9:22:00 AM,-10.45
10441,4/24/2023 9:22:00 AM,-10.51
10441,4/24/2023 9:23:00 AM,-10.57
10441,4/24/2023 9:23:00 AM,-10.63
10441,4/24/2023 9:23:00 AM,-10.87
10441,4/24/2023 9:23:00 AM,-10.51
10441,4/24/2023 9:23:00 AM,-10.57
10441,4/24/2023 9:23:00 AM,-10.51
10441,4/24/2023 9:23:00 AM,-10.57
10441,4/24/2023 9:23:00 AM,-10.57
10441,4/24/2023 9:23:00 AM,-10.75
10441,4/24/2023 9:23:00 AM,-10.69
10441,4/24/2023 9:23:00 AM,-10.75
10441,4/24/2023 9:23:00 AM,-10.63
10441,4/24/2023 9:23:00 AM,-10.75
10441,4/24/2023 9:24:00 AM,-10.69
10441,4/24/2023 9:24:00 AM,-10.34
10441,4/24/2023 9:24:00 AM,-10.28
10441,4/24/2023 9:24:00 AM,-10.40
10441,4/24/2023 9:24:00 AM,-10.34
10441,4/24/2023 9:24:00 AM,-10.45
10441,4/24/2023 9:24:00 AM,-10.57
10441,4/24/2023 9:24:00 AM,-10.81
10441,4/24/2023 9:24:00 AM,-10.16
10441,4/24/2023 9:24:00 AM,-10.69
10441,4/24/2023 9:24:00 AM,-10.45
10441,4/24/2023 9:24:00 AM,-10.40
10441,4/24/2023 9:24:00 AM,-10.22
10441,4/24/2023 9:25:00 AM,-10.16
10441,4/24/2023 9:25:00 AM,-10.45
10441,4/24/2023 9:25:00 AM,-10.40
10441,4/24/2023 9:25:00 AM,-10.51
10441,4/24/2023 9:25:00 AM,-10.75
10441,4/24/2023 9:25:00 AM,-10.69
10441,4/24/2023 9:25:00 AM,-10.63
10441,4/24/2023 9:25:00 AM,-10.57
10441,4/24/2023 9:25:00 AM,-10.75
10441,4/24/2023 9:25:00 AM,-10.57
10441,4/24/2023 9:26:00 AM,-10.93
10441,4/24/2023 9:26:00 AM,-10.69
10441,4/24/2023 9:26:00 AM,-10.63
10441,4/24/2023 9:26:00 AM,-10.57
10441,4/24/2023 9:26:00 AM,-10.63
10441,4/24/2023 9:26:00 AM,-10.40
10441,4/24/2023 9:26:00 AM,-10.51
10441,4/24/2023 9:26:00 AM,-10.57
10441,4/24/2023 9:26:00 AM,-10.69
10441,4/24/2023 9:26:00 AM,-10.63
10441,4/24/2023 9:26:00 AM,-10.57
10441,4/24/2023 9:26:00 AM,-10.99
10441,4/24/2023 9:26:00 AM,-10.69
10441,4/24/2023 9:26:00 AM,-10.63
10441,4/24/2023 9:27:00 AM,-10.69
10441,4/24/2023 9:27:00 AM,-10.63
10441,4/24/2023 9:27:00 AM,-10.69
10441,4/24/2023 9:27:00 AM,-10.63
10441,4/24/2023 9:27:00 AM,-10.69
10441,4/24/2023 9:27:00 AM,-10.75
10441,4/24/2023 9:27:00 AM,-10.57
10441,4/24/2023 9:27:00 AM,-10.63
10441,4/24/2023 9:27:00 AM,-10.69
10441,4/24/2023 9:27:00 AM,-10.63
10441,4/24/2023 9:28:00 AM,-10.69
10441,4/24/2023 9:28:00 AM,-10.75
10441,4/24/2023 9:28:00 AM,-10.69
10441,4/24/2023 9:28:00 AM,-10.51
10441,4/24/2023 9:28:00 AM,-10.45
10441,4/24/2023 9:28:00 AM,-10.40
10441,4/24/2023 9:29:00 AM,-10.22
10441,4/24/2023 9:29:00 AM,-10.40
10441,4/24/2023 9:29:00 AM,-10.28
10441,4/24/2023 9:29:00 AM,-10.16
10441,4/24/2023 9:29:00 AM,-10.22
10441,4/24/2023 9:29:00 AM,-10.34
10441,4/24/2023 9:29:00 AM,-10.28
10441,4/24/2023 9:29:00 AM,-10.34
10441,4/24/2023 9:29:00 AM,-10.28
10441,4/24/2023 9:30:00 AM,-10.16
10441,4/24/2023 9:30:00 AM,-10.22
10441,4/24/2023 9:30:00 AM,-10.16
10441,4/24/2023 9:30:00 AM,-10.22
10441,4/24/2023 9:30:00 AM,-10.16
10441,4/24/2023 9:30:00 AM,-10.22
10441,4/24/2023 9:31:00 AM,-10.28
10441,4/24/2023 9:31:00 AM,-10.34
10441,4/24/2023 9:31:00 AM,-10.22
10441,4/24/2023 9:31:00 AM,-10.10
10441,4/24/2023 9:31:00 AM,-10.40
10441,4/24/2023 9:31:00 AM,-10.45
10441,4/24/2023 9:31:00 AM,-10.51
10441,4/24/2023 9:31:00 AM,-10.45
10441,4/24/2023 9:31:00 AM,-10.28
10441,4/24/2023 9:31:00 AM,-10.34
10441,4/24/2023 9:32:00 AM,-10.45
10441,4/24/2023 9:32:00 AM,-10.51
10441,4/24/2023 9:32:00 AM,-10.57
10441,4/24/2023 9:32:00 AM,-10.51
10441,4/24/2023 9:32:00 AM,-10.45
10441,4/24/2023 9:32:00 AM,-10.57
10441,4/24/2023 9:32:00 AM,-10.69
10441,4/24/2023 9:32:00 AM,-10.51
10441,4/24/2023 9:32:00 AM,-10.63
10441,4/24/2023 9:32:00 AM,-10.51
10441,4/24/2023 9:33:00 AM,-10.63
10441,4/24/2023 9:33:00 AM,-10.69
10441,4/24/2023 9:33:00 AM,-10.63
10441,4/24/2023 9:33:00 AM,-10.57
10441,4/24/2023 9:33:00 AM,-10.51
10441,4/24/2023 9:33:00 AM,-10.10
10441,4/24/2023 9:33:00 AM,-10.75
10441,4/24/2023 9:33:00 AM,-10.69
10441,4/24/2023 9:33:00 AM,-10.57
10441,4/24/2023 9:33:00 AM,-10.40
10441,4/24/2023 9:33:00 AM,-10.51
10441,4/24/2023 9:33:00 AM,-10.45
10441,4/24/2023 9:34:00 AM,-10.34
10441,4/24/2023 9:34:00 AM,-10.63
10441,4/24/2023 9:34:00 AM,-10.45
10441,4/24/2023 9:34:00 AM,-10.34
10441,4/24/2023 9:34:00 AM,-10.45
10441,4/24/2023 9:34:00 AM,-10.57
10441,4/24/2023 9:34:00 AM,-10.45
10441,4/24/2023 9:34:00 AM,-10.28
10441,4/24/2023 9:34:00 AM,-10.40
10441,4/24/2023 9:34:00 AM,-10.28
10441,4/24/2023 9:34:00 AM,-10.40
10441,4/24/2023 9:34:00 AM,-10.28
10441,4/24/2023 9:34:00 AM,-9.92
10441,4/24/2023 9:34:00 AM,-10.51
10441,4/24/2023 9:35:00 AM,-10.04
10441,4/24/2023 9:35:00 AM,-10.22
10441,4/24/2023 9:35:00 AM,-10.10
10441,4/24/2023 9:35:00 AM,-10.16
10441,4/24/2023 9:35:00 AM,-9.62
10441,4/24/2023 9:35:00 AM,-10.22
10441,4/24/2023 9:35:00 AM,-10.16
10441,4/24/2023 9:35:00 AM,-10.22
10441,4/24/2023 9:35:00 AM,-10.10
10441,4/24/2023 9:35:00 AM,-9.86
10441,4/24/2023 9:35:00 AM,-10.34
10441,4/24/2023 9:35:00 AM,-10.16
10441,4/24/2023 9:35:00 AM,-10.22
10441,4/24/2023 9:36:00 AM,-10.10
10441,4/24/2023 9:36:00 AM,-10.16
10441,4/24/2023 9:36:00 AM,-10.10
10441,4/24/2023 9:36:00 AM,-10.28
10441,4/24/2023 9:36:00 AM,-10.22
10441,4/24/2023 9:36:00 AM,-10.28
10441,4/24/2023 9:36:00 AM,-10.22
10441,4/24/2023 9:36:00 AM,-10.04
10441,4/24/2023 9:36:00 AM,-10.22
10441,4/24/2023 9:36:00 AM,-10.28
10441,4/24/2023 9:36:00 AM,-10.40
10441,4/24/2023 9:37:00 AM,-10.57
10441,4/24/2023 9:37:00 AM,-10.04
10441,4/24/2023 9:37:00 AM,-10.40
10441,4/24/2023 9:37:00 AM,-10.34
10441,4/24/2023 9:37:00 AM,-10.28
10441,4/24/2023 9:37:00 AM,-10.51
10441,4/24/2023 9:37:00 AM,-10.22
10441,4/24/2023 9:37:00 AM,-10.34
10441,4/24/2023 9:37:00 AM,-10.28
10441,4/24/2023 9:38:00 AM,-10.16
10441,4/24/2023 9:38:00 AM,-10.16
10441,4/24/2023 9:38:00 AM,-10.45
10441,4/24/2023 9:38:00 AM,-10.04
10441,4/24/2023 9:38:00 AM,-10.10
10441,4/24/2023 9:38:00 AM,-10.16
10441,4/24/2023 9:38:00 AM,-10.34
10441,4/24/2023 9:38:00 AM,-10.04
10441,4/24/2023 9:38:00 AM,-10.22
10441,4/24/2023 9:39:00 AM,-10.28
10441,4/24/2023 9:39:00 AM,-10.40
10441,4/24/2023 9:39:00 AM,-10.45
10441,4/24/2023 9:39:00 AM,-10.40
10441,4/24/2023 9:39:00 AM,-10.51
10441,4/24/2023 9:39:00 AM,-10.34
10441,4/24/2023 9:39:00 AM,-10.40
10441,4/24/2023 9:39:00 AM,-10.69
10441,4/24/2023 9:40:00 AM,-10.51
10441,4/24/2023 9:40:00 AM,-10.45
10441,4/24/2023 9:40:00 AM,-10.40
10441,4/24/2023 9:40:00 AM,-10.34
10441,4/24/2023 9:40:00 AM,-10.57
10441,4/24/2023 9:41:00 AM,-10.45
10441,4/24/2023 9:41:00 AM,-10.45
10441,4/24/2023 9:41:00 AM,-10.34
10441,4/24/2023 9:41:00 AM,-10.28
10441,4/24/2023 9:41:00 AM,-10.22
10441,4/24/2023 9:41:00 AM,-10.16
10441,4/24/2023 9:41:00 AM,-10.40
10441,4/24/2023 9:41:00 AM,-10.63
10441,4/24/2023 9:41:00 AM,-10.51
10441,4/24/2023 9:41:00 AM,-10.40
10441,4/24/2023 9:41:00 AM,-10.45
10441,4/24/2023 9:41:00 AM,-10.28
10441,4/24/2023 9:41:00 AM,-10.45
10441,4/24/2023 9:41:00 AM,-10.40
10441,4/24/2023 9:42:00 AM,-10.40
10441,4/24/2023 9:42:00 AM,-10.34
10441,4/24/2023 9:42:00 AM,-10.28
10441,4/24/2023 9:42:00 AM,-10.40
10441,4/24/2023 9:42:00 AM,-9.92
10441,4/24/2023 9:42:00 AM,-10.87
10441,4/24/2023 9:42:00 AM,-10.28
10441,4/24/2023 9:42:00 AM,-10.16
10441,4/24/2023 9:42:00 AM,-10.22
10441,4/24/2023 9:42:00 AM,-10.40
10441,4/24/2023 9:42:00 AM,-10.34
10441,4/24/2023 9:43:00 AM,-10.45
10441,4/24/2023 9:43:00 AM,-10.57
10441,4/24/2023 9:43:00 AM,-10.69
10441,4/24/2023 9:43:00 AM,-10.63
10441,4/24/2023 9:43:00 AM,-10.51
10441,4/24/2023 9:43:00 AM,-10.57
10441,4/24/2023 9:43:00 AM,-10.63
10441,4/24/2023 9:44:00 AM,-10.45
10441,4/24/2023 9:44:00 AM,-10.57
10441,4/24/2023 9:44:00 AM,-10.51
10441,4/24/2023 9:44:00 AM,-10.45
10441,4/24/2023 9:44:00 AM,-10.34
10441,4/24/2023 9:44:00 AM,-10.51
10441,4/24/2023 9:44:00 AM,-10.34
10441,4/24/2023 9:44:00 AM,-10.28
10441,4/24/2023 9:44:00 AM,-10.34
10441,4/24/2023 9:44:00 AM,-10.45
10441,4/24/2023 9:44:00 AM,-10.34
10441,4/24/2023 9:44:00 AM,-10.63
10441,4/24/2023 9:45:00 AM,-10.34
10441,4/24/2023 9:45:00 AM,-10.28
10441,4/24/2023 9:45:00 AM,-10.22
10441,4/24/2023 9:45:00 AM,-10.28
10441,4/24/2023 9:46:00 AM,-10.16
10441,4/24/2023 9:46:00 AM,-10.22
10441,4/24/2023 9:46:00 AM,-10.28
10441,4/24/2023 9:46:00 AM,-10.87
10441,4/24/2023 9:46:00 AM,-9.98
10441,4/24/2023 9:46:00 AM,-10.28
10441,4/24/2023 9:46:00 AM,-10.22
10441,4/24/2023 9:46:00 AM,-10.16
10441,4/24/2023 9:46:00 AM,-10.10
10441,4/24/2023 9:47:00 AM,-10.22
10441,4/24/2023 9:47:00 AM,-10.16
10441,4/24/2023 9:47:00 AM,-10.28
10441,4/24/2023 9:47:00 AM,-10.34
10441,4/24/2023 9:47:00 AM,-10.40
10441,4/24/2023 9:47:00 AM,-10.22
10441,4/24/2023 9:47:00 AM,-10.63
10441,4/24/2023 9:47:00 AM,-10.51
10441,4/24/2023 9:48:00 AM,-10.40
10441,4/24/2023 9:48:00 AM,-10.63
10441,4/24/2023 9:48:00 AM,-10.40
10441,4/24/2023 9:48:00 AM,-10.34
10441,4/24/2023 9:48:00 AM,-10.16
10441,4/24/2023 9:48:00 AM,-10.34
10441,4/24/2023 9:48:00 AM,-10.28
10441,4/24/2023 9:48:00 AM,-10.16
10441,4/24/2023 9:48:00 AM,-10.22
10441,4/24/2023 9:48:00 AM,-10.10
10441,4/24/2023 9:49:00 AM,-10.16
10441,4/24/2023 9:49:00 AM,-10.10
10441,4/24/2023 9:49:00 AM,-10.16
10441,4/24/2023 9:49:00 AM,-10.28
10441,4/24/2023 9:49:00 AM,-10.57
10441,4/24/2023 9:49:00 AM,-10.04
10441,4/24/2023 9:49:00 AM,-10.10
10441,4/24/2023 9:49:00 AM,-10.28
10441,4/24/2023 9:49:00 AM,-10.10
10441,4/24/2023 9:49:00 AM,-10.22
10441,4/24/2023 9:49:00 AM,-10.28
10441,4/24/2023 9:50:00 AM,-10.40
10441,4/24/2023 9:50:00 AM,-10.45
10441,4/24/2023 9:50:00 AM,-10.40
10441,4/24/2023 9:50:00 AM,-10.28
10441,4/24/2023 9:50:00 AM,-10.34
10441,4/24/2023 9:50:00 AM,-10.40
10441,4/24/2023 9:50:00 AM,-10.45
10441,4/24/2023 9:50:00 AM,-10.40
10441,4/24/2023 9:50:00 AM,-10.45
10441,4/24/2023 9:50:00 AM,-10.34
10441,4/24/2023 9:50:00 AM,-10.45
10441,4/24/2023 9:50:00 AM,-10.28
10441,4/24/2023 9:51:00 AM,-10.40
10441,4/24/2023 9:51:00 AM,-10.34
10441,4/24/2023 9:51:00 AM,-10.22
10441,4/24/2023 9:51:00 AM,-10.28
10441,4/24/2023 9:51:00 AM,-10.10
10441,4/24/2023 9:51:00 AM,-10.28
10441,4/24/2023 9:51:00 AM,-10.16
10441,4/24/2023 9:51:00 AM,-10.34
10441,4/24/2023 9:51:00 AM,-10.28
10441,4/24/2023 9:51:00 AM,-10.40
10441,4/24/2023 9:51:00 AM,-10.34
10441,4/24/2023 9:52:00 AM,-10.34
10441,4/24/2023 9:52:00 AM,-10.28
10441,4/24/2023 9:52:00 AM,-10.10
10441,4/24/2023 9:52:00 AM,-10.04
10441,4/24/2023 9:52:00 AM,-10.57
10441,4/24/2023 9:52:00 AM,-10.40
10441,4/24/2023 9:52:00 AM,-10.28
10441,4/24/2023 9:52:00 AM,-10.40
10441,4/24/2023 9:52:00 AM,-10.10
10441,4/24/2023 9:52:00 AM,-10.22
10441,4/24/2023 9:52:00 AM,-10.28
10441,4/24/2023 9:53:00 AM,-10.40
10441,4/24/2023 9:53:00 AM,-10.34
10441,4/24/2023 9:53:00 AM,-10.40
10441,4/24/2023 9:53:00 AM,-10.34
10441,4/24/2023 9:53:00 AM,-10.63
10441,4/24/2023 9:53:00 AM,-10.45
10441,4/24/2023 9:53:00 AM,-10.57
10441,4/24/2023 9:53:00 AM,-10.40
10441,4/24/2023 9:54:00 AM,-10.57
10441,4/24/2023 9:54:00 AM,-10.45
10441,4/24/2023 9:54:00 AM,-10.34
10441,4/24/2023 9:54:00 AM,-10.34
10441,4/24/2023 9:54:00 AM,-10.28
10441,4/24/2023 9:54:00 AM,-10.40
10441,4/24/2023 9:54:00 AM,-10.22
10441,4/24/2023 9:54:00 AM,-10.40
10441,4/24/2023 9:54:00 AM,-10.34
10441,4/24/2023 9:54:00 AM,-10.45
10441,4/24/2023 9:55:00 AM,-10.28
10441,4/24/2023 9:55:00 AM,-10.16
10441,4/24/2023 9:55:00 AM,-10.28
10441,4/24/2023 9:55:00 AM,-10.22
10441,4/24/2023 9:55:00 AM,-11.05
10441,4/24/2023 9:55:00 AM,-10.69
10441,4/24/2023 9:55:00 AM,-10.22
10441,4/24/2023 9:55:00 AM,-10.28
10441,4/24/2023 9:55:00 AM,-10.34
10441,4/24/2023 9:55:00 AM,-10.28
10441,4/24/2023 9:55:00 AM,-10.22
10441,4/24/2023 9:56:00 AM,-10.75
10441,4/24/2023 9:56:00 AM,-10.40
10441,4/24/2023 9:56:00 AM,-10.22
10441,4/24/2023 9:56:00 AM,-10.10
10441,4/24/2023 9:56:00 AM,-10.16
10441,4/24/2023 9:56:00 AM,-10.10
10441,4/24/2023 9:56:00 AM,-10.16
10441,4/24/2023 9:56:00 AM,-10.28
10441,4/24/2023 9:56:00 AM,-10.22
10441,4/24/2023 9:56:00 AM,-10.10
10441,4/24/2023 9:57:00 AM,-10.16
10441,4/24/2023 9:57:00 AM,-10.22
10441,4/24/2023 9:57:00 AM,-10.28
10441,4/24/2023 9:57:00 AM,-10.16
10441,4/24/2023 9:57:00 AM,-10.34
10441,4/24/2023 9:57:00 AM,-10.28
10441,4/24/2023 9:57:00 AM,-10.51
10441,4/24/2023 9:57:00 AM,-9.92
10441,4/24/2023 9:57:00 AM,-10.28
10441,4/24/2023 9:57:00 AM,-10.34
10441,4/24/2023 9:57:00 AM,-10.16
10441,4/24/2023 9:58:00 AM,-10.22
10441,4/24/2023 9:58:00 AM,-10.16
10441,4/24/2023 9:58:00 AM,-10.34
10441,4/24/2023 9:58:00 AM,-10.10
10441,4/24/2023 9:58:00 AM,-10.45
10441,4/24/2023 9:58:00 AM,-10.28
10441,4/24/2023 9:58:00 AM,-10.45
10441,4/24/2023 9:58:00 AM,-10.51
10441,4/24/2023 9:58:00 AM,-10.57
10441,4/24/2023 9:58:00 AM,-10.22
10441,4/24/2023 9:58:00 AM,-10.34
10441,4/24/2023 9:58:00 AM,-10.28
10441,4/24/2023 9:58:00 AM,-10.51
10441,4/24/2023 9:58:00 AM,-10.69
10441,4/24/2023 9:58:00 AM,-10.51
10441,4/24/2023 9:59:00 AM,-10.75
10441,4/24/2023 9:59:00 AM,-10.45
10441,4/24/2023 9:59:00 AM,-10.57
10441,4/24/2023 9:59:00 AM,-10.45
10441,4/24/2023 9:59:00 AM,-10.63
10441,4/24/2023 9:59:00 AM,-10.57
10441,4/24/2023 9:59:00 AM,-10.40
10441,4/24/2023 9:59:00 AM,-10.51
10441,4/24/2023 9:59:00 AM,-10.45
10441,4/24/2023 9:59:00 AM,-10.40
10441,4/24/2023 9:59:00 AM,-10.45
10441,4/24/2023 9:59:00 AM,-10.40
10441,4/24/2023 10:00:00 AM,-10.28
10441,4/24/2023 10:00:00 AM,-10.34
10441,4/24/2023 10:00:00 AM,-10.28
10441,4/24/2023 10:01:00 AM,-10.22
10441,4/24/2023 10:01:00 AM,-10.28
10441,4/24/2023 10:02:00 AM,-10.28
10441,4/24/2023 10:02:00 AM,-10.34
10441,4/24/2023 10:02:00 AM,-10.22
10441,4/24/2023 10:02:00 AM,-10.34
10441,4/24/2023 10:02:00 AM,-10.51
10441,4/24/2023 10:02:00 AM,-10.45
10441,4/24/2023 10:02:00 AM,-10.34
10441,4/24/2023 10:02:00 AM,-9.44
10441,4/24/2023 10:02:00 AM,-9.56
10441,4/24/2023 10:02:00 AM,-9.80
10441,4/24/2023 10:03:00 AM,-10.34
10441,4/24/2023 10:03:00 AM,-10.28
10441,4/24/2023 10:03:00 AM,-10.16
10441,4/24/2023 10:03:00 AM,-10.40
10441,4/24/2023 10:03:00 AM,-10.51
10441,4/24/2023 10:03:00 AM,-10.40
10441,4/24/2023 10:03:00 AM,-10.28
10441,4/24/2023 10:04:00 AM,-10.40
10441,4/24/2023 10:04:00 AM,-10.34
10441,4/24/2023 10:07:00 AM,-10.28
10441,4/24/2023 10:07:00 AM,-10.22
10441,4/24/2023 10:07:00 AM,-10.28
10441,4/24/2023 10:08:00 AM,-10.34
10441,4/24/2023 10:08:00 AM,-10.28
10441,4/24/2023 10:08:00 AM,-10.16
10441,4/24/2023 10:08:00 AM,-10.34
10441,4/24/2023 10:08:00 AM,-10.45
10441,4/24/2023 10:09:00 AM,-10.40
10441,4/24/2023 10:09:00 AM,-10.45
10441,4/24/2023 10:09:00 AM,-10.57
10441,4/24/2023 10:09:00 AM,-10.45
10441,4/24/2023 10:09:00 AM,-10.51
10441,4/24/2023 10:09:00 AM,-10.57
10441,4/24/2023 10:10:00 AM,-10.63
10441,4/24/2023 10:10:00 AM,-10.57
10441,4/24/2023 10:10:00 AM,-10.51
10441,4/24/2023 10:10:00 AM,-10.51
10441,4/24/2023 10:10:00 AM,-10.57
10441,4/24/2023 10:10:00 AM,-10.63
10441,4/24/2023 10:10:00 AM,-10.57
10441,4/24/2023 10:10:00 AM,-10.40
10441,4/24/2023 10:10:00 AM,-10.45
10441,4/24/2023 10:10:00 AM,-10.57
10441,4/24/2023 10:11:00 AM,-10.40
10441,4/24/2023 10:11:00 AM,-10.34
10441,4/24/2023 10:11:00 AM,-10.40
10441,4/24/2023 10:11:00 AM,-10.40
10441,4/24/2023 10:11:00 AM,-10.45
10441,4/24/2023 10:12:00 AM,-10.28
10441,4/24/2023 10:12:00 AM,-10.34
10441,4/24/2023 10:12:00 AM,-10.28
10441,4/24/2023 10:12:00 AM,-10.22
10441,4/24/2023 10:12:00 AM,-10.28
10441,4/24/2023 10:12:00 AM,-10.34
10441,4/24/2023 10:12:00 AM,-10.22
10441,4/24/2023 10:12:00 AM,-10.28
10441,4/24/2023 10:13:00 AM,-10.04
10441,4/24/2023 10:13:00 AM,-10.10
10441,4/24/2023 10:13:00 AM,-10.22
10441,4/24/2023 10:13:00 AM,-10.28
10441,4/24/2023 10:13:00 AM,-10.22
10441,4/24/2023 10:13:00 AM,-10.16
10441,4/24/2023 10:13:00 AM,-10.10
10441,4/24/2023 10:13:00 AM,-10.22
10441,4/24/2023 10:13:00 AM,-10.16
10441,4/24/2023 10:13:00 AM,-10.10
10441,4/24/2023 10:14:00 AM,-10.16
10441,4/24/2023 10:14:00 AM,-10.22
10441,4/24/2023 10:14:00 AM,-10.28
10441,4/24/2023 10:14:00 AM,-10.40
10441,4/24/2023 10:14:00 AM,-10.28
10441,4/24/2023 10:14:00 AM,-10.40
10441,4/24/2023 10:15:00 AM,-10.34
10441,4/24/2023 10:15:00 AM,-10.28
10441,4/24/2023 10:15:00 AM,-10.40
10441,4/24/2023 10:15:00 AM,-10.34
10441,4/24/2023 10:15:00 AM,-10.40
10441,4/24/2023 10:15:00 AM,-10.34
10441,4/24/2023 10:15:00 AM,-10.28
10441,4/24/2023 10:15:00 AM,-10.34
10441,4/24/2023 10:15:00 AM,-10.22
10441,4/24/2023 10:16:00 AM,-10.34
10441,4/24/2023 10:16:00 AM,-10.22
10441,4/24/2023 10:16:00 AM,-10.16
10441,4/24/2023 10:16:00 AM,-10.40
10441,4/24/2023 10:16:00 AM,-10.22
10441,4/24/2023 10:16:00 AM,-10.22
10441,4/24/2023 10:16:00 AM,-10.34
10441,4/24/2023 10:16:00 AM,-10.28
10441,4/24/2023 10:16:00 AM,-10.40
10441,4/24/2023 10:16:00 AM,-10.34
10441,4/24/2023 10:16:00 AM,-10.51
10441,4/24/2023 10:17:00 AM,-10.34
10441,4/24/2023 10:17:00 AM,-10.40
10441,4/24/2023 10:17:00 AM,-10.45
10441,4/24/2023 10:17:00 AM,-10.34
10441,4/24/2023 10:17:00 AM,-10.28
10441,4/24/2023 10:17:00 AM,-10.45
10441,4/24/2023 10:17:00 AM,-10.34
10441,4/24/2023 10:17:00 AM,-10.28
10441,4/24/2023 10:17:00 AM,-10.40
10441,4/24/2023 10:17:00 AM,-10.51
10441,4/24/2023 10:17:00 AM,-10.40
10441,4/24/2023 10:17:00 AM,-10.28
10441,4/24/2023 10:17:00 AM,-10.45
10441,4/24/2023 10:17:00 AM,-10.40
10441,4/24/2023 10:17:00 AM,-10.28
10441,4/24/2023 10:18:00 AM,-10.51
10441,4/24/2023 10:18:00 AM,-10.45
10441,4/24/2023 10:18:00 AM,-10.63
10441,4/24/2023 10:18:00 AM,-10.57
10441,4/24/2023 10:18:00 AM,-10.51
10441,4/24/2023 10:18:00 AM,-10.45
10441,4/24/2023 10:18:00 AM,-10.57
10441,4/24/2023 10:18:00 AM,-10.45
10441,4/24/2023 10:18:00 AM,-10.63
10441,4/24/2023 10:18:00 AM,-10.45
10441,4/24/2023 10:18:00 AM,-10.63
10441,4/24/2023 10:18:00 AM,-10.57
10441,4/24/2023 10:18:00 AM,-10.45
10441,4/24/2023 10:19:00 AM,-10.40
10441,4/24/2023 10:19:00 AM,-10.34
10441,4/24/2023 10:19:00 AM,-10.51
10441,4/24/2023 10:19:00 AM,-10.45
10441,4/24/2023 10:19:00 AM,-10.40
10441,4/24/2023 10:19:00 AM,-10.51
10441,4/24/2023 10:19:00 AM,-10.34
10441,4/24/2023 10:20:00 AM,-10.45
10441,4/24/2023 10:20:00 AM,-10.40
10441,4/24/2023 10:20:00 AM,-10.45
10441,4/24/2023 10:20:00 AM,-10.34
10441,4/24/2023 10:20:00 AM,-10.45
10441,4/24/2023 10:20:00 AM,-10.40
10441,4/24/2023 10:20:00 AM,-10.45
10441,4/24/2023 10:20:00 AM,-10.40
10441,4/24/2023 10:20:00 AM,-10.57
10441,4/24/2023 10:20:00 AM,-10.34
10441,4/24/2023 10:21:00 AM,-10.57
10441,4/24/2023 10:21:00 AM,-10.40
10441,4/24/2023 10:21:00 AM,-10.22
10441,4/24/2023 10:21:00 AM,-10.51
10441,4/24/2023 10:21:00 AM,-10.40
10441,4/24/2023 10:21:00 AM,-10.51
10441,4/24/2023 10:21:00 AM,-10.40
10441,4/24/2023 10:21:00 AM,-10.34
10441,4/24/2023 10:21:00 AM,-10.28
10441,4/24/2023 10:21:00 AM,-10.22
10441,4/24/2023 10:22:00 AM,-10.28
10441,4/24/2023 10:22:00 AM,-10.22
10441,4/24/2023 10:22:00 AM,-10.16
10441,4/24/2023 10:22:00 AM,-10.28
10441,4/24/2023 10:22:00 AM,-10.34
10441,4/24/2023 10:22:00 AM,-10.28
10441,4/24/2023 10:22:00 AM,-10.40
10441,4/24/2023 10:22:00 AM,-10.34
10441,4/24/2023 10:22:00 AM,-10.22
10441,4/24/2023 10:22:00 AM,-10.34
10441,4/24/2023 10:23:00 AM,-10.10
10441,4/24/2023 10:23:00 AM,-10.16
10441,4/24/2023 10:23:00 AM,-10.10
10441,4/24/2023 10:23:00 AM,-10.16
10441,4/24/2023 10:23:00 AM,-10.10
10441,4/24/2023 10:23:00 AM,-10.04
10441,4/24/2023 10:23:00 AM,-10.10
10441,4/24/2023 10:23:00 AM,-10.16
10441,4/24/2023 10:23:00 AM,-10.10
10441,4/24/2023 10:23:00 AM,-10.16
10441,4/24/2023 10:24:00 AM,-10.22
10441,4/24/2023 10:24:00 AM,-10.40
10441,4/24/2023 10:24:00 AM,-10.45
10441,4/24/2023 10:25:00 AM,-10.40
10441,4/24/2023 10:26:00 AM,-10.34
10441,4/24/2023 10:26:00 AM,-10.28
10441,4/24/2023 10:26:00 AM,-10.40
10441,4/24/2023 10:26:00 AM,-10.34
10441,4/24/2023 10:26:00 AM,-10.45
10441,4/24/2023 10:26:00 AM,-10.34
10441,4/24/2023 10:26:00 AM,-10.40
10441,4/24/2023 10:27:00 AM,-10.16
10441,4/24/2023 10:27:00 AM,-10.28
10441,4/24/2023 10:27:00 AM,-10.16
10441,4/24/2023 10:27:00 AM,-10.34
10441,4/24/2023 10:27:00 AM,-10.40
10441,4/24/2023 10:27:00 AM,-10.45
10441,4/24/2023 10:27:00 AM,-9.92
10441,4/24/2023 10:27:00 AM,-10.34
10441,4/24/2023 10:27:00 AM,-9.86
10441,4/24/2023 10:27:00 AM,-10.28
10441,4/24/2023 10:27:00 AM,-10.22
10441,4/24/2023 10:27:00 AM,-10.40
10441,4/24/2023 10:28:00 AM,-10.40
10441,4/24/2023 10:29:00 AM,-10.34
10441,4/24/2023 10:29:00 AM,-10.45
10441,4/24/2023 10:29:00 AM,-10.40
10441,4/24/2023 10:29:00 AM,-10.34
10441,4/24/2023 10:29:00 AM,-10.45
10441,4/24/2023 10:29:00 AM,-10.40
10441,4/24/2023 10:30:00 AM,-10.45
10441,4/24/2023 10:30:00 AM,-10.40
10441,4/24/2023 10:30:00 AM,-10.22
10441,4/24/2023 10:30:00 AM,-10.34
10441,4/24/2023 10:30:00 AM,-10.22
10441,4/24/2023 10:30:00 AM,-10.28
10441,4/24/2023 10:30:00 AM,-10.34
10441,4/24/2023 10:30:00 AM,-10.22
10441,4/24/2023 10:30:00 AM,-10.34
10441,4/24/2023 10:31:00 AM,-10.40
10441,4/24/2023 10:31:00 AM,-10.28
10441,4/24/2023 10:31:00 AM,-10.69
10441,4/24/2023 10:31:00 AM,-10.10
10441,4/24/2023 10:31:00 AM,-10.40
10441,4/24/2023 10:31:00 AM,-10.28
10441,4/24/2023 10:31:00 AM,-10.57
10441,4/24/2023 10:31:00 AM,-10.34
10441,4/24/2023 10:31:00 AM,-10.22
10441,4/24/2023 10:31:00 AM,-10.34
10441,4/24/2023 10:32:00 AM,-10.40
10441,4/24/2023 10:32:00 AM,-10.04
10441,4/24/2023 10:32:00 AM,-10.16
10441,4/24/2023 10:32:00 AM,-10.51
10441,4/24/2023 10:32:00 AM,-10.22
10441,4/24/2023 10:32:00 AM,-10.16
10441,4/24/2023 10:32:00 AM,-10.69
10441,4/24/2023 10:32:00 AM,-10.22
10441,4/24/2023 10:32:00 AM,-10.40
10441,4/24/2023 10:32:00 AM,-10.28
10441,4/24/2023 10:32:00 AM,-10.45
10441,4/24/2023 10:32:00 AM,-10.63
10441,4/24/2023 10:33:00 AM,-10.04
10441,4/24/2023 10:33:00 AM,-10.22
10441,4/24/2023 10:33:00 AM,-9.98
10441,4/24/2023 10:33:00 AM,-10.16
10441,4/24/2023 10:33:00 AM,-10.22
10441,4/24/2023 10:33:00 AM,-9.86
10441,4/24/2023 10:33:00 AM,-9.92
10441,4/24/2023 10:33:00 AM,-10.16
10441,4/24/2023 10:33:00 AM,-10.04
10441,4/24/2023 10:33:00 AM,-10.16
10441,4/24/2023 10:33:00 AM,-10.10
10441,4/24/2023 10:34:00 AM,-10.16
10441,4/24/2023 10:34:00 AM,-10.28
10441,4/24/2023 10:34:00 AM,-10.22
10441,4/24/2023 10:34:00 AM,-10.16
10441,4/24/2023 10:34:00 AM,-10.28
10441,4/24/2023 10:34:00 AM,-10.63
10441,4/24/2023 10:34:00 AM,-10.16
10441,4/24/2023 10:34:00 AM,-10.10
10441,4/24/2023 10:34:00 AM,-10.51
10441,4/24/2023 10:35:00 AM,-10.40
10441,4/24/2023 10:35:00 AM,-10.16
10441,4/24/2023 10:35:00 AM,-10.22
10441,4/24/2023 10:35:00 AM,-10.16
10441,4/24/2023 10:35:00 AM,-10.10
10441,4/24/2023 10:35:00 AM,-10.04
10441,4/24/2023 10:35:00 AM,-10.22
10441,4/24/2023 10:35:00 AM,-10.04
10441,4/24/2023 10:35:00 AM,-9.98
10441,4/24/2023 10:35:00 AM,-10.04
10441,4/24/2023 10:35:00 AM,-9.98
10441,4/24/2023 10:36:00 AM,-10.04
10441,4/24/2023 10:36:00 AM,-9.86
10441,4/24/2023 10:36:00 AM,-10.04
10441,4/24/2023 10:36:00 AM,-9.86
10441,4/24/2023 10:36:00 AM,-10.04
10441,4/24/2023 10:36:00 AM,-9.98
10441,4/24/2023 10:36:00 AM,-10.10
10441,4/24/2023 10:37:00 AM,-9.98
10441,4/24/2023 10:37:00 AM,-10.04
10441,4/24/2023 10:37:00 AM,-10.10
10441,4/24/2023 10:37:00 AM,-9.80
10441,4/24/2023 10:37:00 AM,-9.92
10441,4/24/2023 10:37:00 AM,-10.04
10441,4/24/2023 10:37:00 AM,-9.98
10441,4/24/2023 10:37:00 AM,-9.86
10441,4/24/2023 10:37:00 AM,-10.04
10441,4/24/2023 10:37:00 AM,-9.92
10441,4/24/2023 10:37:00 AM,-9.86
10441,4/24/2023 10:38:00 AM,-9.86
10441,4/24/2023 10:38:00 AM,-9.74
10441,4/24/2023 10:38:00 AM,-9.86
10441,4/24/2023 10:38:00 AM,-9.80
10441,4/24/2023 10:38:00 AM,-9.98
10441,4/24/2023 10:38:00 AM,-9.56
10441,4/24/2023 10:38:00 AM,-9.80
10441,4/24/2023 10:38:00 AM,-9.68
10441,4/24/2023 10:38:00 AM,-9.86
10441,4/24/2023 10:38:00 AM,-9.92
10441,4/24/2023 10:38:00 AM,-10.04
10441,4/24/2023 10:38:00 AM,-9.32
10441,4/24/2023 10:38:00 AM,-9.86
10441,4/24/2023 10:39:00 AM,-10.04
10441,4/24/2023 10:39:00 AM,-9.86
10441,4/24/2023 10:39:00 AM,-9.98
10441,4/24/2023 10:39:00 AM,-9.86
10441,4/24/2023 10:39:00 AM,-9.80
10441,4/24/2023 10:39:00 AM,-9.86
10441,4/24/2023 10:39:00 AM,-9.74
10441,4/24/2023 10:39:00 AM,-9.86
10441,4/24/2023 10:39:00 AM,-9.80
10441,4/24/2023 10:39:00 AM,-9.62
10441,4/24/2023 10:39:00 AM,-9.74
10441,4/24/2023 10:40:00 AM,-9.86
10441,4/24/2023 10:40:00 AM,-9.80
10441,4/24/2023 10:40:00 AM,-9.92
10441,4/24/2023 10:40:00 AM,-9.86
10441,4/24/2023 10:40:00 AM,-9.92
10441,4/24/2023 10:40:00 AM,-9.98
10441,4/24/2023 10:40:00 AM,-10.04
10441,4/24/2023 10:41:00 AM,-10.10
10441,4/24/2023 10:41:00 AM,-10.04
10441,4/24/2023 10:41:00 AM,-9.98
10441,4/24/2023 10:41:00 AM,-9.92
10441,4/24/2023 10:41:00 AM,-10.04
10441,4/24/2023 10:41:00 AM,-9.98
10441,4/24/2023 10:42:00 AM,-10.10
10441,4/24/2023 10:42:00 AM,-10.28
10441,4/24/2023 10:42:00 AM,-10.04
10441,4/24/2023 10:42:00 AM,-10.16
10441,4/24/2023 10:42:00 AM,-10.40
10441,4/24/2023 10:42:00 AM,-9.98
10441,4/24/2023 10:42:00 AM,-9.80
10441,4/24/2023 10:42:00 AM,-10.22
10441,4/24/2023 10:42:00 AM,-10.16
10441,4/24/2023 10:42:00 AM,-10.28
10441,4/24/2023 10:42:00 AM,-10.34
10441,4/24/2023 10:42:00 AM,-10.28
10441,4/24/2023 10:42:00 AM,-10.34
10441,4/24/2023 10:43:00 AM,-9.86
10441,4/24/2023 10:43:00 AM,-9.74
10441,4/24/2023 10:43:00 AM,-9.56
10441,4/24/2023 10:43:00 AM,-10.28
10441,4/24/2023 10:43:00 AM,-9.38
10441,4/24/2023 10:43:00 AM,-9.80
10441,4/24/2023 10:43:00 AM,-9.74
10441,4/24/2023 10:43:00 AM,-9.98
10441,4/24/2023 10:43:00 AM,-9.80
10441,4/24/2023 10:43:00 AM,-9.98
10441,4/24/2023 10:43:00 AM,-9.50
10441,4/24/2023 10:43:00 AM,-9.62
10441,4/24/2023 10:43:00 AM,-9.80
10441,4/24/2023 10:43:00 AM,-9.92
10441,4/24/2023 10:43:00 AM,-9.50
10441,4/24/2023 10:44:00 AM,-10.28
10441,4/24/2023 10:44:00 AM,-10.57
10441,4/24/2023 10:44:00 AM,-9.92
10441,4/24/2023 10:44:00 AM,-10.04
10441,4/24/2023 10:44:00 AM,-10.16
10441,4/24/2023 10:44:00 AM,-9.86
10441,4/24/2023 10:44:00 AM,-10.16
10441,4/24/2023 10:44:00 AM,-10.10
10441,4/24/2023 10:44:00 AM,-10.04
10441,4/24/2023 10:44:00 AM,-10.22
10441,4/24/2023 10:44:00 AM,-10.10
10441,4/24/2023 10:44:00 AM,-10.40
10441,4/24/2023 10:44:00 AM,-10.10
10441,4/24/2023 10:44:00 AM,-9.86
10441,4/24/2023 10:44:00 AM,-9.68
10441,4/24/2023 10:45:00 AM,-10.22
10441,4/24/2023 10:45:00 AM,-10.16
10441,4/24/2023 10:45:00 AM,-10.28
10441,4/24/2023 10:45:00 AM,-10.40
10441,4/24/2023 10:46:00 AM,-10.34
10441,4/24/2023 10:46:00 AM,-10.22
10441,4/24/2023 10:46:00 AM,-10.16
10441,4/24/2023 10:46:00 AM,-10.22
10441,4/24/2023 10:46:00 AM,-10.28
10441,4/24/2023 10:46:00 AM,-10.34
10441,4/24/2023 10:46:00 AM,-10.28
10441,4/24/2023 10:46:00 AM,-10.22
10441,4/24/2023 10:46:00 AM,-10.28
10441,4/24/2023 10:46:00 AM,-10.10
10441,4/24/2023 10:47:00 AM,-10.16
10441,4/24/2023 10:47:00 AM,-10.10
10441,4/24/2023 10:47:00 AM,-10.16
10441,4/24/2023 10:47:00 AM,-10.10
10441,4/24/2023 10:47:00 AM,-10.04
10441,4/24/2023 10:47:00 AM,-10.10
10441,4/24/2023 10:47:00 AM,-10.04
10441,4/24/2023 10:47:00 AM,-9.98
10441,4/24/2023 10:47:00 AM,-10.04
10441,4/24/2023 10:47:00 AM,-10.22
10441,4/24/2023 10:48:00 AM,-10.34
10441,4/24/2023 10:48:00 AM,-10.04
10441,4/24/2023 10:48:00 AM,-10.16
10441,4/24/2023 10:48:00 AM,-9.98
10441,4/24/2023 10:48:00 AM,-10.10
10441,4/24/2023 10:48:00 AM,-9.92
10441,4/24/2023 10:48:00 AM,-10.10
10441,4/24/2023 10:48:00 AM,-10.04
10441,4/24/2023 10:48:00 AM,-10.16
10441,4/24/2023 10:48:00 AM,-10.10
10441,4/24/2023 10:48:00 AM,-10.04
10441,4/24/2023 10:48:00 AM,-10.10
10441,4/24/2023 10:48:00 AM,-10.04
10441,4/24/2023 10:49:00 AM,-10.16
10441,4/24/2023 10:49:00 AM,-10.22
10441,4/24/2023 10:49:00 AM,-9.92
10441,4/24/2023 10:49:00 AM,-10.16
10441,4/24/2023 10:49:00 AM,-9.98
10441,4/24/2023 10:49:00 AM,-10.10
10441,4/24/2023 10:49:00 AM,-10.16
10441,4/24/2023 10:49:00 AM,-10.10
10441,4/24/2023 10:49:00 AM,-10.16
10441,4/24/2023 10:49:00 AM,-10.45
10441,4/24/2023 10:49:00 AM,-9.98
10441,4/24/2023 10:49:00 AM,-10.16
10441,4/24/2023 10:50:00 AM,-10.22
10441,4/24/2023 10:50:00 AM,-10.40
10441,4/24/2023 10:50:00 AM,-10.28
10441,4/24/2023 10:50:00 AM,-10.16
10441,4/24/2023 10:50:00 AM,-10.22
10441,4/24/2023 10:50:00 AM,-10.34
10441,4/24/2023 10:51:00 AM,-10.16
10441,4/24/2023 10:51:00 AM,-10.34
10441,4/24/2023 10:51:00 AM,-10.10
10441,4/24/2023 10:51:00 AM,-10.16
10441,4/24/2023 10:51:00 AM,-10.40
10441,4/24/2023 10:51:00 AM,-10.28
10441,4/24/2023 10:51:00 AM,-10.22
10441,4/24/2023 10:52:00 AM,-10.10
10441,4/24/2023 10:52:00 AM,-10.16
10441,4/24/2023 10:53:00 AM,-10.04
10441,4/24/2023 10:53:00 AM,-10.22
10441,4/24/2023 10:53:00 AM,-10.10
10441,4/24/2023 10:53:00 AM,-10.16
10441,4/24/2023 10:53:00 AM,-10.16
10441,4/24/2023 10:53:00 AM,-10.22
10441,4/24/2023 10:53:00 AM,-10.28
10441,4/24/2023 10:53:00 AM,-10.22
10441,4/24/2023 10:53:00 AM,-10.28
10441,4/24/2023 10:53:00 AM,-10.34
10441,4/24/2023 10:53:00 AM,-10.22
10441,4/24/2023 10:54:00 AM,-10.10
10441,4/24/2023 10:54:00 AM,-10.16
10441,4/24/2023 10:54:00 AM,-10.04
10441,4/24/2023 10:54:00 AM,-10.10
10441,4/24/2023 10:54:00 AM,-10.22
10441,4/24/2023 10:54:00 AM,-10.28
10441,4/24/2023 10:54:00 AM,-10.10
10441,4/24/2023 10:54:00 AM,-10.04
10441,4/24/2023 10:54:00 AM,-10.22
10441,4/24/2023 10:54:00 AM,-9.74
10441,4/24/2023 10:55:00 AM,-9.86
10441,4/24/2023 10:55:00 AM,-9.98
10441,4/24/2023 10:55:00 AM,-9.92
10441,4/24/2023 10:55:00 AM,-9.86
10441,4/24/2023 10:55:00 AM,-9.62
10441,4/24/2023 10:55:00 AM,-9.74
10441,4/24/2023 10:55:00 AM,-9.86
10441,4/24/2023 10:55:00 AM,-9.74
10441,4/24/2023 10:55:00 AM,-9.68
10441,4/24/2023 10:55:00 AM,-9.44
10441,4/24/2023 10:56:00 AM,-9.56
10441,4/24/2023 10:56:00 AM,-9.86
10441,4/24/2023 10:56:00 AM,-10.04
10441,4/24/2023 10:56:00 AM,-9.92
10441,4/24/2023 10:56:00 AM,-9.98
10441,4/24/2023 10:56:00 AM,-9.86
10441,4/24/2023 10:56:00 AM,-9.80
10441,4/24/2023 10:56:00 AM,-9.68
10441,4/24/2023 10:56:00 AM,-9.74
10441,4/24/2023 10:56:00 AM,-9.80
10441,4/24/2023 10:57:00 AM,-10.04
10441,4/24/2023 10:57:00 AM,-10.10
10441,4/24/2023 10:57:00 AM,-10.22
10441,4/24/2023 10:57:00 AM,-9.74
10441,4/24/2023 10:57:00 AM,-9.80
10441,4/24/2023 10:57:00 AM,-9.74
10441,4/24/2023 10:57:00 AM,-9.92
10441,4/24/2023 10:57:00 AM,-9.98
10441,4/24/2023 10:57:00 AM,-10.16
10441,4/24/2023 10:58:00 AM,-10.40
10441,4/24/2023 10:58:00 AM,-10.45
10441,4/24/2023 10:58:00 AM,-10.34
10441,4/24/2023 10:58:00 AM,-10.40
10441,4/24/2023 10:58:00 AM,-9.92
10441,4/24/2023 10:58:00 AM,-10.63
10441,4/24/2023 10:58:00 AM,-10.87
10441,4/24/2023 10:58:00 AM,-10.69
10441,4/24/2023 10:58:00 AM,-10.63
10441,4/24/2023 10:58:00 AM,-10.57
10441,4/24/2023 10:58:00 AM,-10.51
10441,4/24/2023 10:59:00 AM,-10.40
10441,4/24/2023 10:59:00 AM,-10.45
10441,4/24/2023 10:59:00 AM,-10.34
10441,4/24/2023 10:59:00 AM,-10.45
10441,4/24/2023 10:59:00 AM,-10.34
10441,4/24/2023 10:59:00 AM,-10.16
10441,4/24/2023 10:59:00 AM,-10.28
10441,4/24/2023 10:59:00 AM,-10.22
10441,4/24/2023 10:59:00 AM,-10.51
10441,4/24/2023 10:59:00 AM,-10.22
10441,4/24/2023 10:59:00 AM,-10.28
10441,4/24/2023 10:59:00 AM,-10.34
10441,4/24/2023 11:00:00 AM,-10.28
10441,4/24/2023 11:00:00 AM,-10.16
10441,4/24/2023 11:00:00 AM,-10.22
10441,4/24/2023 11:00:00 AM,-10.28
10441,4/24/2023 11:00:00 AM,-10.22
10441,4/24/2023 11:00:00 AM,-10.16
10441,4/24/2023 11:00:00 AM,-10.45
10441,4/24/2023 11:00:00 AM,-10.10
10441,4/24/2023 11:00:00 AM,-10.16
10441,4/24/2023 11:00:00 AM,-10.04
10441,4/24/2023 11:00:00 AM,-9.86
10441,4/24/2023 11:00:00 AM,-9.80
10441,4/24/2023 11:01:00 AM,-10.04
10441,4/24/2023 11:01:00 AM,-9.98
10441,4/24/2023 11:01:00 AM,-10.10
10441,4/24/2023 11:01:00 AM,-10.16
10441,4/24/2023 11:01:00 AM,-10.10
10441,4/24/2023 11:01:00 AM,-10.16
10441,4/24/2023 11:01:00 AM,-10.04
10441,4/24/2023 11:01:00 AM,-10.10
10441,4/24/2023 11:02:00 AM,-10.10
10441,4/24/2023 11:02:00 AM,-10.16
10441,4/24/2023 11:02:00 AM,-10.10
10441,4/24/2023 11:02:00 AM,-10.57
10441,4/24/2023 11:02:00 AM,-10.16
10441,4/24/2023 11:02:00 AM,-10.51
10441,4/24/2023 11:02:00 AM,-10.04
10441,4/24/2023 11:02:00 AM,-10.10
10441,4/24/2023 11:02:00 AM,-10.16
10441,4/24/2023 11:02:00 AM,-10.10
10441,4/24/2023 11:03:00 AM,-10.22
10441,4/24/2023 11:03:00 AM,-10.16
10441,4/24/2023 11:03:00 AM,-10.22
10441,4/24/2023 11:03:00 AM,-10.28
10441,4/24/2023 11:03:00 AM,-10.22
10441,4/24/2023 11:03:00 AM,-10.16
10441,4/24/2023 11:03:00 AM,-10.28
10441,4/24/2023 11:03:00 AM,-10.10
10441,4/24/2023 11:03:00 AM,-10.34
10441,4/24/2023 11:03:00 AM,-10.51
10441,4/24/2023 11:03:00 AM,-9.92
10441,4/24/2023 11:03:00 AM,-10.04
10441,4/24/2023 11:03:00 AM,-10.69
10441,4/24/2023 11:03:00 AM,-10.04
10441,4/24/2023 11:04:00 AM,-10.34
10441,4/24/2023 11:04:00 AM,-10.40
10441,4/24/2023 11:04:00 AM,-10.45
10441,4/24/2023 11:04:00 AM,-10.40
10441,4/24/2023 11:04:00 AM,-10.16
10441,4/24/2023 11:04:00 AM,-10.40
10441,4/24/2023 11:04:00 AM,-10.51
10441,4/24/2023 11:04:00 AM,-10.57
10441,4/24/2023 11:04:00 AM,-10.51
10441,4/24/2023 11:04:00 AM,-10.22
10441,4/24/2023 11:05:00 AM,-10.40
10441,4/24/2023 11:05:00 AM,-10.51
10441,4/24/2023 11:05:00 AM,-10.22
10441,4/24/2023 11:05:00 AM,-10.34
10441,4/24/2023 11:05:00 AM,-10.40
10441,4/24/2023 11:05:00 AM,-10.45
10441,4/24/2023 11:05:00 AM,-10.51
10441,4/24/2023 11:05:00 AM,-10.28
10441,4/24/2023 11:05:00 AM,-10.40
10441,4/24/2023 11:05:00 AM,-10.45
10441,4/24/2023 11:06:00 AM,-10.45
10441,4/24/2023 11:06:00 AM,-10.40
10441,4/24/2023 11:06:00 AM,-10.40
10441,4/24/2023 11:06:00 AM,-10.51
10441,4/24/2023 11:06:00 AM,-10.34
10441,4/24/2023 11:06:00 AM,-10.45
10441,4/24/2023 11:06:00 AM,-10.34
10441,4/24/2023 11:06:00 AM,-10.45
10441,4/24/2023 11:06:00 AM,-10.22
10441,4/24/2023 11:06:00 AM,-10.69
10441,4/24/2023 11:06:00 AM,-10.45
10441,4/24/2023 11:06:00 AM,-10.51
10441,4/24/2023 11:07:00 AM,-10.40
10441,4/24/2023 11:07:00 AM,-10.45
10441,4/24/2023 11:07:00 AM,-10.40
10441,4/24/2023 11:07:00 AM,-10.51
10441,4/24/2023 11:07:00 AM,-10.45
10441,4/24/2023 11:07:00 AM,-10.40
10441,4/24/2023 11:07:00 AM,-10.40
10441,4/24/2023 11:07:00 AM,-10.28
10441,4/24/2023 11:07:00 AM,-10.22
10441,4/24/2023 11:07:00 AM,-10.45
10441,4/24/2023 11:07:00 AM,-10.22
10441,4/24/2023 11:07:00 AM,-10.16
10441,4/24/2023 11:07:00 AM,-10.63
10441,4/24/2023 11:08:00 AM,-10.45
10441,4/24/2023 11:08:00 AM,-10.40
10441,4/24/2023 11:08:00 AM,-10.45
10441,4/24/2023 11:08:00 AM,-9.92
10441,4/24/2023 11:08:00 AM,-10.45
10441,4/24/2023 11:08:00 AM,-10.28
10441,4/24/2023 11:08:00 AM,-10.34
10441,4/24/2023 11:08:00 AM,-10.22
10441,4/24/2023 11:08:00 AM,-10.28
10441,4/24/2023 11:09:00 AM,-10.22
10441,4/24/2023 11:09:00 AM,-10.28
10441,4/24/2023 11:09:00 AM,-10.34
10441,4/24/2023 11:09:00 AM,-10.45
10441,4/24/2023 11:09:00 AM,-10.34
10441,4/24/2023 11:09:00 AM,-10.57
10441,4/24/2023 11:09:00 AM,-10.63
10441,4/24/2023 11:09:00 AM,-10.34
10441,4/24/2023 11:10:00 AM,-10.28
10441,4/24/2023 11:10:00 AM,-10.40
10441,4/24/2023 11:10:00 AM,-10.34
10441,4/24/2023 11:10:00 AM,-10.28
10441,4/24/2023 11:10:00 AM,-10.34
10441,4/24/2023 11:11:00 AM,-10.28
10441,4/24/2023 11:11:00 AM,-10.34
10441,4/24/2023 11:11:00 AM,-10.28
10441,4/24/2023 11:11:00 AM,-10.34
10441,4/24/2023 11:11:00 AM,-10.28
10441,4/24/2023 11:11:00 AM,-10.45
10441,4/24/2023 11:11:00 AM,-10.22
10441,4/24/2023 11:11:00 AM,-10.28
10441,4/24/2023 11:11:00 AM,-10.22
10441,4/24/2023 11:11:00 AM,-10.28
10441,4/24/2023 11:11:00 AM,-10.34
10441,4/24/2023 11:12:00 AM,-10.04
10441,4/24/2023 11:12:00 AM,-10.22
10441,4/24/2023 11:12:00 AM,-10.16
10441,4/24/2023 11:12:00 AM,-10.22
10441,4/24/2023 11:12:00 AM,-9.86
10441,4/24/2023 11:12:00 AM,-10.10
10441,4/24/2023 11:12:00 AM,-10.22
10441,4/24/2023 11:12:00 AM,-10.16
10441,4/24/2023 11:12:00 AM,-10.22
10441,4/24/2023 11:12:00 AM,-10.28
10441,4/24/2023 11:13:00 AM,-10.45
10441,4/24/2023 11:13:00 AM,-10.22
10441,4/24/2023 11:13:00 AM,-10.04
10441,4/24/2023 11:13:00 AM,-10.22
10441,4/24/2023 11:13:00 AM,-10.34
10441,4/24/2023 11:13:00 AM,-10.22
10441,4/24/2023 11:13:00 AM,-10.16
10441,4/24/2023 11:13:00 AM,-10.22
10441,4/24/2023 11:13:00 AM,-10.16
10441,4/24/2023 11:13:00 AM,-10.28
10441,4/24/2023 11:13:00 AM,-10.10
10441,4/24/2023 11:13:00 AM,-10.16
10441,4/24/2023 11:14:00 AM,-10.28
10441,4/24/2023 11:14:00 AM,-10.45
10441,4/24/2023 11:14:00 AM,-10.34
10441,4/24/2023 11:14:00 AM,-10.28
10441,4/24/2023 11:14:00 AM,-10.45
10441,4/24/2023 11:14:00 AM,-10.40
10441,4/24/2023 11:14:00 AM,-10.34
10441,4/24/2023 11:14:00 AM,-10.34
10441,4/24/2023 11:14:00 AM,-10.51
10441,4/24/2023 11:14:00 AM,-10.45
10441,4/24/2023 11:14:00 AM,-10.34
10441,4/24/2023 11:14:00 AM,-10.63
10441,4/24/2023 11:14:00 AM,-10.40
10441,4/24/2023 11:15:00 AM,-10.22
10441,4/24/2023 11:15:00 AM,-10.16
10441,4/24/2023 11:15:00 AM,-10.10
10441,4/24/2023 11:15:00 AM,-10.04
10441,4/24/2023 11:15:00 AM,-10.28
10441,4/24/2023 11:15:00 AM,-10.22
10441,4/24/2023 11:15:00 AM,-10.28
10441,4/24/2023 11:15:00 AM,-10.40
10441,4/24/2023 11:16:00 AM,-9.98
10441,4/24/2023 11:16:00 AM,-10.34
10441,4/24/2023 11:16:00 AM,-9.92
10441,4/24/2023 11:16:00 AM,-10.22
10441,4/24/2023 11:16:00 AM,-10.34
10441,4/24/2023 11:16:00 AM,-10.22
10441,4/24/2023 11:16:00 AM,-10.28
10441,4/24/2023 11:16:00 AM,-10.04
10441,4/24/2023 11:16:00 AM,-9.86
10441,4/24/2023 11:16:00 AM,-9.98
10441,4/24/2023 11:16:00 AM,-10.10
10441,4/24/2023 11:16:00 AM,-10.04
10441,4/24/2023 11:17:00 AM,-10.10
10441,4/24/2023 11:17:00 AM,-9.98
10441,4/24/2023 11:17:00 AM,-10.04
10441,4/24/2023 11:17:00 AM,-10.22
10441,4/24/2023 11:17:00 AM,-10.16
10441,4/24/2023 11:17:00 AM,-10.10
10441,4/24/2023 11:17:00 AM,-10.22
10441,4/24/2023 11:17:00 AM,-10.04
10441,4/24/2023 11:17:00 AM,-10.16
10441,4/24/2023 11:17:00 AM,-10.28
10441,4/24/2023 11:17:00 AM,-10.22
10441,4/24/2023 11:17:00 AM,-10.16
10441,4/24/2023 11:18:00 AM,-10.34
10441,4/24/2023 11:18:00 AM,-10.40
10441,4/24/2023 11:18:00 AM,-10.10
10441,4/24/2023 11:18:00 AM,-10.04
10441,4/24/2023 11:18:00 AM,-10.16
10441,4/24/2023 11:18:00 AM,-10.34
10441,4/24/2023 11:18:00 AM,-10.28
10441,4/24/2023 11:18:00 AM,-9.98
10441,4/24/2023 11:18:00 AM,-10.16
10441,4/24/2023 11:18:00 AM,-10.10
10441,4/24/2023 11:18:00 AM,-10.16
10441,4/24/2023 11:19:00 AM,-10.04
10441,4/24/2023 11:19:00 AM,-9.74
10441,4/24/2023 11:19:00 AM,-10.16
10441,4/24/2023 11:19:00 AM,-10.10
10441,4/24/2023 11:19:00 AM,-9.86
10441,4/24/2023 11:19:00 AM,-10.16
10441,4/24/2023 11:19:00 AM,-10.22
10441,4/24/2023 11:19:00 AM,-10.10
10441,4/24/2023 11:19:00 AM,-10.22
10441,4/24/2023 11:19:00 AM,-10.16
10441,4/24/2023 11:19:00 AM,-10.40
10441,4/24/2023 11:20:00 AM,-10.16
10441,4/24/2023 11:20:00 AM,-10.22
10441,4/24/2023 11:20:00 AM,-9.92
10441,4/24/2023 11:20:00 AM,-10.22
10441,4/24/2023 11:20:00 AM,-10.28
10441,4/24/2023 11:20:00 AM,-10.22
10441,4/24/2023 11:20:00 AM,-10.22
10441,4/24/2023 11:20:00 AM,-10.45
10441,4/24/2023 11:20:00 AM,-10.28
10441,4/24/2023 11:20:00 AM,-10.22
10441,4/24/2023 11:20:00 AM,-10.40
10441,4/24/2023 11:20:00 AM,-10.34
10441,4/24/2023 11:21:00 AM,-10.16
10441,4/24/2023 11:21:00 AM,-10.22
10441,4/24/2023 11:21:00 AM,-10.04
10441,4/24/2023 11:21:00 AM,-10.10
10441,4/24/2023 11:21:00 AM,-10.16
10441,4/24/2023 11:21:00 AM,-10.04
10441,4/24/2023 11:21:00 AM,-9.98
10441,4/24/2023 11:21:00 AM,-10.04
10441,4/24/2023 11:21:00 AM,-9.92
10441,4/24/2023 11:21:00 AM,-9.98
10441,4/24/2023 11:22:00 AM,-10.04
10441,4/24/2023 11:22:00 AM,-10.10
10441,4/24/2023 11:22:00 AM,-9.98
10441,4/24/2023 11:22:00 AM,-10.16
10441,4/24/2023 11:22:00 AM,-10.10
10441,4/24/2023 11:23:00 AM,-9.68
10441,4/24/2023 11:23:00 AM,-9.92
10441,4/24/2023 11:23:00 AM,-9.98
10441,4/24/2023 11:23:00 AM,-10.10
10441,4/24/2023 11:23:00 AM,-10.16
10441,4/24/2023 11:23:00 AM,-9.98
10441,4/24/2023 11:23:00 AM,-10.04
10441,4/24/2023 11:23:00 AM,-10.16
10441,4/24/2023 11:23:00 AM,-10.10
10441,4/24/2023 11:23:00 AM,-10.04
10441,4/24/2023 11:24:00 AM,-10.28
10441,4/24/2023 11:24:00 AM,-10.22
10441,4/24/2023 11:24:00 AM,-10.16
10441,4/24/2023 11:24:00 AM,-10.04
10441,4/24/2023 11:24:00 AM,-10.16
10441,4/24/2023 11:24:00 AM,-10.10
10441,4/24/2023 11:24:00 AM,-10.04
10441,4/24/2023 11:24:00 AM,-9.98
10441,4/24/2023 11:24:00 AM,-9.92
10441,4/24/2023 11:24:00 AM,-10.04
10441,4/24/2023 11:24:00 AM,-9.98
10441,4/24/2023 11:24:00 AM,-10.04
10441,4/24/2023 11:25:00 AM,-9.98
10441,4/24/2023 11:25:00 AM,-9.92
10441,4/24/2023 11:25:00 AM,-10.04
10441,4/24/2023 11:25:00 AM,-10.16
10441,4/24/2023 11:25:00 AM,-9.98
10441,4/24/2023 11:25:00 AM,-9.44
10441,4/24/2023 11:25:00 AM,-10.04
10441,4/24/2023 11:25:00 AM,-9.56
10441,4/24/2023 11:25:00 AM,-9.92
10441,4/24/2023 11:25:00 AM,-9.74
10441,4/24/2023 11:25:00 AM,-10.04
10441,4/24/2023 11:25:00 AM,-9.98
10441,4/24/2023 11:25:00 AM,-10.40
10441,4/24/2023 11:26:00 AM,-10.34
10441,4/24/2023 11:26:00 AM,-10.22
10441,4/24/2023 11:26:00 AM,-10.45
10441,4/24/2023 11:26:00 AM,-10.28
10441,4/24/2023 11:26:00 AM,-10.22
10441,4/24/2023 11:26:00 AM,-10.40
10441,4/24/2023 11:26:00 AM,-10.34
10441,4/24/2023 11:26:00 AM,-10.28
10441,4/24/2023 11:26:00 AM,-10.22
10441,4/24/2023 11:26:00 AM,-10.16
10441,4/24/2023 11:26:00 AM,-10.22
10441,4/24/2023 11:26:00 AM,-10.16
10441,4/24/2023 11:26:00 AM,-10.28
10441,4/24/2023 11:27:00 AM,-10.34
10441,4/24/2023 11:27:00 AM,-10.51
10441,4/24/2023 11:27:00 AM,-10.28
10441,4/24/2023 11:27:00 AM,-10.40
10441,4/24/2023 11:27:00 AM,-10.28
10441,4/24/2023 11:27:00 AM,-10.34
10441,4/24/2023 11:27:00 AM,-10.40
10441,4/24/2023 11:27:00 AM,-10.57
10441,4/24/2023 11:27:00 AM,-10.34
10441,4/24/2023 11:27:00 AM,-10.28
10441,4/24/2023 11:28:00 AM,-10.22
10441,4/24/2023 11:28:00 AM,-10.45
10441,4/24/2023 11:28:00 AM,-10.34
10441,4/24/2023 11:28:00 AM,-10.16
10441,4/24/2023 11:28:00 AM,-10.04
10441,4/24/2023 11:28:00 AM,-10.40
10441,4/24/2023 11:28:00 AM,-10.22
10441,4/24/2023 11:28:00 AM,-10.04
10441,4/24/2023 11:28:00 AM,-9.98
10441,4/24/2023 11:28:00 AM,-10.28
10441,4/24/2023 11:28:00 AM,-9.98
10441,4/24/2023 11:28:00 AM,-10.04
10441,4/24/2023 11:29:00 AM,-9.98
10441,4/24/2023 11:29:00 AM,-9.92
10441,4/24/2023 11:29:00 AM,-10.16
10441,4/24/2023 11:29:00 AM,-10.04
10441,4/24/2023 11:29:00 AM,-9.98
10441,4/24/2023 11:29:00 AM,-10.34
10441,4/24/2023 11:29:00 AM,-9.98
10441,4/24/2023 11:29:00 AM,-9.86
10441,4/24/2023 11:29:00 AM,-9.92
10441,4/24/2023 11:29:00 AM,-10.04
10441,4/24/2023 11:30:00 AM,-9.92
10441,4/24/2023 11:30:00 AM,-9.62
10441,4/24/2023 11:30:00 AM,-9.98
10441,4/24/2023 11:30:00 AM,-10.04
10441,4/24/2023 11:30:00 AM,-10.10
10441,4/24/2023 11:30:00 AM,-10.04
10441,4/24/2023 11:30:00 AM,-10.10
10441,4/24/2023 11:30:00 AM,-10.16
10441,4/24/2023 11:30:00 AM,-10.57
10441,4/24/2023 11:30:00 AM,-9.98
10441,4/24/2023 11:30:00 AM,-10.10
10441,4/24/2023 11:31:00 AM,-10.16
10441,4/24/2023 11:31:00 AM,-10.10
10441,4/24/2023 11:31:00 AM,-10.16
10441,4/24/2023 11:31:00 AM,-10.04
10441,4/24/2023 11:31:00 AM,-10.16
10441,4/24/2023 11:31:00 AM,-10.04
10441,4/24/2023 11:31:00 AM,-9.92
10441,4/24/2023 11:31:00 AM,-10.04
10441,4/24/2023 11:31:00 AM,-9.92
10441,4/24/2023 11:31:00 AM,-9.98
10441,4/24/2023 11:31:00 AM,-10.63
10441,4/24/2023 11:31:00 AM,-10.16
10441,4/24/2023 11:31:00 AM,-10.04
10441,4/24/2023 11:31:00 AM,-9.98
10441,4/24/2023 11:32:00 AM,-10.10
10441,4/24/2023 11:32:00 AM,-10.04
10441,4/24/2023 11:32:00 AM,-10.10
10441,4/24/2023 11:32:00 AM,-10.16
10441,4/24/2023 11:32:00 AM,-9.92
10441,4/24/2023 11:32:00 AM,-10.04
10441,4/24/2023 11:32:00 AM,-10.10
10441,4/24/2023 11:32:00 AM,-10.04
10441,4/24/2023 11:32:00 AM,-10.28
10441,4/24/2023 11:33:00 AM,-10.22
10441,4/24/2023 11:33:00 AM,-10.16
10441,4/24/2023 11:33:00 AM,-10.45
10441,4/24/2023 11:33:00 AM,-10.28
10441,4/24/2023 11:33:00 AM,-10.22
10441,4/24/2023 11:33:00 AM,-10.16
10441,4/24/2023 11:33:00 AM,-10.10
10441,4/24/2023 11:34:00 AM,-10.04
10441,4/24/2023 11:34:00 AM,-10.10
10441,4/24/2023 11:34:00 AM,-10.16
10441,4/24/2023 11:34:00 AM,-10.04
10441,4/24/2023 11:34:00 AM,-10.16
10441,4/24/2023 11:34:00 AM,-9.98
10441,4/24/2023 11:34:00 AM,-9.92
10441,4/24/2023 11:34:00 AM,-10.04
10441,4/24/2023 11:34:00 AM,-10.16
10441,4/24/2023 11:34:00 AM,-10.10
10441,4/24/2023 11:35:00 AM,-10.34
10441,4/24/2023 11:35:00 AM,-10.40
10441,4/24/2023 11:35:00 AM,-10.34
10441,4/24/2023 11:35:00 AM,-10.28
10441,4/24/2023 11:35:00 AM,-10.22
10441,4/24/2023 11:35:00 AM,-10.16
10441,4/24/2023 11:35:00 AM,-9.98
10441,4/24/2023 11:35:00 AM,-10.10
10441,4/24/2023 11:35:00 AM,-10.28
10441,4/24/2023 11:36:00 AM,-10.63
10441,4/24/2023 11:36:00 AM,-10.57
10441,4/24/2023 11:36:00 AM,-10.69
10441,4/24/2023 11:36:00 AM,-10.57
10441,4/24/2023 11:36:00 AM,-10.28
10441,4/24/2023 11:36:00 AM,-10.34
10441,4/24/2023 11:36:00 AM,-10.40
10441,4/24/2023 11:36:00 AM,-10.22
10441,4/24/2023 11:36:00 AM,-10.28
10441,4/24/2023 11:36:00 AM,-10.34
10441,4/24/2023 11:36:00 AM,-10.22
10441,4/24/2023 11:36:00 AM,-10.34
10441,4/24/2023 11:37:00 AM,-10.51
10441,4/24/2023 11:37:00 AM,-10.69
10441,4/24/2023 11:37:00 AM,-10.63
10441,4/24/2023 11:37:00 AM,-10.75
10441,4/24/2023 11:37:00 AM,-10.63
10441,4/24/2023 11:37:00 AM,-10.69
10441,4/24/2023 11:37:00 AM,-10.57
10441,4/24/2023 11:37:00 AM,-10.63
10441,4/24/2023 11:37:00 AM,-10.57
10441,4/24/2023 11:37:00 AM,-10.51
10441,4/24/2023 11:38:00 AM,-10.34
10441,4/24/2023 11:38:00 AM,-10.28
10441,4/24/2023 11:38:00 AM,-10.34
10441,4/24/2023 11:38:00 AM,-10.10
10441,4/24/2023 11:38:00 AM,-10.40
10441,4/24/2023 11:38:00 AM,-10.34
10441,4/24/2023 11:38:00 AM,-10.40
10441,4/24/2023 11:38:00 AM,-10.45
10441,4/24/2023 11:38:00 AM,-10.51
10441,4/24/2023 11:38:00 AM,-10.57
10441,4/24/2023 11:38:00 AM,-10.28
10441,4/24/2023 11:38:00 AM,-10.22
10441,4/24/2023 11:39:00 AM,-10.63
10441,4/24/2023 11:39:00 AM,-10.99
10441,4/24/2023 11:39:00 AM,-10.22
10441,4/24/2023 11:39:00 AM,-10.28
10441,4/24/2023 11:39:00 AM,-10.22
10441,4/24/2023 11:39:00 AM,-10.28
10441,4/24/2023 11:39:00 AM,-10.10
10441,4/24/2023 11:39:00 AM,-10.16
10441,4/24/2023 11:39:00 AM,-10.22
10441,4/24/2023 11:40:00 AM,-10.40
10441,4/24/2023 11:40:00 AM,-10.57
10441,4/24/2023 11:40:00 AM,-10.45
10441,4/24/2023 11:40:00 AM,-10.34
10441,4/24/2023 11:40:00 AM,-10.16
10441,4/24/2023 11:40:00 AM,-10.40
10441,4/24/2023 11:40:00 AM,-10.34
10441,4/24/2023 11:40:00 AM,-10.51
10441,4/24/2023 11:40:00 AM,-10.45
10441,4/24/2023 11:41:00 AM,-10.40
10441,4/24/2023 11:41:00 AM,-10.57
10441,4/24/2023 11:41:00 AM,-10.45
10441,4/24/2023 11:41:00 AM,-10.40
10441,4/24/2023 11:41:00 AM,-10.45
10441,4/24/2023 11:41:00 AM,-10.51
10441,4/24/2023 11:41:00 AM,-10.45
10441,4/24/2023 11:41:00 AM,-10.51
10441,4/24/2023 11:41:00 AM,-10.57
10441,4/24/2023 11:42:00 AM,-10.40
10441,4/24/2023 11:42:00 AM,-10.57
10441,4/24/2023 11:42:00 AM,-10.45
10441,4/24/2023 11:42:00 AM,-10.40
10441,4/24/2023 11:42:00 AM,-10.51
10441,4/24/2023 11:43:00 AM,-10.57
10441,4/24/2023 11:43:00 AM,-10.63
10441,4/24/2023 11:43:00 AM,-10.57
10441,4/24/2023 11:43:00 AM,-10.51
10441,4/24/2023 11:43:00 AM,-10.45
10441,4/24/2023 11:43:00 AM,-10.51
10441,4/24/2023 11:43:00 AM,-10.40
10441,4/24/2023 11:43:00 AM,-10.57
10441,4/24/2023 11:44:00 AM,-10.51
10441,4/24/2023 11:44:00 AM,-10.45
10441,4/24/2023 11:44:00 AM,-10.57
10441,4/24/2023 11:44:00 AM,-10.40
10441,4/24/2023 11:44:00 AM,-10.45
10441,4/24/2023 11:44:00 AM,-10.51
10441,4/24/2023 11:44:00 AM,-10.45
10441,4/24/2023 11:44:00 AM,-10.40
10441,4/24/2023 11:44:00 AM,-10.34
10441,4/24/2023 11:44:00 AM,-10.45
10441,4/24/2023 11:45:00 AM,-10.34
10441,4/24/2023 11:45:00 AM,-10.45
10441,4/24/2023 11:45:00 AM,-10.34
10441,4/24/2023 11:45:00 AM,-10.28
10441,4/24/2023 11:45:00 AM,-10.45
10441,4/24/2023 11:45:00 AM,-10.40
10441,4/24/2023 11:45:00 AM,-10.63
10441,4/24/2023 11:45:00 AM,-10.45
10441,4/24/2023 11:45:00 AM,-10.51
10441,4/24/2023 11:45:00 AM,-10.57
10441,4/24/2023 11:45:00 AM,-10.40
10441,4/24/2023 11:45:00 AM,-10.51
10441,4/24/2023 11:46:00 AM,-10.63
10441,4/24/2023 11:46:00 AM,-10.57
10441,4/24/2023 11:46:00 AM,-10.81
10441,4/24/2023 11:46:00 AM,-10.75
10441,4/24/2023 11:46:00 AM,-10.63
10441,4/24/2023 11:46:00 AM,-10.69
10441,4/24/2023 11:46:00 AM,-10.63
10441,4/24/2023 11:46:00 AM,-10.69
10441,4/24/2023 11:46:00 AM,-10.63
10441,4/24/2023 11:46:00 AM,-10.51
10441,4/24/2023 11:47:00 AM,-10.45
10441,4/24/2023 11:47:00 AM,-10.51
10441,4/24/2023 11:47:00 AM,-10.22
10441,4/24/2023 11:47:00 AM,-10.28
10441,4/24/2023 11:47:00 AM,-10.16
10441,4/24/2023 11:47:00 AM,-10.04
10441,4/24/2023 11:47:00 AM,-10.16
10441,4/24/2023 11:47:00 AM,-10.10
10441,4/24/2023 11:47:00 AM,-10.04
10441,4/24/2023 11:47:00 AM,-10.10
10441,4/24/2023 11:47:00 AM,-10.16
10441,4/24/2023 11:47:00 AM,-10.22
10441,4/24/2023 11:48:00 AM,-10.28
10441,4/24/2023 11:48:00 AM,-10.16
10441,4/24/2023 11:48:00 AM,-10.28
10441,4/24/2023 11:48:00 AM,-10.34
10441,4/24/2023 11:48:00 AM,-10.22
10441,4/24/2023 11:48:00 AM,-10.16
10441,4/24/2023 11:48:00 AM,-10.28
10441,4/24/2023 11:48:00 AM,-10.16
10441,4/24/2023 11:48:00 AM,-10.22
10441,4/24/2023 11:48:00 AM,-10.16
10441,4/24/2023 11:48:00 AM,-10.04
10441,4/24/2023 11:49:00 AM,-10.28
10441,4/24/2023 11:49:00 AM,-10.34
10441,4/24/2023 11:49:00 AM,-10.28
10441,4/24/2023 11:49:00 AM,-10.40
10441,4/24/2023 11:49:00 AM,-10.45
10441,4/24/2023 11:49:00 AM,-10.51
10441,4/24/2023 11:49:00 AM,-9.98
10441,4/24/2023 11:49:00 AM,-10.10
10441,4/24/2023 11:49:00 AM,-10.16
10441,4/24/2023 11:49:00 AM,-10.22
10441,4/24/2023 11:49:00 AM,-10.28
10441,4/24/2023 11:49:00 AM,-10.34
10441,4/24/2023 11:50:00 AM,-10.81
10441,4/24/2023 11:50:00 AM,-10.75
10441,4/24/2023 11:50:00 AM,-10.69
10441,4/24/2023 11:50:00 AM,-10.81
10441,4/24/2023 11:50:00 AM,-10.87
10441,4/24/2023 11:50:00 AM,-10.63
10441,4/24/2023 11:50:00 AM,-10.51
10441,4/24/2023 11:50:00 AM,-10.57
10441,4/24/2023 11:50:00 AM,-10.51
10441,4/24/2023 11:50:00 AM,-10.57
10441,4/24/2023 11:50:00 AM,-10.87
10441,4/24/2023 11:50:00 AM,-10.75
10441,4/24/2023 11:51:00 AM,-10.45
10441,4/24/2023 11:51:00 AM,-10.63
10441,4/24/2023 11:51:00 AM,-10.57
10441,4/24/2023 11:51:00 AM,-10.51
10441,4/24/2023 11:51:00 AM,-10.81
10441,4/24/2023 11:51:00 AM,-10.63
10441,4/24/2023 11:51:00 AM,-10.51
10441,4/24/2023 11:51:00 AM,-10.63
10441,4/24/2023 11:51:00 AM,-10.51
10441,4/24/2023 11:52:00 AM,-10.57
10441,4/24/2023 11:52:00 AM,-10.69
10441,4/24/2023 11:52:00 AM,-10.16
10441,4/24/2023 11:52:00 AM,-10.57
10441,4/24/2023 11:52:00 AM,-10.34
10441,4/24/2023 11:52:00 AM,-10.28
10441,4/24/2023 11:52:00 AM,-10.34
10441,4/24/2023 11:52:00 AM,-10.16
10441,4/24/2023 11:52:00 AM,-10.28
10441,4/24/2023 11:52:00 AM,-10.22
10441,4/24/2023 11:52:00 AM,-10.34
10441,4/24/2023 11:52:00 AM,-10.22
10441,4/24/2023 11:53:00 AM,-9.98
10441,4/24/2023 11:53:00 AM,-10.34
10441,4/24/2023 11:53:00 AM,-10.28
10441,4/24/2023 11:53:00 AM,-10.16
10441,4/24/2023 11:53:00 AM,-10.04
10441,4/24/2023 11:53:00 AM,-10.16
10441,4/24/2023 11:53:00 AM,-10.04
10441,4/24/2023 11:53:00 AM,-10.28
10441,4/24/2023 11:53:00 AM,-10.22
10441,4/24/2023 11:53:00 AM,-10.51
10441,4/24/2023 11:53:00 AM,-10.34
10441,4/24/2023 11:53:00 AM,-10.40
10441,4/24/2023 11:53:00 AM,-10.28
10441,4/24/2023 11:54:00 AM,-10.10
10441,4/24/2023 11:54:00 AM,-10.04
10441,4/24/2023 11:54:00 AM,-10.10
10441,4/24/2023 11:54:00 AM,-10.04
10441,4/24/2023 11:54:00 AM,-10.22
10441,4/24/2023 11:54:00 AM,-10.34
10441,4/24/2023 11:54:00 AM,-10.45
10441,4/24/2023 11:54:00 AM,-10.40
10441,4/24/2023 11:54:00 AM,-10.57
10441,4/24/2023 11:54:00 AM,-10.45
10441,4/24/2023 11:55:00 AM,-10.40
10441,4/24/2023 11:55:00 AM,-10.45
10441,4/24/2023 11:55:00 AM,-10.57
10441,4/24/2023 11:55:00 AM,-10.51
10441,4/24/2023 11:55:00 AM,-10.40
10441,4/24/2023 11:55:00 AM,-10.45
10441,4/24/2023 11:55:00 AM,-10.40
10441,4/24/2023 11:55:00 AM,-10.34
10441,4/24/2023 11:55:00 AM,-10.40
10441,4/24/2023 11:55:00 AM,-10.34
10441,4/24/2023 11:55:00 AM,-10.40
10441,4/24/2023 11:55:00 AM,-10.34
10441,4/24/2023 11:56:00 AM,-10.40
10441,4/24/2023 11:56:00 AM,-10.45
10441,4/24/2023 11:56:00 AM,-10.40
10441,4/24/2023 11:56:00 AM,-10.22
10441,4/24/2023 11:56:00 AM,-10.45
10441,4/24/2023 11:56:00 AM,-10.51
10441,4/24/2023 11:57:00 AM,-10.57
10441,4/24/2023 11:57:00 AM,-10.45
10441,4/24/2023 11:57:00 AM,-10.40
10441,4/24/2023 11:57:00 AM,-10.34
10441,4/24/2023 11:57:00 AM,-10.45
10441,4/24/2023 11:58:00 AM,-10.45
10441,4/24/2023 11:58:00 AM,-10.34
10441,4/24/2023 11:58:00 AM,-10.51
10441,4/24/2023 11:58:00 AM,-10.57
10441,4/24/2023 11:58:00 AM,-10.40
10441,4/24/2023 11:58:00 AM,-10.57
10441,4/24/2023 11:58:00 AM,-10.57
10441,4/24/2023 11:58:00 AM,-10.45
10441,4/24/2023 11:58:00 AM,-10.57
10441,4/24/2023 11:58:00 AM,-10.45
10441,4/24/2023 11:58:00 AM,-10.40
10441,4/24/2023 11:58:00 AM,-11.05
10441,4/24/2023 11:59:00 AM,-10.45
10441,4/24/2023 11:59:00 AM,-10.34
10441,4/24/2023 11:59:00 AM,-10.40
10441,4/24/2023 11:59:00 AM,-10.34
10441,4/24/2023 11:59:00 AM,-10.51
10441,4/24/2023 11:59:00 AM,-10.45
10441,4/24/2023 11:59:00 AM,-10.40
10441,4/24/2023 11:59:00 AM,-10.45
10441,4/24/2023 11:59:00 AM,-10.51
10441,4/24/2023 11:59:00 AM,-10.40
10441,4/24/2023 11:59:00 AM,-10.34
10441,4/24/2023 11:59:00 AM,-10.16
10441,4/24/2023 12:00:00 PM,-10.16
10441,4/24/2023 12:00:00 PM,-10.34
10441,4/24/2023 12:00:00 PM,-10.28
10441,4/24/2023 12:00:00 PM,-10.16
10441,4/24/2023 12:00:00 PM,-10.22
10441,4/24/2023 12:00:00 PM,-10.16
10441,4/24/2023 12:00:00 PM,-10.28
10441,4/24/2023 12:00:00 PM,-10.40
10441,4/24/2023 12:00:00 PM,-10.69
10441,4/24/2023 12:00:00 PM,-10.40
10441,4/24/2023 12:00:00 PM,-10.34
10441,4/24/2023 12:00:00 PM,-10.22
10441,4/24/2023 12:00:00 PM,-10.28
10441,4/24/2023 12:00:00 PM,-10.28
10441,4/24/2023 12:01:00 PM,-10.10
10441,4/24/2023 12:01:00 PM,-10.16
10441,4/24/2023 12:01:00 PM,-10.22
10441,4/24/2023 12:01:00 PM,-10.16
10441,4/24/2023 12:01:00 PM,-10.28
10441,4/24/2023 12:01:00 PM,-10.34
10441,4/24/2023 12:01:00 PM,-10.40
10441,4/24/2023 12:01:00 PM,-10.45
10441,4/24/2023 12:01:00 PM,-10.28
10441,4/24/2023 12:01:00 PM,-10.34
10441,4/24/2023 12:01:00 PM,-10.28
10441,4/24/2023 12:02:00 PM,-10.22
10441,4/24/2023 12:02:00 PM,-10.45
10441,4/24/2023 12:02:00 PM,-10.28
10441,4/24/2023 12:02:00 PM,-10.34
10441,4/24/2023 12:02:00 PM,-10.10
10441,4/24/2023 12:02:00 PM,-10.22
10441,4/24/2023 12:02:00 PM,-10.28
10441,4/24/2023 12:02:00 PM,-10.34
10441,4/24/2023 12:02:00 PM,-10.40
10441,4/24/2023 12:02:00 PM,-10.57
10441,4/24/2023 12:03:00 PM,-10.40
10441,4/24/2023 12:03:00 PM,-10.45
10441,4/24/2023 12:03:00 PM,-10.40
10441,4/24/2023 12:03:00 PM,-10.57
10441,4/24/2023 12:03:00 PM,-10.57
10441,4/24/2023 12:03:00 PM,-10.51
10441,4/24/2023 12:03:00 PM,-10.45
10441,4/24/2023 12:03:00 PM,-10.40
10441,4/24/2023 12:03:00 PM,-10.45
10441,4/24/2023 12:03:00 PM,-10.69
10441,4/24/2023 12:03:00 PM,-10.45
10441,4/24/2023 12:03:00 PM,-10.40
10441,4/24/2023 12:03:00 PM,-10.69
10441,4/24/2023 12:03:00 PM,-11.11
10441,4/24/2023 12:04:00 PM,-11.11
10441,4/24/2023 12:04:00 PM,-10.75
10441,4/24/2023 12:04:00 PM,-10.34
10441,4/24/2023 12:04:00 PM,-10.40
10441,4/24/2023 12:04:00 PM,-10.45
10441,4/24/2023 12:04:00 PM,-10.34
10441,4/24/2023 12:04:00 PM,-10.45
10441,4/24/2023 12:04:00 PM,-10.40
10441,4/24/2023 12:04:00 PM,-10.45
10441,4/24/2023 12:04:00 PM,-10.28
10441,4/24/2023 12:04:00 PM,-10.22
10441,4/24/2023 12:05:00 PM,-10.28
10441,4/24/2023 12:05:00 PM,-10.10
10441,4/24/2023 12:05:00 PM,-10.57
10441,4/24/2023 12:05:00 PM,-10.45
10441,4/24/2023 12:05:00 PM,-10.40
10441,4/24/2023 12:05:00 PM,-10.28
10441,4/24/2023 12:05:00 PM,-10.16
10441,4/24/2023 12:05:00 PM,-10.22
10441,4/24/2023 12:05:00 PM,-10.45
10441,4/24/2023 12:05:00 PM,-10.28
10441,4/24/2023 12:05:00 PM,-10.40
10441,4/24/2023 12:05:00 PM,-10.16
10441,4/24/2023 12:05:00 PM,-10.22
10441,4/24/2023 12:06:00 PM,-10.22
10441,4/24/2023 12:06:00 PM,-10.34
10441,4/24/2023 12:06:00 PM,-10.28
10441,4/24/2023 12:06:00 PM,-10.22
10441,4/24/2023 12:06:00 PM,-10.10
10441,4/24/2023 12:06:00 PM,-10.22
10441,4/24/2023 12:06:00 PM,-10.10
10441,4/24/2023 12:06:00 PM,-10.28
10441,4/24/2023 12:07:00 PM,-10.34
10441,4/24/2023 12:07:00 PM,-10.22
10441,4/24/2023 12:07:00 PM,-10.28
10441,4/24/2023 12:07:00 PM,-10.34
10441,4/24/2023 12:07:00 PM,-10.22
10441,4/24/2023 12:07:00 PM,-10.28
10441,4/24/2023 12:08:00 PM,-10.04
10441,4/24/2023 12:08:00 PM,-10.10
10441,4/24/2023 12:08:00 PM,-10.28
10441,4/24/2023 12:08:00 PM,-10.22
10441,4/24/2023 12:08:00 PM,-10.34
10441,4/24/2023 12:08:00 PM,-10.16
10441,4/24/2023 12:08:00 PM,-10.10
10441,4/24/2023 12:08:00 PM,-10.16
10441,4/24/2023 12:08:00 PM,-10.10
10441,4/24/2023 12:08:00 PM,-10.16
10441,4/24/2023 12:08:00 PM,-9.92
10441,4/24/2023 12:09:00 PM,-10.22
10441,4/24/2023 12:09:00 PM,-10.28
10441,4/24/2023 12:09:00 PM,-10.16
10441,4/24/2023 12:09:00 PM,-10.22
10441,4/24/2023 12:09:00 PM,-10.16
10441,4/24/2023 12:09:00 PM,-10.22
10441,4/24/2023 12:09:00 PM,-10.28
10441,4/24/2023 12:09:00 PM,-10.22
10441,4/24/2023 12:09:00 PM,-10.10
10441,4/24/2023 12:09:00 PM,-10.04
10441,4/24/2023 12:09:00 PM,-10.10
10441,4/24/2023 12:09:00 PM,-10.16
10441,4/24/2023 12:10:00 PM,-10.28
10441,4/24/2023 12:10:00 PM,-10.34
10441,4/24/2023 12:10:00 PM,-10.63
10441,4/24/2023 12:10:00 PM,-10.10
10441,4/24/2023 12:10:00 PM,-10.28
10441,4/24/2023 12:10:00 PM,-9.98
10441,4/24/2023 12:10:00 PM,-9.86
10441,4/24/2023 12:10:00 PM,-10.28
10441,4/24/2023 12:10:00 PM,-10.40
10441,4/24/2023 12:10:00 PM,-10.34
10441,4/24/2023 12:10:00 PM,-10.04
10441,4/24/2023 12:11:00 PM,-10.10
10441,4/24/2023 12:11:00 PM,-10.16
10441,4/24/2023 12:11:00 PM,-10.10
10441,4/24/2023 12:11:00 PM,-10.04
10441,4/24/2023 12:11:00 PM,-10.28
10441,4/24/2023 12:11:00 PM,-10.16
10441,4/24/2023 12:11:00 PM,-10.10
10441,4/24/2023 12:11:00 PM,-10.16
10441,4/24/2023 12:11:00 PM,-10.04
10441,4/24/2023 12:11:00 PM,-10.10
10441,4/24/2023 12:11:00 PM,-10.16
10441,4/24/2023 12:12:00 PM,-10.04
10441,4/24/2023 12:12:00 PM,-10.10
10441,4/24/2023 12:12:00 PM,-10.22
10441,4/24/2023 12:12:00 PM,-10.16
10441,4/24/2023 12:12:00 PM,-10.10
10441,4/24/2023 12:12:00 PM,-10.45
10441,4/24/2023 12:12:00 PM,-10.22
10441,4/24/2023 12:12:00 PM,-10.16
10441,4/24/2023 12:12:00 PM,-10.10
10441,4/24/2023 12:12:00 PM,-10.16
10441,4/24/2023 12:12:00 PM,-9.98
10441,4/24/2023 12:13:00 PM,-9.32
10441,4/24/2023 12:13:00 PM,-9.80
10441,4/24/2023 12:13:00 PM,-10.28
10441,4/24/2023 12:13:00 PM,-10.10
10441,4/24/2023 12:13:00 PM,-10.22
10441,4/24/2023 12:13:00 PM,-10.16
10441,4/24/2023 12:13:00 PM,-10.22
10441,4/24/2023 12:13:00 PM,-10.16
10441,4/24/2023 12:13:00 PM,-10.28
10441,4/24/2023 12:14:00 PM,-10.10
10441,4/24/2023 12:14:00 PM,-10.34
10441,4/24/2023 12:14:00 PM,-10.40
10441,4/24/2023 12:14:00 PM,-10.22
10441,4/24/2023 12:14:00 PM,-10.28
10441,4/24/2023 12:14:00 PM,-10.16
10441,4/24/2023 12:14:00 PM,-10.10
10441,4/24/2023 12:14:00 PM,-10.16
10441,4/24/2023 12:14:00 PM,-10.22
10441,4/24/2023 12:14:00 PM,-10.51
10441,4/24/2023 12:14:00 PM,-10.16
10441,4/24/2023 12:15:00 PM,-10.28
10441,4/24/2023 12:15:00 PM,-10.22
10441,4/24/2023 12:15:00 PM,-10.28
10441,4/24/2023 12:15:00 PM,-10.16
10441,4/24/2023 12:15:00 PM,-10.10
10441,4/24/2023 12:15:00 PM,-10.16
10441,4/24/2023 12:15:00 PM,-10.22
10441,4/24/2023 12:15:00 PM,-10.16
10441,4/24/2023 12:16:00 PM,-10.28
10441,4/24/2023 12:16:00 PM,-10.16
10441,4/24/2023 12:16:00 PM,-10.28
10441,4/24/2023 12:16:00 PM,-10.22
10441,4/24/2023 12:16:00 PM,-10.34
10441,4/24/2023 12:16:00 PM,-10.28
10441,4/24/2023 12:17:00 PM,-10.22
10441,4/24/2023 12:17:00 PM,-9.98
10441,4/24/2023 12:17:00 PM,-10.34
10441,4/24/2023 12:17:00 PM,-10.28
10441,4/24/2023 12:17:00 PM,-10.57
10441,4/24/2023 12:17:00 PM,-10.34
10441,4/24/2023 12:17:00 PM,-10.28
10441,4/24/2023 12:17:00 PM,-10.34
10441,4/24/2023 12:17:00 PM,-10.28
10441,4/24/2023 12:17:00 PM,-10.45
10441,4/24/2023 12:17:00 PM,-10.75
10441,4/24/2023 12:17:00 PM,-10.04
10441,4/24/2023 12:18:00 PM,-10.34
10441,4/24/2023 12:18:00 PM,-10.28
10441,4/24/2023 12:18:00 PM,-10.22
10441,4/24/2023 12:18:00 PM,-10.16
10441,4/24/2023 12:18:00 PM,-10.10
10441,4/24/2023 12:18:00 PM,-10.28
10441,4/24/2023 12:18:00 PM,-10.22
10441,4/24/2023 12:18:00 PM,-10.34
10441,4/24/2023 12:18:00 PM,-10.28
10441,4/24/2023 12:18:00 PM,-10.22
10441,4/24/2023 12:18:00 PM,-10.28
10441,4/24/2023 12:19:00 PM,-10.22
10441,4/24/2023 12:19:00 PM,-10.10
10441,4/24/2023 12:19:00 PM,-10.22
10441,4/24/2023 12:19:00 PM,-10.16
10441,4/24/2023 12:19:00 PM,-10.22
10441,4/24/2023 12:19:00 PM,-10.16
10441,4/24/2023 12:19:00 PM,-10.10
10441,4/24/2023 12:20:00 PM,-10.22
10441,4/24/2023 12:20:00 PM,-10.34
10441,4/24/2023 12:20:00 PM,-10.40
10441,4/24/2023 12:20:00 PM,-10.22
10441,4/24/2023 12:20:00 PM,-10.16
10441,4/24/2023 12:20:00 PM,-10.22
10441,4/24/2023 12:20:00 PM,-10.16
10441,4/24/2023 12:20:00 PM,-10.28
10441,4/24/2023 12:20:00 PM,-10.40
10441,4/24/2023 12:20:00 PM,-10.16
10441,4/24/2023 12:21:00 PM,-10.28
10441,4/24/2023 12:21:00 PM,-10.22
10441,4/24/2023 12:21:00 PM,-10.16
10441,4/24/2023 12:21:00 PM,-10.22
10441,4/24/2023 12:21:00 PM,-10.10
10441,4/24/2023 12:21:00 PM,-10.16
10441,4/24/2023 12:22:00 PM,-10.22
10441,4/24/2023 12:22:00 PM,-10.28
10441,4/24/2023 12:22:00 PM,-10.16
10441,4/24/2023 12:22:00 PM,-10.34
10441,4/24/2023 12:22:00 PM,-10.81
10441,4/24/2023 12:22:00 PM,-10.10
10441,4/24/2023 12:22:00 PM,-9.98
10441,4/24/2023 12:22:00 PM,-10.10
10441,4/24/2023 12:22:00 PM,-10.16
10441,4/24/2023 12:22:00 PM,-10.10
10441,4/24/2023 12:22:00 PM,-10.04
10441,4/24/2023 12:23:00 PM,-10.10
10441,4/24/2023 12:23:00 PM,-10.28
10441,4/24/2023 12:23:00 PM,-10.16
10441,4/24/2023 12:23:00 PM,-10.10
10441,4/24/2023 12:23:00 PM,-10.16
10441,4/24/2023 12:23:00 PM,-10.28
10441,4/24/2023 12:23:00 PM,-10.22
10441,4/24/2023 12:23:00 PM,-10.28
10441,4/24/2023 12:23:00 PM,-10.16
10441,4/24/2023 12:23:00 PM,-10.28
10441,4/24/2023 12:23:00 PM,-10.34
10441,4/24/2023 12:24:00 PM,-10.16
10441,4/24/2023 12:24:00 PM,-10.22
10441,4/24/2023 12:24:00 PM,-10.16
10441,4/24/2023 12:24:00 PM,-10.10
10441,4/24/2023 12:24:00 PM,-10.28
10441,4/24/2023 12:24:00 PM,-10.16
10441,4/24/2023 12:24:00 PM,-10.10
10441,4/24/2023 12:24:00 PM,-10.16
10441,4/24/2023 12:24:00 PM,-10.22
10441,4/24/2023 12:24:00 PM,-10.04
10441,4/24/2023 12:24:00 PM,-10.10
10441,4/24/2023 12:25:00 PM,-10.28
10441,4/24/2023 12:25:00 PM,-10.10
10441,4/24/2023 12:25:00 PM,-10.04
10441,4/24/2023 12:25:00 PM,-10.16
10441,4/24/2023 12:25:00 PM,-10.10
10441,4/24/2023 12:25:00 PM,-10.10
10441,4/24/2023 12:25:00 PM,-9.98
10441,4/24/2023 12:25:00 PM,-10.22
10441,4/24/2023 12:25:00 PM,-10.16
10441,4/24/2023 12:25:00 PM,-10.10
10441,4/24/2023 12:25:00 PM,-10.22
10441,4/24/2023 12:25:00 PM,-10.16
10441,4/24/2023 12:25:00 PM,-10.22
10441,4/24/2023 12:26:00 PM,-10.16
10441,4/24/2023 12:26:00 PM,-10.28
10441,4/24/2023 12:26:00 PM,-10.10
10441,4/24/2023 12:26:00 PM,-10.10
10441,4/24/2023 12:26:00 PM,-9.98
10441,4/24/2023 12:26:00 PM,-10.16
10441,4/24/2023 12:26:00 PM,-10.28
10441,4/24/2023 12:26:00 PM,-10.10
10441,4/24/2023 12:26:00 PM,-10.16
10441,4/24/2023 12:26:00 PM,-10.04
10441,4/24/2023 12:26:00 PM,-10.10
10441,4/24/2023 12:26:00 PM,-10.04
10441,4/24/2023 12:27:00 PM,-10.10
10441,4/24/2023 12:27:00 PM,-10.04
10441,4/24/2023 12:27:00 PM,-10.16
10441,4/24/2023 12:27:00 PM,-10.10
10441,4/24/2023 12:27:00 PM,-9.98
10441,4/24/2023 12:27:00 PM,-10.16
10441,4/24/2023 12:27:00 PM,-10.10
10441,4/24/2023 12:27:00 PM,-10.16
10441,4/24/2023 12:27:00 PM,-10.10
10441,4/24/2023 12:27:00 PM,-10.22
10441,4/24/2023 12:28:00 PM,-10.16
10441,4/24/2023 12:28:00 PM,-10.22
10441,4/24/2023 12:28:00 PM,-10.16
10441,4/24/2023 12:28:00 PM,-9.98
10441,4/24/2023 12:28:00 PM,-10.10
10441,4/24/2023 12:28:00 PM,-10.04
10441,4/24/2023 12:28:00 PM,-10.10
10441,4/24/2023 12:28:00 PM,-10.04
10441,4/24/2023 12:28:00 PM,-10.10
10441,4/24/2023 12:28:00 PM,-10.04
10441,4/24/2023 12:29:00 PM,-10.22
10441,4/24/2023 12:29:00 PM,-10.10
10441,4/24/2023 12:29:00 PM,-10.57
10441,4/24/2023 12:29:00 PM,-10.10
10441,4/24/2023 12:29:00 PM,-10.16
10441,4/24/2023 12:29:00 PM,-10.22
10441,4/24/2023 12:29:00 PM,-10.16
10441,4/24/2023 12:29:00 PM,-10.04
10441,4/24/2023 12:29:00 PM,-10.16
10441,4/24/2023 12:29:00 PM,-10.10
10441,4/24/2023 12:30:00 PM,-10.63
10441,4/24/2023 12:30:00 PM,-10.40
10441,4/24/2023 12:30:00 PM,-10.16
10441,4/24/2023 12:30:00 PM,-10.16
10441,4/24/2023 12:30:00 PM,-10.22
10441,4/24/2023 12:30:00 PM,-10.16
10441,4/24/2023 12:30:00 PM,-10.22
10441,4/24/2023 12:30:00 PM,-10.28
10441,4/24/2023 12:30:00 PM,-10.40
10441,4/24/2023 12:30:00 PM,-10.22
10441,4/24/2023 12:30:00 PM,-10.16
10441,4/24/2023 12:30:00 PM,-10.22
10441,4/24/2023 12:31:00 PM,-10.28
10441,4/24/2023 12:31:00 PM,-10.16
10441,4/24/2023 12:31:00 PM,-10.10
10441,4/24/2023 12:31:00 PM,-9.98
10441,4/24/2023 12:31:00 PM,-10.40
10441,4/24/2023 12:31:00 PM,-10.22
10441,4/24/2023 12:31:00 PM,-10.10
10441,4/24/2023 12:31:00 PM,-10.40
10441,4/24/2023 12:31:00 PM,-10.16
10441,4/24/2023 12:31:00 PM,-10.22
10441,4/24/2023 12:31:00 PM,-10.10
10441,4/24/2023 12:32:00 PM,-10.04
10441,4/24/2023 12:32:00 PM,-10.22
10441,4/24/2023 12:32:00 PM,-10.28
10441,4/24/2023 12:32:00 PM,-9.92
10441,4/24/2023 12:32:00 PM,-10.10
10441,4/24/2023 12:32:00 PM,-10.22
10441,4/24/2023 12:32:00 PM,-10.16
10441,4/24/2023 12:32:00 PM,-10.22
10441,4/24/2023 12:32:00 PM,-10.16
10441,4/24/2023 12:32:00 PM,-10.10
10441,4/24/2023 12:32:00 PM,-10.16
10441,4/24/2023 12:32:00 PM,-10.04
10441,4/24/2023 12:32:00 PM,-10.10
10441,4/24/2023 12:33:00 PM,-10.10
10441,4/24/2023 12:33:00 PM,-10.16
10441,4/24/2023 12:33:00 PM,-10.22
10441,4/24/2023 12:33:00 PM,-10.28
10441,4/24/2023 12:33:00 PM,-10.22
10441,4/24/2023 12:34:00 PM,-10.16
10441,4/24/2023 12:34:00 PM,-10.22
10441,4/24/2023 12:34:00 PM,-10.75
10441,4/24/2023 12:34:00 PM,-10.22
10441,4/24/2023 12:34:00 PM,-10.16
10441,4/24/2023 12:34:00 PM,-10.22
10441,4/24/2023 12:34:00 PM,-10.28
10441,4/24/2023 12:34:00 PM,-10.22
10441,4/24/2023 12:34:00 PM,-10.16
10441,4/24/2023 12:35:00 PM,-10.28
10441,4/24/2023 12:35:00 PM,-10.16
10441,4/24/2023 12:35:00 PM,-10.22
10441,4/24/2023 12:35:00 PM,-10.16
10441,4/24/2023 12:35:00 PM,-10.22
10441,4/24/2023 12:35:00 PM,-10.16
10441,4/24/2023 12:35:00 PM,-10.10
10441,4/24/2023 12:35:00 PM,-10.34
10441,4/24/2023 12:35:00 PM,-10.28
10441,4/24/2023 12:35:00 PM,-10.51
10441,4/24/2023 12:36:00 PM,-10.40
10441,4/24/2023 12:36:00 PM,-10.22
10441,4/24/2023 12:36:00 PM,-10.34
10441,4/24/2023 12:36:00 PM,-10.28
10441,4/24/2023 12:36:00 PM,-10.34
10441,4/24/2023 12:36:00 PM,-10.28
10441,4/24/2023 12:36:00 PM,-10.51
10441,4/24/2023 12:36:00 PM,-10.28
10441,4/24/2023 12:36:00 PM,-10.22
10441,4/24/2023 12:36:00 PM,-10.16
10441,4/24/2023 12:36:00 PM,-10.22
10441,4/24/2023 12:36:00 PM,-10.34
10441,4/24/2023 12:37:00 PM,-10.28
10441,4/24/2023 12:37:00 PM,-10.22
10441,4/24/2023 12:37:00 PM,-10.34
10441,4/24/2023 12:37:00 PM,-10.04
10441,4/24/2023 12:37:00 PM,-10.28
10441,4/24/2023 12:37:00 PM,-9.86
10441,4/24/2023 12:37:00 PM,-10.40
10441,4/24/2023 12:37:00 PM,-10.22
10441,4/24/2023 12:37:00 PM,-10.45
10441,4/24/2023 12:37:00 PM,-10.04
10441,4/24/2023 12:37:00 PM,-10.22
10441,4/24/2023 12:38:00 PM,-10.22
10441,4/24/2023 12:38:00 PM,-10.28
10441,4/24/2023 12:38:00 PM,-10.45
10441,4/24/2023 12:38:00 PM,-10.22
10441,4/24/2023 12:38:00 PM,-10.28
10441,4/24/2023 12:38:00 PM,-10.10
10441,4/24/2023 12:38:00 PM,-10.16
10441,4/24/2023 12:39:00 PM,-10.04
10441,4/24/2023 12:39:00 PM,-10.10
10441,4/24/2023 12:39:00 PM,-10.16
10441,4/24/2023 12:39:00 PM,-9.98
10441,4/24/2023 12:39:00 PM,-10.28
10441,4/24/2023 12:39:00 PM,-10.22
10441,4/24/2023 12:39:00 PM,-10.22
10441,4/24/2023 12:39:00 PM,-10.28
10441,4/24/2023 12:39:00 PM,-10.22
10441,4/24/2023 12:39:00 PM,-10.16
10441,4/24/2023 12:39:00 PM,-10.10
10441,4/24/2023 12:39:00 PM,-10.04
10441,4/24/2023 12:40:00 PM,-10.16
10441,4/24/2023 12:40:00 PM,-10.10
10441,4/24/2023 12:40:00 PM,-10.16
10441,4/24/2023 12:40:00 PM,-10.10
10441,4/24/2023 12:40:00 PM,-10.22
10441,4/24/2023 12:40:00 PM,-9.98
10441,4/24/2023 12:40:00 PM,-10.22
10441,4/24/2023 12:40:00 PM,-10.16
10441,4/24/2023 12:40:00 PM,-10.22
10441,4/24/2023 12:40:00 PM,-10.16
10441,4/24/2023 12:40:00 PM,-10.04
10441,4/24/2023 12:41:00 PM,-10.28
10441,4/24/2023 12:41:00 PM,-9.86
10441,4/24/2023 12:41:00 PM,-9.92
10441,4/24/2023 12:41:00 PM,-10.40
10441,4/24/2023 12:41:00 PM,-10.22
10441,4/24/2023 12:41:00 PM,-10.04
10441,4/24/2023 12:41:00 PM,-10.16
10441,4/24/2023 12:41:00 PM,-10.22
10441,4/24/2023 12:41:00 PM,-10.10
10441,4/24/2023 12:41:00 PM,-10.16
10441,4/24/2023 12:41:00 PM,-10.10
10441,4/24/2023 12:41:00 PM,-10.16
10441,4/24/2023 12:41:00 PM,-10.22
10441,4/24/2023 12:42:00 PM,-10.40
10441,4/24/2023 12:42:00 PM,-10.10
10441,4/24/2023 12:42:00 PM,-10.04
10441,4/24/2023 12:42:00 PM,-10.16
10441,4/24/2023 12:42:00 PM,-10.16
10441,4/24/2023 12:42:00 PM,-10.10
10441,4/24/2023 12:42:00 PM,-10.16
10441,4/24/2023 12:42:00 PM,-10.10
10441,4/24/2023 12:42:00 PM,-10.04
10441,4/24/2023 12:42:00 PM,-10.45
10441,4/24/2023 12:43:00 PM,-9.62
10441,4/24/2023 12:43:00 PM,-10.63
10441,4/24/2023 12:43:00 PM,-10.10
10441,4/24/2023 12:43:00 PM,-10.04
10441,4/24/2023 12:43:00 PM,-10.16
10441,4/24/2023 12:43:00 PM,-10.22
10441,4/24/2023 12:43:00 PM,-10.04
10441,4/24/2023 12:43:00 PM,-10.10
10441,4/24/2023 12:43:00 PM,-9.92
10441,4/24/2023 12:43:00 PM,-9.98
10441,4/24/2023 12:43:00 PM,-10.93
10441,4/24/2023 12:44:00 PM,-10.10
10441,4/24/2023 12:44:00 PM,-9.98
10441,4/24/2023 12:44:00 PM,-10.04
10441,4/24/2023 12:44:00 PM,-10.28
10441,4/24/2023 12:44:00 PM,-9.92
10441,4/24/2023 12:44:00 PM,-10.04
10441,4/24/2023 12:44:00 PM,-10.16
10441,4/24/2023 12:44:00 PM,-10.10
10441,4/24/2023 12:44:00 PM,-9.80
10441,4/24/2023 12:44:00 PM,-10.10
10441,4/24/2023 12:45:00 PM,-10.04
10441,4/24/2023 12:45:00 PM,-9.98
10441,4/24/2023 12:45:00 PM,-10.04
10441,4/24/2023 12:45:00 PM,-10.10
10441,4/24/2023 12:45:00 PM,-9.68
10441,4/24/2023 12:45:00 PM,-10.10
10441,4/24/2023 12:45:00 PM,-10.04
10441,4/24/2023 12:45:00 PM,-9.98
10441,4/24/2023 12:45:00 PM,-10.10
10441,4/24/2023 12:45:00 PM,-9.98
10441,4/24/2023 12:46:00 PM,-10.04
10441,4/24/2023 12:46:00 PM,-10.22
10441,4/24/2023 12:46:00 PM,-9.98
10441,4/24/2023 12:46:00 PM,-10.04
10441,4/24/2023 12:46:00 PM,-9.98
10441,4/24/2023 12:46:00 PM,-10.16
10441,4/24/2023 12:46:00 PM,-9.86
10441,4/24/2023 12:46:00 PM,-9.98
10441,4/24/2023 12:46:00 PM,-10.10
10441,4/24/2023 12:46:00 PM,-9.92
10441,4/24/2023 12:46:00 PM,-9.98
10441,4/24/2023 12:47:00 PM,-10.04
10441,4/24/2023 12:47:00 PM,-10.16
10441,4/24/2023 12:47:00 PM,-10.04
10441,4/24/2023 12:47:00 PM,-10.04
10441,4/24/2023 12:47:00 PM,-9.98
10441,4/24/2023 12:47:00 PM,-10.04
10441,4/24/2023 12:47:00 PM,-9.98
10441,4/24/2023 12:47:00 PM,-9.98
10441,4/24/2023 12:47:00 PM,-10.10
10441,4/24/2023 12:48:00 PM,-10.04
10441,4/24/2023 12:48:00 PM,-9.98
10441,4/24/2023 12:48:00 PM,-10.22
10441,4/24/2023 12:48:00 PM,-10.04
10441,4/24/2023 12:48:00 PM,-9.92
10441,4/24/2023 12:48:00 PM,-10.10
10441,4/24/2023 12:48:00 PM,-10.04
10441,4/24/2023 12:48:00 PM,-9.92
10441,4/24/2023 12:49:00 PM,-9.98
10441,4/24/2023 12:49:00 PM,-10.04
10441,4/24/2023 12:49:00 PM,-9.98
10441,4/24/2023 12:49:00 PM,-9.92
10441,4/24/2023 12:49:00 PM,-10.04
10441,4/24/2023 12:50:00 PM,-10.10
10441,4/24/2023 12:50:00 PM,-10.22
10441,4/24/2023 12:50:00 PM,-9.98
10441,4/24/2023 12:50:00 PM,-9.80
10441,4/24/2023 12:50:00 PM,-9.92
10441,4/24/2023 12:50:00 PM,-9.98
10441,4/24/2023 12:50:00 PM,-10.04
10441,4/24/2023 12:50:00 PM,-10.16
10441,4/24/2023 12:50:00 PM,-10.10
10441,4/24/2023 12:50:00 PM,-10.04
10441,4/24/2023 12:51:00 PM,-9.98
10441,4/24/2023 12:51:00 PM,-10.10
10441,4/24/2023 12:51:00 PM,-10.28
10441,4/24/2023 12:51:00 PM,-10.22
10441,4/24/2023 12:51:00 PM,-9.98
10441,4/24/2023 12:51:00 PM,-10.04
10441,4/24/2023 12:51:00 PM,-10.10
10441,4/24/2023 12:51:00 PM,-10.16
10441,4/24/2023 12:52:00 PM,-10.16
10441,4/24/2023 12:52:00 PM,-10.10
10441,4/24/2023 12:52:00 PM,-10.51
10441,4/24/2023 12:52:00 PM,-10.16
10441,4/24/2023 12:52:00 PM,-10.10
10441,4/24/2023 12:52:00 PM,-10.22
10441,4/24/2023 12:52:00 PM,-10.40
10441,4/24/2023 12:52:00 PM,-10.45
10441,4/24/2023 12:53:00 PM,-10.04
10441,4/24/2023 12:53:00 PM,-10.10
10441,4/24/2023 12:53:00 PM,-10.04
10441,4/24/2023 12:53:00 PM,-10.10
10441,4/24/2023 12:53:00 PM,-9.98
10441,4/24/2023 12:53:00 PM,-10.04
10441,4/24/2023 12:53:00 PM,-9.98
10441,4/24/2023 12:53:00 PM,-9.92
10441,4/24/2023 12:53:00 PM,-9.86
10441,4/24/2023 12:53:00 PM,-10.10
10441,4/24/2023 12:53:00 PM,-10.04
10441,4/24/2023 12:54:00 PM,-10.04
10441,4/24/2023 12:54:00 PM,-10.34
10441,4/24/2023 12:54:00 PM,-9.62
10441,4/24/2023 12:54:00 PM,-10.16
10441,4/24/2023 12:54:00 PM,-10.10
10441,4/24/2023 12:54:00 PM,-10.04
10441,4/24/2023 12:54:00 PM,-10.04
10441,4/24/2023 12:54:00 PM,-10.22
10441,4/24/2023 12:54:00 PM,-10.10
10441,4/24/2023 12:54:00 PM,-10.04
10441,4/24/2023 12:54:00 PM,-10.16
10441,4/24/2023 12:54:00 PM,-10.16
10441,4/24/2023 12:54:00 PM,-9.98
10441,4/24/2023 12:55:00 PM,-10.40
10441,4/24/2023 12:55:00 PM,-10.16
10441,4/24/2023 12:55:00 PM,-10.22
10441,4/24/2023 12:55:00 PM,-10.16
10441,4/24/2023 12:55:00 PM,-10.22
10441,4/24/2023 12:55:00 PM,-10.16
10441,4/24/2023 12:55:00 PM,-10.22
10441,4/24/2023 12:55:00 PM,-10.04
10441,4/24/2023 12:55:00 PM,-10.16
10441,4/24/2023 12:55:00 PM,-10.22
10441,4/24/2023 12:56:00 PM,-10.45
10441,4/24/2023 12:56:00 PM,-10.28
10441,4/24/2023 12:56:00 PM,-10.16
10441,4/24/2023 12:56:00 PM,-10.04
10441,4/24/2023 12:56:00 PM,-9.68
10441,4/24/2023 12:56:00 PM,-10.16
10441,4/24/2023 12:56:00 PM,-9.98
10441,4/24/2023 12:56:00 PM,-10.04
10441,4/24/2023 12:56:00 PM,-10.16
10441,4/24/2023 12:56:00 PM,-10.10
10441,4/24/2023 12:57:00 PM,-9.68
10441,4/24/2023 12:57:00 PM,-10.04
10441,4/24/2023 12:57:00 PM,-10.04
10441,4/24/2023 12:57:00 PM,-9.86
10441,4/24/2023 12:57:00 PM,-10.04
10441,4/24/2023 12:57:00 PM,-10.10
10441,4/24/2023 12:57:00 PM,-10.04
10441,4/24/2023 12:57:00 PM,-10.10
10441,4/24/2023 12:57:00 PM,-10.22
10441,4/24/2023 12:57:00 PM,-10.28
10441,4/24/2023 12:57:00 PM,-10.16
10441,4/24/2023 12:57:00 PM,-10.10
10441,4/24/2023 12:57:00 PM,-9.98
10441,4/24/2023 12:58:00 PM,-9.98
10441,4/24/2023 12:58:00 PM,-10.04
10441,4/24/2023 12:58:00 PM,-9.98
10441,4/24/2023 12:58:00 PM,-10.04
10441,4/24/2023 12:58:00 PM,-9.98
10441,4/24/2023 12:58:00 PM,-9.80
10441,4/24/2023 12:59:00 PM,-9.86
10441,4/24/2023 12:59:00 PM,-10.16
10441,4/24/2023 12:59:00 PM,-9.98
10441,4/24/2023 12:59:00 PM,-10.04
10441,4/24/2023 12:59:00 PM,-9.92
10441,4/24/2023 12:59:00 PM,-10.22
10441,4/24/2023 12:59:00 PM,-10.04
10441,4/24/2023 12:59:00 PM,-10.04
10441,4/24/2023 12:59:00 PM,-9.74
10441,4/24/2023 12:59:00 PM,-9.98
10441,4/24/2023 12:59:00 PM,-10.34
10441,4/24/2023 12:59:00 PM,-9.92
10441,4/24/2023 12:59:00 PM,-9.98
10441,4/24/2023 1:00:00 PM,-9.92
10441,4/24/2023 1:00:00 PM,-9.86
10441,4/24/2023 1:00:00 PM,-9.68
10441,4/24/2023 1:00:00 PM,-9.98
10441,4/24/2023 1:00:00 PM,-9.74
10441,4/24/2023 1:00:00 PM,-9.98
10441,4/24/2023 1:00:00 PM,-10.16
10441,4/24/2023 1:00:00 PM,-10.04
10441,4/24/2023 1:00:00 PM,-9.98
10441,4/24/2023 1:00:00 PM,-9.86
10441,4/24/2023 1:00:00 PM,-9.98
10441,4/24/2023 1:01:00 PM,-9.92
10441,4/24/2023 1:01:00 PM,-9.86
10441,4/24/2023 1:01:00 PM,-9.92
10441,4/24/2023 1:01:00 PM,-9.98
10441,4/24/2023 1:01:00 PM,-9.86
10441,4/24/2023 1:01:00 PM,-9.92
10441,4/24/2023 1:01:00 PM,-9.98
10441,4/24/2023 1:01:00 PM,-9.92
10441,4/24/2023 1:01:00 PM,-10.28
10441,4/24/2023 1:01:00 PM,-9.98
10441,4/24/2023 1:02:00 PM,-9.92
10441,4/24/2023 1:02:00 PM,-10.10
10441,4/24/2023 1:02:00 PM,-10.16
10441,4/24/2023 1:02:00 PM,-10.04
10441,4/24/2023 1:02:00 PM,-9.98
10441,4/24/2023 1:02:00 PM,-9.92
10441,4/24/2023 1:02:00 PM,-10.22
10441,4/24/2023 1:02:00 PM,-10.04
10441,4/24/2023 1:02:00 PM,-9.98
10441,4/24/2023 1:02:00 PM,-9.92
10441,4/24/2023 1:02:00 PM,-10.04
10441,4/24/2023 1:02:00 PM,-10.16
10441,4/24/2023 1:02:00 PM,-10.40
10441,4/24/2023 1:03:00 PM,-10.16
10441,4/24/2023 1:03:00 PM,-10.10
10441,4/24/2023 1:03:00 PM,-10.22
10441,4/24/2023 1:03:00 PM,-10.16
10441,4/24/2023 1:03:00 PM,-10.16
10441,4/24/2023 1:03:00 PM,-10.28
10441,4/24/2023 1:03:00 PM,-10.16
10441,4/24/2023 1:03:00 PM,-10.22
10441,4/24/2023 1:03:00 PM,-10.16
10441,4/24/2023 1:03:00 PM,-10.28
10441,4/24/2023 1:04:00 PM,-10.04
10441,4/24/2023 1:04:00 PM,-9.92
10441,4/24/2023 1:04:00 PM,-10.16
10441,4/24/2023 1:04:00 PM,-9.92
10441,4/24/2023 1:04:00 PM,-9.98
10441,4/24/2023 1:04:00 PM,-10.45
10441,4/24/2023 1:04:00 PM,-9.80
10441,4/24/2023 1:04:00 PM,-9.98
10441,4/24/2023 1:04:00 PM,-10.04
10441,4/24/2023 1:04:00 PM,-9.80
10441,4/24/2023 1:04:00 PM,-10.10
10441,4/24/2023 1:05:00 PM,-10.10
10441,4/24/2023 1:05:00 PM,-10.10
10441,4/24/2023 1:05:00 PM,-9.98
10441,4/24/2023 1:05:00 PM,-10.04
10441,4/24/2023 1:05:00 PM,-10.16
10441,4/24/2023 1:05:00 PM,-9.68
10441,4/24/2023 1:05:00 PM,-9.98
10441,4/24/2023 1:05:00 PM,-10.10
10441,4/24/2023 1:05:00 PM,-10.04
10441,4/24/2023 1:05:00 PM,-10.16
10441,4/24/2023 1:05:00 PM,-9.98
10441,4/24/2023 1:05:00 PM,-10.04
10441,4/24/2023 1:05:00 PM,-10.40
10441,4/24/2023 1:06:00 PM,-10.04
10441,4/24/2023 1:06:00 PM,-9.98
10441,4/24/2023 1:06:00 PM,-10.04
10441,4/24/2023 1:06:00 PM,-10.10
10441,4/24/2023 1:06:00 PM,-8.66
10441,4/24/2023 1:06:00 PM,-10.10
10441,4/24/2023 1:06:00 PM,-10.04
10441,4/24/2023 1:07:00 PM,-9.92
10441,4/24/2023 1:07:00 PM,-9.98
10441,4/24/2023 1:07:00 PM,-9.92
10441,4/24/2023 1:07:00 PM,-10.04
10441,4/24/2023 1:07:00 PM,-9.86
10441,4/24/2023 1:07:00 PM,-9.74
10441,4/24/2023 1:07:00 PM,-9.80
10441,4/24/2023 1:07:00 PM,-9.86
10441,4/24/2023 1:08:00 PM,-9.80
10441,4/24/2023 1:08:00 PM,-9.92
10441,4/24/2023 1:08:00 PM,-9.98
10441,4/24/2023 1:08:00 PM,-9.86
10441,4/24/2023 1:08:00 PM,-10.04
10441,4/24/2023 1:08:00 PM,-9.98
10441,4/24/2023 1:08:00 PM,-10.10
10441,4/24/2023 1:08:00 PM,-10.04
10441,4/24/2023 1:08:00 PM,-9.92
10441,4/24/2023 1:08:00 PM,-9.86
10441,4/24/2023 1:08:00 PM,-10.04
10441,4/24/2023 1:08:00 PM,-10.10
10441,4/24/2023 1:09:00 PM,-9.98
10441,4/24/2023 1:09:00 PM,-9.92
10441,4/24/2023 1:09:00 PM,-10.04
10441,4/24/2023 1:09:00 PM,-9.86
10441,4/24/2023 1:09:00 PM,-10.04
10441,4/24/2023 1:09:00 PM,-10.10
10441,4/24/2023 1:09:00 PM,-9.92
10441,4/24/2023 1:09:00 PM,-9.86
10441,4/24/2023 1:09:00 PM,-9.92
10441,4/24/2023 1:10:00 PM,-10.10
10441,4/24/2023 1:10:00 PM,-10.04
10441,4/24/2023 1:10:00 PM,-9.98
10441,4/24/2023 1:10:00 PM,-9.92
10441,4/24/2023 1:10:00 PM,-10.16
10441,4/24/2023 1:10:00 PM,-10.10
10441,4/24/2023 1:10:00 PM,-10.10
10441,4/24/2023 1:10:00 PM,-10.28
10441,4/24/2023 1:10:00 PM,-9.98
10441,4/24/2023 1:10:00 PM,-10.04
10441,4/24/2023 1:11:00 PM,-9.98
10441,4/24/2023 1:11:00 PM,-9.92
10441,4/24/2023 1:11:00 PM,-10.04
10441,4/24/2023 1:11:00 PM,-9.98
10441,4/24/2023 1:11:00 PM,-10.04
10441,4/24/2023 1:11:00 PM,-10.10
10441,4/24/2023 1:11:00 PM,-10.04
10441,4/24/2023 1:11:00 PM,-9.98
10441,4/24/2023 1:11:00 PM,-9.92
10441,4/24/2023 1:11:00 PM,-9.98
10441,4/24/2023 1:11:00 PM,-9.92
10441,4/24/2023 1:12:00 PM,-10.10
10441,4/24/2023 1:12:00 PM,-10.04
10441,4/24/2023 1:12:00 PM,-9.98
10441,4/24/2023 1:12:00 PM,-10.10
10441,4/24/2023 1:12:00 PM,-10.04
10441,4/24/2023 1:12:00 PM,-9.98
10441,4/24/2023 1:12:00 PM,-10.34
10441,4/24/2023 1:12:00 PM,-10.04
10441,4/24/2023 1:12:00 PM,-9.98
10441,4/24/2023 1:12:00 PM,-9.86
10441,4/24/2023 1:12:00 PM,-9.98
10441,4/24/2023 1:12:00 PM,-10.28
10441,4/24/2023 1:12:00 PM,-9.98
10441,4/24/2023 1:13:00 PM,-10.16
10441,4/24/2023 1:13:00 PM,-10.10
10441,4/24/2023 1:13:00 PM,-10.04
10441,4/24/2023 1:13:00 PM,-9.86
10441,4/24/2023 1:13:00 PM,-9.98
10441,4/24/2023 1:13:00 PM,-10.16
10441,4/24/2023 1:13:00 PM,-10.10
10441,4/24/2023 1:13:00 PM,-9.98
10441,4/24/2023 1:13:00 PM,-10.16
10441,4/24/2023 1:13:00 PM,-10.10
10441,4/24/2023 1:14:00 PM,-10.40
10441,4/24/2023 1:14:00 PM,-10.04
10441,4/24/2023 1:14:00 PM,-10.16
10441,4/24/2023 1:14:00 PM,-10.40
10441,4/24/2023 1:14:00 PM,-10.22
10441,4/24/2023 1:14:00 PM,-10.10
10441,4/24/2023 1:14:00 PM,-10.22
10441,4/24/2023 1:14:00 PM,-10.10
10441,4/24/2023 1:14:00 PM,-10.04
10441,4/24/2023 1:14:00 PM,-10.10
10441,4/24/2023 1:15:00 PM,-10.22
10441,4/24/2023 1:15:00 PM,-10.16
10441,4/24/2023 1:15:00 PM,-10.22
10441,4/24/2023 1:15:00 PM,-10.40
10441,4/24/2023 1:15:00 PM,-9.86
10441,4/24/2023 1:15:00 PM,-10.22
10441,4/24/2023 1:15:00 PM,-10.16
10441,4/24/2023 1:15:00 PM,-10.22
10441,4/24/2023 1:15:00 PM,-10.16
10441,4/24/2023 1:16:00 PM,-10.16
10441,4/24/2023 1:16:00 PM,-10.22
10441,4/24/2023 1:16:00 PM,-9.56
10441,4/24/2023 1:16:00 PM,-10.04
10441,4/24/2023 1:16:00 PM,-10.10
10441,4/24/2023 1:16:00 PM,-10.16
10441,4/24/2023 1:16:00 PM,-10.10
10441,4/24/2023 1:17:00 PM,-10.16
10441,4/24/2023 1:17:00 PM,-10.57
10441,4/24/2023 1:17:00 PM,-10.16
10441,4/24/2023 1:17:00 PM,-10.04
10441,4/24/2023 1:17:00 PM,-10.22
10441,4/24/2023 1:17:00 PM,-10.16
10441,4/24/2023 1:17:00 PM,-10.10
10441,4/24/2023 1:17:00 PM,-10.04
10441,4/24/2023 1:17:00 PM,-10.22
10441,4/24/2023 1:17:00 PM,-10.04
10441,4/24/2023 1:18:00 PM,-10.16
10441,4/24/2023 1:18:00 PM,-10.10
10441,4/24/2023 1:18:00 PM,-10.16
10441,4/24/2023 1:18:00 PM,-10.22
10441,4/24/2023 1:18:00 PM,-10.10
10441,4/24/2023 1:18:00 PM,-10.16
10441,4/24/2023 1:18:00 PM,-9.98
10441,4/24/2023 1:18:00 PM,-10.16
10441,4/24/2023 1:18:00 PM,-10.10
10441,4/24/2023 1:18:00 PM,-10.34
10441,4/24/2023 1:18:00 PM,-10.16
10441,4/24/2023 1:18:00 PM,-10.22
10441,4/24/2023 1:19:00 PM,-10.40
10441,4/24/2023 1:19:00 PM,-10.10
10441,4/24/2023 1:19:00 PM,-10.22
10441,4/24/2023 1:19:00 PM,-10.16
10441,4/24/2023 1:19:00 PM,-9.98
10441,4/24/2023 1:19:00 PM,-10.57
10441,4/24/2023 1:19:00 PM,-9.92
10441,4/24/2023 1:19:00 PM,-10.04
10441,4/24/2023 1:19:00 PM,-10.16
10441,4/24/2023 1:19:00 PM,-10.16
10441,4/24/2023 1:19:00 PM,-10.34
10441,4/24/2023 1:19:00 PM,-10.16
10441,4/24/2023 1:19:00 PM,-10.04
10441,4/24/2023 1:19:00 PM,-10.16
10441,4/24/2023 1:19:00 PM,-10.04
10441,4/24/2023 1:20:00 PM,-10.10
10441,4/24/2023 1:20:00 PM,-10.04
10441,4/24/2023 1:20:00 PM,-9.98
10441,4/24/2023 1:20:00 PM,-10.34
10441,4/24/2023 1:20:00 PM,-10.10
10441,4/24/2023 1:20:00 PM,-10.16
10441,4/24/2023 1:20:00 PM,-9.74
10441,4/24/2023 1:20:00 PM,-10.34
10441,4/24/2023 1:20:00 PM,-10.16
10441,4/24/2023 1:20:00 PM,-10.04
10441,4/24/2023 1:21:00 PM,-10.16
10441,4/24/2023 1:21:00 PM,-10.04
10441,4/24/2023 1:21:00 PM,-10.10
10441,4/24/2023 1:21:00 PM,-10.22
10441,4/24/2023 1:21:00 PM,-10.16
10441,4/24/2023 1:21:00 PM,-10.10
10441,4/24/2023 1:22:00 PM,-10.22
10441,4/24/2023 1:22:00 PM,-10.16
10441,4/24/2023 1:22:00 PM,-10.04
10441,4/24/2023 1:23:00 PM,-9.98
10441,4/24/2023 1:23:00 PM,-10.04
10441,4/24/2023 1:23:00 PM,-9.98
10441,4/24/2023 1:23:00 PM,-10.04
10441,4/24/2023 1:24:00 PM,-9.98
10441,4/24/2023 1:24:00 PM,-10.57
10441,4/24/2023 1:24:00 PM,-10.10
10441,4/24/2023 1:24:00 PM,-10.28
10441,4/24/2023 1:24:00 PM,-10.22
10441,4/24/2023 1:24:00 PM,-10.10
10441,4/24/2023 1:24:00 PM,-10.04
10441,4/24/2023 1:25:00 PM,-10.10
10441,4/24/2023 1:25:00 PM,-10.22
10441,4/24/2023 1:25:00 PM,-10.04
10441,4/24/2023 1:26:00 PM,-9.98
10441,4/24/2023 1:26:00 PM,-10.10
10441,4/24/2023 1:26:00 PM,-10.04
10441,4/24/2023 1:26:00 PM,-9.98
10441,4/24/2023 1:26:00 PM,-9.86
10441,4/24/2023 1:26:00 PM,-10.10
10441,4/24/2023 1:26:00 PM,-9.98
10441,4/24/2023 1:26:00 PM,-10.04
10441,4/24/2023 1:26:00 PM,-9.92
10441,4/24/2023 1:26:00 PM,-10.04
10441,4/24/2023 1:26:00 PM,-10.22
10441,4/24/2023 1:26:00 PM,-10.28
10441,4/24/2023 1:27:00 PM,-9.92
10441,4/24/2023 1:27:00 PM,-10.16
10441,4/24/2023 1:27:00 PM,-10.04
10441,4/24/2023 1:27:00 PM,-10.16
10441,4/24/2023 1:27:00 PM,-10.34
10441,4/24/2023 1:27:00 PM,-10.22
10441,4/24/2023 1:27:00 PM,-10.10
10441,4/24/2023 1:27:00 PM,-10.04
10441,4/24/2023 1:27:00 PM,-9.98
10441,4/24/2023 1:27:00 PM,-10.16
10441,4/24/2023 1:27:00 PM,-10.22
10441,4/24/2023 1:27:00 PM,-10.16
10441,4/24/2023 1:28:00 PM,-10.34
10441,4/24/2023 1:28:00 PM,-10.57
10441,4/24/2023 1:28:00 PM,-10.28
10441,4/24/2023 1:28:00 PM,-9.98
10441,4/24/2023 1:28:00 PM,-10.04
10441,4/24/2023 1:28:00 PM,-10.22
10441,4/24/2023 1:28:00 PM,-10.16
10441,4/24/2023 1:28:00 PM,-10.10
10441,4/24/2023 1:28:00 PM,-10.22
10441,4/24/2023 1:28:00 PM,-10.16
10441,4/24/2023 1:28:00 PM,-10.34
10441,4/24/2023 1:29:00 PM,-10.22
10441,4/24/2023 1:29:00 PM,-10.16
10441,4/24/2023 1:29:00 PM,-10.10
10441,4/24/2023 1:29:00 PM,-10.22
10441,4/24/2023 1:29:00 PM,-9.80
10441,4/24/2023 1:29:00 PM,-10.04
10441,4/24/2023 1:29:00 PM,-10.22
10441,4/24/2023 1:29:00 PM,-10.10
10441,4/24/2023 1:29:00 PM,-10.22
10441,4/24/2023 1:29:00 PM,-10.28
10441,4/24/2023 1:29:00 PM,-10.22
10441,4/24/2023 1:30:00 PM,-10.04
10441,4/24/2023 1:30:00 PM,-10.22
10441,4/24/2023 1:30:00 PM,-9.98
10441,4/24/2023 1:30:00 PM,-10.69
10441,4/24/2023 1:30:00 PM,-10.16
10441,4/24/2023 1:30:00 PM,-10.04
10441,4/24/2023 1:30:00 PM,-9.98
10441,4/24/2023 1:30:00 PM,-10.16
10441,4/24/2023 1:30:00 PM,-10.04
10441,4/24/2023 1:30:00 PM,-10.40
10441,4/24/2023 1:31:00 PM,-10.16
10441,4/24/2023 1:31:00 PM,-10.10
10441,4/24/2023 1:31:00 PM,-10.45
10441,4/24/2023 1:31:00 PM,-10.22
10441,4/24/2023 1:31:00 PM,-9.98
10441,4/24/2023 1:31:00 PM,-10.10
10441,4/24/2023 1:31:00 PM,-10.04
10441,4/24/2023 1:32:00 PM,-10.22
10441,4/24/2023 1:32:00 PM,-10.16
10441,4/24/2023 1:32:00 PM,-10.10
10441,4/24/2023 1:32:00 PM,-10.16
10441,4/24/2023 1:32:00 PM,-10.10
10441,4/24/2023 1:32:00 PM,-10.04
10441,4/24/2023 1:33:00 PM,-10.10
10441,4/24/2023 1:33:00 PM,-9.92
10441,4/24/2023 1:33:00 PM,-10.04
10441,4/24/2023 1:33:00 PM,-9.98
10441,4/24/2023 1:33:00 PM,-10.10
10441,4/24/2023 1:33:00 PM,-10.04
10441,4/24/2023 1:33:00 PM,-10.04
10441,4/24/2023 1:33:00 PM,-10.28
10441,4/24/2023 1:33:00 PM,-10.16
10441,4/24/2023 1:33:00 PM,-10.22
10441,4/24/2023 1:33:00 PM,-10.40
10441,4/24/2023 1:33:00 PM,-10.10
10441,4/24/2023 1:33:00 PM,-10.16
10441,4/24/2023 1:33:00 PM,-9.98
10441,4/24/2023 1:33:00 PM,-10.16
10441,4/24/2023 1:34:00 PM,-10.10
10441,4/24/2023 1:34:00 PM,-10.40
10441,4/24/2023 1:34:00 PM,-10.22
10441,4/24/2023 1:34:00 PM,-10.04
10441,4/24/2023 1:34:00 PM,-10.10
10441,4/24/2023 1:34:00 PM,-10.22
10441,4/24/2023 1:34:00 PM,-10.16
10441,4/24/2023 1:34:00 PM,-10.34
10441,4/24/2023 1:34:00 PM,-10.16
10441,4/24/2023 1:34:00 PM,-10.22
10441,4/24/2023 1:34:00 PM,-10.16
10441,4/24/2023 1:35:00 PM,-10.10
10441,4/24/2023 1:35:00 PM,-10.16
10441,4/24/2023 1:35:00 PM,-10.22
10441,4/24/2023 1:35:00 PM,-10.16
10441,4/24/2023 1:35:00 PM,-10.22
10441,4/24/2023 1:36:00 PM,-10.16
10441,4/24/2023 1:36:00 PM,-10.22
10441,4/24/2023 1:36:00 PM,-10.16
10441,4/24/2023 1:37:00 PM,-10.22
10441,4/24/2023 1:37:00 PM,-10.16
10441,4/24/2023 1:37:00 PM,-10.40
10441,4/24/2023 1:37:00 PM,-10.22
10441,4/24/2023 1:37:00 PM,-10.16
10441,4/24/2023 1:37:00 PM,-10.51
10441,4/24/2023 1:37:00 PM,-10.34
10441,4/24/2023 1:37:00 PM,-10.40
10441,4/24/2023 1:37:00 PM,-10.28
10441,4/24/2023 1:37:00 PM,-10.22
10441,4/24/2023 1:38:00 PM,-10.28
10441,4/24/2023 1:38:00 PM,-10.34
10441,4/24/2023 1:38:00 PM,-10.22
10441,4/24/2023 1:38:00 PM,-10.16
10441,4/24/2023 1:38:00 PM,-10.22
10441,4/24/2023 1:38:00 PM,-10.51
10441,4/24/2023 1:38:00 PM,-10.40
10441,4/24/2023 1:38:00 PM,-10.28
10441,4/24/2023 1:38:00 PM,-10.45
10441,4/24/2023 1:38:00 PM,-10.22
10441,4/24/2023 1:38:00 PM,-10.16
10441,4/24/2023 1:39:00 PM,-10.22
10441,4/24/2023 1:39:00 PM,-10.04
10441,4/24/2023 1:39:00 PM,-10.40
10441,4/24/2023 1:39:00 PM,-10.22
10441,4/24/2023 1:39:00 PM,-10.34
10441,4/24/2023 1:39:00 PM,-10.04
10441,4/24/2023 1:39:00 PM,-10.10
10441,4/24/2023 1:39:00 PM,-10.16
10441,4/24/2023 1:39:00 PM,-10.16
10441,4/24/2023 1:39:00 PM,-10.22
10441,4/24/2023 1:39:00 PM,-10.10
10441,4/24/2023 1:39:00 PM,-10.34
10441,4/24/2023 1:40:00 PM,-10.16
10441,4/24/2023 1:40:00 PM,-10.16
10441,4/24/2023 1:40:00 PM,-10.40
10441,4/24/2023 1:40:00 PM,-10.22
10441,4/24/2023 1:40:00 PM,-10.16
10441,4/24/2023 1:40:00 PM,-10.28
10441,4/24/2023 1:40:00 PM,-10.10
10441,4/24/2023 1:40:00 PM,-10.22
10441,4/24/2023 1:40:00 PM,-10.28
10441,4/24/2023 1:41:00 PM,-9.98
10441,4/24/2023 1:41:00 PM,-10.22
10441,4/24/2023 1:41:00 PM,-9.98
10441,4/24/2023 1:41:00 PM,-10.16
10441,4/24/2023 1:41:00 PM,-10.10
10441,4/24/2023 1:41:00 PM,-10.04
10441,4/24/2023 1:41:00 PM,-10.10
10441,4/24/2023 1:41:00 PM,-10.16
10441,4/24/2023 1:41:00 PM,-10.22
10441,4/24/2023 1:42:00 PM,-10.16
10441,4/24/2023 1:42:00 PM,-10.40
10441,4/24/2023 1:42:00 PM,-10.28
10441,4/24/2023 1:42:00 PM,-10.16
10441,4/24/2023 1:42:00 PM,-10.22
10441,4/24/2023 1:42:00 PM,-10.28
10441,4/24/2023 1:42:00 PM,-10.34
10441,4/24/2023 1:42:00 PM,-10.28
10441,4/24/2023 1:43:00 PM,-10.34
10441,4/24/2023 1:43:00 PM,-10.40
10441,4/24/2023 1:43:00 PM,-10.34
10441,4/24/2023 1:43:00 PM,-10.28
10441,4/24/2023 1:43:00 PM,-10.22
10441,4/24/2023 1:43:00 PM,-10.28
10441,4/24/2023 1:43:00 PM,-10.87
10441,4/24/2023 1:43:00 PM,-9.98
10441,4/24/2023 1:43:00 PM,-10.75
10441,4/24/2023 1:43:00 PM,-10.40
10441,4/24/2023 1:43:00 PM,-10.16
10441,4/24/2023 1:44:00 PM,-10.28
10441,4/24/2023 1:44:00 PM,-10.16
10441,4/24/2023 1:44:00 PM,-10.34
10441,4/24/2023 1:44:00 PM,-10.04
10441,4/24/2023 1:44:00 PM,-10.28
10441,4/24/2023 1:44:00 PM,-10.34
10441,4/24/2023 1:44:00 PM,-10.28
10441,4/24/2023 1:44:00 PM,-10.22
10441,4/24/2023 1:44:00 PM,-10.28
10441,4/24/2023 1:45:00 PM,-10.22
10441,4/24/2023 1:45:00 PM,-10.16
10441,4/24/2023 1:45:00 PM,-10.22
10441,4/24/2023 1:45:00 PM,-10.16
10441,4/24/2023 1:45:00 PM,-10.22
10441,4/24/2023 1:45:00 PM,-10.16
10441,4/24/2023 1:45:00 PM,-10.10
10441,4/24/2023 1:45:00 PM,-10.34
10441,4/24/2023 1:45:00 PM,-10.16
10441,4/24/2023 1:45:00 PM,-10.22
10441,4/24/2023 1:46:00 PM,-9.98
10441,4/24/2023 1:46:00 PM,-10.10
10441,4/24/2023 1:46:00 PM,-9.80
10441,4/24/2023 1:46:00 PM,-9.98
10441,4/24/2023 1:46:00 PM,-10.16
10441,4/24/2023 1:46:00 PM,-10.04
10441,4/24/2023 1:46:00 PM,-10.10
10441,4/24/2023 1:46:00 PM,-9.74
10441,4/24/2023 1:46:00 PM,-9.98
10441,4/24/2023 1:46:00 PM,-10.34
10441,4/24/2023 1:46:00 PM,-10.16
10441,4/24/2023 1:46:00 PM,-10.10
10441,4/24/2023 1:47:00 PM,-9.92
10441,4/24/2023 1:47:00 PM,-10.22
10441,4/24/2023 1:47:00 PM,-10.10
10441,4/24/2023 1:47:00 PM,-10.04
10441,4/24/2023 1:47:00 PM,-10.22
10441,4/24/2023 1:47:00 PM,-10.16
10441,4/24/2023 1:47:00 PM,-10.28
10441,4/24/2023 1:47:00 PM,-10.10
10441,4/24/2023 1:47:00 PM,-9.74
10441,4/24/2023 1:47:00 PM,-10.34
10441,4/24/2023 1:47:00 PM,-10.22
10441,4/24/2023 1:47:00 PM,-10.16
10441,4/24/2023 1:47:00 PM,-10.10
10441,4/24/2023 1:48:00 PM,-10.34
10441,4/24/2023 1:48:00 PM,-10.28
10441,4/24/2023 1:48:00 PM,-10.16
10441,4/24/2023 1:48:00 PM,-10.04
10441,4/24/2023 1:48:00 PM,-10.28
10441,4/24/2023 1:48:00 PM,-10.22
10441,4/24/2023 1:48:00 PM,-10.16
10441,4/24/2023 1:48:00 PM,-10.28
10441,4/24/2023 1:49:00 PM,-10.22
10441,4/24/2023 1:49:00 PM,-10.40
10441,4/24/2023 1:49:00 PM,-10.45
10441,4/24/2023 1:49:00 PM,-10.34
10441,4/24/2023 1:49:00 PM,-10.40
10441,4/24/2023 1:49:00 PM,-10.34
10441,4/24/2023 1:49:00 PM,-10.28
10441,4/24/2023 1:49:00 PM,-10.51
10441,4/24/2023 1:49:00 PM,-10.34
10441,4/24/2023 1:49:00 PM,-10.22
10441,4/24/2023 1:49:00 PM,-10.40
10441,4/24/2023 1:49:00 PM,-10.28
10441,4/24/2023 1:49:00 PM,-10.22
10441,4/24/2023 1:49:00 PM,-10.28
10441,4/24/2023 1:50:00 PM,-10.57
10441,4/24/2023 1:50:00 PM,-10.51
10441,4/24/2023 1:50:00 PM,-10.45
10441,4/24/2023 1:50:00 PM,-10.51
10441,4/24/2023 1:50:00 PM,-10.63
10441,4/24/2023 1:50:00 PM,-10.45
10441,4/24/2023 1:50:00 PM,-10.34
10441,4/24/2023 1:50:00 PM,-10.40
10441,4/24/2023 1:50:00 PM,-10.34
10441,4/24/2023 1:50:00 PM,-10.40
10441,4/24/2023 1:51:00 PM,-10.57
10441,4/24/2023 1:51:00 PM,-10.22
10441,4/24/2023 1:51:00 PM,-10.28
10441,4/24/2023 1:51:00 PM,-10.34
10441,4/24/2023 1:51:00 PM,-10.34
10441,4/24/2023 1:51:00 PM,-10.45
10441,4/24/2023 1:51:00 PM,-10.34
10441,4/24/2023 1:51:00 PM,-10.40
10441,4/24/2023 1:51:00 PM,-10.34
10441,4/24/2023 1:51:00 PM,-10.28
10441,4/24/2023 1:52:00 PM,-10.40
10441,4/24/2023 1:52:00 PM,-10.22
10441,4/24/2023 1:52:00 PM,-10.34
10441,4/24/2023 1:52:00 PM,-10.51
10441,4/24/2023 1:52:00 PM,-10.40
10441,4/24/2023 1:52:00 PM,-10.45
10441,4/24/2023 1:52:00 PM,-10.28
10441,4/24/2023 1:52:00 PM,-10.34
10441,4/24/2023 1:52:00 PM,-10.16
10441,4/24/2023 1:52:00 PM,-10.40
10441,4/24/2023 1:52:00 PM,-10.04
10441,4/24/2023 1:52:00 PM,-10.51
10441,4/24/2023 1:52:00 PM,-10.22
10441,4/24/2023 1:52:00 PM,-10.51
10441,4/24/2023 1:52:00 PM,-10.34
10441,4/24/2023 1:53:00 PM,-10.28
10441,4/24/2023 1:53:00 PM,-10.40
10441,4/24/2023 1:53:00 PM,-10.34
10441,4/24/2023 1:53:00 PM,-10.69
10441,4/24/2023 1:53:00 PM,-10.34
10441,4/24/2023 1:53:00 PM,-10.28
10441,4/24/2023 1:53:00 PM,-10.40
10441,4/24/2023 1:53:00 PM,-10.45
10441,4/24/2023 1:53:00 PM,-10.40
10441,4/24/2023 1:53:00 PM,-10.57
10441,4/24/2023 1:53:00 PM,-10.45
10441,4/24/2023 1:53:00 PM,-10.34
10441,4/24/2023 1:54:00 PM,-10.45
10441,4/24/2023 1:54:00 PM,-10.51
10441,4/24/2023 1:54:00 PM,-10.45
10441,4/24/2023 1:54:00 PM,-10.34
10441,4/24/2023 1:54:00 PM,-10.28
10441,4/24/2023 1:54:00 PM,-10.45
10441,4/24/2023 1:54:00 PM,-10.40
10441,4/24/2023 1:54:00 PM,-10.51
10441,4/24/2023 1:54:00 PM,-10.45
10441,4/24/2023 1:54:00 PM,-10.40
10441,4/24/2023 1:54:00 PM,-10.28
10441,4/24/2023 1:55:00 PM,-10.34
10441,4/24/2023 1:55:00 PM,-9.56
10441,4/24/2023 1:55:00 PM,-10.40
10441,4/24/2023 1:55:00 PM,-10.16
10441,4/24/2023 1:55:00 PM,-10.28
10441,4/24/2023 1:55:00 PM,-10.34
10441,4/24/2023 1:55:00 PM,-10.40
10441,4/24/2023 1:55:00 PM,-10.34
10441,4/24/2023 1:55:00 PM,-10.28
10441,4/24/2023 1:55:00 PM,-10.34
10441,4/24/2023 1:55:00 PM,-10.40
10441,4/24/2023 1:55:00 PM,-10.34
10441,4/24/2023 1:56:00 PM,-10.45
10441,4/24/2023 1:56:00 PM,-10.34
10441,4/24/2023 1:56:00 PM,-10.45
10441,4/24/2023 1:56:00 PM,-10.51
10441,4/24/2023 1:56:00 PM,-10.45
10441,4/24/2023 1:56:00 PM,-10.28
10441,4/24/2023 1:56:00 PM,-10.40
10441,4/24/2023 1:56:00 PM,-10.34
10441,4/24/2023 1:57:00 PM,-10.40
10441,4/24/2023 1:57:00 PM,-10.45
10441,4/24/2023 1:57:00 PM,-10.40
10441,4/24/2023 1:57:00 PM,-10.45
10441,4/24/2023 1:57:00 PM,-10.57
10441,4/24/2023 1:57:00 PM,-10.51
10441,4/24/2023 1:57:00 PM,-10.28
10441,4/24/2023 1:57:00 PM,-11.11
10441,4/24/2023 1:57:00 PM,-10.69
10441,4/24/2023 1:57:00 PM,-10.57
10441,4/24/2023 1:57:00 PM,-10.87
10441,4/24/2023 1:57:00 PM,-10.45
10441,4/24/2023 1:58:00 PM,-10.45
10441,4/24/2023 1:58:00 PM,-10.63
10441,4/24/2023 1:58:00 PM,-10.93
10441,4/24/2023 1:58:00 PM,-10.40
10441,4/24/2023 1:58:00 PM,-10.51
10441,4/24/2023 1:58:00 PM,-10.45
10441,4/24/2023 1:58:00 PM,-10.51
10441,4/24/2023 1:59:00 PM,-10.40
10441,4/24/2023 1:59:00 PM,-10.45
10441,4/24/2023 1:59:00 PM,-10.40
10441,4/24/2023 1:59:00 PM,-10.34
10441,4/24/2023 1:59:00 PM,-10.45
10441,4/24/2023 1:59:00 PM,-10.40
10441,4/24/2023 2:00:00 PM,-10.57
10441,4/24/2023 2:00:00 PM,-10.45
10441,4/24/2023 2:00:00 PM,-10.28
10441,4/24/2023 2:00:00 PM,-10.45
10441,4/24/2023 2:00:00 PM,-10.40
10441,4/24/2023 2:00:00 PM,-10.34
10441,4/24/2023 2:00:00 PM,-10.40
10441,4/24/2023 2:00:00 PM,-10.45
10441,4/24/2023 2:00:00 PM,-10.40
10441,4/24/2023 2:00:00 PM,-10.34
10441,4/24/2023 2:00:00 PM,-10.40
10441,4/24/2023 2:01:00 PM,-10.51
10441,4/24/2023 2:01:00 PM,-10.45
10441,4/24/2023 2:01:00 PM,-10.16
10441,4/24/2023 2:01:00 PM,-10.40
10441,4/24/2023 2:01:00 PM,-10.45
10441,4/24/2023 2:01:00 PM,-10.51
10441,4/24/2023 2:01:00 PM,-10.40
10441,4/24/2023 2:01:00 PM,-10.45
10441,4/24/2023 2:01:00 PM,-10.87
10441,4/24/2023 2:01:00 PM,-10.51
10441,4/24/2023 2:01:00 PM,-10.40
10441,4/24/2023 2:01:00 PM,-10.45
10441,4/24/2023 2:02:00 PM,-10.34
10441,4/24/2023 2:02:00 PM,-10.40
10441,4/24/2023 2:02:00 PM,-10.34
10441,4/24/2023 2:02:00 PM,-10.40
10441,4/24/2023 2:02:00 PM,-10.45
10441,4/24/2023 2:02:00 PM,-10.34
10441,4/24/2023 2:02:00 PM,-10.40
10441,4/24/2023 2:02:00 PM,-10.51
10441,4/24/2023 2:02:00 PM,-10.45
10441,4/24/2023 2:02:00 PM,-10.34
10441,4/24/2023 2:02:00 PM,-10.45
10441,4/24/2023 2:03:00 PM,-10.51
10441,4/24/2023 2:03:00 PM,-10.51
10441,4/24/2023 2:03:00 PM,-10.40
10441,4/24/2023 2:03:00 PM,-10.51
10441,4/24/2023 2:03:00 PM,-10.45
10441,4/24/2023 2:03:00 PM,-10.63
10441,4/24/2023 2:03:00 PM,-10.45
10441,4/24/2023 2:03:00 PM,-10.57
10441,4/24/2023 2:03:00 PM,-10.51
10441,4/24/2023 2:03:00 PM,-10.40
10441,4/24/2023 2:03:00 PM,-10.28
10441,4/24/2023 2:04:00 PM,-10.45
10441,4/24/2023 2:04:00 PM,-10.57
10441,4/24/2023 2:04:00 PM,-10.45
10441,4/24/2023 2:04:00 PM,-10.51
10441,4/24/2023 2:04:00 PM,-10.45
10441,4/24/2023 2:05:00 PM,-10.40
10441,4/24/2023 2:05:00 PM,-10.45
10441,4/24/2023 2:05:00 PM,-10.45
10441,4/24/2023 2:05:00 PM,-10.40
10441,4/24/2023 2:05:00 PM,-10.57
10441,4/24/2023 2:05:00 PM,-10.51
10441,4/24/2023 2:05:00 PM,-10.57
10441,4/24/2023 2:05:00 PM,-10.45
10441,4/24/2023 2:05:00 PM,-10.63
10441,4/24/2023 2:05:00 PM,-10.57
10441,4/24/2023 2:05:00 PM,-10.45
10441,4/24/2023 2:05:00 PM,-10.57
10441,4/24/2023 2:05:00 PM,-10.69
10441,4/24/2023 2:05:00 PM,-10.63
10441,4/24/2023 2:06:00 PM,-10.57
10441,4/24/2023 2:06:00 PM,-10.51
10441,4/24/2023 2:06:00 PM,-10.51
10441,4/24/2023 2:06:00 PM,-10.34
10441,4/24/2023 2:06:00 PM,-10.45
10441,4/24/2023 2:06:00 PM,-10.57
10441,4/24/2023 2:06:00 PM,-10.28
10441,4/24/2023 2:06:00 PM,-10.51
10441,4/24/2023 2:06:00 PM,-10.45
10441,4/24/2023 2:06:00 PM,-10.40
10441,4/24/2023 2:06:00 PM,-10.34
10441,4/24/2023 2:06:00 PM,-10.45
10441,4/24/2023 2:07:00 PM,-10.40
10441,4/24/2023 2:07:00 PM,-10.87
10441,4/24/2023 2:07:00 PM,-10.34
10441,4/24/2023 2:07:00 PM,-10.40
10441,4/24/2023 2:07:00 PM,-10.34
10441,4/24/2023 2:07:00 PM,-10.63
10441,4/24/2023 2:07:00 PM,-10.40
10441,4/24/2023 2:07:00 PM,-10.28
10441,4/24/2023 2:07:00 PM,-10.34
10441,4/24/2023 2:08:00 PM,-10.45
10441,4/24/2023 2:08:00 PM,-10.40
10441,4/24/2023 2:08:00 PM,-10.28
10441,4/24/2023 2:08:00 PM,-10.28
10441,4/24/2023 2:08:00 PM,-10.51
10441,4/24/2023 2:08:00 PM,-10.45
10441,4/24/2023 2:08:00 PM,-10.22
10441,4/24/2023 2:08:00 PM,-10.34
10441,4/24/2023 2:08:00 PM,-10.40
10441,4/24/2023 2:08:00 PM,-10.28
10441,4/24/2023 2:08:00 PM,-10.99
10441,4/24/2023 2:08:00 PM,-10.51
10441,4/24/2023 2:08:00 PM,-10.34
10441,4/24/2023 2:09:00 PM,-10.22
10441,4/24/2023 2:09:00 PM,-10.28
10441,4/24/2023 2:09:00 PM,-10.34
10441,4/24/2023 2:09:00 PM,-10.28
10441,4/24/2023 2:09:00 PM,-10.34
10441,4/24/2023 2:09:00 PM,-10.51
10441,4/24/2023 2:09:00 PM,-10.45
10441,4/24/2023 2:09:00 PM,-9.92
10441,4/24/2023 2:09:00 PM,-10.40
10441,4/24/2023 2:09:00 PM,-10.57
10441,4/24/2023 2:09:00 PM,-10.45
10441,4/24/2023 2:10:00 PM,-10.34
10441,4/24/2023 2:10:00 PM,-10.28
10441,4/24/2023 2:10:00 PM,-10.34
10441,4/24/2023 2:11:00 PM,-10.45
10441,4/24/2023 2:11:00 PM,-10.34
10441,4/24/2023 2:11:00 PM,-10.45
10441,4/24/2023 2:11:00 PM,-10.40
10441,4/24/2023 2:11:00 PM,-10.45
10441,4/24/2023 2:11:00 PM,-10.40
10441,4/24/2023 2:12:00 PM,-10.45
10441,4/24/2023 2:12:00 PM,-10.34
10441,4/24/2023 2:12:00 PM,-10.51
10441,4/24/2023 2:12:00 PM,-10.16
10441,4/24/2023 2:12:00 PM,-10.34
10441,4/24/2023 2:12:00 PM,-10.51
10441,4/24/2023 2:12:00 PM,-10.45
10441,4/24/2023 2:12:00 PM,-10.40
10441,4/24/2023 2:12:00 PM,-10.51
10441,4/24/2023 2:12:00 PM,-10.57
10441,4/24/2023 2:12:00 PM,-10.45
10441,4/24/2023 2:13:00 PM,-10.51
10441,4/24/2023 2:13:00 PM,-10.40
10441,4/24/2023 2:13:00 PM,-10.34
10441,4/24/2023 2:13:00 PM,-10.28
10441,4/24/2023 2:13:00 PM,-10.40
10441,4/24/2023 2:13:00 PM,-10.34
10441,4/24/2023 2:13:00 PM,-10.28
10441,4/24/2023 2:13:00 PM,-10.34
10441,4/24/2023 2:13:00 PM,-10.63
10441,4/24/2023 2:13:00 PM,-10.57
10441,4/24/2023 2:13:00 PM,-10.40
10441,4/24/2023 2:14:00 PM,-10.28
10441,4/24/2023 2:14:00 PM,-10.34
10441,4/24/2023 2:14:00 PM,-10.45
10441,4/24/2023 2:14:00 PM,-10.34
10441,4/24/2023 2:14:00 PM,-10.16
10441,4/24/2023 2:14:00 PM,-10.22
10441,4/24/2023 2:14:00 PM,-10.51
10441,4/24/2023 2:14:00 PM,-10.40
10441,4/24/2023 2:14:00 PM,-10.34
10441,4/24/2023 2:15:00 PM,-10.34
10441,4/24/2023 2:15:00 PM,-10.57
10441,4/24/2023 2:15:00 PM,-10.34
10441,4/24/2023 2:15:00 PM,-10.45
10441,4/24/2023 2:15:00 PM,-10.40
10441,4/24/2023 2:15:00 PM,-10.34
10441,4/24/2023 2:15:00 PM,-10.28
10441,4/24/2023 2:15:00 PM,-10.45
10441,4/24/2023 2:15:00 PM,-10.22
10441,4/24/2023 2:15:00 PM,-10.40
10441,4/24/2023 2:15:00 PM,-10.69
10441,4/24/2023 2:15:00 PM,-10.51
10441,4/24/2023 2:15:00 PM,-10.34
10441,4/24/2023 2:16:00 PM,-10.40
10441,4/24/2023 2:16:00 PM,-10.51
10441,4/24/2023 2:16:00 PM,-10.28
10441,4/24/2023 2:16:00 PM,-10.40
10441,4/24/2023 2:16:00 PM,-10.63
10441,4/24/2023 2:16:00 PM,-10.51
10441,4/24/2023 2:16:00 PM,-10.34
10441,4/24/2023 2:16:00 PM,-10.51
10441,4/24/2023 2:16:00 PM,-10.45
10441,4/24/2023 2:17:00 PM,-10.28
10441,4/24/2023 2:17:00 PM,-10.51
10441,4/24/2023 2:17:00 PM,-10.45
10441,4/24/2023 2:17:00 PM,-10.40
10441,4/24/2023 2:17:00 PM,-10.51
10441,4/24/2023 2:17:00 PM,-10.40
10441,4/24/2023 2:17:00 PM,-10.34
10441,4/24/2023 2:17:00 PM,-10.40
10441,4/24/2023 2:17:00 PM,-10.45
10441,4/24/2023 2:18:00 PM,-10.45
10441,4/24/2023 2:18:00 PM,-10.34
10441,4/24/2023 2:18:00 PM,-10.28
10441,4/24/2023 2:18:00 PM,-10.34
10441,4/24/2023 2:18:00 PM,-10.28
10441,4/24/2023 2:18:00 PM,-10.34
10441,4/24/2023 2:18:00 PM,-10.40
10441,4/24/2023 2:18:00 PM,-10.34
10441,4/24/2023 2:19:00 PM,-10.40
10441,4/24/2023 2:19:00 PM,-10.34
10441,4/24/2023 2:19:00 PM,-10.34
10441,4/24/2023 2:19:00 PM,-10.57
10441,4/24/2023 2:19:00 PM,-10.40
10441,4/24/2023 2:19:00 PM,-10.34
10441,4/24/2023 2:19:00 PM,-10.51
10441,4/24/2023 2:19:00 PM,-10.34
10441,4/24/2023 2:19:00 PM,-10.57
10441,4/24/2023 2:19:00 PM,-10.51
10441,4/24/2023 2:20:00 PM,-10.45
10441,4/24/2023 2:20:00 PM,-10.40
10441,4/24/2023 2:20:00 PM,-10.45
10441,4/24/2023 2:20:00 PM,-10.16
10441,4/24/2023 2:20:00 PM,-10.51
10441,4/24/2023 2:20:00 PM,-10.34
10441,4/24/2023 2:20:00 PM,-10.57
10441,4/24/2023 2:20:00 PM,-10.51
10441,4/24/2023 2:20:00 PM,-10.45
10441,4/24/2023 2:20:00 PM,-10.51
10441,4/24/2023 2:20:00 PM,-10.57
10441,4/24/2023 2:20:00 PM,-10.51
10441,4/24/2023 2:21:00 PM,-10.45
10441,4/24/2023 2:21:00 PM,-10.51
10441,4/24/2023 2:21:00 PM,-10.57
10441,4/24/2023 2:21:00 PM,-10.51
10441,4/24/2023 2:21:00 PM,-10.45
10441,4/24/2023 2:21:00 PM,-10.40
10441,4/24/2023 2:21:00 PM,-10.45
10441,4/24/2023 2:21:00 PM,-10.40
10441,4/24/2023 2:21:00 PM,-10.51
10441,4/24/2023 2:22:00 PM,-10.34
10441,4/24/2023 2:22:00 PM,-10.57
10441,4/24/2023 2:22:00 PM,-10.45
10441,4/24/2023 2:22:00 PM,-10.51
10441,4/24/2023 2:22:00 PM,-10.28
10441,4/24/2023 2:22:00 PM,-10.57
10441,4/24/2023 2:22:00 PM,-10.45
10441,4/24/2023 2:22:00 PM,-10.57
10441,4/24/2023 2:22:00 PM,-10.81
10441,4/24/2023 2:22:00 PM,-10.69
10441,4/24/2023 2:22:00 PM,-10.57
10441,4/24/2023 2:22:00 PM,-10.04
10441,4/24/2023 2:23:00 PM,-10.51
10441,4/24/2023 2:23:00 PM,-10.57
10441,4/24/2023 2:23:00 PM,-10.45
10441,4/24/2023 2:23:00 PM,-10.63
10441,4/24/2023 2:23:00 PM,-10.57
10441,4/24/2023 2:23:00 PM,-10.63
10441,4/24/2023 2:23:00 PM,-10.51
10441,4/24/2023 2:23:00 PM,-10.63
10441,4/24/2023 2:23:00 PM,-10.75
10441,4/24/2023 2:23:00 PM,-10.57
10441,4/24/2023 2:23:00 PM,-10.63
10441,4/24/2023 2:24:00 PM,-10.51
10441,4/24/2023 2:24:00 PM,-10.57
10441,4/24/2023 2:24:00 PM,-10.51
10441,4/24/2023 2:24:00 PM,-10.63
10441,4/24/2023 2:24:00 PM,-10.93
10441,4/24/2023 2:24:00 PM,-10.57
10441,4/24/2023 2:24:00 PM,-10.51
10441,4/24/2023 2:24:00 PM,-10.45
10441,4/24/2023 2:24:00 PM,-10.87
10441,4/24/2023 2:24:00 PM,-10.51
10441,4/24/2023 2:24:00 PM,-10.57
10441,4/24/2023 2:25:00 PM,-10.69
10441,4/24/2023 2:25:00 PM,-10.57
10441,4/24/2023 2:25:00 PM,-10.45
10441,4/24/2023 2:25:00 PM,-10.51
10441,4/24/2023 2:25:00 PM,-10.63
10441,4/24/2023 2:25:00 PM,-10.57
10441,4/24/2023 2:25:00 PM,-10.63
10441,4/24/2023 2:25:00 PM,-10.69
10441,4/24/2023 2:25:00 PM,-10.75
10441,4/24/2023 2:25:00 PM,-10.63
10441,4/24/2023 2:25:00 PM,-10.57
10441,4/24/2023 2:25:00 PM,-10.69
10441,4/24/2023 2:26:00 PM,-10.63
10441,4/24/2023 2:26:00 PM,-10.63
10441,4/24/2023 2:26:00 PM,-10.57
10441,4/24/2023 2:26:00 PM,-10.75
10441,4/24/2023 2:26:00 PM,-10.57
10441,4/24/2023 2:26:00 PM,-10.87
10441,4/24/2023 2:26:00 PM,-10.63
10441,4/24/2023 2:26:00 PM,-10.57
10441,4/24/2023 2:27:00 PM,-10.69
10441,4/24/2023 2:27:00 PM,-10.75
10441,4/24/2023 2:27:00 PM,-10.63
10441,4/24/2023 2:27:00 PM,-10.69
10441,4/24/2023 2:27:00 PM,-10.51
10441,4/24/2023 2:27:00 PM,-10.75
10441,4/24/2023 2:27:00 PM,-10.63
10441,4/24/2023 2:27:00 PM,-10.69
10441,4/24/2023 2:27:00 PM,-10.63
10441,4/24/2023 2:27:00 PM,-10.57
10441,4/24/2023 2:27:00 PM,-10.63
10441,4/24/2023 2:27:00 PM,-10.57
10441,4/24/2023 2:28:00 PM,-10.69
10441,4/24/2023 2:28:00 PM,-10.51
10441,4/24/2023 2:28:00 PM,-10.63
10441,4/24/2023 2:28:00 PM,-10.57
10441,4/24/2023 2:28:00 PM,-10.87
10441,4/24/2023 2:28:00 PM,-10.63
10441,4/24/2023 2:28:00 PM,-10.57
10441,4/24/2023 2:28:00 PM,-10.63
10441,4/24/2023 2:28:00 PM,-10.75
10441,4/24/2023 2:28:00 PM,-10.63
10441,4/24/2023 2:28:00 PM,-10.69
10441,4/24/2023 2:28:00 PM,-10.57
10441,4/24/2023 2:29:00 PM,-10.87
10441,4/24/2023 2:29:00 PM,-10.51
10441,4/24/2023 2:29:00 PM,-10.57
10441,4/24/2023 2:29:00 PM,-10.63
10441,4/24/2023 2:29:00 PM,-10.63
10441,4/24/2023 2:29:00 PM,-10.57
10441,4/24/2023 2:29:00 PM,-10.69
10441,4/24/2023 2:29:00 PM,-10.28
10441,4/24/2023 2:29:00 PM,-10.63
10441,4/24/2023 2:29:00 PM,-10.69
10441,4/24/2023 2:30:00 PM,-10.57
10441,4/24/2023 2:30:00 PM,-10.40
10441,4/24/2023 2:30:00 PM,-10.51
10441,4/24/2023 2:30:00 PM,-10.69
10441,4/24/2023 2:30:00 PM,-10.63
10441,4/24/2023 2:30:00 PM,-10.69
10441,4/24/2023 2:30:00 PM,-10.63
10441,4/24/2023 2:31:00 PM,-10.69
10441,4/24/2023 2:31:00 PM,-10.75
10441,4/24/2023 2:31:00 PM,-10.63
10441,4/24/2023 2:31:00 PM,-10.69
10441,4/24/2023 2:31:00 PM,-10.57
10441,4/24/2023 2:31:00 PM,-10.63
10441,4/24/2023 2:31:00 PM,-10.69
10441,4/24/2023 2:31:00 PM,-10.57
10441,4/24/2023 2:31:00 PM,-10.63
10441,4/24/2023 2:31:00 PM,-10.57
10441,4/24/2023 2:32:00 PM,-10.75
10441,4/24/2023 2:32:00 PM,-10.69
10441,4/24/2023 2:32:00 PM,-10.63
10441,4/24/2023 2:32:00 PM,-10.69
10441,4/24/2023 2:32:00 PM,-10.63
10441,4/24/2023 2:32:00 PM,-10.69
10441,4/24/2023 2:32:00 PM,-10.57
10441,4/24/2023 2:32:00 PM,-10.93
10441,4/24/2023 2:33:00 PM,-10.75
10441,4/24/2023 2:33:00 PM,-10.69
10441,4/24/2023 2:33:00 PM,-10.63
10441,4/24/2023 2:33:00 PM,-10.16
10441,4/24/2023 2:33:00 PM,-10.63
10441,4/24/2023 2:33:00 PM,-10.57
10441,4/24/2023 2:33:00 PM,-10.63
10441,4/24/2023 2:33:00 PM,-10.75
10441,4/24/2023 2:33:00 PM,-10.51
10441,4/24/2023 2:33:00 PM,-10.34
10441,4/24/2023 2:33:00 PM,-10.69
10441,4/24/2023 2:34:00 PM,-10.57
10441,4/24/2023 2:34:00 PM,-10.69
10441,4/24/2023 2:34:00 PM,-10.22
10441,4/24/2023 2:34:00 PM,-10.51
10441,4/24/2023 2:34:00 PM,-10.57
10441,4/24/2023 2:34:00 PM,-10.63
10441,4/24/2023 2:34:00 PM,-10.51
10441,4/24/2023 2:34:00 PM,-10.63
10441,4/24/2023 2:34:00 PM,-10.57
10441,4/24/2023 2:34:00 PM,-10.51
10441,4/24/2023 2:35:00 PM,-10.57
10441,4/24/2023 2:35:00 PM,-10.51
10441,4/24/2023 2:35:00 PM,-10.04
10441,4/24/2023 2:35:00 PM,-10.87
10441,4/24/2023 2:35:00 PM,-10.69
10441,4/24/2023 2:35:00 PM,-10.75
10441,4/24/2023 2:35:00 PM,-10.69
10441,4/24/2023 2:35:00 PM,-10.63
10441,4/24/2023 2:35:00 PM,-10.75
10441,4/24/2023 2:35:00 PM,-10.69
10441,4/24/2023 2:35:00 PM,-10.75
10441,4/24/2023 2:36:00 PM,-10.87
10441,4/24/2023 2:36:00 PM,-10.63
10441,4/24/2023 2:36:00 PM,-10.81
10441,4/24/2023 2:36:00 PM,-10.63
10441,4/24/2023 2:36:00 PM,-10.63
10441,4/24/2023 2:36:00 PM,-10.81
10441,4/24/2023 2:36:00 PM,-10.69
10441,4/24/2023 2:36:00 PM,-10.63
10441,4/24/2023 2:36:00 PM,-10.75
10441,4/24/2023 2:36:00 PM,-10.57
10441,4/24/2023 2:37:00 PM,-10.57
10441,4/24/2023 2:37:00 PM,-10.63
10441,4/24/2023 2:37:00 PM,-10.69
10441,4/24/2023 2:37:00 PM,-10.63
10441,4/24/2023 2:37:00 PM,-10.81
10441,4/24/2023 2:37:00 PM,-10.69
10441,4/24/2023 2:37:00 PM,-10.63
10441,4/24/2023 2:37:00 PM,-10.34
10441,4/24/2023 2:37:00 PM,-10.57
10441,4/24/2023 2:38:00 PM,-10.75
10441,4/24/2023 2:38:00 PM,-10.63
10441,4/24/2023 2:38:00 PM,-10.45
10441,4/24/2023 2:38:00 PM,-10.69
10441,4/24/2023 2:38:00 PM,-10.63
10441,4/24/2023 2:38:00 PM,-10.87
10441,4/24/2023 2:38:00 PM,-10.63
10441,4/24/2023 2:38:00 PM,-10.51
10441,4/24/2023 2:38:00 PM,-10.69
10441,4/24/2023 2:38:00 PM,-10.57
10441,4/24/2023 2:39:00 PM,-10.69
10441,4/24/2023 2:39:00 PM,-10.87
10441,4/24/2023 2:39:00 PM,-10.57
10441,4/24/2023 2:39:00 PM,-10.63
10441,4/24/2023 2:39:00 PM,-10.51
10441,4/24/2023 2:39:00 PM,-10.63
10441,4/24/2023 2:39:00 PM,-10.57
10441,4/24/2023 2:39:00 PM,-10.75
10441,4/24/2023 2:40:00 PM,-10.63
10441,4/24/2023 2:40:00 PM,-10.69
10441,4/24/2023 2:40:00 PM,-10.75
10441,4/24/2023 2:40:00 PM,-10.81
10441,4/24/2023 2:40:00 PM,-10.57
10441,4/24/2023 2:40:00 PM,-10.75
10441,4/24/2023 2:40:00 PM,-10.69
10441,4/24/2023 2:40:00 PM,-10.63
10441,4/24/2023 2:40:00 PM,-10.69
10441,4/24/2023 2:41:00 PM,-10.75
10441,4/24/2023 2:41:00 PM,-10.69
10441,4/24/2023 2:41:00 PM,-10.81
10441,4/24/2023 2:41:00 PM,-10.63
10441,4/24/2023 2:41:00 PM,-10.69
10441,4/24/2023 2:41:00 PM,-11.29
10441,4/24/2023 2:42:00 PM,-10.75
10441,4/24/2023 2:42:00 PM,-10.81
10441,4/24/2023 2:42:00 PM,-10.69
10441,4/24/2023 2:42:00 PM,-10.81
10441,4/24/2023 2:42:00 PM,-10.93
10441,4/24/2023 2:42:00 PM,-10.69
10441,4/24/2023 2:42:00 PM,-10.63
10441,4/24/2023 2:42:00 PM,-10.75
10441,4/24/2023 2:42:00 PM,-10.99
10441,4/24/2023 2:42:00 PM,-10.87
10441,4/24/2023 2:42:00 PM,-10.87
10441,4/24/2023 2:42:00 PM,-10.63
10441,4/24/2023 2:43:00 PM,-10.87
10441,4/24/2023 2:43:00 PM,-10.75
10441,4/24/2023 2:43:00 PM,-10.81
10441,4/24/2023 2:43:00 PM,-10.69
10441,4/24/2023 2:43:00 PM,-10.75
10441,4/24/2023 2:43:00 PM,-10.93
10441,4/24/2023 2:43:00 PM,-11.17
10441,4/24/2023 2:43:00 PM,-11.05
10441,4/24/2023 2:43:00 PM,-10.69
10441,4/24/2023 2:43:00 PM,-10.81
10441,4/24/2023 2:43:00 PM,-10.87
10441,4/24/2023 2:43:00 PM,-10.45
10441,4/24/2023 2:43:00 PM,-10.81
10441,4/24/2023 2:44:00 PM,-10.93
10441,4/24/2023 2:44:00 PM,-11.11
10441,4/24/2023 2:44:00 PM,-10.57
10441,4/24/2023 2:44:00 PM,-10.75
10441,4/24/2023 2:44:00 PM,-10.93
10441,4/24/2023 2:44:00 PM,-10.87
10441,4/24/2023 2:44:00 PM,-10.75
10441,4/24/2023 2:44:00 PM,-10.81
10441,4/24/2023 2:44:00 PM,-10.75
10441,4/24/2023 2:45:00 PM,-10.87
10441,4/24/2023 2:45:00 PM,-10.81
10441,4/24/2023 2:45:00 PM,-10.69
10441,4/24/2023 2:45:00 PM,-10.75
10441,4/24/2023 2:45:00 PM,-10.87
10441,4/24/2023 2:45:00 PM,-10.45
10441,4/24/2023 2:45:00 PM,-10.75
10441,4/24/2023 2:45:00 PM,-10.87
10441,4/24/2023 2:45:00 PM,-10.75
10441,4/24/2023 2:45:00 PM,-10.69
10441,4/24/2023 2:45:00 PM,-10.75
10441,4/24/2023 2:45:00 PM,-10.99
10441,4/24/2023 2:45:00 PM,-10.81
10441,4/24/2023 2:46:00 PM,-10.87
10441,4/24/2023 2:46:00 PM,-10.81
10441,4/24/2023 2:46:00 PM,-10.75
10441,4/24/2023 2:46:00 PM,-10.81
10441,4/24/2023 2:46:00 PM,-10.63
10441,4/24/2023 2:46:00 PM,-10.75
10441,4/24/2023 2:46:00 PM,-10.69
10441,4/24/2023 2:46:00 PM,-10.75
10441,4/24/2023 2:46:00 PM,-10.69
10441,4/24/2023 2:47:00 PM,-10.87
10441,4/24/2023 2:47:00 PM,-10.75
10441,4/24/2023 2:47:00 PM,-10.81
10441,4/24/2023 2:47:00 PM,-10.63
10441,4/24/2023 2:47:00 PM,-10.57
10441,4/24/2023 2:47:00 PM,-10.63
10441,4/24/2023 2:48:00 PM,-10.75
10441,4/24/2023 2:48:00 PM,-10.69
10441,4/24/2023 2:48:00 PM,-10.81
10441,4/24/2023 2:48:00 PM,-10.69
10441,4/24/2023 2:48:00 PM,-10.81
10441,4/24/2023 2:48:00 PM,-10.75
10441,4/24/2023 2:48:00 PM,-10.69
10441,4/24/2023 2:49:00 PM,-10.81
10441,4/24/2023 2:49:00 PM,-10.75
10441,4/24/2023 2:49:00 PM,-10.69
10441,4/24/2023 2:49:00 PM,-10.63
10441,4/24/2023 2:49:00 PM,-10.75
10441,4/24/2023 2:49:00 PM,-10.63
10441,4/24/2023 2:49:00 PM,-10.75
10441,4/24/2023 2:49:00 PM,-10.63
10441,4/24/2023 2:50:00 PM,-10.69
10441,4/24/2023 2:50:00 PM,-10.57
10441,4/24/2023 2:50:00 PM,-10.45
10441,4/24/2023 2:50:00 PM,-10.57
10441,4/24/2023 2:50:00 PM,-10.75
10441,4/24/2023 2:50:00 PM,-10.69
10441,4/24/2023 2:50:00 PM,-10.75
10441,4/24/2023 2:50:00 PM,-10.69
10441,4/24/2023 2:51:00 PM,-10.75
10441,4/24/2023 2:51:00 PM,-10.69
10441,4/24/2023 2:51:00 PM,-10.75
10441,4/24/2023 2:51:00 PM,-10.81
10441,4/24/2023 2:52:00 PM,-10.81
10441,4/24/2023 2:52:00 PM,-10.93
10441,4/24/2023 2:52:00 PM,-10.69
10441,4/24/2023 2:52:00 PM,-10.81
10441,4/24/2023 2:52:00 PM,-10.69
10441,4/24/2023 2:52:00 PM,-10.63
10441,4/24/2023 2:52:00 PM,-10.57
10441,4/24/2023 2:52:00 PM,-10.51
10441,4/24/2023 2:52:00 PM,-10.57
10441,4/24/2023 2:52:00 PM,-9.98
10441,4/24/2023 2:52:00 PM,-10.93
10441,4/24/2023 2:52:00 PM,-10.69
10441,4/24/2023 2:53:00 PM,-10.81
10441,4/24/2023 2:53:00 PM,-10.63
10441,4/24/2023 2:53:00 PM,-10.57
10441,4/24/2023 2:53:00 PM,-10.75
10441,4/24/2023 2:53:00 PM,-10.69
10441,4/24/2023 2:53:00 PM,-10.75
10441,4/24/2023 2:53:00 PM,-10.69
10441,4/24/2023 2:53:00 PM,-10.69
10441,4/24/2023 2:53:00 PM,-10.75
10441,4/24/2023 2:53:00 PM,-10.69
10441,4/24/2023 2:53:00 PM,-10.63
10441,4/24/2023 2:53:00 PM,-10.69
10441,4/24/2023 2:53:00 PM,-10.75
10441,4/24/2023 2:54:00 PM,-10.75
10441,4/24/2023 2:54:00 PM,-10.81
10441,4/24/2023 2:54:00 PM,-10.75
10441,4/24/2023 2:54:00 PM,-10.69
10441,4/24/2023 2:54:00 PM,-10.81
10441,4/24/2023 2:54:00 PM,-10.63
10441,4/24/2023 2:54:00 PM,-10.69
10441,4/24/2023 2:54:00 PM,-11.29
10441,4/24/2023 2:54:00 PM,-10.75
10441,4/24/2023 2:55:00 PM,-10.69
10441,4/24/2023 2:55:00 PM,-10.63
10441,4/24/2023 2:55:00 PM,-10.75
10441,4/24/2023 2:55:00 PM,-10.69
10441,4/24/2023 2:55:00 PM,-10.63
10441,4/24/2023 2:55:00 PM,-10.75
10441,4/24/2023 2:56:00 PM,-10.63
10441,4/24/2023 2:56:00 PM,-10.57
10441,4/24/2023 2:56:00 PM,-10.63
10441,4/24/2023 2:56:00 PM,-10.57
10441,4/24/2023 2:56:00 PM,-10.40
10441,4/24/2023 2:56:00 PM,-10.81
10441,4/24/2023 2:56:00 PM,-10.51
10441,4/24/2023 2:56:00 PM,-10.45
10441,4/24/2023 2:56:00 PM,-10.51
10441,4/24/2023 2:56:00 PM,-10.75
10441,4/24/2023 2:56:00 PM,-10.57
10441,4/24/2023 2:57:00 PM,-10.63
10441,4/24/2023 2:57:00 PM,-10.57
10441,4/24/2023 2:57:00 PM,-10.63
10441,4/24/2023 2:57:00 PM,-10.69
10441,4/24/2023 2:57:00 PM,-11.23
10441,4/24/2023 2:57:00 PM,-10.69
10441,4/24/2023 2:57:00 PM,-10.63
10441,4/24/2023 2:57:00 PM,-10.75
10441,4/24/2023 2:57:00 PM,-10.69
10441,4/24/2023 2:58:00 PM,-10.81
10441,4/24/2023 2:58:00 PM,-10.69
10441,4/24/2023 2:58:00 PM,-10.75
10441,4/24/2023 2:58:00 PM,-10.69
10441,4/24/2023 2:58:00 PM,-10.63
10441,4/24/2023 2:58:00 PM,-10.69
10441,4/24/2023 2:58:00 PM,-10.63
10441,4/24/2023 2:58:00 PM,-10.69
10441,4/24/2023 2:59:00 PM,-10.63
10441,4/24/2023 2:59:00 PM,-10.69
10441,4/24/2023 2:59:00 PM,-10.75
10441,4/24/2023 2:59:00 PM,-10.69
10441,4/24/2023 2:59:00 PM,-10.63
10441,4/24/2023 3:00:00 PM,-10.63
10441,4/24/2023 3:00:00 PM,-10.57
10441,4/24/2023 3:00:00 PM,-10.63
10441,4/24/2023 3:00:00 PM,-10.57
10441,4/24/2023 3:00:00 PM,-10.57
10441,4/24/2023 3:00:00 PM,-10.81
10441,4/24/2023 3:00:00 PM,-10.69
10441,4/24/2023 3:01:00 PM,-10.63
10441,4/24/2023 3:01:00 PM,-10.57
10441,4/24/2023 3:01:00 PM,-10.57
10441,4/24/2023 3:01:00 PM,-10.51
10441,4/24/2023 3:01:00 PM,-10.63
10441,4/24/2023 3:01:00 PM,-10.57
10441,4/24/2023 3:01:00 PM,-10.51
10441,4/24/2023 3:01:00 PM,-10.57
10441,4/24/2023 3:01:00 PM,-10.45
10441,4/24/2023 3:01:00 PM,-10.57
10441,4/24/2023 3:01:00 PM,-10.51
10441,4/24/2023 3:01:00 PM,-10.63
10441,4/24/2023 3:02:00 PM,-10.63
10441,4/24/2023 3:02:00 PM,-10.69
10441,4/24/2023 3:02:00 PM,-10.75
10441,4/24/2023 3:02:00 PM,-10.69
10441,4/24/2023 3:03:00 PM,-10.75
10441,4/24/2023 3:03:00 PM,-10.69
10441,4/24/2023 3:03:00 PM,-10.87
10441,4/24/2023 3:03:00 PM,-10.87
10441,4/24/2023 3:03:00 PM,-10.75
10441,4/24/2023 3:03:00 PM,-10.81
10441,4/24/2023 3:03:00 PM,-10.69
10441,4/24/2023 3:03:00 PM,-10.63
10441,4/24/2023 3:03:00 PM,-10.69
10441,4/24/2023 3:04:00 PM,-10.69
10441,4/24/2023 3:04:00 PM,-10.99
10441,4/24/2023 3:04:00 PM,-10.87
10441,4/24/2023 3:04:00 PM,-10.69
10441,4/24/2023 3:04:00 PM,-10.57
10441,4/24/2023 3:04:00 PM,-10.63
10441,4/24/2023 3:04:00 PM,-10.57
10441,4/24/2023 3:04:00 PM,-10.16
10441,4/24/2023 3:04:00 PM,-10.40
10441,4/24/2023 3:04:00 PM,-10.57
10441,4/24/2023 3:05:00 PM,-10.57
10441,4/24/2023 3:05:00 PM,-10.40
10441,4/24/2023 3:05:00 PM,-10.51
10441,4/24/2023 3:05:00 PM,-10.40
10441,4/24/2023 3:05:00 PM,-10.63
10441,4/24/2023 3:05:00 PM,-10.40
10441,4/24/2023 3:05:00 PM,-10.28
10441,4/24/2023 3:05:00 PM,-10.57
10441,4/24/2023 3:05:00 PM,-10.69
10441,4/24/2023 3:05:00 PM,-10.40
10441,4/24/2023 3:05:00 PM,-10.34
10441,4/24/2023 3:05:00 PM,-10.99
10441,4/24/2023 3:06:00 PM,-10.28
10441,4/24/2023 3:06:00 PM,-10.34
10441,4/24/2023 3:06:00 PM,-10.40
10441,4/24/2023 3:06:00 PM,-10.45
10441,4/24/2023 3:06:00 PM,-10.34
10441,4/24/2023 3:06:00 PM,-10.57
10441,4/24/2023 3:07:00 PM,-10.63
10441,4/24/2023 3:07:00 PM,-10.45
10441,4/24/2023 3:07:00 PM,-10.40
10441,4/24/2023 3:07:00 PM,-10.51
10441,4/24/2023 3:07:00 PM,-10.40
10441,4/24/2023 3:07:00 PM,-10.45
10441,4/24/2023 3:07:00 PM,-10.40
10441,4/24/2023 3:07:00 PM,-10.51
10441,4/24/2023 3:07:00 PM,-10.40
10441,4/24/2023 3:08:00 PM,-10.51
10441,4/24/2023 3:08:00 PM,-10.40
10441,4/24/2023 3:08:00 PM,-10.22
10441,4/24/2023 3:08:00 PM,-10.45
10441,4/24/2023 3:08:00 PM,-10.34
10441,4/24/2023 3:08:00 PM,-10.45
10441,4/24/2023 3:08:00 PM,-10.28
10441,4/24/2023 3:08:00 PM,-10.40
10441,4/24/2023 3:08:00 PM,-10.28
10441,4/24/2023 3:08:00 PM,-10.45
10441,4/24/2023 3:09:00 PM,-10.28
10441,4/24/2023 3:09:00 PM,-10.34
10441,4/24/2023 3:09:00 PM,-10.28
10441,4/24/2023 3:09:00 PM,-10.16
10441,4/24/2023 3:09:00 PM,-10.40
10441,4/24/2023 3:09:00 PM,-10.34
10441,4/24/2023 3:09:00 PM,-10.40
10441,4/24/2023 3:09:00 PM,-10.22
10441,4/24/2023 3:09:00 PM,-10.40
10441,4/24/2023 3:09:00 PM,-10.34
10441,4/24/2023 3:10:00 PM,-10.28
10441,4/24/2023 3:10:00 PM,-10.34
10441,4/24/2023 3:10:00 PM,-10.45
10441,4/24/2023 3:10:00 PM,-10.40
10441,4/24/2023 3:10:00 PM,-10.28
10441,4/24/2023 3:10:00 PM,-10.22
10441,4/24/2023 3:10:00 PM,-10.34
10441,4/24/2023 3:10:00 PM,-10.28
10441,4/24/2023 3:11:00 PM,-10.34
10441,4/24/2023 3:11:00 PM,-10.28
10441,4/24/2023 3:11:00 PM,-10.40
10441,4/24/2023 3:11:00 PM,-10.34
10441,4/24/2023 3:11:00 PM,-10.40
10441,4/24/2023 3:12:00 PM,-10.45
10441,4/24/2023 3:12:00 PM,-10.57
10441,4/24/2023 3:12:00 PM,-10.40
10441,4/24/2023 3:12:00 PM,-10.51
10441,4/24/2023 3:12:00 PM,-10.22
10441,4/24/2023 3:12:00 PM,-10.51
10441,4/24/2023 3:12:00 PM,-10.63
10441,4/24/2023 3:12:00 PM,-10.51
10441,4/24/2023 3:12:00 PM,-10.45
10441,4/24/2023 3:12:00 PM,-10.51
10441,4/24/2023 3:13:00 PM,-10.63
10441,4/24/2023 3:13:00 PM,-10.57
10441,4/24/2023 3:13:00 PM,-10.45
10441,4/24/2023 3:13:00 PM,-10.57
10441,4/24/2023 3:13:00 PM,-10.51
10441,4/24/2023 3:13:00 PM,-10.45
10441,4/24/2023 3:13:00 PM,-10.81
10441,4/24/2023 3:13:00 PM,-10.63
10441,4/24/2023 3:13:00 PM,-10.45
10441,4/24/2023 3:13:00 PM,-10.51
10441,4/24/2023 3:13:00 PM,-10.57
10441,4/24/2023 3:14:00 PM,-10.75
10441,4/24/2023 3:14:00 PM,-10.81
10441,4/24/2023 3:14:00 PM,-10.75
10441,4/24/2023 3:14:00 PM,-10.69
10441,4/24/2023 3:14:00 PM,-10.81
10441,4/24/2023 3:14:00 PM,-10.87
10441,4/24/2023 3:14:00 PM,-10.51
10441,4/24/2023 3:14:00 PM,-10.57
10441,4/24/2023 3:14:00 PM,-10.63
10441,4/24/2023 3:14:00 PM,-10.57
10441,4/24/2023 3:14:00 PM,-10.63
10441,4/24/2023 3:14:00 PM,-10.69
10441,4/24/2023 3:15:00 PM,-10.75
10441,4/24/2023 3:15:00 PM,-11.05
10441,4/24/2023 3:15:00 PM,-10.75
10441,4/24/2023 3:15:00 PM,-10.81
10441,4/24/2023 3:15:00 PM,-10.75
10441,4/24/2023 3:15:00 PM,-10.81
10441,4/24/2023 3:15:00 PM,-10.69
10441,4/24/2023 3:16:00 PM,-10.69
10441,4/24/2023 3:16:00 PM,-11.29
10441,4/24/2023 3:16:00 PM,-10.75
10441,4/24/2023 3:16:00 PM,-10.69
10441,4/24/2023 3:16:00 PM,-10.57
10441,4/24/2023 3:16:00 PM,-10.45
10441,4/24/2023 3:16:00 PM,-10.75
10441,4/24/2023 3:16:00 PM,-10.69
10441,4/24/2023 3:16:00 PM,-10.57
10441,4/24/2023 3:16:00 PM,-10.63
10441,4/24/2023 3:17:00 PM,-10.45
10441,4/24/2023 3:17:00 PM,-10.51
10441,4/24/2023 3:17:00 PM,-10.40
10441,4/24/2023 3:17:00 PM,-10.63
10441,4/24/2023 3:17:00 PM,-10.57
10441,4/24/2023 3:17:00 PM,-10.69
10441,4/24/2023 3:17:00 PM,-10.57
10441,4/24/2023 3:17:00 PM,-10.63
10441,4/24/2023 3:17:00 PM,-10.69
10441,4/24/2023 3:17:00 PM,-10.81
10441,4/24/2023 3:17:00 PM,-10.75
10441,4/24/2023 3:18:00 PM,-10.87
10441,4/24/2023 3:18:00 PM,-10.51
10441,4/24/2023 3:18:00 PM,-11.41
10441,4/24/2023 3:18:00 PM,-10.81
10441,4/24/2023 3:18:00 PM,-10.87
10441,4/24/2023 3:18:00 PM,-10.81
10441,4/24/2023 3:18:00 PM,-10.75
10441,4/24/2023 3:18:00 PM,-10.69
10441,4/24/2023 3:18:00 PM,-10.81
10441,4/24/2023 3:18:00 PM,-10.69
10441,4/24/2023 3:18:00 PM,-10.63
10441,4/24/2023 3:18:00 PM,-10.75
10441,4/24/2023 3:18:00 PM,-10.57
10441,4/24/2023 3:19:00 PM,-10.93
10441,4/24/2023 3:19:00 PM,-10.99
10441,4/24/2023 3:19:00 PM,-10.93
10441,4/24/2023 3:19:00 PM,-10.87
10441,4/24/2023 3:19:00 PM,-10.81
10441,4/24/2023 3:19:00 PM,-10.93
10441,4/24/2023 3:19:00 PM,-10.63
10441,4/24/2023 3:20:00 PM,-10.99
10441,4/24/2023 3:20:00 PM,-10.81
10441,4/24/2023 3:20:00 PM,-11.11
10441,4/24/2023 3:20:00 PM,-10.93
10441,4/24/2023 3:20:00 PM,-10.81
10441,4/24/2023 3:20:00 PM,-10.93
10441,4/24/2023 3:20:00 PM,-11.05
10441,4/24/2023 3:20:00 PM,-10.87
10441,4/24/2023 3:20:00 PM,-10.69
10441,4/24/2023 3:20:00 PM,-10.75
10441,4/24/2023 3:20:00 PM,-10.87
10441,4/24/2023 3:20:00 PM,-10.81
10441,4/24/2023 3:20:00 PM,-10.93
10441,4/24/2023 3:21:00 PM,-10.93
10441,4/24/2023 3:21:00 PM,-10.81
10441,4/24/2023 3:21:00 PM,-10.75
10441,4/24/2023 3:21:00 PM,-10.81
10441,4/24/2023 3:21:00 PM,-10.93
10441,4/24/2023 3:21:00 PM,-10.75
10441,4/24/2023 3:21:00 PM,-10.99
10441,4/24/2023 3:21:00 PM,-11.05
10441,4/24/2023 3:21:00 PM,-10.87
10441,4/24/2023 3:22:00 PM,-10.10
10441,4/24/2023 3:22:00 PM,-10.81
10441,4/24/2023 3:22:00 PM,-10.87
10441,4/24/2023 3:22:00 PM,-10.75
10441,4/24/2023 3:22:00 PM,-10.93
10441,4/24/2023 3:23:00 PM,-10.81
10441,4/24/2023 3:23:00 PM,-10.75
10441,4/24/2023 3:23:00 PM,-10.63
10441,4/24/2023 3:23:00 PM,-11.05
10441,4/24/2023 3:23:00 PM,-10.69
10441,4/24/2023 3:23:00 PM,-10.99
10441,4/24/2023 3:23:00 PM,-10.63
10441,4/24/2023 3:23:00 PM,-10.57
10441,4/24/2023 3:23:00 PM,-10.69
10441,4/24/2023 3:23:00 PM,-10.57
10441,4/24/2023 3:24:00 PM,-10.81
10441,4/24/2023 3:24:00 PM,-10.69
10441,4/24/2023 3:24:00 PM,-10.81
10441,4/24/2023 3:24:00 PM,-10.87
10441,4/24/2023 3:24:00 PM,-10.69
10441,4/24/2023 3:24:00 PM,-10.57
10441,4/24/2023 3:24:00 PM,-10.69
10441,4/24/2023 3:24:00 PM,-10.81
10441,4/24/2023 3:24:00 PM,-10.93
10441,4/24/2023 3:25:00 PM,-11.05
10441,4/24/2023 3:25:00 PM,-10.93
10441,4/24/2023 3:25:00 PM,-10.87
10441,4/24/2023 3:25:00 PM,-10.93
10441,4/24/2023 3:25:00 PM,-10.99
10441,4/24/2023 3:25:00 PM,-10.87
10441,4/24/2023 3:25:00 PM,-11.35
10441,4/24/2023 3:25:00 PM,-10.93
10441,4/24/2023 3:26:00 PM,-10.87
10441,4/24/2023 3:26:00 PM,-10.81
10441,4/24/2023 3:26:00 PM,-11.17
10441,4/24/2023 3:26:00 PM,-10.93
10441,4/24/2023 3:26:00 PM,-10.87
10441,4/24/2023 3:26:00 PM,-10.93
10441,4/24/2023 3:26:00 PM,-11.17
10441,4/24/2023 3:26:00 PM,-11.05
10441,4/24/2023 3:26:00 PM,-10.81
10441,4/24/2023 3:26:00 PM,-10.93
10441,4/24/2023 3:26:00 PM,-10.81
10441,4/24/2023 3:27:00 PM,-10.63
10441,4/24/2023 3:27:00 PM,-10.75
10441,4/24/2023 3:27:00 PM,-10.81
10441,4/24/2023 3:27:00 PM,-10.75
10441,4/24/2023 3:27:00 PM,-10.87
10441,4/24/2023 3:27:00 PM,-10.81
10441,4/24/2023 3:27:00 PM,-10.87
10441,4/24/2023 3:27:00 PM,-10.93
10441,4/24/2023 3:28:00 PM,-10.81
10441,4/24/2023 3:28:00 PM,-10.75
10441,4/24/2023 3:28:00 PM,-10.81
10441,4/24/2023 3:29:00 PM,-10.75
10441,4/24/2023 3:29:00 PM,-10.63
10441,4/24/2023 3:29:00 PM,-10.69
10441,4/24/2023 3:29:00 PM,-10.63
10441,4/24/2023 3:29:00 PM,-10.75
10441,4/24/2023 3:29:00 PM,-10.69
10441,4/24/2023 3:29:00 PM,-10.75
10441,4/24/2023 3:29:00 PM,-10.93
10441,4/24/2023 3:29:00 PM,-10.81
10441,4/24/2023 3:29:00 PM,-10.69
10441,4/24/2023 3:30:00 PM,-10.81
10441,4/24/2023 3:30:00 PM,-10.75
10441,4/24/2023 3:30:00 PM,-10.81
10441,4/24/2023 3:30:00 PM,-10.87
10441,4/24/2023 3:30:00 PM,-10.81
10441,4/24/2023 3:30:00 PM,-10.93
10441,4/24/2023 3:30:00 PM,-10.87
10441,4/24/2023 3:30:00 PM,-10.81
10441,4/24/2023 3:30:00 PM,-10.75
10441,4/24/2023 3:31:00 PM,-10.93
10441,4/24/2023 3:31:00 PM,-10.75
10441,4/24/2023 3:31:00 PM,-10.75
10441,4/24/2023 3:31:00 PM,-10.87
10441,4/24/2023 3:31:00 PM,-10.81
10441,4/24/2023 3:31:00 PM,-10.75
10441,4/24/2023 3:31:00 PM,-10.81
10441,4/24/2023 3:31:00 PM,-10.87
10441,4/24/2023 3:32:00 PM,-10.75
10441,4/24/2023 3:32:00 PM,-10.93
10441,4/24/2023 3:32:00 PM,-10.81
10441,4/24/2023 3:32:00 PM,-10.81
10441,4/24/2023 3:32:00 PM,-10.69
10441,4/24/2023 3:32:00 PM,-10.75
10441,4/24/2023 3:32:00 PM,-10.69
10441,4/24/2023 3:32:00 PM,-10.75
10441,4/24/2023 3:32:00 PM,-10.81
10441,4/24/2023 3:33:00 PM,-10.75
10441,4/24/2023 3:33:00 PM,-10.81
10441,4/24/2023 3:33:00 PM,-10.75
10441,4/24/2023 3:33:00 PM,-10.63
10441,4/24/2023 3:33:00 PM,-10.75
10441,4/24/2023 3:33:00 PM,-10.69
10441,4/24/2023 3:34:00 PM,-10.63
10441,4/24/2023 3:34:00 PM,-10.69
10441,4/24/2023 3:34:00 PM,-10.81
10441,4/24/2023 3:34:00 PM,-10.69
10441,4/24/2023 3:34:00 PM,-10.63
10441,4/24/2023 3:34:00 PM,-10.69
10441,4/24/2023 3:35:00 PM,-10.45
10441,4/24/2023 3:35:00 PM,-10.51
10441,4/24/2023 3:35:00 PM,-10.57
10441,4/24/2023 3:35:00 PM,-10.63
10441,4/24/2023 3:35:00 PM,-10.45
10441,4/24/2023 3:35:00 PM,-10.51
10441,4/24/2023 3:35:00 PM,-10.57
10441,4/24/2023 3:36:00 PM,-10.45
10441,4/24/2023 3:36:00 PM,-10.57
10441,4/24/2023 3:36:00 PM,-10.63
10441,4/24/2023 3:36:00 PM,-11.11
10441,4/24/2023 3:36:00 PM,-10.57
10441,4/24/2023 3:36:00 PM,-10.63
10441,4/24/2023 3:36:00 PM,-10.51
10441,4/24/2023 3:36:00 PM,-10.57
10441,4/24/2023 3:36:00 PM,-10.63
10441,4/24/2023 3:36:00 PM,-10.57
10441,4/24/2023 3:36:00 PM,-10.45
10441,4/24/2023 3:37:00 PM,-10.69
10441,4/24/2023 3:37:00 PM,-10.57
10441,4/24/2023 3:37:00 PM,-10.69
10441,4/24/2023 3:37:00 PM,-10.45
10441,4/24/2023 3:37:00 PM,-10.57
10441,4/24/2023 3:37:00 PM,-10.69
10441,4/24/2023 3:37:00 PM,-10.63
10441,4/24/2023 3:37:00 PM,-10.22
10441,4/24/2023 3:38:00 PM,-10.63
10441,4/24/2023 3:38:00 PM,-10.57
10441,4/24/2023 3:38:00 PM,-10.51
10441,4/24/2023 3:38:00 PM,-10.57
10441,4/24/2023 3:38:00 PM,-10.51
10441,4/24/2023 3:38:00 PM,-10.57
10441,4/24/2023 3:38:00 PM,-10.75
10441,4/24/2023 3:39:00 PM,-10.51
10441,4/24/2023 3:39:00 PM,-10.57
10441,4/24/2023 3:39:00 PM,-10.57
10441,4/24/2023 3:39:00 PM,-10.63
10441,4/24/2023 3:39:00 PM,-10.69
10441,4/24/2023 3:39:00 PM,-10.63
10441,4/24/2023 3:39:00 PM,-10.69
10441,4/24/2023 3:39:00 PM,-10.57
10441,4/24/2023 3:39:00 PM,-10.63
10441,4/24/2023 3:39:00 PM,-10.57
10441,4/24/2023 3:39:00 PM,-10.45
10441,4/24/2023 3:39:00 PM,-10.51
10441,4/24/2023 3:39:00 PM,-10.63
10441,4/24/2023 3:40:00 PM,-10.51
10441,4/24/2023 3:40:00 PM,-10.57
10441,4/24/2023 3:40:00 PM,-10.63
10441,4/24/2023 3:40:00 PM,-10.34
10441,4/24/2023 3:40:00 PM,-10.75
10441,4/24/2023 3:40:00 PM,-10.63
10441,4/24/2023 3:40:00 PM,-10.51
10441,4/24/2023 3:40:00 PM,-10.45
10441,4/24/2023 3:40:00 PM,-10.63
10441,4/24/2023 3:41:00 PM,-10.57
10441,4/24/2023 3:41:00 PM,-10.45
10441,4/24/2023 3:41:00 PM,-10.81
10441,4/24/2023 3:41:00 PM,-10.75
10441,4/24/2023 3:41:00 PM,-10.51
10441,4/24/2023 3:41:00 PM,-10.57
10441,4/24/2023 3:41:00 PM,-10.51
10441,4/24/2023 3:41:00 PM,-10.45
10441,4/24/2023 3:41:00 PM,-10.69
10441,4/24/2023 3:42:00 PM,-10.63
10441,4/24/2023 3:42:00 PM,-10.34
10441,4/24/2023 3:42:00 PM,-10.63
10441,4/24/2023 3:42:00 PM,-10.45
10441,4/24/2023 3:42:00 PM,-10.57
10441,4/24/2023 3:42:00 PM,-10.81
10441,4/24/2023 3:42:00 PM,-10.63
10441,4/24/2023 3:42:00 PM,-10.51
10441,4/24/2023 3:42:00 PM,-10.69
10441,4/24/2023 3:42:00 PM,-10.57
10441,4/24/2023 3:43:00 PM,-10.63
10441,4/24/2023 3:43:00 PM,-10.57
10441,4/24/2023 3:43:00 PM,-10.51
10441,4/24/2023 3:44:00 PM,-10.63
10441,4/24/2023 3:44:00 PM,-10.63
10441,4/24/2023 3:44:00 PM,-10.69
10441,4/24/2023 3:44:00 PM,-11.17
10441,4/24/2023 3:44:00 PM,-10.34
10441,4/24/2023 3:44:00 PM,-10.40
10441,4/24/2023 3:44:00 PM,-10.63
10441,4/24/2023 3:44:00 PM,-10.75
10441,4/24/2023 3:45:00 PM,-10.57
10441,4/24/2023 3:45:00 PM,-10.51
10441,4/24/2023 3:46:00 PM,-10.57
10441,4/24/2023 3:46:00 PM,-10.57
10441,4/24/2023 3:46:00 PM,-10.63
10441,4/24/2023 3:46:00 PM,-10.57
10441,4/24/2023 3:46:00 PM,-10.69
10441,4/24/2023 3:46:00 PM,-10.63
10441,4/24/2023 3:46:00 PM,-10.51
10441,4/24/2023 3:47:00 PM,-10.69
10441,4/24/2023 3:47:00 PM,-10.93
10441,4/24/2023 3:47:00 PM,-9.86
10441,4/24/2023 3:47:00 PM,-10.40
10441,4/24/2023 3:47:00 PM,-10.63
10441,4/24/2023 3:47:00 PM,-10.69
10441,4/24/2023 3:47:00 PM,-10.57
10441,4/24/2023 3:47:00 PM,-10.75
10441,4/24/2023 3:47:00 PM,-10.69
10441,4/24/2023 3:48:00 PM,-10.69
10441,4/24/2023 3:48:00 PM,-10.63
10441,4/24/2023 3:48:00 PM,-10.75
10441,4/24/2023 3:49:00 PM,-10.69
10441,4/24/2023 3:49:00 PM,-10.75
10441,4/24/2023 3:49:00 PM,-10.69
10441,4/24/2023 3:49:00 PM,-10.75
10441,4/24/2023 3:49:00 PM,-10.63
10441,4/24/2023 3:49:00 PM,-10.87
10441,4/24/2023 3:49:00 PM,-10.75
10441,4/24/2023 3:50:00 PM,-10.75
10441,4/24/2023 3:50:00 PM,-10.69
10441,4/24/2023 3:50:00 PM,-10.75
10441,4/24/2023 3:50:00 PM,-10.69
10441,4/24/2023 3:50:00 PM,-10.75
10441,4/24/2023 3:50:00 PM,-10.87
10441,4/24/2023 3:50:00 PM,-10.81
10441,4/24/2023 3:51:00 PM,-10.69
10441,4/24/2023 3:51:00 PM,-10.57
10441,4/24/2023 3:51:00 PM,-10.87
10441,4/24/2023 3:51:00 PM,-10.81
10441,4/24/2023 3:51:00 PM,-10.75
10441,4/24/2023 3:51:00 PM,-10.69
10441,4/24/2023 3:51:00 PM,-10.63
10441,4/24/2023 3:51:00 PM,-10.40
10441,4/24/2023 3:51:00 PM,-10.75
10441,4/24/2023 3:51:00 PM,-10.69
10441,4/24/2023 3:51:00 PM,-10.75
10441,4/24/2023 3:52:00 PM,-9.80
10441,4/24/2023 3:52:00 PM,-11.17
10441,4/24/2023 3:52:00 PM,-10.81
10441,4/24/2023 3:52:00 PM,-10.75
10441,4/24/2023 3:52:00 PM,-10.81
10441,4/24/2023 3:52:00 PM,-10.81
10441,4/24/2023 3:52:00 PM,-10.75
10441,4/24/2023 3:52:00 PM,-10.69
10441,4/24/2023 3:52:00 PM,-10.51
10441,4/24/2023 3:53:00 PM,-10.57
10441,4/24/2023 3:53:00 PM,-10.63
10441,4/24/2023 3:53:00 PM,-10.75
10441,4/24/2023 3:53:00 PM,-10.69
10441,4/24/2023 3:53:00 PM,-10.57
10441,4/24/2023 3:53:00 PM,-10.69
10441,4/24/2023 3:53:00 PM,-10.87
10441,4/24/2023 3:53:00 PM,-10.81
10441,4/24/2023 3:53:00 PM,-10.75
10441,4/24/2023 3:53:00 PM,-10.69
10441,4/24/2023 3:54:00 PM,-10.75
10441,4/24/2023 3:54:00 PM,-10.63
10441,4/24/2023 3:54:00 PM,-10.69
10441,4/24/2023 3:54:00 PM,-10.87
10441,4/24/2023 3:55:00 PM,-10.51
10441,4/24/2023 3:55:00 PM,-10.63
10441,4/24/2023 3:55:00 PM,-10.81
10441,4/24/2023 3:55:00 PM,-10.63
10441,4/24/2023 3:55:00 PM,-10.75
10441,4/24/2023 3:55:00 PM,-10.69
10441,4/24/2023 3:55:00 PM,-10.57
10441,4/24/2023 3:55:00 PM,-10.63
10441,4/24/2023 3:55:00 PM,-10.69
10441,4/24/2023 3:55:00 PM,-10.63
10441,4/24/2023 3:56:00 PM,-10.69
10441,4/24/2023 3:56:00 PM,-10.63
10441,4/24/2023 3:56:00 PM,-10.69
10441,4/24/2023 3:56:00 PM,-10.75
10441,4/24/2023 3:56:00 PM,-10.69
10441,4/24/2023 3:57:00 PM,-10.63
10441,4/24/2023 3:57:00 PM,-10.57
10441,4/24/2023 3:57:00 PM,-10.75
10441,4/24/2023 3:57:00 PM,-10.57
10441,4/24/2023 3:57:00 PM,-10.69
10441,4/24/2023 3:57:00 PM,-10.63
10441,4/24/2023 3:57:00 PM,-10.81
10441,4/24/2023 3:57:00 PM,-10.57
10441,4/24/2023 3:57:00 PM,-10.99
10441,4/24/2023 3:57:00 PM,-10.75
10441,4/24/2023 3:58:00 PM,-10.99
10441,4/24/2023 3:58:00 PM,-10.69
10441,4/24/2023 3:58:00 PM,-10.57
10441,4/24/2023 3:58:00 PM,-10.63
10441,4/24/2023 3:58:00 PM,-10.69
10441,4/24/2023 3:58:00 PM,-10.93
10441,4/24/2023 3:58:00 PM,-10.87
10441,4/24/2023 3:59:00 PM,-10.57
10441,4/24/2023 3:59:00 PM,-10.69
10441,4/24/2023 3:59:00 PM,-10.81
10441,4/24/2023 3:59:00 PM,-10.75
10441,4/24/2023 3:59:00 PM,-10.69
10441,4/24/2023 3:59:00 PM,-10.75
10441,4/24/2023 3:59:00 PM,-10.69
10441,4/24/2023 4:00:00 PM,-10.81
10441,4/24/2023 4:00:00 PM,-10.63
10441,4/24/2023 4:00:00 PM,-11.05
10441,4/24/2023 4:00:00 PM,-10.45
10441,4/24/2023 4:00:00 PM,-10.81
10441,4/24/2023 4:00:00 PM,-10.75
10441,4/24/2023 4:00:00 PM,-10.57
10441,4/24/2023 4:00:00 PM,-10.63
10441,4/24/2023 4:00:00 PM,-10.75
10441,4/24/2023 4:00:00 PM,-10.69
10441,4/24/2023 4:01:00 PM,-10.57
10441,4/24/2023 4:01:00 PM,-10.63
10441,4/24/2023 4:01:00 PM,-10.69
10441,4/24/2023 4:01:00 PM,-10.75
10441,4/24/2023 4:01:00 PM,-10.69
10441,4/24/2023 4:01:00 PM,-10.63
10441,4/24/2023 4:02:00 PM,-10.51
10441,4/24/2023 4:02:00 PM,-10.75
10441,4/24/2023 4:02:00 PM,-10.45
10441,4/24/2023 4:02:00 PM,-10.93
10441,4/24/2023 4:02:00 PM,-10.69
10441,4/24/2023 4:02:00 PM,-10.63
10441,4/24/2023 4:03:00 PM,-10.63
10441,4/24/2023 4:03:00 PM,-10.57
10441,4/24/2023 4:03:00 PM,-10.57
10441,4/24/2023 4:03:00 PM,-10.51
10441,4/24/2023 4:04:00 PM,-10.57
10441,4/24/2023 4:04:00 PM,-10.40
10441,4/24/2023 4:04:00 PM,-10.63
10441,4/24/2023 4:04:00 PM,-10.69
10441,4/24/2023 4:04:00 PM,-10.69
10441,4/24/2023 4:04:00 PM,-10.63
10441,4/24/2023 4:04:00 PM,-10.57
10441,4/24/2023 4:04:00 PM,-10.87
10441,4/24/2023 4:04:00 PM,-10.57
10441,4/24/2023 4:04:00 PM,-10.51
10441,4/24/2023 4:05:00 PM,-10.57
10441,4/24/2023 4:05:00 PM,-10.63
10441,4/24/2023 4:05:00 PM,-10.75
10441,4/24/2023 4:05:00 PM,-10.81
10441,4/24/2023 4:05:00 PM,-10.57
10441,4/24/2023 4:05:00 PM,-10.75
10441,4/24/2023 4:05:00 PM,-10.69
10441,4/24/2023 4:05:00 PM,-10.75
10441,4/24/2023 4:05:00 PM,-10.63
10441,4/24/2023 4:05:00 PM,-10.75
10441,4/24/2023 4:06:00 PM,-10.69
10441,4/24/2023 4:06:00 PM,-10.99
10441,4/24/2023 4:06:00 PM,-10.63
10441,4/24/2023 4:06:00 PM,-10.57
10441,4/24/2023 4:06:00 PM,-10.63
10441,4/24/2023 4:06:00 PM,-10.69
10441,4/24/2023 4:06:00 PM,-10.63
10441,4/24/2023 4:06:00 PM,-10.93
10441,4/24/2023 4:06:00 PM,-10.69
10441,4/24/2023 4:06:00 PM,-10.75
10441,4/24/2023 4:06:00 PM,-10.69
10441,4/24/2023 4:06:00 PM,-10.93
10441,4/24/2023 4:06:00 PM,-11.11
10441,4/24/2023 4:07:00 PM,-10.81
10441,4/24/2023 4:07:00 PM,-10.75
10441,4/24/2023 4:07:00 PM,-10.93
10441,4/24/2023 4:07:00 PM,-10.75
10441,4/24/2023 4:07:00 PM,-10.69
10441,4/24/2023 4:07:00 PM,-10.63
10441,4/24/2023 4:07:00 PM,-10.69
10441,4/24/2023 4:08:00 PM,-10.34
10441,4/24/2023 4:08:00 PM,-10.69
10441,4/24/2023 4:08:00 PM,-10.75
10441,4/24/2023 4:08:00 PM,-10.81
10441,4/24/2023 4:08:00 PM,-10.75
10441,4/24/2023 4:08:00 PM,-10.81
10441,4/24/2023 4:08:00 PM,-10.75
10441,4/24/2023 4:09:00 PM,-11.05
10441,4/24/2023 4:09:00 PM,-10.93
10441,4/24/2023 4:09:00 PM,-11.29
10441,4/24/2023 4:09:00 PM,-10.93
10441,4/24/2023 4:09:00 PM,-11.05
10441,4/24/2023 4:09:00 PM,-10.87
10441,4/24/2023 4:09:00 PM,-10.63
10441,4/24/2023 4:09:00 PM,-10.93
10441,4/24/2023 4:09:00 PM,-10.87
10441,4/24/2023 4:09:00 PM,-10.81
10441,4/24/2023 4:09:00 PM,-10.93
10441,4/24/2023 4:10:00 PM,-10.81
10441,4/24/2023 4:10:00 PM,-10.93
10441,4/24/2023 4:10:00 PM,-10.63
10441,4/24/2023 4:10:00 PM,-10.69
10441,4/24/2023 4:10:00 PM,-10.75
10441,4/24/2023 4:10:00 PM,-10.81
10441,4/24/2023 4:10:00 PM,-10.69
10441,4/24/2023 4:10:00 PM,-10.81
10441,4/24/2023 4:10:00 PM,-10.75
10441,4/24/2023 4:10:00 PM,-10.81
10441,4/24/2023 4:10:00 PM,-10.69
10441,4/24/2023 4:11:00 PM,-10.63
10441,4/24/2023 4:11:00 PM,-10.51
10441,4/24/2023 4:11:00 PM,-10.75
10441,4/24/2023 4:11:00 PM,-10.69
10441,4/24/2023 4:11:00 PM,-10.63
10441,4/24/2023 4:11:00 PM,-10.69
10441,4/24/2023 4:11:00 PM,-10.75
10441,4/24/2023 4:11:00 PM,-10.69
10441,4/24/2023 4:11:00 PM,-10.75
10441,4/24/2023 4:11:00 PM,-10.69
10441,4/24/2023 4:12:00 PM,-10.45
10441,4/24/2023 4:12:00 PM,-10.81
10441,4/24/2023 4:12:00 PM,-10.69
10441,4/24/2023 4:12:00 PM,-10.75
10441,4/24/2023 4:12:00 PM,-10.87
10441,4/24/2023 4:12:00 PM,-10.99
10441,4/24/2023 4:12:00 PM,-10.87
10441,4/24/2023 4:12:00 PM,-10.16
10441,4/24/2023 4:12:00 PM,-10.69
10441,4/24/2023 4:12:00 PM,-10.75
10441,4/24/2023 4:13:00 PM,-10.87
10441,4/24/2023 4:13:00 PM,-10.57
10441,4/24/2023 4:13:00 PM,-10.69
10441,4/24/2023 4:13:00 PM,-10.81
10441,4/24/2023 4:13:00 PM,-10.87
10441,4/24/2023 4:13:00 PM,-10.75
10441,4/24/2023 4:14:00 PM,-10.87
10441,4/24/2023 4:14:00 PM,-10.81
10441,4/24/2023 4:14:00 PM,-10.87
10441,4/24/2023 4:14:00 PM,-10.75
10441,4/24/2023 4:14:00 PM,-11.05
10441,4/24/2023 4:14:00 PM,-10.75
10441,4/24/2023 4:14:00 PM,-10.87
10441,4/24/2023 4:15:00 PM,-10.81
10441,4/24/2023 4:15:00 PM,-10.87
10441,4/24/2023 4:15:00 PM,-10.93
10441,4/24/2023 4:15:00 PM,-10.81
10441,4/24/2023 4:15:00 PM,-10.75
10441,4/24/2023 4:16:00 PM,-10.87
10441,4/24/2023 4:16:00 PM,-10.81
10441,4/24/2023 4:16:00 PM,-10.93
10441,4/24/2023 4:16:00 PM,-10.81
10441,4/24/2023 4:16:00 PM,-11.05
10441,4/24/2023 4:16:00 PM,-10.93
10441,4/24/2023 4:16:00 PM,-10.99
10441,4/24/2023 4:16:00 PM,-10.87
10441,4/24/2023 4:16:00 PM,-11.05
10441,4/24/2023 4:16:00 PM,-10.75
10441,4/24/2023 4:16:00 PM,-10.87
10441,4/24/2023 4:16:00 PM,-10.81
10441,4/24/2023 4:17:00 PM,-10.87
10441,4/24/2023 4:17:00 PM,-10.81
10441,4/24/2023 4:17:00 PM,-10.93
10441,4/24/2023 4:17:00 PM,-10.45
10441,4/24/2023 4:17:00 PM,-10.87
10441,4/24/2023 4:17:00 PM,-10.81
10441,4/24/2023 4:17:00 PM,-10.93
10441,4/24/2023 4:17:00 PM,-11.05
10441,4/24/2023 4:18:00 PM,-10.87
10441,4/24/2023 4:18:00 PM,-10.93
10441,4/24/2023 4:18:00 PM,-10.81
10441,4/24/2023 4:18:00 PM,-10.93
10441,4/24/2023 4:18:00 PM,-10.81
10441,4/24/2023 4:18:00 PM,-10.87
10441,4/24/2023 4:18:00 PM,-11.05
10441,4/24/2023 4:18:00 PM,-11.05
10441,4/24/2023 4:18:00 PM,-11.11
10441,4/24/2023 4:18:00 PM,-10.93
10441,4/24/2023 4:18:00 PM,-10.87
10441,4/24/2023 4:18:00 PM,-10.93
10441,4/24/2023 4:18:00 PM,-11.11
10441,4/24/2023 4:19:00 PM,-10.69
10441,4/24/2023 4:19:00 PM,-10.87
10441,4/24/2023 4:19:00 PM,-10.99
10441,4/24/2023 4:19:00 PM,-11.05
10441,4/24/2023 4:19:00 PM,-10.93
10441,4/24/2023 4:19:00 PM,-10.57
10441,4/24/2023 4:19:00 PM,-10.87
10441,4/24/2023 4:19:00 PM,-10.81
10441,4/24/2023 4:19:00 PM,-10.87
10441,4/24/2023 4:19:00 PM,-10.75
10441,4/24/2023 4:19:00 PM,-11.05
10441,4/24/2023 4:19:00 PM,-10.87
10441,4/24/2023 4:19:00 PM,-10.75
10441,4/24/2023 4:20:00 PM,-10.87
10441,4/24/2023 4:20:00 PM,-10.93
10441,4/24/2023 4:20:00 PM,-10.75
10441,4/24/2023 4:20:00 PM,-10.93
10441,4/24/2023 4:20:00 PM,-10.81
10441,4/24/2023 4:20:00 PM,-10.75
10441,4/24/2023 4:20:00 PM,-10.81
10441,4/24/2023 4:20:00 PM,-10.75
10441,4/24/2023 4:20:00 PM,-10.81
10441,4/24/2023 4:20:00 PM,-10.93
10441,4/24/2023 4:21:00 PM,-10.99
10441,4/24/2023 4:21:00 PM,-11.17
10441,4/24/2023 4:21:00 PM,-10.93
10441,4/24/2023 4:21:00 PM,-10.87
10441,4/24/2023 4:21:00 PM,-10.81
10441,4/24/2023 4:21:00 PM,-10.87
10441,4/24/2023 4:21:00 PM,-10.81
10441,4/24/2023 4:21:00 PM,-10.75
10441,4/24/2023 4:22:00 PM,-11.05
10441,4/24/2023 4:22:00 PM,-10.87
10441,4/24/2023 4:22:00 PM,-10.93
10441,4/24/2023 4:22:00 PM,-10.75
10441,4/24/2023 4:22:00 PM,-10.87
10441,4/24/2023 4:22:00 PM,-10.81
10441,4/24/2023 4:22:00 PM,-10.87
10441,4/24/2023 4:22:00 PM,-10.75
10441,4/24/2023 4:22:00 PM,-10.93
10441,4/24/2023 4:22:00 PM,-11.23
10441,4/24/2023 4:22:00 PM,-10.99
10441,4/24/2023 4:22:00 PM,-10.81
10441,4/24/2023 4:23:00 PM,-10.57
10441,4/24/2023 4:23:00 PM,-10.87
10441,4/24/2023 4:23:00 PM,-10.99
10441,4/24/2023 4:23:00 PM,-10.93
10441,4/24/2023 4:23:00 PM,-11.17
10441,4/24/2023 4:23:00 PM,-10.87
10441,4/24/2023 4:23:00 PM,-10.99
10441,4/24/2023 4:23:00 PM,-11.05
10441,4/24/2023 4:23:00 PM,-10.93
10441,4/24/2023 4:23:00 PM,-10.87
10441,4/24/2023 4:24:00 PM,-10.81
10441,4/24/2023 4:24:00 PM,-10.93
10441,4/24/2023 4:24:00 PM,-10.99
10441,4/24/2023 4:24:00 PM,-10.81
10441,4/24/2023 4:24:00 PM,-10.87
10441,4/24/2023 4:24:00 PM,-11.17
10441,4/24/2023 4:24:00 PM,-10.63
10441,4/24/2023 4:24:00 PM,-11.05
10441,4/24/2023 4:24:00 PM,-10.81
10441,4/24/2023 4:24:00 PM,-10.93
10441,4/24/2023 4:24:00 PM,-10.99
10441,4/24/2023 4:25:00 PM,-10.93
10441,4/24/2023 4:25:00 PM,-10.87
10441,4/24/2023 4:25:00 PM,-10.99
10441,4/24/2023 4:25:00 PM,-10.93
10441,4/24/2023 4:25:00 PM,-10.93
10441,4/24/2023 4:25:00 PM,-10.87
10441,4/24/2023 4:25:00 PM,-10.81
10441,4/24/2023 4:25:00 PM,-10.93
10441,4/24/2023 4:25:00 PM,-10.87
10441,4/24/2023 4:25:00 PM,-11.05
10441,4/24/2023 4:26:00 PM,-10.81
10441,4/24/2023 4:26:00 PM,-10.87
10441,4/24/2023 4:26:00 PM,-10.99
10441,4/24/2023 4:26:00 PM,-11.05
10441,4/24/2023 4:26:00 PM,-10.93
10441,4/24/2023 4:26:00 PM,-10.87
10441,4/24/2023 4:26:00 PM,-10.93
10441,4/24/2023 4:26:00 PM,-11.17
10441,4/24/2023 4:27:00 PM,-10.87
10441,4/24/2023 4:27:00 PM,-10.99
10441,4/24/2023 4:27:00 PM,-10.45
10441,4/24/2023 4:27:00 PM,-10.81
10441,4/24/2023 4:27:00 PM,-10.87
10441,4/24/2023 4:27:00 PM,-10.99
10441,4/24/2023 4:27:00 PM,-11.05
10441,4/24/2023 4:27:00 PM,-10.99
10441,4/24/2023 4:27:00 PM,-10.81
10441,4/24/2023 4:28:00 PM,-10.99
10441,4/24/2023 4:28:00 PM,-10.93
10441,4/24/2023 4:28:00 PM,-10.99
10441,4/24/2023 4:28:00 PM,-10.93
10441,4/24/2023 4:28:00 PM,-10.99
10441,4/24/2023 4:28:00 PM,-11.11
10441,4/24/2023 4:28:00 PM,-10.87
10441,4/24/2023 4:28:00 PM,-11.17
10441,4/24/2023 4:28:00 PM,-10.93
10441,4/24/2023 4:29:00 PM,-10.93
10441,4/24/2023 4:29:00 PM,-10.99
10441,4/24/2023 4:29:00 PM,-10.93
10441,4/24/2023 4:29:00 PM,-10.99
10441,4/24/2023 4:29:00 PM,-10.93
10441,4/24/2023 4:29:00 PM,-10.93
10441,4/24/2023 4:29:00 PM,-10.81
10441,4/24/2023 4:29:00 PM,-10.93
10441,4/24/2023 4:29:00 PM,-10.87
10441,4/24/2023 4:29:00 PM,-10.81
10441,4/24/2023 4:29:00 PM,-10.87
10441,4/24/2023 4:29:00 PM,-10.99
10441,4/24/2023 4:30:00 PM,-10.87
10441,4/24/2023 4:30:00 PM,-10.81
10441,4/24/2023 4:30:00 PM,-10.81
10441,4/24/2023 4:30:00 PM,-10.75
10441,4/24/2023 4:30:00 PM,-10.81
10441,4/24/2023 4:30:00 PM,-10.75
10441,4/24/2023 4:30:00 PM,-11.05
10441,4/24/2023 4:30:00 PM,-10.81
10441,4/24/2023 4:31:00 PM,-10.87
10441,4/24/2023 4:31:00 PM,-10.99
10441,4/24/2023 4:31:00 PM,-10.87
10441,4/24/2023 4:31:00 PM,-10.69
10441,4/24/2023 4:31:00 PM,-11.05
10441,4/24/2023 4:31:00 PM,-10.87
10441,4/24/2023 4:31:00 PM,-10.69
10441,4/24/2023 4:31:00 PM,-10.87
10441,4/24/2023 4:31:00 PM,-10.75
10441,4/24/2023 4:31:00 PM,-10.81
10441,4/24/2023 4:31:00 PM,-10.87
10441,4/24/2023 4:31:00 PM,-10.93
10441,4/24/2023 4:32:00 PM,-10.99
10441,4/24/2023 4:32:00 PM,-10.93
10441,4/24/2023 4:32:00 PM,-10.87
10441,4/24/2023 4:32:00 PM,-10.75
10441,4/24/2023 4:32:00 PM,-10.99
10441,4/24/2023 4:32:00 PM,-10.81
10441,4/24/2023 4:32:00 PM,-10.75
10441,4/24/2023 4:32:00 PM,-10.87
10441,4/24/2023 4:33:00 PM,-10.81
10441,4/24/2023 4:33:00 PM,-10.87
10441,4/24/2023 4:33:00 PM,-10.99
10441,4/24/2023 4:33:00 PM,-10.87
10441,4/24/2023 4:33:00 PM,-10.93
10441,4/24/2023 4:33:00 PM,-10.81
10441,4/24/2023 4:33:00 PM,-10.75
10441,4/24/2023 4:33:00 PM,-10.81
10441,4/24/2023 4:34:00 PM,-10.81
10441,4/24/2023 4:34:00 PM,-10.69
10441,4/24/2023 4:34:00 PM,-10.69
10441,4/24/2023 4:34:00 PM,-10.87
10441,4/24/2023 4:34:00 PM,-10.81
10441,4/24/2023 4:34:00 PM,-10.87
10441,4/24/2023 4:34:00 PM,-10.75
10441,4/24/2023 4:34:00 PM,-10.40
10441,4/24/2023 4:35:00 PM,-10.81
10441,4/24/2023 4:35:00 PM,-10.93
10441,4/24/2023 4:35:00 PM,-10.75
10441,4/24/2023 4:35:00 PM,-10.69
10441,4/24/2023 4:35:00 PM,-10.99
10441,4/24/2023 4:35:00 PM,-11.23
10441,4/24/2023 4:35:00 PM,-10.81
10441,4/24/2023 4:36:00 PM,-10.51
10441,4/24/2023 4:36:00 PM,-10.75
10441,4/24/2023 4:36:00 PM,-10.81
10441,4/24/2023 4:36:00 PM,-10.75
10441,4/24/2023 4:36:00 PM,-10.87
10441,4/24/2023 4:36:00 PM,-10.81
10441,4/24/2023 4:36:00 PM,-10.99
10441,4/24/2023 4:36:00 PM,-10.93
10441,4/24/2023 4:36:00 PM,-10.81
10441,4/24/2023 4:37:00 PM,-10.63
10441,4/24/2023 4:37:00 PM,-10.69
10441,4/24/2023 4:37:00 PM,-10.75
10441,4/24/2023 4:37:00 PM,-10.81
10441,4/24/2023 4:37:00 PM,-10.69
10441,4/24/2023 4:37:00 PM,-10.75
10441,4/24/2023 4:37:00 PM,-10.69
10441,4/24/2023 4:37:00 PM,-10.75
10441,4/24/2023 4:37:00 PM,-10.87
10441,4/24/2023 4:38:00 PM,-10.75
10441,4/24/2023 4:38:00 PM,-10.69
10441,4/24/2023 4:38:00 PM,-10.75
10441,4/24/2023 4:38:00 PM,-10.69
10441,4/24/2023 4:38:00 PM,-10.57
10441,4/24/2023 4:38:00 PM,-10.81
10441,4/24/2023 4:38:00 PM,-10.69
10441,4/24/2023 4:38:00 PM,-10.63
10441,4/24/2023 4:38:00 PM,-10.69
10441,4/24/2023 4:38:00 PM,-10.75
10441,4/24/2023 4:38:00 PM,-10.87
10441,4/24/2023 4:39:00 PM,-10.69
10441,4/24/2023 4:39:00 PM,-10.75
10441,4/24/2023 4:39:00 PM,-10.81
10441,4/24/2023 4:39:00 PM,-10.75
10441,4/24/2023 4:39:00 PM,-10.69
10441,4/24/2023 4:39:00 PM,-10.75
10441,4/24/2023 4:39:00 PM,-10.81
10441,4/24/2023 4:39:00 PM,-11.23
10441,4/24/2023 4:39:00 PM,-10.87
10441,4/24/2023 4:40:00 PM,-10.81
10441,4/24/2023 4:40:00 PM,-10.75
10441,4/24/2023 4:40:00 PM,-10.63
10441,4/24/2023 4:40:00 PM,-10.87
10441,4/24/2023 4:40:00 PM,-10.81
10441,4/24/2023 4:40:00 PM,-10.87
10441,4/24/2023 4:40:00 PM,-10.81
10441,4/24/2023 4:41:00 PM,-10.69
10441,4/24/2023 4:41:00 PM,-10.75
10441,4/24/2023 4:41:00 PM,-10.63
10441,4/24/2023 4:41:00 PM,-10.75
10441,4/24/2023 4:41:00 PM,-10.81
10441,4/24/2023 4:41:00 PM,-10.69
10441,4/24/2023 4:41:00 PM,-10.99
10441,4/24/2023 4:41:00 PM,-10.93
10441,4/24/2023 4:41:00 PM,-10.69
10441,4/24/2023 4:41:00 PM,-10.63
10441,4/24/2023 4:41:00 PM,-10.87
10441,4/24/2023 4:41:00 PM,-10.81
10441,4/24/2023 4:41:00 PM,-10.87
10441,4/24/2023 4:41:00 PM,-11.23
10441,4/24/2023 4:42:00 PM,-10.57
10441,4/24/2023 4:42:00 PM,-10.69
10441,4/24/2023 4:42:00 PM,-10.81
10441,4/24/2023 4:42:00 PM,-10.75
10441,4/24/2023 4:42:00 PM,-10.69
10441,4/24/2023 4:42:00 PM,-10.87
10441,4/24/2023 4:42:00 PM,-10.75
10441,4/24/2023 4:43:00 PM,-10.99
10441,4/24/2023 4:43:00 PM,-10.87
10441,4/24/2023 4:43:00 PM,-10.75
10441,4/24/2023 4:43:00 PM,-10.81
10441,4/24/2023 4:43:00 PM,-10.75
10441,4/24/2023 4:43:00 PM,-10.69
10441,4/24/2023 4:43:00 PM,-10.75
10441,4/24/2023 4:43:00 PM,-10.81
10441,4/24/2023 4:43:00 PM,-10.63
10441,4/24/2023 4:43:00 PM,-10.81
10441,4/24/2023 4:43:00 PM,-10.75
10441,4/24/2023 4:43:00 PM,-10.69
10441,4/24/2023 4:44:00 PM,-10.81
10441,4/24/2023 4:44:00 PM,-10.75
10441,4/24/2023 4:44:00 PM,-10.99
10441,4/24/2023 4:44:00 PM,-10.69
10441,4/24/2023 4:44:00 PM,-10.81
10441,4/24/2023 4:44:00 PM,-10.63
10441,4/24/2023 4:44:00 PM,-10.69
10441,4/24/2023 4:44:00 PM,-10.93
10441,4/24/2023 4:45:00 PM,-10.63
10441,4/24/2023 4:45:00 PM,-10.69
10441,4/24/2023 4:45:00 PM,-10.63
10441,4/24/2023 4:45:00 PM,-10.75
10441,4/24/2023 4:45:00 PM,-10.69
10441,4/24/2023 4:45:00 PM,-10.45
10441,4/24/2023 4:45:00 PM,-10.69
10441,4/24/2023 4:45:00 PM,-10.63
10441,4/24/2023 4:45:00 PM,-10.69
10441,4/24/2023 4:45:00 PM,-10.75
10441,4/24/2023 4:46:00 PM,-10.81
10441,4/24/2023 4:46:00 PM,-10.75
10441,4/24/2023 4:46:00 PM,-10.69
10441,4/24/2023 4:46:00 PM,-10.75
10441,4/24/2023 4:46:00 PM,-10.69
10441,4/24/2023 4:46:00 PM,-10.81
10441,4/24/2023 4:46:00 PM,-10.93
10441,4/24/2023 4:46:00 PM,-10.75
10441,4/24/2023 4:46:00 PM,-10.81
10441,4/24/2023 4:47:00 PM,-10.57
10441,4/24/2023 4:47:00 PM,-11.95
10441,4/24/2023 4:47:00 PM,-10.99
10441,4/24/2023 4:47:00 PM,-10.87
10441,4/24/2023 4:47:00 PM,-10.75
10441,4/24/2023 4:47:00 PM,-10.81
10441,4/24/2023 4:47:00 PM,-10.75
10441,4/24/2023 4:48:00 PM,-10.81
10441,4/24/2023 4:48:00 PM,-10.87
10441,4/24/2023 4:48:00 PM,-10.81
10441,4/24/2023 4:48:00 PM,-10.75
10441,4/24/2023 4:48:00 PM,-10.81
10441,4/24/2023 4:48:00 PM,-10.69
10441,4/24/2023 4:48:00 PM,-10.75
10441,4/24/2023 4:49:00 PM,-10.75
10441,4/24/2023 4:49:00 PM,-10.81
10441,4/24/2023 4:49:00 PM,-10.75
10441,4/24/2023 4:49:00 PM,-10.87
10441,4/24/2023 4:49:00 PM,-10.81
10441,4/24/2023 4:49:00 PM,-10.75
10441,4/24/2023 4:49:00 PM,-10.87
10441,4/24/2023 4:49:00 PM,-10.81
10441,4/24/2023 4:49:00 PM,-10.69
10441,4/24/2023 4:50:00 PM,-10.87
10441,4/24/2023 4:50:00 PM,-10.69
10441,4/24/2023 4:50:00 PM,-10.99
10441,4/24/2023 4:50:00 PM,-10.81
10441,4/24/2023 4:50:00 PM,-10.75
10441,4/24/2023 4:50:00 PM,-10.69
10441,4/24/2023 4:50:00 PM,-10.57
10441,4/24/2023 4:50:00 PM,-10.69
10441,4/24/2023 4:50:00 PM,-10.75
10441,4/24/2023 4:51:00 PM,-10.63
10441,4/24/2023 4:51:00 PM,-10.81
10441,4/24/2023 4:51:00 PM,-10.75
10441,4/24/2023 4:51:00 PM,-10.69
10441,4/24/2023 4:51:00 PM,-10.93
10441,4/24/2023 4:51:00 PM,-10.63
10441,4/24/2023 4:51:00 PM,-10.69
10441,4/24/2023 4:52:00 PM,-10.63
10441,4/24/2023 4:52:00 PM,-10.69
10441,4/24/2023 4:52:00 PM,-10.75
10441,4/24/2023 4:52:00 PM,-10.69
10441,4/24/2023 4:52:00 PM,-10.63
10441,4/24/2023 4:52:00 PM,-10.75
10441,4/24/2023 4:53:00 PM,-10.63
10441,4/24/2023 4:53:00 PM,-10.87
10441,4/24/2023 4:53:00 PM,-10.57
10441,4/24/2023 4:53:00 PM,-11.05
10441,4/24/2023 4:53:00 PM,-10.75
10441,4/24/2023 4:53:00 PM,-11.29
10441,4/24/2023 4:53:00 PM,-10.63
10441,4/24/2023 4:53:00 PM,-10.99
10441,4/24/2023 4:53:00 PM,-10.63
10441,4/24/2023 4:53:00 PM,-10.75
10441,4/24/2023 4:53:00 PM,-10.69
10441,4/24/2023 4:54:00 PM,-10.40
10441,4/24/2023 4:54:00 PM,-10.69
10441,4/24/2023 4:54:00 PM,-10.63
10441,4/24/2023 4:54:00 PM,-10.87
10441,4/24/2023 4:54:00 PM,-10.81
10441,4/24/2023 4:54:00 PM,-10.75
10441,4/24/2023 4:54:00 PM,-10.87
10441,4/24/2023 4:54:00 PM,-10.81
10441,4/24/2023 4:54:00 PM,-10.28
10441,4/24/2023 4:54:00 PM,-10.81
10441,4/24/2023 4:54:00 PM,-10.75
10441,4/24/2023 4:54:00 PM,-10.87
10441,4/24/2023 4:54:00 PM,-10.69
10441,4/24/2023 4:55:00 PM,-10.69
10441,4/24/2023 4:55:00 PM,-10.63
10441,4/24/2023 4:55:00 PM,-10.75
10441,4/24/2023 4:56:00 PM,-10.81
10441,4/24/2023 4:56:00 PM,-10.75
10441,4/24/2023 4:56:00 PM,-10.63
10441,4/24/2023 4:56:00 PM,-10.69
10441,4/24/2023 4:56:00 PM,-10.63
10441,4/24/2023 4:56:00 PM,-10.75
10441,4/24/2023 4:56:00 PM,-10.69
10441,4/24/2023 4:56:00 PM,-10.81
10441,4/24/2023 4:57:00 PM,-10.63
10441,4/24/2023 4:57:00 PM,-10.51
10441,4/24/2023 4:57:00 PM,-10.93
10441,4/24/2023 4:57:00 PM,-10.34
10441,4/24/2023 4:57:00 PM,-10.45
10441,4/24/2023 4:57:00 PM,-10.63
10441,4/24/2023 4:57:00 PM,-10.69
10441,4/24/2023 4:57:00 PM,-10.63
10441,4/24/2023 4:57:00 PM,-10.57
10441,4/24/2023 4:57:00 PM,-10.75
10441,4/24/2023 4:57:00 PM,-10.69
10441,4/24/2023 4:58:00 PM,-10.81
10441,4/24/2023 4:58:00 PM,-10.69
10441,4/24/2023 4:58:00 PM,-10.57
10441,4/24/2023 4:58:00 PM,-10.69
10441,4/24/2023 4:58:00 PM,-10.75
10441,4/24/2023 4:59:00 PM,-10.63
10441,4/24/2023 4:59:00 PM,-10.57
10441,4/24/2023 4:59:00 PM,-10.51
10441,4/24/2023 4:59:00 PM,-10.69
10441,4/24/2023 4:59:00 PM,-10.63
10441,4/24/2023 4:59:00 PM,-10.69
10441,4/24/2023 4:59:00 PM,-10.63
10441,4/24/2023 4:59:00 PM,-10.57
10441,4/24/2023 4:59:00 PM,-10.63
10441,4/24/2023 5:00:00 PM,-10.69
10441,4/24/2023 5:00:00 PM,-10.75
10441,4/24/2023 5:00:00 PM,-10.99
10441,4/24/2023 5:00:00 PM,-10.75
10441,4/24/2023 5:00:00 PM,-10.57
10441,4/24/2023 5:00:00 PM,-10.63
10441,4/24/2023 5:00:00 PM,-10.81
10441,4/24/2023 5:00:00 PM,-10.75
10441,4/24/2023 5:00:00 PM,-10.69
10441,4/24/2023 5:00:00 PM,-10.63
10441,4/24/2023 5:00:00 PM,-10.69
10441,4/24/2023 5:01:00 PM,-10.75
10441,4/24/2023 5:01:00 PM,-10.69
10441,4/24/2023 5:01:00 PM,-10.81
10441,4/24/2023 5:01:00 PM,-10.75
10441,4/24/2023 5:01:00 PM,-10.69
10441,4/24/2023 5:01:00 PM,-10.75
10441,4/24/2023 5:02:00 PM,-10.69
10441,4/24/2023 5:02:00 PM,-10.75
10441,4/24/2023 5:02:00 PM,-10.69
10441,4/24/2023 5:02:00 PM,-10.81
10441,4/24/2023 5:02:00 PM,-10.87
10441,4/24/2023 5:02:00 PM,-10.81
10441,4/24/2023 5:03:00 PM,-10.69
10441,4/24/2023 5:03:00 PM,-10.63
10441,4/24/2023 5:03:00 PM,-10.69
10441,4/24/2023 5:03:00 PM,-10.87
10441,4/24/2023 5:03:00 PM,-10.93
10441,4/24/2023 5:03:00 PM,-10.75
10441,4/24/2023 5:03:00 PM,-10.69
10441,4/24/2023 5:03:00 PM,-10.99
10441,4/24/2023 5:04:00 PM,-10.87
10441,4/24/2023 5:04:00 PM,-10.81
10441,4/24/2023 5:04:00 PM,-10.69
10441,4/24/2023 5:04:00 PM,-10.81
10441,4/24/2023 5:04:00 PM,-10.75
10441,4/24/2023 5:04:00 PM,-10.81
10441,4/24/2023 5:04:00 PM,-10.75
10441,4/24/2023 5:04:00 PM,-10.69
10441,4/24/2023 5:04:00 PM,-10.63
10441,4/24/2023 5:04:00 PM,-10.69
10441,4/24/2023 5:04:00 PM,-10.75
10441,4/24/2023 5:05:00 PM,-10.69
10441,4/24/2023 5:05:00 PM,-10.75
10441,4/24/2023 5:05:00 PM,-10.69
10441,4/24/2023 5:05:00 PM,-10.63
10441,4/24/2023 5:05:00 PM,-10.69
10441,4/24/2023 5:05:00 PM,-10.87
10441,4/24/2023 5:05:00 PM,-11.05
10441,4/24/2023 5:05:00 PM,-10.63
10441,4/24/2023 5:05:00 PM,-10.81
10441,4/24/2023 5:05:00 PM,-10.75
10441,4/24/2023 5:06:00 PM,-10.75
10441,4/24/2023 5:06:00 PM,-10.93
10441,4/24/2023 5:06:00 PM,-10.87
10441,4/24/2023 5:06:00 PM,-10.75
10441,4/24/2023 5:06:00 PM,-10.63
10441,4/24/2023 5:06:00 PM,-10.69
10441,4/24/2023 5:07:00 PM,-10.51
10441,4/24/2023 5:07:00 PM,-10.69
10441,4/24/2023 5:07:00 PM,-10.63
10441,4/24/2023 5:07:00 PM,-10.69
10441,4/24/2023 5:07:00 PM,-10.63
10441,4/24/2023 5:07:00 PM,-10.69
10441,4/24/2023 5:08:00 PM,-10.63
10441,4/24/2023 5:08:00 PM,-10.75
10441,4/24/2023 5:08:00 PM,-10.69
10441,4/24/2023 5:08:00 PM,-10.81
10441,4/24/2023 5:08:00 PM,-10.69
10441,4/24/2023 5:08:00 PM,-10.63
10441,4/24/2023 5:08:00 PM,-10.51
10441,4/24/2023 5:08:00 PM,-10.63
10441,4/24/2023 5:08:00 PM,-10.69
10441,4/24/2023 5:08:00 PM,-10.57
10441,4/24/2023 5:08:00 PM,-10.63
10441,4/24/2023 5:08:00 PM,-10.75
10441,4/24/2023 5:08:00 PM,-10.69
10441,4/24/2023 5:09:00 PM,-10.57
10441,4/24/2023 5:09:00 PM,-10.87
10441,4/24/2023 5:09:00 PM,-10.57
10441,4/24/2023 5:09:00 PM,-10.69
10441,4/24/2023 5:09:00 PM,-10.51
10441,4/24/2023 5:09:00 PM,-10.57
10441,4/24/2023 5:09:00 PM,-10.51
10441,4/24/2023 5:09:00 PM,-10.69
10441,4/24/2023 5:09:00 PM,-10.93
10441,4/24/2023 5:09:00 PM,-11.17
10441,4/24/2023 5:09:00 PM,-10.63
10441,4/24/2023 5:09:00 PM,-10.57
10441,4/24/2023 5:09:00 PM,-10.63
10441,4/24/2023 5:10:00 PM,-10.63
10441,4/24/2023 5:10:00 PM,-10.57
10441,4/24/2023 5:10:00 PM,-10.51
10441,4/24/2023 5:10:00 PM,-10.45
10441,4/24/2023 5:10:00 PM,-10.51
10441,4/24/2023 5:11:00 PM,-10.63
10441,4/24/2023 5:11:00 PM,-11.11
10441,4/24/2023 5:11:00 PM,-10.51
10441,4/24/2023 5:11:00 PM,-10.57
10441,4/24/2023 5:11:00 PM,-10.51
10441,4/24/2023 5:11:00 PM,-10.45
10441,4/24/2023 5:11:00 PM,-10.51
10441,4/24/2023 5:11:00 PM,-10.57
10441,4/24/2023 5:11:00 PM,-10.51
10441,4/24/2023 5:12:00 PM,-10.57
10441,4/24/2023 5:12:00 PM,-10.63
10441,4/24/2023 5:12:00 PM,-10.51
10441,4/24/2023 5:12:00 PM,-10.99
10441,4/24/2023 5:12:00 PM,-10.63
10441,4/24/2023 5:12:00 PM,-10.40
10441,4/24/2023 5:12:00 PM,-10.45
10441,4/24/2023 5:12:00 PM,-10.81
10441,4/24/2023 5:12:00 PM,-10.69
10441,4/24/2023 5:12:00 PM,-10.63
10441,4/24/2023 5:12:00 PM,-10.28
10441,4/24/2023 5:12:00 PM,-10.51
10441,4/24/2023 5:13:00 PM,-10.57
10441,4/24/2023 5:13:00 PM,-10.75
10441,4/24/2023 5:13:00 PM,-10.69
10441,4/24/2023 5:13:00 PM,-10.75
10441,4/24/2023 5:13:00 PM,-10.63
10441,4/24/2023 5:13:00 PM,-10.69
10441,4/24/2023 5:13:00 PM,-10.63
10441,4/24/2023 5:13:00 PM,-10.57
10441,4/24/2023 5:14:00 PM,-10.69
10441,4/24/2023 5:14:00 PM,-11.05
10441,4/24/2023 5:14:00 PM,-10.81
10441,4/24/2023 5:14:00 PM,-10.69
10441,4/24/2023 5:14:00 PM,-10.99
10441,4/24/2023 5:14:00 PM,-10.75
10441,4/24/2023 5:14:00 PM,-10.63
10441,4/24/2023 5:14:00 PM,-10.69
10441,4/24/2023 5:14:00 PM,-10.75
10441,4/24/2023 5:14:00 PM,-10.69
10441,4/24/2023 5:14:00 PM,-10.75
10441,4/24/2023 5:15:00 PM,-10.69
10441,4/24/2023 5:15:00 PM,-10.75
10441,4/24/2023 5:15:00 PM,-10.63
10441,4/24/2023 5:15:00 PM,-10.69
10441,4/24/2023 5:15:00 PM,-10.69
10441,4/24/2023 5:15:00 PM,-10.75
10441,4/24/2023 5:15:00 PM,-10.63
10441,4/24/2023 5:15:00 PM,-10.69
10441,4/24/2023 5:15:00 PM,-10.81
10441,4/24/2023 5:15:00 PM,-10.75
10441,4/24/2023 5:15:00 PM,-10.81
10441,4/24/2023 5:15:00 PM,-10.63
10441,4/24/2023 5:16:00 PM,-10.81
10441,4/24/2023 5:16:00 PM,-10.75
10441,4/24/2023 5:16:00 PM,-10.75
10441,4/24/2023 5:16:00 PM,-10.87
10441,4/24/2023 5:16:00 PM,-10.81
10441,4/24/2023 5:16:00 PM,-10.69
10441,4/24/2023 5:16:00 PM,-10.63
10441,4/24/2023 5:16:00 PM,-10.69
10441,4/24/2023 5:17:00 PM,-10.75
10441,4/24/2023 5:17:00 PM,-10.75
10441,4/24/2023 5:17:00 PM,-10.93
10441,4/24/2023 5:17:00 PM,-10.81
10441,4/24/2023 5:17:00 PM,-10.87
10441,4/24/2023 5:17:00 PM,-10.34
10441,4/24/2023 5:17:00 PM,-10.63
10441,4/24/2023 5:17:00 PM,-10.69
10441,4/24/2023 5:17:00 PM,-10.81
10441,4/24/2023 5:17:00 PM,-10.87
10441,4/24/2023 5:18:00 PM,-10.81
10441,4/24/2023 5:18:00 PM,-10.75
10441,4/24/2023 5:18:00 PM,-10.87
10441,4/24/2023 5:18:00 PM,-10.81
10441,4/24/2023 5:18:00 PM,-10.75
10441,4/24/2023 5:18:00 PM,-10.81
10441,4/24/2023 5:19:00 PM,-10.87
10441,4/24/2023 5:19:00 PM,-10.81
10441,4/24/2023 5:19:00 PM,-10.87
10441,4/24/2023 5:20:00 PM,-10.81
10441,4/24/2023 5:20:00 PM,-10.87
10441,4/24/2023 5:20:00 PM,-10.75
10441,4/24/2023 5:20:00 PM,-10.81
10441,4/24/2023 5:20:00 PM,-10.75
10441,4/24/2023 5:21:00 PM,-10.51
10441,4/24/2023 5:21:00 PM,-10.63
10441,4/24/2023 5:21:00 PM,-10.75
10441,4/24/2023 5:21:00 PM,-10.69
10441,4/24/2023 5:21:00 PM,-10.87
10441,4/24/2023 5:21:00 PM,-10.63
10441,4/24/2023 5:21:00 PM,-10.57
10441,4/24/2023 5:21:00 PM,-10.63
10441,4/24/2023 5:22:00 PM,-10.57
10441,4/24/2023 5:22:00 PM,-10.93
10441,4/24/2023 5:22:00 PM,-10.81
10441,4/24/2023 5:22:00 PM,-10.75
10441,4/24/2023 5:22:00 PM,-10.63
10441,4/24/2023 5:22:00 PM,-10.87
10441,4/24/2023 5:22:00 PM,-10.93
10441,4/24/2023 5:22:00 PM,-10.87
10441,4/24/2023 5:22:00 PM,-10.81
10441,4/24/2023 5:23:00 PM,-10.87
10441,4/24/2023 5:23:00 PM,-10.93
10441,4/24/2023 5:23:00 PM,-10.57
10441,4/24/2023 5:23:00 PM,-10.99
10441,4/24/2023 5:23:00 PM,-10.81
10441,4/24/2023 5:24:00 PM,-11.05
10441,4/24/2023 5:24:00 PM,-10.93
10441,4/24/2023 5:24:00 PM,-10.87
10441,4/24/2023 5:24:00 PM,-10.93
10441,4/24/2023 5:24:00 PM,-10.87
10441,4/24/2023 5:24:00 PM,-10.93
10441,4/24/2023 5:24:00 PM,-11.05
10441,4/24/2023 5:24:00 PM,-10.93
10441,4/24/2023 5:24:00 PM,-10.81
10441,4/24/2023 5:24:00 PM,-10.93
10441,4/24/2023 5:24:00 PM,-10.87
10441,4/24/2023 5:25:00 PM,-10.93
10441,4/24/2023 5:25:00 PM,-10.69
10441,4/24/2023 5:25:00 PM,-10.87
10441,4/24/2023 5:25:00 PM,-10.81
10441,4/24/2023 5:25:00 PM,-10.63
10441,4/24/2023 5:25:00 PM,-10.75
10441,4/24/2023 5:25:00 PM,-10.81
10441,4/24/2023 5:25:00 PM,-10.75
10441,4/24/2023 5:26:00 PM,-10.34
10441,4/24/2023 5:26:00 PM,-10.57
10441,4/24/2023 5:26:00 PM,-10.51
10441,4/24/2023 5:26:00 PM,-10.45
10441,4/24/2023 5:26:00 PM,-10.63
10441,4/24/2023 5:26:00 PM,-10.57
10441,4/24/2023 5:26:00 PM,-10.51
10441,4/24/2023 5:26:00 PM,-10.57
10441,4/24/2023 5:26:00 PM,-10.69
10441,4/24/2023 5:27:00 PM,-10.45
10441,4/24/2023 5:27:00 PM,-10.34
10441,4/24/2023 5:27:00 PM,-10.22
10441,4/24/2023 5:27:00 PM,-10.51
10441,4/24/2023 5:27:00 PM,-10.45
10441,4/24/2023 5:27:00 PM,-10.40
10441,4/24/2023 5:27:00 PM,-10.45
10441,4/24/2023 5:27:00 PM,-10.51
10441,4/24/2023 5:27:00 PM,-10.34
10441,4/24/2023 5:27:00 PM,-10.40
10441,4/24/2023 5:27:00 PM,-10.34
10441,4/24/2023 5:27:00 PM,-10.51
10441,4/24/2023 5:27:00 PM,-10.45
10441,4/24/2023 5:28:00 PM,-10.51
10441,4/24/2023 5:28:00 PM,-10.34
10441,4/24/2023 5:28:00 PM,-10.51
10441,4/24/2023 5:28:00 PM,-10.57
10441,4/24/2023 5:28:00 PM,-10.63
10441,4/24/2023 5:28:00 PM,-10.99
10441,4/24/2023 5:28:00 PM,-10.63
10441,4/24/2023 5:28:00 PM,-10.69
10441,4/24/2023 5:28:00 PM,-10.75
10441,4/24/2023 5:28:00 PM,-10.81
10441,4/24/2023 5:28:00 PM,-10.75
10441,4/24/2023 5:29:00 PM,-10.69
10441,4/24/2023 5:29:00 PM,-10.81
10441,4/24/2023 5:29:00 PM,-10.75
10441,4/24/2023 5:29:00 PM,-10.81
10441,4/24/2023 5:29:00 PM,-10.87
10441,4/24/2023 5:29:00 PM,-10.69
10441,4/24/2023 5:29:00 PM,-10.75
10441,4/24/2023 5:30:00 PM,-10.57
10441,4/24/2023 5:30:00 PM,-10.69
10441,4/24/2023 5:30:00 PM,-10.75
10441,4/24/2023 5:30:00 PM,-10.81
10441,4/24/2023 5:30:00 PM,-10.63
10441,4/24/2023 5:30:00 PM,-10.57
10441,4/24/2023 5:30:00 PM,-10.63
10441,4/24/2023 5:30:00 PM,-10.81
10441,4/24/2023 5:30:00 PM,-10.93
10441,4/24/2023 5:30:00 PM,-11.05
10441,4/24/2023 5:30:00 PM,-10.81
10441,4/24/2023 5:30:00 PM,-10.63
10441,4/24/2023 5:30:00 PM,-10.69
10441,4/24/2023 5:31:00 PM,-10.63
10441,4/24/2023 5:31:00 PM,-10.57
10441,4/24/2023 5:31:00 PM,-10.45
10441,4/24/2023 5:31:00 PM,-10.63
10441,4/24/2023 5:31:00 PM,-10.57
10441,4/24/2023 5:31:00 PM,-10.45
10441,4/24/2023 5:31:00 PM,-10.63
10441,4/24/2023 5:31:00 PM,-10.51
10441,4/24/2023 5:31:00 PM,-10.45
10441,4/24/2023 5:32:00 PM,-10.63
10441,4/24/2023 5:32:00 PM,-10.51
10441,4/24/2023 5:32:00 PM,-10.57
10441,4/24/2023 5:32:00 PM,-10.69
10441,4/24/2023 5:32:00 PM,-10.45
10441,4/24/2023 5:32:00 PM,-10.69
10441,4/24/2023 5:32:00 PM,-10.57
10441,4/24/2023 5:33:00 PM,-10.57
10441,4/24/2023 5:33:00 PM,-10.63
10441,4/24/2023 5:33:00 PM,-10.51
10441,4/24/2023 5:33:00 PM,-10.57
10441,4/24/2023 5:33:00 PM,-10.63
10441,4/24/2023 5:33:00 PM,-10.57
10441,4/24/2023 5:34:00 PM,-10.63
10441,4/24/2023 5:35:00 PM,-10.69
10441,4/24/2023 5:35:00 PM,-10.63
10441,4/24/2023 5:35:00 PM,-10.75
10441,4/24/2023 5:35:00 PM,-10.69
10441,4/24/2023 5:35:00 PM,-10.75
10441,4/24/2023 5:35:00 PM,-11.05
10441,4/24/2023 5:35:00 PM,-10.87
10441,4/24/2023 5:35:00 PM,-10.81
10441,4/24/2023 5:35:00 PM,-10.69
10441,4/24/2023 5:36:00 PM,-10.87
10441,4/24/2023 5:36:00 PM,-10.81
10441,4/24/2023 5:36:00 PM,-10.75
10441,4/24/2023 5:36:00 PM,-10.69
10441,4/24/2023 5:36:00 PM,-10.57
10441,4/24/2023 5:36:00 PM,-10.63
10441,4/24/2023 5:36:00 PM,-10.75
10441,4/24/2023 5:36:00 PM,-10.81
10441,4/24/2023 5:36:00 PM,-10.75
10441,4/24/2023 5:37:00 PM,-10.69
10441,4/24/2023 5:37:00 PM,-10.75
10441,4/24/2023 5:38:00 PM,-10.81
10441,4/24/2023 5:38:00 PM,-10.75
10441,4/24/2023 5:38:00 PM,-10.63
10441,4/24/2023 5:38:00 PM,-10.75
10441,4/24/2023 5:38:00 PM,-10.93
10441,4/24/2023 5:38:00 PM,-10.81
10441,4/24/2023 5:38:00 PM,-10.75
10441,4/24/2023 5:39:00 PM,-10.63
10441,4/24/2023 5:39:00 PM,-10.69
10441,4/24/2023 5:39:00 PM,-10.63
10441,4/24/2023 5:39:00 PM,-10.51
10441,4/24/2023 5:39:00 PM,-10.69
10441,4/24/2023 5:39:00 PM,-10.57
10441,4/24/2023 5:40:00 PM,-10.63
10441,4/24/2023 5:40:00 PM,-10.69
10441,4/24/2023 5:40:00 PM,-10.69
10441,4/24/2023 5:40:00 PM,-10.63
10441,4/24/2023 5:40:00 PM,-10.63
10441,4/24/2023 5:40:00 PM,-10.57
10441,4/24/2023 5:40:00 PM,-10.51
10441,4/24/2023 5:40:00 PM,-10.57
10441,4/24/2023 5:40:00 PM,-10.81
10441,4/24/2023 5:40:00 PM,-10.63
10441,4/24/2023 5:41:00 PM,-10.51
10441,4/24/2023 5:41:00 PM,-10.69
10441,4/24/2023 5:41:00 PM,-10.57
10441,4/24/2023 5:41:00 PM,-10.51
10441,4/24/2023 5:41:00 PM,-10.63
10441,4/24/2023 5:41:00 PM,-10.69
10441,4/24/2023 5:41:00 PM,-10.57
10441,4/24/2023 5:41:00 PM,-10.51
10441,4/24/2023 5:41:00 PM,-10.69
10441,4/24/2023 5:41:00 PM,-10.63
10441,4/24/2023 5:42:00 PM,-10.45
10441,4/24/2023 5:42:00 PM,-10.45
10441,4/24/2023 5:42:00 PM,-10.34
10441,4/24/2023 5:42:00 PM,-10.40
10441,4/24/2023 5:42:00 PM,-10.51
10441,4/24/2023 5:42:00 PM,-10.34
10441,4/24/2023 5:42:00 PM,-10.40
10441,4/24/2023 5:42:00 PM,-10.45
10441,4/24/2023 5:42:00 PM,-10.63
10441,4/24/2023 5:42:00 PM,-10.57
10441,4/24/2023 5:42:00 PM,-10.51
10441,4/24/2023 5:43:00 PM,-10.34
10441,4/24/2023 5:43:00 PM,-10.57
10441,4/24/2023 5:43:00 PM,-10.51
10441,4/24/2023 5:43:00 PM,-10.63
10441,4/24/2023 5:43:00 PM,-10.69
10441,4/24/2023 5:43:00 PM,-10.45
10441,4/24/2023 5:43:00 PM,-10.69
10441,4/24/2023 5:43:00 PM,-10.45
10441,4/24/2023 5:43:00 PM,-10.51
10441,4/24/2023 5:43:00 PM,-10.45
10441,4/24/2023 5:44:00 PM,-10.57
10441,4/24/2023 5:44:00 PM,-10.04
10441,4/24/2023 5:44:00 PM,-10.45
10441,4/24/2023 5:44:00 PM,-10.51
10441,4/24/2023 5:44:00 PM,-10.63
10441,4/24/2023 5:44:00 PM,-10.57
10441,4/24/2023 5:44:00 PM,-10.51
10441,4/24/2023 5:44:00 PM,-10.40
10441,4/24/2023 5:44:00 PM,-10.81
10441,4/24/2023 5:44:00 PM,-10.63
10441,4/24/2023 5:45:00 PM,-10.40
10441,4/24/2023 5:45:00 PM,-10.69
10441,4/24/2023 5:45:00 PM,-10.51
10441,4/24/2023 5:45:00 PM,-10.45
10441,4/24/2023 5:45:00 PM,-10.57
10441,4/24/2023 5:45:00 PM,-10.51
10441,4/24/2023 5:45:00 PM,-10.45
10441,4/24/2023 5:45:00 PM,-10.69
10441,4/24/2023 5:45:00 PM,-10.57
10441,4/24/2023 5:45:00 PM,-10.51
10441,4/24/2023 5:46:00 PM,-10.63
10441,4/24/2023 5:46:00 PM,-10.40
10441,4/24/2023 5:46:00 PM,-10.51
10441,4/24/2023 5:46:00 PM,-10.63
10441,4/24/2023 5:46:00 PM,-10.57
10441,4/24/2023 5:46:00 PM,-10.81
10441,4/24/2023 5:46:00 PM,-10.40
10441,4/24/2023 5:46:00 PM,-10.51
10441,4/24/2023 5:46:00 PM,-10.75
10441,4/24/2023 5:46:00 PM,-10.45
10441,4/24/2023 5:46:00 PM,-10.40
10441,4/24/2023 5:46:00 PM,-10.51
10441,4/24/2023 5:47:00 PM,-10.45
10441,4/24/2023 5:47:00 PM,-10.57
10441,4/24/2023 5:47:00 PM,-10.45
10441,4/24/2023 5:47:00 PM,-10.40
10441,4/24/2023 5:47:00 PM,-10.51
10441,4/24/2023 5:48:00 PM,-10.34
10441,4/24/2023 5:48:00 PM,-10.40
10441,4/24/2023 5:48:00 PM,-10.57
10441,4/24/2023 5:48:00 PM,-10.45
10441,4/24/2023 5:48:00 PM,-10.40
10441,4/24/2023 5:48:00 PM,-10.45
10441,4/24/2023 5:48:00 PM,-10.45
10441,4/24/2023 5:48:00 PM,-10.34
10441,4/24/2023 5:48:00 PM,-10.28
10441,4/24/2023 5:48:00 PM,-10.69
10441,4/24/2023 5:48:00 PM,-10.51
10441,4/24/2023 5:48:00 PM,-10.40
10441,4/24/2023 5:49:00 PM,-10.45
10441,4/24/2023 5:49:00 PM,-10.28
10441,4/24/2023 5:49:00 PM,-10.63
10441,4/24/2023 5:49:00 PM,-10.45
10441,4/24/2023 5:49:00 PM,-10.51
10441,4/24/2023 5:49:00 PM,-10.28
10441,4/24/2023 5:49:00 PM,-10.34
10441,4/24/2023 5:49:00 PM,-10.57
10441,4/24/2023 5:49:00 PM,-10.63
10441,4/24/2023 5:49:00 PM,-10.51
10441,4/24/2023 5:49:00 PM,-10.57
10441,4/24/2023 5:49:00 PM,-10.75
10441,4/24/2023 5:50:00 PM,-10.45
10441,4/24/2023 5:50:00 PM,-10.75
10441,4/24/2023 5:50:00 PM,-10.51
10441,4/24/2023 5:50:00 PM,-10.40
10441,4/24/2023 5:50:00 PM,-10.45
10441,4/24/2023 5:50:00 PM,-10.51
10441,4/24/2023 5:50:00 PM,-10.45
10441,4/24/2023 5:50:00 PM,-10.51
10441,4/24/2023 5:51:00 PM,-10.57
10441,4/24/2023 5:51:00 PM,-10.51
10441,4/24/2023 5:51:00 PM,-10.63
10441,4/24/2023 5:51:00 PM,-10.45
10441,4/24/2023 5:51:00 PM,-10.40
10441,4/24/2023 5:51:00 PM,-10.34
10441,4/24/2023 5:51:00 PM,-10.81
10441,4/24/2023 5:51:00 PM,-10.63
10441,4/24/2023 5:52:00 PM,-10.63
10441,4/24/2023 5:52:00 PM,-10.57
10441,4/24/2023 5:52:00 PM,-10.51
10441,4/24/2023 5:52:00 PM,-10.57
10441,4/24/2023 5:52:00 PM,-10.69
10441,4/24/2023 5:52:00 PM,-10.57
10441,4/24/2023 5:52:00 PM,-10.51
10441,4/24/2023 5:52:00 PM,-10.75
10441,4/24/2023 5:52:00 PM,-10.51
10441,4/24/2023 5:52:00 PM,-10.45
10441,4/24/2023 5:53:00 PM,-10.34
10441,4/24/2023 5:53:00 PM,-10.40
10441,4/24/2023 5:53:00 PM,-10.45
10441,4/24/2023 5:53:00 PM,-10.34
10441,4/24/2023 5:53:00 PM,-10.40
10441,4/24/2023 5:53:00 PM,-10.51
10441,4/24/2023 5:53:00 PM,-10.40
10441,4/24/2023 5:53:00 PM,-10.69
10441,4/24/2023 5:53:00 PM,-10.51
10441,4/24/2023 5:53:00 PM,-10.75
10441,4/24/2023 5:53:00 PM,-10.22
10441,4/24/2023 5:53:00 PM,-10.45
10441,4/24/2023 5:54:00 PM,-10.40
10441,4/24/2023 5:54:00 PM,-10.34
10441,4/24/2023 5:54:00 PM,-10.40
10441,4/24/2023 5:54:00 PM,-10.51
10441,4/24/2023 5:54:00 PM,-10.40
10441,4/24/2023 5:54:00 PM,-10.45
10441,4/24/2023 5:54:00 PM,-10.45
10441,4/24/2023 5:54:00 PM,-10.51
10441,4/24/2023 5:54:00 PM,-10.57
10441,4/24/2023 5:54:00 PM,-10.51
10441,4/24/2023 5:54:00 PM,-10.45
10441,4/24/2023 5:54:00 PM,-10.40
10441,4/24/2023 5:55:00 PM,-10.40
10441,4/24/2023 5:55:00 PM,-10.57
10441,4/24/2023 5:55:00 PM,-10.28
10441,4/24/2023 5:55:00 PM,-10.34
10441,4/24/2023 5:55:00 PM,-10.40
10441,4/24/2023 5:55:00 PM,-10.45
10441,4/24/2023 5:55:00 PM,-10.40
10441,4/24/2023 5:55:00 PM,-10.51
10441,4/24/2023 5:55:00 PM,-10.40
10441,4/24/2023 5:55:00 PM,-10.57
10441,4/24/2023 5:55:00 PM,-10.45
10441,4/24/2023 5:56:00 PM,-10.51
10441,4/24/2023 5:56:00 PM,-10.45
10441,4/24/2023 5:56:00 PM,-10.63
10441,4/24/2023 5:56:00 PM,-10.45
10441,4/24/2023 5:56:00 PM,-10.51
10441,4/24/2023 5:56:00 PM,-10.45
10441,4/24/2023 5:56:00 PM,-10.57
10441,4/24/2023 5:56:00 PM,-10.45
10441,4/24/2023 5:56:00 PM,-10.40
10441,4/24/2023 5:56:00 PM,-10.51
10441,4/24/2023 5:57:00 PM,-10.57
10441,4/24/2023 5:57:00 PM,-10.51
10441,4/24/2023 5:57:00 PM,-10.45
10441,4/24/2023 5:57:00 PM,-10.57
10441,4/24/2023 5:57:00 PM,-10.51
10441,4/24/2023 5:57:00 PM,-10.45
10441,4/24/2023 5:57:00 PM,-10.40
10441,4/24/2023 5:57:00 PM,-10.51
10441,4/24/2023 5:57:00 PM,-10.63
10441,4/24/2023 5:57:00 PM,-10.45
10441,4/24/2023 5:57:00 PM,-10.69
10441,4/24/2023 5:57:00 PM,-10.40
10441,4/24/2023 5:58:00 PM,-10.51
10441,4/24/2023 5:58:00 PM,-10.40
10441,4/24/2023 5:58:00 PM,-10.45
10441,4/24/2023 5:58:00 PM,-10.51
10441,4/24/2023 5:58:00 PM,-10.63
10441,4/24/2023 5:58:00 PM,-10.93
10441,4/24/2023 5:58:00 PM,-10.57
10441,4/24/2023 5:58:00 PM,-10.51
10441,4/24/2023 5:58:00 PM,-10.45
10441,4/24/2023 5:59:00 PM,-10.51
10441,4/24/2023 5:59:00 PM,-10.34
10441,4/24/2023 5:59:00 PM,-10.45
10441,4/24/2023 5:59:00 PM,-10.63
10441,4/24/2023 5:59:00 PM,-10.45
10441,4/24/2023 5:59:00 PM,-10.40
10441,4/24/2023 5:59:00 PM,-10.45
10441,4/24/2023 5:59:00 PM,-10.99
10441,4/24/2023 5:59:00 PM,-10.45
10441,4/24/2023 5:59:00 PM,-10.63
10441,4/24/2023 5:59:00 PM,-10.51
10441,4/24/2023 6:00:00 PM,-10.51
10441,4/24/2023 6:00:00 PM,-10.16
10441,4/24/2023 6:00:00 PM,-10.57
10441,4/24/2023 6:00:00 PM,-10.51
10441,4/24/2023 6:00:00 PM,-10.57
10441,4/24/2023 6:00:00 PM,-10.51
10441,4/24/2023 6:00:00 PM,-10.45
10441,4/24/2023 6:00:00 PM,-10.57
10441,4/24/2023 6:00:00 PM,-10.45
10441,4/24/2023 6:00:00 PM,-10.63
10441,4/24/2023 6:00:00 PM,-10.57
10441,4/24/2023 6:01:00 PM,-10.57
10441,4/24/2023 6:01:00 PM,-10.63
10441,4/24/2023 6:01:00 PM,-10.57
10441,4/24/2023 6:01:00 PM,-10.51
10441,4/24/2023 6:02:00 PM,-10.45
10441,4/24/2023 6:02:00 PM,-10.57
10441,4/24/2023 6:02:00 PM,-10.51
10441,4/24/2023 6:02:00 PM,-10.57
10441,4/24/2023 6:02:00 PM,-10.51
10441,4/24/2023 6:03:00 PM,-10.51
10441,4/24/2023 6:03:00 PM,-10.45
10441,4/24/2023 6:03:00 PM,-10.45
10441,4/24/2023 6:03:00 PM,-10.51
10441,4/24/2023 6:03:00 PM,-10.34
10441,4/24/2023 6:03:00 PM,-10.57
10441,4/24/2023 6:03:00 PM,-10.40
10441,4/24/2023 6:03:00 PM,-10.22
10441,4/24/2023 6:03:00 PM,-10.45
10441,4/24/2023 6:04:00 PM,-10.40
10441,4/24/2023 6:04:00 PM,-10.34
10441,4/24/2023 6:04:00 PM,-10.40
10441,4/24/2023 6:04:00 PM,-10.16
10441,4/24/2023 6:04:00 PM,-10.40
10441,4/24/2023 6:04:00 PM,-10.34
10441,4/24/2023 6:05:00 PM,-10.22
10441,4/24/2023 6:05:00 PM,-10.16
10441,4/24/2023 6:05:00 PM,-9.98
10441,4/24/2023 6:05:00 PM,-10.28
10441,4/24/2023 6:05:00 PM,-10.34
10441,4/24/2023 6:05:00 PM,-10.28
10441,4/24/2023 6:05:00 PM,-10.22
10441,4/24/2023 6:05:00 PM,-10.16
10441,4/24/2023 6:06:00 PM,-10.16
10441,4/24/2023 6:06:00 PM,-10.63
10441,4/24/2023 6:06:00 PM,-10.28
10441,4/24/2023 6:06:00 PM,-10.22
10441,4/24/2023 6:06:00 PM,-10.16
10441,4/24/2023 6:06:00 PM,-10.22
10441,4/24/2023 6:06:00 PM,-10.22
10441,4/24/2023 6:06:00 PM,-10.45
10441,4/24/2023 6:07:00 PM,-10.34
10441,4/24/2023 6:07:00 PM,-10.45
10441,4/24/2023 6:07:00 PM,-10.51
10441,4/24/2023 6:07:00 PM,-10.57
10441,4/24/2023 6:07:00 PM,-10.28
10441,4/24/2023 6:07:00 PM,-10.22
10441,4/24/2023 6:07:00 PM,-10.16
10441,4/24/2023 6:07:00 PM,-10.34
10441,4/24/2023 6:07:00 PM,-10.40
10441,4/24/2023 6:07:00 PM,-10.57
10441,4/24/2023 6:07:00 PM,-10.34
10441,4/24/2023 6:08:00 PM,-10.51
10441,4/24/2023 6:08:00 PM,-10.40
10441,4/24/2023 6:08:00 PM,-10.51
10441,4/24/2023 6:08:00 PM,-10.45
10441,4/24/2023 6:08:00 PM,-10.51
10441,4/24/2023 6:08:00 PM,-10.75
10441,4/24/2023 6:08:00 PM,-10.57
10441,4/24/2023 6:08:00 PM,-10.63
10441,4/24/2023 6:08:00 PM,-10.28
10441,4/24/2023 6:09:00 PM,-10.22
10441,4/24/2023 6:09:00 PM,-10.40
10441,4/24/2023 6:09:00 PM,-10.28
10441,4/24/2023 6:09:00 PM,-10.40
10441,4/24/2023 6:09:00 PM,-10.10
10441,4/24/2023 6:09:00 PM,-10.63
10441,4/24/2023 6:09:00 PM,-10.34
10441,4/24/2023 6:09:00 PM,-10.28
10441,4/24/2023 6:09:00 PM,-10.22
10441,4/24/2023 6:09:00 PM,-10.28
10441,4/24/2023 6:09:00 PM,-10.16
10441,4/24/2023 6:10:00 PM,-10.16
10441,4/24/2023 6:10:00 PM,-10.34
10441,4/24/2023 6:10:00 PM,-10.04
10441,4/24/2023 6:10:00 PM,-9.98
10441,4/24/2023 6:10:00 PM,-10.40
10441,4/24/2023 6:10:00 PM,-10.22
10441,4/24/2023 6:10:00 PM,-10.34
10441,4/24/2023 6:10:00 PM,-10.22
10441,4/24/2023 6:10:00 PM,-10.40
10441,4/24/2023 6:10:00 PM,-10.10
10441,4/24/2023 6:10:00 PM,-9.86
10441,4/24/2023 6:11:00 PM,-9.98
10441,4/24/2023 6:11:00 PM,-9.74
10441,4/24/2023 6:11:00 PM,-9.80
10441,4/24/2023 6:11:00 PM,-9.98
10441,4/24/2023 6:11:00 PM,-9.68
10441,4/24/2023 6:11:00 PM,-9.80
10441,4/24/2023 6:11:00 PM,-9.86
10441,4/24/2023 6:11:00 PM,-10.16
10441,4/24/2023 6:11:00 PM,-9.98
10441,4/24/2023 6:11:00 PM,-9.56
10441,4/24/2023 6:11:00 PM,-9.98
10441,4/24/2023 6:11:00 PM,-9.92
10441,4/24/2023 6:12:00 PM,-9.80
10441,4/24/2023 6:12:00 PM,-9.92
10441,4/24/2023 6:12:00 PM,-10.04
10441,4/24/2023 6:12:00 PM,-9.92
10441,4/24/2023 6:12:00 PM,-10.16
10441,4/24/2023 6:12:00 PM,-10.04
10441,4/24/2023 6:12:00 PM,-9.98
10441,4/24/2023 6:12:00 PM,-10.10
10441,4/24/2023 6:12:00 PM,-10.16
10441,4/24/2023 6:13:00 PM,-10.10
10441,4/24/2023 6:13:00 PM,-10.04
10441,4/24/2023 6:13:00 PM,-9.98
10441,4/24/2023 6:13:00 PM,-9.92
10441,4/24/2023 6:13:00 PM,-9.80
10441,4/24/2023 6:13:00 PM,-9.98
10441,4/24/2023 6:13:00 PM,-9.80
10441,4/24/2023 6:13:00 PM,-9.98
10441,4/24/2023 6:13:00 PM,-9.74
10441,4/24/2023 6:13:00 PM,-9.98
10441,4/24/2023 6:14:00 PM,-9.92
10441,4/24/2023 6:14:00 PM,-9.86
10441,4/24/2023 6:14:00 PM,-9.92
10441,4/24/2023 6:14:00 PM,-9.98
10441,4/24/2023 6:14:00 PM,-10.22
10441,4/24/2023 6:14:00 PM,-10.16
10441,4/24/2023 6:14:00 PM,-9.92
10441,4/24/2023 6:14:00 PM,-9.68
10441,4/24/2023 6:14:00 PM,-9.98
10441,4/24/2023 6:14:00 PM,-10.04
10441,4/24/2023 6:14:00 PM,-10.10
10441,4/24/2023 6:14:00 PM,-9.98
10441,4/24/2023 6:14:00 PM,-10.04
10441,4/24/2023 6:15:00 PM,-9.86
10441,4/24/2023 6:15:00 PM,-9.98
10441,4/24/2023 6:15:00 PM,-9.92
10441,4/24/2023 6:15:00 PM,-9.86
10441,4/24/2023 6:15:00 PM,-9.86
10441,4/24/2023 6:15:00 PM,-9.14
10441,4/24/2023 6:15:00 PM,-9.98
10441,4/24/2023 6:15:00 PM,-9.80
10441,4/24/2023 6:15:00 PM,-9.74
10441,4/24/2023 6:15:00 PM,-9.68
10441,4/24/2023 6:15:00 PM,-9.80
10441,4/24/2023 6:15:00 PM,-9.92
10441,4/24/2023 6:15:00 PM,-9.86
10441,4/24/2023 6:15:00 PM,-9.92
10441,4/24/2023 6:16:00 PM,-9.86
10441,4/24/2023 6:16:00 PM,-9.74
10441,4/24/2023 6:16:00 PM,-9.56
10441,4/24/2023 6:16:00 PM,-9.62
10441,4/24/2023 6:16:00 PM,-9.86
10441,4/24/2023 6:16:00 PM,-9.98
10441,4/24/2023 6:16:00 PM,-9.80
10441,4/24/2023 6:16:00 PM,-9.74
10441,4/24/2023 6:16:00 PM,-9.68
10441,4/24/2023 6:16:00 PM,-9.62
10441,4/24/2023 6:17:00 PM,-9.98
10441,4/24/2023 6:17:00 PM,-9.50
10441,4/24/2023 6:17:00 PM,-9.44
10441,4/24/2023 6:17:00 PM,-9.62
10441,4/24/2023 6:17:00 PM,-9.56
10441,4/24/2023 6:17:00 PM,-9.68
10441,4/24/2023 6:17:00 PM,-9.56
10441,4/24/2023 6:17:00 PM,-9.62
10441,4/24/2023 6:17:00 PM,-9.32
10441,4/24/2023 6:17:00 PM,-9.50
10441,4/24/2023 6:17:00 PM,-9.62
10441,4/24/2023 6:18:00 PM,-9.68
10441,4/24/2023 6:18:00 PM,-9.56
10441,4/24/2023 6:18:00 PM,-9.74
10441,4/24/2023 6:18:00 PM,-9.68
10441,4/24/2023 6:18:00 PM,-9.74
10441,4/24/2023 6:18:00 PM,-9.74
10441,4/24/2023 6:18:00 PM,-9.86
10441,4/24/2023 6:18:00 PM,-9.68
10441,4/24/2023 6:18:00 PM,-9.92
10441,4/24/2023 6:18:00 PM,-9.74
10441,4/24/2023 6:18:00 PM,-9.80
10441,4/24/2023 6:19:00 PM,-9.80
10441,4/24/2023 6:19:00 PM,-9.74
10441,4/24/2023 6:19:00 PM,-10.10
10441,4/24/2023 6:19:00 PM,-9.80
10441,4/24/2023 6:19:00 PM,-9.86
10441,4/24/2023 6:19:00 PM,-9.74
10441,4/24/2023 6:19:00 PM,-9.86
10441,4/24/2023 6:19:00 PM,-9.62
10441,4/24/2023 6:20:00 PM,-9.80
10441,4/24/2023 6:20:00 PM,-9.50
10441,4/24/2023 6:20:00 PM,-9.80
10441,4/24/2023 6:20:00 PM,-9.56
10441,4/24/2023 6:20:00 PM,-9.80
10441,4/24/2023 6:20:00 PM,-9.56
10441,4/24/2023 6:20:00 PM,-9.98
10441,4/24/2023 6:20:00 PM,-9.62
10441,4/24/2023 6:20:00 PM,-9.80
10441,4/24/2023 6:20:00 PM,-9.44
10441,4/24/2023 6:20:00 PM,-9.80
10441,4/24/2023 6:20:00 PM,-9.68
10441,4/24/2023 6:20:00 PM,-9.80
10441,4/24/2023 6:21:00 PM,-9.86
10441,4/24/2023 6:21:00 PM,-9.50
10441,4/24/2023 6:21:00 PM,-9.68
10441,4/24/2023 6:21:00 PM,-9.80
10441,4/24/2023 6:21:00 PM,-9.68
10441,4/24/2023 6:21:00 PM,-9.62
10441,4/24/2023 6:21:00 PM,-9.68
10441,4/24/2023 6:21:00 PM,-9.74
10441,4/24/2023 6:21:00 PM,-9.80
10441,4/24/2023 6:21:00 PM,-9.92
10441,4/24/2023 6:22:00 PM,-9.80
10441,4/24/2023 6:22:00 PM,-10.04
10441,4/24/2023 6:22:00 PM,-9.80
10441,4/24/2023 6:22:00 PM,-9.74
10441,4/24/2023 6:22:00 PM,-9.80
10441,4/24/2023 6:22:00 PM,-9.74
10441,4/24/2023 6:22:00 PM,-9.92
10441,4/24/2023 6:22:00 PM,-9.86
10441,4/24/2023 6:22:00 PM,-9.92
10441,4/24/2023 6:22:00 PM,-9.80
10441,4/24/2023 6:22:00 PM,-9.86
10441,4/24/2023 6:22:00 PM,-9.98
10441,4/24/2023 6:22:00 PM,-9.92
10441,4/24/2023 6:22:00 PM,-9.86
10441,4/24/2023 6:23:00 PM,-9.92
10441,4/24/2023 6:23:00 PM,-10.04
10441,4/24/2023 6:23:00 PM,-9.86
10441,4/24/2023 6:23:00 PM,-9.92
10441,4/24/2023 6:23:00 PM,-9.86
10441,4/24/2023 6:23:00 PM,-9.98
10441,4/24/2023 6:23:00 PM,-9.86
10441,4/24/2023 6:23:00 PM,-9.92
10441,4/24/2023 6:24:00 PM,-9.98
10441,4/24/2023 6:24:00 PM,-10.04
10441,4/24/2023 6:24:00 PM,-9.98
10441,4/24/2023 6:24:00 PM,-10.10
10441,4/24/2023 6:24:00 PM,-10.04
10441,4/24/2023 6:24:00 PM,-9.98
10441,4/24/2023 6:24:00 PM,-10.04
10441,4/24/2023 6:24:00 PM,-9.92
10441,4/24/2023 6:25:00 PM,-9.98
10441,4/24/2023 6:25:00 PM,-10.28
10441,4/24/2023 6:25:00 PM,-10.22
10441,4/24/2023 6:25:00 PM,-10.16
10441,4/24/2023 6:25:00 PM,-10.28
10441,4/24/2023 6:25:00 PM,-10.04
10441,4/24/2023 6:25:00 PM,-9.98
10441,4/24/2023 6:25:00 PM,-9.92
10441,4/24/2023 6:25:00 PM,-10.22
10441,4/24/2023 6:26:00 PM,-9.98
10441,4/24/2023 6:26:00 PM,-9.92
10441,4/24/2023 6:26:00 PM,-9.98
10441,4/24/2023 6:26:00 PM,-9.80
10441,4/24/2023 6:26:00 PM,-9.74
10441,4/24/2023 6:26:00 PM,-9.68
10441,4/24/2023 6:26:00 PM,-9.74
10441,4/24/2023 6:26:00 PM,-9.80
10441,4/24/2023 6:26:00 PM,-9.38
10441,4/24/2023 6:27:00 PM,-9.80
10441,4/24/2023 6:27:00 PM,-10.04
10441,4/24/2023 6:27:00 PM,-9.98
10441,4/24/2023 6:27:00 PM,-10.04
10441,4/24/2023 6:27:00 PM,-10.10
10441,4/24/2023 6:27:00 PM,-9.98
10441,4/24/2023 6:27:00 PM,-9.92
10441,4/24/2023 6:28:00 PM,-9.62
10441,4/24/2023 6:28:00 PM,-9.44
10441,4/24/2023 6:28:00 PM,-9.74
10441,4/24/2023 6:28:00 PM,-9.68
10441,4/24/2023 6:28:00 PM,-9.50
10441,4/24/2023 6:28:00 PM,-9.74
10441,4/24/2023 6:28:00 PM,-9.68
10441,4/24/2023 6:28:00 PM,-9.80
10441,4/24/2023 6:28:00 PM,-9.92
10441,4/24/2023 6:28:00 PM,-9.86
10441,4/24/2023 6:28:00 PM,-9.98
10441,4/24/2023 6:28:00 PM,-9.92
10441,4/24/2023 6:28:00 PM,-9.68
10441,4/24/2023 6:28:00 PM,-9.98
10441,4/24/2023 6:29:00 PM,-9.44
10441,4/24/2023 6:29:00 PM,-9.74
10441,4/24/2023 6:29:00 PM,-9.86
10441,4/24/2023 6:29:00 PM,-9.68
10441,4/24/2023 6:29:00 PM,-9.74
10441,4/24/2023 6:29:00 PM,-9.62
10441,4/24/2023 6:29:00 PM,-10.04
10441,4/24/2023 6:29:00 PM,-9.86
10441,4/24/2023 6:29:00 PM,-9.92
10441,4/24/2023 6:30:00 PM,-10.04
10441,4/24/2023 6:30:00 PM,-9.92
10441,4/24/2023 6:30:00 PM,-10.04
10441,4/24/2023 6:30:00 PM,-9.98
10441,4/24/2023 6:30:00 PM,-10.16
10441,4/24/2023 6:30:00 PM,-10.04
10441,4/24/2023 6:30:00 PM,-10.16
10441,4/24/2023 6:30:00 PM,-10.28
10441,4/24/2023 6:31:00 PM,-10.40
10441,4/24/2023 6:31:00 PM,-10.45
10441,4/24/2023 6:31:00 PM,-10.69
10441,4/24/2023 6:31:00 PM,-10.57
10441,4/24/2023 6:31:00 PM,-10.51
10441,4/24/2023 6:32:00 PM,-10.57
10441,4/24/2023 6:32:00 PM,-10.75
10441,4/24/2023 6:32:00 PM,-10.81
10441,4/24/2023 6:32:00 PM,-10.75
10441,4/24/2023 6:32:00 PM,-10.87
10441,4/24/2023 6:32:00 PM,-10.75
10441,4/24/2023 6:32:00 PM,-10.63
10441,4/24/2023 6:32:00 PM,-10.57
10441,4/24/2023 6:32:00 PM,-10.63
10441,4/24/2023 6:32:00 PM,-10.57
10441,4/24/2023 6:33:00 PM,-10.69
10441,4/24/2023 6:33:00 PM,-10.63
10441,4/24/2023 6:33:00 PM,-10.51
10441,4/24/2023 6:33:00 PM,-10.57
10441,4/24/2023 6:33:00 PM,-10.45
10441,4/24/2023 6:34:00 PM,-10.28
10441,4/24/2023 6:34:00 PM,-10.45
10441,4/24/2023 6:34:00 PM,-10.40
10441,4/24/2023 6:34:00 PM,-10.40
10441,4/24/2023 6:34:00 PM,-10.45
10441,4/24/2023 6:34:00 PM,-10.63
10441,4/24/2023 6:34:00 PM,-10.22
10441,4/24/2023 6:34:00 PM,-10.63
10441,4/24/2023 6:34:00 PM,-10.34
10441,4/24/2023 6:35:00 PM,-10.28
10441,4/24/2023 6:35:00 PM,-10.40
10441,4/24/2023 6:35:00 PM,-10.28
10441,4/24/2023 6:35:00 PM,-10.16
10441,4/24/2023 6:35:00 PM,-10.28
10441,4/24/2023 6:35:00 PM,-10.40
10441,4/24/2023 6:35:00 PM,-10.34
10441,4/24/2023 6:35:00 PM,-10.34
10441,4/24/2023 6:35:00 PM,-10.16
10441,4/24/2023 6:35:00 PM,-10.28
10441,4/24/2023 6:35:00 PM,-10.34
10441,4/24/2023 6:35:00 PM,-10.28
10441,4/24/2023 6:35:00 PM,-10.34
10441,4/24/2023 6:36:00 PM,-10.22
10441,4/24/2023 6:36:00 PM,-10.10
10441,4/24/2023 6:36:00 PM,-10.51
10441,4/24/2023 6:36:00 PM,-10.40
10441,4/24/2023 6:36:00 PM,-10.51
10441,4/24/2023 6:36:00 PM,-10.34
10441,4/24/2023 6:36:00 PM,-10.40
10441,4/24/2023 6:36:00 PM,-10.34
10441,4/24/2023 6:36:00 PM,-10.40
10441,4/24/2023 6:36:00 PM,-10.45
10441,4/24/2023 6:37:00 PM,-10.40
10441,4/24/2023 6:37:00 PM,-10.51
10441,4/24/2023 6:37:00 PM,-10.28
10441,4/24/2023 6:37:00 PM,-10.40
10441,4/24/2023 6:37:00 PM,-10.57
10441,4/24/2023 6:37:00 PM,-10.34
10441,4/24/2023 6:37:00 PM,-10.40
10441,4/24/2023 6:37:00 PM,-10.28
10441,4/24/2023 6:37:00 PM,-10.22
10441,4/24/2023 6:38:00 PM,-9.62
10441,4/24/2023 6:38:00 PM,-9.68
10441,4/24/2023 6:38:00 PM,-10.04
10441,4/24/2023 6:38:00 PM,-9.98
10441,4/24/2023 6:38:00 PM,-9.92
10441,4/24/2023 6:38:00 PM,-9.80
10441,4/24/2023 6:38:00 PM,-9.74
10441,4/24/2023 6:38:00 PM,-9.80
10441,4/24/2023 6:38:00 PM,-10.10
10441,4/24/2023 6:39:00 PM,-9.56
10441,4/24/2023 6:39:00 PM,-9.62
10441,4/24/2023 6:39:00 PM,-9.44
10441,4/24/2023 6:39:00 PM,-9.50
10441,4/24/2023 6:39:00 PM,-9.38
10441,4/24/2023 6:39:00 PM,-9.32
10441,4/24/2023 6:39:00 PM,-9.44
10441,4/24/2023 6:39:00 PM,-9.74
10441,4/24/2023 6:40:00 PM,-9.62
10441,4/24/2023 6:40:00 PM,-9.26
10441,4/24/2023 6:40:00 PM,-9.56
10441,4/24/2023 6:40:00 PM,-9.50
10441,4/24/2023 6:40:00 PM,-9.56
10441,4/24/2023 6:40:00 PM,-9.62
10441,4/24/2023 6:40:00 PM,-9.68
10441,4/24/2023 6:40:00 PM,-9.62
10441,4/24/2023 6:40:00 PM,-9.44
10441,4/24/2023 6:41:00 PM,-9.68
10441,4/24/2023 6:41:00 PM,-9.92
10441,4/24/2023 6:41:00 PM,-9.86
10441,4/24/2023 6:41:00 PM,-9.80
10441,4/24/2023 6:41:00 PM,-9.68
10441,4/24/2023 6:41:00 PM,-9.56
10441,4/24/2023 6:41:00 PM,-9.98
10441,4/24/2023 6:41:00 PM,-9.68
10441,4/24/2023 6:41:00 PM,-9.92
10441,4/24/2023 6:41:00 PM,-9.98
10441,4/24/2023 6:41:00 PM,-9.86
10441,4/24/2023 6:41:00 PM,-9.80
10441,4/24/2023 6:42:00 PM,-9.74
10441,4/24/2023 6:42:00 PM,-9.62
10441,4/24/2023 6:42:00 PM,-9.92
10441,4/24/2023 6:42:00 PM,-9.68
10441,4/24/2023 6:42:00 PM,-9.74
10441,4/24/2023 6:42:00 PM,-9.80
10441,4/24/2023 6:42:00 PM,-9.68
10441,4/24/2023 6:42:00 PM,-9.62
10441,4/24/2023 6:43:00 PM,-9.50
10441,4/24/2023 6:43:00 PM,-9.68
10441,4/24/2023 6:43:00 PM,-9.56
10441,4/24/2023 6:43:00 PM,-9.62
10441,4/24/2023 6:43:00 PM,-9.56
10441,4/24/2023 6:43:00 PM,-9.50
10441,4/24/2023 6:43:00 PM,-9.56
10441,4/24/2023 6:43:00 PM,-9.68
10441,4/24/2023 6:43:00 PM,-9.62
10441,4/24/2023 6:43:00 PM,-9.56
10441,4/24/2023 6:43:00 PM,-9.62
10441,4/24/2023 6:44:00 PM,-9.44
10441,4/24/2023 6:44:00 PM,-9.56
10441,4/24/2023 6:44:00 PM,-9.62
10441,4/24/2023 6:44:00 PM,-9.68
10441,4/24/2023 6:44:00 PM,-9.56
10441,4/24/2023 6:44:00 PM,-8.66
10441,4/24/2023 6:44:00 PM,-9.74
10441,4/24/2023 6:44:00 PM,-9.62
10441,4/24/2023 6:44:00 PM,-9.50
10441,4/24/2023 6:45:00 PM,-9.80
10441,4/24/2023 6:45:00 PM,-10.04
10441,4/24/2023 6:45:00 PM,-9.98
10441,4/24/2023 6:45:00 PM,-10.04
10441,4/24/2023 6:45:00 PM,-9.92
10441,4/24/2023 6:45:00 PM,-10.16
10441,4/24/2023 6:45:00 PM,-10.45
10441,4/24/2023 6:45:00 PM,-10.40
10441,4/24/2023 6:45:00 PM,-9.68
10441,4/24/2023 6:45:00 PM,-9.80
10441,4/24/2023 6:45:00 PM,-9.92
10441,4/24/2023 6:46:00 PM,-10.45
10441,4/24/2023 6:46:00 PM,-10.40
10441,4/24/2023 6:46:00 PM,-10.51
10441,4/24/2023 6:46:00 PM,-10.99
10441,4/24/2023 6:46:00 PM,-10.81
10441,4/24/2023 6:46:00 PM,-10.99
10441,4/24/2023 6:46:00 PM,-11.11
10441,4/24/2023 6:46:00 PM,-10.99
10441,4/24/2023 6:46:00 PM,-11.23
10441,4/24/2023 6:46:00 PM,-11.59
10441,4/24/2023 6:46:00 PM,-11.41
10441,4/24/2023 6:46:00 PM,-11.17
10441,4/24/2023 6:47:00 PM,-11.47
10441,4/24/2023 6:47:00 PM,-11.41
10441,4/24/2023 6:47:00 PM,-11.35
10441,4/24/2023 6:47:00 PM,-11.59
10441,4/24/2023 6:47:00 PM,-11.41
10441,4/24/2023 6:47:00 PM,-11.59
10441,4/24/2023 6:47:00 PM,-11.53
10441,4/24/2023 6:47:00 PM,-11.47
10441,4/24/2023 6:47:00 PM,-11.41
10441,4/24/2023 6:48:00 PM,-11.47
10441,4/24/2023 6:48:00 PM,-11.65
10441,4/24/2023 6:48:00 PM,-11.35
10441,4/24/2023 6:48:00 PM,-11.29
10441,4/24/2023 6:48:00 PM,-11.17
10441,4/24/2023 6:48:00 PM,-11.53
10441,4/24/2023 6:48:00 PM,-11.29
10441,4/24/2023 6:48:00 PM,-11.47
10441,4/24/2023 6:48:00 PM,-11.35
10441,4/24/2023 6:49:00 PM,-11.05
10441,4/24/2023 6:49:00 PM,-10.99
10441,4/24/2023 6:49:00 PM,-10.93
10441,4/24/2023 6:49:00 PM,-11.05
10441,4/24/2023 6:49:00 PM,-10.93
10441,4/24/2023 6:49:00 PM,-10.87
10441,4/24/2023 6:49:00 PM,-10.81
10441,4/24/2023 6:49:00 PM,-10.69
10441,4/24/2023 6:49:00 PM,-10.57
10441,4/24/2023 6:49:00 PM,-10.45
10441,4/24/2023 6:49:00 PM,-10.99
10441,4/24/2023 6:49:00 PM,-10.51
10441,4/24/2023 6:50:00 PM,-10.57
10441,4/24/2023 6:50:00 PM,-10.45
10441,4/24/2023 6:50:00 PM,-10.40
10441,4/24/2023 6:50:00 PM,-10.51
10441,4/24/2023 6:50:00 PM,-10.57
10441,4/24/2023 6:50:00 PM,-10.40
10441,4/24/2023 6:50:00 PM,-10.45
10441,4/24/2023 6:51:00 PM,-10.22
10441,4/24/2023 6:51:00 PM,-10.28
10441,4/24/2023 6:51:00 PM,-10.22
10441,4/24/2023 6:51:00 PM,-10.45
10441,4/24/2023 6:51:00 PM,-10.34
10441,4/24/2023 6:51:00 PM,-10.28
10441,4/24/2023 6:51:00 PM,-10.34
10441,4/24/2023 6:51:00 PM,-10.22
10441,4/24/2023 6:51:00 PM,-10.16
10441,4/24/2023 6:51:00 PM,-10.40
10441,4/24/2023 6:51:00 PM,-10.28
10441,4/24/2023 6:51:00 PM,-10.69
10441,4/24/2023 6:51:00 PM,-10.22
10441,4/24/2023 6:52:00 PM,-10.22
10441,4/24/2023 6:52:00 PM,-10.40
10441,4/24/2023 6:52:00 PM,-10.10
10441,4/24/2023 6:52:00 PM,-10.22
10441,4/24/2023 6:52:00 PM,-10.28
10441,4/24/2023 6:52:00 PM,-10.22
10441,4/24/2023 6:52:00 PM,-10.40
10441,4/24/2023 6:52:00 PM,-10.10
10441,4/24/2023 6:52:00 PM,-9.98
10441,4/24/2023 6:52:00 PM,-10.34
10441,4/24/2023 6:52:00 PM,-10.22
10441,4/24/2023 6:52:00 PM,-9.98
10441,4/24/2023 6:52:00 PM,-10.10
10441,4/24/2023 6:53:00 PM,-10.51
10441,4/24/2023 6:53:00 PM,-10.40
10441,4/24/2023 6:53:00 PM,-10.45
10441,4/24/2023 6:53:00 PM,-10.63
10441,4/24/2023 6:53:00 PM,-10.75
10441,4/24/2023 6:53:00 PM,-10.69
10441,4/24/2023 6:53:00 PM,-10.34
10441,4/24/2023 6:53:00 PM,-10.16
10441,4/24/2023 6:53:00 PM,-10.57
10441,4/24/2023 6:53:00 PM,-10.34
10441,4/24/2023 6:53:00 PM,-10.45
10441,4/24/2023 6:53:00 PM,-10.40
10441,4/24/2023 6:53:00 PM,-10.34
10441,4/24/2023 6:54:00 PM,-10.40
10441,4/24/2023 6:54:00 PM,-10.57
10441,4/24/2023 6:54:00 PM,-10.51
10441,4/24/2023 6:54:00 PM,-10.45
10441,4/24/2023 6:54:00 PM,-10.40
10441,4/24/2023 6:54:00 PM,-10.34
10441,4/24/2023 6:54:00 PM,-10.40
10441,4/24/2023 6:54:00 PM,-10.51
10441,4/24/2023 6:54:00 PM,-10.04
10441,4/24/2023 6:54:00 PM,-10.34
10441,4/24/2023 6:54:00 PM,-10.99
10441,4/24/2023 6:55:00 PM,-10.40
10441,4/24/2023 6:55:00 PM,-10.45
10441,4/24/2023 6:55:00 PM,-10.40
10441,4/24/2023 6:55:00 PM,-10.34
10441,4/24/2023 6:55:00 PM,-10.40
10441,4/24/2023 6:55:00 PM,-10.45
10441,4/24/2023 6:55:00 PM,-10.45
10441,4/24/2023 6:55:00 PM,-10.57
10441,4/24/2023 6:55:00 PM,-10.45
10441,4/24/2023 6:55:00 PM,-10.40
10441,4/24/2023 6:55:00 PM,-10.34
10441,4/24/2023 6:55:00 PM,-10.51
10441,4/24/2023 6:55:00 PM,-10.34
10441,4/24/2023 6:55:00 PM,-10.45
10441,4/24/2023 6:56:00 PM,-10.40
10441,4/24/2023 6:56:00 PM,-10.45
10441,4/24/2023 6:56:00 PM,-10.75
10441,4/24/2023 6:56:00 PM,-10.22
10441,4/24/2023 6:56:00 PM,-10.16
10441,4/24/2023 6:56:00 PM,-10.63
10441,4/24/2023 6:56:00 PM,-10.57
10441,4/24/2023 6:56:00 PM,-10.04
10441,4/24/2023 6:56:00 PM,-10.51
10441,4/24/2023 6:56:00 PM,-10.10
10441,4/24/2023 6:56:00 PM,-10.40
10441,4/24/2023 6:57:00 PM,-10.57
10441,4/24/2023 6:57:00 PM,-10.40
10441,4/24/2023 6:57:00 PM,-10.28
10441,4/24/2023 6:57:00 PM,-10.34
10441,4/24/2023 6:57:00 PM,-10.28
10441,4/24/2023 6:57:00 PM,-10.22
10441,4/24/2023 6:57:00 PM,-10.28
10441,4/24/2023 6:57:00 PM,-10.34
10441,4/24/2023 6:57:00 PM,-10.22
10441,4/24/2023 6:57:00 PM,-10.28
10441,4/24/2023 6:58:00 PM,-10.28
10441,4/24/2023 6:58:00 PM,-10.51
10441,4/24/2023 6:58:00 PM,-10.40
10441,4/24/2023 6:58:00 PM,-10.45
10441,4/24/2023 6:58:00 PM,-10.57
10441,4/24/2023 6:58:00 PM,-10.28
10441,4/24/2023 6:58:00 PM,-10.45
10441,4/24/2023 6:58:00 PM,-10.40
10441,4/24/2023 6:58:00 PM,-9.98
10441,4/24/2023 6:58:00 PM,-10.34
10441,4/24/2023 6:58:00 PM,-10.51
10441,4/24/2023 6:58:00 PM,-10.28
10441,4/24/2023 6:58:00 PM,-10.22
10441,4/24/2023 6:59:00 PM,-10.34
10441,4/24/2023 6:59:00 PM,-10.16
10441,4/24/2023 6:59:00 PM,-10.22
10441,4/24/2023 6:59:00 PM,-10.40
10441,4/24/2023 6:59:00 PM,-10.28
10441,4/24/2023 6:59:00 PM,-10.22
10441,4/24/2023 6:59:00 PM,-10.34
10441,4/24/2023 6:59:00 PM,-10.22
10441,4/24/2023 6:59:00 PM,-10.04
10441,4/24/2023 6:59:00 PM,-10.34
10441,4/24/2023 6:59:00 PM,-10.28
10441,4/24/2023 7:00:00 PM,-10.28
10441,4/24/2023 7:00:00 PM,-10.16
10441,4/24/2023 7:00:00 PM,-10.22
10441,4/24/2023 7:00:00 PM,-10.40
10441,4/24/2023 7:00:00 PM,-10.34
10441,4/24/2023 7:00:00 PM,-10.28
10441,4/24/2023 7:00:00 PM,-10.22
10441,4/24/2023 7:01:00 PM,-10.34
10441,4/24/2023 7:01:00 PM,-10.28
10441,4/24/2023 7:01:00 PM,-10.34
10441,4/24/2023 7:01:00 PM,-10.28
10441,4/24/2023 7:02:00 PM,-10.16
10441,4/24/2023 7:02:00 PM,-10.22
10441,4/24/2023 7:02:00 PM,-10.40
10441,4/24/2023 7:02:00 PM,-10.22
10441,4/24/2023 7:02:00 PM,-10.34
10441,4/24/2023 7:02:00 PM,-10.28
10441,4/24/2023 7:02:00 PM,-10.22
10441,4/24/2023 7:02:00 PM,-10.16
10441,4/24/2023 7:03:00 PM,-10.22
10441,4/24/2023 7:03:00 PM,-10.10
10441,4/24/2023 7:03:00 PM,-10.04
10441,4/24/2023 7:03:00 PM,-10.34
10441,4/24/2023 7:03:00 PM,-10.28
10441,4/24/2023 7:03:00 PM,-10.22
10441,4/24/2023 7:03:00 PM,-10.28
10441,4/24/2023 7:03:00 PM,-10.22
10441,4/24/2023 7:03:00 PM,-10.16
10441,4/24/2023 7:03:00 PM,-10.22
10441,4/24/2023 7:04:00 PM,-10.16
10441,4/24/2023 7:04:00 PM,-10.51
10441,4/24/2023 7:04:00 PM,-10.28
10441,4/24/2023 7:04:00 PM,-10.16
10441,4/24/2023 7:04:00 PM,-9.98
10441,4/24/2023 7:04:00 PM,-10.04
10441,4/24/2023 7:04:00 PM,-10.28
10441,4/24/2023 7:04:00 PM,-10.22
10441,4/24/2023 7:04:00 PM,-10.28
10441,4/24/2023 7:04:00 PM,-10.22
10441,4/24/2023 7:04:00 PM,-10.34
10441,4/24/2023 7:05:00 PM,-10.28
10441,4/24/2023 7:05:00 PM,-10.22
10441,4/24/2023 7:05:00 PM,-10.45
10441,4/24/2023 7:05:00 PM,-10.75
10441,4/24/2023 7:05:00 PM,-10.10
10441,4/24/2023 7:05:00 PM,-10.16
10441,4/24/2023 7:05:00 PM,-10.22
10441,4/24/2023 7:06:00 PM,-10.16
10441,4/24/2023 7:06:00 PM,-10.16
10441,4/24/2023 7:06:00 PM,-10.10
10441,4/24/2023 7:06:00 PM,-10.22
10441,4/24/2023 7:06:00 PM,-10.28
10441,4/24/2023 7:06:00 PM,-10.51
10441,4/24/2023 7:06:00 PM,-10.40
10441,4/24/2023 7:06:00 PM,-10.16
10441,4/24/2023 7:06:00 PM,-10.22
10441,4/24/2023 7:07:00 PM,-10.04
10441,4/24/2023 7:07:00 PM,-9.98
10441,4/24/2023 7:07:00 PM,-10.04
10441,4/24/2023 7:07:00 PM,-9.98
10441,4/24/2023 7:07:00 PM,-10.04
10441,4/24/2023 7:07:00 PM,-9.98
10441,4/24/2023 7:07:00 PM,-9.92
10441,4/24/2023 7:07:00 PM,-9.86
10441,4/24/2023 7:07:00 PM,-9.92
10441,4/24/2023 7:07:00 PM,-10.04
10441,4/24/2023 7:08:00 PM,-10.10
10441,4/24/2023 7:08:00 PM,-9.92
10441,4/24/2023 7:08:00 PM,-10.51
10441,4/24/2023 7:08:00 PM,-10.22
10441,4/24/2023 7:08:00 PM,-9.98
10441,4/24/2023 7:08:00 PM,-9.86
10441,4/24/2023 7:08:00 PM,-10.04
10441,4/24/2023 7:08:00 PM,-9.62
10441,4/24/2023 7:08:00 PM,-9.98
10441,4/24/2023 7:08:00 PM,-10.45
10441,4/24/2023 7:08:00 PM,-9.98
10441,4/24/2023 7:09:00 PM,-9.86
10441,4/24/2023 7:09:00 PM,-10.10
10441,4/24/2023 7:09:00 PM,-10.04
10441,4/24/2023 7:09:00 PM,-9.92
10441,4/24/2023 7:09:00 PM,-10.22
10441,4/24/2023 7:09:00 PM,-9.98
10441,4/24/2023 7:09:00 PM,-10.04
10441,4/24/2023 7:09:00 PM,-10.10
10441,4/24/2023 7:10:00 PM,-10.10
10441,4/24/2023 7:10:00 PM,-10.04
10441,4/24/2023 7:10:00 PM,-10.28
10441,4/24/2023 7:10:00 PM,-10.22
10441,4/24/2023 7:10:00 PM,-9.98
10441,4/24/2023 7:10:00 PM,-10.04
10441,4/24/2023 7:10:00 PM,-10.22
10441,4/24/2023 7:10:00 PM,-10.04
10441,4/24/2023 7:10:00 PM,-9.92
10441,4/24/2023 7:10:00 PM,-9.98
10441,4/24/2023 7:10:00 PM,-9.86
10441,4/24/2023 7:11:00 PM,-10.04
10441,4/24/2023 7:11:00 PM,-9.98
10441,4/24/2023 7:11:00 PM,-10.04
10441,4/24/2023 7:11:00 PM,-9.92
10441,4/24/2023 7:11:00 PM,-9.98
10441,4/24/2023 7:11:00 PM,-9.92
10441,4/24/2023 7:11:00 PM,-10.10
10441,4/24/2023 7:11:00 PM,-9.98
10441,4/24/2023 7:11:00 PM,-9.32
10441,4/24/2023 7:11:00 PM,-9.98
10441,4/24/2023 7:12:00 PM,-9.92
10441,4/24/2023 7:12:00 PM,-10.04
10441,4/24/2023 7:12:00 PM,-9.92
10441,4/24/2023 7:12:00 PM,-9.80
10441,4/24/2023 7:12:00 PM,-10.28
10441,4/24/2023 7:12:00 PM,-9.98
10441,4/24/2023 7:12:00 PM,-9.92
10441,4/24/2023 7:12:00 PM,-9.86
10441,4/24/2023 7:12:00 PM,-9.92
10441,4/24/2023 7:12:00 PM,-9.86
10441,4/24/2023 7:12:00 PM,-9.98
10441,4/24/2023 7:12:00 PM,-10.10
10441,4/24/2023 7:13:00 PM,-9.92
10441,4/24/2023 7:13:00 PM,-9.86
10441,4/24/2023 7:13:00 PM,-9.80
10441,4/24/2023 7:13:00 PM,-9.92
10441,4/24/2023 7:13:00 PM,-9.56
10441,4/24/2023 7:13:00 PM,-9.80
10441,4/24/2023 7:13:00 PM,-9.92
10441,4/24/2023 7:13:00 PM,-10.16
10441,4/24/2023 7:14:00 PM,-9.92
10441,4/24/2023 7:14:00 PM,-9.98
10441,4/24/2023 7:14:00 PM,-9.98
10441,4/24/2023 7:14:00 PM,-10.04
10441,4/24/2023 7:14:00 PM,-10.10
10441,4/24/2023 7:14:00 PM,-10.34
10441,4/24/2023 7:14:00 PM,-10.04
10441,4/24/2023 7:14:00 PM,-9.98
10441,4/24/2023 7:14:00 PM,-9.86
10441,4/24/2023 7:14:00 PM,-9.98
10441,4/24/2023 7:14:00 PM,-10.16
10441,4/24/2023 7:14:00 PM,-10.10
10441,4/24/2023 7:15:00 PM,-10.28
10441,4/24/2023 7:15:00 PM,-10.45
10441,4/24/2023 7:15:00 PM,-10.22
10441,4/24/2023 7:15:00 PM,-10.28
10441,4/24/2023 7:15:00 PM,-10.34
10441,4/24/2023 7:15:00 PM,-10.63
10441,4/24/2023 7:16:00 PM,-10.81
10441,4/24/2023 7:16:00 PM,-10.75
10441,4/24/2023 7:16:00 PM,-10.63
10441,4/24/2023 7:16:00 PM,-10.57
10441,4/24/2023 7:16:00 PM,-10.69
10441,4/24/2023 7:16:00 PM,-10.87
10441,4/24/2023 7:16:00 PM,-11.05
10441,4/24/2023 7:16:00 PM,-10.40
10441,4/24/2023 7:16:00 PM,-10.45
10441,4/24/2023 7:16:00 PM,-10.57
10441,4/24/2023 7:16:00 PM,-10.63
10441,4/24/2023 7:16:00 PM,-10.81
10441,4/24/2023 7:17:00 PM,-10.69
10441,4/24/2023 7:17:00 PM,-10.99
10441,4/24/2023 7:17:00 PM,-10.81
10441,4/24/2023 7:17:00 PM,-10.87
10441,4/24/2023 7:17:00 PM,-10.75
10441,4/24/2023 7:17:00 PM,-10.69
10441,4/24/2023 7:17:00 PM,-10.81
10441,4/24/2023 7:17:00 PM,-10.75
10441,4/24/2023 7:17:00 PM,-11.05
10441,4/24/2023 7:17:00 PM,-10.69
10441,4/24/2023 7:17:00 PM,-11.05
10441,4/24/2023 7:17:00 PM,-10.87
10441,4/24/2023 7:17:00 PM,-10.81
10441,4/24/2023 7:17:00 PM,-11.11
10441,4/24/2023 7:18:00 PM,-11.11
10441,4/24/2023 7:18:00 PM,-10.69
10441,4/24/2023 7:18:00 PM,-10.63
10441,4/24/2023 7:18:00 PM,-10.75
10441,4/24/2023 7:18:00 PM,-10.69
10441,4/24/2023 7:18:00 PM,-10.57
10441,4/24/2023 7:18:00 PM,-10.45
10441,4/24/2023 7:18:00 PM,-10.40
10441,4/24/2023 7:19:00 PM,-10.45
10441,4/24/2023 7:19:00 PM,-10.40
10441,4/24/2023 7:19:00 PM,-10.22
10441,4/24/2023 7:19:00 PM,-10.45
10441,4/24/2023 7:19:00 PM,-10.22
10441,4/24/2023 7:19:00 PM,-10.28
10441,4/24/2023 7:19:00 PM,-10.22
10441,4/24/2023 7:19:00 PM,-10.34
10441,4/24/2023 7:19:00 PM,-10.22
10441,4/24/2023 7:19:00 PM,-10.16
10441,4/24/2023 7:19:00 PM,-10.10
10441,4/24/2023 7:20:00 PM,-10.04
10441,4/24/2023 7:20:00 PM,-10.10
10441,4/24/2023 7:20:00 PM,-10.22
10441,4/24/2023 7:20:00 PM,-10.16
10441,4/24/2023 7:20:00 PM,-10.04
10441,4/24/2023 7:20:00 PM,-9.98
10441,4/24/2023 7:20:00 PM,-10.04
10441,4/24/2023 7:20:00 PM,-9.98
10441,4/24/2023 7:20:00 PM,-10.04
10441,4/24/2023 7:20:00 PM,-10.22
10441,4/24/2023 7:20:00 PM,-10.16
10441,4/24/2023 7:20:00 PM,-10.16
10441,4/24/2023 7:20:00 PM,-10.51
10441,4/24/2023 7:20:00 PM,-10.04
10441,4/24/2023 7:21:00 PM,-9.98
10441,4/24/2023 7:21:00 PM,-10.04
10441,4/24/2023 7:21:00 PM,-10.45
10441,4/24/2023 7:21:00 PM,-10.10
10441,4/24/2023 7:21:00 PM,-9.50
10441,4/24/2023 7:21:00 PM,-9.92
10441,4/24/2023 7:22:00 PM,-10.04
10441,4/24/2023 7:22:00 PM,-9.92
10441,4/24/2023 7:22:00 PM,-10.10
10441,4/24/2023 7:22:00 PM,-10.22
10441,4/24/2023 7:22:00 PM,-10.28
10441,4/24/2023 7:22:00 PM,-10.34
10441,4/24/2023 7:22:00 PM,-10.16
10441,4/24/2023 7:22:00 PM,-10.22
10441,4/24/2023 7:22:00 PM,-10.10
10441,4/24/2023 7:22:00 PM,-10.04
10441,4/24/2023 7:23:00 PM,-10.04
10441,4/24/2023 7:23:00 PM,-10.16
10441,4/24/2023 7:23:00 PM,-10.10
10441,4/24/2023 7:23:00 PM,-10.16
10441,4/24/2023 7:23:00 PM,-10.04
10441,4/24/2023 7:23:00 PM,-10.16
10441,4/24/2023 7:23:00 PM,-9.98
10441,4/24/2023 7:23:00 PM,-10.16
10441,4/24/2023 7:23:00 PM,-10.10
10441,4/24/2023 7:23:00 PM,-10.34
10441,4/24/2023 7:24:00 PM,-9.98
10441,4/24/2023 7:24:00 PM,-9.92
10441,4/24/2023 7:24:00 PM,-10.04
10441,4/24/2023 7:24:00 PM,-10.10
10441,4/24/2023 7:24:00 PM,-10.04
10441,4/24/2023 7:24:00 PM,-10.16
10441,4/24/2023 7:24:00 PM,-10.34
10441,4/24/2023 7:24:00 PM,-10.10
10441,4/24/2023 7:24:00 PM,-10.04
10441,4/24/2023 7:25:00 PM,-10.16
10441,4/24/2023 7:25:00 PM,-10.22
10441,4/24/2023 7:25:00 PM,-10.16
10441,4/24/2023 7:25:00 PM,-10.10
10441,4/24/2023 7:25:00 PM,-10.16
10441,4/24/2023 7:25:00 PM,-10.28
10441,4/24/2023 7:25:00 PM,-10.22
10441,4/24/2023 7:25:00 PM,-9.92
10441,4/24/2023 7:25:00 PM,-10.04
10441,4/24/2023 7:25:00 PM,-10.28
10441,4/24/2023 7:25:00 PM,-9.98
10441,4/24/2023 7:25:00 PM,-10.16
10441,4/24/2023 7:26:00 PM,-10.34
10441,4/24/2023 7:26:00 PM,-10.40
10441,4/24/2023 7:26:00 PM,-10.34
10441,4/24/2023 7:26:00 PM,-10.16
10441,4/24/2023 7:26:00 PM,-10.04
10441,4/24/2023 7:26:00 PM,-10.40
10441,4/24/2023 7:26:00 PM,-10.45
10441,4/24/2023 7:26:00 PM,-10.28
10441,4/24/2023 7:26:00 PM,-10.57
10441,4/24/2023 7:26:00 PM,-10.28
10441,4/24/2023 7:26:00 PM,-10.40
10441,4/24/2023 7:26:00 PM,-10.63
10441,4/24/2023 7:26:00 PM,-10.40
10441,4/24/2023 7:27:00 PM,-10.40
10441,4/24/2023 7:27:00 PM,-10.34
10441,4/24/2023 7:27:00 PM,-10.28
10441,4/24/2023 7:27:00 PM,-10.40
10441,4/24/2023 7:27:00 PM,-10.51
10441,4/24/2023 7:27:00 PM,-10.57
10441,4/24/2023 7:27:00 PM,-10.45
10441,4/24/2023 7:27:00 PM,-10.34
10441,4/24/2023 7:27:00 PM,-10.40
10441,4/24/2023 7:27:00 PM,-10.45
10441,4/24/2023 7:28:00 PM,-10.34
10441,4/24/2023 7:28:00 PM,-10.51
10441,4/24/2023 7:28:00 PM,-10.40
10441,4/24/2023 7:28:00 PM,-10.45
10441,4/24/2023 7:28:00 PM,-10.34
10441,4/24/2023 7:28:00 PM,-10.51
10441,4/24/2023 7:28:00 PM,-10.28
10441,4/24/2023 7:28:00 PM,-10.34
10441,4/24/2023 7:28:00 PM,-10.51
10441,4/24/2023 7:28:00 PM,-10.28
10441,4/24/2023 7:28:00 PM,-10.22
10441,4/24/2023 7:28:00 PM,-10.34
10441,4/24/2023 7:29:00 PM,-10.45
10441,4/24/2023 7:29:00 PM,-10.40
10441,4/24/2023 7:29:00 PM,-10.45
10441,4/24/2023 7:29:00 PM,-10.40
10441,4/24/2023 7:29:00 PM,-10.34
10441,4/24/2023 7:29:00 PM,-10.22
10441,4/24/2023 7:29:00 PM,-10.40
10441,4/24/2023 7:29:00 PM,-10.04
10441,4/24/2023 7:29:00 PM,-10.10
10441,4/24/2023 7:29:00 PM,-9.92
10441,4/24/2023 7:30:00 PM,-9.86
10441,4/24/2023 7:30:00 PM,-9.80
10441,4/24/2023 7:30:00 PM,-9.68
10441,4/24/2023 7:30:00 PM,-9.50
10441,4/24/2023 7:30:00 PM,-9.62
10441,4/24/2023 7:30:00 PM,-9.56
10441,4/24/2023 7:30:00 PM,-9.50
10441,4/24/2023 7:30:00 PM,-9.38
10441,4/24/2023 7:30:00 PM,-9.86
10441,4/24/2023 7:30:00 PM,-9.62
10441,4/24/2023 7:30:00 PM,-9.50
10441,4/24/2023 7:30:00 PM,-9.44
10441,4/24/2023 7:30:00 PM,-9.38
10441,4/24/2023 7:30:00 PM,-9.62
10441,4/24/2023 7:31:00 PM,-9.32
10441,4/24/2023 7:31:00 PM,-9.26
10441,4/24/2023 7:31:00 PM,-9.44
10441,4/24/2023 7:31:00 PM,-9.38
10441,4/24/2023 7:31:00 PM,-9.50
10441,4/24/2023 7:31:00 PM,-9.62
10441,4/24/2023 7:31:00 PM,-9.38
10441,4/24/2023 7:31:00 PM,-9.56
10441,4/24/2023 7:31:00 PM,-9.62
10441,4/24/2023 7:31:00 PM,-9.50
10441,4/24/2023 7:31:00 PM,-9.68
10441,4/24/2023 7:32:00 PM,-10.10
10441,4/24/2023 7:32:00 PM,-9.86
10441,4/24/2023 7:32:00 PM,-9.80
10441,4/24/2023 7:32:00 PM,-9.74
10441,4/24/2023 7:32:00 PM,-10.04
10441,4/24/2023 7:32:00 PM,-9.68
10441,4/24/2023 7:32:00 PM,-9.74
10441,4/24/2023 7:32:00 PM,-9.80
10441,4/24/2023 7:32:00 PM,-9.92
10441,4/24/2023 7:33:00 PM,-9.86
10441,4/24/2023 7:33:00 PM,-9.80
10441,4/24/2023 7:33:00 PM,-9.86
10441,4/24/2023 7:33:00 PM,-10.40
10441,4/24/2023 7:33:00 PM,-9.98
10441,4/24/2023 7:33:00 PM,-9.92
10441,4/24/2023 7:34:00 PM,-9.98
10441,4/24/2023 7:34:00 PM,-10.10
10441,4/24/2023 7:34:00 PM,-10.04
10441,4/24/2023 7:34:00 PM,-10.04
10441,4/24/2023 7:34:00 PM,-9.98
10441,4/24/2023 7:34:00 PM,-10.16
10441,4/24/2023 7:34:00 PM,-9.92
10441,4/24/2023 7:34:00 PM,-9.86
10441,4/24/2023 7:34:00 PM,-10.22
10441,4/24/2023 7:34:00 PM,-10.16
10441,4/24/2023 7:35:00 PM,-10.10
10441,4/24/2023 7:35:00 PM,-10.22
10441,4/24/2023 7:35:00 PM,-10.16
10441,4/24/2023 7:35:00 PM,-10.10
10441,4/24/2023 7:35:00 PM,-9.98
10441,4/24/2023 7:35:00 PM,-10.28
10441,4/24/2023 7:35:00 PM,-10.16
10441,4/24/2023 7:35:00 PM,-10.10
10441,4/24/2023 7:35:00 PM,-10.22
10441,4/24/2023 7:35:00 PM,-10.10
10441,4/24/2023 7:35:00 PM,-10.04
10441,4/24/2023 7:36:00 PM,-9.92
10441,4/24/2023 7:36:00 PM,-9.86
10441,4/24/2023 7:36:00 PM,-9.80
10441,4/24/2023 7:36:00 PM,-10.04
10441,4/24/2023 7:36:00 PM,-9.92
10441,4/24/2023 7:36:00 PM,-10.04
10441,4/24/2023 7:36:00 PM,-10.22
10441,4/24/2023 7:36:00 PM,-9.92
10441,4/24/2023 7:36:00 PM,-10.10
10441,4/24/2023 7:36:00 PM,-10.04
10441,4/24/2023 7:36:00 PM,-9.98
10441,4/24/2023 7:37:00 PM,-10.16
10441,4/24/2023 7:37:00 PM,-10.28
10441,4/24/2023 7:37:00 PM,-10.22
10441,4/24/2023 7:37:00 PM,-10.28
10441,4/24/2023 7:37:00 PM,-10.51
10441,4/24/2023 7:37:00 PM,-10.34
10441,4/24/2023 7:37:00 PM,-10.16
10441,4/24/2023 7:37:00 PM,-10.10
10441,4/24/2023 7:37:00 PM,-10.16
10441,4/24/2023 7:37:00 PM,-10.34
10441,4/24/2023 7:37:00 PM,-10.16
10441,4/24/2023 7:37:00 PM,-10.22
10441,4/24/2023 7:37:00 PM,-10.22
10441,4/24/2023 7:38:00 PM,-10.16
10441,4/24/2023 7:38:00 PM,-10.34
10441,4/24/2023 7:38:00 PM,-10.22
10441,4/24/2023 7:38:00 PM,-10.93
10441,4/24/2023 7:38:00 PM,-10.34
10441,4/24/2023 7:38:00 PM,-10.28
10441,4/24/2023 7:39:00 PM,-10.34
10441,4/24/2023 7:39:00 PM,-10.40
10441,4/24/2023 7:39:00 PM,-10.28
10441,4/24/2023 7:39:00 PM,-10.69
10441,4/24/2023 7:39:00 PM,-10.40
10441,4/24/2023 7:39:00 PM,-10.16
10441,4/24/2023 7:39:00 PM,-10.69
10441,4/24/2023 7:39:00 PM,-10.45
10441,4/24/2023 7:39:00 PM,-10.40
10441,4/24/2023 7:39:00 PM,-10.22
10441,4/24/2023 7:39:00 PM,-10.28
10441,4/24/2023 7:39:00 PM,-10.34
10441,4/24/2023 7:39:00 PM,-10.45
10441,4/24/2023 7:39:00 PM,-10.40
10441,4/24/2023 7:40:00 PM,-10.28
10441,4/24/2023 7:40:00 PM,-10.22
10441,4/24/2023 7:40:00 PM,-10.28
10441,4/24/2023 7:40:00 PM,-10.16
10441,4/24/2023 7:40:00 PM,-10.34
10441,4/24/2023 7:40:00 PM,-10.40
10441,4/24/2023 7:40:00 PM,-10.34
10441,4/24/2023 7:40:00 PM,-10.51
10441,4/24/2023 7:40:00 PM,-10.22
10441,4/24/2023 7:41:00 PM,-10.28
10441,4/24/2023 7:41:00 PM,-10.34
10441,4/24/2023 7:41:00 PM,-10.40
10441,4/24/2023 7:41:00 PM,-10.40
10441,4/24/2023 7:41:00 PM,-10.10
10441,4/24/2023 7:41:00 PM,-10.40
10441,4/24/2023 7:41:00 PM,-10.22
10441,4/24/2023 7:41:00 PM,-10.51
10441,4/24/2023 7:41:00 PM,-10.45
10441,4/24/2023 7:41:00 PM,-10.57
10441,4/24/2023 7:41:00 PM,-10.45
10441,4/24/2023 7:41:00 PM,-10.34
10441,4/24/2023 7:41:00 PM,-10.22
10441,4/24/2023 7:42:00 PM,-10.28
10441,4/24/2023 7:42:00 PM,-10.40
10441,4/24/2023 7:42:00 PM,-10.34
10441,4/24/2023 7:42:00 PM,-10.28
10441,4/24/2023 7:42:00 PM,-10.22
10441,4/24/2023 7:42:00 PM,-10.34
10441,4/24/2023 7:42:00 PM,-10.22
10441,4/24/2023 7:42:00 PM,-10.28
10441,4/24/2023 7:42:00 PM,-10.45
10441,4/24/2023 7:42:00 PM,-10.57
10441,4/24/2023 7:43:00 PM,-10.34
10441,4/24/2023 7:43:00 PM,-10.10
10441,4/24/2023 7:43:00 PM,-10.16
10441,4/24/2023 7:43:00 PM,-10.22
10441,4/24/2023 7:43:00 PM,-10.10
10441,4/24/2023 7:43:00 PM,-10.04
10441,4/24/2023 7:44:00 PM,-9.98
10441,4/24/2023 7:44:00 PM,-9.74
10441,4/24/2023 7:44:00 PM,-9.98
10441,4/24/2023 7:44:00 PM,-9.86
10441,4/24/2023 7:44:00 PM,-9.92
10441,4/24/2023 7:44:00 PM,-9.98
10441,4/24/2023 7:44:00 PM,-10.04
10441,4/24/2023 7:44:00 PM,-9.92
10441,4/24/2023 7:44:00 PM,-9.98
10441,4/24/2023 7:44:00 PM,-10.16
10441,4/24/2023 7:44:00 PM,-9.86
10441,4/24/2023 7:45:00 PM,-9.98
10441,4/24/2023 7:45:00 PM,-9.80
10441,4/24/2023 7:45:00 PM,-9.86
10441,4/24/2023 7:45:00 PM,-9.92
10441,4/24/2023 7:45:00 PM,-9.86
10441,4/24/2023 7:45:00 PM,-9.80
10441,4/24/2023 7:45:00 PM,-9.92
10441,4/24/2023 7:45:00 PM,-9.86
10441,4/24/2023 7:46:00 PM,-9.92
10441,4/24/2023 7:46:00 PM,-9.80
10441,4/24/2023 7:46:00 PM,-10.04
10441,4/24/2023 7:46:00 PM,-9.68
10441,4/24/2023 7:46:00 PM,-9.86
10441,4/24/2023 7:46:00 PM,-9.92
10441,4/24/2023 7:46:00 PM,-9.98
10441,4/24/2023 7:46:00 PM,-10.22
10441,4/24/2023 7:46:00 PM,-9.92
10441,4/24/2023 7:46:00 PM,-10.16
10441,4/24/2023 7:46:00 PM,-10.10
10441,4/24/2023 7:46:00 PM,-9.98
10441,4/24/2023 7:46:00 PM,-9.92
10441,4/24/2023 7:47:00 PM,-10.16
10441,4/24/2023 7:47:00 PM,-10.10
10441,4/24/2023 7:47:00 PM,-10.04
10441,4/24/2023 7:47:00 PM,-9.86
10441,4/24/2023 7:47:00 PM,-10.10
10441,4/24/2023 7:47:00 PM,-10.28
10441,4/24/2023 7:47:00 PM,-10.40
10441,4/24/2023 7:47:00 PM,-10.16
10441,4/24/2023 7:47:00 PM,-10.04
10441,4/24/2023 7:47:00 PM,-10.10
10441,4/24/2023 7:47:00 PM,-10.16
10441,4/24/2023 7:48:00 PM,-9.98
10441,4/24/2023 7:48:00 PM,-10.16
10441,4/24/2023 7:48:00 PM,-10.45
10441,4/24/2023 7:48:00 PM,-10.63
10441,4/24/2023 7:48:00 PM,-10.28
10441,4/24/2023 7:48:00 PM,-10.22
10441,4/24/2023 7:48:00 PM,-10.28
10441,4/24/2023 7:48:00 PM,-10.40
10441,4/24/2023 7:48:00 PM,-10.51
10441,4/24/2023 7:48:00 PM,-10.63
10441,4/24/2023 7:48:00 PM,-10.51
10441,4/24/2023 7:49:00 PM,-10.40
10441,4/24/2023 7:49:00 PM,-10.57
10441,4/24/2023 7:49:00 PM,-10.51
10441,4/24/2023 7:49:00 PM,-10.40
10441,4/24/2023 7:49:00 PM,-10.34
10441,4/24/2023 7:49:00 PM,-10.28
10441,4/24/2023 7:49:00 PM,-10.40
10441,4/24/2023 7:50:00 PM,-10.34
10441,4/24/2023 7:50:00 PM,-10.22
10441,4/24/2023 7:50:00 PM,-10.34
10441,4/24/2023 7:50:00 PM,-10.40
10441,4/24/2023 7:50:00 PM,-10.34
10441,4/24/2023 7:50:00 PM,-10.28
10441,4/24/2023 7:50:00 PM,-10.34
10441,4/24/2023 7:50:00 PM,-10.04
10441,4/24/2023 7:50:00 PM,-10.34
10441,4/24/2023 7:51:00 PM,-10.28
10441,4/24/2023 7:51:00 PM,-10.40
10441,4/24/2023 7:51:00 PM,-10.10
10441,4/24/2023 7:51:00 PM,-10.16
10441,4/24/2023 7:51:00 PM,-10.10
10441,4/24/2023 7:51:00 PM,-10.16
10441,4/24/2023 7:51:00 PM,-9.92
10441,4/24/2023 7:51:00 PM,-10.22
10441,4/24/2023 7:51:00 PM,-10.16
10441,4/24/2023 7:51:00 PM,-10.16
10441,4/24/2023 7:52:00 PM,-10.04
10441,4/24/2023 7:52:00 PM,-10.10
10441,4/24/2023 7:52:00 PM,-10.04
10441,4/24/2023 7:52:00 PM,-10.16
10441,4/24/2023 7:52:00 PM,-10.28
10441,4/24/2023 7:52:00 PM,-10.10
10441,4/24/2023 7:52:00 PM,-9.92
10441,4/24/2023 7:52:00 PM,-10.04
10441,4/24/2023 7:52:00 PM,-9.98
10441,4/24/2023 7:52:00 PM,-10.04
10441,4/24/2023 7:52:00 PM,-10.10
10441,4/24/2023 7:52:00 PM,-10.04
10441,4/24/2023 7:52:00 PM,-10.34
10441,4/24/2023 7:53:00 PM,-9.98
10441,4/24/2023 7:53:00 PM,-10.10
10441,4/24/2023 7:53:00 PM,-9.92
10441,4/24/2023 7:53:00 PM,-9.98
10441,4/24/2023 7:53:00 PM,-9.92
10441,4/24/2023 7:53:00 PM,-10.10
10441,4/24/2023 7:53:00 PM,-9.44
10441,4/24/2023 7:54:00 PM,-10.04
10441,4/24/2023 7:54:00 PM,-10.10
10441,4/24/2023 7:54:00 PM,-10.22
10441,4/24/2023 7:54:00 PM,-9.80
10441,4/24/2023 7:54:00 PM,-10.04
10441,4/24/2023 7:54:00 PM,-10.10
10441,4/24/2023 7:54:00 PM,-10.16
10441,4/24/2023 7:54:00 PM,-9.98
10441,4/24/2023 7:54:00 PM,-10.16
10441,4/24/2023 7:54:00 PM,-10.10
10441,4/24/2023 7:55:00 PM,-10.16
10441,4/24/2023 7:55:00 PM,-10.22
10441,4/24/2023 7:55:00 PM,-10.16
10441,4/24/2023 7:55:00 PM,-10.22
10441,4/24/2023 7:55:00 PM,-10.45
10441,4/24/2023 7:55:00 PM,-10.10
10441,4/24/2023 7:55:00 PM,-10.22
10441,4/24/2023 7:55:00 PM,-10.16
10441,4/24/2023 7:55:00 PM,-10.22
10441,4/24/2023 7:55:00 PM,-10.28
10441,4/24/2023 7:55:00 PM,-10.16
10441,4/24/2023 7:55:00 PM,-10.22
10441,4/24/2023 7:55:00 PM,-10.28
10441,4/24/2023 7:55:00 PM,-10.16
10441,4/24/2023 7:56:00 PM,-10.51
10441,4/24/2023 7:56:00 PM,-10.28
10441,4/24/2023 7:56:00 PM,-10.10
10441,4/24/2023 7:56:00 PM,-9.98
10441,4/24/2023 7:56:00 PM,-10.34
10441,4/24/2023 7:56:00 PM,-10.28
10441,4/24/2023 7:56:00 PM,-10.22
10441,4/24/2023 7:56:00 PM,-10.45
10441,4/24/2023 7:56:00 PM,-10.28
10441,4/24/2023 7:56:00 PM,-10.22
10441,4/24/2023 7:57:00 PM,-10.04
10441,4/24/2023 7:57:00 PM,-10.10
10441,4/24/2023 7:57:00 PM,-9.92
10441,4/24/2023 7:57:00 PM,-10.04
10441,4/24/2023 7:57:00 PM,-9.98
10441,4/24/2023 7:57:00 PM,-9.92
10441,4/24/2023 7:57:00 PM,-9.80
10441,4/24/2023 7:57:00 PM,-9.86
10441,4/24/2023 7:57:00 PM,-10.22
10441,4/24/2023 7:57:00 PM,-9.86
10441,4/24/2023 7:57:00 PM,-9.62
10441,4/24/2023 7:58:00 PM,-9.80
10441,4/24/2023 7:58:00 PM,-9.92
10441,4/24/2023 7:58:00 PM,-9.74
10441,4/24/2023 7:58:00 PM,-9.92
10441,4/24/2023 7:58:00 PM,-9.98
10441,4/24/2023 7:58:00 PM,-9.80
10441,4/24/2023 7:58:00 PM,-9.56
10441,4/24/2023 7:58:00 PM,-9.92
10441,4/24/2023 7:58:00 PM,-9.44
10441,4/24/2023 7:58:00 PM,-9.68
10441,4/24/2023 7:58:00 PM,-9.80
10441,4/24/2023 7:58:00 PM,-9.92
10441,4/24/2023 7:58:00 PM,-9.68
10441,4/24/2023 7:58:00 PM,-9.86
10441,4/24/2023 7:59:00 PM,-9.80
10441,4/24/2023 7:59:00 PM,-9.86
10441,4/24/2023 7:59:00 PM,-9.98
10441,4/24/2023 7:59:00 PM,-9.80
10441,4/24/2023 7:59:00 PM,-9.86
10441,4/24/2023 7:59:00 PM,-10.10
10441,4/24/2023 7:59:00 PM,-9.80
10441,4/24/2023 7:59:00 PM,-9.86
10441,4/24/2023 7:59:00 PM,-10.04
10441,4/24/2023 8:00:00 PM,-9.86
10441,4/24/2023 8:00:00 PM,-10.22
10441,4/24/2023 8:00:00 PM,-9.98
10441,4/24/2023 8:00:00 PM,-9.92
10441,4/24/2023 8:00:00 PM,-9.50
10441,4/24/2023 8:00:00 PM,-9.80
10441,4/24/2023 8:00:00 PM,-9.92
10441,4/24/2023 8:00:00 PM,-10.04
10441,4/24/2023 8:00:00 PM,-9.92
10441,4/24/2023 8:00:00 PM,-9.98
10441,4/24/2023 8:00:00 PM,-10.34
10441,4/24/2023 8:00:00 PM,-9.80
10441,4/24/2023 8:00:00 PM,-9.98
10441,4/24/2023 8:01:00 PM,-9.80
10441,4/24/2023 8:01:00 PM,-9.86
10441,4/24/2023 8:01:00 PM,-10.10
10441,4/24/2023 8:01:00 PM,-10.04
10441,4/24/2023 8:01:00 PM,-9.92
10441,4/24/2023 8:01:00 PM,-10.04
10441,4/24/2023 8:01:00 PM,-9.98
10441,4/24/2023 8:01:00 PM,-9.92
10441,4/24/2023 8:02:00 PM,-10.34
10441,4/24/2023 8:02:00 PM,-9.92
10441,4/24/2023 8:02:00 PM,-9.86
10441,4/24/2023 8:02:00 PM,-9.80
10441,4/24/2023 8:02:00 PM,-9.56
10441,4/24/2023 8:02:00 PM,-9.86
10441,4/24/2023 8:02:00 PM,-10.10
10441,4/24/2023 8:02:00 PM,-9.92
10441,4/24/2023 8:02:00 PM,-9.80
10441,4/24/2023 8:02:00 PM,-9.86
10441,4/24/2023 8:02:00 PM,-10.04
10441,4/24/2023 8:03:00 PM,-9.50
10441,4/24/2023 8:03:00 PM,-9.56
10441,4/24/2023 8:03:00 PM,-9.86
10441,4/24/2023 8:03:00 PM,-9.98
10441,4/24/2023 8:03:00 PM,-9.80
10441,4/24/2023 8:03:00 PM,-8.84
10441,4/24/2023 8:03:00 PM,-9.68
10441,4/24/2023 8:03:00 PM,-9.50
10441,4/24/2023 8:03:00 PM,-9.44
10441,4/24/2023 8:04:00 PM,-9.44
10441,4/24/2023 8:04:00 PM,-9.50
10441,4/24/2023 8:04:00 PM,-9.56
10441,4/24/2023 8:04:00 PM,-9.44
10441,4/24/2023 8:04:00 PM,-9.50
10441,4/24/2023 8:04:00 PM,-9.74
10441,4/24/2023 8:04:00 PM,-9.56
10441,4/24/2023 8:04:00 PM,-9.74
10441,4/24/2023 8:04:00 PM,-9.50
10441,4/24/2023 8:04:00 PM,-9.80
10441,4/24/2023 8:04:00 PM,-9.68
10441,4/24/2023 8:04:00 PM,-9.62
10441,4/24/2023 8:05:00 PM,-9.74
10441,4/24/2023 8:05:00 PM,-9.62
10441,4/24/2023 8:05:00 PM,-9.74
10441,4/24/2023 8:05:00 PM,-9.68
10441,4/24/2023 8:05:00 PM,-9.74
10441,4/24/2023 8:06:00 PM,-10.16
10441,4/24/2023 8:06:00 PM,-9.68
10441,4/24/2023 8:06:00 PM,-9.80
10441,4/24/2023 8:06:00 PM,-9.74
10441,4/24/2023 8:06:00 PM,-9.80
10441,4/24/2023 8:06:00 PM,-9.86
10441,4/24/2023 8:06:00 PM,-9.80
10441,4/24/2023 8:06:00 PM,-9.86
10441,4/24/2023 8:07:00 PM,-9.92
10441,4/24/2023 8:07:00 PM,-9.80
10441,4/24/2023 8:07:00 PM,-9.92
10441,4/24/2023 8:07:00 PM,-10.04
10441,4/24/2023 8:07:00 PM,-9.86
10441,4/24/2023 8:07:00 PM,-9.92
10441,4/24/2023 8:07:00 PM,-9.86
10441,4/24/2023 8:07:00 PM,-10.22
10441,4/24/2023 8:07:00 PM,-9.92
10441,4/24/2023 8:07:00 PM,-9.80
10441,4/24/2023 8:07:00 PM,-9.98
10441,4/24/2023 8:08:00 PM,-10.10
10441,4/24/2023 8:08:00 PM,-10.28
10441,4/24/2023 8:08:00 PM,-10.10
10441,4/24/2023 8:08:00 PM,-9.92
10441,4/24/2023 8:08:00 PM,-9.98
10441,4/24/2023 8:08:00 PM,-9.86
10441,4/24/2023 8:08:00 PM,-9.92
10441,4/24/2023 8:08:00 PM,-9.74
10441,4/24/2023 8:08:00 PM,-9.86
10441,4/24/2023 8:08:00 PM,-9.92
10441,4/24/2023 8:08:00 PM,-9.86
10441,4/24/2023 8:08:00 PM,-9.80
10441,4/24/2023 8:08:00 PM,-9.86
10441,4/24/2023 8:08:00 PM,-9.68
10441,4/24/2023 8:09:00 PM,-9.80
10441,4/24/2023 8:09:00 PM,-9.86
10441,4/24/2023 8:09:00 PM,-10.10
10441,4/24/2023 8:09:00 PM,-9.92
10441,4/24/2023 8:09:00 PM,-9.86
10441,4/24/2023 8:09:00 PM,-10.04
10441,4/24/2023 8:09:00 PM,-9.92
10441,4/24/2023 8:09:00 PM,-9.92
10441,4/24/2023 8:09:00 PM,-10.04
10441,4/24/2023 8:09:00 PM,-9.74
10441,4/24/2023 8:09:00 PM,-9.68
10441,4/24/2023 8:09:00 PM,-9.80
10441,4/24/2023 8:09:00 PM,-9.86
10441,4/24/2023 8:10:00 PM,-10.04
10441,4/24/2023 8:10:00 PM,-10.16
10441,4/24/2023 8:10:00 PM,-10.04
10441,4/24/2023 8:10:00 PM,-9.92
10441,4/24/2023 8:10:00 PM,-10.22
10441,4/24/2023 8:10:00 PM,-9.92
10441,4/24/2023 8:10:00 PM,-9.86
10441,4/24/2023 8:10:00 PM,-9.98
10441,4/24/2023 8:10:00 PM,-9.92
10441,4/24/2023 8:11:00 PM,-10.10
10441,4/24/2023 8:11:00 PM,-10.16
10441,4/24/2023 8:11:00 PM,-10.10
10441,4/24/2023 8:11:00 PM,-10.63
10441,4/24/2023 8:11:00 PM,-10.10
10441,4/24/2023 8:11:00 PM,-10.16
10441,4/24/2023 8:12:00 PM,-10.10
10441,4/24/2023 8:12:00 PM,-10.34
10441,4/24/2023 8:12:00 PM,-10.22
10441,4/24/2023 8:12:00 PM,-10.04
10441,4/24/2023 8:12:00 PM,-10.10
10441,4/24/2023 8:12:00 PM,-10.04
10441,4/24/2023 8:12:00 PM,-10.22
10441,4/24/2023 8:12:00 PM,-10.57
10441,4/24/2023 8:12:00 PM,-10.28
10441,4/24/2023 8:12:00 PM,-10.45
10441,4/24/2023 8:12:00 PM,-10.28
10441,4/24/2023 8:12:00 PM,-10.04
10441,4/24/2023 8:12:00 PM,-10.22
10441,4/24/2023 8:12:00 PM,-10.04
10441,4/24/2023 8:12:00 PM,-10.10
10441,4/24/2023 8:13:00 PM,-10.22
10441,4/24/2023 8:13:00 PM,-10.10
10441,4/24/2023 8:13:00 PM,-10.16
10441,4/24/2023 8:13:00 PM,-10.34
10441,4/24/2023 8:13:00 PM,-10.10
10441,4/24/2023 8:13:00 PM,-10.04
10441,4/24/2023 8:13:00 PM,-10.10
10441,4/24/2023 8:13:00 PM,-10.04
10441,4/24/2023 8:13:00 PM,-10.10
10441,4/24/2023 8:13:00 PM,-10.16
10441,4/24/2023 8:13:00 PM,-10.34
10441,4/24/2023 8:13:00 PM,-10.10
10441,4/24/2023 8:13:00 PM,-9.98
10441,4/24/2023 8:13:00 PM,-10.04
10441,4/24/2023 8:14:00 PM,-10.04
10441,4/24/2023 8:14:00 PM,-9.98
10441,4/24/2023 8:14:00 PM,-10.10
10441,4/24/2023 8:14:00 PM,-10.16
10441,4/24/2023 8:14:00 PM,-10.10
10441,4/24/2023 8:14:00 PM,-9.98
10441,4/24/2023 8:14:00 PM,-9.92
10441,4/24/2023 8:14:00 PM,-9.98
10441,4/24/2023 8:14:00 PM,-10.10
10441,4/24/2023 8:14:00 PM,-10.04
10441,4/24/2023 8:14:00 PM,-9.98
10441,4/24/2023 8:15:00 PM,-10.04
10441,4/24/2023 8:15:00 PM,-9.98
10441,4/24/2023 8:15:00 PM,-10.10
10441,4/24/2023 8:15:00 PM,-10.16
10441,4/24/2023 8:15:00 PM,-10.10
10441,4/24/2023 8:15:00 PM,-10.04
10441,4/24/2023 8:15:00 PM,-10.16
10441,4/24/2023 8:15:00 PM,-10.04
10441,4/24/2023 8:16:00 PM,-10.10
10441,4/24/2023 8:16:00 PM,-10.04
10441,4/24/2023 8:16:00 PM,-10.28
10441,4/24/2023 8:16:00 PM,-9.92
10441,4/24/2023 8:16:00 PM,-10.04
10441,4/24/2023 8:16:00 PM,-9.98
10441,4/24/2023 8:16:00 PM,-10.10
10441,4/24/2023 8:16:00 PM,-10.04
10441,4/24/2023 8:16:00 PM,-9.98
10441,4/24/2023 8:16:00 PM,-10.16
10441,4/24/2023 8:16:00 PM,-10.10
10441,4/24/2023 8:16:00 PM,-10.04
10441,4/24/2023 8:17:00 PM,-10.10
10441,4/24/2023 8:17:00 PM,-10.16
10441,4/24/2023 8:17:00 PM,-10.22
10441,4/24/2023 8:17:00 PM,-10.10
10441,4/24/2023 8:17:00 PM,-10.22
10441,4/24/2023 8:17:00 PM,-10.04
10441,4/24/2023 8:17:00 PM,-10.10
10441,4/24/2023 8:17:00 PM,-9.86
10441,4/24/2023 8:17:00 PM,-10.10
10441,4/24/2023 8:17:00 PM,-10.28
10441,4/24/2023 8:17:00 PM,-10.16
10441,4/24/2023 8:18:00 PM,-10.10
10441,4/24/2023 8:18:00 PM,-10.16
10441,4/24/2023 8:18:00 PM,-10.10
10441,4/24/2023 8:18:00 PM,-10.04
10441,4/24/2023 8:18:00 PM,-10.40
10441,4/24/2023 8:18:00 PM,-10.34
10441,4/24/2023 8:18:00 PM,-10.40
10441,4/24/2023 8:18:00 PM,-10.28
10441,4/24/2023 8:18:00 PM,-10.22
10441,4/24/2023 8:18:00 PM,-10.16
10441,4/24/2023 8:19:00 PM,-10.22
10441,4/24/2023 8:19:00 PM,-10.10
10441,4/24/2023 8:19:00 PM,-10.22
10441,4/24/2023 8:19:00 PM,-10.22
10441,4/24/2023 8:19:00 PM,-10.28
10441,4/24/2023 8:19:00 PM,-10.22
10441,4/24/2023 8:19:00 PM,-10.16
10441,4/24/2023 8:19:00 PM,-10.10
10441,4/24/2023 8:19:00 PM,-10.28
10441,4/24/2023 8:20:00 PM,-10.10
10441,4/24/2023 8:20:00 PM,-10.16
10441,4/24/2023 8:20:00 PM,-10.22
10441,4/24/2023 8:20:00 PM,-10.10
10441,4/24/2023 8:20:00 PM,-10.16
10441,4/24/2023 8:20:00 PM,-10.22
10441,4/24/2023 8:20:00 PM,-10.10
10441,4/24/2023 8:20:00 PM,-10.22
10441,4/24/2023 8:20:00 PM,-10.40
10441,4/24/2023 8:20:00 PM,-10.28
10441,4/24/2023 8:20:00 PM,-10.16
10441,4/24/2023 8:21:00 PM,-10.10
10441,4/24/2023 8:21:00 PM,-10.22
10441,4/24/2023 8:21:00 PM,-10.04
10441,4/24/2023 8:21:00 PM,-10.10
10441,4/24/2023 8:21:00 PM,-10.34
10441,4/24/2023 8:21:00 PM,-10.04
10441,4/24/2023 8:21:00 PM,-9.86
10441,4/24/2023 8:21:00 PM,-10.04
10441,4/24/2023 8:21:00 PM,-9.98
10441,4/24/2023 8:21:00 PM,-10.16
10441,4/24/2023 8:22:00 PM,-10.10
10441,4/24/2023 8:22:00 PM,-10.10
10441,4/24/2023 8:22:00 PM,-9.98
10441,4/24/2023 8:22:00 PM,-10.16
10441,4/24/2023 8:22:00 PM,-10.04
10441,4/24/2023 8:22:00 PM,-10.45
10441,4/24/2023 8:22:00 PM,-10.16
10441,4/24/2023 8:22:00 PM,-9.98
10441,4/24/2023 8:22:00 PM,-10.16
10441,4/24/2023 8:22:00 PM,-10.10
10441,4/24/2023 8:22:00 PM,-10.04
10441,4/24/2023 8:22:00 PM,-10.57
10441,4/24/2023 8:22:00 PM,-9.80
10441,4/24/2023 8:23:00 PM,-10.04
10441,4/24/2023 8:23:00 PM,-9.92
10441,4/24/2023 8:23:00 PM,-10.10
10441,4/24/2023 8:23:00 PM,-10.04
10441,4/24/2023 8:23:00 PM,-9.98
10441,4/24/2023 8:23:00 PM,-10.04
10441,4/24/2023 8:23:00 PM,-10.22
10441,4/24/2023 8:23:00 PM,-10.04
10441,4/24/2023 8:23:00 PM,-10.10
10441,4/24/2023 8:23:00 PM,-10.04
10441,4/24/2023 8:23:00 PM,-9.98
10441,4/24/2023 8:24:00 PM,-9.56
10441,4/24/2023 8:24:00 PM,-10.22
10441,4/24/2023 8:24:00 PM,-9.92
10441,4/24/2023 8:24:00 PM,-10.04
10441,4/24/2023 8:24:00 PM,-9.98
10441,4/24/2023 8:24:00 PM,-9.92
10441,4/24/2023 8:24:00 PM,-9.86
10441,4/24/2023 8:24:00 PM,-9.98
10441,4/24/2023 8:24:00 PM,-9.86
10441,4/24/2023 8:24:00 PM,-9.98
10441,4/24/2023 8:24:00 PM,-9.86
10441,4/24/2023 8:24:00 PM,-10.04
10441,4/24/2023 8:25:00 PM,-10.04
10441,4/24/2023 8:25:00 PM,-10.10
10441,4/24/2023 8:25:00 PM,-9.92
10441,4/24/2023 8:25:00 PM,-10.10
10441,4/24/2023 8:25:00 PM,-10.04
10441,4/24/2023 8:25:00 PM,-10.10
10441,4/24/2023 8:25:00 PM,-9.80
10441,4/24/2023 8:25:00 PM,-10.10
10441,4/24/2023 8:25:00 PM,-10.04
10441,4/24/2023 8:25:00 PM,-9.80
10441,4/24/2023 8:25:00 PM,-9.98
10441,4/24/2023 8:25:00 PM,-9.92
10441,4/24/2023 8:26:00 PM,-9.92
10441,4/24/2023 8:26:00 PM,-9.98
10441,4/24/2023 8:26:00 PM,-9.86
10441,4/24/2023 8:26:00 PM,-10.45
10441,4/24/2023 8:26:00 PM,-10.51
10441,4/24/2023 8:26:00 PM,-10.22
10441,4/24/2023 8:26:00 PM,-10.04
10441,4/24/2023 8:26:00 PM,-10.10
10441,4/24/2023 8:26:00 PM,-10.16
10441,4/24/2023 8:26:00 PM,-10.10
10441,4/24/2023 8:26:00 PM,-9.98
10441,4/24/2023 8:26:00 PM,-10.10
10441,4/24/2023 8:26:00 PM,-10.04
10441,4/24/2023 8:26:00 PM,-10.40
10441,4/24/2023 8:27:00 PM,-10.22
10441,4/24/2023 8:27:00 PM,-10.10
10441,4/24/2023 8:27:00 PM,-10.04
10441,4/24/2023 8:27:00 PM,-10.16
10441,4/24/2023 8:27:00 PM,-10.04
10441,4/24/2023 8:27:00 PM,-10.10
10441,4/24/2023 8:28:00 PM,-10.16
10441,4/24/2023 8:28:00 PM,-10.10
10441,4/24/2023 8:28:00 PM,-10.57
10441,4/24/2023 8:28:00 PM,-10.16
10441,4/24/2023 8:28:00 PM,-10.22
10441,4/24/2023 8:28:00 PM,-10.16
10441,4/24/2023 8:29:00 PM,-10.10
10441,4/24/2023 8:29:00 PM,-10.04
10441,4/24/2023 8:29:00 PM,-9.98
10441,4/24/2023 8:29:00 PM,-10.10
10441,4/24/2023 8:29:00 PM,-10.04
10441,4/24/2023 8:29:00 PM,-10.10
10441,4/24/2023 8:29:00 PM,-10.04
10441,4/24/2023 8:30:00 PM,-9.86
10441,4/24/2023 8:30:00 PM,-9.92
10441,4/24/2023 8:30:00 PM,-9.86
10441,4/24/2023 8:30:00 PM,-9.68
10441,4/24/2023 8:30:00 PM,-9.80
10441,4/24/2023 8:30:00 PM,-9.92
10441,4/24/2023 8:30:00 PM,-9.98
10441,4/24/2023 8:30:00 PM,-9.92
10441,4/24/2023 8:30:00 PM,-10.16
10441,4/24/2023 8:30:00 PM,-9.98
10441,4/24/2023 8:30:00 PM,-9.86
10441,4/24/2023 8:30:00 PM,-9.92
10441,4/24/2023 8:31:00 PM,-9.80
10441,4/24/2023 8:31:00 PM,-9.68
10441,4/24/2023 8:31:00 PM,-9.50
10441,4/24/2023 8:31:00 PM,-9.62
10441,4/24/2023 8:31:00 PM,-9.50
10441,4/24/2023 8:31:00 PM,-9.62
10441,4/24/2023 8:31:00 PM,-9.56
10441,4/24/2023 8:31:00 PM,-9.62
10441,4/24/2023 8:31:00 PM,-9.38
10441,4/24/2023 8:31:00 PM,-9.50
10441,4/24/2023 8:32:00 PM,-9.56
10441,4/24/2023 8:32:00 PM,-9.68
10441,4/24/2023 8:32:00 PM,-9.74
10441,4/24/2023 8:32:00 PM,-9.80
10441,4/24/2023 8:32:00 PM,-9.74
10441,4/24/2023 8:32:00 PM,-9.80
10441,4/24/2023 8:32:00 PM,-9.50
10441,4/24/2023 8:32:00 PM,-9.80
10441,4/24/2023 8:32:00 PM,-9.74
10441,4/24/2023 8:32:00 PM,-9.80
10441,4/24/2023 8:33:00 PM,-9.86
10441,4/24/2023 8:33:00 PM,-9.80
10441,4/24/2023 8:33:00 PM,-9.86
10441,4/24/2023 8:33:00 PM,-9.80
10441,4/24/2023 8:33:00 PM,-9.74
10441,4/24/2023 8:33:00 PM,-9.92
10441,4/24/2023 8:33:00 PM,-9.86
10441,4/24/2023 8:33:00 PM,-10.16
10441,4/24/2023 8:33:00 PM,-9.74
10441,4/24/2023 8:34:00 PM,-9.80
10441,4/24/2023 8:34:00 PM,-9.50
10441,4/24/2023 8:34:00 PM,-9.80
10441,4/24/2023 8:34:00 PM,-10.04
10441,4/24/2023 8:34:00 PM,-9.56
10441,4/24/2023 8:34:00 PM,-9.86
10441,4/24/2023 8:34:00 PM,-9.80
10441,4/24/2023 8:34:00 PM,-9.74
10441,4/24/2023 8:34:00 PM,-9.68
10441,4/24/2023 8:34:00 PM,-9.80
10441,4/24/2023 8:34:00 PM,-9.74
10441,4/24/2023 8:34:00 PM,-9.68
10441,4/24/2023 8:34:00 PM,-9.74
10441,4/24/2023 8:35:00 PM,-9.62
10441,4/24/2023 8:35:00 PM,-9.68
10441,4/24/2023 8:35:00 PM,-9.74
10441,4/24/2023 8:35:00 PM,-9.80
10441,4/24/2023 8:35:00 PM,-9.68
10441,4/24/2023 8:35:00 PM,-9.74
10441,4/24/2023 8:35:00 PM,-9.80
10441,4/24/2023 8:35:00 PM,-9.98
10441,4/24/2023 8:35:00 PM,-9.80
10441,4/24/2023 8:35:00 PM,-9.86
10441,4/24/2023 8:35:00 PM,-9.80
10441,4/24/2023 8:36:00 PM,-9.86
10441,4/24/2023 8:36:00 PM,-9.80
10441,4/24/2023 8:36:00 PM,-9.98
10441,4/24/2023 8:36:00 PM,-9.74
10441,4/24/2023 8:36:00 PM,-9.86
10441,4/24/2023 8:36:00 PM,-9.92
10441,4/24/2023 8:36:00 PM,-9.86
10441,4/24/2023 8:36:00 PM,-9.98
10441,4/24/2023 8:36:00 PM,-9.92
10441,4/24/2023 8:37:00 PM,-9.86
10441,4/24/2023 8:37:00 PM,-9.92
10441,4/24/2023 8:37:00 PM,-9.86
10441,4/24/2023 8:37:00 PM,-9.80
10441,4/24/2023 8:38:00 PM,-10.10
10441,4/24/2023 8:38:00 PM,-9.56
10441,4/24/2023 8:38:00 PM,-9.68
10441,4/24/2023 8:38:00 PM,-9.98
10441,4/24/2023 8:38:00 PM,-9.92
10441,4/24/2023 8:38:00 PM,-9.86
10441,4/24/2023 8:38:00 PM,-9.80
10441,4/24/2023 8:38:00 PM,-9.86
10441,4/24/2023 8:38:00 PM,-9.74
10441,4/24/2023 8:38:00 PM,-9.86
10441,4/24/2023 8:39:00 PM,-9.80
10441,4/24/2023 8:39:00 PM,-10.04
10441,4/24/2023 8:39:00 PM,-9.80
10441,4/24/2023 8:39:00 PM,-9.98
10441,4/24/2023 8:39:00 PM,-9.92
10441,4/24/2023 8:39:00 PM,-9.86
10441,4/24/2023 8:39:00 PM,-9.92
10441,4/24/2023 8:39:00 PM,-9.86
10441,4/24/2023 8:39:00 PM,-9.92
10441,4/24/2023 8:40:00 PM,-9.86
10441,4/24/2023 8:40:00 PM,-9.92
10441,4/24/2023 8:40:00 PM,-10.16
10441,4/24/2023 8:40:00 PM,-9.68
10441,4/24/2023 8:40:00 PM,-9.98
10441,4/24/2023 8:40:00 PM,-9.86
10441,4/24/2023 8:40:00 PM,-9.86
10441,4/24/2023 8:40:00 PM,-9.92
10441,4/24/2023 8:40:00 PM,-9.86
10441,4/24/2023 8:40:00 PM,-9.92
10441,4/24/2023 8:40:00 PM,-9.86
10441,4/24/2023 8:40:00 PM,-9.92
10441,4/24/2023 8:41:00 PM,-10.34
10441,4/24/2023 8:41:00 PM,-10.04
10441,4/24/2023 8:41:00 PM,-10.10
10441,4/24/2023 8:41:00 PM,-10.04
10441,4/24/2023 8:41:00 PM,-9.98
10441,4/24/2023 8:41:00 PM,-9.86
10441,4/24/2023 8:41:00 PM,-9.92
10441,4/24/2023 8:41:00 PM,-9.98
10441,4/24/2023 8:41:00 PM,-9.92
10441,4/24/2023 8:41:00 PM,-10.10
10441,4/24/2023 8:41:00 PM,-9.68
10441,4/24/2023 8:41:00 PM,-9.98
10441,4/24/2023 8:41:00 PM,-9.62
10441,4/24/2023 8:42:00 PM,-10.04
10441,4/24/2023 8:42:00 PM,-9.98
10441,4/24/2023 8:42:00 PM,-9.92
10441,4/24/2023 8:42:00 PM,-10.04
10441,4/24/2023 8:42:00 PM,-9.86
10441,4/24/2023 8:42:00 PM,-9.92
10441,4/24/2023 8:42:00 PM,-10.04
10441,4/24/2023 8:42:00 PM,-9.92
10441,4/24/2023 8:42:00 PM,-10.04
10441,4/24/2023 8:42:00 PM,-9.86
10441,4/24/2023 8:43:00 PM,-10.04
10441,4/24/2023 8:43:00 PM,-9.92
10441,4/24/2023 8:43:00 PM,-10.04
10441,4/24/2023 8:43:00 PM,-10.04
10441,4/24/2023 8:43:00 PM,-10.10
10441,4/24/2023 8:43:00 PM,-10.04
10441,4/24/2023 8:43:00 PM,-9.98
10441,4/24/2023 8:43:00 PM,-10.16
10441,4/24/2023 8:43:00 PM,-10.04
10441,4/24/2023 8:43:00 PM,-9.92
10441,4/24/2023 8:44:00 PM,-9.98
10441,4/24/2023 8:44:00 PM,-10.10
10441,4/24/2023 8:44:00 PM,-10.22
10441,4/24/2023 8:44:00 PM,-10.04
10441,4/24/2023 8:44:00 PM,-9.98
10441,4/24/2023 8:44:00 PM,-9.92
10441,4/24/2023 8:44:00 PM,-10.04
10441,4/24/2023 8:44:00 PM,-9.92
10441,4/24/2023 8:44:00 PM,-10.16
10441,4/24/2023 8:44:00 PM,-10.10
10441,4/24/2023 8:45:00 PM,-10.04
10441,4/24/2023 8:45:00 PM,-9.98
10441,4/24/2023 8:45:00 PM,-10.04
10441,4/24/2023 8:45:00 PM,-10.51
10441,4/24/2023 8:45:00 PM,-10.34
10441,4/24/2023 8:45:00 PM,-10.04
10441,4/24/2023 8:45:00 PM,-9.92
10441,4/24/2023 8:46:00 PM,-10.04
10441,4/24/2023 8:46:00 PM,-9.92
10441,4/24/2023 8:46:00 PM,-10.10
10441,4/24/2023 8:46:00 PM,-9.98
10441,4/24/2023 8:46:00 PM,-9.92
10441,4/24/2023 8:46:00 PM,-9.98
10441,4/24/2023 8:46:00 PM,-10.04
10441,4/24/2023 8:46:00 PM,-9.98
10441,4/24/2023 8:47:00 PM,-9.74
10441,4/24/2023 8:47:00 PM,-9.86
10441,4/24/2023 8:47:00 PM,-9.80
10441,4/24/2023 8:47:00 PM,-9.74
10441,4/24/2023 8:47:00 PM,-10.16
10441,4/24/2023 8:47:00 PM,-9.74
10441,4/24/2023 8:47:00 PM,-9.80
10441,4/24/2023 8:47:00 PM,-9.92
10441,4/24/2023 8:47:00 PM,-9.74
10441,4/24/2023 8:47:00 PM,-9.80
10441,4/24/2023 8:47:00 PM,-9.74
10441,4/24/2023 8:47:00 PM,-9.80
10441,4/24/2023 8:47:00 PM,-9.86
10441,4/24/2023 8:48:00 PM,-9.86
10441,4/24/2023 8:48:00 PM,-9.80
10441,4/24/2023 8:48:00 PM,-9.92
10441,4/24/2023 8:48:00 PM,-9.62
10441,4/24/2023 8:48:00 PM,-9.74
10441,4/24/2023 8:48:00 PM,-9.80
10441,4/24/2023 8:48:00 PM,-9.74
10441,4/24/2023 8:48:00 PM,-9.86
10441,4/24/2023 8:48:00 PM,-9.74
10441,4/24/2023 8:48:00 PM,-9.92
10441,4/24/2023 8:48:00 PM,-9.80
10441,4/24/2023 8:48:00 PM,-9.86
10441,4/24/2023 8:49:00 PM,-9.74
10441,4/24/2023 8:49:00 PM,-9.86
10441,4/24/2023 8:49:00 PM,-9.80
10441,4/24/2023 8:49:00 PM,-9.50
10441,4/24/2023 8:49:00 PM,-9.92
10441,4/24/2023 8:49:00 PM,-9.80
10441,4/24/2023 8:49:00 PM,-9.86
10441,4/24/2023 8:49:00 PM,-10.16
10441,4/24/2023 8:49:00 PM,-9.92
10441,4/24/2023 8:50:00 PM,-9.86
10441,4/24/2023 8:50:00 PM,-9.68
10441,4/24/2023 8:50:00 PM,-9.38
10441,4/24/2023 8:50:00 PM,-9.74
10441,4/24/2023 8:50:00 PM,-9.98
10441,4/24/2023 8:50:00 PM,-9.86
10441,4/24/2023 8:50:00 PM,-9.74
10441,4/24/2023 8:50:00 PM,-9.86
10441,4/24/2023 8:51:00 PM,-9.80
10441,4/24/2023 8:51:00 PM,-9.86
10441,4/24/2023 8:51:00 PM,-10.10
10441,4/24/2023 8:51:00 PM,-10.34
10441,4/24/2023 8:51:00 PM,-9.80
10441,4/24/2023 8:51:00 PM,-9.80
10441,4/24/2023 8:51:00 PM,-9.86
10441,4/24/2023 8:51:00 PM,-9.74
10441,4/24/2023 8:51:00 PM,-9.86
10441,4/24/2023 8:51:00 PM,-9.80
10441,4/24/2023 8:51:00 PM,-9.74
10441,4/24/2023 8:52:00 PM,-9.92
10441,4/24/2023 8:52:00 PM,-9.98
10441,4/24/2023 8:52:00 PM,-9.68
10441,4/24/2023 8:52:00 PM,-9.74
10441,4/24/2023 8:52:00 PM,-9.98
10441,4/24/2023 8:52:00 PM,-9.92
10441,4/24/2023 8:52:00 PM,-9.86
10441,4/24/2023 8:53:00 PM,-9.80
10441,4/24/2023 8:53:00 PM,-9.74
10441,4/24/2023 8:53:00 PM,-9.50
10441,4/24/2023 8:53:00 PM,-9.86
10441,4/24/2023 8:53:00 PM,-9.80
10441,4/24/2023 8:53:00 PM,-9.74
10441,4/24/2023 8:53:00 PM,-9.68
10441,4/24/2023 8:53:00 PM,-9.62
10441,4/24/2023 8:53:00 PM,-9.98
10441,4/24/2023 8:54:00 PM,-9.74
10441,4/24/2023 8:54:00 PM,-9.68
10441,4/24/2023 8:54:00 PM,-9.74
10441,4/24/2023 8:54:00 PM,-9.44
10441,4/24/2023 8:54:00 PM,-9.62
10441,4/24/2023 8:54:00 PM,-9.68
10441,4/24/2023 8:54:00 PM,-9.74
10441,4/24/2023 8:55:00 PM,-9.56
10441,4/24/2023 8:55:00 PM,-9.62
10441,4/24/2023 8:55:00 PM,-9.68
10441,4/24/2023 8:55:00 PM,-9.74
10441,4/24/2023 8:55:00 PM,-9.26
10441,4/24/2023 8:55:00 PM,-9.74
10441,4/24/2023 8:55:00 PM,-9.68
10441,4/24/2023 8:55:00 PM,-9.74
10441,4/24/2023 8:55:00 PM,-9.68
10441,4/24/2023 8:55:00 PM,-9.80
10441,4/24/2023 8:56:00 PM,-9.62
10441,4/24/2023 8:56:00 PM,-9.68
10441,4/24/2023 8:56:00 PM,-10.04
10441,4/24/2023 8:56:00 PM,-9.86
10441,4/24/2023 8:56:00 PM,-9.80
10441,4/24/2023 8:56:00 PM,-9.74
10441,4/24/2023 8:56:00 PM,-9.86
10441,4/24/2023 8:56:00 PM,-9.62
10441,4/24/2023 8:56:00 PM,-9.68
10441,4/24/2023 8:56:00 PM,-9.50
10441,4/24/2023 8:56:00 PM,-9.68
10441,4/24/2023 8:56:00 PM,-9.86
10441,4/24/2023 8:56:00 PM,-10.10
10441,4/24/2023 8:56:00 PM,-9.80
10441,4/24/2023 8:57:00 PM,-9.56
10441,4/24/2023 8:57:00 PM,-9.68
10441,4/24/2023 8:57:00 PM,-10.10
10441,4/24/2023 8:57:00 PM,-9.86
10441,4/24/2023 8:57:00 PM,-9.80
10441,4/24/2023 8:57:00 PM,-9.44
10441,4/24/2023 8:57:00 PM,-9.68
10441,4/24/2023 8:57:00 PM,-9.74
10441,4/24/2023 8:57:00 PM,-9.80
10441,4/24/2023 8:57:00 PM,-9.86
10441,4/24/2023 8:57:00 PM,-9.50
10441,4/24/2023 8:58:00 PM,-9.80
10441,4/24/2023 8:58:00 PM,-9.74
10441,4/24/2023 8:58:00 PM,-9.74
10441,4/24/2023 8:58:00 PM,-9.86
10441,4/24/2023 8:58:00 PM,-9.80
10441,4/24/2023 8:58:00 PM,-9.68
10441,4/24/2023 8:58:00 PM,-9.74
10441,4/24/2023 8:59:00 PM,-9.74
10441,4/24/2023 8:59:00 PM,-9.68
10441,4/24/2023 8:59:00 PM,-9.98
10441,4/24/2023 8:59:00 PM,-9.80
10441,4/24/2023 8:59:00 PM,-9.74
10441,4/24/2023 8:59:00 PM,-9.80
10441,4/24/2023 9:00:00 PM,-9.50
10441,4/24/2023 9:00:00 PM,-9.92
10441,4/24/2023 9:00:00 PM,-9.80
10441,4/24/2023 9:00:00 PM,-10.81
10441,4/24/2023 9:00:00 PM,-9.62
10441,4/24/2023 9:00:00 PM,-9.56
10441,4/24/2023 9:00:00 PM,-9.68
10441,4/24/2023 9:00:00 PM,-9.86
10441,4/24/2023 9:00:00 PM,-9.74
10441,4/24/2023 9:01:00 PM,-9.86
10441,4/24/2023 9:01:00 PM,-9.92
10441,4/24/2023 9:01:00 PM,-9.86
10441,4/24/2023 9:01:00 PM,-9.92
10441,4/24/2023 9:01:00 PM,-9.86
10441,4/24/2023 9:01:00 PM,-9.92
10441,4/24/2023 9:01:00 PM,-9.86
10441,4/24/2023 9:01:00 PM,-9.98
10441,4/24/2023 9:02:00 PM,-9.98
10441,4/24/2023 9:02:00 PM,-9.80
10441,4/24/2023 9:02:00 PM,-9.98
10441,4/24/2023 9:02:00 PM,-9.92
10441,4/24/2023 9:02:00 PM,-10.16
10441,4/24/2023 9:02:00 PM,-10.10
10441,4/24/2023 9:02:00 PM,-9.92
10441,4/24/2023 9:03:00 PM,-9.80
10441,4/24/2023 9:03:00 PM,-9.92
10441,4/24/2023 9:03:00 PM,-10.28
10441,4/24/2023 9:03:00 PM,-9.92
10441,4/24/2023 9:03:00 PM,-9.86
10441,4/24/2023 9:03:00 PM,-10.04
10441,4/24/2023 9:03:00 PM,-9.98
10441,4/24/2023 9:03:00 PM,-9.98
10441,4/24/2023 9:03:00 PM,-9.74
10441,4/24/2023 9:03:00 PM,-10.16
10441,4/24/2023 9:03:00 PM,-10.04
10441,4/24/2023 9:03:00 PM,-9.86
10441,4/24/2023 9:03:00 PM,-10.04
10441,4/24/2023 9:04:00 PM,-10.04
10441,4/24/2023 9:04:00 PM,-9.98
10441,4/24/2023 9:04:00 PM,-10.04
10441,4/24/2023 9:04:00 PM,-9.92
10441,4/24/2023 9:04:00 PM,-9.98
10441,4/24/2023 9:04:00 PM,-9.86
10441,4/24/2023 9:04:00 PM,-10.04
10441,4/24/2023 9:04:00 PM,-10.40
10441,4/24/2023 9:04:00 PM,-9.86
10441,4/24/2023 9:04:00 PM,-10.10
10441,4/24/2023 9:04:00 PM,-9.92
10441,4/24/2023 9:04:00 PM,-10.34
10441,4/24/2023 9:04:00 PM,-9.92
10441,4/24/2023 9:05:00 PM,-9.98
10441,4/24/2023 9:05:00 PM,-10.28
10441,4/24/2023 9:05:00 PM,-10.04
10441,4/24/2023 9:05:00 PM,-9.98
10441,4/24/2023 9:05:00 PM,-10.16
10441,4/24/2023 9:05:00 PM,-9.92
10441,4/24/2023 9:05:00 PM,-9.86
10441,4/24/2023 9:05:00 PM,-10.04
10441,4/24/2023 9:06:00 PM,-9.86
10441,4/24/2023 9:06:00 PM,-9.92
10441,4/24/2023 9:06:00 PM,-9.86
10441,4/24/2023 9:06:00 PM,-9.80
10441,4/24/2023 9:06:00 PM,-9.86
10441,4/24/2023 9:06:00 PM,-9.92
10441,4/24/2023 9:06:00 PM,-9.98
10441,4/24/2023 9:06:00 PM,-9.92
10441,4/24/2023 9:06:00 PM,-10.22
10441,4/24/2023 9:06:00 PM,-9.80
10441,4/24/2023 9:06:00 PM,-9.74
10441,4/24/2023 9:06:00 PM,-9.86
10441,4/24/2023 9:07:00 PM,-9.80
10441,4/24/2023 9:07:00 PM,-10.10
10441,4/24/2023 9:07:00 PM,-9.98
10441,4/24/2023 9:07:00 PM,-9.92
10441,4/24/2023 9:07:00 PM,-9.74
10441,4/24/2023 9:07:00 PM,-10.16
10441,4/24/2023 9:07:00 PM,-10.04
10441,4/24/2023 9:07:00 PM,-9.68
10441,4/24/2023 9:07:00 PM,-9.80
10441,4/24/2023 9:07:00 PM,-9.74
10441,4/24/2023 9:07:00 PM,-9.98
10441,4/24/2023 9:07:00 PM,-9.80
10441,4/24/2023 9:07:00 PM,-9.86
10441,4/24/2023 9:08:00 PM,-9.74
10441,4/24/2023 9:08:00 PM,-10.04
10441,4/24/2023 9:08:00 PM,-9.86
10441,4/24/2023 9:08:00 PM,-9.74
10441,4/24/2023 9:08:00 PM,-9.80
10441,4/24/2023 9:08:00 PM,-9.74
10441,4/24/2023 9:08:00 PM,-9.80
10441,4/24/2023 9:08:00 PM,-9.74
10441,4/24/2023 9:08:00 PM,-9.80
10441,4/24/2023 9:08:00 PM,-9.86
10441,4/24/2023 9:08:00 PM,-9.80
10441,4/24/2023 9:08:00 PM,-9.74
10441,4/24/2023 9:08:00 PM,-9.80
10441,4/24/2023 9:09:00 PM,-9.98
10441,4/24/2023 9:09:00 PM,-9.80
10441,4/24/2023 9:09:00 PM,-9.74
10441,4/24/2023 9:09:00 PM,-9.86
10441,4/24/2023 9:09:00 PM,-9.74
10441,4/24/2023 9:09:00 PM,-9.62
10441,4/24/2023 9:09:00 PM,-9.74
10441,4/24/2023 9:09:00 PM,-9.86
10441,4/24/2023 9:09:00 PM,-9.92
10441,4/24/2023 9:09:00 PM,-9.80
10441,4/24/2023 9:09:00 PM,-9.68
10441,4/24/2023 9:09:00 PM,-9.98
10441,4/24/2023 9:09:00 PM,-9.86
10441,4/24/2023 9:10:00 PM,-9.98
10441,4/24/2023 9:10:00 PM,-9.92
10441,4/24/2023 9:10:00 PM,-9.92
10441,4/24/2023 9:10:00 PM,-9.80
10441,4/24/2023 9:10:00 PM,-9.74
10441,4/24/2023 9:10:00 PM,-10.22
10441,4/24/2023 9:10:00 PM,-9.92
10441,4/24/2023 9:11:00 PM,-9.86
10441,4/24/2023 9:11:00 PM,-9.80
10441,4/24/2023 9:11:00 PM,-9.86
10441,4/24/2023 9:11:00 PM,-9.80
10441,4/24/2023 9:11:00 PM,-9.92
10441,4/24/2023 9:11:00 PM,-9.74
10441,4/24/2023 9:11:00 PM,-9.92
10441,4/24/2023 9:11:00 PM,-9.86
10441,4/24/2023 9:11:00 PM,-9.80
10441,4/24/2023 9:11:00 PM,-9.74
10441,4/24/2023 9:11:00 PM,-9.86
10441,4/24/2023 9:12:00 PM,-9.92
10441,4/24/2023 9:12:00 PM,-9.80
10441,4/24/2023 9:12:00 PM,-9.50
10441,4/24/2023 9:12:00 PM,-9.86
10441,4/24/2023 9:12:00 PM,-9.92
10441,4/24/2023 9:12:00 PM,-9.98
10441,4/24/2023 9:12:00 PM,-9.86
10441,4/24/2023 9:12:00 PM,-9.80
10441,4/24/2023 9:12:00 PM,-9.62
10441,4/24/2023 9:12:00 PM,-9.92
10441,4/24/2023 9:12:00 PM,-9.86
10441,4/24/2023 9:13:00 PM,-9.68
10441,4/24/2023 9:13:00 PM,-9.74
10441,4/24/2023 9:13:00 PM,-9.20
10441,4/24/2023 9:13:00 PM,-9.80
10441,4/24/2023 9:13:00 PM,-9.62
10441,4/24/2023 9:13:00 PM,-9.68
10441,4/24/2023 9:13:00 PM,-9.74
10441,4/24/2023 9:13:00 PM,-9.80
10441,4/24/2023 9:13:00 PM,-9.86
10441,4/24/2023 9:13:00 PM,-9.68
10441,4/24/2023 9:14:00 PM,-9.86
10441,4/24/2023 9:14:00 PM,-9.80
10441,4/24/2023 9:14:00 PM,-9.86
10441,4/24/2023 9:14:00 PM,-9.44
10441,4/24/2023 9:14:00 PM,-9.62
10441,4/24/2023 9:14:00 PM,-9.74
10441,4/24/2023 9:14:00 PM,-9.80
10441,4/24/2023 9:14:00 PM,-9.86
10441,4/24/2023 9:14:00 PM,-9.80
10441,4/24/2023 9:14:00 PM,-9.62
10441,4/24/2023 9:14:00 PM,-9.44
10441,4/24/2023 9:15:00 PM,-9.74
10441,4/24/2023 9:15:00 PM,-9.80
10441,4/24/2023 9:15:00 PM,-9.68
10441,4/24/2023 9:15:00 PM,-9.62
10441,4/24/2023 9:15:00 PM,-9.74
10441,4/24/2023 9:15:00 PM,-9.80
10441,4/24/2023 9:15:00 PM,-9.74
10441,4/24/2023 9:15:00 PM,-9.68
10441,4/24/2023 9:15:00 PM,-9.44
10441,4/24/2023 9:15:00 PM,-9.74
10441,4/24/2023 9:15:00 PM,-9.68
10441,4/24/2023 9:16:00 PM,-9.50
10441,4/24/2023 9:16:00 PM,-9.68
10441,4/24/2023 9:16:00 PM,-9.56
10441,4/24/2023 9:16:00 PM,-9.74
10441,4/24/2023 9:16:00 PM,-9.68
10441,4/24/2023 9:16:00 PM,-9.62
10441,4/24/2023 9:16:00 PM,-9.68
10441,4/24/2023 9:16:00 PM,-9.62
10441,4/24/2023 9:16:00 PM,-9.92
10441,4/24/2023 9:16:00 PM,-9.44
10441,4/24/2023 9:17:00 PM,-9.68
10441,4/24/2023 9:17:00 PM,-9.80
10441,4/24/2023 9:17:00 PM,-9.56
10441,4/24/2023 9:17:00 PM,-9.62
10441,4/24/2023 9:17:00 PM,-9.74
10441,4/24/2023 9:17:00 PM,-9.68
10441,4/24/2023 9:17:00 PM,-9.74
10441,4/24/2023 9:17:00 PM,-9.92
10441,4/24/2023 9:17:00 PM,-9.74
10441,4/24/2023 9:17:00 PM,-9.62
10441,4/24/2023 9:17:00 PM,-9.68
10441,4/24/2023 9:18:00 PM,-9.74
10441,4/24/2023 9:18:00 PM,-9.68
10441,4/24/2023 9:18:00 PM,-9.68
10441,4/24/2023 9:18:00 PM,-9.80
10441,4/24/2023 9:18:00 PM,-9.56
10441,4/24/2023 9:18:00 PM,-9.62
10441,4/24/2023 9:18:00 PM,-9.98
10441,4/24/2023 9:18:00 PM,-9.56
10441,4/24/2023 9:18:00 PM,-9.68
10441,4/24/2023 9:18:00 PM,-9.74
10441,4/24/2023 9:18:00 PM,-9.62
10441,4/24/2023 9:19:00 PM,-9.74
10441,4/24/2023 9:19:00 PM,-9.80
10441,4/24/2023 9:19:00 PM,-9.74
10441,4/24/2023 9:19:00 PM,-9.68
10441,4/24/2023 9:19:00 PM,-9.86
10441,4/24/2023 9:20:00 PM,-10.34
10441,4/24/2023 9:20:00 PM,-9.86
10441,4/24/2023 9:20:00 PM,-9.68
10441,4/24/2023 9:20:00 PM,-9.74
10441,4/24/2023 9:20:00 PM,-9.68
10441,4/24/2023 9:20:00 PM,-9.74
10441,4/24/2023 9:20:00 PM,-9.80
10441,4/24/2023 9:20:00 PM,-9.62
10441,4/24/2023 9:20:00 PM,-9.80
10441,4/24/2023 9:20:00 PM,-9.74
10441,4/24/2023 9:21:00 PM,-9.68
10441,4/24/2023 9:21:00 PM,-9.62
10441,4/24/2023 9:21:00 PM,-9.74
10441,4/24/2023 9:21:00 PM,-9.86
10441,4/24/2023 9:21:00 PM,-9.56
10441,4/24/2023 9:21:00 PM,-9.68
10441,4/24/2023 9:21:00 PM,-9.62
10441,4/24/2023 9:21:00 PM,-9.68
10441,4/24/2023 9:21:00 PM,-9.50
10441,4/24/2023 9:22:00 PM,-9.56
10441,4/24/2023 9:22:00 PM,-9.74
10441,4/24/2023 9:22:00 PM,-9.68
10441,4/24/2023 9:22:00 PM,-9.62
10441,4/24/2023 9:22:00 PM,-9.56
10441,4/24/2023 9:22:00 PM,-9.68
10441,4/24/2023 9:22:00 PM,-9.74
10441,4/24/2023 9:22:00 PM,-9.68
10441,4/24/2023 9:22:00 PM,-9.80
10441,4/24/2023 9:23:00 PM,-9.80
10441,4/24/2023 9:23:00 PM,-9.74
10441,4/24/2023 9:23:00 PM,-9.80
10441,4/24/2023 9:23:00 PM,-9.68
10441,4/24/2023 9:23:00 PM,-9.62
10441,4/24/2023 9:23:00 PM,-9.68
10441,4/24/2023 9:23:00 PM,-9.62
10441,4/24/2023 9:23:00 PM,-9.68
10441,4/24/2023 9:23:00 PM,-9.74
10441,4/24/2023 9:24:00 PM,-9.62
10441,4/24/2023 9:24:00 PM,-9.86
10441,4/24/2023 9:24:00 PM,-9.80
10441,4/24/2023 9:24:00 PM,-9.68
10441,4/24/2023 9:24:00 PM,-9.62
10441,4/24/2023 9:24:00 PM,-9.56
10441,4/24/2023 9:24:00 PM,-9.68
10441,4/24/2023 9:24:00 PM,-9.50
10441,4/24/2023 9:24:00 PM,-9.68
10441,4/24/2023 9:24:00 PM,-9.74
10441,4/24/2023 9:24:00 PM,-9.92
10441,4/24/2023 9:25:00 PM,-9.74
10441,4/24/2023 9:25:00 PM,-9.68
10441,4/24/2023 9:25:00 PM,-9.62
10441,4/24/2023 9:25:00 PM,-9.68
10441,4/24/2023 9:25:00 PM,-9.74
10441,4/24/2023 9:25:00 PM,-9.68
10441,4/24/2023 9:25:00 PM,-9.62
10441,4/24/2023 9:26:00 PM,-9.68
10441,4/24/2023 9:26:00 PM,-9.62
10441,4/24/2023 9:26:00 PM,-9.86
10441,4/24/2023 9:26:00 PM,-9.62
10441,4/24/2023 9:26:00 PM,-9.56
10441,4/24/2023 9:26:00 PM,-9.68
10441,4/24/2023 9:26:00 PM,-9.68
10441,4/24/2023 9:26:00 PM,-9.74
10441,4/24/2023 9:26:00 PM,-9.68
10441,4/24/2023 9:26:00 PM,-9.56
10441,4/24/2023 9:26:00 PM,-9.62
10441,4/24/2023 9:26:00 PM,-9.80
10441,4/24/2023 9:27:00 PM,-9.62
10441,4/24/2023 9:27:00 PM,-9.62
10441,4/24/2023 9:27:00 PM,-9.56
10441,4/24/2023 9:27:00 PM,-9.68
10441,4/24/2023 9:27:00 PM,-9.56
10441,4/24/2023 9:27:00 PM,-9.62
10441,4/24/2023 9:27:00 PM,-9.68
10441,4/24/2023 9:28:00 PM,-9.74
10441,4/24/2023 9:28:00 PM,-9.68
10441,4/24/2023 9:28:00 PM,-9.62
10441,4/24/2023 9:28:00 PM,-9.80
10441,4/24/2023 9:28:00 PM,-9.62
10441,4/24/2023 9:28:00 PM,-9.74
10441,4/24/2023 9:28:00 PM,-9.38
10441,4/24/2023 9:28:00 PM,-10.04
10441,4/24/2023 9:28:00 PM,-9.56
10441,4/24/2023 9:28:00 PM,-9.62
10441,4/24/2023 9:28:00 PM,-9.74
10441,4/24/2023 9:28:00 PM,-9.68
10441,4/24/2023 9:29:00 PM,-9.92
10441,4/24/2023 9:29:00 PM,-9.86
10441,4/24/2023 9:29:00 PM,-9.74
10441,4/24/2023 9:29:00 PM,-9.68
10441,4/24/2023 9:29:00 PM,-9.62
10441,4/24/2023 9:29:00 PM,-9.74
10441,4/24/2023 9:29:00 PM,-9.86
10441,4/24/2023 9:29:00 PM,-9.98
10441,4/24/2023 9:29:00 PM,-9.86
10441,4/24/2023 9:29:00 PM,-9.80
10441,4/24/2023 9:30:00 PM,-9.80
10441,4/24/2023 9:30:00 PM,-9.74
10441,4/24/2023 9:30:00 PM,-9.80
10441,4/24/2023 9:30:00 PM,-9.74
10441,4/24/2023 9:30:00 PM,-10.04
10441,4/24/2023 9:30:00 PM,-9.56
10441,4/24/2023 9:30:00 PM,-9.62
10441,4/24/2023 9:30:00 PM,-9.68
10441,4/24/2023 9:30:00 PM,-9.80
10441,4/24/2023 9:30:00 PM,-9.68
10441,4/24/2023 9:30:00 PM,-9.74
10441,4/24/2023 9:31:00 PM,-9.98
10441,4/24/2023 9:31:00 PM,-9.80
10441,4/24/2023 9:31:00 PM,-9.50
10441,4/24/2023 9:31:00 PM,-9.68
10441,4/24/2023 9:31:00 PM,-9.74
10441,4/24/2023 9:31:00 PM,-9.74
10441,4/24/2023 9:31:00 PM,-9.98
10441,4/24/2023 9:31:00 PM,-9.68
10441,4/24/2023 9:31:00 PM,-9.74
10441,4/24/2023 9:31:00 PM,-9.62
10441,4/24/2023 9:31:00 PM,-9.92
10441,4/24/2023 9:32:00 PM,-10.16
10441,4/24/2023 9:32:00 PM,-9.74
10441,4/24/2023 9:32:00 PM,-9.68
10441,4/24/2023 9:32:00 PM,-9.74
10441,4/24/2023 9:32:00 PM,-9.68
10441,4/24/2023 9:32:00 PM,-9.74
10441,4/24/2023 9:32:00 PM,-9.68
10441,4/24/2023 9:33:00 PM,-9.62
10441,4/24/2023 9:33:00 PM,-9.68
10441,4/24/2023 9:34:00 PM,-9.74
10441,4/24/2023 9:34:00 PM,-9.74
10441,4/24/2023 9:34:00 PM,-9.62
10441,4/24/2023 9:34:00 PM,-9.80
10441,4/24/2023 9:34:00 PM,-10.75
10441,4/24/2023 9:34:00 PM,-8.72
10441,4/24/2023 9:34:00 PM,-9.44
10441,4/24/2023 9:34:00 PM,-9.62
10441,4/24/2023 9:35:00 PM,-9.98
10441,4/24/2023 9:35:00 PM,-9.92
10441,4/24/2023 9:35:00 PM,-9.86
10441,4/24/2023 9:35:00 PM,-9.80
10441,4/24/2023 9:36:00 PM,-9.80
10441,4/24/2023 9:36:00 PM,-9.86
10441,4/24/2023 9:36:00 PM,-9.86
10441,4/24/2023 9:37:00 PM,-9.80
10441,4/24/2023 9:37:00 PM,-9.86
10441,4/24/2023 9:37:00 PM,-9.80
10441,4/24/2023 9:37:00 PM,-9.74
10441,4/24/2023 9:37:00 PM,-10.16
10441,4/24/2023 9:37:00 PM,-9.86
10441,4/24/2023 9:38:00 PM,-9.74
10441,4/24/2023 9:38:00 PM,-9.86
10441,4/24/2023 9:38:00 PM,-9.92
10441,4/24/2023 9:38:00 PM,-9.74
10441,4/24/2023 9:38:00 PM,-9.80
10441,4/24/2023 9:38:00 PM,-9.92
10441,4/24/2023 9:38:00 PM,-9.86
10441,4/24/2023 9:38:00 PM,-9.80
10441,4/24/2023 9:38:00 PM,-9.98
10441,4/24/2023 9:38:00 PM,-9.92
10441,4/24/2023 9:38:00 PM,-9.50
10441,4/24/2023 9:38:00 PM,-9.56
10441,4/24/2023 9:38:00 PM,-9.98
10441,4/24/2023 9:39:00 PM,-9.86
10441,4/24/2023 9:39:00 PM,-9.68
10441,4/24/2023 9:39:00 PM,-9.62
10441,4/24/2023 9:39:00 PM,-9.74
10441,4/24/2023 9:39:00 PM,-9.86
10441,4/24/2023 9:39:00 PM,-9.80
10441,4/24/2023 9:39:00 PM,-9.74
10441,4/24/2023 9:39:00 PM,-9.68
10441,4/24/2023 9:39:00 PM,-10.04
10441,4/24/2023 9:39:00 PM,-9.74
10441,4/24/2023 9:39:00 PM,-9.86
10441,4/24/2023 9:40:00 PM,-10.16
10441,4/24/2023 9:40:00 PM,-9.98
10441,4/24/2023 9:40:00 PM,-9.92
10441,4/24/2023 9:40:00 PM,-9.86
10441,4/24/2023 9:40:00 PM,-9.74
10441,4/24/2023 9:40:00 PM,-9.80
10441,4/24/2023 9:40:00 PM,-9.74
10441,4/24/2023 9:40:00 PM,-9.92
10441,4/24/2023 9:40:00 PM,-9.80
10441,4/24/2023 9:40:00 PM,-9.92
10441,4/24/2023 9:40:00 PM,-9.80
10441,4/24/2023 9:40:00 PM,-10.28
10441,4/24/2023 9:41:00 PM,-9.74
10441,4/24/2023 9:41:00 PM,-9.86
10441,4/24/2023 9:41:00 PM,-9.80
10441,4/24/2023 9:41:00 PM,-9.68
10441,4/24/2023 9:41:00 PM,-9.80
10441,4/24/2023 9:41:00 PM,-9.74
10441,4/24/2023 9:41:00 PM,-9.98
10441,4/24/2023 9:41:00 PM,-9.86
10441,4/24/2023 9:41:00 PM,-9.92
10441,4/24/2023 9:41:00 PM,-9.86
10441,4/24/2023 9:42:00 PM,-9.80
10441,4/24/2023 9:42:00 PM,-9.98
10441,4/24/2023 9:42:00 PM,-9.68
10441,4/24/2023 9:42:00 PM,-9.62
10441,4/24/2023 9:42:00 PM,-9.92
10441,4/24/2023 9:42:00 PM,-9.86
10441,4/24/2023 9:42:00 PM,-9.80
10441,4/24/2023 9:42:00 PM,-9.92
10441,4/24/2023 9:42:00 PM,-9.98
10441,4/24/2023 9:42:00 PM,-9.86
10441,4/24/2023 9:43:00 PM,-9.80
10441,4/24/2023 9:43:00 PM,-9.86
10441,4/24/2023 9:43:00 PM,-9.80
10441,4/24/2023 9:43:00 PM,-9.92
10441,4/24/2023 9:43:00 PM,-9.86
10441,4/24/2023 9:43:00 PM,-9.98
10441,4/24/2023 9:43:00 PM,-9.80
10441,4/24/2023 9:43:00 PM,-9.98
10441,4/24/2023 9:44:00 PM,-9.92
10441,4/24/2023 9:44:00 PM,-10.69
10441,4/24/2023 9:44:00 PM,-10.16
10441,4/24/2023 9:44:00 PM,-9.86
10441,4/24/2023 9:44:00 PM,-9.98
10441,4/24/2023 9:44:00 PM,-9.80
10441,4/24/2023 9:44:00 PM,-9.86
10441,4/24/2023 9:44:00 PM,-10.04
10441,4/24/2023 9:44:00 PM,-9.98
10441,4/24/2023 9:45:00 PM,-9.98
10441,4/24/2023 9:45:00 PM,-9.92
10441,4/24/2023 9:45:00 PM,-9.74
10441,4/24/2023 9:45:00 PM,-9.92
10441,4/24/2023 9:45:00 PM,-9.56
10441,4/24/2023 9:45:00 PM,-10.16
10441,4/24/2023 9:45:00 PM,-9.80
10441,4/24/2023 9:45:00 PM,-9.86
10441,4/24/2023 9:45:00 PM,-9.98
10441,4/24/2023 9:45:00 PM,-9.86
10441,4/24/2023 9:45:00 PM,-9.92
10441,4/24/2023 9:45:00 PM,-9.98
10441,4/24/2023 9:46:00 PM,-9.80
10441,4/24/2023 9:46:00 PM,-9.92
10441,4/24/2023 9:46:00 PM,-9.68
10441,4/24/2023 9:46:00 PM,-9.80
10441,4/24/2023 9:46:00 PM,-9.92
10441,4/24/2023 9:46:00 PM,-9.80
10441,4/24/2023 9:46:00 PM,-9.86
10441,4/24/2023 9:46:00 PM,-9.56
10441,4/24/2023 9:46:00 PM,-9.98
10441,4/24/2023 9:46:00 PM,-9.86
10441,4/24/2023 9:47:00 PM,-9.62
10441,4/24/2023 9:47:00 PM,-9.80
10441,4/24/2023 9:47:00 PM,-9.86
10441,4/24/2023 9:47:00 PM,-9.92
10441,4/24/2023 9:47:00 PM,-9.86
10441,4/24/2023 9:47:00 PM,-9.80
10441,4/24/2023 9:47:00 PM,-9.86
10441,4/24/2023 9:47:00 PM,-9.80
10441,4/24/2023 9:48:00 PM,-9.86
10441,4/24/2023 9:48:00 PM,-10.16
10441,4/24/2023 9:48:00 PM,-10.04
10441,4/24/2023 9:48:00 PM,-9.98
10441,4/24/2023 9:48:00 PM,-9.92
10441,4/24/2023 9:48:00 PM,-9.80
10441,4/24/2023 9:48:00 PM,-10.04
10441,4/24/2023 9:48:00 PM,-10.22
10441,4/24/2023 9:48:00 PM,-9.86
10441,4/24/2023 9:48:00 PM,-9.80
10441,4/24/2023 9:48:00 PM,-9.98
10441,4/24/2023 9:49:00 PM,-9.86
10441,4/24/2023 9:49:00 PM,-9.92
10441,4/24/2023 9:49:00 PM,-9.98
10441,4/24/2023 9:49:00 PM,-9.92
10441,4/24/2023 9:49:00 PM,-9.98
10441,4/24/2023 9:49:00 PM,-9.68
10441,4/24/2023 9:49:00 PM,-9.86
10441,4/24/2023 9:49:00 PM,-9.92
10441,4/24/2023 9:50:00 PM,-9.98
10441,4/24/2023 9:50:00 PM,-9.92
10441,4/24/2023 9:50:00 PM,-9.86
10441,4/24/2023 9:50:00 PM,-9.92
10441,4/24/2023 9:50:00 PM,-10.04
10441,4/24/2023 9:50:00 PM,-10.04
10441,4/24/2023 9:51:00 PM,-9.92
10441,4/24/2023 9:51:00 PM,-9.86
10441,4/24/2023 9:51:00 PM,-10.28
10441,4/24/2023 9:51:00 PM,-9.98
10441,4/24/2023 9:51:00 PM,-10.04
10441,4/24/2023 9:51:00 PM,-9.92
10441,4/24/2023 9:51:00 PM,-9.56
10441,4/24/2023 9:51:00 PM,-9.86
10441,4/24/2023 9:51:00 PM,-9.80
10441,4/24/2023 9:52:00 PM,-9.92
10441,4/24/2023 9:52:00 PM,-9.74
10441,4/24/2023 9:52:00 PM,-10.22
10441,4/24/2023 9:52:00 PM,-9.86
10441,4/24/2023 9:52:00 PM,-9.80
10441,4/24/2023 9:52:00 PM,-9.98
10441,4/24/2023 9:52:00 PM,-9.92
10441,4/24/2023 9:52:00 PM,-9.86
10441,4/24/2023 9:52:00 PM,-9.98
10441,4/24/2023 9:52:00 PM,-9.80
10441,4/24/2023 9:52:00 PM,-9.74
10441,4/24/2023 9:53:00 PM,-9.80
10441,4/24/2023 9:53:00 PM,-9.92
10441,4/24/2023 9:53:00 PM,-9.98
10441,4/24/2023 9:53:00 PM,-9.74
10441,4/24/2023 9:53:00 PM,-9.92
10441,4/24/2023 9:53:00 PM,-9.86
10441,4/24/2023 9:53:00 PM,-9.98
10441,4/24/2023 9:53:00 PM,-9.86
10441,4/24/2023 9:54:00 PM,-10.10
10441,4/24/2023 9:54:00 PM,-9.50
10441,4/24/2023 9:54:00 PM,-9.80
10441,4/24/2023 9:54:00 PM,-9.92
10441,4/24/2023 9:54:00 PM,-9.98
10441,4/24/2023 9:54:00 PM,-9.86
10441,4/24/2023 9:54:00 PM,-9.80
10441,4/24/2023 9:54:00 PM,-9.74
10441,4/24/2023 9:54:00 PM,-9.80
10441,4/24/2023 9:55:00 PM,-9.74
10441,4/24/2023 9:55:00 PM,-9.86
10441,4/24/2023 9:55:00 PM,-9.92
10441,4/24/2023 9:55:00 PM,-9.80
10441,4/24/2023 9:55:00 PM,-9.86
10441,4/24/2023 9:55:00 PM,-9.80
10441,4/24/2023 9:55:00 PM,-9.74
10441,4/24/2023 9:55:00 PM,-9.68
10441,4/24/2023 9:56:00 PM,-9.74
10441,4/24/2023 9:56:00 PM,-9.80
10441,4/24/2023 9:56:00 PM,-9.86
10441,4/24/2023 9:56:00 PM,-9.80
10441,4/24/2023 9:56:00 PM,-9.92
10441,4/24/2023 9:56:00 PM,-9.80
10441,4/24/2023 9:56:00 PM,-9.92
10441,4/24/2023 9:56:00 PM,-9.50
10441,4/24/2023 9:57:00 PM,-9.92
10441,4/24/2023 9:57:00 PM,-9.50
10441,4/24/2023 9:57:00 PM,-9.92
10441,4/24/2023 9:57:00 PM,-9.74
10441,4/24/2023 9:57:00 PM,-9.80
10441,4/24/2023 9:57:00 PM,-9.80
10441,4/24/2023 9:57:00 PM,-9.74
10441,4/24/2023 9:57:00 PM,-9.80
10441,4/24/2023 9:57:00 PM,-9.98
10441,4/24/2023 9:57:00 PM,-9.86
10441,4/24/2023 9:57:00 PM,-9.74
10441,4/24/2023 9:58:00 PM,-10.04
10441,4/24/2023 9:58:00 PM,-9.50
10441,4/24/2023 9:58:00 PM,-9.74
10441,4/24/2023 9:58:00 PM,-9.86
10441,4/24/2023 9:58:00 PM,-10.04
10441,4/24/2023 9:58:00 PM,-9.98
10441,4/24/2023 9:58:00 PM,-9.80
10441,4/24/2023 9:59:00 PM,-9.74
10441,4/24/2023 9:59:00 PM,-10.10
10441,4/24/2023 9:59:00 PM,-10.04
10441,4/24/2023 9:59:00 PM,-9.98
10441,4/24/2023 9:59:00 PM,-9.62
10441,4/24/2023 9:59:00 PM,-9.86
10441,4/24/2023 9:59:00 PM,-9.74
10441,4/24/2023 9:59:00 PM,-9.86
10441,4/24/2023 9:59:00 PM,-9.92
10441,4/24/2023 9:59:00 PM,-9.80
10441,4/24/2023 9:59:00 PM,-9.86
10441,4/24/2023 9:59:00 PM,-9.74
10441,4/24/2023 9:59:00 PM,-9.80
10441,4/24/2023 9:59:00 PM,-9.74
10441,4/24/2023 9:59:00 PM,-10.04
10441,4/24/2023 10:00:00 PM,-9.80
10441,4/24/2023 10:00:00 PM,-9.92
10441,4/24/2023 10:00:00 PM,-9.86
10441,4/24/2023 10:00:00 PM,-9.74
10441,4/24/2023 10:00:00 PM,-9.80
10441,4/24/2023 10:00:00 PM,-9.86
10441,4/24/2023 10:00:00 PM,-9.80
10441,4/24/2023 10:00:00 PM,-9.92
10441,4/24/2023 10:00:00 PM,-9.86
10441,4/24/2023 10:00:00 PM,-9.80
10441,4/24/2023 10:00:00 PM,-9.86
10441,4/24/2023 10:00:00 PM,-9.62
10441,4/24/2023 10:00:00 PM,-9.56
10441,4/24/2023 10:01:00 PM,-9.86
10441,4/24/2023 10:01:00 PM,-9.74
10441,4/24/2023 10:01:00 PM,-9.86
10441,4/24/2023 10:01:00 PM,-9.92
10441,4/24/2023 10:01:00 PM,-10.10
10441,4/24/2023 10:01:00 PM,-9.86
10441,4/24/2023 10:01:00 PM,-9.86
10441,4/24/2023 10:01:00 PM,-9.98
10441,4/24/2023 10:01:00 PM,-9.92
10441,4/24/2023 10:01:00 PM,-9.44
10441,4/24/2023 10:01:00 PM,-9.92
10441,4/24/2023 10:01:00 PM,-9.86
10441,4/24/2023 10:01:00 PM,-9.80
10441,4/24/2023 10:02:00 PM,-9.80
10441,4/24/2023 10:02:00 PM,-9.92
10441,4/24/2023 10:02:00 PM,-9.86
10441,4/24/2023 10:02:00 PM,-9.80
10441,4/24/2023 10:02:00 PM,-9.86
10441,4/24/2023 10:02:00 PM,-9.80
10441,4/24/2023 10:02:00 PM,-9.86
10441,4/24/2023 10:02:00 PM,-9.92
10441,4/24/2023 10:03:00 PM,-9.80
10441,4/24/2023 10:03:00 PM,-9.86
10441,4/24/2023 10:03:00 PM,-9.92
10441,4/24/2023 10:03:00 PM,-10.04
10441,4/24/2023 10:03:00 PM,-9.92
10441,4/24/2023 10:03:00 PM,-9.50
10441,4/24/2023 10:03:00 PM,-9.68
10441,4/24/2023 10:03:00 PM,-9.86
10441,4/24/2023 10:03:00 PM,-9.98
10441,4/24/2023 10:04:00 PM,-9.80
10441,4/24/2023 10:04:00 PM,-9.92
10441,4/24/2023 10:04:00 PM,-9.80
10441,4/24/2023 10:04:00 PM,-9.98
10441,4/24/2023 10:04:00 PM,-9.86
10441,4/24/2023 10:04:00 PM,-9.80
10441,4/24/2023 10:04:00 PM,-9.86
10441,4/24/2023 10:04:00 PM,-9.74
10441,4/24/2023 10:04:00 PM,-9.80
10441,4/24/2023 10:05:00 PM,-9.86
10441,4/24/2023 10:05:00 PM,-9.80
10441,4/24/2023 10:05:00 PM,-9.92
10441,4/24/2023 10:05:00 PM,-9.80
10441,4/24/2023 10:05:00 PM,-10.04
10441,4/24/2023 10:05:00 PM,-9.86
10441,4/24/2023 10:05:00 PM,-9.92
10441,4/24/2023 10:05:00 PM,-9.80
10441,4/24/2023 10:05:00 PM,-9.92
10441,4/24/2023 10:05:00 PM,-9.86
10441,4/24/2023 10:05:00 PM,-9.98
10441,4/24/2023 10:05:00 PM,-9.74
10441,4/24/2023 10:05:00 PM,-10.22
10441,4/24/2023 10:05:00 PM,-9.50
10441,4/24/2023 10:06:00 PM,-9.74
10441,4/24/2023 10:06:00 PM,-9.86
10441,4/24/2023 10:06:00 PM,-9.80
10441,4/24/2023 10:06:00 PM,-9.74
10441,4/24/2023 10:06:00 PM,-9.80
10441,4/24/2023 10:06:00 PM,-9.74
10441,4/24/2023 10:06:00 PM,-9.92
10441,4/24/2023 10:06:00 PM,-9.74
10441,4/24/2023 10:06:00 PM,-9.80
10441,4/24/2023 10:06:00 PM,-9.68
10441,4/24/2023 10:06:00 PM,-9.80
10441,4/24/2023 10:07:00 PM,-9.86
10441,4/24/2023 10:07:00 PM,-9.68
10441,4/24/2023 10:07:00 PM,-9.92
10441,4/24/2023 10:07:00 PM,-9.80
10441,4/24/2023 10:07:00 PM,-9.86
10441,4/24/2023 10:07:00 PM,-9.86
10441,4/24/2023 10:07:00 PM,-10.10
10441,4/24/2023 10:07:00 PM,-9.92
10441,4/24/2023 10:07:00 PM,-9.80
10441,4/24/2023 10:07:00 PM,-10.04
10441,4/24/2023 10:07:00 PM,-9.80
10441,4/24/2023 10:07:00 PM,-9.74
10441,4/24/2023 10:07:00 PM,-9.62
10441,4/24/2023 10:07:00 PM,-10.04
10441,4/24/2023 10:08:00 PM,-9.74
10441,4/24/2023 10:08:00 PM,-9.68
10441,4/24/2023 10:08:00 PM,-9.80
10441,4/24/2023 10:08:00 PM,-9.74
10441,4/24/2023 10:08:00 PM,-9.80
10441,4/24/2023 10:08:00 PM,-9.86
10441,4/24/2023 10:08:00 PM,-9.62
10441,4/24/2023 10:08:00 PM,-9.68
10441,4/24/2023 10:08:00 PM,-9.74
10441,4/24/2023 10:08:00 PM,-9.80
10441,4/24/2023 10:08:00 PM,-9.74
10441,4/24/2023 10:09:00 PM,-9.68
10441,4/24/2023 10:09:00 PM,-9.74
10441,4/24/2023 10:09:00 PM,-9.68
10441,4/24/2023 10:09:00 PM,-9.62
10441,4/24/2023 10:09:00 PM,-9.68
10441,4/24/2023 10:09:00 PM,-9.80
10441,4/24/2023 10:09:00 PM,-9.74
10441,4/24/2023 10:09:00 PM,-9.56
10441,4/24/2023 10:09:00 PM,-9.86
10441,4/24/2023 10:09:00 PM,-9.68
10441,4/24/2023 10:10:00 PM,-9.62
10441,4/24/2023 10:10:00 PM,-9.68
10441,4/24/2023 10:10:00 PM,-9.80
10441,4/24/2023 10:10:00 PM,-9.80
10441,4/24/2023 10:10:00 PM,-9.86
10441,4/24/2023 10:10:00 PM,-9.80
10441,4/24/2023 10:10:00 PM,-9.68
10441,4/24/2023 10:10:00 PM,-9.80
10441,4/24/2023 10:10:00 PM,-9.74
10441,4/24/2023 10:11:00 PM,-9.74
10441,4/24/2023 10:11:00 PM,-9.68
10441,4/24/2023 10:11:00 PM,-9.62
10441,4/24/2023 10:11:00 PM,-9.68
10441,4/24/2023 10:11:00 PM,-9.74
10441,4/24/2023 10:11:00 PM,-9.80
10441,4/24/2023 10:12:00 PM,-9.74
10441,4/24/2023 10:12:00 PM,-9.68
10441,4/24/2023 10:12:00 PM,-9.98
10441,4/24/2023 10:12:00 PM,-9.62
10441,4/24/2023 10:12:00 PM,-9.74
10441,4/24/2023 10:12:00 PM,-9.86
10441,4/24/2023 10:12:00 PM,-9.74
10441,4/24/2023 10:12:00 PM,-9.80
10441,4/24/2023 10:13:00 PM,-9.74
10441,4/24/2023 10:13:00 PM,-9.62
10441,4/24/2023 10:13:00 PM,-9.44
10441,4/24/2023 10:13:00 PM,-9.92
10441,4/24/2023 10:13:00 PM,-9.80
10441,4/24/2023 10:13:00 PM,-9.68
10441,4/24/2023 10:13:00 PM,-9.74
10441,4/24/2023 10:13:00 PM,-9.80
10441,4/24/2023 10:14:00 PM,-9.74
10441,4/24/2023 10:14:00 PM,-9.80
10441,4/24/2023 10:14:00 PM,-9.74
10441,4/24/2023 10:14:00 PM,-9.80
10441,4/24/2023 10:14:00 PM,-9.74
10441,4/24/2023 10:14:00 PM,-9.86
10441,4/24/2023 10:14:00 PM,-9.86
10441,4/24/2023 10:14:00 PM,-9.80
10441,4/24/2023 10:14:00 PM,-9.50
10441,4/24/2023 10:14:00 PM,-10.22
10441,4/24/2023 10:14:00 PM,-9.86
10441,4/24/2023 10:14:00 PM,-9.80
10441,4/24/2023 10:14:00 PM,-9.86
10441,4/24/2023 10:14:00 PM,-9.68
10441,4/24/2023 10:15:00 PM,-9.86
10441,4/24/2023 10:15:00 PM,-9.74
10441,4/24/2023 10:15:00 PM,-9.62
10441,4/24/2023 10:15:00 PM,-9.80
10441,4/24/2023 10:15:00 PM,-9.74
10441,4/24/2023 10:15:00 PM,-9.86
10441,4/24/2023 10:15:00 PM,-9.74
10441,4/24/2023 10:15:00 PM,-9.20
10441,4/24/2023 10:15:00 PM,-9.44
10441,4/24/2023 10:15:00 PM,-9.86
10441,4/24/2023 10:15:00 PM,-9.68
10441,4/24/2023 10:15:00 PM,-9.86
10441,4/24/2023 10:16:00 PM,-9.80
10441,4/24/2023 10:16:00 PM,-9.74
10441,4/24/2023 10:16:00 PM,-9.50
10441,4/24/2023 10:16:00 PM,-9.74
10441,4/24/2023 10:16:00 PM,-9.80
10441,4/24/2023 10:16:00 PM,-9.74
10441,4/24/2023 10:16:00 PM,-9.56
10441,4/24/2023 10:16:00 PM,-9.80
10441,4/24/2023 10:16:00 PM,-9.68
10441,4/24/2023 10:16:00 PM,-9.86
10441,4/24/2023 10:16:00 PM,-9.80
10441,4/24/2023 10:16:00 PM,-9.68
10441,4/24/2023 10:17:00 PM,-9.68
10441,4/24/2023 10:17:00 PM,-9.74
10441,4/24/2023 10:17:00 PM,-9.62
10441,4/24/2023 10:17:00 PM,-9.68
10441,4/24/2023 10:17:00 PM,-9.74
10441,4/24/2023 10:17:00 PM,-9.92
10441,4/24/2023 10:17:00 PM,-9.80
10441,4/24/2023 10:17:00 PM,-10.04
10441,4/24/2023 10:17:00 PM,-9.50
10441,4/24/2023 10:17:00 PM,-9.68
10441,4/24/2023 10:17:00 PM,-9.98
10441,4/24/2023 10:17:00 PM,-9.80
10441,4/24/2023 10:18:00 PM,-9.62
10441,4/24/2023 10:18:00 PM,-9.86
10441,4/24/2023 10:18:00 PM,-9.38
10441,4/24/2023 10:18:00 PM,-9.80
10441,4/24/2023 10:18:00 PM,-9.68
10441,4/24/2023 10:18:00 PM,-9.62
10441,4/24/2023 10:18:00 PM,-9.56
10441,4/24/2023 10:18:00 PM,-9.62
10441,4/24/2023 10:18:00 PM,-9.68
10441,4/24/2023 10:18:00 PM,-9.74
10441,4/24/2023 10:19:00 PM,-9.68
10441,4/24/2023 10:19:00 PM,-9.62
10441,4/24/2023 10:19:00 PM,-9.68
10441,4/24/2023 10:19:00 PM,-9.74
10441,4/24/2023 10:19:00 PM,-9.68
10441,4/24/2023 10:19:00 PM,-9.92
10441,4/24/2023 10:19:00 PM,-9.62
10441,4/24/2023 10:19:00 PM,-9.56
10441,4/24/2023 10:19:00 PM,-9.62
10441,4/24/2023 10:19:00 PM,-9.74
10441,4/24/2023 10:19:00 PM,-9.80
10441,4/24/2023 10:19:00 PM,-9.50
10441,4/24/2023 10:20:00 PM,-9.62
10441,4/24/2023 10:20:00 PM,-9.68
10441,4/24/2023 10:20:00 PM,-9.98
10441,4/24/2023 10:20:00 PM,-9.92
10441,4/24/2023 10:20:00 PM,-9.74
10441,4/24/2023 10:20:00 PM,-9.68
10441,4/24/2023 10:20:00 PM,-9.62
10441,4/24/2023 10:20:00 PM,-9.68
10441,4/24/2023 10:20:00 PM,-9.62
10441,4/24/2023 10:20:00 PM,-9.80
10441,4/24/2023 10:20:00 PM,-9.50
10441,4/24/2023 10:20:00 PM,-9.38
10441,4/24/2023 10:21:00 PM,-9.56
10441,4/24/2023 10:21:00 PM,-9.62
10441,4/24/2023 10:21:00 PM,-9.68
10441,4/24/2023 10:21:00 PM,-9.62
10441,4/24/2023 10:21:00 PM,-9.56
10441,4/24/2023 10:21:00 PM,-9.74
10441,4/24/2023 10:21:00 PM,-9.62
10441,4/24/2023 10:22:00 PM,-9.56
10441,4/24/2023 10:22:00 PM,-9.74
10441,4/24/2023 10:22:00 PM,-9.56
10441,4/24/2023 10:22:00 PM,-9.62
10441,4/24/2023 10:22:00 PM,-9.74
10441,4/24/2023 10:22:00 PM,-9.68
10441,4/24/2023 10:22:00 PM,-9.50
10441,4/24/2023 10:22:00 PM,-9.62
10441,4/24/2023 10:23:00 PM,-9.68
10441,4/24/2023 10:23:00 PM,-9.74
10441,4/24/2023 10:23:00 PM,-9.62
10441,4/24/2023 10:23:00 PM,-9.68
10441,4/24/2023 10:23:00 PM,-9.62
10441,4/24/2023 10:24:00 PM,-9.68
10441,4/24/2023 10:24:00 PM,-9.74
10441,4/24/2023 10:24:00 PM,-9.68
10441,4/24/2023 10:24:00 PM,-9.62
10441,4/24/2023 10:24:00 PM,-9.56
10441,4/24/2023 10:25:00 PM,-9.50
10441,4/24/2023 10:25:00 PM,-9.68
10441,4/24/2023 10:25:00 PM,-9.86
10441,4/24/2023 10:25:00 PM,-9.02
10441,4/24/2023 10:25:00 PM,-9.44
10441,4/24/2023 10:25:00 PM,-8.84
10441,4/24/2023 10:25:00 PM,-9.50
10441,4/24/2023 10:25:00 PM,-9.98
10441,4/24/2023 10:25:00 PM,-9.74
10441,4/24/2023 10:25:00 PM,-9.50
10441,4/24/2023 10:25:00 PM,-9.56
10441,4/24/2023 10:25:00 PM,-9.62
10441,4/24/2023 10:26:00 PM,-9.68
10441,4/24/2023 10:26:00 PM,-9.62
10441,4/24/2023 10:28:00 PM,-9.74
10441,4/24/2023 10:28:00 PM,-9.62
10441,4/24/2023 10:28:00 PM,-9.68
10441,4/24/2023 10:28:00 PM,-9.74
10441,4/24/2023 10:28:00 PM,-9.68
10441,4/24/2023 10:28:00 PM,-9.62
10441,4/24/2023 10:28:00 PM,-9.68
10441,4/24/2023 10:28:00 PM,-9.74
10441,4/24/2023 10:28:00 PM,-9.62
10441,4/24/2023 10:29:00 PM,-9.68
10441,4/24/2023 10:29:00 PM,-9.62
10441,4/24/2023 10:29:00 PM,-9.80
10441,4/24/2023 10:29:00 PM,-9.68
10441,4/24/2023 10:29:00 PM,-9.50
10441,4/24/2023 10:29:00 PM,-9.62
10441,4/24/2023 10:29:00 PM,-9.56
10441,4/24/2023 10:29:00 PM,-9.68
10441,4/24/2023 10:29:00 PM,-9.56
10441,4/24/2023 10:29:00 PM,-9.62
10441,4/24/2023 10:29:00 PM,-9.56
10441,4/24/2023 10:29:00 PM,-9.68
10441,4/24/2023 10:30:00 PM,-9.74
10441,4/24/2023 10:30:00 PM,-9.68
10441,4/24/2023 10:30:00 PM,-9.74
10441,4/24/2023 10:30:00 PM,-9.74
10441,4/24/2023 10:30:00 PM,-9.80
10441,4/24/2023 10:31:00 PM,-9.68
10441,4/24/2023 10:31:00 PM,-9.62
10441,4/24/2023 10:31:00 PM,-9.68
10441,4/24/2023 10:31:00 PM,-9.74
10441,4/24/2023 10:31:00 PM,-9.68
10441,4/24/2023 10:32:00 PM,-9.62
10441,4/24/2023 10:32:00 PM,-9.86
10441,4/24/2023 10:32:00 PM,-9.68
10441,4/24/2023 10:32:00 PM,-9.62
10441,4/24/2023 10:32:00 PM,-9.92
10441,4/24/2023 10:32:00 PM,-9.74
10441,4/24/2023 10:32:00 PM,-9.86
10441,4/24/2023 10:32:00 PM,-9.74
10441,4/24/2023 10:32:00 PM,-9.68
10441,4/24/2023 10:32:00 PM,-9.74
10441,4/24/2023 10:33:00 PM,-9.68
10441,4/24/2023 10:33:00 PM,-9.62
10441,4/24/2023 10:33:00 PM,-9.68
10441,4/24/2023 10:33:00 PM,-9.62
10441,4/24/2023 10:33:00 PM,-9.68
10441,4/24/2023 10:33:00 PM,-9.86
10441,4/24/2023 10:33:00 PM,-9.92
10441,4/24/2023 10:33:00 PM,-9.74
10441,4/24/2023 10:34:00 PM,-10.10
10441,4/24/2023 10:34:00 PM,-9.98
10441,4/24/2023 10:34:00 PM,-10.28
10441,4/24/2023 10:34:00 PM,-9.68
10441,4/24/2023 10:34:00 PM,-9.80
10441,4/24/2023 10:34:00 PM,-9.62
10441,4/24/2023 10:34:00 PM,-9.68
10441,4/24/2023 10:34:00 PM,-9.74
10441,4/24/2023 10:34:00 PM,-9.62
10441,4/24/2023 10:34:00 PM,-9.62
10441,4/24/2023 10:34:00 PM,-9.68
10441,4/24/2023 10:34:00 PM,-9.26
10441,4/24/2023 10:34:00 PM,-9.56
10441,4/24/2023 10:34:00 PM,-9.74
10441,4/24/2023 10:34:00 PM,-9.80
10441,4/24/2023 10:35:00 PM,-9.32
10441,4/24/2023 10:35:00 PM,-10.10
10441,4/24/2023 10:35:00 PM,-9.80
10441,4/24/2023 10:35:00 PM,-9.68
10441,4/24/2023 10:35:00 PM,-9.74
10441,4/24/2023 10:35:00 PM,-10.04
10441,4/24/2023 10:35:00 PM,-9.98
10441,4/24/2023 10:35:00 PM,-9.26
10441,4/24/2023 10:35:00 PM,-9.98
10441,4/24/2023 10:35:00 PM,-9.74
10441,4/24/2023 10:35:00 PM,-9.86
10441,4/24/2023 10:35:00 PM,-9.62
10441,4/24/2023 10:35:00 PM,-9.80
10441,4/24/2023 10:35:00 PM,-9.68
10441,4/24/2023 10:36:00 PM,-9.44
10441,4/24/2023 10:36:00 PM,-9.50
10441,4/24/2023 10:36:00 PM,-9.56
10441,4/24/2023 10:36:00 PM,-9.74
10441,4/24/2023 10:36:00 PM,-9.56
10441,4/24/2023 10:36:00 PM,-9.68
10441,4/24/2023 10:36:00 PM,-9.56
10441,4/24/2023 10:36:00 PM,-9.74
10441,4/24/2023 10:36:00 PM,-9.68
10441,4/24/2023 10:36:00 PM,-9.74
10441,4/24/2023 10:36:00 PM,-9.62
10441,4/24/2023 10:36:00 PM,-10.40
10441,4/24/2023 10:36:00 PM,-9.74
10441,4/24/2023 10:37:00 PM,-9.86
10441,4/24/2023 10:37:00 PM,-9.02
10441,4/24/2023 10:37:00 PM,-9.68
10441,4/24/2023 10:37:00 PM,-9.68
10441,4/24/2023 10:37:00 PM,-9.74
10441,4/24/2023 10:37:00 PM,-9.62
10441,4/24/2023 10:37:00 PM,-9.74
10441,4/24/2023 10:37:00 PM,-9.80
10441,4/24/2023 10:37:00 PM,-9.68
10441,4/24/2023 10:38:00 PM,-9.74
10441,4/24/2023 10:38:00 PM,-9.80
10441,4/24/2023 10:38:00 PM,-9.86
10441,4/24/2023 10:38:00 PM,-9.80
10441,4/24/2023 10:38:00 PM,-9.68
10441,4/24/2023 10:38:00 PM,-9.38
10441,4/24/2023 10:38:00 PM,-9.68
10441,4/24/2023 10:38:00 PM,-9.80
10441,4/24/2023 10:38:00 PM,-9.68
10441,4/24/2023 10:38:00 PM,-9.74
10441,4/24/2023 10:39:00 PM,-9.62
10441,4/24/2023 10:39:00 PM,-10.22
10441,4/24/2023 10:39:00 PM,-10.34
10441,4/24/2023 10:39:00 PM,-9.56
10441,4/24/2023 10:39:00 PM,-9.74
10441,4/24/2023 10:39:00 PM,-9.68
10441,4/24/2023 10:40:00 PM,-9.68
10441,4/24/2023 10:40:00 PM,-9.68
10441,4/24/2023 10:40:00 PM,-9.74
10441,4/24/2023 10:40:00 PM,-9.62
10441,4/24/2023 10:40:00 PM,-9.80
10441,4/24/2023 10:40:00 PM,-9.74
10441,4/24/2023 10:40:00 PM,-9.68
10441,4/24/2023 10:40:00 PM,-9.80
10441,4/24/2023 10:40:00 PM,-9.74
10441,4/24/2023 10:40:00 PM,-9.68
10441,4/24/2023 10:40:00 PM,-9.92
10441,4/24/2023 10:41:00 PM,-9.74
10441,4/24/2023 10:41:00 PM,-9.80
10441,4/24/2023 10:41:00 PM,-9.74
10441,4/24/2023 10:41:00 PM,-9.86
10441,4/24/2023 10:41:00 PM,-9.74
10441,4/24/2023 10:41:00 PM,-9.80
10441,4/24/2023 10:41:00 PM,-9.68
10441,4/24/2023 10:41:00 PM,-9.74
10441,4/24/2023 10:42:00 PM,-9.68
10441,4/24/2023 10:42:00 PM,-9.74
10441,4/24/2023 10:42:00 PM,-9.80
10441,4/24/2023 10:42:00 PM,-9.74
10441,4/24/2023 10:42:00 PM,-9.80
10441,4/24/2023 10:42:00 PM,-9.68
10441,4/24/2023 10:42:00 PM,-9.98
10441,4/24/2023 10:42:00 PM,-9.68
10441,4/24/2023 10:42:00 PM,-9.74
10441,4/24/2023 10:42:00 PM,-9.86
10441,4/24/2023 10:42:00 PM,-9.80
10441,4/24/2023 10:43:00 PM,-9.68
10441,4/24/2023 10:43:00 PM,-9.74
10441,4/24/2023 10:43:00 PM,-9.68
10441,4/24/2023 10:43:00 PM,-9.80
10441,4/24/2023 10:43:00 PM,-9.74
10441,4/24/2023 10:43:00 PM,-9.80
10441,4/24/2023 10:43:00 PM,-9.74
10441,4/24/2023 10:44:00 PM,-9.68
10441,4/24/2023 10:44:00 PM,-9.56
10441,4/24/2023 10:44:00 PM,-9.80
10441,4/24/2023 10:44:00 PM,-9.74
10441,4/24/2023 10:44:00 PM,-9.68
10441,4/24/2023 10:44:00 PM,-10.22
10441,4/24/2023 10:44:00 PM,-9.86
10441,4/24/2023 10:44:00 PM,-9.74
10441,4/24/2023 10:44:00 PM,-9.80
10441,4/24/2023 10:44:00 PM,-9.74
10441,4/24/2023 10:45:00 PM,-9.62
10441,4/24/2023 10:45:00 PM,-9.68
10441,4/24/2023 10:45:00 PM,-9.74
10441,4/24/2023 10:45:00 PM,-9.68
10441,4/24/2023 10:45:00 PM,-9.74
10441,4/24/2023 10:45:00 PM,-9.68
10441,4/24/2023 10:45:00 PM,-9.62
10441,4/24/2023 10:45:00 PM,-9.74
10441,4/24/2023 10:45:00 PM,-9.68
10441,4/24/2023 10:45:00 PM,-9.74
10441,4/24/2023 10:45:00 PM,-9.80
10441,4/24/2023 10:46:00 PM,-9.74
10441,4/24/2023 10:46:00 PM,-9.68
10441,4/24/2023 10:46:00 PM,-9.74
10441,4/24/2023 10:46:00 PM,-9.80
10441,4/24/2023 10:46:00 PM,-9.74
10441,4/24/2023 10:46:00 PM,-9.80
10441,4/24/2023 10:46:00 PM,-9.74
10441,4/24/2023 10:46:00 PM,-9.80
10441,4/24/2023 10:46:00 PM,-9.56
10441,4/24/2023 10:46:00 PM,-9.74
10441,4/24/2023 10:46:00 PM,-9.68
10441,4/24/2023 10:46:00 PM,-9.86
10441,4/24/2023 10:47:00 PM,-9.38
10441,4/24/2023 10:47:00 PM,-9.68
10441,4/24/2023 10:47:00 PM,-9.62
10441,4/24/2023 10:47:00 PM,-9.86
10441,4/24/2023 10:47:00 PM,-9.68
10441,4/24/2023 10:47:00 PM,-9.56
10441,4/24/2023 10:47:00 PM,-9.62
10441,4/24/2023 10:47:00 PM,-9.74
10441,4/24/2023 10:47:00 PM,-9.50
10441,4/24/2023 10:47:00 PM,-9.68
10441,4/24/2023 10:48:00 PM,-9.62
10441,4/24/2023 10:48:00 PM,-9.74
10441,4/24/2023 10:48:00 PM,-9.92
10441,4/24/2023 10:48:00 PM,-9.62
10441,4/24/2023 10:48:00 PM,-9.74
10441,4/24/2023 10:48:00 PM,-9.68
10441,4/24/2023 10:48:00 PM,-9.74
10441,4/24/2023 10:48:00 PM,-9.68
10441,4/24/2023 10:48:00 PM,-10.28
10441,4/24/2023 10:48:00 PM,-9.74
10441,4/24/2023 10:48:00 PM,-9.68
10441,4/24/2023 10:49:00 PM,-9.62
10441,4/24/2023 10:49:00 PM,-9.68
10441,4/24/2023 10:49:00 PM,-9.62
10441,4/24/2023 10:49:00 PM,-9.68
10441,4/24/2023 10:50:00 PM,-9.80
10441,4/24/2023 10:50:00 PM,-9.68
10441,4/24/2023 10:50:00 PM,-9.62
10441,4/24/2023 10:50:00 PM,-9.80
10441,4/24/2023 10:50:00 PM,-9.68
10441,4/24/2023 10:50:00 PM,-9.86
10441,4/24/2023 10:50:00 PM,-9.68
10441,4/24/2023 10:50:00 PM,-10.34
10441,4/24/2023 10:50:00 PM,-9.86
10441,4/24/2023 10:50:00 PM,-9.08
10441,4/24/2023 10:50:00 PM,-9.62
10441,4/24/2023 10:51:00 PM,-9.74
10441,4/24/2023 10:51:00 PM,-9.68
10441,4/24/2023 10:51:00 PM,-9.62
10441,4/24/2023 10:51:00 PM,-9.68
10441,4/24/2023 10:51:00 PM,-9.74
10441,4/24/2023 10:51:00 PM,-9.68
10441,4/24/2023 10:51:00 PM,-9.62
10441,4/24/2023 10:52:00 PM,-9.68
10441,4/24/2023 10:52:00 PM,-9.74
10441,4/24/2023 10:52:00 PM,-9.86
10441,4/24/2023 10:52:00 PM,-9.74
10441,4/24/2023 10:53:00 PM,-9.68
10441,4/24/2023 10:53:00 PM,-9.74
10441,4/24/2023 10:53:00 PM,-9.68
10441,4/24/2023 10:53:00 PM,-9.74
10441,4/24/2023 10:53:00 PM,-9.62
10441,4/24/2023 10:53:00 PM,-9.68
10441,4/24/2023 10:53:00 PM,-9.74
10441,4/24/2023 10:53:00 PM,-9.68
10441,4/24/2023 10:53:00 PM,-9.80
10441,4/24/2023 10:54:00 PM,-10.16
10441,4/24/2023 10:54:00 PM,-10.45
10441,4/24/2023 10:54:00 PM,-9.74
10441,4/24/2023 10:54:00 PM,-9.80
10441,4/24/2023 10:54:00 PM,-9.68
10441,4/24/2023 10:54:00 PM,-9.74
10441,4/24/2023 10:54:00 PM,-9.62
10441,4/24/2023 10:54:00 PM,-9.68
10441,4/24/2023 10:54:00 PM,-9.80
10441,4/24/2023 10:54:00 PM,-9.74
10441,4/24/2023 10:54:00 PM,-10.10
10441,4/24/2023 10:55:00 PM,-9.68
10441,4/24/2023 10:55:00 PM,-9.74
10441,4/24/2023 10:55:00 PM,-9.68
10441,4/24/2023 10:55:00 PM,-9.74
10441,4/24/2023 10:55:00 PM,-9.50
10441,4/24/2023 10:55:00 PM,-9.92
10441,4/24/2023 10:55:00 PM,-9.62
10441,4/24/2023 10:55:00 PM,-9.68
10441,4/24/2023 10:55:00 PM,-9.74
10441,4/24/2023 10:55:00 PM,-9.56
10441,4/24/2023 10:56:00 PM,-9.68
10441,4/24/2023 10:56:00 PM,-9.74
10441,4/24/2023 10:56:00 PM,-9.68
10441,4/24/2023 10:56:00 PM,-9.62
10441,4/24/2023 10:56:00 PM,-9.68
10441,4/24/2023 10:56:00 PM,-9.80
10441,4/24/2023 10:56:00 PM,-9.62
10441,4/24/2023 10:56:00 PM,-9.68
10441,4/24/2023 10:57:00 PM,-9.80
10441,4/24/2023 10:57:00 PM,-9.74
10441,4/24/2023 10:57:00 PM,-9.86
10441,4/24/2023 10:57:00 PM,-9.68
10441,4/24/2023 10:57:00 PM,-9.74
10441,4/24/2023 10:57:00 PM,-9.68
10441,4/24/2023 10:57:00 PM,-9.62
10441,4/24/2023 10:57:00 PM,-9.74
10441,4/24/2023 10:57:00 PM,-9.68
10441,4/24/2023 10:57:00 PM,-9.74
10441,4/24/2023 10:57:00 PM,-10.10
10441,4/24/2023 10:57:00 PM,-9.86
10441,4/24/2023 10:58:00 PM,-9.74
10441,4/24/2023 10:58:00 PM,-9.56
10441,4/24/2023 10:58:00 PM,-9.68
10441,4/24/2023 10:58:00 PM,-9.92
10441,4/24/2023 10:58:00 PM,-9.80
10441,4/24/2023 10:58:00 PM,-9.74
10441,4/24/2023 10:58:00 PM,-9.68
10441,4/24/2023 10:58:00 PM,-9.74
10441,4/24/2023 10:59:00 PM,-9.80
10441,4/24/2023 10:59:00 PM,-9.74
10441,4/24/2023 10:59:00 PM,-9.56
10441,4/24/2023 10:59:00 PM,-10.28
10441,4/24/2023 10:59:00 PM,-9.26
10441,4/24/2023 10:59:00 PM,-9.92
10441,4/24/2023 10:59:00 PM,-9.62
10441,4/24/2023 10:59:00 PM,-9.68
10441,4/24/2023 10:59:00 PM,-9.68
10441,4/24/2023 10:59:00 PM,-9.74
10441,4/24/2023 10:59:00 PM,-9.68
10441,4/24/2023 11:00:00 PM,-9.68
10441,4/24/2023 11:00:00 PM,-9.74
10441,4/24/2023 11:00:00 PM,-9.68
10441,4/24/2023 11:00:00 PM,-9.74
10441,4/24/2023 11:00:00 PM,-9.68
10441,4/24/2023 11:00:00 PM,-9.92
10441,4/24/2023 11:00:00 PM,-9.68
10441,4/24/2023 11:00:00 PM,-9.80
10441,4/24/2023 11:01:00 PM,-9.44
10441,4/24/2023 11:01:00 PM,-9.98
10441,4/24/2023 11:01:00 PM,-9.38
10441,4/24/2023 11:01:00 PM,-9.56
10441,4/24/2023 11:01:00 PM,-9.68
10441,4/24/2023 11:01:00 PM,-9.56
10441,4/24/2023 11:01:00 PM,-9.68
10441,4/24/2023 11:01:00 PM,-9.74
10441,4/24/2023 11:01:00 PM,-9.68
10441,4/24/2023 11:01:00 PM,-9.74
10441,4/24/2023 11:01:00 PM,-9.68
10441,4/24/2023 11:01:00 PM,-9.62
10441,4/24/2023 11:01:00 PM,-9.68
10441,4/24/2023 11:02:00 PM,-9.80
10441,4/24/2023 11:02:00 PM,-9.56
10441,4/24/2023 11:02:00 PM,-9.62
10441,4/24/2023 11:02:00 PM,-9.68
10441,4/24/2023 11:02:00 PM,-9.56
10441,4/24/2023 11:02:00 PM,-9.80
10441,4/24/2023 11:02:00 PM,-9.68
10441,4/24/2023 11:02:00 PM,-9.80
10441,4/24/2023 11:02:00 PM,-9.50
10441,4/24/2023 11:02:00 PM,-9.62
10441,4/24/2023 11:02:00 PM,-9.56
10441,4/24/2023 11:02:00 PM,-9.62
10441,4/24/2023 11:02:00 PM,-9.68
10441,4/24/2023 11:03:00 PM,-9.68
10441,4/24/2023 11:03:00 PM,-9.74
10441,4/24/2023 11:03:00 PM,-9.68
10441,4/24/2023 11:03:00 PM,-9.74
10441,4/24/2023 11:03:00 PM,-9.68
10441,4/24/2023 11:03:00 PM,-9.74
10441,4/24/2023 11:03:00 PM,-9.56
10441,4/24/2023 11:03:00 PM,-9.62
10441,4/24/2023 11:03:00 PM,-9.56
10441,4/24/2023 11:03:00 PM,-9.74
10441,4/24/2023 11:04:00 PM,-9.68
10441,4/24/2023 11:04:00 PM,-9.62
10441,4/24/2023 11:04:00 PM,-9.56
10441,4/24/2023 11:04:00 PM,-9.62
10441,4/24/2023 11:04:00 PM,-9.74
10441,4/24/2023 11:04:00 PM,-9.68
10441,4/24/2023 11:05:00 PM,-9.68
10441,4/24/2023 11:05:00 PM,-9.74
10441,4/24/2023 11:05:00 PM,-9.98
10441,4/24/2023 11:05:00 PM,-9.86
10441,4/24/2023 11:05:00 PM,-9.80
10441,4/24/2023 11:05:00 PM,-9.50
10441,4/24/2023 11:05:00 PM,-9.62
10441,4/24/2023 11:06:00 PM,-9.86
10441,4/24/2023 11:06:00 PM,-9.38
10441,4/24/2023 11:06:00 PM,-9.86
10441,4/24/2023 11:06:00 PM,-9.80
10441,4/24/2023 11:06:00 PM,-9.68
10441,4/24/2023 11:06:00 PM,-9.80
10441,4/24/2023 11:06:00 PM,-9.74
10441,4/24/2023 11:06:00 PM,-9.68
10441,4/24/2023 11:07:00 PM,-9.62
10441,4/24/2023 11:07:00 PM,-9.74
10441,4/24/2023 11:07:00 PM,-9.68
10441,4/24/2023 11:07:00 PM,-9.62
10441,4/24/2023 11:07:00 PM,-9.68
10441,4/24/2023 11:07:00 PM,-9.74
10441,4/24/2023 11:07:00 PM,-9.68
10441,4/24/2023 11:07:00 PM,-9.62
10441,4/24/2023 11:08:00 PM,-9.86
10441,4/24/2023 11:08:00 PM,-9.80
10441,4/24/2023 11:08:00 PM,-9.86
10441,4/24/2023 11:08:00 PM,-9.80
10441,4/24/2023 11:08:00 PM,-9.74
10441,4/24/2023 11:08:00 PM,-9.68
10441,4/24/2023 11:08:00 PM,-9.62
10441,4/24/2023 11:08:00 PM,-9.56
10441,4/24/2023 11:08:00 PM,-9.62
10441,4/24/2023 11:08:00 PM,-9.74
10441,4/24/2023 11:09:00 PM,-9.56
10441,4/24/2023 11:09:00 PM,-9.92
10441,4/24/2023 11:09:00 PM,-9.68
10441,4/24/2023 11:09:00 PM,-9.62
10441,4/24/2023 11:09:00 PM,-9.68
10441,4/24/2023 11:09:00 PM,-9.62
10441,4/24/2023 11:09:00 PM,-9.74
10441,4/24/2023 11:09:00 PM,-9.98
10441,4/24/2023 11:09:00 PM,-9.56
10441,4/24/2023 11:09:00 PM,-9.74
10441,4/24/2023 11:09:00 PM,-9.68
10441,4/24/2023 11:09:00 PM,-9.74
10441,4/24/2023 11:09:00 PM,-9.68
10441,4/24/2023 11:09:00 PM,-9.80
10441,4/24/2023 11:10:00 PM,-9.68
10441,4/24/2023 11:10:00 PM,-9.62
10441,4/24/2023 11:10:00 PM,-10.10
10441,4/24/2023 11:10:00 PM,-10.22
10441,4/24/2023 11:10:00 PM,-9.86
10441,4/24/2023 11:10:00 PM,-9.62
10441,4/24/2023 11:10:00 PM,-9.68
10441,4/24/2023 11:11:00 PM,-9.62
10441,4/24/2023 11:11:00 PM,-9.50
10441,4/24/2023 11:11:00 PM,-9.62
10441,4/24/2023 11:11:00 PM,-9.68
10441,4/24/2023 11:11:00 PM,-9.62
10441,4/24/2023 11:11:00 PM,-9.68
10441,4/24/2023 11:11:00 PM,-9.50
10441,4/24/2023 11:11:00 PM,-9.80
10441,4/24/2023 11:11:00 PM,-9.68
10441,4/24/2023 11:11:00 PM,-9.56
10441,4/24/2023 11:12:00 PM,-9.56
10441,4/24/2023 11:12:00 PM,-9.62
10441,4/24/2023 11:12:00 PM,-9.56
10441,4/24/2023 11:12:00 PM,-9.62
10441,4/24/2023 11:12:00 PM,-9.92
10441,4/24/2023 11:12:00 PM,-9.20
10441,4/24/2023 11:12:00 PM,-9.62
10441,4/24/2023 11:12:00 PM,-9.68
10441,4/24/2023 11:12:00 PM,-9.74
10441,4/24/2023 11:12:00 PM,-9.62
10441,4/24/2023 11:13:00 PM,-9.56
10441,4/24/2023 11:13:00 PM,-9.86
10441,4/24/2023 11:13:00 PM,-9.62
10441,4/24/2023 11:13:00 PM,-9.62
10441,4/24/2023 11:13:00 PM,-9.68
10441,4/24/2023 11:13:00 PM,-9.74
10441,4/24/2023 11:13:00 PM,-9.62
10441,4/24/2023 11:13:00 PM,-9.68
10441,4/24/2023 11:13:00 PM,-9.74
10441,4/24/2023 11:13:00 PM,-9.68
10441,4/24/2023 11:13:00 PM,-9.74
10441,4/24/2023 11:14:00 PM,-9.68
10441,4/24/2023 11:14:00 PM,-9.62
10441,4/24/2023 11:14:00 PM,-9.74
10441,4/24/2023 11:14:00 PM,-9.80
10441,4/24/2023 11:14:00 PM,-9.98
10441,4/24/2023 11:14:00 PM,-9.44
10441,4/24/2023 11:14:00 PM,-9.80
10441,4/24/2023 11:15:00 PM,-9.62
10441,4/24/2023 11:15:00 PM,-9.68
10441,4/24/2023 11:15:00 PM,-9.62
10441,4/24/2023 11:16:00 PM,-9.92
10441,4/24/2023 11:16:00 PM,-9.74
10441,4/24/2023 11:16:00 PM,-9.56
10441,4/24/2023 11:16:00 PM,-9.62
10441,4/24/2023 11:16:00 PM,-9.80
10441,4/24/2023 11:16:00 PM,-9.74
10441,4/24/2023 11:16:00 PM,-9.56
10441,4/24/2023 11:16:00 PM,-9.68
10441,4/24/2023 11:16:00 PM,-9.62
10441,4/24/2023 11:16:00 PM,-9.92
10441,4/24/2023 11:16:00 PM,-10.34
10441,4/24/2023 11:16:00 PM,-9.74
10441,4/24/2023 11:17:00 PM,-9.80
10441,4/24/2023 11:17:00 PM,-9.74
10441,4/24/2023 11:17:00 PM,-9.56
10441,4/24/2023 11:17:00 PM,-9.80
10441,4/24/2023 11:17:00 PM,-9.56
10441,4/24/2023 11:17:00 PM,-9.92
10441,4/24/2023 11:17:00 PM,-10.04
10441,4/24/2023 11:17:00 PM,-9.74
10441,4/24/2023 11:17:00 PM,-9.68
10441,4/24/2023 11:17:00 PM,-9.92
10441,4/24/2023 11:17:00 PM,-9.74
10441,4/24/2023 11:17:00 PM,-9.62
10441,4/24/2023 11:17:00 PM,-10.51
10441,4/24/2023 11:17:00 PM,-10.34
10441,4/24/2023 11:18:00 PM,-9.80
10441,4/24/2023 11:18:00 PM,-9.74
10441,4/24/2023 11:18:00 PM,-9.62
10441,4/24/2023 11:18:00 PM,-9.74
10441,4/24/2023 11:18:00 PM,-9.68
10441,4/24/2023 11:18:00 PM,-9.56
10441,4/24/2023 11:18:00 PM,-9.74
10441,4/24/2023 11:18:00 PM,-9.62
10441,4/24/2023 11:19:00 PM,-9.62
10441,4/24/2023 11:19:00 PM,-9.56
10441,4/24/2023 11:19:00 PM,-9.26
10441,4/24/2023 11:19:00 PM,-9.68
10441,4/24/2023 11:19:00 PM,-9.80
10441,4/24/2023 11:19:00 PM,-9.44
10441,4/24/2023 11:19:00 PM,-9.56
10441,4/24/2023 11:19:00 PM,-9.74
10441,4/24/2023 11:19:00 PM,-9.92
10441,4/24/2023 11:19:00 PM,-10.10
10441,4/24/2023 11:19:00 PM,-9.68
10441,4/24/2023 11:19:00 PM,-9.56
10441,4/24/2023 11:19:00 PM,-9.62
10441,4/24/2023 11:20:00 PM,-9.68
10441,4/24/2023 11:20:00 PM,-9.62
10441,4/24/2023 11:20:00 PM,-9.80
10441,4/24/2023 11:20:00 PM,-9.74
10441,4/24/2023 11:20:00 PM,-9.68
10441,4/24/2023 11:20:00 PM,-9.62
10441,4/24/2023 11:20:00 PM,-9.68
10441,4/24/2023 11:20:00 PM,-9.74
10441,4/24/2023 11:20:00 PM,-9.68
10441,4/24/2023 11:21:00 PM,-9.80
10441,4/24/2023 11:21:00 PM,-9.68
10441,4/24/2023 11:21:00 PM,-9.62
10441,4/24/2023 11:21:00 PM,-9.68
10441,4/24/2023 11:21:00 PM,-9.74
10441,4/24/2023 11:22:00 PM,-9.62
10441,4/24/2023 11:22:00 PM,-9.68
10441,4/24/2023 11:22:00 PM,-9.62
10441,4/24/2023 11:22:00 PM,-9.68
10441,4/24/2023 11:22:00 PM,-9.74
10441,4/24/2023 11:22:00 PM,-9.62
10441,4/24/2023 11:22:00 PM,-9.68
10441,4/24/2023 11:23:00 PM,-9.56
10441,4/24/2023 11:23:00 PM,-9.62
10441,4/24/2023 11:23:00 PM,-9.68
10441,4/24/2023 11:23:00 PM,-9.62
10441,4/24/2023 11:23:00 PM,-9.68
10441,4/24/2023 11:23:00 PM,-9.62
10441,4/24/2023 11:23:00 PM,-9.56
10441,4/24/2023 11:23:00 PM,-9.62
10441,4/24/2023 11:24:00 PM,-9.68
10441,4/24/2023 11:24:00 PM,-9.74
10441,4/24/2023 11:24:00 PM,-9.44
10441,4/24/2023 11:24:00 PM,-9.68
10441,4/24/2023 11:24:00 PM,-9.56
10441,4/24/2023 11:24:00 PM,-9.68
10441,4/24/2023 11:24:00 PM,-9.74
10441,4/24/2023 11:24:00 PM,-9.68
10441,4/24/2023 11:24:00 PM,-9.74
10441,4/24/2023 11:24:00 PM,-9.62
10441,4/24/2023 11:25:00 PM,-9.56
10441,4/24/2023 11:25:00 PM,-9.62
10441,4/24/2023 11:25:00 PM,-9.74
10441,4/24/2023 11:25:00 PM,-9.68
10441,4/24/2023 11:25:00 PM,-9.74
10441,4/24/2023 11:25:00 PM,-9.68
10441,4/24/2023 11:25:00 PM,-9.62
10441,4/24/2023 11:25:00 PM,-9.68
10441,4/24/2023 11:26:00 PM,-9.56
10441,4/24/2023 11:26:00 PM,-9.62
10441,4/24/2023 11:26:00 PM,-9.56
10441,4/24/2023 11:26:00 PM,-9.62
10441,4/24/2023 11:26:00 PM,-9.56
10441,4/24/2023 11:26:00 PM,-9.62
10441,4/24/2023 11:26:00 PM,-9.56
10441,4/24/2023 11:26:00 PM,-9.62
10441,4/24/2023 11:26:00 PM,-9.68
10441,4/24/2023 11:26:00 PM,-9.44
10441,4/24/2023 11:26:00 PM,-9.62
10441,4/24/2023 11:27:00 PM,-9.56
10441,4/24/2023 11:27:00 PM,-9.68
10441,4/24/2023 11:27:00 PM,-9.62
10441,4/24/2023 11:27:00 PM,-9.68
10441,4/24/2023 11:27:00 PM,-9.56
10441,4/24/2023 11:27:00 PM,-10.16
10441,4/24/2023 11:27:00 PM,-9.62
10441,4/24/2023 11:27:00 PM,-9.74
10441,4/24/2023 11:27:00 PM,-9.62
10441,4/24/2023 11:27:00 PM,-10.10
10441,4/24/2023 11:27:00 PM,-9.86
10441,4/24/2023 11:27:00 PM,-9.80
10441,4/24/2023 11:27:00 PM,-9.68
10441,4/24/2023 11:27:00 PM,-9.62
10441,4/24/2023 11:27:00 PM,-9.44
10441,4/24/2023 11:28:00 PM,-9.68
10441,4/24/2023 11:28:00 PM,-9.62
10441,4/24/2023 11:28:00 PM,-9.02
10441,4/24/2023 11:28:00 PM,-9.62
10441,4/24/2023 11:28:00 PM,-9.50
10441,4/24/2023 11:28:00 PM,-9.74
10441,4/24/2023 11:28:00 PM,-9.68
10441,4/24/2023 11:28:00 PM,-9.62
10441,4/24/2023 11:28:00 PM,-9.68
10441,4/24/2023 11:28:00 PM,-9.56
10441,4/24/2023 11:29:00 PM,-9.62
10441,4/24/2023 11:29:00 PM,-9.68
10441,4/24/2023 11:29:00 PM,-9.62
10441,4/24/2023 11:29:00 PM,-9.50
10441,4/24/2023 11:29:00 PM,-9.62
10441,4/24/2023 11:29:00 PM,-9.68
10441,4/24/2023 11:29:00 PM,-9.80
10441,4/24/2023 11:29:00 PM,-9.62
10441,4/24/2023 11:29:00 PM,-9.68
10441,4/24/2023 11:29:00 PM,-9.62
10441,4/24/2023 11:29:00 PM,-9.98
10441,4/24/2023 11:29:00 PM,-9.68
10441,4/24/2023 11:29:00 PM,-10.10
10441,4/24/2023 11:30:00 PM,-9.68
10441,4/24/2023 11:30:00 PM,-9.62
10441,4/24/2023 11:30:00 PM,-9.56
10441,4/24/2023 11:30:00 PM,-9.50
10441,4/24/2023 11:30:00 PM,-10.16
10441,4/24/2023 11:30:00 PM,-9.86
10441,4/24/2023 11:30:00 PM,-9.44
10441,4/24/2023 11:30:00 PM,-9.56
10441,4/24/2023 11:30:00 PM,-9.50
10441,4/24/2023 11:30:00 PM,-9.68
10441,4/24/2023 11:30:00 PM,-9.62
10441,4/24/2023 11:31:00 PM,-9.68
10441,4/24/2023 11:31:00 PM,-9.56
10441,4/24/2023 11:31:00 PM,-9.68
10441,4/24/2023 11:31:00 PM,-9.62
10441,4/24/2023 11:31:00 PM,-9.56
10441,4/24/2023 11:31:00 PM,-9.62
10441,4/24/2023 11:31:00 PM,-9.56
10441,4/24/2023 11:31:00 PM,-9.98
10441,4/24/2023 11:32:00 PM,-9.86
10441,4/24/2023 11:32:00 PM,-9.62
10441,4/24/2023 11:32:00 PM,-9.74
10441,4/24/2023 11:32:00 PM,-9.68
10441,4/24/2023 11:32:00 PM,-9.62
10441,4/24/2023 11:32:00 PM,-9.38
10441,4/24/2023 11:32:00 PM,-9.62
10441,4/24/2023 11:32:00 PM,-9.68
10441,4/24/2023 11:32:00 PM,-9.62
10441,4/24/2023 11:32:00 PM,-9.98
10441,4/24/2023 11:32:00 PM,-9.68
10441,4/24/2023 11:32:00 PM,-9.62
10441,4/24/2023 11:32:00 PM,-9.74
10441,4/24/2023 11:33:00 PM,-9.74
10441,4/24/2023 11:33:00 PM,-9.68
10441,4/24/2023 11:33:00 PM,-9.62
10441,4/24/2023 11:33:00 PM,-9.68
10441,4/24/2023 11:33:00 PM,-9.62
10441,4/24/2023 11:33:00 PM,-9.56
10441,4/24/2023 11:33:00 PM,-9.68
10441,4/24/2023 11:33:00 PM,-9.62
10441,4/24/2023 11:34:00 PM,-9.56
10441,4/24/2023 11:34:00 PM,-9.68
10441,4/24/2023 11:34:00 PM,-9.56
10441,4/24/2023 11:34:00 PM,-9.80
10441,4/24/2023 11:34:00 PM,-9.74
10441,4/24/2023 11:34:00 PM,-9.68
10441,4/24/2023 11:34:00 PM,-9.56
10441,4/24/2023 11:34:00 PM,-9.68
10441,4/24/2023 11:34:00 PM,-9.62
10441,4/24/2023 11:35:00 PM,-9.56
10441,4/24/2023 11:35:00 PM,-9.62
10441,4/24/2023 11:35:00 PM,-9.74
10441,4/24/2023 11:35:00 PM,-9.98
10441,4/24/2023 11:35:00 PM,-9.14
10441,4/24/2023 11:35:00 PM,-9.50
10441,4/24/2023 11:35:00 PM,-9.68
10441,4/24/2023 11:35:00 PM,-9.62
10441,4/24/2023 11:35:00 PM,-9.68
10441,4/24/2023 11:35:00 PM,-9.56
10441,4/24/2023 11:35:00 PM,-9.50
10441,4/24/2023 11:35:00 PM,-9.56
10441,4/24/2023 11:35:00 PM,-9.62
10441,4/24/2023 11:36:00 PM,-9.68
10441,4/24/2023 11:36:00 PM,-9.80
10441,4/24/2023 11:36:00 PM,-9.68
10441,4/24/2023 11:36:00 PM,-9.56
10441,4/24/2023 11:36:00 PM,-9.50
10441,4/24/2023 11:36:00 PM,-9.74
10441,4/24/2023 11:36:00 PM,-9.92
10441,4/24/2023 11:36:00 PM,-9.14
10441,4/24/2023 11:36:00 PM,-9.98
10441,4/24/2023 11:36:00 PM,-9.68
10441,4/24/2023 11:36:00 PM,-9.62
10441,4/24/2023 11:36:00 PM,-9.98
10441,4/24/2023 11:37:00 PM,-9.92
10441,4/24/2023 11:37:00 PM,-9.74
10441,4/24/2023 11:37:00 PM,-9.68
10441,4/24/2023 11:37:00 PM,-9.62
10441,4/24/2023 11:37:00 PM,-9.74
10441,4/24/2023 11:37:00 PM,-9.56
10441,4/24/2023 11:37:00 PM,-9.80
10441,4/24/2023 11:37:00 PM,-9.62
10441,4/24/2023 11:37:00 PM,-9.50
10441,4/24/2023 11:37:00 PM,-9.62
10441,4/24/2023 11:38:00 PM,-9.56
10441,4/24/2023 11:38:00 PM,-9.74
10441,4/24/2023 11:38:00 PM,-9.62
10441,4/24/2023 11:38:00 PM,-9.86
10441,4/24/2023 11:38:00 PM,-9.74
10441,4/24/2023 11:38:00 PM,-9.68
10441,4/24/2023 11:38:00 PM,-9.62
10441,4/24/2023 11:38:00 PM,-9.56
10441,4/24/2023 11:38:00 PM,-9.62
10441,4/24/2023 11:38:00 PM,-9.74
10441,4/24/2023 11:38:00 PM,-9.68
10441,4/24/2023 11:39:00 PM,-9.68
10441,4/24/2023 11:39:00 PM,-9.62
10441,4/24/2023 11:39:00 PM,-9.68
10441,4/24/2023 11:39:00 PM,-9.56
10441,4/24/2023 11:39:00 PM,-9.74
10441,4/24/2023 11:39:00 PM,-9.68
10441,4/24/2023 11:39:00 PM,-9.62
10441,4/24/2023 11:39:00 PM,-9.56
10441,4/24/2023 11:39:00 PM,-9.74
10441,4/24/2023 11:40:00 PM,-9.68
10441,4/24/2023 11:40:00 PM,-9.62
10441,4/24/2023 11:40:00 PM,-9.56
10441,4/24/2023 11:40:00 PM,-9.68
10441,4/24/2023 11:40:00 PM,-9.38
10441,4/24/2023 11:40:00 PM,-9.62
10441,4/24/2023 11:40:00 PM,-9.86
10441,4/24/2023 11:40:00 PM,-10.16
10441,4/24/2023 11:40:00 PM,-9.32
10441,4/24/2023 11:40:00 PM,-9.74
10441,4/24/2023 11:40:00 PM,-9.92
10441,4/24/2023 11:41:00 PM,-9.68
10441,4/24/2023 11:41:00 PM,-9.62
10441,4/24/2023 11:41:00 PM,-9.68
10441,4/24/2023 11:41:00 PM,-9.56
10441,4/24/2023 11:41:00 PM,-9.62
10441,4/24/2023 11:42:00 PM,-9.68
10441,4/24/2023 11:42:00 PM,-9.62
10441,4/24/2023 11:42:00 PM,-9.74
10441,4/24/2023 11:42:00 PM,-9.68
10441,4/24/2023 11:42:00 PM,-9.56
10441,4/24/2023 11:42:00 PM,-9.74
10441,4/24/2023 11:43:00 PM,-9.74
10441,4/24/2023 11:43:00 PM,-9.80
10441,4/24/2023 11:43:00 PM,-9.68
10441,4/24/2023 11:43:00 PM,-9.74
10441,4/24/2023 11:43:00 PM,-9.68
10441,4/24/2023 11:43:00 PM,-9.62
10441,4/24/2023 11:43:00 PM,-9.44
10441,4/24/2023 11:43:00 PM,-9.80
10441,4/24/2023 11:43:00 PM,-9.74
10441,4/24/2023 11:43:00 PM,-9.68
10441,4/24/2023 11:43:00 PM,-9.80
10441,4/24/2023 11:44:00 PM,-9.80
10441,4/24/2023 11:44:00 PM,-9.74
10441,4/24/2023 11:44:00 PM,-9.62
10441,4/24/2023 11:44:00 PM,-9.56
10441,4/24/2023 11:44:00 PM,-9.68
10441,4/24/2023 11:44:00 PM,-9.56
10441,4/24/2023 11:44:00 PM,-9.44
10441,4/24/2023 11:44:00 PM,-9.50
10441,4/24/2023 11:45:00 PM,-9.38
10441,4/24/2023 11:45:00 PM,-9.44
10441,4/24/2023 11:45:00 PM,-9.74
10441,4/24/2023 11:45:00 PM,-9.56
10441,4/24/2023 11:45:00 PM,-9.86
10441,4/24/2023 11:45:00 PM,-9.62
10441,4/24/2023 11:45:00 PM,-9.50
10441,4/24/2023 11:45:00 PM,-9.74
10441,4/24/2023 11:45:00 PM,-9.62
10441,4/24/2023 11:45:00 PM,-9.68
10441,4/24/2023 11:45:00 PM,-9.62
10441,4/24/2023 11:45:00 PM,-9.56
10441,4/24/2023 11:46:00 PM,-9.74
10441,4/24/2023 11:46:00 PM,-9.56
10441,4/24/2023 11:46:00 PM,-9.74
10441,4/24/2023 11:46:00 PM,-9.68
10441,4/24/2023 11:46:00 PM,-9.92
10441,4/24/2023 11:46:00 PM,-9.56
10441,4/24/2023 11:46:00 PM,-9.62
10441,4/24/2023 11:46:00 PM,-9.68
10441,4/24/2023 11:46:00 PM,-9.38
10441,4/24/2023 11:46:00 PM,-9.62
10441,4/24/2023 11:46:00 PM,-9.74
10441,4/24/2023 11:46:00 PM,-9.62
10441,4/24/2023 11:46:00 PM,-9.68
10441,4/24/2023 11:47:00 PM,-9.38
10441,4/24/2023 11:47:00 PM,-9.68
10441,4/24/2023 11:47:00 PM,-9.74
10441,4/24/2023 11:47:00 PM,-9.68
10441,4/24/2023 11:47:00 PM,-9.74
10441,4/24/2023 11:47:00 PM,-9.68
10441,4/24/2023 11:47:00 PM,-9.68
10441,4/24/2023 11:47:00 PM,-9.50
10441,4/24/2023 11:47:00 PM,-9.68
10441,4/24/2023 11:47:00 PM,-9.80
10441,4/24/2023 11:47:00 PM,-9.44
10441,4/24/2023 11:47:00 PM,-9.74
10441,4/24/2023 11:48:00 PM,-9.56
10441,4/24/2023 11:48:00 PM,-9.62
10441,4/24/2023 11:48:00 PM,-9.68
10441,4/24/2023 11:48:00 PM,-9.62
10441,4/24/2023 11:48:00 PM,-9.80
10441,4/24/2023 11:48:00 PM,-9.86
10441,4/24/2023 11:48:00 PM,-9.50
10441,4/24/2023 11:48:00 PM,-9.68
10441,4/24/2023 11:48:00 PM,-9.74
10441,4/24/2023 11:48:00 PM,-9.62
10441,4/24/2023 11:48:00 PM,-10.28
10441,4/24/2023 11:48:00 PM,-9.74
10441,4/24/2023 11:48:00 PM,-9.98
10441,4/24/2023 11:49:00 PM,-9.68
10441,4/24/2023 11:49:00 PM,-9.74
10441,4/24/2023 11:49:00 PM,-9.56
10441,4/24/2023 11:49:00 PM,-9.56
10441,4/24/2023 11:49:00 PM,-9.62
10441,4/24/2023 11:49:00 PM,-9.68
10441,4/24/2023 11:49:00 PM,-9.62
10441,4/24/2023 11:49:00 PM,-9.68
10441,4/24/2023 11:49:00 PM,-9.62
10441,4/24/2023 11:49:00 PM,-9.68
10441,4/24/2023 11:49:00 PM,-9.62
10441,4/24/2023 11:50:00 PM,-9.56
10441,4/24/2023 11:50:00 PM,-9.50
10441,4/24/2023 11:50:00 PM,-9.56
10441,4/24/2023 11:50:00 PM,-9.44
10441,4/24/2023 11:50:00 PM,-9.74
10441,4/24/2023 11:50:00 PM,-9.62
10441,4/24/2023 11:50:00 PM,-9.74
10441,4/24/2023 11:50:00 PM,-9.44
10441,4/24/2023 11:50:00 PM,-9.62
10441,4/24/2023 11:50:00 PM,-9.56
10441,4/24/2023 11:50:00 PM,-9.74
10441,4/24/2023 11:50:00 PM,-9.62
10441,4/24/2023 11:51:00 PM,-9.50
10441,4/24/2023 11:51:00 PM,-9.62
10441,4/24/2023 11:51:00 PM,-9.68
10441,4/24/2023 11:51:00 PM,-9.56
10441,4/24/2023 11:51:00 PM,-9.50
10441,4/24/2023 11:51:00 PM,-9.74
10441,4/24/2023 11:52:00 PM,-9.50
10441,4/24/2023 11:52:00 PM,-9.56
10441,4/24/2023 11:52:00 PM,-9.50
10441,4/24/2023 11:52:00 PM,-9.56
10441,4/24/2023 11:52:00 PM,-9.62
10441,4/24/2023 11:52:00 PM,-9.56
10441,4/24/2023 11:52:00 PM,-9.62
10441,4/24/2023 11:52:00 PM,-9.56
10441,4/24/2023 11:52:00 PM,-9.26
10441,4/24/2023 11:52:00 PM,-9.38
10441,4/24/2023 11:52:00 PM,-9.50
10441,4/24/2023 11:52:00 PM,-9.56
10441,4/24/2023 11:52:00 PM,-9.50
10441,4/24/2023 11:53:00 PM,-9.56
10441,4/24/2023 11:53:00 PM,-9.62
10441,4/24/2023 11:53:00 PM,-9.68
10441,4/24/2023 11:53:00 PM,-9.62
10441,4/24/2023 11:53:00 PM,-9.56
10441,4/24/2023 11:53:00 PM,-9.62
10441,4/24/2023 11:53:00 PM,-9.56
10441,4/24/2023 11:53:00 PM,-9.62
10441,4/24/2023 11:53:00 PM,-9.68
10441,4/24/2023 11:53:00 PM,-9.62
10441,4/24/2023 11:53:00 PM,-9.56
10441,4/24/2023 11:53:00 PM,-9.50
10441,4/24/2023 11:54:00 PM,-9.68
10441,4/24/2023 11:54:00 PM,-9.86
10441,4/24/2023 11:54:00 PM,-9.56
10441,4/24/2023 11:54:00 PM,-9.62
10441,4/24/2023 11:54:00 PM,-9.56
10441,4/24/2023 11:54:00 PM,-9.62
10441,4/24/2023 11:54:00 PM,-9.56
10441,4/24/2023 11:55:00 PM,-9.62
10441,4/24/2023 11:55:00 PM,-9.74
10441,4/24/2023 11:55:00 PM,-9.56
10441,4/24/2023 11:55:00 PM,-9.74
10441,4/24/2023 11:55:00 PM,-9.62
10441,4/24/2023 11:55:00 PM,-9.68
10441,4/24/2023 11:55:00 PM,-9.62
10441,4/24/2023 11:55:00 PM,-9.56
10441,4/24/2023 11:55:00 PM,-9.62
10441,4/24/2023 11:56:00 PM,-9.68
10441,4/24/2023 11:56:00 PM,-9.62
10441,4/24/2023 11:56:00 PM,-9.50
10441,4/24/2023 11:56:00 PM,-9.62
10441,4/24/2023 11:57:00 PM,-9.56
10441,4/24/2023 11:58:00 PM,-9.68
10441,4/24/2023 11:58:00 PM,-9.62
